id,job_name,address,salary_range,company_name,industry,company_size,company_type,job_code,job_detail,update_date,company_detail,job_url
3001,科研人员,西安-雁塔区,2.5-4万·14薪,融域智慧(西安)智能科技有限公司,"人工智能,云计算/大数据,计算机硬件,计算机软件",20-99人,,CCL1410953600J40302448009,【岗位职责】 1. 负责完成有机化学或高分子化学催化机理相关计算； 2. 协助算法专家建立有机反应机器学习模型； 3. 其他计算化学相关研究工作。 【岗位要求】 1. 学历专业：博士，计算化学专业； 2. 工作年限：不限，接受优秀应届生； 3. 工作经验： 有过有机化学或高分子化学相关计算经历。 4. 岗位技能：  至少熟悉一种编程语言 。  有志于将所学落地于化学化工行业的流程改善。  沟通协调能力较强，性格开朗，身体素质好，有一定的抗压能力；职位福利：五险一金、绩效奖金、年终分红、带薪年假、节日福利、周末双休、公司重点项目、项目奖金 ,7月9日,融域智慧是一家新诞生的企业，注册资本1000万元，住在西安高新区软件新城二期。融域智慧针对精细化工及医药研发制造企业的科研、运营、制造方面管理痛点，融合人工智能、大数据、机器学习、工业物联网等多领域技术，为客户提供行业多平台整体解决方案。融域智慧致力于打造精细化工行业和医药行业的智能研发与智能制造系统，着力培养了解熟悉行业的高素质AI专业人才。公司秉承着开放融合的态度，欢迎立志于从事人工智能的你加入！,"https://www.zhaopin.com/jobdetail/CCL1410953600J40302448009.htm?refcode=4019&srccode=401901&preactionid=a7c1140f-c46c-45e5-b867-ab342d8bdc77"
3002,实施工程师,台州-椒江区,8000-16000元,青岛安然物联网科技有限公司,"物联网,物联网",20-99人,未融资,CC559764920J40884194704,岗位职责： 1. 负责石化、化工厂人员定位系统的现场实施、现场交付和技术赋能等工作。 2. 对接客户需求，进行需求调研，制定详细的施工方案和计划。 3. 确保项目按照既定的时间节点和质量要求完成交付。 4. 对已交付的项目进行后期技术支持与维护。 岗位要求： 1. 年龄在25-35岁之间。 2. 能够适应经常出差的工作要求。 3. 熟悉信息化、弱电及工业互联网相关技术。 4. 具备良好的沟通协调能力和问题解决能力。,7月24日,基于精准人员定位的工业安全生产信息化管理专家，安全生产信息化管理引领者！作为全国实时定位技术标准工作组成员和应急管理部“工业互联网+危化安全生产”人员定位系统技术支持机构，安然从2012年起致力于基于ZigBee Plus三维立体按需精准定位的“工业互联网+安全生产”的研究，获得了20多项安全智能管控系统发明专利和著作权，持续引领中国化工行业生产现场智慧安全！安然以“准、稳、狠”的ZigBee Plus三维立体按需精准人员定位统和“底数清、数据准、情况明、研判准、措施实”的安全生产信息化平台为核心，整合访客管理、出入口控制、人脸识别、视频监控、语音广播、重大危险源监控、可燃有毒气体监测等系统，对生产现场人、机、料、法、环五大要素进行实时、动态、智能管控和预警，规范人的安全行为，保障人的生命安全，有效防范风险、主动化解风险，实现智慧安全。安然“以用为本”，把安全生产信息化建设与公司管理体系“深度融合”，把安全生产信息化建设与日常工作“紧密结合”，对安全生产切实“有用、实用、好用”，避免建用“两张皮”，让安全管控更智能，让生产更高效才实用。迄今已服务中石化、中石油、延长石油、国能、兖矿、京能、索普、新安、奇美、昊源、潞安、旭阳、垦利、逸盛、海科、酒钢、金发等几百家石化、化工、选煤、钢铁、电厂企业。安然以客户为中心，以强者为本，抬头乐干，愿意与同道中人联合、链接，携手共建、共用、共享生产安全命运共同体，一起干，一起干，让优秀企业更安全，让优秀企业更高效！,"https://www.zhaopin.com/jobdetail/CC559764920J40884194704.htm?refcode=4019&srccode=401901&preactionid=a7c1140f-c46c-45e5-b867-ab342d8bdc77"
3003,C/C++,上海-青浦区,1.5-3万·14薪,外企德科数字技术有限公司,专业技术服务,10000人以上,,CCL1480117890J40782680605,入职一对一带教，技术菜可培养，有年终奖，线上面试城市选择多 1.学信网可查的本科以上学历，计算机相关专业优先 2.掌握C/C++/Java/Python等其中一种或多种编程语言，熟悉Linux环境下相关开发。 3.对基本数据结构和算法有一定了解，喜欢动手实践。 4.具备良好的问题解决能力，乐于团队写作，热衷新技术，善于总结和分享。 5.有容器领域、分布式系统、Linux内核、数据库引擎开发经验者优先。 6.经验不限，年限越高能力越高薪资越高 7.入职后有培训带教贯穿试用期，试用期不打折 8.六险一金全额缴纳 9.有班车,2025-07-27 00:25:13,外企德科数字技术有限公司是一家2023年新成立的中外合资企业。成立于2023年11月24日，公司定位：专注于为信息技术企业提供人才及数字技术外包解决方案的中外合资企业。它是由中国人力资源服务行业的FESCO（北京国际人力资本集团）与全球人力资源服务领导者The Adecco Group（德科集团）合资成立的。公司主要提供网络技术服务、软件外包服务、计算机系统服务、技术进出口、软件开发等信息技术相关服务。专注于为信息技术企业提供信息技术类人才及数字技术外包解决方案。,"https://www.zhaopin.com/jobdetail/CCL1480117890J40782680605.htm?refcode=4019&srccode=401901&preactionid=a7c1140f-c46c-45e5-b867-ab342d8bdc77"
3004,实施工程师,上海-宝山区,1-2万,信茂科华(上海)信息科技有限公司,人力资源服务,20-99人,,CCL1492998610J40693878306,工作职责：   独立负责给区域内的客户提供专业的产品技术支持   与客户建立良好的关系以带动产品的销售   给客户提供专业的学术支持，帮助医生了解最新的产品知识   开展医生的专业教育会   与市场部和销售部沟通协作确保销售业绩的完成   掌握心脏电生理工作所需的基本的专业知识和产品知识   区域学习的理论知识和简单跟台场景的知识和技能应用   将基本的专业知识和产品知识应用到实际工作场景，提升学员在阵发性房颤、  RVOT PVC 和 AFL 的跟台实践和客户沟通能力。   精通阵发性房颤跟台、产品及客户沟通能力掌握室早和典型房扑的跟台  职位要求/录用条件：   临床/影像/超声专业本科毕业，心脏电生理硕士优先   有医院临床医生背景优先   良好的医学专业英文   能独立完成工作职责，并通过相关知识考试,7月15日,,"https://www.zhaopin.com/jobdetail/CCL1492998610J40693878306.htm?refcode=4019&srccode=401901&preactionid=a7c1140f-c46c-45e5-b867-ab342d8bdc77"
3005,测试工程师,南昌-青山湖区,5000-7000元,天阳科技,"计算机软件,计算机软件",1000-9999人,已上市,CC120408370J40303924908,1.驻场银行科技部门，负责功能测试      2.本科学历（学信网可查）；,7月17日,天阳科技(股票代码：300872)，是全球金融创新服务的重要贡献者，持续赋能中国金融行业数字化转型，为客户提供咨询、金融科技产品、金融IT服务、云计算及运营服务。公司成立于2003年，服务超过300家金融行业客户，覆盖中央银行、政策性银行、国有银行、股份制银行、地方性商业银行、非银行金融机构等，员工人数近7000人，成为激活金融领域创新活力、推动金融科技迈入世界领先水平的重要力量。作为金融行业客户可信赖的合作伙伴，天阳科技凭借丰富的行业经验和端到端的专业服务，在信创、数字化金融、信贷、交易银行、信用卡、零售、营销、风险管理、征信监管等众多领域具备核心竞争力。据赛迪和IDC报告显示，近年来公司在中国银行业IT解决方案市场排名强势崛起，2019年收入及市场占有率综合排名分别位列第四位和第五位，并保持高速增长。同时，前瞻商业和科技趋势，入选2021年度未来银行科技服务商TOP100。天阳科技始终聚焦金融科技领域，加大自主创新力度，在超过100个城市建立本地化、专业化的研发和服务团队，拥有CMMI5级认证、软件测试成熟度模型集成（TMMi）3级认证、ISO9001质量管理体系认证、ISO20000信息技术服务管理体系认证、IS027001信息安全管理体系认证。通过部署人工智能、云计算、大数据、移动互联网、分布式计算和区块链等先进金融科技，公司致力于构建安全可控、普惠民生、开放共赢格局，在关键技术领域服务现代化金融发展大局，更好地为各利益相关方创造更大价值，为大中企业、小微企业以及每个个体提供优质金融服务。,"https://www.zhaopin.com/jobdetail/CC120408370J40303924908.htm?refcode=4019&srccode=401901&preactionid=a7c1140f-c46c-45e5-b867-ab342d8bdc77"
3006,前端开发,天津-和平区,1.1-1.2万,杭州速客网络服务有限公司,IT服务,20-99人,,CC635221330J40798119805,岗位内容： 1. 负责开发和维护前端系统和模块，确保其运行稳定可靠 2. 编写高效、清晰、易于维护的代码 3. 协调需求，与其他团队成员进行有效沟通和协作 任职要求： 1. 熟练掌握HTML、CSS和JavaScript，熟悉主流前端框架 2. 具备扎实的编程基础，良好的代码风格，注重代码品质 3. 擅长和团队合作，具备很好的沟通和协调能力,7月29日,,"https://www.zhaopin.com/jobdetail/CC635221330J40798119805.htm?refcode=4019&srccode=401901&preactionid=a7c1140f-c46c-45e5-b867-ab342d8bdc77"
3007,Java,东莞-None,1.4-2.8万·14薪,外企德科数字技术有限公司,专业技术服务,10000人以上,,CCL1480117890J40786243405,岗位要求： 1、扎实的编程能力，熟悉算法和数据结构；熟悉计算机的基础理论；  2、熟练使用java/c/c++/python/js其中一种语言，掌握Spring相关生态开源框架，熟悉MySql、MQ、Redis、SpringCloud等，熟悉事务、缓存、消息、负载均衡等；  3、熟悉Linux开发环境；  4、具有大规模高并发云服务设计和开发经验优先；  5、有微服务、容器相关开发经验优先。  任职要求：  1、扎实的编程能力，熟悉算法和数据结构；熟悉计算机的基础理论；  2、软件基础扎实，熟悉掌握但是不限于Java/Js/C/C++/Python/Go/JS等编程语言，有良好的编程习惯。  3、 具备独立工作能力和独立解决问题的能力，善于沟通，乐于协作，热衷于新技术，善于总结分享，喜欢动手实践。,2025-07-27 00:25:28,外企德科数字技术有限公司是一家2023年新成立的中外合资企业。成立于2023年11月24日，公司定位：专注于为信息技术企业提供人才及数字技术外包解决方案的中外合资企业。它是由中国人力资源服务行业的FESCO（北京国际人力资本集团）与全球人力资源服务领导者The Adecco Group（德科集团）合资成立的。公司主要提供网络技术服务、软件外包服务、计算机系统服务、技术进出口、软件开发等信息技术相关服务。专注于为信息技术企业提供信息技术类人才及数字技术外包解决方案。,"https://www.zhaopin.com/jobdetail/CCL1480117890J40786243405.htm?refcode=4019&srccode=401901&preactionid=a7c1140f-c46c-45e5-b867-ab342d8bdc77"
3008,测试工程师,西安-未央区,7000-10000元,陕西卓阳正通信息科技有限公司,"通信/网络设备,电气机械/电力设备,工业自动化,工程施工",300-499人,B轮,CCL1493260380J40774294212,岗位内容： 1. 执行硬件测试任务，并维护测试数据和文档； 2. 跟进测试过程中发现的问题，协助解决硬件缺陷； 3. 收集硬件测试需求，推动测试工具和方法的改进。 任职要求：  1.大专及以上学历；   2. 善于沟通和协作，具有良好的团队合作精神；   3. 具备较强的学习和自我提升意愿，能够快速适应新环境和新技术。,5月16日,公司成立于2019年，是一家充满活力与创新精神的科技企业。公司总部坐落于西安，在信息科技领域崭露头角。公司技术团队成员具备丰富的行业经验和扎实的专业知识，其中不乏来自知名科技企业的精英。他们不断追求技术创新，定期参加各类技术培训和学术交流活动，确保公司在技术领域始终保持前沿地位。我们投入大量资源用于技术研发，拥有自主研发的软件框架和算法模型，这些技术成果在提升产品质量和服务效率方面发挥了关键作用。同时，与多所高校和科研机构建立了合作关系，共同开展科研项目，促进产学研的深度融合。我们的目标是成为信息科技领域的领军企业，通过持续的技术创新和优质的服务，为客户创造更大的价值，推动行业的进步与发展，在全球信息化浪潮中发挥重要作用。,"https://www.zhaopin.com/jobdetail/CCL1493260380J40774294212.htm?refcode=4019&srccode=401901&preactionid=a7c1140f-c46c-45e5-b867-ab342d8bdc77"
3009,Java,大连-沙河口区,2.2-4万·14薪,株式会社GSD,"计算机软件,专业技术服务,IT服务,人力资源服务",100-299人,未融资,CC293515380J40756300411,本年（2025年）8月，日本上市公司来连，本地线下招聘赴日IT技术者，Java、C、Python、IT项目管理者、PMO、SAP等 要求： 日语可以应对日本人全程日语面试 至少任意一门得意技术，或者擅长的领域 现场面试：面试通过双方达成意向可现场签约,7月10日,株式会社GSD是一家引进先进成熟的技术经验，整合中日人才资源，在人才介绍、派遣等方面为企业提供全方位的人力资源解决方案，致力于打造高品质的技术型外包服务企业，做客户信赖的技术支持伙伴，全心全意为客户提供一站式的服务的公司。株式会社GSD成立于2015年，公司设在东京文京区。以软件开发、软件委托开发和互联网服务为主要业务的高科技企业，主要擅长基于互联网的各种应用项目的开发，尤其在金融领域(银行、证券、保险）商业、物流等领域，拥有一批经验丰富的工程师队伍活跃在开发前线。公司自成立以来发展迅速，凭借一流的开发技术与管理经验，与日本多家企业建立了密切的合作关系。并且，获得了客户的一致好评。本公司提倡以人为本的经营理念，在工作中坚持提高人、培养人、尊重人、为了人的用人原则，努力创造相互信赖、团结的职场氛围。现诚招有识之士加盟我们，我们愿为您提供优厚的待遇和施展才华的空间，欢迎加入GSD与我们携手共同发展。,"https://www.zhaopin.com/jobdetail/CC293515380J40756300411.htm?refcode=4019&srccode=401901&preactionid=a7c1140f-c46c-45e5-b867-ab342d8bdc77"
3010,Java,长沙-岳麓区,1.2-2.4万·14薪,外企德科数字技术有限公司,专业技术服务,10000人以上,,CCL1480117890J40789650905,职位描述 1、熟练掌握Java、python、C/C++等主流开发语言的一种，掌握常见的数据结构、了解软件工程、敏捷开发等知识，熟悉常用设计模式； 2、了解主流数据库技术，至少精通mysql、postgresql等主流数据库技术中的一种；有SQL语句调优经验，并在中大型项目中实际应用者优先； 3、熟悉spring boot，mybatis或flask等常用框架； 4、了解分布式系统原理；熟悉ElasticSearch、Redis、mongodb、kafka等一种或多种中间件，并实际应用中有相关经验者优先,2025-07-27 00:25:43,外企德科数字技术有限公司是一家2023年新成立的中外合资企业。成立于2023年11月24日，公司定位：专注于为信息技术企业提供人才及数字技术外包解决方案的中外合资企业。它是由中国人力资源服务行业的FESCO（北京国际人力资本集团）与全球人力资源服务领导者The Adecco Group（德科集团）合资成立的。公司主要提供网络技术服务、软件外包服务、计算机系统服务、技术进出口、软件开发等信息技术相关服务。专注于为信息技术企业提供信息技术类人才及数字技术外包解决方案。,"https://www.zhaopin.com/jobdetail/CCL1480117890J40789650905.htm?refcode=4019&srccode=401901&preactionid=a7c1140f-c46c-45e5-b867-ab342d8bdc77"
3011,实施工程师,沈阳-浑南区,8000-14000元,青岛安然物联网科技有限公司,"物联网,物联网",20-99人,未融资,CC559764920J40823826504,需要弱电技术、自动化、安防系统、工业互联网+危化安全生产、物联网人才，不要纯软件人才。  你能经常到全国各地出差吗？你能到工业生产现场生产现场做技术支持吗？   真正的奋斗者在安然会有让人值得为之奋斗的事业，会有充实、高效的成长，会有高人一等的收入。   你能做好售前技术支持、根据客户需求，高效制作方案吗？你能做好售中技术支持、指导他人正确安装、部署、调试系统向用户保质保量快速交付吗？你能做好售后维护，高效沟通和落实客户需求吗？   迄今已服务中石化、中石油、延长石油、国能、兖矿、京能、索普、新安、奇美、昊源、潞安、旭阳、垦利、逸盛、海科、酒钢、金发等几百家石化、化工、选煤、钢铁、电厂企业。    安然以客户为中心，以强者为本，抬头乐干，愿意与同道中人联合、链接，携手共建、共用、共享生产安全命运共同体，一起干，一起干，让优秀企业更安全，让优秀企业更高效！,2月12日,基于精准人员定位的工业安全生产信息化管理专家，安全生产信息化管理引领者！作为全国实时定位技术标准工作组成员和应急管理部“工业互联网+危化安全生产”人员定位系统技术支持机构，安然从2012年起致力于基于ZigBee Plus三维立体按需精准定位的“工业互联网+安全生产”的研究，获得了20多项安全智能管控系统发明专利和著作权，持续引领中国化工行业生产现场智慧安全！安然以“准、稳、狠”的ZigBee Plus三维立体按需精准人员定位统和“底数清、数据准、情况明、研判准、措施实”的安全生产信息化平台为核心，整合访客管理、出入口控制、人脸识别、视频监控、语音广播、重大危险源监控、可燃有毒气体监测等系统，对生产现场人、机、料、法、环五大要素进行实时、动态、智能管控和预警，规范人的安全行为，保障人的生命安全，有效防范风险、主动化解风险，实现智慧安全。安然“以用为本”，把安全生产信息化建设与公司管理体系“深度融合”，把安全生产信息化建设与日常工作“紧密结合”，对安全生产切实“有用、实用、好用”，避免建用“两张皮”，让安全管控更智能，让生产更高效才实用。迄今已服务中石化、中石油、延长石油、国能、兖矿、京能、索普、新安、奇美、昊源、潞安、旭阳、垦利、逸盛、海科、酒钢、金发等几百家石化、化工、选煤、钢铁、电厂企业。安然以客户为中心，以强者为本，抬头乐干，愿意与同道中人联合、链接，携手共建、共用、共享生产安全命运共同体，一起干，一起干，让优秀企业更安全，让优秀企业更高效！,"https://www.zhaopin.com/jobdetail/CC559764920J40823826504.htm?refcode=4019&srccode=401901&preactionid=a7c1140f-c46c-45e5-b867-ab342d8bdc77"
3012,Java,杭州-西湖区,6000-8000元,上海学获帮教育科技有限公司,培训/辅导服务,20-99人,未融资,CCL1495534810J40770090914,岗位内容： 1. 开发高质量的Java应用程序，保证代码的可读性、可维护性、可扩展性和性能。 2. 参与需求分析、系统设计和开发计划的制定。 3. 能够快速识别问题并提供有效的解决方案。 4. 与产品和测试团队紧密合作，确保产品质量符合用户期望。 任职要求： 1. 精通Java编程语言和Spring框架，有大型项目开发经验。 2. 拥有扎实的计算机基础，熟练掌握面向对象编程思想和设计模式。 3. 熟练使用常见的Web容器和数据库（如Tomcat、MySQL）。 4. 熟悉敏捷开发流程，具备优秀的沟通和协调能力。,7月23日,上海学获帮教育科技有限公司上海学获帮教育科技有限公司成立于2024年04月01日，注册地位于上海市松江区叶榭镇叶旺公路1号1楼，法定代表人为苏峰。经营范围包括一般项目：技术服务、技术开发、技术咨询、技术交流、技术转让、技术推广；组织文化艺术交流活动；体育赛事策划；组织体育表演活动；信息咨询服务（不含许可类信息咨询服务）。（除依法须经批准的项目外，凭营业执照依法自主开展经营活动）,"https://www.zhaopin.com/jobdetail/CCL1495534810J40770090914.htm?refcode=4019&srccode=401901&preactionid=a7c1140f-c46c-45e5-b867-ab342d8bdc77"
3013,Java,广州-越秀区,8000-12000元,东营玖沐光年数字科技有限公司,人工智能,100-299人,未融资,CCL1483578820J40764876710,岗位内容： 1. 设计、开发并维护Java应用程序。 2. 解决各种技术难题，保证代码的可靠性、高效性和安全性。 3. 参与软件设计的讨论和计划制定。 4. 与其他团队成员协作工作，提高团队整体技术水平。 任职要求： 1. 熟悉Java语言及相关技术，熟悉Spring框架。 2. 具有扎实的编程基础和良好的面向对象编程思想。 3. 对常见数据库如MySQL、Oracle等有一定的了解和应用经验。 4. 对Web开发技术有深入理解，熟悉前端技术如HTML、CSS、JavaScript等。,7月25日,"东营玖沐光年数字科技有限公司位于山东省东营市，致力于为多领域客户提供数字文化创意软件开发、人工智能应用开发及大数据技术服务，业务涵盖软件开发、系统集成、数据处理支持等核心领域，同时延伸至数字内容制作、物联网技术研发等创新方向。公司凭借聚焦于技术开发与场景落地的业务布局，形成以数字技术驱动的新型解决方案服务体系。在技术实力方面，公司深耕人工智能算法开发与数字文化创意技术的融合创新，覆盖基础软件开发至行业应用落地的全链路服务，并依托专业的研发团队提供定制化系统集成服务。其业务涉及前端开发、测试运维等多个技术模块，通过数字技术与文化创意、商业服务的交叉应用构建服务矩阵。成立至今，公司已初步建立覆盖技术研发、产品运营、市场落地的复合型团队。企业注重技术与服务的场景化创新，坚持""技术驱动服务、创意赋能价值""的发展理念，逐步构建开放协作的企业文化。随着数字经济领域的深入拓展，公司正积极探索人工智能与行业应用的深度融合方向，持续强化技术创新与服务能力，为各行业数字化转型提供技术支撑与实践经验。","https://www.zhaopin.com/jobdetail/CCL1483578820J40764876710.htm?refcode=4019&srccode=401901&preactionid=a7c1140f-c46c-45e5-b867-ab342d8bdc77"
3014,软件测试,中山-None,8000-10000元,重庆科满福人力资源服务有限公司,企业服务,20-99人,,CCL1487604860J40935934804,【岗位职责】： 1、软件测试岗位职责  2、接受测试任务，进行需求分析 3、按照测试计划搭建测试环境，并保证测试环境的可靠性 4、按照测试计划编亏测试用例，保证测试用例合理有效 5、按照测试用例执行测试，及时发现缺陷，并使用工具进行管理缺陷 6、编写和提交测试报告，保证测试进度按计划完成 7、参与审核其他测试工程师的测试用例和报告 8、学习公司已有方案和推广使用新的测试技术和工具 ,7月26日,,"https://www.zhaopin.com/jobdetail/CCL1487604860J40935934804.htm?refcode=4019&srccode=401901&preactionid=a7c1140f-c46c-45e5-b867-ab342d8bdc77"
3015,Java,长沙-芙蓉区,80-150元/天,北京久其软件股份有限公司,"IT服务,计算机软件",1000-9999人,已上市,CC000137420J40736166009,岗位职责： 1、负责后端核心模块代码的编写、后端功能模块的开发； 2、完成复杂功能模块设计、开发、疑难技术解决; 3、完成系统工程化相关文档的编写工作； 4、配合前端开发完成前后端对接和功能联调，配合测试人员完成系统测试及改进工作； 5、对新技术进行学习和深入研究。 任职要求： 1、2025届统招计算机相关本科及以上学历； 2、具有高并发、缓存、消息通知、分布式、组件平台的开发经验； 3、熟悉 java 开发，springBoot、springCloud微服务架构； 4、掌握Oracle等主流数据的数据库的设计、管理和数据库开发； 5、有过财务管理信息化系统相关产品及行业经验者优先； 6、具备强烈的责任心、创新能力、逻辑思路清晰；良好的团队合作精神和沟通交流能力，做事积极、主动，能承受工作压力。,5月20日,北京久其软件股份有限公司是专业的管理软件供应商和聚焦B2B2C的大数据综合服务提供商。我们在电子政务、集团管控、数字传播领域为客户提供有竞争力、安全可信赖的产品，并借助长期积累的技术、数据、传播与生态体系，致力于以行业解决方案和全产业链的服务为客户赋能。 1997年，久其品牌创建于北京中关村，2009年，久其软件于深圳证券交易所上市（股票代码：002279）。目前，久其已建立以北京总部为核心、辐射全国的集咨询、规划、建设、运维、服务等综合能力于一体的服务网络，拥有完善的品牌体系，旗下有华夏电通、久其数字传播、雄安久其数字科技、海南久其研究院等十余家公司。久其的用户遍布国家机关、企事业单位和社会团体，与近60个中央部门和80余家中央企业集团建立了长期合作关系。2006年至今，久其连续多年被认定为“国家规划布局内重点软件企业”，并荣获“中国大数据企业50强”（2016-2019）、“2019中国软件和信息技术服务综合竞争力百强企业”、“北京软件和信息服务业综合实力百强企业”（2016-2019）、“中国软件和信息服务业·十大领军企业”（2016-2019）、“2018中国软件和信息技术服务综合竞争力百强”、“2017中国大数据财政领域大数据最佳解决方案”、“2017中国大数据十佳解决方案（财政大数据解决方案）”等荣誉，是中国大数据产业生态联盟副理事长单位、财经大数据专业委员会主任委员单位，拥有信息系统集成及服务一级、信息安全服务一级等多项专业资质，是行业内较早获得CMMI 5的企业之一。久其软件以战略化咨询、平台化技术、精细化产品、专业化服务和丰富的业务积累与项目经验，不断创新解决方案和服务模式。久其研发设计开发的系列报表平台、软件开发平台、大数据平台、数字传播平台、智能应用平台及形成的系列产品，已在财政、国资、统计、民政、交通、通信等多个领域发挥着重要作用。久其的政府管理与服务解决方案(GMS)、企业集团管控解决方案(GMC)及久其大数据等解决方案，正在为数百万用户提供系统专业的信息化服务。久其软件围绕“情”字稳健构筑企业文化，全面倡导“尊重人才、重用人才、善待人才”的人才观念、“简单、规范、高效、创新”的价值观以及“身体健康、心理健康、知识共享、富足自强”的人生追求，具有成熟的企业文化体系。设立久其人俱乐部、度假公寓、创新奖励基金、文体社团、久其云学堂等不断强化员工关怀与员工发展，将实施员工创业基金扶持、打造创业孵化基地纳入发展规划，积极参与社会公益，用实际行动履行企业责任。未来，久其将成为一家跨行业、集团化、国际化的专业公司，拥有多级事业合伙人的平台公司，履行社会责任、受人尊敬的良知公司，受员工爱戴的幸福公司。我们将不忘初心，共赢未来。,"https://www.zhaopin.com/jobdetail/CC000137420J40736166009.htm?refcode=4019&srccode=401901&preactionid=a7c1140f-c46c-45e5-b867-ab342d8bdc77"
3016,实施工程师,济宁-任城区,5000-10000元,东华医为科技有限公司,"IT服务,IT服务",1000-9999人,未融资,CC649781480J40141775705,工作内容 大型医院医疗信息系统实施工作： 1、根据合同内容与医院项目实施团队共同编制项目实施计划； 2、按照实施计划组织公司各方面资源，完成项目实施的各项工作（数据准备、需求调研、培训等）； 4、定期检查项目实施进展，及时向医院项目管理层和公司管理部门报告项目实施各项 工作的状态、取得的成果和存在的问题； 5、作为公司的全权代表负责与医院的沟通； 6、组织进行项目的验收工作。 7、系统稳定后进行系统运维。 要求： 1、学习能力强，能较快掌握和应用新技术； 2、具备较好的独立解决问题的能力； 3、有较强的适应能力、吃苦耐劳、能担重任； 4、工作敬业，责任心强，能够按照规定的工作流程开展工作； 5、积极主动，发现问题及时提出意见和建议； 6、善于沟通，有较好的表达能力和职业素质； 7、有团队协作精神，能够与各方面的领导和同事融洽合作； 8、有一定的编程基础，至少会Java、VB、VC、C、Delphi之一种计算机语言； 9、有过学生干部经历或管理经验都优先； 职位福利：五险一金、包住、加班补助、绩效奖金、周末双休、带薪年假、补充医疗保险、餐补 职位亮点：包住，有非常好的医疗资源,2025-07-27 00:26:25,东华医为科技有限公司（简称东华医为）成立于2012年5月，注册资金5000万，是东华软件股份公司旗下专业服务医疗、卫生等大健康领域IT业务的全资子公司。东华医为现有员工2000余人，其中技术人员占比达到90%，拥有近100项大健康类自主知识产权的软件产品，所覆盖的大健康领域有医疗机构、卫生管理机构、互联网医疗、人工智能、大数据、健康管理等，所涉及的主要业务有IT咨询规划、方案设计、系统集成、软件开发与交付、工程实施与交付、人才培养、售后运维、合作运营等。东华医为现为全国500余家大健康领域的各类用户提供着持续的技术服务，还连续多年蝉联中国十佳医疗行业解决方案商榜首。传承了东华软件医疗卫生事业部近二十年IT业务的东华医为，在高速发展的大健康领域，笃定能大有作为。,"https://www.zhaopin.com/jobdetail/CC649781480J40141775705.htm?refcode=4019&srccode=401901&preactionid=a7c1140f-c46c-45e5-b867-ab342d8bdc77"
3017,前端开发,济南-历城区,3000-4000元,四川食铁兽业财信息技术有限公司山东分公司,计算机软件,20人以下,不需要融资,CCL1489289260J40726107109,岗位要求：,5月21日,四川食铁兽业财信息技术有限公司（简称：食铁兽）于2023年在四川成都创立，锚定业财软件领域，开启了创新发展的征程。食铁兽作为好快计财税集团旗下的核心企业，依托集团30余年在财税服务领域沉淀的深厚底蕴，我们在行业内迅速崛起，展现出强大的发展潜力。好快计财税集团在四川财税服务行业稳坐前三甲，拥有一支由多位资深财务专家组成的专业团队。凭借深厚的行业积累，集团为各类企业量身定制一站式财税解决方案，构筑起了庞大且稳健的服务网络，在业内声誉卓著。食铁兽传承了好快计集团的专业基因，积极投身于技术创新的浪潮，在济南设立了高标准的研发中心，专注于业财软件的研发。研发中心由深耕计算机领域30年的技术大牛以及业财领域专家带队，打造了一套功能全面、操作便捷的业财一体化管理系统。实现了业务数据与财务数据的实时互通，显著提升了财务管理效率，降低运营成本。在公司文化与福利上，食铁兽研发中心秉持开放共赢的理念，打造轻松自由的办公环境。新人入职即可得到技术大牛和业财专家的言传身教，快速积累实战经验，将理论知识转化为实际工作能力。公司还提供高于行业平均水平的薪资待遇、完善的培训晋升机制，助力员工快速成长为业财软件领域的复合型人才。,"https://www.zhaopin.com/jobdetail/CCL1489289260J40726107109.htm?refcode=4019&srccode=401901&preactionid=a7c1140f-c46c-45e5-b867-ab342d8bdc77"
3018,前端开发,青岛-崂山区,6000-10000元,青岛数字时间文化科技有限公司,互联网,20-99人,,CCL1242546040J40780082102,1.负责前/后端开发工作，与设计师或用户沟通协作，调试数据接口； 2.负责产品体验、性能改进和Web界面技术优化； 不断总结、优化代码和架构，持续的优化前端体验、页面响应速度和浏览器兼容性等； 3.具有移动端项目或电商、数据管理等项目开发经验； 4.精通HTML5、CSS3和JavaScript语言； 5.精通php、java语言，熟悉python语言优先。 6.熟练Vue、React等主流前端框架，有小程序项目经验； 7.熟悉HTML，CSS等页面知识，熟练应用JS，Ajax等Web相关技术； 8.熟悉基于php和java主流开源框架并能进行二次开发；,7月25日,青岛数字时间文化科技有限公司（简称“数字时间”）为中国山东省首家A股上市文化传媒企业——城市传媒（600229）旗下互联网文化科技公司，诞生在国际虚拟现实产业之都青岛市崂山区，致力于成为国际领先的数字内容生产商与数字版权运营商。数字时间拥有中国国内领先的数字媒体技术应用和数字产品研发能力，依托出版行业丰富的教育、阅读版权资源，形成VR/AR/裸眼3D数字教育产品、数字媒体（影片）制作、智能硬件设备、数字内容版权运营四个核心业务板块。,"https://www.zhaopin.com/jobdetail/CCL1242546040J40780082102.htm?refcode=4019&srccode=401901&preactionid=a7c1140f-c46c-45e5-b867-ab342d8bdc77"
3019,科研人员,沈阳-铁西区,5000-10000元,沈阳中科腐蚀控制工程技术有限公司,"学术/科研,专业技术服务",20-99人,未融资,CC131919580J40736819715,岗位职责： 主要从事材料腐蚀与防护、核环保（有电化学去污、有机废液无机化处理、超临界水氧化、供热管网的LJF系列水处理药剂、油气田专用缓蚀剂、PCCP阴极保护工程）方向的科研工作，主要包括室内试验操作、各类报告材料编写及汇报材料制作、现场技术服务等。 任职要求： 1、材料腐蚀与防护、电化学、材料学、核环保等相关专业，有工作经验直接上岗； 2、有较强的文字资料写作能力和表达能力，善于沟通，有较强的英语听说能力及计算机能力，能够熟练使用常用办公软件； 3、有良好的团队合作意识； 4、身体健康，能承受一定的工作强度。 5、领导交办的其他工作。 6、具备良好的职业素养、责任心强、作风严谨，服从公司安排、高度的团队责任感。 7、有良好的沟通和人际交往能力，组织协调能力和承压能力。 8、研究生学历、（本科学历工作经验丰富也可） 薪资待遇： 1、签订正式劳动合同、公司提供五险一金； 2、免费班车（十三号街地铁口接送）夏季工作时间：7:30--17:00。 3、午餐。 4、周休一天，国家法定节假日正常休息。,10月28日,沈阳中科腐蚀控制工程技术有限公司于2011年06月27日注册成立，注册资本柒仟万元人民币，位于沈阳经济技术开发区细河八北街36号甲。 2014年11月公司成功申报了“辽宁省石油化工腐蚀与安全工程实验室”，该实验室主要从事石油化工行业金属腐蚀与防护技术的研发及推广应用。 2015年6月公司建立了“辽宁省核环保与核设施退役工程技术研究中心”，该中心主要从事核设施去污和核三废处理的技术研发和技术服务等工作。 2015年9月公司科研部被沈阳市经信委认定为“市级企业技术中心”，并于2016年8月被辽宁省经信委认定为“省级企业技术中心”。公司技术与产品 1、供热主管网全生命周期腐蚀控制技术及产品公司的团队成员包括国内最早研究供热管网腐蚀与防护技术的首席专家。自主研发的LJF-34和LJF-24软化水缓蚀剂在烟台500供热有限公司、临沂蓝天热力有限公司、沈阳惠天热电股份有限公司等大型供热企业连续应用了10-16年以上。其中临沂蓝天热力有限公司主管网在运行期和停用期连续使用LJF-34软化水缓蚀剂13年，在改造及检修期间多次割管检查，管网内壁未见任何腐蚀、未有减薄，管壁光滑均匀，实现了供热主管网在运行期和停用期全生命周期的腐蚀保护。该缓蚀剂填补了我国在供热主管网腐蚀控制方面的空白，达到了国际先进水平，是一项真正实现供热主管网全生命周期腐蚀控制的先进技术。 2、石油化工领域的腐蚀与防护技术及产品公司在腐蚀与防护领域拥有一支经验丰富的技术团队，与中国石油塔里木油田分公司、中国石化西北油田分公司、中石化东北油气分公司长期合作并承担油田多项防腐蚀科研项目，为各大油田现场采集输系统的腐蚀与防护做了大量的研发工作。通过科研项目的研究，对油田苛刻腐蚀环境下碳钢、不锈钢等金属材料的腐蚀机理及规律都有了深入的认识，为解决油气田的腐蚀问题打下了坚实的基础。技术团队研发的IMC系列油田专用缓蚀剂，已在国内各大油田广泛应用。在现有系列缓蚀剂产品研发的基础上，又研发出了能够适用于我国陆地“三超”气井苛刻环境下的高性能高温酸化缓蚀剂，形成了具有自主知识产权的产品及生产工艺，为我国石油等产业的开发及安全运行提供重要的保障和支持。未来，公司将大力拓展石油化工、电力、水利等行业腐蚀防护的相关业务，为构建我国和谐、安全、清洁、可持续发展的现代能源体系提供保障。 3、核环保领域的核设施去污与核三废处理技术与产品公司在核环保领域拥有一支勇于创新的技术团队，先后成功研制了IMC系列核污染去污剂、超声波-电化学联合去污装备以及反应堆一回路放射性污染去污装备等。 IMC系列核污染去污剂包含IMC-03（退役）和IMC-05（在役）两类产品。目前已成功应用于核设施的去污工作。该系列去污剂具有优良的去污活性、较强的渗透性和去污能力，并且易溶于水、无刺激性气味。同时，去污剂中添加有高效缓蚀剂，使其在清洗金属污染表面时不腐蚀金属，目前国内无可替代产品。核设施超声电化学放射性污染去污装备属于国内首创，具有二次废物产生量少，去污效率高，被去污工件表面电流密度分布均匀等特点，填补了我国超声电化学去污装置方面的空白。反应堆一回路放射性污染去污装备是国内第一台一回路循环去污工艺验证装置，具有较高的去污效率，填补了我国一回路化学循环去污装置方面空白。 4、管道阴极保护技术公司聘请了国内研究管道阴极保护技术的顶级专家，为公司提供相关技术支撑，在专家的技术指导下，技术团队在外加电流阴极保护和牺牲阳极阴极保护技术的推广及应用方面开展了大量工作，积累了丰富的工作经验。三、战略合作沈阳中科腐蚀控制工程技术有限公司长期与中国科学院金属研究所、中国工程物理研究院、吉林大学、东北大学、沈阳理工大学、远大集团、沈鼓集团、辽宁省石油化工规划设计院等科研院所、高等院校和企业开展了全面合作和技术交流。我公司与科研院所、高等院校和企业开展共建重点实验室和技术研究中心，推进了企业技术创新，提升了产业整体技术水平，加快了科技产业发展、创新载体建设及科技人才集聚，全面推进了高新技术产业发展，并在科技成果转化方面取得了重大突破。,"https://www.zhaopin.com/jobdetail/CC131919580J40736819715.htm?refcode=4019&srccode=401901&preactionid=a7c1140f-c46c-45e5-b867-ab342d8bdc77"
3020,C/C++,北京-None,8000-12000元,北京天正软件股份有限公司,"计算机软件,房地产开发",100-299人,未融资,CC407130113J00235235812,"职位描述：  主要承担研究开发产品等工作。   岗位要求：  1、计算机相关专业毕业，本科以上学历。 2、熟悉掌握VC++6.0及以上版本。 3、熟悉掌握MFC,STL,BOOST库。 4、了解计算机基本算法。 5、了解图形算法优先。 6、了解AutoCAD开发者优先。  7、具有团队合作精神。 职位福利：五险一金、定期体检、带薪年假、绩效奖金、员工旅游、节日福利、周末双休 ",6月23日,天正公司专注于工程设计行业，经过20年的发展形成了以建筑为龙头包括暖通、给排水、电气、结构、日照、光环境、节能、道路、管线、交通、规划、景观、土方、太阳能、造价等专业CAD软件以及协同设计管理平台。产品、服务覆盖全国，软件使用者超过百万，全国勘察设计行业500强的公司均采用天正公司推出的产品解决方案。天正公司自成立以来，极大地提高了工程行业的设计效率，为中国建筑设计行业创造出数以千亿计的社会价值，主持了“国家十一五科技支撑计划”子课题，并参与了建筑有关方面5个国家级标准的编制，被中关村园区认定为“高新技术企业”。持续发展的天正公司欢迎您，希望您在众多的竞争者中脱颖而出，成功加入天正公司，伴随公司共同成长。人才是企业最可贵的资源，天正公司真诚地欢迎有热情、有追求的人才聚集在天正，共同迎接挑战，共同成长，最大程度实现共赢！我们将为你提供——对内公平对外有竞争力的薪酬体系完善的保险和福利◇社会保险：包括养老保险、失业保险、工伤保险、生育及医疗保险；◇商业保险：补充医疗险、人身意外伤害综合险；◇住房公积金；◇午餐补助、加班餐费补助；◇年度健康体检；合理的工作时间及假期◇标准工作制，周一至周五工作，中午至少1小时休息时间◇享受所有法定的假期◇逐步增幅的年休假体制完善的培训体系培训课题包括：◇新员工入职培训◇公司内部技术交流培训◇外部培训网站：http://www.tangent.com.cn邮箱：hr@tangent.com.cn,"https://www.zhaopin.com/jobdetail/CC407130113J00235235812.htm?refcode=4019&srccode=401901&preactionid=a7c1140f-c46c-45e5-b867-ab342d8bdc77"
3021,实施工程师,上海-静安区,6000-8000元,岱特智能科技（上海）有限公司,计算机软件,20-99人,不需要融资,CC818989300J40804764313,1.工作职责 1.1参与血液透析软件现场需求调研、部署实施及用户培训，完成数据清洗迁移与文档编写，掌握产品实施全流程。  1.2负责全国医院客户售后技术支持，响应软件故障处理需求，协调资源解决数据库、系统部署等问题。  1.3管理客户需求反馈与变更，结合实施经验优化售后方案，编写标准化故障处理指南，协同研发推动产品迭代。  1.4适应高频出差，在项目现场承担客户沟通与资源协调，确保软件交付验收与临床业务连续性。 2.任职要求 技术能力 计算机相关专业本科及以上学历，熟悉 ASTM、HL7、DICOM 等医疗标准化协议，掌握 MySQL/Redis 数据库及 SQL 语句。 具备 Linux、VMware 操作经验，了解 RDS、ECS 等云服务架构，能使用 Markdown 编写技术文档。 软技能 优秀的客户服务意识与跨团队沟通能力，可独立分析解决问题，适应高频出差（覆盖全国医院项目）。 具备高抗压能力与团队协作精神，能在售后压力场景中保持服务质量。 3.优先条件 拥有 PM、DBA 或系统集成资质，熟悉 RS232/RS485 通讯协议，或具备 ISO/IEC27001 体系内审员资格。 4.职场信息 工作地点：上海 / 徐州 福利体系：弹性工作时间、单休制、五险一金，非初创企业平台（全国超 50 家医院客户）。 岗位特性：非外派、非外包,7月25日,岱特智能科技（上海）有限公司是专业为医疗领域提供信息化解决方案的信息技术服务供应商，以医疗物联网和医疗数据服务为核心业务，构建互联网+医疗的信息交互平台，为医疗领域的用户提供数字化解决方案。基于公司多年来在医疗、尤其在医院信息化建设方面的浸润，依托多家大型医疗机构的支持，共同分享在医疗信息化建设的硕果，使用户在传统信息化改造和流程管理上跃上新的台阶。岱特智能科技（上海）有限公司专注于医疗领域内的物联融合以及数据挖掘服务，充分利用在医疗IT领域积累的成熟技术和丰富经验，致力于为医疗行业的信息技术添砖加瓦。为用户提供更快捷、更周到的数字化解决方案，协助用户进行数据挖掘，对碎片化的数据进行组织和分析，以更有用、更有意义的方式呈现信息，为用户提供全新的数字化服务。,"https://www.zhaopin.com/jobdetail/CC818989300J40804764313.htm?refcode=4019&srccode=401901&preactionid=a7c1140f-c46c-45e5-b867-ab342d8bdc77"
3022,科研人员,合肥-肥西县,2.1-2.5万·13薪,安徽安利材料科技股份有限公司,"耐用消费品,橡胶和塑料制品,纺织业/服饰产品加工制造,化学纤维制造业",1000-9999人,已上市,CC197756020J40761329012,任职资格： 1、具有博士学位，专业研究背景为化学、材料类方向。 2、具有较强的独立研究和创新能力，在国际知名期刊发表过研究论文。   3、身心健康，责任心强，工作认真负责，积极主动，具有良好的团队合作精神和创新科研能力。 年度综合薪酬25万+，另外根据工作业绩可享受相应科研奖励。其他津贴补贴按照博士后进站待遇增发,7月18日,一、公司简介安徽安利材料科技股份有限公司成立于1994年，地处安徽省合肥经济技术开发区桃花工业园，主要生产经营生态功能性聚氨酯复合材料，现拥有员工3200人，其中硕士、博士80多人，技术研发人员475人，大专以上学历的人员占公司员工总数的40%以上。实力雄厚，全球领先。安利股份于2011年5月18日在深交所公开上市，是目前全国专业研发生产生态功能性聚氨酯合成革和复合材料最大的企业，综合规模行业全球第一，连续八年蝉联“中国轻工业塑料行业（人造革合成革）十强企业”且综合排序第一，是国家工信部认定的“全国制造业单项冠军示范企业”，是2024年安徽省委省政府表彰的“安徽省优秀民营企业”，是省政府表彰的“安徽省制造业综合实力50强企业”，是安徽省民营百强企业、安徽省制造业百强企业、合肥制造业30强企业。目前，公司拥有资产原值约26亿元人民币、总资产约23亿元；拥有办公、厂房建筑面积40万平方米，干湿法生产线40条，具有年产聚氨酯复合材料8850万米、年产聚氨酯树脂7万吨的生产经营能力。创新技术，行业翘楚。公司自主创新能力全球领先，是“国家重点高新技术企业”“国家认定企业技术中心”，是2024年国家工信部认定的“国家技术创新示范企业”，是“国家知识产权示范企业”，拥有“国家级博士后科研工作站”，是“中国轻工业科技百强企业”；拥有专利650余项，是“全国民营企业发明专利500强”企业；主持和参与制定的国家和国家行业标准50余项。一流管理，卓越品牌。公司是国家工信部认定的“全国工业品牌培育示范企业”；是国家工商总局认定的“中国驰名商标”，是国家质检总局认定的“中国名牌”“中国出口质量安全示范企业”，是2024年国家工信部认定的“全国新一代信息技术与制造业融合发展示范企业”，2023年荣获“全国企业文化优秀成果特等奖”。生态典范，环保优良。公司是国家工信部评定的“国家绿色工厂”“全国工业产品绿色设计示范企业”“国家绿色设计产品”和“全国工业领域电力需求侧管理示范企业”，是“中国工业碳达峰‘领跑者’企业”，五次被安徽省生态环境厅表彰为“安徽省环保诚信企业”。经营规范，诚实守信。公司信誉优良，社会关系和谐。是国家工商总局表彰的“全国守合同重信用企业”，是2023年合肥市委、市政府表彰的“合肥市经济高质量发展贡献奖先进集体”，是合肥市委、市政府表彰的“合肥市先进单位”，是安徽省外汇管理局“A类管理企业”，是深交所表彰的“上市公司信息披露考核A级企业”，是“安徽省诚信示范企业”、“安徽省劳动保障诚信示范单位”和“安徽省和谐劳动关系示范企业”，连续18年获“安徽省A级纳税信誉企业”。公司发展后劲充足，成长性良好。十四五期间，计划形成年产值50亿元、年利税6.5亿元的生产经营能力，努力将安利办成一个让员工自豪、受社会尊敬、具有国际竞争力和影响力的企业。公司的远景目标是：力争成为全球最优秀的聚氨酯复合材料企业。二、公司董事长、总经理姚和平姚和平，研究生学历，教授级高级工程师、中国注册会计师、注册企业法律顾问，享受国务院特殊津贴专家，是四届安徽省人大代表，是两届安徽省人大财经委员会委员；是2020年11月中共中央、国务院表彰的“全国劳动模范”，是2021年4月安徽省委、省政府表彰的“安徽省优秀民营企业家”，是安徽省政府表彰的“安徽省优秀企业家”，是国家人社部、全国工商联、全国总工会表彰的“全国关爱员工优秀民营企业家”；是安徽省工商联副主席、合肥市工商联副主席；是安徽省轻工业协会首任会长、合肥市对外经济合作协会首任会长，三所大学兼职硕士生导师、兼职教授。2011年，姚和平作为双主编编著“全国高等学校工商管理专业应用型教材”《企业管理概论》；2022年9月，姚和平著作《胜在有道——民营企业的管理思考与行动》，由中央一级出版社中国经济出版社，面向全国公开出版发行。,"https://www.zhaopin.com/jobdetail/CC197756020J40761329012.htm?refcode=4019&srccode=401901&preactionid=a7c1140f-c46c-45e5-b867-ab342d8bdc77"
3023,技术支持工程师,广州-白云区,1-2万,广州市力辰工业包装有限公司,"工业自动化,贸易/进出口,货运/物流/仓储,专用设备制造",20-99人,未融资,CC141429290J40402274605,岗位职责： 1. 主导和协助自动化部门洽谈和设计方案； 2. 协助跟进项目进度和维护客户关系； 3. 设备的安装、调试、售后支援。 任职要求： 1. 本科及以上学历，电气或自动化、机电一体化等相关专业。 2. 有良好的沟通能力，主动性强，能适应出差。 3. 常用的几种PLC、触摸屏编程，精通CAD图、三维制图、机械设计。 4. 有包装行业、物流行业、自动化、机电一体化等相关企业工作经验更佳。 福利待遇：  1）年收入十万起步，上不封顶；  2）项目提成+年终奖；  3）有晋升和转岗通道、外派主事、成为合伙人的机会。 职位福利：五险一金、绩效奖金、节日福利、员工旅游、大小周、弹性工作、年终分红 职位亮点：五天八小时，按国家法定节假日，入职买社保   关于我们：      成立于2002年，拥有11000+客户资源，在国内市场已提供1500多个不同包装及物流自动化解决方案，为国内全球500强工业企业提供人机工学、绿色节能、降本增效并且安全可信赖的工业包装、智慧物流、智能仓储等产品和耗材的服务商。广泛应用于医药、汽车、快消日化、3C电子、烟草工业和电商物流等行业。服务的用户有：戴姆勒、博世、可乐、中国烟草、华为、中心、比亚迪、美的等各行业的翘首。      通过不断发展和投资，我们保持领先。 和我们的积极和敬业的员工 ，这是我们成功的重要因素。继续前进，成为我们成功故事的一部分！         我们提供：      1.全面的入职培训 计划：您将了解我们独特的销售方法，包括建立、培养和发展客户关系，深入了解如何展示我们的产品，并为客户提供合理解决方案。      2.具有高度个人责任和自由的具有挑战性和高度多样化的角色，      3.一支年轻、充满活力、积极进取的团队，以及在一家注重安全、人文、持续发展的公司工作，良好的薪资福利和个人的成长计划。   ,3月19日,广州力辰，国家高新技术企业，广东省守合同重信用企业，纳税信用A级纳税企业，智慧物流技术装备行业贡献企业；优秀物流与供应链服务商2002年成立，下辖3家子公司，2家兄弟公司。包含：广州（总部办公营销中心）、上海（物联网科技应用设计中心）、铜陵（自动化包装设备/耗材制造基地）、杭州（输送装备和非标定制中心）。截至2024年，拥有客户资源超1万1千家，涉及行业21个，方案配套超1500套；力辰同时拥有大量优质国内、国际供应资源，包含以德国、瑞士、意大利为代表的欧洲供应链资源，并和国内知名行业伙伴协同合作，供应整合能力优秀。公司总部位于白云区准甲级写字楼天瑞广场，3号地铁线和2号地铁线，毗邻2个地铁站，交通便捷，管理规范。公司每年安排员工去国外接受培训和交流学习，享受国家规定的节假日，满一年有二周带薪年假，按绩效给予丰厚的年终奖。公司提供宿舍，宿舍位于高档花园式住宅小区。更多关于公司信息，可关注微信公众号：广州力辰。地址：广州市白云区启德路88号天瑞广场B栋1602-1610室电话：020-86183125网址：www.leechan.cn路线：地铁站白云大道北站A出口300米福利待遇：1、双休早8：30到12：00，13：30到18：002、享受国家法定节假日，享受带薪年假；3、公司提供宿舍、通讯补贴、出差补贴等；4、中国传统节日福利5、购买五险一金，补充商业意外险6、国外培训学习机会,"https://www.zhaopin.com/jobdetail/CC141429290J40402274605.htm?refcode=4019&srccode=401901&preactionid=a7c1140f-c46c-45e5-b867-ab342d8bdc77"
3024,Java,北京-海淀区,1.5-3万,外企德科数字技术有限公司,专业技术服务,10000人以上,,CCL1480117890J40786026505,工作内容: 1.负责研发领域IT系统技术方案的设计，开发等工作; 2.负责项目开发过程中的技术攻关及解决运行中出现的技术问题; 3.负责产品核心模块的代码编写和测试; 4.负责产品疑难问题的分析和定位。 岗位要求: 1.统招学历学位证，毕业证，学信网可查; 2.热爱编程，基础扎实，熟悉掌握但不限于JAVA/Python/JS/HTML/GO/C/C++/C#等编程语言中的一种或数种，有良好的编程 习惯; 3.具备独立工作能力和解决问题的能力、善于沟通、乐于合作、热衷新技术、善于总结分享，喜欢动手实践,2025-07-27 00:25:27,外企德科数字技术有限公司是一家2023年新成立的中外合资企业。成立于2023年11月24日，公司定位：专注于为信息技术企业提供人才及数字技术外包解决方案的中外合资企业。它是由中国人力资源服务行业的FESCO（北京国际人力资本集团）与全球人力资源服务领导者The Adecco Group（德科集团）合资成立的。公司主要提供网络技术服务、软件外包服务、计算机系统服务、技术进出口、软件开发等信息技术相关服务。专注于为信息技术企业提供信息技术类人才及数字技术外包解决方案。,"https://www.zhaopin.com/jobdetail/CCL1480117890J40786026505.htm?refcode=4019&srccode=401901&preactionid=a7c1140f-c46c-45e5-b867-ab342d8bdc77"
3025,实施工程师,六安-裕安区,9000-18000元,青岛安然物联网科技有限公司,"物联网,物联网",20-99人,未融资,CC559764920J40675680104,需要弱电技术、自动化、安防系统、工业互联网+危化安全生产、物联网人才，不要纯软件人才。  你能经常到全国各地出差吗？你能到工业生产现场生产现场做技术支持吗？   真正的奋斗者在安然会有让人值得为之奋斗的事业，会有充实、高效的成长，会有高人一等的收入。   你能做好售前技术支持、根据客户需求，高效制作方案吗？你能做好售中技术支持、指导他人正确安装、部署、调试系统向用户保质保量快速交付吗？你能做好售后维护，高效沟通和落实客户需求吗？   迄今已服务中石化、中石油、延长石油、国能、兖矿、京能、索普、新安、奇美、昊源、潞安、旭阳、垦利、逸盛、海科、酒钢、金发等几百家石化、化工、选煤、钢铁、电厂企业。    安然以客户为中心，以强者为本，抬头乐干，愿意与同道中人联合、链接，携手共建、共用、共享生产安全命运共同体，一起干，一起干，让优秀企业更安全，让优秀企业更高效！,7月4日,基于精准人员定位的工业安全生产信息化管理专家，安全生产信息化管理引领者！作为全国实时定位技术标准工作组成员和应急管理部“工业互联网+危化安全生产”人员定位系统技术支持机构，安然从2012年起致力于基于ZigBee Plus三维立体按需精准定位的“工业互联网+安全生产”的研究，获得了20多项安全智能管控系统发明专利和著作权，持续引领中国化工行业生产现场智慧安全！安然以“准、稳、狠”的ZigBee Plus三维立体按需精准人员定位统和“底数清、数据准、情况明、研判准、措施实”的安全生产信息化平台为核心，整合访客管理、出入口控制、人脸识别、视频监控、语音广播、重大危险源监控、可燃有毒气体监测等系统，对生产现场人、机、料、法、环五大要素进行实时、动态、智能管控和预警，规范人的安全行为，保障人的生命安全，有效防范风险、主动化解风险，实现智慧安全。安然“以用为本”，把安全生产信息化建设与公司管理体系“深度融合”，把安全生产信息化建设与日常工作“紧密结合”，对安全生产切实“有用、实用、好用”，避免建用“两张皮”，让安全管控更智能，让生产更高效才实用。迄今已服务中石化、中石油、延长石油、国能、兖矿、京能、索普、新安、奇美、昊源、潞安、旭阳、垦利、逸盛、海科、酒钢、金发等几百家石化、化工、选煤、钢铁、电厂企业。安然以客户为中心，以强者为本，抬头乐干，愿意与同道中人联合、链接，携手共建、共用、共享生产安全命运共同体，一起干，一起干，让优秀企业更安全，让优秀企业更高效！,"https://www.zhaopin.com/jobdetail/CC559764920J40675680104.htm?refcode=4019&srccode=401901&preactionid=a7c1140f-c46c-45e5-b867-ab342d8bdc77"
3026,软件测试,广州-海珠区,5000-7000元,天阳科技,"计算机软件,计算机软件",1000-9999人,已上市,CC120408370J40606437208,1.全国项目驻场测试，主要负责功能、数据或接口等相关测试工作； 2.统招本科学历及以上（学信网可查）；毕业满2年；计算机专业优先； 3.热爱软件测试行业、有强力的自驱力，能够在测试岗位深入学习研究； 4.有无经验均可，服从公司安排，接受公司培养，可接受异地工作优先； 福利待遇： 上市公司、公司可提供住宿、定期体检、带薪年假； 欢迎符合要求的小伙伴们投递~,7月16日,天阳科技(股票代码：300872)，是全球金融创新服务的重要贡献者，持续赋能中国金融行业数字化转型，为客户提供咨询、金融科技产品、金融IT服务、云计算及运营服务。公司成立于2003年，服务超过300家金融行业客户，覆盖中央银行、政策性银行、国有银行、股份制银行、地方性商业银行、非银行金融机构等，员工人数近7000人，成为激活金融领域创新活力、推动金融科技迈入世界领先水平的重要力量。作为金融行业客户可信赖的合作伙伴，天阳科技凭借丰富的行业经验和端到端的专业服务，在信创、数字化金融、信贷、交易银行、信用卡、零售、营销、风险管理、征信监管等众多领域具备核心竞争力。据赛迪和IDC报告显示，近年来公司在中国银行业IT解决方案市场排名强势崛起，2019年收入及市场占有率综合排名分别位列第四位和第五位，并保持高速增长。同时，前瞻商业和科技趋势，入选2021年度未来银行科技服务商TOP100。天阳科技始终聚焦金融科技领域，加大自主创新力度，在超过100个城市建立本地化、专业化的研发和服务团队，拥有CMMI5级认证、软件测试成熟度模型集成（TMMi）3级认证、ISO9001质量管理体系认证、ISO20000信息技术服务管理体系认证、IS027001信息安全管理体系认证。通过部署人工智能、云计算、大数据、移动互联网、分布式计算和区块链等先进金融科技，公司致力于构建安全可控、普惠民生、开放共赢格局，在关键技术领域服务现代化金融发展大局，更好地为各利益相关方创造更大价值，为大中企业、小微企业以及每个个体提供优质金融服务。,"https://www.zhaopin.com/jobdetail/CC120408370J40606437208.htm?refcode=4019&srccode=401901&preactionid=a7c1140f-c46c-45e5-b867-ab342d8bdc77"
3027,Java,南京-浦口区,150-200元/天,安元科技股份有限公司,"计算机软件,互联网",500-999人,D轮及以上,CC132669450J40797582313,职位要求： 1、2026届本科毕业生，计算机软件相关专业； 2、有JAVA开发等编程基础，有实际项目开发经验者优先； 3、对技术有强烈的兴趣，喜欢钻研，具有良好的学习能力，沟通技能，团队合作能力。 4、接受长期实习，不少于6个月的实习期限，保证每周5天出勤，即周一到周五上班，9:00--17:30。,7月9日,安元科技股份有限公司成立于2003年，是依托于南京工业大学的产学研一体化的高新技术企业、国家级专精特新“小巨人”企业、国家级工业互联网平台企业；一直专注于工业互联网平台及行业应用产品技术研发及服务，为城市安全、智慧园区、智能工厂、行业数字化转型等提供整体解决方案。安元科技致力服务于国家实体经济与新型工业化战略，坚持“1+5+N”业务战略，提供工业互联网底座平台、工业互联网+安全生产、工业互联网+智慧园区、工业互联网+智能工厂、工业互联网+新能源、工业互联网+公有云运营、工业互联网+物联设备等工业互联网全要素能力服务；拥有国家应急管理部化工过程安全生产重点实验室、“工业互联网+危化品安全生产”应急管理部重点实验室、国家应急管理部高危行业安全物联网技术创新中心、江苏省城市与工业安全重点实验室、南京工业大学公共安全研究院、中安安全工程研究院和江苏省企业研究生工作站等多个省部级以上科技创新平台，荟集了700多名由教授、博士、硕士等组成的跨学科、跨领域的复合型高级人才团队。安元科技坚持“1+4+N”组织战略及全国布局战略，依托安元科技母公司及四大专业板块子公司、N家全国各地区分子公司及控股/参股子公司，为客户提供行业化、本地化的专业服务保障；与中化能源公司、国家能源集团氢能公司等央企合作成立了专业合资公司，与多个地区国有平台公司合作成立了本地化合资公司，更好的服务于央企及地方的数字化转型战略及数字经济发展。安元科技始终坚持“让城市与工业更安全、更智慧”的企业使命，通过不断的技术创新、战略创新、组织创新、模式创新、服务创新，把安元科技打造成百亿级市值的工业互联网全要素集团型公司。,"https://www.zhaopin.com/jobdetail/CC132669450J40797582313.htm?refcode=4019&srccode=401901&preactionid=a7c1140f-c46c-45e5-b867-ab342d8bdc77"
3028,技术支持工程师,开封-龙亭区,4000-8000元,开封市测控技术有限公司,仪器仪表制造,100-299人,不需要融资,CC269876830J40103451104,1、40岁以下 2、专科以上学历 3、电气，自动化，仪器仪表等相关专业 4、有良好的沟通能力，能适应经常出差 5、有工作经验优先,7月26日,开封市测控技术有限公司是国家级高新技术企业，专业从事工业现场测量控制方面的新产品开发、生产及项目设计施工。公司主要生产矿用电力监控系统、普通/防爆在线煤灰分仪系列、普通/防爆电子皮带秤系列、普通/防爆核子皮带秤系列、防爆多功能电表系列、矿用开关智能保护器系列等。同时经营衡器、仪器仪表及工业自动化系统的开发、制造与技术服务以及计算机系统集成与电子工程系统的开发销售与服务。公司现有员工200余人，其中大专以上学历的160人，具有中高级技术职称的85人。公司除管理部门外，分设技术开发部、工程部、电力部、电子部、质管部、市场部、用户服务部等部门，公司还设有市级科研中心“开封市测控工程技术研究中心”。公司拥有两个生产基地，厂房面积达7500平方米，主要加工及检测设备79套。生产设备齐全，技术力量雄厚。我公司的产品和项目已分布在全国十几个省市自治区的煤炭、建材、冶金、电力、化工等行业的几百家大中型工矿企业，为各行业自动化建设做出了一定的贡献。我公司的产品由于技术先进，质量可靠，再加上我们良好的技术服务，赢得了社会各界的广泛赞誉。20年来，已拥有煤炭行业用户600多家。公司具有多项专利及软件著作权等自主知识产权。公司遵循质量第一、用户至上的方针，严格按照ISO9000质量管理体系进行设计、开发、生产和安装。从元件入厂筛选到产品出厂老化整个过程都精益求精。开封市测控技术有限公司将以一流的质量，严谨的管理，高效生产和高度负责的精神，为用户提供优质的产品和优良的服务。公司愿景以推动全面建设本安、高效、节能、数字化矿井为己任，打造国内第一品牌，创造百年辉煌。公司使命帮助客户成长，成就员工梦想，感恩回报社会。公司核心价值观创新：引领行业趋势，产品及服务不断创新。优质：持续为客户提供优质的产品以及优质的服务。诚信：诚实正直，信守承诺。共赢：客户、员工、合作伙伴、企业达成共赢，是我们的终极目标！公司精神精诚所至，金石为开。,"https://www.zhaopin.com/jobdetail/CC269876830J40103451104.htm?refcode=4019&srccode=401901&preactionid=a7c1140f-c46c-45e5-b867-ab342d8bdc77"
3029,科研人员,张家口-怀来县,5000-8000元,河北御棠源生态农业有限公司,文化艺术/娱乐,20-99人,,CCL1423246960J40491730414,【工作内容】从事科研项目辅助研究、实验（工程）设施运行维护和实验技术、科技成果转移转化以及学术助理和财务助理等工作。 【聘任对象】2023年应届高校毕业生，含高等院校毕业的大专毕业生、本科毕业生、硕士研究生毕业生、博士研究生毕业生等。不含非统招的非普通高等学历教育的其他国民教育形式(自学考试、成人教育、网络教育、夜大、电大等)的毕业生。,7月22日,,"https://www.zhaopin.com/jobdetail/CCL1423246960J40491730414.htm?refcode=4019&srccode=401901&preactionid=a7c1140f-c46c-45e5-b867-ab342d8bdc77"
3030,实施工程师,天津-河东区,100-110元/天,北京久其软件股份有限公司,"IT服务,计算机软件",1000-9999人,已上市,CC000137420J40535675109,岗位职责： 1、在项目经理领导下开展项目实施工作，确保项目计划、质量符合目标要求； 2、参与项目实施工作，承担项目交付过程中的实施及二次开发配置工作； 3、参与编写实施项目文档，包括部署方案、安装手册、使用及维护手册、测试文档、验收文档等； 4、负责与客户的沟通，协调公司内部资源，确保项目进度；     任职资格：    1、 统招本科及以上学历，财会、计算机、信息管理等相关专业；    2、 具备优秀的语言表达能力、沟通协调能力；    3、 熟悉主流数据库，熟练编写常用数据库语句。    ,4月8日,北京久其软件股份有限公司是专业的管理软件供应商和聚焦B2B2C的大数据综合服务提供商。我们在电子政务、集团管控、数字传播领域为客户提供有竞争力、安全可信赖的产品，并借助长期积累的技术、数据、传播与生态体系，致力于以行业解决方案和全产业链的服务为客户赋能。 1997年，久其品牌创建于北京中关村，2009年，久其软件于深圳证券交易所上市（股票代码：002279）。目前，久其已建立以北京总部为核心、辐射全国的集咨询、规划、建设、运维、服务等综合能力于一体的服务网络，拥有完善的品牌体系，旗下有华夏电通、久其数字传播、雄安久其数字科技、海南久其研究院等十余家公司。久其的用户遍布国家机关、企事业单位和社会团体，与近60个中央部门和80余家中央企业集团建立了长期合作关系。2006年至今，久其连续多年被认定为“国家规划布局内重点软件企业”，并荣获“中国大数据企业50强”（2016-2019）、“2019中国软件和信息技术服务综合竞争力百强企业”、“北京软件和信息服务业综合实力百强企业”（2016-2019）、“中国软件和信息服务业·十大领军企业”（2016-2019）、“2018中国软件和信息技术服务综合竞争力百强”、“2017中国大数据财政领域大数据最佳解决方案”、“2017中国大数据十佳解决方案（财政大数据解决方案）”等荣誉，是中国大数据产业生态联盟副理事长单位、财经大数据专业委员会主任委员单位，拥有信息系统集成及服务一级、信息安全服务一级等多项专业资质，是行业内较早获得CMMI 5的企业之一。久其软件以战略化咨询、平台化技术、精细化产品、专业化服务和丰富的业务积累与项目经验，不断创新解决方案和服务模式。久其研发设计开发的系列报表平台、软件开发平台、大数据平台、数字传播平台、智能应用平台及形成的系列产品，已在财政、国资、统计、民政、交通、通信等多个领域发挥着重要作用。久其的政府管理与服务解决方案(GMS)、企业集团管控解决方案(GMC)及久其大数据等解决方案，正在为数百万用户提供系统专业的信息化服务。久其软件围绕“情”字稳健构筑企业文化，全面倡导“尊重人才、重用人才、善待人才”的人才观念、“简单、规范、高效、创新”的价值观以及“身体健康、心理健康、知识共享、富足自强”的人生追求，具有成熟的企业文化体系。设立久其人俱乐部、度假公寓、创新奖励基金、文体社团、久其云学堂等不断强化员工关怀与员工发展，将实施员工创业基金扶持、打造创业孵化基地纳入发展规划，积极参与社会公益，用实际行动履行企业责任。未来，久其将成为一家跨行业、集团化、国际化的专业公司，拥有多级事业合伙人的平台公司，履行社会责任、受人尊敬的良知公司，受员工爱戴的幸福公司。我们将不忘初心，共赢未来。,"https://www.zhaopin.com/jobdetail/CC000137420J40535675109.htm?refcode=4019&srccode=401901&preactionid=a7c1140f-c46c-45e5-b867-ab342d8bdc77"
3031,实施工程师,上海-闵行区,9000-14000元·15薪,上海柏楚电子科技股份有限公司,"计算机软件,工业自动化",1000-9999人,已上市,CCL1242119060J40539861107,1、技术支持工作：负责公司产品推广，为客户提供现场技术支持，含产品售前、交付、售后； 2、产品信息收集：问题、需求收集； 3、市场信息收集：行业信息，客户信息等； 4、可base上海或南京、济南、佛山，能接受海外出差。 1、本科及以上学历，电气，机械，自动化等工科专业，应届或1内年工作经验； 2、英文六级，能作为工作语言； 3、熟悉自控原理、三维绘图软件等优先； 4、良好的学习能力、沟通能力、抗压能力，强自驱，目标导向； 5、有大小周（如一周5天，一周6天），可提前实习者优先。【岗位定位】  超级信息中转站、行走的CPU，价值需求挖掘、推动内部产品优化  对外（客户）是产品专家；对内（产品、研发、测试...）是客户代言人，联通客户与内部的沟通桥梁,1月8日,上海柏楚电子科技股份有限公司，闵行区首家科创板上市企业。公司成立于2007年，是一家从事激光切割控制系统的研发、生产和销售的高新技术企业和重点软件企业，完整掌握CAD、CAM、NC、传感器及硬件设计五大类技术。目前公司已在中低功率激光加工控制领域处于国际领先地位，未来着眼于布局工业互联网、总线激光控制、精密微纳加工等技术方向，致力于打造柏楚生态圈。,"https://www.zhaopin.com/jobdetail/CCL1242119060J40539861107.htm?refcode=4019&srccode=401901&preactionid=a7c1140f-c46c-45e5-b867-ab342d8bdc77"
3032,Java,合肥-蜀山区,1.4-2.8万·14薪,外企德科数字技术有限公司,专业技术服务,10000人以上,,CCL1480117890J40610764005,岗位职责： 1、负责业务体验产品相关产品研发，完成多个模块/组件的软件设计（含增量方式）、代码编写、单元测试、集成测试、静态检查、本地构成等工作，确保所负责模块可信、及时、高质量交付； 2、负责设计实施高可用部署架构，实现弹性扩缩容，秒级故障自动切换，限流降级等核心功能，保障大规模集群的高效稳定运行； 经验要求： 1、有开发经验，C/C++、Java、Scala、Python、JS等开发语言一种或多种； 2、熟悉分布式系统的设计和应用，熟悉高并发、高负载、高可用性系统的设计开发及调优，熟悉分布式缓存、消息、数据库等机制； 3、具有一定的技术架构思维，确保设计的技术方案、开发的代码有较高性能、质量保障、扩展性，前瞻性； 4、参与系统以提升效率为目的的整体的优化、改进，出现问题时能够通过较强的技术手段较好的解决问题。  办公地点在南京，上海，苏州，杭州，深圳，北京，西安，成都，东莞，长沙，济南，武汉等研究所   ,2025-07-27 00:23:23,外企德科数字技术有限公司是一家2023年新成立的中外合资企业。成立于2023年11月24日，公司定位：专注于为信息技术企业提供人才及数字技术外包解决方案的中外合资企业。它是由中国人力资源服务行业的FESCO（北京国际人力资本集团）与全球人力资源服务领导者The Adecco Group（德科集团）合资成立的。公司主要提供网络技术服务、软件外包服务、计算机系统服务、技术进出口、软件开发等信息技术相关服务。专注于为信息技术企业提供信息技术类人才及数字技术外包解决方案。,"https://www.zhaopin.com/jobdetail/CCL1480117890J40610764005.htm?refcode=4019&srccode=401901&preactionid=a7c1140f-c46c-45e5-b867-ab342d8bdc77"
3033,C/C++,北京-海淀区,1-2万,璞华国际科技(武汉)有限公司,计算机软件,500-999人,已上市,CCL1477097250J40698361209,1.图形，图像软件开发 2.Adobe Illustrator、PhotoShop插件开发 3.Web开发 职位要求： 1.丰富的C/C++编程和调试经验，熟悉各类算法和数据结构； 2.语言表达能力强，责任心强，具有团队协作精神，富于创新，诚信敬业； 3.精通C++，熟悉C++11.STL等基本技术 4.同时熟悉或具备Web开发经验者优先 5.同时熟悉或具备QT开发经验者优先,3月26日,璞华集团依托于北京大学，为国内外提供一流的软件产品和服务。璞华集团由璞华国际，璞华科技，璞华智教，璞华大数据，日本HOUSEI和香港环球等公司组成。依托本地多地的资源，为本地以及世界提供专业的服务。公司员工来自北京大学、北京师范大学、武汉大学、华中科技大学等学校。公司提供人性化的工作制度。,"https://www.zhaopin.com/jobdetail/CCL1477097250J40698361209.htm?refcode=4019&srccode=401901&preactionid=a7c1140f-c46c-45e5-b867-ab342d8bdc77"
3034,技术支持工程师,长春-朝阳区,4000-6000元,吉林省弘川信息技术有限公司,"计算机硬件,IT服务",20-99人,未融资,CCL1290402110J40609061102,岗位职责：  1、负责华为、H3C等厂家的数通、IT、安全产品等的项目实施 2、客户现场产品测试、安装调试、维护、故障排除 3、负责客户技术问题的解答与解决 岗位要求： 1、大专及以上学历，有无经验均可 2、熟悉计算机基本操作及常用办公软件（计算机专业优先） 3、积极细心，有责任感及团队协作精神 4、具有很强的学习能力、理解、沟通及执行能力，责任心强 5、可接受应届毕业生 6、可适应省内短期出差  7、有华为或H3C厂商认证优先（HCIA、HCIP、 HCIE）,7月25日,吉林省弘川信息技术有限公司成立于2020年9月底，是华为旗下的优选合作代理商。主要从事与华为医疗行业相关的一系列产品的软硬件销售、项目交付、解决方案等工作。作为一个初创型公司，我们致力于打造出一支氛围轻松、作风严谨、重视品质、团结向上的队伍。现向社会招贤纳士，有志者欢迎来投递简历，希望能与你成为最佳的合作伙伴！,"https://www.zhaopin.com/jobdetail/CCL1290402110J40609061102.htm?refcode=4019&srccode=401901&preactionid=a7c1140f-c46c-45e5-b867-ab342d8bdc77"
3035,前端开发,宁波-鄞州区,9000-13000元,温州百栎信息科技有限公司,人工智能,300-499人,,CCL1505049230J40760610209,岗位内容： 1. 负责开发和维护前端系统和模块，确保其运行稳定可靠 2. 编写高效、清晰、易于维护的代码 3. 协调需求，与其他团队成员进行有效沟通和协作 任职要求： 1. 熟练掌握HTML、CSS和JavaScript，熟悉主流前端框架 2. 具备扎实的编程基础，良好的代码风格，注重代码品质 3. 擅长和团队合作，具备很好的沟通和协调能力,7月25日,,"https://www.zhaopin.com/jobdetail/CCL1505049230J40760610209.htm?refcode=4019&srccode=401901&preactionid=a7c1140f-c46c-45e5-b867-ab342d8bdc77"
3036,实施工程师,聊城-东昌府区,6000-10000元,大族激光,"专用设备制造,电气机械/电力设备,通用设备制造,专用设备制造",10000人以上,已上市,CC000341550J40741856905,"内容及职责： 1、负责公司产品的测试。整理测试数据，编写测试报告； 2、协助客户安装调试，处理故障，培训客户，对重点项目提供现场服务支持等； 3、跟踪产品使用情况，对维修数据进行统计、分析，归纳、总结； 4、通过客户问题的解决，编写案例分析，并形成相关技术报告进行分享； 5、信息：从各层面收集行业信息，了解行业动态；了解客户技术关切和技术发展路径，并与销售、研发充分沟通，以挖掘相对应的产品和技术销售机会； 6、资料归档：管辖范围内的资料归档，包括流程、项目管理、规范、经验等内容； 7、形象：维护公司形象，积极主动服务，不出现重大投诉； 任职要求： 教育背景：本科及以上（计算机类、电子电气类、机械设计及自动化类、通信类、光学类等） 1， 愿意加入大族激光并效力于激光、新能源，半导体，精密制造领域； 2， 抗压能力强；客户服务意识； 3， 主动学习，具备较好的学习能力、逻辑思维能力和钻研精神。 4， 能广泛阅读包括英语的专业资料，并学以致用，分析、解决故障，改良方案； 5， 有一定的激光设备行业从业经验或精密设备行业的从业经验基础  个人素质：  1、 喜欢交往,沟通能力强，语言表达能力强；具有良好的协调能力和团队协作精神； 2、 做事认真负责，责任心强，工作积极主动。 教育背景： 本科及以上 工作时间： 每周40小时 环境状况： 良好 危险性： 执行国家安全法规； 工作场所：山东客户现场（前期需要来深圳培训3个月）",7月25日,大族激光科技产业集团股份有限公司，1996年创立于中国深圳，公司于2004年在深圳证券交易所上市，股票代码：002008。现有员工16000+人，研发人员6500+，有效知识产权8811项。公司致力于智能制造装备及其关键器件的研发、生产和销售，具备从基础器件、整机设备到工艺解决方案的垂直一体化能力，是全球领先的智能制造装备整体解决方案服务商。大族激光坚持自主创新，掌握光源、数控系统、功能部件等核心技术，拥有强大的垂直整合能力，在高端装备、核心器件、锂电、光伏、半导体等业务领域均实现较大突破。目前公司组建了涵盖激光光源、自动化系统集成、直线电机、视觉识别、计算机软件和机械控制等多方面复合研发队伍，与全国多所著名研究机构等建立了战略合作关系，联合成立相关实验室及人才培养基地等。公司是国家重点高新技术企业、***创新型试点企业、国家科技成果推广示范基地-重点推广示范企业、广东省装备制造业重点企业、深圳自主创新领军企业，主要科研项目被认定为***火炬计划项目。员工福利：包含但不限于：五险一金、员工宿舍、人才安居房、员工餐厅、员工班车、年终奖、节日福利、生活补贴（住房、交通、通讯等）、高温补贴、科技奖励、员工落户、员工培训、学历深造、法定节假日、年假、婚假、产假、陪产假及各类文娱活动等等。,"https://www.zhaopin.com/jobdetail/CC000341550J40741856905.htm?refcode=4019&srccode=401901&preactionid=a7c1140f-c46c-45e5-b867-ab342d8bdc77"
3037,C/C++,西安-雁塔区,1.3-2.6万·14薪,外企德科数字技术有限公司,专业技术服务,10000人以上,,CCL1480117890J40599611105,华为社招OD【岗位】 开发、测试、前端、算法、数开、运维工程师岗位~~~欢迎投递！ 注：机考通过后、根据候选人意向岗位/城市与需求部门做匹配--先业务方向沟通，候选人OK了再安排后续面试--入职（多部门/多城市可选)； 【岗位要求】 1. 统全本科，可接受应届、考研断档、 0 经验； 2. 掌握任意一种 或多种 编程语言：Java/C/C++/C#/Python/Go/JavaScript等；能通过机考； 【福利待遇】 1、5天8小时，双休制，偶尔加班（根据项目进度来定）； 2、全额五险一金++周末加班2倍工资（周末加班不强制，看个人意愿）+年终奖(由部门/个人绩效定）； 3、大厂待遇，项目稳定，个人瓶颈期可申请挑战新项目，晋升空间广，办公环境高大上; 4、节日福利++生日会++年度免费体检++公司内部健康驿站++带薪年假 5、每年一次调薪调职机会； 入职城市可选： 深圳、东莞、成都、西安、上海，杭州、苏州、南京、武汉、长沙、北京等 可选部门： ICT(公开、光、计算、无线、数存)；HW云，2012实验室，终端BG，BPIT，数字能源、海思等；,2025-07-27 00:23:22,外企德科数字技术有限公司是一家2023年新成立的中外合资企业。成立于2023年11月24日，公司定位：专注于为信息技术企业提供人才及数字技术外包解决方案的中外合资企业。它是由中国人力资源服务行业的FESCO（北京国际人力资本集团）与全球人力资源服务领导者The Adecco Group（德科集团）合资成立的。公司主要提供网络技术服务、软件外包服务、计算机系统服务、技术进出口、软件开发等信息技术相关服务。专注于为信息技术企业提供信息技术类人才及数字技术外包解决方案。,"https://www.zhaopin.com/jobdetail/CCL1480117890J40599611105.htm?refcode=4019&srccode=401901&preactionid=a7c1140f-c46c-45e5-b867-ab342d8bdc77"
3038,科研人员,重庆-沙坪坝区,8000-10000元·13薪,电子科技大学重庆微电子产业技术研究院,学术/科研,100-299人,,CCL1268181730J40796166805,岗位职责:  1.负责各类科研项目的立项、过程、结题等管理工作；  2.负责科技成果转移转化与应用推广的策划、组织与实施； 3.负责对接科技主管部门，组织申报各类项目； 4.负责对接行业、企业，组织开展校企技术对接；  5.完成领导交办的其他工作。  任职要求:  1.具有坚定的政治信仰，良好的职业操守，较强的事业心责任心和进取精神;  2.本科及以上，专业不限，电子信息相关专业优先； 3.具有大型企事业单位、高校、科研机构或实验室等相关工作经验的优先。,7月23日,,"https://www.zhaopin.com/jobdetail/CCL1268181730J40796166805.htm?refcode=4019&srccode=401901&preactionid=a7c1140f-c46c-45e5-b867-ab342d8bdc77"
3039,测试工程师,上海-松江区,1.3-1.5万,四川爱多多企业管理有限公司,"电子设备制造,通用设备制造",20-99人,未融资,CCL1244023700J40776892407,,2025年07月28日,劳务派遣服务;新能源厂区电池的生产制造，汽车线束，小时工，包装，质检，成都科技厂区劳务派遣以及电子厂区；小食杂;食品经营。(依法须经批准的项目，经相关部门批准后方可开展经营活动，具体经营项目以相关部门批准准件或许可证件为准)一般项目:企业总部管理，社会经济咨询服务;以力资源服务(不含职业中介活动、劳务派遣服务)，市场营销策划:家政服务:专业保洁、清洗、消毒服务;物业管理，凭总公司授权开展经营活动:企业管理咨询;信息咨询服务(不含许可类信息咨询服务)::数据处理服务;动漫游戏开发;数据处理和存储支持服务，企业形象策划;劳务服务(不含劳务派遣);品牌管理;社会调查(不含涉外调查):市场调查!(不含涉外调查)。(除依法须经批准的项目外，凭营业执黑依法自由开展经营活动),"https://www.zhaopin.com/jobdetail/CCL1244023700J40776892407.htm?refcode=4019&srccode=401901&preactionid=a7c1140f-c46c-45e5-b867-ab342d8bdc77"
3040,技术支持工程师,深圳-龙岗区,5000-6000元,深圳市电科电源股份有限公司,"新能源,新能源",500-999人,,CC552287820J40859209115,岗位职责: 1.协助工程师进行日常技术研发与支持工作； 2.参与项目的设计、开发与实施过程； 3.按照项目需求，进行相关技术文档的编制与更新； 4.协助团队解决技术难题，提升项目质量与效率。 任职要求： 1.统招本科以上学历，25届电子信息工程、电气工程及其自动化、自动化、机械制造及其自动化等专业； 2.具备良好的沟通能力和团队合作精神；  3.对技术有浓厚的兴趣，愿意不断学习新知识；  4.有责任心，能够按时完成分配的任务；  5.适应能力强，能够在快节奏的工作环境中迅速解决问题；,7月1日,深圳市电科电源股份有限公司创立于2002年，自成立以来，一贯坚持为客户提供高品质专业服务的经营理念，致力于可充电镍氢电池、镍镉电池和锂离子电池的研究和开发，产品在应急照明设备、储能设备、家用电器、电动玩具、电动工具等等市场领域得到了广泛的应用，远销欧美世界各地，产品先后通过了CE、UL等的认证。随着公司的稳健发展，公司已在湖南衡阳建成了自己的镍电生产基地，主力研发和生产应急照明设备配套电池，把专、精作为发展方向。 2006年，公司在深圳开始投入锂电项目，立志在储能和备用电源领域作出贡献，目前产品已经在小型备用电源方面得到广泛应用。公司大力投入研发力量，形成了自己的技术体系，曾获得各种专利18项，结合公司的战略，自身的市场定位和产品定位，形成了自己的核心技术，为公司发展奠定了扎实的基础。公司追求规范化管理，坚持“信誉第一、质量为本，追求卓越、开拓创新”的质量方针，坚持“实施环境控制、持续改善提高，保护地球环境、创造绿色家园”的环境方针，通过了ISO9001和ISO14001认证，被认定国家高新技术企业，深圳市清洁生产企业，出口工业产品一类企业，中国质量诚信企业等等荣誉。深圳市电科电源股份有限公司诚邀您的加盟，愿您与我们携手共进，体现人生价值，共享丰厚成果！,"https://www.zhaopin.com/jobdetail/CC552287820J40859209115.htm?refcode=4019&srccode=401901&preactionid=a7c1140f-c46c-45e5-b867-ab342d8bdc77"
3041,实施工程师,杭州-拱墅区,1.1-2万·13薪,梅里埃中国,"医药制造,医疗设备/器械",500-999人,未融资,CC120937690J40546423609,"【职位描述】 1. PRIMARY PURPOSE AND OVERALL OBJECTIVE OF THE JOB  - Provide support and troubleshooting to internal and external customers.  - Handle complaints per established guidelines: open, follow investigative stages, and close.  - Internal & External product training provide  - Perform laboratory testing 【任职要求】 - Minimum 3 years working experiences in hospital laboratory or technical support and troubleshooting experience in the medical device company, IVD experience is preferred   - Knowledge of bioMerieux’s product is preferred   - Good interpersonal and communication skills   - Good team player and taking the ownership of the job responsibility",6月2日,"生物梅里埃公司创建于1963年，公司依赖自身的科技研究和工业生产资源，始终致力于开发作为医疗和工业用途的体外诊断产品。集团专门设计、开发、生产和推广应用在临床和工业的系统。生物梅里埃的诊断系统是由试剂、仪器和软件组成，主要为传染病、工业微生物控制、心血管病和肿瘤病等四个主要策略性领域进行设计。在2010年，公司销售额已达到13亿5千7百万欧元，共有18个生产基地和11个研究中心，分布于欧洲、北美洲和南美洲。至2011年集团员工已超过7，000人，遍布全球39个国家和地区。生物梅里埃公司产品有两个主要应用领域：临床和工业。临床市场占总销售额的85%，而工业市场占15%。工业的应用领域主要集中在食品、药品和化妆品的微生物分析，其市场增长非常迅速。生物梅里埃是全球体外诊断领域的第七大生产商。 World leader in the field of in vitro diagnostics for over 55 years, bioMérieux conceives, develops, produces and markets diagnostics solutions(systems, reagents, software and services) intended for clinical and industrial applications, which determine the origin of a disease or a contamination to improve the health of patients and insure consumer safety. bioMérieux is present in 43 countries and serves more than 160 countries with the support of a large network of distributors. Its corporate headquarters are located in Marcy l’Etoile, near Lyon, in France. Joining bioMérieux, is choosing to join an innovative company with a long term vision, committed to the service of public health and carried out with a humanistic corporate culture. Our Group offers numerous possibilities: so come and join the 11,200 bioMérieux employees who already identify with these values!","https://www.zhaopin.com/jobdetail/CC120937690J40546423609.htm?refcode=4019&srccode=401901&preactionid=a7c1140f-c46c-45e5-b867-ab342d8bdc77"
3042,技术支持工程师,北京-朝阳区,5000-8000元,北京佳思乐创科技有限公司,电力/水利/热力/燃气,20-99人,未融资,CCL1281739110J40715530911,岗位职责：   1、主要从事服务器、存储、虚拟化、HPC系统软硬件的安装、调试工作；   2、协助销售人员做项目技术支持，与客户进行沟通交流，挖掘并引导客户的需求，善于引导客户和维护客户关系；   3.、公司战略客户的技术支持和关系维护；   4、协调、监督项目工程施工各个环节的工作，与甲方、监理方以及其他相关施工方进行良好沟通、协调，确保施工顺利进行；  5、配合项目完成部分售前、售中工作。,7月22日,北京佳思乐创科技有限公司成立于2014年，注册资本金5000万元，生产地位于北京民营企业。公司成立后逐步取得了质量管理体系、职业健康安全管理体系、环境管理体系的认证，以及信息安全领域的多项软件著作权。主营业务为提供电网类设备整体解决方案，包括但不限于网络安全装置、电网配电柜、打印机、服务器等，涵盖打印机、服务器、台式机、笔记本的研发设计以及生产，如思质（SIZHI）品牌一系列的办公设备。公司是国内信创产品的先进设计单位，是国内自主可控 PC、打印机、服务器领域领先的解决方案提供商，是办公整机的产业链，为客户提供涵盖安全的软件开发、安全可控的解决方案、维护服务以及安全系统集成在内的一整套信息化服务，用户涉及政府、军队军工、金融、能源等重要行业数千家单位，成功部署数万终端。目前公司产品体系已经完成“信息安全、自主可控”格局的打造。,"https://www.zhaopin.com/jobdetail/CCL1281739110J40715530911.htm?refcode=4019&srccode=401901&preactionid=a7c1140f-c46c-45e5-b867-ab342d8bdc77"
3043,前端开发,上海-徐汇区,1.5-2.5万,郑州古冬文化传媒有限公司,"文化艺术/娱乐,电子商务,新零售,广播/影视",20-99人,不需要融资,CCL1461420400J40770835412,岗位内容： 1. 负责开发和维护前端系统和模块，确保其运行稳定可靠 2. 编写高效、清晰、易于维护的代码 3. 协调需求，与其他团队成员进行有效沟通和协作 任职要求： 1. 熟练掌握HTML、CSS和JavaScript，熟悉主流前端框架 2. 具备扎实的编程基础，良好的代码风格，注重代码品质 3. 擅长和团队合作，具备很好的沟通和协调能力,5月8日,郑州古冬文化传媒有限责任公司位于郑州市，是一家致力于打造多元化、高品质文化产品的综合性企业。公司的主要服务内容包括国内外带货直播、娱乐直播、短视频平台的运营和商业转化服务、跨境直播、电影制作筹备及拍摄服务、文艺性演出组织筹备实施服务、艺人经纪服务以及进出口贸易和跨境电商。公司正在筹备多部院线电影和网络短剧的拍摄，并与多家企业合作，推动文化传媒产业的发展。诚邀各界有志之士加入！,"https://www.zhaopin.com/jobdetail/CCL1461420400J40770835412.htm?refcode=4019&srccode=401901&preactionid=a7c1140f-c46c-45e5-b867-ab342d8bdc77"
3044,技术支持工程师,天津-西青区,9000-13000元,中恒卫康(天津)科技有限公司,"医疗设备/器械,卫生服务",20-99人,,CC832273410J40693348801,超声售前工作——熟练使用超声对浅表器官，腹部，心脏，血管部位的操作 工作职责： 1、负责在超声等影像产品线的技术支持和现场服务工作； 负责产品和临床方案讲解，为公司其他部门提供临床应用技术支持，并收集反馈相关信息； 2、负责产品投诉的现场处理及沟通； 3、负责客户需求、产品改善建议的收集反馈，提升客户满意度； 4、负责产品的培训工作。 要求： 1、专科以上学历，超声影像类、机械电子类专业毕业，医电专业优先； 2、2年以上本行业工作经验，有影像类企业技术支持或现场服务经验； 3、有稳定的客户群，能独立开展售后维修的销售工作； 4、具有良好的沟通能力和客户服务意识，责任心强，富有团队合作精神。,5月30日,中恒卫康(天津)科技有限公司是一家专业从事医疗设备销售代理及搭建上下游产业链相关服务的综合性医疗平台公司。公司目前主营业务包括：一、影像/放射设备销售；二、床旁物理治疗设备销售；三、医院整体医疗设备的托管服务。我公司为迈瑞生物医疗公司在天津区的一级代理商；深圳普门科技的天津总代理商；大型国企中外运天津分公司的战略合作商，行业背景雄厚、医疗资源丰富。公司现各项事业发展迅速，热忱邀请各界人才加入，公司将为每位员工提供良好的发展平台及优厚的福利待遇，成就每一位有抱负、有才干的员工。,"https://www.zhaopin.com/jobdetail/CC832273410J40693348801.htm?refcode=4019&srccode=401901&preactionid=a7c1140f-c46c-45e5-b867-ab342d8bdc77"
3045,软件测试,重庆-江津区,8000-10000元,重庆科满福人力资源服务有限公司,企业服务,20-99人,,CCL1487604860J40922126304,【岗位职责】： 1、软件测试岗位职责  2、接受测试任务，进行需求分析 3、按照测试计划搭建测试环境，并保证测试环境的可靠性 4、按照测试计划编亏测试用例，保证测试用例合理有效 5、按照测试用例执行测试，及时发现缺陷，并使用工具进行管理缺陷 6、编写和提交测试报告，保证测试进度按计划完成 7、参与审核其他测试工程师的测试用例和报告 8、学习公司已有方案和推广使用新的测试技术和工具 ,6月30日,,"https://www.zhaopin.com/jobdetail/CCL1487604860J40922126304.htm?refcode=4019&srccode=401901&preactionid=a7c1140f-c46c-45e5-b867-ab342d8bdc77"
3046,C/C++,成都-郫都区,1.6-3万·14薪,外企德科数字技术有限公司,专业技术服务,10000人以上,,CCL1480117890J40608538205,职位描述 全额五险一金，试用期全新不打折 后端开发、前端开发、测试、大数据、运维等岗位 职责： 1、负责研发领域IT系统技术方案的设计、开发等工作; 2、负责项目开发过程中的技术攻关及解决运行中出现的技术问题; 3、负责产品核心模块的代码编写和LLT测试: 4、负责产品疑难问题的分析和定位。 岗位要求: 1、热爱编程，基础扎实，熟悉掌握但不限于JAVA/C++/Python/JS/HTML/GO等编程语言中的一种或数种，有良好的编程习惯; 2、具备独立工作能力和解决问题的能力、善于沟通，乐于合作，热衷新技术，善于总结分享，喜欢动手实践。 职位福利：五险一金、年底双薪、绩效奖金、年终分红、节日福利、带薪年假 职位亮点：资深导师提供业务带教等多方面的指导,2025-07-27 00:23:23,外企德科数字技术有限公司是一家2023年新成立的中外合资企业。成立于2023年11月24日，公司定位：专注于为信息技术企业提供人才及数字技术外包解决方案的中外合资企业。它是由中国人力资源服务行业的FESCO（北京国际人力资本集团）与全球人力资源服务领导者The Adecco Group（德科集团）合资成立的。公司主要提供网络技术服务、软件外包服务、计算机系统服务、技术进出口、软件开发等信息技术相关服务。专注于为信息技术企业提供信息技术类人才及数字技术外包解决方案。,"https://www.zhaopin.com/jobdetail/CCL1480117890J40608538205.htm?refcode=4019&srccode=401901&preactionid=a7c1140f-c46c-45e5-b867-ab342d8bdc77"
3047,C/C++,武汉-江夏区,1.2-2万,润和软件,"计算机软件,IT服务",1000-9999人,已上市,CC171774410J40783902814,岗位岗位职责: 1. 使用C++语言进行软件开发与维护。 2. 参与软件的整体架构设计与开发。 3. 优化现有软件的性能。 4. 确保软件质量符合标准。,7月28日,江苏润和软件股份有限公司（以下简称公司）成立于2006年，2012年在深圳证券交易所创业板上市（股票代码：300339），是中国领先的金融科技、物联网行业整体解决方案与综合服务商。经过十多年的发展，公司已经成为中国软件科技产业的大型领军企业。自成立以来，公司一直致力于向国内外客户提供以业务数字化解决方案基础的综合科技服务，以国产化、数字化为中心，主营业务横跨金融科技、物联网两大领域，客户遍及中国、日本、东南亚、北美等区域。公司总部位于南京，在北京、上海、深圳、广州、重庆、成都、武汉、西安、合肥、福州、香港等地设有分子公司，并在日本东京、新加坡、美国波士顿设立了海外子公司，能够为客户提供全面、即时、高效、前沿的数字化科技服务。金融科技公司金融科技业务以为传统金融业数字化转型提供整体解决方案与综合服务为业务定位，将城商行、第一梯队农商行、保险公司作为目标客户，帮助传统金融机构突破五大数字化能力短板，并在行业内率先构建起了包括需求管理、架构管理、开发管理、测试管理、投产发布和项目管理在内的软件全生命周期管理能力平台，实现自动化、知识化与仿真化，进一步提升了公司在金融科技领域的核心竞争力。 IDC中国银行业IT解决方案市场报告显示，银行业核心系统市场份额连续两年行业第二、信息化测试领域市占率超50%，遥遥领先，表明公司已经在国内金融科技领域建立了较高的品牌影响力。物联网当前，公司的物联网板块将赋能行业客户物联化、智能化、数字化的升级转型作为发展愿景，打造端到端(软硬件一体化)的物联网解决方案和综合服务体系。公司建立了完整的“预研-设计-开发-测试-运维”技术实施体系，打通了从端到云、从技术到应用的全栈式解决方案能力。润和推出新一代AI计算平台HiHope，包括HiHope硬件开发平台、HiHope AI-Engine、HiHope开源社区。HiHope平台专注于以AI芯片为核心，全面整合算力、算法与场景，软硬件一体化，旨在为全球范围内的高新企业、高等院校、科研机构、创客团队等提供一个创新、开放、简易的一站式AI开发赋能平台，最大限度的降低人工智能、图像处理、边缘计算等技术门槛，全面加速各类IOT方案从概念原型到产品化的进程。截至目前，HiHope平台已经与华为海思、瑞萨、索喜、Google、地平线、德州仪器、英飞凌、Microchip、NXP等业界知名芯片商、操作系统商达成战略或深度合作。智能电力：报告期内，公司主要以“物联传感、云计算、大数据”为基础，向电力行业提供数字化解决方案，解决方案包含但不仅限于泛在电力物联网、电力AI、电力营销、电力信息化及信息安全等领域，主要细分市场客户为发电企业、电网企业、新能源企业等。报告期内，仅在智慧电力领域，以HiHope平台推出的七款高性能AI计算平台为基础，公司就具备七大产品形态的规划与自研能力。智能零售：报告期内，公司致力于向传统零售企业进行基于图像与语音识别、深度学习等AI能力的科技赋能，能够为零售企业在门店、客户及供应链的数字化运营提供完整解决方案与一站式综合服务，实现采购、运输、储存、生产、销售的全生命周期管理。公司与线下实体餐饮零售的领军企业百胜中国在苏州肯德基正式启动了实体门店的物联网化项目，主要包括库存盘点与效期智能管理、后厨智能IOT等两大应用场景解决方案。公司与百胜中国的该门店物联网化项目，是公司多年以来在餐饮零售领域的行业洞察、在IOT领域的全栈式技术能力、在专业交付领域的综合服务体系的一次充分整合与提升。到2020年5底，润和软件有近一万一千名员工。依托自身国际软件开发经验积累，润和软件建立了一整套完善的软件工程管理规范机制，打造了一支稳定的、高效率的专业服务团队。公司为员工提供了良好的工作环境和人文氛围，配有食堂、停车场、员工活动室等配套设置，一流的办公环境，完备的配套设施，将激发员工更大的热情和工作投入。公司员工福利优厚，除工资、奖金、社会统筹保险、住房公积金外，还有午餐补贴、旅游、体检以及丰富多彩的文体活动等。润和软件总部坐落于南京软件核心区域—“中国（南京）软件谷”的“润和创智中心”。“润和创智中心”作为中国（南京）软件谷地标项目，位于中国南京软件谷北园核心区。占地面积约3.7万平方米，可满足7000-10000人同时办公。有独立而完善的研发中心、数据中心、测试中心和实训基地。园区配套设施齐全，交通十分便利，可无缝衔接南京绕城公路、G42沪蓉高速、G25长深高速、G40沪陕高速。紧临地铁1号线、5分钟抵达河西万达CBD、10分钟抵达新街口商业圈、20分钟抵达南京禄口国际机场。,"https://www.zhaopin.com/jobdetail/CC171774410J40783902814.htm?refcode=4019&srccode=401901&preactionid=a7c1140f-c46c-45e5-b867-ab342d8bdc77"
3048,测试工程师,苏州-吴中区,6000-8000元,上海耘瓴端网络科技有限公司,电子商务,300-499人,,CCL1346212520J40550344004,工作内容： 万用表，功率计，电烙铁都是基本的使用工具 基本的测试常识，主要是测试产品的性能、可靠性等测试方法均需要掌握，测试过程记录原始数据以及遇到的测试问题（通过拍照，文字描述等形式），并且将原始数据，测试问题，测试异常等反馈工程师 岗位要求： 大专学历，肯吃苦就行，有上进心就行,4月28日,经营范围包括一般项目：技术服务、技术开发、技术咨询、技术交流、技术转让、技术推广，互联网销售（除销售需要许可的商品），企业管理咨询，信息咨询服务（不含许可类信息咨询服务），物业管理，单位后勤管理服务，园林绿化工程施工，国内货物运输代理，装卸搬运，餐饮管理，办公用品销售，劳动保护用品销售，电子产品销售，机械设备销售，机械零件、零部件销售，日用百货销售，品牌管理，人力资源服务（不含职业中介活动、劳务派遣服务），专业设计服务，软件外包服务，广告设计、代理，广告发布（非广播电台、电视台、报刊出版单位），广告制作，物联网设备销售，物联网技术服务，仪器仪表销售，市场营销策划，商务代理代办服务。,"https://www.zhaopin.com/jobdetail/CCL1346212520J40550344004.htm?refcode=4019&srccode=401901&preactionid=a7c1140f-c46c-45e5-b867-ab342d8bdc77"
3049,技术支持工程师,长沙-长沙县,8000-15000元,三一集团有限公司,"专用设备制造,专用设备制造",10000人以上,未融资,CC134218700J40761442710,【三一重卡海外服务精英招聘】,6月27日,三一主营业务是以“工程”为主题的装备制造业，覆盖混凝土机械、挖掘机械、起重机械、筑路机械、桩工机械、风电设备、港口机械、石油装备、煤炭设备、精密机床等全系列产品，目前，三一挖掘机械、桩工机械、履带起重机械、移动港口机械、路面机械、煤炭掘进机械为中国品牌，混凝土机械为全球品牌。,"https://www.zhaopin.com/jobdetail/CC134218700J40761442710.htm?refcode=4019&srccode=401901&preactionid=a7c1140f-c46c-45e5-b867-ab342d8bdc77"
3050,实施工程师,深圳-福田区,8000-16000元,广州市新文溯科技有限公司,"计算机软件,IT服务",20-99人,未融资,CC139506240J40669775702,岗位发展方向： 1）售后技术支持工程师→售前技术工程师→方案顾问 2）售后技术支持工程师→项目经理 岗位职责： 1、 售后技术支持，故障诊断、问题分析及解决； 2、 负责软件实施，保障项目按时交付，并负责用户培训工作； 3、 负责为客户进行远程试用调试，介绍讲解产品功能； 4、 依据规范要求，撰写相关技术文档； 5、 定期汇总分析技术问题，对产品优化提出建议。 任职要求： 1、本科以上学历，计算机或理工科相关专业； 2、善于与客户沟通，有良好的客户服务意识； 3、学习能力强，独立解决问题能力强，有一定的抗压能力； 职位福利：六险一金，周末双休，年度员工体检，带薪年假，休闲下午茶   ,11月25日,广州市新文溯科技有限公司，成立于2001年，是专注于企业内容管理与智能数据应用的软件解决方案供应商，拥有涵盖产品、服务、解决方案三个层面的整体服务能力，具备业界领先的非结构化数据获取技术、影像文档处理技术、深度学习技术、传真服务器通信等技术，为大型机构企业提供专业优质的解决方案。核心产品是涵盖文档获取、文档内容处理、流程控制、归档管理、文档交互等应用的文档处理平台，具有整体性和开放性两个突出特点，全面支撑机构企业多层次的、个性化的、成长型的业务管理所需。平台具备大型机构企业应用的架构，支持各种业务场景快速搭建的灵活性，满足金融级别标准的稳定性，最大限度保障机构企业业务连续性要求的灾备多样性。优秀的产品源于优秀的客户。截至2019年底，已累计服务大型机构企业500+家，自公司成立以来，紧随金融行业和企业业务的发展，在银行、基金公司、证券公司、保险公司等领域积累了丰富的行业成功经验，主要客户涵盖：Top10银行的70%；Top10基金公司的70%；众多证券同业实例；以及近百家世界500强在华企业。基于领先的技术和行业成功实践经验，一直是银行、基金、证券、大型制造、服务等领域的首选解决方案。依托长期持续的研发创新投入和经验丰富的专业技术团队，实现了自身科技成果的产业化应用，目前已连续两期通过国家高新技术企业认定，取得38项软件著作权，22项高新技术产品，多次荣获广东省优秀软件产品、广州市优秀软件产品，被评为广东软件行业协会理事单位，取得了质量管理体系认证证书。基于专业的顾问服务、十余年磨砺的各行业成功实践和灵活的产品平台，新文溯科技致力于为客户提供业界最高的价值，帮助更多机构和企业实现智能化的业务文档处理流程，满足业务发展的需求。愿景——专注专业，成就所托。使命——行业领先者背后的文档专家，客户业务效率与合规的保障。价值观——责任感：忠于职守，尽心尽责。——专业：以专业的精神，专业的技能，向客户提供高质量的产品与服务。——创新：持续创新以满足客户的业务需求。——团队：融入团队，赢得认可，最大限度地实现自我价值。——共同发展：员工与企业齐心协力，依托公司平台，共同发展。,"https://www.zhaopin.com/jobdetail/CC139506240J40669775702.htm?refcode=4019&srccode=401901&preactionid=a7c1140f-c46c-45e5-b867-ab342d8bdc77"
3051,软件测试,重庆-渝北区,7000-10000元,重庆科满福人力资源服务有限公司,企业服务,20-99人,,CCL1487604860J40922145804,【岗位职责】： 1、软件测试岗位职责  2、接受测试任务，进行需求分析 3、按照测试计划搭建测试环境，并保证测试环境的可靠性 4、按照测试计划编亏测试用例，保证测试用例合理有效 5、按照测试用例执行测试，及时发现缺陷，并使用工具进行管理缺陷 6、编写和提交测试报告，保证测试进度按计划完成 7、参与审核其他测试工程师的测试用例和报告 8、学习公司已有方案和推广使用新的测试技术和工具 ,6月28日,,"https://www.zhaopin.com/jobdetail/CCL1487604860J40922145804.htm?refcode=4019&srccode=401901&preactionid=a7c1140f-c46c-45e5-b867-ab342d8bdc77"
3052,实施工程师,北京-大兴区,5000-10000元,永洪科技,"计算机软件,IT服务,运营商/增值服务,互联网",300-499人,D轮及以上,CC466596620J40936808704,1、了解并参与项目整个建设周期工作(包括产品部署及培训，项目需求调研、方案汇报、开发、测试上线、验收等)； 2、与客户进行技术交流并编写技术方案，了解客户业务分析场景，并提供相应的解决方案和技术建议； 3、收集客户提出的关于产品改造、优化的需求，并反馈给产品部和研发部一起评审，跟进并把控开发进度； 4、配合项目经理做好项目文档编写，处理项目执行过程中各环节遇到的问题，确保项目顺利交付； 任职要求： 1、具备一定数学基础，逻辑思维能力突出，使用过Oracle、SqlServer等数据库进行数据收集、建模、分析相关完整方法者优先； 2、了解java编程语言，能够看懂代码，有java开发经验优先； 3、使用过linux环境，了解常用的linux命令的经验优先； 4、不错的沟通能力，富有责任感、执行力强，有较强的学习能力，具备一定的抗压能力； 5、统招本科及以上学历，计算机或应用数学相关专业，一本院校毕业优先。,7月29日,北京永洪商智科技有限公司（简称永洪科技），是一家致力于打造全球数据技术厂商，依托自主知识产权的一站式大数据平台形成完善的产品及服务体系，具备从数据应用方案咨询、数据治理、数据可视化分析、数字孪生、AIGC智能分析、数据深度应用到数据平台实施运维服务的端到端大数据价值服务能力，连续六届获得中国BI商业智能领域首名，也是专精特新“小巨人”企业。永洪科技的管理团队拥有世界百强企业或世界大数据企业10年以上从业经历，曾多次获得国际大奖，包括Java One大奖、软件界的奥斯卡大奖JDJ读者奖等。永洪科技的BI拥有分布式计算、分布式存储、分布式通信、云计算、数据处理、数据展现等多项技术专利。产品足以比肩国际同类产品，并在高性能、易用性、AI深度分析等方面形成独特优势。2022年，为了满足业务用户商业分析时代的数据应用需求，构建了更为全面的产品体系，即以永洪社区为基础，“免费全家桶”产品组合为支柱，“付费全家桶”产品组合为核心的模式，服务不同规模、类型、需求的客户。对于缺乏预算的小企业或者是大部门、以及有数据分析需求的个人，可以使用“免费全家桶”产品组合，即vividime Desktop Basic、X+Viewer、永洪云，完成数据分析，业务洞察。当企业逐步发展、有一定预算后，则可以升级为vividime Desktop Professional、永洪云独享版，延伸出更多数据应用场景，进一步提升效率和专业度。同时企业也可部署企业级BI平台vividime X-Suite/Z-Suite，实现更为丰富的企业级数据管理。2012年成立至今，已完成腾讯领投的2亿元C轮融资，业绩保持300%~500%的年增长率，拥有来自国内外一流大学与技术公司的研发队伍。除北京总部外，在上海、深圳、成都、大连等地设有分公司，并于2018年成功进军海外市场。秉承“以卓越的数据技术和客户服务为客户创造价值，长期与客户共同成长”的使命，凭借产品技术的创新及坚实的服务，永洪科技得到了广泛认可，获得了包括中国BI大数据领域首位企业奖、中国优质BI方案提供商、中国明日之星等大数据与人工智能领域的众多荣誉。永洪科技拥有1000+家合作伙伴，包括腾讯、华为、用友等战略合作伙伴；10000+家企业客户，包括中国银行、招商银行、华泰证券、国家电网、中国移动、家乐福、美的、格力、北京汽车、科技部、海关总署、中国人民警察大学等，涵盖了金融、制造、零售、能源、政府、教育等近20个中国支柱产业及新经济产业，并在金融、制造领域的市场占有率首位。,"https://www.zhaopin.com/jobdetail/CC466596620J40936808704.htm?refcode=4019&srccode=401901&preactionid=a7c1140f-c46c-45e5-b867-ab342d8bdc77"
3053,测试工程师,苏州-吴中区,6000-9000元·15薪,颀中科技(苏州)有限公司,"电子/半导体/集成电路,电子/半导体/集成电路",1000-9999人,未融资,CC137480290J40824022108,"1.新的探针卡进厂的相关检验,并配合产品工程师Release  2.探针卡的日常保养和维修，提升测试稳定性",7月25日,"公司简介：颀中科技(苏州)有限公司成立于2004年6月，是合肥颀中科技股份有限公司的全资子公司，坐落在美丽的苏州工业园区。凭借在集成电路先进封装行业多年的耕耘，公司在以凸块制造和覆晶封装为核心的先进封装技术上积累了丰富经验并保持行业领先地位，形成了以显示驱动芯片封测业务为主，电源管理芯片、射频前端芯片等非显示类芯片封测业务齐头并进的良好发展格局。公司将以广阔的个人发展空间，高度灵活的用人机制，有竞争力的薪酬待遇诚邀您的加入！公司提供员工宿舍及免费工作餐。并按国家规定为员工缴纳社会保险。交通方式： 1.乘坐公交219路,至惠氏公司站下车,沿凤里街向南约400米,可见颀中科技 2.乘坐公交27路,至2.5产业园站下车,沿凤里街向北400米,可见颀中科技应聘须知： 1.确认自己的意向职位，请勿重复投递简历。 2.邮件投递简历是请投递至邮箱 Betty_Shao@chipmore.com.cn，请以应聘职位为邮件主题（eg:设备工程师），简历以附件形式发送。 3.请确保您联络电话通畅,我们将以电话通知。","https://www.zhaopin.com/jobdetail/CC137480290J40824022108.htm?refcode=4019&srccode=401901&preactionid=a7c1140f-c46c-45e5-b867-ab342d8bdc77"
3054,软件测试,西安-雁塔区,4000-8000元,西安软玥信息技术有限公司,计算机软件,20-99人,未融资,CCL1476319810J40595574415,岗位职责：,11月14日,西安软玥公司成立于2023年，主要致力于计算机软硬件及辅助设备批发；计算机软硬件及辅助设备零售；集成电路销售；集成电路芯片及产品销售；计算器设备销售；软件销售；电子产品销售；终端测试设备销售；互联网数据服务；网络技术服务；软件开发；软件外包服务；网络与信息安全软件开发；数字文化创意软件开发；集成电路设计；信息系统集成服务；物联网技术服务；数据处理和存储支持服务；信息技术咨询服务；数据处理服务；动漫游戏开发；计算机系统服务；信息咨询服务（不含许可类信息咨询服务）；市场营销策划；图文设计制作；企业管理咨询；专业设计服务；技术服务、技术开发、技术咨询、技术交流、技术转让、技术推广。·工作氛围超nice，能力提升UP UP·绩效奖金拿到手软，每一分付出都能看见回报…,"https://www.zhaopin.com/jobdetail/CCL1476319810J40595574415.htm?refcode=4019&srccode=401901&preactionid=a7c1140f-c46c-45e5-b867-ab342d8bdc77"
3055,测试工程师,上海-浦东新区,150-250元/天,博流智能科技(南京)有限公司,电子/半导体/集成电路,100-299人,,CC452167680J40723339007,职位描述： 1. 参与蓝牙产品的CI（持续集成）测试流程设计与执行，确保产品符合蓝牙协议标准； 2. 根据需求编写蓝牙CI测试用例，覆盖协议栈、兼容性、性能等核心场景； 3. 分析测试结果，定位蓝牙连接、功耗、稳定性等问题，协助开发团队优化产品； 4. 维护测试文档，输出标准化测试报告； 5. 学习并掌握蓝牙5.x/6.x等最新技术动态，参与技术分享。,7月15日,,"https://www.zhaopin.com/jobdetail/CC452167680J40723339007.htm?refcode=4019&srccode=401901&preactionid=a7c1140f-c46c-45e5-b867-ab342d8bdc77"
3056,软件测试,西安-未央区,1.3-1.8万·13薪,方得(青岛)人力资源有限公司,咨询服务,20-99人,,CCL1462672470J40736804116,岗位职责： 1. 负责软件的功能测试。 2. 执行测试用例，报告缺陷并跟踪缺陷的修复。 3. 与开发团队协作，确保软件质量满足需求。 4. 参与软件测试流程的优化和改进。 岗位要求： 1. 熟悉软件测试理论、方法和流程。 2. 具备功能测试经验。 3. 了解运维工程师、网络工程师的工作内容，能进行基本的IT质量管理。 4. 有信息技术、标准化、电子或电路工程相关背景者优先。 薪资待遇：包住、六险一金、工龄工资、生日礼金、定期体检、带薪年假、绩效奖、项目奖、年终奖.,2025年07月29日,,"https://www.zhaopin.com/jobdetail/CCL1462672470J40736804116.htm?refcode=4019&srccode=401901&preactionid=a7c1140f-c46c-45e5-b867-ab342d8bdc77"
3057,实施工程师,佛山-高明区,5000-10000元·13薪,广州市东鼎智能装备有限公司,电子/半导体/集成电路,300-499人,,CC853535130J40835687215,岗位描述∶ 1、负责现场的二维码、货码实施； 2、负责现场AGV上线； 3、协助现场负责人进行设备调试； 4、负责现场日常运维工作。 招聘要求∶ 1、具有海康AGV项目实施经验； 2、具有较强的沟通表达、协调能力和分析判断能力，良好的人际关系处理能力，具有团队协作精神； 3、中专以上学历，计算机专业、自动化专业等专业毕业； 4、有海康/库卡机器人等AGV行业经验者优先； 5、熟悉windows和linux操作系统知识，网络知识、数据库（oracle、mysql）知识掌握较好者优先； 6、有以下证书者优先：HCT/HCA/HCP等； 7、能适应一定强度的出差工作。 工作地点：江门、佛山、广州、东莞,4月17日,,"https://www.zhaopin.com/jobdetail/CC853535130J40835687215.htm?refcode=4019&srccode=401901&preactionid=a7c1140f-c46c-45e5-b867-ab342d8bdc77"
3058,实施工程师,合肥-蜀山区,6000-10000元,合肥本源物联网科技有限公司,"电子设备制造,物联网,人工智能,通信/网络设备",20-99人,未融资,CC828606800J40655670014,岗位职责： 1、向客户提供蜂窝通信模组方案应用的技术支持，当客户提出问题时，需要及时响应客户并尽可能短时间解决客户问题，同时需要根据要求出差现场支持客户； 2、客户问题跟踪、状态维护，客户关系管理; 3、撰写工作中所需要的相应技术文档以及归纳总结客户问题； 4、根据客户的应用情况，为客户提供可行的解决方案； 任职要求： 1.电子工程、计算机、自动控制、机械电子、通讯等相关专业，本科及以上； 2.对技术问题有较强的独立分析和解决能力； 3.在工作上能独当一面，善于沟通，有团队合作精神，有强的责任心，容易相处。,8月23日,合肥本源物联网科技有限公司系本源量子第一家控股子公司，落户HRG华东产业基地。本源物联为国家高新技术企业、科技型中小企业、安徽省“专精特新”企业、规模以上工业企业、安徽省大数据企业、合肥经开区瞪羚企业。本源物联是扎根安徽、服务全国的智慧物联技术产业化企业。本源物联与中国科学技术大学、合肥工业大学等高校深度合作，部分技术已获合肥市关键共性技术研发和重大科技成果工程化项目立项，目前已获授权核心技术知识产权30余项。公司长期专注工业联网通讯产品的研发、生产及销售，产品主要面向物联网终端客户，硬件产品包括GPRS/GPS/Cat-1/4G DTU、4G/5G工业路由器、车载Android智能板卡及模组等，目前已经应用于通信、银通、安防、汽车等行业；公司自主研发的云平台能够实现快速远端数据采集及呈现，帮助客户实现物联网技术升级。,"https://www.zhaopin.com/jobdetail/CC828606800J40655670014.htm?refcode=4019&srccode=401901&preactionid=a7c1140f-c46c-45e5-b867-ab342d8bdc77"
3059,软件测试,郑州-管城回族区,8000-10000元,重庆科满福人力资源服务有限公司,企业服务,20-99人,,CCL1487604860J40929254204,【岗位职责】： 1、软件测试岗位职责  2、接受测试任务，进行需求分析 3、按照测试计划搭建测试环境，并保证测试环境的可靠性 4、按照测试计划编亏测试用例，保证测试用例合理有效 5、按照测试用例执行测试，及时发现缺陷，并使用工具进行管理缺陷 6、编写和提交测试报告，保证测试进度按计划完成 7、参与审核其他测试工程师的测试用例和报告 8、学习公司已有方案和推广使用新的测试技术和工具 ,7月7日,,"https://www.zhaopin.com/jobdetail/CCL1487604860J40929254204.htm?refcode=4019&srccode=401901&preactionid=a7c1140f-c46c-45e5-b867-ab342d8bdc77"
3060,C/C++,西安-雁塔区,1-1.5万,中国航空工业集团公司西安航空计算技术研究所,学术/科研,1000-9999人,未融资,CC293412280J40881919004,1、掌握c/c++、数据结构、数据库、操作系统等基本知识，具备丰富的软件开发经验 2、具有DDS/KAFKA/FD-BUS/MQTT/SOMEIP等消息总线开发经验者优先 3、具有蓝牙、wifi、驱动适配经验者优先 4、具有linux网络协议栈开发经验者优先 5、硕士以上学历,6月12日,中国航空工业集团公司西安航空计算技术研究所（航空工业计算所），创建于1958年，是我国唯一专门从事机、弹载计算机研制的专业科研生产机构。现已建成了关键技术预研、型号产品研制、定型产品批产和产品维修保障四个方面完整的科研生产体系，产品广泛应用于航空、航天、船舶、电子、兵器等领域，是国内嵌入式计算机领域的领军单位。,"https://www.zhaopin.com/jobdetail/CC293412280J40881919004.htm?refcode=4019&srccode=401901&preactionid=a7c1140f-c46c-45e5-b867-ab342d8bdc77"
3061,软件测试,柳州-柳江区,1-1.2万·13薪,青岛瑞晟元人力资源有限公司,人力资源服务,20人以下,不需要融资,CCL1431271280J40777390707,,2025年07月29日,,"https://www.zhaopin.com/jobdetail/CCL1431271280J40777390707.htm?refcode=4019&srccode=401901&preactionid=a7c1140f-c46c-45e5-b867-ab342d8bdc77"
3062,Java,武汉-江夏区,1.5-3万·14薪,外企德科数字技术有限公司,专业技术服务,10000人以上,,CCL1480117890J40778780105,岗位职责： 1、负责SaaS软件等产品特性的系统设计、核心开发与交付及运维，构建软件工程能力。 2、主导或参与客户原始需求分析、系统设计等，能够与团队融洽协作，高质量完成核心交付。 3、主导或参与系统核心模块的技术竞争力构建，跟踪分析业界发展趋势并完成竞争力分析。 4、负责相关子系统及业务流程的优化，研发过程持续改进。 任职要求： 1、JAVA基础扎实，充分理解面向对象，熟悉io、nio、多线程、设计模式、通信协议等基础技术；熟悉JVM 工作原理并掌握常见性能调优方法； 2、熟悉Spring、Springmvc、Mybatis、Hibernate等常用开发框架及特征，熟悉常用中间件Tomcat、Mq、Kafka等； 3、熟悉单元测试用例开发；熟悉软件技术文档的编写； 4、具备良好的文档编制习惯和代码书写规范。,2025-07-27 00:24:57,外企德科数字技术有限公司是一家2023年新成立的中外合资企业。成立于2023年11月24日，公司定位：专注于为信息技术企业提供人才及数字技术外包解决方案的中外合资企业。它是由中国人力资源服务行业的FESCO（北京国际人力资本集团）与全球人力资源服务领导者The Adecco Group（德科集团）合资成立的。公司主要提供网络技术服务、软件外包服务、计算机系统服务、技术进出口、软件开发等信息技术相关服务。专注于为信息技术企业提供信息技术类人才及数字技术外包解决方案。,"https://www.zhaopin.com/jobdetail/CCL1480117890J40778780105.htm?refcode=4019&srccode=401901&preactionid=a7c1140f-c46c-45e5-b867-ab342d8bdc77"
3063,实施工程师,广州-天河区,130-150元/天,广东道一信息技术股份有限公司,"互联网,IT服务,计算机软件",500-999人,未融资,CC136059730J40763552711,岗位职责,7月28日,"公司介绍：道一云是中国低代码平台的领导厂商、腾讯战略投资企业、腾讯生态核心合作伙伴。作为“低代码、高效率”的数字化应用基础设施提供商，公司致力于组织的生产力提升，为客户提供低代码、高效率的数智化转型解决方案，涵盖千人千面、智能流控的企业级门户、30多款开箱即用的场景应用，以及面向企业个性化搭建需求的低代码平台。目前已经为超过60个行业72万家组织提供数字化应用基础设施。作为腾讯战略投资企业，道一云与腾讯联合开发了多个行业解决方案，帮助政府和企业持续数字化创新，成为微信生态最多用户使用的数字化应用基础设施供应商。公司荣誉：道一云具有19年的移动互联网核心技术积累，拥有自主专利、软件著作权100+项，并通过全国计算机系统集成三级以及国际软件成熟度CMMI五级等国内外众多行业资质认证,参与了多项低代码国家标准制定；公司曾获中国智能系统办公领军企业、中国零售优秀服务商、中国年度**雇主、腾讯云启最佳协同企业、腾讯千帆引领之星、广东软件风云榜“新锐企业”、广州十佳互联网创新企业等众多荣誉,并评选为广东省SaaS工作平台工程技术研究中心，广州市专精特新企业，是业内技术创新的优秀典范。福利待遇：1、上班时间：双休，弹性工作制，09：00/9:30-12：00，13：30－18：30/19:00；2、五险一金：为员工购买五险及住房公积金；3、就餐补贴：公司根据员工工作时长给予膳食补贴；4、年终奖：公司将根据运营情况发放年终奖；5、丰富假期：国家法定节假日、带薪年假（转正后）、婚假、产假、陪产假、带薪病假等；6、文娱活动：月度生日会，不定期部门聚餐、员工拓展等；7、培训分享：一对一导师制，定期举行新员工入职培训，不定期组织各类型分享会；8、舒适环境及生活：提供开放舒适的办公、生活环境（自动贩卖机、咖啡机、微波炉、大冰箱等）；9、晋升广阔：公司企业文化公平竞争、公开选拔、鼓励优秀，晋升渠道畅通。您可登陆公司官网，查看公司详细资料了解更多内容。公司官网：http://www.do1.com.cn产品官网：http://wbg.do1.com.cn/公司地址：广州市天河区员村一横路3号道一云","https://www.zhaopin.com/jobdetail/CC136059730J40763552711.htm?refcode=4019&srccode=401901&preactionid=a7c1140f-c46c-45e5-b867-ab342d8bdc77"
3064,前端开发,上海-浦东新区,1.5-1.6万,郑州高新技术产业开发区墨砂拓网络文化传播有限公司,互联网,500-999人,,CCL1494958600J40778857514,岗位内容： 1. 开发响应式Web页面和功能组件，确保优秀的用户体验 2. 与后端开发人员合作，实现应用程序的完整性和可维护性 3. 设计和实现复杂的前端UI交互，并在跨浏览器环境中进行测试和故障排除 任职要求： 1. 精通HTML、CSS和JavaScript，并熟悉至少一种主要的前端框架（如React或Angular） 2. 具备良好的沟通能力和团队合作精神，有解决问题的能力和创新思维 3. 至少两年以上相关前端开发工作经验,7月17日,总公司成立于2013年，位于上海，2016年开始拓展成立分公司北京、广州、深圳、武汉、长沙、郑州等一线城市，目前公司主营国内外线上产品销售及运营推广，年营业额20000万，员工福利五险一金、带薪年假、住宿补贴等。,"https://www.zhaopin.com/jobdetail/CCL1494958600J40778857514.htm?refcode=4019&srccode=401901&preactionid=a7c1140f-c46c-45e5-b867-ab342d8bdc77"
3065,软件测试,西安-未央区,1.3-1.8万·13薪,方得(青岛)人力资源有限公司,咨询服务,20-99人,,CCL1462672470J40735768316,,2025年07月28日,,"https://www.zhaopin.com/jobdetail/CCL1462672470J40735768316.htm?refcode=4019&srccode=401901&preactionid=a7c1140f-c46c-45e5-b867-ab342d8bdc77"
3066,Java,深圳-罗湖区,6000-8000元,深圳市维度数据科技股份有限公司,"咨询服务,咨询服务",500-999人,已上市,CC202641310J40701981901,【岗位职责】    1、根据产品需求完成软件/系统的开发或研发任务；,7月25日,维度数据（深圳市维度数据科技股份有限公司）创立于2000年，是一家专注于数据价值发掘和数据开发应用的服务提供商，致力于为政府、企业及公众提供数据智能化的解决方案。维度数据秉承科技引领、融合发展的理念，深耕数据产业及相关技术应用，整合互联网、云计算、大数据和人工智能等技术，解决多源数据的标准化应用问题，在统计咨询、产业研究、评估决策、商业应用等诸多领域，为客户提供优质、高效、可信赖的数据产品、行业解决方案与咨询服务，助力数字化转型和智能化升级，协助客户全面提升决策质量、治理水平与竞争优势。维度数据坚持创新驱动的企业发展战略，以全球视野推动数据服务领域的变革，聚焦前沿技术引领数据产业发展，打造数字化智能应用的行业典范，构建全新的数据服务价值生态，致力于成为全球领先的数据智能服务品牌。公司福利： 1.领先同行业的薪资待遇。 2.婚庆、生育等各项礼金。 3.公司各类基金解决员工购房、患病等后顾之忧。 4.公司长期服务奖金。 5.员工持股计划。 6.每年2次旅游（可带家属）。 7.17类丰富的假期。,"https://www.zhaopin.com/jobdetail/CC202641310J40701981901.htm?refcode=4019&srccode=401901&preactionid=a7c1140f-c46c-45e5-b867-ab342d8bdc77"
3067,技术支持工程师,重庆-南岸区,4000-6000元,重庆君翰互动企业服务有限公司,计算机软件,20-99人,,CCL1493771480J40728947411,岗位内容： 1. 提供技术支持和解决客户的问题。 2. 将记录问题和解决方案文档化，并向其他团队成员传达信息以提高整体水平。 3. 处理复杂和技术性问题，协调相关部门跟进。 4. 不断学习与更新产品及技术知识。 任职要求： 1. 计算机科学、信息技术或相关专业优先； 2. 熟悉常见支持工具和技术，如操作系统、网络、安全、数据库等； 3. 良好的沟通能力和抗压能力；,4月27日,,"https://www.zhaopin.com/jobdetail/CCL1493771480J40728947411.htm?refcode=4019&srccode=401901&preactionid=a7c1140f-c46c-45e5-b867-ab342d8bdc77"
3068,实施工程师,秦皇岛-卢龙县,6000-9000元,中珀(北京)新材料科技有限公司,"新材料,化工,新材料,化学原料/化学制品",100-299人,A轮,CCL1446730050J40763863210,岗位职责：  1、参与公司产品的现场调试、喷涂及技术支持工作，协助客户完成系统部署。   2、协助解决客户在使用产品或服务过程中遇到的技术问题。   3、学习并掌握公司产品或技术的核心知识，能够独立完成基础技术支持任务。   4、‌收集客户意见反馈‌，并跟踪反馈进展   5、协助编写技术文档，如操作手册、维护手册等。   6、参与团队内部的技术培训和交流，提升个人技术水平。   7、协助销售团队完成技术方案的制定和客户技术答疑。   8、参与技术培训，提升团队整体技术水平。   9、完成上级交办的其他技术相关任务。,7月25日,中珀新材业务范围:中珀新材专注于高性能涂装防护新材料的研发、生产和应用。主要产品有：界面超组装多孔碳复合材料、高分子碳纳米复合材料（迭代/改性聚脲）系列、纳米硅海洋防污涂料（长效海洋防污）系列、水性自交联氟硅新材料系列、高性能防护复合材料（环氧/聚氨酯）系列。产品主要功能应用：工业设备配件、乘用/商用车辆、军工特行、道路航空交通、新能源基础结构、水利电力能源、大型基础建设等的抗渗、抗冲击、耐腐蚀、耐磨损、耐候（耐老化）、耐高温、阻燃、隔音、防爆防弹等性能，为各行各业提供多功能防护涂装新材料的整体解决方案。现有员工100人，办公科研及厂房面积20000㎡，包含产品研发、产品设计、产品生产（聚合、制浆、制备、品控）产品销售、技术服务等全制程能力。总部地址：北京东三环南路佳龙大厦8层研发中心：北京经济技术开发区九城科创园华北生产基地：河北秦皇岛绿色化工园区华中生产基地：湖南省长沙市经济开发区,"https://www.zhaopin.com/jobdetail/CCL1446730050J40763863210.htm?refcode=4019&srccode=401901&preactionid=a7c1140f-c46c-45e5-b867-ab342d8bdc77"
3069,C/C++,苏州-吴中区,1-2万,苏州千机智能技术有限公司,"计算机软件,电气机械/电力设备,船舶/航空/航天/火车制造",100-299人,B轮,CC292939930J40618929311,岗位职责： 1. 负责产品模块功能开发、交互功能开发； 2. 根据项目开发计划和任务分配，完成相应软件模块设计、编码、测试、发布部署等任务； 3. 根据需求对现有代码进行修改和定制，软件维护、升级调试、故障调试等；   任职要求： 1. 计算机、数学、机械、电子、自动化等工科专业本科以上； 2. 熟悉C/C++面向对象编程，熟悉QT、python； 3. 深入理解面向对象编程，熟悉系统内存管理、多线程、多进程相关知识； 4. 掌握经典数据结构与算法、了解设计模式； 5. 有CAD/CAM开发经验者优先。,11月12日,苏州千机智能技术有限公司落户于环境优美风景宜人的新加坡工业园区，是一家从事工业软件研发、应用与产业化的高科技企业。公司专注于工业4.0核心工业制造软件CAD/CAM的研发，助推制造业转型升级，享受国家和地方政府重点支持，是苏州科技创业领军人才企业。公司产品主要应用于航空发动机与燃气轮机的关键部件制造工艺开发，以及航空航天、模具、精密机械等行业。公司坚持以“科技创新、开放共享”之理念，与有识之士共创未来。,"https://www.zhaopin.com/jobdetail/CC292939930J40618929311.htm?refcode=4019&srccode=401901&preactionid=a7c1140f-c46c-45e5-b867-ab342d8bdc77"
3070,实施工程师,常州-新北区,1-1.5万,广东育坤企业管理有限公司,"人力资源服务,人工智能,企业服务",300-499人,不需要融资,CCL1464544780J40735472016,"主要职责： - 负责产品的技术支持 n 具备优秀的业务意识，负责售后技术方案的有效实施，精准把握客户需求，提供敏捷且经济的技术支持方案 n 关注客户端设备的使用状况（结合客户需求），运用大数据对服务需求与方案进行系统整理和归类，推动服务技术方案标准化与复制，支持服务技术方案及新产品迭代开发 n 对服务技术知识进行系统总结与结构化，开展服务知识培训，将知识转化为效率提升和业务拓展的有力支持工具 n 优化技术支持工具，提升技术支持效率（helpdesk，技术文档指导、产品知识库整理、eStudio支持） n 参与质量问题的技术处理及持续改善 - 负责新产品的服务交付及维护支持 n 负责新产品中的服务需求挖掘、服务开发；  n 持续探索并推动DFS在敏捷业务中落地，促进服务业务转化与增长，以及服务效率提升 n 负责服务技术通告编写、发布管理 n 负责lead新产品ramp up阶段的FOK(hypercare)，进行经验总结和优化 - 负责客户中心（CSC） 的服务管理 n 产品知识培训管理 u 负责对产品的技术培训材料编写、材料管理工作 u 负责产品的上市及日常服务培训工作 u 负责对于MO培训的管理工作（培训需求、培训计划、培训考核），持续提升服务的技术能力 u 协助SBU做好相应产品的培训支持工作 n 负责e-studio(etraining,edemo)的实施管理 - 完成上级安排的其他工作 任职资格: · 教育背景 - 本科及以上学历，电气背景 · 工作年限 - 2年以上产品技术管理、支持及应用技术支持，具有培训相关经验者优先（电气技术） · 专业技能要求  - 较强的人际沟通、言语表达能力 - 熟练常规的办公软件并能熟练操作使用 - 较好的视频拍摄及视频剪辑能力（plus） - 较好的问题分析、归纳能力 - 较强的自我产品学习能力、产品知识培训能力 - 较强的组织协调能力、项目管理，推动项目实施的能力  - 良好的英文听说读写能力",7月24日,广东育坤企业管理有限公司成为国内一流的人才供应商！广东育坤成立于2023年，深耕招聘及猎头行业，立足广州，辐射全国（上海、深圳、北京、佛山、厦门、长沙、郑州等地），致力成为国内一流人才供应专家。注册资本500万元。,"https://www.zhaopin.com/jobdetail/CCL1464544780J40735472016.htm?refcode=4019&srccode=401901&preactionid=a7c1140f-c46c-45e5-b867-ab342d8bdc77"
3071,实施工程师,南京-鼓楼区,7000-10000元,江苏富科思科技有限公司,医疗设备/器械,20-99人,未融资,CC131936080J40705823416,岗位描述：,7月21日,江苏富科思科技有限公司是一家专业致力于“精准医疗”产品研发、生产和销售的高科技及软件企业。公司由中国科学院陈达院士领衔，为南京“321”人才引进项目，落户于南京新港经济开发区，属于科技创新项目。江苏富科思公司和南京大学联合成立了“南京大学医学影像及精确诊治研究所”，拥有一支强有力、专业化的年轻团队。团队中包含了多位著名医学临床专家、医学放疗物理专家和计算机图像处理专家等，专门研究人员含博士10名、硕士26名以上。公司结合近年来放射肿瘤学界出现的最新理念，成功研发出了具有国际领先水平的放疗及肿瘤诊治系列产品，并被入选国家创新医疗器械目录。本公司以质量求生存，以信誉求发展，“永恒的进步，真诚的关怀”是江苏富科思科技有限公司发展和服务的理念，我们真诚期待与更多的用户和合作伙伴诚信相待，共图发展，为我国放疗和医用软件事业创造更加美好的明天。热情欢迎您的加入！,"https://www.zhaopin.com/jobdetail/CC131936080J40705823416.htm?refcode=4019&srccode=401901&preactionid=a7c1140f-c46c-45e5-b867-ab342d8bdc77"
3072,测试工程师,上海-浦东新区,1.3-1.5万,四川爱多多企业管理有限公司,"电子设备制造,通用设备制造",20-99人,未融资,CCL1244023700J40776892007,,2025年07月28日,劳务派遣服务;新能源厂区电池的生产制造，汽车线束，小时工，包装，质检，成都科技厂区劳务派遣以及电子厂区；小食杂;食品经营。(依法须经批准的项目，经相关部门批准后方可开展经营活动，具体经营项目以相关部门批准准件或许可证件为准)一般项目:企业总部管理，社会经济咨询服务;以力资源服务(不含职业中介活动、劳务派遣服务)，市场营销策划:家政服务:专业保洁、清洗、消毒服务;物业管理，凭总公司授权开展经营活动:企业管理咨询;信息咨询服务(不含许可类信息咨询服务)::数据处理服务;动漫游戏开发;数据处理和存储支持服务，企业形象策划;劳务服务(不含劳务派遣);品牌管理;社会调查(不含涉外调查):市场调查!(不含涉外调查)。(除依法须经批准的项目外，凭营业执黑依法自由开展经营活动),"https://www.zhaopin.com/jobdetail/CCL1244023700J40776892007.htm?refcode=4019&srccode=401901&preactionid=a7c1140f-c46c-45e5-b867-ab342d8bdc77"
3073,实施工程师,珠海-香洲区,8000-13000元·13薪,健帆生物,"医疗设备/器械,生物工程,医疗设备/器械",1000-9999人,已上市,CC141251540J40797755003,岗位职责： 1.负责区域内的产品技术、品牌的推广工作，为医护端客户提供专业建议、技术支持、维护服务和相关资讯；  2.参与学术交流活动的组织，完成产品信息要点、临床应用、前沿进展等内容推广工作； 3.收集和整理市场及客户需求并及时反馈，向公司提供技术、营销等方面的改进建议。 任职要求： 1.2025届/2024届应届本科/硕士，医学类（临床医学、基础医学、预防医学等）、生物类（生物技术、生物医学工程等）、药学类、护理学等相关专业，学习成绩良好，学生工作及实践工作经历丰富者优先；  2.良好的沟通表达能力，积极乐观、吃苦耐劳，能接受出差与全国岗位调配。,6月6日,健帆生物科技集团股份有限公司（股票代码：300529）创建于1989年，总部位于粤港澳大湾区核心城市一一珠海，公司专业从事生物材料和高科技医疗器械的研发、生产及销售，是国家火炬计划重点高新技术企业，荣获“国家科技进步二等奖”“国家制造业单项冠军示范企业”“国家技术创新示范企业”“全国和谐劳动关系创建示范企业”，承担多个国家级科技和产业化项目，具备国家企业技术中心、院士工作站、博士后工作站等科研平台，是以血液净化产品作为主营业务的A股创业板上市公司，市值稳居医疗器械上市公司前列。公司生产的原研原创系列血液灌流器、血液吸附柱产品，市场占有率70%以上，广泛应用于中毒、危重症、肾病、肝病、自身免疫性疾病等领域，每年救治患者数十万，畅销全国超过8000多家大中型医院，并远销90多个国家和地区。健帆将打造独有的血液净化设备、耗材、药品及保险、慢病管理、医疗服务等多位一体的血液净化全产业链，实现集团化、品牌化、多元化发展，为成为“世界一流的高科技医疗技术企业集团”的愿景奠定坚实的基础。,"https://www.zhaopin.com/jobdetail/CC141251540J40797755003.htm?refcode=4019&srccode=401901&preactionid=a7c1140f-c46c-45e5-b867-ab342d8bdc77"
3074,科研人员,成都-郫都区,1.6-2.5万,成都小美伴旅信息技术有限公司,互联网,20-99人,,CC399032630J40654834208,"一、招聘要求 1. 申请者35周岁以下； 2. 具有高分子、材料、化学、物理、电路等相关专业的博士学位； 3. 具有独立从事科学研究的能力和较好的英语水平； 4. 责任心强，工作认真负责，积极主动，具有良好的团队合作精神； 5. 工作地点：成都，电子科技大学清水河校区。 二、薪资与待遇 1. 提供具有竞争力的薪酬待遇（含各种补贴不低于20万元/年）； 2. 入选国家和四川省各级博士后人才计划者，按相关要求匹配薪酬待遇； 3. 学术成果享受学校成果奖励政策，课题组根据科研成果产出提供额外奖励； 4. 合作高校提供博士后人才公寓或租房补贴； 5. 在站期间享受在编职工医疗和子女上学同等待遇，享受四川省博士后子女择校政策； 6. 支持在站期间以项目主要负责人申请国家、省、市级科研项目； 7. 博士后出站，可根据个人意向与成果情况推荐竞聘学校更高级别岗位（如研究员/副研究员等）。 三、合作导师 贾春阳，电子科技大学集成电路学院教授，博士生导师，国家级人才计划入选者。近5年，主持中央军委科技委基础加强课题、国家重点研发课题、国家自然基金面上等10余项科研项目。在Nat. Energy, Nat. Commun., Joule, Energy Environ. Sci.等期刊发表研究论文100余篇；申请中国发明专利50余项，授权30余项；在国际/国内学术会议作特邀/邀请报告30余次。贾春阳教授课题组目前主要从事先进电子材料与薄膜器件研究，研究领域包括：1、钙钛矿等新型薄膜太阳能电池关键材料及器件；2、宽温域高安全储能材料及器件；3、红外、可见光智能可调薄膜材料及器件；4、高性能电子封装材料。",5月24日,成都小美伴旅信息技术有限公司是一家由海归、博士、大学教授在2016年创立的高科技公司，旨在通过融合人工智能、大数据分析、移动互联网等技术，开发智慧旅游与智慧交通等相关产品。热忱希望对此行业以及相关技术热爱的同学们加入团队，一起共同灿烂的明天。,"https://www.zhaopin.com/jobdetail/CC399032630J40654834208.htm?refcode=4019&srccode=401901&preactionid=a7c1140f-c46c-45e5-b867-ab342d8bdc77"
3075,测试工程师,焦作-山阳区,6000-10000元,重庆科满福人力资源服务有限公司,企业服务,20-99人,,CCL1487604860J40937100204,【岗位职责】： 1、软件测试岗位职责  2、接受测试任务，进行需求分析 3、按照测试计划搭建测试环境，并保证测试环境的可靠性 4、按照测试计划编亏测试用例，保证测试用例合理有效 5、按照测试用例执行测试，及时发现缺陷，并使用工具进行管理缺陷 6、编写和提交测试报告，保证测试进度按计划完成 7、参与审核其他测试工程师的测试用例和报告 8、学习公司已有方案和推广使用新的测试技术和工具,2025年07月30日,,"https://www.zhaopin.com/jobdetail/CCL1487604860J40937100204.htm?refcode=4019&srccode=401901&preactionid=a7c1140f-c46c-45e5-b867-ab342d8bdc77"
3076,实施工程师,成都-邛崃市,1-2万,四川零公里工程构件有限责任公司,互联网,100-299人,,CC423058210J40617010502,职位内容描述： 1、配合销售进行桥梁及房建隔减震产品的市场推广工作；包含设计院宣讲活动、技术交流等； 2、协助技术部门或独立提出服务方案，协助完成桥梁及建筑结构的隔减震方案，从技术和商务角度对隔减震方案进行评价和建议； 3、公司内部设计部、销售部、生产安装部与业主、设计单位、总包单位之间的技术沟通和协调工作； 职位要求： 1、结构工程/土木工程/工程力学或相近专业毕业生优先；工民建等相近相关专业也可以 2、有桥梁及建筑设计院结构设计实习经验、减隔震行业实习经验者优先； 3、了解结构设计的各类规范，具备一定的的结构概念知识，对结构计算软件、弹塑性分析有一定了解者优先； 4、良好的工作态度和职业素养，能适应经常出差； 5、沟通能力强，具备良好的客户意识和沟通能力，具有高度的责任感，能充当技术部、销售部、生产安装部门与业主、设计单位、总包单位之间技术沟通的桥梁； 6、可协助销售完成部分商务方面的工作； 7、可接受应届毕业生，高校硕士及以上学历。,3月19日,四川零公里工程构件有限责任公司成立于2004年，注册资金5000万元，位于成都平原西南部的山水之城新津县境内，地理位置优越，交通便利。公司具备独立法人资格，有完整的厂房设施，先进的工艺设备，完善的管理体系，有专业的技术开发队伍和生产一线工人，其中在职员工220余人，高、中级技术人才36人。是从事桥梁工程构件产品开发、生产、销售及服务的专业厂家。主要生产预应力锚具、焊接钢筋网、公路桥梁伸缩装置、预应力混凝土桥梁用波纹管、钢筋直螺纹连接接头等产品。目前现有生产及检验设备280余台，已具备年产600万孔锚具、2万吨焊接钢筋网、30000延米各型公路桥梁伸缩装置、700万米各型预应力桥梁用波纹管和500万个各型钢筋直螺纹连接接头的能力，年产值达2亿元。公司已通过ISO9001质量管理体系认证，公司建立了完善的质量管理体系。原材料进场后必须进行化学成分和力学性能验证合格后方可进入加工环节，在加工过程中，各工序严格按照首检、自检、互检和专职检验配套检验的程序做好质量的管理和监控。并保持完整的产品质量加工过程记录，便于质量追溯。在完成产品的加工后，我们在专业的试验台上定期对产品的整体性能进行验证，同时我们也按国家标准及客户要求将产品送第三方进行质量验证。实践证明我们公司的质量管理体系可靠，产品质量稳定。五类产品均经国家权威质量检测部门检测合格。自二零零四年以来已有四川成绵乐铁路工程、四川雅泸高速、四川纳黔高速、四川广南、广甘高速、四川达万高速、四川成自泸高速、四川南大梁高速、成都二绕、四川叙古高速、四川内威荣，重庆永江高速、丰忠高速、酉沿高速、梁忠高速，湖北保宜高速、郧十高速，甘肃武罐高速、成武高速、营双高速、十天高速、雷西高速，贵州思剑高速、大思高速、铜大高速、仁赤高速、思遵高速、毕都高速、沿德高速、望安高速，广州：国道主干线广州绕城公路南段、广深高速，湖南：新溆高速、怀化绕城等国家和地方工程成功使用了我公司生产的各种系列产品。工程单位多次对我公司产品进行质量抽检，均能满足相应的国家或行业标准要求，赢得了用户的信赖。同时我公司拥有一支经验丰富的售后服务队伍，随时为客户解决产品使用过程中遇到的问题，我们承诺在接到客户要求时，省内24小时到达，省外48小时到达现场为客户提供服务。公司自创建以来，一直秉承“以质量求生存，以创新求发展”的企业理念。公司的发展取得了各部门及同行的认可。目前，我公司在全国设立了10余个办事处，拥有10余个代理商，产品销售20余个省。2011-2013年连续三年被评为新津县“纳税大户”，2012年被认定为“成都市著名商标”，2014年被认定为“四川省著名商标”，分别被列为2012至2014年“地方名优产品目录”。现在，我公司正以更大的投入，力争为用户提供最好的产品、最佳的服务。我公司热切希望与桥梁建设单位、设计单位和施工单位通力合作，共同把我国公路桥梁构件产品质量和应用技术提高到一个新水平。愿我们的产品和服务为您创造更多价值！,"https://www.zhaopin.com/jobdetail/CC423058210J40617010502.htm?refcode=4019&srccode=401901&preactionid=a7c1140f-c46c-45e5-b867-ab342d8bdc77"
3077,前端开发,长沙-岳麓区,9000-13000元,湖南烽旗信息科技有限公司,"通信/网络设备,通信/网络设备",20-99人,不需要融资,CCL1338300610J40767585812,Uniapp 项目开发：参与基于 Uniapp 的跨平台开发工作，能够根据需求快速适配多端，推动应用在移动端和 H5 上的稳定呈现。 岗位要求  1. 计算机相关专业本科及以上学历。  2. 具备至少一个完整项目的全流程经验（需求分析、设计、开发、测试、发布）有小程序开发经验者优先。  3. 熟练掌握 Vue 框架，以及 JavaScript、CSS3、HTML5，熟悉 ES6+、SASS 等前端技术。  4. 熟悉前端模块化、组件化和工程化开发，对代码管理及优化有一定经验。  5. 有责任心，沟通能力强，具备团队合作精神和较强的抗压能力。 加分项,4月27日,"公司发展史：公司成立于2017年,注册资金1000万。公司主要业务为：面向全国通讯行业进行电话增值业务服务。拥有湖南、江苏两大运营中心。与三大运营商（中国移动、中国联通、中国电信）进行增值业务合作，合作过程中各运营商对我司服务高度认可。目前于湖南长沙共有4家公司，分别位于长沙市各区域：湖南盛雄信息服务有限公司、湖南烽旗信息科技有限公司、湖南山禾企业管理咨询有限公司、湖南瀚泰信息服务有限公司。公司以“专注服务、用心服务”为核心，用户需求为中心。","https://www.zhaopin.com/jobdetail/CCL1338300610J40767585812.htm?refcode=4019&srccode=401901&preactionid=a7c1140f-c46c-45e5-b867-ab342d8bdc77"
3078,测试工程师,南宁-良庆区,8000-16000元·13薪,河南瞿麦信息科技有限公司,"人工智能,互联网,电子商务,人工智能",500-999人,天使轮,CCL1503024580J40735399616,岗位内容：  1. 负责软件测试的规划、设计、执行、跟踪和总结工作。 2. 协助研发人员进行问题定位和解决，确保软件品质。 3. 掌握各类测试技术手段，通过持续集成、自动化测试等方式不断提高测试效率和质量。 4. 参与产品评审，积极提供改进建议，推动产品质量的提升。 任职要求：  本科以上学历，最好是计算机相关专业。,7月26日,瞿麦信息科技有限公司是一家聚焦信息技术领域的服务型企业，致力于为各类客户提供贴合实际需求的数字化服务与解决方案，助力客户提升运营效能，适应数字时代发展。一、发展历程公司成立于2018年4月5日，从初期聚焦核心信息技术服务起步，逐步拓展业务边界，在市场竞争中稳步成长。多年来，始终以客户需求为导向，积累了丰富的行业经验，服务覆盖多个领域，树立了良好的品牌口碑。二、核心业务 1.软件开发与定制：深入了解各行业的业务流程与需求痛点，为客户量身定制各类软件系统，涵盖企业资源规划（ERP）、客户关系管理（CRM）、办公自动化（OA）等多个领域，助力企业实现高效运营与精细化管理。 2.数据分析与人工智能：利用大数据分析技术，帮助企业挖掘海量数据背后的价值，为决策提供有力支持。同时，瞿麦积极探索人工智能在各个业务场景中的应用，如智能客服、预测性维护、智能营销等，提升企业的核心竞争力。 3.云计算与网络安全：提供全面的云计算服务，包括云主机、云存储、云数据库等，帮助企业降低IT成本，提高业务灵活性。此外，瞿麦高度重视网络安全，为客户提供专业的网络安全解决方案，保障企业数据安全和业务连续性。 4.物联网与智能硬件：将物联网技术与智能硬件相结合，打造智能化解决方案，应用于智能家居、智能工业、智能交通等多个领域，为用户创造更加便捷、高效的生活与工作体验。三、团队与技术优势专业团队：拥有一支经验丰富的技术队伍，涵盖信息技术多个细分领域，能快速理解客户需求并提供支持。技术保障：紧跟行业技术动态，不断优化技术能力，采用成熟的技术工具和流程，确保服务质量稳定可靠。务实创新：在实践中积累经验，结合行业新技术，为客户提供兼具实用性和前瞻性的解决方案。四、服务特点按需定制：根据客户的规模、行业特点和实际需求，提供适配的解决方案，避免固定模式套用。全程服务：从前期需求沟通、方案设计，到项目实施、后期维护，提供全流程服务支持。高效响应：建立简洁高效的服务流程，快速响应客户需求与问题，保障服务及时性。注重实效：以解决客户实际问题为目标，确保服务成果能切实为客户创造价值。五、合作与展望多年来，公司已为不同类型客户提供过信息技术服务，积累了丰富的实践经验，获得了客户的认可。未来，瞿麦信息科技有限公司将继续秉承“创新、合作、共赢”的发展理念，不断提升技术实力和服务水平，为客户提供更加优质、高效的信息技术解决方案，与客户携手共创美好未来，为推动行业的数字化发展贡献力量。,"https://www.zhaopin.com/jobdetail/CCL1503024580J40735399616.htm?refcode=4019&srccode=401901&preactionid=a7c1140f-c46c-45e5-b867-ab342d8bdc77"
3079,C/C++,上海-松江区,8000-10000元,上海仪电物理光学仪器有限公司,"仪器仪表制造,计算机软件,检测/认证,电子/半导体/集成电路",20-99人,未融资,CC458471615J00264870102,1、通信工程、电子信息工程、计算机相关专业，本科及以上学历；  2、负责产品上层软件的开发设计与维护，配合硬件工程师完成产品联调工作；,6月16日,"上海仪电物理光学仪器有限公司（原上海精密科学仪器有限公司物理光学仪器厂）具有悠久的研发制造物理光学仪器历史，1956年成立至今已走过了六十个春秋，诞生了我国自行研发制造的第一台旋光仪，是国内最大的物理光学仪器制造基地。公司于1985年、2001年、2015年，先后申请注册了“申光”牌商标、“SGW”牌商标和“仪电物光”牌商标，是上海市首批高新技术企业。 2011年，上海仪电控股（集团）公司决定，对上海精密科学仪器有限公司物理光学仪器厂进行机制改革，其所属的物理光学仪器厂业务通过资产运作，成立了“上海仪电物理光学仪器有限公司”，原上海精密科学仪器有限公司物理光学仪器厂全部业务由上海仪电物理光学仪器有限公司延续经营。上海仪电物理光学仪器有限公司是专业研发生产旋光仪、熔点仪、阿贝折射仪、激光粒度仪、雾度仪、色度仪、浊度仪和应力仪等系列产品的公司，有六十余个品种，广泛应用于制药、药检、制糖、质检、食品、化工、石油、计量、轻工、纺织、建材等行业和国防科研、大专院校单位。主导着国内物理光学仪器的市场份额，产品不仅畅销国内，还远销东南亚、中东、欧美等地区。物光品牌历史悠久、技术领先、质量保证、服务至上。半个多世纪来，积淀了丰富的研发、制造经验，并始终保持与国际新技术同步，将高新技术贯穿于产品开发设计中。国内第一台恒温全自动旋光仪、第一台大角度全自动恒温旋光仪、第一台目视自动二用熔点仪、第一台恒温全自动阿贝折射仪已先后问世，投入市场，深受用户青睐，满足了市场的高端需求。多款产品荣获国家科技创新奖、科技成果奖、优秀新产品奖和BCEIA金奖，拥有30多项产品发明专利、产品实用新型专利和软件成果专利。公司在发展中，尤其注重产品的质量与水平，在行业中率先通过ISO9001质量管理体系认证和ISO14001环境管理体系认证。被认定为""上海市高新技术企业""。在全国设有三十余个特约维修站，快速响应，为广大用户及时提供周全服务。上海仪电物理光学仪器有限公司，将进一步提升物光产品市场竞争，将继续秉承“快速、灵活、有效、一致、共享”的经营理念，一如既往为广大用户提供高科技产品和优质服务。","https://www.zhaopin.com/jobdetail/CC458471615J00264870102.htm?refcode=4019&srccode=401901&preactionid=a7c1140f-c46c-45e5-b867-ab342d8bdc77"
3080,C/C++,武汉-江夏区,1.4-2.8万·14薪,外企德科数字技术有限公司,专业技术服务,10000人以上,,CCL1480117890J40710729505,"岗位职责： 1、负责应用软件开发和维护工作。 2、负责软件模块需求分析、系核心模块代码编写和单元测试，完成概要设计文档、详细设计文档。 3、积极主动的与项目相关人员沟通交流，持续改善产品体验。 业务技能要求： 1、熟练掌握常用数据结构； 2、熟悉计算机组成原理、操作系统、网络等，精通C ++开发，深入了解C ++语言特性，精通多线程、IO 、网络编程等； 3、精通客户端与服务器通信协议, 精通XML 、 JSON 数据交换格式, 精通STL 、 Curl 、 DuiLib 等常用的开源库; 4、熟悉底层软件、应用软件，具备操作系统、嵌入式软件开发相关的知识； 5、具有良好的沟通能力，有良好的团队合作精神。对技术有激情，喜欢钻研，能快速接受和掌握新技术，有较强的独立、主动的学习能力。",2025-07-27 00:23:26,外企德科数字技术有限公司是一家2023年新成立的中外合资企业。成立于2023年11月24日，公司定位：专注于为信息技术企业提供人才及数字技术外包解决方案的中外合资企业。它是由中国人力资源服务行业的FESCO（北京国际人力资本集团）与全球人力资源服务领导者The Adecco Group（德科集团）合资成立的。公司主要提供网络技术服务、软件外包服务、计算机系统服务、技术进出口、软件开发等信息技术相关服务。专注于为信息技术企业提供信息技术类人才及数字技术外包解决方案。,"https://www.zhaopin.com/jobdetail/CCL1480117890J40710729505.htm?refcode=4019&srccode=401901&preactionid=a7c1140f-c46c-45e5-b867-ab342d8bdc77"
3081,硬件测试,武汉-江夏区,5000-7000元,湖北工作邦人力资源有限公司,人力资源服务,20-99人,未融资,CCL1480767290J40857269515,岗位职责： 1. 对产品进行测试、检测、调试、组装等简单工作。 2. 确保生产流程的顺畅，严格按照作业指导书进行操作。 3. 维护生产环境的整洁与安全。 岗位要求： 1. 男女不限，年龄18-39岁。 2. 能够适应坐班工作，接受非流水线作业。 3. 遵守公司规章制度，有良好的团队协作精神。 薪资待遇： 综合工资5500-7000元，包含基本工资、月度奖金、加班费、车补、餐补及夜班补贴等。,7月25日,湖北工作邦人力资源有限公司，成立于2024年，位于湖北省武汉市，是一家以从事人力资源商务服务业为主的企业。许可项目：职业中介活动。（依法须经批准的项目，经相关部门批准后方可开展经营活动，具体经营项目以相关部门批准文件或许可证件为准）一般项目：基于云平台的业务外包服务人力资源服务（不含职业中介活动、劳务派遣服务）；劳务服务（不含劳务派遣）；企业管理咨询；企业管理；信息咨询服务（不含许可类信息咨询服务）；信息技术咨询服务；广告设计、代理；企业形象策划；市场调查（不含涉外调查）；家政服务；会议及展览服务；技术服务、技术开发、技术咨询、技术交流、技术转让、技术推广。（除许可业务外，可自主依法经营法律法规非禁止或限制的项目）,"https://www.zhaopin.com/jobdetail/CCL1480767290J40857269515.htm?refcode=4019&srccode=401901&preactionid=a7c1140f-c46c-45e5-b867-ab342d8bdc77"
3082,C/C++,深圳-龙岗区,1.4-2.8万·14薪,外企德科数字技术有限公司,专业技术服务,10000人以上,,CCL1480117890J40726445605,要求： 2、熟悉C/C++语言开发，有相关工作经验优先； 3、热衷前沿技术的探索，能快速掌握和理解新技术； 4、有较强的学习能力、良好的团队协作能力、良好的沟通表达能力。,2025-07-28 00:22:36,外企德科数字技术有限公司是一家2023年新成立的中外合资企业。成立于2023年11月24日，公司定位：专注于为信息技术企业提供人才及数字技术外包解决方案的中外合资企业。它是由中国人力资源服务行业的FESCO（北京国际人力资本集团）与全球人力资源服务领导者The Adecco Group（德科集团）合资成立的。公司主要提供网络技术服务、软件外包服务、计算机系统服务、技术进出口、软件开发等信息技术相关服务。专注于为信息技术企业提供信息技术类人才及数字技术外包解决方案。,"https://www.zhaopin.com/jobdetail/CCL1480117890J40726445605.htm?refcode=4019&srccode=401901&preactionid=a7c1140f-c46c-45e5-b867-ab342d8bdc77"
3083,C/C++,武汉-江夏区,1.8-3.5万·14薪,外企德科数字技术有限公司,专业技术服务,10000人以上,,CCL1480117890J40653026205,岗位职责： 1、负责大数据集群管理平台的设计和核心代码开发； 2、负责大数据产品容器部署及微服务开发。 岗位要求： 1、不限经验，精通C++相关技术和框架，熟悉Linux/Unix操作系统原理； 2、有分布式系统设计开发经验，能独立承担软件模块设计和开发工作； 3、熟练掌握Spring MVC、容器、数据库等技术，理解SOA、微服务等关键理念与技术，并有实践应用经验； 4、具有云计算/大数据领域大型运维管理系统开发运维经验优先。 职位福利：五险一金、绩效奖金、年终分红、交通补助、免费班车、弹性工作、节日福利、餐补,2025-07-27 00:23:24,外企德科数字技术有限公司是一家2023年新成立的中外合资企业。成立于2023年11月24日，公司定位：专注于为信息技术企业提供人才及数字技术外包解决方案的中外合资企业。它是由中国人力资源服务行业的FESCO（北京国际人力资本集团）与全球人力资源服务领导者The Adecco Group（德科集团）合资成立的。公司主要提供网络技术服务、软件外包服务、计算机系统服务、技术进出口、软件开发等信息技术相关服务。专注于为信息技术企业提供信息技术类人才及数字技术外包解决方案。,"https://www.zhaopin.com/jobdetail/CCL1480117890J40653026205.htm?refcode=4019&srccode=401901&preactionid=a7c1140f-c46c-45e5-b867-ab342d8bdc77"
3084,前端开发,北京-朝阳区,250-300元/天,数坤科技股份有限公司,"医疗设备/器械,人工智能,医疗设备/器械",300-499人,D轮及以上,CCL1481449490J40759288809,React 前端开发工程师,7月22日,数坤科技是医疗 AI行业的全球领导者，代表了以科技创新推动医疗健康产业发展的新质生产力。自 2017年成立以来，数坤科技始终致力于以原创 AI技术为医疗健康产业提供以人工智能技术驱动的数智化创新解决方案。数坤科技已经为超过 3000家医疗机构和超 1000家体检机构提供智慧医疗 AI服务，合作伙伴遍及全球众多国家和地区。 2018年数坤科技全球首创“数字心”产品组合，拉开冠心病精准诊疗的大幕。此后数年间，数坤科技打造了涵盖心、脑、胸、腹、肌骨、乳腺等主要部位在内的超 40款数字医生产品组合，在超过 90%的 Top100医院和目标公立三甲医院日常高粘性使用。数坤科技已取得 300余项中国专利，20余项全球专利。荣获了工信部、国家卫健委颁发的 2项 AI大赛一等奖，北京市科技进步二等奖，2024年全国医疗大模型比赛第一名等成绩，并获得 14项国家药品监督管理总局（NMPA）第三类医疗器械注册证书、4项欧盟 MDR CE认证、2项美国 FDA认证、4项 UKCA英国认证和 1项日本 PMDA认证，更多产品正在陆续获取认证中。由数坤科技自主研发的数字人体技术平台，集合了云计算、大数据、人工智能、移动计算、物联网技术、AI原生智能硬件、AR、实时渲染等前沿科技，实现了医疗物理世界和数字世界的无缝融合，未来，数字人体技术平台将为每个人提供属于自己身体的数字孪生，拥有私人订制的数字医生。 AI+医院”——智慧医院解决方案数坤科技自主研发的：AI+医院”智慧医院解决方案，结合医院实际需求，推出超 40款数字医生产品组合，协助医院为门诊、影像科、超声科、心内科、肿瘤科、手术室、住院部等科室医生打造新一代工作范式，帮助他们分析图像、识别病变、辅助诊断、优化流程、提高效率、强化质控；同时为医院的卒中中心、胸痛中心、肿瘤中心、急诊/创伤中心注入 AI动能，使其实现快速响应、高效运转、精准救治，为生命提供最强续航，为中心强化成本与质控，为科研储备业务能力与数据，全方位助推公立医院提质增效和高质量发展。“AI+基层”——基础医疗解决方案数坤科技面向基层推出：基础医疗解决方案。该方案以数坤医疗大模型-ShukunGPT为技术抓手，落实“让群众在家门口看上病、看好病”这一深化医改的重要目标。在基层医院场景中，ShukunGPT支持的全科数字医生把主任专家的经验技术下沉到基层，解决基层人才短缺、就诊量不足的实际难题；助力医共体牵头单位发现区域内慢病患者，为其提供“筛、诊、治、康、管”的全链路医疗服务，同时让年轻医生在 AI的帮助降低漏诊、误诊率，提高早诊率。在居家场景中，ShukunGPT为百姓提供个性化专属家庭医生服务包，同时作为百姓线上健康医生提供预问诊、病例质控、用药指导等健康服务。区域健康数字主管通过区域内基层和居家数据的管理，对区域内人群进行风险划分和预警提醒，实现慢病管理的信息化和智能化，助力医防融合体系构建。,"https://www.zhaopin.com/jobdetail/CCL1481449490J40759288809.htm?refcode=4019&srccode=401901&preactionid=a7c1140f-c46c-45e5-b867-ab342d8bdc77"
3085,C/C++,北京-昌平区,9000-13000元,中国软件,"计算机软件,IT服务,计算机硬件,运营商/增值服务",10000人以上,已上市,CC120519400J40753318807,【岗位职责】： 1、 负责公司Windows/Linux环境下终端安全相关软件产品的开发工作 2、 参与系统分析与设计，根据开发规范与流程完成模块的设计、编码、单元测试以及相关文档 3、 调研新技术完成难点攻关 【任职资格】： 1、 硕士及以上学历应届生，特别优秀者可放宽至本科，计算机相关专业，人在北京、有参与软件开发项目优先，可签三方提供落户； 2、 熟练掌握C、C++，熟练掌握常用的调试工具及调试方法； 3、 熟悉系统编程、文件读写、内存管理、了解系统设备管理等，能够进行多线程编程 4、具有扎实的计算机基础理论知识，有较强的沟通及协调能力，具备强烈的进取心和良好的团队合作精神 【公司福利】 1、工作时间及节假日：早九晚六、 周末双休，国家法定节假日按政策休假，同时享有带薪病假、婚假、产假、陪产假、丧假、年假等； 2、社保相关：入职即缴纳五险一金 3、培训相关：专业产品学习，带薪培训 4、补贴相关：通讯费、交通费、餐补、高温补贴、电脑补助 5、工会福利：节日礼品、生日礼物、年度免费体检、员工团建、员工活动（例如员工运动会、绿色出行、元宵猜谜、中医问诊等）,5月14日,中国软件与技术服务股份有限公司（简称“中国软件”），是中国电子信息产业集团有限公司（CEC）控股的大型高科技上市企业，是CEC网络安全与信息化板块的核心企业，承担着“软件行业国家队”的责任和使命。中国软件的历史可以追溯到1980年，是国内软件行业的先行者之一。自成立以来，中国软件全程参与并见证了自主软件产业的发展和壮大。2002年5月17日，中软股份成功在上海证券交易所发行上市；2004年通过整合实现了中国软件的整体上市（股票简称：中国软件；股票代码：600536）。中国软件拥有系统集成、软件开发等众多顶级行业资质，通过了国际质量管理、服务管理、信息安全管理等体系认证，是首批通过全国“软件企业”认证的企业，连续多年被评定为“国家规划布局内重点软件企业”，并入选国家软件百强企业。中国软件以服务社会、振兴自主软件产业为己任，面向信息技术全产业链的国产化开展技术攻关和应用推广，牵头搭建国产软硬件系统的生态环境，参与了以“金”字系列工程为代表的众多国家级信息化项目，得到了用户的高度认可，彰显了“软件行业国家队”的责任与担当。经过多年努力，中国软件打造了完整的从操作系统、数据库、中间件、安全产品到应用系统的产品链条；在全国税务、党政、交通、知识产权、金融、能源、医卫、安监、信访、应急、工商、公用事业等国民经济重要领域积累了上万家客户群体；同时，紧随IT行业发展趋势，着力推动云计算、物联网、移动互联网、大数据等新技术的应用。时至今日，中国软件已经成为国内领先的综合IT服务提供商，拥有三十余家控参股公司和境内外分支机构，与众多合作伙伴一起形成了庞大的客户服务网络。面向未来，中国软件将继续肩负“服务智慧中国，保障国家信息安全”的使命，在争创“中国软件第一品牌，世界一流知名企业”的道路上不断进取，为国家信息化建设和信息产业发展做出更大的贡献。,"https://www.zhaopin.com/jobdetail/CC120519400J40753318807.htm?refcode=4019&srccode=401901&preactionid=a7c1140f-c46c-45e5-b867-ab342d8bdc77"
3086,Java,南京-雨花台区,1.5-2.6万·14薪,外企德科数字技术有限公司,专业技术服务,10000人以上,,CCL1480117890J40644621605,面向全国研究所招聘，挂的是通用岗位JD，各种技术岗位都有哦！！！   ,2025-07-27 00:23:23,外企德科数字技术有限公司是一家2023年新成立的中外合资企业。成立于2023年11月24日，公司定位：专注于为信息技术企业提供人才及数字技术外包解决方案的中外合资企业。它是由中国人力资源服务行业的FESCO（北京国际人力资本集团）与全球人力资源服务领导者The Adecco Group（德科集团）合资成立的。公司主要提供网络技术服务、软件外包服务、计算机系统服务、技术进出口、软件开发等信息技术相关服务。专注于为信息技术企业提供信息技术类人才及数字技术外包解决方案。,"https://www.zhaopin.com/jobdetail/CCL1480117890J40644621605.htm?refcode=4019&srccode=401901&preactionid=a7c1140f-c46c-45e5-b867-ab342d8bdc77"
3087,Java,深圳-龙岗区,1.2-2.4万,外企德科数字技术有限公司,专业技术服务,10000人以上,,CCL1480117890J40792818605,工作职责： 1、参与软件产品的需求分析、系统设计、编码实现及单元测试； 2、维护和优化现有系统，解决性能瓶颈与潜在风险； 3、遵循敏捷开发流程，与产品、测试团队协作推进项目交付； 4、编写技术文档，确保代码可读性和可维护性； 5、跟踪行业技术动态，探索新技术在业务中的落地应用。 任职要求： 1、精通至少一门编程语言（如Java/Python/C++/Go/JavaScript等）； 2、熟悉常用框架（如Spring/Django/React等）及数据库,2025-07-27 00:25:56,外企德科数字技术有限公司是一家2023年新成立的中外合资企业。成立于2023年11月24日，公司定位：专注于为信息技术企业提供人才及数字技术外包解决方案的中外合资企业。它是由中国人力资源服务行业的FESCO（北京国际人力资本集团）与全球人力资源服务领导者The Adecco Group（德科集团）合资成立的。公司主要提供网络技术服务、软件外包服务、计算机系统服务、技术进出口、软件开发等信息技术相关服务。专注于为信息技术企业提供信息技术类人才及数字技术外包解决方案。,"https://www.zhaopin.com/jobdetail/CCL1480117890J40792818605.htm?refcode=4019&srccode=401901&preactionid=a7c1140f-c46c-45e5-b867-ab342d8bdc77"
3088,实施工程师,广州-番禺区,7000-10000元,北京勤邦科技股份有限公司,医药制造,100-299人,未融资,CC416029810J40796108313,岗位职责： 1. 负责公司生物化学试剂、仪器设备等产品售前售后技术支持工作； 2. 协助配合销售完成产品推广、方案制定、招标验收、售后培训、问题反馈与跟踪解决等技术支持工作； 3. 定期参展与参加培训，更新、拓展行业相关知识技能； 4. 主动跟进大客户、问题客户、市场需求以及竞品情况，及时反馈并整理汇总分析，提升产品品牌度； 5. 与其他相关部门进行良好有效的沟通，解决客户、产品问题； 6. 岗位相关的其他工作内容； 任职资格： 1. 硕士学历，生物、动兽医、食品、化学、药学、农学等相关专业； 2. 能够独立完成免疫学、理化、微生物检测技术相关实验操作等日常工作，熟悉ELISA原理、动植物源性残留检测、食品理化指标检测、快检设备及仪器优先； 3. 能够制作PPT讲演稿，具有一定的讲演能力和技术钻研意识； 4. 乐观积极，良好的沟通、表达能力，吃苦耐劳，具有良好的抗压能力，能适应出差。,7月24日,北京勤邦科技股份有限公司（下文简称“勤邦”）是注册于中关村国家自主创新示范区的国家高新技术企业，专注于食品、环境、药品中有毒有害物质快速检测试剂和设备的自主创新开发、成果产业化及市场推广、检测咨询及技术服务等。企业通过ISO9001质量管理体系、ISO13485医疗器械管理体系、ISO14001环境管理体系等认证，是国家专精特新“小巨人”企业，国家应急产业重点联系企业，国家知识产权优势企业。勤邦拥有免疫学、细胞生物学、蛋白工程、基因工程等技术研发平台，已建立农药残留、兽药残留、真菌毒素、激素、非法添加物等小分子有害因子识别抗原抗体库，库存单克隆抗体20000余种，已开发转化快检试剂 700余种，快检设备 20余种。勤邦团队先后主持参与国家重点研发计划、国家重大科学仪器设备开发专项、国家863计划等国家项目 15项，参与制定快速检测技术行业/地方标准 31项，授权发明专利 189项（含PCT发明专利3项）；科研成果获国家技术发明二等奖（2019年）、国家科技进步二等奖（2006年）、北京市科学技术进步奖一等奖等国家省部奖项15项。源于不断的科技创新、稳定的产品质量、高效的行业整体解决方案和完善的技术服务体系，勤邦已为食品生产加工企业、检测机构、检察系统、公安系统食药环侦、海关系统、农业农村系统、市场监督管理局、渔业系统等政府实验室提供产品和服务，产品出口至美国、欧盟、俄罗斯等30多个国家/地区。更多了解，请关注官网地址：Http://www.kwinbon.com，公众号：info-kwinbon。福利： 1.五险一金，试用期开始缴纳。 2.工作居住证及户口：为提高在京工作的外地员工归属感和享受北京市民待遇，公司为符合条件的优秀员工办理北京市居住证；公司为吸引优秀人才，每年从政府积极争取一定进京指标，为优秀应届硕博办理北京市户口。 3.人才引进：为吸引优秀人才与共同长期发展，公司为符合北京市人才引进政策要求的员工办理人才引进手续。 4.健康体检：公司为入职满一年的正式员工每年安排一次全面健康体检。 5.结婚、生育喜庆贺金，直系亲属丧葬慰问金，节日福利。 6.双休，正式员工享受带薪假期（婚、丧、产假、生育假、陪产假、哺乳假、育儿假）和法定假日。培训：公司搭建了完善的培训体系，每年根据培训需求制定各岗位培训计划，任职该岗位的员工有机会获得培训学习机会。职业发展：完善的职业生涯发展体系，结合公司发展需要及员工的优势合理调换工作岗位，为员工职业发展搭建平台。,"https://www.zhaopin.com/jobdetail/CC416029810J40796108313.htm?refcode=4019&srccode=401901&preactionid=a7c1140f-c46c-45e5-b867-ab342d8bdc77"
3089,前端开发,深圳-坪山区,1.3-2.6万,比亚迪股份有限公司,"汽车研发/制造,汽车研发/制造,新能源汽车",10000人以上,已上市,CC132962990J40675356802,岗位职责： 1、根据业务需求设计前端模块与实现； 2、能够独立按时高质量完成相应开发任务，并能够及时沟通开发中碰到得障碍； 3、在开发过程中确保高性能与稳定性，监控性能趋势并及时作出调整建议； 4、与其他成员一起澄清项目范围、开发计划、交付节点、验收准则等于产品交付相关的细节； 岗位要求： 1、精通TypeScript，JavaScript，有3年以上大型项目前端开发经验； 2、熟悉Node.js并且了解一种其他语言Python、Java、C#; 3、熟悉Vue，并深入理解其中实现原理； 4、熟悉大前端整体性能优化方案； 5、熟悉设计模式，常用算法，有良好的计算机图形学基础，熟悉Canvas、WebGL、Threejs等图形库优先； 6、积极主动、聪明好学、善于沟通，追求卓越，具有良好的抗压能力； 7、良好团队多人协作能力，有敏捷开发经验优先。,7月1日,比亚迪是一家致力于“用技术创新，满足人们对美好生活的向往”的高新技术企业。比亚迪成立于1995年2月，经过20多年的高速发展，已在全球设立30多个工业园，实现全球六大洲的战略布局。比亚迪业务布局涵盖电子、汽车、新能源和轨道交通等领域，并在这些领域发挥着举足轻重的作用，从能源的获取、存储，再到应用，全方位构建零排放的新能源整体解决方案。比亚迪是香港和深圳上市公司，营业额和总市值均超过千亿元。,"https://www.zhaopin.com/jobdetail/CC132962990J40675356802.htm?refcode=4019&srccode=401901&preactionid=a7c1140f-c46c-45e5-b867-ab342d8bdc77"
3090,技术支持工程师,包头-九原区,8000-14000元,青岛安然物联网科技有限公司,"物联网,物联网",20-99人,未融资,CC559764920J40823509304,需要弱电技术、自动化、安防系统、工业互联网+危化安全生产、物联网人才，不要纯软件人才。  你能经常到全国各地出差吗？你能到工业生产现场生产现场做技术支持吗？   真正的奋斗者在安然会有让人值得为之奋斗的事业，会有充实、高效的成长，会有高人一等的收入。   你能做好售前技术支持、根据客户需求，高效制作方案吗？你能做好售中技术支持、指导他人正确安装、部署、调试系统向用户保质保量快速交付吗？你能做好售后维护，高效沟通和落实客户需求吗？   迄今已服务中石化、中石油、延长石油、国能、兖矿、京能、索普、新安、奇美、昊源、潞安、旭阳、垦利、逸盛、海科、酒钢、金发等几百家石化、化工、选煤、钢铁、电厂企业。    安然以客户为中心，以强者为本，抬头乐干，愿意与同道中人联合、链接，携手共建、共用、共享生产安全命运共同体，一起干，一起干，让优秀企业更安全，让优秀企业更高效！,2月12日,基于精准人员定位的工业安全生产信息化管理专家，安全生产信息化管理引领者！作为全国实时定位技术标准工作组成员和应急管理部“工业互联网+危化安全生产”人员定位系统技术支持机构，安然从2012年起致力于基于ZigBee Plus三维立体按需精准定位的“工业互联网+安全生产”的研究，获得了20多项安全智能管控系统发明专利和著作权，持续引领中国化工行业生产现场智慧安全！安然以“准、稳、狠”的ZigBee Plus三维立体按需精准人员定位统和“底数清、数据准、情况明、研判准、措施实”的安全生产信息化平台为核心，整合访客管理、出入口控制、人脸识别、视频监控、语音广播、重大危险源监控、可燃有毒气体监测等系统，对生产现场人、机、料、法、环五大要素进行实时、动态、智能管控和预警，规范人的安全行为，保障人的生命安全，有效防范风险、主动化解风险，实现智慧安全。安然“以用为本”，把安全生产信息化建设与公司管理体系“深度融合”，把安全生产信息化建设与日常工作“紧密结合”，对安全生产切实“有用、实用、好用”，避免建用“两张皮”，让安全管控更智能，让生产更高效才实用。迄今已服务中石化、中石油、延长石油、国能、兖矿、京能、索普、新安、奇美、昊源、潞安、旭阳、垦利、逸盛、海科、酒钢、金发等几百家石化、化工、选煤、钢铁、电厂企业。安然以客户为中心，以强者为本，抬头乐干，愿意与同道中人联合、链接，携手共建、共用、共享生产安全命运共同体，一起干，一起干，让优秀企业更安全，让优秀企业更高效！,"https://www.zhaopin.com/jobdetail/CC559764920J40823509304.htm?refcode=4019&srccode=401901&preactionid=a7c1140f-c46c-45e5-b867-ab342d8bdc77"
3091,前端开发,北京-海淀区,5000-8000元,北京美嘉图科技有限公司,"贸易/进出口,检测/认证",20人以下,未融资,CC225368310J40223622808,1、相关设备、软件开发画图、定制方案；   2、能够对经营仪器的安装、调试、培训及维修；   3、电气、自动化、物理、测控、计算机、软件等专业；,3月8日,北京美嘉图科技有限公司(简称MEGATOO公司)是一家以科技创新为主，具有高新技术根基的专业公司，是欧洲、美国、日本等多家厂商的仪器、仪表生产商在中国大陆地区的代理。主要从事地质、石油、材料、化工、生物等行业区域内的专业分析仪器、光学仪器仪表的进出口贸易以及销售及安装调试及售后技术服务；同时，还是一家为石油石化企业供应石油设备，石油生产物资的诚信供应商，本公司在石油工程技术服务领域也有着成熟的技术和优秀的管理及销售技术支持团队。公司所代理的产品均具有世界先进水平，大部分为世界顶级品牌。所代理的产品、设备已广泛应用于各著名大学、研究单位、石油化工生产及检验领域、检疫、商检和政府机构等，客户网络包括许多国内外知名企业及跨国大公司。公司提供的地质石油研究方向的仪器产品，在石油工程技术服务方面，本着科技领先的理念，不断探索与创新，打造了一支高素质的技术服务团队。MEGATOO公司为2019年批复的高新技术企业，除了代理国外先进设备销售外，还有自主产品的开发工作，为产品升级提供服务。目前拥有多项专利。MEGATOO公司是专注于在地质、石油、化工、生物等领域从事仪器代理销售及进出口贸易的企业。公司成立于2007年3月20日，现主要经营产品包含RELIOTRON阴极发光仪及EDS能谱仪、微区取样仪、AUTOSCAN裂变径迹仪、CRAIC显微分光光度计、Instec冷热台、Nikon光学及JEOL扫描电子显微镜及激光共聚焦显微镜、Ludl电动平台、Narishige/Sutter显微操作仪、Magnettech电子顺磁波谱仪等产品。并拥有自主品牌，自主开发科研及自动化设备。同时公司开展了地质样品的测试业务，根据业务不同下属两家公司：美嘉图光电技术开发有限公司和中新万博检测技术（北京）有限公司。,"https://www.zhaopin.com/jobdetail/CC225368310J40223622808.htm?refcode=4019&srccode=401901&preactionid=a7c1140f-c46c-45e5-b867-ab342d8bdc77"
3092,实施工程师,三明-三元区,5000-10000元,北京宏天信业信息技术股份有限公司,"计算机软件,证券/期货,银行,互联网",100-299人,未融资,CC320762410J40766745610,任职要求： 1.熟悉unix/linux操作系统与计算机网络技术; 2.熟悉防火墙、路由器、交换机等网络设备; 3.至少掌握一种编程语言与数据库相关知识; 岗位职责： 1.负责工程项目的实施工作; 2.负责公司产品的安装、调试、维护工作; 3.工程实施项目文档的编写工作; 4.用户需求的挖掘、反馈工作。,7月18日,北京宏天信业信息技术股份有限公司是在北京市海淀区中关村科技园区注册的高新技术企业，公司拥有一批资深的金融行业咨询专家及经验丰富的金融软件开发团队，主要业务为向国内外各大银行与保险公司在国内的机构提供优质的软件产品与IT服务，是国内多家大型金融机构长期稳定的软件与服务供应商。目前在北京、上海、广州设有研发、运维中心，承接着国内外多家金融机构的众多大中型项目。公司现有稳定客户主要包括中国银行、中国建设银行、华夏银行、民生银行、中国华融资产管理公司、法国兴业银行、幸福人寿保险有限公司、恒安标准人寿保险有限公司、中美大都会人寿保险有限公司等多家大型金融机构。在不久的将来，宏天信业会有更多的商业伙伴感受到宏天诚信立业的企业宗旨和“让客户放心，更让客户省心”的核心价值观。宏天信业作为拥有金融领域大项目的创业型企业，诚招有识之士，希望大家一起携手共进，共同开创宏天更加美好的明天！,"https://www.zhaopin.com/jobdetail/CC320762410J40766745610.htm?refcode=4019&srccode=401901&preactionid=a7c1140f-c46c-45e5-b867-ab342d8bdc77"
3093,科研人员,北京-东城区,100-150元/天,国网数字科技控股有限公司,"电子商务,计算机软件",1000-9999人,未融资,CC346778530J40763926210,岗位职责： 1.协助参与课题研究或科技项目管理相关工作； 2.协助参与组织会议，进行文字材料收集整理；  3.领导安排的其他工作。   任职资格：,7月7日,国网数字科技控股有限公司、国网雄安金融科技集团有限公司分别成立于2016年1月、2018年7月。国网数字科技控股有限公司是国务院国资委“双百行动”综合改革试点单位、国家电网有限公司创建世界一流示范企业典型引领单位，与国网雄安金融科技集团有限公司均是国家高新技术企业。国网数科控股公司坚决贯彻落实党中央、国务院“四个革命、一个合作”能源安全新战略，抢抓新一轮科技革命和产业变革深入推进的时代机遇，聚焦推进“一体四翼”高质量发展，围绕电网数字化、电子商务、金融科技、数字科技创新四大业务领域，加快建设国家电网战略性数字科技产业。积极构建源网荷储高效协同服务体系，深化能源互联网数字科技创新，促进电子商务和金融科技业务跨域融合，为政府部门和能源产业链上下游各类市场主体提供新能源开发及消纳、负荷精准调控、电力市场交易等为一体的能源数字化服务，全领域全场景的绿色数字供应链及金融科技服务，数字技术服务和数字基础设施，在服务产业转型升级过程中充分释放数据要素价值，赋能能源电力数字化智能化建设。国网数科控股公司（国网雄安金科公司）瞄准建设国家电网战略性数字科技产业奋斗方向，践行支撑国家电网公司数字化战略和本企业发展壮大“双使命”，弘扬创新精神，坚定创业意志，求新思变、敢为人先，在加快构建新型能源体系和新型电力系统、推动发展方式绿色转型、助力经济社会高质量发展的新征程中贡献数科力量。,"https://www.zhaopin.com/jobdetail/CC346778530J40763926210.htm?refcode=4019&srccode=401901&preactionid=a7c1140f-c46c-45e5-b867-ab342d8bdc77"
3094,科研人员,济南-历城区,6000-12000元,山东省大健康精准医疗产业技术研究院,医疗设备/器械,20-99人,未融资,CCL1215010360J40743205902,【岗位职责】 1.协助项目负责人完成相关实验方案设计、实验操作及文档整理等工作；   2.负责相关实验的数据采集、整理、统计和分析工作；   3.参与新技术的开发与评估，优化实验方案，提升科研效率；   4.定期汇总实验结果，协助撰写实验报告、专利及研究论文；   5.积极主动完成领导交办的各项工作。   ,7月20日,山东省大健康精准医疗产业技术研究院是根据科技部及省科技厅相关政策，由11位来自于科研院校、医疗机构及企业的单位负责人或技术专家为理事共同发起成立，于2019年8月23日正式获批。2020年被认定为“山东省新型研发机构”，目前已与科研院校、医疗机构、科技学会、企业、金融机构等二十余家单位建立了战略联盟，在人工智能、微生物组学、生物医学大数据、营养与健康产业、体外诊断产业、产业金融等跨学科多领域布局，打造资源共享平台，实现创新合作共赢。,"https://www.zhaopin.com/jobdetail/CCL1215010360J40743205902.htm?refcode=4019&srccode=401901&preactionid=a7c1140f-c46c-45e5-b867-ab342d8bdc77"
3095,软件测试,郑州-金水区,7000-10000元,软通动力信息技术(集团)股份有限公司,"互联网,IT服务,计算机软件",10000人以上,D轮及以上,CC000544460J40352044016,【测试岗位JD】   岗位职责：   1、负责网站/Web应用的测试需求分析及测试   2、负责测试试用例编写，提炼自动化测试用例，用于自动化测试   3、协助开发人员进行故障定位和整改   岗位要求：   1、本科及以上学历，5年以上工作经验；   2、熟练掌握一种测试工具，bug管理工具   3、掌握各种软件测试技术、方法，熟练掌握功能性测试、性能测试、安全性/可靠性测试   4、熟悉一种以上脚本语言，如phthon、Shell等，能够自己开发自动化测试工具/程序，能够自己开发自动化测试（如完成：网页链接是否有效、链接地址是否生产环境链接、SEO H1/H2标签、英文中的中字符检查等）   5、熟悉软件测试流程，熟悉软件工程、软件测试相关技术及方法,7月18日,软通动力信息技术（集团）股份有限公司（以下简称“软通动力”）是中国数字技术产品和服务创新领导企业，致力于成为一家具有全球影响力的科技企业，企业数字化转型可信赖合作伙伴。公司2005年成立于北京，多年来始终坚持科技创新，具有软硬全栈的智能技术产品和服务能力，提供软件与数字技术服务、计算产品与数字基础设施、数字能源与智算服务以及国际化服务。目前，公司在10余个重要行业服务超过1100家国内外客户，其中超过230家客户为世界500强或中国500强企业，员工近90000人。软通动力拥有软通咨询、软通金科、软通工业互联、机械革命、软通华方等业务子品牌，并在全球40余个城市布局业务，构建北美、日本、东南亚、中东四大国际交付中心，在北京城市副中心、江苏无锡建设两大智能制造基地。同时，公司前瞻布局智能制造、ICT软硬基础能力和生产力智能化产品，打造产业链闭环。软通动力设立30个能力中心，拥有1个国家级工程实验室，6个省市政府认定的工程、技术实验室及研发中心，1个博士后科研工作站，50+技术合作伙伴的生态合作体系，不断探索前沿技术的巨大商业应用潜力。公司旗下教育品牌软通教育，拥有一家全日制本科学院——郑州西亚斯学院数字技术产业学院；同时在全国合作院校600多所，设有70多个校企联合人才培养基地，通过校企合作、协同育人，为社会培养高素质应用型人才。软通动力先后获得“2023年中国IT服务市场排名TOP 1”、“2024年Q4 PC出货量国内市场份额排名TOP 2”、“2024年中国软件和信息技术服务竞争力百强企业”、“2023年中国信创企业100强”、“2024万得ESG评级（Wind ESG Rating）AA级及信息技术服务行业ESG综合得分排名第一”等荣誉及市场认可，并拥有全球软件工程领域最高级别CMMI V2.0成熟度5级评估认证、国家研发运营一体化（DevOps）三级能力成熟度模型认证、信息技术服务标准（ITSS）运维能力成熟度一级认证等专业资质，支撑公司更优质的服务体系。,"https://www.zhaopin.com/jobdetail/CC000544460J40352044016.htm?refcode=4019&srccode=401901&preactionid=a7c1140f-c46c-45e5-b867-ab342d8bdc77"
3096,科研人员,北京-海淀区,8000-15000元,北京师范大学中国基础教育质量监测协同创新中心,"学术/科研,学校/学历教育,学术/科研",100-299人,不需要融资,CC219659580J40675536711,北京师范大学认知神经科学与学习国家重点实验室（以下简称实验室）于2005 年经国家科技部批准建立，是国内最早开展并持续引领我国脑与认知神经科学基础与应用研究的重要机构之一。“中国学龄儿童脑智发育队列研究”是国家科技创新2030-“脑科学与类脑研究”重大项目五大攻关方向之一“儿童青少年脑智发育”的主体项目，由国家科技部支持，北京师范大学牵头协同全国30家科研院所与医院共同开展。该项目旨在协同我国在儿童青少年脑智发育方面具有最强实力的机构，联合攻关，构建国际上最大的学龄儿童脑智发育队列。  根据项目基因组研究工作的需求，现面向社会公开招聘全职科研助理1 名，具体如下：,7月26日,中国基础教育质量监测协同创新中心成立于2012年7月，并于2014年10月通过教育部认定，是我国教育学和心理学领域唯一的国家级协同创新中心。中心目前已成为基础教育质量监测的国家权威机构、高层次评价人才培养基地和国家基础教育质量决策支撑平台。自成立以来，中心持续承担国家义务教育质量监测工作，牵头研制教育部发布的系列教育质量评价指南，研发9大学科领域国家监测标准和工具、10余套智能化测评系统和平台，助力搭建我国基础教育评价的“四梁八柱”，每年监测覆盖32个省份、约330个区县、6700所学校、近20万名学生，研制一千多份各类监测报告，支撑国家建立具有中国特色、国际可比的基础教育质量监测体系，在促进基础教育高质量发展中发挥了重要支撑作用。中心是北京师范大学直属二级院系，为研究生独立招收和培养单位，聚焦教育质量监测与评价，在教育学和心理学两个双一流A+一级学科下设置四个特色专业方向，自2015年起招收硕、博士研究生。十年来，中心在人才培养、学科建设、国际交流等方面成效显著。,"https://www.zhaopin.com/jobdetail/CC219659580J40675536711.htm?refcode=4019&srccode=401901&preactionid=a7c1140f-c46c-45e5-b867-ab342d8bdc77"
3097,Java,重庆-渝北区,1.5-3万·14薪,外企德科数字技术有限公司,专业技术服务,10000人以上,,CCL1480117890J40766053205,只招全职，不招兼职、实习，谢谢~,2025-07-27 00:24:17,外企德科数字技术有限公司是一家2023年新成立的中外合资企业。成立于2023年11月24日，公司定位：专注于为信息技术企业提供人才及数字技术外包解决方案的中外合资企业。它是由中国人力资源服务行业的FESCO（北京国际人力资本集团）与全球人力资源服务领导者The Adecco Group（德科集团）合资成立的。公司主要提供网络技术服务、软件外包服务、计算机系统服务、技术进出口、软件开发等信息技术相关服务。专注于为信息技术企业提供信息技术类人才及数字技术外包解决方案。,"https://www.zhaopin.com/jobdetail/CCL1480117890J40766053205.htm?refcode=4019&srccode=401901&preactionid=a7c1140f-c46c-45e5-b867-ab342d8bdc77"
3098,软件测试,苏州-工业园区,7000-13000元·14薪,仲琦科技(苏州工业园区)有限公司,"电子/半导体/集成电路,计算机硬件,计算机软件,运营商/增值服务",1000-9999人,未融资,CC145075655J00408946206,职位描述： 1. 严格执行测试用例发现产品缺陷； 2. 提交高质量的测试报告和缺陷报告； 3. 修改完善测试用例； 4. 运用探查性测试，发现测试用例没有覆盖区域的缺陷； 5. 对测试结果进行分析，为解决缺陷提供帮助；   职位要求： 1. 计算机及相关专业本科以上学历，CET-4； 2. 了解软件测试理论及实践，熟悉网络知识； 3. 良好的解决问题能力、语言表达能力和综合协调能力； 4. 工作认真细致、积极主动，学习能力强，善于思考和总结； 5. 熟悉DOCSIS，Router，Wi-Fi，PON相关测试者优先； 6. 有大型系统测试经验者优先，有自动化测试经验者优先。 职位福利：五险一金、绩效奖金、年终分红、餐补、带薪年假、定期体检、员工旅游、节日福利   ,3月17日,"仲琦科技(苏州工业园区)有限公司心怀人文，驰骋科技1986年,仲琦科技股份有限公司(Hitron Technologies Inc.)于台北成立。仲琦科技成立之初，以引进高科技产品及提供专业服务为企业经营目标；后转型成为通讯及信息系统整合商，提供系统规划、整合应用、建置与售后服务。1992年，仲琦科技以永续经营自有品牌的理念，成立新竹分公司。主要研发生产一系列电信接入设备(Telecom Access Network)及有线宽频(DOCSIS)相关网络产品。2005年，仲琦科技在苏州工业园区成立仲琦科技(苏州工业园区)有限公司,同时在苏州国际科技园设立软件研发处。仲琦科技已经成功发展出自有品牌，多次应邀参加业内知名博览会(IBC, The Cable Show, ANGA Show，CCBN，CES…)，获得多项国际认证。仲琦科技(HITRON)的产品，赢得了海外市场的广泛赞誉与肯定。仲琦科技已经成为全球重要的有线宽频设备供应商之一。为了将科技实力及营销布局全球，仲琦科技积极拓展海外据点。先后于美洲、欧洲、大陆等地区设立分公司，充分掌握最新发展趋势与技术，与世界潮流同步。仲琦科技苏州研发处主要研发设计有线宽频(DOCSIS/PacketCable)类产品：(1)Cable CPE: Cable Modem, eMTA(VOIP), Router(WiFi) Gateway, IPTV;(2)Module: DOCSIS 2.0, DOCSIS 3.0;(3)Infrastructure/Backbone: Downstream Monitor, Ingress Noise Blocker.在此诚邀各路精英加盟，与我们一起面对挑战、共同成长！","https://www.zhaopin.com/jobdetail/CC145075655J00408946206.htm?refcode=4019&srccode=401901&preactionid=a7c1140f-c46c-45e5-b867-ab342d8bdc77"
3099,实施工程师,黔南-福泉市,9000-18000元,青岛安然物联网科技有限公司,"物联网,物联网",20-99人,未融资,CC559764920J40823791304,需要弱电技术、自动化、安防系统、工业互联网+危化安全生产、物联网人才，不要纯软件人才。  你能经常到全国各地出差吗？你能到工业生产现场生产现场做技术支持吗？   真正的奋斗者在安然会有让人值得为之奋斗的事业，会有充实、高效的成长，会有高人一等的收入。   你能做好售前技术支持、根据客户需求，高效制作方案吗？你能做好售中技术支持、指导他人正确安装、部署、调试系统向用户保质保量快速交付吗？你能做好售后维护，高效沟通和落实客户需求吗？   迄今已服务中石化、中石油、延长石油、国能、兖矿、京能、索普、新安、奇美、昊源、潞安、旭阳、垦利、逸盛、海科、酒钢、金发等几百家石化、化工、选煤、钢铁、电厂企业。    安然以客户为中心，以强者为本，抬头乐干，愿意与同道中人联合、链接，携手共建、共用、共享生产安全命运共同体，一起干，一起干，让优秀企业更安全，让优秀企业更高效！,7月24日,基于精准人员定位的工业安全生产信息化管理专家，安全生产信息化管理引领者！作为全国实时定位技术标准工作组成员和应急管理部“工业互联网+危化安全生产”人员定位系统技术支持机构，安然从2012年起致力于基于ZigBee Plus三维立体按需精准定位的“工业互联网+安全生产”的研究，获得了20多项安全智能管控系统发明专利和著作权，持续引领中国化工行业生产现场智慧安全！安然以“准、稳、狠”的ZigBee Plus三维立体按需精准人员定位统和“底数清、数据准、情况明、研判准、措施实”的安全生产信息化平台为核心，整合访客管理、出入口控制、人脸识别、视频监控、语音广播、重大危险源监控、可燃有毒气体监测等系统，对生产现场人、机、料、法、环五大要素进行实时、动态、智能管控和预警，规范人的安全行为，保障人的生命安全，有效防范风险、主动化解风险，实现智慧安全。安然“以用为本”，把安全生产信息化建设与公司管理体系“深度融合”，把安全生产信息化建设与日常工作“紧密结合”，对安全生产切实“有用、实用、好用”，避免建用“两张皮”，让安全管控更智能，让生产更高效才实用。迄今已服务中石化、中石油、延长石油、国能、兖矿、京能、索普、新安、奇美、昊源、潞安、旭阳、垦利、逸盛、海科、酒钢、金发等几百家石化、化工、选煤、钢铁、电厂企业。安然以客户为中心，以强者为本，抬头乐干，愿意与同道中人联合、链接，携手共建、共用、共享生产安全命运共同体，一起干，一起干，让优秀企业更安全，让优秀企业更高效！,"https://www.zhaopin.com/jobdetail/CC559764920J40823791304.htm?refcode=4019&srccode=401901&preactionid=a7c1140f-c46c-45e5-b867-ab342d8bdc77"
3100,软件测试,台州-温岭市,5000-7000元,浙江九洲新能源科技有限公司,电气机械/电力设备,1000-9999人,未融资,CC225900530J40793176312,岗位职责： 1.负责控制器软件的调试、测试与优化，确保系统稳定运行； 2.根据项目需求，配合开发团队完成软件功能验证、参数配置及故障排查。 3.使用调试工具（如示波器、逻辑分析仪等）进行信号分析、数据采集与问题定位。 4.编写调试报告、记录测试数据，并提出改进建议以提升软件性能。 5.协助解决客户现场或生产中的控制器软件相关问题，提供技术支持。 6.熟悉通信协议，完成协议调试与兼容性测试。 7.参与软件版本迭代测试，确保新版本功能符合设计要求。  任职要求：  1.本科及以上学历，自动化、电子信息、电气、机电等相关专业。  2.1年以上控制器软件调试或嵌入式系统测试经验（应届生可放宽，需基础扎实）。  3.熟悉C语言，能读懂嵌入式软件代码。  4.掌握常用调试工具及仪器，具备硬件基础（能看懂电路图者优先）。  5.了解控制算法（如PID、FOC）者加分。    ,7月18日,浙江九洲新能源科技有限公司成立于2000年，是一家以驱动电机及控制系统为主营业务，以电机核心零部件相配套，集研发、生产、销售为一体的新能源科技企业。基于核心零部件完全自主生产的产业链以及深耕电动两轮车动力系统领域，是提供电机与控制系统一体化解决方案的专业服务商。公司推出行业首款长续航电机，被全球顶级增长咨询机构弗若斯特?沙利文认证为两轮电动车长续航电机首创者与两轮电动车高效电机首创者。公司总部位于浙江省台州市温岭市泽国镇，业务板块涵盖两轮电动车电机、新能源汽车电机、机器人电机、扫地机电机、控制器等领域。依托企业强大的产业链和规模化优势、完善的现代化管理体系、领先的自主研发能力，先进的生产设备，以及专业化的管理团队，公司产品品质卓越，先后通过ISO9001质量管理体系、ISO14001环境管理体系、ISO45001职业健康管理体系、IPMS知识产权管理体系、两化融合贯标体系、CQC、3C、CE等专业权威认证，拥有近200项国家专利。先后荣获“国家高新技术企业”、“国家专精特新‘小巨人’企业”、“国家知识产权示范企业”、“省级企业研究院”、“省级企业技术中心”、“浙江制造精品”等荣誉资质，成立了泽国首家“省级博士后工作站”。公司产品畅销海内外，获得了诸多合作伙伴与用户信赖，现已成为国内电动两轮车动力系统领域的领军品牌。九洲新能源科技以“为电驱动产品提供*好的动力系统”作为企业使命，始终专注于电动车驱动系统的自主研发和技术创新，致力于为客户提供电驱动产品系统成套解决方案，为绿色出行提供优质动力，引领行业朝着节能、环保、高质量的方向发展。,"https://www.zhaopin.com/jobdetail/CC225900530J40793176312.htm?refcode=4019&srccode=401901&preactionid=a7c1140f-c46c-45e5-b867-ab342d8bdc77"
3101,技术支持工程师,无锡-梁溪区,5000-8000元,南京华诚思维电子科技有限公司,"专业技术服务,IT服务,计算机硬件,计算机软件",100-299人,未融资,CC407350280J40250780406,岗位职责： 1、 独立完成台式机、笔记本、外设产品的安装、维修； 2、 负责区域的客户关系维护及日常巡检； 3、 负责区域内客户的培训指导； 4、 能快速排查客户反馈的复杂问题，保证设备使用； 5、完成领导交代的其他工作。 任职资格： 1、 大专及以上文化程度，工科毕业，计算机、通讯类专业更佳； 2、 对计算机及周边产品的软硬件熟悉了解； 3、工作态度认真，积极主动，做事细心，执行力强； 4、 良好的沟通表达能力，一定的抗压力； 5、 有良好的客户服务意识，工作敬业。 职位福利：五险一金、绩效奖金、加班补助、交通补助、通讯补助、带薪年假 ,7月14日,公司致力于成为中国一流IT外包服务和信息服务企业。为客户提供个性化、专业化、高性价比的IT外包服务和信息服务。公司依托专业的信息服务顾问和IT服务团队，通过高效的服务流程和不断完善的服务内容，多家度、多方位的为客户提供优质服务。公司坚持以人为本，持续不断的凝聚和培养优秀的管理团队和技术团队，调动企业中每一位员工、每一个专业团队，利用丰富的行业服务经验和强有力的信息技术，帮助客户实现业务和信息技术需求的融合，帮助客户改进服务、降低成本及管理风险，以期达到共赢的目的。,"https://www.zhaopin.com/jobdetail/CC407350280J40250780406.htm?refcode=4019&srccode=401901&preactionid=a7c1140f-c46c-45e5-b867-ab342d8bdc77"
3102,科研人员,南阳-卧龙区,9000-15000元·13薪,牧原实验室,学术/科研,100-299人,,CCL1241575100J40687364307,岗位职责： 参与活性污泥资源化利用工作，联合使用物理化学、微生物学及分子生物学的手段开发污泥安全农用的栽培基质，探究活性污泥安全栽培基质对作物生长的影响，并筛选有机污染物、重金属等高效耐性植株。 应聘条件： 1、具有植物营养学、土壤学、微生物学等相关专业学士及以上学位； 2、工作认真负责，勤奋好学，具有良好的沟通能力和团队协作精神； 3、良好的英文阅读和写作能力。,7月23日,,"https://www.zhaopin.com/jobdetail/CCL1241575100J40687364307.htm?refcode=4019&srccode=401901&preactionid=a7c1140f-c46c-45e5-b867-ab342d8bdc77"
3103,技术支持工程师,开封-鼓楼区,9000-18000元,青岛安然物联网科技有限公司,"物联网,物联网",20-99人,未融资,CC559764920J40823507904,需要弱电技术、自动化、安防系统、工业互联网+危化安全生产、物联网人才，不要纯软件人才。  你能经常到全国各地出差吗？你能到工业生产现场生产现场做技术支持吗？   真正的奋斗者在安然会有让人值得为之奋斗的事业，会有充实、高效的成长，会有高人一等的收入。   你能做好售前技术支持、根据客户需求，高效制作方案吗？你能做好售中技术支持、指导他人正确安装、部署、调试系统向用户保质保量快速交付吗？你能做好售后维护，高效沟通和落实客户需求吗？   迄今已服务中石化、中石油、延长石油、国能、兖矿、京能、索普、新安、奇美、昊源、潞安、旭阳、垦利、逸盛、海科、酒钢、金发等几百家石化、化工、选煤、钢铁、电厂企业。    安然以客户为中心，以强者为本，抬头乐干，愿意与同道中人联合、链接，携手共建、共用、共享生产安全命运共同体，一起干，一起干，让优秀企业更安全，让优秀企业更高效！,7月18日,基于精准人员定位的工业安全生产信息化管理专家，安全生产信息化管理引领者！作为全国实时定位技术标准工作组成员和应急管理部“工业互联网+危化安全生产”人员定位系统技术支持机构，安然从2012年起致力于基于ZigBee Plus三维立体按需精准定位的“工业互联网+安全生产”的研究，获得了20多项安全智能管控系统发明专利和著作权，持续引领中国化工行业生产现场智慧安全！安然以“准、稳、狠”的ZigBee Plus三维立体按需精准人员定位统和“底数清、数据准、情况明、研判准、措施实”的安全生产信息化平台为核心，整合访客管理、出入口控制、人脸识别、视频监控、语音广播、重大危险源监控、可燃有毒气体监测等系统，对生产现场人、机、料、法、环五大要素进行实时、动态、智能管控和预警，规范人的安全行为，保障人的生命安全，有效防范风险、主动化解风险，实现智慧安全。安然“以用为本”，把安全生产信息化建设与公司管理体系“深度融合”，把安全生产信息化建设与日常工作“紧密结合”，对安全生产切实“有用、实用、好用”，避免建用“两张皮”，让安全管控更智能，让生产更高效才实用。迄今已服务中石化、中石油、延长石油、国能、兖矿、京能、索普、新安、奇美、昊源、潞安、旭阳、垦利、逸盛、海科、酒钢、金发等几百家石化、化工、选煤、钢铁、电厂企业。安然以客户为中心，以强者为本，抬头乐干，愿意与同道中人联合、链接，携手共建、共用、共享生产安全命运共同体，一起干，一起干，让优秀企业更安全，让优秀企业更高效！,"https://www.zhaopin.com/jobdetail/CC559764920J40823507904.htm?refcode=4019&srccode=401901&preactionid=a7c1140f-c46c-45e5-b867-ab342d8bdc77"
3104,测试工程师,长春-朝阳区,4000-8000元,元郃科技(吉林)有限公司,物联网,100-299人,,CCL1495757580J40803509013,岗位职责 1.负责各类设备的功能、性能及可靠性测试，记录测试数据和结果。  2.分析测试过程中发现的设备问题，提出改进建议并跟踪问题解决进度。  3整理测试文档，包括测试记录、故障分析报告等。  4.参与设备测试环境的搭建与维护，，确保测试工作顺利开展。  5.提升测试效率和准确性。,7月24日,,"https://www.zhaopin.com/jobdetail/CCL1495757580J40803509013.htm?refcode=4019&srccode=401901&preactionid=a7c1140f-c46c-45e5-b867-ab342d8bdc77"
3105,硬件测试,东莞-None,7000-12000元,重庆科满福人力资源服务有限公司,企业服务,20-99人,,CCL1487604860J40932703504,【岗位职责】 ： 1、进行新产品研发阶段的测试工作 2、完成新产品的功能测试、可靠性测试、环境测 试、安全测试等技术工作 3、制定测试计划，设计测试用例，分析测试数 据，编制测试报告 4、为其他部门提供技术支持，与其他部门的产品 联合测试工作,7月17日,,"https://www.zhaopin.com/jobdetail/CCL1487604860J40932703504.htm?refcode=4019&srccode=401901&preactionid=a7c1140f-c46c-45e5-b867-ab342d8bdc77"
3106,软件测试,大连-甘井子区,4000-6000元,大连高新园区宏冉计算机软件开发有限公司,计算机软件,20-99人,,CCL1479641750J40733114709,岗位要求 1、具备良好的业务沟通能力 2、制定和编写测试文档 3、熟悉Linux系统基础命令 4、熟悉数据库常用命令 5、具备软件实施、测试能力 6、会JS代码者优先考虑 任职要求： 1.大学专科及以上学历，计算机科学与技术及相关专业 2.对软件测试有浓厚的兴趣，参加过相关培训或有过软件测试类工作经验者优先； 3.性格外向，沟通能力强，逻辑思维严密，有较强的学习能力； 职位福利：五险一金、年底双薪、绩效奖金、定期体检、节日福利、周末双休   ,5月13日,,"https://www.zhaopin.com/jobdetail/CCL1479641750J40733114709.htm?refcode=4019&srccode=401901&preactionid=a7c1140f-c46c-45e5-b867-ab342d8bdc77"
3107,实施工程师,深圳-宝安区,8000-15000元,大族激光,"专用设备制造,电气机械/电力设备,通用设备制造,专用设备制造",10000人以上,已上市,CC000341550J40790344505,岗位职责： 1、提供视觉产品的售前出厂调试和售后现场技术支持，包括故障排查和系统优化。 2、协助解决客户现场技术问题，收集市场信息和客户反馈，提升产品满意度。 3、负责客户培训和技术文档编写，支持多系统联合调试（如视觉与三轴/多轴系统集成）。 4、参与项目需求分析，进行视觉硬件（相机、光源、镜头）选型和配置 任职要求： 学历背景：大专及以上学历，机械电子、电子信息、自动化或相关专业优先；优秀应届毕业生或实习生可接受。 技能要求： 1、熟练使用VisionPro或VisionMaster等视觉图形处理软件进行流程编辑和优化。 2、深入了解视觉硬件（相机、光源、镜头），能独立完成选型和调试。 3、具备多轴系统与视觉联合调试经验。 经验要求： 1、有激光振镜平台或新能源、3C行业经验者优先。 2、软技能：工作积极主动，责任心强，沟通能力好，逻辑性强；能接受长短期出差。,7月25日,大族激光科技产业集团股份有限公司，1996年创立于中国深圳，公司于2004年在深圳证券交易所上市，股票代码：002008。现有员工16000+人，研发人员6500+，有效知识产权8811项。公司致力于智能制造装备及其关键器件的研发、生产和销售，具备从基础器件、整机设备到工艺解决方案的垂直一体化能力，是全球领先的智能制造装备整体解决方案服务商。大族激光坚持自主创新，掌握光源、数控系统、功能部件等核心技术，拥有强大的垂直整合能力，在高端装备、核心器件、锂电、光伏、半导体等业务领域均实现较大突破。目前公司组建了涵盖激光光源、自动化系统集成、直线电机、视觉识别、计算机软件和机械控制等多方面复合研发队伍，与全国多所著名研究机构等建立了战略合作关系，联合成立相关实验室及人才培养基地等。公司是国家重点高新技术企业、***创新型试点企业、国家科技成果推广示范基地-重点推广示范企业、广东省装备制造业重点企业、深圳自主创新领军企业，主要科研项目被认定为***火炬计划项目。员工福利：包含但不限于：五险一金、员工宿舍、人才安居房、员工餐厅、员工班车、年终奖、节日福利、生活补贴（住房、交通、通讯等）、高温补贴、科技奖励、员工落户、员工培训、学历深造、法定节假日、年假、婚假、产假、陪产假及各类文娱活动等等。,"https://www.zhaopin.com/jobdetail/CC000341550J40790344505.htm?refcode=4019&srccode=401901&preactionid=a7c1140f-c46c-45e5-b867-ab342d8bdc77"
3108,实施工程师,北京-西城区,6000-10000元,北京德天博诚科技有限公司,"计算机软件,人工智能",100-299人,未融资,CC182896220J40648495116,岗位职责： 1、根据业务方案完成开发功能规格的编制 2、完成系统以及开发定制功能的测试同时编写系统用户手册 3、负责系统以及开发定制功能的部署 4、整理客户基础数据以及产品历史数据 5、解决并总结客户现场的问题 任职资格： 1、机械设计工艺、自动化、材料、汽车工程、制造等相关专业相关专业本科及以上学历 2、了解制造业研发制造企业基本流程，了解某一行业生产制造过程 3、良好的沟通协调能力，语言表达能力强，思维严谨、清晰 4、有Enovia或者3DExperience及同类PLM/PDM软件实施经验者优先 5、了解catia运维和实施者优先 6、经验不限、可接收实习，并提供转正机会  工作地点：北京市 辖区内的项目   ,3月7日,北京德天博诚科技有限公司成立于2008年，核心团队由PLM/MES/CAPP/PDM领域的专业人士构成。作为达索系统铂金代理，是达索智能制造核心合作伙伴，公司集中了制造业信息化领域的专业人才、领先技术和一流产品及服务等资源优势，形成了具有鲜明特色的核心竞争力，是国内具有较强竞争力的制造业信息化整体解决方案提供商。公司业务涵盖了高科技、汽车、轨道交通等工业装备行业，德天博诚以“产品+集成+服务”的模式构筑制造业信息化整体解决方案，即以专业产品为点，为企业的研发设计部门提供功能强大的工具软件，以管理软件为线，为整个制造业企业提供先进的管理方式及理念。公司逐步形成了三大核心业务－－产品研发、代理销售、咨询服务，为制造业企业提供数字化设计和制造及数字化管理解决方案，通过缩短产品上市时间、减少错误发生等为企业节省大量开支，达到降本增效的目的，提升企业的竞争力。“与时俱进不断创新”是德天博诚发展的原动力。经过十几年的发展，德天博诚不满足于仅仅提供优质产品和先进的技术，公司正在寻求与客户建立更深层次的关系，帮助客户不断创新并在市场上取得成功。“只有客户获得成功，我们才会成功”，这种新的定位使德天博诚真正成为顾客导向型的IT服务公司。这种理念赋予企业一个新的身份——建立与客户的关系并帮助他们获得成功。如今，这种理念正渗透在德天博诚的业务经营中。,"https://www.zhaopin.com/jobdetail/CC182896220J40648495116.htm?refcode=4019&srccode=401901&preactionid=a7c1140f-c46c-45e5-b867-ab342d8bdc77"
3109,技术支持工程师,北京-昌平区,7000-12000元,成都果壳医学科技有限公司,生物工程,20-99人,,CCL1317373570J40745539713,岗位职责： 1、整体负责科研服务产品的售前、售中、售后的技术支持工作，包括但不限于回答技术问题、制作PPT、举办讲座； 2、整理公司产品相关的文献案例，撰写微信公众号等平台的推文； 3、整理科研方案和研究思路，为客户提供完善的研究方案； 4、调查市场情况，收集竞争公司的产品信息，给出竞争分析及应对策略； 5、总结和编写技术文件，对销售进行产品和技术培训； 6、和销售拜访客户，举办讲座，最终协助销售完成业绩； 7、其他领导交代的技术类工作。 任职要求： 1、生物技术、生物信息、分子生物学、遗传基因学、基础医学及临床等生物学相关专业，硕士及以上学历； 2、具备1年以上科研服务产品相关经验（优秀应届生也可），对生物统计学原理及意义有深刻的理解及应用能力者优先； 3、熟练使用office办公软件，具备优秀的ppt设计与演讲能力者优先。,6月18日,,"https://www.zhaopin.com/jobdetail/CCL1317373570J40745539713.htm?refcode=4019&srccode=401901&preactionid=a7c1140f-c46c-45e5-b867-ab342d8bdc77"
3110,实施工程师,北京-顺义区,6000-7000元,北京华创方舟科技集团有限公司,"计算机硬件,IT服务",100-299人,已上市,CC350155110J40761695911,职位描述 一、任职要求： 1、具备认真、负责的工作态度，有责任心。 2、具备快速学习，不断提升技术水平的进取心。 3、能够根据项目工作需求完成异地工作，接受差旅或服从岗位BASE地调整。 二、技术要求： 1、熟悉 Windows/Linux 系统基本操作（如文件管理、用户权限配置、日志查看）。 2、了解传统服务器或GPU服务器硬件组成（CPU、GPU、内存、Raid、硬盘、带外管理等）及常见故障排查方法。 3、掌握基础网络知识（网关、路由、DNS、VPN 等）。 4、能使用 SSH、远程桌面等工具进行服务器管理，熟练使用 Excel/Word 记录文档。 三、其他待遇： 1、五险一金，提供住宿。,7月24日,北京华创方舟科技集团有限公司是一家国家高新技术企业，专业的智能化云综合服务提供商。公司成立于2006年，总部位于北京，全国设立7个大区，21个分支机构，形成了覆盖全国的业务营销网络和服务支持体系。华创方舟服务着全国数百家客户，其中已涉及税务、人社、金融、电力、制造等众多行业，公司的客户数、服务收入、净利润等经营指标逐年稳步上升，销售额连年过亿。华创方舟作为一家国家级高新技术企业，成立了华创研究院（北京），并设立了两处研发基地（北京、济南），拥有优秀的技术开发和应用专家，拥有诸多的自主知识产权的产品和行业解决方案。公司目前有六条产品线：1、咨询服务包括IT治理与内控管控咨询服务、IT服务与运维管理咨询服务、上云咨询与云化评估服务、业务连续性与容灾咨询服务、信息安全评估与实施咨询服务。2、解决方案包括业务连续性与容灾解决方案、一体化智能运管平台、大数据分析解决方案、数据交换平台。3、系统集成包括信息系统集成实施服务、网络及安全系统集成实施服务、迁移服务（上云服务）。4、维保支持包括软件支持服务、硬件支持服务、机房环境支持服务、评估与优化服务。5、运营管理包括桌面运营服务、数据中心运营服务、云运营服务、安全运营服务。6、软件开发包括软件系统设计与开发服务、应用开发和维护服务。公司资质与荣誉：ISO20000 IT服务管理体系认证证书ISO27001信息安全管理体系认证证书ISO9001质量管理体系认证证书ITSS信息技术服务运行维护标准符合性证书二级企业信息系统集成及服务资质二级企业国家信息安全测评信息安全服务资质证书(安全工程类一级)企业CMMI三级企业国家高新技术企业中关村高新技术企业中关村信用评级A级企业信息技术服务服务管理第1部分：通用要求标准起草单位之一,"https://www.zhaopin.com/jobdetail/CC350155110J40761695911.htm?refcode=4019&srccode=401901&preactionid=a7c1140f-c46c-45e5-b867-ab342d8bdc77"
3111,测试工程师,北京-朝阳区,150-200元/天,北京斯通恩科技有限公司,"贸易/进出口,互联网,电子/半导体/集成电路,仪器仪表制造",20-99人,未融资,CC425455110J40860262215,岗位职责： 1.跟进评估项目情况，定期复盘相应的工作内容； 2.了解上位机 GUI 软件的使用。可以核对、修改xml 文件，制作项目文件等问题达到客户的项目预期效果； 3. 了解测试流程、可以攥写简单的测试用例； 4.配合复刻项目，仔细核对项目要求； 5.完成领导安排的其他工作。任职要求：  1.本岗位为实习生岗位，仅针对在校学生。一周到岗至少四天；  2.本科及以上学历，计算机或电子信息/通信相关专业；  3.了解 QT 或是其他 GUI上位机软件优先；  4.懂简单的计算机基础知识；,7月4日,"北京斯通科技有限公司，是生产工业智能人机交互界面HMI（智能TFT LCD Module解决方案和工业PC）的一流制造商，特色在于其自主核心尖端技术和来自全球80多个工业发达国家客户的支持，专门从事智能TFT LCD Module以及工业PC的生产和研发，生产和销售达14年之久。我们的主要市场为欧洲，北美，南美及亚洲工业经济发达地区。我们的总部坐落在北京朝阳的国贸CBD，拥有优越的地理位置，国际视野和一贯的先锋精神。工厂面积达5000平方米，月生产能力多达100000片。这些年来我们始终遵循“专业信赖成功”的斯通恩精神，由于一流的技术，可信赖的服务以及价格优势已经实现了巨大的成功。我们的方案现在被广泛应用到各种工业嵌入式领域，例如：医疗及美容设备，电力控制系统，能源设备领域，交通设备领域，仪器仪表，机械自动化领域及民用设备领域等等。同时也获得了合作伙伴的高度认可，包括:美国National Instrument,日本TOSHIBA,德国Thyssenkrupp Elevator等等，使得我们成为了智能TFT LCD Module和工业PC行业的佼佼者。我们会一直遵循“STONE”精神，提供可信赖的产品和专业化的服务。公司网址：www.stoneitech.com www.stone-hmi.com","https://www.zhaopin.com/jobdetail/CC425455110J40860262215.htm?refcode=4019&srccode=401901&preactionid=a7c1140f-c46c-45e5-b867-ab342d8bdc77"
3112,Java,济南-历下区,4000-8000元,济南格立科智能科技有限公司,物联网,20-99人,,CCL1497914450J40754031210,岗位内容：  1. 设计、开发并维护Java应用程序 2. 解决各种技术难题，保证代码的可靠性、高效性和安全性 3. 参与软件设计的讨论和计划制定 4. 与其他团队成员协作工作，提高团队整体技术水平,7月19日,,"https://www.zhaopin.com/jobdetail/CCL1497914450J40754031210.htm?refcode=4019&srccode=401901&preactionid=a7c1140f-c46c-45e5-b867-ab342d8bdc77"
3113,软件测试,商丘-睢阳区,5000-9000元·13薪,河南端琪实业发展有限公司,"电子设备制造,人工智能,新媒体,互联网",100-299人,未融资,CCL1478071580J40700329007,任职要求： 1、专科以上学历(应届生均可）计算机、通信工程、物联网等相关专业优先，接受小白 2、有志于在软件测试行业发展，对测试软件比较感兴趣； 3、自学能力强，踏实稳定，入职有老员工带，有完善的晋升体系； 4.拥有较好的沟通技巧及团队合作精神，较强的责任感及进取精神。 工作内容： 1.根据公司规范进行测试用例设计、缺陷提报及回归、风险预警、测试报告输出等测试工作； 2.参与需求分析、测试策略输出、测试计划制定等测试准备工作； 3.测试用例执行，反馈跟踪产品BUG及用例缺陷，分析原因并评估影响，提出修改议； 4.在测试各环节与开发、产品等项目相关人员保持积极有效的沟通与协作。 2、有志于在软件测试行业发展，对测试软件比较感兴趣； 3、自学能力强，踏实稳定，入职有老员工带，有完善的晋升体系； 4.拥有较好的沟通技巧及团队合作精神，较强的责任感及进取精神。 福利待遇： 1、节日红包：开年红包、年终红包、节日红包、生日红包、结婚红包等; 2、节日礼品：端午节、中秋节、春节等一些传统节日皆有节日礼品/团建活动。 3、节假日带薪休假，下午茶，节日福利享有带薪年假，婚假，产假及其他法定假期,7月26日,公司项目：电气设备销售；照明器具销售；信息咨询服务（不含许可类信息咨询服务）；组织文化艺术交流活动；工程管理服务；广告设计、代理；广告发布；广告制作；会议及展览服务；耐火材料销售；纸制品销售；专用化学产品销售（不含危险化学品）；高性能纤维及复合材料销售；新型有机活性材料销售；电子专用设备销售；消防器材销售；日用家电零售；智能仪器仪表销售；技术服务、技术开发、技术咨询、技术交流、技术转让、技术推广；软件开发；电子产品销售；市场营销策划；企业形象策划；市场调查（不含涉外调查）；仪器仪表销售；金属制品销售；日用陶瓷制品销售；文化用品设备出租；办公设备耗材销售；橡胶制品销售；塑料制品销售；生态环境材料销售；生物基材料销售；许可项目：建筑智能化系统设计,"https://www.zhaopin.com/jobdetail/CCL1478071580J40700329007.htm?refcode=4019&srccode=401901&preactionid=a7c1140f-c46c-45e5-b867-ab342d8bdc77"
3114,软件测试,阜阳-颍州区,5000-7000元,天阳科技,"计算机软件,计算机软件",1000-9999人,已上市,CC120408370J40824091108,1.全国项目驻场测试，主要负责功能、数据或接口等相关测试工作；  2.统招本科学历及以上（学信网可查）；毕业满2年；计算机专业优先；  3.热爱软件测试行业、有强力的自驱力，能够在测试岗位深入学习研究；  4.有无经验均可，服从公司安排，接受公司培养，可接受异地工作优先；  福利待遇：  上市公司，公司可以提供住宿，提供五险一金；  欢迎符合要求的小伙伴们投递~,7月17日,天阳科技(股票代码：300872)，是全球金融创新服务的重要贡献者，持续赋能中国金融行业数字化转型，为客户提供咨询、金融科技产品、金融IT服务、云计算及运营服务。公司成立于2003年，服务超过300家金融行业客户，覆盖中央银行、政策性银行、国有银行、股份制银行、地方性商业银行、非银行金融机构等，员工人数近7000人，成为激活金融领域创新活力、推动金融科技迈入世界领先水平的重要力量。作为金融行业客户可信赖的合作伙伴，天阳科技凭借丰富的行业经验和端到端的专业服务，在信创、数字化金融、信贷、交易银行、信用卡、零售、营销、风险管理、征信监管等众多领域具备核心竞争力。据赛迪和IDC报告显示，近年来公司在中国银行业IT解决方案市场排名强势崛起，2019年收入及市场占有率综合排名分别位列第四位和第五位，并保持高速增长。同时，前瞻商业和科技趋势，入选2021年度未来银行科技服务商TOP100。天阳科技始终聚焦金融科技领域，加大自主创新力度，在超过100个城市建立本地化、专业化的研发和服务团队，拥有CMMI5级认证、软件测试成熟度模型集成（TMMi）3级认证、ISO9001质量管理体系认证、ISO20000信息技术服务管理体系认证、IS027001信息安全管理体系认证。通过部署人工智能、云计算、大数据、移动互联网、分布式计算和区块链等先进金融科技，公司致力于构建安全可控、普惠民生、开放共赢格局，在关键技术领域服务现代化金融发展大局，更好地为各利益相关方创造更大价值，为大中企业、小微企业以及每个个体提供优质金融服务。,"https://www.zhaopin.com/jobdetail/CC120408370J40824091108.htm?refcode=4019&srccode=401901&preactionid=a7c1140f-c46c-45e5-b867-ab342d8bdc77"
3115,技术支持工程师,常州-武进区,2.2-3万,南京天奕创业服务有限公司,"咨询服务,企业服务",100-299人,未融资,CCL1328788790J40873235704,1.协助PO确保项目开发至量产所需要的资源管理的协调（模具，工装，物料，人员，设备等），提前识别过程风险并组织团队评估改善，确保项目保质保量按时交付，同时达到利润最大化 2.进度管理：制定项目计划，控制项目关键节点；控制和监督项目任务执行情况 3.成本管理：推动物料，模具，工装通用性设计：推动提高利用率，选择有成本优势的材料；推动过程工艺及流程优化 4.风险管理：识别并主导关闭项目过程中出现的交付风险因素；管理团队提前识别潜在的技术，品质等风险，以及解决现有风险产生的次生风险，制定解决方案并主导关闭 5.资源管理：协调公司内外部资源，与模具工装加工中心协调合理安排模具、工装、夹具等加工进度 6.团队建设：协助PO提升团队凝聚力，建设沟通协作的团队氛围，促进敏捷转型,7月26日,南京天奕是一家专门从事科技企业发展顾问服务的公司，围绕科技创业主线，拥有专业相结合的运营管理服务团队，拥有高层次顾问专家队伍，致力于为科技创业企业提供优质的孵化服务，并建立了一套具有特色的服务体系，从企业发展成长过程中的实际需求出发，为企业从初生到成长加速、发展壮大的全链条培育提供全方位服务。,"https://www.zhaopin.com/jobdetail/CCL1328788790J40873235704.htm?refcode=4019&srccode=401901&preactionid=a7c1140f-c46c-45e5-b867-ab342d8bdc77"
3116,实施工程师,湘潭-雨湖区,200-300元/天,华天软件,"计算机软件,计算机硬件,IT服务,互联网",1000-9999人,C轮,CC132030460J40779652214,岗位职责： 1. 项目支持：协助项目经理推进项目，参与需求收集、文档整理及基础配置工作，逐步掌握项目管理规范与交付流程。 2. 学习实践：在资深项目经理指导下参与客户沟通、业务需求分析与方案设计，熟悉工业软件系统的核心模块的实施与配置。 3. 跨团队协作：配合团队完成项目实施进度跟踪、风险初筛及交付文档编制，逐步掌握多系统集成逻辑。 4. 客户服务：参与客户培训与咨询支持，协助整理客户数据，解答客户问题。 5. 能力提升：逐步掌握项目管理工具（如甘特图、风险矩阵）、AI基础应用（如文档自动化工具）及制造行业知识，为独立承担项目奠定基础。 技能要求： 1. 教育背景：机械加工、工业设计、工业工程、信息管理等相关专业。 2. 技术基础：掌握AI工具基础应用；熟悉Office工具，具备基础文档编写能力；了解数据库的基础应用；了解CAD软件、PLM系统、MES系统者优先。 3. 沟通协作：具备清晰的表达能力和团队合作意识，有校园活动/社团组织经验者优先。 4. 学习能力：对工业软件或智能制造行业感兴趣，愿意主动学习项目管理知识（如PMP基础）及行业术语。 5. 软性素质：适应性强，能接受长时间出差及快节奏工作，出差2周回济南/学校一次。 6. 责任心强：具备抗压能力与结果导向思维。,7月25日,山东山大华天软件有限公司（简称：华天软件），成立于1993年，注册资金5000万，员工近1000人。华天软件作为以3D为核心的智能制造软件服务商，拥有完整产品线，产品涉及 CAD/CAPP/PDM/PLM/MPM/WMS/SRM。华天软件建立有山东省院士工作站、山东省三维CAD/CAM工程技术研究中心、山东省PLM工程技术研究中心、代表了国内PLM研究领域的先进水平。公司被多部委联合评价为“中国软件服务业企业信用评价AAA级信用企业”，连续多年被国内权威信息化专业咨询机构e-works及AMT评价为“PLM十大优秀本土供应商”及“PLM领域十强软件商”，是PLM领域核心厂商。公司拥有三维软件内核技术，具有自主版权的三维CAD/CAM软件 SINOVATION， CAPP/PDM/Co-PLAN（协同工作平台）以及生产管理软件CMMP（协同制造管理平台）/WMS(仓储管理系统)/SRM（供应商关系管理系统），可提供制造业信息化全面解决方案。华天软件在全国培育了千余家用户，形成多个汽车、模具、轴承、专用设备等竞争力的行业解决方案，软件产品广泛应用于汽车、模具、机械设计制造、航空航天，3D技术在3D打印、数字化医疗、机器人、建筑BIM、珠宝等领域发挥核心基础作用，成为实现工业创新和智能制造的必要支撑。并在北汽福田汽车、奇瑞汽车、潍柴动力、华晨汽车、江淮汽车、雷沃重工、小松（中国）、LYC洛阳轴承、东风模具等行业内领军企业得到典型应用。华天软件代表了国家工业基础软件的先进水平，是支撑我国智能制造的核心厂商。员工福利华天软件为您提供多项福利及优越、舒适的办公环境：五险一金：公司为员工缴纳五险一金，入职即可享受，保证员工利益。负责办理五险一金的转移、报销等手续。办理落户：公司在高新区注册集体户口，可为符合落户条件的员工办理落户手续。职称档案：公司为员工代办职称评定手续及档案转入转出手续。午餐补助：公司总部位于高级写字楼区，考虑就餐质量及支出，为员工提供高品质订餐服务，且提供午餐补助。通讯补助：根据岗位需求，提供相应额度的通讯（手机）补助。交通补助：公司提供市内上下班交通补助。法定节日：全体员工均可享受法定节假日。健康体检：公司为保障员工的身体健康，每年组织全体正式员工进行健康体检。婚丧礼金：员工婚丧事宜，公司均有礼金送出，如有必要公司会鼎力协助。节日福利：公司在春节、中秋节、三八妇女节等节日，为员工准备节日福利。生日礼物：员工生日当月，向员工赠与蛋糕礼券。病育慰问：遇有员工及亲属病假情况，公司会及时探望。其他补贴补助：公司另有高温补助、自购笔记本电脑补贴、私车公用、入职纪念奖等多项福利。学习发展在华天软件，不断汲取知识、完善提高自我，善于利用身边所有的学习资源，是员工提升和发展的重要途径之一。培养培训：在公司，每个岗位都有明确的岗位技能要求，公司通过多种形式开展员工的培养、培训活动。职业发展：公司提供一个良好的发展平台，制定员工提供职业发展道路。晋升机制：公司有灵活的岗位晋升机制，员工可通过竞聘、推荐等多种形式参与职位的晋升。沟通渠道工作面谈：员工转正、调薪、岗位变动、绩效评价等多种情况下，公司会开展与员工进行面谈，了解情况，听取意见。员工满意调查：每年由人力资源部组织向员工征询对公司业务、管理等方面的意见和建议，了解员工对工作环境的整体满意程度，作为管理改善的重要参考。公司信息发布渠道：公司有多种形式的信息发布渠道，员工可以方便、快捷地了解公司业务发展动态和重要事件、通知等。,"https://www.zhaopin.com/jobdetail/CC132030460J40779652214.htm?refcode=4019&srccode=401901&preactionid=a7c1140f-c46c-45e5-b867-ab342d8bdc77"
3117,实施工程师,衡水-桃城区,7000-14000元,青岛安然物联网科技有限公司,"物联网,物联网",20-99人,未融资,CC559764920J40565766104,需要弱电技术、自动化、安防系统、工业互联网+危化安全生产、物联网人才，不要纯软件人才。  你能经常到全国各地出差吗？你能到工业生产现场生产现场做技术支持吗？     真正的奋斗者在安然会有让人值得为之奋斗的事业，会有充实、高效的成长，会有高人一等的收入。,7月16日,基于精准人员定位的工业安全生产信息化管理专家，安全生产信息化管理引领者！作为全国实时定位技术标准工作组成员和应急管理部“工业互联网+危化安全生产”人员定位系统技术支持机构，安然从2012年起致力于基于ZigBee Plus三维立体按需精准定位的“工业互联网+安全生产”的研究，获得了20多项安全智能管控系统发明专利和著作权，持续引领中国化工行业生产现场智慧安全！安然以“准、稳、狠”的ZigBee Plus三维立体按需精准人员定位统和“底数清、数据准、情况明、研判准、措施实”的安全生产信息化平台为核心，整合访客管理、出入口控制、人脸识别、视频监控、语音广播、重大危险源监控、可燃有毒气体监测等系统，对生产现场人、机、料、法、环五大要素进行实时、动态、智能管控和预警，规范人的安全行为，保障人的生命安全，有效防范风险、主动化解风险，实现智慧安全。安然“以用为本”，把安全生产信息化建设与公司管理体系“深度融合”，把安全生产信息化建设与日常工作“紧密结合”，对安全生产切实“有用、实用、好用”，避免建用“两张皮”，让安全管控更智能，让生产更高效才实用。迄今已服务中石化、中石油、延长石油、国能、兖矿、京能、索普、新安、奇美、昊源、潞安、旭阳、垦利、逸盛、海科、酒钢、金发等几百家石化、化工、选煤、钢铁、电厂企业。安然以客户为中心，以强者为本，抬头乐干，愿意与同道中人联合、链接，携手共建、共用、共享生产安全命运共同体，一起干，一起干，让优秀企业更安全，让优秀企业更高效！,"https://www.zhaopin.com/jobdetail/CC559764920J40565766104.htm?refcode=4019&srccode=401901&preactionid=a7c1140f-c46c-45e5-b867-ab342d8bdc77"
3118,技术支持工程师,北京-海淀区,1.5-2.5万,数码视讯,"通信/网络设备,计算机软件,计算机硬件,运营商/增值服务",1000-9999人,已上市,CC120165650J40786336905,工作内容： 1.掌握公司产品的优势和推广策略，与销售一起完成项目公关工作，协助销售完成销售任务，树立良好的公司形象； 2.协助销售进行产品路演和测试，并对客户进行有效的引导； 3.负责项目实施和售后支持工作，对区域代理、客户工程师进行操作培训。 岗位要求： 1.专业知识和理论基础扎实，能够高质量完成问题交流、项目开局、售后问题处理等任务； 2.具备优秀的语言掌控能力，能够充分表述公司、产品的优势和特点； 3.具有较好的心理素质，能够在逆境中保持良好的心态，沉着应对；道德素质良好，恪守职业责任。,6月18日,数码视讯科技集团是全球一流的视频技术服务平台公司，由清华科技园及公司核心团队于2000年共同发起成立，2010年在深交所挂牌上市，股票代码为“300079”。公司致力于视频技术、加密技术、5G技术、AI技术等领域，顺应时代发展潮流，历经五个战略发展阶段，坚持稳健经营、不断创新、积极合作；在广电媒体、通信新媒体、企业及国防等领域构建了全平台服务的解决方案，并占据领先优势；通过为全球110多个国家和地区的运营商、企业、政府、金融等客户提供优质、精准服务，让全球用户畅享更智能、更安全、更美好的数字生活。数码视讯科技集团始终将自主创新科技作为企业发展的内生动力，注重科研投入和科研人才培养，积累核心基础技术。集团深度参与国产视频编码（AVS）、ChinaDRM、DCAS、TVOS、C-DOCSIS等在内的多个视频相关领域的标准制定及应用探索，在理论与实践层面不断推进视频技术与解决方案的国产化落地进程。集团每年研发资金投入占营业收入的20%以上，位居创业板前列。目前，数码视讯科技集团研发人员占全部员工50%以上，核心技术团队由来自清华、北大、北航等大学的专家组成。集团现已成立北京、深圳、武汉、西安等多个研发基地，并与国内外优秀科研机构联合，持续研究、孵化、投资先进技术，促进国内外技术交流、移植与合作。集团相继加入国家发改委“5G+4K/8K超高清制播示范平台”项目、科技部国家重点研发计划“科技冬奥”专项课题等国家重点课题研发，并多次获得包括“国家科学技术进步奖”二等奖等在内的国家重量级奖项，以实际行动绘就“科技强国”的宏伟蓝图。数码视讯科技集团不断深化战略布局，随着规模和业务范围的加速扩展，战略布局的逐步深化，公司从设备提供商发展成为系统提供商和技术集成提供商，现已成为服务和平台提供商，多维度满足客户需求，提升客户体验。已服务20余家国家级客户、34家省级以上客户、200余家市级客户。在4K/8K超高清视频产业领域，集团先后支持了中央广播电视总台、北京广播电视台及华数等多个国内超高清上星频道的建设，参与2020年新华社全国两会“5G+8K+卫星”直播报道、2020年总台5G+4K/8K春晚直播、中华人民共和国成立70周年庆祝活动、中国人民解放军建军90周年、奥运会、世博会、世园会等数十个重大事件的直播活动。在应急广播领域，集团参与了国家应急广播标准体系中各项技术规范的制定。截至2021年初，在全国已建设省级应急广播平台案例中，集团的市场占有率超过80%，覆盖了绝大多数地市级平台。在直播卫星领域，入围了国家广电总局新一代卫星直播广播电视可下载条件接收系统服务支撑项目，紧随国家“国产化”、“高清化”趋势，加速近1.5亿直播星用户升级换代。集团积极响应国家“一带一路”战略，将业务延伸到东亚、东南亚、南亚、中亚、欧洲南部及非洲东部等地区，并与意大利国家电视台、西班牙国家电视台、巴西电视台、卡塔尔半岛电视台等知名电视台建立良好的客户关系，服务全世界超10亿用户。数码视讯科技集团致力于构建全产业生态，实现视频技术高科技、支付金融、影视剧制作的产业协同布局。在投资并购方面，已投资国内外三十余家前沿高新技术企业，2020年集团直接或间接投资的公司中有6家实现上市。面对5G产业高速发展的历史机遇，公司将携“5G+超高清视频”、“媒体融合”、“应急广播”、“国密安全与版权保护”、“城区FTTH融合”、“人工智能”及“大数据”等技术与视频领域相融合，搏击时代新浪潮，缔造更加美好的数字生活。,"https://www.zhaopin.com/jobdetail/CC120165650J40786336905.htm?refcode=4019&srccode=401901&preactionid=a7c1140f-c46c-45e5-b867-ab342d8bdc77"
3119,Java,深圳-龙岗区,1.5-3万·15薪,外企德科数字技术有限公司,专业技术服务,10000人以上,,CCL1480117890J40607762705,岗位职责 1、负责公有云、混合云数据库服务的运维、运营、体验类功能的设计与开发 2、负责打造相对其他云厂商&服务更有竞争力的产品与体验 3、工作模式以互联网开发模式为主，整体架构为前端展示+后端服务调度+服务核心运维的经典三层架构 岗位要求 1、计算机、软件、通信等相关专业本科及以上学历; 2、热爱编程，基础扎实，熟悉掌握但不限于JAVA/C++/C/Python/JS/ HTML/GO等编程语言中的一种或数种，有良好的编程习惯; 3、具备独立工作能力和解决问题的能力、善于沟通，乐于合作，热衷新技术，善于总结分享，喜欢动手实践; 4、对数据结构、算法有一定了解;,2025-07-27 00:23:23,外企德科数字技术有限公司是一家2023年新成立的中外合资企业。成立于2023年11月24日，公司定位：专注于为信息技术企业提供人才及数字技术外包解决方案的中外合资企业。它是由中国人力资源服务行业的FESCO（北京国际人力资本集团）与全球人力资源服务领导者The Adecco Group（德科集团）合资成立的。公司主要提供网络技术服务、软件外包服务、计算机系统服务、技术进出口、软件开发等信息技术相关服务。专注于为信息技术企业提供信息技术类人才及数字技术外包解决方案。,"https://www.zhaopin.com/jobdetail/CCL1480117890J40607762705.htm?refcode=4019&srccode=401901&preactionid=a7c1140f-c46c-45e5-b867-ab342d8bdc77"
3120,C/C++,佛山-南海区,1.5-3万,外企德科数字技术有限公司,专业技术服务,10000人以上,,CCL1480117890J40731801005,主要地点：（东莞、深圳、杭州、 西安，苏州、上海，武汉，成都、南京、北京）十大研究所，少量（广州、长沙、济南）三个办事处 本科及以上学历，计算机、软件工程、通信等相关专业优先，转行，转专业可接受 岗位内容： 1. 设计、开发并维护C/C++/Java/JS/Python任一应用程序。 2. 解决各种技术难题，保证代码的可靠性、高效性和安全性。 3. 参与软件设计的讨论和计划制定。 4. 与其他团队成员协作工作，提高团队整体技术水平。 任职要求： 1. 熟悉C/C++/Java/JS/Python任一语言及相关技术，熟悉Spring框架。 2. 具有扎实的编程基础和良好的面向对象编程思想。 3. 对常见数据库如MySQL、Oracle等有一定的了解和应用经验。 4. 对Web开发技术有深入理解，熟悉前端技术如HTML、CSS、JavaScript等,2025-07-27 00:23:28,外企德科数字技术有限公司是一家2023年新成立的中外合资企业。成立于2023年11月24日，公司定位：专注于为信息技术企业提供人才及数字技术外包解决方案的中外合资企业。它是由中国人力资源服务行业的FESCO（北京国际人力资本集团）与全球人力资源服务领导者The Adecco Group（德科集团）合资成立的。公司主要提供网络技术服务、软件外包服务、计算机系统服务、技术进出口、软件开发等信息技术相关服务。专注于为信息技术企业提供信息技术类人才及数字技术外包解决方案。,"https://www.zhaopin.com/jobdetail/CCL1480117890J40731801005.htm?refcode=4019&srccode=401901&preactionid=a7c1140f-c46c-45e5-b867-ab342d8bdc77"
3121,软件测试,苏州-姑苏区,8000-10000元,杭州国帮电子科技有限公司,电子商务,20人以下,,CCL1451791390J40870703515,岗位内容： 1. 设计和执行测试用例，并记录测试结果。 2. 分析并报告软件缺陷，包括重现步骤、缺陷严重程度和影响范围。 3. 参与产品设计过程，提供测试建议和反馈。 4. 开发自动化测试脚本和工具。 5. 执行性能和负载测试的任务。 任职要求： 1. 具有大专以上学历，计算机科学或相关领域优先。 2. 熟悉测试方法论和流程，能够编写高质量的测试用例。 3. 熟练使用至少一种自动化测试框架和脚本语言（如Selenium、Python、Robot Framework）。 4. 了解软件开发周期和敏捷开发流程。 5. 优秀的沟通和协作能力，能够与跨部门的团队成员合作。,7月29日,,"https://www.zhaopin.com/jobdetail/CCL1451791390J40870703515.htm?refcode=4019&srccode=401901&preactionid=a7c1140f-c46c-45e5-b867-ab342d8bdc77"
3122,软件测试,成都-成华区,8000-11000元,重庆科满福人力资源服务有限公司,企业服务,20-99人,,CCL1487604860J40928927704,【岗位职责】 ： 1、进行新产品研发阶段的测试工作 2、完成新产品的功能测试、可靠性测试、环境测 试、安全测试等技术工作 3、制定测试计划，设计测试用例，分析测试数 据，编制测试报告 4、为其他部门提供技术支持，与其他部门的产品 联合测试工作,7月15日,,"https://www.zhaopin.com/jobdetail/CCL1487604860J40928927704.htm?refcode=4019&srccode=401901&preactionid=a7c1140f-c46c-45e5-b867-ab342d8bdc77"
3123,测试工程师,上海-None,5000-7000元,字节跳动,互联网,10000人以上,,CC469217510J40701345801,岗位职责： ByteIntern：面向2026届毕业生（2025年9月-2026年8月期间毕业），为符合岗位要求的同学提供转正机会。 团队介绍：生活服务业务依托于抖音、抖音极速版等平台，致力于促进用户与本地服务的连接。过去一年，生活服务业务开创了全新的视频种草和交易体验，让更多用户通过抖音发现线下好去处，也帮助众多本地商家拓展了新的经营阵地。我们期待你的加入，一同为亿万用户创造更美好的生活。 1、参与产品测试的全流程，包括需求评审、设计评审、制定测试计划、测试用例设计及执行、缺陷跟踪、测试报告等； 2、开发测试工具和自动测试框架、自动测试脚本，进行自动化测试，提升测试效率； 3、对产品、流程提出持续性改进意见，提升产品质量和研发效率。 任职要求： 1、2026届本科及以上学历在读，计算机、通讯等相关专业优先； 2、熟练掌握至少一门编程语言，包括但不仅限于：Java、C、C++、PHP、 Python、Go； 3、掌握扎实的计算机基础知识，深入理解数据结构、算法和操作系统知识； 4、学习能力强，有较强分析、定位和解决问题的能力，较强逻辑思维能力和表达能力； 5、每周可以实习4天及以上，连续实习4个月以上。,7月11日,"字节跳动成立于2012年3月，公司使命为“Inspire Creativity, Enrich Life（激发创造，丰富生活）”。公司业务覆盖150个国家和地区，拥有15万名员工。字节跳动在全球推出了多款有影响力的产品，包括今日头条、抖音、西瓜视频、飞书、Lark、PICO、剪映、TikTok等。截至2021年6月，字节跳动旗下产品全球月活跃用户数超过19亿。","https://www.zhaopin.com/jobdetail/CC469217510J40701345801.htm?refcode=4019&srccode=401901&preactionid=a7c1140f-c46c-45e5-b867-ab342d8bdc77"
3124,前端开发,成都-成华区,1.2-1.5万,成都柒宸亦曼网络科技有限公司,电子商务,20-99人,,CCL1506478460J40779070314,岗位内容： 1. 负责开发和维护前端系统和模块，确保其运行稳定可靠 2. 编写高效、清晰、易于维护的代码 3. 协调需求，与其他团队成员进行有效沟通和协作 任职要求： 1. 熟练掌握HTML、CSS和JavaScript，熟悉主流前端框架 2. 具备扎实的编程基础，良好的代码风格，注重代码品质 3. 擅长和团队合作，具备很好的沟通和协调能力,7月21日,,"https://www.zhaopin.com/jobdetail/CCL1506478460J40779070314.htm?refcode=4019&srccode=401901&preactionid=a7c1140f-c46c-45e5-b867-ab342d8bdc77"
3125,科研人员,沈阳-浑南区,8000-10000元,沈阳华维工程有限公司,"房地产开发,物业管理,学术/科研,零售/批发",500-999人,未融资,CC160807010J40718330807,需求专业：物理、高分子化学、电气、自动化、电蓄能、建筑环境与能源等相关专业,2月24日,沈阳华维建设工程有限公司1992年成立，从事工程营造，综合能源利用及方案解决，机电工程的咨询、设计、管理、施工全过程。公司具有机电、楼控、消防、装修设计甲级资质以及机电总承包、楼控、消防、装修工程施工壹级资质。涉及机电工程、变配电、空调、净化、工业控制、楼宇智能、节能环保等多专业的综合工程项目。公司多次获得《鲁班奖》、《中国安装之星》、《沈长哈优质观摩奖》，多位项目经理多次获得表彰。华维工程项目的拓展需要各方面专业人才，欢迎加盟华维公司。公司给予员工良好的工作环境和工作待遇，并为员工创造良好的个人发展空间。公司需求设计人员，经营管理，市场开发，工程项目管理，电气、暖通、机械、消防、土建施工，机械维修等多方面人才。欢迎加入华维，共创辉煌！,"https://www.zhaopin.com/jobdetail/CC160807010J40718330807.htm?refcode=4019&srccode=401901&preactionid=a7c1140f-c46c-45e5-b867-ab342d8bdc77"
3126,硬件测试,西安-雁塔区,6000-9000元,西安华心智源科技有限公司,医疗设备/器械,100-299人,,CCL1470673330J40737326001,岗位内容： 1. 负责硬件测试流程的设计、建立和落地，包括测试用例编写，测试环境搭建等； 2. 进行硬件测试并记录测试相关数据，参与缺陷跟踪和管理； 3. 搭建硬件测试平台，提高测试效率和测试覆盖率。 任职要求： 1. 专科及以上学历，理工类、自动化或相关专业； 2.可接受应届生， 3. 具备较强的自我驱动力和学习能力，善于思考和持续上进。,5月21日,,"https://www.zhaopin.com/jobdetail/CCL1470673330J40737326001.htm?refcode=4019&srccode=401901&preactionid=a7c1140f-c46c-45e5-b867-ab342d8bdc77"
3127,C/C++,西安-雁塔区,1-1.6万·13薪,西安爱生无人机技术有限公司,船舶/航空/航天/火车制造,100-299人,,CC467559130J40653463707,职责 1) 计算机桌面软件设计开发； 2) 网络通信软件设计开发； 3) 图形用户界面设计及开发； 4) 软件调试与测试； 5) 系统开发文档及产品相关文档编写。 学历需求 硕士及以上，或985/211院校本科 能力需求 1) 熟练掌握Windows系统和（或）Linux系统下桌面软件的开发流程； 2) 熟练掌握C#、C++等（一种或多种）计算机编程语言； 3) 熟练掌握计算机网络通信的基本原理，具备网络通信软件开发能力； 4) 熟练掌握各类计算机软件开发环境的使用； 5) 有WinForm/WPF、QT桌面软件开发经验者优先，有OSG、Cesium三维软件开发经验者优先。,9月9日,西安爱生无人机技术有限公司由西安爱生技术集团公司注资，创立于2014年，位于陕西省西安市高新技术开发区科技路五路10号，是主要从事无人机系统研发、销售和服务的高科技公司，致力于为用户提供先进的无人机产品、综合航电系统、智能信息处理和满意的无人系统解决方案。公司同时也是国内唯一的无人机系统国家工程研究中心的依托单位，是国内主要的装备级中小型无人系统生产制造销售商之一。公司为员工提供五险一金、绩效奖金、带薪年假、节日福利、专业培训、出国机会、住房补贴、包三餐、高温补贴等福利，为应届毕业生额外提供安家费福利。,"https://www.zhaopin.com/jobdetail/CC467559130J40653463707.htm?refcode=4019&srccode=401901&preactionid=a7c1140f-c46c-45e5-b867-ab342d8bdc77"
3128,实施工程师,福州-晋安区,100-150元/天,神州医疗科技股份有限公司,"IT服务,医疗设备/器械,计算机软件,计算机硬件",500-999人,A轮,CC443705680J40745448709,任职要求： 1.2026届毕业本科生，计算机、信息系统及医学等相关专业； 2.了解并一定程度掌握Windows Server、Linux等操作系统的系统管理，熟悉SQLserver、Mysql、Oracle等主流数据库；  3.具有良好的沟通能力和服务意识，很好的自学能力，善于思考和解决问题；  4.工作敬业，责任心强，能够按照规定的工作流程开展工作； 5.有团队协作精神，能够与各方面的领导和同事融洽合作，性格开朗，乐于沟通。 岗位职责： 1.入职后3个月内能按照项目经理要求在客户现场完成基本安装部署，问题收集等工作； 2.入职后6个月后具备独立沟通项目进展，正确引导用户，及时反馈用户意见、并跟踪问题的解决； 3.入职一年后具备独立调研、制定项目计划、跟进项目验收的能力。 薪资：本科100元/工作日，食宿自理，实习期3个月以上开具实习证明。,6月13日,神州医疗集合了神州数码大数据领域、医疗健康领域等专业团队，向政府、医疗机构、企业、居民提供医疗信息化、健康管理、医疗大数据分析、建模，软件平台开发和系统集成等全方位解决方案。神州医疗专注于大数据分析、精准医疗、基因大数据分析、决策支持等医疗信息化解决方案，承担多项国家863计划课题研究，涵盖肿瘤大数据、罕见病、PADIS多个领域，是智慧医疗、卫生信息化领域的领先者，立志成为中国精准医疗信息化第一品牌。神州医疗致力于医疗卫生信息化解决方案和产品的研发与推广，结合目前主流的云计算、大数据、互联网、移动互联网、智能可穿戴设备等技术，能够为用户提供卫生信息化全面的解决方案，从区域卫生、公共卫生、医疗服务等业务方面的软件建设服务，到硬件网络环境方面的基础环境建设服务。帮助客户提高卫生信息化整体水平，从而提升医疗卫生服务效率。,"https://www.zhaopin.com/jobdetail/CC443705680J40745448709.htm?refcode=4019&srccode=401901&preactionid=a7c1140f-c46c-45e5-b867-ab342d8bdc77"
3129,Java,杭州-滨江区,1.3-2.5万·14薪,外企德科数字技术有限公司,专业技术服务,10000人以上,,CCL1480117890J40753610505,岗位职责 在这里，您将从事IT应用层软件、分布式云化软件、互联网软件等的设计开发，可以采用敏捷、Devops、开源等先进的软件设计开发模式，接触最前沿的产品和软件技术，成为大容量高并发技术的专家；您将参与软件研发工作，包括但不限于： （1）完成从客户需求到软件产品定义、架构设计、开发实现、再到上线运营维护等产品生命周期中的各个环节； （2）创造性解决产品在实现过程中的技术难题，应用前沿技术提升产品的核心竞争力，如分布式系统、性能调优、可靠性、数据库等； （3）有机会参与业界前沿技术研究和规划，参与开源社区运作，与全球专家一起工作、交流，构建公司在业界影响力。 岗位要求 岗位要求 1、计算机、软件、通信等相关专业本科及以上学历； 2、热爱编程，基础扎实，熟悉掌握但不限于JAVA/C++/C/Python/JS/HTML/GO等编程语言中的一种或数种，有良好的编程习惯； 3、具备独立工作能力和解决问题的能力、善于沟通，乐于合作，热衷新技术，善于总结分享，喜欢动手实践； 4、对数据结构、算法有一定了解； 5、优选条件： （1）熟悉TCP/IP协议及互联网常见应用和协议的原理； （2）有IT应用软件、互联网软件、IOS/安卓等相关产品开发经验，不满足于课堂所学，在校期间积极参加校内外软件编程大赛或积极参于编程开源社区组织； （3）熟悉JS/AS/AJAX/HTML5/CSS等前端开发技术。,2025-07-27 00:23:49,外企德科数字技术有限公司是一家2023年新成立的中外合资企业。成立于2023年11月24日，公司定位：专注于为信息技术企业提供人才及数字技术外包解决方案的中外合资企业。它是由中国人力资源服务行业的FESCO（北京国际人力资本集团）与全球人力资源服务领导者The Adecco Group（德科集团）合资成立的。公司主要提供网络技术服务、软件外包服务、计算机系统服务、技术进出口、软件开发等信息技术相关服务。专注于为信息技术企业提供信息技术类人才及数字技术外包解决方案。,"https://www.zhaopin.com/jobdetail/CCL1480117890J40753610505.htm?refcode=4019&srccode=401901&preactionid=a7c1140f-c46c-45e5-b867-ab342d8bdc77"
3130,技术支持工程师,杭州-滨江区,2001-4000元,杭州海康威视数字技术股份有限公司,"人工智能,工业自动化,人工智能,物联网",10000人以上,已上市,CC120975580J40661270615,职位描述： 1、熟练使用office等办公软件进行数据处理； 2、协助完成售后数据资料的整理记录等事宜; 3、协助完成售后订单赠品发放、运费报销登记、用户评价返现登记等事宜； 4、配合完成领导安排的其它工作。   任职资格： 1、大专及以上学历，每周4~5天，至少实习3个月 2、工作认真负责，勇于承担，心细，适应压力，吃苦耐劳,2月23日,【公司介绍】海康威视成立于2001年，是一家专注技术创新的科技公司，致力于将物联感知、人工智能、大数据技术服务于千行百业，引领智能物联新未来：以全面的感知技术，帮助人、物更好地链接，构筑智能世界的基础；以丰富的智能产品，洞察和满足多样化需求，让智能触手可及；以创新的智能物联应用，建设便捷、高效、安心的智能世界，助力人人享有美好未来。【公司实力】全球业务覆盖150+国家/地区，11大全球研发中心，7大全球制造基地；58000+全球员工，其中研发人员和技术服务人员超27951人，研发投入占全年营业收入11.80%，绝对数额占据业内前茅（2022年年报）；视频感知—国家新一代人工智能开放创新平台（中华人民共和国科学技术部颁布）；连续6年蝉联“全球安防50强”第1位（a&s《安全自动化》）；连续6年蝉联“中国最佳雇主”全国30强（智联招聘）。【薪酬福利】基础福利：五险一金、补充商业保险、年度健康体检；假期福利：带薪年假、全薪病假、婚假、产育假、母婴照顾假、育儿假等；多重补贴：餐饮补贴、交通补贴、通讯补贴、团队建设津贴；乐活配置：免息住房借款、特色员工餐厅、免费停车场、免费健身房、理疗室、定期义诊等园区服务等（园区服务部分区域可享，详请咨询当地HR）；人才激励：年终奖、核心员工跟投创新业务计划股权激励、金砖奖；*公司为常驻海内外的员工，提供健全的物质和人身保障、人性化的探亲福利。,"https://www.zhaopin.com/jobdetail/CC120975580J40661270615.htm?refcode=4019&srccode=401901&preactionid=a7c1140f-c46c-45e5-b867-ab342d8bdc77"
3131,测试工程师,徐州-贾汪区,1-1.5万,徐州徐工矿业机械有限公司,电气机械/电力设备,1000-9999人,未融资,CC464414780J40772975114,1.协助制定试验方案，开展新产品基础性能试验，编制各零部件系统测试计划； 2.执行产品测试计划，编制测试研究报告； 3.跟踪、研究国内外同行业测试技术发展趋势，提出核心技术研发课题。 1、2025年及2026年应届毕业生，本科学历及以上； 2、大学英语四级或以上，或同等水平的其他语言； 3、机械设计、机械制造、自动化、力学等相关专业。,7月15日,徐州徐工矿业机械有限公司（徐工矿机）是徐工集团最具创新实力的核心企业之一，已成为徐工集团最为重要的战略性支撑板块，目前公司在产品研发上，践行“三高一大”的产品战略，落地“技术领先，用不毁”做成工艺品产品理念，自主研制生产具有国际先进水平的系列矿用液压挖掘机、矿用自卸车、破碎筛分机械三大类成套矿业机械产品群。产品型号已覆盖70吨-700吨液压挖掘机、120吨-400吨电传动自卸车、30吨-60吨铰接式自卸车、40-100吨机械传动自卸车、100t/h—500t/h移动破碎筛分站、500t/h—4000t/h破碎筛分生产线，是中国唯一、全球前五的大型成套矿业机械研发与制造的企业，是全球矿业机械的知名品牌和有力竞争者。,"https://www.zhaopin.com/jobdetail/CC464414780J40772975114.htm?refcode=4019&srccode=401901&preactionid=a7c1140f-c46c-45e5-b867-ab342d8bdc77"
3132,技术支持工程师,杭州-余杭区,7000-12000元,杭州康德权饲料有限公司,农/林/牧/渔,100-299人,不需要融资,CC350489610J40752694309,1、动物营养、畜牧兽医相关专业，硕士研究生及以上学历。 2、有大型牧场养殖一线经验或技术服务经验者优先。 3、学习力和适应力强，能接受长期出差和短期驻场服务。 4、团队意识和服务意识强，能配合团队完成销售任务。 5、配合销售人员完成产品方案落地执行。   6、各类型会议中完成技术结合产品的宣讲。,7月4日,康德权成立于1999年7月，是一家集饲料添加剂、兽药、化工合成、生物发酵的研发、生产、销售、服务于一体的高科技股份制企业。公司座落于杭州余杭国家级农业示范中心内，建筑面积2.5万多平方米，拥有兽药GMP车间、生物包膜车间、生物发酵基地、化工合成基地、研发中心和国际一流的质量控制检测中心。2003年被认定为浙江省高新技术企业；2004年通过ISO9001:2000质量体系认证；2006年7月通过国家兽药GMP认证；2008年8月通过欧盟FAMI-QS认证。2008年被国家发改委认定为生物饲料安全与污染防控国家工程实验室生物包膜工程中试基地。康德权通过“产学研”相结合的模式，与高等院校和科研机构的紧密合作，以技术创新和市场需求为导向，建立了饲料添加剂包膜、兽药制剂、有机化工合成、生物发酵四个强大的研发团队；随着国际畜牧养殖业和饲料业的发展，先后成立了浙江康德权科技有限公司（动保事业部）、杭州康德权饲料有限公司（添加剂事业部）、杭州恩诺威水生物科技有限公司（水产事业部）、杭州百煦汇进出口有限公司（国际贸易部），反刍动物营养事业部（反刍事业部），细分市场、精耕细作、贴近养殖、做专做精。“以德立人，以品做事；绿色健康，共赢发展”是康德权的经营哲学，公司专注于添加剂和动物保健品的开发、生产和销售，专注于为养殖场和饲料厂提供更优质的服务。公司运用拥有自主知识产权的智能微囊包膜技术，为产品生物利用率更高、投入产出更经济、环境更友好，而锐意进取。以我们的技术和智慧让饲料添加剂和动物保健品更加安全、优质、高效；以我们的努力和爱心让生活更加精致、美好；以我们的诚信和责任让社会更加和谐、共赢！我们致力于成为有特色的国际化饲料添加剂和动物保健品供应商！,"https://www.zhaopin.com/jobdetail/CC350489610J40752694309.htm?refcode=4019&srccode=401901&preactionid=a7c1140f-c46c-45e5-b867-ab342d8bdc77"
3133,技术支持工程师,昌吉-奇台县,4000-6000元,长春赛诺迈德医学技术有限责任公司,"医疗设备/器械,仪器仪表制造",100-299人,未融资,CC120408870J40463677808,"岗位职责： 1.参加产品知识培训，掌握产品制造的全流程； 2.负责产品布局图的绘制，产品相关文件的编写； 3.负责宣传推广材料（彩页.产品PPT等）的策划和编制，以及项目推荐书的编写； 4.负责销售人员.经销商等相关人员的产品培训； 5.协助参与全国各地学术会议.展会等市场支持工作； 6.完成上级领导交办的其他工作事项。 任职要求： 1.23-35岁，本科以上学历，工科相关专业； 2.具有医疗器械行业市场相关工作经验优先； 3.熟练使用常用办公软件,熟练使用CAD等设计软件者优先; 4.具有良好的语言表达能力.沟通能力.逻辑思维能力； 5.能接受出差。 晋升渠道：产品专员——产品经理——市场部总监",7月22日,"赛诺迈德医学技术有限责任公司坐落于中国的光学基地长春，是专业从事医学检验仪器、医学检验试剂及医学治疗（理疗）设备研发、生产、销售及服务的技术密集型现代化企业。公司厂区占地面积5500平方米，建筑面积3800平方米；公司现有员工150人，其中大学本科以上学历占%，7人拥有硕士学位,，5人拥有博士学位。公司自一九九二年成立以来，一直致力于医学检验及治疗技术的推广及应用。在开发国内市场的同时，广泛寻求国际合作，跟踪国际最先进技术，不断加速公司在管理、市场、技术等方面的国际化进程。我们时刻关注客户的需求和市场的变化，不断创新，积极变革，公司将每年销售收入的17%用于创新研发，生产符合客户需要的产品。","https://www.zhaopin.com/jobdetail/CC120408870J40463677808.htm?refcode=4019&srccode=401901&preactionid=a7c1140f-c46c-45e5-b867-ab342d8bdc77"
3134,实施工程师,北京-房山区,8000-16000元,青岛安然物联网科技有限公司,"物联网,物联网",20-99人,未融资,CC559764920J40756421404,需要弱电技术、自动化、安防系统、工业互联网+危化安全生产、物联网人才，不要纯软件人才。 你能经常到全国各地出差吗？你能到化工生产现场做技术支持吗？  你能做好售前技术支持、根据客户需求，高效制作方案吗？你能做好售中技术支持、指导他人正确安装、部署、调试系统向用户保质保量快速交付吗？你能做好售后维护，高效沟通和落实客户需求吗？  迄今已服务中石化、中石油、延长石油、国能、兖矿、京能、索普、新安、奇美、昊源、潞安、旭阳、垦利、逸盛、海科、酒钢、金发等几百家石化、化工、选煤、钢铁、电厂企业。  安然以客户为中心，以强者为本，抬头乐干，愿意与同道中人联合、链接，携手共建、共用、共享生产安全命运共同体，一起干，一起干，让优秀企业更安全，让优秀企业更高效！,3月8日,基于精准人员定位的工业安全生产信息化管理专家，安全生产信息化管理引领者！作为全国实时定位技术标准工作组成员和应急管理部“工业互联网+危化安全生产”人员定位系统技术支持机构，安然从2012年起致力于基于ZigBee Plus三维立体按需精准定位的“工业互联网+安全生产”的研究，获得了20多项安全智能管控系统发明专利和著作权，持续引领中国化工行业生产现场智慧安全！安然以“准、稳、狠”的ZigBee Plus三维立体按需精准人员定位统和“底数清、数据准、情况明、研判准、措施实”的安全生产信息化平台为核心，整合访客管理、出入口控制、人脸识别、视频监控、语音广播、重大危险源监控、可燃有毒气体监测等系统，对生产现场人、机、料、法、环五大要素进行实时、动态、智能管控和预警，规范人的安全行为，保障人的生命安全，有效防范风险、主动化解风险，实现智慧安全。安然“以用为本”，把安全生产信息化建设与公司管理体系“深度融合”，把安全生产信息化建设与日常工作“紧密结合”，对安全生产切实“有用、实用、好用”，避免建用“两张皮”，让安全管控更智能，让生产更高效才实用。迄今已服务中石化、中石油、延长石油、国能、兖矿、京能、索普、新安、奇美、昊源、潞安、旭阳、垦利、逸盛、海科、酒钢、金发等几百家石化、化工、选煤、钢铁、电厂企业。安然以客户为中心，以强者为本，抬头乐干，愿意与同道中人联合、链接，携手共建、共用、共享生产安全命运共同体，一起干，一起干，让优秀企业更安全，让优秀企业更高效！,"https://www.zhaopin.com/jobdetail/CC559764920J40756421404.htm?refcode=4019&srccode=401901&preactionid=a7c1140f-c46c-45e5-b867-ab342d8bdc77"
3135,Java,杭州-滨江区,1.5-3万·14薪,外企德科数字技术有限公司,专业技术服务,10000人以上,,CCL1480117890J40776208805,接受应届毕业生 1、本科及以上学历（统全）; 2、热爱编程，基础扎实，熟悉掌握但不限于 JAVA/C++/C/Python/JS/HTML/GO等编程语言中的一种或数种，有良好的编程习惯; 3、具备独立工作能力和解决问题的能力、善于沟通，乐于合作，热衷新技术，善于总结分享，喜欢动手实践; 4、对数据结构、算法有一定了解。 全部门后端开发，测试，算法和数据类岗位都有 工作地点: 南京、杭州、苏州、上海、成都、西安、武汉、长沙、东莞、深圳等多个城市研究所，可根据个人意向协调工作地点; 福利待遇:周末双休、五险一金、培养机制完善、薪酬丰厚，欢迎踊跃投递!,2025-07-27 00:24:48,外企德科数字技术有限公司是一家2023年新成立的中外合资企业。成立于2023年11月24日，公司定位：专注于为信息技术企业提供人才及数字技术外包解决方案的中外合资企业。它是由中国人力资源服务行业的FESCO（北京国际人力资本集团）与全球人力资源服务领导者The Adecco Group（德科集团）合资成立的。公司主要提供网络技术服务、软件外包服务、计算机系统服务、技术进出口、软件开发等信息技术相关服务。专注于为信息技术企业提供信息技术类人才及数字技术外包解决方案。,"https://www.zhaopin.com/jobdetail/CCL1480117890J40776208805.htm?refcode=4019&srccode=401901&preactionid=a7c1140f-c46c-45e5-b867-ab342d8bdc77"
3136,Java,邯郸-丛台区,2000-3000元,河北晨光网络科技有限公司,"互联网,计算机软件,网络/信息安全",20-99人,未融资,CC369404030J40783757212,1、计算机相关专业，本科学历及以上; 2、具有扎实的Java功底，了解JVM的原理，悉多线程，通信等相关技术;有较强的源码阅读、研究和理解能力; 3、精通SpringcCoud、SpringBoot、MyBatis等主流后端框架及前端框架Vue、uni-app，对优秀开源软件的源码有心得者优先; 4、精通数据库设计，优秀的SQL编写及调优能力，熟悉MySQL、Oracle等数据库，熟悉国产达梦、东方通中间件优先; 5、熟悉Linux下常用命令，具备根据日志迅速定位问题并解决问题的能力; 6、具有较好的沟通能力，思路清晰，善于思考，能独立分析和解决问题; 7、有强烈的责任心和团队合作精神，良好的抗压能力，心态积极，能主动融入团队。,7月23日,河北晨光网络科技有限公司成立于2011年，是一家为企事业单位提供信息化服务的高新技术企业。公司秉承“以客户为根本、以科技为核心、以市场为导向”的经营理念，专注于网站建设、软件开发、弱电工程、增值服务等项目。通过多年项目建设及客户服务，积累了丰富的实践经验，形成独具特色的专业策划和执行团队。晨光网络凭借优质的服务和有效的执行赢得了众多单位的认可和信赖，先后与部分知名企业及政府机关单位建立友好合作关系，赢得了良好口碑和广泛赞誉。在生态合作方面，晨光与阿里云、致远互联、263云通信等知名互联网行业领先者有着广泛的合作，同时与本地运营商建立战略合作关系，加快市场拓展步伐。经过多年的发展，晨光品牌已经成为本地信息化服务领域的领先品牌。晨光网络推出的每一项服务，都本着客户至上的原则；晨光网络每一次前进的脚步，都充分体现对用户的尊重与关怀。面对未来，我们承诺会在现有优势的基础上，为企业及政府单位提供更全面、更完善、更优质的信息化建设解决方案。,"https://www.zhaopin.com/jobdetail/CC369404030J40783757212.htm?refcode=4019&srccode=401901&preactionid=a7c1140f-c46c-45e5-b867-ab342d8bdc77"
3137,软件测试,柳州-柳江区,1-1.2万·13薪,青岛瑞晟元人力资源有限公司,人力资源服务,20人以下,不需要融资,CCL1431271280J40777970607,岗位职责： 1. 负责软件的功能测试。 2. 执行测试用例，报告缺陷并跟踪缺陷的修复。 3. 与开发团队协作，确保软件质量满足需求。 4. 参与软件测试流程的优化和改进。 岗位要求： 1. 熟悉软件测试理论、方法和流程。 2. 具备功能测试经验。 3. 了解运维工程师、网络工程师的工作内容，能进行基本的IT质量管理。 4. 有信息技术、标准化、电子或电路工程相关背景者优先。 薪资待遇：包住、六险一金、工龄工资、生日礼金、定期体检、带薪年假、绩效奖、项目奖、年终奖.,2025年07月29日,,"https://www.zhaopin.com/jobdetail/CCL1431271280J40777970607.htm?refcode=4019&srccode=401901&preactionid=a7c1140f-c46c-45e5-b867-ab342d8bdc77"
3138,实施工程师,江门-台山市,6000-8000元·13薪,深圳市创世纪科技发展有限公司,"计算机软件,IT服务,互联网,计算机硬件",300-499人,未融资,CC321869010J40799838313,一、岗位职责：,7月17日,"深圳市创世纪科技发展有限公司是一个专门从事企业信息化工程建设应用软件开发、集成技术；社区、楼宇智能化工程服务供应商。公司拥有一支从事软件开发10多年，作风过硬、素质优秀、技术精湛、经验丰富的软件开发和系统集成队伍。公司注重：“具有行业特色；满足个性化需求；适应企业文化、资源和持续发展”的企业信息化目标产品的研究。现已为多家企业开发出具有行业特色的软件；在企业的信息管理系统上具有丰富的经验。同时，我公司对工业生产数据具有较强的处理能力，善于整合离散的工业数据，对数据进行分析处理；为企业的生产过程提供决策支持和控制，提高企业的生产能力。对在线系统运行分析，积累了丰富的经验。近几年来，公司在智能化系统工程、计算机网络通讯、工业自动化控制、通信技术也积累的丰富的实践经验。依托现有的人才与先进技术，以及与知名地产开发商的合作关系等综合优势，积累了专业施工管理经验，结合小区智能化，智能大厦，计算机网络系统，在建设数字化社区方面取得了长足的进步。随着公司业务的调整和发展，我们长期向一些集团公司提供软件技术支持，项目建设，企业信息中长期规划与咨询等业务。所聘相关职位，会提供您中长期的职业规划机会，并提供足够发展空间,欢迎优秀人才加入。","https://www.zhaopin.com/jobdetail/CC321869010J40799838313.htm?refcode=4019&srccode=401901&preactionid=a7c1140f-c46c-45e5-b867-ab342d8bdc77"
3139,科研人员,深圳-光明区,2.2-3.5万,深圳理工大学,学校/学历教育,500-999人,,CCL1317818340J40653317410,"课题组/导师简介： 郭鑫，助理教授，深圳市海外高层次人才，入选斯坦福大学发布的全球前2%顶尖科学家榜单中的“2023年度科学影响力排行榜”。长期从事纳米功能材料的设计、结构调控及其在电化学储能领域的应用研究；主导研发了多款高性能钠离子电池正负极材料。参与出版能源材料方面的英文著作 2 章、申请中国/PCT发明专利4项；在国内外高水平学术期刊如Nat. Cat., Sci. Adv., Joule, Chem, Adv. Mater., Adv. Energy Mater., ACS Nano, Nano Lett.等发表论文70余篇，总被引8000余次，h-index为42；其中以第一作者（含共一）、通讯作者身份发表IF &gt; 10的论文20余篇。曾多次在国际学术会议上做口头、邀请报告；获2013国家奖学金、2015悉尼科技大学校长奖学金、2022国家优秀自费留学生奖学金等；担任学术期刊Frontiers in Chemistry编委、Battery Energy青年编委，及Adv. Mater.等多个一流期刊的审稿人。 岗位要求： 1、即将取得博士学位或取得博士学位不超过3年，年龄原则上不超过35周岁； 2、具备较高的学术水平和较强的科研能力，能独立开展科研工作； 3、专业要求：材料科学与工程、电化学等相关专业，在相关领域顶级期刊以第一作者或通讯作者发表过学术论文；熟悉以下方向者优先：锂钠离子电池正负极材料、二次电池关键技术研发； 4、在国际学术期刊发表过相关论文者优先考虑； 5、具备较强的英语听说读写能力； 6、具备良好的学术道德和团队合作精神； 7、全职从事博士后研究工作。 福利待遇： 1、博士后聘期两年，提供年薪不低于30万元；优秀应聘者年薪不低于38万（含深圳市在站生活补助18万），特别优异的应聘者可推荐科研助理教授岗位（符合条件者可申请深圳市人才补助24万/年）。福利待遇参照学校同等教职工标准执行，享受五险一金，绩效奖励等。 2、课题组提供优良的工作环境和充足的科研条件支持，全力支持博士后本人作为负责人申请中国博士后科学基金、国家自然科学基金以及广东省、深圳市等各级科研项目。结合自身条件，课题组协助在站和出站留深博士后申请深圳市相关人才计划。成果突出的博士后，出站后可推荐科研助理教授岗位。 3、出站后留深签约3年工作劳动合同，可申请深圳市博士后出站留（来）深科研资助30万（每年10万共计3年）; 4、可依托学校申请深圳市人才房。可落户深圳市，配偶及未成年子女可办理随迁入户。 5、具有从幼儿园、小学、初中、高中的高水准附属教育机构，为教职工子女提供优质教育资源。提供高水准医疗保障，入职满一年可享受定制化高端体检。 （如政策有所调整，根据实际政策而定） 邮件标题请注明""XXX应聘SUAT郭鑫课题组+岗位""，请在邮件中注明拟到岗时间。简历经严格筛选后将及时安排面试，个人信息将严格保密。",9月11日,中国科学院深圳理工大学（简称“中科院深理工”）是由中国科学院与深圳市人民政府合作，依托中国科学院深圳先进技术研究院建设的独立设置的全日制高校，目标建设成为世界一流、“小而精”的研究型大学。中科院深理工将打造科教融合、产教融合、粤港澳合作及国际化办学、体制机制创新四大特色。在科教融合方面，坚持立德树人，以人才培养为根本任务，坚持以学生成长为中心，遵循教育规律和人才成长规律，创新教育教学方法，探索培养拔尖创新人才的模式，建立学院、书院、研究院“三院一体”的人才培养体系。在产教融合方面，中科院深理工将延续先进院的科技创新发展路径，通过加强创客学院建设，提倡创新创业精神，提供高质量创业氛围，培育学生的创业基因和能力。在国际化方面，学校将面向国内外引进高水平、国际化的教师队伍，提升国际化教学水平。将英文纳入工作语言，专业类课程计划全英文授课，计划三分之一至四分之一教授为外籍，三分之一至四分之一学生为外籍。在体制机制创新方面，中科院深理工将积极引进社会资本参与办学，并在坚持党领导的前提下，计划实行以理事会为核心的法人治理结构。中科院深理工旨在为粤港澳大湾区、为国际培养立志于科研的未来科学家学术前沿的科研领军者、立志于创新创业的未来企业家未来产业的创造者和引领者以及高科技产业的未来技术精英未来高科技行业的技术骨干和引领者。,"https://www.zhaopin.com/jobdetail/CCL1317818340J40653317410.htm?refcode=4019&srccode=401901&preactionid=a7c1140f-c46c-45e5-b867-ab342d8bdc77"
3140,C/C++,郑州-管城回族区,1.2-2万·14薪,河南元极科技有限公司,"计算机软件,专用设备制造",20-99人,未融资,CC492998430J40341120106,(1) 岗位职责 ① 项目C/C++软件设计、开发与测试工作 ② 负责Windows/linux平台下的应用程序编写和维护 ③ 按企业规范完成相应的设计技术文档编写 (2) 岗位要求 ① 电子、通信、计算机、自动化等相关专业，本科及以上学历，双一流学科、985优先 ② 具有较好的软件功底和嵌入式方面的知识，能够熟练使用C和C++ ③ 熟悉网络通信、文件存储 ④ 具有良好的编程习惯和技术文档编写习惯 ⑤ 具备极强的团队精神和合作精神，对工作有热情 职位福利：五险一金、年终分红、绩效奖金、股权激励   ,5月22日,"元极科技是一家集激光、机器视觉、自动化及产品追溯系统于一体的高新技术企业，公司秉承""以人为本、技术之上""的企业文化，以实现智能制造为己任。热烈欢迎有才之士的加入，共创美好明天、共享成功的果实。","https://www.zhaopin.com/jobdetail/CC492998430J40341120106.htm?refcode=4019&srccode=401901&preactionid=a7c1140f-c46c-45e5-b867-ab342d8bdc77"
3141,前端开发,德阳-旌阳区,5000-7000元,四川海之星数据技术有限公司,互联网,20-99人,,CC855656990J40784361308,1、熟悉HTML5、CSS3及ES6新特性，能够灵活运用前端常用库，如eCharts、Element-Ul，Layer，Bs4等； 2、熟练使用JQuery等流行JS开发框架，实现各种交互效果; 3、熟悉微信小程序，H5小程序的基本开发； 4、具有网站、微平台、DeepSeek等开发经验者优先；热爱信息技术，喜欢钻研；能够适应团队开发环境，乐于沟通，具有良好的团队协作精神。 5、C1驾照。 岗位职责： Web前端开发任务，产品前端的设计、开发。其他产品代码管理，部署，迭代等。配合商务进行案例搭建，demo制作等。,7月19日,四川海之星数据技术有限公司成立于2015年，主营:基础地理信息收集、大数据处理、行业研发和应用，以及时空信心云平台建设。公司致力于智慧城市、数字化城市的建设支撑。,"https://www.zhaopin.com/jobdetail/CC855656990J40784361308.htm?refcode=4019&srccode=401901&preactionid=a7c1140f-c46c-45e5-b867-ab342d8bdc77"
3142,C/C++,日照-东港区,7000-12000元,山东力山特智能科技股份有限公司,通用设备制造,1000-9999人,未融资,CCL1379384340J40801560508,负责库管系统相关软件技术或产品开发。熟练使用C、C++等编程语言进行软件开发工作，对于UI、数据库、网络通信、多线程有一定的开发经验者优先。 薪资面议,7月25日,山东力山特智能科技股份有限公司山东力山特智能科技股份有限公司是山东钢铁集团有限公司旗下综合性科技企业。公司成立于2018年4月，注册资本9000万元。公司主要从事智能起重机研发、制造，废酸再生等业务，下设5个经营单位，两个分公司（济南分公司、钢城分公司），两个控股子公司山东莱钢节能环保工程有限公司、考克利尔酸循环科技（山东）有限公司（中外合资）。现有员工200余名，中高级职称人员40余名。公司是山东省认定的高新技术企业，科技部“国家工业烟气除尘工程技术研究中心”和环保部“国家环境保护工业烟气控制工程技术中心”的山东省分部，中国重机协会理事会员单位。建设有市级技术创新平台2个，现已取得软著30项、专利40余项、省级技术创新4项。拥有起重机械A级资质、建筑机电专业承包叁级资质、ISO9001质量环境职业健康安全管理体系认证等多项资质。智能起重机技术：公司“力山特”商标闻名业内，拥有雄厚的技术研发能力和设备制造实力。公司从设备智能、系统智能、场景智能三个层面研发升级，搭载智能吊具、智能仓储、库管系统，实现行车精准、高效、稳定、安全无人智能化运作，部分领域技术创新应用能力进入国际先进行列，是智能技术与钢铁行业实体经济深度融合的重要一步；公司年产各式起重机300多台，运维起重机1000余台。“力山特”品牌以其优秀的品质、新型的设计、优质的售服在国内外具有极强的竞争力，制造的路桥拼架机和门式起重机远销海外，韩国、泰国和孟加拉国都留下了“力山特”的身影。环保工程技术：依托山东莱钢节能环保工程有限公司，业务与专业范围包括脱硫、脱硝、除尘、VOCs治理、污水处理、固体废弃物处理、节能、合同能源管理及环境与能源类项目投资等领域。研发的焦化烟气双零循环超低排放技术，无二次污染物产生、运行费用低，在钢铁、化工等行业建成了多项具有技术引领意义的环境保护示范工程。废酸再生技术：依托考克利尔酸循环科技（山东）有限公司，研发的流化床法废酸再生技术，具有技术先进、操作方便、污染小、废酸回收率高（99%以上）、运行安全，副产品价值高等优点，有效解决了传统喷雾焙烧法副产品微米级的红色氧化铁粉，易飘散，存在较严重的二次粉尘污染的缺点，酸再生工艺及技术处于世界领先位置。工程设备模块化创新，根据客户的产品质量及产能要求量身打造，同时在装机能力与技术上为客户实现价值最大化。公司以发展高端制造、建设循环经济为目标，通过领先的技术、卓越的服务和一流的产品，为客户赢得行业竞争优势和企业长远发展的先机；通过不断推动创新、管理，造福员工、回报股东。我们将以“工匠精神、铸造品质”为己任，打造业界智能起重装备、环保工程、循环经济综合服务商。,"https://www.zhaopin.com/jobdetail/CCL1379384340J40801560508.htm?refcode=4019&srccode=401901&preactionid=a7c1140f-c46c-45e5-b867-ab342d8bdc77"
3143,测试工程师,深圳-罗湖区,1.5-2万·13薪,青岛鼎赫人力资源有限公司,人力资源服务,20人以下,,CC682590480J40783102614,,2025年07月28日,,"https://www.zhaopin.com/jobdetail/CC682590480J40783102614.htm?refcode=4019&srccode=401901&preactionid=a7c1140f-c46c-45e5-b867-ab342d8bdc77"
3144,前端开发,济南-历下区,1.1-2.2万,众阳健康科技集团有限公司,"计算机软件,互联网,IT服务,人工智能",1000-9999人,未融资,CC227606010J40376679006,岗位职责：  1. 负责医疗信息化系统相关平台的前端研发工作，包括项目&架构的设计/开发/优化；  2. 参与团队前端工程化体系建设，逐步提升研发效率、研发质量，通过技术驱动业务发展；  3. 主动发现问题，提出合理化建议，积极优化项目开发手段；  4. 关注前端前沿技术发展，能够将新知识传递给团队，并且转化到潜在项目中  任职要求：  1. 本科及以上学历；  2. 扎实的计算机基础知识，熟悉常用的数据结构、算法和设计模式，并能在日常研发中灵活使用；  3. 理解Web前端开发技术，包括HTML/CSS/JavaScript等，掌握至少一种主流前端框架（React/Vue/Angular等），有TypeScript 经验优先；  4. 具备良好的系统设计能力，能自主完成常规技术方案的设计及落地  5. 具备owner意识，能够独立完成一个复杂模块或项目的研发及协调工作；  6. 具备良好的服务意识、责任心、较强的学习能力、优秀的团队沟通与协作能力；  7. 有中大型前端工程开发经验，有架构意识，熟悉前端构建工具如 Webpack、ESBuild、Vite等。  薪资福利： 7.5小时工作制，双休，五险一金，法定节日，节日福利，员工体检，生日礼物，团队建设等。 职位福利：五险一金、定期体检、节日福利、周末双休,6月5日,众阳健康科技集团，创立于1998年，现有职工3000余人，总部位于山东省济南市，产品和服务涵盖卫健委、医院、医保、养老等业务领域，拥有近300项软件产品著作权，具有100%的自主知识产权。集团目前在我国医疗健康信息化领域排名前三，县域医疗健康信息化领域排名第一，云模式医疗健康信息化领域排名第一。主营产品和服务有医院信息化系统、智慧医疗系统、智慧服务系统、智慧管理系统、HRP系统、医保管理系统、医共体信息平台、互联网医院、人工智能应用、咨询服务、电子病历评级、互联互通评级等。目前已广泛应用于国内2000余家二级以上医疗机构，及200余家省、市、县级区域医疗卫生信息平台，累计服务人口超过5亿人。众阳健康集团是国内最早提出“一体化数字医院建设”理论的倡导者、践行者，国内以电子病历为核心的智慧医院建设思想最早的实践者。在云计算、大数据时代，众阳健康基于微服务和数据中台打造的“云健康”平台，高度契合国家医疗健康十四五规划，实现了大规模的应用落地，成为了引领医疗健康行业数字化转型的标杆。集团荣获山东省科学技术进步一等奖、吴文俊人工智能科学技术一等奖等奖项，是“国家智慧健康养老示范企业”、“中国医疗业信息技术服务示范企业”、“中国信息技术服务产业医疗健康领域示范企业”、山东省“十强”产业集群领军企业，获得山东省科技厅颁发的“院士工作站”及全国博士后管委会办公室批准的“博士后科研工作站”。与北京大学联合成立了“大数据联合研发中心”，与山东大学齐鲁医院共同成立了“数字健康联合实验室”。众阳健康打造的样板工程“平阴模式”、“成武模式”，以服务为核心的“淄博模式”，受到了全国人大常委会副委员长陈竺、国家卫健委主任马晓伟、北京大学中国健康发展研究中心主任李玲等国家领导和专家的高度认可。在共计12个国家基层卫生健康综合建设试验区中，众阳承建了河南“郏县”、广西“上思县”紧密型医共体建设，打造了全国示范。,"https://www.zhaopin.com/jobdetail/CC227606010J40376679006.htm?refcode=4019&srccode=401901&preactionid=a7c1140f-c46c-45e5-b867-ab342d8bdc77"
3145,测试工程师,武汉-汉阳区,140-150元/天,广州市凯泽利科技有限公司,"汽车研发/制造,汽车研发/制造",100-299人,未融资,CC823999070J40870293715,岗位要求： 1、​专业要求：车辆工程，电子电信，通信工程，自动化，计算机相关领域专业（硬性要求） 2、能力要求：在校期间有测试相关的课程学习经验、有过需要测试的在校项目经验、测试项目的实习经验（半硬性要求，加分项） 3、良好的沟通协调能力，能够自主寻找问题的解决办法（柔性要求） 4、有一定的代码编写/阅读能力，有Linux基础/ADB命令基础（硬性要求） 5、有禅道、jira、tapd等缺陷管理系统的使用经验（柔性要求） 工作内容： ​1.按照测试用例进行相应的手动或自动化测试，及时发现系统的潜在问题和风险； ​2.支持测试开发人员进行测试程序开发和测试环境的搭建； ​3.性能测试的跟踪和记录等； 4.完成测试需求分析、测试用例编写、测试执行以及测试报告的编写； 5.跟踪产品缺陷，协助开发定位问题； ​待遇福利： ​1、一周5天，每天8小时，朝九晚六，午休12点-1点半； 薪资3000元/月 ​2、提供实习证明； ​3、表现优秀者，按照项目需求情况可转正。,2025年07月30日,广州市凯泽利科技有限公司，坐落于广州市天河区，是一家集整车开发与产品设计研发经验于一身的技术服务型企业。公司致力于为客户提供全方位的软件测试流程一站式服务，涵盖汽车技术支持、软件测试委外服务、测试自动化解决方案、嵌入式技术支持、软件开发项目承接、测试辅助工具开发、自动驾驶数据标注、汽车信息安全测试、汽车设计、运营与项目管理、专业培训及工具代理等多个关键领域。在产品研发方面，凯泽利科技自创立之初，便专注于汽车软件测试自动化平台的研发，并成功自主研发出了一款自动化测试平台。该平台采用先进的Web服务器架构，支持Web和Windows两大客户端，具备远程执行测试与监控结果的功能，并实现脚本的云同步。通过该平台，用户可以在办公室内远程操控实验室内的多个台架，全面支持IVI的所有输入输出，能够覆盖90%以上的测试用例。此外，平台还具备集中管理测试脚本和测试报告的功能，极大地方便了脚本的共享与报告的分析，是汽车软件测试工作中不可或缺的得力助手。在企业资质上，凯泽利科技荣获多项殊荣，包括国家高新技术企业、专精特新企业、中等规模以上企业、科技型中小企业以及创新型中小企业等称号。此外，公司还荣获了广东省守合同重信用企业称号，并通过了ISO9001认证和信息安全管理认证，在技术创新方面，凯泽利科技同样表现出强大的研发实力。目前，公司正在申请的国家发明专利已有10余项，并成功获得了10项国家发明专利授权和19项软件著作权授权。目前，凯泽利科技的主要客户包括广汽研究院、深圳联友科技、小鹏汽车、江铃汽车、马瑞利、广汽丰田、广汽能源、岚图汽车、广汽埃安、东风日产、星河智联、南方试验场、立昇科技、祺迹汽车科技、比亚迪、合创汽车、广州优尼冲压等知名企业。,"https://www.zhaopin.com/jobdetail/CC823999070J40870293715.htm?refcode=4019&srccode=401901&preactionid=a7c1140f-c46c-45e5-b867-ab342d8bdc77"
3146,C/C++,武汉-江夏区,1.5-3万·14薪,外企德科数字技术有限公司,专业技术服务,10000人以上,,CCL1480117890J40788010605,主要负责相关部门的python/java/c/c++开发工作（会职位详情写这个：python/java/c/c++任意一种语言即可，算法/大数据等相关岗位均有）,2025-07-27 00:25:37,外企德科数字技术有限公司是一家2023年新成立的中外合资企业。成立于2023年11月24日，公司定位：专注于为信息技术企业提供人才及数字技术外包解决方案的中外合资企业。它是由中国人力资源服务行业的FESCO（北京国际人力资本集团）与全球人力资源服务领导者The Adecco Group（德科集团）合资成立的。公司主要提供网络技术服务、软件外包服务、计算机系统服务、技术进出口、软件开发等信息技术相关服务。专注于为信息技术企业提供信息技术类人才及数字技术外包解决方案。,"https://www.zhaopin.com/jobdetail/CCL1480117890J40788010605.htm?refcode=4019&srccode=401901&preactionid=a7c1140f-c46c-45e5-b867-ab342d8bdc77"
3147,技术支持工程师,无锡-新吴区,4000-8000元,勃朗电器,"互联网,IT服务,运营商/增值服务,电子/半导体/集成电路",20-99人,未融资,CC203857110J40036164901,1、 技校及中专等以上学历，电气相关专业或有相关行业从业经验者优先。 2、 懂得强电、弱电、电器控制原理，能看懂接线图， 3、 能使用AUTO-CAD、word、excel等办公软件； 4、 熟悉配电柜内、外配线规范； 5、 为人诚实、有吃苦耐劳精神，有责任心及良好的团队合作精神，有上进心； 6、 具备较高的安全生产操作意识和良好的品质精神。 7、 能适应出差，认真完成领导交办的其它工作任务。职位福利：加班补助、五险一金、餐补、绩效奖金、节日福利、通讯补助、全勤奖  ,4月16日,"无锡市勃朗电器有限责任公司，是中国建筑装饰协会建筑电气委员会单位会员，是一家领先级酒店客房控制技术的专业设计、生产及OEM供应商，拥有BOLANG、MINXON两个系列的智能化控制系统。在成长过程中，公司汲取了比任何一家酒店技术公司更多关于酒店和资讯技术领域的专业化。公司是有高品质的产品和完善的售后服务体系。BOLANG、MINXON客房控制系统采用当今国际先进的科学技术,结合高性能的传输入装置,系统具有了很高的智能化，不仅能应用在宾馆、酒店同时也可以广泛应用于管理和电气安装领域里，简称楼宇智能化。同时也适用于智能家居。智能控制系统不论在系统的解决方案还是在产品的工业设计理念方面都体现了以人为本；在营造一个舒适、方便、节能的家居环境的同时、也带来了设计大师精心创作的艺术经典。BOLANG（MINXON）公司已通过ISO9001.2008国际质量体系认证；产品已通过CE及FCC认证，本公司具有完善的售前指导设计、售后服务跟踪，同时有一定的保修承诺，其模块的结构设计安装非常方便。随着互联网+概念深化，勃朗APP开发，微信后台开发，云计算都将在硬件RCU基础上嫁接出新的一片天地，为国内外酒店、公寓、楼宇领域拓展新的天地。硬件勃朗是国内第一家实现客房控制系统模块化的企业，专业开发生产客房控制系统（RCU）、智能照明控制系统、智能家居控制系统、空调节能系统、插卡取电器配套单元等产品，设计制造和OEM加工。是国内成立较早的技术领先的智能系统产品生产厂家之一，拥有BOLANG、MINXON两个品牌的智能客房控制系统。软件互联网+时代，软件技术不可小觑，我们专注为星级酒店、经济酒店及智慧公寓、智慧养老院、智慧楼宇提供全面房间智能化系统服务解决方案。勃朗在原有硬件产品的基础上，通过云智能系统率先实现三网技术的联合嵌入。并通过顶尖云端平台管理模式、APP、微信有效完成在酒店客房、智能家居各自领域的有效控制和管理。服务公司运营十数年，积累了一只专业规范的服务队伍和强大的产品售后保障，为客户提供快捷、完善、周到的售前售后服务，我们7x24随时为您提供400-0510-990电话支持，确保随时为客户解决各种疑问。售前：拜访/沟通/演示/讲解售中：技术沟通/深化设计/确认需求/现场安装/调试/验收售后：使用培训/及时响应服务/远期维护服务/终身维护服务/2年免费维修/产品升级服务","https://www.zhaopin.com/jobdetail/CC203857110J40036164901.htm?refcode=4019&srccode=401901&preactionid=a7c1140f-c46c-45e5-b867-ab342d8bdc77"
3148,前端开发,北京-海淀区,8000-15000元,内蒙古东科信息技术有限公司,互联网,20-99人,,CCL1485155470J40760139403,岗位内容： 1. 设计和开发适用于不同设备的易于使用的网站 2. 参与产品原型设计和产品需求分析 3. 跟进技术趋势及前端开发最佳实践，不断提升团队的技术水平 任职要求： 1.掌握HTML5/CSS/JavaScript等前端技术和常用框架 2. 具备良好的学习能力和解决问题的思维能力，能够配合其他团队成员完成项目工作 3. 对新技术有好奇心，并愿意持续学习和提高,7月21日,,"https://www.zhaopin.com/jobdetail/CCL1485155470J40760139403.htm?refcode=4019&srccode=401901&preactionid=a7c1140f-c46c-45e5-b867-ab342d8bdc77"
3149,Java,成都-郫都区,1.5-3万·14薪,外企德科数字技术有限公司,专业技术服务,10000人以上,,CCL1480117890J40791813805,"岗位职责： 1、负责应用软件开发和维护工作； 2、负责软件模块需求分析、系核心模块代码编写和单元测试，完成概要设计文档、详细设计文档； 3、积极主动的与项目相关人员沟通交流，持续改善产品体验。 业务技能要求： 1、熟练掌握常用数据结构； 2、了解计算机组成原理、操作系统、网络等，熟悉Java/Python/C/C++/Go/js等一种或多种编程语言； 3、熟悉客户端与服务器通信协议,精通STL 、 Curl 、 DuiLib 等常用的开源库; 4、具有良好的沟通能力，有良好的团队合作精神，对技术有激情，喜欢钻研，能快速接受和掌握新技术，有较强的独立、主动的学习能力。 所有软件类职位都在招聘，戳详聊~",2025-07-27 00:25:52,外企德科数字技术有限公司是一家2023年新成立的中外合资企业。成立于2023年11月24日，公司定位：专注于为信息技术企业提供人才及数字技术外包解决方案的中外合资企业。它是由中国人力资源服务行业的FESCO（北京国际人力资本集团）与全球人力资源服务领导者The Adecco Group（德科集团）合资成立的。公司主要提供网络技术服务、软件外包服务、计算机系统服务、技术进出口、软件开发等信息技术相关服务。专注于为信息技术企业提供信息技术类人才及数字技术外包解决方案。,"https://www.zhaopin.com/jobdetail/CCL1480117890J40791813805.htm?refcode=4019&srccode=401901&preactionid=a7c1140f-c46c-45e5-b867-ab342d8bdc77"
3150,测试工程师,上海-浦东新区,1.2-1.8万,软通动力信息技术(集团)股份有限公司,"互联网,IT服务,计算机软件",10000人以上,D轮及以上,CC000544460J40734805816,岗位职责： 1. 负责电驱系统及其零部件测试规范制定，包含DV/PV测试，强检试验和EOL等； 2. 负责第三方试验室能力和设备评审，指导供应商进行相关试验台架搭建，自动化测试及监控并开展试验工作； 3. 负责制定测试计划并管控测试节点保障测试进度和测试质量； 4. 负责解决试验过程中的相关问题及分析产品失效模式，与开发同事共同开展设计优化并验证； 5. 负责相关电驱产品的对标测试工作，对测试数据进行分析并能够开展技术分析。 岗位要求： 1. 专科及以上学历，电机/电气工程/自动控制/汽车工程/电子信息等相关专业； 2. 精通台架等相关测试设备，能够指导测试环境搭建，确保实验环境符合验证过程要求； 3. 能够利用相关专业软件和标定工具，进行产品测试验证及相关实验数据处理与分析，如CANoe、INCA、Python、Jbeam、Uniplot等工具； 4. 具备一定的试验问题分析能力，能够根据实验数据，针对产品设计状态进行评判以及分析失效原因； 5. 工作踏实，良好的沟通能力，吃苦耐劳，具有责任感和团队奉献精神。,7月22日,软通动力信息技术（集团）股份有限公司（以下简称“软通动力”）是中国数字技术产品和服务创新领导企业，致力于成为一家具有全球影响力的科技企业，企业数字化转型可信赖合作伙伴。公司2005年成立于北京，多年来始终坚持科技创新，具有软硬全栈的智能技术产品和服务能力，提供软件与数字技术服务、计算产品与数字基础设施、数字能源与智算服务以及国际化服务。目前，公司在10余个重要行业服务超过1100家国内外客户，其中超过230家客户为世界500强或中国500强企业，员工近90000人。软通动力拥有软通咨询、软通金科、软通工业互联、机械革命、软通华方等业务子品牌，并在全球40余个城市布局业务，构建北美、日本、东南亚、中东四大国际交付中心，在北京城市副中心、江苏无锡建设两大智能制造基地。同时，公司前瞻布局智能制造、ICT软硬基础能力和生产力智能化产品，打造产业链闭环。软通动力设立30个能力中心，拥有1个国家级工程实验室，6个省市政府认定的工程、技术实验室及研发中心，1个博士后科研工作站，50+技术合作伙伴的生态合作体系，不断探索前沿技术的巨大商业应用潜力。公司旗下教育品牌软通教育，拥有一家全日制本科学院——郑州西亚斯学院数字技术产业学院；同时在全国合作院校600多所，设有70多个校企联合人才培养基地，通过校企合作、协同育人，为社会培养高素质应用型人才。软通动力先后获得“2023年中国IT服务市场排名TOP 1”、“2024年Q4 PC出货量国内市场份额排名TOP 2”、“2024年中国软件和信息技术服务竞争力百强企业”、“2023年中国信创企业100强”、“2024万得ESG评级（Wind ESG Rating）AA级及信息技术服务行业ESG综合得分排名第一”等荣誉及市场认可，并拥有全球软件工程领域最高级别CMMI V2.0成熟度5级评估认证、国家研发运营一体化（DevOps）三级能力成熟度模型认证、信息技术服务标准（ITSS）运维能力成熟度一级认证等专业资质，支撑公司更优质的服务体系。,"https://www.zhaopin.com/jobdetail/CC000544460J40734805816.htm?refcode=4019&srccode=401901&preactionid=a7c1140f-c46c-45e5-b867-ab342d8bdc77"
3151,实施工程师,成都-青羊区,4000-6000元,成都垣景科技有限公司,IT服务,20-99人,,CC825782820J40645689606,岗位职责： 1.设备安装与调试：独立或协助完成野外监测站点的施工、设备安装、线路布设及系统调试。确保传感器、数据采集终端、通信模块等设备正常运行，符合技术规范。 2.运维与巡检：定期对野外站点进行巡检、维护、校准及数据核查，及时处理设备故障或环境异常问题。完成设备耗材更换、电池维护、防水防雷措施检查等基础运维工作。 3.技术支持与故障处理：快速响应现场故障，分析问题原因并提供解决方案，保障监测数据连续性和准确性。配合技术团队优化站点布局或设备配置方案。 4.文档记录与汇报：详细记录安装调试过程、运维日志及故障处理报告，定期提交工作总结。协助建立站点档案及设备台账。 5.协作与沟通：与项目团队、客户或第三方单位对接，协调现场施工资源及进度。 任职要求 1.专业背景：职业技术学校应届毕业生，专业为物联网工程、机电技术、自动化、电子信息技术、水利水电工程、测绘工程或相关工科领域。 2.技能要求：熟悉传感器、数据采集设备、通信模块（4G、5G、北斗等）的基础原理与操作。掌握基本电气知识（如接线、电路检测）、机械安装技能（如支架固定、设备防水处理）。能使用万用表、电钻、扳手等工具，持有电工证、登高作业证等优先。 3.身体素质：适应野外作业环境（如山区、河道、野外工地），能承受长期户外工作及体力劳动。无恐高症或严重晕车问题，具备基础户外安全意识和应急能力。 4.学习能力：愿意学习新技术（如物联网设备、视频监控系统），能快速掌握公司标准化操作流程。 5.责任心与主动性：对设备运维细节敏感，主动排查隐患，确保站点长期稳定运行。 6.沟通能力：能清晰汇报工作进展，与团队成员协作解决问题。 7.抗压能力：适应出差（偏远地区）、非固定工时及紧急任务安排。 8.优先录用：持有C1驾照，能驾驶手动挡车辆优先。有水利、地质、环境监测相关实习或项目经验优先。熟悉CAD软件或简单GIS软件操作优先。,6月11日,成都垣景科技有限公司，致力于计算机软硬件研发与信息化服务，总部位于成都市高新区，下设武汉数据生产基地。现有员工50余人，大学本科以上人员24人，五年以上工作经验人员18人。主要从事三维激光扫描、倾斜摄影测量、地质灾害、智慧环保、虚拟仿真等。公司成立至今，始终坚持“务实创新、服务至上”的经营理念，为各行各业提供专业高效的时空信息服务与行业应用解决方案，现已完成多个省市级项目，服务质量获得用户广泛好评。,"https://www.zhaopin.com/jobdetail/CC825782820J40645689606.htm?refcode=4019&srccode=401901&preactionid=a7c1140f-c46c-45e5-b867-ab342d8bdc77"
3152,软件测试,佛山-南海区,面议,中国人民财产保险股份有限公司,"保险,证券/期货",10000人以上,已上市,CC120384240J40574439316,岗位职责:,7月17日,中国人民财产保险股份有限公司是中国内地最大的财产保险公司，是中国人民保险集团股份有限公司（美国《财富》杂志“世界500强”第112位）的核心成员和标志性主业。人保财险上海市分公司是中国人保财险在上海地区的省级分支机构，业务规模和保障能力市场居前。,"https://www.zhaopin.com/jobdetail/CC120384240J40574439316.htm?refcode=4019&srccode=401901&preactionid=a7c1140f-c46c-45e5-b867-ab342d8bdc77"
3153,科研人员,苏州-虎丘区,1.5-2.5万,清华苏州环境创新研究院,"学术/科研,环保",100-299人,,CC466991230J40813461215,【合作导师】,5月14日,清华苏州环境创新研究院（以下简称“清华苏州环境院”）是专门从事环境类科技创新活动的清华大学派出研究机构，依托清华大学环境学院开展建设。清华苏州环境院致力于打造成以生态文明建设为引领、体制机制创新为驱动、环境科技研发为基础、科技成果转化为导向，具有全球影响力的综合性研发和科技服务机构，服务于清华大学“建设国际一流环境学科”和苏州“创新驱动”、“生态改善”战略实施，努力为我国环境科技创新和环境产业发展提供智力支撑和典型示范。,"https://www.zhaopin.com/jobdetail/CC466991230J40813461215.htm?refcode=4019&srccode=401901&preactionid=a7c1140f-c46c-45e5-b867-ab342d8bdc77"
3154,实施工程师,广州-海珠区,7000-10000元·13薪,武汉天宝耐特科技有限公司,"建筑工程检测,仪器仪表制造",100-299人,不需要融资,CC132355030J40763292203,岗位职责： 1、与公司老客户沟通（广州勘测设计院等），深入了解核心客户的业务需求，进行需求分析和需求管理； 2、负责撰写需求规格说明书，确保需求的完整性和准确性； 3、协调产品、开发等团队，确保需求的有效传递和实现； 4、负责北斗产品功能测试，确定产品可投入使用； 5、参与项目的需求变更管理，确保变更的合理性和可控性； 6、提供解决方案支持，协助客户解决业务问题。 岗位要求： 1、本科及以上学历，导航工程、地球物理学、大地测量学，工程测量学、摄影测量与遥感、地理信息系统等相关专业； 2、接受优秀应届毕业生（985或211）； 3、熟悉软件开发流程，具备良好的沟通和协调能力； 4、具备较强的文档撰写能力，能够清晰表达复杂的业务需求； 5、具备良好的团队合作精神和抗压能力。,3月12日,武汉天宝耐特科技有限公司成立于2001年，致力于测绘光学产品、三维激光测量系统、GNSS高级定位服务与设备、海洋测量与建筑施工产品在中国的销售与服务；同时公司自主研发了高铁精细轨检小车、无人船水域测量系统、三维激光扫描隧道软件、DMC监测及控制测量数据处理平台等一批自主知识产权的设备和软件。经过20年的探索和发展，公司已成为资质资信体系齐全、技术力量雄厚、管理理念先进的现代化企业。客户群体超过800家，与水利部长江委、高校、科研等单位保持良好的合作关系，并与长沙市规划勘测设计研究院签署深化战略合作框架协议，保持紧密合作，共同研究新技术应用。在人才培养方面，公司成立“耐特学院”，不定期组织资深技术经理和产品经理为实习生和新员工提供测绘地理信息行业领先的技术培训，并积极推进校企合作助力引人促发展，长期保持与武汉大学、东华理工大学、湘潭大学、邵阳学院、广东工贸职业技术学院等高校人才培养及高校研究生实习基地的交流合作。多年来，天宝耐特始终坚持自主创新，成功申请3项技术知识产权、26项软件著作、3项商标注册等证书，持续进行研究开发与技术成果转化，形成企业核心自主知识产权，并于2020年荣获“国家高新技术企业”认定，2021年入选武汉市高新技术产业协会“理事单位”并荣获“雄鹰高新技术企业”认定，2022年荣获省级“专精特新”小巨人认定。企业愿景：以人为本，打造智慧时空领先企业。企业使命：科技驱动创新，技术赋能业务，创造和挖掘数据价值。企业精神：专注、专业、自强。,"https://www.zhaopin.com/jobdetail/CC132355030J40763292203.htm?refcode=4019&srccode=401901&preactionid=a7c1140f-c46c-45e5-b867-ab342d8bdc77"
3155,前端开发,南宁-良庆区,8000-15000元·13薪,河南瞿麦信息科技有限公司,"人工智能,互联网,电子商务,人工智能",500-999人,天使轮,CCL1503024580J40735628516,岗位内容： 1. 协助团队开发响应式Web页面和功能组件，确保优秀的用户体验 2. 与后端开发人员合作，实现应用程序的完整性和可维护性 3. 设计和实现复杂的前端UI交互，并在跨浏览器环境中进行测试和故障排除,7月25日,瞿麦信息科技公司自成立以来，在信息技术领域稳步前行，留下了一系列坚实的发展足迹。瞿麦信息科技有限公司于 2018年 4月 5日正式成立，所处行业为其他商务服务业。在成立初期，公司便积极布局业务范围，涵盖了软件开发，以及技术服务、开发、咨询、交流、转让、推广等多方面的技术业务，为后续发展奠定技术基础。等多个行业，展现出多元化的业务发展方向。在公司成立后的发展进程中，不断通过行政许可拓展业务边界。例如，在相关业务的开展过程中，依法依规取得了多项行政许可，确保各项业务在合法合规的框架内顺利推进，逐步积累行业资源和市场口碑。虽然在公开资料中暂未获取到其在特定技术研发突破、重大市场拓展项目等方面的详细信息，但从其业务范围的持续拓展和维持良好的存续状态来看，公司在信息技术及相关多元领域持续探索前行，努力在市场中找准定位，不断完善自身业务体系，提升综合竞争力，为未来的进一步发展壮大积蓄力量。,"https://www.zhaopin.com/jobdetail/CCL1503024580J40735628516.htm?refcode=4019&srccode=401901&preactionid=a7c1140f-c46c-45e5-b867-ab342d8bdc77"
3156,科研人员,北京-西城区,30-50元/天,中国城市建设研究院有限公司,"建筑设备安装,工程施工",500-999人,未融资,CC668882720J40724230202,岗位职责 1) 参与完成国家重点研发计划课题的调研和数据分析； 2) 参与城市体检、城市更新、生态修复等实践项目； 3) 配合团队完成研究报告、项目文本及PPT成果的撰写与整理。 任职要求 1) 在读硕士/博士研究生二年级； 2) 实习时长：6-12个月； 3) 实习地点：北京市西城区德胜门外大街36号； 4) 专业：城市规划、风景园林、地理信息系统、生态学等相关专业； 5) 技能：熟练使用ArcGIS等空间分析工具，具备基础数据分析能力（SPSS/Excel）； 6) 综合素质：吃苦耐劳、诚实守信；良好的文字表达能力和逻辑思维能力；具有严格的时间观念和良好的团队协作能力。,4月8日,中国城市建设研究院成立于1985年，是原建设部城市建设研究院根据国务院六部委国科发政字2000300号文《建设部等11个部门（单位）所属134个科研机构转制方案》改制而成，现隶属于国务院国有资产管理监督委员会所属的中国建筑设计研究院（集团），是城市建设行业综合性的科研设计单位,"https://www.zhaopin.com/jobdetail/CC668882720J40724230202.htm?refcode=4019&srccode=401901&preactionid=a7c1140f-c46c-45e5-b867-ab342d8bdc77"
3157,硬件测试,抚州-临川区,7000-12000元,重庆科满福人力资源服务有限公司,企业服务,20-99人,,CCL1487604860J40935619604,【岗位职责】 ： 1、进行新产品研发阶段的测试工作 2、完成新产品的功能测试、可靠性测试、环境测 试、安全测试等技术工作 3、制定测试计划，设计测试用例，分析测试数 据，编制测试报告 4、为其他部门提供技术支持，与其他部门的产品 联合测试工作,2025-07-27 01:11:47,,"https://www.zhaopin.com/jobdetail/CCL1487604860J40935619604.htm?refcode=4019&srccode=401901&preactionid=a7c1140f-c46c-45e5-b867-ab342d8bdc77"
3158,科研人员,北京-大兴区,8000-15000元,北京京城机电控股有限责任公司,"电气机械/电力设备,仪器仪表制造",1000-9999人,未融资,CC120105920J40742302209,北京市机电研究院有限责任公司（简称“机电院”）是北京京城机电控股有限责任公司（简称“京城机电”）的全资子公司。       机电院是京城机电创新发展平台与数字化转型平台的核心依托力量，全方位履行京城机电集团科技创新与数字化转型职能。机电院紧扣京城机电高端装备制造产业前沿技术、关键技术需求，聚焦协同研发攻关、新技术引进、新产业培育、行业研究与技术支撑服务，充分对接高校院所、中关村、产业上下游企业，以各类资源有机融合、协同创新、相互支撑的创新模式，打造“协同研发+技术引进+产业培育”的协同创新生态圈，为产业高质量发展提供支撑与服务。       一、岗位职责 ,6月6日,北京京城机电控股有限责任公司（简称：京城机电）是由北京市人民政府出资设立的国有独资公司，为北京市国资委所属一级企业，致力于大型装备制造与服务，长期位列中国机械工业百强企业榜单。京城机电现有1家A+H股上市公司，8家重要装备制造企业，3家合资公司，1家学校，员工1万余人。京城机电历史悠久，其前身可追溯到1949年成立的北京市人民政府机械工业管理局，1997年转制为北京机电工业控股（集团）有限责任公司，2000年更名为北京京城机电控股有限责任公司。京城机电产业发展已逾百余年，始终坚持遵循“高精尖”发展道路，坚持科技创新作为持续发展动力，充分利用北京科技中心和企业历史积淀优势，推动技术产品创新、商业模式创新、管理创新、机制创新以及文化创新，构建高精尖产业结构，夯实核心竞争力，凭借资本运作、产业协同、创新研发、国际合作等多种方式，全力实现装备制造与服务、科技文化园区运营与服务的双提升。京城机电始终以“精于术理，诚以信合”为核心价值理念，以“制造精良，装备世界”为企业使命，不忘初心，砥砺前行，专注于为用户提供实现价值的精品与服务。我们的产品从万能铣床到高精度数控机床，从工业气瓶到氢能存储系统气瓶，从传统液压件到数字液压系统，从胶版印刷设备到智能印刷生产线，从火力发电设备到新能源发电设备。京城机电见证了首都装备工业不断自我超越的历史传奇，先后填补了国内装备领域多项空白，奠定了在国家装备制造业中的行业领先地位，打造出“京城”、“北一”、“北人”、“华德”、“天海”、“巴威”等众多知名品牌，产品销往70多个国家和地区，在国内外装备制造领域中享有盛誉。在“十四五”发展的新时期，京城机电在***新时代中国特色社会主义思想的引领下，积极践行新发展理念，积极融入新发展格局，厚植发展优势，努力建设中国特色社会主义现代化企业。京城机电热烈欢迎有志于以振兴装备制造业为已任的有识之士加盟京城机电！公司地址：北京市大兴区北京经济技术开发区荣昌东街6号。,"https://www.zhaopin.com/jobdetail/CC120105920J40742302209.htm?refcode=4019&srccode=401901&preactionid=a7c1140f-c46c-45e5-b867-ab342d8bdc77"
3159,技术支持工程师,衡水-桃城区,7000-14000元,青岛安然物联网科技有限公司,"物联网,物联网",20-99人,未融资,CC559764920J40565766104,需要弱电技术、自动化、安防系统、工业互联网+危化安全生产、物联网人才，不要纯软件人才。  你能经常到全国各地出差吗？你能到工业生产现场生产现场做技术支持吗？     真正的奋斗者在安然会有让人值得为之奋斗的事业，会有充实、高效的成长，会有高人一等的收入。,7月16日,基于精准人员定位的工业安全生产信息化管理专家，安全生产信息化管理引领者！作为全国实时定位技术标准工作组成员和应急管理部“工业互联网+危化安全生产”人员定位系统技术支持机构，安然从2012年起致力于基于ZigBee Plus三维立体按需精准定位的“工业互联网+安全生产”的研究，获得了20多项安全智能管控系统发明专利和著作权，持续引领中国化工行业生产现场智慧安全！安然以“准、稳、狠”的ZigBee Plus三维立体按需精准人员定位统和“底数清、数据准、情况明、研判准、措施实”的安全生产信息化平台为核心，整合访客管理、出入口控制、人脸识别、视频监控、语音广播、重大危险源监控、可燃有毒气体监测等系统，对生产现场人、机、料、法、环五大要素进行实时、动态、智能管控和预警，规范人的安全行为，保障人的生命安全，有效防范风险、主动化解风险，实现智慧安全。安然“以用为本”，把安全生产信息化建设与公司管理体系“深度融合”，把安全生产信息化建设与日常工作“紧密结合”，对安全生产切实“有用、实用、好用”，避免建用“两张皮”，让安全管控更智能，让生产更高效才实用。迄今已服务中石化、中石油、延长石油、国能、兖矿、京能、索普、新安、奇美、昊源、潞安、旭阳、垦利、逸盛、海科、酒钢、金发等几百家石化、化工、选煤、钢铁、电厂企业。安然以客户为中心，以强者为本，抬头乐干，愿意与同道中人联合、链接，携手共建、共用、共享生产安全命运共同体，一起干，一起干，让优秀企业更安全，让优秀企业更高效！,"https://www.zhaopin.com/jobdetail/CC559764920J40565766104.htm?refcode=4019&srccode=401901&preactionid=a7c1140f-c46c-45e5-b867-ab342d8bdc77"
3160,技术支持工程师,广州-黄埔区,8000-13000元·13薪,天赐材料,"新能源,化工,新能源,化学原料/化学制品",1000-9999人,已上市,CC137784460J40818961408,公司介绍：天赐材料（002709）是一家市值近千亿的锂电材料龙头企业，总部位于广州市黄埔区，主要销售锂电池材料、日化及特种化学品，员工规模超过6500人。正极材料事业部主要生产地点于江西省宜春市、浙江省台州市，主要生产锂电池正极材料磷酸铁锂； 目前应业务增长需要，集团主营业务锂电池正极材料相关业务，需要招聘技术支持岗位，职责介绍如下： 1、负责做好与客户的技术交流，及时回应客户的技术咨询等工作；通过提供专业的技术支持服务，确保问题的解决，并取得客户对公司产品的认可； 2、负责分析、跟踪客户的技术问题，提供解决方案及指导客户，为客户解决产品导入过程中的技术问题； 3、根据客户对产品的具体要求，及时向相关部门反馈客户的问题和建议，提出产品改善及调整的具体要求，协助完成产品技术调整工作，确保产品/样品达到客户要求。 4、负责与客户经常性的技术沟通互动，了解客户需求，及时提供技术支持服务，提高客户满意度； 5、对部门、客户等相关人员进行技术相关培训，对相关技术问题进行跟踪支持。 任职要求 1、化学、化工、材料专业，有化学专业知识 2、对于新能源行业有一定的了解； 3、对锂电池原材料有足够的了解。 企业福利： 1.5天8小时双休工作制，加班可根据工作业务情况进行1:1调休 2.包吃住，提供班车，方便来往公司、宿舍。 3.上市公司，制度福利健全，入职试用期期间（试用期3个月）即签订劳动合同、购买五险一金 4.晋升空间大，可往专业路线（负责重大难点项目）及管理路线（负责员工培训、教导）双通道发展,6月30日,公司简介广州天赐高新材料股份有限公司（简称“天赐材料”）成立于2000年，是国内集研发、生产、销售为一体的国家级高新技术企业，于2014年1月在深交所中小企业板成功挂牌上市（股票简称：天赐材料；代码：002709）。天赐材料是国内锂离子电池材料行业的龙头企业和个人护理品行业的领军企业，拥有博士后科研工作站、企业技术中心、院士工作站等10个研发中心，研发实验室面积超13000㎡，拥有强大的技术研发队伍，承担多项科研项目。截止2022年12月，公司已突破千亿市值。人员规模超过6000人，获得受理专利460项，获得授权专利318项，凭借技术创新和优良的产品品质，目前天赐材料的产品销往全球超20国。天赐材料总部位于广州市黄埔区云埔工业区内，拥有九江天赐高新材料有限公司、宁德市凯欣电池材料有限公司、宜春天赐高新材料有限公司、天津天赐高新材料有限公司、广州天赐有机硅科技有限公司等二十多家子公司，遍布华南、华中、华北地区并逐步筹建海外工厂。其中九江天赐高新材料有限公司坐落于江西省九江市湖口县金砂湾工业园内，厂区占地五千多亩，是天赐材料主要的生产基地。【我们的福利也很讲究】√工作时间：五天八小时制。工作之余，你可以在我们的培训厅遨游书海，也可以约上小伙伴到我们的球场上挥洒汗水。只要你有想法，各项娱乐活动随你创造！√人生积蓄：五险一金已备好，如养老、工伤、失业、医疗、生育等五险，加上住房公积金。在你职业初期就可开启你的富一代之旅。√带薪假期：法定节假日、年假、婚假、产假、公司假等。休假期间，建议你背上行囊，来一场说走就走的旅行。√激励政策：活动奖励、QCC活动奖金、年终绩效奖金、股票期权等。实现自身价值和学习体验的同时，收获快乐。√福利：落户广州、博士后工作站补贴、住宿、食堂工作餐、旅游、体检、通勤车，生日、节日有礼金、开工利是，定期团建、年会、工会活动，种类繁多，总有一项是你的菜。√工作平台：理想有多大，舞台就有多大，欢迎来战。在众多培训学习项目的过程中，我们有完善的职业发展体系和培训平台，帮助你成长和提高技能，帮助你从此走上人生巅峰。,"https://www.zhaopin.com/jobdetail/CC137784460J40818961408.htm?refcode=4019&srccode=401901&preactionid=a7c1140f-c46c-45e5-b867-ab342d8bdc77"
3161,软件测试,北京-昌平区,200-250元/天,泰康在线,"互联网,电子商务",500-999人,天使轮,CC219857230J40608910501,工作职责： 1、根据项目计划，编写或组织编写测试计划和测试用例，并组织评审； 2、根据产品需求，分析各种场景和设计覆盖率高的测试案例 3、根据测试计划，及时跟踪项目缺陷，确保项目缺陷得到及时解决； 4、保持与项目经理及相关人员的沟通，确保信息通畅，确保测试工作顺利进行； 5、完成上级安排的其它工作。 任职资格： 1、逻辑性强，学习能力强，热爱测试工作； 2、本科以上学历，计算机相关专业毕业； 3、精通软件测试基本理论和技术； 4、熟悉自动化测试的任意一个工具，至少掌握java或者python任一语言； 5、主动思考能力：善于挖掘现象背后的本质，勤于思考并提问； 6、组织协调能力：能够跨部门和跨平台进行沟通和协调； 7、抗压能力：能够适应同时处理多个项目、进行管理和规划。,4月11日,泰康在线财产保险股份有限公司成立于 2015年 11月 18日，是首家由国内大型保险企业发起成立的专业互联网财产保险公司。作为泰康保险集团的全资子公司，泰康在线以“保险+科技”、“保险+服务”为主要商业模式，充分融合泰康保险集团现代金融服务元素，专注于互联网保险业务的创新开拓。泰康在线”）成立于 2015年 11月 18日，是首家由国内大型保险企业发起成立的专业互联网财产保险公司。作为泰康保险集团的全资子公司，泰康在线以“保险+科技”、“保险+服务”为主要商业模式，充分融合泰康保险集团现代金融服务元素，专注于互联网保险业务的创新开拓。,"https://www.zhaopin.com/jobdetail/CC219857230J40608910501.htm?refcode=4019&srccode=401901&preactionid=a7c1140f-c46c-45e5-b867-ab342d8bdc77"
3162,实施工程师,西宁-城中区,6000-12000元,东华医为科技有限公司,"IT服务,IT服务",1000-9999人,未融资,CC649781480J40485829305,岗位职责：,2025-07-27 00:31:00,东华医为科技有限公司（简称东华医为）成立于2012年5月，注册资金5000万，是东华软件股份公司旗下专业服务医疗、卫生等大健康领域IT业务的全资子公司。东华医为现有员工2000余人，其中技术人员占比达到90%，拥有近100项大健康类自主知识产权的软件产品，所覆盖的大健康领域有医疗机构、卫生管理机构、互联网医疗、人工智能、大数据、健康管理等，所涉及的主要业务有IT咨询规划、方案设计、系统集成、软件开发与交付、工程实施与交付、人才培养、售后运维、合作运营等。东华医为现为全国500余家大健康领域的各类用户提供着持续的技术服务，还连续多年蝉联中国十佳医疗行业解决方案商榜首。传承了东华软件医疗卫生事业部近二十年IT业务的东华医为，在高速发展的大健康领域，笃定能大有作为。,"https://www.zhaopin.com/jobdetail/CC649781480J40485829305.htm?refcode=4019&srccode=401901&preactionid=a7c1140f-c46c-45e5-b867-ab342d8bdc77"
3163,科研人员,北京-朝阳区,150-200元/天,北京环科生态环境保护科技有限公司,环保,20-99人,未融资,CC826331310J40737033611,本公司和环保科研单位合作的科研项目招聘实习生，方向为环保标准制定及评估，环境新污染物的迁移转化研究，实习地点在朝阳区。合适的话，可以联合培养。实习待遇，根据工作时间情况定。,5月18日,北京环科生态环境保护科技有限公司（“环科生态”）是一家专业环保咨询服务企业。公司成立于2018年8月，办公地点位于房山区长阳。环科生态主营业务为环境影响评价、排污许可、风险评估及应急预案、竣工环保验收、施工期环境监理、环保相关规划、生态治理方案、环保管家等环保技术咨询服务。业务区域主要为北京市各区县及周边地区，业务服务对象涵盖医药制造、医院、试验研究、交通、房地产、水处理、电力、环境治理及社会服务业等众多领域。环科生态自成立以来，秉承诚信、专业、高效的服务理念，得到业主单位的一致好评。公司在环保咨询服务工作开展过程中始终与环保主管部门保持着密切联系，很好地发挥了联系业主与环保主管部门之间的纽带作用。公司以环保咨询服务为基础，致力成长为环境咨询、环保管家、环境工程的标杆企业。公司长期致力于环保事业，积累了大量的行业经验，拥有专业的技术团队，能够提供优质的环保技术服务。环科生态真诚期待与您的合作。,"https://www.zhaopin.com/jobdetail/CC826331310J40737033611.htm?refcode=4019&srccode=401901&preactionid=a7c1140f-c46c-45e5-b867-ab342d8bdc77"
3164,实施工程师,哈尔滨-道外区,5000-8000元,哈尔滨迪科信息咨询有限公司,计算机软件,20-99人,,CCL1499786120J40724357110,岗位内容： 1. 负责公司产品的规划、设计、安装、调试及优化。 2. 解决客户在安装和使用过程中可能出现的技术问题。 3. 维护客户关系，了解客户需求并及时响应，并根据客户需求反馈，做出相应调整。 任职要求： 1. 熟练掌握网络设备的安装及调试知识，具备网络规划能力。 2. 能有效组织和协调团队工作。 3. 具备良好的客户服务意识和高度的责任心。,7月23日,,"https://www.zhaopin.com/jobdetail/CCL1499786120J40724357110.htm?refcode=4019&srccode=401901&preactionid=a7c1140f-c46c-45e5-b867-ab342d8bdc77"
3165,实施工程师,唐山-路北区,8000-14000元,青岛安然物联网科技有限公司,"物联网,物联网",20-99人,未融资,CC559764920J40823511304,需要弱电技术、自动化、安防系统、工业互联网+危化安全生产、物联网人才，不要纯软件人才。  你能经常到全国各地出差吗？你能到工业生产现场生产现场做技术支持吗？   真正的奋斗者在安然会有让人值得为之奋斗的事业，会有充实、高效的成长，会有高人一等的收入。   你能做好售前技术支持、根据客户需求，高效制作方案吗？你能做好售中技术支持、指导他人正确安装、部署、调试系统向用户保质保量快速交付吗？你能做好售后维护，高效沟通和落实客户需求吗？   迄今已服务中石化、中石油、延长石油、国能、兖矿、京能、索普、新安、奇美、昊源、潞安、旭阳、垦利、逸盛、海科、酒钢、金发等几百家石化、化工、选煤、钢铁、电厂企业。    安然以客户为中心，以强者为本，抬头乐干，愿意与同道中人联合、链接，携手共建、共用、共享生产安全命运共同体，一起干，一起干，让优秀企业更安全，让优秀企业更高效！,2月12日,基于精准人员定位的工业安全生产信息化管理专家，安全生产信息化管理引领者！作为全国实时定位技术标准工作组成员和应急管理部“工业互联网+危化安全生产”人员定位系统技术支持机构，安然从2012年起致力于基于ZigBee Plus三维立体按需精准定位的“工业互联网+安全生产”的研究，获得了20多项安全智能管控系统发明专利和著作权，持续引领中国化工行业生产现场智慧安全！安然以“准、稳、狠”的ZigBee Plus三维立体按需精准人员定位统和“底数清、数据准、情况明、研判准、措施实”的安全生产信息化平台为核心，整合访客管理、出入口控制、人脸识别、视频监控、语音广播、重大危险源监控、可燃有毒气体监测等系统，对生产现场人、机、料、法、环五大要素进行实时、动态、智能管控和预警，规范人的安全行为，保障人的生命安全，有效防范风险、主动化解风险，实现智慧安全。安然“以用为本”，把安全生产信息化建设与公司管理体系“深度融合”，把安全生产信息化建设与日常工作“紧密结合”，对安全生产切实“有用、实用、好用”，避免建用“两张皮”，让安全管控更智能，让生产更高效才实用。迄今已服务中石化、中石油、延长石油、国能、兖矿、京能、索普、新安、奇美、昊源、潞安、旭阳、垦利、逸盛、海科、酒钢、金发等几百家石化、化工、选煤、钢铁、电厂企业。安然以客户为中心，以强者为本，抬头乐干，愿意与同道中人联合、链接，携手共建、共用、共享生产安全命运共同体，一起干，一起干，让优秀企业更安全，让优秀企业更高效！,"https://www.zhaopin.com/jobdetail/CC559764920J40823511304.htm?refcode=4019&srccode=401901&preactionid=a7c1140f-c46c-45e5-b867-ab342d8bdc77"
3166,测试工程师,朔州-朔城区,5000-7000元,天阳科技,"计算机软件,计算机软件",1000-9999人,已上市,CC120408370J40824184808,1.全国项目驻场测试，主要负责功能、数据或接口等相关测试工作； 2.统招本科学历及以上（学信网可查）；毕业满2年；计算机专业优先； 3.热爱软件测试行业、有强力的自驱力，能够在测试岗位深入学习研究； 4.有无经验均可，服从公司安排，接受公司培养，可接受异地工作优先； 福利待遇： 上市公司，公司可以提供住宿，提供五险一金； 欢迎符合要求的小伙伴们投递~,2025-07-27 01:24:37,天阳科技(股票代码：300872)，是全球金融创新服务的重要贡献者，持续赋能中国金融行业数字化转型，为客户提供咨询、金融科技产品、金融IT服务、云计算及运营服务。公司成立于2003年，服务超过300家金融行业客户，覆盖中央银行、政策性银行、国有银行、股份制银行、地方性商业银行、非银行金融机构等，员工人数近7000人，成为激活金融领域创新活力、推动金融科技迈入世界领先水平的重要力量。作为金融行业客户可信赖的合作伙伴，天阳科技凭借丰富的行业经验和端到端的专业服务，在信创、数字化金融、信贷、交易银行、信用卡、零售、营销、风险管理、征信监管等众多领域具备核心竞争力。据赛迪和IDC报告显示，近年来公司在中国银行业IT解决方案市场排名强势崛起，2019年收入及市场占有率综合排名分别位列第四位和第五位，并保持高速增长。同时，前瞻商业和科技趋势，入选2021年度未来银行科技服务商TOP100。天阳科技始终聚焦金融科技领域，加大自主创新力度，在超过100个城市建立本地化、专业化的研发和服务团队，拥有CMMI5级认证、软件测试成熟度模型集成（TMMi）3级认证、ISO9001质量管理体系认证、ISO20000信息技术服务管理体系认证、IS027001信息安全管理体系认证。通过部署人工智能、云计算、大数据、移动互联网、分布式计算和区块链等先进金融科技，公司致力于构建安全可控、普惠民生、开放共赢格局，在关键技术领域服务现代化金融发展大局，更好地为各利益相关方创造更大价值，为大中企业、小微企业以及每个个体提供优质金融服务。,"https://www.zhaopin.com/jobdetail/CC120408370J40824184808.htm?refcode=4019&srccode=401901&preactionid=a7c1140f-c46c-45e5-b867-ab342d8bdc77"
3167,C/C++,广州-越秀区,6000-8000元,厦门鲎试剂生物科技股份有限公司,医药制造,20-99人,,CC429475730J40544411303,岗位职责：   在研发主管的指导下参与软件项目的开发工作。 协助进行软件代码编写、测试、调试等工作。 负责相关技术文档的整理和归档工作。 提供基本的技术支持和协助，解决一些简单技术问题。任职要求：   大专及以上学历，计算机科学、软件工程或相关专业。 了解软件研发的基本流程和技术规范，具备基本的编程和测试能力。 具备团队合作精神和责任心，善于学习和沟通，具备基本的解决问题的能力。任务目标：   协助研发主管完成软件项目的开发任务，确保项目顺利进行。 提升自身的技术能力和编码水平，为未来的技术发展奠定基础。 3.协助维护技术文档的准确性和完整性，提高工作效率,6月15日,厦门鲎试剂生物科技股份有限公司创立于1978年，40年来一直专注于鲎试剂的生产研发和推广，并入选为第三批国家标准品。我司具有药品生产许可证、医疗器械生产许可证、药品生产批件等，严格执行GMP及ISO9001、ISO13485质量管理体系，为体外诊断微生物领域提供检测试剂、仪器和检测服务。我司研发并销售内毒素检测涉及的全套试剂、无热原耗材及内毒素快速检测仪器，为您提供全面专业的解决方案！厦门鲎生科专注内毒素检测领域40年，努力成为全球内毒素领域解决方案领军企业！,"https://www.zhaopin.com/jobdetail/CC429475730J40544411303.htm?refcode=4019&srccode=401901&preactionid=a7c1140f-c46c-45e5-b867-ab342d8bdc77"
3168,C/C++,深圳-南山区,150-180元/天,深圳市众云网科技有限公司,"企业服务,网络/信息安全,IT服务",300-499人,不需要融资,CC819777730J40748988901,岗位职责:,6月30日,深圳市众云网有限公司(众云网)成立于2014年，员工近300人，总部位于深圳，在香港和武汉、广州、北京设有分公司。众云网是一家提供基础架构、网络安全、软件研发、技术服务的IT数字资产服务商，持续为用户的数字资产创造更多价值。公司是IT行业龙头企业的核心合作伙伴，跻身广东第一梯队IT服务集成商，在新能源、企业、教育、医疗、金融、政府等多个行业占据重要地位，服务世界500强及行业龙头企业客户，如比亚迪、万科、招商局、华润集团、平安集团、中燃集团、中广核、清华大学、迈瑞医疗、招商银行、深圳市南山区人民政府等。公司连续九年获评国家高新技术企业、广东省“专精特新”企业、德勤深圳高科技高成长20强等。核心自研产品—石犀数据流动治理平台石犀以全新的理念，聚焦前沿数据流量治理产品（DFGP）研发，基于云原生技术栈，从全API协议解析、全流量分析、智能安全防护等行业热点出发，完全自主研发石犀插件商城、总控、引擎、全流量分析、API安全5大核心产品，实现数据资产可视、可管、可控，引领流量治理从传统硬件设备堆叠朝着软件定义、自动化发展，赋能企业数智化转型升级。人才培养导师带教：带薪培训，专业导师一对一带教，护航职场成长顶级学习资源：参访行业龙头企业，参与行业重磅级会议，与大咖面对面项目实战：中小项目练手，更有千万级项目等你操刀平台化培养体系：拒绝大厂螺丝钉，人才多维度、平台化成长福利无忧竞争力薪酬：无忧固薪+奖金+股权激励+分红人性化假期：国家法定节假日、带薪年假、春节带薪假期12天优越福利保障：五险一金、过节礼品、员工体检、司龄礼品、员工生日会、公司年会、团建活动、电脑补贴等开放的文化：平等开放，没有办公室政治，每个人都是自己的boss,"https://www.zhaopin.com/jobdetail/CC819777730J40748988901.htm?refcode=4019&srccode=401901&preactionid=a7c1140f-c46c-45e5-b867-ab342d8bdc77"
3169,科研人员,深圳-龙华区,1-2万·13薪,凯盛玻璃控股有限公司,非金属矿物制品业,500-999人,,CCL1473848260J40820778308,岗位职责： 1、负责公司及下属企业各类科研项目的统计、管理、督查等工作； 2、负责组织开展公司科研项目实施方案和指南编制、评审立项、实施方案论证、中期评估、项目验收、科技成果评价等工作； 3、负责公司技术委员会管理； 4、协助优化公司科技项目管理、资金管理等流程，制定标准化模板，完善管理制度； 5、建立企业科技管理数据库，汇总公司科技数据、平台运行数据、资质维护记录及政策申报成果； 6、协助完成公司资质荣誉、创新平台等的申报及维护工作； 7、领导交办的其他工作。,7月7日,凯盛玻璃控股有限公司是中国建材集团有限公司所属的凯盛科技集团有限公司全资子企业。凯盛玻璃控股作为凯盛科技集团发电玻璃业务发展平台，充分发挥研发优势、技术转化优势和工程服务优势，稳步推进发电玻璃产业布局，推动国家制定光伏建筑一体化标准，开拓绿色建筑、光伏建筑一体化等下游市场。发电玻璃是中国建材集团重点培育的新一代建筑光伏新材料，首选作为国家推广BIPV光伏建筑一体化主要应用产品，是绿色低碳建筑和建筑节能发展应用方向之一。,"https://www.zhaopin.com/jobdetail/CCL1473848260J40820778308.htm?refcode=4019&srccode=401901&preactionid=a7c1140f-c46c-45e5-b867-ab342d8bdc77"
3170,技术支持工程师,天津-津南区,5000-6000元,天津市天飞海泰阀门有限公司,"仪器仪表制造,互联网",100-299人,未融资,CC288471310J40729294207,岗位职责： 1、负责公司项目售前售后的技术支持、收集客户需求、解答客户技术咨询；  2、平台测试   3、作为技术服务部窗口与研发团队沟通客户端问题，追踪改善进度；   4、根据客户需求，制定技术方案和方案的实施，负责公司现有项目的实施、跟进；   任职要求：   1、大专及以上学历，电子、计算机类相关专业优先；   2、头脑灵活沟通能力强，善于口头和书面表达；,6月16日,天津市天飞海泰阀门有限公司是一家专业生产电动阀门、气动阀门的高新技术企业，作为天津阀门行业的创始单位，励精图治，已成为北方乃至全国智能阀门研发生产的重要基地。公司产品齐全，电动阀门执行器CWX系列（扭矩1.0NM-10NM）CTF系列（扭矩20NM-150NM）CTB系列（扭矩50NM-2000NM）使用范围广泛，超小型（CWX-10、CWX-20、CWX-60、CWX-100）电动阀门以其高可靠性成为智能计量行业的首选配套产品，已被数十家高校，智能仪表、太阳能排空、高校节水、智能一卡通、空调风机盘管、自动控制等企业所使用。CTF-002、CTF-005、CTF-010、CTF-015电动阀门引进台湾技术生产，性价比优异，是水处理行业、医药、食品、环境工程、环保行业自动控制的最优，CTB系列可实现变量调节，在自动控制领域大显身手。气动阀门引进意大利技术，性能可靠，价格低廉，仅为同类进口产品的1/6，是替代进口的理想产品。此外，我司还生产仪器仪表类（智能水表、热量表、电表、燃气表）,"https://www.zhaopin.com/jobdetail/CC288471310J40729294207.htm?refcode=4019&srccode=401901&preactionid=a7c1140f-c46c-45e5-b867-ab342d8bdc77"
3171,技术支持工程师,南通-崇川区,7000-14000元,青岛安然物联网科技有限公司,"物联网,物联网",20-99人,未融资,CC559764920J40565772804,需要弱电技术、自动化、安防系统、工业互联网+危化安全生产、物联网人才，不要纯软件人才。  你能经常到全国各地出差吗？你能到工业生产现场生产现场做技术支持吗？     真正的奋斗者在安然会有让人值得为之奋斗的事业，会有充实、高效的成长，会有高人一等的收入。,3月8日,基于精准人员定位的工业安全生产信息化管理专家，安全生产信息化管理引领者！作为全国实时定位技术标准工作组成员和应急管理部“工业互联网+危化安全生产”人员定位系统技术支持机构，安然从2012年起致力于基于ZigBee Plus三维立体按需精准定位的“工业互联网+安全生产”的研究，获得了20多项安全智能管控系统发明专利和著作权，持续引领中国化工行业生产现场智慧安全！安然以“准、稳、狠”的ZigBee Plus三维立体按需精准人员定位统和“底数清、数据准、情况明、研判准、措施实”的安全生产信息化平台为核心，整合访客管理、出入口控制、人脸识别、视频监控、语音广播、重大危险源监控、可燃有毒气体监测等系统，对生产现场人、机、料、法、环五大要素进行实时、动态、智能管控和预警，规范人的安全行为，保障人的生命安全，有效防范风险、主动化解风险，实现智慧安全。安然“以用为本”，把安全生产信息化建设与公司管理体系“深度融合”，把安全生产信息化建设与日常工作“紧密结合”，对安全生产切实“有用、实用、好用”，避免建用“两张皮”，让安全管控更智能，让生产更高效才实用。迄今已服务中石化、中石油、延长石油、国能、兖矿、京能、索普、新安、奇美、昊源、潞安、旭阳、垦利、逸盛、海科、酒钢、金发等几百家石化、化工、选煤、钢铁、电厂企业。安然以客户为中心，以强者为本，抬头乐干，愿意与同道中人联合、链接，携手共建、共用、共享生产安全命运共同体，一起干，一起干，让优秀企业更安全，让优秀企业更高效！,"https://www.zhaopin.com/jobdetail/CC559764920J40565772804.htm?refcode=4019&srccode=401901&preactionid=a7c1140f-c46c-45e5-b867-ab342d8bdc77"
3172,科研人员,深圳-南山区,1-2万,香港中文大学深圳研究院,"政府/公共事业,学术/科研,科学技术推广",100-299人,不需要融资,CC224678420J40654226206,职位概述：协助完成研究项目中生物信息学分析工作。 ,3月18日,2007年5月，在深圳市的支持下，香港中文大学在深圳设立香港中文大学深圳研究院（简称“深研院”）。深研院主体大楼坐落于深圳虚拟大学园国家大学科技园内，于2011年11月落成并投入使用。大楼建筑面积约2.5万平方米，地上建筑9层，设有大型演讲厅、培训课室、科研实验区及培育中小企业工作区等不同的应用区域，为科学研究，人才培训、产业合作及技术转移等提供场地和设施。学研提升结合国家科技发展规划与深圳市科技发展需求，深研院重点推动生物医药、信息科技及可持续发展等领域的科研发展。目前，香港中文大学深圳研究院已建立3个国家重点实验室的深圳基地，包括消化疾病研究国家重点实验室深圳研究基地、农业生物技术国家重点实验室深圳基地、再生医学教育部重点实验室深圳基地，另有4个深圳市重点实验室及3个深圳市工程实验室。经过数年悉心发展，深研院的科研实力获得了国家的认可，作为国家、省市项目的依托单位，已承担各级科研项目500余项。此外，深研院积极推动产学研合作，重视横向项目的合作与发展，利用优秀的研究平台和研究资源，吸引科研项目落地，并通过与外部机构合作，在促进科研产业化的同时进一步提升科研水平。人才培育深研院依托中大的优势师资资源和深厚的教学、科研基础，结合深圳市乃至全国范围内对高层次、专业化、国际化人才的需求；延续中大中英兼重、多重文化的教育传统，策划并开展各类面向全社会、适合本地经济社会发展的培训工作，旨在为深圳、粤港澳大湾区乃至全国培养优秀人才，为业界在相关领域的技术进步提供良好的技术与理论支持。深研院积极配合与落实深圳市政府有关高层次人才就业的系列政策，推动博士后入站、高层次人才认定等相关工作。此外，深研院不定期开展国际学术研讨会及讲座，在提升人才专业技能的同时促进不同行业间专业人士的沟通、交流，为培育高端人才搭建高层次的平台。全球接轨深圳作为大湾区中最具创新活力的城市之一，深研院通过举办国际性的论坛、研讨会、工作坊等，吸引全球各地来自不同领域的人才聚首深圳，为学术研讨提供国际性视野和平台，推动国际高端技术成果、项目的落地。截至2023年12月，深研院已经成功举办深圳·联合国气候峰会COP28新机遇大会、粤港澳大湾区发展论坛、中以合作创新论坛、3D打印与再生医学国际论坛暨工作坊等国际性的学术活动。吸引了来自中国大陆、港澳台、德国、以色列、英国、美国等不同国家或地区的学者的积极响应和参与。创新发展深研院立足地方产业发展的技术优势，不断激发科技活力和推动技术成果高效转化；坚持“技术创新，开放共享”的理念，持续加强与社会各界的合作创新。此外，深研院通过引进大学系统、健全的知识产权和技术转移管理体系，在为横纵发展和科研团队管理提供完备服务与指引的同时，积极探索科研机构、科研项目管理和技术转移的新模式。深研院于2018年成立众创中心，中心立足于本地，进行初创公司的培育孵化，旨在形成创业生态系统，促进深港两地产学研深入合作，以带动新一代信息技术、生物科学、智能制造等战略性产业的创新和发展。,"https://www.zhaopin.com/jobdetail/CC224678420J40654226206.htm?refcode=4019&srccode=401901&preactionid=a7c1140f-c46c-45e5-b867-ab342d8bdc77"
3173,科研人员,北京-怀柔区,2.5-2.9万,北京雷力海洋生物新产业股份有限公司,"化学纤维制造业,农/林/牧/渔",100-299人,未融资,CC656548820J40554776404,博士后待遇： 薪酬：执行年薪制，年薪30-35万。 绩效：根据博士后在站工作情况补充发放绩效；对于获批课题、发表文章、专利等，发放科研绩效。 人事关系：与北京工业大学联合培养，人事关系在北京工业大学，由北京工业大学缴纳医疗、养老、生育、失业、工伤保险及公积金等。 户口及子女教育：进站后由北京工业大学负责户口落户，出站后可在北京雷力公司落户。如果有子女，由北京工业大学解决孩子上学问题。 住房及补助：由北京工业大学提高公寓住宿，如果不住宿，给予2000元/月补助。 奖励：北京雷力集团设立优秀博士后等奖项，获评发放奖励。 其他：工作24个月出站。 基本申报条件： 1. 身体健康，具有良好的思想道德素质、较强的创新能力及团队协作意识。 2. 相关专业博士应届毕业生。 3. 具备较强的科研能力，掌握基本实验技能，具备良好的英文交流、阅读、写作和口头表达能力，能独立负责完成课题研究工作。 4. 博士应届毕业生或博士往届毕业生（毕业不超过一年），年龄不超过35周岁。 要求博士在读期间以第一作者身份在相关领域发表SCI论文≥1篇，且通过博士后遴选工作委员会评审。,3月12日,雷力31年创新发展，成为生物刺激素和海藻肥国际化企业！ 1.1综合实力北京雷力海洋生物新产业股份有限公司成立于1993年，是集新型海洋生物制品的研发、生产和国际、国内推广于一体的国家级高新技术企业集团，掌握先进的双酶酶解技术等30余项核心技术，拥有百余种海洋生物绿色、有机农业投入品，近20款产品获得欧盟、北美和中国有机认证，是平衡农业技术的倡导者。业务领域涉及生物农业技术研发，海洋生物农业投入品及作物解决方案的提供，土壤、植物和农产品检测，优质农产品品牌策划和销售渠道对接等。 1.2业务领域生物农业技术研发，海洋生物农业投入品及作物解决方案的提供，土壤、植物和农产品检测，优质农产品品牌策划和销售渠道对接等。雷力拥有广泛的产业链资源和全球丰富多样的应用成功案例，将雷力的产品和服务推广到全球80个国家，其专业服务团队和千套作物方案成为农产品生产源头品质提升的技物保障。雷力以植物失调症诊断与技术、植物平衡营养诊断与技术以及土壤改良修复技术为前提的解决方案成为海外合作者认识中国的窗口之一。每年，全球有5000万农民采用雷力土壤-作物健康栽培解决方案和绿色投入品，来满足人们“从田间到餐桌”的食物营养、安全的根本要求。 1.3技术领先北京雷力集团以海藻生物刺激素酶解技术、海藻肥技术、中微量元素螯合技术和高活微生物技术为核心技术，拥有艾金素、凯茂微团以及微力佳等核心专利成分，以及海藻+中微量元素螯合技术；海藻+鱼蛋白融合技术；TD海藻活性物质微生物共促技术等独家配方技术，打造出平衡农业作物解决方案，不仅帮助中国农业实现绿色升级，同时帮助全球80多个国家的农业生产实现更高效率，降低逆境伤害。 1.4理念先进北京雷力集团凝聚了一支高素质的科研、管理、生产和营销专业化团队，坚持“追求卓越、持续创新、绿赢未来”的企业价值观，传播“共建、共信、共享、共赢”的企业文化理念。我们始终相信人才是企业第一资源，坚持人才优先战略，尊重员工追求美好精神和物质生活的愿望，崇尚大家用自己的辛勤劳动和专业技能创造价值、实现自我。我们致力于打造施展员工个人才能的土壤，将为您提供具有一定竞争力的综合待遇以及广阔的发展空间，期待有识之士的加入，与雷力一道共同实现理想和愿景，共达双赢！官方网站：www.leili.com微信公众号：藻肥世界,"https://www.zhaopin.com/jobdetail/CC656548820J40554776404.htm?refcode=4019&srccode=401901&preactionid=a7c1140f-c46c-45e5-b867-ab342d8bdc77"
3174,Java,青岛-市南区,1-1.5万,阳光软件株式会社,计算机软件,100-299人,,CC814253860J40758248013,公司名称：SUNNYSOFT阳光软件株式会社 直招岗位：赴日软件工程师（应届生） 工作地点：日本山梨县、东京 岗位要求：1、211/985/双一流/重点本科院校计算机、数学等理工科相关专业，学过Java、Python、C、C++、C#、GO等开发语言，统招硕士，2025届毕业生； 2、接受0工作经验，0日语基础。有过Java开发实习经历，或者有日语基础的可优先考虑； 3、有赴日工作意向，有志于在对日软件开发行业长期发展； 4、要求身体健康，有敬业精神，对工作认真负责，能主动积极应对各项任务，能听从指挥，不消极找借口，诚实守信，做事耐心。 工资和待遇（基本月薪20-25万日元）： 职位福利：绩效奖金（按季度发放）、定期涨薪、年终奖金、交通补助、带薪年假、定期体检、节日福利、周末双休、定期团建,4月24日,"阳光软件株式会社（以下简称阳光软件）位于日本东京，公司自成立以来，致力于以信息技术服务为主、为客户提供高质量的全面解决方案；公司以技术为本，主要涉及业务领域有Salesforce, BigData, Artificial Intelligence,CRM,传统开发（Java/c/c++/......），逐渐和客户构筑信赖关系，至今已与十多家大客户建立了稳定的合作关系。在外包领域，阳光软件既保持日本地区的业务稳定增长，又进一步拓展国内及欧美业务；同时，充分发挥近年来服务国外客户所积累的管理和技术经验，为国内外客户提供有价值的服务，并在高端领域投入大量的研发。大数据领域同美国最大的大数据处理公司（TERADATA）建立合作伙伴关系，一同开发国内国际市场，同时为国内外银行提供数据分析服务。阳光软件在大连设有分公司、在日本依托多家东证上市公司的大力支持，日本政府，银行等客户的支持，现阶段处于人员规模快速扩张期，办公场所分布在日本东京、日本大阪、日本山梨县、大连分公司、东南亚等，同时公司还涉足旅游、教育培训、劳务输出等业务。公司坚定不移地坚持以人为本、互惠互利、共同发展的原则，在工作、待遇等问题上尊重员工的愿望和选择，重视并尽最大努力协助个人实现发展目标。在这里你能进一步提升日语能力，提高IT技术水平，赚取人生第一桶金。欢迎有识之士咨询加盟。","https://www.zhaopin.com/jobdetail/CC814253860J40758248013.htm?refcode=4019&srccode=401901&preactionid=a7c1140f-c46c-45e5-b867-ab342d8bdc77"
3175,实施工程师,上海-浦东新区,1.5-2.5万·15薪,北方华创,"电子/半导体/集成电路,计算机软件,电气机械/电力设备,仪器仪表制造",1000-9999人,已上市,CC135196350J40770154912,岗位职责:,6月20日,北京北方华创微电子装备有限公司（以下简称：北方华创）是A股上市公司北方华创科技集团股份有限公司（002371.SZ以下简称：集团）的全资子公司。北方华创是国内少有的覆盖领域广泛、产品种类众多、技术水平领先/先进、综合实力强劲的半导体装备旗舰平台。北方华创作为高端半导体工艺装备及核心零部件行业的知名供应商，主要产品涵盖等离子体刻蚀机、物理气相沉积设备（PVD）、化学气相沉积设备（CVD）、氧化/扩散设备、清洗机等半导体工艺装备，平板显示制造装备和气体质量流量控制器等核心零部件。北方华创的产品广泛应用于集成电路（芯片制造）、先进封装、半导体照明（LED）、微机电系统（MEMS）、电力电子、光伏太阳能、平板显示等半导体相关领域，与包括台湾、韩国、欧美大厂在内的国内外行业主流客户形成了长期友好的合作关系，在多款核心产品上实现了国产替代。公司在北京、上海、台湾新竹、西安、合肥、韩国、日本、美国等地拥有多个研发、制造及服务中心，营销服务体系覆盖欧、美、亚等全球主要国家和地区。在北方华创的产品蓝图中，新技术、新产品、新工艺代代更迭、生生不息，正如“北方华创”品牌的英文名称——“NAURA”所寓意的，我们的明星产品如浩瀚星辰般在半导体宇宙中璀璨闪耀同时，北方华创不断加大资源投入培育高质量人才队伍，通过建立与世界接轨的人才引进和激励机制，与国内外知名高校共同努力，不断壮大人才队伍。未来，北方华创将持续为人才赋能，培育创新文化土壤，打造高端人才“引力场”！公司网址：www.naura.com公司地址：北京市大兴区亦庄文昌大道8号,"https://www.zhaopin.com/jobdetail/CC135196350J40770154912.htm?refcode=4019&srccode=401901&preactionid=a7c1140f-c46c-45e5-b867-ab342d8bdc77"
3176,前端开发,厦门-思明区,100-200元/天,新意科技,"计算机软件,证券/期货,IT服务,互联网",500-999人,未融资,CC120072230J40812781708,一、岗位职责,7月22日,新意科技，成立于1997年，是一家专注于金融应用系统开发的专业软件公司，是经国家认定的高新技术企业，是中国证券一级、二级清算系统软件的重要提供商。新意科技，总部位于福州，目前拥有三家控股子公司：上海新意新科技有限公司、新意科创（厦门）信息科技有限公司、福州新意新网络有限公司，同时设立北京、深圳分公司，服务网络覆盖全国。截至目前，新意科技的产品涉及到券商各项中后台业务，应用范围涵盖证券公司、基金公司以及中国金融期货交易所、中央登记结算公司，实现对证券市场参与人信息、资金、证券的综合发展。公司自有软件著作权75项，并取得相应的42个软件产品登记证书及计算机系统集成三级资质，同时还是中国证券协会信息技术应用委员会观察员。新意科技凭借一支资深专业人士组成的管理团队，多年来潜心研究证券业务和信息技术的应用以及两者之间的互动关系，秉持利用信息技术推动证券行业的发展，规范业务管理的概念，致力于应用先进的管理思想开发证券业务管理系统软件，让信息技术和新的业务管理思想在产品中得以有机的融合、集成，使新意产品具有思想性、前瞻性、系统性的特点。以创新树立品牌，以专业彰显实力，以超越引领发展。新意秉承“以人为本、诚信、创新、合作”的理念不断培养精通金融证券业务的软件专业人才，公司80%以上为技术开发人员，每位员工通过个人的贡献和团队的集体努力为新意的发展提供源源不断的生命力。新意为您提供：【有竞争力薪酬】年薪：月薪*12月+各类津贴+年终奖；【基础福利保障】五险一金（按照工资全额12%缴纳公积金），国家法定节假日，带薪年假；【补充福利】商业保险、年度体检、过节福利、生日礼金、长期服务奖励、司龄津贴、各种激励项目（轿车、国内外旅游等），羽毛球、瑜伽、部门团队活动等丰富的员工活动；【人性化管理】实行5天7小时工作制，提供新人导师、专业培训，整洁舒适的工作环境；希望更多认同新意发展目标和核心理念、热爱金融IT事业的人才加入我们，共同见证中国金融证券业的发展。如果，你想要的是：一个广阔发展前景的朝阳行业一个参与金融行业利益分配的机会一座理想的工作和生活的城市一家发展稳健、务实低调的公司一份有竞争力的薪资福利一种简洁高效的办公环境一条清晰明确的职业发展路径一个足以承载你梦想和能力的平台那么，请加盟新意科技！连接亿万金融数据！2021，期待您的同行！更多详情，请登入新意科技官网：http://www.shinetechnology.com联系方式：0591-87382356电子邮箱：hr@shinetechnology.com福州市：鼓楼区六一北路558号金三桥大厦8层厦门市：思明区软件园二期观日路36号401上海市：普陀区武宁路19号丽晶阳光大厦1711室,"https://www.zhaopin.com/jobdetail/CC120072230J40812781708.htm?refcode=4019&srccode=401901&preactionid=a7c1140f-c46c-45e5-b867-ab342d8bdc77"
3177,前端开发,厦门-思明区,100-200元/天,新意科技,"计算机软件,证券/期货,IT服务,互联网",500-999人,未融资,CC120072230J40812781708,一、岗位职责,7月22日,新意科技，成立于1997年，是一家专注于金融应用系统开发的专业软件公司，是经国家认定的高新技术企业，是中国证券一级、二级清算系统软件的重要提供商。新意科技，总部位于福州，目前拥有三家控股子公司：上海新意新科技有限公司、新意科创（厦门）信息科技有限公司、福州新意新网络有限公司，同时设立北京、深圳分公司，服务网络覆盖全国。截至目前，新意科技的产品涉及到券商各项中后台业务，应用范围涵盖证券公司、基金公司以及中国金融期货交易所、中央登记结算公司，实现对证券市场参与人信息、资金、证券的综合发展。公司自有软件著作权75项，并取得相应的42个软件产品登记证书及计算机系统集成三级资质，同时还是中国证券协会信息技术应用委员会观察员。新意科技凭借一支资深专业人士组成的管理团队，多年来潜心研究证券业务和信息技术的应用以及两者之间的互动关系，秉持利用信息技术推动证券行业的发展，规范业务管理的概念，致力于应用先进的管理思想开发证券业务管理系统软件，让信息技术和新的业务管理思想在产品中得以有机的融合、集成，使新意产品具有思想性、前瞻性、系统性的特点。以创新树立品牌，以专业彰显实力，以超越引领发展。新意秉承“以人为本、诚信、创新、合作”的理念不断培养精通金融证券业务的软件专业人才，公司80%以上为技术开发人员，每位员工通过个人的贡献和团队的集体努力为新意的发展提供源源不断的生命力。新意为您提供：【有竞争力薪酬】年薪：月薪*12月+各类津贴+年终奖；【基础福利保障】五险一金（按照工资全额12%缴纳公积金），国家法定节假日，带薪年假；【补充福利】商业保险、年度体检、过节福利、生日礼金、长期服务奖励、司龄津贴、各种激励项目（轿车、国内外旅游等），羽毛球、瑜伽、部门团队活动等丰富的员工活动；【人性化管理】实行5天7小时工作制，提供新人导师、专业培训，整洁舒适的工作环境；希望更多认同新意发展目标和核心理念、热爱金融IT事业的人才加入我们，共同见证中国金融证券业的发展。如果，你想要的是：一个广阔发展前景的朝阳行业一个参与金融行业利益分配的机会一座理想的工作和生活的城市一家发展稳健、务实低调的公司一份有竞争力的薪资福利一种简洁高效的办公环境一条清晰明确的职业发展路径一个足以承载你梦想和能力的平台那么，请加盟新意科技！连接亿万金融数据！2021，期待您的同行！更多详情，请登入新意科技官网：http://www.shinetechnology.com联系方式：0591-87382356电子邮箱：hr@shinetechnology.com福州市：鼓楼区六一北路558号金三桥大厦8层厦门市：思明区软件园二期观日路36号401上海市：普陀区武宁路19号丽晶阳光大厦1711室,"https://www.zhaopin.com/jobdetail/CC120072230J40812781708.htm?refcode=4019&srccode=401901&preactionid=a7c1140f-c46c-45e5-b867-ab342d8bdc77"
3178,实施工程师,呼伦贝尔-海拉尔区,8000-14000元,青岛安然物联网科技有限公司,"物联网,物联网",20-99人,未融资,CC559764920J40823510804,需要弱电技术、自动化、安防系统、工业互联网+危化安全生产、物联网人才，不要纯软件人才。  你能经常到全国各地出差吗？你能到工业生产现场生产现场做技术支持吗？   真正的奋斗者在安然会有让人值得为之奋斗的事业，会有充实、高效的成长，会有高人一等的收入。   你能做好售前技术支持、根据客户需求，高效制作方案吗？你能做好售中技术支持、指导他人正确安装、部署、调试系统向用户保质保量快速交付吗？你能做好售后维护，高效沟通和落实客户需求吗？   迄今已服务中石化、中石油、延长石油、国能、兖矿、京能、索普、新安、奇美、昊源、潞安、旭阳、垦利、逸盛、海科、酒钢、金发等几百家石化、化工、选煤、钢铁、电厂企业。    安然以客户为中心，以强者为本，抬头乐干，愿意与同道中人联合、链接，携手共建、共用、共享生产安全命运共同体，一起干，一起干，让优秀企业更安全，让优秀企业更高效！,7月20日,基于精准人员定位的工业安全生产信息化管理专家，安全生产信息化管理引领者！作为全国实时定位技术标准工作组成员和应急管理部“工业互联网+危化安全生产”人员定位系统技术支持机构，安然从2012年起致力于基于ZigBee Plus三维立体按需精准定位的“工业互联网+安全生产”的研究，获得了20多项安全智能管控系统发明专利和著作权，持续引领中国化工行业生产现场智慧安全！安然以“准、稳、狠”的ZigBee Plus三维立体按需精准人员定位统和“底数清、数据准、情况明、研判准、措施实”的安全生产信息化平台为核心，整合访客管理、出入口控制、人脸识别、视频监控、语音广播、重大危险源监控、可燃有毒气体监测等系统，对生产现场人、机、料、法、环五大要素进行实时、动态、智能管控和预警，规范人的安全行为，保障人的生命安全，有效防范风险、主动化解风险，实现智慧安全。安然“以用为本”，把安全生产信息化建设与公司管理体系“深度融合”，把安全生产信息化建设与日常工作“紧密结合”，对安全生产切实“有用、实用、好用”，避免建用“两张皮”，让安全管控更智能，让生产更高效才实用。迄今已服务中石化、中石油、延长石油、国能、兖矿、京能、索普、新安、奇美、昊源、潞安、旭阳、垦利、逸盛、海科、酒钢、金发等几百家石化、化工、选煤、钢铁、电厂企业。安然以客户为中心，以强者为本，抬头乐干，愿意与同道中人联合、链接，携手共建、共用、共享生产安全命运共同体，一起干，一起干，让优秀企业更安全，让优秀企业更高效！,"https://www.zhaopin.com/jobdetail/CC559764920J40823510804.htm?refcode=4019&srccode=401901&preactionid=a7c1140f-c46c-45e5-b867-ab342d8bdc77"
3179,技术支持工程师,贵阳-开阳县,9000-18000元,青岛安然物联网科技有限公司,"物联网,物联网",20-99人,未融资,CC559764920J40823797404,需要弱电技术、自动化、安防系统、工业互联网+危化安全生产、物联网人才，不要纯软件人才。  你能经常到全国各地出差吗？你能到工业生产现场生产现场做技术支持吗？   真正的奋斗者在安然会有让人值得为之奋斗的事业，会有充实、高效的成长，会有高人一等的收入。   你能做好售前技术支持、根据客户需求，高效制作方案吗？你能做好售中技术支持、指导他人正确安装、部署、调试系统向用户保质保量快速交付吗？你能做好售后维护，高效沟通和落实客户需求吗？   迄今已服务中石化、中石油、延长石油、国能、兖矿、京能、索普、新安、奇美、昊源、潞安、旭阳、垦利、逸盛、海科、酒钢、金发等几百家石化、化工、选煤、钢铁、电厂企业。    安然以客户为中心，以强者为本，抬头乐干，愿意与同道中人联合、链接，携手共建、共用、共享生产安全命运共同体，一起干，一起干，让优秀企业更安全，让优秀企业更高效！,7月22日,基于精准人员定位的工业安全生产信息化管理专家，安全生产信息化管理引领者！作为全国实时定位技术标准工作组成员和应急管理部“工业互联网+危化安全生产”人员定位系统技术支持机构，安然从2012年起致力于基于ZigBee Plus三维立体按需精准定位的“工业互联网+安全生产”的研究，获得了20多项安全智能管控系统发明专利和著作权，持续引领中国化工行业生产现场智慧安全！安然以“准、稳、狠”的ZigBee Plus三维立体按需精准人员定位统和“底数清、数据准、情况明、研判准、措施实”的安全生产信息化平台为核心，整合访客管理、出入口控制、人脸识别、视频监控、语音广播、重大危险源监控、可燃有毒气体监测等系统，对生产现场人、机、料、法、环五大要素进行实时、动态、智能管控和预警，规范人的安全行为，保障人的生命安全，有效防范风险、主动化解风险，实现智慧安全。安然“以用为本”，把安全生产信息化建设与公司管理体系“深度融合”，把安全生产信息化建设与日常工作“紧密结合”，对安全生产切实“有用、实用、好用”，避免建用“两张皮”，让安全管控更智能，让生产更高效才实用。迄今已服务中石化、中石油、延长石油、国能、兖矿、京能、索普、新安、奇美、昊源、潞安、旭阳、垦利、逸盛、海科、酒钢、金发等几百家石化、化工、选煤、钢铁、电厂企业。安然以客户为中心，以强者为本，抬头乐干，愿意与同道中人联合、链接，携手共建、共用、共享生产安全命运共同体，一起干，一起干，让优秀企业更安全，让优秀企业更高效！,"https://www.zhaopin.com/jobdetail/CC559764920J40823797404.htm?refcode=4019&srccode=401901&preactionid=a7c1140f-c46c-45e5-b867-ab342d8bdc77"
3180,科研人员,杭州-余杭区,2.5-3万,博创网(杭州)人才科技有限公司,人力资源服务,20-99人,未融资,CCL1501814210J40686780206,要求专业：  ,6月24日,,"https://www.zhaopin.com/jobdetail/CCL1501814210J40686780206.htm?refcode=4019&srccode=401901&preactionid=a7c1140f-c46c-45e5-b867-ab342d8bdc77"
3181,科研人员,北京-大兴区,1.6-3万·14薪,北京蓝箭鸿擎科技有限公司,船舶/航空/航天/火车制造,100-299人,,CCL1491166830J40773817714,繁星·耀九天 | 鸿擎科技2026届校园招聘，正式启动！ Hong Qing Campus Recruitment 2026 星辰大海，未来由你亲手点亮！ 仰望星空，探秘宇宙，亘古梦想丰功永驻 时代召唤，缔造蓝海，商业航天机遇翻腾 在鸿擎科技，你将拥有与星空无限接近的可能 以己之力，在九天留下专属烙印 一同见证中国商业航天新能力 星空梦想家们，准备好启航了吗—— 【鸿擎科技——您值得信赖的太空伙伴】 北京蓝箭鸿擎科技有限公司，运营于2021年，专注于低轨宽带卫星互联网建设，是国内唯一具备星箭协同能力的卫星组网解决方案商。成立以来，公司已成功实现永磁励磁霍尔电推进、高算力星载计算机、轻质化柔性太阳翼等卫星核心单机全自研，“鸿鹄系列”通信卫星连续获得国内核心星座运营商的整星订单。 【引领航天新质生产力】 公司以低成本、星箭协同设计理念为特色，提供卫星平台及分系统解决方案，以低成本、高可靠、高性能的卫星平台，大幅提升载荷的太空部署能力。 公司的核心产品主要包括： “鸿鹄系列”卫星产品 采用平板堆叠模式，具备一箭多星堆叠发射能力。自研率高达48.8%。 “金乌系列”动力系统 全自研霍尔电推进系统，型谱覆盖100-1500W全系列霍尔电推进产品，满足氙、氪气两种工质通用。 “赤羽系列”能源产品 包含发电、电能储存、电源控制、电源电压变换、供配电等模块，在卫星各飞行阶段为星上设备提供能源保障。 “白泽系列”综合电子产品 综合电子系统通过星上各种总线和接口，与星上各个部件的下位机进行信息交互，是卫星的“司令官”。 【30+方向岗位热招中......】 推力器设计工程师 / 电推进系统工程师 / 贮供设计工程师 / 阀门工程师 姿轨控软件工程师 / 姿轨控测试工程师 / 姿轨控系统工程师 / 可靠性工程师 软件工程师 / 电气软件工程师 / 通信测试工程师 / 通信工程师 / 测控总体工程师 模拟电路工程师 / 数字电路工程师 / 供配电工程师 / 硬件工程师 / FPGA工程师  热控工程师 / 结构工程师 / 机构工程师 / 总装工艺工程师 / 总装工程师 综测软件工程师 / 综合测试工程师 / 测试工程师 / 电装工程师 / 试验工程师 质量工程师 / 采购工程师 / 生产计划 / 物料计划 / 来料检验 / 库房管理  等30余种研发、运营类岗位...... ——天地广阔，任君施展—— 【招聘对象】 国内外2025年底及2026年毕业本硕博 【工作地点】 上海/北京/西安/雄安新区 【招聘专业】 航空宇航科学与技术 / 航空宇航推进理论与工程 / 飞行器设计 / 等离子体物理  电气类 / 计算机类 / 控制工程与科学 / 信息与通信工程类 / 测控工程类 机械类 / 动力工程及工程热物理 / 可靠性工程电路设计类 / 电子科学与技术类 其他相关理工科专业 【招聘流程】 简历投递→初试（6月起）→复试→offer发放（10月起）→三方签约 【多元福利，为你蓄力】 极具竞争力的薪酬+匹配个人贡献的调薪机会 七险一金/带薪年假/带薪病假/绩效奖励 定期团队建设/员工体检/专业技能培训/生日礼物 资深导师一对一引领、优秀学员在沪落户 【大咖团队，一同翱翔】 l 我们是：一支技术储备雄厚、从业经验丰富、富有创新精神的创业团队 l 硬实力拉满：科研人员相关领域从业经验平均10年+ l 80%以上拥有硕士及以上学历，来自国内外知名高校   网申通道：https://qcnhg4ksaiwt.jobs.feishu.cn/257870 （面试优秀者，薪酬另议） 理想不远，等你即刻启程征途， 未来可期，愿你成就理想职涯！ 任何问题，欢迎邮件咨询：****************,7月4日,,"https://www.zhaopin.com/jobdetail/CCL1491166830J40773817714.htm?refcode=4019&srccode=401901&preactionid=a7c1140f-c46c-45e5-b867-ab342d8bdc77"
3182,测试工程师,长沙-岳麓区,9000-11000元,四川金掌柜人力资源有限公司,人力资源服务,20-99人,,CCL1314363420J40764505411,岗位内容：  1. 执行软件测试工作，包括测试用例编写、测试执行、问题跟踪等，确保软件品质。 2. 参与产品设计评审，了解业务需求，提出优化建议。 3. 使用自动化测试工具或开发相应的自动化测试脚本，提高测试效率，缩短测试周期。 4. 持续关注测试领域的新技术和方法，不断提升测试技能和工作效率。 任职要求：  1. 计算机相关专业，有软件测试工作经验；对于无工作经验但其他能力突出者亦可考虑。 2. 熟练掌握至少一种测试工具、至少掌握一种编程语言，熟知测试原理和方法。 3. 具备良好的逻辑思维能力和分析能力，能够快速定位问题，并给出有效的解决方案。 4. 具备较强的沟通协调能力和团队合作精神，积极主动，具有强烈的责任心和进取精神。,2025年07月30日,,"https://www.zhaopin.com/jobdetail/CCL1314363420J40764505411.htm?refcode=4019&srccode=401901&preactionid=a7c1140f-c46c-45e5-b867-ab342d8bdc77"
3183,科研人员,苏州-虎丘区,1-1.2万,清华苏州环境创新研究院,"学术/科研,环保",100-299人,,CC466991230J40813546115,【合作导师】,2月26日,清华苏州环境创新研究院（以下简称“清华苏州环境院”）是专门从事环境类科技创新活动的清华大学派出研究机构，依托清华大学环境学院开展建设。清华苏州环境院致力于打造成以生态文明建设为引领、体制机制创新为驱动、环境科技研发为基础、科技成果转化为导向，具有全球影响力的综合性研发和科技服务机构，服务于清华大学“建设国际一流环境学科”和苏州“创新驱动”、“生态改善”战略实施，努力为我国环境科技创新和环境产业发展提供智力支撑和典型示范。,"https://www.zhaopin.com/jobdetail/CC466991230J40813546115.htm?refcode=4019&srccode=401901&preactionid=a7c1140f-c46c-45e5-b867-ab342d8bdc77"
3184,C/C++,成都-郫都区,1.5-2.5万·14薪,成都华为,计算机软件,10000人以上,未融资,CC272951230J40771586407,岗位职责： 1. 负责公司5.5G通信技术的研究和开发，参与产品设计和技术方案的制定； 2. 根据项目需求进行技术选型和方案评估，完成项目的开发和测试工作； 3. 对现有系统或者软件提出优化建议并实施改进措施； 4. 协助团队成员解决相关问题并提供专业的技术支持； 任职要求： 1. 本科及以上学历，电子信息工程等相关专业优先； 2. 了解通信技术知识，有扎实的计算机理论&实践基础； 3. 熟练掌握C/C++/Java/Python等编程语言。,7月7日,成都华为技术有限公司,"https://www.zhaopin.com/jobdetail/CC272951230J40771586407.htm?refcode=4019&srccode=401901&preactionid=a7c1140f-c46c-45e5-b867-ab342d8bdc77"
3185,科研人员,合肥-None,7000-10000元,安徽安龙基因科技有限公司,"医药制造,卫生服务,医疗设备/器械,检测/认证",100-299人,A轮,CC446594587J00521072003,岗位职责： 1、负责二代测序建库、测序试剂研发和检测工作； 2、负责检测结果的分析和相关工作记录； 3、遵守实验室的规章制度，保持实验室的整洁有序； 4、按时、按量、保质地完成上级交代的各项任务。 岗位要求： 1、有文库构建试剂盒研发经验的优先； 2、生物学相关专业硕士及以上； 3、熟悉二代测序流程； 4、工作积极主动，踏实严谨，能够承受一定的工作压力，性格开朗，有良好的团队合作精神。 职位福利：五险一金、餐补、房补、节日福利、周末双休,2月13日,安龙基因拥有包括一、二测序、ddPCR、焦磷酸测序及基因芯片等技术。专注于以基因检测技术为核心的分子诊断产品的开发、生产和销售。广泛应用于用药指导、疾病检测、新药研发，风险评估及健康体检等方向，主要包括：肿瘤及心血管疾病的分子检测及精准用药指导、新生儿遗传疾病检测及预测、白血病HLA分型及传染病基因分型等。通过检测疾病易感基因及遗传特性，评估心脑血管、肿瘤等9大类近158项疾病的患病风险，及新药研发的整体解决方案。,"https://www.zhaopin.com/jobdetail/CC446594587J00521072003.htm?refcode=4019&srccode=401901&preactionid=a7c1140f-c46c-45e5-b867-ab342d8bdc77"
3186,Java,上海-青浦区,1.5-3万·16薪,外企德科数字技术有限公司,专业技术服务,10000人以上,,CCL1480117890J40787219105,Java: 岗位职责：  1、负责公司Java应用系统的设计与开发；  2、参与需求分析和技术方案制定，确保项目按时高质量完成；  3、编写高质量的代码，进行单元测试，保证软件质量。  岗位要求：  1、计算机相关专业本科及以上学历，具备1年以上Java开发经验；  2、熟练掌握Java语言，熟悉JVM原理，了解常用设计模式；  3、熟悉Spring Boot、MyBatis等主流框架，有良好的编程习惯；  4、熟悉MySQL或其他关系型数据库，能够进行优化查询；  5、具备良好的沟通能力和团队合作精神。,2025-07-27 00:25:33,外企德科数字技术有限公司是一家2023年新成立的中外合资企业。成立于2023年11月24日，公司定位：专注于为信息技术企业提供人才及数字技术外包解决方案的中外合资企业。它是由中国人力资源服务行业的FESCO（北京国际人力资本集团）与全球人力资源服务领导者The Adecco Group（德科集团）合资成立的。公司主要提供网络技术服务、软件外包服务、计算机系统服务、技术进出口、软件开发等信息技术相关服务。专注于为信息技术企业提供信息技术类人才及数字技术外包解决方案。,"https://www.zhaopin.com/jobdetail/CCL1480117890J40787219105.htm?refcode=4019&srccode=401901&preactionid=a7c1140f-c46c-45e5-b867-ab342d8bdc77"
3187,硬件测试,东莞-None,8000-16000元,软通动力信息技术(集团)股份有限公司,"互联网,IT服务,计算机软件",10000人以上,D轮及以上,CC000544460J40681896816,1.、能进行电源开发调测，器件应力测试、电源集成测试，热测试等，有电源白盒测试经验优先。2、熟悉开关电源拓扑，如反激、buck、PFC、LLC等； 3、熟练使用电源调测工具，如AC-source、DC-source、DC负载、示波器、万用表、电桥等； 4、熟悉常见的电子器件，如电阻、电容、电感、电源防护器件，变压器、各类芯片等； 5、熟练使用电路原理图及PCB软件；有变频器、电驱MCU硬件电路调测工作经验优先。,3月1日,软通动力信息技术（集团）股份有限公司（以下简称“软通动力”）是中国数字技术产品和服务创新领导企业，致力于成为一家具有全球影响力的科技企业，企业数字化转型可信赖合作伙伴。公司2005年成立于北京，多年来始终坚持科技创新，具有软硬全栈的智能技术产品和服务能力，提供软件与数字技术服务、计算产品与数字基础设施、数字能源与智算服务以及国际化服务。目前，公司在10余个重要行业服务超过1100家国内外客户，其中超过230家客户为世界500强或中国500强企业，员工近90000人。软通动力拥有软通咨询、软通金科、软通工业互联、机械革命、软通华方等业务子品牌，并在全球40余个城市布局业务，构建北美、日本、东南亚、中东四大国际交付中心，在北京城市副中心、江苏无锡建设两大智能制造基地。同时，公司前瞻布局智能制造、ICT软硬基础能力和生产力智能化产品，打造产业链闭环。软通动力设立30个能力中心，拥有1个国家级工程实验室，6个省市政府认定的工程、技术实验室及研发中心，1个博士后科研工作站，50+技术合作伙伴的生态合作体系，不断探索前沿技术的巨大商业应用潜力。公司旗下教育品牌软通教育，拥有一家全日制本科学院——郑州西亚斯学院数字技术产业学院；同时在全国合作院校600多所，设有70多个校企联合人才培养基地，通过校企合作、协同育人，为社会培养高素质应用型人才。软通动力先后获得“2023年中国IT服务市场排名TOP 1”、“2024年Q4 PC出货量国内市场份额排名TOP 2”、“2024年中国软件和信息技术服务竞争力百强企业”、“2023年中国信创企业100强”、“2024万得ESG评级（Wind ESG Rating）AA级及信息技术服务行业ESG综合得分排名第一”等荣誉及市场认可，并拥有全球软件工程领域最高级别CMMI V2.0成熟度5级评估认证、国家研发运营一体化（DevOps）三级能力成熟度模型认证、信息技术服务标准（ITSS）运维能力成熟度一级认证等专业资质，支撑公司更优质的服务体系。,"https://www.zhaopin.com/jobdetail/CC000544460J40681896816.htm?refcode=4019&srccode=401901&preactionid=a7c1140f-c46c-45e5-b867-ab342d8bdc77"
3188,科研人员,深圳-南山区,2.3-3.5万·13薪,中国科学院深圳先进技术研究院,"学术/科研,学术/科研",1000-9999人,未融资,CC227408420J40629626816,一、中心介绍,7月11日,"中国科学院深圳先进技术研究院由中国科学院、深圳市政府、香港中文大学2006年在深圳共同组建，已经逐渐成为集教育、科研、产业、资本四位一体的新型科研机构。先进院拥有一支结构合理，创新能力卓越的研发队伍，拥有一支由研究生、博士后、访问学者组成的高水平流动人员队伍，现有员工1800多人，50%具有博士学历；超过600人具有海外留学背景，PI（教授、副教授）百分之九十从国外引进回国。拥有一套先进、高效的管理体制和合理完善的科技成果转移、转化的科技成果被企业广泛接受与应用，培养的专门人才得到社会广泛认同与欢迎，成为人才一流、科研一流、管理一流的国家研究机构。--------------------- Shenzhen Institutes of Advanced Technology(SIAT)-Chinese Academy of Sciences was jointly established by Chinese Academy of Sciences(CAS), The Chinese University of Hong Kong(CUHK), and the Shenzhen Municipal Government in 2006. Over the past 13 years, SIAT has earned an outstanding reputation for translating findings from basic research into industrial application under the efforts of the interdisciplinary teams of scientists and engineers. The wide-ranging expertise drawing from technical, engineering or science professions has now positioned SIAT at the interface between biology technologies(BT) and information technologies(IT) for the 21st century innovation.","https://www.zhaopin.com/jobdetail/CC227408420J40629626816.htm?refcode=4019&srccode=401901&preactionid=a7c1140f-c46c-45e5-b867-ab342d8bdc77"
3189,测试工程师,北京-海淀区,3000-6000元,字节跳动,互联网,10000人以上,,CC469217510J40650410601,岗位职责： 日常实习：面向全体在校生，为符合岗位要求的同学提供为期3个月及以上的项目实践机会。 团队介绍：生活服务业务依托于抖音、抖音极速版等平台，致力于促进用户与本地服务的连接。过去一年，生活服务业务开创了全新的视频种草和交易体验，让更多用户通过抖音发现线下好去处，也帮助众多本地商家拓展了新的经营阵地。我们期待你的加入，一同为亿万用户创造更美好的生活。 1、参与产品测试的全流程，包括需求评审、设计评审、制定测试计划、测试用例设计及执行、缺陷跟踪、测试报告等； 2、开发测试工具和自动测试框架、自动测试脚本，进行自动化测试，提升测试效率； 3、对产品、流程提出持续性改进意见，提升产品质量和研发效率。 任职要求： 1、本科及以上学历在读，计算机软件、通讯相关专业优先； 2、熟悉至少一种编程语言； 3、良好的数据结构、算法基础； 4、学习能力强，有较强分析、定位和解决问题的能力，较强逻辑思维能力和表达能力。,7月17日,"字节跳动成立于2012年3月，公司使命为“Inspire Creativity, Enrich Life（激发创造，丰富生活）”。公司业务覆盖150个国家和地区，拥有15万名员工。字节跳动在全球推出了多款有影响力的产品，包括今日头条、抖音、西瓜视频、飞书、Lark、PICO、剪映、TikTok等。截至2021年6月，字节跳动旗下产品全球月活跃用户数超过19亿。","https://www.zhaopin.com/jobdetail/CC469217510J40650410601.htm?refcode=4019&srccode=401901&preactionid=a7c1140f-c46c-45e5-b867-ab342d8bdc77"
3190,软件测试,北京-海淀区,1.4-2.8万·14薪,外企德科数字技术有限公司,专业技术服务,10000人以上,,CCL1480117890J40786250205,岗位职责: 1、熟悉JAVA、C/C++、Python、JS、GO等主流语言 ，或者能转语言的（有导师教）。 2、对软件开发、测试、算法有兴趣，对经验无要求，接受考研、考公二战失败。 3、注重团队合作，良好的自律性和沟通能力。 4、全国有岗，软件开发、测试、算法等各个岗位均有需求，有意向可投递简历。 5、统招本科及以上学历，全职不招实习生。 薪资待遇： 1、薪资范围：对应技术定级D1~D5的薪资范围 2、薪资结构：底薪+绩效+奖金 3、绩效工资：2k起，A/B两个等级 4、加班费结算：非工作日双倍日薪 5、其他福利：五险一金以底薪为基数全额缴纳 6、年终奖根据绩效：2-4个月,2025-07-27 00:25:28,外企德科数字技术有限公司是一家2023年新成立的中外合资企业。成立于2023年11月24日，公司定位：专注于为信息技术企业提供人才及数字技术外包解决方案的中外合资企业。它是由中国人力资源服务行业的FESCO（北京国际人力资本集团）与全球人力资源服务领导者The Adecco Group（德科集团）合资成立的。公司主要提供网络技术服务、软件外包服务、计算机系统服务、技术进出口、软件开发等信息技术相关服务。专注于为信息技术企业提供信息技术类人才及数字技术外包解决方案。,"https://www.zhaopin.com/jobdetail/CCL1480117890J40786250205.htm?refcode=4019&srccode=401901&preactionid=a7c1140f-c46c-45e5-b867-ab342d8bdc77"
3191,技术支持工程师,上海-浦东新区,1.1-1.5万,北京艾锐精仪科技有限公司,"医疗设备/器械,仪器仪表制造,医疗设备/器械",20-99人,A轮,CCL1308509780J40733369913,负责光学显微镜在不同领域的应用支持与技术服务，确保客户能够正确、高效地使用显微镜，推动产品在市场中的应用与推广。,2月8日,北京艾锐精仪科技有限公司依托北京大学席鹏实验室(www.xipenglab.com)的创新科研力量，以光学在体无创诊断技术和高速活细胞超分辨技术为核心，致力于超分辨显微成像系统及医学高端影像检测设备等高端仪器的研发和推广，打造生物医学超显微成像领域具有国际竞争力的产品，以公司化的形式实现科研成果的产业化。公司秉承精英汇集，优势互补的人才战略，合伙人拥有各自领域的成功经验和国际化视野，并特聘席鹏教授为公司首席科学家，共同构建锐意创新、积极进取的专业团队。对于锐意挑战物理极限、乐于跨界仪器与生命科学的你，我们虚位以待！,"https://www.zhaopin.com/jobdetail/CCL1308509780J40733369913.htm?refcode=4019&srccode=401901&preactionid=a7c1140f-c46c-45e5-b867-ab342d8bdc77"
3192,C/C++,北京-海淀区,2-3.5万,北京配天技术有限公司,"电气机械/电力设备,仪器仪表制造,互联网,计算机硬件",500-999人,未融资,CC388636710J40653656112,有一定强度的加班~,6月9日,配天机器人成立于2010年，是一家专注于工业机器人、核心零部件及行业自动化解决方案的提供商，京城机电旗下的国家级高新技术企业。公司始终致力于机器人技术的独立自主研发以及高端装备技术瓶颈的突破，同时打造以具身智能、机器人行为大模型为核心的“AI+机器人”前瞻性产业布局。配天工业机器人产品负载范围涵盖 3公斤至 280公斤，已在多个行业和领域成功应用。在深耕国内市场的同时，公司积极拓展海外市场，产品远销欧洲、东南亚、韩国等地区，产品品质享誉国内外。详细信息可浏览集团官网：http://robot.peitian.com/配天技术微信公众号：北京配天技术有限公司,"https://www.zhaopin.com/jobdetail/CC388636710J40653656112.htm?refcode=4019&srccode=401901&preactionid=a7c1140f-c46c-45e5-b867-ab342d8bdc77"
3193,实施工程师,苏州-工业园区,1.6-2.2万·16薪,震坤行工业超市(上海)有限公司,"互联网,互联网",1000-9999人,已上市,CC000527960J40865946815,岗位职责:,7月20日,"震坤行工业超市（上海）有限公司（以下简称“震坤行“）是一家数字化的工业用品一站式服务平台。1996年震坤行成立，代理多家国际知名品牌胶粘剂和润滑剂； 2008年深圳轴心自控成立，提供全套胶粘技术解决方案； 2014年正式更名为“震坤行工业超市(上海)有限公司”，成功发力MRO业务；运用“互联网+智能仓储+全渠道服务”的方式，真正实现工业用品一站式采购； 2017年震坤行完成5.8亿元B和B+轮融资，同时技术升级，在线打通企业采购流程，实现智能化采购，提高企业采购效率； 2018年成功完成1.29亿美元C轮融资，深耕国内MRO电商市场，同时全面建设联合区域总仓，率先实现MRO行业全国布局和供应体系的全面建设； 2019年成功完成1.6亿美元D轮融资，震坤行累计融资近30亿元人民币，继续深耕国内MRO电商市场； 2020年成功完成3.15亿美元E轮融资，截至目前，震坤行工业超市已累计融资超45亿元人民币；2023年12月15日正式在纽约证券交易所挂牌上市，成为“中国MRO赴美第一股”，股票代码为“ZKH”；2024年震坤行入选商务部、工信部等8个部门认定的第三批“全国供应链创新与应用示范企业”，公司建设运营的“行家AI系列应用赋能国央企供应链管理”被评为2024年度上海市供应链创新与应用优秀案例，成为上海乃至全国供应链领域具备创新成效、拥有成功模式和经验的代表性企业之一。商业模式运用“互联网+智能仓储+全渠道服务终端”的高效、精益的数字化供应链服务平台通过去层级的一站式服务的方式优化供应链效率、降低客户制造成本覆盖32条优势产线，经营品类1700万+SKU以“离客户足够近”为原则，致力打造全渠道终端服务网络，包括物流、租赁、维修等累计超过100,000家国内外知名合作伙伴使命：更透明、更高效、让商业更美好！愿景：服务每一家企业，共享新的商业文明！为什么要选择我们？行业前景：市场规模超过万亿元，行业周期正处于高速成长期，一站式整合+在线化采购的模式可以及其有效的解决当前供应链存在的品类繁杂、价格不透明、中间环节多等痛点，行业前景巨大，发展稳健公司前景：从业务量、融资规模等多个角度来看，震坤行均处于国内前瞻地位，当前发展策略清晰、生态圈构建顺利推进，目标成为下一个工业品领域的亚马逊全面的晋升通道：我们重视每一位职业新人及有丰富经验的您，完善的内部晋升和双轨道发展通道让每一位员工人尽其才多维的成长空间：我们关注员工的学习和发展，多维度的培训体系全面覆盖新人入职、在岗带教、专业技能及管理能力，让每一位员工实现提升年轻的组织文化：我们拥有活泼融洽的办公氛围，颜值在线的活力团队；我们鼓励效率为先、敢想敢做的团队协作。","https://www.zhaopin.com/jobdetail/CC000527960J40865946815.htm?refcode=4019&srccode=401901&preactionid=a7c1140f-c46c-45e5-b867-ab342d8bdc77"
3194,技术支持工程师,淮北-相山区,9000-18000元,青岛安然物联网科技有限公司,"物联网,物联网",20-99人,未融资,CC559764920J40675712204,需要弱电技术、自动化、安防系统、工业互联网+危化安全生产、物联网人才，不要纯软件人才。  你能经常到全国各地出差吗？你能到工业生产现场生产现场做技术支持吗？   真正的奋斗者在安然会有让人值得为之奋斗的事业，会有充实、高效的成长，会有高人一等的收入。   你能做好售前技术支持、根据客户需求，高效制作方案吗？你能做好售中技术支持、指导他人正确安装、部署、调试系统向用户保质保量快速交付吗？你能做好售后维护，高效沟通和落实客户需求吗？   迄今已服务中石化、中石油、延长石油、国能、兖矿、京能、索普、新安、奇美、昊源、潞安、旭阳、垦利、逸盛、海科、酒钢、金发等几百家石化、化工、选煤、钢铁、电厂企业。    安然以客户为中心，以强者为本，抬头乐干，愿意与同道中人联合、链接，携手共建、共用、共享生产安全命运共同体，一起干，一起干，让优秀企业更安全，让优秀企业更高效！,7月5日,基于精准人员定位的工业安全生产信息化管理专家，安全生产信息化管理引领者！作为全国实时定位技术标准工作组成员和应急管理部“工业互联网+危化安全生产”人员定位系统技术支持机构，安然从2012年起致力于基于ZigBee Plus三维立体按需精准定位的“工业互联网+安全生产”的研究，获得了20多项安全智能管控系统发明专利和著作权，持续引领中国化工行业生产现场智慧安全！安然以“准、稳、狠”的ZigBee Plus三维立体按需精准人员定位统和“底数清、数据准、情况明、研判准、措施实”的安全生产信息化平台为核心，整合访客管理、出入口控制、人脸识别、视频监控、语音广播、重大危险源监控、可燃有毒气体监测等系统，对生产现场人、机、料、法、环五大要素进行实时、动态、智能管控和预警，规范人的安全行为，保障人的生命安全，有效防范风险、主动化解风险，实现智慧安全。安然“以用为本”，把安全生产信息化建设与公司管理体系“深度融合”，把安全生产信息化建设与日常工作“紧密结合”，对安全生产切实“有用、实用、好用”，避免建用“两张皮”，让安全管控更智能，让生产更高效才实用。迄今已服务中石化、中石油、延长石油、国能、兖矿、京能、索普、新安、奇美、昊源、潞安、旭阳、垦利、逸盛、海科、酒钢、金发等几百家石化、化工、选煤、钢铁、电厂企业。安然以客户为中心，以强者为本，抬头乐干，愿意与同道中人联合、链接，携手共建、共用、共享生产安全命运共同体，一起干，一起干，让优秀企业更安全，让优秀企业更高效！,"https://www.zhaopin.com/jobdetail/CC559764920J40675712204.htm?refcode=4019&srccode=401901&preactionid=a7c1140f-c46c-45e5-b867-ab342d8bdc77"
3195,前端开发,南昌-新建区,120-150元/天,深圳市科皓信息技术有限公司,"IT服务,计算机硬件,计算机软件",100-299人,未融资,CC120081560J40717307801,"岗位职责: 1、配合小组开发核心组件，进行表达层、逻辑层的开发实现，并进行自测，修改开发和测试过程中发现的Bug； 2、配合小组负责技术选型和框架选择、性能优化、兼容性、安全性方案以及联调接口设计； 3、熟悉前端自动化构建工具，熟悉模块化开发模式。 任职要求： 1、本科及以上学历，软件工程、计算机科学与技术等相关专业；  2、熟练掌握html,css和JavaScript技术，了解并会使用vue框架搭建前端项目。掌握版本管理工具Git的使用，至少掌握一套vue主流UI框架，像ElementUI等。  3、懂得nodejs、npm、webpack技术优先。 福利：双休、节日福利、员工食堂、人才公寓。  晋升发展：公司设有导师帮扶机制，为员工提供""管理+技术""双通道职业发展体系。",6月13日,深圳市科皓信息技术有限公司成立于2001年6月，致力于安全生产（智慧安全）及水利信息化领域的产品研发与销售，是“国家级高新技术企业”、“深圳市重点软件企业”，公司获得了国家工业与信息化部颁发的“计算机信息系统集成贰级资质”、“跨地区电信增值业务许可证”，水利部颁发的水文、水资源调查评价乙级资质，国家质检总局颁发的“全国工业产品生产许可证”，通过了“ISO9001质量管理体系认证”、“软件成熟度模型CMMI 3级国际认证”，公司连续多年获得广东省政府授予的“重合同、守信用”企业称号。科皓公司总部位于深圳市高新技术产业园内，在北京、重庆、天津、广州、南昌、沈阳、南宁、昆明、长沙、郑州、武汉、大庆、东莞、青岛、漳州等地设有分公司或办事处。我们坚持以人为本的企业文化，不断地创造一个使优秀人才能够充分施展才能的环境，给员工提供良好的待遇和广阔的个人发展空间。如果您对自身的能力充满自信，渴望更广阔的施展天地，我们随时欢迎优秀的您加入我们的行列。,"https://www.zhaopin.com/jobdetail/CC120081560J40717307801.htm?refcode=4019&srccode=401901&preactionid=a7c1140f-c46c-45e5-b867-ab342d8bdc77"
3196,测试工程师,南京-雨花台区,9000-14000元,南京绛门信息科技有限公司,"计算机软件,IT服务,互联网",1000-9999人,已上市,CC426773320J40742235705,岗位职责： 1、根据需求说明编写测试用例、搭建测试环境、执行测试计划、编写测试报告，协同软件工程师完成故障闭环； 2、协助软件工程师完成故障复现，提供相关log，跟踪故障解决； 3、根据测试需要，完成自动化测试脚本开发； 任职要求： 1、了解测试理论和基本测试方法，有2年以上测试经验，本科及以上学历，计算机相关专业； 2、有车载行业经验，熟悉智能座舱/智能驾驶测试； 3、熟悉linux环境和常用命令，熟悉python，熟悉单板测试，能熟练使用串口工具； 4、能够根据用户需求编写测试用例，完成需求覆盖，能够有效发现软件故障，跟踪故障解决； 5、熟悉业内常用自动化测试工具和相关脚本编写； 6、有较好的沟通能力和团队协作能力，有较强的责任心和积极主动的工作态度；,5月19日,绛门科技是一家创新型高新技术企业，为移动运营商、中兴通讯、国家电网、招商银行等多家500强企业提供软件外包服务、IT和云方案及实施服务、运营和系统集成解决方案等专业化服务。绛门科技秉承“客户至上、科技创新”的服务理念，坚持以质为本、以信取胜，专注于IT云服务、移动互联网、移动物联网、多媒体及手机客户端应用等领域，是客户指的新来的通讯综合服务供应商和战略合作伙伴。公司总部设在南京，并在上海、广州、深圳、西安、重庆、三亚等多个城市设立分支机构和研发中心。公司目前有员工1200余人，拥有众多具有实战经验的资深软件研发人员，通过现场、离岸、项目外包等多种模式，为客户提供优质服务业务类型Ø软件定制化服务软件人力资源外包软件离岸开发软件测试本地化Ø技术服务多媒体业务开发互联网应用开发手机客户端应用开发运营支撑系统开发及方案提供Ø IT服务操作系统服务系统安全巡查服务高可用服务虚拟化迁移服务网络服务,"https://www.zhaopin.com/jobdetail/CC426773320J40742235705.htm?refcode=4019&srccode=401901&preactionid=a7c1140f-c46c-45e5-b867-ab342d8bdc77"
3197,科研人员,上海-嘉定区,1.2-2万,中国科学院上海应用物理研究所,"学术/科研,学术/科研",1000-9999人,未融资,CC131072840J40518854916,岗位职责：  熔盐堆覆盖气气体循环技术研发   ,7月7日,中国科学院上海应用物理研究所是国立综合性核技术科学研究机构，筹建于1958年，在光子科学、加速器科学技术、核能技术、核科学技术与前沿交叉科学等领域，从事面向世界科技前沿和国家战略需求的基础与应用研究，开展原始创新和集成创新，致力于钍基熔盐堆核能系统的研究发展，致力于同步辐射光源和自由电子激光的大科学装置研制、运行与利用，致力于核科技前沿交叉的研究与核技术应用，以期将研究所建成我国独具特色、不可替代和具有国际竞争力的研究机构。上海应用物理所现承担中国科学院战略性先导科技专项“未来先进核裂变能——钍基熔盐堆核能系统（TMSR）”，研究和发展相关核能科学与技术，打造TMSR全产业链，目标是成为拥有最先进、最完备实验设施和条件，以工业应用为目标的世界级钍基熔盐堆核能系统的研究中心。上海应物所还承担上海光源线站工程、X射线自由电子激光试验装置工程、首台国产质子治疗示范装置研制项目，以及多项973项目、科技重大研究专项、基金委重大项目等国家重要科研任务。上海应用物理所是上海市核学会、中国核学会辐射研究与辐射工艺学分会的挂靠单位；主办《核技术》、《Nuclear Science and Techniques》（SCI）、《辐射研究与辐射工艺学报》等学术刊物。设有一级学科博士学位培养点 2个，二级学科博士学位培养点 5个，一级学科硕士学位培养点 3个，二级学科硕士学位培养点点 14个（其中专业学位 4个），并设有 2个博士后科研流动站。单位地址：上海市嘉定区嘉罗公路2019号网址：www.sinap.cas.cn E-Mail:hr@sinap.ac.cn,"https://www.zhaopin.com/jobdetail/CC131072840J40518854916.htm?refcode=4019&srccode=401901&preactionid=a7c1140f-c46c-45e5-b867-ab342d8bdc77"
3198,Java,西安-雁塔区,1.3-2.6万,外企德科数字技术有限公司,专业技术服务,10000人以上,,CCL1480117890J40796718105,"【任职要求】 1、统招本科及以上学历，学信网可查 2、热爱编程，熟悉掌握但不限于JAVA/C/C++/Python/JS/GO等编程语言中的一种或数种（均有岗位） 其他： (1)导师制培训机制，新人入职后至少半年以上会有导师一对一辅导开展工作和学习 公司福利: 1.定级定薪都会有薪资涨幅，六险一金，全额缴纳,周末加班，双倍工资，节假日三倍工资 2.一年数次考评，薪资、职级可上浮~ 3.带薪年假5-15天 4.免费夜宵，城际班车，健身房免费,舒适的办公环境",2025-07-27 00:26:10,外企德科数字技术有限公司是一家2023年新成立的中外合资企业。成立于2023年11月24日，公司定位：专注于为信息技术企业提供人才及数字技术外包解决方案的中外合资企业。它是由中国人力资源服务行业的FESCO（北京国际人力资本集团）与全球人力资源服务领导者The Adecco Group（德科集团）合资成立的。公司主要提供网络技术服务、软件外包服务、计算机系统服务、技术进出口、软件开发等信息技术相关服务。专注于为信息技术企业提供信息技术类人才及数字技术外包解决方案。,"https://www.zhaopin.com/jobdetail/CCL1480117890J40796718105.htm?refcode=4019&srccode=401901&preactionid=a7c1140f-c46c-45e5-b867-ab342d8bdc77"
3199,Java,深圳-龙岗区,1.8-3.5万·14薪,外企德科数字技术有限公司,专业技术服务,10000人以上,,CCL1480117890J40784502205,全国均有岗位(开发、测试、算法等) 岗位要求: 一、软件开发工程师 1.热爱编程，熟悉掌握Java/C++/C/Python/Web开发等编程语言中的一种或多种编程语言扎实的编程功底: 2.具备良好的独立工作能力和解决问题能力，善于沟通，乐于合作，热衷新技术; 二、 软件测试工程师： 1.热爱编程，熟悉掌握C/C++/Java/Python等编程语言中的一种或多种编程语言，扎实的编程功底; 2.有web开发或测试经验、自动化开发或测试经验者优先。 3.熟练掌握系统测试、功能测试、专项测试、软件测试、韧性测试、安全测试方法中的一种或多种测试方法，有相关测试语言/脚本的编写和实践经验优先，也可接受纯测试经验的。 4.具备良好的独立工作能力和解决问题能力，善于沟通，乐于合作，热衷新技术;,2025-07-27 00:25:20,外企德科数字技术有限公司是一家2023年新成立的中外合资企业。成立于2023年11月24日，公司定位：专注于为信息技术企业提供人才及数字技术外包解决方案的中外合资企业。它是由中国人力资源服务行业的FESCO（北京国际人力资本集团）与全球人力资源服务领导者The Adecco Group（德科集团）合资成立的。公司主要提供网络技术服务、软件外包服务、计算机系统服务、技术进出口、软件开发等信息技术相关服务。专注于为信息技术企业提供信息技术类人才及数字技术外包解决方案。,"https://www.zhaopin.com/jobdetail/CCL1480117890J40784502205.htm?refcode=4019&srccode=401901&preactionid=a7c1140f-c46c-45e5-b867-ab342d8bdc77"
3200,软件测试,西安-雁塔区,1.2-1.6万,四川若扬企业管理咨询有限公司,企业服务,20-99人,,CCL1506191320J40867331515,岗位内容： 1. 设计并执行测试用例，记录测试结果并准备测试报告。 2. 协调开发人员、项目经理和测试团队成员，以确保遵守时间表和产品质量标准。 3. 使用自动化测试框架和工具来提高测试效率和覆盖率。 4. 不断改进测试流程和方法，以提高质量和效率。 5. 关注产品质量和客户需求，确保稳定、可靠和用户友好的软件交付。 任职要求： 1. 熟悉软件测试方法和流程。 2. 掌握至少一种自动化测试框架和脚本语言（如Selenium、Python、Robot Framework）。 3. 具备良好的团队合作精神和沟通能力。 4. 能够承受压力，在快节奏的环境中高效工作。 5. 有问题解决的能力和主动学习的态度。,7月23日,,"https://www.zhaopin.com/jobdetail/CCL1506191320J40867331515.htm?refcode=4019&srccode=401901&preactionid=a7c1140f-c46c-45e5-b867-ab342d8bdc77"
3201,前端开发,广州-白云区,1-1.4万,广州兴炳科技有限公司,计算机软件,20-99人,,CCL1507046950J40697054806,岗位内容： 1. 开发响应式Web页面和功能组件，确保优秀的用户体验 2. 与后端开发人员合作，实现应用程序的完整性和可维护性 3. 设计和实现复杂的前端UI交互，并在跨浏览器环境中进行测试和故障排除 任职要求： 1. 精通HTML、CSS和JavaScript，并熟悉至少一种主要的前端框架（如React或Angular） 2. 具备良好的沟通能力和团队合作精神，有解决问题的能力和创新思维 3. 至少两年以上相关前端开发工作经验,7月22日,,"https://www.zhaopin.com/jobdetail/CCL1507046950J40697054806.htm?refcode=4019&srccode=401901&preactionid=a7c1140f-c46c-45e5-b867-ab342d8bdc77"
3202,技术支持工程师,合肥-肥西县,4000-6000元,安徽万维医疗科技有限公司,"医疗设备/器械,医疗设备/器械",20-99人,未融资,CC522804930J40310395804,岗位职责： 按领导要求完成既定工作。 任职资格： 1.机械、电气类大专及以上学历，有相关工作经验者优先； 2.责任心强，有良好的沟通能力和协作能力； 3.有较强的时间观念和责任意识，工作积极主动，擅于沟通； 4.具备良好的逻辑条理性和极佳的团队协作意识及创新意识； 5.能接受短期出差； 6.可接受应届毕业生。 职位福利：周末双休、定期团建、免费停车、定期体检、节日福利、五险一金、交通补助、全勤奖 ,6月24日,安徽万维医疗科技有限公司成立于2017年，是一家集研发、生产、销售及医疗临床应用技术服务推广为一体的创新型医疗企业。公司致力于微创手术设备及配套医用高值耗材的研发、生产制造。经过几年的不懈努力，其研发的等离子体手术系统及一次性射频等离子体手术刀头（电极）产品已经取得多项专利证书，并取得了医疗器械产品注册证和生产许可证，经过临床使用后得到多家医院临床的认可，公司未来产品主要围绕着耳鼻咽喉头颈外科、泌尿外科、妇科、肛肠科、骨科、甲乳科、神经外科等科室进行研发生产。公司秉承以“用科技捍卫生命”的企业使命；以“极致创新、享誉全球”为企业愿景；以“万物至善，康健旨维”为企业核心价值。我们严格以医疗器械产品质量保证体系为标准，同时我们拥有优秀的生产团队和售后服务技术的支持，以“永远为客户创造价值”为服务理念，努力成为未来中国医疗器械微创行业的支柱企业。,"https://www.zhaopin.com/jobdetail/CC522804930J40310395804.htm?refcode=4019&srccode=401901&preactionid=a7c1140f-c46c-45e5-b867-ab342d8bdc77"
3203,C/C++,南京-鼓楼区,1.3-2万·15薪,康尼公司,"电气机械/电力设备,仪器仪表制造,电子设备制造",1000-9999人,已上市,CC120914190J40527066402,岗位职责:,7月21日,南京康尼机电股份有限公司(以下简称“康尼”或“公司”)是一家专注于机电核心技术研究和应用的创新型企业。公司成立于2000年10月，于 2014年8月在上交所首发上市（股票代码603111）。公司实行内部集团化管控，设立包括南京康尼电子科技有限公司、南京康尼科技实业有限公司、南京康尼新能源汽车零部件有限公司、南京康尼精密机械有限公司等多家子公司。公司坚持“以机电技术为核心的智慧交通装备平台”战略定位，形成“以轨道交通产品为核心业务、以新能源汽车零部件产品为成长业务、以智能健康产品等为种子业务”的多元经营发展格局。公司主要业务为轨道交通门系统的研发、制造、销售与技术服务，主要产品包括轨道车辆门系统、站台安全门系统等。其中，核心产品城轨车辆门系统，连续十多年在国内市场保持高占有率，产品出口美国、法国、加拿大等三十多个国家和地区，是中国中车、阿尔斯通、CAF、TALGO等国际著名轨道车辆制造商战略合作伙伴和供应商。康尼新能源作为康尼机电的控股子公司，主要业务为新能源汽车零部件的研发、制造、销售和技术服务等，主要产品是新能源汽车充电连接系统。康尼新能源已成为奔驰、广汽丰田、一汽丰田、上汽通用、捷豹路虎、比亚迪、吉利等国内外知名汽车厂商的重要合作伙伴。公司是一家具有自主创新能力、自主知识产权的高新技术企业，拥有国家认定企业技术中心、国家博士后科研工作站，被授予国家高技术产业化示范工程、国家技术创新示范企业、国家知识产权示范企业、国家制造业单项冠军示范企业、国家智能制造示范工厂、国家首批两化融合管理体系贯标企业、江苏省省长质量奖等荣誉资质。公司还设立机械工业轨道车辆自动门工程研究中心、江苏省轨道交通车辆门系统重点实验室、江苏省轨道车辆自动门工程技术研究中心等多元创新平台。公司是国家标准《城市轨道车辆客室侧门》以及行业技术规范《城市地铁车辆电动客室侧门》的主导制定单位。公司累计（含上市公司合并财务报表范围内所有公司）获得授权专利1000余件，其中发明专利200余件，累计登记软件著作权100余项，核心发明专利多次荣获“中国专利优秀奖”。公司始终秉承“客户为先、持续创新、奋斗务实、协作开放”的价值观，坚持“以机电技术为核心的智慧交通装备平台”战略定位，致力机电技术创新，助力交通强国建设，努力成为一家受青睐的、受尊重的、受推崇的企业。,"https://www.zhaopin.com/jobdetail/CC120914190J40527066402.htm?refcode=4019&srccode=401901&preactionid=a7c1140f-c46c-45e5-b867-ab342d8bdc77"
3204,前端开发,西安-雁塔区,面议,华为技术有限公司,运营商/增值服务,10000人以上,,CC000542940J40767666314,工作职责： 1.负责华为云前端架构、UI组件库的设计和开发，以提升华为云用户体验、研发效率为目标，结合业界前端领域的技术发展持续构建前端技术竞争力； 2.负责Web基础能力建设和端到端的DevOps交付流，提供Web开发工具集，包括脚手架、项目构建脚本、框架配置能力等； 3.负责Nodejs框架的服务端开发与运维，提升前端研发效能。 职位要求： 1.熟练掌握HTML5 / CSS / JavaScript 等Web开发技能； 2.熟练掌握目前主流的前端开发框架至少一种：如React、Vue、Angular等，熟悉组件化开发，有NodeJS开发经验者优先； 3.对Web性能和安全有较深的见解和相关处理方案； 4.熟悉使用一门后台语言，Java尤佳，对前后端联合开发技术原理全面认识； 5.具有很强的学习能力和技术敏感度，有强烈的责任心和进取心，乐于学习和技术分享。 地域：深圳/西安/杭州/成都/南京/北京  薪资待遇： 15K – 30K 16薪  福利：绩效奖金、带薪年假、宵夜、班车、假日福利（端午中秋）,7月26日,我们是华为，诞生于1987年。在成长的过程中，我们脚踏实地、奋勇向前。我们一直专注于ICT领域，为运营商、企业客户和消费者提供有竞争力的ICT解决方案、产品和服务。30年来我们不断积攒实力，如今已拥有来自全球170多个国家和地区的客户，全球三分之一的人口因华为受益。我们为员工提供：▲“华为大学”、“iLearning”、“导师制”等健全的培训制度；▲“专家管理双通道模式”的晋升途径；▲全球化的工作机会及视野。我们始终坚持“以客户为中心，以奋斗者为本”；只要你踏实肯干，华为就是你施展人生抱负的舞台。加入华为，与技术大牛共事，与行业精英一同成长；加入我们，你可以自带主角光环！联接，就像空气和水，慢慢融入生活的每个角落。我们期待与你一起共同探索全联接世界，共同领跑未来！我们是华为，诞生于1987年。在成长的过程中，我们脚踏实地、奋勇向前。我们一直专注于ICT领域，为运营商、企业客户和消费者提供有竞争力的ICT解决方案、产品和服务。30年来我们不断积攒实力，如今已拥有来自全球170多个国家和地区的客户，全球三分之一的人口因华为受益。我们为员工提供：▲“华为大学”、“iLearning”、“导师制”等健全的培训制度；▲“专家管理双通道模式”的晋升途径；▲全球化的工作机会及视野。我们始终坚持“以客户为中心，以奋斗者为本”；只要你踏实肯干，华为就是你施展人生抱负的舞台。加入华为，与技术大牛共事，与行业精英一同成长；加入我们，你可以自带主角光环！联接，就像空气和水，慢慢融入生活的每个角落。我们期待与你一起共同探索全联接世界，共同领跑未来！,"https://www.zhaopin.com/jobdetail/CC000542940J40767666314.htm?refcode=4019&srccode=401901&preactionid=a7c1140f-c46c-45e5-b867-ab342d8bdc77"
3205,软件测试,烟台-None,6000-12000元,汉科软(山东)教育咨询有限公司,IT服务,20人以下,不需要融资,CCL1454017490J40464874101,岗位职责 (1)能编写测试脚本，开发测试工具、设计自动化测试的解决方案; (2)根据项目需求可编写测试计划、设计测试用例和测试数据; (3)实施软件测试、包括白盒测试、性能测试，对软件缺陷进行跟踪、分析、报告;(4)反馈测试进度; (5)编制系统的用户使用手册，参与用户培训等; 任职资格 (1)计算机或相关专业，本科应届、往届毕业生，有软件行业工作经验的优先考虑; (2)了解相关开发语言，具备软件测试平台搭建的能力;(3)熟悉软件测试流程、测试方法; (4)具备优秀的团队协作精神，良好的沟通能力，热爱软件测试工作，工作细致认真，有耐心; (5)具备良好的沟通、协调、分析、判断能力及谈判技巧有独立解决问题的能力，能承受较大的工作压力; (6)较强的发现问题，分析问题的能力，较强的语言表达能力和文档编写能力;,2025-07-28 01:00:12,,"https://www.zhaopin.com/jobdetail/CCL1454017490J40464874101.htm?refcode=4019&srccode=401901&preactionid=a7c1140f-c46c-45e5-b867-ab342d8bdc77"
3206,测试工程师,石家庄-桥西区,5000-7000元,盾石磁能科技有限责任公司,"专用设备制造,专用设备制造,电气机械/电力设备",100-299人,未融资,CC660540820J40605970212,工作职责：   ,6月22日,盾石磁能科技有限责任公司成立于2014年4月，总投资额3亿元。公司有研发及办公场地2万平米。美国设有分公司、英国设有研发中心、北京设有子公司、石家庄生产基地、石家庄正定智能制造中心。公司旗下拥有美国先进研发技术，主要产品GTR飞轮系统与低温余热发电机，涉及低温余热发电、轨道牵引动力储能、电网系统调频调压、高速离心风机等领域，填补国内科技、市场的空白。公司具备国际领先的GTR飞轮储能技术，致力于高性能飞轮产品技术研发、生产制造、项目应用和产业化，是国内唯一一家可以生产工业化飞轮的厂商。公司投资建设的飞轮储能试验与测试平台，具备高性能飞轮制造、全功率测试、系统模拟调试和现场服务的能力。盾石磁能科技有限责任公司GTR飞轮目前加入国家863计划课题“工业园区型分布光伏/储能微电网系统集成示范项目”。是国内首次将飞轮储能装置应用于园区智能微电网项目。GTR飞轮储能系统具有大功率、快速响应和高寿命三大技术优势，对微电网电能质量调节的重要意义体现在平滑入网、功率支撑、延长电池寿命等方面。跻身国家863计划项目，充分证明盾石磁能科技所拥有的国际领先的GTR飞轮储能技术已得到国家科技部门认可，将在微电网电能质量调节领域发挥重要作用。薪资福利： 1、公司根据应聘者综合水平提供优越的综合薪资； 2、入职即购买五险一金； 3、法定双休、带薪年假及其他法律规定的带薪假期、餐补、节日福利、取暖补助； 4、人才补贴：公司为满足条件的员工无偿办理市人才绿卡、县人才绿卡，可享受人才补贴； 5、提供带薪入职培训、专业培训、技能培训等； 6、公司设立专项人才培养计划，优秀者可进修为研究生、博士生等。期待优秀的你加入年轻有为的大团队，我们一起携手创造美好、造就有价值的人生！,"https://www.zhaopin.com/jobdetail/CC660540820J40605970212.htm?refcode=4019&srccode=401901&preactionid=a7c1140f-c46c-45e5-b867-ab342d8bdc77"
3207,技术支持工程师,肇庆-鼎湖区,5000-10000元,广东皓明有机硅材料有限公司,橡胶和塑料制品,300-499人,不需要融资,CCL1319344450J40550699016,工作职责： 1、负责产品或项目相关的售前，售中和售后的技术支持工作； 2、熟悉公司产品的品类，性能特点；收集和分析客户需求，配合样品开发和销售工作；制定行业领域需求的技术方案，并对技术方案进行讲解，PPT演示等技术交流； 3、负责客户需求的相关文档编辑（产品资料，测试报告，操作使用流程，使用注意事项，宣传资料，PPT，客诉报告等）； 4、市场同类产品资料信息收集，对比分析，协助改进公司产品。任职要求：  1、本科以上学历，化学化工相关专业；  2、有有机硅行业技术研发或技术支持工作经验者优先；  3、熟悉办公软件和文案撰写能力；  4、具有良好的沟通能力和学习能力；  5、可以接受出差。,7月15日,广东皓明有机硅材料有限公司成立于2003年5月，注册资金4000万元，占地面积2.7万平方米，座落于风景秀丽的广东省肇庆市鼎湖区莲花镇，是一家集生产、研发、销售于一体，专业从事有机硅材料的国家高新技术企业、国家专精特新“小巨人”企业。公司现拥有专职从事研究开发人员50余人，研发队伍庞大，实力雄厚。公司先后认定了“广东省有机硅材料（皓明）工程技术研究中心”、“广东省民营企业创新产业化示范基地”、“广东省博士后创新创业示范基地”、“广东省博士工作站”、“广东省企业技术中心”等平台，充分利用省工程技术研究中心、省博士后创新实践基地等创新平台，开展系列创新研究，以每年不低于20%的增长趋势迅速发展。同时，凭借良好的经营管理、良好的创新基础条件和人才队伍、技术创新能力强等优势，被认定为“广东省高成长中小企业”、“广东省‘守合同重信用’企业”。截止目前，公司已申请发明专利29项，授权实用新型专利11项，省高新技术产品29项。,"https://www.zhaopin.com/jobdetail/CCL1319344450J40550699016.htm?refcode=4019&srccode=401901&preactionid=a7c1140f-c46c-45e5-b867-ab342d8bdc77"
3208,技术支持工程师,济南-历城区,6000-10000元,大族激光,"专用设备制造,电气机械/电力设备,通用设备制造,专用设备制造",10000人以上,已上市,CC000341550J40741857005,"内容及职责： 1、负责公司产品的测试。整理测试数据，编写测试报告； 2、协助客户安装调试，处理故障，培训客户，对重点项目提供现场服务支持等； 3、跟踪产品使用情况，对维修数据进行统计、分析，归纳、总结； 4、通过客户问题的解决，编写案例分析，并形成相关技术报告进行分享； 5、信息：从各层面收集行业信息，了解行业动态；了解客户技术关切和技术发展路径，并与销售、研发充分沟通，以挖掘相对应的产品和技术销售机会； 6、资料归档：管辖范围内的资料归档，包括流程、项目管理、规范、经验等内容； 7、形象：维护公司形象，积极主动服务，不出现重大投诉； 任职要求： 教育背景：本科及以上（计算机类、电子电气类、机械设计及自动化类、通信类、光学类等） 1， 愿意加入大族激光并效力于激光、新能源，半导体，精密制造领域； 2， 抗压能力强；客户服务意识； 3， 主动学习，具备较好的学习能力、逻辑思维能力和钻研精神。 4， 能广泛阅读包括英语的专业资料，并学以致用，分析、解决故障，改良方案； 5， 有一定的激光设备行业从业经验或精密设备行业的从业经验基础  个人素质：  1、 喜欢交往,沟通能力强，语言表达能力强；具有良好的协调能力和团队协作精神； 2、 做事认真负责，责任心强，工作积极主动。 教育背景： 本科及以上 工作时间： 每周40小时 环境状况： 良好 危险性： 执行国家安全法规； 工作场所：山东客户现场（前期需要来深圳培训3个月）",7月25日,大族激光科技产业集团股份有限公司，1996年创立于中国深圳，公司于2004年在深圳证券交易所上市，股票代码：002008。现有员工16000+人，研发人员6500+，有效知识产权8811项。公司致力于智能制造装备及其关键器件的研发、生产和销售，具备从基础器件、整机设备到工艺解决方案的垂直一体化能力，是全球领先的智能制造装备整体解决方案服务商。大族激光坚持自主创新，掌握光源、数控系统、功能部件等核心技术，拥有强大的垂直整合能力，在高端装备、核心器件、锂电、光伏、半导体等业务领域均实现较大突破。目前公司组建了涵盖激光光源、自动化系统集成、直线电机、视觉识别、计算机软件和机械控制等多方面复合研发队伍，与全国多所著名研究机构等建立了战略合作关系，联合成立相关实验室及人才培养基地等。公司是国家重点高新技术企业、***创新型试点企业、国家科技成果推广示范基地-重点推广示范企业、广东省装备制造业重点企业、深圳自主创新领军企业，主要科研项目被认定为***火炬计划项目。员工福利：包含但不限于：五险一金、员工宿舍、人才安居房、员工餐厅、员工班车、年终奖、节日福利、生活补贴（住房、交通、通讯等）、高温补贴、科技奖励、员工落户、员工培训、学历深造、法定节假日、年假、婚假、产假、陪产假及各类文娱活动等等。,"https://www.zhaopin.com/jobdetail/CC000341550J40741857005.htm?refcode=4019&srccode=401901&preactionid=a7c1140f-c46c-45e5-b867-ab342d8bdc77"
3209,硬件测试,重庆-渝北区,8000-10000元,重庆科满福人力资源服务有限公司,企业服务,20-99人,,CCL1487604860J40922121404,【岗位职责】 ： 1、进行新产品研发阶段的测试工作 2、完成新产品的功能测试、可靠性测试、环境测 试、安全测试等技术工作 3、制定测试计划，设计测试用例，分析测试数 据，编制测试报告 4、为其他部门提供技术支持，与其他部门的产品 联合测试工作,6月30日,,"https://www.zhaopin.com/jobdetail/CCL1487604860J40922121404.htm?refcode=4019&srccode=401901&preactionid=a7c1140f-c46c-45e5-b867-ab342d8bdc77"
3210,硬件测试,青岛-黄岛区,9000-12000元,中电科思仪科技股份有限公司,仪器仪表制造,1000-9999人,,CC309122380J40707227802,一、岗位职责： 1、专业技术岗位，主要负责电路板、整机调测； 2、负责电路板、整机的维修和维护； 3、负责电路板整件和整机调测平台或系统的设计及实施完善； 4、负责与电路板、整机相关的其它工作。 二、岗位要求： 1、本科及以上学历，电子信息、自动化、通信工程、计算机、测控技术与仪器等相关专业，本科学历； 2、应届生也可，有相关领域公司或研究所工作经验者优先，熟练使用信号源、频谱仪、网络仪、功率计等仪器者优先； 3、具有数字、模拟电路、通信、软件编程等基本理论知识； 4、精熟练使用OFFICE等基础办公软件；  5、具有良好的沟通能力和团队合作精神； 6、能服从工作安排，具有较强的执行力。,2月28日,中电科思仪科技股份有限公司（简称“电科思仪”）是中国电科集团下属股份制企业，本部位于山东青岛，拥有一支从事电子测量仪器、自动测试系统和器部件产品研究、开发、设计的专业技术队伍，具有较强的研发、生产、测试和试验验证能力。“电科思仪”致力于电子测试前沿技术的探索和研究，实现了高端重大科学仪器和通用电子测量仪器的一系列重大技术突破，特别是在微波毫米波、光电、通信、基础测量以及相关技术领域，达到国内领先、国际先进水平。“电科思仪”面向全球市场提供拥有自主知识产权的、覆盖高中低端的、系列化的电子测量仪器和器部件产品，同时通过软件开发与系统集成，为用户提供“量身定做”的自动测试解决方案。“电科思仪”研发生产的电子测量仪器、自动测试系统、器部件等产品，广泛应用于卫星、通信、导航、雷达、科研、教育等领域，并为载人航天、探月、北斗、光纤通信、移动通信、大飞机制造等国家重大工程提供测试保障，深受广大用户一致好评和信赖。“电科思仪”始终秉承“服务客户、创造价值”的经营理念，以电子测量仪器研发为核心，以全面服务为业态，与国内外同行合作共赢，努力建设测试测量领域具有全球竞争力的世界一流企业，为保障国家安全、为促进经济社会发展不断做出新的更大的贡献。,"https://www.zhaopin.com/jobdetail/CC309122380J40707227802.htm?refcode=4019&srccode=401901&preactionid=a7c1140f-c46c-45e5-b867-ab342d8bdc77"
3211,Java,上海-浦东新区,1.5-3万·14薪,外企德科数字技术有限公司,专业技术服务,10000人以上,,CCL1480117890J40792901805,岗位职责 1、负责客户端/后台版本开发，承担关键模块的需求分析、设计、核心代码开发及维护工作； 2、保障版本开发质量和进度，保障用户体验； 3、 版本符合公司安全隐私要求，遵从公司DevOps研发流程。 岗位要求： （1）计算机、软件、通信等相关专业本科及以上学历； （2）热爱编程，基础扎实，熟悉掌握但不限于JAVA/C++/Python/JS/HTML/GO等编程语言中的一种或数种，有良好的编程习惯； （3）具备独立工作能力和解决问题的能力、善于沟通，乐于合作，热衷新技术，善于总结分享，喜欢动手实践。 （4）优选条件： 薪资福利 入职缴纳五险一金，年终奖，各种补助，有导师带教，负责核心业务开发工作,2025-07-27 00:25:57,外企德科数字技术有限公司是一家2023年新成立的中外合资企业。成立于2023年11月24日，公司定位：专注于为信息技术企业提供人才及数字技术外包解决方案的中外合资企业。它是由中国人力资源服务行业的FESCO（北京国际人力资本集团）与全球人力资源服务领导者The Adecco Group（德科集团）合资成立的。公司主要提供网络技术服务、软件外包服务、计算机系统服务、技术进出口、软件开发等信息技术相关服务。专注于为信息技术企业提供信息技术类人才及数字技术外包解决方案。,"https://www.zhaopin.com/jobdetail/CCL1480117890J40792901805.htm?refcode=4019&srccode=401901&preactionid=a7c1140f-c46c-45e5-b867-ab342d8bdc77"
3212,技术支持工程师,徐州-贾汪区,4000-6000元,徐州达普电缆技术有限公司,"贸易/进出口,贸易/进出口",20-99人,不需要融资,CC450817410J40755456301,包含:技术支持、安装调试、售后等 任职资格: 应往届毕业生，电气工程及其自动化、机械工程专业或工作经验优先,7月15日,"徐州达普电缆技术有限公司是徐州地区优秀出口企业，徐州市双创企业。公司成立于2009年，是一家在电线电缆行业特别是电线电缆、建筑电线、光缆等领域具有丰富经验和专业技术的进出口公司；其中在电缆设备出口领域，公司已经多年位列行业出口第一名。目前，公司产品已经出口到欧洲、中东、非洲、东南亚、南美的50多个国家和地区，并在多个国家设立分公司和办事处。达普的团队是一支年轻而充满活力的团队。高效、及时、有序、严谨、按流程办事是我们的原则。公司努力为每位员工提供良好的竞争环境及进去机会，致力于为员工创造一个安全、和谐、舒畅、高效的工作氛围。不管小白还是有经验的，我们都欢迎你的加入，我们拥有完善的培训体系，专门设置培训学习奖金，帮你快速成长；我们是一群拥有梦想的 90后，我们需要沟通能力强，学习能力强执行力强的人才，如果你做过外贸行业材料化工、机械设备或者跟我们相关的类目优先考虑也许你是外贸新人，没有培训培养，没有人教你，感觉迷茫；也许你是外贸老兵，没有晋升，没有成长，收入无法突破；没关系,我们明年的目标是培养百万业务员，期待有识之士,共创辉煌！","https://www.zhaopin.com/jobdetail/CC450817410J40755456301.htm?refcode=4019&srccode=401901&preactionid=a7c1140f-c46c-45e5-b867-ab342d8bdc77"
3213,实施工程师,淄博-桓台县,9000-18000元,青岛安然物联网科技有限公司,"物联网,物联网",20-99人,未融资,CC559764920J40565332104,你能经常到全国各地出差吗？你能到工业生产现场生产现场做技术支持吗？  真正的奋斗者在安然会有让人值得为之奋斗的事业，会有充实、高效的成长，会有高人一等的收入。,7月22日,基于精准人员定位的工业安全生产信息化管理专家，安全生产信息化管理引领者！作为全国实时定位技术标准工作组成员和应急管理部“工业互联网+危化安全生产”人员定位系统技术支持机构，安然从2012年起致力于基于ZigBee Plus三维立体按需精准定位的“工业互联网+安全生产”的研究，获得了20多项安全智能管控系统发明专利和著作权，持续引领中国化工行业生产现场智慧安全！安然以“准、稳、狠”的ZigBee Plus三维立体按需精准人员定位统和“底数清、数据准、情况明、研判准、措施实”的安全生产信息化平台为核心，整合访客管理、出入口控制、人脸识别、视频监控、语音广播、重大危险源监控、可燃有毒气体监测等系统，对生产现场人、机、料、法、环五大要素进行实时、动态、智能管控和预警，规范人的安全行为，保障人的生命安全，有效防范风险、主动化解风险，实现智慧安全。安然“以用为本”，把安全生产信息化建设与公司管理体系“深度融合”，把安全生产信息化建设与日常工作“紧密结合”，对安全生产切实“有用、实用、好用”，避免建用“两张皮”，让安全管控更智能，让生产更高效才实用。迄今已服务中石化、中石油、延长石油、国能、兖矿、京能、索普、新安、奇美、昊源、潞安、旭阳、垦利、逸盛、海科、酒钢、金发等几百家石化、化工、选煤、钢铁、电厂企业。安然以客户为中心，以强者为本，抬头乐干，愿意与同道中人联合、链接，携手共建、共用、共享生产安全命运共同体，一起干，一起干，让优秀企业更安全，让优秀企业更高效！,"https://www.zhaopin.com/jobdetail/CC559764920J40565332104.htm?refcode=4019&srccode=401901&preactionid=a7c1140f-c46c-45e5-b867-ab342d8bdc77"
3214,前端开发,苏州-工业园区,1-1.5万·13薪,苏州速充新能源科技有限公司,新能源,20-99人,天使轮,CCL1281167400J40858263015,【工作内容】 1. 负责公司产品前端页面的开发与优化，确保良好的用户体验； 2. 与设计师、后端工程师紧密合作，实现产品功能和界面交互； 3. 持续优化前端性能，提升页面加载速度和响应效率； 4. 参与技术方案设计，推动前端架构的持续改进与创新。 【任职要求（精通部分）】 1. 精通HTML5、CSS3、Javascript、ES6等相关技术，深入理解W3C的HTML5标准和规范； 2. 精通Javascript、Typescript编程语言，熟练使用 VUE3 以及 VUE2 全家桶框架； 3. 熟练jQuery / bootstrap 等主要Javascript框架； 4. 熟悉vite、webpack、babel等脚手架配置和常用插件配置，熟悉Git等项目管理软件； 5. 具备小程序开发经验，熟悉微信小程序、******* 或其他移动端框架者优先； 6. 对项目技术选型，以及构建速度、页面渲染速度优化有一定理解和想法； 7. 有大型复杂项目的实际经验，包括但不限于架构设计、组件设计和前端工程化等； 8. 具有良好的分析逻辑能力、快速学习能力和较强的团队协作能力与沟通能力。 【任职要求（基础部分）】 1. 计算机相关专业本科及以上学历，具备扎实的编程基础； 2. 精通HTML、CSS、JavaScript，熟悉主流前端框架如Vue或React； 3. 具备良好的沟通能力和团队协作精神，有责任心和抗压能力； 4. 有实际项目经验者优先，熟悉Node.js或Webpack等工具者优先。,6月28日,,"https://www.zhaopin.com/jobdetail/CCL1281167400J40858263015.htm?refcode=4019&srccode=401901&preactionid=a7c1140f-c46c-45e5-b867-ab342d8bdc77"
3215,软件测试,北京-昌平区,2-4万,北京中电华大电子设计有限责任公司,"电子/半导体/集成电路,计算机软件",300-499人,未融资,CC000136150J40826215808,岗位职责： 1.负责芯片固件、COS的测试工作； 2.根据固件技术手册/芯片技术手册等制定测试方案，开发测试COS/程序，搭建测环境，执行测试，对测试中出现的各种现象进行分析，并定位问题； 3.根据测试结果编写测试报告，对性能等测试数据的合理性进行分析，评估风险等； 4.探索测试方法，进行测试平台的设计和开发，提高测试效率； 任职要求： 1．计算机、自动化、微电子等相关专业，3年以上相关行业工作经历； 2. 有Java平台或金融应用测试经验； 3．掌握基本的测试理论和方法，具有2年以上嵌入式软件测试经验； 4．熟练掌握VB/C/python语言； 5．熟悉ARM芯片架构/安全算法/常用通讯接口（USB/SPI/I2C/SD等） 6．热爱软件测试工作，工作细致认真，有耐心。 7．拥有较好的沟通技巧及团队合作精神。,7月24日,北京中电华大电子设计有限责任公司（简称“华大电子”）成立于2002年，是国家级高新技术企业，是专业从事安全芯片开发的集成电路设计企业。华大电子致力于智能卡芯片、安全SE芯片和安全MCU芯片及应用解决方案开发，聚焦于金融科技、网络通讯、物联网、车联网、智能交通、智能制造等领域应用。华大电子秉承“积极主动追求成功”的理念，面向蓬勃发展的新一代信息技术产业，提供“芯”产品和“芯”方案，与产业界融合发展，共同成就美好“芯”未来。,"https://www.zhaopin.com/jobdetail/CC000136150J40826215808.htm?refcode=4019&srccode=401901&preactionid=a7c1140f-c46c-45e5-b867-ab342d8bdc77"
3216,实施工程师,苏州-吴中区,5000-8000元,苏州金鼓智能科技有限公司,"通信/网络设备,计算机硬件",20人以下,未融资,CCL1392901780J40304869605,"1， 改装：每天上班收排产计划安排，根据排产计划合理安排机器的改装，将改装好的机器标注好客户名称，并放到待发区；   2， 入库：运输西门子到货工控机到仓库，并根据到货单价的西门子300号在ERP系统中，找到对应的采购订单并下推外购入库，扫描序列号进行入库   3， 发货：每天根据出货单进行相关货物的发货事宜；   4， 售后：处理客户的故障机器，根据故障情况发给西门子进行维修；反馈返修产品进度。   5， 领料：做好领料及返料的工作及记录；（CPU,内存，硬盘，系统等）   6， 没有紧急改装情况，每天17:00整理工作台。 职位福利：带薪年假、周末双休、不加班、创业公司  ",7月1日,"苏州金鼓智能科技有限是西门子FA公司授权经销商，致力于推广西门子在工业4.0和工业物联网的解决方案，并且提供西门子工业计算机，工业显示器及其他西门子相关工业产品，除了标准产品供客户多方选择外，也能配合客户的特殊需求提供客制化产品或是OEM的项目服务。应用领域从视觉检测，交通，医疗，工厂的自动化，满足市场各种需求。本公司以创新突破追求卓越，以客户满意度作为公司经营的宗旨；我们步步为营,循序渐进地积累经验，期待以最好的服务来获取客户的高度认可和信赖，与客户共创美好的未来。","https://www.zhaopin.com/jobdetail/CCL1392901780J40304869605.htm?refcode=4019&srccode=401901&preactionid=a7c1140f-c46c-45e5-b867-ab342d8bdc77"
3217,科研人员,天津-河西区,1.5-2万,中交天津港湾工程研究院有限公司,"建材,建材,建筑设计,工程施工",100-299人,未融资,CC260212310J40312505604,岗位职责: 1、负责科研开发及试验检测项目计划大纲、试验方案的制定与实施； 2、负责科研立项和课题开发，以及按照有效版本的技术标准、规范、规程进行试验检测工作； 3、负责相关项目的数据分析、报告编写以及项目完成后的技术档案归档； 4、负责领导交办的其他工作。 任职条件: 1、博士毕业生； 2、机械电子工程 、动力机械及工程、流体机械及工程、新能源科学与工程、海洋测绘、智能时空信息技术、新能源发电与电能存储 、环境岩土工程、自动化及机械、智慧建造专业。 3、爱岗敬业、工作严谨细致、踏实肯干，具备强烈的责任心、职业道德、较强的组织协调能力、抗压能力及团队合作精神。 职位福利： 五险一金、采暖补贴、绩效奖金、带薪年假、定期体检、节日福利、包吃、包住,2月18日,"中交天津港湾工程研究院有限公司（以下简称“港研院”,网址：www.tpei.com.cn）始建于1959年，现隶属于世界500强企业——中国交通建设集团有限公司，是紧密结合港口、海岸、海洋及其他土木工程实践，集科研、设计、施工于一体的综合性研究院。经过近60年的不断发展，港研院现已形成了以港口岩土工程、海工特种混凝土、结构混凝土无破损检测、海工钢结构防腐、水工模型试验及水动力数学模型、各类桩基的动静载试验、灌注桩及地下连续墙施工工艺、专用测试仪器和施工设备自动控制等有鲜明特色的技术体系。主持参加了多项水运工程建设标准规范的编制工作，提交各类试验、研究成果2000余项，为国内外港口、船坞、公路、桥梁、机场、电厂等工程建设做出了贡献，创造了巨大的技术经济和社会效益。港口岩土工程技术交通行业重点实验室、天津市港口岩土工程技术重点实验室、中交海岸工程水动力重点实验室、博士后科研工作站相继成功组建，2009年被认定为国家高新技术企业，2010年以港研院为主体的技术中心获评国家级企业技术中心。","https://www.zhaopin.com/jobdetail/CC260212310J40312505604.htm?refcode=4019&srccode=401901&preactionid=a7c1140f-c46c-45e5-b867-ab342d8bdc77"
3218,软件测试,上海-浦东新区,1.5-3万·14薪,外企德科数字技术有限公司,专业技术服务,10000人以上,,CCL1480117890J40678328105,岗位要求（初中高级别岗位都有）： 【工作职责】 1、负责解决方案测试需求分析，测试方案和测试用例设计和测试执行工作； 2、承担解决方案的场景功能测试、性能测试、可靠性测试，可服务性测试等测试活动； 【业务技能要求】： 1、熟悉软件测试流程和方法 2、具备良好的沟通协调能力和团队合作精神、良好的学习、动手以及解决问题的能力。 3、业务理解力强，对技术有激情，喜欢钻研，能快速接受和掌握新技术，有较强的独立、主动的学习能力。岗位包含：功能测试、性能测试、自动化测试、硬件测试、安全渗透等多个方向,2025-07-27 00:23:25,外企德科数字技术有限公司是一家2023年新成立的中外合资企业。成立于2023年11月24日，公司定位：专注于为信息技术企业提供人才及数字技术外包解决方案的中外合资企业。它是由中国人力资源服务行业的FESCO（北京国际人力资本集团）与全球人力资源服务领导者The Adecco Group（德科集团）合资成立的。公司主要提供网络技术服务、软件外包服务、计算机系统服务、技术进出口、软件开发等信息技术相关服务。专注于为信息技术企业提供信息技术类人才及数字技术外包解决方案。,"https://www.zhaopin.com/jobdetail/CCL1480117890J40678328105.htm?refcode=4019&srccode=401901&preactionid=a7c1140f-c46c-45e5-b867-ab342d8bdc77"
3219,科研人员,沈阳-铁西区,1-2万,湖南潇湘人力资源服务有限公司,"人力资源服务,培训/辅导服务,房地产中介,计算机硬件",300-499人,B轮,CC419440410J40707374016,博士硕士以及有留学经历的学士引进，需要博士硕士及有留学经历的学士人员参加，加入硕博高层次人才库，有愿意参加地方启*人才、领*人才、泰*人才 、火*人才、招才引智计划、海外优才计划等项目，都可以投递简历，可专职兼职灵活参加各各类**、企业、高校等项目，欢迎国内外博士硕士及有留学经历的学士人才投递简历（（学士报名必须有中留服认证，硕士博士可直接报名），可专兼职参加。 本公司有丰富的博士硕士人才库，有博士硕士项目也可洽谈沟通。,6月30日,湖南潇湘人力资源服务有限公司，系经工商行政管理局批准设立的，具有独立企业法人资格，并经人力资源和社会保障部批准备案，具有合法人力资源服务资质的，专业人力资源服务机构。公司积极响应国家号召，搭建供需平台，畅通就业渠道，充分发挥人力资源机构在促进就业中的积极作用，多渠道扩大就业。公司致力于打造成为立足湖南、覆盖全国的综合性专业人力资源服务供应商，依托于招聘会场和网络平台，为各企事业单位开展现场招聘、网络招聘、报纸招聘、代理招聘、招聘外包、劳务派遣、高级人才猎头和人力资源管理咨询等专业配套服务；为求职个人提供职业咨询、职业指导、职业介绍等就业服务。公司现场招聘平台--湖南招聘市场，于每周六、周日在贺龙体育场东门举办招聘会，欢迎各企事业单位和各类人才通过现场直面交流，我们将以专业、专注的精神，为您招才、择业，提供全面、优质的服务！招聘热线：400-000-7318、0731-83759001/02/03/04/05/06/07/08/09/10招聘会场：贺龙体育场正东门--湖南招聘市场(芙蓉中路、侯家塘北、摩天轮广场上台阶)乘车路线：1：乘105、115、150、159路至“侯家塘北”2：乘101、104、701、702、703、905路、长株潭201路至“侯家塘-芙蓉中路”3：乘旅2、2、4、8、104、123、137、140、145、160、202、314、402、601、803、804、906、908路至“侯家塘西”往芙蓉路至“侯家塘北”详情请访问： http://www.hnzpsc.com,"https://www.zhaopin.com/jobdetail/CC419440410J40707374016.htm?refcode=4019&srccode=401901&preactionid=a7c1140f-c46c-45e5-b867-ab342d8bdc77"
3220,Java,南京-雨花台区,1-2万,外企德科数字技术有限公司,专业技术服务,10000人以上,,CCL1480117890J40793533105,1、统招quan日制本科及以上学历；接受无经验 2、熟悉Java/C/C++/Python/GO等其中一种主流开发语言 3、有较强的学习能力、良好的团队协作能力、良好的沟通表达能力。  4、数据结构和算法基础扎实，愿意学习。   5、能够接受OD招聘模式。   部门亮点：   1、大平台，机会多。云计算，数字能源，数字存储，终端......赛道很多   2、岗位全，拼实力，设置前端、后端、开发、算法、AI、运维、安全等等岗位，你想要的，这里统统都有！,2025-07-27 00:25:59,外企德科数字技术有限公司是一家2023年新成立的中外合资企业。成立于2023年11月24日，公司定位：专注于为信息技术企业提供人才及数字技术外包解决方案的中外合资企业。它是由中国人力资源服务行业的FESCO（北京国际人力资本集团）与全球人力资源服务领导者The Adecco Group（德科集团）合资成立的。公司主要提供网络技术服务、软件外包服务、计算机系统服务、技术进出口、软件开发等信息技术相关服务。专注于为信息技术企业提供信息技术类人才及数字技术外包解决方案。,"https://www.zhaopin.com/jobdetail/CCL1480117890J40793533105.htm?refcode=4019&srccode=401901&preactionid=a7c1140f-c46c-45e5-b867-ab342d8bdc77"
3221,科研人员,南昌-新建区,7000-9000元,赣江中药创新中心,"科学技术推广,医药制造,学术/科研",100-299人,未融资,CCL1222865790J40682544101,"【岗位要求】 1.35周岁及以下, 已获得心血管药理或生物信息学等相关专业硕士学位； 2.熟练动物操作，细胞培养； 3.熟练掌握高分辨成像技术以及生物探针技术； 4.熟练生物信息学分析、分子克隆、大数据分析处理经验者优先； 5.具备良好的英文文献阅读和写作能力； 6.发表过高水平SCI论文。 【岗位职责】 1.在中心主任/组长指导下开展科研工作； 2.负责实验数据处理、分析和报告撰写； 3.协助组长申请相关专利。",12月24日,赣江中药创新中心为省属事业法人机构，主要承担本草物质科学研究设施的预研、建设、运行和管理，并开展相关领域的科学研究工作。中心于2019年4月注册成立，占地60亩，建筑面积4万平方米。现有15个专业研究组、1个工程管理部和4个职能部门，职工总数223人，其中博士及副高以上职称62人，10人入选江西省“双千计划”。中心目标是聚焦中药药效物质基础和安全性的关键科学问题，组织多学科交叉和多层次融合的研究团队，构建本草物质科学研究综合性技术平台，为中药研究和产业技术开发提供综合性平台支撑，推动中药关键科学问题、中药标准化、中药制造技术和中药大数据的科学研究和技术应用，实现中药重大基础科学突破和关键核心技术的发展，推动我国中药大健康产业发展。,"https://www.zhaopin.com/jobdetail/CCL1222865790J40682544101.htm?refcode=4019&srccode=401901&preactionid=a7c1140f-c46c-45e5-b867-ab342d8bdc77"
3222,实施工程师,苏州-吴江区,9000-12000元,北京程玺科技有限公司,计算机软件,20-99人,,CCL1504458730J40760143710,岗位内容： 1. 协助销售部门制定技术方案，负责公司产品的实施安装、调试及优化。 2. 为客户提供技术支持和培训，解决客户问题并提供相应建议。 3. 与团队成员紧密合作，协作推进项目进展，达到项目目标。 任职要求： 1. 具备相关专业学历，具备技术方案制定和实施经验者优先。 2. 熟悉网络设备的安装及调试知识，具备TCP/IP协议相关知识。 3. 具备一定的团队协作能力和沟通能力，能有效跟进项目进展。 4. 主动积极的工作态度，具备较好的学习能力和解决问题的能力。,6月24日,,"https://www.zhaopin.com/jobdetail/CCL1504458730J40760143710.htm?refcode=4019&srccode=401901&preactionid=a7c1140f-c46c-45e5-b867-ab342d8bdc77"
3223,前端开发,上海-浦东新区,面议,上期技术,"计算机软件,证券/期货,计算机硬件,IT服务",500-999人,未融资,CC120379690J40756662711,岗位职责:,7月17日,"上海期货信息技术有限公司(Shanghai Futures Information Technology Co., Ltd.)(以下简称“上期技术”)成立于2004年4月，为上海期货交易所全资子公司，注册于上海市张江高科技园区。公司致力于为资本市场核心机构、会员提供系统软件的开发及相关的技术支持、运营维护、产品销售等业务，以成为亚太时区领先并具有国际影响力的金融交易软件开发商与技术服务商为目标，为客户提供优质完善全方位的服务。公司本着“精益求精”的理念，重视产品和服务质量，有着成熟的研发体系和完善的质量保证机制，成立以来陆续通过了CMMI4体系、ISO20000IT服务管理体系、ISO27001信息安全管理体系等认证，多项产品拥有自主知识产权并荣获国家级、市级奖项，在行业中享有盛誉。同时，公司努力为全体员工提供良好的工作环境，打造适合员工发展的职业平台和晋升通道，营造员工与企业共同成长发展的企业文化。公司网站：WWW.SFIT.COM.CN招聘信箱：HR@sfit.shfe.com.cn","https://www.zhaopin.com/jobdetail/CC120379690J40756662711.htm?refcode=4019&srccode=401901&preactionid=a7c1140f-c46c-45e5-b867-ab342d8bdc77"
3224,测试工程师,徐州-鼓楼区,8000-12000元,徐州徐工施维英机械有限公司,"电气机械/电力设备,专用设备制造,工程施工,专业技术服务",1000-9999人,不需要融资,CC567779020J40819045703,【岗位职责】 1.负责产品整机、零部件的测试工况分析；  2.负责测试工作准备和实施；  3.负责测试数据整理和分析；  4.负责测试结果对整机、零部件进行性能评估。  【岗位要求】,7月29日,徐州徐工施维英机械有限公司（简称“徐工施维英”）是徐工集团（世界500强国有企业）旗下、全面致力于混凝土机械领域可持续发展的专业企业。是徐工集团与德国施维英公司战略合作后成立的合资公司，位于享有“中国工程机械之都”之称的徐州，同时在上海设有子公司——上海施维英公司。作为国内较早拥有混凝土机械成套化产品的企业之一，目前公司业务板块涵盖混凝土机械领域的成套解决方案，其中商混机械成套解决方案包括商混机械、湿喷机械及砂浆机械；工业泵及工业系统成套解决方案包括固体废弃物处理机械、浆体处理机械等。同时，我们还提供金融服务平台、产品租赁平台信息化管理平台、培训资源以及完备的服务保障体系，全力满足客户多元化需求。,"https://www.zhaopin.com/jobdetail/CC567779020J40819045703.htm?refcode=4019&srccode=401901&preactionid=a7c1140f-c46c-45e5-b867-ab342d8bdc77"
3225,C/C++,深圳-龙岗区,面议,中软国际,"计算机软件,运营商/增值服务",10000人以上,已上市,CC508620120J40785899912,"岗位职责： ""1. 负责EDA辅助设计工具的软件设计、开发及测试验证 2. 输出详细设计文档、自测用例 任职要求： ""1. 精通Cadence/Siemens/PADS/AD等EDA设计软件 2. 熟悉软件开发流程和硬件全流程设计 3. 3年以上C++、QT开发经验""",6月19日,中软国际是行业领先的全球化软件与信息技术服务企业，成立于2000年，为香港主板上市公司（股票代码：00354.HK），拥有中国分支40+、海外分支14个，拥有员工超过9万人，服务覆盖超过40个国家。中软国际应用开发与管理专业沉淀深厚，企业数字化转型的最佳实践和专家人才充沛。公司与华为等战略伙伴一起，构建软件产业互联网平台，领先技术变革，提升产业效率，致力于使能软件企业引领发展，服务制造企业转型升级，为政企客户提供“好、快、多、省”的信息技术服务。中软国际四大业务蓬勃发展：夯实基石业务作为第一增长曲线的地位，确定云智能业务为第二增长曲线，发展鸿蒙生态、解放号为第三增长曲线，推动解放号作为软件产业互联网平台全面升级。公司在云计算、大数据、人工智能、物联网、移动互联网等方面具有丰富的咨询、设计、实施和服务经验，是全球客户数字化转型的共创伙伴。公司长期服务于多家全球500强企业等头部客户和众多高成长潜力客户，覆盖金融、电信、互联网、高科技、政府、制造与流通、交通、能源、教育等行业。公司已连续四年创造超百亿人民币营收，并立志在未来成为全球最优秀IT服务商之一。,"https://www.zhaopin.com/jobdetail/CC508620120J40785899912.htm?refcode=4019&srccode=401901&preactionid=a7c1140f-c46c-45e5-b867-ab342d8bdc77"
3226,测试工程师,厦门-集美区,7000-10000元·15薪,厦门星纵物联科技有限公司,"IT服务,人工智能,物联网,计算机硬件",500-999人,不需要融资,CCL1235720690J40402882408,岗位职责:,2月6日,厦门星纵物联科技有限公司（以下简称“星纵”）是专业的数字感知产品提供商，专注于智能物联网设备的研发、生产与销售。星纵品牌（Milesight）诞生于2011年，以“让每一次感知，都拥有驱动世界的力量”为品牌使命，运用前沿的物联网与人工智能技术，为客户提供高效、节能、可靠的智能物联网产品，助力数字化建设，实现万物互联。作为全球化的高新技术企业，星纵与超过2000家全球渠道伙伴建立了合作关系，业务遍及120多个国家和地区，产品已广泛应用于智慧园区、智慧楼宇、智慧办公、智慧教育、智慧农业等多个领域。星纵始终坚持自主研发与技术创新，立足市场与客户需求，持续赋能AIoT产业的发展与创新。,"https://www.zhaopin.com/jobdetail/CCL1235720690J40402882408.htm?refcode=4019&srccode=401901&preactionid=a7c1140f-c46c-45e5-b867-ab342d8bdc77"
3227,科研人员,合肥-蜀山区,7000-13000元,中国科学技术大学先进技术研究院,"学术/科研,学术/科研",100-299人,不需要融资,CC571920220J40689566716,岗位职责： 1、负责研究中心日常办公事务；  2、跟踪、协调与合作单位的业务关系。  ,7月10日,中国科学技术大学先进技术研究院（以下简称先研院）是安徽省、中科院、合肥市、中国科大四方按照“省院合作、市校共建”的原则建设的区域产业技术创新研究院，位于高新区创新大道与望江西路交口西南角区域。2012年7月开工建设，2016年投入使用，占地550多亩，总建筑面积约33.5万平方米。2018年9月，先研院列入安徽省法定机构建设试点单位；2020年6月，先研院法定机构建设试点实施方案获省政府批准。2016年4月26日，中共中央总书记、国家主席、中央军委主席习近平考察先研院，并就创新发展发表重要讲话。近年来，先研院牢记总书记嘱托，以建设世界一流产业技术创新研究院为目标，面向国家重大需求，依托中国科大前沿科研成果，全力构建“立足合肥、覆盖安徽、服务长三角、辐射全国”的专业化技术转移转化体系，建设与区域产业发展、产业人才培养接轨的新型研发机构，努力打造科技成果中试和工程化研发基地、成果转化孵化基地、应用型科技创新人才培养基地。截至2021年底，先研院累计建立应用工程技术中心19个，与知名企业合作共建联合实验室67个；累计获得国内外各类奖项18项，参与制定行业标准10余项，申请各类专利393件，2018、2019、2020、2021连续4年进入安徽省发明专利百强榜；累计孵化科技创新企业281家，其中国家高新技术企业78家；2020年首次成为中国科大校内招生单位，累计招收专业学位研究生563人；累计引进各类人才近740人，其中国家杰青等高端创新人才80名。先研院正认真贯彻习近平总书记视察中国科大及先研院重要指示精神，落实法定机构建设试点要求，努力构建产业链、创新链、资本链、人才链“多链协同”的创新生态系统，加速科技成果转化，加快建成具有国际影响的高层次人才聚集中心、高科技产业孵化基地和成果研发基地、转化基地，引领“科大硅谷”建设，助力安徽高质量发展。,"https://www.zhaopin.com/jobdetail/CC571920220J40689566716.htm?refcode=4019&srccode=401901&preactionid=a7c1140f-c46c-45e5-b867-ab342d8bdc77"
3228,软件测试,郑州-金水区,4000-6000元,河南赛宜物联网有限公司,互联网,20-99人,,CCL1486449000J40744596501,岗位描述： 1、大专及以上学历，计算机、软件、通信、电子等理工科专业优先，可接受应届； 2、对软件测试有强烈兴趣，有良好的学习能力和强烈的进取心； 3、根据项目需求和计划能够设计和编写测试用例，制定测试流程、规范； 4、热爱IT行业，能长期稳定发展，可接受无经验者或应届生 福利待遇： 1.公司有完善的考核机制、晋升机制、加薪机制； 2.实习期满后考核通过可转为正式员工； 3.8小时工作制、周末双休、法定节假日正常休息。,6月12日,,"https://www.zhaopin.com/jobdetail/CCL1486449000J40744596501.htm?refcode=4019&srccode=401901&preactionid=a7c1140f-c46c-45e5-b867-ab342d8bdc77"
3229,科研人员,无锡-滨湖区,1-2万,江苏尚博信息科技有限公司,"计算机软件,IT服务",100-299人,未融资,CC218661510J40795404405,一、招收条件  1、责任心强，身体健康；  2、研究方向：模式识别与图像处理、电子电路设计、机械设计及相关专业；  3、已经获得博士学位或即将获得博士学位；  4、具有独立开展科研能力，对学术有追求和钻研精神；  5、具备全职/兼职从事博士后研究工作的条件。  二、福利待遇  1、博士后研究人员在站工作期间，工资标准按照国家和公司专职技术岗位标准执行，各项社会保险按照国家和公司有关规定执行。  2、我站将根据科研项目性质，为进站博士后研究人员提供必要的科研经费和研究条件。  3、出站后愿意留公司发展，公司将提供相应技术研发岗位。,7月25日,江苏尚博信息科技有限公司是专业从事金融领域软件开发、系统集成以及图像采集等设备生产、销售、服务于一体的软件企业、高新技术企业。公司重点致力于智能图像处理、模式识别与智能化、OCR光学字符自动识别、票据二维码编码识别等技术的攻关创新。公司为金融银行业服务多年，针对商业银行的实际应用需求，自主开发了银行对公通兑印鉴网络系统、全国（同城）支票影像交换系统、银行（同城）提回票据集中处理系统、二维码管理系统、银企对账单系统、会计考试系统等一系列软件产品。大大提高了银行在票据影像处理、支付结算、业务风险控制、内部考核管理等方面的工作效率，保障金融服务的安全。公司凝聚着一批优秀的模式识别、图像处理学和计算机软件、大型数据库应用等领域的专业人才，其中博士6名，研发和技术人员占职工总人数的70%以上。公司辖内建有：(1)博士后科研工作站；(2)南京理工大学机器智能无锡研发中心；(3)省级、市级模式识别与智能化工程技术研究中心。公司与南京理工大学产学研合作，在人才培养、人才梯队建设、技术的保障等方面，为公司的发展发挥着很大的作用。尤其在电子验印系统的应用上，南京理工大学作为电子验印系统的发源地，系统的识别算法一直在国内保持着先进性、稳定性。目前公司正以崭新的创新服务理念，通过不断努力与奋进，实现专业化、规模化发展目标，更好地为广大行业客户服务，推动中国金融等领域的电子化发展！,"https://www.zhaopin.com/jobdetail/CC218661510J40795404405.htm?refcode=4019&srccode=401901&preactionid=a7c1140f-c46c-45e5-b867-ab342d8bdc77"
3230,技术支持工程师,北京-海淀区,8000-10000元,北京飞斯科科技有限公司,"仪器仪表制造,仪器仪表制造,学术/科研",20-99人,未融资,CC169462210J40685626006,岗位职责 协助技术部门研发、组装、调试设备； 任职要求 1.物理、低温、材料、真空、机械等相关专业，本科学历； 2.英文读写流利，有一定口语基础； 3.具有亲和力，出色的沟通和表达能力以及独立工作的能力； 4.具有积极进取的精神； 5.对仪器的应用、研发感兴趣； 6.有大型仪器设备的使用、维护经验者优先。 企业福利 1.有竞争力的薪酬、年终奖； 2.完善的福利津贴、五险一金； 3.完善的培训机制及晋升空间，新员工有专人负责传帮带； 4.提供午餐补助、出差补助、节日福利等；,6月20日,北京飞斯科科技有限公司成立于2007年，是一家专注于科学仪器研发、生产、销售和技术咨询的企业。公司的全系列产品包括低温/超低温、强磁场设备、红外和太赫兹产品、高压/超高压设备和组件、温度显示/控制和温度传感器、弱信号检测和放大以及综合物性测试系统等。公司致力于为国内外高校和研究所的科研工作者提供先进的解决方案和专业的服务支持。北京飞斯科科技有限公司拥有一支专业的研发队伍，凭借着优秀的技术创新能力和出色的质量管理能力，荣获了中关村高新技术企业、国家高新技术企业、北京市“专精特新”中小企业、北京市级企业科技研究开发机构、科技型中小企业等称号，通过了ISO9001质量管理体系、五星售后服务体系等认证，同时入选2021北京瞪羚企业榜。公司提供开放、平等的工作环境，鼓励员工在工作中不断提升自我、实现价值，秉承追求卓越、不断创新的科学精神，打造一流科学设备。,"https://www.zhaopin.com/jobdetail/CC169462210J40685626006.htm?refcode=4019&srccode=401901&preactionid=a7c1140f-c46c-45e5-b867-ab342d8bdc77"
3231,测试工程师,拉萨-城关区,1-1.2万·13薪,青岛瑞晟元人力资源有限公司,人力资源服务,20人以下,不需要融资,CCL1431271280J40777135607,,2025年07月28日,,"https://www.zhaopin.com/jobdetail/CCL1431271280J40777135607.htm?refcode=4019&srccode=401901&preactionid=a7c1140f-c46c-45e5-b867-ab342d8bdc77"
3232,软件测试,韶关-浈江区,5000-7000元,天阳科技,"计算机软件,计算机软件",1000-9999人,已上市,CC120408370J40822506608,1.全国项目驻场测试，主要负责功能、数据或接口等相关测试工作； 2.统招本科学历及以上（学信网可查）；毕业满2年；计算机专业优先； 3.热爱软件测试行业、有强力的自驱力，能够在测试岗位深入学习研究； 4.有无经验均可，服从公司安排，接受公司培养，可接受异地工作优先； 福利待遇： 上市公司、公司可提供住宿、定期体检、带薪年假； 欢迎符合要求的小伙伴们投递~,7月25日,天阳科技(股票代码：300872)，是全球金融创新服务的重要贡献者，持续赋能中国金融行业数字化转型，为客户提供咨询、金融科技产品、金融IT服务、云计算及运营服务。公司成立于2003年，服务超过300家金融行业客户，覆盖中央银行、政策性银行、国有银行、股份制银行、地方性商业银行、非银行金融机构等，员工人数近7000人，成为激活金融领域创新活力、推动金融科技迈入世界领先水平的重要力量。作为金融行业客户可信赖的合作伙伴，天阳科技凭借丰富的行业经验和端到端的专业服务，在信创、数字化金融、信贷、交易银行、信用卡、零售、营销、风险管理、征信监管等众多领域具备核心竞争力。据赛迪和IDC报告显示，近年来公司在中国银行业IT解决方案市场排名强势崛起，2019年收入及市场占有率综合排名分别位列第四位和第五位，并保持高速增长。同时，前瞻商业和科技趋势，入选2021年度未来银行科技服务商TOP100。天阳科技始终聚焦金融科技领域，加大自主创新力度，在超过100个城市建立本地化、专业化的研发和服务团队，拥有CMMI5级认证、软件测试成熟度模型集成（TMMi）3级认证、ISO9001质量管理体系认证、ISO20000信息技术服务管理体系认证、IS027001信息安全管理体系认证。通过部署人工智能、云计算、大数据、移动互联网、分布式计算和区块链等先进金融科技，公司致力于构建安全可控、普惠民生、开放共赢格局，在关键技术领域服务现代化金融发展大局，更好地为各利益相关方创造更大价值，为大中企业、小微企业以及每个个体提供优质金融服务。,"https://www.zhaopin.com/jobdetail/CC120408370J40822506608.htm?refcode=4019&srccode=401901&preactionid=a7c1140f-c46c-45e5-b867-ab342d8bdc77"
3233,软件测试,北京-海淀区,1-1.5万,京北方,IT服务,10000人以上,,CC315847110J40216950407,【稻香湖】功能测试，性能测试   ,6月23日,京北方信息技术股份有限公司[股票代码：002987]（以下简称：京北方）致力于为国内外金融机构客户提供信息技术服务（ITO）及业务流程外包服务（BPO），并立志成为国内顶级的金融IT综合服务提供商。京北方总部位于北京，在广东、山东、江苏、安徽、黑龙江设有多个全资子公司，在超过20个中心城市设有分支机构及办事处，业务及服务中心遍布全国所有省、自治区、直辖市。公司顺应金融行业变革和客户需求，坚持创新驱动发展，先后被认定为国家高新技术企业、中关村高新技术企业，并获得跨地区增值电信业务许可证，同时设有北京市企业技术中心、企业博士后工作站。京北方遵循严格的质量标准，执行严密的安全措施，拥有成熟可靠的管理和开发流程，顺利通过CMMI5评估、ISO9001质量管理体系认证、ISO27001信息安全管理体系认证、ISO20000>;IT服务管理体系认证、ISO22301业务连续性管理体系认证、ISO14001环境管理体系认证、OHSAS18001职业健康安全管理体系认证。同时，掌握多项金融IT行业核心技术，拥有自主知识产权的国家专利20项，软件著作权90余项，具备高可靠的全时全国服务交付能力、IT信息风险管控能力及信息技术连续性服务管理能力。如今，京北方充分利用互联网、云计算、大数据、人工智能等新兴技术，凭借深厚的行业背景、国内领先的技术实力及创新的思维，针对银行、保险、证券、信托、基金、租赁、资产管理、理财管理等金融行业客户，打造出覆盖客户渠道、业务处理、管理决策等领域解决方案，囊括营运管理、风险管理、合规管理、信贷管理、资产管理、同业管理、现金管理、交易银行、中间业务、统一客服、电商平台等关键业务领域。基于公司成熟的服务体系及专业的技术团队，满足客户对业务咨询、软件开发、软件测试、应用系统运维、基础架构运维、桌面运维在内的多层次服务需求。京北方实时洞察行业变革，技术驱动客户创新，帮助客户完成产品创新、渠道创新，协助客户实现收入和利润结构优化，驱动客户从优秀到卓越。跟踪前沿科技，致力行业创新。凭借持续的行业经验和强大的本地化服务能力，在金融业务流程外包领域，京北方拥有涵盖数据处理类、业务处理类、业务营销类等一系列服务产品，在潍坊、大庆、无锡、合肥拥有独立的大型外包基地，为客户提供驻场式、基地式、租赁式等多种连续性外包服务。京北方现为中国规模最大、人数最多、资质最全、客户最广泛的国内金融BPO服务公司之一。面向未来，京北方将持续秉承“客户满意、员工支持、股东默契、价值链协同、社会认可”的企业核心价值观，坚守“合法、合规、合理”的经营准则，通过专业化的产品和服务，释放科技创新的力量，把信息技术转化为客户价值，助力客户尽享科技变革带来的卓越运营。,"https://www.zhaopin.com/jobdetail/CC315847110J40216950407.htm?refcode=4019&srccode=401901&preactionid=a7c1140f-c46c-45e5-b867-ab342d8bdc77"
3234,科研人员,沈阳-None,5000-10000元,中国机械总院集团沈阳铸造研究所有限公司,"金属制品业,电气机械/电力设备,学术/科研,检测/认证",500-999人,未融资,CC131908500J40873565504,岗位职责： 1.负责全国重点实验室实体化运行体系建设及日常管理等； 2.负责全国重点实验室各类科技成果、科研资产等归集、整理； 3.负责全国重点实验室各类科技报告收集与编写； 4.负责全国重点实验室实验楼装修改造等协调管理。 应聘条件： 1.硕士以上学历；铸造、材料相关专业； 2.35周岁以下，应届毕业生或具有3年以上相关工作经验； 3.综合素质高，具有较强的专业能力； 4.熟练应用办公软件，研发及技术岗位要求熟练应用画图、实体设计软件； 5.身体健康、爱岗敬业、吃苦耐劳； 6.特别优秀的，可以适当放宽应聘条件。 职位福利：五险一金、绩效奖金、采暖补贴、餐补、补充医疗保险、定期体检、年金、学术交流  ,6月5日,沈阳铸造研究所有限公司成立于1957年2月25日，为中央直属大型科技企业，隶属国务院国资委管辖下的中国机械科学研究总院集团有限公司，是我国国家级铸造技术专业研究所，国家硕士研究生定点招收单位，获批设立博士后科研工作站、辽宁省博士后创新实践基地，在我国机械工业中具有重要地位。高端装备轻合金铸造技术国家重点实验室，中国机械工程学会铸造分会，全国铸造标准化技术委员会，铸造行业生产力促进中心，世界铸造组织（WFO）造型材料委员会、压铸委员会、非铁合金委员会、铁基材料委员会，机械工业造型材料重要铸件产品质量监督检测中心均设在本公司。本公司主要从事铸造业用新材料、新工艺、新技术及相应设备的研究、开发、技术推广和产品生产。多年来，利用自主开发的先进铸造工艺技术先后为我国“神舟”、“天宫”、“三峡”、“嫦娥”等国家航空航天装备的配套、军工新型武器系统的开发、国内外大型电站等重点工程建设提供了大量的优质铸件和产品，有完善的质量体系和科研生产资格。,"https://www.zhaopin.com/jobdetail/CC131908500J40873565504.htm?refcode=4019&srccode=401901&preactionid=a7c1140f-c46c-45e5-b867-ab342d8bdc77"
3235,C/C++,南京-雨花台区,1.5-3万·16薪,外企德科数字技术有限公司,专业技术服务,10000人以上,,CCL1480117890J40791931105,岗位职责： 1、负责业务体验产品相关产品研发，完成多个模块/组件的软件设计（含增量方式）、代码编写、单元测试、集成测试、静态检查、本地构成等工作，确保所负责模块可信、及时、高质量交付； 2、负责设计实施高可用部署架构，实现弹性扩缩容，秒级故障自动切换，限流降级等核心功能，保障大规模集群的高效稳定运行；  经验要求： 1、有开发经验，C/C++、Java、Scala、Python、JS等开发语言一种或多种； 2、熟悉分布式系统的设计和应用，熟悉高并发、高负载、高可用性系统的设计开发及调优，熟悉分布式缓存、消息、数据库等机制； 3、具有一定的技术架构思维，确保设计的技术方案、开发的代码有较高性能、质量保障、扩展性，前瞻性； 4、参与系统以提升效率为目的的整体的优化、改进，出现问题时能够通过较强的技术手段较好的解决问题。,2025-07-27 00:25:53,外企德科数字技术有限公司是一家2023年新成立的中外合资企业。成立于2023年11月24日，公司定位：专注于为信息技术企业提供人才及数字技术外包解决方案的中外合资企业。它是由中国人力资源服务行业的FESCO（北京国际人力资本集团）与全球人力资源服务领导者The Adecco Group（德科集团）合资成立的。公司主要提供网络技术服务、软件外包服务、计算机系统服务、技术进出口、软件开发等信息技术相关服务。专注于为信息技术企业提供信息技术类人才及数字技术外包解决方案。,"https://www.zhaopin.com/jobdetail/CCL1480117890J40791931105.htm?refcode=4019&srccode=401901&preactionid=a7c1140f-c46c-45e5-b867-ab342d8bdc77"
3236,科研人员,深圳-南山区,2.3-3.5万·13薪,中国科学院深圳先进技术研究院,"学术/科研,学术/科研",1000-9999人,未融资,CC227408420J40696777916,中心简介：,7月16日,"中国科学院深圳先进技术研究院由中国科学院、深圳市政府、香港中文大学2006年在深圳共同组建，已经逐渐成为集教育、科研、产业、资本四位一体的新型科研机构。先进院拥有一支结构合理，创新能力卓越的研发队伍，拥有一支由研究生、博士后、访问学者组成的高水平流动人员队伍，现有员工1800多人，50%具有博士学历；超过600人具有海外留学背景，PI（教授、副教授）百分之九十从国外引进回国。拥有一套先进、高效的管理体制和合理完善的科技成果转移、转化的科技成果被企业广泛接受与应用，培养的专门人才得到社会广泛认同与欢迎，成为人才一流、科研一流、管理一流的国家研究机构。--------------------- Shenzhen Institutes of Advanced Technology(SIAT)-Chinese Academy of Sciences was jointly established by Chinese Academy of Sciences(CAS), The Chinese University of Hong Kong(CUHK), and the Shenzhen Municipal Government in 2006. Over the past 13 years, SIAT has earned an outstanding reputation for translating findings from basic research into industrial application under the efforts of the interdisciplinary teams of scientists and engineers. The wide-ranging expertise drawing from technical, engineering or science professions has now positioned SIAT at the interface between biology technologies(BT) and information technologies(IT) for the 21st century innovation.","https://www.zhaopin.com/jobdetail/CC227408420J40696777916.htm?refcode=4019&srccode=401901&preactionid=a7c1140f-c46c-45e5-b867-ab342d8bdc77"
3237,硬件测试,深圳-南山区,6000-11000元,深圳市宇盛鑫源科技有限公司,计算机硬件,20-99人,,CCL1496977350J40757359301,产品测试 1.编写产品测试用例； 2.进行内场产品/样机的软硬件测试； 3.科研新产品及环境试验测试； 4.产品入围或招投标测试工作； 5.外场研发测试工作； 6.器件认证测试工作； 7.编写产品测试报告； 8.发布生产或升级软件。 技术支持 1.售后技术支持工作； 2.生产相关技术支持工作； 3.中心其他所部相关技术支持工作； 4.公司其他部门的技术支持工作。,7月25日,,"https://www.zhaopin.com/jobdetail/CCL1496977350J40757359301.htm?refcode=4019&srccode=401901&preactionid=a7c1140f-c46c-45e5-b867-ab342d8bdc77"
3238,测试工程师,珠海-香洲区,8000-9000元·16薪,珠海市杰理科技股份有限公司,电子/半导体/集成电路,500-999人,,CC386384710J40198105616,学历要求：大专/本科,11月29日,珠海市杰理科技有限公司，成立于2010年8月30日。公司专注于集成电路设计，主要从事工业控制、健康检测及消费电子等领域的通用微控制器芯片（MCU）和专用芯片的研发。杰理科技拥有经验丰富的设计团队。其中芯片设计团队的设计经验平均为：10年/人，曾成功地设计出用于视频、音频、小型家电、小型家用保健品、无线通讯等消费电子市场的 8/16/32 bit的芯片，广受消费者欢迎。应用方案设计团队的设计经验平均为：8年/人。曾成功地设计了灵通无绳、2.4GHz无线鼠标等无线基带解决方案，成功地设计了无线耳机、无线音箱、车载音箱、车载音频播放器、数码相框等音视频解决方案，以及网络电话、指纹键盘等计算机周边解决方案。2011年，公司成功研发了AC209N和AC309N系列芯片和配套软件（片载软件及应用软件），可广泛应用于家电、血压计和播放器等产品。AC209N和AC309N芯片，在同期同类芯片中，有9项功能是独创的。其卓越的功能和稳定可靠的性能得到越来越多客户的肯定和喜爱。2012年，公司成功研发了AC329N和AC339N系列芯片和配套软件（片载软件及应用软件），比前一代产品性能更加卓越。2013年，公司成功研发了AC410N系列，广泛应用于蓝牙音频产品、语音识别玩具、语音控制消费品。同时推出AC810N系列，主要用于变频马达、变频家电产品。2014年，公司成功研发了AC510N系统芯片，广泛应用于WIFI音频产品，WIFI视频产品，WIFI家电产品及物联网应用产品。杰理科技设计的芯片与同类产品相比，更贴近客户需求，外围电路设计更加简单，有效地降低了整体成本。目前，公司正在设计通用微控制器芯片（MCU），可广泛应用于：消费、工控等领域。,"https://www.zhaopin.com/jobdetail/CC386384710J40198105616.htm?refcode=4019&srccode=401901&preactionid=a7c1140f-c46c-45e5-b867-ab342d8bdc77"
3239,技术支持工程师,临沂-河东区,6000-9000元,山东临工,电气机械/电力设备,1000-9999人,,CC120773980J40770859005,负责操作保养手册；维修手册；装箱清单；保养明细，辅助材料；专用拆装、检测工具；维修保养性审核，XR项目支持；差异化机具宣传图册；LDP机具及轮胎展示信息维护；服务公告等技术辅助、支持类工作,4月28日,山东临工工程机械有限公司，始建于1972年，现有员工3300余人，总资产60亿元，产品线覆盖轮式装载机、履带式液压挖掘机、路面机械（压路机、平地机、摊铺机）、小型工程机械（滑移装载机、挖掘装载机等）等四大系列，100多个品种。是全球四大装载机制造商之一，世界工程机械50强，中国机械工业100强，2011年度销售收入120亿元，国内外市场占有率、综合经济效益均居行业前列。山东临工秉承“可靠承载重托”的核心理念，力求通过不断创新，提供最为可靠的产品和服务，使客户持续获得最大价值的回报。公司建立了国家级技术中心和博士后工作站，承担了国家863项目及省级以上多项科研课题，取得了50余项国家专利。公司与国内重点院校、科研院所保持了良好的合作关系，建立了开放高效的技术合作与技术创新体系。山东临工拥有先进的生产设施和完善的管理体系，通过了ISO9001质量管理体系认证、获得了出口产品质量许可证和进出口企业资格证。优质的产品，优质的服务，使山东临工的产品销往全国各地，并出口几十个国家和地区。“创国际化临工，建可信赖品牌”，山东临工将始终坚持以工程机械为核心的多元化产品战略，持续改进，不断丰富产品线，提升产品质量和品牌美誉度，建设国内一流、世界知名的工程机械基地。,"https://www.zhaopin.com/jobdetail/CC120773980J40770859005.htm?refcode=4019&srccode=401901&preactionid=a7c1140f-c46c-45e5-b867-ab342d8bdc77"
3240,技术支持工程师,济南-历下区,3000-5000元,济南慧天云海信息技术有限公司,"网络/信息安全,IT服务,计算机硬件,互联网",100-299人,A轮,CC577450820J40690529010,岗位职责： 1、负责公司产品的实施、安装、调试、部署； 2、负责产品的客户现场技术培训； 3、负责解决方案等技术文档的编写。 任职要求： 1、2025届毕业生，本科及以上学历，计算机科学与技术、网络工程等相关专业，具备扎实的网络基础； 2、熟悉Windows、Linux操作系统，熟悉数据库的配置使用，熟悉国内外主流厂商的路由器、交换机、防火墙等网络产品及技术优先； 3、具有较强的服务意识、分析解决问题能力、沟通协调能力、团队合作意识； 4、性格活泼外向，工作积极主动，具有一定的抗压能力，能适应不定期出差。,5月26日,慧天云海是一家以“构建安全互联，守护数字中国”为使命，提供网络边界安全、数据安全交换、数据安全治理与监管等产品与解决方案的网络安全高科技公司。公司积极响应国家网络空间安全发展战略，深耕边界安全、大数据、密码应用等技术，成功打造了网络隔离与信息交换、大数据安全应用、密码应用和电子文档安全管理四大类产品，向全国上千家客户提供了可靠的网络安全解决方案，用户涵盖政府、国土、司法、医疗、教育、能源、化工等行业，为国家信息安全建设保驾护航。公司以数据安全作为主要业务方向，现成长为国家高新技术企业、山东省瞪羚企业、双软认证企业、网络安全应急服务支撑单位，并通过 ISO9001质量管理体系认证，核心技术与产品已通过国家权威机构的检测与认证。,"https://www.zhaopin.com/jobdetail/CC577450820J40690529010.htm?refcode=4019&srccode=401901&preactionid=a7c1140f-c46c-45e5-b867-ab342d8bdc77"
3241,前端开发,衡水-枣强县,4000-5000元,恒润集团有限公司,"化学纤维制造业,学术/科研,工业自动化,化学纤维制造业",300-499人,未融资,CC558188820J40623513012,本科以上学历，软件工程、信息技术与计算科学、数学等相关专业毕业。HTML、JavaScript、css、Ajax。前端知识会一些。有钉钉宜搭低代码开发工作经验者优先考虑。,7月23日,恒润集团成立于2001年，注册资金2亿元，总资产20亿元。集团总部位于枣强县复合材料科技园区内，毗邻京九铁路、大广高速。恒润集团下辖10家全资及控股子公司，设有5个产业化基地，集团涉及产业有复合材料制造、混凝土制品制造、现代农业开发、自来水建设运营、新农村建设等，是衡水市“十三五”期间重点支持建设的30家骨干企业之一。恒润集团始终坚持走产学研用一体化发展道路，依托高等院校、科研院所先后发起成立了河北省复合材料产业技术研究院、河北省多基复合材料工程技术研究中心、博士后工作站、院士工作站。承担了南水北调、黄水东调等多项重大、重点水利工程和众多市政管网配套工程，是目前国内复合材料管道综合生产能力最大的制造供应商之一。一、企业优势 1、位置便利。恒润集团有限公司成立于2001年，资产规模20余亿元，位于享有“复材之乡”之称的衡水枣强县，集团总部位于枣强经开区内，毗邻京九铁路、大广高速。 2、产品多样。集团主要从事玻璃钢管、复合材料管、混凝土管、雷达天线等产品及配套技术设备的生产研究与开发，产业涉及工业制造、军民融合、乡村振兴三个领域，是集设计、生产、研发、投资于一体的综合型企业。 3、技术先进。集团开展的项目列入国家自然科学基金计划项目2项；列入国家重点新产品计划2项；列入国家创新基金计划2项；列入国家产业振兴计划2项；列入河北省重大科技支撑计划1项；列入国家863计划1项；申请国家专利34项。 4、实力超群。集团系中国复合材料学会、中国复合材料工业协会理事单位；河北省复合材料协会、枣强复合材料协会会长单位；承担了国家863计划、国家重点新产品计划、国家创新基金计划、国家产业振兴计划等课题项目，研究成果填补了国际空白，“恒润”牌管道也被评为中国名牌产品。 5、待遇优厚。集团提供食堂与宿舍，宿舍内家具家电一应俱全；为员工缴纳五险、补充医疗保险、意外险；员工可从公司免费领取手机号并享有话费补贴；公司配有心理咨询室、法律援助室、职工书屋、书画创作室、棋牌室、健身房等功能室；不定期举办文化团建或参加展会、学术交流会。 6、平台广阔。枣强是国家复合材料产业化基地，河北省107个省级产业集群之一，有600多家企业，基于国家大力投入基础设施和枣强复合材料产业集群转行升级需要，由复材材料产业技术研究院组建服务于产业集群、产业技术研究院及恒润集团的专业技术团队，为公司寻将才，为人才找舞台，共创双赢未来。,"https://www.zhaopin.com/jobdetail/CC558188820J40623513012.htm?refcode=4019&srccode=401901&preactionid=a7c1140f-c46c-45e5-b867-ab342d8bdc77"
3242,技术支持工程师,昭通-盐津县,9000-18000元,青岛安然物联网科技有限公司,"物联网,物联网",20-99人,未融资,CC559764920J40823804504,需要弱电技术、自动化、安防系统、工业互联网+危化安全生产、物联网人才，不要纯软件人才。  你能经常到全国各地出差吗？你能到工业生产现场生产现场做技术支持吗？   真正的奋斗者在安然会有让人值得为之奋斗的事业，会有充实、高效的成长，会有高人一等的收入。   你能做好售前技术支持、根据客户需求，高效制作方案吗？你能做好售中技术支持、指导他人正确安装、部署、调试系统向用户保质保量快速交付吗？你能做好售后维护，高效沟通和落实客户需求吗？   迄今已服务中石化、中石油、延长石油、国能、兖矿、京能、索普、新安、奇美、昊源、潞安、旭阳、垦利、逸盛、海科、酒钢、金发等几百家石化、化工、选煤、钢铁、电厂企业。    安然以客户为中心，以强者为本，抬头乐干，愿意与同道中人联合、链接，携手共建、共用、共享生产安全命运共同体，一起干，一起干，让优秀企业更安全，让优秀企业更高效！,2025-07-27 01:09:31,基于精准人员定位的工业安全生产信息化管理专家，安全生产信息化管理引领者！作为全国实时定位技术标准工作组成员和应急管理部“工业互联网+危化安全生产”人员定位系统技术支持机构，安然从2012年起致力于基于ZigBee Plus三维立体按需精准定位的“工业互联网+安全生产”的研究，获得了20多项安全智能管控系统发明专利和著作权，持续引领中国化工行业生产现场智慧安全！安然以“准、稳、狠”的ZigBee Plus三维立体按需精准人员定位统和“底数清、数据准、情况明、研判准、措施实”的安全生产信息化平台为核心，整合访客管理、出入口控制、人脸识别、视频监控、语音广播、重大危险源监控、可燃有毒气体监测等系统，对生产现场人、机、料、法、环五大要素进行实时、动态、智能管控和预警，规范人的安全行为，保障人的生命安全，有效防范风险、主动化解风险，实现智慧安全。安然“以用为本”，把安全生产信息化建设与公司管理体系“深度融合”，把安全生产信息化建设与日常工作“紧密结合”，对安全生产切实“有用、实用、好用”，避免建用“两张皮”，让安全管控更智能，让生产更高效才实用。迄今已服务中石化、中石油、延长石油、国能、兖矿、京能、索普、新安、奇美、昊源、潞安、旭阳、垦利、逸盛、海科、酒钢、金发等几百家石化、化工、选煤、钢铁、电厂企业。安然以客户为中心，以强者为本，抬头乐干，愿意与同道中人联合、链接，携手共建、共用、共享生产安全命运共同体，一起干，一起干，让优秀企业更安全，让优秀企业更高效！,"https://www.zhaopin.com/jobdetail/CC559764920J40823804504.htm?refcode=4019&srccode=401901&preactionid=a7c1140f-c46c-45e5-b867-ab342d8bdc77"
3243,实施工程师,石家庄-新乐市,3000-5000元,石家庄市北极人电器有限公司,"耐用消费品,日化产品制造",500-999人,未融资,CC176834920J40768185002,岗位职责： 1.安全测试与质量控制：协助经理执行电热毯的发热丝和其他关键部件的安全测试，包括但不限于电气安全测试、耐用性测试和性能验证。确保所有产品在出厂前满足国家安全生产标准及公司内部质量标准。 2.故障分析与技术支持：协助经理对产品使用中出现的技术问题进行分析和解决，提供技术支持和咨询。参与不合格产品的退回分析，并提出改进措施。 3.生产监督与员工培训：协助经理监控生产过程中的质量控制点，确保生产员工遵守操作规程。组织和实施员工技术与安全培训，提高生产效率和产品质量。 4.设备维护与校准：定期检查和维护测试设备，确保测试设备的准确性和可靠性。跟踪最新的技术和测试方法，升级和维护设备。 5.文档管理与报告制作：协助经理编写和更新测试协议、操作手册和安全指南。记录测试数据，编制测试报告，并向经理报告测试结果和推荐改进措施。   任职要求： 1、大专及以上学历，机械、电子电路、电气自动化、自动化仪表、测控专业优先； 2、熟悉使用常用办公软件，做事认真、细心、有责任心； 3、有较好的学习能力，能够跟进行业动态和新技术，持续提升测试水平和能力。 4、具有较强的责任心和团队合作精神，能够积极配合部门各项工作，共同完成测试任务。 5、良好的沟通能力和问题解决能力，能够清晰地表达测试结果和建议。   福利待遇： 1.提供食宿 2.五险 3.带薪年假 4.团建活动 5.过节福利,7月11日,"石家庄市北极人电器有限公司始创于1984年，国内早期从事电热毯生产企业之一，是专业生产电热毯、电热垫及电热器具的制造企业，公司位于石家庄新乐市，毗邻107国道，距石家庄国际机场20分钟，到北京新机场2小时，交通十分便捷。公司目前拥有2.2万平方米的生产基地，囊括电热毯车间、控制器车间、无纺布生产车间和原材料、成品库房，为控制产品质量，建立了省级标准的实验室，自建了控制器和无纺布生产车间，实现了供应链自给自足。工厂已获得河北省质量技术监督管理局颁发的生产许可证，通过ISO9001质量管理体系认证，荣获河北省优质产品称号。产品通过了含金量高的德国南德TUV机构颁发的GS,CE，CB,SAA质量安全认证，RoHS, REACH, ERP,AZO环保测试。先进的生产设备，成熟的技术工艺，熟练的员工队伍，严格的管理系统，丰富的工厂经验，我们不仅有信心为顾客提供优质产品，而且专注于提供创新产品和可靠服务。自2005年产品陆续出口到德国，英国，瑞典，意大利，西班牙，荷兰，以色列，南美，南非，澳大利亚等国家和地区，深受用户的信任。现北极人带着国际品质回馈国人。公司旨在“以顾客为中心，以质量求生存，以创新求发展”的经营理念。守初心，再出发。北极人秉持“重德•唯才•行知•成长”的人才管理理念，坚守为客户负责、为员工负责、为供应商负责，为工厂负责的信念，致力于把北极人打造成一个多方利益共同发展的平台，因工厂长期的外贸OEM加工模式，在国内市场缺少营销运营经验和思维，故招聘营销专家等有识之士共同再攀高峰。","https://www.zhaopin.com/jobdetail/CC176834920J40768185002.htm?refcode=4019&srccode=401901&preactionid=a7c1140f-c46c-45e5-b867-ab342d8bdc77"
3244,前端开发,深圳-龙岗区,6000-8000元·13薪,深圳市点点点信息技术有限公司,"IT服务,电子/半导体/集成电路",100-299人,B轮,CCL1405520980J40640346016,主要职责‌： 1.在协助下，参与前端代码编写，实现网页和应用程序的界面设计，协助完成前端架构的设计与实现； 2.学习和掌握HTML5、CSS3、JavaScript等前端技术，完成代码优化与调试‌。 ‌任职要求‌： 1.计算机、软件工程、大数据、人工智能或相关专业大专及以上学历； 2.对React、Vue等前端框架有一定的了解； 3.具备良好的代码编写习惯，注重代码的可读性和可维护性； 4.具备良好的团队协作精神和沟通能力，能够迅速融入团队。,2025-07-27 00:47:01,作为“深圳创业者”的一员，深圳市点点点信息技术成立于2022年，至今2岁+，公司创立者皆来自大厂，从事智能产品研发设计、生产制造、综合服务的科技企业，积累了强大的产品级方案设计、硬件创新设计、系统级软件平台开发；涵盖智能手表、蓝牙耳机、AI游戏及AI游戏领域等智能产品布局，服务商包括vivo、oppo、realme、华为等智能产品，为广大服务商提供更好的解决方案，目前公司新的办公地址正在装修，新的家庭期待你的加入~,"https://www.zhaopin.com/jobdetail/CCL1405520980J40640346016.htm?refcode=4019&srccode=401901&preactionid=a7c1140f-c46c-45e5-b867-ab342d8bdc77"
3245,科研人员,成都-双流区,1-2万,清华四川能源互联网研究院,"矿产/采掘,互联网",100-299人,未融资,CC336758630J40628586006,岗位职责：参与课题组承担的国家工信部、国家自然科学基金委、国家电网有限公司、南方电网有限公司、各发电集团和各省电力公司的科研课题研究工作。 要求： 1）思想和文化素质高，爱岗敬业，责任心强，有良好的沟通能力、组织协调能力和团队协作精神； 2）电气工程专业/控制工程专业，研究生及以上学历； 3）熟悉电气工程或者控制工程等学科相关知识，具有熟练掌握电力系统仿真分析软件（PSASP、PSD-BPA或者DIgsilent）能力者优先； 4）具有独立开展电气工程领域科技课题研究的能力，能独立发表论文或专利者优先； 5）能够与各级电力公司、发电集团的工作人员有良好的沟通协调能力，能够适当出差处理业务； 6）从事过具有电力系统相关科研工作经验者优先。 7）要求25-35周岁。 职位待遇：月薪优厚，具体面议； 招聘人数：2人 ,5月28日,2015年9月，在习总书记访美期间，清华大学、四川省、华盛顿大学、华盛顿州四方签署了“气候智慧型/低碳城市”2+2合作协议。为落实合作协议，清华大学在四川省、成都市及天府新区的大力支持下，建立了清华四川能源互联网研究院（以下简称研究院），于2016年3月正式落户天府新区，致力于打造能源互联网领域的人才汇聚平台、科技创新中心、产业发展高地。围绕能源环境经济协同、能源互联网关键装备、智慧能源系统、能源互联网安全等主要研究方向，研究院引进32个高层次研究团队，汇聚海内外高层次人才300余名，其中国家级人才3名，四川省级人才17名，成都市蓉漂人才10名，成都市顶尖创新创业团队1个；科研人员占总人员比例为81%，副高以上或掌握核心技术的人员占科研人员比例达到37%。截至2021年2月，研究院已打造20余项关键核心技术和50余件创新产品，承担国家重点研发计划项目8项、国家自然科学基金项目5项，申请专利利409件，获得省部级科技奖励8项，培育创新企业13家，包括5家高新技术企业和1家准独角兽企业；创办能源互联网国际创新创业峰会，举办中美“2+2”清洁能源论坛、2018ACDC国际学术会议、第五届清华校友三创大赛人居环境组全球总决赛等一系列重大活动；与全球40家高校院所、111家产业企业以及13家国际机构建立合作关系。,"https://www.zhaopin.com/jobdetail/CC336758630J40628586006.htm?refcode=4019&srccode=401901&preactionid=a7c1140f-c46c-45e5-b867-ab342d8bdc77"
3246,技术支持工程师,济宁-任城区,5000-10000元,全景恒升(北京)科学技术有限公司,"医疗设备/器械,计算机软件,电子/半导体/集成电路",300-499人,不需要融资,CC284797880J40569246013,不坐班 工作职责： 1、负责手术跟台服务工作； 2、根据当地销售指标，推进业务发展； 3、了解客户需求，根据客户需求制定销售方案，并促进方案落地； 4、负责客户各部门的业务对接工作，及时有效完成业务指标； 5、根据销售经理的工作分配挖掘客户需求； 6、了解市场竞品情况，及时向公司反馈市场信息； 7、上级分配的其他工作。 任职要求： 1、医学、药学相关专业，统招大专及以上学历； 2、具备基础的医学知识，便于与客户沟通； 3、沟通能力强，执行力强； 4、善于观察，提高与客户的业务对接能力； 5、学习能力强，能够满足业务需求的必须知识学习； 6、有医疗器械销售经验者优先，有导管室工作经验者优先,7月15日,全景恒升科学技术有限公司创建于2015年，总投资规模约为1.7亿元。公司核心团队由美国海归博士及中国医药行业资深市场精英组成，专注于下一代创新型医疗器械的开发，是集科研、生产、经营、服务于一体的专业化集团。全景科学是恒升医疗集团下属企业。恒升医疗集团是一家致力于创新的高端医疗器械集团型企业，始终专注于心血管介入诊断治疗领域，是当前国内唯一同时拥有冠脉介入支架、球囊导管、腔内影像三大产品线全产业链的高科技创新型企业。集团总部位于北京市顺义区中关村产业园，占地面积24.81亩，建筑面积2万平米，在杭州、成都、美国设立了研发和生产中心。企业始终专注于自主创新和研发，获得国家高新技术企业认证，拥有专利（申请）50余项，拥有高层次管理人才、生产研发团队，以及专业的产品注册经验，已形成完整的医疗器械研发、注册、生产、营销和服务网络。公司网址：http://panovision-med.cn,"https://www.zhaopin.com/jobdetail/CC284797880J40569246013.htm?refcode=4019&srccode=401901&preactionid=a7c1140f-c46c-45e5-b867-ab342d8bdc77"
3247,Java,济南-历城区,3000-6000元,普联软件股份有限公司,计算机软件,1000-9999人,已上市,CC153424410J40495218816,"一、实习岗位： 1、软件开发（Java后台和Web前端） 2、系统实施、咨询顾问 3、软件测试 4、软件运维 二、岗位要求： 1、统招本科及以上学历； 2、计算机软件类、信息管理类、财经类、财务管理类、会计类； 三、主要开发技术及业务方向： 1、JAVA后台开发（JAVA，SWING，JSP,JMS等）；  2、Web前端开发（React、Vue、JavaScript、JQuery、Ajax、Html5等）； 3、系统实施、咨询顾问：财务、ERP等企业管理系统咨询与实施。 四、待遇 （一）实习期间 1、实习补助：3000-6000/月 2，出差补助：￥40/天；话费补贴：￥50/月 3，提供住宿(济南） （二）正式入职 1、基本起薪：6k-12k/月、  出差补助（￥80/天）、通讯补助（￥80+/月） 2、六险一金（第六险为补充医疗报销） 3、节日福利、生日礼物 4、带薪年假 5、年度体检 6、办理集体户口（济南） 7、党团关系接收 8、档案接收 9、团队建设 四、工作地点 济南、北京、上海、成都、武汉、乌鲁木齐、西安，新疆、深圳、郑州 应聘简历请注明岗位及工作地点   职位福利：五险一金、通讯补助、带薪年假、补充医疗保险、定期体检、员工旅游、节日福利   ",7月21日,普联软件股份有限公司（股票代码：300996）成立于 2001年，总部位于山东济南-山东信息通信技术研究院。公司现有员工 2600余人，研发人员 1400余人，咨询实施人员 1000余人。在北京、深圳、成都、西安、武汉、合肥、乌鲁木齐、库尔勒、香港、日本大阪等地设有区域机构。普联软件股份有限公司是国家鼓励的重点软件企业，国家认定的高新技术企业，科技部认定的国家火炬计划软件产业基地骨干企业，山东省企业移动计算工程技术研究中心和山东省软件工程技术中心依托企业。济南市大数据与新一代信息技术重点企业，济南市人工智能行业领军企业、济南市数字经济领军企业，济南市总部企业。公司主营业务是为大型集团企业提供管理信息化方案及 IT综合服务。致力于通过云计算、大数据、人工智能等新一代信息技术，推动企业运营管理数字化、智能化转型。目前主要面向石油、石化、建筑、地产及银行、保险领域客户，提供管理信息系统的方案设计、软件开发、系统实施及运维服务，提供管理软件产品及售后服务。公司的产品、方案和服务主要聚焦于集团财务管控、数字建造、集团资金管理、智能化共享服务、大数据应用以及信息系统集成等业务。公司已拥有的客户群体包括中国石油、中国石化、中国建筑、中国海油、国家管网等大型央企；小米集团、万达集团、新希望集团、龙湖集团等行业龙头企业；中国平安、中国人寿、太平洋保险、浦发银行、全国股转公司等金融保险企业，已成为多家中国 500强企业的信息化核心合作伙伴。公司始终将成为大型集团企业的长期战略合作伙伴为重要发展策略，致力于支持企业管理的持续改进与信息化的深度融合，致力于支持客户业务的持续拓展与信息化的深度融合，致力于信息化对企业发展战略和管理创新的有效支撑。公司核心团队从事大型集团企业管理信息化工作 20余年，全程参与了中国石油、中国石化会计集中核算、资金集中管理和 ERP建设工作，积累了丰富的成功案例和实施经验，对于超大型复杂架构企业集团管理软件的设计、开发、集成项目具有突出的交付能力。技术研究团队始终紧跟技术发展趋势，熟悉云计算、大数据、物联网、人工智能、区块链等新一代信息技术，在所从事的业务领域具备持续创新能力。公司积极推动企业信息化应用深化提升，深度参与财政部管理会计专项课题研究和实践转化工作，是国内较早开展共享服务业务、XBRL应用研究及系统研发的代表厂商之一。公司积极依托在高端市场积累的业务经验、解决方案、软件复用技术及支持复用的软件产品和工具，加强与国内外业界机构的交流与合作，加快行业和领域的业务拓展。通过软件开发的平台化、解决方案的产品化、客户服务的本地化策略，为客户提供更快速高效的服务。不断努力，持续提供更有价值的产品和服务，成为客户信赖的长期合作伙伴。公司注重企业文化建设，努力提升公司管理水平与核心竞争力，致力于打造“创业、创新、创造”型组织。普联软件一直重视人力资本的价值，坚持“打造共赢平台、助力员工成长”的人才理念，将员工定位为与企业平等、合作的价值共创、共享伙伴。员工为企业创造价值的同时，企业也充分利用自身的平台和业务链资源，努力为员工的成长赋能，助力员工实现个体价值。在普联软件，我们为员工提供优良的发展平台，规划明确成长路径，提供大量的公共资源，通过工作任务提供学习场景，激发工作动能，持续为员工提供工作的成就感，促进员工在工作中迅速成长。（1）业务类职位可从实施顾问，逐步晋级为中级实施顾问、高级实施顾问、业务专家，获取待遇和个人职业发展的空间。（2）技术类职位可从程序员、逐步晋级为中级程序员、高级程序员、架构师，获取待遇和个人职业发展的空间。（3）公司客户为中国石油、中国石化、中国建筑、中国海油等央企，以及小米集团、大连万达、龙湖地产、新希望、华夏幸福等明星企业，业务类职位工作中可以零距离接触优秀企业的企业文化和管理方式，开拓个人的视野，跟随客户快速成长为业务领域的专家。（4）公司致力于企业应用软件的自主研发，在云计算、大数据、移动应用、智能分析全面布局，技术类职位工作中可以接触到最新、最前沿的技术领域，并体验自己的工作成果在客户项目落地的成就感。（5）工作地点为济南、北京、上海、广州、深圳，以及成都、杭州、武汉、郑州、西安等中心城市，可深度体验发达城市的工作生活节奏。（6）与IBM、德勤、安永、普华、毕马威等厂商广泛合作，体验与国际咨询公司工作协同、同台竞技的成就感，提升个体的综合能力。,"https://www.zhaopin.com/jobdetail/CC153424410J40495218816.htm?refcode=4019&srccode=401901&preactionid=a7c1140f-c46c-45e5-b867-ab342d8bdc77"
3248,C/C++,上海-闵行区,1.5-2万,北京蓝箭鸿擎科技有限公司,船舶/航空/航天/火车制造,100-299人,,CCL1491166830J40782882114,1.负责上位机软件界面代码设计与开发、调试以及验收。,7月25日,,"https://www.zhaopin.com/jobdetail/CCL1491166830J40782882114.htm?refcode=4019&srccode=401901&preactionid=a7c1140f-c46c-45e5-b867-ab342d8bdc77"
3249,测试工程师,潍坊-奎文区,5000-7000元,天阳科技,"计算机软件,计算机软件",1000-9999人,已上市,CC120408370J40824033608,1.全国项目驻场测试，主要负责功能、数据或接口等相关测试工作； 2.统招本科学历及以上（学信网可查）；毕业满2年；计算机专业优先； 3.热爱软件测试行业、有强力的自驱力，能够在测试岗位深入学习研究； 4.有无经验均可，服从公司安排，接受公司培养，可接受异地工作优先； 福利待遇： 上市公司，公司可以提供住宿，提供五险一金； 欢迎符合要求的小伙伴们投递~,7月22日,天阳科技(股票代码：300872)，是全球金融创新服务的重要贡献者，持续赋能中国金融行业数字化转型，为客户提供咨询、金融科技产品、金融IT服务、云计算及运营服务。公司成立于2003年，服务超过300家金融行业客户，覆盖中央银行、政策性银行、国有银行、股份制银行、地方性商业银行、非银行金融机构等，员工人数近7000人，成为激活金融领域创新活力、推动金融科技迈入世界领先水平的重要力量。作为金融行业客户可信赖的合作伙伴，天阳科技凭借丰富的行业经验和端到端的专业服务，在信创、数字化金融、信贷、交易银行、信用卡、零售、营销、风险管理、征信监管等众多领域具备核心竞争力。据赛迪和IDC报告显示，近年来公司在中国银行业IT解决方案市场排名强势崛起，2019年收入及市场占有率综合排名分别位列第四位和第五位，并保持高速增长。同时，前瞻商业和科技趋势，入选2021年度未来银行科技服务商TOP100。天阳科技始终聚焦金融科技领域，加大自主创新力度，在超过100个城市建立本地化、专业化的研发和服务团队，拥有CMMI5级认证、软件测试成熟度模型集成（TMMi）3级认证、ISO9001质量管理体系认证、ISO20000信息技术服务管理体系认证、IS027001信息安全管理体系认证。通过部署人工智能、云计算、大数据、移动互联网、分布式计算和区块链等先进金融科技，公司致力于构建安全可控、普惠民生、开放共赢格局，在关键技术领域服务现代化金融发展大局，更好地为各利益相关方创造更大价值，为大中企业、小微企业以及每个个体提供优质金融服务。,"https://www.zhaopin.com/jobdetail/CC120408370J40824033608.htm?refcode=4019&srccode=401901&preactionid=a7c1140f-c46c-45e5-b867-ab342d8bdc77"
3250,技术支持工程师,南京-栖霞区,5000-7000元,南京中安恒泰科技有限公司,工程技术与设计服务,20人以下,,CC841722700J40532037910,"1、年龄35周岁以下；大专及以上学历；无不良嗜好、身体健康。   2、有机械专业技术支持经验者（电子电气专业）或已退伍的消防人员、战斗人员、装备技师优先。   3、动手能力学习能力强，踏实、诚实、敬业，有一定电脑操作基础（word,office等）。   4、具备较强的交流、协调能力（普通话），解决问题的应变能力，技术处理能力，绝对服从工作安排，有较强的责任心和团队意识。   5、负责产品在甲方的测试宣传介绍，以及活动展示及技术支持。   6、参与协助公司项目的招投标，及中标后的验收、培训。   7、负责公司项目的售后，具有客户服务意识，接收客户反馈的问题第一时间处理，跟踪，直到问题及时解决。根据公司划分，对所负责的产品做好定期回访及记录，有问题的及时解决。   8、能够适应省内短期出差。   9、持有驾驶C（以上）证，并能独立安全驾驶（省内）。   10、事无大小，有主动反馈意识；遇到问题，更要第一时间向领导或公司反馈；执行领导安排的其他事宜。   11、工作时间：9:00-18:00，周末双休（偶尔加班）。   ",4月11日,公司是高新技术企业，致力于为消防救援领域提供高品质专业化设备。是应急救援领域相关单位的优质合作伙伴。公司与国际、国内众多知名品牌开展战略合作，如霍尼韦尔、Bullard、优普泰等。因公司发现需要，欢迎优秀人才加入。,"https://www.zhaopin.com/jobdetail/CC841722700J40532037910.htm?refcode=4019&srccode=401901&preactionid=a7c1140f-c46c-45e5-b867-ab342d8bdc77"
3251,实施工程师,济南-历下区,7000-9000元,浪潮集团,"IT服务,计算机软件,计算机硬件",10000人以上,,CC120143600J40811757715,工作职责: 1、参与信息化类项目前期规划、技术选型及方案设计工作。 2、了解客户需求，理解客户业务场景，梳理业务流程及规则，制定针对性的解决方案，并撰写相关技术文档。   3、完成项目实施交付工作，   4、指导用户熟练操作和应用系统   任职要求:   1、本科(含)以上学历，计算机、信息管理相关专业毕业;   2、具备良好的团队协作精神、敬业态度，能够适应短期出差，责任心强、工作积极主动:   3、目标导向，具备较强的逻辑思维能力、良好的沟通表达能力、亲和力:   4、善于归纳总结、具备较强的自我学习能力有强大的抗压能力;   5、熟悉MVSQL、Oracle及国产等主流关系型数据库者优先;   6、具有相关认证者优先,2月21日,浪潮集团是中国领先的云计算、大数据服务商，拥有三家上市公司。主要业务涉及计算装备、软件、云计算服务、新一代通信、大数据及若干应用场景。作为中国最早的IT品牌之一，浪潮致力于成为世界一流的新一代信息技术龙头企业经济社会数字化转型的优秀服务商，新型基础设施建设的骨干企业。,"https://www.zhaopin.com/jobdetail/CC120143600J40811757715.htm?refcode=4019&srccode=401901&preactionid=a7c1140f-c46c-45e5-b867-ab342d8bdc77"
3252,前端开发,成都-锦江区,3000-5000元,四川锐狐网络科技有限公司,"计算机软件,互联网,计算机软件,新媒体",20-99人,不需要融资,CC160493710J40774171613,【岗位职责】   1.负责前端页面开发与维护，使用 HTML5/CSS3/Vue 等技术实现交互逻辑，优化用户体验；   2.配合后端完成系统功能开发，遵循代码规范与协作流程；   3.参与产品需求分析，撰写技术文档。   【任职要求】   1.熟练使用HTML5/CSS3/JavaScript/Scss等前端开发技术，熟悉响应式设计;   2.熟练掌握Vue开发框架以及相关生态:   3.有良好的代码书写习惯;   4.能合理编写视觉效果、设计交互逻辑，提升用户体验;   5.本岗位招聘26、27届计算机相关专业的本科生。   6.可提供转正机会。   【福利待遇】   1.周末双休、法定节假日等福利；   2.公司发展稳健，运营体系完善，助力您与我们一起成长；   3.办公环境优越，办公区宽敞舒适、工作氛围轻松。   面试流程：请大家注意，岗位均采取线下面试，无电话、视频等线上面试，不私加求职者QQ、微信等私人联系方式。,7月8日,四川锐狐网络科技有限公司是一家集信息化管理、信息化建设、信息化服务为一体，涉及政务、医疗、教育等领域的国家级高新技术企业，公司成立于2006年，总部及研发基地设立于风景秀丽的天府之国——四川·成都。公司以习近平新时代中国特色社会主义思想为指导，以国家政策为依据，以科学技术为基础，以用户需求为导向。依托云计算、互联网、大数据、AI人工智能等技术，深度整合内外资源，高效利用多维数据，全方位为组织用户构建信息智能系统及管理标准。公司在“互联网+”的时代背景下，不断学习先进技术及思想，打造了一只经验丰富、素质过硬、技术创新、服务贴心的优秀团队，致力于为用户创建数据共享、信息互联的智慧平台，提供专业贴心的个性化服务。上善若水，大爱无疆，长久以来，四川锐狐网络科技有限公司勇于承担社会责任，积极投身社会公益事业，荣获“爱心企业”、“爱心抗疫勇者”等多项荣誉称号，锐狐在做好企业发展的同时，着力回报社会，传递社会正能量。锐狐铺好路，互联每一步，以优化创新实现智能化高品质管理的追求，将是锐狐高质量发展的永恒目标。,"https://www.zhaopin.com/jobdetail/CC160493710J40774171613.htm?refcode=4019&srccode=401901&preactionid=a7c1140f-c46c-45e5-b867-ab342d8bdc77"
3253,Java,长沙-岳麓区,4000-6000元,湖南烽旗信息科技有限公司,"通信/网络设备,通信/网络设备",20-99人,不需要融资,CCL1338300610J40778468412,岗位内容： 1. 设计、开发并维护Java应用程序。 2. 解决各种技术难题，保证代码的可靠性、高效性和安全性。 3. 参与软件设计的讨论和计划制定。 4. 与其他团队成员协作工作，提高团队整体技术水平。 任职要求： 1. 熟悉Java语言及相关技术，熟悉Spring框架。 2. 具有扎实的编程基础和良好的面向对象编程思想。 3. 对常见数据库如MySQL、Oracle等有一定的了解和应用经验。 4. 对Web开发技术有理解，清楚前端技术如HTML、CSS、JavaScript等。,5月28日,"公司发展史：公司成立于2017年,注册资金1000万。公司主要业务为：面向全国通讯行业进行电话增值业务服务。拥有湖南、江苏两大运营中心。与三大运营商（中国移动、中国联通、中国电信）进行增值业务合作，合作过程中各运营商对我司服务高度认可。目前于湖南长沙共有4家公司，分别位于长沙市各区域：湖南盛雄信息服务有限公司、湖南烽旗信息科技有限公司、湖南山禾企业管理咨询有限公司、湖南瀚泰信息服务有限公司。公司以“专注服务、用心服务”为核心，用户需求为中心。","https://www.zhaopin.com/jobdetail/CCL1338300610J40778468412.htm?refcode=4019&srccode=401901&preactionid=a7c1140f-c46c-45e5-b867-ab342d8bdc77"
3254,前端开发,杭州-余杭区,1.4-1.5万·13薪,杭州天听优化科技有限公司,互联网,20人以下,,CCL1504915140J40818672003,岗位内容： 1. 负责开发和维护前端系统和模块，确保其运行稳定可靠 2. 编写高效、清晰、易于维护的代码 3. 协调需求，与其他团队成员进行有效沟通和协作 任职要求： 1. 熟练掌握HTML、CSS和JavaScript，熟悉主流前端框架 2. 具备扎实的编程基础，良好的代码风格，注重代码品质 3. 擅长和团队合作，具备很好的沟通和协调能力,7月28日,,"https://www.zhaopin.com/jobdetail/CCL1504915140J40818672003.htm?refcode=4019&srccode=401901&preactionid=a7c1140f-c46c-45e5-b867-ab342d8bdc77"
3255,科研人员,北京-海淀区,1.5-1.6万,中国信息通信研究院,"通信/网络设备,学术/科研",1000-9999人,未融资,CC251266610J40773286202,岗位职责: 1、从事类脑智能与人工智能行业调研、产业研究及报告撰写工作； 2、从事类脑智能与人工智能相关专项申报及执行工作； 3、从事联盟运营、会员发展和生态建设相关工作； 4、参与类脑智能与人工智能的技术实现和标准研究工作； 5、参与类脑智能与人工智能相关测试体系建设和测试执行工作。   任职要求: 1、具有基础芯片架构、并行计算，神经网络等相关专业知识，熟悉类脑智能与人工智能的技术体系和全球发展态势；具备人工智能在智能网联汽车、机器人等领域中的应用经验者优先； 2、具备宏观视角与战略思维，能够洞察产业发展趋势，将技术研究与产业生态、政策支持紧密结合；拥有复杂信息与材料的归纳、梳理及分析能力； 3、熟悉国家或地方科研项目申报、执行与验收的全流程者优先； 4、拥有快速学习能力，能迅速掌握自身技术栈之外的新知识、新动态并学以致用； 5、富有创新和探索精神，敢于挑战前沿性、开创性工作； 6、在人工智能、模式识别、计算机体系结构等相关领域的国际顶级会议/期刊上发表过高水平研究成果； 7、具备熟练的英语听说读写能力，能够无障碍阅读英文文献、撰写英文报告（大学英语六级或同等水平）； 8、了解C++/Python/Matlab以及Verilog/VHDL编程与仿真方法者优先； 9、有芯片架构、神经网络加速、脉冲神经网络、大模型架构相关研发或应用经验者优先。,2025-07-28 00:19:20,中国信息通信研究院（以下简称“中国信通院）始建于1957年，是工业和信息化部直属科研事业单位。多年来，中国信通院始终秉持“国家高端专业智库产业创新发展平台”的发展定位和“厚德实学兴业致远”的核心文化价值理念，在行业发展的重大战略、规划、政策、标准和测试认证等方面发挥了有力支撑作用，为我国通信业跨越式发展和信息技术产业创新壮大起到了重要推动作用。近年来，适应经济社会发展的新形势新要求，围绕国家“网络强国”和“制造强国”新战略，中国信通院着力加强研究创新，在强化电信业和互联网研究优势的同时，不断扩展研究领域、提升研究深度，在4G/5G、工业互联网、智能制造、移动互联网、物联网、车联网、未来网络、云计算、大数据、人工智能、虚拟现实/增强现实（VR/AR）、智能硬件、网络与信息安全等方面进行了深入研究与前瞻布局，在国家信息通信及信息化与工业化融合领域的战略和政策研究、技术创新、产业发展、安全保障等方面发挥了重要作用，有力支撑了互联网+、制造强国、宽带中国等重大战略与政策出台和各领域重要任务的实施。,"https://www.zhaopin.com/jobdetail/CC251266610J40773286202.htm?refcode=4019&srccode=401901&preactionid=a7c1140f-c46c-45e5-b867-ab342d8bdc77"
3256,科研人员,潍坊-奎文区,3000-4000元,山东原和人力资源有限公司,人力资源服务,1000-9999人,未融资,CC846537460J40757795809,,2025年07月28日,山东原和人力资源有限公司是一站式人力资源服务供应商，成立于2016年6月，总部位于山东潍坊高新技术产业开发区。公司致力于人力资源全流程服务，以精准的服务、完善的流程和可定制的产品方案深得客户青睐，服务地域覆盖山东全境并延伸至河南、河北、江苏、安徽、四川等人力资源大省以及北上广深等一线城市。公司致力于打造一站式人力资源服务平台，现有政府公共服务外包、企业业务流程外包、招聘流程外包、档案服务外包、园区运营以及培训服务等业务板块，拥有130人的专业运营团队，平均年龄33.5岁，其中本科以上学历占85%，具备国家级、省级、市级各类专业资质的占80%，上市公司任职经验的占35%。截止2022年3月，公司合作客户超过550家，在服职工和灵活就业人员超过2万人，业务辐射全国30多座城市。,"https://www.zhaopin.com/jobdetail/CC846537460J40757795809.htm?refcode=4019&srccode=401901&preactionid=a7c1140f-c46c-45e5-b867-ab342d8bdc77"
3257,Java,济南-章丘区,80-100元/天,山大地纬,计算机软件,1000-9999人,已上市,CC585870720J40761459214,岗位职责： 1.从事大型信息系统软件产品相关开发工作； 2.负责进行软件详细设计，代码编写，单元测试等； 3.负责进行已开发软件的维护和改进工作； 4.完成部门安排的其它研发相关工作。 任职要求： 1.统招本科及以上学历，计算机相关专业，热爱软件开发工作，学习能力强； 2.有较强的团队协作、沟通能力，对于创新及解决具有挑战性的问题充满激情； 3.有Java编程基础、oracle数据库基础者优先； 4.有就业意向且必须能保证6个月及以上的实习时间，提供转正机会。,7月25日,山大地纬软件股份有限公司（证券简称：山大地纬证券代码：688579）致力于成为国内领先的“AI+区块链”科技服务商，是国家规划布局内重点软件企业、中国区块链企业百强、人工智能企业百强、山东省人工智能领军企业、大数据骨干企业。 2020年7月17日登陆科创板，是中国高校校属企业首家、山东软件产业首家科创板上市企业。通过“产学研用”聚合发力，形成山大地纬特色的创新发展之路，在人工智能、大数据、云计算、区块链等新一代信息技术的创新研究、应用开发方面居于全国领先水平；智慧医保医疗、智慧政务、智能用电等业务板块拥有全国领先的解决方案和影响力，业务覆盖全国20余省份，为超过8亿人提供信息化服务。山大地纬着力打造覆盖基础技术、工程研究、应用创新的全体系科创平台，与山东大学、新加坡南洋理工大学合作共建SDU-NTU人工智能联合研究院；先后有8个国家级、省级科创平台落户山大地纬；组建5支高层次科创团队；承担了国家重点研发计划、九五至十三五国家科技支撑计划、863计划、国家自然科学基金等40余项国家级科创项目；建立了从基础技术到支撑平台，再到应用软件的三级科创体系。,"https://www.zhaopin.com/jobdetail/CC585870720J40761459214.htm?refcode=4019&srccode=401901&preactionid=a7c1140f-c46c-45e5-b867-ab342d8bdc77"
3258,软件测试,广州-白云区,1-2万,外企德科数字技术有限公司,专业技术服务,10000人以上,,CCL1480117890J40791870305,1、统招本科及以上学历；接受无经验 2、熟悉Java/C/C++/Python等其中一种主流开发语言 3、有较强的学习能力、良好的团队协作能力、良好的沟通表达能力。 北京、上海、杭州、苏州、南京、西安、武汉、深圳、东莞均有岗位，此JD为其中一个岗位的JD，后端开发各种语言都有需求，因为部门比较多，但是岗位数量有限制，所以很多岗位没有上，其他岗位可以细聊； 部门亮点： 1、大平台，机会多。云计算，数字能源，数字存储，终端......赛道很多 2、岗位全，拼实力，设置前端、后端、开发、算法、AI、运维、安全等等岗位，你想要的，这里统统都有！ 3、爱分享，氛围好，经常举行各领域技术分享会，可以和全球的架构专家、互联网大牛、大数据专家、网络安全大咖等面对面交流，兵合一处将打一家，部门之内皆兄弟，把酒言欢话桑麻。 4、肩并肩，手牵手，会给每位新员工分配1名技术导师，优秀的人培养更优秀的你。 岗位职责： 1、负责创新项目系统设计与研发工作； 2、负责相关子系统及业务流程的优化重构，研发过程优化工作； 3、负责项目重点、难点的技术攻坚； 4、负责后端系统核心代码编写和按时交付，保证交付质量和负责版本维护； 岗位要求： 1、 本科以上学历 2、扎实的编程能力，熟悉算法和数据结构；熟悉计算机的基础理论； 3、扎实的编程基础，对各种开源的框架有深入的了解，对框架本身有过开发或重构者可优先考虑； 4、具有大规模高并发web应用设计和开发经验优先； 6、熟悉redis、kafka、MariaDB、mongodb、hadoop、spark、ElasticSearch等大数据技术者优先考虑； 7、熟悉docker、kubernetes、mesos、rancher等容器技术并有实际使用经验者优先考虑,2025-07-27 00:25:52,外企德科数字技术有限公司是一家2023年新成立的中外合资企业。成立于2023年11月24日，公司定位：专注于为信息技术企业提供人才及数字技术外包解决方案的中外合资企业。它是由中国人力资源服务行业的FESCO（北京国际人力资本集团）与全球人力资源服务领导者The Adecco Group（德科集团）合资成立的。公司主要提供网络技术服务、软件外包服务、计算机系统服务、技术进出口、软件开发等信息技术相关服务。专注于为信息技术企业提供信息技术类人才及数字技术外包解决方案。,"https://www.zhaopin.com/jobdetail/CCL1480117890J40791870305.htm?refcode=4019&srccode=401901&preactionid=a7c1140f-c46c-45e5-b867-ab342d8bdc77"
3259,技术支持工程师,苏州-相城区,5000-10000元,北京身心康科技有限公司,医疗设备/器械,100-299人,未融资,CC136288590J40565480116,任职要求 大专以上学历，机电技术、计算机技术、信息技术等相关专业；熟练使用word、excel、ppt等办公软件，熟悉机电设备工作原理和计算机操作系统，了解服务器和网络通信；具备设备产品或软件系统部署实施、运维、优化等相关工作经验；具有大型软件实施、应用系统测试经验者优先考虑；能够适应短中期外地出差。 岗位职责： 负责公司医疗产品和软件系统安装部署，软件维护升级等； 负责软硬件产品或系统的实施工作，包括云平台、软件应用系统等各产品的现场部署培训； 用户现场技术支持及日常维护，向用户提供咨询、指导、解释相关技术问题，收集用户反馈信息； 参与机电设备和软件系统的功能测试、业务测试； 负责客户对于公司各产品线包括软硬件的技术咨询和数据信息的服务。,4月8日,北京身心康科技有限公司是一家专业致力于医疗诊断器械和辅助治疗设备研发、生产、销售和服务一体化，同时打造医疗大数据平台快速成长的新型互联网高新企业。公司将为您提供双休、法定假日、五险、工作餐、不定期员工活动、年底效益奖金等一系列福利。网址:http://www.e-health.cc联系人：人力资源部曹经理电话：18500709005邮箱： 673320505@qq.com,"https://www.zhaopin.com/jobdetail/CC136288590J40565480116.htm?refcode=4019&srccode=401901&preactionid=a7c1140f-c46c-45e5-b867-ab342d8bdc77"
3260,Java,石家庄-裕华区,5000-9000元·13薪,石家庄成约信息技术有限公司,"网络/信息安全,IT服务,互联网",20-99人,天使轮,CC455270580J40591872306,岗位职责 ： 1. 负责公司产品后台模块的设计、开发和维护工作；   2. 负责公司产品与第三方应用的接口对接；,9月23日,石家庄成约信息技术有限公司成立于2016年，是一家朝气蓬勃的计算机信息技术企业，在全国各地设有多个分支机构，公司主要面向政府行业、教育行业、媒体行业等领域，提供基于云平台和大数据技术研发与服务的网络信息技术公司。在行业信息化高速发展的今天，成约信息建立了以云平台建设和大数据技术研发为核心，以云平台系统性能测试与优化、平台安全、应用集成、大数据挖掘、分析与处理等为主要内容的服务体系。公司拥有多项软件产品知识产权，掌握互联网信息的采集与加工处理、数据的存储与应用、异构数据的灵活展现、云平台资源配置与优化、云平台安全监测等核心技术，结合网上网下的双向资源优势，把云平台建设和大数据开发与分析作为公司业务的重点，用诚恳务实的态度为每一位客户提供更多更好更专业的服务。卓越的服务来源于卓越的团队，成约信息拥有一批优秀的职业经理、资深的技术专家、出色的销售团队和亲切的客服人员，通过持续的技术创新，为客户提供7*24小时不间断的优质服务，赢得了更多客户的信赖和支持。我们一直秉承“以诚为本，信守约定”的宗旨，以“客户需求”为导向，在为客户提供专业的技术解决方案的同时建立完善的售前、售后服务体系，致力于把客户服务做到“心”上。我们努力创新，持续提升企业竞争力，与广大客户精诚合作、共创辉煌！,"https://www.zhaopin.com/jobdetail/CC455270580J40591872306.htm?refcode=4019&srccode=401901&preactionid=a7c1140f-c46c-45e5-b867-ab342d8bdc77"
3261,Java,南京-六合区,1.5-2.5万·14薪,江苏航浦国创复材研究院有限公司,专用设备制造,20-99人,未融资,CCL1349872880J40732869916,"1. 基于Java技术栈（Spring Boot）构建MES及总控后端服务，实现生产订单管理、工艺路线跟踪、质量管理、设备监控等核心模块； 2. 参与系统架构设计优化，确保高并发、高可用性 3. 与产品经理、制造工程师紧密沟通，理解业务需求并转化为技术方案, 及时响应解决市场端反馈问题，具有一定的代码改进意识，能够持续优化代码结构，优化软件设计和实现； 4. 与测试人员、QA合作，保证产品质量. 任职资格 1.本科学历以上,计算机、自动控制、数学或相关专业 2.具有良好的Java语言方面的知识，精通Spring Boot，具有良好的代码风格 3.熟悉MySQL数据库，熟悉分布式系统，掌握多租户、分布式锁等技术 4.能熟练阅读中文、英文技术文档；富有团队精神,责任感和沟通能力。 5.加分项：具备前端基础（Vue/React），可配合全栈开发。",7月18日,江苏航浦国创复材研究院有限公司属于国有控股企业，公司注册成立于2021年6月22日，注册资本金1亿元。公司作为江苏省先进复合材料技术与装备创新中心的运营实体，旨在以航空航天、高技术船舶、先进轨道交通等领域高端装备重大需求为牵引，建设具有国际领先水平的先进复合材料技术与装备创新平台。围绕提升自主研发创新能力，集中优势资源和资金，推动先进复合材料技术与装备产业领域的设计、制造、检测和维护全产业链发展；为行业和企业赋能，补强先进复合材料技术与装备生产企业短板，搭建长江经济带公共创新服务平台，提供试验验证、标准制定等服务。,"https://www.zhaopin.com/jobdetail/CCL1349872880J40732869916.htm?refcode=4019&srccode=401901&preactionid=a7c1140f-c46c-45e5-b867-ab342d8bdc77"
3262,C/C++,佛山-禅城区,1.7-3万·15薪,外企德科数字技术有限公司,专业技术服务,10000人以上,,CCL1480117890J40616278105,岗位选择：  软件开发、软件测试、嵌入式开发、算法、运维、数据分析等（工作地点可选北京、上海、深圳、东莞、杭州、南京、武汉、成都、西安、长沙、苏州、济南、广州等）  岗位要求：  1、统招本科及以上学历（学信网可查），985/211/双一流大学优先；计算机、通信相关专业优先，非相关专业有相关工作经验也可以。  2、热爱编程，基础扎实，熟悉JAVA/C++/C/Python/JS/HTML/GO等编程语言中的一种或多种，有良好的编程习惯。  3、对数据结构、算法有一定了解，熟悉TCP/IP协议及互联网常见应用和协议的原理。  4、有IT应用软件、互联网软件、IOS/安卓等相关产品开发经验，熟悉网络安全、信息安全等相关领域。  5、熟悉软件开发过程，熟练运用软件开发工具，具备良好的软件工程能力。  6、具备独立工作能力和解决问题的能力，善于沟通，乐于合作，热衷新技术，善于总结分享，喜欢动手实践。  7、有强烈的团队合作精神，有良好的英语读写能力，有大型通信设备开发经验者优先。  岗位福利：  1、薪资结构：底薪+绩效+年终奖，入职即缴纳五险一金，额外补充商业险，每年一次调薪调职机会。  2、团建+内购会+班车+免费夜宵+节日福利+生日会+年度免费体检+公司内部健康驿站+带薪年假+半年导师一对一带教。  3、5天8小时，弹性打卡，双休，月末最后一个周六加班，双倍工资。  4、大厂待遇，合同签约4年，项目稳定，个人瓶颈期可申请挑战新项目，晋升空间广，办公环境高大上。,2025-07-27 01:12:00,外企德科数字技术有限公司是一家2023年新成立的中外合资企业。成立于2023年11月24日，公司定位：专注于为信息技术企业提供人才及数字技术外包解决方案的中外合资企业。它是由中国人力资源服务行业的FESCO（北京国际人力资本集团）与全球人力资源服务领导者The Adecco Group（德科集团）合资成立的。公司主要提供网络技术服务、软件外包服务、计算机系统服务、技术进出口、软件开发等信息技术相关服务。专注于为信息技术企业提供信息技术类人才及数字技术外包解决方案。,"https://www.zhaopin.com/jobdetail/CCL1480117890J40616278105.htm?refcode=4019&srccode=401901&preactionid=a7c1140f-c46c-45e5-b867-ab342d8bdc77"
3263,Java,西安-雁塔区,1.5-3万·14薪,外企德科数字技术有限公司,专业技术服务,10000人以上,,CCL1480117890J40791813905,"岗位职责： 1、负责应用软件开发和维护工作； 2、负责软件模块需求分析、系核心模块代码编写和单元测试，完成概要设计文档、详细设计文档； 3、积极主动的与项目相关人员沟通交流，持续改善产品体验。 业务技能要求： 1、熟练掌握常用数据结构； 2、了解计算机组成原理、操作系统、网络等，熟悉Java/Python/C/C++/Go/js等一种或多种编程语言； 3、熟悉客户端与服务器通信协议,精通STL 、 Curl 、 DuiLib 等常用的开源库; 4、具有良好的沟通能力，有良好的团队合作精神，对技术有激情，喜欢钻研，能快速接受和掌握新技术，有较强的独立、主动的学习能力。 所有软件类职位都在招聘，戳详聊~",2025-07-27 00:25:52,外企德科数字技术有限公司是一家2023年新成立的中外合资企业。成立于2023年11月24日，公司定位：专注于为信息技术企业提供人才及数字技术外包解决方案的中外合资企业。它是由中国人力资源服务行业的FESCO（北京国际人力资本集团）与全球人力资源服务领导者The Adecco Group（德科集团）合资成立的。公司主要提供网络技术服务、软件外包服务、计算机系统服务、技术进出口、软件开发等信息技术相关服务。专注于为信息技术企业提供信息技术类人才及数字技术外包解决方案。,"https://www.zhaopin.com/jobdetail/CCL1480117890J40791813905.htm?refcode=4019&srccode=401901&preactionid=a7c1140f-c46c-45e5-b867-ab342d8bdc77"
3264,Java,济南-历下区,1.5-3万·14薪,外企德科数字技术有限公司,专业技术服务,10000人以上,,CCL1480117890J40794033605,职位描述 全额五险一金，试用期全新不打折 后端开发、前端开发、测试、大数据、运维等岗位 职责： 1、负责研发领域IT系统技术方案的设计、开发等工作; 2、负责项目开发过程中的技术攻关及解决运行中出现的技术问题; 3、负责产品核心模块的代码编写和LLT测试: 4、负责产品疑难问题的分析和定位。 岗位要求: 1、热爱编程，基础扎实，熟悉掌握但不限于JAVA/C++/Python/JS/HTML/GO等编程语言中的一种或数种，有良好的编程习惯; 2、具备独立工作能力和解决问题的能力、善于沟通，乐于合作，热衷新技术，善于总结分享，喜欢动手实践。 职位福利：五险一金、年底双薪、绩效奖金、年终分红、节日福利、带薪年假 职位亮点：资深导师提供业务带教等多方面的指导,2025-07-27 00:26:01,外企德科数字技术有限公司是一家2023年新成立的中外合资企业。成立于2023年11月24日，公司定位：专注于为信息技术企业提供人才及数字技术外包解决方案的中外合资企业。它是由中国人力资源服务行业的FESCO（北京国际人力资本集团）与全球人力资源服务领导者The Adecco Group（德科集团）合资成立的。公司主要提供网络技术服务、软件外包服务、计算机系统服务、技术进出口、软件开发等信息技术相关服务。专注于为信息技术企业提供信息技术类人才及数字技术外包解决方案。,"https://www.zhaopin.com/jobdetail/CCL1480117890J40794033605.htm?refcode=4019&srccode=401901&preactionid=a7c1140f-c46c-45e5-b867-ab342d8bdc77"
3265,Java,西安-雁塔区,1.5-2.5万·14薪,外企德科数字技术有限公司,专业技术服务,10000人以上,,CCL1480117890J40795514505,"全国均有岗位（开发、测试、算法、数据分析等） 岗位要求： 一、软件开发工程师 1. 热爱编程，熟悉掌握Java/C++/C/Python/Web开发等编程语言中的一种或多种编程语言，扎实的编程功底； 2. 具备良好的独立工作能力和解决问题能力，善于沟通，乐于合作，热衷新技术； 二、软件测试工程师： 1. 热爱编程，熟悉掌握C/C++/Java/Python等编程语言中的一种或多种编程语言，扎实的编程功底； 2.有web开发或测试经验、自动化开发或测试经验者优先。 3.熟练掌握系统测试、功能测试、专项测试、软件测试、韧性测试、安全测试方法中的一种或多种测试方法，有相关测试语言/脚本的编写和实践经验优先，也可接受纯测试经验的。 4.具备良好的独立工作能力和解决问题能力，善于沟通，乐于合作，热衷新技术； 三、算法工程师： 1、熟练掌握Java/C/C++/Python其中一个或多个编程语言，有扎实的编程功底； 2、熟悉机器学习、深度学习或图像算法。 四、数据开发工程师 1、参与或负责大数据的采集、存储、处理、通过分布式大数据平台加工数据，数据驱动运营; 2、参与或负责大数据仓库的设计、开发、维护,通过数据仓库和数据治理体系有效的管理和组织P级数据,提升数据质量和数据开发效率; 3、较强的动手能力和学习能力,熟悉一门数据处理语言,如JAVA、 SQL、Python 等; 4、深入理解 Map-Reduce 模型和Hadoop、 Spark、FIink、MPP DB等大数据和仓库相关知识 公司福利： 1. 底薪+绩效+项目奖金+年终奖； 2. 全额缴纳五险一金； 3.一年数次考评，薪资可上浮~ 4.带薪年假5-15天，双休； 5.享有健身房、班车、加班打车报销等软性福利",2025-07-27 00:26:06,外企德科数字技术有限公司是一家2023年新成立的中外合资企业。成立于2023年11月24日，公司定位：专注于为信息技术企业提供人才及数字技术外包解决方案的中外合资企业。它是由中国人力资源服务行业的FESCO（北京国际人力资本集团）与全球人力资源服务领导者The Adecco Group（德科集团）合资成立的。公司主要提供网络技术服务、软件外包服务、计算机系统服务、技术进出口、软件开发等信息技术相关服务。专注于为信息技术企业提供信息技术类人才及数字技术外包解决方案。,"https://www.zhaopin.com/jobdetail/CCL1480117890J40795514505.htm?refcode=4019&srccode=401901&preactionid=a7c1140f-c46c-45e5-b867-ab342d8bdc77"
3266,科研人员,北京-None,2-3万,航天科工空间工程发展有限公司,"船舶/航空/航天/火车制造,学术/科研",500-999人,A轮,CC710728630J00230813610,岗位职责： （1）负责卫星通信系统仿真系统设计及开发； （2）负责卫星通信系统建模及仿真； （3）负责卫星通信系统效能评估。  岗位要求： (1) 熟悉卫星通信系统架构；  (2) 掌握卫星通信系统仿真建模技术及建模方法；  (3) 掌握LTE/DVB/5G等通信协议，熟悉通信性能评估方法； (4) 熟悉卫星通信、移动通信、TCP/IP等系统及网络相关知识； (5)有较强的沟通协调能力，有相关工作经验者优先。 职位福利：五险一金、绩效奖金、交通补助、餐补、通讯补助、带薪年假、补充医疗保险、定期体检 ,12月3日,"中国航天科工集团空间工程总体部（以下简称空间工程总体部）隶属于中国航天科工集团第二研究院，是航天科工集团空间领域的总体单位，集卫星研发、制造和应用于一体。于2017年12月22日正式成立，以发展世界一流空间工程产品和技术，支撑集团、二院航天产业为主责，努力建成世界一流航天产业总体部。作为国企改革的试点单位，入选国资委双百企业，获评国家高新技术企业、国家级专精特新小巨人企业。2015年5月29日，航天科工集团在二院空间技术总体设计部的基础上批复组建中国航天科工集团空间工程总体部（以下简称空间总体部），作为集团公司空间工程技术研究、系统研发和产业转化的平台，负责牵引和带动集团公司空间工程领域的产业发展。 2017年12月22日，经航天科工集团批准成立，由中国航天科工防御技术研究院、北京电子工程总体研究所、北京无线电测量研究所、北京遥感设备研究所、北京机械设备研究所、北京计算机技术及应用研究所、北京新风航天装备有限公司、湖北长江航天产业投资基金合伙企业（有限合伙）（以下简称长江基金）以空间总体部为基础共同出资设立空间工程总体部，注册资本3亿元人民币，注册地为湖北省武汉市。2021年12月30日，空间工程总体部完成A轮融资，引入北京金融街资本运营集团有限公司等10家外部投资者，注册资本增至14.48亿元。总体部现有人员500余人，研发人员中硕士及以上学历占比91%，副高级及以上职称占比35.4%，35岁以下人员占比67%。其中,海外高层次专家1人，获政府特殊津贴3人，获评集团级专家3人，获评集团级学术技术带头人2人，获评集团青年拔尖后备人才1人，获航天基金会奖励3人，获问津英才称号4人，军队科技进步奖等各类奖项合计9人次，其他院级及以上人才15人次。涉及专业领域包括空间工程总体技术、空间飞行器技术、空间载荷技术、空间应用技术、智能制造技术5个专业方向，细分为16个一级学科，47个二级学科，核心专业齐全。总体部致力于成为国家航天领域的主力军、航天差异化创新发展引领者、商业模式创新发展的开拓者、卫星智能批量化生产的先行者。总体部聚焦国家战略方向，深耕1+6+N产业布局，厚植航天基业基因，以打造“世界一流航天产业总体部”为企业愿景，致力于打造形成以“轻、灵、快、廉”为主要总体技术特征，涵盖卫星研发、设计、制造全过程，具备卫星快速设计与批量生产能力。总体部多地布局，北京设研发中心、国际交流中心。武汉设总部基地、卫星生产制造中心、卫星科技教育中心、卫星展示展览中心。武汉卫星产业园位于湖北省武汉市新洲区国家航天产业基地,产业园整体规划426亩,一期工程占地200亩。2021年5月卫星产业园投入使用,现有主体建筑8栋,建筑面积8万余平方米；建有国内首条卫星智能生产线,涵盖仓储物流、智能部装、智能总装、测试与试验等多个分系统,能够实现从零部组件入库到整星下线的全部生产流程；作为我国首条“柔性智能化、数字孪生、云制造”小卫星智能生产线,入选“2021年中国智能制造十大科技进展”。","https://www.zhaopin.com/jobdetail/CC710728630J00230813610.htm?refcode=4019&srccode=401901&preactionid=a7c1140f-c46c-45e5-b867-ab342d8bdc77"
3267,软件测试,北京-顺义区,7000-9000元,北京民航信息科技有限公司,"IT服务,IT服务",100-299人,未融资,CC550837220J40737712105,"1.协助需求分析，从测试角度分析需求文档缺陷，完善需求文档； 2.完成个人测试计划的编写，保证测试工作有序进行； 3.负责编写项目主要功能的主要功能的测试用例编写并承接主要功能测试执行工作； 4.负责WEB，小程序，APP的测试工作，保证项目的按时完成； 5.负责使用工具完成基本接口自动化测试，执行测试脚本 6.负责使用工具进行缺陷管理，并对缺陷进行验收； 7.负责编写和提交测试报告,保证项目达到验收标准； 8.协助项目组内完成日常交办事务。 1.学历 大学本科及以上学历 2.教育背景 理工类，计算机类专业背景优先 3.工作经验 2年以上软件测试相关工作经验 4.专业经验 熟悉软件测试方法 具备接口测试能力 5.解决问题能力 具备专业化理念的沟通能力，与他人合作完成指派的工作任务 6.工具使用能力 Xmind思维导图使用， WPS办公软件，缺陷管理系统，jmeter或者postman 开发和测试经验都有为优先",6月24日,北京民航信息科技有限公司（以下简称北京航信）为隶属于国务院国资委管理的中央企业中国民航信息网络股份有限公司（以下简称中国航信）的全资子公司，是中国航信最重要的下属分支机构之一。北京航信主要承担以服务国航为主，为本地航空公司及机场提供个性化服务，为北京、天津及部分京津周边的航空运输企业及航空销售代理企业在客运销售、机场服务等方面提供计算机信息服务及前端产品开发，并承担中国航信整体培训业务。目前服务涵盖北京及天津地区21家航空公司及办事机构，首都机场、天津机场、南苑机场及近千家销售代理企业，计算机网络终端保有量近万台，成为中国航信重要区域的一线服务力量。,"https://www.zhaopin.com/jobdetail/CC550837220J40737712105.htm?refcode=4019&srccode=401901&preactionid=a7c1140f-c46c-45e5-b867-ab342d8bdc77"
3268,技术支持工程师,北京-石景山区,150-200元/天,上海特金信息科技有限公司,通信/网络设备,100-299人,A轮,CC120379650J40743082011,岗位职责 1、熟练掌握公司产品核心功能业务，配合销售进行产品的推广介绍。 2、配合部门日常的测试、收发货工作。 3、负责对用户进行产品业务培训，解决用户反馈的问题，总结共性问题，形成标准文档。 4、在项目前线树立公司的专业形象，保证公司的名誉不受到侵害 5、负责配合研发部产品和项目的功能测试、性能测试、稳定性测试等。 6、负责公司售前、售中和售后的项目出差任务，保证项目顺利完成。 7、负责项目现场工作推进实施、问题处理、项目文案输出。 8、入职初期半年在研发部参与培训以及配合研发任务测试。     任职要求    1、通信、电子信息、物联网、无人机、飞行器等工科相关专业，应届毕业生优先，优秀实习生亦可；    2、熟悉计算机网络协议和原理，具有良好的网络架构理解能力，能够分析和解决网络通信问题；    3、熟悉Linux操作系统，包括系统管理、配置和基本的命令行操作，有一定的Shell脚本编写能力；    4、有较好的分析问题能力和文字表达能力；    5、热爱软硬件测试工作，可以胜任重复性工作，接受外场测试环境；    6、沟通理解能力和协调能力佳，积极主动、认真负责。,6月4日,公司信息：上海特金信息科技创立于2003年，是一家专注于无线电频谱大数据分析和目标识别定位的快速成长型高科技企业，近期完成了数千万元A轮融资，是中国领先的无人机探测定位与管制系统研发生产制造商，拥有自主知识产权，产品性能业内领先。公司致力于运用人工智能、大数据、5G通信、云计算等先进科技为低空防御，重大活动保障，机场要地安保，边海防务等提供“远距预警、精确定位、全程跟踪、自动拦截、高效控制和全时守卫”的一体化数字安保方案。公司先后荣获ITU国际电联2017年度全球最佳创新奖，上海临港浦江2018年度最具潜力企业奖。特金出色完成了共和国70周年国庆大阅兵，澳门回归20周年庆典，武汉世界军运会，2019年央视春晚， 2019/2018年北戴河会议，世界游泳锦标赛，G20杭州峰会，世界互联网大会等一系列重大活动的低空防御安全保障工作并受到表彰。,"https://www.zhaopin.com/jobdetail/CC120379650J40743082011.htm?refcode=4019&srccode=401901&preactionid=a7c1140f-c46c-45e5-b867-ab342d8bdc77"
3269,技术支持工程师,北京-海淀区,8000-13000元,北京市德光电子公司,"电子/半导体/集成电路,互联网,仪器仪表制造",20人以下,,CC120941640J40781246213,岗位职责： 1. 提供产品技术支持，协助销售团队完成销售目标。 2. 负责客户技术问题的咨询解答，提供专业的技术指导。 3. 收集并分析客户需求，为产品改进提供参考意见。 4. 配合市场部门进行产品推广和宣传。 岗位要求： 1. 熟悉公司产品及相关技术知识。 2. 英语四级及以上，有熟练的口语交流能力。 3. 有较强的团队合作精神和服务意识。,5月23日,"北京市德光电子公司，是一家从事专业设计、生产和销售无损检测（NDT）仪器设备的高新技术企业。1993年在北京中关村科技园注册成立。公司拥有一支由专家组成的专业研发队伍，和一个全国性的销售服务网络。德光公司卓越的产品质量、性能和产品的可靠性以及可信赖的售后服务，已赢得广大用户的赞扬。德光公司的商业目标是：""全面贯彻质量管理体系，提供具有高级功能、高可靠性、满意的价格和可信赖的服务的卓越产品""。公司当前生产的高科技产品包括：智能超声波测厚仪和里氏硬度仪两大系列，并拥有完全自主的知识产权。德光的产品和服务已广泛应用在中国的电力、石油化工、压力容器制造、机械制造和汽车制造等工业领域，为工业客户提供可靠的计量、检测和质量控制。德光公司在中国有一良好的销售和服务网络，在中国各大城市拥有40家全国性的销售服务分销商，他们在市场竞争和提供高质量服务方面的工作是卓有成效的。德光公司的产品现已大量出口到美国和欧洲市场。现在，因业务发展需要诚邀有实力及经验的人士加入我们的团队，我公司以最优的福利待遇和培训机会，实现员工和企业的和谐发展，共同开创德光辉煌的事业！","https://www.zhaopin.com/jobdetail/CC120941640J40781246213.htm?refcode=4019&srccode=401901&preactionid=a7c1140f-c46c-45e5-b867-ab342d8bdc77"
3270,技术支持工程师,柳州-城中区,8000-16000元,青岛安然物联网科技有限公司,"物联网,物联网",20-99人,未融资,CC559764920J40884194304,岗位职责： 1. 负责石化、化工厂人员定位系统的现场实施、现场交付和技术赋能等工作。 2. 对接客户需求，进行需求调研，制定详细的施工方案和计划。 3. 确保项目按照既定的时间节点和质量要求完成交付。 4. 对已交付的项目进行后期技术支持与维护。 岗位要求： 1. 年龄在25-35岁之间。 2. 能够适应经常出差的工作要求。 3. 熟悉信息化、弱电及工业互联网相关技术。 4. 具备良好的沟通协调能力和问题解决能力。,7月24日,基于精准人员定位的工业安全生产信息化管理专家，安全生产信息化管理引领者！作为全国实时定位技术标准工作组成员和应急管理部“工业互联网+危化安全生产”人员定位系统技术支持机构，安然从2012年起致力于基于ZigBee Plus三维立体按需精准定位的“工业互联网+安全生产”的研究，获得了20多项安全智能管控系统发明专利和著作权，持续引领中国化工行业生产现场智慧安全！安然以“准、稳、狠”的ZigBee Plus三维立体按需精准人员定位统和“底数清、数据准、情况明、研判准、措施实”的安全生产信息化平台为核心，整合访客管理、出入口控制、人脸识别、视频监控、语音广播、重大危险源监控、可燃有毒气体监测等系统，对生产现场人、机、料、法、环五大要素进行实时、动态、智能管控和预警，规范人的安全行为，保障人的生命安全，有效防范风险、主动化解风险，实现智慧安全。安然“以用为本”，把安全生产信息化建设与公司管理体系“深度融合”，把安全生产信息化建设与日常工作“紧密结合”，对安全生产切实“有用、实用、好用”，避免建用“两张皮”，让安全管控更智能，让生产更高效才实用。迄今已服务中石化、中石油、延长石油、国能、兖矿、京能、索普、新安、奇美、昊源、潞安、旭阳、垦利、逸盛、海科、酒钢、金发等几百家石化、化工、选煤、钢铁、电厂企业。安然以客户为中心，以强者为本，抬头乐干，愿意与同道中人联合、链接，携手共建、共用、共享生产安全命运共同体，一起干，一起干，让优秀企业更安全，让优秀企业更高效！,"https://www.zhaopin.com/jobdetail/CC559764920J40884194304.htm?refcode=4019&srccode=401901&preactionid=a7c1140f-c46c-45e5-b867-ab342d8bdc77"
3271,实施工程师,杭州-萧山区,8000-15000元,杭州科百特过滤器材有限公司,"新材料,化工",1000-9999人,不需要融资,CC143272750J40802153808,主要工作： 1.系统实施支持  - 协助完成系统需求调研与实施方案文档整理  - 跟进开发进度  - 参与功能测试用例执行及测试结果记录  - 整理用户操作手册、FAQ知识库等文档  2.客户服务实践  - 协助组织用户培训会务及知识转移  - 收集用户反馈问题并录入问题跟踪系统  - 参与系统优化需求分析会议并输出会议纪要,4月29日,"【公司介绍】科百特，是一家扎根中国本土，服务全球的新型科技创新公司，致力于各种过滤分离纯化技术和超净流体管理系统研究和开发，为全球集成电路制造和生物制药产业以及工业新能源产业提供创新的过滤、分离、纯化、一次性解决方案和超净流体管理解决方案。【全球化布局】总部坐落于浙江杭州，构建了辐射全球的服务网络：在上海、苏州、北京、武汉、合肥、中国台湾及日本、美国、新加坡、韩国设立了10家子公司，为全球132个国家的客户提供服务。【硬核科技实力】•国家级创新实力：2024年荣获""国家科学技术进步一等奖""•多维研发体系：11+膜技术平台、42个研究&应用中心、265项新技术研究方向，超过1300名技术研发人员，A.V.L技术验证中心通过CNAS认证。•知识产权矩阵：累计获授权专利800+项，开发出十多种独特的核心材料•全产业链能力：拥有包括核心膜研发生产在内的完整过滤分离纯化和超净流体管理产业链【人员规模】 6100+全球员工，其中专业技术工程师超过3000余人，顶尖海外技术专家20余人。【企业文化】●企业价值观：诚信正直，透明领导独立思考，团队合作聚焦客户，投资未来●企业理念：合作创造美好未来 Collaboration makes a better future，合作创造美好未来，这是Cobetter人坚守的初心。我们致力于和客户，供应商，员工，社区，股东建立持久的可信赖的合作关系。Cobetter和客户，员工之间持续十多年的非常稳定信赖的合作关系，让彼此都变得更加优秀成功。【优享福利】 1.薪资待遇：颇有行业竞争力的薪酬体系，以及多项人才激励，包括但不限于项目奖金、TUP虚拟股权激励等 2.工作氛围：营造简单、透明、平等多元的工作环境，让每个人都有机会展示自己的才华 3.生活便利：免费班车接送、工厂端设立免费医务服务中心、员工宿舍、员工食堂、健身房 4.个人发展：资深导师带教，精准的职业规划，完善的晋升通道，提供管理序列、专业序列的双通道发展 5.基础福利：法定节假日、带薪年假、五险一金、节日礼金、年度体检","https://www.zhaopin.com/jobdetail/CC143272750J40802153808.htm?refcode=4019&srccode=401901&preactionid=a7c1140f-c46c-45e5-b867-ab342d8bdc77"
3272,实施工程师,武汉-汉阳区,8000-12000元,深圳市织联云纺科技有限公司,"纺织业/服饰产品加工制造,纺织业/服饰产品加工制造",100-299人,不需要融资,CC886836910J40854548004,岗位职责  1.负责收集客户软件需求，形成文字说明，并与研发紧密沟通 2、负责对公司软件项目的售后服务、用户的培训、指导、维护； 3、负责编写相关项目的实施文档、操作手册、验收文档； 4、积极主动推进项目实施进度，做好现场实施的记录。 岗位要求： 1.学历大专及以上，英文四级以上优先，能接受海外出差 2.计算机相关专业毕业，有一年以上软件实施或开发经验,4月11日,织能控股是一家集设计研发、视觉、生产、销售于一体的高新科技型企业。创建至今，已与国内外5000多家企业建立良好合作关系，产品畅销全球，深受国内外客户的信赖和支持。海外已在多国设立分公司，并占据海外智慧工厂行业重要地位。国内业务发展迅速，以浙江、广东、湖北、江西、河南、江苏等地分公司为核心点，逐步稳健的向全国快速发展。织能控股秉承诚信、务实、共赢的经营理念，为服装行业数千家客户设计配套方面提供了优良的规划方案。公司致力于用智能设备推动服装产业链。合作的品牌：Adidas、Nike、SPYDER、Victoria's Secret、PINK、H&M、MUJI、polo、Jack Jones、UA、LULU、GAP等,"https://www.zhaopin.com/jobdetail/CC886836910J40854548004.htm?refcode=4019&srccode=401901&preactionid=a7c1140f-c46c-45e5-b867-ab342d8bdc77"
3273,技术支持工程师,榆林-榆阳区,8000-14000元,青岛安然物联网科技有限公司,"物联网,物联网",20-99人,未融资,CC559764920J40823510904,需要弱电技术、自动化、安防系统、工业互联网+危化安全生产、物联网人才，不要纯软件人才。  你能经常到全国各地出差吗？你能到工业生产现场生产现场做技术支持吗？   真正的奋斗者在安然会有让人值得为之奋斗的事业，会有充实、高效的成长，会有高人一等的收入。   你能做好售前技术支持、根据客户需求，高效制作方案吗？你能做好售中技术支持、指导他人正确安装、部署、调试系统向用户保质保量快速交付吗？你能做好售后维护，高效沟通和落实客户需求吗？   迄今已服务中石化、中石油、延长石油、国能、兖矿、京能、索普、新安、奇美、昊源、潞安、旭阳、垦利、逸盛、海科、酒钢、金发等几百家石化、化工、选煤、钢铁、电厂企业。    安然以客户为中心，以强者为本，抬头乐干，愿意与同道中人联合、链接，携手共建、共用、共享生产安全命运共同体，一起干，一起干，让优秀企业更安全，让优秀企业更高效！,2025-07-27 01:09:31,基于精准人员定位的工业安全生产信息化管理专家，安全生产信息化管理引领者！作为全国实时定位技术标准工作组成员和应急管理部“工业互联网+危化安全生产”人员定位系统技术支持机构，安然从2012年起致力于基于ZigBee Plus三维立体按需精准定位的“工业互联网+安全生产”的研究，获得了20多项安全智能管控系统发明专利和著作权，持续引领中国化工行业生产现场智慧安全！安然以“准、稳、狠”的ZigBee Plus三维立体按需精准人员定位统和“底数清、数据准、情况明、研判准、措施实”的安全生产信息化平台为核心，整合访客管理、出入口控制、人脸识别、视频监控、语音广播、重大危险源监控、可燃有毒气体监测等系统，对生产现场人、机、料、法、环五大要素进行实时、动态、智能管控和预警，规范人的安全行为，保障人的生命安全，有效防范风险、主动化解风险，实现智慧安全。安然“以用为本”，把安全生产信息化建设与公司管理体系“深度融合”，把安全生产信息化建设与日常工作“紧密结合”，对安全生产切实“有用、实用、好用”，避免建用“两张皮”，让安全管控更智能，让生产更高效才实用。迄今已服务中石化、中石油、延长石油、国能、兖矿、京能、索普、新安、奇美、昊源、潞安、旭阳、垦利、逸盛、海科、酒钢、金发等几百家石化、化工、选煤、钢铁、电厂企业。安然以客户为中心，以强者为本，抬头乐干，愿意与同道中人联合、链接，携手共建、共用、共享生产安全命运共同体，一起干，一起干，让优秀企业更安全，让优秀企业更高效！,"https://www.zhaopin.com/jobdetail/CC559764920J40823510904.htm?refcode=4019&srccode=401901&preactionid=a7c1140f-c46c-45e5-b867-ab342d8bdc77"
3274,软件测试,杭州-滨江区,2001-4000元,杭州海康威视数字技术股份有限公司,"人工智能,工业自动化,人工智能,物联网",10000人以上,已上市,CC120975580J40821164715,职位描述： 初期了解智能测试业务，对测试环节进行支撑 ；后续参与项目，从需求、到测试方案、测试用例等设计，及测试环境搭建、用例执行、缺陷跟踪、测试结果分析，报告编写等工作。   任职资格： 1. 计算机、人工智能、图像处理等相关方向专业。 2. 熟悉linux系统，掌握linux常用命令。 3. 具有python、 CC++等任意一基础开发能力。 4. 善于思考，有较好的沟通能力、责任感和良好的积极性、主动性。 5. 具有长期且稳定的实习时间，且后期职业发展规划为测试岗方向。,3月14日,【公司介绍】海康威视成立于2001年，是一家专注技术创新的科技公司，致力于将物联感知、人工智能、大数据技术服务于千行百业，引领智能物联新未来：以全面的感知技术，帮助人、物更好地链接，构筑智能世界的基础；以丰富的智能产品，洞察和满足多样化需求，让智能触手可及；以创新的智能物联应用，建设便捷、高效、安心的智能世界，助力人人享有美好未来。【公司实力】全球业务覆盖150+国家/地区，11大全球研发中心，7大全球制造基地；58000+全球员工，其中研发人员和技术服务人员超27951人，研发投入占全年营业收入11.80%，绝对数额占据业内前茅（2022年年报）；视频感知—国家新一代人工智能开放创新平台（中华人民共和国科学技术部颁布）；连续6年蝉联“全球安防50强”第1位（a&s《安全自动化》）；连续6年蝉联“中国最佳雇主”全国30强（智联招聘）。【薪酬福利】基础福利：五险一金、补充商业保险、年度健康体检；假期福利：带薪年假、全薪病假、婚假、产育假、母婴照顾假、育儿假等；多重补贴：餐饮补贴、交通补贴、通讯补贴、团队建设津贴；乐活配置：免息住房借款、特色员工餐厅、免费停车场、免费健身房、理疗室、定期义诊等园区服务等（园区服务部分区域可享，详请咨询当地HR）；人才激励：年终奖、核心员工跟投创新业务计划股权激励、金砖奖；*公司为常驻海内外的员工，提供健全的物质和人身保障、人性化的探亲福利。,"https://www.zhaopin.com/jobdetail/CC120975580J40821164715.htm?refcode=4019&srccode=401901&preactionid=a7c1140f-c46c-45e5-b867-ab342d8bdc77"
3275,C/C++,广州-天河区,1.5-3万,中望软件,"计算机软件,IT服务,互联网",1000-9999人,已上市,CC151294010J40767972914,岗位职责： 1、负责中望产品子模块的研发工作，包括：功能设计、原型开发、编码实施、模块测试等。 2、在实现产品功能的基础上，能够有效利用面向对象方法，代码重用等原则对项目代码进行优化，使其有良好的可维护性和扩展性。 3、作为团队不可或缺的一员，能够为团队建设、产品改进做出自己独特的贡献，能和其他关联部门一起工作，共同为中望产品而努力。 任职资格： 1、本科及以上，软件工程、计算机科学与技术、机械工程及自动化、数学、应用数学、电子科学与技术、力学等工科相关专业； 2、熟练掌握C/C++编程语言，掌握Windows/Linux平台下各种常用开发工具及知识； 3、1-5年软件开发相关经验，有CAD/CAE/CAM领域或者汽车、船舶、航空领域开发经验者优先； 4、良好的沟通表达能力及团队合作精神，学习能力强，有高度责任心。,6月27日,公司介绍公司简介广州中望龙腾软件股份有限公司是领先的All-in-One CAx（CAD/CAE/CAM）解决方案提供商、国内A股第一家研发设计类工业软件上市企业（股票代码：688083），专注于工业设计软件超过20年，建立了以“自主二维CAD、三维CAD/CAM、电磁/结构等多学科仿真”为主的核心技术与产品矩阵。目前，中望软件设有广州、武汉、上海、北京、西安、美国佛罗里达六大研发中心，延揽全球优秀人才致力于CAx核心技术研发。发展规模自1998成立至今，1000+员工。以广州为总部，在北京、上海、武汉、西安、重庆、南京、青岛、成都、美国佛罗里达以及越南河内等地设立了分支机构/办事处。技术、服务与产品技术六大研发中心（广州、上海、北京、武汉、西安、佛罗里达），超25年经验的世界级研发团队，自主研发的二维CAD平台技术，三维几何建模内核及混合建模技术，以及EIT算法、网格剖分、前后处理等核心技术。服务致力于为用户提供核心二、三维基础设计、行业专属设计、个性化定制及更多CAx拓展应用的整体解决方案。依托先进的CAD/CAM/CAE技术，中望软件为普教、职教和本科院校提供全方位的教育解决方案。产品中望已形成了以CAD、CAE、CAM为核心的CAx产品技术矩阵，同时积极拓展API接口，并进行广泛的技术合作，持续拓展产品的能力边界，以满足不同行业复杂应用需求。产品涵盖中望二维CAD、中望三维CAD、中望仿真分析、中望教育系列产品以及应用生态系列产品。业务布局国内扎根国内市场，持续提升国产工业软件的使用体验。现有客户涵盖中船集团、中交集团、中国移动、中车株洲所、京东方、格力、海尔、国家电网等知名企业。海外自2004年开始首开中国工业软件海外出口先河，目前拥有15种语言版本的软件产品，畅销全球90多个国家和地区，全球合作伙伴超过260家，正版授权用户数突破90万，逐步实现了业务国际化—研发国际化—服务国际化的战略升级。教育依托先进的CAx技术，中望软件自2008年开始持续投入教育事业，助力国产工业设计软件应用、研发人才的培养，赋能创新教育发展。如今，中望软件已经为3000多所院校的众多专业提供人才培养解决方案，并服务K12学校/机构超70000所。欢迎您到公司官网（了解更多相关信息，真诚期待您的加盟，官网：www.zwsoft.cn),"https://www.zhaopin.com/jobdetail/CC151294010J40767972914.htm?refcode=4019&srccode=401901&preactionid=a7c1140f-c46c-45e5-b867-ab342d8bdc77"
3276,技术支持工程师,自贡-沿滩区,4000-8000元,四川大禹机械密封件制造有限公司,"通用设备制造,通用设备制造",100-299人,未融资,CC289275880J40753256711,特别说明： 本岗位为技术型销售支持方向培养，不是推销型销售岗，入职后有统一带薪培训。 岗位职责： 1、根据团队业务要求进行学习，对机械密封材质、选型、产品特质与实际工况、辅助系统等进行系统性学习； 2、出差拜访客户，与客户进行技术交流、测绘、方案设计等事宜，为客户提供参考方案和技术技术支持，解答客户技术和商务问题； 3、负责客户需求的设计选型，方案提交，技术澄清等工作； 4、负责售中客户现场产品改造，售后服务工作，解决用户现场技术问题。 任职要求： 1、统招本科及以上学历，机械设计制造及其自动化、过程装备与控制工程、能源与动力、车辆工程等相关专业； 2、具备识图能力和基础的2D/3D制图能力； 3、语言表达能力强、清晰的目标感，自我定位和未来发展规划，责任心强、良好团队合作精神； 4、能接受出差，驾驶技术熟练优先考虑。,7月12日,（前言：本企业连续超20年无拖欠员工工资、工作环境较优、工作氛围好，建议到公司实际实际查勘交流）四川大禹机械密封件制造有限公司，始建于一九七六年，公司占地25000平米，建筑面积18000平米。公司注册资本3000万元，现有员工125人，其中工程技术人员18人，各类生产设备120余台，年产各型集装式机械密封12000台（套）。公司是“国家高新技术企业”、“专精特新”企业、“中国液压气动密封件工业协会”理事会员企业、“中国通用机械工业协会泵业分会”会员企业、“自贡市机械密封协会”会长企业。公司通过“美国石油学会”APIQ1认证，拥有一个市级“技术中心”，现有各项专利54件，商标6件。先后完成省、市级科研项目九项，获得国家、省、市级专项资金项目七项。公司产品出口多个国家和地区。,"https://www.zhaopin.com/jobdetail/CC289275880J40753256711.htm?refcode=4019&srccode=401901&preactionid=a7c1140f-c46c-45e5-b867-ab342d8bdc77"
3277,C/C++,西安-长安区,6000-9000元,西安中科立德红外科技有限公司,"仪器仪表制造,仪器仪表制造,人工智能,船舶/航空/航天/火车制造",300-499人,B轮,CC470461430J40771962413,职责描述： 1) WINDOWS/LINUX系统应用软件设计、开发及调试； 2) 基于QT/MFC/WINFORM等开发框架的软件界面编程设计及调试； 3) 根据项目需求独立完成设计文档编写以及代码编写、调试、测试等工作； 4) 研究软件开发与人工智能的创新性结合，提升产品附加值。 任职要求： 1) 计算机，软件工程、电子信息、应用数学等相关专业本科及以上学历； 2) 熟练掌握C#、C/C++中至少一种语言，能完成程序的移植及优化，有较强的编程能力和调试经验； 3) 有图像处理相关应用编程经验者优先； 4）有良好的沟通、学习能力与团队合作精神。,4月27日,西安中科立德红外科技有限公司，创立于2015年，是中科院西光所孵化的一家以红外热像技术为核心的智能光电设备研制企业，长期以来，是国内知名的红外成像与测量设备供应商，同时也是中国医疗红外行业的倡导者。公司拥有大批复合型技术人才，现有人员150余人，科研人员占比超过50%，其中高级科研人员25人，省市区高层次人才10人。公司拥有多项专利，涵盖了高灵敏红外成像、高精度红外温场测量、3D视觉重建、智能红外医学检测等多项核心技术，研制的产品已成功配套于各项领域的50余家知名企事业单位。公司拥有光电设备集成、精密光学加工和特种镜头装校三大中心，配备数控抛光、轮廓仪、三坐标、干涉仪、光电整机测试系统等各类型先进设备200余台（套），具备光电产品从设计、加工到集成，检测全过程的实现能力。经多年探索，公司已获得国家重点专精特新“小巨人”、国家高新技术企业、国家知识产权优势企业、陕西省隐形冠军企业、陕西光子产业创新联合体核心成员单位、西安市瞪羚企业、西安市高新区潜在独角兽企业等多项殊荣。,"https://www.zhaopin.com/jobdetail/CC470461430J40771962413.htm?refcode=4019&srccode=401901&preactionid=a7c1140f-c46c-45e5-b867-ab342d8bdc77"
3278,实施工程师,临沂-兰山区,6000-11000元,东华医为科技有限公司,"IT服务,IT服务",1000-9999人,未融资,CC649781480J40710253705,工作内容 1、负责医疗软件的实施与部署，确保项目按时交付。 2、与客户进行沟通，理解需求并提供技术支持与解决方案。 3、医院管理系统软件的需求调研、用户培训、软件测试等工作。 任职要求 1.学习能力强，能较快掌握和应用新技术 2.具备较好的独立解决问题的能力 3.有较强的适应能力、能出差、抗压能力强 4.工作敬业，责任心强，能够按照规定的工作流程开展工作 5.积极主动，发现问题及时提出意见和建议 6.善于沟通，有较好的表达能力和职业素质  7.计算机软件相关专业，985、211院校优先，最低本科一批院校学历。,2025-07-27 01:12:03,东华医为科技有限公司（简称东华医为）成立于2012年5月，注册资金5000万，是东华软件股份公司旗下专业服务医疗、卫生等大健康领域IT业务的全资子公司。东华医为现有员工2000余人，其中技术人员占比达到90%，拥有近100项大健康类自主知识产权的软件产品，所覆盖的大健康领域有医疗机构、卫生管理机构、互联网医疗、人工智能、大数据、健康管理等，所涉及的主要业务有IT咨询规划、方案设计、系统集成、软件开发与交付、工程实施与交付、人才培养、售后运维、合作运营等。东华医为现为全国500余家大健康领域的各类用户提供着持续的技术服务，还连续多年蝉联中国十佳医疗行业解决方案商榜首。传承了东华软件医疗卫生事业部近二十年IT业务的东华医为，在高速发展的大健康领域，笃定能大有作为。,"https://www.zhaopin.com/jobdetail/CC649781480J40710253705.htm?refcode=4019&srccode=401901&preactionid=a7c1140f-c46c-45e5-b867-ab342d8bdc77"
3279,硬件测试,东莞-None,1.2-2万,软通动力信息技术(集团)股份有限公司,"互联网,IT服务,计算机软件",10000人以上,D轮及以上,CC000544460J40584812916,岗位内容： 1. 执行硬件测试任务，并维护测试数据和文档； 2. 跟进测试过程中发现的问题，协助解决硬件缺陷； 3. 收集硬件测试需求，推动测试工具和方法的改进。 任职要求： 1. 熟悉常用的硬件测试方法和工具，有相关经验者优先考虑； 2. 善于沟通和协作，具有良好的团队合作精神； 3. 具备较强的学习和自我提升意愿，能够快速适应新环境和新技术。,7月3日,软通动力信息技术（集团）股份有限公司（以下简称“软通动力”）是中国数字技术产品和服务创新领导企业，致力于成为一家具有全球影响力的科技企业，企业数字化转型可信赖合作伙伴。公司2005年成立于北京，多年来始终坚持科技创新，具有软硬全栈的智能技术产品和服务能力，提供软件与数字技术服务、计算产品与数字基础设施、数字能源与智算服务以及国际化服务。目前，公司在10余个重要行业服务超过1100家国内外客户，其中超过230家客户为世界500强或中国500强企业，员工近90000人。软通动力拥有软通咨询、软通金科、软通工业互联、机械革命、软通华方等业务子品牌，并在全球40余个城市布局业务，构建北美、日本、东南亚、中东四大国际交付中心，在北京城市副中心、江苏无锡建设两大智能制造基地。同时，公司前瞻布局智能制造、ICT软硬基础能力和生产力智能化产品，打造产业链闭环。软通动力设立30个能力中心，拥有1个国家级工程实验室，6个省市政府认定的工程、技术实验室及研发中心，1个博士后科研工作站，50+技术合作伙伴的生态合作体系，不断探索前沿技术的巨大商业应用潜力。公司旗下教育品牌软通教育，拥有一家全日制本科学院——郑州西亚斯学院数字技术产业学院；同时在全国合作院校600多所，设有70多个校企联合人才培养基地，通过校企合作、协同育人，为社会培养高素质应用型人才。软通动力先后获得“2023年中国IT服务市场排名TOP 1”、“2024年Q4 PC出货量国内市场份额排名TOP 2”、“2024年中国软件和信息技术服务竞争力百强企业”、“2023年中国信创企业100强”、“2024万得ESG评级（Wind ESG Rating）AA级及信息技术服务行业ESG综合得分排名第一”等荣誉及市场认可，并拥有全球软件工程领域最高级别CMMI V2.0成熟度5级评估认证、国家研发运营一体化（DevOps）三级能力成熟度模型认证、信息技术服务标准（ITSS）运维能力成熟度一级认证等专业资质，支撑公司更优质的服务体系。,"https://www.zhaopin.com/jobdetail/CC000544460J40584812916.htm?refcode=4019&srccode=401901&preactionid=a7c1140f-c46c-45e5-b867-ab342d8bdc77"
3280,前端开发,北京-昌平区,1.5-2.5万,科锐尔人力资源服务(苏州)有限公司,咨询服务,1000-9999人,已上市,CC453635220J40803657903,Major Responsibilities  • 负责 React / Vue / Angular 等前端框架的应用开发和优化，确保代码的高效性和可维护性。 • 与 UI/UX 设计师协作，打造兼具美观与高可用性的用户界面。 • 对接后端开发团队，优化 API 调用、数据交互及系统集成。 • 持续优化前端性能，提高页面加载速度与交互流畅度。 • 参与代码评审，推动前端工程化与规范化，提升团队代码质量。 • 关注前端技术发展趋势，并推动新技术的应用落地。 • 负责前端开发的全生命周期，包括 需求分析、设计、开发、测试、部署。,6月23日,"科锐国际人力资源有限公司成立于1996年，总部位于北京。作为亚洲领先的整体人才解决方案服务商，科锐国际在中国大陆、香港、印度、新加坡等亚洲地区拥有超过79家分支机构，1,500余名专业招聘顾问，在超过18个行业及领域为客户提供中高端猎头、招聘流程外包、灵活用工、营销外包、校园招聘、培训、招聘咨询等解决方案。截至目前，科锐已与2,000余家跨国集团、国内上市公司、快速成长性企业及非盈利组织建立长期合作关系。其中70%为外资500强企业。","https://www.zhaopin.com/jobdetail/CC453635220J40803657903.htm?refcode=4019&srccode=401901&preactionid=a7c1140f-c46c-45e5-b867-ab342d8bdc77"
3281,技术支持工程师,广州-天河区,120-150元/天,广州河东科技有限公司,"智能硬件,物联网,人工智能,智能硬件",300-499人,A轮,CC834430510J40735728914,备注：该岗位工作语言主要为英语 任职要求： 1、本科及以上学历，理工类专业，具备电子、通讯、软件综合理论知识。  2、英语CET4或同等及以上水平，日常工作为英语口语交流；掌握CAD、PPT等办公软件优先。 3、具有良好的沟通协调能力和学习能力。 4、可全职实习6个月及以上，2026届同学优先。 岗位职责： 1、负责客户的产品使用咨询、项目问题解答及处理。  2、通过电话、视频或文字的方式，协助解决客户投诉案件。  3、以线上结合线下的方式，为客户提供技术培训。  岗位说明： 1、该岗位后续往技术支持工程师或售前工程师方向培养。 2、因客户时差问题有时需要安排值班，值班时长可用于调休。 3、该岗位转正后有出差的可能性，4-5次/年，每次1-2周，中东、欧洲、印度为主。 实习待遇：实习工资120-150元/天+餐补25元/天+公司购买商业意外险,6月18日,广州河东科技有限公司（HDL）始于1985年，是一家致力于“用智能产品创造健康生活空间”的全球化科技企业，目前已成长为有线智能控制领导品牌，业务涵盖全屋智能、智能照明、智慧酒店、智慧养老等领域，核心品类包括主机、继电器、调光器、灯光驱动、暖通控制器、面板、传感器、协议转换器等。截至2024年，HDL的智能产品已出口全球106个国家和地区，代表案例包括北京人民大会堂、上海世博会中国馆、广州天环广场、深圳龙华金茂府、澳门摩珀斯酒店、迪拜国际机场、比利时北约总部大楼、伦敦O2酒店、德国宝马博物馆、捷克布拉格国家歌剧院等。福利保障：员工食堂（餐饮补贴）、员工宿舍、通勤班车、五险一金、周末双休、定期体检、培训学习……公司地址：广州市天河区建中路24号广州市番禺区石楼镇莲花西路86号杭州市余杭区未来科技城乐富海邦园,"https://www.zhaopin.com/jobdetail/CC834430510J40735728914.htm?refcode=4019&srccode=401901&preactionid=a7c1140f-c46c-45e5-b867-ab342d8bdc77"
3282,C/C++,重庆-渝北区,1.2-2万·13薪,重庆山外山血液净化技术股份有限公司,"医疗设备/器械,医疗设备/器械",1000-9999人,已上市,CC343078780J40203279606,【岗位职责】   1、负责医疗设备软件系统的设计和开发（上位机开发）；   2、负责软件系统开发过程中相关调试、测试及文档编写工作；   3、负责所设计模块软件的发布、更新和维护。      【任职要求】   1、统招本科及以上学历，计算机、电子信息、自动化等相关专业；   2、熟悉C++编程语言、熟练使用Linux操作系统；   3、具备软件系统架构设计能力和独立软件模块设计能力者优先考虑；   4、经验不限，可接受优秀硕博应届毕业生培养。,7月2日,重庆山外山血液净化技术股份有限公司（以下简称为“山外山公司”）成立于2001年，是一家集血液净化设备、血液净化耗材、血透中心智能管理系统和连锁血液透析中心于一体的国家高新技术企业，为全球肾脏病和危重症患者提供血液净化整体解决方案。山外山公司是中国血液净化行业的龙头企业、国家标准和行业标准起草单位，同时也是中国血液净化行业唯一科创板上市企业（“山外山”，股票代码:688410）。山外山公司旗下包括全资子公司重庆天外天生物技术有限公司、重庆康美佳血液透析有限公司等，以及中瑞合资公司德莱福（重庆）医疗器械有限公司。山外山公司长期坚持创新驱动发展战略，拥有“国家级企业技术中心”、“国家工程研究中心”、“国家博士后科研工作站”等国家级科技创新平台，先后荣获“国家科学技术进步奖二等奖”等多项国家级奖项，被评为“国家技术创新示范企业”。公司通过了ISO13485:2016质量管理体系认证，系列产品获得欧盟CE认证，产品质量稳定可靠。山外山公司基于原创性血液净化设备的核心关键技术，自主研发了连续性血液净化设备(CRRT)、血液透析机、血液灌流机，以及透析器、透析液过滤器、透析管路、灌流器、透析粉/液等血液净化耗材。产品在临床上广泛用于治疗急慢性肾衰、尿毒症、中毒和多器官衰竭等多种危重症。公司系列产品均入选“优秀国产医疗设备产品遴选”目录。山外山公司产品已销往国内外数千家医疗机构，包括解放军总医院、上海交通大学附属医院、南方医科大学附属珠江医院、山东大学齐鲁医院、中南大学湘雅二院等多家知名大型三甲医院，并出口意大利、希腊、西班牙、马来西亚、印度、南非等全球近90个国家和地区，实现市场装机数万台，服务全球数十万名肾病患者。,"https://www.zhaopin.com/jobdetail/CC343078780J40203279606.htm?refcode=4019&srccode=401901&preactionid=a7c1140f-c46c-45e5-b867-ab342d8bdc77"
3283,Java,杭州-滨江区,1.3-2.5万·14薪,外企德科数字技术有限公司,专业技术服务,10000人以上,,CCL1480117890J40753610505,岗位职责 在这里，您将从事IT应用层软件、分布式云化软件、互联网软件等的设计开发，可以采用敏捷、Devops、开源等先进的软件设计开发模式，接触最前沿的产品和软件技术，成为大容量高并发技术的专家；您将参与软件研发工作，包括但不限于： （1）完成从客户需求到软件产品定义、架构设计、开发实现、再到上线运营维护等产品生命周期中的各个环节； （2）创造性解决产品在实现过程中的技术难题，应用前沿技术提升产品的核心竞争力，如分布式系统、性能调优、可靠性、数据库等； （3）有机会参与业界前沿技术研究和规划，参与开源社区运作，与全球专家一起工作、交流，构建公司在业界影响力。 岗位要求 岗位要求 1、计算机、软件、通信等相关专业本科及以上学历； 2、热爱编程，基础扎实，熟悉掌握但不限于JAVA/C++/C/Python/JS/HTML/GO等编程语言中的一种或数种，有良好的编程习惯； 3、具备独立工作能力和解决问题的能力、善于沟通，乐于合作，热衷新技术，善于总结分享，喜欢动手实践； 4、对数据结构、算法有一定了解； 5、优选条件： （1）熟悉TCP/IP协议及互联网常见应用和协议的原理； （2）有IT应用软件、互联网软件、IOS/安卓等相关产品开发经验，不满足于课堂所学，在校期间积极参加校内外软件编程大赛或积极参于编程开源社区组织； （3）熟悉JS/AS/AJAX/HTML5/CSS等前端开发技术。,2025-07-27 00:23:49,外企德科数字技术有限公司是一家2023年新成立的中外合资企业。成立于2023年11月24日，公司定位：专注于为信息技术企业提供人才及数字技术外包解决方案的中外合资企业。它是由中国人力资源服务行业的FESCO（北京国际人力资本集团）与全球人力资源服务领导者The Adecco Group（德科集团）合资成立的。公司主要提供网络技术服务、软件外包服务、计算机系统服务、技术进出口、软件开发等信息技术相关服务。专注于为信息技术企业提供信息技术类人才及数字技术外包解决方案。,"https://www.zhaopin.com/jobdetail/CCL1480117890J40753610505.htm?refcode=4019&srccode=401901&preactionid=a7c1140f-c46c-45e5-b867-ab342d8bdc77"
3284,软件测试,杭州-滨江区,1.5-3万·14薪,外企德科数字技术有限公司,专业技术服务,10000人以上,,CCL1480117890J40624737105,【岗位职责】 1、根据存储产品需求制定测试计划，设计测试用例； 2、有效地执行测试用例，提交测试报告； 3、准确地定位并跟踪问题，推动问题及时合理地解决； 4、完成对存储和盘产品相关的功能、性能、可靠性和兼容性的集成测试验证； 5、实现需求的自动化测试。 ,2025-07-27 00:23:23,外企德科数字技术有限公司是一家2023年新成立的中外合资企业。成立于2023年11月24日，公司定位：专注于为信息技术企业提供人才及数字技术外包解决方案的中外合资企业。它是由中国人力资源服务行业的FESCO（北京国际人力资本集团）与全球人力资源服务领导者The Adecco Group（德科集团）合资成立的。公司主要提供网络技术服务、软件外包服务、计算机系统服务、技术进出口、软件开发等信息技术相关服务。专注于为信息技术企业提供信息技术类人才及数字技术外包解决方案。,"https://www.zhaopin.com/jobdetail/CCL1480117890J40624737105.htm?refcode=4019&srccode=401901&preactionid=a7c1140f-c46c-45e5-b867-ab342d8bdc77"
3285,实施工程师,北京-朝阳区,1-2万,赤峰谛禾汽车科技有限公司,专业技术服务,500-999人,不需要融资,CCL1252891030J40719271511,岗位内容： 1. 实施公司产品的安装、配置和测试。 2. 调试网络设备，确保系统正常运行。 3. 为客户提供培训和技术支持。 4. 协调团队成员，协作完成项目任务。 任职要求： 1. 具备计算机或通信工程相关专业背景，有实施经验。 2. 熟悉TCP/IP协议、LAN/WAN网络，能熟练使用Linux系统。 3. 具备较强的沟通能力和团队协作精神。 4. 具备一定的英语读写能力，能看懂国外技术资料。,7月26日,赤峰谛禾汽车科技有限公司成立于2020年，总部位于内蒙古自治区赤峰市松山区，是一家专注于汽车后市场服务的综合性企业。公司以机动车维修保养为基础，整合汽车销售、零配件零售、技术开发、代驾服务、保险代理等多元化业务，形成覆盖车辆全生命周期的服务体系，致力于为客户提供便捷的一站式解决方案。依托本地化服务网络与资源整合能力，公司逐步构建起以汽车维修为核心、周边配套服务协同发展的业务生态。通过规范化的服务流程与专业化团队，企业已与内蒙古地区多个机构建立稳定合作，并在赤峰区域市场积累了良好的客户口碑。注册资本150万元，现有团队规模约百人，展现出稳健的发展态势与市场适应力。秉承“服务驱动价值”的理念，公司持续优化服务场景，拓展技术开发与数字化应用领域，积极探索汽车后市场创新模式。未来将继续深耕本地化运营，强化资源协同效应，为区域消费者创造更优质的汽车生活体验。,"https://www.zhaopin.com/jobdetail/CCL1252891030J40719271511.htm?refcode=4019&srccode=401901&preactionid=a7c1140f-c46c-45e5-b867-ab342d8bdc77"
3286,软件测试,南昌-红谷滩区,1-1.2万·13薪,青岛瑞晟元人力资源有限公司,人力资源服务,20人以下,不需要融资,CCL1431271280J40778348207,岗位职责： 1. 负责软件的功能测试。 2. 执行测试用例，报告缺陷并跟踪缺陷的修复。 3. 与开发团队协作，确保软件质量满足需求。 4. 参与软件测试流程的优化和改进。 岗位要求： 1. 熟悉软件测试理论、方法和流程。 2. 具备功能测试经验。 3. 了解运维工程师、网络工程师的工作内容，能进行基本的IT质量管理。 4. 有信息技术、标准化、电子或电路工程相关背景者优先。 薪资待遇：包住、六险一金、工龄工资、生日礼金、定期体检、带薪年假、绩效奖、项目奖、年终奖.,2025年07月30日,,"https://www.zhaopin.com/jobdetail/CCL1431271280J40778348207.htm?refcode=4019&srccode=401901&preactionid=a7c1140f-c46c-45e5-b867-ab342d8bdc77"
3287,科研人员,宁波-江北区,2.5-3万,博创网(杭州)人才科技有限公司,人力资源服务,20-99人,未融资,CCL1501814210J40692482806,一、招收条件 1．具有良好的政治素质和道德修养，遵纪守法； 2．具有较强的研究能力和敬业精神，能够尽职尽责地完成博士后研究工作； 3．获得211、985重点院校博士学位。品学皆优，身体健康，年龄在40岁以下，土木工程等相关专业背景； 二、课题方向 幕墙安全评估与加固、装配式住宅关键技术研究、软土地基地下空间开发技术、智能建造、绿色施工、建筑材料 三、待遇 国企，年薪30-35万，提供住宿条件，可以享受博后60w安家费以及直接认定高级职称。人才引进序列，可以选择科研或管理发展方向。,7月22日,,"https://www.zhaopin.com/jobdetail/CCL1501814210J40692482806.htm?refcode=4019&srccode=401901&preactionid=a7c1140f-c46c-45e5-b867-ab342d8bdc77"
3288,前端开发,南京-浦口区,8000-10000元,上海骅众信息技术有限公司,"人工智能,IT服务",100-299人,不需要融资,CCL1268601760J40727356809,岗位职责: 1.负责前端功能实现及开发可重用的页面模板和组件； 2.负责整体Web前端用户体验、技术方案及改进工作； 3.持续优化前端体验和页面响应速度，并保证兼容性和执行效率； 4.负责前端框架使用的培训和新技术的分享。 任职要求： 1.计算机、地理信息系统等相关专业大专及以上学历； 2.熟练使用vue/react技术栈； 3.对常见UI框架和组件库有一定了解； 4.熟悉各浏览器兼容性处理，以及HTML+JS性能优化； 5.有激情，有owner意识，能自我驱动；  6.有百度、高德地图经验， 有webGIS开发经验的优先考虑,7月2日,上海骅众信息技术有限公司成立于2020年06月23日，注册地位于上海市青浦区浦仓路485号1幢，经营范围包括一般项目：信息科技、电子科技、计算机、网络科技、智能化科技及通讯科技领域内技术开发、技术咨询、技术转让、技术服务，信息系统运行维护服务，电子、机械设备维护，网络技术服务，网络与信息安全软件开发，计算机软硬件及辅助设备零售。上海骅众信息技术有限公司对外投资1家公司。,"https://www.zhaopin.com/jobdetail/CCL1268601760J40727356809.htm?refcode=4019&srccode=401901&preactionid=a7c1140f-c46c-45e5-b867-ab342d8bdc77"
3289,Java,济南-历下区,3000-6000元,济南凡诚信息技术有限公司,"计算机软件,互联网,IT服务,运营商/增值服务",20-99人,未融资,CC492667920J40572393611,任职资格： 1、应、往届计算机、信息、软件、电子技术、自动化、电子商务等相关专业及理工科的专、本科学生，计算机相关专业者优先。 2、对编程感兴趣，有志于在IT行业发展。 3、有计算机语言基础，如：JAVA、C语言、C++、C#、.Net、ASP、JSP、PHP、HTML等。 4、能对常见web应用服务器进行性能调优，参与过大型网站设计的优先考虑。 5、有较强的自学能力和攻克技术难点的能力，有良好的沟通能力、积极主动性、条理性和逻辑思维能力。 任职要求： 1、理工科、 计算机（网络）、电子信息、软件工程、（电气）自动化、测控、生仪、机电等相关计算机专业； 有计算机语言者优先，如：C语言、C++、Java、.Net等。 2、逻辑思维能力强，希望在软件行业长期发展者均可投递。 待遇： （五险一金，带薪休假，过节福利，法定节假日加班会有三薪补偿，），平均年薪5-10万元甚至更高。 职业规划： Java程序员----开发工程师----高级架构师----技术经理（TM）----项目经理（PM）--------首席技术官（CTO） 职位福利：五险一金、年底双薪、节日福利、带薪年假、绩效奖金  ,6月24日,济南凡诚信息技术有限公司总部济南市，公司拥有一支高素质、具创新精神、不断进取、积极协作的团队，技术团队占整个团队的65%。公司成立以来，秉承“以市场为导向、以客户为中心”的经营理念，为众多集团企业和政府客户提供了包括软件产品、应用开发，管理咨询和系统集成在内的优质服务，为中国高端企业和政府客户市场的领导品牌之一。公司的使命是：我们始终坚持“以客户为中心”的核心理念，关注客户的需求，真正了解客户的业务，秉承“使客户价值最大化”，为客户提供安全、可靠、高质量、高扩展和高性价比的端到端解决方案，帮助您实现信息化管理最佳实践，并获得更大的成功。公司十分重视前沿性、前瞻性技术的研究，在实践中形成了自主创新的核心技术。公司拥有一支在能源、政府部让、通讯领域具有深厚背景的专业团队，在创新研发、资源整合和咨询服务上具有丰富的经验。公司的创始人及核心团队有多年的技术服务背景，不仅可以帮助合作伙伴实现其技术研发，更多的是为客户及合作伙伴的运营和管理提供专业的服务。公司以优秀的工程实施能力、诚信的合作态度完成了多个大型计算机系统集成项目，向客户提供包括业务咨询、方案论证、需求分析、系统设计、设备选型、系统集成和售后维护等完整的专业化集成服务。“积极主动、大胆创新、团队合作、快速执行”是公司要求团队成员具备的基本素质，公司推崇“以客户共成长”的工作理念和“快乐工作”的工作氛围，原与客户、合作伙伴共同开拓和推广中国的信息化应用，共同成长，合作共赢！,"https://www.zhaopin.com/jobdetail/CC492667920J40572393611.htm?refcode=4019&srccode=401901&preactionid=a7c1140f-c46c-45e5-b867-ab342d8bdc77"
3290,科研人员,厦门-翔安区,2.2-4万,嘉庚创新实验室,"学术/科研,新能源,电子/半导体/集成电路",300-499人,未融资,CCL1293679000J40623775715,一、岗位职责：基于未来显示技术研究院的“Micro LED技术创新平台”，重点开展Micro-LED材料外延与芯片制备、Micro-LED巨量转移与检测修复等研究。,2月29日,以上岗位由厦门大学化学化工学院采用劳动合同/劳务派遣方式用工。嘉庚创新实验室（全称：福建能源材料科学与技术创新实验室）是由福建省政府批准设立、厦门市政府与厦门大学共同举办的二类事业单位。实验室以攻克“卡脖子”技术、推动高技术产业化为己任，布局高效能源存储、低碳能源系统、未来显示技术、石墨烯等先进材料、仪器装备网络、能源政策智库、产业建设与标准等7大研发方向等研发方向。,"https://www.zhaopin.com/jobdetail/CCL1293679000J40623775715.htm?refcode=4019&srccode=401901&preactionid=a7c1140f-c46c-45e5-b867-ab342d8bdc77"
3291,科研人员,上海-嘉定区,1.2-2万,上海新漫传感科技有限公司,"电子/半导体/集成电路,仪器仪表制造",100-299人,,CC120085090J40720100505,职责描述： 1、负责探测器的方案设计，包括理论计算、物理模拟和实验分析； 2、负责探测器的物理结构设计及制作工艺设计； 3、负责探测器相关的设计开发文档的编制； 4、负责探测器的性能测试及相关测试记录的编制； 5、负责探测器制作指导书等相关转产文档的编制。 任职要求： 1、高能物理、核物理、核科学与技术相关专业本科及以上学历，本科2-3年的相关工作经验及硕士应届生； 2、熟悉核物理原理； 3、了解核辐射探测与成像相关专业知识； 4、具备闪烁晶体探测器及半导体探测器相关的设计开发经验； 5、较强的解决问题的能力，能够独立编制、撰写技术报告、总结报告等技术文件； 6、较强的责任心、创新意识，具备良好的团队协作精神； 7、较强的沟通能力和口头、文字表达能力。,2月6日,上海新漫传感技术研究发展有限公司（简称“新漫传感”）系正泰集团股份有限公司的控股子公司，是一家服务核电、环境和公共安全领域的高薪技术企业，致力成为以核辐射检测、环境保护及反恐安检于一体的“行业领先的核辐射测量和安全检查全面解决方案提供者”。自2003年成立以来，一直专注于推动核辐射测量和快速安检相关技术与产品的进步，为核电、核工业、环保、卫生、军队、出入境、海关、国土安全、核医学、核科学研究等多个行业和领域的众多客户提供产品和专业服务。新漫传感积极自主创新，率先致力于液闪测量技术及其应用的研究开发工作，已成为国内液闪测量技术全面解决方案的专业供应商和领跑者。其产品和服务包括：超低/低本底液体闪烁谱仪、核电站人员出入口辐射监测设备（KZC）、核电站厂房辐射监测设备（KRT）、便携辐射检测设备、系列车辆/行人通道式放射性监测系统及爆炸物/毒品/化学毒剂探测仪等安检设备，可根据客户要求和技术规范提供产品定制服务。,"https://www.zhaopin.com/jobdetail/CC120085090J40720100505.htm?refcode=4019&srccode=401901&preactionid=a7c1140f-c46c-45e5-b867-ab342d8bdc77"
3292,实施工程师,北京-丰台区,6000-10000元·13薪,北京明专科技发展有限公司,通信/网络设备,20人以下,不需要融资,CCL1242655990J40809496515,岗位职责：  1、提供产品技术支持，包括咨询解答、技术指导、故障分析和排除等；  2、对接产品调试和部署，参与测试与优化；  3、根据需求设计技术解决方案，撰写技术文案文档。  任职要求：  1、本科及以上学历，信号处理、电子、通信工程、自动化相关专业优先；  2、掌握相关领域的专业知识和技术；  3、优秀的沟通协调能力和问题解决能力。  职位福利：五险一金、带薪年假、周末双休、早九晚五。,6月24日,北京明专科技发展有限公司成立于2020年，公司团队成员具备卫星导航、信号处理、微波射频设计行业10多年项目开发经验，具备独立开发和设计能力。公司专注信号测试领域，目前开发了三类产品：信号转发、信号再生、信号录播。同时承接射频及微波、数字信号处理、软件无限电平台等设计开发。公司秉承“自知则明、力全则专”的理念，持续优化产品和专精技术，为行业提供更加高效精准的测试设备及实施方案。,"https://www.zhaopin.com/jobdetail/CCL1242655990J40809496515.htm?refcode=4019&srccode=401901&preactionid=a7c1140f-c46c-45e5-b867-ab342d8bdc77"
3293,软件测试,深圳-龙岗区,6000-8000元,深圳市湘盛电路科技有限公司,"电子/半导体/集成电路,电子商务",20-99人,未融资,CCL1373435720J40713576511,"岗位职责‌： 1、负责游戏的可玩性和易玩性测试； 2、确保游戏测试的全面性和准确性； 3、及时反馈游戏中发现的问题；  4、完成领导安排的其他任务； 任职要求： 1. 大专学历，专业不限，年龄20-29 2、有良好的学习能力，能够适应工作压力; 3、有良好的沟通技能与团队合作能力; 4、对新技术充满热情，热衷尝试各种新技术。 福利待遇： 1.上班时间：朝九晚六,周末双休； 2.社会保障：购买社会保险和公积金； 3.员工生活：丰富多彩的户外活动、旅游、聚餐、拓展等； 4.假期福利：国家法定节假日及婚假、产假、生育津贴等 5.提供住宿，中餐补贴",7月25日,"深圳市湘盛电路科技有限公司,2019年11月12日成立，经营范围包括一般经营项目是：SMT贴片、电子线材产品、塑料制品、机械设备、五金产品、电子产品、线路板、集成电路板、电子产品的研发与销售；投资兴办实业（具体项目另行申报）；国内贸易，货物及技术进出口贸易。（法律、行政法规、国务院决定禁止的项目除外，限制的项目须取得许可后方可经营），许可经营项目是：电子数码产品生产加工","https://www.zhaopin.com/jobdetail/CCL1373435720J40713576511.htm?refcode=4019&srccode=401901&preactionid=a7c1140f-c46c-45e5-b867-ab342d8bdc77"
3294,Java,苏州-工业园区,1.8-3.5万·14薪,外企德科数字技术有限公司,专业技术服务,10000人以上,,CCL1480117890J40780086905,接受应届毕业生 1、本科及以上学历（统全）; 2、热爱编程，基础扎实，熟悉掌握但不限于 JAVA/C++/C/Python/JS/HTML/GO等编程语言中的一种或数种，有良好的编程习惯; 3、具备独立工作能力和解决问题的能力、善于沟通，乐于合作，热衷新技术，善于总结分享，喜欢动手实践; 4、对数据结构、算法有一定了解。 全部门后端开发，测试，算法和数据类岗位都有 工作地点: 南京、杭州、苏州、上海、成都、西安、武汉、长沙、东莞、深圳等多个城市研究所，可根据个人意向协调工作地点; 福利待遇:周末双休、五险一金、培养机制完善、薪酬丰厚，欢迎踊跃投递!,2025-07-27 00:25:01,外企德科数字技术有限公司是一家2023年新成立的中外合资企业。成立于2023年11月24日，公司定位：专注于为信息技术企业提供人才及数字技术外包解决方案的中外合资企业。它是由中国人力资源服务行业的FESCO（北京国际人力资本集团）与全球人力资源服务领导者The Adecco Group（德科集团）合资成立的。公司主要提供网络技术服务、软件外包服务、计算机系统服务、技术进出口、软件开发等信息技术相关服务。专注于为信息技术企业提供信息技术类人才及数字技术外包解决方案。,"https://www.zhaopin.com/jobdetail/CCL1480117890J40780086905.htm?refcode=4019&srccode=401901&preactionid=a7c1140f-c46c-45e5-b867-ab342d8bdc77"
3295,技术支持工程师,广州-黄埔区,8000-10000元,广州市正百饲料科技有限公司,农/林/牧/渔,20-99人,,CC560530420J40662207202,一、岗位职责 （一）为公司畜禽添加剂板块提供技术支持和产品咨询。 1. 为客户、公司销售团队提供技术和产品咨询； 2. 为客户和公司总部各区域提供整体技术服务方案和相关技术培训，包含培训课件的编制； 3. 做好与各相关类高等院校、科研单位，以及同行技术顾问的沟通和交流，掌握行业技术动态； （二）配合本部门销售工作顺利开展。 1. 配合本部门业务员前往现场了解产品使用情况，并对产品相关数据进行收集； 2. 负责针对公司产品制定配套应用方案并进行推广，包括公司相关线下宣传活动的参与； 3. 负责向客户传达公司产品信息，积极协助业务员达成销售订单； （三）对市场的信息收集以及协助公司推进研发工作。 1. 负责定期收集公司产品所处行业、市场信息； 2. 负责定期完成公司产品的养殖效果跟踪和分析，解决出现的与产品有关的突出问题； 3. 负责公司所需的产品科研数据的收集、分析和整理。  （四）完成领导交付的其他工作。 二、任职资格  教育水平：硕士及以上。  专业：畜牧、饲料等相关专业。  经验：拥有饲料、养殖方面的相关知识和实习经验：可快速掌握畜禽市场的相关知识；可快速了解公司所经营产品技术知识，或优秀应届生亦可。,11月13日,广州市正百饲料科技有限公司成立于2009年4月，是一间专业生产制造乳仔猪料添加剂和添加剂预混合饲料的民营科技企业，技术来源于美国维生营养有限公司。目前公司主要产品有肽味宝（高档乳猪教槽料用的诱食剂和肠道微营养剂）、颗粒包衣复合微量元素（乳猪教槽料用M500）、饲料用酸化剂-缓释型超级酸103、颗粒状氧化锌。其中，缓释酸化剂原料包衣磷酸、颗粒包衣微量元素、颗粒氧化锌三个产品申请了国家发明专利。包衣磷酸专利审请号：201010297092.6，复合微量元素专利审请号：201010238644.6，肠溶型氧化锌专利审请号：2010190500124。公司于2011年9月顺利通过了ISO9001:2008国际质量管理体系和ISO22000:2006食品安全管理体系双认证，大大提高了公司质量安全管理水平，为与广大企业用户密切合作打下了坚实基础。正天下，百事兴！目前我们正百公司全体员工正本着“正直守信，做事必成，成则兴旺”的理念，以技术创新和服务创新为动力，努力将公司打造成为高档乳仔猪料添加剂和添加剂预混合饲料的生产商，为中国畜牧业的健康发展献上微薄之力！,"https://www.zhaopin.com/jobdetail/CC560530420J40662207202.htm?refcode=4019&srccode=401901&preactionid=a7c1140f-c46c-45e5-b867-ab342d8bdc77"
3296,测试工程师,台州-路桥区,5000-7000元,天阳科技,"计算机软件,计算机软件",1000-9999人,已上市,CC120408370J40824023608,1.全国项目驻场测试，主要负责功能、数据或接口等相关测试工作； 2.统招本科学历及以上（学信网可查）；毕业满2年；计算机专业优先； 3.热爱软件测试行业、有强力的自驱力，能够在测试岗位深入学习研究； 4.有无经验均可，服从公司安排，接受公司培养，可接受异地工作优先； 福利待遇： 上市公司，公司可以提供住宿，提供五险一金； 欢迎符合要求的小伙伴们投递~,7月23日,天阳科技(股票代码：300872)，是全球金融创新服务的重要贡献者，持续赋能中国金融行业数字化转型，为客户提供咨询、金融科技产品、金融IT服务、云计算及运营服务。公司成立于2003年，服务超过300家金融行业客户，覆盖中央银行、政策性银行、国有银行、股份制银行、地方性商业银行、非银行金融机构等，员工人数近7000人，成为激活金融领域创新活力、推动金融科技迈入世界领先水平的重要力量。作为金融行业客户可信赖的合作伙伴，天阳科技凭借丰富的行业经验和端到端的专业服务，在信创、数字化金融、信贷、交易银行、信用卡、零售、营销、风险管理、征信监管等众多领域具备核心竞争力。据赛迪和IDC报告显示，近年来公司在中国银行业IT解决方案市场排名强势崛起，2019年收入及市场占有率综合排名分别位列第四位和第五位，并保持高速增长。同时，前瞻商业和科技趋势，入选2021年度未来银行科技服务商TOP100。天阳科技始终聚焦金融科技领域，加大自主创新力度，在超过100个城市建立本地化、专业化的研发和服务团队，拥有CMMI5级认证、软件测试成熟度模型集成（TMMi）3级认证、ISO9001质量管理体系认证、ISO20000信息技术服务管理体系认证、IS027001信息安全管理体系认证。通过部署人工智能、云计算、大数据、移动互联网、分布式计算和区块链等先进金融科技，公司致力于构建安全可控、普惠民生、开放共赢格局，在关键技术领域服务现代化金融发展大局，更好地为各利益相关方创造更大价值，为大中企业、小微企业以及每个个体提供优质金融服务。,"https://www.zhaopin.com/jobdetail/CC120408370J40824023608.htm?refcode=4019&srccode=401901&preactionid=a7c1140f-c46c-45e5-b867-ab342d8bdc77"
3297,软件测试,北京-丰台区,1.3-1.8万·13薪,方得(青岛)人力资源有限公司,咨询服务,20-99人,,CCL1462672470J40736055116,,2025年07月28日,,"https://www.zhaopin.com/jobdetail/CCL1462672470J40736055116.htm?refcode=4019&srccode=401901&preactionid=a7c1140f-c46c-45e5-b867-ab342d8bdc77"
3298,软件测试,北京-昌平区,4000-8000元·13薪,北京威莱科技有限公司,互联网,100-299人,,CCL1469451920J40442345311,需求分析与测试计划：与项目经理、业务人员和产品经理合作，了解项目需求，定义测试用例和测试计划，确保软件满足功能规范和验收标准。‌ 测试用例编写：编写详细的测试用例，覆盖各种功能、场景和边界条件，确保软件满足预期的功能和性能要求。 测试执行：手动或利用自动化测试工具运行测试用例，验证软件是否满足预期的功能和性能要求。 缺陷管理与跟踪：记录缺陷的详细信息，包括重现步骤、预期结果和实际结果等，并跟踪缺陷的修复过程，确保缺陷被妥善解决。 性能测试：评估软件在不同负载和压力条件下的性能表现，如响应时间、吞吐量、资源利用率等。‌ 安全测试：检查软件是否存在安全漏洞，如数据泄露、权限控制不当等。 兼容性测试：验证软件在不同的操作系统、浏览器、硬件平台等环境下的兼容性。 用户体验测试：从用户的角度评估软件的易用性、界面友好性等。 回归测试：在软件修改或新增功能后，重新进行测试，以确保原有功能没有受到影响。,8月19日,,"https://www.zhaopin.com/jobdetail/CCL1469451920J40442345311.htm?refcode=4019&srccode=401901&preactionid=a7c1140f-c46c-45e5-b867-ab342d8bdc77"
3299,科研人员,营口-大石桥市,4000-6000元,辽宁嘉顺科技有限公司,非金属矿物制品业,20-99人,未融资,CCL1324283180J40117082311,岗位职责： 1、产品的跟踪检测。 2、协助负责人完成研发项目的产品检测、数据、文件整理等工作。 3、其他检测、研发相关工作。 任职要求： 1、材料（无机非金属材料）、化学等相关专业优先，本科以上学历。 2、具备编辑、整理相关文件资料的能力，有参加研发项目经验优先。 3、肯于吃苦，善于专研，具备研发创新能力。 4、良好的沟通能力，工作认真负责，有团队协作精神。,7月27日,辽宁嘉顺科技有限公司创立于2004年，注册资金6000万元，是集研发、生产、销售电工级氧化镁、防火电缆级、航空航海级、核电级电气氧化镁、镁基防火纤维材料、轻质高温防火护套等功能性镁基绝缘材料于一体的科技型创新企业，业务覆盖核电、轨道交通、军工、消防、建筑、工业用、民用等多个领域。公司业务现已遍及全球40多个国家和地区，是“中石油”、“飞利浦”全球合规准入供应商之一。先后荣获国家级专精特新“小巨人”企业、国家级高新技术企业、国家级绿色工厂、国家知识产权优势企业、全国科技型中小企业、辽宁省瞪羚企业、省级企业技术中心等荣誉称号。承接国家“科技助力经济2020”、“辽宁省中央引导地方科技发展专项”2项、辽宁省揭榜挂帅“核电站镁基电热功能氧化镁粉体研究及产业化”等重点项目。与大连理工大学、中科院大连化学物理研究所、辽宁科技大学等多所科研院校形成“产学研用”战略合作，主持和参与制定了“电工级氧化镁、矿物绝缘电缆用氧化镁”等4项行业标准，实现产学研用的“无缝链接”。 2023年公司将投资重点放在矿物绝缘材料自动化生产基地建设中，并在2024年开始进入数字化工厂转型，开启5G+工业互联网时代。该项目建成后将实现年产量增加至12万吨，有助于充分发挥公司的规模化生产优势、品牌优势、技术研发优势，提高公司在矿物绝缘材料市场占有率及市场地位，提高企业核心竞争力。奋力打造“全球领先的镁基功能绝缘材料企业、世界一流镁基绝缘材料供应商”，为“中国制造”贡献更多嘉顺力量！,"https://www.zhaopin.com/jobdetail/CCL1324283180J40117082311.htm?refcode=4019&srccode=401901&preactionid=a7c1140f-c46c-45e5-b867-ab342d8bdc77"
3300,技术支持工程师,长春-南关区,4000-6000元,吉林省瑞晟智能设备有限公司,"人工智能,智能硬件",20-99人,不需要融资,CCL1472967510J40552359607,产品研发：负责物联网服务应用平台产品的研发，并提供技术支持。这可能涉及到架构设计，包括体系结构、标准和功能模块的设计，以及详细的系统和功能开发。,6月16日,瑞晟智能科技成立于2017年，是面向全国乃至全球的智能制造产业配套服务商。公司从成立至今一直致力于为智能设备生产商以及需要进行自动化改造的制造型企业提供人才培养、技术支持以及自动化解决方案等配套服务，为自动化企业输送人才，提供技术服务；为客户提供专业的人才培养解决方案和落地服务。经营范围包括人工智能基础软件开发；人工智能公共服务平台技术咨询服务；人工智能硬件销售；技术服务、技术开发、技术咨询、技术交流、技术转让、技术推广；信息技术咨询服务；移动通信设备制造；人工智能行业应用系统集成服务；人工智能应用软件开发；人工智能通用应用系统；招投标代理服务；信息系统集成服务；软件外包服务；软件开发；计算机软硬件及辅助设备批发；计算机软硬件及辅助设备零售；计算机软硬件及外围设备制造；电子专用设备销售；电子元器件制造；电子、机械设备维护（不含特种设备）。,"https://www.zhaopin.com/jobdetail/CCL1472967510J40552359607.htm?refcode=4019&srccode=401901&preactionid=a7c1140f-c46c-45e5-b867-ab342d8bdc77"
3301,软件测试,上海-杨浦区,1.3-1.4万,外企德科数字技术有限公司,专业技术服务,10000人以上,,CCL1480117890J40796267905,岗位职责 1. 负责服务零售相关业务系统的APP端、服务端、Web端测试，包括但不限于功能测试、接口测试、性能测试、异常测试、数据测试等； 2. 参与项目过程质量保障工作，深度参与需求评审、技术评审并做需求分析及风险评估，根据影响范围制定相关测试策略、测试计划，独立完成测试用例设计与评审； 3. 把关提测质量，完成测试用例的全量执行，协助并推动研发定位和解决问题，并产出测试报告； 4. 把控并及时暴露项目风险，推动风险解决； 5. 根据现有项目流程规范，推动产品研发测试上线流程落地，维护测试环境及测试数据； 6. 跟进线上问题的分析、定位、推进解决，并总结复盘； 岗位基本需求 1. 有3年及以上测试经验，本科及以上学历，精通软件测试理论、测试用例设计、测试方法和过程。,2025-07-28 00:25:10,外企德科数字技术有限公司是一家2023年新成立的中外合资企业。成立于2023年11月24日，公司定位：专注于为信息技术企业提供人才及数字技术外包解决方案的中外合资企业。它是由中国人力资源服务行业的FESCO（北京国际人力资本集团）与全球人力资源服务领导者The Adecco Group（德科集团）合资成立的。公司主要提供网络技术服务、软件外包服务、计算机系统服务、技术进出口、软件开发等信息技术相关服务。专注于为信息技术企业提供信息技术类人才及数字技术外包解决方案。,"https://www.zhaopin.com/jobdetail/CCL1480117890J40796267905.htm?refcode=4019&srccode=401901&preactionid=a7c1140f-c46c-45e5-b867-ab342d8bdc77"
3302,软件测试,天水-秦州区,5000-7000元,天阳科技,"计算机软件,计算机软件",1000-9999人,已上市,CC120408370J40369078308,1.全国项目驻场测试，主要负责功能、数据或接口等相关测试工作；  2.统招本科学历及以上（学信网可查）；毕业满2年；计算机专业优先；  3.热爱软件测试行业、有强力的自驱力，能够在测试岗位深入学习研究；  4.有无经验均可，服从公司安排，接受公司培养，可接受异地工作优先；  福利待遇：  上市公司，公司可以提供住宿，提供五险一金；  欢迎符合要求的小伙伴们投递~,7月17日,天阳科技(股票代码：300872)，是全球金融创新服务的重要贡献者，持续赋能中国金融行业数字化转型，为客户提供咨询、金融科技产品、金融IT服务、云计算及运营服务。公司成立于2003年，服务超过300家金融行业客户，覆盖中央银行、政策性银行、国有银行、股份制银行、地方性商业银行、非银行金融机构等，员工人数近7000人，成为激活金融领域创新活力、推动金融科技迈入世界领先水平的重要力量。作为金融行业客户可信赖的合作伙伴，天阳科技凭借丰富的行业经验和端到端的专业服务，在信创、数字化金融、信贷、交易银行、信用卡、零售、营销、风险管理、征信监管等众多领域具备核心竞争力。据赛迪和IDC报告显示，近年来公司在中国银行业IT解决方案市场排名强势崛起，2019年收入及市场占有率综合排名分别位列第四位和第五位，并保持高速增长。同时，前瞻商业和科技趋势，入选2021年度未来银行科技服务商TOP100。天阳科技始终聚焦金融科技领域，加大自主创新力度，在超过100个城市建立本地化、专业化的研发和服务团队，拥有CMMI5级认证、软件测试成熟度模型集成（TMMi）3级认证、ISO9001质量管理体系认证、ISO20000信息技术服务管理体系认证、IS027001信息安全管理体系认证。通过部署人工智能、云计算、大数据、移动互联网、分布式计算和区块链等先进金融科技，公司致力于构建安全可控、普惠民生、开放共赢格局，在关键技术领域服务现代化金融发展大局，更好地为各利益相关方创造更大价值，为大中企业、小微企业以及每个个体提供优质金融服务。,"https://www.zhaopin.com/jobdetail/CC120408370J40369078308.htm?refcode=4019&srccode=401901&preactionid=a7c1140f-c46c-45e5-b867-ab342d8bdc77"
3303,测试工程师,西安-雁塔区,9000-10000元,西安志诚安泰建筑劳务有限公司,建筑设备安装,20-99人,,CC873505720J40750441001,岗位职责： 1、负责公司产品测试工作 2、使用自动化测试工具辅助测试，维护测试系统及测试设备 3、按照测试流程，搭建测试环境整理试验数据 4、负责硬件电路产品整机设备的测试验证工作 5、负责硬件联调，做好记录 任职要求： 1、有电子相关行业经验或者工作经历者优先 2、大专及大专以上学历，有经验者优先 福利待遇：餐补，饭补，交通补贴，五险一金周九晚六双休，法定节假日正常休息带薪年假 注意事项： 1.本岗位为急招岗位未离职的勿投 2不在本地的在外地的勿投,6月30日,,"https://www.zhaopin.com/jobdetail/CC873505720J40750441001.htm?refcode=4019&srccode=401901&preactionid=a7c1140f-c46c-45e5-b867-ab342d8bdc77"
3304,科研人员,广州-增城区,1.5-2.1万,广东水电二局集团有限公司,工程施工,1000-9999人,,CCL1485930890J40753998210,主要工作内容包括： - 对新型新能源产业的现状及发展趋势进行深入研究和分析，撰写研究报告； - 开展相关产业的深入研究，对研究成果进行整理和汇总，为投资决策提供依据； - 协助研究团队开展各项研究工作，并参与研究过程中的各项活动； - 跟踪新能源行业的发展动态，及时更新和调整研究报告中的研究成果； - 参与研究团队与国内外机构的交流与合作，维护良好的合作关系。 职位要求： - 对新能源行业感兴趣，具备光热、氢醇等相关方向的研究经历； - 具备严谨的逻辑思维和良好的数据分析能力，熟练使用科研工具； - 具备良好的沟通能力和团队合作精神，能够独立承担科研项目； - 具有投资领域相关知识背景，或有类似研究经验者优先； - 有责任心，能够按时完成工作任务。,7月25日,,"https://www.zhaopin.com/jobdetail/CCL1485930890J40753998210.htm?refcode=4019&srccode=401901&preactionid=a7c1140f-c46c-45e5-b867-ab342d8bdc77"
3305,技术支持工程师,深圳-宝安区,8000-12000元,石家庄鸣迅信息技术有限公司,企业服务,20-99人,,CCL1499764550J40901502204,岗位职责： 1、完成产品安装、调试、维修、维护，保证设备正常运行； 2、解决客户在产品使用过程中遇到的问题； 3、根据用户需求、结合产品功能提供合适的解决方法； 4、按时按质按量完成上级临时交办的其他工作。 职位要求： 1、计算机类，网络工程，软件工程等相关专业优先考虑，专科及以上学历； 2、精通网络、主流网络设备调试；熟悉 TCP/IP协议架构； 3、熟悉网络原理以及网络原理及网络交换、路由、桥接等技术； 4、掌握数据库基本理论基础，了解 mongo db 或sql server基本维护； 5、具备良好的沟通能力和人际礼仪，待人诚实可信，语言表达能力和动手能力强； 6、能适应外派的工作。,4月17日,,"https://www.zhaopin.com/jobdetail/CCL1499764550J40901502204.htm?refcode=4019&srccode=401901&preactionid=a7c1140f-c46c-45e5-b867-ab342d8bdc77"
3306,Java,广州-白云区,1.5-3万·14薪,外企德科数字技术有限公司,专业技术服务,10000人以上,,CCL1480117890J40689678005,岗位职责岗位要求：统招本科及以上学历，计算机、软件工程、通信等相诚挚招揽IT工程师加入我们！参与开发具有挑战性和影响力的项目！部门众多，一线核心项目丰富，因此各语言（java、C++、Python、Go）都有HC；初级、中级、高级IT工程师都有需求。 又是一年毕业季，企业重视新生力量的吸纳与培养，欢迎应届同学们考虑与投递。会有完善的导师带教适应机制的哈。 一、工作职责： * 参与软件开发生命周期的各个阶段，包括需求分析、设计、编码、测试、部署和维护。 * 使用Java、Python、C++或Go语言开发和维护高效、可靠、可扩展的软件系统。 * 编写高质量、可维护的代码，并进行代码审查。 * 与团队成员紧密合作，解决技术问题，并推动项目进展。 * 持续学习新技术，并将其应用于实际项目中。 二、任职要求： * 计算机科学或相关专业（理工科）本科及以上学历。 * 精通至少一种编程语言（Java、Python、C++或Go），并具备良好的编程习惯。 * 熟悉常用的数据结构和算法。 * 熟悉数据库技术，如MySQL、Oracle等。 * 具备良好的沟通能力和团队合作精神。 * 具备较强的学习能力和解决问题的能力。 三、我们提供： * 具有竞争力的薪酬和福利待遇。 * 良好的职业发展空间和培训机会。 * 充满活力和创新精神的团队氛围。 * 牛人云集，碰撞思维火花，激发无限潜能。 * 倡导开放、平等、包容的团队文化，尊重每一个想法，欢迎每一次挑战。 四、公司福利： * 底薪+绩效+项目奖金+年终奖； * 全额缴纳五险一金； * 试用期薪资全额发放，不打折； * 带薪年假5-15天，双休。 五、通勤时间： * 早上09:00~09:30弹性打卡上班 * 中午12:00~14:00中午吃饭午休 * 晚上18:00~18:30弹性打卡下班 * 周末双休，周内会有两到三天加班到八点半左右。 我们期待您的加入，共同打造卓越的产品！,2025-07-27 00:23:25,外企德科数字技术有限公司是一家2023年新成立的中外合资企业。成立于2023年11月24日，公司定位：专注于为信息技术企业提供人才及数字技术外包解决方案的中外合资企业。它是由中国人力资源服务行业的FESCO（北京国际人力资本集团）与全球人力资源服务领导者The Adecco Group（德科集团）合资成立的。公司主要提供网络技术服务、软件外包服务、计算机系统服务、技术进出口、软件开发等信息技术相关服务。专注于为信息技术企业提供信息技术类人才及数字技术外包解决方案。,"https://www.zhaopin.com/jobdetail/CCL1480117890J40689678005.htm?refcode=4019&srccode=401901&preactionid=a7c1140f-c46c-45e5-b867-ab342d8bdc77"
3307,测试工程师,长沙-望城区,5000-7000元,长沙健科电子,"电子/半导体/集成电路,汽车零部件",100-299人,未融资,CC514868480J40446709504,岗位职责：  1、根据项目要求和内部标准，完成样品软件测试，输出测试报告。   2、试验样件前准备工作，在控制器各元器件表面布置热电偶线，并同测试工装放入高低温试验箱中。   3、完成样件内部验证试验。对样件进行内部验证试验，包括温升试验、不同温度下的启停试验、高温运行试验等环境类试验；   4、记录试验数据，输出试验报告，积极反馈试验中的异常情况，与软硬件工程师协作推进项目问题解决。   5、测试标准和规范资料编写。      ,7月29日,健科电子创立于2003年，以“务实、创新、追求卓越”的价值观为内驱，坚持自主研发的专业化道路，持续深耕汽车电子产品的技术研发及产业化，服务全球OE与售后市场。2024年年度营收约6.5亿。目前在长沙和深圳设有两家子公司，在德国、上海设有办事处，Thailand基地筹备中。长沙市健科电子有限公司于2017年成立，位于长沙市望城经济技术开发区，是国家级高新技术企业、湖南省专精特新“小巨人”企业。公司以研发为驱动，每年在研发方面的高投入，为业务的持续高速发展提供了有力保障。长沙健科专注于微电机控制器、电子水泵、传感器、热管理系统的研发、生产和销售。其中，微电机控制器的市场占有率位列国内前三强。公司现与比亚迪、广汽埃安、广汽丰田、长安、奇瑞、吉利、通用、小米等一线新能源和传统车企已建立长期合作关系。好风凭借力，助你上青云。依托新能源行业巨大的发展潜力，健科电子为各类优秀人才提供了广阔的发展空间与优厚的薪资待遇。现诚邀有志之士加入，与我司共创美好未来。,"https://www.zhaopin.com/jobdetail/CC514868480J40446709504.htm?refcode=4019&srccode=401901&preactionid=a7c1140f-c46c-45e5-b867-ab342d8bdc77"
3308,前端开发,上海-徐汇区,1.1-1.3万·13薪,江西昇年网络科技有限公司,云计算/大数据,20-99人,未融资,CCL1492034350J40683527902,岗位内容： 1. 开发响应式Web页面和功能组件，确保优秀的用户体验 2. 与后端开发人员合作，实现应用程序的完整性和可维护性 3. 设计和实现复杂的前端UI交互，并在跨浏览器环境中进行测试和故障排除 任职要求： 1. 精通HTML、CSS和JavaScript，并熟悉至少一种主要的前端框架（如React或Angular） 2. 具备良好的沟通能力和团队合作精神，有解决问题的能力和创新思维 3. 至少一年以上相关前端开发工作经验 职位福利：早10晚6，五险一金、绩效奖金，享受法定节假日，不定时团建、节日福利,7月12日,我们是一家专注于计算机网络技术及计算机软硬件技术开发的企业。在经营范围方面，我们不仅涵盖计算机网络技术、计算机软硬件技术开发、技术服务、技术转让、技术咨询，还涉及市场营销策划、企业管理咨询、企业形象策划、电脑图文设计等多个领域。此外，公司还承办设计、制作、代理发布国内各类广告，并提供教育咨询服务（不含校外培训等教育培训业务），对教育业进行投资，引进新技术、新品种，开展技术交流和咨询服务等。,"https://www.zhaopin.com/jobdetail/CCL1492034350J40683527902.htm?refcode=4019&srccode=401901&preactionid=a7c1140f-c46c-45e5-b867-ab342d8bdc77"
3309,科研人员,北京-海淀区,9000-15000元,农芯科技(北京)有限责任公司,"农/林/牧/渔,农/林/牧/渔",100-299人,未融资,CC343936330J40722464716,工作职责：负责科研项目协助支持，包括协助科研项目申报、过程管理、科研试验数据采集及管理、过程文档及财务管理、会议组织等，参与团队学生管理。,7月26日,农芯科技（北京）有限责任公司：由国家农业信息化工程技术研究中心和国家农业智能装备工程技术研究中心联合成立的农业人工智能领域国家高新技术企业，入选北京市专精特新“小巨人”企业。公司首席科学家为智慧农业领域唯一的一位院士——赵春江院士，公司拥有约30个研发团队，研发人员近千人。公司主要致力于农业智能芯片、高性能传感器、农用机器人、智能装备、天空地信息快速获取、农业知识模型智能推理、数字育种、云计算平台等核心技术产品研发，R&D投入占收入20%以上。建有PB级大数据中心和支持千万亿次浮点计算能力的AI算力平台，自主研发运营了大型金种子育种云平台、全国农业科教云平台，自研生产了50多个自主知识产权的农机监测终端和农业智能装备产品，形成了覆盖种业、大田、设施、果园、畜禽、水产等领域的系列化“AI+农业”专业解决方案，目前已在31个省市推广应用，积累了大批AI赋能农业推动新质生产力发展的成功案例。,"https://www.zhaopin.com/jobdetail/CC343936330J40722464716.htm?refcode=4019&srccode=401901&preactionid=a7c1140f-c46c-45e5-b867-ab342d8bdc77"
3310,技术支持工程师,黑河-爱辉区,9000-18000元,青岛安然物联网科技有限公司,"物联网,物联网",20-99人,未融资,CC559764920J40823804404,需要弱电技术、自动化、安防系统、工业互联网+危化安全生产、物联网人才，不要纯软件人才。  你能经常到全国各地出差吗？你能到工业生产现场生产现场做技术支持吗？   真正的奋斗者在安然会有让人值得为之奋斗的事业，会有充实、高效的成长，会有高人一等的收入。   你能做好售前技术支持、根据客户需求，高效制作方案吗？你能做好售中技术支持、指导他人正确安装、部署、调试系统向用户保质保量快速交付吗？你能做好售后维护，高效沟通和落实客户需求吗？   迄今已服务中石化、中石油、延长石油、国能、兖矿、京能、索普、新安、奇美、昊源、潞安、旭阳、垦利、逸盛、海科、酒钢、金发等几百家石化、化工、选煤、钢铁、电厂企业。    安然以客户为中心，以强者为本，抬头乐干，愿意与同道中人联合、链接，携手共建、共用、共享生产安全命运共同体，一起干，一起干，让优秀企业更安全，让优秀企业更高效！,7月17日,基于精准人员定位的工业安全生产信息化管理专家，安全生产信息化管理引领者！作为全国实时定位技术标准工作组成员和应急管理部“工业互联网+危化安全生产”人员定位系统技术支持机构，安然从2012年起致力于基于ZigBee Plus三维立体按需精准定位的“工业互联网+安全生产”的研究，获得了20多项安全智能管控系统发明专利和著作权，持续引领中国化工行业生产现场智慧安全！安然以“准、稳、狠”的ZigBee Plus三维立体按需精准人员定位统和“底数清、数据准、情况明、研判准、措施实”的安全生产信息化平台为核心，整合访客管理、出入口控制、人脸识别、视频监控、语音广播、重大危险源监控、可燃有毒气体监测等系统，对生产现场人、机、料、法、环五大要素进行实时、动态、智能管控和预警，规范人的安全行为，保障人的生命安全，有效防范风险、主动化解风险，实现智慧安全。安然“以用为本”，把安全生产信息化建设与公司管理体系“深度融合”，把安全生产信息化建设与日常工作“紧密结合”，对安全生产切实“有用、实用、好用”，避免建用“两张皮”，让安全管控更智能，让生产更高效才实用。迄今已服务中石化、中石油、延长石油、国能、兖矿、京能、索普、新安、奇美、昊源、潞安、旭阳、垦利、逸盛、海科、酒钢、金发等几百家石化、化工、选煤、钢铁、电厂企业。安然以客户为中心，以强者为本，抬头乐干，愿意与同道中人联合、链接，携手共建、共用、共享生产安全命运共同体，一起干，一起干，让优秀企业更安全，让优秀企业更高效！,"https://www.zhaopin.com/jobdetail/CC559764920J40823804404.htm?refcode=4019&srccode=401901&preactionid=a7c1140f-c46c-45e5-b867-ab342d8bdc77"
3311,技术支持工程师,唐山-路北区,5000-7000元·14薪,唐山松下产业机器有限公司,电气机械/电力设备,500-999人,,CC120963930J40640635703,岗位职责:,10月16日,"唐山松下产业机器有限公司（简称PWST）成立于1994年8月，是由日本松下集团和唐山开元电器有限公司共同投资兴建的中日合资企业。日本松下的投资比例为60%，唐山开元电器有限公司的投资比例为40%。公司采用日本松下先进的管理和技术，使用世界一流的制造、调试及检测设备，生产商标为""Panasonic""的各种CO2/MAG/MIG气体保护焊机、交／直流氩弧焊机、交直流弧焊机、等离子切割机、电阻焊机、焊接机器人及相关产品，其中产品的10%出口。唐山松下在全国各主要大中城市都设有代理店和销售店，拥有完善的产品销售、部品供应和售后服务网络。1996年以来，唐山松下的销售额一直位居中国电焊机行业首位，并被日本松下公司评价为“松下在华的最佳合资企业”。唐山松下在电焊机行业的位置是中国第一，亚洲第三、世界前十。作为目前国内最大的焊接设备制造企业，唐山松下以领先的科技和优良的产品品质赢得了用户的广泛赞誉，Panasonic电焊机成为行业界最受欢迎的品牌。","https://www.zhaopin.com/jobdetail/CC120963930J40640635703.htm?refcode=4019&srccode=401901&preactionid=a7c1140f-c46c-45e5-b867-ab342d8bdc77"
3312,前端开发,北京-海淀区,8000-15000元,内蒙古东科信息技术有限公司,互联网,20-99人,,CCL1485155470J40760139403,岗位内容： 1. 设计和开发适用于不同设备的易于使用的网站 2. 参与产品原型设计和产品需求分析 3. 跟进技术趋势及前端开发最佳实践，不断提升团队的技术水平 任职要求： 1.掌握HTML5/CSS/JavaScript等前端技术和常用框架 2. 具备良好的学习能力和解决问题的思维能力，能够配合其他团队成员完成项目工作 3. 对新技术有好奇心，并愿意持续学习和提高,7月21日,,"https://www.zhaopin.com/jobdetail/CCL1485155470J40760139403.htm?refcode=4019&srccode=401901&preactionid=a7c1140f-c46c-45e5-b867-ab342d8bdc77"
3313,科研人员,西安-碑林区,5000-8000元,陕西闪电售电有限公司,电力/水利/热力/燃气,20人以下,,CCL1429445080J40789789505,对新能源、电力系统及其自动化、电力市场、能源经济、能源系统、环境工程、数学、自动化、运筹学、大数据人工智能等有研究兴趣的毕业生可以申请。 211及以上硕士或博士，985优先；硕士/博士期间研究方向与上述研究方向一致者优先；具有很强的学习能力，良好的口头表达和沟通能力，具有良好的协调和团队协作能力；优秀的分析、归纳、概括、逻辑思维能力和数理分析能力；能够熟练阅读行业英文资料、具有扎实的科技文章写作能力；掌握至少一门编程语言， 熟练使用Python和C语言者优先。 工作地点：西安交通大学 待遇：面议，根据科研能力可面谈。 请发送自我介绍，简历，发表论文、参与项目的情况，至****************。,7月1日,,"https://www.zhaopin.com/jobdetail/CCL1429445080J40789789505.htm?refcode=4019&srccode=401901&preactionid=a7c1140f-c46c-45e5-b867-ab342d8bdc77"
3314,前端开发,衡水-枣强县,4000-5000元,恒润集团有限公司,"化学纤维制造业,学术/科研,工业自动化,化学纤维制造业",300-499人,未融资,CC558188820J40623513012,本科以上学历，软件工程、信息技术与计算科学、数学等相关专业毕业。HTML、JavaScript、css、Ajax。前端知识会一些。有钉钉宜搭低代码开发工作经验者优先考虑。,7月23日,恒润集团成立于2001年，注册资金2亿元，总资产20亿元。集团总部位于枣强县复合材料科技园区内，毗邻京九铁路、大广高速。恒润集团下辖10家全资及控股子公司，设有5个产业化基地，集团涉及产业有复合材料制造、混凝土制品制造、现代农业开发、自来水建设运营、新农村建设等，是衡水市“十三五”期间重点支持建设的30家骨干企业之一。恒润集团始终坚持走产学研用一体化发展道路，依托高等院校、科研院所先后发起成立了河北省复合材料产业技术研究院、河北省多基复合材料工程技术研究中心、博士后工作站、院士工作站。承担了南水北调、黄水东调等多项重大、重点水利工程和众多市政管网配套工程，是目前国内复合材料管道综合生产能力最大的制造供应商之一。一、企业优势 1、位置便利。恒润集团有限公司成立于2001年，资产规模20余亿元，位于享有“复材之乡”之称的衡水枣强县，集团总部位于枣强经开区内，毗邻京九铁路、大广高速。 2、产品多样。集团主要从事玻璃钢管、复合材料管、混凝土管、雷达天线等产品及配套技术设备的生产研究与开发，产业涉及工业制造、军民融合、乡村振兴三个领域，是集设计、生产、研发、投资于一体的综合型企业。 3、技术先进。集团开展的项目列入国家自然科学基金计划项目2项；列入国家重点新产品计划2项；列入国家创新基金计划2项；列入国家产业振兴计划2项；列入河北省重大科技支撑计划1项；列入国家863计划1项；申请国家专利34项。 4、实力超群。集团系中国复合材料学会、中国复合材料工业协会理事单位；河北省复合材料协会、枣强复合材料协会会长单位；承担了国家863计划、国家重点新产品计划、国家创新基金计划、国家产业振兴计划等课题项目，研究成果填补了国际空白，“恒润”牌管道也被评为中国名牌产品。 5、待遇优厚。集团提供食堂与宿舍，宿舍内家具家电一应俱全；为员工缴纳五险、补充医疗保险、意外险；员工可从公司免费领取手机号并享有话费补贴；公司配有心理咨询室、法律援助室、职工书屋、书画创作室、棋牌室、健身房等功能室；不定期举办文化团建或参加展会、学术交流会。 6、平台广阔。枣强是国家复合材料产业化基地，河北省107个省级产业集群之一，有600多家企业，基于国家大力投入基础设施和枣强复合材料产业集群转行升级需要，由复材材料产业技术研究院组建服务于产业集群、产业技术研究院及恒润集团的专业技术团队，为公司寻将才，为人才找舞台，共创双赢未来。,"https://www.zhaopin.com/jobdetail/CC558188820J40623513012.htm?refcode=4019&srccode=401901&preactionid=a7c1140f-c46c-45e5-b867-ab342d8bdc77"
3315,Java,深圳-龙岗区,面议,中软国际,"计算机软件,运营商/增值服务",10000人以上,已上市,CC508620126J00591893205,1，近4年都从事Java开发经验者优先； 2，熟练应用struts2框架，SpringBoot，SpringMVC框架，并有框架项目经验 3，熟练使用MySql数据库 职位福利：五险一金、绩效奖金、加班补助、带薪年假、弹性工作、定期体检、节日福利、公司重点项目   ,7月23日,中软国际是行业领先的全球化软件与信息技术服务企业，成立于2000年，为香港主板上市公司（股票代码：00354.HK），拥有中国分支40+、海外分支14个，拥有员工超过9万人，服务覆盖超过40个国家。中软国际应用开发与管理专业沉淀深厚，企业数字化转型的最佳实践和专家人才充沛。公司与华为等战略伙伴一起，构建软件产业互联网平台，领先技术变革，提升产业效率，致力于使能软件企业引领发展，服务制造企业转型升级，为政企客户提供“好、快、多、省”的信息技术服务。中软国际四大业务蓬勃发展：夯实基石业务作为第一增长曲线的地位，确定云智能业务为第二增长曲线，发展鸿蒙生态、解放号为第三增长曲线，推动解放号作为软件产业互联网平台全面升级。公司在云计算、大数据、人工智能、物联网、移动互联网等方面具有丰富的咨询、设计、实施和服务经验，是全球客户数字化转型的共创伙伴。公司长期服务于多家全球500强企业等头部客户和众多高成长潜力客户，覆盖金融、电信、互联网、高科技、政府、制造与流通、交通、能源、教育等行业。公司已连续四年创造超百亿人民币营收，并立志在未来成为全球最优秀IT服务商之一。,"https://www.zhaopin.com/jobdetail/CC508620126J00591893205.htm?refcode=4019&srccode=401901&preactionid=a7c1140f-c46c-45e5-b867-ab342d8bdc77"
3316,软件测试,深圳-龙岗区,8000-12000元·13薪,深圳市富泰民科技有限公司,新媒体,20-99人,,CCL1468870450J40663889806,我们正在寻找一位资深的软件测试工程师，负责确保公司软件产品的质量和稳定性。 工作内容： 1. 根据需求文档和设计文档，编写测试用例； 2. 执行测试用例，记录并跟踪缺陷； 3. 与开发团队紧密合作，定位并修复缺陷； 4. 参与软件产品的需求评审和设计评审； 5. 根据测试结果，编写测试报告。 岗位要求： 1. 计算机相关专业本科及以上学历； 2.熟练掌握至少一种主流测试工具； 3.良好的沟通能力和团队协作精神； 4.对软件测试有浓厚的兴趣和热情。,5月15日,"公司背景深圳市富泰民科技有限公司是一家专注于数字化传媒领域的公司,成立于2007年。我们致力于利用创造性和创新性的方法,为客户提供广告、营销和品牌推广服务。通过结合先进的技术和市场洞察力,我们为客户提供高效、精准的解决方案。我们的使命是帮助客户实现业务目标并增强品牌价值。业务范围 1、数字广告:我们提供全方位的数字广告解决方案,包括搜索引擎营销、社交媒体广告、程序化购买等。我们的团队拥有丰富的经验和专业知识,可以为客户制定特定目标的广告策略,并通过数据分析和优化实现最佳效果。 2、内容营销:我们致力于为客户创作高质量、具有互动性的内容,以吸引并留住目标受众。我们的内容团队由经验丰富的写手和创意人员组成,可以根据客户需要提供定制化的内容解决方案。 3、社交媒体管理:我们为客户管理社交媒体账号,包括内容发布、社群互动管理、品牌形象维护等。我们专注于提供有创意和有价值的社交媒体内容,以吸引更多目标用户并增加品牌曝光度。 4、数据分析与优化:我们通过先进的数据分析工具和技术,为客户提供数据驱动的营销和广告策略。我们不断监测和分析数据,并根据结果进行优化和调整,以确保客户获得最佳投资回报率。团队和资源 1、创意团队:我们拥有由艺术家、设计师和创意专家组成的团队,他们具有丰富的创意天赋和专业能力,可以为客户提供独特而有吸引力的设计和创造性解决方案。 2、技术团队:我们的技术团队由工程师和开发人员组成,他们在前端和后端开发方面拥有丰富经验,可以提供高质量的技术支持和定制化解决方案。 3、合作伙伴关系:我们与其他行业领先企业建立了良好的合作伙伴关系,包括广告平台、社交媒体平台和内容分发网络等。这使得我们能够更好地为客户提供全面的解决方案。","https://www.zhaopin.com/jobdetail/CCL1468870450J40663889806.htm?refcode=4019&srccode=401901&preactionid=a7c1140f-c46c-45e5-b867-ab342d8bdc77"
3317,科研人员,北京-丰台区,2-3万,首都医学科学创新中心,"学术/科研,学术/科研",300-499人,不需要融资,CCL1464242520J40640395602,"李凯研究员：中科院神经所博士，加州大学旧金山分校和霍华德休斯医学研究所博士后/副研究专家，现为首都医学科学创新中心（CIMR）研究员。李凯实验室主要利用电生理、细胞生物学和化学生物学等手段研究细胞器生理稳态的调控机制，尤其关注细胞器离子稳态平衡的维持机制、生理功能和病理意义，并在此基础上开发靶向细胞器的治疗方法。以第一作者或共同一作在 Nature Cell Biology, Trends in Cell Biology, Molecular Cell, Nature Communications, Journal of General Physiology发表论文。曾获李政道奖学金、吴瑞奖和Human Frontier Science Program Long-Term Fellowship等。 博士后 1. 主要职责： （1）在课题组长指导下独立开展研究工作； （2）协助指导研究生工作以及撰写论文或基金申请。 2. 任职要求： （1）具有生命科学或其他相关生物医学领域的研究背景，即将获得或近期已获得博士学位（原则上不超过2年）； （2）以第一作者身份在领域内主流期刊上发表过或即将发表研究论文，能够独立开展研究工作，具有科研热情、严谨的科研态度和良好的沟通能力； （3）有电生理、蛋白纯化、遗传筛选或小鼠疾病模型实验背景者优先考虑； （4）具备流利的英语读写和日常交流能力，能够使用英文撰写论文。",3月6日,"首都医学科学创新中心[Chinese Institutes for Medical Research(CIMR), Beijing]（简称创新中心）是北京市新成立的具有独立法人资格的新型研发机构。创新中心以推动医学科学发展、改善人类健康为目标，开展生物医学研究，致力于提升医学科学创新与成果转化能力，提高疾病诊断和治疗水平。我们将汇聚世界高水平科学家，与首都医学教育和科学研究优质资源紧密合作，打造多学科交叉融合的科研平台，综合自由探索、医学目标导向、有组织科研等途径，实践新型科研模式和体制机制，逐步推进医教研产的深度融合，培养适应医学科学创新发展的优秀人才。","https://www.zhaopin.com/jobdetail/CCL1464242520J40640395602.htm?refcode=4019&srccode=401901&preactionid=a7c1140f-c46c-45e5-b867-ab342d8bdc77"
3318,技术支持工程师,杭州-西湖区,5000-7000元,现代电梯(杭州)有限公司,电气机械/电力设备,100-299人,未融资,CC208701080J40640055413,岗位职责：  1、负责土建图绘制；  2、根据客户询单出具非标技术方案及报价；  3、针对售前技术问题进行答疑，及时响应客户需求；  4、为新梯销售业务提供技术支持，促进销售的成交； 5、完成上级领导安排的其他工作。 岗位要求：  1、本科及以上学历，机械相关专业；  2、熟练使用AUTOCAD等制图软件；  3、有较强的沟通表达能力；  4、具备主动学习的意愿和能力。,3月18日,现代电梯（杭州）有限公司于1994年经杭州市工商局核准成立，注册资金为2.16亿元。生产基地位于浙江省杭州市，专业设计制造各类乘客电梯、自动扶梯、载货电梯，并提供强大的技术支援体系，包括研发、设计、制造、安装、改造、维修、保养等全程服务。现代电梯依托于三杭集团在国内电梯配件市场的垄断地位，并凭借自身电梯研发、设计、制造技术的积累，数年来一直为中国乃至亚太地区提供智能建筑交通解决方案和服务支持。公司经过26年的发展，规模不断扩大，凭借着高品质的产品生产、销售与售后服务，先后被评为杭州高新技术产业及国家高新技术产业。未来，现代电梯将继续秉承“科技、创新、服务、极致”的宗旨，努力将城市转变为最佳的居住地。在每一步工作中，我们都将力争全面了解客户的需求，在整个项目生命周期内提供安全、优质的乘客运输解决方案。我们相信，随着中国制造到中国创造的崛起，我们也将代表中国品牌，重新塑造电梯品牌的世界格局。,"https://www.zhaopin.com/jobdetail/CC208701080J40640055413.htm?refcode=4019&srccode=401901&preactionid=a7c1140f-c46c-45e5-b867-ab342d8bdc77"
3319,硬件测试,焦作-解放区,6000-10000元,重庆科满福人力资源服务有限公司,企业服务,20-99人,,CCL1487604860J40937009704,【岗位职责】 ： 1、进行新产品研发阶段的测试工作 2、完成新产品的功能测试、可靠性测试、环境测 试、安全测试等技术工作 3、制定测试计划，设计测试用例，分析测试数 据，编制测试报告 4、为其他部门提供技术支持，与其他部门的产品 联合测试工作,7月29日,,"https://www.zhaopin.com/jobdetail/CCL1487604860J40937009704.htm?refcode=4019&srccode=401901&preactionid=a7c1140f-c46c-45e5-b867-ab342d8bdc77"
3320,实施工程师,天津-西青区,5000-8000元,天津众齐软件股份有限公司,"计算机软件,互联网,IT服务",100-299人,已上市,CC640181680J40254884505,岗位职责： 1、深入了解公司的产品及解决方案，负责公司客户的技术支持工作； 2、处理客户来电、现场技术反馈及投诉，通过电话或网络的方式答复客户关于产品功能、操作使用、问题反馈等咨询，并辅导解决； 3、建立产品售后服务记录，负责技术售后文档建立和用户意见反馈收集等； 4、定期技术回访，协助维护客户关系，耐心听取客户意见，并反馈给公司有关部门； 要求： 1、本科以上学历，计算机及相关专业； 2、思维敏捷、踏实肯干、学习能力强；具备服务精神、主动性、坚韧性，工作耐心细致 ； 3、具有良好的逻辑思维能力、语言表达能力、客户沟通和协调能力； 能承担工作压力，具有团队合作精神，高度责任心和良好的职业道德； 4、有一定的文档编写能力；熟练使用WORD、EXCEL、VISIO等设计工具； 5、有软件售后服务、技术支持、系统实施、软件开发经验者优先。 职位福利：五险一金、全勤奖、带薪年假、周末双休、加班补助、节日福利  ,5月16日,天津众齐软件股份有限公司是专注于供热领域，集软件产品研发、销售、服务于一体的软件公司，致力于打造最具“终生效能费用比”的供热高端管理软件，助推供热行业数字化转型。公司位于天津滨海高新区华苑科技园，占地2000平米，是国家高新技术企业和国家双软认证企业、天津OTC成长版挂牌企业、中国软件和信息服务业信用AAA企业、中国城镇供热协会会员单位、天津市软件协会监事长单位，拥有51个供热软件著作权，6个供热软件专利。公司深耕供热信息化领域18年，业务覆盖了北方所有省份，服务了包括济南能源集团、呼市城燃热力、石家庄华电供热、京能大同热力、北燃实业、天津滨海供热集团等在内的超300家大中型供热企业。公司旗舰产品有供热收费管理系统、供热客服管理系统、供热网上服务大厅、供热生产运行管理系统，延伸的产品还有供热GIS系统、供热设备巡检系统，以及供热收费、稽查、维修及管理等移动端应用。产品完全兼容各地区的供热政策，服务品质已经成为行业内的标杆。2020年，众齐软件启动了智慧供热运营管理平台的研发及落地应用，努力推动供热行业数字化转型，构建智慧城市供热大脑。基于城市供热GIS一张网，将供热运营经验与庞大的财务、设备、生产、客户数据相结合，提供开发预测、水力分析、负荷预测、应急调度、经营分析、服务分析、能耗分析、经济运行分析、客服AI等能力输出，实现企业数据的整体融合共享以及业务的高效协同管理，为企业整体运营管理和决策提供数字化、可视化、自动化、智能化支持的一体化平台。,"https://www.zhaopin.com/jobdetail/CC640181680J40254884505.htm?refcode=4019&srccode=401901&preactionid=a7c1140f-c46c-45e5-b867-ab342d8bdc77"
3321,实施工程师,杭州-富阳区,1.2-1.8万·14薪,广州金升阳科技有限公司,"电子/半导体/集成电路,电气机械/电力设备,电子设备制造",1000-9999人,未融资,CC136037370J40376927205,岗位职责:,2月13日,国家高新技术企业，成立于1998年，注册资本2亿元，拥有超4000名员工，科研团队超800人，设有博士后科研工作站。主营业务覆盖电源芯片、机壳开关电源、模块电源、信号隔离器等产品，研产销一体化，打造无忧电源·一站式电源解决方案，产品应用于工业、医疗、能源、电力、轨道交通、智能交通、智慧城市等领域，是拥有强大自主研发和知识产权优势的创新型企业。【核心优势】＞平台好：专精特新“小巨人”企业，中国创造知识产权500强＞技术强：硕博团队超200人，知识产权超1400项，年均开发新品超1000项＞氛围佳：开放的工作氛围，丰富的节假日关怀，创新好玩的活动，有特色的兴趣社团＞成长快：专项培养计划，1对1导师制，双晋升通道，以优秀者成就更优秀者＞收入高：有竞争力的薪酬，激励体系完善，奖金丰富，福利齐全等【发展保障】＞待遇优厚：有竞争力的新酬，按岗位的激励政策，与当期业绩挂钩，含年终奖、项目奖、专利奖等＞基础保障：五险一金、周末双休，法定节假日、带薪假(年假、婚假、产假等)＞特殊福利：工作餐、人才房、关怀礼金、节日/季度福利、年度体检/旅游、政府人才补贴等＞成长快速：鹰计划培养(新人融入、专业能力提升、领导力拓展等)、技术+管理双通道晋升＞业余活动：运动健身、社团联盟、节日晚会、日常团建、单身联谊、家属联谊等【团队分布】科研团队：广州/深圳/西安/武汉/长沙/成都营销团队：广州/深圳/北京/苏州/杭州/上海/南京/青岛/西安/武汉/长沙/成都/德国/印度等制造产业园：湖南省怀化,"https://www.zhaopin.com/jobdetail/CC136037370J40376927205.htm?refcode=4019&srccode=401901&preactionid=a7c1140f-c46c-45e5-b867-ab342d8bdc77"
3322,实施工程师,南京-鼓楼区,1.3-2.5万·15薪,浪潮集团,"IT服务,计算机软件,计算机硬件",10000人以上,,CC120143600J40851519715,岗位职责： 1.负责超融合、虚拟化、云平台产品实施交付工作，为客户制定实施交付方案，按照质量要求完成产品实施输出实施过程材料，面向客户进行产品功能培训 2.负责超融合、虚拟化、云平台产品售后问题处理工作，解决客户现网环境问题 3.负责实施交付能力体系建设，按照公司要求完成内部能力传递、团队技术能力建设、产品能力代理商培训等工作 任职要求： 1.熟悉虚拟化、容器、云管理等云计算基础知识 2.具有3年以上云计算领域研发、PoC、实施交付、运维工作经验 3.熟练使用Shell/Python和自动化运维工具，如Ansible； 4.熟悉MySQL、Oracle等常用数据库的维护与调优优化；熟悉Linux、Windows等操作系统以及常用服务的性能优化；有OpenStack、VMware、Kubernetes、Docker使用经验者优先。,6月6日,浪潮集团是中国领先的云计算、大数据服务商，拥有三家上市公司。主要业务涉及计算装备、软件、云计算服务、新一代通信、大数据及若干应用场景。作为中国最早的IT品牌之一，浪潮致力于成为世界一流的新一代信息技术龙头企业经济社会数字化转型的优秀服务商，新型基础设施建设的骨干企业。,"https://www.zhaopin.com/jobdetail/CC120143600J40851519715.htm?refcode=4019&srccode=401901&preactionid=a7c1140f-c46c-45e5-b867-ab342d8bdc77"
3323,技术支持工程师,杭州-滨江区,面议,施耐德电气（中国）有限公司,"仪器仪表制造,电气机械/电力设备,互联网",1000-9999人,未融资,CC000017110J40701948801,施耐德万高主要开发生产和销售中低压电气设备，作为施耐德电气ATSE（自动转换开关）产品全球主要生产基地，同时拓展多种产品并广泛应用于多种场景，包括但不限于楼宇建筑，数据中心，轨道交通，石油石化等多个主要行业的覆盖，以高质高效和敏捷响应为客户保障电力供应的稳定性和安全性。欢迎有能之士的加入，让我们共同取得更多成功！ 岗位描述： 1. 熟练掌握中低压配电产品尤其是公司核心产品及技术方案应用知识，深入了解项目或销售需求，向销售人员提供销售工具及产品知识培训以协助销售区域实现销售目标； 2. 基于市场和客户情况，对外代表公司进行新产品发布，产品方案推广培训以及技术交流； 3. 进行市场调查，了解市场和行业动态并对竞争对手作分析支持销售； 4. 对区域潜力行业深入研究，协助销售制定商业行动计划并配合实施； 5. 协调和促进各项市场活动在区域的落地，协助增强市场活力和品牌影响力。 岗位要求： 1. 电气工程及其自动化或电气同类专业本科及以上学历背景； 2. 具有较强学习能力，独立思考，沟通呈现和团队精神； 3. 强组织协调协调能力，擅长自我驱动，勇于创新； 4. 可接受高频率出差； 5. 熟练掌握office办公、CAD等软件； 6. 有配电行业背景和经验优先，具备流利的英语听说读写能力者优先；,7月4日,"在施耐德电气，我们相信，获取能源并利用数字技术是人们的基本权力,我们助力所有人以更少的资源创造更多的价值,并确保每一个人，在任何时间，任何地点都能尽享Life Is On。我们提供能源与自动化数字解决方案，以实现高效和可持续。我们将世界领先的能源技术、自动化技术、软件及服务融合于整体解决方案之中，服务于家居、楼宇、数据中心、基础设施和工业市场。我们致力于打造有意义、包容和赋能的企业价值观，我们承诺让这个开放的，全球化的，创新的生态圈释放无限可能。","https://www.zhaopin.com/jobdetail/CC000017110J40701948801.htm?refcode=4019&srccode=401901&preactionid=a7c1140f-c46c-45e5-b867-ab342d8bdc77"
3324,科研人员,娄底-新化县,6000-12000元,湖南省美程新材料科技股份有限公司,"非金属矿物制品业,非金属矿物制品业,电气机械/电力设备,电子/半导体/集成电路",1000-9999人,C轮,CC348958080J40691609114,美程集团大量接收2024/2025届理科类专业应届硕士毕业生 硕士毕业生材料、化工、自动化类专业优先，发展方向往研发方面发展 岗位职责： 参与研究项目的各个环节，为项目提供全方位的支持； 收集和整理相关数据，进行数据分析和模型构建； 撰写项目报告，对研究成果进行总结和展望；     五险一金，包住，饭补，生日福利，节日福利    ,7月25日,湖南省美程陶瓷科技有限公司成立于2010年8月，注册资本4343万元；是一家集研发、生产、销售为一体的先进陶瓷企业、湖南省高新技术企业。主要从事：氧化铝陶瓷、氧化锆陶瓷、滑石瓷及其它非氧化物陶瓷的研发与应用。公司建有专业的研发检测平台、模具制作中心和原料造粒基地，拥有先进的干压成型技术、陶瓷纳米金属化技术、陶瓷钎焊和陶瓷精加工能力。主导产品有温控器系列陶瓷、新能源系列陶瓷、传感器系列陶瓷，广泛应用于新能源汽车、电子电器、通信互联、仪器仪表、城市轻轨、航空航天、机器人等领域。主要客户有比亚迪、特斯拉、美的、海尔、格兰仕、华盛昌等知名企业。公司现拥有国家级发明专利100余项；2018年获批创建湖南省电子功能陶瓷工程技术研究中心，入选“湖南省十个创新创业团队”之一；2019年荣获“湖南省科技进步三等奖”和中国第八届创新创业大赛国家级“企业优秀奖”，并创建了娄底市院士工作站。公司先后通过了ISO9001质量管理体系、IATF16949汽车质量管理体系、ISO45001职业健康安全管理体系、ISO14001环境体系、两化融合体系、安全生产标准化三级企业（轻工）、质量3A企业的评审认定。2017年获得创建省知识产权示范企业、省两型工业企业、荣获“湖南省小巨人企业”及“湖南好产品”等荣誉称号。2018年通过湖南省新材料企业认证。2019年创建了湖南省智能制造示范车间、被评为“娄底市优秀民营企业”。2020年3月，公司成为湖南省科技创新专版首批挂牌企业（挂牌代码100018HN），开启公司发展新篇章。公司发展过程中始终坚持以党的思想指导企业发展，积极参与扶贫帮困等公益事业；关心员工生活，各项福利完善，企业文化活跃。公司秉承“诚信、专业、共赢”的经营理念；不断创新，不断超越，精益求精，立志打造中国先进陶瓷知名品牌和知名企业。公司具有良好的绩效考核和晋升机制，优秀员工可提升为班长，进而提升为主管、工程师、高级技师等。公司为员工提供五险一金、节日福利、生日福利，免费班车，免费住宿、就餐补贴、职业培训、困难职工救助、子女奖学金、集体旅游、工龄工资等保障和福利。公司的发展离不开人才的储备和培养，年轻的美程公司以最真挚的敬意高薪诚聘：营销管理、技术研发、品质管理和机电一体化、模具设计、电工、钳工等专业技术人才。找准平台，共创辉煌！,"https://www.zhaopin.com/jobdetail/CC348958080J40691609114.htm?refcode=4019&srccode=401901&preactionid=a7c1140f-c46c-45e5-b867-ab342d8bdc77"
3325,技术支持工程师,太原-万柏林区,7000-14000元,青岛安然物联网科技有限公司,"物联网,物联网",20-99人,未融资,CC559764920J40565750804,需要弱电技术、自动化、安防系统、工业互联网+危化安全生产、物联网人才，不要纯软件人才。 你能经常到全国各地出差吗？你能到工业生产现场生产现场做技术支持吗？    真正的奋斗者在安然会有让人值得为之奋斗的事业，会有充实、高效的成长，会有高人一等的收入。,6月21日,基于精准人员定位的工业安全生产信息化管理专家，安全生产信息化管理引领者！作为全国实时定位技术标准工作组成员和应急管理部“工业互联网+危化安全生产”人员定位系统技术支持机构，安然从2012年起致力于基于ZigBee Plus三维立体按需精准定位的“工业互联网+安全生产”的研究，获得了20多项安全智能管控系统发明专利和著作权，持续引领中国化工行业生产现场智慧安全！安然以“准、稳、狠”的ZigBee Plus三维立体按需精准人员定位统和“底数清、数据准、情况明、研判准、措施实”的安全生产信息化平台为核心，整合访客管理、出入口控制、人脸识别、视频监控、语音广播、重大危险源监控、可燃有毒气体监测等系统，对生产现场人、机、料、法、环五大要素进行实时、动态、智能管控和预警，规范人的安全行为，保障人的生命安全，有效防范风险、主动化解风险，实现智慧安全。安然“以用为本”，把安全生产信息化建设与公司管理体系“深度融合”，把安全生产信息化建设与日常工作“紧密结合”，对安全生产切实“有用、实用、好用”，避免建用“两张皮”，让安全管控更智能，让生产更高效才实用。迄今已服务中石化、中石油、延长石油、国能、兖矿、京能、索普、新安、奇美、昊源、潞安、旭阳、垦利、逸盛、海科、酒钢、金发等几百家石化、化工、选煤、钢铁、电厂企业。安然以客户为中心，以强者为本，抬头乐干，愿意与同道中人联合、链接，携手共建、共用、共享生产安全命运共同体，一起干，一起干，让优秀企业更安全，让优秀企业更高效！,"https://www.zhaopin.com/jobdetail/CC559764920J40565750804.htm?refcode=4019&srccode=401901&preactionid=a7c1140f-c46c-45e5-b867-ab342d8bdc77"
3326,Java,武汉-江夏区,1.5-3万·15薪,外企德科数字技术有限公司,专业技术服务,10000人以上,,CCL1480117890J40788623805,核心项目开发 Java/python/JS/C++/测试，均有岗位在招聘 【福利待遇】 薪资open+14-16薪1、 2、入职全额六险一金+双休，双倍加班费+加班餐补 +加班打车 报销 3、上下班有班车，园区有饭堂、免费健身房 4、资深导师一对一带教 1、计算机、软件、通信等相关专业本科及以上学历，专业优秀者可放宽: 2、热爱编程，基础扎实，熟悉掌握 测试/Java/ python/JS/C++编程语言，有良好的编程习惯3、具备独立工作能力和解决问题的能力、善于沟通，乐于合作，热衷新技术，善于总结分享，喜欢动手实践; 4、对数据结构、算法有一定了解,2025-07-27 00:25:39,外企德科数字技术有限公司是一家2023年新成立的中外合资企业。成立于2023年11月24日，公司定位：专注于为信息技术企业提供人才及数字技术外包解决方案的中外合资企业。它是由中国人力资源服务行业的FESCO（北京国际人力资本集团）与全球人力资源服务领导者The Adecco Group（德科集团）合资成立的。公司主要提供网络技术服务、软件外包服务、计算机系统服务、技术进出口、软件开发等信息技术相关服务。专注于为信息技术企业提供信息技术类人才及数字技术外包解决方案。,"https://www.zhaopin.com/jobdetail/CCL1480117890J40788623805.htm?refcode=4019&srccode=401901&preactionid=a7c1140f-c46c-45e5-b867-ab342d8bdc77"
3327,技术支持工程师,长春-南关区,4000-6000元,吉林省创域智能科技有限公司,人工智能,100-299人,,CCL1492294090J40652847206,岗位内容： 1. 回答来自客户和同事的问题，并提供第一时间的技术支持服务。 2. 根据客户需求开展问题分析和故障排除，协助用户完成各项工作任务。 3. 建立和维护客户关系，监控并反馈用户需求信息和市场动态。 4. 积极参与制定和优化技术支持流程，提升部门效率和客户满意度。 任职要求： 1. 具备良好的沟通技巧和客户服务意识，能够处理复杂的客户关系； 2. 熟练掌握基础网络、服务器、存储、虚拟化、安全等相关知识和技能； 3. 高中或以上学历，计算机相关专业毕业优先考虑； 4. 具备较强的团队合作精神和协调能力，能够适应快速变化的工作环境。,6月13日,,"https://www.zhaopin.com/jobdetail/CCL1492294090J40652847206.htm?refcode=4019&srccode=401901&preactionid=a7c1140f-c46c-45e5-b867-ab342d8bdc77"
3328,Java,武汉-江夏区,1.5-3万·14薪,外企德科数字技术有限公司,专业技术服务,10000人以上,,CCL1480117890J40603130405,Java/C/C++/Python/嵌入式/驱动开发/前端/测试/算法/数据开发等 均有岗位！ 不卡地域，不卡部门，面试成绩通用~地域：北京/上海/深圳/杭州/成都/西安/东莞/南京/武汉等地域，根据个人意愿选择；   亮点：年轻团队，核心业务，根据技术能力定级定薪无固定上限，入职即交五险一金，享有年终14-16薪，项目奖金等，享受带薪年假病假等福利，长期稳定晋升发展~   能力要求：   1.熟悉Java/Go/PythonC/C++至少一种语言；   2.掌握常见的数据结构．算法；   3.熟悉常用设计模式、数据框架；   4.具有良好学习能力；,2025-07-27 00:23:22,外企德科数字技术有限公司是一家2023年新成立的中外合资企业。成立于2023年11月24日，公司定位：专注于为信息技术企业提供人才及数字技术外包解决方案的中外合资企业。它是由中国人力资源服务行业的FESCO（北京国际人力资本集团）与全球人力资源服务领导者The Adecco Group（德科集团）合资成立的。公司主要提供网络技术服务、软件外包服务、计算机系统服务、技术进出口、软件开发等信息技术相关服务。专注于为信息技术企业提供信息技术类人才及数字技术外包解决方案。,"https://www.zhaopin.com/jobdetail/CCL1480117890J40603130405.htm?refcode=4019&srccode=401901&preactionid=a7c1140f-c46c-45e5-b867-ab342d8bdc77"
3329,C/C++,北京-朝阳区,1-2万,中国科学院地质与地球物理研究所,"学术/科研,电子/半导体/集成电路,培训/辅导服务,石油/石化",500-999人,,CC152438620J40661846906,主要工作：  （1）根据仪器测试实验需求，提出上位机（电脑端）软件设计方案；   （2）上位机软件通过串口、USB、以太网等方式与仪器通信；   （3）实现仪器的工作流程控制、实时状态展示以及数据预处理和显示功能。   ,5月27日,中国科学院地质与地球物理研究所1999年6月由原中国科学院地质研究所和中国科学院地球物理研究所两所整合而成。整合前的两个研究所都有长达50余年的历史和丰厚的科研成果，在国内外学术界具有很高的地位。2004年将中国科学院武汉数学物理研究所的电离层研究室整体调整到所。整合原中国科学院兰州地质所，建立了中国科学院地质与地球物理研究所兰州油气资源研究中心。研究所现有在职人员480人，其中科技人员298人，具有高级职称的专业科研人员215人。有中国科学院院士11人、中国工程院院士1人，国家自然科学杰出青年基金获得者28人，中科院“百人计划”入选者17人，国家“千人计划”3人。研究所是国家最早确定的硕士、博士研究生培养基地和博士后流动站单位，是中国科学院博士生重点培养基地，有地质学、地球物理学、地质工程二级学科的博士、硕士培养点，地质学、地球物理学、地质资源和地质工程三个博士后流动站。目前在读博士生、硕士生近550多人，在站博士后约100人。电磁法仪器组是2010年新成立的一个硬件研发部门，是专门为方法理论验证提供实验仪器支持的科研支撑系统，主要从事地质学，地球物理学相关的大小仪器开发、研究、制造，目前技术水平属于国际一流水平。,"https://www.zhaopin.com/jobdetail/CC152438620J40661846906.htm?refcode=4019&srccode=401901&preactionid=a7c1140f-c46c-45e5-b867-ab342d8bdc77"
3330,技术支持工程师,北京-顺义区,6000-7000元,北京华创方舟科技集团有限公司,"计算机硬件,IT服务",100-299人,已上市,CC350155110J40761695911,职位描述 一、任职要求： 1、具备认真、负责的工作态度，有责任心。 2、具备快速学习，不断提升技术水平的进取心。 3、能够根据项目工作需求完成异地工作，接受差旅或服从岗位BASE地调整。 二、技术要求： 1、熟悉 Windows/Linux 系统基本操作（如文件管理、用户权限配置、日志查看）。 2、了解传统服务器或GPU服务器硬件组成（CPU、GPU、内存、Raid、硬盘、带外管理等）及常见故障排查方法。 3、掌握基础网络知识（网关、路由、DNS、VPN 等）。 4、能使用 SSH、远程桌面等工具进行服务器管理，熟练使用 Excel/Word 记录文档。 三、其他待遇： 1、五险一金，提供住宿。,7月24日,北京华创方舟科技集团有限公司是一家国家高新技术企业，专业的智能化云综合服务提供商。公司成立于2006年，总部位于北京，全国设立7个大区，21个分支机构，形成了覆盖全国的业务营销网络和服务支持体系。华创方舟服务着全国数百家客户，其中已涉及税务、人社、金融、电力、制造等众多行业，公司的客户数、服务收入、净利润等经营指标逐年稳步上升，销售额连年过亿。华创方舟作为一家国家级高新技术企业，成立了华创研究院（北京），并设立了两处研发基地（北京、济南），拥有优秀的技术开发和应用专家，拥有诸多的自主知识产权的产品和行业解决方案。公司目前有六条产品线：1、咨询服务包括IT治理与内控管控咨询服务、IT服务与运维管理咨询服务、上云咨询与云化评估服务、业务连续性与容灾咨询服务、信息安全评估与实施咨询服务。2、解决方案包括业务连续性与容灾解决方案、一体化智能运管平台、大数据分析解决方案、数据交换平台。3、系统集成包括信息系统集成实施服务、网络及安全系统集成实施服务、迁移服务（上云服务）。4、维保支持包括软件支持服务、硬件支持服务、机房环境支持服务、评估与优化服务。5、运营管理包括桌面运营服务、数据中心运营服务、云运营服务、安全运营服务。6、软件开发包括软件系统设计与开发服务、应用开发和维护服务。公司资质与荣誉：ISO20000 IT服务管理体系认证证书ISO27001信息安全管理体系认证证书ISO9001质量管理体系认证证书ITSS信息技术服务运行维护标准符合性证书二级企业信息系统集成及服务资质二级企业国家信息安全测评信息安全服务资质证书(安全工程类一级)企业CMMI三级企业国家高新技术企业中关村高新技术企业中关村信用评级A级企业信息技术服务服务管理第1部分：通用要求标准起草单位之一,"https://www.zhaopin.com/jobdetail/CC350155110J40761695911.htm?refcode=4019&srccode=401901&preactionid=a7c1140f-c46c-45e5-b867-ab342d8bdc77"
3331,科研人员,合肥-蜀山区,2.8-3万·14薪,数据空间研究院,云计算/大数据,300-499人,不需要融资,CCL1418127490J40808180615,岗位职责： 1.开展人工智能相关的研究，发表高水平学术论文， 并带领团队人员关键技术攻关； 2.申报和承担国家、省市研究课题或企业合作项目； 3.参与团队建设和日常管理； 4.参与国内外学术技术交流。 岗位要求： 1.拥有博士学位； 2.对深度学习、计算机视觉、自然语言处理、强化学习等方向有研究经验； 3.具备编程能力，精通至少一种深度学习框架，如TensorFlow、PyTorch等；  4.具备较好的项目文档经验和编写能力； 5.具有较强的团队组织能力和沟通能力，具备独立思考和解决问题的能力； 6.良好的英语阅读和书写能力，能够阅读和撰写英文学术论文。  福利待遇： 1. 极具竞争力的薪酬待遇、创新型的薪酬规划；  2. 五险一金全额缴纳（五险市级、公积金省级）稳定有保障； 3. 周末双休、法定节假日、带薪年假、育儿假、高温假； 4. 享受新型研发机构各项补贴；  5. 5A级智慧科技产业园、舒适的敞开式办公环境； 6.研究院是安徽省博士后工作站，可进站；,5月22日,合肥综合性国家科学中心数据空间研究院，是由安徽省人民政府举办的事业单位、新型研发机构。研究院坐落于合肥市高新区“科大硅谷”核心区，毗邻北雁湖生态湿地公园，并在北京市海淀区中关村设立研发分中心。研究院由“国家最高科学技术奖”获得者王小谟院士出任创院院长，8位院士鼎力支持，汇聚全球顶尖科技人才。拥有16名国家级人才，各类科研人员300余人。研究院以数据重构网络空间为核心理念，聚焦从数据到网络空间，围绕“网络强国”“数字中国”两大战略和数字时代国家大科学装置建设，开展基础研究和应用研究，建立科研成果转化、产业化的创新创业生态，打造世界一流、国内顶尖的数据空间领域新型研发机构研究院为国家自然科学基金依托单位，拥有国家、省部级科研平台。下设数据创新平台、算法安全研究所、计算社会科学研究所、经济大数据研究中心、智能感知研究中心、数据要素创新研究中心、工业大数据研究中心、健康大数据研究中心、安全大数据研究中心等研究中心，承办数据空间大会、全国社会媒体处理大会等多个高水平学术会议。,"https://www.zhaopin.com/jobdetail/CCL1418127490J40808180615.htm?refcode=4019&srccode=401901&preactionid=a7c1140f-c46c-45e5-b867-ab342d8bdc77"
3332,科研人员,三亚-崖州区,3-3.5万,智联猎头,"互联网,人力资源服务",1000-9999人,不需要融资,CCL1318355140J40816790703,工作内容： （1）协助管理团队的科研项目和任务；（2）协助进行团队的日常管理；（3）协助团队大数据平台管理和维护工作。,7月23日,智联猎头作为智联招聘旗下品牌，以满足企业中高端岗位的人才招聘需求为出发点，整合全球优质资源，覆盖数字经济、新一代信息技术、人工智能、金融、电子信息、装备制造、生物医药与健康、房地产/建筑等数十个行业，拥有规模庞大、覆盖面广的交付团队，致力于向企业输出专业化的招聘解决方案。智联猎头目前拥有卓聘平台服务、招聘流程外包服务、高端人才猎寻服务三大类核心服务，具备高度定制化能力，能够为不同发展阶段的企业提供一站式招聘解决方案，同时为企业转型升级提供保障，全面增强企业核心竞争力！智联猎头利用自身独特的资源优势、成熟的服务模式，以及多层次的产品，致力于打造高效、专业的一站式人才服务模式，让招聘更加美好！,"https://www.zhaopin.com/jobdetail/CCL1318355140J40816790703.htm?refcode=4019&srccode=401901&preactionid=a7c1140f-c46c-45e5-b867-ab342d8bdc77"
3333,实施工程师,重庆-渝北区,80-150元/天,重庆云维先科技有限公司,计算机软件,20-99人,,CC886398770J40751440314,岗位内容： 1.学习与理解：快速学习并理解公司产品和技术栈，包括但不限于编程语言、框架、数据库管理、以及相关管理工具。 2.辅助开发：在研发部工程师的指导下，参与项目开发，协助编写、调试和维护代码，确保开发质量符合团队标准。 3.文档编写：负责编写和更新项目相关的文档，包括但不限于需求分析文档、设计文档、用户手册以及开发过程中的技术笔记。 4. 测试支持：协助进行单元测试、集成测试和系统测试，发现并记录软件缺陷，与团队合作修复问题。 5. 技术研究：参与新技术、新工具的研究和评估，为团队的技术选型和升级提供建议。 任职要求： 1.26届在校生（毕业时间：26年5-8月）， 本科以上，有相关经验者可放宽条件。 2. 计算机相关专业； 3. 技术驱动，对新技术有浓厚兴趣和渴望尝试新事物。  4.至少在岗实习6 个月，实习证明、三方协议等相关材料，统一申请处理。,7月22日,,"https://www.zhaopin.com/jobdetail/CC886398770J40751440314.htm?refcode=4019&srccode=401901&preactionid=a7c1140f-c46c-45e5-b867-ab342d8bdc77"
3334,技术支持工程师,泉州-洛江区,5000-7000元,信和新材料,"化学原料/化学制品,石油/石化",500-999人,不需要融资,CC242086610J40680887906,一、岗位职责： 1、协助工程师开展工业漆（桥梁、石化、电力、船舶等领域）的售前、售中及售后技术支持工作； 2、参与涂装现场施工指导，学习常见涂装弊病分析与解决方案； 3、配合技术团队进行新产品现场测试、数据收集及效果评估； 4、完成公司安排的轮岗学习任务，包括生产、检测、项目管理等基础岗位实践； 5、参与技术文档整理、案例复盘及内部培训分享。 二、任职要求： 1、学历专业：本科及以上学历，涂装、化学、化工、材料科学与工程等相关专业； 2、经验要求：应届毕业生或1-2年相关实习经验（重防腐、涂装、化工领域优先）。 3、能力素质： ①　学习能力强，对重防腐技术或工业漆应用有浓厚兴趣； ②　具备基础沟通协调能力，能适应团队协作及客户现场支持； ③　吃苦耐劳，接受长期出差（项目制）。,6月5日,信和新材料成立于1995年，是专业从事涂料研发、生产、销售与涂装服务的国家级高新技术企业，是中国涂料工业协会副会长单位。拥有泉州和苏州两个生产基地，年产25万吨，能为广大用户提供应用在船舶桥梁、军工装备、核电工业、石化防腐、电气设备、建筑工程、机械装备等多个国民经济领域的涂料产品。长期以来，信和一直走科技创新之路：开发的钢结构防腐防火涂料成功应用于泉州湾跨海大桥，填补跨海大桥使用国内涂料品牌空白；研发的系列核电涂料，成功应用于巴基斯坦恰希玛与卡拉奇、江苏田湾、广西防城港、辽宁红沿河等十多个核电站，打破了外资品牌长期以来的市场垄断，成为中国核电涂料第一品牌；研发的石墨烯防腐蚀涂料，耐盐雾时间较传统环氧富锌涂料提高十多倍，是冷喷锌与热镀锌防腐工艺的替代方案，该技术一直处于国际领先水平；开发的铁路动车专用系列配套涂料，各项性能指标完全符合动车及城轨车辆要求，成为中国中车集团的重要涂料供应商。信和先后牵头、参与制定国家及行业标准42项，拥有国家专利65项。公司会一直以提升客户产品价值为己任，不断优化涂料产品的工艺适应性，开发出行业内更具引导性的涂装配套产品，为用户提供更加合理的涂装整体解决方案，更好的服务于广大用户。公司薪酬福利：（包住，福利食堂，白班，大小周工作制） 1、提供富有市场竞争力的薪酬，并统一缴纳五险一金。 2、配套环境优越的员工宿舍和员工活动中心。 3、定期提供健康体检，定期和不定期组织旅游，举办员工生日晚会或发放生日礼物。 4、发放员工婚丧礼金、住院慰问金、助学金及困难救助基金等。 5、先进的培训与晋升机制，为员工提供良好的成长空间。 6、信和幼儿园可为员工子女提供优质的幼儿教育。,"https://www.zhaopin.com/jobdetail/CC242086610J40680887906.htm?refcode=4019&srccode=401901&preactionid=a7c1140f-c46c-45e5-b867-ab342d8bdc77"
3335,Java,西安-雁塔区,6000-9000元,天阳科技,"计算机软件,计算机软件",1000-9999人,已上市,CC120408370J40785180708,要求：1.具有扎实的java基础，熟练掌握springboot，spring mvc，mybatis等框架。,7月11日,天阳科技(股票代码：300872)，是全球金融创新服务的重要贡献者，持续赋能中国金融行业数字化转型，为客户提供咨询、金融科技产品、金融IT服务、云计算及运营服务。公司成立于2003年，服务超过300家金融行业客户，覆盖中央银行、政策性银行、国有银行、股份制银行、地方性商业银行、非银行金融机构等，员工人数近7000人，成为激活金融领域创新活力、推动金融科技迈入世界领先水平的重要力量。作为金融行业客户可信赖的合作伙伴，天阳科技凭借丰富的行业经验和端到端的专业服务，在信创、数字化金融、信贷、交易银行、信用卡、零售、营销、风险管理、征信监管等众多领域具备核心竞争力。据赛迪和IDC报告显示，近年来公司在中国银行业IT解决方案市场排名强势崛起，2019年收入及市场占有率综合排名分别位列第四位和第五位，并保持高速增长。同时，前瞻商业和科技趋势，入选2021年度未来银行科技服务商TOP100。天阳科技始终聚焦金融科技领域，加大自主创新力度，在超过100个城市建立本地化、专业化的研发和服务团队，拥有CMMI5级认证、软件测试成熟度模型集成（TMMi）3级认证、ISO9001质量管理体系认证、ISO20000信息技术服务管理体系认证、IS027001信息安全管理体系认证。通过部署人工智能、云计算、大数据、移动互联网、分布式计算和区块链等先进金融科技，公司致力于构建安全可控、普惠民生、开放共赢格局，在关键技术领域服务现代化金融发展大局，更好地为各利益相关方创造更大价值，为大中企业、小微企业以及每个个体提供优质金融服务。,"https://www.zhaopin.com/jobdetail/CC120408370J40785180708.htm?refcode=4019&srccode=401901&preactionid=a7c1140f-c46c-45e5-b867-ab342d8bdc77"
3336,实施工程师,哈尔滨-松北区,4000-6000元,哈尔滨凯纳科技股份有限公司,"互联网,计算机硬件,计算机软件,电子/半导体/集成电路",300-499人,未融资,CC194135910J40615489307,一、招聘对象：2024届、2025届毕业生 二、招聘岗位：实施工程师助理、软件助理工程师、数据库助理工程师、运维/测试助理工程师、大客户销售助理。 三、招聘专业：安全工程、给排水、物联网工程、环境工程；电子与计算机工程、软件工程、网络工程、应用数学等相关专业均可。 四、我们的优势：【作为龙江智慧水务行业领军企业，公司资质全面过硬、业务范围广、技术线条长、项目类型丰富，锻炼机会多、成长空间大，加入我们，能够积累丰富的专业及行业经验。】 职位福利：五险一金、周末双休、带薪年假、项目奖金、年终奖,7月16日,哈尔滨凯纳科技股份有限公司（以下简称“凯纳科技”）成立于1995年，注册资本5000万元，现有员工200余人，其中50%以上为研发人员，80%以上人员具有中、高级职称。业务领域包括物联网技术的研发及应用，智慧城市建设及应用，是黑龙江省内最早使用NB-IoT从事物联网应用的企业，是国内智慧供水领先企业。凯纳科技以“智慧物联，感知世界”为愿景，秉承“惠济民生、服务社会”的使命，践行“立己立人、利人利己”的价值观，持续推进数字化及智能制造领域的发展。凯纳科技是国家级高新技术企业、“专精特新”企业、黑龙江省级和哈尔滨市级企业技术中心、黑龙江省工程技术研究中心、智能制造数据采集院士工作站、哈尔滨市级新型研发机构，黑龙江省级、哈尔滨市级技术创新示范企业。凯纳科技先后承建国家级重点信息化项目五个，省市级科技项目十个，取得20余项发明专利、100余项软件产品著作权及科技成果证书，其中五项获得国家级奖项，形成了具有自主知识产权的产品系列。制定的黑龙江省地方标准《黑龙江省城镇二次供水系统智慧泵房应用技术规程》、《黑龙江省城镇智慧供热工程技术规程》正式发布并实施。,"https://www.zhaopin.com/jobdetail/CC194135910J40615489307.htm?refcode=4019&srccode=401901&preactionid=a7c1140f-c46c-45e5-b867-ab342d8bdc77"
3337,C/C++,西安-雁塔区,1.3-2.6万·14薪,外企德科数字技术有限公司,专业技术服务,10000人以上,,CCL1480117890J40790888905,工作内容：  1. 负责需求开发，功能联调，静态检测，本地构建，环境搭建，产品优化及问题定位等工作   2. 完成模块级、子系统级的软件需求分析，软件模块设计和实现，支撑版本及需求快速迭代         优势：     1、无线E2E的解决方案，面向政企&行业客户提供专网通信服务，业务丰富、产品多样化，技术深度、广度均涉及，能力提升、视野提升均很快。     2、无线是公司的压舱石，整体收益高且稳定。     项目情况：,2025-07-27 00:25:48,外企德科数字技术有限公司是一家2023年新成立的中外合资企业。成立于2023年11月24日，公司定位：专注于为信息技术企业提供人才及数字技术外包解决方案的中外合资企业。它是由中国人力资源服务行业的FESCO（北京国际人力资本集团）与全球人力资源服务领导者The Adecco Group（德科集团）合资成立的。公司主要提供网络技术服务、软件外包服务、计算机系统服务、技术进出口、软件开发等信息技术相关服务。专注于为信息技术企业提供信息技术类人才及数字技术外包解决方案。,"https://www.zhaopin.com/jobdetail/CCL1480117890J40790888905.htm?refcode=4019&srccode=401901&preactionid=a7c1140f-c46c-45e5-b867-ab342d8bdc77"
3338,前端开发,天津-东丽区,1-1.8万,科锐尔人力资源服务(苏州)有限公司,咨询服务,1000-9999人,已上市,CC453635220J40751731803,职责： 1.负责AI应用前端程序设计，核心模块设计与开发。 2.确保软件项目按时交付，并满足客户需求。 3.编写高质量、结构清晰、易维护的代码。 4.进行代码审查，确保代码质量。 5.跟踪最新的技术趋势，评估并采用新技术以提升产品性能。 要求： 1.统招本科，计算机相关专业 2.3年以上工作经验。 3.熟练掌握HTML、CSS、JavaScript，TypeScript等技术； 4.熟悉Web前端组件化/模块化开发模式和前端工程化实践；熟悉微前端开发模式。至少精通一种前端开发框架，如React、Vue、Angular等；熟悉各种图表库、UI框架 5.了解JAVA/python/php/nodejs等其中至少一种后端技术； 6.了解ES5+标准，了解HTML5、CSS3等标准； 7.了解Electron开发相关技术，了解小程序开发相关技术； 8.熟悉Linux/Git/IDE(VS Code、Sublime Text等)/Nginx等开发工具 9.了解LLM相关的知识 10.熟悉软件开发生命周期（SDLC）和敏捷开发方法。 11.良好的英语听说读写能力，阅读技术文档和撰写电子邮件报告。,7月16日,"科锐国际人力资源有限公司成立于1996年，总部位于北京。作为亚洲领先的整体人才解决方案服务商，科锐国际在中国大陆、香港、印度、新加坡等亚洲地区拥有超过79家分支机构，1,500余名专业招聘顾问，在超过18个行业及领域为客户提供中高端猎头、招聘流程外包、灵活用工、营销外包、校园招聘、培训、招聘咨询等解决方案。截至目前，科锐已与2,000余家跨国集团、国内上市公司、快速成长性企业及非盈利组织建立长期合作关系。其中70%为外资500强企业。","https://www.zhaopin.com/jobdetail/CC453635220J40751731803.htm?refcode=4019&srccode=401901&preactionid=a7c1140f-c46c-45e5-b867-ab342d8bdc77"
3339,科研人员,苏州-虎丘区,1-1.2万,苏州国溯科技有限公司,环保,20-99人,未融资,CC599982680J40543211614,一、合作导师 吴静 研究员 二、教研所 水环境保护教研所 三、招聘人员与数量 博士后1-2名 四、拟从事研究领域 水污染监测、预警与溯源 五、拟从事的研究内容或研究计划 开展溯源研究和产品开发，技术转化。从事机器学习与大数据、遥感、水质模型、水质荧光指纹、同位素等在水体、管网和地下水污染溯源方面的基础研究和产品开发。 六、任职要求 1. 具有环境科学、环境工程、环境化学等相关专业博士学位，品学兼优，身体健康，年龄在35周岁以下，获得博士学位的年限一般不超过3年。 2. 身心健康，具有良好的师德师风。 3. 有较好的科研基础并具备良好的中英文写作能力。 4. 具备独立科研能力，上进心和责任心强，具有良好的团队合作精神和沟通能力。 5. 进站要求全职脱产。 七、工作待遇 1. 按照国家和清华大学博士后相关管理办法的有关规定享受相关待遇，优秀者待遇从优。 2. 国内博士后支持申请“博士后创新人才支持计划”；海外博士后支持申请“博士后国际交流项目引进计划”；国内外博士后均支持申请清华大学“水木学者”计划。 3. 支持申请博士后基金、青年科研基金等。 4. 提供良好的科研条件和稳定的经费支持。 八、截止日期 长期有效 九、联系方式 联系人：苏老师,5月14日,苏州国溯科技有限公司成立于2017年11月，是一家专注于环境监管领域的高科技企业，公司核心技术和产品源自清华大学。公司致力于先进环境监管技术的研发和应用，核心技术是基于“水质指纹”的多尺度水污染预警溯源等技术，是国内外在线水污染预警溯源技术的开创者和领导者。是清华大学研发的水污染预警溯源仪的唯一生产企业。公司依托清华大学长期积淀和科技创新优势，致力于为政府和大型环境服务商提供精细化环境监管解决方案和产品，促进实现水环境质量改善、水安全保障以及水环境治理效果长期向好。主营业务包括预警溯源仪的销售、预警溯源系统辅助设备销售、预警溯源技术服务及仪器运维。公司自成立以来，已在北京、苏州、深圳等地建设实施了多个预警溯源系统项目。,"https://www.zhaopin.com/jobdetail/CC599982680J40543211614.htm?refcode=4019&srccode=401901&preactionid=a7c1140f-c46c-45e5-b867-ab342d8bdc77"
3340,实施工程师,北京-西城区,7000-10000元·13薪,金联万家(北京)电子支付科技发展有限公司,"互联网,计算机软件",100-299人,不需要融资,CC194746210J40210817510,1、计算机相关及财务金融相关专业应届生；,7月10日,公司背景及主营业务金联万家公司成立于2007年，是一家专业从事支付结算服务的高科技企业，由IT精英和支付结算专家共同组建。依托中国人民银行现代支付系统，秉承“联合金融、服务万家”的理念，联合各大国有商业银行、股份制商业银行、地方性商业银行，结合各种其他支付结算渠道和优势资源，金联万家致力于为广大企事业单位、政府机构和个人用户提供便利的一站式支付结算服务。集中代收付业务是公司的主营业务。集中代收付系统是中国人民银行的现代支付系统的重要组成部分。通过接入人民银行小额支付系统，集中代收付系统能够为入网的企事业单位、政府机构等提供一点接入式的支付结算服务，可通过任一家银行账户，实现全国范围内跨行、跨地区的批量支付和收款，业务具有一点接入、高效处理、费用低廉的特点，可有效为入网单位提高结算效率、降低成本。自公司成立以来，在中国人民银行的授权、监管和指导下，金联万家已在天津市、河北省、内蒙古自治区建立分支机构，分别负责中国人民银行各地集中代收付中心的建设、集中代收付系统的运营和业务开展。通过与商业银行的紧密合作，金联万家目前已在各地拥有稳定增长的用户资源，业务涉及政府机构、公共事业、金融保险、支付企业、集团公司、教育培训等，业务范围不断扩大，业务量持续增长。发展目标及人才战略金联万家目前拥有一支专业的经营管理和技术服务团队，对电子支付行业有深刻的认识，具有丰富的业务管理经验，以及强大的支付业务创新能力。自公司成立以来，金联万家团队以为社会公众提供高效的支付结算平台和服务为己任，以发展成为中国顶尖的专业支付结算机构为目标，经过不断的努力，业务范围不断扩大，业务量持续增长，金联万家在支付结算领域的影响力越来越显著。为了适应不断增长的业务发展需要，金联万家2013年在全国范围招募金融财务、支付结算、技术开发、市场营销等领域优秀人才加盟，共同致力于打造中国最优秀的支付结算平台。公司将为加盟的各界优秀人才提供良好的职业发展平台和有竞争力的福利待遇。参与本次招聘的机构有：金联万家北京总部、天津集中代收付中心、河北省集中代收付中心、内蒙古集中代收付中心，职位涉及产品设计、系统研发、市场营销、客户服务等领域。如果你有一颗年轻的心，如果你渴望自我实现，如果你不想墨守成规，如果你不喜欢单枪匹马，别等了，加入金联万家吧！这里承载着一个伟大的事业，这里的每个人都在实现梦想的征途上......我们需要更多的伙伴同行......,"https://www.zhaopin.com/jobdetail/CC194746210J40210817510.htm?refcode=4019&srccode=401901&preactionid=a7c1140f-c46c-45e5-b867-ab342d8bdc77"
3341,实施工程师,包头-昆都仑区,8000-16000元,青岛安然物联网科技有限公司,"物联网,物联网",20-99人,未融资,CC559764920J40565715604,需要弱电技术、自动化、工业互联网+、物联网人才，不要纯软件人才。  你能经常到全国各地出差吗？你能到工业生产现场生产现场做技术支持吗？     真正的奋斗者在安然会有让人值得为之奋斗的事业，会有充实、高效的成长，会有高人一等的收入。,7月22日,基于精准人员定位的工业安全生产信息化管理专家，安全生产信息化管理引领者！作为全国实时定位技术标准工作组成员和应急管理部“工业互联网+危化安全生产”人员定位系统技术支持机构，安然从2012年起致力于基于ZigBee Plus三维立体按需精准定位的“工业互联网+安全生产”的研究，获得了20多项安全智能管控系统发明专利和著作权，持续引领中国化工行业生产现场智慧安全！安然以“准、稳、狠”的ZigBee Plus三维立体按需精准人员定位统和“底数清、数据准、情况明、研判准、措施实”的安全生产信息化平台为核心，整合访客管理、出入口控制、人脸识别、视频监控、语音广播、重大危险源监控、可燃有毒气体监测等系统，对生产现场人、机、料、法、环五大要素进行实时、动态、智能管控和预警，规范人的安全行为，保障人的生命安全，有效防范风险、主动化解风险，实现智慧安全。安然“以用为本”，把安全生产信息化建设与公司管理体系“深度融合”，把安全生产信息化建设与日常工作“紧密结合”，对安全生产切实“有用、实用、好用”，避免建用“两张皮”，让安全管控更智能，让生产更高效才实用。迄今已服务中石化、中石油、延长石油、国能、兖矿、京能、索普、新安、奇美、昊源、潞安、旭阳、垦利、逸盛、海科、酒钢、金发等几百家石化、化工、选煤、钢铁、电厂企业。安然以客户为中心，以强者为本，抬头乐干，愿意与同道中人联合、链接，携手共建、共用、共享生产安全命运共同体，一起干，一起干，让优秀企业更安全，让优秀企业更高效！,"https://www.zhaopin.com/jobdetail/CC559764920J40565715604.htm?refcode=4019&srccode=401901&preactionid=a7c1140f-c46c-45e5-b867-ab342d8bdc77"
3342,C/C++,西安-长安区,1.4-2.8万·14薪,外企德科数字技术有限公司,专业技术服务,10000人以上,,CCL1480117890J40726445505,要求： 2、熟悉C/C++语言开发，有相关工作经验优先； 3、热衷前沿技术的探索，能快速掌握和理解新技术； 4、有较强的学习能力、良好的团队协作能力、良好的沟通表达能力。,2025-07-28 00:22:36,外企德科数字技术有限公司是一家2023年新成立的中外合资企业。成立于2023年11月24日，公司定位：专注于为信息技术企业提供人才及数字技术外包解决方案的中外合资企业。它是由中国人力资源服务行业的FESCO（北京国际人力资本集团）与全球人力资源服务领导者The Adecco Group（德科集团）合资成立的。公司主要提供网络技术服务、软件外包服务、计算机系统服务、技术进出口、软件开发等信息技术相关服务。专注于为信息技术企业提供信息技术类人才及数字技术外包解决方案。,"https://www.zhaopin.com/jobdetail/CCL1480117890J40726445505.htm?refcode=4019&srccode=401901&preactionid=a7c1140f-c46c-45e5-b867-ab342d8bdc77"
3343,测试工程师,上海-浦东新区,面议,ABB,"仪器仪表制造,仪器仪表制造",10000人以上,未融资,CC000018800J40763209002,"Reporting to: Senior Commissioning Engineer Your Role and Responsibilities - Work model: onsite  Participate in Analytical system Site internal test, Installation Supervision, Site Acceptance Test, Commissioning, Startup and Warranty handling; Implement the service project; After-sales site service and troubleshooting; Build up the strong relationship with customer; identify and establish relationships with potential customers, understand customer needs and transform/develop them into business opportunitiesQualifications for the Role  Bachelor degree in Electrical, Mechanical or Chemical Process Engineering or related; 3 years working experience preferably in analytical business Service experience in the petrochemical, oil & gas industries is preferred Knowledge on gas chromatography and its application will be an added advantage Able to endure frequent travel and the hardship of commissioning on site; Good logic elaborative faculty and the ability to solve technical problem; Good Chinese and English communication skills both verbal and in writing;What’s in it for you? We want you to bring your full self to work—your ideas, your energy, your ambition. You’ll have the tools and freedom to grow your skills, shape your path, and take on challenges that matter. Here, your work creates impact you can see and feel, every day. More about us The Measurement & Analytics Division is among the world’s leading manufacturers and suppliers of smart instrumentation and analyzers, working at the heart of industrial digital transformation. The Measurement & Analytics Division’s portfolio consists of analyzers measuring compositions of gases and liquids; instrumentation measuring process variables such as temperature, pressure, flow, and level; force measurement solutions measuring parameters such as flatness, thickness, and tension; and advanced digital solutions for device management, device health check and predictive maintenance. The Measurement & Analytics Division serves key industries such as oil and gas, chemical, water and wastewater, power, hydrogen, batteries, as well as the marine industry. The Division enables the optimization of industrial processes by providing and analyzing data collected from sensing and smart measurement devices. Parameters such as emission levels and production inputs are measured by providing ‘before’ and ‘after’ values, enabling efficient operations and environmental sustainability through measurement. Call to Action Join us. Be part of the team where progress happens, industries transform, and your work shapes the world. Run What Runs the World. EVP Hashtags #ABBCareers",7月3日,"ABB（ABBN: SIX Swiss Ex）是全球技术领导企业，为数字化行业提供全面的产品、服务与解决方案。基于超过130年的创新历史，ABB成为以客户为中心的数字化行业领军者，拥有全球领先的四大业务——电气、工业自动化、运动控制、机器人及离散自动化，以及通用的ABB Ability™数字化平台。ABB集团业务遍布全球100多个国家和地区，雇员达14.7万。ABB在中国拥有研发、制造、销售和工程服务等全方位的业务活动，40家本地企业，1.8万名员工遍布于142个城市，线上和线下渠道覆盖全国300多个城市。ABB is a pioneering technology leader with a comprehensive offering for digital industries. With a history of innovation spanning more than 130 years, ABB is today a leader in digital industries with four customer-focused, globally leading businesses: Electrification, Industrial Automation, Motion, and Robotics& Discrete Automation, supported by its common ABB Ability™ digital platform. ABB operates in more than 100 countries with about 147,000 employees. ABB has a full range of business activities in China, including R&D, manufacturing, sales and services, with 18,000 employees located in 142 cities, 40 local companies, and online and offline channels across over 300 cities.","https://www.zhaopin.com/jobdetail/CC000018800J40763209002.htm?refcode=4019&srccode=401901&preactionid=a7c1140f-c46c-45e5-b867-ab342d8bdc77"
3344,实施工程师,廊坊-安次区,7000-14000元,青岛安然物联网科技有限公司,"物联网,物联网",20-99人,未融资,CC559764920J40565766204,需要弱电技术、自动化、安防系统、工业互联网+危化安全生产、物联网人才，不要纯软件人才。  你能经常到全国各地出差吗？你能到工业生产现场生产现场做技术支持吗？     真正的奋斗者在安然会有让人值得为之奋斗的事业，会有充实、高效的成长，会有高人一等的收入。,5月19日,基于精准人员定位的工业安全生产信息化管理专家，安全生产信息化管理引领者！作为全国实时定位技术标准工作组成员和应急管理部“工业互联网+危化安全生产”人员定位系统技术支持机构，安然从2012年起致力于基于ZigBee Plus三维立体按需精准定位的“工业互联网+安全生产”的研究，获得了20多项安全智能管控系统发明专利和著作权，持续引领中国化工行业生产现场智慧安全！安然以“准、稳、狠”的ZigBee Plus三维立体按需精准人员定位统和“底数清、数据准、情况明、研判准、措施实”的安全生产信息化平台为核心，整合访客管理、出入口控制、人脸识别、视频监控、语音广播、重大危险源监控、可燃有毒气体监测等系统，对生产现场人、机、料、法、环五大要素进行实时、动态、智能管控和预警，规范人的安全行为，保障人的生命安全，有效防范风险、主动化解风险，实现智慧安全。安然“以用为本”，把安全生产信息化建设与公司管理体系“深度融合”，把安全生产信息化建设与日常工作“紧密结合”，对安全生产切实“有用、实用、好用”，避免建用“两张皮”，让安全管控更智能，让生产更高效才实用。迄今已服务中石化、中石油、延长石油、国能、兖矿、京能、索普、新安、奇美、昊源、潞安、旭阳、垦利、逸盛、海科、酒钢、金发等几百家石化、化工、选煤、钢铁、电厂企业。安然以客户为中心，以强者为本，抬头乐干，愿意与同道中人联合、链接，携手共建、共用、共享生产安全命运共同体，一起干，一起干，让优秀企业更安全，让优秀企业更高效！,"https://www.zhaopin.com/jobdetail/CC559764920J40565766204.htm?refcode=4019&srccode=401901&preactionid=a7c1140f-c46c-45e5-b867-ab342d8bdc77"
3345,Java,上海-浦东新区,1.5-3万·14薪,外企德科数字技术有限公司,专业技术服务,10000人以上,,CCL1480117890J40768601905,打造以数据+模型双轮驱动的工业软件aPaaS平台，构建工业软件产业生态资源，联合各方力量协同攻关，攻克核心软件急需解决的核心共性技术难题，助力工业软件国产化的快速发展。 采用互联网的技术和产品，协同现有的终端云和产业上云，提供云原生的根服务，为各行各业实现云化和数字化提供基础服务平台支持。部门提供KooMessage、KooMap、KooSearch等服务 岗位职责： 1、 担任aPaaS底座的开发工程师，负责系统模块的设计、代码编写及看护等工作。 2、 看护产品核心技术，并解决在项目开发过程遇到的关键问题。 岗位要求 1、 本科及以上学历，有力扣牛客刷题基础者优先 2、 具备较强的学习能力和基本沟通能力 我们能提供给您~ ①大厂市场领先且稳定的薪酬福利收入（根据面试能力评价等定级定薪）；②个人编程能力的快速学习提升（导师6个月带教）；③行业前沿的技术框架（不用担心未来如果换工作技术框架不适用）；④行业领先的产品研发项目管理流程、编码规范培训、纯粹的工程师氛围（您要相信，和优秀的人一起工作，您也必定变得更优秀）。 您需要经过什么面试流程~ ①机考；②综测；③在线面试。,2025-07-27 00:24:24,外企德科数字技术有限公司是一家2023年新成立的中外合资企业。成立于2023年11月24日，公司定位：专注于为信息技术企业提供人才及数字技术外包解决方案的中外合资企业。它是由中国人力资源服务行业的FESCO（北京国际人力资本集团）与全球人力资源服务领导者The Adecco Group（德科集团）合资成立的。公司主要提供网络技术服务、软件外包服务、计算机系统服务、技术进出口、软件开发等信息技术相关服务。专注于为信息技术企业提供信息技术类人才及数字技术外包解决方案。,"https://www.zhaopin.com/jobdetail/CCL1480117890J40768601905.htm?refcode=4019&srccode=401901&preactionid=a7c1140f-c46c-45e5-b867-ab342d8bdc77"
3346,Java,武汉-江夏区,1.5-3万·14薪,外企德科数字技术有限公司,专业技术服务,10000人以上,,CCL1480117890J40781773605,欢迎有能力的你，想学习技术的你，加入我们！  【注】考公、考研等未就业者，转行等无工作经验者，均可参加面试，且面试通过后入职。  通用要求：  1.熟悉Java/C/C++/Python等其中一种语言，具备良好的算法和编程能力。  2.熟悉Spring、Spring Boot 、Spring Cloud等各种开源框架。  3.熟悉Mysql、Oracle等数据库。  4.熟悉Devops，熟悉Docker，熟悉Kubernetes等。  面试方向：  软件开发、测试开发、数据、运维、算法、AI相关、鸿蒙开发、云计算开发、分布式开发等等等等等等等（多种方向选择，欢迎小窗沟通）  岗位福利：  1.入职缴纳五险一金，试用期薪资不打折，薪资结构透明，绩效奖金，带薪年假，加班补助。  2.平台大，稳定性强，基本盘稳，抗风险能力优于频繁裁员的公司。  3.科研大佬带队，接触前沿科技，提升核心竞争力。  base：  目前北京、上海、深圳、东莞、苏州、杭州、西安、成都、南京、武汉、长沙、济南等多地招聘的。,2025-07-27 00:25:09,外企德科数字技术有限公司是一家2023年新成立的中外合资企业。成立于2023年11月24日，公司定位：专注于为信息技术企业提供人才及数字技术外包解决方案的中外合资企业。它是由中国人力资源服务行业的FESCO（北京国际人力资本集团）与全球人力资源服务领导者The Adecco Group（德科集团）合资成立的。公司主要提供网络技术服务、软件外包服务、计算机系统服务、技术进出口、软件开发等信息技术相关服务。专注于为信息技术企业提供信息技术类人才及数字技术外包解决方案。,"https://www.zhaopin.com/jobdetail/CCL1480117890J40781773605.htm?refcode=4019&srccode=401901&preactionid=a7c1140f-c46c-45e5-b867-ab342d8bdc77"
3347,Java,大连-甘井子区,3000-5000元,红旗(大连)智能科技有限公司,"新能源,电力/水利/热力/燃气,新能源,汽车智能互联",100-299人,不需要融资,CCL1411296790J40722072816,欢迎26届优秀实习生投递简历，提供免费食宿。 岗位职责：   1、负责充电平台及公司其他产品的代码开发及测试工作；   2、AI智能体项目数据收集、模型搭建、测试反馈；,7月1日,红旗电力建设股份有限公司成立于2001年，以电力工程总承包为引领，是国内领先的电力工程解决方案服务商，业务遍及国家电网、地产、市政建设及工企业用户四大领域，是集设计咨询、设备生产、安装建设、智能运维为一体的资质业绩双领先的股份制企业。红旗（大连）智能科技有限公司是红旗电力战略投资的新能源及智慧用电运营商，依托在电力行业全产业链的资源优势，专注于超级充换电、智能化中低压电气设备、电力运维云平台的研发、生产和运营，是北方地区规模最大、增速最快的新能源汽车充电设备制造商和充电网运营商之一。红旗智能超充站已与多家车企展开全面合作，引领国内智能充电新时代，为新能源车主提供更加智能、高效的数字化充电体验，助力我国充电基础设施建设和新能源汽车行业发展。红旗电力&红旗智能以成长、成才、成功为人才培养机制，为每一位红旗人制定完善的职业规划，提供专业的技术培训，全面提升团队战斗力和执行力。企业积极打造内外客户共同成长的平台，为员工提供可持续发展的空间和机会，提倡“快乐工作，健康生活”。期待您的加入！,"https://www.zhaopin.com/jobdetail/CCL1411296790J40722072816.htm?refcode=4019&srccode=401901&preactionid=a7c1140f-c46c-45e5-b867-ab342d8bdc77"
3348,科研人员,北京-昌平区,面议,融通人力资源开发有限公司,"人力资源服务,咨询服务,培训/辅导服务,人力资源服务",10000人以上,不需要融资,CCL1290012410J40795407412,一、招聘岗位：科研助理3  二、招聘数量：2人  三、工作内容：  1.项目有关实验开展、项目过程管理等相关工作；  2.实验室管理、实验仪器设备管理、维护等相关工作；  3.财务、采购等相关工作。  四、任职要求：  1.年龄：35周岁以下(符合优先条件的可适当放宽)；  2.性别：不限  3.学历：硕士以上学历  4.专业：化学、化工、发酵工程、微生物学、生物学、材料、等相关专业；  工作经验：具有中试发酵、菌株研发、日化产品配方设计、高分子材料研发、生物燃料研究、酶工程化改造经验优先（满足其中之一即可）。  5.工作地点：北京市昌平区阳坊  6.上下班时间：8:00-12:00，14:30-18:00  7.薪资构成：基本工资+绩效  8.五险一金：五险齐全，公积金缴费比例12%  9.薪资发放日：每月15日发放上个月工资  10.月综合收入：9000-10000  11.休息时间：周末双休  12.节假日：法定节假日  13.试用期：1-2个月  14.福利待遇：提供宿舍，职工食堂,7月15日,中国融通资产管理集团有限公司是中央管理的商业类国有独资公司，由国务院国资委履行出资人职责。经营范围主要包括房地产、农业、酒店及旅游业、装备保障、商业服务、资源回收利用、科技服务、医疗健康、安保服务、文化、人才服务、金融及保险服务等领域。融通人力资源开发有限公司（简称：融通人力公司）是中国融通文化教育集团所属的全资子公司，负责中国融通集团人力资源中心的日常运营工作。融通人力公司秉持“战略致胜、产品为基、客户为本”的服务理念，依托一个基础服务平台和四个价值创造中心（就业、考试、咨询、福利），为客户提供专业化、特色化的人力资源服务，坚持做有温度的人力资源陪伴者。,"https://www.zhaopin.com/jobdetail/CCL1290012410J40795407412.htm?refcode=4019&srccode=401901&preactionid=a7c1140f-c46c-45e5-b867-ab342d8bdc77"
3349,C/C++,苏州-虎丘区,1.4-2.8万,外企德科数字技术有限公司,专业技术服务,10000人以上,,CCL1480117890J40602276605,1、本科及以上学历，专业不限； 2、熟悉Java/Python/C/C++/Go等一种或多种编程语言； 3、熟练软件开发流程，热爱编程，有良好的代码风格； 4、善于沟通，良好的表达沟通能力，有独立解决问题的能力。,2025-07-27 00:23:22,外企德科数字技术有限公司是一家2023年新成立的中外合资企业。成立于2023年11月24日，公司定位：专注于为信息技术企业提供人才及数字技术外包解决方案的中外合资企业。它是由中国人力资源服务行业的FESCO（北京国际人力资本集团）与全球人力资源服务领导者The Adecco Group（德科集团）合资成立的。公司主要提供网络技术服务、软件外包服务、计算机系统服务、技术进出口、软件开发等信息技术相关服务。专注于为信息技术企业提供信息技术类人才及数字技术外包解决方案。,"https://www.zhaopin.com/jobdetail/CCL1480117890J40602276605.htm?refcode=4019&srccode=401901&preactionid=a7c1140f-c46c-45e5-b867-ab342d8bdc77"
3350,Java,深圳-龙岗区,1.5-3万·14薪,外企德科数字技术有限公司,专业技术服务,10000人以上,,CCL1480117890J40771015405,核心项目开发 Java/python/JS/C++/测试，均有岗位在招聘 【福利待遇】  1、薪资open+14-16薪 2、入职全额六险一金+双休，双倍加班费+加班餐补+加班打车 报销 3、上下班有班车，园区有饭堂、免费健身房 4、资深导师一对一带教 【岗位要求】 1、计算机、软件、通信等相关专业本科及以上学历，专业优秀者可放宽； 2、热爱编程，基础扎实，熟悉掌握 Java编程语言，有良好的编程习惯； 3、具备独立工作能力和解决问题的能力、善于沟通，乐于合作，热衷新技术，善于总结分享，喜欢动手实践；  4、对数据结构、算法有一定了解；,2025-07-27 00:24:33,外企德科数字技术有限公司是一家2023年新成立的中外合资企业。成立于2023年11月24日，公司定位：专注于为信息技术企业提供人才及数字技术外包解决方案的中外合资企业。它是由中国人力资源服务行业的FESCO（北京国际人力资本集团）与全球人力资源服务领导者The Adecco Group（德科集团）合资成立的。公司主要提供网络技术服务、软件外包服务、计算机系统服务、技术进出口、软件开发等信息技术相关服务。专注于为信息技术企业提供信息技术类人才及数字技术外包解决方案。,"https://www.zhaopin.com/jobdetail/CCL1480117890J40771015405.htm?refcode=4019&srccode=401901&preactionid=a7c1140f-c46c-45e5-b867-ab342d8bdc77"
3351,实施工程师,南京-江宁区,5000-8000元,南京颖图电子技术有限公司,"计算机硬件,计算机软件",20-99人,,CC610697380J00563108403,▶与销售一同深入行业应用与客户现场，进行行业理解与客户技术需求分析； ▶负责制定行业视觉系统解决方案并辅助实施； ▶负责提供视觉图像器件和组件产品的现场使用支持及培训服务； ▶负责大客户售前、售后服务、用户现场验收、安装调试及培训，维护大客户良好关系； ▶能够独立分析、解决行业现场疑难问题   任职资格： ▶自动化、机电、计算机等相关专业，本科及以上学历，工作经验不限； ▶熟悉c++语言和Windows编程，会使用Visual Studio开发环境； ▶熟悉Linux操作系统者优先； ▶具备图像处理及机器视觉的理论基础和算法知识，熟悉OpenCV或其它图像处理库者优先； ▶具有良好的沟通能力、团队意识、协作能力，能适应短期出差； 职位福利：五险一金、绩效奖金、员工旅游、周末双休、带薪年假   ,3月6日,南京颖图电子技术有限公司（以下简称“颖图电子”）成立于2017年，由上海和谦图像技术有限公司控股，致力于提供业界领先的机器视觉摄像机、配套产品，同时为客户提供完整的机器视觉解决方案。所涉及的行业有工业检测、智能交通、高清监控、科学研究等等。作为高新技术企业，颖图办公地址位于江宁开发区，周边优越的产学研环境和多种优惠政策的支持，为公司的发展壮大提供了良好的区位优势。颖图电子以高新技术产品为先导，以科技成果产业化为宗旨，今后将力争不断拓展核心业务，建立领域优势，积累经验，提高水平，为用户提供更优质的服务。,"https://www.zhaopin.com/jobdetail/CC610697380J00563108403.htm?refcode=4019&srccode=401901&preactionid=a7c1140f-c46c-45e5-b867-ab342d8bdc77"
3352,C/C++,潍坊-潍城区,1-1.5万,山东富锐光学科技有限公司,"电子/半导体/集成电路,仪器仪表制造",100-299人,未融资,CC475400830J40800915208,１、直接进入研发岗实习，岗位有QTC++工程师、硬件工程师，FPGA工程师、ARM工程师、上位机软件工程师、机械工程师、光学工程师、算法工程师等； ２、高精尖导师一对一培养；,7月17日,山东富锐光学科技有限公司是一家专注于高端激光雷达研发、生产和销售的高新技术企业，研发设计能力和产业化上全球领先。目前主要专注于服务机器人和AGV市场。2019年研发出国内首款360度高精度导航型单线激光雷达，填补了国内空白，打破了技术垄断；公司生产车间面积约2万平米，年产能力5万台，并可根据需求迅速增产，是目前国内产业园区占地面积最大、标定设备最先进、产能储备最多、产品标准最完善、发展速度最快的激光雷达公司。公司研发团队由清华大学、天津大学、哈尔滨工业大学、武汉大学等院校毕业的30余人组成，其中泰山人才领军人才1名，博士6名，硕士10名；公司与中科院微电子所吴德馨院士团队建立合作关系，合作成立院士工作站1个，联合实验室1个；目前已拥有专利20余项，多年来公司一直注重研发创新，并逐年加大对研发的投入力度，每年都有2-3款激光雷达系列产品研发成功并量产，公司产品主要有R系列、C系列、H系列、51系列等激光雷达，广泛应用在智能制造、服务机器人、AGV、安防保障、铁路交通等方面，公司产品已同服务机器人、AGV等头部客户取得战略性合作，并已销往世界各地。,"https://www.zhaopin.com/jobdetail/CC475400830J40800915208.htm?refcode=4019&srccode=401901&preactionid=a7c1140f-c46c-45e5-b867-ab342d8bdc77"
3353,实施工程师,徐州-泉山区,8000-12000元,华夏天信物联科技有限公司,网络/信息安全,100-299人,未融资,CC508045580J40732924113,岗位要求： 1、主要负责公司智能主运输系统、视频AI系统产品实施工作。 2、具备煤矿井下硬件实施经验（包括监控摄像、电气控制柜安装调试等）。 3、具备网络、自动化控制相关知识（井下小型局域网设计，变频器接入控制，西门子/ABplc编程等） 4、了解服务器、信息化软件知识。 5、了解煤矿智能化建设优先。 6、有过煤矿皮带系统建设经验优先。 岗位福利： 五险一金、绩效奖金、差旅补贴、餐补、通讯补助、带薪年假,7月15日,华夏天信智能低碳技术研究院有限公司是一家拥有智慧能源工业物联网前沿及核心技术的高科技工业物联网企业。公司拥有由通信行业院士领军的一批清华等知名院校博士和海归高科技人才组成的研发团队，在世界范围内首次提出软件定义矿山网络架构设计。掌握从IT到OT的核心技术，致力于矿山远程开采中的强实时传输控制、大数据及强人工智能分析等技术，拥有实现异构网络及信息融合的软件定义工业物联网等技术，推动智能工业物联网技术在智慧矿山（包括基于RED-DDS®的智能远程开采系统、基于RED-DDS®的智能矿井柔性供电系统等），以及智慧安监及智慧应急救援等领域的全面应用。为煤矿企业的转型升级提供系统及平台级解决方案。,"https://www.zhaopin.com/jobdetail/CC508045580J40732924113.htm?refcode=4019&srccode=401901&preactionid=a7c1140f-c46c-45e5-b867-ab342d8bdc77"
3354,实施工程师,长春-朝阳区,4000-6000元,吉林省弘川信息技术有限公司,"计算机硬件,IT服务",20-99人,未融资,CCL1290402110J40609061102,岗位职责：  1、负责华为、H3C等厂家的数通、IT、安全产品等的项目实施 2、客户现场产品测试、安装调试、维护、故障排除 3、负责客户技术问题的解答与解决 岗位要求： 1、大专及以上学历，有无经验均可 2、熟悉计算机基本操作及常用办公软件（计算机专业优先） 3、积极细心，有责任感及团队协作精神 4、具有很强的学习能力、理解、沟通及执行能力，责任心强 5、可接受应届毕业生 6、可适应省内短期出差  7、有华为或H3C厂商认证优先（HCIA、HCIP、 HCIE）,7月25日,吉林省弘川信息技术有限公司成立于2020年9月底，是华为旗下的优选合作代理商。主要从事与华为医疗行业相关的一系列产品的软硬件销售、项目交付、解决方案等工作。作为一个初创型公司，我们致力于打造出一支氛围轻松、作风严谨、重视品质、团结向上的队伍。现向社会招贤纳士，有志者欢迎来投递简历，希望能与你成为最佳的合作伙伴！,"https://www.zhaopin.com/jobdetail/CCL1290402110J40609061102.htm?refcode=4019&srccode=401901&preactionid=a7c1140f-c46c-45e5-b867-ab342d8bdc77"
3355,C/C++,长沙-岳麓区,8000-16000元·13薪,湖南匡安网络技术有限公司,"IT服务,计算机软件,互联网,通信/网络设备",20-99人,未融资,CC334393235J00309084304,岗位职责： 1、负责Windows/Linux环境下程序开发； 2、负责代码的缺陷修正和优化； 3、分析、定位、解决产品故障； 4、完成领导交代的其他相关工作任务。 任职条件： 1、计算机相关专业，统招一本及以上学历，1年以上C/C++开发经验，专业能力出色的应届毕业生也可考虑； 2、熟练掌握Windows或Linux环境下系统编程、驱动开发及调试，掌握常见的数据结构和算法；  3、熟悉TCP/IP，熟悉多进程、多线程、消息传输机制等； 4、具备出色的逻辑分析思维能力、新技术学习能力，良好的团队合作精神和沟通能力； 5、熟悉网络应用协议、工控协议者优先，有ips、ids、防火墙或DPI等相关产品开发经验优先。 具体薪资视能力定！除工资外另有月绩效奖金！ 注：5天7小时工作制，入职就有五险一金，待遇优厚（固定工资+伙食补贴+节日补贴+生日福利等）,7月3日,湖南匡安网络技术有限公司（简称“匡安网络”）成立于2015年，是一家专注关键信息基础设施网络安全的创新型高科技公司。公司已通过国家高新技术企业、湖南省级企业技术中心认定，是湖南省专精特新中小企业、湖南高新技术企业综合创新能力百强企业、湖南省级工业控制系统信息安全服务支撑机构、湖南省物联网行业协会理事单位。匡安网络坚持科技创新，与湖南大学等多所重点高校和科研机构建立了良好的产学研合作关系，多次承担国家及省部级科研项目及课题攻关。公司取得了一批行业先进、自主可控的技术成果，并荣获湖南省科技进步奖一等奖、国家电网科技进步奖一等奖、中国电力企业联合会科技进步奖一等奖等奖项，累计获得技术发明专利和软件著作权等知识产权100+。经过近十年的技术沉淀、经验积累，匡安网络推出了“3+1”的产品体系，即工业通用安全、电力专用安全、安全评估服务工具3条专业化产品线和1条平台化安全产品线，相关产品广泛应用于电网、发电、交通、石油化工、智能制造等国家关键信息基础设施行业。公司配套提供安全咨询规划、安全评估检查、安全体系建设、安全应急运维等技术服务，可根据客户需求提供专业的网络安全解决方案。公司近年来重点针对电力行业进行网络安全产品研发，已为国家电网总部及50%以上的省市公司提供了专用安全产品和专业技术服务。匡安网络致力于为客户打造数字化安全基座，为国家关键信息基础设施网络安全保驾护航！,"https://www.zhaopin.com/jobdetail/CC334393235J00309084304.htm?refcode=4019&srccode=401901&preactionid=a7c1140f-c46c-45e5-b867-ab342d8bdc77"
3356,科研人员,西安-长安区,1.3-2万,西安精准测控有限责任公司,"仪器仪表制造,电子/半导体/集成电路",20-99人,,CC120705680J40667064201,学科专业:  人工智能、控制科学与工程 计算机、电子信息、  通讯工程、精密仪器 应用数学等专业 培养方向: 1 嵌入式软、硬件工程师 从事导航、制导系统研发中的软、硬件部分设计与开发；参与相关软件、硬件开发； 2 导航、定位算法工程师 从事惯性测量系统方案总体设计；从事惯性导航、组合导航算法研究、设计等  薪酬福利: 大佬一代一、专属培养计划、晋升空间大、享受股权激励,10月28日,西安精准测控有限责任公司是位于西安国家级高新科技园区的一家通过国家认证的高新技术企业。公司成立于2004年，注册资金捌佰万元。在职员工46人，其中博士2人、研究生6人。公司一直致力于惯性产品及导航系统的研发与生产，同时为各类智能弹药、无人飞行器提供惯导、飞控一体化解决方案。拥有多项科研专利。曾获得2013年国家中小企业科技创新基金项目支持。公司研发并生产陀螺、加速度计、倾角传感器、磁罗盘等惯性产品。并提供惯性导航系统及组合导航系统。小型化、低成本的组合导航系统广泛应用于无人机、车载动中通、智能驾驶、水面装配、无人水下航行器。公司为各类火箭弹、智能炮弹等提供姿态控制解决方案，并为无人驾驶系统提供导航、飞控一体化平台。公司技术及产品在国内处于领先位置，广泛应用于工业及军等行业。并广泛替代同类进口产品。公司努力培养员工的军工思想，提高员工的军品意识，严格按照国军标（GJB）要求进行企业管理和产品研制。产品均符合国军标的相关要求，已在诸多军工型号中通过验收和使用。公司拥有完整的研发团队，有较强的开发与研制的能力，公司所有产品均为自主研发设计。公司具备完善的生产条件，具备电子产品的完整生产能力。公司具备完善的产品测试与标定的条件。产品研发、生产、测试过程中的相关实验设备均一应俱全。公司于2012年通过ISO9001:2008质量管理体系认证公司于2014年通过GJB9001B-2009国军标质量管理体系认证公司于2017年取得国防三级保密资质公司正在按照新的政策要求积极申请武器承制资格证公司基本福利如下： 1. 5 X 8小时工作制 2.双休，及法定公休（加班有加班工资） 3.按照陕西省相关规定，享受年休及相关福利假期。 4.按照高新区相关规定办理社保（五险） 5.不少于1个月的年终奖 6.体检、旅游、过节费等相关福利 7.基本工资每年上浮一次 8.餐饮补助， 9.部分岗位提供二次学习及深造的机会 10.核心岗位、管理人员可享受股份期权激励应聘须知：求职信寄至admin@siliconmems.com，了解公司信息请登陆www.siliconmems.com邮件标题：为方便筛选，一律要求将邮件的“主题”栏注明：应聘职位、姓名；例如：“应聘研发工程师－张**”你只需邮寄或电邮简历我们会认真考虑你的情况，如条件符合，我们会及时与你联系，请勿重复投递简历，谢谢！请勿重复投递！优秀人才请致电人事部：029-88814892王先生,"https://www.zhaopin.com/jobdetail/CC120705680J40667064201.htm?refcode=4019&srccode=401901&preactionid=a7c1140f-c46c-45e5-b867-ab342d8bdc77"
3357,技术支持工程师,北京-丰台区,6000-8000元,北京永泰兴成商贸有限公司,"生物工程,生物工程,医院",20-99人,未融资,CC280960230J40690322516,工作职责： 1、负责公司产品售前、售后的咨询及技术方面问题的解答； 2、负责相关产品的客户应用咨询及应用投诉处理； 3、负责收集同类产品其它公司的资料及相关领域的进展； 4、负责对销售人员及客户提供技术培训、技术帮助与建议。 5、此岗位不是销售岗。 任职要求： 1、生物学、生物工程、生物技术、生物信息学、细胞等相关专业本科及以上学历； 2、良好的沟通能力，做事仔细认真，有担当； 3、良好的服务意识，强烈的责任心； 4、有强烈的责任心，能够积极、主动、及时地解决问题，维护公司品牌和声誉。 5、无经验有人带。 非本专业人员毕业请勿投递简历，请看清楚要求再投递简历！！！ 职位福利：五险一金、周末双休、节日福利等   ,5月29日,北京永泰兴成商贸有限公司作为一家高新技术企业，于 2013年正式成立。在多年的发展历程中，公司凭借不懈的努力与拼搏，已经成功跻身知名生物技术公司的行列，成为行业内一颗耀眼的明星。公司业务聚焦于为大学、医院等机构实验室的老师和学生提供实验用的一次性耗材。在当今科研领域快速发展的大背景下，实验室对于高质量、精准度高的一次性耗材需求日益增长。北京永泰兴成商贸有限公司敏锐地捕捉到这一市场需求，凭借丰富的产品线和优质的产品质量，迅速在市场中站稳脚跟。公司提供一站式的解决方案，满足不同科研场景的多样化需求。公司的成功离不开其强大的人才团队。一方面，公司拥有一批高素质的市场人员。他们具备敏锐的市场洞察力和出色的营销能力，能够准确把握市场动态和客户需求。通过深入的市场调研和分析，他们不断拓展公司的业务范围和客户群体，为公司的发展开辟了广阔的市场空间。另一方面，公司还组建了一支训练有素的技术支持队伍。这些技术专家拥有深厚的专业知识和丰富的实践经验，能够为客户提供全方位的技术和客户服务，在同行业中保持良好的竞争优势，把代理的最新产品和最新的技术带进中国市场，让更多的科研用户享受到最新的国际产品和技术，同时树立、保持在生命科学市场上的前沿地位。如果您是一位有目标，有激情，有梦想的人，请加入我们吧，这里是您实现梦想的地方。,"https://www.zhaopin.com/jobdetail/CC280960230J40690322516.htm?refcode=4019&srccode=401901&preactionid=a7c1140f-c46c-45e5-b867-ab342d8bdc77"
3358,Java,杭州-滨江区,1.5-2.5万,外企德科数字技术有限公司,专业技术服务,10000人以上,,CCL1480117890J40789837905,岗位要求： 1、扎实的编程能力，熟悉算法和数据结构；熟悉计算机的基础理论； 2、熟练使用java/c/c++/python/js其中一种语言，掌握Spring相关生态开源框架，熟悉MySql、MQ、Redis、SpringCloud等，熟悉事务、缓存、消息、负载均衡等； 3、熟悉Linux开发环境； 4、具有大规模高并发云服务设计和开发经验优先； 5、有微服务、容器相关开发经验优先。 任职要求： 1、扎实的编程能力，熟悉算法和数据结构；熟悉计算机的基础理论； 2. 软件基础扎实，熟悉掌握但是不限于Java/Js/C/C++/Python/Go/JS等编程语言，有良好的编程习惯。 3. 具备独立工作能力和独立解决问题的能力，善于沟通，乐于协作，热衷于新技术，善于总结分享，喜欢动手实践。,2025-07-27 00:25:44,外企德科数字技术有限公司是一家2023年新成立的中外合资企业。成立于2023年11月24日，公司定位：专注于为信息技术企业提供人才及数字技术外包解决方案的中外合资企业。它是由中国人力资源服务行业的FESCO（北京国际人力资本集团）与全球人力资源服务领导者The Adecco Group（德科集团）合资成立的。公司主要提供网络技术服务、软件外包服务、计算机系统服务、技术进出口、软件开发等信息技术相关服务。专注于为信息技术企业提供信息技术类人才及数字技术外包解决方案。,"https://www.zhaopin.com/jobdetail/CCL1480117890J40789837905.htm?refcode=4019&srccode=401901&preactionid=a7c1140f-c46c-45e5-b867-ab342d8bdc77"
3359,实施工程师,苏州-工业园区,6000-9000元·13薪,苏州新星核电技术服务有限公司,"电力/水利/热力/燃气,矿产/采掘,咨询服务",100-299人,未融资,CC539103320J40813929215,苏州总部岗： 本科安全工程，有发表过论文，文字功底强。办公软件熟悉，有创新能力，逻辑思维清晰，对安全行业感兴趣。对自己未来目标明确。  偏向项目管理岗,7月3日,苏州新星核电技术服务有限公司是一家专门为核电企业提供安全监督、核电运行人员负担管理、核电拓展培训、核电视频制作的专业技术服务机构。经过不断的发展，新星始终以“为客户创造价值”为目标，一路创新，历经业务改革、多元化发展战略两个阶段，创业至今已成就一定规模。新星以“专注核电，服务核电”为理念，致力于打造专注、专业的创新型企业，我们精准的定位使我们能够在核电行业中稳定地发展。我们的愿景：新星致力于成为核电用户首选第一竞争力的解决方案服务商。我们的发展方向：成为全国最优质的专门服务核电的技术服务公司。我们的发展理念：“新星之路”即优质服务之路，主要是打造产生一流人才的机制和平台，持续不断地为客户创造价值，进而形成人与项目相结合的双赢模式。我司安全监督部提供现场安全监督管理、安全现状评估、安全专题研究、安全专业人员技术支持、安全文化建设咨询及产品等，从管理、技术、体制、机制等方面提出的针对性解决方案，致力于成为国内核电领域工业安全行业引领者，并在国内各大核电企业之间搭建一个大规模技术交流平台。,"https://www.zhaopin.com/jobdetail/CC539103320J40813929215.htm?refcode=4019&srccode=401901&preactionid=a7c1140f-c46c-45e5-b867-ab342d8bdc77"
3360,Java,广州-海珠区,120-150元/天,广州市优腾计算机技术服务有限公司,"IT服务,计算机软件,互联网,云计算/大数据",100-299人,C轮,CC547622820J40429892406,岗位职责：,7月21日,广州市优腾计算机技术服务有限公司成立于2012年12月3号，公司地址为广州市番禺区桥南街桥南联兴路11号901部位06，主要经营范围为：软件和信息技术服务业，法定代表人杨文美，注册资本二百万元,"https://www.zhaopin.com/jobdetail/CC547622820J40429892406.htm?refcode=4019&srccode=401901&preactionid=a7c1140f-c46c-45e5-b867-ab342d8bdc77"
3361,前端开发,长沙-长沙县,7000-8000元,中国人民解放军32806部队,政府/公共事业,100-299人,不需要融资,CCL1455679640J40841160515,"岗位职责：1.负责前端的日常开发、升级和维护；    2.负责根据产品和项目计划按时完成功能模块的设计、编码、测试、部署的支持工作；    3.与后端研发一起探讨合理高效的解决方案，实现项目要求；    4.与产品设计人员一起提升产品易用性和交互性，积极优化和持续改进现有流程,优化产品体验；    任职要求：    1.负责前端的日常开发、升级和维护；    2.负责根据产品和项目计划按时完成功能模块的设计、编码、测试、部署的支持工作；    3.与后端研发一起探讨合理高效的解决方案，实现项目要求；    4.与产品设计人员一起提升产品易用性和交互性，积极优化和持续改进现有流程,优化产品体验； ",7月4日,,"https://www.zhaopin.com/jobdetail/CCL1455679640J40841160515.htm?refcode=4019&srccode=401901&preactionid=a7c1140f-c46c-45e5-b867-ab342d8bdc77"
3362,测试工程师,宁波-江北区,5000-7000元,宁波盛途电子科技有限公司,贸易/进出口,20人以下,未融资,CC863320000J40768317008,"岗位详情： 1、处理确认产品品质评价，测试留样。 2、根据客户的质量要求，协助工厂制定质量管理方案。 3、对产品半成品和成品进行质量管理评价。 4、制作产品测试资料，测试数据归档； 岗位要求： 1、大专及其以上学历,不限专业； 2、具备较好的沟通协调及执行能力,工作踏实认真,应对快捷敏锐,责任心强； 3、品行端正，性格开朗，能吃苦耐劳，具有一定的抗压能力。 接受优秀的应届生 福利：午餐补贴+医社保+年终奖金等。双休+国家法定节假日。 办公氛围和谐欢快,同事关系良好。",2月11日,公司成立于2019年，属于创业型工贸一体企业，公司创始人团队有十余年户外用品生产销售经验，致力于打造更专业更多元的户外用品，服务于国内外客户，公司诚邀有激情有创意的各类人才加入到团队中，树立户外用品企业新典范。,"https://www.zhaopin.com/jobdetail/CC863320000J40768317008.htm?refcode=4019&srccode=401901&preactionid=a7c1140f-c46c-45e5-b867-ab342d8bdc77"
3363,Java,济南-历下区,1-1.6万,浪潮集团,"IT服务,计算机软件,计算机硬件",10000人以上,,CC120143600J40561134715,岗位职责： 1、按照产品规格和设计文档说明，承担软件产品的功能开发工作； 2、承担公司项目中软件功能的维护及技术支持； 3、编写软件产品的说明、设计、操作等文档手册。 任职资格： 1、本科及以上学历，计算机、软件工程、信息管理相关专业优先； 2、具有扎实的JAVA语言基础，熟悉Spring、springboot、Mybatis等开源框架，掌握Mysql、Oracle等数据库管理系统； 3、熟悉Web前端技术，包括HTML/Ajax/CSS/Javascript等；熟悉Vue全家桶，包括Vue2、vue3、Vuex、Element-UI等； 4、具有较强的责任心和团队协作能力，具有良好的沟通表达能力和抗压能力。,3月28日,浪潮集团是中国领先的云计算、大数据服务商，拥有三家上市公司。主要业务涉及计算装备、软件、云计算服务、新一代通信、大数据及若干应用场景。作为中国最早的IT品牌之一，浪潮致力于成为世界一流的新一代信息技术龙头企业经济社会数字化转型的优秀服务商，新型基础设施建设的骨干企业。,"https://www.zhaopin.com/jobdetail/CC120143600J40561134715.htm?refcode=4019&srccode=401901&preactionid=a7c1140f-c46c-45e5-b867-ab342d8bdc77"
3364,Java,天津-滨海新区,6000-8000元·14薪,天津斯坦雷电气科技有限公司,"汽车研发/制造,金属制品业",100-299人,未融资,CC313443180J40816041203,"职责描述： 1、catia软件的二次开发 2、汽车车灯结构设计、光学设计方面的小程序编程 3、方案制定、代码编写、软件测试及上线维护等 任职要求： 1、统招大学本科生，计算机、软件等专业； 2、会VBA or CAA or Python,懂AI优先； 3、会使用CATIA软件者优先（如果不会catia，最好会其他制图软件）； 4、有进取心，有团队合作意识； 5、天津市内六区、塘沽&汉沽人优先，或天津工业大学、理工大学、科技大学的毕业生优先。 职位福利：五险一金、一年14薪、加班补助、全勤奖、带薪年假、带薪病假、免费班车、免费食堂、节日福利",7月22日,天津斯坦雷电气科技有限公司，成立于2015年10月，是一家外商独资企业，公司坐落于天津经济技术开发区，占地面积45000平方米，目前拥有员工140人左右。天津斯坦雷电气科技有限公司项目总投资10200万美元，注册资本为3400万美元，为日本斯坦雷电气株式会社全资子公司。日本斯坦雷集团在世界各地共设立20多个分支机构，总部设立于日本东京都。公司主要从事汽车灯具的设计开发以及配套模具的制造。主要的配套主机厂：丰田，日产，马自达等。销售产品为研发的灯具产品图纸以及模具。,"https://www.zhaopin.com/jobdetail/CC313443180J40816041203.htm?refcode=4019&srccode=401901&preactionid=a7c1140f-c46c-45e5-b867-ab342d8bdc77"
3365,测试工程师,深圳-南山区,1-2万·13薪,深圳市维度科技股份有限公司,"通信/网络设备,仪器仪表制造,电子/半导体/集成电路",100-299人,未融资,CC229513710J40544232809,任职要求：,4月21日,专业的光通信检测解决方案供应商维度科技自2007年成立以来，秉承“想象、行动、创新、引领”的理念，已发展成为全球领先的光通信检测解决方案供应商。维度科技拥有中国最大的光通信检测研发团队，为全球客户提供一流的光器件测试和光纤端面检测解决方案和设备。经过多年技术耕耘与沉淀，建立了全球营销和服务支持网络。维度科技已为全球5000多家客户提供近百种光电检测设备。维度科技的产品范围包括：通用光学测试平台和稳定光源、光开关、光衰减器、光功率计、插回损仪、误码仪等光学性能测试模块，以及光纤端面干涉仪、台式光纤端面检测仪、手持式光纤端面检测仪、光纤端面清洁机、极性检测仪、同心度调芯仪等。为光有源器件、无源器件、跳线及连接器等生产制造客户以及光纤传感、科研院所、光网工程、军工、电力、安防、医疗、教育等领域提供最先进的检测和测量解决方案，并能根据客户的个性化需求提供定制化服务。“检测创造价值”，维度科技致力于为全球客户创造更多价值，用持续创新的检测和测量产品，不仅满足生产制造和相关行业客户现在的检测需求，更拥有先进的前瞻科技和领先的解决方案满足客户未来的需求。,"https://www.zhaopin.com/jobdetail/CC229513710J40544232809.htm?refcode=4019&srccode=401901&preactionid=a7c1140f-c46c-45e5-b867-ab342d8bdc77"
3366,C/C++,济南-槐荫区,7000-10000元,山东渡莎智能科技有限公司,医疗设备/器械,20-99人,未融资,CCL1491852380J40696463412,【岗位职责】 1、依据产品功能需求和用户体验目标，独立完成 HMI 软件的架构设计与详细功能模块设计，采用合适的设计模式确保软件的可扩展性、可维护性和稳定性； 2、熟练运用 QT 开发框架进行应用程序开发，能够高效地构建复杂的图形用户界面，包括界面布局、控件创建与定制、事件处理机制等，确保软件在不同分辨率和屏幕尺寸下的兼容性和显示效果； 3、负责与底层硬件驱动程序和系统软件进行接口对接，实现数据的准确采集与传输，确保 HMI 软件与硬件设备之间的协同工作，如实时监控硬件设备状态、接收并处理硬件反馈信息等； 4、深入理解用户体验原则和视觉设计规范，具备出色的审美能力，能够根据产品定位和目标用户群体特征，进行 HMI 界面的整体风格设计与色彩搭配方案制定，使界面具有高度的一致性和专业性，符合人体工程学和用户操作习惯。 5、熟练运用图形设计工具进行界面元素的设计与制作，包括图标设计、背景图像绘制、界面装饰元素等，将设计稿精确转换为 QT 可实现的界面资源，并通过代码优化实现界面的流畅渲染和过渡效果，如动画效果、渐变效果、阴影效果等，提升界面的视觉吸引力和交互质感； 6、利用 QT 的图形绘制和动画功能，开发设备运行状态的动态仿真模型，通过实时数据驱动动画效果，直观地展示设备内部的工作原理、工艺流程以及物理参数变化，如机械运动模拟、流体流动效果、温度变化曲线等，帮助用户更好地理解和监控设备运行情况，提高操作的准确性和安全性。 【任职资格】 1、计算机科学、软件工程、电子信息工程、自动化或相关专业研究生及以上学历，男女不限； 2、精通 QT 开发框架，熟悉 C++ 编程语言，具备良好的面向对象编程思想和代码规范，能够熟练运用 QT 的各种类库和工具进行高效开发；具备扎实的图形图像处理知识，熟悉常见的图形设计软件（如 Adobe Photoshop、Illustrator 等）和动画制作原理，能够独立完成高质量的界面设计与动画效果开发。 3、掌握数据可视化技术，熟悉常用的数据图表库（如 QCustomPlot、QtCharts 等），能够根据数据特点和用户需求设计并实现美观且实用的数据可视化方案； 4、了解硬件与软件接口技术，有与嵌入式系统或工业自动化设备进行交互开发的经验者优先考虑，能够理解和处理底层硬件数据通信协议（如串口通信、网络通信协议等）； 5、熟悉人机交互设计原则和用户体验方法，具备良好的用户需求分析和界面设计能力，能够通过用户调研和测试不断优化界面设计和交互流程。 【公司福利】 1、跟随行业学术带头人学习，定期培训，不定期团建； 2、五险一金、年底奖金、带薪年假、高温/取暖补贴、餐费补贴、下午茶、免费体检、过节礼品，福利拿到手软! 3、上班时间：周一至周五9：00-17：00，周末双休，法定节假日正常休； 4、薪资标准7K-10K，后期会根据工作情况涨薪； 5、工作地点位于第一医科大学基础医学院A楼，交通方便，办公环境安静优越； 6、试用期6个月，入职次月缴纳社保公积金。   【工作地址】 面试地址：济南市市中区国家大学科技园4号楼13层； 工作地址：第一医科大学基础医学院A楼。,12月19日,山东渡莎智能科技有限公司公司介绍公司成立于2024年1月，位于济南市市中区国家大学科技产业园。公司专注于多孔腹腔镜手术机器人及相关配套设备和耗材的研发、制造和销售，由山东大学齐鲁医院腹腔镜微创手术机器人研发及临床应用研究学术带头人、中华医学会外科学分会委员兼腹腔镜内镜外科学组副组长胡三元教授团队担任技术产品研发核心团队负责人。目前已取得32项专利，其中12项发明专利，另有16项双申的发明专利已处于实审阶段。在山东省第一医科大学设有高能级实验室，已经取得国家认证标准。公司有自己独立的手术数据库，即独立的大数据中心。,"https://www.zhaopin.com/jobdetail/CCL1491852380J40696463412.htm?refcode=4019&srccode=401901&preactionid=a7c1140f-c46c-45e5-b867-ab342d8bdc77"
3367,Java,深圳-福田区,1.5-3万,外企德科数字技术有限公司,专业技术服务,10000人以上,,CCL1480117890J40795946405,任职要求 1.热爱编程、基础扎实、熟练掌握JAVA/C++/C/Python等编程语言中的一种或多种，有良好的编程习惯； 2.对常见数据结构、算法、TCP/IP协议等有一定了解； 3.有很强的钻研技术精神，责任心，具备良好的沟通能力和团队协作能力。,2025-07-27 00:26:08,外企德科数字技术有限公司是一家2023年新成立的中外合资企业。成立于2023年11月24日，公司定位：专注于为信息技术企业提供人才及数字技术外包解决方案的中外合资企业。它是由中国人力资源服务行业的FESCO（北京国际人力资本集团）与全球人力资源服务领导者The Adecco Group（德科集团）合资成立的。公司主要提供网络技术服务、软件外包服务、计算机系统服务、技术进出口、软件开发等信息技术相关服务。专注于为信息技术企业提供信息技术类人才及数字技术外包解决方案。,"https://www.zhaopin.com/jobdetail/CCL1480117890J40795946405.htm?refcode=4019&srccode=401901&preactionid=a7c1140f-c46c-45e5-b867-ab342d8bdc77"
3368,测试工程师,西安-雁塔区,6000-9000元,西安华心智源科技有限公司,医疗设备/器械,100-299人,,CCL1470673330J40737326001,岗位内容： 1. 负责硬件测试流程的设计、建立和落地，包括测试用例编写，测试环境搭建等； 2. 进行硬件测试并记录测试相关数据，参与缺陷跟踪和管理； 3. 搭建硬件测试平台，提高测试效率和测试覆盖率。 任职要求： 1. 专科及以上学历，理工类、自动化或相关专业； 2.可接受应届生， 3. 具备较强的自我驱动力和学习能力，善于思考和持续上进。,5月21日,,"https://www.zhaopin.com/jobdetail/CCL1470673330J40737326001.htm?refcode=4019&srccode=401901&preactionid=a7c1140f-c46c-45e5-b867-ab342d8bdc77"
3369,软件测试,成都-高新区,7000-10000元,四川美康医药软件研究开发股份有限公司,"计算机软件,卫生服务,医院",500-999人,未融资,CC198033112J90250539000,岗位职责：  1、依据需求文档及设计文档，编写测试用例；  2、根据测试计划，搭建测试环境； 3、依据测试用例执行测试，反馈并跟踪软件BUG； 4、完成产品的集成测试与系统测试，填写相关测试报告。 5、测试方法和工具的学习及应用。 任职要求： 1、 计算机或相关专业大学本科学历； 2、 熟悉软件测试基本理论和方法，并有1年以上从事相关工作经验； 3、 了解软件测试工作流程和规范，能编写测试案例，有使用测试管理软件经验者优先； 4、 至少熟悉一种常用DBMS（如Sql Server、PostgreSQL、Oralce等），并熟练掌握SQL增删改查等常规操作，能使用SQL查询语言辅助测试工作； 5、 至少了解一种编程语言（如java、C#等）； 6、 有较好的逻辑分析能力和学习能力，具备较强的总结能力； 7、 拥有较好的沟通技巧及团队合作精神，工作细致认真，有较强的责任感和进取心； 8、 能使用测试工具（如loadrunner、jmeter等）进行性能、稳定性测试者优先。 职位福利：五险一金、绩效奖金、交通补助、餐补、通讯补助、带薪年假、定期体检、节日福利,7月25日,四川美康医药软件研究开发股份有限公司是国内领先的、专业从事临床合理用药信息数据库及软件产品开发的高新技术企业。公司自1997年成立以来，根据医疗信息化发展的趋势和特点，建成了一个在国内具有高度权威性、科学性和即时性的高品质医药知识库，并以此为基础，先后开发了合理用药监测系统（PASS）、PASS临床药学管理系统（PASS PA）、PASS药师审方干预系统（PASS PR）、PASS药品不良反应智能监测系统（PASS ADR）、合理用药信息支持系统（MCDEX）、医院处方集管理系统、药学咨询管理系统（PASS MTM）、PASS住院药学监护系统（PASS IPC）、美康健康助手等一系列合理用药信息化产品，为医疗卫生专业人员预防用药差错、提升工作质量和工作效率，提供了一系列重要的技术手段。美康公司将通过持续努力，以用户第一的态度，不断提高产品质量和服务水平，为医疗卫生专业人员提供更多、更好的产品及服务。,"https://www.zhaopin.com/jobdetail/CC198033112J90250539000.htm?refcode=4019&srccode=401901&preactionid=a7c1140f-c46c-45e5-b867-ab342d8bdc77"
3370,实施工程师,抚州-东乡区,5000-10000元,江西永冠科技发展有限公司,家具制造,500-999人,已上市,CC294043080J40758749911,岗位职责： 1、参与或者主导公司业务系统实施推进、系统运维升级工作，内外部资源协调（条码系统、WMS、MES、QMS、APS等）  2、完成业务部门的业务难点、需求收集，业务系统规划、升级  3、基于业务解决方案引导、带领团队完成功能开发、系统部署、用户培训、上线升级、系统运维、优化需求  4、完成项目中的功能清单梳理、业务流程图、功能原型、操作手册等文件，并进行业务流程的操作培训，整理撰写相关实施与经验交流文档；  5、完成上级领导安排的工作任务，结果汇报。,7月17日,江西永冠科技发展有限公司（简称“永冠科技”）于2012年成立，是一家主营胶粘制品的高新技术企业，公司总部（“永冠新材”集团）设立在上海，于2019年主板上市（股票代码603681）。永冠科技产业园已建成七大厂区，总占地面积千余亩，员工4000余名，已形成了涵盖造纸、织布、薄膜、印刷、涂布、分切、包装于一体的全产业链胶粘制品综合生产基地。产品覆盖民用、工业、建筑装潢、消费电子、新能源汽车等领域。产品出口欧美、日韩、中东等一百多个国家和地区，连续三年外贸出口创汇位列抚州市前茅。永冠科技注重技术创新，掌握多项胶粘材料核心技术，拥有数十个专利、百余项高新技术成果转化与应用，与多所高等院校、研究院开展深度产研合作，建立了研究生教学示范基地。荣获专精特新、小巨人、省级瞪羚企业、省级技术中心、国家级高新技术企业、制造业单项冠军等荣誉。永冠科技注重内部管理，主动与国际接轨，所有生产环节均实行标准化作业，注重安全、质量、环境等全过程管理，取得了ISO9001、ISO14001、ISO45001、TS16949等体系认证。“用心铸就胶粘事业，砥砺振兴民族品牌”是我们的使命，“创新引领、实干兴业、责任担当”是我们的核心价值观。永冠热忱期待志同道合的您携手同行、共创美好未来！公司地址：江西省抚州市东乡区渊山岗工业园杭州路19号集团网址：http://www.ygtape.com.cn/,"https://www.zhaopin.com/jobdetail/CC294043080J40758749911.htm?refcode=4019&srccode=401901&preactionid=a7c1140f-c46c-45e5-b867-ab342d8bdc77"
3371,测试工程师,合肥-肥西县,5000-7000元·13薪,安徽中科光电色选机械有限公司,"通用设备制造,电气机械/电力设备",1000-9999人,已上市,CC199735920J40768082507,一、岗位职责： 1、发现色选机机械和软件问题，提出优化和改进方案。  2、对售后、销售等进行周期性的培训。  3、解决疑难问题，并总结优化。  4、发现和学习其它厂家的优点，优化自身产品。  5、演示培训来访客户，配合公司各各种活动及展会。  二、岗位要求： 1、大专及以上学历(应届毕业生也可)。  2、学习能力、思维能力、动手能力、执行力、沟通能力。  3、做事认真，细心，善于发现和总结问题。 4、接受经常出短差。,6月25日,安徽中科光电色选机械有限公司是一家专业从事智能色选设备研发、生产、销售的高科技企业，公司位于中国合肥高新技术开发区柏堰科技园，占地面积10万平方米，总投资2亿元人民币，拥有现代化的生产车间22000平方米、科研楼25000平方米。形成年产3000台智能色选设备、产值达4亿元，巨资引进贴片焊机、激光切割机、数控加工中心等尖端设备100余套，已成为中国最大的智能色选设备生产基地。专门设立的企业技术研发中心以全国科教基地合肥为依托，拥有一支以光电技术研究领域专家为领头人的高素质研发队伍，强大的科研能力、非凡的创新理念、务实的钻研精神不断引领色选技术应用的迅猛发展，通过与国外资深色选机制造企业的精诚合作，成功拥有30年的色选设备研发与制造经验，所推出的完全自主知识产权品牌安美达牌系列色选机，可满足大米、杂粮、茶叶、特种物料的精确选别，牢牢占领中国30%以上的市场份额，并成功远销美国、巴西、印度、印尼、东南亚等国家和地区。,"https://www.zhaopin.com/jobdetail/CC199735920J40768082507.htm?refcode=4019&srccode=401901&preactionid=a7c1140f-c46c-45e5-b867-ab342d8bdc77"
3372,科研人员,北京-西城区,8000-10000元,中国信息通信研究院,"通信/网络设备,学术/科研",1000-9999人,未融资,CC251266610J40713846102,岗位职责: 1、跟踪研究科技创新相关学术发展趋势 2、开展企业科技创新规划及科技创新管理课题研究 3、支撑企业完善科技创新管理制度 4、以及日常科技创新管理工作   任职要求: 通信工程相关专业 本科及以上学历 性别不限 有相关工作经验者优先,2025-07-28 00:29:20,中国信息通信研究院（以下简称“中国信通院）始建于1957年，是工业和信息化部直属科研事业单位。多年来，中国信通院始终秉持“国家高端专业智库产业创新发展平台”的发展定位和“厚德实学兴业致远”的核心文化价值理念，在行业发展的重大战略、规划、政策、标准和测试认证等方面发挥了有力支撑作用，为我国通信业跨越式发展和信息技术产业创新壮大起到了重要推动作用。近年来，适应经济社会发展的新形势新要求，围绕国家“网络强国”和“制造强国”新战略，中国信通院着力加强研究创新，在强化电信业和互联网研究优势的同时，不断扩展研究领域、提升研究深度，在4G/5G、工业互联网、智能制造、移动互联网、物联网、车联网、未来网络、云计算、大数据、人工智能、虚拟现实/增强现实（VR/AR）、智能硬件、网络与信息安全等方面进行了深入研究与前瞻布局，在国家信息通信及信息化与工业化融合领域的战略和政策研究、技术创新、产业发展、安全保障等方面发挥了重要作用，有力支撑了互联网+、制造强国、宽带中国等重大战略与政策出台和各领域重要任务的实施。,"https://www.zhaopin.com/jobdetail/CC251266610J40713846102.htm?refcode=4019&srccode=401901&preactionid=a7c1140f-c46c-45e5-b867-ab342d8bdc77"
3373,Java,武汉-江夏区,1.5-3万·15薪,外企德科数字技术有限公司,专业技术服务,10000人以上,,CCL1480117890J40702317005,1.负责公司产品线及开发部的前端，后端，算法，大数据，硬件，软件等开发维护工作。  2.产品线涉及通信，终端产品，汽车，技术预研，云计算等。,2025-07-27 00:23:26,外企德科数字技术有限公司是一家2023年新成立的中外合资企业。成立于2023年11月24日，公司定位：专注于为信息技术企业提供人才及数字技术外包解决方案的中外合资企业。它是由中国人力资源服务行业的FESCO（北京国际人力资本集团）与全球人力资源服务领导者The Adecco Group（德科集团）合资成立的。公司主要提供网络技术服务、软件外包服务、计算机系统服务、技术进出口、软件开发等信息技术相关服务。专注于为信息技术企业提供信息技术类人才及数字技术外包解决方案。,"https://www.zhaopin.com/jobdetail/CCL1480117890J40702317005.htm?refcode=4019&srccode=401901&preactionid=a7c1140f-c46c-45e5-b867-ab342d8bdc77"
3374,Java,南京-雨花台区,1.7-3万·14薪,外企德科数字技术有限公司,专业技术服务,10000人以上,,CCL1480117890J40760779605,1. 熟悉Java/Python/C/C++任何一种语言 2. 具备扎实的计算机基础，熟悉数据结构、算法和网络编程等知识点。 3. 具备初步的Web开发经验，熟悉HTML、CSS、JavaScript等前端技术。 4. 具有较强的自学能力、问题解决能力和团队协作能力。,2025-07-27 00:24:03,外企德科数字技术有限公司是一家2023年新成立的中外合资企业。成立于2023年11月24日，公司定位：专注于为信息技术企业提供人才及数字技术外包解决方案的中外合资企业。它是由中国人力资源服务行业的FESCO（北京国际人力资本集团）与全球人力资源服务领导者The Adecco Group（德科集团）合资成立的。公司主要提供网络技术服务、软件外包服务、计算机系统服务、技术进出口、软件开发等信息技术相关服务。专注于为信息技术企业提供信息技术类人才及数字技术外包解决方案。,"https://www.zhaopin.com/jobdetail/CCL1480117890J40760779605.htm?refcode=4019&srccode=401901&preactionid=a7c1140f-c46c-45e5-b867-ab342d8bdc77"
3375,软件测试,安阳-文峰区,7000-9000元,河南智搜量信息科技有限公司,互联网,300-499人,未融资,CCL1491001470J40658966409,岗位内容： 1. 协助工程师进行测试软件，记录相关问题。 2. 协助工程师进行软件的优化。 3. 负责软件测试阶段的进度管理和问题跟踪。 4. 协助持续改进测试流程，提高测试效率和质量。任职要求：  1. 18--35岁。  2. 有无经验均可，接受应届毕业生  3. 良好的学习能力和团队协作精神。  4. 较强的沟通能力和服务意识。  ,2025-07-27 01:27:30,河南智搜量信息科技有限公司是一家做鸿蒙深度开发、人工智能系统开发、无人驾驶技术研发等多项目高新技术研发类公司，智搜量正在实施的项目上已经有300+技术员工，作为95后、00后的一员，我们能带给你：【薪资多多】：无责底薪+绩效+六险一金+13薪，90%员工综合月薪7k-9k；【假期多多】：周末双休、法定节假日、年假、婚假、生育假、丧假等；【机会多多】：试用期培训+在职培训+晋升培训，学习机会，助力成长；【晋升多多】：良好的晋升空间，公司90%管理内部晋升，公平公正机会多；【活动多多】：下午茶歇（零食+奶茶）、旅游、聚餐、生日会、拓展训练等；【朋友多多】：工作氛围超nice，亲切友善的同事，和谐轻松舒适的工作环境；【休息多多】：上午：9:00--11:50，下午：14:00--18:00我们期待初出茅庐充满干劲的你，驰骋沙场经验丰富的你，打算转型寻求破圈的你！,"https://www.zhaopin.com/jobdetail/CCL1491001470J40658966409.htm?refcode=4019&srccode=401901&preactionid=a7c1140f-c46c-45e5-b867-ab342d8bdc77"
3376,测试工程师,深圳-龙岗区,6000-9000元,深圳市易玛特科技有限公司,"电子商务,物联网",100-299人,A轮,CCL1491798590J40625550706,"岗位职责: 1、负责智能手表软件模块测试用例的编写; 2、负责对公司产品进行验证测试，保证产品的功能; 3、独立完成产品模块测试:系统Ui测试，产品功能、产品性能、产品兼容性、产品续航等测试，并输出测试数据和报告的汇总; 4、负责记录测试结果和问题回归验证至跟踪闭环。  任职资格:  1、大专及以上学历;  2、1年以上相关工作经验;具备独立负责完成项目任务推动问题解决的能力,可以接受加班:  3、有智能手表等嵌入式产品测试/开发经验优先;有华为、荣耀、小米、OPPO等品牌音频产品工作经验优先;  4、熟悉软件测试理论和方法，如黑盒测试等。",5月9日,,"https://www.zhaopin.com/jobdetail/CCL1491798590J40625550706.htm?refcode=4019&srccode=401901&preactionid=a7c1140f-c46c-45e5-b867-ab342d8bdc77"
3377,测试工程师,石家庄-长安区,8000-10000元,河北中科万疆科技有限公司,云计算/大数据,20-99人,未融资,CCL1379392290J40699926916,1、完成电路板的测试、电控设备的测试;,4月18日,,"https://www.zhaopin.com/jobdetail/CCL1379392290J40699926916.htm?refcode=4019&srccode=401901&preactionid=a7c1140f-c46c-45e5-b867-ab342d8bdc77"
3378,实施工程师,石家庄-裕华区,100-150元/天,超图软件,"计算机软件,计算机硬件",1000-9999人,已上市,CC000573470J40755267013,自带笔记本 岗位职责： 1、协助项目经理完成项目文档编写； 2、按实施计划完成项目经理安排的工作； 3、负责公司产品部署安装、调试等技术支持服务； 4、项目实施过程的数据质检和入库； 5、责任心强，品德优良、善于沟通交流，具有团队合作精神。   任职要求: 1、能熟练使用Office相关办公软件； 2、熟练使用常用的GIS及制图软件优先； 3、有较好的承压能力和沟通能力，具备良好的团队合作精神； 4、具有较强的学习能力；； 5、地理信息系统/遥感/测绘及相关专业优先。,5月16日,公司简介超图集团是全球第三大、亚洲第一大地理信息系统（GIS）软件厂商，由母公司超图软件（股票代码：300036）及旗下的超图信息、超图国际、上海南康、南京国图、北京安图、上海数慧等一级(全资)子公司，地图慧、日本超图等二级(控股)子公司，以及遍布全国的分公司、办事处组成。超图正式员工3000余人，2019年年营业收入逾17亿元。自 1997年成立以来，超图聚焦地理信息系统相关软件技术研发与应用服务，下设基础软件、应用软件、云服务三大 GIS业务板块，并构建生态伙伴体系，通过 1000余家生态伙伴为数十个行业的政府和企事业单位信息化全面赋能。目前，SuperMap在GIS基础软件中国区域的市场份额已超越国外品牌，位居第一，并在30多个国家发展了代理商，将SuperMap GIS推广到100多个国家和地区。以“地理智慧创新 IT价值”为企业使命，以“创造全球领先的技术，用地理智慧点亮世界每一个角落”为企业愿景，超图将持续为全球更多用户打造领先的 GIS技术和产品！产品优势 SuperMap GIS是超图软件研发的、具有完全自主知识产权的大型基础地理信息软件系列，可提供功能强大的云GIS平台、组件GIS开发平台、桌面GIS平台、移动GIS开发平台、网络客户端GIS开发平台以及相关的空间数据生产、加工和管理工具。作为产品门类齐全、功能强大、覆盖行业范围广泛、满足各类信息系统建设的GIS软件品牌，SuperMap GIS拥有近700家二次开发商，已深入到国内各个GIS行业应用，获得越来越多的政府和企业用户的认可。公司福利1.学习、执行、创新的企业文化，充分发挥个人才能的舞台；2.完备的任职资格体系及全面培训机制；3.完善的薪资体系和绩效考核机制，员工持股计划等多种股权激励方式；4.法定社会保险、交通意外险、意外伤害险、补充医疗保险，给予员工更多保障；5.贴心的年度福利体检，节日福利、生日福利及带薪年假；6.幸福温馨的婚庆礼金及周到细致的生育福利；7.以团队建设为导向的员工活动基金；8.篮球、足球、登山、爱乐、羽毛球、摄影、健身等丰富的协会活动；9.年度优秀员工奖励、年度优秀员工出国旅游等多方位的激励措施等。,"https://www.zhaopin.com/jobdetail/CC000573470J40755267013.htm?refcode=4019&srccode=401901&preactionid=a7c1140f-c46c-45e5-b867-ab342d8bdc77"
3379,科研人员,北京-海淀区,1-1.5万,中国信息通信研究院,"通信/网络设备,学术/科研",1000-9999人,未融资,CC251266610J40758278002,岗位职责: 1、负责院内部刊物工作的全流程组织管理，包括选题谋划、撰稿组织、组织审查及定稿报送等工作。 2、负责数据统计和情况分析，并提出优化改进意见和建议。 3、能很好的承担相关沟通协调工作。一是积极主动与主管单位对接和沟通，精准了解上级工作要点及要求；二是与院内各部门沟通协调，充分了解各部门各种专业特点和业务水平，有效组织落实相关工作要求。 4、承担相关工作流程优化与信息化系统建设组织和推动工作 5、承担作相关的制度建设、组织培训及总结撰写等相关工作。 6、领导交办的其他事项。   任职要求: 1、有较强的逻辑思维能力、沟通交流能力、组织协调能力，具有良好的团队意识与合作意识； 2、有较强的文字组织和表达能力，能够撰写相关报告；能够熟练使用各种办公软件； 3、有较强的学习能力和学习意愿； 4、工作责任心、纪律性强，细致耐心、吃苦耐劳； 5、思想政治坚定，对时政、经济、社会热点具有较强的敏锐性。 6、有相关工作经验、党员的优先考虑,2025-07-28 00:38:43,中国信息通信研究院（以下简称“中国信通院）始建于1957年，是工业和信息化部直属科研事业单位。多年来，中国信通院始终秉持“国家高端专业智库产业创新发展平台”的发展定位和“厚德实学兴业致远”的核心文化价值理念，在行业发展的重大战略、规划、政策、标准和测试认证等方面发挥了有力支撑作用，为我国通信业跨越式发展和信息技术产业创新壮大起到了重要推动作用。近年来，适应经济社会发展的新形势新要求，围绕国家“网络强国”和“制造强国”新战略，中国信通院着力加强研究创新，在强化电信业和互联网研究优势的同时，不断扩展研究领域、提升研究深度，在4G/5G、工业互联网、智能制造、移动互联网、物联网、车联网、未来网络、云计算、大数据、人工智能、虚拟现实/增强现实（VR/AR）、智能硬件、网络与信息安全等方面进行了深入研究与前瞻布局，在国家信息通信及信息化与工业化融合领域的战略和政策研究、技术创新、产业发展、安全保障等方面发挥了重要作用，有力支撑了互联网+、制造强国、宽带中国等重大战略与政策出台和各领域重要任务的实施。,"https://www.zhaopin.com/jobdetail/CC251266610J40758278002.htm?refcode=4019&srccode=401901&preactionid=a7c1140f-c46c-45e5-b867-ab342d8bdc77"
3380,C/C++,郑州-中原区,5000-10000元,郑州众合景轩信息技术有限公司,"计算机软件,IT服务",20-99人,未融资,CC574631520J40763283907,岗位职责： 1、负责遥感图像处理软件C++编码开发； 2、负责软件代码的维护和改进工作； 3、参与项目的部署实施及开发文档编写； 4、解决项目开发过程中的难点问题。 任职要求: 1、本科及以上学历，遥感测绘、计算机、数学等相关专业； 2、熟练掌握C/C++语言，熟悉QT、GDAL者优先； 3、熟悉Linux操作系统，具有Linux、国产麒麟等操作系统下编程经验者优先； 4、数学功底扎实，有算法优化经验者优先； 5、具备较强的问题分析和快速学习能力，有良好的沟通、表达能力，注重团队协作。,6月13日,郑州众合景轩信息技术有限公司（简称“景轩信息”）成立于2013年，是集产业互联网、产业大数据的创新科技公司，专注于时空格网与数字孪生、增强现实、大数据、云计算等技术的融合，致力于在万物互联环境下让数据更好的服务于信息处理、智能分析、监控预警、辅助决策等应用。景轩信息是国家级高新技术企业、双软认证企业、河南雏鹰科技企业，郑州市大数据企业、郑州市专精特新企业、国家科技型中小企业、双软认证企业。是国际开放地理空间信息联盟（OGC）成员单位，郑州市城市全域时空格网应用工程研究中心。公司拥有发明专利10项，软件著作权40项。公司主要为国防军工、政府、科研院所、企业相关部门提供大数据、云计算、智慧城市、智慧园区、数字孪生、增强现实等相关技术服务。公司已成功为北斗导航、高分遥感、风云卫星等国家国防重大项目和网格化智能社区、城市大数据整合应用提供了大数据分析系统和解决方案，公司致力于以专业的能力、敬业的态度、前瞻的眼光和卓越的产品推动业务数据的增值、产业价值的增效和生活品质的提升。公司官网：https://www.jx-lab.com/,"https://www.zhaopin.com/jobdetail/CC574631520J40763283907.htm?refcode=4019&srccode=401901&preactionid=a7c1140f-c46c-45e5-b867-ab342d8bdc77"
3381,Java,深圳-龙岗区,1.8-3.5万·14薪,外企德科数字技术有限公司,专业技术服务,10000人以上,,CCL1480117890J40725341605,【业务方向】   云计算，自动驾驶，未来网络、人工智能、计算集群、芯片、操作系统、数据库、媒体技术、安全、芯片制造等等   ,2025-07-27 00:23:28,外企德科数字技术有限公司是一家2023年新成立的中外合资企业。成立于2023年11月24日，公司定位：专注于为信息技术企业提供人才及数字技术外包解决方案的中外合资企业。它是由中国人力资源服务行业的FESCO（北京国际人力资本集团）与全球人力资源服务领导者The Adecco Group（德科集团）合资成立的。公司主要提供网络技术服务、软件外包服务、计算机系统服务、技术进出口、软件开发等信息技术相关服务。专注于为信息技术企业提供信息技术类人才及数字技术外包解决方案。,"https://www.zhaopin.com/jobdetail/CCL1480117890J40725341605.htm?refcode=4019&srccode=401901&preactionid=a7c1140f-c46c-45e5-b867-ab342d8bdc77"
3382,技术支持工程师,连云港-海州区,7000-14000元,青岛安然物联网科技有限公司,"物联网,物联网",20-99人,未融资,CC559764920J40565772604,需要弱电技术、自动化、安防系统、工业互联网+危化安全生产、物联网人才，不要纯软件人才。  你能经常到全国各地出差吗？你能到工业生产现场生产现场做技术支持吗？     真正的奋斗者在安然会有让人值得为之奋斗的事业，会有充实、高效的成长，会有高人一等的收入。,7月15日,基于精准人员定位的工业安全生产信息化管理专家，安全生产信息化管理引领者！作为全国实时定位技术标准工作组成员和应急管理部“工业互联网+危化安全生产”人员定位系统技术支持机构，安然从2012年起致力于基于ZigBee Plus三维立体按需精准定位的“工业互联网+安全生产”的研究，获得了20多项安全智能管控系统发明专利和著作权，持续引领中国化工行业生产现场智慧安全！安然以“准、稳、狠”的ZigBee Plus三维立体按需精准人员定位统和“底数清、数据准、情况明、研判准、措施实”的安全生产信息化平台为核心，整合访客管理、出入口控制、人脸识别、视频监控、语音广播、重大危险源监控、可燃有毒气体监测等系统，对生产现场人、机、料、法、环五大要素进行实时、动态、智能管控和预警，规范人的安全行为，保障人的生命安全，有效防范风险、主动化解风险，实现智慧安全。安然“以用为本”，把安全生产信息化建设与公司管理体系“深度融合”，把安全生产信息化建设与日常工作“紧密结合”，对安全生产切实“有用、实用、好用”，避免建用“两张皮”，让安全管控更智能，让生产更高效才实用。迄今已服务中石化、中石油、延长石油、国能、兖矿、京能、索普、新安、奇美、昊源、潞安、旭阳、垦利、逸盛、海科、酒钢、金发等几百家石化、化工、选煤、钢铁、电厂企业。安然以客户为中心，以强者为本，抬头乐干，愿意与同道中人联合、链接，携手共建、共用、共享生产安全命运共同体，一起干，一起干，让优秀企业更安全，让优秀企业更高效！,"https://www.zhaopin.com/jobdetail/CC559764920J40565772604.htm?refcode=4019&srccode=401901&preactionid=a7c1140f-c46c-45e5-b867-ab342d8bdc77"
3383,实施工程师,哈尔滨-南岗区,4000-6000元,黑龙江铸信科技有限公司,"IT服务,运营商/增值服务,云计算/大数据,网络/信息安全",20人以下,不需要融资,CCL1390156910J40602920712,工作内容： 1.调试防火墙、路由器、无线AP等网络设备。 2.短期省内出差，处理客户现场问题。 ,6月20日,黑龙江铸信科技有限公司（以下简称“铸信科技”），2014年4月23日在哈尔滨成立，2018年获得国家高新企业证书，2020年获得中华人民共和国增值电信业务经营许可证。七年来，公司经过全体职工的不懈努力，不断壮大。公司机构齐全，设有董事会、监事会、市场部、企划部、技术部、财务部、人力资源部等机构，内部管理体系完整，制度完善，运行畅通，实现了责、权、利的统一，确保了公司对外服务业务的开展。公司十分重视员工的综合素质培养，积极安排员工参加各种层次、各类专业强化学习，培养了一批既有理论知识又有实践经验、善于打硬仗的业务骨干队伍，为公司承担各类工程服务，储备了一批优秀人才。,"https://www.zhaopin.com/jobdetail/CCL1390156910J40602920712.htm?refcode=4019&srccode=401901&preactionid=a7c1140f-c46c-45e5-b867-ab342d8bdc77"
3384,C/C++,长春-九台区,4000-8000元,吉林冠腾自动化技术有限公司,"金属制品业,仪器仪表制造,电气机械/电力设备",20-99人,未融资,CC635567820J40807827115,岗位职责： 1、根据技术要求开发软件 任职资格： 1、计算机或软件工程等相关专业，大专以上学历。 2、精通C++开发，熟悉C++的核心语法。熟练使用MFC编程框架。熟练运用VS开发工具。 3、了解数据库开发（SQL、Access）中的一种。 4、能够独立完成系统结构开发和应用部署。 5、具备自动化设备软件开发工作经验优先。 职位福利：加班补助、免费班车、节日福利、员工旅游、绩效奖金、餐补  ,7月25日,公司简介吉林冠腾自动化技术有限公司是中国领先的试验设备和自动化设备的服务服务商，公司集研发、生产、销售和服务四位一体，专业提供一流的力学试验设备以及各种试验解决方案。是集科研、生产、贸易于一体的股份制企业，是试验检测试验设备的专业生产厂家，品种齐全的试验设备制造商。专用自动化设备制造的技术型企业，冠腾公司坐落于有着中国试验机工业发源地和摇篮之称的吉林省长春市，是现代高新技术企业。公司利用积累数十年的设计、制造、管理经验，以高起点、高技术、高质量为标志投身市场竞争。公司所生产的全部产品均为高技术产品，中档和高档次的试验设备现已经得到众多用户的认可。冠腾公司拥有一批多年从事试验机设计的资深工程技术人员，有能力为用户设计和研发各类常规或复杂的试验设备。拥有大批高素质专业从事产品装配并调试校验的技术人员，这些人员均可做到一专多能，很好地完成为用户进行售后服务的任务。还拥有大批从事机械加工等工作的技术工人和生产设备。公司的核心团队和各工序的骨干力量均为原国有企业的中坚层。为适应国家科学技术进步对检测手段的要求，公司投入大量人力和财力，进行产品创新和研发并已取得丰厚的成果，现已拥有常规产品五十个系列。吉林冠腾自动化技术有限公司电话：0431-82565663网址：www.ccgtgs.com,"https://www.zhaopin.com/jobdetail/CC635567820J40807827115.htm?refcode=4019&srccode=401901&preactionid=a7c1140f-c46c-45e5-b867-ab342d8bdc77"
3385,技术支持工程师,长春-朝阳区,8000-12000元,吉林省嘉冉科技有限公司,计算机软件,20-99人,不需要融资,CC885696150J40565450716,1、软件编程与研发； 2、客户调研、需求分析和应用解决方案的制定、方案讲解与交流、数据的整理、产品演示等；,12月18日,吉林省嘉冉科技有限公司简介吉林省嘉冉科技有限公司是一家专业从事制造业信息化咨询服务的高科技技术服务公司，公司聚焦装备制造业企业的研发、制造全生命周期，提供西门子工业软件的销售、信息化管理、项目实施、定制开发，软件培训服务，产品外包设计、分析、加工等一整套服务。公司拥有经验丰富的技术专家团队，主要技术服务人员在制造业领域平均时间超过15年，为机械装备、汽车及汽车零配件、模具、航空航天、医疗、高科技电子及高等院校提供CAD/CAE/CAM、PLM、MOM、MES一整套的解决方案及跟踪服务，帮助企业提升研发效率，缩短产品生命周期。嘉冉科技是西门子工业软件在北方地区的核心合作伙伴，主要产品及服务包括：NXCAD/CAM、Solidedge、Teamcenter、Tecnomatix、Flotherm、Montor等，并在模具制造、数控多轴加工及机床程序优化方面拥有独特的经验，能够向企业提供高端数控机床的后置调试、机床操作、维修保养、程序优化及产品工艺优化，让高端设备更快速的为企业创造价值。嘉冉科技自成立之初，秉承：让客户成功的核心理念，在软件销售后，为企业提供基于软件初级应用、标准化制定、基于客户产品的功能定制，为企业在软件应用方面插上腾飞的翅膀，公司成立以来先后为北方地区超过100余家制造业企业提供了软件开发、项目实施、技术咨询和人才输送等跟踪的支持和服务，获得了客户的认可和好评。制造业转型升级，智能制造为制造业企业未来的发展指名了前进之路。让中国制造转变为中国创造，中国制造，嘉冉科技与您一路同行，合作共赢。,"https://www.zhaopin.com/jobdetail/CC885696150J40565450716.htm?refcode=4019&srccode=401901&preactionid=a7c1140f-c46c-45e5-b867-ab342d8bdc77"
3386,技术支持工程师,沈阳-沈河区,6000-7000元·14薪,广东魅视科技股份有限公司,"电子/半导体/集成电路,IT服务,计算机硬件,计算机软件",300-499人,未融资,CC487960020J40816087408,岗位职责： 1、完成项目现场产品售后调试及技术保障工作； 2、负责公司项目的需求分析、客户技术交流演示及解决方案等工作； 3、通过专业周到的技术服务，对工程质量负责；并提升公司产品及解决方案竞争力，对客户满意度负责； 4、为公司内外部提供培训支持工作； 5、在专业展会、巡展及其他市场活动为客户提供技术演示、讲解引导等工作。 任职要求： 1、本科及以上学历，网络、通信、电子、机电类相关专业，1-2年系统集成技术经验优先，优秀应届毕业生亦可； 2、较强的分析解决能力、高度的责任心、良好的团队合作精神及抗压能力； 3、能接受一定强度的跨省区出差。 福利待遇： 1、社会保险：五险一金，依法享受养老、医疗、失业、工伤、生育保险及住房公积金； 2、带薪假期：周末双休、法定节假日、带薪病假1天/月、带薪年假、加班调休； 3、节日福利：端午、中秋等传统节日福利、春节开工利是、年度优秀奖励、年会福利等多重福利； 4、奖金激励：绩效奖、项目奖、年终奖、购车奖励，优秀人才薪酬上不封顶； 5、广阔的发展空间，如有兴趣，日后可转售前技术支持工程师、销售工程师、市场推广等岗位。,6月18日,广东魅视科技股份有限公司（AVCIT魅视科技），创建于2010年，注册资金1亿(股票代码：001229）。成立以来一直专注于音视频显示及中央控制领域的研发、生产及国内外营销服务，是国内乃至全球领先的音视频解决方案提供商。魅视科技拥有业内领先的自主核心技术和可持续研发能力，提供KVM坐席协作系统、分布式交互管理平台、中央控制、矩阵等系列音视频产品，并针对军队、公安、武警、检察院、法院、税务、海关、能源、灾防、媒体及智慧教育、智慧医疗、智慧商业等领域提供合适的细分产品与专业的行业解决方案。魅视科技旗下设立北上广3大国内营销中心、23个办事处，销售网络覆盖全国；并于2010年组建海外营销部，服务全球客户。凭借优质的产品性能和专业服务，在海内外成功实施了10000多个成功案例，包含北京奥运会、上海世博会、广州亚运会、杭州G20峰会、厦门金砖会议等多个大型盛会。我们将持续秉持着“求真务实、持续创新、追求卓越、成就价值”的核心价值观，以“实践者”精神为行动准则、以“创新”为发展驱动力量、以“卓越”为奋斗目标，实现企业价值、客户价值、行业价值和员工价值的共同提升、共同实现和共同回报；铭记“领视界·创不凡”的企业使命，为建设“受人尊敬的是世界级企业”的企业愿景而努力奋斗。魅视科技，为您提供完善而富有激励性的薪酬福利待遇；科学的培养体系；广阔的个人发展空间；单纯、积极的工作氛围。魅视科技给您提供的不仅是一个宽敞的舞台，更是一个任凭俊马驰骋的广阔草原；魅视科技给您提供的不仅是一个起航的港湾，更是一个容纳万吨油轮的海港；魅视科技，事业正蒸蒸日上；魅视科技，正需要一批批像您一样有激情、有冲劲、有智慧的员工共同为明天的腾飞而拼搏奋斗。公司长期热忱欢迎以下职位专才加盟：行业销售专家/大客户销售/销售工程师、售前工程师、高级软件工程师、FPGA工程师、测试工程师、售后工程师等。多地区工作岗位可选。广州总部：广州市天河区黄埔大道中662号金融城绿地中心9层北京平台：北京市海淀区西三旗桥南安宁庄后街京玺文创园A17号楼1层上海平台：上海市普陀区金沙江路1340弄新曹杨高新技术工业园A4栋2楼2室另设有沈阳、安徽、郑州、南京、杭州、江西、福建、新疆、西安、成都、重庆、贵州、云南、广西、湖北、湖南、河北、甘肃、深圳等23个国内办事处。更多详情，可登录公司网站：http://www.avcit.com.cn/进行了解！,"https://www.zhaopin.com/jobdetail/CC487960020J40816087408.htm?refcode=4019&srccode=401901&preactionid=a7c1140f-c46c-45e5-b867-ab342d8bdc77"
3387,技术支持工程师,深圳-南山区,130-150元/天,深圳市盛弘电气股份有限公司,"电子/半导体/集成电路,电力/水利/热力/燃气,电气机械/电力设备,仪器仪表制造",1000-9999人,已上市,CC235345010J40758757701,工作职责：                      1、协助项目组搭建平台，参与物料准备、简单安装等辅助工作。  2、对接供应链，传递需求、跟踪物料进度，处理相关问题。  3、按工程师方案做一些产品重工。  4、协助查找项目或产品问题，收集整理信息。  5、处理客诉，沟通了解情况、协助调查核实并反馈结果。 任职要求：​ 1、大专，电力电子/电气/自动化等相关专业，2026届毕业生。​ 2、具备基础电气知识，熟悉办公软件，有数据整理能力。​ 3、学习、动手能力强，认真负责，善于沟通合作​ 4、沟通协作优，能实习 3个月及以上，实习时间稳定。   实习工作时间：五天八小时工作制，早上9点到晚上六点，有公司前辈一对一的带教，工作相对轻松简单 实习薪资：3000元/月，提供住宿（大学宿舍配置，4人间，上面是床下面是桌子，有空调风扇，独立卫浴，独立阳台），实习生住宿免费，但须自行承担水电费（20元-50元/月）， 公司饭堂10块钱四菜一汤 此岗位为实习岗位，如表现优异可在毕业后转正成为公司正式员工   我们为您提供： 1、专业的导师指导和技术培训，帮助您快速成长。 2、丰富的实践机会和项目经验，为您的简历增添亮点。 3、竞争力的实习薪资和福利待遇。 4、轻松愉快的工作氛围和积极向上的企业文化。,7月24日,深圳市盛弘电气股份有限公司成立于2007年，于2017年在创业板上市（股票代码300693），是国内低压电能质量领域第一家上市企业。公司总部坐落在深圳特区，目前拥有南山区百旺信、深圳湾两大办公区， 20+独立办事处，2018年成立西安分公司，此外，还有筹建中的惠州制造基地和苏州制造基地，是一家拥有多项专利技术，集研发、生产、销售于一体的国家级高新技术企业。公司先后开发了APF、SVG、SPC、AVC等全系列电能质量治理产品；在可再生能源领域，推出了多种应用领域的系列化产品及一体化解决方案，包括并网/离网光伏逆变器、储能变流器、电动汽车充电机、电池化成与分容设备等。产品远销海外如欧美，澳洲，东南亚等国家及地区，在市场占有率上连续多年位居行业领先位置。公司以成为“能源互联网电力电子核心设备解决方案提供商”为长期战略目标，以电力电子技术产品为基础，向客户提供咨询、设计、融资建设、运维、等能源互联互通生态链上的系统解决方案。薪酬福利：●我公司为求职者提供具有竞争力的薪酬，具体情况在面试时详细介绍；●假期：享有国家劳动法规定的工伤假、婚假、丧假、产假和带薪年假；●保险：医疗、工伤、生育、养老、失业保险，住房公积金；●户口：为符合条件的员工代办深圳市户口；●公司定期旅游活动；●福利：班车接送，出差餐补、话费补贴、电脑补助等。,"https://www.zhaopin.com/jobdetail/CC235345010J40758757701.htm?refcode=4019&srccode=401901&preactionid=a7c1140f-c46c-45e5-b867-ab342d8bdc77"
3388,测试工程师,安阳-内黄县,5000-7000元,天阳科技,"计算机软件,计算机软件",1000-9999人,已上市,CC120408370J40824180408,1.全国项目驻场测试，主要负责功能、数据或接口等相关测试工作； 2.统招本科学历及以上（学信网可查）；毕业满2年；计算机专业优先； 3.热爱软件测试行业、有强力的自驱力，能够在测试岗位深入学习研究； 4.有无经验均可，服从公司安排，接受公司培养，可接受异地工作优先； 福利待遇： 上市公司，公司可以提供住宿，提供五险一金； 欢迎符合要求的小伙伴们投递~,7月22日,天阳科技(股票代码：300872)，是全球金融创新服务的重要贡献者，持续赋能中国金融行业数字化转型，为客户提供咨询、金融科技产品、金融IT服务、云计算及运营服务。公司成立于2003年，服务超过300家金融行业客户，覆盖中央银行、政策性银行、国有银行、股份制银行、地方性商业银行、非银行金融机构等，员工人数近7000人，成为激活金融领域创新活力、推动金融科技迈入世界领先水平的重要力量。作为金融行业客户可信赖的合作伙伴，天阳科技凭借丰富的行业经验和端到端的专业服务，在信创、数字化金融、信贷、交易银行、信用卡、零售、营销、风险管理、征信监管等众多领域具备核心竞争力。据赛迪和IDC报告显示，近年来公司在中国银行业IT解决方案市场排名强势崛起，2019年收入及市场占有率综合排名分别位列第四位和第五位，并保持高速增长。同时，前瞻商业和科技趋势，入选2021年度未来银行科技服务商TOP100。天阳科技始终聚焦金融科技领域，加大自主创新力度，在超过100个城市建立本地化、专业化的研发和服务团队，拥有CMMI5级认证、软件测试成熟度模型集成（TMMi）3级认证、ISO9001质量管理体系认证、ISO20000信息技术服务管理体系认证、IS027001信息安全管理体系认证。通过部署人工智能、云计算、大数据、移动互联网、分布式计算和区块链等先进金融科技，公司致力于构建安全可控、普惠民生、开放共赢格局，在关键技术领域服务现代化金融发展大局，更好地为各利益相关方创造更大价值，为大中企业、小微企业以及每个个体提供优质金融服务。,"https://www.zhaopin.com/jobdetail/CC120408370J40824180408.htm?refcode=4019&srccode=401901&preactionid=a7c1140f-c46c-45e5-b867-ab342d8bdc77"
3389,科研人员,郑州-管城回族区,1.5-3万,河南省科学院激光制造研究所,政府/公共事业,100-299人,,CCL1479820160J40768911312,科学中心是基于国家自然科学基金委员会定位最高、资助强度最大的人才类项目而设立，是河南省科学院为打造学术高地、技术高地而筹建的“学术特区”，目标是打造“极端光场制造科学与工程”国家战略科技力量。 科学中心紧密围绕光学与光学工程、电子科技与技术、生物医学工程、材料科学与工程、物理学等一级学科的共性基础理论和前沿交叉领域开展研究，聚焦极端光场与材料相互作用机理、超快超强光场电子动态调控制造、超快光学技术、纳米限域光场制造关键器件和系统等研究内容。 一、引进博士基本要求 （一）遵守中华人民共和国宪法和法律。 （二）具有良好的品行和职业道德素养。 （三）具备岗位所需的专业知识和技能，具有较强的科研和实践能力，并取得一定的科研业绩。 （四）原则上年龄不超过35周岁。 （五）适应岗位要求的身体条件。 （六）岗位所需要的其他条件。   二、任职要求 （一）高层次人才 一事一议。 （二）优秀博士及以上；   三、岗位研究方向 等离激元光子学、分子光谱、纳米光子学、超构材料以及非线性光学等方向   四、薪酬待遇 （一）所聘人员进入省直事业编制。 （二）聘期内提供15-50万元的年薪；同时享受科研绩效奖励，上不封顶。 （三）提供20-30万元的安家费，符合条件人员可享受三年内免费人才公寓。 （四）提供20-50万元科研启动经费。 （五）三年内享受每月1500元生活补贴，首次在郑购房享受10万元购房补贴（具体以郑州市审批结果为准）。 （六）协助解决子女入园、入 学。 （七）特别优秀人才可一人一议。,6月11日,,"https://www.zhaopin.com/jobdetail/CCL1479820160J40768911312.htm?refcode=4019&srccode=401901&preactionid=a7c1140f-c46c-45e5-b867-ab342d8bdc77"
3390,测试工程师,长沙-岳麓区,1-1.8万·14薪,浙江江山变压器股份有限公司,电力/水利/热力/燃气,300-499人,未融资,CC297958680J40545053806,岗位职责：  负责新能源领域电力电子类产品测试，指导培训生产工人完成产品的调试测试。,7月2日,浙江江山变压器股份有限公司始建于1969年，原国家二级企业，现国家高新技术企业，国家变压器行业协会理事单位，国家级变压器标准化技术委员会委员单位，国家经贸委城乡电网改造首批推荐优强企业，浙江省文明单位，浙江省标准创新型企业，浙江省管理创新试点企业，省级智能工厂，衢州市绿色低碳工厂，江山市工业龙头企业，拥有国家职业技能认证资格，建有国家级技能大师工作室。公司现有员工500余人（其中35%以上员工拥有大专以上学历），年产值6.5亿元，占地面积23万平方米，配套齐全，拥有完备的管理体系，经营发展迅猛。公司以人为本，职场氛围和谐向上，重视人才培养。拥有企业大学，重视培训，鼓励自我提升，提供带薪培训，晋升渠道通畅，有充分的提升发展空间。企业福利：入职缴纳五险、转正即缴公积金、商业保险、高温津贴、节日福利、生日福利、工龄工资、员工子女助学金、年度体检、团建活动、为外地员工提供免费住宿（家电齐全、带免费无线网）、免费工作餐、拥有大专及以上学历或专业技能证书的另行发放学历和专业技能补贴。我公司员工还可享受江山市政府提供的人才奖励政策：1、住房补贴：符合条件，2022年新引进博士，从缴纳社保月份开始计算，补贴4000元/月，共5年。硕士，从缴纳社保月份开始计算，补贴3000元/月，共5年。本科生，从缴纳社保月份开始计算，补贴2000元/月，共5年。大专生，取得初级职称或高级工技能等级，从缴纳社保月份开始计算，补贴1500元/月，共5年。中专学历，取得初级职称或中级工技能等级，从缴纳社保月份开始计算，补贴1000元/月，共5年。2、就业补贴：毕业五年内，签订一年及以上劳动合同，在劳动合同期内专科本科3000元/年、硕士研究生5000元/年、博士研究生10000元/年的就业补贴，就业参保满1年，共3年。3、各类津贴：高级技师、高级工程师10000元/年；技师6000元/年。,"https://www.zhaopin.com/jobdetail/CC297958680J40545053806.htm?refcode=4019&srccode=401901&preactionid=a7c1140f-c46c-45e5-b867-ab342d8bdc77"
3391,科研人员,嘉兴-南湖区,1-1.5万,浙江清华长三角研究院,学术/科研,100-299人,,CC140828040J40673865912,岗位职责：  完成相关领域检测和研发工作，以及领导交办的其他事项   ,10月31日,浙江清华长三角研究院是由浙江省人民政府与清华大学本着优势互补、共同发展的精神联合组建的研究机构，为实行企业化管理的事业单位。办院宗旨：以清华大学科技、人才为依托，立足浙江，面向长三角地区经济社会发展需求，以国务院批准实施《长江三角洲地区区域规划》为契机，大力开展科技创新、技术服务、人才培养和高新技术产业化工作，为更好地发挥清华大学服务社会职能，推动长三角地区经济社会发展方式转变，实现科学发展、和谐发展、率先发展作出积极贡献。办院方针：坚持科技研究，坚持产业发展。发展定位：省校合作的桥梁，人才培养的摇篮，科技创新的平台，成果转化的基地。发展模式：“政、产、学、研、金、介、用”七位一体——北斗七星论。院训：创新务实厚德奉献,"https://www.zhaopin.com/jobdetail/CC140828040J40673865912.htm?refcode=4019&srccode=401901&preactionid=a7c1140f-c46c-45e5-b867-ab342d8bdc77"
3392,C/C++,南京-None,1.2-2万,株式会社トップクラウド,"计算机软件,IT服务,互联网",20-99人,未融资,CC830846060J40430608414,☆应聘资格；日语能力考试2级相当,10月19日,"株式会社トップクラウド是一家以软件开发业务为主的日本企业，总部位于日本的神奈川县横滨市（横滨市有被称为日本乃至东亚最大的中华街）。以软件开发、软件委托开发和互连网服务为主要业务的高科技企业，在金融领域保险、证券、银行、物流等领域，拥有经验丰富团队，与日本各地区的多家企业达成了友好合作关系。本公司提倡以人为本的经营理念，尊重人，培养人、努力创造相互信赖相互团结的职场氛围。现诚招有识之士加盟我们，我们愿为您提供优厚的待遇和施展才华的空间。※重要事项：本公司是日本驻地企业，直接招聘，可为您免费办理赴日签证手续。株式会社トップクラウド期待您的加盟,共同发展！人事邮箱：soumu@topcloud-japan.com公司电话：（81）045- 298-3590欢迎垂询。公司网站：http://www.topcloud-japan.com","https://www.zhaopin.com/jobdetail/CC830846060J40430608414.htm?refcode=4019&srccode=401901&preactionid=a7c1140f-c46c-45e5-b867-ab342d8bdc77"
3393,软件测试,南宁-兴宁区,1-1.2万·13薪,青岛瑞晟元人力资源有限公司,人力资源服务,20人以下,不需要融资,CCL1431271280J40777133407,,2025年07月28日,,"https://www.zhaopin.com/jobdetail/CCL1431271280J40777133407.htm?refcode=4019&srccode=401901&preactionid=a7c1140f-c46c-45e5-b867-ab342d8bdc77"
3394,Java,上海-浦东新区,1.3-2.6万,外企德科数字技术有限公司,专业技术服务,10000人以上,,CCL1480117890J40794586605,1、熟悉Java/Python/C/C++/Go等一种或多种编程语言； 2、熟悉数据结构和算法，热爱代码； 3、熟练软件开发流程，热爱编程，有良好的代码风格； 4、善于沟通，有独立解决问题的能力；  试用期全薪，入职即缴纳五险一金（全额），全国均有岗位，欢迎咨询。,2025-07-27 00:26:03,外企德科数字技术有限公司是一家2023年新成立的中外合资企业。成立于2023年11月24日，公司定位：专注于为信息技术企业提供人才及数字技术外包解决方案的中外合资企业。它是由中国人力资源服务行业的FESCO（北京国际人力资本集团）与全球人力资源服务领导者The Adecco Group（德科集团）合资成立的。公司主要提供网络技术服务、软件外包服务、计算机系统服务、技术进出口、软件开发等信息技术相关服务。专注于为信息技术企业提供信息技术类人才及数字技术外包解决方案。,"https://www.zhaopin.com/jobdetail/CCL1480117890J40794586605.htm?refcode=4019&srccode=401901&preactionid=a7c1140f-c46c-45e5-b867-ab342d8bdc77"
3395,测试工程师,东莞-None,8000-10000元·16薪,中达电子(江苏)有限公司,"电子设备制造,计算机软件,电子/半导体/集成电路",10000人以上,未融资,CC000581500J40795186505,岗位要求： 1.本科及以上学历； 2.有相关工作经验； 3.电子类相关专业，强电方向； 4.熟练使用CAD / AD等layout 软件。 工作职责： 1.产品开发、规划及导入。 2.对电路原理进行分析、产品测试。 3.产品项目时程规划、管理、沟通协调。 4.制定产品规格及目标成本，评估开发的可行性，进行导入并控管时程只有经过台达授权的人员才能处理您的个人简历，台达也将遵守相关法规与政策，保护您的个人资料。,7月19日,台达创立于1971年，总部位于台北，主要业务包括三大范畴：电子及元器件、自动化及基础设施，为全球提供电源管理及散热解决方案。营运据点及制造工厂遍布中国、、印度、墨西哥、巴西及欧洲等地。集团在台湾上市，股票代码2308。2021年集团总营收达112.75亿美元。集团在中国大陆的发展起源于珠三角地区，最早可追溯到1992年在广东省东莞市石碣镇设立电子厂，以及同一年在上海投资成立负责市场营销与服务网络建设的“中达电通股份有限公司”。三十年来，台达在国内的发展日益根深叶茂，业务运营全面涵盖研发、生产、销售与服务。截至2022年6月底，共设有广东东莞、江苏吴江、安徽芜湖、湖南郴州、重庆五个主要生产基地；30多处研发中心与实验室，2500余名研发工程师，50多个运营网点与80多个服务网点，中国区员工总数约4万人。台达的经营使命是：环保节能爱地球；企业文化是：勇于变革永续经营。台达再度蝉联“2022αi优质职场卓越典范企业奖”并获“出类拔萃奖”营造健康职场共创价值携手成长台达荣获“2022大中华区卓越雇主”深耕雇主品牌关注员工发展台达荣获“2022中国典范雇主100强”和“2022学习与发展典范”特别提醒：近期有不法分子冒充台达电子实施招聘诈骗，还请各位求职者警惕！台达电子招聘过程中绝不会有以下行为，包含但不限于：要求求职者下载境外软件，要求对方汇款等，还请通过官方网络平台或微信公众号“台达集团招聘”获取台达最新招聘信息。,"https://www.zhaopin.com/jobdetail/CC000581500J40795186505.htm?refcode=4019&srccode=401901&preactionid=a7c1140f-c46c-45e5-b867-ab342d8bdc77"
3396,前端开发,杭州-滨江区,3000-5000元,杭州海康威视数字技术股份有限公司,"人工智能,工业自动化,人工智能,物联网",10000人以上,已上市,CC120975580J40820687815,职位描述： 1、使用Swift或Objective-C，根据项目需求开发iOS应用。 2、协助团队完成代码改写和优化工作，确保代码质量和项目进度。 3、在指导下完成开发任务，并在过程中贡献自己的创意和见解。   任职资格： 1、计算机相关专业本科及以上学历在校生，对iOS开发充满兴趣。 2、熟悉Swift或Objective-C编程语言，有一定的开发经验者优先。 3、熟练使用Xcode开发环境，了解iOS基本框架及其组件。 4、具有良好的团队合作精神和沟通能力，能够在团队中发挥积极作用。,3月13日,【公司介绍】海康威视成立于2001年，是一家专注技术创新的科技公司，致力于将物联感知、人工智能、大数据技术服务于千行百业，引领智能物联新未来：以全面的感知技术，帮助人、物更好地链接，构筑智能世界的基础；以丰富的智能产品，洞察和满足多样化需求，让智能触手可及；以创新的智能物联应用，建设便捷、高效、安心的智能世界，助力人人享有美好未来。【公司实力】全球业务覆盖150+国家/地区，11大全球研发中心，7大全球制造基地；58000+全球员工，其中研发人员和技术服务人员超27951人，研发投入占全年营业收入11.80%，绝对数额占据业内前茅（2022年年报）；视频感知—国家新一代人工智能开放创新平台（中华人民共和国科学技术部颁布）；连续6年蝉联“全球安防50强”第1位（a&s《安全自动化》）；连续6年蝉联“中国最佳雇主”全国30强（智联招聘）。【薪酬福利】基础福利：五险一金、补充商业保险、年度健康体检；假期福利：带薪年假、全薪病假、婚假、产育假、母婴照顾假、育儿假等；多重补贴：餐饮补贴、交通补贴、通讯补贴、团队建设津贴；乐活配置：免息住房借款、特色员工餐厅、免费停车场、免费健身房、理疗室、定期义诊等园区服务等（园区服务部分区域可享，详请咨询当地HR）；人才激励：年终奖、核心员工跟投创新业务计划股权激励、金砖奖；*公司为常驻海内外的员工，提供健全的物质和人身保障、人性化的探亲福利。,"https://www.zhaopin.com/jobdetail/CC120975580J40820687815.htm?refcode=4019&srccode=401901&preactionid=a7c1140f-c46c-45e5-b867-ab342d8bdc77"
3397,技术支持工程师,上海-浦东新区,1.5-2.5万,北京义翘神州科技股份有限公司,"学术/科研,学术/科研,医药制造",500-999人,已上市,CC488659230J40788611003,岗位职责:,7月8日,北京义翘神州科技股份有限公司（股票代码：301047）作为国家高新技术企业，主要从事生物试剂研发、生产、销售并提供技术服务的生物科技公司，主要业务包括重组蛋白、抗体、基因和培养基等产品，以及重组蛋白、抗体的开发和生物分析检测等服务，同时也为制药公司或者生物技术公司提供单克隆抗体候选药物的临床前规模生产服务。义翘神州拥有多项先进的核心技术以及从研发生产到放大生产的技术平台，为重组蛋白或者抗体试剂的高通量、高效率研发生产提供保障，旨在为全球制药企业和生命科学研究机构提供高质量的生物试剂产品和高水平的技术服务。北京义翘神州是入选科技部“现代服务创新发展示范企业”的唯一的一家生物技术企业，是北京市民营企业科技创新百强，获批北京市单克隆抗体技术重点实验室，多次承担国家科技部重大新药创制专项、863科技攻关项目和北京市科委项目。,"https://www.zhaopin.com/jobdetail/CC488659230J40788611003.htm?refcode=4019&srccode=401901&preactionid=a7c1140f-c46c-45e5-b867-ab342d8bdc77"
3398,硬件测试,苏州-吴江区,7000-10000元·13薪,中达电子(江苏)有限公司,"电子设备制造,计算机软件,电子/半导体/集成电路",10000人以上,未融资,CC000581500J40690158605,岗位职责：,3月28日,台达创立于1971年，总部位于台北，主要业务包括三大范畴：电子及元器件、自动化及基础设施，为全球提供电源管理及散热解决方案。营运据点及制造工厂遍布中国、、印度、墨西哥、巴西及欧洲等地。集团在台湾上市，股票代码2308。2021年集团总营收达112.75亿美元。集团在中国大陆的发展起源于珠三角地区，最早可追溯到1992年在广东省东莞市石碣镇设立电子厂，以及同一年在上海投资成立负责市场营销与服务网络建设的“中达电通股份有限公司”。三十年来，台达在国内的发展日益根深叶茂，业务运营全面涵盖研发、生产、销售与服务。截至2022年6月底，共设有广东东莞、江苏吴江、安徽芜湖、湖南郴州、重庆五个主要生产基地；30多处研发中心与实验室，2500余名研发工程师，50多个运营网点与80多个服务网点，中国区员工总数约4万人。台达的经营使命是：环保节能爱地球；企业文化是：勇于变革永续经营。台达再度蝉联“2022αi优质职场卓越典范企业奖”并获“出类拔萃奖”营造健康职场共创价值携手成长台达荣获“2022大中华区卓越雇主”深耕雇主品牌关注员工发展台达荣获“2022中国典范雇主100强”和“2022学习与发展典范”特别提醒：近期有不法分子冒充台达电子实施招聘诈骗，还请各位求职者警惕！台达电子招聘过程中绝不会有以下行为，包含但不限于：要求求职者下载境外软件，要求对方汇款等，还请通过官方网络平台或微信公众号“台达集团招聘”获取台达最新招聘信息。,"https://www.zhaopin.com/jobdetail/CC000581500J40690158605.htm?refcode=4019&srccode=401901&preactionid=a7c1140f-c46c-45e5-b867-ab342d8bdc77"
3399,实施工程师,苏州-吴中区,4000-8000元,苏州市艾杰威智能科技有限公司,"人工智能,互联网",20-99人,不需要融资,CCL1500546020J40720833702,AGV实施工程师 岗位职责： 1、根据项目实施方案和计划，配合项目经理完成公司产品的实施工作，如划线贴贴码，系统调试； 2、能够进行项目的实施、维护、应急响应、故障排除工作； 3、配合项目经理撰写相关操作手册、维护技术文档、运维手册等； 4、收集用户意见和反馈，协助公司完成项目实施和运维工作，提高用户满意度； 5、按照要求对相关交付文档进行整理和提交； 任职要求 1、计算机、网络工程或相关专业毕业，中专及以上学历（优秀者可不限专业）； 2、有较好的沟通能力和表达能力，较强的敬业精神与工作责任心，良好的心理素质和学习能力，对智能化技术有浓厚的兴趣； 3、具有较强的服务意识，要求能吃苦耐劳，具备良好的团队合作精神，能适应较强的工作压力，能适应出差工作。 4、有海康机器人项目经验及海康HCA，HCT证书的优先考虑  薪资待遇：底薪+绩效   岗位福利：五险+节日福利+带薪年假+弹性工作+技能培训   工作地点：江苏,3月28日,,"https://www.zhaopin.com/jobdetail/CCL1500546020J40720833702.htm?refcode=4019&srccode=401901&preactionid=a7c1140f-c46c-45e5-b867-ab342d8bdc77"
3400,测试工程师,深圳-龙华区,6000-10000元,深圳市崛起科技有限公司,互联网,100-299人,未融资,CC649006620J40767795114,"整机/硬件/电子产品测试员/测试工程师 一、工作职责 1.负责硬件调试，测试(功能测试)和试产跟进等工作 2.负责BOM整理，测试文档和生产文档编辑等工作 3.样品测试，制作SOP/规格书/老化测试标准等 4.领导安排的其他工作事项。 二、招聘要求 1.大专及以上学历，电气、电力电子、计算机、自动化、自动控制等相关专业； 2.经验不限，会使用烙铁，能够独立完成样品制作； 3.熟悉常用测试手法，熟悉万用表，示波器等常用测试仪器，会设计测试用例； 4.有较强的逻辑分析能力，工作认真严谨，责任心强，抗压能力强。 岗位福利： 1、每年2次职级调薪机会； 2、符合公司股权激励制度条件者，每年享受公司分红； 3、股权激励、项目奖、带薪假、绩效奖金、节日福利、下午茶，旅游，团建、五险、优秀员工奖，年终奖等。 上班时间：8.45-12:10,13:40-18:15",6月18日,深圳市崛起科技有限公司成立于2014年，总部坐落于深圳大浪商业中心，720平写字楼办公。工厂位于东莞塘厦，是一家集产品设计、研发、生产、销售于一体的现代化高新技术企业。公司经多年的技术创新和市场沉淀，已拓展出国内和国际、线上和线下、零售和代理相结合的全方位市场渠道。类目top。中标过政府部门、事业单位招标的多个项目。公司品牌已服务过知名上市公司和世界500强企业，为其指定采购品牌。目前全球品牌化。已有多个自主品牌和产品在业界享有较高的市场声望和社会影响。公司自主专业研发销售新能源储能产品和创新新型产品。拥有自己的工厂、设计研发团队和销售队伍。公司拥有多项发明专利和实用新型专利。公司始终严格恪守品质，坚持发挥创新精神，坚持“品质第一，用户至上，优质服务，信守合同”的宗旨，凭借着高质量的产品，良好的信誉，优质的服务，产品畅销中国、欧美、东南亚等世界各国。我们的使命:为客户解决痛点和提供最大价值。我们的愿景:为世界创造与众不同的产品和价值。,"https://www.zhaopin.com/jobdetail/CC649006620J40767795114.htm?refcode=4019&srccode=401901&preactionid=a7c1140f-c46c-45e5-b867-ab342d8bdc77"
3401,技术支持工程师,杭州-滨江区,8000-10000元,杭州海康威视数字技术股份有限公司,"人工智能,工业自动化,人工智能,物联网",10000人以上,已上市,CC120975580J40861260115,职位描述： 岗位职责： 1、主导项目现场技术交付，为客户提供AGV现场技术支持服务，促进项目验收； 2、跟踪、反馈和协调处理产品技术问题，快速解决客户使用AGV产品时的问题，提高客户满意度； 3、根据区域客户的特性，定期开展技术方面赋能培训及复盘总结工作； 4、配合区域销售，负责区域产品售前的功能演示、技术沟通以及与竞争对手的PK，产品售中/售后的安装、测试及异常问题处理； 5、负责客户现场的业务操作和售后培训； 6、做好项目过程文档管理，收集、编译和输出相关文档，定期进行项目总结和经验分享；   任职资格： 职位要求 1、本科及以上学历，计算机、电子信息工程、自动化、通信等相关专业； 2、有较强的分析和解决问题的能力、动手能力和应变能力； 3、热爱交付工作，具备服务意识，有较强抗压能力，组织协调能力和沟通能力； 4、一年以上自动化或AGV相关行业的项目交付工作经验优先； 5、base杭州，适应出差，能承受较大的压力； 6、拥有海康机器人认证的HCA、HCP证书优先；,7月8日,【公司介绍】海康威视成立于2001年，是一家专注技术创新的科技公司，致力于将物联感知、人工智能、大数据技术服务于千行百业，引领智能物联新未来：以全面的感知技术，帮助人、物更好地链接，构筑智能世界的基础；以丰富的智能产品，洞察和满足多样化需求，让智能触手可及；以创新的智能物联应用，建设便捷、高效、安心的智能世界，助力人人享有美好未来。【公司实力】全球业务覆盖150+国家/地区，11大全球研发中心，7大全球制造基地；58000+全球员工，其中研发人员和技术服务人员超27951人，研发投入占全年营业收入11.80%，绝对数额占据业内前茅（2022年年报）；视频感知—国家新一代人工智能开放创新平台（中华人民共和国科学技术部颁布）；连续6年蝉联“全球安防50强”第1位（a&s《安全自动化》）；连续6年蝉联“中国最佳雇主”全国30强（智联招聘）。【薪酬福利】基础福利：五险一金、补充商业保险、年度健康体检；假期福利：带薪年假、全薪病假、婚假、产育假、母婴照顾假、育儿假等；多重补贴：餐饮补贴、交通补贴、通讯补贴、团队建设津贴；乐活配置：免息住房借款、特色员工餐厅、免费停车场、免费健身房、理疗室、定期义诊等园区服务等（园区服务部分区域可享，详请咨询当地HR）；人才激励：年终奖、核心员工跟投创新业务计划股权激励、金砖奖；*公司为常驻海内外的员工，提供健全的物质和人身保障、人性化的探亲福利。,"https://www.zhaopin.com/jobdetail/CC120975580J40861260115.htm?refcode=4019&srccode=401901&preactionid=a7c1140f-c46c-45e5-b867-ab342d8bdc77"
3402,测试工程师,武汉-洪山区,面议,TCL华星光电技术有限公司,电子/半导体/集成电路,1000-9999人,D轮及以上,CC305638710J40681953906,岗位职责: 1.新产品测试点灯驱动方案对接检讨； 2.点灯、烧录OTP程序管理；3 治具设计维护管理； 4.LMK等光学设备管理；   任职要求: 具备测试程序编写能力特别是TP程序；车载产品测试经验，包括治具管理,6月9日,TCL华星光电技术有限公司（简称“TCL华星”）成立于2009年11月16日，是一家专注于半导体显示领域的创新型科技企业。目前，TCL华星已建和在建的生产线共有6条，合计投资金额近2000亿元，形成了在国内液晶面板领域的竞争优势。深圳、惠州为大尺寸TV面板、模组生产基地，武汉为中小尺寸面板、模组生产基地，印度为模组生产基地。TCL华星积极布局Mini-LED、Micro-LED、OLED、印刷显示等先进显示技术，产品覆盖大中小尺寸面板及触控模组、电子白板、拼接墙、车载、电竞等高端显示应用领域，构建了在全球面板行业的核心竞争力。TCL华星依托技术升级和产能规模增加，持续扩大在半导体显示领域的产品市场占有率。目前，TCL华星TV出货量已位居全球前二，对国内六大电视整机厂的液晶面板出货量自2014年起稳居第一。其中，TCL华星55吋UD产品出货量位居全球第一，32吋UD产品出货量保持全球第二；在中小尺寸领域，6代LTPS-LCD产线（t3项目）出货量位居全球第二，增长速度全球第一。TCL华星始终坚持走自主创新驱动发展道路，截至2019年底，TCL华星累计专利申请数41040件，累计专利授权数12185件。专利/PCT申请量连续多年位居国内前十，国际PCT申请量连续多年位居国内前五；美国专利授权榜连续多年位居中国企业前三。展望未来，TCL华星将持续迎接挑战，保持效率领先；加快产品和技术开发，进一步提升产品竞争力；调整产品结构，加强与客户的协同，共创双赢；实现从“效率领先——产品领先——技术领先——生态领先”的跨越。,"https://www.zhaopin.com/jobdetail/CC305638710J40681953906.htm?refcode=4019&srccode=401901&preactionid=a7c1140f-c46c-45e5-b867-ab342d8bdc77"
3403,科研人员,济南-历城区,6000-12000元·13薪,山东氢探新能源科技有限公司,"新能源,电子设备制造,汽车研发/制造,新能源",20-99人,A轮,CC816400120J40721741416,岗位内容：  独立科研能力：承担科研项目的研究任务，按时保质完成各项科研任务和项目目标。  学术成果输出：编制科研项目相关的研究报告、专利、论文等，参与学术交流和内部研讨会议。  技术研发转化：定期分析竞争对手技术、政策导向、行业动态。  项目管理协作：配合团队其他成员完成项目申报、审核、验收及汇报等相关工作。  任职要求：  1. 具有工科硕士以上学历，学习了解行业发展趋势和研究方向。  2. 具备较强的逻辑思维和科学素养，熟练使用科研工具和技能，包括文献检索、数据分析等。  3. 具有良好的英语听说读写能力。  4.具备较高的学习能力和创新能力，善于发现问题和解决问题，具有团队协作精神。  我们提供：周末双休、法定节假日、带薪年假、年终奖金、餐补、通讯补贴、不定期团建、节日福利  欢迎加入！  ,7月28日,山东氢探新能源科技有限公司响应国家对新能源汽车尤其是燃料电池产业的发展的号召，以山东省新旧动能转换重大工程规划为导向，积极发展以新能源汽车及燃料电池系统研发、设计、生产为核心的主体业务，持续快速发展的高新技术企业。近年来山东氢探新能源快速发展转型，公司在行业知名度及技术能力发展突飞猛进。专注于燃料电池系统研发(PEMFC和SOFC)及燃料电池在新能源乘用车辆、商用车辆、固定式发电站、无人机、备用电源等应用方向。主要产品包括：PowerECU系列燃料电池控制系统、车用大功率燃料电池系统、5KW水冷燃料电池系统、基于Matlab/Simulink的燃料电池系统级仿真模型、燃料电池控制策略咨询等业务,"https://www.zhaopin.com/jobdetail/CC816400120J40721741416.htm?refcode=4019&srccode=401901&preactionid=a7c1140f-c46c-45e5-b867-ab342d8bdc77"
3404,Java,烟台-福山区,6000-10000元,山东华鹏精机股份有限公司,"专用设备制造,人工智能,专用设备制造,工业自动化",100-299人,未融资,CC379831880J40757113607,软件开发工程师(java开发) [应届生] 招聘人数：1 人 岗位职责： 1. 配合项目经理完成业务调研、充分理解业务。 2. 负责软件系统后端开发、测试及相关部署。 3. 系统部分需求整理、详细设计及使用等相关文档的编写。 4. 负责技术预研和攻关，突破系统和项目中的技术难点 任职资格： 1. 计算机、信息工程、数学等相关专业本科及以上学历。 2. 英语CET4级以上。 任职要求： 1. 精通java开发，熟悉python，良好的编程习惯，熟悉springboot、mybatis等框架的使用。 2. 熟悉主流数据库mysql，熟悉数据库库表设计、服务配置和管理，熟悉SQL优化。 3. 熟练使用IDEA、GIT等开发工具，熟悉linux环境，可以进行基础运维相关工作。 4. 富有团队精神，有较强的沟通和协调能力，适应国内短期出差。 5. 有物联网、大数据、数据分析等相关实习和工作经验更好。,7月16日,山东华鹏精机股份有限公司设子公司华鹏重工、嘉视软件和云想技术。专注新能源材料核心装备细分市场19年，主持制定行业标准2项。用户包括：世界500强中国宝武(BAOWU)、中国铝业(CHALCO)、国家电投(SPIC)、韩国浦项(POSCO)，为国内外行业知名企业核心供应商。所属产业链领域为：高端新材料、人工智能、高端机床和机器人及新能源及智联网汽车。坚持创新发展，制定实施高效预热混捏冷却产品线战略、新能源材料成套关键装备战略、数字化发展战略等。主导产品为新能源材料高效预热混捏冷却成型系统、新能源汽车动力电池混捏成型系统及新能源材料人工智能工业机器人等。核心技术取得含Ⅰ类7项的共46项知识产权，均产业化应用。预热混捏冷却技术完全替代德国隐形冠军EIRICH爱立许产品；新能源汽车动力电池负极石墨材料制造环节，填补真空成型关键装备技术国内空白；人工智能机器人技术成功开发、国际领先，获国家电投(SPIC)订单。2022年获评山东省“专精特新”中小企业、山东省“瞪羚”企业、国家级专精特新“小巨人”企业。2022年1、2季度新增订单同比增长329.58%，预计全年实现营业收入及利润100%增长。,"https://www.zhaopin.com/jobdetail/CC379831880J40757113607.htm?refcode=4019&srccode=401901&preactionid=a7c1140f-c46c-45e5-b867-ab342d8bdc77"
3405,Java,深圳-龙岗区,1.4-2.8万·14薪,外企德科数字技术有限公司,专业技术服务,10000人以上,,CCL1480117890J40788010105,岗位要求： 1、扎实的编程能力，熟悉算法和数据结构；熟悉计算机的基础理论； 2、熟练使用java/c/c++/python/js其中一种语言，掌握Spring相关生态开源框架，熟悉MySql、MQ、Redis、SpringCloud等，熟悉事务、缓存、消息、负载均衡等；  3、熟悉Linux开发环境；  4、具有大规模高并发云服务设计和开发经验优先；  5、有微服务、容器相关开发经验优先。  任职要求：  1、扎实的编程能力，熟悉算法和数据结构；熟悉计算机的基础理论；  2. 软件基础扎实，熟悉掌握但是不限于Java/Js/C/C++/Python/Go/JS等编程语言，有良好的编程习惯。  3. 具备独立工作能力和独立解决问题的能力，善于沟通，乐于协作，热衷于新技术，善于总结分享，喜欢动手实践。,2025-07-27 00:25:37,外企德科数字技术有限公司是一家2023年新成立的中外合资企业。成立于2023年11月24日，公司定位：专注于为信息技术企业提供人才及数字技术外包解决方案的中外合资企业。它是由中国人力资源服务行业的FESCO（北京国际人力资本集团）与全球人力资源服务领导者The Adecco Group（德科集团）合资成立的。公司主要提供网络技术服务、软件外包服务、计算机系统服务、技术进出口、软件开发等信息技术相关服务。专注于为信息技术企业提供信息技术类人才及数字技术外包解决方案。,"https://www.zhaopin.com/jobdetail/CCL1480117890J40788010105.htm?refcode=4019&srccode=401901&preactionid=a7c1140f-c46c-45e5-b867-ab342d8bdc77"
3406,测试工程师,杭州-None,5000-7000元,字节跳动,互联网,10000人以上,,CC469217510J40701905301,岗位职责： ByteIntern：面向2026届毕业生（2025年9月-2026年8月期间毕业），为符合岗位要求的同学提供转正机会。 团队介绍：生活服务业务依托于抖音、抖音极速版等平台，致力于促进用户与本地服务的连接。过去一年，生活服务业务开创了全新的视频种草和交易体验，让更多用户通过抖音发现线下好去处，也帮助众多本地商家拓展了新的经营阵地。我们期待你的加入，一同为亿万用户创造更美好的生活。 1、参与产品测试的全流程，包括需求评审、设计评审、制定测试计划、测试用例设计及执行、缺陷跟踪、测试报告等； 2、开发测试工具和自动测试框架、自动测试脚本，进行自动化测试，提升测试效率； 3、对产品、流程提出持续性改进意见，提升产品质量和研发效率。 任职要求： 1、2026届本科及以上学历在读，计算机、通讯等相关专业优先； 2、熟练掌握至少一门编程语言，包括但不仅限于：Java、C、C++、PHP、 Python、Go； 3、掌握扎实的计算机基础知识，深入理解数据结构、算法和操作系统知识； 4、学习能力强，有较强分析、定位和解决问题的能力，较强逻辑思维能力和表达能力； 5、每周可以实习4天及以上，连续实习4个月以上。,7月15日,"字节跳动成立于2012年3月，公司使命为“Inspire Creativity, Enrich Life（激发创造，丰富生活）”。公司业务覆盖150个国家和地区，拥有15万名员工。字节跳动在全球推出了多款有影响力的产品，包括今日头条、抖音、西瓜视频、飞书、Lark、PICO、剪映、TikTok等。截至2021年6月，字节跳动旗下产品全球月活跃用户数超过19亿。","https://www.zhaopin.com/jobdetail/CC469217510J40701905301.htm?refcode=4019&srccode=401901&preactionid=a7c1140f-c46c-45e5-b867-ab342d8bdc77"
3407,测试工程师,沈阳-浑南区,1-2万,东软集团,"计算机软件,互联网",500-999人,已上市,CC120399300J40854633415,职责描述：  1、对日软件项目的设计、测试等工作； 职位要求：  1、未来可以接受对日项目测试或开发； 2、能接受出差日本 3、日语N2级以上 4、自动化测试经验较佳 5、23、24、25届统考本科及以上学历，专业不限 工作地：日本 东京 入职后需要回国内培训2~3个月,6月16日,东软创立于1991年，是中国第一家上市的软件公司，一直以来致力于以信息技术的创新，推动社会发展，创造美好生活。东软集团以软件技术为核心，业务领域覆盖智慧城市、医疗健康、智能汽车互联及软件产品与服务。目前，东软在全球拥有近20000名员工，在中国建立了覆盖60多个城市的研发、销售及服务网络，在美国、日本、欧洲等地设有子公司。此外，东软连续四次入选普华永道“全球软件百强企业”，还曾荣获最具全球竞争力中国公司20强、中国50强全球挑战者、亚洲最受赏识的知识型企业、亚太地区最佳雇主等奖项。,"https://www.zhaopin.com/jobdetail/CC120399300J40854633415.htm?refcode=4019&srccode=401901&preactionid=a7c1140f-c46c-45e5-b867-ab342d8bdc77"
3408,科研人员,郑州-管城回族区,8000-13000元·13薪,牧原实验室,学术/科研,100-299人,,CCL1241575100J40685651307,职位描述： 1、设计并开展全国黑水虻肠道微生物组方案，处理大样本肠道微生物扩增子、宏基因组、转录组、代谢组测序数据，以及宿主宏基因组数据，分析与昆虫营养代谢相关基因、代谢通路； 2、撰写相关论文与专利。 职位要求： 1、具有生物学、生物信息等相关专业硕士学位； 2、熟悉Linux系统，擅长扩增子、宏基因组、转录组、代谢组数据处理； 3、具有肠道微生物营养代谢相关生信分析经验者优先。,7月25日,,"https://www.zhaopin.com/jobdetail/CCL1241575100J40685651307.htm?refcode=4019&srccode=401901&preactionid=a7c1140f-c46c-45e5-b867-ab342d8bdc77"
3409,技术支持工程师,包头-九原区,5000-7000元,北京清网华科技股份有限公司包头分公司,专业技术服务,20-99人,,CCL1365122580J40654562802,岗位职责  1.负责区域安装、调试工作 2.负责故障处理现场信息采集工作 3.负责本区域内作业盯控、作业质量与业务闭环管理与评价工作   ,4月30日,,"https://www.zhaopin.com/jobdetail/CCL1365122580J40654562802.htm?refcode=4019&srccode=401901&preactionid=a7c1140f-c46c-45e5-b867-ab342d8bdc77"
3410,技术支持工程师,广州-南沙区,5000-8000元,广东化一环境科技有限公司,"环保,物联网",300-499人,未融资,CC824767410J40844676315,1.负责产品售后出现的软硬件问题排查与解决 2.负责面向客户的产品与业务的技术培训 3.负责客户需求对接，交付跟进，做好客户维系工作 专业：计算机、电子信息、自动化、物联网、环保类等 地点：广州总部及地区办事处（前期在广州总部集训） 薪资：转正后底薪5000-8000元，服务奖励。,5月16日,广东化一环境科技有限公司坐落于美丽的花城广州南沙，是中国领先的生态环境物联网系统专业供应商，注册资金1110万元，现有员工近300人，研发人员占比超过50%。公司是国家级高新技术企业，与华为、中兴等科技巨头战略合作，致力于通过人工智能、大数据、云计算等先进技术推动中国智慧环保和智慧水务事业的发展。已经成为中国环保在线监测数据采集与传输领域的重要品牌,"https://www.zhaopin.com/jobdetail/CC824767410J40844676315.htm?refcode=4019&srccode=401901&preactionid=a7c1140f-c46c-45e5-b867-ab342d8bdc77"
3411,科研人员,北京-石景山区,1.6-3万,智联猎头,"互联网,人力资源服务",1000-9999人,不需要融资,CCL1318355140J40760664803,2025届热招专业 数学、物理学、系统科学、统计学、机械工程、光学工程、仪器科学与技术、电子科学与技术、信息与通信工程、控制科学与工程、计算机科学与技术、测绘科学与技术、航空宇航科学与技术、兵器科学与技术、软件工程、安全科学与工程、电子信息、机械、军队指挥学等相关专业,7月24日,智联猎头作为智联招聘旗下品牌，以满足企业中高端岗位的人才招聘需求为出发点，整合全球优质资源，覆盖数字经济、新一代信息技术、人工智能、金融、电子信息、装备制造、生物医药与健康、房地产/建筑等数十个行业，拥有规模庞大、覆盖面广的交付团队，致力于向企业输出专业化的招聘解决方案。智联猎头目前拥有卓聘平台服务、招聘流程外包服务、高端人才猎寻服务三大类核心服务，具备高度定制化能力，能够为不同发展阶段的企业提供一站式招聘解决方案，同时为企业转型升级提供保障，全面增强企业核心竞争力！智联猎头利用自身独特的资源优势、成熟的服务模式，以及多层次的产品，致力于打造高效、专业的一站式人才服务模式，让招聘更加美好！,"https://www.zhaopin.com/jobdetail/CCL1318355140J40760664803.htm?refcode=4019&srccode=401901&preactionid=a7c1140f-c46c-45e5-b867-ab342d8bdc77"
3412,C/C++,上海-青浦区,1.5-3万·14薪,外企德科数字技术有限公司,专业技术服务,10000人以上,,CCL1480117890J40699903005,1、完成从客户需求到软件产品定义、架构设计、开发实现、再到上线运营维护等产品生命周期中的各个环节； 2、创造性解决产品在实现过程中的技术难题，应用前沿技术提升产品的核心竞争力，如分布式系统、性能调优、可靠性、数据库等； 3、参与业界前沿技术研究和规划，与全球专家一起工作、交流，构建华为在业界影响力。 业务技能要求： 1、熟悉C/C++其中一种或多种编程语言，掌握常用的数据结构和算法基础； 2、熟悉linux内核，熟练掌握常用的软件架构模式，并能熟练使用基本的编程编译工具，有操作系统内核驱动开发经验者优先； 3、熟悉二、三层网络协议，具备路由器、容器、交换机网络设备配置与维护经验者优先； 4、具备协议相关开发经验者优先，具备操作系统block、scsi、nvme等层次相关经验者优先，熟悉主机虚拟化、集群、数据库等客户应用场景者优先； 5、有IO流控，缓存算法及平台性能优化相关开发经验者优先； 6、具有良好的沟通能力，对技术有激情，能快速接受和掌,2025-07-27 00:23:26,外企德科数字技术有限公司是一家2023年新成立的中外合资企业。成立于2023年11月24日，公司定位：专注于为信息技术企业提供人才及数字技术外包解决方案的中外合资企业。它是由中国人力资源服务行业的FESCO（北京国际人力资本集团）与全球人力资源服务领导者The Adecco Group（德科集团）合资成立的。公司主要提供网络技术服务、软件外包服务、计算机系统服务、技术进出口、软件开发等信息技术相关服务。专注于为信息技术企业提供信息技术类人才及数字技术外包解决方案。,"https://www.zhaopin.com/jobdetail/CCL1480117890J40699903005.htm?refcode=4019&srccode=401901&preactionid=a7c1140f-c46c-45e5-b867-ab342d8bdc77"
3413,实施工程师,青岛-黄岛区,110-130元/天,青岛思锐卓远信息技术有限公司,"互联网,IT服务,计算机软件",100-299人,A轮,CCL1242873720J40761008509,岗位职责： 参与MES项目需求分析，制定测试计划和测试方案，明确测试范围、目标及策略。 根据MES系统功能设计详细的测试用例，覆盖业务流程、功能点及边界场景。 执行功能测试、集成测试、系统测试及非功能测试（如性能、兼容性），验证MES系统在生产环境中的稳定性。 记录测试过程，跟踪缺陷状态，与开发团队协作定位问题，推动缺陷修复并验证闭环。 优化测试流程，编写测试报告，总结测试结果，为MES系统迭代提供数据支持。 跟踪生产环境中的问题反馈，配合开发团队进行故障排查与版本更新。 任职要求： 有1-3年制造业MES系统测试经验，熟悉MES系统的核心功能及制造业生产流程。 了解MES与ERP、PLC等系统的集成逻辑，能识别跨系统交互的测试要点。 掌握软件测试方法论（黑盒/白盒测试、边界值分析等），能独立设计测试用例。 具备MES系统性能测试经验，能使用LoadRunner等工具测试系统在高并发下的稳定性。 熟悉SQL数据库查询，能通过数据比对验证 MES 系统的数据准确性。 了解编程语言（如 Java、Python），能编写简单的自动化脚本优先考虑。 适应制造业项目的周期压力，主动学习新技术。,7月28日,青岛思锐卓远信息技术有限公司是国家橡胶与轮胎工程技术研究中心（国橡中心）战略孵化的“AI+工业软件”领军企业，以国产化自主可控为根基，将大语言模型与物理机理模型深度融合，构建了覆盖设备、产线、工厂到产业链的四维智能体架构，打造全链条的智能闭环，推动制造业实现从流程数字化向认知自主化的革命性跨越。基于开源技术赋能，具备跨领域适配能力的工业大模型底座，思锐卓远创新研发AI原生工业软件矩阵，已构建起橡胶制品、装备制造、化工新材料等行业，覆盖制造执行（MES），排产（APS），仓储（WMS），物流（TMS），能源（EMS），实验（LIMS），采购（SRM），销售（DMS）八大核心场景的智能体应用体系，打造了“工业大模型底座+工业软件产品矩阵+软硬一体的AI智能体行业解决方案”一站式应用新模式，致力于推动形成数据驱动、软件定义、平台支撑、服务增值、智能主导的新型制造体系，助力制造企业重塑智能时代核心竞争力，支撑企业全球化拓展，思锐卓远已成功服务100余家中国和世界500强企业。公司现有员工300余人，本科及以上学历占95%，拥有技术专利12项，软著89项。公司先后通过ISO20000、ISO27001等体系认证，获得高新技术企业、专精特新中小企业、双软企业、青岛市新经济潜力企业等荣誉资质。,"https://www.zhaopin.com/jobdetail/CCL1242873720J40761008509.htm?refcode=4019&srccode=401901&preactionid=a7c1140f-c46c-45e5-b867-ab342d8bdc77"
3414,技术支持工程师,杭州-拱墅区,4000-8000元,安图生物,"医药制造,医疗设备/器械",1000-9999人,已上市,CC224773320J40304714405,岗位职责: 1、负责公司试剂&仪器产品的技术支持服务工作； 2、负责相关产品设备（如：免疫、微生物、生化、分子、流水线）的安装、调试、培训等服务工作； 3、进行检验科室实验操作及产品推广工作； 4、上级交办的其他工作。   任职要求: 1、本科及以上学历； 2、医学检验、生物医学工程、医疗器械工程、生物技术等相关专业； 3、普通话标准，沟通能力强，适应常驻浙江区域及出差工作； 4、有相关工作或实习经验者优先考虑。 职位福利：周末双休、五险一金、带薪年假、定期体检、节日福利、绩效奖金、免费班车、加班补助  ,7月11日,安图生物初创于1998年，专注于体外诊断试剂和仪器的研发、制造、整合及服务，产品涵盖免疫诊断、微生物检测、生化诊断等检测领域，能够为医学实验室提供全面的产品解决方案和整体服务。安图生物建有国家认定企业技术中心、免疫检测自动化国家地方联合工程实验室、河南省免疫诊断试剂工程技术研究中心等，承担了多项国家省市重大科技项目，其中包括“863计划”两个项目。安图生物秉持“致力于医学实验室技术的普及和提高，为人类健康服务”的企业宗旨，努力为医学实验室提供性能价格比、品质价格比更优的产品与服务。安图生物高度重视产品研发及技术创新，是业内注册文号最多、产品线最全面的企业之一。安图生物以“用户至上，创造价值”为服务理念，超过600名客服工程师队伍为全国各地用户提供专业、及时、周到的技术服务。在为用户提供产品技术服务的同时，为医学实验室提供室内质量控制服务及合作共建和集采服务。安图生物共有千余家经销商，基本形成了覆盖全国的营销网络。在国际营销方面，公司产品已销售至欧洲、亚洲、中东、南美、非洲等多个国家和地区。2016年9月1日，郑州安图生物工程股份有限公司在上海证券交易所挂牌上市（股票简称：安图生物，股票代码：603658）。,"https://www.zhaopin.com/jobdetail/CC224773320J40304714405.htm?refcode=4019&srccode=401901&preactionid=a7c1140f-c46c-45e5-b867-ab342d8bdc77"
3415,硬件测试,成都-郫都区,2000-3000元,成都兴仁科技有限公司,"电子/半导体/集成电路,电子/半导体/集成电路",20-99人,未融资,CC389856410J40641776816,岗位职责： 负责射频产品测试，并进行测试数据记录； 任职要求： 1.电子类相关专业； 2.动手能力强，具有良好的团队精神；,3月13日,成都兴仁科技有限公司成立于2006年，专业从事宽带接收机及设备的研发、生产及销售，公司坚持“专注、专业、创新、领先”的发展方向，秉承“技术支撑，客户牵引”的经营理念，追求“高可靠、高品质”的产品观及“想用户所想、急用户所急、达用户所需”的服务观，“产、学、研”无缝链接，紧密跟踪国际先进技术，以创一流品牌作为公司奋斗目标。,"https://www.zhaopin.com/jobdetail/CC389856410J40641776816.htm?refcode=4019&srccode=401901&preactionid=a7c1140f-c46c-45e5-b867-ab342d8bdc77"
3416,软件测试,漯河-源汇区,5000-9000元·13薪,河南端琪实业发展有限公司,"电子设备制造,人工智能,新媒体,互联网",100-299人,未融资,CCL1478071580J40700347407,职位描述 功能测试 系统测试 性能测试 岗位内容： 1. 协助工程师完成测试，并记录测试结果。 2. 协助工程师分析并报告软件缺陷，包括重现步骤、缺陷严重程度和影响范围。 3. 参与产品设计过程，结合实际用户使用体验及时记录反馈。 4. 协助工程师执行性能和负载测试的任务。 任职要求： 1、中专以上学历，计算机、自动化等相关专业优先，接受应届实习生； 2、对测试软件比较感兴趣； 3、踏实稳定，入职有老员工带，有完善的晋升体系； 4、拥有较好的沟通技巧及团队合作精神，较强的责任感及进取精神。 5. 优秀的沟通和协作能力，能够与跨部门的团队成员合作。 薪资福利： 1.综合薪资5500-7000元/月。 2.缴纳社保、免费住宿、节日福利、餐补。 项目地址：河南省内服从公司统一分配 职位福利：包住、餐补、加班补助、全勤奖、带薪年假、节日福利,7月26日,公司项目：电气设备销售；照明器具销售；信息咨询服务（不含许可类信息咨询服务）；组织文化艺术交流活动；工程管理服务；广告设计、代理；广告发布；广告制作；会议及展览服务；耐火材料销售；纸制品销售；专用化学产品销售（不含危险化学品）；高性能纤维及复合材料销售；新型有机活性材料销售；电子专用设备销售；消防器材销售；日用家电零售；智能仪器仪表销售；技术服务、技术开发、技术咨询、技术交流、技术转让、技术推广；软件开发；电子产品销售；市场营销策划；企业形象策划；市场调查（不含涉外调查）；仪器仪表销售；金属制品销售；日用陶瓷制品销售；文化用品设备出租；办公设备耗材销售；橡胶制品销售；塑料制品销售；生态环境材料销售；生物基材料销售；许可项目：建筑智能化系统设计,"https://www.zhaopin.com/jobdetail/CCL1478071580J40700347407.htm?refcode=4019&srccode=401901&preactionid=a7c1140f-c46c-45e5-b867-ab342d8bdc77"
3417,实施工程师,唐山-路北区,6000-8000元·14薪,唐山松下产业机器有限公司,电气机械/电力设备,500-999人,,CC120963930J40809676303,岗位职责:,7月16日,"唐山松下产业机器有限公司（简称PWST）成立于1994年8月，是由日本松下集团和唐山开元电器有限公司共同投资兴建的中日合资企业。日本松下的投资比例为60%，唐山开元电器有限公司的投资比例为40%。公司采用日本松下先进的管理和技术，使用世界一流的制造、调试及检测设备，生产商标为""Panasonic""的各种CO2/MAG/MIG气体保护焊机、交／直流氩弧焊机、交直流弧焊机、等离子切割机、电阻焊机、焊接机器人及相关产品，其中产品的10%出口。唐山松下在全国各主要大中城市都设有代理店和销售店，拥有完善的产品销售、部品供应和售后服务网络。1996年以来，唐山松下的销售额一直位居中国电焊机行业首位，并被日本松下公司评价为“松下在华的最佳合资企业”。唐山松下在电焊机行业的位置是中国第一，亚洲第三、世界前十。作为目前国内最大的焊接设备制造企业，唐山松下以领先的科技和优良的产品品质赢得了用户的广泛赞誉，Panasonic电焊机成为行业界最受欢迎的品牌。","https://www.zhaopin.com/jobdetail/CC120963930J40809676303.htm?refcode=4019&srccode=401901&preactionid=a7c1140f-c46c-45e5-b867-ab342d8bdc77"
3418,实施工程师,济南-槐荫区,5000-7000元,济南讯升互联网有限公司,"云计算/大数据,新媒体",100-299人,,CCL1475175350J40754034907,岗位内容：,7月19日,,"https://www.zhaopin.com/jobdetail/CCL1475175350J40754034907.htm?refcode=4019&srccode=401901&preactionid=a7c1140f-c46c-45e5-b867-ab342d8bdc77"
3419,硬件测试,广州-花都区,150-180元/天,广州凯思轩达汽车科技有限公司,新能源汽车,500-999人,未融资,CCL1408288510J40728988216,工作内容：  车身、座舱、仪表与显示屏的系统测试与验证、实验室项目操作执行与日常维护。   1、负责软件、硬件的系统集成测试；   2、负责系统测试工作，包括功能、性能、可靠性测试；   3、负责测试环境搭建，完成测试用例编写、执行、自动化脚本维护；   4、Defect重现、初步分析、定位；   5、 完成测试报告编写,7月4日,,"https://www.zhaopin.com/jobdetail/CCL1408288510J40728988216.htm?refcode=4019&srccode=401901&preactionid=a7c1140f-c46c-45e5-b867-ab342d8bdc77"
3420,科研人员,天津-南开区,1.2-2.4万,淮北德兰和创生物科技有限公司,快速消费品,20-99人,,CCL1226272520J40729335916,从事基因治疗、蛋白质工程与合成生物学等前沿方向研究，具有丰富的国际科研经历和企业研发经验。现因科研工作需要，诚聘博士后1名，聚焦AAV基因治疗方向，共同开展重组腺相关病毒（rAAV）工程改造与脑部疾病精准治疗研究。 一、研究方向简介 实验室依托天津大学先进生物技术平台，研究聚焦于AAV病毒载体的系统性开发与医学应用，主要方向包括： · AAV载体改造：通过定向进化与理性设计相结合，开发新型AAV衣壳蛋白，提高其对脑、心脏等器官的靶向性与转导效率； · 高通量筛选技术：构建适用于AAV文库筛选的qPCR、Octet、NGS等平台，提高筛选效率与精准度； · 分子与细胞功能研究：深入研究AAV感染机制与基因表达调控，在多种细胞模型中开展功能验证； · 跨学科合作：融合自动化、结构生物学与计算模拟手段，推进AAV靶向治疗的工程化开发。 二、岗位职责 1. 参与rAAV文库构建、病毒包装与滴度测定； 2. 承担脑注射、心脏建模、组织切片等动物实验及细胞实验工作； 3. 开展AAV载体感染机制研究，论文、专利及项目申报撰写； 4. 参与课题组内部培训与平台建设，协助指导研究生。 三、应聘条件 1. 获得或即将获得生物学、医学、药学、分子生物学、基因工程等相关专业博士学位； 2. 熟练掌握以下部分技能者优先： o 分子生物学实验（CRISPR、克隆、PCR/qPCR/RT-PCR）； o 蛋白质表达、纯化与分析（如SEC、离子交换、Octet、DLS）； o 细胞培养与功能验证（转染、流式细胞术、免疫荧光等）； o 小鼠/大动物注射、组织学分析、心脏建模等动物实验； 3. 有AAV方向研究背景或高水平论文发表经验者优先； 4. 具备良好的英文写作、数据分析、问题解决与团队协作能力。 四、薪资待遇 1. 提供具有竞争力的薪酬待遇，享受天津大学博士后政策支持； 2. 支持申报国家/天津市博士后基金、“博新计划”等科研项目； 表现优异者优先推荐申请天津大学青年教师岗位或国内外高水平平台职位。,7月5日,北京德兰和创生物科技有限公司成立于2013年11月，坐落于北京市房山区，2018年投资新建淮北生产工厂，总建筑面积15000余平，可年产食品用香精6000吨、调味料3000吨、复配食品添加剂1000吨、烟用香精1000吨、固体饮料1000吨共计12000吨生产能力。淮北德兰和创于 2019年8月顺利投产，公司建立了高标准的创新研发中心和食品用香精及调味料生产线。引进国内外先进水平的色谱分析仪、PCR仪、密度分析仪、折光仪，梅特勒托利多的电子天平，购置反应釜、提取设备、喷雾干燥设备、盘条混合设备、剪切乳化设备、真空干燥设备等。德兰和创研发队伍由国内外行业资深的高级调香师，美拉德反应工程师、微胶囊工程师，高级肉制品工程师、高级饮料工程师，糖果工程师、调味品工程师等组成，可根据市场需求自主开发新品，研究新工艺、新配方，每年研发出大量的新口味产品，并在市场上得到广泛认可。2021年获批国家高新技术企业，并备案淮北市食品用香精和调味料工程研究中心。德兰和创按照FSSC欧盟食品安全管理体系， ISO9001质量体系和ISO14001环境体系要求管理经营，公司运营全过程严格按照体系要求执行，确保食品安全、质量安全、环境安全。德兰和创是一家创新型、技术型、可持续发展的高科技企业。德兰和创专注食品用香精、调味料行业多年，并拥有国内外知名的注册商标“德兰和创”，具备完全自主知识产权的多个系列产品，包括天然提取物、糖果用香精、乳品饮料用香精、肉制品用香精、炒货用香精、休闲食品用香精、复合调味料等多系列产品，产品涵盖液体香精、粉体香精、浆膏状香精等。公司具有较强的产品储备及人才储备，能快速开拓新客户，满足客户需求。现有产品中的天然提取物系列、微胶囊包埋香精系列等属于国内外领先水平。德兰和创已与双汇、金锣、伊利、君乐宝乳业、旺旺、达利、盼盼、三只松鼠、卫龙食品、三全股份、思念食品、马大姐食品、口水娃食品、甘源食品、盐津铺子、力诚食品、米多奇食品、正新食品等食品集团及行业龙头建立了长期的战略合作关系。,"https://www.zhaopin.com/jobdetail/CCL1226272520J40729335916.htm?refcode=4019&srccode=401901&preactionid=a7c1140f-c46c-45e5-b867-ab342d8bdc77"
3421,软件测试,深圳-龙岗区,8000-12000元·13薪,深圳市富泰民科技有限公司,新媒体,20-99人,,CCL1468870450J40663889806,我们正在寻找一位资深的软件测试工程师，负责确保公司软件产品的质量和稳定性。 工作内容： 1. 根据需求文档和设计文档，编写测试用例； 2. 执行测试用例，记录并跟踪缺陷； 3. 与开发团队紧密合作，定位并修复缺陷； 4. 参与软件产品的需求评审和设计评审； 5. 根据测试结果，编写测试报告。 岗位要求： 1. 计算机相关专业本科及以上学历； 2.熟练掌握至少一种主流测试工具； 3.良好的沟通能力和团队协作精神； 4.对软件测试有浓厚的兴趣和热情。,5月15日,"公司背景深圳市富泰民科技有限公司是一家专注于数字化传媒领域的公司,成立于2007年。我们致力于利用创造性和创新性的方法,为客户提供广告、营销和品牌推广服务。通过结合先进的技术和市场洞察力,我们为客户提供高效、精准的解决方案。我们的使命是帮助客户实现业务目标并增强品牌价值。业务范围 1、数字广告:我们提供全方位的数字广告解决方案,包括搜索引擎营销、社交媒体广告、程序化购买等。我们的团队拥有丰富的经验和专业知识,可以为客户制定特定目标的广告策略,并通过数据分析和优化实现最佳效果。 2、内容营销:我们致力于为客户创作高质量、具有互动性的内容,以吸引并留住目标受众。我们的内容团队由经验丰富的写手和创意人员组成,可以根据客户需要提供定制化的内容解决方案。 3、社交媒体管理:我们为客户管理社交媒体账号,包括内容发布、社群互动管理、品牌形象维护等。我们专注于提供有创意和有价值的社交媒体内容,以吸引更多目标用户并增加品牌曝光度。 4、数据分析与优化:我们通过先进的数据分析工具和技术,为客户提供数据驱动的营销和广告策略。我们不断监测和分析数据,并根据结果进行优化和调整,以确保客户获得最佳投资回报率。团队和资源 1、创意团队:我们拥有由艺术家、设计师和创意专家组成的团队,他们具有丰富的创意天赋和专业能力,可以为客户提供独特而有吸引力的设计和创造性解决方案。 2、技术团队:我们的技术团队由工程师和开发人员组成,他们在前端和后端开发方面拥有丰富经验,可以提供高质量的技术支持和定制化解决方案。 3、合作伙伴关系:我们与其他行业领先企业建立了良好的合作伙伴关系,包括广告平台、社交媒体平台和内容分发网络等。这使得我们能够更好地为客户提供全面的解决方案。","https://www.zhaopin.com/jobdetail/CCL1468870450J40663889806.htm?refcode=4019&srccode=401901&preactionid=a7c1140f-c46c-45e5-b867-ab342d8bdc77"
3422,科研人员,深圳-光明区,3.5-4.5万,深圳先进光源研究院,学术/科研,300-499人,未融资,CCL1257318640J40581199906,岗位职责: 结合所在专业领域，围绕X射线自由电子激光装置加速器、光束线及实验站等核心技术和关键设备开展预先研究和相关科学研究工作。主要专业领域包括： 1. 加速器技术：加速器物理、自由电子激光物理等； 2. 超导低温技术：高性能超导腔工艺研究、超导材料性能及镀膜工艺研究； 3. 激光技术：高功率超快激光、非线性光频转换（固体、气体介质）、非线性光学数值模拟、光学、电磁场与微波技术、光场调控、光束整形、超快光学等； 4. 光束线技术：X射线光束线物理方案设计、光学系统设计、X射线光学、微纳精密机构操控、机械动力学与振动控制、光子或粒子探测器及相关电子学开发、大尺寸超精密表面测量技术、超精密光学加工、镀膜、表面处理和检测、曝光系统开发、光学薄膜与光学元件、真空实验仪器与超快光学等； 5. 实验站与科研：超快电子衍射技术研发、角分辨光电子能谱、极紫外、软X射线非线性光学、超快凝聚态物理、蛋白光解离质谱研制及蛋白复合物应用、高空间分辨成像质谱仪器研制及生物应用、软X射线实验站成像或谱学科研仪器开发、AI蛋白质结构预测、高性能科学计算系统、近常压X射线光电子能谱、X射线吸收/发射谱仪研制、泵浦-探测成像、表面物理化学、星际分子气相光化学动力学、星际分子表面光化学动力学、原子分子物理/精密测量、X射线相位衬度成像、X射线纳米成像方法学研究及相关仪器研发、数据处理、软件开发等。   任职要求: 1. 年龄在35周岁以下，获得博士学位不超过3年； 2. 具有较强的科研创新能力和团队协作精神； 3. 具有良好的学术道德和严谨的科学态度，身体健康，能胜任岗位的工作要求； 4. 具有物理学、核科学与技术等相关学科背景，并取得研究成果的优先考虑。,10月31日,深圳先进光源研究院（原深圳综合粒子设施研究院）是深圳市委市政府贯彻落实“双区驱动”和创新驱动发展国家重大战略、支撑粤港澳大湾区综合性国家科学中心建设而设立的新型科研机构。研究院于2020年5月13日获批成立，2025年3月26日更改为现名，是具有独立法人资格的公益性事业单位，实行理事会领导下的院长负责制，不定编制，不定级别，实行社会化用人制度和自主管理运营。研究院紧密围绕高水平建设综合性国家科学中心战略目标，面向国民经济主战场和世界科技前沿，承担“世界一流、深圳特色”的标志性、稀缺性、先进性的重大科技基础设施和重大科研平台的建设运营任务，服务集成电路、生物医药、先进材料和先进制造等大湾区高新技术产业，以及产业核心关键技术发展相关的物理、化学、生物、材料、医学等多学科世界科技前沿研究。当前主要承担建设深圳中能高重复频率X射线自由电子激光装置（深圳自由电子激光装置）。研究院坐落在粤港澳大湾区综合性国家科学中心主阵地——光明科学城大科学装置集群核心区内，规划总建筑面积超过35万平方米。目前，研究院在岗职工超过300人，其中约90%的职工具有研究生学历，已组建了一支由院士领衔、各级人才为骨干、结构合理、富有朝气和创新精神的科学研究和工程技术团队。研究院聚焦粤港澳大湾区科技创新和产业发展需要，依托相关领域内的核心技术攻关、重点设备研发、工程技术难题研究，积极实施科技成果转化“沿途下蛋”，探索新型的开放共享运营机制，提供优质高效的科技资源供给，助力大湾区建成全球科技创新高地和新兴产业重要策源地。,"https://www.zhaopin.com/jobdetail/CCL1257318640J40581199906.htm?refcode=4019&srccode=401901&preactionid=a7c1140f-c46c-45e5-b867-ab342d8bdc77"
3423,Java,南京-鼓楼区,1-2万,通联支付,"证券/期货,互联网",1000-9999人,,CC236361810J40740015609,一、岗位职责,6月3日,通联支付网络服务股份有限公司是在国内外支付产业持续多年保持快速增长、未来发展空间广阔的背景下于2008年10月在上海正式成立，公司目前资本金人民币14.6亿元，主要股东包括上海国际信托有限公司、上海国际集团投资管理有限公司和中国万向控股有限公司等机构。公司立足于方兴未艾、有广阔发展前景的金融支付产业，为各类商户和个人提供创新的一站式支付解决方案，并为包括银行、证券、基金、信托等各类金融机构提供第三方专业化服务。在国家有关主管部门的支持下，公司依托雄厚的资金实力、先进的经营机制和优秀的企业文化，致力于成为国内最有竞争力的第三方金融与支付服务提供商。公司核心团队拥有卓越职业声誉，对金融行业尤其支付行业有着深刻理解和丰富经验，并分别具备管理、市场、业务和技术专长。为满足公司快速发展需要，欢迎热爱第三方金融与支付事业、勇于挑战自我的各界英才加盟。公司鼓励创新的文化氛围及全力以赴的企业精神，将是您展示个人才华、追求成长空间的事业平台。,"https://www.zhaopin.com/jobdetail/CC236361810J40740015609.htm?refcode=4019&srccode=401901&preactionid=a7c1140f-c46c-45e5-b867-ab342d8bdc77"
3424,实施工程师,杭州-建德市,9000-18000元,青岛安然物联网科技有限公司,"物联网,物联网",20-99人,未融资,CC559764920J40747231104,需要弱电技术、自动化、工业互联网+、物联网人才，不要纯软件人才。  你能经常到全国各地出差吗？你能到工业生产现场生产现场做技术支持吗？     真正的奋斗者在安然会有让人值得为之奋斗的事业，会有充实、高效的成长，会有高人一等的收入。,6月21日,基于精准人员定位的工业安全生产信息化管理专家，安全生产信息化管理引领者！作为全国实时定位技术标准工作组成员和应急管理部“工业互联网+危化安全生产”人员定位系统技术支持机构，安然从2012年起致力于基于ZigBee Plus三维立体按需精准定位的“工业互联网+安全生产”的研究，获得了20多项安全智能管控系统发明专利和著作权，持续引领中国化工行业生产现场智慧安全！安然以“准、稳、狠”的ZigBee Plus三维立体按需精准人员定位统和“底数清、数据准、情况明、研判准、措施实”的安全生产信息化平台为核心，整合访客管理、出入口控制、人脸识别、视频监控、语音广播、重大危险源监控、可燃有毒气体监测等系统，对生产现场人、机、料、法、环五大要素进行实时、动态、智能管控和预警，规范人的安全行为，保障人的生命安全，有效防范风险、主动化解风险，实现智慧安全。安然“以用为本”，把安全生产信息化建设与公司管理体系“深度融合”，把安全生产信息化建设与日常工作“紧密结合”，对安全生产切实“有用、实用、好用”，避免建用“两张皮”，让安全管控更智能，让生产更高效才实用。迄今已服务中石化、中石油、延长石油、国能、兖矿、京能、索普、新安、奇美、昊源、潞安、旭阳、垦利、逸盛、海科、酒钢、金发等几百家石化、化工、选煤、钢铁、电厂企业。安然以客户为中心，以强者为本，抬头乐干，愿意与同道中人联合、链接，携手共建、共用、共享生产安全命运共同体，一起干，一起干，让优秀企业更安全，让优秀企业更高效！,"https://www.zhaopin.com/jobdetail/CC559764920J40747231104.htm?refcode=4019&srccode=401901&preactionid=a7c1140f-c46c-45e5-b867-ab342d8bdc77"
3425,Java,郑州-金水区,6000-10000元,滑县巨旺商贸有限公司,电子商务,20-99人,,CCL1486365070J40663090513,任职要求： 熟练掌握python等主流编程语言，对AI人工智能技术、大语言模型技术有充分的兴趣并且有较为深入的了解，熟悉NLP，愿意并且能够承担开发人工智能相关应用的工作。 要求专科以上学历的应届毕业生，较强的学习能力，抗压能力，责任心强、易沟通。 福利待遇：,4月10日,滑县巨旺商贸有限公司位于河南省滑县，是一家专注于建筑材料贸易与相关技术服务的综合性企业。公司立足商贸领域，业务涵盖建筑材料供应、设备运维支持及数据分析服务，致力于为环保监测、化工等行业提供专业化解决方案。团队核心优势体现在技术实践与数据处理能力上，成员需掌握化学分析方法及行业标准，通过远程监控与数据分析保障设备稳定运行。服务范围覆盖郑州等多个区域，依托国际企业中心等办公节点，形成跨区域协作网络。公司注重实效与规范管理，严格遵循数据处理标准，通过系统化流程确保服务质量。在环保监测领域积累了一定技术服务经验，持续优化运维站点数据管理方案。现处于稳健发展阶段，正通过人才引进强化技术实施能力，推动业务向精细化、专业化方向延伸。,"https://www.zhaopin.com/jobdetail/CCL1486365070J40663090513.htm?refcode=4019&srccode=401901&preactionid=a7c1140f-c46c-45e5-b867-ab342d8bdc77"
3426,实施工程师,铜陵-铜官区,5000-7000元,精达股份,金属制品业,1000-9999人,已上市,CC175531010J40715813311,1、本科及以上学历，理工类相关专业，机电、机械、材料、化学专业； 2、具备快速学习新技术、新知识的能力，能够在短时间内掌握并应用到实际工作中；  3、有相关行业经验，敢于于突破传统思维，提出新颖的技术解决方案，对新技术、新趋势保持敏锐的洞察力，面对复杂技术问题，有独立解决问题的能力优先考虑。,7月23日,铜陵精达特种电磁线股份有限公司于1990年2月建厂，2002年9月在上海证券交易所上市，股票代码600577。公司本部位于安徽省铜陵市，拥有一个国家级企业技术中心、十三个子公司，其中四个为中美合资生产型公司，共有三千多名员工，已经形成安徽铜陵、广东佛山、天津、江苏四大生产基地；产品覆盖长三角、珠三角和环渤海地区，出口欧美、东南亚地区，产销规模位居行业领先地位；公司主要产品有特种电磁线等，产品广泛用于汽车、家电、电子、电力、通讯、电动工具等行业。公司承担国家、省重大科技项目10多项，公司参与了电线电缆行业“十二五”和“十三五”规划的编制工作，目前正在参与行业“十四五”规划起草工作。,"https://www.zhaopin.com/jobdetail/CC175531010J40715813311.htm?refcode=4019&srccode=401901&preactionid=a7c1140f-c46c-45e5-b867-ab342d8bdc77"
3427,软件测试,深圳-龙岗区,1.3-2.6万,外企德科数字技术有限公司,专业技术服务,10000人以上,,CCL1480117890J40791961805,岗位职责：,2025-07-28 00:24:55,外企德科数字技术有限公司是一家2023年新成立的中外合资企业。成立于2023年11月24日，公司定位：专注于为信息技术企业提供人才及数字技术外包解决方案的中外合资企业。它是由中国人力资源服务行业的FESCO（北京国际人力资本集团）与全球人力资源服务领导者The Adecco Group（德科集团）合资成立的。公司主要提供网络技术服务、软件外包服务、计算机系统服务、技术进出口、软件开发等信息技术相关服务。专注于为信息技术企业提供信息技术类人才及数字技术外包解决方案。,"https://www.zhaopin.com/jobdetail/CCL1480117890J40791961805.htm?refcode=4019&srccode=401901&preactionid=a7c1140f-c46c-45e5-b867-ab342d8bdc77"
3428,科研人员,郑州-管城回族区,1.5-3万·13薪,牧原实验室,学术/科研,100-299人,,CCL1241575100J40703839407,职位描述： 1、负责农秸秆生物质炼制项目的研究，承担主要研究任务，制定详细的研究方案并组织实施；,5月18日,,"https://www.zhaopin.com/jobdetail/CCL1241575100J40703839407.htm?refcode=4019&srccode=401901&preactionid=a7c1140f-c46c-45e5-b867-ab342d8bdc77"
3429,实施工程师,台州-玉环市,8000-11000元·13薪,恒祥汽车零部件股份有限公司,"汽车研发/制造,零售/批发",500-999人,未融资,CC820027440J40734681411,技术管理： 1、客户图纸、技术标准接收、评审、转化、发放、存档。   2、技术资料存档管理。   3、供应商技术方案的审核、批准项目开发各阶段性评审。   4、PPAP审核、批准。   5、变更评审与管理。   6、生产材料采购技术条件、验收标准。   7、生产材料采购质量协议。,7月24日,公司创建于1996年，2013年起至今每年销售额在2亿左右。现有员工总人数600多名，高级职称人员20多人。公司旗下有恒祥控股集团台州汽车零部件有限公司、大连恒祥汽车零部件制造有限公司、芜湖恒祥实业有限公司、恒祥控股集团台州工具有限公司、德恒供应链（丽水）有限公司五家实业公司。公司产品主要有四大系列：1、以端件为主的凸轮轴配件系列；2、以铝压铸为主的发动机铝铸件系列；3、以阀壳、压块塞、端盖、活塞、挡块为主的转向机配件系列；4、以汽车脚踏板总成为主的冲压、焊接件系列。公司客户群主要有：1、Thyssenkrupp(TK)；2、Mando；3、奇瑞汽车；4、JTEKT；5、长城汽车；6、奇瑞捷豹路虎；7、NSK。公司已通过德国TUVISO/TS16949质量管理体系认证。公司一贯秉承“以人为本、诚信为先、追求卓越、奉献顾客”的恒祥理念，坚持以质量为中心，建立健全公司各项制度，实行规范化管理，注重企业的发展空间，夯实各项基础工作，增强企业的综合实力，提高企业的市场竞争力。先后建立员工远程培训中心，每年有计划组织员工技能培训，提高员工的综合素质；开展职工文娱活动，丰富员工的业余文化生活，增强企业凝聚力和向心力。,"https://www.zhaopin.com/jobdetail/CC820027440J40734681411.htm?refcode=4019&srccode=401901&preactionid=a7c1140f-c46c-45e5-b867-ab342d8bdc77"
3430,软件测试,郑州-金水区,6000-9000元,郑州竹荔电子科技有限公司,互联网,20-99人,未融资,CCL1491313560J40755745901,岗位职责： 1.负责编写软件平台测试方案，测试用例，测试报告，跟踪评估； 2.根据产品需求及计划，设计测试相关环境； 3.制定产品相关测试标准和规范； 任职要求： 1， 大专及以上学历，理工科专业均可，晋升方向管理层。  2，熟悉测试方法论和流程，能够编写高质量的测试用例。   3，熟悉主流测试工具。   4， 优秀的沟通和协作能力，能够与跨部门的团队成员合作。     上班时间（9：00-6：00）周末双休，不加班五险。,7月16日,本公司是一家集电子商务和互联网科技创新发展的朝阳企业。主营业务：软件技术，电子科技，软件开发，餐饮系统，物流系统，管理系统，金融系统等等。以技术，服务为立业之本，助推企业实现“互联网+”时代的快速发展。,"https://www.zhaopin.com/jobdetail/CCL1491313560J40755745901.htm?refcode=4019&srccode=401901&preactionid=a7c1140f-c46c-45e5-b867-ab342d8bdc77"
3431,Java,福州-鼓楼区,8000-15000元,亿能达信息,"计算机软件,IT服务,互联网",300-499人,未融资,CC212223110J40295466215,岗位描述： 1. 根据业务或功能需求进行模块设计； 2. 根据设计文档编写代码，进行单元测试、集成测试； 3. 确保项目按时保质完成； 4. 按规范提交相关文档； 5.维护和升级现有产品，快速修复Bug和缺陷。 任职资格： 1. 本科及以上学历，计算机软件开发或相关专业，2年以上开发经验，优秀应届生考虑； 2. 熟悉JAVA语言及常用的设计模式，掌握J2EE核心技术与体系架构； 3. 熟悉springboot、mybatis、SpringMVC等框架，熟悉JSP、Servlet、HTML、Javascript、Jquery 等相关技术； 4. 熟悉SQLServer、MySQL、Oracle任一数据库并有相关的开发经验； 5. 掌握一种常用的JS框架，熟悉vue.js； 6. 具有面向对象开发的思想； 7. 工作严谨、认真，具有良好的团队协作能力，沟通能力和快速学习能力。,3月21日,福建亿能达信息技术股份有限公司于2000年在福州注册成立，是国家首批从事医疗信息化服务的企业之一。公司现有员工近400人，主营业务覆盖医院运营管理系统（HRP）、县域医共体管理平台和互联网+健康管理平台等核心软件产品。成立至今，秉承着“专注医疗、助力医改、服务民生”的使命，公司已服务医疗卫生机构用户2000余家，其中包括1500多家医疗卫生机构，近百家三级院及200多家二级医院，实现福建省市场占有率95%，经营规模位居全国行业前五。亿能达作为上市后备企业，在向精选层、创业板、科创板方向推进，目前阶段已实现创新层挂牌。公司现已成为福州软件园产业基地的骨干企业之一，在医疗卫生行业管理软件开发、系统集成方面具有雄厚的实力。公司获得包括高新技术企业、专家工作站、软件企业、ISO9001/14001/45001/20000/27001认证、CMMI5认证、福建省科技型企业、福建省科技小巨人领军企业等荣誉资质。“三明医改”明星案例。公司深度参与“三明医改”，推出全国首创的工分制绩效考核模式，协助三明市尤溪县总医院实现“工分制绩效考核”方案落地，成果被列入国务院深化医药卫生体制改革典型案例，国务院副总理孙春兰曾多次调研三明市尤溪县总医院，并大力推广三明医改模式。借此，公司成功在全国28个省级行政单位落地医疗信息化项目，协推国家医改进程，助力健康中国战略实施。公司提供具有市场竞争力的薪资，六险一金，周末双休，7.5小时弹性工作制，法定节假日，超长春节假期，年终奖金，满勤奖金，过节费，午餐补贴，生日福利，结婚礼金、生子礼金等各类礼金及慰问金，不定期员工活动，体检，没有加班文化……良好的团队氛围，人性化的管理模式，完善的福利待遇，亿能达期待您的加入！,"https://www.zhaopin.com/jobdetail/CC212223110J40295466215.htm?refcode=4019&srccode=401901&preactionid=a7c1140f-c46c-45e5-b867-ab342d8bdc77"
3432,测试工程师,杭州-None,2.5-4.5万,字节跳动,互联网,10000人以上,,CC469217510J40652892801,岗位职责： 1、公司战略团队，旨在打造字节跳动特色的本地生活服务商业化生态，负责生活服务用户平台方向质量保障工作； 2、根据产品设计或需求，进行需求分析，制定测试计划、风险评估、设计测试数据和测试用例，执行测试用例，准确定位并追踪问题等； 3、对线上问题进行持续追踪，并从中得出一些优化监控、测试方案提升等改进措施； 4、对产品提出改进建议以建立极致的用户感受，对项目提出改进建议以提高项目整体效率； 5、在项目中保持和产品经理、开发工程师、用户等积极有效沟通，推动问题及时合理地解决，并保持总结问题。 任职要求： 1、本科以上学历，计算机及其相关专业，熟悉Go/python/Java等至少一门编程语言； 2、扎实的技术功底，具备测试/技术领域前瞻性探索能力，能够从技术角度主导和推进质量改进，技术革新，效率提升，专项测试，平台开发等工作； 3、熟悉软件开发和测试流程，有较好的技术架构能力；熟练使用移动互联网相关的测试工具； 4、在某一个或多个客户端、服务端专项测试领域有实际建设落地经验，如稳定性、自动化等； 5、具备本地生活服务/电商测试开发相关经验者优先。,7月11日,"字节跳动成立于2012年3月，公司使命为“Inspire Creativity, Enrich Life（激发创造，丰富生活）”。公司业务覆盖150个国家和地区，拥有15万名员工。字节跳动在全球推出了多款有影响力的产品，包括今日头条、抖音、西瓜视频、飞书、Lark、PICO、剪映、TikTok等。截至2021年6月，字节跳动旗下产品全球月活跃用户数超过19亿。","https://www.zhaopin.com/jobdetail/CC469217510J40652892801.htm?refcode=4019&srccode=401901&preactionid=a7c1140f-c46c-45e5-b867-ab342d8bdc77"
3433,科研人员,徐州-泉山区,1-2万,湖南潇湘人力资源服务有限公司,"人力资源服务,培训/辅导服务,房地产中介,计算机硬件",300-499人,B轮,CC419440410J40707374316,博士硕士以及有留学经历的学士引进，需要博士硕士及有留学经历的学士人员参加，加入硕博高层次人才库，有愿意参加地方启*人才、领*人才、泰*人才 、火*人才、招才引智计划、海外优才计划等项目，都可以投递简历，可专职兼职灵活参加各各类**、企业、高校等项目，欢迎国内外博士硕士及有留学经历的学士人才投递简历（（学士报名必须有中留服认证，硕士博士可直接报名），可专兼职参加。 本公司有丰富的博士硕士人才库，有博士硕士项目也可洽谈沟通。,6月30日,湖南潇湘人力资源服务有限公司，系经工商行政管理局批准设立的，具有独立企业法人资格，并经人力资源和社会保障部批准备案，具有合法人力资源服务资质的，专业人力资源服务机构。公司积极响应国家号召，搭建供需平台，畅通就业渠道，充分发挥人力资源机构在促进就业中的积极作用，多渠道扩大就业。公司致力于打造成为立足湖南、覆盖全国的综合性专业人力资源服务供应商，依托于招聘会场和网络平台，为各企事业单位开展现场招聘、网络招聘、报纸招聘、代理招聘、招聘外包、劳务派遣、高级人才猎头和人力资源管理咨询等专业配套服务；为求职个人提供职业咨询、职业指导、职业介绍等就业服务。公司现场招聘平台--湖南招聘市场，于每周六、周日在贺龙体育场东门举办招聘会，欢迎各企事业单位和各类人才通过现场直面交流，我们将以专业、专注的精神，为您招才、择业，提供全面、优质的服务！招聘热线：400-000-7318、0731-83759001/02/03/04/05/06/07/08/09/10招聘会场：贺龙体育场正东门--湖南招聘市场(芙蓉中路、侯家塘北、摩天轮广场上台阶)乘车路线：1：乘105、115、150、159路至“侯家塘北”2：乘101、104、701、702、703、905路、长株潭201路至“侯家塘-芙蓉中路”3：乘旅2、2、4、8、104、123、137、140、145、160、202、314、402、601、803、804、906、908路至“侯家塘西”往芙蓉路至“侯家塘北”详情请访问： http://www.hnzpsc.com,"https://www.zhaopin.com/jobdetail/CC419440410J40707374316.htm?refcode=4019&srccode=401901&preactionid=a7c1140f-c46c-45e5-b867-ab342d8bdc77"
3434,测试工程师,太原-小店区,5000-7000元,天阳科技,"计算机软件,计算机软件",1000-9999人,已上市,CC120408370J40824032908,1.全国项目驻场测试，主要负责功能、数据或接口等相关测试工作； 2.统招本科学历及以上（学信网可查）；毕业满2年；计算机专业优先； 3.热爱软件测试行业、有强力的自驱力，能够在测试岗位深入学习研究； 4.有无经验均可，服从公司安排，接受公司培养，可接受异地工作优先； 福利待遇： 上市公司，公司可以提供住宿，提供五险一金； 欢迎符合要求的小伙伴们投递~,7月26日,天阳科技(股票代码：300872)，是全球金融创新服务的重要贡献者，持续赋能中国金融行业数字化转型，为客户提供咨询、金融科技产品、金融IT服务、云计算及运营服务。公司成立于2003年，服务超过300家金融行业客户，覆盖中央银行、政策性银行、国有银行、股份制银行、地方性商业银行、非银行金融机构等，员工人数近7000人，成为激活金融领域创新活力、推动金融科技迈入世界领先水平的重要力量。作为金融行业客户可信赖的合作伙伴，天阳科技凭借丰富的行业经验和端到端的专业服务，在信创、数字化金融、信贷、交易银行、信用卡、零售、营销、风险管理、征信监管等众多领域具备核心竞争力。据赛迪和IDC报告显示，近年来公司在中国银行业IT解决方案市场排名强势崛起，2019年收入及市场占有率综合排名分别位列第四位和第五位，并保持高速增长。同时，前瞻商业和科技趋势，入选2021年度未来银行科技服务商TOP100。天阳科技始终聚焦金融科技领域，加大自主创新力度，在超过100个城市建立本地化、专业化的研发和服务团队，拥有CMMI5级认证、软件测试成熟度模型集成（TMMi）3级认证、ISO9001质量管理体系认证、ISO20000信息技术服务管理体系认证、IS027001信息安全管理体系认证。通过部署人工智能、云计算、大数据、移动互联网、分布式计算和区块链等先进金融科技，公司致力于构建安全可控、普惠民生、开放共赢格局，在关键技术领域服务现代化金融发展大局，更好地为各利益相关方创造更大价值，为大中企业、小微企业以及每个个体提供优质金融服务。,"https://www.zhaopin.com/jobdetail/CC120408370J40824032908.htm?refcode=4019&srccode=401901&preactionid=a7c1140f-c46c-45e5-b867-ab342d8bdc77"
3435,Java,成都-郫都区,1.4-2.5万·15薪,外企德科数字技术有限公司,专业技术服务,10000人以上,,CCL1480117890J40780948005,岗位职责,2025-07-27 00:25:05,外企德科数字技术有限公司是一家2023年新成立的中外合资企业。成立于2023年11月24日，公司定位：专注于为信息技术企业提供人才及数字技术外包解决方案的中外合资企业。它是由中国人力资源服务行业的FESCO（北京国际人力资本集团）与全球人力资源服务领导者The Adecco Group（德科集团）合资成立的。公司主要提供网络技术服务、软件外包服务、计算机系统服务、技术进出口、软件开发等信息技术相关服务。专注于为信息技术企业提供信息技术类人才及数字技术外包解决方案。,"https://www.zhaopin.com/jobdetail/CCL1480117890J40780948005.htm?refcode=4019&srccode=401901&preactionid=a7c1140f-c46c-45e5-b867-ab342d8bdc77"
3436,Java,南京-江宁区,1.2-2.4万·15薪,外企德科数字技术有限公司,专业技术服务,10000人以上,,CCL1480117890J40792012605,1、有大型分布式系统设计和开发经验，对分布式相关理论有深入的理解； 2、熟悉Java/C/C++/Python其中一种语言，具备良好的算法和编程能力； 3、熟悉Spring、Spring Boot 、Spring Cloud等各种开源框架，特别在Spring/SpringCloud领域有丰富的项目实践经验者优先； 4、熟悉Mysql、Oracle等数据库，有相关数据开发经验； 5、熟悉Devops，熟悉Docker，熟悉Kubernetes应用优先； 6、熟悉Service Mesh、微服务治理、灰度发布等相关技术优先； 7、有较强的学习能力、良好的团队协作能力。,2025-07-27 00:25:53,外企德科数字技术有限公司是一家2023年新成立的中外合资企业。成立于2023年11月24日，公司定位：专注于为信息技术企业提供人才及数字技术外包解决方案的中外合资企业。它是由中国人力资源服务行业的FESCO（北京国际人力资本集团）与全球人力资源服务领导者The Adecco Group（德科集团）合资成立的。公司主要提供网络技术服务、软件外包服务、计算机系统服务、技术进出口、软件开发等信息技术相关服务。专注于为信息技术企业提供信息技术类人才及数字技术外包解决方案。,"https://www.zhaopin.com/jobdetail/CCL1480117890J40792012605.htm?refcode=4019&srccode=401901&preactionid=a7c1140f-c46c-45e5-b867-ab342d8bdc77"
3437,Java,苏州-虎丘区,1.5-3万·14薪,外企德科数字技术有限公司,专业技术服务,10000人以上,,CCL1480117890J40667081405,工作岗位：,2025-07-27 00:23:24,外企德科数字技术有限公司是一家2023年新成立的中外合资企业。成立于2023年11月24日，公司定位：专注于为信息技术企业提供人才及数字技术外包解决方案的中外合资企业。它是由中国人力资源服务行业的FESCO（北京国际人力资本集团）与全球人力资源服务领导者The Adecco Group（德科集团）合资成立的。公司主要提供网络技术服务、软件外包服务、计算机系统服务、技术进出口、软件开发等信息技术相关服务。专注于为信息技术企业提供信息技术类人才及数字技术外包解决方案。,"https://www.zhaopin.com/jobdetail/CCL1480117890J40667081405.htm?refcode=4019&srccode=401901&preactionid=a7c1140f-c46c-45e5-b867-ab342d8bdc77"
3438,技术支持工程师,无锡-滨湖区,100-200元/天,国家超级计算无锡中心,"计算机软件,人工智能",100-299人,,CC624435430J40767268403,岗位职责： 1. 参与“神威·太湖之光”等多套超级计算机的应用环境建设与管理； 2. 参与超算平台的用户支持工作，解决用户在使用中的技术困难和使用疑问； 3. 参与超算建设、应用软件开发、AI应用开发、技术培训等工作。 任职要求： 1. 本科及以上，2026年毕业，专业为计算机及计算机交叉相关领域，包括但不限于数学、物理、气象海洋、材料模拟、生物信息等专业； 2. 熟悉C、C++、Fortran、Python 等至少一种主流编程语言，有编程实践经验，能编写、调试基础程序； 3. 热爱钻研，工作积极主动，具备良好的沟通能力，做事耐心细致； 4. 能够实习六个月及以上者优先考虑，表现优秀者有留用机会。,5月30日,"国家超级计算无锡中心经国家科技部批准成立，由国家科技部、江苏省和无锡市三方共同投资建设。中心坐落在风景秀丽的江苏省无锡市蠡园经济开发区，拥有世界上首台峰值运算性能超过每秒十亿亿次浮点运算能力的超级计算机——“神威·太湖之光”。该系统是我国“十二五”期间“863计划”的重大科研成果，由国家并行计算机工程技术研究中心研制，运算系统全面采用了由国家高性能集成电路设计中心通过自主核心技术研制的国产“申威26010”众核处理器。“神威·太湖之光”也是我国第一台全部采用国产处理器构建的世界排名第一的超级计算机。国家超级计算无锡中心是无锡市政府直属事业单位，由清华大学与无锡市政府共同建设，并委托清华大学管理运营。国家超级计算无锡中心依托“神威·太湖之光”计算机系统，根植江苏、覆盖长三角、拓展全国、放眼全球，与国内外专家、应用单位等进行密切合作。面向生物医药、海洋科学、油气勘探、气候气象、金融分析、信息安全、工业设计、动漫渲染等领域提供计算和技术支持服务，承接国家、省部等重大科技或工程项目，为我国科技创新和经济发展提供平台支撑。国家超级计算无锡中心将利用中心的优势资源，结合江苏省“十三五""规划提出着力建设具有全球影响力的产业科技创新中心和具有国际竞争力的先进制造基地的战略新定位，建成具有明确应用背景的高性能计算技术重大应用研究与支撑中心，充分展示高性能计算作为科技创新核心竞争力和强力引擎的价值，成为国内高性能计算人才聚集地和国内外重要并行应用软件研发基地，实现超算中心的可持续发展。","https://www.zhaopin.com/jobdetail/CC624435430J40767268403.htm?refcode=4019&srccode=401901&preactionid=a7c1140f-c46c-45e5-b867-ab342d8bdc77"
3439,软件测试,株洲-石峰区,6000-8000元,株洲中车轨道交通装备有限公司,电子/半导体/集成电路,20-99人,,CC416333030J40796086613,"软件助理工程师 岗位职责： 1.负责基础软件单元测试和集成测试编写测试用例和整理测试报告,并跟踪测试问题解决。 2.负责QAC静态代码分析，整理静态代码分析报告。 3.负责诊断，通讯等简单重复性开发工作，并组织开发评审 4.及时完成临时交办的其他工作任务。 岗位要求： 1.电子/通信/自动化/计算机等相关专业，35以下大专学历。 2.熟悉Excel工具使用、熟悉C语言或Python语言 3.有软件开发或测试工作经验者优先 4.抗压能力强 工作地址：株洲清水塘",7月26日,株洲中车轨道交通装备有限公司成立于2012年，是一家扎根于轨道交通行业，集研发、生产、销售、设计咨询业务的新型混合制经济试点单位。公司注册资本701万元，现坐落于湖南省株洲市天元区天台金谷产业园，有员工10余人，生产研发、办公场所数千平方米，拥有多种高精度测试仪器及研发设备。公司核心成员均长期从事轨道交通行业设计、制造、销售、管理等工作，建立了深厚的轨道交通行业资源和实践基础。公司注重科技产品研发，员工普遍学历较高，并与湖南工业大学、华东交通大学建立了产学研合作基地。,"https://www.zhaopin.com/jobdetail/CC416333030J40796086613.htm?refcode=4019&srccode=401901&preactionid=a7c1140f-c46c-45e5-b867-ab342d8bdc77"
3440,C/C++,东莞-None,1.3-2.6万,外企德科数字技术有限公司,专业技术服务,10000人以上,,CCL1480117890J40797038205,【工作职责】 1、 研发E2E效率和质量提升相关工具及解决方案开发； 2、 负责研发工具需求模块设计、接口设计、代码开发及验证； 3、 支撑工具应用推广及部门应用。 【任职要求】 业务技能要求： 1、具备良好的计算机、软件工程领域知识，熟悉软件系统设计、开发、测试等研发领域的流程、工程方法和工具； 2、良好的学习能力、团队协作性好，沟通协调能力强； 3、有研发工具模块设计、接口设计、开发经验优先。 专业知识要求： 1、具备1年以上软件开发经验，熟悉C/C++、JAVA、JS、Html中的至少一种，掌握常见的数据结构、算法； 2、了解软件工程、敏捷开发等知识，熟悉常用设计模式； 3、具备云化、服务化等相关知识并能熟练运用； 4、熟悉Linux，并且能熟练搭建web服务器者优先。,2025-07-28 00:25:13,外企德科数字技术有限公司是一家2023年新成立的中外合资企业。成立于2023年11月24日，公司定位：专注于为信息技术企业提供人才及数字技术外包解决方案的中外合资企业。它是由中国人力资源服务行业的FESCO（北京国际人力资本集团）与全球人力资源服务领导者The Adecco Group（德科集团）合资成立的。公司主要提供网络技术服务、软件外包服务、计算机系统服务、技术进出口、软件开发等信息技术相关服务。专注于为信息技术企业提供信息技术类人才及数字技术外包解决方案。,"https://www.zhaopin.com/jobdetail/CCL1480117890J40797038205.htm?refcode=4019&srccode=401901&preactionid=a7c1140f-c46c-45e5-b867-ab342d8bdc77"
3441,科研人员,北京-海淀区,1-1.5万·13薪,青葵智造(北京)科技有限公司,"机器人,培训/辅导服务",20-99人,A轮,CCL1365352550J40821339708,职位职责 1、国际化合作，对外英语交流，协助安排和组织国际电话会议、视频会议，必要时担任基础口译或会议记录（英文）；负责与国际合作伙伴来访与交流进行口语翻译及英文邮件沟通；协助研究人员准备国际会议所需的英文材料（如PPT、海报摘要）； 2、科研成果（论文/专利）输出，依托部门技术攻关、科研项目研究内容，与团队成员共同讨论论文的主题、结构，负责技术类高水平科研论文/专利等成果撰写输出；负责先进技术的文献资料查新整理，与团队成员共同讨论论文的结构、内容，进行高水平综述类论文输出；协助研究人员收集、整理和翻译（中英互译）相关文献资料，协助处理论文投稿过程中事务性工作； 3、参与科研项目申报与项目实施过程相关事宜，包含国内外现状查新，项目申报书撰写、申报材料准备，项目实施以及过程技术报告等类材料编写； 4、负责收集市、省、部级相关科研项目及政府补贴项目政策信息； 5、协助部门完成其他相关工作，完成公司交代的其他工作； 任职要求 1、硕士研究生学历，理工科背景，具有海外留学经验者优先。至少以第一作者或导师第一作者身份发表过SCI论文2篇或其他英语类论文4篇； 2、具备优秀的英语口语、阅读和写作能力：能高效阅读并理解专业英文文献、流畅地进行日常及学术交流、能够清晰、准确、符合学术规范地撰写英文报告、论文等内容；持有雅思（总分6.5分及以上）、托福（90分及以上）或同等水平英语能力证明者优先； 3、具有科技项目（如国家级/省部级科研项目、企业横向课题等）申报经历，熟悉项目申报、执行及结题流程； 4、具备严谨的科学态度、良好的团队协作能力和独立解决问题的能力，工作主动性强，具有一定抗压能力。,7月21日,青葵智造（北京）科技有限公司是一家致力于打造智能制造领域应用型人才终身职业发展平台的技术驱动型高科技引领企业，由一群来自中国航天、阿里巴巴等全球领先工业企业的北航/北大硕博士于2021年创办。在新发展理念的指引下，青葵智造聚焦职业教育/工程教育的产教融合创新发展，践行“让所学皆有用，让要用皆可学，成就应用型人才一生精彩”的发展使命，专注于把相关行业前沿技术及主流设备引入到技能应用型人才的实践教学培养体系，并以反映行业人力资源需求的培养方案、同步于技术发展的完善教材、获得广泛赞誉的师资教学能力培养体系、模式创新的实训实践合作环境构建，为合作院校、企业、政府等城市发展的多元主体提供一体化全流程全要素的产教融合服务，助力区域城市经济社会的高质量发展。青葵智造目前已经完成千万级A轮融资，并在北京、南昌、宜昌三地完成产业布局。,"https://www.zhaopin.com/jobdetail/CCL1365352550J40821339708.htm?refcode=4019&srccode=401901&preactionid=a7c1140f-c46c-45e5-b867-ab342d8bdc77"
3442,前端开发,长沙-长沙县,7000-8000元,中国人民解放军32806部队,政府/公共事业,100-299人,不需要融资,CCL1455679640J40841160515,"岗位职责：1.负责前端的日常开发、升级和维护；    2.负责根据产品和项目计划按时完成功能模块的设计、编码、测试、部署的支持工作；    3.与后端研发一起探讨合理高效的解决方案，实现项目要求；    4.与产品设计人员一起提升产品易用性和交互性，积极优化和持续改进现有流程,优化产品体验；    任职要求：    1.负责前端的日常开发、升级和维护；    2.负责根据产品和项目计划按时完成功能模块的设计、编码、测试、部署的支持工作；    3.与后端研发一起探讨合理高效的解决方案，实现项目要求；    4.与产品设计人员一起提升产品易用性和交互性，积极优化和持续改进现有流程,优化产品体验； ",7月4日,,"https://www.zhaopin.com/jobdetail/CCL1455679640J40841160515.htm?refcode=4019&srccode=401901&preactionid=a7c1140f-c46c-45e5-b867-ab342d8bdc77"
3443,实施工程师,长春-南关区,2000-3000元,联宇合达科技有限公司,"计算机软件,IT服务,互联网",100-299人,未融资,CC188224110J40673040616,职位描述：实施工程师、售后工程师工作范围：  1.负责为客户提供技术支持，包括故障排除、终端及外设、网络设备、安全防护软件等；,5月20日,联宇合达科技有限公司，成立于2005年，注册资金5000万元人民币，员工近300人。总部位于吉林省长春市，目前拥有四家分公司三大事业部，北京、杭州设立分支机构，业务覆盖全国近20个省份。技术领域涵盖软件研发、信息安全、人工智能、大数据、系统集成、运维服务等。作为从吉林省本地成长起来的民营科技信息企业，经历了二十余年的发展，目前核心业务包括:保密产品研发及生产、信息安全服务、人工智能服务、大数据服务、信息系统集成等，是一家集计算机相关软硬件的研制、销售、服务为一体的高新技术企业。公司自主研发的《安全保密套件管理系统》《国产通用计算机终端保密检查系统》《网络安全隔离与信息单向导入系统》《天枢计算机网络保密自监管分析处置平台》《天枢计算机网络保密自监管监测器》通过了国家保密测评中心测评，已经在黑龙江、辽宁、吉林、青海、河北、海南等省份推广并使用，同时获得了用户的肯定及好评。联宇合达在为客户提供优质服务的同时，也注重公司核心竞争力的建设，在自主知识产权和创新方面取得了阶段性突破，拥有政府、纪委监委、检察、交警、司法、教育等行业解决方案的产品专利和软件著作权120余项。公司不断规范内部管理制度，严格执行国家标准，相继取得：国家高新技术企业认定、企业信用等级AAA认证、ISO9001质量管理体系认证、ISO27001信息安全管理体系认证、ISO20000信息技术服务管理体系认证、软件能力成熟度CMMI三级以及涉密相关等二十余项资质。我们始终秉持“做人为先、客户为重、诚信合作、共创价值”的核心企业精神，致力于为客户提供卓越的产品和服务。始终牢记以“以服务的心为客户创造更大价值”的企业使命，专业、专注、创新，力争成为中国领先的信息技术服务商。公司核心文化1、核心价值观：以客户为中心，以联宇达人为本，长期坚持艰苦奋斗2、行动纲领：尽心做事，团队奋斗，人人为我，我为人人3、企业经营哲学：做人为先，客户为重，诚信合作，共创价值公司上班时间及福利：1、工作时间： 8：30——17：00双休2、公司福利：五险一金、通话补助、午餐补助、交通补助公司具有完善的薪酬体系为想干事，能干事的人提供成长平台；让可以把事情做到有结果的人收获颇丰；你是否怀揣梦想，是否期待成长；来联宇合达，一定不会让你失望，期待您的加入！,"https://www.zhaopin.com/jobdetail/CC188224110J40673040616.htm?refcode=4019&srccode=401901&preactionid=a7c1140f-c46c-45e5-b867-ab342d8bdc77"
3444,硬件测试,成都-成华区,9000-12000元,重庆科满福人力资源服务有限公司,企业服务,20-99人,,CCL1487604860J40929117004,【岗位职责】 ： 1、进行新产品研发阶段的测试工作 2、完成新产品的功能测试、可靠性测试、环境测 试、安全测试等技术工作 3、制定测试计划，设计测试用例，分析测试数 据，编制测试报告 4、为其他部门提供技术支持，与其他部门的产品 联合测试工作,7月7日,,"https://www.zhaopin.com/jobdetail/CCL1487604860J40929117004.htm?refcode=4019&srccode=401901&preactionid=a7c1140f-c46c-45e5-b867-ab342d8bdc77"
3445,技术支持工程师,天津-东丽区,1-2万,突破电气,"通信/网络设备,通信/网络设备",100-299人,未融资,CC120064580J40418252316,"国际技术支持工程师（工作地点：天津） 1.负责海外市场业务的售前、售中和售后技术支持工作，包括提供技术咨询、方案编写、产品演示、围绕客户与渠道合作伙伴进行技术培训等。 2.组织或配合线上、线下技术展示、宣传，负责技术讲解等； 3.负责订单编制与审核相关工作； 4.提供交付技术培训、交付现场指导、产品调试等； 5.提供故障维修等售后技术支持，配合处理客户投诉，并及时解决问题； 6.收集竞品产品和技术信息，提供改进意见。 任职要求： 1.本科及以上学历，机械电子、机电一体化、电气自动化等相关专业；英语口语可作为工作语言。 2.经验不限，优秀的应届毕业生也可以。有海外留学经历优先；有工业产品海外技术支持经验优先； 3.了解CAD、solidworks等绘图及设计软件。 4.沟通协调能力、抗压能力强，能适应短期国外出差。   ★ International FAE (Tianjin) 1. Responsible for the pre-sale, sale and after-sales technical support of overseas market business, including providing technical consultation, program writing, product demonstration, technical training around customers and channel partners, etc. 2. Organize or cooperate with online and offline technology display and publicity, and be responsible for technical explanation; 3. Responsible for order preparation and review; 4. Provide delivery technical training, delivery field guidance, product debugging, etc.; 5. Provide after-sales technical support such as fault maintenance, cooperate with customers to deal with complaints, and solve problems in time; 6. Collect product and technical information of competitors and provide suggestions for improvement. Job Requirements: 1. Bachelor degree or above, major in mechatronics, mechatronics, electrical automation or related; Foreign preferred, Native English ; 2.3 years of industrial products overseas technical support experience; 3. Proficient in CAD, solidworks and other drawing and design software; 4. Communication and coordination skills, strong ability to work under pressure, can adapt to short-term business trips.",7月25日,突破电气—25年国际领先的工业级智能弹性配电产品制造商与服务商，国家高新技术企业。智能终端行业国家与行业标准制定者、行业领军企业。可移动式快速部署智能数据中心、数据中心智能母线系统、智能电源终端、智能PDU、特种连接器的研发、制造、销售和服务提供商。华为、百度、阿里、腾讯、艾默生、伊顿、施耐德、ABB等客户和合作伙伴。研发、生产基地坐落天津滨海高新区，紧临京津高速公路、天津机场和天津港。公司网址：wwww.toppdu.com,"https://www.zhaopin.com/jobdetail/CC120064580J40418252316.htm?refcode=4019&srccode=401901&preactionid=a7c1140f-c46c-45e5-b867-ab342d8bdc77"
3446,科研人员,南阳-卧龙区,8000-13000元·13薪,牧原实验室,学术/科研,100-299人,,CCL1241575100J40703847607,职位描述： 1、负责秸秆制糖和产油微生物发酵等中小试工艺的研究开发；,7月25日,,"https://www.zhaopin.com/jobdetail/CCL1241575100J40703847607.htm?refcode=4019&srccode=401901&preactionid=a7c1140f-c46c-45e5-b867-ab342d8bdc77"
3447,技术支持工程师,安庆-大观区,9000-18000元,青岛安然物联网科技有限公司,"物联网,物联网",20-99人,未融资,CC559764920J40823793204,需要弱电技术、自动化、安防系统、工业互联网+危化安全生产、物联网人才，不要纯软件人才。  你能经常到全国各地出差吗？你能到工业生产现场生产现场做技术支持吗？   真正的奋斗者在安然会有让人值得为之奋斗的事业，会有充实、高效的成长，会有高人一等的收入。   你能做好售前技术支持、根据客户需求，高效制作方案吗？你能做好售中技术支持、指导他人正确安装、部署、调试系统向用户保质保量快速交付吗？你能做好售后维护，高效沟通和落实客户需求吗？   迄今已服务中石化、中石油、延长石油、国能、兖矿、京能、索普、新安、奇美、昊源、潞安、旭阳、垦利、逸盛、海科、酒钢、金发等几百家石化、化工、选煤、钢铁、电厂企业。    安然以客户为中心，以强者为本，抬头乐干，愿意与同道中人联合、链接，携手共建、共用、共享生产安全命运共同体，一起干，一起干，让优秀企业更安全，让优秀企业更高效！,7月22日,基于精准人员定位的工业安全生产信息化管理专家，安全生产信息化管理引领者！作为全国实时定位技术标准工作组成员和应急管理部“工业互联网+危化安全生产”人员定位系统技术支持机构，安然从2012年起致力于基于ZigBee Plus三维立体按需精准定位的“工业互联网+安全生产”的研究，获得了20多项安全智能管控系统发明专利和著作权，持续引领中国化工行业生产现场智慧安全！安然以“准、稳、狠”的ZigBee Plus三维立体按需精准人员定位统和“底数清、数据准、情况明、研判准、措施实”的安全生产信息化平台为核心，整合访客管理、出入口控制、人脸识别、视频监控、语音广播、重大危险源监控、可燃有毒气体监测等系统，对生产现场人、机、料、法、环五大要素进行实时、动态、智能管控和预警，规范人的安全行为，保障人的生命安全，有效防范风险、主动化解风险，实现智慧安全。安然“以用为本”，把安全生产信息化建设与公司管理体系“深度融合”，把安全生产信息化建设与日常工作“紧密结合”，对安全生产切实“有用、实用、好用”，避免建用“两张皮”，让安全管控更智能，让生产更高效才实用。迄今已服务中石化、中石油、延长石油、国能、兖矿、京能、索普、新安、奇美、昊源、潞安、旭阳、垦利、逸盛、海科、酒钢、金发等几百家石化、化工、选煤、钢铁、电厂企业。安然以客户为中心，以强者为本，抬头乐干，愿意与同道中人联合、链接，携手共建、共用、共享生产安全命运共同体，一起干，一起干，让优秀企业更安全，让优秀企业更高效！,"https://www.zhaopin.com/jobdetail/CC559764920J40823793204.htm?refcode=4019&srccode=401901&preactionid=a7c1140f-c46c-45e5-b867-ab342d8bdc77"
3448,软件测试,广州-花都区,1-2万,广州市凯泽利科技有限公司,"汽车研发/制造,汽车研发/制造",100-299人,未融资,CC823999070J40855896915,岗位职责： 1、负责汽车电子控制器底层软件的动态测试、静态代码扫描及单元测试  2、搭建和维护测试环境，执行MIL/HIL测试并输出测试报告，参与AUTOSAR架构下的底层驱动测试（如CAN/SPI/AD驱动等）  3、编写符合ASPICE要求的测试计划、测试用例、测试报告模板  4、建立自动化测试用例库  5、参加底层软件评审  ,6月19日,广州市凯泽利科技有限公司，坐落于广州市天河区，是一家集整车开发与产品设计研发经验于一身的技术服务型企业。公司致力于为客户提供全方位的软件测试流程一站式服务，涵盖汽车技术支持、软件测试委外服务、测试自动化解决方案、嵌入式技术支持、软件开发项目承接、测试辅助工具开发、自动驾驶数据标注、汽车信息安全测试、汽车设计、运营与项目管理、专业培训及工具代理等多个关键领域。在产品研发方面，凯泽利科技自创立之初，便专注于汽车软件测试自动化平台的研发，并成功自主研发出了一款自动化测试平台。该平台采用先进的Web服务器架构，支持Web和Windows两大客户端，具备远程执行测试与监控结果的功能，并实现脚本的云同步。通过该平台，用户可以在办公室内远程操控实验室内的多个台架，全面支持IVI的所有输入输出，能够覆盖90%以上的测试用例。此外，平台还具备集中管理测试脚本和测试报告的功能，极大地方便了脚本的共享与报告的分析，是汽车软件测试工作中不可或缺的得力助手。在企业资质上，凯泽利科技荣获多项殊荣，包括国家高新技术企业、专精特新企业、中等规模以上企业、科技型中小企业以及创新型中小企业等称号。此外，公司还荣获了广东省守合同重信用企业称号，并通过了ISO9001认证和信息安全管理认证，在技术创新方面，凯泽利科技同样表现出强大的研发实力。目前，公司正在申请的国家发明专利已有10余项，并成功获得了10项国家发明专利授权和19项软件著作权授权。目前，凯泽利科技的主要客户包括广汽研究院、深圳联友科技、小鹏汽车、江铃汽车、马瑞利、广汽丰田、广汽能源、岚图汽车、广汽埃安、东风日产、星河智联、南方试验场、立昇科技、祺迹汽车科技、比亚迪、合创汽车、广州优尼冲压等知名企业。,"https://www.zhaopin.com/jobdetail/CC823999070J40855896915.htm?refcode=4019&srccode=401901&preactionid=a7c1140f-c46c-45e5-b867-ab342d8bdc77"
3449,前端开发,上海-闵行区,1-1.5万,上海现代通用识别技术有限公司,互联网,20-99人,,CC168270920J40574339414,岗位职责： 1、负责参与Web前端、App端基础技术框架及功能的设计、研发、维护； 2、负责界面构建、兼容、优化，与开发人员的协同配合； 3、负责跟进前端技术的发展，结合实际应用需求进行技术的改进与创新； 4、负责维护和改进前端技术平台，维护前端工具链、前端技术组件。任职要求：   1、计算机相关专业统招本科及以上学历，25年应届生或具有Web前端开发经验；   2、熟练掌握Vue、React 等主流框架，并有实际项目开发经验；   3、熟悉UI设计；   4、精通HTML5、CSS3、JavaScript等前端基础技术；   5、精通 CSS3 动画、过渡效果和响应式布局，能够编写高效、可维护的 CSS 代码；   6、具有良好的专业素养，有较好的学习能力，有分析问题、解决问题的能力，有较好的领悟力和执行力；  7、工作积极互动，责任心强，服从安排，身心健康，有一定的抗压能力； 8、具备较好的团队合作精神。   ,6月24日,"上海现代通用识别技术有限公司是专门从事高端证件的防伪设计和制作、个性化数码印刷服务的国有企业，承担过许多重要身份识别项目的设计研发工作，国家和地方重要证件的设计制作，并积极努力参与市场竟争，为社会开发了一系列相关技术产品。公司拥有先进的管理系统，通过了具有""国际贸易通行证""之称的ISO9001国际质量体系认证，保证了每个产品成本合理、质量稳定、性能可靠。公司拥有一批一流的研发人才保证了技术不断创新，新品层出不穷。近些年来公司在技术创新方面取得了不斐的成绩：证件塑卡防伪印刷方面：我们拥有一支高水平的设计、制版、印刷专业技术人才队伍，在印刷防伪工艺上具有独步的多方位的技术手段、配合先进的设计软件和一流的工艺设备，能够为用户提供具有高防伪性、质量上乘、数字准确的高端防伪产品，如各种塑卡和纸质证件和有价证（券）以及证书等。在防伪印刷工艺、技术和材料和的开发方面我们注重特种材料和特殊工艺的研究和开发，主要产品有：特种纸张、特种油墨、激光全息、装帧材料、微型标识等。在数码印刷方面：我们拥有目前先进的富士施乐数码印刷机，可以为我们的客户提供从各种数码图文设计、彩色黑白数码快印、可变数据快印等个性化，同时提供全套的印后加工服务。在技术研发方面：拥有高技术研发人员，针对特定项目开展定制化研发服务。公司位于闵行区浦江镇863软件孵化基地内，环境优美、设施完备、配套齐全。除了通过ISO9001质量管理体系的认证、高新企业认证外，我公司还具备上海市保密局下发的保密印刷的资质，还拥有一支年轻，富有开拓创新精神的团队。今后我们还将不断的健全经营机制，完善管理模式，优化服务体系，竭诚为您担供优质便捷的服务。","https://www.zhaopin.com/jobdetail/CC168270920J40574339414.htm?refcode=4019&srccode=401901&preactionid=a7c1140f-c46c-45e5-b867-ab342d8bdc77"
3450,技术支持工程师,广州-番禺区,3000-4000元,广州宇喜资讯科技有限公司,"计算机软件,计算机软件",20-99人,未融资,CC158097710J40737309801,岗位职责：,5月27日,"广州宇喜资讯科技有限公司YuxiTech（Guangzhou）Limited（以下简称为宇喜科技）成立于2003年,并于2005年正式成为法国达索SOLIDWORKS认证增值代理商, 14年来通过服务华为技术有限公司、中集集团、深圳大族等几百家粤港澳大湾区客户，锻炼铸就宇喜一支覆盖达索SOLIDWORKS全产品线的技术团队，我们为您服务的产品线有：SOLIDWORKS Professional、Premium、Electrical 2D+ 3D，MBD、Inspection、Draftsight、Simulation Premium、FlowSimulation Cooling& HAVC，Plastics Premium、Composer、 Visualization、EPDM、Manager........；宇喜科技使命是：通过SOLIDWORKS技术服务来助力客户设计更好的产品；宇喜科技价值观HOB：Honiesty、Ownership、Belief","https://www.zhaopin.com/jobdetail/CC158097710J40737309801.htm?refcode=4019&srccode=401901&preactionid=a7c1140f-c46c-45e5-b867-ab342d8bdc77"
3451,前端开发,济南-历下区,5000-10000元,济南海德润信息科技有限公司,计算机软件,20-99人,,CCL1492243430J40815454103,岗位内容： 1. 开发响应式Web页面和功能组件，确保优秀的用户体验 2. 与后端开发人员合作，实现应用程序的完整性和可维护性 3. 设计和实现复杂的前端UI交互，并在跨浏览器环境中进行测试和故障排除 任职要求： 1. 了解HTML、CSS和JavaScript，并熟悉至少一种主要的前端框架（如React或Angular） 2. 具备良好的沟通能力和团队合作精神，有解决问题的能力和创新思维,7月21日,,"https://www.zhaopin.com/jobdetail/CCL1492243430J40815454103.htm?refcode=4019&srccode=401901&preactionid=a7c1140f-c46c-45e5-b867-ab342d8bdc77"
3452,C/C++,成都-成华区,7000-12000元,四川弘诚天毅工程咨询股份有限公司,"电力/水利/热力/燃气,电力/水利/热力/燃气",100-299人,天使轮,CC320422680J40638063206,岗位职责： 1、该岗位主要从事工程软件开发，负责三维建模软件的项目管理、需求分析、设计和开发工作； 2、系统的升级与维护工作； 3、参与系统架构分析； 4、必要时承担软件测试职能； 5、编写技术方案和项目文档。 任职要求：     1、统招本科2024-2025年毕业生，计算机相关专业 ；岗位接受实习      2、熟悉C++、数据库；,4月8日,四川弘诚天毅工程咨询股份有限公司(以下简称“弘诚天毅”)成立于2013年3月，注册资金壹仟万，弘诚天毅致力于成为中国一流的综合性咨询服务供应商，现为客户提供应用于水利、市政、交通等专业领域的工程咨询、勘察设计、软件、硬件及系统服务。公司现持有工程勘察专业类(工程测量、水文地质勘察、岩土工程)乙级资质、工程设计水利行业(灌溉排涝、河道整治、水库枢纽)专业丙级资质、水土保持方案编制单位水平评价证书( 2星)、水资源论证单位水平评价乙级证书、水文水资源调查评价单位水平评价乙级证书、市政行业乙级资质、建筑行业乙级、风景园林工程设计专项乙级、环境工程专项乙级等。,"https://www.zhaopin.com/jobdetail/CC320422680J40638063206.htm?refcode=4019&srccode=401901&preactionid=a7c1140f-c46c-45e5-b867-ab342d8bdc77"
3453,技术支持工程师,南昌-西湖区,8000-16000元,青岛安然物联网科技有限公司,"物联网,物联网",20-99人,未融资,CC559764920J40565329504,需要弱电技术、自动化、安防系统、工业互联网+危化安全生产、物联网人才，不要纯软件人才。  你能经常到全国各地出差吗？你能到工业生产现场生产现场做技术支持吗？     真正的奋斗者在安然会有让人值得为之奋斗的事业，会有充实、高效的成长，会有高人一等的收入。,7月22日,基于精准人员定位的工业安全生产信息化管理专家，安全生产信息化管理引领者！作为全国实时定位技术标准工作组成员和应急管理部“工业互联网+危化安全生产”人员定位系统技术支持机构，安然从2012年起致力于基于ZigBee Plus三维立体按需精准定位的“工业互联网+安全生产”的研究，获得了20多项安全智能管控系统发明专利和著作权，持续引领中国化工行业生产现场智慧安全！安然以“准、稳、狠”的ZigBee Plus三维立体按需精准人员定位统和“底数清、数据准、情况明、研判准、措施实”的安全生产信息化平台为核心，整合访客管理、出入口控制、人脸识别、视频监控、语音广播、重大危险源监控、可燃有毒气体监测等系统，对生产现场人、机、料、法、环五大要素进行实时、动态、智能管控和预警，规范人的安全行为，保障人的生命安全，有效防范风险、主动化解风险，实现智慧安全。安然“以用为本”，把安全生产信息化建设与公司管理体系“深度融合”，把安全生产信息化建设与日常工作“紧密结合”，对安全生产切实“有用、实用、好用”，避免建用“两张皮”，让安全管控更智能，让生产更高效才实用。迄今已服务中石化、中石油、延长石油、国能、兖矿、京能、索普、新安、奇美、昊源、潞安、旭阳、垦利、逸盛、海科、酒钢、金发等几百家石化、化工、选煤、钢铁、电厂企业。安然以客户为中心，以强者为本，抬头乐干，愿意与同道中人联合、链接，携手共建、共用、共享生产安全命运共同体，一起干，一起干，让优秀企业更安全，让优秀企业更高效！,"https://www.zhaopin.com/jobdetail/CC559764920J40565329504.htm?refcode=4019&srccode=401901&preactionid=a7c1140f-c46c-45e5-b867-ab342d8bdc77"
3454,C/C++,成都-郫都区,1.3-2.6万,外企德科数字技术有限公司,专业技术服务,10000人以上,,CCL1480117890J40733750605,岗位要求: 1、统招本科及以上学历，双证齐全(学信网可查） 2、掌据C/C++/Java/python/Go/JS一种或多种编程语言，热爱编程 3、掌握常用的数据结构、数据算法。 岗位优势： ①大厂市场领先且稳定的薪酬福利收入(根据面试能力评价等定级定薪) ②个人编程能力的快速学习提升(导师6个月带教) ③行业前沿的技术框架(不用担心未来如果换工作技术框架不适用) ④行业领先的产品研发项目管理流程、编码规范培训、纯粹的工程师氛围(您要相信，和优秀的人一起工作，您也必定变得更优秀) 公司福利: 1.入职即缴纳五险一金+商业险，全额缴纳社保及公积金 2.一年数次考评，薪资、职级可上浮 3.带薪年假5-15天 4.免费夜宵，城际班车，舒适的办公环境 5.免费健身房，各种娱乐活动(可自行选择是否参加，不参加就早点下班哦）,2025-07-27 00:23:29,外企德科数字技术有限公司是一家2023年新成立的中外合资企业。成立于2023年11月24日，公司定位：专注于为信息技术企业提供人才及数字技术外包解决方案的中外合资企业。它是由中国人力资源服务行业的FESCO（北京国际人力资本集团）与全球人力资源服务领导者The Adecco Group（德科集团）合资成立的。公司主要提供网络技术服务、软件外包服务、计算机系统服务、技术进出口、软件开发等信息技术相关服务。专注于为信息技术企业提供信息技术类人才及数字技术外包解决方案。,"https://www.zhaopin.com/jobdetail/CCL1480117890J40733750605.htm?refcode=4019&srccode=401901&preactionid=a7c1140f-c46c-45e5-b867-ab342d8bdc77"
3455,技术支持工程师,哈尔滨-道外区,7000-11000元,哈尔滨中真科技有限公司,"通信/网络设备,运营商/增值服务,消费电子产品,光电子行业",500-999人,天使轮,CC541926530J40674338006,具体工作内容与职责： 1、通过电话、邮件、在线等服务方式，为用户提供7*24技术咨询支持服务，远程解决各种客户技术问题； 2、理解产品功能原理、配置使用，为用户提供对应的解决方案； 3、跟进反馈问题处理状态和结果，确保在规定的服务承诺时间内响应并完成支持服务； 4、收集客户对产品的改进建议和维护性需求，协同产品研发团队共同提升产品质量。 任职要求： 1、精通TCP/IP基础协议，掌握网络交换原理和路由协议，精通常见安全产品的使用和基础排错； 2、精通Linux系统常见命令和应用，了解KVM、VMware等虚拟化技术，熟练使用windows操作系统与办公软件；,6月27日,,"https://www.zhaopin.com/jobdetail/CC541926530J40674338006.htm?refcode=4019&srccode=401901&preactionid=a7c1140f-c46c-45e5-b867-ab342d8bdc77"
3456,硬件测试,新乡-红旗区,4000-6000元,阿尔泰科技,"仪器仪表制造,仪器仪表制造,工业自动化",100-299人,未融资,CC135851050J40713087411,"岗位职责： 1、熟悉模电、数电，有简单电路分析能力；了解电子电路知识； 2、熟练掌握电源、万用表、示波器、信号发生器等测试仪器的使用方法和维修焊接技术； 3、熟悉各类总线（PCI,PCIE，PXI,PXIE等） 4、进行产品的性能测试（硬件方向），做故障原因分析，填写测试报告，进行硬件配套上位机功能测试。 5、配合研发工程师进行产品测试，有相关嵌入式经验者优先。 任职要求： 1、本科及以上学历，电子信息，测控及相关专业 2、具备良好的执行能力和沟通、书面表达能力，有团队精神和较强的责任心",7月26日,阿尔泰科技成立于1999年，是一家专业从事测控产品研发、生产、销售和服务的公司。自主研发的产品包括多种总线数据采集板卡、分布式采集模块、无线通讯数传采集模块、运动控制卡、测控机箱及测控系统、控制器、无风扇工业电脑、工业平板电脑、工业主板等。企业通过了ISO9001：2016质量体系，9001B-2009军工质量管理体系，CE欧盟质量体系、FCC体系，产品被广泛应用于环境、电力、通讯、航天、军工等领域。阿尔泰科技于2017年在石家庄扩建了生产基地，坐落于美丽的河北省鹿泉经济开发区，占用面积1000多平方米。地理位置优越，交通便利。基地主要加工生产本公司自主研发的产品，同时也接收外来产品的加工，石家庄生产基地延续了阿尔泰科技的质量管理体系，以服务共赢作为公司的经营理念。研发能力阿尔泰科技自1999年成立以来，一直致力于为客户提供优质的产品和服务，与各军工单位、科研院所等行业机构具有长期稳定的合作关系，能持续不断地获取行业新技术，完善自主知识产权产品的研发，为客户提供优秀的服务。公司设立了石家庄、成都、西安三个研发分公司，团队中有一批具有十年以上自动化行业研究与产品开发经验的工程师，是一支优秀的研发团队。同时，阿尔泰从用户多样化的需求出发，不断探索，为客户提供一系列增值服务，包括产品定制，固有产品改版、生产测试服务、软件设计、结构设计、PCB设计焊接调试等服务。生产能力生产基地坐落于风景秀丽的北京市平谷区，有大型回流焊机、全自动贴片机器、全自动丝印机、光学自动检测仪（AOI）等现代化设备，具备规划化、标准化、系统化的生产和管理水平。服务网络目前，阿尔泰科技有北京、西安、成都、南京、深圳、长春六家分公司，沈阳、哈尔滨、天津、石家庄、济南、郑州、合肥、武汉、上海、长沙、贵阳等十二家办事处，多地有服务网络。,"https://www.zhaopin.com/jobdetail/CC135851050J40713087411.htm?refcode=4019&srccode=401901&preactionid=a7c1140f-c46c-45e5-b867-ab342d8bdc77"
3457,前端开发,武汉-洪山区,9000-12000元,河南晨智人力资源管理有限公司,咨询服务,20-99人,不需要融资,CC491699880J40783431503,岗位职责：1.负责前端页面的开发与维护，实现产品经理、设计师的业务需求;,7月12日,河南晨智人力资源管理有限公司办公室地址位于国家服务业综合改革试点城市，以新郑国际机场为中心的郑州，河南自贸试验区郑州片区（郑东）寿丰街50号9层908号，于2007年11月20日在郑州市工商行政管理局自贸区服务中心注册成立，注册资本为100万元，在公司发展壮大的12年里，我们始终为客户提供好的产品和技术支持、健全的售后服务，我公司主要经营人力资源管理；企业管理咨询；职业中介服务；会议及展览展示服务；普通货物装卸搬运服务；保洁服务；设计、制作、代理、发布国内广告业务；销售：电子产品、机电设备。,"https://www.zhaopin.com/jobdetail/CC491699880J40783431503.htm?refcode=4019&srccode=401901&preactionid=a7c1140f-c46c-45e5-b867-ab342d8bdc77"
3458,技术支持工程师,上海-青浦区,5000-10000元,昆亚医疗,"医疗设备/器械,医疗设备/器械",500-999人,已上市,CC452929420J40753865801,岗位职责： 1、协助处理客户的技术咨询与问题反馈，提供及时有效的解决方案； 2、参与产品使用培训及客户支持服务，提升客户满意度； 3、跟进技术问题的处理流程，协助撰写技术文档和常见问题解答； 4、 配合团队完成技术支持相关项目，提升整体服务质量。 任职要求： 1、本科及以上学历，生物医学工程、医疗器械、电子工程等相关专业优先。 2、对医疗设备维保行业有兴趣，具备基础机械/电子知识。 3、沟通能力佳，责任心强，能适应短期出差或现场支持。 4、实习生、应届生或2年以内相关经验者均可。,7月22日,昆亚医疗是一家智慧医疗设备服务平台，运用5G+物联网技术搭建了IMES智慧物联体系，依托互联网、物联网与云计算等前端科技，为医院提供强大的智慧物联服务与医疗设备全生命期管理。自2009年成立以来，公司不断推陈出新，与时俱进，目前已服务过600多家医院，业务覆盖全国34个省级行政区；核心的技术、研发、项目工程师超过500多人。奠定了医疗服务行业的领军地位，公司将于五年内上市，成为行业内的独角兽企业！,"https://www.zhaopin.com/jobdetail/CC452929420J40753865801.htm?refcode=4019&srccode=401901&preactionid=a7c1140f-c46c-45e5-b867-ab342d8bdc77"
3459,技术支持工程师,北京-昌平区,1.2-1.6万,北京绿百草科技发展有限公司,"医药制造,石油/石化,贸易/进出口,零售/批发",100-299人,未融资,CC148320640J40359936116,任职要求： 1、分析化学、化学工程、高分子材料、生物工程等相关专业本科以上学历，应届生优先； 2、熟悉液相和气相原理及仪器。有GPC仪器和离子仪器操作工作经历优先考虑； 3、熟悉在HPLC上操作多种不同分离模式的色谱柱；可进行方法开发，方法验证，熟悉申报资料的撰写。  4、 熟悉医药产品分析的市场需求，了解医药产品申报流程、质量体系法规等； 5、 良好的英语口语和书写能力，普通话标准； 6、 具备较强的分析、判断、决策及解决问题的能力；较强的组织、沟通、协调能力； 7、 具备良好的职业道德、积极上进，热爱学习，善于沟通，执行力强，有团队意识； 8、 熟练使用办公软件。       岗位职责： 1. 对公司销售部门进行技术支持，负责技术答疑，重点客户登门拜访进行技术交流，反馈客户问题； 2. 负责公司内部的产品培训、为代理商和终端用户提供产品应用培训，以及与供应商进行产品技术交流，获得技术支持； 3. 实验室日常管理，熟悉分析实验室常规仪器操作，尤其能熟练操作HPLC仪器，并能独立完成分析方法开发； 4. 参与产品的市场推广与促销，负责编辑产品的专业广告术语，组织产品学术活动，促进产品推广策略的实施。 职位福利：五险一金、绩效奖金、全勤奖、交通补助、通讯补助、带薪年假、员工旅游、节日福利  ,7月4日,"北京绿百草科技发展有限公司成立于1999年，坐落于中关村科技园区，是一家专业经营纯化填料、色谱柱、化学试剂和实验室设备及相关技术服务的科技型企业，产品主要应用于制药、生物、食品、环境和农业等领域。凭借世界一流的产品和服务，绿百草科技与广大客户建立了长期稳定的战略合作关系，被众多企业和科研机构认定为“指定供应商”，得到了政府部门的关怀和有力支持。经过十多年的快速发展，绿百草科技创建了产品种类齐全、技术服务领先的色谱耗材平台。绿百草科技被众多国际一流供应商选择为他们在中国区的总代理或者一级代理，包括日本三菱化学株式会社、加拿大SiliCycle股份有限公司、日本株式会社YMC、美国Benson聚合物股份有限公司、日本东洋曹达株式会社、日本大赛璐化学工业株式会社、日本Nacalai Tesque株式会社、日本信和化工株式会社、日本住化分析株式会社等。同时，还提供美国USP标准物质、欧洲药典标准物质EDQM、英国皇家化学学会LGC标准物质、加拿大TRC标准物质等。目前，绿百草科技已成为国内制药、生物、食品、环境和农业等领域的最大供应商之一。绿百草科技的快速成长更是得益于各领域广大客户的支持，如：北京大学、清华大学、中国科学院、中国医学科学院、北京出入境检验检疫局、哈药集团、石药集团、浙江海正药业股份有限公司等。绿百草科技将一如既往，关注您的研发生产项目,为您提供最高性价比产品和服务。","https://www.zhaopin.com/jobdetail/CC148320640J40359936116.htm?refcode=4019&srccode=401901&preactionid=a7c1140f-c46c-45e5-b867-ab342d8bdc77"
3460,测试工程师,南通-崇川区,5000-7000元,天阳科技,"计算机软件,计算机软件",1000-9999人,已上市,CC120408370J40824007608,1.全国项目驻场测试，主要负责功能、数据或接口等相关测试工作； 2.统招本科学历及以上（学信网可查）；毕业满2年；计算机专业优先； 3.热爱软件测试行业、有强力的自驱力，能够在测试岗位深入学习研究； 4.有无经验均可，服从公司安排，接受公司培养，可接受异地工作优先； 福利待遇： 上市公司，公司可以提供住宿，提供五险一金； 欢迎符合要求的小伙伴们投递~,7月23日,天阳科技(股票代码：300872)，是全球金融创新服务的重要贡献者，持续赋能中国金融行业数字化转型，为客户提供咨询、金融科技产品、金融IT服务、云计算及运营服务。公司成立于2003年，服务超过300家金融行业客户，覆盖中央银行、政策性银行、国有银行、股份制银行、地方性商业银行、非银行金融机构等，员工人数近7000人，成为激活金融领域创新活力、推动金融科技迈入世界领先水平的重要力量。作为金融行业客户可信赖的合作伙伴，天阳科技凭借丰富的行业经验和端到端的专业服务，在信创、数字化金融、信贷、交易银行、信用卡、零售、营销、风险管理、征信监管等众多领域具备核心竞争力。据赛迪和IDC报告显示，近年来公司在中国银行业IT解决方案市场排名强势崛起，2019年收入及市场占有率综合排名分别位列第四位和第五位，并保持高速增长。同时，前瞻商业和科技趋势，入选2021年度未来银行科技服务商TOP100。天阳科技始终聚焦金融科技领域，加大自主创新力度，在超过100个城市建立本地化、专业化的研发和服务团队，拥有CMMI5级认证、软件测试成熟度模型集成（TMMi）3级认证、ISO9001质量管理体系认证、ISO20000信息技术服务管理体系认证、IS027001信息安全管理体系认证。通过部署人工智能、云计算、大数据、移动互联网、分布式计算和区块链等先进金融科技，公司致力于构建安全可控、普惠民生、开放共赢格局，在关键技术领域服务现代化金融发展大局，更好地为各利益相关方创造更大价值，为大中企业、小微企业以及每个个体提供优质金融服务。,"https://www.zhaopin.com/jobdetail/CC120408370J40824007608.htm?refcode=4019&srccode=401901&preactionid=a7c1140f-c46c-45e5-b867-ab342d8bdc77"
3461,实施工程师,苏州-吴江区,6000-8000元,苏州博弈工业智能科技有限公司,"计算机硬件,金属制品业,医疗设备/器械,仪器仪表制造",20人以下,未融资,CC313569610J40693685701,1.负责完成AGV项目中的AGV（磁导航、二维码导航、SLAM导航AGV）实施方案规划，现场实施调试等； 2.可独立完成项目现场调试工作，分析、诊断并解决生产、售后中AGV相关的异常问题处理； 3.协助完成项目前期的技术方案的制定； 4.协助完成相关技术文档的起草； 5.负责AGV技术测试，生产车间以及项目现场调试工作； 6.有较强的适应能力，学习能力以及可接受出差，有较强的抗压能力； 7.专业知识与技能：熟悉产品相关交付流程，对公司相关职能清楚，有较强的团队协作能力及沟通能力； 8.责任心强、积极主动、肯钻研，有良好的沟通能力和团队合作精神； 9.具体薪资面议；,6月21日,苏州博弈工业产品设计有限公司成立于2007年，注册资本500万，专业从事工业产品设计、技术开发及技术转让的专业技术服务和管理型公司。先后荣获“江苏省工业设计示范企业”，”江苏省民营科技企业“、“江苏省企业信用单位”，当选为“苏州市工业设计协会”的会长单位，“苏州高新文化创意产业商会”“江苏省工业设计协会”理事单位。博弈设计联盟平台提供从设计开发到生产组装的系统解决方案，致力于工业设计产业链整合创新研究推广！于2016年内牵头筹建“苏州工业设计协同创新中心“改善工业设计环境，提升工业设计竞争力，推动制造业转型升级，打造特色产业集群和特色产业联盟！,"https://www.zhaopin.com/jobdetail/CC313569610J40693685701.htm?refcode=4019&srccode=401901&preactionid=a7c1140f-c46c-45e5-b867-ab342d8bdc77"
3462,测试工程师,芜湖-鸠江区,4000-7000元·13薪,芜湖金佰世测控技术有限公司,"工业自动化,仪器仪表制造,电气机械/电力设备",20-99人,未融资,CCL1469436150J40488708112,岗位职责： 1、配合项目测试总工程师完成产品功能测试设备的开发设计及调试维护； 2、对测试设备不良产品情况进行分析并记录； 3、对测试设备故障异常处理； 4、配合测试总工程师是完成对产品功能测试方案的规划； 5、有较高的学习热情和刻苦意志； 6、部分国内外项目需要短期出差； 任职要求： 1、大专以及以上学历，电子、通信、计算机、自动化、测控技术与仪器仪表等专业优先； 3、了解测试设计相关原理与技术标准，熟悉设计流程，对labview软件平台有浓厚兴趣； 4、能简单读懂硬件原理图，熟悉常见的硬件接口(I2C、SPI、CAN、LIN、RS232)； 5、协助负责产品的售后问题分析与排查； 6、协助负责跟踪产品试制作，排查试制作问题点。 6、简单了解常用电子相关工具仪器（万用表、示波器、逻辑分析仪等）； 7、富有团队精神，责任感和沟通能力。 8、双休 可接受有学习意向的应届毕业生。,12月16日,金佰世（芜湖）智能装备有限公司成立于2023年，前身为思诺尔自动化科技有限公司测试研发部，公司位于安徽省芜湖市鸠江经济开发区联东U谷高端智能装备产业园U-4号楼，现有研发办公区域400平，生产调试区域600平，成员15人，由自动化测试多年从业工程师与大学电子软硬件研发中心合作创办而成。团队能力范围覆盖：电子零部件相关的FCT/flashing/EOL/安规/密封/电驱等产品测试设备、标准化产品功能抽检/寿命/LVDS等测试盒，电压电流测量板卡，IO/矩阵切换/可编程信号等工业控制板卡，并致力相关测试软件的设计与研发。凭借性能优良，质量可靠的特点，产品广泛应用于3C家电，汽车零部件，电池能源，国防航空等领域的生产与测试。团队以芜湖高校安徽信息工程学院为依托，充分利用其得天独厚的资源，人文优势，共建“智能硬件研发中心”，中心现有硕士生3人，高级工程师2名，中级职称3人，长期从事智能硬件，自动化测控系统的创新和研发工作。目前主要客户有：纬湃汽车电子（芜湖）有限公司、大陆汽车车身电子系统（芜湖）有限公司、天津电装电子有限公司、长春伟世通汽车电子有限公司、芜湖宏景电子股份有限公司、昌辉汽车电气系统(安徽)有限公司、伯泰克汽车电子（芜湖）有限公司（原博世汽车多媒体）等,"https://www.zhaopin.com/jobdetail/CCL1469436150J40488708112.htm?refcode=4019&srccode=401901&preactionid=a7c1140f-c46c-45e5-b867-ab342d8bdc77"
3463,C/C++,北京-朝阳区,300-500元/天,北京红海科技,"游戏,互联网",100-299人,未融资,CC493158830J40699305306,岗位职责 1.根据分配的任务计划，进行手游客户端的开发工作。 2.使用cocos2dx引擎开发游戏，熟悉C++（基于C++开发） 3.完成公司及上级交代的其它工作任务。 任职要求: 1.扎实的计算机基础知识 2.熟练使用c++，c、java、python等一系列编程能力 4.执行力好，责任心强。 有游戏项目开发经验优先,7月29日,北京红海科技是中国领先的网络游戏开发商之一，成立于2012年，是一家以轻度休闲手游项目为主的手游公司。一直以研发优质的精品手游为宗旨。我们能给你提供的： 1.高收入，高保障，上升空间清晰。 2.人性化的五险一金、交通补助、丰厚的年终奖，每年国内外旅行。 3.为每一位伙伴提供可口的午餐、晚餐；休闲零食，水果，饮料，一应俱全。 4.我们关爱员工及其家人，为你和你的家人提供各种节日福利。 5.我们同样关注你的成长!并经常举办拓展培训、足球篮球、员工聚会等活动，和你一起全军出击。 6.脱离常规办公室的死板，告别鸦雀无声的零交流办公，氛围轻松愉快棒棒哒。 7.公司饲养胖狗吉祥物一只，圆每位狗奴一个铲屎梦，工作累了?心情down了?撸狗吧! 8.公司不定时发放内部私服，图案个性，自由随心，加入我们从此不缺衣服穿。当然，如果你够优秀，够努力，我们将给你提供最好的发展平台和竞选成为合伙人的机会。不管你技术如何，不管你经验如何我们愿意与你共同成长，找回那份灿烂和激情注：梦想是需要努力奋斗去建设的，怕苦怕累的小朋友请后排站我们是一个年轻的团队，在这里有一群有激情、有梦想、肯奋斗的小伙伴，如果你也想成就自己的一份事业，就赶快加入我们吧！,"https://www.zhaopin.com/jobdetail/CC493158830J40699305306.htm?refcode=4019&srccode=401901&preactionid=a7c1140f-c46c-45e5-b867-ab342d8bdc77"
3464,测试工程师,大连-西岗区,1.3-1.8万·13薪,方得(青岛)人力资源有限公司,咨询服务,20-99人,,CCL1462672470J40735768816,,2025年07月28日,,"https://www.zhaopin.com/jobdetail/CCL1462672470J40735768816.htm?refcode=4019&srccode=401901&preactionid=a7c1140f-c46c-45e5-b867-ab342d8bdc77"
3465,技术支持工程师,南京-None,4000-7000元,江苏京隆信息科技有限公司,"IT服务,互联网",20-99人,,CC866914880J40167844802,位职责：,6月13日,"江苏小京龙信息科技有限公司是专注于为行业提供IT解决方案与服务提供商的技术研发型公司。公司总部位于南京，其中在上海，北京设有研发中心，现有员工总数近百人，其中绝大部分为专业技术人员。公司核心人员主要来自IBM、华为、中兴、焦点科技、苏宁易购等知名企业，公司致力于为客户提供领先的IT解决方案和优质的服务，为企业创建高效、安全、稳定的IT平台，利用先进的信息技术助力企业腾飞。公司经过多年的发展，不断的吸纳与沉淀，拥有一支经验丰富、身经百战的团队主要的管理人员及技术骨干均来自业内顶尖企业，具有十年以上国际企业管理经验，团队具有强大的凝聚力及共同愿景。截止现在，公司产品已经规模进入众多的省级和市级单位，取得了令人满意的成绩和客户的一致好评！同时公司承担了多个国家级重点科研项目。公司福利：购房首付免息贷款，公司辅助公积金还贷；购车公司补贴政策；核心员工股权激励；传统节日礼金券慰问、年度家属慰问金；生日礼金、结婚礼金、生育礼金；提供健身卡、健身器材及场地；每日免费提供新鲜水果、零食、咖啡可乐等茶饮；月度公司团体活动，另拨经费用于各部门每月组织活动；年度体检、年度旅游，优秀员工有机会获得额外的境外旅游；完善的职业规划、培训制度；五险一金,带薪年假；春节额外休假；高额年终奖；全面的补贴，包括餐费补贴、交通补贴、通信补贴等（部分补贴视岗位而定）。","https://www.zhaopin.com/jobdetail/CC866914880J40167844802.htm?refcode=4019&srccode=401901&preactionid=a7c1140f-c46c-45e5-b867-ab342d8bdc77"
3466,实施工程师,南京-高淳区,6000-8000元,红宝丽集团,"化学原料/化学制品,化学原料/化学制品",1000-9999人,已上市,CC131406579J00201473702,职位描述： 1、执行公司各类售后技术服务标准、制度、规范等； 2、处理客户的售后服务及技术事宜，将需要服务的客户信息转交给相关部门； 3、整理和分析产品售后服务过程中反馈的数据和信息，并将其反馈给上级主管； 4、根据需要，对公司的客户进行各种形式的回访和调查，以获取客户的直接反馈； 5、收集统计售后服务过程中发现的质量问题并予以处理； 6、协助领导建立技术服务信息管理系统，完善技术服务信息资料； 7、完成上级主管临时交办的工作任务 任职要求： 1、能适应长期在外出差； 2、高分子材料、精细化工等相关化工专业； 3、具备基本的英语听说读写能力，口头表达能力和团队协作能力好； 4、品行端正，为人热情、诚恳，有较强的事业心和责任感。 薪酬： 全面报酬=月度薪资+年终考核奖金+部门考核奖金+政府人才补贴 1、本科生年度总收入4万~6万（不含业务提成）； 2、研究生年度总收入6万~8万（不含业务提成）； 股权激励：公司针对核心技术（业务）人员实施股权激励计划。 福利： 1、公司为外地员工提供住宿，宿舍免费提供上网，有热水器、空调等基本设施，报到即可入住； 2、公司缴纳五险一金，商业保险，发放生日福利、节日福利、高温补贴； 3、公司关注员工身体健康，正式员工享受每年健康体检一次； 4、公司按照国家法定节假日休假，工作满一年后享有带薪年休假； 5.公司设有篮球场、网球场、乒乓球室、棋牌室等，每年举行职工篮球、羽毛球、乒乓球等比赛，丰富员工生活。 工作地点：   南京市南京市建邺区庐山路158号嘉业国际城4栋6楼  南京市高淳区双高路29号（两个地点任意选择）,12月18日,红宝丽集团股份有限公司始创于1987年，位于美丽的国际慢城——南京市高淳区，为高新技术企业，中国聚氨酯行业领军企业。2007年，公司在深圳证券交易所成功上市（股票代码：002165.SZ），成为国内大型上市的聚氨酯硬泡组合聚醚生产企业，第二批中国制造业单项冠军企业，位列中国石油和化工行业500强。红宝丽集团围绕聚氨酯、异丙醇胺、环氧丙烷、新材料和锂电等五大产业板块，建成了国内名列前茅的聚氨酯硬泡组合聚醚产业基地、全球较大规模的异丙醇胺产品研发和产业基地、具有较高技术的节能新材料产业基地和锂电池正极材料生产基地，现正在加快建设位于江苏泰兴的环氧丙烷产业基地。产品市场占有率连续多年占据国内前列，与西门子、三星、中集、海信、美的等世界500强和国内知名企业建立了良好的合作伙伴关系。集团研发实力突出，技术积淀深厚。拥有企业博士后科研工作站、省级企业技术中心和省级醇胺工程技术研究中心，与中科院、南京理工大学等科研院校建立了广泛的产学研合作关系。集团研究院根据不同产业领域分设了不同的研究所，配备了先进的技术研发设施和检测仪器，掌握了相关产业的关键核心技术，拥有完全自主知识产权，主持并参与多项国家标准和行业标准的制定，具有行业话语权。集团注重管理，追求卓越，创造了以“点滴管理、全员管理、长效管理”为基础，问题管理为特色的红宝丽管理模式，并荣获全国现代化管理创新成果一等奖。近年来，凭借优秀的管理绩效，先后荣获全国质量奖、全国五一劳动奖状、全国企业文化优秀案例等多项殊荣。未来，公司将继续秉承“为国家、为顾客、为员工、为股东、为社会”的办企宗旨，持续自主创新，不断延伸产业链，完善产业布局，把公司建成一个政府认可、员工认同、客户信赖、股东拥戴、社会尊敬的综合性化学新材料集团。薪酬：全面报酬=月度薪资+年终考核奖金+部门考核奖金+政府人才补贴 1、本科生年度总收入5万~8万（不含业务提成）； 2、研究生年度总收入8万~10万（不含业务提成）；股权激励：公司针对核心技术（业务）人员实施股权激励计划。福利： 1、公司为外地员工提供住宿，宿舍免费提供上网，有热水器、空调等基本设施，报到即可入住； 2、公司缴纳五险一金，商业保险，发放生日福利、节日福利、高温补贴； 3、公司关注员工身体健康，正式员工享受每年健康体检一次； 4、公司按照国家法定节假日休假，工作满一年后享有带薪年休假； 5.公司设有篮球场、网球场、乒乓球室、棋牌室等，每年举行职工篮球、羽毛球、乒乓球等比赛，丰富员工生活。联系方式：公司名称：红宝丽集团股份有限公司公司地址：江苏省南京市高淳双高路29号联系人：陈小姐联系电话：025—57350155邮箱：hr@hongbaoli.com（接收简历）公司主页：www.hongbaoli.com,"https://www.zhaopin.com/jobdetail/CC131406579J00201473702.htm?refcode=4019&srccode=401901&preactionid=a7c1140f-c46c-45e5-b867-ab342d8bdc77"
3467,测试工程师,固原-原州区,5000-7000元,天阳科技,"计算机软件,计算机软件",1000-9999人,已上市,CC120408370J40824025108,1.全国项目驻场测试，主要负责功能、数据或接口等相关测试工作； 2.统招本科学历及以上（学信网可查）；毕业满2年；计算机专业优先； 3.热爱软件测试行业、有强力的自驱力，能够在测试岗位深入学习研究； 4.有无经验均可，服从公司安排，接受公司培养，可接受异地工作优先； 福利待遇： 上市公司，公司可以提供住宿，提供五险一金； 欢迎符合要求的小伙伴们投递~,7月23日,天阳科技(股票代码：300872)，是全球金融创新服务的重要贡献者，持续赋能中国金融行业数字化转型，为客户提供咨询、金融科技产品、金融IT服务、云计算及运营服务。公司成立于2003年，服务超过300家金融行业客户，覆盖中央银行、政策性银行、国有银行、股份制银行、地方性商业银行、非银行金融机构等，员工人数近7000人，成为激活金融领域创新活力、推动金融科技迈入世界领先水平的重要力量。作为金融行业客户可信赖的合作伙伴，天阳科技凭借丰富的行业经验和端到端的专业服务，在信创、数字化金融、信贷、交易银行、信用卡、零售、营销、风险管理、征信监管等众多领域具备核心竞争力。据赛迪和IDC报告显示，近年来公司在中国银行业IT解决方案市场排名强势崛起，2019年收入及市场占有率综合排名分别位列第四位和第五位，并保持高速增长。同时，前瞻商业和科技趋势，入选2021年度未来银行科技服务商TOP100。天阳科技始终聚焦金融科技领域，加大自主创新力度，在超过100个城市建立本地化、专业化的研发和服务团队，拥有CMMI5级认证、软件测试成熟度模型集成（TMMi）3级认证、ISO9001质量管理体系认证、ISO20000信息技术服务管理体系认证、IS027001信息安全管理体系认证。通过部署人工智能、云计算、大数据、移动互联网、分布式计算和区块链等先进金融科技，公司致力于构建安全可控、普惠民生、开放共赢格局，在关键技术领域服务现代化金融发展大局，更好地为各利益相关方创造更大价值，为大中企业、小微企业以及每个个体提供优质金融服务。,"https://www.zhaopin.com/jobdetail/CC120408370J40824025108.htm?refcode=4019&srccode=401901&preactionid=a7c1140f-c46c-45e5-b867-ab342d8bdc77"
3468,技术支持工程师,杭州-富阳区,8000-16000元·13薪,杭州海控电气科技有限公司,"电气机械/电力设备,电气机械/电力设备,通用设备制造,电子设备制造",100-299人,不需要融资,CC409025110J40262646201,工作职责：  1、负责变频器伺服调试、物流流水线PLC编程调试工作；,3月14日,杭州海控电气科技有限公司公司简介：我们公司是一家专业的工业自动化综合解决方案提供商、产品供应商的系统集成商。具有全面的工业自动化系统集成能力和为制造企业全面电气配套的服务能力。与全球电气生产巨头：德国西门子、瑞典ABB、法国施耐德、伊顿穆勒、日本多摩川、瑞典北尔、日本新宝等建立战略合作关系，面向机械制造、最终用户、工程公司提供全面的产品解决方案。依托公司的产品资源，公司下属的成套公司为机械制造用户提供优质的电气控制成套装置；为最终用户的工程公司提供电气控制柜、配电柜；优化了客户的采购流程，为您提供一站式的产品服务。公司成立至今，本着“质量第一，诚信为本，效率领先”的经营理念，凭借优化的生产成套管理方法不断发展壮大，并形成了完善的销售和服务网络。在冶金，水泥，石油化工，食品设备，起重，印刷包装，橡塑机械，物料输送，汽车，新能源等行业有突出业绩。经营理念：客户（Customer)-关心客户如关心自己，为客户创造有效价值员工(Employees)-坚持企业与员工共同发展诚信(Integrity)-真诚待人，信守承诺价值(Value)-通过创造价值实现利润创新(Innovation)-勇于挑战自我，超越认知局限团队(Team)-推崇合作和团队精神分享(Share)-荣辱与共，成功分享执行(Perform)-科学决策，有效执行,"https://www.zhaopin.com/jobdetail/CC409025110J40262646201.htm?refcode=4019&srccode=401901&preactionid=a7c1140f-c46c-45e5-b867-ab342d8bdc77"
3469,测试工程师,长沙-长沙县,60-80元/天,长城信息股份有限公司,电子设备制造,1000-9999人,未融资,CCL1328857130J40756500409,岗位职责： 1. 根据产品需求，完成软件测试、整机测试； 2. 根据测试用例，编写对应的自动化脚本，执行自动化测试用例并分析。 任职资格： 1. 本科及以上学历，电子信息、计算机相关专业； 2. 熟悉自动化工具的一种或多种，具备自动化测试经验优先； 3. 工作细心、责任感强，良好的沟通表达能力和团队协作精神； 4. 可以连续实习6个月以上、每周至少5个工作日优先。,7月15日,长城信息股份有限公司（简称长城信息）坐落于长沙经济技术开发区，是中国电子旗下中国长城的控股子公司。公司注册资金6.28亿元，占地面积122亩，集安全高端金融机具、数字化渠道系统解决方案、文印外设的研发、生产、销售和服务于一体，是国内金融信息化和信创办公信息化领域有影响力的解决方案提供商和设备供应商。,"https://www.zhaopin.com/jobdetail/CCL1328857130J40756500409.htm?refcode=4019&srccode=401901&preactionid=a7c1140f-c46c-45e5-b867-ab342d8bdc77"
3470,科研人员,济南-历下区,8000-15000元,山东大学,培训/辅导服务,10000人以上,未融资,CC132032740J40656302916,为提升学院平台系统开发整合能力和技术服务支撑能力，建设一支专聘技术研发队伍，根据学院事业发展规划，现招聘非事业编制科研人员10名，具体如下： 一、基本条件 1.拥护党和国家的各项路线方针政策，遵纪守法，未受过任何纪律处分。 2.身心健康，热爱高等教育事业，遵守职业道德，工作踏实认真、积极主动，服从工作安排，责任心强，具有团队合作和奉献精神。 3.具有硕士研究生及以上学历学位，或本科具备丰富的软硬件研发经验。 4.具有较好的文字功底、较强的沟通协调能力和执行能力，能熟练应用办公软件。 5.熟悉ARM、DSP、FPGA等常用单片机，熟悉C语言；熟悉Keil、Altium Designer等常用嵌入式开发工具。有变流器，逆变器等电力电子设备研发经验者优先。  6.熟悉Linux系统，熟悉Python开发或UI设计研发经验者优先。,6月16日,山东大学是一所历史悠久、学科齐全、学术实力雄厚、办学特色鲜明，在国内外具有重要影响的教育部直属重点综合性大学，是国家“211工程”和“985工程”重点建设的高水平大学之一。,"https://www.zhaopin.com/jobdetail/CC132032740J40656302916.htm?refcode=4019&srccode=401901&preactionid=a7c1140f-c46c-45e5-b867-ab342d8bdc77"
3471,技术支持工程师,大连-甘井子区,7000-9000元·13薪,东软集团,"计算机软件,互联网",500-999人,已上市,CC120399300J40861704515,工作职责 1.日本支付端末故障技术支持 2.日本支付类相关咨询 任职资格 1.有良好的日文沟通能力 2.有良好的客户服务意识 3.有相关CALL经验者优先 4.有留学经验者优先 5.能够熟练操作办公软件 排班制： 8:00-20:00 11小时 8:00-17:00 8小时 8:30-17:30 8小时 9:00-18:00 8小时,7月9日,东软创立于1991年，是中国第一家上市的软件公司，一直以来致力于以信息技术的创新，推动社会发展，创造美好生活。东软集团以软件技术为核心，业务领域覆盖智慧城市、医疗健康、智能汽车互联及软件产品与服务。目前，东软在全球拥有近20000名员工，在中国建立了覆盖60多个城市的研发、销售及服务网络，在美国、日本、欧洲等地设有子公司。此外，东软连续四次入选普华永道“全球软件百强企业”，还曾荣获最具全球竞争力中国公司20强、中国50强全球挑战者、亚洲最受赏识的知识型企业、亚太地区最佳雇主等奖项。,"https://www.zhaopin.com/jobdetail/CC120399300J40861704515.htm?refcode=4019&srccode=401901&preactionid=a7c1140f-c46c-45e5-b867-ab342d8bdc77"
3472,C/C++,天津-西青区,1-1.5万,华清瑞达,"计算机软件,IT服务,电子/半导体/集成电路,船舶/航空/航天/火车制造",300-499人,已上市,CC247186020J40242650802,岗位职责： 1、负责软件需求分析、架构体系设计、UI设计； 2、负责软件开发、单元测试、产品发布支持及后期维护； 3、负责现有产品软件系统的开发维护及支持； 4、负责编写相应的设计及测试文档。 任职要求： 1、了解UI设计，具备丰富人机交互设计经验； 2、了解C++/C语言，熟练使用相关软件开发工具； 3、了解多线程、数据通讯、数据采集； 4、了解并行计算架构，熟悉CUDA编程； 5、吃苦耐劳，有上进心、责任心，有团队协作精神。 职位福利：五险一金、全勤奖、餐补、带薪年假、定期体检、节日福利、周末双休、健身俱乐部 ,7月21日,公司基本情况：北京华清瑞达科技有限公司是一家电子信息领域的高新企业，成立于2010年，目前员工300余人，办公环境宽敞舒适。研发方向包括：Ø雷达射频仿真及电子战环境仿真系统（雷达目标模拟器）；Ø航空电子模块；Ø高速信号采集、处理及存储系统。公司的资质和荣誉：Ø国家高新技术企业；Ø中关村高新技术企业；Ø中关村高新技术企业协会会员单位；Ø 2013年度北京市科学技术二等奖；Ø 2015中关村高成长企业TOP100；Ø 2015年北京市诚信创建企业。公司经历6年的发展，已进入高速发展期。目前，公司是深交所上市公司天银机电全资子公司。我们提供：有竞争力的薪资，根据能力和经验面谈；通过项目参与申请专利，著作权的机会；广阔的发展平台，无限的上升空间。,"https://www.zhaopin.com/jobdetail/CC247186020J40242650802.htm?refcode=4019&srccode=401901&preactionid=a7c1140f-c46c-45e5-b867-ab342d8bdc77"
3473,Java,西安-雁塔区,7000-12000元,东华医为科技有限公司,"IT服务,IT服务",1000-9999人,未融资,CC649781480J40792905305,岗位内容： 1. 设计、开发并维护Java应用程序。 2. 解决各种技术难题，保证代码的可靠性、高效性和安全性。 3. 参与软件设计的讨论和计划制定。 4. 与其他团队成员协作工作，提高团队整体技术水平。 任职要求： 1. 熟悉Java语言及相关技术，熟悉Spring框架。 2. 具有扎实的编程基础和良好的面向对象编程思想。 3. 对常见数据库如MySQL、PGSQL等有一定的了解和应用经验。 4. 对Web开发技术有深入理解，熟悉前端技术如HTML、CSS、JavaScript等。,2025-07-27 00:18:21,东华医为科技有限公司（简称东华医为）成立于2012年5月，注册资金5000万，是东华软件股份公司旗下专业服务医疗、卫生等大健康领域IT业务的全资子公司。东华医为现有员工2000余人，其中技术人员占比达到90%，拥有近100项大健康类自主知识产权的软件产品，所覆盖的大健康领域有医疗机构、卫生管理机构、互联网医疗、人工智能、大数据、健康管理等，所涉及的主要业务有IT咨询规划、方案设计、系统集成、软件开发与交付、工程实施与交付、人才培养、售后运维、合作运营等。东华医为现为全国500余家大健康领域的各类用户提供着持续的技术服务，还连续多年蝉联中国十佳医疗行业解决方案商榜首。传承了东华软件医疗卫生事业部近二十年IT业务的东华医为，在高速发展的大健康领域，笃定能大有作为。,"https://www.zhaopin.com/jobdetail/CC649781480J40792905305.htm?refcode=4019&srccode=401901&preactionid=a7c1140f-c46c-45e5-b867-ab342d8bdc77"
3474,实施工程师,杭州-富阳区,8000-16000元·13薪,杭州海控电气科技有限公司,"电气机械/电力设备,电气机械/电力设备,通用设备制造,电子设备制造",100-299人,不需要融资,CC409025110J40262646201,工作职责：  1、负责变频器伺服调试、物流流水线PLC编程调试工作；,3月14日,杭州海控电气科技有限公司公司简介：我们公司是一家专业的工业自动化综合解决方案提供商、产品供应商的系统集成商。具有全面的工业自动化系统集成能力和为制造企业全面电气配套的服务能力。与全球电气生产巨头：德国西门子、瑞典ABB、法国施耐德、伊顿穆勒、日本多摩川、瑞典北尔、日本新宝等建立战略合作关系，面向机械制造、最终用户、工程公司提供全面的产品解决方案。依托公司的产品资源，公司下属的成套公司为机械制造用户提供优质的电气控制成套装置；为最终用户的工程公司提供电气控制柜、配电柜；优化了客户的采购流程，为您提供一站式的产品服务。公司成立至今，本着“质量第一，诚信为本，效率领先”的经营理念，凭借优化的生产成套管理方法不断发展壮大，并形成了完善的销售和服务网络。在冶金，水泥，石油化工，食品设备，起重，印刷包装，橡塑机械，物料输送，汽车，新能源等行业有突出业绩。经营理念：客户（Customer)-关心客户如关心自己，为客户创造有效价值员工(Employees)-坚持企业与员工共同发展诚信(Integrity)-真诚待人，信守承诺价值(Value)-通过创造价值实现利润创新(Innovation)-勇于挑战自我，超越认知局限团队(Team)-推崇合作和团队精神分享(Share)-荣辱与共，成功分享执行(Perform)-科学决策，有效执行,"https://www.zhaopin.com/jobdetail/CC409025110J40262646201.htm?refcode=4019&srccode=401901&preactionid=a7c1140f-c46c-45e5-b867-ab342d8bdc77"
3475,技术支持工程师,合肥-蜀山区,7000-8000元,安徽佳通乘用子午线轮胎有限公司研发分公司,汽车零部件,500-999人,不需要融资,CCL1411579820J40519664311,工作内容： 1、根据NVH支持处工作分配，实施并完成OE部分委托试验。 2、参与实施与技术开发目标相关的课题研究，探索提高产品品质的新技术方向。 3、应对OE需求，提供产品NVH品质改善的设计方向。 4、参与设计与NVH 技术提升相关的平台建设，改善与增强NVH研究能力。 5、参与外部技术交流，推广NVH综合能力，提升我司产品品质形象。 岗位要求： 1、熟练掌握Microsoft Word、Excel、PowerPoint等常用办公软件； 2、熟悉AutoCAD、CATIA等CAD软件； 3、具有声学、振动、工程等测试和数据处理经验，熟悉数字信号处理方法； 4、具有一定的英语听、说、读、写能力； 5、具有良好的沟通、分析和解决问题、应变、抗压等能力。 6、拥有驾照且可接受出差。 培训发展： 完善培训体系（内部培训、外部培训），新员工导师制，职业技能培训、个人职业生涯规划、技术与管理双层晋升通道。 薪资待遇： 1、合肥地区具有竞争力的起薪，年终奖、特殊奖励、固定调薪，加班支付加班费，入职即缴纳五险一金，享受带薪休假与公司福利年假； 2、提供免费住宿，空调、热水等，阅读、运动、娱乐等生活设施齐全； 3、免费午餐，荤素搭配； 4、班车接送，班车线路覆盖合肥市大部分地区； 5、不定期旅游活动； 6、员工互助基金，大病兜底。,6月26日,佳通轮胎（中国）研发中心创建于2003年03月01日，是佳通轮胎全球5大研发及试验中心之一，也是人数最多、研发实力最强、最为核心的研发中心。目前研发中心共有员工570余人，博士近10人，硕士100余人。其中从事技术开发和创新的研发人员400多人，均为本科及以上学历，是一支高素质、高水平的研发团队。多名外籍资深专家在中心任职，从事技术研究和开发工作。佳通轮胎（中国）研发中心位于国家级合肥经济技术开发区，建有6层蕴含尖端科技的研发中心办公楼及占地6000多平米的试验楼。研发中心在2016年被评为国家认定企业技术中心，其实验室在2010年通过了国家认可实验室CNAS认证。,"https://www.zhaopin.com/jobdetail/CCL1411579820J40519664311.htm?refcode=4019&srccode=401901&preactionid=a7c1140f-c46c-45e5-b867-ab342d8bdc77"
3476,实施工程师,合肥-蜀山区,5000-8000元·14薪,合肥美亚光电技术股份有限公司,"电气机械/电力设备,计算机硬件,计算机软件",1000-9999人,未融资,CC157321620J40428106709,岗位职责: 1、客户现场进行相关研发调试工作； 2、负责公司产品的安装指导、调试、维护、升级和培训等服务工作； 3、负责项目实施过程中内外部沟通，收集客户反馈等； 4、协助销售和市场推广，提供必要的技术支持； 5、负责产品日常功能的开发及维护，能够快速定位并解决问题；   任职要求: 1、具备积极的工作态度和强烈的责任意识，善于深入研究和分析问题，能够自主学习并快速掌握新知识，为公司提供前瞻性、实用性的技术解决方案。 2、具备出色的沟通协调能力、逻辑思维能力、团队协作能力； 3、本科及以上学历，电子、通信、计算机相关专业，两年以上工作经验，有软件和硬件测试经验者优先； 4、具备较强的主动服务意识、承担较强工作压力的能力； 职位福利：绩效奖金、五险一金、餐补、交通补助、通讯补助、定期体检、节日福利  ,12月2日,合肥美亚光电技术股份有限公司（股票代码：002690）位于合肥国家高新技术产业开发区，是一家专业从事光、机、电一体化技术及相关设备的研发、生产和销售的高新技术企业。公司拥有食品检测、工业检测、医疗器械等光电检测产品的开发、设计和生产一体化能力，是我国最大的色选机研发与生产基地。公司精英云集，装备精良，现有员工1000余人，国家重点院校硕士、博士超过员工总数的15%，公司设有国家级博士后科研工作站，先后组建了国家农产品智能分选装备工程技术研究中心、安徽省食品加工光电检测设备工程技术研究中心等多个国家级省级重点实验室。公司连续多年被评为“国家创新型企业”、“国家规划布局内重点软件企业”、“国家火炬计划重点高新技术企业”、“国家知识产权优势企业”，相继荣获国家科技进步二等奖、安徽省科学技术进步一等奖等殊荣。“识别世界，引领未来”，美亚人将秉承“诚信、求实、创新”的企业精神，继续立足光电识别领域，不断开拓创新，努力打造以智能识别技术为核心的高科技服务企业。公司地址：合肥市高新区望江西路668号公司网址：www.chinameyer.com联系电话：0551-65317745朱先生Email:hr@chinameyer.com,"https://www.zhaopin.com/jobdetail/CC157321620J40428106709.htm?refcode=4019&srccode=401901&preactionid=a7c1140f-c46c-45e5-b867-ab342d8bdc77"
3477,C/C++,深圳-龙岗区,1.8-2.5万,承德砺诚网络科技有限公司,电子商务,20-99人,,CCL1491261790J40803808513,岗位内容：  1. 设计、开发和维护C++应用程序； 2. 根据产品需求，完成相应领域的研究及开发； 3. 参与项目需求分析和技术选型； 4. 负责代码编写、单元测试、Bug修复等工作。 任职要求：  1. 熟悉C++编程语言，具备扎实的编程基础； 2. 具有良好的算法和数据结构基础； 3. 熟练使用常见的开发工具，如VS、Eclipse等； 4. 具备较强的沟通协调能力和团队合作精神； 5. 具备分析问题、解决问题的能力；,7月24日,砺诚网络科技公司，2015年成立，聚焦智能科技领域。以“科技赋能生活”为理念，深耕AI算法与大数据应用，为企业提供数字化解决方案，涵盖智能营销、数据风控等服务。团队由2000+技术人才组成，服务客户超2000家，持续驱动行业创新。,"https://www.zhaopin.com/jobdetail/CCL1491261790J40803808513.htm?refcode=4019&srccode=401901&preactionid=a7c1140f-c46c-45e5-b867-ab342d8bdc77"
3478,硬件测试,郑州-金水区,8000-10000元,重庆科满福人力资源服务有限公司,企业服务,20-99人,,CCL1487604860J40932233604,【岗位职责】 ： 1、进行新产品研发阶段的测试工作 2、完成新产品的功能测试、可靠性测试、环境测 试、安全测试等技术工作 3、制定测试计划，设计测试用例，分析测试数 据，编制测试报告 4、为其他部门提供技术支持，与其他部门的产品 联合测试工作 【薪资待遇】： 试用期：（试用期5350-转正6500）元/月＋300全勤+（300-800）元/岗位补贴+（1000-1500）元/月绩效+加班费=-6000-9000左右,7月16日,,"https://www.zhaopin.com/jobdetail/CCL1487604860J40932233604.htm?refcode=4019&srccode=401901&preactionid=a7c1140f-c46c-45e5-b867-ab342d8bdc77"
3479,C/C++,杭州-滨江区,1.5-3万,外企德科数字技术有限公司,专业技术服务,10000人以上,,CCL1480117890J40704711105,主要地点：（东莞、深圳、杭州、 西安，苏州、上海，武汉，成都、南京、北京）十大研究所，少量（广州、长沙、济南）三个办事处 本科及以上学历，计算机、软件工程、通信等相关专业优先，转行，转专业可接受  岗位内容：  1. 设计、开发并维护C/C++/Java/JS/Python任一应用程序。  2. 解决各种技术难题，保证代码的可靠性、高效性和安全性。  3. 参与软件设计的讨论和计划制定。  4. 与其他团队成员协作工作，提高团队整体技术水平。    ,2025-07-27 00:23:26,外企德科数字技术有限公司是一家2023年新成立的中外合资企业。成立于2023年11月24日，公司定位：专注于为信息技术企业提供人才及数字技术外包解决方案的中外合资企业。它是由中国人力资源服务行业的FESCO（北京国际人力资本集团）与全球人力资源服务领导者The Adecco Group（德科集团）合资成立的。公司主要提供网络技术服务、软件外包服务、计算机系统服务、技术进出口、软件开发等信息技术相关服务。专注于为信息技术企业提供信息技术类人才及数字技术外包解决方案。,"https://www.zhaopin.com/jobdetail/CCL1480117890J40704711105.htm?refcode=4019&srccode=401901&preactionid=a7c1140f-c46c-45e5-b867-ab342d8bdc77"
3480,软件测试,石家庄-桥西区,5000-8000元,石家庄虚构凝聚文化传媒有限公司,网络/信息安全,100-299人,,CC578319480J40735352015,岗位内容： 1. 设计和执行测试用例，并记录测试结果。 2. 分析并报告软件缺陷，包括重现步骤、缺陷严重程度和影响范围。 3. 参与产品设计过程，提供测试建议和反馈。 4. 开发自动化测试脚本和工具。 5. 执行性能和负载测试的任务。 任职要求： 1. 具有本科以上学历，计算机科学或相关领域优先。 2. 熟悉测试方法论和流程，能够编写高质量的测试用例。 3. 熟练使用至少一种自动化测试框架和脚本语言（如Selenium、Python、Robot Framework）。 4. 了解软件开发周期和敏捷开发流程。 5. 优秀的沟通和协作能力，能够与跨部门的团队成员合作。,7月21日,,"https://www.zhaopin.com/jobdetail/CC578319480J40735352015.htm?refcode=4019&srccode=401901&preactionid=a7c1140f-c46c-45e5-b867-ab342d8bdc77"
3481,科研人员,绵阳-涪城区,1.5-3万·17薪,四川玖谊源粒子科技有限公司,医疗设备/器械,100-299人,C轮,CC542130380J40542420702,岗位职责:     1.相对独立开展新离子源技术的研发；,5月6日,四川玖谊源粒子科技有限公司成立于2017年2月，是国资参股、主创团队持股、战略投资方参股及民营资本控股的混合所有制企业，是中国（绵阳）科技城实施军民融合国家战略的军转民重点示范企业。技术团队主要来自于中国工程物理研究院流体物理研究所，中国工程院邓建军院士担任公司技术顾问，集合核技术、核医学、放射化学、自动化等学科的国内顶尖人才，融合多种学科，是国内医用回旋加速器行业研发实力最强的技术团队。公司专注核医疗设备领域，掌握回旋加速器核心技术，能为客户提供正电子药物生产中心的整体解决方案。公司产品一举打破了国际医疗巨头在中国多年的技术和市场垄断，成为中国医用回旋加速器的引领者，致力于成为世界领先的高端核医疗设备制造企业。作为国内首家医用回旋加速器研发生产企业，公司产品成功填补国内空白，是军用核技术成果向民用大型医疗器械转化的成功案例，同时也是核医学影像关键装备国产化的重大突破。公司拥有多项回旋加速器领域核心知识产权，通过了ISO9001、ISO14001、ISO18001认证，建立了系统全面的标准化管理体系，得到了行业内专家学者的广泛认同以及国家政策的大力支持。,"https://www.zhaopin.com/jobdetail/CC542130380J40542420702.htm?refcode=4019&srccode=401901&preactionid=a7c1140f-c46c-45e5-b867-ab342d8bdc77"
3482,技术支持工程师,青岛-崂山区,5000-8000元·13薪,青岛华信视界技术有限公司,"通信/网络设备,计算机硬件,智能硬件",20人以下,未融资,CCL1494235330J40740054911,1. 为客户提供专业的楼宇自控技术支持服务，包括故障排查、处理和解决方案提供。 2. 维护售后服务流程，确保按照标准流程进行，并持续优化服务品质。 3. AUTOCAD画图和楼控点表的设计工作。 任职要求： 1. 本科以上，计算机、自动化等智能化相关专业。  2、必须具有楼宇自控的设计和调试等相关从事相关经验优先考虑。,6月27日,华信视界创立于2018年青岛，是一家专注于文旅大住宿行业科技产品创新开发、生产、销售、应用一体化的高新技术企业，拥有华视IPTV电视系统、同时我们代理酒店智能客控控制系统（南京普杰）、楼宇自控系统智能照明（施耐德）、华为和锐捷网络的地级市核心代理商、程控电话系统（星网锐捷金牌），通过全光网的技术来推进智慧酒店科技升级，公司先后推出了多样化的智能全光网解决方案和相关产品系列，华信视界云服”等系列产品。华信视界团队深耕酒店10年以上，对于通信网络产品有很深刻的认知，一直都是以运营商级网络产品的标准来做酒店智能化产品，，这使得华信视界的产品技术一直处于业界绝对领先。,"https://www.zhaopin.com/jobdetail/CCL1494235330J40740054911.htm?refcode=4019&srccode=401901&preactionid=a7c1140f-c46c-45e5-b867-ab342d8bdc77"
3483,软件测试,成都-武侯区,6000-7000元,成都意畅行商务服务有限公司,旅游服务,20人以下,,CCL1467998200J40767984714,岗位内容： 1. 设计并执行测试用例，记录测试结果并准备测试报告。 2. 协调开发人员、项目经理和测试团队成员，以确保遵守时间表和产品质量标准。 3. 使用自动化测试框架和工具来提高测试效率和覆盖率。 4. 不断改进测试流程和方法，以提高质量和效率。 任职要求： 1. 熟悉软件测试方法和流程。 2. 掌握至少一种自动化测试框架和脚本语言。 3. 具备良好的团队合作精神和沟通能力。 4. 能够承受压力，在快节奏的环境中高效工作,6月18日,,"https://www.zhaopin.com/jobdetail/CCL1467998200J40767984714.htm?refcode=4019&srccode=401901&preactionid=a7c1140f-c46c-45e5-b867-ab342d8bdc77"
3484,实施工程师,成都-武侯区,6000-12000元,中物九联(成都)科技有限责任公司,"物联网,物联网,通信/网络设备",20-99人,未融资,CCL1232671180J40761246615,岗位职责： 1、负责施工项目现场管理； 2、负责施工组织设计审查； 3、负责制定现场管理制度，行驶现场管理职能，保障现场施工有序进行； 4、负责定期组织检查项目安全、进度、质量、文明施工； 5、组织编制现场日志，组织记录项目现场发生的重要事项(周报、大事记、图片等)、工程量统计报表、质量记录、会议纪要等;,6月23日,中物九联（成都）科技有限责任公司成立于2019年，注册资本500万，是一家集软件开发、技术咨询、技术服务、地理遥感信息服务、监测雷达技术、工程管理服务于一体的综合型高新技术企业；公司与中国工程物理研究院成科中心、成都理工大学地质灾害防治与地质环境保护实验室（地质灾害领域唯一国家重点实验室）合作，共同研究地质灾害预警算法、大数据平台，是军民融合、产学研协同创新的典型成果。主营业务包括地质灾害与环境防灾减灾软硬件产品研究开发、生产与销售;基于物联感知与智慧决策在水利信息化、应急管理、自然资源、环保等行业的信息化整体解决方案。,"https://www.zhaopin.com/jobdetail/CCL1232671180J40761246615.htm?refcode=4019&srccode=401901&preactionid=a7c1140f-c46c-45e5-b867-ab342d8bdc77"
3485,实施工程师,南通-通州区,6000-8000元,南通云尚找家纺电子商务有限公司,"互联网,电子商务",300-499人,A轮,CCL1221511100J40740767407,一、岗位职责  1. 无人车管理与调度   - 负责无人驾驶物流车的日常调度、路径规划及任务分配，确保车辆高效运行。   - 监控车辆实时状态（电量、故障、位置等），协调处理突发异常情况（如交通拥堵、设备故障等）。   - 优化车辆调度策略，结合地图与SaaS系统实现动态路径调整，降低运营成本。    2. 运营与场景部署   - 主导仓库、物流园区等场景的无人车部署实施，包括设备安装、系统调试及流程优化。   - 协同技术团队完成无人车与仓储管理系统（WMS）、订单系统的数据对接，确保全流程自动化。   - 收集一线运营数据，分析车辆使用效率、配送时效等指标，输出改进建议。    3. 外勤与现场支持   - 骑电瓶车至仓库、配送站点等现场，跟进无人车装卸货、路线测试及异常问题处理。   - 协助客户（如家纺城商户）熟悉无人车操作流程，提供驻场培训与技术支持。    二、任职要求  1. 基础条件   - 大专及以上学历，物流管理、交通运输、计算机相关专业优先。   - 持有C2及以上驾驶证，1年以上实际驾龄，熟悉本地道路环境（家纺城区域优先）。    2. 核心能力   - 熟练操作SaaS系统、地图工具及数据分析软件，具备调度系统实施经验。   - 具备车辆调度、物流运营或智慧交通项目经验，熟悉无人车技术原理及安全规范。   - 能适应仓库办公与外勤结合的工作模式，具备较强的责任心、抗压能力及多任务处理能力。,7月24日,找家纺网是家纺行业一站式B2B交易平台，致力于提供家纺供应链整体解决方案，让家纺买卖更加便捷，并通过互联网工具和平台能够帮助传统的家纺企业转变经营思维，拥抱互联网经济。找家纺网作为家纺行业互联网化众多平台中崭露头角的一个家纺互联网平台，找家纺网正在为日渐兴起的电商、微商进行精准定位，为家纺行业的上下游赋能，减少中间的多余流通环节，让中国的家纺批发市场通过线上展示和采购批发的形式呈现在全国家纺代理和经销商面前，一个手机端移动APP/官方网站/微信小程序/微商城等线上互联网工具，使产品展示、家纺代理批发、下单支付、物流跟踪等环节全部打通，在很大程度上降低了家纺行业的运营流通成本，而且提高了行业的运营效率。传统的家纺供货厂家与网销店主、微商代理之间的对接方式是现场采购，同时为产品拍摄宣传图片，上传和下载宝贝图片也要花费大量时间和精力。而找家纺网给商户提供的独立APP和独立官网就能解决这些问题，网销店主通过网站的一键上传、数据包等功能轻松实现宝贝图片自动上传到淘宝、天猫、京东店铺，零售买家下完订单，网销店主更是可以通过网站的批量代发功能快速实现淘宝、天猫、京东等订单批量快速下单支付并让商家代发后台直接回传单号到零售买家，无需网销店主再二次上传物流单号，大大提高了网销店家和供货厂家直接的运营效率，微商代理更是可以通过APP可以一键转发到朋友圈、一键下载图片、复制产品文案等功能都能帮助用户有效解决这些烦恼。,"https://www.zhaopin.com/jobdetail/CCL1221511100J40740767407.htm?refcode=4019&srccode=401901&preactionid=a7c1140f-c46c-45e5-b867-ab342d8bdc77"
3486,硬件测试,开封-None,7000-12000元,郑州初卓汽车电子科技有限公司,汽车智能互联,20人以下,,CCL1222481540J40753266601,岗位内容：  1. 硬件测试方案的制定和实施；  2. 产品硬件组装及调试，编写测试报告和文档；  3. 参与硬件缺陷跟踪管理，协助软硬件联合调试、故障分析和解决。  任职要求：  1. 大专及以上学历，电子工程、自动化或相关专业；  2. 至少三年以上硬件测试相关工作经验，熟悉各类测试仪器设备的使用；  3. 熟练掌握常用的硬件测试技术和方法，熟练使用C/C++语言及相关开发工具；  4. 具备良好的团队协作精神、问题解决能力和沟通表达能力。 福利待遇： 1.早九晚六，周末双休，入职缴纳五险一金 2.转正容易有晋升空间 3.不定时团团建聚餐，节假日发放红包，礼品等,7月26日,,"https://www.zhaopin.com/jobdetail/CCL1222481540J40753266601.htm?refcode=4019&srccode=401901&preactionid=a7c1140f-c46c-45e5-b867-ab342d8bdc77"
3487,技术支持工程师,南宁-青秀区,8000-16000元,青岛安然物联网科技有限公司,"物联网,物联网",20-99人,未融资,CC559764920J40884195804,岗位职责： 1. 负责石化、化工厂人员定位系统的现场实施、现场交付和技术赋能等工作。 2. 对接客户需求，进行需求调研，制定详细的施工方案和计划。 3. 确保项目按照既定的时间节点和质量要求完成交付。 4. 对已交付的项目进行后期技术支持与维护。 岗位要求： 1. 年龄在25-35岁之间。 2. 能够适应经常出差的工作要求。 3. 熟悉信息化、弱电及工业互联网相关技术。 4. 具备良好的沟通协调能力和问题解决能力。,7月22日,基于精准人员定位的工业安全生产信息化管理专家，安全生产信息化管理引领者！作为全国实时定位技术标准工作组成员和应急管理部“工业互联网+危化安全生产”人员定位系统技术支持机构，安然从2012年起致力于基于ZigBee Plus三维立体按需精准定位的“工业互联网+安全生产”的研究，获得了20多项安全智能管控系统发明专利和著作权，持续引领中国化工行业生产现场智慧安全！安然以“准、稳、狠”的ZigBee Plus三维立体按需精准人员定位统和“底数清、数据准、情况明、研判准、措施实”的安全生产信息化平台为核心，整合访客管理、出入口控制、人脸识别、视频监控、语音广播、重大危险源监控、可燃有毒气体监测等系统，对生产现场人、机、料、法、环五大要素进行实时、动态、智能管控和预警，规范人的安全行为，保障人的生命安全，有效防范风险、主动化解风险，实现智慧安全。安然“以用为本”，把安全生产信息化建设与公司管理体系“深度融合”，把安全生产信息化建设与日常工作“紧密结合”，对安全生产切实“有用、实用、好用”，避免建用“两张皮”，让安全管控更智能，让生产更高效才实用。迄今已服务中石化、中石油、延长石油、国能、兖矿、京能、索普、新安、奇美、昊源、潞安、旭阳、垦利、逸盛、海科、酒钢、金发等几百家石化、化工、选煤、钢铁、电厂企业。安然以客户为中心，以强者为本，抬头乐干，愿意与同道中人联合、链接，携手共建、共用、共享生产安全命运共同体，一起干，一起干，让优秀企业更安全，让优秀企业更高效！,"https://www.zhaopin.com/jobdetail/CC559764920J40884195804.htm?refcode=4019&srccode=401901&preactionid=a7c1140f-c46c-45e5-b867-ab342d8bdc77"
3488,软件测试,北京-朝阳区,面议,中国人民财产保险股份有限公司,"保险,证券/期货",10000人以上,已上市,CC120384240J40574531016,岗位职责:,7月17日,中国人民财产保险股份有限公司是中国内地最大的财产保险公司，是中国人民保险集团股份有限公司（美国《财富》杂志“世界500强”第112位）的核心成员和标志性主业。人保财险上海市分公司是中国人保财险在上海地区的省级分支机构，业务规模和保障能力市场居前。,"https://www.zhaopin.com/jobdetail/CC120384240J40574531016.htm?refcode=4019&srccode=401901&preactionid=a7c1140f-c46c-45e5-b867-ab342d8bdc77"
3489,科研人员,北京-石景山区,1.8-2万,中国科学院高能物理研究所,"学术/科研,科学技术推广",1000-9999人,未融资,CC000545690J40651576601,岗位职责： 1.承担或参与射线成像关键部件研制； 2.参与射线类仪器研制、调试及测试； 3.完成领导交办的其它任务。 岗位要求： 1.学历：博士及以上； 2.物理、核技术、核物理等相关专业； 3.具有射线探测或成像设备研制经验的优先考虑。 【福利与发展】  ·中央事业单位编制，落户北京 ·中国科学院岗位绩效工资制待遇，享受工伤保险、失业保险、养老保险、职业年金、公费医疗、住房公积金等 ·提供周转公寓或单身宿舍（博士后提供博士后公寓）   ·前沿的国内外讲座、丰富的培训及交流机会，鼓励职工在本所攻读研究生 【简历投递】  1.有意应聘者请登陆“高能所人才信息库”（cv.ihep.ac.cn）投递简历，请注明应聘岗位名称（申请岗位原则上不超过两个）；  2.应聘者面试时须提供以下材料：(1) 本人简历；（2）1份推荐信； (3) 能够证明本人能力、水平和业绩能力的材料（包括发表论文目录、代表性论著等),9月13日,中国科学院高能物理研究所（以下简称“高能所”）是我国从事高能物理研究、先进加速器物理与技术研究及开发利用、先进射线技术与应用研究的综合性研究基地。1973年建所至今，高能所获得科研奖200余项。其中，国家自然科学一等奖2项，国家自然科学二等奖和科技进步二等奖以上20余项，北京正负电子对撞机工程、绕月工程（成员单位）获国家科技进步特等奖。2013年7月17日，国家主席习近平视察高能所。高能所现有职工1400余人，其中专业技术人员1200余人，包括中国科学院院士5人、中国工程院院士2人，科技部中青年科技创新领军人才、国家杰出青年科学基金获得者等领军人才及高层次研究骨干近百人。谢家麟院士获得2011年度国家最高科学技术奖。王贻芳院士获得美国物理学会“潘诺夫斯基实验粒子物理学奖”，并率领大亚湾实验团队获得2016年“基础物理学突破奖”。高能所依托大科学装置开展基础研究和应用研究，正在运行的大科学装置有北京正负电子对撞机、北京谱仪、北京同步辐射装置、西藏羊八井国际宇宙线观测站、大亚湾中微子实验等；2017年成功发射了硬X射线调制望远镜卫星“慧眼”，承建的中国散裂中子源今年8月份通过国家验收；正在建设中的大科学装置有ADS强流质子加速器、江门中微子实验、高海拔宇宙线观测站、高能同步辐射光源、阿里引力波实验等；正在预先研究和规划的有增强型X射线时变与偏振探测（eXTP）空间天文台（已进入背景型号二期）、高能环形正负电子对撞机等；参加美国、欧洲、日本等多个大型实验的合作研究。高能所依托多个实验室增强能力建设，目前有北京正负电子对撞机国家实验室、核探测与核电子学国家重点实验室（与中国科技大学共建）、中科院粒子天体物理重点实验室、中科院纳米生物效应与安全重点实验室（与国家纳米中心共建）、中科院粒子加速物理与技术重点实验室、北京市射线成像技术与装备工程中心等。坐落在广东省东莞市的中国散裂中子源（CSNS），2018年3月25日通过中国科学院组织的工艺鉴定和验收，完成工程建设任务，成为我国第一台、世界第四台脉冲式散裂中子源，填补了国内脉冲中子应用领域的空白，为我国中子科学研究及应用研究提供了强大的科研平台。展望未来，高能所将始终坚持面向世界科技前沿和国家战略需求，紧密围绕研究所战略定位，努力提升自主创新能力，朝着“国际一流的高能物理研究中心和大型综合性多学科研究基地”的目标不断迈进。,"https://www.zhaopin.com/jobdetail/CC000545690J40651576601.htm?refcode=4019&srccode=401901&preactionid=a7c1140f-c46c-45e5-b867-ab342d8bdc77"
3490,软件测试,北京-海淀区,150-200元/天,明朝万达,"网络/信息安全,网络/信息安全,计算机软件",500-999人,D轮及以上,CC138671020J40809850315,备注：该岗位为实习职位，仅提供实习机会，要求连续实习时间不低于3个月。 工作职责： 1、负责软件系统功能及性能测试，编写和完成测试各阶段文档； 2、参与需求、设计、用例、方案等相关评审，协助开发人员进行系统性能提升； 3、提出产品改进建议并评估验证改进方案。 招聘要求： 1、统招本科及以上学历，理工类相关专业均可、计算机类相关专业优先； 2、有志于从事IT行业，熟悉软件测试的常用工具方法和流程。 注：本职位只接收2026 2027届实习生。,5月22日,北京明朝万达科技股份有限公司成立于2005年，是中国新一代信息安全技术企业的代表厂商，专注于数据安全、公共安全、云安全、大数据安全及加密应用技术解决方案等服务。基于“动态数据安全，数据全生命周期管控”的产品理念，明朝万达始终以守护用户数据价值为己任，致力于让安全真正服务于业务发展。在大数据、云计算等新技术应用背景下，明朝万达以数据安全为核心、自主可控的国密算法应用技术为基础，研发的Chinasec（安元）数据安全系列产品及解决方案，覆盖数据产生、存储、交换、使用等全生命周期重要环节，实现对服务器、数据库、PC终端、移动终端以及网络通信的全IT架构下数据安全的协同联动管理，打造企业级的数据安全防护体系。作为国内数据安全市场的倡导者，明朝万达拥有一支以清华大学博士和硕士为骨干力量的核心团队，已累计申请发明专利300余项，累计授权专利百余项。在推动技术创新的同时，注重技术与业务的深度融合，为客户提供量身定制的数据安全解决方案。公司现有员工近600人，总部设于北京，在上海、广州、成都、西安、贵阳、天津、武汉、南京、无锡、长春等地设有分支机构。历经十余年的发展与积累，明朝万达客户已覆盖金融、政府、公安、电信运营商、能源、设计院所和研发制造业等领域，签约用户超过3000家。,"https://www.zhaopin.com/jobdetail/CC138671020J40809850315.htm?refcode=4019&srccode=401901&preactionid=a7c1140f-c46c-45e5-b867-ab342d8bdc77"
3491,测试工程师,武汉-汉阳区,1.5-2万,东风汽车,汽车研发/制造,10000人以上,未融资,CC679989880J40285595905,岗位职责: 1、根据OTA产品需求及场景，制定OTA测试计划、编写测试用例； 2、OTA软件模块提交后，完成集成测试，包含模块联合测试； 3、在OTA台架上，完成控制器的OTA升级测试； 4、负责OTA的集成测试问题和系统测试问题跟踪，以及OTA软件的发布。   任职资格: 1、熟悉汽车电子电气通信原理及测试基本知识，具备2年以上测试相关工作经验； 2、 熟悉整车OTA实现方案及测试方法，有汽车OTA系统测试经验优先； 3、 熟悉TCP/IP、HTTPS、MQTT、4G/5G等无线相关协议者优先； 4、 熟悉CANoe、Linux操作系统，熟悉CAPL、Python、C、C++语言等； 5、至少具备一个完整项目的整车级OTA测试经验,7月16日,"东风汽车集团有限公司（简称“东风公司”）是中央直管的特大型汽车企业，总部位于“九省通衢”的江城武汉，现有总资产3256亿元，员工16万多名。东风公司主营业务涵盖全系列商用车、乘用车、新能源汽车、军车、关键汽车总成和零部件、汽车装备以及汽车相关业务。事业分布在武汉、十堰、襄阳、广州等国内20多个城市，在瑞典建有海外研发基地，在中东、非洲、东南亚等区域建有海外制造基地，在南美、东欧、西亚等区域建有海外营销平台，拥有法国PSA集团14%的股份，是PSA三大股东之一。经营规模超过400万辆，位居中国汽车行业第2位；销售收入超过6000亿元，位居世界500强第65位、中国企业500强第15位、中国制造业500强第3位。东风公司于1969年创立于湖北省十堰市，前身是“第二汽车制造厂”，1992年更名为东风汽车公司。2005年成立控股子公司东风汽车集团股份有限公司，在香港联交所挂牌上市。2017年完成公司制改制，更名为东风汽车集团有限公司。东风公司建设发展近半个世纪以来，积淀了厚重的科技与文化底蕴，构建起行业领先的产品研发能力、生产制造能力、市场营销能力与客户服务能力，累计产销汽车超过4000万辆、上缴税费超过4000亿元，为推动国民经济发展、促进社会就业、改善民生福祉作出了积极贡献。特别是党的十八大以来，在以习近平同志为核心的党中央坚强领导下，东风公司深入贯彻落实习近平新时代中国特色社会主义思想和党的十八大、十九大精神，坚持以新发展理念为统领，各项事业呈现新气象，综合实力和核心竞争力不断增强，开辟了发展新境界。东风公司坚持创新驱动，致力于建设世界汽车科技强企。研发实力雄厚，目前已形成以东风公司技术中心为主体、各子公司研发机构协同运作的复合开发体系，东风公司技术中心是国家级“企业技术中心”、国家一类科研院所、国家级“海外高层次人才创新创业基地”。乘用车形成多个整车平台和发动机平台，具备K&C试验、整车NVH试验、电磁兼容试验等试验能力；商用车具备整车、发动机、车身开发和关键总成零部件的开发能力。科技创新能力保持行业领先，中国汽车工业科学技术奖获奖数量、质量居行业前列，东风猛士获国家科学技术进步奖一等奖，混合动力城市客车节能减排关键技术获国家科技进步奖二等奖。东风公司坚持自主发展，矢志不渝发展自主品牌。东风自主品牌乘用车已形成东风风神、东风风行、东风风光、东风启辰等多个子品牌齐头并进、协同发展的格局，产品涵盖轿车、SUV、MPV、CUV等各类车型，覆盖高级、中级、经济型等各个级别；商用车涵盖重、中、轻、微、特全系列；新能源汽车涵盖纯电动、插电式混合动力、燃料电池等多个系列，纯电动车续航里程达到行业领先水平；把握汽车产业与互联网融合发展趋势，前瞻布局智能网联汽车,建立了车联网品牌WindLink，无人驾驶乘用车和商用车已分别达到了L3和L4水平。东风自主品牌销量跨越百万辆，位居行业第三位，其中商用车位居行业第一位。创新出行服务模式，汽车分时租赁平台“东风出行”已上线运行。实施东风品牌战略，“品质、智慧、和悦”的核心价值理念深入人心。强化央企责任担当，对口西藏、新疆、广西、湖北、河北的9县市多领域开展精准扶贫工作，在公益助学、抗灾救困、环境保护等方面积极履行社会责任，获得广泛的社会影响力和系列荣誉。面向未来，东风公司把握汽车产业轻量化、电动化、智能化、网联化、共享化发展趋势，围绕“为用户提供全方位优质汽车产品和服务”的发展定位，确立了“加快建设卓越东风、开启世界一流企业发展新征程”的新阶段使命，努力把东风建设成为具有全球竞争力的世界一流汽车企业。提出了今后五年“三个领先、一个率先”的奋斗目标，即：经营质量行业领先，销量跨越600万辆，向更高目标挑战；自主事业行业领先，核心能力大幅提升，商用车形成领先新优势，乘用车规模效益达到领先水平；新兴业务行业领先，新能源汽车研发及资源掌控能力、产业化规模居于行业领先位置，智能网联汽车、出行服务及水平事业形成领先优势。同时，倡导企业与员工共创共享，使全体员工高质量跨越小康，率先享有新时代美好生活。东风和畅，与你偕行。今天的东风公司，正以自信豪迈的步伐奋进新时代、阔步新征程，将坚持以习近平新时代中国特色社会主义思想为指引，努力做强做优做大，奋力实现“三个领先、一个率先”，加快建设卓越东风，开启世界一流企业发展新征程，为全面建成小康社会、实现中华民族伟大复兴的中国梦、创造更加美好的汽车生活作出积极贡献。","https://www.zhaopin.com/jobdetail/CC679989880J40285595905.htm?refcode=4019&srccode=401901&preactionid=a7c1140f-c46c-45e5-b867-ab342d8bdc77"
3492,技术支持工程师,新乡-红旗区,5000-7000元,中宝电气有限公司,"电力/水利/热力/燃气,电气机械/电力设备",20-99人,未融资,CC444022510J40582048206,岗位职责： 1.负责电力设备的安装、调试； 2.负责现场设备维护、程序升级，排查产品在应用过程中出现的软硬件问题并进行处理； 3.负责工程施工完成后的项目验收，输出验收结果； 4.负责配电自动化主站数据接入，终端设备送检工作； 5.支持一线市场人员的售后工作，收集并反馈产品使用问题，做好客户维系工作。任职要求  1.大专及以上学历，理工科专业毕业，信息化类或电力电气类相关专业优先；  2.能够熟练使用日常办公软件；  3.善于分析与总结，具备良好的组织、沟通表达能力，有良好的客户服务意识；  4. 吃苦耐劳、责任心强，有上进心，具备较强的自我管理能力；  5.能适应短期出差，有驾照者优先。  ,7月26日,"如今中原地带风生水起，电气行业商机云涌，中宝电气公司于2006年白手起家于今渐具规模。天时既得，地利又占，其惟人和是求！正是“鹿鸣于野，求其友声”。世有正心诚意品性纯良、自强不息、气度恢弘之青年才俊，具有电气类或经贸类专业基础而通于技术、应用、销售、管理、经营者，纷纷其来乎！古谓“我有嘉宾，鼓瑟吹笙”。大丈夫游历天下，同气相求，同声相和，应时乘势，何事不成？！天下才俊纷纷其来乎！中宝电气是一家集科研、技术开发和生产为一体的高新技术企业，致力于电能质量、工业电气节能相关项目的研发、生产和销售，现旗下有智能电网、电力电子和电能质量三个事业部。专业精益的产品、知行合一的团队是中宝电气的核心竞争力。目前中宝电气已获得河南省电能质量工程研究中心、高新技术企业、双软企业、河南省节能减排示范企业、河南省民营科技企业等荣誉。最有竞争力的产品系列：电网渠道：电压治理、故障诊断及隔离、在线监测设备、三相不平衡治理、配电终端、弧光保护、无功补偿；用户工程渠道：无功补偿、谐波治理和调功设备；电力配套渠道：APF、SVG、电容投切开关、控制器、弧光保护、调功模块、智能电容器。中宝电气的优势：²专注电能质量十几年²在国家电网、南方电网有大量的工程业绩²弧光保护——国内首家在国网和南网中标的厂家²单相电压治理——国内独家技术，完全替代进口产品，国网中标独占鳌头²参与数个行业标准的制定²有百万计的核心元件产品应用于各个工矿企业和输配电系统²有千余个项目操作经验²有轧机、密炼机、提升机、焊机、电炉、变频器、整流器、商业地产、变电站、输配电等专用滤波补偿解决方案²数十项发明专利和新型实用专利²数十项软件著作权²技术型企业，技术人员占全员三分之一强完善的技术支持：中宝电气以顾客需求为导向，可以为客户提供量身订做的服务，且提供全天候技术咨询、现场检测分析诊断、解决方案、可行性报告、设计调试和技术培训一条龙服务，以及定期回访和技术支持随时响应的售后专业化服务。充满工业人文情怀的企业文化：核心价值观：做有灵魂的产品·做负责任的企业·做受尊敬的中宝人企业愿景：造就持久具有核心竞争力的团队和产品，把中宝电气打造成一个实践仁爱、实现价值、分享成果的平台，让创造者有更多的成就感和幸福感、消费者有更大愉悦感和关爱感企业使命：恪守信诺秉承专心专业励精冶性打造百年中宝企业宗旨：专注专业驰而不息区块深耕标新立异恪守信诺知行合一群策群力成人达己工作时间：逢周日休息，全白班，夏天8小时,冬天7.5小时,节假日按国家规定。食：园区内有食堂，亦可叫外卖，费用自理；薪资及待遇：高于同行业水平。保险：签约后公司按规定购买保险。","https://www.zhaopin.com/jobdetail/CC444022510J40582048206.htm?refcode=4019&srccode=401901&preactionid=a7c1140f-c46c-45e5-b867-ab342d8bdc77"
3493,软件测试,上海-青浦区,5000-10000元,上海奥索斯自动化科技有限公司,"专用设备制造,邮政/快递",100-299人,未融资,CCL1334331190J40750339411,一、岗位职责要求及描述（工作内容）：,7月1日,上海奥索斯自动化科技有限公司（COGY）是一家研发、生产、销售、工程和服务为一体的物流自动化设备企业，致力于持续为客户提供日益完善的专业的物流产品解决方案和系统解决方案，成为一家值得客户信赖的综合性物流设备服务商。,"https://www.zhaopin.com/jobdetail/CCL1334331190J40750339411.htm?refcode=4019&srccode=401901&preactionid=a7c1140f-c46c-45e5-b867-ab342d8bdc77"
3494,硬件测试,郑州-管城回族区,4000-6000元·13薪,河南端琪实业发展有限公司,"电子设备制造,人工智能,新媒体,互联网",100-299人,未融资,CCL1478071580J40738544807,职位描述 整机测试功能测试 岗位职责： 1、两年以上自动化设备维护和调试工作经验，或不低于一年的硬件测试工作经验； 2、熟悉设备安装及测试的整个业务流程； 3、在性能测试、自动化测试等方面有至少一项专长。 任职资格： 1.大专以上学历，机械电子、自动化、测控、计算机等相关专业 2.1年以上机电产品测试经验，熟悉产品开发流程，有自动化测试和性能测试相关经验者优先； 3.能独立完成测试计划、测试用例和测试报告的编写； 4.能独立完成测试平台的搭建； 5.有严格的品质管理意识.敏锐的发现问题的眼光以及对产品极致性能和品质的卓越追求； 6.性格开朗，团队意识强，良好的沟通及语言表达能力，吃苦耐劳，乐于奉献。 职位福利：五险、绩效奖金、餐补、房补、带薪年假、员工旅游、节日福利,2025年07月28日,公司项目：电气设备销售；照明器具销售；信息咨询服务（不含许可类信息咨询服务）；组织文化艺术交流活动；工程管理服务；广告设计、代理；广告发布；广告制作；会议及展览服务；耐火材料销售；纸制品销售；专用化学产品销售（不含危险化学品）；高性能纤维及复合材料销售；新型有机活性材料销售；电子专用设备销售；消防器材销售；日用家电零售；智能仪器仪表销售；技术服务、技术开发、技术咨询、技术交流、技术转让、技术推广；软件开发；电子产品销售；市场营销策划；企业形象策划；市场调查（不含涉外调查）；仪器仪表销售；金属制品销售；日用陶瓷制品销售；文化用品设备出租；办公设备耗材销售；橡胶制品销售；塑料制品销售；生态环境材料销售；生物基材料销售；许可项目：建筑智能化系统设计,"https://www.zhaopin.com/jobdetail/CCL1478071580J40738544807.htm?refcode=4019&srccode=401901&preactionid=a7c1140f-c46c-45e5-b867-ab342d8bdc77"
3495,软件测试,成都-锦江区,5000-8000元,成都市海德计算机职业技能培训学校,"学校/学历教育,培训/辅导服务,学校/学历教育,计算机软件",20-99人,未融资,CC623771280J40719594211,岗位职责： 1、负责协助教学团队完成教学任务规划及管理 2、负责协助教学团队完成课程的规划及研发，制定与市场相适应的课程体系； 3、负责协助教学团队计划方案的落地及实施，推动教学教务及就业工作的实施； 4、负责协助教学教务团队定期组织教学教研活动； 任职要求： 1、计算机相关专业、本科或以上学历； 2、具备有软件开发或软件测试项目实战经验， 3、熟悉LoadRunner、JMeter等测试工具； 4、熟悉MySQL、SQL server、Oracle、MongoDB、Redis等大型数据库应用； 5、熟悉掌握C/C++/Java/Python/Linux等主流编程语言之一； 6、熟练应用Linux操作系统及相关命令操作； 6、积极热情、风趣幽默有激情、热爱教育事业、热衷于技术传播工作； 7、具有良好的管理能力，人际沟通能力和计划及执行能力； 8、具有高度的工作热情，良好的团队合作精神、善于发现问题和解决问题；,4月18日,海德计算机职业技能培训学校，是一所经人社部，民政部备案、批准的民办计算机职业培训学校（以下简称：“海德”）2015年，成立。主要业务：高端IT教育；大学生互联网，人工智能创业项目指导及孵化业务，同时致力于大学生职业规划，大学生就业陪跑等。2018年，成立海德在线科技有限公司。主要业务：在线教育平台的软件研发，涵盖智慧教学系统，高校管理系统等，主要服务于各大高校，以促进智慧校园建设。海德始终秉承着“赋能企业价值，链接企业未来”的价值观。,"https://www.zhaopin.com/jobdetail/CC623771280J40719594211.htm?refcode=4019&srccode=401901&preactionid=a7c1140f-c46c-45e5-b867-ab342d8bdc77"
3496,软件测试,成都-金牛区,1-2万,四川鑫佰嵘科技有限公司,企业服务,20-99人,未融资,CCL1416195540J40817041703,岗位内容： 1. 设计和执行测试用例，并记录测试结果。 2. 分析并报告软件缺陷，包括重现步骤、缺陷严重程度和影响范围。 3. 参与产品设计过程，提供测试建议和反馈。 4. 开发自动化测试脚本和工具。 5. 执行性能和负载测试的任务。 任职要求： 1. 具有本科以上学历，计算机科学或相关领域优先。 2. 熟悉测试方法论和流程，能够编写高质量的测试用例。 3. 熟练使用至少一种自动化测试框架和脚本语言（如Selenium、Python、Robot Framework）。 4. 了解软件开发周期和敏捷开发流程。 5. 优秀的沟通和协作能力，能够与跨部门的团队成员合作。,7月24日,公司目前主要针对企业、个人做相关的咨询服务，业务已覆盖企业全成长周期，目前公司有100位在职员工，欢迎有志者加入我们！！！我们能带给你：·工作氛围超nice，能力提升UP UP·绩效奖金拿到手软，每一分付出都能看见回报…,"https://www.zhaopin.com/jobdetail/CCL1416195540J40817041703.htm?refcode=4019&srccode=401901&preactionid=a7c1140f-c46c-45e5-b867-ab342d8bdc77"
3497,技术支持工程师,厦门-海沧区,5000-6000元,厦门美好出行物联网技术有限公司,"物联网,电气机械/电力设备",20-99人,不需要融资,CC282150480J40673307906,岗位职责：  负责公司产品的现场安装、调试及技术支持；  为客户提供技术指导与培训，解答技术问题；  参与项目验收，协调沟通验收事宜；  定期反馈客户需求及市场技术动态。 任职要求：  机械、电子、电气、自动化等相关专业，大专及以上学历；  持有电工证（必备）；  具备良好的沟通能力与团队协作精神；  能适应短期出差；  有相关行业技术支持经验者优先。 工作制度：    6天工作制（周一至周六）   工作时间：8:15-17:30   我们提供：      具有竞争力的薪资待遇；    完善的培训体系与职业发展空间；    出差补贴及其他福利。 ,5月14日,"厦门美好出行物联网技术有限公司成立于2015年5月，实到注册资金1000万元，由厦门市“双百计划”领军人才----李凌先生创办，于2019年获得厦门市科技局下属的厦门海峡科技创新股权投资基金管理有限公司投资的产业化专项资金。作为深耕于安防智能化管理系统的全面供应商，公司致力于智能化管理系统领域的自主研发和创新，拥有研发、设计、生产和销售于一体的整体运营模式。产品广泛应用于学校、景区、变电站、危化品制造基地，以及警营等人口流动量大或者安防级别要求较高的周界管理领域。公司的主要产品有UPARK悠泊硬质隔离防护系统，同时提供安防智能化管理领域的软硬件产品的定制开发服务。独具匠心的硬质隔离防护产品是行业内唯一的由36VDC安全电压控制的专利产品，目前已在全国70多个城市落地并远销海外。经过四年多的努力，通过强大的研发创新能力获得了政府部门及广大社会的认可： 2016年12月，我们顺利通过国家科技部火炬中心认定为国家级高新技术企业； 2016年12月，入选厦门市第15批地产工业品推荐目录，成为政府采购推荐厂商； 2017年5月，顺利中标国家电网厦门局73个变电站升降柱采购项目，获准为国家电网合格供应商； 2017年12月，通过认定为厦门市创新型（试点）企业； 2018年1月，公司总经理李凌先生获得厦门市第十批“双百人才计划”领军人才称号； 2018年6月，公司通过厦门市经信局、财政局认定为厦门市专精特新小微企业； 2019年4月,认定通过为安防工程企业设计施工维护能力证书三级资质； 2019年8月，获得厦门市科技局下属单位----厦门海峡科技创新股权投资基金管理有限公司的投资基金 2020年7月，公司通过厦门市科技局认定为科技小巨人领军企业称号2022年6月，获评福建省科技小巨人企业2022年11月，复审获评国家级高新技术企业2023年1月，获评厦门市守合同重信用单位 UPARK品牌这只掌握着前沿科技技术、最具创新观念、充满激情与活力的团队，正在以“高新进取、锐意创新”为经营和发展理念，坚持科技才是第一生产力，凭借强大的产品研发团队，精益求精的生产工艺，随时随地周到细致的售后服务，正在努力让我们的经营理念与产品更上一层楼，成为全球智能制造行业的佼佼者将是我们终生奋斗的目标及前进方向！","https://www.zhaopin.com/jobdetail/CC282150480J40673307906.htm?refcode=4019&srccode=401901&preactionid=a7c1140f-c46c-45e5-b867-ab342d8bdc77"
3498,C/C++,成都-金牛区,100-200元/天,榕芯科技(成都)有限公司,"电子/半导体/集成电路,计算机软件",20-99人,天使轮,CCL1446729950J40608735409,岗位职责: 1.掌握C++语言，能使用QT编程工具； 2.掌握C/C++编程语言，熟悉面向对象的编程思想，具备扎实的计算机、数据结构、算法等基础，熟悉常见的设计模式； 3.参与相关产品软件需求及方案开发； 4.参与相关产品软件设计及产品软件开发； 5.参与需求分析，架构设计，模块划分，软件编码以及功能测试等工作； 6.编写详细设计等技术类文档； 7.其它临时性的研发支持工作。 任职要求: 1.本科及以上学历，电子、通信、计算机、数学、物理类专业优先； 2.服从管理，学习能力强，态度积极，愿意在学中探索进步，不断完成个人挑战； 3.有较强的责任心、沟通能力、团队协作能力，具备一定的抗压能力; 4.每周实习时间不少于4天，至少6个月的实习时间。,7月3日,榕芯科技（成都）有限公司成立于2020年3月，公司立足于服务军工企业和部队，积极引进社会优质资源和高素质人才，以关键核心技术和垂直整合能力为公司立足根底，以科技创新为公司发展引擎，努力成为推动行业发展的高科技企业。研发团队：公司研发团队的核心成员来自业内知名军工院所，深耕微电子系统仿真和硬件研发领域20余年，具备从系统架构设计到实施的全过程能力，并且具备从底层到应用的垂直整合能力和经验，旨在打造从芯片到系统的一站式数字化仿真平台和微电子系统硬件产品。业务范围：公司以微电子系统领域为切入点，目标成为微系统核心产品和设计工具供应商，软件方面：微电子系统仿真设计软件，实现多层级、多专业协同仿真设计。硬件方面：射频模块组件产品（变频组件、收发组件、功放等），系统级产品。市场情况：目前获得国内头部投资机构数千万级融资，发展前景光明；与中科院、航空、航天和中电等相关军工科研院所已形成长期合作。,"https://www.zhaopin.com/jobdetail/CCL1446729950J40608735409.htm?refcode=4019&srccode=401901&preactionid=a7c1140f-c46c-45e5-b867-ab342d8bdc77"
3499,实施工程师,大连-瓦房店市,3000-6000元,西安大唐电信有限公司,"运营商/增值服务,通信/网络设备",100-299人,已上市,CC000163930J40788336003,岗位职责：  1、负责系统集成项目的现场实施及调试工作;   2、负责项目中公司各系统平台相关软硬件设备的安装调试，系统功能的联合调试及现场问题的解决，且须按照公司规范，保证施工质量；   3、按项目经理的要求完成现场工程资料的整理及提交工作；   4、负责工程项目及现场质量、环境、职业健康的相关工作；   5、执行和贯彻公司环境和职业健康安全体系方针与要求等其他工作;   6、完成直接上级安排的临时或其它工作。   任职资格：   1、熟悉通信设备、传输设备、终端设备的安装、调测及维护；   2、熟悉通信网络的测试及维护；   3、大专及以上学历（大专学历需要具备一定的工作经验），具有以上专业或相关类似专业基础；有以上行业工程实施经验者优先考虑；   4、性格开朗，擅于沟通，思维及表达能力较好，责任心强，吃苦耐劳，能适应长期出差，具有一定的自学和适应能力。,7月14日,一流的待遇+机遇=广阔的发展空间西安大唐电信有限公司诚聘西安大唐电信有限公司是中国通信设备制造知名企业，主要从事程控交换、移动通信、数据通信、多媒体通信、光通信等产品的开发、生产和销售。公司设有国家级电信技术研究中心及实验室、西北地区唯一的企业博士后工作站。西安大唐电信有限公司是国内最早研制开发移动通信设备的厂商，拥有中国第一张GSM设备及CDMA设备入网证，近期在中国联通CDMA建设中不断中标。目前公司投入巨资研制第三代移动通信产品。因公司发展需要，现面向社会诚聘以下人才加盟。欢迎访问公司网站：http://www.datang.com,"https://www.zhaopin.com/jobdetail/CC000163930J40788336003.htm?refcode=4019&srccode=401901&preactionid=a7c1140f-c46c-45e5-b867-ab342d8bdc77"
3500,实施工程师,重庆-南岸区,5000-7000元,重庆亮旭科技有限公司,运营商/增值服务,20-99人,,CC265127230J40775716207,岗位内容： 1. 实施公司产品的安装、配置和测试。 2. 调试网络设备，确保系统正常运行。 3. 为客户提供培训和技术支持。 4. 协调团队成员，协作完成项目任务。 任职要求： 1. 具备计算机或通信工程相关专业背景 2. 熟悉TCP/IP协议、LAN/WAN网络，能熟练使用Linux系统。 3. 具备较强的沟通能力和团队协作精神。 4. 具备一定的英语读写能力，能看懂国外技术资料。,7月21日,重庆亮旭科技有限公司，成立于2015年，属通信类服务型企业。自成立以来，坚持“以“让客户满意，为客户赢利”为服务宗旨，致力于通信服务业务的开发与推广，面向社会提供和经营各种基础电信业务，增值电信业务。与各大运营商，如电信，移动，联通等建立了长期友好，紧密的合作关系。度居于同行领先。公司拥有完整的、专业的运营推广团队和与多类商品厂商合作的经验，已给多家企业及个人带来订单和经济利益。公司尊崇“踏实、拼搏、责任”的企业精神，并以诚信、共赢、开创经营理念，创造良好的企业环境，以全新的管理模式，完善的技术，周到的服务，卓越的品质为生存根本，我们始终坚持用户至上用心服务于客户，坚持用自己的服务去打动客户。这是一份充满挑战性的工作，唯有用心者可以取得成功，如果你是强者，来接受挑战吧！我们渴望最优秀的人才，唯有你的优秀，才有可能创造我们共同的事业。我们无视你的文凭，相貌，家庭背景和过去的经历，我们只看中你的实际工作能力，你的实际工作能力高于一切。我们为优秀者提供无限的事业发展舞台，高额的目标工资和业绩奖金为优秀者而准备，同时我们也用保底薪资和业绩考核来拒绝平庸！,"https://www.zhaopin.com/jobdetail/CC265127230J40775716207.htm?refcode=4019&srccode=401901&preactionid=a7c1140f-c46c-45e5-b867-ab342d8bdc77"
3501,测试工程师,天津-东丽区,1.3-1.8万·13薪,方得(青岛)人力资源有限公司,咨询服务,20-99人,,CCL1462672470J40736053316,,2025年07月28日,,"https://www.zhaopin.com/jobdetail/CCL1462672470J40736053316.htm?refcode=4019&srccode=401901&preactionid=a7c1140f-c46c-45e5-b867-ab342d8bdc77"
3502,实施工程师,潍坊-昌邑市,7000-14000元,青岛安然物联网科技有限公司,"物联网,物联网",20-99人,未融资,CC559764920J40565336404,需要弱电技术、自动化、安防系统、工业互联网+危化安全生产、物联网人才，不要纯软件人才。  你能经常到全国各地出差吗？你能到化工生产现场做技术支持吗？     真正的奋斗者在安然会有让人值得为之奋斗的事业，会有充实、高效的成长，会有高人一等的收入。,6月21日,基于精准人员定位的工业安全生产信息化管理专家，安全生产信息化管理引领者！作为全国实时定位技术标准工作组成员和应急管理部“工业互联网+危化安全生产”人员定位系统技术支持机构，安然从2012年起致力于基于ZigBee Plus三维立体按需精准定位的“工业互联网+安全生产”的研究，获得了20多项安全智能管控系统发明专利和著作权，持续引领中国化工行业生产现场智慧安全！安然以“准、稳、狠”的ZigBee Plus三维立体按需精准人员定位统和“底数清、数据准、情况明、研判准、措施实”的安全生产信息化平台为核心，整合访客管理、出入口控制、人脸识别、视频监控、语音广播、重大危险源监控、可燃有毒气体监测等系统，对生产现场人、机、料、法、环五大要素进行实时、动态、智能管控和预警，规范人的安全行为，保障人的生命安全，有效防范风险、主动化解风险，实现智慧安全。安然“以用为本”，把安全生产信息化建设与公司管理体系“深度融合”，把安全生产信息化建设与日常工作“紧密结合”，对安全生产切实“有用、实用、好用”，避免建用“两张皮”，让安全管控更智能，让生产更高效才实用。迄今已服务中石化、中石油、延长石油、国能、兖矿、京能、索普、新安、奇美、昊源、潞安、旭阳、垦利、逸盛、海科、酒钢、金发等几百家石化、化工、选煤、钢铁、电厂企业。安然以客户为中心，以强者为本，抬头乐干，愿意与同道中人联合、链接，携手共建、共用、共享生产安全命运共同体，一起干，一起干，让优秀企业更安全，让优秀企业更高效！,"https://www.zhaopin.com/jobdetail/CC559764920J40565336404.htm?refcode=4019&srccode=401901&preactionid=a7c1140f-c46c-45e5-b867-ab342d8bdc77"
3503,实施工程师,无锡-宜兴市,5000-6000元,远东电缆有限公司,"电气机械/电力设备,金属制品业,仪器仪表制造,电力/水利/热力/燃气",1000-9999人,已上市,CC172978910J40766819302,工作职责一、培养方向：技术服务初级工程师 【所属公司】：远东电缆 【经轮岗培养，能够独立承担以下职责】： 1、参与用户咨询的技术答疑，技术资料提供，协助用户产品选型； 2、参与电线电缆招投标项目的技术确认、技术答辩和合同技术谈判； 3、协助解决并配合客户改进不适当的产品选型、设计、安装等问题； 4、参与投诉协调与处理，督促落实并验证整改措施有效性； 5、参与售后服务体系策划、实施、分析、改进及商品售后服务五星级认证及审核，保证体系正常运行； 6、参与收集市场需求及相关方信息，配合做好公司新产品的研发工作； 7、协助其他部门做好内部支持工作。 【工作地点】：江苏宜兴 【学历要求】：本科 【专业要求】：电缆、电气、机械、自动化、化学等相关专业 【能力要求】：1.较强的沟通能力、协调能力、语言表达能力；2.办事细心，处事灵活，服务热情；3.熟悉电线电缆产品标准、产品质量控制要求、安装使用规范；4.熟练使用电脑及办公软件。,7月8日,远东电缆有限公司是我国线缆行业的领军企业，是全国重点高新技术企业、全国用户满意企业、全国重合同守信用企业、中国质量服务信誉AAA级企业，荣获2010年度最具幸福感制造业企业、CCTV中国年度品牌、中华慈善奖、环球慈善企业奖、亚太最具社会责任感大奖等，企业先后通过了ISO9001-2000质量体系认证、ISO10012计量体系认证、ISO14001环境管理体系认证和OHSAS18001职业健康安全管理体系认证以及美国FMRC、UL认证。主要从事架空导线、电力电缆、电气装备用电线电缆、特种电缆四大类线缆产品的系统设计研发、制造、营销与服务，产品广泛应用于电力、交通、新能源、石油石化、国防、城市建设等领域，畅销世界各地，深受用户的信赖，销售收入连续十六年居全国电线电缆行业第一，综合实力全球领先。远东电缆为中国驰名商标并荣获行业首家全国质量奖，同时也是业内首家与质监局签署质量监督协议书，实行质量监督的线缆企业。远东电缆有限公司创建于1990年，地处长三角经济圈中心的千年陶都宜兴市，是中国规模最大的电线电缆制造企业、远东电缆股份有限公司（股票代码：600869）下属的全资子公司。公司主要致力于架空导线、电力电缆、电气装备用电线电缆、特种电缆等四大类线缆产品的系统研发、设计、制造、营销与服务。产品广泛应用于电力传输、交通、能源、石化等行业以及国防、城市建设等领域，畅销世界各地，深受用户的信赖。公司拥有国内外先进生产设备和检测设备1600多台（套），已形成交联聚乙烯绝缘电力电缆最高电压等级达500kV、架空导线最高电压等级达1100kV，销售收入连续十六年居全国电线电缆行业第一，年产销能力超200亿元，综合实力全球领先。截至2013年，公司已设立国家级企业技术中心、国家级博士后工作站和院士专家工作站等多个科研机构，并通过了ISO9001质量管理认证、ISO14001环境管理体系认证、OHSAS18001职业健康体系认证，获得了国家计量检测体系合格证书；公司产品也通过了国家强制性产品认证（3C认证）、PCCC认证及中国质量CQC认证、煤安MA认证、船级社CCS认证、国防通信网设备器材入网认证、阻燃标识认证、耐火标识认证、UL认证、KAME认证、TUV认证、CE认证、NATA认证及南非SABS认证等。截至2013年，远东电缆是国内线缆行业唯一荣获“全国质量奖”的企业，是行业首家全国质量诚信企业。“远东”牌电缆曾荣获“中国驰名商标”、“中国名牌产品”、“CCTV中国年度品牌”等荣誉称号，品牌价值达170.76亿元。远东电缆将秉持“诚信务实、创新创优、和灵共赢”的核心价值观，通过实施高端化、集成化、国际化战略，优化调整产业结构，不断提高质量和效益，努力把公司建设成为管理先进、技术密集、品牌卓著的国内一流国际接轨的电缆行业标杆，向着成为“全球电力和信息系统集成的领导者”这一宏伟愿景不断前行。,"https://www.zhaopin.com/jobdetail/CC172978910J40766819302.htm?refcode=4019&srccode=401901&preactionid=a7c1140f-c46c-45e5-b867-ab342d8bdc77"
3504,实施工程师,北京-海淀区,6000-8000元,北京三维天地科技股份有限公司,"计算机软件,互联网,IT服务",1000-9999人,D轮及以上,CC000573220J40800594113,岗位职责:,7月17日,北京三维天地科技股份有限公司成立于1995年，是国内知名的检验检测信息化和数据资产管理领域的软件开发服务商，致力于为客户提供信息化整体解决方案及相关软件产品与服务，于2022年1月7日登陆深交所创业板。公司不断追求产品技术先进性和应用服务个性化，拥有多项自主知识产权及自主研发核心技术，产品广泛应用于政府机构、大型央企及世界知名企业，为其提供优秀的产品和服务。公司业务覆盖全国三十余个省及直辖市，目前公司在香港、海南、东莞、广西设有4家子公司，在厦门、上海、广州、深圳、重庆、西安、武汉、成都、济南、南京、贵阳、杭州、长沙、郑州、合肥、沈阳、乌鲁木齐等地区设有17家分公司，在石家庄等地区设立了多家办事处，有效实现了对不同区域、不同行业、不同规模企业组织的营销覆盖，构建了成熟、稳定、多层次的营销、交付以及运维服务体系。作为多个国家标准的工作组成员单位、起草单位，三维天地公司是产品质量大数据国家高新技术产品标准化试点单位，致力于国家质量基础设施（NQI）信息化实施服务，并参与起草了一系列数据管理相关的国家标准，在数据标准化与质量大数据相关领域，始终作为国内具有竞争力的技术先行者。今后，公司的发展战略重心将紧紧围绕政府关注，定制开发自主可控的数字化产品，支撑经济社会高质量发展。,"https://www.zhaopin.com/jobdetail/CC000573220J40800594113.htm?refcode=4019&srccode=401901&preactionid=a7c1140f-c46c-45e5-b867-ab342d8bdc77"
3505,实施工程师,深圳-宝安区,1-1.5万·18薪,施比雅克贸易(上海)有限公司,"运营商/增值服务,电子/半导体/集成电路,通信/网络设备",20-99人,,CC306782010J40641890914,"工程师类工作倾向： A.负责电子医疗、有源/无源植入物医疗类产品的售后技术支持工作，包括产品Demo, 安装, 培训 B. 有一定的CST，HFSS，ADS，Sim4life，ANSYS，等任意电磁仿真软件使用能力 C.有一定的生物医疗，电子医疗工程背景。 D.收集、理解客户需求并及时回馈 E.建立良好的客户关系，对客户进行产品使用技术培训和疑难解答 F.编写相关产品问题和技术问题的报告 G.能引导客户需求，能多角度，多层次的与客户交流公司的产品与解决方案 技能要求： 1.英语 听说读写 中等，至少CET4 2.学历 电子电磁、生物电磁、电子医疗、无线通讯等相关专业 3.具备 独立作业、团队合作能力，工作态度积极负责。 4.能接受一定频度的出差（月均3天左右） 5.工作严谨细致、责任心强，善于思考、分析和解决问题. 6.熟练使用Excel、Outlook、PowerPoint、Word等基本办公软件。 7.熟悉电子医疗产业及生物医疗，2年经验以上，曾任医疗器材类产业FAE优先入取。 8.医学工程相关学系尤佳。 职位福利：五险一金、绩效奖金、带薪年假、餐补、全勤奖、通讯补助、周末双休、出差补贴  职位亮点：周末双休、带薪年假、五险一金、年终奖金等",12月25日,"施比雅克贸易(上海)有限公司为台湾耀登科技集团于2009年11月在中国上海投资设立的旗下子公司。耀登科技股份有限公司1980年成立于台湾省桃园县，公司主要产品为各式天线及无线射频产品的研发与制造生产，发展迄今除桃园厂之外亦在中国昆山设立了耀登电通公司，并在台湾桃园与上海投资设立了无线射频与电磁兼容标准测试实验室。也正因为在无线射频相关产品的研发测试需求，于2000年耀登科技与瑞士SPEAG公司签订代理合同，正式取得SPEAG的产品的大中国地区代理权。耀登科技股份有限公司目前于大陆及台湾员工有260余人，其中其中仪器设备销售部则是负责大中国地区的仪器设备销售业务，2004年起于上海浦东张江高科技园设有办事处并有专职业务及设备维护工程师常驻于上海以方便服务客户，2009年为能提供大陆地区客户更优质的服务耀登集团以海外投资的方式于上海浦东张江高科技园区投资成立了施比雅克贸易(上海)有限公司Auden Techno Corp.施比雅克贸易(上海)有限公司除原有耀登科技仪器设备销售部门的员工之外更增加了大陆地区的人员编制，依据销售的产品类别增加了设备硬件工程师以及仿真软件应用工程师等专职人员，并计划于2010年成立北京及深圳服务据点。施比雅克贸易(上海)有限公司主要销售之产品为SPEAG公司所研究发展的各式电磁射频量测系统、人体电磁波吸收比量测系统（SAR）与电磁相关仿真软件，韩国A-Plustech. OTA射频效率量测暗室,以及西班牙AT4一致性测试系统等产品。目前也正积极洽谈国外先进优良的其它设备，以期能达到提供客户全套式量测设备解决方案。","https://www.zhaopin.com/jobdetail/CC306782010J40641890914.htm?refcode=4019&srccode=401901&preactionid=a7c1140f-c46c-45e5-b867-ab342d8bdc77"
3506,测试工程师,酒泉-肃州区,1-2万·14薪,蓝箭航天,"船舶/航空/航天/火车制造,学术/科研",500-999人,C轮,CC374816780J40668148216,工作内容： 1、依据文件进行测试技术状态准备与检查；  2、依据文件和指挥口令进行火箭单元测试、总检查测试等；  3、依据文件进行电气故障查找、定位与排除；  4、如实反馈测试问题，并填写测试结果；  5、提出火箭测试流程优化、工装优化及需求等建议；  6、负责火箭测试区定制管理及6S管理工作；  7、负责对火箭总测相关设备进行定期检查与保养；  8、参加公司组织的各类改进、工艺攻关、竞赛等活动；  9、协助完成公司安排的其他工作；   胜任要求： 1、专科以上学历，电子电气类相关专业毕业；  2、能够看懂电气原理图；  3、熟悉常用工具、仪器仪表、量具以及各种常规设备的使用；  4、动手能力强，踏实肯干，具有一定的抗压能力、吃苦能力、较强的团队协作精神和服务意识；  5、有电气调试与测试经验优先；  6、有航空、航天、兵工等从业背景者优先。,7月2日,蓝箭航天空间科技股份有限公司（蓝箭航天）是国内领先的液体火箭研制与运营的商业公司，国际宇航联合会（IAF）会员、国家高新技术企业。公司聚焦中小型商业航天应用市场，致力于研制具有自主知识产权的液体燃料火箭发动机及商业运载火箭，凭借一流的技术研发团队，以高度集成的设计能力和单机创新能力完成产品设计、制造、测试和交付全流程任务，为全球市场提供标准化发射服务解决方案。,"https://www.zhaopin.com/jobdetail/CC374816780J40668148216.htm?refcode=4019&srccode=401901&preactionid=a7c1140f-c46c-45e5-b867-ab342d8bdc77"
3507,技术支持工程师,西安-碑林区,4000-6000元,陕西拓维数字智能服务有限公司,"计算机软件,IT服务,通信/网络设备,计算机软件",20-99人,未融资,CC261448610J40101214008,职责描述   ,7月25日,陕西拓维数字智能服务有限公司是一家主要以数据安全领域产品、文档安全管理、数据安全审计、数据安全运营、数据资产管理系统应用集成的高新技术服务提供商。公司于2009年完成资源整合注册成立。陕西拓维立足高端产品资源及技术优势，致力于行业数字安全和信息网络系统开发与集成。在数据安全、数据处理、存储、备份、防病毒、终端网络行为管理、网络信息安全等高端领域拥有丰富实践经验及雄厚的技术实力，能够为客户提供完整满意的解决方案及产品增值服务。我公司旗下集合了一支团结协作、具有开拓精神和创新理念的精英团队，项目管理团队均具有10年以上IT企业营运经验。公司始终倾力为企事业单位的信息安全、数据防泄密提供一体化顾问式解决方案，目前公司与国内外著名网络硬件、软件厂商合作签约。厦门天锐数字安全终端系统、Symantec、NETGEAR、Fortinet、Microsoft等产品。更有专注数据安全管理系列产品：天锐绿盾品牌系列涵盖了网络安全、终端安全、数据安全、文档安全等全方位数据安全产品及解决方案，致力于打造高水准的数据安全防护体系，解决大数据安全与文档管理难题，构建安全、高效的信息化办公环境。为客户提供优质的内外网安全管理产品和适合多种行业的应用解决方案；多年来，用户遍及于政府、军工、金融、制造、建筑设计、轻工纺织、教育、通讯等十几个行业。工作地点：西安市雁塔路中段58号百瑞广场1029室联系电话：029-85519137 85522773,"https://www.zhaopin.com/jobdetail/CC261448610J40101214008.htm?refcode=4019&srccode=401901&preactionid=a7c1140f-c46c-45e5-b867-ab342d8bdc77"
3508,技术支持工程师,大连-金州区,8000-10000元,大连力迪流体控制技术有限公司,"仪器仪表制造,电气机械/电力设备,石油/石化,贸易/进出口",100-299人,未融资,CC121041250J40487171201,1.负责进口仪器仪表等自动化产品的技术选型、报价 2. 负责与国外供应商联络 3. 负责客户技术问题的解答 4. 完成上级交办的其它工作 任职要求： 1. 理工类本科毕业，电气自动化相关专业 2. 英语口语佳 3. 男女不限,2025-07-30 00:21:01,大连力迪流体控制技术有限公司成立于1996年，占地面积4200平方米，建筑面积2500平方米，是一个技术导向型的工业品贸易公司。本着让中国客户快速享受全球高技术工业成果的理念，二十多年来，我们一致致力于及时引进欧洲具有先进技术的工业品来到中国。目前公司已经发展成为进口工业品的集成供应商！2013年公司在德国成立了分公司，现有德籍员工3名，成为国外多品牌中国区总代理及售后服务中心。。公司在北京、上海、南京、广州、成都、沈阳等大中城市设有办事处。“售服一体式”网络遍及全国，具有完备的售后服务体系和技术支持中心。公司提供优厚的薪酬及完善的培训学习平台，帮助员工成长发展。由于业务发展的需要，诚聘英才，期待您的加盟！,"https://www.zhaopin.com/jobdetail/CC121041250J40487171201.htm?refcode=4019&srccode=401901&preactionid=a7c1140f-c46c-45e5-b867-ab342d8bdc77"
3509,技术支持工程师,潍坊-潍城区,7000-12000元,山东悍沃农业装备有限公司,专用设备制造,500-999人,不需要融资,CCL1230420440J40918329604,岗位内容：     技术服务支持    ,6月4日,豪悍新动能智沃新农业山东悍沃农业装备有限公司是一家致力于农机装备研发、生产、销售于一体的智能制造企业，公司位于山东潍坊，占地 600亩，总投资10亿元。主要产品包括：30-260马力拖拉机、玉米收获机及秸秆捡拾方型及圆型打捆机。2021年实现销售收入10亿元，跻身全国农机装备产业第一梯队。 2021年，悍沃被认定为“高新技术企业”，企业研发中心被认定为“潍坊市企业技术中心”，该中心主导设计的悍沃大马力拖拉机荣获“山东省长杯工业设计大赛三等奖”。悍沃牌拖拉机荣获“第11/12届全国农机用户满意品牌”称号，企业投身公益事业先后被评为“抗灾救灾先进单位”等。科技悍沃，创新引领发展。悍沃瞄准当下，心向未来，将产品的设计、研发、制造牢牢抓在自己手中，组建了业内独有的工业设计团队，实现了所有零部件自主设计、自主生产，获得了发明专利、实用新型专利、外观设计专利等70余项，整机外观、动力匹配及机具融合等的研发创新设计能力位居全国首位。绿色悍沃，低碳助力发展。悍沃始终秉持绿色赋能发展的理念，率先开展国四发动机排放验证，并成功实现匹配；自主研制的新型秸秆打包机等先进适用机具，可一次性完成秸秆收集、输送、压实、打捆等几道工序，有效解决了秸秆运输和焚烧秸秆问题，实现了绿色与质量的完美融合。智慧悍沃，数字赋能发展。乘借新旧动能转换战略的东风，悍沃数字工厂全面投产运营，搭建起业内首个智能仓储系统，实现了仓储物流的自动化与智能化；定制开发的ERP系统，实现了从订单提报、质量控制到整机销售等全过程信息共享；引进了智能化总装生产、全自动底盘生产等8条先进生产线，投入激光切割机、焊接机器人等先进设备，年可生产各种型号拖拉机3万台套，生产能力位居行业前列，200马力以上拖拉机连续三年销量位列行业第一。农为邦本，本固邦宁。下步，悍沃将继续立足“农”字深耕不辍，力争5年内主营业务收入超50亿元，稳步迈入行业前三甲，为推动农业高质量发展和乡村振兴贡献悍沃力量！,"https://www.zhaopin.com/jobdetail/CCL1230420440J40918329604.htm?refcode=4019&srccode=401901&preactionid=a7c1140f-c46c-45e5-b867-ab342d8bdc77"
3510,Java,大连-甘井子区,4000-7000元,大连高新园区贝程计算机软件开发有限公司,计算机软件,100-299人,,CCL1482353230J40595154601,1、大专及以上学历，软件工程、计算机相关专业、理工科等专业优先； 2、热爱软件开发行业，有志于长期在计算机行业发展，善于学习和总结分析； 3、有接触过java、C语言、C++、数据库、等开发语言即可，或者其他专业有较强逻辑思维能力的理工科毕业生亦可； 4、做事认真、细心、负责，能够专心专研技术，有良好的工作态度和团队合作精神； 5、经验薄弱者会有项目经理带，稳定性高者优先。 工作时间： 1、常规工作时间：周一至周五，9:00-18:00，周末双休； 2、法定节假日正常休息； 3、连续工作满1年者享受5天带薪年假； 4、满1年以上工作者年底13薪； 福利待遇： 1. 正式录用签订劳动合同 2.公司提供五险一金： 3.绩效奖金 4.年终项目收益奖 5.满勤奖 6.带薪年假 7.节日福利（享受国家所有法定假日福利） 8.每年提供员工免费体检一次,7月21日,,"https://www.zhaopin.com/jobdetail/CCL1482353230J40595154601.htm?refcode=4019&srccode=401901&preactionid=a7c1140f-c46c-45e5-b867-ab342d8bdc77"
3511,科研人员,北京-丰台区,2-3万,首都医学科学创新中心,"学术/科研,学术/科研",300-499人,不需要融资,CCL1464242520J40708903602,博士后 主要职责： 1. 在课题组长指导下独立开展研究工作； 2. 协助指导研究生工作以及撰写论文或基金申请。 任职要求： 1. 近三年已获得或即将获得生命科学、化学、药学或相关专业的博士学位，具有生物化学与分子生物学、药理学、蛋白设计、药物开发等研究背景者优先考虑； 2. 有责任心和团队精神，诚实诚信，心态阳光，热爱创新与挑战; 3. 具备较好的英文沟通、写作能力。,3月4日,"首都医学科学创新中心[Chinese Institutes for Medical Research(CIMR), Beijing]（简称创新中心）是北京市新成立的具有独立法人资格的新型研发机构。创新中心以推动医学科学发展、改善人类健康为目标，开展生物医学研究，致力于提升医学科学创新与成果转化能力，提高疾病诊断和治疗水平。我们将汇聚世界高水平科学家，与首都医学教育和科学研究优质资源紧密合作，打造多学科交叉融合的科研平台，综合自由探索、医学目标导向、有组织科研等途径，实践新型科研模式和体制机制，逐步推进医教研产的深度融合，培养适应医学科学创新发展的优秀人才。","https://www.zhaopin.com/jobdetail/CCL1464242520J40708903602.htm?refcode=4019&srccode=401901&preactionid=a7c1140f-c46c-45e5-b867-ab342d8bdc77"
3512,软件测试,西安-雁塔区,6000-12000元,飞特质科(北京)计量检测技术有限公司,"检测/认证,专用设备制造",20-99人,未融资,CC621887930J40780900115,岗位职责：  ‌‌负责junyong软件测试测评，与甲方进行有效沟通，根据产品或项目测试需求，制订测试方案和测试计划，不断改进优化测试用例和测试方法，以保证质量并提升效率‌ 执行具体测试任务并确认测试结果、缺陷跟踪，完成测试大纲、测试报告以及测试结果的审核、分析。 ‌对接客诉问题‌，及时处理投诉问题并持续跟进，输出常见问题列表及自查方案‌。 ‌熟悉测试工具‌：了解并基本掌握常用的测试工具（如testbed、Loadrunner、Jmeter、postman等），善于结合公司的业务发展阶段加以运用‌。 任职要求： 1. 教育背景‌：计算机科学、软件工程或相关专业本科及以上学历。 2. 技能要求‌：具备c语言基础，熟练掌握各种测试技能和质量控制的过程及方法，熟悉常用的测试工具。 3. 沟通能力‌：具备良好的沟通能力和协调能力，能够与开发团队、产品团队等有效协作。,7月28日,飞特质科(北京)计量检测技术有限公司（以下简称飞特质科）是开展民航DO160系列标准、国军标、汽车电子、铁路、信息技术设备、音视频设备、多媒体设备、通信设备、电子测量仪器、家用电器、工科医等领域的电磁兼容试验与整改，环境可靠性试验和开展电源模块、电源滤波器研发生产的专业机构。具有达到3000V/m级别的HIRF试验能力。实验室面积超过 6000平方米，具有德国、美国等各类先进测试设备百余套，其规模和试验能力在全国同行业处于领先水平。公司的主要产品包括电源模块、电源滤波器、屏蔽整改材料等。具有电源模块和电源滤波器的研发和生产能力，可以开展具有特殊功能的电源模块和电源滤波器的定制和生产，研发了多款具有解决差模、共模、尖峰、脉冲等多种综合电磁干扰能力的电源模块和电源滤波器产品。,"https://www.zhaopin.com/jobdetail/CC621887930J40780900115.htm?refcode=4019&srccode=401901&preactionid=a7c1140f-c46c-45e5-b867-ab342d8bdc77"
3513,测试工程师,承德-双桥区,6000-10000元,承德博冠实业集团有限公司,"电气机械/电力设备,电子/半导体/集成电路,电气机械/电力设备,仪器仪表制造",1000-9999人,未融资,CC437241920J40744037309,岗位内容： 1 实施各种测试流程以确保产品满足质量标准。  2. 分析和解决测试中遇到的问题，并提供相应的解决方案。  3. 协作设计团队，确保最终产品符合规范和客户需求。 任职要求： 1. 本科或以上学历，电子、自动化工程、计算机科学或相关专业背景。  2. 熟悉模拟、数字电路设计及布局，具备良好的产品测试能力。  3. 具备高度的学习能力、责任心和团队合作精神。,7月22日,承德博冠实业集团有限公司下设工程公司、电子公司、电控公司、渣业公司、新新机械公司、承钢天运物流公司、天博工贸公司、兴通钒业公司。公司注册资金6831.5144万元，现有员工3000余人。主要经营项目包括：物流运输、起重装卸、机械产品制造加工、电控设备制造、电子产品研发制造、工程系统设计与开发、安装调试、机电设备安装、设备运行维护、土建工程施工、冶金渣业加工，公司年综合生产能力达10亿元，位于承德市50强企业前列。承德博冠实业集团有限公司下设工程公司、电子公司、电控公司、渣业公司、新新机械公司、承钢天运物流公司、天博工贸公司、兴通钒业公司。公司注册资金6831.5144万元，现有员工3000余人。主要经营项目包括：物流运输、起重装卸、机械产品制造加工、电控设备制造、电子产品研发制造、工程系统设计与开发、安装调试、机电设备安装、设备运行维护、土建工程施工、冶金渣业加工，公司年综合生产能力达10亿元，位于承德市50强企业前列。我公司位于承德市开发东区，该公司主要生产高、低压开关设备已有二十多年之久、先后开发并生产 GGD、GCK、GCY、PLC、MNS等低压柜、KYN28、KYN61高压中置式手车柜及与 ABB公司合作联合生产的 ZS3.2，35KV配电柜，各种配电箱、控制柜、操作台、直流电源柜、无功补偿柜等配电设备、箱式变电站等系列产品，同时经营国内外各种品牌电控类备品备件。我公司拥有国家颁发的高、低压开关柜制造资质，是河北省安全生产监督管理局二级安全企业，已通过ISO9001：2000质量认证并取得中国质量证书3C证书。我公司近年来为承钢、唐钢、宣钢、中冶京诚、中钢、首钢等大型企业制作安装了 35KV及以下高低压开关柜及配套盘、箱、柜等设备，同时承接电气工程的设计、制作、安装调试等工程项目，在合作过程中受到众多用户的高度认可和好评。我公司先后投资引进了先进水平的数控冲床、数控折弯机、数控剪板机、多功能母排加工机、静电喷涂等设备，具有较强的生产加工能力，使产品在冶金、矿山、化工、电力及其他工矿企业和建筑部门得到良好的应用。我公司愿真诚的为广大用户服务，以高质量的产品、合理的价格、优质的服务，使所有选用我公司产品的用户成为我们志同道合的朋友，本着以人为本，诚信高效的理念，用一流的产品奉献给社会各界。,"https://www.zhaopin.com/jobdetail/CC437241920J40744037309.htm?refcode=4019&srccode=401901&preactionid=a7c1140f-c46c-45e5-b867-ab342d8bdc77"
3514,测试工程师,苏州-工业园区,8000-9000元,陕西华常尔威电子科技有限公司,计算机硬件,100-299人,,CCL1490845360J40799872713,岗位内容： 1. 负责硬件测试流程的设计、建立和落地，包括测试用例编写，测试环境搭建等； 2. 进行硬件测试并记录测试相关数据，参与缺陷跟踪和管理； 3. 搭建硬件测试平台，提高测试效率和测试覆盖率。,7月15日,,"https://www.zhaopin.com/jobdetail/CCL1490845360J40799872713.htm?refcode=4019&srccode=401901&preactionid=a7c1140f-c46c-45e5-b867-ab342d8bdc77"
3515,实施工程师,济南-历下区,7000-11000元,山东信函数据科技有限公司,互联网,100-299人,,CCL1477383020J40749235707,岗位内容： 1. 实施公司产品的安装、配置和测试。 2. 调试网络设备，确保系统正常运行。 3. 为客户提供培训和技术支持。 4. 协调团队成员，协作完成项目任务。 任职要求： 1. 具备计算机或通信工程相关专业背景。 2. 熟悉TCP/IP协议、LAN/WAN网络。 3. 具备较强的沟通能力和团队协作精神。,4月26日,,"https://www.zhaopin.com/jobdetail/CCL1477383020J40749235707.htm?refcode=4019&srccode=401901&preactionid=a7c1140f-c46c-45e5-b867-ab342d8bdc77"
3516,测试工程师,苏州-姑苏区,7000-10000元,重庆科满福人力资源服务有限公司,企业服务,20-99人,,CCL1487604860J40922143204,岗位职责】 ： 1、进行新产品研发阶段的测试工作 2、完成新产品的功能测试、可靠性测试、环境测 试、安全测试等技术工作 3、制定测试计划，设计测试用例，分析测试数 据，编制测试报告 4、为其他部门提供技术支持，与其他部门的产品 联合测试工作 ,6月30日,,"https://www.zhaopin.com/jobdetail/CCL1487604860J40922143204.htm?refcode=4019&srccode=401901&preactionid=a7c1140f-c46c-45e5-b867-ab342d8bdc77"
3517,实施工程师,徐州-云龙区,7000-14000元,青岛安然物联网科技有限公司,"物联网,物联网",20-99人,未融资,CC559764920J40565772704,需要弱电技术、自动化、安防系统、工业互联网+危化安全生产、物联网人才，不要纯软件人才。  你能经常到全国各地出差吗？你能到工业生产现场生产现场做技术支持吗？     真正的奋斗者在安然会有让人值得为之奋斗的事业，会有充实、高效的成长，会有高人一等的收入。,3月8日,基于精准人员定位的工业安全生产信息化管理专家，安全生产信息化管理引领者！作为全国实时定位技术标准工作组成员和应急管理部“工业互联网+危化安全生产”人员定位系统技术支持机构，安然从2012年起致力于基于ZigBee Plus三维立体按需精准定位的“工业互联网+安全生产”的研究，获得了20多项安全智能管控系统发明专利和著作权，持续引领中国化工行业生产现场智慧安全！安然以“准、稳、狠”的ZigBee Plus三维立体按需精准人员定位统和“底数清、数据准、情况明、研判准、措施实”的安全生产信息化平台为核心，整合访客管理、出入口控制、人脸识别、视频监控、语音广播、重大危险源监控、可燃有毒气体监测等系统，对生产现场人、机、料、法、环五大要素进行实时、动态、智能管控和预警，规范人的安全行为，保障人的生命安全，有效防范风险、主动化解风险，实现智慧安全。安然“以用为本”，把安全生产信息化建设与公司管理体系“深度融合”，把安全生产信息化建设与日常工作“紧密结合”，对安全生产切实“有用、实用、好用”，避免建用“两张皮”，让安全管控更智能，让生产更高效才实用。迄今已服务中石化、中石油、延长石油、国能、兖矿、京能、索普、新安、奇美、昊源、潞安、旭阳、垦利、逸盛、海科、酒钢、金发等几百家石化、化工、选煤、钢铁、电厂企业。安然以客户为中心，以强者为本，抬头乐干，愿意与同道中人联合、链接，携手共建、共用、共享生产安全命运共同体，一起干，一起干，让优秀企业更安全，让优秀企业更高效！,"https://www.zhaopin.com/jobdetail/CC559764920J40565772704.htm?refcode=4019&srccode=401901&preactionid=a7c1140f-c46c-45e5-b867-ab342d8bdc77"
3518,硬件测试,深圳-龙岗区,6000-8000元,深圳市天星一路科技有限公司,计算机软件,20-99人,,CCL1486091220J40750356811,岗位内容： 1. 执行硬件测试任务，并维护测试数据和文档； 2. 跟进测试过程中发现的问题，协助解决硬件缺陷； 3. 收集硬件测试需求，推动测试工具和方法的改进。 任职要求： 1. 熟悉常用的硬件测试方法和工具，有相关经验者优先考虑； 2. 善于沟通和协作，具有良好的团队合作精神； 3. 具备较强的学习和自我提升意愿，能够快速适应新环境和新技术。,6月24日,,"https://www.zhaopin.com/jobdetail/CCL1486091220J40750356811.htm?refcode=4019&srccode=401901&preactionid=a7c1140f-c46c-45e5-b867-ab342d8bdc77"
3519,软件测试,深圳-龙华区,5000-7000元·13薪,深圳市欣和信息技术有限公司,计算机软件,20-99人,,CCL1479631300J40864326315,岗位内容： 1. 设计和执行测试用例，并记录测试结果。 2. 分析并报告软件缺陷，包括重现步骤、缺陷严重程度和影响范围。 3. 参与产品设计过程，提供测试建议和反馈。 4. 开发自动化测试脚本和工具。 5. 执行性能和负载测试的任务。 任职要求： 1. 具有大专以上学历，计算机科学或相关领域优先。 2. 了解测试相关流程。 3. 优秀的沟通和协作能力，能够与跨部门的团队成员合作。,2025-07-28 00:34:21,,"https://www.zhaopin.com/jobdetail/CCL1479631300J40864326315.htm?refcode=4019&srccode=401901&preactionid=a7c1140f-c46c-45e5-b867-ab342d8bdc77"
3520,C/C++,上海-浦东新区,1.7-3万,外企德科数字技术有限公司,专业技术服务,10000人以上,,CCL1480117890J40658669105,应届生可接受,2025-07-27 00:23:24,外企德科数字技术有限公司是一家2023年新成立的中外合资企业。成立于2023年11月24日，公司定位：专注于为信息技术企业提供人才及数字技术外包解决方案的中外合资企业。它是由中国人力资源服务行业的FESCO（北京国际人力资本集团）与全球人力资源服务领导者The Adecco Group（德科集团）合资成立的。公司主要提供网络技术服务、软件外包服务、计算机系统服务、技术进出口、软件开发等信息技术相关服务。专注于为信息技术企业提供信息技术类人才及数字技术外包解决方案。,"https://www.zhaopin.com/jobdetail/CCL1480117890J40658669105.htm?refcode=4019&srccode=401901&preactionid=a7c1140f-c46c-45e5-b867-ab342d8bdc77"
3521,C/C++,重庆-渝北区,1.2-2万·13薪,重庆山外山血液净化技术股份有限公司,"医疗设备/器械,医疗设备/器械",1000-9999人,已上市,CC343078780J40203279606,【岗位职责】   1、负责医疗设备软件系统的设计和开发（上位机开发）；   2、负责软件系统开发过程中相关调试、测试及文档编写工作；   3、负责所设计模块软件的发布、更新和维护。      【任职要求】   1、统招本科及以上学历，计算机、电子信息、自动化等相关专业；   2、熟悉C++编程语言、熟练使用Linux操作系统；   3、具备软件系统架构设计能力和独立软件模块设计能力者优先考虑；   4、经验不限，可接受优秀硕博应届毕业生培养。,7月2日,重庆山外山血液净化技术股份有限公司（以下简称为“山外山公司”）成立于2001年，是一家集血液净化设备、血液净化耗材、血透中心智能管理系统和连锁血液透析中心于一体的国家高新技术企业，为全球肾脏病和危重症患者提供血液净化整体解决方案。山外山公司是中国血液净化行业的龙头企业、国家标准和行业标准起草单位，同时也是中国血液净化行业唯一科创板上市企业（“山外山”，股票代码:688410）。山外山公司旗下包括全资子公司重庆天外天生物技术有限公司、重庆康美佳血液透析有限公司等，以及中瑞合资公司德莱福（重庆）医疗器械有限公司。山外山公司长期坚持创新驱动发展战略，拥有“国家级企业技术中心”、“国家工程研究中心”、“国家博士后科研工作站”等国家级科技创新平台，先后荣获“国家科学技术进步奖二等奖”等多项国家级奖项，被评为“国家技术创新示范企业”。公司通过了ISO13485:2016质量管理体系认证，系列产品获得欧盟CE认证，产品质量稳定可靠。山外山公司基于原创性血液净化设备的核心关键技术，自主研发了连续性血液净化设备(CRRT)、血液透析机、血液灌流机，以及透析器、透析液过滤器、透析管路、灌流器、透析粉/液等血液净化耗材。产品在临床上广泛用于治疗急慢性肾衰、尿毒症、中毒和多器官衰竭等多种危重症。公司系列产品均入选“优秀国产医疗设备产品遴选”目录。山外山公司产品已销往国内外数千家医疗机构，包括解放军总医院、上海交通大学附属医院、南方医科大学附属珠江医院、山东大学齐鲁医院、中南大学湘雅二院等多家知名大型三甲医院，并出口意大利、希腊、西班牙、马来西亚、印度、南非等全球近90个国家和地区，实现市场装机数万台，服务全球数十万名肾病患者。,"https://www.zhaopin.com/jobdetail/CC343078780J40203279606.htm?refcode=4019&srccode=401901&preactionid=a7c1140f-c46c-45e5-b867-ab342d8bdc77"
3522,技术支持工程师,抚顺-东洲区,2000-4000元,抚顺市永信安防电子有限公司,"仪器仪表制造,互联网",20-99人,,CC463221210J40023312305,大专以上学历，了解GPS平台管理，会电脑基本操作，能够独立完成领导交办的工作任务，有经验者优先。职位福利：交通补助、包吃、节日福利、加班补助、绩效奖金   ,7月1日,抚顺市永信安防电子有限公司是一家专业从事视频监控、防盗报警、楼宇对讲、网络化办公、智能系统集成、通讯调度、数据传输、GPS车载终端安装的综合性电子公司，公司拥有国家颁布的安防工程设计及施工的国家壹级资质，还拥有建筑业企业和建筑智能化工程的资质。我公司长期以来服务于厂矿企业、金融、服务、教育、政府机关和小区物业，从事的视频监控、防盗报警、智能化系统集成、通讯调度、数据传输等方面都有5年以上的工作经验。拥有的专业技术人员和施工队伍，在公司经营的各个领域都有很高的技术实力，完全可以根据客户的需求设计出符合使用要求的现代化、经济、实用方案。在工程施工方面，我们有着先进的管理模式，拥有专业的施工人员，他们在这些工作领域有着丰富的工作经验，能为用户提供优质的施工，和周到的后期维护和售后服务等全过程服务。几年来公司在技术、管理和专业施工上的不断发展，经验的各领域已经逐步走向规模化、专业化。通过公司诸多优质工程中的主要业绩就可以看出我公司较高的专业技术水平。我公司始终贯彻“用户利益至上，促进社会进步”的经营理念，追求精益求精的产品，为安防事业提供‘一站式’的服务平台。我公司将本着“服务为本、诚信第一、顾客至上”的宗旨，不断完善公司品牌。永远站在客户的立场去想、去做。抚顺市永信安防电子有限公司愿与广大用户共同营造一个看得见的安全空间。,"https://www.zhaopin.com/jobdetail/CC463221210J40023312305.htm?refcode=4019&srccode=401901&preactionid=a7c1140f-c46c-45e5-b867-ab342d8bdc77"
3523,科研人员,深圳-光明区,2.2-3.5万,深圳理工大学,学校/学历教育,500-999人,,CCL1317818340J40653314210,"课题组/导师简介： 梁国进，助理教授，长期从事本征安全储能电池技术研究，聚焦于水系电池关键材料设计与高性能器件开发，在国际学术期刊上发表第一/通讯（含共同）作者论文 30余篇，包括Nat. Rev. Mater.、 Nat. Nanotech. （News & Views）、 Nat. Commun. （2）、Adv. Mater. （5）、 Energy Environ. Sci. （4 ） Angew. Chem.等，其中 5 篇 入选 ESI 高被引论文。2023 年度入选科睿唯安全球高被引学者，连续入选 2022、2023 年度斯坦福全球前 2%顶尖科学家；担任 Nano-Micro Letters 、Carbon Neutralization 等期刊青年编委。 岗位要求： 1、即将取得博士学位或取得博士学位不超过3年，年龄原则上不超过35周岁； 2、具备较高的学术水平和较强的科研能力，能独立开展科研工作； 3、方向要求：水系液流电池相关领域，具有电极/电解液材料设计、电催化、功能膜材料开发、电池电堆结构设计等研究基础，擅长电池材料器件开发和电化学过程分析的研究者；也欢迎具有丰富膜材料研究基础（无电化学基础）的研究者。如果前期研究基础可以和液流电池结合，也欢迎邮件讨论合作方向； 4、在国际学术期刊发表过相关论文者优先考虑； 5、具备较强的英语听说读写能力； 6、具备良好的学术道德和团队合作精神； 7、全职从事博士后研究工作。 福利待遇： 1、博士后聘期两年，提供年薪不低于30万元；优秀应聘者年薪不低于38万（含深圳市在站生活补助18万），特别优异的应聘者可推荐科研助理教授岗位（符合条件者可申请深圳市人才补助24万/年）。福利待遇参照学校同等教职工标准执行，享受五险一金，绩效奖励等。 2、课题组提供优良的工作环境和充足的科研条件支持，全力支持博士后本人作为负责人申请中国博士后科学基金、国家自然科学基金以及广东省、深圳市等各级科研项目。结合自身条件，课题组协助在站和出站留深博士后申请深圳市相关人才计划。成果突出的博士后，出站后可推荐科研助理教授岗位。 3、出站后留深签约3年工作劳动合同，可申请深圳市博士后出站留（来）深科研资助30万（每年10万共计3年）; 4、可依托学校申请深圳市人才房。可落户深圳市，配偶及未成年子女可办理随迁入户。 5、具有从幼儿园、小学、初中、高中的高水准附属教育机构，为教职工子女提供优质教育资源。提供高水准医疗保障，入职满一年可享受定制化高端体检。 （如政策有所调整，根据实际政策而定） 邮件标题请注明""XXX应聘SUAT梁国进课题组+岗位""，请在邮件中注明拟到岗时间。简历经严格筛选后将及时安排面试，个人信息将严格保密。",9月11日,中国科学院深圳理工大学（简称“中科院深理工”）是由中国科学院与深圳市人民政府合作，依托中国科学院深圳先进技术研究院建设的独立设置的全日制高校，目标建设成为世界一流、“小而精”的研究型大学。中科院深理工将打造科教融合、产教融合、粤港澳合作及国际化办学、体制机制创新四大特色。在科教融合方面，坚持立德树人，以人才培养为根本任务，坚持以学生成长为中心，遵循教育规律和人才成长规律，创新教育教学方法，探索培养拔尖创新人才的模式，建立学院、书院、研究院“三院一体”的人才培养体系。在产教融合方面，中科院深理工将延续先进院的科技创新发展路径，通过加强创客学院建设，提倡创新创业精神，提供高质量创业氛围，培育学生的创业基因和能力。在国际化方面，学校将面向国内外引进高水平、国际化的教师队伍，提升国际化教学水平。将英文纳入工作语言，专业类课程计划全英文授课，计划三分之一至四分之一教授为外籍，三分之一至四分之一学生为外籍。在体制机制创新方面，中科院深理工将积极引进社会资本参与办学，并在坚持党领导的前提下，计划实行以理事会为核心的法人治理结构。中科院深理工旨在为粤港澳大湾区、为国际培养立志于科研的未来科学家学术前沿的科研领军者、立志于创新创业的未来企业家未来产业的创造者和引领者以及高科技产业的未来技术精英未来高科技行业的技术骨干和引领者。,"https://www.zhaopin.com/jobdetail/CCL1317818340J40653314210.htm?refcode=4019&srccode=401901&preactionid=a7c1140f-c46c-45e5-b867-ab342d8bdc77"
3524,技术支持工程师,兰州-城关区,7000-10000元,东华医为科技有限公司,"IT服务,IT服务",1000-9999人,未融资,CC649781480J40792180605,"1、熟悉HTML、Java,C#语言的一种或多种，熟练使用一种页面制作工具；  2、掌握SQL Server、MYSQL、Oracle等的一种或多种；  3、熟悉ASP.NET|JSP| PHP等的一种；  4、学习能力强，能较快掌握和应用新技术，CET-4；  5、工作敬业，责任心强，积极主动，善于沟通，有团队协作精神，能够与领导和同事融洽合作；  6、熟悉AJAX、EasyUI、JQuery、VUE技术优先；  7、能够接受短期出差。",2025-07-27 00:12:40,东华医为科技有限公司（简称东华医为）成立于2012年5月，注册资金5000万，是东华软件股份公司旗下专业服务医疗、卫生等大健康领域IT业务的全资子公司。东华医为现有员工2000余人，其中技术人员占比达到90%，拥有近100项大健康类自主知识产权的软件产品，所覆盖的大健康领域有医疗机构、卫生管理机构、互联网医疗、人工智能、大数据、健康管理等，所涉及的主要业务有IT咨询规划、方案设计、系统集成、软件开发与交付、工程实施与交付、人才培养、售后运维、合作运营等。东华医为现为全国500余家大健康领域的各类用户提供着持续的技术服务，还连续多年蝉联中国十佳医疗行业解决方案商榜首。传承了东华软件医疗卫生事业部近二十年IT业务的东华医为，在高速发展的大健康领域，笃定能大有作为。,"https://www.zhaopin.com/jobdetail/CC649781480J40792180605.htm?refcode=4019&srccode=401901&preactionid=a7c1140f-c46c-45e5-b867-ab342d8bdc77"
3525,硬件测试,杭州-滨江区,7000-14000元,浙江宇视科技有限公司,"计算机硬件,计算机软件,IT服务",1000-9999人,已上市,CC451534410J40716151014,岗位职责: 1、从事安防行业-视频监控/智能交通/NVR/IPC等相关产品的硬件测试/维护工作； 2、从事基础电子元器件-阻容感磁/晶体管/flash/DDR/电机等器件的替代导入测试工作； 2、协助团队改善产品的测试方案，改进硬件测试方法和测试流程；   任职要求: 1、本科及以上学历，计算机、通信、电子、自动控制类专业；英语四级以上； 2、具备良好的数字、模拟电路基础，熟悉基本电子元器件； 3、有较强的动手能力，能够熟练阅读和理解英文资料；  4、熟练使用测试仪器(示波器、频率计、频谱仪、电源负载)等； 5、热爱硬件测试，并具有较强的责任心和沟通协作能力及团队合作精神。,2月13日,浙江宇视科技有限公司（uniview），是全球AIoT产品、解决方案与全栈式能力提供商，以“ABCI”（AI人工智能、BigData大数据、Cloud云计算、IoT物联网）技术为核心的引领者。宇视2011年成立，在创建第7年（2018年）做到全球第4位，研发技术人员占公司总人数约50%，在中国的北京、杭州、深圳、西安、济南、天津、武汉设有研发机构，在桐乡建有全球智能制造基地。截至2024年底，宇视专利申请总数4700余件，发明专利占比约80%，涵盖了光机电、图像处理、机器视觉、大数据、云存储等各个维度。我们每年将10%左右的营收投入研发，为可持续发展提供有力支撑。宇视推出AIoT大型操作系统IMOS，交付的产品方案覆盖全球200余个国家和地区，3000余个城市。截至2024年底，宇视参与建设平安工程990余个，智能交通项目580余个，智慧城市570余个，平安高校700余所（88%一流高校，80%一流学科高校，90%教育部直属高校），45个城市的210余条地铁线路，90余个机场，大型企业600余家，三甲医院300余家，高速公路450余条，470余个地标性商业综合体建筑。明天的世界，正在今天被工程师改变，宇视为《流浪地球2》提供设备与技术支持，交付了423件产品。在几乎中国所有重大峰会（APEC、G20、上合、金砖）、历史时刻（人大、两会）、国际体育赛事（北京冬奥会、杭州亚运会）的场景都有宇视的守护。,"https://www.zhaopin.com/jobdetail/CC451534410J40716151014.htm?refcode=4019&srccode=401901&preactionid=a7c1140f-c46c-45e5-b867-ab342d8bdc77"
3526,Java,上海-浦东新区,2-4万·14薪,外企德科数字技术有限公司,专业技术服务,10000人以上,,CCL1480117890J40660807305,"岗位职责 在这里，你将从事IT应用层软牛、分布式云化软件、互联网软件等的设计开发,可以采用敏捷、Devops、开源等先进的软件设计开发模式，接触最前沿的产品和软件技术，成为大容量高并发技术的专家;你将参与产品的软件研发工作,包括但不限于: (1)完成从客户需求到软件产品定义、架构设计、开发实现、再到上线运营维护等产品生命周期中的各个环节; (2)创造性解决产品在实现过程中的技术难题，应用前沿技术提升产品的核心竞争力，如分布式系统、性能调优、可靠性、数据库等; (3)有机会参与业界前沿技术研究和规划，参与开源社区运作，与全球专家一起工作、交流,构建在业界影响力。 岗位要求 1、计算机、软件、通信等相关专业本科及以上学历；工作年限不限； 2、热爱编程，基础扎实，熟悉掌握但不限于JAVA/C++/C/Python/JS/HTML/GO等编程语言 中的一种或数种，有良好的编程习惯； 3、具备独立工作能力和解决问题的能力、善于沟通，乐于合作，热衷新技术,善于总结分享喜欢动手实践; 4、对数据结构、算法有一定了解; 5、优选条件: (1)熟悉TCP/IP协议及互联网常见应用和协议的原理 (2)有IT应用软件、互联网软牛、IOS/安卓等相关产品开发经验，不满足于课堂所学，在校期间积极参加校内外软件编程大赛或积极参于编程开源社区组织;",2025-07-27 00:23:24,外企德科数字技术有限公司是一家2023年新成立的中外合资企业。成立于2023年11月24日，公司定位：专注于为信息技术企业提供人才及数字技术外包解决方案的中外合资企业。它是由中国人力资源服务行业的FESCO（北京国际人力资本集团）与全球人力资源服务领导者The Adecco Group（德科集团）合资成立的。公司主要提供网络技术服务、软件外包服务、计算机系统服务、技术进出口、软件开发等信息技术相关服务。专注于为信息技术企业提供信息技术类人才及数字技术外包解决方案。,"https://www.zhaopin.com/jobdetail/CCL1480117890J40660807305.htm?refcode=4019&srccode=401901&preactionid=a7c1140f-c46c-45e5-b867-ab342d8bdc77"
3527,C/C++,沈阳-沈北新区,4000-8000元,辽宁因泰立电子信息有限公司,"客运服务,计算机硬件,计算机软件,互联网",20-99人,,CC674556420J40219084312,岗位职责：   ,7月2日,因泰立电子是专注于智能交通（ITS）领域，专业从事智能交通产品的研发、设计、制造、销售和系统集成的高新技术企业。公司总部坐落于辽宁省沈阳市美丽的蒲河之滨---东北总部基地高新技术园区。公司拥有业内一流的研发团队，锐意进取的销售模式，完善的技术服务网络，先进的生产制造体系，形成集研发-生产-销售-服务为一体的现代化企业运营模式，现已成为国内机电系统集成和智能交通领域重要生产厂家之一。公司实施先进的人才储备战略，引进了大批的专业技术与管理人才，加快了企业的发展过程。依靠雄厚的科技实力和扎实的管理基础，通过了ISO9000国际标准质量体系认证。公司在发展的过程中，不断与国内多个科研机构合作交流，研发、设计、生产和系统集成能力迅速提高，规模不断扩大。今天，因泰立员工奉行“进取求实严谨团结”的方针，秉承“以科技奠定基础、以品质赢得信誉、以服务回报客户”的经营理念。不断开拓创新，为用户提供持续改进，延伸智慧的解决方案。立志于开发智能交通新技术、新产品，打造一流的企业，服务智能交通事业。现广州、天津等地设有办事处并诚聘各岗位人才，欢迎大家踊跃投递！,"https://www.zhaopin.com/jobdetail/CC674556420J40219084312.htm?refcode=4019&srccode=401901&preactionid=a7c1140f-c46c-45e5-b867-ab342d8bdc77"
3528,技术支持工程师,上海-长宁区,1.3-2万,上海东峻信息科技有限公司,"计算机软件,船舶/航空/航天/火车制造,学术/科研,通信/网络设备",20-99人,,CC422690620J40774706102,l 岗位职责 1. 理解客户需求，熟练操作产品，对客户进行售前宣讲、演示；  2. 主导一般软件使用培训和教程；  3. 提供售前售后的常见技术咨询和服务；  4. 协助完成市场/销售的文档和技术方案的撰写、协助产品检测和技术性说明撰写。  l 能力要求 1. 具备物理、电磁场等知识，物理/电磁波、微波相关专业，了解基本原理；  2. 热情好学，具备良好的语言表达能力、良好的与人沟通及团队合作能力；  3. 具有工业软件经验者优先。  ,7月18日,"【公司简介】上海东峻信息科技有限公司是中国一家自主研发商业化电磁/光电仿真软件的高科技企业，为航天、航空、中电、船舶、兵器部等军工单位和高校院所、高科技企业，提供软件产品、技术咨询服务和个性化解决方案。基于十多年自主研发，在电磁波（天线阵/雷达、天线罩、电磁隐身、电磁兼容、超材料、微波暗室、电磁环境、移动通讯）、光电（激光、LED、超构材料、光子晶体、光通讯器件）等仿真技术和软件商业化方面取得突破性进展，相对国际软件形成独特技术优势，打破欧美软件垄断，创建民族技术品牌。东峻科技积极投身于自主可控、国际先进的中国科技仿真软件事业，致力于创建中国人自己的电磁/光电仿真技术，为中国计算机仿真产业变革提升架起科学与技术的桥梁，为中国尖端智造提供核心动力。公司官网: http://www.eastwave.com.cn/微信公号:东峻科技EW----------------------------------------------------【时代召唤】“科学技术是第一生产力”，商业化科技仿真软件是最新科学进步与广大技术领域的桥梁，是“一国创新能力的标志和核心载体”（院士语）。欧美商业软件长期垄断国内电磁/光电仿真市场，国内核心敏感领域科技发展受制于人，长此以往，必将约束和矮化我国科技进步。因此，发展“自主、可控”的电磁/光电仿真技术刻不容缓。“军民融合”、“自主、可控”是我国国防军工事业发展的大势所趋,中国人为什么不能打造自己的电磁/光电仿真软件?!同志者同心，同道者同行。从三五知己的携手创业，到如今初步打破欧美垄断，进入中国军工和民用企业，并开拓国际市场。东峻科技业已凝聚起一支敢于有梦、勇于逐梦的年轻志士，正孜孜以求、上下求索,一步一个脚印地践行在追梦的征程中。期待有梦的你加入我们，一起前行，同创前程，共享未来!----------------------------------------------------【联系方式】²联系人:成小姐²简历邮箱: hr@eastfdtd.com²简历标题：意向岗位-姓名-学历-院校-专业，并注明本招聘简章信息来源²联系电话: 021-52988260转803，18221392130²备注“意向岗位-姓名-学历-院校-专业”","https://www.zhaopin.com/jobdetail/CC422690620J40774706102.htm?refcode=4019&srccode=401901&preactionid=a7c1140f-c46c-45e5-b867-ab342d8bdc77"
3529,技术支持工程师,银川-金凤区,7000-14000元,青岛安然物联网科技有限公司,"物联网,物联网",20-99人,未融资,CC559764920J40565332404,需要弱电技术、自动化、安防系统、工业互联网+危化安全生产、物联网人才，不要纯软件人才。  你能经常到全国各地出差吗？你能到工业生产现场生产现场做技术支持吗？     真正的奋斗者在安然会有让人值得为之奋斗的事业，会有充实、高效的成长，会有高人一等的收入。,3月8日,基于精准人员定位的工业安全生产信息化管理专家，安全生产信息化管理引领者！作为全国实时定位技术标准工作组成员和应急管理部“工业互联网+危化安全生产”人员定位系统技术支持机构，安然从2012年起致力于基于ZigBee Plus三维立体按需精准定位的“工业互联网+安全生产”的研究，获得了20多项安全智能管控系统发明专利和著作权，持续引领中国化工行业生产现场智慧安全！安然以“准、稳、狠”的ZigBee Plus三维立体按需精准人员定位统和“底数清、数据准、情况明、研判准、措施实”的安全生产信息化平台为核心，整合访客管理、出入口控制、人脸识别、视频监控、语音广播、重大危险源监控、可燃有毒气体监测等系统，对生产现场人、机、料、法、环五大要素进行实时、动态、智能管控和预警，规范人的安全行为，保障人的生命安全，有效防范风险、主动化解风险，实现智慧安全。安然“以用为本”，把安全生产信息化建设与公司管理体系“深度融合”，把安全生产信息化建设与日常工作“紧密结合”，对安全生产切实“有用、实用、好用”，避免建用“两张皮”，让安全管控更智能，让生产更高效才实用。迄今已服务中石化、中石油、延长石油、国能、兖矿、京能、索普、新安、奇美、昊源、潞安、旭阳、垦利、逸盛、海科、酒钢、金发等几百家石化、化工、选煤、钢铁、电厂企业。安然以客户为中心，以强者为本，抬头乐干，愿意与同道中人联合、链接，携手共建、共用、共享生产安全命运共同体，一起干，一起干，让优秀企业更安全，让优秀企业更高效！,"https://www.zhaopin.com/jobdetail/CC559764920J40565332404.htm?refcode=4019&srccode=401901&preactionid=a7c1140f-c46c-45e5-b867-ab342d8bdc77"
3530,C/C++,北京-海淀区,1.9-2万,酷鹏凯迪科技(北京)有限公司,"计算机软件,互联网",20-99人,,CC399122680J40710872602,岗位内容：  1. 设计、开发和维护高质量的C++应用程序； 2. 根据产品需求，实现并优化核心功能模块； 3. 协助测试人员进行测试，并快速解决相关问题； 4. 了解业内前沿技术和趋势，提出新的技术解决方案。 任职要求：  1. 熟悉C++编程语言，具备扎实的编程基础； 2. 具有良好的算法和数据结构基础； 3. 熟练使用常见的开发工具，如VS、Eclipse等； 4. 具备较强的沟通协调能力和团队合作精神； 5. 对新兴技术有浓厚兴趣，乐于接受挑战和新技能的学习。,3月7日,酷鹏凯迪科技（北京）有限公司是一家专注于软件产品销售及服务的高科技公司。现有员工50人，在上海、广州、成都、长沙等地设有分公司。2016年公司年均营业额1000万以上。公司有精干的销售团队，包括渠道销售、大客户销售、售前支持、客户中心（售后）等；公司拥有丰富的互联网产品运营和销售经验。有丰富的销售案例，在制造行业、建筑行业、传媒娱乐行业、互联网行业等十分优质的客户基础。公司拥有专业的技术支持团队，完善的服务体系，提供给客户的不仅是满足需求的产品，更是周到的售前咨询、专业的售中实施、完善的售后服务。,"https://www.zhaopin.com/jobdetail/CC399122680J40710872602.htm?refcode=4019&srccode=401901&preactionid=a7c1140f-c46c-45e5-b867-ab342d8bdc77"
3531,技术支持工程师,天津-滨海新区,5000-10000元,菲斯克(天津)科技发展有限公司,"贸易/进出口,零售/批发,石油/石化",20人以下,不需要融资,CC648975020J40828631015,职位需求： 工作性质：全职 学历要求：本科及以上学历 专业要求：机械、化学工程与工艺、应用化学等化工类相关专业 专业技能：CET-4、熟练操作Office软件 岗位职责： 1）为客户提供润滑方案及咨询服务; 2）协助公司为客户提供售前、售后技术跟进服务; 3）国内、外技术交流与培训; 4）主管交办的其他工作事项; 岗位要求： 1）高度的责任心与独立工作能力； 2）良好的沟通与协调能力； 3）有润滑油行业相关经验者优先录用； 4）有经验者 / 应届毕业生均可，男女不限； 公司网站：https://www.lubriplate.com/；http://www.lubriplate.com.cn/ 工作地点：天津市滨海新区泰达MSD-G1-709,7月8日,"美国洪氏国际贸易有限公司自1994年进入中国，在天津成立洪氏（天津）国际贸易有限公司，同时也将美国威氏炼油公司生产的先进润滑剂带入了中国市场，为各行各业的设备润滑进行着保驾护航。2006年，美国威氏®炼油公司正式授权洪氏国际贸易公司为大中华区及东南亚区的唯一指定代理商。以便能更好的为客户的设备提供及时，高效的润滑服务和润滑解决方案。2014年，随着业务范围不断扩大，进而成立了菲斯克（天津）科技发展有限公司。威氏®Lubriplate炼油公司成立于1870年，总部设在美国新泽西州的纽瓦克市（Newark）,至今已有140多年的历史。140多年来，威氏®Lubriplate一直为工业界生产和提供世界著名品牌威氏®和菲斯克®（Lubriplate®和 Fiske®）高品质的专业润滑剂。威氏®Lubriplate虽非全球最大的润滑剂制造商，但确是美国历史最为悠久的、追求完美品质的专业润滑油脂制造公司。公司的生产包括二个部分，其一，生产工业、建筑、食品加工、汽车、船舶等行业用润滑油脂；其二，金属加工和特殊要求的润滑油脂。公司始终秉承所有威氏品牌的产品均由自身工厂在严格的品质管理下制造，公司管理已通过了ISO9001:2015。威氏®Lubriplate一贯将创新和产品研发视为公司的重要企业文化，曾在二十世纪三十年代，研发和生产出超抗腐蚀性、白色的润滑脂，在润滑油脂生产和应用领域造就了一次革命性的变化，引起了工业界巨大的轰动。因此，多年来，威氏®Lubriplate优质产品一直为美国机械设计工程师协会所有资深工程师推荐为第一高品质之油品，亦是美国食品和饮料加工企业的设备维护工程师和采购经理们第一个想到的润滑油脂首选品牌。此外，许多著名品牌的油品公司在出售自身产品的同时，亦将威氏®Lubriplate产品作为专业润滑油脂来销售。威氏®Lubriplate是世界上最早研发出食品级润滑油脂的企业，亦是全球食品级润滑油脂企业中，产品线最全、市场占有率最高的品牌，是全球最大的食品级润滑油脂供应商。因此，威氏®Lubriplate是食品级润滑油脂工业领域的无可置疑的领导者。威氏®Lubriplate所有食品级润滑剂除获得NSF H-1（美国国家卫生基金会：一家权威、非营利性国际组织）和ISO21469等国际认证外，还获得地区性的、具有特殊要求的认证，如穆斯林清真认证（HALAL）和犹太洁食认证（KOSHER）。威氏®Lubriplate卓越的品质已获得了广大用户的认可和尊重，已连续八年获得美国《食品加工》杂志最高奖项“读者金奖”。同时，威氏®Lubriplate卓越品质也获得了原厂设备制造商（OEM）的青睐，几乎全球所有著名品牌的压缩机制造商都推荐威氏品牌，威氏®Lubriplate亦是全球食品、饮料、制药、容器、饲料、化妆品、婴童用品等领域专用润滑剂的长期领导品牌，客户群几乎涵盖了以上领域的所有知名企业；此外，在电子、汽车制造、船舶、飞机、矿产、原油开采等领域得到了诸如GM、IBM、MOTOROLA、CAT、FORD等世界著名的客户推荐。在食品、饮料加工设备方面，威氏已获得ANGELUS、CCC、SIDEL、HUSKY、SEW、KRONES等等全球领先的设备制造商一致认可，在他们的维修保养手册中，都有推荐威氏产品。威氏®Lubriplate炼油公司不仅是一家专业的润滑油脂制造公司，也是一家对社会负责任的公司，在追求卓越品质同时，不断地研制和开发出可生物降解的环境友好型润滑产品，为人类美好的未来和可持续发展做出自己不懈的努力。其次，威氏®Lubriplate研发的许多产品是多用途的产品。从空压机、液压系统，到链条、轴承以及减速机齿轮箱都能涵盖，这样可以为客户简化品种、降低库存、避免误用、控制成本。威氏®Lubriplate完整的产品线可以为客户提供一站式润滑解决方案。威氏®Lubriplate的宗旨就是用优质的产品和专业的技术服务超越客户的期望，用坚持不懈的辛勤工作赢得客户的信任和尊重。从今天起，威氏®Lubriplate是您工作中最佳的伙伴，威氏Lubriplate润滑油是您最明智的选择，您的成功是我们最大的荣耀。威氏®Lubriplate愿与您一道超越梦想，成就未来。","https://www.zhaopin.com/jobdetail/CC648975020J40828631015.htm?refcode=4019&srccode=401901&preactionid=a7c1140f-c46c-45e5-b867-ab342d8bdc77"
3532,技术支持工程师,北京-朝阳区,6000-10000元,北京精量科技有限公司,"仪器仪表制造,仪器仪表制造",20-99人,未融资,CC384345733J00279307311,1、负责公司产品售前售后技术支持工作； 2、参与售前技术交流，产品演示测试，帮助客户制定方案及设备选型； 3、参与产品研发过程和技术改进； 4、编写产品技术文档，培训文档，技术答疑。 任职要求： 1、大专及以上学历，自动化、仪表、电子类、计算机、机电类相关专业; 2、熟悉现场自动化仪表，设施调试，有仪器仪表、电子类技术背景优先考虑； 3、高度的工作热情，良好的团队合作精神，较强的观察力和应变能力。,3月3日,ACCU(精量科技）是著名的过程仪表和自动化控制设备制造商。作为测控技术的领先者，其产品在北美和欧洲已畅销几十年。ACCU亚太地区的研发生产场地设在北京中关村科技园区，即北京精量科技有限公司。北京精量科技有限公司，主要从事高精度压力、流量、温度、风速等测量仪表和调节阀、电动执行机构等控制仪表的研发、生产和销售，以及自动化系统服务。依靠技术创新和市场开发，已逐渐发展成为国内领先的自动化控制系统集成商和工业自动化仪表生产供应商。ACCU坚持“创新科技，服务全球”的经营理念，与全体员工和客户在一起，与时俱进，为全球经济建设付出不懈努力！,"https://www.zhaopin.com/jobdetail/CC384345733J00279307311.htm?refcode=4019&srccode=401901&preactionid=a7c1140f-c46c-45e5-b867-ab342d8bdc77"
3533,Java,南京-雨花台区,1.4-2.8万·14薪,外企德科数字技术有限公司,专业技术服务,10000人以上,,CCL1480117890J40610469205,1、学信网可查 统招本科及以上学历 2、扎实的编程能力，熟悉算法和数据结构； 3、熟练使用JAVA/C/C++/JS/GO/Python任意一种或多种编程语言； 4、具有较好沟通表达能力和团队精神，能积极应对工作并具有较好抗压能力 5、base地：深圳/成都/西安/北京/东莞/南京/杭州,2025-07-27 00:23:23,外企德科数字技术有限公司是一家2023年新成立的中外合资企业。成立于2023年11月24日，公司定位：专注于为信息技术企业提供人才及数字技术外包解决方案的中外合资企业。它是由中国人力资源服务行业的FESCO（北京国际人力资本集团）与全球人力资源服务领导者The Adecco Group（德科集团）合资成立的。公司主要提供网络技术服务、软件外包服务、计算机系统服务、技术进出口、软件开发等信息技术相关服务。专注于为信息技术企业提供信息技术类人才及数字技术外包解决方案。,"https://www.zhaopin.com/jobdetail/CCL1480117890J40610469205.htm?refcode=4019&srccode=401901&preactionid=a7c1140f-c46c-45e5-b867-ab342d8bdc77"
3534,实施工程师,北京-海淀区,面议,中国移动通信集团设计院有限公司,"互联网,运营商/增值服务,通信/网络设备",100-299人,,CC154150510J40685287806,工作职责： 1.从事数据中心工程总承包项目数字化交付工作；  2.支撑数据中心总承包项目实施数字化交付，参与项目建设过程中数字化方案或问题的解决等工作；  3.面向数据中心绿色化、高密化、智能化趋势，针对行业痛点难点进行数字化或智能化领域的关键核心技术攻关；,6月19日,"中国移动通信集团设计院有限公司(China Mobile Group Design Institute Co., Ltd.)，是中国移动通信集团公司直属设计企业，发展历史可以追溯到1952年，是国家甲级咨询勘察设计单位，中国工程咨询副会长单位,北京市高新技术企业。电子商务运营事业部是中国移动设计院的一支新生团队。2009年，中国移动集团公司根据总体发展战略，做出提供电子商务平台共享服务的决策，交由中国移动设计院规划运营并组建了专业服务支撑团队。2010年1月1日，中国移动设计院电子商务运营事业部正式成立，全面负责电子商务平台建设和业务运营工作，以助于支撑中国移动集团公司不断扩大“行业信息化服务份额”和“个人生活服务份额”的愿景规划。目前，事业部拥有一支近200人的专业团队，所运营业务包括积分商城、TMC商旅服务、B2C移动网购平台、B2B采购供应链服务平台等，包涵了电子商务众多业务领域，并在电子商务B2B、B2C以及研发、运营、安全、数据分析等方面具备了专业化核心竞争力，逐渐形成对中国移动集团内部支撑以及对外服务能力。电子商务运营事业部作为中国移动内部电子商务创新引擎，旨在探索适合中国移动的电子商务新模式、新应用的研究，重点在B2C、O2O、商旅服务、B2B、通用积分和企业货币等领域积极探索与创新，成为中国移动电子商务重要力量!现根据工作需要，面向社会招聘电子商务人才。","https://www.zhaopin.com/jobdetail/CC154150510J40685287806.htm?refcode=4019&srccode=401901&preactionid=a7c1140f-c46c-45e5-b867-ab342d8bdc77"
3535,前端开发,北京-门头沟区,6000-12000元,北京迈迪培尔信息技术有限公司,"互联网,云计算/大数据",20-99人,未融资,CC522223780J40653912715,岗位职责：,6月30日,北京迈迪培尔信息技术有限公司（MedPeer®）于2017年在北京市中关村门头沟科技园成立。公司以人工智能技术为基础，实现科研资源的优化配置为目标，“让科研变得更容易”为导向，立足于提供全流程的生物医药科研服务，帮助广大有思路、有魄力的科研工作者都能有机会实现有益的探索。成立两年来，企业励精图治，锐意进取，紧密围绕科研服务这个核心，不断完善科研全周期服务体系，打造出目前国内领先的生物医药科研服务平台。2018年获评中关村高新技术企业，2019年通过双软认证并获评科技型中小企业，“基因-变异-疾病关系知识库构建系统”获北京市新技术新产品（服务）认定。现拥有包括发明专利在内的知识产权二十余项，为全国30万科研工作者和上百家知名企业和科研院校提供专业科研服务服务。,"https://www.zhaopin.com/jobdetail/CC522223780J40653912715.htm?refcode=4019&srccode=401901&preactionid=a7c1140f-c46c-45e5-b867-ab342d8bdc77"
3536,技术支持工程师,南京-秦淮区,7000-9000元,银联商务支付股份有限公司江苏分公司,"互联网,IT服务",1000-9999人,未融资,CC131826240J40742411502,岗位职责： 负责公司行业大客户的ERP系统及数据库部署调试、测试、售后维护等工作。 任职资格： 1、政治立场坚定，拥护中国共产党的领导和社会主义制度，具有良好的政治素养和道德品行，中共党员优先； 2、本科及以上学历，理工类专业，应届毕业生优先； 3、能适应长期出差； 4、熟悉Linux、Windows服务器操作系统； 5、熟悉Oracle和Mysql数据库，有OCP数据库认证证书优先考虑； 6、能快速理解市场或客户的需求，有较强的需求分析能力和文档编写能力； 7、具有团队协作精神，较强的逻辑分析能力，沟通表达能力，善于学习。,6月10日,银联商务是国内大型的非银行支付机构，提供以银行卡收单、网络支付为基础的综合支付服务，以及多样化、专业化的商户增值服务和科技服务。公司成立于2002年12月，总部设在上海市浦东新区，是首批获得人民银行颁发《中华人民共和国支付业务许可证》的支付机构，同时可开展“跨境电子商务外汇支付业务”和“跨境人民币支付业务”。成立二十余年以来，银联商务建立了南到海南三沙市永兴岛、北抵黑龙江黑河的实体服务网络，覆盖中国大陆所有地级以上城市及港澳地区，并拓展至96%的县域，横跨零售批发、生活服务、金融地产、文旅教育、交通出行、医疗健康、政务公缴等多个行业，有力促进了国内整体支付受理环境的建设，在节约社会成本、提高支付效率、扩大内需、拉动GDP增长等方面都发挥了积极作用。截至2023年12月，公司累计服务商户数量超过2500万家，累计铺设终端超过4000万台。根据尼尔森Nilson Report历年发布的收单机构排名，公司自2013年度以来连续十年亚太地区收单交易金额第一，连续六年收单交易笔数第一。基于“支付银商”“增值银商”“科技银商”的“三个银商”战略发展定位，公司扎根以银行卡收单、网络支付为基础的综合支付领域，以遍布全国的受理网络作为核心竞争力，不断积累行业认知，坚持以科技作为发展的核心驱动力，持续加强各类服务的科技含量，强化自身的商户增值服务能力，积极在多元化支付场景下为商户提供综合性服务，已在产品和服务间形成良好的协同效应。目前，公司紧密围绕客户在商圈管理、消费数据咨询、数据中心建设、SaaS服务、行业监管、跨境出海等方面需求，深入研究云计算、区块链、大数据、人工智能、物联网等新技术的落地应用，通过为餐饮、园区、医疗、养老、交通、政务、文旅等各行各业提供稳定可靠的支付、增值和科技服务，助力各行业客户经营实现数字化、智能化转型。实力奠定优势，梦想点燃希望。正确而难的路上，银联商务始终与客户同行，秉承“服务社会、方便大众”的使命和“支付为民、支付惠民”的初心，将以更加灵活的服务渠道、更加多元的服务产品、更加实用的服务技术，为客户提供全方位、差异化、高品质的综合支付和信息科技服务，持续为改善国内综合支付环境、助力实体经济发展贡献力量。,"https://www.zhaopin.com/jobdetail/CC131826240J40742411502.htm?refcode=4019&srccode=401901&preactionid=a7c1140f-c46c-45e5-b867-ab342d8bdc77"
3537,测试工程师,北京-海淀区,6000-7000元,北京神导科技股份有限公司,"仪器仪表制造,电子/半导体/集成电路,仪器仪表制造,计算机软件",100-299人,未融资,CC145839720J40484218915,产品测试   1、 负责惯性导航、卫星导航等产品的功能/性能测试及处理测试数据，出具测试报告；   2、 负责产品测试过程中的故障分析，建立故障跟踪机制，输出故障验证最终结果；   3、 负责维护测试设备、测试环境。       任职资格要求：   1、 大专以上学历，电子、机械类专业优先；   2、 有惯性导航、卫星导航产品测试工作经验优先；   3、 可以出差、加班者优先。 职位福利：五险一金、年终奖金、生日福利、餐补、带薪年假、弹性工作、定期体检、周末双休   ,3月12日,北京神导科技股份有限公司成立于2004年，位于北京市海淀区中关村翠湖科技园区，2019年完成股份制改造，注册资本3750万股。公司专业从事军用惯性导航、卫星导航及通讯技术产品的研发、生产和销售，是国家级高新技术企业、瞪羚企业、国家专精特新小巨人企业。公司重视人才队伍建设，拥有业界权威的专家组成员及多位行业内专家为核心的研制队伍，产品覆盖陆海空等多领域的多个车载、机载、弹载型号项目。,"https://www.zhaopin.com/jobdetail/CC145839720J40484218915.htm?refcode=4019&srccode=401901&preactionid=a7c1140f-c46c-45e5-b867-ab342d8bdc77"
3538,C/C++,郑州-金水区,6000-10000元,滑县巨旺商贸有限公司,电子商务,20-99人,,CCL1486365070J40666286813,"职位描述： 1.自动化系统开发; 2.根据开发进度和任务分配,完成相应软件模块的设计开发、测试; 3.根据公司文档规范编写相关技术文档。 职位要求: 1.大专以上学历; 2.熟悉C#，C++、Java中至少一个语言，对Python、Go、javascript、HTML5有一定了解，可根据项目要求完成代码编写，熟悉网络通信、Web架构开发; 3.对软件工程有基本的了解，具有面向对象系统分析和设计的实际经验,有多线程编程经验优先； 4.掌握数据库基本知识，熟悉数据库开发方法，熟悉SQL指令，掌握至少一种大型数据库使用； 5.对网络及网络安全攻防基本知识有一定了解。 6.具有良好的编码习惯，较强的分析问题及独立承担任务的能力； 7.主动，好学，责任心强，具备良好的沟通和团队协作能力；  职位福利：",4月10日,滑县巨旺商贸有限公司位于河南省滑县，是一家专注于建筑材料贸易与相关技术服务的综合性企业。公司立足商贸领域，业务涵盖建筑材料供应、设备运维支持及数据分析服务，致力于为环保监测、化工等行业提供专业化解决方案。团队核心优势体现在技术实践与数据处理能力上，成员需掌握化学分析方法及行业标准，通过远程监控与数据分析保障设备稳定运行。服务范围覆盖郑州等多个区域，依托国际企业中心等办公节点，形成跨区域协作网络。公司注重实效与规范管理，严格遵循数据处理标准，通过系统化流程确保服务质量。在环保监测领域积累了一定技术服务经验，持续优化运维站点数据管理方案。现处于稳健发展阶段，正通过人才引进强化技术实施能力，推动业务向精细化、专业化方向延伸。,"https://www.zhaopin.com/jobdetail/CCL1486365070J40666286813.htm?refcode=4019&srccode=401901&preactionid=a7c1140f-c46c-45e5-b867-ab342d8bdc77"
3539,软件测试,赣州-章贡区,6000-8000元,天阳科技,"计算机软件,计算机软件",1000-9999人,已上市,CC120408370J40606451708,1.全国项目驻场测试，主要负责功能、数据或接口等相关测试工作； 2.统招本科学历及以上（学信网可查）；毕业满2年；计算机专业优先； 3.热爱软件测试行业、有强力的自驱力，能够在测试岗位深入学习研究； 4.有无经验均可，服从公司安排，接受公司培养，可接受异地工作优先； 福利待遇： 上市公司、公司可提供住宿、定期体检、带薪年假； 欢迎符合要求的小伙伴们投递~,7月22日,天阳科技(股票代码：300872)，是全球金融创新服务的重要贡献者，持续赋能中国金融行业数字化转型，为客户提供咨询、金融科技产品、金融IT服务、云计算及运营服务。公司成立于2003年，服务超过300家金融行业客户，覆盖中央银行、政策性银行、国有银行、股份制银行、地方性商业银行、非银行金融机构等，员工人数近7000人，成为激活金融领域创新活力、推动金融科技迈入世界领先水平的重要力量。作为金融行业客户可信赖的合作伙伴，天阳科技凭借丰富的行业经验和端到端的专业服务，在信创、数字化金融、信贷、交易银行、信用卡、零售、营销、风险管理、征信监管等众多领域具备核心竞争力。据赛迪和IDC报告显示，近年来公司在中国银行业IT解决方案市场排名强势崛起，2019年收入及市场占有率综合排名分别位列第四位和第五位，并保持高速增长。同时，前瞻商业和科技趋势，入选2021年度未来银行科技服务商TOP100。天阳科技始终聚焦金融科技领域，加大自主创新力度，在超过100个城市建立本地化、专业化的研发和服务团队，拥有CMMI5级认证、软件测试成熟度模型集成（TMMi）3级认证、ISO9001质量管理体系认证、ISO20000信息技术服务管理体系认证、IS027001信息安全管理体系认证。通过部署人工智能、云计算、大数据、移动互联网、分布式计算和区块链等先进金融科技，公司致力于构建安全可控、普惠民生、开放共赢格局，在关键技术领域服务现代化金融发展大局，更好地为各利益相关方创造更大价值，为大中企业、小微企业以及每个个体提供优质金融服务。,"https://www.zhaopin.com/jobdetail/CC120408370J40606451708.htm?refcode=4019&srccode=401901&preactionid=a7c1140f-c46c-45e5-b867-ab342d8bdc77"
3540,Java,西安-雁塔区,1.7-3万,外企德科数字技术有限公司,专业技术服务,10000人以上,,CCL1480117890J40710700805,岗位职责: 1、负责研发领域IT产品的系统技术方案的设计、开发工作; 2、参与产品开发过程中的技术攻关及解决运行中出现的技术问题; 3、参与产品核心模块的代码编写; 4、参与产品疑难问题的分析和定位。 任职要求: 1、本科及以上学历优先，计算机相关专业优先，具备双证; 2、熟练掌握任意一门开发语言; 3、理解能力强，有进取心，对技术感兴趣，有较强的学习能力，能够快速接受和掌握新技术。 岗位特点: 1.薪酬丰厚，15-30k，根据笔试与面试结果进行定级定薪(D1-D5)，涨幅可达30%，面试特别突出者涨幅上限不局限于30%; 2.稳定待在固定的小组; 3.作息: 周1、2、4:09:30-20:30周3、5:9:30-18:00 周末:每个月最后一个周六加班(公司传统，双倍工资)，其余时间正常双休，若因项目加班，双倍工资; 4.免费夜宵:每天20:35后可免费领取夜宵 5.工作地点:成都、深圳、北京、上海、杭州、西安、南京、武汉、东莞等 业务优势: 1、业务方向:云上业务，技术迭代快，客户类型涵盖广，极具锻炼和挑战性; 2、业务内容:云上数据安全，包括密钥管理、证书管理等。业务专业性强，有益于个人成长; 3、导师专业指导:试用期配备导师，帮助新人快速融入团队和快速理解业务场景。,2025-07-27 00:23:26,外企德科数字技术有限公司是一家2023年新成立的中外合资企业。成立于2023年11月24日，公司定位：专注于为信息技术企业提供人才及数字技术外包解决方案的中外合资企业。它是由中国人力资源服务行业的FESCO（北京国际人力资本集团）与全球人力资源服务领导者The Adecco Group（德科集团）合资成立的。公司主要提供网络技术服务、软件外包服务、计算机系统服务、技术进出口、软件开发等信息技术相关服务。专注于为信息技术企业提供信息技术类人才及数字技术外包解决方案。,"https://www.zhaopin.com/jobdetail/CCL1480117890J40710700805.htm?refcode=4019&srccode=401901&preactionid=a7c1140f-c46c-45e5-b867-ab342d8bdc77"
3541,实施工程师,贵阳-南明区,6000-12000元,贵州省邮电规划设计院有限公司,"计算机硬件,计算机软件,IT服务,运营商/增值服务",300-499人,不需要融资,CC439002320J40425751210,岗位职责：  1 熟悉信息化领域技术逻辑、技术架构等；,7月26日,贵州省邮电规划设计院有限公司，前身为贵州省邮电科研规划设计院，曾用名贵州通信建设设计咨询有限公司。是上市公司中国通信服务公司（0552.HK）旗下贵州省通信产业服务有限公司的全资子公司。公司所经营业务中，运营商业务市场和政企业务市场各占半壁江山；2010年开始进入政企客户市场，并实现快速增长，业务发展进入新阶段。公司是贵州省唯一的通信、信息化行业五甲资质企业，包括《通信工程勘察甲级资质》、《电子通信广电工程设计甲级资质》、《通信信息和建筑工程咨询甲级资质》、《通信建设监理甲级资质》、《安防工程建设监理甲级资质》，具有《建筑工程设计乙级资质》、《计算机系统集成三级资质》、《房屋建筑工程监理丙级资质》、《广播电影电视工程咨询丙级资质》等资质证书。主要业务范围包括：通信工程设计，建筑工程设计，通信网络规划，通信和信息化行业规划，通信企业规划，工程可行性研究，项目建议书、技术规范书，评估咨询，管理咨询，信息化咨询，项目管理，计算机应用软件开发，信息系统集成，通信工程监理等。公司拥有超过400人的专业技术队伍。近年来累计完成各类设计咨询项目万余项，质量合格率100%，优良率90%以上，获得过省（部）级优秀工程设计、咨询、软件开发奖近50项，各类荣誉称号20余次。多项决策咨询项目得到省市领导的表扬和肯定，为贵州省通信网络建设和信息化发展发挥了重要的技术支撑作用。公司在不断走向市场的过程中，将依靠科技进步，紧跟国内外最新技术，苦练内功，增强内涵，全面提升企业素质。通过技术创新、管理创新和机制创新，建立现代企业制度。以市场为导向，以技术为保障，以质量为生命，努力为西部大开发和信息化建设提供有力的技术支持和一体化服务。,"https://www.zhaopin.com/jobdetail/CC439002320J40425751210.htm?refcode=4019&srccode=401901&preactionid=a7c1140f-c46c-45e5-b867-ab342d8bdc77"
3542,Java,南京-秦淮区,7000-14000元·13薪,南京中科华赛科技有限公司,"计算机软件,医院",20-99人,未融资,CCL1463596590J40534956712,任职要求： 1、计算机统招4年制本科毕业，有1年以上JAVA开发经验； 2、熟悉流行的开源框架：Spring、SpringBoot、Mybatis、Hibernate、redis、membercache等开源框架； 3、熟练使用mysql数据库，有数据库调优经验的优先考虑； 4、了解Linux环境以及操作，熟悉git、svn的使用，熟悉Tomcat等开源服务器； 5、具备良好的开发习惯和开发规范，有较强的责任心，工作细致严谨，逻辑推理强； 6、具备较强的沟通交流、良好的文字表达能力、团队合作能力； 7、有过前后端分离项目开发经验的优先考虑。,7月18日,南京中科华赛科技有限公司，是一家从事信息安全产品研发的专业化公司。是在多年的领域探索和资源积累的基础上，在国内IT管理意识最为开放的南京崛起。公司致力于兼收并蓄国际上最先进的信息安全和IT服务管理理念，并结合国内行业自身特点，以独立的客观立场，为客户提供轻便实用的信息安全产品和解决方案，目前已成功签约各政企客户10000余家，部署终端计算机500余万台，其中签约医疗客户1000余家。公司前身为南京阳途信息科技有限公司，在2022年引入了国资创投产业基金，并吸纳了国内成熟的信息安全、云计算、智慧服务团队。这些动作表明公司正朝着发展信息安全、云计算和大数据业务的方向前进，将会形成三大产品板块。这意味着公司将会在这些领域进行更多的研发投入和市场拓展，并且会扩大团队规模以支持这些业务。这也表明公司对这些领域的未来发展充满信心，并希望在这些领域获得更多的市场份额。公司目前有拥有一支专业的项目开发团队，团队骨干由一批以前在跨国软件公司任职的人员组成，主要技术人员在软件及网络安全领域有深厚的经验，以及网络安全技术方面的资深专家和众多程序开发人员组成。公司研发团队年轻而又不乏稳重，团队整体队伍年轻、富有冲劲，并且成员之间配合默契，所以安全管理系统在开发中取得了成功。在这个快速变革的时代中，我们希望用新的眼光、新的理念去面对市场，不断创新、不断超越。作为一家充满活力的公司，我们始终秉持“以人为本、以市场为导向、以服务为基础”的企业精神，致力于打造一个充满活力、充满想象力的科技企业。我们的团队充满激情和创造力，拥有一流的技术实力和运营能力，为客户提供最佳的解决方案。我们相信，只有通过技术创新和不断的努力，才能为客户带来最佳的体验和最大的价值。南京中科华赛科技有限公司以“客户至尊，服务至上，技术领先，质量第一”为宗旨，努力为用户提供最佳的技术与服务，公司将依靠高素质的人才团队，利用强大的技术底蕴和优质的服务体系，以精益求精的敬业精神，确保为客户提供放心、可靠、优质的信息技术整体解决方案。我们愿意和所有合作伙伴一起合作，分享成功的果实，共同向前发展。让我们携手，为数字化时代的发展创造更美好的未来!,"https://www.zhaopin.com/jobdetail/CCL1463596590J40534956712.htm?refcode=4019&srccode=401901&preactionid=a7c1140f-c46c-45e5-b867-ab342d8bdc77"
3543,科研人员,赣州-赣县区,8000-10000元,中国科学院赣江创新研究院,"学术/科研,学术/科研",500-999人,不需要融资,CCL1360571000J40737815211,岗位内容： 1. 承担科研项目的研究任务，积极完成各项科研任务和项目目标。 2. 协助完成相关科技成果固化转化、对外联络工作。 3.围绕项目需求，协助进行各阶段的研发与推动工作。  4. 配合团队其他成员完成项目申报、审核、验收及汇报等相关工作。    任职要求：  1. 具有硕士学历。  2. 熟悉主流的科研方法和技能，具有较强的科研实践组织和管理能力。  3. 具备较高的学习能力和创新能力，善于发现问题和解决问题，具有团队协作精神。,7月22日,中国科学院赣江创新研究院（简称赣江创新院）由中国科学院与江西省人民政府共同出资创建，于2020年7月由中央编办批准成立。在新的办院方针“三个面向”“四个率先”的指导下，全面贯彻落实“率先行动”计划以来，中科院新增的第一个研究机构，江西省第一个中科院直属科研机构。赣江创新院探索“基础研究创造新需求、战略需求牵引新技术”的科技创新发展模式，坚持以人才为本的自由探索型基础研究和以实际应用为目标的基础研究，聚焦资源绿色高效分离、高端材料开发，开展相关领域基础性、战略性、前瞻性研究，突破领域前沿科学难题和核心关键技术。围绕资源利用的技术研究全链条，设置资源前沿与交叉中心、资源与生态环境研究所、材料与化学研究所、材料与物理研究所、系统工程与装备研究所等5个研究单元。与国家重点实验室、工程技术中心、技术创新中心、中科院重点实验室和中科院工程实验室等创新平台，协同形成“物理—化学—化工—材料”等多学科的基础研发平台，构建“基础研究—技术开发—工程应用—技术装备”研发技术链，建设成为功能最全、规模最大、技术最先进、科技服务为一体的综合性科技创新平台。赣江创新院深入推进“科教产”新模式，构筑“科技创新链＋教育培养链＋产业应用链”功能架构体系，研究生教育归口在中国科学技术大学，具有中国科学技术大学学籍，并授予学位。以市场为牵引的科技创新和成果转化机制创新的多元化模式，与国内外20余家重点企业建立紧密的合作伙伴关系，实现技术创新到产业落地的“从0到1”突破。不忘初心，牢记使命。赣江创新研究院扎根赣南红色土地，传承弘扬苏区精神和科学精神，按照“边建设、边招人、边科研、边产出”的原则，稳步、高效推进研究院建设，力争建成创新特区、改革试验区、产学研示范区，科技创新高地、人才培养高地和产业技术高地（三区三高地），为建设科技强国和人类可持续发展作出新的贡献。,"https://www.zhaopin.com/jobdetail/CCL1360571000J40737815211.htm?refcode=4019&srccode=401901&preactionid=a7c1140f-c46c-45e5-b867-ab342d8bdc77"
3544,软件测试,郑州-管城回族区,5000-6000元·13薪,濮阳市鹿特科技有限公司,"互联网,电子商务",300-499人,未融资,CCL1503725100J40801914113,岗位职责： 1、负责公司移动端业务的质量保障工作，严格执行公司项目管理流程规范；,2025年07月28日,经营范围：技术服务、技术开发、技术咨询、技术交流、技术转让、技术推广；物联网技术研发；物联网技术服务；软件开发；电子专用材料研发；新兴能源技术研发；机械设备研发；家用电器研发；卫生洁具研发；新材料技术研发；金属制品研发；网络与信息安全软件开发；数字文化创意软件开发；人工智能应用软件开发；信息技术咨询服务；工业设计服务；互联网数据服务；新材料技术推广服务；会议及展览服务；安全技术防范系统设计施工服务；云计算装备技术服务；市场营销策划；品牌管理；企业形象策划；企业管理咨询；组织文化艺术交流活动；广告设计、代理；广告制作；广告发布；平面设计；电子产品销售；建筑装饰材料销售；建筑工程用机械销售；电气设备销售；机械电气设备销售；农业机械销售；环境保护专用设备销售；配电开关控制设备销售；计算器设备销售；计算机软硬件及辅助设备零售；电子专用设备销售；办公设备销售；办公设备耗材销售；照明器具销售；消防器材销售；金属制品销售；金属材料销售；农副产品销售；日用百货销售；玩具销售；家用电器销售；劳动保护用品销售；家居用品销售；日用品销售；户外用品销售；卫生洁具销售；灯具销售；家具销售；包装材料及制品销售；互联网设备销售,"https://www.zhaopin.com/jobdetail/CCL1503725100J40801914113.htm?refcode=4019&srccode=401901&preactionid=a7c1140f-c46c-45e5-b867-ab342d8bdc77"
3545,测试工程师,西安-长安区,8000-15000元,天津航天瑞莱科技有限公司,"检测/认证,检测/认证",300-499人,不需要融资,CC467212810J40134305112,岗位职责： 1.负责开展技术发展规划和新技术的开发及引进。 2. 负责试验报告模板的设计和修订；    3. 负责编制试验作业文件、技术标准查新、标准清单、方法验证/确认等；    出. 参与试验报告、工装图纸的审核，确保符合输入文件要求；    5. 及时指导、处理、协调和解决试验过程中出现的技术问题，确保大区经营工作的正常进行；    6. 协助试验室制定、优化试验操作流程，为试验室提供技术支持；    7. 参与大区试验任务的评审工作，并给予技术支持；    8. 在售前、售中、售后过程中，为市场营销部提供技术支持，向客户提供专业的技术咨询；     9. 协助市场营销部处理客户就技术问题提出的抱怨和投诉，并提供技术解决方案。    10. 负责对外、对内技术支持工作；    11. 负责内部与对外技术培训、交流及研讨；    12. 负责重大项目的方案设计、编制、评审与实施；    13. 负责关键技术的技术攻关；负责研发项目的组织与实施。 ,7月1日,天津航天瑞莱科技有限公司成立于2009年7月，注册资金9000万元，由中国运载火箭技术研究院、北京强度环境研究所共同出资设立，是航天检测技术市场化、产业化的主体平台之一，面向军民各行业提供专业的试验检测服务、试验装备制造、试验室集成业务，服务网络覆盖全国。公司以打造国内领先、国际一流的第三方检验检测机构为发展定位，坚持“提升产品品质、助力客户成功、发展员工能力、培育行业专家”的企业使命，一直致力于为客户提供专业的试验检测服务与装备，使“航天瑞莱”品牌在试验检测服务行业具有较高的知名度，得到了客户的广泛认可。公司被认定为国家级高新技术企业、国家企业技术中心、国家中小企业公共服务示范平台、天津市强度环境可靠性技术工程中心、天津市企业技术中心、天津市科技领军企业、天津市科技小巨人企业、天津市专利试点单位、天津市杀手锏产品单位，获得了武器装备科研生产二级保密资格、武器装备科研生产备案、装备承制资格（试验类）、装备质量管理体系认证、国家实验室认证认可、国防科技工业实验室认可、检验检测机构资质认定等资质。,"https://www.zhaopin.com/jobdetail/CC467212810J40134305112.htm?refcode=4019&srccode=401901&preactionid=a7c1140f-c46c-45e5-b867-ab342d8bdc77"
3546,实施工程师,深圳-龙岗区,8000-16000元·13薪,深圳市科亿达科技有限公司,"仪器仪表制造,专用设备制造,电子设备制造,电气机械/电力设备",20人以下,未融资,CCL1374334220J40707222614,岗位内容：  1. 提供技术支持，解决现场应用问题，确保客户满意度 2. 在客户现场或远程协助销售团队进行产品演示和培训 3. 分析客户反馈信息并及时向技术团队汇报并提出改进方案 任职要求： 1、教育程度：本科以上学历 ； 2、专业要求：光电、通信、自动化等理工科专业； 3、工作经验：1年以上工作经验或光纤传感研究方向应届毕业生。 4、知识技能： 1）精通：弱电/安防/消防系统方案设计，Word、Excel、Powerpoint，CAD、Visio等办公软件； 2）熟悉：中石油、中石化、国家管网等能源央企以及政府采购等招投标流程，行业及国家相关标准规范； 3）了解：石油化工、油气管网等行业安防消防业务需求。 5、能力要求 ： 1）具有良好的计划能力、自我管理能力、持续学习能力； 2）具有良好的沟通表达和人际交往能力。 6、态度要求 ： 1）高度的敬业精神及高涨的工作激情，接受高强度的工作，工作态度积极乐观； 2）善于与各类性格的人交往，待人真诚； 3）良好的职业道德操守，有很强的感召力和凝聚力,6月24日,深圳市科亿达科技有限公司是专注于工业物联网光电传感新技术开发与应用的高科技企业。产品包括光纤传感、气体探测、智能显示仪表，广泛应用于石油、化工、天然气、电力、煤矿、冶金、城建、交通等领域。公司研发团队以耶鲁大学海归博士为核心，集光学、电子、计算机、信号处理等方面多位资深专家，坚持以技术创新为动力，以精益求精为准则，力求为客户提供专业、极致的产品。公司坐落于深圳丹竹头高新技术园区，公司秉承诚信经营、用户至上、优质服务、共同发展的理念，以雄厚的技术实力、可靠的质量保证、敬业的团队精神、完善的售后服务竭诚为用户提供优质的产品和真诚的服务。,"https://www.zhaopin.com/jobdetail/CCL1374334220J40707222614.htm?refcode=4019&srccode=401901&preactionid=a7c1140f-c46c-45e5-b867-ab342d8bdc77"
3547,实施工程师,潍坊-奎文区,6000-12000元,山东唐和智能科技有限公司,"互联网,计算机软件,互联网,IT服务",100-299人,未融资,CC340350880J40717115314,岗位职责:   1、负责系统软件实施，包括现场调研、解决方案设计、系统配置、系统测试、流程优化、数据整理、用户培训工作;   2、提供现场实施辅导支持;   3、发现问题、反馈问题，提升内部知识库的积累;   4、提供内部技术支持、培训，及客户培训工作;   5、保持与项目组成员的良好沟通，保证项目进程与质量;   6、负责项目档案管理，及时归档项目文件;   任职要求：   1.专科及以上学历，具有金蝶、用友软件实施工作经验者优先;   2.有MES、MOM或ERP等系统实施或技术支持经验者优先；   3.能单独完成项目的需求调研、方案书的编写、用户培训、项目计划书等工作；   4.熟悉生产制造管理、生产跟踪、质量管理、生产物流者优先;   5.有良好的团队精神和严谨的工作态度，能承受工作压力，良好的学习能力和自我提升愿望；   6.具有良好沟通协调能力，有较强方案设计及表达能力;   7.具备一定的项目管理经验，能够合理控制项目进度。,7月17日,山东唐和智能科技有限公司是一家集互联网服务、智能产品研发应用、软件开发、系统集成、新媒体推广于一体的综合型高新技术企业。山东唐和以党政机关和中大型企事业单位为核心客户群，提供高端定制化“互联网+”整体解决方案和服务，是国内领先的信息化建设全面解决方案提供商和信息综合服务运营商。公司先后通过了ISO9001质量管理体系、ISO14001环境管理体系、ISO20000信息技术服务管理体系、ISO27001信息安全管理体系及OHSAS18001职业健康安全管理体系认证，建立了规范化的管理体系。山东唐和凭借深厚的技术实力和资源整合能力，深耕“互联网+”领域，在移动互联、云计算、大数据、物联网、VR及人工智能领域持续突破，不断为用户创造价值。公司先后研发了“互联网+工会”“互联网+政协”“互联网+人大”“互联网+党建”“互联网+乡村振兴”“互联网+行业”等多个代表性产品，形成了网站建设一体化方案、微信平台建设一体化方案、电商一体化解决方案、全网营销一体化方案、智慧行业解决方案、新媒体推广方案、智慧产品应用方案等产品体系，先后获得软件著作权36项。山东唐和在与国家知名院校、研究院保持密切合作关系的同时，先后与两千多家党政机关、企事业单位建立合作关系，其中包括海尔集团、格力电器、大海集团、青岛啤酒、即发集团、泰山体育集团、新时代健康产业、泰汽集团、晨鸣纸业、金诚石化、东岳汽车、诸城义和车桥、寿光林海博览园、济南大陆机电和省科学院、省社科院、省总工会、省经信院等著名企事业单位。山东唐和愿与社会各界合作伙伴携手并进，共同推动国家“互联网+”计划，做行业领先的互联网产业引领者！,"https://www.zhaopin.com/jobdetail/CC340350880J40717115314.htm?refcode=4019&srccode=401901&preactionid=a7c1140f-c46c-45e5-b867-ab342d8bdc77"
3548,Java,武汉-江夏区,1.3-1.5万,德科信息有限公司,"IT服务,计算机软件",1000-9999人,不需要融资,CC589380620J40932363704,"1、精通Java及其相关框架（如Spring Boot, Spring Cloud等）； 2、熟悉微服务架构设计及实施，有实际项目经验； 3、熟练掌握数据库设计及优化（如MySQL, PostgreSQL等），了解NoSQL数据库（如MongoDB, Redis等）； 4、熟悉常见消息中间件（如RocketMQ、Kafka等）及其应用场景； 5、熟悉DevOps流程，包括CI/CD工具链（如Jenkins, GitLab CI等）； 6、参与过中大型项目的系统分析、设计，并主导完成某些模块的详细设计和编码的任务，确保项目的进度和质量； 7、有强烈的责任心和团队精神，善于沟通和合作，个性乐观开朗，对技术敏感，喜欢钻研； 8、有银行贷款系统、贷款小程序或app、营销系统、用户行为分析系统开发经验者优先。""",7月23日,【公司简介】德科信息有限公司（简称：深德科）2010年创立于深圳，始终秉持“求真务实，厚积薄发”的长期经营理念。历经十余载技术深耕与行业积淀，已稳健发展为国内领先的数字技术服务与大型软件解决方案提供商。依托深圳创新优势，已构建覆盖北京、上海、南京、广州、杭州、成都、武汉等30+核心城市的服务网络。通过深度参与数字经济基础设施建设，持续驱动产业数智化升级，累计服务高价值企业客户超500家。作为技术革新践行者，深德科深耕金融、高科技、互联网、能源、政企、智能出行等十余领域，持续构建“信创+ AI智能引擎”双轮驱动全栈能力矩阵：信创技术攻坚：打造端到端信创全场景解决方案，涵盖国产化适配、中间件研发及行业应用改造，破解国产替代难题，助力客户突破技术壁垒，实现国产技术从“能用”到“好用”的过程。数字技术服务：提供企业数字化建设从咨询、研发、测试、部署到运维的全方位服务，并融合人工智能与大模型技术进行场景探索与落地，助力客户实现智能升级与效能跃迁。深德科的技术实力获得了国内外多项权威认证（CMMI 5、TMMi 5、ISO体系、ITSS等），并荣膺国家高新技术企业、深圳500强企业、南山区总部企业等多项荣誉。公司坚持高研发投入，连续五年投入占比超5%，累计斩获专利及软著等知识产权200余项，以严格的品控标准与持续的创新能力树立行业标杆。锚定数字中国，坚守“技术赋能产业”初心，聚焦基础软件自主创新，紧跟人工智能产业变革，深化产学研融合。作为开放数字生态贡献者，我们以技术输出与生态共建驱动千行百业数智变革，筑基高质量发展。深德科矢志以开拓者姿态，打造富有全球竞争力的中国科技品牌。【发展历程】2024年荣获南山区“绿色通道”企业，深圳市500强企业，企业影响力与日俱增 2023年荣获“南山区总部企业”，公司持续稳健高质量发展2022年通过信息系统建设和服务能力评估“CS1”等级认证。2020年9月公司获得“CMMI5”认证。2019年11月通过ITSS运维服务标准认证。2018年1月公司顺利通过“ISO27001:2013”信息安全管理体系认证。2017年11月获得德勤高科技高成长中国50强。2016年12月获得“国家高新技术企业”资质。2016年5月通过CMMI3级认证，获得证书。2014年12月公司顺利通过“软件企业认证”资质。2014年3月公司顺利通过“ISO9001:2008认证”。2010年3月公司注册成立。【薪资福利】薪资结构=固定薪资+奖金（依岗位类别而定）；员工奖励：优秀员工奖励；上班时间：一般5天制，以项目组为准；有薪假期：法定节假日、年假、婚假、产假、病假、调休等带薪假期齐全；五险一金：五险一金；员工关怀：生日礼品，生日Party，节日礼品，红白事慰问（关怀员工&员工家人）；团队建设：下午茶、员工俱乐部、聚餐、素拓、漂流、轰趴、蛋糕DIY...（根据各个项目组人数、意愿定制的）；员工培训：一对一导师辅导、入职培训、技能提升培训、拓展培训。【办公地址】总公司全称：德科信息有限公司总公司地址：深圳市南山区粤海街道粤兴三道8号中地大楼7层B701-7110广州分公司：广州市天河区林和西路3-15号4楼422-424房(仅限办公)上海分公司：上海市徐汇区桂平路92号202-39室北京分公司：北京市朝阳区广顺北大街33号院6号楼3层301等[120]套内7层705南京分公司：南京市雨花台区软件大道109号4幢1402、1403室杭州分公司：浙江省杭州市滨江区长河街道江晖路487号3号楼904-1室武汉分公司：湖北省武汉市东西湖区将军路街道武汉客厅I栋2303室栋成都分公司：中国(四川)自由贸易试验区成都高新区天仁路387号2栋7层70916【联系我们】微信公众号：德科信息驿站联系邮箱：dk_info@derkee.com联系电话：0755-86539186 0755-86539189深圳.广州.上海.杭州.南京.北京.成都.武汉,"https://www.zhaopin.com/jobdetail/CC589380620J40932363704.htm?refcode=4019&srccode=401901&preactionid=a7c1140f-c46c-45e5-b867-ab342d8bdc77"
3549,Java,深圳-龙岗区,1.7-3万·14薪,外企德科数字技术有限公司,专业技术服务,10000人以上,,CCL1480117890J40600151205,业务简介： ●Car Bu：问界智能车、智能驾驶、驾驶座舱、车载软件 ●终端：手机、PC、平板、可穿戴产品、智慧办公等产品研发 ●数存：数据存储部门主要着力于数据存储技术研发，业务排名国内第一。发展快，技术前沿。 ●数字能源：部门业务涵盖了光伏发电、智能锂电池、电车机电系统、超速充电桩、模块电池、网络配电数据中心（国家新基建重点项目）、能源云等方向。是现在发展最快的行业之一。 ●云：云计算部门主要做云服务、公有云、云平台及数字化平台等云相关业务。 ●2012中央媒体院： 中媒鸿蒙项目新增软件开发和软件测试（开发和测试都必须是C++） ●除此以外，智能车、计算产品线、2012实验室、GTS、海思等部门都有需求 岗位要求： 1、具备良好的计算机、软件工程领域知识，熟悉软件系统设计、开发、测试等研发领域的流程、工程方法和工具； 2、精通C/C++、java、web、JS、python开发任意一种语言； 3、工作有责任心、细心和耐心,2025-07-27 00:23:22,外企德科数字技术有限公司是一家2023年新成立的中外合资企业。成立于2023年11月24日，公司定位：专注于为信息技术企业提供人才及数字技术外包解决方案的中外合资企业。它是由中国人力资源服务行业的FESCO（北京国际人力资本集团）与全球人力资源服务领导者The Adecco Group（德科集团）合资成立的。公司主要提供网络技术服务、软件外包服务、计算机系统服务、技术进出口、软件开发等信息技术相关服务。专注于为信息技术企业提供信息技术类人才及数字技术外包解决方案。,"https://www.zhaopin.com/jobdetail/CCL1480117890J40600151205.htm?refcode=4019&srccode=401901&preactionid=a7c1140f-c46c-45e5-b867-ab342d8bdc77"
3550,软件测试,南宁-青秀区,6000-7000元,天阳科技,"计算机软件,计算机软件",1000-9999人,已上市,CC120408370J40439742908,1.全国项目驻场测试，主要负责功能、数据或接口等相关测试工作； 2.统招本科学历及以上（学信网可查）；毕业满2年；计算机专业优先； 3.热爱软件测试行业、有强力的自驱力，能够在测试岗位深入学习研究； 4.有无经验均可，服从公司安排，接受公司培养，可接受异地工作优先； 福利待遇： 上市公司、公司可提供住宿、定期体检、带薪年假； 欢迎符合要求的小伙伴们投递~ ,7月26日,天阳科技(股票代码：300872)，是全球金融创新服务的重要贡献者，持续赋能中国金融行业数字化转型，为客户提供咨询、金融科技产品、金融IT服务、云计算及运营服务。公司成立于2003年，服务超过300家金融行业客户，覆盖中央银行、政策性银行、国有银行、股份制银行、地方性商业银行、非银行金融机构等，员工人数近7000人，成为激活金融领域创新活力、推动金融科技迈入世界领先水平的重要力量。作为金融行业客户可信赖的合作伙伴，天阳科技凭借丰富的行业经验和端到端的专业服务，在信创、数字化金融、信贷、交易银行、信用卡、零售、营销、风险管理、征信监管等众多领域具备核心竞争力。据赛迪和IDC报告显示，近年来公司在中国银行业IT解决方案市场排名强势崛起，2019年收入及市场占有率综合排名分别位列第四位和第五位，并保持高速增长。同时，前瞻商业和科技趋势，入选2021年度未来银行科技服务商TOP100。天阳科技始终聚焦金融科技领域，加大自主创新力度，在超过100个城市建立本地化、专业化的研发和服务团队，拥有CMMI5级认证、软件测试成熟度模型集成（TMMi）3级认证、ISO9001质量管理体系认证、ISO20000信息技术服务管理体系认证、IS027001信息安全管理体系认证。通过部署人工智能、云计算、大数据、移动互联网、分布式计算和区块链等先进金融科技，公司致力于构建安全可控、普惠民生、开放共赢格局，在关键技术领域服务现代化金融发展大局，更好地为各利益相关方创造更大价值，为大中企业、小微企业以及每个个体提供优质金融服务。,"https://www.zhaopin.com/jobdetail/CC120408370J40439742908.htm?refcode=4019&srccode=401901&preactionid=a7c1140f-c46c-45e5-b867-ab342d8bdc77"
3551,技术支持工程师,北京-丰台区,8000-10000元·13薪,北京德泉兴业商贸有限公司,"生物工程,仪器仪表制造,医疗设备/器械,生物工程",100-299人,未融资,CC139908840J40912179404,"1.负责项目的售前技术支持，配合销售撰写应用技术方案   2.辅助销售人员分析产品的核心客户群体   3.根据客户需求，辅助销售制定市场活动方案   4.配合销售解决客户的应用技术问题   5.为公司的销售人员做产品技术培训   6.为客户做科研行业新技术的传递与培训工作。   职位要求：   1.生物科学与技术、微生物、生物工程、应用化学、化学工程、食品科学与技术等生物与化学相关专业毕业，硕士及以上学历。   2.良好的沟通能力以及较强的自我学习能力   3.良好的英文阅读能力,英文四级以上，可以查看相关文献   4.最好有实验室仪器设备操作经验 ",5月15日,北京德泉兴业商贸有限公司成立于1998年，总部设在北京。在公司成长的十几个年头里，已成功建立了四个分公司：山东分公司、河南分公司、沈阳分公司、天津分公司；并在中国设有六个办事处：山西、河北、大连、哈尔滨、长春、内蒙古办事处。多年以来，我们已发展成为一家以技术为本，拥有雄厚经济、技术基础的高素质的专业实验设备销售公司。我们无论在产品质量，公司规模还是技术实力上都处于同行业的领先地位。我们独家代理销售全球知名仪器设备制造商在中国签约代理的产品，立志要将最适合的产品运用到科技研究、工业生产、医药生物等多种应用领域，主要包括的产品有：●德国IKA实验室分析仪器●德国默克密理博纯水●瑞士梅特勒系列产品●美国贝克曼系列产品●德国徕卡病理系统等产品●瑞士BUCHI系列产品●美国BioTek系列产品●美商独资的致微高压锅●德国GRUMBACH孵化●美国UNICO光度计●美国UVP凝胶成像●美国WESCOR渗透压●美国ACEGLASS反应釜●美国BELLCO系列产品●美国CHEMGLASS细胞培养摇床●美国SI漩涡及摇床●美国BOEKEL分子杂交系列●美国WARING组织捣碎机等品牌的产品我们拥有进出口商品经营权，我们将国外先进的技术和设备引进国内，为国内生产和建设提供优质的服务，并愿意成为国内生产厂家进军国际市场的纽带。我们拥有一支朝气蓬勃、团结协助的专业技术队伍，本着“诚实、守信”的经营作风、锐意进取的创新精神、客户至上的服务意识，赢得了广大用户的信赖和支持。我们以科技力量为依托，以市场为导向，不断的引进新产品，更好的为广大客户提供满意的服务。在此，对多年给予北京德泉兴业商贸有限公司支持和信赖的各位客户给予衷心的感谢。,"https://www.zhaopin.com/jobdetail/CC139908840J40912179404.htm?refcode=4019&srccode=401901&preactionid=a7c1140f-c46c-45e5-b867-ab342d8bdc77"
3552,Java,武汉-江夏区,1.7-3万·14薪,外企德科数字技术有限公司,专业技术服务,10000人以上,,CCL1480117890J40796319205,岗位内容： 1. 负责Java应用程序的设计与开发，包括需求分析、系统设计、编码和测试等环节。 2. 研究新技术，不断提升开发效率和程序性能。 3. 改进现有系统、优化系统资源，提高系统稳定性和可靠性。 4. 参与团队内部培训、交流与分享会议，促进整个团队技术水平的提升。 任职要求： 1. 熟悉Java语言，熟练掌握Spring框架及相关开源技术。 2. 具备扎实的计算机基础，熟悉数据结构、算法和网络编程等知识点。 3. 具备初步的Web开发经验，熟悉HTML、CSS、JavaScript等前端技术。 4. 具有较强的自学能力、问题解决能力和团队协作能力。,2025-07-27 00:26:09,外企德科数字技术有限公司是一家2023年新成立的中外合资企业。成立于2023年11月24日，公司定位：专注于为信息技术企业提供人才及数字技术外包解决方案的中外合资企业。它是由中国人力资源服务行业的FESCO（北京国际人力资本集团）与全球人力资源服务领导者The Adecco Group（德科集团）合资成立的。公司主要提供网络技术服务、软件外包服务、计算机系统服务、技术进出口、软件开发等信息技术相关服务。专注于为信息技术企业提供信息技术类人才及数字技术外包解决方案。,"https://www.zhaopin.com/jobdetail/CCL1480117890J40796319205.htm?refcode=4019&srccode=401901&preactionid=a7c1140f-c46c-45e5-b867-ab342d8bdc77"
3553,Java,深圳-坪山区,1.1-1.5万·13薪,江西昇年网络科技有限公司,云计算/大数据,20-99人,未融资,CCL1492034350J40682501602,岗位内容： 1. 负责Java应用程序的设计与开发，包括需求分析、系统设计、编码和测试等环节。 2. 研究新技术，不断提升开发效率和程序性能。 3. 改进现有系统、优化系统资源，提高系统稳定性和可靠性。 4. 参与团队内部培训、交流与分享会议，促进整个团队技术水平的提升。 任职要求： 1. 熟悉Java语言，熟练掌握Spring框架及相关开源技术。 2. 具备扎实的计算机基础，熟悉数据结构、算法和网络编程等知识点。 3. 具备初步的Web开发经验，熟悉HTML、CSS、JavaScript等前端技术。 4. 具有较强的自学能力、问题解决能力和团队协作能力。 公司福利：五险 三节福利 生日礼物 全勤奖 年终奖 享受法定节假日,7月12日,我们是一家专注于计算机网络技术及计算机软硬件技术开发的企业。在经营范围方面，我们不仅涵盖计算机网络技术、计算机软硬件技术开发、技术服务、技术转让、技术咨询，还涉及市场营销策划、企业管理咨询、企业形象策划、电脑图文设计等多个领域。此外，公司还承办设计、制作、代理发布国内各类广告，并提供教育咨询服务（不含校外培训等教育培训业务），对教育业进行投资，引进新技术、新品种，开展技术交流和咨询服务等。,"https://www.zhaopin.com/jobdetail/CCL1492034350J40682501602.htm?refcode=4019&srccode=401901&preactionid=a7c1140f-c46c-45e5-b867-ab342d8bdc77"
3554,软件测试,西安-鄠邑区,7000-13000元,西安赛宝工业技术研究院有限公司,"检测/认证,电子/半导体/集成电路,学术/科研",20-99人,未融资,CC441138838J00212287504,【薪资待遇】  本科9~12万/年；研究生12~16万/年，福利待遇优厚，具体面议。 【任职要求】 1、本科一批及以上学历，计算机、自动化控制、软件工程、通信等相关专业； 2、掌握软件工程相关知识，逻辑性强，具有良好的基础和沟通表达能力； 3、熟练掌握C/C++、java等编程语言及开发环境（至少一种）； 4、了解软件工程与软件测试的基本理论及方法、具有嵌入式软件开发设计或测试经验者优先； 5、有较好的写作、沟通和团队写作能力，具备相关科研经验。 【工作地点】 西安市鄠邑区西户科技企业孵化器B3 职位福利：五险一金、定期体检、节日福利、周末双休  ,4月2日,工业和信息化部电子第五研究所（中国赛宝实验室），又名中国电子产品可靠性与环境试验研究所，始建于1955年，是中国最早从事可靠性研究的权威机构。实验室总部位于广州市天河区，占地面积22万平方米，拥有各类试验、分析测试和计量等仪器设备9000多台套；现有职工3500多人，其中80%以上具备专业技术职称。实验室可提供从材料到整机设备、从硬件到软件直至复杂大系统的认证计量、试验检测、分析评价、数据服务、软件评测、信息安全、技术培训、标准信息、工程监理、节能环保、专用设备和专用软件研发等技术服务。实验室具有多项认证、检测资质和授权，建立了良好的国际合作互认关系，可在世界范围内开展认证、检测业务，代表中国进行国际技术交流、标准和法规的制订。同时，作为工业和信息化部的直属单位，为部的行业管理和地方政府提供技术支撑，为电子信息企业提供技术支持与服务，每年服务企业过万家。·中国最早从事可靠性研究的权威机构·工业和信息化部直属的行业支撑服务单位·获多项国内外认可资质的独立实验室·专业的质量可靠性共性技术服务平台西安赛宝工业技术研究院作为工业和信息化部电子第五研究所下属全资子公司，将总部的技术和资源引入到西北并结合当地产业、技术、市场及政府特色，建立具有西北特色综合性试验检测服务平台，西安赛宝工业技术研究院的建设将极大地改善电子五所在西安及西北地区的元器件检测、计量及可靠性试验分析服务方面的条件保障能力，为我国电子信息产业质量保证提供共性技术服务平台，充分发挥电子五所作为国家级权威技术机构的作用，更好地为全行业提供技术支持与服务。,"https://www.zhaopin.com/jobdetail/CC441138838J00212287504.htm?refcode=4019&srccode=401901&preactionid=a7c1140f-c46c-45e5-b867-ab342d8bdc77"
3555,前端开发,长沙-雨花区,8000-14000元,亚信科技(中国)有限公司,通信/网络设备,10000人以上,已上市,CC139131340J40711287311,1、有扎实的css、html基础，精通javascript、Ajax、Jquery等技术 2、熟悉Vue、React等主流框架，熟悉element-ui优先 3、熟练使用webpack、gulp等前端自动化构建工具； 4、具备良好的编程习惯及程序设计能力,3月15日,亚信科技是中国领先的信息科技产品及服务提供商，拥有丰富的软硬件产品开发和大型工程实施经验。公司深耕市场超过 30年，在 5G、云计算、大数据、人工智能、物联网、数智运营、业务及网络支撑系统（BSS&OSS）等领域具有先进的技术能力和众多成功案例，客户遍及通信、广电、能源、交通、政务、金融、邮政等行业。近年来，亚信科技持续聚焦云网、数智、IT三类产品的研发，并结合咨询规划、数智运营和系统集成能力，不断向“产品与服务双领先”目标迈进。2024年公司进一步提出“四个转变”发展战略，聚焦打造 5G专网、边缘智能、信创数据库、大数据与可信数据流通、xGPT等战略级软件及软硬一体产品，并加强向非通信及国际市场的开拓。亚信科技始终致力于将 5G、人工智能、大数据等数智技术赋能至百行千业，与客户共创数智价值。面向未来，公司将努力成为最可信赖的数智价值创造者，并依托数智化全栈能力，创新客户价值，助推数字中国。,"https://www.zhaopin.com/jobdetail/CC139131340J40711287311.htm?refcode=4019&srccode=401901&preactionid=a7c1140f-c46c-45e5-b867-ab342d8bdc77"
3556,Java,东莞-None,1.5-3万·14薪,外企德科数字技术有限公司,专业技术服务,10000人以上,,CCL1480117890J40780958705,全国均有岗位(开发、测试、算法、数据分析等) 岗位要求: 一、软件开发工程师 1.热爱编程，熟悉掌握Java/C++/C/Python/Web开发等编程语言中的一种或多种编程语言扎实的编程功底: 2.具备良好的独立工作能力和解决问题能力，善于沟通，乐于合作，热衷新技术; 二、软件测试工程师: 1.热爱编程，熟悉掌握C/C++/Java/Python等编程语言中的一种或多种编程语言，扎实的编程功底; 2.有web开发或测试经验、自动化开发或测试经验者优先。 3.熟练掌握系统测试、功能测试、专项测试、软件测试、韧性测试、安全测试方法中的一种或多种测试方法，有相关测试语言/脚本的编写和实践经验优先，也可接受纯测试经验的。 4.具备良好的独立工作能力和解决问题能力，善于沟通，乐于合作，热衷新技术;,2025-07-27 00:25:05,外企德科数字技术有限公司是一家2023年新成立的中外合资企业。成立于2023年11月24日，公司定位：专注于为信息技术企业提供人才及数字技术外包解决方案的中外合资企业。它是由中国人力资源服务行业的FESCO（北京国际人力资本集团）与全球人力资源服务领导者The Adecco Group（德科集团）合资成立的。公司主要提供网络技术服务、软件外包服务、计算机系统服务、技术进出口、软件开发等信息技术相关服务。专注于为信息技术企业提供信息技术类人才及数字技术外包解决方案。,"https://www.zhaopin.com/jobdetail/CCL1480117890J40780958705.htm?refcode=4019&srccode=401901&preactionid=a7c1140f-c46c-45e5-b867-ab342d8bdc77"
3557,C/C++,上海-浦东新区,2-4万·16薪,陕西慧云联达企业管理咨询有限公司,人力资源服务,20-99人,不需要融资,CCL1445845820J40738874605,岗位职责： 1.参与公司产品及项目开发，完成需求分析，完成子系统和模块设计。 2.根据项目进度要求，完成子系统和模块开发、单元测试和系统联调。 3.根据公司规范要求，编写技术文档。 4.系统重构、功能升级和解决bug。 任职要求： 1、熟悉掌握但不限于C++/C/Python/Go等编程语言中的一种或数种； 2、了解网络知识、linux配置和shell使用； 3、了解常用的软件机构模式、基本的编程编译工具； 4、统招本科及以上学历。,4月30日,陕西慧云联达企业管理咨询有限公司成立于2022年9月，是一家集高端猎头服务与专业代理记账报税业务于一体的综合性企业服务提供商。自成立以来，我们秉承“智聚英才，财通未来”的企业理念，致力于为国内外企业客户提供精准高效的人力资源解决方案及一站式财务管理服务，助力企业稳健成长，共创辉煌。,"https://www.zhaopin.com/jobdetail/CCL1445845820J40738874605.htm?refcode=4019&srccode=401901&preactionid=a7c1140f-c46c-45e5-b867-ab342d8bdc77"
3558,软件测试,武汉-江夏区,1.5-3万·14薪,陕西慧云联达企业管理咨询有限公司,人力资源服务,20-99人,不需要融资,CCL1445845820J40778919705,岗位内容： 1. 建立和维护软件产品的测试计划和策略。 2. 负责软件测试阶段的进度管理和问题跟踪。 3. 审查需求文档，识别并管理关键的测试风险。 4. 持续改进测试流程和工具，提高测试效率和质量。 5. 向其他团队成员提供培训和支持。 任职要求： 1. 公办本科及以上学历。 2. 精通测试常见工具和框架（如JIRA、TestRail、Appium）。 3. 熟悉测试理论和流程，能够制定测试计划和策略。 4. 具有较强的问题分析和解决能力。 5. 能够在压力下工作，并保证结果的准确性。,5月23日,陕西慧云联达企业管理咨询有限公司成立于2022年9月，是一家集高端猎头服务与专业代理记账报税业务于一体的综合性企业服务提供商。自成立以来，我们秉承“智聚英才，财通未来”的企业理念，致力于为国内外企业客户提供精准高效的人力资源解决方案及一站式财务管理服务，助力企业稳健成长，共创辉煌。,"https://www.zhaopin.com/jobdetail/CCL1445845820J40778919705.htm?refcode=4019&srccode=401901&preactionid=a7c1140f-c46c-45e5-b867-ab342d8bdc77"
3559,技术支持工程师,苏州-工业园区,9000-12000元·13薪,苏州迈拓金属检测服务有限公司,"检测/认证,金属制品业",20人以下,未融资,CC358093816J00183571906,岗位要求： 1. 金属材料专业本科生或以上学历； 2. 有较为扎实的专业知识，例如掌握常见热处理对应的组织与性能； 3. 热爱材料专业，乐于不断进步学习，有团队意识和吃苦耐劳的精神； 4. 良好的沟通能力，有亲和力，需要面对客户日常技术共同，可同时锻炼个人技术和与人沟通交往的能力； 5.本科及以上学历，应届生优先。 6. 积极向上、待人诚恳、性格踏实，有自己的做人处事原则在我们这里很受欢迎   岗位职责： 1. 通过培训与学习，掌握金属材料常见检测标准方法、设备操作及试验过程； 2. 给客服提供技术支持，与客户沟通检测方案； 3. 试验过程中的难点和进度及时掌握并跟进，与客户保持密切联系； 4. 对客户提出的报告结果疑问给出专业解答，维护公司在金属材料第三方检测领域的专业形象； ,6月24日,"苏州迈拓金属检测服务有限公司是一个独立的第三方公正检测机构，致力于金属材料的检测分析。公司总部在意大利，有丰富的为制造行业做金属材质分析、组织性能检测和零部件失效分析的经验。现在公司不仅是意大利北部机械工业的基准，也在国际化的大客户之间扮演着重要的角色，公司成立的宗旨是帮助机械行业客户控制好采购的原材料及产品的质量。苏州分公司于2009年在苏州园区成立，苏州迈拓检测主要服务项目为：铸件、锻件的原材料检测，金相组织观察，力学性能检验，低倍检验，无损检测，相关培训与咨询等，服务行业涉及重工、纺织、汽车零部件、船厂、钢厂、钢铁生产及贸易等行业。短短的两年时间，迈拓金属检测取得了重大的进步，不仅得到了将近300个欧美客户的认可和赞赏，同时也获得了中国国家合格评定认可委员会颁发的国家实验室认可资质，我们严格按照ISO 17025实验室管理体系运行，为客户提供更优质，更及时的检测服务，与客户共同成长是我们公司全体员工的最大心愿。Operating in Italy since 1989 like a third party materials testing laboratory, the Company mission has been since the very beginning the full dedication to the increasing demand of Quality( raw materials, semi-finished and finished goods) throughout the mechanical industry supply chain.The Company is now a reference point not only for the mechanical industry of the north part of the country, but also an international player supporting abroad the largest Customers in their international activities. The rapid moving of the international manufacturing toward the Far East countries has oriented and accelerated our decision to start-up a Chinese branch, operating in the Suzhou Industrial Park( Jiangsu Province). This new laboratory being capable to satisfy the same service demand like the headquarter, from the chemical analysis, mechanical testing, metallographic structures characterization, related defects, corrosion testing, NDT, failure analysis, inherent training and consulting.Suzhou Metal Sevices has made great progress in the last two years, we are proud that we are accepted and praised by more than 300 foreign customers, and also certified by CNAS, operating according ISO 17025.providing better and faster testing services and growing with customers is the vision of all our employees.","https://www.zhaopin.com/jobdetail/CC358093816J00183571906.htm?refcode=4019&srccode=401901&preactionid=a7c1140f-c46c-45e5-b867-ab342d8bdc77"
3560,硬件测试,上海-青浦区,面议,中软国际,"计算机软件,运营商/增值服务",10000人以上,已上市,CC508620120J40583995112,岗位要求：,12月19日,中软国际是行业领先的全球化软件与信息技术服务企业，成立于2000年，为香港主板上市公司（股票代码：00354.HK），拥有中国分支40+、海外分支14个，拥有员工超过9万人，服务覆盖超过40个国家。中软国际应用开发与管理专业沉淀深厚，企业数字化转型的最佳实践和专家人才充沛。公司与华为等战略伙伴一起，构建软件产业互联网平台，领先技术变革，提升产业效率，致力于使能软件企业引领发展，服务制造企业转型升级，为政企客户提供“好、快、多、省”的信息技术服务。中软国际四大业务蓬勃发展：夯实基石业务作为第一增长曲线的地位，确定云智能业务为第二增长曲线，发展鸿蒙生态、解放号为第三增长曲线，推动解放号作为软件产业互联网平台全面升级。公司在云计算、大数据、人工智能、物联网、移动互联网等方面具有丰富的咨询、设计、实施和服务经验，是全球客户数字化转型的共创伙伴。公司长期服务于多家全球500强企业等头部客户和众多高成长潜力客户，覆盖金融、电信、互联网、高科技、政府、制造与流通、交通、能源、教育等行业。公司已连续四年创造超百亿人民币营收，并立志在未来成为全球最优秀IT服务商之一。,"https://www.zhaopin.com/jobdetail/CC508620120J40583995112.htm?refcode=4019&srccode=401901&preactionid=a7c1140f-c46c-45e5-b867-ab342d8bdc77"
3561,科研人员,石家庄-栾城区,2-3.5万,河北清华发展研究院,"社团/组织/社会保障,学术/科研,培训/辅导服务,证券/期货",20-99人,不需要融资,CC120499820J40817091703,一、岗位名称  计算机技术高级研究人员 二、招聘要求 （一）基本条件 · 博士毕业生，具备扎实的学术研究能力和创新思维，能够快速适应工作环境并投入项目研发。 · 毕业院校为国内985或211高校，拥有优质的教育资源背景，具备较高的学术水平和专业素养。 （二）专业背景 · 专业为计算机技术、软件工程相关专业，系统掌握计算机科学与技术领域的核心知识体系，包括但不限于数据结构、算法设计、操作系统、计算机网络等基础课程，为后续的前沿技术研究与应用开发奠定坚实基础。 （三）技术方向要求 · 区块链技术：精通区块链的底层架构设计，熟悉分布式账本、共识机制（如PoW、PoS、DPoS等）、智能合约开发（熟练使用Solidity等智能合约编程语言）以及区块链的隐私保护机制。能够独立设计并实现区块链应用系统，具备对区块链技术发展趋势的敏锐洞察力，能够将区块链技术与实际业务场景深度融合，解决去中心化信任、数据不可篡改等关键问题。 · 密码学技术：深入理解密码学的基本原理，包括对称加密算法（如AES、DES等）、非对称加密算法（如RSA、ECC等）、哈希算法（如SHA-256、SHA-3等）以及数字签名机制。能够运用密码学技术保障数据的安全传输、存储和访问控制，设计并实现安全的加密通信协议，为区块链、大数据等技术的安全应用提供核心支撑。 · AI大模型技术：熟悉当前主流的AI大模型架构（如Transformer架构下的GPT系列、BERT等），精通phthy，掌握大模型的预训练方法、微调技巧以及部署优化策略。能够利用AI大模型进行自然语言处理任务（如文本生成、机器翻译、情感分析等）、计算机视觉任务（如图像识别、目标检测等）以及多模态融合应用开发，具备对大模型性能优化和应用创新的能力，紧跟AI大模型领域的前沿动态，将其应用于实际项目中，提升产品的智能化水平。 三、工作地点  河北清华发展研究院，石家庄市 三、工作内容 · 负责单位前沿技术项目的技术研究工作，负责区块链、大数据、密码学、AI大模型等技术在公司产品中的集成与创新应用。并撰写各类技术文章 · 深入研究相关领域的最新技术动态，为公司技术战略规划提供决策依据，推动公司技术团队的技术升级与知识更新。 四、福利待遇 · 提供具有竞争力的薪资待遇，包括基本工资、绩效奖金、年终奖金等。 · 应届博士毕业生，可通过第三方，2026年解决北京市户口,7月24日,河北清华发展研究院（以下简称“研究院”）是河北省政府与清华大学共建的河北省政府直属事业单位。研究院在清华大学和河北省地方政府的支持下，围绕京津冀协同发展战略，立足河北，面向京津冀，在科技创新、政产学研合作、成果转化、教育培训等方面开展积极的实践与探索。研究院总部位于石家庄高新区，在廊坊经济技术开发区和河北省固安高新技术产业开发区建有孵化基地。,"https://www.zhaopin.com/jobdetail/CC120499820J40817091703.htm?refcode=4019&srccode=401901&preactionid=a7c1140f-c46c-45e5-b867-ab342d8bdc77"
3562,实施工程师,上海-浦东新区,8000-11000元,北京程玺科技有限公司,计算机软件,20-99人,,CCL1504458730J40768622610,岗位内容： 1. 协助销售部门制定技术方案，负责公司产品的实施安装、调试及优化。 2. 为客户提供技术支持和培训，解决客户问题并提供相应建议。 3. 与团队成员紧密合作，协作推进项目进展，达到项目目标。 任职要求： 1. 具备相关专业学历，具备技术方案制定和实施经验者优先。 2. 熟悉网络设备的安装及调试知识，具备TCP/IP协议相关知识。 3. 具备一定的团队协作能力和沟通能力，能有效跟进项目进展。 4. 主动积极的工作态度，具备较好的学习能力和解决问题的能力。,7月23日,,"https://www.zhaopin.com/jobdetail/CCL1504458730J40768622610.htm?refcode=4019&srccode=401901&preactionid=a7c1140f-c46c-45e5-b867-ab342d8bdc77"
3563,C/C++,武汉-江夏区,1.3-2.6万,外企德科数字技术有限公司,专业技术服务,10000人以上,,CCL1480117890J40780937105,"岗位要求: 1、统招本科及以上学历，双证齐全(学信网可查） 2、掌据C/C++/Java/python/Go/JS一种或多种编程语言，热爱编程 3、掌握常用的数据结构、数据算法 岗位优势： ①大厂市场领先且稳定的薪酬福利收入(根据面试能力评价等定级定薪) ②个人编程能力的快速学习提升(导师6个月带教) ③行业前沿的技术框架(不用担心未来如果换工作技术框架不适用) ④行业领先的产品研发项目管理流程、编码规范培训、纯粹的工程师氛围(您要相信，和优秀的人一起工作，您也必定变得更优秀) 备注： 1、所有部门均可看个人意愿进行选择 2、主要地点:(东莞、深圳、杭州、西安，苏州、上海，武汉，成都、南京、北京)十大研究所。 3、全程流程随时跟进可查,一个部门不满意可转推不同部门，资/综面不过可随时更换部门，技术面统一沿用。 公司福利: 1.入职即缴纳五险一金+商业险，全额缴纳社保及公积金 2.一年数次考评，薪资、职级可上浮 3.带薪年假5-15天 4.免费夜宵，城际班车，舒适的办公环境 5.免费健身房，各种娱乐活动(可自行选择是否参加，不参加就早点下班哦）",2025-07-27 00:25:05,外企德科数字技术有限公司是一家2023年新成立的中外合资企业。成立于2023年11月24日，公司定位：专注于为信息技术企业提供人才及数字技术外包解决方案的中外合资企业。它是由中国人力资源服务行业的FESCO（北京国际人力资本集团）与全球人力资源服务领导者The Adecco Group（德科集团）合资成立的。公司主要提供网络技术服务、软件外包服务、计算机系统服务、技术进出口、软件开发等信息技术相关服务。专注于为信息技术企业提供信息技术类人才及数字技术外包解决方案。,"https://www.zhaopin.com/jobdetail/CCL1480117890J40780937105.htm?refcode=4019&srccode=401901&preactionid=a7c1140f-c46c-45e5-b867-ab342d8bdc77"
3564,测试工程师,新乡-红旗区,4000-6000元,河南百合特种光学研究院有限公司,"学术/科研,金属制品业",100-299人,未融资,CC492260180J40529517104,岗位职责： 1、负责研发、量产产品的相关测试； 2、辅助测试用例编写及优化； 4、记录测试数据，完成测试报告撰写，推进项目开展； 5、工作现场设备以及5S环境的维护，确保生产的顺利进行； 6、完成上级领导临时安排任务。 岗位要求： 1、大专及以上学历，理工科相关专业学科背景，有光学测试工作经验者优先考虑； 2、逻辑思维能力强，具有较强的成长自驱力； 3、善于沟通，具有团队协作精神。   百合致力于为所有员工打造一个舒适、轻松的工作环境，为大家提供一个广阔的职业发展平台，更为大家提供：   1、薪酬待遇：公司提供极具行业竞争力的薪酬和福利；   2、五险一金：养老保险、失业保险、工伤保险、医疗保险、生育保险、住房公积金；   3、节日福利：公司为员工们精心准备丰厚的节假日福利；   4、衣食住行：公司提供营养丰盛的工作餐，提供住宿；   5、员工培训：完善的入职培训，导师一对一带教、公司不定期为员工组织相关岗位培训。   职位福利：加班补助、全勤奖、健身俱乐部、免费停车   ,7月24日,百合光电创立于1992年，位于新乡市红旗区百合光电产业园内，是一家专业从事特种光学系统及光学元器件研发、生产、销售于一体的高新技术企业。公司已与中芯国际、大族激光、芯碁微电子、海目星激光、上海微电子、源卓、天准、耐德佳、比亚迪、理想等知名企业建立合作关系。公司建有河南省特种光源国际联合实验室、河南省企业技术中心、河南省UV-LED光源系统工程研究中心等多个省级研发平台以及博士后创新实践基地、高校专业实习基地等联合培养育人平台，荣获河南省专精特新中小企业等称号。先后通过ISO9001质量管理体系、ISO14001环境管理体系认证以及IATF 16949汽车行业质量管理体系认证。公司以镀膜起家，建有光学元器件热加工、冷加工、镀膜、胶合、钢化、印刷、曝光等工艺的生产线，可以为客户提供高品质，全工艺的设计和加工服务。产品主要包括各种棱镜、滤光片、反光杯、导光棒、反射镜、ITO导电玻璃等，主要应用于紫外光刻、汽车、军工、医疗、通讯、航空航天等行业。公司已为中芯国际开发多款核心光学部件，帮助其公司解决“卡脖子”难题，成为中芯国际的战略供应商。我们开发了系列UV-LED光源系列产品，绕过了国外在超高压汞灯，恒流源等领域建立的产业壁垒，在节能，环保，降低成本，提高品质等方面全面超越传统汞灯，符合国家碳达峰、碳中和的远景目标，其中独创的复合匀光器技术和自主创新开发了高密度UV-LED热电一体式封装，走出了一条全新的技术路线，实现了产品指标国际领先。广泛应用于集成电路，液晶，线路板，LED，MEMS，超精细加工，电力电子等行业，目前我们已经成功开发并产业化了30余款系列产品，先后为大族激光、芯碁微电子、海目星激光等多家设备集成商提供核心光源模组，替代进口，实现整机国产化，未来将坚持在这个领域加大投入，追赶和国外厂家的差距。同时，我们也开发了系列新型显示产品，为国家“十四五”在新型显示领域的战略布局“添砖添瓦”，助力打造中国全新的创新生态链。其中空中成像技术，创新性的提出了基于“瞳孔光线积分”原理，结合大尺寸高精度光学反射模组，实现了宽视角，大出屏，高亮度，高对比度的真悬浮显示效果，可广泛应用于信息安全、展览展示、广告媒体、商务会议等的展示。裸眼VR显示系统，开启了深度的虚拟现实体验形式，颠覆了元宇宙的格局，可替代头戴式VR全显示系列产品。通过在新型显示系列化产品取得技术性突破，公司与华为、OPPO等全球大型科技公司开展技术交流与合作。在特种光源方面，开发的太阳光模拟系统主要用于汽车性能检测、航空航天、上星材料的老化检测，是航空航天、新能源等领域重要的研发基础。其中用于上星材料的检测设备已经为兰州空间技术物理研究所提供数台套，用于建造卫星的材料筛选环节，设备部分性能达到国际领先水平，替代进口，填补国内空白。在车载HUD方面，我们具有成熟的光学镜片的加工和制造技术，是国内少数的大尺寸玻璃自由曲面加工商，成为了华为等行业龙头企业的重要供应商；准直背光是LCD等车载显示中提高光效，为3D效果提供基础条件的核心零部件，我们具有多种准直背光技术积累，且已在军工、显示等领域有相关的成功案例，目前，该成果已在各军用单位成功应用，国内领先。我们具有成像光学、偏振光学、照明光学设计等设计能力，其中光学设计团队平均设计经验10余年，已经在Brelyon、耐德佳等显示领域代表性企业得到充分的验证。同时，我们还具有成熟的裸眼VR技术和空中成像技术。百合光电自成立之初就以自主创新，提高核心竞争力，增加市场份额为目标，形成了产、学、研为一体的良性企业发展模式，并且在不断注入资金，加大科研投入，为区域性经济发展以及行业的快速发展提供助力。近2年，公司以收入增长70%以上的速度健康发展，未来两三年，预计年产值、利润增幅均将超100%。我们将继续探索和开创更多光的可能性，大力投入健康，环境，绿色，娱乐等产业，以人类的全面发展为中心，为我国全面现代化做贡献。,"https://www.zhaopin.com/jobdetail/CC492260180J40529517104.htm?refcode=4019&srccode=401901&preactionid=a7c1140f-c46c-45e5-b867-ab342d8bdc77"
3565,C/C++,北京-海淀区,1.5-3万·14薪,外企德科数字技术有限公司,专业技术服务,10000人以上,,CCL1480117890J40790347405,1. 信息系统/计算机/通讯等相关专业优先，无经验能力优秀者可放宽；   2. 热爱编程，熟悉掌握C/C++/Java/Python/JS/Web/安卓开发等编程语言中的一种或多种编程语言，扎实的编程功底；,2025年07月30日,外企德科数字技术有限公司是一家2023年新成立的中外合资企业。成立于2023年11月24日，公司定位：专注于为信息技术企业提供人才及数字技术外包解决方案的中外合资企业。它是由中国人力资源服务行业的FESCO（北京国际人力资本集团）与全球人力资源服务领导者The Adecco Group（德科集团）合资成立的。公司主要提供网络技术服务、软件外包服务、计算机系统服务、技术进出口、软件开发等信息技术相关服务。专注于为信息技术企业提供信息技术类人才及数字技术外包解决方案。,"https://www.zhaopin.com/jobdetail/CCL1480117890J40790347405.htm?refcode=4019&srccode=401901&preactionid=a7c1140f-c46c-45e5-b867-ab342d8bdc77"
3566,前端开发,南京-鼓楼区,2000-4000元,南京坦道信息科技有限公司,"互联网,计算机软件",100-299人,未融资,CC456313120J40758523409,一、工作职责： 1、协助软件开发工程师项目的前期准备、维护工作； 2、根据开发进度和任务分配，完成相应模块软件的设计、开发、编程任务。 二、岗位要求： 1、一本及以上学历，2026届毕业生，计算机、软件、算法相关专业； 2、能够按照正式员工工作节奏开展工作，保证完整工作时间； 3、技能要求 （一）、核心技能（必须掌握） 1. HTML/CSS 2. JavaScript（ES6+） 3. 前端框架（至少掌握一个）Vue 2/3 4. 开发工具链 包管理：npm/yarn/pnpm。 构建工具：Webpack/Vite（配置基础插件、代码分割）。 调试工具：Chrome DevTools。 （二）、进阶能力（加分项） 1.跨平台开发 混合应用（*******） 小程序开发（微信/支付宝小程序） 2.后端协作 使用 axios/fetch 发起请求，处理错误和拦截器、CORS跨域问题。,7月21日,南京坦道信息科技有限公司是一家致力于通信行业软件和服务的IT高新技术企业，主要从事电信行业的数据分析应用和业务支撑相关的软件开发和服务提供，整合了原公司在通信行业应用支撑、数据仓库开发和服务的产品、市场、人员等资源，为客户提供稳定和持续高质量服务。公司总部设在南京，现有员工百余名，员工本科及以上学历占90%，市场遍及江苏、四川、陕西、甘肃、山西等多个电信省级公司。公司通过多年的自主研发和市场开拓，在企业经营决策智能支撑系统、电信渠道支撑管理系统、电信收入保障及业务稽核系统、全渠道知识管理及客户化知识库系统等方面形成了行业优势。公司推崇“创新、勤奋、互助”的公司文化，立志成为电信行业细分市场的行业领先者，为电信提供高效的运营和管理支撑。,"https://www.zhaopin.com/jobdetail/CC456313120J40758523409.htm?refcode=4019&srccode=401901&preactionid=a7c1140f-c46c-45e5-b867-ab342d8bdc77"
3567,科研人员,大连-庄河市,9000-17000元,大连工业大学艺术与信息工程学院,学校/学历教育,300-499人,未融资,CC224791520J40757571507,1.具有硕士研究生及以上学历（研究方向需与我校专业相关，如：机械类、控制工程类（自动化类）、电子信息类、电气工程类、计算机类、新闻传播学、艺术类、工商管理学、经济学、外国语言文学），特别优秀的应用型人才可适当放宽学历要求； 2.具备独立开展科研工作，近5年内在本学科领域已取得若干代表性研究成果。 3.主导或参与上级单位或企业委托的技术攻关项目，产出专利、技术报告等成果。 4.协助建立校企联合实验室或产学研合作平台。 5.定期参与行业会议、企业调研，推动科研成果落地。 6.完成单位交办的临时性科研或教学任务。 7.工作地点可选择在大连、沈阳、北京、长三角地区。,7月16日,大连工业大学艺术与信息工程学院成立于2002年6月，是一所经教育部批准设立，由大连工业大学以新机制和新模式举办的全日制普通本科高校（独立学院）。学校位于大连庄河市，现有全日制本科生8300余人。学校以立德树人为根本任务，以建设特色鲜明的应用型大学作为办学定位，以“学生为本、教学为重、特色为先、就业为上”作为办学思路；以培养德智体美劳全面发展的应用型人才为培养目标，根据经济建设和社会发展需要，开设了32个本科专业，形成了以工为主，工、艺、文、管、经、教育等6大学科交叉渗透、协调发展的办学格局。学校获批教育部产教协同育人项目14项，辽宁省高质量产学合作协同育人项目2项，省级一流建设专业1个，省级应用型转型试点专业2个，省级一流课程32门。近三年，学生多次参加省级以上学科竞赛和创新创业比赛，先后获得各类奖励1500余项。学校先后获得“教育部‘1+X证书’试点院校”、“全国综合实力独立学院”、“辽宁省高校毕业生就业工作先进集体”、“辽宁省大学生创业教育示范校”等荣誉称号。,"https://www.zhaopin.com/jobdetail/CC224791520J40757571507.htm?refcode=4019&srccode=401901&preactionid=a7c1140f-c46c-45e5-b867-ab342d8bdc77"
3568,Java,杭州-滨江区,1.5-2.3万·15薪,外企德科数字技术有限公司,专业技术服务,10000人以上,,CCL1480117890J40785863005,国内一线大厂开放职位 1、熟悉Java/C/C++/Python其中一种语言，具备良好的算法和编程能力； 2、熟悉Spring、Spring Boot 、Spring Cloud等各种开源框架，特别在Spring/SpringCloud领域有丰富的项目实践经验者优先； 3、熟悉Mysql、Oracle等数据库，有相关数据开发经验； 4、熟悉Devops，熟悉Docker，熟悉Kubernetes应用优先； 5、熟悉Service Mesh、微服务治理、灰度发布等相关技术优先； 6、有较强的学习能力、良好的团队协作能力。 福利待遇： 基本工资+绩效+年终奖 如加班节假日1.5~3倍加班工资 全额社保公积金缴纳 补充商业保险 免费年度体检 班车 零食下午茶 技术大咖交流 应届生友好,2025-07-27 00:25:26,外企德科数字技术有限公司是一家2023年新成立的中外合资企业。成立于2023年11月24日，公司定位：专注于为信息技术企业提供人才及数字技术外包解决方案的中外合资企业。它是由中国人力资源服务行业的FESCO（北京国际人力资本集团）与全球人力资源服务领导者The Adecco Group（德科集团）合资成立的。公司主要提供网络技术服务、软件外包服务、计算机系统服务、技术进出口、软件开发等信息技术相关服务。专注于为信息技术企业提供信息技术类人才及数字技术外包解决方案。,"https://www.zhaopin.com/jobdetail/CCL1480117890J40785863005.htm?refcode=4019&srccode=401901&preactionid=a7c1140f-c46c-45e5-b867-ab342d8bdc77"
3569,软件测试,武汉-洪山区,5000-6000元,软通动力信息技术(集团)股份有限公司,"互联网,IT服务,计算机软件",10000人以上,D轮及以上,CC000544460J40727771416,1、半年以上工作经验，熟悉软件测试基本流程； 2、熟悉基本测试理论，流程和方法，熟练使用主流的测试工具； 3、具备良好的逻辑思维和沟通能力，能承受一定的压力；,6月30日,软通动力信息技术（集团）股份有限公司（以下简称“软通动力”）是中国数字技术产品和服务创新领导企业，致力于成为一家具有全球影响力的科技企业，企业数字化转型可信赖合作伙伴。公司2005年成立于北京，多年来始终坚持科技创新，具有软硬全栈的智能技术产品和服务能力，提供软件与数字技术服务、计算产品与数字基础设施、数字能源与智算服务以及国际化服务。目前，公司在10余个重要行业服务超过1100家国内外客户，其中超过230家客户为世界500强或中国500强企业，员工近90000人。软通动力拥有软通咨询、软通金科、软通工业互联、机械革命、软通华方等业务子品牌，并在全球40余个城市布局业务，构建北美、日本、东南亚、中东四大国际交付中心，在北京城市副中心、江苏无锡建设两大智能制造基地。同时，公司前瞻布局智能制造、ICT软硬基础能力和生产力智能化产品，打造产业链闭环。软通动力设立30个能力中心，拥有1个国家级工程实验室，6个省市政府认定的工程、技术实验室及研发中心，1个博士后科研工作站，50+技术合作伙伴的生态合作体系，不断探索前沿技术的巨大商业应用潜力。公司旗下教育品牌软通教育，拥有一家全日制本科学院——郑州西亚斯学院数字技术产业学院；同时在全国合作院校600多所，设有70多个校企联合人才培养基地，通过校企合作、协同育人，为社会培养高素质应用型人才。软通动力先后获得“2023年中国IT服务市场排名TOP 1”、“2024年Q4 PC出货量国内市场份额排名TOP 2”、“2024年中国软件和信息技术服务竞争力百强企业”、“2023年中国信创企业100强”、“2024万得ESG评级（Wind ESG Rating）AA级及信息技术服务行业ESG综合得分排名第一”等荣誉及市场认可，并拥有全球软件工程领域最高级别CMMI V2.0成熟度5级评估认证、国家研发运营一体化（DevOps）三级能力成熟度模型认证、信息技术服务标准（ITSS）运维能力成熟度一级认证等专业资质，支撑公司更优质的服务体系。,"https://www.zhaopin.com/jobdetail/CC000544460J40727771416.htm?refcode=4019&srccode=401901&preactionid=a7c1140f-c46c-45e5-b867-ab342d8bdc77"
3570,科研人员,无锡-锡山区,1-1.5万,江苏北方湖光光电有限公司,"仪器仪表制造,仪器仪表制造",500-999人,未融资,CC327355210J40023921111,专业及研究方向：红外成像、目标识别、AI智能、软件工程、图像处理、嵌入式系统、FPGA开发应用职位福利：五险一金、绩效奖金、交通补助、通讯补助、补充医疗保险、定期体检、带薪年假  ,5月28日,江苏北方湖光光电有限公司为国有独资企业，隶属中国兵器北方光电集团。公司地处风光秀丽的太湖之滨江苏省无锡市市区。占地面积25万平方米，总资产12亿元。为国家重点保军企业。公司主要研究开发和生产光电仪器和设备，设有国家级微光夜视技术研发平台、自动控制实验室、图像处理实验室、野外夜视视距仿真实验室等专业研究实验室；建有精密加工中心、光学加工中心、真空镀膜中心、计量检测中心、环境试验中心。目前，公司正致力于研制开发集红外、微光、激光、火控、周视稳像、图象融会等技术于一体的系统集成产品。,"https://www.zhaopin.com/jobdetail/CC327355210J40023921111.htm?refcode=4019&srccode=401901&preactionid=a7c1140f-c46c-45e5-b867-ab342d8bdc77"
3571,科研人员,长沙-望城区,2-3万,湘江涂料科技有限公司,石油/石化,500-999人,,CC516254030J40742720214,1.化学、化工、高分子材料等相关专业。 2.具有较强的科研能力和敬业精神。 3.具备较强的沟通协调能力。,7月28日,湘江涂料科技有限公司由集团全额投资兴建，注册资本2亿元，占地267亩，位于湖南长沙，在国家级望城经济技术开发区内，是湖南省工业发展重点扶持和优先发展项目，公司承接集团本部涂料经营业务，是直属于集团的核心业务板块之一。作为湖南湘江涂料集团的全资子公司，湘江涂料科技有限公司承接集团本部核心业务，主要研发、生产、销售工业涂料、特种涂料、建筑与装饰涂料、水性涂料、涂料用树脂、金属包装制罐和涂装一体化业务，产品品种主要包括：工程装备涂料、石化电力防腐涂料、轨道交通涂料、建筑与装饰涂料、地坪涂料、大巴涂料、风电涂料、军工涂料等专项涂料产品以及水性工业涂料、粉末涂料、聚脲涂料、防火涂料、重防腐涂料、耐高温涂料等特种涂料产品和涂料用树脂、金属包装制罐等。目前公司水性工业涂料产品体系完备，聚脲涂料、粉末涂料、高固体份涂料发展迅猛，形成了以水性、粉末、高固体份为主符合国家环保发展低VOC排放的产品体系，产品应用领域覆盖国民经济的各个行业，是国内产品体系最完备的涂料企业之一。公司以科技创新为动力，拥有国内一流的研发中心和质检中心，从美国、欧洲、日本引进了一批具有国际一流水平的研发、质检仪器设备，与湖南大学等国内知名高校建立了产学研基地，与国内工程机械、轨道交通、风电、军工等领域的知名标杆企业建立了产品开发联合实验室。公司采用具有国际先进水平的DCS生产制造控制系统，主要制造设备均为国内领先，国际一流，建立了严格的生产制造控制和安全环保管理体系，全面通过了ISO9001质量管理体系认证、ISO14001环境管理体系认证、OHSAS18001职业健康安全管理体系认证、ISO/TS16949认证、中国环境标志认证、3C认证、C标志认证，建立了完善的产品研发、生产和质保体系。公司生产的“湘江”牌各类涂料具有性能优异、绿色环保、品质稳定的特点，赢得了广大合作伙伴和消费者的信赖，享有“湘江漆、放心漆”的美誉。公司建立了完备的营销和服务体系，在全国设有50多家区域营销和服务中心，与国内多家知名工程机械企业、轨道交通企业、石油化工企业、地产建筑企业、军工企业、风电企业等建立了战略合作伙伴关系，是多家知名企业的优秀供应商、唯一供应商等。公司设有专业的技术应用服务团队和工程技术公司，可为客户提供迅速有效的应用技术服务，工程技术公司具有建筑装饰工程专业承包二级资质、防水防腐保温工程专业承包二级资质、环保工程专业承包三级资质以及建筑安全生产许可证，能为工程机械、客车、商用车等企业提供工厂整体涂装一体化服务，能承接各类大中型建筑工程内外墙装饰装修设计与施工、地坪工程设计与施工、防腐保温工程设计与施工等项目，提供设计、涂料、涂装整体一体化服务，实现客户最大价值。公司设有专业具备危化品运输资质的物流公司，能及时安全地将产品送达客户，解决了涂料产品物流运输的难题，产品交付及时性、安全性历年来得到了客户的高度赞誉。公司坚持奉行集团“人在诚、商在信、价在实、质在优、强在新”的经营理念，致力打造“科技湘江”、“绿色湘江”、“多彩湘江”的发展理念，坚持企业的发展对国家、顾客、员工、股东、供方负责，实现共赢发展，为湘江涂料集团打造百亿宏伟蓝图和建设百年企业的目标加注动力，努力为民族涂料工业发展和社会进步贡献力量。,"https://www.zhaopin.com/jobdetail/CC516254030J40742720214.htm?refcode=4019&srccode=401901&preactionid=a7c1140f-c46c-45e5-b867-ab342d8bdc77"
3572,前端开发,绵阳-涪城区,8000-16000元,四川九洲防控科技有限责任公司,电子/半导体/集成电路,100-299人,A轮,CC569121930J40758285101,岗位职责 1、负责软件方案设计； 2、负责软件具体设计及调试； 3、负责软件相关文档拟制；  4、参与软件需求分析； 5、协助项目总体相关工作。 任职要求： 1、基本条件：遵纪守法、品行端正、身体健康、无不良记录；认同和遵循公司的企业文化，具有较强的事业心和责任感，具备良好的职业素养，作风严谨、正派，有良好的团队合作精神和组织协调与沟通能力；为人诚信、工作勤奋、学习能力强，具有创新精神。  2、应聘年龄：应在38周岁以内。  3、技能要求：熟练掌握WEB前端开发技术：JavaScript（含ES6）、HTML、CSS、DOM、HTTP协议；熟练掌握常用语言或框架TS、Angular、Vue等，熟悉响应式设计；有微信小程序开发经验优先；具备解决跨浏览器兼容性的经验；熟悉web系统的设计和部署，熟悉负载均衡、缓存、消息、搜索等机制，能对web系统的常用部署和运维技术进行合理应用，解决问题。  5、计算机、通信、电子或相关专业本科及以上学历。 职位福利：周末双休、五险两金、高温假、带薪年假、餐补、加班补助、交通补助、股票期权、节日福利   ,7月23日,四川九洲防控科技有限责任公司，是四川首家专业从事无人机防控系统研发、生产、销售和服务的军民融合企业，具备完善的军工科研生产资质，是国家“专精特新”小巨人企业，高新技术企业、瞪羚企业。公司成立于2017年7月26日，注册资本为4313.63万元。在低空探测、防御以及反无人机等相关领域拥有自主知识产权，是国内多型低空近程防御系统和探测雷达总师单位、是国外某基地“低慢小”目标防控系统集成建设总体单位、国内首家无人机防控系统军贸出口单位。公司已拥有20款军用低空防御系统和产品，以及面向军民融合低空安全市场的2类系统级产品、6个系列13款雷达产品、2类无人机干扰设备和1类无人机侦测设备。针对低空飞行器带来的安全威胁，构建集“目标探测-综合指挥-拦截处置”一体化的低空超低空防御系统，产品广泛应用于要地、重要区域、野战和大型活动安保防御，先后承担了首都地区党和国家重大会议、现场低空防御等重大活动，某战略储备库防御以及成都双流国际机场区域目标探测服务等任务。公司总部位于中国唯一科技城-绵阳，在成都、北京设有分中心，公司现以形成以绵阳为总部、成都、北京分中心为支撑的整体运营格局，以灵活组网、多源信息接入、多源目标数据融合、地图信息集成、辅助决策、智能化指挥等系统优势能力，重点打造军方市场、民用市场、军贸市场等领域细分业务，致力于成为国内一流的低空目标探测设备供应商与区域防御综合解决方案提供商。,"https://www.zhaopin.com/jobdetail/CC569121930J40758285101.htm?refcode=4019&srccode=401901&preactionid=a7c1140f-c46c-45e5-b867-ab342d8bdc77"
3573,技术支持工程师,济南-历城区,50-100元/天,济南超级计算技术研究院,云计算/大数据,100-299人,未融资,CCL1293583260J40402577315,1、解决行业用户在超算方面的专业技术问题，包括客户咨询、需求分析、软件使用等； 2、参与行业软件的技术支持工作，包括软件编译、报错排查等； 3、收集并分析客户对算力服务的需求和建议，协助提高产品市场竞争力； 4、完成领导安排的其他相关工作，全生命周期服务好最终客户，提高客户满意度和忠诚度；,6月24日,济南超级计算技术研究院是由山东省科学院、济南市人民政府和历城区人民政府共同举办的“四不像”新型研发机构，于2020年9月完成注册登记，是一家无主管部门，无行政级别，实行企业化管理、市场化运营的独立法人事业单位。研究院秉承“共生共荣”的核心理念，致力于超级计算技术相关学科的应用研究、高技术发展研究以及技术转移，围绕济南市在新一代信息技术、生命健康、智能装备等优势产业领域的战略需求，着力破解区域战略和经济主战场所需的计算赋能问题，提升区域自主创新与核心竞争能力，打造“超级计算创新创业共同体”，成为国内领先的超级计算技术研究高地、智能科技企业的培育基地和引领区域创新驱动发展的核心引擎。研究院聚焦“人才第一资源、创新第一动力、科技第一生产力”，全面推进科技创新创业，推动超级计算产业发展，努力将研究院建设成为世界知名、国内一流的超级计算产业核心机构。围绕智能计算和信息处理技术及交叉学科综合布局，集中力量实施“321”人才工程，吸引留住用好领军人才、精英人才以及后备优才，统筹兼顾其他各级各类人才引进，逐步形成优势突出、结构合理的高层次人才队伍。（一）创新创业领军人才计划三年内，研究院引进30名以上对产业发展有重大引领带动作用的创新创业领军人才，孵化30个左右的创新创业团队。重点引进三类人才：一是国际国内某一学科、技术领域内的学术技术带头人，拥有市场开发前景广阔、高技术含量的科研成果；二是拥有独立自主知识产权或掌握核心技术，技术成果国际先进国内领先，具有市场潜力并能进行产业化；三是在相关学术前沿领域取得国际同行公认的高水平原创性研究成果，或在本学科领域做出具有开创性意义的重要工作，或在国家战略需求领域取得重要成果，具有带领本学科领域赶超国际先进水平能力的高层次人才。（二）青年科技精英人才计划三年内，研究院引进200名以上优秀博士、硕士、本科等青年科技精英人才。青年科技精英人才是指在重要期刊发表具有较高水平的学术论文或取得较高水平的研究成果，具备良好的科研创新能力和科研潜质的人才。（三）科技后备优才储备计划研究院联合齐鲁工业大学，与海内外著名高校合作，培养1000名以上高性能计算、云计算、大数据、人工智能、数学、计算机网络及网络空间安全等学科（领域）的硕士及本科人才。,"https://www.zhaopin.com/jobdetail/CCL1293583260J40402577315.htm?refcode=4019&srccode=401901&preactionid=a7c1140f-c46c-45e5-b867-ab342d8bdc77"
3574,C/C++,北京-海淀区,1.3-2万·14薪,和芯星通科技(北京)有限公司,"电子/半导体/集成电路,通信/网络设备,船舶/航空/航天/火车制造",100-299人,未融资,CC260199810J40772726807,岗位职责:,7月10日,和芯星通科技（北京）有限公司是一家专业从事高集成度芯片设计和高性能GNSS核心算法研发的高科技公司，公司致力于突破中国北斗卫星系统接收终端芯片设计研发以及多系统联合定位等关键技术瓶颈，力争在GNSS专业应用领域和基于位置服务的消费类终端产业中成为国内外领先的芯片、OEM板卡和产品解决方案提供商。通过加大对导航产业链的横向和纵向整合，提供完整的基于位置信息的解决方案，推动北斗系统在各行业的应用和普及，最大化地为最终用户提供生活的便利，促进生产效率的提高。和芯星通于2009年初由北京北斗星通导航技术股份有限公司（股票代码：002151）出资与国际知名卫星导航专家韩绍伟博士共同成立，公司总部设在北京。目前公司拥有近百名研发人员，70%以上为国内外知名院校的博士和硕士，多人拥有多年的海外同行业开发经验。公司核心团队和管理层具有多年半导体行业和卫星导航产品研发经验，对于高集成度芯片的设计、验证和量产及多系统、高性能的GNSS基带算法研究和实现有着深厚的积累。和芯星通自主研制的拥有完全自主知识产权的国际首款、国内首创的多系统多频率卫星导航高性能SoC芯片-NebulasTM已研制成功，并于2010年9月25日正式发布。这颗芯片成功填补了国际和国内空白，打破了高精度测量、导航、授时等多个领域核心部件长期依赖进口的局面。国家最高科学技术奖获得者、“两弹一星”功勋科学家、北斗卫星导航系统工程总设计师孙家栋院士对这颗芯片给予了高度肯定，称“这个具有自主知识产权的产业化项目为中国人争了一口气，在世界上表现了北斗强国的梦想！”,"https://www.zhaopin.com/jobdetail/CC260199810J40772726807.htm?refcode=4019&srccode=401901&preactionid=a7c1140f-c46c-45e5-b867-ab342d8bdc77"
3575,C/C++,杭州-滨江区,1.5-3万·16薪,外企德科数字技术有限公司,专业技术服务,10000人以上,,CCL1480117890J40791936605,岗位职责： 1、负责业务体验产品相关产品研发，完成多个模块/组件的软件设计（含增量方式）、代码编写、单元测试、集成测试、静态检查、本地构成等工作，确保所负责模块可信、及时、高质量交付； 2、负责设计实施高可用部署架构，实现弹性扩缩容，秒级故障自动切换，限流降级等核心功能，保障大规模集群的高效稳定运行；  经验要求： 1、有开发经验，C/C++、Java、Scala、Python、JS等开发语言一种或多种； 2、熟悉分布式系统的设计和应用，熟悉高并发、高负载、高可用性系统的设计开发及调优，熟悉分布式缓存、消息、数据库等机制； 3、具有一定的技术架构思维，确保设计的技术方案、开发的代码有较高性能、质量保障、扩展性，前瞻性； 4、参与系统以提升效率为目的的整体的优化、改进，出现问题时能够通过较强的技术手段较好的解决问题。,2025-07-27 00:25:53,外企德科数字技术有限公司是一家2023年新成立的中外合资企业。成立于2023年11月24日，公司定位：专注于为信息技术企业提供人才及数字技术外包解决方案的中外合资企业。它是由中国人力资源服务行业的FESCO（北京国际人力资本集团）与全球人力资源服务领导者The Adecco Group（德科集团）合资成立的。公司主要提供网络技术服务、软件外包服务、计算机系统服务、技术进出口、软件开发等信息技术相关服务。专注于为信息技术企业提供信息技术类人才及数字技术外包解决方案。,"https://www.zhaopin.com/jobdetail/CCL1480117890J40791936605.htm?refcode=4019&srccode=401901&preactionid=a7c1140f-c46c-45e5-b867-ab342d8bdc77"
3576,软件测试,哈尔滨-南岗区,6000-10000元,哈尔滨彩网科技有限公司,"计算机软件,IT服务,通信/网络设备,云计算/大数据",100-299人,不需要融资,CCL1477965250J40481144213,1、计算机相关专业，大专及以上学历： 2、了解数据库、SQL语言 3、熟悉软件工程，了解测试基础理论，能够编写测试文档。 4、语言表达能力流畅，具有团队合作精神。 5、具有较强的自我学习能力,6月20日,我们能带给你：·工作氛围超级棒，能力提升超级大·绩效奖金拿到手软，每一分付出都能看见回报…我们期待：驰骋多年身经百战的你；初出茅庐充满干劲的你；寻求转型渴望突破的你；让千里马和伯乐，不再千载难逢；,"https://www.zhaopin.com/jobdetail/CCL1477965250J40481144213.htm?refcode=4019&srccode=401901&preactionid=a7c1140f-c46c-45e5-b867-ab342d8bdc77"
3577,测试工程师,武汉-江夏区,80-130元/天,深圳中电技术,"电力/水利/热力/燃气,计算机软件,IT服务,仪器仪表制造",1000-9999人,未融资,CC120993410J40669890301,工作内容： 1、负责对产品进行测试用例执行、缺陷提交及缺陷解决验证，编写测试记录、测试报告； 2、协助测试工程师完成测试环境搭建、现场问题验证等工作 任职要求： 1、大专及以上学历，电气类、自动化类、通信类、计算机类、电子类等相关专业； 2、具备良好的软硬件知识，对测试技术有一定了解； 3、逻辑严谨、具有良好的沟通能力，责任心强； 4、擅长发现和解决问题，乐于思考，能够积极表达并提供想法建议。,2月20日,公司介绍：深圳市中电电力技术股份有限公司(简称“CET中电技术”)创立于1993年，是央企中国电子信息产业集团有限公司(简称“CEC中国电子”)旗下经混改后骨干员工持股的企业。 CEC中国电子是以打造国家网信事业核心战略科技力量为使命的中央企业。 CET中电技术是首批国家级高新技术企业、国家级专精特新“小巨人”企业。在电力二次智能终端研发、电能管理专用工业软件研发、系统集成、生产制造、用户现场服务、市场营销等方面构建了领先的整体优势，综合实力位于国内第一梯队，技术水平已跻身国际领先行列。 CET中电技术以电力系统、工业与能源、建筑与市政、数据中心与电信运营商、交通基础设施等行业的客户需求为导向，借力第四次工业革命技术赋能电力二次技术，运用电工技术、微处理器“云大物移智链”等技术，研发出丰富实用的电力二次智技术、能终端、电能管理专用工业软件、系统解决方案。与世界各地合作伙伴一起，为越来越多的客户提供电能管理和能源管理相关产品与服务。,"https://www.zhaopin.com/jobdetail/CC120993410J40669890301.htm?refcode=4019&srccode=401901&preactionid=a7c1140f-c46c-45e5-b867-ab342d8bdc77"
3578,实施工程师,曲靖-罗平县,4000-5000元,云南者越软件有限公司,"IT服务,计算机软件,计算机硬件",20人以下,未融资,CC286256230J40736433716,岗位职责： 1、 负责医院信息系统的实施交付、安装调试与维护等；  2、 交付实施过程中对客户进行培训；  3、 收集客户需求及意见；  4、 周边设备软件安装设置及硬件故障初步判断。 岗位要求：  1、可接受应届毕业生，熟悉SQL语言的优先考虑；  2、需具有很好的自学能力； 3、需具有良好的沟通能力及沟通技巧。 ,7月28日,云南者越公司（Aron）是致力于医疗信息管理系统本土化服务性企业，作为专业医疗信息技术服务供应商，公司和各知名IT企业在产品、技术及服务等领域建立了长期的战略合作伙伴关系。我们提供的不仅是产品，不仅是服务，我们从临床科室的角度去分析每项技术变化对临床的意义。从技术上而言，市场上的很多产品都解决了医疗信息管理系统的问题，而者越公司通过组织与过程的持续改进，使医疗信息管理系统的管理及使用直接定向于合理化。然而全面的理解各医疗机构信息化管理及使用的现状、优势、困难及发展，不仅需要对医疗改革、产品的技术发展趋势及市场动态有足够的认识，更需要领会的是医院管理、医患流程之间的逻辑关系。者越公司整合了从HIS、EMR、LIS、HRP、PACS/RIS等业务系统为核心的完备产品线，为各医疗机构定制合理、专业的信息化解决方案。针对云南各医疗机构信息化起步晚的现实情况我们将把技术、培训以及建立全方位的“本土化”服务能力作为重点。利用本土化服务的响应优势把医疗信息管理系统在临床和管理运营方面取得更高效的突破。,"https://www.zhaopin.com/jobdetail/CC286256230J40736433716.htm?refcode=4019&srccode=401901&preactionid=a7c1140f-c46c-45e5-b867-ab342d8bdc77"
3579,前端开发,北京-海淀区,8000-9000元,空间无限人力资源管理顾问有限公司,餐饮服务,100-299人,,CC562251280J40756141211,岗位职责: 参与项目的需求分析，负责模块设计和开发； 负责项目的模块设计、代码开发和单元测试； 负责项目相关研发技术文档、部署手册等文档撰写； 参与产品的需求分析、设计、开发以及测试几个阶段； 完成日常项目的维护与发版； 负责二三维WEBGIS应用前端开发工作；  任职要求 1、地理信息系统、遥感、测绘、计算机等相关专业，2 年以上的 GIS项目开发经验； 2、熟练掌握一种或多种JS框架（Vue.js、Three.js、jQuery等），有使用Vue.js和layui开发完整项目经验者优先； 3、熟练掌握CSS、HTML、AJAX、JS等前端技术，了解主流浏览器特性，可针对不同浏览器实现高质量的UI； 4、熟悉主流的二三维开源GIS引擎，如Openlayers、Cesium等； 5、熟悉Cesium三维地球开发技术优先； 6、责任心强，良好的沟通表达能力、团队协作能力。,7月23日,公司名称：空间无限人力资源管理顾问有限公司成立时间：2003年3月7日注册资金：5000万元集团子公司分布城市：北京、上海、广州、深圳、武汉、沈阳、天津、石家庄、济南、青岛、呼和浩特、太原、西安、兰州、长沙、郑州、南昌、宜昌、成都、重庆、昆明、南宁、贵阳、东莞、佛山、珠海、惠州、海口、大连、长春、哈尔滨、杭州、南京、苏州、无锡、常州、合肥、宁波、福州、厦门、肇庆等（还有正在筹备中的分公司）空间无限人力资源管理顾问有限公司专注于一站式人力资源外包服务，总部位于武汉东湖新技术开发区，目前在全国设有40多家分支机构，真正实现了全国战略布局；空间无限正为30多个行业的2000多家跨国企业、本地大型企业、机关事业单位、央企等提供一站式人力资源服务，正在服务人数超5万名雇员，并在医疗、教育、公共服务、建筑、餐饮等领域不断延伸与突破，形成了独特的行业服务专长及技能，与客户建立了更有深度、共生共赢的战略伙伴关系。公司骨干成员平均从业年限12年以上，本科以上学历占70%，80%以上员工拥有人力资源管理师等级证书。公司主营业务包括：劳务派遣、岗位外包、业务外包、灵活用工等，同时提供人力资源战略规划、招聘、培训、绩效考核、薪酬管理设计、员工关系等人力资源相关体系的所有配套及咨询服务。未来，我们将逐步完成空间无限全球布局，不断提升空间无限人的战略眼光及专业服务技能，吸引更多与我们有共同目标、价值观、德才兼备的合伙人，共创空间无限更美好的未来!,"https://www.zhaopin.com/jobdetail/CC562251280J40756141211.htm?refcode=4019&srccode=401901&preactionid=a7c1140f-c46c-45e5-b867-ab342d8bdc77"
3580,Java,深圳-龙岗区,2-4万·14薪,外企德科数字技术有限公司,专业技术服务,10000人以上,,CCL1480117890J40784505505,全国均有岗位(开发、测试、算法等) 岗位要求: 一、软件开发工程师 1.热爱编程，熟悉掌握Java/C++/C/Python/Web开发等编程语言中的一种或多种编程语言扎实的编程功底: 2.具备良好的独立工作能力和解决问题能力，善于沟通，乐于合作，热衷新技术; 二、 软件测试工程师： 1.热爱编程，熟悉掌握C/C++/Java/Python等编程语言中的一种或多种编程语言，扎实的编程功底; 2.有web开发或测试经验、自动化开发或测试经验者优先。 3.熟练掌握系统测试、功能测试、专项测试、软件测试、韧性测试、安全测试方法中的一种或多种测试方法，有相关测试语言/脚本的编写和实践经验优先，也可接受纯测试经验的。 4.具备良好的独立工作能力和解决问题能力，善于沟通，乐于合作，热衷新技术;,2025-07-27 00:25:20,外企德科数字技术有限公司是一家2023年新成立的中外合资企业。成立于2023年11月24日，公司定位：专注于为信息技术企业提供人才及数字技术外包解决方案的中外合资企业。它是由中国人力资源服务行业的FESCO（北京国际人力资本集团）与全球人力资源服务领导者The Adecco Group（德科集团）合资成立的。公司主要提供网络技术服务、软件外包服务、计算机系统服务、技术进出口、软件开发等信息技术相关服务。专注于为信息技术企业提供信息技术类人才及数字技术外包解决方案。,"https://www.zhaopin.com/jobdetail/CCL1480117890J40784505505.htm?refcode=4019&srccode=401901&preactionid=a7c1140f-c46c-45e5-b867-ab342d8bdc77"
3581,科研人员,郑州-管城回族区,1-2万·13薪,牧原实验室,学术/科研,100-299人,,CCL1241575100J40604410407,职位描述：,11月22日,,"https://www.zhaopin.com/jobdetail/CCL1241575100J40604410407.htm?refcode=4019&srccode=401901&preactionid=a7c1140f-c46c-45e5-b867-ab342d8bdc77"
3582,测试工程师,成都-温江区,1-1.7万,成都忠扬威科技有限公司,电子商务,20-99人,未融资,CCL1495976900J40826800808,岗位内容：  1. 设计测试用例并执行测试计划，对软件功能、性能、稳定性等进行全面测试。 2. 编写测试报告和Bug汇报，跟踪Bug的解决过程，并及时反馈BUG情况给研发团队。 3. 参与产品设计和需求评审，提供测试意见和建议。 4. 熟悉自动化测试框架或工具，并进行相关测试工作。 任职要求：  1. 本科以上学历，计算机相关专业，有3年以上测试经验。 2. 熟悉软件测试流程和常用的测试方法、工具，熟悉至少一种自动化测试工具。 3. 具备较强的测试分析和问题定位能力，能够独立制定测试计划和测试用例。 4. 具备良好的沟通协调能力和团队合作精神。,7月27日,公司名称：忠扬威科技有限公司成立时间：2025年总部地点：中国成都公司性质：高新技术企业主营业务：人工智能、大数据分析、云计算服务、物联网解决方案、软件开发与定制公司愿景：成为全球领先的科技解决方案提供商，推动技术创新，赋能各行各业，创造智能化未来。公司使命：通过前沿技术与创新产品，为客户提供高效、智能的解决方案，助力企业数字化转型，提升社会生产力。,"https://www.zhaopin.com/jobdetail/CCL1495976900J40826800808.htm?refcode=4019&srccode=401901&preactionid=a7c1140f-c46c-45e5-b867-ab342d8bdc77"
3583,技术支持工程师,西宁-大通回族土族自治县,8000-16000元,青岛安然物联网科技有限公司,"物联网,物联网",20-99人,未融资,CC559764920J40884193104,岗位职责： 1. 负责石化、化工厂人员定位系统的现场实施、现场交付和技术赋能等工作。 2. 对接客户需求，进行需求调研，制定详细的施工方案和计划。 3. 确保项目按照既定的时间节点和质量要求完成交付。 4. 对已交付的项目进行后期技术支持与维护。 岗位要求： 1. 年龄在25-35岁之间。 2. 能够适应经常出差的工作要求。 3. 熟悉信息化、弱电及工业互联网相关技术。 4. 具备良好的沟通协调能力和问题解决能力。,7月26日,基于精准人员定位的工业安全生产信息化管理专家，安全生产信息化管理引领者！作为全国实时定位技术标准工作组成员和应急管理部“工业互联网+危化安全生产”人员定位系统技术支持机构，安然从2012年起致力于基于ZigBee Plus三维立体按需精准定位的“工业互联网+安全生产”的研究，获得了20多项安全智能管控系统发明专利和著作权，持续引领中国化工行业生产现场智慧安全！安然以“准、稳、狠”的ZigBee Plus三维立体按需精准人员定位统和“底数清、数据准、情况明、研判准、措施实”的安全生产信息化平台为核心，整合访客管理、出入口控制、人脸识别、视频监控、语音广播、重大危险源监控、可燃有毒气体监测等系统，对生产现场人、机、料、法、环五大要素进行实时、动态、智能管控和预警，规范人的安全行为，保障人的生命安全，有效防范风险、主动化解风险，实现智慧安全。安然“以用为本”，把安全生产信息化建设与公司管理体系“深度融合”，把安全生产信息化建设与日常工作“紧密结合”，对安全生产切实“有用、实用、好用”，避免建用“两张皮”，让安全管控更智能，让生产更高效才实用。迄今已服务中石化、中石油、延长石油、国能、兖矿、京能、索普、新安、奇美、昊源、潞安、旭阳、垦利、逸盛、海科、酒钢、金发等几百家石化、化工、选煤、钢铁、电厂企业。安然以客户为中心，以强者为本，抬头乐干，愿意与同道中人联合、链接，携手共建、共用、共享生产安全命运共同体，一起干，一起干，让优秀企业更安全，让优秀企业更高效！,"https://www.zhaopin.com/jobdetail/CC559764920J40884193104.htm?refcode=4019&srccode=401901&preactionid=a7c1140f-c46c-45e5-b867-ab342d8bdc77"
3584,测试工程师,北京-丰台区,8000-10000元,北京文光科技有限公司,"计算机软件,互联网,IT服务,计算机软件",100-299人,不需要融资,CCL1504293690J40789960505,岗位内容：  1. 执行软件测试工作，包括测试用例编写、测试执行、问题跟踪等，确保软件品质。 2. 参与产品设计评审，了解业务需求，提出优化建议。 3. 使用自动化测试工具或开发相应的自动化测试脚本，提高测试效率，缩短测试周期。 4. 持续关注测试领域的新技术和方法，不断提升测试技能和工作效率。 任职要求：  1. 计算机相关专业本科及以上学历，对于无工作经验但其他能力突出者亦可考虑。 2. 熟练至少一种测试工具。 3. 具备良好的逻辑思维能力和分析能力，能够快速定位问题，并给出有效的解决方案。 4. 具备较强的沟通协调能力和团队合作精神，积极主动，具有强烈的责任心和进取精神。,7月1日,1.公司主营技术开发、技术推广、技术服务，同时涵盖计算机系统服务、软件咨询，产品设计等多元化业务 2.创新驱动：鼓励员工不断探索新技术、新方法，以创新为核心动力推动公司发展，保持在行业内的技术领先地位。客户至上：始终将客户需求放在首位，致力于提供高质量的产品与服务，以满足客户期望，超越客户需求，打造卓越的客户体验。诚信为本：秉持诚实守信的原则，无论是与客户、合作伙伴还是员工，都以真诚和信任为基础开展业务与交流，树立良好的企业信誉。 3.展望未来，希望公司在科技浪潮中继续勇立潮头，不断创新突破，研发更多前沿技术，拓展更广阔的市场。期待与客户建立更深厚的合作关系，携手共进，实现互利共赢。愿每一位员工在公司都能实现个人价值，共同创造更加辉煌的明天。,"https://www.zhaopin.com/jobdetail/CCL1504293690J40789960505.htm?refcode=4019&srccode=401901&preactionid=a7c1140f-c46c-45e5-b867-ab342d8bdc77"
3585,实施工程师,深圳-龙岗区,1-1.6万,深圳逗点生物技术有限公司,"医药制造,金属制品业,医疗设备/器械,检测/认证",300-499人,A轮,CC463407510J40792189815,岗位职责： 1.负责食品微生物产品的售前售后技术支持，客户需求调研，竞品调研等； 2.负责食品微生物产品耗材产品的培训讲解；  3.协助销售拜访客户，解决客户的技术性问题； 4.负责跟进产品技术资料的整理。 任职要求： 本科及以上学历，食品、微生物相关专业，有食品分析第三方检测相关经验优先；较好的逻辑思维能力，较强的沟通能力，较好的文字表达能力。,12月20日,逗点生物（Biocomma）成立于2006年，总部位于深圳，主营生命科学和医疗健康产品的研发、生产和销售，业务遍布五十多个国家和地区。公司为食品和临床检测提供样本前处理解决方案，包括过滤耗材、色谱耗材和微生物培养基。同时为生命科学研发和生产型厂家提供滤芯、拭子、试剂瓶、无菌液体和培养基等产品。努力让世界更健康，更美好。电话:0755-25800799Email:hr@biocomma.cn,"https://www.zhaopin.com/jobdetail/CC463407510J40792189815.htm?refcode=4019&srccode=401901&preactionid=a7c1140f-c46c-45e5-b867-ab342d8bdc77"
3586,C/C++,上海-浦东新区,1-1.3万·13薪,矽极软件技术(上海)有限公司,"电子/半导体/集成电路,电子/半导体/集成电路",20-99人,A轮,CCL1372179760J40211517803,"企业介绍： 本企业从事——数字大芯片AI辅助EDA核心软件的研发与销售，公司主要产品：芯片物理编译--Physical Compiler(PCer)软件是解决当前中国芯片行业主要“卡脖子”核心技术之一。本公司将在EDA和AI努力创新并加速融合，争取在短期内，为中国芯片事业突破核心技术瓶颈，真挚的邀请才华横溢的您加入公司，实现您的宏大抱负。 矽极软件创始人是一位具有30年多年国际芯片设计和EDA行业经验的国际资深专家，他所发明的“混合设计”专利技术，是当前全球芯片设计企业和EDA公司所必用的一项核心技术，也是矽极软件全新“顶层设计”物理编译技术的基础。经过15年的研发矽极软件已经在物理编译技术领域开发出了多项核心专利，并以HPC和AI为二翼，期待在不长的时间内，研发出国际领先的新一代物理编译EDA软件系统。   岗位描述：  1. 负责软件的相关软件测试；  2. 参与软件系统的设计、开发、测试等过程；  3. 主要功能模块的代码实现。  任职要求：  1. 计算机、软件工程、微电子、数学、物理或相关专业；本科,，硕士及以上学历；  2.熟练使用C/C++，深入理解计算机系统结构，较强的算法设计经验，一年以上的实际编程经验；  3. 熟悉Linux系统下编程，熟练掌握gcc、gdb等编译调试工具； 4.如果您对AI有独到的见解，将优先录取。 本司2023年获得“高新企业认定”，可以给有需求的员工安排落户，符合上海市条件的应届毕业生可以安排落户。",2月28日,矽极软件技术（上海）有限公司成立于2021年，位于上海市浦东新区张江高科软件园。矽极软件技术（上海）有限公司，致力于数字芯片设计研发、编译、销售、服务一站式解决方案的高科技公司。目前公司在中国上海、新加坡、美国硅谷都有研发团队。矽极软件CZ-Soft公司创始人科学家的国际和国内专利被全球几乎所有的巨头公司和主流高科技公司引用，包括Cadence、Synopsys、Intel、IBM等。公司致力于数字IC设计攻坚技术研发与软件和服务的市场化。截止2022年3月，CZ-Soft已获千万级外商投资，目前正加速新一代EDA设计开发，我们在芯片顶层设计领域已取得了新的突破，能实现自动化、高效后端编译、显著提升PPA，性能上优于国际巨头同类产品！,"https://www.zhaopin.com/jobdetail/CCL1372179760J40211517803.htm?refcode=4019&srccode=401901&preactionid=a7c1140f-c46c-45e5-b867-ab342d8bdc77"
3587,硬件测试,南京-雨花台区,8000-9000元,江苏展芯半导体技术股份有限公司,电子/半导体/集成电路,300-499人,,CC658243380J40158295303,1、按照生产计划，负责芯片产品的老化和测试工作；,7月9日,江苏展芯半导体技术股份有限公司成立于2018年3月，公司主力产品线为电源管理类芯片，广泛应用于海、陆、空、天等各种装备领域。公司掌握超小型化电感集成技术，对飞控、火控、雷达系统应用具有完整的产品线及产品质量等级，取得了产品鉴定检验报告及质量管理体系证书。公司创立者和核心技术人员长期从事半导体及电力电子行业，具有优秀的行业背景和丰富的工作经验，与南京理工大学、南京航空航天大学等多所高等学府均有稳定产学研合作。发展至今，展芯已成立北京、上海、成都、长沙、武汉、天津、西安、无锡、合肥九家分公司及多处办事处。公司地处中国第一软件产业基地南京软件谷，总办公面积逾7600㎡。园区环境优美，配套齐全，交通便利，临近多条地铁、公交线路。发展中的展芯期待更多的人才加入，同展芯一起进步，见证展芯的成长与壮大！公司拥有：具有竞争力的薪酬、年终奖、年度调薪五险一金(公积金比例12%)、商业补充保险、家属商业保险、年度健康体检、5天全薪病假、周末双休、弹性工作专利奖、职称奖、优秀员工奖、科技创新奖等多种激励奖项季度生日福利、节日福利金、团建津贴、年度旅游、婚育红包入职培训、导师带教、定期外培、专业内训丰富的员工文体活动：文体俱乐部、体育竞赛、牌技比拼,"https://www.zhaopin.com/jobdetail/CC658243380J40158295303.htm?refcode=4019&srccode=401901&preactionid=a7c1140f-c46c-45e5-b867-ab342d8bdc77"
3588,测试工程师,南宁-西乡塘区,8000-16000元,玉柴股份,"汽车零部件,通用设备制造",1000-9999人,已上市,CC120017750J40640921301,一、职位要求 1、本科及以上学历，车辆工程/电子信息类/机械设计等专业； 2、熟悉CAN协议和熟练使用CAN工具； 3、了解CAN通信部件测试规范和整车诊断协议和相关标准； 4、有ACC、AEB、LKA、APA等ADAS系统量产集成测试经验； 5、熟悉农机底盘和机具控制者，有整车试验、整车底盘系统改制与智驾系统集成、智驾系统标定，智驾系统测试等经验者优先。 二、职位职责 1、负责农机自动驾驶系统的测试工作； 2、负责系统模块的测试用例编写、执行和跟踪； 3、负责对已发布的产品系统进行缺陷管理和维护，对产品问题提出有效的解决方案； 4、根据项目要求制定并实施相应的测试计划；保证产品质量及性能； 5、配合其他部门完成相关工作； 6、及时收集用户反馈信息并进行分析和总结，并提出改进方案； 7、领导安排的其他工作。,7月2日,广西玉柴机器股份有限公司始建于1951年，总部位于广西玉林市，下辖16家子公司，跻身全球汽车供应链百强、中国机械工业百强、中国500最具价值品牌，是中国产品型谱齐全、应用领域广的内燃机制造基地以及产品种类最为丰富的新能源动力系统制造商。,"https://www.zhaopin.com/jobdetail/CC120017750J40640921301.htm?refcode=4019&srccode=401901&preactionid=a7c1140f-c46c-45e5-b867-ab342d8bdc77"
3589,科研人员,杭州-滨江区,2-3万,杭州添帆生物科技有限公司,"学术/科研,生物工程",300-499人,未融资,CC464152830J40805180208,"岗位职责： 1、承担对接医院专项科室的项目专利基金转化，跟进科室项目工作对接； 2、负责协助技术团队及科室的科研项目，推动落地实施； 3、跟进前沿技术领域，了解撰写医学技术路线及研究要点； 4、开展实验及数据分析整理工作，跟进对接实验项目研究创新； 5、协助开展技术支持工作，维护客户运营； 6、领导安排的其他任务。 任职要求： 1、基础医学、临床医学及其相关专业博士学历； 2、具有分子生物学，细胞生物学、动物医学等基础医学专业知识； 3、具有良好的人际沟通协调能力和专业知识学习能力，较强的分析判断与决策能力； 4、阳光、积极、乐观、有一定的抗压能力； 5、能够适应出差,有海外研究工作经历者优先考虑，具有基础医学项目经理和技术支持的优先考虑； 6、发表SCI一区一作及SCI的IF大于10分以上的一作的优先考虑。",5月13日,简介：公司成立于2015年，为客户提供真实、精准性的医学实验数据平台，是专注于科研服务与产品研发的国家级高新技术企业。建立了完善的科研服务体系，同时拥有5000平米的独立实验中心，包括SPF级动物研究室、病理生理学实验室、细胞和分子生物实验室等，并创办4本英文期刊。我们通过医学科研公共服务平台，8年来为1000余家等级医院及重点科室、8万余名医学专家提供了重点学科建设和科研咨询以及技术服务，在各类疾病领域开展8万余项课题研究，涵盖300余种疾病动物模型，与院校共同促进“平台-学科-团队-人才-项目”的持续发展。公司秉承“高效、诚信、创新、品质”的经营理念，致力于打造省级重点多学科实验平台，为院校提供科研人才、团队、项目一站式综合服务，推动医学科研成果转化进程，助力基础医学科研发展。团队：现有专业的技术人员:团队人员共计200余人，均为生物化学、临床医学、基础医学等相关领域的专业人员，研究生以上学历占比60%。,"https://www.zhaopin.com/jobdetail/CC464152830J40805180208.htm?refcode=4019&srccode=401901&preactionid=a7c1140f-c46c-45e5-b867-ab342d8bdc77"
3590,实施工程师,秦皇岛-海港区,5000-10000元,滨沅国科(秦皇岛)智能科技股份有限公司,"工业自动化,电气机械/电力设备,货运/物流/仓储",100-299人,未融资,CC451406980J40739353114,岗位职责： （1）负责四足机器狗、无人机、皮带撕裂检测设备等智能化设备相关的项目现场实施调试工作。 （2）负责和公司内部、相关厂商沟通协调，解决现场问题。 （3）负责向客户进行设备使用的培训讲解。 任职要求： （1）专科及以上学历。 （2）乐于学习，对新的新鲜事物有好奇感。 四足机器狗、无人机、智能化设备是新兴的行业是未来的趋势，在未来5年内会迎来一个大的应用爆发期，现在入场是最好的时机。 （3）能够适应短期出差。 （4）有现场实施、机电等相关经验者优先。计算机、自动化、电气、机电相关专业优先。,7月24日,滨沅国科专注于绿色智慧散货装卸全流程智能管控的顶层设计及提供国产自主定制创新专业的解决方案，是为散货装卸行业提供智能化咨询、设计、开发、智能运维等一站式全流程综合服务的解决方案提供商。滨沅国科是高新技术企业、河北省“专精特新”企业，已经建设了河北省绿色智慧散料码头工程技术研究中心、秦皇岛市散货煤码头智能装卸工程技术研究中心、散货输送带试验研发平台。公司拥有质量、环境、职业健康三大体系证书和机电工程施工总承包和电子智能化等行业权威资质，纳税等级为A级。十年来，公司雄厚的技术实力、标准化实施方案和满意的服务品质赢得了客户的广泛赞誉。公司前身是燕山大学港口自动化研究所，依托燕山大学强大的科研支撑、数十位行业资深技术专家和高端科研人才智库团队，公司具备强大的研发能力，目前拥有散货装卸智能化控制关键技术等专利和软著证书三十余项，这不仅让公司技术始终保持行业前沿地位，也助力了公司各类产品广泛应用到国内各大港口、钢厂、电厂。,"https://www.zhaopin.com/jobdetail/CC451406980J40739353114.htm?refcode=4019&srccode=401901&preactionid=a7c1140f-c46c-45e5-b867-ab342d8bdc77"
3591,测试工程师,武汉-洪山区,5000-8000元,湖北省爱和瑞科技有限公司,"仪器仪表制造,电子设备制造",20人以下,未融资,CCL1389048440J40806732208,工作内容：测试传感器性能参数，编辑产品datasheet，完善传感器测试条件，客户技术解答，项目对接。 任职要求： 1、大专及以上学历； 2、理工科 3、熟练掌握office软件； 4、会设计电路板 公司福利： 待遇5-6k元+餐补，买五险，有年终奖，工作环境好，周末双休，早九晚六，从不加班。 职位福利：五险一金、绩效奖金、全勤奖、员工旅游、周末双休、节日福利、餐补、带薪年假  职位亮点：双休 不加班,5月17日,湖北省爱和瑞科技有限公司成立于2013年的高新技术企业，主要致力于气体传感器的研发、生产和销售。产品品质优秀，销量逐年增高。主要核心产品为电化学气体传感器。企业持续为员工、客户、投资人和社会创造更美好的明天。期望认真、积极、踏实的人才与公司共同成长，公司将不会辜负各位的努力付出，分享公司的成果，一起拥有一份美好的事业。,"https://www.zhaopin.com/jobdetail/CCL1389048440J40806732208.htm?refcode=4019&srccode=401901&preactionid=a7c1140f-c46c-45e5-b867-ab342d8bdc77"
3592,Java,广州-越秀区,1.5-1.6万·13薪,广州穗科智联农业科技有限公司,零售/批发,20-99人,,CCL1501139110J40812520603,岗位内容： 1. 设计、开发并维护Java应用程序。 2. 解决各种技术难题，保证代码的可靠性、高效性和安全性。 3. 参与软件设计的讨论和计划制定。 4. 与其他团队成员协作工作，提高团队整体技术水平。 任职要求： 1. 熟悉Java语言及相关技术，熟悉Spring框架。 2. 具有扎实的编程基础和良好的面向对象编程思想。 3. 对常见数据库如MySQL、Oracle等有一定的了解和应用经验。 4. 对Web开发技术有深入理解，熟悉前端技术如HTML、CSS、JavaScript等。,7月24日,,"https://www.zhaopin.com/jobdetail/CCL1501139110J40812520603.htm?refcode=4019&srccode=401901&preactionid=a7c1140f-c46c-45e5-b867-ab342d8bdc77"
3593,Java,成都-郫都区,1.5-3万·14薪,外企德科数字技术有限公司,专业技术服务,10000人以上,,CCL1480117890J40786011705,工作内容: 1.负责研发领域IT系统技术方案的设计，开发等工作; 2.负责项目开发过程中的技术攻关及解决运行中出现的技术问题; 3.负责产品核心模块的代码编写和测试; 4.负责产品疑难问题的分析和定位。 岗位要求: 1.统招学历学位证，毕业证，学信网可查; 2.热爱编程，基础扎实，熟悉掌握但不限于JAVA/Python/JS/HTML/GO/C/C++/C#等编程语言中的一种或数种，有良好的编程 习惯; 3.具备独立工作能力和解决问题的能力、善于沟通、乐于合作、热衷新技术、善于总结分享，喜欢动手实践;,2025-07-27 00:25:27,外企德科数字技术有限公司是一家2023年新成立的中外合资企业。成立于2023年11月24日，公司定位：专注于为信息技术企业提供人才及数字技术外包解决方案的中外合资企业。它是由中国人力资源服务行业的FESCO（北京国际人力资本集团）与全球人力资源服务领导者The Adecco Group（德科集团）合资成立的。公司主要提供网络技术服务、软件外包服务、计算机系统服务、技术进出口、软件开发等信息技术相关服务。专注于为信息技术企业提供信息技术类人才及数字技术外包解决方案。,"https://www.zhaopin.com/jobdetail/CCL1480117890J40786011705.htm?refcode=4019&srccode=401901&preactionid=a7c1140f-c46c-45e5-b867-ab342d8bdc77"
3594,软件测试,天津-河西区,1.1-1.3万·13薪,广东和盈新媒体科技有限公司,"新媒体,广播/影视,咨询服务,互联网",500-999人,B轮,CCL1297782420J40695699606,岗位内容： 1. 建立和维护软件产品的测试计划和策略。 2. 负责软件测试阶段的进度管理和问题跟踪。 3. 审查需求文档，识别并管理关键的测试风险。 4. 持续改进测试流程和工具，提高测试效率和质量。 5. 向其他团队成员提供培训和支持。 任职要求： 1. 可接受无软件测试工作经验。 2. 精通测试常见工具和框架（如JIRA、TestRail、Appium）。 3. 熟悉测试理论和流程，能够制定测试计划和策略。 4. 具有较强的问题分析和解决能力。 5. 能够在压力下工作，并保证结果的准确性。,7月22日,"盈新新媒体科技集团成立于2013年历时13年品牌集团，目前公司人员规模900人，发展城市在惠州，深圳，北京，上海，杭州，广州，成都，重庆主要经营：企业形象策划,市场营销策划,网络技术服务,软件开发,技术服务推广中心新媒体运营，广播影视传媒，电子商务，咨询服务等等发展至今已取得业内行业龙头的成绩主营业务服务于：企业、政府、互联网，传媒，电商，广告，金融、医疗、教育等客户提供服务中心建设解决方案服务管理解决方案。公司架构 1.人事部招聘团队 BP部门绩效团队 2.培训部岗前训团队随岗训团队干部训团队 3.行政部前台行政团队 4.新媒体运营中心拍摄剪辑团队新媒体团队文案素材编辑团队舆情部推广团队 5.技术研发部：软件开发团队：前端开发组、后端开发组、移动开发组测试团队：功能性测试组、性能测试组、自动化测试组运维团队：系统运维、网络运维、DevOps组数据研发团队：数据发开、数据科学小组）人工智能团队：计算机视觉组、自动语言处理组 6.产品部门：产品管理团队：产品经理、产品助理产品审计团队：用户体验（UI)设计、界面（UI）设计产品战略与市场：产品战略规划师、市场调研分析师，项目管理团队 7.运营部门：用户运营：负责用户的全生命周期管理、用户分层与精细化运营、用户社区运营内容运营：内容策划与创作、内容分布与推广、内容数据检测与分析活动运营：活动策划、执行、效果评估产品运营：产品功能优化建议、产品上线与推广、数据跟踪与分析数据运营：数据收集与整理、分析与报告、驱动运营与决策） 8.市场与销售部门：新媒体市场部：市场策划团队、品牌管理、市场渠道、数字营销新媒体销售部：销售、大客户管理、销售支持、商务拓展","https://www.zhaopin.com/jobdetail/CCL1297782420J40695699606.htm?refcode=4019&srccode=401901&preactionid=a7c1140f-c46c-45e5-b867-ab342d8bdc77"
3595,技术支持工程师,济南-天桥区,4000-6000元,山东灵犀院科技发展股份有限公司,"学术/科研,科学技术推广,培训/辅导服务,橡胶和塑料制品",100-299人,不需要融资,CC857068610J40691963712,职位描述： 1、负责公司项目产品的现场测量、安装、调试的技术指导及服务工作。 2、建立和维护客户档案，定期了解并记录客户产品使用情况等。 3、与客户沟通定制产品的设计需求，并传达需求至机械设计师进行产品设计。 4、为客户提供技术支持和咨询服务，解答客户在使用过程中遇到的问题，并提供专业的建议和解决方案。 5、负责新产品试制的跟踪及技术服务工作。 任职要求： 1、大专以上学历，了解机械制图和机械原理相关知识，能看懂简单的机械图纸。 2、机械、设备、工程或与煤矿相关的各工科专业。 3、能适应全国范围内短期出差。 4、诚实、敬业、工作积极主动，有较强的责任心。 5、服从分配，听从指挥，并严格遵守公司的各项规章制度和有关规定。 6、学习、接受新事物能力强，良好的沟通和表达能力。,6月12日,公司位于济南市天桥区新材料产业园区，占地40000余平方米，旗下产业涉及新材料研发与制造、生物医药、教育培训、财税咨询、投融资等业务。2000年公司成立开始高端聚氨酯制品以及聚氨酯复合材料制品研发和制造，2005年与法国EXSTO公司成立合资企业，曾与德国Bayer公司合资经营，合资经历使公司聚氨酯产品研发与制造能力达到了国际先进水平，同时有力推动了国内聚氨酯高分子材料研发和应用领域的发展。以“灵犀研究院”为主体创建灵犀萃智教育，平台现拥有山东省院士工作站、济南市院士工作站，汇聚一大批专家教授团队加入皆为践行通过跨平台跨学科的创新教育模式，培养卓越人才的使命。团队是由院士，博士，高校教授，高级职业经理人，投融资专家等近二十位专家学者组成的高级顾问团队，凭借雄厚的科研实力和丰富的实战管理经验，提供具有国际化视野和实用价值的沙龙、讲座、培训、论坛、咨询顾问、创业孵化、投融资衔接等“一站式服务”，帮助创新创业者加速走向成功。教育板块目前运营张天德教授（山东大学）工作室。工作室成立于2017年3月，位于国家数学应用中心。致力于学校基础课程的教学与研究、综合素质评价、优秀师资培养、全国竞赛辅导等工作。张天德教授（山东大学）工作室旨在激发学生学习数学的兴趣，培养学生分析、解决问题的能力，发现和选拔数学创新应用型人才，搭建展示基础学科知识和思维能力的平台。截止2022年9月，工作室已出版“张天德工作室”系列图书60余部，涵盖中学大学专业教材及专升本、数学竞赛、考研辅导工具书。,"https://www.zhaopin.com/jobdetail/CC857068610J40691963712.htm?refcode=4019&srccode=401901&preactionid=a7c1140f-c46c-45e5-b867-ab342d8bdc77"
3596,实施工程师,德州-德城区,5000-10000元,山东旭能新能源科技股份有限公司,"新能源,新材料",20-99人,未融资,CCL1378043090J40752935811,（1）技术开发与实施  - 参与产品/项目的需求分析、方案设计及技术开发，参与完成产品的开发和项目方案的编制。   - 主导或协助技术方案评审，确保方案可行性、安全性与成本可控。  （2）.技术支持与问题解决  - 为生产、销售及客户提供技术指导，快速响应现场故障，分析根因并提出改进措施。   - 编写技术文档（如操作手册、故障处理指南），沉淀解决方案。  （3）.项目管理与协作  - 跟进项目进度，协调跨部门资源，确保按时交付并符合质量标准。   - 协助制定技术标准与流程，推动团队效率提升。  （4）技术研究与创新  - 跟踪行业技术趋势，评估新技术/工具的适用性，推动技术升级与产品迭代。   - 参与专利、技术成果的申报，提升企业技术竞争力。,7月22日,"山东旭能新能源科技股份有限公司成立于2010年，是一家致力于全玻璃双通真空集热管的研发、生产、销售及应用的高新技术企业，公司地处有“中国太阳城”之称的山东省德州市，位于环渤海经济圈、京津冀经济圈、山东半岛蓝色经济区以及黄河三角洲高效生态经济区交汇区域，交通便利，营商环境优越.公司自2010年成立以来，顺应国家节能减排的经济发展要求，不断转型升级，成功开发出直热式全玻璃双通真空集热管。公司始终将技术创新视为企业的核心竞争力、研发人员占比20%以上，研发投入占比30%以上，目前公司拥有30余项自主知识产权的核心专利技术，在太阳能热风应用领域处于世界领先水平，公司开发的直热式全玻璃双通真空集热管及其相关的应用，拓展了太阳能光热的应用场景，引领了太阳能热利用发展新方向公司全方位贴合市场，从用户的角度出发，针对困扰行业内多年的各种难题和痛点,开发出了太阳能双通真空集热器.多能源耦合方案公司根据不同的应用场景量身定做施工方案、产品逐渐发展成为以太阳能烘干系列、太阳能采暖系列、太阳能热水系列为主的三大系列。面向未来公司始终秉承“科技创新、锐意进取”的经营理念，不断致力于技术创新，塑造和培育企业的核心竞争力。充分发挥企业的技术创新优势，为社会创造更高的价值，为实现碳达峰硕中和贡献力量","https://www.zhaopin.com/jobdetail/CCL1378043090J40752935811.htm?refcode=4019&srccode=401901&preactionid=a7c1140f-c46c-45e5-b867-ab342d8bdc77"
3597,Java,长沙-岳麓区,1.2-2.4万,外企德科数字技术有限公司,专业技术服务,10000人以上,,CCL1480117890J40793772505,"岗位需求 1、业务方向：智能汽车（自动驾驶、智能座舱、融合感知、车云、车载网络等）、新能源（光伏、电动、充电桩等）、云&AI/高性能计算、5G、芯片、光通信&应用（光纤、车载光）、路由交换机等。 2、具备良好的计算机、软件工程领域知识，熟悉软件系统设计、开发、测试等研发领域的流程、工程方法和工具； 3、良好的学习能力、团队协作性好，沟通协调能力强； 4、有研发工具模块设计、接口设计、开发经验优先。 专业知识要求： 1、开发工程师 具备1年以上软件开发经验优先，熟悉C/C++、JAVA、JS、python中的至少一种，掌握常见的数据结构、算法； PS:接受24、25届无经验，转行无经验 ,学习能力出色、基础扎实，入职后导师一带一带教培养。 2、软件测试工程师 有相关测试语言/脚本的编写和实践经验优先，也可接受纯测试经验的（具备良好的独立工作能力和解决问题能力，善于沟通，乐于合作，热衷新技术） 3、算法工程师 熟练掌握Java/C/C++/Python其中一个或多个编程语言；熟悉机器学习、深度学习或图像算法。 公司福利： 1. 底薪+绩效+年终奖； 2. 全额缴纳五险一金； 3.带薪年假5-15天，双休； 4.享有健身房、班车、加班打车报销等软性福利。",2025-07-27 00:26:00,外企德科数字技术有限公司是一家2023年新成立的中外合资企业。成立于2023年11月24日，公司定位：专注于为信息技术企业提供人才及数字技术外包解决方案的中外合资企业。它是由中国人力资源服务行业的FESCO（北京国际人力资本集团）与全球人力资源服务领导者The Adecco Group（德科集团）合资成立的。公司主要提供网络技术服务、软件外包服务、计算机系统服务、技术进出口、软件开发等信息技术相关服务。专注于为信息技术企业提供信息技术类人才及数字技术外包解决方案。,"https://www.zhaopin.com/jobdetail/CCL1480117890J40793772505.htm?refcode=4019&srccode=401901&preactionid=a7c1140f-c46c-45e5-b867-ab342d8bdc77"
3598,实施工程师,石家庄-桥西区,6000-12000元,数码大方,"计算机软件,电气机械/电力设备,科学技术推广",500-999人,未融资,CC391669320J40474832705,岗位职责： 1. 负责公司产品技术支持与服务，挖掘引导客户需求，完成售前阶段相关工作，如客户需求调研、方案规划、技术交流、方案讲解、产品演示、投标方案制作等； 2. 负责项目实施、交付管理及售后维护等相关工作； 3. 协同销售进行客户关系维护。 任职要求： 1. 本科及以上学历，机械类、装备制造类、信息管理类相关专业； 2. 较强的沟通理解能力，具备强烈的责任感及团队协作意识，积极主动； 3. 能适应省内出差。 工作地点：北京、天津、江苏、四川、广东、浙江、湖北、陕西、山东、河北、河南等全国范围。,2月10日,数码大方（CAXA）是中国领先的工业软件和工业互联网公司。公司是“智能化协同制造技术及应用”国家工程实验室承建单位，也是国家级高新技术企业、中关村高新技术企业、中关村示范区信用五星级企业、北京市高新技术成果转化示范企业、北京市专利示范单位、工信部首批智能制造系统供应商。数码大方始终坚持技术创新，完全自主研发数字化设计（CAD）、产品全生命周期管理（PLM）、数字化制造（MES）软件，是中国最早从事此领域的软件公司，研发团队拥有多年专业经验积累，具有国际领先技术水平，在北京、南京和美国亚特兰大设有三个研发中心，目前已拥有330余项商标、专利、专利申请及著作权。公司是国家智能制造标准化总体组成员单位、大数据标准工作组全权成员单位、中国信息技术标准化技术委员会委员、北京标准化协会单位会员，牵头或参与国家智能制造标准、工业云、工业大数据、增材制造等标准体系的建设。数码大方致力成为世界一流的工业软件和工业互联网公司！http://www.caxa.com/,"https://www.zhaopin.com/jobdetail/CC391669320J40474832705.htm?refcode=4019&srccode=401901&preactionid=a7c1140f-c46c-45e5-b867-ab342d8bdc77"
3599,Java,广州-荔湾区,8000-12000元,上海职学未来云科技有限公司,计算机软件,20-99人,,CCL1502882140J40762878402,岗位内容： 1. 负责Java应用程序的设计与开发，包括需求分析、系统设计、编码和测试等环节。 2. 研究新技术，不断提升开发效率和程序性能。 3. 改进现有系统、优化系统资源，提高系统稳定性和可靠性。 4. 参与团队内部培训、交流与分享会议，促进整个团队技术水平的提升。 任职要求： 1. 熟悉Java语言，熟练掌握Spring框架及相关开源技术。 2. 具备扎实的计算机基础，熟悉数据结构、算法和网络编程等知识点。 3. 具备初步的Web开发经验，熟悉HTML、CSS、JavaScript等前端技术。 4. 具有较强的自学能力、问题解决能力和团队协作能力。,7月23日,,"https://www.zhaopin.com/jobdetail/CCL1502882140J40762878402.htm?refcode=4019&srccode=401901&preactionid=a7c1140f-c46c-45e5-b867-ab342d8bdc77"
3600,硬件测试,上海-闵行区,7000-9000元,上海广为电器集团有限公司,"电子设备制造,电气机械/电力设备,电子设备制造,人工智能",1000-9999人,未融资,CC844509560J40797070613,工作职责： 1) 负责电源产品的各项性能、功能、可靠性、安规测试； 2） 负责制定测试计划及测试大纲用例，并执行测试； 3) 负责测试异常的反馈，并指导研发人员进行问题整改； 4) 负责元器件的承认测试工作； 5）负责专业的测试报告的编撰； 任职要求： 1) 电力电子、电气自动化或相关专业专科以上学历； 2) 具备一定硬件和软件知识； 3) 能接受加班、学习能力强；,7月8日,上海广为电器集团创立于1997年，是汽车电瓶设备和逆变焊割设备的高端智造者，集团有上海、浙江及海外三个厂区，总部位于上海，是一家集研发、生产、销售于一体的跨国企业集团，拥有雄厚的研发生产能力，先进的自动化及信息化生产线，员工1300余人，资深工程技术研发人员近百人，先后获得国内外有效专利近四百项。集团旗下十多家成员单位，包括上海广为电器工具有限公司、上海广为美线电源电器有限公司、上海广为焊接设备有限公司、上海上泽电源电器有限公司、上海腾焊智能科技有限公司、上海广为实业有限公司、浙江广为电器工具有限公司、嘉兴广为智能机械制造有限公司、嘉兴广为塑料科技有限公司、浙江广为电源科技有限公司、香港广为实业有限公司等。广为坚持“品质为本、创新为魂，不断超越客户需求”的质量方针，以过硬品质打造高端产品，主要产品有：汽车启动电瓶线、多功能汽车应急启动电源、充电机、逆变器、电瓶测试仪、UPS、逆变电焊机、等离子切割机等，在产品开发方面持续创新，推出了多个引领行业趋势的新产品系列，与众多世界级知名品牌的零售商及高端制造商建立了良好的业务往来及深度技术合作，在北美、欧澳等国家和地区占据了稳固的市场份额，近年多项产品出口量排名处于全国行业内前三。广为旗下成员单位曾荣获上海市高新技术企业、上海市创新型企业、上海市科技小巨人企业、上海市知识产权优势企业、上海市著名商标和上海市名牌产品、上海市院士专家工作站、上海企业技术中心、上海市工业设计中心、嘉兴市高新技术研究开发中心、嘉兴市企业技术中心、嘉兴市专利示范企业等多项殊荣，并入选海关总署“中国外贸出口先导指数样本企业”。承担国家级科技计划项目1项，省部级科技计划项目2项，7项专利新产品通过了上海市高新技术成果转化项目认定，同时，产品取得了GS、CE、UL、CB、CE、ETL、CSA、CEC、DOE等多项国际质量、安全、能效认证，以及国内3C认证，在国际市场具有突出的竞争优势。,"https://www.zhaopin.com/jobdetail/CC844509560J40797070613.htm?refcode=4019&srccode=401901&preactionid=a7c1140f-c46c-45e5-b867-ab342d8bdc77"
3601,测试工程师,泉州-鲤城区,4000-6000元·13薪,火炬电子,电子/半导体/集成电路,1000-9999人,已上市,CC449413420J40779818205,岗位职责： 1、负责电容器产品性能的检验、物理试验、环境试验、机械试验与方法优化等，并编写检验SOP及作业指导书； 2、设计并实施可靠性相关测试方案。 任职要求： 1、本科以上，物理、电子技术及机械电子等专业 2、工作态度踏实认真、细心、有责任心，能吃苦有耐性； 3、具有电子产品基础知识； 4、熟悉电子元器件检测技术，具有文字表达及计算机办公文档处理能力。,7月25日,火炬电子始创于1989年，作为我国首批通过宇航级产品认证的企业之一，公司产品广泛应用于航空、航天、船舶以及通讯、电力、轨道交通、新能源等领域。2015年1月，公司在上海证券交易所上市（股票代码：603678）。公司系国家高新技术企业，连续12年位列中国电子元器件百强企业榜单。拥有CNAS实验室认可的火炬电子实验室、省级企业技术中心、省级工程技术研究中心，设立国家博士后科研工作站，先后通过ISO9001质量管理体系、ISO14001环境管理体系、ISO45001职业健康安全管理体系、SA8000社会责任管理体系认证和IATF16949质量管理体系等资质认证。秉承“国家·责任·全球竞争”的使命，公司布局“元器件、新材料和国际贸易”三大战略板块，构建泉州、广州和成都三大生产基地，北京、上海、深圳三大运营中心。全力推进产品核心技术的自主研发，在推动内生增长的同时，积极向具有渠道和技术协同效应的其他类型元器件产品延伸，以“传承创新、百年火炬”为企业愿景，用高质量、高效率的发展促进产业升级，为我国电子元器件和新材料产业的发展做出贡献。,"https://www.zhaopin.com/jobdetail/CC449413420J40779818205.htm?refcode=4019&srccode=401901&preactionid=a7c1140f-c46c-45e5-b867-ab342d8bdc77"
3602,C/C++,深圳-None,3-6万,智联猎头,"互联网,人力资源服务",1000-9999人,不需要融资,CCL1318355140J40182009203,"岗位职责：  建立量化研究的基础架构, 负责团队各类系统的搭建及完善，开发面向海量金融数据的分布式架构   ",7月26日,智联猎头作为智联招聘旗下品牌，以满足企业中高端岗位的人才招聘需求为出发点，整合全球优质资源，覆盖数字经济、新一代信息技术、人工智能、金融、电子信息、装备制造、生物医药与健康、房地产/建筑等数十个行业，拥有规模庞大、覆盖面广的交付团队，致力于向企业输出专业化的招聘解决方案。智联猎头目前拥有卓聘平台服务、招聘流程外包服务、高端人才猎寻服务三大类核心服务，具备高度定制化能力，能够为不同发展阶段的企业提供一站式招聘解决方案，同时为企业转型升级提供保障，全面增强企业核心竞争力！智联猎头利用自身独特的资源优势、成熟的服务模式，以及多层次的产品，致力于打造高效、专业的一站式人才服务模式，让招聘更加美好！,"https://www.zhaopin.com/jobdetail/CCL1318355140J40182009203.htm?refcode=4019&srccode=401901&preactionid=a7c1140f-c46c-45e5-b867-ab342d8bdc77"
3603,前端开发,聊城-东昌府区,140-150元/天,聊城金恒智慧城市运营有限公司,"网络/信息安全,云计算/大数据,物联网,计算机软件",20-99人,不需要融资,CCL1247232650J40260125816,岗位要求：,7月22日,聊城金恒智慧城市运营有限公司于2020年初由聊城市财金建设发展有限公司、杭州安恒信息技术股份有限公司共同出资设立，为聊城市“双招双引”重点项目。公司主要经营智慧城市开发、建设、运营及管理；物联网、城市智能化系统建设等。当前，公司已与聊城市大数据局签订战略合作框架协议。参与建设聊城市政务云一期工程、二期工程，数据治理项目，和在建政务云扩容、运维、运营工作。计划打造城市级安全运营中心建设完成后将更好地辅助市网信办、网安等政府主要部门参与城市安全建设，为网络安全生态建设、网络安全人才培养、数字经济产业等提供帮助，携手聊城市人民政府共同打造安全生态体系。,"https://www.zhaopin.com/jobdetail/CCL1247232650J40260125816.htm?refcode=4019&srccode=401901&preactionid=a7c1140f-c46c-45e5-b867-ab342d8bdc77"
3604,科研人员,沈阳-浑南区,1-1.8万,中国科学院沈阳自动化研究所,"学术/科研,云计算/大数据",1000-9999人,未融资,CC200588210J40509555112,需求专业：0802 机械工程 等相关专业 学历学位要求：硕士研究生 工作职责：负责设计智能工艺装备机械结构，熟悉机械加工工艺，能够完成项目各阶段相关技术文件和项目申报材料的撰写。 其他要求：了解机械设计、制造的流程及生产工艺；熟练使用Solidworks、AutoCAD等，具有良好的沟通能力和协调能力，适应出差要求。 课题组介绍：主要研究方向为与智能制造相关的机电装备、检测仪表与控制系统、数字孪生系统的设计、开发和工程实施。目前承担工信部、科技部、省市地方和企业委托等多个项目。,6月24日,中国科学院沈阳自动化研究所成立于1958年，位于东北亚中心城市、历史文化名城——沈阳，目前全所员工1300余人。研究所主要研究方向为机器人、智能制造和光电信息处理。六十多年来，沈阳自动化所在自动化科学与工程领域不断探索，为满足国家战略需求、国民经济和社会发展做出了突出贡献。研究所的科研成果得到了国内外领导人和社会媒体的广泛关注，连续两次入选由两院院士评选出的中国十大科技进展，获得国家、中科院、各部委及地方奖励300余项。作为中国机器人事业的摇篮，在中国机器人事业发展历史上创造了二十多个第一，引领中国机器人技术的研究发展。研究所是机器人学国家重点实验室、机器人技术国家工程研究中心、国家机器人质量监督检验中心、国家机器人检测与评定中心、国家机器人标准化总体组秘书处等多个国家级平台的依托单位，具有优良的科研、试验、工作条件。拥有中国机器人领域龙头企业——新松公司、中科博微、新松医疗、芯源微电子等十余家高技术企业，其中四家已上市。研究所依托两个国家级国际合作基地，先进机器人学与机构学国际联合研究中心、工业物联网技术国际联合研究中心，与科技发达国家与地区的科研机构签署战略合作协议，开展深入合作研究及联合试验，在基础研究及应用研究领域取得了丰硕成果。通过引进和培养，形成了一支由中国工程院院士、海外高层次人才引进专家及国家杰出青年基金获得者、国家科技计划领域专家、优秀青年基金获得者等组成的高层次人才团队。 2015年，研究所获批建设中国科学院机器人与智能制造研究院。2018年，与中国科学院大学成立了机器人与智能制造学院。2019年，研究所入驻位于沈阳市浑南新区的近600亩新园区。研究所在长三角、珠三角地区的广州、等地拥有6个分支机构，深度参与粤港澳大湾区建设。研究所发展快速、科研经费充足，为构建国际一流的国立科研机构，现面向全球招聘自动化领域各类层次人才。,"https://www.zhaopin.com/jobdetail/CC200588210J40509555112.htm?refcode=4019&srccode=401901&preactionid=a7c1140f-c46c-45e5-b867-ab342d8bdc77"
3605,C/C++,武汉-江夏区,1.5-3万·16薪,陕西慧云联达企业管理咨询有限公司,人力资源服务,20-99人,不需要融资,CCL1445845820J40795226405,职位描述： 1.负责产品系统的C/C++开发工作，实现低延迟、高可靠性的数据处理和通信功能； 2.优化产品系统的性能，确保数据的实时性和准确性； 3.参与产品系统的设计和测试工作，保障系统的稳定性和安全性； 4.与团队成员协作，完成实时系统的集成和部署工作； 5.关注产品系统领域的技术发展，为团队提供技术支持和创新思路。 职位要求： 1.计算机或相关专业，统招本科及以上学历； 2.熟悉C/C++编程，具备扎实的编程基础和良好的编码习惯； 3.了解产品系统的原理和要求，具备实时性优化的经验； 4.熟悉多线程、实时通信、同步机制等关键技术； 5.具备良好的沟通能力和团队合作精神，能够承受一定的工作压力。,7月19日,陕西慧云联达企业管理咨询有限公司成立于2022年9月，是一家集高端猎头服务与专业代理记账报税业务于一体的综合性企业服务提供商。自成立以来，我们秉承“智聚英才，财通未来”的企业理念，致力于为国内外企业客户提供精准高效的人力资源解决方案及一站式财务管理服务，助力企业稳健成长，共创辉煌。,"https://www.zhaopin.com/jobdetail/CCL1445845820J40795226405.htm?refcode=4019&srccode=401901&preactionid=a7c1140f-c46c-45e5-b867-ab342d8bdc77"
3606,Java,福州-鼓楼区,7000-13000元·15薪,福建闽光软件股份有限公司,"计算机软件,IT服务,互联网,计算机硬件",100-299人,未融资,CC413812830J40080901904,职位简介： （1）负责信息系统项目的实施工作，全程参与需求分析、概要设计、详细设计、编码实现和系统上线； （2）与客户沟通，完成定制化开发和相关需求分析与文档编写工作； （3）负责已有系统的维护工作，对已有系统进行优化修改，确保系统稳定可靠运行； （4）参与软件开发和维护过程中技术问题的解决，参与软件安装调试、用户培训和项目推广。 基本要求： （1）计算机应用、软件开发等相关专业； （2）熟悉Oracle、Mysql等数据库应用开发； （3）熟悉.C#、net、JAVA开发语言者优先； （4）具有.net、JAVA、Python等项目开发经验者优先； （5）能适应出差，具有良好的沟通能力和团队协作精神； 职位福利：五险一金、年底双薪、绩效奖金、带薪年假、加班补助、餐补、项目奖金、周末双休 ,12月17日,福建闽光软件股份有限公司（以下简称闽光软件）是三钢集团的控股子公司。三钢集团是以钢铁业为主、多元产业并举的跨行业、跨地区、跨所有制的大型企业集团，其旗下福建三钢闽光股份有限公司（股票代码002110）在2022年《财富》中国500强排行榜中位列第220位。闽光软件前身为三钢集团的信息技术公司，成立于2000年，是三钢集团信息化建设规划、管理及执行的负责单位。闽光软件通过深度参与企业信息化规划与项目建设，拥有经验丰富的信息化及相关专业技术研发、服务支撑团队，现拥有系统分析师、项目管理师、网络工程师、数据库系统工程师，软件设计师及炼钢、轧钢、自动化等各类专业技术人才及职能管理团队共140余人。闽光软件已通过国家高新技术企业，ISO质量管理体系认证、IT信息技术服务及IS信息安全管理体系认证，信息软件企业、软件产品认证，信息系统集成资质认证，形成具有自主知识产权的MES（生产制造执行系统）、EMS（能源管控系统）、大数据监控与管理系统等为核心的信息化整体解决方案。闽光软件致力成长为企业信息化全面解决方案供应商、信息化和自动化综合系统集成和技术服务提供商，可提供以软件为核心带动硬件和系统集成，为用户提供技术咨询、项目规划、系统设计、定制开发、设备成套、现场安装、人员培训、系统调试直至售后技术服务的一站式信息化服务。,"https://www.zhaopin.com/jobdetail/CC413812830J40080901904.htm?refcode=4019&srccode=401901&preactionid=a7c1140f-c46c-45e5-b867-ab342d8bdc77"
3607,Java,杭州-滨江区,1.6-3万·14薪,外企德科数字技术有限公司,专业技术服务,10000人以上,,CCL1480117890J40786015705,工作内容: 1.负责研发领域IT系统技术方案的设计，开发等工作; 2.负责项目开发过程中的技术攻关及解决运行中出现的技术问题; 3.负责产品核心模块的代码编写和测试; 4.负责产品疑难问题的分析和定位。 岗位要求: 1.统招学历学位证，毕业证，学信网可查; 2.热爱编程，基础扎实，熟悉掌握但不限于JAVA/Python/JS/HTML/GO/C/C++/C#等编程语言中的一种或数种，有良好的编程 习惯; 3.具备独立工作能力和解决问题的能力、善于沟通、乐于合作、热衷新技术、善于总结分享，喜欢动手实践;,2025-07-27 00:25:27,外企德科数字技术有限公司是一家2023年新成立的中外合资企业。成立于2023年11月24日，公司定位：专注于为信息技术企业提供人才及数字技术外包解决方案的中外合资企业。它是由中国人力资源服务行业的FESCO（北京国际人力资本集团）与全球人力资源服务领导者The Adecco Group（德科集团）合资成立的。公司主要提供网络技术服务、软件外包服务、计算机系统服务、技术进出口、软件开发等信息技术相关服务。专注于为信息技术企业提供信息技术类人才及数字技术外包解决方案。,"https://www.zhaopin.com/jobdetail/CCL1480117890J40786015705.htm?refcode=4019&srccode=401901&preactionid=a7c1140f-c46c-45e5-b867-ab342d8bdc77"
3608,测试工程师,深圳-南山区,5000-7000元·13薪,深圳市创智星科技有限公司,"计算机软件,计算机软件,互联网,IT服务",100-299人,未融资,CCL1436467550J40780447203,工作职责： 1、协助工程师做辅助性的助理工作，记录工程师在工作当中遇到的问题并且归档，协 助工程师做测试报告； 2、前期辅助工程师完成相关软件的设计、开发、测试工作； 3、完成主管领导交代的其他相关工作。 任职要求： 1、大专以上学历，可接受今年应届生，23-32岁 不符勿扰！ 2、思路清楚，有基本的编程素质，有良好的表达与沟通能力； 3、对互联网行业感兴趣，有一定的逻辑思维能力； 4、熟练使用相关办公软件，具备基本的网络知识； 5、具有良好的职业道德，工作细心，责任心强； 福利待遇： 1、五天7.5小时小时工作制，周末双休，享受法定节假日以及节日福利； 2、签订正式劳动合同，入职享受国家规定的五险一金； 3、每月举行员工生日会，季度出国旅游，定期公司聚餐； 4、带薪休假，项目奖金，季度奖金，人身意外伤害商业保险等； 5、可享受公司组织的：国内外旅游、部门聚餐、公司聚餐、年底分红、国外年会等 等！ 6、舒适优雅的办公坏境；优越的福利保障；富有竞争力的薪酬；,6月16日,深圳市创智星科技有限公司成立于2015年是一家计算机软硬件和手机第三方应用程序的设计、技术开发与销售，平均年龄90后年轻团队！ 90后管理层，沟通无障碍，氛围很轻松。欢迎脑洞星人的加入~~我们非常乐意接受各种创新有意义的方案，愿意聆听不同的声音。你怀才不遇？正好，我们老板怀财不遇。总体来说，我们的团队：针不戳！【福利待遇】 1、双休，5-15天带薪年假，婚丧育带薪休假； 2、养老、医疗、生育、工伤、失业、住房公积金； 3、提供工龄工资、伯乐奖、项目激励奖、节日礼品、婚丧育礼金； 4、公司为各部门提供团队建设费用，用于日常部门组织活动； 5、新员工导师制、技术培训、大牛分享，外部聘请讲师或外派培训等各类培训机会； 6、每年举办年会、组织员工旅游，不定期组织各类文体活动丰富业余文化生活； 7、公司设有羽毛球、足球、篮球、乒乓球、马拉松俱乐部； 8、重点：创智星小伙伴期盼您的到来。,"https://www.zhaopin.com/jobdetail/CCL1436467550J40780447203.htm?refcode=4019&srccode=401901&preactionid=a7c1140f-c46c-45e5-b867-ab342d8bdc77"
3609,Java,沈阳-浑南区,120-140元/天,东软集团,"计算机软件,互联网",500-999人,已上市,CC120399300J40842567115,,5月8日,东软创立于1991年，是中国第一家上市的软件公司，一直以来致力于以信息技术的创新，推动社会发展，创造美好生活。东软集团以软件技术为核心，业务领域覆盖智慧城市、医疗健康、智能汽车互联及软件产品与服务。目前，东软在全球拥有近20000名员工，在中国建立了覆盖60多个城市的研发、销售及服务网络，在美国、日本、欧洲等地设有子公司。此外，东软连续四次入选普华永道“全球软件百强企业”，还曾荣获最具全球竞争力中国公司20强、中国50强全球挑战者、亚洲最受赏识的知识型企业、亚太地区最佳雇主等奖项。,"https://www.zhaopin.com/jobdetail/CC120399300J40842567115.htm?refcode=4019&srccode=401901&preactionid=a7c1140f-c46c-45e5-b867-ab342d8bdc77"
3610,测试工程师,成都-双流区,4000-6000元,成都太铂莱科技有限责任公司,电子/半导体/集成电路,20人以下,未融资,CCL1443903070J40830761115,岗位内容： 1. 执行硬件测试任务，并维护测试数据和文档； 2. 跟进测试过程中发现的问题，协助解决硬件缺陷； 3. 收集硬件测试需求，推动测试工具和方法的改进。 任职要求： 1. 熟悉常用的硬件测试方法和工具，有相关经验者优先考虑； 2. 善于沟通和协作，具有良好的团队合作精神； 3. 具备较强的学习和自我提升意愿，能够快速适应新环境和新技术。,4月7日,成都太铂莱科技有限责任公司，为安徽中科太赫兹科技有限公司的子公司，是一家主要从事太赫兹检测技术研发的科技企业。公司业务领域包括研发和生产小型低功耗太赫兹源、太赫兹通信组件、太赫兹成像系统、太赫兹人体安检设备、太赫兹工业无损检测系统等太赫兹家族相关产品。公司创始团队由中科院、清华大学、西南交通大学等多所知名高校院所背景及具备丰富企业管理经验的专家组成，有近20多年的太赫兹激光技术沉淀，在太赫兹激光源、太赫兹成像、太赫兹激光干涉仪等领域处于国际领先水平，同时具备国内外领先的太赫兹波源及其配套的AI成像算法、软件开发等相关成套系统的研发和生产经验。,"https://www.zhaopin.com/jobdetail/CCL1443903070J40830761115.htm?refcode=4019&srccode=401901&preactionid=a7c1140f-c46c-45e5-b867-ab342d8bdc77"
3611,测试工程师,濮阳-华龙区,7000-14000元·13薪,河北蓝潮信息技术有限公司,计算机软件,100-299人,A轮,CCL1461446860J40612508506,岗位职责:,7月25日,河北蓝潮信息技术有限公司是一家以人为本的公司，公司成立于2016年9月27日，公司环境好，员工关系融洽，有五险，年终奖，带薪休假，平常也有员工旅游，领导nice，我们最在乎创新，允许各种方式存在，是一个团结有爱的大家庭🌻🌻🌻,"https://www.zhaopin.com/jobdetail/CCL1461446860J40612508506.htm?refcode=4019&srccode=401901&preactionid=a7c1140f-c46c-45e5-b867-ab342d8bdc77"
3612,科研人员,杭州-余杭区,3-3.5万,北京百川聚才人力资源顾问有限公司,"互联网,计算机软件",1000-9999人,未融资,CC646134130J40302837306,一、岗位要求： 1、取得博士学位（不限海内外），不限国籍；  2、尚未来华，或2024年1月1日后来华；,2月20日,锐仕方达成立于2008年5月，总部设在北京，在全球包括旧金山、香港特别行政区、伦敦、东京等地设有73个分公司，是中国首家获得AAAA评级的猎头机构，目前员工数量超过1800人，是亚太地区领先的高端招聘服务机构。公司自主研发了全球领先的IT信息系统，储备了超过600万的高端人才资源库，和全球超过2万家知名企业建立了合作，在业内有着极高的声誉和影响力。 2016年公司走上全球化道路，2017年公司内部按照每股净资产价格发行“虚拟受限股”，组织升级为人力资本集团，开始依托自有庞大的优质数据资源，在金融、地产、投资、高科技、教育、健康等领域布局。 2017年锐仕方达成功转型为集团，同年成立RPO子品牌百川聚才，目前团队规模近100人，分别在北京、上海、广州和深圳设立分支机构。 RPO执行团队成员均为3年以上丰富项目运作经验组成，公司以精细化、标准化招聘项目管理流程为客户提供定制化解决方案的招聘服务。,"https://www.zhaopin.com/jobdetail/CC646134130J40302837306.htm?refcode=4019&srccode=401901&preactionid=a7c1140f-c46c-45e5-b867-ab342d8bdc77"
3613,Java,武汉-洪山区,120-150元/天,安徽中船璞华科技有限公司,"IT服务,计算机软件,电子/半导体/集成电路",100-299人,A轮,CC611133930J40388966313,1、本科及以上学历，计算机、应用数学或其他相关专业； 2、拥有良好的面向对象编程基础，了解数据库； 3、熟悉常用的Java后台技术； 4、沟通能力较强，工作主动性强，善于思考，有团队协作精神。 岗位职责： 1、了解公司开发体系与架构； 2、参与软件、系统的概要设计和详细设计； 3、参与负责编码实现，确保产品的质量、安全和性能； 4、完成其他领导交办的工作。  5、2026届毕业生，优秀可转正。,7月2日,璞华大数据技术有限公司成立于2014年，是璞华科技集团成员企业。安徽璞华是璞华大数据与中国船舶工业集团下属中国船舶综合技术经济研究院、合肥高新建设投资集团共同发起创立的，同年在北京设立北京深海智科技术有限公司。公司将大数据技术、AI技术与垂直领域行业知识相结合，重点聚焦于IOT领域的数据价值挖掘，提供面向工业物联网的设备服务生命周期管理产品及解决方案，产品线包括EAM、ITSM、IETM、工业物联网、MES、数字孪生等。公司长期深耕垂直细分领域，服务行业覆盖军、民领域，包括智慧工厂、轨道交通、设备运维、物联网应用、航天、船舶等行业市场。自成立以来，璞华大数据始终坚持自主创新，保持着持续的高增长，产品及服务获得了行业的广泛认可。公司官网：https://www.purvardata.com/。集团官网：www.purvar.com合肥公司地址：安合肥市蜀山区创新产业园2期C座20层北京公司地址：北京市海淀区中关村南大街乙12号天作国际中心Ｂ座7层武汉公司地址：武汉市东湖高新区高新大道668号光谷金融中心A座11层,"https://www.zhaopin.com/jobdetail/CC611133930J40388966313.htm?refcode=4019&srccode=401901&preactionid=a7c1140f-c46c-45e5-b867-ab342d8bdc77"
3614,技术支持工程师,长沙-岳麓区,8000-16000元,青岛安然物联网科技有限公司,"物联网,物联网",20-99人,未融资,CC559764920J40565721304,需要弱电技术、自动化、安防系统、工业互联网+危化安全生产、物联网人才，不要纯软件人才。  你能经常到全国各地出差吗？你能到工业生产现场生产现场做技术支持吗？     真正的奋斗者在安然会有让人值得为之奋斗的事业，会有充实、高效的成长，会有高人一等的收入。,7月22日,基于精准人员定位的工业安全生产信息化管理专家，安全生产信息化管理引领者！作为全国实时定位技术标准工作组成员和应急管理部“工业互联网+危化安全生产”人员定位系统技术支持机构，安然从2012年起致力于基于ZigBee Plus三维立体按需精准定位的“工业互联网+安全生产”的研究，获得了20多项安全智能管控系统发明专利和著作权，持续引领中国化工行业生产现场智慧安全！安然以“准、稳、狠”的ZigBee Plus三维立体按需精准人员定位统和“底数清、数据准、情况明、研判准、措施实”的安全生产信息化平台为核心，整合访客管理、出入口控制、人脸识别、视频监控、语音广播、重大危险源监控、可燃有毒气体监测等系统，对生产现场人、机、料、法、环五大要素进行实时、动态、智能管控和预警，规范人的安全行为，保障人的生命安全，有效防范风险、主动化解风险，实现智慧安全。安然“以用为本”，把安全生产信息化建设与公司管理体系“深度融合”，把安全生产信息化建设与日常工作“紧密结合”，对安全生产切实“有用、实用、好用”，避免建用“两张皮”，让安全管控更智能，让生产更高效才实用。迄今已服务中石化、中石油、延长石油、国能、兖矿、京能、索普、新安、奇美、昊源、潞安、旭阳、垦利、逸盛、海科、酒钢、金发等几百家石化、化工、选煤、钢铁、电厂企业。安然以客户为中心，以强者为本，抬头乐干，愿意与同道中人联合、链接，携手共建、共用、共享生产安全命运共同体，一起干，一起干，让优秀企业更安全，让优秀企业更高效！,"https://www.zhaopin.com/jobdetail/CC559764920J40565721304.htm?refcode=4019&srccode=401901&preactionid=a7c1140f-c46c-45e5-b867-ab342d8bdc77"
3615,科研人员,滁州-琅琊区,2.5-3.5万,广东先导稀材股份有限公司,"化工,化工",1000-9999人,B轮,CC268804910J40802387804,岗位方向： 外延材料生长、外延芯片研发、外延材料验证、特种激光器（准分子激光器研发）、医疗探测（核辐射探测相关）、量子点芯片； 岗位要求： 2025届应届博士研究生，专业/研究方向需相关。,6月29日,先导科技集团是全球唯一稀散金属全产业链的国家高新技术企业，业务包括稀散金属，高端材料，器件，模组系统的生产，研发，销售和回收服务，先导科技集团实践垂直一体化发展战略，聚焦快速发展的高科技产业，在稀有金属、先进材料和资源回收业务的基础上，重点布局下游器件、模组、系统等领域。行业地位：全球稀有金属市场的重要生产企业，首个实现国产化大尺寸 ITO旋转靶的供应商，全球三大红外材料供应商之一，化合物半导体衬底产品的核心供应商，也是全球知名薄膜太阳能生产商的战略合作伙伴。产品应用：半导体、微电子、5G通讯、光伏、LED照明、红外光学显示、辐射探测、制药等。,"https://www.zhaopin.com/jobdetail/CC268804910J40802387804.htm?refcode=4019&srccode=401901&preactionid=a7c1140f-c46c-45e5-b867-ab342d8bdc77"
3616,C/C++,济南-历下区,1.2-1.8万,山东科汇电力自动化股份有限公司,"仪器仪表制造,电气机械/电力设备,仪器仪表制造,计算机软件",500-999人,已上市,CC623621220J40780622605,岗位职责：  一、完成系统软件的设计、开发及测试        1、进行软件设计的调研活动；,5月29日,山东科汇电力自动化股份有限公司（简称：科汇股份，证券代码：688681）地处鲁中工业名城淄博，在济南、青岛、武汉和英国伦敦设有全资子公司，在北京、上海、广州、成都、福州等十余个城市设有销售、服务中心。科汇股份致力于电力线路故障监测、配电自动化与物联网应用、开关磁阻电机驱动与智慧工厂技术的研发和产业化，拥有一支以徐丙垠教授为学术带头人，博士、硕士为主的专业研发团队，产学研氛围浓厚，科研环境优良。先后承担了多项国家863计划重大专项子课题、国家重点新产品计划和省自主创新成果转化重大专项等科技计划项目；获得国家技术发明二等奖1项、四等奖1项和省部级技术发明奖、科技进步奖12项，拥有形成核心技术及主营产品的国内外专利50余项。科汇股份产品广泛应用于电力系统、厂矿企业和终端用户，遍布全国各地、出口30多个国家和地区。国内第一条1000kV特高压输电线路、第一条±800kV直流输电线路和阿根廷国家电网公司输电线路故障行波测距工程；国家电网第一批配电自动化试点城市杭州、厦门配电终端工程；国内第一条时速250km客运专线“合宁铁路”电力远动工程；国内外单机功率最大的630kW开关磁阻电机驱动系统应用于8kt电动螺旋压力机工程等典型案例，获得用户一致好评。开启新时代，踏上新征程。秉承“以人为本、不断创新、持续改进、健康发展”的理念，科汇股份将不忘初心，胸怀使命，持续为用户奉献电气自动化与工业物联网创新解决方案。,"https://www.zhaopin.com/jobdetail/CC623621220J40780622605.htm?refcode=4019&srccode=401901&preactionid=a7c1140f-c46c-45e5-b867-ab342d8bdc77"
3617,软件测试,大连-甘井子区,150-200元/天,大连高新园区宏冉计算机软件开发有限公司,计算机软件,20-99人,,CCL1479641750J40711117209,岗位内容： 1. 设计并执行测试用例，记录测试结果并准备测试报告。 2. 协调开发人员、项目经理和测试团队成员，以确保遵守时间表和产品质量标准。 3. 使用自动化测试框架和工具来提高测试效率和覆盖率。 4. 不断改进测试流程和方法，以提高质量和效率。 5. 关注产品质量和客户需求，确保稳定、可靠和用户友好的软件交付。 任职要求： 1. 熟悉软件测试方法和流程。 2. 接受实习生，实习可转正，短期实习不要，看准了再投递。 3. 具备良好的团队合作精神和沟通能力。 4. 能够承受压力，在快节奏的环境中高效工作。 5. 有问题解决的能力和主动学习的态度。,4月28日,,"https://www.zhaopin.com/jobdetail/CCL1479641750J40711117209.htm?refcode=4019&srccode=401901&preactionid=a7c1140f-c46c-45e5-b867-ab342d8bdc77"
3618,测试工程师,赣州-信丰县,8000-10000元,绿萌科技股份有限公司,"电气机械/电力设备,农/林/牧/渔",1000-9999人,A轮,CC671692220J40281239412,工作职责：,7月24日,绿萌创立于2001年，是中国领先的果蔬采后处理装备整体解决方案，国家高新技术企业、国家重点“小巨人”企业。公司联合中科院微电子所、华中农业大学等，应用机器视觉、高光谱、人工智能、大数据、绿色保鲜等先进技术，研制的果蔬采后智能装备核心技术达国际领先水平，被邓院士评价为我国农机领域唯一能够参与国际竞争并取得领先优势、实现规模化出口的成果。,"https://www.zhaopin.com/jobdetail/CC671692220J40281239412.htm?refcode=4019&srccode=401901&preactionid=a7c1140f-c46c-45e5-b867-ab342d8bdc77"
3619,科研人员,青岛-崂山区,3-5万,北京航空航天大学青岛研究院,"学术/科研,电子/半导体/集成电路,科学技术推广,人工智能",100-299人,未融资,CC426302030J40709890014,一、职位描述： 1、基于北航－致真集成电路装备联合实验室的实验条件，开展AI for Science、AI for Instruments、AI for Lab方向的研究； 2、开展仪器设备互联，设计用户交互方式等，结合大模型等AI手段进行数据挖掘，仪器智能化升级等工作，实现AI在仪器科学领域的落地示范应用； 3、组织/协助团队申报科研项目，开展项目研究，持续发展AI在仪器和智能实验室领域的应用； 4、与北航相关学科性公司合作，推动研究成果转化和产业应用。二、能力要求：  1、AI、计算机、应用物理、仪器科学、材料科学等相关领域博士学位。  2、熟悉AI应用或者科研仪器的运行原理及典型应用场景。  3、对AI技术有浓厚兴趣，能够提出创新性解决方案。  4、在AI相关产品开发或应用领域有成功案例者优先。,7月28日,北京航空航天大学青岛研究院于2016年5月28日揭牌成立，由北京航空航天大学与青岛市人民政府、青岛市崂山区人民政府、歌尔集团四方共建，按照产教融合、校企协同、学科交叉、国际合作的发展思路，充分发挥青岛的政策优势、产业优势、区位优势和北航的学科优势、科研优势、人才优势，以及歌尔集团的行业优势、研发优势、市场优势，开展高起点、多领域、全方位的交流与合作，逐步建立政产学研结合的创新体系，致力于打造高水平的科研创新基地和高质量的人才培养基地，促进成果转化，共同构建协同创新发展的典范。目前拥有教研楼、实验室、学生公寓、学生餐厅、办公楼以及地下附属设施共10万平米，园区绿化面积近2万平米，具备可满足600余名研究生教学、科研、生活、创新创业及文化交流的一流科研创新创业环境。北航青岛研究院已获批省博士后创新实践基地、省高等学校协同创新中心，2017、2018、2019年3年招收培养博士、硕士研究生共计350名，园区内各类科技人员近600人。北航青岛研究院目前已建成虚拟现实、微电子、精密仪器与光电、新材料、空天技术应用、歌尔未来科技等六个创新技术与产业化融合的科创平台，设立了教育培训事业部、科技园事业部、智慧园区事业部等3个业务拓展平台，汇聚了一大批北航及国内外顶尖学者和专家团队。虚拟现实研究院依托所两所国家级重点实验室——北航虚拟现实技术与系统国家重点实验室及“互联网＋”领域全国唯一一个虚拟现实/增强现实技术与应用国家工程实验室，重点围绕虚拟现实+教育、虚拟现实+智慧城市、虚拟现实+文化旅游等领域开展研究及开发工作；微电子研究院已建成国际一流的500平米千级超净实验室与500平米传感器交叉学科实验室，配备世界领先的微纳电子传感器研发设备和生物医学、光学、电子学基础实验设备，开展面向传感器研发的微纳加工技术研究及综合测试等能力；新材料研究院依托北航徐惠彬院士、英国帝国理工林建国院士、上海交大丁文江院士等材料领域顶尖团队，在研究院和崂山区政府大力支持下，与孵化企业共同创建了汽车轻量化工程中心，已建成一条完整的熔炼、铸造、热处理、机加工、检测中试线，形成研发与中试能力；精密仪器与光电研究院聚焦三维视觉测量系统、智能制造装备、微小型姿态测量装置等研究方向，进行创新性技术研究和技术产业化应用研究；空天技术应用研究院依托北航一流的空天信息学科资源和新一代空天信息技术产业化科研平台，重点在无人机系统应用、卫星系统应用、空天地海大数据应用及航空航天文化教育培训等领域开展科学研究、人才培养和科技成果转化工作；歌尔未来科技研究院主要布局在智能制造、工业自动化、光学设计及精密加工、传感器设计及封装、机器视觉及检测等方面的预研及产业化项目。北航青岛研究院的建设发展，是北航与青岛全面深化校市合作，联合歌尔集团在崂山区积极探索政产学研合作模式的创新之举，掀开了校地企互利共赢、协同创新的崭新篇章。北航青岛研究院将聚焦服务于学校的“双一流”建设，充分发挥学校在学科、人才和科研等方面的优势，紧紧围绕国家战略需求和青岛社会经济发展需要，精准契合青岛新旧动能转换契机，以专业优势推动青岛市打造中国“虚拟现实产业之都”、“崂山芯谷”的重要发展战略，创新合作体制机制，打造政产学研结合的校市协同创新平台，进一步拓展领域、提升层次，助力崂山建设青岛中央创新区，全力服务青岛产业结构升级，为国家和青岛市经济的发展做出更多更大的贡献！,"https://www.zhaopin.com/jobdetail/CC426302030J40709890014.htm?refcode=4019&srccode=401901&preactionid=a7c1140f-c46c-45e5-b867-ab342d8bdc77"
3620,实施工程师,长治-屯留区,9000-18000元,青岛安然物联网科技有限公司,"物联网,物联网",20-99人,未融资,CC559764920J40823805104,需要弱电技术、自动化、安防系统、工业互联网+危化安全生产、物联网人才，不要纯软件人才。 你能经常到全国各地出差吗？你能到工业生产现场生产现场做技术支持吗？  真正的奋斗者在安然会有让人值得为之奋斗的事业，会有充实、高效的成长，会有高人一等的收入。  你能做好售前技术支持、根据客户需求，高效制作方案吗？你能做好售中技术支持、指导他人正确安装、部署、调试系统向用户保质保量快速交付吗？你能做好售后维护，高效沟通和落实客户需求吗？  迄今已服务中石化、中石油、延长石油、国能、兖矿、京能、索普、新安、奇美、昊源、潞安、旭阳、垦利、逸盛、海科、酒钢、金发等几百家石化、化工、选煤、钢铁、电厂企业。   安然以客户为中心，以强者为本，抬头乐干，愿意与同道中人联合、链接，携手共建、共用、共享生产安全命运共同体，一起干，一起干，让优秀企业更安全，让优秀企业更高效！,7月8日,基于精准人员定位的工业安全生产信息化管理专家，安全生产信息化管理引领者！作为全国实时定位技术标准工作组成员和应急管理部“工业互联网+危化安全生产”人员定位系统技术支持机构，安然从2012年起致力于基于ZigBee Plus三维立体按需精准定位的“工业互联网+安全生产”的研究，获得了20多项安全智能管控系统发明专利和著作权，持续引领中国化工行业生产现场智慧安全！安然以“准、稳、狠”的ZigBee Plus三维立体按需精准人员定位统和“底数清、数据准、情况明、研判准、措施实”的安全生产信息化平台为核心，整合访客管理、出入口控制、人脸识别、视频监控、语音广播、重大危险源监控、可燃有毒气体监测等系统，对生产现场人、机、料、法、环五大要素进行实时、动态、智能管控和预警，规范人的安全行为，保障人的生命安全，有效防范风险、主动化解风险，实现智慧安全。安然“以用为本”，把安全生产信息化建设与公司管理体系“深度融合”，把安全生产信息化建设与日常工作“紧密结合”，对安全生产切实“有用、实用、好用”，避免建用“两张皮”，让安全管控更智能，让生产更高效才实用。迄今已服务中石化、中石油、延长石油、国能、兖矿、京能、索普、新安、奇美、昊源、潞安、旭阳、垦利、逸盛、海科、酒钢、金发等几百家石化、化工、选煤、钢铁、电厂企业。安然以客户为中心，以强者为本，抬头乐干，愿意与同道中人联合、链接，携手共建、共用、共享生产安全命运共同体，一起干，一起干，让优秀企业更安全，让优秀企业更高效！,"https://www.zhaopin.com/jobdetail/CC559764920J40823805104.htm?refcode=4019&srccode=401901&preactionid=a7c1140f-c46c-45e5-b867-ab342d8bdc77"
3621,测试工程师,开封-龙亭区,7000-14000元,河南歌络影视传媒有限公司,新媒体,20人以下,,CCL1495955890J40793578603,1、专科及以上学历，年龄20-30岁，无经验可以接受 2、熟悉常用得测试方法和技巧，理解测试流程，并写出测试用例;  3、跟踪并报告测试工作的进展，发布后撰写测试总结报告，对测试遗漏问题进行分析;  4、对新能源汽车方面感兴趣，并想长期稳定的发展;  5、对测试实施过程中发现的问题进行准确描述，并与开发人员沟通反馈，推进解决;  6、良好的综合素质，积极主动、有担当、有良好的沟通能力力、严谨的逻辑思维能力。    车载测试工程师薪资待遇,7月22日,,"https://www.zhaopin.com/jobdetail/CCL1495955890J40793578603.htm?refcode=4019&srccode=401901&preactionid=a7c1140f-c46c-45e5-b867-ab342d8bdc77"
3622,硬件测试,南京-鼓楼区,2000-3000元,南京六九零二科技有限公司,"运营商/增值服务,电子/半导体/集成电路,计算机硬件,通信/网络设备",100-299人,未融资,CC352427710J40760543011,一、工作职责 1.根据生产计划安排保质保量完成生产； 2.严格按照现行有效版本的工艺文件进行产品调试，及时解决生产中出现的问题； 3.严格按照质量管理体系要求进行产品测试与检验等； 4.严格执行安全生产管理与现场管理要求； 5.完成领导交办的其他工作。 二、任职要求 1.该岗位为南京市青年就业见习岗位，参与人员需满足以下条件之一： (1) 离毕业时间不足6个月尚未落实工作单位的普通高校学生；离校2年内未就业的普通高校毕业生；技工院校毕业年度高级工班、预备技师班、技师班毕业生； (2) 16-24周岁登记失业青年。 2. 电子通信类相关专业，熟悉模拟和数字电路，熟练使用万用表、示波器、综合测试仪等仪器，具有较强的动手能力。,7月21日,南京六九零二科技有限公司（原中国人民解放军第六九零二工厂）成立于1946年，是我国最早承制军用通信装备的企业之一，是江苏省高新技术企业，一直致力于通信装备的研制和生产。经过60多年的建设，现已成为具有无线通信设备、有线通信设备、卫星通信设备、卫星导航设备、武器电子等系列产品科研生产能力的现代化企业。先后获得中国人民解放军总参通信部先进科技单位、军队先进企业、质量管理先进单位等称号，为我国国防通信事业的发展做出了应有贡献。现因公司发展需要，诚邀有识之士加盟！福利社会保险：公司为员工购买养老保险、基本医疗保险、工伤保险、失业保险、生育保险；商业保险：公司为员工购买医疗保险、企业年金、意外伤害等商业保险；住房公积金：公司为员工缴纳住房公积金；无息借款：公司为骨干员工在宁购买首套住房提供无息借款。休假带薪年假：按法律规定的享受公休假日及婚假、产假、陪产假等法定休假；员工关怀员工俱乐部：公司内设职工书屋、文体活动中心等，为员工在工作之余安排丰富多彩的活动；节日关怀：公司为员工提供生日福利、端午福利、中秋福利、三八妇女节关怀、春节福利等；年度体检：公司为员工免费安排每年一次健康体检。注意事项：1、面试时，请携带本人最新简历及各类证书复印件。2、我司各岗位的薪酬是根据求职者资历、能力、经验等多因素确定，岗位薪酬显示的范围只是系统设置，具体面议。公司网址：www.nj6902.com联系地址：南京市鼓楼区三步两桥12号（南京饭店西侧）联系电话：025-86369958、86369957联系人：人力资源部周边公交：13、83、42、16、31、34、100路至南京饭店或虹桥站下；45、47、67、73、162路至水佐岗或三步两桥站下。,"https://www.zhaopin.com/jobdetail/CC352427710J40760543011.htm?refcode=4019&srccode=401901&preactionid=a7c1140f-c46c-45e5-b867-ab342d8bdc77"
3623,实施工程师,深圳-宝安区,8000-12000元·14薪,大族激光,"专用设备制造,电气机械/电力设备,通用设备制造,专用设备制造",10000人以上,已上市,CC000341550J40733558605,岗位职责： 1.客户现场设备软硬件技术的安装、维护与培训； 2.拓展项目管理； 3.激光行业新产品、新工艺的研究和策划及测试等。 任职要求： 教育背景：大学本科或以上学历，物理学，电气、光学，激光加工，材料学等专业。 工作经验：1年以上工作经验。 知识技能：具有较强的激光及电气理论知识。有创新精神，较强的动手能力，英语听说读写流利。 个人素质：服从工作安排。 其他要求： 接受长期出差。,7月25日,大族激光科技产业集团股份有限公司，1996年创立于中国深圳，公司于2004年在深圳证券交易所上市，股票代码：002008。现有员工16000+人，研发人员6500+，有效知识产权8811项。公司致力于智能制造装备及其关键器件的研发、生产和销售，具备从基础器件、整机设备到工艺解决方案的垂直一体化能力，是全球领先的智能制造装备整体解决方案服务商。大族激光坚持自主创新，掌握光源、数控系统、功能部件等核心技术，拥有强大的垂直整合能力，在高端装备、核心器件、锂电、光伏、半导体等业务领域均实现较大突破。目前公司组建了涵盖激光光源、自动化系统集成、直线电机、视觉识别、计算机软件和机械控制等多方面复合研发队伍，与全国多所著名研究机构等建立了战略合作关系，联合成立相关实验室及人才培养基地等。公司是国家重点高新技术企业、***创新型试点企业、国家科技成果推广示范基地-重点推广示范企业、广东省装备制造业重点企业、深圳自主创新领军企业，主要科研项目被认定为***火炬计划项目。员工福利：包含但不限于：五险一金、员工宿舍、人才安居房、员工餐厅、员工班车、年终奖、节日福利、生活补贴（住房、交通、通讯等）、高温补贴、科技奖励、员工落户、员工培训、学历深造、法定节假日、年假、婚假、产假、陪产假及各类文娱活动等等。,"https://www.zhaopin.com/jobdetail/CC000341550J40733558605.htm?refcode=4019&srccode=401901&preactionid=a7c1140f-c46c-45e5-b867-ab342d8bdc77"
3624,科研人员,绍兴-越城区,2-2.6万·15薪,浙江大学绍兴研究院,"学术/科研,学术/科研",100-299人,未融资,CCL1406588970J40640374212,专业要求： 高分子化学、生物材料专业优先 岗位职责： 1.在以下方向开展研究： （1）新型抗菌、促再生等功能医用高分子材料及其下游多功能产品和器械； （2）水凝胶材料及相关产品和器械； （3）二类、三类医疗器械产品开发； （4）功能型医用高分子导管及其涂层材料开发。 2.积极争取承担和参与纵向、横向合作项目。 3.学习掌握实验室核心技术，深度参与课题研究。 任职要求： 1.博士学历； 2.具有高分子化学、生物材料等相关专业背景优先考虑； 3.有较强的学习能力和项目管理能力，随研发需要学习并应用各项新实验技术； 4.有条理，有效率，能够按时高效完成工作； 5.具有良好的团队合作精神，善于沟通，身心健康；,7月14日,为深入实施创新驱动发展战略，推动浙江大学科技资源更好地融入绍兴经济社会发展，2021年11月19日绍兴市越城区人民政府、绍兴市滨海新区管委会与浙江大学签署共建浙江大学绍兴研究院合作协议。浙江大学绍兴研究院于绍兴市越城区、滨海新区正式落地，并于2022年1月21日挂牌成立。浙江大学绍兴研究院是由浙江大学、绍兴市越城区、绍兴滨海新区管委会、共同组建的事业单位，是依托绍兴市区位、资源、产业优势和浙江大学在科技研究、人才培育、文化传承创新方面资源共同建立的新型研发机构，总部坐落在风景秀丽的迪荡湖。研究院以“资源共享、优势互补、合作共赢”为原则，围绕集成电路、生物医药、新材料、文化产业等领域，设立微电子研究中心、生命健康研究中心、亚洲文明研究中心，旨在面向科技发展前沿和产业发展需求，开展前沿关键技术研发创新与区域文化品牌拓展，引育一批高层次人才，孵化一批高科技产业项目。研究院下设微电子研究中心、生命健康研究中心、亚洲文明研究中心：（一）微电子研究中心：主要包括智慧电力芯片、智慧电力与信息装备、智慧电力与能源系统装备、先进封装平台、智能传感器芯片、高速与微弱信号处理设计、半导体高效能源材料等研发与转化，助推绍兴争创集成电路国家产业创新中心和省实验室。（二）生命健康研究中心：主要开展基因治疗、细胞治疗、新型疫苗、精准诊治、先进健康材料与器械、先进诊疗材料与器械、先进分离膜材料与器械设备等前沿颠覆性技术研发与转化，培育产业发展新动能，打造成为浙江大湾区生命健康产业的创新引擎，国内生命健康产业的战略高地，争创国际一流的生物医药创新中心、省级技术创新中心。（三）亚洲文明研究中心：立足亚洲文明互学互鉴和文旅融合发展，聚焦绍兴大禹、王阳明、鲁迅、书法、黄酒等文化金名片，着力彰显吴越文化、宋韵文化的独特价值，从名城、名人、名物、名胜四个方面提升区域品牌的国际化、特色化、数字化和品质化，助力打造“东亚文化之都”。浙江大学绍兴研究院将充分发挥浙江大学大学学科优势，面向国家和地方重大战略需求，时刻坚持科技赋能、文化引领的目标方针，以坚持人才强基为原则，引育并举打造高水平人才蓄水池，促进高水平成果转化，全面打造校地合作新典范。,"https://www.zhaopin.com/jobdetail/CCL1406588970J40640374212.htm?refcode=4019&srccode=401901&preactionid=a7c1140f-c46c-45e5-b867-ab342d8bdc77"
3625,硬件测试,深圳-龙岗区,1.1-1.7万,软通动力信息技术(集团)股份有限公司,"互联网,IT服务,计算机软件",10000人以上,D轮及以上,CC000544460J40737015916,1.熟悉连接器的测试方案设计和执行 2.具有可靠性测试相关经验：包括力学插拔、电性能测试、机械寿命测试、环境寿命加速测试等； 3.了解连接器基础结构与相关品类：射频连接器、电源连接器、线缆连接器、插针插座等； 4.掌握基本检测手段原理，有实操经验者优先：三次元、光学显微镜、X-Ray、研磨剖片分析； 5.熟悉连接器设计，加工，装配和使用原理,7月29日,软通动力信息技术（集团）股份有限公司（以下简称“软通动力”）是中国数字技术产品和服务创新领导企业，致力于成为一家具有全球影响力的科技企业，企业数字化转型可信赖合作伙伴。公司2005年成立于北京，多年来始终坚持科技创新，具有软硬全栈的智能技术产品和服务能力，提供软件与数字技术服务、计算产品与数字基础设施、数字能源与智算服务以及国际化服务。目前，公司在10余个重要行业服务超过1100家国内外客户，其中超过230家客户为世界500强或中国500强企业，员工近90000人。软通动力拥有软通咨询、软通金科、软通工业互联、机械革命、软通华方等业务子品牌，并在全球40余个城市布局业务，构建北美、日本、东南亚、中东四大国际交付中心，在北京城市副中心、江苏无锡建设两大智能制造基地。同时，公司前瞻布局智能制造、ICT软硬基础能力和生产力智能化产品，打造产业链闭环。软通动力设立30个能力中心，拥有1个国家级工程实验室，6个省市政府认定的工程、技术实验室及研发中心，1个博士后科研工作站，50+技术合作伙伴的生态合作体系，不断探索前沿技术的巨大商业应用潜力。公司旗下教育品牌软通教育，拥有一家全日制本科学院——郑州西亚斯学院数字技术产业学院；同时在全国合作院校600多所，设有70多个校企联合人才培养基地，通过校企合作、协同育人，为社会培养高素质应用型人才。软通动力先后获得“2023年中国IT服务市场排名TOP 1”、“2024年Q4 PC出货量国内市场份额排名TOP 2”、“2024年中国软件和信息技术服务竞争力百强企业”、“2023年中国信创企业100强”、“2024万得ESG评级（Wind ESG Rating）AA级及信息技术服务行业ESG综合得分排名第一”等荣誉及市场认可，并拥有全球软件工程领域最高级别CMMI V2.0成熟度5级评估认证、国家研发运营一体化（DevOps）三级能力成熟度模型认证、信息技术服务标准（ITSS）运维能力成熟度一级认证等专业资质，支撑公司更优质的服务体系。,"https://www.zhaopin.com/jobdetail/CC000544460J40737015916.htm?refcode=4019&srccode=401901&preactionid=a7c1140f-c46c-45e5-b867-ab342d8bdc77"
3626,C/C++,郑州-二七区,1000-2000元,河南省泛物网络科技有限公司,计算机软件,20-99人,,CCL1279441250J40732295901,"技术技能要求 熟练掌握C/C++，熟悉Linux基本操作和Shell脚本使用，熟悉CAN,Modbus，Tcp/Ip等通信协议； 理解Linux或类似FreeRTOS操作系统、文件系统、驱动和其他相关嵌入式开源软件原理； 熟悉Linux下C/C#软件开发及测试工作，熟练掌握使用gcc，gdb进行开发，编程，调试工作； 熟悉linux，unix内核原理及工作方式； 了解常用的软件架构模式、基本的编程编译工具； 熟悉 Oracle数据库，或者informix、mysql、db2等数据库；  具有新技术的快速学习及适应能力；  责任心强，有良好的沟通能力和团队协作精神。 岗位职责 负责根据业务需求进行系统的开发和调试工作；  参与系统需求讨论，进行系统的概要设计及详细设计；  系统核心代码的编写及单元测试；  负责编写相关的设计及开发文档。 薪资待遇：双休、五险一金、提供午餐和住宿，薪资面议",5月8日,,"https://www.zhaopin.com/jobdetail/CCL1279441250J40732295901.htm?refcode=4019&srccode=401901&preactionid=a7c1140f-c46c-45e5-b867-ab342d8bdc77"
3627,前端开发,上海-青浦区,面议,华为技术有限公司,运营商/增值服务,10000人以上,,CC000542940J40767666914,工作职责： 1.负责华为云前端架构、UI组件库的设计和开发，以提升华为云用户体验、研发效率为目标，结合业界前端领域的技术发展持续构建前端技术竞争力； 2.负责Web基础能力建设和端到端的DevOps交付流，提供Web开发工具集，包括脚手架、项目构建脚本、框架配置能力等； 3.负责Nodejs框架的服务端开发与运维，提升前端研发效能。 职位要求： 1.熟练掌握HTML5 / CSS / JavaScript 等Web开发技能； 2.熟练掌握目前主流的前端开发框架至少一种：如React、Vue、Angular等，熟悉组件化开发，有NodeJS开发经验者优先； 3.对Web性能和安全有较深的见解和相关处理方案； 4.熟悉使用一门后台语言，Java尤佳，对前后端联合开发技术原理全面认识； 5.具有很强的学习能力和技术敏感度，有强烈的责任心和进取心，乐于学习和技术分享。 地域：深圳/西安/杭州/成都/南京/北京  薪资待遇： 15K – 30K 16薪  福利：绩效奖金、带薪年假、宵夜、班车、假日福利（端午中秋）,7月26日,我们是华为，诞生于1987年。在成长的过程中，我们脚踏实地、奋勇向前。我们一直专注于ICT领域，为运营商、企业客户和消费者提供有竞争力的ICT解决方案、产品和服务。30年来我们不断积攒实力，如今已拥有来自全球170多个国家和地区的客户，全球三分之一的人口因华为受益。我们为员工提供：▲“华为大学”、“iLearning”、“导师制”等健全的培训制度；▲“专家管理双通道模式”的晋升途径；▲全球化的工作机会及视野。我们始终坚持“以客户为中心，以奋斗者为本”；只要你踏实肯干，华为就是你施展人生抱负的舞台。加入华为，与技术大牛共事，与行业精英一同成长；加入我们，你可以自带主角光环！联接，就像空气和水，慢慢融入生活的每个角落。我们期待与你一起共同探索全联接世界，共同领跑未来！我们是华为，诞生于1987年。在成长的过程中，我们脚踏实地、奋勇向前。我们一直专注于ICT领域，为运营商、企业客户和消费者提供有竞争力的ICT解决方案、产品和服务。30年来我们不断积攒实力，如今已拥有来自全球170多个国家和地区的客户，全球三分之一的人口因华为受益。我们为员工提供：▲“华为大学”、“iLearning”、“导师制”等健全的培训制度；▲“专家管理双通道模式”的晋升途径；▲全球化的工作机会及视野。我们始终坚持“以客户为中心，以奋斗者为本”；只要你踏实肯干，华为就是你施展人生抱负的舞台。加入华为，与技术大牛共事，与行业精英一同成长；加入我们，你可以自带主角光环！联接，就像空气和水，慢慢融入生活的每个角落。我们期待与你一起共同探索全联接世界，共同领跑未来！,"https://www.zhaopin.com/jobdetail/CC000542940J40767666914.htm?refcode=4019&srccode=401901&preactionid=a7c1140f-c46c-45e5-b867-ab342d8bdc77"
3628,硬件测试,深圳-龙岗区,5000-6000元,深圳星河创意科技开发有限公司,电子/半导体/集成电路,100-299人,未融资,CC656942330J40688215014,岗位职责： 1.电子专业 2.会使用万用表，会示波器更佳 3.主要负责产品功能测试，配合研发人员新产品开发测试等。 4.分析公司产品在各种平台应用中出现的技术问题，协助解决设计测试问题，提高产品测试覆盖率。 5.与产品工程师，设计师密切合作，协助各相关部门解决测试中的问题。 6.在测试中观察和反馈产品可能存在的设计，和产品终测中出现的问题。,7月21日,"深圳星河创意科技开发有限公司坐落在深圳市龙岗区平湖街道新木路198号。成立于2005年，占地5000多平方米。公司拥有4台贴片机、4台模具设备和6条生产线，专业从事USB充电器、USB读卡器、集线器（HUB）和USB相关产品的研发和生产。公司地理位置优越,交通便捷,地处华南城旁。作为最早的USB产品制造商之一，我们已经获得了ISO9001等认证，产品符合CE，ROHS和FCC认证，并且积累了多年的成功经验。凭借优质的产品和服务，我们已与国际上的知名品牌公司建立了良好的合作关系，并把产品出口到海外市场，如欧洲、美国及东南亚地区。星河创意以客户、市场为导向，以贴心的服务、零缺点的品质，来满足客户与用户的需求。因为企业要立足，除了需要完整的内部管理体系，更需要优良的客户配合。星河创意本着与客户双赢的经营理念，以最实惠的价格、最好的服务来赢得市场和客户。","https://www.zhaopin.com/jobdetail/CC656942330J40688215014.htm?refcode=4019&srccode=401901&preactionid=a7c1140f-c46c-45e5-b867-ab342d8bdc77"
3629,实施工程师,济南-历下区,8000-14000元,青岛安然物联网科技有限公司,"物联网,物联网",20-99人,未融资,CC559764920J40823511204,需要弱电技术、自动化、安防系统、工业互联网+危化安全生产、物联网人才，不要纯软件人才。  你能经常到全国各地出差吗？你能到工业生产现场生产现场做技术支持吗？   真正的奋斗者在安然会有让人值得为之奋斗的事业，会有充实、高效的成长，会有高人一等的收入。   你能做好售前技术支持、根据客户需求，高效制作方案吗？你能做好售中技术支持、指导他人正确安装、部署、调试系统向用户保质保量快速交付吗？你能做好售后维护，高效沟通和落实客户需求吗？   迄今已服务中石化、中石油、延长石油、国能、兖矿、京能、索普、新安、奇美、昊源、潞安、旭阳、垦利、逸盛、海科、酒钢、金发等几百家石化、化工、选煤、钢铁、电厂企业。    安然以客户为中心，以强者为本，抬头乐干，愿意与同道中人联合、链接，携手共建、共用、共享生产安全命运共同体，一起干，一起干，让优秀企业更安全，让优秀企业更高效！,2月12日,基于精准人员定位的工业安全生产信息化管理专家，安全生产信息化管理引领者！作为全国实时定位技术标准工作组成员和应急管理部“工业互联网+危化安全生产”人员定位系统技术支持机构，安然从2012年起致力于基于ZigBee Plus三维立体按需精准定位的“工业互联网+安全生产”的研究，获得了20多项安全智能管控系统发明专利和著作权，持续引领中国化工行业生产现场智慧安全！安然以“准、稳、狠”的ZigBee Plus三维立体按需精准人员定位统和“底数清、数据准、情况明、研判准、措施实”的安全生产信息化平台为核心，整合访客管理、出入口控制、人脸识别、视频监控、语音广播、重大危险源监控、可燃有毒气体监测等系统，对生产现场人、机、料、法、环五大要素进行实时、动态、智能管控和预警，规范人的安全行为，保障人的生命安全，有效防范风险、主动化解风险，实现智慧安全。安然“以用为本”，把安全生产信息化建设与公司管理体系“深度融合”，把安全生产信息化建设与日常工作“紧密结合”，对安全生产切实“有用、实用、好用”，避免建用“两张皮”，让安全管控更智能，让生产更高效才实用。迄今已服务中石化、中石油、延长石油、国能、兖矿、京能、索普、新安、奇美、昊源、潞安、旭阳、垦利、逸盛、海科、酒钢、金发等几百家石化、化工、选煤、钢铁、电厂企业。安然以客户为中心，以强者为本，抬头乐干，愿意与同道中人联合、链接，携手共建、共用、共享生产安全命运共同体，一起干，一起干，让优秀企业更安全，让优秀企业更高效！,"https://www.zhaopin.com/jobdetail/CC559764920J40823511204.htm?refcode=4019&srccode=401901&preactionid=a7c1140f-c46c-45e5-b867-ab342d8bdc77"
3630,前端开发,深圳-龙岗区,5000-7000元·13薪,深圳市易玛特科技有限公司,"电子商务,物联网",100-299人,A轮,CCL1491798590J40625538106,主要职责‌： 1.在协助下，参与前端代码编写，实现网页和应用程序的界面设计，协助完成前端架构的设计与实现； 2.学习和掌握HTML5、CSS3、JavaScript等前端技术，以及React、Vue等主流前端框架； ‌3.完成代码优调试‌。 ‌任职要求‌： 1.计算机、软件工程、大数据、人工智能、物联网或相关专业大专及以上学历； 2.对React、Vue等前端框架有一定的了解； 3.具备良好的代码编写习惯，注重代码的可读性和可维护性； 4.具备良好的团队协作精神和沟通能力，能够迅速融入团队，具有一定的团队协助意识。,5月9日,,"https://www.zhaopin.com/jobdetail/CCL1491798590J40625538106.htm?refcode=4019&srccode=401901&preactionid=a7c1140f-c46c-45e5-b867-ab342d8bdc77"
3631,实施工程师,石家庄-裕华区,6000-12000元,河北杏林云康信息技术有限公司,"计算机软件,互联网",100-299人,未融资,CC457771430J40590798611,一、岗位描述,7月23日,"杏林云康信息技术有限公司是医院智慧运营管理系统（HRP）综合服务商，公司专注于医院精细化运营管理领域，以“建设智慧医管、服务健康中国”为使命。公司旗下今杏林®医院智慧运营管理系统（HRP），融合移动互联网、物联网、大数据、人工智能等技术，以业务流程为中心、以运营数据为重点，围绕医院战略目标，通过数字人力、综合绩效、智慧财务、精细成本、智能报销、资金管控、精益物流、物联设备、智能决策等现代医院管理手段，合理优化配置人、财、物、技术等核心资源，将其高效转化为医疗、教学、科研、预防等核心业务活动，赋能医院运营管理科学化、规范化、精细化，驱动运营管理创新，领航高质量发展。公司秉承“上善允臻重诺笃行”的核心价值观，聚集了一批在医疗行业潜心研究十余年的运营管理、医疗管理、信息技术等方面的专业人才，持续创新，将先进的医院运营管理理念与信息技术深度融合，提供集管理咨询、智慧软件、智能硬件和大数据服务为内容一体的医院精细化运营整体解决方案，通过该方案的落地实施，可有效助力医院应对DRG/DIP与国考，顺应时代潮流，赋能医院提升运营管理水平。当前，公司的服务能力遍布全国，我们在天津、河北、山东、山西、河南、江苏、广西、四川、重庆、贵州等地设有分支机构或客户服务中心，在石家庄和重庆建立了两大产品研发中心，并设立了医院管理研究院，致力于医院运营管理的研究、创新与转化。公司为高新技术企业，通过了ISO9001质量管理体系认证、ISO27001信息安全管理体系认证、ISO20000信息技术服务管理体系认证,获得软件著作权证书31项。截止目前，公司为全国500余家医院提供了的HRP信息系统产品与服务，得到众多医院客户的认可和赞誉，积累了良好的口碑！“因为专注、所以专业。”未来，杏林云康初心不改，继续专注于医院精细化运营管理领域，不断追求技术创新、帮助客户践行卓越管理，为“健康中国”贡献力量！","https://www.zhaopin.com/jobdetail/CC457771430J40590798611.htm?refcode=4019&srccode=401901&preactionid=a7c1140f-c46c-45e5-b867-ab342d8bdc77"
3632,测试工程师,南京-建邺区,8000-15000元,思码睿猎人才咨询(上海)有限公司,专业技术服务,100-299人,,CCL1486093460J40803109713,,2025年07月30日,,"https://www.zhaopin.com/jobdetail/CCL1486093460J40803109713.htm?refcode=4019&srccode=401901&preactionid=a7c1140f-c46c-45e5-b867-ab342d8bdc77"
3633,技术支持工程师,合肥-肥西县,1-1.5万,阳光电源股份有限公司,"新能源,电力/水利/热力/燃气",1000-9999人,已上市,CC120598170J40662140306,岗位职责 1. 作为新产品开发过程中服务代表角色，负责深度参与产品研发过程，熟练掌握产品知识，编制可安装/服务性分析报告； 2. 负责按要求编制产品维护指导手册及对应产品培训材料； 3. 负责提供全球客服端产品问题的技术支持，推动问题闭环； 4. 负责提供客户端需求的产品故障分析报告； 5. 参与产品缺陷变更评审，确认变更范围，并提出可服务性的变更意见； 6. 总结、积累常见问题的类型及解决方法，完善或优化产品维护手册； 任职要求： 1. 硕士及以上，电力电子、电气工程及其自动化、控制工程等相关专业； 2. 有光伏逆变器、储能系统相关3年以上工作经验者优先，英语须四级及以上； 3. 具有良好的沟通、团队协作和人际关系处理技能，须具备极强的执行能力。 福利： 1. 六险一金（含补充医疗保险，公积金10%），免费宿舍，免费食堂，免费班车； 2. 通讯补贴，交通补贴，节假日补贴、生日补贴、防暑降温补贴、员工福利体检、团队建设，婚育贺礼等； 3. 带薪休假：法定节假日、年假、婚假、产假、护理假、带薪病假、考试假等。   其他信息 语言要求：英语 行业要求：全部行业,7月23日,阳光电源股份有限公司（股票代码：300274）是一家专注于太阳能、风能、储能、电动汽车等新能源电源设备的研发、生产、销售和服务的国家重点高新技术企业。主要产品有光伏逆变器、风能变流器、储能系统、新能源汽车驱动系统、水面光伏浮体、智慧能源运维服务等，并致力于提供全球一流的光伏电站解决方案。自1997年成立以来，公司始终专注于新能源发电领域，坚持以市场需求为导向、以技术创新作为企业发展的动力源，培育了一支研发经验丰富、自主创新能力较强的专业研发队伍；先后承担了20余项国家重大科技计划项目，主持起草了多项国家标准，是行业内为数极少的掌握多项自主核心技术的企业之一。公司核心产品光伏逆变器先后通过TÜV、UL、CSA等多家国际权威认证机构的认证与测试，已批量销往德国、意大利、澳大利亚、美国、日本、印度等60多个国家。截至2019年底，公司在全球市场已累计实现逆变设备装机超1亿千瓦。公司先后荣获“国家重点新产品”、“中国驰名商标”、中国新能源企业30强、全球新能源企业500强、国家级“守合同重信用”企业、亚洲最佳企业雇主等荣誉，是国家级博士后科研工作站设站企业、国家高技术产业化示范基地、国家认定企业技术中心、国家级工业设计中心、《福布斯》“中国最具发展潜力企业”等，综合实力位居全球新能源发电行业第一方阵。未来，阳光电源将秉承“让人人享用清洁电力”的发展使命，立足新能源装备业务，加快光伏发电系统集成及投资建设业务发展，创新拓展清洁电力转换技术领域新业务，不断贴近客户需求，积极参与全球竞争，努力将公司打造成为受人尊敬的全球一流企业。 2020年阳光电源市值超过千亿，成为安徽省内最大的上市公司，同时2020年也是全国上市企业市值增长率最高的企业。,"https://www.zhaopin.com/jobdetail/CC120598170J40662140306.htm?refcode=4019&srccode=401901&preactionid=a7c1140f-c46c-45e5-b867-ab342d8bdc77"
3634,软件测试,成都-锦江区,4000-6000元,成都市海德计算机职业技能培训学校,"学校/学历教育,培训/辅导服务,学校/学历教育,计算机软件",20-99人,未融资,CC623771280J40743307211,岗位职责： 1、本科学历，计算机科学与技术、软件工程、计算机相关专业优先； 2、有较强的服务意识、一定的应变能力、较好的亲和力、并热爱教育事业； 3、性格乐观、积极、主动，做事认真、细致，善于总结、学习； 4、为人善良，品行端正，能切实为学生办实事、真正解决学员的困难； 5、良好的普通话，熟练操作各类办公软件； 职位福利：五险一金、绩效奖金、年终奖、节日福利、带薪年假、春节假期15天左右。,6月4日,海德计算机职业技能培训学校，是一所经人社部，民政部备案、批准的民办计算机职业培训学校（以下简称：“海德”）2015年，成立。主要业务：高端IT教育；大学生互联网，人工智能创业项目指导及孵化业务，同时致力于大学生职业规划，大学生就业陪跑等。2018年，成立海德在线科技有限公司。主要业务：在线教育平台的软件研发，涵盖智慧教学系统，高校管理系统等，主要服务于各大高校，以促进智慧校园建设。海德始终秉承着“赋能企业价值，链接企业未来”的价值观。,"https://www.zhaopin.com/jobdetail/CC623771280J40743307211.htm?refcode=4019&srccode=401901&preactionid=a7c1140f-c46c-45e5-b867-ab342d8bdc77"
3635,软件测试,北京-昌平区,8000-15000元,智锐科创(北京)科技发展中心,科学技术推广,20-99人,,CC276742780J40552281706,1.负责项目测试、自动化测试工作实施、测试技术研究； 2.根据公司产品研发方向，指导与协助测试工程师/测试助理工程师不断更新、维护测试平台； 3.参与并指导测试成员进行测试分析、用例设计、测试执行，定期汇报项目进展情况； 4.编写及维护测试用例，编写测试报告和对测试结果分析； 5.在测试过程中，做好与相关部门的信息沟通工作，保证整个项目的顺利进行，并及时解决突发事件； 6.模拟客户反馈Bug，总结、维护测试用例。 任职要求：  1.计算机软件相关专业，本科及以上学历； 2.有测试经验，熟悉 Python、Java编程语言； 3.具备软件测试理论、数据库、Linux系统及计算机网络等相关技术知识与技能； 4.熟悉测试流程与测试技术，具备独立完成测试任务的能力； 5.能够承受工作压力，追求完美，有创新和合作精神； 6.工作细心、认真、责任心强，具有良好的团队协作精神； 7.具有较强的逻辑分析能力和学习能力，熟悉软件测试相关工具（QTP、RF、Postman、Jmeter等）优先。,7月25日,公司地址在通州万达广场！我们可以为您提供：我们拥有1000多平米的办公空间，宽敞舒适的办公环境，积极向上的团队氛围，便捷的办公条件，从入职前的岗前培训到入职后的一对一代训，让你在最短的时间内提升业绩，提高收入，让你在最短的时间内融入到公司的大家庭里。我们拥有最好的团队，一流的平台，期待不平凡的你加入！相信自己，一个电话，也许改变你的一生！用文化凝聚人心，用制度驾驭人性，用品牌成就人生，用战略铸就辉煌这里是年轻人的舞台只要你有梦想，我们为你提供平台！,"https://www.zhaopin.com/jobdetail/CC276742780J40552281706.htm?refcode=4019&srccode=401901&preactionid=a7c1140f-c46c-45e5-b867-ab342d8bdc77"
3636,软件测试,深圳-南山区,1-1.5万,深圳市广和通无线股份有限公司,"运营商/增值服务,通信/网络设备",1000-9999人,已上市,CC133904260J40735612716,岗位职责:,7月24日,深圳市广和通无线股份有限公司创立于1999年，是全球的物联网无线通信解决方案和无线模组供应商，也是中国A股上市的无线模组企业（股票代码：300638）。我们为电信运营商、物联网设备厂商、物联网系统集成商提供端到端物联网无线通信解决方案，覆盖移动支付、智能表计、车联网、安防监控、智慧城市、智慧医疗、智能家电、移动互联网等丰富的应用，我们自主研发设计的高性能5G/4G/LTE Cat 1/3G/2G/NB-IoT/LTE Cat M/安卓智能/车规级无线通信模组，使我们能为所有垂直行业提供可靠、便捷、安全、智能的物联网通信解决方案，促进物联网通信模块行业的发展。20余年的物联网行业积累，广和通立足于中国深圳，放眼全球，在深圳和西安设有研发中心，在美国、德国、印度、台北、香港设有分公司，目前约有1000多名全球员工，业务遍及100多个国家。获得行业的高度认可。薪酬与福利：1.薪酬构成：除正常的工资和年度绩效奖金外，绩优员工有机会参与公司股权激励计划；2.学习成长：入职导师帮带制、完善的培训体系、技术与管理双通道职业发展规划；3.社会保险：五险一金；4.带薪年假：工作满1年可享受5天带薪年假，并随服务年限逐步增加；5.全薪病假：正式员工每年可享有5天全薪病假；6.法定假日：遵守国家政策；7.员工活动：羽毛球、篮球、足球、月度下午茶、月度剪发、传统节日特色活动、生日会、团建活动……8.为符合条件的员工办理深圳落户,"https://www.zhaopin.com/jobdetail/CC133904260J40735612716.htm?refcode=4019&srccode=401901&preactionid=a7c1140f-c46c-45e5-b867-ab342d8bdc77"
3637,软件测试,上海-浦东新区,1.3-1.8万·13薪,方得(青岛)人力资源有限公司,咨询服务,20-99人,,CCL1462672470J40736053116,,2025年07月28日,,"https://www.zhaopin.com/jobdetail/CCL1462672470J40736053116.htm?refcode=4019&srccode=401901&preactionid=a7c1140f-c46c-45e5-b867-ab342d8bdc77"
3638,技术支持工程师,南京-江宁区,6000-11000元·14薪,南京纳恩自动化科技有限公司,电子/半导体/集成电路,20-99人,,CC481332620J40241476404,岗位职责： 1、电力系统发电、变电、配电自动化系统、云平台等计算机软硬件产品厂内及项目现场的组态、组网、测试等工作； 2、协调并解决现场产品运行过程中的设计、研发、检测、质量生产等一系列技术问题； 3、负责与客户沟通协调、业务指导、排除产品故障，确保产品运行； 4、对工程服务项目进行质量分析及验收。 任职要求： 1、电气自动化、电力系统自动化、电力电子、计算机、通信工程等相关专业专科及以上学历； 2、熟悉和掌握继电保护原理、电力系统、计算机通讯等电力系统基础知识； 3、具备较强的学习能力、沟通能力及团队协作精神。 4、从事电力行业工作经验者优先； 5、有较强的服务意识，能适应国内部分偏远省市出差。,8月15日,南京纳恩自动化科技有限公司，成立于2010年。高新技术企业、软件企业。致力于为客户、提供最佳的继电保护、电力监控、智慧用电、过程自动化以及基于大数据、云系统的产品、解决方案和服务。深耕多年，得以在电力二次系统成就卓越品质。无论是220kV的变电站，还是热力、水力、光伏、光热、储能、风力、生物质发电站，纳恩科技都能提供优质、成熟的产品方案和技术服务。以云计算、大数据为特征的技术正在成为引领和促进各行各业创新和发展，在此基础上我们建立了企业电力监控云平台，智慧云安全用电管理，智慧环保用电监管云平台。为客户提供稳定可靠、安全可信和可持续演进的云服务。为客户创造价值。依托丰富的行业经验，我们为客户提供定制式服务，满足用户不同角度的需求。以人为本，为奋斗者提供舞台。以责任贡献来评价员工和选拔干部，为员工提供了公开公平的发展平台、使得员工通过个人的努力，收获合理的回报与值得回味的人生经历。国内市场，纳恩科技为绍兴建元集团、新疆兵团电网农二师、农三师电力公司、农六师电力公司，中泰集团，利泰丝路库尔勒纺织厂、奎屯纺织厂，中化集团、神华宝日希勒能源有限公司、绍兴滨海污泥焚烧电厂，青海省电网公司海北州电网公司、青海协鑫40MW集中式光伏发电站，南瑞集团等上千家客户提供了电力自动化、工业自控、配网自动化设备及解决方案。在一带一路的带动下，纳恩科技走出国门，参与了越南、柬埔寨、缅甸、莫桑比克、刚果金、伊朗等多个国家的工程项目。自2017财年至今，纳恩科技成为西门子电力自动化有限公司（SPA）授权集成商，广泛参与了中石油长庆油田有限公司110kV变电站改造，杭州地铁六号线、杭州地铁16号线、中铁建电气化局杭州地铁1号线、杭州地铁八号线，中铁电气化局上海地铁14号线、新凤鸣集团独山能源、田湾核电站项目等重大工程。企业精神：成就客户、开放进取、至诚守信公司积极重视管理体系建设，先后取得ISO9001质量管理体系、ISO14000环境管理体系、OHSAS18000职业健康管理体系、知识产权管理体系认证。坚持科技创新，取得江苏省高新技术企业，软件企业认证。未来，我们将继续秉承企业精神公司，锐意进取，不断提升我们的组织力量，创造更好的产品，建设更贴近用户的服务队伍，使产品更可靠，使用更便捷，我们的基业长青！,"https://www.zhaopin.com/jobdetail/CC481332620J40241476404.htm?refcode=4019&srccode=401901&preactionid=a7c1140f-c46c-45e5-b867-ab342d8bdc77"
3639,Java,成都-郫都区,1.4-2.8万·16薪,外企德科数字技术有限公司,专业技术服务,10000人以上,,CCL1480117890J40775572805,职位描述 1、熟练掌握Java、python等主流开发语言的一种，掌握常见的数据结构、了解软件工程、敏捷开发等知识，熟悉常用设计模式； 2、了解主流数据库技术，至少精通mysql、postgresql等主流数据库技术中的一种；有SQL语句调优经验，并在 中大 型项目中实际应用者优先； 3、熟悉spring boot，mybatis或flask等常用框架； 4、了解分布式系统原理；熟悉ElasticSearch、Redis、mongodb、kafka等一种或多种中间件，并实际应用中有相关经验者优先,2025-07-27 00:24:46,外企德科数字技术有限公司是一家2023年新成立的中外合资企业。成立于2023年11月24日，公司定位：专注于为信息技术企业提供人才及数字技术外包解决方案的中外合资企业。它是由中国人力资源服务行业的FESCO（北京国际人力资本集团）与全球人力资源服务领导者The Adecco Group（德科集团）合资成立的。公司主要提供网络技术服务、软件外包服务、计算机系统服务、技术进出口、软件开发等信息技术相关服务。专注于为信息技术企业提供信息技术类人才及数字技术外包解决方案。,"https://www.zhaopin.com/jobdetail/CCL1480117890J40775572805.htm?refcode=4019&srccode=401901&preactionid=a7c1140f-c46c-45e5-b867-ab342d8bdc77"
3640,科研人员,北京-海淀区,1.7-1.8万,中国科学院力学研究所,"学术/科研,培训/辅导服务",500-999人,不需要融资,CC131251740J40779943303,岗位职责: 根据课题组需求，从事的研究方向不同，主要包括： 1、从事氢氧发动机相关研究； 2、从事高超声速气流/燃料预混机理及技术（数值或实验）相关研究； 3、从事斜爆轰燃烧机理及应用研究（数值或实验）相关研究； 4、从事斜爆轰发动机内外流设计及气动力/热技术（数值或实验）相关研究； 5、从事高超声速激波风洞及实验技术相关研究； 6、从事非接触测量技术相关研究； 7、从事高温热化学非平衡效应、超高速气动物理、电磁流体等（数值或实验）相关研究； 8、从事高超声速飞行器气动力/热特性（数值或实验）相关研究； 9、从事高超声速边界层转捩及控制机理（理论、数值或实验）相关研究； 10、从事分离气体动力学相关研究； 11、从事激波动力学相关研究；   任职要求: 1.具有良好的政治素质和道德修养，遵纪守法，身体健康； 2.获得博士学位3年以内，应届博士毕业生优先； 3.申请时年龄一般不超过35周岁； 4.进站从事博士后研究人员，须将人事关系转入力学所，并保证全脱产从事博士后研究工作。,4月18日,中国科学院力学研究所（以下简称力学所）创建于1956年，是以钱学森先生工程科学思想建所的综合性国家级力学研究基地，在国际力学界享有盛誉，为我国“两弹一星”、载人航天事业及国家经济社会发展做出了重要贡献。力学所现设有6个实验室和1个中心作为基本单元实体。非线性力学国家重点实验室、高温气体动力学国家重点实验室、微重力重点实验室、水动力学与海洋工程重点实验室、环境力学重点实验室、先进制造工艺力学重点实验室和等离子体与燃烧中心。工程地质力学及其应用课题组隶属于环境力学重点实验室，针对滑坡灾害防治、煤与瓦斯突出、边坡稳定性、岩土中爆炸、松散岩体及颗粒加密等工程中的科学问题，开展了深入的研究。10多年来，一直把地质灾害成灾机理的数值模拟研究作为工作重点之一，提出了基于连续介质力学的离散元方法(Continuum-based Discrete Element Method)。该方法将有限元与离散元进行耦合，在块体内部进行有限元计算，在块体边界进行离散元计算，通过块体内部及块体边界的断裂，不仅可以模拟材料在连续状态下及非连续状态下的变形、运动特性，更可以实现材料由连续体到非连续体的渐进破坏过程，在岩土工程、采矿工程、隧道工程、水利工程、地质工程、结构工程中广泛应用。若对公司有意向，请点击：职位申请表下载表格！！！然后按着表格的内容把信息完善。最后给把信息发到：zhaopin@imech.ac.cn这个邮箱里面！谢谢！,"https://www.zhaopin.com/jobdetail/CC131251740J40779943303.htm?refcode=4019&srccode=401901&preactionid=a7c1140f-c46c-45e5-b867-ab342d8bdc77"
3641,技术支持工程师,保定-莲池区,5000-7000元,保定佳瑞源生物芯片有限公司,医疗设备/器械,300-499人,未融资,CCL1331749650J40201534505,岗位职责：,4月21日,保定佳瑞源生物芯片有限公司成立于2021年，坐落于保定深圳高新技术科技创新产业园，注册资金一亿元，是一家专业从事体外诊断试剂及检验仪器的研发、制造、营销及服务的高科技企业。公司拥有自主知识产权8项，正在申请中的发明专利7项，是河北省高新技术企业、国家级科技型中小企业、河北省创新型中小企业、保定市企业技术中心，并于2022年和2024年承担了市科技计划项目。佳瑞源是库尔科技集团（CorDx HealthCare）旗下子公司，隶属于Abiores佳宝瑞源品牌系，公司总部成立于2006年，位于美国亚特兰大都市区，综合研发、生产、营销、服务为一体的国际化集团公司，设有Coretests库尔科技、Abiores佳宝瑞源、Bonore保诺塑业、Cupet夕友生物等品牌系。集团以医疗器械&诊断试剂为主业，产品销往170多个国家和地区，拥有上亿用户。全球拥有五个研究院，布局于美国加州和佐治亚州、新加坡、北京大兴、河北雄安，制造基地总面积30万平米，同时也为医药同行提供优质服务。保定佳瑞源生物芯片有限公司专业从事诊断试剂及检验仪器开发，建有五大技术平台，包括分子诊断、免疫层析、化学发光、生物芯片、小分子抗原；并依托平开发传染病、肿瘤标志物、心脑血管、炎症、生殖健康、宠物试剂等系列产品线，可应用于临床检验、危急重症、基层医疗、疫情监控、现场执法及家庭个人健康管理等领域。同时与河北大学合作成立河北大学佳瑞源生物芯片中心，研发方向主要针对于重症疾病的早期筛查。“佳瑞源体外诊断试剂项目”落地保定深圳高新技术科技创新产业园，占地约84.63亩，规划建设9栋主体建筑，总建筑面积约12.86万平方米，项目建成后将形成年产体外诊断试剂1.2亿份（人次）的规模，预计年销售收入9.1亿元，可提供约1000个就业机会，已列入2023年河北省级工业创新示范项目、2024年河北省重点建设项目。保定佳瑞源生物芯片有限公司，以“安全有效使命必达”为宗旨，秉承“从有机到安息全供应链服务”的愿景，充分运用现代生物工程技术和医学研究成果，打造超一流医药企业，热心公益，为全球健康事业服务！,"https://www.zhaopin.com/jobdetail/CCL1331749650J40201534505.htm?refcode=4019&srccode=401901&preactionid=a7c1140f-c46c-45e5-b867-ab342d8bdc77"
3642,实施工程师,乌鲁木齐-新市区,5000-7000元,武汉天衡信息系统服务有限公司,"网络/信息安全,电子/半导体/集成电路,计算机硬件,计算机软件",100-299人,未融资,CCL1379886890J40728344314,岗位内容： 1. 负责公司产品的实施安装、调试及优化。 2. 为客户提供技术支持和培训，解决客户问题并提供相应建议。 3. 与团队成员紧密合作，协作推进项目进展，达到项目目标。 任职要求： 1. 具备相关专业学历，具备技术方案制定和实施经验者优先。 2. 熟悉网络设备的安装及调试知识，具备TCP/IP协议相关知识。 3. 具备一定的团队协作能力和沟通能力，能有效跟进项目进展。 4. 主动积极的工作态度，具备较好的学习能力和解决问题的能力。 5. 能接受长期出差；,7月11日,新疆天衡信息系统咨询管理有限公司（以下简称天衡咨询）成立于2002年，是国内第一批开展信息工程监理业务的公司，也是国内第一家以“信息工程监理”命名的专业监理公司。2006年公司取得信息产业部“信息系统工程监理部级资质”，成为自治区境内唯一一家获得国家部级资质的信息化工程监理企业。2010年10月公司正式更名为新疆天衡信息系统咨询管理有限公司。2012年公司取得信息产业部“信息系统工程监理乙级资质”。2019年中国电子企业协会监理分会根据天衡咨询的业绩、专业监理人员等方面认定我公司拥有甲级资质能力，故将“信息系统工程监理乙级资质”升至为信息系统工程监理甲级资质”。天衡咨询员工中取得国家注册监理工程师、造价工程师、一级建造师、咨询工程师、设备监理工程师、信息安全高级工程师、软件质量检验工程师、安全工程师等执业资格证书的技术人员占总人数50%，取得高、中级职称的技术人员占总人数70%，形成了一支专业配备齐全、年龄结构科学合理的高智能、高素质的工程技术人才队伍。天衡咨询目前已成为自治区各厅、委、办、局重要的信息化工程建设的咨询、项目管理服务的主要提供者，荣获了“2015全国电子信息行业优秀企业”称号，成为新疆维吾尔自治区唯一一家上榜企业。公司在武汉市、克拉玛依市、阿克苏市、设有分支机构。天衡咨询先后获得工信部首批两化融合管理体系贯标咨询服务机构资质；自治区第一批PPP入围企业；公安厅推荐的信息安全等级保护测评机构；新疆软件行业协会、新疆计算机分会、新疆电子学会执行副理事长单位。天衡咨询主要开展信息系统工程咨询、信息系统工程监理、信息系统工程安全服务等内容，涉及的领域（专业）有：综合布线、机房装修、系统集成、应用软件开发、安防监控、智能弱电、楼宇自控、视频会议、智能交通、信息安全等级测评、信息安全风险评估、咨询等。,"https://www.zhaopin.com/jobdetail/CCL1379886890J40728344314.htm?refcode=4019&srccode=401901&preactionid=a7c1140f-c46c-45e5-b867-ab342d8bdc77"
3643,科研人员,包头-昆都仑区,3000-6000元,内蒙古薪宝高科技开发有限公司,"矿产/采掘,环保",100-299人,不需要融资,CC713116230J40790575612,协助课题组或科研团队完成项目申报、数据收集、文献整理及实验操作等基础性研究工作。 要求∶矿物加工工程专业/理工科类专业  2025届大学本科及以上毕业生,7月15日,薪宝高科成立于2008年，经过十余年的发展，已成为集环保科技开发及大工业应用、选矿技术支持、选矿药剂研发及生产、高新技术设备贸易和国际大型设备维修服务支持于一体的多元化公司。薪宝高科秉承着“真诚、务实、共赢”的宗旨，“重义重德、共创共赢”的经营理念，以优质的产品和技术服务支持为基础同各界有识之士合作共赢，共创未来。,"https://www.zhaopin.com/jobdetail/CC713116230J40790575612.htm?refcode=4019&srccode=401901&preactionid=a7c1140f-c46c-45e5-b867-ab342d8bdc77"
3644,实施工程师,廊坊-广阳区,5000-7000元,廊坊市北方天宇机电技术有限公司,"电气机械/电力设备,汽车研发/制造",100-299人,,CC453011910J40568636503,负责公司产品在目标市场的技术推广工作，包括产品演示、技术讲解、方案制定等。 深入了解客户需求，为客户提供专业的技术咨询和解决方案，确保客户满意。 跟踪市场动态，收集竞争对手信息，分析市场趋势，为公司产品策略提供有力支持。 维护客户关系，定期回访客户，了解客户需求变化，提供持续的技术支持和服务。 参与销售谈判，协助销售团队完成销售目标。 工作地点：根据公司业务需求，可能需要出差至客户现场进行技术支持。 任职要求： 机电、自动化或相关专业本科及以上学历，有相关工作经验者优先。 熟悉机械、电子产品的技术特点和市场需求，具备良好的技术分析和解决问题的能力。 具备良好的沟通能力和团队协作精神，能够与客户、销售团队及内部技术部门有效沟通。 具备较强的学习能力和自我提升意识，能够迅速掌握新技术和新产品知识。 具备较强的责任心和抗压能力，能够适应快节奏的工作环境。,1月14日,廊坊市北方天宇机电技术有限公司隶属于中国兵器工业集团第七0研究所的控股公司，公司座落在被誉为“京津走廊”的河北省廊坊市。公司是在机械加工领域中最早研发应用光整技术的企业，从1995年开始研究光整加工技术，研制了七大系列二十多种型号的光整设备，打造了中国光整第一品牌。研制开发的自由磨具光整技术获国家科技进步奖，列为国家级重点科技项目，并通过质量管理体系认证证书（GB/T 19001-2008/ISO 9001:2008标准要求）。近年来公司生产的设备广泛应用于内燃机、纺织机械、航空航天、舰船发动机、特种商用车、石油钻探、家电、五金工具、印刷机械、仪表电器、医疗器械、化工机械、首饰行业等领域。,"https://www.zhaopin.com/jobdetail/CC453011910J40568636503.htm?refcode=4019&srccode=401901&preactionid=a7c1140f-c46c-45e5-b867-ab342d8bdc77"
3645,技术支持工程师,济南-历下区,3000-5000元,济南慧天云海信息技术有限公司,"网络/信息安全,IT服务,计算机硬件,互联网",100-299人,A轮,CC577450820J40727841910,岗位职责： 1、负责公司产品的实施、安装、调试、部署； 2、负责产品的客户现场技术培训； 3、负责产品的售后服务。 任职要求： 1、2025届毕业生，本科及以上学历，计算机科学与技术、网络工程等相关专业，具备扎实的网络基础； 2、熟悉Windows、Linux操作系统，熟悉数据库的配置使用，熟悉国内外主流厂商的路由器、交换机、防火墙等网络产品及技术优先； 3、具有较强的服务意识、分析解决问题能力、沟通协调能力、团队合作意识。,5月26日,慧天云海是一家以“构建安全互联，守护数字中国”为使命，提供网络边界安全、数据安全交换、数据安全治理与监管等产品与解决方案的网络安全高科技公司。公司积极响应国家网络空间安全发展战略，深耕边界安全、大数据、密码应用等技术，成功打造了网络隔离与信息交换、大数据安全应用、密码应用和电子文档安全管理四大类产品，向全国上千家客户提供了可靠的网络安全解决方案，用户涵盖政府、国土、司法、医疗、教育、能源、化工等行业，为国家信息安全建设保驾护航。公司以数据安全作为主要业务方向，现成长为国家高新技术企业、山东省瞪羚企业、双软认证企业、网络安全应急服务支撑单位，并通过 ISO9001质量管理体系认证，核心技术与产品已通过国家权威机构的检测与认证。,"https://www.zhaopin.com/jobdetail/CC577450820J40727841910.htm?refcode=4019&srccode=401901&preactionid=a7c1140f-c46c-45e5-b867-ab342d8bdc77"
3646,硬件测试,深圳-宝安区,4000-5000元,深圳市芯华微科技有限公司,"计算机硬件,计算机硬件",100-299人,不需要融资,CCL1491610680J40721694010,芯片测试生产线跟拉做技术支持，学会使用相关自动化设备。,6月24日,深圳市芯华微科技有限公司成立于2019年，位于深圳市宝安区福永街道利嘉发工业园A栋，专注于内存芯片及电脑内存条的研发、生产与销售，业务涵盖消费电子、工业控制及通信设备等领域。公司通过自主研发与生产管理体系的持续优化，为客户提供高品质的电子元器件产品及配套服务，同时布局跨境电商业务，拓展多元化市场渠道。公司依托专业的技术团队和完善的质量管理体系，在电子元器件领域建立了稳定的供应链与生产体系，产品广泛应用于智能终端、自动化设备等场景。发展过程中，公司注重技术实践与市场需求结合，通过严格的品控流程确保产品可靠性，并持续优化生产计划与仓储管理效率。目前团队涵盖研发、生产、销售及跨境运营等核心职能，致力于为客户提供高效的技术支持与供应链服务。,"https://www.zhaopin.com/jobdetail/CCL1491610680J40721694010.htm?refcode=4019&srccode=401901&preactionid=a7c1140f-c46c-45e5-b867-ab342d8bdc77"
3647,硬件测试,深圳-龙岗区,1-1.6万,软通动力信息技术(集团)股份有限公司,"互联网,IT服务,计算机软件",10000人以上,D轮及以上,CC000544460J40660772116,1、参与通信产品开发过程中的产品测试、可靠性等问题 2、参与新产品硬件开发测试和装备验证，确保硬件单板高质量交付 【任职要求】 1、2年及以上（优秀的1年）测试经验，统招公办本科工科专业毕业 2、熟悉单板硬件开发测试流程，熟悉常用的原理图、PCB设计工具 3、有数字电路和模拟电路基础，对于单板电源完整性、信号完整性有基础了解 4、有良好的沟通协调和交付能力，刻苦、敬业、有上进心，有良好的团队合作精神。对技术有激情，喜欢钻研，能快速接受和掌握新技术，有较强的独立、主动的学习能力 【专业知识要求】 1、要求电子、通信、计算机等相关专业毕业 2、熟悉数字电路和模拟电路基础，对于单板电源完整性、信号完整性等设计有基础了解。,1月22日,软通动力信息技术（集团）股份有限公司（以下简称“软通动力”）是中国数字技术产品和服务创新领导企业，致力于成为一家具有全球影响力的科技企业，企业数字化转型可信赖合作伙伴。公司2005年成立于北京，多年来始终坚持科技创新，具有软硬全栈的智能技术产品和服务能力，提供软件与数字技术服务、计算产品与数字基础设施、数字能源与智算服务以及国际化服务。目前，公司在10余个重要行业服务超过1100家国内外客户，其中超过230家客户为世界500强或中国500强企业，员工近90000人。软通动力拥有软通咨询、软通金科、软通工业互联、机械革命、软通华方等业务子品牌，并在全球40余个城市布局业务，构建北美、日本、东南亚、中东四大国际交付中心，在北京城市副中心、江苏无锡建设两大智能制造基地。同时，公司前瞻布局智能制造、ICT软硬基础能力和生产力智能化产品，打造产业链闭环。软通动力设立30个能力中心，拥有1个国家级工程实验室，6个省市政府认定的工程、技术实验室及研发中心，1个博士后科研工作站，50+技术合作伙伴的生态合作体系，不断探索前沿技术的巨大商业应用潜力。公司旗下教育品牌软通教育，拥有一家全日制本科学院——郑州西亚斯学院数字技术产业学院；同时在全国合作院校600多所，设有70多个校企联合人才培养基地，通过校企合作、协同育人，为社会培养高素质应用型人才。软通动力先后获得“2023年中国IT服务市场排名TOP 1”、“2024年Q4 PC出货量国内市场份额排名TOP 2”、“2024年中国软件和信息技术服务竞争力百强企业”、“2023年中国信创企业100强”、“2024万得ESG评级（Wind ESG Rating）AA级及信息技术服务行业ESG综合得分排名第一”等荣誉及市场认可，并拥有全球软件工程领域最高级别CMMI V2.0成熟度5级评估认证、国家研发运营一体化（DevOps）三级能力成熟度模型认证、信息技术服务标准（ITSS）运维能力成熟度一级认证等专业资质，支撑公司更优质的服务体系。,"https://www.zhaopin.com/jobdetail/CC000544460J40660772116.htm?refcode=4019&srccode=401901&preactionid=a7c1140f-c46c-45e5-b867-ab342d8bdc77"
3648,C/C++,武汉-江夏区,1.2-2.4万·14薪,外企德科数字技术有限公司,专业技术服务,10000人以上,,CCL1480117890J40607198705,岗位职责： 1、从事分布式文件/对象/块存储系统的开发和测试； 2、实现公有云/私有云分布式文件/对象/块存储服务的高性能、高可靠性、高可用目标。 职位要求： 1、统招本科学历以上，计算机相关专业优先； 2、具备良好的计算机、软件工程等专业领域基础知识； 3、至少精通C、C++、Java、Python中的一种； 4、有完整的项目开发经验，具备系统核心模块看护经验者优先； 5、工作思路清晰，较好的沟通能力和技术学习能力，拥有良好的编码习惯，有很强的自学能力和自我提高的愿望；  （岗位不止局限于本方向，涉及多种技术栈和多个业务方向，感兴趣的可以投递简历详细了解）,2025-07-28 00:22:31,外企德科数字技术有限公司是一家2023年新成立的中外合资企业。成立于2023年11月24日，公司定位：专注于为信息技术企业提供人才及数字技术外包解决方案的中外合资企业。它是由中国人力资源服务行业的FESCO（北京国际人力资本集团）与全球人力资源服务领导者The Adecco Group（德科集团）合资成立的。公司主要提供网络技术服务、软件外包服务、计算机系统服务、技术进出口、软件开发等信息技术相关服务。专注于为信息技术企业提供信息技术类人才及数字技术外包解决方案。,"https://www.zhaopin.com/jobdetail/CCL1480117890J40607198705.htm?refcode=4019&srccode=401901&preactionid=a7c1140f-c46c-45e5-b867-ab342d8bdc77"
3649,Java,青岛-None,1.5-3万,阳光软件株式会社,计算机软件,100-299人,,CC814253860J00090326209,"公司名称：SUNNYSOFT阳光软件株式会社 直招岗位：赴日软件工程师 工作地点：东京及周边 岗位要求：1、日语2级以上，能够进行日常会话，能正确理解设计书内容，有过1年以上对日开发经验或有日语能力2级以上资格证书者优先录用； 2、有以下任何一门开发语言有1年以上开发经验、或计算机专业毕业、或日语一计算机专业毕业即可：JAVA，.NET，C#，C++/C，SAP，PHP，COBOL，IOS，Android，Salesforce,Python,CRM(dynamicsAX)等；有上述开发语言资格证书、oracle金银牌、CCNA或CCNP等计算机软硬件相关证书者可优先录用； 3、要求身体健康，有敬业精神，对工作认真负责，能主动积极应对各项任务，能听从指挥，不消极找借口等靠要，诚实守信，做事耐心。 工资和待遇（综合月工资25-100万日元）： ◆正社员基本工资20~50万日元（根据个人能力和业绩决定，已在日人员可上浮5~10万日元） 各项福利待遇：日本厚生年金＋国民健康保险+劳灾和失业保险+交通费＋加班费（现场各异）+年终奖金 ◆契约社员25万日元起（根据个人能力和业绩决定，已在日人员可上浮5~10万日元）+交通费＋加班费（现场各异） 职位福利：绩效奖金、年终分红、交通补助、带薪年假、定期体检、节日福利、周末双休、定期团建 ",5月27日,"阳光软件株式会社（以下简称阳光软件）位于日本东京，公司自成立以来，致力于以信息技术服务为主、为客户提供高质量的全面解决方案；公司以技术为本，主要涉及业务领域有Salesforce, BigData, Artificial Intelligence,CRM,传统开发（Java/c/c++/......），逐渐和客户构筑信赖关系，至今已与十多家大客户建立了稳定的合作关系。在外包领域，阳光软件既保持日本地区的业务稳定增长，又进一步拓展国内及欧美业务；同时，充分发挥近年来服务国外客户所积累的管理和技术经验，为国内外客户提供有价值的服务，并在高端领域投入大量的研发。大数据领域同美国最大的大数据处理公司（TERADATA）建立合作伙伴关系，一同开发国内国际市场，同时为国内外银行提供数据分析服务。阳光软件在大连设有分公司、在日本依托多家东证上市公司的大力支持，日本政府，银行等客户的支持，现阶段处于人员规模快速扩张期，办公场所分布在日本东京、日本大阪、日本山梨县、大连分公司、东南亚等，同时公司还涉足旅游、教育培训、劳务输出等业务。公司坚定不移地坚持以人为本、互惠互利、共同发展的原则，在工作、待遇等问题上尊重员工的愿望和选择，重视并尽最大努力协助个人实现发展目标。在这里你能进一步提升日语能力，提高IT技术水平，赚取人生第一桶金。欢迎有识之士咨询加盟。","https://www.zhaopin.com/jobdetail/CC814253860J00090326209.htm?refcode=4019&srccode=401901&preactionid=a7c1140f-c46c-45e5-b867-ab342d8bdc77"
3650,实施工程师,贵阳-息烽县,9000-18000元,青岛安然物联网科技有限公司,"物联网,物联网",20-99人,未融资,CC559764920J40822383804,需要弱电技术、自动化、安防系统、工业互联网+危化安全生产、物联网人才，不要纯软件人才。  你能经常到全国各地出差吗？你能到工业生产现场生产现场做技术支持吗？   真正的奋斗者在安然会有让人值得为之奋斗的事业，会有充实、高效的成长，会有高人一等的收入。   你能做好售前技术支持、根据客户需求，高效制作方案吗？你能做好售中技术支持、指导他人正确安装、部署、调试系统向用户保质保量快速交付吗？你能做好售后维护，高效沟通和落实客户需求吗？   迄今已服务中石化、中石油、延长石油、国能、兖矿、京能、索普、新安、奇美、昊源、潞安、旭阳、垦利、逸盛、海科、酒钢、金发等几百家石化、化工、选煤、钢铁、电厂企业。    安然以客户为中心，以强者为本，抬头乐干，愿意与同道中人联合、链接，携手共建、共用、共享生产安全命运共同体，一起干，一起干，让优秀企业更安全，让优秀企业更高效！,2月12日,基于精准人员定位的工业安全生产信息化管理专家，安全生产信息化管理引领者！作为全国实时定位技术标准工作组成员和应急管理部“工业互联网+危化安全生产”人员定位系统技术支持机构，安然从2012年起致力于基于ZigBee Plus三维立体按需精准定位的“工业互联网+安全生产”的研究，获得了20多项安全智能管控系统发明专利和著作权，持续引领中国化工行业生产现场智慧安全！安然以“准、稳、狠”的ZigBee Plus三维立体按需精准人员定位统和“底数清、数据准、情况明、研判准、措施实”的安全生产信息化平台为核心，整合访客管理、出入口控制、人脸识别、视频监控、语音广播、重大危险源监控、可燃有毒气体监测等系统，对生产现场人、机、料、法、环五大要素进行实时、动态、智能管控和预警，规范人的安全行为，保障人的生命安全，有效防范风险、主动化解风险，实现智慧安全。安然“以用为本”，把安全生产信息化建设与公司管理体系“深度融合”，把安全生产信息化建设与日常工作“紧密结合”，对安全生产切实“有用、实用、好用”，避免建用“两张皮”，让安全管控更智能，让生产更高效才实用。迄今已服务中石化、中石油、延长石油、国能、兖矿、京能、索普、新安、奇美、昊源、潞安、旭阳、垦利、逸盛、海科、酒钢、金发等几百家石化、化工、选煤、钢铁、电厂企业。安然以客户为中心，以强者为本，抬头乐干，愿意与同道中人联合、链接，携手共建、共用、共享生产安全命运共同体，一起干，一起干，让优秀企业更安全，让优秀企业更高效！,"https://www.zhaopin.com/jobdetail/CC559764920J40822383804.htm?refcode=4019&srccode=401901&preactionid=a7c1140f-c46c-45e5-b867-ab342d8bdc77"
3651,C/C++,上海-青浦区,2-3万·16薪,外企德科数字技术有限公司,专业技术服务,10000人以上,,CCL1480117890J40738946405,1：大学，理工科相关。 2：会一种语言就可Python、JAVA、JS、测试 3：华为目前在招城市：北京、上海、深圳、杭州、南京、西安、成都、武汉，以上研究院均有hc 4：华为目前在招产品线：BPIT，消费者终端，2012实验室，carbu ，IT装备部，华为云，GTS ，数字能源，光，无线，云核，公共开发，计算产品线，数存，数通，存储、数据库、云计算、人工智能、智能驾驶、音视频、实验室、芯片等 5：福利待遇 全程线上面试，全额六险一金，试用期全薪资，有班车和食堂，独立办公园区 6：工作时间:弹性打卡，周末双休，每天早上9点上班，12-2点午休2小时，提供免费夜宵，周三周五家庭日，月末最后一个周六上班双倍加班费,2025-07-27 00:23:29,外企德科数字技术有限公司是一家2023年新成立的中外合资企业。成立于2023年11月24日，公司定位：专注于为信息技术企业提供人才及数字技术外包解决方案的中外合资企业。它是由中国人力资源服务行业的FESCO（北京国际人力资本集团）与全球人力资源服务领导者The Adecco Group（德科集团）合资成立的。公司主要提供网络技术服务、软件外包服务、计算机系统服务、技术进出口、软件开发等信息技术相关服务。专注于为信息技术企业提供信息技术类人才及数字技术外包解决方案。,"https://www.zhaopin.com/jobdetail/CCL1480117890J40738946405.htm?refcode=4019&srccode=401901&preactionid=a7c1140f-c46c-45e5-b867-ab342d8bdc77"
3652,技术支持工程师,杭州-滨江区,6000-12000元,杭州广卓电力科技有限公司,"仪器仪表制造,仪器仪表制造,电力/水利/热力/燃气",20-99人,未融资,CZ477434420J00104487703,需要 高压电气试验的相关经验 ！！！ 岗位描述： 1、负责产品的现场安装调试和技术指导。  2、负责产品技术培训，配合销售做好产品市场推广。 3、指导客户解决技术故障，分析故障原因，并撰写故障报告。 4、协助编写相关产品技术文档、用户手册，产品说明书以及专利的申报。 5、协助撰写科技项目申报材料。  任职要求：  1、大专学历以上，35岁以下，工作经验不限，电气自动化等相关专业优先；  2、有较强的文字和语言表达能力，能出差工作；  3、工作认真、积极、有高度的责任心，思维敏捷。  4、能熟练操作办公软件；  5、熟悉电力行业者优先。  职位福利：餐补、交通补助、加班补助、绩效奖金、定期体检、节日福利、带薪年假  职位亮点：业务提成。,6月23日,"杭州广卓电力科技有限公司成立于2012年，座落于杭州滨江区德信AI产业园。是一家集研发、设计、生产、销售、服务为一体的高新技术企业。公司已通过ISO9001质量管理体系认证，公司主要从事业务：一、自主研发生产、销售各类高压试验仪器设备、带电检测装备，各类考核仿真装置等；二、配备国内外先进的检测设备及专业的技术人员，为输电、变电、运行维护、配电检修提供专业的检测服务，三、物资质量检测试验室建设一站式服务，工器具智能管理系统。公司拥有专业的技术与管理团队，员工85%具有大专以上学历，公司在发展的过程中与国内多所高等院校及科研机构交流合作，产品研发生产、技术服务能力迅速提高，规模不断扩大。公司以“诚信、共赢、创新、价值”为宗旨，以创新为己任，让试验更加“快、准、稳”。公司重视客户的意见反馈，坚持产品技术及服务创新，狠抓质量管理，以优质的产品、合理的价格和良好的信誉为广大用户提供更为满意的服务。我们将以优质的产品和最完善的服务来真诚与各界朋友开展广泛的合作,共同发展！","https://www.zhaopin.com/jobdetail/CZ477434420J00104487703.htm?refcode=4019&srccode=401901&preactionid=a7c1140f-c46c-45e5-b867-ab342d8bdc77"
3653,科研人员,呼和浩特-赛罕区,4000-6000元,内蒙古东润能源科技有限公司,"新能源,新能源,计算机软件,网络/信息安全",100-299人,天使轮,CC436335220J40780382915,岗位内容： 1. 进行行业科研项目的调研、规划和实施，并对项目进行深入分析、总结和评估。 2. 编制科研项目相关的研究报告、技术文献、学术论文等，参加学术交流和讲座。 3. 持续掌握行业动态和科技创新情况，推动项目的技术研发和转化应用。 任职要求： 1. 具有相关学科的学士或以上学历，了解行业发展趋势和研究方向。 2. 具备较强的逻辑思维和科学素养，熟练使用科研工具和技能，包括文献检索、数据分析等。 3. 具有良好的报告编写能力、沟通协调组织能力。 4.本岗位吸纳应届毕业生，应届毕业生优先录取。,7月16日,内蒙古东润能源科技有限公司成立于2010年，国家级高新技术企业和双软认证企业，是一家集新能源并网系统、智慧营运及售电交易为一体的新能源技术和数据服务公司。注册与实缴资金为3224.13万人民币，总部位于内蒙古呼和浩特市。公司现有员工百余人，本科及以上学历占82%，平均年龄28岁。公司秉承人性化、精益化的企业管理模式。公司拥有健全完备的信用、资质体系，70+项知识产权（软件著作权、商标、发明专利、实用新型专利等）。是国家级高新技术企业，具有ISO9001质量管理、ISO14001环境管理、HSAS18001职业健康管理、知识产权管理、信息安全管理体系认证；国家级3A信用企业认证；承装（修、试）电力设施许可证书；电力总承包资质；亦是全国新型智能化风电场优秀设备、材料供应单位。荣获中国新能源行业最具投资价值品牌、内蒙古名片百强品牌。公司在青岛设立软件研发中心，获得内蒙古省、市级研发企业认定资格及多项科学技术进步政府奖励，与中国电科院、华北电力大学等建立科研和战略合作。同时，公司获得中国银行、建设银行、兴业银行等多家金融机构的信贷支持、信用认证。公司已为各级电网集团（国家电网、南方电网、蒙西电网等）、五大四小电力集团（华能、大唐、华电、国电、国家电投、华润、国华、国投电力、中广核等）、数十家主流新能源开发集团（龙源、京能、深能、中海油、三峡）等客户，涵盖全国28省份的所辖数百余新能源场站，提供了新能源并网、托管营运与定制化落地技术服务、新能源大数据平台服务、咨询与规划等服务，市场占有率居前。公司拥有三条产品线，分别是并网产品线：基于大数据的新能源并网系统；营运产品线：基于新能源智慧营运平台的电站托管营运服务；售电节能产品线：基于新能源售电消纳的售电交易服务。三条产品线互相支撑，形成新能源资产智慧营运生态链，为业主提供新能源全生命周期的服务。公司文化：三盈文化--客户盈利、公司盈利、员工盈利。公司愿景：让智慧清洁能源覆盖生活每个角落。公司使命：以国家“碳达峰，碳中和”为目标，聚焦新能源产业，为新能源行业提供能源数据服务、智能科技服务、能源资产管理服务。公司定位：成为中国最大的第三方新能源资产营运服务商。东润能源的梦想是利用新能源资产智慧营运生态平台，引领新能源高效营运的未来，为人类提供智慧清洁的能源！,"https://www.zhaopin.com/jobdetail/CC436335220J40780382915.htm?refcode=4019&srccode=401901&preactionid=a7c1140f-c46c-45e5-b867-ab342d8bdc77"
3654,科研人员,重庆-大渡口区,7000-10000元,重庆德谷医学检验实验室有限公司,医疗检测,20-99人,未融资,CCL1347816470J40801614008,任职条件 -研究生或以上学历; -生物材料/生物化学/生物工程/分子生物学专业方向，有过项目设计经验优先;-须发表过一篇SCI论文; 有较强的实验技能(如:材料合成，细胞实验，小动物实验等): -时间观念以及责任感强; -自主学习能力较强; 工作职责: 保持学习新知识、新技术，跟踪科研热点; .保持良好的实验习惯，严格遵守实验室规章制度，对自己和他人实验负责;定期参加实验技能培训; 根据研究数据的结果进行论文的撰写及相关工作; .及时沟通反馈实验中出现的问题， 有较强的实验技能(如:材料合成，细胞实验，小动物实验等);时间观念以及责任感强;,7月9日,重庆德谷医学检验实验室有限公司（以下简称“重庆德谷”）是康圣环球医学特检集团旗下子公司，是一家以血液专科检验服务为核心，集研发、科研、试剂及冷链物流服务为一体的第三方检验机构。重庆德谷具有全国领先的临床检验技术、产品研发及科研能力，拥有高分辨流式检测平台、三代测序平台、单细胞平台、细胞遗传平台、质谱平台及生物材料平台等专业平台，致力于为临床医疗提供专业的检测和科研服务。重庆德谷遵循国际规范、标准和行业指南，深刻洞察客户需求。秉承“病人利益至上、医生需求第一”的宗旨，与多家前沿高新技术公司深度合作，面向中国大型三级医院、专科医院和综合性医院提供全面、先进和准确的专科特检服务。,"https://www.zhaopin.com/jobdetail/CCL1347816470J40801614008.htm?refcode=4019&srccode=401901&preactionid=a7c1140f-c46c-45e5-b867-ab342d8bdc77"
3655,实施工程师,大连-开发区,8000-10000元,大连亨利测控仪表工程有限公司,"仪器仪表制造,电子/半导体/集成电路",100-299人,未融资,CC222175210J00507392602,,5月16日,"大连亨利测控仪表工程有限公司成立于1994年，是一家集产品研发、生产制造、销售服务于一体的外商独资企业。公司在大连经济技术开发区建设有25000平方米的工业控制阀生产基地。公司加工设备先进，检测手段齐全，其严格的品质管理和质量保证体系均已达到了ISO9001国际标准。公司始终如一专心致力于科技创新、管理创新。我们拥有一支高素质的研发、生产和销售队伍。公司设有企业技术开发中心、质量检测中心和流量检测中心，同步采用国际先进设计、制造技术和先进的加工制造装备，专业生产与销售工业自动化过程控制设备。产品涵盖控制阀和执行机构、流量仪表、数据采集、通讯和系统等工业过程测量与控制产品。公司产品广泛应用于冶金、化工、电站、源水和污水、石油及天然气、纸浆和造纸、医药及食品等领域。随着公司的迅速发展，我们也迎来了众多令人兴奋而又极具挑战的新机遇。为适应业务发展的需要，我们现公开招聘生产、管理、技术、销售精英，承担公司发展的重任。 Company Introduction Established in 1994, Dalian Hengli Measure& Control Instrument Engineering Co., Ltd. is a wholly foreign-owned enterprise focusing on research& development, manufacturing, sales and customer service. Company owns a 25000 square meter industrial control valve production base in Dalian Development Zone. With advanced processing equipment and complete testing facilities, company’s strict quality management and quality assurance system has reached ISO9001 international standard. Dalian Hengli has always been focusing on the innovation of technology and innovation of management. We have a team of highly qualified professionals working on research& development, production and sales. Company has research& development center, quality control and testing center as well as flow testing center. With advanced design, manufacturing technology and advanced processing equipment, company is specializing in producing and selling industrial automated process control products. Company products include control valves and actuators, flow meter instruments, testing and controlling devices for collecting data, communication and system industries. Company products are widely used in metallurgy and chemical industry, power plant,","https://www.zhaopin.com/jobdetail/CC222175210J00507392602.htm?refcode=4019&srccode=401901&preactionid=a7c1140f-c46c-45e5-b867-ab342d8bdc77"
3656,科研人员,温州-龙湾区,3-5万,瓯江实验室,学术/科研,300-499人,,CCL1432124630J40433909312,研究领域：织器官再生与重塑、眼疾病与视觉功能康复、脑疾病与认知功能康复、再生医学材料、高端医疗器械（装备）。 岗位职责： 1）独立从事研究工作，主持国家、市、单位的科研项目，按计划完成研究任务； 2）根据科研需要，指导青年科研人员的研究工作； 3）承担领导交办的各类学术活动的组织工作。岗位职责： 任职要求： 1）博士学历，化学、材料学、生物学、医学、药学、分子生物学、生物医学工程、物理学等相关专业，具有两年以上博士后研究经历; 2）了解本学科国内外现状和发展趋势，能独立开展国际交流。 职位福利：餐补、五险一金、员工食堂 ,7月28日,,"https://www.zhaopin.com/jobdetail/CCL1432124630J40433909312.htm?refcode=4019&srccode=401901&preactionid=a7c1140f-c46c-45e5-b867-ab342d8bdc77"
3657,Java,成都-郫都区,1.4-2.5万·15薪,外企德科数字技术有限公司,专业技术服务,10000人以上,,CCL1480117890J40780948005,岗位职责,2025-07-27 00:25:05,外企德科数字技术有限公司是一家2023年新成立的中外合资企业。成立于2023年11月24日，公司定位：专注于为信息技术企业提供人才及数字技术外包解决方案的中外合资企业。它是由中国人力资源服务行业的FESCO（北京国际人力资本集团）与全球人力资源服务领导者The Adecco Group（德科集团）合资成立的。公司主要提供网络技术服务、软件外包服务、计算机系统服务、技术进出口、软件开发等信息技术相关服务。专注于为信息技术企业提供信息技术类人才及数字技术外包解决方案。,"https://www.zhaopin.com/jobdetail/CCL1480117890J40780948005.htm?refcode=4019&srccode=401901&preactionid=a7c1140f-c46c-45e5-b867-ab342d8bdc77"
3658,测试工程师,东莞-None,1.2-2万,软通动力信息技术(集团)股份有限公司,"互联网,IT服务,计算机软件",10000人以上,D轮及以上,CC000544460J40584812916,岗位内容： 1. 执行硬件测试任务，并维护测试数据和文档； 2. 跟进测试过程中发现的问题，协助解决硬件缺陷； 3. 收集硬件测试需求，推动测试工具和方法的改进。 任职要求： 1. 熟悉常用的硬件测试方法和工具，有相关经验者优先考虑； 2. 善于沟通和协作，具有良好的团队合作精神； 3. 具备较强的学习和自我提升意愿，能够快速适应新环境和新技术。,7月3日,软通动力信息技术（集团）股份有限公司（以下简称“软通动力”）是中国数字技术产品和服务创新领导企业，致力于成为一家具有全球影响力的科技企业，企业数字化转型可信赖合作伙伴。公司2005年成立于北京，多年来始终坚持科技创新，具有软硬全栈的智能技术产品和服务能力，提供软件与数字技术服务、计算产品与数字基础设施、数字能源与智算服务以及国际化服务。目前，公司在10余个重要行业服务超过1100家国内外客户，其中超过230家客户为世界500强或中国500强企业，员工近90000人。软通动力拥有软通咨询、软通金科、软通工业互联、机械革命、软通华方等业务子品牌，并在全球40余个城市布局业务，构建北美、日本、东南亚、中东四大国际交付中心，在北京城市副中心、江苏无锡建设两大智能制造基地。同时，公司前瞻布局智能制造、ICT软硬基础能力和生产力智能化产品，打造产业链闭环。软通动力设立30个能力中心，拥有1个国家级工程实验室，6个省市政府认定的工程、技术实验室及研发中心，1个博士后科研工作站，50+技术合作伙伴的生态合作体系，不断探索前沿技术的巨大商业应用潜力。公司旗下教育品牌软通教育，拥有一家全日制本科学院——郑州西亚斯学院数字技术产业学院；同时在全国合作院校600多所，设有70多个校企联合人才培养基地，通过校企合作、协同育人，为社会培养高素质应用型人才。软通动力先后获得“2023年中国IT服务市场排名TOP 1”、“2024年Q4 PC出货量国内市场份额排名TOP 2”、“2024年中国软件和信息技术服务竞争力百强企业”、“2023年中国信创企业100强”、“2024万得ESG评级（Wind ESG Rating）AA级及信息技术服务行业ESG综合得分排名第一”等荣誉及市场认可，并拥有全球软件工程领域最高级别CMMI V2.0成熟度5级评估认证、国家研发运营一体化（DevOps）三级能力成熟度模型认证、信息技术服务标准（ITSS）运维能力成熟度一级认证等专业资质，支撑公司更优质的服务体系。,"https://www.zhaopin.com/jobdetail/CC000544460J40584812916.htm?refcode=4019&srccode=401901&preactionid=a7c1140f-c46c-45e5-b867-ab342d8bdc77"
3659,前端开发,天津-滨海新区,6000-10000元,天津格兰瑞科技有限公司,"仪器仪表制造,计算机软件,计算机硬件,学术/科研",20人以下,未融资,CC365617480J40740097701,岗位内容： 1. 使用HTML、CSS和JavaScript等技术，开发并维护网站前端页面和用户交互体验。 2. 协同设计和后端团队进行跨部门的页面开发。 3. 进行代码审查和测试，确保页面质量和浏览器兼容性。 4. 跟踪前端技术的更新和趋势，提高前端开发工作效率和页面性能。 任职要求： 1. 熟练掌握前端开发技术，包括HTML/CSS/JS、jQuery、Vue.js或React等框架。 2. 拥有良好的编码习惯和代码规范意识，并能够进行代码审查，保证代码质量。 3. 具备跨部门沟通协作能力和问题解决能力。 4. 了解SEO、Web Accessibility和Web性能优化等相关知识。,5月29日,天津格兰瑞科技有限公司，是一家专注于海洋仪器设备的研发、生产以及服务的高科技公司，致力实现海洋调查设备的自主创新，推进其国产化进程。公司位于洞庭一街科技发展中心，交通便利，环境优雅。为员工提供充分的发展平台和广阔的职业前景，鼓励员工与公司共同成长。公司福利，包括五险一金、餐补和交通补贴。,"https://www.zhaopin.com/jobdetail/CC365617480J40740097701.htm?refcode=4019&srccode=401901&preactionid=a7c1140f-c46c-45e5-b867-ab342d8bdc77"
3660,测试工程师,福州-马尾区,5000-7000元,福建时代星云科技有限公司,"新能源,新能源,通用设备制造",500-999人,天使轮,CC848217550J40310034309,岗位职责：,10月10日,福建时代星云科技有限公司，成立于2019年2月，注册资本42195万元。由宁德时代（300750）投资设立，董事长黄世霖先生为宁德时代创始人之一。CNTE是一家集锂电储能设备研发、生产、销售、服务于一体，以储能应用技术为核心，为客户提供发电侧、电网侧、用户侧储能产品及解决方案的高新技术企业。时代星云秉持专注、创新、卓越、奋斗的理念，基于企业在电化学及锂电储能技术上的优势，为客户提供光储充检一体化充电站、工商业储能、大型电力储能、智能家储系统、便携式电源等全场景储能解决方案，并通过运用先进的云计算、大数据、人工智能、物联网技术为储能产业赋能，致力于构建智慧能源互联网产业生态及智慧能源交易平台。,"https://www.zhaopin.com/jobdetail/CC848217550J40310034309.htm?refcode=4019&srccode=401901&preactionid=a7c1140f-c46c-45e5-b867-ab342d8bdc77"
3661,技术支持工程师,郑州-管城回族区,7000-12000元,东华医为科技有限公司,"IT服务,IT服务",1000-9999人,未融资,CC649781480J40424691405,任职要求： 1、本科及以上学历，一本以上院校毕业； 2、熟悉HTML、C#、Java语言的一种或多种; 3、掌握MySQL、SQLServer、Oracle等的一种或多种; 4、熟悉easyUI、VUE、React等前端框架技术优先; 5、有医疗行业从业经验优先; 岗位职责： 1、负责产品在医院的实施上线； 2、负责产品的演示和沟通交流； 3、负责解决产品上线后的运维需求；,2025-07-27 00:47:40,东华医为科技有限公司（简称东华医为）成立于2012年5月，注册资金5000万，是东华软件股份公司旗下专业服务医疗、卫生等大健康领域IT业务的全资子公司。东华医为现有员工2000余人，其中技术人员占比达到90%，拥有近100项大健康类自主知识产权的软件产品，所覆盖的大健康领域有医疗机构、卫生管理机构、互联网医疗、人工智能、大数据、健康管理等，所涉及的主要业务有IT咨询规划、方案设计、系统集成、软件开发与交付、工程实施与交付、人才培养、售后运维、合作运营等。东华医为现为全国500余家大健康领域的各类用户提供着持续的技术服务，还连续多年蝉联中国十佳医疗行业解决方案商榜首。传承了东华软件医疗卫生事业部近二十年IT业务的东华医为，在高速发展的大健康领域，笃定能大有作为。,"https://www.zhaopin.com/jobdetail/CC649781480J40424691405.htm?refcode=4019&srccode=401901&preactionid=a7c1140f-c46c-45e5-b867-ab342d8bdc77"
3662,测试工程师,南京-江宁区,7000-10000元·13薪,天津航天瑞莱科技有限公司,"检测/认证,检测/认证",300-499人,不需要融资,CC467212810J40747194312,一、岗位职责 1.负责开展试验检测标准的研究和分析； 2.负责编制试验方案并组织试验检测实施； 3.负责试验工装夹具的设计并提出试验项目采购需求； 4.负责对试验数据进行计算，分析产品故障原因，为客户提供产品改进方案； 5.负责根据客户需求编制试验检测报告。 二、岗位要求 1.学历：本科及以上学历，力学、可靠性、机械、控制科学与技术、热力学、材料、测控、航空航天等相关专业，具有相关工作经验、特别优秀者可适当放宽条件； 2.具备应用办公自动化软件编写技术文档、汇报科研成果和出 具检测校准报告的能力； 3.具备一定的阅读、翻译和编制外文技术论文或检索相关技术 文献资料的能力； 4.勤奋踏实，吃苦耐劳，沟通能力良好，有钻研精神，能够适应加班工作； 5.具有较强的工作责任心和团结协作精神。 三、工作地点：上海/苏州/南京 四、薪酬福利： 1.综合薪酬：年薪9-12万； 2.五险一金、提供食宿、带薪年假、节日慰问福利、定期体检等。,5月30日,天津航天瑞莱科技有限公司成立于2009年7月，注册资金9000万元，由中国运载火箭技术研究院、北京强度环境研究所共同出资设立，是航天检测技术市场化、产业化的主体平台之一，面向军民各行业提供专业的试验检测服务、试验装备制造、试验室集成业务，服务网络覆盖全国。公司以打造国内领先、国际一流的第三方检验检测机构为发展定位，坚持“提升产品品质、助力客户成功、发展员工能力、培育行业专家”的企业使命，一直致力于为客户提供专业的试验检测服务与装备，使“航天瑞莱”品牌在试验检测服务行业具有较高的知名度，得到了客户的广泛认可。公司被认定为国家级高新技术企业、国家企业技术中心、国家中小企业公共服务示范平台、天津市强度环境可靠性技术工程中心、天津市企业技术中心、天津市科技领军企业、天津市科技小巨人企业、天津市专利试点单位、天津市杀手锏产品单位，获得了武器装备科研生产二级保密资格、武器装备科研生产备案、装备承制资格（试验类）、装备质量管理体系认证、国家实验室认证认可、国防科技工业实验室认可、检验检测机构资质认定等资质。,"https://www.zhaopin.com/jobdetail/CC467212810J40747194312.htm?refcode=4019&srccode=401901&preactionid=a7c1140f-c46c-45e5-b867-ab342d8bdc77"
3663,科研人员,天津-滨海新区,1.8-2.5万,浙江大学滨海产业技术研究院,"科学技术推广,科学技术推广,学术/科研,学校/学历教育",100-299人,不需要融资,CC703953326J90250062000,浙江大学滨海产业技术研究院博士后工作站公开招聘博士后研究人员：  研究方向：大数据开发 要求：1.计算机或相关专业，熟悉大数据的应用，如在智慧水务、医药健康等领域。  2.语言、图表的表达能力强，善与人沟通交流，思维逻辑性强，条理性、系统性强。思路开阔，具创新精神，愿意从事综合性创新性的工作。 3.原则上年龄不超过35岁；  4.已在国内外获得博士学位，或即将获得博士学位（博士培养单位出具证明，进站前能获得博士学位），或新由其他博士后科研流动站（工作站）出站；  5.身体健康，品学兼优，具备完成科研项目的研究能力和敬业精神。   职位福利：五险一金、餐补、带薪年假、定期体检、免费班车 ,3月1日,浙江大学滨海产业技术研究院是浙江大学与天津市滨海新区人民政府共建的独立法人事业单位。研究院于2014年8月注册成立，位于滨海高新区高新六路39号滨海科技园渤龙湖总部基地二区。浙江大学滨海产业技术研究院是浙江大学创建世界一流大学、服务社会和区域经济发展的重大举措，促进高校科技成果的转化和推动滨海新区科技创新与产业转型升级。研究院围绕高端装备制造、节能环保、生物医药和现代服务业等主导产业，整合浙江大学现有的学科、人才、教育、科技、校友和国际化等优势资源，结合滨海新区产业的实际需求，开展创新技术和高新产品的研发、高新技术企业的孵化以及人才培育和科技服务等工作，逐步发展成为拔尖创新人才的集聚地、高科技企业的加速器、国内领先的战略新兴产业的孵化器，为滨海新区乃至环渤海区域科技创新、经济发展和社会进步作出贡献。了解更多信息，请登录我们的官方网站www.zjubh.com进行查询。,"https://www.zhaopin.com/jobdetail/CC703953326J90250062000.htm?refcode=4019&srccode=401901&preactionid=a7c1140f-c46c-45e5-b867-ab342d8bdc77"
3664,科研人员,北京-朝阳区,2-3万,中国科学院微电子研究所,"电子/半导体/集成电路,仪器仪表制造,学术/科研,通信/网络设备",1000-9999人,未融资,CC000551140J40730594707,岗位职责： 1.开展新型铁电存储器工艺开发及可靠性优化研究 2.围绕新型铁电存储器件实验与测试、器件模型与机理研究，器件与电路的协同设计方法开展研究 岗位要求： 1．具备物理学、半导体物理、半导体制造等相关知识背景和追踪国际前沿科研成果的能力，具有方向建设能力 2．熟练掌握CMOS工艺制造的流程和相关技术； 3．熟练掌握各类存储器的机理、可靠性及集成等理论知识； 4．熟练应用相关测试仪器和表征手段等。 ,6月17日,中国科学院微电子研究所自诞生起就是中国微电子技术创新的引领者和产业发展的推动者。经过六十多年的发展，中国科学院微电子研究所已经成为国内微电子领域学科方向布局最完整的综合研究与开发机构，是国家科技重大专项集成电路装备及工艺前瞻性研发牵头组织单位，是中国科学院大学微电子学院（国家示范性微电子学院）的依托单位，是中国科学院集成电路创新研究院的筹建依托单位。现拥有2个基础研究类中国科学院重点实验室（微电子器件与集成技术重点实验室、硅器件技术重点实验室），5个行业服务类研发中心（EDA中心、集成电路先导技术研发中心、系统封装与集成研发中心、中科新芯三维存储器研发中心、光刻技术总体部），7个行业应用类研发中心（通信与信息工程研发中心、新能源汽车电子研发中心、健康电子研发中心、智能感知研发中心、智能制造电子研发中心、智能电子系统研发中心、电磁信息智能应用研究中心），4个核心产品类研发中心（硅器件与集成研发中心、高频高压器件与集成研发中心、微电子仪器设备研发中心、光电技术研发中心）。截至目前，微电子所共有在职职工一千余人，包括中国科学院院士2人、发展中国家科学院院士1人、国家杰出青年科学基金获得者4人。研究员及正高级工程技术人员150人、副研究员及高级工程技术人员343人。微电子所坚持开放办所理念，坚持“企业为主体，市场为导向，产学研用结合”的对外合作思路，与北京大学、清华大学、复旦大学等高校和武汉新芯、上海华力、华润微电子、北方微电子等企业结为战略合作伙伴，在北京、江苏、湖北、四川、广东、湖南等省市开展科技成果转移转化，在我国微电子领域拥有广泛的影响，为支撑我国微电子产业核心竞争力发挥了不可替代的重要作用。联系方式：hr@ime.ac.cn(只接受问题咨询)官网：http://www.ime.cas.cn/地址：北京市朝阳区北土城西路3号,"https://www.zhaopin.com/jobdetail/CC000551140J40730594707.htm?refcode=4019&srccode=401901&preactionid=a7c1140f-c46c-45e5-b867-ab342d8bdc77"
3665,技术支持工程师,北京-海淀区,6000-12000元,上海任仕达人才服务有限公司,"人力资源服务,人力资源服务",300-499人,已上市,CC255880510J40516941908,工作职责： 1、负责现场设备的安装和调试、验收、开通等工作； 2、负责现场的设备维护工作、顾客培训、故障处理；及时反馈现场故障，及时与技术组、生产组人员沟通，快速及时解决现场问题 3、负责现场与各相关部门的协调工作； 4、负责工程相关技术文档、图纸的绘制和编写； 5、负责部分测试工作； 6、负责协助完成部分商务工作，如招投标相关事宜、商务文件办理事宜及其他项目负责人交办的工作任务。 7、完成领导临时交办的工作相关任务。 岗位要求： 1、本科学历，通信、铁道等相关专业优先，有相关铁路行业及相关从业经验优先； 2、具备吃苦耐劳精神，具有较强的沟通协调能力，工作认真负责，责任心强 3、适应长期出差,6月18日,"Opportunities at Randstad- a global professional staffing firm. We have multiple opportunities for people to join us and we will fully train you to become a Recruitment Consultant. In return for your hard work, we will reward you with an outstanding work environment, highly motivated and energetic colleagues, recognition for your success and an exceptionally generous remuneration package based on your performance.","https://www.zhaopin.com/jobdetail/CC255880510J40516941908.htm?refcode=4019&srccode=401901&preactionid=a7c1140f-c46c-45e5-b867-ab342d8bdc77"
3666,前端开发,南京-建邺区,200-320元/天,南京设易网络科技有限公司,"互联网,互联网",20-99人,,CC337255410J40773953707,【岗位职责】 1.独立负责部分前端模块的开发，确保代码质量、可维护性和性能优化； 2.参与需求分析和技术方案设计，能自主拆解任务并推动落地； 3.协助优化前端工程化体系； 4.关注前端性能、用户体验，并进行针对性优化； 5.学习并实践前沿技术。 【任职要求】 1.计算机相关专业在读，每周可实习5天，持续6个月； 2.扎实的HTML5、CSS3、JavaScript基础，能独立完成复杂页面开发； 3.熟练使用React，理解其核心原理并有实际项目开发经验； 4.熟悉前端工程化（Webpack/Vite、npm/yarn/pnpm、Babel等）； 5.熟悉Git工作流，能独立管理代码，具备良好的编码规范； 6.了解HTTP协议、RESTful API，能独立对接后端接口； 7.熟悉前端性能优化手段（如懒加载、代码拆分、缓存策略等）； 8.自驱力强，能独立解决问题，具备良好的逻辑思维。,7月15日,"南京设易网络科技有限公司自2010年创立以来，始终深耕室内设计领域，作为国内领先的室内设计师综合服务平台，我们以""让设计更容易""为使命，持续为设计师群体提供创新价值。旗下核心平台【建E网】（www.justeasy.cn）已成为行业标杆，服务覆盖全国数百万设计师。价值体系▸企业使命：让设计更容易，为设计师赋能▸企业愿景：打造数字驱动的室内设计师服务生态▸核心价值观：以用户成就定义成功，以持续超越创造价值全方位服务体系我们构建了设计师职业全周期支持生态：✓效率工具：海量设计素材库与智能工具✓品牌赋能：媒体推广与个人IP建设✓成长学院：专业技能提升与行业认证人才福利体系我们相信，优秀的员工是企业发展的根本：【公司作息】•双休+法定假日+带薪年假•人性化假期（婚假/产假/陪产假/孕检假）【暖心关怀】•节日三重礼（春节/端午/中秋礼品）•人生重要时刻礼金（结婚/生育/周年）•不定期下午茶郑重声明近期发现有不法分子假冒我司名义招聘，请注意： 1.我司所有招聘均通过官方渠道发布 2.绝不收取任何形式的押金/培训费 3.对侵权行为我司将依法追究法律责任，请求职者提高警惕","https://www.zhaopin.com/jobdetail/CC337255410J40773953707.htm?refcode=4019&srccode=401901&preactionid=a7c1140f-c46c-45e5-b867-ab342d8bdc77"
3667,C/C++,北京-通州区,4000-8000元,北京军航耀华科技有限公司,"计算机硬件,计算机硬件,电子/半导体/集成电路",20-99人,未融资,CCL1257089680J40729733701,岗位职责 1) 参与项目需求分析工作，编写软件设计方案并组织评审； 2) 根据项目研制任务书，参与软件需求的分解，编写软件需求规格说明书并归档； 3) 参与软件单元模块的测试，并记录测试结果； 4) 协助测试工程师制定测试计划和编写测试说明； 5) 协助测试工程师完成测试软件的设计与开发； 6) 协助测试工程师完成软件测试工作； 7) 负责与软件外协厂家的技术沟通； 8) 负责项目软件及配套软件研发周期的估算； 9) 参与软硬件联调工作，了解并解决软硬件兼容性问题； 10) 全面贯彻落实GJB5000B及GJB438C文件要求，负责软件交付文档的编写； 11) 负责完成上级领导安排的其他工作。 任职要求 1) 本科及以上学历，计算机、电子、通信、测控、控制、自动化等相关专业； 2) 熟悉C，C++语言，熟悉网络通信编程； 3) 熟练使用Qt Creator、Visual Studio等IDE ； 4) 擅于自主思考，具有内驱力，抗压能力强，思维严密，具备良好的沟通与协调能力及执行力，有团队合作意识和高度的责任感； 5) 有军品研制相关经验者优先。,6月30日,北京军航耀华科技有限公司（简称：军航耀华）成立于2016年，是专业从事测试测量软硬件产品及测控系统等研发、生产、销售、服务于一体的高新技术企业，为航空、航天、船舶、兵器等单位提供产品试验、测试系统和地面维护保障设备相关的解决方案，为中国军工装备保驾护航。公司主要侧重于测控技术和光电测量技术两个专业方向相关的产品研发，经过多年的持续科技创新，已经形成模块化仪器（通用货架产品）和综合测控系统两个业务板块。军航耀华立志成为我国军工装备制造企业的“测试测量产品和测控系统优质配套服务商”，为行业客户提供先进的技术、产品和优质的服务。,"https://www.zhaopin.com/jobdetail/CCL1257089680J40729733701.htm?refcode=4019&srccode=401901&preactionid=a7c1140f-c46c-45e5-b867-ab342d8bdc77"
3668,技术支持工程师,杭州-上城区,2-2.5万·13薪,睿云联(厦门)网络通讯技术有限公司,"计算机硬件,互联网,通信/网络设备,计算机软件",300-499人,A轮,CC530673120J40757389301,岗位职责： 1、收集和管理客户需求，制定和宣讲解决方案，帮助销售获得客户订单； 2、培训客户产品技术知识，帮助客户快速熟悉产品方案； 3、解决客户日常产品技术问题，保持客户对服务的高满意度； 4、维护客户关系，为更多销售业务拓展提供支撑。任职要求：  1、本科及以上学历，计算机、电子、通信等理工科相关专业优先；  2、具备良好的理解和分析能力，对问题具有敏感性，抗压能力强；  3、具备良好的客户服务意识，沟通协调、推动执行能力强；  4、日语听说读写流利，能作为工作语言，与海外客户顺畅交流。,7月21日,睿云联（厦门）网络通讯技术有限公司成立于2012年，是全球领先的智能对讲产品及服务提供商，针对全球中高端市场，提供住宅/社区、商务办公、养老医疗和公众报警整体解决方案。目前，睿云联产品和方案遍及100多个国家和地区，智能对讲品牌AKUVOX正在成为全球一线品牌。我们的使命是“通过持续提供更好的沟通体验、更多的安全和便利，提高人们的生活品质”，在AIOT时代与全球合作伙伴及用户共同开启一个智慧世界。凭借多年在科技创新方面的高投入，我们融合网络通信、人工智能、安全、云计算和移动互联网等前沿技术，构建了业界领先的研发能力和独特优势。我们注重科技与艺术的融合，产品设计处处以人为本，在用户体验和质量方面不断追求极致，通过优异的服务持续为合作伙伴创造价值。我们思贤若渴，公司积极吸引各类优秀人才，努力为员工打造一个快速成长、充分发挥的环境，并提供有竞争力的薪资和福利。欢迎优秀人才加入睿云联！,"https://www.zhaopin.com/jobdetail/CC530673120J40757389301.htm?refcode=4019&srccode=401901&preactionid=a7c1140f-c46c-45e5-b867-ab342d8bdc77"
3669,测试工程师,西安-长安区,5000-8000元,北京京瀚禹电子工程技术有限公司,"电子/半导体/集成电路,检测/认证,船舶/航空/航天/火车制造,仪器仪表制造",500-999人,未融资,CC184293120J40789121505,岗位职责：,7月5日,北京京瀚禹电子工程技术有限公司成立于2008年，是上市公司北摩高科（002985）控股公司，是北航元器件可靠性技术成果转化落地企业，是专业第三方可靠性系统工程实验中心。公司设有北京元器件实验中心、北京环境试验中心、南京元器件实验中心、西安元器件实验中心，总实验场地23000余平米，并且在上海、无锡、成都、深圳设有分公司/办事处，服务网络辐射全国。公司团队400余人，其中院士1人，博硕士人员70余人，本科及以上300余人，资产总额10亿元，年研发投入6000万元，年筛选检测能力约6000万只，分析能力约40000批。京瀚禹可靠性实验中心规模业内领先。依托于四大实验中心的试验能力，京瀚禹公司可为客户提供四大服务板块，能力覆盖封装测试、元器件质量保证（鉴定检测、可靠性筛选检测、破坏性物理分析、应用验证、失效分析、一致性检验）、整机环境与可靠性试验（力学试验、气候试验、综合试验、环境应力筛选、可靠性增长、加速寿命）以及相关配套服务（集成电路测试方案研发、线路板设计制造、SMT贴装、LIMS软件、设备设施、咨询服务）。四大服务板块覆盖可靠性保证的核心环节，为客户提供一站式服务。公司为高新技术企业，具备承接各行业检测任务的专业资质，建有独立的研发中心，并且与北航可靠性工程学院、集成电路学院成立“京瀚禹-北航联合实验室”，在检测技术、先进芯片设计与测试、国产化替代课题研究等三大方向进行研发工作，已申请50余项国家授权专利，400余项软件著作权，是北京市市级企业技术中心。公司配备各类国内外领先试验设备2000余台/套，测试软件程序库40000余种，配套板卡18000余块，覆盖封装尺寸2500余种，典型尖端设备包括V93K，ULTRAFLEX，IVA210S，EVO18等，京瀚禹实验中心设备先进，配套齐全，具备各类大规模集成电路、半导体分立器件、大功率电源模块、光电子器件、连接器、继电器、开关、电线电缆、通用元件等各类元器件和组件整机的检测的能力，并积累了大量的国内外元器件的检测分析经验，检测试验能力在同行业处于领先地位。京瀚禹公司自主开发行业领先的实验室管理软件系统，建立了涵盖出入库、实验流程、研发过程和成果管理、检测分析、实时进度查询、实时结算等各类数据库，可以为客户提供从元器件封装测试、可靠性检测分析、整机环境试验等全部环节的技术支持服务。实验中心拥有全方位服务能力，在满足客户对于试验质量和节点等服务的需求方面，得到客户广泛认可，获得客户金牌/优秀供应商称号数十个，在可靠性保证领域具备非常强的公信力。,"https://www.zhaopin.com/jobdetail/CC184293120J40789121505.htm?refcode=4019&srccode=401901&preactionid=a7c1140f-c46c-45e5-b867-ab342d8bdc77"
3670,软件测试,杭州-滨江区,150-200元/天,亚信科技(中国)有限公司,通信/网络设备,10000人以上,已上市,CC139131340J40752649411,"【工作职责】 1、负责项目的测试工作； 2、负责现场客户培训工作； 3、负责客户需求沟通工作； 4、负责数据后台数据库处理工作； 5、负责服务器监控及启动停止工作； 6、配合项目文档编写等工作。 【职位要求】 1、2026届毕业生，本科及以上学历，计算机、软件、通讯等相关专业； 2、能使用Oracle/MySql,PL/SQL，使用unix、linux系统，具备一定的SHELL脚本编写能力 3、性格开朗，学习及语言表达能力强，善于与人沟通、交流。",7月1日,亚信科技是中国领先的信息科技产品及服务提供商，拥有丰富的软硬件产品开发和大型工程实施经验。公司深耕市场超过 30年，在 5G、云计算、大数据、人工智能、物联网、数智运营、业务及网络支撑系统（BSS&OSS）等领域具有先进的技术能力和众多成功案例，客户遍及通信、广电、能源、交通、政务、金融、邮政等行业。近年来，亚信科技持续聚焦云网、数智、IT三类产品的研发，并结合咨询规划、数智运营和系统集成能力，不断向“产品与服务双领先”目标迈进。2024年公司进一步提出“四个转变”发展战略，聚焦打造 5G专网、边缘智能、信创数据库、大数据与可信数据流通、xGPT等战略级软件及软硬一体产品，并加强向非通信及国际市场的开拓。亚信科技始终致力于将 5G、人工智能、大数据等数智技术赋能至百行千业，与客户共创数智价值。面向未来，公司将努力成为最可信赖的数智价值创造者，并依托数智化全栈能力，创新客户价值，助推数字中国。,"https://www.zhaopin.com/jobdetail/CC139131340J40752649411.htm?refcode=4019&srccode=401901&preactionid=a7c1140f-c46c-45e5-b867-ab342d8bdc77"
3671,实施工程师,北京-海淀区,8000-13000元,北京市德光电子公司,"电子/半导体/集成电路,互联网,仪器仪表制造",20人以下,,CC120941640J40781246213,岗位职责： 1. 提供产品技术支持，协助销售团队完成销售目标。 2. 负责客户技术问题的咨询解答，提供专业的技术指导。 3. 收集并分析客户需求，为产品改进提供参考意见。 4. 配合市场部门进行产品推广和宣传。 岗位要求： 1. 熟悉公司产品及相关技术知识。 2. 英语四级及以上，有熟练的口语交流能力。 3. 有较强的团队合作精神和服务意识。,5月23日,"北京市德光电子公司，是一家从事专业设计、生产和销售无损检测（NDT）仪器设备的高新技术企业。1993年在北京中关村科技园注册成立。公司拥有一支由专家组成的专业研发队伍，和一个全国性的销售服务网络。德光公司卓越的产品质量、性能和产品的可靠性以及可信赖的售后服务，已赢得广大用户的赞扬。德光公司的商业目标是：""全面贯彻质量管理体系，提供具有高级功能、高可靠性、满意的价格和可信赖的服务的卓越产品""。公司当前生产的高科技产品包括：智能超声波测厚仪和里氏硬度仪两大系列，并拥有完全自主的知识产权。德光的产品和服务已广泛应用在中国的电力、石油化工、压力容器制造、机械制造和汽车制造等工业领域，为工业客户提供可靠的计量、检测和质量控制。德光公司在中国有一良好的销售和服务网络，在中国各大城市拥有40家全国性的销售服务分销商，他们在市场竞争和提供高质量服务方面的工作是卓有成效的。德光公司的产品现已大量出口到美国和欧洲市场。现在，因业务发展需要诚邀有实力及经验的人士加入我们的团队，我公司以最优的福利待遇和培训机会，实现员工和企业的和谐发展，共同开创德光辉煌的事业！","https://www.zhaopin.com/jobdetail/CC120941640J40781246213.htm?refcode=4019&srccode=401901&preactionid=a7c1140f-c46c-45e5-b867-ab342d8bdc77"
3672,技术支持工程师,郑州-管城回族区,5000-8000元,锐劲特空调设备有限公司,"通用设备制造,通用设备制造",20-99人,不需要融资,CCL1449552810J40711070216,岗位职责： 1、技术资料的存档、管理；  2、标准化结束文件与产品介绍的编制；  3、根据项目，对非标机组技术支持、技术确认；  4、公司在售机型及新机型的技术文件、产品介绍、PPT的编制；  5、参与空调新产品研发相关实验测试、技术跟进与解决；  6、空调产品售后整改工作的技术支持；,5月10日,锐劲特空调设备有限公司成立于2012年，是我国工业特种制冷领域专业制造商，是一家及研发、设计、生产、销售服务与一体的高新技术企业公司。产品广泛应用于石油、化工、发电储能、造纸、煤炭焦化、钢铁冶金、精密机械、工业冷冻、精密控制等行业。拥有规范化的管理和世界水准的制造等级，领先的技术优势及优秀的人才团队。,"https://www.zhaopin.com/jobdetail/CCL1449552810J40711070216.htm?refcode=4019&srccode=401901&preactionid=a7c1140f-c46c-45e5-b867-ab342d8bdc77"
3673,测试工程师,莆田-城厢区,1-1.2万·13薪,青岛瑞晟元人力资源有限公司,人力资源服务,20人以下,不需要融资,CCL1431271280J40777392807,,2025年07月28日,,"https://www.zhaopin.com/jobdetail/CCL1431271280J40777392807.htm?refcode=4019&srccode=401901&preactionid=a7c1140f-c46c-45e5-b867-ab342d8bdc77"
3674,Java,苏州-工业园区,9000-18000元,江苏双马智能科技有限公司,通用设备制造,20-99人,,CC875887510J40815669015,"精通用Java写后端Service，精通DB Design, MySQL, PDF, Scheduler, Linux, 等等。",6月12日,,"https://www.zhaopin.com/jobdetail/CC875887510J40815669015.htm?refcode=4019&srccode=401901&preactionid=a7c1140f-c46c-45e5-b867-ab342d8bdc77"
3675,测试工程师,南通-崇川区,5000-6000元·14薪,弘凯光电(江苏)有限公司,电子/半导体/集成电路,100-299人,,CCL1284312260J40808535108,岗位职责： 1、 負責确保所分配的委託單試驗項目的按期完成-委托单的接收確認、試驗環境搭建、試驗過程資料照片的記錄、試驗前後光電參數測試、數據分析整理、輸出報告等； 2、配合提供CNAS审核所需的资料； 3、每日對檢測室各區域溫濕度進行點檢記錄； 4、每日對檢測室儀器設備進行保養及點檢工作； 5、維持檢測室6S； 6、能接受加班。  任职资格：  1、大专及以上学历，应届生即可；  2、性格穩重，表達邏輯優秀，細心，有耐心，良好的溝通協調能力。,7月18日,,"https://www.zhaopin.com/jobdetail/CCL1284312260J40808535108.htm?refcode=4019&srccode=401901&preactionid=a7c1140f-c46c-45e5-b867-ab342d8bdc77"
3676,软件测试,成都-武侯区,1-1.2万·13薪,青岛瑞晟元人力资源有限公司,人力资源服务,20人以下,不需要融资,CCL1431271280J40777974907,岗位职责： 1. 负责软件的功能测试。 2. 执行测试用例，报告缺陷并跟踪缺陷的修复。 3. 与开发团队协作，确保软件质量满足需求。 4. 参与软件测试流程的优化和改进。 岗位要求： 1. 熟悉软件测试理论、方法和流程。 2. 具备功能测试经验。 3. 了解运维工程师、网络工程师的工作内容，能进行基本的IT质量管理。 4. 有信息技术、标准化、电子或电路工程相关背景者优先。 薪资待遇：包住、六险一金、工龄工资、生日礼金、定期体检、带薪年假、绩效奖、项目奖、年终奖.,2025年07月29日,,"https://www.zhaopin.com/jobdetail/CCL1431271280J40777974907.htm?refcode=4019&srccode=401901&preactionid=a7c1140f-c46c-45e5-b867-ab342d8bdc77"
3677,软件测试,重庆-江津区,9000-10000元,重庆科满福人力资源服务有限公司,企业服务,20-99人,,CCL1487604860J40922519604,【岗位职责】： 1、软件测试岗位职责  2、接受测试任务，进行需求分析 3、按照测试计划搭建测试环境，并保证测试环境的可靠性 4、按照测试计划编亏测试用例，保证测试用例合理有效 5、按照测试用例执行测试，及时发现缺陷，并使用工具进行管理缺陷 6、编写和提交测试报告，保证测试进度按计划完成 7、参与审核其他测试工程师的测试用例和报告 8、学习公司已有方案和推广使用新的测试技术和工具,6月28日,,"https://www.zhaopin.com/jobdetail/CCL1487604860J40922519604.htm?refcode=4019&srccode=401901&preactionid=a7c1140f-c46c-45e5-b867-ab342d8bdc77"
3678,Java,武汉-江夏区,1.5-3万·14薪,外企德科数字技术有限公司,专业技术服务,10000人以上,,CCL1480117890J40782418805,【岗位要求】 1、统招四年制本科/硕士，毕业证学位证齐全,2025-07-27 00:25:12,外企德科数字技术有限公司是一家2023年新成立的中外合资企业。成立于2023年11月24日，公司定位：专注于为信息技术企业提供人才及数字技术外包解决方案的中外合资企业。它是由中国人力资源服务行业的FESCO（北京国际人力资本集团）与全球人力资源服务领导者The Adecco Group（德科集团）合资成立的。公司主要提供网络技术服务、软件外包服务、计算机系统服务、技术进出口、软件开发等信息技术相关服务。专注于为信息技术企业提供信息技术类人才及数字技术外包解决方案。,"https://www.zhaopin.com/jobdetail/CCL1480117890J40782418805.htm?refcode=4019&srccode=401901&preactionid=a7c1140f-c46c-45e5-b867-ab342d8bdc77"
3679,实施工程师,济南-历下区,4000-6000元,济南格立科智能科技有限公司,物联网,20-99人,,CCL1497914450J40767502410,岗位内容： 1. 负责软件系统的现场实施和配置； 2. 提供客户培训和技术支持； 3. 收集和反馈客户需求和问题； 4. 参与软件系统的测试和优化。,7月19日,,"https://www.zhaopin.com/jobdetail/CCL1497914450J40767502410.htm?refcode=4019&srccode=401901&preactionid=a7c1140f-c46c-45e5-b867-ab342d8bdc77"
3680,科研人员,杭州-上城区,5000-6000元,浙江新世纪人才开发有限公司,"咨询服务,房地产中介",100-299人,,CC148971830J40746452111,本单位拟招聘一名科研辅助人员派遣到浙江省农业科学院（具体工作岗位为浙江省农业科学院农村发展研究所研究所需科研辅助人员）。现将有关招聘信息公布如下： 一、招聘岗位   招聘岗位：科研辅助人员   岗位性质：劳务派遣合同人员（非事业编制）   二、岗位职责   辅助用工单位相关团队开展相关项目研究。   三、岗位要求   1.政治素质好，遵纪守法，品行端正；   2.具有较强的责任心，工作积极主动，具有较强的沟通能力和团队合作精神；   3.硕士学历，农业经济管理、农村发展、技术经济、经济学等相关专业；掌握基本的研究方法和工具，具备良好的数据分析能力、提炼归纳能力、逻辑思维能力，具有较强的写作能力，能熟练操常用办公软件，熟练使用Eviews、stata等统计分析软件；   4.身心健康，年龄一般不超过30周岁。   四、工作地点   浙江省农业科学院，浙江省杭州市上城区德胜中路298号。   ,6月12日,浙江新世纪人才开发有限公司成立于2001年2月，是由浙江省人才市场管理办公室、浙江省人才市场出资成立的国有有限责任公司，从事人才派遣、人才招聘等业务。自公司成立以来，我们以出色的服务团队，专业的人力资源服务赢得了市场，树立了良好的社会信誉。我们的客户有电信、移动、邮政、医院、银行、大中专院校等，发展日新月异。公司是“浙江省工商企业信用AA级‘守合同重信用’单位”，并获“杭州大学生见习训练基地”资格，荣获杭州社会责任建设先进企业等称号。我们秉承诚信服务、规范管理理念，提供诚信、专业、热情、周到、全程上门服务。联系电话：0571-87208960汪老师,"https://www.zhaopin.com/jobdetail/CC148971830J40746452111.htm?refcode=4019&srccode=401901&preactionid=a7c1140f-c46c-45e5-b867-ab342d8bdc77"
3681,Java,石家庄-新华区,3000-6000元,石家庄云捷软件科技有限公司,"计算机软件,计算机硬件",20-99人,未融资,CC268417930J40755860501,岗位职责：,7月16日,石家庄云捷软件科技有限公司成立于2013年5月，注册地址位于石家庄新华区中储广场F座10楼，注册资金50万元，公司致力于制造业企业IT开发服务、企业管理咨询；公司于2015年牵手制造业企业建立IT联合实验室，致力于“软件开发+行业咨询服务”，联合企业管理过程中的管理实践，避免传统系统设计的理想化设计思想，充分考虑管理实践的事业环境因素，充分体现IT管理价值，服务于企业管理；2017年初，公司签约国内挂面行业龙头企业金沙河集团公司，致力于食品类快速消费品生产企业行业产品研发、管理咨询等；河北金沙河面业集团始于1996年，下属：邢台金沙河面业有限责任公司，河北金沙河物流有限责任公司、承德金沙河面业有限责任公司、廊坊金沙河面业有限责任公司、沙河市佛照山荒山综合开发有限责任公司五家全资子公司。拥有员工3000余名，4个生产基地，7个制粉生产车间，日处理小麦6600吨，46条挂面生产线，日生产挂面2200吨。2015年12月30日，中粮协对2014年度重点粮油企业专项调查，中国小麦粉加工50强企业排名中，金沙河排名第六位，中国挂面加工企业10强排名中，金沙河排名第一位。公司相继通过ISO9001质量管理体系认证和ISO14001环境管理体系和HACCP食品安全管理体系认证，并先后获得“中国名牌产品”、“绿色食品”荣誉称号，2010年被农业部评定为“农业产业化国家重点龙头企业”,"https://www.zhaopin.com/jobdetail/CC268417930J40755860501.htm?refcode=4019&srccode=401901&preactionid=a7c1140f-c46c-45e5-b867-ab342d8bdc77"
3682,测试工程师,长沙-岳麓区,9000-11000元,四川金掌柜人力资源有限公司,人力资源服务,20-99人,,CCL1314363420J40764505411,岗位内容：  1. 执行软件测试工作，包括测试用例编写、测试执行、问题跟踪等，确保软件品质。 2. 参与产品设计评审，了解业务需求，提出优化建议。 3. 使用自动化测试工具或开发相应的自动化测试脚本，提高测试效率，缩短测试周期。 4. 持续关注测试领域的新技术和方法，不断提升测试技能和工作效率。 任职要求：  1. 计算机相关专业，有软件测试工作经验；对于无工作经验但其他能力突出者亦可考虑。 2. 熟练掌握至少一种测试工具、至少掌握一种编程语言，熟知测试原理和方法。 3. 具备良好的逻辑思维能力和分析能力，能够快速定位问题，并给出有效的解决方案。 4. 具备较强的沟通协调能力和团队合作精神，积极主动，具有强烈的责任心和进取精神。,2025年07月30日,,"https://www.zhaopin.com/jobdetail/CCL1314363420J40764505411.htm?refcode=4019&srccode=401901&preactionid=a7c1140f-c46c-45e5-b867-ab342d8bdc77"
3683,科研人员,南昌-南昌县,8000-12000元·13薪,青葵智造(北京)科技有限公司,"机器人,培训/辅导服务",20-99人,A轮,CCL1365352550J40817660908,职位职责 1、科研成果（论文/专利）输出，依托部门技术攻关、科研项目研究内容，与团队成员共同讨论论文的主题、结构，负责技术类高水平科研论文/专利等成果撰写输出；负责先进技术的文献资料查新整理，与团队成员共同讨论论文的结构、内容，进行高水平综述类论文输出；协助研究人员收集、整理和翻译（中英互译）相关文献资料，协助处理论文投稿过程中事务性工作； 2、参与科研项目申报与项目实施过程相关事宜，包含国内外现状查新，项目申报书撰写、申报材料准备，项目实施以及过程技术报告等类材料编写； 3、协助对外英语交流，协助安排和组织国际电话会议、视频会议，必要时担任基础口译或会议记录（英文）；负责与国际合作伙伴来访与交流进行口语翻译及英文邮件沟通；协助研究人员准备国际会议所需的英文材料（如PPT、海报摘要）； 4、负责收集市、省、部级相关科研项目及政府补贴项目政策信息； 5、协助部门完成其他相关工作，完成公司交代的其他工作； 任职要求 1、硕士研究生学历（应届或毕业1-2年内），（化学、材料、计算机相关专业优先），具有海外留学经验者优先。至少以第一作者或导师第一作者身份发表过SCI论文2篇或其他英语类论文4篇； 2、具备优秀的英语口语、阅读和写作能力：能高效阅读并理解专业英文文献、流畅地进行日常及学术交流、能够清晰、准确、符合学术规范地撰写英文报告、论文等内容；持有雅思（总分6.5分及以上）、托福（90分及以上）或同等水平英语能力证明者优先； 3、具有2项科技项目（如国家级/省部级科研项目、企业横向课题等）参与经历，熟悉项目申报、执行及结题流程； 4、具备严谨的科学态度、良好的团队协作能力和独立解决问题的能力，工作主动性强，具有一定抗压能力。,7月28日,青葵智造（北京）科技有限公司是一家致力于打造智能制造领域应用型人才终身职业发展平台的技术驱动型高科技引领企业，由一群来自中国航天、阿里巴巴等全球领先工业企业的北航/北大硕博士于2021年创办。在新发展理念的指引下，青葵智造聚焦职业教育/工程教育的产教融合创新发展，践行“让所学皆有用，让要用皆可学，成就应用型人才一生精彩”的发展使命，专注于把相关行业前沿技术及主流设备引入到技能应用型人才的实践教学培养体系，并以反映行业人力资源需求的培养方案、同步于技术发展的完善教材、获得广泛赞誉的师资教学能力培养体系、模式创新的实训实践合作环境构建，为合作院校、企业、政府等城市发展的多元主体提供一体化全流程全要素的产教融合服务，助力区域城市经济社会的高质量发展。青葵智造目前已经完成千万级A轮融资，并在北京、南昌、宜昌三地完成产业布局。,"https://www.zhaopin.com/jobdetail/CCL1365352550J40817660908.htm?refcode=4019&srccode=401901&preactionid=a7c1140f-c46c-45e5-b867-ab342d8bdc77"
3684,科研人员,广州-越秀区,8000-10000元,广东省科学院微生物研究所(广东省微生物分析检测中心),学术/科研,100-299人,未融资,CC245784810J40305138008,岗位职责：  1. 放线菌次级代谢产物生物合成机制研究； 2. 微生物次级代谢产物的分离纯化、结构鉴定。 岗位要求：  年龄：22-30岁 1.生物合成方向： 微生物学/生物化学/分子生物学等相关专业硕士研究生学历；较强的生物化学、分子生物学背景，掌握基因克隆、敲除、蛋白质纯化等常规实验技术；有放线菌次级代谢产物生物合成研究相关经验者优先。 2.天然药物化学方向：天然药物化学、植物化学、有机化学、药物化学、中草药等相关专业硕士毕业，专业基础扎实，掌握常用分离纯化技术，具备一定的结构鉴定基础知识；有放线菌次级代谢产物分离纯化鉴定研究相关经验者优先。 简历投递： 将个人简历和相关证明个人能力的材料打包以“岗位+姓名”命名发送到邮箱： 职位福利：五险一金、餐补、定期体检、带薪年假 ,4月16日,广东省微生物研究所前身为中科院中南真菌研究室，于1964年5月19日经国家科委批准成立，1972年改为现名，隶属于广东省科学院。拥有2013年5月获批的省部共建华南应用微生物国家重点实验室、1987开始建设并运行的广东省菌种保藏与应用重点实验室和2005年建设的广东省微生物应用新技术公共实验室；依托该所的广东省食品安全检测与评价科技创新平台已经搭建；在广东省材料检测与评价科技创新平台中建设的生态毒理和生物安全评价实验室已经完成全部建设内容并投入运营；广州国家生物产业基地生物新技术及产品研究开发和测试公共实验中心已获国家发改委立项支持，并于2011年完成验收投入使用。广东省微生物学会、广东省食用菌行业协会、广东省生物技术生产力促进中心、广东省食用菌产品质量监督检验站均挂靠该所。研究所的重点科研领域为微生物资源多样性与前期开发、微生物生态与环境污染控制、微生物危害及其检测与控制、微生物分子育种及生物转化、食药用菌生物技术与人类健康五个方面。目前所内已形成资源微生物学、环境微生物学、分析微生物学和霉腐微生物学等四个优势学科，具有博士研究生和硕士研究生培养能力，2010年获人力资源和社会保障部批准建设博士后科研工作站。广东省微生物研究所的科技业务工作主要有科技创新、行业共性关键技术及科技服务和成果转移与转化三个方面，其中科技创新主要依托省部共建华南应用微生物国家重点实验室、广东省菌种保藏与应用重点实验室和广东省微生物应用新技术公共实验室；行业共性关键技术及科技服务主要依托广东省微生物分析检测中心、广东省食用菌产品质量监督检验站和国家广州化学品生态环境安全评价服务中心；成果转移与转化载体主要依托广州国家生物产业基地生物新技术及产品研究开发和测试公共实验中心以及食用菌研究发展中心、微生物检测新技术研究发展中心、微生物工程研究发展中心及环境微生物研究发展中心等四个科研、开发、推广应用一体化的研究发展中心。依托于我所的广东省菌种保藏与应用重点实验室在2000年、2003年、2006年和2010年连续四次被评为广东省优秀重点实验室；广东省微生物应用新技术公共实验室2008年以优异成绩通过广东省科技厅的验收；在广东省菌种保藏与应用重点实验室和广东省微生物应用新技术公共实验室的基础上组建的广东省华南应用微生物重点实验室2009年获科技部批准组建省部共建国家重点实验室培育基地，2012年4月通过科技部组织的专家验收，2013年3月通过科技部组织的专家论证，成功晋升为省部共建华南应用微生物国家重点实验室。目前实验室拥有实验面积4750平方米，包括公共实验室、大型仪器室、华南微生物资源中心（包括标本库和菌种保藏中心）、环境微生物实验室、微生物检测与控制实验室、霉腐微生物实验室、食药用菌生理功能及分子机理实验室、工业化前期实验室等；拥有各类仪器设备236台套，仪器设备原值3680万元，其中30万元以上设备36台套，包括流式细胞仪、透射电子显微镜、扫描电子显微镜、激光共聚焦显微镜、全自动发酵罐、凝胶成像仪、各类PCR仪、超高效液相色谱仪、微生物电解呼吸仪、质谱联用仪、气相色谱仪、电感耦合等离子体质谱仪、高性能三重串联四级杆液质联用系统、石墨炉原子吸收光谱仪、高速冷冻离心机、全自动微生物鉴定系统等，以上设备大部分是2008年以来购置，整体仪器设备达到国际先进水平，以上实验室及设备完全具备了分子水平、细胞水平及基因水平的研究要求。建所以来，在科研项目方面，先后承担了国家973计划项目、国家“863”计划项目、国家重大科技攻关项目、国家科技支撑项目、国家自然科学基金项目、农科成果转化项目、国家科技型中小型企业技术创新基金项目、国家生物高新技术产业化示范工程项目、广东省教育部产学研项目、粤港招标项目和省基金团队项目、省科技创新百项工程项目、省自然科学基金项目、省重大重点科技攻关项目及科技援藏项目、广州市重大重点科技项目等重大重点科技项目；在标准制定方面，主持和参与七十多个国家、行业和地方标准制修订项目；在科技成果方面，共取得科技创新成果142项，其中国际先进、领先水平的60项；获得国家及省部级成果奖108项，其中国家级成果奖6项、省部级一等奖12项；在专利申请方面，共申请专利287件，其中发明专利272件，授权专利162件，其中发明专利147件。在国内外核心学术刊物发表论文1800多篇，出版科技专著36部。,"https://www.zhaopin.com/jobdetail/CC245784810J40305138008.htm?refcode=4019&srccode=401901&preactionid=a7c1140f-c46c-45e5-b867-ab342d8bdc77"
3685,测试工程师,上海-徐汇区,1-1.2万·14薪,惠泰医疗,"医疗设备/器械,医疗设备/器械",1000-9999人,已上市,CC145833340J40760057909,职位描述： 1.负责电子实验室日常管理维护。 2.负责样品焊接、组装、测试。 3.负责作业指导书编写。任职资格：  1.电子等相关专业，专科及以上学历。  2.熟练操作电烙铁、万用表、信号发生器、示波器等常用仪器。  3.熟悉常见电子元器件  4.能够组装复杂设备，完成多个设备互联。  5.按照工程师要求完成作业指导书编写。  6.能够对故障机进行测试分析，找出问题原因。,7月24日,深圳惠泰医疗器械股份有限公司（以下简称“惠泰医疗”或“公司”）成立于2002年6月17日，是一家专注于电生理和血管介入医疗器械的研发、生产和销售的高新技术企业。目前已形成了以完整冠脉通路和电生理医疗器械为主导，外周血管和神经介入医疗器械为重点发展方向的业务布局。在电生理医疗器械领域，是中国第一家获得电生理电极导管、可控射频消融电极导管、漂浮临时起搏电极导管市场准入并进入临床应用的国产厂家，填补了电生理领域国产品牌的空白，同时于2011年成为中国首家获得电生理电极导管和可控射频消融电极导管两类产品欧盟CE认证的国产厂家。在血管介入器械领域，是国内首家获得微导管（冠脉应用）、外周可调阀导管鞘（导管鞘组）、导引延伸导管和薄壁鞘（血管鞘组）市场准入的国产厂家，公司的导引延伸导管和薄壁鞘（血管鞘组）是国内唯一获批上市的国产产品。公司高度重视研发人才的培养，通过科学的人才培养体系和合理的激励机制，打造了一个高层次、高学历、跨学科，全面、稳定且竞争力强的研发团队。目前已建立了以自身为主体、产学研密切结合的技术创新体系，在深圳、湖南及上海三地设立研发中心，分别进行电生理耗材、冠脉通路和外周血管介入耗材以及电生理设备的研究与开发。截止2020年8月31日，公司共拥有国内外专利证书 65项，其中国内发明专利 40项，国外发明专利 2项。拥有34个产品注册或备案证书，其中包括30个III类医疗器械产品，2个II类医疗器械产品和2个I类医疗器械产品。国际认证方面，公司已有14个产品获得了欧盟CE认证，并相继在加拿大、韩国、巴西等国家或地区完成产品注册。经过多年的发展，公司已在境内外建立了完善的销售网络，覆盖全国31个省、自治区和直辖市的700余家三甲医院及680余家县市级二甲医院，并出口至欧洲、美洲、东南亚的80多个国家和地区。惠泰医疗将始终致力于自主创新和在心脑血管微创介入领域的发展，并将为推动全球医疗事业发展做出卓越的贡献。,"https://www.zhaopin.com/jobdetail/CC145833340J40760057909.htm?refcode=4019&srccode=401901&preactionid=a7c1140f-c46c-45e5-b867-ab342d8bdc77"
3686,测试工程师,常州-新北区,6000-9000元·13薪,星宇股份,"汽车研发/制造,电子/半导体/集成电路,金属制品业,仪器仪表制造",1000-9999人,已上市,CC159865810J40744901309,岗位职责： 1、负责点亮盒、诊断仪临时委托业务与后期的指导与培训； 2、支持新项目检测方案、前期异常项目调试及相关技术文件的输出； 3、对齐智能装备部QA设备能力提升，参与检测相关的课题，在项目前期电检、点亮盒、诊断仪及后续应对客诉现场问题点进行整改。 岗位要求： 1、二本以上学历 2、熟悉电子电路原理及电气设计,6月12日,"常州星宇车灯股份有限公司（以下简称“公司”）创立于1993年，2007年10月整体变更为股份有限公司，2011年2月在上海证券交易所成功上市(股票代码:SH 601799)。公司总部坐落于常州市国家高新技术产业开发区，国内在香港、佛山、长春设有子公司，国外在德国、日本、塞尔维亚设有子公司。目前公司总占地面积74.3万平方米，拥有先进的前照灯、后组合灯、小灯、电子、模具、工装生产制造工厂。公司拥有大型注塑机、多色注塑机、塑料表面光固化线、机器人喷漆、涂胶工作站、激光及震动摩擦焊接机、真空镀膜机以及其他各类加工设备4,500多台，各类装配线200余条，具有年产各类车灯8,000万只的生产制造能力。公司专注于汽车车灯的研发、设计、制造和销售，是我国主要的汽车全套车灯总成制造商和设计方案提供商之一，客户涵盖欧系、日系、美系和中国多家自主品牌整车企业，主要包括一汽-大众、上汽大众、上汽通用、北京奔驰、德国戴姆勒、德国大众、德国宝马、法国PSA、通用汽车、一汽丰田、广汽丰田、广汽本田、东风日产、东风本田、东风雷诺、长安马自达、一汽红旗、一汽轿车、吉利汽车、吉利沃尔沃、上汽通用五菱、神龙汽车、广汽乘用车、奇瑞汽车、奇瑞捷豹路虎等。公司拥有一支技术精湛、团结合作的高素质技术队伍，拥有包括车灯产品设计开发、电子设计开发、工装专机设计开发、模具设计开发、前沿技术开发等完整的自主研发体系，具有强大的同步设计开发能力。公司是国家级企业技术中心和江苏省汽车照明工程技术研究中心，拥有博士后工作站、欧洲院士工作站和国家认可实验室；为中国汽车工业协会灯具委员会常务副理事长单位和中国照明电器协会副理事长单位，担任汽车信号灯具强制性国家标准整合工作组组长单位。公司始终坚持以一流的质量、一流的服务、一流的效率向客户提供符合要求的一流的产品，作为自主品牌车灯代表企业，积累了包括欧美系、日系以及内资品牌整车厂等丰富的客户资源，并与客户保持了紧密的合作关系，是众多优秀整车企业信赖的合作伙伴。公司秉承“团结、拼搏、坦诚、创新”的企业精神，践行“爱、感恩、责任”的家文化，坚持以人为本，打造了一支朝气蓬勃、团结向上、吃苦耐劳、责任为本、作风过硬的优秀团队，公司多名员工获得常州市劳动模范、全国五一劳动奖章、全国劳动模范，优秀的企业文化是公司实现可持续发展的根本基石。","https://www.zhaopin.com/jobdetail/CC159865810J40744901309.htm?refcode=4019&srccode=401901&preactionid=a7c1140f-c46c-45e5-b867-ab342d8bdc77"
3687,实施工程师,苏州-吴江区,6000-8000元,苏州博弈工业智能科技有限公司,"计算机硬件,金属制品业,医疗设备/器械,仪器仪表制造",20人以下,未融资,CC313569610J40693685701,1.负责完成AGV项目中的AGV（磁导航、二维码导航、SLAM导航AGV）实施方案规划，现场实施调试等； 2.可独立完成项目现场调试工作，分析、诊断并解决生产、售后中AGV相关的异常问题处理； 3.协助完成项目前期的技术方案的制定； 4.协助完成相关技术文档的起草； 5.负责AGV技术测试，生产车间以及项目现场调试工作； 6.有较强的适应能力，学习能力以及可接受出差，有较强的抗压能力； 7.专业知识与技能：熟悉产品相关交付流程，对公司相关职能清楚，有较强的团队协作能力及沟通能力； 8.责任心强、积极主动、肯钻研，有良好的沟通能力和团队合作精神； 9.具体薪资面议；,6月21日,苏州博弈工业产品设计有限公司成立于2007年，注册资本500万，专业从事工业产品设计、技术开发及技术转让的专业技术服务和管理型公司。先后荣获“江苏省工业设计示范企业”，”江苏省民营科技企业“、“江苏省企业信用单位”，当选为“苏州市工业设计协会”的会长单位，“苏州高新文化创意产业商会”“江苏省工业设计协会”理事单位。博弈设计联盟平台提供从设计开发到生产组装的系统解决方案，致力于工业设计产业链整合创新研究推广！于2016年内牵头筹建“苏州工业设计协同创新中心“改善工业设计环境，提升工业设计竞争力，推动制造业转型升级，打造特色产业集群和特色产业联盟！,"https://www.zhaopin.com/jobdetail/CC313569610J40693685701.htm?refcode=4019&srccode=401901&preactionid=a7c1140f-c46c-45e5-b867-ab342d8bdc77"
3688,技术支持工程师,北京-房山区,8000-16000元,青岛安然物联网科技有限公司,"物联网,物联网",20-99人,未融资,CC559764920J40756421404,需要弱电技术、自动化、安防系统、工业互联网+危化安全生产、物联网人才，不要纯软件人才。 你能经常到全国各地出差吗？你能到化工生产现场做技术支持吗？  你能做好售前技术支持、根据客户需求，高效制作方案吗？你能做好售中技术支持、指导他人正确安装、部署、调试系统向用户保质保量快速交付吗？你能做好售后维护，高效沟通和落实客户需求吗？  迄今已服务中石化、中石油、延长石油、国能、兖矿、京能、索普、新安、奇美、昊源、潞安、旭阳、垦利、逸盛、海科、酒钢、金发等几百家石化、化工、选煤、钢铁、电厂企业。  安然以客户为中心，以强者为本，抬头乐干，愿意与同道中人联合、链接，携手共建、共用、共享生产安全命运共同体，一起干，一起干，让优秀企业更安全，让优秀企业更高效！,3月8日,基于精准人员定位的工业安全生产信息化管理专家，安全生产信息化管理引领者！作为全国实时定位技术标准工作组成员和应急管理部“工业互联网+危化安全生产”人员定位系统技术支持机构，安然从2012年起致力于基于ZigBee Plus三维立体按需精准定位的“工业互联网+安全生产”的研究，获得了20多项安全智能管控系统发明专利和著作权，持续引领中国化工行业生产现场智慧安全！安然以“准、稳、狠”的ZigBee Plus三维立体按需精准人员定位统和“底数清、数据准、情况明、研判准、措施实”的安全生产信息化平台为核心，整合访客管理、出入口控制、人脸识别、视频监控、语音广播、重大危险源监控、可燃有毒气体监测等系统，对生产现场人、机、料、法、环五大要素进行实时、动态、智能管控和预警，规范人的安全行为，保障人的生命安全，有效防范风险、主动化解风险，实现智慧安全。安然“以用为本”，把安全生产信息化建设与公司管理体系“深度融合”，把安全生产信息化建设与日常工作“紧密结合”，对安全生产切实“有用、实用、好用”，避免建用“两张皮”，让安全管控更智能，让生产更高效才实用。迄今已服务中石化、中石油、延长石油、国能、兖矿、京能、索普、新安、奇美、昊源、潞安、旭阳、垦利、逸盛、海科、酒钢、金发等几百家石化、化工、选煤、钢铁、电厂企业。安然以客户为中心，以强者为本，抬头乐干，愿意与同道中人联合、链接，携手共建、共用、共享生产安全命运共同体，一起干，一起干，让优秀企业更安全，让优秀企业更高效！,"https://www.zhaopin.com/jobdetail/CC559764920J40756421404.htm?refcode=4019&srccode=401901&preactionid=a7c1140f-c46c-45e5-b867-ab342d8bdc77"
3689,硬件测试,焦作-山阳区,6000-9000元,重庆科满福人力资源服务有限公司,企业服务,20-99人,,CCL1487604860J40937002404,【岗位职责】 ： 1、进行新产品研发阶段的测试工作 2、完成新产品的功能测试、可靠性测试、环境测 试、安全测试等技术工作 3、制定测试计划，设计测试用例，分析测试数 据，编制测试报告 4、为其他部门提供技术支持，与其他部门的产品 联合测试工作 【薪资待遇】： 试用期：（试用期5350-转正6500）元/月＋300全勤+（300-800）元/岗位补贴+（1000-1500）元/月绩效+加班费=-6000-9000左右 ,7月29日,,"https://www.zhaopin.com/jobdetail/CCL1487604860J40937002404.htm?refcode=4019&srccode=401901&preactionid=a7c1140f-c46c-45e5-b867-ab342d8bdc77"
3690,技术支持工程师,北京-朝阳区,1.1-1.5万·14薪,韦林意威特,"船舶/航空/航天/火车制造,船舶/航空/航天/火车制造,电力/水利/热力/燃气,新能源",20-99人,不需要融资,CC142060830J40798018412,一、公司背景 韦林工业作为全球知名工业内窥镜品牌的中国区独家专营商，20+年深耕工业检测领域，广泛覆盖航空、航天、船舶、民航、火车、汽车、电力、核电、风电、精细化工等行业。提供售前定制方案、售中技术服务、售后维修一站式服务保障客户无忧；详情见官网:http://www.everestbj.com，期待您的加入！ 二、岗位职责 1、负责设备的日常管理，设备的验收、测试、讲解工作； 2、设备的交付工作，包括为客户提供设备使用培训、验收等； 3、完成项目的售前技术支持工作，包括技术交流、需求引导、解决方案制定和讲解，向客户展示产品，帮助客户了解技术和产品，协助完成现场的技术支持，为客户提供优质的服务； 4、协助完成技术文件及投标文件的技术应答； 5、参与行业展会、技术研讨会，宣讲产品技术优势，提升客户对产品的认可度。 三、任职要求 1、大专及以上学历，机械制造、电气、电子、机电、仪器等相关专业，有技术支持工作经验者优先考虑； 2、具备良好的沟通、协调能力、团队合作能力，责任心强； 3、有活力，有较强的学习能力、执行力。 四、福利待遇 1、有竞争力的薪资：基本工资+餐补+绩效奖金+出差津贴等； 2、福利齐全：全额五险一金、周末双休、法定节假、带薪年假、生日/节假日福利； 3、清晰的晋升通道：扁平化管理，有多元发展路径，为员工发展提供广阔平台； 4、平台发展好：规范健全的管理制度，完善的岗位职责，标准化的工作流程，公司成立多年一直稳定健康发展。 公司重视员工的培养，建立了完善的员工培训、考核和激励体系，为员工的综合发展提供广阔的平台与机会。我们期待携手优秀的你加入!,7月22日,北京韦林意威特工业内窥镜有限公司是贝克休斯集团数字化解决方案检测控制技术检测科技业务旗下的美国韦林工业内窥镜产品及服务在中国授权的专门经销商，公司核心业务是美国韦林工业内窥镜产品在中国的售前、售中和售后服务。公司前身是美国韦林公司于1992年设立的美国韦林工业内窥镜产品北京维修站，2001年起全面负责韦林工业内窥镜产品在中国航空航天、民航、石油化工、能源动力、电力、轨道交通、汽车制造等市场推广，提供高品质的韦林工业内窥镜产品，提供高效、及时的售后服务。我公司重视员工的培养，建立了完整的基于员工培养、考核和激励的综合发展体系，为员工提供广阔的发展平台。【你能得到】l规范健全的管理制度，完善的岗位职责要求，标准化的工作流程指导；l轻松愉悦的工作氛围，活力四射的年轻同事，积极友善的团队合作；l广阔的发展空间，全方位的工作培训，快速的晋升机会；l有竞争力的行业薪酬：基本薪资+全额社保公积金+餐补+绩效奖金+年终分红+出差津贴等；l丰富的员工福利：郊区旅游、团建拓展、年会抽奖、生日礼物、定期福利等。【你的发展】l只要你愿意与公司共发展，我们愿用丰富的工作经验悉心指点，助你快速成长。l公司采用创新的人才选拔晋升制度，为有才华的人提供发展空间。l有志于投身我们的事业的你和我们的团队一起发展。,"https://www.zhaopin.com/jobdetail/CC142060830J40798018412.htm?refcode=4019&srccode=401901&preactionid=a7c1140f-c46c-45e5-b867-ab342d8bdc77"
3691,Java,淄博-张店区,1-1.5万·13薪,英科医疗科技股份有限公司,医疗设备/器械,1000-9999人,已上市,CC603582720J40781047914,职位描述：,2025-07-27 01:55:49,英科医疗科技股份有限公司成立于2009年7月，注册资本2亿元人民币。公司为综合型医疗护理产品供应商，公司品牌“英科医疗”及“INTCO”品牌已经建立了较高的行业知名度，主营业务涵盖医疗防护、康复护理、保健理疗、检查耗材四大板块，主要产品包括一次性手套、轮椅、冷热敷、电极片等多种类型的护理产品，产品广泛应用于医疗机构、养老护理机构、家庭日用及其他相关行业。公司自创办以来，一直坚持研发创新，以优秀的产品设计和理念领导行业发展。通过与全球顶尖设备厂商合作，增强设备的科技含量，采用信息化、智能化、集成化管理的创新发展模式，提升产品品质，打造英科品牌。公司凭借全面的生产能力、可靠的产品和服务，与美国、日本、德国等国内外170多个国家和地区的客户建立了合作关系。英科医疗是中国领先的一次性医疗耗材和医疗耐用设备制造商，2017年7月在深圳证券交易所创业板上市，股票代码300677。目前公司员工总人数为5500多人。截至目前，公司及子公司拥有专利119项，为企业发展提供了源源不断的智力驱动。历经27年的蓬勃发展，英科医疗在全球拥有十二家子公司，在淄博、青州、镇江、淮北、安庆、九江、越南、岳阳设立八大生产基地，在上海、洛杉矶设立两大营销中心，在德国、加拿大、马来西亚设有销售办公室，市场覆盖美、欧、日等120多个国家和地区。后续公司将不断优化产能布局，巩固行业龙头地位，并提高装备自动化水平，突出技术优势，充分发挥资本资源技术及营销的四轮驱动作用，快速将公司打造成为中国最大的医用防护产品制造商。,"https://www.zhaopin.com/jobdetail/CC603582720J40781047914.htm?refcode=4019&srccode=401901&preactionid=a7c1140f-c46c-45e5-b867-ab342d8bdc77"
3692,Java,北京-海淀区,1.5-3万,外企德科数字技术有限公司,专业技术服务,10000人以上,,CCL1480117890J40791882105,岗位职责： 1、代码编写、功能测试、静态检查、本地构建、环境搭建、问题定位； 2、参与软件产品需求分析，产品设计； 3、负责软件模块需求分析、系核心模块代码编写和单元测试，完成概要设计文档、详细设计文档； 4、积极主动的与项目相关人员沟通交流，持续改善产品体验。 岗位要求： 1.熟练掌握Java、C++、C、 Python、go、 Scala、Javascript中的一种或者多种; 2.熟悉设计模式、算法和数据结构; 3.熟练软件开发流程，热爱编程，有良好的代码风格； 4.善于沟通，有独立解决问题的能力。,2025-07-27 00:25:52,外企德科数字技术有限公司是一家2023年新成立的中外合资企业。成立于2023年11月24日，公司定位：专注于为信息技术企业提供人才及数字技术外包解决方案的中外合资企业。它是由中国人力资源服务行业的FESCO（北京国际人力资本集团）与全球人力资源服务领导者The Adecco Group（德科集团）合资成立的。公司主要提供网络技术服务、软件外包服务、计算机系统服务、技术进出口、软件开发等信息技术相关服务。专注于为信息技术企业提供信息技术类人才及数字技术外包解决方案。,"https://www.zhaopin.com/jobdetail/CCL1480117890J40791882105.htm?refcode=4019&srccode=401901&preactionid=a7c1140f-c46c-45e5-b867-ab342d8bdc77"
3693,C/C++,武汉-江夏区,面议,中软国际,"计算机软件,运营商/增值服务",10000人以上,已上市,CC508620120J40218565212,岗位要求：,7月1日,中软国际是行业领先的全球化软件与信息技术服务企业，成立于2000年，为香港主板上市公司（股票代码：00354.HK），拥有中国分支40+、海外分支14个，拥有员工超过9万人，服务覆盖超过40个国家。中软国际应用开发与管理专业沉淀深厚，企业数字化转型的最佳实践和专家人才充沛。公司与华为等战略伙伴一起，构建软件产业互联网平台，领先技术变革，提升产业效率，致力于使能软件企业引领发展，服务制造企业转型升级，为政企客户提供“好、快、多、省”的信息技术服务。中软国际四大业务蓬勃发展：夯实基石业务作为第一增长曲线的地位，确定云智能业务为第二增长曲线，发展鸿蒙生态、解放号为第三增长曲线，推动解放号作为软件产业互联网平台全面升级。公司在云计算、大数据、人工智能、物联网、移动互联网等方面具有丰富的咨询、设计、实施和服务经验，是全球客户数字化转型的共创伙伴。公司长期服务于多家全球500强企业等头部客户和众多高成长潜力客户，覆盖金融、电信、互联网、高科技、政府、制造与流通、交通、能源、教育等行业。公司已连续四年创造超百亿人民币营收，并立志在未来成为全球最优秀IT服务商之一。,"https://www.zhaopin.com/jobdetail/CC508620120J40218565212.htm?refcode=4019&srccode=401901&preactionid=a7c1140f-c46c-45e5-b867-ab342d8bdc77"
3694,科研人员,上海-徐汇区,2-3万,中国科学院上海有机化学研究所,农/林/牧/渔,20人以下,,CC397943920J40700544107,分子尺度实验室隶属于中国科学院上海有机化学研究所金属有机国家重点实验室，主要从事大分子/高分子精准合成、配位超分子自组装等方向的研究。现因工作需要，拟招聘博士后研究人员多名，应聘者背景不限，优先考虑具有合成化学科研背景的候选人，包括：1）有机合成和复杂分子合成；2）高分子合成和组装。   具体待遇包括如下内容： （1）根据上海有机所相关规定从优考虑，并根据工作业绩发放津贴（可具体面议）； （2）可申请上海有机所博士后公寓，协助解决住房问题； （3）鼓励并积极推荐申报博士后科学基金、上海市超博、博新计划、青年科学基金等项目，申请人可自由支配相关项目经费。 （4）优秀者出站后可申请上海有机所副研究员岗位。 （5）单位可协助博士后办理上海市落户。 招聘办法及要求 招聘有效期：长期有效、招满即止。 【有意应聘者请登录中国科有机化学研究所官网查看详情并按照要求投递简历（以官网为准）】请有意申请者将个人简历、代表性论文及科研成果简介等相关材料发送至*******************（邮件主题注明“应聘-博士后-姓名”，具体待遇和工作内容可联系课题组王恒副研究员咨询）。我们会尽快组织（网上/现场）面试。来信必复。欢迎有志于从事科学研究的优秀科研人员加入！   导师介绍 李霄鹏，上海有机所分子尺度实验室负责人，国家自然科学基金委杰出青年基金获得者。2004年毕业于郑州大学获化学学士学位；2008年于美国克里夫兰州立大学获化学博士学位；2009-2012年，在阿克伦大学从事博士后研究。2012年起，在德克萨斯州立大学任助理教授，2016年受聘南佛罗里达大学，2019年晋升终身副教授；2020年任深圳大学教授；2023年任中国科学院上海有机所研究员。李霄鹏研究员的系统创新工作在超分子化学和质谱领域获得了国际影响力。2019年由于“高度原创性和独立性的工作”获英国皇家化学会设立的以1987年三位诺贝尔化学奖得主命名的Cram Lehn Pedersen超分子化学奖（1人/每届）；同时依靠独特的质谱技术与世界范围内一百余个课题组建立富有成效的合作，获得广泛认可。此外，还获得美国Cottrell学者奖（2015年）、中美华人化学与化学生物学教授协会杰出青年教授奖（2017年）；中国化学会超分子化学青年创新学术讲座奖（2021年）；2017年入选英国皇家化学会会士。主要研究兴趣集中在质谱表征，配位键自组装超分子化学和超分子材料。近年来发表论文250余篇，其中多篇发表于Science、Nature、Nature Chem标点符号重复！、J. Am. Chem. Soc标点符号重复！、Angew. Chem.、Nature Commun标点符号重复！、Proc. Natl. Acad. Sci. U.S.A.学术期刊。更多详细介绍请参见http://sioc.cas.cn/sourcedb/cn/team/202308/t20230821_6864348.html。 王恒，上海有机所分子尺度实验室Co-PI，国家优秀青年基金获得者。2009年毕业于北京大学获学士学位，2015年于北京大学获博士学位，2015-2016年于日本北海道大学、2016-2020年于美国南佛罗里达大学从事博士后研究。2020年-2024年在深圳大学任副教授，2024年入职中国科学院上海有机所任副研究员。围绕有机功能大分子和高分子智能材料的精准构筑与结构稳定化研究，共发表代表性论文30余篇，其中多篇发表于J. Am. Chem. Soc.（10篇），Angew. Chem. Int. Ed.（3篇），Nat. Commun.（3篇），ACS Nano（1篇），Nat. Rev. Mater.（1篇），CCS Chem.（1篇）等。先后主持了国家自然科学基金面上项目、青年项目等研究项目，并入选中国科学院人才计划青年项目、广东省“珠江人才计划”青年拔尖人才、深圳市优秀青年基金等人才项目，并担任《Chinese Chemical Letters》青年编委。更多详细介绍请参见http://sioc.cas.cn/sourcedb/cn/team/202308/t20230821_6864363.html。 王涛，上海有机所分子尺度实验室Co-PI。2014年和2019年分别于中国科学技术大学获得学士和博士学位。2019.10-2024.01于西班牙国际物理中心从事博士后研究。2024年4月加入中国科学院上海有机化学研究所任研究员。围绕基于扫描隧道显微镜和同步辐射技术的表面合成化学和分子自旋态研究，迄今共发表第一和通讯作者论文20余篇，其中多篇发表于J. Am. Chem. Soc.（4篇），Angew. Chem. Int. Ed.（2篇），Nat. Commun.（1篇），Nano Lett.（2篇）， ACS Nano（2篇），Surf. Sci. Rep.（1篇）等知名期刊。曾主持欧盟玛丽居里学者基金（2021），获得中国科学院优秀博士毕业论文（2021）、西班牙政府Juan de la Cierva博士后奖学金（2020）、国际表面合成OSS会议杰出博后奖（2024）等奖项。更多详细介绍请参见http://sioc.cas.cn/sourcedb/cn/team/yjy/202405/t20240509_7157092.html。,12月23日,"中国科学院上海有机化学研究所（简称上海有机所），是一个历史悠久、人才荟萃、实力雄厚、设备一流、成果丰硕，在国内外享有较高声誉和影响的有机化学研究中心；是一个集基础研究、应用研究和高技术创新研究为一体的综合性化学研究所，上海有机所创建于1950年6月，是中国科学院首批成立的15个研究所之一，前身是建立于1928年7月的前中央研究院化学研究所。从开展抗生素和高分子化学的研究起步，经过近60多年几代人艰苦创业、奋力拼搏，在以有机化学研究为中心的基础研究、应用研究与高新技术开发、人才培养等方面均取得令人瞩目的成就。在我国“两弹一星”研制、“人工合成牛胰岛素、人工合成酵母丙氨酸转移核糖核酸”和“物理有机化学中的两个基本问题：自由基化学中取代基离域参数和有机分子簇集概念”等一批攀登科技高峰的重要成果中，我所科研人员做出了重要贡献。 1998年上海有机所首批进入中国科学院知识创新工程。从此以多学科交叉为特色，以国家战略和国民经济重大问题为导向，以有机化学基础研究和应用基础研究为主导，围绕人口与健康、资源与环境、新材料三大领域，重点突出健康和生命、环境和生态系统、资源利用与开发、新材料、能源开发应用和国家安全等领域中相关的基本有机化学课题等六大研究方向，带动化学生物学、金属有机化学、有机合成化学、元素有机化学、物理有机化学、化学信息学、有机材料化学和有机分析化学等八大学科发展。上海有机所现有生命有机化学国家重点实验室、金属有机化学国家重点实验室、中国科学院氟化学重点实验室、中国科学院天然产物有机合成化学重点实验室，中国科学院有机功能分子合成与组装化学重点实验室、中国科学院生物与化学交叉研究中心、推进剂关键材料重点实验室，沪港合成化学联合实验室，中国科学院有机合成工程研究中心以及企业联合实验室等。受中国化学会委托，编辑出版《化学学报》、《Chinese Journal of Chemistry》和《有机化学》三份SCI收录刊物。全所截止2016年底有职工865人，其中中国科学院院士9人，研究员81人,中国科学院“百人计划”入选者36人，国家杰出青年科学基金获得者23人，顶尖“千人计划”入选者1人，“千人计划”创新人才短期项目入选者1人，“千人计划”青年项目入选者20人。在学研究生581人。在站博士后48人。建所以来，共获各种科研成果奖348项，包括国家三大奖72项，其中国家自然科学一等奖3项（其中2项为合作）、二等奖18项（其中1项为合作）；国家创造发明奖3项和国家发明二等奖4项（其中3项为合作）；国家科技进步奖特等奖3项（合作），一等奖1项（合作），二等奖11项（其中5项为合作）；获得包括中国科学院自然科学一等奖28项在内的中国科学院各类奖145项；上海市科技成果奖82项。获授权专利656项（其中国外专利20项），共发表学术论文11150余篇。上海有机所与世界各国科研机构和高等学校建立了广泛的联系，深入开展国际合作与交流，注重加强与国内外大型企业和学校的合作。上海有机所将与时俱进，实现跨越式发展，努力建成世界有机化学的重要研究基地、中国有机化学的研究中心和培养一流有机化学家的摇篮。","https://www.zhaopin.com/jobdetail/CC397943920J40700544107.htm?refcode=4019&srccode=401901&preactionid=a7c1140f-c46c-45e5-b867-ab342d8bdc77"
3695,测试工程师,开封-兰考县,5000-7000元,天阳科技,"计算机软件,计算机软件",1000-9999人,已上市,CC120408370J40824009308,1.全国项目驻场测试，主要负责功能、数据或接口等相关测试工作； 2.统招本科学历及以上（学信网可查）；毕业满2年；计算机专业优先； 3.热爱软件测试行业、有强力的自驱力，能够在测试岗位深入学习研究； 4.有无经验均可，服从公司安排，接受公司培养，可接受异地工作优先； 福利待遇： 上市公司，公司可以提供住宿，提供五险一金； 欢迎符合要求的小伙伴们投递~,7月21日,天阳科技(股票代码：300872)，是全球金融创新服务的重要贡献者，持续赋能中国金融行业数字化转型，为客户提供咨询、金融科技产品、金融IT服务、云计算及运营服务。公司成立于2003年，服务超过300家金融行业客户，覆盖中央银行、政策性银行、国有银行、股份制银行、地方性商业银行、非银行金融机构等，员工人数近7000人，成为激活金融领域创新活力、推动金融科技迈入世界领先水平的重要力量。作为金融行业客户可信赖的合作伙伴，天阳科技凭借丰富的行业经验和端到端的专业服务，在信创、数字化金融、信贷、交易银行、信用卡、零售、营销、风险管理、征信监管等众多领域具备核心竞争力。据赛迪和IDC报告显示，近年来公司在中国银行业IT解决方案市场排名强势崛起，2019年收入及市场占有率综合排名分别位列第四位和第五位，并保持高速增长。同时，前瞻商业和科技趋势，入选2021年度未来银行科技服务商TOP100。天阳科技始终聚焦金融科技领域，加大自主创新力度，在超过100个城市建立本地化、专业化的研发和服务团队，拥有CMMI5级认证、软件测试成熟度模型集成（TMMi）3级认证、ISO9001质量管理体系认证、ISO20000信息技术服务管理体系认证、IS027001信息安全管理体系认证。通过部署人工智能、云计算、大数据、移动互联网、分布式计算和区块链等先进金融科技，公司致力于构建安全可控、普惠民生、开放共赢格局，在关键技术领域服务现代化金融发展大局，更好地为各利益相关方创造更大价值，为大中企业、小微企业以及每个个体提供优质金融服务。,"https://www.zhaopin.com/jobdetail/CC120408370J40824009308.htm?refcode=4019&srccode=401901&preactionid=a7c1140f-c46c-45e5-b867-ab342d8bdc77"
3696,技术支持工程师,北京-昌平区,8000-16000元·14薪,北京安科科技集团有限公司,"石油/石化,电力/水利/热力/燃气",100-299人,未融资,CC846404960J40214597504,职责描述：   1、开展阴极保护及杂散电流干扰相关的现场调研、测试及数据处理工作；   2、在总工的指导下完成阴极保护及杂散电流干扰相关的数值模拟计算任务；   3、对公司智能化产品进行运行维护、故障消缺、设备检修等工作，保障现场安全、稳定运行；   4、分析监/检测数据，绘制图表，并编制项目报告；   5、对所负责的项目（多个）进行统筹安排、实施、管理和交付。   任职要求：   1、理工科类本科学历及以上，优先考虑材料、腐蚀防护、油气储运、机械工程、统计、数学等专业；   2、具备扎实的科技文章或专利的撰写能力；   3、具备熟练的计算机办公软件的使用技能；   4、具备快速学习及接受新事物的能力；   5、具备强烈的责任心和团队协作精神；   6、可接受短期出差和加班的工作安排；   7、具有油气管道或石油化工行业腐蚀防护工作经验的优先录用。   ,1月15日,北京安科科技集团有限公司成立于2004年，总部位于北京，在无锡、深圳、大连、西安、上海、成都、乌鲁木齐设有产业基地及办公机构。集团公司以管道纤维复合材料修复、防腐工程为业务起点，逐步发展为在腐蚀防护领域集科学研究、技术服务、设计施工、产品开发、生产销售、检验检测、国际贸易、会议培训为一体的综合性高科技产业集团公司。公司是国家高新技术企业、中关村高新技术企业，荣获北京市科学技术奖、中国腐蚀与防护学会四十年贡献奖优秀企业、2008年奥运会救援抢险保障单位等奖项，拥有防水防腐保温工程专业承包贰级证书、石油化工工程施工总承包叁级证书、中国防腐蚀设计资格证书、中国防腐蚀施工资质证书、中国防腐蚀安全证书、北京市新技术新产品（服务）证书等资质荣誉。集团公司下辖6个子公司，分别在材料性能评价和质量检测、管道设施修复补强、阴极保护、腐蚀评估与控制、风险评价与完整性管理、内检测、杂散电流干扰评估与防护、大数据应用与智慧管道建设等方面提供专业高效的服务。集团公司业务涵盖腐蚀控制技术上下游、工业领域上下游，逐步完善了从管道内检测到管道修复的完整性管理产业闭环。,"https://www.zhaopin.com/jobdetail/CC846404960J40214597504.htm?refcode=4019&srccode=401901&preactionid=a7c1140f-c46c-45e5-b867-ab342d8bdc77"
3697,C/C++,上海-浦东新区,1.5-3万·14薪,外企德科数字技术有限公司,专业技术服务,10000人以上,,CCL1480117890J40796657805,工作职责: 1、根据需求进行软件的概要设计和详细设计，学习和使用设计模式；  2、完成代码开发、单元测试、系统测试，掌握代码编写技术和测试技术； 3、完成从需求到设计、再到开发和上线等项目周期中端到端的各个环节。 岗位要求： 1、熟练掌握java/C++/Js/python/C等其中任意一种主流开发语言即可； 2、熟练掌握常用的软件架构模式，并能熟练使用基本的编程编译工具； 3、熟悉linux常用命令及开发环境，能用shell脚本实现简单功能； 4、良好的编码习惯、沟通协作能力和学习能力； 5、思维缜密，逻辑性强，具有挑战精神和前瞻性，良好的团队协作精神。,2025-07-27 00:26:10,外企德科数字技术有限公司是一家2023年新成立的中外合资企业。成立于2023年11月24日，公司定位：专注于为信息技术企业提供人才及数字技术外包解决方案的中外合资企业。它是由中国人力资源服务行业的FESCO（北京国际人力资本集团）与全球人力资源服务领导者The Adecco Group（德科集团）合资成立的。公司主要提供网络技术服务、软件外包服务、计算机系统服务、技术进出口、软件开发等信息技术相关服务。专注于为信息技术企业提供信息技术类人才及数字技术外包解决方案。,"https://www.zhaopin.com/jobdetail/CCL1480117890J40796657805.htm?refcode=4019&srccode=401901&preactionid=a7c1140f-c46c-45e5-b867-ab342d8bdc77"
3698,技术支持工程师,上海-奉贤区,6000-10000元·13薪,法垄热工设备(上海)有限公司,专用设备制造,20-99人,,CC695122430J40668462302,岗位职责： 1. 负责在厂内和客户现场对设备进行安装、维修、接线等； 2.上级领导安排的其他任务。 任职要求： 1. 能看懂机械装配图纸，会焊接； 2.服从安排，工作认真责任感强，具备良好的沟通能力； 3.动手能力强，吃苦耐劳，能接受经常出差。,6月17日,法垄热工设备(上海)有限公司是热加工设备专业生产企业。公司拥有设备及自动化的优秀工程团队以及由材料学博士带领的研发团队，具备金属、非金属材料的热处理工艺及设备的整套研发实力；公司建有机械实验室以及电气实验室，为新工艺研发提供实验室支撑。公司产品覆盖金属、非金属材料热处理，包括：真空淬火，氮化，钎焊，烧结，感应熔炼，预氧化、碳化、石墨化烧结等；用户分布于汽车、工模具、碳材料加工和其他高端应用领域。公司以实现高端热加工设备的价值回归为己任，以严谨、创新、敬畏的态度对待技术和产品，以倾听、沟通、交付为理念对待客户与市场，愿为民族的伟大复兴尽一份绵薄之力。,"https://www.zhaopin.com/jobdetail/CC695122430J40668462302.htm?refcode=4019&srccode=401901&preactionid=a7c1140f-c46c-45e5-b867-ab342d8bdc77"
3699,技术支持工程师,马鞍山-花山区,8000-9000元,马鞍山市大国广告传媒有限公司,"广告/营销,婚庆/摄影,通信/网络设备",20-99人,不需要融资,CC672150420J40682330206,岗位内容： 1. 回答来自客户和同事的问题，并提供第一时间的技术支持服务。 2. 根据客户需求开展问题分析和故障排除，协助用户完成各项工作任务。 3. 建立和维护客户关系，监控并反馈用户需求信息和市场动态。 4. 积极参与制定和优化技术支持流程，提升部门效率和客户满意度。 任职要求： 1. 具备良好的沟通技巧和客户服务意识，能够处理复杂的客户关系； 2. 熟练掌握基础网络、服务器、存储、虚拟化、安全等相关知识和技能； 3.本科或以上学历，计算机相关专业毕业优先考虑； 4. 具备较强的团队合作精神和协调能力，能够适应快速变化的工作环境。,7月24日,马鞍山市大国广告传媒有限公司成立于2014年，位于安徽省马鞍山市，是一家专注于广告传媒与工程建筑领域综合服务的多元化企业。公司主营业务涵盖广告视觉设计、工程质量管理、房地产销售支持及金融产品服务，形成跨行业资源整合能力，为商业客户提供定制化解决方案。经过十年发展，公司建立起涵盖广告创意、工程施工、销售服务等领域的专业团队，在本地市场积累了稳定的客户服务经验。业务布局涉及商业地产项目全周期支持，包括前期广告策划、施工过程质量管控及后期销售服务，形成差异化服务链条。企业注重多领域人才协同，现有团队涵盖广告设计、工程管理、财务风控等专业背景人员。公司依托跨行业服务经验，持续优化资源配置效率，通过标准化流程与灵活服务模式满足客户多元化需求。目前业务范围已延伸至商业空间设计、工程安全咨询等领域，致力于为客户提供高性价比的综合服务方案。,"https://www.zhaopin.com/jobdetail/CC672150420J40682330206.htm?refcode=4019&srccode=401901&preactionid=a7c1140f-c46c-45e5-b867-ab342d8bdc77"
3700,科研人员,郑州-金水区,1.5-3万,河南省科学院高能物理研究中心,政府/公共事业,20-99人,,CCL1483745710J40656339901,河南省科学院高能物理研究中心依托中国科学院高能物理研究所和河南省科学院优势学科群，以粒子物理、核物理科学研究与技术应用为核心功能，以解决领域内关键问题、创新交叉为研究重点，充分利用粒子物理、核物理、加速器、粒子探测及微波、超导、等离子体技术、电子学与计算机等学科的优势，有效整合河南省内外和国内外相关领域的资源，建设开放共享的研究开发平台，协同高效的成果转化平台，产学研联动的人才培养平台，支撑材料、医疗、计算机等事业发展的公共服务平台。现面向海内外招聘优秀博士、博士后，并为各位人才提供具有竞争力的薪酬待遇和配套保障。 一、招聘条件与岗位待遇 热爱教育事业，身心健康，品德高尚，治学严谨，学风端正，恪守科研工作者职业道德规范，具有拼搏奉献精神和团队合作意识，同时具备下列岗位条件： （一）高层次人才 一事一议。 （二）优秀博士及以上 二、专业要求和岗位研究方向： 专业要求：核科学与技术，粒子物理与原子核物理，等离子体物理，光学工程 岗位研究方向：加速器物理，加速器技术，新加速原理，激光等离子体相互作用研究，光学、等离子体及束流诊断，超短超强激光器 1、所聘人员进入省直事业编制。 2、聘期内提供15-50万元的年薪；同时享受科研绩效奖励，上不封顶。 3、提供20-30万元的安家费；符合条件人员可享受三年内免费人才公寓。 4、提供20-50万元科研启动经费。 5、三年内享受每月 1500元生活补贴，首次在郑购房享受 10万元购房补贴(具体以郑州市审批结果为准) 6、特别优秀人才可一人一议。,2月25日,,"https://www.zhaopin.com/jobdetail/CCL1483745710J40656339901.htm?refcode=4019&srccode=401901&preactionid=a7c1140f-c46c-45e5-b867-ab342d8bdc77"
3701,实施工程师,佛山-顺德区,7000-10000元,上海纵昂建设发展有限公司,专业技术服务,100-299人,,CC457611730J40755353611,工作职责: 1、按项目经理要求开展机器人项目的实施及售后服务工作; 2、负责助理服务工程师的实施能力培养; 3、负责实施方案编写及机器人现场调试; 4、负责客户培训及维护指导。 任职要求: 1、自控、计算机、机电一体化等相关专业毕业，大专以上学历; 2、良好的沟通协调能力、主动的学习能力和团队合作意识。 3、需要有电工基础。 4、有编程基础者优先考虑。,7月8日,,"https://www.zhaopin.com/jobdetail/CC457611730J40755353611.htm?refcode=4019&srccode=401901&preactionid=a7c1140f-c46c-45e5-b867-ab342d8bdc77"
3702,测试工程师,石家庄-新华区,120-150元/天,广电计量检测(北京)有限公司,检测/认证,1000-9999人,已上市,CC349915230J40759377811,岗位职责： 1.完成环境与可靠性试验领域（霉菌、盐雾、震动等）测试工作。 2.提供有效检测数据和检测报告。 3.负责实验室日常设备保养。 任职要求： 1.实习最少半年。 2.统招大专及以上学历，机械、电子、通信、电气等相关专业 3.动手能力强，勤于思考。 4.工作主动，擅长沟通交流。,7月18日,广电计量是原信息产业部电子602计量站，经过50余年的发展，现已成为一家全国化、综合性的国有第三方计量检测机构，专注于为客户提供计量、检测、认证以及技术咨询与培训等专业技术服务，在计量校准、可靠性与环境试验、电磁兼容检测等多个领域的技术能力及业务规模处于国内领先水平。广电计量的技术能力获得了众多国内外权威机构和组织的认可和授权，通过了中国合格评定国家认可委员会认可（CNAS），获得检验检测机构资质认定（CMA）、农产品质量安全检测机构（CATL）以及众多政府和行业权威机构的认可资质，是农业部“三品一标”检测实验室、全国土壤污染详查推荐检测实验室、中国CB实验室，出具的证书、报告具有国际公信力，可帮助客户稳健开拓本地市场乃至全球市场。广电计量构建了覆盖全国的服务保障网络，在国内建有23个计量检测基地和50多家分子公司，实验室总面积超过16万平方米，配置国内外高端设备仪器30000多台/套，搭建的全国一体化计量检测与认证技术公共服务平台，可迅速响应客户需求，为客户提供近距离、本地化的专业服务。作为一家拥有高度社会责任感的国有企业，广电计量以助推各区域经济高质量发展、助力企业品质提升为己任。目前，广电计量的服务能力覆盖汽车、航空、轨道交通、船舶、通信、电力、电子电器、食品、环保、农业、医疗、石化等领域，凭借专业的计量检测技术之力，广电计量可帮助各行业产业链上下游客户提升自身竞争力，实现产品全寿命周期的质量管控。在品质决胜未来的发展新时代，广电计量将继续秉持科学、公正、准确、快捷、周到的服务理念，为高质量发展传递信任，为建设“和谐美丽”中国保驾护航！,"https://www.zhaopin.com/jobdetail/CC349915230J40759377811.htm?refcode=4019&srccode=401901&preactionid=a7c1140f-c46c-45e5-b867-ab342d8bdc77"
3703,测试工程师,上海-浦东新区,1-1.3万,长春风火轮科技有限公司,"计算机软件,互联网,IT服务,计算机硬件",100-299人,,CC447170980J40643621302,1.熟悉整车网络系统测试，包括台架测试与实车测试的物理层测试，一致性测试，数据链路层测试，网络层测试，唤醒源测试等，覆盖CAN/LIN/ETH总线协议，熟悉Autosar网络管理协议，OTA测试 2.参与搭建并维护整车网络测试台架， 3.维护与更新自动化测试脚本， 4.根据测试计划维护台架测试环境，升级控制器软件，完成整车网络测试，测试数据分析与生成测试报告， 5.跟踪测试问题整改进度并验证。 6.本科毕业，3年以上车载网络性能测试经验，熟悉CAN、CANFD.LIN.ETH总线协议，熟悉Autosar NM网络协议，熟悉ISO/TP协议，了解UDS诊断协议， 7.熟练使用总线采集工具及测试软件。 8，能够使用CAPL、C、Python维护测试脚本,4月11日,长春市风火轮科技有限公司，成立于2016年5月。公司主营业务：互联网电子商务，计算机软硬件开发，技术推广和交流，信息系统集成服务。人工智能公共数据平台等。,"https://www.zhaopin.com/jobdetail/CC447170980J40643621302.htm?refcode=4019&srccode=401901&preactionid=a7c1140f-c46c-45e5-b867-ab342d8bdc77"
3704,实施工程师,杭州-西湖区,7000-11000元,浙江方大智控科技有限公司,"电子/半导体/集成电路,计算机软件,计算机硬件,互联网",100-299人,未融资,CC414797520J40656508913,职位描述,7月14日,创客情怀有你更精彩浙江方大智控科技有限公司是一家致力于物联网和云计算创新研发产业化的国家高新技术企业、软件企业。公司研发并推广的智慧城市照明智能管理系统，是智慧城市建设中智慧照明平台搭建的重要组成部分和节能减排的重要手段，该系统多项技术位于世界前列，已经推广到全球一百二十多个国家三百五十多个城市，公司与美国卡内基-梅隆大学、浙江大学紧密合作，建有“智能小镇应用示范项目”，智慧灯杆研发中心，并连同美国、澳大利亚、沙特阿拉伯等地建设国际科技合作平台，推进一带一路智慧城市建设。公司董事长宋宏伟博士是浙江大学国际设计研究院教授，是国际数据存储信号处理领域的领军人物。公司成立以来始终以人才为盾，以科技为剑，获得国家科技部“战略性国际科技创新合作专项”，“国家火炬计划产业化示范企业”，中国智慧城市大会“优秀解决方案奖”，国家专精特新“小巨人”企业。承担多项国家智慧应用项目和智能制造示范应用项目，并成为华为、中兴、阿里巴巴、Panasonic、Cisco、中国电信、中国移动等重要合作伙伴。公司拥有自主研发的核心知识产权，共获得国内外专利100余项，在智慧照明控制领域一直引领者行业的发展，名列国际一线品牌。公司海外内业务发展快速，重点发展公司在行业内领先的智慧照明解决方案的同时，还研发了基于物联网技术的智慧灯杆、城市气象传感网系统、智能充电桩管理系统、火警预防智能管理系统等解决方案，方大智控将不断利用物联网和云计算技术为社会创造低能耗、高效率、安全、便捷的智慧城市生活模式。创业梦，方大圆，我们热诚欢迎各位有志中国智慧照明和节能管理的优秀人才加盟！我们为每位员工提供： 1、具有竞争力的薪酬和年终奖。 2、五险一金+双休，女员工每月还可享受半天带薪休假，并有弹性工作时间，其他节假日按照国家规定执行。 3、明确的晋升通道，良好的工作氛围及相互信任的沟通环境。 4、专业的培训课程，新人都有工作指导老师，协助您在公司一路成长。 5、员工生活福利：生日、结婚、生育礼金等。 6、节假日福利：元宵、妇女节、端午、中秋、新年等贺礼惊喜不断。 7、员工身心保障福利：员工意外医疗保险、不定期郊游、定期员工体检。 8、公司补贴及贡献嘉奖：通讯补贴、高温补贴、不定期嘉奖等。公司地址：杭州西湖区文一西路98号数娱大厦9楼公司网址：www.fdzk.cn www.fondalighting.com招聘邮箱：hr@fondalighting.com,"https://www.zhaopin.com/jobdetail/CC414797520J40656508913.htm?refcode=4019&srccode=401901&preactionid=a7c1140f-c46c-45e5-b867-ab342d8bdc77"
3705,硬件测试,焦作-修武县,6000-10000元,重庆科满福人力资源服务有限公司,企业服务,20-99人,,CCL1487604860J40937013104,【岗位职责】 ： 1、进行新产品研发阶段的测试工作 2、完成新产品的功能测试、可靠性测试、环境测 试、安全测试等技术工作 3、制定测试计划，设计测试用例，分析测试数 据，编制测试报告 4、为其他部门提供技术支持，与其他部门的产品 联合测试工作,7月29日,,"https://www.zhaopin.com/jobdetail/CCL1487604860J40937013104.htm?refcode=4019&srccode=401901&preactionid=a7c1140f-c46c-45e5-b867-ab342d8bdc77"
3706,软件测试,成都-锦江区,6000-12000元,四川森煜智研科技有限公司,"医药制造,生物工程,医美/健康服务,医药制造",20-99人,不需要融资,CCL1486657450J40759064101,不加班！！！双休！！,7月25日,,"https://www.zhaopin.com/jobdetail/CCL1486657450J40759064101.htm?refcode=4019&srccode=401901&preactionid=a7c1140f-c46c-45e5-b867-ab342d8bdc77"
3707,测试工程师,徐州-贾汪区,1-1.5万,徐州徐工矿业机械有限公司,电气机械/电力设备,1000-9999人,未融资,CC464414780J40772975114,1.协助制定试验方案，开展新产品基础性能试验，编制各零部件系统测试计划； 2.执行产品测试计划，编制测试研究报告； 3.跟踪、研究国内外同行业测试技术发展趋势，提出核心技术研发课题。 1、2025年及2026年应届毕业生，本科学历及以上； 2、大学英语四级或以上，或同等水平的其他语言； 3、机械设计、机械制造、自动化、力学等相关专业。,7月15日,徐州徐工矿业机械有限公司（徐工矿机）是徐工集团最具创新实力的核心企业之一，已成为徐工集团最为重要的战略性支撑板块，目前公司在产品研发上，践行“三高一大”的产品战略，落地“技术领先，用不毁”做成工艺品产品理念，自主研制生产具有国际先进水平的系列矿用液压挖掘机、矿用自卸车、破碎筛分机械三大类成套矿业机械产品群。产品型号已覆盖70吨-700吨液压挖掘机、120吨-400吨电传动自卸车、30吨-60吨铰接式自卸车、40-100吨机械传动自卸车、100t/h—500t/h移动破碎筛分站、500t/h—4000t/h破碎筛分生产线，是中国唯一、全球前五的大型成套矿业机械研发与制造的企业，是全球矿业机械的知名品牌和有力竞争者。,"https://www.zhaopin.com/jobdetail/CC464414780J40772975114.htm?refcode=4019&srccode=401901&preactionid=a7c1140f-c46c-45e5-b867-ab342d8bdc77"
3708,软件测试,武汉-None,1-1.2万·13薪,青岛瑞晟元人力资源有限公司,人力资源服务,20人以下,不需要融资,CCL1431271280J40777974407,岗位职责： 1. 负责软件的功能测试。 2. 执行测试用例，报告缺陷并跟踪缺陷的修复。 3. 与开发团队协作，确保软件质量满足需求。 4. 参与软件测试流程的优化和改进。 岗位要求： 1. 熟悉软件测试理论、方法和流程。 2. 具备功能测试经验。 3. 了解运维工程师、网络工程师的工作内容，能进行基本的IT质量管理。 4. 有信息技术、标准化、电子或电路工程相关背景者优先。 薪资待遇：包住、六险一金、工龄工资、生日礼金、定期体检、带薪年假、绩效奖、项目奖、年终奖.,2025年07月29日,,"https://www.zhaopin.com/jobdetail/CCL1431271280J40777974407.htm?refcode=4019&srccode=401901&preactionid=a7c1140f-c46c-45e5-b867-ab342d8bdc77"
3709,科研人员,苏州-虎丘区,2.5-5万·13薪,苏州一兮生物技术有限公司,"生物工程,生物工程",20-99人,A轮,CCL1215719530J40236586807,岗位职责： 1、负责研发项目的调研、立项、论证、研发进度管理、风险控制、质量控制以及汇报测试； 2、负责所在项目组的日常管理，统筹安排组内其他成员的工作； 3、解决研发过程中所遇到的技术难题； 4、负责召开项目的研发工作会议以及阶段性成果汇报会； 5、参与公司研发相关的技术培训工作； 6、开展与科研院所、上下游公司等可能的科研合作； 7、完成公司安排的其他任务。   任职要求： 1、博士或者能力优秀的硕士； 2、分子生物学、生物化学、微生物学、基础医学或生物信息学等相关专业； 3、具有基因工程、分子生物学、酶工程、代谢通路或蛋白质结构等相关研究背景； 4、具备较强的文献学习能力、研发调研能力、文字表达能力以及团队管理能力；   5、具备独立的科研思维和研发能力。 职位福利：五险一金、绩效奖金、员工旅游、节日福利、加班补助、带团队、鼓励内部创新、年轻化团队   ,4月25日,关于一兮生物一兮生物是一家合成生物学领域专注于技术创新与产品研发的公司。我们从自然存在的生命过程中获取灵感，利用合成生物学技术设计、构建基因代谢网络，用于食品、药物、工业原料的合成，实现技术理想，创造商业价值。我们研发的技术产品-----HMO的高效生物合成已处于产业化阶段，这是国内合成生物学领域最早实现产业化的技术产品之一。我们是一家快速发展的年轻公司，所有成员均为80后、90后。公司崇尚技术至上，不论资排辈，唯才是举；团队年轻，工作氛围轻松，沟通无障碍；发展速度快，优秀员工期权奖励，分享公司发展红利。一兮生物是一家由研发人员创立的公司，研发是公司的战略和发展基础所在，研发人员处于公司的核心地位，倍受重视。我们立志成为一家受尊敬的技术型科技企业，坚持技术创新和技术积累，做有价值、有竞争力的产品。关于合成生物学合成生物学（Synthetic Biology）诞生于 21世纪，2016年以来进入了高速发展的时期。核心思想是通过工程学的方法改造生命（细胞等）或从源头开始构建一套生命系统，以帮助人类实现治疗疾病、生产产品、治理环境等目标。在全球数以万计的科学家和从业者的努力下，生物合成技术现已成熟地应用于医疗保健、农业、化学品、能源、消费品、食品和饮料等领域，而其能按照特定目标理性设计、改造乃至从头重新合成生物体系，不断拓展生物应用的边界。合成生物学作为生命科学领域的新兴工程科学，被认为是引领生物科技产业第三次革命并将推动第五次工业革命的新学科。合成生物学打破了我们习以为常的“格物致知”研究理论，将生命科学推进到了“造物致知，造物致用”的新高度，是非常值得关注、值得投身其中的领域。,"https://www.zhaopin.com/jobdetail/CCL1215719530J40236586807.htm?refcode=4019&srccode=401901&preactionid=a7c1140f-c46c-45e5-b867-ab342d8bdc77"
3710,软件测试,深圳-福田区,8000-10000元·13薪,许昌蚁匠网络科技有限公司,"企业服务,企业服务",20-99人,不需要融资,CCL1492921960J40761462209,岗位内容： 1. 协助设计并执行测试用例，记录测试结果并准备测试报告。 2. 协调开发人员、项目经理和测试团队成员，以确保遵守时间表和产品质量标准。 3. 使用自动化测试框架和工具来提高测试效率和覆盖率。 4. 关注产品质量和客户需求，确保稳定、可靠和用户友好的软件交付。 任职要求： 1. 本科及以上学历，年龄25-30岁 2.已离职可随时到岗,2025年07月30日,,"https://www.zhaopin.com/jobdetail/CCL1492921960J40761462209.htm?refcode=4019&srccode=401901&preactionid=a7c1140f-c46c-45e5-b867-ab342d8bdc77"
3711,C/C++,苏州-虎丘区,8000-12000元,苏州国科康成医疗科技有限公司,"医疗设备/器械,人工智能,云计算/大数据,计算机软件",20-99人,A轮,CC299729180J40728084401,岗位职责： 1. 负责基于 C++、Python等技术栈进行AI医疗软件的开发工作，涉及医学影像分析、脑电分析以及手术机器人控制等，确保软件的高效性、稳定性和可靠性。 2. 参与软件系统的需求分析与设计，根据项目需求制定合理的开发计划和技术方案，与团队成员紧密合作，完成代码编写、测试和优化工作。 3. 能够对相关领域的前沿技术进行应用，如基于虚拟化部署的人工智能辅助诊断等，不断提升产品的技术水平和竞争力。 4. 负责解决软件开发过程中出现的技术难题，对现有软件系统进行维护和升级，保障系统的正常运行，及时处理用户反馈的问题和需求。 5. 编写相关技术文档，包括软件设计文档、开发文档、用户手册等，为团队成员和后续的产品维护提供技术支持和参考依据。 任职要求： 1. 本科及以上学历，计算机科学、软件工程、电子信息工程、生物医学工程等相关专业，具备扎实的计算机基础知识和编程功底。 2. 熟练掌握 C++、Python等编程语言，有 3 年以上相关开发经验，熟悉常用的设计模式和软件架构，能够独立完成复杂软件模块的设计和开发。 3. 对人工智能技术有深入的了解和实践经验，熟悉常见的机器学习算法和深度学习框架（如TensorFlow、PyTorch等），并能够将其应用于医疗影像分析、脑电数据分析等领域。 4. 具备良好的团队合作精神和沟通能力，能够与不同专业背景的人员（如产品经理、算法工程师、测试工程师等）进行有效的协作，共同推进项目的进展。 5. 有强烈的责任心和敬业精神，具备良好的问题解决能力和抗压能力，能够按时完成工作任务，确保项目质量和进度。,5月14日,"苏州国科康成医疗科技有限公司成立于2015年，位于苏州市高新区科技城，是中科院苏州医工所投资的国家高新技术企业，聚焦“多模态影像+AI”智能诊疗产业，提供智能精准手术计划导航系统、无创高时空分辨脑机接口系统、医疗健康大数据的专业解决方案。为临床/科教提供智能影像诊断、3D建模打印、手术计划导航等高端影像系统；为脑科学提供无创高时空分辨脑机接口系统；为专病/慢病提供医疗健康大数据管理分析服务系统50多人的团队，中科院班底（百人计划研究员带领的医学影像智能诊疗技术团队，团队包含研究员2名，副研究员5名）博士7名，硕士6名，是一支年轻、有朝气，敢于拼搏奋斗、富有创新精神的年轻团队。我们的宗旨是：做真正优化临床医疗的智慧技术平台，造福人民公司是国家高新技术企业、全国科技型中小企业、国家知识产权管理体系、江苏省软件企业、江苏省民营科技企业、苏州市大数据企业。获省六大人才高峰、苏州高新区创业领军、姑苏创业天使、江苏省科技三等奖、北京市科技进步一等奖、省/市优秀版权奖、省/市人工智能示范。获工信部5G试点项目、省重点研发、省国际合作、市先进制造专项等。拥有高新技术产品1项、国家注册商标9项、软件产品4项、软件著作权20项、发明专利14项、外观专利1项和实用新型专利10项。周末双休、寒暑假各两周带薪假期。公司已获姑苏天使轮投资和政府pro-A轮投资,正蓄势待发，等待志同道合的你的加入！","https://www.zhaopin.com/jobdetail/CC299729180J40728084401.htm?refcode=4019&srccode=401901&preactionid=a7c1140f-c46c-45e5-b867-ab342d8bdc77"
3712,测试工程师,郑州-金水区,1.5-1.7万,嵩山实验室,"网络/信息安全,通信/网络设备,计算机软件,云计算/大数据",100-299人,不需要融资,CCL1390391680J40740662607,岗位职责： 1.负责新型电力系统（如微电网、分布式能源系统、智能电网等）的测试方案设计、测试用例编写和测试执行工作；  2.参与新型电力系统相关设备和软件的测试，包括但不限于：光伏逆变器、储能变流器、能量管理系统、微电网控制器等；  3.搭建和维护测试环境，包括硬件平台搭建、软件环境配置、测试数据准备等；  4.分析测试结果，编写测试报告，并跟踪问题解决进度；  5.参与新型电力系统相关技术标准和规范的制定和修订；  6.跟踪新型电力系统技术发展趋势，研究新的测试方法和工具。  ,5月28日,嵩山实验室是由郑州大学、信息工程大学和中电科第二十七研究所等单位共同发起组建、省政府批准成立的事业单位性质的新型科研机构。实验室对标国家重大战略需求，聚焦数字基础设施发展前言。业务领域包括数据科学与先进技术、量子信息应用基础、智联计算网络、网络空间安全与地球空间信息科学等领域。,"https://www.zhaopin.com/jobdetail/CCL1390391680J40740662607.htm?refcode=4019&srccode=401901&preactionid=a7c1140f-c46c-45e5-b867-ab342d8bdc77"
3713,C/C++,西安-雁塔区,1.5-3万·14薪,陕西慧云联达企业管理咨询有限公司,人力资源服务,20-99人,不需要融资,CCL1445845820J40773755905,岗位内容：  1. 设计、开发和维护C++应用程序； 2. 根据产品需求，完成相应领域的研究及开发； 3. 参与项目需求分析和技术选型； 4. 负责代码编写、单元测试、Bug修复等工作。 任职要求：  1. 熟悉C++编程语言，具备扎实的编程基础； 2. 具有良好的算法和数据结构基础； 3. 熟练使用常见的开发工具； 4. 具备较强的沟通协调能力和团队合作精神； 5. 具备分析问题、解决问题的能力；,5月9日,陕西慧云联达企业管理咨询有限公司成立于2022年9月，是一家集高端猎头服务与专业代理记账报税业务于一体的综合性企业服务提供商。自成立以来，我们秉承“智聚英才，财通未来”的企业理念，致力于为国内外企业客户提供精准高效的人力资源解决方案及一站式财务管理服务，助力企业稳健成长，共创辉煌。,"https://www.zhaopin.com/jobdetail/CCL1445845820J40773755905.htm?refcode=4019&srccode=401901&preactionid=a7c1140f-c46c-45e5-b867-ab342d8bdc77"
3714,测试工程师,南充-高坪区,5000-7000元,天阳科技,"计算机软件,计算机软件",1000-9999人,已上市,CC120408370J40824008808,1.全国项目驻场测试，主要负责功能、数据或接口等相关测试工作； 2.统招本科学历及以上（学信网可查）；毕业满2年；计算机专业优先； 3.热爱软件测试行业、有强力的自驱力，能够在测试岗位深入学习研究； 4.有无经验均可，服从公司安排，接受公司培养，可接受异地工作优先； 福利待遇： 上市公司，公司可以提供住宿，提供五险一金； 欢迎符合要求的小伙伴们投递~,7月21日,天阳科技(股票代码：300872)，是全球金融创新服务的重要贡献者，持续赋能中国金融行业数字化转型，为客户提供咨询、金融科技产品、金融IT服务、云计算及运营服务。公司成立于2003年，服务超过300家金融行业客户，覆盖中央银行、政策性银行、国有银行、股份制银行、地方性商业银行、非银行金融机构等，员工人数近7000人，成为激活金融领域创新活力、推动金融科技迈入世界领先水平的重要力量。作为金融行业客户可信赖的合作伙伴，天阳科技凭借丰富的行业经验和端到端的专业服务，在信创、数字化金融、信贷、交易银行、信用卡、零售、营销、风险管理、征信监管等众多领域具备核心竞争力。据赛迪和IDC报告显示，近年来公司在中国银行业IT解决方案市场排名强势崛起，2019年收入及市场占有率综合排名分别位列第四位和第五位，并保持高速增长。同时，前瞻商业和科技趋势，入选2021年度未来银行科技服务商TOP100。天阳科技始终聚焦金融科技领域，加大自主创新力度，在超过100个城市建立本地化、专业化的研发和服务团队，拥有CMMI5级认证、软件测试成熟度模型集成（TMMi）3级认证、ISO9001质量管理体系认证、ISO20000信息技术服务管理体系认证、IS027001信息安全管理体系认证。通过部署人工智能、云计算、大数据、移动互联网、分布式计算和区块链等先进金融科技，公司致力于构建安全可控、普惠民生、开放共赢格局，在关键技术领域服务现代化金融发展大局，更好地为各利益相关方创造更大价值，为大中企业、小微企业以及每个个体提供优质金融服务。,"https://www.zhaopin.com/jobdetail/CC120408370J40824008808.htm?refcode=4019&srccode=401901&preactionid=a7c1140f-c46c-45e5-b867-ab342d8bdc77"
3715,技术支持工程师,上海-闵行区,6000-12000元,衡视智能科技(上海)有限公司,"人工智能,人工智能,仪器仪表制造",20人以下,未融资,CCL1303110070J40085967106,技能要求： 机电一体化，AutoCAD 任职要求： 1、机械、机电、电子等相关专业专科学历； 2、熟悉基本的电路图； 3、实际动手能力强，有设备安装者优先考虑； 4、能吃苦耐劳，具备良好的团队精神； 5、有过销售经验对市场敏感者优先考虑。 岗位职责： 1、现场技术服务； 2、现场设备的安装、调试； 3、售后现场设备维护，检修； 4、推荐客户使用公司的品牌和产品； 5、会开车，有驾驶证者优先。职位福利：五险一金、绩效奖金、带薪年假、周末双休、节日福利   ,6月17日,Heinxs衡视传感器是一家面向全球的工业智能传感器产品与解决方案的提供商、国家级高新技术企业。致力于中高端智能传感器的研发，拥有国际较为领先的人工智能视觉图像处理技术、高精度传感与检测技术、高速采集与测量技术等，产品多达2000种。公司在视觉图像处理、传感与测量技术、自动控制等方面具有了较强的系统设计能力和丰富的现场应用经验，赢得了广大客户的信赖与支持。HEINXS一直以来秉承精益求精、合作共赢的经营理念，力争成为全球领先的机器视觉系统和解决方案提供商。企业愿景：智能传感、引领未来！企业使命：始终致力于为客户最佳利益护航企业精神：激情，勤奋，创新，进步企业价值观：共同努力、共同成长、共享成果管理理念：高效、协作、严谨、求精、创新、进步人才理念：人尽其才、唯才是举,"https://www.zhaopin.com/jobdetail/CCL1303110070J40085967106.htm?refcode=4019&srccode=401901&preactionid=a7c1140f-c46c-45e5-b867-ab342d8bdc77"
3716,实施工程师,南宁-青秀区,3000-6000元,北京泽云瑞弘信息技术有限公司,"计算机软件,IT服务",20-99人,未融资,CCL1200188010J40771015912,一、岗位职责： 1. 对项目产品提供整体部署、性能调试、应用测试等工作； 2. 负责将系统安装到客户现场，并能够调试，处理故障，确保客户能正常使用； 3. 对所维护的服务单位提供运维跟进，收集总结客户提出疑难问题并反馈； 4. 负责项目运维中相关软件产品技术文档资料的撰写、更新； 5. 为用户提供公司所开发产品的现场的演示、应用培训等。 二、岗位要求： 1. 统招本科及以上学历，计算机相关专业； 2. 有很强的服务意识、有耐心，善于倾听客户的意见； 3. 熟练使用oracle/mysql等数据库，熟练使用SQL语言、python 优先； 4. 有医疗软件项目实施交付经验者优先； 5. 岗位需要出差，能适应出差者优先。 三、薪资说明  1. 接受实习生：2000-3000元/月（根据面试情况而定），实习期至拿到毕业证为止；  2. 有经验人士：3500-6000元/月（根据工作能力以及年限而定），绩效工资；  3. 公司福利：项目奖金（依据项目情况分配），年终奖、年假、社保、周末双休、定期团建、年度体检等；,7月8日,·北京泽云瑞弘信息技术有限公司是企业数字化实践建设者，以“推动管理进步、赋能数据价值”为理念，立足于信息服务领域，以客户需求为导向、技术研发为驱动、集成实施为基础，数据化服务为支撑，通过资源整合、业务协同，成为集咨询规划、集成实施、软件开发、运营维护于一体的信息服务解决方案提供商。公司以自主研发的“易佳”平台为核心，软件产品研发、行业应用解决方案和数据分析挖掘服务为基础，驱动企业数字化转型。·公司拥有一支经验丰富、技术力量雄厚的咨询、研发、服务的专家团队，不仅具有一流的专业素质和丰富的研发、实施、咨询服务能力，而且具有良好的职业道德素养和综合业务能力，为客户提供售前、售后一体化服务。在公司发展过程中，不断开拓创新，调整管理机制，丰富自主研发产品内容，增强优质的服务理念，建立了极具竞争力的技术体系。,"https://www.zhaopin.com/jobdetail/CCL1200188010J40771015912.htm?refcode=4019&srccode=401901&preactionid=a7c1140f-c46c-45e5-b867-ab342d8bdc77"
3717,Java,北京-海淀区,1.3-2.6万·14薪,外企德科数字技术有限公司,专业技术服务,10000人以上,,CCL1480117890J40782015105,岗位职责岗位要求：统招本科及以上学历，计算机、软件工程、通信等相诚挚招揽IT工程师加入我们！参与开发具有挑战性和影响力的项目！部门众多，一线核心项目丰富，因此各语言（java、C++、Python、Go）都有HC；初级、中级、高级IT工程师都有需求。 又是一年毕业季，企业重视新生力量的吸纳与培养，欢迎应届同学们考虑与投递。会有完善的导师带教适应机制的哈。 一、工作职责： * 参与软件开发生命周期的各个阶段，包括需求分析、设计、编码、测试、部署和维护。 * 使用Java、Python、C++或Go语言开发和维护高效、可靠、可扩展的软件系统。 * 编写高质量、可维护的代码，并进行代码审查。 * 与团队成员紧密合作，解决技术问题，并推动项目进展。 * 持续学习新技术，并将其应用于实际项目中。 二、任职要求： * 计算机科学或相关专业（理工科）本科及以上学历。 * 精通至少一种编程语言（Java、Python、C++或Go），并具备良好的编程习惯。 * 熟悉常用的数据结构和算法。 * 熟悉数据库技术，如MySQL、Oracle等。 * 具备良好的沟通能力和团队合作精神。 * 具备较强的学习能力和解决问题的能力。 三、我们提供： * 具有竞争力的薪酬和福利待遇。 * 良好的职业发展空间和培训机会。 * 充满活力和创新精神的团队氛围。 * 牛人云集，碰撞思维火花，激发无限潜能。 * 倡导开放、平等、包容的团队文化，尊重每一个想法，欢迎每一次挑战。 四、公司福利： * 底薪+绩效+项目奖金+年终奖； * 全额缴纳五险一金； * 试用期薪资全额发放，不打折； * 带薪年假5-15天，双休。 五、通勤时间： * 早上09:00~09:30弹性打卡上班 * 中午12:00~14:00中午吃饭午休 * 晚上18:00~18:30弹性打卡下班 * 周末双休，周内会有两到三天加班到八点半左右。 我们期待您的加入，共同打造卓越的产品！,2025-07-27 00:25:10,外企德科数字技术有限公司是一家2023年新成立的中外合资企业。成立于2023年11月24日，公司定位：专注于为信息技术企业提供人才及数字技术外包解决方案的中外合资企业。它是由中国人力资源服务行业的FESCO（北京国际人力资本集团）与全球人力资源服务领导者The Adecco Group（德科集团）合资成立的。公司主要提供网络技术服务、软件外包服务、计算机系统服务、技术进出口、软件开发等信息技术相关服务。专注于为信息技术企业提供信息技术类人才及数字技术外包解决方案。,"https://www.zhaopin.com/jobdetail/CCL1480117890J40782015105.htm?refcode=4019&srccode=401901&preactionid=a7c1140f-c46c-45e5-b867-ab342d8bdc77"
3718,科研人员,杭州-余杭区,2.5-3.5万·13薪,合肥致真智能装备有限公司,"专用设备制造,电子设备制造,电气机械/电力设备,专用设备制造",20-99人,A轮,CCL1373634190J40565556602,集成电路装备团队招聘：博士后  工作地点: 浙江省杭州市余杭区 薪资：40W+  学历和研究方向：近三年获得博士学位或2026年应届博士毕业生，年龄不超过35周岁，材料工程、仪器科学与技术、微纳工艺、物理学、微电子、自旋电子学 、机械、算法控制等 （一）薪酬待遇 校区将为入选者提供具有竞争力的、能够使其安心科研和发展的薪酬和福利待遇（薪资由学校补贴、团队项目补贴和政府补贴等构成，税前综合50-80万/年）。  （二）科研保障 1.提供—流的科研平台； 2.协助申报各类人才项目和科研项目。对入选国家高层次人才项目者提供1:2科研配套，实验及办公面积不低于200平米。 3.对于适合产业化推广的研究方向和成果，配备工程师团队和产业化支持政策，提供成果转化路径、支撑其入职北航或者职业晋升的方案和合理的成果收益分配措施。 4.出站后，考核优秀者可推荐入职北航中法航空学院（有编制），也可参与产业化团队，提供良好发展机会。  （三）生活保障 1.符合条件的入选者可申请人才房或校内教师公寓； 2.杭州市对高层次人才给予100-800万元的购房补贴，对新引进的博士，最高发放10万元生活安家补贴，博士后出站留（来）杭人员一次性发放40万元安家补助； 3.提供优质基础教育资源，保障教职工子女入学入托。 （各类政策按最新规定执行）,6月9日,合肥致真精密设备有限公司成立于2021年5月，由北京航空航天大学孵化，推进产学研融合。公司主要从事高精度磁控溅射设备及其关键组件研发和制造，同时为合作伙伴以及客户提供薄膜加工制造、工艺调试、设备软件开发等服务。公司团队致力于打造国产的高端磁控溅射设备，提升高端薄膜沉积设备的自主可控水平，努力解决集成电路领域科研和制造中设备和工艺短缺的难题。,"https://www.zhaopin.com/jobdetail/CCL1373634190J40565556602.htm?refcode=4019&srccode=401901&preactionid=a7c1140f-c46c-45e5-b867-ab342d8bdc77"
3719,C/C++,杭州-滨江区,7000-14000元,浙江宇视科技有限公司,"计算机硬件,计算机软件,IT服务",1000-9999人,已上市,CC451534410J40767383614,岗位职责: 1、参与公司产品及项目开发，完成需求分析、方案设计等 2、根据项目进度要求，完成功能模块的开发、调试 3、根据公司规范要求，编写技术文档   任职要求: 1、本科及以上学历，计算机、软件、通信、电子相关专业 2、熟练掌握C/C++等编程语言，熟练使用多线程、内存共享等技术 3、熟悉网络协议及网络编程；熟悉linux常用命令及shell脚本的编写；具备数据库设计及编程访问能力 4、具有良好编码风格，具有较强的逻辑分析和独立解决问题的能力 5、具有良好的沟通能力、协作开发能力和学习能力 6、有以下经验的优先： （1）有go语言开发经验或有意向学习go语言开发者优先 （2）熟悉安防类产品和应用，有相关从业经验者优先,6月17日,浙江宇视科技有限公司（uniview），是全球AIoT产品、解决方案与全栈式能力提供商，以“ABCI”（AI人工智能、BigData大数据、Cloud云计算、IoT物联网）技术为核心的引领者。宇视2011年成立，在创建第7年（2018年）做到全球第4位，研发技术人员占公司总人数约50%，在中国的北京、杭州、深圳、西安、济南、天津、武汉设有研发机构，在桐乡建有全球智能制造基地。截至2024年底，宇视专利申请总数4700余件，发明专利占比约80%，涵盖了光机电、图像处理、机器视觉、大数据、云存储等各个维度。我们每年将10%左右的营收投入研发，为可持续发展提供有力支撑。宇视推出AIoT大型操作系统IMOS，交付的产品方案覆盖全球200余个国家和地区，3000余个城市。截至2024年底，宇视参与建设平安工程990余个，智能交通项目580余个，智慧城市570余个，平安高校700余所（88%一流高校，80%一流学科高校，90%教育部直属高校），45个城市的210余条地铁线路，90余个机场，大型企业600余家，三甲医院300余家，高速公路450余条，470余个地标性商业综合体建筑。明天的世界，正在今天被工程师改变，宇视为《流浪地球2》提供设备与技术支持，交付了423件产品。在几乎中国所有重大峰会（APEC、G20、上合、金砖）、历史时刻（人大、两会）、国际体育赛事（北京冬奥会、杭州亚运会）的场景都有宇视的守护。,"https://www.zhaopin.com/jobdetail/CC451534410J40767383614.htm?refcode=4019&srccode=401901&preactionid=a7c1140f-c46c-45e5-b867-ab342d8bdc77"
3720,C/C++,青岛-城阳区,9000-15000元,青岛汉唐生物科技有限公司,医疗设备/器械,300-499人,未融资,CC342211310J40779799403,岗位职责：,6月30日,青岛汉唐生物科技有限公司成立于2009年，是一家专门从事食品安全检测、检验分析仪器、体外诊断试剂、生物药品等产品研发、生产、销售的高新技术企业。公司占地4万多平方米，建筑面积26000平方米，位于青岛高新技术产业开发区河东路369号。公司装备了世界一流的生产设备和科研仪器，组建了高素质的专业团队，在食品安全检测、检验分析仪器、体外诊断试剂、生物药品等领域形成了完善的研发体系和产业化体系。公司生产的产品分为七大类：检验分析仪器、食品安全检测试剂、金标快速检测试剂、免疫荧光试剂、核酸快速检测试剂、化学发光试剂、生物检测芯片等。青岛汉唐生物将以优质的产品、真诚的服务与您携手共创辉煌！人力资源部电话 0532-58710709,"https://www.zhaopin.com/jobdetail/CC342211310J40779799403.htm?refcode=4019&srccode=401901&preactionid=a7c1140f-c46c-45e5-b867-ab342d8bdc77"
3721,软件测试,苏州-张家港市,4000-8000元,苏州凯特信息科技有限公司,计算机软件,20人以下,,CC431494810J40533233006,公司软件为用户业务定制开发产品，对接客户通过客户真实业务数据进行系统测试，测试系统业务流程及功能是否符合用户需求，系统测试通过上线实施培训。,11月19日,苏州凯特信息科技有限公司（简称“凯特信息科技”，CIT[Cater Information Technology]），是一个以计算机软硬件信息科技为本，精诚服务至上的信息科技公司，致力于为政府部门、企事业单位等客户提供相应的、最实用的现代信息化管理解决方案，积极为政府部门、企事业单位等客户提升现代信息化管理水平，创造管理核心价值，提高工作效率与经济效益。凯特信息科技立足于发展的角度，以敏锐的战略眼光与市场洞察力，时刻关注着当前国内外的最新技术与市场需求的最新动态，为政府部门、企事业单位等客户引进世界领先的现代化管理理念、软件技术与软件产品，结合凯特信息科技的优质服务，最大限度地满足政府部门、企事业单位等客户的信息化需求，让客户享用超值的服务和完美的信息化解决方案，助推客户高效管理与运作。凯特信息科技秉乘“以人为本，精诚服务”的服务理念，积极与客户共同开拓、合作共赢！苏州凯特信息科技有限公司，专业从事软件开发、销售与服务，公司以人为本，精诚服务！,"https://www.zhaopin.com/jobdetail/CC431494810J40533233006.htm?refcode=4019&srccode=401901&preactionid=a7c1140f-c46c-45e5-b867-ab342d8bdc77"
3722,实施工程师,亳州-蒙城县,6000-10000元,东华医为科技有限公司,"IT服务,IT服务",1000-9999人,未融资,CC649781480J40171736705,1、学习能力强，能较快掌握和应用新技术； 2、具备较好的独立解决问题的能力； 3、有较强的适应能力、吃苦耐劳、能担重任； 4、工作敬业，责任心强，能够按照规定的工作流程开展工作； 5、积极主动，发现问题及时提出意见和建议； 6、善于沟通，有较好的表达能力和职业素质； 7、有团队协作精神，能够与各方面的领导和同事融洽合作； 8、有一定的编程基础，至少会Java、VB、VC、C、Delphi之一种计算机语言； 9、能胜任长期出差。 职位福利：五险一金、绩效奖金、加班补助、包住、带薪年假、定期体检、周末双休,2025-07-27 01:11:53,东华医为科技有限公司（简称东华医为）成立于2012年5月，注册资金5000万，是东华软件股份公司旗下专业服务医疗、卫生等大健康领域IT业务的全资子公司。东华医为现有员工2000余人，其中技术人员占比达到90%，拥有近100项大健康类自主知识产权的软件产品，所覆盖的大健康领域有医疗机构、卫生管理机构、互联网医疗、人工智能、大数据、健康管理等，所涉及的主要业务有IT咨询规划、方案设计、系统集成、软件开发与交付、工程实施与交付、人才培养、售后运维、合作运营等。东华医为现为全国500余家大健康领域的各类用户提供着持续的技术服务，还连续多年蝉联中国十佳医疗行业解决方案商榜首。传承了东华软件医疗卫生事业部近二十年IT业务的东华医为，在高速发展的大健康领域，笃定能大有作为。,"https://www.zhaopin.com/jobdetail/CC649781480J40171736705.htm?refcode=4019&srccode=401901&preactionid=a7c1140f-c46c-45e5-b867-ab342d8bdc77"
3723,软件测试,深圳-龙岗区,2-4万·16薪,陕西慧云联达企业管理咨询有限公司,人力资源服务,20-99人,不需要融资,CCL1445845820J40723424905,岗位内容： 1. 根据需求和设计文档，设计测试方案； 2. 确认测试范围和测试环境，撰写测试用例； 3. 进行手动测试和自动化测试，记录测试结果； 4. 配合开发人员进行问题的跟踪和解决； 5. 持续学习和掌握新技术，提高测试效率。 任职要求： 1. 了解软件开发和测试基础知识，有一定的测试经验； 2. 熟练掌握基本的测试方法和常用工具； 3. 具备良好的沟通和团队合作能力； 4. 具备追求质量、不断学习的态度和能力。,4月17日,陕西慧云联达企业管理咨询有限公司成立于2022年9月，是一家集高端猎头服务与专业代理记账报税业务于一体的综合性企业服务提供商。自成立以来，我们秉承“智聚英才，财通未来”的企业理念，致力于为国内外企业客户提供精准高效的人力资源解决方案及一站式财务管理服务，助力企业稳健成长，共创辉煌。,"https://www.zhaopin.com/jobdetail/CCL1445845820J40723424905.htm?refcode=4019&srccode=401901&preactionid=a7c1140f-c46c-45e5-b867-ab342d8bdc77"
3724,Java,济南-历下区,6000-8000元,济南格立科智能科技有限公司,物联网,20-99人,,CCL1497914450J40766970110,工作内容： 1. 参与软件的需求分析、系统设计、编码及测试等工作 2. 根据开发规范与流程独立完成模块的设计、编码测试 3. 定位并修改系统中存在的bug 4. 编写相关的技术文档   岗位要求： 1. 计算机相关专业本科及以上学历 2. 掌握Java编程语言及面向对象程序设计和编程 3. 熟悉Spring、MyBatis等主流开源框架,7月17日,,"https://www.zhaopin.com/jobdetail/CCL1497914450J40766970110.htm?refcode=4019&srccode=401901&preactionid=a7c1140f-c46c-45e5-b867-ab342d8bdc77"
3725,测试工程师,成都-锦江区,1-1.7万,成都忠扬威科技有限公司,电子商务,20-99人,未融资,CCL1495976900J40826800408,岗位内容：  1. 设计测试用例并执行测试计划，对软件功能、性能、稳定性等进行全面测试。 2. 编写测试报告和Bug汇报，跟踪Bug的解决过程，并及时反馈BUG情况给研发团队。 3. 参与产品设计和需求评审，提供测试意见和建议。 4. 熟悉自动化测试框架或工具，并进行相关测试工作。 任职要求：  1. 本科以上学历，计算机相关专业，有3年以上测试经验。 2. 熟悉软件测试流程和常用的测试方法、工具，熟悉至少一种自动化测试工具。 3. 具备较强的测试分析和问题定位能力，能够独立制定测试计划和测试用例。 4. 具备良好的沟通协调能力和团队合作精神。,7月27日,公司名称：忠扬威科技有限公司成立时间：2025年总部地点：中国成都公司性质：高新技术企业主营业务：人工智能、大数据分析、云计算服务、物联网解决方案、软件开发与定制公司愿景：成为全球领先的科技解决方案提供商，推动技术创新，赋能各行各业，创造智能化未来。公司使命：通过前沿技术与创新产品，为客户提供高效、智能的解决方案，助力企业数字化转型，提升社会生产力。,"https://www.zhaopin.com/jobdetail/CCL1495976900J40826800408.htm?refcode=4019&srccode=401901&preactionid=a7c1140f-c46c-45e5-b867-ab342d8bdc77"
3726,前端开发,阿克苏-阿克苏市,5000-7000元,阿克苏金盾保安服务有限责任公司,物业管理,20-99人,,CC354161530J40754509501,岗位职责：  1，我们希望你能撰写组建使用指南，说明Props配置和兼容性注意事项。  2，我们希望你能用数学符号和流程图描述算法思路，课程论文/比赛报告结构清晰。  3，我们希望你能规范记录Bug复现步骤，编写测试用例的预期结构和边界条件。  任职要求：  加分项：CET-4；在校高分专业课成绩（95+）；参与国家级比赛；有技术博客分享H5+css3+JS问题解决经验。,7月25日,,"https://www.zhaopin.com/jobdetail/CC354161530J40754509501.htm?refcode=4019&srccode=401901&preactionid=a7c1140f-c46c-45e5-b867-ab342d8bdc77"
3727,科研人员,北京-昌平区,1.5-2万·13薪,北京脑科学与类脑研究所,"学术/科研,学术/科研",300-499人,未融资,CC713689230J40648936709,博士后-Koziol实验室-表观遗传学/表转录组学方向（具有分子生物学经验） Koziol实验室正在寻找具有不同背景，对应用不同方法研究生物学和脑研究领域的基本问题感兴趣的高度积极的博士后候选人，包括表观遗传学和表转录组学。我们鼓励具有分子生物学或相关领域背景和兴趣的候选人申请。 Koziol实验室是一个跨学科的团队。根据背景和兴趣，成功的候选人可以负责不同的研究项目，研究项目聚焦于分子生物学，生物信息学，质谱学，神经生物学，或工程学/微流体。   研究内容和实验室简介 我们逐渐明确，DNA和RNA不是简单由4个排列顺序不同的分子组成的，这4种不同的分子可以由细胞中指定的酶以多种方式进行特殊修饰，而这些修饰则编码了DNA和RNA中影响细胞功能的关键信息。因此，DNA和RNA修饰对于调节细胞和大脑功能至关重要。 Koziol实验室正在探索这一全新的研究领域。由于传统测序方法通常无法检测到DNA和RNA中的修饰，因此我们基于分子生物学、生物信息学以及质谱学，开发和应用了新的工具，实现了对修饰的检测和表征。通过研究可以编码额外细胞信息及其调控分子的修饰，我们正在从分子角度解决以下问题： (1)信息或记忆是如何储存在大脑中的？ (2)脑细胞如何相互沟通？ (3)脑细胞在发育或衰老过程中发生了什么变化？  作为一个国际化实验室，我们背靠北京脑所这一世界一流研究机构，拥有跨学科、善协作、充满活力的研究团队。实验室具有充足的科研经费和先进的技术设备，日常科研工作均由北京脑所生物信息、质谱、仪器仪表、FACS、光学影像、实验动物等多个辅助平台提供专业技术支持。欲了解更多信息，请访问：www.DNALaboratory.org. 应聘要求 1.申请人必须具有或即将获得相关领域的博士学位，如分子生物学、神经生物学、生物学、医学、生物化学或相关领域。 2.需要有实验室工作经验。 3.性格积极、主动、勤奋，能指导学生，并具有团队协作精神。 4.北京脑所和Koziol实验室均为中英文双语工作环境，因此，不需要懂中文，但需具备一定的英文水平。 5. 不需要事先了解无需具备大脑研究或DNA和RNA修饰知识背景。 6. 在开始工作之前，我们希望成功的候选人申请博士后资助，我们将提供指导和支持。开始工作的日期是灵活的。   福利待遇 1. 根据应聘者的经验和能力提供有竞争力的薪酬（面议），签署正规劳动合同，享受五险一金、补充医疗保险、体检、带薪年假等福利； 2. 强大的行政支持，可以协助办理住房，签证和其他个人事务。 工作地点 北京市昌平区中关村生命科学园---医科路9号院3号楼---北京脑科学与类脑研究所 北京脑所简介 北京脑科学与类脑研究所由北京市政府与中国科学院、北京大学、清华大学等国内顶尖研究所/高校联合共建，重点围绕脑认知原理解析、脑重大疾病、神经科学新技术、神经计算与神经编解码方面开展研究。 我们正在努力建设成为一个高起点、开放型、国际化的新型研发机构。北京脑所为科学家们提供长期稳定的经费支持和强大的技术共享平台。一期已建成光学影像中心、实验动物中心、基因组学中心、计算中心、载体工程中心、仪器仪表中心、遗传操作中心、转化医学中心、生物质谱中心和药物化学中心10个技术辅助平台，正在积极筹建类脑智能研究中心。二期建筑面积5万多平米，主要分为科研、平台、转化、配套、服务等5大功能区，将成为集基础研究、临床研究、应用研究、多学科交叉融合和成果孵化、转化为一体的国际化基地。,7月22日,北京脑科学与类脑研究所（CIBR）是在科技部的指导下，由北京市人民政府联合中国科学院、军事科学院、北京大学、清华大学、北京师范大学、中国医学科学院、中国中医科学院等8家单位，共同发起成立的新型研发机构（以下简称“北京脑中心”），属于事业单位。北京脑所将结合全国科技创新中心的首都城市战略定位，围绕国家重大项目研究方向，承接国家脑计划，立足北京的工作基础和优势特色，搭建关键技术平台，在脑科学与类脑研究领域集中开展科技攻关，实现前沿技术和重大脑科学研究的突破，成为国际领先的脑科学研究所。北京脑科学与类脑研究所于2018年3月22日成立，前期建设工作全面启动，诚邀海内外优秀的行政服务人员加盟。,"https://www.zhaopin.com/jobdetail/CC713689230J40648936709.htm?refcode=4019&srccode=401901&preactionid=a7c1140f-c46c-45e5-b867-ab342d8bdc77"
3728,C/C++,济南-济阳区,5000-10000元·13薪,济南蓝图士智能技术有限公司,工业自动化,20人以下,不需要融资,CCL1329181740J40482199713,协助总工完成软件项目的开发和调试，从事过点云数据算法研究经历的优先。,6月27日,1:高端工业自动化软件开发及销售；2:公司目前发展阶段，工作有一定的挑战，团队氛围融洽；3：希望愿意长期合作，志同道合之士加盟；4：公司福利健全完善，以人为本，是一个值得信赖的平台，这里可以实现个人的价值增长，也可以充分享受工作和生活带来愉悦。,"https://www.zhaopin.com/jobdetail/CCL1329181740J40482199713.htm?refcode=4019&srccode=401901&preactionid=a7c1140f-c46c-45e5-b867-ab342d8bdc77"
3729,前端开发,上海-徐汇区,200-250元/天,上海嘉斯网络科技有限公司,"计算机软件,人力资源服务",20-99人,不需要融资,CCL1424967480J40525926307,人力资源软件的开发及维护   ,6月4日,上海嘉斯网络科技有限公司是领先的专注于数字化人力资源系统（HCM& HRO）的创新型人力科技专家。我们提供人事、行政、绩效、外包等管理系统，高效解决日常企业人力资源管理问题。嘉斯COE（资深人事行政管理专家）团队提供各类人力资源相关咨询及陪跑服务，直接助力企业数字化人力转型。,"https://www.zhaopin.com/jobdetail/CCL1424967480J40525926307.htm?refcode=4019&srccode=401901&preactionid=a7c1140f-c46c-45e5-b867-ab342d8bdc77"
3730,技术支持工程师,北京-海淀区,3000-4000元,仪创科技,"IT服务,互联网",20-99人,未融资,CC134716700J40741583012,5人       日薪：150元/日 岗位职责： 1.了解公司的产品、方案，参加公司技术培训； 2. 听从技术部派遣，参与公司产品的现场安装、调试工作； 3. 能向客户正确地推介公司产品； 4. 提交日志报告。 岗位要求： 1. 2025-2026年毕业生可优先考虑，能确保周一到周五每天8个小时的工作时间； 2. 电类相关专业本科以上学历； 3. 熟练使用AUTOCAD及PPT文档者优先考虑； 4. 踏实、认真、谦虚、好学，学习能力较强、较快的接受新知识； 5.至少实习3个月，吃苦耐劳。表现优秀者可转正。 工作地点: 中关村东路18号财智大厦,3月19日,关于仪创 IT|互联网|通信 l北京中关村高新技术企业 l创始团队：工学博士、归国学子 l创建日期：1997年4月 l运营总部：北京海淀中关村东路18号财智国际大厦B座20层 l产业基地：燕郊空港产业基地50A号主营业务物联网、人工智能+智慧园区一卡通、人脸识别系统的软件、硬件的研发与生产、整体解决方案荣誉中国出入口控制十大品牌、中国门禁系统十大品牌商业模式与具有住建部建筑智能化系统设计施工一级（二级）资质，安全防范系统设计施工一级的集成商密切合作。主要用户北京城市副中心行政办公区、北京新机场、中央电视台、新华社、国家电力、中国石化、中国石油、中国船舶、中国银行总行、中国移动、北京工行、北京建行、北京交行、北京轨道交通指挥中心、北京地铁四号线、武警总医院、北京市发改委、北京市高级检察院、海淀法院、海淀公安局、北京电视台、北京广播电台等公司总部：北京海淀区中关村东路18号财智国际大厦B座20层邮编：100083燕郊工厂：燕郊开发区百世金谷产业基地50-Ahttp://www.intcard.com.cn,"https://www.zhaopin.com/jobdetail/CC134716700J40741583012.htm?refcode=4019&srccode=401901&preactionid=a7c1140f-c46c-45e5-b867-ab342d8bdc77"
3731,Java,深圳-南山区,100-150元/天,中电福富信息科技有限公司,"IT服务,运营商/增值服务,计算机软件,通信/网络设备",1000-9999人,未融资,CC180936110J40824366308,1、基于Java 框架的代码编写与整合，实现满足设计规范的软件； 2、根据业务需求说明书进行模块的设计、编码、测试工作； 3、规范化文档，负责编写相关功能模块的概要、详细设计； 4、能独立解决开发中遇到的难点问题； 5、负责开发过程中相关新技术的研究和验证。,7月25日,中电福富信息科技有限公司（以下简称：“中电福富”），由中国电信股份有限公司和中国电信集团系统集成有限责任公司共同投资设立。公司成立于1987年，现已发展成为国家规划布局内的重点软件企业、国家软件出口龙头企业、高新技术企业、行业领先的智慧城市综合解决方案提供商和信息服务运营服务商，率先通过了国家壹级计算机信息系统集成资质认证和国际软件成熟度最高级别CMMI L5评估。公司旗下拥有北京福富软件、福建讯盟软件两家子公司，并在日本、菲律宾、北京、合肥、海南、宁夏、福建省各地市等设立了分公司及技术支撑中心。业务已遍及33个省级行政区。中电福富作为中国电信核心IT支撑团队，全面参与电信信息化及智慧运营；行业业务涉及智慧生态、交通、政务等智慧化建设、工业及物联网解决方案等；信息安全业务专注数据安全、终端安全、云端安全和物联网安全领域；视频业务为行业客户提供智能视频解决方案及应用服务。中电福富将紧跟国家大数据战略和中国电信网络智能化、业务生态化、智慧运营化战略方向，秉承“人才兴企、技术强企”的发展理念，积极做大做强智能连接、智慧家庭、天翼物联网、大数据和云服务等生态合作圈，在DICT和IOT等重点业务领域全面发力，为提高经济社会智能化水平、提升客户价值作出贡献，让未来因我们而变！,"https://www.zhaopin.com/jobdetail/CC180936110J40824366308.htm?refcode=4019&srccode=401901&preactionid=a7c1140f-c46c-45e5-b867-ab342d8bdc77"
3732,软件测试,南宁-青秀区,5000-7000元,天阳科技,"计算机软件,计算机软件",1000-9999人,已上市,CC120408370J40822505408,1.全国项目驻场测试，主要负责功能、数据或接口等相关测试工作； 2.统招本科学历及以上（学信网可查）；毕业满2年；计算机专业优先； 3.热爱软件测试行业、有强力的自驱力，能够在测试岗位深入学习研究； 4.有无经验均可，服从公司安排，接受公司培养，可接受异地工作优先； 福利待遇： 上市公司、公司可提供住宿、定期体检、带薪年假； 欢迎符合要求的小伙伴们投递~,7月24日,天阳科技(股票代码：300872)，是全球金融创新服务的重要贡献者，持续赋能中国金融行业数字化转型，为客户提供咨询、金融科技产品、金融IT服务、云计算及运营服务。公司成立于2003年，服务超过300家金融行业客户，覆盖中央银行、政策性银行、国有银行、股份制银行、地方性商业银行、非银行金融机构等，员工人数近7000人，成为激活金融领域创新活力、推动金融科技迈入世界领先水平的重要力量。作为金融行业客户可信赖的合作伙伴，天阳科技凭借丰富的行业经验和端到端的专业服务，在信创、数字化金融、信贷、交易银行、信用卡、零售、营销、风险管理、征信监管等众多领域具备核心竞争力。据赛迪和IDC报告显示，近年来公司在中国银行业IT解决方案市场排名强势崛起，2019年收入及市场占有率综合排名分别位列第四位和第五位，并保持高速增长。同时，前瞻商业和科技趋势，入选2021年度未来银行科技服务商TOP100。天阳科技始终聚焦金融科技领域，加大自主创新力度，在超过100个城市建立本地化、专业化的研发和服务团队，拥有CMMI5级认证、软件测试成熟度模型集成（TMMi）3级认证、ISO9001质量管理体系认证、ISO20000信息技术服务管理体系认证、IS027001信息安全管理体系认证。通过部署人工智能、云计算、大数据、移动互联网、分布式计算和区块链等先进金融科技，公司致力于构建安全可控、普惠民生、开放共赢格局，在关键技术领域服务现代化金融发展大局，更好地为各利益相关方创造更大价值，为大中企业、小微企业以及每个个体提供优质金融服务。,"https://www.zhaopin.com/jobdetail/CC120408370J40822505408.htm?refcode=4019&srccode=401901&preactionid=a7c1140f-c46c-45e5-b867-ab342d8bdc77"
3733,Java,深圳-福田区,6000-9000元·13薪,深圳市宁鑫企业管理有限公司,"物联网,计算机硬件,游戏,运营商/增值服务",20-99人,未融资,CCL1263472900J40515463616,、专科以上学历，具有软件开发经验， 2、对开发过程管理有基本的认识，能够熟练应用某种开发平台，能够在他人指导下完成较低复杂度模块的开发实现；能在他人指导下进行必要的单元测试。 3、掌握用户需求的开发语言或商用数据库； 4、良好的文档写作能力。 5、具有软件助理工程师或初级软件工程师证,4月11日,深圳市宁鑫企业管理有限公司成立于2020年05月29日，注册地位于深圳市盐田区海山街道鹏湾社区海景二路1025号壹海国际中心902sp法定代表人为八德鹏。经营范围包括一般经营项目是:企业管理咨询服务、商务咨询服务、企业信用评估评级咨询服务、企业形象策划服务;企业项目策划;企业财务策划服务;投资咨询;投资兴办实业。,"https://www.zhaopin.com/jobdetail/CCL1263472900J40515463616.htm?refcode=4019&srccode=401901&preactionid=a7c1140f-c46c-45e5-b867-ab342d8bdc77"
3734,C/C++,西安-长安区,1.4-2.8万·14薪,外企德科数字技术有限公司,专业技术服务,10000人以上,,CCL1480117890J40726445505,要求： 2、熟悉C/C++语言开发，有相关工作经验优先； 3、热衷前沿技术的探索，能快速掌握和理解新技术； 4、有较强的学习能力、良好的团队协作能力、良好的沟通表达能力。,2025-07-28 00:22:36,外企德科数字技术有限公司是一家2023年新成立的中外合资企业。成立于2023年11月24日，公司定位：专注于为信息技术企业提供人才及数字技术外包解决方案的中外合资企业。它是由中国人力资源服务行业的FESCO（北京国际人力资本集团）与全球人力资源服务领导者The Adecco Group（德科集团）合资成立的。公司主要提供网络技术服务、软件外包服务、计算机系统服务、技术进出口、软件开发等信息技术相关服务。专注于为信息技术企业提供信息技术类人才及数字技术外包解决方案。,"https://www.zhaopin.com/jobdetail/CCL1480117890J40726445505.htm?refcode=4019&srccode=401901&preactionid=a7c1140f-c46c-45e5-b867-ab342d8bdc77"
3735,测试工程师,大连-甘井子区,9000-11000元,金慧科技,"互联网,企业服务",10000人以上,已上市,CC612833320J40717353301,"任职要求: 1、有金融app(android/ios)测试经验、证券类测试经验优先； 2、熟练使用Charles/Fiddler、Postman等常用工具； 3、熟练使用Oracle数据库； 4、具备一定的代码能力，能写自动化测试代码； 5、工作积极主动，责任心强，学习能力强，善于思考和总结，较强的解决问题能力和项目管理能力。 岗位职责: 1、负责财通证券app理财商城的测试工作（android和ios两个平台）； 2、参与软件产品的需求分析，关注需求的可测性和设计的合理性； 3、根据软件产品需求和设计,制定测试计划，编写测试用例，完成测试执行，并给出测试报告； 4、与团队共同协作，保证项目质量和进度。 备注: 有金融APP测试、证券类测试经验者优先。 职位类型： 测试工程师 职位要求 经验与学历： 大专",7月22日,金慧科技（HK08295）于 2013年 11月在大连创立，是一家提供互联网营销推广、客户服务运营及信息技术服务的中国企业。公司在国内 25个城市设有超 40个服务基地和分子公司，已建成超 16000席服务规模，逾 15000名员工，业务覆盖全国。公司致力于“成为企业卓越成长的最佳陪伴者”，坚持“服务客户满意、员工快乐工作、合作伙伴信任、公司健康成长”的服务宗旨，面向互联网、金融、制造、运营商、政府等众多行业领域，与国内多家头部互联网知名企业和通讯运营商，各大银行，金融机构，证券机构等 200余家国内外知名企业开展丰富业务合作。公司通过服务创新和卓越运营的持续改进，在软件研发、过程改进、项目交付及运营管理能力均已获相关领域的国际权威认可，获得“大连市市长质量奖提名奖”。公司连续多年保持快速增长，是国内企业服务的龙头企业，辽宁软件产业 20年优秀企业，入选“中国数字服务暨服务外包领军企业”（中国国际投资促进会），并多次荣获客户服务行业和互联网营销推广领域的重量级奖项。,"https://www.zhaopin.com/jobdetail/CC612833320J40717353301.htm?refcode=4019&srccode=401901&preactionid=a7c1140f-c46c-45e5-b867-ab342d8bdc77"
3736,C/C++,郑州-管城回族区,1.2-2万·14薪,河南元极科技有限公司,"计算机软件,专用设备制造",20-99人,未融资,CC492998430J40341120106,(1) 岗位职责 ① 项目C/C++软件设计、开发与测试工作 ② 负责Windows/linux平台下的应用程序编写和维护 ③ 按企业规范完成相应的设计技术文档编写 (2) 岗位要求 ① 电子、通信、计算机、自动化等相关专业，本科及以上学历，双一流学科、985优先 ② 具有较好的软件功底和嵌入式方面的知识，能够熟练使用C和C++ ③ 熟悉网络通信、文件存储 ④ 具有良好的编程习惯和技术文档编写习惯 ⑤ 具备极强的团队精神和合作精神，对工作有热情 职位福利：五险一金、年终分红、绩效奖金、股权激励   ,5月22日,"元极科技是一家集激光、机器视觉、自动化及产品追溯系统于一体的高新技术企业，公司秉承""以人为本、技术之上""的企业文化，以实现智能制造为己任。热烈欢迎有才之士的加入，共创美好明天、共享成功的果实。","https://www.zhaopin.com/jobdetail/CC492998430J40341120106.htm?refcode=4019&srccode=401901&preactionid=a7c1140f-c46c-45e5-b867-ab342d8bdc77"
3737,实施工程师,扬州-邗江区,5000-8000元,江苏坚进建筑五金有限公司,"金属制品业,建材",20-99人,未融资,CC613973330J40112753505,我们有一个梦想，一定会有一天，你定是我们事业当中不可或缺的中流砥柱；我们有一个梦想，用心努力进步，给大家一份更加璀璨的前程；我们有一个梦想，世界不曾因我们而改变，却因我们变得更加美好。 要求： 1、有事业心，责任心，能担当，充满活力和学习力； 2、年龄20-30周岁之间； 3、男女不限，学历：本科以上统招学历； 4、欢迎有理想的应届毕业生，会PS、CAD制图更好； 5、有耐心，肯吃苦，有敬业精神； 6、“六险一金”及各类津贴等全方位保障。 7、提供行业具有竞争力的工资。 8、配合公司解决线上线下的综合运营解决方案。 职位福利：五险一金、绩效奖金、交通补助、节日福利,12月26日,"江苏坚进建筑五金有限公司成立于2017年3月15日的扬州，历经近8年的发展，公司在建筑配套领域已初具规模，成长为具有综合资源配套优势及技术支撑能力的行业企业之一。公司是一家专业从事建筑五金、建筑密封件、建筑紧固件及智能家居的专业配套产品服务提供商，产品涵盖建筑工程及日常家居的方方面面。公司坚持以“同创共享，聚合多赢，成为建筑配套生态链的顶级行家”的发展理念，全面从事建筑配套产品的研发、生产、销售和技术支持。秉承""优平台，强团队，正操守，实事业；”的企业使命，把“坚”持“进”步，作为企业的座右铭，更把“踏实才能留下痕迹，同心方能走得更远”团队观融入企业的发展与员工队伍的合力建设中。","https://www.zhaopin.com/jobdetail/CC613973330J40112753505.htm?refcode=4019&srccode=401901&preactionid=a7c1140f-c46c-45e5-b867-ab342d8bdc77"
3738,测试工程师,上海-金山区,5000-6000元,浙江和夏科技股份有限公司,"专业技术服务,专业技术服务",100-299人,A轮,CC890263950J40753998807,1.外适应性试验的测试及试验管理工作 2.负责在项目开发过程中对产品进行测试、试验、分析、评估，以确保其符合设计要求和客户需求。,5月14日,"浙江和夏科技股份有限公司是一家以向国内外汽车及工程机械整车企业、零部件企业提供一流的测试技术、测试设备与测试咨询服务为基础,逐步发展成为集高新技术研发、关键零部件生产、科技项目投资孵化为一体的新型研发机构属性公司，是经认定的国家高新技术企业、浙江省“专精特新”中小企业、浙江省中小企业公共服务示范平台、上海市”专精特新“中小企业、上海市科技小巨人企业。公司成立于2017年10月23日，总部位于长兴国家级经济技术开发区陈王路1155号，占地36亩。专注于智能驾驶及V2X、整车转毂、热管理、动力系统、新能源汽车三电系统及关键零部件研发测试。能力涵盖商用车、乘用车、非道路机械、船机等领域。公司成立以来已成功为上汽乘用车、上汽通用、吉利集团、比亚迪、广州乘用车、江淮汽车、北京汽车、北汽福田、里卡多、联合汽车电子、德尔福、国机集团、潍柴、玉柴、锡柴、上柴、康明斯、三一、卡特彼勒、智己汽车、地平线、博格华纳等客户提供测试系统、测试技术咨询及测试服务。","https://www.zhaopin.com/jobdetail/CC890263950J40753998807.htm?refcode=4019&srccode=401901&preactionid=a7c1140f-c46c-45e5-b867-ab342d8bdc77"
3739,实施工程师,西安-未央区,5000-8000元,西安奥克自动化仪表有限公司,"仪器仪表制造,电力/水利/热力/燃气,电子/半导体/集成电路",20-99人,未融资,CC249164610J40473393212,岗位职责： 1、掌握产品的原理并深刻理解其所适用的工况，了解市面其他产品的在不同工况下所具有的优缺点。 2、向用户介绍我公司产品的测量原理和所适用工况下与其他产品对比所具有的优势。 3、负责产品开发应用，并负责产品应用过程的技术问题解决； 4、独立完成安装调试及处理售后服务工作中所遇到的产品故障、线路故障等技术问题。 5、会labview编程、PLC、DCS技术等 任职要求： 1、本科及以上学历，电子、测控技术与仪器、电气设计及其相关专业毕业； 2、勤思考爱学习，有志提高自身业务能力和服务质量； 3、可适应短期出差，一个项目出差周期5天左右； 4、有仪器仪表类安装调试工作及售后服务经验者优先。 公司福利： 按照规定缴纳五险一金。,6月18日,西安奥克自动化仪表有限公司，雄踞古城西安，崛起于二十世纪九十年代。公司主要从事工业自动化控制系统、计算机监控系统、计算机管理系统、工业测量仪表及系统的设计、开发、制造和经营。公司生产的各类工业自动化仪表，具有很高的学术与技术水平，取得了多项国家专利，得到了广泛的应用。公司经营产品遍及20多个省、市、自治区，涉及电力、冶金、石油化工、矿山、国防等领域。公司崇尚“科技是第一生产力”，拥有一支以研究员、教授、高级工程师为科研带头人，以博士、硕士及学士为骨干的科技研发队伍。公司与西安交通大学、西北工业大学、西安电子科技大学、西安光机所、618所、504所等众多的科研院所建立了广泛的交流与合作关系。籍此公司开发出具有国际先进水平的MRD系列产品，处于国内领先水平的AZY系列自动化控制系统。公司拥有国际先进水平的测试设备和完善的质量保证体系，2001年5月公司成功的通过了ISO9002质量体系认证，为公司的发展奠定了坚实的基础。公司紧紧抓住“质量为本”这一宗旨，狠抓管理，取得了显著的成效，公司产品在多个国家重点项目中以其优异的表现，深得用户好评。新世纪，新起点。公司将充分发挥自身优势，以工业需求为导向，积极响应国家产业政策，勇立国际科技前沿，将“奥克人”的智慧和汗水奉献给腾飞中的中国大地。,"https://www.zhaopin.com/jobdetail/CC249164610J40473393212.htm?refcode=4019&srccode=401901&preactionid=a7c1140f-c46c-45e5-b867-ab342d8bdc77"
3740,Java,上海-浦东新区,1.5-3万·14薪,外企德科数字技术有限公司,专业技术服务,10000人以上,,CCL1480117890J40741489805,工作职责: 1、根据需求进行软件的概要设计和详细设计，学习和使用设计模式; 2、完成代码开发、单元测试、系统测试，掌握代码编写技术和测试技术; 3、完成从需求到设计、再到开发和上线等项目周期中端到端的各个环节。  岗位要求:   1、熟练掌握java/C++/Js/python/C等任意一种主流开发语言;   2、熟练掌握常用的软件架构模式，并能熟练使用基本的编程编译工具;   3、熟悉linux常用命令及开发环境，能用shell脚本实现简单功能;   4、良好的编码习惯、沟通协作能力和学习能力;   5、思维缜密，逻辑性强，具有挑战精神和前瞻性，良好的团队协作精神。,2025-07-27 00:23:30,外企德科数字技术有限公司是一家2023年新成立的中外合资企业。成立于2023年11月24日，公司定位：专注于为信息技术企业提供人才及数字技术外包解决方案的中外合资企业。它是由中国人力资源服务行业的FESCO（北京国际人力资本集团）与全球人力资源服务领导者The Adecco Group（德科集团）合资成立的。公司主要提供网络技术服务、软件外包服务、计算机系统服务、技术进出口、软件开发等信息技术相关服务。专注于为信息技术企业提供信息技术类人才及数字技术外包解决方案。,"https://www.zhaopin.com/jobdetail/CCL1480117890J40741489805.htm?refcode=4019&srccode=401901&preactionid=a7c1140f-c46c-45e5-b867-ab342d8bdc77"
3741,实施工程师,南通-崇川区,7000-14000元,青岛安然物联网科技有限公司,"物联网,物联网",20-99人,未融资,CC559764920J40565772804,需要弱电技术、自动化、安防系统、工业互联网+危化安全生产、物联网人才，不要纯软件人才。  你能经常到全国各地出差吗？你能到工业生产现场生产现场做技术支持吗？     真正的奋斗者在安然会有让人值得为之奋斗的事业，会有充实、高效的成长，会有高人一等的收入。,3月8日,基于精准人员定位的工业安全生产信息化管理专家，安全生产信息化管理引领者！作为全国实时定位技术标准工作组成员和应急管理部“工业互联网+危化安全生产”人员定位系统技术支持机构，安然从2012年起致力于基于ZigBee Plus三维立体按需精准定位的“工业互联网+安全生产”的研究，获得了20多项安全智能管控系统发明专利和著作权，持续引领中国化工行业生产现场智慧安全！安然以“准、稳、狠”的ZigBee Plus三维立体按需精准人员定位统和“底数清、数据准、情况明、研判准、措施实”的安全生产信息化平台为核心，整合访客管理、出入口控制、人脸识别、视频监控、语音广播、重大危险源监控、可燃有毒气体监测等系统，对生产现场人、机、料、法、环五大要素进行实时、动态、智能管控和预警，规范人的安全行为，保障人的生命安全，有效防范风险、主动化解风险，实现智慧安全。安然“以用为本”，把安全生产信息化建设与公司管理体系“深度融合”，把安全生产信息化建设与日常工作“紧密结合”，对安全生产切实“有用、实用、好用”，避免建用“两张皮”，让安全管控更智能，让生产更高效才实用。迄今已服务中石化、中石油、延长石油、国能、兖矿、京能、索普、新安、奇美、昊源、潞安、旭阳、垦利、逸盛、海科、酒钢、金发等几百家石化、化工、选煤、钢铁、电厂企业。安然以客户为中心，以强者为本，抬头乐干，愿意与同道中人联合、链接，携手共建、共用、共享生产安全命运共同体，一起干，一起干，让优秀企业更安全，让优秀企业更高效！,"https://www.zhaopin.com/jobdetail/CC559764920J40565772804.htm?refcode=4019&srccode=401901&preactionid=a7c1140f-c46c-45e5-b867-ab342d8bdc77"
3742,科研人员,北京-西城区,9000-15000元,中智职业发展有限公司,咨询服务,500-999人,,CC605664020J40730251716,一、单位介绍 全国港澳研究会于2013 年12 月6 日由国务院港澳事务办公室港澳研究所在北京发起成立，是在民政部注册的全国性民间学术社团，现由中央港澳工作办公室主管。全国港澳研究会主要职责是统筹、协调“一国两制”理论与实践研究、促进港澳与内地相关领域学术交流合作。   二、岗位信息 招聘岗位：科研助理 工作地点：北京市西城区 薪资待遇：9000-15000元/月，条件优秀者可面议   岗位职责：​ 1、负责撰写各类文字材料，涵盖文稿起草、会议材料整理等工作； 2、承担会内刊物的编辑与发行任务，全面负责组稿、校对及出版流程； 3、参与课题调研，协助完成数据收集、报告撰写等研究性工作； 4、维护研究会官方网站及微信公众号的日常运营，确保内容及时更新； 5、组织学术交流及会员联谊活动，统筹并执行会务安排； 6、配合各研究部门开展相关工作，保障研究保障任务顺利完成。   岗位要求： 1、硕士或以上学历，社会科学类相关专业背景（社会学/经济学/政治学/法学等优先），可接受2025年优秀毕业生； 2、文字功底扎实，具备较好的文字能力，具备独立撰写研究报告的能力； 3、工作认真细致，责任心强，有较好的沟通协调能力和团队协作精神； 4、中共党员、博士学历者在同等条件下可优先考虑。,7月10日,中智职业发展有限公司，是中国国际技术智力合作有限公司（简称中智集团）旗下专业从事学生实习见习服务、职业教育与技能培训、批量招聘的一级直属机构。同时，也是共青团中央“青年就业创业见习基地－中智项目”的唯一执行与对外签约机构。中智集团，注册资金一亿元人民币，是国务院国资委直接管理的国有重点骨干企业，也是央企中唯一一家专业从事人力资源服务的全国性集团公司。公司主营业务为人力资源外包服务、人力资源管理咨询服务和人力资源出国服务。2009年，中智集团在国内行业中率先进入中国企业500强，2010年，公司位列中国企业500强第347位；列中国服务业500强第113位；连续第五年位列国内人力资源服务行业第一名。,"https://www.zhaopin.com/jobdetail/CC605664020J40730251716.htm?refcode=4019&srccode=401901&preactionid=a7c1140f-c46c-45e5-b867-ab342d8bdc77"
3743,硬件测试,苏州-工业园区,7000-8000元,陕西华常尔威电子科技有限公司,计算机硬件,100-299人,,CCL1490845360J40802675013,岗位内容： 1. 负责硬件测试流程的设计、建立和落地，包括测试用例编写，测试环境搭建等； 2. 进行硬件测试并记录测试相关数据，参与缺陷跟踪和管理； 3. 搭建硬件测试平台，提高测试效率和测试覆盖率。 任职要求： 1. 学历经验不限 2. 具备较强的自我驱动力和学习能力，善于思考和持续改进。,7月22日,,"https://www.zhaopin.com/jobdetail/CCL1490845360J40802675013.htm?refcode=4019&srccode=401901&preactionid=a7c1140f-c46c-45e5-b867-ab342d8bdc77"
3744,前端开发,石家庄-新华区,6000-9000元,河北数字中讯科技有限公司,"互联网,计算机硬件,计算机软件,IT服务",100-299人,未融资,CC231982110J40729363314,,3月13日,河北数字中讯科技有限公司作为一家综合性创新型DT公司，致力于运用移动终端、5G、大数据、云计算、人工智能、区块链等最新的信息化技术，为政府部门、企事业单位、学校、医院、乡村的数字化转型提供解决方案与服务。中讯坚持，为员工提供发展的舞台，推动公司文化建设，激发组织创新潜质，与生态伙伴开放合作，持续为客户创造价值。中讯成立于1996年，注册资金5000万元，总部位于河北石家庄，在邢台、邯郸设有分公司，在20余年的发展历程中，为客户提供电子产品销售安装、软件开发、系统集成、IT设备代维外包服务。近年来，根据客户的实际需求，逐步拓展咨询与运营服务，致力于为客户提供专业、便利的整体解决方案。当今社会，科技发展日新月异、市场竞争愈演愈烈，中讯全体员工将继续以饱满的热情和精益求精的工作态度，在“以创新客户价值来实现企业前进和员工发展”这一企业宗旨的指导下，紧跟时代步伐，不断强化管理、锐意创新，为广大客户提供更加优质的产品和细致周到的服务。实践经验告诉我们，只有用真心、诚心为客户着想，真正把客户利益放在第一位，才能得到客户的信赖，获得更多的发展机会。我们将再接再厉，与客户一路同行，共铸企业辉煌。公司注重对员工的关怀，经常组织一些员工活动：家庭日、旅游、竞赛、发放节日生日礼品、组织节日活动并探望生病员工及其家属等；鼓励支持员工进步与创新，为取得新成绩的员工给予表扬和奖励。公司一贯重视人才的储备与培养，长期坚持内部晋升优秀员工的优良传统。公司秉持公平、公正、公开的原则，为具有奋发干劲的卓越员工提供充足的晋升机会和上升空间，铺就一条由优秀职工到储备干部直至重要领导岗位的职业发展的辉煌道路。我们不仅关注员工能为企业创造什么，更加关注企业能给予员工什么；我们除了关注员工的发展，更要让员工在工作的时候毫无后顾之忧。我们正在寻求有创业精神，积极进取；有干劲，注重团队精神；有耐性，乐观向上的；有能力，注重技术积累的人才加入我们的行列。成绩与失败同在，希望与挑战共存，中讯公司真诚期待您的加入。公司福利： 1、工作时间：五天半，周一到周五每天8小时，周六上午三小时；每周休周六下午和周日全天，法定节假日休息。 2、社会保险：按国家规定为员工办理养老、医疗、工伤、失业、生育五项保险及住房公积金。 3、员工假期：享有事假、婚假、产假、调休假、病假。 4、年休假：享受带薪年假。 5、餐饮补助：公司设有午餐食堂，员工转正后享有相关传统节假日过节福利，高温补贴。 6、文化活动：公司定期或不定期举行各种联欢会、旅游、素质拓展、培训等丰富多彩的员工活动。7、定期体检：公司每年为职工提供身体健康检查。公司联系方式：0311-87060840联系人：人力资源部联系地址：新华区和平路499号圣伦大厦6楼,"https://www.zhaopin.com/jobdetail/CC231982110J40729363314.htm?refcode=4019&srccode=401901&preactionid=a7c1140f-c46c-45e5-b867-ab342d8bdc77"
3745,实施工程师,长春-南关区,4000-7000元,吉林省嘉驰工程技术服务有限公司,物联网,100-299人,,CCL1499869610J40756653513,岗位职责：负责通信系统、设备的安装、调试、维护和故障排除；为客户提供技术咨询和解决方案，解答客户关于通信技术方面的疑问；参与通信项目的实施，协助制定项目技术方案和计划，并确保项目按照技术要求顺利进行；跟踪通信技术的发展动态，对新技术进行评估和测试，为公司技术升级和产品优化提供建议。 接受无经验，试用期薪资4000转正6000，双休法休正常。,5月6日,,"https://www.zhaopin.com/jobdetail/CCL1499869610J40756653513.htm?refcode=4019&srccode=401901&preactionid=a7c1140f-c46c-45e5-b867-ab342d8bdc77"
3746,C/C++,南京-雨花台区,1.5-3万·14薪,外企德科数字技术有限公司,专业技术服务,10000人以上,,CCL1480117890J40796453805,岗位要求: 1、统招本科及以上学历，双证齐全(已到手，学信网可查） 2、掌据C/C++/Java/python/Go/JS一种或多种编程语言，热爱编程 3、掌握常用的数据结构、数据算法 岗位优势： ①大厂市场且稳定的薪酬福利收入(根据面试能力评价等定级定薪) ②个人编程能力的快速学习提升(导师6个月带教) ③行业前沿的技术框架(不用担心未来如果换工作技术框架不适用) ④行业的产品研发项目管理流程、编码规范培训、纯粹的工程师氛围(您要相信，和优秀的人一起工作，您也必定变得更优秀) 公司福利: 1.入职即缴纳五险一金+商业险，全额缴纳社保及公积金 2.一年数次考评，薪资、职级可上浮 3.带薪年假5-15天 4.免费夜宵，城际班车，舒适的办公环境 5.免费健身房，各种娱乐活动(可自行选择是否参加，不参加就早点下班哦）,2025-07-27 00:26:09,外企德科数字技术有限公司是一家2023年新成立的中外合资企业。成立于2023年11月24日，公司定位：专注于为信息技术企业提供人才及数字技术外包解决方案的中外合资企业。它是由中国人力资源服务行业的FESCO（北京国际人力资本集团）与全球人力资源服务领导者The Adecco Group（德科集团）合资成立的。公司主要提供网络技术服务、软件外包服务、计算机系统服务、技术进出口、软件开发等信息技术相关服务。专注于为信息技术企业提供信息技术类人才及数字技术外包解决方案。,"https://www.zhaopin.com/jobdetail/CCL1480117890J40796453805.htm?refcode=4019&srccode=401901&preactionid=a7c1140f-c46c-45e5-b867-ab342d8bdc77"
3747,技术支持工程师,广州-南沙区,1-2万·13薪,广州通则康威科技股份有限公司,通信/网络设备,300-499人,未融资,CCL1474473020J40533907209,岗位职责： 1.与海外客户进行产品及技术沟通、提升用户满意度； 2.收集和汇总海外客户反馈的需求、咨询、投诉、交付等产品与技术相关问题，并把问题及时、正确、完整反馈给研发，追踪解决过程和交付结果直至客户确认关闭问题； 3、配合研发在海外进行软硬件测试，并及时、准确地反馈测试结果； 4、协助海外客户进行技术培训、新产品宣讲与演示、方案设计等技术交流工作； 5、负责海外售后，包括但不仅限于现场维护，项目安装等。 任职要求： 1、计算机网络、通信工程、电子信息工程相关专业，本科及其以上学历； 2、1年以上工作经验，有通信类产品（路由器/AP/CPE等）相关产品知识； 3、可适应海外出差，英语熟悉，可用英文作为日常工作语言； 4. 沟通、协调能力良好，针对突发事件，具备良好的紧急应变能力； 5、具有良好的服务意识。,6月25日,广州通则康威科技股份有限公司是广州南沙自贸区重点引进的、致力于4G/5G泛物联网终端及系统设备、工业网关等数据终端与人工智能+行业应用的国家级专精特新“小巨人”企业，国家高新技术企业，公司核心团队是国内最早从事研发CPE产品的知名团队。公司的主营业务是4G/5G FWA（即固定无线接入）CPE数据类终端产品以及5G工业路由器/网关产品的设计、开发、生产与销售，我们基于国内外多家主流芯片厂商方案开发了5G/4G CPE、MIFI、Dongle、不间断网关、工业路由器、PON、WiFi路由器、固移融合终端等无线、有线全系列宽带接入产品，在国内及海外市场占有率名列前茅。公司产品主要面向国内四大电信运营商和海外100个国家的各大电信运营商，以及电力、医疗、金融、交通、石油、煤炭等大型企业/行业客户。借助5G大带宽，低延时及广连接的技术特点，通过5G CPE实现“万物互联”的物联网行业应用场景，可广泛应用于工业互联网、远程医疗、矿山、5G+智慧校园/港口/交通/驾考/电力/工地/农业/物流园/能源/安防、车联网、高清视频、智慧城市和家庭娱乐等垂直行业，适配各种行业终端包括VR/AR/IP摄像头、工业网关、直播机、AGV、无人机和机器人等。预计3年内，公司年出货量超过2000万台。同时，对公司骨干员工实施股权或期权激励，3年左右实现IPO上市，力争成为年销售收入过百亿规模、受人尊敬的优秀上市公司！近期，有不法分子假冒我司（包括但不限于我司、子公司、分公司）名义进行虚假招聘活动，此等不法行为严重损害求职者合法权益以及我司企业形象，对此我司郑重提醒各位求职者：我司从未委托、授权任何第三方组织或个人开展招聘活动。任何机构或个人以我司名义要求求职者下载或使用任何来源不明的APP或链接，或要求缴纳任何形式的费用等行为，均属于诈骗行为。请广大求职者提务必提高警惕，细致甄别招聘信息的真伪。如需核查招聘信息，请通过我司官方渠道进行信息核实。如因违法行为利益受到损害，我司对他人发布虚假招聘信息及其后果不承担任何法律责任，请立即向有关部门举报以及向公安机关报案。,"https://www.zhaopin.com/jobdetail/CCL1474473020J40533907209.htm?refcode=4019&srccode=401901&preactionid=a7c1140f-c46c-45e5-b867-ab342d8bdc77"
3748,硬件测试,合肥-蜀山区,4000-5000元,上海更卓电子科技有限公司,"计算机硬件,计算机硬件,IT服务,电子/半导体/集成电路",100-299人,不需要融资,CC531255280J40759078607,工作内容：驻客户研发部门、现场部门，硬盘和内存测试及故障分析等。 招聘岗位： 1.大专及以上学历，计算机、电子及相关专业 2.熟悉windows、Linux操作系统 3.具备一般的英语水平，能看得懂英文专业文件及日常邮件交流 4.能服从安排，适应临时性出差 5.能吃苦耐劳，品行端正 6.应届生或者实习生都可以,7月6日,更卓电子总部位于上海，专注于电子产品零部件检验检测服务，计算产品及相关测试技术服务.公司有着优秀的管理团队，十年的行业经验，合作于众多世界五百强企业！于上海，北京，深圳，重庆成都等全国各大城市有技术服务和常驻点欢迎有志于获得成功朋友加入我们！我们的成功有赖于优秀的你的加入！,"https://www.zhaopin.com/jobdetail/CC531255280J40759078607.htm?refcode=4019&srccode=401901&preactionid=a7c1140f-c46c-45e5-b867-ab342d8bdc77"
3749,科研人员,西安-长安区,8000-15000元·13薪,陕西东方航空仪表有限责任公司,仪器仪表制造,500-999人,A轮,CC594978220J40282780102,工作岗位：负责公司卫星导航接收机、射频电路、天线等产品的研发设计，以及抗干扰算法等相关工作。 学历要求：本科及以上学历，有相关工作经验的优先考虑。 专业要求：信号与信息处理、电磁场与微波等相关专业。 有工作经验的人员，薪酬面议。职位福利：五险一金、年底双薪、绩效奖金、交通补助、餐补、带薪年假、采暖补贴、住房补贴  ,11月26日,航空工业东方（简称）隶属中航工业集团公司，公司位于陕西汉中经济开发区南区，现有员工700余人，资产总额10亿元。公司一直为盈利企业，主要经济指标保持快速增长态势，2013年融入中航电子整体上市（股票：600372）。公司承担了多项国家军事装备重点型号工程，航空产品主要有：直升机自动驾驶仪、机载北斗定位系统、无人机导航/飞控系统、捷联航姿系统、航空陀螺仪表和微特型电机及传感器等。多项军工产品获国家、国防科工局、中航工业科技成果奖。民用产品重点发展扭矩技术，具有国内最大的扭矩工具研发生产基地，“准达”牌已成为中国驰名商标。2015年9月公司在西安航天基地设立研发中心（西安分公司），形成“西研发、汉生产”战略格局。公司具备完善的人才引进、岗位培训、绩效考核、薪酬管理等人力资源管理体系；实行“长、家、匠”分离，为各类人才提供职业生涯成长通道；对科研人员实行新品项目奖、高新津贴等。新毕业大学生安排入住单身公寓，享受十余项[1]薪酬福利政策，工作、生活条件优越。[1],"https://www.zhaopin.com/jobdetail/CC594978220J40282780102.htm?refcode=4019&srccode=401901&preactionid=a7c1140f-c46c-45e5-b867-ab342d8bdc77"
3750,C/C++,长沙-岳麓区,8000-10000元·13薪,昆山软龙格自动化技术有限公司,"电子/半导体/集成电路,仪器仪表制造",20-99人,,CC443916980J40751399112,"岗位职责： 1. 完成需求的图像类客户端软件开发及工程运用； 任职资格： 1. 计算机或相关专业本科及以上学历； 2. 1年以上C++应用开发经验，能够独立完成模块分析设计和开发工作；有图像软件系统开发工作经验者优先，优秀应届生也可； 3. 熟练使用C++/QT等编程语言及VS/Qt Creator编译环境,有跨平台Windows/Linux 开发经验者优先； 4. 有车载，安防，工业相机，智能相机，激光雷达等行业经验者优先; 5. 熟悉图形算法开发技术，有Opencv，OpenCL等图像处理类库，FFMPEG等视频库相关工作经验值优先； 6. 有图像类AI算法项目落地经验者优先； 7. 能熟练阅读中文、英文技术文档；  8. 富有团队精神、责任感和沟通能力，自驱力；  9. 能力优秀者工资可议；  职位福利：五险一金、周末双休、定期体检、餐补、包住、免息房贷",3月28日,软龙格专注于图像测试/识别、传输、编解码相关领域，提供图像测试卡、软件和整体解决方案，努力成为衔接芯片、平台、终端、摄像模组生产、摄像头二级物料等厂家的名配角。软龙格成立于2014年，有一支对摄像头行业图像测试经验丰富的团队共同组建，拥有多名在华为和新加坡军工企业工作多年的硬件开发工程师和FPGA开发工程师;拥有多名曾参与Apple、Motorola、Amazon、OPPO/VIVO、华为等摄像头模组检测图像算法工程师和软件开发工程师。我们坚持稳健经营、持续创新、开放合作，立足产品与服务，坚持信息化、网络化、自动化、智能化的发展大趋势，推动图像检测水平、产品水平持续发展。,"https://www.zhaopin.com/jobdetail/CC443916980J40751399112.htm?refcode=4019&srccode=401901&preactionid=a7c1140f-c46c-45e5-b867-ab342d8bdc77"
3751,前端开发,深圳-福田区,1-1.5万,软通动力信息技术(集团)股份有限公司,"互联网,IT服务,计算机软件",10000人以上,D轮及以上,CC000544460J40712123016,【2021届及以前毕业，本科可查，理工类专业；】 1、3年以上web经验，理工类专业； 2、面试2轮，飞书视频面试。,5月13日,软通动力信息技术（集团）股份有限公司（以下简称“软通动力”）是中国数字技术产品和服务创新领导企业，致力于成为一家具有全球影响力的科技企业，企业数字化转型可信赖合作伙伴。公司2005年成立于北京，多年来始终坚持科技创新，具有软硬全栈的智能技术产品和服务能力，提供软件与数字技术服务、计算产品与数字基础设施、数字能源与智算服务以及国际化服务。目前，公司在10余个重要行业服务超过1100家国内外客户，其中超过230家客户为世界500强或中国500强企业，员工近90000人。软通动力拥有软通咨询、软通金科、软通工业互联、机械革命、软通华方等业务子品牌，并在全球40余个城市布局业务，构建北美、日本、东南亚、中东四大国际交付中心，在北京城市副中心、江苏无锡建设两大智能制造基地。同时，公司前瞻布局智能制造、ICT软硬基础能力和生产力智能化产品，打造产业链闭环。软通动力设立30个能力中心，拥有1个国家级工程实验室，6个省市政府认定的工程、技术实验室及研发中心，1个博士后科研工作站，50+技术合作伙伴的生态合作体系，不断探索前沿技术的巨大商业应用潜力。公司旗下教育品牌软通教育，拥有一家全日制本科学院——郑州西亚斯学院数字技术产业学院；同时在全国合作院校600多所，设有70多个校企联合人才培养基地，通过校企合作、协同育人，为社会培养高素质应用型人才。软通动力先后获得“2023年中国IT服务市场排名TOP 1”、“2024年Q4 PC出货量国内市场份额排名TOP 2”、“2024年中国软件和信息技术服务竞争力百强企业”、“2023年中国信创企业100强”、“2024万得ESG评级（Wind ESG Rating）AA级及信息技术服务行业ESG综合得分排名第一”等荣誉及市场认可，并拥有全球软件工程领域最高级别CMMI V2.0成熟度5级评估认证、国家研发运营一体化（DevOps）三级能力成熟度模型认证、信息技术服务标准（ITSS）运维能力成熟度一级认证等专业资质，支撑公司更优质的服务体系。,"https://www.zhaopin.com/jobdetail/CC000544460J40712123016.htm?refcode=4019&srccode=401901&preactionid=a7c1140f-c46c-45e5-b867-ab342d8bdc77"
3752,C/C++,哈尔滨-南岗区,7000-10000元,哈尔滨彩网科技有限公司,"计算机软件,IT服务,通信/网络设备,云计算/大数据",100-299人,不需要融资,CCL1477965250J40771857013,1、要求大专以上学历计算机相关专业 2、工作内容参与软件开发项目，支持项目人员进行开发工作。 3、从事前端开发或者后端开发工作 4、具有快速的学习能力，沟通能力突出。,6月20日,我们能带给你：·工作氛围超级棒，能力提升超级大·绩效奖金拿到手软，每一分付出都能看见回报…我们期待：驰骋多年身经百战的你；初出茅庐充满干劲的你；寻求转型渴望突破的你；让千里马和伯乐，不再千载难逢；,"https://www.zhaopin.com/jobdetail/CCL1477965250J40771857013.htm?refcode=4019&srccode=401901&preactionid=a7c1140f-c46c-45e5-b867-ab342d8bdc77"
3753,硬件测试,郑州-中原区,6000-9000元·13薪,郑州发真汽车科技有限公司,新能源汽车,20人以下,未融资,CCL1504290750J40760673902,,2025年07月28日,郑州发真汽车科技有限公司主营业务:新能源汽车技术开发，技术服务，技术推广，技术咨询，新能源汽车技术研发，新能源汽车销售，大数据服务，汽车零部件及配件制造，新能源汽车生产测试设备销售。电动汽车充电基础设施运营，,"https://www.zhaopin.com/jobdetail/CCL1504290750J40760673902.htm?refcode=4019&srccode=401901&preactionid=a7c1140f-c46c-45e5-b867-ab342d8bdc77"
3754,测试工程师,安阳-北关区,1-1.2万·13薪,青岛瑞晟元人力资源有限公司,人力资源服务,20人以下,不需要融资,CCL1431271280J40777975607,岗位职责： 1. 负责软件的功能测试。 2. 执行测试用例，报告缺陷并跟踪缺陷的修复。 3. 与开发团队协作，确保软件质量满足需求。 4. 参与软件测试流程的优化和改进。 岗位要求： 1. 熟悉软件测试理论、方法和流程。 2. 具备功能测试经验。 3. 了解运维工程师、网络工程师的工作内容，能进行基本的IT质量管理。 4. 有信息技术、标准化、电子或电路工程相关背景者优先。 薪资待遇：包住、六险一金、工龄工资、生日礼金、定期体检、带薪年假、绩效奖、项目奖、年终奖.,2025年07月29日,,"https://www.zhaopin.com/jobdetail/CCL1431271280J40777975607.htm?refcode=4019&srccode=401901&preactionid=a7c1140f-c46c-45e5-b867-ab342d8bdc77"
3755,科研人员,杭州-拱墅区,7000-11000元,浙江众意生物科技有限公司,"医药制造,医疗设备/器械,金属制品业,学术/科研",20-99人,,CC699653730J40772367105,1、具备相应实验技能  2、硕士研究生及以上，医学、基础医学、药学、医学实验技术等相关专业     3、能高质量完成科研组长、学科布置的实验操作服务     4、协助科室完成科研项目日常经费使用管理     5、男女不限，年龄在35周岁以下,5月7日,浙江众意生物科技有限公司是一家专业从事体外诊断试剂研发、生产、销售和服务于一体的高新技术企业。公司成立于2018年4月，位于杭州市余杭经济技术开发区创新创业产业园。公司专注于检验医学领域，基于原创技术，在基因工程和单克隆抗体方面创立了独特技术优势。公司技术力量雄厚、检测手段完备，拥有先进的生物研发实验室及GMP车间。主要从事免疫学、分子生物学检测试剂的研发。公司目前产品为胃泌素（G-17）、血管内皮生长因子（VEGF）等体外诊断产品。公司拥有完善的销售渠道及销售服务网络，拥有十多名专业销售人员，采用经销模式和直营模式，已与国内二十多家省级代理机构、三百多家医院、多家第三方检测机构及大型体检中心建立稳定合作渠道，预期2018年销售额可达1000万。围绕企业的发展战略，公司坚持自主研发和联合研发相结合，研发主攻方向聚焦于诊断、预测、评估领域，形成了“论证一代、立项一代、研发一代、上市一代、储备一代”的模式。已开发全新肿瘤早期筛查系列体外诊断试剂VEGF-A、VEGF-B、VEGF-C、VEGF-D测定试剂盒，可对目前高发病率的实体肿瘤(肺癌、胃癌、结直肠癌、乳腺癌、肝癌、肾癌、食道癌等)实现全方位筛查，正在注册申报。公司储备了胃功能检测系列试剂盒、心脑血管检测系列试剂盒、糖尿病检测试剂盒、精准医疗分子检测试剂盒等系列产品。众意生物以“客户第一，随需应变”的理念为客户提供优质产品和服务，关注客户需求，关注客户未来，质量追求卓越，品种不断创新，服务力求完美，与客户携手共创美好明天。,"https://www.zhaopin.com/jobdetail/CC699653730J40772367105.htm?refcode=4019&srccode=401901&preactionid=a7c1140f-c46c-45e5-b867-ab342d8bdc77"
3756,测试工程师,上海-None,面议,中国绿发投资集团有限公司,"新能源,房地产开发",10000人以上,未融资,CCL1279454950J40773326114,1.负责风电机组、光伏逆变器、储能系统等设备电气性能现场测试； 2.负责公司自研自同步电压源风电变流器、光伏逆变器和储能变换器等代工设备出厂前的电气性能检验； 3.负责测试装置的日常保养维护、定期检修等设备保管工作。 4.依据现行技术标准编制测试方案和测试报告。 5.与测试相关的其他工作。 1.本科及以上学历，电气、机电、自动化、电力电力等相关专业； 2.2年及以上新能源电力设备测试相关工作经验，能够熟练操作故障电压发生装置、电网扰动模拟装置等测试装置； 3.具备一定电气图纸识图能力，能看懂一次主接线图和二次接线原理图、回路图及端子排图等； 4.熟悉风电场/风电机组、光伏发电站/光伏逆变器、储能电站/储能变换器等设备设施并网技术要求和测试规范等现行技术标准，能够独立完成测试方案编制、技术报告编制等 5.具备5个及以上场站高低电压穿越、电网适应性等现场测试经验，掌握德威创、北京同控等主流测试仪器操作技能者优先。,7月3日,中国绿发投资集团有限公司（简称中国绿发）是一家股权多元化的中央企业，接受国务院国资委直接管理。成立以来，公司以绿色发展为主题，践行碳达峰、碳中和目标，致力于打造绿色低碳为主业的综合型领军企业，建设世界一流绿色产业集团。中国绿发聚焦主责主业，大力开展绿色能源、绿色科技等绿色低碳产业投资，积极实施低碳城市等城乡开发运营管理，广泛开展文化、旅游、康养产业及相关贸易与服务，加快产业布局优化和结构调整，积极探索绿色低碳产业发展新路径，形成了以绿色能源、幸福产业、低碳城市、战略性新兴产业投资等为发展方向的全国性产业布局。,"https://www.zhaopin.com/jobdetail/CCL1279454950J40773326114.htm?refcode=4019&srccode=401901&preactionid=a7c1140f-c46c-45e5-b867-ab342d8bdc77"
3757,Java,贵阳-花溪区,1.5-3万·14薪,外企德科数字技术有限公司,专业技术服务,10000人以上,,CCL1480117890J40689620405,"【岗位职责】线上面试，有题库刷题，试用期全薪不打折   1、参与项目需求分析，搭建系统框架和核心模块的设计；   2、根据项目进度完成代码开发任务；   3、对代码进行维护、改进与完善，以满足新需求；   4、参与数据仓库需求分析、程序优化；   5、在项目开发过程中，与团队共享、研讨相关工作和培训经验；   【岗位要求】   熟练掌握任意一门语言即可,前端后端等均有坑哦   入职即安排高资历师傅一带一带教，再也不用担心会不会啦~   【技术优势】   部门发展迅速，大牛带队，使用主流技术，个人技术提升大、视野宽，机会多，进步快   【福利待遇】   1、入职购买全额五险一金+补充商业医疗保险；   2、绩效奖金+年终奖+节假日福利+定期体检+带薪年假，都给安排的妥妥的！   3、超赞的办公环境，食堂班车夜宵一应具全~",2025-07-27 00:23:25,外企德科数字技术有限公司是一家2023年新成立的中外合资企业。成立于2023年11月24日，公司定位：专注于为信息技术企业提供人才及数字技术外包解决方案的中外合资企业。它是由中国人力资源服务行业的FESCO（北京国际人力资本集团）与全球人力资源服务领导者The Adecco Group（德科集团）合资成立的。公司主要提供网络技术服务、软件外包服务、计算机系统服务、技术进出口、软件开发等信息技术相关服务。专注于为信息技术企业提供信息技术类人才及数字技术外包解决方案。,"https://www.zhaopin.com/jobdetail/CCL1480117890J40689620405.htm?refcode=4019&srccode=401901&preactionid=a7c1140f-c46c-45e5-b867-ab342d8bdc77"
3758,Java,济南-历下区,8000-14000元·13薪,山东善佑科技信息有限公司,互联网,100-299人,,CCL1487216650J40595431016,岗位内容：  1. 设计、开发并维护Java应用程序。负责网站前端的开发工作，配合设计用HTML CSS js等各种web技术开发网站  2. 解决各种技术难题，保证代码的可靠性、高效性和安全性。  3. 参与软件设计的讨论和计划制定。  4. 与其他团队成员协作工作，提高团队整体技术水平  任职要求：  1. 熟悉Java语言。  2.熟练掌握Spring框架及相关开源技术。  3. 具备初步的Web开发经验，熟悉HTML、CSS、JavaScript等前端技术。  4. 具有较强的问题解决能力和团队协作能力。,4月24日,,"https://www.zhaopin.com/jobdetail/CCL1487216650J40595431016.htm?refcode=4019&srccode=401901&preactionid=a7c1140f-c46c-45e5-b867-ab342d8bdc77"
3759,Java,上海-浦东新区,1.5-3万·14薪,外企德科数字技术有限公司,专业技术服务,10000人以上,,CCL1480117890J40792901805,岗位职责 1、负责客户端/后台版本开发，承担关键模块的需求分析、设计、核心代码开发及维护工作； 2、保障版本开发质量和进度，保障用户体验； 3、 版本符合公司安全隐私要求，遵从公司DevOps研发流程。 岗位要求： （1）计算机、软件、通信等相关专业本科及以上学历； （2）热爱编程，基础扎实，熟悉掌握但不限于JAVA/C++/Python/JS/HTML/GO等编程语言中的一种或数种，有良好的编程习惯； （3）具备独立工作能力和解决问题的能力、善于沟通，乐于合作，热衷新技术，善于总结分享，喜欢动手实践。 （4）优选条件： 薪资福利 入职缴纳五险一金，年终奖，各种补助，有导师带教，负责核心业务开发工作,2025-07-27 00:25:57,外企德科数字技术有限公司是一家2023年新成立的中外合资企业。成立于2023年11月24日，公司定位：专注于为信息技术企业提供人才及数字技术外包解决方案的中外合资企业。它是由中国人力资源服务行业的FESCO（北京国际人力资本集团）与全球人力资源服务领导者The Adecco Group（德科集团）合资成立的。公司主要提供网络技术服务、软件外包服务、计算机系统服务、技术进出口、软件开发等信息技术相关服务。专注于为信息技术企业提供信息技术类人才及数字技术外包解决方案。,"https://www.zhaopin.com/jobdetail/CCL1480117890J40792901805.htm?refcode=4019&srccode=401901&preactionid=a7c1140f-c46c-45e5-b867-ab342d8bdc77"
3760,C/C++,嘉兴-南湖区,6000-12000元,嘉兴超维信息技术有限公司,通信/网络设备,20-99人,未融资,CCL1233438420J00566439203,工作内容： 1、 根据项目的总体设计方案，完成项目相关软件的代码实现； 2、 负责项目相关软件系统的调试与测试，参与系统联调； 3、 负责软件相关的文档编写等工作； 4、 负责项目的现场调试，以及相关的故障排除、维护升级等工作； 5、 与优秀的团队一起协同工作，参与国际前沿的产品和技术开发，有机会参与国家重大项目。 岗位需求：  1、计算机、自动化、电子类相关专业本科以上学历，对技术工作有兴趣、认真负责、踏实肯干，有很好的团队合作精神； 2、可独立完成上位机软件开发、调试，具有扎实的C/C++/C#或Java编程功底，熟练掌握Visual Studio或Eclipse等IDE工具； 3、熟悉图像处理基本知识，熟练掌握图像处理常用方法，有一定的算法和数学功底； 4、有自动化设备软件项目开发经验者优先，了解串口、485、网络等常用通信接口，熟悉网络通讯、数据通讯协议 。 职位福利：五险一金、年底双薪、定期体检、带薪年假、员工旅游、节日福利、定期团建、大牛带队,7月2日,嘉兴超维信息技术有限公司是由中国科学院上海技术物理研究所孵化的科技型创业公司，专注于3D建模技术及设备的研发及产业应用的解决方案。为更好地实现以市场为导向的产业化目标，公司于2016年8月注册成立，注册资本为150万元，注册地址为嘉兴市南湖区亚太路778号（中科院园区）2号楼C区2405室。公司是国家高新技术企业，嘉兴市领军人才企业，获得多项行业奖项和认证。依托中国科学院上海技术物理研究所雄厚的研究力量及技术储备，以嘉兴工程中心为技术民用化、产业化转移转化平台，公司先后研发完成了AMC/ARC系列航空/无人机多视角倾斜相机、BodyCapture系列人像3D建模设备、HeadCapture系列头像专用3D建模设备、ShapeX系列物件3D建模设备、SuperCapture系列人脸超高精度建模及皮肤PBR材质贴图采集设备、PerformanceCapture系列 4D脸部表情动态捕捉设备、TextureScan面料PBR材质扫描仪等，实现了对大型城市、中小区域、人体（全身、人脸、皮肤材质及表情捕捉）、物件领域3D建模技术和设备的全覆盖，并形成写实数字人角色资产制作的全流程技术设备及解决方案。公司产品已成功应用于影视、游戏、VR、3D打印、高职院校实训中心、创客中心等多个行业领域。公司拥有一支技术实力强、经验丰富的高学历核心研发团队，所有人员为本科以上学历，其中一半以上的人员拥有博士、硕士学位，涵盖了计算机及软件、电子信息、自动控制、光学工程、机械工程等核心技术专业方向。公司研发的所有系列设备都有自主知识产权，拥有多项技术专利、软件著作权。公司致力于为3D产业应用提供快速精确可靠的建模技术和设备，为各行业3D建模技术的应用提供完整的解决方案和技术服务。,"https://www.zhaopin.com/jobdetail/CCL1233438420J00566439203.htm?refcode=4019&srccode=401901&preactionid=a7c1140f-c46c-45e5-b867-ab342d8bdc77"
3761,C/C++,上海-浦东新区,1.5-2.8万·14薪,外企德科数字技术有限公司,专业技术服务,10000人以上,,CCL1480117890J40784402505,"1、具备独立工作能力和解决问题的能力，善于沟通，乐于合作，热衷新技术，善于总结分享，喜欢动手实践; 2、熟练掌握数据结构、算法知识; 3、参与业界前沿技术研究和规划，与全球专家一起工作、交流。 任职要求: 1.信息系统/计科/软件工程/通讯等相关专业优先，能力优秀者可放宽，往届应届生均可培养。 2.热爱编程，熟悉掌握C/C++/Java/Python/ JS/Web/安卓/IOS开发等编程语言中的一种或多种。 3.能够快速学习新的业务流程，编程语言，有良好的编程习惯和技术文档编写习惯。 4.具备良好的独立工作能力和解决问题能力，善于沟通，乐于合作，热衷新技术。 弹性工作制(满8小时),早:8:30-9:30上班，晚:5:30-6:30下班(按班次) 薪资福利: 底薪+绩效+年终奖 年终奖绩效核算，平均年终奖14-16薪每个月最后一周周六加班双倍薪资六险一金(全额)，试用期薪资不打折 本科及以上学历，须学信网可查，24届考公、考研等未就业者也可参与面试 导师制培训机制，新人入职后至少半年以上会有导师一对一辅导开展工作和学习 主要地点:东莞、深圳、杭州、西安，苏州、上海，武汉，成都、南京、北京",2025-07-27 00:25:20,外企德科数字技术有限公司是一家2023年新成立的中外合资企业。成立于2023年11月24日，公司定位：专注于为信息技术企业提供人才及数字技术外包解决方案的中外合资企业。它是由中国人力资源服务行业的FESCO（北京国际人力资本集团）与全球人力资源服务领导者The Adecco Group（德科集团）合资成立的。公司主要提供网络技术服务、软件外包服务、计算机系统服务、技术进出口、软件开发等信息技术相关服务。专注于为信息技术企业提供信息技术类人才及数字技术外包解决方案。,"https://www.zhaopin.com/jobdetail/CCL1480117890J40784402505.htm?refcode=4019&srccode=401901&preactionid=a7c1140f-c46c-45e5-b867-ab342d8bdc77"
3762,Java,西安-雁塔区,1.5-3万·14薪,外企德科数字技术有限公司,专业技术服务,10000人以上,,CCL1480117890J40781580905,【岗位要求】 1、统招四年制本科/硕士，毕业证学位证齐全 2、3年以内/3-5年/5年以上Java开发工作经验； 3、熟悉SpringBoot/MyBatis框架，掌握MySQL基础应用； 4、具备基础Linux操作能力，了解Git版本管理工具。 注：初级岗位优秀的应届可以接受工作经验 【岗位职责】 1、负责核心业务模块开发，独立完成功能设计及代码实现 2、维护现有系统，优化代码质量与系统性能 3、参与技术方案讨论，配合团队完成项目交付 【面试流程】 流程：机考-匹配部门-hr面-2轮技术面-综面 重难点：机考和技术面 流程时长：2周~一个月（主要看机考，机考通过后一周闭环） 【可选择城市】 北京、上海、深圳、东莞、杭州、武汉、西安、成都、南京、长沙、济南 【待遇及福利】： 1、15-35k月薪14-16薪，周末加班双倍(根据技术面试能力定级定薪) 2、试用期全薪 3、入职全额五险一金 4、一带一导师制 5、优质研究所办公环境和技术氛围 6、交通报销、免费宵夜、班车、健身房、下午茶，团建，带薪年假,2025-07-27 00:25:08,外企德科数字技术有限公司是一家2023年新成立的中外合资企业。成立于2023年11月24日，公司定位：专注于为信息技术企业提供人才及数字技术外包解决方案的中外合资企业。它是由中国人力资源服务行业的FESCO（北京国际人力资本集团）与全球人力资源服务领导者The Adecco Group（德科集团）合资成立的。公司主要提供网络技术服务、软件外包服务、计算机系统服务、技术进出口、软件开发等信息技术相关服务。专注于为信息技术企业提供信息技术类人才及数字技术外包解决方案。,"https://www.zhaopin.com/jobdetail/CCL1480117890J40781580905.htm?refcode=4019&srccode=401901&preactionid=a7c1140f-c46c-45e5-b867-ab342d8bdc77"
3763,科研人员,湖州-吴兴区,130-190元/天,浙江大学湖州研究院,"学术/科研,专业技术服务,咨询服务",300-499人,未融资,CCL1305152930J40546369616,【工作内容】 参与国家、省部级项目实验设计、试验开展以及论文、专利撰写等（与浙大博士后、博士生共同开展研究工作）。     【任职条件】 1. （新）能源/电气/储能材料相关专业（新能源科学与工程、储能科学与工程、热能工程、能源材料等），熟悉储能系统知识的优先；  2. 具有良好的数据处理能力和实验总结能力，动手能力强的优先； 3. 思路清晰，性格开朗，具有良好的沟通和理解能力优先； 4. 实习时间不短于3个月。,7月17日,浙江大学湖州研究院成立于 2020年 12月，系浙江大学与湖州市政府共建事业单位，是集科技研发、人才引育、企业孵化、产业服务于一体的省级新型研发机构。研究院重点以“智能+”为核心，围绕智能无人系统、智能感知仪器、智能集成装备、智能数字应用等领域推进创新研究和“产学研”融合。研究院建有国家级博士后科研工作站，智能无人系统省级工程研究中心、特种智能仓储物流装备全省重点实验室、省级院士工作站、省侨联侨界创新创业基地、省级高新技术产业高质量发展研究基地，市级重点实验室、湖州市产业培训学院等平台。现有院属研究中心（项目团队）28个，常驻人员 500余人，其中科研人员占 94%以上。孵化科技企业 38家，其中有 12家入选省级科技型中小企业，融速科技、比羿激光、上欧科技等多家企业与基金方达成投融资意向，融资额总计 5000万元。,"https://www.zhaopin.com/jobdetail/CCL1305152930J40546369616.htm?refcode=4019&srccode=401901&preactionid=a7c1140f-c46c-45e5-b867-ab342d8bdc77"
3764,软件测试,呼和浩特-新城区,5000-7000元,天阳科技,"计算机软件,计算机软件",1000-9999人,已上市,CC120408370J40822507508,1.全国项目驻场测试，主要负责功能、数据或接口等相关测试工作； 2.统招本科学历及以上（学信网可查）；毕业满2年；计算机专业优先； 3.热爱软件测试行业、有强力的自驱力，能够在测试岗位深入学习研究； 4.有无经验均可，服从公司安排，接受公司培养，可接受异地工作优先； 福利待遇： 上市公司、公司可提供住宿、定期体检、带薪年假； 欢迎符合要求的小伙伴们投递~,7月25日,天阳科技(股票代码：300872)，是全球金融创新服务的重要贡献者，持续赋能中国金融行业数字化转型，为客户提供咨询、金融科技产品、金融IT服务、云计算及运营服务。公司成立于2003年，服务超过300家金融行业客户，覆盖中央银行、政策性银行、国有银行、股份制银行、地方性商业银行、非银行金融机构等，员工人数近7000人，成为激活金融领域创新活力、推动金融科技迈入世界领先水平的重要力量。作为金融行业客户可信赖的合作伙伴，天阳科技凭借丰富的行业经验和端到端的专业服务，在信创、数字化金融、信贷、交易银行、信用卡、零售、营销、风险管理、征信监管等众多领域具备核心竞争力。据赛迪和IDC报告显示，近年来公司在中国银行业IT解决方案市场排名强势崛起，2019年收入及市场占有率综合排名分别位列第四位和第五位，并保持高速增长。同时，前瞻商业和科技趋势，入选2021年度未来银行科技服务商TOP100。天阳科技始终聚焦金融科技领域，加大自主创新力度，在超过100个城市建立本地化、专业化的研发和服务团队，拥有CMMI5级认证、软件测试成熟度模型集成（TMMi）3级认证、ISO9001质量管理体系认证、ISO20000信息技术服务管理体系认证、IS027001信息安全管理体系认证。通过部署人工智能、云计算、大数据、移动互联网、分布式计算和区块链等先进金融科技，公司致力于构建安全可控、普惠民生、开放共赢格局，在关键技术领域服务现代化金融发展大局，更好地为各利益相关方创造更大价值，为大中企业、小微企业以及每个个体提供优质金融服务。,"https://www.zhaopin.com/jobdetail/CC120408370J40822507508.htm?refcode=4019&srccode=401901&preactionid=a7c1140f-c46c-45e5-b867-ab342d8bdc77"
3765,科研人员,北京-丰台区,2-3万,首都医学科学创新中心,"学术/科研,学术/科研",300-499人,不需要融资,CCL1464242520J40718897002,邓庆实验室现面向国内外招聘博士后与科研助理，实验室将利用深度免疫分型、单细胞及空间多组学平台、细胞分子生物学技术和遗传动物模型，解析B细胞异质性与肿瘤发展、转移以及免疫治疗效果的关联性，深入理解B细胞在肿瘤及自身免疫性疾病中的免疫调控机制，并进一步探索靶向干预B细胞成熟命运途径的潜在治疗策略。邓庆研究员本科毕业于苏州大学生命科学学院，在上海交通大学医学院获得博士学位。先后在上海人类基因组研究中心、贝勒医学院以及德克萨斯大学MD安德森癌症中心等国内外知名科研机构进行博士后研究工作，现为首都医学科学创新中心（CIMR）研究员。 招聘岗位：博士后 一、 岗位职责 1. 在PI指导下独立开展课题研究； 2. 协助指导实验室其他成员开展科研工作； 3. 撰写论文或申请基金。   二、 任职要求 1. 具有生命科学或其他相关生物医学领域的研究背景，即将获得或近期已获得博士学位（原则上不超过2年）； 2. 以（共同）第一作者身份在领域内主流期刊上发表过或即将发表研究论文，能够独立开展研究工作，具有科研热情和严谨的科研态度； 3. 有免疫学、小鼠模型实验或多组学数据分析等研究经验者优先； 4. 精通英语阅读、写作和日常沟通，能够使用英语撰写论文。,3月25日,"首都医学科学创新中心[Chinese Institutes for Medical Research(CIMR), Beijing]（简称创新中心）是北京市新成立的具有独立法人资格的新型研发机构。创新中心以推动医学科学发展、改善人类健康为目标，开展生物医学研究，致力于提升医学科学创新与成果转化能力，提高疾病诊断和治疗水平。我们将汇聚世界高水平科学家，与首都医学教育和科学研究优质资源紧密合作，打造多学科交叉融合的科研平台，综合自由探索、医学目标导向、有组织科研等途径，实践新型科研模式和体制机制，逐步推进医教研产的深度融合，培养适应医学科学创新发展的优秀人才。","https://www.zhaopin.com/jobdetail/CCL1464242520J40718897002.htm?refcode=4019&srccode=401901&preactionid=a7c1140f-c46c-45e5-b867-ab342d8bdc77"
3766,实施工程师,北京-朝阳区,1-2万·13薪,爱科腾瑞科技(北京)有限公司,"计算机软件,计算机软件,仪器仪表制造,专用设备制造",20-99人,未融资,CC156286820J40772634214,应聘条件： 1. 大学本科及以上学历，机电一体化、机械设计、电子工程、计算机软件、计量等专业毕业，英语基础好 2. 熟悉CAD制图软件 或 计算机图形/图像辅助设计处理软件 3. 数学（空间几何学）基础扎实 4. 人正直，踏实，能吃苦，学习能力强，具备良好的客户沟通能力，较强的团队合作精神 5. 能适应出差（根据工作需要，会有适当的出差） 6. 具有三坐标测量和影像测量操作经验 或 具有工业类软件测试经验的人员优先考虑； 职位描述： 1. 处理、跟踪客户意见，耐心解答客户问题，解决产品问题 2. 软件测试，根据需求完成产品的安装调试及现场培训工作 3. 配合公司销售人员做好软件售前、售后产品演示工作 4. 做好记录客户服务及客户投诉事项，维护与客户的良好关系。 工作/面试地点：北京,7月25日,爱科腾瑞科技（北京）有限公司www.external-array.com.cn公司行业：软件行业-工业计量检测公司类型：外商合资公司简介：爱科腾瑞科技(北京)有限公司是英国海克斯康（HEXAGON）下属的子公司。主营产品是自主研发的三坐标测量机测量软件和影像测量软件。随着中国制造业大国的确立，相应的精密测量技术也在随之提高。三坐标测量机在各类机械行业、汽车、摩托车行业的主机厂和配套零部件生产厂已经成为必需的测量设备，在质量控制方面起着关键作用。目前，对三坐标测量机软件的要求是：计算速度快、数学模型先进、功能齐全、操作直观、稳定性好。三坐标测量软件 RationalDMIS，在北美和欧洲相应市场上占有一定的份额，在国际测量机行业中享有一定的声誉。爱科腾瑞科技（北京）有限公司，主要是为中国大陆的三坐标测量机生产厂商提供国际高水准的 RationalDMIS测量软件，提升中国制造的三坐标测量机的整体水平和技术档次，提高中国高端智能制造的综合能力。继成功推出三坐标测量软件RationalDMIS之后，又正式发布全新的影像复合式测量软件RationalVue。致力于打造国际最先进的影像测量软件，引领影像测量行业进入3D复合检测时代，为微小精密工件检测开启理想之门。我们有近三十年专注三维检测领域的开发积累和成功经验，取得较好的经济和社会效益，在智能制造软件行业享有一定的声誉，已连续多年被评为国家级高新技术软件企业。联系方式：闫女士，010-57601605邮箱：Info@external-array.com.cn来信请附带详细简历一份,"https://www.zhaopin.com/jobdetail/CC156286820J40772634214.htm?refcode=4019&srccode=401901&preactionid=a7c1140f-c46c-45e5-b867-ab342d8bdc77"
3767,测试工程师,郑州-二七区,9000-15000元,昆明铛哒网络科技有限公司,网络/信息安全,20人以下,未融资,CCL1393011430J40801739903,岗位内容：  1. 设计测试用例并执行测试计划，对软件功能、性能、稳定性等进行全面测试。 2. 编写测试报告和Bug汇报，跟踪Bug的解决过程，并及时反馈BUG情况给研发团队。 3. 参与产品设计和需求评审，提供测试意见和建议。 4. 熟悉自动化测试框架或工具，并进行相关测试工作。 任职要求：  1. 大专及以上学历，计算机相关专业优先考虑 2. 熟悉软件测试流程和常用的测试方法、工具，熟悉至少一种自动化测试工具。 3. 具备较强的测试分析和问题定位能力，能够独立制定测试计划和测试用例。 4. 具备良好的沟通协调能力和团队合作精神 岗位福利: 保底薪资8k，月综合10k-15k  周末双休，五险一金,7月17日,公司00后居多，致力于技术岗位长期发展，公司提供良好的晋升机会，下午茶，氛围好，为一个共同目标而奋斗，人在一起叫聚会，心在一起叫团队，只要你愿意留在我们公司，就能够为你提供长期发展的机会，欢迎各位优秀的人才加入到我们公司。,"https://www.zhaopin.com/jobdetail/CCL1393011430J40801739903.htm?refcode=4019&srccode=401901&preactionid=a7c1140f-c46c-45e5-b867-ab342d8bdc77"
3768,技术支持工程师,济南-历下区,8000-12000元·15薪,上海柏楚电子科技股份有限公司,"计算机软件,工业自动化",1000-9999人,已上市,CCL1242119060J40545438507,岗位职责:,2月20日,上海柏楚电子科技股份有限公司，闵行区首家科创板上市企业。公司成立于2007年，是一家从事激光切割控制系统的研发、生产和销售的高新技术企业和重点软件企业，完整掌握CAD、CAM、NC、传感器及硬件设计五大类技术。目前公司已在中低功率激光加工控制领域处于国际领先地位，未来着眼于布局工业互联网、总线激光控制、精密微纳加工等技术方向，致力于打造柏楚生态圈。,"https://www.zhaopin.com/jobdetail/CCL1242119060J40545438507.htm?refcode=4019&srccode=401901&preactionid=a7c1140f-c46c-45e5-b867-ab342d8bdc77"
3769,硬件测试,重庆-九龙坡区,7000-10000元,重庆科满福人力资源服务有限公司,企业服务,20-99人,,CCL1487604860J40928939004,【岗位职责】 ： 1、进行新产品研发阶段的测试工作 2、完成新产品的功能测试、可靠性测试、环境测 试、安全测试等技术工作 3、制定测试计划，设计测试用例，分析测试数 据，编制测试报告 4、为其他部门提供技术支持，与其他部门的产品 联合测试工作 ,7月7日,,"https://www.zhaopin.com/jobdetail/CCL1487604860J40928939004.htm?refcode=4019&srccode=401901&preactionid=a7c1140f-c46c-45e5-b867-ab342d8bdc77"
3770,科研人员,上海-嘉定区,1.2-2万,中国科学院上海应用物理研究所,"学术/科研,学术/科研",1000-9999人,未融资,CC131072840J40518852216,岗位职责：  负责熔盐堆中氚等气载核素的行为研究，或钯合金膜在线脱氚的理论与实验研究   ,7月7日,中国科学院上海应用物理研究所是国立综合性核技术科学研究机构，筹建于1958年，在光子科学、加速器科学技术、核能技术、核科学技术与前沿交叉科学等领域，从事面向世界科技前沿和国家战略需求的基础与应用研究，开展原始创新和集成创新，致力于钍基熔盐堆核能系统的研究发展，致力于同步辐射光源和自由电子激光的大科学装置研制、运行与利用，致力于核科技前沿交叉的研究与核技术应用，以期将研究所建成我国独具特色、不可替代和具有国际竞争力的研究机构。上海应用物理所现承担中国科学院战略性先导科技专项“未来先进核裂变能——钍基熔盐堆核能系统（TMSR）”，研究和发展相关核能科学与技术，打造TMSR全产业链，目标是成为拥有最先进、最完备实验设施和条件，以工业应用为目标的世界级钍基熔盐堆核能系统的研究中心。上海应物所还承担上海光源线站工程、X射线自由电子激光试验装置工程、首台国产质子治疗示范装置研制项目，以及多项973项目、科技重大研究专项、基金委重大项目等国家重要科研任务。上海应用物理所是上海市核学会、中国核学会辐射研究与辐射工艺学分会的挂靠单位；主办《核技术》、《Nuclear Science and Techniques》（SCI）、《辐射研究与辐射工艺学报》等学术刊物。设有一级学科博士学位培养点 2个，二级学科博士学位培养点 5个，一级学科硕士学位培养点 3个，二级学科硕士学位培养点点 14个（其中专业学位 4个），并设有 2个博士后科研流动站。单位地址：上海市嘉定区嘉罗公路2019号网址：www.sinap.cas.cn E-Mail:hr@sinap.ac.cn,"https://www.zhaopin.com/jobdetail/CC131072840J40518852216.htm?refcode=4019&srccode=401901&preactionid=a7c1140f-c46c-45e5-b867-ab342d8bdc77"
3771,实施工程师,福州-鼓楼区,150-200元/天,新意科技,"计算机软件,证券/期货,IT服务,互联网",500-999人,未融资,CC120072230J40777817608,一、岗位职责： 1、为客户提供快速优质的售后保障服务（日常故障解决、业务咨询、升级服务、测试服务 等）； 2、及时维护客户信息、产品使用信息，建立良好的客户关系； 3、服务小项目的工程实施和验收。 二、任职要求： 1、 计算机科学与技术、软件工程、电子信息、数学等理工类相关专业，本科及以上学历，有 金融、会计等知识或软件开发实践尤佳； 2、熟悉Oracle数据库，了解J2EE架构； 3、适应必要的工作出差，抗压能力强； 4、良好的学习能力和团队合作精神，善于处理人际关系，有责任心； 5、认同新意发展目标和核心理念，热爱所从事的事业以及本职工作。 ​三、公司福利 【关于工作】提供有竞争力的薪资和人性化管理，实行5天7小时工作制，提供新人导师、专业培训，整洁舒适的工作环境； 【法定福利】五险一金，入职即享有带薪年假，国家法定节假日等； 【补充福利】商业保险、年度体检、过节福利、生日礼金、长期服务奖励、各种激励项目（轿车、国内外旅游等），羽毛球、瑜伽、部门团队活动等丰富的员工活动； 【晋升空间】新人入司转正后第一年有两次考核晋升机会。 ,2月27日,新意科技，成立于1997年，是一家专注于金融应用系统开发的专业软件公司，是经国家认定的高新技术企业，是中国证券一级、二级清算系统软件的重要提供商。新意科技，总部位于福州，目前拥有三家控股子公司：上海新意新科技有限公司、新意科创（厦门）信息科技有限公司、福州新意新网络有限公司，同时设立北京、深圳分公司，服务网络覆盖全国。截至目前，新意科技的产品涉及到券商各项中后台业务，应用范围涵盖证券公司、基金公司以及中国金融期货交易所、中央登记结算公司，实现对证券市场参与人信息、资金、证券的综合发展。公司自有软件著作权75项，并取得相应的42个软件产品登记证书及计算机系统集成三级资质，同时还是中国证券协会信息技术应用委员会观察员。新意科技凭借一支资深专业人士组成的管理团队，多年来潜心研究证券业务和信息技术的应用以及两者之间的互动关系，秉持利用信息技术推动证券行业的发展，规范业务管理的概念，致力于应用先进的管理思想开发证券业务管理系统软件，让信息技术和新的业务管理思想在产品中得以有机的融合、集成，使新意产品具有思想性、前瞻性、系统性的特点。以创新树立品牌，以专业彰显实力，以超越引领发展。新意秉承“以人为本、诚信、创新、合作”的理念不断培养精通金融证券业务的软件专业人才，公司80%以上为技术开发人员，每位员工通过个人的贡献和团队的集体努力为新意的发展提供源源不断的生命力。新意为您提供：【有竞争力薪酬】年薪：月薪*12月+各类津贴+年终奖；【基础福利保障】五险一金（按照工资全额12%缴纳公积金），国家法定节假日，带薪年假；【补充福利】商业保险、年度体检、过节福利、生日礼金、长期服务奖励、司龄津贴、各种激励项目（轿车、国内外旅游等），羽毛球、瑜伽、部门团队活动等丰富的员工活动；【人性化管理】实行5天7小时工作制，提供新人导师、专业培训，整洁舒适的工作环境；希望更多认同新意发展目标和核心理念、热爱金融IT事业的人才加入我们，共同见证中国金融证券业的发展。如果，你想要的是：一个广阔发展前景的朝阳行业一个参与金融行业利益分配的机会一座理想的工作和生活的城市一家发展稳健、务实低调的公司一份有竞争力的薪资福利一种简洁高效的办公环境一条清晰明确的职业发展路径一个足以承载你梦想和能力的平台那么，请加盟新意科技！连接亿万金融数据！2021，期待您的同行！更多详情，请登入新意科技官网：http://www.shinetechnology.com联系方式：0591-87382356电子邮箱：hr@shinetechnology.com福州市：鼓楼区六一北路558号金三桥大厦8层厦门市：思明区软件园二期观日路36号401上海市：普陀区武宁路19号丽晶阳光大厦1711室,"https://www.zhaopin.com/jobdetail/CC120072230J40777817608.htm?refcode=4019&srccode=401901&preactionid=a7c1140f-c46c-45e5-b867-ab342d8bdc77"
3772,软件测试,珠海-香洲区,8000-10000元·13薪,许昌蚁匠网络科技有限公司,"企业服务,企业服务",20-99人,不需要融资,CCL1492921960J40761337909,岗位内容： 1. 协助设计并执行测试用例，记录测试结果并准备测试报告。 2. 协调开发人员、项目经理和测试团队成员，以确保遵守时间表和产品质量标准。 3. 使用自动化测试框架和工具来提高测试效率和覆盖率。 4. 关注产品质量和客户需求，确保稳定、可靠和用户友好的软件交付。 任职要求： 1. 本科及以上学历，年龄25-30岁 2.已离职可随时到岗,2025年07月29日,,"https://www.zhaopin.com/jobdetail/CCL1492921960J40761337909.htm?refcode=4019&srccode=401901&preactionid=a7c1140f-c46c-45e5-b867-ab342d8bdc77"
3773,Java,深圳-龙岗区,1.5-3万·14薪,外企德科数字技术有限公司,专业技术服务,10000人以上,,CCL1480117890J40717540505,"【岗位职责】线上面试，有题库刷题，试用期全薪不打折  1、参与项目需求分析，搭建系统框架和核心模块的设计；  2、根据项目进度完成代码开发任务；  3、对代码进行维护、改进与完善，以满足新需求；  4、参与数据仓库需求分析、程序优化；  5、在项目开发过程中，与团队共享、研讨相关工作和培训经验；  【岗位要求】  熟练掌握任意一门语言即可,前端后端等均有坑哦  入职即安排高资历师傅一带一带教，再也不用担心会不会啦~  【技术优势】  部门发展迅速，大牛带队，使用主流技术，个人技术提升大、视野宽，机会多，进步快  【福利待遇】  1、入职购买全额五险一金+补充商业医疗保险；  2、绩效奖金+年终奖+节假日福利+定期体检+带薪年假，都给安排的妥妥的！  3、超赞的办公环境，食堂班车夜宵一应具全~",2025-07-27 00:23:27,外企德科数字技术有限公司是一家2023年新成立的中外合资企业。成立于2023年11月24日，公司定位：专注于为信息技术企业提供人才及数字技术外包解决方案的中外合资企业。它是由中国人力资源服务行业的FESCO（北京国际人力资本集团）与全球人力资源服务领导者The Adecco Group（德科集团）合资成立的。公司主要提供网络技术服务、软件外包服务、计算机系统服务、技术进出口、软件开发等信息技术相关服务。专注于为信息技术企业提供信息技术类人才及数字技术外包解决方案。,"https://www.zhaopin.com/jobdetail/CCL1480117890J40717540505.htm?refcode=4019&srccode=401901&preactionid=a7c1140f-c46c-45e5-b867-ab342d8bdc77"
3774,技术支持工程师,镇江-京口区,9000-18000元,青岛安然物联网科技有限公司,"物联网,物联网",20-99人,未融资,CC559764920J40822795504,需要弱电技术、自动化、安防系统、工业互联网+危化安全生产、物联网人才，不要纯软件人才。  你能经常到全国各地出差吗？你能到工业生产现场生产现场做技术支持吗？   真正的奋斗者在安然会有让人值得为之奋斗的事业，会有充实、高效的成长，会有高人一等的收入。   你能做好售前技术支持、根据客户需求，高效制作方案吗？你能做好售中技术支持、指导他人正确安装、部署、调试系统向用户保质保量快速交付吗？你能做好售后维护，高效沟通和落实客户需求吗？   迄今已服务中石化、中石油、延长石油、国能、兖矿、京能、索普、新安、奇美、昊源、潞安、旭阳、垦利、逸盛、海科、酒钢、金发等几百家石化、化工、选煤、钢铁、电厂企业。    安然以客户为中心，以强者为本，抬头乐干，愿意与同道中人联合、链接，携手共建、共用、共享生产安全命运共同体，一起干，一起干，让优秀企业更安全，让优秀企业更高效！,7月13日,基于精准人员定位的工业安全生产信息化管理专家，安全生产信息化管理引领者！作为全国实时定位技术标准工作组成员和应急管理部“工业互联网+危化安全生产”人员定位系统技术支持机构，安然从2012年起致力于基于ZigBee Plus三维立体按需精准定位的“工业互联网+安全生产”的研究，获得了20多项安全智能管控系统发明专利和著作权，持续引领中国化工行业生产现场智慧安全！安然以“准、稳、狠”的ZigBee Plus三维立体按需精准人员定位统和“底数清、数据准、情况明、研判准、措施实”的安全生产信息化平台为核心，整合访客管理、出入口控制、人脸识别、视频监控、语音广播、重大危险源监控、可燃有毒气体监测等系统，对生产现场人、机、料、法、环五大要素进行实时、动态、智能管控和预警，规范人的安全行为，保障人的生命安全，有效防范风险、主动化解风险，实现智慧安全。安然“以用为本”，把安全生产信息化建设与公司管理体系“深度融合”，把安全生产信息化建设与日常工作“紧密结合”，对安全生产切实“有用、实用、好用”，避免建用“两张皮”，让安全管控更智能，让生产更高效才实用。迄今已服务中石化、中石油、延长石油、国能、兖矿、京能、索普、新安、奇美、昊源、潞安、旭阳、垦利、逸盛、海科、酒钢、金发等几百家石化、化工、选煤、钢铁、电厂企业。安然以客户为中心，以强者为本，抬头乐干，愿意与同道中人联合、链接，携手共建、共用、共享生产安全命运共同体，一起干，一起干，让优秀企业更安全，让优秀企业更高效！,"https://www.zhaopin.com/jobdetail/CC559764920J40822795504.htm?refcode=4019&srccode=401901&preactionid=a7c1140f-c46c-45e5-b867-ab342d8bdc77"
3775,技术支持工程师,济南-历下区,4000-6000元·13薪,山东巨微智能技术有限公司,"电力/水利/热力/燃气,船舶/航空/航天/火车制造",20-99人,不需要融资,CC836694010J40598621306,岗位职责：  1、负责无人机及无人机机场设备的演示、安装、部署、调试、交付、验收及培训等工作；,12月20日,山东巨微智能技术有限公司（简称“巨微智能”）坐落于美丽的泉城济南，位于中国（山东）自由贸易试验区济南片区汇鑫时代中心3-708。公司创建于2014年，是一家围绕着智能工业的发展，专业从事民用无人机系统的研发、制造、销售、维保和服务为一体的高新技术企业，是中国无人机领导品牌DJI大疆创新的战略合作伙伴，无人机行业应用解决方案提供商与服务商。巨微智能作为无人机行业应用的践行者和推动者，是山东省无人机产业联盟会员单位，汇聚了一批人工智能产业及互联网领域的科技创新人才，基于多年行业经验和技术积累，成为DJI大疆创新的Payload SDK开发合作伙伴及电力行业一级代理商，并成功应用到多个行业领域，具备丰富的“无人机+行业应用”实践经验，拥有无人机行业应用领域多项专利和奖项，致力于成为无人机行业应用专家，将大数据、云计算、物联网、移动互联及人工智能等新技术应用于工业领域。公司秉持着电力巡检行业高速、安全发展的理念，在电力行业深耕细作，目前拥有60余组专业巡线服务团队，根据客户需求，个性化定制输电线路无人机自主飞行巡检、可见光精细化巡检、可见光通道三维扫描、激光雷达扫描、红外巡检、倾斜摄影等巡检服务，为电力、测绘、石油石化、公共安全等行业提供无人机数据采集、数据分析处理、AI图形图像智能识别、智慧线路运维管理及无人机应用技术开发等解决方案。公司在专注产品技术提升的同时，持续完善行业应用无人机售后服务体系，与DJI大疆创新建立了维保合作机制，成为首个官方授权的山东电力无人机维保中心，承接经纬 M300 RTK、Phantom 4 RTK、Mavic 2 Enterprise Advanced以及其他行业级无人机的故障排查、硬件性能检测、软件更新、保养教学等维保工作，将行业应用无人机售后服务本地化、专业化、标准化，为山东及周边地区电力行业提供无人机维保服务，为电力巡检提供专业高效的保障支撑。公司作为无人机行业应用的引领者，秉承“敢为人先、努力超越”的企业理念以开放创新的互联网思维融合新技术，深耕拓展无人机行业的深化应用，以尖端的技术、安全实用的产品和个性化定制服务，努力成为无人机领域一流的系统产品开发商、解决方案提供商和专业技术服务商。,"https://www.zhaopin.com/jobdetail/CC836694010J40598621306.htm?refcode=4019&srccode=401901&preactionid=a7c1140f-c46c-45e5-b867-ab342d8bdc77"
3776,软件测试,重庆-江津区,8000-10000元,重庆科满福人力资源服务有限公司,企业服务,20-99人,,CCL1487604860J40922561704,【岗位职责】： 1、软件测试岗位职责  2、接受测试任务，进行需求分析 3、按照测试计划搭建测试环境，并保证测试环境的可靠性 4、按照测试计划编亏测试用例，保证测试用例合理有效 5、按照测试用例执行测试，及时发现缺陷，并使用工具进行管理缺陷 6、编写和提交测试报告，保证测试进度按计划完成 7、参与审核其他测试工程师的测试用例和报告 8、学习公司已有方案和推广使用新的测试技术和工具,6月28日,,"https://www.zhaopin.com/jobdetail/CCL1487604860J40922561704.htm?refcode=4019&srccode=401901&preactionid=a7c1140f-c46c-45e5-b867-ab342d8bdc77"
3777,技术支持工程师,北京-朝阳区,6000-10000元,北京精量科技有限公司,"仪器仪表制造,仪器仪表制造",20-99人,未融资,CC384345733J00279307311,1、负责公司产品售前售后技术支持工作； 2、参与售前技术交流，产品演示测试，帮助客户制定方案及设备选型； 3、参与产品研发过程和技术改进； 4、编写产品技术文档，培训文档，技术答疑。 任职要求： 1、大专及以上学历，自动化、仪表、电子类、计算机、机电类相关专业; 2、熟悉现场自动化仪表，设施调试，有仪器仪表、电子类技术背景优先考虑； 3、高度的工作热情，良好的团队合作精神，较强的观察力和应变能力。,3月3日,ACCU(精量科技）是著名的过程仪表和自动化控制设备制造商。作为测控技术的领先者，其产品在北美和欧洲已畅销几十年。ACCU亚太地区的研发生产场地设在北京中关村科技园区，即北京精量科技有限公司。北京精量科技有限公司，主要从事高精度压力、流量、温度、风速等测量仪表和调节阀、电动执行机构等控制仪表的研发、生产和销售，以及自动化系统服务。依靠技术创新和市场开发，已逐渐发展成为国内领先的自动化控制系统集成商和工业自动化仪表生产供应商。ACCU坚持“创新科技，服务全球”的经营理念，与全体员工和客户在一起，与时俱进，为全球经济建设付出不懈努力！,"https://www.zhaopin.com/jobdetail/CC384345733J00279307311.htm?refcode=4019&srccode=401901&preactionid=a7c1140f-c46c-45e5-b867-ab342d8bdc77"
3778,硬件测试,南昌-红谷滩区,6000-9000元,重庆科满福人力资源服务有限公司,企业服务,20-99人,,CCL1487604860J40925751904,【岗位职责】 ： 1、进行新产品研发阶段的测试工作 2、完成新产品的功能测试、可靠性测试、环境测 试、安全测试等技术工作 3、制定测试计划，设计测试用例，分析测试数 据，编制测试报告 4、为其他部门提供技术支持，与其他部门的产品 联合测试工作 【薪资待遇】： 试用期：（试用期5350-转正6500）元/月＋300全勤+（300-800）元/岗位补贴+（1000-1500）元/月绩效+加班费=-6000-9000左右,7月26日,,"https://www.zhaopin.com/jobdetail/CCL1487604860J40925751904.htm?refcode=4019&srccode=401901&preactionid=a7c1140f-c46c-45e5-b867-ab342d8bdc77"
3779,C/C++,西安-雁塔区,1.4-2.8万·14薪,外企德科数字技术有限公司,专业技术服务,10000人以上,,CCL1480117890J40604447905,"1、具备独立工作能力和解决问题的能力，善于沟通，乐于合作，热衷新技术，善于总结分享，喜欢动手实践; 2、熟练掌握数据结构、算法知识; 3、参与业界前沿技术研究和规划，与全球专家一起工作、交流。 任职要求: 1.信息系统/计科/软件工程/通讯等相关专业优先，能力优秀者可放宽，往届应届生均可培养。 2.热爱编程，熟悉掌握C/C++/Java/Python/ JS/Web/安卓/IOS开发等编程语言中的一种或多种。 3.能够快速学习新的业务流程，编程语言，有良好的编程习惯和技术文档编写习惯。 4.具备良好的独立工作能力和解决问题能力，善于沟通，乐于合作，热衷新技术。 弹性工作制(满8小时),早:8:30-9:30上班，晚:5:30-6:30下班(按班次) 薪资福利: 底薪+绩效+年终奖 年终奖绩效核算，平均年终奖14-16薪每个月最后一周周六加班双倍薪资六险一金(全额)，试用期薪资不打折 本科及以上学历，须学信网可查，24届考公、考研等未就业者也可参与面试 导师制培训机制，新人入职后至少半年以上会有导师一对一辅导开展工作和学习 主要地点:东莞、深圳、杭州、西安，苏州、上海，武汉，成都、南京、北京",2025-07-27 00:23:22,外企德科数字技术有限公司是一家2023年新成立的中外合资企业。成立于2023年11月24日，公司定位：专注于为信息技术企业提供人才及数字技术外包解决方案的中外合资企业。它是由中国人力资源服务行业的FESCO（北京国际人力资本集团）与全球人力资源服务领导者The Adecco Group（德科集团）合资成立的。公司主要提供网络技术服务、软件外包服务、计算机系统服务、技术进出口、软件开发等信息技术相关服务。专注于为信息技术企业提供信息技术类人才及数字技术外包解决方案。,"https://www.zhaopin.com/jobdetail/CCL1480117890J40604447905.htm?refcode=4019&srccode=401901&preactionid=a7c1140f-c46c-45e5-b867-ab342d8bdc77"
3780,技术支持工程师,洛阳-洛龙区,9000-18000元,青岛安然物联网科技有限公司,"物联网,物联网",20-99人,未融资,CC559764920J40675822004,需要弱电技术、自动化、安防系统、工业互联网+危化安全生产、物联网人才，不要纯软件人才。  你能经常到全国各地出差吗？你能到工业生产现场生产现场做技术支持吗？   真正的奋斗者在安然会有让人值得为之奋斗的事业，会有充实、高效的成长，会有高人一等的收入。   你能做好售前技术支持、根据客户需求，高效制作方案吗？你能做好售中技术支持、指导他人正确安装、部署、调试系统向用户保质保量快速交付吗？你能做好售后维护，高效沟通和落实客户需求吗？   迄今已服务中石化、中石油、延长石油、国能、兖矿、京能、索普、新安、奇美、昊源、潞安、旭阳、垦利、逸盛、海科、酒钢、金发等几百家石化、化工、选煤、钢铁、电厂企业。    安然以客户为中心，以强者为本，抬头乐干，愿意与同道中人联合、链接，携手共建、共用、共享生产安全命运共同体，一起干，一起干，让优秀企业更安全，让优秀企业更高效！,5月19日,基于精准人员定位的工业安全生产信息化管理专家，安全生产信息化管理引领者！作为全国实时定位技术标准工作组成员和应急管理部“工业互联网+危化安全生产”人员定位系统技术支持机构，安然从2012年起致力于基于ZigBee Plus三维立体按需精准定位的“工业互联网+安全生产”的研究，获得了20多项安全智能管控系统发明专利和著作权，持续引领中国化工行业生产现场智慧安全！安然以“准、稳、狠”的ZigBee Plus三维立体按需精准人员定位统和“底数清、数据准、情况明、研判准、措施实”的安全生产信息化平台为核心，整合访客管理、出入口控制、人脸识别、视频监控、语音广播、重大危险源监控、可燃有毒气体监测等系统，对生产现场人、机、料、法、环五大要素进行实时、动态、智能管控和预警，规范人的安全行为，保障人的生命安全，有效防范风险、主动化解风险，实现智慧安全。安然“以用为本”，把安全生产信息化建设与公司管理体系“深度融合”，把安全生产信息化建设与日常工作“紧密结合”，对安全生产切实“有用、实用、好用”，避免建用“两张皮”，让安全管控更智能，让生产更高效才实用。迄今已服务中石化、中石油、延长石油、国能、兖矿、京能、索普、新安、奇美、昊源、潞安、旭阳、垦利、逸盛、海科、酒钢、金发等几百家石化、化工、选煤、钢铁、电厂企业。安然以客户为中心，以强者为本，抬头乐干，愿意与同道中人联合、链接，携手共建、共用、共享生产安全命运共同体，一起干，一起干，让优秀企业更安全，让优秀企业更高效！,"https://www.zhaopin.com/jobdetail/CC559764920J40675822004.htm?refcode=4019&srccode=401901&preactionid=a7c1140f-c46c-45e5-b867-ab342d8bdc77"
3781,科研人员,湖州-吴兴区,2.5-3.5万,浙江大学湖州研究院,"学术/科研,专业技术服务,咨询服务",300-499人,未融资,CCL1305152930J40491883116,【岗位要求】： 1．具有博士学位，专业包括但不限于分析化学、生物医学、材料、电子、机械、仪器科学等相关专业，有微流控芯片技术研究或相关应用研究经验者优先； 2．理论基础扎实，能够独立开展科研工作，并具备较好的英语写作和表达能力； 3．博士后申请者，原则上应在获得博士学位3年以内，申请时年龄一般不超过35周岁；临近毕业的博士研究生可提出申请，在进站时需按照国家规定提供相关证书； 4．全脱产从事博士后研究工作，开展科学研究与成果转化等工作。,7月19日,浙江大学湖州研究院成立于 2020年 12月，系浙江大学与湖州市政府共建事业单位，是集科技研发、人才引育、企业孵化、产业服务于一体的省级新型研发机构。研究院重点以“智能+”为核心，围绕智能无人系统、智能感知仪器、智能集成装备、智能数字应用等领域推进创新研究和“产学研”融合。研究院建有国家级博士后科研工作站，智能无人系统省级工程研究中心、特种智能仓储物流装备全省重点实验室、省级院士工作站、省侨联侨界创新创业基地、省级高新技术产业高质量发展研究基地，市级重点实验室、湖州市产业培训学院等平台。现有院属研究中心（项目团队）28个，常驻人员 500余人，其中科研人员占 94%以上。孵化科技企业 38家，其中有 12家入选省级科技型中小企业，融速科技、比羿激光、上欧科技等多家企业与基金方达成投融资意向，融资额总计 5000万元。,"https://www.zhaopin.com/jobdetail/CCL1305152930J40491883116.htm?refcode=4019&srccode=401901&preactionid=a7c1140f-c46c-45e5-b867-ab342d8bdc77"
3782,C/C++,贵阳-花溪区,1.5-3万,外企德科数字技术有限公司,专业技术服务,10000人以上,,CCL1480117890J40758014805,主要地点：（东莞、深圳、杭州、 西安，苏州、上海，武汉，成都、南京、北京）十大研究所，少量（广州、长沙、济南）三个办事处,7月26日,外企德科数字技术有限公司是一家2023年新成立的中外合资企业。成立于2023年11月24日，公司定位：专注于为信息技术企业提供人才及数字技术外包解决方案的中外合资企业。它是由中国人力资源服务行业的FESCO（北京国际人力资本集团）与全球人力资源服务领导者The Adecco Group（德科集团）合资成立的。公司主要提供网络技术服务、软件外包服务、计算机系统服务、技术进出口、软件开发等信息技术相关服务。专注于为信息技术企业提供信息技术类人才及数字技术外包解决方案。,"https://www.zhaopin.com/jobdetail/CCL1480117890J40758014805.htm?refcode=4019&srccode=401901&preactionid=a7c1140f-c46c-45e5-b867-ab342d8bdc77"
3783,实施工程师,常州-溧阳市,7000-10000元,上海纵昂建设发展有限公司,专业技术服务,100-299人,,CC457611730J40751378011,工作职责: 1、按项目经理要求开展机器人项目的实施及售后服务工作; 2、负责助理服务工程师的实施能力培养; 3、负责实施方案编写及机器人现场调试; 4、负责客户培训及维护指导。 任职要求: 1、自控、计算机、机电一体化等相关专业毕业，大专以上学历; 2、良好的沟通协调能力、主动的学习能力和团队合作意识。 3、需要有电工基础。 4、有编程基础者优先考虑。,7月25日,,"https://www.zhaopin.com/jobdetail/CC457611730J40751378011.htm?refcode=4019&srccode=401901&preactionid=a7c1140f-c46c-45e5-b867-ab342d8bdc77"
3784,前端开发,北京-海淀区,1.3-1.8万,亿维融智软件科技(北京)有限公司,"计算机软件,计算机软件",20-99人,未融资,CC207057310J40709084801,工作职责： 1、负责公司项目的前端开发工作，包括PC端和移动端； 2、根据UI/UE设计稿完成高质量的页面开发，确保界面美观、交互流畅； 3、与后端开发团队紧密协作，完成前后端数据接口的对接和调试； 4、优化前端性能，提升用户体验，解决不同浏览器和设备的兼容性问题； 5、参与项目需求分析和技术方案设计，提出合理化建议。 任职要求： 1，本科及以上学历，计算机相关专业； 2、3年以上的工作经验，参与过多个大型项目的前端开发，并且至少主导其中一个； 3、精通HTML、CSS、JavaScript基础语法； 4、熟练Web前端开发的流程及规范，包括前后端分离开发、跨浏览器和跨终端的开发；熟悉HTTP等协议； 5、精通Vue框架及其生态的UI框架，如Element UI、LayUI等； 6、具有财务相关系统经验优先。,7月25日,亿维融智软件科技（北京）有限公司，是一家立足自主创新的高新技术服务企业。公司总部坐落于北京市中关村创新核心区。公司通过持续对技术创新的投入，荣获国家高新技术企业认证，并成为中国软件行业协会认证会员。经营业务保持高速增长。核心客户主要为政府部委、央国企、及行业头部企业。超过十年的行业服务经验，造就了我司形成一套完整的人才引进、项目管理、人员激励的机制，为客户长期化规模化输送软件开发人员。同时，我司也拥有完善的人员离退场流程，保证了客户项目的持续稳定。公司坚定致力于，以数字科技引领创新，用行业服务实现价值。,"https://www.zhaopin.com/jobdetail/CC207057310J40709084801.htm?refcode=4019&srccode=401901&preactionid=a7c1140f-c46c-45e5-b867-ab342d8bdc77"
3785,测试工程师,宁波-慈溪市,8000-16000元,莱本科技,"汽车研发/制造,汽车研发/制造",20-99人,未融资,CC581396420J40863398804,1. 熟悉车载信息娱乐功能，包括仪表，多媒体，车载网联等控制器功能 2. 具备信息娱乐测试经验，从事过整车车载信息娱乐测试工作 3. 具备测试用例编写能力和编写经验 4. 熟练使用CANoe工具以及FlexRay、以太网通信 5．熟悉android 系统测试，具有monkey runner、Uiautomator、Appium开发经验优先 6. 具有Python编程经验优先 7. 具备一定英语读写能力,1月15日,杭州莱本科技有限公司，是一家致力于传统汽车、电动汽车等交通工具设计的专业设计公司。传统汽车业务从最初的产品市场调研、创意效果图、油泥模型制作、整车数字化、CLASS A光顺、整车总布置设计、白车身工程、内外饰工程、整车内外饰试制以至于设计开发后续的生产性配合工作等，莱本设计所能提供给客户的服务是全面性的。电动汽车业务主要涉及到整车动力性能匹配，根据电动汽车特点重新设计车身，电动汽车的专业总布置，电池性能选型以及电池箱体设计等。,"https://www.zhaopin.com/jobdetail/CC581396420J40863398804.htm?refcode=4019&srccode=401901&preactionid=a7c1140f-c46c-45e5-b867-ab342d8bdc77"
3786,实施工程师,上海-静安区,6000-8000元,岱特智能科技（上海）有限公司,计算机软件,20-99人,不需要融资,CC818989300J40804764313,1.工作职责 1.1参与血液透析软件现场需求调研、部署实施及用户培训，完成数据清洗迁移与文档编写，掌握产品实施全流程。  1.2负责全国医院客户售后技术支持，响应软件故障处理需求，协调资源解决数据库、系统部署等问题。  1.3管理客户需求反馈与变更，结合实施经验优化售后方案，编写标准化故障处理指南，协同研发推动产品迭代。  1.4适应高频出差，在项目现场承担客户沟通与资源协调，确保软件交付验收与临床业务连续性。 2.任职要求 技术能力 计算机相关专业本科及以上学历，熟悉 ASTM、HL7、DICOM 等医疗标准化协议，掌握 MySQL/Redis 数据库及 SQL 语句。 具备 Linux、VMware 操作经验，了解 RDS、ECS 等云服务架构，能使用 Markdown 编写技术文档。 软技能 优秀的客户服务意识与跨团队沟通能力，可独立分析解决问题，适应高频出差（覆盖全国医院项目）。 具备高抗压能力与团队协作精神，能在售后压力场景中保持服务质量。 3.优先条件 拥有 PM、DBA 或系统集成资质，熟悉 RS232/RS485 通讯协议，或具备 ISO/IEC27001 体系内审员资格。 4.职场信息 工作地点：上海 / 徐州 福利体系：弹性工作时间、单休制、五险一金，非初创企业平台（全国超 50 家医院客户）。 岗位特性：非外派、非外包,7月25日,岱特智能科技（上海）有限公司是专业为医疗领域提供信息化解决方案的信息技术服务供应商，以医疗物联网和医疗数据服务为核心业务，构建互联网+医疗的信息交互平台，为医疗领域的用户提供数字化解决方案。基于公司多年来在医疗、尤其在医院信息化建设方面的浸润，依托多家大型医疗机构的支持，共同分享在医疗信息化建设的硕果，使用户在传统信息化改造和流程管理上跃上新的台阶。岱特智能科技（上海）有限公司专注于医疗领域内的物联融合以及数据挖掘服务，充分利用在医疗IT领域积累的成熟技术和丰富经验，致力于为医疗行业的信息技术添砖加瓦。为用户提供更快捷、更周到的数字化解决方案，协助用户进行数据挖掘，对碎片化的数据进行组织和分析，以更有用、更有意义的方式呈现信息，为用户提供全新的数字化服务。,"https://www.zhaopin.com/jobdetail/CC818989300J40804764313.htm?refcode=4019&srccode=401901&preactionid=a7c1140f-c46c-45e5-b867-ab342d8bdc77"
3787,实施工程师,南昌-红谷滩区,7000-11000元·13薪,贵州安盛科技技术服务有限公司,IT服务,20-99人,,CCL1502840300J40810514208,岗位内容： 1. 回答来自客户和同事的问题，并提供第一时间的技术支持服务。 2. 根据客户需求开展问题分析和故障排除，协助用户完成各项工作任务。 3. 建立和维护客户关系，监控并反馈用户需求信息和市场动态。 4. 积极参与制定和优化技术支持流程，提升部门效率和客户满意度。,5月29日,,"https://www.zhaopin.com/jobdetail/CCL1502840300J40810514208.htm?refcode=4019&srccode=401901&preactionid=a7c1140f-c46c-45e5-b867-ab342d8bdc77"
3788,C/C++,苏州-工业园区,1.3-2.3万·14薪,外企德科数字技术有限公司,专业技术服务,10000人以上,,CCL1480117890J40795834105,岗位职责: 1.负责后端开发工作 2.使用Java、C/C++、Python等编程语言进行开发 3.参与系统设计，确保代码质量和系统稳定性 任职要求： 1.具备扎实的编程能力，熟练使用Java、C/C++、Python等语言 2.具有良好的团队合作精神，能够与团队成员有效沟通 3.具备较强的问题分析和解决能力，能够独立承担模块开发任务,2025-07-27 00:26:07,外企德科数字技术有限公司是一家2023年新成立的中外合资企业。成立于2023年11月24日，公司定位：专注于为信息技术企业提供人才及数字技术外包解决方案的中外合资企业。它是由中国人力资源服务行业的FESCO（北京国际人力资本集团）与全球人力资源服务领导者The Adecco Group（德科集团）合资成立的。公司主要提供网络技术服务、软件外包服务、计算机系统服务、技术进出口、软件开发等信息技术相关服务。专注于为信息技术企业提供信息技术类人才及数字技术外包解决方案。,"https://www.zhaopin.com/jobdetail/CCL1480117890J40795834105.htm?refcode=4019&srccode=401901&preactionid=a7c1140f-c46c-45e5-b867-ab342d8bdc77"
3789,技术支持工程师,苏州-工业园区,6000-10000元,苏州工业园区力天电子材料有限公司,化工,20-99人,,CC466533510J40642149105,福利待遇：,5月7日,公司简介苏州工业园区力天电子材料有限公司创立于2001年，是一家专注于制罐业(饮料罐、食品罐、啤酒瓶盖等）印铁涂料的研发、生产、销售和服务于一体的高科技企业。公司总部位于苏州商业办公中心—天翔国际大厦，研发部位于胜浦镇，生产基地位于河南鹤壁姬家山产业园区，占地32000平方米，年产2万吨新型涂料和4万吨合成树脂。公司自成立以来，致力于印铁涂料的研发和生产，二十多年来积累了大量的研发和生产经验。目前在原有溶剂涂料的基础上大力发展节能环保型水性涂料，致力于为国内广大的印铁制罐企业提供优质的产品和专业的服务。公司人才结构合理，拥有多名专家级和专业级的技术骨干，和一批经验丰富的企业管理人员。公司具备领先的技术工艺和先进的生产设备，拥有一个独立的涂料研发中心，具有一流的科研实验室和检测设备，技术研发处于国内领先水平，与苏州大学化学系建立了长达数十年的技术合作关系。“诚信、开拓、共赢、创新”是力天企业文化的精髓。“为客户提供满意的产品和专业化的服务”是力天企业的经营理念。“锐意进取，不断创新成为中国印铁包装涂料业的领导者”是力天的企业愿景。现公司发展迅速，诚聘有志之士加入企业，共同发展，在为公司的发展做出贡献的同时，实现个人的人生价值。,"https://www.zhaopin.com/jobdetail/CC466533510J40642149105.htm?refcode=4019&srccode=401901&preactionid=a7c1140f-c46c-45e5-b867-ab342d8bdc77"
3790,科研人员,苏州-姑苏区,2.5-4万,智联猎头,"互联网,人力资源服务",1000-9999人,不需要融资,CCL1318355140J40802060903,分子生物学、材料学、免疫学 博士,7月26日,智联猎头作为智联招聘旗下品牌，以满足企业中高端岗位的人才招聘需求为出发点，整合全球优质资源，覆盖数字经济、新一代信息技术、人工智能、金融、电子信息、装备制造、生物医药与健康、房地产/建筑等数十个行业，拥有规模庞大、覆盖面广的交付团队，致力于向企业输出专业化的招聘解决方案。智联猎头目前拥有卓聘平台服务、招聘流程外包服务、高端人才猎寻服务三大类核心服务，具备高度定制化能力，能够为不同发展阶段的企业提供一站式招聘解决方案，同时为企业转型升级提供保障，全面增强企业核心竞争力！智联猎头利用自身独特的资源优势、成熟的服务模式，以及多层次的产品，致力于打造高效、专业的一站式人才服务模式，让招聘更加美好！,"https://www.zhaopin.com/jobdetail/CCL1318355140J40802060903.htm?refcode=4019&srccode=401901&preactionid=a7c1140f-c46c-45e5-b867-ab342d8bdc77"
3791,前端开发,北京-大兴区,100-200元/天,亚信万联科技(南京)有限公司,IT服务,100-299人,,CC816996730J40927542004,前端基础良好，26届实习生优先,7月2日,亚信万联，成立于2018年７月。作为亚信集团的重要组成团队，运用和集成云计算、区块链、物联网、及人工智能等创新技术，协同亚信生态优势资源，提供行业云服务、应用解决方案和场景运营。“产业互联网领航者”是亚信集团的目标。聚合数字化人才和技术，构建和运营万物互联的产业数字化平台，这是我们亚信万联的使命和梦想。欢迎加入我们，这是一个彼此关爱、互助协同，勇于创新、追求卓越的集体，在工作中找到意义，为社会创造价值，成就企业和个人的共同梦想。,"https://www.zhaopin.com/jobdetail/CC816996730J40927542004.htm?refcode=4019&srccode=401901&preactionid=a7c1140f-c46c-45e5-b867-ab342d8bdc77"
3792,测试工程师,沈阳-浑南区,5000-8000元·13薪,沈阳市皇姑区知乐网络科技中心(个体工商户),专业技术服务,20-99人,,CCL1484080330J40723348916,岗位福利：早九晚六，午休两个小时，周末双休，年底十三薪 岗位内容： 1. 进行测试计划制定、用例编写、测试执行和缺陷管理； 2. 在现有自动化测试框架下，编写和维护自动化测试脚本； 3. 持续跟进项目进展，及时进行需求变更的影响分析和测试计划调整。 任职要求： 1. 本科及以上学历，计算机相关专业优先； 2. 熟悉测试理论和流程，并具有扎实的测试方法论基础； 3. 熟悉至少一种自动化测试框架，如Selenium、Appium等； 4. 具有良好的沟通与协调能力，具备较强的团队合作精神； 5. 具备SQL语言基础，能够熟练进行常规数据库操作。,2025-07-27 00:15:42,,"https://www.zhaopin.com/jobdetail/CCL1484080330J40723348916.htm?refcode=4019&srccode=401901&preactionid=a7c1140f-c46c-45e5-b867-ab342d8bdc77"
3793,C/C++,佛山-禅城区,1.5-3万,外企德科数字技术有限公司,专业技术服务,10000人以上,,CCL1480117890J40702696905,"统招本科及以上学历（要通过机试，考算法） 岗位要求： 一、软件开发工程师 1. 热爱编程，熟悉掌握Java/C++/C/Python/Web开发等编程语言中的一种或多种编程语言，扎实的编程功底； 2. 具备良好的独立工作能力和解决问题能力，善于沟通，乐于合作，热衷新技术； 二、软件测试工程师： 1. 热爱编程，熟悉掌握C/C++/Java/Python等编程语言中的一种或多种编程语言，扎实的编程功底； 2.有web开发或测试经验、自动化开发或测试经验者优先。 3.熟练掌握系统测试、功能测试、专项测试、软件测试、韧性测试、安全测试方法中的一种或多种测试方法，有相关测试语言/脚本的编写和实践经验优先，也可接受纯测试经验的。 4.具备良好的独立工作能力和解决问题能力，善于沟通，乐于合作，热衷新技术； 三、算法工程师： 1、熟练掌握Java/C/C++/Python其中一个或多个编程语言，有扎实的编程功底； 2、熟悉机器学习、深度学习或图像算法。 四、数据开发工程师 1、参与或负责大数据的采集、存储、处理、通过分布式大数据平台加工数据，数据驱动运营; 2、参与或负责大数据仓库的设计、开发、维护,通过数据仓库和数据治理体系有效的管理和组织P级数据,提升数据质量和数据开发效率; 3、较强的动手能力和学习能力,熟悉一门数据处理语言,如JAVA、 SQL、Python 等; 4、深入理解 Map-Reduce 模型和Hadoop、 Spark、FIink、MPP DB等大数据和仓库相关知识。 公司福利： 1. 底薪+绩效+项目奖金+年终奖； 2. 全额缴纳五险一金； 3.一年数次考评，薪资可上浮~ 4.带薪年假5-15天，双休； 5.享有健身房、班车、加班打车报销等软性福利。 全国一线/新一线城市，软件开发/软件测试均有岗位； 工作地可选择：北京，东莞，深圳，上海，南京，西安，成都，武汉，杭州，苏州，长沙。",2025-07-27 01:12:03,外企德科数字技术有限公司是一家2023年新成立的中外合资企业。成立于2023年11月24日，公司定位：专注于为信息技术企业提供人才及数字技术外包解决方案的中外合资企业。它是由中国人力资源服务行业的FESCO（北京国际人力资本集团）与全球人力资源服务领导者The Adecco Group（德科集团）合资成立的。公司主要提供网络技术服务、软件外包服务、计算机系统服务、技术进出口、软件开发等信息技术相关服务。专注于为信息技术企业提供信息技术类人才及数字技术外包解决方案。,"https://www.zhaopin.com/jobdetail/CCL1480117890J40702696905.htm?refcode=4019&srccode=401901&preactionid=a7c1140f-c46c-45e5-b867-ab342d8bdc77"
3794,软件测试,杭州-滨江区,1.2-1.5万,宏杉科技,"通信/网络设备,计算机软件,计算机硬件,IT服务",500-999人,未融资,CC227128020J40784066908,岗位职责： 负责存储产品的软件测试。 任职要求： 大学本科以上学历，计算机、电子等相关专业，学习成绩良好； 熟悉Linux操作系统，有Linux环境使用经验； 熟悉C语言； 熟练掌握Python语言或者Shell编程； 熟悉TCP/IP协议； 熟悉软件开发、测试工具的使用； 愿意在软件测试方向发展； 良好的团队合作能力，执行力强；能流畅阅读英文资料，具有一定英文写作能力； 工作地点：杭州滨江区,7月11日,"杭州宏杉科技股份有限公司（MacroSAN Technologies Co., Ltd.中文简称：宏杉科技）成立于2010年5月，从事企业级存储产品的研发、生产和销售，系全球存储市场上少数具有高端产品自主研发能力的高科技企业，总部位于杭州，在杭州和深圳设有研发中心，在全国31个省会、首府、直辖市及计划单列市，设立了办事处。宏杉科技是全球网络存储工业协会（SNIA）最早的中国投票会员。凭借团队丰富的研发经验和深厚的技术积累，宏杉科技通过自主研发推出了MS全系列存储产品，成为具有从低端到高端全系列产品及解决方案研发能力的高科技企业。宏杉科技根据中国用户的使用特点，推出了SDAS对称双活、双矩阵高端多控、CRAID、IDDC、ICMT等业界领先的存储技术。面对云计算大潮，宏杉科技推出了整体数据管理解决方案，既能够帮助用户建立整体的数据架构、数据保护机制、数据管理方法，并在之上满足AI、BI、VR/AR、大数据分析等不同环境、不同应用的需求，还可以帮助企业顺利向混合云、公有云平移，推动用户在传统IT走向以云计算、大数据、IoT为代表的“新IT”过程中持续创新。宏杉科技已成长为中国数据管理专业企业。宏杉科技的产品及解决方案广泛应用于政府、金融、运营商、教育、医疗、电力、能源、交通、大企业等各行各业。","https://www.zhaopin.com/jobdetail/CC227128020J40784066908.htm?refcode=4019&srccode=401901&preactionid=a7c1140f-c46c-45e5-b867-ab342d8bdc77"
3795,Java,西安-雁塔区,1.3-2.6万·18薪,外企德科数字技术有限公司,专业技术服务,10000人以上,,CCL1480117890J40627377305,【岗位要求】 1、 具备Java/python/C++/C任意一种开发语言，熟悉常用的算法和数据结构，熟悉软件开发流程； 2、 对技术有追求；,2025-07-27 00:23:23,外企德科数字技术有限公司是一家2023年新成立的中外合资企业。成立于2023年11月24日，公司定位：专注于为信息技术企业提供人才及数字技术外包解决方案的中外合资企业。它是由中国人力资源服务行业的FESCO（北京国际人力资本集团）与全球人力资源服务领导者The Adecco Group（德科集团）合资成立的。公司主要提供网络技术服务、软件外包服务、计算机系统服务、技术进出口、软件开发等信息技术相关服务。专注于为信息技术企业提供信息技术类人才及数字技术外包解决方案。,"https://www.zhaopin.com/jobdetail/CCL1480117890J40627377305.htm?refcode=4019&srccode=401901&preactionid=a7c1140f-c46c-45e5-b867-ab342d8bdc77"
3796,技术支持工程师,天津-滨海新区,4000-5000元,尼尔森诺尔电气技术(天津)有限公司,"金属制品业,贸易/进出口",300-499人,未融资,CC237521780J40653378501,岗位要求 1、2025年毕业，2024年12月份前具备实习条件,11月13日,尼尔森诺尔电气技术（天津）有限公司，成立于2014年，是一家以经营智能防爆电气设备并集研发、服务等多功能于一体的综合现代化企业。司公产品广泛应用于石油、化工、煤矿、电力、冶金、铁路、船舶及航空航天等大型能源及工业科技的相关领域。公司本着自主研发的原则，近年来实现了飞速发展，并拥有一支在软、硬件技术精湛的研发团队和不断自我优化的专业生产技术团队。为响应国家的节能号召，早日实现“碳达峰，碳中和”的目标。公司自主研发了智能LED照明系统、智能工业配电系统、防爆智能监控系统及防爆智能安防系统等相关系统。在未来的发展中，我们秉持着“打造一流品牌，提供一流服务，生产一流产品”的经营理念，并本着“客户至上，质量第一”的企业宗旨，为顾客提供满意的产品和优质的服务.我们坚信产品是企业的生命，信誉是企业的灵魂，我们的承诺，客户的需求，就是我们奋斗的目标。,"https://www.zhaopin.com/jobdetail/CC237521780J40653378501.htm?refcode=4019&srccode=401901&preactionid=a7c1140f-c46c-45e5-b867-ab342d8bdc77"
3797,软件测试,青岛-市南区,5000-8000元·13薪,青岛中海潮科技有限公司,"计算机软件,计算机软件",20-99人,未融资,CC565037280J40786652613,岗位职责 1、参与软件产品测试相关工作，搭建测评环境，执行测试并编制相关测试过程文档； 2、负责软件功能测试、性能测试、接口测试、人机交互界面、安全性测试、强度测试等测试； 3、具备独立负责测试项目的能力，掌握质量管理体系要求； 4、熟练掌握基本的软件测试流程和测试方法，可对所有负责项目的基本技术要求进行把关； 5、熟练掌握相关编程语言（C/C++）及相关软件测试工具。 任职要求：  1、统招计算机或相关专业，本科及以上学历； 2、具备1年以上软件测试工作经验； 3、具有军用软件鉴定/第三方测试经验者优先； 4、熟悉GJB141、GB/T25000.51测试标准，熟悉2725A实验室要求者优先； 5、熟练使用Klocwork等静态分析工具，具备代码走查能力者优先。,6月9日,青岛中海潮科技有限公司成立于2017年9月，注册资金1200万元。公司核心团队来自军队相关院校及科研单位，长期从事军事仿真、三维地理信息系统、智慧海洋、智慧城市以及虚拟现实技术的研发和应用，在领域范围内有十余年的技术积累，对于行业技术的应用和发展有独到的见解。中海潮科技以创新为发展动力，以科技为立身之本，以诚实守信为合作基础。公司的主营业务包括：地理信息系统及相关产品的开发；虚拟现实平台软硬件的研发；增强现实技术研发；公司地址：青岛市市南区香港中路18号福泰广场B座1804室。办公电话：0532-86677001微信公众号：青岛中海潮科技网址：www.zhonghaichaotec.com,"https://www.zhaopin.com/jobdetail/CC565037280J40786652613.htm?refcode=4019&srccode=401901&preactionid=a7c1140f-c46c-45e5-b867-ab342d8bdc77"
3798,科研人员,深圳-福田区,9000-13000元,智联猎头,"互联网,人力资源服务",1000-9999人,不需要融资,CCL1318355140J40448412703,工作职责 :,7月26日,智联猎头作为智联招聘旗下品牌，以满足企业中高端岗位的人才招聘需求为出发点，整合全球优质资源，覆盖数字经济、新一代信息技术、人工智能、金融、电子信息、装备制造、生物医药与健康、房地产/建筑等数十个行业，拥有规模庞大、覆盖面广的交付团队，致力于向企业输出专业化的招聘解决方案。智联猎头目前拥有卓聘平台服务、招聘流程外包服务、高端人才猎寻服务三大类核心服务，具备高度定制化能力，能够为不同发展阶段的企业提供一站式招聘解决方案，同时为企业转型升级提供保障，全面增强企业核心竞争力！智联猎头利用自身独特的资源优势、成熟的服务模式，以及多层次的产品，致力于打造高效、专业的一站式人才服务模式，让招聘更加美好！,"https://www.zhaopin.com/jobdetail/CCL1318355140J40448412703.htm?refcode=4019&srccode=401901&preactionid=a7c1140f-c46c-45e5-b867-ab342d8bdc77"
3799,测试工程师,南京-浦口区,1.5-2.5万·13薪,南京世和基因生物技术股份有限公司,"医药制造,学术/科研",1000-9999人,D轮及以上,CC556873920J40694967409,岗位职责: 【世和基因】 - 中国肿瘤精准医学领域的倡行者，2008年创始于加拿大多伦多，致力于高通量测序技术在个体化精准医学领域的研究和临床转化应用。 【信息技术部】 -您会跟随一个经验丰富的团队，接触到各方面的挑战和学习机会，通过前沿技术来满足业务上的需求。同时，您会拥有更多的发展机会，在一个注重沟通与协作、以工作成果为核心的大家庭里实现您的职业梦想。  【岗位职责】  1、负责小程序、APP、PC端等相关项目的功能、自动化、接口测试；  2、参与项目测试设计、编写测试用例并执行，缺陷跟踪，测试问题分析，以及上线质量评估等；  3、跟进系统线上问题，负责日常系统稳定性保障，以及对产品优化提出建议和意见；  4、对现有的测试流程及测试方法提出更优方案；  5、沟通能力良好，有团队协助精神，热爱测试工作者优先。   任职要求: 【岗位要求】  1、计算机相关专业，本科及以上学历，责任心强，能承受较强的工作压力；   2、熟悉互联网产品及项目，有3年以上测试经验；   3、熟练使用测试工具，比如postman、jmeter、fiddler等；   4、具备较强的问题定位和分析能力；   5、熟练掌握SQL语言，会使用较为复杂的查询语句；   6、熟悉接口测试和自动化测试，了解主流自动化测试框架；   7、至少熟悉掌握以下一种语言: javascript、python、java，有测试开发经验者优先；   8、做过稳定性测试、性能测试，有移动app端相关测试经验优先考虑。 【岗位优势】 肿瘤精准医疗板块，行业龙头，业务稳定上升中； IT团队氛围活泼，工作节奏适中，团队稳定，幸福度贼高； 公司注重人才培养，专人导师带教，快速适应；部门月度优秀案例分享，帮助复制成功经验； 技术先进，横向项目制运作模式，鼓励学习并实践行业最新技术； 福利到位，班车接驳，六险一金，食堂、超市、咖啡厅、健身房硬件设施到位；水果、牛奶、零食、礼物、奖金发不停,6月3日,世和基因于2013年由海归科学家团队创立，总部位于南京江北新区，致力于高通量基因测序技术的临床转化应用，主要开展肿瘤精准医疗基因检测，通过明确基因分型指导临床用药选择、提示耐药机制、监测术后复发，同时探索风险人群早筛早诊，为肿瘤精准医疗提供分子诊断服务和产品。世和基因是国家级高新技术企业，同时也是江苏省发改委、科技厅及工信厅三认证的精准医学中心，检测实验室具备CAP/ CLIA/ ISO15189资质。目前，世和基因已累计检测肿瘤样本数十万例。 2018年，世和基因自主研发的益胜康™“EGFR/ ALK/ ROS1/ BRAF/ KRAS/ HER2基因突变检测试剂盒（可逆末端终止测序法）”通过NMPA创新医疗器械审批上市，系国内同期首批获准上市的肿瘤伴随诊断高通量基因检测产品之一，并获2020年度江苏省科学技术二等奖（肺癌精准医学高通量测序检测技术的创新与产业化）。2023年，公司自主研发的世和一号®非小细胞肺癌组织TMB检测试剂盒（可逆末端终止测序法）通过NMPA创新医疗器械审批上市，是国内肿瘤基因检测行业的首个NGS大Panel体外诊断产品。,"https://www.zhaopin.com/jobdetail/CC556873920J40694967409.htm?refcode=4019&srccode=401901&preactionid=a7c1140f-c46c-45e5-b867-ab342d8bdc77"
3800,技术支持工程师,台州-椒江区,8000-16000元,青岛安然物联网科技有限公司,"物联网,物联网",20-99人,未融资,CC559764920J40884194704,岗位职责： 1. 负责石化、化工厂人员定位系统的现场实施、现场交付和技术赋能等工作。 2. 对接客户需求，进行需求调研，制定详细的施工方案和计划。 3. 确保项目按照既定的时间节点和质量要求完成交付。 4. 对已交付的项目进行后期技术支持与维护。 岗位要求： 1. 年龄在25-35岁之间。 2. 能够适应经常出差的工作要求。 3. 熟悉信息化、弱电及工业互联网相关技术。 4. 具备良好的沟通协调能力和问题解决能力。,7月24日,基于精准人员定位的工业安全生产信息化管理专家，安全生产信息化管理引领者！作为全国实时定位技术标准工作组成员和应急管理部“工业互联网+危化安全生产”人员定位系统技术支持机构，安然从2012年起致力于基于ZigBee Plus三维立体按需精准定位的“工业互联网+安全生产”的研究，获得了20多项安全智能管控系统发明专利和著作权，持续引领中国化工行业生产现场智慧安全！安然以“准、稳、狠”的ZigBee Plus三维立体按需精准人员定位统和“底数清、数据准、情况明、研判准、措施实”的安全生产信息化平台为核心，整合访客管理、出入口控制、人脸识别、视频监控、语音广播、重大危险源监控、可燃有毒气体监测等系统，对生产现场人、机、料、法、环五大要素进行实时、动态、智能管控和预警，规范人的安全行为，保障人的生命安全，有效防范风险、主动化解风险，实现智慧安全。安然“以用为本”，把安全生产信息化建设与公司管理体系“深度融合”，把安全生产信息化建设与日常工作“紧密结合”，对安全生产切实“有用、实用、好用”，避免建用“两张皮”，让安全管控更智能，让生产更高效才实用。迄今已服务中石化、中石油、延长石油、国能、兖矿、京能、索普、新安、奇美、昊源、潞安、旭阳、垦利、逸盛、海科、酒钢、金发等几百家石化、化工、选煤、钢铁、电厂企业。安然以客户为中心，以强者为本，抬头乐干，愿意与同道中人联合、链接，携手共建、共用、共享生产安全命运共同体，一起干，一起干，让优秀企业更安全，让优秀企业更高效！,"https://www.zhaopin.com/jobdetail/CC559764920J40884194704.htm?refcode=4019&srccode=401901&preactionid=a7c1140f-c46c-45e5-b867-ab342d8bdc77"
3801,硬件测试,成都-成华区,7000-11000元,重庆科满福人力资源服务有限公司,企业服务,20-99人,,CCL1487604860J40928918404,【岗位职责】 ： 1、进行新产品研发阶段的测试工作 2、完成新产品的功能测试、可靠性测试、环境测 试、安全测试等技术工作 3、制定测试计划，设计测试用例，分析测试数 据，编制测试报告 4、为其他部门提供技术支持，与其他部门的产品 联合测试工作,7月15日,,"https://www.zhaopin.com/jobdetail/CCL1487604860J40928918404.htm?refcode=4019&srccode=401901&preactionid=a7c1140f-c46c-45e5-b867-ab342d8bdc77"
3802,科研人员,赤峰-元宝山区,3000-5000元,赤峰和润农业高新科技产业开发有限公司,"农/林/牧/渔,农/林/牧/渔",100-299人,未融资,CC200778780J40297611010,1．参与科研项目辅助研究；,7月27日,赤峰和润农业高新科技产业开发有限公司成立于2008年，是以提供优质种子、种苗，新成果、新品种试验示范推广，研发、孵化、带动，农资、农技服务，农产品加工、流通，现代农业示范、展示、观光为主的高新技术企业。公司是内蒙古赤峰国家农业科技园区核心区、全国休闲农业与乡村旅游示范点、全国设施农业装备与技术示范单位、国家级科技特派员创业基地、国家知识产权优势企业、内蒙古自治区农牧业产业化重点龙头企业和内蒙古自治区扶贫龙头企业。公司占地面积1070亩，建成各类棚室及附属设施26万平方米，年育苗能力达2.5亿株。公司大力发展现代农业产业，筛选推广汉姆系列番茄等优良品种40个，取得专利21项，制定内蒙古自治区地方标准7项，通过信息平台、技术培训、现场观摩等多种形式为广大农户提供农资、农技服务，辐射带动赤峰市及周边地区设施农业面积30余万亩，创造了良好的经济效益和社会效益。在大力发展现代农业的同时，公司积极推动一二三产融合发展，将农业生产与高新科技示范展示、科普教育、农事体验及休闲观光等多种功能相结合，打造“北方现代农业生态休闲综合体”，促进产业集聚，连续举办两届“赤峰和润农业嘉年华”，累计接待游客50多万人次，带动就业2000余人，为发展乡村休闲观光及吸纳就业发挥了积极的促进作用。依托公司在种苗产业的发展优势，赤峰市元宝山区正在建设年育苗能力10亿株的中国·北方元宝山国际种苗特色小镇，规划面积3.04平方公里，预计投资17.7亿元，当前，种苗特色小镇一期项目已完工工程正式投产。随着其余棚室及相关配套附属设施的紧张建设，中国·北方元宝山国际种苗特色小镇项目全部达产后，将实现年产各类蔬菜种苗10亿株，可直接安排就业1万余人，间接带动三产等就业3万余人，带动1500户以上贫困户脱贫致富，将为进一步引领带动赤峰市设施农业产业发展升级、乡村振兴、脱贫攻坚提供强大助力。,"https://www.zhaopin.com/jobdetail/CC200778780J40297611010.htm?refcode=4019&srccode=401901&preactionid=a7c1140f-c46c-45e5-b867-ab342d8bdc77"
3803,Java,大连-甘井子区,8000-10000元·13薪,索尼信息系统(中国)有限公司,"IT服务,计算机软件,计算机硬件,企业服务",300-499人,未融资,CC335823510J40861750615,Responsibility： 1、负责日常开发及系统的概要设计；,7月25日,"索尼集团一直致力于通过多元化和不同观点去创造更好的企业价值，践行更佳的社会责任。我们努力维护一个远离歧视与骚扰的、安全、健康并能充分发挥个人潜力的工作环境。索尼尊重并培育包容性和人才多元化，提供平等工作机会，不因民族、国籍、宗教、残障、性别、年龄等因素而差别对待。索尼信息系统（中国）有限公司于2016年4月1日开始正式运营,其前身索尼信息系统（大连）有限公司于2010年4月在大连正式成立，为索尼集团（包括日本、亚太地区）提供信息化领域支持，业务范围为索尼集团内部系统离岸的开发及维护，代表系统有生产管理系统、财务系统、人事系统等。同时，公司还同全球各大生产厂商及IT知名公司有着广泛和密切的合作。在系统解决方案及应用软件的开发过程中，结合多年来成功的生产管理文化、跨国营销理念，为各个领域的人才提供了一个极大的自由发展空间。为实现索尼全球IT共享服务，削减IT相关费用；通过集约管理IT关联公司；实现全球化人才配置及调动计划，培养核心优秀人才，自2016年4月起，公司将更名为索尼信息系统（中国）有限公司。大连将作为公司总部，并在北京及上海设立分公司，公司的业务也增加网络应用及服务等业务内容，同时进行各种信息系统的维护及开发（ERP系统、生产管理、销售售后服务、本社功能系统、商品设计等），并为索尼集团提供软件项目外包服务和BPO业务支持。","https://www.zhaopin.com/jobdetail/CC335823510J40861750615.htm?refcode=4019&srccode=401901&preactionid=a7c1140f-c46c-45e5-b867-ab342d8bdc77"
3804,技术支持工程师,武汉-洪山区,1-2万,北京大橡医学检验实验室有限公司,"生物工程,生物工程,医疗设备/器械,医疗检测",20-99人,B轮,CCL1367281420J40759004801,职责描述： 1、协作销售人员在销售过程中的技术支持工作； 2、完成面向客户的售前产品展示、推广，及售后的技术支持； 3、负责产品问题的跟踪、反馈、投诉解决及相关问题的处理； 4、对服务过程中的问题进行归纳总结，完善问题解决方案； 5、收集产品改进建议，整理并提交市场和技术部门，提升用户体验感； 6、收集竞品信息，并分析比较不同产品优缺点，撰写比较报告，为市场及研发相关部门决策提供数据支持； 7、完成部门上级领导交办的其他相关事务。 任职要求： 1、生物、医药、芯片工程等专业硕士学历，或双一流本科并具有2年以上实验设计经验； 2、具备极强的学习能力，能快速学习和理解前沿技术，善于思考，能主动寻求问题答案。 3、具备出色的沟通能力，能够引导客户沟通方向，以及高效完成对内沟通。 4、具有3D细胞培养或器官芯片经验优先，具有CRO经验优先，具有Project leader、study director或business development经验优先。,7月25日,"北京大橡科技有限公司（Beijing Daxiang Biotech Co., Ltd）是中国领先的研发和生产人体类器官芯片的高科技公司，并致力于推动和引领类器官芯片在新药研发、疾病建模和个体化精准医疗等领域的广泛应用。公司创始团队来自北京大学，期望提供更精准、更高效、更经济的药物研发解决方案和创新、仿生的临床精准用药标准化平台，推动人类健康事业发展。","https://www.zhaopin.com/jobdetail/CCL1367281420J40759004801.htm?refcode=4019&srccode=401901&preactionid=a7c1140f-c46c-45e5-b867-ab342d8bdc77"
3805,技术支持工程师,烟台-莱山区,7000-11000元,杰瑞集团,"石油/石化,环保",1000-9999人,已上市,CC212499610J40816551403,岗位职责:,7月23日,烟台杰瑞石油服务集团股份有限公司（简称“杰瑞股份”），是一家全球化运营的上市公司，在油气、环保等领域为客户提供有竞争力、安全可信赖的产品、服务与系统解决方案，同时也在市政环卫、消杀设备等新兴领域探索实践。集团旗下一级控股公司有19家，全球7大制造基地4315亩，在六大洲50多个城市设立全球分支机构和办事处，业务遍及70多个国家和地区，超过5600名优秀员工。杰瑞股份是行业内首家被授予国家级工业设计中心认证的企业，连续多年获得福布斯中国最具潜力、亚洲最佳上市公司等荣誉，并先后获评中国油田行业最具影响力企业、中国能源装备十佳民营企业等称号。,"https://www.zhaopin.com/jobdetail/CC212499610J40816551403.htm?refcode=4019&srccode=401901&preactionid=a7c1140f-c46c-45e5-b867-ab342d8bdc77"
3806,Java,深圳-龙岗区,1.3-2.6万·14薪,外企德科数字技术有限公司,专业技术服务,10000人以上,,CCL1480117890J40612200305,1、承担系统模块级的软件代码编写，单元测试，静态检查，本地构建等工作； 1、熟练掌握汇编/C/C++、java、ptyhon等一种主流开发语言优先，对CPU、操作系统、Linux驱动有一定的了解，有AI、并行化、嵌入式软件开发经验者优先；,2025-07-27 00:23:23,外企德科数字技术有限公司是一家2023年新成立的中外合资企业。成立于2023年11月24日，公司定位：专注于为信息技术企业提供人才及数字技术外包解决方案的中外合资企业。它是由中国人力资源服务行业的FESCO（北京国际人力资本集团）与全球人力资源服务领导者The Adecco Group（德科集团）合资成立的。公司主要提供网络技术服务、软件外包服务、计算机系统服务、技术进出口、软件开发等信息技术相关服务。专注于为信息技术企业提供信息技术类人才及数字技术外包解决方案。,"https://www.zhaopin.com/jobdetail/CCL1480117890J40612200305.htm?refcode=4019&srccode=401901&preactionid=a7c1140f-c46c-45e5-b867-ab342d8bdc77"
3807,硬件测试,苏州-张家港市,7000-10000元,重庆科满福人力资源服务有限公司,企业服务,20-99人,,CCL1487604860J40922120704,岗位职责】 ： 1、进行新产品研发阶段的测试工作 2、完成新产品的功能测试、可靠性测试、环境测 试、安全测试等技术工作 3、制定测试计划，设计测试用例，分析测试数 据，编制测试报告 4、为其他部门提供技术支持，与其他部门的产品 联合测试工作 ,6月30日,,"https://www.zhaopin.com/jobdetail/CCL1487604860J40922120704.htm?refcode=4019&srccode=401901&preactionid=a7c1140f-c46c-45e5-b867-ab342d8bdc77"
3808,软件测试,东莞-None,1-1.5万,软通动力信息技术(集团)股份有限公司,"互联网,IT服务,计算机软件",10000人以上,D轮及以上,CC000544460J40590170916,测试要求:  1、本科计算机相关专业，2年以上工作经验，最近1年之前有1年的手工执行经验;  2、有手机/平板终端测试经验优先，有APP测试经验优先，会web测试可加分;  3、办公地点:华为松木岭     ,7月2日,软通动力信息技术（集团）股份有限公司（以下简称“软通动力”）是中国数字技术产品和服务创新领导企业，致力于成为一家具有全球影响力的科技企业，企业数字化转型可信赖合作伙伴。公司2005年成立于北京，多年来始终坚持科技创新，具有软硬全栈的智能技术产品和服务能力，提供软件与数字技术服务、计算产品与数字基础设施、数字能源与智算服务以及国际化服务。目前，公司在10余个重要行业服务超过1100家国内外客户，其中超过230家客户为世界500强或中国500强企业，员工近90000人。软通动力拥有软通咨询、软通金科、软通工业互联、机械革命、软通华方等业务子品牌，并在全球40余个城市布局业务，构建北美、日本、东南亚、中东四大国际交付中心，在北京城市副中心、江苏无锡建设两大智能制造基地。同时，公司前瞻布局智能制造、ICT软硬基础能力和生产力智能化产品，打造产业链闭环。软通动力设立30个能力中心，拥有1个国家级工程实验室，6个省市政府认定的工程、技术实验室及研发中心，1个博士后科研工作站，50+技术合作伙伴的生态合作体系，不断探索前沿技术的巨大商业应用潜力。公司旗下教育品牌软通教育，拥有一家全日制本科学院——郑州西亚斯学院数字技术产业学院；同时在全国合作院校600多所，设有70多个校企联合人才培养基地，通过校企合作、协同育人，为社会培养高素质应用型人才。软通动力先后获得“2023年中国IT服务市场排名TOP 1”、“2024年Q4 PC出货量国内市场份额排名TOP 2”、“2024年中国软件和信息技术服务竞争力百强企业”、“2023年中国信创企业100强”、“2024万得ESG评级（Wind ESG Rating）AA级及信息技术服务行业ESG综合得分排名第一”等荣誉及市场认可，并拥有全球软件工程领域最高级别CMMI V2.0成熟度5级评估认证、国家研发运营一体化（DevOps）三级能力成熟度模型认证、信息技术服务标准（ITSS）运维能力成熟度一级认证等专业资质，支撑公司更优质的服务体系。,"https://www.zhaopin.com/jobdetail/CC000544460J40590170916.htm?refcode=4019&srccode=401901&preactionid=a7c1140f-c46c-45e5-b867-ab342d8bdc77"
3809,科研人员,广州-黄埔区,2.5-3万,广州国机密封科技有限公司,橡胶和塑料制品,500-999人,,CC848207000J40839524315,岗位职责：1.调研密封技术发展方向、前沿技术需求，结合公司发展战略确定研究项目；,7月8日,广州国机密封科技有限公司（简称国机密封），是世界500强大型央企中国机械工业集团有限公司（简称国机集团）下属的密封产业平台。国机密封的前身广州机械科学研究院作为国家首批创新型企业，从行业的技术归口单位逐步成长为集研发、生产、销售于一体的创新技术型企业，积极承担“振兴国家橡塑密封等机械基础功能件核心技术”的责任，已建立起国内目前最完整的密封产品线，产品被广泛应用于国计民生的重要行业和战略新兴行业，是高端设备和重大装备核心部件的供应商。国机密封作为国家橡塑密封工程技术研究中心的依托单位，处于国家战略新兴行业技术领先和市场主导地位，立志成为“中国高端密封的行业领跑者”。,"https://www.zhaopin.com/jobdetail/CC848207000J40839524315.htm?refcode=4019&srccode=401901&preactionid=a7c1140f-c46c-45e5-b867-ab342d8bdc77"
3810,Java,杭州-滨江区,1.6-3万,外企德科数字技术有限公司,专业技术服务,10000人以上,,CCL1480117890J40666921605,岗位要求： 1、计算机、软件、通信、信息等相关专业本科及以上学历； 2、热爱编程，基础扎实，熟悉掌握但不限于JAVA/C++/C/Python/JS/GO等编程语言中的一种或数种，有良好的编程习惯； 3、具备独立工作能力和解决问题的能力、善于沟通，乐于合作，热衷新技术，善于总结分享，喜欢动手实践； 4、对数据结构、算法有一定了解。 5、优选条件： （1）熟悉网络通信基础、TCP/IP协议原理； （2）具备通信行业从业经验优先。 工作职责： 1、研发工程能力相关工具及解决方案开发； 2、负责研发工具需求模块设计、接口设计、代码开发、测试用例开发及验证； 3、支撑工具应用推广及部门应用。,2025-07-27 00:23:24,外企德科数字技术有限公司是一家2023年新成立的中外合资企业。成立于2023年11月24日，公司定位：专注于为信息技术企业提供人才及数字技术外包解决方案的中外合资企业。它是由中国人力资源服务行业的FESCO（北京国际人力资本集团）与全球人力资源服务领导者The Adecco Group（德科集团）合资成立的。公司主要提供网络技术服务、软件外包服务、计算机系统服务、技术进出口、软件开发等信息技术相关服务。专注于为信息技术企业提供信息技术类人才及数字技术外包解决方案。,"https://www.zhaopin.com/jobdetail/CCL1480117890J40666921605.htm?refcode=4019&srccode=401901&preactionid=a7c1140f-c46c-45e5-b867-ab342d8bdc77"
3811,Java,深圳-龙岗区,1.5-3万·14薪,外企德科数字技术有限公司,专业技术服务,10000人以上,,CCL1480117890J40741489905,工作职责: 1、根据需求进行软件的概要设计和详细设计，学习和使用设计模式; 2、完成代码开发、单元测试、系统测试，掌握代码编写技术和测试技术; 3、完成从需求到设计、再到开发和上线等项目周期中端到端的各个环节。  岗位要求:   1、熟练掌握java/C++/Js/python/C等任意一种主流开发语言;   2、熟练掌握常用的软件架构模式，并能熟练使用基本的编程编译工具;   3、熟悉linux常用命令及开发环境，能用shell脚本实现简单功能;   4、良好的编码习惯、沟通协作能力和学习能力;   5、思维缜密，逻辑性强，具有挑战精神和前瞻性，良好的团队协作精神。,2025-07-27 00:23:30,外企德科数字技术有限公司是一家2023年新成立的中外合资企业。成立于2023年11月24日，公司定位：专注于为信息技术企业提供人才及数字技术外包解决方案的中外合资企业。它是由中国人力资源服务行业的FESCO（北京国际人力资本集团）与全球人力资源服务领导者The Adecco Group（德科集团）合资成立的。公司主要提供网络技术服务、软件外包服务、计算机系统服务、技术进出口、软件开发等信息技术相关服务。专注于为信息技术企业提供信息技术类人才及数字技术外包解决方案。,"https://www.zhaopin.com/jobdetail/CCL1480117890J40741489905.htm?refcode=4019&srccode=401901&preactionid=a7c1140f-c46c-45e5-b867-ab342d8bdc77"
3812,测试工程师,北京-海淀区,2.5-5万,字节跳动,互联网,10000人以上,,CC469217510J40653167401,岗位职责： 1、公司战略团队，旨在打造字节跳动特色的本地生活服务商业化生态，负责生活服务商家平台方向质量保障工作，包括商家/商品等服务端测试； 2、参与项目需求、技术评审，根据需求设计、评审、执行测试用例，把控项目质量； 3、分析业务系统质量问题，制定质量保障方案， 并落地实施； 4、提升组内的质量 、效率；在稳定性、研发-测试效率、安全能力等方向建设； 5、新技术研究和应用，并推动适合的技术应用于生产。 任职要求： 1、本科及以上学历，计算机相关专业，3年及以上服务端测试开发经验； 2、精通 Python/Javascript/Go 中的一种或者多种语言；熟悉各种基本的中间件，Redis、RocketMQ，Kafka 等； 3、熟悉各种服务端测试方法， 比如性能压测、接口、监控配置、数据质量保障等； 4、具备定义、解决复杂问题的能力，良好的沟通及项目管理、质量把控能力； 5、加分项：具备本地生活服务/电商测试开发相关经验。,7月11日,"字节跳动成立于2012年3月，公司使命为“Inspire Creativity, Enrich Life（激发创造，丰富生活）”。公司业务覆盖150个国家和地区，拥有15万名员工。字节跳动在全球推出了多款有影响力的产品，包括今日头条、抖音、西瓜视频、飞书、Lark、PICO、剪映、TikTok等。截至2021年6月，字节跳动旗下产品全球月活跃用户数超过19亿。","https://www.zhaopin.com/jobdetail/CC469217510J40653167401.htm?refcode=4019&srccode=401901&preactionid=a7c1140f-c46c-45e5-b867-ab342d8bdc77"
3813,C/C++,成都-金牛区,100-200元/天,榕芯科技(成都)有限公司,"电子/半导体/集成电路,计算机软件",20-99人,天使轮,CCL1446729950J40608735409,岗位职责: 1.掌握C++语言，能使用QT编程工具； 2.掌握C/C++编程语言，熟悉面向对象的编程思想，具备扎实的计算机、数据结构、算法等基础，熟悉常见的设计模式； 3.参与相关产品软件需求及方案开发； 4.参与相关产品软件设计及产品软件开发； 5.参与需求分析，架构设计，模块划分，软件编码以及功能测试等工作； 6.编写详细设计等技术类文档； 7.其它临时性的研发支持工作。 任职要求: 1.本科及以上学历，电子、通信、计算机、数学、物理类专业优先； 2.服从管理，学习能力强，态度积极，愿意在学中探索进步，不断完成个人挑战； 3.有较强的责任心、沟通能力、团队协作能力，具备一定的抗压能力; 4.每周实习时间不少于4天，至少6个月的实习时间。,7月3日,榕芯科技（成都）有限公司成立于2020年3月，公司立足于服务军工企业和部队，积极引进社会优质资源和高素质人才，以关键核心技术和垂直整合能力为公司立足根底，以科技创新为公司发展引擎，努力成为推动行业发展的高科技企业。研发团队：公司研发团队的核心成员来自业内知名军工院所，深耕微电子系统仿真和硬件研发领域20余年，具备从系统架构设计到实施的全过程能力，并且具备从底层到应用的垂直整合能力和经验，旨在打造从芯片到系统的一站式数字化仿真平台和微电子系统硬件产品。业务范围：公司以微电子系统领域为切入点，目标成为微系统核心产品和设计工具供应商，软件方面：微电子系统仿真设计软件，实现多层级、多专业协同仿真设计。硬件方面：射频模块组件产品（变频组件、收发组件、功放等），系统级产品。市场情况：目前获得国内头部投资机构数千万级融资，发展前景光明；与中科院、航空、航天和中电等相关军工科研院所已形成长期合作。,"https://www.zhaopin.com/jobdetail/CCL1446729950J40608735409.htm?refcode=4019&srccode=401901&preactionid=a7c1140f-c46c-45e5-b867-ab342d8bdc77"
3814,技术支持工程师,上海-闵行区,8000-13000元·13薪,深圳市达科为生物技术股份有限公司,"医药制造,医疗设备/器械,卫生服务",500-999人,未融资,CC544534220J40575406106,工作职责 1、为客户提供仪器的安装、调试与升级工作，同时对客户进行免疫组化染色培训； 2、负责及时响应处理产品技术问题，并及时提供处理方案，提升用户满意度； 3、定期拜访、回访客户，收集客户对产品的一线反馈内容与市场竞品信息； 4、配合销售撰写招投标参数报告，及产品应用场景和用途； 5、对销售、渠道商工程师及驻点技术员提供技术培训与支持； 6、配合销售、市场同事参与大型展会与学术会议的推广。 任职资格 1、本科含以上学历，生物医疗相关专业，病理学或免疫学专业优先。具备基础的组织学、病理诊断学知识； 2、熟悉免疫组化产品的原理及应用，有免疫组化技术支持、临床应用或病理研发工作等相关职业经验； 3、能适应高强度出差； 4、具有良好的沟通、表达能力。,7月29日,"深圳市达科为生物技术股份有限公司（Dakewe Biotech Co., Ltd.）创立于1999年，经过二十多年的快速发展，现已形成以深圳为总部，在北京、上海、广州、成都、武汉、香港等十余城市设有分支机构的集团性企业。员工有850多人，其中约90%的人员拥有大学及以上的学历。公司始终贯彻“至臻品质，至善服务”的经营理念，是生命科学研究服务和病理诊断领域的专业服务商，从事生命科学研究服务领域科研试剂及仪器的代理销售、科研试剂的自主研发、生产及销售，以及诊断领域设备和试剂的研发、生产及销售。在生命科学科研试剂、仪器等领域，主要提供科研试剂及科研仪器，为广大科研工作者创造一流的科研成果提供了强有力的产品及技术支持。经过二十多年的发展，公司在生命科学研究服务领域以代理业务为基础，不断深入自有产品的研发与销售，形成了以代理品牌为主要业务基础、自有产品快速发展的商业模式，整合了 BioLegend、PeproTech、InvivoGen、 LGC、Mabtech、Mirus，Nexcelom、EliteCell、U-CyTech等100多家国际生物技术品牌，为免疫学、细胞生物学、分子生物学等基础科研客户和工业客户提供科研试剂产品及相关服务，逐步形成了涵盖国际技术产品引入、仓储物流控制、售前售后技术支持、客户需求快速响应等全面专业的科研试剂综合服务能力。同时，公司在代理业务的基础上，通过不断深入地研发，快速发展自主品牌产品，通过自主研发掌握了细胞因子定量检测技术、细胞分离培养技术、普通组织化学及免疫组织化学试剂开发质控技术、流式抗体筛选质控技术等一系列核心技术，并创立了试剂品牌“达优”和“Biosci”，先后开发了ELISA试剂盒、ELISPOT试剂盒、细胞分离液、各类培养基、分子生物学产品、临床流式抗体等产品线，涵盖免疫学，细胞生物学和分子生物学以及临床诊断等研究领域，与代理产品共同组成专业完整的客户服务解决方案。在病理诊断领域，公司主要为医院病理科室及第三方检测机构等客户提供自主研发及生产的病理诊断设备、病理诊断试剂等产品。凭借在生命科学研究服务领域多年的行业深耕和技术积累，通过自主研发掌握了染色机、封片机、冷冻切片机、脱水机等核心产品的关键技术，并形成了自主设备品牌“达科为”。公司从 2013年开始自主研发病理诊断设备产品，公司的病理诊断设备由单一产品拓展到多产品线，逐步覆盖组织病理的主要实验流程。公司的病理诊断设备产品包括染色机、封片机、冷冻切片机、脱水机等，涵盖病理诊断中组织脱水、切片、染色等关键流程。在病理诊断设备的基础上，公司同时为客户提供病理诊断试剂及耗材。公司的病理诊断设备已经在美国、加拿大、德国、法国、意大利等多个国家及地区实现销售。同时达科为集团全资子公司先后被认定为“深圳市高新技术企业”、“深圳市民营科技企业”和“深圳市南山区科技孵化企业”、“国家高新技术企业”、“专精特新小巨人企业”等，主要研发项目受到国家科技部、深圳市科技局和南山区科技局的大力扶持和资助。未来，达科为人将继续秉承“善思敏行，携责共进”的工作精神，坚持“至臻品质，至善服务”的经营理念，以发展生物科技，服务人类健康为发展使命，共同为人类的健康事业贡献自己的力量！","https://www.zhaopin.com/jobdetail/CC544534220J40575406106.htm?refcode=4019&srccode=401901&preactionid=a7c1140f-c46c-45e5-b867-ab342d8bdc77"
3815,Java,北京-东城区,8000-13000元,首都信息发展股份有限公司,"互联网,计算机软件,IT服务",1000-9999人,已上市,CC000103760J40774861407,"岗位职责： 1、负责按项目要求和开发规范进行系统架构、模块设计、编码工作，具有良好的软件开发工作习惯； 2、负责完成所编码模块的单元测试。对模块接口、局部数据处理、路径、错误处理、边界等进行有效的自测，确保消除其逻辑及功能缺陷和错误； 3、配合测试人员调整测试过程中的Bug。    任职条件： 1、本科及以上学历，计算机相关专业，有Java 后端开发实习经历优先； 2、精通Java 编程，熟悉 Java 设计原则、设计模式，有互联网应用开发经验； 3、熟悉WEB应用项目开发，了解Spring Boot等常见Java框架，了解主流微服务架构体系； 4、熟练使用mybatis,Herbernate等持久层框架； 5、熟悉常用应用服务器产品，如Tomcat等；  6、熟悉oracle、mysql等数据库，并有数据库建模经验，对SQL有一定的调优经验的优先； 7、熟悉主流应用中间件、消息中间件、缓存和容器化技术，例如 Dubbo、RabbitMQ、Redis、Memcached、Zookeeper、Apache Druid等；  8、具有良好的团队合作精神和沟通能力；工作踏实、细致，有一定的抗压能力。 注：本岗位为2025年应届生岗位，社招人员请勿投递。",7月24日,首都信息发展股份有限公司（简称：首都信息）成立于1998年1月，围绕首都信息化及数字北京基础设施建设开展工作。2011年1月21日，公司转香港联交所主板上市，股票代码1075。在抗击非典、北京奥运、国庆阅兵、APEC峰会等重大突发事件和社保卡系统、医疗保险信息系统、住房公积金系统、空气质量监控系统、社区服务信息系统等民生服务中，“首都信息”更是树立了“客户服务为先，经济效益为本”与时俱进的新国企形象！“首都信息”立足北京，面向全国，把握京津冀一体化、城市副中心、冬奥会建设契机，紧跟云计算、物联网、大数据、移动互联等技术发展趋势，深耕“互联网+政务”、智慧医疗健康、企业智慧创新等业务领域，致力于成为“领先的智慧城市运营服务商”和全面实现“创新IT服务，让城市更智慧，让生活更便捷”的企业使命！,"https://www.zhaopin.com/jobdetail/CC000103760J40774861407.htm?refcode=4019&srccode=401901&preactionid=a7c1140f-c46c-45e5-b867-ab342d8bdc77"
3816,测试工程师,哈尔滨-南岗区,1-1.2万·13薪,青岛瑞晟元人力资源有限公司,人力资源服务,20人以下,不需要融资,CCL1431271280J40777974107,岗位职责： 1. 负责软件的功能测试。 2. 执行测试用例，报告缺陷并跟踪缺陷的修复。 3. 与开发团队协作，确保软件质量满足需求。 4. 参与软件测试流程的优化和改进。 岗位要求： 1. 熟悉软件测试理论、方法和流程。 2. 具备功能测试经验。 3. 了解运维工程师、网络工程师的工作内容，能进行基本的IT质量管理。 4. 有信息技术、标准化、电子或电路工程相关背景者优先。 薪资待遇：包住、六险一金、工龄工资、生日礼金、定期体检、带薪年假、绩效奖、项目奖、年终奖.,2025年07月29日,,"https://www.zhaopin.com/jobdetail/CCL1431271280J40777974107.htm?refcode=4019&srccode=401901&preactionid=a7c1140f-c46c-45e5-b867-ab342d8bdc77"
3817,科研人员,三亚-崖州区,1.2-2万,三亚科城教育有限公司,培训/辅导服务,20-99人,,CCL1354092310J40775586612,岗位职责: 1.做好实验室日常服务保障、接待及宣传工作； 2.做好实验室科研项目管理工作； 3.做好实验室相关文字工作； 4.协助做好实验室的各类科研平台的日常管理服务； 5.做好实验室安排的其他工作。   任职要求: 1.具有出色的英语听说读写译能力，可熟练使用英语独立开展工作； 2.具有国际视野，熟悉国际计划和项目管理，能够以CSK-2计划目标为导向开展项目成果分析，撰写报告，形成具体工作建议，促进计划实施，具有国际组织或国际计划工作经验者优先； 3.具备较强的组织协调能力、沟通表达能力、团队合作意识和开拓创新精神，能够适应经常性出差和高强度工作； 4.在国外学习或工作3年（含）以上者优先。,7月25日,,"https://www.zhaopin.com/jobdetail/CCL1354092310J40775586612.htm?refcode=4019&srccode=401901&preactionid=a7c1140f-c46c-45e5-b867-ab342d8bdc77"
3818,实施工程师,西安-未央区,6000-9000元,陕西伊索禹创科技有限公司,互联网,300-499人,C轮,CCL1495085610J40799450613,岗位职责  1、负责软件实施交付工作，包括安装、部署、调试和客户培训等；   2、负责与用户交流并收集用户需求、编写需求文档;   4、处理项目实施过程中的客户协调工作和维护客户关系;   5、编写、修订相关文档，并提出项目实施改进计划。,7月14日,本公司主要包括云计算解决方案和网络安全解决方案，目前办公场地有5个地方，总面积超过3000平米。涉及用户有医院、高校、区政府、银行、军工、外企等多个行业、以及多个国内主流云厂商的合作。公司多次荣获各用户“最佳合作用户”称号，成为军工、教育等的核心合作伙伴‌。秉承“以客户为中心，坚持一次将事情做对”的理念，致力于成为行业内的服务标杆，实现员工和公司的共同价值。,"https://www.zhaopin.com/jobdetail/CCL1495085610J40799450613.htm?refcode=4019&srccode=401901&preactionid=a7c1140f-c46c-45e5-b867-ab342d8bdc77"
3819,实施工程师,合肥-蜀山区,4000-8000元,合肥汉和智能物流科技有限公司,"计算机软件,互联网,货运/物流/仓储",20-99人,,CC408235930J40693576811,岗位职责： 1）了解用户需求调研并能正确理解及综合分析； 2）根据客户需求，结合软件功能，设计软件功能方案，进行软件功能的二次开发、功能调整、功能测试； 3）AGV、输送线等设备信号调试； 4）进行最终用户培训、操作手册编制、指导客户信息化系统上线； 5）解决客户问题，直至实施项目成功交付。 任职资格： 1）熟练掌握SQL数据库管理，熟悉数据查询分析语言、计算机网络，对企业信息化软件实施有浓厚热情； 2）较强的学习能力、优秀的沟通表达能力、协调推进能力、缜密的分析总结能力，能够承受一定的工作压力，心态良好，具备良好的团队意识；    有过java或者其他语言开发经历优先；   有WMS软件项目实施经验者优先 。    211学历优先 职位福利：五险一金、全勤奖、餐补、年底双薪、加班补助、节日福利、绩效奖金   ,2月7日,合肥汉和智能物流科技有限公司是智能物流系统集成商和物流软件产品提供商。公司主要提供仓储及工厂内部综合物流解决方案，软件设计开发，软硬件设备集成，安装服务及物流数据挖掘等。公司与杭叉集团、东风商用车、骆驼集团等国内著名企业进行深度业务合作，自主研发了ERP、AUTOBOM、EPART、WMS、MES、WCS等软件产品，已拥有8项软件著作权。公司配合杭叉集团与国际顶级AGV控制技术提供商——瑞典NDC公司进行技术合作，在消化、吸收NDC公司AGV控制、调度技术的基础上，提供了AGV在产线、仓储应用领域的整体解决方案，实现其与上、下游软硬件系统的无缝集成。公司在汽车整车、汽车零部件、橡胶轮胎、锂电池、电商等行业有深入、持久的应用。合肥汉和智能物流科技有限公司的前身是2007年成立的合肥汉和信息技术有限公司。2016年，杭叉集团有限公司与汉和信息共同组建了合肥汉和智能物流科技有限公司。公司拥有一支年轻上进、专业高效、朝气蓬勃的团队，秉承开放创新、务实求效、合作共赢的理念，欢迎有理想、有目标、踏实肯干的专业人才加入我们的队伍，共同奋斗、一起成长！,"https://www.zhaopin.com/jobdetail/CC408235930J40693576811.htm?refcode=4019&srccode=401901&preactionid=a7c1140f-c46c-45e5-b867-ab342d8bdc77"
3820,科研人员,青岛-崂山区,3-4万,致真精密仪器(青岛)有限公司,"仪器仪表制造,电子/半导体/集成电路",100-299人,A轮,CC892065920J40722177601,职位描述： 1、基于北航－致真集成电路装备联合实验室的实验条件，开展AI for Science、AI for Instruments、AI for Lab方向的研究； 2、开展仪器设备互联，设计用户交互方式等，结合大模型等AI手段进行数据挖掘，仪器智能化升级等工作，实现AI在仪器科学领域的落地示范应用； 3、组织/协助团队申报科研项目，开展项目研究，持续发展AI在仪器和智能实验室领域的应用； 4、与北航相关学科性公司合作，推动研究成果转化和产业应用。 能力要求： 1、AI、计算机、应用物理、仪器科学、材料科学等相关领域博士学位。 2、熟悉AI应用或者科研仪器的运行原理及典型应用场景。 3、对AI技术有浓厚兴趣，能够提出创新性解决方案。 4、在AI相关产品开发或应用领域有成功案例者优先。,4月9日,致真精密仪器有限公司以集成电路/半导体/芯片产线测试设备、高端科研仪器研发为主要业务的高科技公司（已获批瞪羚企业，国家高新技术企业，国家专精特新小巨人企业）。公司瞄准国家在高端仪器设备方面的战略定位，面向蓬勃发展的集成电路产业/微纳科学研究对仪器设备的大量需求，通过自主创新和与众多985高校联合开发等方式，对国内尚未实现自主研发能力的科研仪器和关键设备展开工程攻关。自成立以来，研发了系列国内/国际首台套的用于产线和科研的高端设备，包括各种高精度光学、电学测试设备、射频仪器仪表、纳米级形貌表征设备（AFM）、磁性测量领域系列设备、芯片测试机、基于AI的智能仪器等。公司联合多个学科，继续在光学、光电、磁学、低温、自动化等测试设备方面，以及全自动探针台等集成电路测试设备方面开展自主研发和市场推广。公司总部位于青岛，在北京和杭州设立子公司和研发中心，总人数超过100人，其中博士人才占比达到20%，公司主导成立了青岛市集成电路测试设备专家工作站、及市重点实验室和工程中心。员工可以在科研项目中与不同领域的专家共同协作研究，共同成长进步。公司已建成健全的数字化管理体系，标准化生产体系和全国营销网络，得到国内多地政府/创新基金的大力支持，已完成A轮融资，获得芯片领域头部资本中芯聚源投资，行业前景光明广阔。公司将会提供相关学习、专业技能提升及长远发展的机会如下：1.公司由北京某双**高校孵化，是官方认定的学科性公司，建有联合实验室，为博士学历人才提供兼职博导聘用等机会。2.对拥有本科学历的优秀员工提供非全日制研究生培养的机会。3.为优秀人才提供期权激励的机会（已完成首轮激励）。4.先进的实验环境及设备。5.完善的内部技能培训机制（相关专业领域内的博士后、资深专家等担任导师）。6.对于相关专业的博士可提供博士后的入站机会，出站后可选择留公司继续深造。,"https://www.zhaopin.com/jobdetail/CC892065920J40722177601.htm?refcode=4019&srccode=401901&preactionid=a7c1140f-c46c-45e5-b867-ab342d8bdc77"
3821,技术支持工程师,绍兴-上虞区,4000-8000元,江苏好润生物产业集团股份有限公司,"农/林/牧/渔,农/林/牧/渔",300-499人,未融资,CCL1279423630J40845025015,岗位要求：,5月16日,江苏好润生物产业集团股份有限公司于2018年07月02日成立。公司经营范围包括：生物技术研发；饲料生产、销售；饲料添加剂生产、销售；粮食、初级农副产品收购、销售；饲料原料销售；水产养殖、畜禽养殖、销售；食品生产、加工、销售；生物技术推广服务；有机肥料、微生物肥料生产、销售；水质、底质改良剂及环境污染处理用药剂材料销售；兽用药品、保健品销售；生物药品研发、销售；水产、畜禽养殖技术推广及疫病防控技术服务；化工产品（危险化学品及易制毒品除外）销售；水污染治理服务；水产、畜禽养殖机械生产、服务、销售；农业技术推广服务等。,"https://www.zhaopin.com/jobdetail/CCL1279423630J40845025015.htm?refcode=4019&srccode=401901&preactionid=a7c1140f-c46c-45e5-b867-ab342d8bdc77"
3822,测试工程师,成都-武侯区,1-1.2万·13薪,青岛瑞晟元人力资源有限公司,人力资源服务,20人以下,不需要融资,CCL1431271280J40778344407,岗位职责： 1. 负责软件的功能测试。 2. 执行测试用例，报告缺陷并跟踪缺陷的修复。 3. 与开发团队协作，确保软件质量满足需求。 4. 参与软件测试流程的优化和改进。 岗位要求： 1. 熟悉软件测试理论、方法和流程。 2. 具备功能测试经验。 3. 了解运维工程师、网络工程师的工作内容，能进行基本的IT质量管理。 4. 有信息技术、标准化、电子或电路工程相关背景者优先。 薪资待遇：包住、六险一金、工龄工资、生日礼金、定期体检、带薪年假、绩效奖、项目奖、年终奖.,2025年07月30日,,"https://www.zhaopin.com/jobdetail/CCL1431271280J40778344407.htm?refcode=4019&srccode=401901&preactionid=a7c1140f-c46c-45e5-b867-ab342d8bdc77"
3823,实施工程师,北京-通州区,5000-7000元,北京讯一科技有限公司,"IT服务,通信/网络设备,IT服务,互联网",20-99人,未融资,CC855889970J40518637001,岗位职责： 1、负责项目实施中的产品安装、部署、测试、上线等 工作 。 2、负责 公司 产品与操作系统、数据库的系统集成等工作 。 3、协助 项目经理 完成用户 培训 、产品推广、功能测试等工作，并能够形成相关文档提交公司或用户 。 4、负责项目实施、试运行、验收各阶段的系统维护、 技术支持 工作，保证系统的正常运行 。 任职要求： 1、大专及以上学历，网络、通信等相关专业 。 2、1年以上项目实施相关工作经验 。 3、具有网络实施、视频监控系统架设，音视频系统调试等相关经验优先 。 4、具备强、弱电等操作规范知识和相关工作经验，对项目现场管理有深刻的认识 。 5、具备良好的沟通、协调能力 。 6、能够熟练使用PPT、Word、Excel、Visio等工具 。 7、能吃苦耐劳，适应出差，具有团队合作精神，有强烈的学习欲望和进取心 。 8、有相关经验最好，没有相关经验可以是应届生 。职位福利：五险一金、绩效奖金、周末双休  ,7月25日,北京讯一科技有限公司（简称“讯一科技”）是一家全内资高新技术企业。作为通讯调度领域解决方案及服务的创新者，我们专注于应急通讯领域，利用融合通信技术、动态感知、多维自组网网络通信等技术，为客户提供智能数字化融合通信、安全生产通信保障、应急调度、智能管控等通信业务。业务适用范围涵盖石油，应急，武警，公安，军队，能源，化工，消防等行业领域。讯一科技致力并专注于打造数字化通信生态，成为数字化通信领域中服务的引领者。目前，公司的主要产品、技术均拥有自主知识产权，如“智能融合通信系统”、“车载融合通信指挥系统”、“便携式融合通信系统”、“现场无线通信网络”、“通信车集中控制软件”等，其中多项技术处于国内领先水平；并已完成ISO9000质量管理体系认证。公司秉承“尊重、联合、共享”的经营服务理念，发扬“开拓创新、优质高效、争创一流”的企业精神，践行“尽心，尽力，尽责”的工作精神，以“服务于信息化建设，保护国家网络安全，便捷高效灵活”为使命，以不断创新、争创一流作为公司发展目标，时刻努力为用户提供优质的服务。,"https://www.zhaopin.com/jobdetail/CC855889970J40518637001.htm?refcode=4019&srccode=401901&preactionid=a7c1140f-c46c-45e5-b867-ab342d8bdc77"
3824,硬件测试,盐城-东台市,4000-6000元,江苏智泰,"新能源,燃料资源加工制造",300-499人,未融资,CC827268330J40531815804,岗位职责： 负责东台研发测试实验室的电芯测试工作， 1. 电芯测试安排； 2. 测试数据处理，测试结果汇总报告； 3. 测试实验室日常维护； 4. 其他临时安排的任务。 任职条件： 1、大专以上学历，理科专业； 2、一年以上经验。,7月26日,江苏智泰新能源科技有限公司注册成立于2018年8月，地处江苏省泰州市海陵工业园。是一家从事锂离子电池（包括磷酸铁锂、三元动力锂电池）研发、生产、销售服务于一体的高科技企业，泰州市政府重点规划企业，泰州新能源产业基地标杆企业。拥有锂离子电池行业先进的工艺和生产技术，拥有锂电方面国家发明专利5项，实用新型和外观专利10余项。公司聚集了一批具有博士、硕士学历的专业人才。公司已与中科院、哈尔滨工业大学、哈尔滨工程大学、北京理工大学、厦门大学等国内多家知名院校建立了产学研基地，法人代表龙海涛先生任北京理工大学化学与化工学院专业学位研究生校外导师。江苏智泰始终专注于提供优质专业的储能、通讯电源设备。公司坚信质量是企业发展的根本，整体规划布局科学合理、制造过程绿色环保、管理方法先进严谨。公司已通过了ISO9001管理体系、ISO14001环境管理体系、OHSAS18001职业健康安全管理体系认证。我司自创建以来，始终坚持“质量第一、服务至上”的企业宗旨，敏锐把握市场动向，全方位为顾客服务并持续改进、创新。公司坚持以卓越团队和体系为依托，以优质产品和服务为手段，为客户提供高可靠、高安全、高性价比的电源解决方案，成为国内储能、通信应用的优秀系统集成商。,"https://www.zhaopin.com/jobdetail/CC827268330J40531815804.htm?refcode=4019&srccode=401901&preactionid=a7c1140f-c46c-45e5-b867-ab342d8bdc77"
3825,科研人员,广州-番禺区,2-4万,广州医科大学,学术/科研,1000-9999人,,CC260264080J40601202508,研究方向】  1. 成体干细胞来源的类器官培养体系建立与优化；  2. 中药活性成分的分离纯化及其在细胞与动物模型中的药效学研究；   3. 伤口修复相关材料的开发。      【PI简介】   徐涛，中国科学院院士、发展中国家科学院院士，广州医科大学生物工程学院院长，广州实验室副主任，生物岛实验室主任，长江学者、国家杰出青年基金、万人计划获得者。主要从事超分辨成像技术和超灵敏检测研究，在囊泡分泌调控的分子机制、超高分辨率显微成像等研究中取得了突出成绩，在Cell、Cell Metabolism、Nature Cell Biology、Nature Methods、Nature Communications、Neuron、J. Cell Biology、PNAS等杂志上发表多篇有影响的研究论文。在超分辨成像技术方面，提出一种新型的单分子干涉定位新技术，研制出新型的单分子干涉定位显微镜，可解析纳米尺度的亚细胞结构，成果入选2021年度中国生命科学十大进展。先后承担国家自然基金委重点项目以及科技部“973”等多项项目。2012年和2020年先后承担基金委国家重大科研仪器研制项目。     【申请要求】   1.已取得或即将取得博士学位；   2.具备生物学、医学、材料学等相关专业研究背景，具有较强的科研创新能力和学术发展潜力。,7月24日,,"https://www.zhaopin.com/jobdetail/CC260264080J40601202508.htm?refcode=4019&srccode=401901&preactionid=a7c1140f-c46c-45e5-b867-ab342d8bdc77"
3826,硬件测试,成都-郫都区,4000-6000元,九华圆通,"仪器仪表制造,通信/网络设备,专用设备制造,学术/科研",100-299人,不需要融资,CC180712219J00103061506,工作职责： 1. 负责整机系统或组件调试验证工作（技术参数验证及分析）； 2.协助工程师对新方案、新器件、新工艺等，进行试验、验证； 3.处理产品调试中的常见故障，并输出故障分析报告。 任职要求： 1、电子、通信、计算机、自动化相关专业毕业，接受优秀应届毕业生； 2、根据产品的图纸资料进行设备和板卡的调试生产，熟悉简单电路板知识，能看懂电路图； 3、熟悉Windows操作系统，能熟练安装系统及调试； 4、熟练掌握办公软件（Word，Excel，PowerPoint等）。 职位福利：五险一金、年底双薪、餐补、带薪年假、免费班车、员工旅游、节日福利   ,7月28日,成都九华圆通科技发展有限公司（前身为国营913厂，以下简称“公司”）是专业从事无线电监测、频谱管理、频谱感知与对抗、频谱大数据分析等相关技术研发、设备生产和技术服务的高科技企业，也是国内最早从事无线电频谱监测测向产品研发的龙头企业之一。公司自主研发的频谱监测测向、电磁频谱侦察、雷达信号侦测、侦测干扰一体化、无人机监测压制、空地敌我识别等技术、设备以及相关软件已经广泛应用于国防军事、国安公安、应急抢险、海事、民航、通信保障等领域。公司成立于1999年4月，注册资金4264万元，集团总部位于成都市郫都区现代工业港，占地30亩。拥有26000㎡的研发生产基地及占地100余亩的标准采样测试综合基地。职工近200人，研发团队超百人。公司始终以自主创新为发展动力，建立了完备的科研生产和管理体系。率先在行业内通过IOS9001质量管理体系认证、IOS14001环境管理体系认证、安全生产标准化体系认证、知识产权管理体系认证、企业信用等级认证等，并先后获得了“国家高新技术企业”、“国家专精特新小巨人企业”、“国家知识产权优势企业”、“四川省建设创新型企业培育企业”、“四川省博士后创新实践基地”等多项政府荣誉和称号。凭借深厚的行业积淀和良好的市场口碑，公司建立了以成都为中心，北京、济南为支撑，覆盖北京、山东、青海、重庆、四川、安徽、浙江、内蒙、甘肃、湖南、吉林等省（市）的营销网络。目前公司实现年产值逾3亿元，近三年创税约2亿元。公司将始终秉承诚信、敬业、创新的企业精神，以“打造可信赖的频谱产业领军品牌”为企业愿景持续奋斗！公司人才咨询专线：028-81052999-6031,"https://www.zhaopin.com/jobdetail/CC180712219J00103061506.htm?refcode=4019&srccode=401901&preactionid=a7c1140f-c46c-45e5-b867-ab342d8bdc77"
3827,测试工程师,重庆-渝北区,8000-10000元,重庆渝柯机械有限公司,电子设备制造,20-99人,,CCL1501615540J40866891215,"岗位内容： 1. 负责产品测试工作, 确保产品质量符合公司标准和客户要求。 2.进行测试执行和缺陷管理，及时反馈测试结果和问题。 3. 协助团队建设和优化流程，不断提高效率和质量。 任职要求： 1. 有计算机或相关专业背景，具有相关经验者优先考虑。 2. 具备良好的沟通能力和团队合作精神，关注用户体验，追求卓越。",7月22日,,"https://www.zhaopin.com/jobdetail/CCL1501615540J40866891215.htm?refcode=4019&srccode=401901&preactionid=a7c1140f-c46c-45e5-b867-ab342d8bdc77"
3828,硬件测试,石家庄-新华区,120-150元/天,广电计量检测(北京)有限公司,检测/认证,1000-9999人,已上市,CC349915230J40759377811,岗位职责： 1.完成环境与可靠性试验领域（霉菌、盐雾、震动等）测试工作。 2.提供有效检测数据和检测报告。 3.负责实验室日常设备保养。 任职要求： 1.实习最少半年。 2.统招大专及以上学历，机械、电子、通信、电气等相关专业 3.动手能力强，勤于思考。 4.工作主动，擅长沟通交流。,7月18日,广电计量是原信息产业部电子602计量站，经过50余年的发展，现已成为一家全国化、综合性的国有第三方计量检测机构，专注于为客户提供计量、检测、认证以及技术咨询与培训等专业技术服务，在计量校准、可靠性与环境试验、电磁兼容检测等多个领域的技术能力及业务规模处于国内领先水平。广电计量的技术能力获得了众多国内外权威机构和组织的认可和授权，通过了中国合格评定国家认可委员会认可（CNAS），获得检验检测机构资质认定（CMA）、农产品质量安全检测机构（CATL）以及众多政府和行业权威机构的认可资质，是农业部“三品一标”检测实验室、全国土壤污染详查推荐检测实验室、中国CB实验室，出具的证书、报告具有国际公信力，可帮助客户稳健开拓本地市场乃至全球市场。广电计量构建了覆盖全国的服务保障网络，在国内建有23个计量检测基地和50多家分子公司，实验室总面积超过16万平方米，配置国内外高端设备仪器30000多台/套，搭建的全国一体化计量检测与认证技术公共服务平台，可迅速响应客户需求，为客户提供近距离、本地化的专业服务。作为一家拥有高度社会责任感的国有企业，广电计量以助推各区域经济高质量发展、助力企业品质提升为己任。目前，广电计量的服务能力覆盖汽车、航空、轨道交通、船舶、通信、电力、电子电器、食品、环保、农业、医疗、石化等领域，凭借专业的计量检测技术之力，广电计量可帮助各行业产业链上下游客户提升自身竞争力，实现产品全寿命周期的质量管控。在品质决胜未来的发展新时代，广电计量将继续秉持科学、公正、准确、快捷、周到的服务理念，为高质量发展传递信任，为建设“和谐美丽”中国保驾护航！,"https://www.zhaopin.com/jobdetail/CC349915230J40759377811.htm?refcode=4019&srccode=401901&preactionid=a7c1140f-c46c-45e5-b867-ab342d8bdc77"
3829,Java,郑州-金水区,6000-11000元,唐雅网络科技,计算机软件,20-99人,天使轮,CCL1298078450J40715222114,岗位内容：   ,2月12日,唐雅科技是一家专注于短视频电商领域的科技型研发公司。需求大量软件研发及测试人员，致力于电商软件产品的研发与创新，把握时代福利。公司总部位于河南郑州，汇聚了一批来自互联网、电商、软件、技术等多领域的精英人才，凭借对短视频电商行业技术研发的深刻理解和敏锐洞察力，迅速在竞争激烈的市场中崭露头角。技术实力：-我们拥有一支专业的技术研发团队，不断探索和应用最新的信息技术，致力于打造稳定、高效、安全的短视频电商平台。通过先进的算法和大数据分析技术，精准地为用户推送个性化的商品内容，提高用户的购物体验和购买转化率。-公司在短视频制作、直播技术、智能推荐系统等方面拥有多项自主研发的核心技术，为商家提供全方位的技术支持和解决方案，帮助商家更好地展示商品、推广品牌，实现销售增长。公司已与众多知名品牌建立了长期稳定的合作关系，通过我们的专业服务，帮助合作品牌在短视频电商领域取得了显著的成绩，实现了品牌知名度的提升和销售业绩的增长。例如，[列举一些成功的合作案例，如某品牌在合作后的销售额增长情况、品牌曝光度提升等]。企业文化：-创新精神：我们始终坚持创新驱动发展，不断探索新的商业模式和技术应用，为用户和商家提供更优质的服务和解决方案。-用户至上：以用户需求为导向，不断优化产品和服务，为用户提供便捷、高效、安全的短视频电商体验。-团队合作：倡导团队成员之间的协作与沟通，发挥团队的优势和力量，共同实现公司的发展目标。-诚信经营：秉持诚信为本的经营理念，与商家、用户建立良好的信任关系，共同推动短视频电商行业的健康发展。未来展望：随着短视频电商行业的不断发展和壮大，将继续发挥自身的技术优势和专业服务能力，不断拓展业务领域，提升服务质量。我们将加强与国内外优秀企业的合作，共同探索短视频电商的新模式、新机遇，为用户和商家创造更大的价值，成为短视频电商领域的领军企业。,"https://www.zhaopin.com/jobdetail/CCL1298078450J40715222114.htm?refcode=4019&srccode=401901&preactionid=a7c1140f-c46c-45e5-b867-ab342d8bdc77"
3830,实施工程师,济南-历下区,面议,神思电子,人工智能,500-999人,已上市,CC120758940J40314303306,【岗位职责】,7月10日,神思电子位于山东济南，2004年入选公安部身份证阅读机具定点生产企业，是中国领先的身份识别解决方案的提供商和服务商。2015年，公司作为济南市第一家创业板上市公司登陆资本市场，基于在模式识别、身份认证领域深耕二十余年的技术积累和行业经验，确定了“从身份识别到智能认知，从行业深耕到行业贯通”的升级战略，先后与IBM、百度、华为、商汤等人工智能头部企业深度合作，共同推进人工智能赋能实体经济创新应用。2022年，公司成为济南能源集团控股企业，共同推进能源行业数字化、智能化升级。技术创新一直是神思电子不断前进的核心驱动力。公司连续多年认定为国家高新技术企业，建设有山东省、济南市企业技术中心、工程技术中心、工程实验室等研发平台十项，省市博士后、人才实践基地四项。同时，公司持续加大研发投入，近四年研发投入占营业额比例均超过12%，奠定了良好的创新发展基础。经过多年持续高强度研发投入，神思电子已经可以向行业客户提供智慧能源，铁路智能视频监控，工业安全生产，智慧政务服务，智慧园区、楼宇，智慧幼儿园等人工智能解决方案及边缘计算模组、护幼检测机器人、行业服务机器人、智能自助设备伴侣等人工智能产品，并且通过神思云脑持续实现智能化升级。,"https://www.zhaopin.com/jobdetail/CC120758940J40314303306.htm?refcode=4019&srccode=401901&preactionid=a7c1140f-c46c-45e5-b867-ab342d8bdc77"
3831,软件测试,南宁-青秀区,5000-7000元,天阳科技,"计算机软件,计算机软件",1000-9999人,已上市,CC120408370J40606418108,1.全国项目驻场测试，主要负责功能、数据或接口等相关测试工作； 2.统招本科学历及以上（学信网可查）；毕业满2年；计算机专业优先； 3.热爱软件测试行业、有强力的自驱力，能够在测试岗位深入学习研究； 4.有无经验均可，服从公司安排，接受公司培养，可接受异地工作优先； 福利待遇： 上市公司、公司可提供住宿、定期体检、带薪年假； 欢迎符合要求的小伙伴们投递~,7月16日,天阳科技(股票代码：300872)，是全球金融创新服务的重要贡献者，持续赋能中国金融行业数字化转型，为客户提供咨询、金融科技产品、金融IT服务、云计算及运营服务。公司成立于2003年，服务超过300家金融行业客户，覆盖中央银行、政策性银行、国有银行、股份制银行、地方性商业银行、非银行金融机构等，员工人数近7000人，成为激活金融领域创新活力、推动金融科技迈入世界领先水平的重要力量。作为金融行业客户可信赖的合作伙伴，天阳科技凭借丰富的行业经验和端到端的专业服务，在信创、数字化金融、信贷、交易银行、信用卡、零售、营销、风险管理、征信监管等众多领域具备核心竞争力。据赛迪和IDC报告显示，近年来公司在中国银行业IT解决方案市场排名强势崛起，2019年收入及市场占有率综合排名分别位列第四位和第五位，并保持高速增长。同时，前瞻商业和科技趋势，入选2021年度未来银行科技服务商TOP100。天阳科技始终聚焦金融科技领域，加大自主创新力度，在超过100个城市建立本地化、专业化的研发和服务团队，拥有CMMI5级认证、软件测试成熟度模型集成（TMMi）3级认证、ISO9001质量管理体系认证、ISO20000信息技术服务管理体系认证、IS027001信息安全管理体系认证。通过部署人工智能、云计算、大数据、移动互联网、分布式计算和区块链等先进金融科技，公司致力于构建安全可控、普惠民生、开放共赢格局，在关键技术领域服务现代化金融发展大局，更好地为各利益相关方创造更大价值，为大中企业、小微企业以及每个个体提供优质金融服务。,"https://www.zhaopin.com/jobdetail/CC120408370J40606418108.htm?refcode=4019&srccode=401901&preactionid=a7c1140f-c46c-45e5-b867-ab342d8bdc77"
3832,Java,济南-历城区,65-75元/天,济南超级计算技术研究院,云计算/大数据,100-299人,未融资,CCL1293583260J40808211615,岗位职责：  1、负责项目中业务模块的开发;   2、参与项目需求分析、业务逻辑流程设计、文档编写;,2月14日,济南超级计算技术研究院是由山东省科学院、济南市人民政府和历城区人民政府共同举办的“四不像”新型研发机构，于2020年9月完成注册登记，是一家无主管部门，无行政级别，实行企业化管理、市场化运营的独立法人事业单位。研究院秉承“共生共荣”的核心理念，致力于超级计算技术相关学科的应用研究、高技术发展研究以及技术转移，围绕济南市在新一代信息技术、生命健康、智能装备等优势产业领域的战略需求，着力破解区域战略和经济主战场所需的计算赋能问题，提升区域自主创新与核心竞争能力，打造“超级计算创新创业共同体”，成为国内领先的超级计算技术研究高地、智能科技企业的培育基地和引领区域创新驱动发展的核心引擎。研究院聚焦“人才第一资源、创新第一动力、科技第一生产力”，全面推进科技创新创业，推动超级计算产业发展，努力将研究院建设成为世界知名、国内一流的超级计算产业核心机构。围绕智能计算和信息处理技术及交叉学科综合布局，集中力量实施“321”人才工程，吸引留住用好领军人才、精英人才以及后备优才，统筹兼顾其他各级各类人才引进，逐步形成优势突出、结构合理的高层次人才队伍。（一）创新创业领军人才计划三年内，研究院引进30名以上对产业发展有重大引领带动作用的创新创业领军人才，孵化30个左右的创新创业团队。重点引进三类人才：一是国际国内某一学科、技术领域内的学术技术带头人，拥有市场开发前景广阔、高技术含量的科研成果；二是拥有独立自主知识产权或掌握核心技术，技术成果国际先进国内领先，具有市场潜力并能进行产业化；三是在相关学术前沿领域取得国际同行公认的高水平原创性研究成果，或在本学科领域做出具有开创性意义的重要工作，或在国家战略需求领域取得重要成果，具有带领本学科领域赶超国际先进水平能力的高层次人才。（二）青年科技精英人才计划三年内，研究院引进200名以上优秀博士、硕士、本科等青年科技精英人才。青年科技精英人才是指在重要期刊发表具有较高水平的学术论文或取得较高水平的研究成果，具备良好的科研创新能力和科研潜质的人才。（三）科技后备优才储备计划研究院联合齐鲁工业大学，与海内外著名高校合作，培养1000名以上高性能计算、云计算、大数据、人工智能、数学、计算机网络及网络空间安全等学科（领域）的硕士及本科人才。,"https://www.zhaopin.com/jobdetail/CCL1293583260J40808211615.htm?refcode=4019&srccode=401901&preactionid=a7c1140f-c46c-45e5-b867-ab342d8bdc77"
3833,测试工程师,渭南-临渭区,5000-7000元,天阳科技,"计算机软件,计算机软件",1000-9999人,已上市,CC120408370J40824036108,1.全国项目驻场测试，主要负责功能、数据或接口等相关测试工作； 2.统招本科学历及以上（学信网可查）；毕业满2年；计算机专业优先； 3.热爱软件测试行业、有强力的自驱力，能够在测试岗位深入学习研究； 4.有无经验均可，服从公司安排，接受公司培养，可接受异地工作优先； 福利待遇： 上市公司，公司可以提供住宿，提供五险一金； 欢迎符合要求的小伙伴们投递~,7月17日,天阳科技(股票代码：300872)，是全球金融创新服务的重要贡献者，持续赋能中国金融行业数字化转型，为客户提供咨询、金融科技产品、金融IT服务、云计算及运营服务。公司成立于2003年，服务超过300家金融行业客户，覆盖中央银行、政策性银行、国有银行、股份制银行、地方性商业银行、非银行金融机构等，员工人数近7000人，成为激活金融领域创新活力、推动金融科技迈入世界领先水平的重要力量。作为金融行业客户可信赖的合作伙伴，天阳科技凭借丰富的行业经验和端到端的专业服务，在信创、数字化金融、信贷、交易银行、信用卡、零售、营销、风险管理、征信监管等众多领域具备核心竞争力。据赛迪和IDC报告显示，近年来公司在中国银行业IT解决方案市场排名强势崛起，2019年收入及市场占有率综合排名分别位列第四位和第五位，并保持高速增长。同时，前瞻商业和科技趋势，入选2021年度未来银行科技服务商TOP100。天阳科技始终聚焦金融科技领域，加大自主创新力度，在超过100个城市建立本地化、专业化的研发和服务团队，拥有CMMI5级认证、软件测试成熟度模型集成（TMMi）3级认证、ISO9001质量管理体系认证、ISO20000信息技术服务管理体系认证、IS027001信息安全管理体系认证。通过部署人工智能、云计算、大数据、移动互联网、分布式计算和区块链等先进金融科技，公司致力于构建安全可控、普惠民生、开放共赢格局，在关键技术领域服务现代化金融发展大局，更好地为各利益相关方创造更大价值，为大中企业、小微企业以及每个个体提供优质金融服务。,"https://www.zhaopin.com/jobdetail/CC120408370J40824036108.htm?refcode=4019&srccode=401901&preactionid=a7c1140f-c46c-45e5-b867-ab342d8bdc77"
3834,技术支持工程师,南京-栖霞区,6000-10000元,南京睿目电子科技有限公司,"电子/半导体/集成电路,通信/网络设备,房地产开发,计算机硬件",20-99人,未融资,CC405567910J40760337615,岗位职责： 1、负责LED显示屏安装、调试及维修等技术工作；根据现场情况能组织安排安装调试方案； 2、能熟练的判断显示屏的故障，并及时处理。熟悉LED显示屏控制系统、视频处理器、拼接器等外围配套设备； 3、懂电路图，了解基本电路原理；看懂CAD图纸、安装钢结构图纸等； 4、培训用户使用，提供指导等售后等技术支持工作，为客户提供完善的售后服务。   任职要求： 1、大专或以上学历，电子、通信、机电一体化等相关专业； 2、对学习产品技术能力有浓厚的兴趣；具有较强的独立分析问题和解决问题的能力； 3、优秀的职业素养，能承受压力，责任心强，认真细致并能吃苦耐劳，服从领导能配合公司加班，接受异地出差；。 4、工作经验不限，应届毕业生且热爱学习技术者亦可。有LED显示屏及相关周边产品行业相关经验的优先； 5、确保新员工的身体健康，确保其能够适应工作岗位的需求，入职前需提交个人体检证明。 职位福利：餐补、员工旅游、加班补助、节日福利、带薪年假、五险一金,2月15日,"南京睿目电子科技有限公司成立于2011年，注册资本2500万元；是一家致力于为客户提供音视频产品及智能信息化系统集成整体解决方案的高科技专业公司。自成立以来，公司立足于信息化、智能显示、AV集成等行业、不断增强产品和解决方案研发、工程设计、生产制造、质量管控、客户服务的内在底蕴，不断拓展业务方向、市场营销、对外合作、公司发展稳健，在业内具有良好的公司形象和品牌声誉。公司为“江苏省民营科技企业”，拥有电子与智能化工程专业承包贰级资质、建筑装修装饰工程专业承包贰级资质；连续多年获得“重合同守信用”荣誉称号；并且先后通过了ISO9001质量管理体系认证、ISO14001环境管理体系认证、OHSAS18001职业健康安全管理体系认证、ISO27001信息安全管理体系认证。公司为南京军区物资采购网协议会员单位、南京市教育装备网会员单位、南京市公共资源交易中心会员单位。公司以“潜心为客户创造价值”为经营理念,坚持发展自有核心技术为根本，为客户提供优质的产品而不懈努力。公司高度重视技术创新和产品工程化研发，经过多年的研发积累，已取得多项发明专利及数十项实用新型专利、软件知识著作权等；公司产品涉及LED智能显示，AV音频产品集成；其中LED显示屏产品通过了国家强制性CCC认证、欧盟及美国CE、RoHS、Fcc等一系列产品认证；且产品已列入节能产品政府采购清单，为客户提供高品质高性能的绿色环保节能LED显示产品。而在AV音频产品方面，拥有“EV”(Electro-Voice)、 Lectrosonics、PreSonus等全面的国际知名品牌产品，为众多政府机构、剧院、音乐厅、广播电视台、体育场馆、会议会展中心、酒店、娱乐及演出租赁公司、专业录音棚、高档写字楼提供一站式的整合解决方案。一直以来，睿目服务团队秉持“客户满意就是我们的价值”的企业理念，为客户提供专业、贴心、周到的售后服务。公司将继续响应国家关于绿色环保、节能减排的产业政策，坚持以科技创新为发展根本，以更加优质的集成方案与产品和周到、便捷的服务回报客户！","https://www.zhaopin.com/jobdetail/CC405567910J40760337615.htm?refcode=4019&srccode=401901&preactionid=a7c1140f-c46c-45e5-b867-ab342d8bdc77"
3835,C/C++,济南-历城区,1-2万,山东仕达思生物产业有限公司,"医药制造,卫生服务",100-299人,未融资,CC350085510J40754336305,岗位职责： 1、负责医疗设备应用程序的设计、开发，确保软件功能符合产品需求和用户要求。 2、使用 C++ 和 Qt 开发跨平台应用程序，在 Linux 环境下进行开发、调试和部署。 3、编写技术文档，维护代码库，并进行代码审查和测试。 4、与团队成员合作，完成项目需求分析和功能设计。 5、解决开发中的技术问题，优化系统性能及其它开发工作。 任职要求： 1、熟练掌握 C++ 编程语言，了解编程和设计模式； 2、熟悉 Qt 框架，能够使用 Qt 开发图形界面或跨平台应用； 3、熟悉 Linux 操作系统，掌握 Linux 下的开发工具； 4、了解多线程编程、网络编程、数据库操作等技术。 5、具备良好的代码规范和文档编写能力。 6、有较强的学习能力和问题解决能力。 7、具备团队合作精神，能够独立做项目优先。,3月19日,仕达思致力于人体微生态诊断系列产品的研发和生产，在国内率先将人工AI技术应用到女性生殖道微生态实验诊断中，弥补了该领域的多项技术空白，是女性微生态行业的领军者！公司下设山东仕达思生物产业有限公司、山东仕达思医疗科技有限公司、山东仕达思医疗科技有限公司济南仕达思医学检验实验室。目前已取得三十余项专利证书以及16项医疗器械产品注册证。现有产品覆盖全国30个省市自治区，使用用户达600余家。2017年被中华医学会授予中国女性生殖道微生态诊治推广项目协办单位荣誉称号；2018年被全国卫生产业企业管理协会授予副会长单位称号；经济南市科技局批准成立“济南市医学图像工程技术研究中心”；与山东大学微生物技术国家重点实验室以及山东大学数学学院科学计算与软件研究所、山东超级计算中心等达成产学研合作，并与山东大学微生物技术研究院合作建立“专业学位研究生工作站”；与华为技术有限公司、山东大学微生物技术国家重点实验室达成三方妇科感染AI智慧诊断战略合作；是山东省人工智能产业技术创新战略联盟首批成员单位。仕达思始终将自主创新作为企业发展的原动力，持续完善研发团队，从原创发明到应用技术改进，从管理优化到服务创新，从未停止对创新的要求。遵循“持续创新、追求卓越、共享健康”的使命，致力于成为专注健康产业的国际化一流企业！公司研发中心地址：济南市历下区华能路汇能大厦公司智造中心地址：济南市莱芜区口镇医药产业园,"https://www.zhaopin.com/jobdetail/CC350085510J40754336305.htm?refcode=4019&srccode=401901&preactionid=a7c1140f-c46c-45e5-b867-ab342d8bdc77"
3836,科研人员,天津-西青区,1.8-2.6万,天津市滨海新区环境创新研究院,"环保,专用设备制造,检测/认证,专业技术服务",20-99人,未融资,CCL1355601280J40647855401,水文水质模拟与环境模拟技术方向 1.开展河湖或海洋水文、水质模拟与水环境生态综合管理研究  2.开展气候变化下流域水文过程与生态环境响应研究   3.参与团队的其他相关研究工作。         报名条件：   1.具有水环境、水资源、水生态相关专业背景，熟悉熟练GI8或水质模型、从事过水质、水文模型气候变化模型、泥石流灾害模型等软件，以第一作者发表SCI论文1篇及以上;   2.具有复合学科背景、突破性工作业绩发表高水平奢作、高水平专利优先;具有模型开发经验者位先、高级职称者优先:   3.款练掌握相关数据分析软件，具有良好的心理素质、团队协作精神和优秀的沟通能力:文字表达能力强，具有独立科研工作能力。      专业：   水文水资源、海洋生态学、水文地质、环境科学与工程、生态学等相关专业,6月23日,天津市滨海新区环境创新研究院由中国环境科学研究院与天津市滨海新区人民政府共同设立，是从事生态环境科技创新与服务的新型研发机构，是隶属于滨海新区生态环境局的二类事业单位，是中国环境科学研究院的分支机构。环创院发展目标：服务地方政府与企业环保科技需求，探索低碳环保战略新型产业发展模式，着力解决区域性重大生态环境问题，将环创院打造成为集“决策支撑、企业孵化、产业培育、技术集成、人才培养”为一体的创新型研发机构，打造中国环科院在京津冀的特色分支机构。,"https://www.zhaopin.com/jobdetail/CCL1355601280J40647855401.htm?refcode=4019&srccode=401901&preactionid=a7c1140f-c46c-45e5-b867-ab342d8bdc77"
3837,软件测试,北京-海淀区,1.1-1.3万·13薪,北京科创精英科技有限公司,专业技术服务,20-99人,,CCL1504965020J40795431505,,2025年07月28日,,"https://www.zhaopin.com/jobdetail/CCL1504965020J40795431505.htm?refcode=4019&srccode=401901&preactionid=a7c1140f-c46c-45e5-b867-ab342d8bdc77"
3838,测试工程师,宜宾-叙州区,4000-8000元,宜宾丰川动力科技有限公司,汽车研发/制造,20-99人,未融资,CC640599680J40753474107,岗位要求,7月22日,宜宾丰川动力科技有限公司宜宾丰川动力科技有限公司是一家研发和生产电动汽车多档变速器的高新技术企业。公司实行“功以才成，业由才广”的人才战略，组建了30人规模的研发团队，从清华大学、同济大学、美国伊利诺伊大学、法国贡比涅技术大学等国内外知名高校引进了多名博士、硕士。研发团队经过十余年技术攻关，开发了无离合器、无同步器的电驱动机械变速器，并发明了“无冲击换档”控制技术，彻底消除了换档过程的冲击，将动力中断时间缩短到了0.2秒内，突破了制约多档变速器在电动汽车中大规模推广应用的技术瓶颈。公司已开发出适用于2-4吨电动物流车的二档系统和适用于4-8吨电动物流车的四档系统，并应用于城市物流车中。,"https://www.zhaopin.com/jobdetail/CC640599680J40753474107.htm?refcode=4019&srccode=401901&preactionid=a7c1140f-c46c-45e5-b867-ab342d8bdc77"
3839,Java,宁波-鄞州区,4000-5000元,兰洋(宁波)科技有限公司,"新能源,计算机硬件,新能源",20-99人,B轮,CCL1271331450J40610547303,主要职责:   1、在团队的指导下，参与公司Java项目的设计、开发、测试和维护。   2、协助编写高质量的代码，确保代码的可读性、可维护性和扩展性。   3、根据需求文档和技术方案，完成相关模块的编码工作。   4、参与代码评审，提出改进意见，保证代码质量。   5、协助进行系统的调试与优化，解决开发过程中遇到的技术问题。   6、配合团队完成软件版本的迭代和发布。   任职要求:   1、计算机科学、软件工程或相关专业本科及以上学历。   2、熟悉Java编程语言，了解Java开发相关的基础知识和框架，如Spring、mybatis/mybatis-plus、SpringMvc、Springcloud等。   3、了解基本的数据结构和算法，具备一定的逻辑思维能力。   4、了解SQL及关系型数据库（如MySQL、PostgreSQL）的基本操作。   5、对软件开发流程有一定的理解，了解版本控制工具（如Git）的使用。   6、具有良好的沟通能力和团队合作精神，能够接受新技术和新工具的学习。   7、英语具备基本的读写能力，能够阅读英文技术文档。   优先条件:   1、有参与过实际Java项目的经验（实习或项目实践）。   2、熟悉能读懂前端代码，至少熟悉一门前端语言（vue2/vue3/react/angular js）。   3、了解Linux操作系统的基本使用。   4、 熟练使用docker，能通过docker部署Web项目（Nginx配置、JAR包运维）。   4、全栈方向发展。,7月19日,兰洋(宁波)科技有限公司成立于2019年，由国家高级人才领衔，是宁波市“甬江引才工程”重点引进高科技企业，国内浸没式液冷技术领跑者、国际前沿的浸没式液态散热整体解决方案技术服务提供商，液冷行业标准化推动者。目前是能够在小型化电子设备实现浸没式散热的独家企业，拥有专业技术和产品研发体系，核心技术处于国际领先水平，在国内已有多个高效新型绿色数据中心应用示范案例，并率先完成国内首个浸没式液冷标准模组智能厂房建设，在产业化方面处于国内前沿地位，于2023年承担宁波市“科创甬江2035”生态育成项目、2024年承担宁波高新区重大科技专项，公司“高性能冷却液”荣获2024年度浙江省首批次新材料认定。公司获工信部“国家级专精特新'小巨人’企业”“国家高新技术企业”“国家工信部创客中国创新创业大赛全国二等奖”“宁波市企业技术研发中心”“2024年度宁波市人才企业新秀”“液冷散热行业领军企业”“第一届及第二届'华彩杯’算力大赛全国总决赛三等奖”“第二届'新绿杯’绿色数据中心专题赛三等奖”“2024年浙江省数字经济发展优秀案例”等荣誉数百项。兰洋科技核心技术成员曾定向服务航天项目，在散热导热方面具备领先的知识储备和雄厚的实验积累。核心团队囊括多位核心期刊主编，省级、国家级研发课题带头人，省级、国家级科技进步奖得主，截至目前在册40余位国内知名高校教授、博导加入兰洋研发中心。现已拥有液冷相关包括发明专利、实用新型专利、计算机软著在内的200多项自主知识产权。兰洋科技同时通过牵头或核心参编已发布行业标准9项，团体标准14项，白皮书为8项，交付质量验收及测试规范为10项；正在参编中国家标准4项、行业标准22项，团体标准及白皮书数十项，涵盖液冷相关技术规范、交付规范、测试标准、冷却液选型要求、运维规范、行业术语等。,"https://www.zhaopin.com/jobdetail/CCL1271331450J40610547303.htm?refcode=4019&srccode=401901&preactionid=a7c1140f-c46c-45e5-b867-ab342d8bdc77"
3840,Java,深圳-龙岗区,1.6-3万·16薪,北京鼎腾科技有限公司,"IT服务,计算机软件,互联网",500-999人,未融资,CC821752090J40797129808,岗位职责： 1、根据项目具体要求，承担开发任务，按计划完成任务目标； 2、负责日常开发工作，解决开发中的技术问题，负责开发框架的搭建、改进； 3、完成项目测试、系统交付工作，对项目实施提供支持； 4、负责编制与项目相关的技术文档； 5、跟进服务器安全、稳定、维护和性能优化等工作； 6、完成领导交付的其他工作任务。 任职要求： 1、本科及以上学历，计算机相关专业优先考虑； 2、熟悉常用的开源框架，例如Spring、SpringMVC、SpringCloud、SpringBoot、Hibernate、Mybatis等； 3、至少熟悉MySql、SQLServer、Sybase、Oracle、DB2、PostgreSQL等常见数据库中的一种，对内存数据库(例如Redis)有了解者优先； 4、熟悉微服务，缓存，消息等机制，有分布式系统的开发经验者优先； 5、熟练使用svn、git等版本控制工具及ant、maven等项目构建工具； 6、有强烈的责任心，抗压能力以及团队合作精神； 7、思路清晰，思维敏捷，有快速的学习能力和独立问题解决能力。,7月17日,"北京鼎腾科技有限公司成立于2016年，注册资金3200万元，落户于北京市平谷区金海湖畔，是一家国内领先的解决方案和IT服务供应商。业务范围涵盖咨询及解决方案、ERP实施与咨询、软件开发和维护、信息技术外包服务、IT基础设施服务、业务流程外包等服务，是政府、金融、电信、互联网、医药、电力等行业重要的IT综合服务提供商和战略合作伙伴。作为一个新兴企业，鼎腾科技充满活力，追求卓越，成立伊始就承载着对未来的美好憧憬，在共同的价值观引领下，向着既定目标砥砺前行。期望成为受社会、客户、股东和员工尊敬的公司。鼎腾科技秉承""诚信、敬业、尽责、创新""的公司文化，专注""超越期待，尽善尽美""的服务理念，作为您IT服务的理想合作伙伴，一如既往的为客户提供优质、专业、高效的服务。","https://www.zhaopin.com/jobdetail/CC821752090J40797129808.htm?refcode=4019&srccode=401901&preactionid=a7c1140f-c46c-45e5-b867-ab342d8bdc77"
3841,技术支持工程师,徐州-邳州市,7000-14000元·13薪,鲁汶仪器,"电子/半导体/集成电路,电子/半导体/集成电路",300-499人,B轮,CC334132830J40636236604,岗位职责：,9月13日,江苏鲁汶仪器有限公司于2015年9月，由比利时鲁汶仪器、中科院微电子研究所共同注资成立。公司总部位于江苏省徐州市，在比利时和北京设有研发中心，在上海、武汉、西安、成都、台湾、新加坡、韩国等地设有市场和技术服务中心。【愿景】成为半导体关键装备和解决方案的首选供应商。【使命】面向半导体前沿技术需求，推动芯片制造技术改革，提供从装备研发、生产到技术支持的完整服务体系。【核心价值观】“求实、创新、责任、信赖、分享”,"https://www.zhaopin.com/jobdetail/CC334132830J40636236604.htm?refcode=4019&srccode=401901&preactionid=a7c1140f-c46c-45e5-b867-ab342d8bdc77"
3842,软件测试,成都-锦江区,7000-13000元,源创客成都科技有限公司,计算机软件,20-99人,,CC640419780J40814291403,定期团建、五险一金、周末双休,7月21日,,"https://www.zhaopin.com/jobdetail/CC640419780J40814291403.htm?refcode=4019&srccode=401901&preactionid=a7c1140f-c46c-45e5-b867-ab342d8bdc77"
3843,技术支持工程师,成都-武侯区,4000-6000元,成都兴唐信息技术有限公司,"计算机软件,培训/辅导服务,互联网,专业技术服务",20-99人,未融资,CC235564110J40131244712,技能要求：   ,4月8日,百年大计，教育为本。时代的发展离不开教育的兴盛，社会的进步依托于教育的革新，强国与兴业亦基于教育的进步！2007年，专注于助力教育事业发展的成都兴唐信息技术有限公司应运而生，总部坐落于成都高新技术产业开发区的兴唐技术，历经十年发展，已经成长为集教育科技产品研发、销售、服务于一体的国家级高新技术企业。回首过往，成长历程的艰辛与欢笑历历在目，面对着“创新、竞争、远瞻”的营运法则和激烈的市场竞争，兴唐技术始终坚持“以市场为导向，以技术求发展”的经营理念革故鼎新，以其独特的视角，高位求进，准确定位，在2011年成功进行了企业的转型升级，走上自主研发的道路，拉开了为客户提供个性化产品和服务的帷幕，全面提升企业核心竞争力和持续盈利能力。在十年成长的历程中，兴唐技术始终遵照“基于云计算和教育大数据分析云平台”的发展战略阔步前行，通过吸纳人才，整合技术、社会资源，企业通过了国家级高新技术企业认证并获得政府专项资金扶持。在资金实力、人才实力和技术实力的强大推力作用下，企业十年来成功研发教育质量综合评价系统、教师发展管理系统、学业质量监测与评价系统、网上阅卷系统、中考网络应用服务平台、民主测评综合管理系统、企业办公OA系统等多项科技产品，成长为川内乃至全国基于云计算和教育大数据云平台行业的标志性企业。面对成绩，兴唐人并没有失去继续努力的方向和动力，而是始终坚持“以客户需求为导向、以客户满意为目的、以科技创新求发展、以互惠共赢促提高、以协调发展创品牌、以优质企业报社会”的企业目标，发扬“科技强国、兴唐己任”的企业精神，时刻不忘提醒自身审视不足，找准策略，为中国教育改革提供理念和大数据分析支撑，为中国的教育研究和改革保驾护航。十年的努力，企业研发的产品屡获殊荣，通过了ISO9001质量管理体系认证、ISO14001环境管理体系认证、GB/T29490-2013知识管理体系认证、取得了多项软件著作权证书，成为中国AAA级诚信企业、四川省软件协会理事会员单位，为兴唐未来的腾飞奠定了坚实的基础。在企业成立十年之际，兴唐人将给教育界一份厚重的献礼——“学唐云”，学唐云是以教务管理、学生发展管理、教师发展管理为核心的教育综合管理平台。它的出现必将成为教育系统教学工作和德育工作的理念引领者和管理好帮手，也将成为我们基于云计算的教育大数据分析平台。展望未来，兴唐技术将以网上评卷系统和学业质量测评系统两只“数据抓手”向学唐云导入大量数据和流量，凭着对卓越产品的不断追求，创新进取，依靠强大的技术实力、诚信的服务理念和优秀的产品性能，持之以恒，打造兴唐教育生态圈，成长为中国最值得信赖的教育信息化专家！,"https://www.zhaopin.com/jobdetail/CC235564110J40131244712.htm?refcode=4019&srccode=401901&preactionid=a7c1140f-c46c-45e5-b867-ab342d8bdc77"
3844,科研人员,济南-天桥区,6000-12000元,济南北方数智交通科技有限公司,"工程技术与设计服务,人工智能,电气机械/电力设备,学术/科研",100-299人,不需要融资,CC375882810J40713229610,山东交通学院交通基础设施建设工程研究中心，原山东交通学院公路工程研究所，下设山交测试装备应用与检测技术研究院和济南北方数智交通科技有限公司，中心发展至今已三十余载，以创业的精神、创新的意识、科学的态度和务实的工作，致力于服务交通行业和国家战略发展，现已逐步发展成为以公路工程监理和工程咨询业务支撑，以创新发展和多元发展为两翼的综合型国有企业，开创了科技创新带动产业发展、产教融合推动产业发展的交通建设新局面，形成了科技研发与主导产业融合互促的新格局。    中心“立足新发展阶段、贯彻新发展理念、构建新发展格局”发展理念，加大科技研发投入，发挥知识产权价值，坚持协同创新、跨界发展，突破技术限制和壁垒，促进交通产业高质量发展。充分发挥交通产业优势，着力推动科技创新平台建设，打造创新驱动发展引擎，开启了多元化业务发展新征程。中心加强“产学研用”深度结合，提高服务社会效能。目前，中心联合科研院所、高校以及企业共组织和承担了纵横向科研课题20余项，取得发明专利、实用新型专利和外观专利30余项，计算机软著15项，正在申报的各项专利40余项，参编地方标准1项，团体标准4项，山东省企业技术创新项目立项4项，交通厅立项3项，《面向安全生产的交通数字智能学习平台建设与应用研究》荣获“济南市优秀科技创新项目奖”。中心树立“择优引进、强力培养、优化结构、培育团队”人才队伍建设方针，持续引进外部高端人才（团队），构建高层次创新团队，充实完善科研团队建设，整合集体智慧、整合优势资源，推动成果转换、技术创新、跨界合作高质发展。    为进一步落实高校人才体系建设方案要求，中心作为高校二级单位，积极做好引才和育才工作，推动科研工作再上新台阶。    （一）基本要求    1.拥护党和国家的方针政策，遵纪守法。    2.有较强的责任心、良好的道德品质和踏实勤恳的工作态度，热爱科研事业，愿为中心的建设与发展服务。    3.团队合作意识、执行力强，有较强的沟通和交流能力。    （二）基本条件    1.具有理工科专业背景。有科研项目管理经验优先。    2.身体健康，能承担一定的工作压力。    3.中共党员（含预备党员）优先。    （三）专业要求    土木工程、交通工程、交通运输、交通设备与控制工程、轨道交通、智慧交通、交通设备与控制工程、智能运输工程、信息技术、人工智能等相关专业。    （三）岗位内容 ,5月26日,山东交通学院交通基础设施建设工程研究中心，原山东交通学院公路工程研究所，下设山交测试装备应用与检测技术研究院和济南北方交通工程咨询监理有限公司，中心发展至今已三十余载，以创业的精神、创新的意识、科学的态度和务实的工作，致力于服务交通行业和国家战略发展，现已逐步发展成为以公路工程监理和工程咨询业务支撑，以创新发展和多元发展为两翼的综合型国有企业，开创了科技创新带动产业发展、产教融合推动产业发展的交通建设新局面，形成了科技研发与主导产业融合互促的新格局。济南北方交通工程咨询监理有限公司（以下简称公司），成立于1994年，原交通运输部北京育才交通工程咨询监理公司北方分公司，持有交通运输部公路工程监理甲级资质、交通运输部公路工程试验检测综合乙级资质，为山东省和济南市“专精特新”企业、山东省和济南市“瞪羚企业”和高新技术企业，以及中国交通建设监理协会理事单位、中国公路学会理事单位、山东公路学会理事单位、中国投资协会高新技术投资专业委员会会员单位。设立了山东省交通工程重点实验室——云基物联网高速公路建养设备智能化试验室。公司通过了国际ISO（质量、环境和职业健康安全）体系认证，连续多年获得全国公路建设市场“AA”信用评价。公司遵循“交通强国、交通强省”战略、服务山东省新旧动能转换重大工程、助力交通强国山东示范区建设，以打造集咨询、监理、检测、科研于一体的综合型国内一流科技服务企业为目标，坚持聚焦主责主业，积极探索智慧交通、绿色交通、数字交通、智能装备、新型交通基础设施建设以及新一代信息技术等业务，积累了科技研发、人才培育、平台建设等管理经验，为加快转型升级奠定了基础。山交测试装备应用与检测技术研究院（以下简称研究院），是在土木工程和交通工程领域内专注于测试装备和检测技术的科学研究和技术服务机构，设立了济南市工程研究中心——数字交通新基建济南市工程研究中心。研究院重点围绕“道路智能装备”、“新型道路绿色建养技术”、“数据驱动交通安全精准研判与主动预防技术”、“交通材料智能检测与分析”以及“数字交通、智慧交通”等研究领域开展研发攻关工作。截止目前研发了国内首台“高速公路智能无人驾驶自动划线车”，工作成效得到中国公路学会和山东省交通运输厅、山东高速和有关专家的高度认可和好评，并且已应用到工程实际；开发了“山交智慧云平台”，为工程企业全方位开展工程技术人员的安全培训教育及测试提供服务和支持，目前已在100余家涉交通类企业推广应用，以及开发了高速公路虚拟仿真安全评价及应急调度系统以及基于G25长深线的道路测绘系统，研究成果被评为国内领先水平并获得了山东省公路学会优秀科技成果一等奖。多次主办和承办了国家级、省级高层次论坛和展会，如2020智慧交通高峰论坛暨第三届车路协同自动驾驶国际论坛、基于5G+北斗的交通新技术应用论坛、交通强省高层论坛、2021泰山科技论坛暨利用地球遥感对桥梁通道进行水文勘测技术论坛以及2020中国（山东）智慧交通产业博览会。中心“立足新发展阶段、贯彻新发展理念、构建新发展格局”发展理念，加大科技研发投入，发挥知识产权价值，坚持协同创新、跨界发展，突破技术限制和壁垒，促进交通产业高质量发展。充分发挥交通产业优势，着力推动科技创新平台建设，打造创新驱动发展引擎，开启了多元化业务发展新征程。中心加强“产学研用”深度结合，提高服务社会效能。目前，中心联合科研院所共组织和承担了纵横向科研课题20余项，取得发明专利、实用新型专利和外观专利20余项，计算机软著15项，正在申报的各项专利30余项，参编团体标准3项，山东省企业技术创新项目立项4项，交通厅立项1项，《面向安全生产的交通数字智能学习平台建设与应用研究》荣获“济南市优秀科技创新项目奖”。中心树立“择优引进、强力培养、优化结构、培育团队”人才队伍建设方针，持续引进外部高端人才（团队），构建高层次创新团队，充实完善科研团队建设，整合集体智慧、整合优势资源，推动成果转换、技术创新、跨界合作高质发展。道阻且长，行则将至；行而不辍，未来可期。中心将继续保持披荆斩棘、勇毅前行的战略定力，自信果敢、自强不息的精神风貌，永不懈怠、锐意进取的奋斗姿态，积极推动行业技术创新，强化人才和科技支撑，借助“交通+”优势，打通应用研究、科技成果转化与交通产业链条，持续融入建设“教育强国”“交通强国”及黄河流域高质量发展、山东省新旧动能转换等国家和地方发展战略，不断提升社会服务能力和水平。,"https://www.zhaopin.com/jobdetail/CC375882810J40713229610.htm?refcode=4019&srccode=401901&preactionid=a7c1140f-c46c-45e5-b867-ab342d8bdc77"
3845,硬件测试,佛山-南海区,4000-8000元,佛山耀立电气有限公司,"电气机械/电力设备,电子/半导体/集成电路",20-99人,A轮,CC488656880J40691931016,岗位职责： 1、熟悉各类电子元器件及其性能，执行生产前的来料检验、测试； 2、负责电路与仪表仪器等设备的调试工作； 3、进行电路板的焊接与测试，并协助产品的装配、调试等工作。 任职资格： 1、大专及以上学历，电子信息工程、质量管理等相关专业; 2、具有半年及以上质量管理相关工作经验，熟悉电路与电子元器件: 3、能够使用万用表、示波器等基础检测工具; 4、具有 iso90001 质量管理体系认证证书优先； 5、责任心强，积极主动，具有良好的沟通表达能力。福利待遇:    1.购买五险:养老，医疗，生育，工伤，失业(试用期即购买)    2.薪资结构:基本薪资+岗位工资全勤奖+年终奖+绩效+津贴(住房补贴公司可配合申请政府公租房解决住房问题，平时各种激励奖励，满3年有机会获年终分红和股票期权)    3.工作时间:每天7.5小时工作制(9:00 -12:00 .13:00-17:30)    4.培训体系:(入职培训+带薪技能培训+行业培训)配备入职指导老师，一对一培训带教，快速适应，边工作边学习，此外，还有内部培养晋升培训，公平透明的晋升平台，快速成长。）    5.带薪假期:公司所有员工享受国家法定节假日，带薪年假，婚丧假，4小时公假，哺乳假，产假等假期。    6.企业活动:团建，下午茶，生日会等    7.发展空间:完善的职业发展规划，不同的发展路径，同时也为优秀应届毕业生提供广阔的发展空间让每一位员工快速成长    8.其他福利:法定节假日有节日福利发放，年终奖等    9.行业前景:公司属于朝阳行业，发展前景广阔，潜力巨大    公司正处于高速发展期，以80.90小伙伴为主，氛围轻松活跃，轻松办公职场，期待优秀的你加入，让有趣的灵魂一起相遇！    职位福利:绩效奖金、加班补助、全勤奖、带薪年假、不加班、住房补贴、五险、年底双薪 ,4月1日,佛山耀立电气有限公司是一家高端智能装备公司，专注于为客户提供机器人智能焊接电源及自动化一站式解决方案。耀立电气基于自主研发的焊接控制算法，打造一系列适用于机器人自动焊接领域的智能硬件设备以及系统，打破了国外品牌在高端焊接装备领域的技术钳制，解决了企业招聘焊接工人难、生产效率低下、人力成本攀升等难题。公司已联合浙江中科院、华南理工大学，设立产学研创新中心，在船舶与海洋工程、海上风力发电、石油天然气管道、大型发电设备等领域进行行业应用研发、技术人才培养及客户技术服务的联合研究开发，助力我国制造业高质量发展。,"https://www.zhaopin.com/jobdetail/CC488656880J40691931016.htm?refcode=4019&srccode=401901&preactionid=a7c1140f-c46c-45e5-b867-ab342d8bdc77"
3846,测试工程师,深圳-龙岗区,6000-10000元·13薪,深圳胡杨智能创新有限公司,"人工智能,消费电子产品,智能硬件",20-99人,不需要融资,CCL1320292810J40232835204,测试计划开发：根据产品需求和设计文档，制定详细的测试计划和测试用例。   功能测试：执行功能测试，确保扫地机器人的各项功能（如清扫、导航、避障等）符合设计要求。   性能测试：评估扫地机器人在不同环境条件下的性能表现，包括电池续航、清洁效率、噪音水平等。   可靠性测试：进行长时间运行测试，确保产品在长时间使用中的稳定性和可靠性。   用户体验测试：模拟用户使用场景，评估产品的易用性和用户体验。   问题跟踪与报告：记录测试过程中发现的问题，并与开发团队合作，跟踪问题的解决进度。   文档编写：编写测试报告和相关文档，确保测试过程和结果的可追溯性。 ,6月21日,深圳胡杨智能创新有限公司是一家专业从事家居智能清洁用品及智能宠物产品设计制造商，公司集设计、研发、生产及销售于一体，有强大的研发体系及自主核心技术，包括软件算法、硬件设计、结构设计及模具制作，核心技术人员均来自华为、富士康、必胜等知名企业，具有丰富的智能产品开发经验。制造基地拥有三万多平米的产业园区，配套模具、注塑、SMT、生产制造，建立了行业标准的实验室及先进的生产流水线，管理团队均来自行业知名企业，拥有丰富的管理经验及先进的管理理念，公司立志通过三至五年的发展努力成为行业优势品牌企业。经营理念：以客户为中心，成就客户。企业文化：专注、创新、开放、合作、共赢。,"https://www.zhaopin.com/jobdetail/CCL1320292810J40232835204.htm?refcode=4019&srccode=401901&preactionid=a7c1140f-c46c-45e5-b867-ab342d8bdc77"
3847,实施工程师,北京-海淀区,1.3-1.8万,北京国基科技股份有限公司,"电子/半导体/集成电路,智能硬件,物联网,通信/网络设备",100-299人,未融资,CC212804510J40515084404,特别说明：本次招聘作为公司后备骨干培养岗位，有较大的发展空间。同时，公司有应届生落户北京的名额。,7月25日,北京国基科技股份有限公司成立于2004年，是智能硬件系统和工业互联网关键技术研发和解决方案提供商，2010年在“新三板”挂牌，证券代码430076。公司是国家高新技术企业，工信部认证的专精特新“小巨人”企业；通过了质量、环境、职业健康安全等国际管理体系认证。国基科技专注于工业互联网应用技术开发平台、嵌入式计算机及智能设备、宽带无线应用、人工智能等新一代信息技术的研发和行业应用，为国防电子、港口自动化、油田数字化、智慧林业、边防智能管控、公安维稳、智能交通、电信运营、水利电力等国家重点产业建设提供先进可靠产品及解决方案。公司主要产品包括智能系统系列、无线宽带系列、工业互联网及物联网应用软件系列产品及整体解决方案等；公司长期注重研发投入，有深厚技术与经验积累，已取得两百多项专利、软著及省级以上新产品认证。公司以实现客户价值为关注焦点，重视质量和用户体验，在上海、山东、河南、陕西、天津、浙江、福建、广东、广西和新疆建立了研发或工程服务中心，在廊坊建有生产测试基地，与用户深度合作创新，是用户信得过的合作伙伴。国基科技公司秉承“服务·责任·致诚·创新·成长”的企业价值观，与各界合作伙伴长期互信互惠，致力成为对社会有持续价值的卓越企业！,"https://www.zhaopin.com/jobdetail/CC212804510J40515084404.htm?refcode=4019&srccode=401901&preactionid=a7c1140f-c46c-45e5-b867-ab342d8bdc77"
3848,技术支持工程师,商洛-商州区,8000-14000元,青岛安然物联网科技有限公司,"物联网,物联网",20-99人,未融资,CC559764920J40823509804,需要弱电技术、自动化、安防系统、工业互联网+危化安全生产、物联网人才，不要纯软件人才。  你能经常到全国各地出差吗？你能到工业生产现场生产现场做技术支持吗？   真正的奋斗者在安然会有让人值得为之奋斗的事业，会有充实、高效的成长，会有高人一等的收入。   你能做好售前技术支持、根据客户需求，高效制作方案吗？你能做好售中技术支持、指导他人正确安装、部署、调试系统向用户保质保量快速交付吗？你能做好售后维护，高效沟通和落实客户需求吗？   迄今已服务中石化、中石油、延长石油、国能、兖矿、京能、索普、新安、奇美、昊源、潞安、旭阳、垦利、逸盛、海科、酒钢、金发等几百家石化、化工、选煤、钢铁、电厂企业。    安然以客户为中心，以强者为本，抬头乐干，愿意与同道中人联合、链接，携手共建、共用、共享生产安全命运共同体，一起干，一起干，让优秀企业更安全，让优秀企业更高效！,7月13日,基于精准人员定位的工业安全生产信息化管理专家，安全生产信息化管理引领者！作为全国实时定位技术标准工作组成员和应急管理部“工业互联网+危化安全生产”人员定位系统技术支持机构，安然从2012年起致力于基于ZigBee Plus三维立体按需精准定位的“工业互联网+安全生产”的研究，获得了20多项安全智能管控系统发明专利和著作权，持续引领中国化工行业生产现场智慧安全！安然以“准、稳、狠”的ZigBee Plus三维立体按需精准人员定位统和“底数清、数据准、情况明、研判准、措施实”的安全生产信息化平台为核心，整合访客管理、出入口控制、人脸识别、视频监控、语音广播、重大危险源监控、可燃有毒气体监测等系统，对生产现场人、机、料、法、环五大要素进行实时、动态、智能管控和预警，规范人的安全行为，保障人的生命安全，有效防范风险、主动化解风险，实现智慧安全。安然“以用为本”，把安全生产信息化建设与公司管理体系“深度融合”，把安全生产信息化建设与日常工作“紧密结合”，对安全生产切实“有用、实用、好用”，避免建用“两张皮”，让安全管控更智能，让生产更高效才实用。迄今已服务中石化、中石油、延长石油、国能、兖矿、京能、索普、新安、奇美、昊源、潞安、旭阳、垦利、逸盛、海科、酒钢、金发等几百家石化、化工、选煤、钢铁、电厂企业。安然以客户为中心，以强者为本，抬头乐干，愿意与同道中人联合、链接，携手共建、共用、共享生产安全命运共同体，一起干，一起干，让优秀企业更安全，让优秀企业更高效！,"https://www.zhaopin.com/jobdetail/CC559764920J40823509804.htm?refcode=4019&srccode=401901&preactionid=a7c1140f-c46c-45e5-b867-ab342d8bdc77"
3849,测试工程师,杭州-滨江区,5000-8000元·13薪,浙江同普医疗科技有限公司,医疗设备/器械,100-299人,未融资,CC859978810J40150308310,1、负责产品的测试工作，建立测试环境和计划；  2、提交测试报告，撰写用户说明书；,1月17日,浙江同普医疗科技有限公司立足于高科技医疗领域，是高新医疗技术、产品及服务的开发商、制造商和供应商，目前主要从事麻醉、呼吸、重症监护、手术室等领域医用导管的研发、生产和销售，产品在临床上广泛应用于手术、治疗、急救和护理等医疗领域。公司秉承“完美品质，真诚服务”的经营宗旨，建立了完善的研发技术中心、专业化的生产线和先进的检测实验室，公司顺利通过了ISO13485的质量体系认证、医疗器械生产质量管理规范，所有产品取得了国家药品监督管理局发布的医疗器械注册证、并通过了欧盟CE产品认证。站在时代前沿的同普医疗，作为以科技服务医疗的企业，始终坚持开发更能满足临床需求的新锐产品——致力于麻醉、呼吸、重症监护、手术室等领域，为这些专业领域提供最佳治疗方案和优质产品。同普医疗正处在崭新的发展时期，将始终如一地支持民族医疗产业的发展，在技术创新、学术支持、培育人才，以及提供雇佣机会和社会援助等方面不断努力，为国内医疗产业的进步做出贡献。,"https://www.zhaopin.com/jobdetail/CC859978810J40150308310.htm?refcode=4019&srccode=401901&preactionid=a7c1140f-c46c-45e5-b867-ab342d8bdc77"
3850,Java,苏州-吴中区,4000-7000元,坤厚智能物流装备(苏州)有限公司,"人工智能,工业自动化",20-99人,A轮,CCL1239605960J40703201005,机械设备／机电／重工、仪器仪表／工业自动化、物流／仓储等相关行业 岗位职责： 1、负责机器人管理系统的开发与测试； 2、负责机器人交互界面的功能开发与测试； 3、负责相关文档编写； 4、负责项目的前期部署和中期维护，直接对接客户并解决项目中客户需求内容。  任职要求：  教育背景—  本科及以上学历，计算机软件及相关专业；  工作经验—  1、了解java常用的框架，使用过Springboot等的优先；  2、了解java的运行原理，具备面向对象的编程思路；；  3、了解tcp udp http等常用网络通讯协议；  4、会使用linux，了解常用指令的优先；  5、会使用git，超级终端等工具，了解常用指令的优先；  6、具备需求分析和系统设计能力，具备独立分析解决问题能力；  7、具有良好的沟通和表达能力、富有团队精神和责任感；  品德技能—  1、沟通能力强，能处理反复繁杂的需求改动，逻辑思维能力强，具有化繁为简等能力；  2、学习能力强，在一段时间的培训期或适应期后，需要具备解决问题的能力。,4月21日,苏州坤厚自动化科技有限公司是一家以机器人定位导航和群控技术为核心的高新技术企业。公司的主要业务包括，应用于工业领域的移动机器人定位导航模块KH-NaviKit和基于该技术的无人叉车智能物流系统。目前公司已进入a轮融资阶段，融资金额已达数千万。坤厚科技独立研发，具有自主知识产权的KH-NaviKit核心导航模块，是一款专业应用于工业领域的移动机器人定位导航模块。KH-NaviKit结合并行计算技术和无轨，无反导航理论的高性能、低功耗、小尺寸、嵌入式机器人控制器，应用国际前沿雷达技术，其计算核心比国内外同类产品的计算效能高出数十倍之多，而其功耗和体积仅仅为同类产品的十分之一左右。使之成为工业移动机器人平台理想的定位导航解决方案。在KH-NaviKit技术基础之上，苏州坤厚自动化为工业自动化和物流仓储领域定制开发了无人叉车AGV智能物流系统。该系统由无人叉车AGV群、多并发交通管制器、智能ERP/WMS接口系统等三部分软硬件模块组成。可以通过通用数据库或文本文件轻松对接客户业务流程系统（ERP/WMS），进而激发交通管制系统自主引导车辆完成任务。目前公司主打的无人叉车AGV，具有多种可选择的形态。在复杂多变、人机互融的工业环境中，任务执行由在线无人叉车AGV择最优路径完成。该系统高效而精简，可以灵活部署在客户现场服务器或者云端的虚拟主机上。配合该系统日志功能，客户可以从海量数据中挖掘出适合本公司物流模型的数据模型，从而优化运营节约成本。目前在全国多地，如北京，山东，江苏，浙江，广东，内蒙古均有客户使用坤厚的产品。,"https://www.zhaopin.com/jobdetail/CCL1239605960J40703201005.htm?refcode=4019&srccode=401901&preactionid=a7c1140f-c46c-45e5-b867-ab342d8bdc77"
3851,实施工程师,上海-崇明区,6000-11000元,江西晟世昶丰人才科技有限公司,人力资源服务,100-299人,,CCL1366842170J40755148910,工作职责: 1、按项目经理要求开展机器人项目的实施及售后服务工作; 2、负责助理服务工程师的实施能力培养; 3、负责实施方案编写及机器人现场调试; 4、负责客户培训及维护指导。 任职要求: 1、自控、计算机、机电一体化等相关专业毕业，大专以上学历; 2、良好的沟通协调能力、主动的学习能力和团队合作意识。,7月19日,,"https://www.zhaopin.com/jobdetail/CCL1366842170J40755148910.htm?refcode=4019&srccode=401901&preactionid=a7c1140f-c46c-45e5-b867-ab342d8bdc77"
3852,C/C++,惠州-惠城区,6000-12000元,后来自控技术(惠州)有限公司,"工业自动化,工业自动化,仪器仪表制造,电子设备制造",20-99人,不需要融资,CCL1370966620J40631954406,岗位要求：1、计算机软件或相关专业，大专及以上学历；,7月16日,后来自控技术（惠州）有限公司公司简介：后来自控是一家为自动化机械设备提供精密位置传感器及控制器的高新技术生产企业。公司生产及经营的主要产品：数控软件、运动控制器、直流/交流驱动器、高精度光栅测量系统、磁栅尺、磁栅数显、磁栅控制。公司宗旨：脚踏实地，实现共赢！本着以德为先，以才为重的人才理念，诚邀有识之士携手并进！,"https://www.zhaopin.com/jobdetail/CCL1370966620J40631954406.htm?refcode=4019&srccode=401901&preactionid=a7c1140f-c46c-45e5-b867-ab342d8bdc77"
3853,实施工程师,深圳-福田区,6000-11000元,深圳市方度电子有限公司,"互联网,IT服务,电子/半导体/集成电路",20-99人,,CC291355410J40274091011,职位描述 1、平台软件：需求沟通、系统巡检、日常技术支撑（系统升级、问题排查解决、技术咨询、客用户培训赋能等)、能够独立处理安防平台软件安装、配置、运行过程中的问题；  2、完成项目现场日常巡检，问题处理，技术指导等工作，并定期汇报；  3、反馈产品缺陷，推进产品质量改进；  4、跟进客户的相关业务需求，提高客户服务体验。  该职位为外派岗，外派海康威视上班。 职位要求 1、本科及以上学历，计算机（优先）、电子、软件工程、通信工程、信息技术等相关专业（优秀应届生）；  2、具备简单排查硬件设备故障的能力；  3、有LINUX操作系统相关的安装、操作和日常维护能力；  4、具备数据库运维能力，了解数据库的操作；  5.具备一定网络知识，对TCP、UDP、HTTP网络协议有较好的认识，熟练使用wireshark、sockettool等常用工具；  6、具有较强的分析和解决问题的能力、动手能力和应变能力，良好的沟通能力；  7、具有良好的团队合作和服务意识；诚信正直，责任感强。  8、具备安防行业知识技能，对安防行业视频监控、云存储、大数据、智能识别有一定了解者优先； 职位福利：五险一金、弹性工作、定期团建、节日福利   ,7月14日,深圳市方度电子有限公司，成立于2005年12月，注册资本500万元。注册地址深圳市福田区华强北路2006号华联发大厦421。为扩展海外电子商务业务，我司新成立亚马逊团队，急需有经验，有能力的优质人才。,"https://www.zhaopin.com/jobdetail/CC291355410J40274091011.htm?refcode=4019&srccode=401901&preactionid=a7c1140f-c46c-45e5-b867-ab342d8bdc77"
3854,Java,杭州-滨江区,1.3-2.6万·16薪,外企德科数字技术有限公司,专业技术服务,10000人以上,,CCL1480117890J40793091405,任职要求： 1、热爱编程，基础扎实，熟悉掌握但不限于JAVA/C++/C/Python/JS/HTML/GO等统程语言中某个或多种，有良好的编程习惯； 2、具备独立工作能力和解决问题的能力、苦于沟通，乐于合作，热忠新技术，善于总結分享，喜欢动手实践； 3、对数据结构、算法有一定了解；,2025-07-27 00:25:57,外企德科数字技术有限公司是一家2023年新成立的中外合资企业。成立于2023年11月24日，公司定位：专注于为信息技术企业提供人才及数字技术外包解决方案的中外合资企业。它是由中国人力资源服务行业的FESCO（北京国际人力资本集团）与全球人力资源服务领导者The Adecco Group（德科集团）合资成立的。公司主要提供网络技术服务、软件外包服务、计算机系统服务、技术进出口、软件开发等信息技术相关服务。专注于为信息技术企业提供信息技术类人才及数字技术外包解决方案。,"https://www.zhaopin.com/jobdetail/CCL1480117890J40793091405.htm?refcode=4019&srccode=401901&preactionid=a7c1140f-c46c-45e5-b867-ab342d8bdc77"
3855,实施工程师,哈尔滨-松北区,面议,海信集团,"电子设备制造,电子/半导体/集成电路,运营商/增值服务,电子设备制造",10000人以上,,CC132067430J40815617003,岗位职责:,7月21日,"海信成立于1969年。拥有海信视像、海信家电、三电控股、乾照光电、科林电气五家在上海、深圳、香港、东京四地的上市公司，旗下有海信、东芝电视、容声、gorenje、ASKO等多个品牌。2023年，海信保持稳健增长，全年营收2022亿元，利润总额136亿元，同比增长11%。海外收入858亿元，占整体营收42.5%。海信总部位于中国青岛。55年来，海信坚持“诚实正直、务实创新、用户至上、永续经营”的核心价值观和“技术立企、稳健经营”的发展战略。以显示和智能家电为核心的消费者业务，海信始终处在全球行业前列；在关键器部件、汽车电子、光通信、智慧交通等为代表的等政府与企业业务，海信占据全国乃至全球领先位置。多年来，海信始终以显示和图像处理技术为核心，在视像产业生态链纵深布局，聚焦家庭、商用、车载3大场景，自主研发的ULED X和激光显示两大高端技术平台全球领先。2023年，海信系电视全球出货量蝉联世界第二。海信系冰箱国内线下市场占有率位居第二，冰箱出口额位居中国第三。海信空调首创前置混合新风技术，新风空调线下销售额占率位居中国第二。做精做久，以稳致远。海信持续将产品向高端转型，产业链向高技术延伸，产业架构向高科技转移，持续打造高质量好产品。海信系多联式中央空调产品市场占有率中国第一。海信旗下三电公司是全球领先的汽车空调压缩机和汽车空调系统一级制造供应商，生产的车载空调压缩机销售量占有率排名全球第二。海信宽带是全球领先光通信器件供应商，接入网光模块产品全球领先。在智能交通领域，海信连续多年ITS行业市场领先，产品和解决方案应用于全国176个城市，并出海埃塞俄比亚等国家。基于图像处理、智能交互的深厚技术沉淀，海信医疗围绕微创外科和超声诊疗两大方向持续深耕，产品涵盖内窥镜、智慧手术部、医用显示设备、彩超设备等核心产品及智慧解决方案。在商用显示领域，聚焦教育、交通、零售行业，逐步形成在智慧教育、智慧办公、智能显示等领域的产品开发和系统解决方案的整体布局，海外业务覆盖全球40多个国家和地区。在新型能源领域，海信网络能源从储能应用场景出发，提供“配套-系统-方案-平台”全链路的储能解决方案，应用到全国30余个重点储能项目中，并进入意大利、德国、荷兰、西班牙等欧洲市场。海信旗下科林电气深耕输配电设备二十余年，是中国智慧电气引领者。海信通信结合20多年的技术积累，聚焦国内外三防通信解决方案研发和销售，已形成拥有执法记录仪、智能单兵、智能巡检终端以及自主研发的海联多媒体融合指挥调度平台等多个产品线，为用户打造端到端的整体解决方案。在谷歌与凯度联合发布的《BrandZ™中国全球化品牌50强》中,海信已经连续8年成为中国全球化品牌10强，产品远销160多个国家和地区，连续赞助2016年欧洲杯、2018年世界杯和2020年欧洲杯、2022年世界杯、2024年欧洲杯等世界顶级体育赛事。海信是国家首批创新型企业，两次获得“全国质量奖”。目前，海信拥有青岛、顺德、江门、斯洛文尼亚、南非、墨西哥等34个工业园区和生产基地，设有青岛、深圳、美国、德国等共26所研发机构，设有64个海外公司和办事处，拥有工程技术人员1万余人，硕士博士8000余人，初步建立了全球协同的研发体系。海信集团因持续研发绿色低碳技术、积极履行社会责任等卓越表现三度入选《财富》中国ESG影响力榜。","https://www.zhaopin.com/jobdetail/CC132067430J40815617003.htm?refcode=4019&srccode=401901&preactionid=a7c1140f-c46c-45e5-b867-ab342d8bdc77"
3856,科研人员,深圳-南山区,3-4万·13薪,武汉中科先进材料科技有限公司,"学术/科研,科学技术推广",100-299人,未融资,CC839441510J40758794801,岗位职责 1.钙钛矿半导体光电探测器制备与性能研究； 2.学术成果发表：与合作导师共同承担科研课题，发表高水平研究论文，申请各类科研项目、专利； 3.研究计划执行：根据导师的研究方向和项目需求，提出并执行详细的研究计划，确保博士后阶段的科研任务顺利完成。 任职条件 1.已经或即将获得博士学位；年龄不超过35周岁（含），博士毕业不超过三年，未在广东省内从事过博士后工作； 2. 具有化学、物理或材料专业背景，熟悉科研前沿热点领域，具有材料合成、钙钛矿光电器件制备、器件物理机制表征等领域研究经验者优先； 3.拥有独立开展科研工作的能力，具备发表高水平学术论文的经历，特别是钙钛矿X射线辐射探测器方面的成果。 4.良好的英文阅读、写作及交流能力，以***作者作者在领域内一区及以上刊物发表过至少1篇SCI论文。 5.热爱科研、勤奋努力，有良好的团队协作精神和沟通协调能力。,7月24日,武汉中科先进技术研究院有限公司（简称“武汉先进院”）于2018年10月在武汉开发区注册，2019年5月开始运行，是中国科学院系统在武汉市成立的第一家国有控股企业法人新型研发机构，由中国科学院深圳先进技术研究院、武汉市和武汉开发区联合共建。武汉先进院面向国际科技前沿和国家产业战略需求，致力于实现部分“卡脖子”关键材料和技术的产业突围，努力建成国内一流的“硬科技”成果转移转化平台。依托中科院深圳先进院材料所研发团队，围绕电子信息和生物医用材料，在武汉建设电子材料、超表面材料与装备、生物材料以及前瞻性等4个研发中心，并开展百亩产业园区、高科技企业孵化器、多支产业基金和科技双创服务平台建设，快速推进科研项目产业化。武汉先进院高度重视高端人才引进及科研队伍能力建设，拥有包括多名海归人才在内的高学历科研团队。目前在职员工87名，博士16人，硕士34人，硕士以上学历占比57.4%，海外留学归国人员5名，具有丰富产业化经验。武汉先进院依托中国科学院深圳先进技术研究院强大的科研力量支持，武汉先进院在未来将以建设国际一流的产业技术研究院为目标，围绕电子信息材料和生物医用材料两大方向，分为三个阶段，建设“科技+产业+金融+服务”四位一体的微创新体系，助推区域产业创新能力不断发展，促进创新成果涌现，营造全国领先的产研融合的生态环境。中国科学院深圳先进技术研究院的简介：中国科学院深圳先进技术研究院是中国科学院和深圳市共建的新型国立科研机构，成立于2006年，定位创新的工业技术研究院，具有鲜明的多学科交叉、集成创新的特色与优势。先进院材料所材料界面研究中心（http://xmater.siat.ac.cn）成立于2016年初，中心拥有实验办公场地2000平米，科研设备总价值超过3000万元，拥有两个市级科研平台，构建了完备了材料制备、表征和应用技术平台。中心近五年来承担各级科研项目经费过亿元，包括企业横向项目3000余万；发表JCR一区论文70多篇；申请发明专利90多项，16项专利以3200万元实现技术转让。中心还承担武汉中科先进技术研究院及相关产业园建设、并成功孵化2家高科技公司作为中心产业化平台。,"https://www.zhaopin.com/jobdetail/CC839441510J40758794801.htm?refcode=4019&srccode=401901&preactionid=a7c1140f-c46c-45e5-b867-ab342d8bdc77"
3857,Java,长春-朝阳区,8000-15000元,江西华夏希望润泽文化科技有限责任公司,零售/批发,20-99人,,CCL1503216920J40735172116,岗位内容： 1. 负责Java应用程序的设计与开发，包括需求分析、系统设计、编码和测试等环节。 2. 研究新技术，不断提升开发效率和程序性能。 3. 改进现有系统、优化系统资源，提高系统稳定性和可靠性。 4. 参与团队内部培训、交流与分享会议，促进整个团队技术水平的提升。 任职要求： 1. 熟悉Java语言，熟练掌握Spring框架及相关开源技术。 2. 具备扎实的计算机基础，熟悉数据结构、算法和网络编程等知识点。 3. 具备初步的Web开发经验，熟悉HTML、CSS、JavaScript等前端技术。 4. 具有较强的自学能力、问题解决能力和团队协作能力。,7月23日,,"https://www.zhaopin.com/jobdetail/CCL1503216920J40735172116.htm?refcode=4019&srccode=401901&preactionid=a7c1140f-c46c-45e5-b867-ab342d8bdc77"
3858,技术支持工程师,太原-小店区,3000-6000元,山西万测科贸有限公司,"专业技术服务,专业技术服务",20-99人,未融资,CZ410807880J00114498909,实验室仪器设备的安装、调试、培训和维修；   具有良好的客户沟通能力；   化学、生物、环境、电子等相关专业；   可省内出差； ,5月22日,山西万测科贸有限公司成立于山西转型综合改革示范区，主要从事实验室技术服务工作。公司行业背景深厚，拥有一只技术精湛、经验丰富的专业团队，一直秉承“严谨高效、精准服务”的作风，为检验检测机构提供从分析仪器、前处理设备、试剂耗材、人员培训、技术咨询、检验检测到实验室规划设计、实验室建设、实验室整体迁移、实验室认证、实验室运维等整体解决方案，可满足用户在不同阶段的技术需求。在用户的支持和公司全体员工的努力下，万测得到行业内外众多客户的认可与肯定。面向未来，公司全体将持续创新，不断探索，勇于实践，努力为行业造平台，为社会做贡献。,"https://www.zhaopin.com/jobdetail/CZ410807880J00114498909.htm?refcode=4019&srccode=401901&preactionid=a7c1140f-c46c-45e5-b867-ab342d8bdc77"
3859,前端开发,石家庄-裕华区,8000-15000元,河北华网计算机技术有限公司,"计算机软件,IT服务,互联网,运营商/增值服务",100-299人,未融资,CC513974720J40691712806,1.3年以上相关工作经验，精通Vue3/React框架及生态(Vuex/Pinia、Redux、Vite等)， 2.熟悉响应式设计与组件化开发; 3.熟练使用Uniapp/Taro完成跨端项目开发，了解多端适配与性能调优方案; 4.掌握Node.js及Express/Koa框架，能独立完成后端接口开发及联调; 5.熟悉Tauri、Electron等桌面端开发框架，具备本地化应用开发经验优先; 6.熟练使用AI代码生成工具，能结合工具提升开发效率与代码健壮性。 7.具备注重解决问题的能力，能通过技术手段突破复杂业务场景(如高并发染、硬件交互); 8.学习能力强，对前沿技术(如WebAssembly、Rust等)保持敏感并快速实践; 9.熟悉数据结构与基础算法，能在性能优化中应用算法思维(如缓存策略、计算复杂度优化)。 10.有ai 智能体开发经验优先,7月17日,河北华网计算机技术有限公司隶属于河北省通信建设有限公司，注册资金1000万元，公司以软件开发、系统集成、电信增值业务等为主要工作内容，通过了软件企业认证，可以为各行业客户提供优良的信息化产品及满意的技术支持和服务。公司2008年组建，目前有员工约60人，包括软件开发、软件测试、系统集成、市场开发、项目管理等多方面的专业技术人员，本科及以上学历专业人才占到全部人数的80%以上。公司承接了众多信息化系统项目的研发，与国内三大通信运营商、多家知名院校、企事业单位建立了良好的合作关系，在多个行业形成了大量成功案例，受到用户一致好评，在同行业中拥有极高的信誉和口碑，我们诚挚地期待在更广阔的领域与您的合作！公司实行五天工作制，入职员工享有五险、带薪休假，每年安排定期体检；公司薪酬包括工资、绩效、补助等，有全勤补助、加班补助、交通补助、通信补助等，另外还有项目奖、半年奖、年终奖等。公司期待专业人士的加盟，共创信息化发展事业的未来。公司网站：www.huawangsoft.com总公司网站：www.hebccc.com,"https://www.zhaopin.com/jobdetail/CC513974720J40691712806.htm?refcode=4019&srccode=401901&preactionid=a7c1140f-c46c-45e5-b867-ab342d8bdc77"
3860,Java,深圳-龙岗区,1.6-1.8万·13薪,深圳市超现电子材料科技有限公司,零售/批发,20-99人,,CC892347400J40761688211,岗位内容： 1. 设计、开发并维护Java应用程序。 2. 解决各种技术难题，保证代码的可靠性、高效性和安全性。 3. 参与软件设计的讨论和计划制定。 4. 与其他团队成员协作工作，提高团队整体技术水平。 任职要求： 1. 熟悉Java语言及相关技术，熟悉Spring框架。 2. 具有扎实的编程基础和良好的面向对象编程思想。 3. 对常见数据库如MySQL、Oracle等有一定的了解和应用经验。 4. 对Web开发技术有深入理解，熟悉前端技术如HTML、CSS、JavaScript等。,7月24日,,"https://www.zhaopin.com/jobdetail/CC892347400J40761688211.htm?refcode=4019&srccode=401901&preactionid=a7c1140f-c46c-45e5-b867-ab342d8bdc77"
3861,实施工程师,西安-未央区,6000-9000元,陕西伊索禹创科技有限公司,互联网,300-499人,C轮,CCL1495085610J40799450613,岗位职责  1、负责软件实施交付工作，包括安装、部署、调试和客户培训等；   2、负责与用户交流并收集用户需求、编写需求文档;   4、处理项目实施过程中的客户协调工作和维护客户关系;   5、编写、修订相关文档，并提出项目实施改进计划。,7月14日,本公司主要包括云计算解决方案和网络安全解决方案，目前办公场地有5个地方，总面积超过3000平米。涉及用户有医院、高校、区政府、银行、军工、外企等多个行业、以及多个国内主流云厂商的合作。公司多次荣获各用户“最佳合作用户”称号，成为军工、教育等的核心合作伙伴‌。秉承“以客户为中心，坚持一次将事情做对”的理念，致力于成为行业内的服务标杆，实现员工和公司的共同价值。,"https://www.zhaopin.com/jobdetail/CCL1495085610J40799450613.htm?refcode=4019&srccode=401901&preactionid=a7c1140f-c46c-45e5-b867-ab342d8bdc77"
3862,C/C++,深圳-龙岗区,1.7-3万·15薪,外企德科数字技术有限公司,专业技术服务,10000人以上,,CCL1480117890J40616278505,岗位选择：  软件开发、软件测试、嵌入式开发、算法、运维、数据分析等（工作地点可选北京、上海、深圳、东莞、杭州、南京、武汉、成都、西安、长沙、苏州、济南、广州等）  岗位要求：  1、统招本科及以上学历（学信网可查），985/211/双一流大学优先；计算机、通信相关专业优先，非相关专业有相关工作经验也可以。  2、热爱编程，基础扎实，熟悉JAVA/C++/C/Python/JS/HTML/GO等编程语言中的一种或多种，有良好的编程习惯。  3、对数据结构、算法有一定了解，熟悉TCP/IP协议及互联网常见应用和协议的原理。  4、有IT应用软件、互联网软件、IOS/安卓等相关产品开发经验，熟悉网络安全、信息安全等相关领域。  5、熟悉软件开发过程，熟练运用软件开发工具，具备良好的软件工程能力。  6、具备独立工作能力和解决问题的能力，善于沟通，乐于合作，热衷新技术，善于总结分享，喜欢动手实践。  7、有强烈的团队合作精神，有良好的英语读写能力，有大型通信设备开发经验者优先。  岗位福利：  1、薪资结构：底薪+绩效+年终奖，入职即缴纳五险一金，额外补充商业险，每年一次调薪调职机会。  2、团建+内购会+班车+免费夜宵+节日福利+生日会+年度免费体检+公司内部健康驿站+带薪年假+半年导师一对一带教。  3、5天8小时，弹性打卡，双休，月末最后一个周六加班，双倍工资。  4、大厂待遇，合同签约4年，项目稳定，个人瓶颈期可申请挑战新项目，晋升空间广，办公环境高大上。,2025-07-27 00:23:23,外企德科数字技术有限公司是一家2023年新成立的中外合资企业。成立于2023年11月24日，公司定位：专注于为信息技术企业提供人才及数字技术外包解决方案的中外合资企业。它是由中国人力资源服务行业的FESCO（北京国际人力资本集团）与全球人力资源服务领导者The Adecco Group（德科集团）合资成立的。公司主要提供网络技术服务、软件外包服务、计算机系统服务、技术进出口、软件开发等信息技术相关服务。专注于为信息技术企业提供信息技术类人才及数字技术外包解决方案。,"https://www.zhaopin.com/jobdetail/CCL1480117890J40616278505.htm?refcode=4019&srccode=401901&preactionid=a7c1140f-c46c-45e5-b867-ab342d8bdc77"
3863,前端开发,成都-金牛区,1-1.5万,四川差旅壹号科技股份有限公司,"企业服务,旅游服务,企业服务",500-999人,已上市,CC206362310J40769245710,岗位职责: 1.负责差旅壹号各产品线的Web网站前端研发测试; 2.负责差旅壹号各产品线的易用性改进和界面技术优化 3.Web前沿技术研究和新技术调研。 岗位要求: 1.2026届应届毕业生，本科及以上学历，计算机相关专业优先; 2.熟悉HTML/XHTML、CSS，熟悉页面架构和布局，对Web标准和标签语义化有3.深入理解熟练掌握前端基础知识，对Vue/React的MVVM框架能熟练运用; 4.熟悉Ajax、JavaScript、DOM、XML、JSON等前端技术; 5.理解Web标准和兼容性，能编写符合W3C标准、兼容多种浏览器的前端页面代码，对用户体验、交互操作流程、及用户需求有深入理解; 6.实习薪资220/天，实习期间提供提供免费的晚餐和住宿,7月25日,差旅壹号是是企业一站式企业消费管理平台的领先品牌，致力于协助企业实现企业消费合规透明、降本增效、提高员工出行体验、做好高管服务保障的的数字化消费管理目标，协助企业降低消费综合成本30%以上。差旅壹号服务30家央企全集团，100余家国企集团，超过1000家上市公司和大型集团型公司。差旅壹号已经成功交付近20个央企差旅集采1+N平台系统，团队具有丰富的差旅集采咨询、产品研发、系统定制、项目交付、业务上线、集采推进的丰富成功经验。差旅壹号提供的机票、酒店、网约车和火车票等资源覆盖完整，价格有优势，服务有保证。同时差旅壹号推荐企业使用协议托管。差旅壹号企业一站式企业消费管理平台的应用架构、技术架构、安全架构、技术栈属于主流电商架构，拥有100毫秒的响应速度、99.999%的成功率，并且已经全面完成深度集成财务厂商、费控厂商、移动门户厂家、OA厂商、HR厂家产品，实现商旅出行一站式预订。,"https://www.zhaopin.com/jobdetail/CC206362310J40769245710.htm?refcode=4019&srccode=401901&preactionid=a7c1140f-c46c-45e5-b867-ab342d8bdc77"
3864,前端开发,南昌-青云谱区,5000-8000元,南昌玢耀信息技术有限公司,"财务/审计/税务,云计算/大数据",20-99人,不需要融资,CCL1468722750J40679597102,岗位内容： 1. 负责开发和维护前端系统和模块，确保其运行稳定可靠 2. 编写高效、清晰、易于维护的代码 3. 协调需求，与其他团队成员进行有效沟通和协作 任职要求： 1. 熟练掌握HTML、CSS和JavaScript，熟悉主流前端框架 2. 具备扎实的编程基础，良好的代码风格，注重代码品质   3. 擅长和团队合作，具备很好的沟通和协调能力,6月19日,南昌玢耀信息技术有限公司成立于2023年06月30日，注册地位于江西省南昌市青云谱区抚河南路99支路88号巨成金山商业广场，法定代表人为张龙康。经营范围包括一般项目：网络技术服务，技术服务、技术开发、技术咨询、技术交流、技术转让、技术推广，计算机系统服务，信息系统集成服务，信息技术咨询服务，工业控制计算机及系统销售，智能控制系统集成，国内贸易代理，办公设备耗材销售，计算机软硬件及辅助设备零售，软件销售，网络设备销售，电子产品销售，互联网设备销售，软件开发，信息系统运行维护服务，通讯设备销售，信息咨询服务（不含许可类信息咨询服务），社会经济咨询服务，财务咨询，教育咨询服务（不含涉许可审批的教育培训活动），税务服务，商务代理代办服务（除许可业务外，可自主依法经营法律法规非禁止或限制的项目,"https://www.zhaopin.com/jobdetail/CCL1468722750J40679597102.htm?refcode=4019&srccode=401901&preactionid=a7c1140f-c46c-45e5-b867-ab342d8bdc77"
3865,技术支持工程师,大连-金州区,4000-6000元·13薪,大连普林斯电子有限公司,"仪器仪表制造,计算机硬件,IT服务,互联网",20-99人,,CC261373380J40326682713,1. 岗位职责 1）支持产品现场安装、调试和服务；售前现场产品演示和技术销售演示； 开展售后客户支持，培训，产品维修和校准； 2）解释产品技术规范，如用户手册等； 3）掌握本领域竞争环境，对市场产品性能及发展动向以及用户反馈反应敏锐； 任职资格 1）大专以上学历，仪器仪表、电子、通信、计算机、工业自动化相关专业； 2）具有良好的沟通表达能力、较强的学习和动手能力，独立问题分析和解决能力； 3）具有良好的客户服务意识和团队合作意识，为人有责任心，诚实肯干，吃苦耐劳、能够承受一定工作压力； 4）两年以上工作经验。 5）能适应出差。 6）有驾驶证熟练掌握驾驶技术的优先考虑。 职位福利：五险一金、周末双休、年终分红、包住、餐补、出差补贴、多次晋升机会、无官僚风气 ,7月30日,大连普林斯电子有限公司2012年5月注册成立，注册资金500万元，是专业从事流量仪表、能源信息管理系统开发的高新技术企业，主营业务超声波流量计研制销售，公司有博士带队的产品研发团队、主营产品特色突出，持有三项国家发明专利产品，物美价廉，销售市场主要以东北地区为主，面向全国，驻外有吉林、哈尔滨办事处普林斯电子自主研发的超声波流量计，拥有全部知识产权，获得多项国家专利，广泛应用于石油、化工、冶金、电力、给排水等领域。公司产品以先进的技术、优良的品质，深受广大用户的好评。普林斯电子将不断提高超声测流技术水平，以一流的产品和完善的技术服务体系满足用户需求，响应国家节能减排政策，为推动人类节水节能事业的发展做出贡献！,"https://www.zhaopin.com/jobdetail/CC261373380J40326682713.htm?refcode=4019&srccode=401901&preactionid=a7c1140f-c46c-45e5-b867-ab342d8bdc77"
3866,科研人员,宁波-鄞州区,2.5-3.5万,宁波筑鸿纳米科技有限公司,"环保,环保",20-99人,天使轮,CC393725030J40760018613,岗位职责： 1、超微纳米气泡高级氧化机理研究，包括反应物的产生、转化和污染物降解的详细路径。以及超微纳米气泡在氧化过程中的作用机制研究 2、超微纳米气泡高级氧化效能评价，以不同工业废水中常见的有机污染物为目标，评估超微纳米气泡高级氧化技术对它们的去除效果。通过超微纳米气泡与臭氧相结合，研究其在高级氧化领域的应用； 3、超微纳米气泡高级氧化技术工艺优化，评估超微纳米气泡高级氧化技术的经济性和可行性，包括设备投资、运行成本、能耗等方面的分析。   任职要求： 1、应聘者需具备博士学位，专业方向包括但不限于环境科学、环境工程、水处理方向等相关领域； 2、拥有超微纳米气泡技术、高级氧化技术、催化臭氧氧化技术等相关研究经验者优先考虑； 3、具备良好的实验设计、数据分析及知识产权申请、论文撰写能力； 4、具备良好的团队合作精神和沟通能力，能够高效完成团队分配的任务； 5、具有较强的创新意识和解决问题的能力，能够独立承担科研项目。,7月28日,宁波筑鸿纳米科技有限公司由国家级人才专家、正高级工程师、中国制水大工匠、国家科技部专家库专家、国家教育部专家、国家工信部专家、国际微纳米气泡学会会员、宁波市“3315”计划项目、宁波市高层次特优人才赵卓维领衔，组成复合型精英化团队，团队成员大多毕业于国内外著名高校及研究院。公司于2016年入选宁波市海外高层次人才引进“3315”计划，2020年入选国家级高新技术企业，同年入选国家级人才。团队深耕超微纳米气泡技术领域近10年，致力于超微纳米气泡技术的研发升级、多领域产业化应用，如河道治理、水产养殖、污废水处理、农作物增产、医疗健康等领域，同时进行全国范围的市场推广及产业化应用，实现进口替代，摆脱国外在该领域的技术封锁，经过多年的研发，使国内的超微纳米气泡技术向前推进了至少10年，技术国内领先，在实际使用过程中获得用户们的一致好评。公司现已获得多项发明专利授权，获评国家级人才项目、国家级高新技术企业、高端装备制造业重点领域国内首台（套）、浙江省级博士后工作站、浙江省重合同守信用“A”级企业、宁波市信用示范企业、宁波市绿色工厂、宁波市知识产权贯标企业，获得浙江省环境污染防治工程专项设计服务能力、工程总承包服务能力及设施运行服务能力乙级资质、ISO质量管理、环境管理及职业健康安全管理体系认证、信用评价AAA级信用企业等多项荣誉资质。筑鸿纳米科技愿为中国的青山绿水、为中国的国民创造更加美好的生活而贡献全部力量。,"https://www.zhaopin.com/jobdetail/CC393725030J40760018613.htm?refcode=4019&srccode=401901&preactionid=a7c1140f-c46c-45e5-b867-ab342d8bdc77"
3867,硬件测试,东莞-None,1-1.7万,软通动力信息技术(集团)股份有限公司,"互联网,IT服务,计算机软件",10000人以上,D轮及以上,CC000544460J40730697216,岗位职责： 协助客户进行电路、光路问题定位；了解光通信、光电检测的基本原理，对激光器、光放大器、PD等光电器件有基本了解  要求：熟悉使用矢量网络分析仪，频谱仪，示波器，信号源等设备，对s参数，频谱，相位噪声，杂散等指标由深刻理解，焊接能力强能够独立完成电路问题分析。,7月9日,软通动力信息技术（集团）股份有限公司（以下简称“软通动力”）是中国数字技术产品和服务创新领导企业，致力于成为一家具有全球影响力的科技企业，企业数字化转型可信赖合作伙伴。公司2005年成立于北京，多年来始终坚持科技创新，具有软硬全栈的智能技术产品和服务能力，提供软件与数字技术服务、计算产品与数字基础设施、数字能源与智算服务以及国际化服务。目前，公司在10余个重要行业服务超过1100家国内外客户，其中超过230家客户为世界500强或中国500强企业，员工近90000人。软通动力拥有软通咨询、软通金科、软通工业互联、机械革命、软通华方等业务子品牌，并在全球40余个城市布局业务，构建北美、日本、东南亚、中东四大国际交付中心，在北京城市副中心、江苏无锡建设两大智能制造基地。同时，公司前瞻布局智能制造、ICT软硬基础能力和生产力智能化产品，打造产业链闭环。软通动力设立30个能力中心，拥有1个国家级工程实验室，6个省市政府认定的工程、技术实验室及研发中心，1个博士后科研工作站，50+技术合作伙伴的生态合作体系，不断探索前沿技术的巨大商业应用潜力。公司旗下教育品牌软通教育，拥有一家全日制本科学院——郑州西亚斯学院数字技术产业学院；同时在全国合作院校600多所，设有70多个校企联合人才培养基地，通过校企合作、协同育人，为社会培养高素质应用型人才。软通动力先后获得“2023年中国IT服务市场排名TOP 1”、“2024年Q4 PC出货量国内市场份额排名TOP 2”、“2024年中国软件和信息技术服务竞争力百强企业”、“2023年中国信创企业100强”、“2024万得ESG评级（Wind ESG Rating）AA级及信息技术服务行业ESG综合得分排名第一”等荣誉及市场认可，并拥有全球软件工程领域最高级别CMMI V2.0成熟度5级评估认证、国家研发运营一体化（DevOps）三级能力成熟度模型认证、信息技术服务标准（ITSS）运维能力成熟度一级认证等专业资质，支撑公司更优质的服务体系。,"https://www.zhaopin.com/jobdetail/CC000544460J40730697216.htm?refcode=4019&srccode=401901&preactionid=a7c1140f-c46c-45e5-b867-ab342d8bdc77"
3868,硬件测试,广州-南沙区,8000-12000元,广州码石信息科技有限公司,"互联网,IT服务,互联网",20-99人,未融资,CC411333380J40796706905,岗位职责 1) 根据件产品需求制定测试方案、设计测试用例，搭建测试环境； 2) 根据测试用例完成相关测试，数据整理分析，完成测试报告，并协助研发人员进行缺陷定位与重现； 3) 负责编写产品测试相关技术规范。 任职要求 1) 电气、电子、计算机或自动化专业本科学历； 2) 熟练使用各种信号测试相关得仪器和软件工具，如：万用表、示波器、功率分析仪、DC源等。 3) 熟悉计算机软硬件系统和网络知识； 4）有python/c编程能力者优先； 5）很强的责任心，良好的沟通能力和表达能力，能适应出差，能承受一定的工作压力； 6）有定位终端产品测试经验优先。 福利待遇 1)五险一金； 2)双休，带薪年假及各种法定节假日； 3)年度绩效考核（根据考核结果调岗调薪及发放绩效奖金）； 4)免费班车； 5)丰富的员工活动； 6)节日福利； 7)开阔舒适的办公环境； 8)民主活跃、平等开放的工作环境； 9)与香港科技大学霍英东研究院精英团队的合作； 10)符合条件者，协助申请入户广州南沙户籍及南沙区新引进人才生活补贴本科3万元/硕士6万元/博士12万元等福利政策。,7月24日,广州码石信息科技有限公司，（简称“码石科技”）是香港科技大学霍英东研究院孵化的创新技术型企业，成立于2015年，注册资本为人民币壹仟万元，致力于精准室内定位技术研发，目前已推出识路SeekLane精准位置服务平台（简称“识路”），能在园区、交通枢纽、博物馆、展览馆、购物中心、停车场、医院等大型室内场景，实现室内外一体化无障碍“找人、找车、找地方”，可支持微信小程序、公众号、支付宝小程序、APP等多种应用，提供多楼层3D动态导航、室内外一体化定位导航、多人共享相互导航等功能与服务。码石科技拥有自主研发的H5架构下商用级别的室内动态驾车导航，独立研发的Trace+算法能保证室内定位导航具有极高的鲁棒性和极好的交互性。核心团队拥有多年从业经验，具备极强的创新型技术研发及算法设计能力，成员毕业于美国佐治亚理工大学、英国杜伦大学、香港科技大学、浙江大学等国内外知名大学。目前，码石科技已为广东省人民医院、深圳湾科技生态园、南沙邮轮母港、南沙资讯科技园、广东省博物馆、长沙芯城科技园等上百家大型场景均提供室内外一体化的定位导航服务。码石科技将秉承认真务实的态度，在精准位置服务领域创新进取，在技术创新与研发上精益求精，在产品与服务方面做到极致，愿科技为人们的生活带来更大的便利，为社会的进步作出更多的贡献！公司网站：https://www.seeklane.com/,"https://www.zhaopin.com/jobdetail/CC411333380J40796706905.htm?refcode=4019&srccode=401901&preactionid=a7c1140f-c46c-45e5-b867-ab342d8bdc77"
3869,软件测试,北京-昌平区,7000-10000元,北京赛迪软件测评工程技术中心有限公司,"计算机软件,IT服务",100-299人,未融资,CC308440780J40786668408,岗位职责： 1.参与并完成软件第三方测评工作 2.在项目中主要负责根据需求文档编写测试大纲，测试用例设计，测试执行，问题记录，编写测试报告 3.独立负责与研发方对接，包括了解被测软件以及沟通测试过程中出现的问题 4.负责准备评审会相关事宜 5.完成领导安排的其他工作 任职要求： 1.第一学历为学信网可查统招本科及以上学历，计算机、软件工程相关专业优先 2. 乐观开朗，有良好的团队合作沟通能力，工作踏实耐心，做事积极主动，责任心强 3. 有较强的学习能力、分析和独自解决问题的能力，能承受一定工作压力 4. 熟悉C/C++/Java/C#/Python开发语言中一种或多种 5.了解软件工程、软件测试理论、测试流程及方法，熟悉一门以上编程语言 6. 能够适应短期出差，能够适应一定强度加班 7.有军用软件测试经验者优先，有第三方测评经验者优先,7月25日,中国软件评测中心（以下简称“中国评测”）成立于1990年，是工业和信息化部直属的国家一级科研事业单位。在测试领域，中国评测首家获得中国实验室国家认可委员会实验室认可资质，迄今已完成万余款软硬件产品和数千项信息系统工程项目测试，是国内最具权威性的国家级软硬件产品和信息系统测试实验室。在认证领域，早在1999年即获得原信息产业部授权，开展计算机信息系统集成资质认证，2003年开展双模型认证服务，是国内最早开展认证服务的权威机构。在监理领域，中国评测是首家信息系统工程监理试点单位并首批获得信息系统工程监理部级资质。在国家重大电子政务工程中，已承担“一网、一站、一库、九金工程”项目监理，成为业界领军企业。在评估领域，率先研究制定政府网站绩效评估指标体系，并连续8年开展中国政府网站绩效评估工作。,"https://www.zhaopin.com/jobdetail/CC308440780J40786668408.htm?refcode=4019&srccode=401901&preactionid=a7c1140f-c46c-45e5-b867-ab342d8bdc77"
3870,软件测试,曲靖-麒麟区,5000-7000元,天阳科技,"计算机软件,计算机软件",1000-9999人,已上市,CC120408370J40822506408,1.全国项目驻场测试，主要负责功能、数据或接口等相关测试工作； 2.统招本科学历及以上（学信网可查）；毕业满2年；计算机专业优先； 3.热爱软件测试行业、有强力的自驱力，能够在测试岗位深入学习研究； 4.有无经验均可，服从公司安排，接受公司培养，可接受异地工作优先； 福利待遇： 上市公司、公司可提供住宿、定期体检、带薪年假； 欢迎符合要求的小伙伴们投递~,7月26日,天阳科技(股票代码：300872)，是全球金融创新服务的重要贡献者，持续赋能中国金融行业数字化转型，为客户提供咨询、金融科技产品、金融IT服务、云计算及运营服务。公司成立于2003年，服务超过300家金融行业客户，覆盖中央银行、政策性银行、国有银行、股份制银行、地方性商业银行、非银行金融机构等，员工人数近7000人，成为激活金融领域创新活力、推动金融科技迈入世界领先水平的重要力量。作为金融行业客户可信赖的合作伙伴，天阳科技凭借丰富的行业经验和端到端的专业服务，在信创、数字化金融、信贷、交易银行、信用卡、零售、营销、风险管理、征信监管等众多领域具备核心竞争力。据赛迪和IDC报告显示，近年来公司在中国银行业IT解决方案市场排名强势崛起，2019年收入及市场占有率综合排名分别位列第四位和第五位，并保持高速增长。同时，前瞻商业和科技趋势，入选2021年度未来银行科技服务商TOP100。天阳科技始终聚焦金融科技领域，加大自主创新力度，在超过100个城市建立本地化、专业化的研发和服务团队，拥有CMMI5级认证、软件测试成熟度模型集成（TMMi）3级认证、ISO9001质量管理体系认证、ISO20000信息技术服务管理体系认证、IS027001信息安全管理体系认证。通过部署人工智能、云计算、大数据、移动互联网、分布式计算和区块链等先进金融科技，公司致力于构建安全可控、普惠民生、开放共赢格局，在关键技术领域服务现代化金融发展大局，更好地为各利益相关方创造更大价值，为大中企业、小微企业以及每个个体提供优质金融服务。,"https://www.zhaopin.com/jobdetail/CC120408370J40822506408.htm?refcode=4019&srccode=401901&preactionid=a7c1140f-c46c-45e5-b867-ab342d8bdc77"
3871,Java,青岛-崂山区,4000-5000元·13薪,青岛比特威信息技术有限公司,计算机软件,20-99人,,CCL1234563680J40773465903,1）2025届计算机相关专业/日语专业； 2）本科及以上学历，在校学习成绩良好； 3）喜爱日本文化，有日语基础者优先；日语专业最好有n1证书。 4）愿意学习并长期从事软件开发行业且有浓厚兴趣者（公司免费提供技术培训）； 5）有java、C#开发经验，或三个月以上实际开发经验者优先考虑； 6）工作主动、严谨有良好的沟通协调能力和团队合作精神，责任心强，有较强的抗压能力和良好的职业道德。 【福利待遇】 1、每周双休，每天8小时工作制； 2、入职即签订劳动合同，缴纳五险一金。 3、享受国家法定节假日及专项假期（婚假、产检假、产假、陪护假、哺乳假、育儿假等） 4、每年发放年终奖及进行调薪计划，公司有完善的晋升调岗机制及日语、技术等专业培训，优秀者将有机会赴日商务短期出差；,4月23日,,"https://www.zhaopin.com/jobdetail/CCL1234563680J40773465903.htm?refcode=4019&srccode=401901&preactionid=a7c1140f-c46c-45e5-b867-ab342d8bdc77"
3872,科研人员,北京-丰台区,6000-10000元,北京华威中仪科技有限公司,"贸易/进出口,学术/科研,科学技术推广,专业技术服务",20-99人,未融资,CC240153110J40638671609,首都医科大学衰老与代谢课题组招聘科研助理/技术员 应聘条件： 1.本科及以上学历，具有生物学、医学相关背景。 2.合同1-2年一签，试用期1个月。 岗位职责： 1. 承担实验室科研任务，协助完成相关课题。 2. 负责实验室日常试剂耗材采购、仪器维护和培训、实验室安全等事务。 待遇：6000-10000元 1. 根据实际工作情况和表现，可提供攻读本课题组研究生的机会； 2. 按照首都医科大学科研助理的待遇发放薪酬并缴纳五险一金，另外根据工作表现发放津贴和奖励。 有意申请者请将详细的个人简历(包含但不限于学习和工作经历、研究工作总结、学术成果及佐证材料等)发送邮件至************************。邮件主题请写“申请者姓名 + 应聘科研助理”，经面试考核后择优录用。,12月26日,TISSUEGNOSTICS公司（简称TG公司）成立于2003年，总部位于奥地利维也纳。 TissueGnostics Asia Pacific Limited（TG亚太分公司）成立于2014年，主要负责TG产品在亚太区域的市场推广及技术服务。 TG公司的TissueFAXS Cytometry技术不仅实现了基础的形态学定量分析，而且在大数据定量分析功能方面通过多种参数对样本的空间分布位置进行精准大数据获取，为精准医疗在组织形态学评估方面的研究提供新思路。产品系列：全景组织细胞定量分析系统--全景大样本免疫组化、免疫荧光分析平台。全景组织细胞定量多光谱分析系统--全景大样本免疫组化、免疫荧光、多光谱成像分析平台，提供全新一代10+1肿瘤免疫微环境多色解决方案。 2D/3D多维全景组织成像定量分析系统--多维度高分辨共聚焦成像定量分析平台。,"https://www.zhaopin.com/jobdetail/CC240153110J40638671609.htm?refcode=4019&srccode=401901&preactionid=a7c1140f-c46c-45e5-b867-ab342d8bdc77"
3873,Java,武汉-硚口区,150-180元/天,湖北海创知芸科技有限公司,"计算机软件,IT服务",20-99人,B轮,CC548601080J40759197109,学历与专业 计算机、软件工程、网络工程等相关专业在校生或应届毕业生；本科及以上学历，具备扎实的计算机基础知识（数据结构、算法、网络协议等）。  能力要求   一、基础技能要求    - 编程语言：掌握Java基础语法，了解面向对象编程思想（封装、继承、多态），能看懂和编写简单的Java代码。    - Web基础：了解HTML、CSS、JavaScript等前端基础知识，知道基本的页面结构和交互逻辑。    - 数据库：熟悉MySQL等关系型数据库，掌握基本的SQL语句（增删改查），了解数据库连接的基本概念。    - 开发工具：会使用Eclipse、IntelliJ IDEA等Java开发工具，熟悉Maven等项目管理工具的基本操作。    二、框架与技术了解    - 对Spring、SpringMVC、MyBatis等主流Java Web框架有初步了解（不要求熟练使用，但需知道基本作用）。    - 了解Tomcat等Web服务器的基本使用，知道如何部署简单的Web项目。    三、其他能力要求    - 学习能力：具备较强的学习主动性，能快速接受新知识和技能，愿意在实践中积累经验。    - 沟通协作：能与团队成员有效沟通，配合完成开发任务，理解并遵守团队的开发规范。    - 文档能力：会编写简单的开发文档，记录开发过程中的问题和解决方案。    四、加分项    - 有自己开发的小项目（如简单的Web应用），或参与过课程设计、开源项目等。    - 了解版本控制工具（如Git）的基本使用。    - 具备一定的英语阅读能力，能看懂技术文档。   职能职责       1、参与软件详细设计、编码实现及单元测试，确保性能、质量和安全；      2、在导师的指导和要求下完成相关工作。,7月22日,湖北海创知芸科技有限公司创立于2017年，入驻硚口区高新产业园区，隶属北京中宏立达信创科技股份有限公司（总部于2006年创立）。公司专注于安全网信服务，围绕国产自主可控应用生态、大数据与人工智能等核心技术能力建设，持续开展产品研制和技术创新，面向党政、国防及重点行业企业提供全自主可控一体化的综合信息服务系统、配套产品生态解决方案及技术服务。公司已取得专利及软件著作权60余项，是国家高新技术企业、双软认证企业和湖北“专精特新”企业，在科研生产、承研承制等多个方向具备完整的军民融合领域资格资质。公司自成立以来，曾先后为多项特殊领域训练任务提供重大活动保障，并圆满完成任务。凭借成熟的国产自主可控产品体系和完整的服务流程，公司赢得了广泛稳定的党政军客户群体，与多家央企总体单位、科研院所以及院校、政企单位等建立了长期稳定的合作伙伴关系。公司实施“数据管控、信息聚合、知识创新、应用赋能”的产品生态战略，融合数智、人工智能、零信任、云计算等关键信息技术，专注自主可控生态能力建设，整合上下游软硬件优势厂商，形成了具备跨平台与混合架构能力的国产自主可控应用生态产品体系，打造自主可控应用生态平台领航者；围绕军队信息化和安全保密建设的需求，遵循“立足战备、着眼平时”的平战一体化战略，建立全自主可控技术架构，形成军队办公、安全保密和训练保障等多业务领域产品体系。,"https://www.zhaopin.com/jobdetail/CC548601080J40759197109.htm?refcode=4019&srccode=401901&preactionid=a7c1140f-c46c-45e5-b867-ab342d8bdc77"
3874,C/C++,武汉-洪山区,1.5-3万,中望软件,"计算机软件,IT服务,互联网",1000-9999人,已上市,CC151294010J40768590714,岗位要求： 1.负责ZW3D产品UI模块的设计和维护 2.负责ZW3D产品交互易用性改造相关项目的设计和实施 3.定义良好的模块接口准则，整理现有接口和编写总结文档 4.为其他部门提供所负责模块相关技术支持及咨询 5.完成上级指派的其他工作任务 岗位要求： 1.本科及以上，软件工程、计算机等相关专业 2.熟练掌握C/C++，了解设计模式，具有良好的编码习惯以及编码能力 3.熟悉Qt界面编程，有PC端（Windows/Linux）界面编程经验者优先，阅读调试过Qt源码者优先 4.工作积极主动，有开朗乐观性格，能够积极融入团队,7月21日,公司介绍公司简介广州中望龙腾软件股份有限公司是领先的All-in-One CAx（CAD/CAE/CAM）解决方案提供商、国内A股第一家研发设计类工业软件上市企业（股票代码：688083），专注于工业设计软件超过20年，建立了以“自主二维CAD、三维CAD/CAM、电磁/结构等多学科仿真”为主的核心技术与产品矩阵。目前，中望软件设有广州、武汉、上海、北京、西安、美国佛罗里达六大研发中心，延揽全球优秀人才致力于CAx核心技术研发。发展规模自1998成立至今，1000+员工。以广州为总部，在北京、上海、武汉、西安、重庆、南京、青岛、成都、美国佛罗里达以及越南河内等地设立了分支机构/办事处。技术、服务与产品技术六大研发中心（广州、上海、北京、武汉、西安、佛罗里达），超25年经验的世界级研发团队，自主研发的二维CAD平台技术，三维几何建模内核及混合建模技术，以及EIT算法、网格剖分、前后处理等核心技术。服务致力于为用户提供核心二、三维基础设计、行业专属设计、个性化定制及更多CAx拓展应用的整体解决方案。依托先进的CAD/CAM/CAE技术，中望软件为普教、职教和本科院校提供全方位的教育解决方案。产品中望已形成了以CAD、CAE、CAM为核心的CAx产品技术矩阵，同时积极拓展API接口，并进行广泛的技术合作，持续拓展产品的能力边界，以满足不同行业复杂应用需求。产品涵盖中望二维CAD、中望三维CAD、中望仿真分析、中望教育系列产品以及应用生态系列产品。业务布局国内扎根国内市场，持续提升国产工业软件的使用体验。现有客户涵盖中船集团、中交集团、中国移动、中车株洲所、京东方、格力、海尔、国家电网等知名企业。海外自2004年开始首开中国工业软件海外出口先河，目前拥有15种语言版本的软件产品，畅销全球90多个国家和地区，全球合作伙伴超过260家，正版授权用户数突破90万，逐步实现了业务国际化—研发国际化—服务国际化的战略升级。教育依托先进的CAx技术，中望软件自2008年开始持续投入教育事业，助力国产工业设计软件应用、研发人才的培养，赋能创新教育发展。如今，中望软件已经为3000多所院校的众多专业提供人才培养解决方案，并服务K12学校/机构超70000所。欢迎您到公司官网（了解更多相关信息，真诚期待您的加盟，官网：www.zwsoft.cn),"https://www.zhaopin.com/jobdetail/CC151294010J40768590714.htm?refcode=4019&srccode=401901&preactionid=a7c1140f-c46c-45e5-b867-ab342d8bdc77"
3875,技术支持工程师,厦门-集美区,5000-8000元,厦门物通博联网络科技有限公司,物联网,20-99人,不需要融资,CC572113420J40535722501,岗位职责： 1、为客户提供技术支持服务，对产品疑难故障进行分析、排查；； 2、开展公司产品测试功能验证工作，配合研发完善开发； 3、编写项目方案、项目验收材料、产品使用文档及视频录制； 4、服务过程中对产品功能，技术特点，服务流程等提供改善建议，并及时反馈有关部门； 5、主动上报客户投诉情况，为客户解决技术障碍，需求部门协调等工作； 6、完成其他上级安排的工作任务。 任职要求： 1、大专以上学历，电子信息、自动化、通信、物联网等相关专业；  2、良好的沟通能力、执行能力，勤奋好学，具有团队精神和主动意识；   3、抗压能力较强，接受加班，接受全国不定期出差；   4、能服从管理，布置任务按时交付及反馈；   5、熟悉项目实施流程，有一定的文档编辑能力。,7月14日,"物通博联成立于2011年，是一家专业的工业物联网产品及工业数字化解决方案的国家高新技术企业，专注于OT和IT两化融合,凭借在两化融合、设备联网、边缘计算、大数据分析及工业建模等核心技术的积淀和优势，成为工业4.0的先行者，汇聚行业优秀人才，产品得到国内外顶级客户和广大中小企业的青睐，与50+世界500强客户及20000+数字化转型企业达成战略合作。主营产品： 1、工业智能网关；2、远程设备快线； 3、工业应用云平台；4、整体解决方案；企业福利： 1、提供有竞争力的岗位薪酬，对优秀人才每年度给予晋升加薪； 2、入职缴交五险及商业补充险； 3、为员工举办生日庆生活动； 4、博饼、尾牙及不定期团建活动； 5、提供带薪年假及各项假期； 6、为加班者提供高于行业标准的加班补贴及用餐补贴； 7、工作时间：9：00-11：50 13：20-18：00 8、积极向上的团队工作氛围及友爱nice的BOSS。欢迎优秀的您加入物通博联，在工业物联的产业发展和政策引导下，一起开拓工业数字化和智能化的巨大市场！","https://www.zhaopin.com/jobdetail/CC572113420J40535722501.htm?refcode=4019&srccode=401901&preactionid=a7c1140f-c46c-45e5-b867-ab342d8bdc77"
3876,科研人员,北京-石景山区,150-200元/天,北京赛宝工业技术研究院有限公司,"学术/科研,学术/科研",20-99人,未融资,CC332989880J40259716513,岗位职责：    1、经济学、管理学、计算机科学与技术、机械制造、控制科学与工程等相关专业硕士研究生；   2、具备优秀的文字表达能力和良好的沟通协调能力；   3、有相关研究背景或者课题研究经验的优先；   4、每周保证至少工作两天。   我们的吸引力：   1、平台高，可开实习证明；   2、优秀实习生可获得额外奖励，并有留用机会；   3、团队很年轻，领导很nice，愿意分享经验和资源。   ,6月14日,工业和信息化部电子第五研究所简介工业和信息化部电子第五研究所，又名中国电子产品可靠性与环境试验研究所，中国赛宝实验室，始创于1955年，是我国唯一的电子产品可靠性专业研究所，最早的质量认证权威机构和电子行业检测集团，现有职工5500多人，各类科技人员占80％以上。五所已发展成一个从事电子信息产品质量与可靠性研究，业务能力从元器件到设备到大系统、从硬件到软件的产品检测评价、试验分析、认证、计量、环境试验、信息服务、技术培训、设备和专用软件研发的综合科技集团。五所作为“支撑政府的智库、服务企业的平台”，凭借专业领域的优秀人才、一流的设备设施，秉承“科学、公正、服务、价值”的经营理念，服务企业，造福社会，在国内外业界建立了良好的品牌形象和权威地位。五所已建立了覆盖全国的分实验室、试验站、办事机构网络体系，在广州、苏州、重庆、宁波、佛山、泰州、芜湖、南京、孝感、威海、香港建有实验室，在北京建有技术支持中心，在广州、海南（万宁、榆林）、拉萨、西沙群岛建有试验站，在全国各省会城市都建有办事处，并与国外许多知名机构建立了合作关系。作为工业和信息化部的直属单位，五所受部的委托和授权，具有科研管理双重职能，承担了电子工业可靠性管理、技术交流、普及教育和本专业标准化归口的行业管理职能，在质量管理法规和政策制定等方面为部提供技术支撑。同时，作为全国唯一的专业质量与可靠性技术研究所，也为电子、航天、航空、机械、兵器等行业的可靠性技术应用与发展提供全面的技术支撑服务。五所的发展和实力，为有志之士掌握领先的现代科研技术、成为科技杰出人才创造了最好的环境条件。五所欢迎有梦想的人，并将提供广阔的发展空间，搭建事业成长的舞台，共同开创美好的未来！网站：www.ceprei.com,"https://www.zhaopin.com/jobdetail/CC332989880J40259716513.htm?refcode=4019&srccode=401901&preactionid=a7c1140f-c46c-45e5-b867-ab342d8bdc77"
3877,实施工程师,西安-新城区,6000-10000元,位来小猎(宁波)信息技术有限公司,"计算机软件,专业技术服务",100-299人,A轮,CCL1320375780J40723716607,1、负责大模型产品的售后服务支持，为客户提供高效优质的服务体验；,7月14日,位来小猎成立于2018年1月，2019年6月完成A轮融资；聚焦行业精华，利用后发优势，在1年以内成为行业黑马公司。核心团队成员均有十年以上的人力资源经验，具备丰富的人力资源专业知识和项目实践，服务众多500强企业和知名互联网公司。位来小猎掌握专业领域核心资源，团队迅速扩张，以北京为中心，在全国建立了10家分公司及办事处，业务覆盖全国。现有300+名员工，派遣、外包员工10000+名；服务客户包括国家体育总局，百度，网易，物美多点，美团，字节跳动，喜马拉雅，作业帮，得物，VIPKID，瓜子，京东，拼多多，喜茶，中国人保等。位来小猎以互联网为载体，依托于位来小猎平台、微信公众号、入职有赏微信小程序上活跃的海量求职者资源，核心业务包括人才外包、专业招聘、业务外包、转编服务和灵活用工等。服务行业涉及全国各领域，其中包括社交电商，旅游酒店，互联网（教育），新零售，金融和国家单位等。位来小猎以“把求职者的未来当做自己的未来”为核心价值，希望通过我们专业的服务和不懈的努力，帮助求职者找到更合适、更有发展前景的工作，破冰职场迷茫，为未来指引方向。一直以来，位来小猎秉承以专业诚信为核心，在专注人力资源服务的同时，为众多求职者解决就业问题，优质、用心的服务赢得了众多用户的好评与信赖。除此之外，公司还建立了完善的服务体系，为求职者在工作中遇到的所有问题和困难提供指导帮助。我们相信，通过我们的不断努力和追求，一定能够创造我们和求职者更好的未来！,"https://www.zhaopin.com/jobdetail/CCL1320375780J40723716607.htm?refcode=4019&srccode=401901&preactionid=a7c1140f-c46c-45e5-b867-ab342d8bdc77"
3878,测试工程师,深圳-龙岗区,1.5-3万,深圳市新凯来技术有限公司,电子/半导体/集成电路,1000-9999人,,CCL1362239030J40853219115,工作职责,6月12日,深圳市新凯来技术有限公司是一家半导体零部件和高端工业装备研发、制造、销售、服务的高科技公司，致力于打造国内电子信息产业的可靠基础，成立于2021年8月，是深圳国资委全资子公司，与国内知名半导体厂商均有战略合作关系。,"https://www.zhaopin.com/jobdetail/CCL1362239030J40853219115.htm?refcode=4019&srccode=401901&preactionid=a7c1140f-c46c-45e5-b867-ab342d8bdc77"
3879,实施工程师,合肥-蜀山区,1-2万,北方华创,"电子/半导体/集成电路,计算机软件,电气机械/电力设备,仪器仪表制造",1000-9999人,已上市,CC135196350J40785898012,岗位职责 1.参与可维护性设计，参加产品设计评审，从产品使用维护角度，提出可操作性、可靠性、可维护性要求； 2.参与未发布产品验证，研发项目产品组装调试，研发项目产品使用测试； 3.已发布产品重点问题优化改进，产品综合评估；定期分析总结产品使用和维护中的问题，对设计缺陷、产品优化等做综合评估，提交产品改进需求至产品经理；跟踪并参与重点问题的解决；管理撰写BKM文档； 4.产品交付支持，制定规范产品安装验收流程；完成产品安装调试中技术交流； 5.客户端设备状态监控；统一协调记录线上机台进度，包括设备安装调试、验收、重大问题解决、软硬件升级；客户问题解决；跟踪解决客户的重点问题，根据现场问题的需要组织技术人员制定解决方案； 6.负责为客服人员提供技术支持。,7月14日,北京北方华创微电子装备有限公司（以下简称：北方华创）是A股上市公司北方华创科技集团股份有限公司（002371.SZ以下简称：集团）的全资子公司。北方华创是国内少有的覆盖领域广泛、产品种类众多、技术水平领先/先进、综合实力强劲的半导体装备旗舰平台。北方华创作为高端半导体工艺装备及核心零部件行业的知名供应商，主要产品涵盖等离子体刻蚀机、物理气相沉积设备（PVD）、化学气相沉积设备（CVD）、氧化/扩散设备、清洗机等半导体工艺装备，平板显示制造装备和气体质量流量控制器等核心零部件。北方华创的产品广泛应用于集成电路（芯片制造）、先进封装、半导体照明（LED）、微机电系统（MEMS）、电力电子、光伏太阳能、平板显示等半导体相关领域，与包括台湾、韩国、欧美大厂在内的国内外行业主流客户形成了长期友好的合作关系，在多款核心产品上实现了国产替代。公司在北京、上海、台湾新竹、西安、合肥、韩国、日本、美国等地拥有多个研发、制造及服务中心，营销服务体系覆盖欧、美、亚等全球主要国家和地区。在北方华创的产品蓝图中，新技术、新产品、新工艺代代更迭、生生不息，正如“北方华创”品牌的英文名称——“NAURA”所寓意的，我们的明星产品如浩瀚星辰般在半导体宇宙中璀璨闪耀同时，北方华创不断加大资源投入培育高质量人才队伍，通过建立与世界接轨的人才引进和激励机制，与国内外知名高校共同努力，不断壮大人才队伍。未来，北方华创将持续为人才赋能，培育创新文化土壤，打造高端人才“引力场”！公司网址：www.naura.com公司地址：北京市大兴区亦庄文昌大道8号,"https://www.zhaopin.com/jobdetail/CC135196350J40785898012.htm?refcode=4019&srccode=401901&preactionid=a7c1140f-c46c-45e5-b867-ab342d8bdc77"
3880,实施工程师,石家庄-桥西区,8000-15000元,河北省电子认证有限公司,"计算机软件,计算机硬件,IT服务",100-299人,未融资,CC138988113J90250451000,岗位职责： 1、根据公司项目管理制度，完成项目实施工作，包含需求分析、产品实施部署、系统集成及测试、系统上线运维、项目验收等工作 2、负责解决项目实施过程中遇到的各类问题，为用户提供技术支持服务 3、负责项目实施过程各类技术文档的撰写 4、按照项目需求，完成系统集成DEMO示例开发 5、负责客户现场培训  任职要求： 1、国家统招院校计算机相关专业，本科一批及以上学历； 2、具有软件开发或者是项目实施工作经验；具有三年以上相关经验优先 3、能适应中短期出差（中期为一个月以内，短期为一周以内） 4、至少熟悉java、C#、delphi、PB、C、C++一种开发语言，具备软件开发背景 5、熟悉SQL，至少熟悉MySql、SqlServer、Oracle一种数据库 6、熟悉windows、Linux系统配置；熟悉防火墙、堡垒机、VPN等网络知识 7、有独立负责过项目、带过项目或驻场直接同用户沟通需求的经验优先 8、具有编写项目过程文档经验优先 9、能够独立完成大规模用户培训；具有50人以上培训经验的优先 10、具备CA行业或信息安全行业工作经验者优先考虑 职位福利：五险一金、绩效奖金、餐补、带薪年假、交通补助、周末双休、通讯补助等   ,3月28日,河北省电子认证有限公司（以下简称：河北CA）成立于2001年，属国有控股企业，由国家密码管理局和国家工信部统一管理。作为我国首批成立的权威电子认证服务机构，现已成为政府及用户信赖的电子认证服务运营商，为“国家密码管理局”“国家信息中心”“河北省委”“河北省人民政府”“河北省人大”“河北省委组织部”“河北省纪检委”等众多机构及企事业单位保驾护航。致力于为政府、企事业单位及个人提供全面的电子认证服务及信息安全整体解决方案。作为全国CA机构的典范，河北CA具有工业和信息化部颁发的电子认证服务许可、国家密码管理局颁发的电子认证服务使用密码许可、商用密码产品销售许可、电子政务电子认证服务许可、卫生系统电子认证服务许可、信息安全服务（安全工程）和ISO9001质量管理体系认证等资质；是中国CA产业联盟副理事长单位、中国密码学会会员单位、河北省电子认证委员会成员单位、河北省电子政务研究会副理事长单位、河北省卫生信息中心副会长单位、河北省信息安全支撑单位。河北CA是高新技术企业和软件企业，也是我国极少掌握全套国产密码算法技术的软件公司之一，在信息安全领域拥有核心技术，先后获得了多项专利与省部级科研专项资金，并自主研发了多款经国家密码管理局及公安部检测的安全密码产品。形成了覆盖电子认证全领域的产品体系，包括身份认证类、可靠电子签名类、安全无纸化办公类、安全智能控制类等。同时，河北CA拥有国内一流的信息安全专家和服务团队，凭借多年在信息安全领域的深入研究与应用实践，持续引领国内信息安全产业发展，可提供安全集成、风险评估、等级保护、安全运维、安全培训等全面的信息安全综合服务；根据用户信息系统现状，为用户量身定制整体信息安全解决方案。目前已成功助力政府、税务、医疗、交通、金融、教育、农业、工业等重点行业用户向“互联网+”转型，在“互联网+政务服务”信息惠民工程，电子证照库建设与应用、“一号一窗一网”服务平台建设等方面积累了丰富经验，为用户提供用得上、用得起、用得好的信息服务。秉承“科技在人、服务在心”的理念，河北CA立足河北，逐步形成以华北、华南、东北为中心，辐射全国的营销服务体系，并在珠海成立了技术研发中心。在云计算、大数据、物联网及移动互联等技术迭变的新时代，河北CA砥砺创新、开放合作，积极承担起“守护网络安全”的时代使命，通过国有自主可控的核“芯”密码技术为国家安全提供保障，打造诚信、智慧、安全、和谐的互联世界。技术是企业发展之源，人才是企业生存之魂。河北CA诚聘各界精英！我们将为您提供优厚的薪资、福利，充满机遇的发展平台，更加广阔的视野和未来……无论是技术研发，还是市场销售，无论应届毕业生还是资深专家，如果您与我们拥有共同的理念，充满激情与梦想，拥有才华和潜力，真诚地邀请您加入我们，共创美好未来！福利待遇及作息时间：薪酬待遇：薪酬福利行业领先水平（激励薪酬机制，薪资构成=工资+奖金+福利+其他）福利体系：提供温馨、体贴、完善、人性化的福利环境，随时感受企业人文关怀 1、五险一金，实额缴纳，自试用期办理； 2、双休，工作时间为周一至周五早8：30-下午6：00，享受国家所有正常假期； 3、员工享有5-15天带薪年休假、3-15天婚假、10天护理假、5天全薪病假、1-3天丧假，及其他各种法定休假； 4、员工享有用餐补助，办公场所提供免费咖啡、奶茶、果汁、茶等……。求职说明： 1、公司地址：石家庄市休门街与四中路交口北行100米路东，滨江优谷写字楼南大厅17层 2、公司网址：http://www.hebca.com，欢迎您参加面试前，了解河北CA； 3、公司不接待直接来访，如需咨询，请通过邮件或电话方式。人力资源部电话：0311-66188155,"https://www.zhaopin.com/jobdetail/CC138988113J90250451000.htm?refcode=4019&srccode=401901&preactionid=a7c1140f-c46c-45e5-b867-ab342d8bdc77"
3881,硬件测试,郑州-管城回族区,4000-6000元·13薪,河南端琪实业发展有限公司,"电子设备制造,人工智能,新媒体,互联网",100-299人,未融资,CCL1478071580J40738544807,职位描述 整机测试功能测试 岗位职责： 1、两年以上自动化设备维护和调试工作经验，或不低于一年的硬件测试工作经验； 2、熟悉设备安装及测试的整个业务流程； 3、在性能测试、自动化测试等方面有至少一项专长。 任职资格： 1.大专以上学历，机械电子、自动化、测控、计算机等相关专业 2.1年以上机电产品测试经验，熟悉产品开发流程，有自动化测试和性能测试相关经验者优先； 3.能独立完成测试计划、测试用例和测试报告的编写； 4.能独立完成测试平台的搭建； 5.有严格的品质管理意识.敏锐的发现问题的眼光以及对产品极致性能和品质的卓越追求； 6.性格开朗，团队意识强，良好的沟通及语言表达能力，吃苦耐劳，乐于奉献。 职位福利：五险、绩效奖金、餐补、房补、带薪年假、员工旅游、节日福利,2025年07月28日,公司项目：电气设备销售；照明器具销售；信息咨询服务（不含许可类信息咨询服务）；组织文化艺术交流活动；工程管理服务；广告设计、代理；广告发布；广告制作；会议及展览服务；耐火材料销售；纸制品销售；专用化学产品销售（不含危险化学品）；高性能纤维及复合材料销售；新型有机活性材料销售；电子专用设备销售；消防器材销售；日用家电零售；智能仪器仪表销售；技术服务、技术开发、技术咨询、技术交流、技术转让、技术推广；软件开发；电子产品销售；市场营销策划；企业形象策划；市场调查（不含涉外调查）；仪器仪表销售；金属制品销售；日用陶瓷制品销售；文化用品设备出租；办公设备耗材销售；橡胶制品销售；塑料制品销售；生态环境材料销售；生物基材料销售；许可项目：建筑智能化系统设计,"https://www.zhaopin.com/jobdetail/CCL1478071580J40738544807.htm?refcode=4019&srccode=401901&preactionid=a7c1140f-c46c-45e5-b867-ab342d8bdc77"
3882,实施工程师,西安-雁塔区,7000-9000元,卡莱特云科技股份有限公司,"电子/半导体/集成电路,计算机软件,IT服务,电子/半导体/集成电路",1000-9999人,已上市,CC462571410J40720558711,岗位职责： 1.通过线上工具，及时回复客户关于产品和服务的问题； 2.耐心倾听客户的投诉和不满，了解问题的具体情况，通过良好的服务态度与客户建立信任关系，提升客户满意度； 3.积极收集客户对产品、服务等方面的意见和建议； 4.严格遵守公司的各项规章制度和服务流程，确保服务质量和工作效率。  任职资格：  1.普通本科以上学历，理工科专业，优先考虑计算机、通讯、电子等相关专业；  2.为人诚恳，说话流利，能够善于学习新事物，新知识。,7月3日,声明：各位求职者:近日，公司发现有不法分子冒用卡莱特云名义，以招聘为由向应聘者收取培训费、以公司项目租宿舍名义向房东个人推荐理财、引诱投资等。针对该等行为，为保护公司及公众权益，公司现严正声明如下:1、我司未以任何形式在任何招聘平台，以试工、培训、代银行招聘等为由将候选人骗到某地或收取培训费。公司及旗下子公司所有的招聘口，均会通过官方邮(clt.zhaopin@lednets.com、TOER.Zhaopin@lednets.com、YXW.Zhaopin@lednets.com)或各大招聘平台发出面试邀请通知、工作offer，其他非来源于该等渠道的信息，请各位求职者引起警觉，切勿轻信。2、卡莱特云未通过小红书、抖音等网络平台以公司租房名义向个人开展金融产品售卖、股票投资、黄金投资理财、期货买卖等业务，未在任何网络平台发布上述相关信息，也不会授权公司员工代表公司开展上述业务。在此提醒，公司相关信息应公司官方网站(https://www.lednets.com/)披露信息为准，不应轻信其他未经授权网站的信息，另请各位候选人仔细核对面试地址是否与我司各分公司所在地保持一致。特此严正声明！卡莱特2012年成立于深圳市南山区，2022年于创业板上市（股票代码：301391），是一家以视频处理算法为核心、硬件设备为载体，为客户提供视频图像领域专业化显示控制产品的高科技公司。卡莱特服务网络遍及全球，拥有深圳、北京、西安、成都、上海、美国、荷兰等各地多个研发中心、营销服务中心及遍及全球的数百个服务网点，数百名技术服务工程师为世界各地的客户提供专业高效的技术服务。公司核心团队来自于清华北大等顶尖大学，在软件、硬件、嵌入式方面有一批资深专家和一流团队，拥有LED控制系统、图像处理、云联网播放等领域的核心技术和产品；随着芯片技术和视频图像技术的不断迭代发展，从高清到超高清的4K和8K应用越来越广泛；卡莱特结合光学、图像处理及云联网等技术，不断推出有世界竞争力的产品。卡莱特产品应用于建党 100周年鸟巢文艺汇演、春节联欢晚会、天猫 618超级夜、英雄联盟总决赛、世界智能人工大会、国庆 70周年阅兵、亚运会闭幕式、中国好声音总决赛、俄罗斯世界杯闭幕式等重大赛事和活动。卡莱特一直秉持以客户为中心，以奋斗者为本，为客户提供专业化服务的同时，重视人才培养，提供完善人才保障体系。卡莱特期待您的加入！联系电话：0755-26517687简历投递邮箱：CLT.ZhaoPin@lednets.com,"https://www.zhaopin.com/jobdetail/CC462571410J40720558711.htm?refcode=4019&srccode=401901&preactionid=a7c1140f-c46c-45e5-b867-ab342d8bdc77"
3883,前端开发,成都-武侯区,150-200元/天,惠州市德庞精密自动化有限公司,人工智能,100-299人,,CCL1464826820J40770151810,【岗位职责】 1. 协助项目管理团队进行 Teambition 平台的定制开发与功能优化； 2. 使用 Teambition 提供的 API 接口开发公司内部专属的项目管理看板、界面和报表展示； 3. 与前端、后端及项目管理人员协作，理解业务需求并实现功能落地； 4. 编写接口对接文档、技术说明及相关测试记录； 5. 持续优化现有系统的使用体验和数据交互效率； 6. 支持其他与项目管理系统数字化相关的工作任务。 【岗位要求】 1. 大专及以上学历，计算机、软件工程、信息管理等相关专业优先； 2. 熟悉 JavaScript、HTML、CSS，具备基础前端开发能力； 3. 熟悉一种常见后端语言（如 Node.js、Python、Java 等）优先； 4. 了解或有使用 RESTful API 进行系统对接的经验； 5. 对企业协作平台（如 Teambition、Jira、Worktile 等）有一定了解者优先； 6. 工作认真踏实，学习能力强，有较好的沟通与团队协作能力。 【加分项】 • 有 Teambition 二次开发、开放平台调用经验； • 使用过LowCode 平台、Power BI 等可视化工具； • 有实际项目经验，能提供个人作品或 GitHub 地址。,7月28日,,"https://www.zhaopin.com/jobdetail/CCL1464826820J40770151810.htm?refcode=4019&srccode=401901&preactionid=a7c1140f-c46c-45e5-b867-ab342d8bdc77"
3884,测试工程师,南京-玄武区,4000-8000元,江苏屹信航天科技股份有限公司,"船舶/航空/航天/火车制造,电子/半导体/集成电路",100-299人,未融资,CC628083930J40349185503,一、任职要求： 1. 大专及以上学历，电气电子类相关专业优先； 2. 了解一般无线通信设备测试流程； 3. 熟练使用万用表、示波器、功率计、信号源、频谱仪、矢量网络分析仪、温度试验箱等仪器设备者优先； 4. 良好的团队合作精神和高度的责任感，有创新精神，保证工作质量。 二、岗位职责： 1. 按照测试大纲独立执行测试任务，及时反馈测试结果； 2. 按照项目进度要求细化并制定产品测试计划； 3. 根据技术指标要求或验收规范编写测试要求和方法； 4. 向研发与项目管理部门及时反馈测试中可能的问题，并跟踪解决。 职位福利：带薪年假、节日福利、定期体检、免费停车、六险一金、职称证书补贴、定期培训、出差补贴  ,11月14日,江苏屹信航天科技有限公司致力于研制全系列型谱化面向微小卫星的星载测控通信产品及地面测控系统。该系列产品可满足各类商业卫星小卫星测控通信需求，并适应商业航天产品小型化、低功耗、高可靠性的迫切要求。以我公司已经批产的USB应答机（测控产品之一）为例，与已经发射在轨的小卫星USB应答机相比，功能及性能指标全面到达甚至超过研制要求，体积及重量减小约70%～80%，功耗降低60%～75%，制造成本是传统产品的20%。小型化、低功耗、低成本受益于特有的设计方案及全新工艺及制造技术。基于工业级元器件设计，增加专用的软件和硬件宇航保护措施，保证航天高可靠性及低成本；采用软件无线电技术，微组装射频工艺、单片集成电路、模数混合电路一体化设计等技术显著降低设备的功耗及体积。屹信航天目前已完成前期技术积累和验证，所涉及核心技术具有完全的知识产权。前期产品均已实现在轨验证，其理论创新及技术突破均处于国际先进水平。在当前商业航天蓬勃高速发展的大环境下，相关产品高度匹配商业应用，其技术水平及产品指标超过行业客户的预期，随着市场的逐步推广，以国内外卫星市场发展空间计算，在可预见的未来将形成几十亿元的市场规模。,"https://www.zhaopin.com/jobdetail/CC628083930J40349185503.htm?refcode=4019&srccode=401901&preactionid=a7c1140f-c46c-45e5-b867-ab342d8bdc77"
3885,实施工程师,济南-历城区,5000-7000元,山东旗瑞信息技术有限公司,计算机软件,20-99人,,CCL1501776230J40717220416,岗位详情 1. 负责软件项目的现场部署、调试及上线实施 2. 对接客户需求，完成系统配置与功能测试 3. 编写实施文档，为客户提供操作培训与技术支持 4. 跟进项目售后维护，解决运行中的技术问题 任职要求 1. 大专及以上学历，计算机相关专业优先 2. 掌握数据库基本操作（如SQL查询、数据导入导出）  3. 具备Linux系统基础，能处理常见环境部署问题  4. 良好的沟通能力，可独立对接客户完成需求落地,5月28日,,"https://www.zhaopin.com/jobdetail/CCL1501776230J40717220416.htm?refcode=4019&srccode=401901&preactionid=a7c1140f-c46c-45e5-b867-ab342d8bdc77"
3886,Java,南京-秦淮区,1-1.2万,南京华飞数据技术有限公司,计算机软件,300-499人,未融资,CC650334030J40704053614,岗位要求： 1. 熟练掌握HTML5、CSS3、JavaScript（包括ES6+新特性）等基础前端技术  2. 熟练掌握Vue2和Vue3框架：深入理解Vue2和Vue3的框架原理，熟悉组合式API、响应式系统等新特性，有实际项目经验  3. 熟悉Vue Router、Vuex（或Pinia）、AntdesignVue、Element UI等Vue生态系统中的常用工具和库，熟练使用echarts、x6、g6等一些可视化库  4. 熟悉前端模块化技术，如Webpack、Node.js、npm，熟练使用Webpack、Vite等前端构建工具，进行项目配置和优化  5. 熟悉Git、Svn等版本控制工具，能够进行代码管理和团队协作  6. 有一些Cesium、three.js等三维开发经验  7.应届生本一优先。  ,6月12日,南京华飞数据技术有限公司坐落于六朝古都南京，位于南京新城科技园内。公司成立于2016年6月，注册资金2721.09万元，是一家集技术研发、数据生产、技术服务于一体的综合性高新技术企业。公司主要提供面向政府机关的信息化业务，主要研究方向为海量数据计算、数据采集、海量数据分析、警务应用等，技术涵盖了数据采集解析、大数据融合计算分析和数据应用等方面。其中优势技术如基于大数据分析技术的深度学习和机器学习算法，实现了智能化解析和分析信息的内在价值，高效地解决大数据量下信息的采集解析、处理存储、融合分析的业务难题。公司立足于科技创新和自主研发。随着企业发展，员工规模日益扩大，现有员工300余人，其中近70%为研发类岗位，有高级工程师、高级项目经理等一大批高级人才，还有一批获得各种专业资格认证的管理和工程技术人员。公司总部在南京，并成立了北京、广州、西安、长沙等多个研发中心，自主开发了数十种产品，取得了多项专利、软件著作权和各类资质荣誉，同时也通过了江苏省科技厅“软件企业”资质认证。公司矢志做安全行业的领军企业，提倡“创新进取、不断超越”的企业文化。公司目前由大型央企中电集团（CEC）参股，多家投资基金公司入股。与东南大学、江苏大学等众多省内外知名高校进行深度战略合作。其中与东南大学网络空间安全学院建立了联合实验室，与江苏大学计算机科学与通信工程学院建立了研究生实践基地，共同培养、联合研究。同时公司还申报了江苏省研究生工作站。南京华飞诚邀有志之士加盟。希望公司能与全体员工共同成长！,"https://www.zhaopin.com/jobdetail/CC650334030J40704053614.htm?refcode=4019&srccode=401901&preactionid=a7c1140f-c46c-45e5-b867-ab342d8bdc77"
3887,测试工程师,南宁-良庆区,5000-7000元,天阳科技,"计算机软件,计算机软件",1000-9999人,已上市,CC120408370J40824007708,1.全国项目驻场测试，主要负责功能、数据或接口等相关测试工作； 2.统招本科学历及以上（学信网可查）；毕业满2年；计算机专业优先； 3.热爱软件测试行业、有强力的自驱力，能够在测试岗位深入学习研究； 4.有无经验均可，服从公司安排，接受公司培养，可接受异地工作优先； 福利待遇： 上市公司，公司可以提供住宿，提供五险一金； 欢迎符合要求的小伙伴们投递~,7月23日,天阳科技(股票代码：300872)，是全球金融创新服务的重要贡献者，持续赋能中国金融行业数字化转型，为客户提供咨询、金融科技产品、金融IT服务、云计算及运营服务。公司成立于2003年，服务超过300家金融行业客户，覆盖中央银行、政策性银行、国有银行、股份制银行、地方性商业银行、非银行金融机构等，员工人数近7000人，成为激活金融领域创新活力、推动金融科技迈入世界领先水平的重要力量。作为金融行业客户可信赖的合作伙伴，天阳科技凭借丰富的行业经验和端到端的专业服务，在信创、数字化金融、信贷、交易银行、信用卡、零售、营销、风险管理、征信监管等众多领域具备核心竞争力。据赛迪和IDC报告显示，近年来公司在中国银行业IT解决方案市场排名强势崛起，2019年收入及市场占有率综合排名分别位列第四位和第五位，并保持高速增长。同时，前瞻商业和科技趋势，入选2021年度未来银行科技服务商TOP100。天阳科技始终聚焦金融科技领域，加大自主创新力度，在超过100个城市建立本地化、专业化的研发和服务团队，拥有CMMI5级认证、软件测试成熟度模型集成（TMMi）3级认证、ISO9001质量管理体系认证、ISO20000信息技术服务管理体系认证、IS027001信息安全管理体系认证。通过部署人工智能、云计算、大数据、移动互联网、分布式计算和区块链等先进金融科技，公司致力于构建安全可控、普惠民生、开放共赢格局，在关键技术领域服务现代化金融发展大局，更好地为各利益相关方创造更大价值，为大中企业、小微企业以及每个个体提供优质金融服务。,"https://www.zhaopin.com/jobdetail/CC120408370J40824007708.htm?refcode=4019&srccode=401901&preactionid=a7c1140f-c46c-45e5-b867-ab342d8bdc77"
3888,C/C++,苏州-虎丘区,1.4-2.8万,外企德科数字技术有限公司,专业技术服务,10000人以上,,CCL1480117890J40599944605,招聘要求： 1、熟悉C/C++、Java、Python、JS等开发语言一种或多种； 2、经验不限，具有较好的代码能力和的学习能力、自驱力； 3、具有一定的技术架构思维，确保设计的技术方案、开发的代码有较高性能、质量保障、扩展性，前瞻性； 4、参与系统以提升效率为目的的整体的优化、改进，出现问题时能够通过较强的技术手段较好的解决问题。,2025-07-27 00:23:22,外企德科数字技术有限公司是一家2023年新成立的中外合资企业。成立于2023年11月24日，公司定位：专注于为信息技术企业提供人才及数字技术外包解决方案的中外合资企业。它是由中国人力资源服务行业的FESCO（北京国际人力资本集团）与全球人力资源服务领导者The Adecco Group（德科集团）合资成立的。公司主要提供网络技术服务、软件外包服务、计算机系统服务、技术进出口、软件开发等信息技术相关服务。专注于为信息技术企业提供信息技术类人才及数字技术外包解决方案。,"https://www.zhaopin.com/jobdetail/CCL1480117890J40599944605.htm?refcode=4019&srccode=401901&preactionid=a7c1140f-c46c-45e5-b867-ab342d8bdc77"
3889,实施工程师,武汉-洪山区,9000-18000元,北京九思易自动化软件有限公司,"计算机软件,计算机软件",20-99人,未融资,CC120900800J40841902104,九思易自动化软件公司专注于管控数字化平台的研发与推广，是国家“高新技术企业”和“北京市专精特新企业”，具有CMMI 3级国际认证，1项国家发明专利和百余项软件著作权，曾参与科技部国家重大专项软件的研发。九思易的研发、技术团队个人素质出众、行业经验丰富、技术积累深厚、始终关注前沿技术和行业发展方向、富于创新精神、执着而有激情。九思易打造的易控系列产品在行业内具有技术领导的地位，是推动数字化转型和智能化升级的过程中的不可或缺的产品。如果你也有志于在工业软件领域深耕，渴望加入一家蓬勃发展的企业，和优秀的团队共同打造经典产品，九思易欢迎你的加入！ 岗位职责： 1、负责易控系列软件产品、软件方案的售前售后技术支持； 2、参与易控系列软件产品的需求沟通、方案制做、产品功能演示和方案展示； 3、负责易控系列软件产品平台方案在相关各行业的深入推广，落实实施过程中的相应技术支持； 4、客户需求获取、沟通、确认，协调解决客户技术问题和产品问题； 5、产品常见问题的整理归档，搜集并整理用户反馈信息，提出改进建议和方案。 岗位要求： 1）技能要求： 1、统招自动化、计算机或相关专业本科以上学历，985/211院校优先； 2、熟悉各类自动化软件、组态软件、人机界面、工控产品、有各类PLC编程经验和项目调试工作经验优先； 3、掌握工业自动化监控和信息化管理产品的数据采集、展示、信息管理、网络化和信息化的专业知识等； 4、理解工业自动化领域一个或多个细分行业（如医药/半导体/新能源/市政环保/食品饮料/物流/安防指挥控制等）的工控软件应用场景，并具备软件落地经验。  5、熟悉C#、C++等编程语言，熟悉数据库是加分项。  2）综合素质：  1.具有较强的逻辑思维能力和良好的学习能力；  2.具有良好的团队协作精神和沟通表达能力，良好的跨地域、跨部门合作能力；  3.勤奋上进，具有强大的自我驱动力及目标结果导向，享受挑战自我；  4.拥有大局观的同时能够很好地关注细节。  我们能为你提供：  1.具有行业竞争力的薪酬体系，包括丰厚的薪资待遇、完善的福利和激励机制；  2.轻松愉快的团队氛围和工作环境；  3.经验丰富、充满激情团队的专业技能培训和职业发展指导；  4.公司快速上升期带来的广阔职业发展空间和晋升机会。  欢迎志同道合者加入共创未来！,5月27日,北京九思易自动化软件有限公司（以下简称“九思易”）由多年在海外从事工业自动化软件研究的行业专家归国创办。九思易是一家专业和领先的自动化信息化软件平台开发商，同时提供监控管理自动化和信息化系统工程服务。公司坐落于有“中国硅谷”之称的中关村，毗邻清华大学、北京大学和中国科学院自动化研究所等著名高等学府和科学研究机构。九思易公司长期专注于自动化和信息化以及两化融合，围绕物联网、工业大数据、智能制造、中国制造2025和智慧城市，建设智慧型社会等，进行研究和产品研发工作。以实时数据为核心，连接企业、城市或各种大型系统的各环节，利用领先的信息技术，实现优化的管控一体化。九思易的“易控/INSPEC”系列产品，既包括能提供完整系统解决方案的系统平台产品，也包括面向特定功能和第三方产品紧密集成的专业平台。九思易提供的易控系统平台有：易控天地（INSPEC TNT）自动化信息化平台、易控组态(INSPEC SCADA)平台、易控PowerView高端人机平台、面向智能制造的易控天成（INSPEC MES）平台等。九思易提供的易控专业平台有：易控天链（INSPEC LINKS）数据采集和控制平台，易控天元（INSPEC PRIME）实时数据库，易控天幕（INSPEC PANAROMA）信息可视化人机交互平台，易控天信（INSPEC MESSENGER）实时消息管理平台，易控天眼（INSPEC VV）实时视频监控平台，易控天行（INSPEC ANYWHERE）移动监控平台。2006年在全球率先推出集成最新IT技术、通信技术和控制技术、基于网络计算和.NET平台、具有划时代革命意义的新一代组态软件——易控（INSPEC）。它在北京奥林匹克体育中心(鸟巢)、人民大会堂、宝钢、首钢、太钢等众多重大监控项目中得到成功应用，其全球领先的图形系统、C#用户程序、多语言等功能，其全面提升的稳定性、开放性和用户人机体验，已成为新一代组态软件的典范。2015年推出新一代易控天地自动化监控和信息化管理平台，囊括了企业管理层和现场层的所有自动化监控功能和信息化功能，其领先的技术平台拓展传统的监控内容，将GIS地理信息系统、视频系统、3D技术、大屏展示、移动访问等融合其中，其细节功能设计大大提升用户体验。满足制造业的两化融合需求，更为众多非传统自动控制领域，例如市政、交通、水利、物流、安防、农业、各种数据中心、MES等提供了理想的系统平台。经过十五年的开拓和积累，九思易奠定了在国内自动化信息化软件领域一流的技术地位，“软件定义未来”，“软件是重中之重”，凭借中国制造2025和工业4.0的东风之势，企业正进入增长的快速通道！“成就客户，专注创新、科学严谨、追求卓越”是公司的核心价值观。创始人及研发团队一直跟随新的自动化控制技术、信息技术和网络技术的发展，公司将持续不断地在面向智能制造和智慧城市领域应用的自动化信息化管理平台进行投入，为用户提供最领先的产品和服务！有志于在软件事业、在中国制造、在智慧城市建设等领域发展的有识之士，欢迎加入九思易团队，公司提供优良的办公环境、业内一流的薪资福利和无限广阔的发展空间！,"https://www.zhaopin.com/jobdetail/CC120900800J40841902104.htm?refcode=4019&srccode=401901&preactionid=a7c1140f-c46c-45e5-b867-ab342d8bdc77"
3890,实施工程师,苏州-工业园区,7000-11000元,苏州蓝博控制技术有限公司,仪器仪表制造,100-299人,未融资,CC457535420J40372998815,岗位职责： 1、识别客户的技术需求，并提供技术方案及推荐产品； 2、把客户的技术要求转换为技术输入规范，作为开发、测试的重要依据； 3、识别整理客户的技术变更，实时更新产品技术规范； 4、有效衔接客户研发与内部研发的信息沟通。 任职要求： 1、本科及以上学历，理工科专业； 2、有工程机械/农业机械/汽车行业类似工作经历优先考虑； 3、接受出差，善于沟通交流。     职位福利：五险一金、绩效奖金、全勤奖、交通补助、餐补、带薪年假、定期体检、员工旅游 ,3月3日,苏州蓝博控制技术有限公司是国内知名的非道路车辆仪表与控制系统供应商，公司技术团队占总人数60%，专注于农业机械、工程机械、乘用车仪表、控制及系统集成的研发和应用，拥有独立技术研发中心和制造基地。经过二十多年的专业深耕，公司在系统创新、软件创新、硬件创新上颇有建树，自主研发出基于Linux深度优化的跨平台车载液晶仪表系统、可编程控制器、图形化编程平台等，为客户提供标准和定制化的解决方案，与行业龙头企业徐工集团、潍柴雷沃重工、柳工集团、中国一拖等建立了良好的合作关系。公司注重高新技术的研发和应用，获得多项授权发明专利、实用新型专利、软件著作权，具有强大的科技创新实力。在质量管理方面，为搭建行业一流的全过程产品研发平台，公司通过了IATF16949:2016、ISO9001:2015质量管理体系认证和GB/T29490-2013知识产权管理体系认证，建立起一套完善的企业管理体系。公司先进的研发和产品质量管理也获得徐工集团金牌供应商、徐工BIQS优秀推进奖、潍柴雷沃科技创新奖、萨丁重工优秀供应商等客户颁发的多项荣誉和认可。公司获评江苏省车载显示与控制系统工程技术研究中心、苏州市企业技术中心、苏州园区第一批专精特新小巨人企业、江苏省瞪羚企业。公司核心技术成员入选苏州园区第八届科技领军人才、姑苏高技术重点人才、姑苏重点产业紧缺人才计划、苏州园区高技能领军人才、苏州园区高层次和紧缺人才等。公司依托在业内的优势地位，以及卓越的技术和人才平台，瞄准本领域尖端科技，获取新的知识产权，不断研发出性能优越的车载显示与控制系统。,"https://www.zhaopin.com/jobdetail/CC457535420J40372998815.htm?refcode=4019&srccode=401901&preactionid=a7c1140f-c46c-45e5-b867-ab342d8bdc77"
3891,前端开发,上海-静安区,1.5-2万,深圳南区人瑞人力资源服务有限公司,企业服务,10000人以上,已上市,CCL1289361510J40758037001,工作职责： ● 负责自研B端产品前端功能开发与定制化需求实现 ● 保障系统高可用性、高性能及良好的用户体验 ● 深入理解B端业务逻辑，输出合理的前端技术方案 ● 独立完成复杂用户界面和交互逻辑的开发 ● 与后端开发紧密配合，完成API联调与性能优化 ● 协同产品、设计团队落地需求 任职资格： 教育背景 ● 本科及以上学历，计算机相关专业优先 技术能力 ● 扎实的Web前端基础，熟悉HTML、CSS和JavaScript (ES6+)和HTTP协议基本知识 ● 熟练掌握至少一种主流框架(React/Vue/Angular)，并有实际项目经验 ● 了解前端工程化概念，熟悉使用Git进行版本控制和团队协作 ●具备良好的代码风格和编程习惯，能够编写高质量、可维护、可测试的代码 工程化能力 ● 掌握Docker容器化部署 ● 熟练使用Nginx进行项目配置 ● 了解Webpack/Vite等构建工具 加分项 ● 有SVG/Canvas可视化开发经验 ● 深入理解Webpack/Vite原理及优化 ● 掌握Node.js等后端开发能力 ● 有技术博客/GitHub开源项目 ● 具备UI设计能力(Figma/Sketch,7月22日,"人瑞是中国领先的综合人力资源解决方案提供商数字化时代，人才供应链必须契合企业数字化战略下的业务发展需要人力资源管理的使命，在于构建人才管理数字化与企业战略、业务数字化的连接和应用人瑞坚持以效果为导向的人力资源服务模式，依靠技术驱动人力资源的服务能力，通过强执行力的组织体系与专业团队,为客户提供满意的、适应数字化需求的人力资源一体化服务！","https://www.zhaopin.com/jobdetail/CCL1289361510J40758037001.htm?refcode=4019&srccode=401901&preactionid=a7c1140f-c46c-45e5-b867-ab342d8bdc77"
3892,测试工程师,上海-杨浦区,1.3-1.5万,上海戴倪坝科技有限公司,电子商务,20-99人,,CCL1505797480J40795444105,岗位内容：  1. 负责软件测试的规划、设计、执行、跟踪和总结工作。 2. 协助研发人员进行问题定位和解决，确保软件品质。 3. 掌握各类测试技术手段，通过持续集成、自动化测试等方式不断提高测试效率和质量。 4. 参与产品评审，积极提供改进建议，推动产品质量的提升。,7月22日,,"https://www.zhaopin.com/jobdetail/CCL1505797480J40795444105.htm?refcode=4019&srccode=401901&preactionid=a7c1140f-c46c-45e5-b867-ab342d8bdc77"
3893,实施工程师,连云港-连云区,9000-18000元,青岛安然物联网科技有限公司,"物联网,物联网",20-99人,未融资,CC559764920J40823801204,需要弱电技术、自动化、安防系统、工业互联网+危化安全生产、物联网人才，不要纯软件人才。  你能经常到全国各地出差吗？你能到工业生产现场生产现场做技术支持吗？   真正的奋斗者在安然会有让人值得为之奋斗的事业，会有充实、高效的成长，会有高人一等的收入。   你能做好售前技术支持、根据客户需求，高效制作方案吗？你能做好售中技术支持、指导他人正确安装、部署、调试系统向用户保质保量快速交付吗？你能做好售后维护，高效沟通和落实客户需求吗？   迄今已服务中石化、中石油、延长石油、国能、兖矿、京能、索普、新安、奇美、昊源、潞安、旭阳、垦利、逸盛、海科、酒钢、金发等几百家石化、化工、选煤、钢铁、电厂企业。    安然以客户为中心，以强者为本，抬头乐干，愿意与同道中人联合、链接，携手共建、共用、共享生产安全命运共同体，一起干，一起干，让优秀企业更安全，让优秀企业更高效！,7月23日,基于精准人员定位的工业安全生产信息化管理专家，安全生产信息化管理引领者！作为全国实时定位技术标准工作组成员和应急管理部“工业互联网+危化安全生产”人员定位系统技术支持机构，安然从2012年起致力于基于ZigBee Plus三维立体按需精准定位的“工业互联网+安全生产”的研究，获得了20多项安全智能管控系统发明专利和著作权，持续引领中国化工行业生产现场智慧安全！安然以“准、稳、狠”的ZigBee Plus三维立体按需精准人员定位统和“底数清、数据准、情况明、研判准、措施实”的安全生产信息化平台为核心，整合访客管理、出入口控制、人脸识别、视频监控、语音广播、重大危险源监控、可燃有毒气体监测等系统，对生产现场人、机、料、法、环五大要素进行实时、动态、智能管控和预警，规范人的安全行为，保障人的生命安全，有效防范风险、主动化解风险，实现智慧安全。安然“以用为本”，把安全生产信息化建设与公司管理体系“深度融合”，把安全生产信息化建设与日常工作“紧密结合”，对安全生产切实“有用、实用、好用”，避免建用“两张皮”，让安全管控更智能，让生产更高效才实用。迄今已服务中石化、中石油、延长石油、国能、兖矿、京能、索普、新安、奇美、昊源、潞安、旭阳、垦利、逸盛、海科、酒钢、金发等几百家石化、化工、选煤、钢铁、电厂企业。安然以客户为中心，以强者为本，抬头乐干，愿意与同道中人联合、链接，携手共建、共用、共享生产安全命运共同体，一起干，一起干，让优秀企业更安全，让优秀企业更高效！,"https://www.zhaopin.com/jobdetail/CC559764920J40823801204.htm?refcode=4019&srccode=401901&preactionid=a7c1140f-c46c-45e5-b867-ab342d8bdc77"
3894,技术支持工程师,宁波-鄞州区,6000-8000元·13薪,伯来克科技(北京)有限公司,"环保,咨询服务,化工,新能源",20人以下,未融资,CC557229480J40414171813,岗位职能：   1， 无需坐班，全国范围均可。 2，负责项目的售前售后支持工作，协助销售人员深入了解客户需求，通过专业的技术指导，为客户排忧解惑。   3， 和公司其他们部门进行沟通和对接，及时准确的掌握项目进展信息；   4， 负责项目过程中的技术指导，包括安装指导、培训、过程管理等。   5， 售后支持：定期进行回访，解决用户日常使用中的各类问题，完善售后技术资料。       任职要求：   1、 化学、化工、环保工程、制药工艺、制药工程等相关行业；   2、 有责任心，有耐心，能出差，具有独立解决问题的能力；   3、 掌握计算机办公软件操作，会使用AUTOCAD软件画图； 4、最好有一定的制药化工企业相关经验，了解活性炭技术优先考虑。,7月10日,公司成立于2017年，主要从事化工、制药领域的液体脱色及技术服务。公司研发、生产和销售高品质活性碳纤维膜，主要用于化工及制药领域的液体脱色过程及水处理行业COD深度处理，可以降低原材料成本，提高产品收率，改善操作环境，减少固体废弃物，缩短生产周期，减轻劳动强度。目前已经应用于抗生素类、抗病毒类、激素类、解热镇痛类、维生素类、氨基酸、糖、淀粉、农药、精细化工产品、中药、酒类、饮料类等产品。公司产品优势在于可以重复使用，大大减少企业固废，节能减排。,"https://www.zhaopin.com/jobdetail/CC557229480J40414171813.htm?refcode=4019&srccode=401901&preactionid=a7c1140f-c46c-45e5-b867-ab342d8bdc77"
3895,C/C++,珠海-金湾区,2-3万·16薪,三一集团有限公司,"专用设备制造,专用设备制造",10000人以上,未融资,CC134218700J40709032310,说明：我们是三一集团的港机事业部，全名是三一海洋重工有限公司（可搜索出位置，园区3000亩），年收入百亿， 在珠海高栏港这边，平沙镇附近，不在市区。 对智能化研发有长期+稳定+旺盛需求。  工作职责： 从事三一集团港机事业部港机物流设备（正面吊、堆高机、重叉、伸缩臂叉车、抓料机等）无人化、智能化方面的研发工作； 负责港机物流设备（正面吊、堆高机、重叉、伸缩臂叉车、抓料机等）远程操控终端软件设计开发；,2月7日,三一主营业务是以“工程”为主题的装备制造业，覆盖混凝土机械、挖掘机械、起重机械、筑路机械、桩工机械、风电设备、港口机械、石油装备、煤炭设备、精密机床等全系列产品，目前，三一挖掘机械、桩工机械、履带起重机械、移动港口机械、路面机械、煤炭掘进机械为中国品牌，混凝土机械为全球品牌。,"https://www.zhaopin.com/jobdetail/CC134218700J40709032310.htm?refcode=4019&srccode=401901&preactionid=a7c1140f-c46c-45e5-b867-ab342d8bdc77"
3896,测试工程师,沈阳-浑南区,1-2万,东软集团,"计算机软件,互联网",500-999人,已上市,CC120399300J40854633415,职责描述：  1、对日软件项目的设计、测试等工作； 职位要求：  1、未来可以接受对日项目测试或开发； 2、能接受出差日本 3、日语N2级以上 4、自动化测试经验较佳 5、23、24、25届统考本科及以上学历，专业不限 工作地：日本 东京 入职后需要回国内培训2~3个月,6月16日,东软创立于1991年，是中国第一家上市的软件公司，一直以来致力于以信息技术的创新，推动社会发展，创造美好生活。东软集团以软件技术为核心，业务领域覆盖智慧城市、医疗健康、智能汽车互联及软件产品与服务。目前，东软在全球拥有近20000名员工，在中国建立了覆盖60多个城市的研发、销售及服务网络，在美国、日本、欧洲等地设有子公司。此外，东软连续四次入选普华永道“全球软件百强企业”，还曾荣获最具全球竞争力中国公司20强、中国50强全球挑战者、亚洲最受赏识的知识型企业、亚太地区最佳雇主等奖项。,"https://www.zhaopin.com/jobdetail/CC120399300J40854633415.htm?refcode=4019&srccode=401901&preactionid=a7c1140f-c46c-45e5-b867-ab342d8bdc77"
3897,C/C++,南京-六合区,8000-15000元,南京南化建设有限公司,"石油/石化,化工,工程施工",1000-9999人,未融资,CC440117520J40749554505,岗位职责： 1. 精通钉钉应用开发，深入理解钉钉开放平台接口与架构，具备丰富的钉钉应用开发经验。 2. 熟练运用钉钉低代码平台结合AI技术搭建智能系统。 3. 熟悉软件开发全流程，掌握主流编程语言，具备数据库设计与操作能力，可进行系统底层代码优化与二次开发。 岗位要求： 1. 具备成功钉钉智能应用项目者优先。 2. 对低代码与AI融合开发有深入实践，能够在低代码环境下灵活调用AI服务。 3. 了解前后端开发技术栈，保障智能系统稳定高效运行。,4月7日,"南京南化建设有限公司，是一个大型综合性总承包壹级资质的施工企业。创建于1956年4月，2007年12月改制为南京南化建设有限公司,注册资本13500万元。公司拥有各类施工资质18项，年施工生产能力为100亿元人民币。公司具有国家建设部核定的：化工石油工程施工总承包壹级；机电安装工程施工总承包壹级；市政公用工程施工总承包壹级；房屋建筑工程施工总承包贰级；环保工程专业承包壹级；化工石油设备管道安装工程专业承包壹级；土石方工程专业承包壹级；钢结构工程专业承包壹级；消防设施工程专业承包壹级。具有国家商务部颁发的对外经济合作经营资格证书及对外援助成套项目A级施工企业资格。具有国家质量技术监督局颁发的压力容器安装改造维修许可证、压力容器球形储罐现场组装许可证和压力管道安装许可证、一级锅炉安装许可证、 B级桥式起重机、B级门式起重机安装改造维修、电力施工许可证等各种资格证书。公司已连续多年被南京市评为“重合同守信用”企业。","https://www.zhaopin.com/jobdetail/CC440117520J40749554505.htm?refcode=4019&srccode=401901&preactionid=a7c1140f-c46c-45e5-b867-ab342d8bdc77"
3898,软件测试,开封-鼓楼区,5000-7000元,河南智搜量信息科技有限公司,互联网,300-499人,未融资,CCL1491001470J40658966209,岗位内容： 1. 协助工程师进行测试软件，记录相关问题。 2. 协助工程师进行软件的优化。 3. 负责软件测试阶段的进度管理和问题跟踪，记录并反馈。 4. 协助工程师持续改进测试流程，提高测试效率和质量。任职要求：   1、20--35岁，中专及以上学历，计算机、自动化等相关专业优先，接受应届实习生；  2、对软件测试、计算机比较感兴趣；  3、踏实稳定，入职有老员工带，有完善的晋升体系；  4、拥有较好的沟通技巧及团队合作精神，较强的责任感及进取精神。  5、具备强烈的责任心和团队合作精神  ,7月25日,河南智搜量信息科技有限公司是一家做鸿蒙深度开发、人工智能系统开发、无人驾驶技术研发等多项目高新技术研发类公司，智搜量正在实施的项目上已经有300+技术员工，作为95后、00后的一员，我们能带给你：【薪资多多】：无责底薪+绩效+六险一金+13薪，90%员工综合月薪7k-9k；【假期多多】：周末双休、法定节假日、年假、婚假、生育假、丧假等；【机会多多】：试用期培训+在职培训+晋升培训，学习机会，助力成长；【晋升多多】：良好的晋升空间，公司90%管理内部晋升，公平公正机会多；【活动多多】：下午茶歇（零食+奶茶）、旅游、聚餐、生日会、拓展训练等；【朋友多多】：工作氛围超nice，亲切友善的同事，和谐轻松舒适的工作环境；【休息多多】：上午：9:00--11:50，下午：14:00--18:00我们期待初出茅庐充满干劲的你，驰骋沙场经验丰富的你，打算转型寻求破圈的你！,"https://www.zhaopin.com/jobdetail/CCL1491001470J40658966209.htm?refcode=4019&srccode=401901&preactionid=a7c1140f-c46c-45e5-b867-ab342d8bdc77"
3899,科研人员,广州-越秀区,6000-8000元,广东省科学院微生物研究所(广东省微生物分析检测中心),学术/科研,100-299人,未融资,CC245784810J40573785108,年龄：30岁以下 学历要求：硕士 专业要求：生物化学与分子生物学、微生物学及相关专业 岗位职责：  1. 课题组主要从事微生物酶工程研究方向。 2. 科研助理主要从事酶分子克隆、表达、纯化及酶学性质表征等。 岗位要求： 1. 熟练的分子生物学和生物化学相关实验技能。具有蛋白纯化经验者优先。 2. 能稳定工作、对科研工作具有浓厚兴趣、具有较好的英文读写能力。,6月5日,广东省微生物研究所前身为中科院中南真菌研究室，于1964年5月19日经国家科委批准成立，1972年改为现名，隶属于广东省科学院。拥有2013年5月获批的省部共建华南应用微生物国家重点实验室、1987开始建设并运行的广东省菌种保藏与应用重点实验室和2005年建设的广东省微生物应用新技术公共实验室；依托该所的广东省食品安全检测与评价科技创新平台已经搭建；在广东省材料检测与评价科技创新平台中建设的生态毒理和生物安全评价实验室已经完成全部建设内容并投入运营；广州国家生物产业基地生物新技术及产品研究开发和测试公共实验中心已获国家发改委立项支持，并于2011年完成验收投入使用。广东省微生物学会、广东省食用菌行业协会、广东省生物技术生产力促进中心、广东省食用菌产品质量监督检验站均挂靠该所。研究所的重点科研领域为微生物资源多样性与前期开发、微生物生态与环境污染控制、微生物危害及其检测与控制、微生物分子育种及生物转化、食药用菌生物技术与人类健康五个方面。目前所内已形成资源微生物学、环境微生物学、分析微生物学和霉腐微生物学等四个优势学科，具有博士研究生和硕士研究生培养能力，2010年获人力资源和社会保障部批准建设博士后科研工作站。广东省微生物研究所的科技业务工作主要有科技创新、行业共性关键技术及科技服务和成果转移与转化三个方面，其中科技创新主要依托省部共建华南应用微生物国家重点实验室、广东省菌种保藏与应用重点实验室和广东省微生物应用新技术公共实验室；行业共性关键技术及科技服务主要依托广东省微生物分析检测中心、广东省食用菌产品质量监督检验站和国家广州化学品生态环境安全评价服务中心；成果转移与转化载体主要依托广州国家生物产业基地生物新技术及产品研究开发和测试公共实验中心以及食用菌研究发展中心、微生物检测新技术研究发展中心、微生物工程研究发展中心及环境微生物研究发展中心等四个科研、开发、推广应用一体化的研究发展中心。依托于我所的广东省菌种保藏与应用重点实验室在2000年、2003年、2006年和2010年连续四次被评为广东省优秀重点实验室；广东省微生物应用新技术公共实验室2008年以优异成绩通过广东省科技厅的验收；在广东省菌种保藏与应用重点实验室和广东省微生物应用新技术公共实验室的基础上组建的广东省华南应用微生物重点实验室2009年获科技部批准组建省部共建国家重点实验室培育基地，2012年4月通过科技部组织的专家验收，2013年3月通过科技部组织的专家论证，成功晋升为省部共建华南应用微生物国家重点实验室。目前实验室拥有实验面积4750平方米，包括公共实验室、大型仪器室、华南微生物资源中心（包括标本库和菌种保藏中心）、环境微生物实验室、微生物检测与控制实验室、霉腐微生物实验室、食药用菌生理功能及分子机理实验室、工业化前期实验室等；拥有各类仪器设备236台套，仪器设备原值3680万元，其中30万元以上设备36台套，包括流式细胞仪、透射电子显微镜、扫描电子显微镜、激光共聚焦显微镜、全自动发酵罐、凝胶成像仪、各类PCR仪、超高效液相色谱仪、微生物电解呼吸仪、质谱联用仪、气相色谱仪、电感耦合等离子体质谱仪、高性能三重串联四级杆液质联用系统、石墨炉原子吸收光谱仪、高速冷冻离心机、全自动微生物鉴定系统等，以上设备大部分是2008年以来购置，整体仪器设备达到国际先进水平，以上实验室及设备完全具备了分子水平、细胞水平及基因水平的研究要求。建所以来，在科研项目方面，先后承担了国家973计划项目、国家“863”计划项目、国家重大科技攻关项目、国家科技支撑项目、国家自然科学基金项目、农科成果转化项目、国家科技型中小型企业技术创新基金项目、国家生物高新技术产业化示范工程项目、广东省教育部产学研项目、粤港招标项目和省基金团队项目、省科技创新百项工程项目、省自然科学基金项目、省重大重点科技攻关项目及科技援藏项目、广州市重大重点科技项目等重大重点科技项目；在标准制定方面，主持和参与七十多个国家、行业和地方标准制修订项目；在科技成果方面，共取得科技创新成果142项，其中国际先进、领先水平的60项；获得国家及省部级成果奖108项，其中国家级成果奖6项、省部级一等奖12项；在专利申请方面，共申请专利287件，其中发明专利272件，授权专利162件，其中发明专利147件。在国内外核心学术刊物发表论文1800多篇，出版科技专著36部。,"https://www.zhaopin.com/jobdetail/CC245784810J40573785108.htm?refcode=4019&srccode=401901&preactionid=a7c1140f-c46c-45e5-b867-ab342d8bdc77"
3900,Java,南京-建邺区,7000-10000元,南京中创长天智能科技有限公司,计算机软件,100-299人,,CCL1337597170J40657878213,岗位内容： 1. 设计、开发并维护Java应用程序。 2. 解决各种技术难题，保证代码的可靠性、高效性和安全性。 3. 参与软件设计的讨论和计划制定。 4. 与其他团队成员协作工作，提高团队整体技术水平。 任职要求： 1. 熟悉Java语言及相关技术，熟悉Spring框架。 2. 具有扎实的编程基础和良好的面向对象编程思想。 3. 对常见数据库如MySQL、Oracle等有一定的了解和应用经验。 4. 对Web开发技术有深入理解，熟悉前端技术如HTML、CSS、JavaScript等。,7月23日,,"https://www.zhaopin.com/jobdetail/CCL1337597170J40657878213.htm?refcode=4019&srccode=401901&preactionid=a7c1140f-c46c-45e5-b867-ab342d8bdc77"
3901,硬件测试,杭州-西湖区,6000-8000元,杭州超钜科技有限公司,"仪器仪表制造,仪器仪表制造",20-99人,不需要融资,CC524996780J40895316404,岗位职责 1、能够焊接并调试产品电路板，并能独立解决测试中的问题并形成测试报告； 2、负责公司日常的客户售后以及现场的技术支持； 3、负责产品演示、安装以及培训工作； 岗位要求 1、有较强的实践动手能力，有仪器调试与安装的经验优先； 2、熟悉测试基本流及电子技术知识； 3、编写测试文档及测试报告； 4、了解基本的网络概念与基础知识； 5、工作负责，具备良好沟通表达能力和团队合作精神。,4月2日,杭州超钜科技有限公司位于浙江省杭州市高新技术开发区，成立于2017年，是一家专注于痕量传感技术及设备研发、制造、销售、服务的国家高新技术企业。公司致力于核心痕量传感技术转化和价值创造，创新研发高精度检漏仪及痕量在线分析仪等系列产品，已在众多行业应用并取代原有进口仪器，主要领域为高精密工业检漏、地震前兆观测、地质勘探及环保行业，是政府机关、研究所及世界500强企业的优选供应商。公司专注于以市场为导向的科技创新和技术驱动，先后通过ISO9001质量管理体系认证、知识产权管理体系认证、3A信用体系论证， 2019年荣获国家高新技术企业认定，2020年获得杭州市高新技术研究开发中心授牌。持续创新是公司发展的源动力，公司拥有多项国家发明专利，核心研发团队荣获浙江省科技进步二等奖，先后主持承担国家“863”重点项目、国家“十二五”科技支撑项目、中国地震局重大仪器专项和浙江省重大科技专项。超钜科技汇聚痕量检测细分领域行业精英，秉承“超越感知，创新卓越”的企业精神，牢记“帮助用户创造更大价值”的企业使命，力争成为细分行业一流的痕量检测分析设备及服务供应商。,"https://www.zhaopin.com/jobdetail/CC524996780J40895316404.htm?refcode=4019&srccode=401901&preactionid=a7c1140f-c46c-45e5-b867-ab342d8bdc77"
3902,实施工程师,北京-通州区,8000-12000元,北京凯隆分析仪器有限公司,"仪器仪表制造,IT服务,电子/半导体/集成电路",100-299人,未融资,CC152849920J40744506801,此岗位有出差需求，介意者谨慎投递~,6月12日,"北京凯隆分析仪器有限公司是专业从事在线分析系统的制造商.成立于1993年，至今已有二十八年的历史，所拥有的过程气体在线分析系统产品（称为采样预处理系统），获得了卓越的国际国内声誉，在技术方面遥遥领先。赢得了用户广泛的赞誉。当今已有超过 2000套分析系统安装使用在国内外的各个工业领域内。迄今在中国北京设有研发制造基地、在杭州、成都、鞍山等多个主要城市设有销售与技术服务中心，并拥有研发、生产、销售与服务全方位业务。2008年、2009年2010年连续3年的订单均在每年1亿人民币。北京凯隆分析仪器有限公司总部设在北京的亦庄国家级经济开发区.位于中关村科技园区通州园金桥科技产业基地景盛中街21号，设计，研制,生产一系列采样预处理部件及气体分析系统。分析系统不仅可与磁氧，红外，紫外，热导等在线气体分析仪配套；同时可与在线工业气相色谱，光谱，热值，水中碳烃光学仪器等配套广泛应用石油化工、冶金、电厂、建材，环保等领域。出口产品占整个销售领域30%份额，经常出口提供给世界40多个国家和地区。领先于国内同行业。北京凯隆分析仪器有限公司KALOON Analytical Instruments CO.Ltd","https://www.zhaopin.com/jobdetail/CC152849920J40744506801.htm?refcode=4019&srccode=401901&preactionid=a7c1140f-c46c-45e5-b867-ab342d8bdc77"
3903,测试工程师,深圳-龙岗区,9000-17000元,软通动力信息技术(集团)股份有限公司,"互联网,IT服务,计算机软件",10000人以上,D轮及以上,CC000544460J40714040416,base东莞松山湖溪村B2！！！欢迎投递！！岗位空缺大！！！ 岗位职责： 1. 掌握基本的电路工作原理知识，如反激、buck、PFC、LLC等； 2. 熟悉常见的电子器件工作原理，如电阻、电容、电感、电源防护器件，变压器、二极管、MOS管等； 3. 熟练使用电源调测工具，如AC-source、DC-source、DC负载、示波器、万用表、电桥等； 4. 进行变频器、电驱动、电源产品的EMC测试； 5. 开发调测压缩机电驱，解决电路调试及问题，实现端到端闭环问题。 岗位要求： 1.23届学信网可查本科以上学历优先； 2. 有压缩机电驱开发调测经验者优先； 3. 有车载电驱EMC相关测试经验者优先。,7月14日,软通动力信息技术（集团）股份有限公司（以下简称“软通动力”）是中国数字技术产品和服务创新领导企业，致力于成为一家具有全球影响力的科技企业，企业数字化转型可信赖合作伙伴。公司2005年成立于北京，多年来始终坚持科技创新，具有软硬全栈的智能技术产品和服务能力，提供软件与数字技术服务、计算产品与数字基础设施、数字能源与智算服务以及国际化服务。目前，公司在10余个重要行业服务超过1100家国内外客户，其中超过230家客户为世界500强或中国500强企业，员工近90000人。软通动力拥有软通咨询、软通金科、软通工业互联、机械革命、软通华方等业务子品牌，并在全球40余个城市布局业务，构建北美、日本、东南亚、中东四大国际交付中心，在北京城市副中心、江苏无锡建设两大智能制造基地。同时，公司前瞻布局智能制造、ICT软硬基础能力和生产力智能化产品，打造产业链闭环。软通动力设立30个能力中心，拥有1个国家级工程实验室，6个省市政府认定的工程、技术实验室及研发中心，1个博士后科研工作站，50+技术合作伙伴的生态合作体系，不断探索前沿技术的巨大商业应用潜力。公司旗下教育品牌软通教育，拥有一家全日制本科学院——郑州西亚斯学院数字技术产业学院；同时在全国合作院校600多所，设有70多个校企联合人才培养基地，通过校企合作、协同育人，为社会培养高素质应用型人才。软通动力先后获得“2023年中国IT服务市场排名TOP 1”、“2024年Q4 PC出货量国内市场份额排名TOP 2”、“2024年中国软件和信息技术服务竞争力百强企业”、“2023年中国信创企业100强”、“2024万得ESG评级（Wind ESG Rating）AA级及信息技术服务行业ESG综合得分排名第一”等荣誉及市场认可，并拥有全球软件工程领域最高级别CMMI V2.0成熟度5级评估认证、国家研发运营一体化（DevOps）三级能力成熟度模型认证、信息技术服务标准（ITSS）运维能力成熟度一级认证等专业资质，支撑公司更优质的服务体系。,"https://www.zhaopin.com/jobdetail/CC000544460J40714040416.htm?refcode=4019&srccode=401901&preactionid=a7c1140f-c46c-45e5-b867-ab342d8bdc77"
3904,硬件测试,深圳-龙岗区,8000-11000元·13薪,广东育坤企业管理有限公司,"人力资源服务,人工智能,企业服务",300-499人,不需要融资,CCL1464544780J40722618216,1、负责射频产品的来料装备测试，硬件整体测试，出厂校准测试，出厂指标测试等测试工的测试；,6月13日,广东育坤企业管理有限公司成为国内一流的人才供应商！广东育坤成立于2023年，深耕招聘及猎头行业，立足广州，辐射全国（上海、深圳、北京、佛山、厦门、长沙、郑州等地），致力成为国内一流人才供应专家。注册资本500万元。,"https://www.zhaopin.com/jobdetail/CCL1464544780J40722618216.htm?refcode=4019&srccode=401901&preactionid=a7c1140f-c46c-45e5-b867-ab342d8bdc77"
3905,技术支持工程师,上海-徐汇区,3000-4000元,深圳市卓帆技术有限公司,"计算机软件,IT服务",100-299人,,CC827061380J40672242505,招聘岗位：技术支持实习生（实习生岗位）   招聘人数：3-5人   实习期：6个月（表现优秀的可转为正式员工）   实习薪资：3500-4000元（另有差旅补助100-130元/天）   工作地点：上海市徐汇区桂平路555号桂平园46栋303,3月5日,卓帆作为国内领先的数字化考试智能技术服务商，长期致力于数字化考试和教育信息化产品的研发。自成立以来，以领先的技术、卓越的服务为多个国家部级考试中心，几十个省市级考试机构提供了考试信息化服务。卓帆是深圳市专精特新中小企业、国家高新技术企业、“双软”认证企业，获得了国际CMMI 3级认证、ISO 9001认证等相关资质认证，并获得了广东省“守合同重信用”企业等多项荣誉称号。我们的福利： 1、入职当月即购买五险一金，另有补充性员工团体意外保险； 2、员工依法享有法定节假日、年假、婚假、产假、陪产假等； 3、员工奖励：年终奖、年度调薪、全勤奖、绩效奖、项目奖、优秀新人奖、优秀员工奖、优秀干部奖、优秀团队奖等； 4、员工关爱：带薪病假、团圆节日提前下班、下午茶、节日费、节日礼品、公司领导不定期的微信红包慰问、不定期的部门团建、文娱活动、年度员工体检、员工旅游等； 5、优秀员工可享有公司的股权激励。----各项员工福利还在不断完善和升级O(∩_∩)O----卓帆欢迎人才卓帆优待人才卓帆爱惜人才希望您能成为我们优秀的一员！公司独白：www.zhuofan.net详细请点击进入了解公司地址：深圳市南山区兴科一街深圳国际创新谷一期1栋B座20层,"https://www.zhaopin.com/jobdetail/CC827061380J40672242505.htm?refcode=4019&srccode=401901&preactionid=a7c1140f-c46c-45e5-b867-ab342d8bdc77"
3906,实施工程师,沈阳-浑南区,6000-8000元,沈阳东信创智科技有限公司,"汽车智能互联,电子设备制造,仪器仪表制造",100-299人,未融资,CC705506820J40774842102,岗位职责： 1.负责Vector产品的日常技术支持及售后培训; 2.向客户介绍Vector工具链产品(通信，诊断，标定)以及相关的技术方案; 3.编写Vector工具(通信，诊断，标定)培训PPT以及售前方案; 4.基于Vector产品进行二次开发(使用到的编程语言包括但不仅限于CAPL，C#，C++，python等); 5.参与汽车电子测试项目实施(CAN，LIN，Ethernet等总线的自动化测试); 6.负责研究前沿汽车网络通信相关的技术标准(CAN-FD，汽车以太网等)。 任职资格： 1.本科及以上学历，车辆工程、自动化、测控、通信、计算机、软件等相关专业。 2.具备良好的沟通表达能力、职业化素养及抗压能力(需要跟客户沟通); 3.熟悉Labview、C、C++、C#、Python等至少一种编程语言。 4.具备良好的文档编写能力和文字表达能力; 5.能够适应短期出差，出差地点主要位于长三角、珠三角和西南地区。,7月18日,期待你加入我们——沈阳东信创智科技有限公司（ DoTrust Technologies）！ 2013年在沈阳成立，现已在北京、上海、武汉、广州、开设了分公司和办事处。东信的核心团队有10多年深厚的汽车电子行业经验，成立至今，已在全国范围内为10余家整车厂和300多家供应商提供产品和服务。东信创智致力于为客户提供高效、可靠的开发测试工具和解决方案。除了深耕传统的CAN/LIN车载总线开发、CAN/LIN车载总线测试及电子电气架构技术，东信在汽车电子新兴技术如汽车以太网上的探索与投入也一直走在行业前列。东信拥有资深的总线及架构设计团队，能利用全球领先的工具链CANoe、PREEvision等完全自主地实现汽车电子完整V模式开发、AUTOSAR、ADAS、SOA架构开发、车载总线测试。“真诚给予、技术精进、一诺千金”是东信创智的核心价值观。我们在追求卓越的道路上，不忘为民族工业贡献智慧的初心，以精益求精的态度，为客户提供更及时的服务。公司网址：www.dotrustech.com,"https://www.zhaopin.com/jobdetail/CC705506820J40774842102.htm?refcode=4019&srccode=401901&preactionid=a7c1140f-c46c-45e5-b867-ab342d8bdc77"
3907,测试工程师,成都-郫都区,8000-11000元,重庆科满福人力资源服务有限公司,企业服务,20-99人,,CCL1487604860J40929107204,【岗位职责】： 1、软件测试岗位职责  2、接受测试任务，进行需求分析 3、按照测试计划搭建测试环境，并保证测试环境的可靠性 4、按照测试计划编亏测试用例，保证测试用例合理有效 5、按照测试用例执行测试，及时发现缺陷，并使用工具进行管理缺陷 6、编写和提交测试报告，保证测试进度按计划完成 7、参与审核其他测试工程师的测试用例和报告 8、学习公司已有方案和推广使用新的测试技术和工具,7月15日,,"https://www.zhaopin.com/jobdetail/CCL1487604860J40929107204.htm?refcode=4019&srccode=401901&preactionid=a7c1140f-c46c-45e5-b867-ab342d8bdc77"
3908,测试工程师,运城-盐湖区,5000-7000元,天阳科技,"计算机软件,计算机软件",1000-9999人,已上市,CC120408370J40824008108,1.全国项目驻场测试，主要负责功能、数据或接口等相关测试工作； 2.统招本科学历及以上（学信网可查）；毕业满2年；计算机专业优先； 3.热爱软件测试行业、有强力的自驱力，能够在测试岗位深入学习研究； 4.有无经验均可，服从公司安排，接受公司培养，可接受异地工作优先； 福利待遇： 上市公司，公司可以提供住宿，提供五险一金； 欢迎符合要求的小伙伴们投递~,7月24日,天阳科技(股票代码：300872)，是全球金融创新服务的重要贡献者，持续赋能中国金融行业数字化转型，为客户提供咨询、金融科技产品、金融IT服务、云计算及运营服务。公司成立于2003年，服务超过300家金融行业客户，覆盖中央银行、政策性银行、国有银行、股份制银行、地方性商业银行、非银行金融机构等，员工人数近7000人，成为激活金融领域创新活力、推动金融科技迈入世界领先水平的重要力量。作为金融行业客户可信赖的合作伙伴，天阳科技凭借丰富的行业经验和端到端的专业服务，在信创、数字化金融、信贷、交易银行、信用卡、零售、营销、风险管理、征信监管等众多领域具备核心竞争力。据赛迪和IDC报告显示，近年来公司在中国银行业IT解决方案市场排名强势崛起，2019年收入及市场占有率综合排名分别位列第四位和第五位，并保持高速增长。同时，前瞻商业和科技趋势，入选2021年度未来银行科技服务商TOP100。天阳科技始终聚焦金融科技领域，加大自主创新力度，在超过100个城市建立本地化、专业化的研发和服务团队，拥有CMMI5级认证、软件测试成熟度模型集成（TMMi）3级认证、ISO9001质量管理体系认证、ISO20000信息技术服务管理体系认证、IS027001信息安全管理体系认证。通过部署人工智能、云计算、大数据、移动互联网、分布式计算和区块链等先进金融科技，公司致力于构建安全可控、普惠民生、开放共赢格局，在关键技术领域服务现代化金融发展大局，更好地为各利益相关方创造更大价值，为大中企业、小微企业以及每个个体提供优质金融服务。,"https://www.zhaopin.com/jobdetail/CC120408370J40824008108.htm?refcode=4019&srccode=401901&preactionid=a7c1140f-c46c-45e5-b867-ab342d8bdc77"
3909,硬件测试,武汉-洪山区,6000-9000元·13薪,武汉贞坤电子有限公司,"计算机硬件,电子/半导体/集成电路",20-99人,未融资,CCL1338829020J40685723213,"具体岗位工作职责： 1、 重复性生产项目的策划、生产流程跟踪、硬件及功能测试、相应技术文档的编写和记录、排故； 2、 系统集成性及测试工作； 3、 高低温等试验性测试工作； 4、硬件及系统功能调试工作； 5、 调试细则、调试记录本等文档性编写及记录工作； 6、 完成上级领导交办的各项临时性工作，妥善处理各项工作中出现的临时性问题； 技能/经验要求： 1、 具有本岗位独立操作的技能； 2、 熟练使用万用表、频谱仪、信号源、电源、示波器等仪器设备； 3、 掌握使用Cadence软件查看原理图及PCB； 4、 至少熟悉VIVADO,CCS,KEIL C等一种嵌入式主控开发软件的基本操作流程； 5、 具有一定硬件基础，能够排除调试过程中简单故障； 6、 具有一定的文档编辑能力。  其它要求： 1、 具有较强责任心，能够保质保量完成本岗位工作； 2、 良好的沟通表达及团队协作能力； 3、 工作主动性强，细心踏实，善于学习； 4、 较强的质量意识； 5、 具有一定的抗压能力。 公司福利： 1、周末双休 2、五险一金+商业保险 3、年休假 4、工作午餐 5、提供免费多样化中餐+乒乓球运动场地 6、生日福利 7、每年免费体检 8、三八、端午、六一、中秋、春节等节假日福利 9、福利礼金或津贴：结婚、生育、住院等 10、团建活动 / 跨省旅游 11、年终奖 12、离职礼物 13、实习期间可给予住宿补贴/ 另可提供推荐信 14、团队氛围巨好 15、提供学习机会",2月14日,公司介绍：武汉贞坤电子有限公司，是一家专注于国防电子与智能装备领域的高新技术企业，经资产重组和战略调整于2021年正式开始运营。公司基于雷达与电子对抗装备研制、复杂数字与智能系统开发、国产化计算平台快速实现等核心技术能力，为军队及航空、航天、船舶、电子等行业应用提供自主知识产权的软硬件产品及服务。亮点：公司发展空间大、人性化管理氛围、目前拥有多名技术专家及资深管理专家团队。公司已获取武器装备质量管理体系、武器装备二级保密资质、武器装备承制资格等。公司福利：1、周末双休2、五险一金+商业保险3、年休假4、工作午餐5、提供免费多样化中餐+乒乓球运动场地6、生日福利7、每年免费体检8、三八、端午、六一、中秋、春节等节假日福利9、福利礼金或津贴：结婚、生育、住院等10、团建活动/跨省旅游11、年终奖12、离职礼物13、实习期间可给予住宿补贴/另可提供推荐信14、团队氛围巨好15、完备的入职培训与成体系的在职培训，提供外派学习机会,"https://www.zhaopin.com/jobdetail/CCL1338829020J40685723213.htm?refcode=4019&srccode=401901&preactionid=a7c1140f-c46c-45e5-b867-ab342d8bdc77"
3910,技术支持工程师,北京-海淀区,7000-10000元,北京海脉通科技有限公司,环保,20-99人,未融资,CC680521130J40111652209,"招聘岗位：   运维工程师，软件工程师, 环保工程师，总经理助理，储备人才等       岗位要求：   1、 具有环保、化学、电子、自动化、计算机等专科以上学历，专业知识扎实；   2、 思维活跃，应变能力强；勤奋刻苦，动手能力强；   3、 为人诚信、踏实，具有敬业精神；   4、 具有高度的团队合作精神，同时应具备独立工作能力；   5、有C1驾照，能开车。       应聘成功者起薪7000元/月，特别优秀者薪资可详谈。 职位福利：14薪、周末双休、五险一金、带薪年假、弹性工作、节日福利、员工旅游  ",4月24日,北京海脉通科技有限公司成立于2013年，注册资金1000万，核心管理层由环保领域的首席专家、研究员、博士等高素质，从业十年以上的资深人员组成。公司专注于环境分析监测和环境综合治理，同时也是一家环境监测设备专业化运维服务机构，具有多项专利技术，专利产品在国内外得到广泛应用和推广。海脉通在环境检测分析—环境治理—在线自动监测这条产业链上，能提供完整、科学的综合解决方案。我们能为污水处理厂、热电厂、垃圾焚烧厂、食品加工、医药化工等企业提供全方位的环境检测分析服务，并能提供完整科学的环境治理方案，以及环境治理过程（工况）监测和污染源排放在线自动监测系统方案。公司拥有一批环保、化学、自动化、计算机等专业本科以上学历精干的技术人员，能为企业的在线自动监测系统、环境治理设施、自动化系统提供专业的第三方运维服务，作为专业的技术支撑团队，彻底解决企业启用专业化设备后运行使用过程中的后顾之忧。海脉通坚持以专业力量、乐业心态、敬业精神“思客户所想，谋客户所求”。我们以提供专业的咨询、先进的设备、便捷的服务为客户解忧为己任，以能与客户共同发展作为企业的生存之本。,"https://www.zhaopin.com/jobdetail/CC680521130J40111652209.htm?refcode=4019&srccode=401901&preactionid=a7c1140f-c46c-45e5-b867-ab342d8bdc77"
3911,实施工程师,石家庄-长安区,1-2万,信茂科华(上海)信息科技有限公司,人力资源服务,20-99人,,CCL1492998610J40693882906,工作职责：  独立负责给区域内的客户提供专业的产品技术支持  与客户建立良好的关系以带动产品的销售  给客户提供专业的学术支持，帮助医生了解最新的产品知识  开展医生的专业教育会  与市场部和销售部沟通协作确保销售业绩的完成  掌握心脏电生理工作所需的基本的专业知识和产品知识  区域学习的理论知识和简单跟台场景的知识和技能应用  将基本的专业知识和产品知识应用到实际工作场景，提升学员在阵发性房颤、 RVOT PVC 和 AFL 的跟台实践和客户沟通能力。  精通阵发性房颤跟台、产品及客户沟通能力掌握室早和典型房扑的跟台 职位要求/录用条件：  临床/影像/超声专业本科毕业，心脏电生理硕士优先  有医院临床医生背景优先  良好的医学专业英文  能独立完成工作职责，并通过相关知识考试,7月15日,,"https://www.zhaopin.com/jobdetail/CCL1492998610J40693882906.htm?refcode=4019&srccode=401901&preactionid=a7c1140f-c46c-45e5-b867-ab342d8bdc77"
3912,科研人员,天津-红桥区,1.1-1.6万,曼迪匹艾(天津)科技服务有限公司,"科学技术推广,新闻/出版",1000-9999人,未融资,CCL1214324530J40303438604,一、工作职责 1. 联系同行专家，组织稿件的同行评审； 2. 建立与期刊主编，编委成员，作者及审稿人之间的良好沟通； 3. 对稿件进行编排处理。 二、职位要求 1. 本科及以上学历，专业不限，理工科专业专业背景优先； 2. 英语六级以上； 3. 熟练使用office办公软件； 4. 学习能力强，能适应公司高强度职业培训，例如：参加职业培训讲座和一对一导师培训管理。 三、薪资福利 1. 薪酬待遇：本科8-9K，硕士11-12K，博士14-16K，丰厚的绩效奖金； 2. 六险一金，年度体检等各种福利。 四、办公地点 天津市红桥区北马路170号天津陆家嘴金融广场A座7层职位福利：五险一金、绩效奖金、带薪年假、弹性工作、定期体检 ,4月17日,"瑞士 MDPI出版公司中国代表处-只管去思考，学术不仅于此曼迪匹艾科技服务有限公司■公司简介 MDPI（Multidisciplinary Digital Publishing Institute）由林树坤博士创办于 1996年，是全球领先的 Open Access出版公司之一，总部位于瑞士巴塞尔，同时在中国，西班牙，塞尔维亚，英国，日本，罗马尼亚，加拿大，波兰，泰国以及新加坡设有分公司。MDPI中国区在北京，武汉，天津，南京,大连共设有七个代表处，主要负责 MDPI期刊的编辑出版工作，更多公司介绍详见：https://mdpi.cn/。MDPI致力于开放获取出版服务，目前出版英文科技期刊 380余种，其中 SCIE期刊 90余种。期刊领域覆盖生物、化学、医药、机械、能源、环境、农林等各学科，其中包含众多国际知名期刊如 Molecules, Sensors, IJMS, Marine Drugs, Energies, IJERPH等，更多期刊信息详见：https://www.mdpi.com/about/journals。此外，MDPI为促进世界可持续发展，推出各类产品与服务：Sciforum, MDPI Books, Preprints, Scilit, JAMS, SciProfiles, Encyclopedia，Proceedings Series，更多信息详见：https://www.mdpi.com/about/initiatives。MDPI北京代表处于 2008年成立，现有正式员工 1500余人，其中硕博 1200余人。MDPI武汉代表处于 2013年 4月成立，现有正式员工 1500余人，其中硕博 900余人。MDPI天津代表处于 2019年 10月成立，现有正式员工 600余人，其中硕博 300余人。MDPI南京代表处于 2021年 5月成立，现有正式员工 200余人，其中硕博 180余人。 MDPI大连代表处于 2021年 10月成立，现有正式员工 20余人，其中硕博 10余人。■福利项目基本福利六险一金，国假双休，带薪年假，交补餐补，茶歇晚餐进阶福利出国交流，体检套餐，福利年假，儿童福利，节日福利，生日婚育红包优秀激励优秀评选，各类奖金，部门奖励，部门团建，职业发展双通道津贴激励岗位津贴，导师津贴，培训津贴，内推奖励■工作地点·天津市红桥区北马路170号天津陆家嘴金融广场A座2305室·北京市通州区新华大街保利大都汇2号楼10层·北京市海淀区花园路甲13号院7号楼庚坊国际发展中心4层·武汉市武昌区静安路6号尚文科技大厦25层·武汉市洪山区邮科院路88号烽火科技大厦2层·南京市江宁区菲尼克斯路70号小龙湾32号楼15层·大连市高新技术产业园黄浦路浦项IT中心A塔13层","https://www.zhaopin.com/jobdetail/CCL1214324530J40303438604.htm?refcode=4019&srccode=401901&preactionid=a7c1140f-c46c-45e5-b867-ab342d8bdc77"
3913,科研人员,深圳-坪山区,1.2-2.4万,北京理工大学深圳汽车研究院(电动车辆国家工程实验室深圳研究院),"学术/科研,新能源",100-299人,未融资,CCL1200185750J40546447909,岗位职责： 1、负责全固态电解质（硫化物、氧化物、聚合物等）技术调研与行业技术跟踪； 2、协助固态电池关键材料（固态电解质、正负极材料、隔膜）开发和体系优化； 3、撰写论文和专利，负责或协助项目申请。 任职要求： 1、有机化学、高分子化学、材料学、物理化学、电化学、化学、无机化学、凝聚态物理等相关专业，硕士以上学历，博士优先； 2、具有固态电池方向研发经验，熟悉无机固态电解质的合成、聚合物固态电解质成膜等技术，发表过高质量SCI论文者优先； 3、具有优秀的动手能力，良好的独立思考能力和创新能力； 4、具有良好的英文读写能力和专业文献查阅能力。 职位福利：五险一金、节日福利  ,4月16日,北京理工大学深圳汽车研究院（电动车辆国家工程实验室深圳研究院）成立于2019年，是由深圳市人民政府、坪山区人民政府与北京理工大学依托电动车辆国家工程实验室共同建设的事业单位，是广东省认定的高水平新型研发机构。研究院面向国际技术前沿，服务国家汽车强国发展战略，依托北京理工大学技术积累及人才优势，结合粤港澳大湾区汽车产业高质量发展需求，围绕新能源汽车和智能网联汽车发展方向，开展技术研究、试验检测、成果转化、技术咨询、教育培训、学术交流等业务，着力打造先进技术输出高地和高端人才聚集高地，重点建设科学研究与技术创新平台、成果转化与产业孵化平台、试验检测与公共服务平台、人才引培与国际合作平台，助力粤港澳大湾区国际科技创新中心建设、服务北京理工大学“双一流”建设。研究院聚焦汽车“电动化、智能化、网联化、轻量化、共享化”五大发展方向，围绕基础性、前瞻性、战略性技术，重点在车辆系统集成与控制、智能网联、动力电池、燃料电池、电驱动、轻量化、基础设施、前瞻与交叉、产业战略及军民融合等十大研究领域开展技术攻关，致力于建设成为“国内一流、国际领先”的国家级研发平台和“交叉融合、开放共享、投资多元、运行高效”的国际化新型研发机构。,"https://www.zhaopin.com/jobdetail/CCL1200185750J40546447909.htm?refcode=4019&srccode=401901&preactionid=a7c1140f-c46c-45e5-b867-ab342d8bdc77"
3914,硬件测试,合肥-庐阳区,4000-6000元,中科智科技(合肥)有限公司,汽车零部件,20-99人,未融资,CCL1445368930J40789481208,岗位职责： 1、产品生产、售前、售后调试测试；参与传感器的生产和装配、售后产品检测；  2、负责进行车载传感器实车测试（可驾驶手动挡皮卡车）； 3、负责外场测试数据采集、测试现象记录、OBD诊断数据收集整理； 4、遵循公司内部制度及研发部门管理制度、熟悉公司项目开发流程并贯彻执行； 5、配合进行质量文件的实施及日常质量管理工作； 6、配合相关部门日常工作； 7、上级领导安排的其他工作。 任职要求： 1、电子相关专业优先；电子、计算机、自动化等相关专业优先； 2、1年以上的汽车电子相关开发经验优先； 3、具有手动挡C1驾照；熟悉汽车电子相关行业，熟悉汽车诊断OBD协议； 4、学习能力强；具有良好沟通能力和团队合作意识； 5、工作作风严谨，具有强烈的进取心和责任心； 6、具有专业工作能力和解决问题的能力。 福利待遇：  五险 、餐补、周末双休、节假日放假。,7月17日,中科智科技（合肥）有限公司，致力于氮氧传感器、新能源车用雷达及雷达传感等关键技术研发。作为国内目前唯一能够实现氮氧传感器全国产化替代的科技创新项目，公司目前拥有相关全部自主知识产权。在未来，公司将以氮氧传感器为契入点，并在新能源传感器、微波毫米波雷达与成像传感单元等领域开展关键技术研发攻关和布局，成为国内以传感器为主、集自主研发与生产为一体的高科技创新企业。,"https://www.zhaopin.com/jobdetail/CCL1445368930J40789481208.htm?refcode=4019&srccode=401901&preactionid=a7c1140f-c46c-45e5-b867-ab342d8bdc77"
3915,实施工程师,深圳-福田区,1-2万,山东凯恩新材料科技有限公司,"石油/石化,化工",100-299人,A轮,CC399811730J40816587903,岗位职责： 1、根据公司战略和业务规划，负责所辖区域客户项目推进及技术支持工作，沟通厂内厂外信息，进行信息汇总分析； 2、协助市场端负责产品的技术答疑，方案出具，技术交流，产品异常处理等工作； 3、熟悉所辖产品线行业最新动态，了解客户、竞争对手产品应用、设备个新年等技术发展趋势； 4、根据公司以及客户需要，负责公司产品以及竞品的性能评估，工艺验证，检测报告编写。 任职要求： 1、本科及以上学历，高分子材料、化学工程、材料科学或相关专业；从事胶粘剂相关行业背景者优先 2、熟练使用实验设备（如流变仪、FTIR等）及数据分析工具 3、较强的独立分析问题和解决问题的能力； 4、较强的客户服务意识与沟通协调能力 5、强烈的责任感和很好的团队合作精神，具备很强的学习能力，能承受公司做压力，能够接受出差。,7月24日,KY凯恩化学New Material applied to creativity关于凯恩山东凯恩新材料科技有限公司是凯恩化学旗下国家级高新技术企业，开发和制造生物基低压注塑材料、高端胶粘剂、聚酰亚胺等国际尖端技术产品，多个系列产品技术国际领先，填补了国内空白。公司在中国大陆及欧洲设有研发机构，为集成电路、智能终端、新能源、汽车、轨道交通、医疗器械、航空航天、通讯通信等科技尖端领域及各行业头部客户提供一站式低压注塑材料、胶粘剂与多种材料的整体解决方案，是低压注塑材料、高性能胶粘剂等新材料产业的领导者，起草低压注塑材料的行业标准。公司承接国家工业强基工程打造完成的生产园区，生产产能和自动化水平均领先于国内外同行。随着针对各行业头部客户开发的先进材料依次量产，多个产品性能领先于国外高端竞品，公司业绩呈现大幅增长态势。根据公司技术和市场份额的快速提升，公司把努力成为本行业全球领导者设定为发展的中期目标。诚邀有志怀才之士加入，与我们一起成就伟大事业!关于团队公司起步于顶尖团队，来自大陆、香港、台湾及英国。管理团队具有多年国内外上市公司、高科技企业和大型制造企业的成功运营经验，具有国际视野和资源；研发团队由英国皇家化学学会院士、中科院长春应用化学所教授博导等顶级专家领衔，和中国科学院长春应用化学研究所形成了战略合作伙伴关系，在产品联合开发、新技术的市场转化、共同开拓市场、培养专业人才等方面全面合作。关于产品我们的产品包括:用于手机电池、储能电芯、集成电路、5G线缆和高速线、汽车传感器、充电桩电子器件封装保护的高性能低压注塑材料；用于光纤、汽车发动机、手机、笔记本电脑、声学器件、PCBA焊点保护、高铁地铁结构件的多品质、多系列高端胶粘剂；用于光纤、军工航天、核电的高端聚酰亚胺PEI材料。公司严格按照精益管理模式建立生产管理体系，以高度自动化、高效率和细节控制保证产品质量的持续稳定。公司已经通过ISO9001、14001、UL、Rohs、REACH、绿色工厂等认证。关于愿景我们致力成为一个具有国际影响力，以创新技术和尽心服务嬴得尊重的新材料领导者。这里尊重努力和才能，这里鼓励学习和成长，这里有秩序但不死板。如果你壮志凌云，厌倦平庸，充满激情，凯恩是你应该尝试的地方。如果您认同我们，欢迎加入凯恩。www.kychemical.com简历投递邮箱sdkyhr@kychemical.com,"https://www.zhaopin.com/jobdetail/CC399811730J40816587903.htm?refcode=4019&srccode=401901&preactionid=a7c1140f-c46c-45e5-b867-ab342d8bdc77"
3916,科研人员,北京-朝阳区,150-200元/天,北京环科生态环境保护科技有限公司,环保,20-99人,未融资,CC826331310J40737033611,本公司和环保科研单位合作的科研项目招聘实习生，方向为环保标准制定及评估，环境新污染物的迁移转化研究，实习地点在朝阳区。合适的话，可以联合培养。实习待遇，根据工作时间情况定。,5月18日,北京环科生态环境保护科技有限公司（“环科生态”）是一家专业环保咨询服务企业。公司成立于2018年8月，办公地点位于房山区长阳。环科生态主营业务为环境影响评价、排污许可、风险评估及应急预案、竣工环保验收、施工期环境监理、环保相关规划、生态治理方案、环保管家等环保技术咨询服务。业务区域主要为北京市各区县及周边地区，业务服务对象涵盖医药制造、医院、试验研究、交通、房地产、水处理、电力、环境治理及社会服务业等众多领域。环科生态自成立以来，秉承诚信、专业、高效的服务理念，得到业主单位的一致好评。公司在环保咨询服务工作开展过程中始终与环保主管部门保持着密切联系，很好地发挥了联系业主与环保主管部门之间的纽带作用。公司以环保咨询服务为基础，致力成长为环境咨询、环保管家、环境工程的标杆企业。公司长期致力于环保事业，积累了大量的行业经验，拥有专业的技术团队，能够提供优质的环保技术服务。环科生态真诚期待与您的合作。,"https://www.zhaopin.com/jobdetail/CC826331310J40737033611.htm?refcode=4019&srccode=401901&preactionid=a7c1140f-c46c-45e5-b867-ab342d8bdc77"
3917,硬件测试,深圳-龙岗区,1-1.4万,软通动力信息技术(集团)股份有限公司,"互联网,IT服务,计算机软件",10000人以上,D轮及以上,CC000544460J40670198816,岗位内容： 1. 执行硬件测试任务，并维护测试数据和文档； 2. 跟进测试过程中发现的问题，协助解决硬件缺陷； 3. 收集硬件测试需求，推动测试工具和方法的改进。 任职要求： 1. 熟悉常用的硬件测试方法和工具，有相关经验者优先考虑； 2. 善于沟通和协作，具有良好的团队合作精神； 3. 具备较强的学习和自我提升意愿，能够快速适应新环境和新技术。,2月12日,软通动力信息技术（集团）股份有限公司（以下简称“软通动力”）是中国数字技术产品和服务创新领导企业，致力于成为一家具有全球影响力的科技企业，企业数字化转型可信赖合作伙伴。公司2005年成立于北京，多年来始终坚持科技创新，具有软硬全栈的智能技术产品和服务能力，提供软件与数字技术服务、计算产品与数字基础设施、数字能源与智算服务以及国际化服务。目前，公司在10余个重要行业服务超过1100家国内外客户，其中超过230家客户为世界500强或中国500强企业，员工近90000人。软通动力拥有软通咨询、软通金科、软通工业互联、机械革命、软通华方等业务子品牌，并在全球40余个城市布局业务，构建北美、日本、东南亚、中东四大国际交付中心，在北京城市副中心、江苏无锡建设两大智能制造基地。同时，公司前瞻布局智能制造、ICT软硬基础能力和生产力智能化产品，打造产业链闭环。软通动力设立30个能力中心，拥有1个国家级工程实验室，6个省市政府认定的工程、技术实验室及研发中心，1个博士后科研工作站，50+技术合作伙伴的生态合作体系，不断探索前沿技术的巨大商业应用潜力。公司旗下教育品牌软通教育，拥有一家全日制本科学院——郑州西亚斯学院数字技术产业学院；同时在全国合作院校600多所，设有70多个校企联合人才培养基地，通过校企合作、协同育人，为社会培养高素质应用型人才。软通动力先后获得“2023年中国IT服务市场排名TOP 1”、“2024年Q4 PC出货量国内市场份额排名TOP 2”、“2024年中国软件和信息技术服务竞争力百强企业”、“2023年中国信创企业100强”、“2024万得ESG评级（Wind ESG Rating）AA级及信息技术服务行业ESG综合得分排名第一”等荣誉及市场认可，并拥有全球软件工程领域最高级别CMMI V2.0成熟度5级评估认证、国家研发运营一体化（DevOps）三级能力成熟度模型认证、信息技术服务标准（ITSS）运维能力成熟度一级认证等专业资质，支撑公司更优质的服务体系。,"https://www.zhaopin.com/jobdetail/CC000544460J40670198816.htm?refcode=4019&srccode=401901&preactionid=a7c1140f-c46c-45e5-b867-ab342d8bdc77"
3918,科研人员,廊坊-广阳区,6000-10000元,北京仿生界面科学未来技术研究院,化学原料/化学制品,20-99人,不需要融资,CCL1241037870J40661222413,有意向，请直接投递附件简历~  1、材料、化学、化工等相关专业优先；,7月21日,一、北京仿生院简介北京仿生界面科学未来技术研究院（Beijing Institute of Future Science and Technology on Bioinspired Interface），中文简称为：“仿生院”。仿生院成立于2019年12月31日，仿生院以申请登记民办非企业新型研发机构的形式推进工作，努力实现新建研究院的目标。并以此为平台引进中国工程院外籍院士、欧洲科学院院士、中国政府友谊奖获得者藤岛昭教授，助力仿生院的建设与发展。目前在院院士3名，杰青、长江学者15名，教授研究员40名，立足国际仿生界面材料科技前沿，前瞻部署催生变革性产业化未来技术的重大原创性基础研究、应用研究，并和产业发展相结合，努力发展新材料，研制新装备，强调落实科技成果转化。我们致力于打造全球仿生界面科学研究中心、创新基地以及产业示范基地。力争实现三大突破：一是仿生界面科学产生的未来关键技术突破；二是成为吸引、培育全球仿生界面科学领域技术创新人才的策源地；三是引领仿生界面材料从基础研究向产业化转移并最终形成新兴产业链，建立全球仿生界面材料创新发展的新格局。通过重点支持仿生界面材料领域蕴含重大科学突破的原创性研究，开发我国具有自主核心竞争力的仿生界面材料及应用技术，推动产业引领和政产学研协同创新。仿生院力求推进我国在材料、能源等领域的产业升级，突破具有全局推动性、战略引领性的关键共性技术，培育一批具有核心自主知识产权和全球竞争力的新兴科技企业，服务国家和首都创新驱动发展。仿生院是奇迹的创造者。成立四年来，人才队伍规模已逾100人，拥有两栋研发大楼。目前拥有发明专利100余项。仿生院计划在五年内打造由主体科学研究与技术开发人员、技术支撑人员和管理服务人员组成的约300人规模的团队。,"https://www.zhaopin.com/jobdetail/CCL1241037870J40661222413.htm?refcode=4019&srccode=401901&preactionid=a7c1140f-c46c-45e5-b867-ab342d8bdc77"
3919,前端开发,石家庄-裕华区,7000-9000元,唐山华云科技有限公司,IT服务,20-99人,未融资,CC450183930J40775692507,岗位内容： 1. 负责开发和维护前端系统和模块，确保其运行稳定可靠 2. 编写高效、清晰、易于维护的代码 3. 协调需求，与其他团队成员进行有效沟通和协作 任职要求： 1. 熟练掌握HTML、CSS和JavaScript，熟悉主流前端框架 2. 具备扎实的编程基础，良好的代码风格，注重代码品质 3. 擅长和团队合作，具备很好的沟通和协调能力,7月21日,唐山华云科技有限公司（简称：华云科技）成立于2016年10月，是一家致力于为企业提供IT服务和信息化整体解决方案的高科技公司。公司总部位于河北唐山，并在秦皇岛、石家庄设有办事处。华云科技以金蝶集团领先的产品与技术为依托，充分发挥自身在咨询、IT服务等环节的专业优势，为唐山及周边地区的客户提供整体信息化解决方案和专业化的IT服务，帮助客户实现业务流程与IT技术的完美结合，实现管理手段的有效变革，确保业务和组织的快速、持续和健康的发展。致力于向制造业、零售业、港口行业的大中型企业提供高品质服务。公司提供的信息化解决方案受到河钢集团、唐山钢铁集团、唐山港口实业、唐山冶金锯片、秦皇岛中秦兴龙集团等众多行业或区域龙头企业的高度认可，也因此得以连续数年向其提供高品质的IT服务。华云科技以「以客户为中心、以奋斗者为本、坚持长期主义」为核心价值观，以「服务企业数字化转型、帮助客户成功」为使命，以「成为值得托付的专业服务公司，打造幸福工作平台」为企业愿景，努力成为冀北地区最大的企业信息化服务提供商。,"https://www.zhaopin.com/jobdetail/CC450183930J40775692507.htm?refcode=4019&srccode=401901&preactionid=a7c1140f-c46c-45e5-b867-ab342d8bdc77"
3920,Java,武汉-武昌区,6000-8000元,南京海泰医疗信息系统有限公司,"计算机软件,卫生服务,IT服务,计算机软件",500-999人,不需要融资,CC365750210J40670941006,岗位职责： 1、服从公司领导安排，做好公司医疗行业项目技术开发、实施服务工作。 2、有较强的抗压能力（能适应加班、出差）。 任职要求： 1、计算机应用、医学、软件工程专业等专科及以上学历；  2、掌握java、PB、C#中至少一门语言，并编写过具体程序；  3、熟练掌握SQL技能，至少掌握Oracle、DB2、SQLServer其中一个数据库基础技能；  4、有良好的文档编制习惯；  5、工作负责细心，有较强的学习能力和积极端正的工作态度，有强烈的责任心；  6、服从大局，有较强的团队协同意识和纪律意识；  7、乐观开朗、积极向上，遇事主动沟通，做事有担当；  8、擅长与人沟通、交流。 有HIS及医疗卫生信息化行业工作经验者优先，待遇面议。 职位福利：五险一金、绩效奖金、定期体检、节日福利、餐补  ,5月7日,"海泰公司创立于2001年，公司总部设在南京，在北京、上海、广州、杭州、武汉、福州、长春等地设有技术支持服务中心。作为海泰迈向海外的第一步，海泰美国公司于2011年在美国休斯敦正式成立。海泰公司作为国内一家具有十多年丰富专业经验的临床医疗信息化解决方案供应商，我们坚持以创新为基础，始终不渝的致力于新技术及产品的研发，一贯秉承提供""优质的产品，先进的技术，完善的服务”与“用户的满意，是我们永远的追求""的理念。通过不断的积累和发展，我们为用户带来优秀的产品、高水平的技术和专业化的服务，基于我们对行业的深刻认识以及对客户需求的深入了解，形成了以“EMR为中心的医院整体信息化”，“临床药物试验管理”，“远程医疗”，“云电子病历”等为核心的解决方案，并已成功应用于240余家国内三级以上医院，超过30万台的终端装机数，服务于近40万名医疗工作者，每天为数千万的患者诊疗提供信息系统服务。海泰公司坚持以管理先行，标准化建设及质量管理为本，先后通过了ISO9001质量管理体系认证、ISO27001信息安全管理体系认证、ISO20000 IT服务管理体系认证、CMMI3级评估认证，是“双软”认证企业，“高新技术企业”。公司建立了标准的、完善的实施服务规范、质量管理规范，为项目的实施成功提供保障。海泰公司的产品在海外也得到了相关权威机构的认可，通过了Meaningful UseⅡ阶段认证，获得了在美国及其他海外市场的销售许可。海泰一贯重视人才队伍的培养，依托自身的力量及多年的发展，打造了一支专业化程度高、知识结构新、经验丰富、勤奋敬业、工作高效的专业技术、服务团队。现有员工数百人，其中90%以上为专业技术人员，20%以上是临床与IT双专业人员。与国内外多所著名大学建立合作关系，共同进行新技术的研发、人才培养，为海泰的长期稳定发展带来强大的驱动力。海泰产品以完整性、先进性、扩展性而被熟知，并始终保持在技术研发上的较高投入，创建了“临床信息系统工程技术研究中心”，成立了海外研发中心，吸收国际行业内应用精髓，研发前沿科技的临床信息化产品。放眼未来，依照对未来发展脉搏的及时把握，对专业、品质的不断追求，海泰继续努力秉承用心、专注、创新的理念，抓住机遇，坚持围绕客户的需求持续发展，提升服务能力，将其打造成专业的医疗信息化解决方案供应商。","https://www.zhaopin.com/jobdetail/CC365750210J40670941006.htm?refcode=4019&srccode=401901&preactionid=a7c1140f-c46c-45e5-b867-ab342d8bdc77"
3921,前端开发,上海-嘉定区,1.5-3万,上海腾洲建设集团股份有限公司,"工程施工,装饰装修,电力/水利/热力/燃气,工程技术与设计服务",100-299人,未融资,CC402706220J40750959402,岗位职责： 1.参与公司内部协同办公平台及智慧工地平台的全栈式前端开发，依据项目需求文档、用户调研及竞品分析，主导交互设计与视觉呈现方案，运用前沿设计理念打造用户体验良好的界面，提升平台的吸引力与用户留存率。 2.运用 HTML5、CSS3、JavaScript 等核心技术及 Vue.js 框架，独立承担网页及 App 页面的编码落地，保障页面在各类主流浏览器（Chrome、Firefox、Safari 等）及跨终端设备（涵盖 PC、平板、手机、智能穿戴设备以及专业工程手持终端）上完美适配，运用响应式布局、弹性盒子等技术确保交互流畅。 3.主导地理信息系统（GIS）前端开发工作，对接后端地理信息数据接口，挖掘并整合多元地理数据资源，利用 Mapbox、Cesium 等专业 GIS 前端库，开发如施工现场高精度地理定位、实时动态追踪、复杂地理空间分析、多图层地图可视化展示等功能，为智慧工地的精准决策、高效调度提供关键信息支撑。 4.依托三维建模与开发功底，运用 Blender、Unity、UE5 等工具，构建高度逼真且功能完备的三维场景模型，涵盖建筑工地全景虚拟漫游、建筑结构细节拆解与动态可视化展示、施工流程沉浸式模拟、设备设施实时状态监控等应用，通过材质渲染、光影特效优化、动画编排以及与前端交互逻辑融合，为项目各方提供身临其境的项目呈现与高效分析体验，助力精准决策。 5.协同后端工程师制定接口对接标准与流程，高效完成前后端数据交互联调，运用代码压缩、异步加载、智能缓存策略优化等技术手段，优化前端页面加载速度、渲染性能及资源利用效率，确保整个系统在高并发场景下稳定、流畅运行。同时，负责前端代码的持续集成与部署，保障开发流程顺畅。 6.关注前端技术发展趋势，引入新技术、新工具优化现有开发流程与产品体验，定期开展技术分享与交流活动，推动开发团队的技术创新与业务成长。 任职要求： 1.本科及以上学历，地理信息科学、计算机科学、软件工程、数字媒体技术等相关专业，5年及以上前端开发实战经验，其中至少 3 年专注于 GIS 与三维前端开发领域，具备完整项目周期的前端主导开发经历。 2.掌握 HTML5、CSS3、JavaScript 等前端基础技术，熟练运用 Vue.js 框架及其生态体系，理解 TypeScript 并能应用于项目开发，具备组件化、模块化开发思维，能够独立构建大型前端应用架构，代码规范、结构清晰，具备良好的可维护性与扩展性。 3.熟悉图形学原理，具备扎实的 GIS 开发技术基础，熟悉常见地理信息数据格式（如 GeoJSON、Shapefile、KML 等）转换与处理，能够运用 Mapbox、Cesium、OpenLayers 等 GIS 前端库进行复杂地理信息功能开发，有智慧交通、智慧城市、智慧工地等相关领域 GIS 前端开发项目交付经验者优先。 4.熟练掌握 Blender、Unity、UE5 等三维建模与开发工具，能够独立完成复杂三维场景搭建、材质设计与渲染、动画制作与优化，具备建筑信息模型（BIM）与前端三维可视化融合开发经验者更佳，能够结合建筑专业知识与三维技术提升项目展示效果。 5.精通 Photoshop，熟悉设计流程，具备敏锐的设计感知与良好的审美能力，熟练使用 Sketch、Adobe XD、Axure 等主流设计与原型制作工具，能够独立完成从低保真原型到高保真设计稿的快速迭代，精准把握用户需求与交互逻辑，推动产品设计优化。 6.熟悉 Node.js 的开发，熟练掌握 SQL 数据操作，精通 Postgis、Geoserver、Mapserver 等空间数据库和数据管理工具，熟悉 Python、Go 语言等轻量级开发语言，能够利用这些技能更好地与后端团队协同，处理数据交互、地理信息数据管理等工作。 7.具备出色的团队协作精神与沟通协调能力，能够在跨部门、跨专业团队环境中迅速理解业务需求，转化为可行的技术方案，并主动跟进项目进度，高效解决开发过程中的各类问题，确保项目按时、高质量交付。熟悉敏捷开发流程，具备一定的项目管理经验者可加分。 8.具备较强的自主学习能力与技术钻研精神，能够紧跟前端技术发展趋势，主动学习并应用新技术解决实际问题，有开源项目贡献分享经历者优先。,6月9日,上海腾洲建设集团股份有限公司（以下简称“腾洲建设”）坐落于东海之滨、浦江之畔，是上海市施工总承包十大领军企业之一，拥有“AAA级重合同守信用企业”、“上海市价格诚信单位”、“嘉定区建筑业协会会长单位”、“安亭镇商会会长单位”、“上海市水利协会理事单位”等社会美誉评价和市场信誉认同。“腾洲建设”起步于2011年，由上海腾洲工程建设管理有限公司发展而来，下辖上海腾洲环保工程有限公司、盐城市腾洲建筑劳务有限公司、江苏美然贸易有限公司、江苏水云涧生态旅游有限公司等四个子公司，构建了比较完备的产业价值链和市场体系。“腾洲建设”在参与国家建设、服务社会发展过程中，综合实力和市场竞争力获得了长足进步，拥有国家颁发的市政公用工程施工总承包一级、房屋建筑工程总承包一级、港口与航道工程施工总承包二级、水利水电工程施工总承包二级、地基基础工程专业承包二级、建筑装修装饰工程专业承包二级等企业资质，打造了诸多领域、不同专业独特的市场影响力和核心竞争力。“腾洲建设”立足于长三角，并首先在上海、江苏开疆拓土，逐步向全国市场进军，于2015年跻身于10亿级企业俱乐部，迈上了持续快速发展的第一个台阶，2017年业务总量达到15亿元新的高度，仅2016年、2017年纳税总额分别超过2000万和2500万元，企业以强烈的社会责任感，为国家经济社会发展作出了卓越的贡献。“腾洲建设”人才济济、翘楚云集，现有员工180余人，其中大学本科学历占比75.6%，大多拥有同济大学、河海大学、扬州大学等高等学府的教育背景和专业造诣，在专业职称分布上，一级建造师21人，二级建造师26人，高级工程师16人，工程师40人，技术人员62人。“腾洲建设”的发展得益于国家的改革开放和总体发展，得益于各级政府和主管部门的指导与帮助，得益于业主和客户的信赖与呵护，也得益于全体“腾洲”人的奋斗与拼搏。在今后的发展中，我们要紧跟国家战略，遵从行业规范，服务业主（客户）需求，以国家发展和市场需求为导向，主要从三个方向上进行布局和拓展：其一，以水利水电、港口与航道、市政公用工程为主营业务，加快资质升级和业务布局。其二，积极拓展环保业务，以新能源（生活垃圾、污泥环保再生煤）配套发电项目为龙头，寻求多方位发展，并为企业未来上市做好准备。其三，以多元合作、品牌经营的模式，开拓生态旅游、投资等行业，把企业做精、做强、做大。我们将以习近平新时代中国特色社会主义思想为引领，坚决贯彻落实“五大”发展理念，以高效率的运行、高质量的发展、高水平的成果，帮助业主（客户）发现价值、实现价值和价值增值，在互利共赢中实现“腾洲建设”的跨越式发展，把“腾洲建设”打造成为具有良好社会声誉和市场信誉的一流企业集团。,"https://www.zhaopin.com/jobdetail/CC402706220J40750959402.htm?refcode=4019&srccode=401901&preactionid=a7c1140f-c46c-45e5-b867-ab342d8bdc77"
3922,硬件测试,咸阳-秦都区,4000-6000元,陕西威思曼高压电源股份有限公司,电子/半导体/集成电路,100-299人,未融资,CCL1462123040J40465516711,岗位职责： 1、对电源、PCB板等产品进行测试调试及维修； 2、用万用表、示波器检测电路板属性。 岗位要求： 1、电子、电气类专业； 2、会用万用表、示波器、能看懂电路图。,7月23日,陕西威思曼高压电源股份有限公司（原名：咸阳威思曼高压电源有限公司）成立于2007年，位于陕西省西咸新区沣西新城西部云谷2期12号楼，目前有员工100多人，是一家集研发、生产、销售为一体的综合性高压电源制造企业。公司拥有强大的核心技术研发团队和完整的研发体系，先后承担多个国家级重点专项研发项目，并取得优异的成绩，为解决高压电源行业“卡脖子”问题提供了综合解决方案，在行业内乃至全球高压电源行业具有深远的影响。目前，公司产品及服务已覆盖全国各大省市，远销俄罗斯、美国、印度等30多个国家。,"https://www.zhaopin.com/jobdetail/CCL1462123040J40465516711.htm?refcode=4019&srccode=401901&preactionid=a7c1140f-c46c-45e5-b867-ab342d8bdc77"
3923,科研人员,厦门-集美区,1.5-2万,三达膜,"环保,电力/水利/热力/燃气",500-999人,已上市,CC633494920J40174012506,岗位描述：膜组件开发，膜污染控制研究，水处理工艺研究； 任职资格：化工工程、环境工程专业，取得博士学位或已通过博士论文答辩即将毕业的博士生。 职位福利：五险一金、绩效奖金、定期体检、节日福利、包住、通讯补助   ,7月22日,三达膜（股票代码：688101）是中国膜技术开发与应用领域的开拓者，早在20世纪90年代，就开始在中国从事过程工业先进膜分离应用工艺开发，将国外先进膜技术引入国内并进行大规模工业化应用。三达膜专注于膜材料研发、膜组件生产、膜软件开发、膜设备制造、膜系统集成和膜技术应用，掌握了先进无机非金属膜材料与高性能复合膜材料的研制方法，构建了一条涵盖“膜材料-膜组件-膜设备-膜软件-膜应用”的膜产业链，服务涵盖特种分离与水处理两大应用领域，为传统工业生产过程的升级改造提供清洁生产与绿色制造的手段与方法，为过程工业的分离纯化与污废水资源化提供基于膜技术应用的创新解决方案。公司致力于解决过程工业各行业客户的“提高产品质量、增加产品收率、降低生产成本、减少废弃物排放”四大诉求，是国内知名的集先进膜材料研发、特种分离膜技术应用、膜法水处理和水务投资运营为一体的科技创新型企业。三达膜主要业务涉及工业料液分离、产品分离纯化、废水资源化、饮用水安全保障等领域，应用于食品饮料、医药化工、生物发酵、冶金石化、水质净化、环境保护等多个行业，面向实体制造业、市政管理部门和终端净水家庭用户等，是国内知名的集先进膜材料研发、特种分离膜技术应用、膜法水处理和水务投资运营为一体的科技创新型企业。公司拥有博士后科研工作站和福建省膜分离工程技术研究中心，并且在全国多个县市通过BOT、TOT或委托运营方式在全国范围内多个地区投资和运营市政污水处理厂。公司拥有良好的成长平台、富有竞争力的薪资和完善的福利待遇，尊重知识、尊重人才，良好的沟通、浓烈的学习氛围，让您倍感工作的快乐，期待有志之士的加盟！★【集团员工福利】 1、5天八小时工作制； 2、补贴式的工作餐； 3、免费通勤车； 4、法定社保（五险）、住房公积金、补充商业险； 5、带薪年假、产假、陪产假、产检假、考试假、婚假、丧假、独生子女陪护假、育儿假等； 6、年度体检、年度旅游、中秋博饼、“三八”妇女节活动、年终表彰会； 7、考核式的绩效奖金； 8、其它：每周五下午1小时的运动时间，公司设有健身房、篮球场、羽毛球场、图书室；工会会发放结婚贺礼、生育贺礼、吊唁安抚等；公司内刊可以踊跃投稿。,"https://www.zhaopin.com/jobdetail/CC633494920J40174012506.htm?refcode=4019&srccode=401901&preactionid=a7c1140f-c46c-45e5-b867-ab342d8bdc77"
3924,实施工程师,郑州-金水区,110-130元/天,北京久其软件股份有限公司,"IT服务,计算机软件",1000-9999人,已上市,CC000137420J40477810309,26届实习生    岗位职责：,6月5日,北京久其软件股份有限公司是专业的管理软件供应商和聚焦B2B2C的大数据综合服务提供商。我们在电子政务、集团管控、数字传播领域为客户提供有竞争力、安全可信赖的产品，并借助长期积累的技术、数据、传播与生态体系，致力于以行业解决方案和全产业链的服务为客户赋能。 1997年，久其品牌创建于北京中关村，2009年，久其软件于深圳证券交易所上市（股票代码：002279）。目前，久其已建立以北京总部为核心、辐射全国的集咨询、规划、建设、运维、服务等综合能力于一体的服务网络，拥有完善的品牌体系，旗下有华夏电通、久其数字传播、雄安久其数字科技、海南久其研究院等十余家公司。久其的用户遍布国家机关、企事业单位和社会团体，与近60个中央部门和80余家中央企业集团建立了长期合作关系。2006年至今，久其连续多年被认定为“国家规划布局内重点软件企业”，并荣获“中国大数据企业50强”（2016-2019）、“2019中国软件和信息技术服务综合竞争力百强企业”、“北京软件和信息服务业综合实力百强企业”（2016-2019）、“中国软件和信息服务业·十大领军企业”（2016-2019）、“2018中国软件和信息技术服务综合竞争力百强”、“2017中国大数据财政领域大数据最佳解决方案”、“2017中国大数据十佳解决方案（财政大数据解决方案）”等荣誉，是中国大数据产业生态联盟副理事长单位、财经大数据专业委员会主任委员单位，拥有信息系统集成及服务一级、信息安全服务一级等多项专业资质，是行业内较早获得CMMI 5的企业之一。久其软件以战略化咨询、平台化技术、精细化产品、专业化服务和丰富的业务积累与项目经验，不断创新解决方案和服务模式。久其研发设计开发的系列报表平台、软件开发平台、大数据平台、数字传播平台、智能应用平台及形成的系列产品，已在财政、国资、统计、民政、交通、通信等多个领域发挥着重要作用。久其的政府管理与服务解决方案(GMS)、企业集团管控解决方案(GMC)及久其大数据等解决方案，正在为数百万用户提供系统专业的信息化服务。久其软件围绕“情”字稳健构筑企业文化，全面倡导“尊重人才、重用人才、善待人才”的人才观念、“简单、规范、高效、创新”的价值观以及“身体健康、心理健康、知识共享、富足自强”的人生追求，具有成熟的企业文化体系。设立久其人俱乐部、度假公寓、创新奖励基金、文体社团、久其云学堂等不断强化员工关怀与员工发展，将实施员工创业基金扶持、打造创业孵化基地纳入发展规划，积极参与社会公益，用实际行动履行企业责任。未来，久其将成为一家跨行业、集团化、国际化的专业公司，拥有多级事业合伙人的平台公司，履行社会责任、受人尊敬的良知公司，受员工爱戴的幸福公司。我们将不忘初心，共赢未来。,"https://www.zhaopin.com/jobdetail/CC000137420J40477810309.htm?refcode=4019&srccode=401901&preactionid=a7c1140f-c46c-45e5-b867-ab342d8bdc77"
3925,硬件测试,福州-闽侯县,5000-6000元,上海微创软件股份有限公司,"IT服务,计算机软件",10000人以上,不需要融资,CC000638920J40346944514,【锐捷外包岗位】目前有硬件测试/硬件开发/硬件助理岗位，薪资4.5-5.5k，双休，入职五险一金。 【硬性要求】可以接受电子相关专业25届应届生（需要提供成绩单），要求学习过示波器、万用表，岗位意向度高且沟通能力良好，积极外向，需要做笔试题。 岗位职责： 1.根据测试用例执行单板信号测试，并交付报告&提交bug  2.根据测试用例执行单板模拟测试，并交付报告&提交bug 任职要求： 1、电子类相关专业统招本科以上学历  2、熟练使用示波器，万用表，电烙铁  3、有数通产品相关硬件测试和调试经验  4、熟悉orcad，allegro工具的优先 5、良好的沟通技能、组织管理技能,6月20日,上海微创软件股份有限公司2002年由微软与上海市政府共同创办，是微软在华投资的第一家合资公司。微创始终秉承高标准的服务品质与“成就客户”的服务理念，在全球设有20余处交付中心，分布在中国、美国、日本、澳大利亚，凭借在汽车、保险、高科技、金融、互联网等行业的深厚积累和丰富经验，与2500余家企业与政府客户达成了长期、稳定、友好的合作。,"https://www.zhaopin.com/jobdetail/CC000638920J40346944514.htm?refcode=4019&srccode=401901&preactionid=a7c1140f-c46c-45e5-b867-ab342d8bdc77"
3926,测试工程师,南平-建瓯市,5000-7000元,天阳科技,"计算机软件,计算机软件",1000-9999人,已上市,CC120408370J40824159408,1.全国项目驻场测试，主要负责功能、数据或接口等相关测试工作； 2.统招本科学历及以上（学信网可查）；毕业满2年；计算机专业优先； 3.热爱软件测试行业、有强力的自驱力，能够在测试岗位深入学习研究； 4.有无经验均可，服从公司安排，接受公司培养，可接受异地工作优先； 福利待遇： 上市公司，公司可以提供住宿，提供五险一金； 欢迎符合要求的小伙伴们投递~,7月18日,天阳科技(股票代码：300872)，是全球金融创新服务的重要贡献者，持续赋能中国金融行业数字化转型，为客户提供咨询、金融科技产品、金融IT服务、云计算及运营服务。公司成立于2003年，服务超过300家金融行业客户，覆盖中央银行、政策性银行、国有银行、股份制银行、地方性商业银行、非银行金融机构等，员工人数近7000人，成为激活金融领域创新活力、推动金融科技迈入世界领先水平的重要力量。作为金融行业客户可信赖的合作伙伴，天阳科技凭借丰富的行业经验和端到端的专业服务，在信创、数字化金融、信贷、交易银行、信用卡、零售、营销、风险管理、征信监管等众多领域具备核心竞争力。据赛迪和IDC报告显示，近年来公司在中国银行业IT解决方案市场排名强势崛起，2019年收入及市场占有率综合排名分别位列第四位和第五位，并保持高速增长。同时，前瞻商业和科技趋势，入选2021年度未来银行科技服务商TOP100。天阳科技始终聚焦金融科技领域，加大自主创新力度，在超过100个城市建立本地化、专业化的研发和服务团队，拥有CMMI5级认证、软件测试成熟度模型集成（TMMi）3级认证、ISO9001质量管理体系认证、ISO20000信息技术服务管理体系认证、IS027001信息安全管理体系认证。通过部署人工智能、云计算、大数据、移动互联网、分布式计算和区块链等先进金融科技，公司致力于构建安全可控、普惠民生、开放共赢格局，在关键技术领域服务现代化金融发展大局，更好地为各利益相关方创造更大价值，为大中企业、小微企业以及每个个体提供优质金融服务。,"https://www.zhaopin.com/jobdetail/CC120408370J40824159408.htm?refcode=4019&srccode=401901&preactionid=a7c1140f-c46c-45e5-b867-ab342d8bdc77"
3927,科研人员,合肥-蜀山区,2-2.8万·14薪,科大国盾量子技术股份有限公司,"通信/网络设备,运营商/增值服务,电子/半导体/集成电路,计算机硬件",300-499人,已上市,CC201133020J40787773013,岗位职责： 1、跟进量子保密通信领域相关前沿技术，开展相关新技术的创新研究； 2、参与相关项目的研究，编制相关材料； 3、参与国际/国内相关标准制定，输出专利与技术白皮书； 4、撰写高水平论文。 任职要求： 1、具有量子信息、光学工程等相关领域博士以上学历； 2、基础扎实，深入理解量子信息理论，熟悉QKD相关技术； 3、以第一作者发表≥2篇高水平期刊论文； 4、参与过QKD相关重大项目者优先； 5、具有QKD系统开发经验者优先。,2025年07月29日,国盾量子成立于2009年，主要从事量子通信、量子计算、量子精密测量产品的研发、生产和销售，并提供相关技术服务，是中国量子信息产业化的开拓者、实践者和引领者，A股唯一的量子科技上市公司（688027.SH）。量子通信领域，公司是全球领先的量子通信设备制造商和量子安全解决方案供应商，产品应用于量子通信“京沪干线”等骨干网，合肥、北京、上海等城域网，服务政务、金融、电力等领域。量子计算领域，公司参与“祖冲之号”系列超导量子计算机研制，已成长为全球少数可提供超导量子计算整机解决方案的企业，开放接入176比特超导量子计算机的量子计算云平台，并重点布局“超量融合”。量子精密测量领域，冷原子重力仪等产品实现销售，成为新的业务增长点。,"https://www.zhaopin.com/jobdetail/CC201133020J40787773013.htm?refcode=4019&srccode=401901&preactionid=a7c1140f-c46c-45e5-b867-ab342d8bdc77"
3928,前端开发,苏州-相城区,1-1.5万,苏州英格玛服务外包股份有限公司,人力资源服务,10000人以上,不需要融资,CC483354880J40764581810,岗位职责：   ,7月18日,我们的使命让人力资本实现最大价值，从而推动社会发展，并让我们的世界变得更加美好！我们要通过革命性的人力资源服务和产品，帮助企业和个人提升核心竞争力，并让人力资本实现最佳配置，以创造最大的社会价值；同时，利用我们的专业优势，帮助社会弱势群体实现就业或创业，以便让我们的社会变得更加和谐；在此过程中，我们的员工也将收获回报和成就感。因此，我们的工作是一项有价值的、备受尊敬的、崇高的事业。我们的愿景成长为对社会卓有贡献的企业以高度的使命感推动社会发展，促进社会和谐，为社会创造最大的价值。成长为行业内最有价值、最值得信赖的企业不断创新我们的服务与产品，用心、专注、精益求精、信守承诺。成长为社会公认的幸福企业追求全体员工精神和物质两方面的幸福，让员工家庭幸福，生活美满。我们的未来大数据、云计算、人工智能、5G、区块链、工业互联网、物联网等技术正在以前所未有的速度变革着商业环境和商业模式；人力资源管理正在经历一场史无前例的超大变革与彻底颠覆；在这个指数级时代，人力资源管理者需要不畏挑战、敢于颠覆，才能稳立于时代潮头。在变革快速迭代的当下，人力资源管理者需要在历史激荡的时刻肩负起更为重要的使命，就是帮助组织更好地应对未来发生的各种变化，提升团队的组织智商，培育创新的土壤，增强组织的适应力，赋予职场更为强大的雇主品牌，这是人力资源管理者的未来使命。个体崛起的时代已经到来，人力资源行业正在经历一场史无前例的大变革。在个体时代，权威不断消失，组织形态和工作方式也正在发生变革，集中在固定场所和时间的工作方式逐渐被瓦解，员工与组织之间则从雇佣关系走向联盟关系：企业将演变成全职雇员与自由工作者组成的混合体，而未来的工作也将由全职员工、自由工作者、外包服务机构、人力资源平台和人工智能等协同完成。在个体价值崛起时代，组织的职能不再是分配任务和监督工作，而是搭建平台和培育土壤，让员工的专长、潜力、兴趣等能够得到更好的发挥。对于组织而言，未来要管理的员工将变得更加多元化和复杂化；人力资源管理者必须突破原有的思维认知，利用并整合多方资源，充分利用多样化的人力资本，进入人力资源管理新时代。未来，扑面而来。组织创新如何突破创新途中的窘境？未来，人才市场是否即将发生大变迁？如何重塑未来员工的峰值体验？人力资源管理者如何应对全球化人才布局、技术突变、文化意识、文化多样性、组织变革等问题？人力资源部门如何进行快速迭代？人力资源管理者将通过什么样的思维来帮助组织快速适应未来商业环境和组织形态的变革？面对时代的挑战，如何打破现有认知、建立未来思维？这些问题即是人力资源管理者的挑战也是机会。在快速变化的商业环境中，人力资源部门必须直面挑战，积极主动接受思维的颠覆并拥抱变革，重视人才对组织运作的决定性作用，率先引领以人才为核心的一系列组织创新与变革，以多元化和互联式的组织形态解放人才，让他们释放出最大的活力与创造力。同时，善用新理念、新方法和新技术提升人力资源管理的效率，为企业未来发展提供战略支持，创造更对的价值。对于英格玛而言，我们的未来要紧贴以上趋势的变化，主动创新产品、变革商业模式，因需而变！在做好TOB服务的同时，积极进行TO C的产品布局，围绕“中国人力资本经营服务专家”这个战略定位，构建人才培养、人才中介、人才派遣、人才经纪、人才服务五大产业链；在实现这个使命之后，积极进行围绕人类生命周期的“7＋2”战略布局：“2”指人生命的两端（出生和死亡），“7”指人的七大需求（人才、金融、居住、教育、医疗、健康、养老）。我们要加大创新和研发的力度，不断培育英格玛的“第二曲线”。英格玛未来的发展还要将自己置身于中华民族伟大复兴的背景下、全球化的背景下去思考。在中华民族伟大复兴进程中，中国将由一个“人口大国”变成一个“人才强国”，由一个“教育大国”变成一个“教育强国”，在这个过程中，英格玛应该积极作为，为中华民族的伟大复兴贡献一份力量！在全球化进程中，围绕“一带一路”国家战略，英格玛应该勇敢走出去，服务走向全球的中国企业，也服务世界各国的企业。英格玛最终要成为一家以利他之心造福人类社会的企业：让人力资本实现最大价值，从而推动社会的发展，并让我们的世界变得更加美好。,"https://www.zhaopin.com/jobdetail/CC483354880J40764581810.htm?refcode=4019&srccode=401901&preactionid=a7c1140f-c46c-45e5-b867-ab342d8bdc77"
3929,Java,南京-雨花台区,1.5-3万·14薪,外企德科数字技术有限公司,专业技术服务,10000人以上,,CCL1480117890J40790119505,岗位职责 1、负责客户端/后台版本开发，承担关键模块的需求分析、设计、核心代码开发及维护工作； 2、保障版本开发质量和进度，保障用户体验； 3、 版本符合公司安全隐私要求，遵从公司DevOps研发流程。 岗位要求： （1）计算机、软件、通信等相关专业本科及以上学历； （2）热爱编程，基础扎实，熟悉掌握但不限于JAVA/C++/Python/JS/HTML/GO等编程语言中的一种或数种，有良好的编程习惯； （3）具备独立工作能力和解决问题的能力、善于沟通，乐于合作，热衷新技术，善于总结分享，喜欢动手实践。 （4）优选条件： 薪资福利 入职缴纳五险一金，年终奖，各种补助，有导师带教，负责核心业务开发工作,2025-07-27 00:25:45,外企德科数字技术有限公司是一家2023年新成立的中外合资企业。成立于2023年11月24日，公司定位：专注于为信息技术企业提供人才及数字技术外包解决方案的中外合资企业。它是由中国人力资源服务行业的FESCO（北京国际人力资本集团）与全球人力资源服务领导者The Adecco Group（德科集团）合资成立的。公司主要提供网络技术服务、软件外包服务、计算机系统服务、技术进出口、软件开发等信息技术相关服务。专注于为信息技术企业提供信息技术类人才及数字技术外包解决方案。,"https://www.zhaopin.com/jobdetail/CCL1480117890J40790119505.htm?refcode=4019&srccode=401901&preactionid=a7c1140f-c46c-45e5-b867-ab342d8bdc77"
3930,实施工程师,铜川-耀州区,9000-18000元,青岛安然物联网科技有限公司,"物联网,物联网",20-99人,未融资,CC559764920J40823508404,需要弱电技术、自动化、安防系统、工业互联网+危化安全生产、物联网人才，不要纯软件人才。  你能经常到全国各地出差吗？你能到工业生产现场生产现场做技术支持吗？   真正的奋斗者在安然会有让人值得为之奋斗的事业，会有充实、高效的成长，会有高人一等的收入。   你能做好售前技术支持、根据客户需求，高效制作方案吗？你能做好售中技术支持、指导他人正确安装、部署、调试系统向用户保质保量快速交付吗？你能做好售后维护，高效沟通和落实客户需求吗？   迄今已服务中石化、中石油、延长石油、国能、兖矿、京能、索普、新安、奇美、昊源、潞安、旭阳、垦利、逸盛、海科、酒钢、金发等几百家石化、化工、选煤、钢铁、电厂企业。    安然以客户为中心，以强者为本，抬头乐干，愿意与同道中人联合、链接，携手共建、共用、共享生产安全命运共同体，一起干，一起干，让优秀企业更安全，让优秀企业更高效！,7月17日,基于精准人员定位的工业安全生产信息化管理专家，安全生产信息化管理引领者！作为全国实时定位技术标准工作组成员和应急管理部“工业互联网+危化安全生产”人员定位系统技术支持机构，安然从2012年起致力于基于ZigBee Plus三维立体按需精准定位的“工业互联网+安全生产”的研究，获得了20多项安全智能管控系统发明专利和著作权，持续引领中国化工行业生产现场智慧安全！安然以“准、稳、狠”的ZigBee Plus三维立体按需精准人员定位统和“底数清、数据准、情况明、研判准、措施实”的安全生产信息化平台为核心，整合访客管理、出入口控制、人脸识别、视频监控、语音广播、重大危险源监控、可燃有毒气体监测等系统，对生产现场人、机、料、法、环五大要素进行实时、动态、智能管控和预警，规范人的安全行为，保障人的生命安全，有效防范风险、主动化解风险，实现智慧安全。安然“以用为本”，把安全生产信息化建设与公司管理体系“深度融合”，把安全生产信息化建设与日常工作“紧密结合”，对安全生产切实“有用、实用、好用”，避免建用“两张皮”，让安全管控更智能，让生产更高效才实用。迄今已服务中石化、中石油、延长石油、国能、兖矿、京能、索普、新安、奇美、昊源、潞安、旭阳、垦利、逸盛、海科、酒钢、金发等几百家石化、化工、选煤、钢铁、电厂企业。安然以客户为中心，以强者为本，抬头乐干，愿意与同道中人联合、链接，携手共建、共用、共享生产安全命运共同体，一起干，一起干，让优秀企业更安全，让优秀企业更高效！,"https://www.zhaopin.com/jobdetail/CC559764920J40823508404.htm?refcode=4019&srccode=401901&preactionid=a7c1140f-c46c-45e5-b867-ab342d8bdc77"
3931,技术支持工程师,郑州-管城回族区,8000-15000元,南京北路智控科技股份有限公司,"物联网,通信/网络设备",500-999人,已上市,CC204378620J40379187010,岗位职责:,7月10日,南京北路智控科技股份有限公司成立于2007年，位于南京市江宁滨江经济技术开发区，注册资金13152.174万人民币，专注于自动化、信息化、智能化矿山行业自主研发14年，专业为矿井提供系列智能矿山系统及智能化矿井综合解决方案，业务范围涵盖智能矿井整体方案设计、硬件开发、软件开发、系统集成、技术服务、销售与售后服务等方面，产品涉及传感采集、数据传输、分析处理、协同控制等智能化矿井多个领域。公司始终坚持“被需要”的企业价值理念，持续创新，致力于为提升我国煤炭工业信息化、智能化建设水平提供优质的产品与服务。,"https://www.zhaopin.com/jobdetail/CC204378620J40379187010.htm?refcode=4019&srccode=401901&preactionid=a7c1140f-c46c-45e5-b867-ab342d8bdc77"
3932,软件测试,重庆-綦江区,8000-10000元,重庆科满福人力资源服务有限公司,企业服务,20-99人,,CCL1487604860J40922544704,【岗位职责】： 1、软件测试岗位职责  2、接受测试任务，进行需求分析 3、按照测试计划搭建测试环境，并保证测试环境的可靠性 4、按照测试计划编亏测试用例，保证测试用例合理有效 5、按照测试用例执行测试，及时发现缺陷，并使用工具进行管理缺陷 6、编写和提交测试报告，保证测试进度按计划完成 7、参与审核其他测试工程师的测试用例和报告 8、学习公司已有方案和推广使用新的测试技术和工具,6月28日,,"https://www.zhaopin.com/jobdetail/CCL1487604860J40922544704.htm?refcode=4019&srccode=401901&preactionid=a7c1140f-c46c-45e5-b867-ab342d8bdc77"
3933,测试工程师,惠州-惠城区,1-1.7万,软通动力信息技术(集团)股份有限公司,"互联网,IT服务,计算机软件",10000人以上,D轮及以上,CC000544460J40730697416,岗位职责： 协助客户进行电路、光路问题定位；了解光通信、光电检测的基本原理，对激光器、光放大器、PD等光电器件有基本了解  要求：熟悉使用矢量网络分析仪，频谱仪，示波器，信号源等设备，对s参数，频谱，相位噪声，杂散等指标由深刻理解，焊接能力强能够独立完成电路问题分析。,7月9日,软通动力信息技术（集团）股份有限公司（以下简称“软通动力”）是中国数字技术产品和服务创新领导企业，致力于成为一家具有全球影响力的科技企业，企业数字化转型可信赖合作伙伴。公司2005年成立于北京，多年来始终坚持科技创新，具有软硬全栈的智能技术产品和服务能力，提供软件与数字技术服务、计算产品与数字基础设施、数字能源与智算服务以及国际化服务。目前，公司在10余个重要行业服务超过1100家国内外客户，其中超过230家客户为世界500强或中国500强企业，员工近90000人。软通动力拥有软通咨询、软通金科、软通工业互联、机械革命、软通华方等业务子品牌，并在全球40余个城市布局业务，构建北美、日本、东南亚、中东四大国际交付中心，在北京城市副中心、江苏无锡建设两大智能制造基地。同时，公司前瞻布局智能制造、ICT软硬基础能力和生产力智能化产品，打造产业链闭环。软通动力设立30个能力中心，拥有1个国家级工程实验室，6个省市政府认定的工程、技术实验室及研发中心，1个博士后科研工作站，50+技术合作伙伴的生态合作体系，不断探索前沿技术的巨大商业应用潜力。公司旗下教育品牌软通教育，拥有一家全日制本科学院——郑州西亚斯学院数字技术产业学院；同时在全国合作院校600多所，设有70多个校企联合人才培养基地，通过校企合作、协同育人，为社会培养高素质应用型人才。软通动力先后获得“2023年中国IT服务市场排名TOP 1”、“2024年Q4 PC出货量国内市场份额排名TOP 2”、“2024年中国软件和信息技术服务竞争力百强企业”、“2023年中国信创企业100强”、“2024万得ESG评级（Wind ESG Rating）AA级及信息技术服务行业ESG综合得分排名第一”等荣誉及市场认可，并拥有全球软件工程领域最高级别CMMI V2.0成熟度5级评估认证、国家研发运营一体化（DevOps）三级能力成熟度模型认证、信息技术服务标准（ITSS）运维能力成熟度一级认证等专业资质，支撑公司更优质的服务体系。,"https://www.zhaopin.com/jobdetail/CC000544460J40730697416.htm?refcode=4019&srccode=401901&preactionid=a7c1140f-c46c-45e5-b867-ab342d8bdc77"
3934,科研人员,青岛-城阳区,8000-15000元,中国科学院声学研究所北海研究站,学术/科研,100-299人,,CC371174380J40098243206,岗位职责：     1.开展海洋环境噪声和水下目标辐射噪声理论、实验和应用研究；,2025-07-28 00:03:20,中国科学院声学研究所青岛分所暨北海研究站（以下简称青岛分所）始建于1961年，是中国科学院声学研究所所属的二级事业法人单位。多年来，青岛分所在水声学、声与振动控制、声学仪器研制等领域开展了独具特色的基础理论和应用研究工作，承担了多项国家重大专项以及各类基金课题等研究项目，多次获得国家、中国科学院及省市科技奖励。2017年9月，坐落于青岛高新区核心区的新园区建成启用，标志着青岛分所的建设与发展进入新的时期。新园区建成国内一流的水声学和空气声学公共研发服务和行业检测平台，声学检测中心获得CMA/CNAS认证。进入新时期，青岛分所将深化水声基础理论与应用研究，布局推动海洋声学、声与振动控制、超声探测等领域技术与装备的研发及产业化，努力建设成为中科院声学所推动产学研合作和科技成果转化的桥头堡和新引擎，打造声学和信息通信领域研发及产业化示范基地。,"https://www.zhaopin.com/jobdetail/CC371174380J40098243206.htm?refcode=4019&srccode=401901&preactionid=a7c1140f-c46c-45e5-b867-ab342d8bdc77"
3935,科研人员,郑州-金水区,1.5-3万,河南省科学院高能物理研究中心,政府/公共事业,20-99人,,CCL1483745710J40656338801,河南省科学院高能物理研究中心依托中国科学院高能物理研究所和河南省科学院优势学科群，以粒子物理、核物理科学研究与技术应用为核心功能，以解决领域内关键问题、创新交叉为研究重点，充分利用粒子物理、核物理、加速器、粒子探测及微波、超导、等离子体技术、电子学与计算机等学科的优势，有效整合河南省内外和国内外相关领域的资源，建设开放共享的研究开发平台，协同高效的成果转化平台，产学研联动的人才培养平台，支撑材料、医疗、计算机等事业发展的公共服务平台。现面向海内外招聘优秀博士、博士后，并为各位人才提供具有竞争力的薪酬待遇和配套保障。 一、招聘条件与岗位待遇 热爱教育事业，身心健康，品德高尚，治学严谨，学风端正，恪守科研工作者职业道德规范，具有拼搏奉献精神和团队合作意识，同时具备下列岗位条件： （一）高层次人才 一事一议。 （二）优秀博士及以上 二、专业要求和岗位研究方向： 专业要求：电子信息、电子科学与技术、核科学与技术、控制科学与工程、计算机科学与技术或相关专业；机械、材料与化工、电气工程 岗位研究方向：CEPC对撞亮度反馈控制探测器、数据获取与处理、相关软件开发；加速器控制系统开发，包括数据获取、嵌入式控制开发等；热喷涂（采用等离子体喷涂方法在真空盒外壁进行加热层喷涂 三、薪酬待遇： 1、所聘人员进入省直事业编制。 2、聘期内提供15-50万元的年薪；同时享受科研绩效奖励，上不封顶。 3、提供20-30万元的安家费；符合条件人员可享受三年内免费人才公寓。 4、提供20-50万元科研启动经费。 5、三年内享受每月 1500元生活补贴，首次在郑购房享受 10万元购房补贴(具体以郑州市审批结果为准) 6、特别优秀人才可一人一议。,2月25日,,"https://www.zhaopin.com/jobdetail/CCL1483745710J40656338801.htm?refcode=4019&srccode=401901&preactionid=a7c1140f-c46c-45e5-b867-ab342d8bdc77"
3936,测试工程师,深圳-None,7000-14000元,深圳智微电子科技股份有限公司,电子/半导体/集成电路,100-299人,B轮,CC513750530J40453640406,岗位职责： 1、根据需求负责公司产品的软件、性能、硬件、专项测试工作，执行测试计划 2、根据需求和设计文档独立编写测试用例 3、编写软件、性能、硬件等测试规范性文档 4、总结归纳，编写测试报告并对问题进行定位、跟踪 5、负责测试方法的研究、搭建测试环境和维护 6、根据项目需要进行外场测试 7、负责现场问题的跟进解决 8、负责领导安排的其它工作 要求： 1、计算机或相关专业及本科以上学历，有相关经验可适当放宽 2、熟悉软硬件测试流程、规范、测试理论、测试方法、策略 3、能独立编写测试用例、测试计划、测试报告 4、了解 HPLC 通信协议，有相关行业经验优先 5、能熟练使用示波器、频谱仪、直流电源、脉冲群、耐压等设备 5、热爱测试工作，善于观察，有强烈的产品质量意识 6、能够适应重复性工作，抗压能力强，能适应出差 7、思维清晰、性格开朗 8、责任心与上进心强，团队沟通协作意识好 9、敬业爱岗，能积极配合项目需求进行任务调整，按时完成,8月28日,深圳智微电子科技有限公司于2016年成立，是国家级高新技术企业；中国半导体行业协会、深圳市半导体行业协会、中国智能量测联盟会员单位。公司致力于物联网领域集成电路的设计、软件开发的整体解决方案提供，广泛应用在智慧能源、移动互联、工业物联网等行业。目前公司注册资本5600余万，已完成三轮外部融资，研发团队大部分来自中兴、华为，技术研发人员占比70%。已拥有发明专利30余件、软件著作权50余件，芯片产品处于细分领域行业领先水平。,"https://www.zhaopin.com/jobdetail/CC513750530J40453640406.htm?refcode=4019&srccode=401901&preactionid=a7c1140f-c46c-45e5-b867-ab342d8bdc77"
3937,科研人员,徐州-泉山区,1-2万,江苏武雄展教育咨询有限公司,培训/辅导服务,300-499人,不需要融资,CCL1491247220J40816077515,工作内容 承担神经科学与人工智能交叉领域课程的教学任务，如神经计算、认知神经科学与人工智能、脑机接口技术等。 精心备课，运用多元教学方法授课，确保知识准确传递。 指导学生进行相关实验，涵盖神经科学实验技术（如电生理记录、神经影像分析）和人工智能算法实践（如神经网络搭建、模型训练），培养学生的实操能力。 批改作业、组织考试，定期为学生答疑，根据学生学习反馈优化教学内容和方法。 2）课程建设与教研 结合学科前沿和实际应用，开发新的交叉学科课程，更新教学案例，如引入最新的脑机接口研究成果、基于神经科学原理的人工智能模型进展。 参与完善课程体系，优化课程设置与教学大纲，促进神经科学与人工智能知识的深度融合。 在神经科学与人工智能交叉领域开展创新性研究，探索大脑认知机制对人工智能算法的启发、人工智能技术在神经科学研究中的新应用等。 积极申请国家级、省部级科研项目，整合资源，推动科研项目顺利进行。 撰写并在国际知名学术期刊、会议发表高质量科研论文，展示研究成果，提升学术影响力。 3）学生指导 指导学生参与科研项目、学术竞赛，如国际脑机接口大赛、神经信息学相关竞赛等，培养学生的创新思维和团队协作能力。 指导学生完成毕业设计，确保学生在神经科学与人工智能交叉方向的选题具有创新性和可行性。 4）任职要求 神经科学、生物医学工程、人工智能、计算机科学等相关专业硕士及以上学位。 精通神经科学的基本理论和研究方法，熟悉神经解剖学、神经生理学、认知神经科学等领域知识。 掌握人工智能核心技术，如机器学习、深度学习算法，熟练使用Python、MATLAB等编程语言以及TensorFlow、PyTorch等深度学习框架。 具备神经科学实验操作技能和数据分析能力，能够运用神经影像、电生理等技术手段开展研究。 具备优秀的教学表达和沟通能力，能够将复杂的跨学科知识清晰传授给学生。 有教学经验者优先，能够运用现代教育技术开展互动式教学，激发学生学习兴趣。 以第一作者或通讯作者身份在神经科学与人工智能交叉领域发表过高质量学术论文。 主持或作为核心成员参与过相关科研项目，具备较强的科研项目管理和执行能力。 具有良好的团队合作精神，能够与不同学科背景的同事协同开展教学与科研工作。 热爱教育事业，责任心强，具有严谨的治学态度和职业道德。,7月23日,公司简介：徐州雄展教育集团经教育局批准成立。在校生10000余人次，是徐州地区知名度最高的高中、初中、小学培训机构之一。雄展教育目前有10所校区，拥有近300多名专于教学、精于教研的全职教师团队，教材立足于自主研发、体系立足于教学大纲、教学立足于分层分级，多年来取得了优异的培训效果，受到学生和家长的一致好评。连续多年荣获徐州市315民办教育红榜诚信办学单位。超越期待，是雄展教育给学员和家长的庄严承诺！,"https://www.zhaopin.com/jobdetail/CCL1491247220J40816077515.htm?refcode=4019&srccode=401901&preactionid=a7c1140f-c46c-45e5-b867-ab342d8bdc77"
3938,科研人员,北京-东城区,1.7-2.5万,北京安信创业信息科技发展有限公司,"IT服务,云计算/大数据,计算机软件,通信/网络设备",300-499人,未融资,CC267889010J40365602701,职位职责：（1）负责应急管理领域北斗应用场景研究、北斗时空大数据业务需求挖掘及落地应用解决方案。    （2）负责北斗运营服务平台及试点应用项目可行性研究与北斗应用产业化运营模式研究。    （3）负责北斗运营服务平台及试点应用项目的关键技术攻关、技术指导和质量管理等工作。    （4）负责北斗软件和终端硬件开发、技术标准制定。    （5）负责北斗重大项目、科研课题的申报和研究工作。     （6）负责北斗技术人才培养和团队建设。 ,4月2日,北京安信创业信息科技发展有限公司，是应急管理部大数据中心（原通信信息中心）的全资企业。公司成立于1992年，以支撑保障应急管理部信息化建设为基本使命，致力于应急管理和安全生产新技术、新方法、新产品研究，是应急管理部大数据中心的成果转化平台和对外服务窗口。公司各类资质齐全，硕士博士学历人才占比公司25%以上，具备高质量的技术研发能力，参与国家应急管理信息化政策研究、信息化规划编制、方案设计和标准规范研制等工作，为部机关各司局、中心各处室提供人才服务保障。是一家具有应急管理、安全生产信息化建设咨询、设计、实施、运维全链条专业服务能力的国家高新技术企业。安信作为应急管理部的重要支撑保障单位，协助中心承担着部信息化基础设施、支撑平台、应用系统、视频会议等的运行维护、质量监测、安全防护等工作，提供7*24小时技术支持服务。承担了应急管理部应急装备信息网、全国安全生产投诉举报系统、互联网+执法系统、全国安全生产监管监察系统、双预防控制系统、易制毒安全监管系统、全国安全生产调查统计系统、煤矿安全监管监察执法系统等多个大型重点项目研发保障任务；协助有关部门在地方建设“双预防体系”、“智慧应急”、“安全发展示范城市”、“城市安全风险监测预警”体系等的试点示范工程。公司围绕数字战场体系研发了一批实战产品，在应急管理部及全国多地进行了推广应用，取得了良好的社会经济效益。公司按照“北斗应急”“城市安全”“数字战场”“智慧矿山”四条主线打造生态，布局市场版块。同时，为满足安全生产应急救援数字化支撑需求，安信公司牵头设立国家安全生产应急救援数字化支援队，构建了“一总部、两基地、若干分队”的应急救援数字化支撑体系，受国家指挥中心、安全生产应急救援指挥中心直接调度指挥，为部领导提供遂行通信保障，未来将承担应急救援队伍通信保障培训、考核以及通信装备检验检测等相关职责，为大国应急提供全面技术支撑。,"https://www.zhaopin.com/jobdetail/CC267889010J40365602701.htm?refcode=4019&srccode=401901&preactionid=a7c1140f-c46c-45e5-b867-ab342d8bdc77"
3939,Java,上海-青浦区,1.6-3万·14薪,外企德科数字技术有限公司,专业技术服务,10000人以上,,CCL1480117890J40689677905,诚挚招揽IT工程师加入我们！参与开发具有挑战性和影响力的项目！部门众多，一线核心项目丰富，因此各语言（java、C++、Python、Go）都有HC；初级、中级、高级IT工程师都有需求。 又是一年毕业季，企业重视新生力量的吸纳与培养，欢迎应届同学们考虑与投递。会有完善的导师带教适应机制的哈。 一、工作职责： * 参与软件开发生命周期的各个阶段，包括需求分析、设计、编码、测试、部署和维护。 * 使用Java、Python、C++或Go语言开发和维护高效、可靠、可扩展的软件系统。 * 编写高质量、可维护的代码，并进行代码审查。 * 与团队成员紧密合作，解决技术问题，并推动项目进展。 * 持续学习新技术，并将其应用于实际项目中。 二、任职要求： * 计算机科学或相关专业（理工科）本科及以上学历。 * 精通至少一种编程语言（Java、Python、C++或Go），并具备良好的编程习惯。 * 熟悉常用的数据结构和算法。 * 熟悉数据库技术，如MySQL、Oracle等。 * 具备良好的沟通能力和团队合作精神。 * 具备较强的学习能力和解决问题的能力。 三、我们提供： * 具有竞争力的薪酬和福利待遇。 * 良好的职业发展空间和培训机会。 * 充满活力和创新精神的团队氛围。 * 牛人云集，碰撞思维火花，激发无限潜能。 * 倡导开放、平等、包容的团队文化，尊重每一个想法，欢迎每一次挑战。 四、公司福利：  * 底薪+绩效+项目奖金+年终奖；  * 全额缴纳五险一金；  * 试用期薪资全额发放，不打折；  * 带薪年假5-15天，双休。  五、通勤时间：  * 早上09:00~09:30弹性打卡上班  * 中午12:00~14:00中午吃饭午休  * 晚上18:00~18:30弹性打卡下班  * 周末双休，周内会有两到三天加班到八点半左右。 我们期待您的加入，共同打造卓越的产品！,2025-07-27 00:23:25,外企德科数字技术有限公司是一家2023年新成立的中外合资企业。成立于2023年11月24日，公司定位：专注于为信息技术企业提供人才及数字技术外包解决方案的中外合资企业。它是由中国人力资源服务行业的FESCO（北京国际人力资本集团）与全球人力资源服务领导者The Adecco Group（德科集团）合资成立的。公司主要提供网络技术服务、软件外包服务、计算机系统服务、技术进出口、软件开发等信息技术相关服务。专注于为信息技术企业提供信息技术类人才及数字技术外包解决方案。,"https://www.zhaopin.com/jobdetail/CCL1480117890J40689677905.htm?refcode=4019&srccode=401901&preactionid=a7c1140f-c46c-45e5-b867-ab342d8bdc77"
3940,Java,武汉-江夏区,1.2-2.4万·14薪,外企德科数字技术有限公司,专业技术服务,10000人以上,,CCL1480117890J40793066505,岗位要求： 1、扎实的编程能力，熟悉算法和数据结构；熟悉计算机的基础理论； 2、熟练使用java/c/c++/python/js其中一种语言，掌握Spring相关生态开源框架，熟悉MySql、MQ、Redis、SpringCloud等，熟悉事务、缓存、消息、负载均衡等； 3、熟悉Linux开发环境； 4、具有大规模高并发云服务设计和开发经验优先； 5、有微服务、容器相关开发经验优先。 任职要求： 1、扎实的编程能力，熟悉算法和数据结构；熟悉计算机的基础理论； 2. 软件基础扎实，熟悉掌握但是不限于Java/Js/C/C++/Python/Go/JS等编程语言，有良好的编程习惯。 3. 具备独立工作能力和独立解决问题的能力，善于沟通，乐于协作，热衷于新技术，善于总结分享，喜欢动手实践。,2025-07-27 00:25:57,外企德科数字技术有限公司是一家2023年新成立的中外合资企业。成立于2023年11月24日，公司定位：专注于为信息技术企业提供人才及数字技术外包解决方案的中外合资企业。它是由中国人力资源服务行业的FESCO（北京国际人力资本集团）与全球人力资源服务领导者The Adecco Group（德科集团）合资成立的。公司主要提供网络技术服务、软件外包服务、计算机系统服务、技术进出口、软件开发等信息技术相关服务。专注于为信息技术企业提供信息技术类人才及数字技术外包解决方案。,"https://www.zhaopin.com/jobdetail/CCL1480117890J40793066505.htm?refcode=4019&srccode=401901&preactionid=a7c1140f-c46c-45e5-b867-ab342d8bdc77"
3941,Java,深圳-龙岗区,2-4万·16薪,陕西慧云联达企业管理咨询有限公司,人力资源服务,20-99人,不需要融资,CCL1445845820J40733934505,岗位内容： 1. 设计、开发并维护Java应用程序。 2. 解决各种技术难题，保证代码的可靠性、高效性和安全性。 3. 参与软件设计的讨论和计划制定。 4. 与其他团队成员协作工作，提高团队整体技术水平。 任职要求： 1. 熟悉Java语言及相关技术，熟悉Spring框架。 2. 具有扎实的编程基础和良好的面向对象编程思想。 3. 有良好的沟通能力和抗压能力。 4. 计算机及相关专业毕业，大学本科及以上学历。,4月17日,陕西慧云联达企业管理咨询有限公司成立于2022年9月，是一家集高端猎头服务与专业代理记账报税业务于一体的综合性企业服务提供商。自成立以来，我们秉承“智聚英才，财通未来”的企业理念，致力于为国内外企业客户提供精准高效的人力资源解决方案及一站式财务管理服务，助力企业稳健成长，共创辉煌。,"https://www.zhaopin.com/jobdetail/CCL1445845820J40733934505.htm?refcode=4019&srccode=401901&preactionid=a7c1140f-c46c-45e5-b867-ab342d8bdc77"
3942,Java,北京-海淀区,1.2-2.4万·14薪,外企德科数字技术有限公司,专业技术服务,10000人以上,,CCL1480117890J40787538705,岗位内容： 1. 开发高质量的应用程序，保证代码的可读性、可维护性、可扩展性和性能。 2. 参与需求分析、系统设计和开发计划的制定。 3. 能够快速识别问题并提供有效的解决方案。 4. 与产品和测试团队紧密合作，确保产品质量符合用户期望。 任职要求： 1. 精通编程语言，有大型项目开发经验。 2. 拥有扎实的计算机基础，熟练掌握面向对象编程思想和设计模式。 3. 熟练使用常见的Web容器和数据库（如Tomcat、MySQL）。 4. 熟悉敏捷开发流程，具备优秀的沟通和协调能力。 5.统招本科，不接受专升本,2025-07-27 00:25:35,外企德科数字技术有限公司是一家2023年新成立的中外合资企业。成立于2023年11月24日，公司定位：专注于为信息技术企业提供人才及数字技术外包解决方案的中外合资企业。它是由中国人力资源服务行业的FESCO（北京国际人力资本集团）与全球人力资源服务领导者The Adecco Group（德科集团）合资成立的。公司主要提供网络技术服务、软件外包服务、计算机系统服务、技术进出口、软件开发等信息技术相关服务。专注于为信息技术企业提供信息技术类人才及数字技术外包解决方案。,"https://www.zhaopin.com/jobdetail/CCL1480117890J40787538705.htm?refcode=4019&srccode=401901&preactionid=a7c1140f-c46c-45e5-b867-ab342d8bdc77"
3943,科研人员,杭州-滨江区,1.7-2.5万·16薪,北京航空航天大学杭州创新研究院,"学术/科研,社团/组织/社会保障,IT服务",100-299人,未融资,CC812993830J40552713101,有意向人员请前往北航杭研院人才招聘网（杭研院官网→招才引智→人才招聘网）注册，登陆填写信息后投递，每人限报1个岗位。 北京航空航天大学杭州创新研究院（以下简称“研究院”）是一所由北京航空航天大学与浙江省、杭州市及滨江区三级政府共建的新型高水平研究机构。为汇聚一批创新青年人才，进一步加强北航杭州创新研究院博士后工作站的建设，创新博士后管理机制，研究院启动博士后全球招募工作，诚邀海内外优秀中青年人才加入。 专业需求：计算机科学、网络安全、软件工程、控制科学与工程、信息与通信工程、通信工程、电子信息、信号与系统、仪器科学与工程、自动化、机械、光学工程、生物医学工程等。 应聘条件： 1. 具有强烈创新意识、独立开展研究工作的能力、强烈的事业心和责任心、开阔的学术视野和团队合作精神，学术作风端正、严谨。 2. 近年来，在本专业领域科技创新工作中取得突出成果，或作为重要成员参与重大科技专项或重要科研任务研究工作并做出突出贡献，具有成为优秀科技创新人才的潜质。 3. 具有博士学位，年龄原则上不超过35周岁，原则上取得博士学历学位3年以内。在站时间一般为2年。 4. 英语熟练，有良好的听说读写能力。,12月13日,北京航空航天大学杭州创新研究院/研究生院（以下简称杭州研究院）是一所有北京航空航天大学与浙江省、杭州市及滨江区三级政府共建的新型高水平研究机构，2018年3月正式落户杭州高新区（滨江）。杭州研究院以“建设信息领域世界一流技术创新平台和创新人才培养平台”为使命，积极探索新机制，汇聚全球创新资源，致力于取得一批重大原始创新和关键技术突破与应用，努力建设成文扎根浙江、放眼世界的一流人才高地与创新高地。北京航空航天大学（简称北航），成立于1952年，是新中国第一所航空航天高等学府，现隶属于工业和信息化部。建校以来北航始终得到党和国家的重点支持，是首批16所全国重点大学之一，是80年代恢复学位制度后全国第一批设立研究生院的22所高校之一。2017年入选国家“双一流”建设A类高校名单。2018年入选首批学位授权自主审核高校名单。天高海阔任君驰此心安处是吾乡薪酬福利参照国内外一流研究院所，为百里挑一的入选者提供有国际竞争力、比肩阿里网易海康、能够使其安心技术创新的薪酬和福利待遇。科研保障瞄准核心关键技术和重大原始创新，根据引进人才的实际需要，在科研经费、实验室空间、团队配备、博士后及研究生招生指标等方面给予充分支持和保障。激励评价对高端人才实行PI负责制，高度的人财物自主权，最大限度激发团队的创新活力。建立基于关键核心技术突破和重大应用的晋升评价导向，不以论文论英雄，实行多元化、市场化的评价体系。创新创业重视技术创新与产业化应用，利用滨江区支持北航师生创新创业专项政策和先天优势，最大限度激励人才在技术成熟时带成果创业。安居保障对国家级、省级、市级高端人才分别给予100万元、80万元、60万元的购房补贴；对新引进符合条件的硕士、博士提供国际人才公寓或2000-4000元/月租房补贴；2年后入住白马湖畔科学家小镇。关爱家人积极保障引进人才子女就学，重点人才重点保障；引进人才父母不论户籍均纳入滨江区养老服务范畴，优先安排入住区内政府养老服务机构；对高端人才及其配偶子女，开辟就医绿色通道，为其购买商业医疗保险和保健服务。便捷落户对具有全日制普通高校硕士研究生以上学历者（50周岁以下），享受先落户后就业政策，并允许其配偶、未成年子女、成年未婚子女和符合投靠条件的双方父母迁入，研究院将提供一站式代办服务。联系方式联系人：史老师电话：19957890995、0571-85367559邮箱：buaahz_hr@buaa.edu.cn,"https://www.zhaopin.com/jobdetail/CC812993830J40552713101.htm?refcode=4019&srccode=401901&preactionid=a7c1140f-c46c-45e5-b867-ab342d8bdc77"
3944,C/C++,武汉-江岸区,1.1-2.2万,航天南湖电子信息技术股份有限公司,"电子/半导体/集成电路,电子/半导体/集成电路",1000-9999人,已上市,CC539376630J40519027716,1. 配合完成分系统的论证及相关工作； 2. 完成分系统内部各插件（组件）、分机的软件研制工作； 3. 完成分系统各软件的主要功能、性能指标的测试、试验和验证； 4. 完成软件的技术文件编写及归档； 5. 完成整机和分系统联调、联试； 6. 熟悉c/c++常用语法规则，linux操作系统常用命令，会使用QT等。 行业：上市公司、电子信息、行业前三甲 福利：股权激励、五险一金、人才补助、节日福利、餐补、带薪休假、定期体检等,7月8日,航天南湖电子信息技术股份有限公司，是航天科工集团唯一一家科创板上市公司（股票代码688552.SH），由中国航天科工二院二十三所控股，已成为国内防空预警雷达领域主要供应商之一。公司是国家级高新技术企业、国家级专精特新“小巨人”企业、国家“科改企业”、湖北省制造业单项冠军（产品）。公司建有湖北省级企业技术中心、省级工业设计中心，设立有北京研发中心、武汉研发中心，拥有按雷达系统工程配套的各专业研究室，专业技术人员占比约45%。公司主要从事预警雷达的研制生产，产品覆盖多个军种，形成了良好的市场口碑，获得了百余项国家专利和国防专利，多型产品先后荣获省优质产品称号、原机械工业部科技进步三等奖及国防科技进步二等奖、三等奖，荣获全军“装备质量综合激励”荣誉，某型产品作为预警雷达方阵排头兵，参加了国庆70周年阅兵。目前，公司积极推进电子信息产业园建设及研发中心扩能提升，不断提高公司科研生产保障能力，形成“1个上市公司+1个产业园+2个研发中心+N个产业孵化中心”的产业格局，加快建成国际一流防空预警雷达企业。,"https://www.zhaopin.com/jobdetail/CC539376630J40519027716.htm?refcode=4019&srccode=401901&preactionid=a7c1140f-c46c-45e5-b867-ab342d8bdc77"
3945,硬件测试,东莞-None,5000-8000元·13薪,陕西跃北机电设备有限公司,人工智能,500-999人,,CCL1500059560J40763623911,岗位内容： 1. 硬件测试方案的制定和实施； 2. 产品硬件组装及调试，编写测试报告和文档； 3. 参与硬件缺陷跟踪管理，协助软硬件联合调试、故障分析和解决。 任职要求： 1. 有团队意识， 工艺：5000-7000 上五休二，管吃住,7月28日,,"https://www.zhaopin.com/jobdetail/CCL1500059560J40763623911.htm?refcode=4019&srccode=401901&preactionid=a7c1140f-c46c-45e5-b867-ab342d8bdc77"
3946,科研人员,北京-None,7000-10000元,树诚科技,"仪器仪表制造,电子/半导体/集成电路",20-99人,未融资,CC151847610J40341900207,1）调研、主持开展研究项目工作；,12月6日,北京树诚科技发展有限公司（以下简称“树诚”）注册于北京市顺义区林河南大街31号院，是一家专业从事核技术应用的高新技术企业。业成于实，精于专。经过20余年的实践经验，树诚已组建起一支技术功底扎实、研发水平过硬、现场经验丰富的技术队伍，成为国内同位素产品、核仪器仪表、辐射剂量校准刻度系统及自动化系统的主要供应商，同时也是国内核技术服务的提供商，提供辐射防护容器设计、制造及放射性工作场所清理、去污、退役的整体解决方案及实施等核技术咨询与服务；销售放射源及放射性物质产品，包括标准源及标准物质、医疗成像源、工业源、石油测井源。产品及服务涉及核电、石油、化工、冶金、医疗、环保、科研等各个领域，尤其是可为油田测井行业提供全系列的放射源产品，并提供贯穿产品整个生命周期的全方位的服务。“生命之源核计天下”。树诚公司以虔诚的心敬畏生命，以专业的态度推广核技术和平应用。目前，公司正在广纳贤能之士，真诚期待您的加盟！,"https://www.zhaopin.com/jobdetail/CC151847610J40341900207.htm?refcode=4019&srccode=401901&preactionid=a7c1140f-c46c-45e5-b867-ab342d8bdc77"
3947,技术支持工程师,深圳-龙岗区,1-1.6万,深圳逗点生物技术有限公司,"医药制造,金属制品业,医疗设备/器械,检测/认证",300-499人,A轮,CC463407510J40792189815,岗位职责： 1.负责食品微生物产品的售前售后技术支持，客户需求调研，竞品调研等； 2.负责食品微生物产品耗材产品的培训讲解；  3.协助销售拜访客户，解决客户的技术性问题； 4.负责跟进产品技术资料的整理。 任职要求： 本科及以上学历，食品、微生物相关专业，有食品分析第三方检测相关经验优先；较好的逻辑思维能力，较强的沟通能力，较好的文字表达能力。,12月20日,逗点生物（Biocomma）成立于2006年，总部位于深圳，主营生命科学和医疗健康产品的研发、生产和销售，业务遍布五十多个国家和地区。公司为食品和临床检测提供样本前处理解决方案，包括过滤耗材、色谱耗材和微生物培养基。同时为生命科学研发和生产型厂家提供滤芯、拭子、试剂瓶、无菌液体和培养基等产品。努力让世界更健康，更美好。电话:0755-25800799Email:hr@biocomma.cn,"https://www.zhaopin.com/jobdetail/CC463407510J40792189815.htm?refcode=4019&srccode=401901&preactionid=a7c1140f-c46c-45e5-b867-ab342d8bdc77"
3948,C/C++,无锡-宜兴市,8000-13000元,远东控股集团,"新能源,电力/水利/热力/燃气,电气机械/电力设备,投资/融资",10000人以上,已上市,CC139393940J40753352201,岗位职责: 1、基于公司智能制造战略，跟踪前沿技术，深入研究电缆/铜箔等制造领域的各类应用场景，利用先进的算法和技术，从海量的工业数据中提取有价值的信息，为企业的生产优化、故障预测、能耗管理等方面提供数据决策支持，从而提高生产效率，保证产品质量，降低生产成本； 2、负责电缆/电池/铜箔行业工业大数据算法研究与优化等，包括：工业大数据的特性，开发和优化适应于工业场景的算法和模型，利用机器学习、深度学习等技术，对工业数据进行预测、分类、聚类等分析，对现有算法进行性能评估，不断迭代和优化，提高算法的准确性和效率； 3、负责电缆/电池/铜箔行业工业大数据处理与分析等，包括：工业大数据的采集、清洗、整合和预处理，确保数据质量和准确性，利用统计方法和数据挖掘技术，对工业数据进行深入分析，发现数据中的规律和潜在价值，构建数据可视化工具，将数据分析结果以直观的方式呈现给生产、质量、设备等业务部门，从而用数据驱动业务改善； 4、负责电缆/电池/铜箔行业工业大数据模型部署与监控等，包括：将训练好的模型部署到生产环境中，确保模型的稳定运行和性能，对模型进行持续监控和维护，及时发现并解决模型运行中的问题，定期评估模型的性能，根据业务需求进行模型更新和优化等； 5、负责技术文档编写与维护，包括：编写详细的技术文档，包括算法原理、模型结构、训练过程等，维护技术文档的更新和完整性，确保团队成员能够方便地查阅和使用，参与技术文档的评审和修改，确保文档的准确性和易读性。  任职要求:  1、具备优秀的项目推进、风险识别及解决问题等能力；  2、精通Python或R等编程语言，能够高效编写数据处理和分析代码，熟悉常用的数据结构和算法，能够处理大规模数据并保持高效的性能；  3、精通数据科技知识，掌握数据分析和挖掘方法，能够根据实际情况选择合适的算法和模型，深入了解统计学、机器学习、深度学习等相关领域的知识和技术；  4、熟悉大数据处理技术，熟悉Hadoop、Spark等大数据处理框架，具备大规模数据处理和分析的经验，了解分布式计算原理，能够处理和分析海量工业数据等；  5、了解工业领域知识，对工业制造过程、设备运维、能源管理等方面有一定的了解，能够理解和分析工业数据的特点和需求，为业务提供针对性的解决方案。  6、善于人际沟通、具备较强的文笔能力和口头表达能力；能够在面对挑战和压力时保持积极主动的工作态度、有创造力，与公司核心价值观一致。  ,7月9日,一、公司简介远东控股集团有限公司创建于1985年，前身为宜兴市范道仪表仪器厂，现为“中国企业500强”、“中国民营企业500强”、“中国最佳雇主企业”。目前公司品牌价值1018.66亿元，员工近万人。公司始终坚持以“创造价值，服务社会”为使命，以“共建共享安全、绿色、美好生活”为愿景，秉持“以客户为核心，以奋斗贡献者为本，梦想激情、诚信务实、创新创优、自我批判、和灵共赢”的核心价值观。公司主营智能缆网、智能电池、智慧机场三大业务；公司旗下远东智慧能源股份有限公司（简称：远东股份，股票代码600869），致力成为全球领先的智慧能源、智慧城市服务商。远东控股2028年战略目标：营业收入1452.5亿元、净利润 76.81亿元、品牌价值 1500亿元。,"https://www.zhaopin.com/jobdetail/CC139393940J40753352201.htm?refcode=4019&srccode=401901&preactionid=a7c1140f-c46c-45e5-b867-ab342d8bdc77"
3949,实施工程师,哈尔滨-香坊区,5000-8000元,哈尔滨市世国生物科技有限公司,"医药制造,医疗检测,医疗设备/器械,医药批发/零售",20人以下,未融资,CC277410030J40697448402,岗位职责： 1、公司相关品牌产品的市场行情和需求的调查、资料收集编辑和管理，竞品分析、目录册编排、产品报备信息管理及跟进； 2、制定及执行所负责品牌产品的推广计划、市场活动方案及品牌销售任务分配跟进分析反馈等； 3、目标客户资料梳理编辑及相关资料的收集撰写； 4、协同销售拜访客户端，进行新产品新技术推广、技术解答、DEMO演示、实验培训等； 5、产品培训计划制定及实施； 6、完成日常工作及领导交代办的临时、突发性工作等。   任职要求： 1、 生物技术、生命科学等相关专业硕士学历，有相同工作经验或任职条件优秀者可放宽至本科学历； 2、 熟练掌握分子生物学、细胞生物学、免疫学、活体小动物实验等理论基础和实验操作技能； 3、 熟悉生命科学实验室常规及高端试剂耗材仪器； 4、 优先条件：①有相关从业经验者优先，②英语六级及以上水平，能够熟练进行英语交流和报告写作，能以英语作为工作语言与国外客户进行无障碍交流者优先； 5、 工作认真细致，上进心及自律性强，学习能力强，主动性和责任心强，具备专研精神，思维开阔，善于总结及创新，具备优良的职业道德，适应短期出差。,2月12日,哈尔滨世国生物科技有限公司坐落于被誉为欧亚大陆桥的明珠的中国东北北部的政治、经济、文化中心--哈尔滨；公司位于哈尔滨南部的东北农业大学院科学孵化园内。是集生物技术开发、咨询、实验室仪器设备、仪器仪表技术咨询、技术开发；仪器仪表技术服务、安装、现场维修；销售：办公用品、普通机械电子设备、家具、实验室设备、化学试剂、进出口贸易为一体的综合型企业。公司的业务涉及生物、化学、电子设备等各行业。我公司与国内顶级权威的生物领域的公司保持着密切的联系，并与其保持着良好的合作关系；且拥有多个一级代理资质，公司自成立以来，发挥自身优势，健全销售网络注重企业形象，赢得了广大客户的一致好评与信用。我们愿同四海知音，各界同仁，携手共同发展!,"https://www.zhaopin.com/jobdetail/CC277410030J40697448402.htm?refcode=4019&srccode=401901&preactionid=a7c1140f-c46c-45e5-b867-ab342d8bdc77"
3950,C/C++,惠州-惠城区,8000-13000元,赢合科技,"电气机械/电力设备,电气机械/电力设备,船舶/航空/航天/火车制造,仪器仪表制造",10000人以上,已上市,CC155104310J40726119416,岗位职责:,7月1日,深圳市赢合科技股份有限公司创建于2006年，致力于新能源智能装备的研发、生产和销售。十年磨一剑，砺得梅花香，深耕锂电智能装备行业十七载，赢合科技已发展为行业龙头企业之一，是目前全球少数能够提供动力电池智能化数字工厂解决方案的企业之一。赢合科技总部落户于深圳，2015年在深交所创业板上市（股票代码：300457），旗下拥有多家全资及控股子公司，同时有位于广东惠州（2个）、广东东莞（1个）、江西宜春经济（1个）、浙江湖州（1个）的五大生产基地，年产能可达200亿。具备强大的技术能力、制造能力和服务能力，产品覆盖动力、储能及消费类电池生产的核心工序段，同时为客户配套新工艺开发个性化定制产品。2015年，率先在业界提出“动力电池整线解决方案”并交付40余条整线。2019年，赢合科技加入上海电气大家庭，强强联合共筑发展新格局。面向未来，赢合科技将顺应中国制造业升级转型大潮，打造新能源领域国家级制造业创新中心，帮助客户实现智能制造、建设智慧工厂，为推进中国制造2025做出卓越贡献！,"https://www.zhaopin.com/jobdetail/CC155104310J40726119416.htm?refcode=4019&srccode=401901&preactionid=a7c1140f-c46c-45e5-b867-ab342d8bdc77"
3951,测试工程师,濮阳-华龙区,7000-14000元·13薪,河北蓝潮信息技术有限公司,计算机软件,100-299人,A轮,CCL1461446860J40612508506,岗位职责:,7月25日,河北蓝潮信息技术有限公司是一家以人为本的公司，公司成立于2016年9月27日，公司环境好，员工关系融洽，有五险，年终奖，带薪休假，平常也有员工旅游，领导nice，我们最在乎创新，允许各种方式存在，是一个团结有爱的大家庭🌻🌻🌻,"https://www.zhaopin.com/jobdetail/CCL1461446860J40612508506.htm?refcode=4019&srccode=401901&preactionid=a7c1140f-c46c-45e5-b867-ab342d8bdc77"
3952,Java,南京-浦口区,1-1.8万,中路交科科技股份有限公司,"工程技术与设计服务,学术/科研,科学技术推广",300-499人,未融资,CC478337580J40450482701,岗位职责:,5月21日,中路交科科技股份有限公司（简称：中路交科）致力于为工程领域持续提供系统的创新型解决方案，紧紧围绕“研究+产业化”发展战略、以创新为核心驱动力，为交通基础设施领域提供专业化的工程咨询、科技产品及其服务。公司的主营业务包括工程咨询、交通基础设施延寿材料产品及产品服务、智慧交通产品等三大类。其中，工程咨询包括研究和技术咨询、检（监）测服务；交通基础设施延寿材料包括钢桥面超高韧性材料、路用高模量高强材料、高性能沥青材料等；智慧交通产品包括物联网智慧工地产品、智慧公路感知产品等；产品服务为延寿材料应用服务。通过持续性的科研咨询、产品研发和专业化的产品服务，公司为交通基础设施延寿和智慧交通提供创新性解决方案。公司已获得授权专利 104项，其中中国发明专利 79项，美国发明专利 1项，软件产品 15项，软件著作权 63项。总部位于江苏省南京市。公司始终把科技人才队伍建设放在公司发展的首位，实行创业合伙人制度。现有员工400余人，其中硕博比例20%以上。团队多人次入选国家万人计划、科技部创新创业人才、交通部节能减排专家、江苏省333高层次人才培养工程、南京市中青年拔尖人才等。公司业务已覆盖全国22个省市，公司获省级政府颁发的“首届江苏省科技创新发展奖”，获省人社厅、省交通厅评选为“江苏省交通工程建设有功集体”。公司取得“江苏省质量监督局高性能沥青材料及高新技术自主创新标准化试点单位”、“南京市培育独角兽企业”、“南京市创新型领军企业”等一系列荣誉。中路交科期待与您携手打造品质工程、共创美好未来！,"https://www.zhaopin.com/jobdetail/CC478337580J40450482701.htm?refcode=4019&srccode=401901&preactionid=a7c1140f-c46c-45e5-b867-ab342d8bdc77"
3953,技术支持工程师,晋中-榆次区,8000-14000元,青岛安然物联网科技有限公司,"物联网,物联网",20-99人,未融资,CC559764920J40823825604,需要弱电技术、自动化、安防系统、工业互联网+危化安全生产、物联网人才，不要纯软件人才。  你能经常到全国各地出差吗？你能到工业生产现场生产现场做技术支持吗？   真正的奋斗者在安然会有让人值得为之奋斗的事业，会有充实、高效的成长，会有高人一等的收入。   你能做好售前技术支持、根据客户需求，高效制作方案吗？你能做好售中技术支持、指导他人正确安装、部署、调试系统向用户保质保量快速交付吗？你能做好售后维护，高效沟通和落实客户需求吗？   迄今已服务中石化、中石油、延长石油、国能、兖矿、京能、索普、新安、奇美、昊源、潞安、旭阳、垦利、逸盛、海科、酒钢、金发等几百家石化、化工、选煤、钢铁、电厂企业。    安然以客户为中心，以强者为本，抬头乐干，愿意与同道中人联合、链接，携手共建、共用、共享生产安全命运共同体，一起干，一起干，让优秀企业更安全，让优秀企业更高效！,7月13日,基于精准人员定位的工业安全生产信息化管理专家，安全生产信息化管理引领者！作为全国实时定位技术标准工作组成员和应急管理部“工业互联网+危化安全生产”人员定位系统技术支持机构，安然从2012年起致力于基于ZigBee Plus三维立体按需精准定位的“工业互联网+安全生产”的研究，获得了20多项安全智能管控系统发明专利和著作权，持续引领中国化工行业生产现场智慧安全！安然以“准、稳、狠”的ZigBee Plus三维立体按需精准人员定位统和“底数清、数据准、情况明、研判准、措施实”的安全生产信息化平台为核心，整合访客管理、出入口控制、人脸识别、视频监控、语音广播、重大危险源监控、可燃有毒气体监测等系统，对生产现场人、机、料、法、环五大要素进行实时、动态、智能管控和预警，规范人的安全行为，保障人的生命安全，有效防范风险、主动化解风险，实现智慧安全。安然“以用为本”，把安全生产信息化建设与公司管理体系“深度融合”，把安全生产信息化建设与日常工作“紧密结合”，对安全生产切实“有用、实用、好用”，避免建用“两张皮”，让安全管控更智能，让生产更高效才实用。迄今已服务中石化、中石油、延长石油、国能、兖矿、京能、索普、新安、奇美、昊源、潞安、旭阳、垦利、逸盛、海科、酒钢、金发等几百家石化、化工、选煤、钢铁、电厂企业。安然以客户为中心，以强者为本，抬头乐干，愿意与同道中人联合、链接，携手共建、共用、共享生产安全命运共同体，一起干，一起干，让优秀企业更安全，让优秀企业更高效！,"https://www.zhaopin.com/jobdetail/CC559764920J40823825604.htm?refcode=4019&srccode=401901&preactionid=a7c1140f-c46c-45e5-b867-ab342d8bdc77"
3954,Java,大连-甘井子区,1.3-2.6万,无锡硕磊科技有限公司,"计算机软件,计算机软件",20-99人,未融资,CC841172330J40916949104,"工作职责： 1. 计算机或日语相关专业，要求日语二级以上，至少可以读写水平，口语好优先 2. 有较好的逻辑思维能力，对IT行业有浓厚兴趣 3. 熟练掌握JAVA、vue、react、SAP 、dynamics、Python、.NET(ASP・VB・C#)、cobol、c++,android 、iOS、salesforce等其中任意一种开发语言 ■薪资水平： 25万～70万日元。 （视日语水平和技术水平而定） ■福利制度： 带薪休假+健康保险+厚生年金+加班费+交通费+雇佣保险+社员旅行等。",7月8日,无锡硕磊科技有限公司(无锡)专业从事计算机软件领域内的技术开发、技术咨询、技术服务、成果转让，计算机软硬件的开发与销售，软件技术的外包与服务，隶属于日本东京SUN FLOWER SOFT株式会社，在对日软件开发方面有非常丰富的经验。SUN FLOWER SOFT株式会社(东京)在东京有数载的发展历史，已经拥有属于自己比较成熟的项目经验、资源和团队，服务领域遍及生产制造、医疗、电力、公共、证券、保险、金融等各行各业。无锡硕磊科技有限公司自成立以来一直以“以人为本”的招聘标准，只要您热衷于IT行业，有软件开发经验或日语基础，品行端正，我们都可以将您培养成一顶一的技术人才。,"https://www.zhaopin.com/jobdetail/CC841172330J40916949104.htm?refcode=4019&srccode=401901&preactionid=a7c1140f-c46c-45e5-b867-ab342d8bdc77"
3955,技术支持工程师,临沂-平邑县,4000-6000元,华宇信息,计算机软件,1000-9999人,已上市,CC310572710J40799378912,岗位职责： 1、负责公司系统应用的升级与维护更新，保障网络的稳定、高效、安全运行。 2、培训演示：根据用户要求，针对业务系统的使用对象，进行培训和业务系统演示。 3、应用咨询：对负责业务系统的使用提供咨询服务，按照事件管理的要求及时准确的对客户提出的问题提供咨询服务。 4、服务器操作系统（如 Windows Server、Linux 等）的安装、配置、升级和日常维护，确保系统的稳定性和安全性；数据库（如 MySQL、Oracle、SQL Server 等）的管理、监控、备份与恢复，保障数据的完整性和一致性，优化数据库性能；中间件（如 Tomcat、WebLogic、Nginx 等）的安装、配置、调优和故障排查，保障应用系统的稳定运行。 岗位要求：  1、本科及以上学历，计算机科学与技术、软件工程、网络工程等相关专业。  2、具有三年及以上系统工程师相关工作经验。  3、熟练掌握至少一种主流服务器操作系统（如 Windows Server、Linux）的安装、配置、管理和维护，熟悉系统服务的启停、用户权限管理、文件系统管理等操作。  4、熟悉系统安全配置，能够进行用户认证、访问控制、漏洞扫描和修复等工作，保障系统的安全性。  5、具备系统性能监控和优化能力，能够运用系统自带工具或第三方工具（如 top、htop、iostat 等）进行性能分析和瓶颈排查，优化系统性能。  6、具有相关的技术认证（如 CCNA、RHCE、OCP 等）者优先考虑。  7、有政法行业服务工作者优先。,7月23日,北京华宇信息技术有限公司（以下简称“华宇”）系北京华宇软件股份有限公司（股票代码300271）全资子公司，成立于2009年9月9日，注册资金8.5亿元，现拥有员工近3000人。华宇总部位于北京，服务网络遍布全国31个省、自治区和直辖市。华宇秉承“自强不息，厚德载物”的企业精神，坚持诚信为本的价值观，以“持续创新，成就客户”为使命，以软件与信息服务为主营业务，以“法律科技”和“智慧政务”双轮驱动为发展战略，为客户的信息化事业提供全方位的解决方案与服务，是您值得信赖的智慧信息服务专家。华宇目前拥有200余项具有自主知识产权的软件产品和百余项行业解决方案，涵盖大数据、人工智能、基础软件、智能终端等，主要产品和技术居于国内先进地位。华宇信息业务范围涵盖法院、检察院、司法行政、政法委、纪检监察、公安等法律机关及律师、公司法务等商业法律服务领域和高校、科研院所等机构以及各级党委、政府部门和军队等；服务内容覆盖信息系统的全生命周期，为客户提供信息化顶层设计与规划咨询、应用软件开发、系统集成、运维服务和运营服务等全方位专业服务。华宇正在努力用新一代的法律科技推动新时代的法律服务，让新时代的法律服务完全互联、无所不在。努力用信息技术应用创新提升政府服务能力，推动国家治理能力长效提升。,"https://www.zhaopin.com/jobdetail/CC310572710J40799378912.htm?refcode=4019&srccode=401901&preactionid=a7c1140f-c46c-45e5-b867-ab342d8bdc77"
3956,测试工程师,佛山-南海区,1-1.3万,四川允升鸣谦企业管理有限公司,人力资源服务,20人以下,,CCL1481286370J40698885706,岗位内容：  1. 设计测试用例并执行测试计划，对软件功能、性能、稳定性等进行全面测试。 2. 编写测试报告和Bug汇报，跟踪Bug的解决过程，并及时反馈BUG情况给研发团队。 3. 参与产品设计和需求评审，提供测试意见和建议。 4. 熟悉自动化测试框架或工具，并进行相关测试工作。 任职要求：  1. 本科以上学历，计算机相关专业，有3年以上测试经验。 2. 熟悉软件测试流程和常用的测试方法、工具，熟悉至少一种自动化测试工具。 3. 具备较强的测试分析和问题定位能力，能够独立制定测试计划和测试用例。 4. 具备良好的沟通协调能力和团队合作精神。,7月28日,,"https://www.zhaopin.com/jobdetail/CCL1481286370J40698885706.htm?refcode=4019&srccode=401901&preactionid=a7c1140f-c46c-45e5-b867-ab342d8bdc77"
3957,Java,南京-雨花台区,1.7-3万·14薪,外企德科数字技术有限公司,专业技术服务,10000人以上,,CCL1480117890J40760779605,1. 熟悉Java/Python/C/C++任何一种语言 2. 具备扎实的计算机基础，熟悉数据结构、算法和网络编程等知识点。 3. 具备初步的Web开发经验，熟悉HTML、CSS、JavaScript等前端技术。 4. 具有较强的自学能力、问题解决能力和团队协作能力。,2025-07-27 00:24:03,外企德科数字技术有限公司是一家2023年新成立的中外合资企业。成立于2023年11月24日，公司定位：专注于为信息技术企业提供人才及数字技术外包解决方案的中外合资企业。它是由中国人力资源服务行业的FESCO（北京国际人力资本集团）与全球人力资源服务领导者The Adecco Group（德科集团）合资成立的。公司主要提供网络技术服务、软件外包服务、计算机系统服务、技术进出口、软件开发等信息技术相关服务。专注于为信息技术企业提供信息技术类人才及数字技术外包解决方案。,"https://www.zhaopin.com/jobdetail/CCL1480117890J40760779605.htm?refcode=4019&srccode=401901&preactionid=a7c1140f-c46c-45e5-b867-ab342d8bdc77"
3958,硬件测试,焦作-马村区,7000-9000元,重庆科满福人力资源服务有限公司,企业服务,20-99人,,CCL1487604860J40936663604,【岗位职责】 ： 1、进行新产品研发阶段的测试工作 2、完成新产品的功能测试、可靠性测试、环境测 试、安全测试等技术工作 3、制定测试计划，设计测试用例，分析测试数 据，编制测试报告 4、为其他部门提供技术支持，与其他部门的产品 联合测试工作 【薪资待遇】： 试用期：（试用期5350-转正6500）元/月＋300全勤+（300-800）元/岗位补贴+（1000-1500）元/月绩效+加班费=-6000-9000左右 ,2025年07月30日,,"https://www.zhaopin.com/jobdetail/CCL1487604860J40936663604.htm?refcode=4019&srccode=401901&preactionid=a7c1140f-c46c-45e5-b867-ab342d8bdc77"
3959,测试工程师,成都-锦江区,8000-15000元,源创客成都科技有限公司,计算机软件,20-99人,,CC640419780J40804672203,"岗位内容：  1. 执行软件测试工作，包括测试用例编写、测试执行、问题跟踪等，确保软件品质。 2. 参与产品设计评审，了解业务需求，提出优化建议。 3. 使用自动化测试工具或开发相应的自动化测试脚本，提高测试效率，缩短测试周期。 4. 持续关注测试领域的新技术和方法，不断提升测试技能和工作效率。 任职要求：  1. 计算机理工科相关专业专科及以上学历 2. 应届生至少了解过一点编程语言 3. 具备良好的逻辑思维能力和分析能力，能够快速定位问题，并给出有效的解决方案。   双休朝九晚六     综合8-15K,购买五险一金",2025年07月28日,,"https://www.zhaopin.com/jobdetail/CC640419780J40804672203.htm?refcode=4019&srccode=401901&preactionid=a7c1140f-c46c-45e5-b867-ab342d8bdc77"
3960,技术支持工程师,昆明-五华区,5000-9000元,点将(上海)科技股份有限公司,"贸易/进出口,专业技术服务",20-99人,未融资,CC335009480J40718918101,主要职责： 1.科研仪器设备的安装； 2.现场或者在线客户培训； 3.公司产品的资料整理，简介和说明书编制； 4.售前技术支持、客户咨询； 5.售后技术支持。岗位要求：   1. 机电、电子、测控类、计算机、软件、植物生理、农学、林学类专业本科及以上学历；   2. 熟练运用计算机，熟悉常用计算机软硬件，英文能力良好；   3. 有相关仪器服务工作经验或相关行业的工作经验者优先；   4. 工作责任心强，具备良好的沟通能力和团队合作精神；   5. 身体好能适应经常出差，善于自我激励，具有敬业精神。   职位福利：五险一金、绩效奖金、定期体检、带薪年假、周末双休、出差补贴、年轻化团队   职位亮点：客户是科研院所、差旅补贴、可转研发销售   ,6月23日,"点将科技是一家集科研、生产、销售和服务为一体的综合型高新技术企业。公司主营为应用于农业、林业、环境、气象、水利、土壤、植物、动物、种子、农技、植保和农产品检测等相关领域的生态和农业仪器仪表（www.dianjiangtech.cn)，在香港、北京、上海、昆明、合肥、西安等地设有分公司和技术服务中心,现公司因业务拓展需要,诚招如下岗位,欢迎广大有志于中国现代农业和生态环境改善的小伙伴加盟","https://www.zhaopin.com/jobdetail/CC335009480J40718918101.htm?refcode=4019&srccode=401901&preactionid=a7c1140f-c46c-45e5-b867-ab342d8bdc77"
3961,软件测试,郑州-中原区,6000-10000元,唐雅网络科技,计算机软件,20-99人,天使轮,CCL1298078450J40715214214,"任职要求： 1. 具有本科以上学历，计算机科学或相关领域优先。 2. 了解测试方法论和流程，了解测试用例的编写与使用。 3.了解软件开发周期和敏捷开发流程。 4. 优秀的沟通和协作能力，能够与跨部门的团队成员合作。  5.协助目前测试经理开展测试服务，无项目经验要求，可接受应届毕业生；起薪5-8k,双休 五险一金，项目奖金等福利；后期可入职项目地点 郑州 北京 上海 深圳等研发中心，员工宿舍、餐补、交通补助等福利。",2月12日,唐雅科技是一家专注于短视频电商领域的科技型研发公司。需求大量软件研发及测试人员，致力于电商软件产品的研发与创新，把握时代福利。公司总部位于河南郑州，汇聚了一批来自互联网、电商、软件、技术等多领域的精英人才，凭借对短视频电商行业技术研发的深刻理解和敏锐洞察力，迅速在竞争激烈的市场中崭露头角。技术实力：-我们拥有一支专业的技术研发团队，不断探索和应用最新的信息技术，致力于打造稳定、高效、安全的短视频电商平台。通过先进的算法和大数据分析技术，精准地为用户推送个性化的商品内容，提高用户的购物体验和购买转化率。-公司在短视频制作、直播技术、智能推荐系统等方面拥有多项自主研发的核心技术，为商家提供全方位的技术支持和解决方案，帮助商家更好地展示商品、推广品牌，实现销售增长。公司已与众多知名品牌建立了长期稳定的合作关系，通过我们的专业服务，帮助合作品牌在短视频电商领域取得了显著的成绩，实现了品牌知名度的提升和销售业绩的增长。例如，[列举一些成功的合作案例，如某品牌在合作后的销售额增长情况、品牌曝光度提升等]。企业文化：-创新精神：我们始终坚持创新驱动发展，不断探索新的商业模式和技术应用，为用户和商家提供更优质的服务和解决方案。-用户至上：以用户需求为导向，不断优化产品和服务，为用户提供便捷、高效、安全的短视频电商体验。-团队合作：倡导团队成员之间的协作与沟通，发挥团队的优势和力量，共同实现公司的发展目标。-诚信经营：秉持诚信为本的经营理念，与商家、用户建立良好的信任关系，共同推动短视频电商行业的健康发展。未来展望：随着短视频电商行业的不断发展和壮大，将继续发挥自身的技术优势和专业服务能力，不断拓展业务领域，提升服务质量。我们将加强与国内外优秀企业的合作，共同探索短视频电商的新模式、新机遇，为用户和商家创造更大的价值，成为短视频电商领域的领军企业。,"https://www.zhaopin.com/jobdetail/CCL1298078450J40715214214.htm?refcode=4019&srccode=401901&preactionid=a7c1140f-c46c-45e5-b867-ab342d8bdc77"
3962,C/C++,成都-双流区,100-150元/天,江苏普达迪泰科技有限公司,"工业自动化,船舶/航空/航天/火车制造,仪器仪表制造,专用设备制造",100-299人,B轮,CC887940160J40929858204,工作经验： 可接受研究生研二、应届毕业生，每周连续出勤4天及以上   工作职责：   1. 参与自动化设备上位机软件的设计、开发和维护；   2. 根据需求编写软件操作说明书，编写软件测试用例；   3. 参与视觉及机器人应用上位机控制策略研发工作；   4. 编写上位机界面，优化用户体验。      ,7月17日,江苏普达迪泰科技有限公司(简称“普达迪泰”)位于江苏省张家港市锦丰镇，是一家集信息化工业系统设计、精密测量与控制、高端智能装备制造为一体的高科技公司。公司拥有以一批博士和硕士研究生为骨干的高层次管理和研发团队，形成了一支“以博士和硕士为骨干、以本科为重要力量”的高素质团队。公司的技术广泛应用于航空、航天、军队、大科学工程等，自主可控精密测量系统精度已达国际领先水平。公司拥有军工四证，目前已服务于我国军队、航空、航天、天文、深潜、核能、微观粒子等军工科研和铁路、汽车等先进制造领域，是军委、空军下属研究所、中科院高能所及中国航天三院、五院、八院的战略合作单位。,"https://www.zhaopin.com/jobdetail/CC887940160J40929858204.htm?refcode=4019&srccode=401901&preactionid=a7c1140f-c46c-45e5-b867-ab342d8bdc77"
3963,技术支持工程师,深圳-宝安区,8000-12000元,石家庄鸣迅信息技术有限公司,企业服务,20-99人,,CCL1499764550J40901502204,岗位职责： 1、完成产品安装、调试、维修、维护，保证设备正常运行； 2、解决客户在产品使用过程中遇到的问题； 3、根据用户需求、结合产品功能提供合适的解决方法； 4、按时按质按量完成上级临时交办的其他工作。 职位要求： 1、计算机类，网络工程，软件工程等相关专业优先考虑，专科及以上学历； 2、精通网络、主流网络设备调试；熟悉 TCP/IP协议架构； 3、熟悉网络原理以及网络原理及网络交换、路由、桥接等技术； 4、掌握数据库基本理论基础，了解 mongo db 或sql server基本维护； 5、具备良好的沟通能力和人际礼仪，待人诚实可信，语言表达能力和动手能力强； 6、能适应外派的工作。,4月17日,,"https://www.zhaopin.com/jobdetail/CCL1499764550J40901502204.htm?refcode=4019&srccode=401901&preactionid=a7c1140f-c46c-45e5-b867-ab342d8bdc77"
3964,技术支持工程师,北京-丰台区,6000-10000元·13薪,北京盛全祥机械设备有限公司,电气机械/电力设备,300-499人,,CCL1474328730J40523183608,职位描述 售前技术支持 售后技术支持 现场技术支持 岗位职责 1、参与各类产品的生产制造过程； 2、生产现场及使用现场的技术支持； 3、完成领导交代的其他工作事项。 任职资格 1、大专以上学历； 2、自动化、机电等相关专业； 3、有一定的电路装接基础。,6月23日,,"https://www.zhaopin.com/jobdetail/CCL1474328730J40523183608.htm?refcode=4019&srccode=401901&preactionid=a7c1140f-c46c-45e5-b867-ab342d8bdc77"
3965,测试工程师,南京-雨花台区,8000-10000元,诚迈科技,"运营商/增值服务,计算机软件,IT服务,互联网",1000-9999人,已上市,CC144543200J40865119915,职位介绍岗位职责： 1、负责PC/笔记本的BIOS测试，完成 BIOS测试规范和用例库开发及   维护工作； 2、负责开发、维护产品的BIOS测试，根据测试项目需求搭建测试环境，执行   测试、编写测试报告； 3、负责测试过程中Issue的确认、分析、追踪，配合研发人员分析   调试Issue。 职位要求： 1. 1年的BIOS相关测试经验，熟悉PC/笔记本的BIOS，   了解PC/服务器BIOS相关的基础知识和原理。 2. 了解BIOS的工作原理，熟悉BIOS的常   用功能：BIOS更新、SMBIOS、接口控制、安全设置、启动项设置、CMOS等 3. 对BIOS   与Hardware、OS的交互有一定认识； 4. 熟悉简单的Linux OS的基本指令； 5. 具有调试   和解决疑难技术问题的能力，有较强的故障排除能力; 6. 准确描述汇报和严格遵循Defect    跟踪流程跟进，对BUG进行初步的分析、定位、提交; 7. 具有良好的沟通及语言表达能力，   善于沟通； 8. 可以协助研发人员理清问题，修改测试用例，报告测试状态; 9. 工作积极   主动，具备较强的责任心;,7月18日,诚迈科技（南京）有限公司成立于2006年9月，2017年1月20日公司成功上市，是一家专业从事软件产品设计、代码开发、质量保证及技术支持等全流程服务的软件服务提供商，致力于提供全球化的专业软件研发服务，专注于移动设备及无线互联网行业软件研发及咨询等服务。诚迈科技总部位于中国南京。经过多年的发展，规模已超过5000人，在加拿大、芬兰及日本设立销售体系，在北京、上海、深圳、武汉、广州和西安设有分支机构，业务覆盖全球，在中国（内地及台湾）、北美、欧洲、日本、韩国等地广泛开展业务。诚迈科技作为行业的领军者，在全球范围内为国内外客提供一流的软件研发和测试服务。专业的研发团队凭借多年的项目经验掌握了行业核心技术，可提供Android行业软件解决方案（车载系统、TV、eBook等）；移动互联网软件解决方案（浏览器、APP Store、运营商定制等）；云终端解决方案及企业应用和云计算解决方案。在嵌入式测试方面，诚迈科技专业的软件测试团队在测试方法、测试策略、测试标准方面有着丰富的经验，精通手机终端设备中的手机操作系统、手机应用软件等测试。目前，诚迈科技已经与世界级的客户建立了长期友好的合作关系，主要客户广泛分布于终端设备制造商、世界级芯片制造商、运营商及软件公司。如果您崇尚奋斗，渴望创新，并希望同公司一起成长，请加入我们的团队，您可以应对不同的挑战，以激发个人潜能。我们将长期提供多方面的发展机会，并对成绩突出的员工给予职位晋升和物质奖励。您还将享受完善的员工福利制度，包括：弹性工作时间，各项激励奖金，养老保险，医疗保险，失业保险，工伤、生育保险，住房公积金，员工俱乐部，各种员工活动，员工心灵关怀和健康关怀计划，特别节日假期，带薪年假，集体户口（如需要）等。处于高速发展和扩张期的诚迈科技诚邀有志之士与公司同仁一起共创一个伟大的软件企业！如您希望在以下城市工作，可将简历投递如下地址：南京/北京：hr@archermind.com上海：hr_sh@archermind.com深圳：hr_sz@archermind.com武汉：hr_wh@archermind.com,"https://www.zhaopin.com/jobdetail/CC144543200J40865119915.htm?refcode=4019&srccode=401901&preactionid=a7c1140f-c46c-45e5-b867-ab342d8bdc77"
3966,科研人员,鄂尔多斯-东胜区,3000-5000元,内蒙古必选机械制造有限公司,专用设备制造,20-99人,不需要融资,CC612386230J40605684402,1、帮助科研项目的策划和订立科研计划，依据科研项目的要求，参加订立科研方案和实施计划。  2、负责搜集、整理和分析相关的科研文献和数据，为科研项目供应支持，并技术报告研究进展和成绩。,7月23日,必选机械总部于2015年在北京成立，是一家专注高端自动化、智能化设备研发与生产的国家级高新技术企业。必选机械通过与中国矿业大学（北京）、北京科技大学、北京理工大学等高校密切合作，共同研发智能化机械产品，以满足中国矿山工程、隧道工程、冶金行业及工程机械等行业对高端定制化、智能化机械系统的需求。必选机械是一家是为中国矿山、工业隧道工程、农业领域及工程机械提供液压电控系统核心专业技术解决方案、智能化解决方案、整套解决方案的生产技术企业。集煤矿机械设备产品的研发设计生产及升级、工程机械方案设计和系统集成为一体的设计生产企业。公司凭借在自动化及液压领域的专业水平和成熟的技术，在煤矿设备的维保及工程机械方案设计中迅速崛起，现已成功为国内多家大型煤矿集团、冶金集团提供设备产品及维保服务。,"https://www.zhaopin.com/jobdetail/CC612386230J40605684402.htm?refcode=4019&srccode=401901&preactionid=a7c1140f-c46c-45e5-b867-ab342d8bdc77"
3967,硬件测试,焦作-修武县,7000-9000元,重庆科满福人力资源服务有限公司,企业服务,20-99人,,CCL1487604860J40936663504,【岗位职责】 ： 1、进行新产品研发阶段的测试工作 2、完成新产品的功能测试、可靠性测试、环境测 试、安全测试等技术工作 3、制定测试计划，设计测试用例，分析测试数 据，编制测试报告 4、为其他部门提供技术支持，与其他部门的产品 联合测试工作 【薪资待遇】： 试用期：（试用期5350-转正6500）元/月＋300全勤+（300-800）元/岗位补贴+（1000-1500）元/月绩效+加班费=-6000-9000左右 ,2025年07月30日,,"https://www.zhaopin.com/jobdetail/CCL1487604860J40936663504.htm?refcode=4019&srccode=401901&preactionid=a7c1140f-c46c-45e5-b867-ab342d8bdc77"
3968,技术支持工程师,南京-鼓楼区,6000-12000元,江苏中矿大正表面工程技术有限公司,"工程施工,火车站/港口/汽车站/路政,工程施工,建筑工程检测",100-299人,未融资,CC230821230J40688316605,任职条件：,10月15日,公司担当桥梁防护细分领域排头兵和主力军，是江苏省高新技术企业、全国知识产权优势示范企业、江苏省大型钢结构防腐蚀工程中心及徐州表面工程技术研究中心依托平台企业。公司秉承以技术立业，坚定不移地走高新技术发展之路，依靠雄厚的技术研发实力，创造了诸多成果。历获江苏省科学技术一等奖，浙江省科学技术二等奖、湖北省科技进步二等奖，交通运输部李春奖、中国建设工程鲁班奖，中国公路学会科学技术奖特等奖等重要奖项数十项。公司拥有丰富的大跨度公路桥、铁路桥、公铁两用特大桥、超长跨江/海大桥、大跨峡谷桥等桥梁防护施工方面的施工经验和技术储备，达到业内领先水平，市场遍及国内 31个省、自治区、直辖市。公司积极开拓国外市场项目，先后承建了美国、德国、新西兰、挪威以及孟加拉等“一带一路”沿线国家和地区的海外桥梁的防腐涂装工程。公司领先的工艺技术水平、卓越的产品质量和优秀的施工服务，赢得了国内、外客户的交口称赞。江苏中矿大正表面工程技术有限公司创立于 1993年，前身为中国矿业大学表面加工研究所。公司以国家“211工程”“985优势学科创新平台项目”和国家“双一流”建设高校中国矿业大学为依托，致力于大型建构物表面工程领域新技术、新产品的开发应用和工程施工服务，为客户提供大型建构物防护一体化服务。在业务领域上，公司主要聚焦路桥领域，同时开展市政工程、矿山工程等领域防护业务；在业务类型上，公司在开展技术科研、设计咨询、工程及养护服务等单项业务的同时，积极拓展大型建筑构造物全寿命防护一体化服务，目前主要包括：桥梁全寿命防护的设计、科研、工程服务（桥梁缆索防护、钢结构长效防腐涂装、混凝土结构防腐涂装、桥梁除湿、其他特种防护）；大型桥隧工程智能防护系统的集成设计、研发、施工；桥梁腐蚀的监测、监管、维养等多领域、全方位的桥梁安全防护体系建设；结构抗火技术与材料研究、智慧监测预警系统研究、消防应急技术及装备研发等。拥有包括防水防腐保温工程专业承包壹级、消防设施工程专业承包贰级、建筑装修装饰工程专业承包贰级、建筑机电安装工程专业承包叁级在内的多项资质。青山座座皆巍峨，壮心上下勇求索。江苏中矿大正表面工程技术有限公司将朝着“成为大型建构物防护需求的“一站式”领先供应商”的企业愿景，以带动我国防护技术达到国际先进水平为使命，稳固桥梁防护市场，开辟新的技术领域，赓续追求卓越初心，秉承改革创新精神，引领行业走向新的辉煌！,"https://www.zhaopin.com/jobdetail/CC230821230J40688316605.htm?refcode=4019&srccode=401901&preactionid=a7c1140f-c46c-45e5-b867-ab342d8bdc77"
3969,技术支持工程师,沈阳-和平区,4000-8000元,沈阳琳丰通信网络有限公司,互联网,100-299人,未融资,CCL1488338930J40770885902,岗位职责：   1、在工程师指导下负责公司机电设备的调试、检测工作。   2、根据内部技术调测通信设备，完善移动信号的覆盖   3、负责公司设备技术档案的整理和保管工作。   ,7月14日,,"https://www.zhaopin.com/jobdetail/CCL1488338930J40770885902.htm?refcode=4019&srccode=401901&preactionid=a7c1140f-c46c-45e5-b867-ab342d8bdc77"
3970,科研人员,嘉兴-桐乡市,2-3.5万,乌镇实验室,学术/科研,20-99人,不需要融资,CCL1333798550J40666807306,1、负责科研项目的实验设计、数据采集与分析，解决项目中的关键技术问题。 2、撰写科研项目申请书，包括国家自然科学基金、省部级项目及其他专项课题，参与项目立项调研并制定研究计划和技术路线。 3、负责项目的日常管理工作，包括进度跟踪、资源协调、团队协作，定期汇报项目进展，确保项目按时高质量完成。 4、撰写高水平学术论文，并根据审稿意见进行修改和完善，协助团队成员完成论文投稿、发表及后续跟进工作。 5、撰写专利申请文件，协助完成高分子材料、有机/无机复合材料、功能陶瓷材料、纳米材料等相关专利的申请流程，跟踪专利审查过程，处理相关事务，确保知识产权的有效保护。 6、参与国内外学术会议，展示研究成果，提升团队影响力，与高校、科研院所或企业建立合作关系，推动产学研结合。 任职要求： 1、具有博士学位，专业方向为高分子材料、有机/无机复合材料、功能陶瓷材料、纳米材料等相关领域，熟悉上述材料的制备工艺及性能表征方法。 2、具备扎实的理论基础和丰富的科研经验，能够独立开展高水平的科研工作，在国际知名期刊上发表过高水平学术论文（SCI/EI收录），具有较强的学术写作能力。 3、熟悉科研项目申请流程，有成功参与或主持各级科研项目的经验者优先，具备项目管理经验，能够高效协调团队成员完成项目目标。 4、具有专利撰写和申请经验，熟悉知识产权保护流程，对科研成果转化有浓厚兴趣，具备一定的技术转移或产业化经验者优先。 5、具备优秀的沟通能力和团队协作精神，能够与团队成员和其他部门高效配合，同时具备较强的学习能力和创新意识，能够快速适应新领域和新技术。 6、英语水平优秀，能够熟练阅读、撰写英文文献，并用英语进行学术交流，掌握第二外语（如德语、法语、日语等）者优先。 7、工作认真负责，具有良好的职业道德和敬业精神，能够承受一定的工作压力，适应科研工作的高强度节奏。 7、协助团队负责人完成其他与科研相关的任务，如实验室管理、设备维护等。,4月21日,乌镇实验室（以下简称实验室）位于世界互联网大会永久举办地—桐乡，是由桐乡市人民政府举办，清华大学材料学院、浙江清华长三角研究院参与共建的省级新型研发机构。实验室围绕前沿新材料方向，立足桐乡新材料产业规模优势，依托清华大学在材料学科的高水平基础研究和前沿创新能力，整合国内外大院名校前沿新材料创新研发资源，运用浙江清华长三角研究院在承接高校科研院所产业技术转化、创新赋能区域经济方面的成熟模式和机制活力，在高端前沿材料领域开展应用研究、创新转化和产业孵化，同时促进高层次人才引进和本地产业人才培育，为推动行业规模发展、国家科技创新贡献力量。,"https://www.zhaopin.com/jobdetail/CCL1333798550J40666807306.htm?refcode=4019&srccode=401901&preactionid=a7c1140f-c46c-45e5-b867-ab342d8bdc77"
3971,科研人员,北京-海淀区,7000-9000元,四联创业集团股份有限公司,"石油/石化,贸易/进出口,证券/期货,房地产中介",500-999人,不需要融资,CC143284690J40919287104,岗位职责： 1、协助课题组进行科研实验、数据分析及文献调研工作，协助整理实验数据、报告； 2、负责实验室日常管理，包括仪器管理、物资调配、环境维护； 3、落实实验室安全规范，排查消除安全隐患； 4、 完成课题组交办的其他辅助工作。  任职要求：  1、 化学、材料学、物理学等相关专业本科及以上学历；  2、工作认真细致，责任心强，具备良好的实验操作能力；  3、学习能力强，有钻研精神，能快速掌握新技能；  4、具备良好的沟通协调能力，适应团队协作；  5、优先考虑：有实验室科研或仪器管理经验、熟悉常用化学实验技术（如合成、表征、测试等）。,7月18日,四联创业集团股份有限公司（下称“集团”）自2001年成立以来始终专注于服务全国橡塑产业上下游客户，现已发展成为国内领先的橡塑产业链流通服务商。集团肩负着“推动橡塑产业持续升级，助力合作伙伴成就不凡”的企业使命，通过橡塑原材料分销以及仓储物流、价格管理、数据服务及供应链金融等供应链增值服务，为客户持续创造价值。作为股份制/民企的代表，集团坚持“厚德、诚信、坚韧、进取”的核心价值观，是中石化、中石油、国家能源集团、中煤、宁煤、万华化学、裕龙石化等行业龙头企业的核心战略合作伙伴，通过全球近30个分子公司形成了覆盖国内橡塑分销服务的网络体系，并在社会上树立起了良好的商业信誉与企业形象，拥有两家“专精特精、国家高新技术企业”，近年来先后获评“第一批全国供应链创新与应用示范企业”“中国民营企业500强”“中国服务业100强”“最佳雇主、优选雇主”“上海期货交易所交割库”“上期所‘强源助企’产融服务基地”“大连商品交易所指定交割仓库”“大连商品交易所优秀产融基地”等荣誉。未来是我国全面深化改革、经济转型升级的关键时期，也是我国橡塑行业发展的重要战略机遇期，公司将以资本化战略为基础，以数字化能力为支撑，以金融化建设为保障，全力推进规模化、全球化、产业化战略布局，进一步夯实基础，为客户持续创造价值，以“重品、重则、重人、重己”的企业精神，全力打造成为中国橡塑产业领先的综合服务商。,"https://www.zhaopin.com/jobdetail/CC143284690J40919287104.htm?refcode=4019&srccode=401901&preactionid=a7c1140f-c46c-45e5-b867-ab342d8bdc77"
3972,技术支持工程师,成都-武侯区,4000-6000元·13薪,成都博高电管家科技有限公司,"智能硬件,人工智能,智能硬件,云计算/大数据",20-99人,不需要融资,CCL1353490750J40739436202,一、工作内容,6月30日,成都博高电管家科技有限公司（下称“博高电管家”）专业从事新能源汽车智能有序充电业务、电动自行车无人值守充电管理业务，致力于成为国内一流的创新型安全用电管理专家方案提供商。博高电管家研发团队具备20多年用电安全的产品设计，系统开发经验，专业打造涵盖新能源汽车、电动自行车的目的地应用场景下安全有序充电，无人值守的整体解决方案。该方案采用国际标准物联网通信技术、云计算、大数据以及AI人工智能算法，能够有效解决规范停放、安全充电等社会痛点。博高电管家研发的汽车智能有序充电桩、电动自行车充电桩以及无人值守停车解决方案被全国1000多家充电运营商选择，产品覆盖30多个省份，进入了超1万家物业小区，为500多万车主提供了超亿次安全充电服务。并已取得高新技术企业、省级专精特新企业、质量管理认证等资质荣誉。截止目前获得包含发明专利在内的知识产权共计21件。我们将深耕安全用电领域，从充电开始发力储能，虚拟电厂等新型电力系统建设，为能源低碳化，绿色化践行我们的使命。,"https://www.zhaopin.com/jobdetail/CCL1353490750J40739436202.htm?refcode=4019&srccode=401901&preactionid=a7c1140f-c46c-45e5-b867-ab342d8bdc77"
3973,实施工程师,淄博-张店区,5000-10000元,淄博鲁瑞精细化工有限公司,化学原料/化学制品,100-299人,未融资,CC314052130J40879621204,1）熟悉掌握公司产品及应用性能； 2）参与拜访客户，把握市场行业趋势，洞察客户需求、难点、痛点，提供精准的市场需求信息； 3）针对客户设备、工艺特性，提供针对性的系统解决方案； 4）负责助剂应用分析、试验方案设计及产品应用工艺研究，了解自身产品的性能，根据使用情况提出改进建议； 5）收集市场产品应用实例，建立产品数据库； 6）协助策划新产品发布、宣传、推广，挖掘产品亮点、优势，提升产品核心竞争力。,7月1日,淄博鲁瑞精细化工有限公司成立于2013年，隶属于鲁泰集团。公司致力于纺织、皮革、建筑及环境保护等特殊化学品的研发、生产、销售及专业技术服务。公司先后引进德国、美国、瑞士、日本等国际高端仪器，拥有先进的分析、检测及自働化智能制造装置100多台套。经过持续发展，公司积累了雄厚的科研技术力量，打造了一支高素质的研发、技术团队，获得发明专利20余项，省技术创新项目30余项。至今公司已向市场推出180多个产品，2017年公司被认定为“国家高新技术企业”。公司推行标准化管理模式，着力构建LTPS精益化生产。2015年先后通过安全标准化、ISO9000质量管理体系、ISO14000环境管理体系、ISO45001职业健康安全管理体系认证。产品通过了Bluesign、OEKO-TEX(Eco-passport)等生态、环保国际认证。公司坚持“以人为本严谨科学顾客导向诚信共赢”的价值观，以为客户创造价值为己任，始终坚持绿色、环保可持续发展的理念，助推纺织印染行业转型升级。公司将一如既往的为客户提供专项定制产品和系统解决方案，成为客户值得信赖的合作伙伴。,"https://www.zhaopin.com/jobdetail/CC314052130J40879621204.htm?refcode=4019&srccode=401901&preactionid=a7c1140f-c46c-45e5-b867-ab342d8bdc77"
3974,C/C++,成都-武侯区,2-4万·15薪,中兴通讯(成都)有限责任公司,通信/网络设备,10000人以上,,CCL1501704850J40819763008,岗位职责: 1. 负责存储系统、文件系统相关的软件设计与开发工作； 2. 负责云环境下的存储相关问题分析、性能调优等工作。 技能要求: 1. 熟练掌握 C/C++/Python 语言，熟悉 Linux Shell 脚本，具备较为丰富的编程经验； 2. 熟悉 Linux 系统内核，有内核态组件或驱动开发经验； 3. 熟悉 Linux 文件系统、有内核文件系统开发经验； 4. 了解云计算相关技术、了解 openstack 系统者优先； 5. 了解分布式或集群架构、有相关开发经验者优先； 6. 了解开源组织运作、有开源项目参与经验者优先。,7月2日,,"https://www.zhaopin.com/jobdetail/CCL1501704850J40819763008.htm?refcode=4019&srccode=401901&preactionid=a7c1140f-c46c-45e5-b867-ab342d8bdc77"
3975,前端开发,上海-徐汇区,1.8-3.5万·16薪,东方财富,"互联网,零售/批发,证券/期货,计算机软件",1000-9999人,已上市,CC152251410J40752787411,工作职责： 1、负责平台前端开发工作，按产品需求完成项目开发迭代，模块化功能建设，实现性能优化和提升用户体验； 2、负责完成前端核心业务代码及 JS 组件的封装； 3、负责深入分析和解决前端遇到的各种跨终端兼容问题，保证页面响应速度和执行效率； 4、参与团队工程化体系建设，研究 Web 先进前沿技术，提升研发效率、质量； 5、完成公司交办的其他工作。 任职要求： 1、本科及以上学历，计算机相关专业优先； 2、熟悉 JavaScript 原生语法，理解并熟悉 ES5/ES6/ES7； 3、具备 Vue、React、ReactNative 等常用开发框架能力，熟悉常用前端 UI 框架（如 Element-UI 等）和三方组件（如富文本、Echarts、D3 等）； 4、熟悉前端常用的构建工具（如：Gulp，Vite，Webpack），熟悉使用 Git 工具； 5、熟悉 W3C 标准与 Web 语义化，精通页面架构和布局，能够解决各种浏览器兼容性问题，熟悉前端性能优化； 6、对前后端的协作模式、产品和项目流程和组件化模块开发有理解； 7、熟悉 Linux 平台，熟悉一种或多种后端开发语言如：NodeJS / Java / Python 等； 8、精通 HTML5 / CSS3 / JavaScript / JQuery / Ajax 等相关技术，有较强的代码功底； 9、学习能力强，热爱编程，对新技术感兴趣，具有良好的语言表达能力、团队合作意识及高度的责任心。,7月1日,东方财富信息股份有限公司成立于2005年，是中国领先的互联网金融服务综合运营商。公司总部位于上海，并在香港、北京、广州、深圳、成都、南京等地设有子公司。自公司成立以来，公司坚持“为用户创造更多价值”的经营理念，取得了快速、稳步的发展。2010年3月，公司成功在深交所创业板上市，成为A股首家上市的互联网公司；2015年4月，成为首家市值突破1000亿的创业板上市公司；2021年1月，公司市值超3000亿。经过多年发展，公司形成了具备自身特色的发展优势，成为中国国内首家同时拥有券商牌照、期货牌照和公募基金牌照的互联网企业。目前公司旗下拥有东方财富网、天天基金网、股吧、Choice数据、东方财富证券、东方财富国际证券、东方财富期货、东方财富国际期货、东财基金、优优私募、东财保险经纪等业务及产品。公司致力于构建人与财富的金融生态圈，提供集财经资讯、证券、基金、期货、社交服务等一站式互联网金融服务，为用户创造更多价值。,"https://www.zhaopin.com/jobdetail/CC152251410J40752787411.htm?refcode=4019&srccode=401901&preactionid=a7c1140f-c46c-45e5-b867-ab342d8bdc77"
3976,科研人员,深圳-龙岗区,3-5.5万,中国农业科学院深圳农业基因组研究所(岭南现代农业科学与技术广东省实验室深圳分中心),"学术/科研,农/林/牧/渔",500-999人,不需要融资,CC331585980J40753955801,,2025年07月29日,"中国农业科学院深圳农业基因组研究所（简称""基因组所""）成立于2014年，由农业农村部、中国农业科学院和深圳市政府共同支持建设。基因组所通过整合生物学和大数据科学，来认识与利用农业生物基因组，服务全球农业生产。为此，基因组所成立了组学技术、合成生物学、植物基因组、动物基因组、生态基因组、食品科学等研究中心和相关技术平台。基因组所的长期愿景是致力于通过颠覆性创新来促进全球农业可持续发展，服务于个性化食品供给体系，并提升人类健康水平和农民社会地位！成立以来，基因组所深入贯彻落实习近平总书记""四个面向、两个一流""指示精神，开展科研自主权改革试点工作，被列为中国农科院现代院所改革的""试验田""，建立了由中国农科院与深圳市主管领导任共同理事长的理事会；组建了近800人的研究队伍；形成了以组学技术为核心、辐射农业、食品和生态方向的学科体系，获批""岭南现代农业科学与技术广东省实验室深圳分中心""""农业农村部农业基因数据分析重点实验室""等创新载体；在包括 Science、Nature、Cell等顶级期刊在内的杂志上发表SCI论文400多篇，以基因组设计育种育成国审、省审新品种30余个，农业基因组学等研究领域占据世界前沿。2019年、2020年连续两年自然指数排名全国农业类科研院所第一名，多项成果入选""'十三五'农业科技十大标志性成果""""中国生命科学十大进展""""中国农业科学十大进展""。先后获得""何梁何利基金""奖、""周光召基础科学奖""""深圳经济特区建立40周年创新创业和先进模范人物""""深圳市市长奖""等奖励。目前，基因组所联合深圳市相关部门提出了""深圳国际食品谷""，规划已得到市政府印发，将构建农业食品产学研协作生态，做出科技推动农业食品产业转型升级的先行示范","https://www.zhaopin.com/jobdetail/CC331585980J40753955801.htm?refcode=4019&srccode=401901&preactionid=a7c1140f-c46c-45e5-b867-ab342d8bdc77"
3977,C/C++,沈阳-皇姑区,110-120元/天,鹏讯科技(大连)有限公司,"计算机软件,互联网,IT服务,专业技术服务",100-299人,未融资,CC569576920J40793312208,岗位内容：  1. 设计、开发和维护C++应用程序； 2. 根据产品需求，完成相应领域的研究及开发； 3. 参与项目需求分析和技术选型； 4. 负责代码编写、单元测试、Bug修复等工作。 任职要求：  1. 熟悉C++编程语言，具备扎实的编程基础； 2. 具有良好的算法和数据结构基础； 3. 熟练使用常见的开发工具，如VS、Eclipse等； 4. 具备较强的沟通协调能力和团队合作精神； 5. 具备分析问题、解决问题的能力；,4月8日,鹏讯科技是一家专业从事软件开发、销售及服务于一体的高新技术企业。公司拥有一流的项目管理专家鹏讯科技是一家专业从事软件开发、销售及服务于一体的高新技术企业。公司拥有一流的项目管理专家、专业技术人员、企业咨询顾问以及销售团队，专注于开发具有自主核心技术和知识产权的软件产品，是“大连市软件行业协会”会员企业。公司发展至今，已经与包括舰艇学院、恒生电子、东软集团、IBM、新思软件等在内的近百家企事业单位建立了良好的合作关系，公司建立了规模化的产品开发、销售和服务体系，并基于先进的项目管理和知识管理模式，为客户提供先进、实用、可靠的信息化技术产品和服务。鹏讯科技的系统集成业务主要集中在网络系统集成、网络安全（安全集成、服务外包、应急响应）、应用管理系统等业务。业务范围涉及政府、军工、大型企业、金融等多个行业。我们致力于为用户提供富有竞争力的产品组合、最佳的解决方案、高品质的管理以及完善的售后服务。鹏讯科技具有国家武器装备科研生产单位二级保密资格，可以承担国家机密级科研生产任务，此资质是迄今为止民营企业可获得批准的最高级别，是海军大连舰艇学院指定机密科研项目合作伙伴。,"https://www.zhaopin.com/jobdetail/CC569576920J40793312208.htm?refcode=4019&srccode=401901&preactionid=a7c1140f-c46c-45e5-b867-ab342d8bdc77"
3978,技术支持工程师,苏州-None,1-1.1万,苏州众晶复合材料有限公司,"客运服务,汽车研发/制造,石油/石化",20人以下,,CC438658510J40430438002,职位描述,6月27日,"苏州众晶复合材料有限公司成立于2008年，坐落于风景秀丽的苏州姑苏区，是国内较早从事胶粘剂和密封胶的销售科技公司。公司与诸多国内外密封胶厂家建立了良好伙伴关系，连续开发新的胶黏剂和密封胶产品以满足中国不断的科技进步对新材料的需求。本公司主导产品为建筑，汽车及航空及其他工业上密封胶产品,包括丁基、聚硫、聚氨酯、环氧、改良硅烷、清洗剂和底涂剂等。公司与多个国内顶级的玻璃企业形成了良好的供应关系，公司产品在中国乃至全球都占有相当的市场份额，本公司独特的“销售链”原则，为客户提供完善的售前咨询、售中服务、售后跟踪服务，以确保客户多方面的需求。公司秉承“众志成城，天高日晶”的经营理念，坚持“互惠共赢，共同愿景”的企业文化，“最方便，最高效，最灵活”的服务宗旨，构筑企业与合作伙伴的长远发展目标。","https://www.zhaopin.com/jobdetail/CC438658510J40430438002.htm?refcode=4019&srccode=401901&preactionid=a7c1140f-c46c-45e5-b867-ab342d8bdc77"
3979,技术支持工程师,潍坊-奎文区,8000-14000元,青岛安然物联网科技有限公司,"物联网,物联网",20-99人,未融资,CC559764920J40823508904,需要弱电技术、自动化、安防系统、工业互联网+危化安全生产、物联网人才，不要纯软件人才。  你能经常到全国各地出差吗？你能到工业生产现场生产现场做技术支持吗？   真正的奋斗者在安然会有让人值得为之奋斗的事业，会有充实、高效的成长，会有高人一等的收入。   你能做好售前技术支持、根据客户需求，高效制作方案吗？你能做好售中技术支持、指导他人正确安装、部署、调试系统向用户保质保量快速交付吗？你能做好售后维护，高效沟通和落实客户需求吗？   迄今已服务中石化、中石油、延长石油、国能、兖矿、京能、索普、新安、奇美、昊源、潞安、旭阳、垦利、逸盛、海科、酒钢、金发等几百家石化、化工、选煤、钢铁、电厂企业。    安然以客户为中心，以强者为本，抬头乐干，愿意与同道中人联合、链接，携手共建、共用、共享生产安全命运共同体，一起干，一起干，让优秀企业更安全，让优秀企业更高效！,2月12日,基于精准人员定位的工业安全生产信息化管理专家，安全生产信息化管理引领者！作为全国实时定位技术标准工作组成员和应急管理部“工业互联网+危化安全生产”人员定位系统技术支持机构，安然从2012年起致力于基于ZigBee Plus三维立体按需精准定位的“工业互联网+安全生产”的研究，获得了20多项安全智能管控系统发明专利和著作权，持续引领中国化工行业生产现场智慧安全！安然以“准、稳、狠”的ZigBee Plus三维立体按需精准人员定位统和“底数清、数据准、情况明、研判准、措施实”的安全生产信息化平台为核心，整合访客管理、出入口控制、人脸识别、视频监控、语音广播、重大危险源监控、可燃有毒气体监测等系统，对生产现场人、机、料、法、环五大要素进行实时、动态、智能管控和预警，规范人的安全行为，保障人的生命安全，有效防范风险、主动化解风险，实现智慧安全。安然“以用为本”，把安全生产信息化建设与公司管理体系“深度融合”，把安全生产信息化建设与日常工作“紧密结合”，对安全生产切实“有用、实用、好用”，避免建用“两张皮”，让安全管控更智能，让生产更高效才实用。迄今已服务中石化、中石油、延长石油、国能、兖矿、京能、索普、新安、奇美、昊源、潞安、旭阳、垦利、逸盛、海科、酒钢、金发等几百家石化、化工、选煤、钢铁、电厂企业。安然以客户为中心，以强者为本，抬头乐干，愿意与同道中人联合、链接，携手共建、共用、共享生产安全命运共同体，一起干，一起干，让优秀企业更安全，让优秀企业更高效！,"https://www.zhaopin.com/jobdetail/CC559764920J40823508904.htm?refcode=4019&srccode=401901&preactionid=a7c1140f-c46c-45e5-b867-ab342d8bdc77"
3980,软件测试,长春-朝阳区,6000-7000元,杭州飞屋网络科技有限公司,休闲/娱乐,20人以下,,CC407473230J40760571101,岗位内容： 1. 设计并执行测试用例，记录测试结果并准备测试报告。 2. 协调开发人员、项目经理和测试团队成员，以确保遵守时间表和产品质量标准。 3. 使用自动化测试框架和工具来提高测试效率和覆盖率。 4. 不断改进测试流程和方法，以提高质量和效率。 5. 关注产品质量和客户需求，确保稳定、可靠和用户友好的软件交付。 任职要求： 1. 熟悉软件测试方法和流程。 2. 掌握至少一种自动化测试框架和脚本语言（如Selenium、Python、Robot Framework）。 3. 具备良好的团队合作精神和沟通能力。 4. 能够承受压力，在快节奏的环境中高效工作。 5. 有问题解决的能力和主动学习的态度。,7月29日,,"https://www.zhaopin.com/jobdetail/CC407473230J40760571101.htm?refcode=4019&srccode=401901&preactionid=a7c1140f-c46c-45e5-b867-ab342d8bdc77"
3981,科研人员,杭州-滨江区,1-1.5万,纳晶科技股份有限公司,"化工,学术/科研,化学原料/化学制品,电子设备制造",100-299人,已上市,CC203171520J40322247803,岗位职责：,6月17日,纳晶科技股份有限公司成立于2009年8月，由国际纳米材料领域顶尖科学家彭笑刚教授创立，是一家以量子点半导体新材料为技术核心的国家高新技术企业，主要业务是量子点新材料的研究及QD-LED、QD-OLED、QD-Micro LED、QLED等相关应用技术与产品的开发、制造和销售，在领域内处于国际领先地位。纳晶科技持有近300项国内外高质量授权发明专利；拥有量子点材料合成领域核心专利；主导或参与10余项国家/国际/行业标准制定工作；作为相关子课题负责单位参与了十三五、十四五国家重点研发计划；荣获国家高新技术企业、国家专精特新“小巨人”企业、浙江省专精特新中小企业、浙江省自然科学奖一等奖、浙江省创造力百强企业等多项荣誉资质。公司以优秀人才为立业基石，努力打造高水平创新团队，设有国家博士后科研工作站、浙江省工程研究中心、浙江省企业研究院、纳晶-浙大量子点研究联合实验室等科研平台，由美国科学院院士Louis E.Brus教授担任科技发展战略顾问。公司在光电、显示等领域，提供创新技术和解决方案，致力于为用户带来快乐和健康的产品价值，践行科技服务生活的梦想。我们提供优厚的福利待遇：公司拥有完善的员工晋升通道和薪酬发展计划；提供健全的福利保障计划：五险一金、年终奖金、项目奖金、岗位补贴、补充商业医疗保险、补充带薪病假、法定年休假及补充年休假、节日福利、健康体检、旅游团建等；对优秀的骨干员工实行股权激励计划；实行双休日标准工作制。除公司提供的优厚待遇外，更有杭州政府提供的专项引才激励待遇等着你！新引进的***应届博士、硕士、本科毕业生可分别获得10万元、3万元、1万元生活补贴，1万元/年×3年租房补贴；新进站的博士后，在站期间可享受每人每年12万元生活补贴，出站后留杭工作的博士后，可享受每人20万元引才补贴和40万元安家补贴，可直接认定高级工程师职称，可认定杭州市D类及以上等级人才，在杭购房享受100万购房补贴……有求职意向者可直接在线申请，或将简历发至邮箱hr@najingtech.com,"https://www.zhaopin.com/jobdetail/CC203171520J40322247803.htm?refcode=4019&srccode=401901&preactionid=a7c1140f-c46c-45e5-b867-ab342d8bdc77"
3982,实施工程师,东营-东营区,6000-12000元,东华医为科技有限公司,"IT服务,IT服务",1000-9999人,未融资,CC649781480J40718103505,医疗信息系统实施运维,2025-07-27 00:33:00,东华医为科技有限公司（简称东华医为）成立于2012年5月，注册资金5000万，是东华软件股份公司旗下专业服务医疗、卫生等大健康领域IT业务的全资子公司。东华医为现有员工2000余人，其中技术人员占比达到90%，拥有近100项大健康类自主知识产权的软件产品，所覆盖的大健康领域有医疗机构、卫生管理机构、互联网医疗、人工智能、大数据、健康管理等，所涉及的主要业务有IT咨询规划、方案设计、系统集成、软件开发与交付、工程实施与交付、人才培养、售后运维、合作运营等。东华医为现为全国500余家大健康领域的各类用户提供着持续的技术服务，还连续多年蝉联中国十佳医疗行业解决方案商榜首。传承了东华软件医疗卫生事业部近二十年IT业务的东华医为，在高速发展的大健康领域，笃定能大有作为。,"https://www.zhaopin.com/jobdetail/CC649781480J40718103505.htm?refcode=4019&srccode=401901&preactionid=a7c1140f-c46c-45e5-b867-ab342d8bdc77"
3983,实施工程师,连云港-连云区,7000-14000元,江苏华海诚科新材料股份有限公司,电子/半导体/集成电路,500-999人,已上市,CC569930720J00407036801,技能要求：  培训，售后，顾问  岗位职责  1、负责公司产品的技术支持，解决客户在使用产品过程中遇到的问题；  2、 参与产品的设计和评审，提供技术建议；  3、协助销售团队进行产品演示和讲解，达成销售目标；  4、负责收集和整理用户反馈，进行分析和优化；  5、维护客户关系，提升客户满意度；  5、适应出差，进行现场技术支持。  1、本科学历，高分子材料、化工相关专业；  2、具有良好的沟通表达能力、独立问题分析和解决能力；  3、具有良好的客户服务意识和团队合作意识，能适应出差，具备良好的抗压能力。  工作时间：不定时工作制  福利待遇：福利待遇：五险一金，年度普调薪资，享受学历补贴、新产品奖励，带薪年休假，提供免费食宿，市区方向厂车接送  ,7月19日,"江苏华海诚科新材料股份有限公司成立于2010年12月，于2023年4月4日在科创板上市，股票代码：688535。公司是一家专业从事半导体器件、集成电路、特种器件等电子封装材料的研发、生产、销售和技术服务企业。是国家专精特新小巨人企业、国家高新技术企业。建有江苏省新型电子封装材料工程技术研究中心、江苏省企业技术中心、江苏省博士后创新实践基地、江苏省企业研究生工作站。公司通过IATF16949、ISO9001、ISO14001、ISO45001、QC080000等体系认证。公司2022年实现销售收入3亿元，目前在国内环氧塑封料行业排名居前列。公司建有国际先进的环氧模塑料中试线1条、大生产线5条，综合生产能力20000吨/年，建有先进的液体电子粘合剂生产线及超净化生产车间,是国内***覆盖微电子先进封装用固体塑封料和液体封装材料研发生产企业。公司一直注重科技创新及新产品研发，掌握了具有自主知识产权的核心技术，已申请专利112件，其中发明专利49件（已授权24件）。公司产品技术水平达国内领先，替代进口，打破国外产品垄断我国高端环氧塑封料市场格局，为我国集成电路封装材料国产化做出重要贡献。公司愿景：凭借优秀人才团队、领先技术、先进制造装备，跻身国内微电子材料行业前列，成为国际一流微电子材料供应商，为我国集成电路产业稳定快速发展保驾护航。","https://www.zhaopin.com/jobdetail/CC569930720J00407036801.htm?refcode=4019&srccode=401901&preactionid=a7c1140f-c46c-45e5-b867-ab342d8bdc77"
3984,科研人员,郑州-管城回族区,1-2万·13薪,牧原实验室,学术/科研,100-299人,,CCL1241575100J40678625607,职位描述： 1、负责生物材料和再生医学工程的研究与开发；,11月1日,,"https://www.zhaopin.com/jobdetail/CCL1241575100J40678625607.htm?refcode=4019&srccode=401901&preactionid=a7c1140f-c46c-45e5-b867-ab342d8bdc77"
3985,软件测试,上海-徐汇区,1.5-2万·13薪,青岛鼎赫人力资源有限公司,人力资源服务,20人以下,,CC682590480J40783983014,岗位职责： 1. 负责软件的功能测试。 2. 执行测试用例，报告缺陷并跟踪缺陷的修复。 3. 与开发团队协作，确保软件质量满足需求。 4. 参与软件测试流程的优化和改进。 岗位要求： 1. 熟悉软件测试理论、方法和流程。 2. 具备功能测试经验。 3. 了解运维工程师、网络工程师的工作内容，能进行基本的IT质量管理。 4. 有信息技术、标准化、电子或电路工程相关背景者优先。 薪资待遇：包住、六险一金、工龄工资、生日礼金、定期体检、带薪年假、绩效奖、项目奖、年终奖.,7月28日,,"https://www.zhaopin.com/jobdetail/CC682590480J40783983014.htm?refcode=4019&srccode=401901&preactionid=a7c1140f-c46c-45e5-b867-ab342d8bdc77"
3986,测试工程师,西安-长安区,4000-8000元,广电计量检测(西安)有限公司,"检测/认证,专业技术服务,咨询服务",300-499人,已上市,CC278392180J40801598408,岗位要求： 专业要求：通信专业、电子信息专业、电子科学与技术、电气工程及其自动化、无线电与电磁场、测控专业 优先人员：CET-4通过，成绩较好，2025届无课 岗位职责： 1、电磁兼容测试环境搭建、测试项目完成，收集测试数据完成测试报告 2、熟悉相关测试标准和仪器设备 3、熟悉质量体系和相关测试标准。,5月26日,广电计量检测（西安）有限公司为广电计量全资子公司，广州广电计量检测股份有限公司（简称：广电计量证券代码：002967）始建于1964年，是原信息产业部电子602计量站，经过50余年的发展，现已成为一家全国化、综合性的国有第三方计量检测机构，专注于为客户提供计量、检测、认证以及技术咨询与培训等专业技术服务，在计量校准、可靠性与环境试验、电磁兼容检测等多个领域的技术能力及业务规模处于国内领先水平。广电计量构建了覆盖全国的服务保障网络，在国内建有23个计量检测基地和50多家分子公司，实验室总面积超过16万平方米，配置国内外高端设备仪器15000多台/套，搭建的全国一体化计量检测与认证技术公共服务平台，可迅速响应客户需求，为客户提供近距离、本地化的专业服务。广电计量已于2019年11月8日在深交所成功挂牌上市，证券简称：广电计量，证券代码：002967，现已打造了一支技术水平和服务意识俱佳的服务队伍，现有员工5000多人，其中包括各领域专家和技术带头人50多人，博士后、博士近30人，硕士380多人。广电计量建有技术研究院，在新能源汽车、轨道交通、无线通信等领域，先后主持编写30多项国家级和地方计量测试标准及规程，承担50多项国家、省部级等重点科研项目，累计获得专利授权231项，另获得软件著作权86项，积极推动了行业新技术的创新和产业化应用。作为一家拥有高度社会责任感的国有企业，广电计量以助推各区域经济高质量发展、助力企业品质提升为己任。目前，广电计量的服务能力覆盖汽车、航空、轨道交通、船舶、通信、电力、电子电器、食品、环保、农业、医疗、石化等领域，凭借专业的计量检测技术之力，广电计量可帮助各行业产业链上下游客户提升自身竞争力，实现产品全寿命周期的质量管控。在品质决胜未来的发展新时代，广电计量将继续秉持科学、公正、准确、快捷、周到的服务理念，为高质量发展传递信任，为建设“和谐美丽”中国保驾护航！,"https://www.zhaopin.com/jobdetail/CC278392180J40801598408.htm?refcode=4019&srccode=401901&preactionid=a7c1140f-c46c-45e5-b867-ab342d8bdc77"
3987,软件测试,南昌-红谷滩区,5000-7000元,天阳科技,"计算机软件,计算机软件",1000-9999人,已上市,CC120408370J40369077708,1.全国项目驻场测试，主要负责功能、数据或接口等相关测试工作；  2.统招本科学历及以上（学信网可查）；毕业满2年；计算机专业优先；  3.热爱软件测试行业、有强力的自驱力，能够在测试岗位深入学习研究；  4.有无经验均可，服从公司安排，接受公司培养，可接受异地工作优先；  福利待遇：  上市公司，公司可以提供住宿，提供五险一金；  欢迎符合要求的小伙伴们投递~,7月17日,天阳科技(股票代码：300872)，是全球金融创新服务的重要贡献者，持续赋能中国金融行业数字化转型，为客户提供咨询、金融科技产品、金融IT服务、云计算及运营服务。公司成立于2003年，服务超过300家金融行业客户，覆盖中央银行、政策性银行、国有银行、股份制银行、地方性商业银行、非银行金融机构等，员工人数近7000人，成为激活金融领域创新活力、推动金融科技迈入世界领先水平的重要力量。作为金融行业客户可信赖的合作伙伴，天阳科技凭借丰富的行业经验和端到端的专业服务，在信创、数字化金融、信贷、交易银行、信用卡、零售、营销、风险管理、征信监管等众多领域具备核心竞争力。据赛迪和IDC报告显示，近年来公司在中国银行业IT解决方案市场排名强势崛起，2019年收入及市场占有率综合排名分别位列第四位和第五位，并保持高速增长。同时，前瞻商业和科技趋势，入选2021年度未来银行科技服务商TOP100。天阳科技始终聚焦金融科技领域，加大自主创新力度，在超过100个城市建立本地化、专业化的研发和服务团队，拥有CMMI5级认证、软件测试成熟度模型集成（TMMi）3级认证、ISO9001质量管理体系认证、ISO20000信息技术服务管理体系认证、IS027001信息安全管理体系认证。通过部署人工智能、云计算、大数据、移动互联网、分布式计算和区块链等先进金融科技，公司致力于构建安全可控、普惠民生、开放共赢格局，在关键技术领域服务现代化金融发展大局，更好地为各利益相关方创造更大价值，为大中企业、小微企业以及每个个体提供优质金融服务。,"https://www.zhaopin.com/jobdetail/CC120408370J40369077708.htm?refcode=4019&srccode=401901&preactionid=a7c1140f-c46c-45e5-b867-ab342d8bdc77"
3988,测试工程师,成都-金牛区,5000-10000元·13薪,好壹生(成都)数字科技有限公司,互联网,20-99人,未融资,CCL1506768280J40734781316,岗位内容：  1. 设计通信测试用例并执行测试计划，对测试功能、性能、稳定性等进行全面测试。 2. 编写测试报告和Bug汇报，跟踪Bug的解决过程，并及时反馈BUG情况给研发团队。 3. 参与产品设计和需求评审，提供测试意见和建议。 4. 熟悉自动化测试框架或工具，并进行相关测试工作。 任职要求：  1. 大专以上学历，无相关专业限制，有无测试经验皆可。 2具备较强的测试分析和问题定位能力，能够独立制定测试计划和测试用例。 3. 具备良好的沟通协调能力和团队合作精神。,7月22日,,"https://www.zhaopin.com/jobdetail/CCL1506768280J40734781316.htm?refcode=4019&srccode=401901&preactionid=a7c1140f-c46c-45e5-b867-ab342d8bdc77"
3989,前端开发,北京-丰台区,8000-16000元·16薪,中国钢研科技集团有限公司,"学术/科研,钢铁/有色金属冶炼及加工",1000-9999人,未融资,CC170490510J40726813410,岗位职责:,3月18日,中国钢研科技集团有限公司（简称中国钢研）是国务院国资委直接管理的中央企业。2006年12月，经国务院同意、国务院国资委批准、原钢铁研究总院（创建于1952年）更名为中国钢研科技集团公司，冶金自动化研究设计院（创建于1973年）并入中国钢研科技集团公司。中国钢研是我国冶金行业最大的综合性研究开发和高新技术产业化机构，2009年5月，经国务院国资委批准改制为国有独资公司，设立董事会。中国钢研是国家首批103家创新型企业试点单位之一，是中关村科技园首批100家创新型企业之一，是我国金属新材料研发基地、冶金行业重大关键与共性技术的创新基地、国家冶金分析测试技术的权威机构，在长期的发展过程中，承担了大量863、973、国防军工、自然基金等国家重大项目和课题，在海洋、陆地、航空、航天、核技术等军工领域和国民经济主要行业领域都展示了不凡的研发实力，做出了重要贡献，创造了无愧于时代的业绩。展望未来，作为公益类科技型中央企业，中国钢研将以党的十九大精神为指导，贯彻创新驱动发展战略，全面深化改革，加快转型升级，在新的起点迈出更加坚实的步伐，早日建设成为国际一流的高新材料及科技创新企业集团，携手各界走向美好的明天！,"https://www.zhaopin.com/jobdetail/CC170490510J40726813410.htm?refcode=4019&srccode=401901&preactionid=a7c1140f-c46c-45e5-b867-ab342d8bdc77"
3990,技术支持工程师,杭州-萧山区,1.5-2.5万,杭州广科安德生物科技有限公司,医药制造,300-499人,B轮,CC646847130J40841259415,岗位职责:,5月6日,"杭州广科安德生物科技有限公司( www.cwmda.com)是一家拥有中美两国知识产权，由世界排名第一的肿瘤中心MD安德森的科学家和毕业于清华大学、浙江大学、哈佛大学的科学家们共同创立，并由两家上市公司投资的生物高科技公司。广科安德公司和科研院校紧密合作，专业从事医学早期检测、恶性肿瘤靶向诊断治疗，始终聚焦恶性肿瘤等严重影响人类生命健康的疾病，为人类健康事业发展做贡献。公司坚持以拥有自主知识产权的肿瘤诊疗产品产业化为目标、以国际最前沿的生物医学研究成果为核心、以适合中国国情的诊疗应用平台为基础，始终秉承“科研转化为本、延续生命健康”的理念，持续进行优秀科研成果转化，不断研制具有核心竞争力的肿瘤诊疗技术和产品，将国内外最新诊疗技术成果转化为适合中国国情的临床诊疗产品和应用。公司力争通过引进海外技术项目建设生命健康产业平台,吸引优质科研项目聚集,打造企业核心竞争力，发展成为国际一流、研发能力突出的生物科技企业。公司与MD安德森癌症中心、浙江大学、浙江大学附属医院等多家科研和临床单位开展紧密合作，同时，还与美国赛默飞公司（Thermo Fisher）、日本岛津公司达成全球战略合作协议，在先进医疗设备、技术、人才引进等方面进行全面合作，逐步搭建起国际一流的肿瘤分子诊断产品和分子靶向抗肿瘤药物的研究、开发和应用平台。","https://www.zhaopin.com/jobdetail/CC646847130J40841259415.htm?refcode=4019&srccode=401901&preactionid=a7c1140f-c46c-45e5-b867-ab342d8bdc77"
3991,软件测试,自贡-大安区,5000-7000元,天阳科技,"计算机软件,计算机软件",1000-9999人,已上市,CC120408370J40822510108,1.全国项目驻场测试，主要负责功能、数据或接口等相关测试工作； 2.统招本科学历及以上（学信网可查）；毕业满2年；计算机专业优先； 3.热爱软件测试行业、有强力的自驱力，能够在测试岗位深入学习研究； 4.有无经验均可，服从公司安排，接受公司培养，可接受异地工作优先； 福利待遇： 上市公司、公司可提供住宿、定期体检、带薪年假； 欢迎符合要求的小伙伴们投递~,7月26日,天阳科技(股票代码：300872)，是全球金融创新服务的重要贡献者，持续赋能中国金融行业数字化转型，为客户提供咨询、金融科技产品、金融IT服务、云计算及运营服务。公司成立于2003年，服务超过300家金融行业客户，覆盖中央银行、政策性银行、国有银行、股份制银行、地方性商业银行、非银行金融机构等，员工人数近7000人，成为激活金融领域创新活力、推动金融科技迈入世界领先水平的重要力量。作为金融行业客户可信赖的合作伙伴，天阳科技凭借丰富的行业经验和端到端的专业服务，在信创、数字化金融、信贷、交易银行、信用卡、零售、营销、风险管理、征信监管等众多领域具备核心竞争力。据赛迪和IDC报告显示，近年来公司在中国银行业IT解决方案市场排名强势崛起，2019年收入及市场占有率综合排名分别位列第四位和第五位，并保持高速增长。同时，前瞻商业和科技趋势，入选2021年度未来银行科技服务商TOP100。天阳科技始终聚焦金融科技领域，加大自主创新力度，在超过100个城市建立本地化、专业化的研发和服务团队，拥有CMMI5级认证、软件测试成熟度模型集成（TMMi）3级认证、ISO9001质量管理体系认证、ISO20000信息技术服务管理体系认证、IS027001信息安全管理体系认证。通过部署人工智能、云计算、大数据、移动互联网、分布式计算和区块链等先进金融科技，公司致力于构建安全可控、普惠民生、开放共赢格局，在关键技术领域服务现代化金融发展大局，更好地为各利益相关方创造更大价值，为大中企业、小微企业以及每个个体提供优质金融服务。,"https://www.zhaopin.com/jobdetail/CC120408370J40822510108.htm?refcode=4019&srccode=401901&preactionid=a7c1140f-c46c-45e5-b867-ab342d8bdc77"
3992,测试工程师,南京-秦淮区,7000-9000元,南京婕霓思摄影有限公司,新媒体,20-99人,,CCL1304021420J40789142605,岗位内容：  1. 执行软件测试工作，包括测试用例编写、测试执行、问题跟踪等，确保软件品质。 2. 参与产品设计评审，了解业务需求，提出优化建议。 3. 使用自动化测试工具或开发相应的自动化测试脚本，提高测试效率，缩短测试周期。 4. 持续关注测试领域的新技术和方法，不断提升测试技能和工作效率。 任职要求：  1. 计算机相关专业本科及以上学历，有软件测试工作经验；对于无工作经验但其他能力突出者亦可考虑。 2. 熟练掌握至少一种测试工具、至少掌握一种编程语言，熟知测试原理和方法。 3. 具备良好的逻辑思维能力和分析能力，能够快速定位问题，并给出有效的解决方案。 4. 具备较强的沟通协调能力和团队合作精神，积极主动，具有强烈的责任心和进取精神。,7月23日,,"https://www.zhaopin.com/jobdetail/CCL1304021420J40789142605.htm?refcode=4019&srccode=401901&preactionid=a7c1140f-c46c-45e5-b867-ab342d8bdc77"
3993,测试工程师,沈阳-于洪区,5000-7000元,沈阳航科瑞祥科技有限公司,"船舶/航空/航天/火车制造,计算机软件,计算机硬件,电子/半导体/集成电路",20-99人,未融资,CC823217960J40661765801,"一：职位概述（射频调试经验优先） 助理工程师是指在项目或部门中协助主管工作的技术人员。他们负责支持和执行各种与设计、开发和维护相关的任务，以确保项目按时完成并达到预期目标。 二：职责描述 1. 协助进行产品研发：参与新产品或系统的设计和开发过程，并提供必要的技术支持。 2. 进行室测试：根据需求制定测试计划，收集数据并分析结果，为改进产品性能提供建议。 3. 参与现场调试：配合其他团队成员，在客户现场对设备进行安装调试，并解决可能出现的问题。 4. 编写文档报告：撰写相应文件如工艺文件、测试结果、操作手册、用户指南等；记录关键事件及其解决方案，并编制汇报给上级领导。 5. 提供售后服务支持: 解答客户咨询, 处理投诉反馈, 并跟踪处理流程直至问题得到彻底解决. 6.积极学习专业知识: 关注最新科技动态, 学习公司所用软件/硬件平台. 三：任职资格 1.本科以上学历（电子工程、计算机科学或相关专业）。 2.具备良好的沟通能力和团队合作精神，有较强的问题解决能力。 3.熟悉电子产品设计与开发流程，并掌握至少一种编程语言（如C、C++等）。 4. 具备实验室测试技巧及仪器使用经验者优先考虑。",4月28日,我公司是一家以沈阳飞机设计研究所为依托，以面向总线及航空电子系统设计、产品开发、集成及仿真测试为主要业务的高科技的专业技术公司。公司的主要技术力量大部分来自航空、航天行业中的专业技术人员和专家，有着深厚的专业背景、丰富的实践工程经验和扎实的技术实力。公司的主要成员先后开发过国家多个重点飞机型号的航空电子系统。在MIL-STD-1553B、ARINC429、RS422总线技术方面，公司处于国内领先水平。公司自行研制的规范化、通用化1553B、ARINC429、RS422总线仿真/测试系统更是处于国内外同类产品的领先地位，具有跨行业、跨型号、跨专业、操作简单、使用方便、不用二次开发的特点，可以广泛地应用到航空、航天、船舶等1553B、ARINC429、RS422总线系统中，完成总线系统及其分系统总线数据的设计、仿真与测试。,"https://www.zhaopin.com/jobdetail/CC823217960J40661765801.htm?refcode=4019&srccode=401901&preactionid=a7c1140f-c46c-45e5-b867-ab342d8bdc77"
3994,前端开发,遵义-红花岗区,1000-2000元,贵州兴黔信息科技有限公司,IT服务,20-99人,,CC541175030J40774378507,1. 协助前端团队参与 Web 或移动端页面的开发，根据设计稿实现页面布局和交互效果，确保页面的视觉一致性和良好的用户体验。​ 2. 参与前端代码的编写、调试和优化，学习并运用 HTML、CSS、JavaScript 等基础技术，以及 Vue、React、Angular 等主流前端框架。​ 3. 协助进行前端与后端的数据交互对接，处理接口请求和数据渲染，确保功能的正常实现。​ 4. 参与前端项目的测试工作，收集并反馈测试中发现的问题，协助开发人员进行修复，保证产品质量。​ 5. 学习前端工程化相关知识，如模块化开发、自动化构建、代码规范等，提升开发效率和代码质量。​ 6. 协助整理前端开发文档，包括开发规范、接口说明、组件使用手册等，方便团队成员查阅和后续维护。​ 岗位要求​ 1. 本科及以上学历，计算机科学与技术、软件工程、Web 前端开发等相关专业在读学生。​ 2. 掌握 HTML、CSS、JavaScript 等前端基础知识，了解网页布局和样式渲染原理。​ 3. 对至少一种主流前端框架（Vue、React、Angular）有一定了解，有相关项目实践经验（如个人博客、课程设计等）者优先。​ 4. 了解浏览器兼容性问题，具备一定的跨浏览器开发和调试能力。​ 5. 具备良好的学习能力和逻辑思维，能够快速掌握新的技术和工具，乐于接受挑战。​ 6. 拥有良好的沟通能力和团队协作精神，能够积极融入团队，主动配合完成各项开发任任务。 对前端技术有浓厚兴趣，关注行业动态和新技术发展，有较强的自主学习意愿。,7月16日,"贵州兴黔信息科技有限公司于2017年与遵义市政府签署招商引资协议落地遵义，分别在北京、上海、深圳、福州、成都设立子公司。是一家提供文件数智化整体解决方案的技术服务商。公司集研发、生产、销售于一体,主要产品及服务包括：智能文件柜、AI文件数智服务系统、文件数智服务整体解决方案。产品的应用领域有：公安、检察院、法院、监狱、银行、高校、企事业单位等。2018年获贵州省科技企业认证；2019年获双软认证、国家高新技术企业认证；2020年获AAA级企业认证、贵州省全省百企引领企业认证，研发第一代智能文件柜系统及设备；2021年研发第二代智能文件柜系统及设备；2022年研发超高频芯片技术并应用到第三代智能文件柜；2023年在深圳设立技术研发中心，完成AI文件数字智能系统研发；2024年与哈尔滨工业大学成立ChatGPT研究实验室、与重庆大学成立人工智能实验室。累计获得专利、软件著作权、商标等知识产权120余项。客户案例分布全国13个省份，在北京高院、上海高院、重庆中院、海南高院、广西监狱、广西派出所、遵义退伍军人事务局等地应用均得到客户认可，共积累了300多家客户，并以每年200%的增速扩大全国市场占有率。","https://www.zhaopin.com/jobdetail/CC541175030J40774378507.htm?refcode=4019&srccode=401901&preactionid=a7c1140f-c46c-45e5-b867-ab342d8bdc77"
3995,软件测试,马鞍山-雨山区,6000-8000元,天阳科技,"计算机软件,计算机软件",1000-9999人,已上市,CC120408370J40480063508,1.全国项目驻场测试，主要负责功能、数据或接口等相关测试工作； 2.统招本科学历及以上（学信网可查）；毕业满2年；计算机专业优先； 3.热爱软件测试行业、有强力的自驱力，能够在测试岗位深入学习研究； 4.有无经验均可，服从公司安排，接受公司培养，可接受异地工作优先； 福利待遇： 上市公司、公司可提供住宿、定期体检、带薪年假； 欢迎符合要求的小伙伴们投递~,7月16日,天阳科技(股票代码：300872)，是全球金融创新服务的重要贡献者，持续赋能中国金融行业数字化转型，为客户提供咨询、金融科技产品、金融IT服务、云计算及运营服务。公司成立于2003年，服务超过300家金融行业客户，覆盖中央银行、政策性银行、国有银行、股份制银行、地方性商业银行、非银行金融机构等，员工人数近7000人，成为激活金融领域创新活力、推动金融科技迈入世界领先水平的重要力量。作为金融行业客户可信赖的合作伙伴，天阳科技凭借丰富的行业经验和端到端的专业服务，在信创、数字化金融、信贷、交易银行、信用卡、零售、营销、风险管理、征信监管等众多领域具备核心竞争力。据赛迪和IDC报告显示，近年来公司在中国银行业IT解决方案市场排名强势崛起，2019年收入及市场占有率综合排名分别位列第四位和第五位，并保持高速增长。同时，前瞻商业和科技趋势，入选2021年度未来银行科技服务商TOP100。天阳科技始终聚焦金融科技领域，加大自主创新力度，在超过100个城市建立本地化、专业化的研发和服务团队，拥有CMMI5级认证、软件测试成熟度模型集成（TMMi）3级认证、ISO9001质量管理体系认证、ISO20000信息技术服务管理体系认证、IS027001信息安全管理体系认证。通过部署人工智能、云计算、大数据、移动互联网、分布式计算和区块链等先进金融科技，公司致力于构建安全可控、普惠民生、开放共赢格局，在关键技术领域服务现代化金融发展大局，更好地为各利益相关方创造更大价值，为大中企业、小微企业以及每个个体提供优质金融服务。,"https://www.zhaopin.com/jobdetail/CC120408370J40480063508.htm?refcode=4019&srccode=401901&preactionid=a7c1140f-c46c-45e5-b867-ab342d8bdc77"
3996,C/C++,北京-海淀区,1.8-2.8万,易通星云(北京)科技发展有限公司,"IT服务,互联网,计算机软件",100-299人,,CC589991720J40776708207,1. 本科 10年以上综合工作经验，纯 C++五年以上; 2. 掌握 C++面向对象编程和常用设计模式: 3. 掌握 C++标准库使用及底层数据结构: 4. 熟悉 windows 平台下的 COM 编程; 5. 熟悉 windows 下 socket 编程 6. 熟悉 C++多线程操作，锁操作，资源同步； 7. 熟练使用 vs 等 IDE 进行代码工程化管理及调优、调试; 8. 熟练使用 cmake 等工具对第三方库进行裁剪编译，并掌握第三方库加载和使用 9. 需具备解决内存泄露能力和避免泄露习惯; 10. 熟悉 C++单元测试。,7月24日,"易通星云简介易通星云（北京）科技发展有限公司（以下简称“易通星云”）是一家专注于北斗移动智能硬件产品与服务的民营企业，主营业务为车/船载智能终端、穿戴式智能装备、高精度无缝定位智能模组研制销售，以及智能位置服务平台运营。易通星云总部设在北京，研发中心设在成都，云平台应用设在长沙，团队核心成员均拥有10年以上的卫星应用、无线通信或移动互联网相关领域的经验，有较强的运营规划、产品研发和技术攻关能力。产品与服务建成高精度智能位置服务平台，开展基于该平台的移动智能硬件的服务运营，主要面向旅游景点数字导览、自驾游和探险游应急搜救、旅游大巴车监管与信息服务、高速公路电子收费、环卫车辆综合管理以及GPS/BDS RTK在位移监测等应用场景，提供北斗智能终端设备和相关服务。市场资源建立与中国交通建设集团的良好合作关系，形成覆盖长途车、出租车的渠道；建立与国家旅游局规划财务司、市场监管司、信息中心、旅游协会和安徽、陕西、浙江、贵州四省旅游局的良好合作关系，形成覆盖全国各景区的渠道，尤其与安徽、陕西、浙江和贵州有较强的影响力。建立了中国交通建设集团、中国航天科工集团、北京交通大学和电子科技大学合作申报项目补助的渠道，可通过上述渠道直接向国家各大部委申报资金补助，避开在北京市的竞争。同时，易通星云还具备联合央企召开院士评审会共同论证申报国家重大项目的能力和条件。此外，易通星云还是北京市中关村绿色出行创新联盟常务理事单位，具备向北京市中关村管委会、北京市科委申报项目，且通过中关村管委会到全国数百家科技产业园落户和获得优惠政策的便利条件。技术成果研发了用于集中展示北斗亚米级定位技术、高速短程无线自组网技术、移动智能网关技术、OBDII数据采控技术、高精度导航技术等共性关键技术的实验演示系统，完成了拓展长途大巴车、出租车、租赁车、旅游大巴车、汽车分时租赁、高速公路电子收费等业务市场所需的手机APP、服务平台等基础技术条件，且已完成了10多项知识产权的申请工作。易通星云秉承“集中力量办大事，联合起来求发展”的合作理念、遵循“仰望星空，脚踏实地，瞄准目标，小步快跑”的做事方法、坚持按“立功、立德、立言”的用人标准开展经营管理活动,努力推动中国北斗系统在全球的民用产业化进程。","https://www.zhaopin.com/jobdetail/CC589991720J40776708207.htm?refcode=4019&srccode=401901&preactionid=a7c1140f-c46c-45e5-b867-ab342d8bdc77"
3997,实施工程师,嘉兴-平湖市,9000-18000元,青岛安然物联网科技有限公司,"物联网,物联网",20-99人,未融资,CC559764920J40823803904,需要弱电技术、自动化、安防系统、工业互联网+危化安全生产、物联网人才，不要纯软件人才。  你能经常到全国各地出差吗？你能到工业生产现场生产现场做技术支持吗？   真正的奋斗者在安然会有让人值得为之奋斗的事业，会有充实、高效的成长，会有高人一等的收入。   你能做好售前技术支持、根据客户需求，高效制作方案吗？你能做好售中技术支持、指导他人正确安装、部署、调试系统向用户保质保量快速交付吗？你能做好售后维护，高效沟通和落实客户需求吗？   迄今已服务中石化、中石油、延长石油、国能、兖矿、京能、索普、新安、奇美、昊源、潞安、旭阳、垦利、逸盛、海科、酒钢、金发等几百家石化、化工、选煤、钢铁、电厂企业。    安然以客户为中心，以强者为本，抬头乐干，愿意与同道中人联合、链接，携手共建、共用、共享生产安全命运共同体，一起干，一起干，让优秀企业更安全，让优秀企业更高效！,7月22日,基于精准人员定位的工业安全生产信息化管理专家，安全生产信息化管理引领者！作为全国实时定位技术标准工作组成员和应急管理部“工业互联网+危化安全生产”人员定位系统技术支持机构，安然从2012年起致力于基于ZigBee Plus三维立体按需精准定位的“工业互联网+安全生产”的研究，获得了20多项安全智能管控系统发明专利和著作权，持续引领中国化工行业生产现场智慧安全！安然以“准、稳、狠”的ZigBee Plus三维立体按需精准人员定位统和“底数清、数据准、情况明、研判准、措施实”的安全生产信息化平台为核心，整合访客管理、出入口控制、人脸识别、视频监控、语音广播、重大危险源监控、可燃有毒气体监测等系统，对生产现场人、机、料、法、环五大要素进行实时、动态、智能管控和预警，规范人的安全行为，保障人的生命安全，有效防范风险、主动化解风险，实现智慧安全。安然“以用为本”，把安全生产信息化建设与公司管理体系“深度融合”，把安全生产信息化建设与日常工作“紧密结合”，对安全生产切实“有用、实用、好用”，避免建用“两张皮”，让安全管控更智能，让生产更高效才实用。迄今已服务中石化、中石油、延长石油、国能、兖矿、京能、索普、新安、奇美、昊源、潞安、旭阳、垦利、逸盛、海科、酒钢、金发等几百家石化、化工、选煤、钢铁、电厂企业。安然以客户为中心，以强者为本，抬头乐干，愿意与同道中人联合、链接，携手共建、共用、共享生产安全命运共同体，一起干，一起干，让优秀企业更安全，让优秀企业更高效！,"https://www.zhaopin.com/jobdetail/CC559764920J40823803904.htm?refcode=4019&srccode=401901&preactionid=a7c1140f-c46c-45e5-b867-ab342d8bdc77"
3998,技术支持工程师,北京-海淀区,6000-10000元,北京米速测控技术有限公司,电子/半导体/集成电路,20-99人,,CC848782520J40118987214,岗位职责  1、负责卫星导航及惯性导航产品的测试及深入研究；,6月10日,北京米速测控技术有限公司是一家专注于卫星导航及惯性测量行业的高技术企业，公司主要从事卫星导航产品、惯性测量产品销售与技术开发工作。公司秉承以“为客户提供最好的产品、最好的服务”的经营理念，始终坚持“客户的满意是我们行动的方向”的行事方针，诚信经营，科技创新，始终致力于为客户提供高性价比的产品和优质全面的技术服务。,"https://www.zhaopin.com/jobdetail/CC848782520J40118987214.htm?refcode=4019&srccode=401901&preactionid=a7c1140f-c46c-45e5-b867-ab342d8bdc77"
3999,硬件测试,青岛-黄岛区,9000-16000元,中电科思仪科技股份有限公司,仪器仪表制造,1000-9999人,,CC309122380J40707224902,一、岗位职责： 1、专业技术岗位，主要负责微波毫米波整部件和太赫兹整机调测； 2、负责微波部件、组件的维修和维护； 3、负责整件调测平台的设计及实施完善； 4、负责与微波部、组件相关的其它工作。 二、岗位要求： 1、本科及以上学历，电子工程、自动化、通信工程、计算机、测控技术与仪器等相关专业； 2、应届生，有相关领域公司或研究所工作经验者优先； 3、具有数字、模拟电路、通信、软件编程等基本理论知识； 4、精熟练使用OFFICE等基础办公软件；具有CAD图纸文件的熟练阅读和理解能力；熟练使用示波器、万用表；有信号源、频谱仪和矢网使用经验者优先； 5、具有良好的沟通能力和团队合作精神； 6、能服从工作安排，具有较强的执行力。,2月28日,中电科思仪科技股份有限公司（简称“电科思仪”）是中国电科集团下属股份制企业，本部位于山东青岛，拥有一支从事电子测量仪器、自动测试系统和器部件产品研究、开发、设计的专业技术队伍，具有较强的研发、生产、测试和试验验证能力。“电科思仪”致力于电子测试前沿技术的探索和研究，实现了高端重大科学仪器和通用电子测量仪器的一系列重大技术突破，特别是在微波毫米波、光电、通信、基础测量以及相关技术领域，达到国内领先、国际先进水平。“电科思仪”面向全球市场提供拥有自主知识产权的、覆盖高中低端的、系列化的电子测量仪器和器部件产品，同时通过软件开发与系统集成，为用户提供“量身定做”的自动测试解决方案。“电科思仪”研发生产的电子测量仪器、自动测试系统、器部件等产品，广泛应用于卫星、通信、导航、雷达、科研、教育等领域，并为载人航天、探月、北斗、光纤通信、移动通信、大飞机制造等国家重大工程提供测试保障，深受广大用户一致好评和信赖。“电科思仪”始终秉承“服务客户、创造价值”的经营理念，以电子测量仪器研发为核心，以全面服务为业态，与国内外同行合作共赢，努力建设测试测量领域具有全球竞争力的世界一流企业，为保障国家安全、为促进经济社会发展不断做出新的更大的贡献。,"https://www.zhaopin.com/jobdetail/CC309122380J40707224902.htm?refcode=4019&srccode=401901&preactionid=a7c1140f-c46c-45e5-b867-ab342d8bdc77"
4000,技术支持工程师,北京-丰台区,7000-12000元,北京新兴华安智慧科技有限公司,"IT服务,计算机软件",100-299人,未融资,CC138837880J40751524305,岗位工作内容： 1、从事确权登记、资产清查、水资源调查等业务相关工作； 2、 按照项目需求，负责原始数据处理整合、数据库建设、图件编绘、统计分析等内业工作和外业调查、航空摄影测量等外业数据采集工作； 3、按照项目需求，参与售前文件、技术方案和验收材料等文字材料的编写。 4、参与新业务研究或课题型项目的实施  5、领导安排其它工作内容。     任职要求：  ◆学历/专业:硕士及以上学历，地理信息(GIS)、摄影测量与遥感、土地资源管理、测绘工程等相关专业。  ◆工作经验（含行业经验）:0年-3年相关领域工作经验。（可接受应届生）  ◆技能/素质要求:  1、能够熟练使用ArcGIS、主流航空摄影数据处理软件等；  2、能够接受出差工作安排；  3、拥有自然资源统一确权登记、自然资源资产清查、水资源调查和航空摄影相关项目经验者优先；,6月13日,"新兴华安创始于2000年，是在测绘地理信息、国土规划设计、不动产服务三个领域内具有一定影响力的品牌企业。总部座落在北京商业核心区，办公面积1000余平方米，依托首都北京为战略基地,业务遍布全国十余个省市。新兴华安具有综合测绘甲级、土地规划甲级等多项专业资质，是国家高新技术企业,通过ISO9001质量管理体系、ISO14001环境管理体系、OHSAS18001职业健康安全管理体系认证。2014年荣获首届中国地理信息产业百强企业荣誉称号。十多年来，新兴华安业务飞速发展，完成了百余项国家、北京市重点测绘地理信息项目；参与了国家三大平台“数字城市、地理国情普查、天地图”等建设工作；在全国第二次土地调查、新一轮土地利用总体规划修编、土地整治规划、农村集体土地确权登记发证等工作中，完成的项目在数量、质量等方面均名列前茅，并承担了多个国家、省、市级的试点项目；在长期的实践中积累了丰富的经验，具备承担各种大型、特殊、复杂项目的能力。我们服务的客户包括国土资源、城乡建设、规划、交通、市政、水利、能源等部门；知名房地产集团；大型国有企业；高等院校以及部队系统等，遍布全国十余省市，并呈现出快速扩张态势。新兴华安技术力量雄厚，拥有一支由注册测绘师、规划师、估价师、房地产经纪人等高素质专业人员组成的队伍，员工200余人，其中中高级职称近60人，硕士以上学历50余人，注册测绘师多人。拥有各类精密仪器和设备200余台（套）。多个项目被评为“优秀项目”、“科技进步奖”，是北京市竣工测量指定单位之一，是中国房地产业协会等多个组织的理事单位，曾多次获邀为政府相关部门提供技术支持和决策依据。新兴华安多年来一直秉承“诚信立身、共赢存远”的经营理念，坚持“用专业创造核心价值，以服务铸造一流品牌”的企业精神，励志为广大客户提供多层次、全方位的专业化服务。雄厚的实力、优质的服务、良好的信誉以及多年来取得的累累硕果，获得了社会各界的一致认可。经营理念：诚信立身、共赢存远企业精神：用专业创造核心价值，以服务铸造一流品牌战略目标：打造测绘地理信息、国土规划设计、不动产服务领域全国知名品牌华安“家”文化：员工与企业共同创造、共同成长、共同分担、共同分享。打造一个富而有爱的企业。","https://www.zhaopin.com/jobdetail/CC138837880J40751524305.htm?refcode=4019&srccode=401901&preactionid=a7c1140f-c46c-45e5-b867-ab342d8bdc77"
