id,job_name,address,salary_range,company_name,industry,company_size,company_type,job_code,job_detail,update_date,company_detail,job_url
4001,C/C++,西安-雁塔区,1.5-3万·16薪,陕西慧云联达企业管理咨询有限公司,人力资源服务,20-99人,不需要融资,CCL1445845820J40754802105,职位描述： 1.负责公司核心产品的C/C++开发工作，主导系统的架构设计和技术选型； 2.深入研究和解决项目中的技术难题，提升系统的性能和稳定性； 3.参与制定编码规范，推动代码质量和开发效率的提升； 4.指导初级开发人员，提升团队整体技术水平； 5.跟踪C/C++领域的前沿技术，为团队提供技术支持和创新思路。 职位要求： 1.统招本科及以上学历； 2.精通C/C++编程，对底层原理和系统性能优化有深入理解； 3.具备丰富的系统设计和架构经验，能够独立完成复杂系统的开发工作； 4.熟悉多线程、网络通信、内存管理等关键技术； 5.具备出色的分析问题和解决问题的能力，良好的团队合作精神和领导力。,4月29日,陕西慧云联达企业管理咨询有限公司成立于2022年9月，是一家集高端猎头服务与专业代理记账报税业务于一体的综合性企业服务提供商。自成立以来，我们秉承“智聚英才，财通未来”的企业理念，致力于为国内外企业客户提供精准高效的人力资源解决方案及一站式财务管理服务，助力企业稳健成长，共创辉煌。,"https://www.zhaopin.com/jobdetail/CCL1445845820J40754802105.htm?refcode=4019&srccode=401901&preactionid=a7c1140f-c46c-45e5-b867-ab342d8bdc77"
4002,科研人员,徐州-泉山区,1.2-1.8万,江苏武雄展教育咨询有限公司,培训/辅导服务,300-499人,不需要融资,CCL1491247220J40821199515,1）工作内容： 负责讲授先进医疗技术相关课程，如精准医疗、远程医疗、医疗机器人等 同时开展人工智能在医疗领域应用课程，像医疗影像识别、疾病预测模型等； 精心备课，采用多样化教学方法，做好作业批改与学生答疑。 2）课程建设与教研： 结合医学与人工智能前沿进展，开发创新课程内容，更新教学案例，如引入最新的智能诊断算法、智能手术机器人应用实例 设计并优化实践教学环节，提升学生动手能力与解决实际问题的能力。 在先进医疗与人工智能交叉领域开展科研工作，申请科研项目，探索智能医疗新方法、新技术；发表高质量学术论文，参与国内外学术会议，提升学术地位与影响力 3）学生指导： 引导学生参与科研项目、学术竞赛以及毕业设计，培养学生创新思维与实践能力 指导学生将人工智能技术应用于医疗场景，解决实际医疗问题。 定期对学生进行理论与实践考核，通过考试、项目评估、实验报告等方式全面评价学生学习效果；根据评估结果，持续改进教学方法与内容。 4）任职要求 医学信息学、生物医学工程、计算机科学与技术（医疗人工智能方向）等相关专业博士学位，条件优秀的硕士可考虑。 掌握医学基础知识，熟悉临床医疗流程；精通人工智能技术，如机器学习、深度学习算法；熟练使用Python、R等编程语言以及TensorFlow、PyTorch等深度学习框架；具备医疗数据分析、处理与建模能力。 具备出色的教学表达与沟通能力，能将复杂的医学与人工智能知识深入浅出地传授给学生；有教学经验者优先，能够运用现代教育技术开展互动式教学。 以第一作者或通讯作者身份在先进医疗与人工智能领域发表过学术论文；主持或参与过相关科研项目，具有较强的科研创新能力。 有团队合作精神，能积极参与教学与科研团队建设；热爱教育事业，责任心强，具有良好的职业道德与敬业精神。 作息时间： 周内双休，每周工作时间不超过38小时；单日工作时间不超过8小时； 薪酬福利 1、缴纳五险一金（养老保险，医疗保险，失业保险，工伤保险，生育保险，公积金）； 2、员工享有婚假，丧假，产假等带薪假期、节日福利，团建聚餐等； 3、完善的教学技能、职业素养培训及晋升空间等 职位福利：五险一金、全勤奖、餐补、定期体检、定期团建、节日福利,7月27日,公司简介：徐州雄展教育集团经教育局批准成立。在校生10000余人次，是徐州地区知名度最高的高中、初中、小学培训机构之一。雄展教育目前有10所校区，拥有近300多名专于教学、精于教研的全职教师团队，教材立足于自主研发、体系立足于教学大纲、教学立足于分层分级，多年来取得了优异的培训效果，受到学生和家长的一致好评。连续多年荣获徐州市315民办教育红榜诚信办学单位。超越期待，是雄展教育给学员和家长的庄严承诺！,"https://www.zhaopin.com/jobdetail/CCL1491247220J40821199515.htm?refcode=4019&srccode=401901&preactionid=a7c1140f-c46c-45e5-b867-ab342d8bdc77"
4003,C/C++,赣州-信丰县,8000-13000元,绿萌科技股份有限公司,"电气机械/电力设备,农/林/牧/渔",1000-9999人,A轮,CC671692220J40604066112,职责描述： 1、参与软件系统的需求调研和需求分析，设计、开发等过程； 2、负责UI界面设计、交互方式的开发；根据需求完成跨平台的开发或移植； 3、解决研发过程中的关键问题和技术难题，维护开发文档； 4、完成领导安排的其它工作； 任职要求： 1.本科及以上学历，计算机软件相关专业专业； 2.熟练使用.NET、C#、WPF等技术开发软件；对面向对象、设计模式及、NET平台有深入的理解;熟悉QT开发优先； 3.具有良好的需求分析能力和编码风格，能承担较大工作压力。 4.具备良好的沟通、协作能力，工作态度认真负责，有进取心，有强烈的责任感和良好的团队合作精神,7月25日,绿萌创立于2001年，是中国领先的果蔬采后处理装备整体解决方案，国家高新技术企业、国家重点“小巨人”企业。公司联合中科院微电子所、华中农业大学等，应用机器视觉、高光谱、人工智能、大数据、绿色保鲜等先进技术，研制的果蔬采后智能装备核心技术达国际领先水平，被邓院士评价为我国农机领域唯一能够参与国际竞争并取得领先优势、实现规模化出口的成果。,"https://www.zhaopin.com/jobdetail/CC671692220J40604066112.htm?refcode=4019&srccode=401901&preactionid=a7c1140f-c46c-45e5-b867-ab342d8bdc77"
4004,科研人员,无锡-滨湖区,2-4万,无锡益企科技企业服务有限公司,人工智能,100-299人,,CCL1284178800J40680493602,1.在海外高水平大学即将获得博士学位，或有海外博士后经历的优秀博士生，新一代信息技术、生物医药、新材料、新能源、集成电路、人工智能、高端装备制造等专业，科研成果突出。 2.品学兼优、身心健康，年龄一般不超过 35 岁。 3.具有较强的团队合作精神，进站研究计划需与合作导师的科研课题或者研究专长相关；具有较高科研热情、较强英文读写与交流的能力。 4.有海外学历背景优先。,4月7日,,"https://www.zhaopin.com/jobdetail/CCL1284178800J40680493602.htm?refcode=4019&srccode=401901&preactionid=a7c1140f-c46c-45e5-b867-ab342d8bdc77"
4005,C/C++,北京-海淀区,1.3-2.6万,外企德科数字技术有限公司,专业技术服务,10000人以上,,CCL1480117890J40733751005,岗位要求: 1、统招本科及以上学历，双证齐全(学信网可查） 2、掌据C/C++/Java/python/Go/JS一种或多种编程语言，热爱编程 3、掌握常用的数据结构、数据算法。 岗位优势： ①大厂市场领先且稳定的薪酬福利收入(根据面试能力评价等定级定薪) ②个人编程能力的快速学习提升(导师6个月带教) ③行业前沿的技术框架(不用担心未来如果换工作技术框架不适用) ④行业领先的产品研发项目管理流程、编码规范培训、纯粹的工程师氛围(您要相信，和优秀的人一起工作，您也必定变得更优秀) 公司福利: 1.入职即缴纳五险一金+商业险，全额缴纳社保及公积金 2.一年数次考评，薪资、职级可上浮 3.带薪年假5-15天 4.免费夜宵，城际班车，舒适的办公环境 5.免费健身房，各种娱乐活动(可自行选择是否参加，不参加就早点下班哦）,2025-07-27 00:23:29,外企德科数字技术有限公司是一家2023年新成立的中外合资企业。成立于2023年11月24日，公司定位：专注于为信息技术企业提供人才及数字技术外包解决方案的中外合资企业。它是由中国人力资源服务行业的FESCO（北京国际人力资本集团）与全球人力资源服务领导者The Adecco Group（德科集团）合资成立的。公司主要提供网络技术服务、软件外包服务、计算机系统服务、技术进出口、软件开发等信息技术相关服务。专注于为信息技术企业提供信息技术类人才及数字技术外包解决方案。,"https://www.zhaopin.com/jobdetail/CCL1480117890J40733751005.htm?refcode=4019&srccode=401901&preactionid=a7c1140f-c46c-45e5-b867-ab342d8bdc77"
4006,Java,北京-朝阳区,150-200元/天,中惠元景,"新能源,环保,新能源,电力/水利/热力/燃气",20-99人,已上市,CC452179420J40815672903,​实习岗位！,7月21日,中惠元景能源科技（北京）股份有限公司是一家国内“新三板”上市公司。作为建筑节能行业的领军企业，公司获得的资质包括：国家和中关村双高新企业、北京市专精特新企业、中关村瞪羚企业、双软企业、国家及工信部重点推广技术单位、建筑领域AAAA级单位、国家发改委备案企业、ISO质量管理三体系认证、节能服务5A级企业、中国节能协会节能服务产业委员会优秀会员单位等。拥有多项发明及软著知识产权。公司多年来一直专注于建筑行业的节能减碳，绿色能源的供应，拥有数十项自主的节能降效相关知识产权，并与住建部、中国建筑标准化研究院中国质量中心共同参与了制定建筑节能量认定和节能减排量认定等多项行业标准。已为众多世界500强企业提供了节能服务，具有资深的行业背景。公司定位：提供建筑物综合能源解决方案和绿色运营的技术型专业能效公司。公司的技术路线公司通过综合能效技术（产品+工程+结构）的提升来降低能源消耗，具体从以下几个方面考虑：@智能管理：通过智能优化管理，提高设备的运行效率，降低低能源消耗；@余热利用：综合回收利用余热，如中央空调余热回收，锅炉的烟气的回收，污水的余热回收等，提高能源利用效率；@新能源应用：如太阳能光伏、光热应用、空气源热泵、水源热泵，地源热泵。@峰谷平电价的综合利用，比如消防水池，储能等应用。@优惠售电：采用多种方式通过向电力市场购电，并将所购电量优惠向用户供应，电费规模在500万度以上商业模式 1：对于既有建筑采用能源托管服务（T-O）：根据项目方前三年能耗的平均数作为托管基数，公司通过对项目能耗设备系统优化、设备的投入和智慧能源管理平台的建设，在不改变原有设备的前提下，降低项目方的用能成本并提高管理水平，以节能降费获取项目投资的回收和双方的收益，年限为15年。 2：对于新建筑采用投资建设运营模式（B-O-T）：通过对项目方进行投资建设能源站并进行高效运行为用户供冷、供暖、供热水等，按照相关规定收取费用以收回投资并取得利润，年限为30年。目前主要针对医院、高校、公共机构等建筑物的中央空调、供热锅炉的节能增效服务。公司有自己的核心技术产品：能源管理服务云平台，一站式后智慧勤管理运维系统，能效管理机器人，智慧恒温控制装置等软硬件能效设备。在国家双碳建设风口来临之际，诚邀有识之士共享企业发展红利！,"https://www.zhaopin.com/jobdetail/CC452179420J40815672903.htm?refcode=4019&srccode=401901&preactionid=a7c1140f-c46c-45e5-b867-ab342d8bdc77"
4007,测试工程师,苏州-虎丘区,1.2-1.8万·14薪,英威腾,"工业自动化,工业自动化",1000-9999人,已上市,CC134263690J40773496507,岗位职责:,7月14日,​关于英威腾深圳市英威腾电气股份有限公司（以下简称英威腾），国家火炬计划重点高新技术企业，专注于工业自动化和能源电力领域，拥有完整的研发、销售、供应链和服务平台，是行业的主流供应商之一。英威腾成立于2002年，2010年在深交所A股上市，股票代码：002334。英威腾拥有15家控股子公司，4个大型生产工厂，员工人数超4000人，深圳福永工业园及苏州科技产业园产能达300万台/年。英威腾拥有11个研发中心，1300多件授权专利证书，200多件软件著作权证书，实验室拥有国内工控行业TÜV SÜD颁发的ACT资质，并通过UL目击实验室及CNAS国家实验室认证。英威腾海内外设有40余家分支机构、600多个渠道合作伙伴，营销和服务网络遍布全球100多个国家和地区。英威腾业务覆盖工业自动化、新能源汽车、网络能源等主要领域。工业自动化：产品主要包括变频器、伺服系统、电机、控制器、人机界面、传感器、电梯驱动系统、工业互联网等。网络能源：产品主要包括 UPS、精密空调、供配电、动环监控、机柜、冷热通道等，产品广泛应用于云数据中心、能源电力、制造业、交通、市政、医疗卫生、影视传媒、体育赛事等。光伏储能：产品主要包括并网逆变器、离网逆变器、储能逆变器等，广泛应用于国内和海外的商用和户用市场。新能源汽车：产品主要包括各类电机控制器、车载电源、充电桩及各类集成控制器，产品成熟应用于新能源客车、物流车、环卫车、乘用车等各类车型。​福利待遇广阔的发展空间——上市公司完善的治理制度保障职业的规范发展、提供双通道的发展路径，并配有专业的职业规划导师，为职业的发展保驾护航。优厚的福利待遇——年终奖、合理化建议奖、“五险一金”、带薪年假、节日礼品、婚育关爱、病伤关爱、生日关爱，各种奖金关爱根本停不下来，拿到手软。完善的培养机制——一对一的导师带你飞，帮你从校园向社会的过渡，内部专题培训、户外素质拓展、外派考察学习、英威腾学院、企业大学，绝对会觉得是在带薪学习。多彩的才艺平台——会定期&不定期举办篮球、羽毛球、乒乓球PK赛，吸引一大堆迷妹的绝佳机会，部门会举办各种团建活动。……………………………公司网址：www.invt.com.cn公司地址：深圳市光明区马田街道薯田埔社区科杰四路英威腾光明科技大厦E-MAIL：hr@invt.com.cn,"https://www.zhaopin.com/jobdetail/CC134263690J40773496507.htm?refcode=4019&srccode=401901&preactionid=a7c1140f-c46c-45e5-b867-ab342d8bdc77"
4008,测试工程师,合肥-庐阳区,1-1.2万·13薪,青岛瑞晟元人力资源有限公司,人力资源服务,20人以下,不需要融资,CCL1431271280J40778348407,岗位职责： 1. 负责软件的功能测试。 2. 执行测试用例，报告缺陷并跟踪缺陷的修复。 3. 与开发团队协作，确保软件质量满足需求。 4. 参与软件测试流程的优化和改进。 岗位要求： 1. 熟悉软件测试理论、方法和流程。 2. 具备功能测试经验。 3. 了解运维工程师、网络工程师的工作内容，能进行基本的IT质量管理。 4. 有信息技术、标准化、电子或电路工程相关背景者优先。 薪资待遇：包住、六险一金、工龄工资、生日礼金、定期体检、带薪年假、绩效奖、项目奖、年终奖.,2025年07月30日,,"https://www.zhaopin.com/jobdetail/CCL1431271280J40778348407.htm?refcode=4019&srccode=401901&preactionid=a7c1140f-c46c-45e5-b867-ab342d8bdc77"
4009,科研人员,南京-栖霞区,1.5-2.3万,国信蓝桥数字科技(天津)有限公司,学校/学历教育,100-299人,,CCL1504714850J40768960010,学历：硕士及以上  专业：航空航天、物理、化学化工、计算机、数学、环境、地球科学与工程学、人工智能等相关专业,7月25日,,"https://www.zhaopin.com/jobdetail/CCL1504714850J40768960010.htm?refcode=4019&srccode=401901&preactionid=a7c1140f-c46c-45e5-b867-ab342d8bdc77"
4010,C/C++,北京-海淀区,6000-8000元,北京佳思乐创科技有限公司,电力/水利/热力/燃气,20-99人,未融资,CCL1281739110J40709594911,岗位职责： 1、负责与公司产品配套软件的设计与开发工作； 2、进行软件需求分析，搭建软件框架，用户界面及通讯接口设计； 3、负责软件相关技术文件编写； 4、负责解决软件开发过程中的技术问题； 任职资格： 1、对物联网等通信网络技术熟悉，有物联网平台开发经验者优先；对物联网接口通讯协议熟悉者优先； 2、计算机、软件工程、电子信息等相关专业 3、熟练掌握C++编程语言，熟悉VS或QT、SDK开发环境，熟悉STL/MFC/QT等； 4、熟悉Windows下多线开发，熟悉进程间通讯及同步机制，熟悉TCP/IP通讯，socket编程等； 5、熟悉SQL语法和数据库编程，掌握至少一种数据库的开发； 6、具有良好的设计习惯和代码架构规范； 7、工作主动性强，具有良好的沟通、协作和执行能力，有团队精神；,6月20日,北京佳思乐创科技有限公司成立于2014年，注册资本金5000万元，生产地位于北京民营企业。公司成立后逐步取得了质量管理体系、职业健康安全管理体系、环境管理体系的认证，以及信息安全领域的多项软件著作权。主营业务为提供电网类设备整体解决方案，包括但不限于网络安全装置、电网配电柜、打印机、服务器等，涵盖打印机、服务器、台式机、笔记本的研发设计以及生产，如思质（SIZHI）品牌一系列的办公设备。公司是国内信创产品的先进设计单位，是国内自主可控 PC、打印机、服务器领域领先的解决方案提供商，是办公整机的产业链，为客户提供涵盖安全的软件开发、安全可控的解决方案、维护服务以及安全系统集成在内的一整套信息化服务，用户涉及政府、军队军工、金融、能源等重要行业数千家单位，成功部署数万终端。目前公司产品体系已经完成“信息安全、自主可控”格局的打造。,"https://www.zhaopin.com/jobdetail/CCL1281739110J40709594911.htm?refcode=4019&srccode=401901&preactionid=a7c1140f-c46c-45e5-b867-ab342d8bdc77"
4011,测试工程师,上海-杨浦区,1.3-1.8万·13薪,方得(青岛)人力资源有限公司,咨询服务,20-99人,,CCL1462672470J40736803516,岗位职责： 1. 负责软件的功能测试。 2. 执行测试用例，报告缺陷并跟踪缺陷的修复。 3. 与开发团队协作，确保软件质量满足需求。 4. 参与软件测试流程的优化和改进。 岗位要求： 1. 熟悉软件测试理论、方法和流程。 2. 具备功能测试经验。 3. 了解运维工程师、网络工程师的工作内容，能进行基本的IT质量管理。 4. 有信息技术、标准化、电子或电路工程相关背景者优先。 薪资待遇：包住、六险一金、工龄工资、生日礼金、定期体检、带薪年假、绩效奖、项目奖、年终奖.,7月28日,,"https://www.zhaopin.com/jobdetail/CCL1462672470J40736803516.htm?refcode=4019&srccode=401901&preactionid=a7c1140f-c46c-45e5-b867-ab342d8bdc77"
4012,实施工程师,嘉兴-海宁市,5000-10000元,浙江奈腾科技有限公司,"汽车研发/制造,汽车4S店/经销商",20-99人,未融资,CCL1350157640J40547188113,"岗位职责 1、负责海外新能源车型的客户服务、技术支持和培训： 2、实时对接处理客户反馈的产品质量、技术问题，及时提供解决方案和措施； 3、出差至海外各国家，对客户进行现场技术培训指导、售后服务。 4、全面学习了解公司产品，与各部门协作，定期进行质量问题反馈、跟进和解决。 5、整理反馈问题点，形成过往矫正经验措施，不断提升客户满意度 6、负责提供客户需要的各类技术文件、问题分析、解决对策 7、领导交办的其他工作事项 职位要求 1、本科及以上学历，机械、电子、车辆工程、电化学等相关专业优先； 2、良好的英语听、说、读、写能力，英语六级及以上，能适应海外出差； 3、对于汽车行业有一定认识，行业认同度高，有志于汽车行业长期发展； 4、性格乐观、开朗，具备优秀的执行力、沟通能力和抗压能力; 5、善于沟通和表达，逻辑思维强，及抗压能力； 6、崇尚团队协作，具备积极进取的工作态度。 上班时间：8：30-5：30,双休 公司地址：海宁市长安镇创智路9号6栋（杭州和海宁交界，下沙附近） 福利：五险一金、餐补、全勤奖、带薪年假、节日福利",3月26日,浙江奈腾科技有限公司成立于2021年，公司位于中国浙江省嘉兴海宁市长安镇，为中国、新加坡、意大利合资企业。浙江奈腾科技（奈腾中国）为中外合资公司，，致力于新能源商用车整车的自行研发、设计，生产制造及出口与服务，旨在为全球客户提供清洁且高效的货物配送车辆解决方案。公司立足长远，放眼市场需求，凭借国际化的市场策略和专业优秀的团队，已经完成多款新能源车研发投产，产品远销国际30多个国家和地区，建立了超50个售后服务网络和渠道，注册品牌为Nextem+，在新加坡、德国、意大利都设有分部。其中，奈腾意大利（Nextem Italia）控股股东为意大利最大的物流公司 BRT Logistics，自有物流车 2万台，拥有欧洲完善的物流网络体系。,"https://www.zhaopin.com/jobdetail/CCL1350157640J40547188113.htm?refcode=4019&srccode=401901&preactionid=a7c1140f-c46c-45e5-b867-ab342d8bdc77"
4013,技术支持工程师,潍坊-潍城区,7000-12000元,山东悍沃农业装备有限公司,专用设备制造,500-999人,不需要融资,CCL1230420440J40918329604,岗位内容：     技术服务支持    ,6月4日,豪悍新动能智沃新农业山东悍沃农业装备有限公司是一家致力于农机装备研发、生产、销售于一体的智能制造企业，公司位于山东潍坊，占地 600亩，总投资10亿元。主要产品包括：30-260马力拖拉机、玉米收获机及秸秆捡拾方型及圆型打捆机。2021年实现销售收入10亿元，跻身全国农机装备产业第一梯队。 2021年，悍沃被认定为“高新技术企业”，企业研发中心被认定为“潍坊市企业技术中心”，该中心主导设计的悍沃大马力拖拉机荣获“山东省长杯工业设计大赛三等奖”。悍沃牌拖拉机荣获“第11/12届全国农机用户满意品牌”称号，企业投身公益事业先后被评为“抗灾救灾先进单位”等。科技悍沃，创新引领发展。悍沃瞄准当下，心向未来，将产品的设计、研发、制造牢牢抓在自己手中，组建了业内独有的工业设计团队，实现了所有零部件自主设计、自主生产，获得了发明专利、实用新型专利、外观设计专利等70余项，整机外观、动力匹配及机具融合等的研发创新设计能力位居全国首位。绿色悍沃，低碳助力发展。悍沃始终秉持绿色赋能发展的理念，率先开展国四发动机排放验证，并成功实现匹配；自主研制的新型秸秆打包机等先进适用机具，可一次性完成秸秆收集、输送、压实、打捆等几道工序，有效解决了秸秆运输和焚烧秸秆问题，实现了绿色与质量的完美融合。智慧悍沃，数字赋能发展。乘借新旧动能转换战略的东风，悍沃数字工厂全面投产运营，搭建起业内首个智能仓储系统，实现了仓储物流的自动化与智能化；定制开发的ERP系统，实现了从订单提报、质量控制到整机销售等全过程信息共享；引进了智能化总装生产、全自动底盘生产等8条先进生产线，投入激光切割机、焊接机器人等先进设备，年可生产各种型号拖拉机3万台套，生产能力位居行业前列，200马力以上拖拉机连续三年销量位列行业第一。农为邦本，本固邦宁。下步，悍沃将继续立足“农”字深耕不辍，力争5年内主营业务收入超50亿元，稳步迈入行业前三甲，为推动农业高质量发展和乡村振兴贡献悍沃力量！,"https://www.zhaopin.com/jobdetail/CCL1230420440J40918329604.htm?refcode=4019&srccode=401901&preactionid=a7c1140f-c46c-45e5-b867-ab342d8bdc77"
4014,科研人员,唐山-路南区,5000-7000元,北京交通大学唐山研究院,"学术/科研,培训/辅导服务",20-99人,未融资,CCL1219605120J40792540805,一、岗位职责 1.负责基地设备日常维护、检修等工作。 2.负责基地日常管理及安全管控等工作。 3.负责基地接访、参访、公益活动的讲解、演示工作。 4.负责基地计划性培训工作的开展，如：研学展示、课程授课、趣味讲座宣讲、沙龙主持等。 5.负责课程设计与开发工作。 6.负责配合部门主任开展计划性培训开展内容、环节的设计工作。 7.负责配合部门主任进行市场开拓。 二、任职要求： 1.本科及以上学历，工科相关专业，物理、光电学科优先；有播音主持或讲解经验者优先。 2.动手能力强、具备讲课能力、设备维修能力。 3.责任心强，有优秀的语言表达沟通能力、热爱科普。 三、薪酬待遇 1、聘用方式为委托唐山市人才派遣中心劳务派遣； 2、按国家相关规定缴纳社会保险及住房公积金； 3、研究院提供的校内教师公寓； 4、符合条件的人员可享受唐山市“凤凰英才”计划生活补贴或购房补贴等引进人才政策支持。,7月24日,北京交通大学唐山研究院（以下简称“研究院”），是北京交通大学与河北省唐山市人民政府合作共建的具有独立法人资格的事业单位性质的新型教育科研机构，位于唐山市中心城区，占地372亩，总建筑面积约20万平方米。拥有教学楼和实验楼15栋、学生公寓楼10栋、学生餐厅、办公楼、图书馆、礼堂、体育馆等共36栋单体建筑，教学科研条件完备，具有4000个床位和年接待10000人次的服务保障能力。根据唐山市企业转型和产业升级需求，按照北京交通大学的战略部署，整合在1个国家级和19个省部级科技创新平台（重点实验室）上的70余个实验室将落地唐山，涉及北京交通大学本部11个学院，涵盖轨道交通、智慧城市、节能环保、大数据与信息技术等多个学科领域。目前已有42个实验室正式在唐运行，20余个实验室正在搬迁进驻。研究院积极争取资源、搭建创新服务平台，做好科研项目申报、省市级实验室认定服务工作：研究院先后获批河北省新型研发机构和河北省共建科技平台示范基地、河北省科普教育基地；首次获批河北省优秀青年科学基金项目；获批中央引导地方资金项目2项、河北省重大科技成果转化专项2项、河北省自然基金项目5项；入选河北省检验机构服务经济优秀案例；获批唐山大数据安全与智能计算等唐山市级平台建设项目3项；立项唐山市智慧交通应用场景项目；5个创新团队入选河北省首批专精特新“小巨人”企业科技特派团；获得唐山市“企业诊所”、唐山市“青年人才培养基地”等称号。在唐山市委市政府和北京交通大学党委的领导下，唐山研究院依托优势特色学科和教学科研团队，以开展科学研究、成果转化、高层次人才培养和国际学术交流为核心，兼顾国际教育与各类培训，采取校地共建、省部共建等多种方式，在唐山建设高水平科技创新平台（重点实验室）和国家级、省部级工程研究中心，打造科技协同创新和高层次人才培养高地，服务京津冀协同发展国家战略，助力北京交大“双一流”建设，为唐山实现“三个努力建成”“三个走在前列”和经济社会高质量发展提供重要的人才和科技支撑，打造有标志意义的北京-唐山协同创新共同体。,"https://www.zhaopin.com/jobdetail/CCL1219605120J40792540805.htm?refcode=4019&srccode=401901&preactionid=a7c1140f-c46c-45e5-b867-ab342d8bdc77"
4015,科研人员,青岛-崂山区,8000-10000元,青岛钢研纳克检测防护技术有限公司,"学术/科研,石油/石化",20-99人,未融资,CC489537220J40657385901,1、开展腐蚀防护相关科研课题；  ,6月17日,青岛钢研纳克检测防护技术有限公司（以下简称青岛纳克）是钢研纳克检测技术股份有限公司（以下简称钢研纳克）的全资子公司，隶属于中国钢研科技集团有限公司（以下简称钢研集团）。钢研集团是我国金属新材料研发基地、冶金行业重大关键与共性技术的创新基地、国家冶金分析测试技术的权威机构，拥有9名院士，在结构材料、功能材料、高温合金、难溶合金、粉末冶金材料、生物医学工程材料等领域拥有众多专有技术和产品。钢研纳克公司是钢研集团全资子公司，是我国冶金分析、材料检测及相关产品开发领域的先行者和领路人，拥有国家钢铁材料测试中心、国家钢铁产品质量监督检验中心和国家冶金工业钢材无损检测中心三个国家级中心，拥有王海舟院士领衔的300余人的科研团队，致力于材料检测行业前沿技术与产品的探索与开发。青岛纳克公司是中国钢研为发挥在材料检测技术与装备、海洋工程装备、金属腐蚀与防护、特种金属新材料等方面的专业优势，以下属的钢研纳克为投资主体，以钢铁研究总院青岛海洋腐蚀研究所的经营性资产及人员为基础，着力打造的集技术研发、科技成果转化为一体的高新技术企业。拥有“国家材料环境腐蚀平台青岛海水站”等三个国家级科学观测研究站。可为国内外海工装备、石油石化、电力化工企业及相关科研院所提供相关材料性能检测、失效分析、腐蚀防护技术咨询、防腐蚀工程设计与施工等服务。,"https://www.zhaopin.com/jobdetail/CC489537220J40657385901.htm?refcode=4019&srccode=401901&preactionid=a7c1140f-c46c-45e5-b867-ab342d8bdc77"
4016,测试工程师,北京-朝阳区,6000-9000元,北京讯达速迈科技有限公司,人工智能,20-99人,,CCL1271848810J40810953208,岗位内容：  1. 负责软件测试的规划、设计、执行、跟踪和总结工作。 2. 协助研发人员进行问题定位和解决，确保软件品质。 3. 掌握各类测试技术手段，通过持续集成、自动化测试等方式不断提高测试效率和质量。 4. 参与产品评审，积极提供改进建议，推动产品质量的提升。,5月30日,,"https://www.zhaopin.com/jobdetail/CCL1271848810J40810953208.htm?refcode=4019&srccode=401901&preactionid=a7c1140f-c46c-45e5-b867-ab342d8bdc77"
4017,Java,东莞-None,1.8-3.5万·14薪,外企德科数字技术有限公司,专业技术服务,10000人以上,,CCL1480117890J40725342205,【业务方向】   云计算，自动驾驶，未来网络、人工智能、计算集群、芯片、操作系统、数据库、媒体技术、安全、芯片制造等等   ,2025-07-27 00:23:28,外企德科数字技术有限公司是一家2023年新成立的中外合资企业。成立于2023年11月24日，公司定位：专注于为信息技术企业提供人才及数字技术外包解决方案的中外合资企业。它是由中国人力资源服务行业的FESCO（北京国际人力资本集团）与全球人力资源服务领导者The Adecco Group（德科集团）合资成立的。公司主要提供网络技术服务、软件外包服务、计算机系统服务、技术进出口、软件开发等信息技术相关服务。专注于为信息技术企业提供信息技术类人才及数字技术外包解决方案。,"https://www.zhaopin.com/jobdetail/CCL1480117890J40725342205.htm?refcode=4019&srccode=401901&preactionid=a7c1140f-c46c-45e5-b867-ab342d8bdc77"
4018,Java,东莞-None,1.2-2.4万·14薪,外企德科数字技术有限公司,专业技术服务,10000人以上,,CCL1480117890J40794723505,"职责： 1、参与软件产品的需求分析、设计、开发、测试和维护工作。 2、编写高质量、可维护的代码，确保系统性能、安全性和可扩展性 3、与产品经理、测试工程师及其他团队成员协作，确保项目按时交付。 4、持续优化现有系统，解决技术难题，提升系统稳定性和用户体验。 5、跟踪行业技术发展，探索新技术在实际项目中的应用。 要求： 1、熟悉Java/Go/C++/C/Python中的一种语言即可； 2、熟悉Linux操作系统，计算机基础知识，以及基本数据结构和算法优先； 3、了解进程、线程、协程等基本概念，有多线程开发经验优先； 注：测开/测试，前端，Java，C，C++,Python，GO，算法（AI,图形图像,视频音频等），大数据，都有职位，欢迎投递。 福利待遇： 五险一金足额缴纳，员工食堂，班车，夜宵，加班补助",2025-07-27 00:26:04,外企德科数字技术有限公司是一家2023年新成立的中外合资企业。成立于2023年11月24日，公司定位：专注于为信息技术企业提供人才及数字技术外包解决方案的中外合资企业。它是由中国人力资源服务行业的FESCO（北京国际人力资本集团）与全球人力资源服务领导者The Adecco Group（德科集团）合资成立的。公司主要提供网络技术服务、软件外包服务、计算机系统服务、技术进出口、软件开发等信息技术相关服务。专注于为信息技术企业提供信息技术类人才及数字技术外包解决方案。,"https://www.zhaopin.com/jobdetail/CCL1480117890J40794723505.htm?refcode=4019&srccode=401901&preactionid=a7c1140f-c46c-45e5-b867-ab342d8bdc77"
4019,技术支持工程师,北京-昌平区,7000-12000元·13薪,北京华能新锐控制技术有限公司,"电力/水利/热力/燃气,人工智能,计算机软件,云计算/大数据",100-299人,未融资,CC295334210J40659149206,岗位职责： 1、根据设计方案，进行设备和系统的安装及配置，并对系统进行测试和调试，确保系统能够稳定、高效地运行‌。 2、负责对系统进行定期的维护和检查，及时发现并解决存在的问题，并做好记录。 3、负责项目过程文档的编写与整理，保证项目资料的完整性和规范性‌。 4、负责公司软硬件项目的售后维护服务和技术支持工作，保证软硬件正常使用。 5、与客户保持良好的沟通，及时反馈项目进度和遇到的问题，同时与项目经理和其他团队成员进行协作，确保项目的顺利进行‌。  任职要求： 1、本科及以上学历的应届生； 2、自动化、计算机、通信等相关专业； 3、熟悉LINUX操作系统，计算机网络，具备网络方面认证优先； 4、有较强的沟通能力、项目管理能力及文档编写能力； 5、性格开朗，抗压能力强、适应长期出差； 6、熟悉了解新能源电站电气、继电保护方面的技能。,7月15日,北京华能新锐控制技术有限公司（西安热工研究院有限公司北京自控部）成立于2003年，是国家高新技术企业、北京未来科学城华能人才创新创业基地入驻单位，系中国华能集团有限公司控股的西安热工研究院在京全资子公司。公司现有60余名高中级职称的工程技术人员，拥有发明专利3项，实用新型专利5项、软件著作权30余项及完全自主知识产权的Pine-Control控制系统，是国内电站自动化领域技术和工程实力最强的单位之一。公司长期从事电站（主、辅）智能控制、数字化煤场管理、斗轮堆取料机无人智能化控制、火电厂智能机器人巡检、智能视频监控、新能源发电技术远程集中监控、全国产化风电主控系统、全国产化水电计算机监控系统等技术研发、系统集成及应用推广。在火电领域，是国内早期从事电站控制系统（DCS/PLC）设计、集成服务的厂家之一，具有三十余年丰富的现场实践经验。近年来公司自主研发的斗轮机无人值守系统、输煤廊道机器人智能巡检系统、主厂房机器人智能巡检系统、配电间智能巡检系统提升了电站生产智能化水平、提高了运维效率、降低了运营成本，并对行业起到了重要的带动作用。火电厂燃煤系统的人机环安全工程研究及智能化应用项目获中国安全生产协会颁发的国家第一届安全科技进步奖二等奖。在新能源领域，公司自主研发的风电场监控系统、区域集控系统、集团监管系统逐步实现国产化替代、自主可控，实现项目型向产品型、平台型业务的转变，形成了数据采集、生产指标、集控建设标准。现已建成集团—区域公司两级新能源数据平台，逐步形成新能源数据生态，为新能源智能运维、大数据挖掘等深化应用提供应用基础。在风电控制领域，公司聚焦能源安全和自主可控等国家重大课题，致力于解决风电控制系统的关键核心技术，实现风机控制系统的安全可靠。公司承担了风机主控国产化开发等国家重大课题，自主研发的风机主控算法和风电国产化PLC，已经实现了示范应用，正在逐步开展规模化推广应用。北京华能新锐控制技术有限公司在西安和福州分别设有办事处，欢迎更多优秀的人才加入，和我们一起共筑辉煌。,"https://www.zhaopin.com/jobdetail/CC295334210J40659149206.htm?refcode=4019&srccode=401901&preactionid=a7c1140f-c46c-45e5-b867-ab342d8bdc77"
4020,实施工程师,北京-海淀区,9000-18000元·13薪,北京嘉贺恒德科技有限责任公司,"贸易/进出口,金属制品业,仪器仪表制造,电子/半导体/集成电路",100-299人,未融资,CC265464610J40823279108,岗位职责 ： 1、负责红外产品的技术支持、技术方案制定、技术对接、产品选型、产品测试、验收及交付工作。 任职要求：  1、本科以上学历，光学、电子信息类优先考虑；  2、性格开朗，沟通表达能力强，认真负责，诚实守信； 3、对红外探测器（制冷）、红外机芯、红外热成像、激光测距仪、红外测试设备有了解优先考虑。,7月15日,嘉贺恒德科技有限责任公司是一家以激光配件为核心的中欧贸易公司，总公司位于北京海淀区。我司经营范围：机械加工、半导体激光器、激光晶体、光学镜片、测试仪器、CO2激光管、冷水机、光学支架、平台等光学配件。,"https://www.zhaopin.com/jobdetail/CC265464610J40823279108.htm?refcode=4019&srccode=401901&preactionid=a7c1140f-c46c-45e5-b867-ab342d8bdc77"
4021,测试工程师,天水-麦积区,5000-7000元,天阳科技,"计算机软件,计算机软件",1000-9999人,已上市,CC120408370J40824160008,1.全国项目驻场测试，主要负责功能、数据或接口等相关测试工作； 2.统招本科学历及以上（学信网可查）；毕业满2年；计算机专业优先； 3.热爱软件测试行业、有强力的自驱力，能够在测试岗位深入学习研究； 4.有无经验均可，服从公司安排，接受公司培养，可接受异地工作优先； 福利待遇： 上市公司，公司可以提供住宿，提供五险一金； 欢迎符合要求的小伙伴们投递~,7月18日,天阳科技(股票代码：300872)，是全球金融创新服务的重要贡献者，持续赋能中国金融行业数字化转型，为客户提供咨询、金融科技产品、金融IT服务、云计算及运营服务。公司成立于2003年，服务超过300家金融行业客户，覆盖中央银行、政策性银行、国有银行、股份制银行、地方性商业银行、非银行金融机构等，员工人数近7000人，成为激活金融领域创新活力、推动金融科技迈入世界领先水平的重要力量。作为金融行业客户可信赖的合作伙伴，天阳科技凭借丰富的行业经验和端到端的专业服务，在信创、数字化金融、信贷、交易银行、信用卡、零售、营销、风险管理、征信监管等众多领域具备核心竞争力。据赛迪和IDC报告显示，近年来公司在中国银行业IT解决方案市场排名强势崛起，2019年收入及市场占有率综合排名分别位列第四位和第五位，并保持高速增长。同时，前瞻商业和科技趋势，入选2021年度未来银行科技服务商TOP100。天阳科技始终聚焦金融科技领域，加大自主创新力度，在超过100个城市建立本地化、专业化的研发和服务团队，拥有CMMI5级认证、软件测试成熟度模型集成（TMMi）3级认证、ISO9001质量管理体系认证、ISO20000信息技术服务管理体系认证、IS027001信息安全管理体系认证。通过部署人工智能、云计算、大数据、移动互联网、分布式计算和区块链等先进金融科技，公司致力于构建安全可控、普惠民生、开放共赢格局，在关键技术领域服务现代化金融发展大局，更好地为各利益相关方创造更大价值，为大中企业、小微企业以及每个个体提供优质金融服务。,"https://www.zhaopin.com/jobdetail/CC120408370J40824160008.htm?refcode=4019&srccode=401901&preactionid=a7c1140f-c46c-45e5-b867-ab342d8bdc77"
4022,前端开发,西安-碑林区,1.5-3万,西安达内优创信息科技有限公司第一分公司,IT服务,100-299人,,CCL1387561360J40757554409,岗位内容： 1. 开发响应式Web页面和功能组件，确保优秀的用户体验 2. 与后端开发人员合作，实现应用程序的完整性和可维护性 3. 设计和实现复杂的前端UI交互，并在跨浏览器环境中进行测试和故障排除,7月20日,,"https://www.zhaopin.com/jobdetail/CCL1387561360J40757554409.htm?refcode=4019&srccode=401901&preactionid=a7c1140f-c46c-45e5-b867-ab342d8bdc77"
4023,科研人员,西安-雁塔区,4000-8000元,中国科学院地球环境研究所,学术/科研,100-299人,,CC134490820J40700822610,因工作需要，我所现代环境研究室洞穴实验室拟面向社会招聘研究助理1名，具体详情如下：  　　一、岗位职责：  　　主要从事实验室部分仪器设备的操作使用、部分实验测试工作，并协助完成实验室其它日常工作事务。  　　二、应聘条件：  　　1．遵纪守法，身心健康，具有事业心、责任心及良好的团队协作精神。 2．硕士及以上学历，地质学、地理学、地球化学等相关专业，有石笋或古气候研究背景者优先；  3．具备较强的数据处理分析以及中英文读写能力，有数据集成研究经验者优先考虑。　　 三、工资待遇及合同签订：  　　统一按照地球环境研究所相关规定执行。  　　四、应聘流程：  　　1．报名：符合应聘条件者均可报名，报名时请填写信息简表（见附件），将其与个人简历和其它佐证材料一并压缩打包，发送电子邮件至：*******************，邮件主题为：[姓名]－[学历]－[专业]，如“张三－硕士－xx专业”。  　　2．资格审查：资格初审后，以电话或邮件方式通知应聘人员参加竞聘面试。  　　3. 报名截止时间：2025年4月30日。  　　五、联系方式：  　　联系地址：陕西省西安市雁塔区雁翔路97号，中国科学院地球环境研究所  　　联系方式：*******************  　　附件：招聘信息简表,3月3日,本次招聘为中国科学院地球环境研究所古环境研究室敖红研究员项目聘用人员招聘古环境研究室是地球环境研究所的一个主要研究室。通过东亚大陆环境钻探与地球环境数值模拟，研究亚洲季风－干旱环境系统的分异耦合过程、演化历史和发展趋势及其与全球环境变化关系，认识长时间尺度地球气候与环境变化的规律和机制，为环境预测、国家生态环境修复与治理提供重要的科学依据。 1996年以中国科学院地球环境研究所安芷生院士为首的我国科学家群体，提出在中国开展环境科学钻探研究的必要性，并于近年在科技部、中国科学院和国家自然科学基金委员会等单位的共同资助下，开展了“中国环境科学钻探计划”的工作。该计划拟在我国不同的自然环境单元获取大批高质量的地质与生物岩芯记录，从综合集成角度研究我国不同环境子系统的演化历史及其与全球变化之间的联系，探讨与预测未来发展趋势。目前，该计划已在西部极端干旱区的罗布泊、半干旱区的黄土高原、干旱区与季风区过渡带的青海湖、西南季风区的云南鹤庆、东南季风区的江汉平原和雷州半岛获取了累计长度超过6000多米的珍贵长岩芯样品，同时在全国各地获取了大批湖泊、树轮、石笋、珊瑚样本。环境模拟实验室是通过对气候环境变化的数值模拟和分析，结合地质、历气候环境记录，探讨亚洲大陆为中心不同时空尺度地球气候与环境系统变化的规律和机制，从中提取全球变化的历史相似型和早期信号，为人类可持续发展战略提供必要的信息。环境磁学实验室主要利用磁学方法，对沉积物进行磁性地层和岩石磁学性质的研究，是地球环境长时间尺度年代标尺建立和环境指标分析的主要手段。沉积学实验室研究重点为晚新生代以来海陆风尘记录的物质来源和传输动力在构造-千年时间尺度上的变化特征和驱动机制。土壤矿物与环境实验室主要通过沉积物中矿物组合尤其是粘土矿物以及化学元素组成的分析和研究，重建新生代古环境、古气候演变化历史。,"https://www.zhaopin.com/jobdetail/CC134490820J40700822610.htm?refcode=4019&srccode=401901&preactionid=a7c1140f-c46c-45e5-b867-ab342d8bdc77"
4024,C/C++,西安-莲湖区,5000-8000元,数城科技股份有限公司,"云计算/大数据,云计算/大数据,计算机软件,计算机硬件",100-299人,未融资,CCL1421520720J40697877316,岗位职责：  1. 参与iot终端软件开发工作 2. 参与自动售检票终端开发工作 3. 维护现有软件 岗位要求： 1. 熟悉C++开发，掌握基本开发技巧 2. 熟练掌握多线程、网络通信、sqlite嵌入式数据库编程 3. 熟练使用qt开发框架 4. 熟悉linux系统使用 5. 熟练使用常用开发工具vs code、git,6月25日,数城科技诞生于“互联网+”时代，响应国家混合所有制号召成立的科技创新公司，是国家级高新技术企业，拥有ISO9001质量认证。成立于2017年12月，注册资本金人民币1亿元。在国家信创战略与交通强国建设背景下，数城科技抓住交通行业信创化、数字化和智慧化的转型发展机遇，基于中国电子信创（PK）产业基础、产品制造能力和在交通领域的行业经验与系统集成能力，以城市轨道交通为突破口，为包括高铁和机场在内的主要交通领域提供“云-网-边-端”一体化系统平台和基础信创装备的数字交通、信创交通解决方案及项目交付服务，构建从终端到平台场景的基础设施。数城科技目前已经研发了PK体系的工业计算机产品系列，形成了PKmoho完整的产品家族，分别有嵌入式工控机、OPS（大屏控制）、一体化Pad、云桌面工作站、PLC、边缘计算服务器等产品，到2022年底完成多个地铁项目的适配、上线、开通工作。国家出台行业信创政策后，针对生产系统将在2027年完成大部分的替代工作，所以从行业信创角度入手，数城科技的工业计算机产品将能发挥先发优势和产业链集成优势，快速抓住国家信创战略窗口期而实现高速业务增长。数城科技以自主研发的pkπ平台为基础、物联网引擎（iot-engine）为接入手段，通过融入新一代数字技术，构建了一个全感知、全连接、全场景、全智能的数字世界，进而优化再造传统交通业务模式，实现对传统管理模式、业务模式、商业模式进行创新和重塑，形成开放的应用市场，打破行业应用垄断现象，构建更开放、更融合、更智慧的数字交通新生态。平台以“三原生”（即CPU原生、OS原生、云原生）作为底层支撑，以容器、微服务、DevOps等技术为基础，建立一套云技术产品体系，采用云原生技术生态组件实现所有平台功能，满足平台的动态扩展、快速部署、快速迭代的需要。通过自主研发的物联网引擎（iot-engine）实现适配多类型终端设备，实现边缘侧终端设备的简单、规范接入，与云端互联互通，提供便捷的手段完成设备数据采集、存储、计算、管理和使用等功能，帮助企业快速开发物联网行业应用系统，缩短信息化系统集成项目交付周期，以此驱动企业持续创新、自我变革，并为客户创造更大的价值。可广泛应用到智慧城市、智能制造等领域，为企业生产网内的数字化转型赋能。,"https://www.zhaopin.com/jobdetail/CCL1421520720J40697877316.htm?refcode=4019&srccode=401901&preactionid=a7c1140f-c46c-45e5-b867-ab342d8bdc77"
4025,科研人员,北京-昌平区,9000-10000元,中科科辅(北京)科技有限公司,专业技术服务,20-99人,未融资,CC492410080J40468666210,【1】任职要求： 1、学历本科及以上，金属材料、材料化学、凝聚态物理、力学、机械工程（焊接、力学、成型）专业方向，有相关专业领域的工作经验，拥有团队合作精神，动手能力较强，接受应届生 2、做事认真负责，有独立思考及解决问题的能力，具有较强的安全意识，能严格遵守各项操作规程 3、具有材料检测相关经验者可优先考虑，学历要求可适当放宽 【2】岗位职责： 1、依据国际标准、国家标准、行业标准等各类试验标准，对其委托项目进行试验，记录数据 2、负责所属实验室相关试验设备的操作和维护 【3】岗位薪资和福利待遇： 本科综合月薪保底9-10K（硕士/博士面谈），能力出众者可谈；执行绩效考核制度，如您足够勤奋努力，收入将有【显著的提升】。入职即办理五险一金，提供住房补贴、节日问候、生日津贴、超长带薪年假、年度旅游、职工体检等福利政策 【4】岗位晋升： 工作满一年后且技术能力达标的，可往工程师、业务经理、区域经理等方向晋升，实现收入的大幅度提升,3月4日,中科科辅（北京）科技有限公司（简称中科科辅），创建于2015年，公司着眼于科学研究与技术发展的前沿问题，基于国内外科研水平不对称、资源配置不均衡的现状，致力于建设一个平等、开放、高水平的个性化科研辅助平台。作为科研服务型企业，中科科辅组建了一批全职的高水平、跨学科、高学历科研人才与实验工程师队伍，同时聘请多个学科领域的高级顾问，整合各类国际领先的科研资源，具有承担科研课题，项目研发的能力。通过人才与资源的最优配置，公司将提供全方位、贯通式的科研服务。针对客户的具体研发项目，本公司科研人员从实际情况出发，将提供切实可行的解决方案，对并项目研发各个环节进行预测与评估，参与或协助客户快速、高效地完成项目，获得高质量的科研产出（包括论文、专利及产品研发），最终实现客户与公司合作共赢与共同发展。中科科辅定位高远，以科技人才为核心，服务于国内科研事业及企业研发，为祖国的繁荣昌盛贡献自己的一份力量!,"https://www.zhaopin.com/jobdetail/CC492410080J40468666210.htm?refcode=4019&srccode=401901&preactionid=a7c1140f-c46c-45e5-b867-ab342d8bdc77"
4026,C/C++,成都-大邑县,7000-10000元·14薪,成都瑞戈科技有限公司,"专用设备制造,工业自动化,专用设备制造,通用设备制造",20-99人,未融资,CC444751580J40833758315,岗位职责 1、协作机器人应用调试，结合3D相机数据、运动学算法、机器人轨迹规划，力闭环控制等，实现机器人特定功能控制； ２、针对汽车零部件环境耐久试验、疲劳试验、泥水试验、性能检测等试验设备编程，通常下位机为Beckhoff系统，使用ST编写实时程序，上位机使用LabView或VS编写，实现各试验信号采集，实现力闭环、位移闭环等伺服控制，上位机对试验信号曲线展示，数据保存； ３、对核心代码进行维护、改进完善，以满足新需求； ４、参与技术攻关，解决技术问题，如路谱信号迭代复现，多耦合系统解耦控制，真实复现汽车零部件运动及受力。 任职资格 1、本科以上学历，软件工程、机械电子工程、自动控制等相关专业； 2、熟练掌控C/C++，LabView或ST语言； 3、数学功底扎实，熟悉自动控制原理，熟悉信号采集（力、位移、加速度、温湿度、压力、流量等）； 4、有实际工作经验优先，有严密的逻辑思维能力； 5、能承受工作压力，有责任心和上进心。 ,5月12日,成都瑞戈科技有限公司是一家高端非标设备服务提供商，从事专用试验设备，自动化生产设备，检测设备的设计，制作，以及工装，夹具，模具，检具等工艺装备的设计及制造，并提供非标设备相关的服务。公司位于成都市大邑沙渠工业园区，拥有1500㎡的厂房及精良的设备。我们资深的设计及生产制作团队将为您提供卓越的装备服务。,"https://www.zhaopin.com/jobdetail/CC444751580J40833758315.htm?refcode=4019&srccode=401901&preactionid=a7c1140f-c46c-45e5-b867-ab342d8bdc77"
4027,实施工程师,上海-崇明区,6000-11000元,江西晟世昶丰人才科技有限公司,人力资源服务,100-299人,,CCL1366842170J40755148910,工作职责: 1、按项目经理要求开展机器人项目的实施及售后服务工作; 2、负责助理服务工程师的实施能力培养; 3、负责实施方案编写及机器人现场调试; 4、负责客户培训及维护指导。 任职要求: 1、自控、计算机、机电一体化等相关专业毕业，大专以上学历; 2、良好的沟通协调能力、主动的学习能力和团队合作意识。,7月19日,,"https://www.zhaopin.com/jobdetail/CCL1366842170J40755148910.htm?refcode=4019&srccode=401901&preactionid=a7c1140f-c46c-45e5-b867-ab342d8bdc77"
4028,C/C++,北京-海淀区,8000-12000元,北京环境特性研究所,"学术/科研,计算机软件,学术/科研,电子/半导体/集成电路",500-999人,未融资,CC281661110J40761908013,岗位职责:软件联调、电磁计算、报告编写,4月14日,北京环境特性研究所简介北京环境特性研究所，成立于1970年，是以目标环境光、电特性研究为主业的专业研究所，拥有两个国家级重点实验室，在光学、电磁特性领域拥有一批具有国内一流的研究设施，配套建设了高水平、多功能的试验场与实验室，是国家重点支持的基础科研单位之一，同时承担武器装备光电产品的研制和生产任务。北京环境特性研究所对标国际先进水平，持续开展专业技术建设，逐渐形成电子科学和光学工程方面5个专业领域、42个专业方向、近100项专业技术的技术体系，拓展了人工智能、太赫兹、量子等新兴领域。在相关领域的建模仿真、试验测试、特征综合应用等技术达到国内领先水平。多个产品实现规模化、产业化发展。边海防视频监控站已经分布在祖国15个省市的边海防线上。以微波/光学测量系统、目标与环境模拟装置等产品为代表的产业板块也取得蓬勃发展。北京环境特性研究所现有在岗人员500余人，拥有一支以国家级专家为学术带头人、以博士和硕士为主要技术骨干的科学研究队伍。北京环境特性研究所高度重视人才培养和技术交流，鼓励和吸引优秀人才全日制或在职攻读学位。拥有“控制科学与工程”学科博士学位培养点、“光学工程”和“电子科学与技术”两个学科硕士学位培养点，并共用二院“控制科学与工程”专业博士后科研流动站。地址：北京市海淀区西四环中段五棵松地区永定路50号通信联系地址：北京142信箱207分箱人力资源处（邮编：100854）联系人：刘老师招聘邮箱E-Mail: zhaopinht207@casic.com.cn,"https://www.zhaopin.com/jobdetail/CC281661110J40761908013.htm?refcode=4019&srccode=401901&preactionid=a7c1140f-c46c-45e5-b867-ab342d8bdc77"
4029,实施工程师,银川-金凤区,4000-6000元,宁夏思捷易网科贸有限公司,"IT服务,计算机硬件,计算机软件",20-99人,未融资,CC360989080J40802915813,岗位内容： 1. 协助销售部门制定技术方案，负责公司产品的实施安装、调试及优化。 2. 为客户提供技术支持和培训，解决客户问题并提供相应建议。 3. 与团队成员紧密合作，协作推进项目进展，达到项目目标。 任职要求： 1. 大专以上学历，具备技术方案制定和实施经验者、有相关证书者优先。 2. 熟悉网络设备、硬件设备的安装及调试知识。 3. 具备一定的团队协作能力和沟通能力，能有效跟进项目进展。 4. 主动积极的工作态度，具备较好的学习能力和解决问题的能力。,7月26日,公司宗旨：合作共赢、创新未来经营范围：计算机软硬件销售、软件开发、服务器、存储、网络设备销售、数码产、非线性编辑、电子白板、投影机、录播教室、触摸一体机、多媒体教室、打印机、复印件、速印机、计算机系统集成、综合布线、安防监控、警用设备、刑侦器材宁夏思捷易网科贸有限公司以行业信息化为核心战略。多年来，坚持以信息技术为基础，致力于计算机网络技术、应用软件技术的研究与开发；同时以微软、华为、锐捷、IBM、浪潮、联想、戴尔、宏碁品牌软硬件为龙头，广泛集成区内外先进技术和产品。凭借多年来产品销售、行业集成的经验以及对行业的深刻理解，为各个行业提供全面的产品和系统集成服务。思捷易网是业内最重要的硬件系统集成企业。思捷易网拥有一支专业技术服务队伍；拥有系统集成市场营销、技术研究与发展、网络集成产品为后盾的三位一体的决策、支持体系；在公安、教育、企业、政府办公自动化等领域拥有成熟的系统集成应用技术与产品体系，在LAN/WAN、Internet/Intranet、电子商务、信息安全等领域有成熟的技术方案与丰富的实施经验；思捷易网还拥有自己独立的产品销售体系，销售知名品牌多种软硬件产品并代理销售众多国内外优秀品牌的产品。思捷易网实行全方位的优化管理，严格按ISO9001质量体系运作过程，建立科学的管理模式，使公司综合实力不断提高，公司秉承“以人为本科技领先以质取胜顾客至上以德立信服务社会”的核心价值观，通过持续创新、卓越运作和精细管理，为客户提供高品质的产品，不断追求客户、员工、合作伙伴和公司的共同发展。达到合作共赢、创新未来。,"https://www.zhaopin.com/jobdetail/CC360989080J40802915813.htm?refcode=4019&srccode=401901&preactionid=a7c1140f-c46c-45e5-b867-ab342d8bdc77"
4030,软件测试,贵阳-观山湖区,5000-6000元,天阳科技,"计算机软件,计算机软件",1000-9999人,已上市,CC120408370J40211055208,1.全国项目驻场测试，主要负责功能、数据或接口等相关测试工作；   2.统招本科学历及以上（学信网可查）；毕业满2年；计算机专业优先；   3.热爱软件测试行业、有强力的自驱力，能够在测试岗位深入学习研究；   4.有无经验均可，服从公司安排，接受公司培养，可接受异地工作优先；   福利待遇：   上市公司，公司可以提供住宿，提供五险一金；   欢迎符合要求的小伙伴们投递~   ,7月17日,天阳科技(股票代码：300872)，是全球金融创新服务的重要贡献者，持续赋能中国金融行业数字化转型，为客户提供咨询、金融科技产品、金融IT服务、云计算及运营服务。公司成立于2003年，服务超过300家金融行业客户，覆盖中央银行、政策性银行、国有银行、股份制银行、地方性商业银行、非银行金融机构等，员工人数近7000人，成为激活金融领域创新活力、推动金融科技迈入世界领先水平的重要力量。作为金融行业客户可信赖的合作伙伴，天阳科技凭借丰富的行业经验和端到端的专业服务，在信创、数字化金融、信贷、交易银行、信用卡、零售、营销、风险管理、征信监管等众多领域具备核心竞争力。据赛迪和IDC报告显示，近年来公司在中国银行业IT解决方案市场排名强势崛起，2019年收入及市场占有率综合排名分别位列第四位和第五位，并保持高速增长。同时，前瞻商业和科技趋势，入选2021年度未来银行科技服务商TOP100。天阳科技始终聚焦金融科技领域，加大自主创新力度，在超过100个城市建立本地化、专业化的研发和服务团队，拥有CMMI5级认证、软件测试成熟度模型集成（TMMi）3级认证、ISO9001质量管理体系认证、ISO20000信息技术服务管理体系认证、IS027001信息安全管理体系认证。通过部署人工智能、云计算、大数据、移动互联网、分布式计算和区块链等先进金融科技，公司致力于构建安全可控、普惠民生、开放共赢格局，在关键技术领域服务现代化金融发展大局，更好地为各利益相关方创造更大价值，为大中企业、小微企业以及每个个体提供优质金融服务。,"https://www.zhaopin.com/jobdetail/CC120408370J40211055208.htm?refcode=4019&srccode=401901&preactionid=a7c1140f-c46c-45e5-b867-ab342d8bdc77"
4031,测试工程师,成都-锦江区,6000-12000元,源创客成都科技有限公司,计算机软件,20-99人,,CC640419780J40791996003,工作时间:朝九晚六，周末双休，节假日按照国家规定正常放 薪资待遇：综合薪资6k-12K，购买五险一金，年终奖 公司有冰箱微波炉，近地铁，不定时团建 岗位要求：大专及以上学历，接受应届生 【工作内容】 - 负责软件产品的功能、性能、兼容性及安全性测试，确保产品满足设计规范和用户需求。 - 设计并执行测试计划和测试用例，记录测试结果，编写测试报告。 欢迎投递~~,2025年07月30日,,"https://www.zhaopin.com/jobdetail/CC640419780J40791996003.htm?refcode=4019&srccode=401901&preactionid=a7c1140f-c46c-45e5-b867-ab342d8bdc77"
4032,C/C++,苏州-虎丘区,1.6-3万·15薪,外企德科数字技术有限公司,专业技术服务,10000人以上,,CCL1480117890J40607961905,岗位职责： 1、负责业务体验产品相关产品研发，完成多个模块/组件的软件设计（含增量方式）、代码编写、单元测试、集成测试、静态检查、本地构成等工作，确保所负责模块可信、及时、高质量交付； 2、负责设计实施高可用部署架构，实现弹性扩缩容，秒级故障自动切换，限流降级等核心功能，保障大规模集群的高效稳定运行；  经验要求： 1、有开发经验，C/C++、Java、Scala、Python、JS等开发语言一种或多种； 2、熟悉分布式系统的设计和应用，熟悉高并发、高负载、高可用性系统的设计开发及调优，熟悉分布式缓存、消息、数据库等机制； 3、具有一定的技术架构思维，确保设计的技术方案、开发的代码有较高性能、质量保障、扩展性，前瞻性； 4、参与系统以提升效率为目的的整体的优化、改进，出现问题时能够通过较强的技术手段较好的解决问题。,2025-07-27 00:23:23,外企德科数字技术有限公司是一家2023年新成立的中外合资企业。成立于2023年11月24日，公司定位：专注于为信息技术企业提供人才及数字技术外包解决方案的中外合资企业。它是由中国人力资源服务行业的FESCO（北京国际人力资本集团）与全球人力资源服务领导者The Adecco Group（德科集团）合资成立的。公司主要提供网络技术服务、软件外包服务、计算机系统服务、技术进出口、软件开发等信息技术相关服务。专注于为信息技术企业提供信息技术类人才及数字技术外包解决方案。,"https://www.zhaopin.com/jobdetail/CCL1480117890J40607961905.htm?refcode=4019&srccode=401901&preactionid=a7c1140f-c46c-45e5-b867-ab342d8bdc77"
4033,技术支持工程师,苏州-工业园区,4000-6000元,中国大恒(集团)有限公司北京图像视觉技术分公司,"计算机硬件,计算机软件,仪器仪表制造,IT服务",500-999人,已上市,CC120188730J40787999012,任职资格：1.有相关的计算机操作，制作相应统计表格、分析文档等；2.电气方面，有一定的电气基础，看懂电气线路图；4.有相关视觉检测工作经验者优先考虑；有锂电生产相关工作经验者优先考虑；5.有新能源行业设备安装调试经验优先考虑，涂布机、辊压机、模切机、叠片机、卷绕机优先考虑；6.可适应出差； 2、：岗位职责：1、负责系统类产品的安装、调试、维护工作。安装调试人员应认真理解相关文档和要求，并以此为依据进行工作。发现问题及时向区域主管反映。2、依据系统有关文档，对用户进行操作培训。3、项目实施时应服从区域主管安排，保证任务按时按质按量完成。完成工作任务后及时提交相关文档。4、负责系统集成试验及测试环境的硬件部分搭建。5、负责收集客户信息和项目问题，做到及时向项目经理反馈；6、主动积累工作中的技术经验，形成文档提交。,6月26日,一、公司简介中国大恒（集团）有限公司北京图像视觉技术分公司（简称“大恒图像”），成立于1991年，是中科院下属上市公司“大恒科技”（股票代码：600288）的全资子公司，是国内首屈一指的专业视频图像处理设备供应商，主要业务是视觉部件的研发、生产和销售，及视觉部件代理业务。例如工业相机、智能相机、图像采集处理卡、视觉算法软件包、FA/CCTV镜头及配套光学组件、LED光源及激光器等。展望未来，大恒图像将力争成为引领全球的视觉革命领导者。我们不仅是机器视觉专家，我们更是缔造者。我们不仅为客户提供量身定制的系统解决方案，我们更期望用我们先进的技术、富于竞争力的产品，雄厚的产业经验和资源以及卓越的人才，与客户共同创造新的价值，携手缔造恢弘的事业。二、我们的优势技术优势1.图像视觉领域二十余年的研究成果积累2.200人以上的研发团队，具备视觉软件、硬件和系统解决方案的设计研发能力3.创新能力突出，拥有众多技术专利，持续稳定的研发投入保证技术优势的延续性4.定制开发经验丰富，迅速满足客户的各种个性化技术需求资源优势1.大恒科技（600288）旗下核心资产，得到上市公司的全力支持2.与全球近20家技术领先的业内企业建立长久稳定的合作关系3.营销和服务伙伴遍及全球，客户可以享受专业、快捷、本地化的服务4.欧洲机器视觉协会（EMVA）、美国自动成像协会（AIA）、中国机械视觉产业联盟（CMVU）资深会员，深度参与行业标准化进程品牌优势1.历史最悠久、规模最大、技术最先进的机器视觉民族企业2.以一站式、全生命周期的服务体验成就与客户的持久共赢3.规范严格的品质管理过程打造出的一流产品质量三、福利待遇财富保障基本薪资、绩效奖金、年度调薪、八险一金生活平衡带薪年休假、产假、婚假等生日惊喜、温暖祝福及过节福利员工拓展出游、团建、免费健身、游泳、羽毛球、篮球等文体活动多彩年会，大家庭团聚时刻员工宿舍，在北京的另外一个小家健康保障：免费的年度体检零起付补充医疗保险大病保险及交通意外险应届生通道：导师制的培训体系，为初入职场的你点亮方向定制化的发展路径，完善的培训体系，舒适的办公环境及广阔的发展平台,"https://www.zhaopin.com/jobdetail/CC120188730J40787999012.htm?refcode=4019&srccode=401901&preactionid=a7c1140f-c46c-45e5-b867-ab342d8bdc77"
4034,C/C++,北京-海淀区,1.5-3万,北京瑞鑫天算资产管理有限公司,"基金,基金,证券/期货",20-99人,未融资,CCL1241735280J40707490007,岗位职责： 1、利用机器学习、深度学习等数据挖掘方法对历史数据进行研究分析、对交易算法进行改进、开发新的交易算法。 职位要求： 1、毕业或在读于国内外知名高校本科及以上学历，硕士、博士优先。具备扎实的计算机理论知识与机器学习、深度学习相关的知识； 2、有能力独立完成交易算法的研发及实施，精通计算机语言（C/C++或Python等）； 3、熟悉机器学习特别是深度学习，强化学习，熟悉深度神经网络DNN、卷积神经网络CNN、递归神经网络RNN、长期短期记忆LSTM、生成敌对网络GAN等模型的应用与实施； 4、熟悉强化学习或者有高频交易开发相关经验者优先考虑；,1月17日,北京瑞鑫天算资产管理有限公司成立于2017年，注册资金1000万，是在中国证券投资基金业协会登记备案的，具有私募证券投资基金管理人资格的阳光私募基金公司。公司专注于运用量化的手段、科学的方法获取投资收益，旨在更好地帮助高净值客户资产保值增值。目前公司持续运作的登记备案私募基金产品总计十余只。公司主要成员毕业于清华、北大、上海交大、复旦、浙大、哥伦比亚大学、MIT等国内外顶级学府，拥有深厚数理背景，具备先进、丰富的投资经验，平均从业年限5年以上。公司实行投研一体化的管理模式，通过自主培养精英毕业生培养优秀人才。投研机制上鼓励研究成果共享，投资决策独立。在公司丰富的因子库、策略库及公司自研交易系统的支持下，公司私募基金产品的业绩在市场中处于领先地位。公司管理的基金产品在中信证券举办的2021年“千里马”私募培育计划中获得“千里马”三星荣誉证书和私募培育计划荣誉奖；在私募排排网举办的私募实盘投资大赛2022年4月排名中进入前三；在中国平安举办的大浪淘沙全国私募大赛2022年7月获得管理期货组冠军。公司亦提供优厚的报酬给公司的投研人员，只要能跟上公司发展的脚步，年薪百万不是梦！,"https://www.zhaopin.com/jobdetail/CCL1241735280J40707490007.htm?refcode=4019&srccode=401901&preactionid=a7c1140f-c46c-45e5-b867-ab342d8bdc77"
4035,硬件测试,郑州-中原区,6000-10000元,重庆科满福人力资源服务有限公司,企业服务,20-99人,,CCL1487604860J40925296204,【岗位职责】 ： 1、进行新产品研发阶段的测试工作 2、完成新产品的功能测试、可靠性测试、环境测 试、安全测试等技术工作 3、制定测试计划，设计测试用例，分析测试数 据，编制测试报告 4、为其他部门提供技术支持，与其他部门的产品 联合测试工作 ,6月29日,,"https://www.zhaopin.com/jobdetail/CCL1487604860J40925296204.htm?refcode=4019&srccode=401901&preactionid=a7c1140f-c46c-45e5-b867-ab342d8bdc77"
4036,科研人员,丽水-莲都区,2-3万,南京驰讯人力资源有限公司,人力资源服务,20人以下,未融资,CCL1487435840J40761744811,岗位职责,7月26日,,"https://www.zhaopin.com/jobdetail/CCL1487435840J40761744811.htm?refcode=4019&srccode=401901&preactionid=a7c1140f-c46c-45e5-b867-ab342d8bdc77"
4037,前端开发,西安-雁塔区,1-1.6万,智成时空(西安)创新科技有限公司,计算机软件,20-99人,未融资,CCL1438046380J40771011414,企业福利：,6月26日,智成时空(西安)创新科技有限公司由超图集团与旗下原超图西安分公司核心团队于2022年合资成立，是超图软件(股票代码：300036)参股子公司，专业致力于实景三维领域核心技术研发与应用创新。公司自主研发的产品“实景三维数据管理系统”和“三维实景GIS桌面软件”双获中国地理信息产业协会行业软件公开测评第一名，参建的自然资源部国家基础地理信息中心重大专项“自然资源三维时空信息平台构建关键技术与应用”项目荣获2024年度地理信息科技进步一等奖，同时承担了陕西省2023年度省级重点研发项目“时空数字孪生基础平台”的研发任务。公司高度重视技术研发的投入，已取得覆盖海量多源异构实景三维数据管理、时空数字孪生体构建方法等实景三维领域关键技术的知识产权，累计获授发明专利10余项、软件著作权60余项。自成立以来，公司产值始终保持年均增长率100%以上的快速发展，2024年公司通过国家高新技术企业认定，持有双软认证、ISO质量管理体系认证及CMMI三级等专业资质，目前公司用户已遍布自然资源行业部委及部分省级单位、中电科等央国企单位，业务应用覆盖实景三维、时空信息、数字经济、低空经济等多领域。,"https://www.zhaopin.com/jobdetail/CCL1438046380J40771011414.htm?refcode=4019&srccode=401901&preactionid=a7c1140f-c46c-45e5-b867-ab342d8bdc77"
4038,技术支持工程师,深圳-None,4000-6000元,比亚迪股份有限公司,"汽车研发/制造,汽车研发/制造,新能源汽车",10000人以上,已上市,CC132962990J40375929702,比亚迪公司企业文化：“比学赶帮超”。公司人才理念：比亚迪坚持以人为本的人力资源方针，尊重人，培养人，善待人，为员工建立一个公平、公正、公开的工作和发展环境。公司人才价值观:竞争、谦虚、吃苦、好学。,10月31日,比亚迪是一家致力于“用技术创新，满足人们对美好生活的向往”的高新技术企业。比亚迪成立于1995年2月，经过20多年的高速发展，已在全球设立30多个工业园，实现全球六大洲的战略布局。比亚迪业务布局涵盖电子、汽车、新能源和轨道交通等领域，并在这些领域发挥着举足轻重的作用，从能源的获取、存储，再到应用，全方位构建零排放的新能源整体解决方案。比亚迪是香港和深圳上市公司，营业额和总市值均超过千亿元。,"https://www.zhaopin.com/jobdetail/CC132962990J40375929702.htm?refcode=4019&srccode=401901&preactionid=a7c1140f-c46c-45e5-b867-ab342d8bdc77"
4039,科研人员,苏州-吴中区,2.5-3万,哈工大苏州研究院,科学技术推广,100-299人,,CCL1463993730J40733883709,岗位职责：1.围绕智能聚合物材料研发及柔性电路集成应用。重点开展高分子材料/生物材料性能优化以及材料与柔性电路的结合研究；    2.发表高水平学术论文，申报专利；    3.申报国家级/省级各类基金项目；    4. 协助团队建设，完成团队及研究院安排的工作。    岗位要求：    1.博士学历，包括但不限于力学、聚合物材料、生物材料、生物医学工程、柔性电子技术、材料科学与工程等相关专业；    2.助理研究员申请人年龄不超过35周岁，副研究员申请人年龄不超过32岁，获得博士学位不超过三年，全职从事博士后研究工作；    3.具有良好的学术背景和较强的发展潜力；    4.具有生物材料或医疗器械领域的研究背景，掌握智能聚合物设计优先。         符合苏州市引进急需紧缺博士后科研人才，可以申请人苏州市高层次人才事业编制“周转池”，提供机关事业单位养老保险和职业年金。符合苏州市引进急需紧缺博士后科研人才，可以申请人苏州市高层次人才事业编制“周转池”，提供机关事业单位养老保险和职业年金。   相关待遇   助理研究员：不低于25万元/年；   副研究员：不低于35万元/年；   畅通发展通道   1.符合条件的拟进站及已进站人员均可申报副研究员；   2.在站期间可按要求申请学校教师岗位；   3.研究院设立博士后奖励基金，用于奖励具有优秀学术潜质和科研成果丰硕的博士后；   4.入选国家资助博士后研究人员计划A档，项目完成验收后，研究院将给予8万元/项额外资助；入选江苏省“卓博计划”A档，项目完成验收后，研究院将给予5万元/项额外资助。 ,6月10日,哈工大苏州研究院是苏州市、吴中区和哈工大共同建设的哈工大在长三角地区唯一的综合性研究院，研究院依托苏州市经济、区位、生态、政策等开放优势和哈工大在人才培养、科学研究、成果转化、国际合作等方面办学优势，布局建设航空航天、机器人及装备制造、新材料、节能环保、信息通信、金融科技等领域的七大创新研究中心，打造高水平产教融合人才培养基地、产业创新孵化平台和国际交流合作平台。研究院按照“一体两翼”模式建设事业平台、企业控股平台和资本投融平台，在各个阶段支持研究院科技成果孵化落地。未来五年内，研究院将不断集聚优质创新资源，谋划国家级重大技术创新中心和省部级重点实验室等一批重大平台；引进一批能够突破关键技术、发展高新产业、带动新兴学科的战略科学家和科技领军人才队伍；培育1200名以上的硕士、博士研究生，构建集知识创造转移、技术育成孵化、产业技术服务、对外交流合作于一体的综合性创新生态，成为立足苏州、服务江苏、辐射长三角，在区域产业升级活动中起骨干和引领作用的科技创新平台。,"https://www.zhaopin.com/jobdetail/CCL1463993730J40733883709.htm?refcode=4019&srccode=401901&preactionid=a7c1140f-c46c-45e5-b867-ab342d8bdc77"
4040,C/C++,东莞-None,1.4-2.8万,外企德科数字技术有限公司,专业技术服务,10000人以上,,CCL1480117890J40602276105,1、本科及以上学历，专业不限； 2、熟悉Java/Python/C/C++/Go等一种或多种编程语言； 3、熟练软件开发流程，热爱编程，有良好的代码风格； 4、善于沟通，良好的表达沟通能力，有独立解决问题的能力。,2025年07月30日,外企德科数字技术有限公司是一家2023年新成立的中外合资企业。成立于2023年11月24日，公司定位：专注于为信息技术企业提供人才及数字技术外包解决方案的中外合资企业。它是由中国人力资源服务行业的FESCO（北京国际人力资本集团）与全球人力资源服务领导者The Adecco Group（德科集团）合资成立的。公司主要提供网络技术服务、软件外包服务、计算机系统服务、技术进出口、软件开发等信息技术相关服务。专注于为信息技术企业提供信息技术类人才及数字技术外包解决方案。,"https://www.zhaopin.com/jobdetail/CCL1480117890J40602276105.htm?refcode=4019&srccode=401901&preactionid=a7c1140f-c46c-45e5-b867-ab342d8bdc77"
4041,实施工程师,佳木斯-向阳区,7000-10000元,东华医为科技有限公司,"IT服务,IT服务",1000-9999人,未融资,CC649781480J40284180905,1. 学习能力强，能较快掌握和应用新技术，具备较好的独立解决问题的能力，有较强的适应能力、吃苦耐劳、能担重任； 2. 工作敬业，责任心强，能够按照规定的工作流程开展工作，积极主动，发现问题及时提出意见和建议； 3. 善于沟通，有较好的表达能力和职业素质； 4. 有团队协作精神，能够与各方面的领导和同事融洽合作； 5. 有良好的编程能力，至少熟练掌握Java、VB、VC、C、C#之一种计算机语言，具备开发案例； 6. 熟悉关系型数据，掌握sql语言； 7. 能接受出差，能够承受一定程度加班； 8. 要求大学本科一批及以上学历，1-2年以上医疗软件实施或者开发经验优先，应届生不限； 9.工作地点为黑龙江各城市（哈尔滨、齐齐哈尔、佳木斯、大庆、牡丹江、七台河、安达、建三江、鸡西等）。 职位福利：五险一金、绩效奖金、加班补助、带薪年假、定期体检、项目奖金、包住、通讯补助  ,2025-07-27 00:26:43,东华医为科技有限公司（简称东华医为）成立于2012年5月，注册资金5000万，是东华软件股份公司旗下专业服务医疗、卫生等大健康领域IT业务的全资子公司。东华医为现有员工2000余人，其中技术人员占比达到90%，拥有近100项大健康类自主知识产权的软件产品，所覆盖的大健康领域有医疗机构、卫生管理机构、互联网医疗、人工智能、大数据、健康管理等，所涉及的主要业务有IT咨询规划、方案设计、系统集成、软件开发与交付、工程实施与交付、人才培养、售后运维、合作运营等。东华医为现为全国500余家大健康领域的各类用户提供着持续的技术服务，还连续多年蝉联中国十佳医疗行业解决方案商榜首。传承了东华软件医疗卫生事业部近二十年IT业务的东华医为，在高速发展的大健康领域，笃定能大有作为。,"https://www.zhaopin.com/jobdetail/CC649781480J40284180905.htm?refcode=4019&srccode=401901&preactionid=a7c1140f-c46c-45e5-b867-ab342d8bdc77"
4042,科研人员,北京-None,2-3万,航天科工空间工程发展有限公司,"船舶/航空/航天/火车制造,学术/科研",500-999人,A轮,CC710728630J00052569310,岗位职责： 1) 针对政府、行业等用户的卫星应用需求，提供系统级解决方案，负责方案总体设计、论证及抓总实施； (2) 负责卫星通信、卫星导航、卫星遥感相关数据的处理分析及数据应用设计； (3)负责地面应用中心、大数据中心的系统设计、论证、软硬件要求分解及系统集成； (4) 负责对空间飞行器有效载荷在应用层面提出功能及性能要求； 岗位要求：  (1) 熟悉卫星通信、卫星导航或卫星遥感相关地面应用系统设计，具有相关工程经验； (2) 熟悉互联网数据挖掘与增值服务，熟悉卫星影像、雷达数据的处理分析，熟悉数据中心建设； (3) 熟悉通信、导航、光学、雷达等卫星载荷的应用，对相关载荷有一定的抓总设计能力，对相关专业领域有较深入了解； (4)具有通信、计算机、电子信息、软件工程等相关专业背景，具有5年以上从业经验； (5)具有卫星应急通信、卫星通信终端研制、数据指控中心软件开发、北斗短报文应用、无线传感器网络等相关经验者优先。 (6) 具有硕士及以上学历，具有副高级及以上技术职称者优先； (7)身体健康，思维敏捷，具有良好的沟通协调能力。 职位福利：五险一金、绩效奖金、交通补助、餐补、通讯补助、带薪年假、补充医疗保险、定期体检 ,12月3日,"中国航天科工集团空间工程总体部（以下简称空间工程总体部）隶属于中国航天科工集团第二研究院，是航天科工集团空间领域的总体单位，集卫星研发、制造和应用于一体。于2017年12月22日正式成立，以发展世界一流空间工程产品和技术，支撑集团、二院航天产业为主责，努力建成世界一流航天产业总体部。作为国企改革的试点单位，入选国资委双百企业，获评国家高新技术企业、国家级专精特新小巨人企业。2015年5月29日，航天科工集团在二院空间技术总体设计部的基础上批复组建中国航天科工集团空间工程总体部（以下简称空间总体部），作为集团公司空间工程技术研究、系统研发和产业转化的平台，负责牵引和带动集团公司空间工程领域的产业发展。 2017年12月22日，经航天科工集团批准成立，由中国航天科工防御技术研究院、北京电子工程总体研究所、北京无线电测量研究所、北京遥感设备研究所、北京机械设备研究所、北京计算机技术及应用研究所、北京新风航天装备有限公司、湖北长江航天产业投资基金合伙企业（有限合伙）（以下简称长江基金）以空间总体部为基础共同出资设立空间工程总体部，注册资本3亿元人民币，注册地为湖北省武汉市。2021年12月30日，空间工程总体部完成A轮融资，引入北京金融街资本运营集团有限公司等10家外部投资者，注册资本增至14.48亿元。总体部现有人员500余人，研发人员中硕士及以上学历占比91%，副高级及以上职称占比35.4%，35岁以下人员占比67%。其中,海外高层次专家1人，获政府特殊津贴3人，获评集团级专家3人，获评集团级学术技术带头人2人，获评集团青年拔尖后备人才1人，获航天基金会奖励3人，获问津英才称号4人，军队科技进步奖等各类奖项合计9人次，其他院级及以上人才15人次。涉及专业领域包括空间工程总体技术、空间飞行器技术、空间载荷技术、空间应用技术、智能制造技术5个专业方向，细分为16个一级学科，47个二级学科，核心专业齐全。总体部致力于成为国家航天领域的主力军、航天差异化创新发展引领者、商业模式创新发展的开拓者、卫星智能批量化生产的先行者。总体部聚焦国家战略方向，深耕1+6+N产业布局，厚植航天基业基因，以打造“世界一流航天产业总体部”为企业愿景，致力于打造形成以“轻、灵、快、廉”为主要总体技术特征，涵盖卫星研发、设计、制造全过程，具备卫星快速设计与批量生产能力。总体部多地布局，北京设研发中心、国际交流中心。武汉设总部基地、卫星生产制造中心、卫星科技教育中心、卫星展示展览中心。武汉卫星产业园位于湖北省武汉市新洲区国家航天产业基地,产业园整体规划426亩,一期工程占地200亩。2021年5月卫星产业园投入使用,现有主体建筑8栋,建筑面积8万余平方米；建有国内首条卫星智能生产线,涵盖仓储物流、智能部装、智能总装、测试与试验等多个分系统,能够实现从零部组件入库到整星下线的全部生产流程；作为我国首条“柔性智能化、数字孪生、云制造”小卫星智能生产线,入选“2021年中国智能制造十大科技进展”。","https://www.zhaopin.com/jobdetail/CC710728630J00052569310.htm?refcode=4019&srccode=401901&preactionid=a7c1140f-c46c-45e5-b867-ab342d8bdc77"
4043,C/C++,武汉-None,5000-8000元,武汉高高又架架网络科技有限公司,游戏,20-99人,,CCL1503670410J40681767106,①本岗位需要 熟练使用Godot引擎,6月11日,,"https://www.zhaopin.com/jobdetail/CCL1503670410J40681767106.htm?refcode=4019&srccode=401901&preactionid=a7c1140f-c46c-45e5-b867-ab342d8bdc77"
4044,测试工程师,忻州-原平市,5000-7000元,天阳科技,"计算机软件,计算机软件",1000-9999人,已上市,CC120408370J40824024108,1.全国项目驻场测试，主要负责功能、数据或接口等相关测试工作； 2.统招本科学历及以上（学信网可查）；毕业满2年；计算机专业优先； 3.热爱软件测试行业、有强力的自驱力，能够在测试岗位深入学习研究； 4.有无经验均可，服从公司安排，接受公司培养，可接受异地工作优先； 福利待遇： 上市公司，公司可以提供住宿，提供五险一金； 欢迎符合要求的小伙伴们投递~,7月23日,天阳科技(股票代码：300872)，是全球金融创新服务的重要贡献者，持续赋能中国金融行业数字化转型，为客户提供咨询、金融科技产品、金融IT服务、云计算及运营服务。公司成立于2003年，服务超过300家金融行业客户，覆盖中央银行、政策性银行、国有银行、股份制银行、地方性商业银行、非银行金融机构等，员工人数近7000人，成为激活金融领域创新活力、推动金融科技迈入世界领先水平的重要力量。作为金融行业客户可信赖的合作伙伴，天阳科技凭借丰富的行业经验和端到端的专业服务，在信创、数字化金融、信贷、交易银行、信用卡、零售、营销、风险管理、征信监管等众多领域具备核心竞争力。据赛迪和IDC报告显示，近年来公司在中国银行业IT解决方案市场排名强势崛起，2019年收入及市场占有率综合排名分别位列第四位和第五位，并保持高速增长。同时，前瞻商业和科技趋势，入选2021年度未来银行科技服务商TOP100。天阳科技始终聚焦金融科技领域，加大自主创新力度，在超过100个城市建立本地化、专业化的研发和服务团队，拥有CMMI5级认证、软件测试成熟度模型集成（TMMi）3级认证、ISO9001质量管理体系认证、ISO20000信息技术服务管理体系认证、IS027001信息安全管理体系认证。通过部署人工智能、云计算、大数据、移动互联网、分布式计算和区块链等先进金融科技，公司致力于构建安全可控、普惠民生、开放共赢格局，在关键技术领域服务现代化金融发展大局，更好地为各利益相关方创造更大价值，为大中企业、小微企业以及每个个体提供优质金融服务。,"https://www.zhaopin.com/jobdetail/CC120408370J40824024108.htm?refcode=4019&srccode=401901&preactionid=a7c1140f-c46c-45e5-b867-ab342d8bdc77"
4045,Java,哈尔滨-道里区,3000-5000元,中国船舶集团有限公司第七〇三研究所,船舶/航空/航天/火车制造,20-99人,,CCL1257244850J40799215512,学历要求： 硕士学历及以上 学校要求： 985或211 专业要求： 计算机科学与技术、软件工程、计算机应用技术、信息与计算科学等相关专业 外语要求： CET4 岗位职责简介： 1.负责业务应用系统的需求分析、功能开发、用户测试、运行维护等工作。 2.负责跟踪学习信息技术领域新技术，掌握技术发展动向。 岗位要求： 1.硕士学历及以上。 2.计算机科学与技术、软件工程、计算机应用技术、信息与计算科学等相关专业。 3.熟练掌握Java、C#、Python等编程语言中的一种，熟悉至少一种主流数据库软件的开发。 4.具有较强的学习及科技创新能力。 5.具有较强的沟通协调及团队协作能力。 6.身体健康、品行端正、吃苦耐劳、爱岗敬业。 7.有行业软件、国产应用、人工智能等开发经验者优先。,7月22日,,"https://www.zhaopin.com/jobdetail/CCL1257244850J40799215512.htm?refcode=4019&srccode=401901&preactionid=a7c1140f-c46c-45e5-b867-ab342d8bdc77"
4046,科研人员,深圳-坪山区,1.2-2.4万,北京理工大学深圳汽车研究院(电动车辆国家工程实验室深圳研究院),"学术/科研,新能源",100-299人,未融资,CCL1200185750J40535926909,岗位职责： 1、开展高能量密度锂金属电池体系用电解液开发及性能评估； 2、开展锂金属负极及其表界面性质研究，聚焦锂金属负极特征变化，及锂金属结构设计； 3、研究锂金属电池体系失效分析、机理研究、表征及改善； 4、对前沿电池体系相关技术调研与追踪； 5、撰写论文和专利，负责或协助项目申请。 任职要求： 1、电化学、材料、高分子等方向，硕士及以上学历，博士优先； 2、具有锂金属负极（金属电极）、液态电解液（溶剂、锂盐、添加剂）、固态电池（固态电解质、固态电池工艺）等相关研究经验，发表过高质量SCI论文者优先； 3、熟练掌握各类材料分析表征技术和电池测试评价技术； 4、具有优秀的动手能力，良好的独立思考能力和创新能力； 5、具有良好的英文读写能力和专业文献查阅能力。 职位福利：五险一金、节日福利   ,4月16日,北京理工大学深圳汽车研究院（电动车辆国家工程实验室深圳研究院）成立于2019年，是由深圳市人民政府、坪山区人民政府与北京理工大学依托电动车辆国家工程实验室共同建设的事业单位，是广东省认定的高水平新型研发机构。研究院面向国际技术前沿，服务国家汽车强国发展战略，依托北京理工大学技术积累及人才优势，结合粤港澳大湾区汽车产业高质量发展需求，围绕新能源汽车和智能网联汽车发展方向，开展技术研究、试验检测、成果转化、技术咨询、教育培训、学术交流等业务，着力打造先进技术输出高地和高端人才聚集高地，重点建设科学研究与技术创新平台、成果转化与产业孵化平台、试验检测与公共服务平台、人才引培与国际合作平台，助力粤港澳大湾区国际科技创新中心建设、服务北京理工大学“双一流”建设。研究院聚焦汽车“电动化、智能化、网联化、轻量化、共享化”五大发展方向，围绕基础性、前瞻性、战略性技术，重点在车辆系统集成与控制、智能网联、动力电池、燃料电池、电驱动、轻量化、基础设施、前瞻与交叉、产业战略及军民融合等十大研究领域开展技术攻关，致力于建设成为“国内一流、国际领先”的国家级研发平台和“交叉融合、开放共享、投资多元、运行高效”的国际化新型研发机构。,"https://www.zhaopin.com/jobdetail/CCL1200185750J40535926909.htm?refcode=4019&srccode=401901&preactionid=a7c1140f-c46c-45e5-b867-ab342d8bdc77"
4047,C/C++,北京-石景山区,1.3-2万,北京龙坤盛达科技有限公司,"电子/半导体/集成电路,计算机硬件",20-99人,未融资,CC328986110J40574867810,"岗位要求:   1.熟悉QT Creator/VisualStudio开发环境，理解 QT底层实现机制;   2.具备多线程开发经验、熟悉网络编程、串口编程;   3.熟悉数据库软件开发如SQLserver、SQLite,具备数据库表关系设计及数据库优化经验;   4.熟悉windows和linux/麒麟操作系统下软件开发，有 GIS及导航相关应用开发经验;   5.具备良好的代码编写风格和规范，能够编写高质量、高效率的代码;   6.掌握面向对象的分析、设计原理，熟悉软件开发过程及常用设计模式，具备良好的编程规范;   7.有gis相关开发经验者优先。   8.使用过ps等图形设计软件者优先。",2月24日,北京龙坤盛达科技有限公司成立于2010年，是一家从事高科技产品研发生产和技术服务的国家高新技术企业。公司遵循“诚信、创新、合作、共赢、发展”的经营理念，专注于测控自动化、现场通信、智慧物联、新能源等领域的研发、生产和服务。公司坚持立足军工、服务社会，利用软硬件深度融合与系统集成的成熟技术和丰富经验，在军工测控自动化、仿真模拟、检测维修、信息系统等方向提供了高效解决方案和一流产品。十多年来，公司始终依托强烈的创新意识、高效的研发能力和严格的质量运行体系，为客户提供高可靠性的优质产品与服务，并致力于成为国内领先的测控通信与智慧物联服务商。,"https://www.zhaopin.com/jobdetail/CC328986110J40574867810.htm?refcode=4019&srccode=401901&preactionid=a7c1140f-c46c-45e5-b867-ab342d8bdc77"
4048,科研人员,长春-朝阳区,1.3-1.9万,国信蓝桥数字科技(天津)有限公司,学校/学历教育,100-299人,,CCL1504714850J40767823710,硕士及以上学历,7月21日,,"https://www.zhaopin.com/jobdetail/CCL1504714850J40767823710.htm?refcode=4019&srccode=401901&preactionid=a7c1140f-c46c-45e5-b867-ab342d8bdc77"
4049,实施工程师,潍坊-高密市,7000-12000元,豪迈集团股份有限公司,"电气机械/电力设备,通用设备制造,专用设备制造",10000人以上,已上市,CC546568620J40729710408,岗位职责:,7月26日,◇企业简介豪迈，始创于1995年，位于山东省高密市，历经20余年的发展，现拥有1家上市公司、8家海外生产型公司、11家专精特新企业。目前是世界上最大的轮胎模具制造商、世界上有影响力的高档机械零部件制造商，连续4次登上美国福布斯《中国潜力企业榜》，2014年在福布斯“中国上市潜力企业100强”中排名第40位。集团行业涉及机械、油气、海工、能源、地产、金融、教育等领域，与多家世界500强企业展开深度合作。◇岗位对口、技术先进、发展空间广阔提供专业对口技术岗位，掌握世界领先的模具、零部件、油气装备等研发技术；集团快速发展，提供技术、管理、商务多通道晋升。◇福利待遇年终奖金、五险一金、交通补贴、用餐补贴、工龄补助、免费体检、带薪年假、节日礼品等。◇配套完善的住房设施提供高标准单身公寓（热水器、空调、独立卫生间等）、独立产权的商品房、经济适用房。◇独特的教育配套设施公司附近配套建设省级示范标准的豪迈幼儿园、小学、中学，为员工子女提供12年的优质教育。,"https://www.zhaopin.com/jobdetail/CC546568620J40729710408.htm?refcode=4019&srccode=401901&preactionid=a7c1140f-c46c-45e5-b867-ab342d8bdc77"
4050,科研人员,深圳-光明区,2.2-3.5万,深圳理工大学,学校/学历教育,500-999人,,CCL1317818340J40653309110,"课题组/导师简介： 白杨，现任深圳理工大学材料能源学院副教授、中科院深圳先进技术研究院研究员，获2021年国家基金委优秀青年基金（海外）项目资助，入选2022年科睿唯安全球高被引科学家榜单（交叉学科），2023年深圳市孔雀计划青年团队项目带头人。长期专注于新型光电能源材料（钙钛矿、量子点）的设计与制备，及其在薄膜光伏、发光显示等方面的应用研究，迄今发表论文70余篇，其中以第一/通讯作者在顶级期刊如Nature Energy, Nature Communications, Advanced Materials，Angewandte Chemie International Edition等发表文章30余篇，论文被引用1.2万余次，H因子为45。申请授权中国、美国及PCT专利8项。曾获2019年Scopus青年研究奖, 2019年昆士兰大学杰出基础研究奖, 2018年澳大利亚基金委优秀青年研究奖等多项殊荣。2017-2021年承担昆士兰大学本科及研究生三门课程教学任务。兼任eScience、SmartMat、Journal of Energy Chemistry、Journal of Semiconductor等期刊青年编委。现主持国自然优秀青年（海外）基金，中科院人才引进基金，广东省面上项目，深圳市孔雀青年团队等项目。 官网介绍：https://msee.suat-sz.edu.cn/info/1010/1098.htm 1、即将取得博士学位或取得博士学位不超过3年，年龄原则上不超过35周岁； 2、具备较高的学术水平和较强的科研能力，能独立开展科研工作； 3、专业要求：具备扎实的专业基础知识；优先考虑具有半导体光电材料（如杂化钙钛矿、胶体量子点、有机小分子或聚合物等）合成与表征、光电转换器件（如太阳能电池，发光二极管等）制备与测试、器件物理与理论计算等研究背景的申请人，或有相关应用开发经验者； 4、在国际学术期刊发表过相关论文者优先考虑； 5、具备较强的英语听说读写能力； 6、具备良好的学术道德和团队合作精神； 7、全职从事博士后研究工作。 福利待遇： 1、博士后聘期两年，提供年薪不低于30万元；优秀应聘者年薪不低于38万（含深圳市在站生活补助18万），特别优异的应聘者可推荐科研助理教授岗位（符合条件者可申请深圳市人才补助24万/年）。福利待遇参照学校同等教职工标准执行，享受五险一金，绩效奖励等。 2、课题组提供优良的工作环境和充足的科研条件支持，全力支持博士后本人作为负责人申请中国博士后科学基金、国家自然科学基金以及广东省、深圳市等各级科研项目。结合自身条件，课题组协助在站和出站留深博士后申请深圳市相关人才计划。成果突出的博士后，出站后可推荐科研助理教授岗位。 3、出站后留深签约3年工作劳动合同，可申请深圳市博士后出站留（来）深科研资助30万（每年10万共计3年）; 4、可依托学校申请深圳市人才房。可落户深圳市，配偶及未成年子女可办理随迁入户。 5、具有从幼儿园、小学、初中、高中的高水准附属教育机构，为教职工子女提供优质教育资源。提供高水准医疗保障，入职满一年可享受定制化高端体检。 （如政策有所调整，根据实际政策而定）  请将申请材料（含个人简历、发表文章及学术成果总结）发至：****************，邮件标题请注明""XXX应聘SUAT白杨课题组+岗位""，请在邮件中注明拟到岗时间。简历经严格筛选后将及时安排面试，个人信息将严格保密。",9月13日,中国科学院深圳理工大学（简称“中科院深理工”）是由中国科学院与深圳市人民政府合作，依托中国科学院深圳先进技术研究院建设的独立设置的全日制高校，目标建设成为世界一流、“小而精”的研究型大学。中科院深理工将打造科教融合、产教融合、粤港澳合作及国际化办学、体制机制创新四大特色。在科教融合方面，坚持立德树人，以人才培养为根本任务，坚持以学生成长为中心，遵循教育规律和人才成长规律，创新教育教学方法，探索培养拔尖创新人才的模式，建立学院、书院、研究院“三院一体”的人才培养体系。在产教融合方面，中科院深理工将延续先进院的科技创新发展路径，通过加强创客学院建设，提倡创新创业精神，提供高质量创业氛围，培育学生的创业基因和能力。在国际化方面，学校将面向国内外引进高水平、国际化的教师队伍，提升国际化教学水平。将英文纳入工作语言，专业类课程计划全英文授课，计划三分之一至四分之一教授为外籍，三分之一至四分之一学生为外籍。在体制机制创新方面，中科院深理工将积极引进社会资本参与办学，并在坚持党领导的前提下，计划实行以理事会为核心的法人治理结构。中科院深理工旨在为粤港澳大湾区、为国际培养立志于科研的未来科学家学术前沿的科研领军者、立志于创新创业的未来企业家未来产业的创造者和引领者以及高科技产业的未来技术精英未来高科技行业的技术骨干和引领者。,"https://www.zhaopin.com/jobdetail/CCL1317818340J40653309110.htm?refcode=4019&srccode=401901&preactionid=a7c1140f-c46c-45e5-b867-ab342d8bdc77"
4051,C/C++,东莞-None,1.5-3万,外企德科数字技术有限公司,专业技术服务,10000人以上,,CCL1480117890J40724481105,基本要求： 1、熟练掌握C/C++/python/java/go等语言开发； 2、熟悉一种以上脚本语言，shell、python等； 3、掌握常用数据结构、常用算法； 4、良好的表达能力，钻研精神，注重团队协作，主动担责。   公司福利: 1.入职即缴纳五险一金+商业险，全额缴纳社保及公积金 3.一年数次考评，薪资、职级可上浮 4.带薪年假5-15天 5.免费夜宵，城际班车，舒适的办公环境 6.免费健身房，各种娱乐活动(可自行选择是否参加，不参加就早点下班哦）,2025-07-27 00:23:28,外企德科数字技术有限公司是一家2023年新成立的中外合资企业。成立于2023年11月24日，公司定位：专注于为信息技术企业提供人才及数字技术外包解决方案的中外合资企业。它是由中国人力资源服务行业的FESCO（北京国际人力资本集团）与全球人力资源服务领导者The Adecco Group（德科集团）合资成立的。公司主要提供网络技术服务、软件外包服务、计算机系统服务、技术进出口、软件开发等信息技术相关服务。专注于为信息技术企业提供信息技术类人才及数字技术外包解决方案。,"https://www.zhaopin.com/jobdetail/CCL1480117890J40724481105.htm?refcode=4019&srccode=401901&preactionid=a7c1140f-c46c-45e5-b867-ab342d8bdc77"
4052,Java,深圳-龙岗区,1.6-3万·14薪,外企德科数字技术有限公司,专业技术服务,10000人以上,,CCL1480117890J40786009405,工作内容: 1.负责研发领域IT系统技术方案的设计，开发等工作; 2.负责项目开发过程中的技术攻关及解决运行中出现的技术问题; 3.负责产品核心模块的代码编写和测试; 4.负责产品疑难问题的分析和定位。 岗位要求: 1.统招学历学位证，毕业证，学信网可查; 2.热爱编程，基础扎实，熟悉掌握但不限于JAVA/Python/JS/HTML/GO/C/C++/C#等编程语言中的一种或数种，有良好的编程 习惯; 3.具备独立工作能力和解决问题的能力、善于沟通、乐于合作、热衷新技术、善于总结分享，喜欢动手实践;,2025-07-27 00:25:27,外企德科数字技术有限公司是一家2023年新成立的中外合资企业。成立于2023年11月24日，公司定位：专注于为信息技术企业提供人才及数字技术外包解决方案的中外合资企业。它是由中国人力资源服务行业的FESCO（北京国际人力资本集团）与全球人力资源服务领导者The Adecco Group（德科集团）合资成立的。公司主要提供网络技术服务、软件外包服务、计算机系统服务、技术进出口、软件开发等信息技术相关服务。专注于为信息技术企业提供信息技术类人才及数字技术外包解决方案。,"https://www.zhaopin.com/jobdetail/CCL1480117890J40786009405.htm?refcode=4019&srccode=401901&preactionid=a7c1140f-c46c-45e5-b867-ab342d8bdc77"
4053,软件测试,南京-雨花台区,1.5-3万·14薪,外企德科数字技术有限公司,专业技术服务,10000人以上,,CCL1480117890J40716201305,岗位职责： 1、根据存储产品需求制定测试计划，设计测试用例； 2、有效地执行测试用例，提交测试报告； 3、准确地定位并跟踪问题，推动问题及时合理地解决； 4、完成对存储和盘产品相关的功能、性能、可靠性和兼容性的集成测试验证； 5、实现需求的自动化测试。 任职要求： 1、 熟练掌握Linux、VMware、数据库等技术，熟悉一种以上的脚本语言，如python等； 2、 具备软件测试能力，具备测试用例设计能力；有硬盘性能，可靠性、兼容性测试经验者优先； 3、 良好的表达能力，钻研能力，注重团队合作，主动担当； 4、 有自动化开发测试经验，熟悉自动化框架和原理，掌握常用的数据结构和算法基础，对存储领域感兴趣。 岗位特点： 1、薪酬一般15-30k，根据笔试与面试结果进行定薪； 2、双休，每个月最后一个周六固定加班，双倍工资； 3、五险一金入职就有，试用期薪资不打折； 4、入职＆年度免费体检、免费夜宵、班车／加班打车免费、下午茶、节假日礼品等福利补贴； 5、全程线上面试，工作地点自由选择：成都、深圳、北京、上海、杭州、西安、南京、武汉、东莞等 ，产品线双向选择，欢迎咨询。 业务优势： 1.接触前沿项目与最新技术，极具锻炼和挑战性； 2.具有与大牛交流机会，有益于个人成长与能力提升； 3.导师专业指导：试用期配备导师，帮助新人快速融入团队和快速理解业务场景。,2025-07-27 00:23:27,外企德科数字技术有限公司是一家2023年新成立的中外合资企业。成立于2023年11月24日，公司定位：专注于为信息技术企业提供人才及数字技术外包解决方案的中外合资企业。它是由中国人力资源服务行业的FESCO（北京国际人力资本集团）与全球人力资源服务领导者The Adecco Group（德科集团）合资成立的。公司主要提供网络技术服务、软件外包服务、计算机系统服务、技术进出口、软件开发等信息技术相关服务。专注于为信息技术企业提供信息技术类人才及数字技术外包解决方案。,"https://www.zhaopin.com/jobdetail/CCL1480117890J40716201305.htm?refcode=4019&srccode=401901&preactionid=a7c1140f-c46c-45e5-b867-ab342d8bdc77"
4054,测试工程师,广州-天河区,80-150元/天,东谱科技(广州)有限责任公司,"仪器仪表制造,科学技术推广",20-99人,,CC600793280J40657180009,1、主要职责   （1）负责样品测试，撰写测试报告，撰写测试用例手册；   （2）负责调研、征集行业典型样品，并提交采购需求；   （3）负责建立实验室测试数据库，包括样品数据、测试数据、典型案例等；   （4）负责仪器设备的日常管理，保证场地正常运行；   （5）协助实验室设备使用指导书编写和修订；   （6）对相关产品的营销提供必要的支持（如售前和售后技术支持，产品线上宣传）；   （7）完成部门经理交办的其它相关事务。,6月20日,Oriental Spectra成立于2017年，总部位于广东省广州市。Oriental Spectra是专业的光电仪器及技术方案服务商，业务覆盖光电设备研制、生产、销售、技术服务等环节，自主研发的数十个系列的高端光电检测产品已广泛应用于材料科学、生命科学、食品科学、环境科学、照明、显示、能源、传感、半导体等领域。公司汇聚了一群有技术、有情怀、有热情的科学家、工程师，为全球高校和企业提供专业的高端光电谱学仪器和前沿技术服务。公司主营业务：（1）发光材料与器件、光伏材料与器件、光电探测器材料与器件、钙钛矿材料与器件、有机材料与器件、量子点材料与器件、光催化材料与器件、半导体二极管、晶体管器件、薄膜与厚膜器件等光电子器件性能表征与分析技术；（2）紫外可见吸收光谱、傅里叶变换红外吸收光谱、拉曼光谱、瞬态荧光/磷光光谱、瞬态电致发光光谱、荧光寿命成像、激光闪光光解光谱、飞秒瞬态吸收光谱、飞秒上转换荧光光谱、时间相关单光子技术等前沿光谱技术。目前，公司进入快速发展阶段，需要更多优秀人才加入，共同研发先进光电谱学仪器，探索并推广前沿技术服务。我们期待您的加入，成为Oriental Spectra的事业伙伴。,"https://www.zhaopin.com/jobdetail/CC600793280J40657180009.htm?refcode=4019&srccode=401901&preactionid=a7c1140f-c46c-45e5-b867-ab342d8bdc77"
4055,技术支持工程师,保定-竞秀区,5000-8000元,保定市宇创电气科技有限公司,电力/水利/热力/燃气,20-99人,,CC371990880J40165149006,"岗位职责：  1、辅助销售部，做好售前、售中，售后的技术支持；熟练掌握售前文档(包括演示PPT、客户方案、项目申报等材料)的编写规范,能够根据项目计划编写相应文档。  2、熟练运用公司产品与软件，解答客户提问并落实问题；  3、能够出差，在工程项目的现场完成对系统及设备的调试工作。  4、售后产品的维修及原因分析，为优化产品提供信息。  5、具有电力行业技术支持经验者优先考虑。 任职资格： 1、电力专业，有高低压电力经验，学习能力强，掌握电力行业安全操作知识；  2、 熟练操作电脑，熟练使用office办公软件；  3、善于交流，吃苦耐劳，适应户外驻场工作，熟练驾驶小型汽车；  4、有线损治理经验者优先录取（主要工作内容为：为客户治理高、低压台区线损，分析高、低压台区线损异常原因，为客户提出解决方案，配合客户找到问题）。 公司福利： 1、按国家规定公司为员工缴纳五险。   2、提供双休法定节假日之外的年休假、带薪病假、婚假、产假等。   3、定期开展丰富多彩的业余文化活动，组织员工兴趣活动。   4、其他福利：年终奖+员工体检+生日卡+过年福利+员工慰问+家属关怀等。",6月12日,保定市宇创电气科技有限公司坐落于保定市国家级高新技术产业开发区，是集研发、生产、销售、服务于一体的高新技术企业，具有丰富的电力产品研发、测试、生产经验。公司以“质量第一，用户至上”为宗旨，以“以人为本，合作共赢”为方针，以“科技创新，持续改进”为核心价值观，不断给新老用户提供技术先进的优质产品。公司始终坚持依靠科技进步，致力技术创新的发展思路，坚持以诚信为本、努力将公司建设成为产品专业化、经营市场化、生产规范化、管理科学化的现代企业。诚信踏实，优质一流的产品质量和完美的售前售后服务系统将免除您的后顾之忧！宇创电气希望成为您永远的朋友！,"https://www.zhaopin.com/jobdetail/CC371990880J40165149006.htm?refcode=4019&srccode=401901&preactionid=a7c1140f-c46c-45e5-b867-ab342d8bdc77"
4056,C/C++,上海-浦东新区,1.4-2.8万·14薪,外企德科数字技术有限公司,专业技术服务,10000人以上,,CCL1480117890J40795963805,岗位内容：  1. 设计、开发和维护C++应用程序； 2. 根据产品需求，完成相应领域的研究及开发； 3. 参与项目需求分析和技术选型； 4. 负责代码编写、单元测试、Bug修复等工作。 任职要求：  1. 熟悉C++编程语言，具备扎实的编程基础； 2. 具有良好的算法和数据结构基础； 3. 熟练使用常见的开发工具，如VS、Eclipse等； 4. 具备较强的沟通协调能力和团队合作精神； ,2025-07-27 00:26:08,外企德科数字技术有限公司是一家2023年新成立的中外合资企业。成立于2023年11月24日，公司定位：专注于为信息技术企业提供人才及数字技术外包解决方案的中外合资企业。它是由中国人力资源服务行业的FESCO（北京国际人力资本集团）与全球人力资源服务领导者The Adecco Group（德科集团）合资成立的。公司主要提供网络技术服务、软件外包服务、计算机系统服务、技术进出口、软件开发等信息技术相关服务。专注于为信息技术企业提供信息技术类人才及数字技术外包解决方案。,"https://www.zhaopin.com/jobdetail/CCL1480117890J40795963805.htm?refcode=4019&srccode=401901&preactionid=a7c1140f-c46c-45e5-b867-ab342d8bdc77"
4057,科研人员,合肥-蜀山区,3-4万·13薪,道一(天津)企业管理咨询有限公司青岛分公司,商业代理服务,100-299人,,CCL1471056350J40734531816,岗位职责： 负责固体氧化物电池、电堆关键材料与前沿技术的研究，为公司提供先进技术储备，支撑产品关键技术的迭代升级。 岗位要求 1. 痴迷科学及技术研究，具有扎实的基础理论，追求真理，具有创新精神，善于从底层出发思考问题、分析问题，解决问题； 2. 材料或电化学等相关专业博士学位，工作经验不限；35岁以内 3. 试验及动手能力强，具有流延成型、注射成型、丝网印刷、陶瓷多层制备、陶瓷金属共烧结等研究及试验经历者优先； 4. 身心健康，善于学习，愿意与团队共创。逻辑思维清晰，动手能力强，能够创造性地解决问题。,7月21日,道一（天津）企业管理咨询有限公司，成立于2022年，位于天津市，是一家以从事商务服务业为主的企业，始终致力于为各类企业提供最优质的企业管理解决方案。通过多年的努力和发展，该公司已经成为业界公认的领导者和佼佼者。,"https://www.zhaopin.com/jobdetail/CCL1471056350J40734531816.htm?refcode=4019&srccode=401901&preactionid=a7c1140f-c46c-45e5-b867-ab342d8bdc77"
4058,测试工程师,潍坊-奎文区,5000-6000元,博鼎动力(山东)有限公司,汽车零部件,500-999人,,CCL1413039090J40830783415,任职要求概述:  1.可以看懂电路图，并认识常用的电子元器件;,7月24日,,"https://www.zhaopin.com/jobdetail/CCL1413039090J40830783415.htm?refcode=4019&srccode=401901&preactionid=a7c1140f-c46c-45e5-b867-ab342d8bdc77"
4059,测试工程师,长沙-岳麓区,1-2万,长沙北斗产业安全技术研究院集团股份有限公司,"通信/网络设备,电子/半导体/集成电路,学术/科研,船舶/航空/航天/火车制造",300-499人,未融资,CC431742380J40778683114,岗位职责：,7月15日,长沙北斗产业安全技术研究院（简称“长沙北斗研究院”）成立于2016年，是由长沙市人民政府批复成立的北斗时空信息安全协同创新平台；其团队承担了20余项国家级、省部级重大专项任务，其中，7人被长沙市政府评为国家级、省级领军人才，15人入选2021年度省企业科技创新创业团队。长沙北斗研究院依托团队近二十年承担北斗系统国家重大专项建设的技术优势，承建了国家级博士后科研工作站、湖南省院士专家工作站、首批湖南省新型研发机构等多个研究类平台，成为国家发改委批复的国家北斗产业创新示范园区建设单位，荣获国家高新技术企业、国家知识产权优势企业、湖南省卫星应用重点企业等称号；其全资子公司荣获国家级“专精特新”小巨人企业和科技部创新积分500名单位（稳定期第58名）等称号。,"https://www.zhaopin.com/jobdetail/CC431742380J40778683114.htm?refcode=4019&srccode=401901&preactionid=a7c1140f-c46c-45e5-b867-ab342d8bdc77"
4060,Java,深圳-龙岗区,1.6-3万·14薪,外企德科数字技术有限公司,专业技术服务,10000人以上,,CCL1480117890J40781772705,欢迎有能力的你，想学习技术的你，加入我们！  【注】考公、考研等未就业者，转行等无工作经验者，均可参加面试，且面试通过后入职。  通用要求：  1.熟悉Java/C/C++/Python等其中一种语言，具备良好的算法和编程能力。  2.熟悉Spring、Spring Boot 、Spring Cloud等各种开源框架。  3.熟悉Mysql、Oracle等数据库。  4.熟悉Devops，熟悉Docker，熟悉Kubernetes等。  面试方向：  软件开发、测试开发、数据、运维、算法、AI相关、鸿蒙开发、云计算开发、分布式开发等等等等等等等（多种方向选择，欢迎小窗沟通）  岗位福利：  1.入职缴纳五险一金，试用期薪资不打折，薪资结构透明，绩效奖金，带薪年假，加班补助。  2.平台大，稳定性强，基本盘稳，抗风险能力优于频繁裁员的公司。  3.科研大佬带队，接触前沿科技，提升核心竞争力。 base：  目前北京、上海、深圳、东莞、苏州、杭州、西安、成都、南京、武汉、长沙、济南等多地招聘的。,2025-07-27 00:25:09,外企德科数字技术有限公司是一家2023年新成立的中外合资企业。成立于2023年11月24日，公司定位：专注于为信息技术企业提供人才及数字技术外包解决方案的中外合资企业。它是由中国人力资源服务行业的FESCO（北京国际人力资本集团）与全球人力资源服务领导者The Adecco Group（德科集团）合资成立的。公司主要提供网络技术服务、软件外包服务、计算机系统服务、技术进出口、软件开发等信息技术相关服务。专注于为信息技术企业提供信息技术类人才及数字技术外包解决方案。,"https://www.zhaopin.com/jobdetail/CCL1480117890J40781772705.htm?refcode=4019&srccode=401901&preactionid=a7c1140f-c46c-45e5-b867-ab342d8bdc77"
4061,测试工程师,福州-台江区,1.5-2万·13薪,青岛鼎赫人力资源有限公司,人力资源服务,20人以下,,CC682590480J40783099814,,2025年07月28日,,"https://www.zhaopin.com/jobdetail/CC682590480J40783099814.htm?refcode=4019&srccode=401901&preactionid=a7c1140f-c46c-45e5-b867-ab342d8bdc77"
4062,硬件测试,杭州-滨江区,8000-13000元,紫光云数,"通信/网络设备,IT服务",1000-9999人,未融资,CC466500680J40142581404,岗位职责： 服务器/交换机硬件测试工程师，从事硬件测试、维护等硬件工作。 包括硬件设计审查、硬件信号测试、硬件功能验证、硬件可靠性测试等。 任职要求： 1.电子、通信、计算机相关专业本科以上学历； 2.有通信行业或电子产品的硬件工作经验优先；  3.学习能力强、有一定的抗压能力、有良好的团队协作精神。 备注：此岗位与紫光云数签合同，工作地点长期稳定在新华三总部（杭州滨江区长河路466号）！ 职位福利：五险一金、定期体检、带薪年假、通讯补助、试用期全额、周末双休 ,5月20日,"紫光集团旗下紫光云数科技有限公司（以下简称紫光云数）在南京市完成注册，注册资金10亿人民币,以北京为市场及管理总部，以南京和杭州为研发总部依托，同时，设有北京运营中心和杭州运营中心，南北三地互相协同。紫光云数是紫光集团“从芯到云”战略的有机组成部分，其业务定位于为企业级用户提供投资、融资、建设、运营的一体化新IT解决方案的运营服务。紫光云数将在IT投资融资、智慧城市建设与运营、云计算和大数据等领域提供新IT运营服务，也将承担新华三集团的融资项目，为新华三集团提供新的运营类商业模式。紫光云数科技有限公司紧跟社会和经济发展的大潮流，着眼于互联网和计算机软件的开发服务。目前的紫光云数科技公司处于发展阶段，是一个具有巨大潜力的新兴创业公司，紫光云数将紧承紫光集团的宗旨、目标、发展战略，发展自身优势，将自身打造成一个中国高科技领域的具有强大竞争力和生命力的企业。","https://www.zhaopin.com/jobdetail/CC466500680J40142581404.htm?refcode=4019&srccode=401901&preactionid=a7c1140f-c46c-45e5-b867-ab342d8bdc77"
4063,Java,西安-雁塔区,1.2-2.4万·14薪,外企德科数字技术有限公司,专业技术服务,10000人以上,,CCL1480117890J40787546105,岗位内容： 1. 开发高质量的应用程序，保证代码的可读性、可维护性、可扩展性和性能。 2. 参与需求分析、系统设计和开发计划的制定。 3. 能够快速识别问题并提供有效的解决方案。 4. 与产品和测试团队紧密合作，确保产品质量符合用户期望。 任职要求： 1. 精通编程语言，有大型项目开发经验。 2. 拥有扎实的计算机基础，熟练掌握面向对象编程思想和设计模式。 3. 熟练使用常见的Web容器和数据库（如Tomcat、MySQL）。 4. 熟悉敏捷开发流程，具备优秀的沟通和协调能力。 5.统招本科，不接受专升本,2025-07-27 00:25:35,外企德科数字技术有限公司是一家2023年新成立的中外合资企业。成立于2023年11月24日，公司定位：专注于为信息技术企业提供人才及数字技术外包解决方案的中外合资企业。它是由中国人力资源服务行业的FESCO（北京国际人力资本集团）与全球人力资源服务领导者The Adecco Group（德科集团）合资成立的。公司主要提供网络技术服务、软件外包服务、计算机系统服务、技术进出口、软件开发等信息技术相关服务。专注于为信息技术企业提供信息技术类人才及数字技术外包解决方案。,"https://www.zhaopin.com/jobdetail/CCL1480117890J40787546105.htm?refcode=4019&srccode=401901&preactionid=a7c1140f-c46c-45e5-b867-ab342d8bdc77"
4064,测试工程师,青岛-市南区,1.5-2万·13薪,青岛鼎赫人力资源有限公司,人力资源服务,20人以下,,CC682590480J40784539214,岗位职责： 1. 负责软件的功能测试。 2. 执行测试用例，报告缺陷并跟踪缺陷的修复。 3. 与开发团队协作，确保软件质量满足需求。 4. 参与软件测试流程的优化和改进。 岗位要求： 1. 熟悉软件测试理论、方法和流程。 2. 具备功能测试经验。 3. 了解运维工程师、网络工程师的工作内容，能进行基本的IT质量管理。 4. 有信息技术、标准化、电子或电路工程相关背景者优先。 薪资待遇：包住、六险一金、工龄工资、生日礼金、定期体检、带薪年假、绩效奖、项目奖、年终奖.,2025年07月30日,,"https://www.zhaopin.com/jobdetail/CC682590480J40784539214.htm?refcode=4019&srccode=401901&preactionid=a7c1140f-c46c-45e5-b867-ab342d8bdc77"
4065,测试工程师,西安-长安区,8000-15000元,天津航天瑞莱科技有限公司,"检测/认证,检测/认证",300-499人,不需要融资,CC467212810J40134305112,岗位职责： 1.负责开展技术发展规划和新技术的开发及引进。 2. 负责试验报告模板的设计和修订；    3. 负责编制试验作业文件、技术标准查新、标准清单、方法验证/确认等；    出. 参与试验报告、工装图纸的审核，确保符合输入文件要求；    5. 及时指导、处理、协调和解决试验过程中出现的技术问题，确保大区经营工作的正常进行；    6. 协助试验室制定、优化试验操作流程，为试验室提供技术支持；    7. 参与大区试验任务的评审工作，并给予技术支持；    8. 在售前、售中、售后过程中，为市场营销部提供技术支持，向客户提供专业的技术咨询；     9. 协助市场营销部处理客户就技术问题提出的抱怨和投诉，并提供技术解决方案。    10. 负责对外、对内技术支持工作；    11. 负责内部与对外技术培训、交流及研讨；    12. 负责重大项目的方案设计、编制、评审与实施；    13. 负责关键技术的技术攻关；负责研发项目的组织与实施。 ,7月1日,天津航天瑞莱科技有限公司成立于2009年7月，注册资金9000万元，由中国运载火箭技术研究院、北京强度环境研究所共同出资设立，是航天检测技术市场化、产业化的主体平台之一，面向军民各行业提供专业的试验检测服务、试验装备制造、试验室集成业务，服务网络覆盖全国。公司以打造国内领先、国际一流的第三方检验检测机构为发展定位，坚持“提升产品品质、助力客户成功、发展员工能力、培育行业专家”的企业使命，一直致力于为客户提供专业的试验检测服务与装备，使“航天瑞莱”品牌在试验检测服务行业具有较高的知名度，得到了客户的广泛认可。公司被认定为国家级高新技术企业、国家企业技术中心、国家中小企业公共服务示范平台、天津市强度环境可靠性技术工程中心、天津市企业技术中心、天津市科技领军企业、天津市科技小巨人企业、天津市专利试点单位、天津市杀手锏产品单位，获得了武器装备科研生产二级保密资格、武器装备科研生产备案、装备承制资格（试验类）、装备质量管理体系认证、国家实验室认证认可、国防科技工业实验室认可、检验检测机构资质认定等资质。,"https://www.zhaopin.com/jobdetail/CC467212810J40134305112.htm?refcode=4019&srccode=401901&preactionid=a7c1140f-c46c-45e5-b867-ab342d8bdc77"
4066,C/C++,大连-甘井子区,4000-8000元,大连柏盛源科技有限公司,"电子/半导体/集成电路,通信/网络设备,电子/半导体/集成电路,船舶/航空/航天/火车制造",20-99人,未融资,CC402275710J40799051803,职责描述： 1.负责轨道交通行车在线监测系统的研发；  2. 参与软件需求分析与设计，撰写相关技术文档。   3. 完成编码、测试、上线等软件开发工作，确保软件质量。   4. 配合团队解决项目中遇到的技术难题。   任职要求：   1.统招本科以上学历，具备Linux系统下的开发经验，熟练应用C、C++等编程语言；   2.具备ARM-Linux平台的开发调试及GDB工具使用经验，掌握进程、线程、Socket、文件、IO等开发能力；   3.掌握CAN、ETH、TRDP、MVB等通信协议及应用原理。,6月10日,"大连柏盛源科技有限公司成立于2010年，是一家立足于在线智能监测、诊断、预测技术在各领域应用的国家高新技术企业，主营产品车载智能安全监测系统，已经批量装车并累计运行数千万公里，为中车集团各主机厂、国铁集团各铁路局以及各城市地铁运营方提供有效可靠的监测及智慧运维服务。公司参与起草多项国家标准，以及国家铁路集团安全监测、检修管理规定,拥有40多项自主知识产权，荣获第十二届中国创新创业大赛全国赛优秀企业奖、第九届创客中国大连赛区一等奖、辽宁省专精特新企业、辽宁省雏鹰企业等荣誉称号，是辽宁省重点培育专业型工业互联网平台、全国轴承专用装备研发制造优秀企业，连续多年通过ISO22163体系认证、ISO9001质量管理体系认证、环境和职业健康安全管理体系认证、SIL认证。公司以“诊断精准，旋转安全”为使命，以“人”为本，尽“心”经营，实现“做大国重器安全运行守卫者”的目标！","https://www.zhaopin.com/jobdetail/CC402275710J40799051803.htm?refcode=4019&srccode=401901&preactionid=a7c1140f-c46c-45e5-b867-ab342d8bdc77"
4067,Java,南京-雨花台区,1.8-3.5万·14薪,外企德科数字技术有限公司,专业技术服务,10000人以上,,CCL1480117890J40737331405,Java开发/Python开发/C++/C/软测/前端开发/持续集成等岗位；（无经验者可接受，学历要求本科） 部门：人工智能、云计算、终端、车等； 城市：研究所（深圳、东莞、上海、成都、苏州、杭州、成都、南京、西安、北京、武汉等）全国各地域均可安排  岗位要求：本科及以上学历，计算机、软件工程、通信等相关专业优先，转行，转专业都欢迎。（优先985/211/重点院校软件类相关专业，应届生无经验也可培养，提供有竞争力的薪资和福利，东莞/深圳/成都/西安等均可安排线上面试）  (机考：提供复习资料，每个环节 TIPS 辅导，通过率高!!直达面试!!  全程流程随时跟进可查，一个部门不满意可转推不同部门) 软件开发工程师:不限语言  1.统招本科以上学历，计算机、通信等理工科专业优先。  2.熟练一门主流编程语言，如 java/c/c++/python/js 等，有一定的开发经验。  3.具备良好的沟通能力和良好的思维逻辑。  4.善于沟通，勇于担责，积极主动，团队协作意识强。  岗位职责:  1.独立完成多个横块/组件的软件设计(含增量方式)、代码编写、单元测试、焦成测试、静态检查、本地构成等工作，确保高质量交付;  2.负责交付特性/子系统设计文档和接口，负麦相关头文件  业务技能要求:  前端:有扎实的Web前端基础，孰练掌控HTML、j5、cs等前端基础语言，精通至少一个主流Web前端框架，精通VUE者优先;  后端:熟悉JAVA、Python中的至少一种，掌握常见的数据结构、算法，了解软件工程、敏捷开发等知识，熟悉常用设计模式，熟恶常用的开源框架  中间件、数据库使用; 薪资福利：  1. 底薪+绩效+项目奖金+年终奖；  2. 缴纳社保及五险一金；  3.一年数次考评，薪资可上浮；  4.带薪年假5-15天，双休。,2025-07-27 00:23:29,外企德科数字技术有限公司是一家2023年新成立的中外合资企业。成立于2023年11月24日，公司定位：专注于为信息技术企业提供人才及数字技术外包解决方案的中外合资企业。它是由中国人力资源服务行业的FESCO（北京国际人力资本集团）与全球人力资源服务领导者The Adecco Group（德科集团）合资成立的。公司主要提供网络技术服务、软件外包服务、计算机系统服务、技术进出口、软件开发等信息技术相关服务。专注于为信息技术企业提供信息技术类人才及数字技术外包解决方案。,"https://www.zhaopin.com/jobdetail/CCL1480117890J40737331405.htm?refcode=4019&srccode=401901&preactionid=a7c1140f-c46c-45e5-b867-ab342d8bdc77"
4068,技术支持工程师,南京-六合区,5000-10000元,东方生物,"医疗设备/器械,生物工程",1000-9999人,已上市,CC686663280J40722020207,岗位信息： 1.负责技术文档的收集和整理 2.负责产品的安装、调试、维修、升级等 3.负责客户问题的收集和处理，维护客户关系，提升客户满意度 4.对客户进行培训，指导客户使用产品 5.竞品信息的收集和整理 6.汇总分析产品问题，并协助相关部门改进产品质量 7.尽量和体外诊断试剂相关，会优先考虑 任职要求： 1.本科及以上学历，生物、电子、机械等专业 2.具备良好的语言表达能力和沟通能力 3.能适应中短期出差 4.能熟练使用英语进行交流，英语要到达6级及以上 5.有医疗行业相关工作经验以及具备生物学，体外诊断方向的经验，优秀应届毕业生亦可，有自己的优秀作品优先,6月30日,浙江东方基因生物制品股份有限公司成立于2005年12月，是一家专业从事体外诊断产品研发、生产与销售的高新技术企业，目前已完成从抗原抗体等生物原料，到体外诊断试剂以及体外诊断仪器的全产业链布局，形成了以POCT即时诊断试剂为主导产品，重点发展分子诊断、生物原料、诊断仪器和液态生物芯片等产品的业务格局。公司与浙江大学等大专院校进行合作，建设省级高新技术企业研发中心，先后承担了国家科技部火炬计划项目、创新基金、湖州市南太湖精英计划等科研项目。通过全体员工的共同努力，以及各级政府的指导关怀，东方基因取得了显著成绩。近年来，公司分别在美国、加拿大以及国内青岛、南京、杭州设立了子（孙）公司，充分利用已有优势资源和地方人才，强大公司科研开发力量。2020年2月，公司成功在科创版上市，成为湖州市第一家科创板上市公司。,"https://www.zhaopin.com/jobdetail/CC686663280J40722020207.htm?refcode=4019&srccode=401901&preactionid=a7c1140f-c46c-45e5-b867-ab342d8bdc77"
4069,技术支持工程师,北京-丰台区,6000-10000元·13薪,北京盛全祥机械设备有限公司,电气机械/电力设备,300-499人,,CCL1474328730J40523183608,职位描述 售前技术支持 售后技术支持 现场技术支持 岗位职责 1、参与各类产品的生产制造过程； 2、生产现场及使用现场的技术支持； 3、完成领导交代的其他工作事项。 任职资格 1、大专以上学历； 2、自动化、机电等相关专业； 3、有一定的电路装接基础。,6月23日,,"https://www.zhaopin.com/jobdetail/CCL1474328730J40523183608.htm?refcode=4019&srccode=401901&preactionid=a7c1140f-c46c-45e5-b867-ab342d8bdc77"
4070,测试工程师,莆田-城厢区,1-1.2万·13薪,青岛瑞晟元人力资源有限公司,人力资源服务,20人以下,不需要融资,CCL1431271280J40777394607,,2025年07月28日,,"https://www.zhaopin.com/jobdetail/CCL1431271280J40777394607.htm?refcode=4019&srccode=401901&preactionid=a7c1140f-c46c-45e5-b867-ab342d8bdc77"
4071,软件测试,合肥-蜀山区,8000-15000元,杭州新鼎汇信息技术有限公司,咨询服务,300-499人,,CCL1476613970J40786248505,岗位内容： 1. 设计并执行测试用例，记录测试结果并准备测试报告。 2. 协调开发人员、项目经理和测试团队成员，以确保遵守时间表和产品质量标准。 3. 使用自动化测试框架和工具来提高测试效率和覆盖率。 4. 不断改进测试流程和方法，以提高质量和效率。 5. 关注产品质量和客户需求，确保稳定、可靠和用户友好的软件交付。 任职要求： 1. 熟悉软件测试方法和流程。 2. 掌握至少一种自动化测试框架和脚本语言（如Selenium、Python、Robot Framework）。 3. 具备良好的团队合作精神和沟通能力。 4. 能够承受压力，在快节奏的环境中高效工作。 5. 有问题解决的能力和主动学习的态度。,7月25日,,"https://www.zhaopin.com/jobdetail/CCL1476613970J40786248505.htm?refcode=4019&srccode=401901&preactionid=a7c1140f-c46c-45e5-b867-ab342d8bdc77"
4072,技术支持工程师,长沙-浏阳市,6000-9000元·14薪,华工激光,"仪器仪表制造,电气机械/电力设备",1000-9999人,未融资,CC121124210J40478038504,1、在项目实施中按照客户的要求进行工艺验证及材料性能分析； 2、与客户沟通和引导进行工艺方案的制定，并能进行工艺方案审核； 3、配合工程师对机器进行改善、为用户提供优质快捷的服务，***程度满足用户的服务需求； 4、对项目实施过程中技术支持问题收集和解决及进度控制； 5、搜集整理实验数据 ，编写报告专利； 6、新工艺应用方向的调研和前沿工艺的学习。 该岗位为劳务派遣用工，半年以上的派遣期后才能转内部正式员工，介意者慎投！,5月6日,武汉华工激光工程有限责任公司成立于1997年3月，坐落于武汉市东湖高新技术开发区光谷未来科技城未来二路66号华工科技精密微纳智能制造产业园，注册资本为壹拾亿元整，是著名高科技上市公司华工科技产业股份有限公司下属核心子公司。华工激光是中国激光工业化应用的开创者、引领者，全球激光加工解决方案权威提供商。作为中国第一家、全球第二家以激光智能装备为核心、全产业链布局的智能制造系统方案提供商，构筑从激光智能装备，到量测及自动化产线、智慧工厂全方位的智能制造体系。,"https://www.zhaopin.com/jobdetail/CC121124210J40478038504.htm?refcode=4019&srccode=401901&preactionid=a7c1140f-c46c-45e5-b867-ab342d8bdc77"
4073,技术支持工程师,沈阳-浑南区,7000-14000元,青岛安然物联网科技有限公司,"物联网,物联网",20-99人,未融资,CC559764920J40565601404,你能经常到全国各地出差吗？你能到工业生产现场生产现场做技术支持吗？  真正的奋斗者在安然会有让人值得为之奋斗的事业，会有充实、高效的成长，会有高人一等的收入。,5月19日,基于精准人员定位的工业安全生产信息化管理专家，安全生产信息化管理引领者！作为全国实时定位技术标准工作组成员和应急管理部“工业互联网+危化安全生产”人员定位系统技术支持机构，安然从2012年起致力于基于ZigBee Plus三维立体按需精准定位的“工业互联网+安全生产”的研究，获得了20多项安全智能管控系统发明专利和著作权，持续引领中国化工行业生产现场智慧安全！安然以“准、稳、狠”的ZigBee Plus三维立体按需精准人员定位统和“底数清、数据准、情况明、研判准、措施实”的安全生产信息化平台为核心，整合访客管理、出入口控制、人脸识别、视频监控、语音广播、重大危险源监控、可燃有毒气体监测等系统，对生产现场人、机、料、法、环五大要素进行实时、动态、智能管控和预警，规范人的安全行为，保障人的生命安全，有效防范风险、主动化解风险，实现智慧安全。安然“以用为本”，把安全生产信息化建设与公司管理体系“深度融合”，把安全生产信息化建设与日常工作“紧密结合”，对安全生产切实“有用、实用、好用”，避免建用“两张皮”，让安全管控更智能，让生产更高效才实用。迄今已服务中石化、中石油、延长石油、国能、兖矿、京能、索普、新安、奇美、昊源、潞安、旭阳、垦利、逸盛、海科、酒钢、金发等几百家石化、化工、选煤、钢铁、电厂企业。安然以客户为中心，以强者为本，抬头乐干，愿意与同道中人联合、链接，携手共建、共用、共享生产安全命运共同体，一起干，一起干，让优秀企业更安全，让优秀企业更高效！,"https://www.zhaopin.com/jobdetail/CC559764920J40565601404.htm?refcode=4019&srccode=401901&preactionid=a7c1140f-c46c-45e5-b867-ab342d8bdc77"
4074,技术支持工程师,深圳-南山区,1-1.5万,深圳微科盟科技集团有限公司,"学术/科研,云计算/大数据",100-299人,不需要融资,CCL1242297030J40756036209,1、岗位要求：  A、生物医药或环境农林相关专业，具体分子生物学和组学实验背景，同时具备农林理化指标检测背景者优先考虑； B、分微生物组、代谢组、转录组、基因组、蛋白质组5个细分方向，精通以上5种组学之一，硕士或以上学历，有以上组学相关领域二区或以上期刊SCI一作文章； C、具有良好的中英文读写能力，英语六级或以上或者其他相应水平； D、有良好的表达沟通能力和综合能力。 2、岗位职责： A、配合对应的多组学销售（技术型营销岗）完成相应科研服务项目的高级技术支持，如针对客户课题开展实验方案讨论会，针对项目标书讨论技术路线； B、协助上级领导开展专业学术网络讲座； C、参与组学相关专业知识图谱的构建。 3、职业培训：入职2-3周专业知识和综合能力培训； 4、工作地点：居家线上办公，全国省会城市或主要城市（如大连）均可； 5、工作时间：全职工作，周一到周五为工作日，每个工作日8个小时；,7月14日,微科盟集团，是”互联网+科研“模式的探路者，致力于打造一站式科研平台。旗下有深圳微科盟、深圳微科服和深圳微科享三家公司。集团拥有自主研发的生物组学大数据分析云平台——生科云（https://www.bioincloud.tech/），拥有多种生物大数据自动分析技术，可以大幅度降低分析成本，拥有《微科盟宏基因组数据分析系统》、《微科盟扩增子数据分析系统》、《微科盟代谢组数据分析系统》、《微科盟 miRNA数据分析系统》等多个核心知识产权。还拥有《微科盟中国 PI数据库》等有重要商业价值的科研人员数据库。旗下学术公众号《微生态》、《微科享》、《转录组》和《基因组》用户超过 20万人，科研微信好友超过14万人，目前核心业务是各种组学科研服务（例如宏基因组、代谢组），合作单位囊括了中国大部分高校、科研院所和三甲医院。,"https://www.zhaopin.com/jobdetail/CCL1242297030J40756036209.htm?refcode=4019&srccode=401901&preactionid=a7c1140f-c46c-45e5-b867-ab342d8bdc77"
4075,技术支持工程师,衢州-衢江区,8000-12000元·14薪,金瑞泓微电子(衢州)有限公司,"电子/半导体/集成电路,通信/网络设备",500-999人,已上市,CCL1360581730J40373798905,（一）招聘岗位 岗位要求： 1. 本科及以上学历，年龄18-35周岁，材料、化学、物理、机械等相关专业，欢迎优秀的应届毕业生； 2. 熟悉客户对接处理相关经验，英语读写能力良好； 3. 要求性格开朗，具备良好的沟通能力、执行力，有责任心及团队合作精神。   岗位职责：  1. 客户投诉接收登记，客户退货接收登记。  2. 客户样品送样流程跟踪，发货后实验结果跟踪。   3. 组织相关人员，对客户投诉问题进行分析并制定措施，根据会议结论，回复客户。   4. 定期跟踪措施的实行情况，记录进度跟踪，并及时反馈客户。   5. 退货分析，提供RMA#，发放退货处理单，并督促及时返回客户退回品，并登记。  6.所有客户相关资料，技术回复报告总结存档，以便查阅。,7月26日,金瑞泓微电子（衢州）有限公司、金瑞泓科技（衢州）有限公司是由我国少有的具有硅单晶锭、硅研磨片、硅抛光片、硅外延片及芯片制造的完整产业链集成电路企业—杭州立昂微电子股份有限公司（股票代码：605358）投资建设的“立昂产业园”内高技术企业，其中金瑞泓微电子（衢州）有限公司注册资本25亿元，从事集成电路用12英寸硅片业务；金瑞泓科技（衢州）有限公司注册资本2.945亿元，从事集成电路用8英寸硅片业务。金瑞泓以振兴民族工业为己任，联合浙大硅材料国家重点实验室紧跟世界半导体前沿技术，致力于研发技术含量高、附加值高的8-12英寸集成电路用硅片产品，产品广泛应用于消费电子、汽车电子、物联网和5G、AI、人工智能等终端领域。金瑞泓是我国半导体硅材料行业的龙头企业，是国内最大的半导体硅片生产基地，连续数年位列“中国半导体材料十强企业”第一名，并相继获得“中国半导体支撑业最具影响力企业”、“国家创新型试点企业”、“国家技术发明二等奖”等荣誉。,"https://www.zhaopin.com/jobdetail/CCL1360581730J40373798905.htm?refcode=4019&srccode=401901&preactionid=a7c1140f-c46c-45e5-b867-ab342d8bdc77"
4076,科研人员,北京-丰台区,1-2万,首都医学科学创新中心,"学术/科研,学术/科研",300-499人,不需要融资,CCL1464242520J40740812802,张翼实验室的主要研究兴趣是开发新型计算和实验方法，从静态、离散的样本中准确重建出动态、连续的生物学过程的历史轨迹，以便更好地理解发育、衰老、疾病发生发展的分子机制，为重大疾病的诊断和治疗提供理论依据与技术支撑。 本实验室的工作特点为干湿结合、学科交叉。欢迎不同背景的研究同事加入团队。 一.主要职责 1. 独立或协助团队开展课题研究； 2.协助实验室运行管理。   二.任职要求 1. 大学本科学历及以上，生物学、生物信息学、演化生物学及其它相关专业； 2. 掌握分子生物学操作及原理，有二代测序、三代测序、细胞生物学、模式动物等研究经历优先； 3. 具备良好的沟通能力和团队协作能力； 4. 具备良好的英语读写和日常交流能力。,5月19日,"首都医学科学创新中心[Chinese Institutes for Medical Research(CIMR), Beijing]（简称创新中心）是北京市新成立的具有独立法人资格的新型研发机构。创新中心以推动医学科学发展、改善人类健康为目标，开展生物医学研究，致力于提升医学科学创新与成果转化能力，提高疾病诊断和治疗水平。我们将汇聚世界高水平科学家，与首都医学教育和科学研究优质资源紧密合作，打造多学科交叉融合的科研平台，综合自由探索、医学目标导向、有组织科研等途径，实践新型科研模式和体制机制，逐步推进医教研产的深度融合，培养适应医学科学创新发展的优秀人才。","https://www.zhaopin.com/jobdetail/CCL1464242520J40740812802.htm?refcode=4019&srccode=401901&preactionid=a7c1140f-c46c-45e5-b867-ab342d8bdc77"
4077,C/C++,上海-浦东新区,1.5-3万·14薪,外企德科数字技术有限公司,专业技术服务,10000人以上,,CCL1480117890J40699706005,职责： 1、负责应用软件开发和维护工作。 2、负责软件模块需求分析、系核心模块代码编写和单元测试，完成概要设计文档、详细设计文档。 3、积极主动的与项目相关人员沟通交流，持续改善产品体验。 任职要求： 业务技能要求： 1、熟练掌握常用数据结构。 2、熟悉计算机组成原理、操作系统、网络等。  岗位要求： 1、 精通JAVA/Python/C/C ++/GO开发，精通多线程、 IO 、网络编程等； 2、统招本科学历； 3、 沟通能力强，善于与产品、测试合作，共同打造给用户良好体验的产品,2025-07-27 00:23:26,外企德科数字技术有限公司是一家2023年新成立的中外合资企业。成立于2023年11月24日，公司定位：专注于为信息技术企业提供人才及数字技术外包解决方案的中外合资企业。它是由中国人力资源服务行业的FESCO（北京国际人力资本集团）与全球人力资源服务领导者The Adecco Group（德科集团）合资成立的。公司主要提供网络技术服务、软件外包服务、计算机系统服务、技术进出口、软件开发等信息技术相关服务。专注于为信息技术企业提供信息技术类人才及数字技术外包解决方案。,"https://www.zhaopin.com/jobdetail/CCL1480117890J40699706005.htm?refcode=4019&srccode=401901&preactionid=a7c1140f-c46c-45e5-b867-ab342d8bdc77"
4078,软件测试,上海-浦东新区,2-4万·14薪,陕西慧云联达企业管理咨询有限公司,人力资源服务,20-99人,不需要融资,CCL1445845820J40795903605,岗位内容： 1. 设计和执行测试用例，并记录测试结果。 2. 分析并报告软件缺陷，包括重现步骤、缺陷严重程度和影响范围。 3. 参与产品设计过程，提供测试建议和反馈。 4. 开发自动化测试脚本和工具。 5. 执行性能和负载测试的任务。 任职要求： 1. 具有本科以上学历，计算机科学或相关领域优先。 2. 熟悉测试方法论和流程，能够编写高质量的测试用例。 3了解软件开发周期和敏捷开发流程。熟悉至少一种编程语言。 4. 优秀的沟通和协作能力，能够与跨部门的团队成员合作。,7月22日,陕西慧云联达企业管理咨询有限公司成立于2022年9月，是一家集高端猎头服务与专业代理记账报税业务于一体的综合性企业服务提供商。自成立以来，我们秉承“智聚英才，财通未来”的企业理念，致力于为国内外企业客户提供精准高效的人力资源解决方案及一站式财务管理服务，助力企业稳健成长，共创辉煌。,"https://www.zhaopin.com/jobdetail/CCL1445845820J40795903605.htm?refcode=4019&srccode=401901&preactionid=a7c1140f-c46c-45e5-b867-ab342d8bdc77"
4079,Java,苏州-昆山市,7000-10000元,南京婕霓思摄影有限公司,新媒体,20-99人,,CCL1304021420J40787937905,岗位内容： 1. 设计、开发并维护Java应用程序。 2. 解决各种技术难题，保证代码的可靠性、高效性和安全性。 3. 参与软件设计的讨论和计划制定。 4. 与其他团队成员协作工作，提高团队整体技术水平。 任职要求： 1. 熟悉Java语言及相关技术，熟悉Spring框架。 2. 具有扎实的编程基础和良好的面向对象编程思想。 3. 对常见数据库如MySQL、Oracle等有一定的了解和应用经验。,7月23日,,"https://www.zhaopin.com/jobdetail/CCL1304021420J40787937905.htm?refcode=4019&srccode=401901&preactionid=a7c1140f-c46c-45e5-b867-ab342d8bdc77"
4080,C/C++,杭州-滨江区,1.2-2.4万·14薪,外企德科数字技术有限公司,专业技术服务,10000人以上,,CCL1480117890J40607198805,岗位职责： 1、从事分布式文件/对象/块存储系统的开发和测试； 2、实现公有云/私有云分布式文件/对象/块存储服务的高性能、高可靠性、高可用目标。 职位要求： 1、统招本科学历以上，计算机相关专业优先； 2、具备良好的计算机、软件工程等专业领域基础知识； 3、至少精通C、C++、Java、Python中的一种； 4、有完整的项目开发经验，具备系统核心模块看护经验者优先； 5、工作思路清晰，较好的沟通能力和技术学习能力，拥有良好的编码习惯，有很强的自学能力和自我提高的愿望；  （岗位不止局限于本方向，涉及多种技术栈和多个业务方向，感兴趣的可以投递简历详细了解）,2025-07-27 00:23:23,外企德科数字技术有限公司是一家2023年新成立的中外合资企业。成立于2023年11月24日，公司定位：专注于为信息技术企业提供人才及数字技术外包解决方案的中外合资企业。它是由中国人力资源服务行业的FESCO（北京国际人力资本集团）与全球人力资源服务领导者The Adecco Group（德科集团）合资成立的。公司主要提供网络技术服务、软件外包服务、计算机系统服务、技术进出口、软件开发等信息技术相关服务。专注于为信息技术企业提供信息技术类人才及数字技术外包解决方案。,"https://www.zhaopin.com/jobdetail/CCL1480117890J40607198805.htm?refcode=4019&srccode=401901&preactionid=a7c1140f-c46c-45e5-b867-ab342d8bdc77"
4081,C/C++,济南-历下区,150-200元/天,山东华云三维科技有限公司,"计算机软件,计算机软件",100-299人,C轮,CCL1224370370J40766442102,职位描述,7月8日,山东华云三维科技有限公司（简称“华云三维”），作为山东山大华天软件股份有限公司（简称“华天软件”）的全资子公司，致力于国产三维CAD软件的研发和推广，拥有自主研发的“三维几何建模引擎”和“几何约束求解器”，基于这两项三维CAD最核心的底层技术，专注打造国内基于云架构的三维CAD平台CrownCAD。华云三维由华天软件首席科学家、“国家人才工程”入选者、国内知名CAD专家梅敬成博士牵头创办。其核心研发团队均毕业于国内外知名高校，专业涵盖计算机图形学、应用数学、计算机科学与技术、软件工程、机械设计等，硕士及以上学历占比超过50%。华云三维与母公司华天软件紧密协作、协同攻坚，共同承担了多项国家级重大研发专项。华天软件作为国产工业软件的领军企业，华云三维则肩负重任，全面承担并负责新一代基于云架构的CAD研发工作，助力实现国产工业软件的“换道超车”。,"https://www.zhaopin.com/jobdetail/CCL1224370370J40766442102.htm?refcode=4019&srccode=401901&preactionid=a7c1140f-c46c-45e5-b867-ab342d8bdc77"
4082,Java,天津-滨海新区,150-200元/天,上海辛玮智能科技有限公司,IT服务,20-99人,天使轮,CCL1218933340J40770796605,岗位职责： 1. 参与项目开发，负责后端功能的设计与实现。 2. 负责编写技术文档，确保文档的完整性和准确性。 3. 协助团队进行软件测试和问题定位。 岗位要求： 1. 计算机相关专业，本科及以上学历。 2. 软件知识结构全面，熟悉JAVA语言 3.熟悉 MySQL等后端组件的使用、熟悉存储过程，熟悉大数据量处理、熟悉分布式系统。 4. 具备良好的学习和沟通能力，能够快速适应团队工作。,7月21日,辛玮智能目前已经获得浪潮集团融资。公司成立5年来，通过自主研发完成了NEX-Core人工智能和NEX-Meta数字孪生两大技术平台，并推出了面向港航领域的NXship，NXport系列创新产品，公司自主知识产权已取得发明专利2项，实用新型专利1项，软件著作权23项。公司是上海市高新技术企业和专精特新企业。公司在天津、香港设有研发和业务分支基地。辛玮智能的创新产品目前已经成功应用在天津港、上海久事等多家行业头部企业客户，超过200个船舶、公交、码头的应用场景中，并已扩展到环保再循环和航天装备等多个新领域中。,"https://www.zhaopin.com/jobdetail/CCL1218933340J40770796605.htm?refcode=4019&srccode=401901&preactionid=a7c1140f-c46c-45e5-b867-ab342d8bdc77"
4083,测试工程师,延安-宝塔区,5000-7000元,天阳科技,"计算机软件,计算机软件",1000-9999人,已上市,CC120408370J40824181808,1.全国项目驻场测试，主要负责功能、数据或接口等相关测试工作； 2.统招本科学历及以上（学信网可查）；毕业满2年；计算机专业优先； 3.热爱软件测试行业、有强力的自驱力，能够在测试岗位深入学习研究； 4.有无经验均可，服从公司安排，接受公司培养，可接受异地工作优先； 福利待遇： 上市公司，公司可以提供住宿，提供五险一金； 欢迎符合要求的小伙伴们投递~,7月18日,天阳科技(股票代码：300872)，是全球金融创新服务的重要贡献者，持续赋能中国金融行业数字化转型，为客户提供咨询、金融科技产品、金融IT服务、云计算及运营服务。公司成立于2003年，服务超过300家金融行业客户，覆盖中央银行、政策性银行、国有银行、股份制银行、地方性商业银行、非银行金融机构等，员工人数近7000人，成为激活金融领域创新活力、推动金融科技迈入世界领先水平的重要力量。作为金融行业客户可信赖的合作伙伴，天阳科技凭借丰富的行业经验和端到端的专业服务，在信创、数字化金融、信贷、交易银行、信用卡、零售、营销、风险管理、征信监管等众多领域具备核心竞争力。据赛迪和IDC报告显示，近年来公司在中国银行业IT解决方案市场排名强势崛起，2019年收入及市场占有率综合排名分别位列第四位和第五位，并保持高速增长。同时，前瞻商业和科技趋势，入选2021年度未来银行科技服务商TOP100。天阳科技始终聚焦金融科技领域，加大自主创新力度，在超过100个城市建立本地化、专业化的研发和服务团队，拥有CMMI5级认证、软件测试成熟度模型集成（TMMi）3级认证、ISO9001质量管理体系认证、ISO20000信息技术服务管理体系认证、IS027001信息安全管理体系认证。通过部署人工智能、云计算、大数据、移动互联网、分布式计算和区块链等先进金融科技，公司致力于构建安全可控、普惠民生、开放共赢格局，在关键技术领域服务现代化金融发展大局，更好地为各利益相关方创造更大价值，为大中企业、小微企业以及每个个体提供优质金融服务。,"https://www.zhaopin.com/jobdetail/CC120408370J40824181808.htm?refcode=4019&srccode=401901&preactionid=a7c1140f-c46c-45e5-b867-ab342d8bdc77"
4084,科研人员,郑州-金水区,1.2-2.4万,河南省高新技术实业有限公司,学术/科研,20-99人,不需要融资,CC870323660J40761053203,一、单位简介 河南省高新技术实业有限公司（以下简称高新公司）成立于1992年，是由河南省科学院组建的法人独资企业，是河南省科学院成果转化和对外投资的平台，公司科研条件完善，创新能力突出，建有两个省级工程中心，并建有省级创新团队、省级中试基地。“十四五”期间，高新公司根植科技沃土，积极落实河南省科学院成果转化与投资平台定位，围绕环保与精细化工新材料、美丽健康产业、未来食品、生物医药、生物质能源与材料等领域与地方政府共建科研中试与成果转化基地多个，并围绕科技成果转移转化主业与地方政府共建专业科创园区，开展成果转化与园区运营管理等业务，探索推动成果转化和产业化。根据发展需要，现面向社会招聘优秀博士、博士后，诚邀您的加入。 二、招聘岗位 （一）科研岗位1 岗位职责：围绕食品产业，开展食品（烟草）风味感知与品质评价研究，包括食品风味化学、风味感知及香精香料的研究与开发等。 专业及方向：食品科学与工程、生物工程、发酵工程、轻工技术与工程、风味化学、仪器分析、香料香精技术与工程、烟草学、农产品加工及贮藏工程、植物化学、药物化学、天然产物化学等。 （二）科研岗位2 岗位职责：围绕生物产业，运用合成生物学、分子生物学、生物化学及高通量生物技术等手段，开展围绕微生物群落分析、生物活性分子的发掘、生物合成机理、高效生产为核心问题的基础及应用技术研究。 专业及方向：合成生物学、生物化学与分子生物学、生物工程、发酵工程、微生物组学、代谢工程、生物信息学、微生物大数据分析、微生物学、烟草学、农产品加工及贮藏工程等。 （三）科研岗位3 岗位职责：围绕纳米包埋材料、缓释材料、相变大分子材料和微胶囊制备及香料的稳态化与缓控释方向开展研究。 专业及方向：高分子生物材料、高分子化学与物理、药物递送与缓释、材料科学与工程、材料与化工等。 （三）科研岗位4 岗位职责：利用人工智能算法进行食品配方设计，开发智能化的生产工艺设计调控平台，建立基于AI的关键生产条件对产品品质的大数据模型，应用于香料调香品控体系开发、微生物的定向筛选、生产工艺优化以及功能材料开发等。 专业及方向：包括但不限于计算机科学与技术，软件工程，人工智能及相关专业，熟悉或者从事过人工智能的生命科学、食品科学与工程、材料专业等。 三、条件及待遇 1.应聘条件 （1）具有博士学历及学位。 （2）具备岗位所需的基础理论和专业知识，并取得本学科领域较为突出的研究成果。 （3）年龄一般应在35周岁以下，特别优秀人才可适当放宽年龄限制。 （4）遵纪守法，具有良好的职业操守，聘用后能按照用人单位要求及时到岗工作。 （5）具有正常履职所需的身体条件。 2.薪酬待遇 （1）进入省直事业编制。 （2）在聘期内提供15-50万元的年薪；同时享受科研绩效奖励，上不封顶。 （3）提供20-30万元的安家费；符合条件人员可享受三年内免费人才公寓。 （4）提供20-50万元科研启动经费。 （5）符合条件人员可协助解决子女入园、入学问题。 （6）符合条件人员可享受郑州市人才生活补贴和购房补贴政策。 （7）对于具有良好发展潜力、科研业绩突出的优秀青年人才，将纳入省科学院高层次人才培养体系，通过连续稳定的科研经费支持，逐步培养成学术技术带头人。 （8）特别优秀的人才可一人一议。 四、工作地点 郑州及周边 五、其他事项 （一）应聘人员应仔细了解岗位专业需求及相关要求，根据自身实际提出合适的岗位应聘申请。 （二）所有个人资料必须真实准确，如有虚假信息，将取消应聘资格。 （三）如联系方式发生变更，请及时予以反馈，便于后续联系沟通。 （四）投递简历请将应聘岗位标注清楚。   邮箱：********************,3月14日,"河南省高新技术实业有限公司简介河南省高新技术实业有限公司（以下简称高新公司）,前身为河南省高新技术实业总公司（河南省科学院直属全民所有制企业），2018年，经河南省财政厅批准，转制为法人独资有限责任公司（河南省科学院拥有100%股权）。公司注册资金1000万元人民币，办公地址位于郑州市红专路58号。目前开展的主要业务领域是：农业废弃物（秸秆、畜禽粪便、生活垃圾）五化（资源化、基料化、能源化、肥料化、材料化）利用的工程试验开发与产业化推广；城市及工业固废无害化处理与综合利用新技术新工艺新设备的开发与推广；土壤污染修复与工业废水治理新技术开发与推广；杂交构树全产业链共性关键技术开发与产业运营；科技孵化、技术咨询与中介服务；产业基地运营与物业服务等。法人治理结构完善，组织机构健全。河南省科学院参照《公司法》国有独资公司的有关规定，设立了高新公司董事会、监事会和经理班子；成立党总支部委员会；选举组建了工会、妇联和共青团；公司内设综合管理部（院机关后勤服务中心、中试基地办公室）、人力资源部、科研管理部、资产运营部（法务部、投融资部）、财务结算中心和市场部门若干。技术开发实力雄厚，科技支撑力强。公司拥有专兼职科研人员50余人，其中硕士及中级技术职称以上人员占80%。建有河南省秸秆热解转化工程技术研究中心、河南省青绿饲料工程技术研究中心（筹）和河南省科学院生物质液体燃料工程技术中心三个创新平台，河南省农业废弃物热解与生物化学转化技术团队获批省级创新型科技团队。公司与中科院所属大连化学物理研究所等五家单位建有长期或项目合作关系。在郑州市惠济区拥有20亩的科研中试基地，实验楼与中试车间面积3000多平方米，各类科研仪器设备原值1500万元以上。“十三五”以来，公司共承担各类财政科研项目二十余项，申请专利15项（其中发明专利9项），出版专著一部，发表论文5篇，制订企业标准3项，获省科技进步三等奖2项，院科技成果一等奖1项。平台资源丰富，中介服务能力强。高新公司是省科学院和中科院河南中心联合发起成立的河南省科技成果转化产学研金创新联盟（以下简称豫科盟）秘书长单位，负责豫科盟的日常运营。豫科盟目前会员单位近千家，涵盖了省内部分高校、科研单位、行业协会、骨干上市企业、金融创投机构、产业集聚区等。豫科盟通过线上互动、线下对接以及高质量开展“项目路演”、“双走进”等活动，极大地推动了科技成果的转化与产业化；高新公司是省科技厅批准成立的河南省农业循环经济产业技术战略联盟的牵头发起单位和理事长单位。会员单位50余家，全部为省内循环农业领域的龙头重点企事业单位。公司与北京能源与环境学会合作成立了“河南院士专家服务中心”，为会长李永舫院士等50余名院士专家来河南开展科技服务提供平台支撑。公司还与省内外知名的科技咨询、知识产权、法务、财务、投融资等机构达成具体合作。公司的科技孵化与中介服务能力迈上了新台阶。品牌竞争力强，市场合作机会广泛。高新公司根植科技沃土，纯正国有身份。河南省科学院成立于1958年，是省政府直属的唯一正厅级综合性自然科学研究机构，拥有与国家部委共建及省院级各类创新平台80多个。在生物医药与健康、新材料、新能源、化学化工、信息技术、资源高效利用与生态环境保护、非动力核技术、食品安全、遥感GIS、科技智库服务等多个研究领域形成了特色鲜明、重点突出的科技优势。高新公司作为河南省科学院直属全资企业，面向经济主战场，面向市场重大需求，突出应用技术与产业重大关键共性技术研究的同时，全面构建促进我院科技成果和服务能力走出去的平台体系。搭建社会各界牵手科学院的桥梁。高新公司品牌竞争力强，社会美誉度高，地方政府关系良好，市场合作机会广泛。文化软实力强，发展前景广阔。公司十分注重文化软实力的培养与塑造。高新公司的使命：聚焦共性关键技术，开展联合科研攻关，助推产业转型升级与企业提质增效；服务企业科技需求，架通成果转移桥梁，实现科技与产业互促进双丰收。高新公司的愿景：行业引领型科技创新企业，国内领导型科技服务平台。高新公司的理念：诚信、创新、价值。眼界决定境界，格局决定结局。在优秀企业文化的指引与激励下，年轻的高新人胸怀宽广、担当作为。我们深知有思路才有出路，有实力才有魅力。智从知来，财从才来，位从为来！我们定将咬定青山不放松，以一流的业绩回报科学院、合作伙伴和全体员工。","https://www.zhaopin.com/jobdetail/CC870323660J40761053203.htm?refcode=4019&srccode=401901&preactionid=a7c1140f-c46c-45e5-b867-ab342d8bdc77"
4085,技术支持工程师,琼中-None,4000-6000元·14薪,海南新境界软件有限公司,"计算机软件,互联网,IT服务",100-299人,不需要融资,CC174855616J90250012000,岗位职责： 1、 负责公司软件产品日常技术支持和维护，解决用户使用公司相关产品时遇到的软硬件问题； 2、 负责对用户进行业务培训、软件操作培训，辅导用户使用公司软件产品； 3、 负责用户反馈的问题及需求的接收、内部跟踪及对外反馈； 4、 负责按计划对系统进行巡检，包括软硬件运行情况、系统日志、备份情况、计划任务、磁盘空间等情况的检查； 5、 负责数据的备份及恢复工作。 任职要求： 1、 计算机软件相关专业本科以上学历； 2、 精通计算机操作系统及常用软件的安装和使用； 3、 性格开朗，学习和动手能力强，有较强的客户服务意识； 4、 普通话标准，有较强的语言表达能力； 5、具备良好的团队合作意识。 职位福利：五险一金、年底双薪、绩效奖金、全勤奖、包吃、通讯补助、节日福利、定期体检   ,7月18日,"新境界软件成立于1996年，现有员工近300人，设立南方总部（海口）、北方总部（天津）、西安研发中心，以及北京、广州、南昌等分支机构，布局全国业务和机构发展，为全国各行业用户提供智慧政务、智慧城市、智慧交通、智慧档案、信创软件产品和综合集成服务。公司以技术创新为核心驱动力，在大数据、区块链、人工智能等领域持续探索和应用创新，连续两年在”海南大数据应用创新大赛”中荣获冠军，先后承接多个国家级、省级重点信息化项目，是海南省信息技术重点企业和著名品牌。新境界软件致力于助力数字强国、推动智能社会、以科技造福人民为使命愿景，以诚信、快乐、创新为核心价值观，注重文化治理、科学经营，始终以客户价值为中心，紧密携手员工、合作伙伴共成长，为实现共同梦想而持续创业，持续发展。真诚地欢迎漂泊在外的“海南游子”们加入到我们的行列中来,共同打造中国IT版图中的海南品牌！请先将简历以Email(hr@xjjrj.com)方式寄来(请不要以附件形式发送），公司将根据情况安排面试，谢谢.","https://www.zhaopin.com/jobdetail/CC174855616J90250012000.htm?refcode=4019&srccode=401901&preactionid=a7c1140f-c46c-45e5-b867-ab342d8bdc77"
4086,前端开发,深圳-南山区,6000-8000元,深圳市中京政通科技有限公司,计算机软件,20-99人,未融资,CCL1229590390J40695485506,岗位职责：  1.负责公司整体前端框架、组件、工具等框架产品的架构与设计  2.参与各种业务项目的前端设计与开发，支撑前端框架解决方案落地   3.前端新技术研究及技术难点攻关并指导开发技术和团队前端技能提升   4.负责与后端技术团队紧密合作，持续改进当前产品的前端功能，优化性能，改善用户体验   岗位要求： 1. 熟练掌握 Vue3、Vue2，深刻理解其原理和核心概念，能够运用 Vue3 高效开发复杂的前端应用。同时熟悉其他常见前端框架（如 React、Angular 等），并能根据项目需求进行合理选型和应用。 2. 能够独立完成小程序的开发，熟悉微信小程序、支付宝小程序等主流小程序平台的开发规范和相关技术，掌握小程序的性能优化方法。 3. HTML， CSS， JavaScript基础扎实， 熟悉ES6，TypeScript和面向对象编程。 4. 有开源项目经验者优先，能够展示自己在开源项目中的贡献和成果，包括代码提交、问题解决、项目文档编写等方面。 5. 具备后端开发能力者优先，了解至少一种后端开发语言（如 Node.js、Python、Java 等）和相关框架，能够进行简单的后端开发和调试工作，熟悉数据库操作（如 MySQL、MongoDB 等）。 6. 能够编写高质量、可维护的前端代码。熟悉前端构建工具（如 Webpack、Vite 等）和版本控制系统（如 Git）。,7月18日,深圳市中京政通科技有限公司成立于2019年，注册地深圳市罗湖区，办公场地在南山区科技园国家高新技术创新中心，专注智慧城市、智慧政务领域研究与开发交付。中京政通为了打造全新政务服务品牌，整合了智慧城市、智慧政务服务、社会治理领域的专业咨询、技术研究、产品研发、实施交付等全环节人才，创新成立中京政通团队，为客户提供专业、创新、高效的“互联网+政务”服务。公司秉承“以人才为根本，以创新为核心，以服务为宗旨”的核心理念，致力于以信息技术推动政府及公共事业的管理进步，以先进产品和专业精神为客户提供优质服务，积极推动中国政府和企事业单位软件行业信息化的发展，做值得客户信赖的长期合作伙伴。服务内容：1、咨询规划：顶层设计、可行性研究报告、项目立项书、初步设计、深化设计、课题研究。 2、应用开发：智慧城市行业应用、数字政府、政治生态、智慧政务服务大厅的原型设计、应用系统研发、实施交付。 3、大数据融合：大数据采集、大数据分析、大数据治理、大数据展示、大数据共享交换。 4、系统集成：机房建设、综合布线、网络建设、系统安全、应用系统集成融合。5、智慧城市：提供智慧城市顶层规划服务，对智慧城市各专业领域提供应用解决方案，及城市管控中心大数据主题展示方案。 6、政治生态：提供政治生态大数据评估监督平台服务，对智慧党建、三公经费、党员廉政、权力监督提供综合解决方案。 7、数字政府：提供智慧政务综合解决方案，对一门、一网、一次互联网+政务服务和政务服务最后一公里提供应用落地服务。 8、社会治理：提供社会治理整体解决方案，实现一库式归集、一站式服务、一体化管理、一张图分析的分拨、处置、反馈、评价一条龙的社会治理平台应用落地。 9、大数据展示：提供智慧城市行业领域大数据主题展示综合解决方案，对大数据采集、分析、治理、定制、建模、展示提供专业解决方案。经典案例：1）国家、省、市、区各级课题研究项目。 2）互联网+政务服务平台（基层公共服务平台）。3）省/市/区多级电子监察综合平台。4）省投资项目在线审批监管平台。5）政府数据开放平台。6）大数据分析处理平台。7）智慧秒批平台。8）5G智慧化国际化行政服务大厅9）人才发展综合服务平台。10）智慧政务服务大厅。11）政治生态大数据平台,"https://www.zhaopin.com/jobdetail/CCL1229590390J40695485506.htm?refcode=4019&srccode=401901&preactionid=a7c1140f-c46c-45e5-b867-ab342d8bdc77"
4087,测试工程师,湖州-吴兴区,5000-7000元,天阳科技,"计算机软件,计算机软件",1000-9999人,已上市,CC120408370J40824159008,1.全国项目驻场测试，主要负责功能、数据或接口等相关测试工作； 2.统招本科学历及以上（学信网可查）；毕业满2年；计算机专业优先； 3.热爱软件测试行业、有强力的自驱力，能够在测试岗位深入学习研究； 4.有无经验均可，服从公司安排，接受公司培养，可接受异地工作优先； 福利待遇： 上市公司，公司可以提供住宿，提供五险一金； 欢迎符合要求的小伙伴们投递~,7月18日,天阳科技(股票代码：300872)，是全球金融创新服务的重要贡献者，持续赋能中国金融行业数字化转型，为客户提供咨询、金融科技产品、金融IT服务、云计算及运营服务。公司成立于2003年，服务超过300家金融行业客户，覆盖中央银行、政策性银行、国有银行、股份制银行、地方性商业银行、非银行金融机构等，员工人数近7000人，成为激活金融领域创新活力、推动金融科技迈入世界领先水平的重要力量。作为金融行业客户可信赖的合作伙伴，天阳科技凭借丰富的行业经验和端到端的专业服务，在信创、数字化金融、信贷、交易银行、信用卡、零售、营销、风险管理、征信监管等众多领域具备核心竞争力。据赛迪和IDC报告显示，近年来公司在中国银行业IT解决方案市场排名强势崛起，2019年收入及市场占有率综合排名分别位列第四位和第五位，并保持高速增长。同时，前瞻商业和科技趋势，入选2021年度未来银行科技服务商TOP100。天阳科技始终聚焦金融科技领域，加大自主创新力度，在超过100个城市建立本地化、专业化的研发和服务团队，拥有CMMI5级认证、软件测试成熟度模型集成（TMMi）3级认证、ISO9001质量管理体系认证、ISO20000信息技术服务管理体系认证、IS027001信息安全管理体系认证。通过部署人工智能、云计算、大数据、移动互联网、分布式计算和区块链等先进金融科技，公司致力于构建安全可控、普惠民生、开放共赢格局，在关键技术领域服务现代化金融发展大局，更好地为各利益相关方创造更大价值，为大中企业、小微企业以及每个个体提供优质金融服务。,"https://www.zhaopin.com/jobdetail/CC120408370J40824159008.htm?refcode=4019&srccode=401901&preactionid=a7c1140f-c46c-45e5-b867-ab342d8bdc77"
4088,科研人员,宁波-鄞州区,3.5-4万,博创网(杭州)人才科技有限公司,人力资源服务,20-99人,未融资,CCL1501814210J40687150706,专业方向：制冷空调、低温工程、能源与动力工程（工程热物理、热能工程）、暖通专业等方向 研究方向：制冷相关 薪资待遇：40-50万，不含项目奖金，包吃住，出站后留宁波政府补贴六十万。,7月22日,,"https://www.zhaopin.com/jobdetail/CCL1501814210J40687150706.htm?refcode=4019&srccode=401901&preactionid=a7c1140f-c46c-45e5-b867-ab342d8bdc77"
4089,科研人员,南京-鼓楼区,1.7-2.4万,国信蓝桥数字科技(天津)有限公司,学校/学历教育,100-299人,,CCL1504714850J40766672110,学历：硕士及以上 专业：机械类、自动化类、化学类、计算机类、能动类、材料类、电光类、物理类、数学、环境、经济类等相关专业,7月16日,,"https://www.zhaopin.com/jobdetail/CCL1504714850J40766672110.htm?refcode=4019&srccode=401901&preactionid=a7c1140f-c46c-45e5-b867-ab342d8bdc77"
4090,测试工程师,上海-虹口区,1.3-1.5万,四川爱多多企业管理有限公司,"电子设备制造,通用设备制造",20-99人,未融资,CCL1244023700J40776892107,,2025年07月28日,劳务派遣服务;新能源厂区电池的生产制造，汽车线束，小时工，包装，质检，成都科技厂区劳务派遣以及电子厂区；小食杂;食品经营。(依法须经批准的项目，经相关部门批准后方可开展经营活动，具体经营项目以相关部门批准准件或许可证件为准)一般项目:企业总部管理，社会经济咨询服务;以力资源服务(不含职业中介活动、劳务派遣服务)，市场营销策划:家政服务:专业保洁、清洗、消毒服务;物业管理，凭总公司授权开展经营活动:企业管理咨询;信息咨询服务(不含许可类信息咨询服务)::数据处理服务;动漫游戏开发;数据处理和存储支持服务，企业形象策划;劳务服务(不含劳务派遣);品牌管理;社会调查(不含涉外调查):市场调查!(不含涉外调查)。(除依法须经批准的项目外，凭营业执黑依法自由开展经营活动),"https://www.zhaopin.com/jobdetail/CCL1244023700J40776892107.htm?refcode=4019&srccode=401901&preactionid=a7c1140f-c46c-45e5-b867-ab342d8bdc77"
4091,科研人员,南昌-新建区,2.1-2.2万,赣江中药创新中心,"科学技术推广,医药制造,学术/科研",100-299人,未融资,CCL1222865790J40575189801,岗位要求：  分析化学、有机化学、蛋白组学及相关专业；   ,11月13日,赣江中药创新中心为省属事业法人机构，主要承担本草物质科学研究设施的预研、建设、运行和管理，并开展相关领域的科学研究工作。中心于2019年4月注册成立，占地60亩，建筑面积4万平方米。现有15个专业研究组、1个工程管理部和4个职能部门，职工总数223人，其中博士及副高以上职称62人，10人入选江西省“双千计划”。中心目标是聚焦中药药效物质基础和安全性的关键科学问题，组织多学科交叉和多层次融合的研究团队，构建本草物质科学研究综合性技术平台，为中药研究和产业技术开发提供综合性平台支撑，推动中药关键科学问题、中药标准化、中药制造技术和中药大数据的科学研究和技术应用，实现中药重大基础科学突破和关键核心技术的发展，推动我国中药大健康产业发展。,"https://www.zhaopin.com/jobdetail/CCL1222865790J40575189801.htm?refcode=4019&srccode=401901&preactionid=a7c1140f-c46c-45e5-b867-ab342d8bdc77"
4092,科研人员,太原-小店区,4000-8000元·13薪,中国辐射防护研究院,"学术/科研,检测/认证,仪器仪表制造,环保",1000-9999人,未融资,CC258051230J40658194603,研究助理 专业：化工机械 待遇：4000-8000 13-15薪 要求：本科，硕士优先。 具备相关试验装置设计和操作能力。 具备一定的资料调研能力。 具备良好的执行力与学习能力。 有工作经历优先。 双休+超长带薪年假 邮箱：***************,7月22日,中国辐射防护研究院（简称“中辐院”）隶属于中国核工业集团公司，成立于1962年，位于环境秀美的太原市国家高新技术开发园区，是我国唯一专门从事辐射防护研究与应用的综合科研机构，主要从事辐射防护、核应急与核安全、放射医学与环境医学、核环境科学、放射性三废治理与核设施退役、辐照技术、环保技术、核电子信息技术、生物材料、职业病诊断与救治技术等领域的研究、应用及生产经营，并为国家职能部门提供辐射防护与核安全管理技术支持。是国防科工局重点保军单位，总装认证的武器装备定点承制单位，环保部技术支持单位，科技部国家级技术转移示范机构，中核集团安全管理的依托单位。全院占地面积720亩(其中野外实验基地34亩)，建筑面积23.4万平方米，现有职工1100余人，其中中科院院士1人，高级研究人员280余人。下设6个研究所，3个科技产业公司，1个生物材料研发中心以及科研服务、后勤服务和管理等部门。中国核工业集团公司“辐射防护技术重点实验室”、“核环境模拟与评价技术重点实验室”、“高放废物地质处置评价技术重点实验室”、“核设施退役与放废处理工程技术中心”和环保部“国家环境保护环境与健康重点实验室”设在我院。此外，还承担中核集团公司辐射防护仪表检测中心、个人剂量管理与服务中心、环境监测与评价中心、辐射防护与核安全培训中心、辐射事故应急技术支援中心、职业病登记与服务中心的管理服务工作。中辐院设有辐射防护及环境保护、环境科学、放射医学、劳动卫生和环境卫生学硕士学位授予点。先后与国际原子能机构(IAEA)、国际放射防护委员会(ICRP)、联合国原子辐射影响科学委员会(UNSCEAR)、世界卫生组织(WHO)以及美国、日本、法国等40多个国际组织、国家(地区)建立了科技合作与交流关系。迄今为止，中辐院已取得科技成果6270项，获得国家特等奖3项和省部级以上科技进步奖520余项，申请和批准专利150项，为核工业、两弹一艇和国家航天事业的发展做出了不可磨灭的贡献。积极进取，与时俱进。将辐射防护专业与高新技术相结合，开展辐射防护物联网与大数据研究、3D打印、智能设备研制等新型方向，紧紧围绕核电、核燃料循环、核技术应用等领域开展科学技术研究和应用，扬鞭奋蹄，正在向“2020年建成国际先进，与中国核大国地位相适应的一流辐射防护技术研究和开发基地”宏伟目标迈进！,"https://www.zhaopin.com/jobdetail/CC258051230J40658194603.htm?refcode=4019&srccode=401901&preactionid=a7c1140f-c46c-45e5-b867-ab342d8bdc77"
4093,软件测试,北京-朝阳区,1.2-1.8万,赤峰谛禾汽车科技有限公司,专业技术服务,500-999人,不需要融资,CCL1252891030J40719270211,岗位内容： 1. 设计并执行测试用例，记录测试结果并准备测试报告。 2. 协调开发人员、项目经理和测试团队成员，以确保遵守时间表和产品质量标准。 3. 使用自动化测试框架和工具来提高测试效率和覆盖率。 4. 不断改进测试流程和方法，以提高质量和效率。 5. 关注产品质量和客户需求，确保稳定、可靠和用户友好的软件交付。 任职要求： 1. 熟悉软件测试方法和流程。 2. 掌握至少一种自动化测试框架和脚本语言（如Selenium、Python、Robot Framework）。 3. 具备良好的团队合作精神和沟通能力。 4. 能够承受压力，在快节奏的环境中高效工作。 5. 有问题解决的能力和主动学习的态度。,7月25日,赤峰谛禾汽车科技有限公司成立于2020年，总部位于内蒙古自治区赤峰市松山区，是一家专注于汽车后市场服务的综合性企业。公司以机动车维修保养为基础，整合汽车销售、零配件零售、技术开发、代驾服务、保险代理等多元化业务，形成覆盖车辆全生命周期的服务体系，致力于为客户提供便捷的一站式解决方案。依托本地化服务网络与资源整合能力，公司逐步构建起以汽车维修为核心、周边配套服务协同发展的业务生态。通过规范化的服务流程与专业化团队，企业已与内蒙古地区多个机构建立稳定合作，并在赤峰区域市场积累了良好的客户口碑。注册资本150万元，现有团队规模约百人，展现出稳健的发展态势与市场适应力。秉承“服务驱动价值”的理念，公司持续优化服务场景，拓展技术开发与数字化应用领域，积极探索汽车后市场创新模式。未来将继续深耕本地化运营，强化资源协同效应，为区域消费者创造更优质的汽车生活体验。,"https://www.zhaopin.com/jobdetail/CCL1252891030J40719270211.htm?refcode=4019&srccode=401901&preactionid=a7c1140f-c46c-45e5-b867-ab342d8bdc77"
4094,实施工程师,北京-海淀区,1-2万,北京审友数治科技有限公司,"计算机软件,计算机软件",100-299人,未融资,CC143902270J40747893614,岗位职责：   1.项目实施：系统及数据库、产品的安装部署、升级、配置、调试等；系统管理工作，包括但不限于漏洞修复、信息搜集、网络安全等工作；   2.需求沟通和传递：需求沟通、收集和需求传递，文档收集整理；   3.项目管理：项目文档编写，实施过程管控；   4.用户培训：实施系统讲解，指导客户使用；   5.公司及领导安排的其他工作。,4月25日,"北京用友审计软件有限公司北京用友审计软件有限公司是由用友网络科技股份有限公司投资控股，专门致力于提供风险管理、内控评价、税务稽查及审计信息化软件产品、解决方案、管理咨询及技术服务的供应商，是用友集团产业布局中重要组成部分。用友网络科技股份有限公司成立于1988年，致力于用信息技术推动商业和社会进步，提供具有自主知识产权的企业管理/ERP软件、行业解决方案、服务，是亚太本土优秀的管理软件提供商，是中国优秀的管理软件、ERP软件、集团管理软件、财政管理软件、人力资源管理软件、财务管理软件，客户关系管理软件及小型企业管理软件提供商。目前，中国及亚太地区超过100万家企业与机构通过使用用友软件，实现降低成本、提高效率、持续创新、快速响应市场、控制风险、提升绩效的价值。2001年5月18日，用友成功在上海证券交易所发行上市（股票简称：用友软件；股票代码：600588）。北京用友审计软件有限公司是国内专业的审计软件厂商，公司名称也是以“审计”命名的。在中国审计及税务稽查软件市场，产品线丰富、成功应用多、行业覆盖广、服务网络大、综合实力强，是中国审计软件卓越品牌。已推出集审计监控预警、审计管理、在线作业于一体，覆盖审计全过程的审计信息系统。产品具有跨平台、流程化、模板化、支持特大型集团企业应用等特性，处于行业前列。用友审计从2004年开始进入国内审计信息化市场，经过多年发展，目前业务范围已覆盖内部审计、社会审计和税务稽查等多个领域，成为业内优秀的风控审计信息化软件产品、解决方案、管理咨询及技术服务综合供应商。目前，用友审计已有正式用户近万家，使用覆盖审计机关、武警、公安、司法、卫生、交通、总工会、高校、水利、电力、烟草、电信、保险、军工、航天、汽车、运输、金融和税务等行业。随着公司业务持续迅速增长，诚邀有志之士加入。有意者请将简历E-mail至本公司，请在邮件的主题上注明""××应聘××职位""，简历发送请勿使用附件。公司网站：http://www.yonyouaud.com/通信地址：北京市海淀区北清路68号用友软件园B座邮编：100094(每个职位对应的邮箱不尽相同，请您在职位下面所对应的邮箱中投递简历，若投到公共邮箱影响查阅效果后果请自负）","https://www.zhaopin.com/jobdetail/CC143902270J40747893614.htm?refcode=4019&srccode=401901&preactionid=a7c1140f-c46c-45e5-b867-ab342d8bdc77"
4095,技术支持工程师,贵阳-开阳县,9000-18000元,青岛安然物联网科技有限公司,"物联网,物联网",20-99人,未融资,CC559764920J40823797704,需要弱电技术、自动化、安防系统、工业互联网+危化安全生产、物联网人才，不要纯软件人才。 你能经常到全国各地出差吗？你能到工业生产现场生产现场做技术支持吗？  真正的奋斗者在安然会有让人值得为之奋斗的事业，会有充实、高效的成长，会有高人一等的收入。  你能做好售前技术支持、根据客户需求，高效制作方案吗？你能做好售中技术支持、指导他人正确安装、部署、调试系统向用户保质保量快速交付吗？你能做好售后维护，高效沟通和落实客户需求吗？  迄今已服务中石化、中石油、延长石油、国能、兖矿、京能、索普、新安、奇美、昊源、潞安、旭阳、垦利、逸盛、海科、酒钢、金发等几百家石化、化工、选煤、钢铁、电厂企业。   安然以客户为中心，以强者为本，抬头乐干，愿意与同道中人联合、链接，携手共建、共用、共享生产安全命运共同体，一起干，一起干，让优秀企业更安全，让优秀企业更高效！,7月22日,基于精准人员定位的工业安全生产信息化管理专家，安全生产信息化管理引领者！作为全国实时定位技术标准工作组成员和应急管理部“工业互联网+危化安全生产”人员定位系统技术支持机构，安然从2012年起致力于基于ZigBee Plus三维立体按需精准定位的“工业互联网+安全生产”的研究，获得了20多项安全智能管控系统发明专利和著作权，持续引领中国化工行业生产现场智慧安全！安然以“准、稳、狠”的ZigBee Plus三维立体按需精准人员定位统和“底数清、数据准、情况明、研判准、措施实”的安全生产信息化平台为核心，整合访客管理、出入口控制、人脸识别、视频监控、语音广播、重大危险源监控、可燃有毒气体监测等系统，对生产现场人、机、料、法、环五大要素进行实时、动态、智能管控和预警，规范人的安全行为，保障人的生命安全，有效防范风险、主动化解风险，实现智慧安全。安然“以用为本”，把安全生产信息化建设与公司管理体系“深度融合”，把安全生产信息化建设与日常工作“紧密结合”，对安全生产切实“有用、实用、好用”，避免建用“两张皮”，让安全管控更智能，让生产更高效才实用。迄今已服务中石化、中石油、延长石油、国能、兖矿、京能、索普、新安、奇美、昊源、潞安、旭阳、垦利、逸盛、海科、酒钢、金发等几百家石化、化工、选煤、钢铁、电厂企业。安然以客户为中心，以强者为本，抬头乐干，愿意与同道中人联合、链接，携手共建、共用、共享生产安全命运共同体，一起干，一起干，让优秀企业更安全，让优秀企业更高效！,"https://www.zhaopin.com/jobdetail/CC559764920J40823797704.htm?refcode=4019&srccode=401901&preactionid=a7c1140f-c46c-45e5-b867-ab342d8bdc77"
4096,C/C++,成都-武侯区,1.2-2.4万·14薪,外企德科数字技术有限公司,专业技术服务,10000人以上,,CCL1480117890J40628158705,华为社招OD 【招聘岗位】 开发、测试、前端、算法、数开--中/高级、专家欢迎投递！ (根据候选人的意向岗位/城市与需求部门做匹配--面试--入职，多部门/多城市可选) 【岗位要求】 1. 统全本科以上，985/211，可接受 0 经验； 2. 掌握任意一种或多种编程语言：C/C++/C#/Java/Python/Go/JavaScript等；能通过机考； 3. 有较强的理解和沟通能力，主动性和责任心强； 【福利待遇】 1、5天8小时，双休制，偶尔加班（根据项目进度来定）； 2、全额五险一金++周末加班2倍工资（周末加班不强制，看个人意愿）+年终奖； 3、大厂待遇，项目稳定，个人瓶颈期可申请挑战新项目，晋升空间广，办公环境高大上; 4、节日福利++生日会++年度免费体检++公司内部健康驿站++带薪年假 5、每年一次调薪调职机会； 【入职城市】可选： 成都(T可选天府四街、郫都区)、西安、东莞、深圳、上海（可选浦东新区、青浦练秋湖），南京、武汉、杭州、苏州、长沙、北京等 【业务领域】可选： 消费者终端、智能汽车、芯片设计、前沿技术预研、通信、云计算、AI/人工智能、政企服务等,2025-07-27 00:23:23,外企德科数字技术有限公司是一家2023年新成立的中外合资企业。成立于2023年11月24日，公司定位：专注于为信息技术企业提供人才及数字技术外包解决方案的中外合资企业。它是由中国人力资源服务行业的FESCO（北京国际人力资本集团）与全球人力资源服务领导者The Adecco Group（德科集团）合资成立的。公司主要提供网络技术服务、软件外包服务、计算机系统服务、技术进出口、软件开发等信息技术相关服务。专注于为信息技术企业提供信息技术类人才及数字技术外包解决方案。,"https://www.zhaopin.com/jobdetail/CCL1480117890J40628158705.htm?refcode=4019&srccode=401901&preactionid=a7c1140f-c46c-45e5-b867-ab342d8bdc77"
4097,C/C++,长沙-岳麓区,1.2-2.4万,湖南麒麟信安科技股份有限公司,"计算机软件,计算机软件,云计算/大数据",500-999人,已上市,CCL1318366210J40773693314,岗位职责​ 1.参与Linux系统C语言相关功能模块设计、开发与维护工作 2.负责相关产品C语言模块的问题定位，及时分析处理并解决现场反馈问题 3.编写技术文档，参与代码审查，确保代码符合安全、可维护性标准 4.新技术调研和技术分享等岗位要求  1. 统招本科及以上学历，计算机科学、电子工程、通信工程等相关专业;  2. 熟悉操作系统基本原理架构，精通Linux常见命令和SHELL脚本；  3. 精通C语言，具有一定的C语言工程开发经验；  4. 熟悉Linux下多进程多线程、网络编程，并发控制等；  5. 性格开朗、坚韧，责任心强，有较强的学习能力和良好的团队协作能力.,7月3日,湖南麒麟信安科技股份有限公司（股票代码：688152）是一家专注于操作系统及云计算、大数据安全产品的基础软件供应商，致力于推进国产化安全应用，让用户的IT基础平台更安全、更高效。湖南麒麟信安科技股份有限公司是国家发改委批复的高可信操作系统国家地方联合工程研究中心的依托实体。致力于国产麒麟信安操作系统及相关产品产业化发展。麒麟信安拥有操作系统、信息安全和云计算三条产品线，已在国防、党政、能源、金融、教育等重要领域得到了广泛应用。公司与主流硬件厂商、基础软件厂商和应用软件厂商建立了良好的战略合作关系，打造自研创新信息系统生态环境。凭借着雄厚的科研能力和对技术创新的不懈追求，麒麟信安拥有完善的资质，还拥有公安部、国家保密局、国家密码管理局、解放军测评认证中心等国家主管部门颁发的多项产品认证和测评证书；并承担了核高基国家科技重大专项、国家信息安全专项等多个国家及省市重大项目，获得科技进步一等奖等多个国家或省部级奖项。麒麟信安总部坐落于湖南长沙，在北京、西安、南京、长春、广州等地设立了分支机构，可以为用户提供本地化服务和支持。麒麟信安秉承做好产品、做好服务，为用户创造价值的企业精神，本着开放诚信、合作共赢的企业理念，为提供信息化建设安全平台、推进国产化安全应用不懈努力。,"https://www.zhaopin.com/jobdetail/CCL1318366210J40773693314.htm?refcode=4019&srccode=401901&preactionid=a7c1140f-c46c-45e5-b867-ab342d8bdc77"
4098,软件测试,广州-越秀区,3000-6000元,广州腾丰电商有限公司,"零售/批发,电子商务",20-99人,未融资,CCL1436147030J40762469303,岗位内容： 1. 设计并执行测试用例，记录测试结果并准备测试报告。 2. 协调开发人员、项目经理和测试团队成员，以确保遵守时间表和产品质量标准。 3. 使用自动化测试框架和工具来提高测试效率和覆盖率。 4. 不断改进测试流程和方法，以提高质量和效率。 5. 关注产品质量和客户需求，确保稳定、可靠和用户友好的软件交付。 任职要求： 1. 熟悉软件测试方法和流程。 2. 掌握至少一种自动化测试框架和脚本语言（如Selenium、Python、Robot Framework）。 3. 具备良好的团队合作精神和沟通能力。 4. 能够承受压力，在快节奏的环境中高效工作。 5. 有问题解决的能力和主动学习的态度。,3月10日,我们是一支对客户充满责任感和激情的团队，我们崇尚学习、善于创新、精诚合作、真诚服务、提倡共赢，确保以最快的时间、最优的服务、最大限度地满足客户的需求，为中国信息化建设不断贡献自己的力量。,"https://www.zhaopin.com/jobdetail/CCL1436147030J40762469303.htm?refcode=4019&srccode=401901&preactionid=a7c1140f-c46c-45e5-b867-ab342d8bdc77"
4099,C/C++,东莞-None,1.5-3万,外企德科数字技术有限公司,专业技术服务,10000人以上,,CCL1480117890J40602276505,1、本科及以上学历，专业不限； 2、熟悉Java/Python/C/C++/Go等一种或多种编程语言； 3、熟练软件开发流程，热爱编程，有良好的代码风格； 4、善于沟通，良好的表达沟通能力，有独立解决问题的能力。,2025-07-27 00:23:22,外企德科数字技术有限公司是一家2023年新成立的中外合资企业。成立于2023年11月24日，公司定位：专注于为信息技术企业提供人才及数字技术外包解决方案的中外合资企业。它是由中国人力资源服务行业的FESCO（北京国际人力资本集团）与全球人力资源服务领导者The Adecco Group（德科集团）合资成立的。公司主要提供网络技术服务、软件外包服务、计算机系统服务、技术进出口、软件开发等信息技术相关服务。专注于为信息技术企业提供信息技术类人才及数字技术外包解决方案。,"https://www.zhaopin.com/jobdetail/CCL1480117890J40602276505.htm?refcode=4019&srccode=401901&preactionid=a7c1140f-c46c-45e5-b867-ab342d8bdc77"
4100,C/C++,南京-雨花台区,1.6-3万·16薪,外企德科数字技术有限公司,专业技术服务,10000人以上,,CCL1480117890J40786776305,岗位内容：  1. 设计、开发和维护C++应用程序； 2. 根据产品需求，完成相应领域的研究及开发； 3. 参与项目需求分析和技术选型； 4. 负责代码编写、单元测试、Bug修复等工作。 任职要求：  1. 熟悉C++编程语言，具备扎实的编程基础； 2. 具有良好的算法和数据结构基础； 3. 熟练使用常见的开发工具，如VS、Eclipse等； 4. 具备较强的沟通协调能力和团队合作精神； 5. 具备分析问题、解决问题的能力；,2025-07-27 00:25:30,外企德科数字技术有限公司是一家2023年新成立的中外合资企业。成立于2023年11月24日，公司定位：专注于为信息技术企业提供人才及数字技术外包解决方案的中外合资企业。它是由中国人力资源服务行业的FESCO（北京国际人力资本集团）与全球人力资源服务领导者The Adecco Group（德科集团）合资成立的。公司主要提供网络技术服务、软件外包服务、计算机系统服务、技术进出口、软件开发等信息技术相关服务。专注于为信息技术企业提供信息技术类人才及数字技术外包解决方案。,"https://www.zhaopin.com/jobdetail/CCL1480117890J40786776305.htm?refcode=4019&srccode=401901&preactionid=a7c1140f-c46c-45e5-b867-ab342d8bdc77"
4101,硬件测试,绵阳-涪城区,4000-6000元,四川杰成人力资源服务有限公司,"咨询服务,互联网",1000-9999人,不需要融资,CC629673980J40756595509,岗位职责  负责产品环境试验（高低温、湿热、振动等）的测试操作与数据记录  完成试验前的仪器设备准备工作  协助进行试验夹具的安装与调试  参与夜间设备巡检与安全值班（每周1-2次）  维护实验室6S管理  配合完成其他试验相关工作 ,7月25日,杰成人力资源集团（英文简称“JC”）于2011年成立于中国重庆，是中国西南地区领先的专业人力资源外包服务机构，凭借强大的运营能力和极致的服务理念名列行业前茅。集团主营业务有：人事外包、制造外包、灵活用工以及大学生就业能力培养，同时积极涉足校企联合办学等相关领域，为超过500家大中型企业提供了专业的人力资源外包等相关服务。目前，集团外派雇员已超过10000人，年均输送量在50000人以上，累计安置就业人员已超过200000人次，得到客户和雇员的一致好评。经过多年的探索与发展，杰成已建立起一条集“资源渠道开发—资源优化配置—资源服务—方案解决”于一体的专业BPO服务产业链，在重庆、成都、贵阳、苏州等城市建立起分/子公司，在重庆、四川联合开办了职业学校。目前集团有多家人力资源外包运营实体公司：重庆思博人力资源服务有限公司，重庆杰成服务外包股份有限公司，重庆杰成合力服务外包有限公司，重庆云阳汇智服务外包有限公司，贵州杰成合力服务外包有限公司，重庆柚丁科技有限公司等。杰成人力资源集团拥有一支文化水平高、专业能力强、积极向上的管理队伍--由拥有多年人力资源服务行业、法律行业从业经验的高端人才组成的运营管理团队、专家顾问团队，为客户提供量身定制的人力资源外包服务综合解决方案，有效地帮助客户管理和降低人力成本，使其专注于核心事务从而提升核心竞争力。,"https://www.zhaopin.com/jobdetail/CC629673980J40756595509.htm?refcode=4019&srccode=401901&preactionid=a7c1140f-c46c-45e5-b867-ab342d8bdc77"
4102,前端开发,北京-朝阳区,8000-12000元,太极计算机股份有限公司,"计算机硬件,计算机软件,IT服务,互联网",1000-9999人,已上市,CC000058760J40753775410,岗位职责: 1、负责完成前端项目架构设计和通用组件封装； 2、配合产品经理和设计师，参与产品的开发和业务实现； 3、建设工具、提炼组件、抽象框架，促进前端工程化、服务化，持续提升研发效率，保障线上产品质量； 4、参与前端前沿技术研究与调研，技术驱动提升用户体验； 5、有uni-app或仿真推演开发经验的优先考虑。 岗位要求： 1、计算机相关专业本科及以上学历，3年及以上前端开发工作经验； 2、精通各种Web前端技术（HTML/CSS/Javascript等)，熟练跨浏览器、跨终端的开发； 3、精通掌握vue前端框架并理解其设计原理； 4、对前端工程化与模块化开发有一定了解，并有实践经验； 5、具有至少一门非前端开发语言（Java/Python），并有一定的实战经验者优先； 6、有使用uniapp进行跨端(安卓/IOS/小程序)开发实战经验者优先； 7、个性乐观开朗，逻辑性强，并具有良好的沟通能力、团队合作精神以及组织协调能力。,6月3日,太极计算机股份有限公司（以下简称“太极股份”）是国内电子政务、智慧城市和关键行业信息化的领军企业，2010年在深圳证券交易所上市。公司以“做中国最优秀的数字化服务提供商”为愿景，致力于成为“自主可控的主力军，数据运营的国家队，智能应用的引领者，员工价值的成就者”，瞄准数字政府、数字企业、数字国防，着力打造自主通用产品，提升数据运营服务能力，推动行业智能创新应用，助推国家治理体系和治理能力现代化建设，成为网络强国、数字中国、智慧社会建设的中坚力量。成立三十余年来，砥砺奋进、精耕细作，太极股份以客户需求为导向，成为国家重大信息系统总体设计和工程建设的主要承担者，国家电子政务、网络信息安全以及关键行业政策和相关标准制定的倡导者与积极参与者，为党的领导和国防、外交、公共安全、宏观经济、金融、民生服务、工业生产等提供重要的信息化支撑作用。在持续为中央部委、地方政府、大型集团企业客户创造数字化价值过程中，公司树立了可信赖的“国家队”形象。作为中国电子科技集团有限公司软件与信息服务龙头企业、自主可控总体单位、智慧城市与数字政府牵头单位，太极股份坚持创新驱动，被列为国家科技部和中关村科技园区创新试点示范单位，连续多年被认定为国家规划布局内重点软件企业和全国软件产业收入前百家企业。此外，公司还是中国软件行业协会副理事长单位、中国智慧城市产业技术创新战略联盟副理事长单位、北京软件和信息服务业协会会长单位、智慧北京促进联盟理事长单位、信息技术应用创新工作委员会理事单位、WG12公共数据运营工作组成员单位，以及多个行业学协会的发起者和重要参与单位，携手合作伙伴和产业机构，共创和谐生态环境。进入数字化时代，太极股份坚持以“数据驱动、云领未来、网安天下”为核心战略指引，聚焦数字政府、数字企业、数字国防等领域，加大布局云与数据服务、自主软件产品及数字基础设施等战略性新兴产业，探索数据开发利用的标准规范与创新思路，着力打造数字化咨询、数字技术与核心产品创新、资本与产业融合等核心能力，推进公司数字化转型，推动“数字中国”建设。创新融合，让我们的世界更智慧。,"https://www.zhaopin.com/jobdetail/CC000058760J40753775410.htm?refcode=4019&srccode=401901&preactionid=a7c1140f-c46c-45e5-b867-ab342d8bdc77"
4103,软件测试,承德-双桥区,6000-8000元,天阳科技,"计算机软件,计算机软件",1000-9999人,已上市,CC120408370J40480062808,1.全国项目驻场测试，主要负责功能、数据或接口等相关测试工作； 2.统招本科学历及以上（学信网可查）；毕业满2年；计算机专业优先； 3.热爱软件测试行业、有强力的自驱力，能够在测试岗位深入学习研究； 4.有无经验均可，服从公司安排，接受公司培养，可接受异地工作优先； 福利待遇： 上市公司、公司可提供住宿、定期体检、带薪年假； 欢迎符合要求的小伙伴们投递~,7月25日,天阳科技(股票代码：300872)，是全球金融创新服务的重要贡献者，持续赋能中国金融行业数字化转型，为客户提供咨询、金融科技产品、金融IT服务、云计算及运营服务。公司成立于2003年，服务超过300家金融行业客户，覆盖中央银行、政策性银行、国有银行、股份制银行、地方性商业银行、非银行金融机构等，员工人数近7000人，成为激活金融领域创新活力、推动金融科技迈入世界领先水平的重要力量。作为金融行业客户可信赖的合作伙伴，天阳科技凭借丰富的行业经验和端到端的专业服务，在信创、数字化金融、信贷、交易银行、信用卡、零售、营销、风险管理、征信监管等众多领域具备核心竞争力。据赛迪和IDC报告显示，近年来公司在中国银行业IT解决方案市场排名强势崛起，2019年收入及市场占有率综合排名分别位列第四位和第五位，并保持高速增长。同时，前瞻商业和科技趋势，入选2021年度未来银行科技服务商TOP100。天阳科技始终聚焦金融科技领域，加大自主创新力度，在超过100个城市建立本地化、专业化的研发和服务团队，拥有CMMI5级认证、软件测试成熟度模型集成（TMMi）3级认证、ISO9001质量管理体系认证、ISO20000信息技术服务管理体系认证、IS027001信息安全管理体系认证。通过部署人工智能、云计算、大数据、移动互联网、分布式计算和区块链等先进金融科技，公司致力于构建安全可控、普惠民生、开放共赢格局，在关键技术领域服务现代化金融发展大局，更好地为各利益相关方创造更大价值，为大中企业、小微企业以及每个个体提供优质金融服务。,"https://www.zhaopin.com/jobdetail/CC120408370J40480062808.htm?refcode=4019&srccode=401901&preactionid=a7c1140f-c46c-45e5-b867-ab342d8bdc77"
4104,技术支持工程师,西安-雁塔区,4000-6000元,北京电力自动化设备有限公司,"电子/半导体/集成电路,电子/半导体/集成电路",100-299人,未融资,CC285249580J40699588101,【岗位描述】   1、负责客户技术层的对接、需求引导，完成售前过程的需求信息收集 2、负责售前售后交流的材料准备、技术讲解、编写售前交流会议纪要 3、成熟产品的图纸设计、技术支持和安装调试； 4、协助生产和销售部门进行技术知识的培训、技术指导和疑难问题分析解决； 5、完成上级领导安排的其他工作。   【任职要求】   1、电子信息、自动化、通信、机电等相关专业本科学历，具备电子电器类基础理论知识； 2、具有良好的逻辑思维能力和钻研探索精神； 3、有较强的学习能力、沟通能力、团队协作能力。,5月12日,公司简介北京电力自动化设备有限公司（简称“北自公司”）成立于1971年9月1日，注册资本10000万元，是中国能建集团下属装备企业，是国家高新技术企业和中关村高新技术企业，地处北京市海淀区西直门外，毗邻地铁2号线和4号线。公司主导产品有：一、物联网平台，包括综合能源管理系统、智慧工地建设系统、新能源运维及监测系统、输变电土建设施监控系统、智慧电厂等。二、电力电子平台，包括电能质量治理系列有源电力滤波器APF、高压静止无功发生器SVG、三相负荷不平衡智能调节装置SUC，电能替代系列电动汽车交直流充电桩、船舶岸电电源产品等。三、储能平台，包括储能系统的防火防爆技术、系统集成和整体解决方案服务等。公司拥有电力电子产品软硬件、自动化控制系统、智慧能源、智慧工业、智慧园区、智慧交通等领域具有专业研发能力的3D建模团队及数字孪生等专业团队。公司依靠强大的科研团队和雄厚的技术支持，建立了电力电子平台、软硬件仿真平台、智慧园区管理系统、园区能耗系统、智慧工地管理系统平台，智慧交通、交能融合管理平台、光伏新能源设备及信息系统设计/安装/调试、深耕能源行业，在三维可视化、数字孪生、知识图谱、VR/AR虚拟/增强现实、工业大数据分析、工业互联网、企业级和集团侧安全、生产、管理应用开发等技术领域在全国能源行业具备技术领先性。研发的系列产品形成的智慧能源解决方案被国内能源行业客户广泛接受和采用。公司以各类产品为依托，为客户提供智能配电整体解决方案，新能源行业光伏、风电、储能系统电气解决方案，电能质量综合治理整体解决方案，冶金、石化等领域三电系统整体解决方案，建筑楼宇电气解决方案。公司长期与清华大学、华北电力大学等顶尖高校密切合作，公司目前拥有发明专利6项、实用新型专利18项、外观专利8项、软件著作权39项，具有强大的技术研发能力。在人才培养上，公司注重技术人才的培育，为新员工生安排了优秀的工程师、技术专家进行培养，给予年轻人充分的成长空间。,"https://www.zhaopin.com/jobdetail/CC285249580J40699588101.htm?refcode=4019&srccode=401901&preactionid=a7c1140f-c46c-45e5-b867-ab342d8bdc77"
4105,实施工程师,深圳-光明区,6000-8000元,澳东生物(深圳)有限公司,医药制造,20人以下,,CCL1486821060J40768983005,本科，兽医相关专业本科毕业，人事病原抗体检测产品售前、售后技术支持。基础实验技能掌握，病原学知识全面。,7月7日,,"https://www.zhaopin.com/jobdetail/CCL1486821060J40768983005.htm?refcode=4019&srccode=401901&preactionid=a7c1140f-c46c-45e5-b867-ab342d8bdc77"
4106,硬件测试,深圳-龙岗区,8000-11000元·13薪,广东育坤企业管理有限公司,"人力资源服务,人工智能,企业服务",300-499人,不需要融资,CCL1464544780J40732698216,岗位职责： 对生产完成的部件进行检测，负责性能参数或尺寸精度或运行稳定性等指标，通过专业设备和规范流程，模拟实际使用场景，排查潜在缺陷，记录测试数据，确保部件符合质量标准后才能进入下一环节。  ,7月16日,广东育坤企业管理有限公司成为国内一流的人才供应商！广东育坤成立于2023年，深耕招聘及猎头行业，立足广州，辐射全国（上海、深圳、北京、佛山、厦门、长沙、郑州等地），致力成为国内一流人才供应专家。注册资本500万元。,"https://www.zhaopin.com/jobdetail/CCL1464544780J40732698216.htm?refcode=4019&srccode=401901&preactionid=a7c1140f-c46c-45e5-b867-ab342d8bdc77"
4107,测试工程师,苏州-吴中区,5000-7000元,广东爱才人力资源有限公司,"人力资源服务,货运/物流/仓储,零售/批发,培训/辅导服务",10000人以上,未融资,CCL1283957410J40796376505,【岗位职责】  1、按照工程师要求完成扫地机相关性能、可靠性测试； 2、整理汇总测试数据，根据测试原始记录出具相关测试报告；  3、负责新进人员测试项目、测试方法、设备使用的教育培训 ； 4、管理和维护测试设备，确保测试结果的准确性和可靠性； 5、实验室测试区域6S监督维护。 【任职要求】  1、大专及以上学历，有小家电测试经验优先； 2、熟悉小家电产品性能相关标准，GB/T34454-2014、QBT4833优先； 3、按照SOP能操作使用电源/功率计/万用表、环境箱、盐雾测试箱等测试设备；  4、具备良好的团队精神，沟通意识，责任心强，工作认真细致，有良好的抗压能力.； 5、能够阅读和撰写技术文档和报告。,7月25日,爱才人力资源集团成立于2016年1月，总部位于中国杭州国际人力资源服务产业园11-15层，是“浙江省人力资源服务协会理事单位”、“杭州市人力资源促进会理事单位”、“浙江中小企业协会理事单位”。荣获2018《中国HR好服务》TOP30优秀服务机构、浙江省人力资源服务企业信用等级“四星级企业”。,"https://www.zhaopin.com/jobdetail/CCL1283957410J40796376505.htm?refcode=4019&srccode=401901&preactionid=a7c1140f-c46c-45e5-b867-ab342d8bdc77"
4108,软件测试,厦门-湖里区,100-150元/天,亚信科技(中国)有限公司,通信/网络设备,10000人以上,已上市,CC139131340J40745636611,职位描述： 1）参与中国移动国际公司或中国移动香港公司的CRM项目测试工作，包括需求评审、用例设计、缺陷提交、报告编写等。 2）参与客户需求验收工作。 3）参与项目接口测试、自动化测试用例开发。 4）面向2026届本科学生。 5）全职实习，一周5天，实习时间能在半年以上。,6月10日,亚信科技是中国领先的信息科技产品及服务提供商，拥有丰富的软硬件产品开发和大型工程实施经验。公司深耕市场超过 30年，在 5G、云计算、大数据、人工智能、物联网、数智运营、业务及网络支撑系统（BSS&OSS）等领域具有先进的技术能力和众多成功案例，客户遍及通信、广电、能源、交通、政务、金融、邮政等行业。近年来，亚信科技持续聚焦云网、数智、IT三类产品的研发，并结合咨询规划、数智运营和系统集成能力，不断向“产品与服务双领先”目标迈进。2024年公司进一步提出“四个转变”发展战略，聚焦打造 5G专网、边缘智能、信创数据库、大数据与可信数据流通、xGPT等战略级软件及软硬一体产品，并加强向非通信及国际市场的开拓。亚信科技始终致力于将 5G、人工智能、大数据等数智技术赋能至百行千业，与客户共创数智价值。面向未来，公司将努力成为最可信赖的数智价值创造者，并依托数智化全栈能力，创新客户价值，助推数字中国。,"https://www.zhaopin.com/jobdetail/CC139131340J40745636611.htm?refcode=4019&srccode=401901&preactionid=a7c1140f-c46c-45e5-b867-ab342d8bdc77"
4109,测试工程师,惠州-博罗县,1-1.3万,四川允升鸣谦企业管理有限公司,人力资源服务,20人以下,,CCL1481286370J40698885606,岗位内容：  1. 设计测试用例并执行测试计划，对软件功能、性能、稳定性等进行全面测试。 2. 编写测试报告和Bug汇报，跟踪Bug的解决过程，并及时反馈BUG情况给研发团队。 3. 参与产品设计和需求评审，提供测试意见和建议。 4. 熟悉自动化测试框架或工具，并进行相关测试工作。 任职要求：  1. 本科以上学历，计算机相关专业，有3年以上测试经验。 2. 熟悉软件测试流程和常用的测试方法、工具，熟悉至少一种自动化测试工具。 3. 具备较强的测试分析和问题定位能力，能够独立制定测试计划和测试用例。 4. 具备良好的沟通协调能力和团队合作精神。,7月28日,,"https://www.zhaopin.com/jobdetail/CCL1481286370J40698885606.htm?refcode=4019&srccode=401901&preactionid=a7c1140f-c46c-45e5-b867-ab342d8bdc77"
4110,实施工程师,咸阳-秦都区,7000-9000元,浙江伟星新型建材股份有限公司,"建材,建材",1000-9999人,已上市,CC190544810J40735337316,岗位职责： 1、公司新产品、新系统的推广及技术交流； 2、管道施工现场技术指导； 3、市场客诉技术分析及应用验证； 4、跟踪掌握行业最新的技术动态和发展趋势，组织技术交流会议。  任职要求：  统招一本及以上，高分子材料专业，硕士优先。    ,7月24日,浙江伟星新型建材股份有限公司（伟星新材）创建于1999年，专注于研发、生产、销售高质量、高附加值的新型塑料管道（PP-R管材管件、PE管材管件、PVC管材管件、PB采暖管材管件等系列产品），并积极拓展净水设备和防水事业，是国内PP-R管道的领跑企业，于2010年成功上市（伟星新材证券代码：002372），先后荣获高新技术企业、企业技术中心、知识产权示范企业、中国轻工业塑料行业、等多项荣誉大奖，在行业内树立了良好的企业信誉和口碑。伟星新材在浙江、上海、天津、重庆、西安、东南亚建有六大现代化生产基地，经过二十年的耕耘与磨砺，坚持“产品+系统集成+服务”为客户提供系统解决方案。公司产品涉及给水、排水、采暖、净水、防水、燃气、油田、船舶、海洋养殖等众多领域，产品曾应用于鸟巢、水立方、港珠澳大桥、北京大兴国际机场等工程。伟星新材坚持走品牌化道路，建立全国营销网络，现有伟星管、KALE咖乐、ännette安内特、伟星地暖、伟星水暖等多个产品品牌以及星管家服务品牌。公司以国际化视野，升级品牌新形象——“VASEN”，积极布局国际化，致力成为高科技、服务型、国际化的一流企业。,"https://www.zhaopin.com/jobdetail/CC190544810J40735337316.htm?refcode=4019&srccode=401901&preactionid=a7c1140f-c46c-45e5-b867-ab342d8bdc77"
4111,技术支持工程师,青岛-市北区,9000-18000元,青岛安然物联网科技有限公司,"物联网,物联网",20-99人,未融资,CC559764920J40823801304,需要弱电技术、自动化、安防系统、工业互联网+危化安全生产、物联网人才，不要纯软件人才。  你能经常到全国各地出差吗？你能到工业生产现场生产现场做技术支持吗？   真正的奋斗者在安然会有让人值得为之奋斗的事业，会有充实、高效的成长，会有高人一等的收入。   你能做好售前技术支持、根据客户需求，高效制作方案吗？你能做好售中技术支持、指导他人正确安装、部署、调试系统向用户保质保量快速交付吗？你能做好售后维护，高效沟通和落实客户需求吗？   迄今已服务中石化、中石油、延长石油、国能、兖矿、京能、索普、新安、奇美、昊源、潞安、旭阳、垦利、逸盛、海科、酒钢、金发等几百家石化、化工、选煤、钢铁、电厂企业。    安然以客户为中心，以强者为本，抬头乐干，愿意与同道中人联合、链接，携手共建、共用、共享生产安全命运共同体，一起干，一起干，让优秀企业更安全，让优秀企业更高效！,7月22日,基于精准人员定位的工业安全生产信息化管理专家，安全生产信息化管理引领者！作为全国实时定位技术标准工作组成员和应急管理部“工业互联网+危化安全生产”人员定位系统技术支持机构，安然从2012年起致力于基于ZigBee Plus三维立体按需精准定位的“工业互联网+安全生产”的研究，获得了20多项安全智能管控系统发明专利和著作权，持续引领中国化工行业生产现场智慧安全！安然以“准、稳、狠”的ZigBee Plus三维立体按需精准人员定位统和“底数清、数据准、情况明、研判准、措施实”的安全生产信息化平台为核心，整合访客管理、出入口控制、人脸识别、视频监控、语音广播、重大危险源监控、可燃有毒气体监测等系统，对生产现场人、机、料、法、环五大要素进行实时、动态、智能管控和预警，规范人的安全行为，保障人的生命安全，有效防范风险、主动化解风险，实现智慧安全。安然“以用为本”，把安全生产信息化建设与公司管理体系“深度融合”，把安全生产信息化建设与日常工作“紧密结合”，对安全生产切实“有用、实用、好用”，避免建用“两张皮”，让安全管控更智能，让生产更高效才实用。迄今已服务中石化、中石油、延长石油、国能、兖矿、京能、索普、新安、奇美、昊源、潞安、旭阳、垦利、逸盛、海科、酒钢、金发等几百家石化、化工、选煤、钢铁、电厂企业。安然以客户为中心，以强者为本，抬头乐干，愿意与同道中人联合、链接，携手共建、共用、共享生产安全命运共同体，一起干，一起干，让优秀企业更安全，让优秀企业更高效！,"https://www.zhaopin.com/jobdetail/CC559764920J40823801304.htm?refcode=4019&srccode=401901&preactionid=a7c1140f-c46c-45e5-b867-ab342d8bdc77"
4112,科研人员,深圳-南山区,7000-10000元·13薪,中国科学院深圳先进技术研究院,"学术/科研,学术/科研",1000-9999人,未融资,CC227408420J40617784816,一.单位介绍,7月11日,"中国科学院深圳先进技术研究院由中国科学院、深圳市政府、香港中文大学2006年在深圳共同组建，已经逐渐成为集教育、科研、产业、资本四位一体的新型科研机构。先进院拥有一支结构合理，创新能力卓越的研发队伍，拥有一支由研究生、博士后、访问学者组成的高水平流动人员队伍，现有员工1800多人，50%具有博士学历；超过600人具有海外留学背景，PI（教授、副教授）百分之九十从国外引进回国。拥有一套先进、高效的管理体制和合理完善的科技成果转移、转化的科技成果被企业广泛接受与应用，培养的专门人才得到社会广泛认同与欢迎，成为人才一流、科研一流、管理一流的国家研究机构。--------------------- Shenzhen Institutes of Advanced Technology(SIAT)-Chinese Academy of Sciences was jointly established by Chinese Academy of Sciences(CAS), The Chinese University of Hong Kong(CUHK), and the Shenzhen Municipal Government in 2006. Over the past 13 years, SIAT has earned an outstanding reputation for translating findings from basic research into industrial application under the efforts of the interdisciplinary teams of scientists and engineers. The wide-ranging expertise drawing from technical, engineering or science professions has now positioned SIAT at the interface between biology technologies(BT) and information technologies(IT) for the 21st century innovation.","https://www.zhaopin.com/jobdetail/CC227408420J40617784816.htm?refcode=4019&srccode=401901&preactionid=a7c1140f-c46c-45e5-b867-ab342d8bdc77"
4113,科研人员,合肥-蜀山区,2-4万,安徽中科锌能科技有限公司,"新能源,新材料,新能源",20人以下,未融资,CCL1492336240J40692896416,招聘岗位：博士后研究员  工作地点： 安徽工业技术创新研究院（合肥市蜀山区长江西路2221号，2号线桂庄站B口步行430米）  培养单位： 中国科学院合肥物质科学研究院  合作单位：安徽中科锌能科技有限公司  研究方向：  1、水系锌离子电池材料设计与性能优化  2、大容量锌离子电池的制备与工艺开发  3、高安全锌离子电池系统的设计与应用  4、锌离子电池在备电领域的应用研究  岗位职责：  参与“面向备电应用的大容量高安全水系锌离子电池项目”的研究工作，开展相关实验与理论分析。  协助团队进行电池材料的筛选、性能测试及优化。  参与电池系统的设计与开发，推动项目成果的产业化应用。  撰写科研论文、专利及项目报告，参与学术交流与合作。  任职要求：  已获得或即将获得材料科学、化学、电化学、物理化学等相关专业的博士学位。  具备扎实的电化学基础，熟悉电池材料制备与表征技术者优先。  具有较强的科研能力和创新意识，能够独立开展研究工作。  良好的团队合作精神和沟通能力，具备较强的英文读写能力。  年龄一般不超过35岁，身体健康，能够全职从事博士后研究工作。  薪资待遇：  提供具有竞争力的薪资待遇，具体面议。  享受中国科学院物质研究院博士后相关福利待遇。  提供良好的科研条件和发展平台，支持参与国内外学术交流与合作。  表现优异者，出站后可优先考虑留任公司或推荐至合作单位工作。  ,6月27日,安徽中科锌能科技有限公司是一家专注于安全环保新型电池产品研发和生产的创新型科技企业，主营水系锌离子电池及电芯产品，致力成为水系锌离子电池行业的领军企业，共同提升行业新质生产力，为社会发展和环境保护做出更大的贡献。邀您加入我们，见证我们，和我们携手探索锌能新世界！公司企业文化：团结一心，快乐奋斗，高效工作，求实创新。,"https://www.zhaopin.com/jobdetail/CCL1492336240J40692896416.htm?refcode=4019&srccode=401901&preactionid=a7c1140f-c46c-45e5-b867-ab342d8bdc77"
4114,Java,郑州-二七区,5000-8000元,郑州越皓网络科技有限公司,"人工智能,电子商务,计算机软件",20-99人,未融资,CCL1411727170J40526498515,任职资格,7月23日,越皓网络拥有最优秀的高中层管理队伍，他们在技术开发、市场营销、金融财务分析等方面拥有丰富的管理经验。他们共同制定了公司的发展战略，带领越皓网络全体员工逐步向信息化，国际化战略目标前进。公司致力于发展杰出的、突出团队精神的企业文化，建立合理、完整的人力资源结构。近几年来，围绕并服务于国民经济信息化工程建设，在金融、政府、中小企业外包等软件开发和系统集成领域开展了卓有成效的工作，展现了广阔的生存空间和发展前景。,"https://www.zhaopin.com/jobdetail/CCL1411727170J40526498515.htm?refcode=4019&srccode=401901&preactionid=a7c1140f-c46c-45e5-b867-ab342d8bdc77"
4115,Java,成都-郫都区,1.5-3万,外企德科数字技术有限公司,专业技术服务,10000人以上,,CCL1480117890J40788718805,岗位职责： 1、负责应用软件开发和维护工作。 2、负责软件模块需求分析、系核心模块代码编写和单元测试，完成概要设计文档、详细设计文档。 3、积极主动的与项目相关人员沟通交流，持续改善产品体验。 业务技能要求： 1、熟练掌握常用数据结构。 2、熟悉计算机组成原理、操作系统、网络等。 岗位要求： 1.一本以上学历，双证学信网可查（不要求专业）  2.热爱编程，基础扎实，熟悉掌握但不限于Java、C/C++、GO、Python、JS等1种或多种主流编程语言 ，精通多线程、IO、网络编程等； 3、精通客户端与服务器通信协议，精通 XML 、 JSON 数据交换格式，精通 STL、Curl、 DuiLib 等常用的开源库； 4.熟悉底层软件、应用软件，具备操作系统、嵌入式软件开发相关的知识； 5.具有良好的沟通能力，有良好的团队合作精神。对技术有激情，喜欢钻研，能快速接受和掌握新技术，有较强的独立、主动的学习能力。 工作地点：  西安、成都、深圳、北京、苏州、东莞、杭州、南京、上海、武汉等地的研究所    福利待遇：  1.薪资=底薪+绩效+年终奖  2.五险一金底薪全额缴纳  3.根据绩效考核，享有年终奖、项目奖金及调薪机会 4.有班车，工作日20：30后有免费夜宵，技术论坛分享 ，不定时下午茶水果   PS：全流程线上面试，对经验没有强制要求，对接多个部门的需求。技术OK的小伙伴都可以试试,2025-07-27 00:25:40,外企德科数字技术有限公司是一家2023年新成立的中外合资企业。成立于2023年11月24日，公司定位：专注于为信息技术企业提供人才及数字技术外包解决方案的中外合资企业。它是由中国人力资源服务行业的FESCO（北京国际人力资本集团）与全球人力资源服务领导者The Adecco Group（德科集团）合资成立的。公司主要提供网络技术服务、软件外包服务、计算机系统服务、技术进出口、软件开发等信息技术相关服务。专注于为信息技术企业提供信息技术类人才及数字技术外包解决方案。,"https://www.zhaopin.com/jobdetail/CCL1480117890J40788718805.htm?refcode=4019&srccode=401901&preactionid=a7c1140f-c46c-45e5-b867-ab342d8bdc77"
4116,科研人员,杭州-临平区,100-200元/天,服务型制造研究院(杭州)有限公司,"学术/科研,学术/科研",100-299人,未融资,CCL1286751270J40677712815,研究助理：,2月18日,"服务型制造研究院是为贯彻党中央、国务院关于推动先进制造业和现代服务业深度融合,发展服务型制造的决策部署,推动制造业高质量发展，落实部省合作协议，由工信部电子五所与杭州市临平区人民政府、临平区国家级经济技术开发区合作建设的新型研究机构。研究院以建成国内领先、国际一流的国家级新型专业智库，制造与服务融合发展的使能技术研发中心和解决方案服务平台，新产业格局发展成果转化和推广枢纽为主要任务，旨在解决跨行业、跨领域、跨场景发展服务型制造所需关键共性技术和使能技术问题，形成制造与服务全方位、宽领域、深层次融合发展的格局。","https://www.zhaopin.com/jobdetail/CCL1286751270J40677712815.htm?refcode=4019&srccode=401901&preactionid=a7c1140f-c46c-45e5-b867-ab342d8bdc77"
4117,前端开发,杭州-滨江区,1.2-1.8万,宏杉科技,"通信/网络设备,计算机软件,计算机硬件,IT服务",500-999人,未融资,CC227128020J40787146808,岗位职责 1.根据产品需求完成页面的设计与开发，负责公司产品Web端相关工作； 2.负责现有产品Web项目的开发维护迭代工作并能根据新需求进行调整； 3.模块化功能开发、性能优化，提高项目代码的可维护性和复用性； 4.与后端开发紧密合作，参与前后端联调，解决数据交互、接口对接等问题，保障项目的顺利推进； 5.关注前端技术发展趋势，善于使用新技术提升产品的用户体验和开发效率。 任职要求 1.本科及以上学历，计算机相关专业优先，1-3年Web前端开发经验； 2. 熟练掌握 HTML5、CSS3、JavaScript、TypeScript 等前端开发技术，掌握 ES6+语法，能够独立完成前端页面的开发； 3. 熟悉模块化开发，熟练使用如 Vue、React 等主流前端框架，并有实际项目开发经验，掌握现代前端构建、编译工具，如 Webpack、Vite、Babel 等； 4. 具有对于优秀开源框架、组件库及第三方工具库源码阅读的能力； 5. 有一定UI设计经验或者有云计算、存储、超融合等从业经验的优先； 6. 具备良好的沟通能力和团队协作精神，能够积极主动地解决工作中遇到的问题。,4月10日,"杭州宏杉科技股份有限公司（MacroSAN Technologies Co., Ltd.中文简称：宏杉科技）成立于2010年5月，从事企业级存储产品的研发、生产和销售，系全球存储市场上少数具有高端产品自主研发能力的高科技企业，总部位于杭州，在杭州和深圳设有研发中心，在全国31个省会、首府、直辖市及计划单列市，设立了办事处。宏杉科技是全球网络存储工业协会（SNIA）最早的中国投票会员。凭借团队丰富的研发经验和深厚的技术积累，宏杉科技通过自主研发推出了MS全系列存储产品，成为具有从低端到高端全系列产品及解决方案研发能力的高科技企业。宏杉科技根据中国用户的使用特点，推出了SDAS对称双活、双矩阵高端多控、CRAID、IDDC、ICMT等业界领先的存储技术。面对云计算大潮，宏杉科技推出了整体数据管理解决方案，既能够帮助用户建立整体的数据架构、数据保护机制、数据管理方法，并在之上满足AI、BI、VR/AR、大数据分析等不同环境、不同应用的需求，还可以帮助企业顺利向混合云、公有云平移，推动用户在传统IT走向以云计算、大数据、IoT为代表的“新IT”过程中持续创新。宏杉科技已成长为中国数据管理专业企业。宏杉科技的产品及解决方案广泛应用于政府、金融、运营商、教育、医疗、电力、能源、交通、大企业等各行各业。","https://www.zhaopin.com/jobdetail/CC227128020J40787146808.htm?refcode=4019&srccode=401901&preactionid=a7c1140f-c46c-45e5-b867-ab342d8bdc77"
4118,前端开发,长沙-开福区,面议,融通人力资源开发有限公司,"人力资源服务,咨询服务,培训/辅导服务,人力资源服务",10000人以上,不需要融资,CCL1290012410J40760404712,一、岗位职责： 1.仿真软件系统的设计、开发、测试，负责Web前端页面设计和开发；  2.仿真软件系统更新升级和软件bug的分析与解决；与后台工程师协作，完成数据交互、业务逻辑处理、动态信息展现； 3.仿真软件系统设计重构、性能优化； 4.仿真软件系统空装、调试:  5.遵守单位各项规章制度，严格执行单位制定的计划。  二、岗位要求：  1.必须满足硕士研究生及以上学历，35周岁以下。计算机、软件工程或其他相关专业；  2.熟练掌握HTML5、CSS3、JavaScript(ES6+)，熟悉至少一种U框架，如LayUI/ElementUI等；  3.精通Vue/React/Angular等至少一种主流前端框架及其生态，能独立开发常用组件；  4.熟悉Webpack、Vite等构建工具配置和优化，熟悉前端工程化、模块化开发流程；  5.有GIS系统开发经验，熟悉WebGL、Three.is、Cesium等维可视化技术优先；  6.具有较强的独立工作能力和解决问题的能力；具有良好的沟通表达能力和书面表达能力以及文档编能力；  7.有较强责任心和团队精神，为人正直、踏实，保密意识强。,6月6日,中国融通资产管理集团有限公司是中央管理的商业类国有独资公司，由国务院国资委履行出资人职责。经营范围主要包括房地产、农业、酒店及旅游业、装备保障、商业服务、资源回收利用、科技服务、医疗健康、安保服务、文化、人才服务、金融及保险服务等领域。融通人力资源开发有限公司（简称：融通人力公司）是中国融通文化教育集团所属的全资子公司，负责中国融通集团人力资源中心的日常运营工作。融通人力公司秉持“战略致胜、产品为基、客户为本”的服务理念，依托一个基础服务平台和四个价值创造中心（就业、考试、咨询、福利），为客户提供专业化、特色化的人力资源服务，坚持做有温度的人力资源陪伴者。,"https://www.zhaopin.com/jobdetail/CCL1290012410J40760404712.htm?refcode=4019&srccode=401901&preactionid=a7c1140f-c46c-45e5-b867-ab342d8bdc77"
4119,软件测试,郑州-金水区,6000-9000元,河南蔚禾信息科技有限公司,互联网,20-99人,未融资,CCL1490932730J40933026004,职位要求： 1.专科及以上学历，计算机相关专业优先，可无经验，欢迎应届毕业生投递，想往互联网技术方面发展。 2.性格开朗、积极上进、责任心强，沟通能力强，具备团队合作精神。 3.做事严谨踏实，责任心强，善于学 结以及分析、解决能力。 4.能尽快入职者； 岗位职责： 1.分析策划的需求文档; 2.编写测试用例； 3.对产品质量进行实时监控; 4.推动缺陷bug的解决; 工作时间：9:00-18:00 周末双休五险 不加班，节假日正常放假。,7月18日,公司是一家以互联网平台运营，软件开发，云计算，软件测试，全媒体运营为核心的科技公司。主要以技术研发创新为主导，涉及医疗，金融，制造，工程技术，化工材料等多个行业，积极推动信息资源应用和创新。期待您的加入,"https://www.zhaopin.com/jobdetail/CCL1490932730J40933026004.htm?refcode=4019&srccode=401901&preactionid=a7c1140f-c46c-45e5-b867-ab342d8bdc77"
4120,硬件测试,深圳-福田区,7000-12000元·13薪,深圳市宁鑫企业管理有限公司,"物联网,计算机硬件,游戏,运营商/增值服务",20-99人,未融资,CCL1263472900J40515470816,1、参与公司产品调试。 2、熟练掌握测试仪器设备的使用。 3、发现问题及时汇报并积极提出解决方案 4、严格按照检测流程进行测试。 5、有较强的实际操作能力。 6、能独立工作，有较强的沟通、学习能力，有团队协作精神。 7、电子、电气相关专业，2-3年以上的电子电路开发经验。 工作职责： 1、参与PCB测试及相关文档输出， 2、参与公司产品测试及相关文档输出。,4月11日,深圳市宁鑫企业管理有限公司成立于2020年05月29日，注册地位于深圳市盐田区海山街道鹏湾社区海景二路1025号壹海国际中心902sp法定代表人为八德鹏。经营范围包括一般经营项目是:企业管理咨询服务、商务咨询服务、企业信用评估评级咨询服务、企业形象策划服务;企业项目策划;企业财务策划服务;投资咨询;投资兴办实业。,"https://www.zhaopin.com/jobdetail/CCL1263472900J40515470816.htm?refcode=4019&srccode=401901&preactionid=a7c1140f-c46c-45e5-b867-ab342d8bdc77"
4121,实施工程师,成都-武侯区,3000-4000元,成都好亿达科技有限公司,计算机硬件,20-99人,,CC289301380J40796899905,1会基本cad画图、能够在项目上监工，基本的电脑故障排查     2.该岗位后期要去西安出差,7月25日,成都好亿达科技有限公司是一家现代化科技企业，致力于为广大用户提供最优化的产品及系统解决方案。结合用户实际，以为用户提供最专业、最实用的产品应用方案及最专业的技术服务。经过不断的努力与发展，已具备一定的规模和实力。我们与业界知名厂商紧密合作，以过硬的产品质量，以卓越的服务品质、专业安全的技术服务实力，为不同群体的用户提供更高效、更优质的全面服务。我们的服务项目有：企业办公设备维修、维护的外包业务；计算机软硬件及外围设备研发、销售及维修维护，办公设备及耗材销售，系统集成；安防设备、光纤、通讯设备（不含无线电发射设备）等销售；电线电缆、电子元器件、建材销售；网络工程；专业数据恢复等多种服务。,"https://www.zhaopin.com/jobdetail/CC289301380J40796899905.htm?refcode=4019&srccode=401901&preactionid=a7c1140f-c46c-45e5-b867-ab342d8bdc77"
4122,科研人员,广州-荔湾区,8000-10000元,广州医科大学,学术/科研,1000-9999人,,CC260264080J40516966208,广州医科大学封红亮教授——广东省人民医院王诗镔主任联合招聘科研助理 一、PI介绍 封红亮，入选广东省重大科技人才计划青年学者，现为广州医科大学附属脑科医院生物节律实验室主任、教授、博士生导师；兼任中国睡眠研究会运动与睡眠健康专委会副主任委员、BMC Medicine等SCI期刊编委等。聚焦睡眠-觉醒昼夜节律新表型及其对神经精神疾病作用和机制研究，主持国家科技创新2030-“脑科学与类脑研究”重大专项（子课题负责人）和国家自然科学基金等纵向课题5项，作为骨干成员参与“十四五”国家重点研发计划“常见多发病防治研究”重点专项1项，近五年以第一或通讯作者（含共同）于Lancet Healthy Longevity、Nature Communications等期刊发表论著15篇，其中，1篇论文被Science的Editors’ Choice收录和编辑述评正面评价，以及Nature出版集团（Nature Portfolio）推荐Highlight（关注度居所有Nat Commun论文前1%），ESI高被引论著论文2篇，被写入睡眠领域实践指南专著。副主编身份编写人民卫生出版社《昼夜节律原理与临床实践》，参编“十四五”普通高等教育研究生规划教材《睡眠医学》和北京大学出版社《睡眠医学》2部教材，撰写昼夜节律睡眠障碍相关章节；获第3届亚洲睡眠医学大会“青年科学家奖”并受邀进行大会报告。 王诗镔，副研究员，硕士生导师，广东省人民医院（广东省医学科学院），广东省精神卫生中心公共卫生事业科主任；吉林大学公共卫生学院预防医学学士、医学博士（流行病与卫生统计学），国家公派加拿大萨省大学医学院、公共卫生学院联合培养博士（慢性病与精神卫生），澳门大学健康科学学院博士后研究员（精神卫生）。从事失眠、抑郁、焦虑、认知障碍、严重精神障碍的预防与康复流行病学研究，牵头“健康广东行动（2019-2030年）”心理健康促进行动和社会心理服务体系构建研究。主持国家自然科学基金、广东省医学科研基金项目、广州市科技计划项目、广东省人民医院科技专项等15项，参与国家重点研发计划项目、国家社会科学基金重大项目、省级科研课题20余项。近年发表科技论文118篇（SCI收录97篇，其中一作/通讯51篇）。兼任中国康复医学会精神卫生康复专委会青年工作组副组长，中华医学会精神医学分会社会精神医学学组委员，广东省心理健康协会公共精神卫生专委会副主任委员，广东省卫生信息网络协会智慧心理健康分会会长，广东省预防医学会精神卫生专委会常务委员，广东省中医药学会中医心理学专委会委员，广东省心理健康和精神卫生专家库科普专家，中山大学公共卫生学院和吉林大学公共卫生学院研究生校外行业导师。所在学科为国家“双一流”建设学科、国家临床重点专科，全国排名第六；拥有硕、博士学位授权点和博士后流动站。课题组有完善的科研训练体系、良好的临床和基础研究科研条件、丰富的生物样本资源、扎实的国内外知名团队合作基础以及充足的在研科研经费。拥有多导睡眠监测仪10余台、体动记录仪200余台、动物生物节律采集和分析系统、动物脑电肌电系统、动物精细行为监测系统、多项睡眠节律紊乱造模仪器、多项动物行为学评估平台等生物节律和睡眠神经科学研究的先进平台。此外，配备双光子显微镜、共聚焦显微镜和一系列分子生物学实验设备，为各项实验提供良好条件。所在团队已配备专职科研人员4名，博士后10名，研究生和科研助理20余名，主要来自神经生物学、心理学、生物信息学、临床医学等脑科学相关专业领域。因学科建设及科研工作需要，现招聘科研助理，从事科研项目、基础研究、行政事务等相关工作，具体要求如下： 二、招聘岗位：科研助理（3-4名） 1、主要工作内容: （1）协助睡眠和昼夜节律相关临床课题的受试者招募。 （2）协助科室宣传、文章和课题申报工作。 2、招聘条件要求: (1)应届毕业生或年龄不超过35周岁的非应届毕业生，本科及以上学历； (2)精神健康、公共卫生和心理学等领域相关专业 (3)有科研训练经验者，可优先考虑 (4)有一定的写作和文书能力，熟悉办公室应用软件系统 (5)具有强烈的事业心和责任感，办事效率高，能按时完成工作任务，有较强的沟通交流能力和良好的团队合作精神。 三、人事与薪酬管理 1) 用工形式：劳务派遣制。 2) 薪酬待遇：按照研究助理岗位薪酬管理规定执行，薪酬面议；购买“五险一金”、职工意外伤害保险、定期的员工福利。 四、联系方式： 1、工作地址：广东省广州市荔湾区明心路36号 2、工作时间:早9点-12点，下午2点半-6点半，周末休息，按照项目进度自行灵活安排工作 3、报名方式:直接投简历即可,7月24日,,"https://www.zhaopin.com/jobdetail/CC260264080J40516966208.htm?refcode=4019&srccode=401901&preactionid=a7c1140f-c46c-45e5-b867-ab342d8bdc77"
4123,科研人员,合肥-蜀山区,1.5-3万,国科量子通信网络有限公司,运营商/增值服务,100-299人,不需要融资,CC458077180J40571292313,职责描述： 1、参与有关量子信息技术、密码（数字签名、多方安全计算等协议）与经典ICT行业相结合的技术方案的研讨，并根据讨论内容编写产品说明材料和建设部署方案。 2、研究报告；能将技术研究形成书面报告。 3、其他工作：其他技术方面相关的工作。任职要求：   1、教育背景：物理、密码学、通信、信息安全等理工科类相关专业，具备通信网络架构方面知识优先，博士学历。   2、经验背景：应届生或具有电信运营商、网络信息安全等相关知识体系与实践经验。对量子信息产业化发展感兴趣，愿意将其作为自己的长远方向。   3、知识技能：熟悉信息通信领域技术体系和业务运行；具备良好的英语读写能力；能够独立完成报告撰写，熟练掌握office办公软件；较好的沟通协调能力、调查研究、数据分析与处理等能力；具备自主学习、获取行业信息的能力。参与过政府专项（或科研项目）申报和实施优先。,6月26日,国科量子通信网络有限公司国科量子通信网络有限公司（简称“量子网络公司”）由中国科学院国有资产经营有限责任公司（简称“国科控股”）联合中国科学技术大学共同发起成立的国有控股高科技企业。公司注册资金6000万元，总部位于上海浦东新区，在上海、北京、合肥等地拥有子公司或办事处。公司愿景：面向下一代信息技术发展趋势和国家战略需求，引领量子安全互联网的应用和发展；公司使命：面向信息安全市场需求，建设星地一体量子网络，服务量子通信产业发展；公司目标：成为国际领先的量子通信综合服务提供商。公司提供具有市场竞争力的薪酬，完善的福利及个人成长平台，现正值量子通信跨步发展的阶段，量子网络公司诚邀社会各界有志于从事量子通信事业的人才加盟，让我们共同为量子通信事业而奋斗！公司地址：上海浦东新区秀浦路99号招聘邮箱：hr@casquantumnet.com,"https://www.zhaopin.com/jobdetail/CC458077180J40571292313.htm?refcode=4019&srccode=401901&preactionid=a7c1140f-c46c-45e5-b867-ab342d8bdc77"
4124,C/C++,重庆-渝北区,1.9-3.5万·16薪,外企德科数字技术有限公司,专业技术服务,10000人以上,,CCL1480117890J40632910605,"岗位： C/C++，java，JS，python、Go等通用软件开发工程师，软件测试工程师 （ 社招模式），各产品线各类语言开发岗位开放，只要你懂一门语言，就有合适的岗位! 工作稳定，工作内容相同（pl无差异分配任务） （机考：提供复习资料，每个环节 TIPS 辅导，通过率高！！-直达面试！！！全程流程随时跟进可查, 一个部门不满意可转推不同部门）： 工作：接触并开发核心业务代码，技术栈全面，技术牛人多，技术氛围好。 公司福利： 1. 底薪+绩效+项目奖金+年终奖； 2. 全额缴纳社保及五险一金； 3.一年数次考评，薪资可上浮~ 4.带薪年假5-15天，双休。 软件开发工程师 1. 统招本科以上学历，计算机、通信等理工科专业优先。 2. 精通一门主流编程语言，如 java/c/c++/python/js 等，有一定的开发经验。 3. 具备良好的沟通能力和良好的思维逻辑。 4. 善于沟通，勇于担责，积极主动，团队协作意识强。 算法工程师： 1、熟练掌握Java/C/C++/Python其中一个或多个编程语言，有扎实的编程功底； 2、熟悉机器学习、深度学习或图像算法。 测试开发工程师 1. 统招本科以上学历，计算机、通信等理工科专业优先。 2. 熟悉一门主流编程语言，如 java/c/c++/python/js 等，有一定的测试工具开发、测试、自动化测试框架搭建等经验。 3. 深入理解质量保证工作，熟悉常用测试框架及手段。 4. 善于沟通，勇于担责，积极主动，团队协作意识强。",2025-07-28 00:22:31,外企德科数字技术有限公司是一家2023年新成立的中外合资企业。成立于2023年11月24日，公司定位：专注于为信息技术企业提供人才及数字技术外包解决方案的中外合资企业。它是由中国人力资源服务行业的FESCO（北京国际人力资本集团）与全球人力资源服务领导者The Adecco Group（德科集团）合资成立的。公司主要提供网络技术服务、软件外包服务、计算机系统服务、技术进出口、软件开发等信息技术相关服务。专注于为信息技术企业提供信息技术类人才及数字技术外包解决方案。,"https://www.zhaopin.com/jobdetail/CCL1480117890J40632910605.htm?refcode=4019&srccode=401901&preactionid=a7c1140f-c46c-45e5-b867-ab342d8bdc77"
4125,科研人员,广州-增城区,2.1-2.5万,广东水电二局集团有限公司,工程施工,1000-9999人,,CCL1485930890J40737664910,工作内容： 新能源与算力融合创新发展博士后研究员将负责进行新能源与算力的融合研究，旨在促进能源数字化发展。将开展以下方向的研究： 一、研究新能源行业发展动态，探索新能源与云计算、大数据分析融合发展方式，提高新能源的产业转化、运维管理效率。 二、推动公司“智慧能源”系统建设与应用推广。 主要职责： - 进行新能源与算力融合领域的研究，撰写研究报告。 - 参与重要科研项目，承担项目任务。 - 协助开展研究工作，并定期汇报工作进展。 - 遵守公司规章制度，认真对待研究工作。 职位要求： - 不限工作经验，年龄在40岁以下； - 博士研究生学历，新能源或计算机专业背景，具备较强的数据分析能力； - 熟悉新能源领域和算力领域的研究方向，了解最新的研究成果； - 具有扎实的计算机基础，具备较强的创新能力； - 良好的团队合作能力，较强的沟通能力； - 具有科研机构或高校背景，优先考虑。,2025年07月29日,,"https://www.zhaopin.com/jobdetail/CCL1485930890J40737664910.htm?refcode=4019&srccode=401901&preactionid=a7c1140f-c46c-45e5-b867-ab342d8bdc77"
4126,前端开发,北京-丰台区,8000-16000元·16薪,中国钢研科技集团有限公司,"学术/科研,钢铁/有色金属冶炼及加工",1000-9999人,未融资,CC170490510J40726813410,岗位职责:,3月18日,中国钢研科技集团有限公司（简称中国钢研）是国务院国资委直接管理的中央企业。2006年12月，经国务院同意、国务院国资委批准、原钢铁研究总院（创建于1952年）更名为中国钢研科技集团公司，冶金自动化研究设计院（创建于1973年）并入中国钢研科技集团公司。中国钢研是我国冶金行业最大的综合性研究开发和高新技术产业化机构，2009年5月，经国务院国资委批准改制为国有独资公司，设立董事会。中国钢研是国家首批103家创新型企业试点单位之一，是中关村科技园首批100家创新型企业之一，是我国金属新材料研发基地、冶金行业重大关键与共性技术的创新基地、国家冶金分析测试技术的权威机构，在长期的发展过程中，承担了大量863、973、国防军工、自然基金等国家重大项目和课题，在海洋、陆地、航空、航天、核技术等军工领域和国民经济主要行业领域都展示了不凡的研发实力，做出了重要贡献，创造了无愧于时代的业绩。展望未来，作为公益类科技型中央企业，中国钢研将以党的十九大精神为指导，贯彻创新驱动发展战略，全面深化改革，加快转型升级，在新的起点迈出更加坚实的步伐，早日建设成为国际一流的高新材料及科技创新企业集团，携手各界走向美好的明天！,"https://www.zhaopin.com/jobdetail/CC170490510J40726813410.htm?refcode=4019&srccode=401901&preactionid=a7c1140f-c46c-45e5-b867-ab342d8bdc77"
4127,技术支持工程师,临沂-兰山区,7000-14000元,青岛安然物联网科技有限公司,"物联网,物联网",20-99人,未融资,CC559764920J40565758404,需要弱电技术、自动化、安防系统、工业互联网+危化安全生产、物联网人才，不要纯软件人才。  你能经常到全国各地出差吗？你能到工业生产现场生产现场做技术支持吗？     真正的奋斗者在安然会有让人值得为之奋斗的事业，会有充实、高效的成长，会有高人一等的收入。,3月8日,基于精准人员定位的工业安全生产信息化管理专家，安全生产信息化管理引领者！作为全国实时定位技术标准工作组成员和应急管理部“工业互联网+危化安全生产”人员定位系统技术支持机构，安然从2012年起致力于基于ZigBee Plus三维立体按需精准定位的“工业互联网+安全生产”的研究，获得了20多项安全智能管控系统发明专利和著作权，持续引领中国化工行业生产现场智慧安全！安然以“准、稳、狠”的ZigBee Plus三维立体按需精准人员定位统和“底数清、数据准、情况明、研判准、措施实”的安全生产信息化平台为核心，整合访客管理、出入口控制、人脸识别、视频监控、语音广播、重大危险源监控、可燃有毒气体监测等系统，对生产现场人、机、料、法、环五大要素进行实时、动态、智能管控和预警，规范人的安全行为，保障人的生命安全，有效防范风险、主动化解风险，实现智慧安全。安然“以用为本”，把安全生产信息化建设与公司管理体系“深度融合”，把安全生产信息化建设与日常工作“紧密结合”，对安全生产切实“有用、实用、好用”，避免建用“两张皮”，让安全管控更智能，让生产更高效才实用。迄今已服务中石化、中石油、延长石油、国能、兖矿、京能、索普、新安、奇美、昊源、潞安、旭阳、垦利、逸盛、海科、酒钢、金发等几百家石化、化工、选煤、钢铁、电厂企业。安然以客户为中心，以强者为本，抬头乐干，愿意与同道中人联合、链接，携手共建、共用、共享生产安全命运共同体，一起干，一起干，让优秀企业更安全，让优秀企业更高效！,"https://www.zhaopin.com/jobdetail/CC559764920J40565758404.htm?refcode=4019&srccode=401901&preactionid=a7c1140f-c46c-45e5-b867-ab342d8bdc77"
4128,测试工程师,北京-海淀区,100-130元/天,安徽中船璞华科技有限公司,"IT服务,计算机软件,电子/半导体/集成电路",100-299人,A轮,CC611133930J40768070013,1. 计算机相关专业； 2. 熟悉软件测试流程及测试方法、技巧，能够设计测试用例； 3. 参与产品项目的需求及方案的评审工作； 4. 较强的学习能力，执行力强，积极主动，有较强责任心和耐心； 5. 有较强的沟通协调推进动能力，具备良好的团队合作精神； 6. 熟悉常用数据库、有Java、python语言基础优先。,4月16日,璞华大数据技术有限公司成立于2014年，是璞华科技集团成员企业。安徽璞华是璞华大数据与中国船舶工业集团下属中国船舶综合技术经济研究院、合肥高新建设投资集团共同发起创立的，同年在北京设立北京深海智科技术有限公司。公司将大数据技术、AI技术与垂直领域行业知识相结合，重点聚焦于IOT领域的数据价值挖掘，提供面向工业物联网的设备服务生命周期管理产品及解决方案，产品线包括EAM、ITSM、IETM、工业物联网、MES、数字孪生等。公司长期深耕垂直细分领域，服务行业覆盖军、民领域，包括智慧工厂、轨道交通、设备运维、物联网应用、航天、船舶等行业市场。自成立以来，璞华大数据始终坚持自主创新，保持着持续的高增长，产品及服务获得了行业的广泛认可。公司官网：https://www.purvardata.com/。集团官网：www.purvar.com合肥公司地址：安合肥市蜀山区创新产业园2期C座20层北京公司地址：北京市海淀区中关村南大街乙12号天作国际中心Ｂ座7层武汉公司地址：武汉市东湖高新区高新大道668号光谷金融中心A座11层,"https://www.zhaopin.com/jobdetail/CC611133930J40768070013.htm?refcode=4019&srccode=401901&preactionid=a7c1140f-c46c-45e5-b867-ab342d8bdc77"
4129,前端开发,杭州-滨江区,100-200元/天,杭州匠兴科技有限公司,IT服务,20人以下,未融资,CC546032830J40631126516,岗位内容： 1. 参与我公司低代码平台及相关项目开发，确保项目运行稳定可靠 2. 编写高效、清晰、易于维护的代码 3. 协调需求，与其他团队成员进行有效沟通和协作任职要求：   1. 熟练掌握HTML、CSS和JavaScript，熟悉主流前端框架   2. 具备扎实的编程基础，良好的代码风格，注重代码品质   3. 擅长和团队合作，具备很好的沟通和协调能力,12月31日,杭州匠兴科技有限公司是一家专门从事工业物联网系统研究、开发、应用、咨询的公司。企业以工业4.0技术、智慧工厂、智能制造体系为框架，提供制造业的一体化解决方案。公司拥有一批资深的设计人员和经验丰富的实施团队。,"https://www.zhaopin.com/jobdetail/CC546032830J40631126516.htm?refcode=4019&srccode=401901&preactionid=a7c1140f-c46c-45e5-b867-ab342d8bdc77"
4130,硬件测试,焦作-解放区,6000-10000元,重庆科满福人力资源服务有限公司,企业服务,20-99人,,CCL1487604860J40937014004,【岗位职责】 ： 1、进行新产品研发阶段的测试工作 2、完成新产品的功能测试、可靠性测试、环境测 试、安全测试等技术工作 3、制定测试计划，设计测试用例，分析测试数 据，编制测试报告 4、为其他部门提供技术支持，与其他部门的产品 联合测试工作,7月29日,,"https://www.zhaopin.com/jobdetail/CCL1487604860J40937014004.htm?refcode=4019&srccode=401901&preactionid=a7c1140f-c46c-45e5-b867-ab342d8bdc77"
4131,前端开发,北京-海淀区,1.5-2万,纬创软件,"计算机软件,IT服务",1000-9999人,未融资,CC120817710J40275919801,任职要求:,7月21日,公司概述纬创软件是亚太地区以IT为核心能力的科技服务领导厂商，全球总共有武汉、台北、新竹、台中、北京、大连、上海、广州、深圳、珠海、香港、东京、大阪、和美国加州等14个营业据点，客户包括世界500强企业以及国内外优质企业，是顾客长期而且值得信赖的合作伙伴。纬软以IT技术为核心，提供的专业信息服务包括：研发、开发、测试、运维、业务流程外包、和产品全球化服务，深入AI、大数据、金融科技、物联网、和5G等先进技术的应用领域。我们拥有丰富多样的技术资源，满足客户不同的需求。纬软是亚太地区少数具有全球交付的能力的IT服务公司，我们采取跨区整合、全球交付的离岸开发工作模式，以提升项目开发的效率与质量；为确保我们的项目与服务的质量，我们取得CMMI level 5认证，及ISO9001质量管理系统、ISO27001信息安全管理系统等国际认证，用最严谨的标准进行软件开发、质量管理、与资安管理。,"https://www.zhaopin.com/jobdetail/CC120817710J40275919801.htm?refcode=4019&srccode=401901&preactionid=a7c1140f-c46c-45e5-b867-ab342d8bdc77"
4132,Java,武汉-江夏区,1.4-2.5万·16薪,外企德科数字技术有限公司,专业技术服务,10000人以上,,CCL1480117890J40784717205,1、本科及以上学历，计算机相关专业优先。  熟练掌握至少一门编程语言（Java/C/C++/Python/Go等），有扎实的编程基础。 2、参与软件系统的设计、开发和优化，负责核心模块的代码实现。 编写高质量、可维护的代码，并进行单元测试和性能调优。  3. 参与技术方案讨论，解决开发过程中的技术难题。 与产品、测试团队协作，确保项目按时高质量交付。 4、具备良好的沟通能力与团队协作能力， 责任心和主动性强。学习能力强，能快速掌握新技术，对前沿技术有热情。 福利待遇： 1.六险一金全额缴纳，培训体系完善，导师一对一带教 2.基本薪资+绩效+年终奖14-16薪 3.弹性打卡，周末双休，午休2小时，带薪年假 工作城市北京，上海，武汉，南京，成都，西安，苏州，东莞，深圳，长沙，济南均有岗位，欢迎投递,2025-07-27 00:25:21,外企德科数字技术有限公司是一家2023年新成立的中外合资企业。成立于2023年11月24日，公司定位：专注于为信息技术企业提供人才及数字技术外包解决方案的中外合资企业。它是由中国人力资源服务行业的FESCO（北京国际人力资本集团）与全球人力资源服务领导者The Adecco Group（德科集团）合资成立的。公司主要提供网络技术服务、软件外包服务、计算机系统服务、技术进出口、软件开发等信息技术相关服务。专注于为信息技术企业提供信息技术类人才及数字技术外包解决方案。,"https://www.zhaopin.com/jobdetail/CCL1480117890J40784717205.htm?refcode=4019&srccode=401901&preactionid=a7c1140f-c46c-45e5-b867-ab342d8bdc77"
4133,测试工程师,呼和浩特-新城区,1-1.2万·13薪,青岛瑞晟元人力资源有限公司,人力资源服务,20人以下,不需要融资,CCL1431271280J40778342407,岗位职责： 1. 负责软件的功能测试。 2. 执行测试用例，报告缺陷并跟踪缺陷的修复。 3. 与开发团队协作，确保软件质量满足需求。 4. 参与软件测试流程的优化和改进。 岗位要求： 1. 熟悉软件测试理论、方法和流程。 2. 具备功能测试经验。 3. 了解运维工程师、网络工程师的工作内容，能进行基本的IT质量管理。 4. 有信息技术、标准化、电子或电路工程相关背景者优先。 薪资待遇：包住、六险一金、工龄工资、生日礼金、定期体检、带薪年假、绩效奖、项目奖、年终奖.,2025年07月30日,,"https://www.zhaopin.com/jobdetail/CCL1431271280J40778342407.htm?refcode=4019&srccode=401901&preactionid=a7c1140f-c46c-45e5-b867-ab342d8bdc77"
4134,实施工程师,银川-兴庆区,5000-8000元,北京用尚科技股份有限公司,"计算机软件,电力/水利/热力/燃气",100-299人,已上市,CC150587510J40279476011,岗位职责：    1、负责在建业务系统的项目推进工作，包括需求交流、需求分析设计、安装部署、接口调试、升级维护等；    2、负责项目技术资料的输出；    3、主导或协助项目成果的验收交付、用户培训；    4、现场用户使用体验跟进与反馈；    5、承担在运业务系统日常技术支持与运维工作。    岗位要求：    1、统招本科及以上学历，计算机、软件工程、信息管理自动化、电子信息等专业；    2、对计算机软件、硬件、网络知识有一定的掌握；    3、对数据库、操作系统、网站部署等相关知识熟练掌握；    4、文字组织能力强，能够独立完成软件工程文档；    5、工作积极主动，善于沟通，责任心强，敢于钻研，有一定抗压能力；    6、适应出差，有一年及以上相关软件实施工作经验者优先。 ,7月24日,北京用尚科技股份有限公司成立于2002年，公司总部位于上地信息产业基地，已在天津、石家庄、太原、成都等城市设立研发中心和办事处，是国家认定的高新企业和双软企业，注册资本2000万。2016年2月，公司在“新三板”即全国中小企业股转系统正式挂牌上市，证券代码：835775，股票简称：用尚科技。用尚科技以“品质卓越，效用为尚”为经营理念，自成立至今一直致力于电力企业的信息化建设，为用户提供性能卓越的产品和优质的技术服务。公司紧密跟踪电力行业的技术方向和动态，先后执笔或参与制定了《智能电网调度控制系统调度管理应用（OMS2.0）功能规范》、《变电站监控信息智能管理系统技术规范》、《基于监控数据的变电站设备运行大数据分析功能规范》等多项标准。公司的OMS系统、智能防误操作票系统、变电站三维预警系统等均高质量通过由电力工业电力系统自动化设备质量检验测试中心（中国电力科学研究院）的技术/安全检测。公司研发的基于大数据的变电站监控信息决策分析专家系统、调控智能防误操作系统、基于物联网技术的保护压板状态在线监测系统或是作为成立以来的拳头产品或是针对大运行改革后推出的主打产品已在多个省份部署实施，得到现场用户的好评，全国覆盖用户达十几家省市公司。,"https://www.zhaopin.com/jobdetail/CC150587510J40279476011.htm?refcode=4019&srccode=401901&preactionid=a7c1140f-c46c-45e5-b867-ab342d8bdc77"
4135,Java,成都-郫都区,1.4-2.8万·14薪,外企德科数字技术有限公司,专业技术服务,10000人以上,,CCL1480117890J40739373005,1、熟悉Java/Python/C/C++/Go/js等一种或多种编程语言； 2、熟练软件开发流程，热爱编程，有良好的代码风格； 3、善于沟通，有独立解决问题的能力。 前端、后端、测试、开发、运维，所有职位都在招聘 流程全部线上进行~,2025-07-27 00:23:29,外企德科数字技术有限公司是一家2023年新成立的中外合资企业。成立于2023年11月24日，公司定位：专注于为信息技术企业提供人才及数字技术外包解决方案的中外合资企业。它是由中国人力资源服务行业的FESCO（北京国际人力资本集团）与全球人力资源服务领导者The Adecco Group（德科集团）合资成立的。公司主要提供网络技术服务、软件外包服务、计算机系统服务、技术进出口、软件开发等信息技术相关服务。专注于为信息技术企业提供信息技术类人才及数字技术外包解决方案。,"https://www.zhaopin.com/jobdetail/CCL1480117890J40739373005.htm?refcode=4019&srccode=401901&preactionid=a7c1140f-c46c-45e5-b867-ab342d8bdc77"
4136,测试工程师,合肥-庐阳区,1-1.2万·13薪,青岛瑞晟元人力资源有限公司,人力资源服务,20人以下,不需要融资,CCL1431271280J40777128807,,2025年07月28日,,"https://www.zhaopin.com/jobdetail/CCL1431271280J40777128807.htm?refcode=4019&srccode=401901&preactionid=a7c1140f-c46c-45e5-b867-ab342d8bdc77"
4137,科研人员,北京-通州区,5000-6000元,北京泓凯生物科技有限公司,"生物工程,医美/健康服务",20-99人,未融资,CCL1304592970J40324444416,薪资范围：5000-6000元/月 发薪日：10日 底薪：5000元/月 社保类型：五险一金,10月10日,"北京泓凯生物科技有限公司（英文：BE I J I N G H O N C A R E B I O- TECHNOLOGY CO., LTD)位于中国（北京）自由贸易试验区，专业从事人体成纤维细胞、干细胞和免疫细胞以及毛囊干细胞生发技术的开发和应用，精准再生医学科学技术研发和转化应用的国家高新技术企业。以十余项核心专利技术为导向，专注于细胞研发和再生医学领域，拥有全国顶尖的自体成纤维细胞再生技术，并辅以细胞存储和应用综合咨询服务为一体的全产业生物技术公司。","https://www.zhaopin.com/jobdetail/CCL1304592970J40324444416.htm?refcode=4019&srccode=401901&preactionid=a7c1140f-c46c-45e5-b867-ab342d8bdc77"
4138,Java,哈尔滨-松北区,1.5-3万·14薪,外企德科数字技术有限公司,专业技术服务,10000人以上,,CCL1480117890J40608545705,职位描述 全额五险一金，试用期全新不打折 后端开发、前端开发、测试、大数据、运维等岗位 职责： 1、负责研发领域IT系统技术方案的设计、开发等工作; 2、负责项目开发过程中的技术攻关及解决运行中出现的技术问题; 3、负责产品核心模块的代码编写和LLT测试: 4、负责产品疑难问题的分析和定位。 岗位要求: 1、热爱编程，基础扎实，熟悉掌握但不限于JAVA/C++/Python/JS/HTML/GO等编程语言中的一种或数种，有良好的编程习惯; 2、具备独立工作能力和解决问题的能力、善于沟通，乐于合作，热衷新技术，善于总结分享，喜欢动手实践。 职位福利：五险一金、年底双薪、绩效奖金、年终分红、节日福利、带薪年假 职位亮点：资深导师提供业务带教等多方面的指导,2025-07-27 00:23:23,外企德科数字技术有限公司是一家2023年新成立的中外合资企业。成立于2023年11月24日，公司定位：专注于为信息技术企业提供人才及数字技术外包解决方案的中外合资企业。它是由中国人力资源服务行业的FESCO（北京国际人力资本集团）与全球人力资源服务领导者The Adecco Group（德科集团）合资成立的。公司主要提供网络技术服务、软件外包服务、计算机系统服务、技术进出口、软件开发等信息技术相关服务。专注于为信息技术企业提供信息技术类人才及数字技术外包解决方案。,"https://www.zhaopin.com/jobdetail/CCL1480117890J40608545705.htm?refcode=4019&srccode=401901&preactionid=a7c1140f-c46c-45e5-b867-ab342d8bdc77"
4139,技术支持工程师,合肥-蜀山区,5000-10000元·13薪,合肥翔宇自控工程有限公司,仪器仪表制造,20人以下,,CC406966520J40107885206,负责公司项目的调试、试运行等现场工作。  任职要求：  1、大专及以上学历、自动化、计算机及其相关专业，具有相关背景知识；   2、有兴趣于工业自动化行业、具备良好的沟通协调能力和抗压能力，具备良好的职业道德素质，具备良好的学习能力；   3、 悉自动化控制原理、PLC、伺服控制、传感器等知识；熟悉三菱、西门子、AB、OMRON等其中之一的PLC编程（可以看懂、在指 导下改写）、熟悉组态软件或高级语言编程；   4、1年以上自动化项目工作经验，熟悉现场仪表了解常用电气元件的使用，了解电气相关的工程施工及验收规范等；   5、身体健康、吃苦耐劳、责任心强，能适应项目期间出差；负责公司项目的调试、试运行等现场工作。  任职要求：  1、大专及以上学历、自动化、计算机及其相关专业，具有相关背景知识；   2、有兴趣于工业自动化行业、具备良好的沟通协调能力和抗压能力，具备良好的职业道德素质，具备良好的学习能力；   3、 悉自动化控制原理、PLC、伺服控制、传感器等知识；熟悉三菱、西门子、AB、OMRON等其中之一的PLC编程（可以看懂、在指 导下改写）、熟悉组态软件或高级语言编程；   4、1年以上自动化项目工作经验，熟悉现场仪表了解常用电气元件的使用，了解电气相关的工程施工及验收规范等；   5、身体健康、吃苦耐劳、责任心强，能适应项目期间出差；职位福利：餐补、交通补助、五险、年终奖、绩效奖金、周末双休  ,6月27日,"合肥翔宇自控工程有限公司，是较早批准的国家高新技术企业。主要从事：工业自动化控制工程的设计、制造、施工，工业设计咨询，工业生产的专业化应用技术研究及使用，高新技术应用研究及技术推广，计算机的软硬件开发、数据通讯等。公司自92年成立以来，承蒙国内外广大用户的支持和信赖，已成功研制开发及实施了众多的自动化工程。领域覆盖到啤酒、饮料、橡胶化工、建材、纳米材料、电子机械等行业。已为数百家客户提供了优良的系统或产品服务，在真诚的服务过程中，用户和我们建立了深厚的信赖合作关系，得到了用户的认可及赞誉，这些都是我们的骄傲。公司强调以人为本、以技术实力为先，注重自身的发展，不断吸收创新。信奉""用户至上，为用户创造价值""的理念，建立了符合现代市场经济的灵活运作机制。公司建立了适时、高效的制度以及健康积极的文化氛围和学习工作环境。多年的工作学习与实践，锻炼出一支稳定的、善于""打硬仗、打大仗""的、认真负责的专业技术队伍。其中享受国家特殊津贴的专家2名，大专以上的中高级技术人员占90%以上，他们具有丰富的理论及现场实践经验，善于从用户的实际需求出发，设计实施稳定可靠、管理完善、操作方便、性价比高的系统，最大限度地为用户提供优质的自动化系统及服务。公司在自动控制方面已积累了丰富的经验，对生产运营中出现的一些特殊情况有着自己独特的处理办法。能够较为简便地实现生产过程中的各种控制方式，满足用户的不同需求。","https://www.zhaopin.com/jobdetail/CC406966520J40107885206.htm?refcode=4019&srccode=401901&preactionid=a7c1140f-c46c-45e5-b867-ab342d8bdc77"
4140,实施工程师,北京-顺义区,6000-7000元,北京华创方舟科技集团有限公司,"计算机硬件,IT服务",100-299人,已上市,CC350155110J40761695911,职位描述 一、任职要求： 1、具备认真、负责的工作态度，有责任心。 2、具备快速学习，不断提升技术水平的进取心。 3、能够根据项目工作需求完成异地工作，接受差旅或服从岗位BASE地调整。 二、技术要求： 1、熟悉 Windows/Linux 系统基本操作（如文件管理、用户权限配置、日志查看）。 2、了解传统服务器或GPU服务器硬件组成（CPU、GPU、内存、Raid、硬盘、带外管理等）及常见故障排查方法。 3、掌握基础网络知识（网关、路由、DNS、VPN 等）。 4、能使用 SSH、远程桌面等工具进行服务器管理，熟练使用 Excel/Word 记录文档。 三、其他待遇： 1、五险一金，提供住宿。,7月24日,北京华创方舟科技集团有限公司是一家国家高新技术企业，专业的智能化云综合服务提供商。公司成立于2006年，总部位于北京，全国设立7个大区，21个分支机构，形成了覆盖全国的业务营销网络和服务支持体系。华创方舟服务着全国数百家客户，其中已涉及税务、人社、金融、电力、制造等众多行业，公司的客户数、服务收入、净利润等经营指标逐年稳步上升，销售额连年过亿。华创方舟作为一家国家级高新技术企业，成立了华创研究院（北京），并设立了两处研发基地（北京、济南），拥有优秀的技术开发和应用专家，拥有诸多的自主知识产权的产品和行业解决方案。公司目前有六条产品线：1、咨询服务包括IT治理与内控管控咨询服务、IT服务与运维管理咨询服务、上云咨询与云化评估服务、业务连续性与容灾咨询服务、信息安全评估与实施咨询服务。2、解决方案包括业务连续性与容灾解决方案、一体化智能运管平台、大数据分析解决方案、数据交换平台。3、系统集成包括信息系统集成实施服务、网络及安全系统集成实施服务、迁移服务（上云服务）。4、维保支持包括软件支持服务、硬件支持服务、机房环境支持服务、评估与优化服务。5、运营管理包括桌面运营服务、数据中心运营服务、云运营服务、安全运营服务。6、软件开发包括软件系统设计与开发服务、应用开发和维护服务。公司资质与荣誉：ISO20000 IT服务管理体系认证证书ISO27001信息安全管理体系认证证书ISO9001质量管理体系认证证书ITSS信息技术服务运行维护标准符合性证书二级企业信息系统集成及服务资质二级企业国家信息安全测评信息安全服务资质证书(安全工程类一级)企业CMMI三级企业国家高新技术企业中关村高新技术企业中关村信用评级A级企业信息技术服务服务管理第1部分：通用要求标准起草单位之一,"https://www.zhaopin.com/jobdetail/CC350155110J40761695911.htm?refcode=4019&srccode=401901&preactionid=a7c1140f-c46c-45e5-b867-ab342d8bdc77"
4141,前端开发,天津-河西区,100-140元/天,云脉三六五,"IT服务,互联网",20-99人,未融资,CC200521180J40545177509,"职位描述 一、岗位职责： 负责公司前端业务研发。 二、任职要求： 1.了解JQuery、Vue2/3，React等前端框架；有JavaScript、HTML、CSS基础； 2.了解或使用过WebStorm或Visual Studio Code开发IDE工具； 3.了解或使用过Git;了解Restful API和JSON规范； 4.计算机相关专业应届毕业生。(实习期3-6个月，保证每周至少到岗3天，每个月不少于15天) 三、加分项： 1.了解HTTP、TCP/IP等网络协议； 2.了解TypeScript; 3.了解Linux,Docker; 4.有项目经验作品。",2025年07月30日,天津云脉三六五科技公司是由一批拥有丰富经验的外贸精英与充满活力的互联网技术人员共同组建。基于打破传统外贸企业重生产、轻营销、LOW服务的弊端，以“分享外贸见识规范外贸流程高效透明服务”为系统设计基点，为中小外贸企业提供基于互联网技术的流程管理工具，以及为企业培养输送专业外贸人才。我们的目标是以协同办公的高效来提升操作透明度和客户满意度，以提高人员素质来提升企业竞争力，从而提高企业软实力，促进企业效益提升。让国外客户从尊重外贸从业人员开始，重新认知中国制造，中国品牌。我司开发的贸立方SaaS软件实现了工厂、客户、业务、单证同一平台工作，快速准确分享信息。同时详细跟踪订单操作的每个环节，业务状态一目了然，无缝对接客户，使客户有效掌握订单进度，提高客户满意度。对外贸新兵，贸立方是你可以依靠的成长工具。对于外贸老手，贸立方是你身边最好的业务管理助手。同时云脉三六五针对外贸行业人员“强经验型”的成长路线这一特点，从外贸人才成长初期，就针对在校大学生或有意愿从事外贸行业的人员进行系统、全方位的实践型培训，学员三个月内可达到独立跟单能力，快速进入企业进行外贸基础服务，为企业创造价值。在企业与员工之间搭建起能力适岗，心态爱岗的桥梁。同时我们还提供更高级的外贸人员持续培训方案，以不断提高人员素质，来提升企业在国际市场的竞争力。天津云脉三六五科技公司坚信，”信任=能力+友谊“，能力需要专业导师的辅导，友谊需要持续的关爱，云脉三六五愿借助互联网技术的优势与多年外贸经验的沉淀与中小外贸企业一起共同成长，共同打造中国外贸企业国际舞台的新形象，新生态！我们的网站：https://www.tradecubic.com/,"https://www.zhaopin.com/jobdetail/CC200521180J40545177509.htm?refcode=4019&srccode=401901&preactionid=a7c1140f-c46c-45e5-b867-ab342d8bdc77"
4142,实施工程师,拉萨-堆龙德庆区,6000-8000元,太极计算机股份有限公司,"计算机硬件,计算机软件,IT服务,互联网",1000-9999人,已上市,CC000058760J40770220310,"工作内容： 1.能与客户进行有效沟通，明确需求、把握项目目标，收集反馈以优化项目和服务；​ 2.能配合项目经理制定项目方案，规划流程并明确各环节执行标准；​ 3.跟踪项目进度，对比计划与实际情况，及时解决问题、规避风险，保障项目按计划推进；​ 4.能做好项目前期开展实地勘查，收集地理环境、基础设施等关键信息；​ 5.负责项目现场设备部署与调试，确保其正常运行以满足功能需求；​ 6.组织客户进行项目验收培训，讲解演示相关内容，助力客户顺利验收并独立运用；​ 7.做好项目交付及后续运维工作， 及时处理设备或系统运行问题，进行维修保养以保障其长期稳定运行； 8.完成公司及部门要求的其他工作。 岗位要求： 1、大专及以上学历,计算机、软件工程等相关专业,具备2年以上IT系统实施与运维经验。 2、具备较强的动手操作能力，善于与人沟通； 3、具有基础电脑软件使用能力，掌握Linux/Unix系统、网络及硬件知识,具备优秀的故障排查能力； 4、有过XC项目或ZW信息化项目实施交付经验的优先考虑。 5、能适应高原地区工作及长期出差的优先考虑。",2025年07月30日,太极计算机股份有限公司（以下简称“太极股份”）是国内电子政务、智慧城市和关键行业信息化的领军企业，2010年在深圳证券交易所上市。公司以“做中国最优秀的数字化服务提供商”为愿景，致力于成为“自主可控的主力军，数据运营的国家队，智能应用的引领者，员工价值的成就者”，瞄准数字政府、数字企业、数字国防，着力打造自主通用产品，提升数据运营服务能力，推动行业智能创新应用，助推国家治理体系和治理能力现代化建设，成为网络强国、数字中国、智慧社会建设的中坚力量。成立三十余年来，砥砺奋进、精耕细作，太极股份以客户需求为导向，成为国家重大信息系统总体设计和工程建设的主要承担者，国家电子政务、网络信息安全以及关键行业政策和相关标准制定的倡导者与积极参与者，为党的领导和国防、外交、公共安全、宏观经济、金融、民生服务、工业生产等提供重要的信息化支撑作用。在持续为中央部委、地方政府、大型集团企业客户创造数字化价值过程中，公司树立了可信赖的“国家队”形象。作为中国电子科技集团有限公司软件与信息服务龙头企业、自主可控总体单位、智慧城市与数字政府牵头单位，太极股份坚持创新驱动，被列为国家科技部和中关村科技园区创新试点示范单位，连续多年被认定为国家规划布局内重点软件企业和全国软件产业收入前百家企业。此外，公司还是中国软件行业协会副理事长单位、中国智慧城市产业技术创新战略联盟副理事长单位、北京软件和信息服务业协会会长单位、智慧北京促进联盟理事长单位、信息技术应用创新工作委员会理事单位、WG12公共数据运营工作组成员单位，以及多个行业学协会的发起者和重要参与单位，携手合作伙伴和产业机构，共创和谐生态环境。进入数字化时代，太极股份坚持以“数据驱动、云领未来、网安天下”为核心战略指引，聚焦数字政府、数字企业、数字国防等领域，加大布局云与数据服务、自主软件产品及数字基础设施等战略性新兴产业，探索数据开发利用的标准规范与创新思路，着力打造数字化咨询、数字技术与核心产品创新、资本与产业融合等核心能力，推进公司数字化转型，推动“数字中国”建设。创新融合，让我们的世界更智慧。,"https://www.zhaopin.com/jobdetail/CC000058760J40770220310.htm?refcode=4019&srccode=401901&preactionid=a7c1140f-c46c-45e5-b867-ab342d8bdc77"
4143,Java,烟台-莱山区,8000-16000元,杰瑞集团,"石油/石化,环保",1000-9999人,已上市,CC212499610J40807767503,岗位职责: 1.负责集团需要的信息化项目的实施、开发、维护，为集团提供高效、可靠的信息应用平台及技术支持； 2.根据各单位需求，结合业务管理解决方案制定系统开发设计方案，组织系统的开发与配置，保证系统功能的有效实施与落地； 3.负责信息化系统的日常运维与功能优化，保证系统高效稳定运行。 任职要求: 1、统招本科学历，英语四级以上； 2、精通JAVA语言编程、精通主流开发技术：SpingBoot、SpringCloud、CloudAlibaba、Mybatis、Mybatis-plus、WebService等，5年及以上计算机专业工作经验； 3、精通Vue23、Nodejs、Element+，Css、Js、Ts等前端开发技术； 4、掌握主流的数据库Oracle，并掌握良好的Sql编写及调优能力； 5、熟悉财务领域专业知识并有实际开发经验。,7月25日,烟台杰瑞石油服务集团股份有限公司（简称“杰瑞股份”），是一家全球化运营的上市公司，在油气、环保等领域为客户提供有竞争力、安全可信赖的产品、服务与系统解决方案，同时也在市政环卫、消杀设备等新兴领域探索实践。集团旗下一级控股公司有19家，全球7大制造基地4315亩，在六大洲50多个城市设立全球分支机构和办事处，业务遍及70多个国家和地区，超过5600名优秀员工。杰瑞股份是行业内首家被授予国家级工业设计中心认证的企业，连续多年获得福布斯中国最具潜力、亚洲最佳上市公司等荣誉，并先后获评中国油田行业最具影响力企业、中国能源装备十佳民营企业等称号。,"https://www.zhaopin.com/jobdetail/CC212499610J40807767503.htm?refcode=4019&srccode=401901&preactionid=a7c1140f-c46c-45e5-b867-ab342d8bdc77"
4144,技术支持工程师,汉中-汉台区,4000-5000元,西安佳信系统集成有限责任公司,"IT服务,互联网,运营商/增值服务,通信/网络设备",100-299人,未融资,CC120726930J40685631606,,2025年07月28日,西安佳信系统集成有限责任公司成立于2000年，注册资金4200万元，是集智慧城市、电子智能化、IT信息数据及安全、大数据、互联网、物联网等工程设计实施为一体的综合性科技企业，业务领域涵盖架构咨询、产品交付、系统集成以及系统运维服务。经过二十年的锐意进取、创业创新，公司现已发展成为西安市具备一定规模和技术实力的现代化高新技术企业。公司先后获得了通信工程施工总承包贰级、电子与智能化工程专业承包贰级、涉密信息系统集成乙级、安防工程企业设计施工维护能力壹级、质量管理体系认证、环境管理体系认证、职业健康安全体系认证、CMMI3软件能力成熟度集成模型叁级、ITSS运行维护服务能力成熟度叁级、27001信息安全管理体系、软件企业认定等资质证书以及多项产品专利等，被评为AAA级信用等级单位、AAA级资信等级单位、AAA质量服务信誉单位、AAA级重合同守信用单位等。并在2021年被评为第五届中国安防百强工程集成商，在计算机系统集成、智能建筑、智慧城市、智慧警务、智慧园区、智慧教育、智慧医疗、数据中心、机房建设、系统运维等领域提供高水平业务服务。公司将继续致力于技术创新，助力全国信息化建设进程；致力成为通信、系统集成、弱电智能化、公共安全、军事应用等行业工程建设、维护、大数据分析的专业的解决方案供应商。,"https://www.zhaopin.com/jobdetail/CC120726930J40685631606.htm?refcode=4019&srccode=401901&preactionid=a7c1140f-c46c-45e5-b867-ab342d8bdc77"
4145,软件测试,济南-历城区,7000-14000元,济南良成信息技术有限公司,"计算机软件,互联网,计算机软件,IT服务",20-99人,未融资,CC415113630J40336821909,1、大学本科学历，计算机、金融或相关专业毕业； 2、一年以上软件测试经验或开发经验； 3、了解软件测试理论和测试方法，了解相关开发语言； 4、具有较强的分析能力和良好沟通的沟通能力； 5、熟练Oracle/MySQL数据库操作、Linux系统操作熟练； 1、负责项目需求跟踪，参与需求讨论，关注软件需求的可测性和设计的合理性； 2、独立完成测试策略、测试用例设计编写； 3、完成测试环境搭建、测试执行及缺陷报告和跟踪； 4、完成质量分析和测试报告；保证被测系统发布质量； 5、推动测试过程改进，提高测试效率，推动问题及时解决； 福利待遇： 1.工作环境优雅 2.薪资优于同行业水准 3.入职缴纳五险一金，享受带薪年假 4.员工旅游 5.提供单身公寓 职位福利：五险一金、加班补助、交通补助、餐补、通讯补助、带薪年假、员工旅游、包住 ,7月25日,"济南良成信息技术有限公司（Jinan Lionchase Information Technology Co., Ltd.）是济南本地唯一一家提供全球化/本地化软件测试服务的公司。良成信息具有优秀的测试理念和专业的测试流程，并拥有一批训练有素、经验丰富的技术人员。良成信息为新入职员工提供专业化的软件测试培训，并在项目合作中给予技术、咨询、工具、管理等支持服务，良成信息为合作的软件测试项目提供高质量的测试服务。济南良成信息技术有限公司是值得信赖的行业咨询与科技服务提供商，公司拥有超强的运营能力、严格的质量标准和高效的交付流程，致力于为客户提供全球化/本地化离岸外包服务、国内领先的商业/IT咨询以及解决方案。在信息技术、全球化/本地化领域积累了丰富的行业经验，主要客户涵盖众多国内及海外多家500强企业。公司以稳定的技术团队和不断创新的力量，追求与客户之间的共赢。良成信息成立于2012年，成立以来的短短数年内，与国内外众多知名品牌企业建立了良好、稳固的合作伙伴关系，公司逐步形成强大的人才、技术和品牌优势，并先后成为Welocalize（北京多语信息技术有限公司）、LionBridge（北京莱博智环球科技有限公司）、浪潮等众多著名企业的紧密合作伙伴，成功为Autodesk、Dell、HP、Lenovo、青建集团等项目提供专业、优质的软件测试服务。良成信息目前服务内容包括软件测试、数据安全、系统集成、国际化/本地化服务、文档服务等内容，可以为客户提供全面的测试和质量保证(QA)体系，专用于软件服务中的测试和质量度量，拥有根据 ISO 9001标准明确定义的测试流程，该流程可重复、可度量，并可根据需要进行扩展。","https://www.zhaopin.com/jobdetail/CC415113630J40336821909.htm?refcode=4019&srccode=401901&preactionid=a7c1140f-c46c-45e5-b867-ab342d8bdc77"
4146,科研人员,大连-中山区,面议,融通人力资源开发有限公司,"人力资源服务,咨询服务,培训/辅导服务,人力资源服务",10000人以上,不需要融资,CCL1290012410J40769077312,岗位职责： 1、项目管理：项目申报、中期考核、外协采购、验收评审以及相关文档归档等； 2、财务工作：项目预算编制及调整、经费报账、决算编制、绩效评价 以及配合各级审计财务对项目开展监督管理等工作； 3、辅助项目研究：对资料进行整理、搜集和翻译； 4、协助项目组开展学术交流研讨等活动； 5、完成项目组交代的其它事项。 任职要求： 1.统招本科及以上学历，财会、英语、行政管理等相关专业或从业经历； 2.掌握项目管理基本知识，具备良好的沟通能力，积极协助处理日常工作； 3.熟练运用办公管理软件，擅长文档编制、档案管理、合同签订等工作； 4.有科研助理工作经历优先、财务工作经历优先、英文能力突出优先、熟悉部队环境氛围优先。,4月30日,中国融通资产管理集团有限公司是中央管理的商业类国有独资公司，由国务院国资委履行出资人职责。经营范围主要包括房地产、农业、酒店及旅游业、装备保障、商业服务、资源回收利用、科技服务、医疗健康、安保服务、文化、人才服务、金融及保险服务等领域。融通人力资源开发有限公司（简称：融通人力公司）是中国融通文化教育集团所属的全资子公司，负责中国融通集团人力资源中心的日常运营工作。融通人力公司秉持“战略致胜、产品为基、客户为本”的服务理念，依托一个基础服务平台和四个价值创造中心（就业、考试、咨询、福利），为客户提供专业化、特色化的人力资源服务，坚持做有温度的人力资源陪伴者。,"https://www.zhaopin.com/jobdetail/CCL1290012410J40769077312.htm?refcode=4019&srccode=401901&preactionid=a7c1140f-c46c-45e5-b867-ab342d8bdc77"
4147,测试工程师,太原-小店区,5000-7000元,天阳科技,"计算机软件,计算机软件",1000-9999人,已上市,CC120408370J40824032908,1.全国项目驻场测试，主要负责功能、数据或接口等相关测试工作； 2.统招本科学历及以上（学信网可查）；毕业满2年；计算机专业优先； 3.热爱软件测试行业、有强力的自驱力，能够在测试岗位深入学习研究； 4.有无经验均可，服从公司安排，接受公司培养，可接受异地工作优先； 福利待遇： 上市公司，公司可以提供住宿，提供五险一金； 欢迎符合要求的小伙伴们投递~,7月26日,天阳科技(股票代码：300872)，是全球金融创新服务的重要贡献者，持续赋能中国金融行业数字化转型，为客户提供咨询、金融科技产品、金融IT服务、云计算及运营服务。公司成立于2003年，服务超过300家金融行业客户，覆盖中央银行、政策性银行、国有银行、股份制银行、地方性商业银行、非银行金融机构等，员工人数近7000人，成为激活金融领域创新活力、推动金融科技迈入世界领先水平的重要力量。作为金融行业客户可信赖的合作伙伴，天阳科技凭借丰富的行业经验和端到端的专业服务，在信创、数字化金融、信贷、交易银行、信用卡、零售、营销、风险管理、征信监管等众多领域具备核心竞争力。据赛迪和IDC报告显示，近年来公司在中国银行业IT解决方案市场排名强势崛起，2019年收入及市场占有率综合排名分别位列第四位和第五位，并保持高速增长。同时，前瞻商业和科技趋势，入选2021年度未来银行科技服务商TOP100。天阳科技始终聚焦金融科技领域，加大自主创新力度，在超过100个城市建立本地化、专业化的研发和服务团队，拥有CMMI5级认证、软件测试成熟度模型集成（TMMi）3级认证、ISO9001质量管理体系认证、ISO20000信息技术服务管理体系认证、IS027001信息安全管理体系认证。通过部署人工智能、云计算、大数据、移动互联网、分布式计算和区块链等先进金融科技，公司致力于构建安全可控、普惠民生、开放共赢格局，在关键技术领域服务现代化金融发展大局，更好地为各利益相关方创造更大价值，为大中企业、小微企业以及每个个体提供优质金融服务。,"https://www.zhaopin.com/jobdetail/CC120408370J40824032908.htm?refcode=4019&srccode=401901&preactionid=a7c1140f-c46c-45e5-b867-ab342d8bdc77"
4148,前端开发,杭州-余杭区,1.2-1.9万,杭州新鼎汇信息技术有限公司,咨询服务,300-499人,,CCL1476613970J40794071805,岗位内容： 1. 负责开发和维护前端系统和模块，确保其运行稳定可靠 2. 编写高效、清晰、易于维护的代码 3. 协调需求，与其他团队成员进行有效沟通和协作 任职要求： 1. 熟练掌握HTML、CSS和JavaScript，熟悉主流前端框架 2. 具备扎实的编程基础，良好的代码风格，注重代码品质 3. 擅长和团队合作，具备很好的沟通和协调能力,7月15日,,"https://www.zhaopin.com/jobdetail/CCL1476613970J40794071805.htm?refcode=4019&srccode=401901&preactionid=a7c1140f-c46c-45e5-b867-ab342d8bdc77"
4149,Java,深圳-南山区,1.5-1.8万,郑州高新技术产业开发区墨砂拓网络文化传播有限公司,互联网,500-999人,,CCL1494958600J40779098814,我们正在寻找一位专业的Java开发工程师，负责参与公司软件产品的设计和开发工作。    工作内容：  1. 参与软件的需求分析、系统设计、编码及测试等工作；  2. 根据开发规范与流程独立完成模块的设计、编码及测试；  3. 定位并修改系统中存在的bug；  4. 编写相关的技术文档。    岗位要求：  1. 计算机相关专业本科及以上学历；  2. 2年以上Java开发经验；  3. 熟练掌握Java编程语言及面向对象程序设计和编程；  4. 熟悉Spring、MyBatis等主流开源框架；  5. 具备良好的编码习惯和文档编写能力；  6. 有团队精神，善于沟通协作。,7月16日,总公司成立于2013年，位于上海，2016年开始拓展成立分公司北京、广州、深圳、武汉、长沙、郑州等一线城市，目前公司主营国内外线上产品销售及运营推广，年营业额20000万，员工福利五险一金、带薪年假、住宿补贴等。,"https://www.zhaopin.com/jobdetail/CCL1494958600J40779098814.htm?refcode=4019&srccode=401901&preactionid=a7c1140f-c46c-45e5-b867-ab342d8bdc77"
4150,技术支持工程师,广州-天河区,4000-8000元,广州汇森科技有限公司,"互联网,IT服务,计算机硬件,计算机软件",20-99人,未融资,CC141571390J40147852203,任职要求： 1、大专及以上学历计算机、信息化、电子类相关专业，应届毕业生均可。 2、品行端正、身体健康、良好的团队意识和沟通能力、服从管理。 3、熟练运用OFFICE、CAD及其他计算机工作软件。 4、工作认真，积极、负责，有较强的学习能力和沟通协调能力。 岗位要求： 1、负责工程施工前调研、招投标技术方案撰写工作； 2、协助部门经理完成项目系统集成方案设计工作； 3、善于学习，定期参加公司组织的培训。 福利待遇： 五天工作制：周一至周五（周末双休），享受法定节假日及带薪年假，购买五险； 职业发展：每位员工都享有培训和学习机会，并为员工提供良好的职业通道，晋升制度，帮助员工与企业共同发展  职位福利：五险一金、绩效奖金、带薪年假、补充医疗保险,5月9日,汇森科技有限公司致力于为企业客户提供IT运维外包、集中IT采购、弱电工程、网络集成咨询和实施等“一站式”的信息服务解决方案。汇森科技与多家企业建立良好的合作关系，已成为长期的合作伙伴。如：广州华南信息产业有限公司、华南资讯系统集成有限公司、富士通（中国）信息服务公司等。并与多个国际知名品牌建立起战略合作伙伴。如：美国CommScope、NETGARE、Aruba、Ruckus、3M、CISCO、HP、H3C、华为等产品。汇森科技服务对象主营涉及外企、酒店、医疗等行业。,"https://www.zhaopin.com/jobdetail/CC141571390J40147852203.htm?refcode=4019&srccode=401901&preactionid=a7c1140f-c46c-45e5-b867-ab342d8bdc77"
4151,测试工程师,绵阳-游仙区,5000-8000元,北京赛迪软件测评工程技术中心有限公司,"计算机软件,IT服务",100-299人,未融资,CC308440780J40807212708,岗位职责： 1、负责软件测试工作开展，包含配置项测试和系统测试； 2、协助制定测试计划，建立、维护测试工作的相关文档（测试计划、测试说明、测试报告等）； 3、搭建测试环境，编写测试用例并执行测试用例，提交测试报告； 4、跟踪bug状态，执行回归测试； 5、领导安排的其他工作 任职条件： 1、本科及以上学历，计算机、通信工程等相关专业等； 2、熟悉测试流程，能根据需求文档或者设计文档，编写测试计划、测试用例，执行测试用例； 3、有软件测试经验，熟悉C/C++、嵌入式软件测试或开发经验优先； 4、工作态度端正，有上进心，熟悉测试相关工具，熟练使用office办公工具； 5、具有保密意识； 6、有较强的学习能力和主动性，能胜任高强度的工作，能够适应一定强度的出差； 7、中级软件测试工程师5年以上工作经历。,7月21日,中国软件评测中心（以下简称“中国评测”）成立于1990年，是工业和信息化部直属的国家一级科研事业单位。在测试领域，中国评测首家获得中国实验室国家认可委员会实验室认可资质，迄今已完成万余款软硬件产品和数千项信息系统工程项目测试，是国内最具权威性的国家级软硬件产品和信息系统测试实验室。在认证领域，早在1999年即获得原信息产业部授权，开展计算机信息系统集成资质认证，2003年开展双模型认证服务，是国内最早开展认证服务的权威机构。在监理领域，中国评测是首家信息系统工程监理试点单位并首批获得信息系统工程监理部级资质。在国家重大电子政务工程中，已承担“一网、一站、一库、九金工程”项目监理，成为业界领军企业。在评估领域，率先研究制定政府网站绩效评估指标体系，并连续8年开展中国政府网站绩效评估工作。,"https://www.zhaopin.com/jobdetail/CC308440780J40807212708.htm?refcode=4019&srccode=401901&preactionid=a7c1140f-c46c-45e5-b867-ab342d8bdc77"
4152,C/C++,南京-雨花台区,1.5-3万·15薪,外企德科数字技术有限公司,专业技术服务,10000人以上,,CCL1480117890J40702312805,1.负责公司产品线及开发部的前端，后端，算法，大数据，硬件，软件等开发维护工作。  2.产品线涉及通信，终端产品，汽车，技术预研，云计算等。,2025-07-27 00:23:26,外企德科数字技术有限公司是一家2023年新成立的中外合资企业。成立于2023年11月24日，公司定位：专注于为信息技术企业提供人才及数字技术外包解决方案的中外合资企业。它是由中国人力资源服务行业的FESCO（北京国际人力资本集团）与全球人力资源服务领导者The Adecco Group（德科集团）合资成立的。公司主要提供网络技术服务、软件外包服务、计算机系统服务、技术进出口、软件开发等信息技术相关服务。专注于为信息技术企业提供信息技术类人才及数字技术外包解决方案。,"https://www.zhaopin.com/jobdetail/CCL1480117890J40702312805.htm?refcode=4019&srccode=401901&preactionid=a7c1140f-c46c-45e5-b867-ab342d8bdc77"
4153,软件测试,宝鸡-金台区,5000-7000元,天阳科技,"计算机软件,计算机软件",1000-9999人,已上市,CC120408370J40822509708,1.全国项目驻场测试，主要负责功能、数据或接口等相关测试工作； 2.统招本科学历及以上（学信网可查）；毕业满2年；计算机专业优先； 3.热爱软件测试行业、有强力的自驱力，能够在测试岗位深入学习研究； 4.有无经验均可，服从公司安排，接受公司培养，可接受异地工作优先； 福利待遇： 上市公司、公司可提供住宿、定期体检、带薪年假； 欢迎符合要求的小伙伴们投递~,7月26日,天阳科技(股票代码：300872)，是全球金融创新服务的重要贡献者，持续赋能中国金融行业数字化转型，为客户提供咨询、金融科技产品、金融IT服务、云计算及运营服务。公司成立于2003年，服务超过300家金融行业客户，覆盖中央银行、政策性银行、国有银行、股份制银行、地方性商业银行、非银行金融机构等，员工人数近7000人，成为激活金融领域创新活力、推动金融科技迈入世界领先水平的重要力量。作为金融行业客户可信赖的合作伙伴，天阳科技凭借丰富的行业经验和端到端的专业服务，在信创、数字化金融、信贷、交易银行、信用卡、零售、营销、风险管理、征信监管等众多领域具备核心竞争力。据赛迪和IDC报告显示，近年来公司在中国银行业IT解决方案市场排名强势崛起，2019年收入及市场占有率综合排名分别位列第四位和第五位，并保持高速增长。同时，前瞻商业和科技趋势，入选2021年度未来银行科技服务商TOP100。天阳科技始终聚焦金融科技领域，加大自主创新力度，在超过100个城市建立本地化、专业化的研发和服务团队，拥有CMMI5级认证、软件测试成熟度模型集成（TMMi）3级认证、ISO9001质量管理体系认证、ISO20000信息技术服务管理体系认证、IS027001信息安全管理体系认证。通过部署人工智能、云计算、大数据、移动互联网、分布式计算和区块链等先进金融科技，公司致力于构建安全可控、普惠民生、开放共赢格局，在关键技术领域服务现代化金融发展大局，更好地为各利益相关方创造更大价值，为大中企业、小微企业以及每个个体提供优质金融服务。,"https://www.zhaopin.com/jobdetail/CC120408370J40822509708.htm?refcode=4019&srccode=401901&preactionid=a7c1140f-c46c-45e5-b867-ab342d8bdc77"
4154,技术支持工程师,嘉峪关-None,9000-18000元,青岛安然物联网科技有限公司,"物联网,物联网",20-99人,未融资,CC559764920J40475734404,你能经常到全国各地出差吗？你能到工业生产现场生产现场做技术支持吗？  真正的奋斗者在安然会有让人值得为之奋斗的事业，会有充实、高效的成长，会有高人一等的收入。,7月8日,基于精准人员定位的工业安全生产信息化管理专家，安全生产信息化管理引领者！作为全国实时定位技术标准工作组成员和应急管理部“工业互联网+危化安全生产”人员定位系统技术支持机构，安然从2012年起致力于基于ZigBee Plus三维立体按需精准定位的“工业互联网+安全生产”的研究，获得了20多项安全智能管控系统发明专利和著作权，持续引领中国化工行业生产现场智慧安全！安然以“准、稳、狠”的ZigBee Plus三维立体按需精准人员定位统和“底数清、数据准、情况明、研判准、措施实”的安全生产信息化平台为核心，整合访客管理、出入口控制、人脸识别、视频监控、语音广播、重大危险源监控、可燃有毒气体监测等系统，对生产现场人、机、料、法、环五大要素进行实时、动态、智能管控和预警，规范人的安全行为，保障人的生命安全，有效防范风险、主动化解风险，实现智慧安全。安然“以用为本”，把安全生产信息化建设与公司管理体系“深度融合”，把安全生产信息化建设与日常工作“紧密结合”，对安全生产切实“有用、实用、好用”，避免建用“两张皮”，让安全管控更智能，让生产更高效才实用。迄今已服务中石化、中石油、延长石油、国能、兖矿、京能、索普、新安、奇美、昊源、潞安、旭阳、垦利、逸盛、海科、酒钢、金发等几百家石化、化工、选煤、钢铁、电厂企业。安然以客户为中心，以强者为本，抬头乐干，愿意与同道中人联合、链接，携手共建、共用、共享生产安全命运共同体，一起干，一起干，让优秀企业更安全，让优秀企业更高效！,"https://www.zhaopin.com/jobdetail/CC559764920J40475734404.htm?refcode=4019&srccode=401901&preactionid=a7c1140f-c46c-45e5-b867-ab342d8bdc77"
4155,Java,南京-玄武区,面议,中国人民财产保险股份有限公司,"保险,证券/期货",10000人以上,已上市,CC120384240J40574571916,岗位职责:,7月17日,中国人民财产保险股份有限公司是中国内地最大的财产保险公司，是中国人民保险集团股份有限公司（美国《财富》杂志“世界500强”第112位）的核心成员和标志性主业。人保财险上海市分公司是中国人保财险在上海地区的省级分支机构，业务规模和保障能力市场居前。,"https://www.zhaopin.com/jobdetail/CC120384240J40574571916.htm?refcode=4019&srccode=401901&preactionid=a7c1140f-c46c-45e5-b867-ab342d8bdc77"
4156,前端开发,济南-历下区,4000-6000元·13薪,济南星科达大数据有限公司,电子商务,20-99人,,CCL1497677350J40753939613,嘿，你！我们正在寻找一位充满激情的前端开发工程师，一起打造超酷的Web应用！ 你的工作将是设计、编码、测试和优化前端应用，与后端团队紧密合作，共同实现项目目标。 如果你具备以下条件，就赶快加入我们吧！ 熟练掌握HTML、CSS、JavaScript等前端技术； 有较强的学习能力和创新意识； 善于沟通，热爱团队工作。 我们期待你的加入，一起创造出色的Web应用！,3月15日,,"https://www.zhaopin.com/jobdetail/CCL1497677350J40753939613.htm?refcode=4019&srccode=401901&preactionid=a7c1140f-c46c-45e5-b867-ab342d8bdc77"
4157,C/C++,南京-雨花台区,1.3-2.2万·14薪,外企德科数字技术有限公司,专业技术服务,10000人以上,,CCL1480117890J40792813705,岗位职责: 1.负责后端开发工作 2.使用Java、C/C++、Python等编程语言进行开发 3.参与系统设计，确保代码质量和系统稳定性 任职要求： 1.具备扎实的编程能力，熟练使用Java、C/C++、Python等语言 2.具有良好的团队合作精神，能够与团队成员有效沟通 3.具备较强的问题分析和解决能力，能够独立承担模块开发任务,2025-07-27 00:25:56,外企德科数字技术有限公司是一家2023年新成立的中外合资企业。成立于2023年11月24日，公司定位：专注于为信息技术企业提供人才及数字技术外包解决方案的中外合资企业。它是由中国人力资源服务行业的FESCO（北京国际人力资本集团）与全球人力资源服务领导者The Adecco Group（德科集团）合资成立的。公司主要提供网络技术服务、软件外包服务、计算机系统服务、技术进出口、软件开发等信息技术相关服务。专注于为信息技术企业提供信息技术类人才及数字技术外包解决方案。,"https://www.zhaopin.com/jobdetail/CCL1480117890J40792813705.htm?refcode=4019&srccode=401901&preactionid=a7c1140f-c46c-45e5-b867-ab342d8bdc77"
4158,技术支持工程师,商丘-梁园区,8000-16000元,青岛安然物联网科技有限公司,"物联网,物联网",20-99人,未融资,CC559764920J40884197604,岗位职责： 1. 负责石化、化工厂人员定位系统的现场实施、现场交付和技术赋能等工作。 2. 对接客户需求，进行需求调研，制定详细的施工方案和计划。 3. 确保项目按照既定的时间节点和质量要求完成交付。 4. 对已交付的项目进行后期技术支持与维护。 岗位要求： 1. 年龄在25-35岁之间。 2. 能够适应经常出差的工作要求。 3. 熟悉信息化、弱电及工业互联网相关技术。 4. 具备良好的沟通协调能力和问题解决能力。,7月26日,基于精准人员定位的工业安全生产信息化管理专家，安全生产信息化管理引领者！作为全国实时定位技术标准工作组成员和应急管理部“工业互联网+危化安全生产”人员定位系统技术支持机构，安然从2012年起致力于基于ZigBee Plus三维立体按需精准定位的“工业互联网+安全生产”的研究，获得了20多项安全智能管控系统发明专利和著作权，持续引领中国化工行业生产现场智慧安全！安然以“准、稳、狠”的ZigBee Plus三维立体按需精准人员定位统和“底数清、数据准、情况明、研判准、措施实”的安全生产信息化平台为核心，整合访客管理、出入口控制、人脸识别、视频监控、语音广播、重大危险源监控、可燃有毒气体监测等系统，对生产现场人、机、料、法、环五大要素进行实时、动态、智能管控和预警，规范人的安全行为，保障人的生命安全，有效防范风险、主动化解风险，实现智慧安全。安然“以用为本”，把安全生产信息化建设与公司管理体系“深度融合”，把安全生产信息化建设与日常工作“紧密结合”，对安全生产切实“有用、实用、好用”，避免建用“两张皮”，让安全管控更智能，让生产更高效才实用。迄今已服务中石化、中石油、延长石油、国能、兖矿、京能、索普、新安、奇美、昊源、潞安、旭阳、垦利、逸盛、海科、酒钢、金发等几百家石化、化工、选煤、钢铁、电厂企业。安然以客户为中心，以强者为本，抬头乐干，愿意与同道中人联合、链接，携手共建、共用、共享生产安全命运共同体，一起干，一起干，让优秀企业更安全，让优秀企业更高效！,"https://www.zhaopin.com/jobdetail/CC559764920J40884197604.htm?refcode=4019&srccode=401901&preactionid=a7c1140f-c46c-45e5-b867-ab342d8bdc77"
4159,C/C++,北京-丰台区,1.5-3万,中国人民解放军军事科学院国防科技创新研究院,学术/科研,1000-9999人,未融资,CCL1251034670J40739714110,岗位职责: 1.负责光电传感系统/无人机应用地面站需求分析、整体方案设计及优化升级; 2.负责光电传感系统/无人机应用地面站软件架构设计、模块设计、GUI设计、编码、集成、测试; 3.负责地面站系统与光电传感系统联调，解决地面站运行中出现的故障和问题，同时提供性能优化、日志收集及统计分析等方案; 4.负责地面站使用和维护以及软件开发文档编写和版本管理; 5.负责相关算法移植到地面站，完成相关流程、功能测试。 任职要求: 1.学历:985 院校/211院校/双一流院校硕士及以上，或本科学历有丰富相关工作经验者。 2.计算机科学与技术、电子信息、机械设计及自动化等专业 3.熟练使用 C/C+ +/C# /python 等开发语言 4.熟悉常用算法和数据结构及 TCP/IP、UDP等网络协议，以及协议数据的解析和封装，熟悉网络、多线程、异步编程 5.熟悉 Linux 系统，熟悉 Linux软件的开发、测试、分发流程 6.熟悉各平台基本控件使用，擅长界面的布局和各种效果的实现，熟悉不同屏幕尺寸界面兼容的方法 7.有无人机地面站系统开发、调试经验者优先 薪酬标准: 税前 18-36 万元/年(北京)；税前 12-32万元/年(长沙) 工作地点: 北京或长沙,6月4日,中国人民解放军军事科学院国防科技创新研究院军队文职人员招考简历投递邮箱：jskxyjob5@163.com（其他岗位勿投）,"https://www.zhaopin.com/jobdetail/CCL1251034670J40739714110.htm?refcode=4019&srccode=401901&preactionid=a7c1140f-c46c-45e5-b867-ab342d8bdc77"
4160,C/C++,北京-大兴区,1.2-2.2万,北京麦邦光电仪器有限公司,"医疗设备/器械,医疗设备/器械",300-499人,未融资,CC120891810J40267450611,"职位描述：    1.计算机软件相关专业本科及以上学历，2年以上相关工作经验；    2.精通C、C++等开发语言,熟练掌握和使用C++Builder工具；    3.两年以上C,C++实际编程经验，精通网络编程及并发处理；对程序执行效率有较深的体会和研究，精通linux操作系统，熟悉脚本语言，熟悉文本操作；    4.熟练掌握C++，STL；    5.对数据结构和算法有有较深理解. ",5月29日,北京麦邦光电仪器有限公司成立于2004年，专业从事人体各种生命体征监测/检测、心脏急救设备与系统的高端医疗器械的研制、生产、销售及服务。公司坐落于中关村科技园区大兴生物医药产业基地，总建筑面积共计30000平米，是拥有研发办公大楼、生产楼及配套服务楼的高科技产业集团。作为国内“血管病检测与心脏急救技术”领域的领军企业，公司是国家级高新技术企业，拥有北京市工程实验室，博士后科研工作站，是北京市专利试点企业，中关村科技园区百家创新型试点企业，北京市G20后备企业。承担多项国家和北京市科研攻关及产业化项目，拥有千余台先进的研发、生产和检测设备。每年至少2-3个项目和产品实现工程化、产业化。公司主页：http://www.mbelec.com,"https://www.zhaopin.com/jobdetail/CC120891810J40267450611.htm?refcode=4019&srccode=401901&preactionid=a7c1140f-c46c-45e5-b867-ab342d8bdc77"
4161,实施工程师,南京-鼓楼区,6000-12000元,江苏中矿大正表面工程技术有限公司,"工程施工,火车站/港口/汽车站/路政,工程施工,建筑工程检测",100-299人,未融资,CC230821230J40688316605,任职条件：,10月15日,公司担当桥梁防护细分领域排头兵和主力军，是江苏省高新技术企业、全国知识产权优势示范企业、江苏省大型钢结构防腐蚀工程中心及徐州表面工程技术研究中心依托平台企业。公司秉承以技术立业，坚定不移地走高新技术发展之路，依靠雄厚的技术研发实力，创造了诸多成果。历获江苏省科学技术一等奖，浙江省科学技术二等奖、湖北省科技进步二等奖，交通运输部李春奖、中国建设工程鲁班奖，中国公路学会科学技术奖特等奖等重要奖项数十项。公司拥有丰富的大跨度公路桥、铁路桥、公铁两用特大桥、超长跨江/海大桥、大跨峡谷桥等桥梁防护施工方面的施工经验和技术储备，达到业内领先水平，市场遍及国内 31个省、自治区、直辖市。公司积极开拓国外市场项目，先后承建了美国、德国、新西兰、挪威以及孟加拉等“一带一路”沿线国家和地区的海外桥梁的防腐涂装工程。公司领先的工艺技术水平、卓越的产品质量和优秀的施工服务，赢得了国内、外客户的交口称赞。江苏中矿大正表面工程技术有限公司创立于 1993年，前身为中国矿业大学表面加工研究所。公司以国家“211工程”“985优势学科创新平台项目”和国家“双一流”建设高校中国矿业大学为依托，致力于大型建构物表面工程领域新技术、新产品的开发应用和工程施工服务，为客户提供大型建构物防护一体化服务。在业务领域上，公司主要聚焦路桥领域，同时开展市政工程、矿山工程等领域防护业务；在业务类型上，公司在开展技术科研、设计咨询、工程及养护服务等单项业务的同时，积极拓展大型建筑构造物全寿命防护一体化服务，目前主要包括：桥梁全寿命防护的设计、科研、工程服务（桥梁缆索防护、钢结构长效防腐涂装、混凝土结构防腐涂装、桥梁除湿、其他特种防护）；大型桥隧工程智能防护系统的集成设计、研发、施工；桥梁腐蚀的监测、监管、维养等多领域、全方位的桥梁安全防护体系建设；结构抗火技术与材料研究、智慧监测预警系统研究、消防应急技术及装备研发等。拥有包括防水防腐保温工程专业承包壹级、消防设施工程专业承包贰级、建筑装修装饰工程专业承包贰级、建筑机电安装工程专业承包叁级在内的多项资质。青山座座皆巍峨，壮心上下勇求索。江苏中矿大正表面工程技术有限公司将朝着“成为大型建构物防护需求的“一站式”领先供应商”的企业愿景，以带动我国防护技术达到国际先进水平为使命，稳固桥梁防护市场，开辟新的技术领域，赓续追求卓越初心，秉承改革创新精神，引领行业走向新的辉煌！,"https://www.zhaopin.com/jobdetail/CC230821230J40688316605.htm?refcode=4019&srccode=401901&preactionid=a7c1140f-c46c-45e5-b867-ab342d8bdc77"
4162,实施工程师,沈阳-铁西区,3000-5000元,沈阳普日软件技术有限公司,计算机软件,20-99人,,CC246593120J40731563301,1、熟悉医院业务流程 2、具备区域医疗信息平台实施经验或his系统实施经验 3、熟悉Oracle、MySql、SQLServer等主流数据库使用，有较好的数据库SQL脚本编写的能力 4、熟练掌握Windows操作系统的基本操作命令能够针对网络、系统及应用进行运维及操作排查 5、具备良好的沟通表达能力，能够做好需求对接相关的内外部沟通 6、独立思考和自学能力强，善于解决项目日常工作中的各种问题  应届毕业生也可以！   工作地点在鞍山        职位福利：五险一金、带薪年假、节日福利、周末双休、定期团建、餐补、    ,5月27日,普日软件（www.propersoft.cn）于2006年成立于沈阳，专注于医疗行业信息化建设，依托自主知识产权产品为医院提供协同管理、移动医疗等领域解决方案。公司与以中国医科大学附属盛京医院为核心的多家医疗机构合作建有医院管理专家咨询团队，与以沈阳工业大学为核心的多家科研机构合作建有先进信息技术与医疗行业融合应用研究团队，不断探索医疗行业“痛点”问题，持续转化研究成果。公司现拥有医院协同管理平台和移动互联网医院平台两大产品体系，应用于各类综合性、专科性医院。作为一家以医疗IT为核心的公司，我们追求“适合客户”的理念，为医院提供咨询、产品与个性化服务的一体化解决方案。,"https://www.zhaopin.com/jobdetail/CC246593120J40731563301.htm?refcode=4019&srccode=401901&preactionid=a7c1140f-c46c-45e5-b867-ab342d8bdc77"
4163,技术支持工程师,武汉-江岸区,8000-16000元,青岛安然物联网科技有限公司,"物联网,物联网",20-99人,未融资,CC559764920J40565723404,需要弱电技术、自动化、安防系统、工业互联网+危化安全生产、物联网人才，不要纯软件人才。  你能经常到全国各地出差吗？你能到工业生产现场生产现场做技术支持吗？     真正的奋斗者在安然会有让人值得为之奋斗的事业，会有充实、高效的成长，会有高人一等的收入。,7月22日,基于精准人员定位的工业安全生产信息化管理专家，安全生产信息化管理引领者！作为全国实时定位技术标准工作组成员和应急管理部“工业互联网+危化安全生产”人员定位系统技术支持机构，安然从2012年起致力于基于ZigBee Plus三维立体按需精准定位的“工业互联网+安全生产”的研究，获得了20多项安全智能管控系统发明专利和著作权，持续引领中国化工行业生产现场智慧安全！安然以“准、稳、狠”的ZigBee Plus三维立体按需精准人员定位统和“底数清、数据准、情况明、研判准、措施实”的安全生产信息化平台为核心，整合访客管理、出入口控制、人脸识别、视频监控、语音广播、重大危险源监控、可燃有毒气体监测等系统，对生产现场人、机、料、法、环五大要素进行实时、动态、智能管控和预警，规范人的安全行为，保障人的生命安全，有效防范风险、主动化解风险，实现智慧安全。安然“以用为本”，把安全生产信息化建设与公司管理体系“深度融合”，把安全生产信息化建设与日常工作“紧密结合”，对安全生产切实“有用、实用、好用”，避免建用“两张皮”，让安全管控更智能，让生产更高效才实用。迄今已服务中石化、中石油、延长石油、国能、兖矿、京能、索普、新安、奇美、昊源、潞安、旭阳、垦利、逸盛、海科、酒钢、金发等几百家石化、化工、选煤、钢铁、电厂企业。安然以客户为中心，以强者为本，抬头乐干，愿意与同道中人联合、链接，携手共建、共用、共享生产安全命运共同体，一起干，一起干，让优秀企业更安全，让优秀企业更高效！,"https://www.zhaopin.com/jobdetail/CC559764920J40565723404.htm?refcode=4019&srccode=401901&preactionid=a7c1140f-c46c-45e5-b867-ab342d8bdc77"
4164,技术支持工程师,南京-江宁区,5000-6000元,南京昆恩自动化科技有限公司,计算机硬件,20人以下,未融资,CC462840780J40791378008,岗位职责： 1. 负责公司产品的技术支持和售后服务。 2. 解决客户在产品使用过程中遇到的技术问题。 3. 收集并反馈客户需求，为产品改进提供参考意见。 岗位要求： 1.自动化、电气自动化相关专业本科以上学历，有扎实的基础知识和文化素养。 2.1-2年工作经验，优秀毕业生也可。 3.熟悉电气原理知识，了解电气元器件、PLC、人机界面基础知识。 4.熟悉使用办公软件，有较好的执行力和沟通协调能力。 5.愿意学习新的知识，有意愿提升自己。,7月21日,南京昆恩自动化科技有限公司为昆仑通态设在南京的分公司，主要负责江苏和安徽市场的运营公司简介公司主要从事人机界面产品的自主研发、独立生产和销售，向用户提供从硬件到软件的工业自动化综合解决方案。公司总部位于深圳特区坂雪岗科技城，依托科技城完备的高新技术产业链，丰富的高端研发人才链，提高创新能力，增加竞争力，不断推出优秀的软硬件产品。,"https://www.zhaopin.com/jobdetail/CC462840780J40791378008.htm?refcode=4019&srccode=401901&preactionid=a7c1140f-c46c-45e5-b867-ab342d8bdc77"
4165,Java,西安-雁塔区,1.4-2.8万·14薪,外企德科数字技术有限公司,专业技术服务,10000人以上,,CCL1480117890J40783974905,岗位要求： 1、学信网可查的统招本科及以上学历， 2、可接受无经验，但是要会一种计算机语言的编程（C，C++，java，Python，JS）； 3、入职后会有技能培训和导师； 岗位优势：自研开发，大牛团队，各种节日福利，六险一金，年终奖金（2-4），加班津贴，班车接送； 面试流程：简历筛选-笔试-面试-offer审批下发（全程线上走流程，异地在职也不影响面试拿offer）； 工作地点：HW研究所； 工作城市：西安，深圳，成都，北京，上海、杭州、武汉、苏州、南京、济南、东莞等。,2025-07-27 00:25:18,外企德科数字技术有限公司是一家2023年新成立的中外合资企业。成立于2023年11月24日，公司定位：专注于为信息技术企业提供人才及数字技术外包解决方案的中外合资企业。它是由中国人力资源服务行业的FESCO（北京国际人力资本集团）与全球人力资源服务领导者The Adecco Group（德科集团）合资成立的。公司主要提供网络技术服务、软件外包服务、计算机系统服务、技术进出口、软件开发等信息技术相关服务。专注于为信息技术企业提供信息技术类人才及数字技术外包解决方案。,"https://www.zhaopin.com/jobdetail/CCL1480117890J40783974905.htm?refcode=4019&srccode=401901&preactionid=a7c1140f-c46c-45e5-b867-ab342d8bdc77"
4166,科研人员,合肥-蜀山区,2-3万,中国科学院合肥物质科学研究院,"学术/科研,社团/组织/社会保障",100-299人,,CC423095420J40679517207,岗位1：高场超导磁体设计和性能分析； 岗位职责：高场高均匀度磁体电磁、结构和失超保护设计，工艺设计，磁体低温测试等。 岗位要求： 1.拥有制冷及低温工程，电气工程，核能科学等专业博士学位； 2.拥有高均匀度电磁优化、结构仿真、失超分析、低温结构设计等研究背景者优先； 3.获得博士学位不超过3年，年龄一般不超过35周岁； 4.身心健康，并具有良好的科研潜质、学术道德和综合能力。 岗位2：样品环境低温插入件设计和性能分析； 岗位职责：基于小型制冷机的低温系统设计和样品环境插入件研制。 岗位要求： 1.拥有制冷及低温工程等专业博士学位； 2.拥有基于氦4、氦3等工质的低温系统（J-T，吸附等）研制经验优先； 3.获得博士学位不超过3年，年龄一般不超过35周岁； 4.身心健康，并具有良好的科研潜质、学术道德和综合能力。 岗位3：CCT型超导组合磁体设计和性能分析； 岗位职责：高能物理探测器对撞区聚焦磁体系统研制 岗位要求： 1.拥有电气工程，核能科学等相关专业博士学位； 2.拥有CCT四极线圈电磁优化、结构优化、磁体低温结构设计等研究背景者优先； 3.获得博士学位不超过3年，年龄一般不超过35周岁； 4.身心健康，并具有良好的科研潜质、学术道德和综合能力。,4月27日,中国科学院等离子体物理研究所（以下简称等离子体所）伴随改革开放的步伐，致力于探索开发人类无限而清洁的新能源——核聚变能。四十余年来，核聚变大科学团队面向世界科技前沿和国家重大战略需求，进行聚变工程技术攻关和深入物理实验研究，取得一系列具有原创性国际领先水平的成果，促使我国稳态磁约束核聚变研究走在国际前列，为人类核聚变研究做出重大贡献。等离子体所是中国热核聚变研究的重要基地，世界实验室聚变研究中心，先后建成并运行常规磁体托卡马克HT-6B、HT-6M，我国第一个圆截面超导托卡马克核聚变实验装置HT-7，世界上第一个非圆截面全超导托卡马克核聚变实验装置“东方超环”（EAST）等四代托卡马克装置，并在物理实验中获得了一系列国际先进或独具特色的成果，先后获2项国家科学技术进步一等奖，4项国家科学技术国际合作奖，以及多个国家级重要奖项。此外，全面参与合肥综合性国家科学中心建设，正在建设国家“十三五”大科学工程聚变堆主机关键系统综合研究设施CRAFT，开展中国聚变工程试验堆设计和预研。等离子体所与欧、美、俄、日、澳等三十多个国家和地区建立了稳定合作交流关系，成立国际聚变能联合中心。作为ITER中国工作组的重要单位之一，承担了ITER中国的导体、校正场线圈、超导馈线、电源、诊断等采购包任务和总装任务。等离子体所承担的ITER任务以优异的性能指标通过国际评估，产品质量100%满足ITER要求，进度在七方参与国家中居前列，创造多项第一。等离子体所在承担国家大科学工程项目和参加ITER计划过程中，实现中国制造和中国创造，自主发展关键聚变工程技术，在工业界得到推广应用并促进国内高新技术企业的蓬勃发展，还向欧美西方发达国家出口我国聚变工程技术。依托超导、磁体、低温、电源、等离子体应用及衍生高技术等领域，加快推动聚变技术产业化，大科学工程沿途下蛋成效显著，为国民经济发展做出贡献。等离子体所现有14个研究室、2个中心、1个专项办公室、1个综合管理部门和多个高技术公司。在职职工700余人，其中专业技术人员逾80%。现有3位中国科学院或中国工程院院士，多人入选国家杰出青年基金、“万人计划”领军人才和拔尖人才等人才专项或担任国家重点研发计划项目首席科学家。等离子体所现有1个博士后流动站，4个博士点包括等离子体物理和核能科学与工程2个特色专业，11个硕士点包括等离子体物理、核能科学与工程、电工理论与新技术、低温与制冷工程、核技术及应用5个特色专业。已培养研究生逾千人，在学研究生500余人。等离子体所编辑出版的国内等离子体专业唯一的英文学术期刊《Plasma Science and Technology》，已被EI、SCI、SA等国际重要数据库收录，影响因子不断攀升。等离子体所崇尚“甘于奉献、团结协作、锐意进取、争创一流”的大科学文化，形成了开放、公平、民主的科研氛围及宽松和谐的科研环境，全所师生员工正以积极向上的精神风貌，为研究所创新跨越式发展而不懈奋斗。,"https://www.zhaopin.com/jobdetail/CC423095420J40679517207.htm?refcode=4019&srccode=401901&preactionid=a7c1140f-c46c-45e5-b867-ab342d8bdc77"
4167,软件测试,曲靖-麒麟区,5000-7000元,天阳科技,"计算机软件,计算机软件",1000-9999人,已上市,CC120408370J40606419008,1.全国项目驻场测试，主要负责功能、数据或接口等相关测试工作； 2.统招本科学历及以上（学信网可查）；毕业满2年；计算机专业优先； 3.热爱软件测试行业、有强力的自驱力，能够在测试岗位深入学习研究； 4.有无经验均可，服从公司安排，接受公司培养，可接受异地工作优先； 福利待遇： 上市公司、公司可提供住宿、定期体检、带薪年假； 欢迎符合要求的小伙伴们投递~,7月17日,天阳科技(股票代码：300872)，是全球金融创新服务的重要贡献者，持续赋能中国金融行业数字化转型，为客户提供咨询、金融科技产品、金融IT服务、云计算及运营服务。公司成立于2003年，服务超过300家金融行业客户，覆盖中央银行、政策性银行、国有银行、股份制银行、地方性商业银行、非银行金融机构等，员工人数近7000人，成为激活金融领域创新活力、推动金融科技迈入世界领先水平的重要力量。作为金融行业客户可信赖的合作伙伴，天阳科技凭借丰富的行业经验和端到端的专业服务，在信创、数字化金融、信贷、交易银行、信用卡、零售、营销、风险管理、征信监管等众多领域具备核心竞争力。据赛迪和IDC报告显示，近年来公司在中国银行业IT解决方案市场排名强势崛起，2019年收入及市场占有率综合排名分别位列第四位和第五位，并保持高速增长。同时，前瞻商业和科技趋势，入选2021年度未来银行科技服务商TOP100。天阳科技始终聚焦金融科技领域，加大自主创新力度，在超过100个城市建立本地化、专业化的研发和服务团队，拥有CMMI5级认证、软件测试成熟度模型集成（TMMi）3级认证、ISO9001质量管理体系认证、ISO20000信息技术服务管理体系认证、IS027001信息安全管理体系认证。通过部署人工智能、云计算、大数据、移动互联网、分布式计算和区块链等先进金融科技，公司致力于构建安全可控、普惠民生、开放共赢格局，在关键技术领域服务现代化金融发展大局，更好地为各利益相关方创造更大价值，为大中企业、小微企业以及每个个体提供优质金融服务。,"https://www.zhaopin.com/jobdetail/CC120408370J40606419008.htm?refcode=4019&srccode=401901&preactionid=a7c1140f-c46c-45e5-b867-ab342d8bdc77"
4168,前端开发,广州-白云区,3000-6000元,广州合泰医疗科技有限公司,生物工程,20-99人,,CCL1311859050J40716722303,1. 负责公司Web应用的前端开发； 2. 设计、编码、测试、优化前端应用； 3. 与后端团队合作完成项目； 4. 持续迭代产品，保持系统稳定、安全； 5. 编写相关文档，与其他部门配合落地产品。 感兴趣联系我，欢迎加入我们的团队！,4月4日,,"https://www.zhaopin.com/jobdetail/CCL1311859050J40716722303.htm?refcode=4019&srccode=401901&preactionid=a7c1140f-c46c-45e5-b867-ab342d8bdc77"
4169,测试工程师,东莞-None,7000-12000元,重庆科满福人力资源服务有限公司,企业服务,20-99人,,CCL1487604860J40932734004,【岗位职责】： 1、软件测试岗位职责  2、接受测试任务，进行需求分析 3、按照测试计划搭建测试环境，并保证测试环境的可靠性 4、按照测试计划编亏测试用例，保证测试用例合理有效 5、按照测试用例执行测试，及时发现缺陷，并使用工具进行管理缺陷 6、编写和提交测试报告，保证测试进度按计划完成 7、参与审核其他测试工程师的测试用例和报告 8、学习公司已有方案和推广使用新的测试技术和工具,7月17日,,"https://www.zhaopin.com/jobdetail/CCL1487604860J40932734004.htm?refcode=4019&srccode=401901&preactionid=a7c1140f-c46c-45e5-b867-ab342d8bdc77"
4170,技术支持工程师,徐州-贾汪区,7000-9000元,江苏极易新材料有限公司,"石油/石化,石油/石化",1000-9999人,未融资,CC309899588J00455373007,"职位职责 1. 客户拜访,产品推广，相关客户售前和售后的技术服务工作; 2. 相关产品应用的测试及技术研发； 3. 完成上级交办的其他工作。 任职要求 1.高分子、有机化学、材料化学及化学工程与工艺等相关专业以上学历。 2.2年以上化工相关行业工作经验，优秀应届毕业生也可考虑； 3.25-35岁，性别不限 4.能适应短期出差。 职位福利：每年多次调薪、绩效奖金、高温补贴、节日福利、五险一金、周末双休、通讯补助、弹性工作",6月26日,极易是一家专注于聚合物抗老化添加剂领域的制造和技术服务公司。是中国石化、中国石油、中海油、国家能源、巴赛尔、道达尔等各类聚合物及其改性制造商的优秀合作伙伴。极易现有各类聚合物抗老化添加剂年产能15万吨、原料及中间体年产能15万吨，是全球行业中规模及技术领先的制造商。目前在中国有两个生产基地，北京基地始建于2002年，占地约17万平方米；江苏基地建于2015年，占地约48万平方米，拥有世界级生产能力。建立了位于北京总部的亚洲营销中心、美国亚特兰大的美洲销售中心、德国科隆的欧洲销售中心的全球三大销售中心服务用户。北京总部、江苏基地以及合作建立的合成科学联合研发中心为企业和行业的创新发展注入源源不断的动力。极易不断完善智能化生产和用户满意优先的管理体系，始终坚持以市场需求为己任，通过不断创新，为聚合物和油品行业提供更具性价比的产品和创新性解决方案。聚焦以市场发展为导向，研制和开发更加绿色、安全的产品和制造工艺。极易是您可值得信赖的合作伙伴。,"https://www.zhaopin.com/jobdetail/CC309899588J00455373007.htm?refcode=4019&srccode=401901&preactionid=a7c1140f-c46c-45e5-b867-ab342d8bdc77"
4171,硬件测试,东莞-None,1-1.6万,软通动力信息技术(集团)股份有限公司,"互联网,IT服务,计算机软件",10000人以上,D轮及以上,CC000544460J40660772216,1、参与通信产品开发过程中的产品测试、可靠性等问题 2、参与新产品硬件开发测试和装备验证，确保硬件单板高质量交付 【任职要求】 1、2年及以上（优秀的1年）测试经验，统招公办本科工科专业毕业 2、熟悉单板硬件开发测试流程，熟悉常用的原理图、PCB设计工具 3、有数字电路和模拟电路基础，对于单板电源完整性、信号完整性有基础了解 4、有良好的沟通协调和交付能力，刻苦、敬业、有上进心，有良好的团队合作精神。对技术有激情，喜欢钻研，能快速接受和掌握新技术，有较强的独立、主动的学习能力 【专业知识要求】 1、要求电子、通信、计算机等相关专业毕业 2、熟悉数字电路和模拟电路基础，对于单板电源完整性、信号完整性等设计有基础了解。,1月22日,软通动力信息技术（集团）股份有限公司（以下简称“软通动力”）是中国数字技术产品和服务创新领导企业，致力于成为一家具有全球影响力的科技企业，企业数字化转型可信赖合作伙伴。公司2005年成立于北京，多年来始终坚持科技创新，具有软硬全栈的智能技术产品和服务能力，提供软件与数字技术服务、计算产品与数字基础设施、数字能源与智算服务以及国际化服务。目前，公司在10余个重要行业服务超过1100家国内外客户，其中超过230家客户为世界500强或中国500强企业，员工近90000人。软通动力拥有软通咨询、软通金科、软通工业互联、机械革命、软通华方等业务子品牌，并在全球40余个城市布局业务，构建北美、日本、东南亚、中东四大国际交付中心，在北京城市副中心、江苏无锡建设两大智能制造基地。同时，公司前瞻布局智能制造、ICT软硬基础能力和生产力智能化产品，打造产业链闭环。软通动力设立30个能力中心，拥有1个国家级工程实验室，6个省市政府认定的工程、技术实验室及研发中心，1个博士后科研工作站，50+技术合作伙伴的生态合作体系，不断探索前沿技术的巨大商业应用潜力。公司旗下教育品牌软通教育，拥有一家全日制本科学院——郑州西亚斯学院数字技术产业学院；同时在全国合作院校600多所，设有70多个校企联合人才培养基地，通过校企合作、协同育人，为社会培养高素质应用型人才。软通动力先后获得“2023年中国IT服务市场排名TOP 1”、“2024年Q4 PC出货量国内市场份额排名TOP 2”、“2024年中国软件和信息技术服务竞争力百强企业”、“2023年中国信创企业100强”、“2024万得ESG评级（Wind ESG Rating）AA级及信息技术服务行业ESG综合得分排名第一”等荣誉及市场认可，并拥有全球软件工程领域最高级别CMMI V2.0成熟度5级评估认证、国家研发运营一体化（DevOps）三级能力成熟度模型认证、信息技术服务标准（ITSS）运维能力成熟度一级认证等专业资质，支撑公司更优质的服务体系。,"https://www.zhaopin.com/jobdetail/CC000544460J40660772216.htm?refcode=4019&srccode=401901&preactionid=a7c1140f-c46c-45e5-b867-ab342d8bdc77"
4172,实施工程师,芜湖-镜湖区,6000-8000元,青岛檬豆网络科技有限公司,"互联网,互联网",100-299人,B轮,CC598419080J40816747903,物联网实施工程师 岗位职责： 1、会使用网关、组态软件、配置IOT平台 2、采集PLC、数控、仪器仪表、IO点等各种系统的数据 任职要求： 1、 40岁以下 2、 专科学历以上 3、 了解工业控制器的通讯协议及接口标准，熟悉各种电路、电气控制、熟悉PLC控制； 4、 具备良好的沟通协调能力、判断能力及计划执行能力，动手能力强，熟悉自动化设备和自动化生产线优先考虑； 5、 两年以上同岗位工作经验者优先； 6、 能接受短期出差,2025-07-27 01:08:27,一、公司简介青岛檬豆网络科技有限公司成立于2015年，建设运营柠檬豆工业互联网平台。柠檬豆专注中小企业数字化，推出供应链数字化解决方案入选了工信部中小企业“链式”数字化转型典型案例，并首创工业互联网与产学研结合的云端研发模式，联合中国银行推出以工业互联网平台命名的产融创新产品“檬豆贷”等。柠檬豆工业互联网平台具有工业和信息化部认定的国家双跨平台、特色专业型工业互联网平台、国家级中小企业公共服务示范平台、国家级服务型制造示范平台、专精特新小巨人服务平台等12项国家级荣誉资质、17项省级、26项市级荣誉。柠檬豆平台具备物联网平台、模型开发平台、低代码开发平台和数字孪生平台等云网数融合的一体化服务能力。已覆盖机械、家电、轻工等22个行业和供应链管理、生产制造等9大领域，注册企业58万余家。柠檬豆工业互联网平台构建了企业数字化、产业一体化和跨产业协同的1+5+N平台架构，1即柠檬豆工业互联网生态力中心，5即供应链交易、科创服务、智能制造、产融服务和绿色发展五个数字场景，N即建设N个行业数字化共享中心。通过工业互联网平台统一汇聚产业资源，并通过柠檬豆数据中心赋能形成数字资产，以数字化共享助力企业数字化转型的降本增效。目前柠檬豆已落地众多区域、行业数字化项目，其中企业侧和政府侧双向推动建设木业工业互联网平台推进传统产业提质增效；国家海洋技术转移中心平台在推动海洋技术成果转化、涉海企业技术创新服务上持续发挥作用；结合芜湖市政府1%工作法建设的皖豆云工业互联网平台赋能芜湖中小企业数字化转型，并获安徽省重点培育工业互联网平台；云端研发平台实现工业互联网与科技创新的融合，促进前沿技术向生产力的有效转化，入选创新成果在山东全省范围内进行复制与推广，并在福州实现跨区域复制。二、所获荣誉山东省海豚企业山东省级中小企业服务机构青岛明日之星企业青岛市级服务型制造示范平台青岛市“四新”重点培育企业国家高新技术企业中国B2B创新企业50强国家工业电子商务运行形势监测指数企业2018产业互联网百强企业2018产业互联网百名行业领袖-霍胜军第四届全国大宗商品电商百强企业2019影响中国产业互联网发展人物2019未来独角兽创业争霸赛冠军商务部线上线下融合发展数字商务企业2019年中国B2B瞪羚企业2019年中国B2B最具成长性企业2019年中国B2B供应链金融创新大奖首批山东省软件产业高质量发展重点项目国家中小企业公共服务示范平台大数据应用示范平台半岛科创联盟秘书长单位山东省双跨工业互联网平台青岛市工业互联网平台服务业创新中心场景应用实验室,"https://www.zhaopin.com/jobdetail/CC598419080J40816747903.htm?refcode=4019&srccode=401901&preactionid=a7c1140f-c46c-45e5-b867-ab342d8bdc77"
4173,软件测试,六安-金安区,5000-7000元,天阳科技,"计算机软件,计算机软件",1000-9999人,已上市,CC120408370J40824089908,1.全国项目驻场测试，主要负责功能、数据或接口等相关测试工作；  2.统招本科学历及以上（学信网可查）；毕业满2年；计算机专业优先；  3.热爱软件测试行业、有强力的自驱力，能够在测试岗位深入学习研究；  4.有无经验均可，服从公司安排，接受公司培养，可接受异地工作优先；  福利待遇：  上市公司，公司可以提供住宿，提供五险一金；  欢迎符合要求的小伙伴们投递~,7月17日,天阳科技(股票代码：300872)，是全球金融创新服务的重要贡献者，持续赋能中国金融行业数字化转型，为客户提供咨询、金融科技产品、金融IT服务、云计算及运营服务。公司成立于2003年，服务超过300家金融行业客户，覆盖中央银行、政策性银行、国有银行、股份制银行、地方性商业银行、非银行金融机构等，员工人数近7000人，成为激活金融领域创新活力、推动金融科技迈入世界领先水平的重要力量。作为金融行业客户可信赖的合作伙伴，天阳科技凭借丰富的行业经验和端到端的专业服务，在信创、数字化金融、信贷、交易银行、信用卡、零售、营销、风险管理、征信监管等众多领域具备核心竞争力。据赛迪和IDC报告显示，近年来公司在中国银行业IT解决方案市场排名强势崛起，2019年收入及市场占有率综合排名分别位列第四位和第五位，并保持高速增长。同时，前瞻商业和科技趋势，入选2021年度未来银行科技服务商TOP100。天阳科技始终聚焦金融科技领域，加大自主创新力度，在超过100个城市建立本地化、专业化的研发和服务团队，拥有CMMI5级认证、软件测试成熟度模型集成（TMMi）3级认证、ISO9001质量管理体系认证、ISO20000信息技术服务管理体系认证、IS027001信息安全管理体系认证。通过部署人工智能、云计算、大数据、移动互联网、分布式计算和区块链等先进金融科技，公司致力于构建安全可控、普惠民生、开放共赢格局，在关键技术领域服务现代化金融发展大局，更好地为各利益相关方创造更大价值，为大中企业、小微企业以及每个个体提供优质金融服务。,"https://www.zhaopin.com/jobdetail/CC120408370J40824089908.htm?refcode=4019&srccode=401901&preactionid=a7c1140f-c46c-45e5-b867-ab342d8bdc77"
4174,实施工程师,威海-乳山市,1.2-1.8万,豪迈集团股份有限公司,"电气机械/电力设备,通用设备制造,专用设备制造",10000人以上,已上市,CC546568620J40817805608,岗位职责:,7月22日,◇企业简介豪迈，始创于1995年，位于山东省高密市，历经20余年的发展，现拥有1家上市公司、8家海外生产型公司、11家专精特新企业。目前是世界上最大的轮胎模具制造商、世界上有影响力的高档机械零部件制造商，连续4次登上美国福布斯《中国潜力企业榜》，2014年在福布斯“中国上市潜力企业100强”中排名第40位。集团行业涉及机械、油气、海工、能源、地产、金融、教育等领域，与多家世界500强企业展开深度合作。◇岗位对口、技术先进、发展空间广阔提供专业对口技术岗位，掌握世界领先的模具、零部件、油气装备等研发技术；集团快速发展，提供技术、管理、商务多通道晋升。◇福利待遇年终奖金、五险一金、交通补贴、用餐补贴、工龄补助、免费体检、带薪年假、节日礼品等。◇配套完善的住房设施提供高标准单身公寓（热水器、空调、独立卫生间等）、独立产权的商品房、经济适用房。◇独特的教育配套设施公司附近配套建设省级示范标准的豪迈幼儿园、小学、中学，为员工子女提供12年的优质教育。,"https://www.zhaopin.com/jobdetail/CC546568620J40817805608.htm?refcode=4019&srccode=401901&preactionid=a7c1140f-c46c-45e5-b867-ab342d8bdc77"
4175,实施工程师,无锡-滨湖区,8000-15000元,国家超级计算无锡中心,"计算机软件,人工智能",100-299人,,CC624435430J40368540003,职责描述： 负责多源观测资料和模式资料处理、评估和校正；负责业务平台部署调试和运行维护；协助部门领导安排的相关其他工作。 任职要求： 1、 气候气象相关硕士及以上学历，优秀者可放宽至本科； 2、 熟悉气象、气候等气象模式，有自主编译、安装、调试、应用模式经验； 3、 熟练应用linux系统及脚本编程，至少掌握Fortran、C/C++编程语言中的一种； 4、 至少精通数据处理工具NCL/NCO/GrADS/Python的一种，熟练掌握Python者优先； 5、 熟悉气象模式结果数据的分析与处理； 6、 有较强的自主学习能力。 7、 具备以下一个或多个方向经验的优先: - 了解卫星资料同化； - 了解GSI、WRF、GRAPES、MPAS等模式； - 有气候气象工程化项目经验。,1月3日,"国家超级计算无锡中心经国家科技部批准成立，由国家科技部、江苏省和无锡市三方共同投资建设。中心坐落在风景秀丽的江苏省无锡市蠡园经济开发区，拥有世界上首台峰值运算性能超过每秒十亿亿次浮点运算能力的超级计算机——“神威·太湖之光”。该系统是我国“十二五”期间“863计划”的重大科研成果，由国家并行计算机工程技术研究中心研制，运算系统全面采用了由国家高性能集成电路设计中心通过自主核心技术研制的国产“申威26010”众核处理器。“神威·太湖之光”也是我国第一台全部采用国产处理器构建的世界排名第一的超级计算机。国家超级计算无锡中心是无锡市政府直属事业单位，由清华大学与无锡市政府共同建设，并委托清华大学管理运营。国家超级计算无锡中心依托“神威·太湖之光”计算机系统，根植江苏、覆盖长三角、拓展全国、放眼全球，与国内外专家、应用单位等进行密切合作。面向生物医药、海洋科学、油气勘探、气候气象、金融分析、信息安全、工业设计、动漫渲染等领域提供计算和技术支持服务，承接国家、省部等重大科技或工程项目，为我国科技创新和经济发展提供平台支撑。国家超级计算无锡中心将利用中心的优势资源，结合江苏省“十三五""规划提出着力建设具有全球影响力的产业科技创新中心和具有国际竞争力的先进制造基地的战略新定位，建成具有明确应用背景的高性能计算技术重大应用研究与支撑中心，充分展示高性能计算作为科技创新核心竞争力和强力引擎的价值，成为国内高性能计算人才聚集地和国内外重要并行应用软件研发基地，实现超算中心的可持续发展。","https://www.zhaopin.com/jobdetail/CC624435430J40368540003.htm?refcode=4019&srccode=401901&preactionid=a7c1140f-c46c-45e5-b867-ab342d8bdc77"
4176,测试工程师,石家庄-桥西区,1-1.2万·13薪,青岛瑞晟元人力资源有限公司,人力资源服务,20人以下,不需要融资,CCL1431271280J40778343907,岗位职责： 1. 负责软件的功能测试。 2. 执行测试用例，报告缺陷并跟踪缺陷的修复。 3. 与开发团队协作，确保软件质量满足需求。 4. 参与软件测试流程的优化和改进。 岗位要求： 1. 熟悉软件测试理论、方法和流程。 2. 具备功能测试经验。 3. 了解运维工程师、网络工程师的工作内容，能进行基本的IT质量管理。 4. 有信息技术、标准化、电子或电路工程相关背景者优先。 薪资待遇：包住、六险一金、工龄工资、生日礼金、定期体检、带薪年假、绩效奖、项目奖、年终奖.,2025年07月30日,,"https://www.zhaopin.com/jobdetail/CCL1431271280J40778343907.htm?refcode=4019&srccode=401901&preactionid=a7c1140f-c46c-45e5-b867-ab342d8bdc77"
4177,测试工程师,武汉-蔡甸区,7000-10000元,科锐尔人力资源服务(苏州)有限公司,咨询服务,1000-9999人,已上市,CC453635220J40797757203,工作内容： 1）按照测试任务完成试验设置和测试切换工作。 2）掌握温度箱设置及操作、高速相机设置和操作、数据采集系统设置和操作，工装夹具的设置和操作，等主要测试技能。 3）参与实验室APS，5S、TPM等相关工作 4）完成实验室主管及经理布置的其它任务。 学历要求：统招大专 专业能力： word，excel基本操作,6月6日,"科锐国际人力资源有限公司成立于1996年，总部位于北京。作为亚洲领先的整体人才解决方案服务商，科锐国际在中国大陆、香港、印度、新加坡等亚洲地区拥有超过79家分支机构，1,500余名专业招聘顾问，在超过18个行业及领域为客户提供中高端猎头、招聘流程外包、灵活用工、营销外包、校园招聘、培训、招聘咨询等解决方案。截至目前，科锐已与2,000余家跨国集团、国内上市公司、快速成长性企业及非盈利组织建立长期合作关系。其中70%为外资500强企业。","https://www.zhaopin.com/jobdetail/CC453635220J40797757203.htm?refcode=4019&srccode=401901&preactionid=a7c1140f-c46c-45e5-b867-ab342d8bdc77"
4178,Java,广州-白云区,1.5-3万·14薪,外企德科数字技术有限公司,专业技术服务,10000人以上,,CCL1480117890J40689620205,"【岗位职责】线上面试，有题库刷题，试用期全薪不打折   1、参与项目需求分析，搭建系统框架和核心模块的设计；   2、根据项目进度完成代码开发任务；   3、对代码进行维护、改进与完善，以满足新需求；   4、参与数据仓库需求分析、程序优化；   5、在项目开发过程中，与团队共享、研讨相关工作和培训经验；   【岗位要求】   熟练掌握任意一门语言即可,前端后端等均有坑哦   入职即安排高资历师傅一带一带教，再也不用担心会不会啦~   【技术优势】   部门发展迅速，大牛带队，使用主流技术，个人技术提升大、视野宽，机会多，进步快   【福利待遇】   1、入职购买全额五险一金+补充商业医疗保险；   2、绩效奖金+年终奖+节假日福利+定期体检+带薪年假，都给安排的妥妥的！   3、超赞的办公环境，食堂班车夜宵一应具全~",2025-07-27 00:23:25,外企德科数字技术有限公司是一家2023年新成立的中外合资企业。成立于2023年11月24日，公司定位：专注于为信息技术企业提供人才及数字技术外包解决方案的中外合资企业。它是由中国人力资源服务行业的FESCO（北京国际人力资本集团）与全球人力资源服务领导者The Adecco Group（德科集团）合资成立的。公司主要提供网络技术服务、软件外包服务、计算机系统服务、技术进出口、软件开发等信息技术相关服务。专注于为信息技术企业提供信息技术类人才及数字技术外包解决方案。,"https://www.zhaopin.com/jobdetail/CCL1480117890J40689620205.htm?refcode=4019&srccode=401901&preactionid=a7c1140f-c46c-45e5-b867-ab342d8bdc77"
4179,C/C++,上海-青浦区,1.5-3万·16薪,外企德科数字技术有限公司,专业技术服务,10000人以上,,CCL1480117890J40769643005,1:统招度大学，理工科相关。毕业证学位证齐全 2:会一种语言就可Python、JAVA、JS、测试C++3:华为目前在招城市:北京、上海、深圳、杭州、南京、西安、成都、武汉，以上研究院均有hc 4:华为目前在招产品线:BPIT，消费者终端，2012实验室，carbu，IT装备部，华为云，GTS，数字能源，光，无线，云核，公共开发，计算产品线，数存，数通，存储、数据库、云计算、人工智能、智能驾驶、音视频、实验室、芯片等5:福利待遇 全程线上面试，全额六险一金，试用期全薪资，有班车和食堂，独立办公园区 6:工作时间:弹性打卡，周末双休，每天早上9点上班，12-2点午休2小时，提供免费夜宵，周三周五家庭日，月末最后一个周六上班双倍加班费,2025-07-28 00:23:32,外企德科数字技术有限公司是一家2023年新成立的中外合资企业。成立于2023年11月24日，公司定位：专注于为信息技术企业提供人才及数字技术外包解决方案的中外合资企业。它是由中国人力资源服务行业的FESCO（北京国际人力资本集团）与全球人力资源服务领导者The Adecco Group（德科集团）合资成立的。公司主要提供网络技术服务、软件外包服务、计算机系统服务、技术进出口、软件开发等信息技术相关服务。专注于为信息技术企业提供信息技术类人才及数字技术外包解决方案。,"https://www.zhaopin.com/jobdetail/CCL1480117890J40769643005.htm?refcode=4019&srccode=401901&preactionid=a7c1140f-c46c-45e5-b867-ab342d8bdc77"
4180,Java,武汉-江汉区,160-170元/天,合力亿捷,"计算机软件,互联网,IT服务",500-999人,已上市,CC000602700J40766894010,1、负责数据魔方系统的需求开发、运营维护，问题收集处理及回复，日常运营数据查询统计; 2、负责部分问题及需求的代码开发、调试与维护工作； 3、积极响应客户问题和需求，并进行开发和交付； 4、协助并完成其他各类技术开发、维护任务。  任职要求：,7月17日,北京合力亿捷科技股份有限公司（简称：合力亿捷）股票代码：833629，始建于2002年，专注于「营、销、服」全场景智能客户联络解决方案，致力于构建企业内外沟通的大连接。公司业务范围包括：智能客服机器人、智能语音机器人、呼叫中心系统、在线客服系统、工单系统、视频客服、企微SCRM、CEM客户体验管理平台等。公司在电信、金融保险、零售、汽车、医疗健康、互联网、餐饮、家居等行业具有丰富的实践经验，其中包括中国联通、EMS、宁德时代、阳光保险、长城汽车、蜜雪冰城、得物、58同城、爱普生等众多知名企业。公司总部在北京，上海、广州、深圳、南京、杭州、武汉、成都、郑州、西安、长沙、沈阳设有分支机构，全国多地设有服务中心。【福利介绍】周末双休、五险一金、附加医疗保险、子女附加医疗保险、年度体检、生日礼品、结婚及生子礼金、绩效及年终奖金。,"https://www.zhaopin.com/jobdetail/CC000602700J40766894010.htm?refcode=4019&srccode=401901&preactionid=a7c1140f-c46c-45e5-b867-ab342d8bdc77"
4181,测试工程师,西安-莲湖区,7000-9000元,西安华瑞恒泰信息技术有限公司,计算机硬件,20-99人,天使轮,CC443780480J40553670604,岗位职责： 1、原理图标准化整理； 2、BOM整理、跟进； 3、PCB设计跟进； 4、制板、贴装、调试； 5、调试说明等简单文档撰写； 6、原理图及PCB封装设计。 能力需求： 1、学历不限、学校不限； 2、会使用cadence者优先； 3、会使用仪器仪表者优先； 4、有焊接技术者优先； 5、理工科背景者优先；,6月23日,西安华瑞恒泰信息技术有限公司是陕西省高新技术企业，位于西安市莲湖区大兴新区开发建设管委会B座4楼，专业从事卫星导航、无线通信、雷达、水声等领域产品和模块的研制、生产、销售和服务，并承接系统工程项目的方案设计和工程实施。用户覆盖国内多军兵种、军工集团和交通运输等国民经济重要领域，产品和技术多次获得省部级和行业荣誉。自成立以来，公司秉承“追求卓越、创造价值、精益求精、报效国家”的企业理念，在人才集结、市场拓展、新技术研究、项目研发、企业文化建设、质量建设等方面不断持续进步，公司拥有一批长期从事射频、微波和数字信号处理的专业技术人才，硕士以上学历及高级职称人员占70%以上。未来，我们将继续秉承以市场为导向，坚持自主创新、合作共赢的发展攻略，务实推动市场拓展和技术创新，深耕行业用户，持续提供优质产品和超值服务，不断扩大市场份额，实现企业和客户的协同发展。福利待遇：,"https://www.zhaopin.com/jobdetail/CC443780480J40553670604.htm?refcode=4019&srccode=401901&preactionid=a7c1140f-c46c-45e5-b867-ab342d8bdc77"
4182,前端开发,深圳-罗湖区,1-1.5万,深圳德光晟科技有限公司,计算机软件,20-99人,,CCL1493718270J40657103806,岗位内容： 1. 利用 JavaScript 和其他前端技术设计和实现 Web 应用。 2. 编写干净、可扩展和易维护的代码。 3. 与其他开发人员、设计师和产品经理紧密协作，创建出优秀的 Web 产品。 任职要求： 1. 对 JavaScript 语言有深入的理解并善于应用。 2. 熟悉至少一种流行的前端框架或库。 3. 熟悉 HTML、CSS 和相关 Web 技术。 4. 具备基本的算法和数据结构知识。 5. 能够有效地沟通和合作，团队合作意识强。,7月13日,,"https://www.zhaopin.com/jobdetail/CCL1493718270J40657103806.htm?refcode=4019&srccode=401901&preactionid=a7c1140f-c46c-45e5-b867-ab342d8bdc77"
4183,C/C++,济南-历下区,1.5-3万·14薪,外企德科数字技术有限公司,专业技术服务,10000人以上,,CCL1480117890J40692736805,"岗位职责 在这里，你将从事IT应用层软牛、分布式云化软件、互联网软件等的设计开发,可以采用敏捷、Devops、开源等先进的软件设计开发模式，接触最前沿的产品和软件技术，成为大容量高并发技术的专家;你将参与产品的软件研发工作,包括但不限于: (1)完成从客户需求到软件产品定义、架构设计、开发实现、再到上线运营维护等产品生命周期中的各个环节; (2)创造性解决产品在实现过程中的技术难题，应用前沿技术提升产品的核心竞争力，如分布式系统、性能调优、可靠性、数据库等; (3)有机会参与业界前沿技术研究和规划，参与开源社区运作，与全球专家一起工作、交流,构建在业界影响力。 岗位要求 1、计算机、软件、通信等相关专业本科及以上学历；工作年限不限； 2、热爱编程，基础扎实，熟悉掌握但不限于JAVA/C++/C/Python/JS/HTML/GO等编程语言 中的一种或数种，有良好的编程习惯； 3、具备独立工作能力和解决问题的能力、善于沟通，乐于合作，热衷新技术,善于总结分享喜欢动手实践; 4、对数据结构、算法有一定了解; 5、优选条件: (1)熟悉TCP/IP协议及互联网常见应用和协议的原理 (2)有IT应用软件、互联网软牛、IOS/安卓等相关产品开发经验，不满足于课堂所学，在校期间积极参加校内外软件编程大赛或积极参于编程开源社区组织;",2025-07-27 00:23:25,外企德科数字技术有限公司是一家2023年新成立的中外合资企业。成立于2023年11月24日，公司定位：专注于为信息技术企业提供人才及数字技术外包解决方案的中外合资企业。它是由中国人力资源服务行业的FESCO（北京国际人力资本集团）与全球人力资源服务领导者The Adecco Group（德科集团）合资成立的。公司主要提供网络技术服务、软件外包服务、计算机系统服务、技术进出口、软件开发等信息技术相关服务。专注于为信息技术企业提供信息技术类人才及数字技术外包解决方案。,"https://www.zhaopin.com/jobdetail/CCL1480117890J40692736805.htm?refcode=4019&srccode=401901&preactionid=a7c1140f-c46c-45e5-b867-ab342d8bdc77"
4184,硬件测试,苏州-张家港市,5000-8000元·13薪,中国科学院过程工程研究所,"学术/科研,医药制造,矿产/采掘,石油/石化",100-299人,未融资,CC134490020J40612220110,岗位内容： 1. 负责硬件测试流程的设计、建立和落地，包括测试用例编写，测试环境搭建等； 2. 进行硬件测试并记录测试相关数据，参与缺陷跟踪和管理； 3. 搭建硬件测试平台，提高测试效率和测试覆盖率； 4.协助硬件工程师完成对电路板的优化及原件调整    任职要求：  1. 本科及以上学历，电子工程、自动化或相关专业；  2. 熟悉常用的测试方法和工具者优先考虑；,6月8日,中国科学院过程工程研究所生化工程国家重点实验室以技术创新为基础，定位于国家能源、资源、环境、医药等重大需求，从实际应用中提炼生化工程基础科学问题，开展理论与实践相结合的应用基础研究，并侧重于突破产业化过程中的技术瓶颈。主要研究内容包括生化反应、生化分离和生化剂型三个过程。实验室有一支优秀的中青年学术带头人组成的科研队伍。现有固定人员76名，其中院士1名，研究员35名，国家基金委杰出青年基金获得者7人、优秀青年基金获得者4人，国家“973项目”首席科学家2名。近五年培养了200多名硕士博士研究生，短期培训了300多名生化工程人才。近5年来，实验室共发表SCI论文810篇;获得国内外授权专利402项(国际专利14项);撰写或合著专业书籍33部;获得国家和省部级奖45项，研究总经费达到4.12亿。专利技术获得转让和实施46次，已有16家企业新增产值183.8亿，利润超过39.9亿。实验室共获国家自然科学二等奖1项，国家技术发明二等奖4项，国家科学技术进步二等奖2项，中国专利金奖1项，中国专利优秀奖3项；国家一级学会和省部级科学技术奖9项，其中一等奖4项/创新奖1项，二等奖4项；国家一级学会图书奖1项；国际合作者Janson教授获中华人民共和国国际科技合作奖。,"https://www.zhaopin.com/jobdetail/CC134490020J40612220110.htm?refcode=4019&srccode=401901&preactionid=a7c1140f-c46c-45e5-b867-ab342d8bdc77"
4185,软件测试,秦皇岛-海港区,1-1.2万·13薪,青岛瑞晟元人力资源有限公司,人力资源服务,20人以下,不需要融资,CCL1431271280J40777130507,,2025年07月28日,,"https://www.zhaopin.com/jobdetail/CCL1431271280J40777130507.htm?refcode=4019&srccode=401901&preactionid=a7c1140f-c46c-45e5-b867-ab342d8bdc77"
4186,Java,西安-雁塔区,1-2万·16薪,外企德科数字技术有限公司,专业技术服务,10000人以上,,CCL1480117890J40775523205,职位描述 1、熟练掌握Java、python等主流开发语言的一种，掌握常见的数据结构、了解软件工程、敏捷开发等知识，熟悉常用设计模式； 2、了解主流数据库技术，至少精通mysql、postgresql等主流数据库技术中的一种；有SQL语句调优经验，并在 中大 型项目中实际应用者优先； 3、熟悉spring boot，mybatis或flask等常用框架； 4、了解分布式系统原理；熟悉ElasticSearch、Redis、mongodb、kafka等一种或多种中间件，并实际应用中有相关经验者优先,2025-07-27 00:24:46,外企德科数字技术有限公司是一家2023年新成立的中外合资企业。成立于2023年11月24日，公司定位：专注于为信息技术企业提供人才及数字技术外包解决方案的中外合资企业。它是由中国人力资源服务行业的FESCO（北京国际人力资本集团）与全球人力资源服务领导者The Adecco Group（德科集团）合资成立的。公司主要提供网络技术服务、软件外包服务、计算机系统服务、技术进出口、软件开发等信息技术相关服务。专注于为信息技术企业提供信息技术类人才及数字技术外包解决方案。,"https://www.zhaopin.com/jobdetail/CCL1480117890J40775523205.htm?refcode=4019&srccode=401901&preactionid=a7c1140f-c46c-45e5-b867-ab342d8bdc77"
4187,硬件测试,福州-闽侯县,5000-8000元,上海微创软件股份有限公司,"IT服务,计算机软件",10000人以上,不需要融资,CC000638920J40708004414,工作职责： 1.根据测试用例执行单板信号测试，并交付报告&提交bug  2.根据测试用例执行单板模拟测试，并交付报告&提交bug 任职要求： 1、电子类相关专业统招本科以上学历  2、熟练使用示波器，万用表，电烙铁  3、有数通产品相关硬件测试和调试经验  4、熟悉orcad，allegro工具的优先 5、良好的沟通技能、组织管理技能,1月13日,上海微创软件股份有限公司2002年由微软与上海市政府共同创办，是微软在华投资的第一家合资公司。微创始终秉承高标准的服务品质与“成就客户”的服务理念，在全球设有20余处交付中心，分布在中国、美国、日本、澳大利亚，凭借在汽车、保险、高科技、金融、互联网等行业的深厚积累和丰富经验，与2500余家企业与政府客户达成了长期、稳定、友好的合作。,"https://www.zhaopin.com/jobdetail/CC000638920J40708004414.htm?refcode=4019&srccode=401901&preactionid=a7c1140f-c46c-45e5-b867-ab342d8bdc77"
4188,C/C++,上海-浦东新区,面议,上证所信息网络有限公司,"IT服务,证券/期货,互联网",100-299人,未融资,CC120066420J40744084802,本次实习生招聘按专业大类开展，面试通过后将根据工作需要分配至技术开发岗或技术运维岗。任职要求：   1.计算机、软件工程等相关专业大学本科及以上学历在校生。   2.熟悉至少一门编程语言（如Java/Python/C++/JavaScript等）；掌握基础数据结构和算法，了解主流开发框架（如SpringBoot/Vue/React等）或数据库/SQL。   3.有以下任一经验或能力突出的优先考虑：   （1）有Shell/Python脚本、自动化工具（Ansible/Playwright）或运维监控（Zabbix/ELK）经验；   （2）熟悉Linux、CUDA、大数据组件（Kafka/ElasticSearch）或云计算。   4.大学英语4级以上，能熟练阅读理解英文类技术文档。   5.具备良好的学习能力、沟通能力、文档撰写能力、抗压能力、团队合作精神。,5月29日,"上证所信息网络有限公司（SSE INFONET CO.,LTD）成立于2003年1月，是由上海证券交易所（SSE）出资设立的全资子公司，获评为高新技术企业及软件企业。公司以“创造卓越、为证券市场提供一流信息服务”为宗旨，肩负着打造信息产业链和提供市场基础设施的重任。为适应本公司业务发展需要，更好地向证券市场提供全方位的信息与网络技术服务，现向社会诚聘英才，欢迎有志者加盟。公司招聘流程包括在线申请、简历筛选、笔试、初面、复面、体检、背景调查等环节。","https://www.zhaopin.com/jobdetail/CC120066420J40744084802.htm?refcode=4019&srccode=401901&preactionid=a7c1140f-c46c-45e5-b867-ab342d8bdc77"
4189,C/C++,湖州-德清县,1-2万,浙江桃园智能科技有限公司,电气机械/电力设备,20-99人,天使轮,CC722995830J40805051603,岗位职责 1.负责自动化设备上位机软件的设计与开发，特别是基于 MFC 的界面编程。,7月22日,浙江桃园智能科技有限公司成立于2018年5月，注册资本为2000万元人民币（实到2000万元），由总部位于杭州的浙江桃园科技有限公司全资投资设立。公司坐落于湖州阜溪街道新丰北路。公司主要从事智能电磁阀驱动芯片、电磁阀测试系统、智能电磁线圈及智能电磁阀的研究与开发。公司产品的核心技术是由企业董事长陶国良教授领军研发的国家专利产品--电磁阀智能驱动芯片。作为浙江大学流体动力及机电系统国家重点实验室教授，陶国良从事机电自动控制技术的相关研究已有二十余年。其带领的团队就是国内最早致力于研究电磁阀性能和相关技术的团队，而由团队潜心研发的电磁阀智能驱动技术早在五、六年前就已经在国内一些知名电磁阀生产企业中得到应用。“电磁阀在线”平台已经成为国内外电磁阀生产厂家用于电磁阀可靠性测试的标配，国际首创的电磁阀智能驱动芯片、智能电磁线圈及智能电磁阀已经在液压、气动、流体阀门等行业得到了广泛的应用。2018年落户地信小镇当年，公司就获得了湖州市“南太湖精英计划”的认可和扶持。2019年又荣获德清县年度省级专项资金项目（软件创新能力产业化）资助。公司的经营团队和核心技术以及所从事的行业得到了地方政府的充分认可。公司于2018年落户地信小镇以后，就购入2000多平米的房产，公司总部和研发中心随即由杭州迁入德清。2018年下半年及2019年的主要工作是大楼的装修以及实验室和生产线的建设。建成了一条全自动芯片贴片流水线。目前已经建成电磁阀技术研发中心、智能测试实验室、智能芯片车间、智能线圈车间等。公司已经进入核电、高铁等高端业务市场，占领了行业技术的制高点，填补了国内智能电磁阀研发、检测技术的空白，逐步建立起智能电磁阀研制及测试技术的行业领导者地位，为公司即将开展的高端电磁阀国产化打下了扎实的基础。,"https://www.zhaopin.com/jobdetail/CC722995830J40805051603.htm?refcode=4019&srccode=401901&preactionid=a7c1140f-c46c-45e5-b867-ab342d8bdc77"
4190,软件测试,南昌-新建区,6000-9000元,重庆科满福人力资源服务有限公司,企业服务,20-99人,,CCL1487604860J40925664404,【岗位职责】： 1、软件测试岗位职责  2、接受测试任务，进行需求分析 3、按照测试计划搭建测试环境，并保证测试环境的可靠性 4、按照测试计划编亏测试用例，保证测试用例合理有效 5、按照测试用例执行测试，及时发现缺陷，并使用工具进行管理缺陷 6、编写和提交测试报告，保证测试进度按计划完成 7、参与审核其他测试工程师的测试用例和报告 8、学习公司已有方案和推广使用新的测试技术和工具 【薪资待遇】： 试用期：（试用期5350-转正6500）元/月＋300全勤+（300-800）元/岗位补贴+（1000-1500）元/月绩效+加班费=-6000-9000左右 ,6月30日,,"https://www.zhaopin.com/jobdetail/CCL1487604860J40925664404.htm?refcode=4019&srccode=401901&preactionid=a7c1140f-c46c-45e5-b867-ab342d8bdc77"
4191,C/C++,沈阳-皇姑区,5000-10000元,沈阳东博恒翼科技有限公司,"计算机软件,专业技术服务,计算机硬件",100-299人,未融资,CC272580020J40934000304,任职要求：,7月21日,沈阳东博恒翼科技有限公司成立于2010年，是一家致力于解决软件项目人才短缺问题的专门服务外包型公司。是NTT、方正、海辉、中软、东软等国内知名企业的常年人才服务供应商。目前，东博已经在国内各主要软件城市设立分支机构，实现了“立足沈阳，服务全国”的战略部署。为软件企业跨地域的项目实施提供人力保障。东博公司是国内拥有独立软件人才数据库的人才服务机构之一。结合长期的外包/分包业务经验，我们独立开发了HMS业务支撑系统，该系统的应用使我们的操作更规范，流程更优化。由超专业化人才招聘团队，以真诚的服务、专业的素质期待与您的合作。,"https://www.zhaopin.com/jobdetail/CC272580020J40934000304.htm?refcode=4019&srccode=401901&preactionid=a7c1140f-c46c-45e5-b867-ab342d8bdc77"
4192,测试工程师,苏州-吴中区,5000-9000元·13薪,苏州维信电子,"电子/半导体/集成电路,计算机软件",1000-9999人,未融资,CC134601680J40570665709,岗位职责： 1.维护在线测试设备和夹具；  ,5月26日,美国M-FLEX创立于1984年，目前已成为全美最大的柔性线路板生产制造商之一。在北美、南美、亚洲和欧洲大陆拥有四家工厂和一批享有很高声望的客户群，在柔性线路板生产领域欧美排名领先，世界排名前列。,"https://www.zhaopin.com/jobdetail/CC134601680J40570665709.htm?refcode=4019&srccode=401901&preactionid=a7c1140f-c46c-45e5-b867-ab342d8bdc77"
4193,Java,南京-秦淮区,7000-14000元·13薪,南京中科华赛科技有限公司,"计算机软件,医院",20-99人,未融资,CCL1463596590J40534956712,任职要求： 1、计算机统招4年制本科毕业，有1年以上JAVA开发经验； 2、熟悉流行的开源框架：Spring、SpringBoot、Mybatis、Hibernate、redis、membercache等开源框架； 3、熟练使用mysql数据库，有数据库调优经验的优先考虑； 4、了解Linux环境以及操作，熟悉git、svn的使用，熟悉Tomcat等开源服务器； 5、具备良好的开发习惯和开发规范，有较强的责任心，工作细致严谨，逻辑推理强； 6、具备较强的沟通交流、良好的文字表达能力、团队合作能力； 7、有过前后端分离项目开发经验的优先考虑。,7月18日,南京中科华赛科技有限公司，是一家从事信息安全产品研发的专业化公司。是在多年的领域探索和资源积累的基础上，在国内IT管理意识最为开放的南京崛起。公司致力于兼收并蓄国际上最先进的信息安全和IT服务管理理念，并结合国内行业自身特点，以独立的客观立场，为客户提供轻便实用的信息安全产品和解决方案，目前已成功签约各政企客户10000余家，部署终端计算机500余万台，其中签约医疗客户1000余家。公司前身为南京阳途信息科技有限公司，在2022年引入了国资创投产业基金，并吸纳了国内成熟的信息安全、云计算、智慧服务团队。这些动作表明公司正朝着发展信息安全、云计算和大数据业务的方向前进，将会形成三大产品板块。这意味着公司将会在这些领域进行更多的研发投入和市场拓展，并且会扩大团队规模以支持这些业务。这也表明公司对这些领域的未来发展充满信心，并希望在这些领域获得更多的市场份额。公司目前有拥有一支专业的项目开发团队，团队骨干由一批以前在跨国软件公司任职的人员组成，主要技术人员在软件及网络安全领域有深厚的经验，以及网络安全技术方面的资深专家和众多程序开发人员组成。公司研发团队年轻而又不乏稳重，团队整体队伍年轻、富有冲劲，并且成员之间配合默契，所以安全管理系统在开发中取得了成功。在这个快速变革的时代中，我们希望用新的眼光、新的理念去面对市场，不断创新、不断超越。作为一家充满活力的公司，我们始终秉持“以人为本、以市场为导向、以服务为基础”的企业精神，致力于打造一个充满活力、充满想象力的科技企业。我们的团队充满激情和创造力，拥有一流的技术实力和运营能力，为客户提供最佳的解决方案。我们相信，只有通过技术创新和不断的努力，才能为客户带来最佳的体验和最大的价值。南京中科华赛科技有限公司以“客户至尊，服务至上，技术领先，质量第一”为宗旨，努力为用户提供最佳的技术与服务，公司将依靠高素质的人才团队，利用强大的技术底蕴和优质的服务体系，以精益求精的敬业精神，确保为客户提供放心、可靠、优质的信息技术整体解决方案。我们愿意和所有合作伙伴一起合作，分享成功的果实，共同向前发展。让我们携手，为数字化时代的发展创造更美好的未来!,"https://www.zhaopin.com/jobdetail/CCL1463596590J40534956712.htm?refcode=4019&srccode=401901&preactionid=a7c1140f-c46c-45e5-b867-ab342d8bdc77"
4194,实施工程师,北京-海淀区,3000-4000元,仪创科技,"IT服务,互联网",20-99人,未融资,CC134716700J40741583012,5人       日薪：150元/日 岗位职责： 1.了解公司的产品、方案，参加公司技术培训； 2. 听从技术部派遣，参与公司产品的现场安装、调试工作； 3. 能向客户正确地推介公司产品； 4. 提交日志报告。 岗位要求： 1. 2025-2026年毕业生可优先考虑，能确保周一到周五每天8个小时的工作时间； 2. 电类相关专业本科以上学历； 3. 熟练使用AUTOCAD及PPT文档者优先考虑； 4. 踏实、认真、谦虚、好学，学习能力较强、较快的接受新知识； 5.至少实习3个月，吃苦耐劳。表现优秀者可转正。 工作地点: 中关村东路18号财智大厦,3月19日,关于仪创 IT|互联网|通信 l北京中关村高新技术企业 l创始团队：工学博士、归国学子 l创建日期：1997年4月 l运营总部：北京海淀中关村东路18号财智国际大厦B座20层 l产业基地：燕郊空港产业基地50A号主营业务物联网、人工智能+智慧园区一卡通、人脸识别系统的软件、硬件的研发与生产、整体解决方案荣誉中国出入口控制十大品牌、中国门禁系统十大品牌商业模式与具有住建部建筑智能化系统设计施工一级（二级）资质，安全防范系统设计施工一级的集成商密切合作。主要用户北京城市副中心行政办公区、北京新机场、中央电视台、新华社、国家电力、中国石化、中国石油、中国船舶、中国银行总行、中国移动、北京工行、北京建行、北京交行、北京轨道交通指挥中心、北京地铁四号线、武警总医院、北京市发改委、北京市高级检察院、海淀法院、海淀公安局、北京电视台、北京广播电台等公司总部：北京海淀区中关村东路18号财智国际大厦B座20层邮编：100083燕郊工厂：燕郊开发区百世金谷产业基地50-Ahttp://www.intcard.com.cn,"https://www.zhaopin.com/jobdetail/CC134716700J40741583012.htm?refcode=4019&srccode=401901&preactionid=a7c1140f-c46c-45e5-b867-ab342d8bdc77"
4195,硬件测试,嘉兴-海宁市,5000-8000元,东方通信,"运营商/增值服务,IT服务,计算机软件,电子/半导体/集成电路",1000-9999人,已上市,CC000537240J40727456009,岗位职责： 1、负责及时解决生产测试设备故障和NTF问题，维护生产线正常生产并实时控制生产线生产质量； 2、负责通过设备维护，减少白、夜班设备宕几率，减少生产线停顿时间； 3、负责白、夜班测试设备突发故障的抢修工作，完成白、夜班改线任务； 4、负责部门测试设备及仪器的维护与保养； 5、负责产线的培训、指导工作。 岗位要求： 1、本科及以上学历，具有一定的英语阅读能力，； 2、具备通信/电子基础知识，了解相关测试仪表、了解测试的常规知识； 3、能够在工程师指导下完成测试计划及方案设计以及测试技术文档撰写； 4、熟悉从前端到后端的生产作业流程并能熟练应对； 5、具备项目管理基础知识； 6、有测试服务器，交换机操作经验优先； 7、需要上夜班； 8、现居嘉兴、杭州等地优先，需线下面试。,7月15日,东方通信股份有限公司（以下简称“东方通信”）创立于1958年，是中央直接管理的国有重要骨干企业——中国电子科技集团有限公司麾下企业，是一家集硬件设备、软件、服务为一体的整体解决方案提供商、国有控股的信息技术领域上市公司。公司于1996年成功改制上市，成为上海证交所同时发行A股和B股的中国移动通信产业上市公司。多年来，公司致力于技术累积与持续创新，在民用通信、金融科技、智能制造等领域都确立了专业领先优势。公司业务主要包括：数字集群专网通信、移动通信公网信息安全产品和解决方案；金融科技设备及运营服务；ICT服务；智能制造业务。目前，公司的产品和解决方案应用于全球多个国家和地区，通过全方位的专业信息网络服务，有效支持全球不同客户的差异化需求以及不断创新的个性化需求。公司拥有国家级企业技术中心和博士后工作站，承担着多项国家重点研发项目，并多次荣获国家科技进步奖，现有员工3000余名，其中70%以上为管理、技术方面的专业人才。近年来，公司一直以做大做强专网通信、公网信息安全、ICT服务为基础的“民用通信产业”，金融电子为基础的“金融科技产业”和“智能制造产业”三大产业生态圈为发展重点与方向，不断创新与转型升级，在各个领域取得卓越成效。肩负“科技创造价值，共筑美好生活”的使命，东方通信坚持“诚信、务实、创新、共赢”，致力于为客户提供优质的产品、便利的体验、完美的方案和满意的服务，努力成为在国际市场中拥有优势品牌、持续创新和发展的领先企业！【联系方式】地址：浙江省杭州市滨江区东信大道66号东方通信科技园邮箱：zhaopin@eastcom.com电话：86-571-86675081传真：86-571-86675080邮编：310053【交通方式】地铁4号线“中医药大学站”公交“中医药大学西站”,"https://www.zhaopin.com/jobdetail/CC000537240J40727456009.htm?refcode=4019&srccode=401901&preactionid=a7c1140f-c46c-45e5-b867-ab342d8bdc77"
4196,科研人员,北京-海淀区,1.2-2.1万,中国科学院物理研究所,学术/科研,1000-9999人,未融资,CC197462010J40516439806,中国科学院物理研究所是以凝聚态物理研究为主，包括凝聚态物理、光物理、原子分子物理、等离子体物理、软物质与生物物理、凝聚态理论和计算物理等多学科综合性并在国内外物理学界有重要影响的科研机构。因工作需要，现面向社会公开招聘中国科学院物理研究所超导国家重点实验室工程师1人。 一、岗位描述及应聘条件 岗位名称：超导国家重点实验室科研助理/项目工程师 岗位职责： 1．负责基金项目执行过程中的各项科研任务，为科研人员在科研项目执行中提供协助，并参与到科研项目中。 2．统筹管理实验室各类仪器设备。负责仪器设备的分类管理，日常维护以及设备的使用记录维护，参与到实验室仪器设备开发研制任务等。负责实验室内固定资产相关各类事物以及其他实验室日常运行的事物。 应聘条件： 1．硕士及以上学历，物理、材料专业优先； 2．具备科研设备操作以及管理经验者优先 3. 年龄在40岁以下，具有一定的管理工作背景； 4．有较好的文字表达能力，英语听、说、读、写熟练； 5．热爱管理工作，具有较强的责任心、沟通能力、进取精神、团队合作精神及服务意识。,4月29日,中国科学院物理研究所（以下简称“物理所”）成立于1950年8月15日，其前身是成立于1928年的国立中央研究院物理研究所和成立于1929年的北平研究院物理研究所，1950年在两所合并的基础上成立了中国科学院应用物理研究所，1958年9月30日启用现名。物理所是以物理学基础研究与应用基础研究为主的多学科、综合性研究机构。研究方向以凝聚态物理为主，包括凝聚态物理、光学物理、原子分子物理、等离子体物理、软物质物理、凝聚态理论和计算物理等。作为科技创新国家队，物理所坚持以“三个面向”、“四个率先”为目标，系统谋划和推进研究所“一三五”规划。超导、拓扑、纳米、表面、极端条件等多个学科走在了世界科技最前沿；磁学、光学、先进材料、清洁能源等诸多领域为国民经济发展提供了有力的支撑。除了聚焦基础前沿问题，扎根中关村科研攻关外，物理所还积极参与北京科创中心怀柔科学城、粤港澳大湾区科创中心松山湖材料实验室以及长三角物理研究中心建设，为科技强国建设作出了重要贡献。物理所现有超导、磁学、表面物理3个国家重点实验室，光物理、电子显微镜、纳米物理与器件、极端条件物理、清洁能源前沿研究、凝聚态理论与计算6个院重点实验室，软物质物理、固态量子信息与计算、微加工3个所级实验室，它们与国际量子结构中心、量子模拟科学中心、北京散裂中子源靶站谱仪工程中心、清洁能源中心、超导技术应用中心、功能晶体研究与应用中心、量子计算研究中心、应用物理中心8个研究中心共同构成物理所的研究体系。技术部及各实验室、各研究组的公共技术平台共同构成全所的技术支撑体系。此外，物理所还是北京物质科学与纳米技术大型仪器区域中心、中科院电镜技术联盟的牵头单位，北京量子信息科学研究院的共建单位。2019年，物理所在大科学装置建设方面取得阶段性进展。综合极端条件实验装置北京部分，基本建设已完成95%，科研设备已累计完成支出60%以上。物理所作为项目法人单位的材料基因组研究平台和清洁能源材料测试诊断与研发平台项目也获得重要进展。基本建设均已完成99%，科研仪器设备均已累计完成支出60%以上。物理所与高能所共建中国散裂中子源（东莞）项目，相关团队全力投入靶站谱仪的开放运行工作，完成了大气中子辐照谱仪的物理设计优化与整体工程设计，持续开展磁性、锂离子电池材料的中子散射研究。截至2019年底，物理研究所共有职工825人。其中科技人员443人、科技支撑人员148人，包括中国科学院院士14人、中国工程院院士1人、发展中国家科学院院士8人。国家杰出青年科学基金获得者37人。　2019年，物理所继续发挥科研优势，共承担在研项目675项（包括新增项目279项）。其中，主持国家重点研发计划23项（新增6项），主持973项目（含国家重大科学研究计划项目）3项；主持国家自然科学基金重点项目25项（新增5项）、国家杰出青年科学基金项目7项（新增1项）、国家自然科学基金重大研究计划7项（新增3项）；主持中国科学院战略性先导科技专项1项、项目4项；主持院重点部署项目1项；主持重大仪器研制项目12项（包括新增项目2项）。　2019年，物理所深耕各研究领域，取得了多项有国际影响力的重要科研成果。在国际上首次实现了原子级精准控制的石墨烯纳米结构折叠，为目前世界上最小尺寸的“石墨烯折纸”。在国际上首次观测到马约拉纳零能模近量子化的电导平台，给出了铁基超导中存在马约拉纳零能模的关键性实验证据。采用材料基因工程理念开发了独特的高通量实验方法，实现了非晶合金的快速筛选，研制出高温高强块体非晶合金新材料，突破了现有非晶合金的使役温度极限。创建了一种高效且全自动的算法用于检测非磁性材料中的非平庸拓扑，不仅提高了探索新拓扑材料效率，也为高通量计算打下了基础。与合作者应用具有12个超导量子比特形成一维链结构的器件，实现了强关联量子行走的模拟。与合作者利用全联通的20超导量子比特器件，成功实现了20量子比特多组分薛定谔猫态制备。与合作者的冷冻电镜静态结构相结合，实现单分子动力学过程的精确测量，深度解析了染色质重塑因子调控DNA在核小体上滑移的分子机制。“基于材料基因工程研制出高温块体金属玻璃”工作入选2019年度中国科学十大进展；“最新研究表明自然界中约24%的材料可能具有拓扑结构”工作入选2019年中国十大科技进展新闻；“首次完成强关联纠缠体系的量子行走实验”和“实现石墨烯纳米结构原子级精准的可控折叠”工作入选中科院2019年度科技创新亮点成果。,"https://www.zhaopin.com/jobdetail/CC197462010J40516439806.htm?refcode=4019&srccode=401901&preactionid=a7c1140f-c46c-45e5-b867-ab342d8bdc77"
4197,科研人员,苏州-吴江区,1-1.8万,中国电信苏州分公司,"运营商/增值服务,运营商/增值服务",1000-9999人,已上市,CC200259910J40799437903,"公司名称：苏州低空科技有限公司  需求部门： 科技部 岗位名称：研发助理 专业要求： 计算机软件等相关专业 学历要求：研究生及以上学历 工作年限： 应届毕业生 年龄要求： 25周岁及以下 岗位要求 1.985、211大学毕业，中共党员优先； 2.工作积极主动，踏实认真，勤奋敬业、富有责任心及有团队意识; 3.会使用CAD/Solidworks等软件优先。 02 岗位职责  1.协助研发工程师进行产品研发、测试等工作; 2.协助研发工程师按计划有序开展工作进度并有效执行; 3.参与研发技术资料的整理和撰写, 4.产品研发的档案管理及协助其他相关工作； 5.完成领导安排的其他工作。 年薪范围：10万-15万",7月23日,中国电信集团公司是按国家电信体制改革方案组建的特大型国有通信企业，于2002年5月重组挂牌成立。原中国电信划分南、北两个部分后，中国电信下辖21个省级电信公司，拥有全国长途传输电信网70%的资产，允许在北方十省区域内建设本地电话网和经营本地固定电话等业务。重组后的中国电信集团公司由中央管理，是经国务院授权投资的机构和国家控股的试点。资产和财务关系在财政部实行单列。中国电信集团公司注册资本1580亿元人民币。目前主要经营国内、国际各类固定电信网络设施，包括本地无线环路；基于电信网络的语音、数据、图象及多媒体通信与信息服务；进行国际电信业务对外结算，开拓海外通讯市场；经营与通讯及信息业务相关的系统集成、技术开发、技术服务、信息咨询、广告、出版、设备生产销售和进出口、设计施工等业务；并根据市场发展需要，经营国家批准或允许的其他业务。中国电信集团公司继续拥有“中国电信”的商誉和无形资产。,"https://www.zhaopin.com/jobdetail/CC200259910J40799437903.htm?refcode=4019&srccode=401901&preactionid=a7c1140f-c46c-45e5-b867-ab342d8bdc77"
4198,科研人员,徐州-泉山区,1-2万,江苏武雄展教育咨询有限公司,培训/辅导服务,300-499人,不需要融资,CCL1491247220J40816077515,工作内容 承担神经科学与人工智能交叉领域课程的教学任务，如神经计算、认知神经科学与人工智能、脑机接口技术等。 精心备课，运用多元教学方法授课，确保知识准确传递。 指导学生进行相关实验，涵盖神经科学实验技术（如电生理记录、神经影像分析）和人工智能算法实践（如神经网络搭建、模型训练），培养学生的实操能力。 批改作业、组织考试，定期为学生答疑，根据学生学习反馈优化教学内容和方法。 2）课程建设与教研 结合学科前沿和实际应用，开发新的交叉学科课程，更新教学案例，如引入最新的脑机接口研究成果、基于神经科学原理的人工智能模型进展。 参与完善课程体系，优化课程设置与教学大纲，促进神经科学与人工智能知识的深度融合。 在神经科学与人工智能交叉领域开展创新性研究，探索大脑认知机制对人工智能算法的启发、人工智能技术在神经科学研究中的新应用等。 积极申请国家级、省部级科研项目，整合资源，推动科研项目顺利进行。 撰写并在国际知名学术期刊、会议发表高质量科研论文，展示研究成果，提升学术影响力。 3）学生指导 指导学生参与科研项目、学术竞赛，如国际脑机接口大赛、神经信息学相关竞赛等，培养学生的创新思维和团队协作能力。 指导学生完成毕业设计，确保学生在神经科学与人工智能交叉方向的选题具有创新性和可行性。 4）任职要求 神经科学、生物医学工程、人工智能、计算机科学等相关专业硕士及以上学位。 精通神经科学的基本理论和研究方法，熟悉神经解剖学、神经生理学、认知神经科学等领域知识。 掌握人工智能核心技术，如机器学习、深度学习算法，熟练使用Python、MATLAB等编程语言以及TensorFlow、PyTorch等深度学习框架。 具备神经科学实验操作技能和数据分析能力，能够运用神经影像、电生理等技术手段开展研究。 具备优秀的教学表达和沟通能力，能够将复杂的跨学科知识清晰传授给学生。 有教学经验者优先，能够运用现代教育技术开展互动式教学，激发学生学习兴趣。 以第一作者或通讯作者身份在神经科学与人工智能交叉领域发表过高质量学术论文。 主持或作为核心成员参与过相关科研项目，具备较强的科研项目管理和执行能力。 具有良好的团队合作精神，能够与不同学科背景的同事协同开展教学与科研工作。 热爱教育事业，责任心强，具有严谨的治学态度和职业道德。,7月23日,公司简介：徐州雄展教育集团经教育局批准成立。在校生10000余人次，是徐州地区知名度最高的高中、初中、小学培训机构之一。雄展教育目前有10所校区，拥有近300多名专于教学、精于教研的全职教师团队，教材立足于自主研发、体系立足于教学大纲、教学立足于分层分级，多年来取得了优异的培训效果，受到学生和家长的一致好评。连续多年荣获徐州市315民办教育红榜诚信办学单位。超越期待，是雄展教育给学员和家长的庄严承诺！,"https://www.zhaopin.com/jobdetail/CCL1491247220J40816077515.htm?refcode=4019&srccode=401901&preactionid=a7c1140f-c46c-45e5-b867-ab342d8bdc77"
4199,C/C++,太原-小店区,8000-14000元·14薪,精英数智科技股份有限公司,"计算机软件,IT服务,人工智能,云计算/大数据",300-499人,未融资,CC290294110J40668760206,岗位职责： 1.参与各类检测测量识别技术手段验证，掌握实际性能参数和接口方式。 2.理解现场场景和用户心态，参与检测控制方案设计和设备选型，设计开发数据采集和测量控制系统。 3.按照机电参数要求，设计开发本设备监控系统。 4.按照用户操作需求和算力能力、设备SDK等设计开发检测控制监控系统。 5.完成领导交代的其他工作。 任职要求： 1.有监控系统和嵌入式系统开发经验 - 熟悉嵌入式操作系统（Linux、Windows等）和开发工具（GCC、Keil等）。 - 掌握C++/C#语言，有嵌入式硬件架构下数据处理程序开发经验。 - 熟悉HMI设计原则、掌握至少一项前端框架或工具（如Qt、LabVIEW等）。 具体工具和开发语言通过选型确定。 2.掌握传感器与控制系统知识 - 熟悉常见传感器工作原理及接口方式。 - 熟悉工业控制系统接口和协议（如Modbus、Profinet、canbus）。 3.有数学基础 - 有扎实的数学基础，尤其是图像处理、测量计算、数据分析和校准算法等。 4.基本素养 - 强烈的钻研精神，能快速学习新技术。 - 优秀的团队合作意识，团队配合默契。 - 抗压能力强。 - 能坚持不懈地解决复杂问题。,2025年07月30日,精英数智科技股份有限公司，是工信部2019授予的第一批国家级专精特新“小巨人”企业，产品和服务面向公共安全保障的国家重大战略需求，公司定位于应用人工智能、大数据和物联网技术，解决高危行业安全生产问题，让生产者远离危险。公司秉持“链接产业生态，创造数据价值”的发展理念，基于AIoT（人工智能物联网）技术，通过云、边、端一体化方式为高危行业打造安全生产智能感知网络，推动新一代信息技术与安全生产的深度融合。企业端，公司为煤矿、燃气等生产企业打造安全生产监测和管理解决方案，从数据采集传输的可靠性和稳定性、风险隐患的可预测性、人工监管的可替代性等方面，为安全生产、减人增效提供支持。监管端，公司为各级安全生产监管部门（主要是煤炭领域）提供安全生产监管解决方案，从上传风险监测数据的实时性和准确性、所监管企业安全生产措施的完备性、风险隐患的分级管控和排查治理的精准性等方面，为精准监管、精准执法提供依据。保险和安全服务机构端，公司通过自主研发的安全生产责任保险信息管理平台为保险机构及安全服务机构提供其开展风险评价和事故预防所需的数据服务，为安全生产责任保险的顺利推行提供助力。公司的“煤矿探水视频监控系统”2019年荣获中国煤炭工业协会“2017-2018年度煤炭行业两化深度融合优秀项目”；“中国煤炭云”2019年荣获中国信息协会“2018中国信息化和软件服务业年度优秀产品”；“多源遥感矿区环境及灾害动态监测技术与评价预警系统”2015年荣获山东省科学技术二等奖。公司参与编制了3项国家及行业标准、6项地方标准及2项中国人工智能开源软件发展联盟团体标准。截至目前，公司在申请专利数量87项，其中围绕公司的核心技术申请发明专利77项。,"https://www.zhaopin.com/jobdetail/CC290294110J40668760206.htm?refcode=4019&srccode=401901&preactionid=a7c1140f-c46c-45e5-b867-ab342d8bdc77"
4200,硬件测试,北京-朝阳区,9000-13000元·18薪,北京环佳通信技术有限公司,"电子/半导体/集成电路,电子/半导体/集成电路,通信/网络设备",100-299人,未融资,CC136749530J40762551413,岗位职责： 1.负责对公司产品或系统的测试，包括分析测试需求，设计并执行测试流程，整理测试报告等 2.深入理解产品或系统工作原理，并能从测试角度提出优化建议； 3.制定和完善产品或系统的测试技术文档。任职要求：   1.电子、通信或自动化等专业；   2.熟悉测试流程，熟悉网络通信、无线通信、电磁兼容或电源测试相关知识优先；   3.具备团队合作精神。,6月24日,公司概况北京环佳通信技术有限公司成立于1994年，是中国船舶集团第七研究院（中国舰船研究院）所属全资子公司，注册资金2000万元。公司主要从事无线宽带信息传输设备、特种信息装备、综合指挥控制系统的研发、生产和服务，以及演习训练系统、综合通信系统、指挥自动化系统等军民融合项目的设计与建设。二十多年来，公司紧跟世界信息科技发展趋势，积极开展技术研究与产品开发，已拥有五十多项发明专利和软件著作权，被评定为国家级高新技术企业。科研实力公司研发中心位于北京市朝阳区科荟路，占地面积1000m2，拥有国际一流的仪器仪表设备和综合仿真测试系统；科研队伍结构合理、思想稳定、作风顽强，高级工程师和本科以上学历员工分别占公司总人数的20%和85%。公司拥有软件开发、系统集成、六性设计、工艺标准化、电磁兼容性设计等团队小组，在装备研发和系统集成建设方面积累了丰富的研究与工程实施经验，至今已完成多项大型重点项目的建设任务。公司参与建立了北交大联合实验室，与东大、西电、厦大等高校联合进行技术开发及产品研制，与中兴、华为、海康等行业领先单位进行深度合作，与中电科集团、中船工业、中国航天等50余家单位建立了合作关系，并与美国、英国、德国等相关企业开展技术合作与产品引进。企业文化企业理念——“开拓进取，求实创新，军民并举，科学发展。”企业方针——“管理制度化，工作规范化，技术标准化，服务人性化。”公司以专业的人才队伍为基础，以规范的岗位责任制度为保障，以高效的运作模式为手段，以科学的考核评估机制为辅助，积极构建以人为本、和谐发展的企业文化。,"https://www.zhaopin.com/jobdetail/CC136749530J40762551413.htm?refcode=4019&srccode=401901&preactionid=a7c1140f-c46c-45e5-b867-ab342d8bdc77"
4201,技术支持工程师,北京-昌平区,8000-12000元,北京华信智航科技有限公司,船舶/航空/航天/火车制造,20-99人,,CC414771180J40799627503,岗位职责 1.  主要负责特种机器人或工业自动化的技术对接，及提供现场技术支持。   2.  主要负责特种机器人或工业自动化产品的性能测试。   3.  协助研发人员完成产品软硬件联调测试及新产品调试工作。   4.  协助产品经理进行市场调研、收集用户反馈。   5.  整理编写相关技术文档。     任职要求   1.  学历：大专及以上学历，电气相关专业。   2.  具备良好的文档撰写能力；   3.  具备良好的沟通协调能力，能够与不同部门有效沟通协作。   4.  具备较强的学习能力和解决问题的能力。   ,7月11日,"北京华信智航系北京晶品特装科技有限责任公司全资子公司(简称""晶品科技""),晶品科技成立于2009年，总部位于首都北京，是国家级高新技术企业集团。公司行业资质齐全，长期专注于高科技军警特种装备的研发与制造，掌控核心、把握关键，军民融合、强军兴国。公司创新管理运营模式和技术协同机制，在设立运营委员会和技术委员会基础上，按照产、学、研深度融合、一体化发展的思路，成立了侧重于系统顶层设计和装备发展体系规划的高新装备技术研究院，以及侧重于基础技术研究、前沿技术探索和工程技术实现的南京理工大学高新装备技术研究所，有力支撑了各事业部的快速跃迁和产业集群的迅猛发展。公司深刻洞悉用户需求，在“01抉择”发展战略的指导下，瞄准世界一流水平，立足自主创新，打破国外技术垄断，通过多年迭代积累，掌握了机器人、无人车、无人机、智能弹药、超宽带雷达、彩色夜视、高精密吊舱、遥控武器站、智能安防系统、军用操控终端、模拟仿真、数字通信等多项核心技术群，设计开发了满足客户急需，对军警有效履行使命、提升战斗力具有重大战略意义的系列化高品质产品。公司部分高新技术领域处于国际先进、国内领先水平，部分尖端军用技术在民用领域的推广应用，可对国家科技和经济发展产生重大影响。在习主席军民融合国家战略思想的引领和鼓舞下，公司时至而行，乘势而起，抢抓军民融合这一难得的历史机遇，已有多类产品在武警/公安/边防部队列装，同时积极参与多个武器装备型号的竞标与研制工作，并在“十三五”装备预先研究、国家级重点实验室基金等课题申报方面取得重大突破，倾力为国防装备现代化建设贡献力量。","https://www.zhaopin.com/jobdetail/CC414771180J40799627503.htm?refcode=4019&srccode=401901&preactionid=a7c1140f-c46c-45e5-b867-ab342d8bdc77"
4202,测试工程师,成都-武侯区,8000-10000元,上海剑愚机电设备有限公司,"电气机械/电力设备,电子商务",20-99人,未融资,CCL1477023530J40832023415,岗位职责： 1、负责软件测试并参与软硬件集成测试; 2、独立编写测试计划，测试用例，执行测试，给出并分析测试报告; 3、很强的执行力和沟通能力，能够与产品，开发等同事积极沟通，主动积极推动问题的解决，对团队有良好的输出。 任职要求： 1、专科及以上学历，计算机，软件工程或电子信息及相关理工科专业优先考虑； 2、熟悉自动化测试，有自动化测试实施经验优先； 3、熟悉嵌入式linux，熟悉shell/python等脚本; 4、良好的沟通能力，自主学习能力，富有高度的责任心及团队合作精神。,4月17日,上海剑愚机电设备工程有限公司2023年11月成立于上海嘉定菊园科技园区，是一家从事机械机电工程咨询、设计、销售、安装、维修、保养及配件销售为一体的企业。公司正招集优秀的管理、营销、及技术人才，同时打造一支实战经验丰富的项目管理及售后服务队伍。公司立志为广大客户提供全方位高水准的优质服务，在同行内树立良好的企业形象。,"https://www.zhaopin.com/jobdetail/CCL1477023530J40832023415.htm?refcode=4019&srccode=401901&preactionid=a7c1140f-c46c-45e5-b867-ab342d8bdc77"
4203,科研人员,杭州-滨江区,2-3万,杭州添帆生物科技有限公司,"学术/科研,生物工程",300-499人,未融资,CC464152830J40805180208,"岗位职责： 1、承担对接医院专项科室的项目专利基金转化，跟进科室项目工作对接； 2、负责协助技术团队及科室的科研项目，推动落地实施； 3、跟进前沿技术领域，了解撰写医学技术路线及研究要点； 4、开展实验及数据分析整理工作，跟进对接实验项目研究创新； 5、协助开展技术支持工作，维护客户运营； 6、领导安排的其他任务。 任职要求： 1、基础医学、临床医学及其相关专业博士学历； 2、具有分子生物学，细胞生物学、动物医学等基础医学专业知识； 3、具有良好的人际沟通协调能力和专业知识学习能力，较强的分析判断与决策能力； 4、阳光、积极、乐观、有一定的抗压能力； 5、能够适应出差,有海外研究工作经历者优先考虑，具有基础医学项目经理和技术支持的优先考虑； 6、发表SCI一区一作及SCI的IF大于10分以上的一作的优先考虑。",5月13日,简介：公司成立于2015年，为客户提供真实、精准性的医学实验数据平台，是专注于科研服务与产品研发的国家级高新技术企业。建立了完善的科研服务体系，同时拥有5000平米的独立实验中心，包括SPF级动物研究室、病理生理学实验室、细胞和分子生物实验室等，并创办4本英文期刊。我们通过医学科研公共服务平台，8年来为1000余家等级医院及重点科室、8万余名医学专家提供了重点学科建设和科研咨询以及技术服务，在各类疾病领域开展8万余项课题研究，涵盖300余种疾病动物模型，与院校共同促进“平台-学科-团队-人才-项目”的持续发展。公司秉承“高效、诚信、创新、品质”的经营理念，致力于打造省级重点多学科实验平台，为院校提供科研人才、团队、项目一站式综合服务，推动医学科研成果转化进程，助力基础医学科研发展。团队：现有专业的技术人员:团队人员共计200余人，均为生物化学、临床医学、基础医学等相关领域的专业人员，研究生以上学历占比60%。,"https://www.zhaopin.com/jobdetail/CC464152830J40805180208.htm?refcode=4019&srccode=401901&preactionid=a7c1140f-c46c-45e5-b867-ab342d8bdc77"
4204,Java,济南-市中区,150-180元/天,玫德集团,"金属制品业,房地产开发,矿产/采掘,互联网",10000人以上,未融资,CC171456410J40721913116,1）本科学历及以上，主修计算机相关专业。 2）熟练使用Java编程语言。具备扎实的计算机基础知识。 3）熟悉java、spring、springboot、mysql等技术栈。​​ 4）实习时间要大于2个月。 5）有ai项目开发优先考虑。,7月18日,全球领先的流体输送产品制造商和解决方案专家。玫德集团创立于1961年，目前已发展为以流体输送产品及服务为主的现代化、多元化跨国企业集团。销售遍布全球130多个国家和地区，成功地将产品和服务应用于水务、消防、燃气、暖通、灌溉等多个领域及全球各大地标项目中，迪拜哈利法塔、纽约新世贸中心、上海中心大厦、西电东输特高压输电线路、京沪高铁和市政、医疗、洁净厂房、城市住宅等。玫德产品涵盖各类玛钢管件、沟槽管件、不锈钢管材管件、碳钢卡压管材管件、阀门、钢管螺旋管、不锈钢金属软管、电力金具、水电气热表、抗震支架、盘扣式脚手架、生铁、配重铁、灌浆套筒等，同时提供BIM设计、工厂预制加工、数字化安装、智慧水务等相关服务，以及智能工厂规划、工业MES、工业立库、智能硬件等智能制造解决方案。目前已形成跨区域、多基地、全球化发展格局，拥有济南、临沂、泰安、威海、鹤壁、肇庆、泰国、越南、波兰9个海内外生产基地，20余家工厂，占地5000多亩，员工约12000人。集团是数十项国家和行业标准的起草者，国家级企业技术中心和博士后科研工作站，已获得500余项专利，荣获中国轻工业百强企业、中国玛钢管件生产基地龙头企业、中国绿色铸造示范企业、全国守合同重信用企业和工信部制造业单项冠军等400余项荣誉。玫德集团积极投身公益、回报社会，在教育、抗疫、养老、生态、扶贫等领域捐资超5亿元，荣获中华慈善突出贡献奖。玫德集团坚持奋斗、创新、包容、分享的企业文化，坚定不移地进行全球化布局，将智能制造进行到底，把数字化能力惠及全球用户。地址：济南市平阴县工业园区玫德工业科技城邮编：250400电话：87885191 87885190传真：87871021 87872214网址：www.meide-casting.com,"https://www.zhaopin.com/jobdetail/CC171456410J40721913116.htm?refcode=4019&srccode=401901&preactionid=a7c1140f-c46c-45e5-b867-ab342d8bdc77"
4205,Java,郑州-中原区,6000-8000元,郑州越皓网络科技有限公司,"人工智能,电子商务,计算机软件",20-99人,未融资,CCL1411727170J40596606215,岗位职责： 1，参与公司软件相关项目研发和基础平台建设工作， 2，需求分析、概要设计、配合项目研发团队跟进项目 3，参与行业内应用系统的技术指导支持，并协助开展团队研发 任职资格： 1、大专学历以上计算机相关专业，年龄20-24岁，应届生可接受 2、工作环境优美地理位置优越 3、责任心强。工作认真细致分析并解决软件开发过程中的问题； 4、协助软件工程师完成技术文档的撰写及测试工作； 福利待遇： 1、工作环境优美 2、五险一金、绩效奖金、全勤奖、交通补贴等 3、法定节假日正常休息，享受带薪年假、年底分红、以及年度调薪。,7月23日,越皓网络拥有最优秀的高中层管理队伍，他们在技术开发、市场营销、金融财务分析等方面拥有丰富的管理经验。他们共同制定了公司的发展战略，带领越皓网络全体员工逐步向信息化，国际化战略目标前进。公司致力于发展杰出的、突出团队精神的企业文化，建立合理、完整的人力资源结构。近几年来，围绕并服务于国民经济信息化工程建设，在金融、政府、中小企业外包等软件开发和系统集成领域开展了卓有成效的工作，展现了广阔的生存空间和发展前景。,"https://www.zhaopin.com/jobdetail/CCL1411727170J40596606215.htm?refcode=4019&srccode=401901&preactionid=a7c1140f-c46c-45e5-b867-ab342d8bdc77"
4206,测试工程师,西安-雁塔区,5000-7000元,西安丰意博灿网络科技有限公司,互联网,20-99人,未融资,CCL1475743990J40871016515,岗位职责: 1. 负责验证车载系统的功能和性能是否符合标准。 2. 与开发团队紧密合作，确保测试过程中的问题能够及时被解决。 3. 运用先进的测试方法和工具，提高测试工作的效率和质量。 任职要求： 1. 具备出色的沟通能力和团队合作精神。 2. 对车载测试技术有持续学习的热情，能够迅速掌握新工具。,2025年07月30日,"西安丰意博灿网络科技有限公司成立于2023年10月，由2家大型软/硬件集团性公司牵头致力于专业从发展大数据人工智能信息工程建设。由某大型集团公司管理运营。在国家科技战略和产业政策支持下，在大型企业的背景支撑下进入国家高技术研究进展打算，同时积极参与国际竞争与合作，在日本、香港等地区具有长期业务。丰意以软硬件技术为核心，以专业求进展。在某大型集团公司的引领下，致力于打造出丰意集团企业，围绕软硬件产业化进展战略，主张“精细治理，规模经营”，坚持“自主创新，合作共赢”。“技术为基础，市场为导向，人才为核心，品牌为始终""","https://www.zhaopin.com/jobdetail/CCL1475743990J40871016515.htm?refcode=4019&srccode=401901&preactionid=a7c1140f-c46c-45e5-b867-ab342d8bdc77"
4207,测试工程师,南京-雨花台区,8000-12000元,南京会猪信息技术有限公司,"企业服务,企业服务,IT服务,新媒体",20-99人,不需要融资,CCL1487723920J40746223211,岗位内容：  1. 设计测试用例并执行测试计划，对软件功能、性能、稳定性等进行全面测试。 2. 编写测试报告和Bug汇报，跟踪Bug的解决过程，并及时反馈BUG情况给研发团队。 3. 参与产品设计和需求评审，提供测试意见和建议。 4. 熟悉自动化测试框架或工具，并进行相关测试工作。 任职要求：  1. 本科以上学历，计算机相关专业。 2. 熟悉软件测试流程和常用的测试方法、工具，熟悉至少一种自动化测试工具。 3. 具备较强的测试分析和问题定位能力，能够独立制定测试计划和测试用例。 4. 具备良好的沟通协调能力和团队合作精神。,7月24日,以“独立、创新、合作、分享”为理念，在资源、管理、服务三个方面，经过不断的积累、发展与创新，已成为领先的网络和线下学习平台供应商、课件资源提供商和综合服务运营商，业务涵盖教育行业、企业内训、健康产业、公共管理服务、人才开发与应用、社区服务、文化产业、文化养老等领域。我们的附加分项：1.五险一金（养老、医疗、工伤、失业、生育、住房公积金），享受法定公众节假日、婚假、产假、年假等相关带薪假期。2.多种多样的团队活动。3.节日福利满满，春节，中秋节，端午节等传统节里，均有相应福利。4.各种补贴齐飞，福利满分。员工激励奖金、喜事津贴、额外商业保险、员工体检等各种类型，各种款式，我们都有。5.关注员工成长，各种大咖讲座、技能培训，助你更好的完成职场的蜕变。,"https://www.zhaopin.com/jobdetail/CCL1487723920J40746223211.htm?refcode=4019&srccode=401901&preactionid=a7c1140f-c46c-45e5-b867-ab342d8bdc77"
4208,前端开发,重庆-江北区,7000-10000元,重庆梦之培建筑机械有限公司,专用设备制造,100-299人,,CCL1503108470J40933266804,岗位内容： 1. 负责开发和维护前端系统和模块，确保其运行稳定可靠 2. 编写高效、清晰、易于维护的代码 3. 协调需求，与其他团队成员进行有效沟通和协作 任职要求： 1. 大学本科学历及以上 、计算机相关专业优先考虑； 2. 熟悉前端编程框架以及编程语言、具备很好的沟通和协调能力   工作时间：朝九晚六、午休12：00-13：30、国家节假日正常休息。,7月18日,,"https://www.zhaopin.com/jobdetail/CCL1503108470J40933266804.htm?refcode=4019&srccode=401901&preactionid=a7c1140f-c46c-45e5-b867-ab342d8bdc77"
4209,软件测试,邢台-襄都区,1-1.2万·13薪,青岛瑞晟元人力资源有限公司,人力资源服务,20人以下,不需要融资,CCL1431271280J40777135307,,2025年07月28日,,"https://www.zhaopin.com/jobdetail/CCL1431271280J40777135307.htm?refcode=4019&srccode=401901&preactionid=a7c1140f-c46c-45e5-b867-ab342d8bdc77"
4210,测试工程师,南京-溧水区,1.8-1.9万·13薪,瞬联软件科技(北京)有限公司,计算机软件,1000-9999人,不需要融资,CC000276520J40935159304,工作职责： 1. 从系统测试的角度参与需求和设计文档的评审； 2. 根据产品需求规格、功能规格及相关法规，与TC（测试协调员）、开发工程师及其他测试组织专家一起创建系统测试用例； 3. 根据测试计划设计并准备测试环境和设备配置； 4. 从用户角度出发，按照测试计划执行定义好的测试； 5. 记录测试过程中发现的产品问题，并与开发工程师共同支持调试过程； 6. 生成并归档系统测试报告； 7. 根据最新的自动化测试引擎要求维护系统测试平台； 8. 参与跨国团队及国际项目（如中国、欧洲等），分析并支持现场问题； 9. 具备职业安全/工作安全意识； 10. 完成直线经理根据业务需要安排的其他任务。工作要求：  1. 电气工程、计算机科学或相关专业本科及以上学历；  2. 2年以上系统测试领域工作经验；  3. 熟悉驱动器/变频器系统的功能和应用；  4. 了解精益（LEAN）/敏捷（AGILE）开发与测试流程；  5. 至少熟悉一种主流编程语言或脚本语言（如C#、JS、Python、VB等）；,2025-07-27 00:41:01,"成立于2000年，瞬联为欧立腾集团（ALTEN Group）成员，提供专业的技术咨询、软件研发及行业级整体技术解决方案。瞬联在电信、嵌入式、IoT、汽车、移动互联网及企业软件方案等领域拥有超过20年的深厚研发经验。瞬联通过其优质的交付能力、灵活的合作模式和客户导向的理念赢得了许多世界500强企业客户，公司在大中华地区、美国、加拿大、欧洲的主要城市设有办公室和研发中心。近年来，瞬联16次被国际外包专业协会（IAOP）评为全球外包行业100强公司，同时也屡次得到Gartner、IDC和中国外包网等国内外机构的奖项和荣誉。瞬联拥有ISO27001，ISO9001，ISO14001和ISO45001认证以及CMMI3证书（含敏捷开发流程）。欧立腾集团作为欧洲技术咨询服务领导者，目前已在全球30个国家拥有近57,400名员工。欧立腾提供汽车，航空，信息技术，网络与通讯，半导体，金融服务，零售，医疗保健&生命科学及能源等领域技术工程咨询服务及解决方案。","https://www.zhaopin.com/jobdetail/CC000276520J40935159304.htm?refcode=4019&srccode=401901&preactionid=a7c1140f-c46c-45e5-b867-ab342d8bdc77"
4211,科研人员,济南-历下区,1.5-3万,山东中勘工程技术有限公司,"客运服务,客运服务,工程技术与设计服务,检测/认证",20人以下,未融资,CC583061280J40772628405,山东大学高端工程机械智能制造全国重点实验室2025年博士后招聘公告 高端工程机械智能制造全国重点实验室（以下简称“实验室”）于2015年9月由科技部批准建设，2022年11月成功入选全国重点实验室重组建设名单，山东大学是全国重点实验室主要共建单位。实验室建设以服务制造强国、交通强国、海洋强国、“一带一路”倡议等国家重大战略为主线，围绕工程机械行业发展中急需解决的可靠性和智能化程度低、作业能耗大等关键技术问题，开展工程机械数字化设计制造、健康管理与智慧运维、施工智能调控、智能自主作业与协同前沿技术研究，突破高原、高寒、深地等复杂/极限工况下长寿命、高可靠的工程机械设计制造维护关键技术。 山东大学高端工程机械智能制造全国重点实验室（以下简称“山东大学全重实验室”）主要面向研发覆盖隧道与地下工程全工法、全工序、全过程的智能装备集群与技术服务体系，实现隧道与地下工程智能施工。山东大学全重实验室主任由国家杰青李利平教授担任，实验室人员涵盖加拿大工程院院士1人次，国家优秀青年科学基金获得者1人次，国家自然科学基金优秀青年科学基金项目（海外）获得者5人次，国家万人计划青年拔尖人才3人次，山东省杰出青年科学基金获得者1人次，泰山学者青年专家8人次，中国科协青年人才托举工程5人次。自山东大学全重实验室组建以来，实验室人员在西部某铁路、新疆某引水工程、滇中引水、胶州湾第二海底隧道、穿黄盾构等重大工程中勇担重任，全面建设“产-学-研”示范基地。贯彻山东大学“服务山东战略”，厚植齐鲁，推动与中国中铁、中铁五局、中建铁投、山东高速、山东铁投、济南地铁签署战略合作协议，始终坚持面向国家战略及需求，形成具有自主知识产权的创新性研究成果。 因科研工作需要，山东大学高端工程机械智能制造全国重点实验室诚聘基础扎实、创新能力强的优秀青年学者加入，从事博士后研究工作。 一、招收条件 1.身心健康，思想品质优秀，恪守学术规范，具有严谨治学态度和良好团队精神，能独立或指导研究生开展相关工作； 2.近3年或即将在国内外高水平大学或科研机构获得博士学位，年龄不超过35周岁； 3.具有良好的科研潜质和学术道德，以及符合团队博士后岗位要求； 4.具有清晰的博士后科研工作计划和工作目标，须全职从事博士后研究工作； 5.具有科技创新、开放开源与共享创新，以及提质、降本、增效相关研究经验者优先；在国内外高水平刊物以第一作者或共同第一作者发表过论文者优先。 二、岗位需求 结合学校发展政策及山东大学全重实验室建设需求，拟面向社会公开招聘若干名优秀博士后。 1.专业要求 具有轨道交通、基坑工程、路基工程、隧道工程、土木工程、岩土工程、建筑工程、材料工程、道路工程、铁道工程、机械工程、控制工程、化工材料、地下工程材料、计算机科学与技术等相关专业博士学位。 2.拟从事研究方向及岗位责任 聚焦掘进机法隧道建造安全风险管控难题，推进“多源数据+人工智能”交叉融合，突破超前地质预报、地层界面识别、气体环境监测、滚刀磨损监测、同步注浆检测、智能辅助决策等地质-盾构-结构多源异构信息感知关键技术，研发掘进机法智能建造高端装备开发数据-逻辑知识双驱动的决策支持系统，助力掘进机智能升级、迈向地下工程智能建造新时代。针对盾构绿色建造问题，突破盾构渣土改良，渣土分类再利用材料与技术难题，助力盾构隧道高效低碳建设。 拟从事研究方向： （1）隧道与地下工程智能建造； （2）运营期隧道病害巡检与整治等； （3）盾构渣土改良与资源化利用材料与装备，地下工程灾害治理材料与技术。 三、待遇及政策支持 具体支持政策、发展路径参考山东大学官网通知（山东大学2024年博士后招收公告-人才招聘网(SDU.EDU.CN)）。 1.薪酬待遇 统招博士后（含外籍博士后）实行年薪制，按招收类别分别提供相应薪酬待遇，最高年薪可达55.6万，优秀者可以申请留校。 科研资助经费 为统招博士后（含外籍博士后）提供每年1万元科研资助经费，支持2年； 为卓优博士后提供人文社科3万元/年、自然科学5万元/年科研经费，至多支持3年。 租房补贴： （1）不租住博士后公寓且学校驻地无房产的统招博士后(含外籍博士后)可享受每月800元租房补贴，至多支持24个月； （2）卓优博士后可申请青年教师公寓或享受每月1500元租房补贴，至多支持36个月。 学校承担的社会保险和公积金：学校为中国籍博士后按照在职教师同等标准缴纳社会保险和住房公积金。 遴选方式: ①学校统一遴选(每年一批)学校统一遴选(每年三批) ②教学科研单位组织遴选 ③教学科研单位或科研团队自主遴选 2.地方政策（济南） （1）对符合条件的全职博士后人员，给予每人每月5000元补贴，最多不超过24个月。 （2）博士后出站后留济的（符合相关条件的），给予最高25万元留济补贴（详见济南人才网：RC.JINAN.GOV.CN）。 3.条件保障 优质的科研环境 学校现有国家(全国)重点实验室7个，国家级各类平台基地21个，教育部人文社会科学重点研究基地4个，部委级平台64个，另有省级重点实验室和工程技术研究中心等省级科研平台190余个。 山东大学全重实验室拥有国际一流的科研平台与设备，依托多个国家级、省级平台，具备坚实的研究基础和优质的科研环境。 高水平的基础教育资源 一贯制附属中小幼教，为博士后子女提供最优质的基础教育资源。三所幼儿园和一所小小园，均是省级示范幼儿园和省、市双“十佳幼儿园”。两所附属小学、一所合作小学，均为“山东省规范化学校”。附属中学为全国教学先进单位、山东省级规范化学校、山东省教学示范学校，2018中国最具影响力初中排行榜100强名列第二。 设施完善的 博士后公寓 学校为符合租住条件的统招博士后提供公寓优惠租住。济南校本部有洪家楼校区和千佛山校区两处博士后公寓，基础设施完备齐全。青岛、威海校区可为博士后提供教师公寓、高层次人才公寓等租住。 四、申请程序 全年招收博士后研究人员，随时接收报名并组织考察遴选。其中，2025年度“卓优博士后”支持计划——海外引才项目现已启动，招聘条件及支持政策详见山东大学官网（山东大学2025年度“卓优博士后”支持计划—海外引才项目招收公告-人才招聘网(SDU.EDU.CN)）。 应聘者请将相关应聘材料发送至邮箱。邮件标题注明：“博士后应聘+具体博士后类型+姓名+毕业学校+专业”。联系人贾老师： 应聘材料： （1）个人简历PDF（应包括学习和工作经历、已发表的科研论文列表、所获荣誉奖励、照片、联系方式等)； （2）学历或学籍/资格证书/获奖证书复印件合成一个PDF； （3）代表性论文全文PDF。 山东大学高端工程机械智能制造全国重点实验室,7月3日,山东中勘工程技术有限公司是由勘察测绘企业、建筑设计企业、基础工程施工企业及BIM咨询企业共同出资联合组建的合伙企业，是一家致力于全过程工程咨询的工程技术企业。公司具有岩土工程、工程测量、建筑工程、BIM咨询等相关技术服务能力。山东中勘工程技术有限公司拥有一支高素质的人才队伍和专家团队，现有员工均为本科以上学历，专家团队全部为高级工程师以上职称。凭借团队的技术水准及业界的影响力，山东中勘工程技术有限公司迅速发展，在建筑工程设计、地质灾害源细化探测治理、桥梁应力及变形监测、隧道监控量测及超前地质预报、BIM咨询及基于BIM的管理平台等领域广泛开展工作。,"https://www.zhaopin.com/jobdetail/CC583061280J40772628405.htm?refcode=4019&srccode=401901&preactionid=a7c1140f-c46c-45e5-b867-ab342d8bdc77"
4212,实施工程师,大庆-龙凤区,8000-15000元,青岛安然物联网科技有限公司,"物联网,物联网",20-99人,未融资,CC559764920J40756444904,需要弱电技术、自动化、安防系统、工业互联网+危化安全生产、物联网人才，不要纯软件人才。  你能经常到全国各地出差吗？你能到工业生产现场生产现场做技术支持吗？   真正的奋斗者在安然会有让人值得为之奋斗的事业，会有充实、高效的成长，会有高人一等的收入。   你能做好售前技术支持、根据客户需求，高效制作方案吗？你能做好售中技术支持、指导他人正确安装、部署、调试系统向用户保质保量快速交付吗？你能做好售后维护，高效沟通和落实客户需求吗？   迄今已服务中石化、中石油、延长石油、国能、兖矿、京能、索普、新安、奇美、昊源、潞安、旭阳、垦利、逸盛、海科、酒钢、金发等几百家石化、化工、选煤、钢铁、电厂企业。    安然以客户为中心，以强者为本，抬头乐干，愿意与同道中人联合、链接，携手共建、共用、共享生产安全命运共同体，一起干，一起干，让优秀企业更安全，让优秀企业更高效！,7月23日,基于精准人员定位的工业安全生产信息化管理专家，安全生产信息化管理引领者！作为全国实时定位技术标准工作组成员和应急管理部“工业互联网+危化安全生产”人员定位系统技术支持机构，安然从2012年起致力于基于ZigBee Plus三维立体按需精准定位的“工业互联网+安全生产”的研究，获得了20多项安全智能管控系统发明专利和著作权，持续引领中国化工行业生产现场智慧安全！安然以“准、稳、狠”的ZigBee Plus三维立体按需精准人员定位统和“底数清、数据准、情况明、研判准、措施实”的安全生产信息化平台为核心，整合访客管理、出入口控制、人脸识别、视频监控、语音广播、重大危险源监控、可燃有毒气体监测等系统，对生产现场人、机、料、法、环五大要素进行实时、动态、智能管控和预警，规范人的安全行为，保障人的生命安全，有效防范风险、主动化解风险，实现智慧安全。安然“以用为本”，把安全生产信息化建设与公司管理体系“深度融合”，把安全生产信息化建设与日常工作“紧密结合”，对安全生产切实“有用、实用、好用”，避免建用“两张皮”，让安全管控更智能，让生产更高效才实用。迄今已服务中石化、中石油、延长石油、国能、兖矿、京能、索普、新安、奇美、昊源、潞安、旭阳、垦利、逸盛、海科、酒钢、金发等几百家石化、化工、选煤、钢铁、电厂企业。安然以客户为中心，以强者为本，抬头乐干，愿意与同道中人联合、链接，携手共建、共用、共享生产安全命运共同体，一起干，一起干，让优秀企业更安全，让优秀企业更高效！,"https://www.zhaopin.com/jobdetail/CC559764920J40756444904.htm?refcode=4019&srccode=401901&preactionid=a7c1140f-c46c-45e5-b867-ab342d8bdc77"
4213,Java,西安-雁塔区,1.8-3.5万·16薪,外企德科数字技术有限公司,专业技术服务,10000人以上,,CCL1480117890J40681940105,职位描述 在这里，你将从事IT应用层软件、分布式云化软件、互联网软件等的设计开发，可以采用敏捷、Devops、开源等先进的软件设计开发模式，接触最前沿的产品和软件技术，成为大容量高并发技术的专家；你将参与产品的软件研发工作，包括但不限于： （1）完成从客户需求到软件产品定义、架构设计、开发实现、再到上线运营维护等产品生命周期中的各个环节； （2）创造性解决产品在实现过程中的技术难题，应用前沿技术提升产品的核心竞争力，如分布式系统、性能调优、可靠性、数据库等； （3）有机会参与业界前沿技术研究和规划，参与开源社区运作，与全球专家一起工作、交流，构建在业界影响力。 岗位要求： 1、热爱编程，基础扎实，熟悉掌握但不限于 JAVA/C++/C/Python/JS/HTML/GO等编程语言中的一种或数种，有良好的编程习惯 2、具备独立工作能力和解决问题的能力、善于沟通，乐于合作，热衷新技术，善于总结分享，喜欢动手实践； 3、对数据结构、算法有一定了解；,2025-07-27 00:23:25,外企德科数字技术有限公司是一家2023年新成立的中外合资企业。成立于2023年11月24日，公司定位：专注于为信息技术企业提供人才及数字技术外包解决方案的中外合资企业。它是由中国人力资源服务行业的FESCO（北京国际人力资本集团）与全球人力资源服务领导者The Adecco Group（德科集团）合资成立的。公司主要提供网络技术服务、软件外包服务、计算机系统服务、技术进出口、软件开发等信息技术相关服务。专注于为信息技术企业提供信息技术类人才及数字技术外包解决方案。,"https://www.zhaopin.com/jobdetail/CCL1480117890J40681940105.htm?refcode=4019&srccode=401901&preactionid=a7c1140f-c46c-45e5-b867-ab342d8bdc77"
4214,实施工程师,无锡-锡山区,6000-8000元,江苏明江机械制造有限公司,专用设备制造,100-299人,不需要融资,CC687822820J40767894314,岗位职责：  1、负责公司产品生产工艺文件的编制、修订与优化。 2、为销售、生产及客户部门提供技术指导，解决产品应用中的技术问题，协助优化产品性能。 3、负责产品的市场推广技术支持，包括为客户提供技术讲解、方案演示及定制化应用建议。 4、组织并开展客户技术培训，提升客户对公司产品的认知度和信任度。 5、制定并完善原材料、半成品及成品的检验标准与测试方法，确保质量符合国家/行业标准及客户要求。 6、协同质量部门分析生产异常问题，推动质量改进措施落地。 任职资格 1、本科及以上学历，理工科，无机非金属材料、高分子材料、机械工程优先录用 2、1-3相关行业技术岗位经验（接受应届生培养），熟悉生产工艺及技术开发流程； 3、练掌握AutoCAD、Photoshop及Office办公软件； 4、优秀的沟通表达能力，能够清晰传递技术信息至客户及非技术部门； 5、责任心强，能适应阶段性出差及多任务并行工作。,7月2日,江苏明江机械制造有限公司成立于2006年，注册资金12000万元人民币。公司位于江苏省无锡市锡山区东港镇，是一家专业制造和销售预制保温管和高效隔热管托等产品的高新技术企业。公司通过了江苏省民营科技企业、无锡市企业技术中心、质量管理体系、环境管理体系、职业健康安全管理体系等诸项认定。公司生产的高效隔热管托及预制保温管产品，是引进了各大院校及科研设计单位的技术力量，并汲取国际先进技术，结合国家有关城市供热、热网工程现行规范，采用全新的设计和制造技术，成功开发的新一代美化环境的环保节能产品，具有安装维护方便，运行安全可靠，使用寿命长，工程投资少等优点。明江始终坚持以客户为中心，以“为客户提供超出预期的产品和服务”为使命，以”坦诚、主动、奋斗’为价值观，为新老客户提供“至真”的产品、“至诚”的服务。1,"https://www.zhaopin.com/jobdetail/CC687822820J40767894314.htm?refcode=4019&srccode=401901&preactionid=a7c1140f-c46c-45e5-b867-ab342d8bdc77"
4215,硬件测试,北京-None,2-3.5万,凌云光技术股份有限公司,"电子/半导体/集成电路,运营商/增值服务",1000-9999人,B轮,CCL1290237120J40795372113,岗位职责： 1、负责视觉类产品需求逐步分解测试规格，开展需求实现跟踪以及可靠性、可服务性、可制造性需求分析和积累 2、负责视觉类产品的测试平台、测试环境设计，开展测试方案挖掘和测试能力建设 3、负责重点视觉项目端到端测试方案和关键测试活动设计，把控器件类产品测试交付件质量和版本测试出口标准 4、开展在研、维护阶段问题分析和闭环，开展质量改进总结并推动开发设计整改 5、负责产品测试用例基线建设和维护，规划测试设备和环境搭建，管理 任职要求 1、本科及以上学历，电子、计算机、通信、自动化等相关专业； 2、6年以上硬件测试工作经验，熟悉IPD开发流程 3、熟悉信号完整性、电源完整性，有高速链路调试经验。 4、熟悉可靠性测试验证手段，具备FMEA分析能力，开展过HALT、HASS测试方案设计及执行经历优先 5、良好团队协作能力和沟通能力，较好的文档输出能力 6、可承受高强度工作压力，并保持对问题的敏感性和判断力,7月2日,工业智能化是世界主题，更是历史机遇。凌云光技术股份有限公司以光技术创新为基础，战略聚焦机器视觉业务，坚持“为机器植入眼睛和大脑”，为客户提供可配置视觉系统、智能视觉装备与核心视觉器件等高端产品与解决方案。我们始终坚持以客户为中心，赋能电子制造、新型显示、印刷包装、新能源，影视动漫、科学图像、轨道交通等行业的智能“制造”。目前公司2000余人，硕博25%，研发39%，管理战略理念前瞻。基于近30年在光学成像、视觉软件与算法、核心视觉部件等领域的技术积累，公司持续产品创新，努力成为客户最优的、战略的、信赖的和荣耀的选择。我们事业目的是以服务各个行业辛苦劳作的技工，专家和管理者，让他们的工作更加高效为宗旨。MVV凌云使命MISSION为机器植入眼睛和大脑，赋能光速互联，创造和实现客户梦想。凌云愿景VISION成为视觉人工智能与光电信息领域的全球领导者！企业核心价值观VALUE以推动行业发展为己任，集体艰苦奋斗。把知识转化为财富，让财富归属于它真正的创造者。,"https://www.zhaopin.com/jobdetail/CCL1290237120J40795372113.htm?refcode=4019&srccode=401901&preactionid=a7c1140f-c46c-45e5-b867-ab342d8bdc77"
4216,软件测试,拉萨-城关区,1-1.2万·13薪,青岛瑞晟元人力资源有限公司,人力资源服务,20人以下,不需要融资,CCL1431271280J40778345207,岗位职责： 1. 负责软件的功能测试。 2. 执行测试用例，报告缺陷并跟踪缺陷的修复。 3. 与开发团队协作，确保软件质量满足需求。 4. 参与软件测试流程的优化和改进。 岗位要求： 1. 熟悉软件测试理论、方法和流程。 2. 具备功能测试经验。 3. 了解运维工程师、网络工程师的工作内容，能进行基本的IT质量管理。 4. 有信息技术、标准化、电子或电路工程相关背景者优先。 薪资待遇：包住、六险一金、工龄工资、生日礼金、定期体检、带薪年假、绩效奖、项目奖、年终奖.,2025年07月30日,,"https://www.zhaopin.com/jobdetail/CCL1431271280J40778345207.htm?refcode=4019&srccode=401901&preactionid=a7c1140f-c46c-45e5-b867-ab342d8bdc77"
4217,技术支持工程师,烟台-福山区,8000-16000元·13薪,烟台开发区德联软件有限责任公司,"计算机软件,互联网,IT服务",100-299人,不需要融资,CC609978120J40757053610,岗位职责： 1、海外客户技术交流：EMS系统及功能介绍，理解用户需求，完成前期需求分析，相关部门反馈。 2、技术咨询解答：EMS功能及适用介绍、电气设备选型、架构图设计等；协助销售人员给客户提供技术支持，提供技术方案。     3、技术与商务翻译协助：负责海外客户技术、商务交流，提供翻译支持，推动项目进展。   4、资料翻译协助：负责处理海外业务、各类技术文档、商务资料、公司英文介绍等资料翻译。   5、领导交代的其他事宜。  岗位要求：     1、本科及以上学历，电气、计算机等相关专业，有海外经历优先。CET-6/专四专八等水平，英语语言可熟练交流。     2、有电力电气相关行业工作经验优先。,7月18日,"公司从事智能电网与新能源相关领域的软件开发，完成了多项国家级示范工程项目，如张北风光储输一体化监控系统的储能监控、青海格尔木时代光储项目、北京市数十个充换电监控与运营管理系统、华能风电集控系统、北京供电局广域控制系统等。公司员工大部分都是985学校毕业，是一只技术精湛、勤奋敬业的梦之队。欢迎有事业心、对软件编程有浓厚兴趣的人才加盟，共同努力，创造美好未来。公司成立于2001年，是一家专门为能源行业提供监控管理完整解决方案的企业。公司位于风景秀丽的海滨城市烟台，是烟台海外留学创业园区的骨干企业。德联公司自成立以来，一直专注于电力及新能源行业，多年来持续不断地研究开发，拥有了自主知识产权的能源物联网开发平台SE2000。基于SE2000平台,公司开发了30多种应用软件，能够为发电、输变电、配用电等多个领域提供完整的监控管理解决方案，主要产品包括：广域控制系统（WAMS）、电网调度监控系统、配网自动化系统、电力集控运维平台、电能计量计费系统、电厂调频性能考核评价软件、电力智能操作票管理软件、厂矿企业能源管理系统、故障测距主站系统软件、嵌入式通信管理机、新能源电站并网性能评价考核系统、AGC/AVC系统、新能源发电功率预测系统、风电集控运维系统、光伏集控运维系统、储能电站EMS系统、储能电池性能监测与大数据分析软件，电动汽车充换电站监控与运营管理系统、综合能源监控管理平台等。德联拥有三十多项软件著作权，是双软认证企业、国家高新技术企业，并通过CMMI3国际认证。德联公司已经发展了30余家经销商和OEM伙伴，为国内外500余家客户提供服务，完成了多项国家级有代表性的项目，比较典型的工程有：北京供电局广域控制系统（WAMS）、北京供电局储能电站调控平台、北京供电局储能运检平台、北京大型电动汽车充换电站综合监控管理系统、河北南网广域控制系统、张北风光储示范工程储能电站EMS系统、青海格尔木时代光储电站联合调度监控系统、青海海西州风光储热多能互补EMS系统、中国电科院分布式储能监控运维平台、山西火电厂储能调频系统、巴西风储EMS系统、河南台前县光伏扶贫监控平台、国电投800MW光伏运维平台、华能国际风电（集控）系统、胜利油田海上平台电力监控及实时WEB发布系统、邯郸峰峰煤矿电力调度与计量计费系统、天津变电站集中托管运维平台、国家电网数模混合仿真中心集中监控平台等，是国内少有的几家能提供几乎全系列能源管理解决方案的公司。近几年，公司积极开拓海外市场，产品已销往英国、波兰、巴西、印尼、越南、伊朗等国家。德联SE2000能源物联网开发平台，是公司自行开发的能源行业实时系统开发平台，具有完善的SCADA、EMS、WAMS功能，完全符合IEC 61850、IEC61968/61970、IEC 61400-25等电力行业的国际标准。软件支持所有主流的操作系统，包括：Windows系列、Linux、Unix等。数据库支持Oracle、Sybase、DB2、SQL Server、My SQL、PI及国产达梦、金仓等。软件支持英语、西班牙、葡萄牙、日语、阿拉伯语等多种语言。德联将秉持专业、专注的宗旨，以先进的技术和优质的服务，继续为能源行业广大客户提供优质的解决方案。欢迎广大有志之士加入德联大家庭。","https://www.zhaopin.com/jobdetail/CC609978120J40757053610.htm?refcode=4019&srccode=401901&preactionid=a7c1140f-c46c-45e5-b867-ab342d8bdc77"
4218,实施工程师,呼和浩特-和林格尔县,90-100元/天,北京三维天地科技股份有限公司,"计算机软件,互联网,IT服务",1000-9999人,D轮及以上,CC000573220J40606341913,1、参与用户需求沟通与分析，收集整理用户需求； 2、参与解决方案制定、负责指定系统的测试、报表制作等工作；  3、负责撰写实施文档、用户培训、实施上线、跟进应用需求；  4、参与驻场项目实施，能接受长期出差； 5、参与项目实施总结，知识提炼与分享； 6、领导分配给的其他工作,6月14日,北京三维天地科技股份有限公司成立于1995年，是国内知名的检验检测信息化和数据资产管理领域的软件开发服务商，致力于为客户提供信息化整体解决方案及相关软件产品与服务，于2022年1月7日登陆深交所创业板。公司不断追求产品技术先进性和应用服务个性化，拥有多项自主知识产权及自主研发核心技术，产品广泛应用于政府机构、大型央企及世界知名企业，为其提供优秀的产品和服务。公司业务覆盖全国三十余个省及直辖市，目前公司在香港、海南、东莞、广西设有4家子公司，在厦门、上海、广州、深圳、重庆、西安、武汉、成都、济南、南京、贵阳、杭州、长沙、郑州、合肥、沈阳、乌鲁木齐等地区设有17家分公司，在石家庄等地区设立了多家办事处，有效实现了对不同区域、不同行业、不同规模企业组织的营销覆盖，构建了成熟、稳定、多层次的营销、交付以及运维服务体系。作为多个国家标准的工作组成员单位、起草单位，三维天地公司是产品质量大数据国家高新技术产品标准化试点单位，致力于国家质量基础设施（NQI）信息化实施服务，并参与起草了一系列数据管理相关的国家标准，在数据标准化与质量大数据相关领域，始终作为国内具有竞争力的技术先行者。今后，公司的发展战略重心将紧紧围绕政府关注，定制开发自主可控的数字化产品，支撑经济社会高质量发展。,"https://www.zhaopin.com/jobdetail/CC000573220J40606341913.htm?refcode=4019&srccode=401901&preactionid=a7c1140f-c46c-45e5-b867-ab342d8bdc77"
4219,技术支持工程师,苏州-昆山市,6000-12000元,江苏众力生态环保有限公司,"环保,仪器仪表制造",20人以下,,CCL1347354720J40516693410,岗位职责： 负责项目现场勘察、售前方案编制及技术支持、售中项目跟踪及技术支持、售后项目验收方案编制及组织收会、数据分析及研究等工作 岗位要求： 本科以上学历，环境、仪器仪表相关专业，有相关经验者更佳。,3月3日,,"https://www.zhaopin.com/jobdetail/CCL1347354720J40516693410.htm?refcode=4019&srccode=401901&preactionid=a7c1140f-c46c-45e5-b867-ab342d8bdc77"
4220,Java,苏州-工业园区,1.5-3万·14薪,外企德科数字技术有限公司,专业技术服务,10000人以上,,CCL1480117890J40716195705,【岗位职责】 1、独立完成多个模块/组件的软件设计（含增量方式）、代码编写、单元测试、集成测试、静态检查、本地构成等工作； 2、负责交付特性/子系统设计文档和接口，负责相关头文件、参与核心代码开发； 3、主导补丁包的端到端交付或负责R版本或某子系统的优化，分析产品可维护需求及其价值，参与产品或平台新版本可维护设计改进，提升产品诊断能力。【技能要求】   1、熟悉JAVA、Python、C++、C等中的至少一种，掌握常见的数据结构、算法，了解软件工程、敏捷开发等知识，熟悉常用设计模式；   2、熟悉大数据开发框架，熟悉Hadoop/Spark/Hbase/MPP DB及业界主流流处理平台如Storm/Flink/Spark Streaming之一；   3、理解SOA、微服务、中间件等PaaS相关的关键理念与技术，并对其有广泛的实践与应用经验者优先。,2025-07-27 00:23:27,外企德科数字技术有限公司是一家2023年新成立的中外合资企业。成立于2023年11月24日，公司定位：专注于为信息技术企业提供人才及数字技术外包解决方案的中外合资企业。它是由中国人力资源服务行业的FESCO（北京国际人力资本集团）与全球人力资源服务领导者The Adecco Group（德科集团）合资成立的。公司主要提供网络技术服务、软件外包服务、计算机系统服务、技术进出口、软件开发等信息技术相关服务。专注于为信息技术企业提供信息技术类人才及数字技术外包解决方案。,"https://www.zhaopin.com/jobdetail/CCL1480117890J40716195705.htm?refcode=4019&srccode=401901&preactionid=a7c1140f-c46c-45e5-b867-ab342d8bdc77"
4221,前端开发,武汉-洪山区,8000-13000元,浙江宇视科技有限公司,"计算机硬件,计算机软件,IT服务",1000-9999人,已上市,CC451534410J40773939314,"岗位职责: 1、负责公司产品或项目的web前端开发；  2、同后台相关开发人员协作，获取后端数据实现展示交互；  3、项目内的跨岗位协调沟通，完成各项工作； 4、撰写所负责项目板块功能开发的总结文档。  任职要求: 1、本科及以上学历，电子、通信、计算机等相关专业； 2、HTML、CSS、JavaScript基础扎实，了解HTTP协议以及浏览器原理； 3、熟练使用ES6,CSS3,HTML5；熟悉VUE技术栈开发；  4、熟悉Android框架及工作原理，常用UI控件的使用或Objective-C、Swift开发语言； 5、具有良好编码风格，具有较强的逻辑分析和独立解决问题的能力； 6、具备良好的团队合作精神、沟通及组织协调能力，认真负责，热衷学习，愿与我们共同成长； 7、员工福利：五险一金、通讯补贴、导师培养、定期团建、年度体检、周末双休、法定节假日。",7月20日,浙江宇视科技有限公司（uniview），是全球AIoT产品、解决方案与全栈式能力提供商，以“ABCI”（AI人工智能、BigData大数据、Cloud云计算、IoT物联网）技术为核心的引领者。宇视2011年成立，在创建第7年（2018年）做到全球第4位，研发技术人员占公司总人数约50%，在中国的北京、杭州、深圳、西安、济南、天津、武汉设有研发机构，在桐乡建有全球智能制造基地。截至2024年底，宇视专利申请总数4700余件，发明专利占比约80%，涵盖了光机电、图像处理、机器视觉、大数据、云存储等各个维度。我们每年将10%左右的营收投入研发，为可持续发展提供有力支撑。宇视推出AIoT大型操作系统IMOS，交付的产品方案覆盖全球200余个国家和地区，3000余个城市。截至2024年底，宇视参与建设平安工程990余个，智能交通项目580余个，智慧城市570余个，平安高校700余所（88%一流高校，80%一流学科高校，90%教育部直属高校），45个城市的210余条地铁线路，90余个机场，大型企业600余家，三甲医院300余家，高速公路450余条，470余个地标性商业综合体建筑。明天的世界，正在今天被工程师改变，宇视为《流浪地球2》提供设备与技术支持，交付了423件产品。在几乎中国所有重大峰会（APEC、G20、上合、金砖）、历史时刻（人大、两会）、国际体育赛事（北京冬奥会、杭州亚运会）的场景都有宇视的守护。,"https://www.zhaopin.com/jobdetail/CC451534410J40773939314.htm?refcode=4019&srccode=401901&preactionid=a7c1140f-c46c-45e5-b867-ab342d8bdc77"
4222,硬件测试,东莞-None,7000-12000元,重庆科满福人力资源服务有限公司,企业服务,20-99人,,CCL1487604860J40932696304,【岗位职责】 ： 1、进行新产品研发阶段的测试工作 2、完成新产品的功能测试、可靠性测试、环境测 试、安全测试等技术工作 3、制定测试计划，设计测试用例，分析测试数 据，编制测试报告 4、为其他部门提供技术支持，与其他部门的产品 联合测试工作,7月17日,,"https://www.zhaopin.com/jobdetail/CCL1487604860J40932696304.htm?refcode=4019&srccode=401901&preactionid=a7c1140f-c46c-45e5-b867-ab342d8bdc77"
4223,软件测试,上海-静安区,8000-10000元,江西昇年网络科技有限公司,云计算/大数据,20-99人,未融资,CCL1492034350J40683524702,【岗位要求】： 1熟悉基本的测试方法和理论，白盒测试、黑盒测试等常用技能； 2、有较强的业务分析能力，沟通表达和综合协调能力，构建质量保障体系的能力； 3、扎实的数据结构和算法基础，熟悉至少一门编程语言，包括但不限于：Java、C++、PythonCGolang; 4、掌握软件测试设计方法，理解软件编程规范和软件缺陷，了解软件自动化测试方案和测试方法， 5、优秀的不限专业和经验，前期有老员工带但是需要逻辑思维强，学习能力好，积极向上 福利待遇: 1、入职缴纳五一金，按照国家规定假期执行且享受国家规定的带薪假期如:法定节日、年休假、婚假、丧假、病假等等 2、公司会定时安排下午茶，团建，聚会，旅游等活动。活动含奖品礼品抽奖等活动。,7月12日,我们是一家专注于计算机网络技术及计算机软硬件技术开发的企业。在经营范围方面，我们不仅涵盖计算机网络技术、计算机软硬件技术开发、技术服务、技术转让、技术咨询，还涉及市场营销策划、企业管理咨询、企业形象策划、电脑图文设计等多个领域。此外，公司还承办设计、制作、代理发布国内各类广告，并提供教育咨询服务（不含校外培训等教育培训业务），对教育业进行投资，引进新技术、新品种，开展技术交流和咨询服务等。,"https://www.zhaopin.com/jobdetail/CCL1492034350J40683524702.htm?refcode=4019&srccode=401901&preactionid=a7c1140f-c46c-45e5-b867-ab342d8bdc77"
4224,C/C++,南京-雨花台区,1.6-3万·16薪,外企德科数字技术有限公司,专业技术服务,10000人以上,,CCL1480117890J40786776305,岗位内容：  1. 设计、开发和维护C++应用程序； 2. 根据产品需求，完成相应领域的研究及开发； 3. 参与项目需求分析和技术选型； 4. 负责代码编写、单元测试、Bug修复等工作。 任职要求：  1. 熟悉C++编程语言，具备扎实的编程基础； 2. 具有良好的算法和数据结构基础； 3. 熟练使用常见的开发工具，如VS、Eclipse等； 4. 具备较强的沟通协调能力和团队合作精神； 5. 具备分析问题、解决问题的能力；,2025-07-27 00:25:30,外企德科数字技术有限公司是一家2023年新成立的中外合资企业。成立于2023年11月24日，公司定位：专注于为信息技术企业提供人才及数字技术外包解决方案的中外合资企业。它是由中国人力资源服务行业的FESCO（北京国际人力资本集团）与全球人力资源服务领导者The Adecco Group（德科集团）合资成立的。公司主要提供网络技术服务、软件外包服务、计算机系统服务、技术进出口、软件开发等信息技术相关服务。专注于为信息技术企业提供信息技术类人才及数字技术外包解决方案。,"https://www.zhaopin.com/jobdetail/CCL1480117890J40786776305.htm?refcode=4019&srccode=401901&preactionid=a7c1140f-c46c-45e5-b867-ab342d8bdc77"
4225,软件测试,天津-南开区,2000-3000元,荣联汇智,"印刷/包装/造纸,计算机软件",100-299人,未融资,CC409456430J40586192216,职位描述 1.负责软件产品及项目测试工作，完成对产品的集成测试与系统测试，对产品的软件功能、性能及其它方面进行测试。 2.编写项目测试计划、测试用例、测试报告，执行测试用例。 3.进行BUG的提交及跟踪，向相关人员提交测试报告。 4.配合项目经理完成日常测试管理工作。 5.能够按照计划主动完成测试工作，工作进展做到及时反馈。 任职要求 1、信息管理专业、计算机及相关专业本科（含）以上学历优先。 2、有企业生产管理系统系统，如ERP、MES、WMS工作经验者优先。 3、具有较强的自主学习能力，业务理解能力、善于独立思考并解决问题。 4、有较强的沟通和协作能力；具备良好的团队精神和耐心。 5、能够熟练运用Word和Excel等办公软件。 6、能保证实习期间出勤满3个月以上。,8月6日,天津荣联汇智智能科技有限公司成立于2016年，是天津长荣科技集团股份有限公司控股全资子公司，注册资金3000万，是印刷智能制造MES功能体系架构标准主导起草单位。为企业打造集自动化、信息化、智能化于一体的智慧工厂整体解决方案。为企业提供资源规划方案（ERP）、制造执行系统（MES）、数据采集系统（MDIS）、仓储管理系统（WMS）、数字身份管理系统（DIM）、高级计划排程（APS）、物流自动化系统（LAM）、智能印刷设备服务、非标定制化软件服务等解决方案。助力企业实现订单管理全程可视、生产计划有条不紊、质量管理可控可防、物流作业自动运转、成本控制高效透明、企业管理精益掌握全过程。,"https://www.zhaopin.com/jobdetail/CC409456430J40586192216.htm?refcode=4019&srccode=401901&preactionid=a7c1140f-c46c-45e5-b867-ab342d8bdc77"
4226,科研人员,开封-龙亭区,2.5-4万,MAPPINGLABLIMITED,"医疗设备/器械,学术/科研",20-99人,不需要融资,CCL1371781450J40794888105,招收计划： 本次招收依托河南大学生科院博士后流动站联合开展，计划每年招收 2 名全职博士后研究人员。研究方向紧密围绕药学、生理学、生物学、生物医学工程等学科，在心血管内科、心血管、心脏电生理、神经电生理等领域开展综合性、全面性、系统性的交叉科学研究。   拟开展研究课题： 1、糖尿病心肌病的发病机制及临床患者用药的心脏毒理研究项目： 深入探究糖尿病心肌病发病根源，剖析临床用药心脏毒理，为疾病防治与安全用药提供科学依据。 2、预防及治疗心肌梗死后恶性心律失常的药物研发项目： 致力于研发针对性药物，有效预防和治疗心肌梗死后恶性心律失常，提高患者生存质量。,7月18日,"公司使命为心脏电生理科研提供全套专业解决方案。公司介绍MappingLab公司是由英国牛津大学和曼彻斯特大学资深的世界顶级科学家合作建立。它是一个专注于员工自身、前沿科学以及为电生理学界提供最先进的标测技术从而指导临床的价值导向型公司。MappingLab旨在解决心脏电生理领域中从心脏电生理病理的基础研究到最终的临床前药物候选物筛选以及药物心脏安全评价面临的各种难题。我们一直努力通过新培训、新知识和新产品进一步为我们的客户提供帮助。我们的研发团队不断加强与学界和业内伙伴的合作，以成就涵盖更广泛更立体的应用出色的心脏标测系统。迄今为止，我们已经在世界范围内与全球经验最丰富的经销商建立了合作关系，并将我们的客户服务优化提升到最高等级。我们的优势•量身定制的系统化方案，可满足客户对高性能定制产品的各种需求。•出色的技术支持和过硬的研发团队，确保客户对高品质产品的需求。•分析客户需求——研讨最佳方案——按时保质完成。•利用最先进的技术优化心脏科研产品。Our MissionTo build and deliver practical solutions that empower cardiac electrophysiology research towards real-world impact.Our CompanyMappingLab was founded as a collaboration between experienced world class scientists at the University of Oxford and the University of Manchester in the United Kingdom.MappingLab is a values-driven organization focused on its people, cutting-edge science, and a vision of providing state-of-the-art cardiac mapping technology to the cardiac electrophysiology community that leads to therapeutic advancement.MappingLab aims to tackle a wide range of challenges in the cardiac electrophysiology field across preclinical to clinical research continuum, from iPSC-CM, basic research in Cardiology, arrhythmia research and ultimately towards molecular candidate(drug) screening.We are always looking for ways to further support our customers through training, knowledge and new products. Our Research and Development team constantly collaborates with academic and industrial partners to build exceptional cardiac mapping systems that will encompass a broader spectrum of horizontal and vertical applications. To date, we have partnered with the most seasoned distributors in every major continent around the globe and streamlined our customer service to the highest standards.","https://www.zhaopin.com/jobdetail/CCL1371781450J40794888105.htm?refcode=4019&srccode=401901&preactionid=a7c1140f-c46c-45e5-b867-ab342d8bdc77"
4227,C/C++,上海-青浦区,1.5-3万·14薪,外企德科数字技术有限公司,专业技术服务,10000人以上,,CCL1480117890J40782680605,入职一对一带教，技术菜可培养，有年终奖，线上面试城市选择多 1.学信网可查的本科以上学历，计算机相关专业优先 2.掌握C/C++/Java/Python等其中一种或多种编程语言，熟悉Linux环境下相关开发。 3.对基本数据结构和算法有一定了解，喜欢动手实践。 4.具备良好的问题解决能力，乐于团队写作，热衷新技术，善于总结和分享。 5.有容器领域、分布式系统、Linux内核、数据库引擎开发经验者优先。 6.经验不限，年限越高能力越高薪资越高 7.入职后有培训带教贯穿试用期，试用期不打折 8.六险一金全额缴纳 9.有班车,2025-07-27 00:25:13,外企德科数字技术有限公司是一家2023年新成立的中外合资企业。成立于2023年11月24日，公司定位：专注于为信息技术企业提供人才及数字技术外包解决方案的中外合资企业。它是由中国人力资源服务行业的FESCO（北京国际人力资本集团）与全球人力资源服务领导者The Adecco Group（德科集团）合资成立的。公司主要提供网络技术服务、软件外包服务、计算机系统服务、技术进出口、软件开发等信息技术相关服务。专注于为信息技术企业提供信息技术类人才及数字技术外包解决方案。,"https://www.zhaopin.com/jobdetail/CCL1480117890J40782680605.htm?refcode=4019&srccode=401901&preactionid=a7c1140f-c46c-45e5-b867-ab342d8bdc77"
4228,测试工程师,郑州-二七区,9000-15000元,郑州航臻汽车科技有限公司,新能源汽车,20人以下,未融资,CCL1504565170J40795590105,1、专科及以上学历，年龄在21-28岁以内，无经验可以接受，直只接受能够长期发展者！ 2、熟悉常用得测试方法和技巧，理解测试流程，并写出测试用例; 3、跟踪并报告测试工作的进展，发布后撰写测试总结报告，对测试遗漏问题进行分析; 4、对新能源汽车方面感兴趣，并想长期稳定的发展; 5、对测试实施过程中发现的问题进行准确描述，并与开发人员沟通反馈，推进解决; 6、良好的综合素质，积极主动、有担当、有良好的沟通能力力、严谨的逻辑思维能力。 车载测试工程师薪资待遇,7月21日,郑州航臻汽车科技有限公司成立于2025-06-09，法定代表人为王泽林，注册资本为50万元，统一社会信用代码为91410100MAEL6WJ885，企业注册地址位于河南自贸试验区郑州片区（金水）柳东路9-1号250563室，所属行业为科技推广和应用服务业，经营范围包含：一般项目：技术服务、技术开发、技术咨询、技术交流、技术转让、技术推广；汽车零配件零售；汽车零配件批发；汽车装饰用品销售；人工智能硬件销售；人工智能通用应用系统；广告制作；广告发布；数字广告制作；广告设计、代理；数字广告设计、代理；数字广告发布；组织文化艺术交流活动；数字内容制作服务（不含出版发行）；新兴能源技术研发；新能源汽车生产测试设备销售；业务培训（不含教育培训、职业技能培训等需取得许可的培训）；教育咨询服务（不含涉许可审批的教育培训活动）；信息咨询服务（不含许可类信息咨询服务）；社会经济咨询服务；新能源原动设备销售；物联网技术服务；物联网应用服务；互联网销售（除销售需要许可的商品）；软件开发；网络与信息安全软件开发；人工智能应用软件开发；数字文化创意软件开发；软件外包服务；人工智能基础软件开发；人工智能理论与算法软件开发；计算机软硬件及辅助设备批发；软件销售；数字技术服务（除依法须经批准的项目外，凭营业执照依法自主开展经营活动）。企业当前经营状态为存续。,"https://www.zhaopin.com/jobdetail/CCL1504565170J40795590105.htm?refcode=4019&srccode=401901&preactionid=a7c1140f-c46c-45e5-b867-ab342d8bdc77"
4229,Java,北京-海淀区,1.4-2.8万·14薪,外企德科数字技术有限公司,专业技术服务,10000人以上,,CCL1480117890J40652747505,岗位要求： 1、扎实的编程能力，熟悉算法和数据结构；熟悉计算机的基础理论； 2、熟练使用java/c/c++/python/js其中一种语言，掌握Spring相关生态开源框架，熟悉MySql、MQ、Redis、SpringCloud等，熟悉事务、缓存、消息、负载均衡等； 3、熟悉Linux开发环境； 4、具有大规模高并发云服务设计和开发经验优先； 5、有微服务、容器相关开发经验优先。   任职要求：   1、扎实的编程能力，熟悉算法和数据结构；熟悉计算机的基础理论；   2. 软件基础扎实，熟悉掌握但是不限于Java/Js/C/C++/Python/Go/JS等编程语言，有良好的编程习惯。   3. 具备独立工作能力和独立解决问题的能力，善于沟通，乐于协作，热衷于新技术，善于总结分享，喜欢动手实践。,2025-07-27 00:23:24,外企德科数字技术有限公司是一家2023年新成立的中外合资企业。成立于2023年11月24日，公司定位：专注于为信息技术企业提供人才及数字技术外包解决方案的中外合资企业。它是由中国人力资源服务行业的FESCO（北京国际人力资本集团）与全球人力资源服务领导者The Adecco Group（德科集团）合资成立的。公司主要提供网络技术服务、软件外包服务、计算机系统服务、技术进出口、软件开发等信息技术相关服务。专注于为信息技术企业提供信息技术类人才及数字技术外包解决方案。,"https://www.zhaopin.com/jobdetail/CCL1480117890J40652747505.htm?refcode=4019&srccode=401901&preactionid=a7c1140f-c46c-45e5-b867-ab342d8bdc77"
4230,C/C++,上海-None,2-3万·15薪,上海微电子装备(集团)股份有限公司,"电子/半导体/集成电路,电子/半导体/集成电路,专用设备制造",1000-9999人,未融资,CC121096020J90251576000,岗位描述： 1.从事半导体制造装备及智能制造装备的软件系统研发； 2.基于Windows、Linux及vxWorks操作系统，开发应用软件、控制软件及驱动软件； 3.负责指定功能模块的软件设计、开发与调试与自测； 4.参与所负责软件的系统集成与调试、上线工作； 5.参与涉及实物系统的软硬件联调与技术支持工作。 岗位要求： 1.本科及以上学历，英语四级及以上，计算机科学、软件工程、自动控制、机电、光电、精密仪器等相关理工科专业； 2.一年工作经验起，优秀应届生亦可; 3.熟练掌握C/C++编程语言，Linux数据库方向应熟练掌握SQL编程； 4.有较强的自主学习能力，责任心强，具备良好的沟通能力与团队合作意识； 5.善于接受新事物、敢于自我挑战，能够承受一定的工作压力。 职位福利：五险一金、交通补助、餐补、带薪年假、定期体检、住房补贴、绩效奖金  ,4月25日,背景介绍上海微电子装备有限公司（SMEE）成立于2002年3月，位于上海张江高科技园区，SMEE是在国家科技部和上海市政府共同推动下，由国内多家企业集团和投资公司共同投资组建的高科技有限责任公司。服务领域SMEE主要致力于大规模工业生产的中高端投影光刻机研发、生产、销售与服务，SMEE产品可广泛应用于集成电路制造与先进封装、微纳制造、下一代平板显示器电路制造、高亮度半导体照明等制造领域。发展状况十多年来，SMEE通过不断学习和创新，从单一的集成电路前道工艺制造用光刻机研制发展成多领域多用途的光刻机产品系列，目前已研制出应用于前道IC制造、先进封装、MEMS、LED、OLED-TFT等领域的产品系列，其中先进封装光刻机系列产品已实现量产并远销海外市场。SMEE已经从一个研发型企业走向了研发、市场并重的现代化高科技企业。SMEE以铸百年企业、创国际品牌为远景，立志成为中国最优秀的高端光刻设备专业公司。企业文化SMEE崇尚“高素质、高科技、高品质、高效率”的核心价值观，提倡团队合作效率优先，技术精湛品质优良，用户至上市场为先的企业文化理念。SMEE充分尊重员工的文化修养和个性，强调所有的员工都是平等的；推崇简约健康、友善和谐、互尊互敬、互帮互学、共同进步的人际关系。人才培养SMEE一直将人才视为企业发展的第一资源，始终坚持以自主培养为主，积极引进为辅的人才战略。经过多年实践，SMEE建立了完善的培训体系，通过入职培训和岗位辅导。以帮助新员工快速了解并融入SMEE。针对岗位要求，有计划地开展知识技能、业务管理和综合素质等各类培训，帮助员工持续提升专业知识、岗位技能和职业素养。职业发展SMEE非常重视员工职业发展，为员工设置了技术系列、业务系列、管理系列等多轨道职业发展路径。员工可根据自己的能力、意愿并结合组织的需要，实现自身成长与公司持续发展的双赢。薪酬福利SMEE致力为员工提供富有竞争力的薪酬及福利待遇，在提供国家规定的各项社会福利的基础之上，为员工提供了补充公积金、补充医疗保险及企业年金、住房补贴、交通补贴等全方位多元化的补充福利，减少员工的后顾之忧，使员工能够快乐工作的同时更能幸福的生活。公司现因业务发展，特诚聘各类精英人员。乘车路线来本公司乘车路线：先乘地铁2号线至广兰路，然后再步行20分钟左右即可到达上海微电子装备有限公司。注：（邮件主题请务必写明应聘岗位及编号+您的姓名）（每个应聘者最多只能申请两个岗位，原则上以第一申请为主，请勿重复投递简历）,"https://www.zhaopin.com/jobdetail/CC121096020J90251576000.htm?refcode=4019&srccode=401901&preactionid=a7c1140f-c46c-45e5-b867-ab342d8bdc77"
4231,Java,深圳-龙岗区,5000-8000元·13薪,深圳市易玛特科技有限公司,"电子商务,物联网",100-299人,A轮,CCL1491798590J40694730306,职务描述：   1、负责软件系统代码的实现，编写代码和开发文档；   2、负责进行系统的功能定义，程序设计；   3、根据设计的文档或需求说明完成代码编写、调试、测试与维护；   4、分析并解决软件开发过程中的问题；   5、配合技术经理完成相关任务目标。   任职要求：   1、大专及以上学历；   2、学习和理解能力强，具有一定的系统分析能力，及独立解决问题的能力；   3、具备良好的团队合作精神和承受压力的能力；   4、可接受一定强度的加班。 ,7月17日,,"https://www.zhaopin.com/jobdetail/CCL1491798590J40694730306.htm?refcode=4019&srccode=401901&preactionid=a7c1140f-c46c-45e5-b867-ab342d8bdc77"
4232,实施工程师,昭通-盐津县,9000-18000元,青岛安然物联网科技有限公司,"物联网,物联网",20-99人,未融资,CC559764920J40823804504,需要弱电技术、自动化、安防系统、工业互联网+危化安全生产、物联网人才，不要纯软件人才。  你能经常到全国各地出差吗？你能到工业生产现场生产现场做技术支持吗？   真正的奋斗者在安然会有让人值得为之奋斗的事业，会有充实、高效的成长，会有高人一等的收入。   你能做好售前技术支持、根据客户需求，高效制作方案吗？你能做好售中技术支持、指导他人正确安装、部署、调试系统向用户保质保量快速交付吗？你能做好售后维护，高效沟通和落实客户需求吗？   迄今已服务中石化、中石油、延长石油、国能、兖矿、京能、索普、新安、奇美、昊源、潞安、旭阳、垦利、逸盛、海科、酒钢、金发等几百家石化、化工、选煤、钢铁、电厂企业。    安然以客户为中心，以强者为本，抬头乐干，愿意与同道中人联合、链接，携手共建、共用、共享生产安全命运共同体，一起干，一起干，让优秀企业更安全，让优秀企业更高效！,2025-07-27 01:09:31,基于精准人员定位的工业安全生产信息化管理专家，安全生产信息化管理引领者！作为全国实时定位技术标准工作组成员和应急管理部“工业互联网+危化安全生产”人员定位系统技术支持机构，安然从2012年起致力于基于ZigBee Plus三维立体按需精准定位的“工业互联网+安全生产”的研究，获得了20多项安全智能管控系统发明专利和著作权，持续引领中国化工行业生产现场智慧安全！安然以“准、稳、狠”的ZigBee Plus三维立体按需精准人员定位统和“底数清、数据准、情况明、研判准、措施实”的安全生产信息化平台为核心，整合访客管理、出入口控制、人脸识别、视频监控、语音广播、重大危险源监控、可燃有毒气体监测等系统，对生产现场人、机、料、法、环五大要素进行实时、动态、智能管控和预警，规范人的安全行为，保障人的生命安全，有效防范风险、主动化解风险，实现智慧安全。安然“以用为本”，把安全生产信息化建设与公司管理体系“深度融合”，把安全生产信息化建设与日常工作“紧密结合”，对安全生产切实“有用、实用、好用”，避免建用“两张皮”，让安全管控更智能，让生产更高效才实用。迄今已服务中石化、中石油、延长石油、国能、兖矿、京能、索普、新安、奇美、昊源、潞安、旭阳、垦利、逸盛、海科、酒钢、金发等几百家石化、化工、选煤、钢铁、电厂企业。安然以客户为中心，以强者为本，抬头乐干，愿意与同道中人联合、链接，携手共建、共用、共享生产安全命运共同体，一起干，一起干，让优秀企业更安全，让优秀企业更高效！,"https://www.zhaopin.com/jobdetail/CC559764920J40823804504.htm?refcode=4019&srccode=401901&preactionid=a7c1140f-c46c-45e5-b867-ab342d8bdc77"
4233,实施工程师,北京-昌平区,5000-10000元·13薪,北京威莱科技有限公司,互联网,100-299人,,CCL1469451920J40458847211,1.负责公司相关软件系统(两大行动相关实施类系统)的现场实施部署.培训.推广及部署工作。2.负责项目现场的客户协调和沟通管理保障现有信息系统的稳定运行。3.帮助客户解决系统现场运行中的各种问题，并及时反馈和汇报工作，针对公司项目实施流程提出合理化建议。5.编写项目所涉及的实施报告及项目验收报告6.完成领导安排的其他工作事项,6月15日,,"https://www.zhaopin.com/jobdetail/CCL1469451920J40458847211.htm?refcode=4019&srccode=401901&preactionid=a7c1140f-c46c-45e5-b867-ab342d8bdc77"
4234,硬件测试,中山-None,8000-10000元,重庆科满福人力资源服务有限公司,企业服务,20-99人,,CCL1487604860J40935972604,【岗位职责】 ： 1、进行新产品研发阶段的测试工作 2、完成新产品的功能测试、可靠性测试、环境测 试、安全测试等技术工作 3、制定测试计划，设计测试用例，分析测试数 据，编制测试报告 4、为其他部门提供技术支持，与其他部门的产品 联合测试工作,7月26日,,"https://www.zhaopin.com/jobdetail/CCL1487604860J40935972604.htm?refcode=4019&srccode=401901&preactionid=a7c1140f-c46c-45e5-b867-ab342d8bdc77"
4235,Java,上海-青浦区,1.7-3万·14薪,外企德科数字技术有限公司,专业技术服务,10000人以上,,CCL1480117890J40652994205,岗位要求： 1、扎实的编程能力，熟悉算法和数据结构；熟悉计算机的基础理论； 2、熟练使用JAVA，掌握Spring相关生态开源框架，熟悉MySql、MQ、Redis、SpringCloud等，熟悉事务、缓存、消息、负载均衡等； 3、熟悉Linux开发环境； 4、具有大规模高并发云服务设计和开发经验优先； 5、有微服务、容器相关开发经验优先。 任职要求： 1、扎实的编程能力；熟悉计算机的基础理论； 2. 软件基础扎实，熟悉掌握但是不限于Java/Js/C/C++/Python/Go等编程语言，有良好的编程习惯。 3. 具备独立工作能力和独立解决问题的能力，善于沟通，乐于协作，热衷于新技术，善于总结分享，喜欢动手实践。 职位福利:五险一金、带薪年假、绩效奖金、午休2小时,2025-07-27 00:23:24,外企德科数字技术有限公司是一家2023年新成立的中外合资企业。成立于2023年11月24日，公司定位：专注于为信息技术企业提供人才及数字技术外包解决方案的中外合资企业。它是由中国人力资源服务行业的FESCO（北京国际人力资本集团）与全球人力资源服务领导者The Adecco Group（德科集团）合资成立的。公司主要提供网络技术服务、软件外包服务、计算机系统服务、技术进出口、软件开发等信息技术相关服务。专注于为信息技术企业提供信息技术类人才及数字技术外包解决方案。,"https://www.zhaopin.com/jobdetail/CCL1480117890J40652994205.htm?refcode=4019&srccode=401901&preactionid=a7c1140f-c46c-45e5-b867-ab342d8bdc77"
4236,技术支持工程师,秦皇岛-None,3000-5000元,秦皇岛市尊旭电子科技有限公司,计算机硬件,20人以下,,CC343697980J00210553710,岗位职责： 1.熟悉电脑、打印机等IT设备外设的安装及维修；   2.完成领导交办的其他工作。 职位福利：五险、餐补、节日福利、员工旅游 ,6月20日,"公司简介秦皇岛市尊旭电子科技有限公司（以下简称尊旭科技）成立于2009年7月14日,注册资金520万元。尊旭科技是系统集成、智能布线、智能监控、视频会议、建筑智能化、专业机房、网络应用及计算机相关软硬件的研制与销售的专业服务商。公司经营范围为经营项目（项目中属于禁止经营和许可经营的除外）为：计算机软件及辅助设备的技术开发、销售；电子产品、五金交电、建材、其他机械设备、办公家具的销售；通讯终端设备、通讯交换设备、音响设备的销售及安装；计算机网络工程的私营公司。客户方面，公司主要服务于秦皇岛市各医疗、事业单位，成功案例有秦皇岛市卫生局智慧医疗平台硬件设备采购项目，北戴河医院数据中心采购项目，妇幼保健院机房改造项目，九龙山医院机房项目，第一医院服务器及网络设备采购、布线等系统集成项目，海港医院服务器采购项目，港务局服务器采购项目。另，我司为秦皇岛市第一医院维保服务提供商，为第一医院提供专业的维保服务，及时妥善的处理第一医院在日常运营中出现的计算机、布线等问题，深受好评。公司拥有具丰富系统集成管理经验和成熟技术团队，参与过大量集成项目，尊旭科技秉承“让科技为您创造价值”的经营理念，通过优秀的本地化专业服务赢得客户的长期信任合作。","https://www.zhaopin.com/jobdetail/CC343697980J00210553710.htm?refcode=4019&srccode=401901&preactionid=a7c1140f-c46c-45e5-b867-ab342d8bdc77"
4237,技术支持工程师,平顶山-湛河区,8000-14000元,青岛安然物联网科技有限公司,"物联网,物联网",20-99人,未融资,CC559764920J40823510604,需要弱电技术、自动化、安防系统、工业互联网+危化安全生产、物联网人才，不要纯软件人才。  你能经常到全国各地出差吗？你能到工业生产现场生产现场做技术支持吗？   真正的奋斗者在安然会有让人值得为之奋斗的事业，会有充实、高效的成长，会有高人一等的收入。   你能做好售前技术支持、根据客户需求，高效制作方案吗？你能做好售中技术支持、指导他人正确安装、部署、调试系统向用户保质保量快速交付吗？你能做好售后维护，高效沟通和落实客户需求吗？   迄今已服务中石化、中石油、延长石油、国能、兖矿、京能、索普、新安、奇美、昊源、潞安、旭阳、垦利、逸盛、海科、酒钢、金发等几百家石化、化工、选煤、钢铁、电厂企业。    安然以客户为中心，以强者为本，抬头乐干，愿意与同道中人联合、链接，携手共建、共用、共享生产安全命运共同体，一起干，一起干，让优秀企业更安全，让优秀企业更高效！,7月22日,基于精准人员定位的工业安全生产信息化管理专家，安全生产信息化管理引领者！作为全国实时定位技术标准工作组成员和应急管理部“工业互联网+危化安全生产”人员定位系统技术支持机构，安然从2012年起致力于基于ZigBee Plus三维立体按需精准定位的“工业互联网+安全生产”的研究，获得了20多项安全智能管控系统发明专利和著作权，持续引领中国化工行业生产现场智慧安全！安然以“准、稳、狠”的ZigBee Plus三维立体按需精准人员定位统和“底数清、数据准、情况明、研判准、措施实”的安全生产信息化平台为核心，整合访客管理、出入口控制、人脸识别、视频监控、语音广播、重大危险源监控、可燃有毒气体监测等系统，对生产现场人、机、料、法、环五大要素进行实时、动态、智能管控和预警，规范人的安全行为，保障人的生命安全，有效防范风险、主动化解风险，实现智慧安全。安然“以用为本”，把安全生产信息化建设与公司管理体系“深度融合”，把安全生产信息化建设与日常工作“紧密结合”，对安全生产切实“有用、实用、好用”，避免建用“两张皮”，让安全管控更智能，让生产更高效才实用。迄今已服务中石化、中石油、延长石油、国能、兖矿、京能、索普、新安、奇美、昊源、潞安、旭阳、垦利、逸盛、海科、酒钢、金发等几百家石化、化工、选煤、钢铁、电厂企业。安然以客户为中心，以强者为本，抬头乐干，愿意与同道中人联合、链接，携手共建、共用、共享生产安全命运共同体，一起干，一起干，让优秀企业更安全，让优秀企业更高效！,"https://www.zhaopin.com/jobdetail/CC559764920J40823510604.htm?refcode=4019&srccode=401901&preactionid=a7c1140f-c46c-45e5-b867-ab342d8bdc77"
4238,软件测试,赣州-章贡区,5000-7000元,天阳科技,"计算机软件,计算机软件",1000-9999人,已上市,CC120408370J40606436308,1.全国项目驻场测试，主要负责功能、数据或接口等相关测试工作； 2.统招本科学历及以上（学信网可查）；毕业满2年；计算机专业优先； 3.热爱软件测试行业、有强力的自驱力，能够在测试岗位深入学习研究； 4.有无经验均可，服从公司安排，接受公司培养，可接受异地工作优先； 福利待遇： 上市公司、公司可提供住宿、定期体检、带薪年假； 欢迎符合要求的小伙伴们投递~,7月26日,天阳科技(股票代码：300872)，是全球金融创新服务的重要贡献者，持续赋能中国金融行业数字化转型，为客户提供咨询、金融科技产品、金融IT服务、云计算及运营服务。公司成立于2003年，服务超过300家金融行业客户，覆盖中央银行、政策性银行、国有银行、股份制银行、地方性商业银行、非银行金融机构等，员工人数近7000人，成为激活金融领域创新活力、推动金融科技迈入世界领先水平的重要力量。作为金融行业客户可信赖的合作伙伴，天阳科技凭借丰富的行业经验和端到端的专业服务，在信创、数字化金融、信贷、交易银行、信用卡、零售、营销、风险管理、征信监管等众多领域具备核心竞争力。据赛迪和IDC报告显示，近年来公司在中国银行业IT解决方案市场排名强势崛起，2019年收入及市场占有率综合排名分别位列第四位和第五位，并保持高速增长。同时，前瞻商业和科技趋势，入选2021年度未来银行科技服务商TOP100。天阳科技始终聚焦金融科技领域，加大自主创新力度，在超过100个城市建立本地化、专业化的研发和服务团队，拥有CMMI5级认证、软件测试成熟度模型集成（TMMi）3级认证、ISO9001质量管理体系认证、ISO20000信息技术服务管理体系认证、IS027001信息安全管理体系认证。通过部署人工智能、云计算、大数据、移动互联网、分布式计算和区块链等先进金融科技，公司致力于构建安全可控、普惠民生、开放共赢格局，在关键技术领域服务现代化金融发展大局，更好地为各利益相关方创造更大价值，为大中企业、小微企业以及每个个体提供优质金融服务。,"https://www.zhaopin.com/jobdetail/CC120408370J40606436308.htm?refcode=4019&srccode=401901&preactionid=a7c1140f-c46c-45e5-b867-ab342d8bdc77"
4239,科研人员,鄂尔多斯-伊金霍洛旗,2-3万·13薪,鄂尔多斯市新能源研究应用有限公司,新能源,300-499人,不需要融资,CCL1487948840J40788846112,工作内容：  1.主导钙钛矿光伏材料、微电网系统集成、电池安全技术（如燃料电池）等项目的研发方向规划，制定技术路线图；（专精于其中一个项目即可）,2025年07月29日,2024年，鄂尔多斯市与伊金霍洛旗携手清华大学欧阳明高院士团队，联合打造了鄂尔多斯新能源研究院。研究院旨在推动绿色、多元、低碳的能源供给体系建设，助力实现能源结构转型。研究院总投资6亿元，涵盖6个绿色氢能实验室、5个智慧能源实验室、4个智能车辆实验室、3个新能源检测服务平台。在研究院的发展过程中，欧阳明高院士团队所倡导的创新文化以“问题导向、学科交叉、创新创业”为核心，致力于通过“技术构建平台、场景定义产品、模式创造价值”的创业文化，推动科研成果的转化与产业化落地，促进产业科技创新与市场化深度融合。研究院一期实验室于2024年7月正式启动运营，投资3.5亿元，拥有500余台套各类先进的仪器设备，先进实验室面积约8800㎡以及室外氢能试验场约4000㎡，现已建成投用，主要针对绿色氢能、智慧能源、智能装备（包含氢能材料、电解制氢、氢安全、氢储能、燃料电池；钙钛矿光伏电池、新型储能与动力电池、变流器、电拉弧、微电网；智能机器人、智能矿卡、重卡换电换氢）等领域建立了相关研究、测试、分析及产业化能力。下一步，新能源研究院将以孵化创新科技项目为基础，目标通过5年运营，攻克转化一批产业前沿和共性关键技术，完成高水平研究成果与产业应用，推动科技创新和产业融合发展，构筑世界一流、超千亿的零碳能源产业链，助力打造“北疆氢都、国际陆港”。,"https://www.zhaopin.com/jobdetail/CCL1487948840J40788846112.htm?refcode=4019&srccode=401901&preactionid=a7c1140f-c46c-45e5-b867-ab342d8bdc77"
4240,前端开发,厦门-集美区,100-120元/天,厦门采菊科技有限公司,计算机软件,20人以下,,CCL1322315790J40746534011,岗位内容： 1. 负责开发和维护前端系统和模块，包括小程序及web管理后台，确保其运行稳定可靠 2. 编写规范、高效、清晰、易于维护的代码 3. 协调需求，与其他团队成员进行有效沟通和协作 任职要求： 1. 熟练掌握HTML、CSS和JavaScript，熟悉vue2和vue3，熟悉uniapp、elementUI等主流前端框架 2. 具备微信小程序开发经验，能使用git进行项目协同  3. 具备扎实的编程基础，良好的代码风格，注重代码品质，具备一定的UI审美  4. 擅长和团队合作，具备很好的沟通和协调能力,6月12日,,"https://www.zhaopin.com/jobdetail/CCL1322315790J40746534011.htm?refcode=4019&srccode=401901&preactionid=a7c1140f-c46c-45e5-b867-ab342d8bdc77"
4241,前端开发,大连-高新园区,7000-14000元,大连理工大学,"社团/组织/社会保障,培训/辅导服务",20人以下,,CZ120537350J00114299310,• 岗位需求： 承担央企电网、水电企业电力交易、节能发电调度系统、水电系统调度等项目软件开发。聘用岗位为大连理工大学科研项目专职岗。   • 岗位单位：   大连理工大学水电与水信息研究所，所长为程春田，长江学者、国家杰出青年基金获得者、国务院岗位津贴获得者，个人网页http://faculty.dlut.edu.cn/1982011056/zh_CN/index.htm。负责企业合作项目百余项，项目经费来源稳定，工作稳定可靠，能力强、团队意识好可以长期稳定工作。      ,7月5日,面向校内外公开招聘:招聘单位大连理工大学水电与水信息研究所是业界领先的超大规模复杂水电系统优化调度、清洁能源电力市场、多能源互补优化调度、洪水预报调度研究和开发团队。研究团队以构建清洁低碳、安全高效的能源体系国家需求为目标，以水电为纽带，定位于突破未来碳中和水风光储多能源互补、电力市场基础理论和关键技术，培养跨学科交叉人才，解决业界重大需求和卡脖子难题，力争打造国内外一流的清洁能源高效利用和电力市场研究与开发顶级团队，成为行业标杆。研究所现有教授2人，副教授4人，讲师1人，IT团队9人，博士、硕士研究生70余人。团队负责人程春田教授是长江学者、国家杰出青年科学基金获得者、国务院政府津贴获得者(http://faculty.dlut.edu.cn/1982011056/zh_CN/index.htm)。研究所成立20年以来，与南方电网、华东电网、云南电网、贵州电网、广西电网、福建电网、三峡集团、华能集团、华电集团等国内行业龙头企业有长期的深度合作，是他们核心生产业务的支撑单位。开发了在业界有广泛影响和应用的多层级水电系统调度平台、电网节能发电调度系统、省级电网电力交易系统平台、区域/省级电网风险预控、省级电网水风光多电源互补调控、省地小水电统一管理平台等工业应用软件。研发的多层级水调系统高级应用平台占全国水电总装机容量的60%左右；研发的云南电力交易系统，是国家发改委6个试点交易系统平台，在全国电力系统有广泛影响。最近5年，研究所跟企业签订的合同年平均在3000万左右，国家、省、市纵向课题也保持在2000万元左右，开发和研究经费稳定。获聘人员属于学校科研专职人员，已在职的IT团队全部来自国内外顶级IT企业，加入我们团队，个人IT及业务能力可以得到快速提升。优秀者可以长期在岗工作，工资待遇可以达到国内一线城市水平。,"https://www.zhaopin.com/jobdetail/CZ120537350J00114299310.htm?refcode=4019&srccode=401901&preactionid=a7c1140f-c46c-45e5-b867-ab342d8bdc77"
4242,C/C++,深圳-宝安区,6000-9000元,深圳市轩宇车鼎科技有限公司,"计算机软件,IT服务,电子/半导体/集成电路",100-299人,未融资,CC266273980J40757551901,"1、男女不限，一本（含）以上学历，计算机、软件相关类专业； 2、懂C++,有意向往C++方向发展； 3、能吃苦耐劳，三观端正，性格温和，学习能力强； 4、2025年度毕业的应届生可投简历。",7月21日,"深圳市轩宇车鼎科技有限公司(简称“轩宇车鼎”)成立于2015年，是一家专业的汽车电子和智能设备供应商，集科研、设计、生产、销售、服务为一体高新技术企业;轩宇车鼎拥有研发中心、营销中心和生产基地；目前在职员工已超过100人，其中研发技术人员占比50%以上，公司自主品牌“OBDSTAR”，取得“锁匠十佳”、FCC、CE认证、多国商标、国家高新、深圳市高新、双软企业等。“轩宇”，广博深远，包罗万象；“车鼎”,全球汽车电子高新诊断技术,先进维修设备仪器之集大成者。轩宇车鼎遵循“专业、诚信、敬业”的高标准要求，以“成为世界一流汽车检测设备供应商”为目标，向“专业化、规范化、国际化”方向迈进。公司坚持用企业文化提升企业核心竞争力，使企业在发展中树立良好的社会形象。“行远必自迩、追求无止境”。轩宇车鼎将一如既往的奋进不息，为建树汽车检测设备奉献光热，为锻造全球汽车检测设备产业丰碑而永远向前。展望未来，在创新的商业运营模式和广大客户的支持下，轩宇车鼎向“专业化、规范化、国际化”方向迈进，逐步走向世界，坚持“成为世界一流汽车检测设备供应商”的原则，恪守“永续创新，恒久经营”的经营风格，努力打造世界第一知名品牌，引领汽车检测设备行业发展新潮流。","https://www.zhaopin.com/jobdetail/CC266273980J40757551901.htm?refcode=4019&srccode=401901&preactionid=a7c1140f-c46c-45e5-b867-ab342d8bdc77"
4243,实施工程师,临沂-兰山区,7000-14000元,青岛安然物联网科技有限公司,"物联网,物联网",20-99人,未融资,CC559764920J40565758404,需要弱电技术、自动化、安防系统、工业互联网+危化安全生产、物联网人才，不要纯软件人才。  你能经常到全国各地出差吗？你能到工业生产现场生产现场做技术支持吗？     真正的奋斗者在安然会有让人值得为之奋斗的事业，会有充实、高效的成长，会有高人一等的收入。,3月8日,基于精准人员定位的工业安全生产信息化管理专家，安全生产信息化管理引领者！作为全国实时定位技术标准工作组成员和应急管理部“工业互联网+危化安全生产”人员定位系统技术支持机构，安然从2012年起致力于基于ZigBee Plus三维立体按需精准定位的“工业互联网+安全生产”的研究，获得了20多项安全智能管控系统发明专利和著作权，持续引领中国化工行业生产现场智慧安全！安然以“准、稳、狠”的ZigBee Plus三维立体按需精准人员定位统和“底数清、数据准、情况明、研判准、措施实”的安全生产信息化平台为核心，整合访客管理、出入口控制、人脸识别、视频监控、语音广播、重大危险源监控、可燃有毒气体监测等系统，对生产现场人、机、料、法、环五大要素进行实时、动态、智能管控和预警，规范人的安全行为，保障人的生命安全，有效防范风险、主动化解风险，实现智慧安全。安然“以用为本”，把安全生产信息化建设与公司管理体系“深度融合”，把安全生产信息化建设与日常工作“紧密结合”，对安全生产切实“有用、实用、好用”，避免建用“两张皮”，让安全管控更智能，让生产更高效才实用。迄今已服务中石化、中石油、延长石油、国能、兖矿、京能、索普、新安、奇美、昊源、潞安、旭阳、垦利、逸盛、海科、酒钢、金发等几百家石化、化工、选煤、钢铁、电厂企业。安然以客户为中心，以强者为本，抬头乐干，愿意与同道中人联合、链接，携手共建、共用、共享生产安全命运共同体，一起干，一起干，让优秀企业更安全，让优秀企业更高效！,"https://www.zhaopin.com/jobdetail/CC559764920J40565758404.htm?refcode=4019&srccode=401901&preactionid=a7c1140f-c46c-45e5-b867-ab342d8bdc77"
4244,技术支持工程师,北京-海淀区,8000-10000元·13薪,北京历正科技有限责任公司,"通信/网络设备,通信/网络设备",100-299人,B轮,CC662918130J40684242306,岗位职责：,6月16日,历正科技创办于2018年，位于北京海淀中关村东升国际科学园，是国内认知无线电协议逆向解析CRPC（Cognitive RadioProtocol Cracking）技术创导者、无线信号机器学习RFML（Radio Frequency Machine Learning）技术引领者，是一家专注低空无人机防控技术研究的高科技公司。公司先后获得了国家级高新技术企业、北京市专精特新企业，中关村瞪羚企业，公安军民融合中心理事单位、中关村联创军民融合装备产业联盟理事单位等荣誉资质。公司目前拥有“潜盾”“前哨”“利剑”“天盾”“鹰眼”五大体系20余型的无人机反制领域自研产品，在军工、边防、人防、司法公安、能源、机场铁路、水利港口、重大安保场所等行业取得了广泛的应用。,"https://www.zhaopin.com/jobdetail/CC662918130J40684242306.htm?refcode=4019&srccode=401901&preactionid=a7c1140f-c46c-45e5-b867-ab342d8bdc77"
4245,科研人员,嘉兴-嘉善县,2.5-3万·14薪,浙江恒驭生物科技有限公司,"检测/认证,检测/认证",20-99人,天使轮,CCL1270018270J40742236002,科研攻坚   独立设计并执行课题，主导实验方案优化、数据采集与分析，推动研究成果转化（如申报临床试验批件、专利布局）。  参与跨学科团队协作，与生物信息学、临床医学等领域专家合作，解决技术瓶颈。  学术产出   以第一作者身份在高水平期刊（如Nature Biotechnology、Science Translational Medicine）发表研究论文，申请国内外发明专利。  撰写科研基金申请书（如国家自然科学基金、中国博士后科学基金），争取项目资助。  团队管理   指导研究生 / 技术员开展实验，协助建立标准化操作流程（SOP）。  参与实验室平台建设，维护设备运行与资源管理。  产业对接   与药企、临床机构合作，推动候选药物进入临床试验阶段，参与注册申报材料撰写。  跟踪行业动态，参与学术会议与技术交流，提升工作站行业影响力。,5月22日,浙江恒驭生物科技有限公司（简称：恒驭生物）是一家拥有雄厚研发实力的生物检测及研发平台，致力于服务国内外创新药物研发领域的合作伙伴。恒驭生物的研发中心设立在上海浦江，坐拥多个大型现代化分子生物学实验室、免疫学研发中心、多组学实验及分析中心、检测试剂研发中心等研发与分析平台，可以同时开展多种项目，包括：细胞治疗产品、基因治疗药物等生物学样品的外源因子污染检测、抗体药物研发的全流程服务、临床检测产品开发等，提供权威检测报告，并可提供相关的技术培训等服务。恒驭生物拥有豪华的技术型团队，技术人员占比80%以上，全部为硕士以上学历，博士占比约50%。目前国内外多家药企均与恒驭生物开展合作，多个项目已接近收获期，项目交付率业内领先。恒驭生物深耕于生物学检测的创新研发与技术服务，聚焦于新药研发企业的检测保障，为新药研发领域的中国智造保驾护航。,"https://www.zhaopin.com/jobdetail/CCL1270018270J40742236002.htm?refcode=4019&srccode=401901&preactionid=a7c1140f-c46c-45e5-b867-ab342d8bdc77"
4246,硬件测试,北京-海淀区,9000-15000元,北京千方科技股份有限公司,"IT服务,云计算/大数据",1000-9999人,已上市,CC679964920J40772274012,一、岗位职责 1. 硬件及软件测试：制定测试方案，执行交通信号机和相关硬件的功能、性能及稳定性测试，包括硬件、软件及通信模块。 2. 测试与文档编写：根据产品需求与技术标准，制定详细测试方案，执行测试任务，并规范编写测试文档，为产品质量改进提供依据。 3. 软件问题支持：针对公司产品的软件进行按需配置、针对运行异常、功能缺陷等问题，凭借专业知识独立分析与定位故障根源，提供有效的解决方案，协助客户快速恢复产品正常使用。 4. 硬件技术维护：运用电路原理知识，熟练使用万用表、示波器等工具，对硬件设备进行检测、调试与维修，精准排查电路故障，保障产品硬件系统稳定运行。 5. 短期出差支持：适应短期出差安排，前往客户现场提供技术支持服务，快速响应并解决客户现场出现的软硬件技术问题 。 6. 客户沟通与反馈：与客户保持密切沟通，深入了解客户在产品使用过程中遇到的技术问题，提供专业技术咨询与指导； 二、任职要求 1. 本科及以上学历，计算机科学与技术、电子信息工程、自动化等相关专业、熟悉交通信号业务优先。 2. 具备独立分析和解决软件问题的能力，能熟练使用调试工具进行问题排查。 3. 扎实掌握电路原理、模拟电子技术、数字电子技术等专业知识，可灵活运用理论知识解决实际硬件问题。 4. 熟练操作万用表、示波器等电子测试工具，具备硬件故障诊断与维修经验。 5. 良好的文档撰写能力，能输出逻辑清晰、内容准确的测试文档、技术报告；具备优秀的沟通表达能力与团队协作精神，适应短期出差及客户现场技术支持工作。 6. 有交通信号控制机软件调试或硬件维修工作经验者优先考虑。,5月30日,千方科技（股票代码 002373.SZ）是国内领先的行业数字化产品和解决方案提供商，系交通新基建的推动者和践行者、车路协同技术路线的发起者和引领者、AIoT(人工智能物联网)领域全球排名第四的产品、解决方案与全栈式能力提供商。公司坚持技术引领，构建了从人工智能关键算法到智能传感器、从智能制造到智慧中枢、云边端贯穿的全产业链战略生态，积极推动多源异构数据在交通运输、交通管理、城市管理与服务等领域的汇聚、融合与应用，致力于以数字技术推动交通数字化升级、城市数字基础设施建设。公司2000年初创于北京中关村，2014年开启海外业务拓展，2015年在业内率先完成公、轨、航、水综合大交通业务布局，现有员工6500余人，产品和服务已覆盖亚洲、欧洲、非洲和美洲200多个国家和地区、3000多个城市，服务超过2000个行业头部客户，并在智慧交通、智慧物联多个细分领域持续保持技术和市场领先。注：近期，社会上出现不法分子利用“北京千方科技股份有限公司及其子公司”名义，通过诱导求职者下载手机应用程序或其他诈骗手段，采用线上试岗或完成任务等方式进行诈骗活动。我司在此声明，我司从未采取过上述方式开展招聘工作，上述行为与我司无任何关联，且已对我司的声誉及社会信任度造成严重损害。我司对此事非常重视，并郑重提醒广大求职者，应通过公司官方网站或官方认证的招聘平台进行求职活动，保持高度警觉，提升自我保护意识，避免成为诈骗行为的受害者。一旦遭遇诈骗或其他违法犯罪行为侵害，请立即向公安机关报案。公司更多信息请参考公司官网：http://www.ctfo.com,"https://www.zhaopin.com/jobdetail/CC679964920J40772274012.htm?refcode=4019&srccode=401901&preactionid=a7c1140f-c46c-45e5-b867-ab342d8bdc77"
4247,Java,武汉-江夏区,1.8-3.5万·16薪,外企德科数字技术有限公司,专业技术服务,10000人以上,,CCL1480117890J40599850705,职位描述 在这里，你将从事IT应用层软件、分布式云化软件、互联网软件等的设计开发，可以采用敏捷、Devops、开源等先进的软件设计开发模式，接触最前沿的产品和软件技术，成为大容量高并发技术的专家；你将参与华为产品的软件研发工作，包括但不限于： （1）完成从客户需求到软件产品定义、架构设计、开发实现、再到上线运营维护等产品生命周期中的各个环节； （2）创造性解决产品在实现过程中的技术难题，应用前沿技术提升产品的核心竞争力，如分布式系统、性能调优、可靠性、数据库等； （3）有机会参与业界前沿技术研究和规划，参与开源社区运作，与全球专家一起工作、交流，构建华为在业界影响力。 岗位要求： 1、热爱编程，基础扎实，熟悉掌握但不限于 JAVA/C++/C/Python/JS/HTML/GO等编程语言中的一种或数种，有良好的编程习惯 2、具备独立工作能力和解决问题的能力、善于沟通，乐于合作，热衷新技术，善于总结分享，喜欢动手实践； 3、对数据结构、算法有一定了解；,2025-07-27 00:23:22,外企德科数字技术有限公司是一家2023年新成立的中外合资企业。成立于2023年11月24日，公司定位：专注于为信息技术企业提供人才及数字技术外包解决方案的中外合资企业。它是由中国人力资源服务行业的FESCO（北京国际人力资本集团）与全球人力资源服务领导者The Adecco Group（德科集团）合资成立的。公司主要提供网络技术服务、软件外包服务、计算机系统服务、技术进出口、软件开发等信息技术相关服务。专注于为信息技术企业提供信息技术类人才及数字技术外包解决方案。,"https://www.zhaopin.com/jobdetail/CCL1480117890J40599850705.htm?refcode=4019&srccode=401901&preactionid=a7c1140f-c46c-45e5-b867-ab342d8bdc77"
4248,技术支持工程师,泰州-泰兴市,9000-18000元,青岛安然物联网科技有限公司,"物联网,物联网",20-99人,未融资,CC559764920J40823804004,需要弱电技术、自动化、安防系统、工业互联网+危化安全生产、物联网人才，不要纯软件人才。  你能经常到全国各地出差吗？你能到工业生产现场生产现场做技术支持吗？   真正的奋斗者在安然会有让人值得为之奋斗的事业，会有充实、高效的成长，会有高人一等的收入。   你能做好售前技术支持、根据客户需求，高效制作方案吗？你能做好售中技术支持、指导他人正确安装、部署、调试系统向用户保质保量快速交付吗？你能做好售后维护，高效沟通和落实客户需求吗？   迄今已服务中石化、中石油、延长石油、国能、兖矿、京能、索普、新安、奇美、昊源、潞安、旭阳、垦利、逸盛、海科、酒钢、金发等几百家石化、化工、选煤、钢铁、电厂企业。    安然以客户为中心，以强者为本，抬头乐干，愿意与同道中人联合、链接，携手共建、共用、共享生产安全命运共同体，一起干，一起干，让优秀企业更安全，让优秀企业更高效！,5月19日,基于精准人员定位的工业安全生产信息化管理专家，安全生产信息化管理引领者！作为全国实时定位技术标准工作组成员和应急管理部“工业互联网+危化安全生产”人员定位系统技术支持机构，安然从2012年起致力于基于ZigBee Plus三维立体按需精准定位的“工业互联网+安全生产”的研究，获得了20多项安全智能管控系统发明专利和著作权，持续引领中国化工行业生产现场智慧安全！安然以“准、稳、狠”的ZigBee Plus三维立体按需精准人员定位统和“底数清、数据准、情况明、研判准、措施实”的安全生产信息化平台为核心，整合访客管理、出入口控制、人脸识别、视频监控、语音广播、重大危险源监控、可燃有毒气体监测等系统，对生产现场人、机、料、法、环五大要素进行实时、动态、智能管控和预警，规范人的安全行为，保障人的生命安全，有效防范风险、主动化解风险，实现智慧安全。安然“以用为本”，把安全生产信息化建设与公司管理体系“深度融合”，把安全生产信息化建设与日常工作“紧密结合”，对安全生产切实“有用、实用、好用”，避免建用“两张皮”，让安全管控更智能，让生产更高效才实用。迄今已服务中石化、中石油、延长石油、国能、兖矿、京能、索普、新安、奇美、昊源、潞安、旭阳、垦利、逸盛、海科、酒钢、金发等几百家石化、化工、选煤、钢铁、电厂企业。安然以客户为中心，以强者为本，抬头乐干，愿意与同道中人联合、链接，携手共建、共用、共享生产安全命运共同体，一起干，一起干，让优秀企业更安全，让优秀企业更高效！,"https://www.zhaopin.com/jobdetail/CC559764920J40823804004.htm?refcode=4019&srccode=401901&preactionid=a7c1140f-c46c-45e5-b867-ab342d8bdc77"
4249,C/C++,上海-浦东新区,1.2-2.4万·14薪,外企德科数字技术有限公司,专业技术服务,10000人以上,,CCL1480117890J40607199505,岗位职责： 1、从事分布式文件/对象/块存储系统的开发和测试； 2、实现公有云/私有云分布式文件/对象/块存储服务的高性能、高可靠性、高可用目标。 职位要求： 1、统招本科学历以上，计算机相关专业优先； 2、具备良好的计算机、软件工程等专业领域基础知识； 3、至少精通C、C++、Java、Python中的一种； 4、有完整的项目开发经验，具备系统核心模块看护经验者优先； 5、工作思路清晰，较好的沟通能力和技术学习能力，拥有良好的编码习惯，有很强的自学能力和自我提高的愿望；  （岗位不止局限于本方向，涉及多种技术栈和多个业务方向，感兴趣的可以投递简历详细了解）,2025-07-27 00:23:23,外企德科数字技术有限公司是一家2023年新成立的中外合资企业。成立于2023年11月24日，公司定位：专注于为信息技术企业提供人才及数字技术外包解决方案的中外合资企业。它是由中国人力资源服务行业的FESCO（北京国际人力资本集团）与全球人力资源服务领导者The Adecco Group（德科集团）合资成立的。公司主要提供网络技术服务、软件外包服务、计算机系统服务、技术进出口、软件开发等信息技术相关服务。专注于为信息技术企业提供信息技术类人才及数字技术外包解决方案。,"https://www.zhaopin.com/jobdetail/CCL1480117890J40607199505.htm?refcode=4019&srccode=401901&preactionid=a7c1140f-c46c-45e5-b867-ab342d8bdc77"
4250,实施工程师,石家庄-新华区,6000-7000元·14薪,广东魅视科技股份有限公司,"电子/半导体/集成电路,IT服务,计算机硬件,计算机软件",300-499人,未融资,CC487960020J40816086808,岗位职责： 1、完成项目现场产品售后调试及技术保障工作； 2、负责公司项目的需求分析、客户技术交流演示及解决方案等工作； 3、通过专业周到的技术服务，对工程质量负责；并提升公司产品及解决方案竞争力，对客户满意度负责； 4、为公司内外部提供培训支持工作； 5、在专业展会、巡展及其他市场活动为客户提供技术演示、讲解引导等工作。任职要求：  1、本科及以上学历，网络、通信、电子、机电类相关专业，1-2年系统集成技术经验优先，优秀应届毕业生亦可；  2、较强的分析解决能力、高度的责任心、良好的团队合作精神及抗压能力；  3、能接受一定强度的跨省区出差。,6月18日,广东魅视科技股份有限公司（AVCIT魅视科技），创建于2010年，注册资金1亿(股票代码：001229）。成立以来一直专注于音视频显示及中央控制领域的研发、生产及国内外营销服务，是国内乃至全球领先的音视频解决方案提供商。魅视科技拥有业内领先的自主核心技术和可持续研发能力，提供KVM坐席协作系统、分布式交互管理平台、中央控制、矩阵等系列音视频产品，并针对军队、公安、武警、检察院、法院、税务、海关、能源、灾防、媒体及智慧教育、智慧医疗、智慧商业等领域提供合适的细分产品与专业的行业解决方案。魅视科技旗下设立北上广3大国内营销中心、23个办事处，销售网络覆盖全国；并于2010年组建海外营销部，服务全球客户。凭借优质的产品性能和专业服务，在海内外成功实施了10000多个成功案例，包含北京奥运会、上海世博会、广州亚运会、杭州G20峰会、厦门金砖会议等多个大型盛会。我们将持续秉持着“求真务实、持续创新、追求卓越、成就价值”的核心价值观，以“实践者”精神为行动准则、以“创新”为发展驱动力量、以“卓越”为奋斗目标，实现企业价值、客户价值、行业价值和员工价值的共同提升、共同实现和共同回报；铭记“领视界·创不凡”的企业使命，为建设“受人尊敬的是世界级企业”的企业愿景而努力奋斗。魅视科技，为您提供完善而富有激励性的薪酬福利待遇；科学的培养体系；广阔的个人发展空间；单纯、积极的工作氛围。魅视科技给您提供的不仅是一个宽敞的舞台，更是一个任凭俊马驰骋的广阔草原；魅视科技给您提供的不仅是一个起航的港湾，更是一个容纳万吨油轮的海港；魅视科技，事业正蒸蒸日上；魅视科技，正需要一批批像您一样有激情、有冲劲、有智慧的员工共同为明天的腾飞而拼搏奋斗。公司长期热忱欢迎以下职位专才加盟：行业销售专家/大客户销售/销售工程师、售前工程师、高级软件工程师、FPGA工程师、测试工程师、售后工程师等。多地区工作岗位可选。广州总部：广州市天河区黄埔大道中662号金融城绿地中心9层北京平台：北京市海淀区西三旗桥南安宁庄后街京玺文创园A17号楼1层上海平台：上海市普陀区金沙江路1340弄新曹杨高新技术工业园A4栋2楼2室另设有沈阳、安徽、郑州、南京、杭州、江西、福建、新疆、西安、成都、重庆、贵州、云南、广西、湖北、湖南、河北、甘肃、深圳等23个国内办事处。更多详情，可登录公司网站：http://www.avcit.com.cn/进行了解！,"https://www.zhaopin.com/jobdetail/CC487960020J40816086808.htm?refcode=4019&srccode=401901&preactionid=a7c1140f-c46c-45e5-b867-ab342d8bdc77"
4251,科研人员,许昌-魏都区,4000-8000元,河南优良加教育科技有限公司,培训/辅导服务,20-99人,未融资,CC819862260J40676599406,工作内容 1、线上一对一形式的科研论文辅导； 2、评估学生学术背景，根据学生情况提供相应的学术提升意见； 3、指导学生论文选题、写作、修改及大纲调整、修改润色等； 4、对学生提交的论文稿件进行审核，指导学生修改，包括但不仅限于文字、语言、逻辑结构的指导； 5、指导学生确定研究或论文方向及思路，为学生的研究课题提供专业指导和修改见； 6、定期与学生沟通，监督并指导学生完成学术课题。 职位福利：弹性工作、无需坐班   ,7月28日,河南优良加科技发展有限公司以下简称“优良加教育”，专注于成人学历教育提升领域，主做同等学力申硕、MBA、双证在职研究生等各类学术型、专业型硕士及在职博士招生咨询、非全日制考研辅导等业务，招生专业几十个，客户群体广泛，公司致力于教育行业，将深耕教育，精细教育。优良加教育坚持走专业化的高端服务，提高公司项目的全方位综合竞争力。我们的目标是打造一个真正属于教育培训行业的健康、诚信的第三方平台，使得教育行业回归本真，实现健康可持续的发展。优良加教育的企业文化是简单、快乐、尊重、努力、坚持。我们将秉承”好加好，优上优“的原则引领我们的学员走向“学业”和“职业”双提升的目标，定期组织学员开展各种活动，丰富业余生活，积累了宝贵的人脉，开阔视野。欢迎加入优良加教育！,"https://www.zhaopin.com/jobdetail/CC819862260J40676599406.htm?refcode=4019&srccode=401901&preactionid=a7c1140f-c46c-45e5-b867-ab342d8bdc77"
4252,C/C++,上海-青浦区,1.7-3万·16薪,外企德科数字技术有限公司,专业技术服务,10000人以上,,CCL1480117890J40769644005,1:统招度大学，理工科相关。毕业证学位证齐全 2:会一种语言就可Python、JAVA、JS、测试C++3:华为目前在招城市:北京、上海、深圳、杭州、南京、西安、成都、武汉，以上研究院均有hc 4:华为目前在招产品线:BPIT，消费者终端，2012实验室，carbu，IT装备部，华为云，GTS，数字能源，光，无线，云核，公共开发，计算产品线，数存，数通，存储、数据库、云计算、人工智能、智能驾驶、音视频、实验室、芯片等5:福利待遇 全程线上面试，全额六险一金，试用期全薪资，有班车和食堂，独立办公园区 6:工作时间:弹性打卡，周末双休，每天早上9点上班，12-2点午休2小时，提供免费夜宵，周三周五家庭日，月末最后一个周六上班双倍加班费,2025-07-27 00:24:28,外企德科数字技术有限公司是一家2023年新成立的中外合资企业。成立于2023年11月24日，公司定位：专注于为信息技术企业提供人才及数字技术外包解决方案的中外合资企业。它是由中国人力资源服务行业的FESCO（北京国际人力资本集团）与全球人力资源服务领导者The Adecco Group（德科集团）合资成立的。公司主要提供网络技术服务、软件外包服务、计算机系统服务、技术进出口、软件开发等信息技术相关服务。专注于为信息技术企业提供信息技术类人才及数字技术外包解决方案。,"https://www.zhaopin.com/jobdetail/CCL1480117890J40769644005.htm?refcode=4019&srccode=401901&preactionid=a7c1140f-c46c-45e5-b867-ab342d8bdc77"
4253,实施工程师,广州-越秀区,100-130元/天,明朝万达,"网络/信息安全,网络/信息安全,计算机软件",500-999人,D轮及以上,CC138671020J40784352015,工作职责： 1、深入理解产品、挖掘用户需求，为销售工作提供售前技术支持和咨询意见； 2、完成创新方案设计和方案落地，参与项目招投标； 3、负责产品部署、维护和现场技术支持，完成产品的使用培训和安装调试。 招聘要求： 1、统招本科及以上学历，理工类相关专业均可、计算机类相关专业优先； 2、具备扎实的IT软硬件知识，熟悉常见的操作系统、数据库、网络设备配置等，热爱钻研； 3、具备优秀的沟通表达和方案撰写演示能力，客户导向、服务意识强； 4、思维清晰，谈吐大方，仪表得体，有学生会或者社团组织管理经历者优先； 5、能够承受较大的工作压力，能够适应经常出差。 注：本职位只接收2025届实习生。,1月7日,北京明朝万达科技股份有限公司成立于2005年，是中国新一代信息安全技术企业的代表厂商，专注于数据安全、公共安全、云安全、大数据安全及加密应用技术解决方案等服务。基于“动态数据安全，数据全生命周期管控”的产品理念，明朝万达始终以守护用户数据价值为己任，致力于让安全真正服务于业务发展。在大数据、云计算等新技术应用背景下，明朝万达以数据安全为核心、自主可控的国密算法应用技术为基础，研发的Chinasec（安元）数据安全系列产品及解决方案，覆盖数据产生、存储、交换、使用等全生命周期重要环节，实现对服务器、数据库、PC终端、移动终端以及网络通信的全IT架构下数据安全的协同联动管理，打造企业级的数据安全防护体系。作为国内数据安全市场的倡导者，明朝万达拥有一支以清华大学博士和硕士为骨干力量的核心团队，已累计申请发明专利300余项，累计授权专利百余项。在推动技术创新的同时，注重技术与业务的深度融合，为客户提供量身定制的数据安全解决方案。公司现有员工近600人，总部设于北京，在上海、广州、成都、西安、贵阳、天津、武汉、南京、无锡、长春等地设有分支机构。历经十余年的发展与积累，明朝万达客户已覆盖金融、政府、公安、电信运营商、能源、设计院所和研发制造业等领域，签约用户超过3000家。,"https://www.zhaopin.com/jobdetail/CC138671020J40784352015.htm?refcode=4019&srccode=401901&preactionid=a7c1140f-c46c-45e5-b867-ab342d8bdc77"
4254,硬件测试,大连-甘井子区,5000-8000元,大连泰思曼科技有限公司,电子/半导体/集成电路,20-99人,未融资,CC207278710J40743463114,岗位职责： 1、负责对产品软硬件测试环境的开发、搭建及调试； 2、调试过程课题汇总，调试报告编写及调试结果记录； 3、协助开发人员对实验中发现的问题进行实验分析及解决； 4、负责产品调试的实施，包括：功能、性能、可靠性等的调试，以及实验数据的记录； 5、调试设备的维护及日常点检； 任职要求： 任职要求： 1、本科以上电力电子、电气自动化、通信等相关专业； 2、熟悉AC/DC/DC变化器、DC/AC逆变器等常见电路拓扑，了解电源类产品的技术指标； 3、熟悉电子负载、示波器、万能表、智能信号模拟器、耐压测试仪等各种电源测试仪器； 4、具备较好计算机工作技能、较强的动手能力； 5、良好的沟通与团队协作能力； 6、有基础知识想在高压电源领域发展的公司可培养。 公司福利待遇：入职即缴五险一金、全勤奖、年终奖、餐补、交通补、孝道津贴、带薪年假、定期体检、团体旅工龄工资等,7月25日,业务快速增长，急需有志销售人员，研发人员，年薪18万不是梦泰思曼科技，作为高压电源技术领导者，致力于高压电源产品的研发生产和销售，经过多年努力，已开发出几十款高压电源产品，特别是现在智能大功率高压电源的推出确立了行业的领导地位，业务面临迅速扩张，欢迎有志之士加盟共谋大业，共赢未来！大连泰思曼，是专业的高压电源供应商，生产，定做全系列高压电源产品，为世界各地的客商提供周到的全方位的服务。我们的产品应用涵盖了静电除尘、油烟净化、静电喷涂、X光机和CT机、静电喷雾，物料静电喷涂包裹，激光设备，臭氧发生设备，静电植绒、科学研究、静电杀菌等领域。我们的客户包括了OEM厂商，工厂，科研院所和大专院校，在同行业赢得了广泛的信誉。泰思曼的目标：以科学的态度，勇于创新的精神和用户一道在高压电源的应用领域不断探索和开拓，为用户提供更先进，更可靠，更环保的高压电源产品，从而提升用户产品的性能。为了这一目标，我们将策略的重点放在：对用户的需求的快速反应，强化工程设计水平，完善项目管理体制，不断改进生产工艺、永无止境地追求质量和效率。用不断完善的高压电源产品线，我们可以满足大多数用户的各种需求，甚至包括了各种偏、冷门的需求，其中有生产厂商的OEM配套、科研院所的实验测试设备、及其他直接用户的需求。这些高压电源产品有：X光机高压电源有称为X光高压电源、X光机电源、X光管高压电源、X光电源、X光管电源、X光射线管高压电源、X光射线管电源，X光检测高压电源、X光测量高压电源，无损探伤高压电源、无损检测高压电源、无损测量高压电源，光谱分析高压电源、荧光光谱分析高压电源。,"https://www.zhaopin.com/jobdetail/CC207278710J40743463114.htm?refcode=4019&srccode=401901&preactionid=a7c1140f-c46c-45e5-b867-ab342d8bdc77"
4255,测试工程师,镇江-丹阳市,1-1.8万·14薪,江苏鱼跃医疗设备股份有限公司,"医疗设备/器械,医疗设备/器械",10000人以上,已上市,CC199971310J40816563303,岗位职责:,7月23日,"鱼跃医疗,中国A股上市公司,专注医疗健康25年。自1998年创立以来,坚持以“帮患者减轻痛苦，助医生提升医术”为使命，成为中国领先的医疗健康产品与服务解决方案提供商。覆盖呼吸治疗、糖尿病管理及体外诊断、感染控制、超声诊断等 10个医疗健康解决方案。在全球建立 12个研发中心、9个生产基地，服务全球超过 30万家医疗机构和国内 90%以上的三甲医院，覆盖海外 131个国家和地区，惠及全球了亿家庭。鱼跃致力成为全球领先的医疗器械集团，创新前瞻科技将专业的医疗级产品与服务解决方案带入家庭，专业回应医生和患者的健康管理需求，积极践行《健康中国 2030》国家战略，帮助人们构筑更有品质的健康美好生活，持续推动医疗健康事业的蓬勃发展。","https://www.zhaopin.com/jobdetail/CC199971310J40816563303.htm?refcode=4019&srccode=401901&preactionid=a7c1140f-c46c-45e5-b867-ab342d8bdc77"
4256,Java,广州-白云区,1.5-3万·16薪,外企德科数字技术有限公司,专业技术服务,10000人以上,,CCL1480117890J40653013805,"岗位要求： 一、软件开发工程师 1. 热爱编程，熟悉掌握Java/C++/C/Python/Web开发等编程语言中的一种或多种编程语言，扎实的编程功底； 2. 具备良好的独立工作能力和解决问题能力，善于沟通，乐于合作，热衷新技术； 二、软件测试工程师： 1. 热爱编程，熟悉掌握C/C++/Java/Python等编程语言中的一种或多种编程语言，扎实的编程功底； 2.有web开发或测试经验、自动化开发或测试经验者优先。 3.熟练掌握系统测试、功能测试、专项测试、软件测试、韧性测试、安全测试方法中的一种或多种测试方法，有相关测试语言/脚本的编写和实践经验优先，也可接受纯测试经验的。 4.具备良好的独立工作能力和解决问题能力，善于沟通，乐于合作，热衷新技术； 三、算法工程师： 1、熟练掌握Java/C/C++/Python其中一个或多个编程语言，有扎实的编程功底； 2、熟悉机器学习、深度学习或图像算法。 四、数据开发工程师 1、参与或负责大数据的采集、存储、处理、通过分布式大数据平台加工数据，数据驱动运营; 2、参与或负责大数据仓库的设计、开发、维护,通过数据仓库和数据治理体系有效的管理和组织P级数据,提升数据质量和数据开发效率; 3、较强的动手能力和学习能力,熟悉一门数据处理语言,如JAVA、 SQL、Python 等; 4、深入理解 Map-Reduce 模型和Hadoop、 Spark、FIink、MPP DB等大数据和仓库相关知识 公司福利： 1. 底薪+绩效+项目奖金+年终奖； 2. 全额缴纳五险一金； 3.一年数次考评，薪资可上浮~ 4.带薪年假5-15天，双休； 5.享有健身房、班车、加班打车报销等软性福利。",2025-07-27 00:23:24,外企德科数字技术有限公司是一家2023年新成立的中外合资企业。成立于2023年11月24日，公司定位：专注于为信息技术企业提供人才及数字技术外包解决方案的中外合资企业。它是由中国人力资源服务行业的FESCO（北京国际人力资本集团）与全球人力资源服务领导者The Adecco Group（德科集团）合资成立的。公司主要提供网络技术服务、软件外包服务、计算机系统服务、技术进出口、软件开发等信息技术相关服务。专注于为信息技术企业提供信息技术类人才及数字技术外包解决方案。,"https://www.zhaopin.com/jobdetail/CCL1480117890J40653013805.htm?refcode=4019&srccode=401901&preactionid=a7c1140f-c46c-45e5-b867-ab342d8bdc77"
4257,实施工程师,武汉-武昌区,7000-12000元,东华医为科技有限公司,"IT服务,IT服务",1000-9999人,未融资,CC649781480J40556384605,任职要求： 1、本科及以上学历，一本以上院校毕业； 2、熟悉HTML、C#、Java语言的一种或多种; 3、掌握MySQL、SQLServer、Oracle等的一种或多种; 4、熟悉easyUI、VUE、React等前端框架技术优先; 5、有医疗行业从业经验优先; 岗位职责： 1、负责产品在医院的实施上线； 2、负责产品的演示和沟通交流； 3、负责解决产品上线后的运维需求；,2025-07-27 00:29:00,东华医为科技有限公司（简称东华医为）成立于2012年5月，注册资金5000万，是东华软件股份公司旗下专业服务医疗、卫生等大健康领域IT业务的全资子公司。东华医为现有员工2000余人，其中技术人员占比达到90%，拥有近100项大健康类自主知识产权的软件产品，所覆盖的大健康领域有医疗机构、卫生管理机构、互联网医疗、人工智能、大数据、健康管理等，所涉及的主要业务有IT咨询规划、方案设计、系统集成、软件开发与交付、工程实施与交付、人才培养、售后运维、合作运营等。东华医为现为全国500余家大健康领域的各类用户提供着持续的技术服务，还连续多年蝉联中国十佳医疗行业解决方案商榜首。传承了东华软件医疗卫生事业部近二十年IT业务的东华医为，在高速发展的大健康领域，笃定能大有作为。,"https://www.zhaopin.com/jobdetail/CC649781480J40556384605.htm?refcode=4019&srccode=401901&preactionid=a7c1140f-c46c-45e5-b867-ab342d8bdc77"
4258,前端开发,武汉-武昌区,6000-12000元,久远银海,"计算机软件,计算机软件",1000-9999人,已上市,CC120934830J40686497906,岗位职责 1、根据工作安排高效、高质地完成代码编写，确保符合规范的前端代码规范； 2、负责公司项目的前端修改调试和开发工作，优化用户交互体验； 3、与设计团队紧密配合，能够实现设计师的设计想法； 4、与后端开发团队紧密配合，确保代码有效对接，优化页面前端性能； 5、能通过各类前端技术对页面进行极致的优化，良好的前端代码习惯。 任职要求 1、本科及以上学历，计算机软件相关专业，有相关工作经验优先； 2、熟练掌握HTML，CSS，Javascript等语言，能够独立编写严谨的，规范的，高效的代码。具备良好的格式及注释习惯； 3、熟悉React.js、vue.js、ES6等相关前端技术； 4、熟悉响应式布局，能够根据不同需求完成PC和移动端不同分辨率，不同尺寸的页面； 5、熟悉各种浏览器的特性，页面能够良好的兼容各种主流浏览器； 6、能够与UI设计师，以及后台开发人员进行良好的沟通，能够根据UI设计师提供的效果图，结合页面功能，设计合理的页面HTML骨架，并结合CSS及JS语言，完整的高度还原UI设计师所设计的页面，输出静态页面； 7、良好的沟通与设计表达能力，具有责任心，工作目标感与计划性；良好的团队协作，执行力与学习能力。 公司性质：国有控股/股份制企业/上市公司 公司福利：五险一金、年终绩效、出差补助、项目津贴 集体年度工会旅游 带薪年假 生日补助、婚育补助 春节、中秋、端午员工福利 工作时间：双休 9:00-17:30 国家法定节假日休息,7月25日,久远银海是智慧民生服务商，2015年在深交所上市，股票代码002777。公司具备CMMI5、ITSS、信息安全服务等行业资质，参与了40余项国家标准、行业标准及地方标准的制定。公司聚焦医疗医保、数字政务、智慧城市三大战略方向，秉承“科技服务民生”的使命，弘扬“创新、奋斗、共赢”的企业精神，为客户和社会创造价值。1、医疗医保。围绕医保、医疗、医药、医养等健康领域，面向医保局、卫健委等政府部门，以及医疗机构、医药机构、金融机构、商保机构等主体，服务医保经办、医保互联网、医保大数据、区域卫生、智慧医院、互联网医疗、健康医疗大数据等业务发展，助力“健康中国”建设。2、数字政务。围绕人社、住房金融、民政、工会、市场监管、人大政协、退役军人事务等民生领域，面向人社局、房管局、公积金管理中心、民政局、总工会、财政局、税务局、市场监督管理局、人大政协、退役军人事务局等政府部门，以及互联网企业、金融机构、商保机构、养老机构、培训机构、房地产服务机构等主体，助力政府治理体系和治理能力发展，助力信息惠民。3、智慧城市。围绕城市的创新发展、建设运营和高效治理，面向城市政府及相关主体，构建城市级信息平台和运营中心，并推动大数据在城市治理的应用，全面推进城市的公共服务、社会管理、生活环境、产业发展、基础设施、信息资源、网络安全等体系建设，助力新型智慧城市发展。公司市场覆盖全国29个省份、220余个城市，为16万家医药机构和7亿社会公众提供服务。国家部委：国家医保局、国家卫健委、人社部、民政部、住建部等西南：四川、重庆、云南、贵州、西藏华东：江苏、山东、浙江、福建华南：广东、广西、海南华中：河南、湖北、湖南、安徽、江西华北：北京、天津、山西、河北、内蒙古西北：陕西、新疆、甘肃、青海东北：辽宁、黑龙江、吉林,"https://www.zhaopin.com/jobdetail/CC120934830J40686497906.htm?refcode=4019&srccode=401901&preactionid=a7c1140f-c46c-45e5-b867-ab342d8bdc77"
4259,技术支持工程师,西安-灞桥区,4000-7000元,陕西长通科技有限公司,"计算机软件,电子/半导体/集成电路,客运服务,IT服务",20-99人,不需要融资,CC153980120J40501068612,职位描述： 1）项目前期图纸的绘制及设计工作；  2）绘制项目前期的图纸，及检查设计图纸，施工规范，操作规程等，是否符合规范标准； 3）归纳整理项目技术档案，各项技术资料收集整理并汇总；  4）熟悉公司电路板，可以熟练完成信号箱、控制箱等产品组装； 5）配合软件开发人员完成测试工作； 7）上级领导交办的其他工作。 任职要求： 1）统招本科及以上学历； 2）计算机、通信、控制化相关专业； 3）积极上进，善于主动学习工作中所遇到的问题； 4）吃苦耐劳、抗压能力强，能够适应出差。 5）精通办公软件Office、熟练PS、CAD制图等；,2月24日,陕西长通科技有限公司，创建于2005年，是一家依托于国家重点高校，以计算机、通信、自动控制技术为主，面向机动车检测、拆解、智能交通行业的高新技术企业。公司拥有一支组建二十多年，从事产品研发、系统集成、生产、销售及服务的专业团队。其中，研发团队长期同重点高校科研团队紧密协作，先后承担了国家、省、部级的多项重点科研项目。公司以“信誉至上、服务一流、铸造精品、求实创新”作为经营理念，紧跟世界科技发展潮流，不断为新老客户推出先进、可靠、高效的新产品，并外销多个国家。公司通过了高新技术企业认定、ISO9001认证，目前是中国软件行业协会会员单位、陕西省机动车辆检测协会的常务理事单位，陕西省道路交通安全协会的常务理事单位。公司承建的机动车检测系统在陕西省具有良好的口碑和占有率。公司创建以来一直为实现“推动行业技术进步，为行业提供一流的综合解决方案”的愿景，不断努力奋斗。,"https://www.zhaopin.com/jobdetail/CC153980120J40501068612.htm?refcode=4019&srccode=401901&preactionid=a7c1140f-c46c-45e5-b867-ab342d8bdc77"
4260,技术支持工程师,烟台-莱山区,6000-10000元,山东浦创流体技术有限公司,"环保,环保",20-99人,未融资,CC606127330J40693436415,"一、主要职责 1、协助销售和市场部一起建立/定义客户需求，基于已有的技术和竞争对手的分析，评估可能的设计方案； 2、与销售和客户紧密合作，将浦创系统集成到客户的工艺流程中； 3、与实验室中心一起制定客户测试计划，为实验室中心内部和现场测试提供技术支持； 4、准备系统成本估算和系统方案, 准备P＆ID和投标图纸； 5、支持系统方案准备，并根据需要到客户现场做技术交流； 6、开发用于系统自动化的系统控制功能描述，准备系统操作和维护手册，提供系统安装和开车技术支持服务，参与客户操作人员培训。 7、完成经理交付的其它工作。 二、工作标准/绩效目标 1、按时完成设计图纸； 2、给销售提供技术支持（PPT，投标澄清等）； 3、系统订单项目执行支持； 4、系统服务技术支持。 三、任职资格 1、本科及以上学历，专业为化学工程或相关专业； 2、良好的人际沟通能力，团队协作精神和积极肯干的工作态度； 3、熟悉办公软件和CAD软件 (比如 Pro/E, AutoCAD, PDM etc), 具备3D制图能力(Fusion or Inventor)； 4、愿意出差，有较强的学习能力，可以很快的适应有挑战性的工作。  四、工作经验",5月8日,山东浦创流体技术有限公司，成立于2017年，注册资金3000万，总部位于烟台高新区联东U谷，营业部遍布北京，上海等主要城市。浦创致力于超高温、高压、大流量含尘气体工况的自动反吹过滤系统的设计、生产及系统服务指导，拥有一支强大的技术研发团队，集结了全球一流的陶瓷过滤专家。团队成员拥有多年复杂反吹系统设计经验、高温陶瓷多孔滤芯生产及研发经验。我们潜心钻研，只为提供可以真正为中国客户解决复杂工艺问题及苛刻环保排放问题的高端国产自动反吹系统。为了确保高品质的产品质量及稳定的交货期，浦创采用全新一代的陶瓷滤芯生产工艺，所有生产设备均来自德国及日本。浦创还配备了实验中心，该实验中心目前具备滤芯微观结构检测、滤芯孔隙率检测、滤芯强度测试、滤饼通透性测试以及系统性能测试等能力。公司产品广泛应用于石油化工行业、煤化工行业、钢铁制造行业、玻璃制造行业、垃圾焚烧行业等多个领域。在中国市场，浦创还配备一支强大的专业技术服务团队，可以为客户提供全方位从售前到售后的专业技术服务。,"https://www.zhaopin.com/jobdetail/CC606127330J40693436415.htm?refcode=4019&srccode=401901&preactionid=a7c1140f-c46c-45e5-b867-ab342d8bdc77"
4261,硬件测试,上海-浦东新区,1-1.4万,软通动力信息技术(集团)股份有限公司,"互联网,IT服务,计算机软件",10000人以上,D轮及以上,CC000544460J40695801716,岗位描述：1、两年以上硬件测试工作经验，熟练掌握和使用硬件测试设备，如程控电源、示波器等，能看懂电路原理图，PCB等； 2、要求有可靠性测试经验，包括环境可靠性，电气负荷测试，振动测试等； 3、有pisi、CAN、ETH、I2C、SPI、SGMII，电源文波噪音等测试经验优先； 4、有接触过车载零部件测试或有车厂工作经验优先，有自动化测试脚本&代码开发经验优先； 关键字：电路设计、单元测试、demo板设计、画原理图、器件替换、硬件方案、失效分析、8D报告,3月28日,软通动力信息技术（集团）股份有限公司（以下简称“软通动力”）是中国数字技术产品和服务创新领导企业，致力于成为一家具有全球影响力的科技企业，企业数字化转型可信赖合作伙伴。公司2005年成立于北京，多年来始终坚持科技创新，具有软硬全栈的智能技术产品和服务能力，提供软件与数字技术服务、计算产品与数字基础设施、数字能源与智算服务以及国际化服务。目前，公司在10余个重要行业服务超过1100家国内外客户，其中超过230家客户为世界500强或中国500强企业，员工近90000人。软通动力拥有软通咨询、软通金科、软通工业互联、机械革命、软通华方等业务子品牌，并在全球40余个城市布局业务，构建北美、日本、东南亚、中东四大国际交付中心，在北京城市副中心、江苏无锡建设两大智能制造基地。同时，公司前瞻布局智能制造、ICT软硬基础能力和生产力智能化产品，打造产业链闭环。软通动力设立30个能力中心，拥有1个国家级工程实验室，6个省市政府认定的工程、技术实验室及研发中心，1个博士后科研工作站，50+技术合作伙伴的生态合作体系，不断探索前沿技术的巨大商业应用潜力。公司旗下教育品牌软通教育，拥有一家全日制本科学院——郑州西亚斯学院数字技术产业学院；同时在全国合作院校600多所，设有70多个校企联合人才培养基地，通过校企合作、协同育人，为社会培养高素质应用型人才。软通动力先后获得“2023年中国IT服务市场排名TOP 1”、“2024年Q4 PC出货量国内市场份额排名TOP 2”、“2024年中国软件和信息技术服务竞争力百强企业”、“2023年中国信创企业100强”、“2024万得ESG评级（Wind ESG Rating）AA级及信息技术服务行业ESG综合得分排名第一”等荣誉及市场认可，并拥有全球软件工程领域最高级别CMMI V2.0成熟度5级评估认证、国家研发运营一体化（DevOps）三级能力成熟度模型认证、信息技术服务标准（ITSS）运维能力成熟度一级认证等专业资质，支撑公司更优质的服务体系。,"https://www.zhaopin.com/jobdetail/CC000544460J40695801716.htm?refcode=4019&srccode=401901&preactionid=a7c1140f-c46c-45e5-b867-ab342d8bdc77"
4262,Java,成都-郫都区,1.3-2.6万,外企德科数字技术有限公司,专业技术服务,10000人以上,,CCL1480117890J40797041205,岗位职责： 1、基于华为云，采用微服务架构，负责工业软件云aPaaS平台子系统（模块）方案设计，核心代码开发，DT测试设计和用例开发，保证版本高质量交付和运行 2、持续看护所负责子系统（模块）代码，不断开展重构优化，确保代码质量满足可用，可靠，安全等可信要求； 3、负责子系统（模块）的DevOps能力提升，持续提升运维能力； 岗位要求： 1、熟练掌握Springboot开发框架，具备良好的Java编程习惯， 2、熟悉常用的数据结构及算法；熟悉数据库、多线程、中间件开发等； 3、熟悉常用的开发工具，Git等代码库控制工具，具备基本的软件工程知识； 4、学习能力强，工作积极主动，愿意接受挑战。,2025-07-27 00:26:11,外企德科数字技术有限公司是一家2023年新成立的中外合资企业。成立于2023年11月24日，公司定位：专注于为信息技术企业提供人才及数字技术外包解决方案的中外合资企业。它是由中国人力资源服务行业的FESCO（北京国际人力资本集团）与全球人力资源服务领导者The Adecco Group（德科集团）合资成立的。公司主要提供网络技术服务、软件外包服务、计算机系统服务、技术进出口、软件开发等信息技术相关服务。专注于为信息技术企业提供信息技术类人才及数字技术外包解决方案。,"https://www.zhaopin.com/jobdetail/CCL1480117890J40797041205.htm?refcode=4019&srccode=401901&preactionid=a7c1140f-c46c-45e5-b867-ab342d8bdc77"
4263,实施工程师,济南-槐荫区,7000-12000元,东华医为科技有限公司,"IT服务,IT服务",1000-9999人,未融资,CC649781480J40792096905,1、英语水平较高；,2025-07-27 00:28:41,东华医为科技有限公司（简称东华医为）成立于2012年5月，注册资金5000万，是东华软件股份公司旗下专业服务医疗、卫生等大健康领域IT业务的全资子公司。东华医为现有员工2000余人，其中技术人员占比达到90%，拥有近100项大健康类自主知识产权的软件产品，所覆盖的大健康领域有医疗机构、卫生管理机构、互联网医疗、人工智能、大数据、健康管理等，所涉及的主要业务有IT咨询规划、方案设计、系统集成、软件开发与交付、工程实施与交付、人才培养、售后运维、合作运营等。东华医为现为全国500余家大健康领域的各类用户提供着持续的技术服务，还连续多年蝉联中国十佳医疗行业解决方案商榜首。传承了东华软件医疗卫生事业部近二十年IT业务的东华医为，在高速发展的大健康领域，笃定能大有作为。,"https://www.zhaopin.com/jobdetail/CC649781480J40792096905.htm?refcode=4019&srccode=401901&preactionid=a7c1140f-c46c-45e5-b867-ab342d8bdc77"
4264,硬件测试,北京-昌平区,150-200元/天,浪潮集团,"IT服务,计算机软件,计算机硬件",10000人以上,,CC120143600J40851004115,岗位内容： 1. 执行硬件测试任务，并维护测试数据和文档； 2. 跟进测试过程中发现的问题，协助解决硬件缺陷； 3. 收集硬件测试需求，推动测试工具和方法的改进。 任职要求： 1. 熟悉常用的硬件测试方法和工具，有相关经验者优先考虑； 2. 善于沟通和协作，具有良好的团队合作精神； 3. 具备较强的学习和自我提升意愿，能够快速适应新环境和新技术。 此岗位是外包岗位，工作地点在客户现场。,6月5日,浪潮集团是中国领先的云计算、大数据服务商，拥有三家上市公司。主要业务涉及计算装备、软件、云计算服务、新一代通信、大数据及若干应用场景。作为中国最早的IT品牌之一，浪潮致力于成为世界一流的新一代信息技术龙头企业经济社会数字化转型的优秀服务商，新型基础设施建设的骨干企业。,"https://www.zhaopin.com/jobdetail/CC120143600J40851004115.htm?refcode=4019&srccode=401901&preactionid=a7c1140f-c46c-45e5-b867-ab342d8bdc77"
4265,技术支持工程师,无锡-锡山区,150-160元/天,无锡普天铁心股份有限公司,"通用设备制造,互联网",500-999人,A轮,CC676381120J40664782613,岗位职责:,12月13日,无锡普天铁心股份有限公司成立于2004年，是一家专心专注制造、研发与销售电力变压器铁心的科技增长性企业，主导制定了GB/T 32288-2015《电力变压器用电工钢铁心》国家标准。建有变压器铁心专业化智能制造基地，车间恒温、恒湿、无尘，在制造全工序植入国际先进的物联网技术、MES系统、SAP系统等集成应用，拥有世界精密的中心定位式纵剪机组、全序列自动理料、自动叠片横剪机组等智能生产设备，可以在线测厚测铁损，以及智能化立体式仓储物流系统等，实现生产过程高度自动化、信息化、精益化，努力创造中国版“工业4.0”智慧工厂。经过多年发展，普天铁心品牌（PTTX）赢得了国内外广大客户的认可和赞誉，销售及服务网络遍布全国二十多个省市、自治区，并远销南美、欧洲、中东、东南亚等20多个国家和地区，产品已广泛应用于国家电网、核电站、京沪高铁、城市地铁、太阳能、海洋风电、大型住宅区等领域，产销量和规模连续多年保持行业领先，为全球200多家变压器厂提供一站式优质服务和创新解决方案。,"https://www.zhaopin.com/jobdetail/CC676381120J40664782613.htm?refcode=4019&srccode=401901&preactionid=a7c1140f-c46c-45e5-b867-ab342d8bdc77"
4266,测试工程师,合肥-蜀山区,6000-10000元,北京三清互联科技股份有限公司珠海分公司,电力/水利/热力/燃气,300-499人,B轮,CC860658740J40725088102,职责如下：   ,2025年07月30日,"北京三清互联科技有限公司，成立于2011年,现为国家高新技术企业。三清互联作为技术创新型的智能配电网产品及解决方案提供商，坚持以支撑建设“能清、网清、气清”美丽城乡电网为己任，以“三清家园美”为目标，以提供优质的产品和服务为宗旨，以成为中国配电网领域有价值的技术和产品服务提供商为使命，依托清华学士、硕士、博士们的三清科研才智和科研实力，秉承清华大学“自强不息、厚德载物”之精神，互联清华系的技术、产品和方案，发展自主高新技术，助力能源互联网的建设，服务经济发展。三清互联致力于集成先进传感器、无线通信、电力电子及先进配电网监测与故障诊断等技术，研制了新能源服务、配电网自动化、电能质量监测与治理、机器人巡检等。新能源服务产品包括交直流充电桩、大容量相变储能、岸电等产品；配电自动化产品包括配电线路故障指示器、FTU、DTU等产品；电能质量监测与治理包括电力电子型三相负荷不平衡自动调节装置、换相开关型三相负荷不平衡自动调节装置及SVG、SVC等；机器人巡检包括配电站、变电站巡检机器人等产品。自2012年起，三清互联研发的配电线路故障指示器、配电终端、直流充电桩等产品服务已得到广泛应用，地域覆盖河北、福建、宁夏、内蒙、山东、陕西、北京、河南、江苏、浙江、四川、重庆、西藏、云南等地。目前，公司拥有由多名清华教授组成的专家顾问团队，高级顾问为中国工程院院士、清华大学博士生导师韩英铎教授，另有多名电力行业内战略投资人加入。公司拥有优秀的精英研发团队，公司董事长兼总经理是师从韩英铎院士的三清博士。毕业于清华大学的精英研发人员长期和清华大学电机系、计算机系的研究室全面深入合作，不断为智能配电网提供优质的创新型产品。公司主要研发人员的电力行业经验达到20年，团队拥有有丰富的实战经验。公司长期与以色列、美国、法国的高科技公司合作，联合研发新产品。公司产品不仅适用于国内电网，也在国外取得了很好的应用前景。我们将本着“专注、创新、至精、卓越”的企业理念，以创造优秀的民族企业为目标，为国家电网建设事业贡献力量","https://www.zhaopin.com/jobdetail/CC860658740J40725088102.htm?refcode=4019&srccode=401901&preactionid=a7c1140f-c46c-45e5-b867-ab342d8bdc77"
4267,技术支持工程师,郑州-管城回族区,5000-8000元·13薪,郑州辰音网络科技有限公司,通信/网络设备,20-99人,,CC881374970J40726700914,通信工程师招聘： 薪资：4k-8k，五险管住宿，大专以上学历，不限专业。 工作内容： （1）工作没有编程，没有体力活，都是通信软件的熟练使用。 （2）处理用户投诉，解决信号差，上网速度慢等问题; （3）定期对市区道路、高速、铁路进行信号测试，对弱覆盖、下载速率慢等问题进行分析处理； （4）演唱会、展览会、重大会议等重要活动的信号保障。 岗位要求： 1、18－30岁，大专或者以上学历，不限专业和经验，来了有人带； 2、能够接受全国范围内的外派出差，省内可以优先安排，工作地点在各地市运营商办公大楼，属于驻场工程师； 3、会基本的办公软件操作；,4月7日,,"https://www.zhaopin.com/jobdetail/CC881374970J40726700914.htm?refcode=4019&srccode=401901&preactionid=a7c1140f-c46c-45e5-b867-ab342d8bdc77"
4268,C/C++,南京-雨花台区,8000-10000元·13薪,南京星赫能源科技有限公司,IT服务,20-99人,未融资,CCL1348335210J40745633815,岗位职责：,2月28日,南京星赫能源科技有限公司简介：·公司于2021年6月在中国软件谷成立；·专注于分布式新能源领域的能源监控、电力智能分析应用等；·公司主要围绕能源监控、智慧能源等方面进行公有云、私有云能源管理产品开发与应用自研，并以经验非常丰富的人才队伍提供专业优质的产品服务；技术团队：·技术团队来自于南京大学、东南大学校友，皆拥有长期丰富的电力行业大型软件设计开发经验；·丰富的能源行业产品研发经验；·精湛的技术开发水平和良好的技术服务口碑；·团队目前人数17人，其中研发15人，985、211院校毕业占比超过50%；·团队成员曾获省部级科技进步奖3项，申请发明专利30+项，软著20+项。,"https://www.zhaopin.com/jobdetail/CCL1348335210J40745633815.htm?refcode=4019&srccode=401901&preactionid=a7c1140f-c46c-45e5-b867-ab342d8bdc77"
4269,技术支持工程师,杭州-滨江区,1-1.5万,杭州海康威视数字技术股份有限公司,"人工智能,工业自动化,人工智能,物联网",10000人以上,已上市,CC120975580J40382550915,职位描述： 1 负责机器人焊接路径编程、示教及调试，协助完成产品售前方案及自动化解决方案； 2. 重点项目现场的调试及支持，对基础故障进行现场维修； 3. 编写与维护产品、项目相关文档，经验总结及分享； 4. 收集和反馈产品需求及问题，为产品改进提供依据； 5. 对内外部客户的进行技术培训和产品推广。   任职资格： 1. 本科及以上学历，5年以上工作经验，机械、电气或自动化相关专业； 2. 至少熟练使用一款市面常见机器人产品，了解机器人基本硬件结构及原理； 3. 能独立负责机器人焊接工艺的设计与调试工作； 4. 具备较强的抗压能力，能适应出差； 5. 具备良好的沟通表达能力，具备客户导向和服务意识。,7月29日,【公司介绍】海康威视成立于2001年，是一家专注技术创新的科技公司，致力于将物联感知、人工智能、大数据技术服务于千行百业，引领智能物联新未来：以全面的感知技术，帮助人、物更好地链接，构筑智能世界的基础；以丰富的智能产品，洞察和满足多样化需求，让智能触手可及；以创新的智能物联应用，建设便捷、高效、安心的智能世界，助力人人享有美好未来。【公司实力】全球业务覆盖150+国家/地区，11大全球研发中心，7大全球制造基地；58000+全球员工，其中研发人员和技术服务人员超27951人，研发投入占全年营业收入11.80%，绝对数额占据业内前茅（2022年年报）；视频感知—国家新一代人工智能开放创新平台（中华人民共和国科学技术部颁布）；连续6年蝉联“全球安防50强”第1位（a&s《安全自动化》）；连续6年蝉联“中国最佳雇主”全国30强（智联招聘）。【薪酬福利】基础福利：五险一金、补充商业保险、年度健康体检；假期福利：带薪年假、全薪病假、婚假、产育假、母婴照顾假、育儿假等；多重补贴：餐饮补贴、交通补贴、通讯补贴、团队建设津贴；乐活配置：免息住房借款、特色员工餐厅、免费停车场、免费健身房、理疗室、定期义诊等园区服务等（园区服务部分区域可享，详请咨询当地HR）；人才激励：年终奖、核心员工跟投创新业务计划股权激励、金砖奖；*公司为常驻海内外的员工，提供健全的物质和人身保障、人性化的探亲福利。,"https://www.zhaopin.com/jobdetail/CC120975580J40382550915.htm?refcode=4019&srccode=401901&preactionid=a7c1140f-c46c-45e5-b867-ab342d8bdc77"
4270,实施工程师,无锡-新吴区,6000-9000元,无锡传奇科技有限公司,"仪器仪表制造,电气机械/电力设备,计算机软件",20-99人,未融资,CC241194380J40706146910,岗位职责： 1、设备现场视觉系统的安装、调试、包括部分电气安装；  2、客户现场设备调试、包括验收测试及客户操作使用指导培训；  3、客户交流沟通，及时反馈设备运行状况和客户需求；  任职要求,2月12日,无锡传奇科技有限公司是一家专注于智能化装备、智能设备与控制系统、工业自动化等研发、设计、制造和销售的高新技术公司。自成立以来，公司坚持技术创新的路线，致力于上述领域的技术研发和应用。公司定位于高端智能装备研制与工业自动化产品研发，成功开发出一系列的智能产品已广泛应用于制药、食品、保健品、化妆品等生产领域，并获得客户的高度认可。公司的发展始终以为客户创造价值为核心，坚持科技创新和人才创造的理念，为客户提供领先的技术、高质量的产品和优质的服务。自成立以来，公司坚持技术创新的路线，致力于上述领域的技术研究和应用，目前已拥有8项计算机软件著作权、授权5项国家发明专利以及86项实用新型专利，另有10多项国家发明专利以及多项实用新型专利在审核中，形成了较为系统的自主知识产权体系，并通过了知识产权贯标绩效考核，通过了ISO9001质量体系认证，也被评为江苏省高新技术企业，市瞪羚企业、省专精特新企业。,"https://www.zhaopin.com/jobdetail/CC241194380J40706146910.htm?refcode=4019&srccode=401901&preactionid=a7c1140f-c46c-45e5-b867-ab342d8bdc77"
4271,前端开发,西安-雁塔区,4000-5000元,深圳市众软信息技术有限公司,"计算机软件,IT服务,互联网",20-99人,,CC203636130J40934475404,有 web 前端开发 + android app 开发技能，,7月22日,【公司简介】深圳市众软信息技术有限公司是一家专业的IT产品、服务及解决方案供应商，具备全面的it专业服务能力，具备全面的it专业服务能力，为客户提供研究及开发、企业解决方案、应用软件开发和维护、质量保证和测试、本地化和全球化等服务，帮助客户实现投资收益最大化，并使之更专注于自身核心业务。为了满足客户对全球交付和it支持日益增长的需求，众软将总部设在深圳，在北京、上海、广州等地设有分支机构，为客户提供一站式的实时服务。众软凭借多年的行业经验和全方位的专业技能，有效地满足了客户的需求，与腾讯、平安、TCL、大疆等公司具有众多合作开发项目。,"https://www.zhaopin.com/jobdetail/CC203636130J40934475404.htm?refcode=4019&srccode=401901&preactionid=a7c1140f-c46c-45e5-b867-ab342d8bdc77"
4272,Java,长沙-岳麓区,1.3-2.6万,华诺星空技术股份有限公司,"电子/半导体/集成电路,电子/半导体/集成电路",500-999人,未融资,CC201057714J00262595204,此岗位可接收2026届应届毕业生 岗位职责： 1、按产品需求规格说明书，进行软件功能模块的开发，包括前端页面、后端接口功能开发； 2、根据项目任务计划按时完成软件编码和单元测试工作； 3、按照开发流程编写相应模块的设计文档，与产品经理、测试工程师、其他团队沟通合作，保证产品研发工作的正常开展； 4、负责配合测试人员进行软件平台BUG的修复； 5、深度参与信息化系统开发，推动企业研发、营销、财务、智能物流及数字化工厂等业务场景的全面数字化转型； 6、熟练运用 COZE、DIFY 等平台，独立完成 AI 流程编排应用的开发工作，并持续进行优化迭代； 7、积极探索大模型技术在实际业务场景的应用路径，将 AI 应用无缝集成至数字化平台，有效提升信息化智能水平。 基本要求： 1、计算机类相关专业，本科及以上学历，具备扎实的专业理论基础； 2、Java 开发能力：熟练掌握 Java 语言，熟悉Spring Cloud、Spring、SpringBoot、MyBatis、MySQL、Redis、Zookeeper等框架及应用，能够合理进行技术选型；深入理解微服务架构，熟练运用 Dubbo 框架进行服务开发与管理； 3、大模型部署经验：拥有大模型部署实践经验，熟悉 Ollama 或 xinference 等平台，能独立完成大模型部署工作； 4、AI 流程开发：至少熟练掌握 COZE、DIFY 其中一种平台，可独立完成流程编排应用的开发任务； 5、技术储备：熟悉 Linux 系统操作及 Shell 脚本编写，掌握 Docker 容器化技术，具备相关运维与部署能力。 Java资深工程师/架构师： 岗位职责： 1、深入发掘和分析业务需求，撰写技术方案和系统设计，完成相关核心代码的开发; 2、负责大型高并发分布式系统整体架构设计，主导产品的需求分析和技术方案制定; 3、负责对技术架构的重构和优化，推动系统性能、合理性、可靠性、可用性的提升; 4、新技术研究和应用，用创新的思路解决问题，并推动适合的技术应用于生产系统; 5、搭建应急安全及边坡平台，针对平台数据交互接口、数据管理、微服务、应用端等进行设计开发，参与平台测试和运维； 6、与内部和外部团队成员有效沟通进展、问题及解决方案等。 任职要求： 1、计算机相关专业，本科及以上学历，8年以上工作经验，985、211优先； 2、8年及以上JAVA开发经验，精通JVM原理；5年及以上架构设计经验，3年及以上微服务研发经验，如Dubbo、Spring-Cloud； 3、深度理解架构师的职责和目标，具备良好的面向对象分析、设计、开发能力和思想，熟悉设计模式，了解AOP、OOP、DDD、IOC设计模式； 4、精通Spring-Boot、Spring-Cloud、MyBatis、MySQL（或PostgreSQL）的原理与应用场景限制，精通Redis、MongoDB、HBase等NoSQL数据库，精通消息中间件，如RocketMQ、Kafka等； 5、熟练掌握分布式原理和设计，能合理采用可靠消息、分布式事务提高系统稳定性； 6、熟练掌握容器相关技术，如Docker、Kubernetes等，熟悉DevOps相关工具，如Git、Maven、Jenkins、Ansible等； 7、熟练掌握主流Cesiumjs三维GIS引擎，具有三维 GIS平台应用开发经验，了解三维数据格式处理方法； 8. 学习能力强，逻辑清晰，有较强的求知欲和分析、解决问题的能力； 9、熟练掌握大流量、高并发、高性能的分布式系统的设计及应用，熟悉安全机制及性能调优。 中高级前端开发工程师： 岗位职责： 1.负责安防相关系统以及高精地图相关前端软件开发工作； 2.负责前端技术方案调研、技术框架研发工作，设计良好的代码结构，迭代优化； 3.与后端开发工程师协作，完成数据交互、动态信息展现等功能开发； 4.快速响应产品迭代以及优化升级，持续优化前端体验； 5.独立承担核心模块的设计和开发，攻关技术难点； 6.责任心强，学习能力强，有技术热情，具备良好的沟通能力和团队合作精神。 岗位要求： 1.大学本科及以上学历，2年以上前端开发工作经验，有大型网站的前端架构设计经验者优先； 2.熟练掌握HTML、CSS、JavaScript等前端技术，能开发高性能、体验良好、可扩展、可配置化的web页面，同时具备跨端开发经验，熟悉uniapp或flutter； 3.熟练使用Git等版本控制工具，有mapbox开发经验优先； 4.熟练掌握Vue技术栈，包括Vite、Vue-Router、Pinia、webpack、vue-cli等； 5.熟悉Element、Vant等UI库的使用，熟悉nginx进行项目部署； 6.熟练掌握使用可视化控件库，例如，Echart、D3、G6等等； 7.有cesium、threeJS开发经验着优先。 8.与后端开发团队紧密配合，确保代码有效对接，优化系统前端性能； 9.对技术有强烈的进取心，具有良好的沟通能力，有优秀的优化.调试和解决问题能力，逻辑思维清晰严谨。 ,6月23日,"华诺星空技术股份有限公司（以下简称“公司”）成立于2006年，总部位于美丽的星城长沙，是我国重要的雷达智能装备企业，是国家首批重点“专精特新”小巨人企业、国家首批应急产业重点联系企业、国家知识产权示范企业、全国硬科技企业之星TOP100企业、首批“新湖南贡献奖”企业。公司以共建安全的世界为愿景，聚焦智能感知、认知、控制技术，致力于成为世界领先的安全防御和防卫技术系统方案提供商。已在长沙、成都设有研发中心，在北京、上海、广东、浙江、山东、四川、江西、陕西、马来西亚等十几个地区设有子公司或办事处。经过十余年的创新沉淀，公司已形成以全域安防、安全应急、智能感知、智能系统、交通五大产品线为主的产品族群，为应急、公安、司法、自然资源、水利、国动、交通、电力、石化以及低空经济等行业和产业的客户提供领先的产品和解决方案。公司销售网络遍布全国31个省直辖市自治区及香港、澳门特别行政区。产品远销欧洲、南美、中东、东南亚、日韩等80多个国家和地区。公司始终将科技创新作为核心驱动力，构建了以高层次人才为支撑的研发体系，其中研发人员占比超50%，硕士、博士占比约20%，建有“电磁探测与感知”省级创新创业团队。建设了湖南省汽车主动安全控制技术工程研究中心、湖南省智能安全装备工业设计中心、湖南省省级企业技术中心及智能传感器长沙市新一代人工智能开放创新平台等创新平台。公司坚持科研投入和前沿技术研究，掌握了新体制多功能雷达技术、复杂电磁环境下的电子侦察与对抗技术、多传感器融合探测技术、基于深度学习神经网络和大模型的多模态目标感知及认知技术、系统核心零部件设计技术、系统架构和操作系统技术等6大核心技术。经权威机构及多领域专家组联合鉴定，公司多项技术在相关领域已达到国内领先、国际先进水平，部分核心技术达到国际领先水平。重点产品荣获中国雷达行业协会科学技术奖科技进步一等奖等重要荣誉。未来，我们将继续秉承“以客户为中心”的经营理念，肩负“共建安全的世界”的企业使命，形成以产业经营为主体，以技术创新和资本经营为两翼(一体两翼)，“产业+技术+资本”相生共融、良性发展的业务生态，用华诺人的智慧和汗水，与合作伙伴一起，建设更加安全、智能的世界。薪资政策 1、完善的薪酬体系，实施岗位分红股权等多种激励方式，提供具有竞争力的薪资待遇。 2、按学历及专业能力定薪，具体待遇面议。 3、年终绩效奖金。 4、项目奖金/销售提成。 5、全年2次调薪机会。福利政策 1、五险一金、定期体检、节日物资、住宿。 2、补贴：中餐补贴、加班餐补、加班交通补贴、通讯补贴、电脑补贴等。 3、礼金：结婚礼金、生育礼金等。 4、员工活动：生日活动、团建活动。考勤政策 1、双休。 2、年休假。个人发展 1、晋升通道：技术/管理双轨制晋升通道。 2、多元化培训支持：（1）公司定期举办各类技术交流与分享活动。（2）公司根据各职业发展通道，送员工外训、聘请外部专家提供各级人员所需的知识和技能培训。（3）""一对一""导师帮扶机制，及时有效、有针对性的解决新员工在工作、生活中遇到的各类问题，帮助员工迅速适应新环境。（4）公司与高校建立校企联合培养模式。（5）外聘专家进行能力、素质类培训。乘车线路： 1、乘18路、916路、312路、366路、W109区间线路公交车，到文轩路平川路口站下车，对面即为麓谷企业广场。 2、乘913路至咸嘉湖西路麓云路口站下，向北即为麓谷企业广场。 3、乘W106路（从新城小区南-和馨园）至平川路文轩路口站下，即为麓谷企业广场。","https://www.zhaopin.com/jobdetail/CC201057714J00262595204.htm?refcode=4019&srccode=401901&preactionid=a7c1140f-c46c-45e5-b867-ab342d8bdc77"
4273,技术支持工程师,北京-丰台区,6000-10000元·15薪,赛诺静远,"石油/石化,仪器仪表制造,贸易/进出口",20-99人,未融资,CC120601640J40398566109,对候选人的基本要求： 1、具有较强的职业道德和素养  2、熟练使用计算机和CAD，SOLIDWORKS 等制图软件,6月14日,北京赛诺静远科技发展有限公司专注于油气长输管道维修维护服务，致力于向客户提供国际标准先进的专业管道维抢修设备和解决方案，业务模式包括产品销售、设备租赁及现场技术服务支持。我们提供的主要产品类别包括：工业管道切割坡口设备、机械式堵漏夹具、带压开孔封堵设备、智能自动焊接设备及耗材、阴极保护评价系统、下料管段建模系统等。公司坚持自主创新、为客户提供高品质设备、技术解决方案和服务，与客户协作一起推动业务发展。即将迎来新的一年，因业务发展需要，目前又开放出几个新岗位，快来看看吧！我在这里等你，期待你的加入！！,"https://www.zhaopin.com/jobdetail/CC120601640J40398566109.htm?refcode=4019&srccode=401901&preactionid=a7c1140f-c46c-45e5-b867-ab342d8bdc77"
4274,科研人员,哈尔滨-南岗区,1.5-2.4万,黑龙江大数据产业发展有限公司,"计算机软件,IT服务,计算机硬件,互联网",20-99人,不需要融资,CC531499030J40758767411,重点招收计算机科学与技术、人工智能、大数据等领域2名科研人员，形成需求牵引的完全开放的基础研究平台和国家高端特色科技智库。,7月23日,黑龙江大数据产业发展有限公司组建于2017年6月28日，是由黑龙江省建设集团与北京九次方大数据信息集团、北京瑞德佳通科技有限公司合资成立的国有控股混合所有制企业。公司成立以来，始终遵循国家关于“推动实施大数据战略，加强完善数字基础设施，推进数据资源整合和开放共享，保障数据安全，加快建设数据中国”的规划部署，坚持以“成为卓越的数据资产运营商”为发展愿景，以“贡献数据智慧，释放数据价值”为企业使命，以“发展企业、幸福员工、服务社会”为核心价值观，以“立足龙江、面向全国”为市场定位，努力成为政府及行业垂直领域的大数据运营商，精准高效地为政府决策治理、社会产业发展、民生建设等各个领域提供优秀的数据产品和优质的数据服务。,"https://www.zhaopin.com/jobdetail/CC531499030J40758767411.htm?refcode=4019&srccode=401901&preactionid=a7c1140f-c46c-45e5-b867-ab342d8bdc77"
4275,软件测试,哈尔滨-道里区,1.5-2万·13薪,青岛鼎赫人力资源有限公司,人力资源服务,20人以下,,CC682590480J40782722614,,2025年07月28日,,"https://www.zhaopin.com/jobdetail/CC682590480J40782722614.htm?refcode=4019&srccode=401901&preactionid=a7c1140f-c46c-45e5-b867-ab342d8bdc77"
4276,实施工程师,南京-江宁区,6000-10000元,南京东送新能源有限公司,新能源,20-99人,,CC633017480J40611094809,岗位职责： 1、负责光伏项目前期的现场踏勘收资、技术评估及相关技术协调工作； 2、负责绘制组件布置图、编制项目方案、项目建议书； 3、负责为开发人员提供技术支持解答开发过程中业主提出的技术问题； 4、负责协助投标人员编写技术标文件； 任职要求： 1、本科学历，新能源、电力系统、电气工程及其自动化、机械等电气相关专业； 2、熟练掌握office办公软件、CAD绘图、PVsyst、meteonorm； 3、有光伏从业经验者优先。,12月19日,,"https://www.zhaopin.com/jobdetail/CC633017480J40611094809.htm?refcode=4019&srccode=401901&preactionid=a7c1140f-c46c-45e5-b867-ab342d8bdc77"
4277,实施工程师,廊坊-安次区,7000-14000元,青岛安然物联网科技有限公司,"物联网,物联网",20-99人,未融资,CC559764920J40565766204,需要弱电技术、自动化、安防系统、工业互联网+危化安全生产、物联网人才，不要纯软件人才。  你能经常到全国各地出差吗？你能到工业生产现场生产现场做技术支持吗？     真正的奋斗者在安然会有让人值得为之奋斗的事业，会有充实、高效的成长，会有高人一等的收入。,5月19日,基于精准人员定位的工业安全生产信息化管理专家，安全生产信息化管理引领者！作为全国实时定位技术标准工作组成员和应急管理部“工业互联网+危化安全生产”人员定位系统技术支持机构，安然从2012年起致力于基于ZigBee Plus三维立体按需精准定位的“工业互联网+安全生产”的研究，获得了20多项安全智能管控系统发明专利和著作权，持续引领中国化工行业生产现场智慧安全！安然以“准、稳、狠”的ZigBee Plus三维立体按需精准人员定位统和“底数清、数据准、情况明、研判准、措施实”的安全生产信息化平台为核心，整合访客管理、出入口控制、人脸识别、视频监控、语音广播、重大危险源监控、可燃有毒气体监测等系统，对生产现场人、机、料、法、环五大要素进行实时、动态、智能管控和预警，规范人的安全行为，保障人的生命安全，有效防范风险、主动化解风险，实现智慧安全。安然“以用为本”，把安全生产信息化建设与公司管理体系“深度融合”，把安全生产信息化建设与日常工作“紧密结合”，对安全生产切实“有用、实用、好用”，避免建用“两张皮”，让安全管控更智能，让生产更高效才实用。迄今已服务中石化、中石油、延长石油、国能、兖矿、京能、索普、新安、奇美、昊源、潞安、旭阳、垦利、逸盛、海科、酒钢、金发等几百家石化、化工、选煤、钢铁、电厂企业。安然以客户为中心，以强者为本，抬头乐干，愿意与同道中人联合、链接，携手共建、共用、共享生产安全命运共同体，一起干，一起干，让优秀企业更安全，让优秀企业更高效！,"https://www.zhaopin.com/jobdetail/CC559764920J40565766204.htm?refcode=4019&srccode=401901&preactionid=a7c1140f-c46c-45e5-b867-ab342d8bdc77"
4278,C/C++,重庆-巴南区,6000-12000元·13薪,重庆传显科技有限公司,"通信/网络设备,IT服务,运营商/增值服务",20-99人,未融资,CC614533280J40709054305,工作职责： 1. 参与呼叫中心系统服务端系统设计与开发； 2. 参与呼叫中心系统客户端的模块开发和性能优化。 3. 参与相关系统调优与维护。 任职资格： 1. 本科及以上学历，计算机相关专业， 优秀毕业生优先； 2. 1-2年及以上Linux平台软件开发经验，同时具备运维相关经验者优先； 3. 熟练掌握C/C++开发，熟悉常用数据结构和常用算法。 4. 具有网络编程、有高并发、分布式等服务端开发经验者优先。 5.具备较强的学习能力、抗压能力、责任心和主动性。 具有以下条件者优先： - 具备CTI中间件、软电话、WebRTC、Kamailio/Opensips、Freeswitch开发； - 熟悉SIP协议的应用，与服务供应商的的ASR、TTS进行过对接经验优先。 - 具备呼叫中心行业软件开发经验，熟悉呼叫中心的相关底层技术的优先；,7月4日,重庆传显科技有限公司（传显科技）成立于2014年11月，是一家通信+计算机领域的集技术研发、技术咨询与服务为一体的软件信息技术企业。秉持“用心专注、精益求精”的服务理念，凭借“进取、求实、严谨、团结”的企业发展方针，不断开拓创新，以技术为核心，以服务为宗旨，先后与行业内上百家头部客户达成合作，为其提供定制化通讯解决方案和呼叫系统开发、集成服务，赢得客户一致信任与认可。公司当前已与全国10多家省份的基础运营商、虚拟运营商，达成通信领域的深度合作，十余年在计算机+通信领域的客户案例与最佳实践，让我们的团队沉淀并具备了为大中小企业提供一站式语音通信解决方案的能力。公司资质：1、全国增值电信业务经营许可证2、中国通信企业协会成员3、中国互联网协会成员4、重庆市信息通信行业协会成员5、重庆市科技型企业6、ISO27001信息安全管理体系认证7、ISO29001质量管理体系认证8、传显云通信软件自研平台著作权9、自有全国95、400、1010码号10、高新技术企业11、等保三级认证12、CMMI3级认证13、重庆市“专精特新”企业14、AAA级信用企业,"https://www.zhaopin.com/jobdetail/CC614533280J40709054305.htm?refcode=4019&srccode=401901&preactionid=a7c1140f-c46c-45e5-b867-ab342d8bdc77"
4279,科研人员,杭州-上城区,5000-6000元,浙江新世纪人才开发有限公司,"咨询服务,房地产中介",100-299人,,CC148971830J40745130611,一、招聘岗位 招聘岗位：科研辅助人员 岗位性质：劳务派遣合同人员（非事业编制） 二、岗位职责 辅助团队开展项目研究与咨询服务。 三、岗位要求 1.政治素质好，遵纪守法，品行端正，无不良记录； 2.具有较强的责任心，工作积极主动，具有较强的沟通、写作能力和团队合作精神； 3.农业经济管理、经济管理、社会人文等相关专业，本科及以上学历，具有一定科研成果和课题项目经历； 4.掌握基本的研究方法和工具，具备良好的数据分析能力、提炼归纳能力、逻辑思维能力，具有较强的写作能力，能熟练操作常用办公与统计分析软件； 5.身心健康，年龄一般不超过45周岁。 四、工作地点 浙江省农业科学院，浙江省杭州市上城区德胜中路298号。,6月9日,浙江新世纪人才开发有限公司成立于2001年2月，是由浙江省人才市场管理办公室、浙江省人才市场出资成立的国有有限责任公司，从事人才派遣、人才招聘等业务。自公司成立以来，我们以出色的服务团队，专业的人力资源服务赢得了市场，树立了良好的社会信誉。我们的客户有电信、移动、邮政、医院、银行、大中专院校等，发展日新月异。公司是“浙江省工商企业信用AA级‘守合同重信用’单位”，并获“杭州大学生见习训练基地”资格，荣获杭州社会责任建设先进企业等称号。我们秉承诚信服务、规范管理理念，提供诚信、专业、热情、周到、全程上门服务。联系电话：0571-87208960汪老师,"https://www.zhaopin.com/jobdetail/CC148971830J40745130611.htm?refcode=4019&srccode=401901&preactionid=a7c1140f-c46c-45e5-b867-ab342d8bdc77"
4280,实施工程师,北京-海淀区,150-200元/天,新意科技,"计算机软件,证券/期货,IT服务,互联网",500-999人,未融资,CC120072230J40669016708,一、岗位职责： 1、为客户提供快速优质的售后保障服务（日常故障解决、业务咨询、升级服务、测试服务 等）； 2、及时维护客户信息、产品使用信息，建立良好的客户关系； 3、服务小项目的工程实施和验收。 二、任职要求： 1、 计算机科学与技术、软件工程、电子信息、数学等理工类相关专业，本科及以上学历，有 金融、会计等知识或软件开发实践尤佳； 2、熟悉Oracle数据库，了解J2EE架构； 3、适应必要的工作出差，抗压能力强； 4、良好的学习能力和团队合作精神，善于处理人际关系，有责任心； 5、认同新意发展目标和核心理念，热爱所从事的事业以及本职工作。 ​三、公司福利 【关于工作】提供有竞争力的薪资和人性化管理，实行5天7小时工作制，提供新人导师、专业培训，整洁舒适的工作环境； 【法定福利】五险一金，入职即享有带薪年假，国家法定节假日等； 【补充福利】商业保险、年度体检、过节福利、生日礼金、长期服务奖励、各种激励项目（轿车、国内外旅游等），羽毛球、瑜伽、部门团队活动等丰富的员工活动； 【晋升空间】新人入司转正后第一年有两次考核晋升机会。 ,2月26日,新意科技，成立于1997年，是一家专注于金融应用系统开发的专业软件公司，是经国家认定的高新技术企业，是中国证券一级、二级清算系统软件的重要提供商。新意科技，总部位于福州，目前拥有三家控股子公司：上海新意新科技有限公司、新意科创（厦门）信息科技有限公司、福州新意新网络有限公司，同时设立北京、深圳分公司，服务网络覆盖全国。截至目前，新意科技的产品涉及到券商各项中后台业务，应用范围涵盖证券公司、基金公司以及中国金融期货交易所、中央登记结算公司，实现对证券市场参与人信息、资金、证券的综合发展。公司自有软件著作权75项，并取得相应的42个软件产品登记证书及计算机系统集成三级资质，同时还是中国证券协会信息技术应用委员会观察员。新意科技凭借一支资深专业人士组成的管理团队，多年来潜心研究证券业务和信息技术的应用以及两者之间的互动关系，秉持利用信息技术推动证券行业的发展，规范业务管理的概念，致力于应用先进的管理思想开发证券业务管理系统软件，让信息技术和新的业务管理思想在产品中得以有机的融合、集成，使新意产品具有思想性、前瞻性、系统性的特点。以创新树立品牌，以专业彰显实力，以超越引领发展。新意秉承“以人为本、诚信、创新、合作”的理念不断培养精通金融证券业务的软件专业人才，公司80%以上为技术开发人员，每位员工通过个人的贡献和团队的集体努力为新意的发展提供源源不断的生命力。新意为您提供：【有竞争力薪酬】年薪：月薪*12月+各类津贴+年终奖；【基础福利保障】五险一金（按照工资全额12%缴纳公积金），国家法定节假日，带薪年假；【补充福利】商业保险、年度体检、过节福利、生日礼金、长期服务奖励、司龄津贴、各种激励项目（轿车、国内外旅游等），羽毛球、瑜伽、部门团队活动等丰富的员工活动；【人性化管理】实行5天7小时工作制，提供新人导师、专业培训，整洁舒适的工作环境；希望更多认同新意发展目标和核心理念、热爱金融IT事业的人才加入我们，共同见证中国金融证券业的发展。如果，你想要的是：一个广阔发展前景的朝阳行业一个参与金融行业利益分配的机会一座理想的工作和生活的城市一家发展稳健、务实低调的公司一份有竞争力的薪资福利一种简洁高效的办公环境一条清晰明确的职业发展路径一个足以承载你梦想和能力的平台那么，请加盟新意科技！连接亿万金融数据！2021，期待您的同行！更多详情，请登入新意科技官网：http://www.shinetechnology.com联系方式：0591-87382356电子邮箱：hr@shinetechnology.com福州市：鼓楼区六一北路558号金三桥大厦8层厦门市：思明区软件园二期观日路36号401上海市：普陀区武宁路19号丽晶阳光大厦1711室,"https://www.zhaopin.com/jobdetail/CC120072230J40669016708.htm?refcode=4019&srccode=401901&preactionid=a7c1140f-c46c-45e5-b867-ab342d8bdc77"
4281,Java,广州-天河区,1.5-3万,浪潮集团,"IT服务,计算机软件,计算机硬件",10000人以上,,CC120143600J40826381415,岗位职责 1. 负责工业自动化/智能制造领域业务系统的需求分析、架构设计及开发实现； 2. 主导或参与从零到一的系统搭建，完成技术选型、模块拆分、核心代码开发及部署上线； 3. 基于Spring全家桶（Spring Boot/Spring Cloud等）构建高可用、可扩展的后端服务； 4. 对接工业控制设备或嵌入式系统，实现与PLC、传感器等硬件的数据交互及协议解析； 5. 编写技术文档，参与代码评审，确保代码质量与系统稳定性。 任职要求 基本要求： 1. 学历要求：硕士研究生及以上，计算机、自动化、通信等相关专业； 2. 5年以上Java开发经验；精通Java核心特性（集合、多线程、JVM调优等），熟悉设计模式及代码规范；,3月28日,浪潮集团是中国领先的云计算、大数据服务商，拥有三家上市公司。主要业务涉及计算装备、软件、云计算服务、新一代通信、大数据及若干应用场景。作为中国最早的IT品牌之一，浪潮致力于成为世界一流的新一代信息技术龙头企业经济社会数字化转型的优秀服务商，新型基础设施建设的骨干企业。,"https://www.zhaopin.com/jobdetail/CC120143600J40826381415.htm?refcode=4019&srccode=401901&preactionid=a7c1140f-c46c-45e5-b867-ab342d8bdc77"
4282,前端开发,郑州-金水区,6000-9000元,滑县巨旺商贸有限公司,电子商务,20-99人,,CCL1486365070J40665335513,岗位要求： 1、熟练使用 ES6+ 新特性； 2、熟练使用 Promises、async/await 等异步编程模式； 3、熟悉 React 组件生命周期、状态管理（Redux、Context API）、路由（React Router）等； 4、对其他框架如Vue等有一定基础； 5、熟练使用 Ant Design 组件库，包括布局、导航、数据展示、数据录入、反馈、其他组件等； 6、熟悉 ECharts 等图表库，能够绘制各种图表（柱状图、折线图、饼图等）； 7、熟悉 Webpack 等打包工具的配置，包括模块打包、加载器、插件等； 8、理解跨站脚本攻击和跨站请求伪造攻击，熟悉CSP； 9、熟练使用 Git 进行版本控制，包括分支管理、合并、冲突解决等； 10、能够编写清晰的技术文档，包括代码注释、API 文档； 11、有良好的编程习惯，能够独立解决问题，遇到困难时能够寻求帮助并提出解决方案。   职位福利：,4月10日,滑县巨旺商贸有限公司位于河南省滑县，是一家专注于建筑材料贸易与相关技术服务的综合性企业。公司立足商贸领域，业务涵盖建筑材料供应、设备运维支持及数据分析服务，致力于为环保监测、化工等行业提供专业化解决方案。团队核心优势体现在技术实践与数据处理能力上，成员需掌握化学分析方法及行业标准，通过远程监控与数据分析保障设备稳定运行。服务范围覆盖郑州等多个区域，依托国际企业中心等办公节点，形成跨区域协作网络。公司注重实效与规范管理，严格遵循数据处理标准，通过系统化流程确保服务质量。在环保监测领域积累了一定技术服务经验，持续优化运维站点数据管理方案。现处于稳健发展阶段，正通过人才引进强化技术实施能力，推动业务向精细化、专业化方向延伸。,"https://www.zhaopin.com/jobdetail/CCL1486365070J40665335513.htm?refcode=4019&srccode=401901&preactionid=a7c1140f-c46c-45e5-b867-ab342d8bdc77"
4283,软件测试,重庆-涪陵区,8000-10000元,重庆科满福人力资源服务有限公司,企业服务,20-99人,,CCL1487604860J40925752104,【岗位职责】： 1、软件测试岗位职责  2、接受测试任务，进行需求分析 3、按照测试计划搭建测试环境，并保证测试环境的可靠性 4、按照测试计划编亏测试用例，保证测试用例合理有效 5、按照测试用例执行测试，及时发现缺陷，并使用工具进行管理缺陷 6、编写和提交测试报告，保证测试进度按计划完成 7、参与审核其他测试工程师的测试用例和报告 8、学习公司已有方案和推广使用新的测试技术和工具,6月28日,,"https://www.zhaopin.com/jobdetail/CCL1487604860J40925752104.htm?refcode=4019&srccode=401901&preactionid=a7c1140f-c46c-45e5-b867-ab342d8bdc77"
4284,测试工程师,上海-嘉定区,7000-10000元·14薪,优耐特斯,"电气机械/电力设备,互联网",100-299人,,CC120383340J40867096515,岗位职责 1、负责执行研发项目样机（空压机）及小批量生产的测试及订单交付测试。  2、负责厂内工艺工装以及生产设备的管理，并对工作区域6S管理。 任职资格 1、大专以上学历，自动化、电气、通信、机电一体化等机电类相关专业，3年以上电气测试、售后或维修等相关工作经验； 2、 熟悉控制柜电路， 一次线，二次线，能看懂电气原理图和机械图纸；  3、 熟悉常用的控制电气元件，仪表等的接线和调试，具备PLC和西门子、ABB、汇川等控制器的调试经验，能排查和定位常见的故障； 4、能吃苦耐劳，具有良好的沟通能力和团队意识，具备动手能力强并具备问题分析和电气排除故障能力；  5、同行或机械行业及制冷、后处理（冷干机、吸干机）方面的测试或售后经验优先；,7月22日,上海优耐特斯压缩机有限公司创建于2002年初，是专业设计、生产双螺杆式空气压缩机的大型中外合资企业，也是提供空气系统解决方案的提供商。公司位于上海市嘉定区南翔高科技园区，注册资金3000万元，建有20000平方米生产场地，生产基地拥有占总面积达35％的园林绿地，孕育着企业管理的追求与和谐的环保理念。在生产制造过程中全面实施“5S”管理，严格监控产品质量和环境维护。公司于2003年通过了ISO9001质量管理与ISO14001环境管理体系的双重认证，是压缩机行业中为数不多的同时通过两个管理体系认证的企业之一。公司在产品开发上注重市场走势，贴近用户需求，在设计研发上取得多项设计专利的基础上，全面吸纳国内外同类产品的优点，融入自身产品简洁、维护方便的理念，使其所生产的螺杆式空压机运行可靠性更高，性能更加优异，节能降耗显著。目前公司可为各种要求的用户提供UD系列功率5kW－630kW、容积流量0.6m3/min－120m3/min的风冷、水冷螺杆式空压机，以及变频螺杆式空压机和螺杆式氯乙烯压缩机，并可提供空压机站的全套施工方案，已具备设计制造、服务支持、用户培训和主机大修等整套服务项目的能力。公司为加强经销商、客户与企业的直接沟通，开通400 889 6699的免费服务热线。在全国各大主要城市设立30多家分支机构与经销商销售和服务团队，将全面满足用户的各种需求。2007年经国家压缩机检验中心测试，15KW-355KW产品得到能耗数据优于国家节能标准，获得上海市节能产品评审委员会颁发的“上海市节能产品”证书。2006年至2009年公司连续四年荣获上海市嘉定区“科技小巨人企业”的称号，大功率大容量双螺杆空气压缩机被列为嘉定区重点扶持项目，并打破了国外厂家对该类产品的垄断局面。2007年公司被授予“嘉定区劳动关系和谐企业”；2009年公司355KW双螺杆压缩机荣获“上海市重点新产品”称号；2009年公司被授予“上海市科技小巨人培育企业”称号；2009年公司被认定为”上海市高新技术企业“。我们的愿景：创百年企业，树百年品牌我们的目标：打造中国空压机第一品牌！我们的精神：激情成就梦想，和谐创造未来！我们的团队：尊重、信任、爱戴每一位员工！,"https://www.zhaopin.com/jobdetail/CC120383340J40867096515.htm?refcode=4019&srccode=401901&preactionid=a7c1140f-c46c-45e5-b867-ab342d8bdc77"
4285,C/C++,杭州-萧山区,1-1.5万,北京易加三维科技有限公司,"通用设备制造,通用设备制造",300-499人,C轮,CC255599280J40865322715,岗位职责    1、负责3D打印机相关软件的开发及维护，提高稳定性、易用性；    2、参与解决与算法、软件、控制相关的工艺技术问题；    3、解决客户反馈的软件问题。,7月18日,北京易加三维科技有限公司成立于2014年，注册资金2300万元，是国家和中关村高新技术企业。公司致力于研发和推广工业级3D打印（增材制造）系统与应用技术，专注研发、生产、销售工业级金属3D打印装备与非金属3D打印装备、打印材料及应用软件，是国内技术实力领先的工业级3D打印装备制造商与应用方案供应商。公司目前为北京和杭州双中心模式，北京是研发中心和国内营销中心，位于北京新元科技园，占地约4100㎡（自建办公场所位于昌平南邵镇，预计2026年投入使用），杭州是装备生产和国际营销中心，自有办公场所，位于杭州萧山湘湖未来产业社区，占地约为23600㎡。目前，公司在金属粉末床熔化(MPBF™)、选择性粉末床烧结(PPBF™)等增材制造装备的规划、设计、工艺、软件、材料及后处理等方面取得了丰硕的成果，独立研发且拥有自主知识产权的增材制造装备已经广泛应用于国内航空航天、特种装备、船舶、医疗、模具、铸造、汽车、医疗、科研、教育等诸多领域，同时在德国、法国、意大利、西班牙、俄罗斯、日本、韩国、印度等40多个国家和地区的相应领域也被广泛应用，发展前景良好。易加三维核心团队拥有近 30年的增材制造技术积累，目前拥有已授权知识产权上百项（其中授权发明专利36项软件著作权21项），承担/参与了多项科研项目：国家重点研发计划---大尺寸粉末床激光选区熔化增材制造工艺与装备研发；国家重点研发计划---科技助力经济2020政府间国际科技创新合作重点专项---儿童先天性心脏病数字诊疗新技术集成解决方案研究；浙江省重大科技专项---基于四激光器的大尺寸、高精度金属激光增材制造装备研发及应用；浙江省重大科技专项---个性化医疗辅具三维打印集成制造技术研究与应用；浙江省重大科技专项---3D打印高温钛合金粉体制备及其 SLM制造技术研究；萧山区重大科技专项---面向模具制造的金属3D打印设备及工艺开发等。展望未来，易加三维将继续以秉承“以技术驱动发展”为理念，在3D打印（增材制造）领域深耕细作，务实创新，为工业生产提供更专业、更可靠、更适用的生产制造级3D打印装备，以实际行动助力制造业产业升级，为实现祖国伟大复兴贡献自己的力量。,"https://www.zhaopin.com/jobdetail/CC255599280J40865322715.htm?refcode=4019&srccode=401901&preactionid=a7c1140f-c46c-45e5-b867-ab342d8bdc77"
4286,C/C++,成都-郫都区,1.5-3万·14薪,外企德科数字技术有限公司,专业技术服务,10000人以上,,CCL1480117890J40628170305,"职位描述 1. 信息系统/计算机/通讯等相关专业优先，无经验能力优秀者可放宽； 2. 热爱编程，熟悉掌握C/C++/Java/Python/JS/Web/安卓开发等编程语言中的一种或多种编程语言，扎实的编程功底； 3.熟悉struts、Spring、Hibernate、MyBatis应用框架； 4.能够快速学习新的编程语言，有良好的编程习惯和技术文档编写习惯 5. 具备良好的独立工作能力和解决问题能力，善于沟通，乐于合作，热衷新技术； （1） 须学信网可查，24届考公、考研等未就业者也可参与面试 （2）导师制培训机制，新人入职后至少半年以上会有导师一对一辅导开展工作和学习 （3） 部门：ICT(公开，光，计算，无线，数存等 ) ， 云计算，2012(中硬，中软，中媒)，消费者BG, BPIT, 上海海思,Carbu等 （4）主要地点：（东莞、深圳、杭州、 西安，长沙、上海，武汉，成都、南京、北京）十大研究所 （5） 全程流程随时跟进可查, 一个部门不满意可转推不同部门 公司福利： 1. 底薪+绩效+项目奖金+年终奖； 2. 全额缴纳社保及五险一金； 3.一年数次考评，薪资可上浮； 4.带薪年假5-15天，双休； 5.免费夜宵，城际班车，舒适的办公环境。",2025-07-27 00:23:23,外企德科数字技术有限公司是一家2023年新成立的中外合资企业。成立于2023年11月24日，公司定位：专注于为信息技术企业提供人才及数字技术外包解决方案的中外合资企业。它是由中国人力资源服务行业的FESCO（北京国际人力资本集团）与全球人力资源服务领导者The Adecco Group（德科集团）合资成立的。公司主要提供网络技术服务、软件外包服务、计算机系统服务、技术进出口、软件开发等信息技术相关服务。专注于为信息技术企业提供信息技术类人才及数字技术外包解决方案。,"https://www.zhaopin.com/jobdetail/CCL1480117890J40628170305.htm?refcode=4019&srccode=401901&preactionid=a7c1140f-c46c-45e5-b867-ab342d8bdc77"
4287,前端开发,杭州-萧山区,1.4-1.6万,重庆哲仑人力资源服务有限公司,人力资源服务,20-99人,未融资,CCL1254124130J40801112712,岗位内容： 1. 开发响应式Web页面和功能组件，确保优秀的用户体验 2. 与后端开发人员合作，实现应用程序的完整性和可维护性 3. 设计和实现复杂的前端UI交互，并在跨浏览器环境中进行测试和故障排除 任职要求： 1. 精通HTML、CSS和JavaScript，并熟悉至少一种主要的前端框架（如React或Angular） 2. 具备良好的沟通能力和团队合作精神，有解决问题的能力和创新思维 3. 至少两年以上相关前端开发工作经验,7月25日,公司成立10年了，这个是分公司，我们公司是重庆一家大型劳务派遣公司，专门为重庆电子厂汽车厂提供优秀的人才，我们公司主要为，长安汽车，现代汽车，大众汽车，比亚迪汽车，长城汽车等，电子厂有京东方电子，vivo，翊宝，广达，纬创等大型企业招聘。,"https://www.zhaopin.com/jobdetail/CCL1254124130J40801112712.htm?refcode=4019&srccode=401901&preactionid=a7c1140f-c46c-45e5-b867-ab342d8bdc77"
4288,测试工程师,合肥-肥西县,1-2万·13薪,合肥艾创微电子科技有限公司,"电子/半导体/集成电路,电子/半导体/集成电路",100-299人,B轮,CC289238480J40279791406,职位描述： 1.负责集成电路芯片的CP/FT测试系统开发，根据集成电路的测试要求，设计测试方案，制作DUT测试板或针卡印制电路板. 2.利用专业测试机（ATE）编写测试程序. 3.完成产品样品（成品集成电路或晶圆）测试调试. 4.完成相关文件（测试原理图、测试程序、产品测试说明、客户确认、转产报告等）的归档。 5.要外测试时，能够驻测试厂解决问题。 职位要求： 1.熟悉数模混合电路原理图和PCB设计。 2.熟悉各种数字、模拟电路的测试方法，熟悉各种测试设备的使用和维护； 3.熟悉C语言编程。 4.了解芯片的CP和FT测试；有ATE测试程序的开发经验尤佳。 5.专业要求：微电子、仪器仪表、电子工程、自动控制、通信等相关专业。 6.学历要求：本科，有C测试工程师岗位经验者优先；可接受应届本科毕业生，成绩优异者优先。 7.踏实、好学、敬业爱岗，有合作精神。 工作地点：南京（南京市江北新区研创园腾飞大厦A座502） 职位福利：五险一金、年底双薪、绩效奖金、股票期权、加班补助、交通补助、餐补、带薪年假   ,7月9日,合肥艾创微电子科技有限公司（以下简称为“公司”）成立于2015年，总部位于合肥市肥西经开区，专注于研发高性能模拟及数模混合芯片，为客户提供高效能、低功耗、品质稳定的集成电路产品，同时提供一站式的应用解决方案和现场技术支持服务。公司是国家级专精特新“小巨人”企业、国家高新技术企业、安徽省“专精特新”企业、安徽省企业研发中心、安徽省大数据企业、安徽省首批科创板挂牌企业、安徽省高成长型小微企业、安徽省商标品牌示范企业、合肥市高成长种子企业、合肥市工业设计中心企业、合肥市企业技术中心，获得了科技部全国颠覆性技术创新大赛优胜奖、第十八届“中国芯”优秀技术创新产品、第十一届安徽省专利奖优秀奖等多项奖项。公司研发的产品包括车规级电源管理芯片、车规级信号链芯片、车规级电机驱动芯片及宽禁带半导体功率芯片，主要应用于新能源及新能源汽车、智能电网、新一代智能家电等领域。公司具有国内领先的研发实力，在低功耗电源管理芯片、宽禁带半导体功率芯片以及高端定制模拟芯片领域有业内领先的研发团队。公司核心研发人员主要来自于国际、国内一流IC设计公司，并在上海、南京成立全资研发子公司。公司加大产学研合作及战略合作的力度，承担并完成了多项国家科研开发任务，并在各类重大专业领域赛事中多次获得奖项。未来的艾创微将以倍加振奋的精神、只争朝夕的干劲，坚持以“高端模拟芯片国产化替代的先行者”为愿景，着眼于新兴产业集群，进一步增强发展紧迫感，敏锐抓住政策新机遇，加快推进产品升级，聚焦汽车电子、智能家电、新能源、智能电网、可再生能源等领域市场，进一步做强做大做优，坚持以高水平创国际品牌为发展战略，用技术创新来振兴民族芯片工业。,"https://www.zhaopin.com/jobdetail/CC289238480J40279791406.htm?refcode=4019&srccode=401901&preactionid=a7c1140f-c46c-45e5-b867-ab342d8bdc77"
4289,实施工程师,长沙-天心区,4000-6000元,武汉中瀚科技有限公司,"通信/网络设备,互联网,计算机硬件,运营商/增值服务",100-299人,未融资,CC121143210J40776351507,岗位职责     1、负责中国移动长沙分公司驻点支撑    2、负责长沙分公司相关业务的现场处理    3、负责协助市管理员处理相关流程问题    4、负责梳理市公司组织架构，找到关键人，便于后期能够突破    5、通过业务培训及汇报材料，工作量统计，完成移动对项目的整体要求,7月23日,武汉中瀚科技有限公司是集位置产品研发、销售和服务为一体的高新技术企业，拥有高新、双软及多项产品著作权，公司注册资金2500万，公司资产规模达到1.8亿。产品主要以BDS北斗卫星导航系统、GPS全球定位系统、GIS地理信息系统技术为核心研发的位置管理平台于2013年通过了国家交通部符合性审查，为湖北省交通厅获批“两客一危”运营服务企业之一，目前运营平台车辆用户数近5.5万，用户总量为华中地区位置服务运营商首列，现有位置信息化解决方案已覆盖98%以上行业用户自2012年底，国家北斗定位导航系统正式宣布提供区域服务开始，作为位置服务运营龙头企业，积极响应国家号召，致力于北斗产业运营推广工作，现已与“华中北斗产业联盟”、“华中甩挂联盟”、“湖北运输物流协会”等行业协会及联盟结成紧密合作伙伴关系。是“湖北省北斗产业联盟”常务理事会员。公司秉承“安全、便捷”的服务理念，采用互联网、移动互联网等多渠道信息网络，为用户提供优质安全高效的服务，产品服务网点遍布全国31个省、市、自治区，700余家基层服务单位。公司坚持以“软件、硬件、服务三位一体”，为客户和社会创造更高价值，致力于成为技术领先、市场领先的品牌，做物联网行业应用市场的领导者，向成功的长跑型企业的目标不断迈进。,"https://www.zhaopin.com/jobdetail/CC121143210J40776351507.htm?refcode=4019&srccode=401901&preactionid=a7c1140f-c46c-45e5-b867-ab342d8bdc77"
4290,测试工程师,上海-嘉定区,6000-8000元,方圆标志认证集团上海有限公司,"咨询服务,检测/认证",20-99人,,CC841005640J40787774713,岗位职责： 1.负责按照相关标准制定检验检测方案； 2.负责对送检产品的防爆性能进行实验检测，做好原始记录，解决检测过程中的各类问题，分析测试数据和结果，出具检测报告； 3.负责实验室检测设备、仪器及环境的日常维护和保养；  4.协助完成实验室建设、体系建设和认可评审，提升实验室整体技术能力； 5.协助完成技术团队的质量、安全等管理工作； 6.对所有的客户资料和商业机密富有保密责任； 任职要求： 1.机械、机电、电气自动化、电子工程等相关专业大学本科及以上学历，英语流利； 2.电子检测项目工程师须熟悉电子相关专业知识，熟悉电路图、原理图，能进行电路检测和电路分析；精通电子检测设备； 3.机械检测工程师须熟悉机械设计及制造相关专业知识，掌握AutoCAD等机械制图软件； 4.有检验检测行业或实验室工作经验优先考虑； 5.熟悉检验检测相关的法律法规及标准； 6.较强的团队协作精神和服务意识； 7.家住嘉定优先考虑。 福利待遇： 1. 周末双休，节假日按照国家规定正常休息； 2. 入职享受五险一金，餐补； 3. 年度体检，带薪休假。,6月23日,方圆标志认证集团上海有限公司（简称“方圆上海公司”）是方圆标志认证集团有限公司（简称“方圆集团公司”）的全资子公司。方圆上海公司在方圆集团公司的授权与支持下，依托方圆品牌开展管理体系认证、产品认证、服务认证等认证业务，以及管理提升、二方审核、节能低碳、培训、各种评价等非认证业务。方圆上海公司始终秉承“传递信任、服务发展”的宗旨，“以质量求发展、靠诚信行天下”的经营理念，不断拓展业务领域，逐渐发展成为一家拥有国家注册审核员和行业技术专家250余名的规模认证机构。二十余年间，方圆上海公司为3000多家企事业单位及政府机构提供了服务，累计发放各类认证证书6000余张。,"https://www.zhaopin.com/jobdetail/CC841005640J40787774713.htm?refcode=4019&srccode=401901&preactionid=a7c1140f-c46c-45e5-b867-ab342d8bdc77"
4291,实施工程师,济南-槐荫区,7000-12000元,东华医为科技有限公司,"IT服务,IT服务",1000-9999人,未融资,CC649781480J40792096905,1、英语水平较高；,2025-07-27 00:28:41,东华医为科技有限公司（简称东华医为）成立于2012年5月，注册资金5000万，是东华软件股份公司旗下专业服务医疗、卫生等大健康领域IT业务的全资子公司。东华医为现有员工2000余人，其中技术人员占比达到90%，拥有近100项大健康类自主知识产权的软件产品，所覆盖的大健康领域有医疗机构、卫生管理机构、互联网医疗、人工智能、大数据、健康管理等，所涉及的主要业务有IT咨询规划、方案设计、系统集成、软件开发与交付、工程实施与交付、人才培养、售后运维、合作运营等。东华医为现为全国500余家大健康领域的各类用户提供着持续的技术服务，还连续多年蝉联中国十佳医疗行业解决方案商榜首。传承了东华软件医疗卫生事业部近二十年IT业务的东华医为，在高速发展的大健康领域，笃定能大有作为。,"https://www.zhaopin.com/jobdetail/CC649781480J40792096905.htm?refcode=4019&srccode=401901&preactionid=a7c1140f-c46c-45e5-b867-ab342d8bdc77"
4292,测试工程师,无锡-锡山区,6000-8000元,江苏华郢智能技术有限公司,"工业自动化,人工智能,智能硬件,通信/网络设备",20-99人,不需要融资,CCL1481218200J40728410602,岗位内容：   1、负责产品硬件测试方案设计，制定测试计划及测试用例；   2、执行硬件功能测试、性能测试、可靠性测试；   3、分析测试数据，定位硬件故障原因，协同团队推动问题闭环；   4、编写测试报告及技术文档，确保符合行业标准；   5、优化测试流程，提升测试效率；   6、参与产品设计评审，提出可测试性及可靠性改进建议；   7、跟踪行业测试标准与技术趋势，推动测试体系升级。,5月14日,华郢智能技术有限公司聚焦工业领域的自动化、数字化、智能化，专注“数据层、控制层、传感层”核心技术，专注于工业控制产品的研发、生产和销售，定位服务于高端设备制造商，以拥有自主知识产权的工业控制技术为基础，以快速为客户提供个性化的解决方案为主要经营模式，持续致力于以先技术赋能智慧工业。华郢智能致力于在半导体、农业、智能制造、新能源、医药健康等行业，同行业共成长，为行业提供负载整合一体化的智能控制核心产品和解决方案。主营业务工控机智能控制器触控一体机,"https://www.zhaopin.com/jobdetail/CCL1481218200J40728410602.htm?refcode=4019&srccode=401901&preactionid=a7c1140f-c46c-45e5-b867-ab342d8bdc77"
4293,实施工程师,天津-南开区,5000-8000元,北京用尚科技股份有限公司,"计算机软件,电力/水利/热力/燃气",100-299人,已上市,CC150587510J40752385711,岗位职责：    1、负责在建业务系统的项目推进工作，包括需求交流、需求分析设计、安装部署、接口调试、升级维护等；    2、负责项目技术资料的输出；    3、主导或协助项目成果的验收交付、用户培训；    4、现场用户使用体验跟进与反馈；    5、承担在运业务系统日常技术支持与运维工作。    岗位要求：    1、统招本科及以上学历，计算机、软件工程、信息管理自动化、电子信息等专业；    2、对计算机软件、硬件、网络知识有一定的掌握；    3、对数据库、操作系统、网站部署等相关知识熟练掌握；    4、文字组织能力强，能够独立完成软件工程文档；    5、工作积极主动，善于沟通，责任心强，敢于钻研，有一定抗压能力；    6、适应出差，有一年及以上相关软件实施工作经验者优先。 ,6月30日,北京用尚科技股份有限公司成立于2002年，公司总部位于上地信息产业基地，已在天津、石家庄、太原、成都等城市设立研发中心和办事处，是国家认定的高新企业和双软企业，注册资本2000万。2016年2月，公司在“新三板”即全国中小企业股转系统正式挂牌上市，证券代码：835775，股票简称：用尚科技。用尚科技以“品质卓越，效用为尚”为经营理念，自成立至今一直致力于电力企业的信息化建设，为用户提供性能卓越的产品和优质的技术服务。公司紧密跟踪电力行业的技术方向和动态，先后执笔或参与制定了《智能电网调度控制系统调度管理应用（OMS2.0）功能规范》、《变电站监控信息智能管理系统技术规范》、《基于监控数据的变电站设备运行大数据分析功能规范》等多项标准。公司的OMS系统、智能防误操作票系统、变电站三维预警系统等均高质量通过由电力工业电力系统自动化设备质量检验测试中心（中国电力科学研究院）的技术/安全检测。公司研发的基于大数据的变电站监控信息决策分析专家系统、调控智能防误操作系统、基于物联网技术的保护压板状态在线监测系统或是作为成立以来的拳头产品或是针对大运行改革后推出的主打产品已在多个省份部署实施，得到现场用户的好评，全国覆盖用户达十几家省市公司。,"https://www.zhaopin.com/jobdetail/CC150587510J40752385711.htm?refcode=4019&srccode=401901&preactionid=a7c1140f-c46c-45e5-b867-ab342d8bdc77"
4294,技术支持工程师,南京-江宁区,6000-10000元,南京东送新能源有限公司,新能源,20-99人,,CC633017480J40611094809,岗位职责： 1、负责光伏项目前期的现场踏勘收资、技术评估及相关技术协调工作； 2、负责绘制组件布置图、编制项目方案、项目建议书； 3、负责为开发人员提供技术支持解答开发过程中业主提出的技术问题； 4、负责协助投标人员编写技术标文件； 任职要求： 1、本科学历，新能源、电力系统、电气工程及其自动化、机械等电气相关专业； 2、熟练掌握office办公软件、CAD绘图、PVsyst、meteonorm； 3、有光伏从业经验者优先。,12月19日,,"https://www.zhaopin.com/jobdetail/CC633017480J40611094809.htm?refcode=4019&srccode=401901&preactionid=a7c1140f-c46c-45e5-b867-ab342d8bdc77"
4295,Java,石家庄-裕华区,7000-14000元,石家庄汇控鑫科技有限公司,"互联网,计算机软件",20-99人,不需要融资,CCL1296669470J40435718013,1.负责客户端APP产品中服务器后端的工程设计，架构设计以及开发工作。 2、研究业界最新技术及其应用，解决创新研发过程中的关键问题和技术难点。 3、根据项目任务计划按时完成软件编码和单元测试工作。 4、按照开发流程编写相应模块的设计文档。 5、与产品经理、测试工程师、其他团队沟通合作，保证产品研发工作的质量和进度。 6、协调或指导团队里其它开发人员的工作。 7、一种主流后端语言编程经验：Java，或Scala，或Node.js，或Python。,4月16日,一家集实训、研发、人才输出为一体的java开发技术服务公司，长期为多家企业提供Java开发工初程师、中、高级技术人才服务致力于公司在互联网行业发展与创新，并建设性地指导公司工作，保证技术紧跟时代发展，每年更新升级课程内容。,"https://www.zhaopin.com/jobdetail/CCL1296669470J40435718013.htm?refcode=4019&srccode=401901&preactionid=a7c1140f-c46c-45e5-b867-ab342d8bdc77"
4296,测试工程师,南京-江宁区,7000-12000元,高邮市北方动力机械有限公司,"电气机械/电力设备,汽车研发/制造,仪器仪表制造",100-299人,未融资,CC543017220J40731433409,1.负责研发阶段整机园林工具产品的负载寿命、实际操作寿命测试和整机功能和性能测试； 2.测试方法评估、维护/搭建与方法匹配的测试环境； 3.评估审核测试评估数据、测试异常现象和测试结果； 4.汇总各阶段测试项的过程数据、异常现象和测试结果，结合测试过程向项目组进行测试过程汇报； 5.完成和提交各项目阶段与测试相关的工作输出； 要求： 1.机械相关专业，机电测试和开发有5年工作经验，有电动工具、园林工具、家用电器等测试工作经验优先； 2.能熟练运用各种测试设备，发现设备问题和维护； 可以接受省内出差,5月8日,北方动力机械有限公司创建于1998年，期初生产替代进口摩托车配件，2010年进入出口园林机械的研发，是国家首批研发园林机械的企业之一，2014年导入新能源汽车车桥的开发与研究，现有园林机械七大类33个规格型号，车桥两大类8大系列20多个品种；拥有20多项具有自主创新的国家专利；多项产品被评定为“江苏省高薪技术”、“国家重点产品”。公司坐落于千年古城高邮，南临文明古今的名城扬州，东倚G2京沪高速路边，据扬州泰州国际机场半小时路程，2018年底连淮扬镇高铁将建成通车，立体交通十分便利。公司先后荣获ISO9001质量管理体系认证，ISO14001：2008环境体系认证，ISO/TS16949认证，被评为国家高薪技术企业，江苏省AAA级信用企业，江苏省安全生产标准化示范企业，扬州市劳动保障诚信示范企业，科技创新企业等，是中国汽车工业协会车桥委员会会员单位。,"https://www.zhaopin.com/jobdetail/CC543017220J40731433409.htm?refcode=4019&srccode=401901&preactionid=a7c1140f-c46c-45e5-b867-ab342d8bdc77"
4297,测试工程师,宁波-慈溪市,6000-10000元,宁波察微生物科技有限公司,医疗设备/器械,20-99人,,CC840956710J40748974112,岗位职责： 1.负责产品开发过程的调试协助。 2.负责产品开发阶段的性能、功能、可靠性验证。 负责验证过程中的数据及问题的记录、整理分析及报告的编制。 3.负责产品调试过程中仪器操作规程、维护保养规程及整机检验工艺的编制。 4.负责测试相关SOP文件的编制、更新、维护。 5.完成上级交付的其他工作。 岗位任职要求： 1.本科及以上学历，计算机相关专业，软件方向，一年以上工作经验，优秀应届生亦可。 2.有意向技术类工作方向发展，能接受重复性的工作内容。 3.熟练掌握常用测试工具和测试管理工具，能够编写测试脚本。 4.具有良好的团队协作能力，较强的自我学习能力。 5.可适应出差。 ,2025年07月30日,山东察微生物科技有限公司是一家专业从事集设计、开发、研制、生产、销售各种病理设备为一体的高新技术企业。产品范围涉及自动封片机、全自动组织染色机、染色封片工作站、全自动免疫组化仪、冰冻染色封片工作站、全自动冰冻染色机等。公司一直以“企业的价值蕴于客户的成功之中，企业的成功享于员工价值最佳表现之时”作为我们的经营理念。公司坚持走以质量求生存，以科技求发展的道路，以一流的产品、技术、品质为客户提供专业化、标准化的服务。山东察微打造了一支效率高、责任强的团队，全体职工努力拚搏，积极进取，日积月累的付出取得了丰硕成果。山东察微以先进的设备，卓越的产品性能，稳定可靠的产品质量，及时周到的售后服务，并在友好、平等、诚实、守信和互利的原则下与各界有识之士交流合作，从而共同开拓美好的未来!察微公司生产的自动封片机/自动盖片机产品填补国内空白；察微公司的自动封片机/盖片机产品与德国徕卡比较，察微的产品速度更快、稳定性更好、彩色触摸屏操作更加方便、独有的质量控制系统、完善的售后服务体系；察微公司的自动封片机/盖片机产品与日本樱花比较，察微的产品速度更快、稳定性更好、彩色触摸屏操作更加方便、独有的质量控制系统、没有专用耗材、完善的售后服务体系。察微公司的自动封片机/盖片机产品与美国赛默比较，察微的产品速度更快、稳定性更好、彩色触摸屏操作更加方便、独有的质量控制系统、完善的售后服务体系。察微公司生产的自动封片机/盖片机产品，根据中国市场量身定做，在不失高性能的前提下，采购德国徕卡、日本樱花、美国赛默与采购察微公司的自动封片机/盖片机产品，察微能给购买科室节省采购费用；察微公司的自动封片机产品封片速度更快、处理任务能力更强，大大提高使用科室的工作效率，节省人力；察微公司的自动封片机工作重复性和稳定性很棒，有效避免人工盖片才生的不稳定导致重复性工作；察微公司的自动封片机产品具有高效的二甲苯抽排处理系统，为使用者创造良好的工作环境，避免使用者接触二甲苯，减少对人体的危害。,"https://www.zhaopin.com/jobdetail/CC840956710J40748974112.htm?refcode=4019&srccode=401901&preactionid=a7c1140f-c46c-45e5-b867-ab342d8bdc77"
4298,硬件测试,东莞-None,8000-10000元,宁波中嘉科贸有限公司,"计算机硬件,零售/批发",1000-9999人,未融资,CC131606690J40671737206,岗位职责： 1.熟悉VBIOS、Function、Driver/周边产品相关测试； 2.负责产品兼容性及稳定性实验；,5月9日,宁波中嘉科贸有限公司是台北技嘉科技股份有限公司于2003年6月在大陆成立的一家子公司，主要自营各类商品/技术的进出口等。技嘉简介全球科技领导品牌─技嘉科技 GIGABYTE，致力于「创新科技，美化人生 Upgrade Your Life」的企业使命，经营范围涵盖家用、商用、电竞、云端等多元科技领域。技嘉以持续前进的品牌动能，掌握众多突破性的专利技术，并结合 5G、AI、AIoT布局云端智能，积极打造高效能、高质量与超耐久的科技解决方案。同时，我们坚守回馈和关怀社会的经营理念，链结永续发展目标，矢志为全人类带来更美好的生活。经营理念创新科技，美化人生(Upgrade Your Life)主要商品/服务项目从一片主板开始，逐步拓展到显示适配器、计算机周边、笔电；并以恒久稳定的储存装置、服务器，协助全球各大企业完善企业解决方案；同时为人工智能、深度学习等前瞻性科技，提供丰厚的发展基础。我们持续与消费者深入对话，针对特殊需求量身打造：挑战感官激情的顶级电竞品牌─ AORUS，职人指定使用的专业笔电─ AERO系列，以及性能强悍又体积轻巧的超威型计算机─ BRIX。技嘉以创新技术研发出质量稳固的产品，多元产品满足全面需求。声明：鉴于目前在全国范围内出现假冒技嘉科技、宁波中嘉科贸有限公司的名义进行招聘的行为，为保证广大应聘者的合法权益，如您接到以我司名义发出的面试邀请、培训要求等情况，请务必至官网或大型招聘网站（如51job、智联招聘网）确认岗位名称及联络方式，如有疑问欢迎来电&Email咨询。以上信息特予以声明！,"https://www.zhaopin.com/jobdetail/CC131606690J40671737206.htm?refcode=4019&srccode=401901&preactionid=a7c1140f-c46c-45e5-b867-ab342d8bdc77"
4299,测试工程师,福州-马尾区,5000-10000元,福建富昌维控电子科技股份有限公司,"仪器仪表制造,互联网,仪器仪表制造,物联网",300-499人,未融资,CC291402110J40744162110,岗位职责： 1、根据测试大纲完成产品的性能测试、可靠性测试，测试后报告的撰写，对测试结果进行分析，测试问题的跟踪。  2、负责新部品的性能测试、可用性测试，输出测试报告。  3、协助研发人员完善测试标准和规范，对测试工作有自己见解和想法。  ,5月6日,福建富昌维控电子科技股份有限公司是一家专业从事先进制造和自动化领域产品研究、开发与销售的国家高新技术企业。维控自主研发的主要产品有：人机界面(HMI)、可编程逻辑控制器(PLC)、维控慧网(V-NET)和企智云(V-IEC)、智能网关产品慧盒(V-B0X)、伺服驱动器、运动控制系统、视觉控制系统等，产品广泛应用于装备制造业、农业养殖、节能环保、新能源等领域，为客户提供专用控制、工业物联网解决方案。维控总部位于福州市马尾区维控科技园，近600名年轻、充满激情的职工在这里工作。维控凭借其创新技术、持续改良的产品和服务，销售网络遍布全球。在国内主要工业城市设有四十余个办事处，为各地代理商和客户提供产品销售和技术支持服务。同时，维控产品远销八十多个国家，在意大利、巴西、土耳其、印度、巴基斯坦等四十余个国家设有代理商，为产品提供全球联保服务。维控经过多年努力，已获得业内肯定，拥有《福建省科技型企业》、《福建省“专精特新”中小企业》、《国家高新技术企业》等荣誉称号同时，公司已通过ISO9001质量管理体系认证，所有产品均通过CE认证(欧盟安全）截止到2025年4月份，公司拥有169项核心自主知识产权，其中发明专利14项，实用新型专利28项，外观专利9项，软件著作权118项。,"https://www.zhaopin.com/jobdetail/CC291402110J40744162110.htm?refcode=4019&srccode=401901&preactionid=a7c1140f-c46c-45e5-b867-ab342d8bdc77"
4300,软件测试,郑州-中原区,6000-10000元,重庆科满福人力资源服务有限公司,企业服务,20-99人,,CCL1487604860J40925301104,【岗位职责】： 1、软件测试岗位职责  2、接受测试任务，进行需求分析 3、按照测试计划搭建测试环境，并保证测试环境的可靠性 4、按照测试计划编亏测试用例，保证测试用例合理有效 5、按照测试用例执行测试，及时发现缺陷，并使用工具进行管理缺陷 6、编写和提交测试报告，保证测试进度按计划完成 7、参与审核其他测试工程师的测试用例和报告 8、学习公司已有方案和推广使用新的测试技术和工具 ,6月29日,,"https://www.zhaopin.com/jobdetail/CCL1487604860J40925301104.htm?refcode=4019&srccode=401901&preactionid=a7c1140f-c46c-45e5-b867-ab342d8bdc77"
4301,Java,南京-雨花台区,1.5-3万·14薪,外企德科数字技术有限公司,专业技术服务,10000人以上,,CCL1480117890J40794008505,岗位优势： 1、导师制培训机制，新人入职至少半年以上会有导师一对一辅导开展工作和学习。 2、部门：ICT（公开、光、计算、无线、数存等）、云、2012（中硬、中软、中媒）、消费者BG、BPIT、上海海思、Carbu（智能汽车）、数字能源等 3、主要地点： 十大研究所（北京、上海、东莞、深圳、杭州、南京、苏州、武汉、西安、成都） 三大办事处（广州、长沙、济南） 基本要求： 1、熟悉掌握C/C++/python/JAVA/go/JS等语言开发； 2、熟悉一种以上脚本语言，shell、python等； 3、掌握常用的数据结构、数据算法； 4、良好的表达能力，钻研精神、注重团队协作。 公司福利： 1、入职缴纳五险一金+商业险，全额缴纳社保公积金，试用期薪资全额发放不打折。 2、上下班班车接送 3、良好的团队氛围、首屈一指的技术大拿带教，成长性max 4、过节福利优厚，包括但不限于（过节费、节日礼盒、年终奖、福利活动、部门定期团建等）,2025-07-27 00:26:01,外企德科数字技术有限公司是一家2023年新成立的中外合资企业。成立于2023年11月24日，公司定位：专注于为信息技术企业提供人才及数字技术外包解决方案的中外合资企业。它是由中国人力资源服务行业的FESCO（北京国际人力资本集团）与全球人力资源服务领导者The Adecco Group（德科集团）合资成立的。公司主要提供网络技术服务、软件外包服务、计算机系统服务、技术进出口、软件开发等信息技术相关服务。专注于为信息技术企业提供信息技术类人才及数字技术外包解决方案。,"https://www.zhaopin.com/jobdetail/CCL1480117890J40794008505.htm?refcode=4019&srccode=401901&preactionid=a7c1140f-c46c-45e5-b867-ab342d8bdc77"
4302,软件测试,大连-沙河口区,3000-4000元,大连创升科技有限公司,互联网,100-299人,,CC378036630J40922529304,主要职责： 1.、负责测试、调整、发布API接口&网爬相关代码（重点看此能力） 2、了解经销商数据库环境、了解经销商/商务意见、为经销商/商务解答疑问等 3、统计并记录经销商对接信息 4、配合主管优化运营流程，提升运营效能 5、完成上级交办的其他任务   任职要求：   1. 计算机相关专业（专业是信息管理等涉及数据算法等最佳），大专以上学历 2. 掌握Windows、Linux、Unix等主流操作系统基本使用； 3. 熟悉Sql server 、Oracle、Mysql等数据库的基本操作；熟悉数据库表关联，可熟练编写数据库查询语句； 4. 同时掌握Python、C#开发语言，并能完成简单的代码测试以及BUG修改。 此两语言不擅长的话，具备做接口开发能力者也可以。 5. 富有责任心、创新精神和团队合作精神，能够承受相应工作压力，工作积极主动； 思路清晰，具有独立解决问题的能力。   行业背景：医药行业工作背景与计算机相关工作背景优先,7月18日,大连创升科技有限公司于2016年成立于浪漫之都大连，注册资本200万人民币。拥有办公区2000平方米，位于高新区三丰大厦创升科技自成立7年以来，不断深耕与突破，开拓多类型IT服务模式，跨多行业领域，为客户提供高效、个性化的IT服务;作为一家具有专业开发团队的科技公司，创升自主开发多种服务平台产品，包括自动化测试平台、招聘管理系统、餐饮一体化系统等。以大连为核心，服务范围覆盖全国多个城市,"https://www.zhaopin.com/jobdetail/CC378036630J40922529304.htm?refcode=4019&srccode=401901&preactionid=a7c1140f-c46c-45e5-b867-ab342d8bdc77"
4303,测试工程师,贵阳-乌当区,8000-12000元,贵州振华群英电器有限公司(国营第八九一厂),船舶/航空/航天/火车制造,500-999人,,CC218626220J40714689602,一、主要岗位职责 1、负责例行试验、周期检验、委托试验、摸底验证试验、第三方鉴定试验、极限评估试验、第三方性能验证试验、市场专项验证试验、科研新品试验、检验试验有效性研究验证、应用验证实施。 2、负责全厂的J品、新品检验大纲的编制，负责试验过程和认可实验室的技术指导工作，负责开展相关工艺验证、质量提升、应用验证项目策划和实施。负责例行试验、周期试验、维持试验、可靠性试验报告的审核等工作，确保交付产品质量满足用户要求。,7月5日,贵州振华群英电器有限公司始建于1966年，隶属中国振华（集团）科技股份公司，现有员工800余人，是微型密封电磁继电器和用接触器研制、生产的骨干企业和定点厂家。企业产品广泛应用于电动汽车、充电设施、光伏电站等新能源领域。研制的产品包含电磁继电器、接触器、电磁锁控装置、固体继电器、控制组件等，产品发展方向为研制可靠继电器、智能控制器及机电组件。研发涉及电磁、热、力学、电路仿真设计技术和CAD/CAM计算机辅助技术。企业的研发中心为省级技术中心，2010年起与哈尔滨工业大学联合组建了贵阳研发中心（地址：贵阳市乌当区083基地），2015年成立了北京研发中心（地址：北京市定慧西里甲18号），2016年成立了西安研发中心（地址：西安市中国电子西安产业园）。企业将进一步强化创新管理，不拘一格引进各类高端人才，不断完善以业绩为导向的绩效考核机制和按劳计酬的薪酬体系平台，持续推进精益六西格玛、燎原创新管理工作，通过规范高效的运营机制，更好促进企业与员工的共同成长。,"https://www.zhaopin.com/jobdetail/CC218626220J40714689602.htm?refcode=4019&srccode=401901&preactionid=a7c1140f-c46c-45e5-b867-ab342d8bdc77"
4304,实施工程师,咸宁-嘉鱼县,9000-18000元,青岛安然物联网科技有限公司,"物联网,物联网",20-99人,未融资,CC559764920J40823800904,需要弱电技术、自动化、安防系统、工业互联网+危化安全生产、物联网人才，不要纯软件人才。  你能经常到全国各地出差吗？你能到工业生产现场生产现场做技术支持吗？   真正的奋斗者在安然会有让人值得为之奋斗的事业，会有充实、高效的成长，会有高人一等的收入。   你能做好售前技术支持、根据客户需求，高效制作方案吗？你能做好售中技术支持、指导他人正确安装、部署、调试系统向用户保质保量快速交付吗？你能做好售后维护，高效沟通和落实客户需求吗？   迄今已服务中石化、中石油、延长石油、国能、兖矿、京能、索普、新安、奇美、昊源、潞安、旭阳、垦利、逸盛、海科、酒钢、金发等几百家石化、化工、选煤、钢铁、电厂企业。    安然以客户为中心，以强者为本，抬头乐干，愿意与同道中人联合、链接，携手共建、共用、共享生产安全命运共同体，一起干，一起干，让优秀企业更安全，让优秀企业更高效！,7月24日,基于精准人员定位的工业安全生产信息化管理专家，安全生产信息化管理引领者！作为全国实时定位技术标准工作组成员和应急管理部“工业互联网+危化安全生产”人员定位系统技术支持机构，安然从2012年起致力于基于ZigBee Plus三维立体按需精准定位的“工业互联网+安全生产”的研究，获得了20多项安全智能管控系统发明专利和著作权，持续引领中国化工行业生产现场智慧安全！安然以“准、稳、狠”的ZigBee Plus三维立体按需精准人员定位统和“底数清、数据准、情况明、研判准、措施实”的安全生产信息化平台为核心，整合访客管理、出入口控制、人脸识别、视频监控、语音广播、重大危险源监控、可燃有毒气体监测等系统，对生产现场人、机、料、法、环五大要素进行实时、动态、智能管控和预警，规范人的安全行为，保障人的生命安全，有效防范风险、主动化解风险，实现智慧安全。安然“以用为本”，把安全生产信息化建设与公司管理体系“深度融合”，把安全生产信息化建设与日常工作“紧密结合”，对安全生产切实“有用、实用、好用”，避免建用“两张皮”，让安全管控更智能，让生产更高效才实用。迄今已服务中石化、中石油、延长石油、国能、兖矿、京能、索普、新安、奇美、昊源、潞安、旭阳、垦利、逸盛、海科、酒钢、金发等几百家石化、化工、选煤、钢铁、电厂企业。安然以客户为中心，以强者为本，抬头乐干，愿意与同道中人联合、链接，携手共建、共用、共享生产安全命运共同体，一起干，一起干，让优秀企业更安全，让优秀企业更高效！,"https://www.zhaopin.com/jobdetail/CC559764920J40823800904.htm?refcode=4019&srccode=401901&preactionid=a7c1140f-c46c-45e5-b867-ab342d8bdc77"
4305,软件测试,天津-河东区,150-200元/天,天津挚云数字科技有限公司,"计算机软件,计算机软件,IT服务",20-99人,不需要融资,CCL1355530700J40584897110,1. 编写、执行测试用例，确保软件质量。 2. 跟踪、管理缺陷，确保缺陷得到修复。 3. 参与需求评审、设计评审，提前发现潜在问题。 4. 编写测试报告，总结测试成果。 5. 与开发团队紧密合作，共同推进项目进度。 感兴趣联系我，欢迎加入我们的团队！,7月24日,天津挚云数字科技有限公司（简称：挚云数科）于2020年4月成立，注册资本金1000万元，是行业领先的供应链金融科技解决方案提供商，天津市商业保理协会副会长单位。挚云数科专注于为保理公司提供最专业、最高效的供应链金融科技系统与运营服务，同时服务包括实体企业、第三方机构及金融机构在内的参与各方，致力于构建覆盖供应链金融全流程的生态系统。,"https://www.zhaopin.com/jobdetail/CCL1355530700J40584897110.htm?refcode=4019&srccode=401901&preactionid=a7c1140f-c46c-45e5-b867-ab342d8bdc77"
4306,硬件测试,无锡-锡山区,9000-16000元,新能动力,"电力/水利/热力/燃气,电力/水利/热力/燃气",100-299人,C轮,CC175513320J40619465309,岗位职责： 1、对产品（或样机）进行过程测试，记录相关测试数据，并定期汇总 2、负责产品测试环节，对存在的或潜在的质量问题，提出纠正和预防措施 3、针对发现的不合格品，提出初步的处理意见，并跟踪质量改进和关闭质量问题，确保符合相应的质量标准 4、协助处理售后反馈的质量问题 5、熟练使用万用表，示波器，电能质量分析仪等检测仪器 6、熟悉常用的电器元件，对样品物料可以根据产品手册进行样品检测，并生成检测报告 7、需要适应短时出差工作 8、熟悉电气原理图，能根据电气原理图发现产品问题，并解决问题,7月9日,简介新能动力（北京）电气科技有限公司位于中关村高科技园区，是国家高新技术企业，从事电力电子及新能源高端装备制造，致力于电能质量治理、电网节能、尖端大型电力电子装备等领域产品的研发、生产、销售与服务。新能动力独到的技术研发能力，赢得了行业内普遍赞誉。产品广泛应用于轧钢、橡胶、冶炼、石油钻采、化工、军工、医药、芯片制造、显示面板、地铁、机场、高速公路、化纤、电网、大型场馆、医院等行业，获得用户高度评价。新能动力在国内有800多家客户，遍及所有省份，拥有多项核心技术，获得包括中国、美国、欧洲、日本、加拿大、南非、埃及、墨西哥等20多项国内外发明专利，通过ISO9001、ISO14001、OHSAS18001等体系认证，产品已通过德国TÜV莱茵认证、欧盟CE认证、金太阳认证、国家电控配电设备质量监督检验中心检测认证、低电压穿越认证等多项国内外权威认证。新能动力坐落于北京的研发中心和制造基地，在全国设有本地化销售体系。不断的创新、一流的客户、优秀的人才为市场提供具有竞争力的选择和价值。,"https://www.zhaopin.com/jobdetail/CC175513320J40619465309.htm?refcode=4019&srccode=401901&preactionid=a7c1140f-c46c-45e5-b867-ab342d8bdc77"
4307,硬件测试,焦作-山阳区,6000-9000元,重庆科满福人力资源服务有限公司,企业服务,20-99人,,CCL1487604860J40937016804,【岗位职责】 ： 1、进行新产品研发阶段的测试工作 2、完成新产品的功能测试、可靠性测试、环境测 试、安全测试等技术工作 3、制定测试计划，设计测试用例，分析测试数 据，编制测试报告 4、为其他部门提供技术支持，与其他部门的产品 联合测试工作 【薪资待遇】： 试用期：（试用期5350-转正6500）元/月＋300全勤+（300-800）元/岗位补贴+（1000-1500）元/月绩效+加班费=-6000-9000左右 ,7月29日,,"https://www.zhaopin.com/jobdetail/CCL1487604860J40937016804.htm?refcode=4019&srccode=401901&preactionid=a7c1140f-c46c-45e5-b867-ab342d8bdc77"
4308,C/C++,成都-大邑县,7000-10000元·14薪,成都瑞戈科技有限公司,"专用设备制造,工业自动化,专用设备制造,通用设备制造",20-99人,未融资,CC444751580J40833758315,岗位职责 1、协作机器人应用调试，结合3D相机数据、运动学算法、机器人轨迹规划，力闭环控制等，实现机器人特定功能控制； ２、针对汽车零部件环境耐久试验、疲劳试验、泥水试验、性能检测等试验设备编程，通常下位机为Beckhoff系统，使用ST编写实时程序，上位机使用LabView或VS编写，实现各试验信号采集，实现力闭环、位移闭环等伺服控制，上位机对试验信号曲线展示，数据保存； ３、对核心代码进行维护、改进完善，以满足新需求； ４、参与技术攻关，解决技术问题，如路谱信号迭代复现，多耦合系统解耦控制，真实复现汽车零部件运动及受力。 任职资格 1、本科以上学历，软件工程、机械电子工程、自动控制等相关专业； 2、熟练掌控C/C++，LabView或ST语言； 3、数学功底扎实，熟悉自动控制原理，熟悉信号采集（力、位移、加速度、温湿度、压力、流量等）； 4、有实际工作经验优先，有严密的逻辑思维能力； 5、能承受工作压力，有责任心和上进心。 ,5月12日,成都瑞戈科技有限公司是一家高端非标设备服务提供商，从事专用试验设备，自动化生产设备，检测设备的设计，制作，以及工装，夹具，模具，检具等工艺装备的设计及制造，并提供非标设备相关的服务。公司位于成都市大邑沙渠工业园区，拥有1500㎡的厂房及精良的设备。我们资深的设计及生产制作团队将为您提供卓越的装备服务。,"https://www.zhaopin.com/jobdetail/CC444751580J40833758315.htm?refcode=4019&srccode=401901&preactionid=a7c1140f-c46c-45e5-b867-ab342d8bdc77"
4309,Java,大连-沙河口区,6000-8000元,大连同方软银科技股份有限公司,"计算机软件,IT服务",500-999人,已上市,CC189336910J40669681108,岗位需要长期出差，一年10个月左右，可接受再投递,11月21日,大连同方软银科技股份有限公司成立于2005年，注册资本金5120万元，主要为商业银行、财务公司和其他金融机构提供软件开发、系统测试和人力外包等信息技术服务。公司总部位于大连，在北京、长春、石家庄、上海、杭州、长沙、贵阳等地设有服务机构。全力打造中国具有影响力的商业银行IT服务商。作为一家专业从事金融软件开发的企业，同方软银成立16年以来，已先后为100家以上的客户（主要为国内中小银行）成功实施超过2500个IT建设项目。公司在核心业务和普惠信贷领域一直保持产品领先，目前已全面实现分布式、微服务和国产化技术落地，是国内银行领域的领先厂商之一。公司目前拥有超过1200名专业人员为银行客户提供软件开发与测试服务，平均行业经验超过5年，其中核心团队的行业经验超过20年、骨干团队的行业经验超过10年。公司与多家国内外知名IT企业如民生科技、宇信科技、Oracle、IBM、华为、阿里、腾讯、中兴等保持着良好的伙伴关系，并已开展了多年的卓有成效的合作。同方软银是国家认定的“高新企业”，主要产品包括：核心业务系统、贷款核算平台、信贷管理系统、普惠零售系统、票据管理系统、资金管理系统、柜面交易系统、支付业务系统、中间业务平台、统一报送平台等，已有超过150项软件产品先后取得了软件著作权，并多次获得国家相关奖项。公司已通过了CMMI-5、TMMI-3、ITSS-3、ISO9001、ISO27001、ISO20000、ISO22301、ISO14001、ISO45001、信息安全服务资质-软件安全开发3级、AAA级信用企业等多项体系认证和评级，将公司经营、项目流程控制和质量管理全面纳入国际标准规范的轨道，为客户提供符合国际/国家标准的专业的IT服务。,"https://www.zhaopin.com/jobdetail/CC189336910J40669681108.htm?refcode=4019&srccode=401901&preactionid=a7c1140f-c46c-45e5-b867-ab342d8bdc77"
4310,科研人员,厦门-海沧区,2-3万·13薪,厦门通灵生物医药科技股份有限公司,"医疗设备/器械,化学原料/化学制品",100-299人,未融资,CC621509430J40615630005,岗位职责： 1、负责承担罕见基突变因、融合基因、免疫组化等检测系统的技术路线选择及体系设计与优化； 2、负责领导项目研发组成员技术对临床标本进行检测并准确分析结果； 3、负责新检测项目、新技术与新平台的验证与检测体系建立； 4、完成上级安排的其他工作。 任职要求： 1、博士学历，病理学、医学检验、医学遗传、生化免疫或生物学等相关专业； 2、具免疫组化科研或人体病理学研究工作经验优先； 3、有丰富的操作经验，具备较强动手能力、分析问题能力和解决问题能力者优先； 4、有较强科研精神，较强的责任心、细致耐心、善于沟通和团队合作。 5、拥有良好的职业道德及敬业精神，旺盛的事业心，愿与企业长期共同发展。,7月29日,厦门通灵生物医药科技有限公司由福建省科技创业领军人才和厦门“双百计划”领军型(A+)人才郭金灿博士于2017年回国创办，现已发展成集研发、生产和销售于一体的病理诊断高科技企业。经过多年的努力，通灵生物形成了以免疫组化为优势的多系列病理诊断产品线，其中葡萄串式多聚物酶标技术打破国际垄断，为全球客户提供性能卓越的二抗试剂。高通量全自动免疫组化染色机及配套检测试剂已获得国内外17项发明专利。独家采用竖片摆放、热蒸汽抗原修复及多通道加样机制，实现了144高通量检测，具有“多、快、好、省”等特点。通灵生物依托强大的研发实力，已开发超过500种一抗试剂，充分满足常规诊断、科学研究和药企合作需求。截至目前，通灵生物已先后荣获国家高新技术企业、国家“专精特新”科技小巨人企业、科技部创业领军人才企业、福建省引进高层次人才企业、厦门市‘双百计划’领军型人才创业企业、厦门市纳税先进企业、全国科技创新大赛厦门赛区第一名、厦门科技创新一等奖、厦门科技进步二等奖、厦门市专利奖二等奖等多项荣誉称号。,"https://www.zhaopin.com/jobdetail/CC621509430J40615630005.htm?refcode=4019&srccode=401901&preactionid=a7c1140f-c46c-45e5-b867-ab342d8bdc77"
4311,技术支持工程师,西安-莲湖区,6000-9000元,位来小猎(宁波)信息技术有限公司,"计算机软件,专业技术服务",100-299人,A轮,CCL1320375780J40766930407,职位描述 1、负责火山引擎大模型产品的售后服务支持，为客户提供高效优质的服务体验； 2、协助客户解决在使用大模型相关产品(方舟/扣子专业版)时遇到的产品咨询、操作指导、异常排查等各类问题； 3、收集用户反馈信息，汇总提炼，推动产品不断优化； 4、负责快速响应客户问题，针对复杂问题，与技术专家或者研发直接合作，确保问题得到高效解决； 5、负责帮助团队沉淀知识库与技术文档，协助管理者推进流程以及工具体系的优化完善。,6月30日,位来小猎成立于2018年1月，2019年6月完成A轮融资；聚焦行业精华，利用后发优势，在1年以内成为行业黑马公司。核心团队成员均有十年以上的人力资源经验，具备丰富的人力资源专业知识和项目实践，服务众多500强企业和知名互联网公司。位来小猎掌握专业领域核心资源，团队迅速扩张，以北京为中心，在全国建立了10家分公司及办事处，业务覆盖全国。现有300+名员工，派遣、外包员工10000+名；服务客户包括国家体育总局，百度，网易，物美多点，美团，字节跳动，喜马拉雅，作业帮，得物，VIPKID，瓜子，京东，拼多多，喜茶，中国人保等。位来小猎以互联网为载体，依托于位来小猎平台、微信公众号、入职有赏微信小程序上活跃的海量求职者资源，核心业务包括人才外包、专业招聘、业务外包、转编服务和灵活用工等。服务行业涉及全国各领域，其中包括社交电商，旅游酒店，互联网（教育），新零售，金融和国家单位等。位来小猎以“把求职者的未来当做自己的未来”为核心价值，希望通过我们专业的服务和不懈的努力，帮助求职者找到更合适、更有发展前景的工作，破冰职场迷茫，为未来指引方向。一直以来，位来小猎秉承以专业诚信为核心，在专注人力资源服务的同时，为众多求职者解决就业问题，优质、用心的服务赢得了众多用户的好评与信赖。除此之外，公司还建立了完善的服务体系，为求职者在工作中遇到的所有问题和困难提供指导帮助。我们相信，通过我们的不断努力和追求，一定能够创造我们和求职者更好的未来！,"https://www.zhaopin.com/jobdetail/CCL1320375780J40766930407.htm?refcode=4019&srccode=401901&preactionid=a7c1140f-c46c-45e5-b867-ab342d8bdc77"
4312,技术支持工程师,长沙-岳麓区,8000-12000元,湖南精循科技有限责任公司,通信/网络设备,20-99人,,CCL1497255050J40777257607,岗位职责： 1、技术支持和客户服务 2、软件培训和演示 3、项目方案设计与实施 4、市场与产品支持 5、跨部门协作 岗位要求： 任职要求 学历：光学工程、物理、光电信息等相关专业本科及以上学历。 经验： 熟悉光学设计软件（如Zemax、CodeV、LightTools、VirtualLab等），有实际项目经验者优先。 了解几何光学、物理光学、像差理论、激光光学等基础知识。 技能： 熟练使用Python/Matlab进行光学数据处理或自动化优化。 具备良好的沟通能力，能清晰地向客户解释技术问题。,7月29日,,"https://www.zhaopin.com/jobdetail/CCL1497255050J40777257607.htm?refcode=4019&srccode=401901&preactionid=a7c1140f-c46c-45e5-b867-ab342d8bdc77"
4313,科研人员,广州-荔湾区,8000-10000元,广州医科大学,学术/科研,1000-9999人,,CC260264080J40516966208,广州医科大学封红亮教授——广东省人民医院王诗镔主任联合招聘科研助理 一、PI介绍 封红亮，入选广东省重大科技人才计划青年学者，现为广州医科大学附属脑科医院生物节律实验室主任、教授、博士生导师；兼任中国睡眠研究会运动与睡眠健康专委会副主任委员、BMC Medicine等SCI期刊编委等。聚焦睡眠-觉醒昼夜节律新表型及其对神经精神疾病作用和机制研究，主持国家科技创新2030-“脑科学与类脑研究”重大专项（子课题负责人）和国家自然科学基金等纵向课题5项，作为骨干成员参与“十四五”国家重点研发计划“常见多发病防治研究”重点专项1项，近五年以第一或通讯作者（含共同）于Lancet Healthy Longevity、Nature Communications等期刊发表论著15篇，其中，1篇论文被Science的Editors’ Choice收录和编辑述评正面评价，以及Nature出版集团（Nature Portfolio）推荐Highlight（关注度居所有Nat Commun论文前1%），ESI高被引论著论文2篇，被写入睡眠领域实践指南专著。副主编身份编写人民卫生出版社《昼夜节律原理与临床实践》，参编“十四五”普通高等教育研究生规划教材《睡眠医学》和北京大学出版社《睡眠医学》2部教材，撰写昼夜节律睡眠障碍相关章节；获第3届亚洲睡眠医学大会“青年科学家奖”并受邀进行大会报告。 王诗镔，副研究员，硕士生导师，广东省人民医院（广东省医学科学院），广东省精神卫生中心公共卫生事业科主任；吉林大学公共卫生学院预防医学学士、医学博士（流行病与卫生统计学），国家公派加拿大萨省大学医学院、公共卫生学院联合培养博士（慢性病与精神卫生），澳门大学健康科学学院博士后研究员（精神卫生）。从事失眠、抑郁、焦虑、认知障碍、严重精神障碍的预防与康复流行病学研究，牵头“健康广东行动（2019-2030年）”心理健康促进行动和社会心理服务体系构建研究。主持国家自然科学基金、广东省医学科研基金项目、广州市科技计划项目、广东省人民医院科技专项等15项，参与国家重点研发计划项目、国家社会科学基金重大项目、省级科研课题20余项。近年发表科技论文118篇（SCI收录97篇，其中一作/通讯51篇）。兼任中国康复医学会精神卫生康复专委会青年工作组副组长，中华医学会精神医学分会社会精神医学学组委员，广东省心理健康协会公共精神卫生专委会副主任委员，广东省卫生信息网络协会智慧心理健康分会会长，广东省预防医学会精神卫生专委会常务委员，广东省中医药学会中医心理学专委会委员，广东省心理健康和精神卫生专家库科普专家，中山大学公共卫生学院和吉林大学公共卫生学院研究生校外行业导师。所在学科为国家“双一流”建设学科、国家临床重点专科，全国排名第六；拥有硕、博士学位授权点和博士后流动站。课题组有完善的科研训练体系、良好的临床和基础研究科研条件、丰富的生物样本资源、扎实的国内外知名团队合作基础以及充足的在研科研经费。拥有多导睡眠监测仪10余台、体动记录仪200余台、动物生物节律采集和分析系统、动物脑电肌电系统、动物精细行为监测系统、多项睡眠节律紊乱造模仪器、多项动物行为学评估平台等生物节律和睡眠神经科学研究的先进平台。此外，配备双光子显微镜、共聚焦显微镜和一系列分子生物学实验设备，为各项实验提供良好条件。所在团队已配备专职科研人员4名，博士后10名，研究生和科研助理20余名，主要来自神经生物学、心理学、生物信息学、临床医学等脑科学相关专业领域。因学科建设及科研工作需要，现招聘科研助理，从事科研项目、基础研究、行政事务等相关工作，具体要求如下： 二、招聘岗位：科研助理（3-4名） 1、主要工作内容: （1）协助睡眠和昼夜节律相关临床课题的受试者招募。 （2）协助科室宣传、文章和课题申报工作。 2、招聘条件要求: (1)应届毕业生或年龄不超过35周岁的非应届毕业生，本科及以上学历； (2)精神健康、公共卫生和心理学等领域相关专业 (3)有科研训练经验者，可优先考虑 (4)有一定的写作和文书能力，熟悉办公室应用软件系统 (5)具有强烈的事业心和责任感，办事效率高，能按时完成工作任务，有较强的沟通交流能力和良好的团队合作精神。 三、人事与薪酬管理 1) 用工形式：劳务派遣制。 2) 薪酬待遇：按照研究助理岗位薪酬管理规定执行，薪酬面议；购买“五险一金”、职工意外伤害保险、定期的员工福利。 四、联系方式： 1、工作地址：广东省广州市荔湾区明心路36号 2、工作时间:早9点-12点，下午2点半-6点半，周末休息，按照项目进度自行灵活安排工作 3、报名方式:直接投简历即可,7月24日,,"https://www.zhaopin.com/jobdetail/CC260264080J40516966208.htm?refcode=4019&srccode=401901&preactionid=a7c1140f-c46c-45e5-b867-ab342d8bdc77"
4314,实施工程师,北京-通州区,6000-12000元,北京凯隆分析仪器有限公司,"仪器仪表制造,IT服务,电子/半导体/集成电路",100-299人,未融资,CC152849920J40052211001,请注意！不是软件系统！是自动化集成设备的整体方案设计！主要是给客户提供在线分析设备！,5月27日,"北京凯隆分析仪器有限公司是专业从事在线分析系统的制造商.成立于1993年，至今已有二十八年的历史，所拥有的过程气体在线分析系统产品（称为采样预处理系统），获得了卓越的国际国内声誉，在技术方面遥遥领先。赢得了用户广泛的赞誉。当今已有超过 2000套分析系统安装使用在国内外的各个工业领域内。迄今在中国北京设有研发制造基地、在杭州、成都、鞍山等多个主要城市设有销售与技术服务中心，并拥有研发、生产、销售与服务全方位业务。2008年、2009年2010年连续3年的订单均在每年1亿人民币。北京凯隆分析仪器有限公司总部设在北京的亦庄国家级经济开发区.位于中关村科技园区通州园金桥科技产业基地景盛中街21号，设计，研制,生产一系列采样预处理部件及气体分析系统。分析系统不仅可与磁氧，红外，紫外，热导等在线气体分析仪配套；同时可与在线工业气相色谱，光谱，热值，水中碳烃光学仪器等配套广泛应用石油化工、冶金、电厂、建材，环保等领域。出口产品占整个销售领域30%份额，经常出口提供给世界40多个国家和地区。领先于国内同行业。北京凯隆分析仪器有限公司KALOON Analytical Instruments CO.Ltd","https://www.zhaopin.com/jobdetail/CC152849920J40052211001.htm?refcode=4019&srccode=401901&preactionid=a7c1140f-c46c-45e5-b867-ab342d8bdc77"
4315,C/C++,西安-雁塔区,1.5-3万,外企德科数字技术有限公司,专业技术服务,10000人以上,,CCL1480117890J40793540605,工作内容: 1.负责研发领域IT系统技术方案的设计，开发等工作; 2.负责项目开发过程中的技术攻关及解决运行中出现的技术问题; 3.负责产品核心模块的代码编写和测试; 4.负责产品疑难问题的分析和定位。 岗位要求: 1.热爱编程，基础扎实，熟悉掌握但不限于JAVA/Python/JS/HTML/GO/C/C++/C#等编程语言中的一种或数种，有良好的编程 习惯; 2.熟悉算法基础 3.具备独立工作能力和解决问题的能力、善于沟通、乐于合作、热衷新技术、善于总结分享，喜欢动手实践;,2025-07-27 00:25:59,外企德科数字技术有限公司是一家2023年新成立的中外合资企业。成立于2023年11月24日，公司定位：专注于为信息技术企业提供人才及数字技术外包解决方案的中外合资企业。它是由中国人力资源服务行业的FESCO（北京国际人力资本集团）与全球人力资源服务领导者The Adecco Group（德科集团）合资成立的。公司主要提供网络技术服务、软件外包服务、计算机系统服务、技术进出口、软件开发等信息技术相关服务。专注于为信息技术企业提供信息技术类人才及数字技术外包解决方案。,"https://www.zhaopin.com/jobdetail/CCL1480117890J40793540605.htm?refcode=4019&srccode=401901&preactionid=a7c1140f-c46c-45e5-b867-ab342d8bdc77"
4316,实施工程师,北京-海淀区,7000-9000元,伯来克科技(北京)有限公司,"环保,咨询服务,化工,新能源",20人以下,未融资,CC557229480J40803553713,岗位职能： 1， 无需坐班，全国范围均可。 2，负责项目的售前售后支持工作，协助销售人员深入了解客户需求，通过专业的技术指导，为客户排忧解惑。 3， 和公司其他们部门进行沟通和对接，及时准确的掌握项目进展信息； 4， 负责项目过程中的技术指导，包括安装指导、培训、过程管理等。 5， 售后支持：定期进行回访，解决用户日常使用中的各类问题，完善售后技术资料。 任职要求： 1、 化学、化工、环保工程、制药工艺、制药工程等相关行业； 2、 有责任心，有耐心，能出差，具有独立解决问题的能力； 3、 掌握计算机办公软件操作，会使用AUTOCAD软件画图； 4、最好有一定的制药化工企业相关经验，了解活性炭技术优先考虑。,7月25日,公司成立于2017年，主要从事化工、制药领域的液体脱色及技术服务。公司研发、生产和销售高品质活性碳纤维膜，主要用于化工及制药领域的液体脱色过程及水处理行业COD深度处理，可以降低原材料成本，提高产品收率，改善操作环境，减少固体废弃物，缩短生产周期，减轻劳动强度。目前已经应用于抗生素类、抗病毒类、激素类、解热镇痛类、维生素类、氨基酸、糖、淀粉、农药、精细化工产品、中药、酒类、饮料类等产品。公司产品优势在于可以重复使用，大大减少企业固废，节能减排。,"https://www.zhaopin.com/jobdetail/CC557229480J40803553713.htm?refcode=4019&srccode=401901&preactionid=a7c1140f-c46c-45e5-b867-ab342d8bdc77"
4317,技术支持工程师,上海-黄浦区,1-2万,上海东证期货有限公司,证券/期货,500-999人,未融资,CC218538310J40649362410,岗位职责： 1、负责大宗商品期现贸易系统的市场推广、客户服务，独立开展市场调研，撰写报告； 2、根据公司战略目标，制定并实施软件推广任务； 3、深入了解客户需求，提供定制化解决方案； 4、定期收集市场信息，分析竞争对手状况，为产品改进提供建议； 5、协调内部团队（如技术、客户服务等），确保项目顺利进行； 6、参加行业会议和展会，提升公司和技术品牌知名度。 任职要求： 1、大学本科及以上学历； 2、具备出色的沟通能力和谈判技巧； 3、熟练掌握办公软件（如MS Office套件）； 4、对新兴技术有敏锐的洞察力； 5、良好的团队合作精神和服务意识； 6、能够适应短期出差； 7、1年以上软件推广服务经验，有大宗商品交易系统经验者优先； 8、熟悉大宗商品市场运作机制，了解期货与现货贸易流程及风险管理者优先。,4月14日,"创新点燃激情专业引领未来----------上海东证期货有限公司公司股东：东方证券股份有限公司（以下简称""公司""）东方证券股份有限公司（以下简称公司）是一家经中国证券监督管理委员会批准设立的综合类证券公司，其前身是于1998年3月9日开业的东方证券有限责任公司，总部设在上海，现有注册资本69.94亿元。公司于2015年3月23日成功登陆上交所（600958），2016年7月8日H股成功发行并上市（03958），成为行业内第五家A+H股上市券商。经过20年的发展，公司从一家仅有586名员工、36家营业网点的证券公司，逐渐壮大为一家总资产达2000亿，净资产超过500亿，员工4000余人、在全国76个城市设有153家分支机构，提供证券、期货、资产管理、理财、投行、投资咨询及证券研究等全方位、一站式专业综合金融服务的上市证券金融控股集团。上海东证期货有限公司（以下简称“东证期货”）上海东证期货有限公司成立于2008年，是一家经中国证券监督管理委员会批准的经营期货业务的综合性公司。东证期货是东方证券股份有限公司全资子公司，注册资本金23亿元人民币，员工600余人。公司主要从事商品期货经纪、金融期货经纪、期货投资咨询、资产管理、基金销售等业务，拥有上海期货交易所、大连商品交易所、郑州商品交易所和上海国际能源交易中心会员资格，是中国金融期货交易所全面结算会员。公司拥有东证润和资本管理有限公司，上海东祺投资管理有限公司和东证期货国际（新加坡）私人有限公司三家全资子公司。东证期货以上海为总部所在地，在大连、长沙、北京、上海、郑州、太原、常州、广州、青岛、宁波、深圳、杭州、西安、厦门、成都、东营、天津、哈尔滨、南宁、重庆、苏州、南通、泉州、汕头、沈阳、无锡、济南等地共设有33家营业部，并在北京、上海、广州、深圳多个经济发达地区拥有139个证券IB分支网点，未来东证期货将形成立足上海、辐射全国的经营网络。自成立以来，东证期货秉承稳健经营、创新发展的宗旨，坚持以金融科技助力衍生品发展为主线，通过大数据、云计算、人工智能、区块链等金融科技手段打造研究和技术两大核心竞争力，坚持市场化、国际化、集团化发展方向，朝着建设一流衍生品服务商的目标继续前行。公司网站：http://www.orientfutures.com","https://www.zhaopin.com/jobdetail/CC218538310J40649362410.htm?refcode=4019&srccode=401901&preactionid=a7c1140f-c46c-45e5-b867-ab342d8bdc77"
4318,Java,成都-郫都区,面议,中软国际,"计算机软件,运营商/增值服务",10000人以上,已上市,CC508620120J40800831312,JAVA岗位要求：,7月25日,中软国际是行业领先的全球化软件与信息技术服务企业，成立于2000年，为香港主板上市公司（股票代码：00354.HK），拥有中国分支40+、海外分支14个，拥有员工超过9万人，服务覆盖超过40个国家。中软国际应用开发与管理专业沉淀深厚，企业数字化转型的最佳实践和专家人才充沛。公司与华为等战略伙伴一起，构建软件产业互联网平台，领先技术变革，提升产业效率，致力于使能软件企业引领发展，服务制造企业转型升级，为政企客户提供“好、快、多、省”的信息技术服务。中软国际四大业务蓬勃发展：夯实基石业务作为第一增长曲线的地位，确定云智能业务为第二增长曲线，发展鸿蒙生态、解放号为第三增长曲线，推动解放号作为软件产业互联网平台全面升级。公司在云计算、大数据、人工智能、物联网、移动互联网等方面具有丰富的咨询、设计、实施和服务经验，是全球客户数字化转型的共创伙伴。公司长期服务于多家全球500强企业等头部客户和众多高成长潜力客户，覆盖金融、电信、互联网、高科技、政府、制造与流通、交通、能源、教育等行业。公司已连续四年创造超百亿人民币营收，并立志在未来成为全球最优秀IT服务商之一。,"https://www.zhaopin.com/jobdetail/CC508620120J40800831312.htm?refcode=4019&srccode=401901&preactionid=a7c1140f-c46c-45e5-b867-ab342d8bdc77"
4319,C/C++,北京-海淀区,1.3-2.6万·14薪,外企德科数字技术有限公司,专业技术服务,10000人以上,,CCL1480117890J40794957805,"全程线上面试，接受无经验 国内一线大厂，地点可选择： 北京 上海 南京 杭州 苏州 济南 深圳 东莞 广州 西安 成都 武汉 长沙 入职即缴纳六险一金，团建，下午茶，应有尽有，试用期薪资不打折扣！！ 带教老师一对一指导~基本要求:  1、熟练学握C/C++/python/java/go等任意一种开发语言，或者自动化测试也可以的  2、熟悉一种以上脚本语言,shell、python等:  3、掌握常用数据结构、常用算法;  4、良好的表达能力,钻研精神,注重团队协作,主动担责。  5、统招本科及以上学历,学信网可查  ",2025-07-27 00:26:04,外企德科数字技术有限公司是一家2023年新成立的中外合资企业。成立于2023年11月24日，公司定位：专注于为信息技术企业提供人才及数字技术外包解决方案的中外合资企业。它是由中国人力资源服务行业的FESCO（北京国际人力资本集团）与全球人力资源服务领导者The Adecco Group（德科集团）合资成立的。公司主要提供网络技术服务、软件外包服务、计算机系统服务、技术进出口、软件开发等信息技术相关服务。专注于为信息技术企业提供信息技术类人才及数字技术外包解决方案。,"https://www.zhaopin.com/jobdetail/CCL1480117890J40794957805.htm?refcode=4019&srccode=401901&preactionid=a7c1140f-c46c-45e5-b867-ab342d8bdc77"
4320,实施工程师,重庆-江北区,6000-8000元,中晨高(重庆)科技有限公司,电子商务,20-99人,,CCL1476022970J40696510606,岗位内容： 1. 负责公司产品的规划、设计、安装、调试及优化。 2. 解决客户在安装和使用过程中可能出现的技术问题。 3. 维护客户关系，了解客户需求并及时响应，并根据客户需求反馈，做出相应调整。 任职要求： 1. 大学专科学历及以上、计算机、自动化等相关专业优先考虑。 2. 熟练掌握网络设备的安装及调试知识。 3. 能有效组织和协调团队工作。 4. 具备良好的客户服务意识和高度的责任心。   工作时间：朝九晚五、周末双休、节假日正常休息,7月21日,,"https://www.zhaopin.com/jobdetail/CCL1476022970J40696510606.htm?refcode=4019&srccode=401901&preactionid=a7c1140f-c46c-45e5-b867-ab342d8bdc77"
4321,技术支持工程师,北京-朝阳区,7000-10000元,大益同心(北京)科技发展有限公司,"医疗设备/器械,医疗设备/器械",20-99人,未融资,CC245943481J00170463311,职位描述： 1、负责为所属区域内的客户提供专业的产品技术支持； 2、与客户建立良好的关系推进所属区域的销售工作； 3、给客户提供专业的学术支持，帮助医生了解最新的产品知识； 5、完成手术跟台工作。   任职要求： 1、本科学历，视光学、临床医学专业优先； 2、良好的学习能力、演讲能力和责任心； 3、积极主动，具备较强的团队合作精神； 4、可适应出差。 ,7月2日,大益同心（北京）科技发展有限公司潜心于医疗行业的产品营销。包括德国蔡司眼科全系列检查、治疗、手术设备及耗材，外科全系列手术显微镜；德国STORZ设备和手术器械，应用于耳鼻喉、头颈外科、呼吸科，所推广和销售产品均为医疗行业一线品牌，对于产品带来的成效均荣获行业内专家共识和认同，对造福社会和广大患者提供良好的医疗诊断体验。公司秉承“信任是基础，积极是态度，感恩是品质，共赢是目标”的企业核心价值观，践行“凝聚有理想、有愿望的人才，在医疗行业做点实事儿；打造员工为自己做事的平台，成为医疗行业内值得客户信赖的合作伙伴”愿景理念，脚踏实地一步步成为医疗行业的知名企业。公司总部设立在北京，公司拥有强大的三甲医院客户市场资源及国际品牌后盾；为客户提供创新的，有竞争力的医疗解决方案，医疗设备和服务，坚持从服务行业客户需求出发，基于公司十几年营销经验的坚实积累。未来公司会持续开拓创新，致力成为一家国际水平的现代高科技企业。公司福利：六险一金、双休、餐费补助、交通补助、话费补助、高温补贴、业务提成、年假、拓展、出国旅游等，同时公司有健全的晋升和薪酬机制，希望每一位员工都能在公司有一个良好的职业发展。,"https://www.zhaopin.com/jobdetail/CC245943481J00170463311.htm?refcode=4019&srccode=401901&preactionid=a7c1140f-c46c-45e5-b867-ab342d8bdc77"
4322,技术支持工程师,白银-白银区,8000-14000元,青岛安然物联网科技有限公司,"物联网,物联网",20-99人,未融资,CC559764920J40823511404,需要弱电技术、自动化、安防系统、工业互联网+危化安全生产、物联网人才，不要纯软件人才。  你能经常到全国各地出差吗？你能到工业生产现场生产现场做技术支持吗？   真正的奋斗者在安然会有让人值得为之奋斗的事业，会有充实、高效的成长，会有高人一等的收入。   你能做好售前技术支持、根据客户需求，高效制作方案吗？你能做好售中技术支持、指导他人正确安装、部署、调试系统向用户保质保量快速交付吗？你能做好售后维护，高效沟通和落实客户需求吗？   迄今已服务中石化、中石油、延长石油、国能、兖矿、京能、索普、新安、奇美、昊源、潞安、旭阳、垦利、逸盛、海科、酒钢、金发等几百家石化、化工、选煤、钢铁、电厂企业。    安然以客户为中心，以强者为本，抬头乐干，愿意与同道中人联合、链接，携手共建、共用、共享生产安全命运共同体，一起干，一起干，让优秀企业更安全，让优秀企业更高效！,7月15日,基于精准人员定位的工业安全生产信息化管理专家，安全生产信息化管理引领者！作为全国实时定位技术标准工作组成员和应急管理部“工业互联网+危化安全生产”人员定位系统技术支持机构，安然从2012年起致力于基于ZigBee Plus三维立体按需精准定位的“工业互联网+安全生产”的研究，获得了20多项安全智能管控系统发明专利和著作权，持续引领中国化工行业生产现场智慧安全！安然以“准、稳、狠”的ZigBee Plus三维立体按需精准人员定位统和“底数清、数据准、情况明、研判准、措施实”的安全生产信息化平台为核心，整合访客管理、出入口控制、人脸识别、视频监控、语音广播、重大危险源监控、可燃有毒气体监测等系统，对生产现场人、机、料、法、环五大要素进行实时、动态、智能管控和预警，规范人的安全行为，保障人的生命安全，有效防范风险、主动化解风险，实现智慧安全。安然“以用为本”，把安全生产信息化建设与公司管理体系“深度融合”，把安全生产信息化建设与日常工作“紧密结合”，对安全生产切实“有用、实用、好用”，避免建用“两张皮”，让安全管控更智能，让生产更高效才实用。迄今已服务中石化、中石油、延长石油、国能、兖矿、京能、索普、新安、奇美、昊源、潞安、旭阳、垦利、逸盛、海科、酒钢、金发等几百家石化、化工、选煤、钢铁、电厂企业。安然以客户为中心，以强者为本，抬头乐干，愿意与同道中人联合、链接，携手共建、共用、共享生产安全命运共同体，一起干，一起干，让优秀企业更安全，让优秀企业更高效！,"https://www.zhaopin.com/jobdetail/CC559764920J40823511404.htm?refcode=4019&srccode=401901&preactionid=a7c1140f-c46c-45e5-b867-ab342d8bdc77"
4323,Java,西安-雁塔区,6000-10000元·13薪,软通动力信息技术(集团)股份有限公司,"互联网,IT服务,计算机软件",10000人以上,D轮及以上,CC000544460J40704060016,岗位内容： 1. 负责Java应用程序的设计与开发，包括需求分析、系统设计、编码和测试等环节。 2. 研究新技术，不断提升开发效率和程序性能。 3. 改进现有系统、优化系统资源，提高系统稳定性和可靠性。 4. 参与团队内部培训、交流与分享会议，促进整个团队技术水平的提升。 任职要求： 1. 熟悉Java语言，熟练掌握Spring框架及相关开源技术。 2. 具备扎实的计算机基础，熟悉数据结构、算法和网络编程等知识点。 3. 具备初步的Web开发经验，熟悉HTML、CSS、JavaScript等前端技术。 4. 具有较强的自学能力、问题解决能力和团队协作能力。,4月18日,软通动力信息技术（集团）股份有限公司（以下简称“软通动力”）是中国数字技术产品和服务创新领导企业，致力于成为一家具有全球影响力的科技企业，企业数字化转型可信赖合作伙伴。公司2005年成立于北京，多年来始终坚持科技创新，具有软硬全栈的智能技术产品和服务能力，提供软件与数字技术服务、计算产品与数字基础设施、数字能源与智算服务以及国际化服务。目前，公司在10余个重要行业服务超过1100家国内外客户，其中超过230家客户为世界500强或中国500强企业，员工近90000人。软通动力拥有软通咨询、软通金科、软通工业互联、机械革命、软通华方等业务子品牌，并在全球40余个城市布局业务，构建北美、日本、东南亚、中东四大国际交付中心，在北京城市副中心、江苏无锡建设两大智能制造基地。同时，公司前瞻布局智能制造、ICT软硬基础能力和生产力智能化产品，打造产业链闭环。软通动力设立30个能力中心，拥有1个国家级工程实验室，6个省市政府认定的工程、技术实验室及研发中心，1个博士后科研工作站，50+技术合作伙伴的生态合作体系，不断探索前沿技术的巨大商业应用潜力。公司旗下教育品牌软通教育，拥有一家全日制本科学院——郑州西亚斯学院数字技术产业学院；同时在全国合作院校600多所，设有70多个校企联合人才培养基地，通过校企合作、协同育人，为社会培养高素质应用型人才。软通动力先后获得“2023年中国IT服务市场排名TOP 1”、“2024年Q4 PC出货量国内市场份额排名TOP 2”、“2024年中国软件和信息技术服务竞争力百强企业”、“2023年中国信创企业100强”、“2024万得ESG评级（Wind ESG Rating）AA级及信息技术服务行业ESG综合得分排名第一”等荣誉及市场认可，并拥有全球软件工程领域最高级别CMMI V2.0成熟度5级评估认证、国家研发运营一体化（DevOps）三级能力成熟度模型认证、信息技术服务标准（ITSS）运维能力成熟度一级认证等专业资质，支撑公司更优质的服务体系。,"https://www.zhaopin.com/jobdetail/CC000544460J40704060016.htm?refcode=4019&srccode=401901&preactionid=a7c1140f-c46c-45e5-b867-ab342d8bdc77"
4324,科研人员,成都-金牛区,4000-6000元,四川国软科技集团有限公司,"IT服务,计算机软件,通信/网络设备,电子/半导体/集成电路",100-299人,未融资,CC219030910J40649406906,岗位内容： 1. 处理部门各项行政，内联外联事宜，进行科研项目的调研、规划和实施，并对项目进行深入分析、总结和评估。 2. 编制科研项目相关的研究报告、技术文献、学术论文等。 3. 持续掌握行业动态和科技创新情况，推动实验室的技术研发和转化应用。任职要求：  1. 具有材料相关学科的学士或以上学历，具备良好英语口语表达能力。  2. 具备较强的逻辑思维和科学素养，熟练使用科研工具和技能，包括文献检索、数据分析等。  3. 具有良好的英语听说读写能力，具备国际交流和合作的能力。,3月6日,四川国软科技发展有限责任公司成立于2006年，公司主要从事轨道交通、高端装备、一带一路的智能化和投融建业务。公司以“轨道交通+机器人”为战略方向，以人工智能为核心，综合研究机器视觉、深度学习、物联网、工业4.0等机器智慧应用，重点研制无人驾驶、物流装卸、工程施工、焊接装配、自动检测等智能装备，是集项目研发、设计、集成、投资、运营一体化的新型高科技公司。公司年产值约1.2亿元，总部大厦坐落于成都金牛区金凤凰大道666号66号楼。在北京、兰州、乌鲁木齐、拉萨、非洲、欧洲等地设有分公司或办事处。公司是中国人工智能学会企业会员、中国机器人产业联盟成员单位、四川省软件行业协会副理事长单位，成都市军民融合企业、成都市企业技术中心、成都轨道交通协会理事单位、成都金牛区轨道交通行业十大重点企业、华为ISV独立软件开发商，华为多产品认证服务商；拥有软件著作权和专利百余项；具有电子与智能化工程专业承包贰级资质、建筑智能化系统专项设计乙级资质、国防武器装备科研生产二级资质、涉密信息系统集成乙级资质；具有高新技术企业认证、软件企业认证、CMMI-3软件能力成熟度集成认证、欧洲轨道交通IRIS认证、动车产品供应和服务资格证（Wi-Fi）、ISO 9001质量管理体系认证、ISO 14001环境管理体系认证、ISO 18001职业健康管理体系认证、ISO 27001信息安全管理体系认证、知识产权管理体系认证和AAA信用等级证书等。技术在不断的发展，市场竞争日益激烈。公司坚持以“轨道交通机器人全国第一”为发展目标，建立“奋斗和分享”的企业文化，坚持“以客户为中心，以奋斗者为本，长期坚持艰苦奋斗”的企业宗旨，树立“认真、负责、谦虚、谨慎”的企业形象，为行业客户提供最优秀的机器智慧产品和最完善的技术服务。地址：四川省成都市金牛高新技术产业园区金凤凰大道666号66号楼,"https://www.zhaopin.com/jobdetail/CC219030910J40649406906.htm?refcode=4019&srccode=401901&preactionid=a7c1140f-c46c-45e5-b867-ab342d8bdc77"
4325,实施工程师,烟台-福山区,6000-7000元,青岛青禾人造草坪股份有限公司,"橡胶和塑料制品,贸易/进出口",1000-9999人,,CC319445710J40787906005,岗位职责： 1.负责产品需求管理：a.为销售提供技术支持，客户需求对接，理解客户产品/技术相关需求并对接后端部门。b.参与销售过程，协助进行技术产品类分析、设计等，根据需要陪同拜访客户。c.沟通客户反馈，跨部门协调制定产品解决方案，协助销售团队提升产品/技术专业知识。,7月8日,公司主要从事人造草坪及人造草丝的研发、生产和销售业务，是全球生产和销售规模世界前列的人造草坪企业。公司坚持在环保健康理念的前提下，持续专注于研发和生产高质量、高标准、高性价比的人造草坪和草丝产品。公司始终秉持着“让运动更精彩，让世界更美丽”的理念，在紧跟市场发展潮流的同时通过自身的研发，不断带动行业新业态、新工艺的发展，目前已成为全球人造草坪行业的领跑者之一。作为首家在越南投资设立生产基地并投入使用的中国人造草坪生产商，公司率先利用当地优势，在扩大产能的同时提高了运营效率，进一步引领了行业发展，行业领先地位越发凸显。公司坚持技术领先发展战略，重视产品创新和技术进步等方面的持续发展；通过对行业发展需求的解读以及行业标准的深入学习，公司积极探索新工艺、新产品并将研发成果快速应用至产品交付。公司目前的草丝版型数量达到50余款，绿色系草坪品类高达100余种，不同颜色组合千余种，能够快速应对日益复杂的市场需求。在传统产品的基础上，公司自主研发出了一系列创新性产品，如高度可回收系列产品Bellin-GRE、适用于强光照区域的高性能产品Bellin-Strength、宠物用抗菌高拔出力产品Bellin-Smart、强降水地区使用的高渗水产品Bellin-flowtech等。公司把创造客户满意的品质作为矢志不渝的追求，依靠持续且丰富的产品开发能力，通过长期、广泛的客户服务与优化积累，建立了遍布美洲、欧洲、亚洲、大洋洲、非洲等100多个国家及地区的销售网络，在全球范围建立起了品牌形象。公司是FIFA（国际足联）全球人造草坪的合格供应商，同时也是FIH（国际曲联）认证生产商和ITF（国际网联）产品认证供应商；在国内，公司被评为省级企业技术中心、进入青岛市工业中小企业“隐形冠军”名单，青禾品牌被认定为山东名牌和中国驰名商标。工作地点：烟台市福山区鸿福街92号,"https://www.zhaopin.com/jobdetail/CC319445710J40787906005.htm?refcode=4019&srccode=401901&preactionid=a7c1140f-c46c-45e5-b867-ab342d8bdc77"
4326,前端开发,东莞-None,1.5-3万·14薪,陕西慧云联达企业管理咨询有限公司,人力资源服务,20-99人,不需要融资,CCL1445845820J40769910605,岗位内容： 1. 开发响应式Web页面和功能组件，确保优秀的用户体验 2. 与后端开发人员合作，实现应用程序的完整性和可维护性 3. 设计和实现复杂的前端UI交互，并在跨浏览器环境中进行测试和故障排除 任职要求： 1. 精通HTML、CSS和JavaScript，并熟悉至少一种主要的前端框架（如React或Angular） 2. 具备良好的沟通能力和团队合作精神，有解决问题的能力和创新思维 3. 统招本科及以上学历。,5月8日,陕西慧云联达企业管理咨询有限公司成立于2022年9月，是一家集高端猎头服务与专业代理记账报税业务于一体的综合性企业服务提供商。自成立以来，我们秉承“智聚英才，财通未来”的企业理念，致力于为国内外企业客户提供精准高效的人力资源解决方案及一站式财务管理服务，助力企业稳健成长，共创辉煌。,"https://www.zhaopin.com/jobdetail/CCL1445845820J40769910605.htm?refcode=4019&srccode=401901&preactionid=a7c1140f-c46c-45e5-b867-ab342d8bdc77"
4327,实施工程师,烟台-芝罘区,7000-12000元,东华医为科技有限公司,"IT服务,IT服务",1000-9999人,未融资,CC649781480J40792168605,"1、学习能力强,能较快掌握和应用新技术;",2025-07-27 00:37:01,东华医为科技有限公司（简称东华医为）成立于2012年5月，注册资金5000万，是东华软件股份公司旗下专业服务医疗、卫生等大健康领域IT业务的全资子公司。东华医为现有员工2000余人，其中技术人员占比达到90%，拥有近100项大健康类自主知识产权的软件产品，所覆盖的大健康领域有医疗机构、卫生管理机构、互联网医疗、人工智能、大数据、健康管理等，所涉及的主要业务有IT咨询规划、方案设计、系统集成、软件开发与交付、工程实施与交付、人才培养、售后运维、合作运营等。东华医为现为全国500余家大健康领域的各类用户提供着持续的技术服务，还连续多年蝉联中国十佳医疗行业解决方案商榜首。传承了东华软件医疗卫生事业部近二十年IT业务的东华医为，在高速发展的大健康领域，笃定能大有作为。,"https://www.zhaopin.com/jobdetail/CC649781480J40792168605.htm?refcode=4019&srccode=401901&preactionid=a7c1140f-c46c-45e5-b867-ab342d8bdc77"
4328,硬件测试,广州-黄埔区,6000-11000元,深圳极联信息技术股份有限公司,"计算机软件,互联网",500-999人,未融资,CC409287530J40761388807,岗位职责： 负责公司自研安卓系统商显产品的测试工作，在 TV、消费电子、嵌入式设备领域有测试经验者优先； 1、对我司自研硬件平台进行硬件知识学习和消费类电子接口的功能测试和性能测试，例如：HDMI、TYPE C、DP、USB等； 2、根据测试计划搭建和维护测试环境； 3、可以按照测试用例执行测试，输出完成、清晰的测试报告，包含测试用例执行结果、问题记录、测试小结，按照公司规范流程提交缺陷至内部缺陷管理系统。 4、基于产品需求与特性，编写测试用例。 任职要求： 1、学历与专业：大专及以上学历，计算机、电子类等理工科专业优先；； 2、有同类电子产品（如 TV、消费电子、嵌入式设备 ）或安卓商显产品软件测试经验者优先；有HDMI、TYPE C、DP、USB等接口功能和性能测试者优先；有手机app功能测试和性能测试经验的优先； 3、熟悉测试理论，熟悉基于web的网站测试方法和App测试方法； 4、有压力测试、性能测试、安全测试经验者优先； 5、熟悉兼容性测试和APP性能测试； 6、根据平台相关需求写出测试用例； 7、热爱测试工作并具有高度的工作热情和敬业精神，具有良好的团队合作、抗压能力、沟通协调能力，可高效协同研发、产品等团队。,7月8日,公司简介深圳极联信息技术股份有限公司是中国领先的IT技术服务供应商，致力于为客户提供全方位、高性价比的综合IT技术服务，公司在北京、广州、上海、武汉、香港设有分公司，挂牌代码681396。极联股份为客户提供战略咨询、IT资源服务、行业解决方案、软件研发外包一体化服务，行业涉及IT互联网、金融、通信、能源、高端制造业、教育、物流、医疗等领域。极联以客户满意为奋斗目标，服务了腾讯、招商银行、中国电子、康佳、飞亚达、西门子等行业品牌企业，并与众多大型品牌企业建立长期伙伴关系，通过提供专业、高效的服务，不断提高服务能力与客户的满意度，赢得客户的好评。公司福利上班时间：周一至周五9：00-18:30，周末双休福利机制：五险一金，下午茶，节假日福利，部门聚餐，公司团建等活动，成熟的晋升机制，调薪机制等。更多福利，等你来挖掘~人才理念以人为本，尊重员工的个性与发展，使员工在平等、竞争、和谐的环境下充分发挥自身的创新能力和潜能，在达成公司发展目标的同时实现个人的理想和奋斗目标公司详情可通过公众号搜索“极联股份”了解更多资质荣誉高新技术企业双软证书 ISO9001认证 AAA资信等级认证广东省守合同重信用企业 42项软件著作权深圳市软件行业协会理事单位、深圳用户体验交互设计协会理事单位国家软件公共服务平台、国家信息产业公共服务平台：2016年度移动应用开发行业企业奖中国工业合作协会、国家信息产业公共服务平台：2017年度中国互联网+应用服务首选品牌奖中国软件行业协会：2018年中国软件行业IT技术服务标杆企业奖中国信息协会：2019中国信息技术服务影响力企业业务范围研发平台包括：Android、iOS、HTML5、小程序、大型web网站系统、ERP、SAP。核心团队有10年的技术外包开发服务经验，极联软件通过严苛的标准筛选优秀的开发团队，采用公司自主积累BMBP管理模式，为客户提供价格更低、质量更好、工期更有保障的开发服务。 IT资源服务是客户将系统开发工程的分工细化，划分为产品规划、需求分析、架构设计、方案制定、编程、测试、集成和维护等多个阶段，再将其中的一个或几个阶段或产品的某个子系统或模板外包给以公司为代表的服务提供商。 IT战略（IT Strategy，ITS）是在诊断和评估企业信息化现状的基础上，制定和调整企业信息化的指导纲领，争取企业以最适合的规模，最适合的成本，去做最适合的信息化工作。,"https://www.zhaopin.com/jobdetail/CC409287530J40761388807.htm?refcode=4019&srccode=401901&preactionid=a7c1140f-c46c-45e5-b867-ab342d8bdc77"
4329,技术支持工程师,北京-海淀区,1.2-2.4万,上海耀唐科技有限公司,计算机软件,20-99人,,CCL1270864680J40356840916,"1、机械设计自动化及相关专业,本科及以上学历;",3月26日,上海耀唐科技有限公司是一家专注于为行业客户提供达索系统各领域产品及解决方案的高科技公司，主要涉及汽车、轨道交通、机械、电子、通讯、医疗等各大领域。公司总部位于上海，并在天津、重庆、广州等地设有分支机构。依托达索系统，耀唐科技着力于为客户提供单一项目乃至整个生命周期的解决方案和技术支持，包括咨询、售前及售后技术支持、培训和各种定制化服务，以满足客户不同的需求。,"https://www.zhaopin.com/jobdetail/CCL1270864680J40356840916.htm?refcode=4019&srccode=401901&preactionid=a7c1140f-c46c-45e5-b867-ab342d8bdc77"
4330,软件测试,北京-海淀区,1.4-2.8万·14薪,外企德科,"人力资源服务,咨询服务",1000-9999人,不需要融资,CC138117190J40792683205,岗位职责:岗位职责： 1、熟悉JAVA、C/C++、Python、JS、GO等主流语言 ，或者能转语言的（有导师教）。 2、对软件开发、测试、算法有兴趣，对经验无要求，接受考研、考公二战失败。 3、注重团队合作，良好的自律性和沟通能力。 4、全国有岗，软件开发、测试、算法等各个岗位均有需求，有意向可投递简历。 5、统招本科及以上学历，全职不招实习生。 薪资待遇： 1、薪资范围：对应技术定级D1~D5的薪资范围 2、薪资结构：底薪+绩效+奖金 3、绩效工资：2k起，A/B两个等级 4、加班费结算：非工作日双倍日薪 5、其他福利：五险一金以底薪为基数全额缴纳 6、年终奖根据绩效：2-4个月,2025-07-27 00:17:01,"北京外企德科人力资源服务上海有限公司（FESCO Adecco）：官方网站：http://www.fescoadecco.com/北京外企德科人力资源服务上海有限公司(外企德科 FESCO Adecco)是值得客户信赖的人力资源解决方案提供商和全球合作伙伴，是中国人力资源服务行业最具竞争力和品牌价值的FESCO（北京外企服务集团）与全球人力资源服务行业领航者The Adecco Group（德科集团）于2010年成立的一家中外合资人力资源服务企业，为企业及个人提供业务外包、人事服务、招聘猎头和员工福利等人力资源解决方案。目前，FESCO Adecco在浙江、陕西、重庆、深圳、苏州设立了分支机构，全国服务人数超过200万名，服务客户超20,000家。","https://www.zhaopin.com/jobdetail/CC138117190J40792683205.htm?refcode=4019&srccode=401901&preactionid=a7c1140f-c46c-45e5-b867-ab342d8bdc77"
4331,测试工程师,长沙-岳麓区,1-1.8万·14薪,浙江江山变压器股份有限公司,电力/水利/热力/燃气,300-499人,未融资,CC297958680J40689468806,岗位职责：  负责新能源领域电力电子类产品测试，指导培训生产工人完成产品的调试测试。,7月2日,浙江江山变压器股份有限公司始建于1969年，原国家二级企业，现国家高新技术企业，国家变压器行业协会理事单位，国家级变压器标准化技术委员会委员单位，国家经贸委城乡电网改造首批推荐优强企业，浙江省文明单位，浙江省标准创新型企业，浙江省管理创新试点企业，省级智能工厂，衢州市绿色低碳工厂，江山市工业龙头企业，拥有国家职业技能认证资格，建有国家级技能大师工作室。公司现有员工500余人（其中35%以上员工拥有大专以上学历），年产值6.5亿元，占地面积23万平方米，配套齐全，拥有完备的管理体系，经营发展迅猛。公司以人为本，职场氛围和谐向上，重视人才培养。拥有企业大学，重视培训，鼓励自我提升，提供带薪培训，晋升渠道通畅，有充分的提升发展空间。企业福利：入职缴纳五险、转正即缴公积金、商业保险、高温津贴、节日福利、生日福利、工龄工资、员工子女助学金、年度体检、团建活动、为外地员工提供免费住宿（家电齐全、带免费无线网）、免费工作餐、拥有大专及以上学历或专业技能证书的另行发放学历和专业技能补贴。我公司员工还可享受江山市政府提供的人才奖励政策：1、住房补贴：符合条件，2022年新引进博士，从缴纳社保月份开始计算，补贴4000元/月，共5年。硕士，从缴纳社保月份开始计算，补贴3000元/月，共5年。本科生，从缴纳社保月份开始计算，补贴2000元/月，共5年。大专生，取得初级职称或高级工技能等级，从缴纳社保月份开始计算，补贴1500元/月，共5年。中专学历，取得初级职称或中级工技能等级，从缴纳社保月份开始计算，补贴1000元/月，共5年。2、就业补贴：毕业五年内，签订一年及以上劳动合同，在劳动合同期内专科本科3000元/年、硕士研究生5000元/年、博士研究生10000元/年的就业补贴，就业参保满1年，共3年。3、各类津贴：高级技师、高级工程师10000元/年；技师6000元/年。,"https://www.zhaopin.com/jobdetail/CC297958680J40689468806.htm?refcode=4019&srccode=401901&preactionid=a7c1140f-c46c-45e5-b867-ab342d8bdc77"
4332,测试工程师,福州-闽侯县,5000-6000元,上海微创软件股份有限公司,"IT服务,计算机软件",10000人以上,不需要融资,CC000638920J40782335014,岗位要求： 1、统招本科及以上学历； 2、熟悉模拟数字电路 3、有焊接经验 4、有示波器调试测试经验 岗位职责： 1、设备调试测试 2、物料管理 3、测试环境搭建 4、流程协助 5、其他产品开发事项协助等 工作时间：9:00-18:30 午休1.5h；周末双休,7月24日,上海微创软件股份有限公司2002年由微软与上海市政府共同创办，是微软在华投资的第一家合资公司。微创始终秉承高标准的服务品质与“成就客户”的服务理念，在全球设有20余处交付中心，分布在中国、美国、日本、澳大利亚，凭借在汽车、保险、高科技、金融、互联网等行业的深厚积累和丰富经验，与2500余家企业与政府客户达成了长期、稳定、友好的合作。,"https://www.zhaopin.com/jobdetail/CC000638920J40782335014.htm?refcode=4019&srccode=401901&preactionid=a7c1140f-c46c-45e5-b867-ab342d8bdc77"
4333,C/C++,广州-黄埔区,1-2万,广东高云半导体科技股份有限公司,"电子/半导体/集成电路,IT服务,电子/半导体/集成电路",100-299人,,CC246598730J40379321106,职位描述：     1、现有EDA工具中解析、布局等模块的维护和优化；,4月7日,广东高云半导体科技股份有限公司成立于2014年，是一家专业从事现场可编程逻辑器件（FPGA）研发与设计的国产FPGA高科技公司，致力于向客户提供从芯片、EDA开发软件、IP、开发板到整体系统解决方案的一站式服务。经过多年的积累，高云半导体在FPGA芯片架构、SOC芯片设计、FPGA集成EDA开发环境、FPGA通用解决方案等整个生态链均有核心自主知识，以及国内外发明专利。通过最新工艺的选择和设计优化，高云半导体已经取得与现有市场国际巨头同类产品媲美的高质量、高可靠性FPGA产品，并已经在汽车、工业控制、电力、通信、医疗、数据中心等应用领域实现规模量产。目前公司拥有员工200余人，在广州、上海、济南设有研发中心，随着公司业务在国内外市场的快速发展，公司规模一直在持续的扩张中。核心骨干拥有国际著名FPGA公司15年以上实战经验，亲历国内外数代FPGA芯片硬件、EDA软件、IP研发及市场、销售、技术支持等工作，是一支经验丰富、具备持续创新能力的务实团队。公司于2015年一季度规模量产出国内***款产业化的55nm工艺400万门的中密度FPGA芯片，并开放EDA开发软件下载；2016年***季度顺利推出国内首颗55nm嵌入式Flash SRAM的非易失性FPGA芯片；2017年实现FPGA芯片的规模出货；2019年，发布国内***颗FPGA车规芯片，并实现规模量产。立足本土，布局全球市场，截止2021年，高云半导体实现三大系列：小蜜蜂（GW1N）、晨熙（GW2A）、ASSP GoBridge百余款FPGA及专用芯片在全球多个地区的规模量产。总部及分支机构：★广东高云半导体科技股份有限公司（公司总部-广州研发中心）☆山东高云半导体科技有限公司（济南研发中心）☆上海先基半导体科技有限公司（上海研发中心）☆香港高云半导体科技有限公司（香港研发中心）☆北美销售中心（硅谷）☆高云半导体欧洲办事处（英国）,"https://www.zhaopin.com/jobdetail/CC246598730J40379321106.htm?refcode=4019&srccode=401901&preactionid=a7c1140f-c46c-45e5-b867-ab342d8bdc77"
4334,科研人员,深圳-罗湖区,2.2-2.5万,深圳市环境科学研究院,"社团/组织/社会保障,环保,学术/科研",100-299人,,CC260684630J40741293012,岗位职责:从事环境DNA技术研究及在水生态保护中应用相关工作。 基本条件： （1）环境科学、生态学、生物学、水生生物学等相关专业博士研究生； （2）研究方向为环境DNA技术研究与应用，有相关项目或研究经验者优先； （3）专业理论知识较强，逻辑思维清晰，具有较强的独立科研能力、良好的团队合作精神和沟通协调能力；,7月22日,深圳市环境科学研究院成立于1987年，是深圳经济特区创立初期组建的环境科学研究机构，是直属于深圳市人居环境委员会的事业单位。其主要职能是紧紧围绕深圳城市建设和经济社会发展所面临的生态环境问题，有针对性开展环境生态基础研究和应用技术开发，为环境管理与决策提供科技支撑，为社会环境保护需求提供咨询服务。我院是深圳市高层次科技人员高度密集的科研单位之一。,"https://www.zhaopin.com/jobdetail/CC260684630J40741293012.htm?refcode=4019&srccode=401901&preactionid=a7c1140f-c46c-45e5-b867-ab342d8bdc77"
4335,硬件测试,西安-雁塔区,6000-11000元,西安正麦科技有限公司,计算机软件,20人以下,,CCL1484160000J40579167616,岗位内容： 1. 负责测试流程的设计、建立和落地，包括测试用例编写，测试环境搭建等； 2. 进行硬件测试并记录测试相关数据，参与缺陷跟踪和管理； 3. 搭建硬件测试平台，提高测试效率和测试覆盖率。 任职要求： 1. 本科及以上学历，电子工程、自动化或相关专业； 2. 具备较强的自我驱动力和学习能力，善于思考和持续改进。,7月20日,,"https://www.zhaopin.com/jobdetail/CCL1484160000J40579167616.htm?refcode=4019&srccode=401901&preactionid=a7c1140f-c46c-45e5-b867-ab342d8bdc77"
4336,前端开发,宁波-鄞州区,1.3-1.4万,杭州速客网络服务有限公司,IT服务,20-99人,,CC635221330J40797770505,岗位内容： 1. 设计和开发适用于不同设备的易于使用的网站 2. 参与产品原型设计和产品需求分析 3. 跟进技术趋势及前端开发最佳实践，不断提升团队的技术水平 任职要求： 1. 两年以上前端开发经验，掌握HTML5/CSS/JavaScript等前端技术和常用框架 2. 具备良好的学习能力和解决问题的思维能力，能够配合其他团队成员完成项目工作 3. 对新技术有好奇心，并愿意持续学习和提高,7月28日,,"https://www.zhaopin.com/jobdetail/CC635221330J40797770505.htm?refcode=4019&srccode=401901&preactionid=a7c1140f-c46c-45e5-b867-ab342d8bdc77"
4337,硬件测试,佛山-南海区,4000-7000元,佛山耀立电气有限公司,"电气机械/电力设备,电子/半导体/集成电路",20-99人,A轮,CC488656880J40688797416,岗位职责： 1、熟悉各类电子元器件及其性能，执行生产前的来料检验、测试； 2、负责电路与仪表仪器等设备的调试工作； 3、进行电路板的焊接与测试，并协助产品的装配、调试等工作。 任职资格： 1、大专及以上学历，电子信息工程、质量管理等相关专业; 2、具有半年及以上质量管理相关工作经验，熟悉电路与电子元器件: 3、能够使用万用表、示波器等基础检测工具; 4、具有 iso90001 质量管理体系认证证书优先； 5、责任心强，积极主动，具有良好的沟通表达能力。,4月1日,佛山耀立电气有限公司是一家高端智能装备公司，专注于为客户提供机器人智能焊接电源及自动化一站式解决方案。耀立电气基于自主研发的焊接控制算法，打造一系列适用于机器人自动焊接领域的智能硬件设备以及系统，打破了国外品牌在高端焊接装备领域的技术钳制，解决了企业招聘焊接工人难、生产效率低下、人力成本攀升等难题。公司已联合浙江中科院、华南理工大学，设立产学研创新中心，在船舶与海洋工程、海上风力发电、石油天然气管道、大型发电设备等领域进行行业应用研发、技术人才培养及客户技术服务的联合研究开发，助力我国制造业高质量发展。,"https://www.zhaopin.com/jobdetail/CC488656880J40688797416.htm?refcode=4019&srccode=401901&preactionid=a7c1140f-c46c-45e5-b867-ab342d8bdc77"
4338,科研人员,北京-海淀区,1.2-2.4万,中国科学院空间应用工程与技术中心,"电子/半导体/集成电路,计算机硬件,通信/网络设备",100-299人,,CC623720820J40329277108,职责描述：,7月3日,载人航天工程是当今世界高新科技发展水平的集中展示，也是衡量一个国家综合国力的重要标志。1992年我国启动的载人航天工程是继“两弹一星”之后，又一个国家重大科技工程。也是我国航天事业创立以来规模最庞大，系统最复杂，可靠性和安全性要求最高的航天工程。20年来我国载人航天工程坚持高起点、瞄准高目标，用较短的时间突破并掌握了载人航天的多项关键技术，国际影响力不断扩大。作为工程三大发起部门之一——中国科学院在载人航天工程立项之初即牵头负责空间应用系统。1993年中科院党组研究决定组建“中国科学院空间科学与应用总体部”（以下简称总体部）非法人单元，负责空间应用系统工程组织管理及总体技术研究。1993年至2003年，总体部挂靠空间科学与应用研究中心，独立运行。2003年至2010年，总体部挂靠光电研究院，独立运行。20年来，总体部有效组织全国众多承研单位，充分利用“神舟”系列飞船以及“天宫一号”空间实验室的实（试）验支持能力开展了一大批空间科学与应用项目，研制的众多有效载荷产品圆满完成了历次飞行试验任务。同时在地球环境监测、空间天文、空间生命、空间材料、空间环境监测与预报、微重力流体物理等空间科学领域取得一大批具有重大价值的空间科学与应用成果。众多技术与成果在相关业务卫星中得到了推广应用，极大地提升了我国空间科学发展水平，为我国经济建设、科技发展、国家安全、社会进步作出了积极贡献。　2010年11月，中科院党组决定在总体部的基础上成立中国科学院空间应用工程与技术中心（筹）。中心代表中国科学院牵头负责载人航天等重大科技应用系统方面的总体管理和技术集成。具体包括组织协调相关科研力量，开展空间应用系统的战略研究、总体规划、系统总体设计、总体计划与管理、系统总体集成、系统总体测试、总体支撑保障、在轨运行和应用等工作。同时中心还负责协助管理中科院承担的载人航天工程各大系统协作配套任务。　2012年8月，中央机构编制委员会办公室批复同意成立中科院空间应用工程与技术中心，这是我院唯一一个以组织完成国家重大科技专项工程任务而建立的研究所。自成立以来，中心坚持以建设国内一流、国际著名的空间总体机构，建设空间站空间应用系统等重大任务的龙头与核心为目标，坚持统筹工程管理和科学研究的协调发展，着力加强中心战略研究规划、总体设计、总体计划与管理、总体支撑保障等能力建设，努力推进中心跨越发展。根据中心建设发展以及工程任务进展需求，中心设立综合办公室、工程处、科技处、人事教育处、质量标准处、财务处、条件保障处等7个职能管理部门，设立系统工程部、专业技术部、战略发展部、可靠性保障中心4个科研及任务支撑部门。其中系统工程部下设系统设计研究室（并行设计与仿真实验室）、集成测试研究室（空间软件评测中心）、有效载荷运控中心；专业技术部下设电子信息技术研究室、结构热控技术研究室、综合保障技术研究室；战略发展部下设战略规划研究室、空间探索研究室、数据利用中心。截至2013年2月，中心共有在职职工186名，其中中国科学院院士1名、正高级专业技术人员25名，副高级专业技术人员70名。在职职工中共有中共党员89名。共有在读研究生67名，其中博士生12名，硕士生55名。目前，中心已获得信息与通信工程、计算机科学与技术、航空宇航科学与3个硕士学位授权一级学科培养点和计算机技术、电子与通信工程2个全日制工程硕士专业学位培养点。拥有计算机科学与技术、信息与通信工程2个博士招生专业。　20载凝聚辉煌，空间应用中心（总体部）自成立以来，获国家科技进步特等奖1项、一等奖1项，全军武器装备科技进步一等奖4项、二等奖15项、三等奖7项。1次被授予全国五一劳动奖状，1次被授予“中国青年五四奖章集体”，2次被表彰为载人航天突出贡献集体。共有5人获全国五一劳动奖章，1人获中国青年五四奖章，29人次获“载人航天突出贡献个人”荣誉称号，3人获曾宪梓载人航天基金奖。当前中心正处在科学院落实“创新2020”发展战略、“一三五”规划和载人航天工程空间站计划全面实施的关键时期，中心将将紧紧抓住新的发展机遇，以院党组确定的中心定位为核心，以落实院“一三五”规划为指导，以完成载人航天任务为根本，以作出“三性”贡献，成为不可替代的总体单位和实现中心可持续发展为总目标，切实履行好职责，尽心竭力，攻坚克难，以实际行动实现中心更深、更远、更高的发展。,"https://www.zhaopin.com/jobdetail/CC623720820J40329277108.htm?refcode=4019&srccode=401901&preactionid=a7c1140f-c46c-45e5-b867-ab342d8bdc77"
4339,测试工程师,渭南-临渭区,4000-6000元·13薪,陕西益信伟创智能科技有限公司,"船舶/航空/航天/火车制造,船舶/航空/航天/火车制造",20-99人,未融资,CC840692900J40110854804, 学历要求：专科及以上学历,7月24日,陕西益信伟创智能科技有限公司成立于2017年1月，注册资本2000万元，位于西安市高新区研祥城市广场，专业从事高效换热器、热管理系统研发设计、生产和销售及相关技术服务。公司拥有一支专业化高素质的研发团队，研发人员30余人，均为硕士及以上学历。公司自成立以来一直专注于军工领域的科技创新，基于仿生设计理念，应用超精加工技术手段，为解决航空、航天、电子等军工领域的微小空间散热、微纳防冰设计、超精接触表面设计等工程技术问题提供高结构可靠性系统解决方案。目前所设计开发的仿生换热器系列产品具有轻量化、耐高温高压、结构紧凑、低压损等特点，符合航空航天先进装备的应用需求，相关产品技术已经申请了20余项国家专利。公司具有换热器的设计开发能力，储备了丰富的超精加工工艺技术、配套生产设备和相关领域优质合作伙伴，建立了试验测试中心，可以根据用户的需求提供换热组件以及热管理系统的研发设计、生产及相关技术服务。公司在创业过程中坚持“精益求精、信守承诺、持续创新”的经营理念，践行工匠精神，目标成为国内热管理系统设计和制造的领军企业，为航空、航天、电子等国防事业发展提供技术产品支撑，引领行业的技术创新和产品升级换代，推动科学技术的创新发展与军民融合。,"https://www.zhaopin.com/jobdetail/CC840692900J40110854804.htm?refcode=4019&srccode=401901&preactionid=a7c1140f-c46c-45e5-b867-ab342d8bdc77"
4340,硬件测试,西安-未央区,7000-8000元,陕西跃北机电设备有限公司,人工智能,500-999人,,CCL1500059560J40760907211,我们正在寻找一位资深的硬件测试工程师， 负责确保公司硬件产品的质量和稳定性。 工作内容： 包括设计测试方案、执行测试、撰写测试报告、跟踪缺陷等。 岗位要求： 1. 电子、通信、计算机等相关专业大专及以上学历； 2. 有以上硬件测试工作经验； 3. 熟练掌握各种测试仪器和设备； 4. 良好的问题定位和解决能力； 5. 责任心强，有团队精神。,7月22日,,"https://www.zhaopin.com/jobdetail/CCL1500059560J40760907211.htm?refcode=4019&srccode=401901&preactionid=a7c1140f-c46c-45e5-b867-ab342d8bdc77"
4341,实施工程师,丽江-None,5000-8000元,东华医为科技有限公司,"IT服务,IT服务",1000-9999人,未融资,CC649781480J40505025005,"工作职责: 主要参与项目的实施交付运维包括但不限于;1、负责客户项目的软件接口调试工作; 2、解答系统用户操作问题;维护信息管理系统(包括操作系统、中间件、数据库的日常巡检) ;系统日常故障排除(参 与IT日常任务响应，及时排除正在使用中的系统故障) ;系统数据梳理及维护，系统巡检和监控; 3、负责初始化数据收集、整理及导入工作;协助开发人员定位和解决系统问题 4、负责编制部分项目资料文档; 5、负责售后问题处理、用户培训。 任职要求: 1.本科及以上学历，计算机或软件设计相关专业优先; 2.熟练excel,有使用excel整理千万及数据或实施运维过资产管理系统经验者优先; 3.熟练掌握MySq|、ORACLE等数据库开发技术，可编写复杂SQL语句，熟悉SQL性能优化; 4.熟悉使用Kafka/Rabbitmq等常用消息中间件，并了解其工作原理; 5.熟悉L inux操作系统，熟悉ShelI脚Unix管理命令; 6.了解webservice，会使用postman等工具做接口联调测试。 7.思路清晰,头脑灵活能独立分析并解决复杂的线上问题; 8、有一定的文档编辑能力; 9、有良好的沟通表达能力及团队协作意识、可短期出差者优先。 职位福利:年终奖、带薪年假、周末双休、五险一金职位亮点:五险一金",2025-07-27 00:34:20,东华医为科技有限公司（简称东华医为）成立于2012年5月，注册资金5000万，是东华软件股份公司旗下专业服务医疗、卫生等大健康领域IT业务的全资子公司。东华医为现有员工2000余人，其中技术人员占比达到90%，拥有近100项大健康类自主知识产权的软件产品，所覆盖的大健康领域有医疗机构、卫生管理机构、互联网医疗、人工智能、大数据、健康管理等，所涉及的主要业务有IT咨询规划、方案设计、系统集成、软件开发与交付、工程实施与交付、人才培养、售后运维、合作运营等。东华医为现为全国500余家大健康领域的各类用户提供着持续的技术服务，还连续多年蝉联中国十佳医疗行业解决方案商榜首。传承了东华软件医疗卫生事业部近二十年IT业务的东华医为，在高速发展的大健康领域，笃定能大有作为。,"https://www.zhaopin.com/jobdetail/CC649781480J40505025005.htm?refcode=4019&srccode=401901&preactionid=a7c1140f-c46c-45e5-b867-ab342d8bdc77"
4342,科研人员,杭州-萧山区,4.5-5.5万,浙江大学,"学校/学历教育,学术/科研,社团/组织/社会保障,科学技术推广",1000-9999人,,CC199796410J40869848704,浙江大学杭州国际科创中心高纯分离团队诚聘“百人计划”研究员 浙江大学杭州国际科创中心（简称科创中心）成立于2019年2月28日，是新时代杭州市和浙江大学全面深化市校合作共建的重大创新平台，位于杭州市萧山区。科创中心面向国家重大战略、区域发展重大需求和国际科学前沿，聚焦物质科学、信息科学、生命科学的会聚融通，重点围绕微纳智造、合成生物、功能材料、电子信息、生态环保五大攻关领域，以及集成电路、合成生物、先进材料和仪器装备四大生态圈，打通前沿科学研究、颠覆性技术研发和成果产业化的全链条，致力建设面向人才培养、前沿科技和社会服务的新型大学校区，推动成果转化、技术交易和产业投资的开放科技园区，促进技术创新、产业创新和制度创新的卓越创新特区，打造先进制造的示范地、创新经济的策源地、硬核科技的集聚地。 生物与分子智造研究院是科创中心下设的科研机构，研究院设有合成生物研究所、分子智造研究所、AI交叉研究中心，并建设以高通量技术为核心的自动化科学装置，支撑合成生物学和新物质精准智造两大战略性领域研究。研究院具有iBioFoundry、iChemFoundry两大特色装置和大型仪器公共服务平台；利用装置可大幅度提升实验效率，结合使能技术和BTIT/CTIT深度融合技术实现人工合成体系的精准设计、标准合成与精准调控；有望实现新物质的精准创制。 高纯分离团队面向芯片制造、化工新材料等重要产业，从事分离工程、电子化学材料、数据驱动材料智造等领域的应用基础研究和技术开发。依托浙江大学杭州国际科创中心、全省功能化学品智造重点实验室（筹）、化工功能材料智能设计与制造浙江省工程中心、浙江大学-华为电子化学材料工程联合创新实验室等平台，现有教职工11位，其中教授/研究员5位、国家杰青1人、国家/海外优青3人。承担国家重大仪器项目、国家重点研发课题、企业合作项目等40余项，发表论文250余篇，其中Science主刊3篇，多项技术实现产业化应用。获国家技术发明二等奖、教育部自然科学一等奖、中国化工学会基础研究成果一等奖、浙江省科技进步一等奖等奖励。团队负责人邢华斌为浙江大学求是特聘教授、工学部副主任。更多信息请见课题组网站：https://person.zju.edu.cn/xinghb。 由于科研工作需要，课题组面向全球诚聘科创百人计划研究员。 一、研究方向（包括但不限于） 1. 分离工程、电子化学品、工业催化、高分子合成与纯化； 2. 有金属离子吸附、膜分离、精馏、萃取、表面涂层等相关科研经历者优先。 二、聘任条件 1. 在海内外高水平大学或研究机构获得博士学位，具有化学工程、化学、高分子、材料、环境等相关的专业背景； 2. 有坚实的专业基础，在化学化工学术期刊上发表多篇高水平论文，具备独立开展研究工作的能力，如业绩优秀博士后，以及相当水平的海内外青年人才。 3. 年龄原则上学术类不超过35周岁（特别优秀者可放宽至38周岁），技术类不超过38周岁（特别优秀者可放宽至40周岁）。 三、待遇及保障条件 1. 岗位职务：担任团队核心骨干。 2. 薪酬待遇：提供具有竞争力的市场化薪酬，具体一人一议；依托科创中心申报入选各级青年层次人才项目的，可额外享受补贴或奖励。 3. 住房保障：可享受科创中心及属地政府人才房政策；符合条件的可认定为杭州市C类人才，享受相应津补贴待遇。 4. 科研经费：提供最高500万元科研启动经费；依托科创中心申报入选各级青年层次人才项目的，可额外获得项目经费支持。 5. 办公实验空间：根据实际需要提供一定面积的办公、科研用房。 6. 服务保障：提供“专人一站式”科研保障服务，共享科创中心大型仪器设备；协助解决子女入学入托和配偶工作；支持人才及团队成员申报各级各类科研/人才项目。 7. 发展通道：可兼聘至浙江大学相关院系，配备领域资深专家任职业导师；符合条件者可申请浙江大学长聘/预聘教职。 四、应聘方式 应聘者请将个人简历（包括个人基本信息、学习和工作经历、主要科研成果等）发送至课题组助理邮箱，邮件主题注明“应聘科创百人-姓名”。 本招聘启事长期有效。,2月25日,浙江大学（Zhejiang University）是一所历史悠久、声誉卓著的高等学府，坐落于中国历史文化名城、风景旅游胜地杭州。浙江大学的前身求是书院创立于1897年，为中国人自己最早创办的新式高等学校之一。1928年，定名国立浙江大学。抗战期间，浙大举校西迁，在贵州遵义、湄潭等地办学七年，1946年秋回迁杭州。1952年全国高等学校院系调整时，浙江大学部分系科转入兄弟高校和中国科学院，留在杭州的主体部分被分为多所单科性院校，后分别发展为原浙江大学、杭州大学、浙江农业大学和浙江医科大学。1998年，同根同源的四校实现合并，组建了新浙江大学，迈上了创建世界一流大学的新征程。习近平总书记主政浙江期间，亲自联系浙江大学，18次莅临指导，对学校改革发展作出了一系列重要指示，描绘了高水平建成中国特色世界一流大学的宏伟蓝图。在120多年的办学历程中，浙江大学始终秉承以“求是创新”为校训的优良传统，以天下为己任、以真理为依归，逐步形成了“勤学、修德、明辨、笃实”的浙大人共同价值观和“海纳江河、启真厚德、开物前民、树我邦国”的浙大精神。浙江大学是一所特色鲜明、在海内外有较大影响的综合型、研究型、创新型大学，其学科涵盖哲学、经济学、法学、教育学、文学、历史学、艺术学、理学、工学、农学、医学、管理学等十二个门类。设有7个学部、37个专业学院（系）、1个工程师学院、2个中外合作办学学院、7家附属医院。学校现有紫金港、玉泉、西溪、华家池、之江、舟山、海宁等7个校区，占地面积5870761平方米，校舍总建筑面积2746377平方米，图书馆总藏书量777.8万册。截至2018年底，浙江大学现有全日制在校学生54641人（其中：本科生25425人，硕士研究生19038人，博士研究生10178人），国际学生7074人（其中：攻读学位的国际学生4409人）。有教职工8909人（其中：专任教师3741人），教师中有中国科学院院士、中国工程院院士（含双聘）45人、文科资深教授10人、教育部“长江学者奖励计划”特聘（讲座）教授121人、国家杰出青年科学基金获得者133人。在国家公布的“双一流”建设名单中，学校入选一流大学建设高校（A类），18个学科入选一流建设学科，居全国高校第三。根据2019年5月ESI公布的数据，学校有8个学科进入世界学术机构排名前1‰，居全国高校第一；有1个学科进入世界学术机构排名前万分之一，有8个学科进入世界学术机构排名前100位，均居全国高校第二；有5个学科进入世界学术机构排名前50位，居全国高校第三。浙江大学紧紧围绕“德才兼备、全面发展”的核心要求，全面落实立德树人根本任务，着力培养德智体美劳全面发展、具有全球竞争力的高素质创新人才和领导者。在长期的办学历程中，涌现出大批著名科学家、文化大师以及各行各业的精英翘楚，校友中当选为两院院士的有200余人。学校始终保持与时俱进的教育思想，教育教学模式改革走在了全国高校前列；丰富的校园文化、先进的教学设施和广泛的国际交流为学生成长创造了优越条件。2018届毕业生初次就业率达到97.64%，本科毕业生海内外深造率达到60.30%。浙江大学注重精研学术和科技创新，建设了一批开放性、国际化的高端学术平台，汇聚了各学科的学者大师和高水平研究团队。近年来，学校发明专利授权数、权威学术期刊论文发表数、科研总经费等主要科研指标保持全国高校领先地位，在科学技术和人文社科领域取得了丰硕成果。学校主动对接国家和区域重大战略需求，着力打造高水平的创新源、人才泵和思想库。“十二五”以来，学校作为牵头单位获得国家科技进步特等奖1项、一等奖7项、二等奖40项；《中国历代绘画大系》、《中华礼藏》、敦煌学等文化传承创新成果在海内外产生了广泛影响。“国有成均，在浙之滨”。今天的浙江大学，坚持以习近平新时代中国特色社会主义思想为指导，秉承求是创新精神，致力于传播与创造知识，弘扬与引领文化，服务与奉献社会，坚定不移地为加快进入中国特色世界一流大学行列、迈向世界一流大学前列而奋斗，为实现中华民族伟大复兴、促进人类文明进步作出卓越贡献。,"https://www.zhaopin.com/jobdetail/CC199796410J40869848704.htm?refcode=4019&srccode=401901&preactionid=a7c1140f-c46c-45e5-b867-ab342d8bdc77"
4343,软件测试,成都-成华区,6000-10000元,重庆科满福人力资源服务有限公司,企业服务,20-99人,,CCL1487604860J40929110604,【岗位职责】： 1、软件测试岗位职责  2、接受测试任务，进行需求分析 3、按照测试计划搭建测试环境，并保证测试环境的可靠性 4、按照测试计划编亏测试用例，保证测试用例合理有效 5、按照测试用例执行测试，及时发现缺陷，并使用工具进行管理缺陷 6、编写和提交测试报告，保证测试进度按计划完成 7、参与审核其他测试工程师的测试用例和报告 8、学习公司已有方案和推广使用新的测试技术和工具,7月15日,,"https://www.zhaopin.com/jobdetail/CCL1487604860J40929110604.htm?refcode=4019&srccode=401901&preactionid=a7c1140f-c46c-45e5-b867-ab342d8bdc77"
4344,科研人员,成都-双流区,2.5-2.6万,万众壹芯,"医药制造,电子/半导体/集成电路,医疗设备/器械,检测/认证",100-299人,C轮,CC559546030J40761784310,"四川大学华西医院精准医学转化研究中心（PMTRC）是一家致力于将医学科学研究成果转化为临床应用的专业机构，是国家精准医学产业创新中心、教育部医学攻关产教融合国家级创新平台的重要组成部分。在医工结合和生物芯片等领域，该中心处于国内领先地位。我们的研究团队由医学、工程学、生物学等多个领域的专家组成，由国家级海外高层次人才胡文闯教授和刘亚龄教授领衔，具有丰富的学术背景、研究与产业化经验。在医工结合领域，我们致力于将工程技术与医学实践相结合，开发新型医疗设备和治疗方案，以提高医疗水平和患者生活质量。我们的研究包括基于生物芯片的基因测序及分子诊断技术、器官芯片与药物筛选、纳米材料高敏诊断技术、人工智能疾病模型等多个方面，旨在为医疗实践提供更安全、更有效的解决方案。具体在生物芯片领域，我们致力于研发和应用先进的生物传感器与微流控芯片技术，以实现对生物样本的高通量、高灵敏检测和分析。通过生物芯片技术，我们能够快速、准确地诊断疾病、评估治疗效果，并开展个体化治疗。同时，我们也在探索生物芯片在疾病机制研究、药物筛选、生物合成等方面的应用，为精准医学的发展提供重要支持。研究中心有国际一流的科研设备，包括微纳米光刻与微纳制造、芯片探针点样、生物芯片探针台、单分子显微镜、单分子免疫诊断、多种测序与分子诊断设备、纳米材料表征、AFM、试剂冻干、纳米材料合成等。作为精准医学转化研究的重要推动者，我们将继续致力于医工结合和生物芯片等领域的研究与应用，为推动医学科学的进步和人类健康事业的发展贡献我们的力量。 导师介绍 四川大学华西医院精准医学转化研究中心主任，教育部长江讲席教授，成都岷山计划生物芯片研究院联席院长，成都万众壹芯科技有限公司创始人、董事长、首席科学家。获国家基金委海外基金（海外杰青）、美国NSF自然科学基金Career奖、美国NSF Air奖、IEEE纳米技术杰出讲者、IEEE纳米技术委员会主席、四川省峨眉计划专家、四川省创新创业团队领军人才、成都蓉漂人才、江苏省双创人才称号。兼任IEEEAccess期刊客座编辑、中国人体健康科技促进会临床微生物与感染精准检验专业委员会副主任委员和四川省抗衰老科学研究促进会副会长等社会职务。在Nat Commun、ACS Nano、Nano Lett、Biosens Bioelectron、Biomaterials、LabChip等期刊及会议发表论文200余篇，被引约5400次（Google Scholar）。已授权多项国际和国内专利。共承担 35 项研究项目（总经费1.8亿元）。发明专利20项。长期致力于微流控芯片和医工结合交叉领域，在高端医疗器械研发方面，团队成功研发了多款新型医疗设备，并已通过临床试验，进入市场推广阶段。率先研发出30分钟内全封闭微流控卡盒的分子居家快检技术，获得国内首个可居家用的核酸扩增器的国家医疗器械证,取得了标志性的成果。研发出首个微流控全自动化肿瘤治疗基因突变测序试剂盒（近万例临床病例验证），在第十届国际精准医学会议上进行发布（省长、省卫建委主任、省科技厅厅长、科学院及工程院院士等出席）。目前在研的多个项目已处于转化过程中，包括呼吸道病原体十重快速检测、336种病原体微流控自动化建库和快速测序试剂盒（覆盖临床多科室病原体种类）、心衰指标的指尖血断点检测技术（实现心衰疾病的居家全程管理）等技术和产品，针对重大疾病具有泛的临床应用场景。 【岗位要求】 1.遵纪守法、学术端正、身心健康，具有较强的责任心，能够全身心投入科研工作，年龄35岁以下。 2.国内博士毕业生需取得博士学历证与学位证，国外博士毕业生应通过教育部学历学位认证，具有良好的科研能力和业绩基础。 3. 分子生物学、生物医学工程、基础医学等相关专业背景，.熟练掌握DNA/RNA相关的基础知识和实验操作、熟练掌握NGS建库湿实验流程（如Illumina、华大等平台）和测序原理。具有空间转录组实验经历优先；主要从事空间转录组生物芯片及配套试剂盒研发工作。 4.有较好的科学研究经历和教育学背景，承担/参研过国家级科研项目或已发表高水平论文者优先，具有海外留学经历者优先。   【岗位职责】 1. 专职博士后聘期为三年，在站期间必须全职脱产从事博士后研究工作，科研业绩要求以及出站后留院要求按四川大学华西医院博士后管理有关规定执行； 2. 承担相关研究课题，发表高水平文章； 3. 协助指导博士、硕士研究生。   【岗位待遇】 1.税前30万/年（含五险一金），科研业绩奖励视产出具体情况而定，上不封顶（参与成果转化工作及产学研合作等项目按绩效另行奖励）。 2.专职博士后在聘期内享有学校及医院专职科研人员同样的学术待遇，研究中心协助申请博新计划等额外支持项目，业绩达到相关要求后可以申请留院。 3.参与更贴近临床转化应用的科研工作，参与国内外高水平研究团队学术交流、医工交叉融合团队的培养培训。",6月30日,万众一芯聚焦生物芯片0到1的原始创新，跨领域技术积累10余年，超百项知识产权，匠心打造“小于时代、先于时代”的分子诊断POCT系列产品：新冠核酸居家自检、更小更快的基因测序仪等，打造诊断“芯”时代，获苏州市首批独角兽培育企业、四川省顶尖团队、2021未来医学榜创新IVD器械全国44名及全国最具潜力留学生企业等荣誉。融资获知名风投亲睐，最新一轮由启明领投，老股东经纬持续跟投。公司总部位于苏州，成都，深圳，美国均设子公司，已建成2000平GMP产线，联合华西医院在建“国家精准医学产业中心”，1.4万平的“万众一芯精准医学产业创新中心”拟建中，依托国家级平台搭建下游生态圈，海外市场先行，驱动爆发性成长。,"https://www.zhaopin.com/jobdetail/CC559546030J40761784310.htm?refcode=4019&srccode=401901&preactionid=a7c1140f-c46c-45e5-b867-ab342d8bdc77"
4345,C/C++,东莞-None,1.5-3万·14薪,外企德科数字技术有限公司,专业技术服务,10000人以上,,CCL1480117890J40797692605,岗位优势： 1、导师制培训机制，新人入职至少半年以上会有导师一对一辅导开展工作和学习。 2、部门：ICT（公开、光、计算、无线、数存等）、云计算、2012（中硬、中软、中媒）、消费者BG、BPIT、上海海思、Carbu（智能汽车）、数字能源等 3、主要地点： 北京、上海、东莞、深圳、杭州、南京、苏州、武汉、西安、成都 广州、长沙、济南 基本要求： 1、熟悉掌握C/C++/python/JAVA/go/JS等语言开发； 2、熟悉一种以上脚本语言，shell、python等； 3、掌握常用的数据结构、数据算法； 4、良好的表达能力，钻研精神、注重团队协作。 公司福利： 1、入职缴纳五险一金+商业险，全额缴纳社保公积金，试用期薪资全额发放不打折。 2、上下班班车接送 3、良好的团队氛围、首屈一指的技术大拿带教，成长性max 4、过节福利优厚，包括但不限于（过节费、节日礼盒、年终奖、福利活动、部门定期团建等）,2025年07月29日,外企德科数字技术有限公司是一家2023年新成立的中外合资企业。成立于2023年11月24日，公司定位：专注于为信息技术企业提供人才及数字技术外包解决方案的中外合资企业。它是由中国人力资源服务行业的FESCO（北京国际人力资本集团）与全球人力资源服务领导者The Adecco Group（德科集团）合资成立的。公司主要提供网络技术服务、软件外包服务、计算机系统服务、技术进出口、软件开发等信息技术相关服务。专注于为信息技术企业提供信息技术类人才及数字技术外包解决方案。,"https://www.zhaopin.com/jobdetail/CCL1480117890J40797692605.htm?refcode=4019&srccode=401901&preactionid=a7c1140f-c46c-45e5-b867-ab342d8bdc77"
4346,科研人员,扬州-广陵区,2.6-4万,智联猎头,"互联网,人力资源服务",1000-9999人,不需要融资,CCL1318355140J40806966703,2025“百名海外博士江苏行”活动扬州站 海外博士学历等相关专业领域； 专业基础扎实，机械工程专业方向、材料学专业方向、电子科学专业方向、认工智能专业方向、医学领域等。 具有团队精神，能服从领导安排，工作积极主动。,7月4日,智联猎头作为智联招聘旗下品牌，以满足企业中高端岗位的人才招聘需求为出发点，整合全球优质资源，覆盖数字经济、新一代信息技术、人工智能、金融、电子信息、装备制造、生物医药与健康、房地产/建筑等数十个行业，拥有规模庞大、覆盖面广的交付团队，致力于向企业输出专业化的招聘解决方案。智联猎头目前拥有卓聘平台服务、招聘流程外包服务、高端人才猎寻服务三大类核心服务，具备高度定制化能力，能够为不同发展阶段的企业提供一站式招聘解决方案，同时为企业转型升级提供保障，全面增强企业核心竞争力！智联猎头利用自身独特的资源优势、成熟的服务模式，以及多层次的产品，致力于打造高效、专业的一站式人才服务模式，让招聘更加美好！,"https://www.zhaopin.com/jobdetail/CCL1318355140J40806966703.htm?refcode=4019&srccode=401901&preactionid=a7c1140f-c46c-45e5-b867-ab342d8bdc77"
4347,Java,东莞-None,1.5-3万,外企德科数字技术有限公司,专业技术服务,10000人以上,,CCL1480117890J40791078505,（1）具有较强的逻辑分析和学习接受能力，耐心细致，动手能力强；（2）有创新能力和发展潜力，愿意从事科学研究；（3）熟练掌握Java、C/C++、Python、GO等任一编程语言，熟悉Linux操作系统；（4）遵纪守法、品行端正、身体健康、工作负责、不怕辛苦，具有较强团队合作意识和良好的沟通能力；（5）有相关系统研发经验者优先。,2025-07-27 00:25:49,外企德科数字技术有限公司是一家2023年新成立的中外合资企业。成立于2023年11月24日，公司定位：专注于为信息技术企业提供人才及数字技术外包解决方案的中外合资企业。它是由中国人力资源服务行业的FESCO（北京国际人力资本集团）与全球人力资源服务领导者The Adecco Group（德科集团）合资成立的。公司主要提供网络技术服务、软件外包服务、计算机系统服务、技术进出口、软件开发等信息技术相关服务。专注于为信息技术企业提供信息技术类人才及数字技术外包解决方案。,"https://www.zhaopin.com/jobdetail/CCL1480117890J40791078505.htm?refcode=4019&srccode=401901&preactionid=a7c1140f-c46c-45e5-b867-ab342d8bdc77"
4348,前端开发,上海-嘉定区,3000-6000元,上海扬丝信息科技有限公司,"计算机软件,互联网,专业技术服务",20-99人,天使轮,CC424126880J40702490814,此岗位是招储备型新人的，培养需要在公司待满三年，三年之间的工资也会是每年正常固定递增的，但是需要长期稳定踏实肯干的人。  以下是必须掌握的初级技术需求： 1.熟练使用vue，了解uniapp，有两个以上vue实际开发的项目  2.对组件的做法有深刻理解，会自行拆分组件  3.熟练掌握HTML5、javascript、CSS、JQuery、AJAX，至少熟练使用一种前端框架，包括但不限于： 岗位职责：  1.负责前端页面开发和维护，并根据需求优化产品性能、用户体验、交互效果及各种主流浏览器的兼容适配工作  2.独立承担分析业务系统前端的设计、开发与实现  3.与后端工程师合作，为客户提供更好的体验和更丰富的功能  4. 具备扎实的编程基础，良好的代码风格，注重代码品质 5. 擅长和团队合作，具备很好的沟通和协调能力 6. 有一定基础模块审美能力，会PS的优先考虑,7月26日,上海扬丝信息科技成立于2010年，是一家优秀的电子商务系统及服务提供商，公司致力于通过最精湛的技术、最全面的服务为国内各大企业建设优质的电子商务平台。上海扬丝科技根据电商行业特点和最新技术，从PC到移动，从线上到线下，从前端到后端，从直销到分销，为企业量身定制高质量解决方案，让企业在竞争中脱颖而出。,"https://www.zhaopin.com/jobdetail/CC424126880J40702490814.htm?refcode=4019&srccode=401901&preactionid=a7c1140f-c46c-45e5-b867-ab342d8bdc77"
4349,科研人员,北京-海淀区,8000-15000元,北京师范大学中国基础教育质量监测协同创新中心,"学术/科研,学校/学历教育,学术/科研",100-299人,不需要融资,CC219659580J40715021211,岗位职责： 1. 主责国家级重大科研项目中所有汇交的磁共振数据在中心侧的质量评估工作；,7月26日,中国基础教育质量监测协同创新中心成立于2012年7月，并于2014年10月通过教育部认定，是我国教育学和心理学领域唯一的国家级协同创新中心。中心目前已成为基础教育质量监测的国家权威机构、高层次评价人才培养基地和国家基础教育质量决策支撑平台。自成立以来，中心持续承担国家义务教育质量监测工作，牵头研制教育部发布的系列教育质量评价指南，研发9大学科领域国家监测标准和工具、10余套智能化测评系统和平台，助力搭建我国基础教育评价的“四梁八柱”，每年监测覆盖32个省份、约330个区县、6700所学校、近20万名学生，研制一千多份各类监测报告，支撑国家建立具有中国特色、国际可比的基础教育质量监测体系，在促进基础教育高质量发展中发挥了重要支撑作用。中心是北京师范大学直属二级院系，为研究生独立招收和培养单位，聚焦教育质量监测与评价，在教育学和心理学两个双一流A+一级学科下设置四个特色专业方向，自2015年起招收硕、博士研究生。十年来，中心在人才培养、学科建设、国际交流等方面成效显著。,"https://www.zhaopin.com/jobdetail/CC219659580J40715021211.htm?refcode=4019&srccode=401901&preactionid=a7c1140f-c46c-45e5-b867-ab342d8bdc77"
4350,科研人员,广州-天河区,2.1-3.5万,河源市艾佛光通科技有限公司,电子/半导体/集成电路,300-499人,B轮,CCL1450836240J40911117304,"岗位描述： 岗位类型：博士后（A、B、C 岗） 1-3人 02 研究方向： 1、第三代半导体材料与芯片 2、高速移动宽带通信核心芯片 3、先进能源材料与器件 4、高性能LED外延材料与芯片 5、高性能太阳电池 招聘要求： 1、遵守法律法规，具有良好的思想政治表现和品德修养，身心健康，无违法违纪记录。 2、身心健康，年龄在35周岁（含）以下。 3、具有国内外知名高校或科研院所博士学位，获得博士学位一般不超过3年；或通过博士学位论文答辩的应届博士。 4、应聘者应接受过系统的科研训练，科研基础扎实，具有较强科研能力，思维严谨、条理清晰，善于沟通，愿全职在校从事博士后研究工作。 待遇福利 工作条件： 1、学校提供综合年薪，***可达57万元，学校为博士后研究人员提供“双一流”A类高校的国家、部省级高水平科研平台和科研条件，现有***科研平台30个，部省级科研平台249个，支持博士后申请国家、广东省各类科研项目和人才计划； 2、按规定缴纳社会保险和住房公积金，并享受相关福利待遇； 3、享受博士后公寓或住房补贴； 4、子女入学可读学校优质附属幼儿园和实验学校； 5、依托广州国际校区招收的博士后可额外获得20万元科研启动费； 6、出站后留粤工作，符合广东省相关政策的，省财政额外给予40万元住房补贴（3年）。 晋升通道： 1、在站满18个月或期满出站后1年内，可参评博士后副研究员； 2、博士出站后留校通道畅通。 校简介&政策 华南理工大学地处广州——粤港澳大湾区的核心，是直属教育部的全国重点大学，办学溯源至1918年成立的广东省立***甲种工业学校(世称“红色甲工”)。是新中国“四大工学院”之一.1960年成为全国重点大学，1981年成为全国首批博士和硕士学位授予单位1995年进入“211工程”行列，2001年进入“985工程”行列，2017年进入“双一流”建设A类高校行列，2023年起跻身软科“世界大学学术排名”前150强。 路走来，华南理工大学得改革风气之先，勇立潮头，创新发展，成为“南方工科院校的一面旗帜”。 而今站在世界150强的新高度，学校怀爱才之诚，聚焦青年科技人才成长关键环节，整合资源，再推新政： 一、政策大大礼包  1.师资博士后，鼎力培养！出站择优留校。所有流动站博士后均纳入学校师资博士后培养。 2.综合年薪***可达57万元，待遇优厚！博士后综合年薪***57万元，出站成果突出的，可获额外奖励；除年薪外，学校另提供博士后公寓或住房补贴，广州国际校区聘用的博士后，另获得20万元科研启动费。 3.尊重学科和人才成长规律，重视每一个努力的你！在站目标任务由博士后和导师商定，年度和出站考核目标任务执行。 4.海阔凭鱼跃，支持优秀的你脱颖而出！出站成果突出者，薪酬之外再给予考核特别资助奖励。 5.多渠道、多方式、多重机会留校，发展通道更宽阔！出站可按学校规定申请教研、教学、专职研究系列岗位，学校择优选聘留校；获得出站考核特别资助的，可100%留校聘用。 二、我们的“硬核资源库” 1.学科引领前沿。16个学科进入ESI全球排名前1%。 2.科研实力卓越。30个***科研平台，249个省级科研平台。数量位居全国高校前列、广东高校***，且均对博士后开放。 3.覆盖7大学科门类，34个博士后科研流动站任你选！ 学院简介 华南理工大学材料科学与工程学院是在原华南工学院相关传统优势专业基础上发展起来的，其历史可以追溯到二十世纪五十年代。1952年华南工学院开设全国***家橡皮工学专业和全国第一批硅酸盐工学专业，1958年开设属于全国第一批的金属学与热处理工艺及设备专业、高分子化工和化学纤维专业，1959年建立了全国***家电子陶瓷专业。1978年经教育部批准成立材料科学研究所。1995年成立材料科学与工程学院。2008年成立金属材料科学与工程系，2012年成立生物医学工程系，2020年成立光电材料与器件系，形成了学科更完整、综合实力更强的材料科学与工程学院。 学院现设有6个系(高分子材料科学与工程系、无机材料科学与工程系、金属材料科学与工程系、电子材料科学与工程系、生物材料系、光电材料与器件系);1个全国重点实验室(发光材料与器件全国重点实验室);1个国家工程技术研究中心(国家人体组织功能重建工程技术研究中心);28个省部级教学科研平台;1个***实验教学示范中心(材料科学与工程教学实验中心);1个***光电材料与器件虚拟仿真实验教学中心。 学院教学育人条件优越，近5年获广东省高等教育教学成果奖4项。共拥有教学和实验室面积约3.8万平方米，完备先进的教学与科研仪器设备约2.6万台，总价值约8.11亿元，能够充分保障各层次学生得到系统的实验训练和全面的综合素质培养。 学院科研实力与成绩突出，先后获得国家、省部级各类科研奖励100余项(包括国家自然科学二等奖2项、国家技术发明二等奖3项、教育部科学技术奖6项、广东省科学技术一等奖17项等)。2021-2024年，学院发表三大索引论文约6062篇，申请专利1984件，授权1548件，到校经费12亿元，各项科研成果位居学校前列。 材料科学与工程学院一直秉承优良学术传统，努力为全院师生营造良好工作环境和学习氛围，在人才培养、科学研究、社会服务与文化传承等各项事业不断取得进步，已为国家培养了上万名材料专业人才。目前，材料科学与工程学院正在为建设“具有一定国际影响的材料领域教育与研究机构”而不断努力，必将为中国材料科学与工程领域的科学进步与产业发展不断做出新的贡献。 团队导师简介 以李国强教授为核心的半导体材料与芯片团队依托于华南理工大学发光材料与器件国家重点实验室，是一支由国家万人计划科技创新领军人才、国家青年长江学者、国家优青、国家青拔、广东省青年拔尖等20多位博士为核心的科技创新团队；聚焦第三代半导体材料与芯片技术,涵盖材料生长、芯片设计、制造工艺和关键装备4个关键方向；在国家重点研发计划项目、国家工业强基计划、国家重大科研仪器研制项目课题、国防科技创新重点项目、广东省重点研发计划等国家、省部级20余项项目支持下，取得了多项技术突破，研制出多种关键芯片，解决了我国多项“卡脖子”技术难题。 李国强，华南理工大学发光材料与器件国家重点实验室教授、博士生导师，入选国家万人计划科技创新领军人才(2019)、中青年科技创新领军人才（2020）、国家青年长江学者(2016)、国家优青(2014)、广东省特支计划科技创新领军人才（2020）、广东省珠江学者特聘教授（2016）、广东省杰青（2013）等人才计划，是国家重点研发计划首席科学家(2次)，国家多个部委责任/咨询专家；致力于发展GaN、AIN、GaAs等高性能III-V族化合物半导体材料与芯片，主持国家工业强基计划、国家重点研发计划项目、国家重大科研仪器研制项目课题、广东重点领域研发计划等多项国家及省部级项目；相关成果在Adv. Mater.、Adv. Funct. Mater.、Rep. Prog. Phys.、Light Sci. App.、Nano-Micro Lett.、lEEE Electron Dev.Lett.、Appl. Phys.Lett.等高水平期刊发表论文200余篇，其中ESI高被引论文10余篇，SCI 他引6800余次；授权中外发明专利200余件；成果已产业化，应用在航空航天、卫星通信等重大工程及华为、中兴的基站及手机上；获国家技术发明二等奖(第四)、广东省技术发明一等奖(***)、广东省丁颖科技奖(***)、中国专利奖优秀奖(***)中国产学研合作创新成果奖(***)等奖项。",7月15日,新时代、新机遇、新挑战，第三代半导体是全球战略竞争的制高点，是未来电子信息产业的基石，也是我国长期受到西方发达国家卡脖子的重大技术难题。以发展我国第三代半导体核心技术为使命的艾佛光通科技有限公司，拥有以国家科技创新领军人才、国家长江学者、国家重点研发计划首席科学家等20多位博士为核心的国际一流科学家技术团队，历经10多年、投入近10亿元的刻苦研发攻关，率先在第三代半导体的材料生长、芯片设计、制造工艺和关键装备等方面上取得多项原创性技术突破，使我国成为继美日之后，少数几个全方位掌握第三代半导体技术的国家。艾佛光通开创了完全独立自主的全链条Si基GaN、AlN等第三代半导体材料与芯片技术。艾佛光通所研发生产的多种芯片已在多个领域得到应用。艾佛独有技术获得了包括国家技术发明二等奖、广东省技术发明一等奖在内的省部级以上科技奖励8项。荣誉资质获得国家技术发明二等奖、广东省技术发明一等奖等省部级以上科技奖励8项已在国防上得到应用，并于国际龙头企业签订多项产品及技术开发合同获得项目：国家重点研发计划、广东省重大专项、广东省扬帆计划等已获发明专利100余件，国际PCT专利20余件，实审公开发明专利100余件,"https://www.zhaopin.com/jobdetail/CCL1450836240J40911117304.htm?refcode=4019&srccode=401901&preactionid=a7c1140f-c46c-45e5-b867-ab342d8bdc77"
4351,测试工程师,深圳-龙华区,8000-9000元,软通动力信息技术(集团)股份有限公司,"互联网,IT服务,计算机软件",10000人以上,D轮及以上,CC000544460J40375974216,岗位要求：,8月9日,软通动力信息技术（集团）股份有限公司（以下简称“软通动力”）是中国数字技术产品和服务创新领导企业，致力于成为一家具有全球影响力的科技企业，企业数字化转型可信赖合作伙伴。公司2005年成立于北京，多年来始终坚持科技创新，具有软硬全栈的智能技术产品和服务能力，提供软件与数字技术服务、计算产品与数字基础设施、数字能源与智算服务以及国际化服务。目前，公司在10余个重要行业服务超过1100家国内外客户，其中超过230家客户为世界500强或中国500强企业，员工近90000人。软通动力拥有软通咨询、软通金科、软通工业互联、机械革命、软通华方等业务子品牌，并在全球40余个城市布局业务，构建北美、日本、东南亚、中东四大国际交付中心，在北京城市副中心、江苏无锡建设两大智能制造基地。同时，公司前瞻布局智能制造、ICT软硬基础能力和生产力智能化产品，打造产业链闭环。软通动力设立30个能力中心，拥有1个国家级工程实验室，6个省市政府认定的工程、技术实验室及研发中心，1个博士后科研工作站，50+技术合作伙伴的生态合作体系，不断探索前沿技术的巨大商业应用潜力。公司旗下教育品牌软通教育，拥有一家全日制本科学院——郑州西亚斯学院数字技术产业学院；同时在全国合作院校600多所，设有70多个校企联合人才培养基地，通过校企合作、协同育人，为社会培养高素质应用型人才。软通动力先后获得“2023年中国IT服务市场排名TOP 1”、“2024年Q4 PC出货量国内市场份额排名TOP 2”、“2024年中国软件和信息技术服务竞争力百强企业”、“2023年中国信创企业100强”、“2024万得ESG评级（Wind ESG Rating）AA级及信息技术服务行业ESG综合得分排名第一”等荣誉及市场认可，并拥有全球软件工程领域最高级别CMMI V2.0成熟度5级评估认证、国家研发运营一体化（DevOps）三级能力成熟度模型认证、信息技术服务标准（ITSS）运维能力成熟度一级认证等专业资质，支撑公司更优质的服务体系。,"https://www.zhaopin.com/jobdetail/CC000544460J40375974216.htm?refcode=4019&srccode=401901&preactionid=a7c1140f-c46c-45e5-b867-ab342d8bdc77"
4352,科研人员,广州-黄埔区,2.3-2.5万,广州机施建设集团有限公司,"房地产开发,房地产开发",500-999人,未融资,CC163205910J40315634605,岗位职责：    1、负责博士后课题的开题报告、中期考核报告、出站报告的编写与答辩，配合公司博士后管理办公室办理博士后入站及出站手续；    2、负责博士后课题研究，取得相关技术成果；    3、主持或参与企业具体工法、专利、科技计划项目、标准规范等课题的研究或编制；    4、参与科技部、合规部业务线的管理工作及各经营单位、项目部的现场技术调研或技术培训；    5、完成领导安排的其他工作任务。         任职条件：    1、在国内外已获得博士学位，年龄35周岁以下；土木工程、工程管理、岩土工程、建筑材料、结构工程、道路与桥梁工程、法学等相关专业毕业；    2、具有良好的思想政治素质和职业素养，思想品行端正，作风正派，严谨负责；    3、具有较强的独立科研能力和良好的敬业精神，在国内核心期刊及以上级别刊物上已发表两篇专业学术论文的优先考虑；    4、没有违纪违法行为；    5、具备全职从事博士后研究工作的条件，身体健康，能胜任岗位工作。 ,3月24日,广州机施建设集团有限公司，原名广州市建筑机械施工有限公司，创建于1960年，为全国500家最大经营规模建筑企业之一，现拥有资产总额超过60亿元，年经营规模超过150亿元。公司拥有房屋建筑工程总承包、市政公用工程总承包、机电安装工程总承包、建筑装修装饰工程、地基与基础工程、钢结构工程、土石方工程专业承包等多项一级资质，并已基本具备建设部申报特级企业资质标准。近年来公司不断拓展创新，承建和参与建设了亚运会开闭幕式场馆海心沙“亚运之舟”工程、亚运主媒体中心、广东省博物馆新馆工程、广州国际会展中心、亚运马术场工程、广州新体育馆等多项省、市重大工程项目。先后获省、市优良样板工程70多项，获国家工法8项、省级工法35项，国家专利15项，编制省级、国家级标准3部，拥有国家认定博士后科研工作站和广东省认定的企业技术中心。近年来，公司积极探索走多元化经营道路，主攻本地市场的同时还积极开拓外地市场，已在新疆、武汉等地组建分公司，在建的工程项目更辐射至深圳、中山等珠三角地区，经营业绩逐年攀升。公司一直秉承“责任、服务、关爱、创新”的企业价值观，保持良好经营发展势头的同时，致力给员工创造广阔的发展平台，用人更育人，使公司及员工都能得到发展实现双赢。,"https://www.zhaopin.com/jobdetail/CC163205910J40315634605.htm?refcode=4019&srccode=401901&preactionid=a7c1140f-c46c-45e5-b867-ab342d8bdc77"
4353,项目经理/主管,南京-玄武区,6000-12000元·13薪,江苏久高电子科技有限公司,"计算机软件,通信/网络设备",20-99人,未融资,CC551369320J40402201009,岗位职责： 1、工作内容直接向项目总监进行汇报； 2、 协助进行公司业务产品的前期技术交流、需求沟通，中期产品选型、清单报价、技术方案支持； 3、分析客户需求、与客户进行交流，编写方案设计报告及其他技术方案； 4、参加招投标会，进行技术、商务上的讲解和答疑； 5、参加商务和技术的谈判，参与起草项目技术协议书； 6、对行业内新技术新产品和新项目进行技术跟踪； 7、与客户对接各项技术需求，协调指导研发工程师开展各项工作，成为公司内部与客户之间的纽带。 岗位要求： 1、大专以上学历，具有相关项目管理及服务经验； 2、熟悉机械、机电产品，具有一定机电一体化领域的专业知识； 3、性格开朗活泼，良好的心理素质，能够适应挑战，抗压能力强； 4、具备不断学习的态度，责任心强，思路清晰，具备较强的客户服务意识以及良好的沟通协调能力。 公司提供福利： 1、优厚的薪资待遇：不低于行业水平的薪资、明确的涨薪体系、不吝啬重奖每一位员工，还有绩效奖、季度奖、年终奖、股票期权红利，我们全包。 2、完善的晋升机制：周末双休、五险一金、午餐补贴、带薪休假、节日礼品、生日欢庆、定期团建，这些统统有！ 3、透明的晋升机制：成熟透明的晋升体制，唯才是举，帮助每一个员工步步高升！ 4、扁平化的成长空间：没有繁琐的工作流程、没有复杂的工作汇报，自由与效率、职责与权利的最大化！ 5、结识牛人的机会与资源：行业大咖、企业大佬、研发狂人，我们天天见！ 6、自我价值实现的平台：最大的输出空间，敢想敢做、敢拼敢闯在这里是经典加分项！ 7、轻松的工作环境：我们的团队70后幽默、80后热情、90后大胆、00后活泼，与领导见面不拘束，与同事见面不张扬是我们的常态！ 公司诚聘精英，广募良才，希望这样的你加入团队： 有良好的团体精神和协作力，做事认真、仔细、吃苦耐劳、责任心。 有理想有抱负，希望通过推动公司的发展推动各人能力的提升，和公司一起成长。 不一定有学历，但一定要有学习力！ 职位福利：五险一金、加班补助、交通补助、餐补、周末双休、带薪年假   ,7月17日,江苏久高电子科技有限公司，是一家集研发、生产、销售于一体的军民融合性高新技术企业。公司成立于2013年，注册资本1000万元，研发中心位于江苏省南京市玄武区徐庄软件园福中高科技产业园。公司以服务于武器装备现代化为目标，以确保战斗力提升为导向，注重于技术创新及其可靠应用，聚焦进口产品的国产替代，聚焦武器装备自主可控，打造优势产品与服务。公司致力于风机领域深耕细作，深入了解武器装备制造热控专业领域的特殊需求，专注于不同场景、适用严苛环境（气候、振动、电磁）条件的风机，为客户定制化设计、研发、制造与集成，重点对标国外一流高性能风机提供商相关产品，无缝替代AMETEK、LMB及EBM等公司产品。广泛应用于航天、机载、舰船载、车载、弹载等多种武器装备平台。公司一贯坚持“以客户需求为使命、视产品质量为生命”，按照GJB9001C-2017标准规范化研发、生产与服务，公司目前已整合国内优质风机设计、生产与试验配套资源，包括各型风洞、各型环境试验设备、风机专用设备及工装，可为客户提供以高性能直流风机为核心的全方位热控解决方案。公司愿景：国产替代自主可控创新引领者。公司提供福利：优厚的薪资待遇、完善的晋升机制、透明的晋升机制、扁平化的成长空间、结识牛人的机会与资源、自我价值实现的平台、轻松的工作环境。公司诚聘精英，广募良才，希望这样的你加入团队：有良好的团体精神和协作力，做事认真、仔细、吃苦耐劳、责任心。有理想有抱负，希望通过推动公司的发展推动各人能力的提升，和公司一起成长。不一定有学历，但一定要有学习力！,"https://www.zhaopin.com/jobdetail/CC551369320J40402201009.htm?refcode=4019&srccode=401901&preactionid=a7c1140f-c46c-45e5-b867-ab342d8bdc77"
4354,实施工程师,宁波-海曙区,7000-10000元,上海易算精技术服务有限公司,"通信/网络设备,计算机软件",20-99人,,CCL1491790950J40742814214,岗位职责:,7月28日,上海易算精科技有限公司是一家专门从事大数据金融类软件产品的研发、销售与售后服务的高科技跨国企业。成立以来，公司致力于以软件终端为载体，以互联网为平台，向投资者提供精准的金融数据和专业的技术分析。25年来公司坚持为客户开展专业证券知识的培训，致力于帮助投资者树立正确的投资理念、掌握投资技巧、分析投资信息，凭借先进的知识和发达的“软件武器”帮助投资者在证券这个行业内获取不菲的利润。公司依靠强大的技术研发实力、敏锐的市场洞察力和丰富的实操经验，始终前瞻性地把握行业发展方向，不断地引进国际上先进投资分析技术，进而开发出满足投资者需求的新产品，在海内外证券软件行业内均有重要影响力。公司统一福利待遇：1.多个分店，实习期结束后多个工作地点可供选择；2.灵活休假制度，法定节假日，更有14天超长带薪年假；3.完善的培训体系（入职培训+在职带薪培训+专业知识/技能视频资料培训+师徒制）帮助新人快速成长。,"https://www.zhaopin.com/jobdetail/CCL1491790950J40742814214.htm?refcode=4019&srccode=401901&preactionid=a7c1140f-c46c-45e5-b867-ab342d8bdc77"
4355,Java,济南-历下区,1-1.5万,众阳健康科技集团有限公司,"计算机软件,互联网,IT服务,人工智能",1000-9999人,未融资,CC227606010J40595914606,岗位职责: 1、根据需求设计完成产品功能或者服务的设计，文档编写，代码实现，单元测试和接口测试。 2、配合研发经理完成sql脚本审核，codeReview 工作。 3、对产品的分析设计、开发发布、系统的性能、安全性、稳定性负责。 任职要求: 1、计算机、软件工程、电子信息、自动化、通信等相关专业，本科及以上学历； 2、计算机基础知识扎实，掌握数据结构、C语言基础知识、Java基础知识； 3、掌握JavaWeb常用框架，熟悉J2EE常用框架，对SSH、SSM、Spring等框架熟练掌握。 4、具备良好的沟通能力与协作理解能力，爱好钻研技术，学习能力强。,10月9日,众阳健康科技集团，创立于1998年，现有职工3000余人，总部位于山东省济南市，产品和服务涵盖卫健委、医院、医保、养老等业务领域，拥有近300项软件产品著作权，具有100%的自主知识产权。集团目前在我国医疗健康信息化领域排名前三，县域医疗健康信息化领域排名第一，云模式医疗健康信息化领域排名第一。主营产品和服务有医院信息化系统、智慧医疗系统、智慧服务系统、智慧管理系统、HRP系统、医保管理系统、医共体信息平台、互联网医院、人工智能应用、咨询服务、电子病历评级、互联互通评级等。目前已广泛应用于国内2000余家二级以上医疗机构，及200余家省、市、县级区域医疗卫生信息平台，累计服务人口超过5亿人。众阳健康集团是国内最早提出“一体化数字医院建设”理论的倡导者、践行者，国内以电子病历为核心的智慧医院建设思想最早的实践者。在云计算、大数据时代，众阳健康基于微服务和数据中台打造的“云健康”平台，高度契合国家医疗健康十四五规划，实现了大规模的应用落地，成为了引领医疗健康行业数字化转型的标杆。集团荣获山东省科学技术进步一等奖、吴文俊人工智能科学技术一等奖等奖项，是“国家智慧健康养老示范企业”、“中国医疗业信息技术服务示范企业”、“中国信息技术服务产业医疗健康领域示范企业”、山东省“十强”产业集群领军企业，获得山东省科技厅颁发的“院士工作站”及全国博士后管委会办公室批准的“博士后科研工作站”。与北京大学联合成立了“大数据联合研发中心”，与山东大学齐鲁医院共同成立了“数字健康联合实验室”。众阳健康打造的样板工程“平阴模式”、“成武模式”，以服务为核心的“淄博模式”，受到了全国人大常委会副委员长陈竺、国家卫健委主任马晓伟、北京大学中国健康发展研究中心主任李玲等国家领导和专家的高度认可。在共计12个国家基层卫生健康综合建设试验区中，众阳承建了河南“郏县”、广西“上思县”紧密型医共体建设，打造了全国示范。,"https://www.zhaopin.com/jobdetail/CC227606010J40595914606.htm?refcode=4019&srccode=401901&preactionid=a7c1140f-c46c-45e5-b867-ab342d8bdc77"
4356,项目经理/主管,潍坊-奎文区,7000-14000元,潍坊趁年华信息技术有限公司,"计算机软件,IT服务,互联网,计算机硬件",20人以下,不需要融资,CCL1382930670J40626918102,位要求：21-36岁，无不良嗜好，有销售经验者优先,2月10日,公司介绍：我们属于餐饮saas行业，是美团餐饮SAAS当地业务拓展团队，业务方向主要面向潍坊的餐饮商家，售卖美团收银软件和硬件设备以及做好售后维护，协助商家做好门店经营管理，提供最优的餐厅收银解决方案，比如对账、点餐、出单、接单等等薪资待遇：无责底薪3000＋社保+软件提成+硬件毛利+分润分红+每月团建人均消费100＋，同事月收入10000以上工作时间：早上9.00-下午6.00，每周单休，法定节假日带薪休假入职后，会有师傅、主管长期带你，公司有自己的线上学习知识库，可以满足你90%的学习需求，获客方式：公司专属资源APP40%+外卖团购等部门同事转介绍30%＋陌拜20%+其他10%,"https://www.zhaopin.com/jobdetail/CCL1382930670J40626918102.htm?refcode=4019&srccode=401901&preactionid=a7c1140f-c46c-45e5-b867-ab342d8bdc77"
4357,硬件测试,沧州-青县,5000-7000元,和美汽车零部件青县有限公司,汽车零部件,300-499人,,CC537505680J40760610901,岗位内容： 1. 执行硬件测试任务，并维护测试数据和文档； 2. 跟进测试过程中发现的问题，协助解决硬件缺陷； 3. 收集硬件测试需求，推动测试工具和方法的改进。 任职要求： 1. 熟悉常用的硬件测试方法和工具； 2. 善于沟通和协作，具有良好的团队合作精神； 3. 具备较强的学习和自我提升意愿，能够快速适应新环境和新技术。,2025年07月30日,和美汽车零部件青县有限公司位于河北省沧州市青县范官屯开发区，占地75亩，注册资金5000万，主要从事汽车零件的设计、生产、销售、服务的专业化厂商，主要客户有北京奔驰、北京现代、北汽、奥托立夫、大众、宝马等一线汽车厂商；,"https://www.zhaopin.com/jobdetail/CC537505680J40760610901.htm?refcode=4019&srccode=401901&preactionid=a7c1140f-c46c-45e5-b867-ab342d8bdc77"
4358,项目经理/主管,济宁-任城区,1-1.2万,三维海容(青岛)科技有限公司,"电气机械/电力设备,专用设备制造,建筑设备安装,医疗设备/器械",300-499人,,CCL1290054480J40484803506,工作内容：,7月25日,三维海容创建于2010年，公司集研发、生产、销售、施工及服务于一体，以“与你共创智慧医院”为理念，致力于为医院提供医用物品自动传输的专业解决方案，推动中国智慧医院建设发展。现已建成占地面积30000平方米的生产基地，进行产品自主生产，并于青岛西海岸自贸区设立营销基地，开展研发、销售、运营等工作。现公司旗下员工300余人，至今已获得专利证书近300项，产品遍布全国27个省市，为全国600多家医院提供医用物品自动传输服务。公司参与多项行业医用物流标准的制定，并荣获山东省瞪羚企业、山东省知名品牌、中国医院建设品牌服务企业匠心奖，中国医院建设十大金牌装备供应商等荣誉称号，是中国医疗行业最具品牌影响力的企业。产品覆盖了医院日常的洁物传输、污物回收，两大类别下又细分八种核心产品，洁物传输包括箱式物流传输系统、气动物流传输系统、标本物流传输系统、机器人物流传输系统、医用手供一体化仓储系统；污物回收包括桶式污物回收系统、机器人污物回收系统、负压管道式污物回收系统，已形成完整的医院多元智慧物流体系。,"https://www.zhaopin.com/jobdetail/CCL1290054480J40484803506.htm?refcode=4019&srccode=401901&preactionid=a7c1140f-c46c-45e5-b867-ab342d8bdc77"
4359,Java,大连-甘井子区,4000-7000元,大连高新园区仁源计算机软件开发有限公司,"计算机软件,电子商务",100-299人,未融资,CCL1468857000J40599587809,任职要求： 1.计算机/软件工程/信息管理等相关专业； 2.对软件开发有浓厚兴趣，学习能力强，学习意愿强，敢于承担工作压力； 3.工作态度端正，有责任感，组织性、纪律性强，学习意愿强，敢于承担工作压力； 4.英语cet4级相当或以上水平，有读写能力； 5.沟通能力好，有团队合作精神； 6.长期稳定在大连发展； 7.对JAVA/ web开发有概念，基础知识扎实，对前端和后端开发有一定了解。,5月20日,位于美丽海滨城市大连，自成立以来我们已经参与联合研发的I-RPA、智慧MES系统、智慧调度管理系统、工艺管理系统等已经实现了在生产环境的部署，并取得积极的评价。公司主要以自研开发和为各大企业提供后台系统管理业务为主，目前已经有超过30+国内外大型企业达成合作。从成立至今，我们已经成功申请超过 35项的软件著作权等相关知识产权。产品主要包括：智慧工业平台、I-MES、I-RPA、I-HR，我们研发的智分享人力资源平台(I-HR)已经在超过 3家的大中型人力资源公司进行了部署使用。研发的 I-RPA、智慧MES系统、指挥调度管理系统、工艺管理系统等已经实现了在生产环境的部署。,"https://www.zhaopin.com/jobdetail/CCL1468857000J40599587809.htm?refcode=4019&srccode=401901&preactionid=a7c1140f-c46c-45e5-b867-ab342d8bdc77"
4360,项目专员/助理,南京-建邺区,6000-7000元·13薪,上海外服江苏人力资源服务有限公司,"人力资源服务,人力资源服务",1000-9999人,已上市,CC238503680J40772261607,1.协助业务组客户经理按照项目上报要点完成上报材料的整理与系统录入，维护与更新客户信息 2.根据合同制作要点完成合同制作、合同审核及用印流程 3.收集包含合同在内的放款资料，按照审核要点进行要件核查，材料错漏短缺情况及时通知客户经理或经销商，积极跟踪，辅助业务投放 4.处理部门综合运营事务，严格把控资金管理， 及时提醒租金回收，并完成ukey复核、租金核销、发票寄送等 5.协助业务开展正常类项目回访，落实租后管理任务，协助完成租后变更事项，做好资产相关数据统计及分析,7月14日,"上海外服江苏人力资源服务有限公司，是在南京市外事服务有限公司人力资源业务服务的基础上(1987年成立)，于2005年12月由南京市外事服务公司和东浩兰生集团上海外服（集团）有限公司共同出资组建的专业从事人力资源服务的有限公司。我公司目前服务于来自100多个国家和地区的3,000余家公司，同时服务于约70,000余名在这些机构当中从事着管理、顾问、技术研发、市场、销售、人力资源、行政等不同工作的各国员工。服务涉及通讯、电子、汽车、石化、消费品等众多行业的精良客户群体，世界500强企业中100余家选用我们的服务。大客户包含：福特、华润、联通、ABB、港龙、五星电器等","https://www.zhaopin.com/jobdetail/CC238503680J40772261607.htm?refcode=4019&srccode=401901&preactionid=a7c1140f-c46c-45e5-b867-ab342d8bdc77"
4361,项目经理/主管,吉安-吉州区,9000-18000元,四川川贝科技有限公司,互联网,20-99人,不需要融资,CCL1462581080J40775052105,岗位内容： 1. 负责项目从立项到验收的全过程管理，确保项目按时交付、质量达标； 2. 制定项目计划和预算，并监督执行情况，及时解决项目中出现的问题； 3. 协调内部各部门资源，确保项目进度和质量； 4. 与客户沟通协调，及时反馈项目进展和问题。 任职要求： 1. 能独立承担项目管理任务； 2. 熟悉项目管理流程和项目管理工具； 3. 拥有良好的沟通、协调能力和团队合作精神； 4. 学历不限，相关专业优先考虑。,2025-07-27 01:13:20,四川川贝科技有限公司于2023年3月成立，公司位于四川省成都市，主要从事软件开发，网页开发，app小程序开发，公司致力于产业，切实推进与各大企业、厂家的合资、合作，用产业化发展的思路服务于社会和广大用户。,"https://www.zhaopin.com/jobdetail/CCL1462581080J40775052105.htm?refcode=4019&srccode=401901&preactionid=a7c1140f-c46c-45e5-b867-ab342d8bdc77"
4362,项目经理/主管,沧州-海兴县,6000-12000元,沧州金风企业管理咨询有限公司,企业服务,20人以下,未融资,CCL1477327690J40758094515,任职要求： 1. 具备优秀的项目管理和咨询能力，能够独立完成项目管理。 2. 具备较强的分析、沟通和协调能力，能够与客户和团队开展有效合作。 3. 人才需具备工程施工经验，具备一级、二级建造师。  4.为业主提供工程项目的施工全过程咨询服务。,10月17日,,"https://www.zhaopin.com/jobdetail/CCL1477327690J40758094515.htm?refcode=4019&srccode=401901&preactionid=a7c1140f-c46c-45e5-b867-ab342d8bdc77"
4363,项目经理/主管,广州-天河区,9000-12000元·13薪,广州白云山维一实业股份有限公司,"快速消费品,快速消费品,生物工程,美发/美容/保健",20-99人,不需要融资,CC839878350J40641975706,【岗位职责】 一、项目管理： 1.负责大健康产品科研项目的全流程管理，包括项目立项、科研方案制定、科研方案实施、进度跟踪、风险控制、结题验收等。 2.协调项目团队，确保项目按时、按质、按预算完成。 3.定期汇报项目进展，撰写项目报告，确保项目信息透明、准确。 二、跨部门协作： 1.与研发、市场、生产、质量等部门紧密合作，确保项目各环节顺利推进。 2.协调外部合作单位（如高校、科研机构、供应商等），确保资源有效整合。 三、文档管理： 1.负责项目相关文档的整理、归档和更新，确保项目资料的完整性和可追溯性。 2.撰写项目申报材料、结题报告等文件。 四、风险管理： 1.识别项目中的潜在风险，制定应对措施，确保项目顺利推进。 2.及时处理项目中的突发问题，确保项目进度不受影响。 五、政策与法规： 1.跟踪大健康行业相关政策、法规和标准，确保项目符合国家及行业要求。 2.协助项目团队进行知识产权管理，包括专利、商标等申请与维护。  【任职要求】 一、教育背景： 1.硕士及以上学历，生物医学工程、药学、食品科学、公共卫生、项目管理等相关专业优先。 二、工作经验： 1.相关专业应届毕业生或本科毕业且具备2年以上科研项目管理经验的优秀人才，有大健康产品（如保健品、医疗器械、功能性食品等）研发项目管理经验优先。 2.熟悉科研项目方案设计、实施，项目申报、实施、验收等流程。 三、技能要求： 1.具备较强的项目管理能力，熟悉项目管理工具（如 Microsoft Project、JIRA等）。 2.优秀的沟通协调能力，能够有效推动跨部门合作。 3.具备较强的文档撰写能力，能够撰写项目报告、申报材料等。 4.熟悉大健康行业相关法规、政策及标准。 四、其他要求： 1.具备较强的抗压能力，能够应对多任务并行的工作环境。 2.具备良好的团队合作精神，责任心强，工作细致认真。,2月17日,广州白云山维一实业股份有限公司于2018年11月7日正式注册成立，注册资金为1000万元人民币，是广州白云山拜迪生物医药有限公司（上海证券交易所和香港H股板块上市的广州白云山医药集团股份有限公司的子公司）的控股子公司，隶属于广州医药集团。广州白云山维一实业股份有限公司通过消费者需求汇集为导向的C2B2M模式，集研究、开发、生产、营销为一体，利用“白云山维一大健康JIT供应链管理平台”实现新生态关系和供应链的改造，致力于打造全人类健康管理服务供应链平台。,"https://www.zhaopin.com/jobdetail/CC839878350J40641975706.htm?refcode=4019&srccode=401901&preactionid=a7c1140f-c46c-45e5-b867-ab342d8bdc77"
4364,项目经理/主管,上海-嘉定区,1-1.5万,宣城托新精密科技有限公司,汽车零部件,500-999人,不需要融资,CC634235780J40631352011,海外留学经历 1、负责海外项目从启动到投产整个过程的总协调，主导前期可行性分析，开发过程中的问题点汇总和改善，与客户和供应商保持联络，及时获取信息，确保项目按时通过客户认可程序，致力于客户满意  2、负责制定项目整体进度规划，主导项目组各项工作并协调公司内各方面资源，确保项目严格按照APQP流程开发并按要求做好相关开发记录 3、根据项目实施的实际情况和进度要求，及时与客户、供应商和公司内各有关部门沟通、协调，并及时更新、调整工作计划  4、产品投产后，负责总结项目组工作的经验和教训，并将工作移交至负责日常生产的相关部门 5、认真执行公司和部门的决议和部署，努力完成领导下达的各项任务和指标；,6月23日,上海托新实业有限公司2012年成立于上海，目前员工700人，是一家中高档汽车内外饰设计、研发、制造、装配、销售为一体的零部件制造企业，安徽宣城与扬州高邮均设有制造型工厂，力致于打造智能制造、科技型现代化一流工厂；同时托新在美国底特律、德国斯图加特均设有分公司，主要服务于海外市场海外客户的前期项目研发及销售。托新已与一汽大众、上海大众、美国通用（GM）、长安福特、捷豹路虎等各大主机厂成为长期战略合作伙伴。托新的主要产品工艺包括模具设计与制造、精密注塑、PVD、电镀、喷涂、装配及金属饰件等。,"https://www.zhaopin.com/jobdetail/CC634235780J40631352011.htm?refcode=4019&srccode=401901&preactionid=a7c1140f-c46c-45e5-b867-ab342d8bdc77"
4365,项目经理/主管,广州-天河区,9000-12000元·13薪,广州白云山维一实业股份有限公司,"快速消费品,快速消费品,生物工程,美发/美容/保健",20-99人,不需要融资,CC839878350J40641975706,【岗位职责】 一、项目管理： 1.负责大健康产品科研项目的全流程管理，包括项目立项、科研方案制定、科研方案实施、进度跟踪、风险控制、结题验收等。 2.协调项目团队，确保项目按时、按质、按预算完成。 3.定期汇报项目进展，撰写项目报告，确保项目信息透明、准确。 二、跨部门协作： 1.与研发、市场、生产、质量等部门紧密合作，确保项目各环节顺利推进。 2.协调外部合作单位（如高校、科研机构、供应商等），确保资源有效整合。 三、文档管理： 1.负责项目相关文档的整理、归档和更新，确保项目资料的完整性和可追溯性。 2.撰写项目申报材料、结题报告等文件。 四、风险管理： 1.识别项目中的潜在风险，制定应对措施，确保项目顺利推进。 2.及时处理项目中的突发问题，确保项目进度不受影响。 五、政策与法规： 1.跟踪大健康行业相关政策、法规和标准，确保项目符合国家及行业要求。 2.协助项目团队进行知识产权管理，包括专利、商标等申请与维护。  【任职要求】 一、教育背景： 1.硕士及以上学历，生物医学工程、药学、食品科学、公共卫生、项目管理等相关专业优先。 二、工作经验： 1.相关专业应届毕业生或本科毕业且具备2年以上科研项目管理经验的优秀人才，有大健康产品（如保健品、医疗器械、功能性食品等）研发项目管理经验优先。 2.熟悉科研项目方案设计、实施，项目申报、实施、验收等流程。 三、技能要求： 1.具备较强的项目管理能力，熟悉项目管理工具（如 Microsoft Project、JIRA等）。 2.优秀的沟通协调能力，能够有效推动跨部门合作。 3.具备较强的文档撰写能力，能够撰写项目报告、申报材料等。 4.熟悉大健康行业相关法规、政策及标准。 四、其他要求： 1.具备较强的抗压能力，能够应对多任务并行的工作环境。 2.具备良好的团队合作精神，责任心强，工作细致认真。,2月17日,广州白云山维一实业股份有限公司于2018年11月7日正式注册成立，注册资金为1000万元人民币，是广州白云山拜迪生物医药有限公司（上海证券交易所和香港H股板块上市的广州白云山医药集团股份有限公司的子公司）的控股子公司，隶属于广州医药集团。广州白云山维一实业股份有限公司通过消费者需求汇集为导向的C2B2M模式，集研究、开发、生产、营销为一体，利用“白云山维一大健康JIT供应链管理平台”实现新生态关系和供应链的改造，致力于打造全人类健康管理服务供应链平台。,"https://www.zhaopin.com/jobdetail/CC839878350J40641975706.htm?refcode=4019&srccode=401901&preactionid=a7c1140f-c46c-45e5-b867-ab342d8bdc77"
4366,项目专员/助理,西安-长安区,5000-8000元,艾默生科技资源,专业技术服务,500-999人,,CC145666790J40772025402,工作职责 1、高效执行客户现场服务，准备并提交现场服务报告及工时单供客户签批。服务范围包括系统故障排查、升级、启机调试、维护及应用程序开发。 2、依据项目管理办公室（PMO）流程执行系统扩展/升级项目。 3、为客户提供现场系统操作/维护培训支持。 4、响应技术呼叫支持请求并及时跟踪闭环；协同全球服务中心（GSC）升级未决系统问题，追踪解决方案及根本原因；必要时为销售团队提供技术澄清支持；挖掘销售机会，维护与责任客户的紧密关系。 5、推广DeltaV Guardian/Foundation支持活动，提升客户对此增值服务功能的理解与应用。 6、主动学习产品技术知识并通过服务资质认证；跟踪最新系统版本及新产品知识。 7、持续学习知识库文章（KBA）中的产品应用知识，并与团队成员分享经验。 8、支持部件故障测试及保修更换流程。 9、完成主管/经理分配的其他工作。 基本要求 1、工业自动化/过程控制工程学士学位。 2、有DCS/PLC工程、服务及维护经验优先。 3、扎实的过程自动化产品技术知识，具备DeltaV BPCS/SIS经验者优先。 4、流利的中英文口语及书面能力（如：大学英语六级CET-6）。 5、愿意接受国内外出差安排，包括紧急服务的临时派遣。 6、高度主动性及良好沟通能力，恪守团队合作精神。 7、熟练的计算机操作能力。 8、能够在最小监督下独立工作并处理多任务，且具备相应意愿。 9、具备IT背景，了解虚拟化平台、域、活动目录及Windows运维、SQL数据库。 10、具有Windows与DCS平台集成经验，具备IT/OT融合知识者优先。 11、具备使用VB、C/C++、Java、Python等语言开发接口的经验者优先,7月15日,"艾默生科技资源（西安）有限公司美国艾默生电气公司（以下简称 Emerson，美国纽约证券交易所代码: EMR)是技术与工程领域的全球领袖，在商业、工业和消费者市场中，为全世界的客户开发并提供创新的解决方案。成立于1890年的 Emerson，总部在美国密苏里州圣路易斯市。拥有 60多家业务单元，在 150多个国家设有 235家生产设施。Emerson通过网络能源、过程管理、工业自动化、环境优化技术、及商住解决方案五大业务，为全球工业、商业及消费者市场的客户提供创新性的解决方案。2012财年销售额达到 244亿美元。 Emerson长期排名《财富》美国和全球 500强企业行列，荣获《财富》全美最受赞赏企业之一，更在电子行业中名列第三。2012年，艾默生凭借其对创新的承诺、创想的保护及发明专利的商业化，获得由汤森路透评选的 2012年全球创新企业 100强殊荣。从 2008至 2012年，范大为（David N. Farr）连续五年被美国《机构投资者》杂志评为“全美最佳首席执行官”。艾默生科技资源（西安）有限公司是艾默生在中国西安投资组建的全资子公司，公司位于西安高新技术产业开发区。艾默生科技资源（西安）有限公司的宗旨是使用先进商业技术和现代管理理念及方法提供共享业务平台，并为有关业务产品在中国及世界市场上取得在质量、成本和效率方面具有竞争力的地位。公司应采用适用的先进技术和管理方法结合投资者的实力，提高经济效率和为投资者带来满意的经济利益。 EMERSON(NYSE: EMR), is a global technology and engineering leader in developing and delivering innovative solutions for customers worldwide for commercial, industrial and consumer markets. Founded in St. Louis, Missouri, USA in 1890, with more than 60 business units around the world, Emerson operates in 235 manufacturing locations worldwide and markets its products in over 150 countries. Emerson provides innovative solutions for customers in industrial, commercial, and consumer markets through its network power, process management, industrial automation, climate technologies, and commercial& residential solutions businesses. Sales in fiscal 2012 amounted to US$24.4 billion. Emerson consistently ranks as one of the largest corporations in the Global 500 and US 500 lists by Fortune magazine. It is also recognized as one of the“World’s Most Admired Companies” by Fortune, coming third in the electronics industry category. In 2012, Emerson is recognized as one of the“Top 100 Global Innovators” by Thomson Reuters for its commitment to innovation, protection of ideas and commercialization of invention. David N. Farr was ranked among the best CEOs in America by Institutional Investor magazine for five consecutive years from 2008 to 2012.Emerson eResource(Xi’an) Co., Ltd. is a wholly owned American corporation, a subsidiary of Emerson that it’s invested& established in Xi’an. The purpose of the Company is to use advanced commercial technology and modern management concepts and methods to provide Shared Business Platform and to gain a competitive position in cost, quality and efficiency. The company shall adopt applicable advanced technology and management methods in order to increase the economic efficiency and generate satisfactoryeconomic benefits.公司邮箱：hr.xian@emerson.com公司地址：西安市高新区锦业一路34号西安软件园研发大厦H座5层","https://www.zhaopin.com/jobdetail/CC145666790J40772025402.htm?refcode=4019&srccode=401901&preactionid=a7c1140f-c46c-45e5-b867-ab342d8bdc77"
4367,项目经理/主管,连云港-海州区,6000-10000元,上海擎浩医院管理有限公司南京分公司,"卫生服务,卫生服务",1000-9999人,未融资,CC239981220J40787199913,岗位职责： 1、主持辖区内护工管理工作，积极配合运营部布置各项工作； 2、拟订辖区工作计划，月工作重点，周工作安排，并组织实施； 3、根据病人特需，合理安排护理员上岗，完成辖区内开单、结算等基础工作； 4、辖区内护理员的招聘、调配、技能带教及日常管理； 5、辖区内护理员陪护质量检查； 6、辖区内客户、护士台的关系维护，包括收集客户需求，处理客户或护士台投诉，配合护士台要求对护理员进行管理等； 7、安全隐患和护理不良事件的及时上报，并进行汇总、分析及措施整改。 任职要求： 1、大专以上学历，年龄35-55岁间； 2、具备较好的沟通和协调能力； 3、工作责任心强，有较强的抗压能力； 4、有护士长工作经验(退休人员亦可)或具备医院、护理院等服务性行业项目管理经验者优先。,6月27日,上海擎浩医院管理有限公司成立于2003年，是一家业内公认的专业陪护服务企业，也是拥有国内最大自主知识产权的陪护平台。公司愿景为：做中国专业、优质的护理服务产业公司。目前，公司业务分布上海、北京、江苏、浙江、山东、安徽、湖北、广东、四川、重庆等多个省、市（直辖），为数百家医院（其中三甲医院占一半以上）和数千万家庭提供了生活护理服务。在护理配套服务行业中有着良好的社会美誉和市场口碑。公司员工由具有丰富经验的具备中高级专业技术职称的管理人员和掌握医疗护理服务内涵和流程的专业人员组成；他们谙熟医疗护理服务的各项管理流程，管理精准，持续创新，致力推动“擎浩”快速走上规范化、专业化发展道路。公司长期和职业技能培训学校进行校企合作，每年培训人次达10万人次以上，培养和选拔了一批批应用型、技能型照护人才队伍，为服务医院高质量发展、服务政府、服务社区、服务百姓提供了坚实的技能人才支撑。目前公司已拥有一批稳定的专科护理员队伍和优秀的星级护理员队伍。经过20年的奋斗，上海擎浩医院管理有限公司以其专业化团队和优良的人力资源体系、信息化体系、培训体系、质控体系凸显出自身的特色和优势。未来，公司将持续以其标准化、规范化、智能化、品质化的服务和管理守正创新、锐意进取，不断推动公司向前发展。上海擎浩南京分公司成立于2008年，目前已与40多家医院建立了合作关系。公司致力于各类护理服务，除了院内服务外，陆续开展了社区护理站、护士上门、居家养老、养老机构和日间照料中心托管等业务，并在国内率先通过“病患陪护及质控管理”ISO9001质量体系认证。公司注重企业文化建设，重合作守信用，积极营造和谐的劳动关系，并获得江苏省家庭服务业百强单位、南京市和谐劳动关系示范企业等荣誉。,"https://www.zhaopin.com/jobdetail/CC239981220J40787199913.htm?refcode=4019&srccode=401901&preactionid=a7c1140f-c46c-45e5-b867-ab342d8bdc77"
4368,项目专员/助理,长沙-岳麓区,5000-8000元,湖南时代基因医学检验技术有限公司,"卫生服务,检测/认证",20-99人,A轮,CC660163530J40802123503,工作地点：岳阳临湘市 负责区域：临湘医疗集团 岗位职责： 1、负责临湘市政企合作项目-精准医疗高血压达标示范工程 2、推动协调项目管理，维护客勤，提高送检样本量； 任职要求： 1、具备良好的沟通能力和亲和力； 2、能够独立操作，具有较强的市场分析能力； 3、积极主动，对有挑战性的工作有高度的热情； 4、大专及以上学历，熟悉医疗系统；有医院或卫生院工作经验者优先考虑； 薪酬待遇：全职：4-6K+提成+补贴+奖金；兼职按样本量结算费用； 工作时间：周末双休、法定节假日正常休假,7月14日,湖南时代基因医学检验技术有限公司是国家级高新技术企业，创立于2016年5月，位于湖南省长沙市高新技术产业开发区，注册资本1500万元人民币。公司下设长沙时代基因医学检验实验室，建有1300平米的标准化实验室，设置有临床细胞分子遗传学、临床免疫、血清学专业，建有二代测序平台、一代测序平台、荧光定量PCR(qPCR)平台、荧光原位杂交（FISH）平台、循环肿瘤细胞(CTC)平台等先进技术平台。公司目前主营业务为针对重大慢性疾病的临床个性化用药医学检验服务与科研服务、转化医学服务，以客户健康价值最大化为目标，打造基因医学产业链，发展精准医疗事业。,"https://www.zhaopin.com/jobdetail/CC660163530J40802123503.htm?refcode=4019&srccode=401901&preactionid=a7c1140f-c46c-45e5-b867-ab342d8bdc77"
4369,项目专员/助理,沈阳-于洪区,5000-7000元,沈阳航科瑞祥科技有限公司,"船舶/航空/航天/火车制造,计算机软件,计算机硬件,电子/半导体/集成电路",20-99人,未融资,CC823217960J40641357801,"1. 协助进行产品研发：参与新产品或系统的设计和开发过程，并提供必要的技术支持。 2. 进行测试：一是对来料进行测试，二是根据研发需求，对研发项目部件或整机进行测试，收集数据并分析结果。 3. 参与现场调试：配合其他团队成员，在客户现场对设备进行安装调试，并解决可能出现的问题。 4. 编写文档报告：撰写相应文件如工艺文件、测试结果、操作手册、用户指南等；记录关键事件及其解决方案，并编制汇报给上级领导。 5. 提供售后服务支持: 解答客户咨询, 处理投诉反馈, 并跟踪处理流程直至问题得到彻底解决. 6.积极学习专业知识: 关注最新科技动态, 学习公司所用软件/硬件平台. 三：任职资格 1.本科以上学历（电子工程、计算机科学或相关专业）。 2.具备良好的沟通能力和团队合作精神，有较强的问题解决能力。 3.熟悉电子产品设计与开发流程，并掌握至少一种编程语言（如C、C++等）。 4. 具备实验室测试技巧及仪器使用经验者优先考虑。",4月28日,我公司是一家以沈阳飞机设计研究所为依托，以面向总线及航空电子系统设计、产品开发、集成及仿真测试为主要业务的高科技的专业技术公司。公司的主要技术力量大部分来自航空、航天行业中的专业技术人员和专家，有着深厚的专业背景、丰富的实践工程经验和扎实的技术实力。公司的主要成员先后开发过国家多个重点飞机型号的航空电子系统。在MIL-STD-1553B、ARINC429、RS422总线技术方面，公司处于国内领先水平。公司自行研制的规范化、通用化1553B、ARINC429、RS422总线仿真/测试系统更是处于国内外同类产品的领先地位，具有跨行业、跨型号、跨专业、操作简单、使用方便、不用二次开发的特点，可以广泛地应用到航空、航天、船舶等1553B、ARINC429、RS422总线系统中，完成总线系统及其分系统总线数据的设计、仿真与测试。,"https://www.zhaopin.com/jobdetail/CC823217960J40641357801.htm?refcode=4019&srccode=401901&preactionid=a7c1140f-c46c-45e5-b867-ab342d8bdc77"
4370,Java,杭州-滨江区,1.1-2.2万,外企德科数字技术有限公司,专业技术服务,10000人以上,,CCL1480117890J40781013705,"岗位要求: 1、统招本科及以上学历，双证齐全(学信网可查） 2、掌据C/C++/Java/python/Go/JS一种或多种编程语言，热爱编程 3、掌握常用的数据结构、数据算法 岗位优势： ①大厂市场领先且稳定的薪酬福利收入(根据面试能力评价等定级定薪) ②个人编程能力的快速学习提升(导师6个月带教) ③行业前沿的技术框架(不用担心未来如果换工作技术框架不适用) ④行业领先的产品研发项目管理流程、编码规范培训、纯粹的工程师氛围(您要相信，和优秀的人一起工作，您也必定变得更优秀) 备注： 1、所有部门均可看个人意愿进行选择 2、主要地点:(东莞、深圳、杭州、西安，苏州、上海，武汉，成都、南京、北京)十大研究所。 3、全程流程随时跟进可查,一个部门不满意可转推不同部门，资/综面不过可随时更换部门，技术面统一沿用。 公司福利: 1.入职即缴纳五险一金+商业险，全额缴纳社保及公积金 2.一年数次考评，薪资、职级可上浮 3.带薪年假5-15天 4.免费夜宵，城际班车，舒适的办公环境 5.免费健身房，各种娱乐活动(可自行选择是否参加，不参加就早点下班哦）",2025-07-27 00:25:06,外企德科数字技术有限公司是一家2023年新成立的中外合资企业。成立于2023年11月24日，公司定位：专注于为信息技术企业提供人才及数字技术外包解决方案的中外合资企业。它是由中国人力资源服务行业的FESCO（北京国际人力资本集团）与全球人力资源服务领导者The Adecco Group（德科集团）合资成立的。公司主要提供网络技术服务、软件外包服务、计算机系统服务、技术进出口、软件开发等信息技术相关服务。专注于为信息技术企业提供信息技术类人才及数字技术外包解决方案。,"https://www.zhaopin.com/jobdetail/CCL1480117890J40781013705.htm?refcode=4019&srccode=401901&preactionid=a7c1140f-c46c-45e5-b867-ab342d8bdc77"
4371,项目专员/助理,杭州-西湖区,100-120元/天,浙江国际招投标有限公司,"专业技术服务,工程技术与设计服务",20-99人,,CCL1391004200J40401683112,岗位职责： 1、协助项目负责人执行招标代理业务流程各项工作，包括文件制作、文件资料提交报送、专家抽取与联络、开评标会务工作、在行业专业网站完成规定操作、合同备案、收退保证金、费用报销等事务性工作。 2、招标代理项目的资料收集整理、移交归档等资料管理工作。 3、积极配合部门业务操作过程中的辅助事务，完成领导交办的其他工作。 基本要求： 1、在校本科大学生（接受大三和大四年级在校生），如是造价专业可放宽到大专。  2、良好的沟通协调能力；具有一定的文字编写能力；做事认真仔细、责任心强，诚实有团队精神；熟练运用各类办公软件。  实习期待遇：    1、实习期间公司将支付生活补贴，补贴金额面议。；    2、实习期间表现优异的，根据所在部门提议，公司将给予一定奖励补贴；    3、为每位实习生购买实习期间团体意外险；    4、实习期结束，经考察合格后可优先转正留用。,2月14日,浙江国际招投标有限公司是浙江省内规模较大的国有全资综合性招标代理机构之一。公司于1992年由中国机电设备招标中心和浙江省计划经济委员会批准成立，并于次年被列为全国招标代理试点单位，是浙江省较早从事招投标代理业务的专业机构之一。1993年在浙江省工商行政管理局登记注册，注册资金为1008万元人民币。公司位于浙江省杭州市文三路90号东部软件园1号楼3楼，现为浙江省经济和信息化厅厅属事业单位浙江省技术创新服务中心下属全资国有企业。公司具有完善的独立办公场地，设有开标大厅3间、评标室10间，配备档案室、手机保管室、样品室和机房等。开标大厅、评标室均设有监控录像、投影设备和先进的网络AP。公司专门从事政府机关、学校、医院、科研院所、国有企业等各类企事业单位的货物、工程、服务招标采购代理服务，覆盖机械、电子、冶金、纺织、轻工、包装、食品、交通、市政、化工、医药、建材、能源电力、楼宇设备、医疗卫生器械及科技创新等领域。公司始终遵循公开、公平、公正和诚实守信的原则，先后顺利组织实施招标项目上万余项。在业务操作方面始终坚持“一流品质、诚信服务、合作创新、追求卓越”的质量方针，以加强内部管理、提升操作质量为基础，以国家法律法规及相关管理部门规章、条例为准绳，以满足用户需要、维护各方权益为己任，在全体员工的不懈努力下，公司的招标代理服务质量在业界留下了良好的口碑。公司在推进转型发展的实践中总结摸索出符合自身发展的新理念、新思路和新做法，不断提升核心竞争力和可持续发展能力，引导员工积极开拓、勇于创新、顽强拼搏、乐于奉献，着力打造行业领先的综合招标代理服务机构。,"https://www.zhaopin.com/jobdetail/CCL1391004200J40401683112.htm?refcode=4019&srccode=401901&preactionid=a7c1140f-c46c-45e5-b867-ab342d8bdc77"
4372,实施工程师,苏州-太仓市,5000-8000元·13薪,江苏云幕智造科技有限公司,"工业自动化,工业自动化",20-99人,天使轮,CCL1343018850J40715366110,岗位职责： 1. 负责机器人项目现场的部署工作，包括设备安装、系统调试、网络配置等，确保项目按时交付并正常运行。 2. 与客户进行密切沟通，了解客户需求和期望，及时解决客户在项目实施过程中提出的问题和意见，提高客户满意度。 3. 制定项目部署计划和实施方案，合理安排资源，确保项目实施过程的顺利进行。 4. 对项目实施过程中的技术问题进行分析和解决，及时反馈给研发团队，为人形机器人的优化和升级提供依据。 5. 编写项目部署报告和用户使用手册，对项目实施过程和结果进行总结和记录，为后续项目提供参考。 任职要求： 6. 计算机科学与技术、通信工程、电子信息工程等相关专业，熟悉项目部署流程和方法，具备一定的项目管理知识。 7. 具备良好的沟通能力和客户服务意识，能够与客户进行有效的沟通和协调，解决客户问题。 8. 具备较强的问题解决能力和应变能力，能够在面对复杂的技术问题和突发情况时迅速做出决策，保障项目的顺利进行。 9. 具备良好的团队协作精神，能够与研发、测试、售后等团队进行有效的沟通和协作。,7月21日,江苏云幕智造科技有限公司成立于2020年5月，是一家致力于机器人设计、机器人服务与应用的高科技公司。核心团队来自西北工业大学和航天八院在西安、太仓、上海均设有运营和研发团队设计、研制四足腿式/轮腿结合式、双足类人、以及移动式单臂/双臂协作复合机器人等，并开发面向行业的物流、工业操作、巡检、安防、辅助与服务等应用，打造人机共融的工作与社会生活应用愿景。利用精确操控协同算法、机器视觉图像识别与运动估计，实现面向任务的智能空间操作算法，形成无人平台通用运动与操作系统，为工业4.0智能制造与行业应用提供核心能力保障。目前多款机器人产品已经定型、并且已经布局供应产业链，即将开始小批量产与行业业务应用。,"https://www.zhaopin.com/jobdetail/CCL1343018850J40715366110.htm?refcode=4019&srccode=401901&preactionid=a7c1140f-c46c-45e5-b867-ab342d8bdc77"
4373,项目专员/助理,石家庄-新华区,150-200元/天,智联招聘,"互联网,企业服务",1000-9999人,未融资,CC120019970J40816572303,岗位职责：  1、负责校园宣讲及笔试面试测评项目的前期准备及落地执行；   2、协助梳理相关案例、归档和项目资料整理；   3、与企业、面试官及候选人保持良好的沟通，及时获取并准确，有效的传递双方的反馈信息；   4、完成项目经理指派的其他相关项目工作。   ,7月23日,我们等你很久啦！来吧来吧，你有必要重新认识我除了找工作想到我，你有没有想过来智联工作？作为“90”后的一员，智联成立于1994年，经历了从招聘服务商到职业发展平台，再到构建人才生态的自我成长，过程中积累了庞大的B/C端用户规模，依托成熟的3的三次方产品模型，不断在智能时代精进算法，并通过视频、语音技术在生态中的渗透不断开辟行业新业态。历经数十载专业深耕，智联招聘业务已覆盖企业和职场人的全周期，目前拥有35家分公司，3.21亿职场人用户，累计合作企业数达1176万+。感受有温度的品牌服务·网络招聘：超全面、超丰富的工作机会，更有视频直播招聘活动，足不出户，求职招聘“视频见”。·智联校园：陪伴你从青葱校园迈向专业职场，见证你的成长。·智联海外：让你和你的企业与世界接轨，international～·智联卓聘：专注中高端，优秀的企业需要优秀的人儿。·智联RPO：专属猎头定制服务，只为每个独一无二的你。·人才测评：帮你更好地了解自己，指明你的职场方向。·智联教育：前行的路上给自己“加个油”。·外包服务：一切交给我们，你只管当boss。我们能带给你：大平台工作经验，highlight你的个人履历·工作氛围超nice，能力提升UP UP UP·绩效奖金拿到手软，每一分付出都能看见回报；入职即享六险一金，每年奉上豪华体检福利，为披荆斩棘的你保驾护航·灵活的考勤规则，让工作节奏更自由·周末双休，节假日福利礼品不断；你的小确幸我们承包了·专业大咖定期培训和交流，享受独家学习资源·超嗨团建，零食投喂，冬天里的第一杯奶茶……一起开黑吧我们期待驰骋行业多年身经百战的你；初出茅庐充满干劲的你；寻求转型渴望突破的你；乐观善良，自驱创新——是你的关键词；你关注美好的世界，我们关注你的美好；让千里马和伯乐，不再千载难逢。智联招聘，更懂你的价值！智联的明天，由你创造！,"https://www.zhaopin.com/jobdetail/CC120019970J40816572303.htm?refcode=4019&srccode=401901&preactionid=a7c1140f-c46c-45e5-b867-ab342d8bdc77"
4374,项目专员/助理,成都-金牛区,4000-6000元,成都梧桐天成电子科技有限公司,"运营商/增值服务,互联网",1000-9999人,未融资,CCL1395720330J40704829008,我们是一个电商平台售后岗位  接受无任何工作经验的，（公司带薪培训）  岗位职责：电脑上面办公，工作简单易上手,6月18日,梧桐天成隶属于世纪天语旗下。成都世纪天语科技有限公司是国内领先的呼叫中心专业服务提供商。成都世纪天语科技有限公司是一家由具有成熟的、多行业的呼叫中心项目运营管理经验的业内专家组建的呼叫中心运营管理外包公司。在呼叫中心业界具有很好的口碑和品牌形象，具有广泛及深厚的客户资源。世纪天语与国内优秀的通信企业进行战略合作，共同为中国乃至全球外包呼叫客户提供更专业的服务，促进与合作伙伴的品牌和服务在中国外包市场中的影响力和渗透力。,"https://www.zhaopin.com/jobdetail/CCL1395720330J40704829008.htm?refcode=4019&srccode=401901&preactionid=a7c1140f-c46c-45e5-b867-ab342d8bdc77"
4375,技术支持工程师,北京-海淀区,8000-12000元·18薪,施比雅克贸易(上海)有限公司,"运营商/增值服务,电子/半导体/集成电路,通信/网络设备",20-99人,,CC306782010J40641896114,工程师类工作倾向：,12月24日,"施比雅克贸易(上海)有限公司为台湾耀登科技集团于2009年11月在中国上海投资设立的旗下子公司。耀登科技股份有限公司1980年成立于台湾省桃园县，公司主要产品为各式天线及无线射频产品的研发与制造生产，发展迄今除桃园厂之外亦在中国昆山设立了耀登电通公司，并在台湾桃园与上海投资设立了无线射频与电磁兼容标准测试实验室。也正因为在无线射频相关产品的研发测试需求，于2000年耀登科技与瑞士SPEAG公司签订代理合同，正式取得SPEAG的产品的大中国地区代理权。耀登科技股份有限公司目前于大陆及台湾员工有260余人，其中其中仪器设备销售部则是负责大中国地区的仪器设备销售业务，2004年起于上海浦东张江高科技园设有办事处并有专职业务及设备维护工程师常驻于上海以方便服务客户，2009年为能提供大陆地区客户更优质的服务耀登集团以海外投资的方式于上海浦东张江高科技园区投资成立了施比雅克贸易(上海)有限公司Auden Techno Corp.施比雅克贸易(上海)有限公司除原有耀登科技仪器设备销售部门的员工之外更增加了大陆地区的人员编制，依据销售的产品类别增加了设备硬件工程师以及仿真软件应用工程师等专职人员，并计划于2010年成立北京及深圳服务据点。施比雅克贸易(上海)有限公司主要销售之产品为SPEAG公司所研究发展的各式电磁射频量测系统、人体电磁波吸收比量测系统（SAR）与电磁相关仿真软件，韩国A-Plustech. OTA射频效率量测暗室,以及西班牙AT4一致性测试系统等产品。目前也正积极洽谈国外先进优良的其它设备，以期能达到提供客户全套式量测设备解决方案。","https://www.zhaopin.com/jobdetail/CC306782010J40641896114.htm?refcode=4019&srccode=401901&preactionid=a7c1140f-c46c-45e5-b867-ab342d8bdc77"
4376,硬件测试,郑州-金水区,4000-6000元,阿尔泰科技,"仪器仪表制造,仪器仪表制造,工业自动化",100-299人,未融资,CC135851050J40760207411,主要招录应届毕业生内部培养，非电子信息，自动化、测控及相关专业勿投! 公司注重人才，任人唯贤，一经录用，待遇优厚，资面谈! 岗位职责: 1、负责自研产品硬件测试，比如CPU的功能测试、产品性能测试、接口测试、兼容性测试、串口测试等。 2、做故障原因分析，填写测试报告。 3、进行硬件配套上位机功能测试。 4、产品相关电子方面技术资料的收集、汇总、归档。 任职要求: 1、大专及以上学历，电子信息，测控及相关专业，有良好的协作意识，优秀应届毕业生可放宽条件; 2、熟悉模电、数电，有简单电路分析能力;熟练操作计算机，计算机基础知识扎实，了解电子电路知识; 3、熟练掌握电源、万用表、示波器、信号发生器等测试仪器的使用方法和维修焊接技术; 4、有良好的英语阅读能力; 5、熟悉各类总线(PCI，PCIE，PXI，PXIE等)者，优先录取。,7月21日,阿尔泰科技成立于1999年，是一家专业从事测控产品研发、生产、销售和服务的公司。自主研发的产品包括多种总线数据采集板卡、分布式采集模块、无线通讯数传采集模块、运动控制卡、测控机箱及测控系统、控制器、无风扇工业电脑、工业平板电脑、工业主板等。企业通过了ISO9001：2016质量体系，9001B-2009军工质量管理体系，CE欧盟质量体系、FCC体系，产品被广泛应用于环境、电力、通讯、航天、军工等领域。阿尔泰科技于2017年在石家庄扩建了生产基地，坐落于美丽的河北省鹿泉经济开发区，占用面积1000多平方米。地理位置优越，交通便利。基地主要加工生产本公司自主研发的产品，同时也接收外来产品的加工，石家庄生产基地延续了阿尔泰科技的质量管理体系，以服务共赢作为公司的经营理念。研发能力阿尔泰科技自1999年成立以来，一直致力于为客户提供优质的产品和服务，与各军工单位、科研院所等行业机构具有长期稳定的合作关系，能持续不断地获取行业新技术，完善自主知识产权产品的研发，为客户提供优秀的服务。公司设立了石家庄、成都、西安三个研发分公司，团队中有一批具有十年以上自动化行业研究与产品开发经验的工程师，是一支优秀的研发团队。同时，阿尔泰从用户多样化的需求出发，不断探索，为客户提供一系列增值服务，包括产品定制，固有产品改版、生产测试服务、软件设计、结构设计、PCB设计焊接调试等服务。生产能力生产基地坐落于风景秀丽的北京市平谷区，有大型回流焊机、全自动贴片机器、全自动丝印机、光学自动检测仪（AOI）等现代化设备，具备规划化、标准化、系统化的生产和管理水平。服务网络目前，阿尔泰科技有北京、西安、成都、南京、深圳、长春六家分公司，沈阳、哈尔滨、天津、石家庄、济南、郑州、合肥、武汉、上海、长沙、贵阳等十二家办事处，多地有服务网络。,"https://www.zhaopin.com/jobdetail/CC135851050J40760207411.htm?refcode=4019&srccode=401901&preactionid=a7c1140f-c46c-45e5-b867-ab342d8bdc77"
4377,项目专员/助理,深圳-南山区,7000-8000元,深圳市科德环保科技有限公司,环保,20-99人,,CC281379310J40794363703,岗位职责 1.负责工程项目的全过程管理， 能适应工地高强度工作，包括施工进度、质量、安全； 2.擅长与业主、总包方、监理等多方单位的沟通工作，确保项目高效推进； 3.灵活处理现场突发问题； 4.定期向上级汇报项目进展及风险点； 任职要求： 1.3年以上工程现场管理经验（土木/机电/装修类项目优先） 2.精通CAD等工程软件，熟悉施工规范及报验流程 3.接受项目现场办公 加分项： 1.有政府/企事业单位小型项目对接经验 2.能适应短期出差及弹性工作时间 公司福利    薪资调整：1.每年会有一至两次调薪；2.每工作一年，增加100元岗位工资；    年底奖金：年底奖金为1~5个月基本工资，视公司盈利情况和个人能力来定；    培训机制：完善的培训资料和培训会，包括外部展会和外部培训；    生活补贴：根据不同岗位，补贴通讯费50~100元/月；    法定假期：全体员工享受有法定节假日、年假等福利；    保险福利：购买五险一金，生日福利，节假日福利，入职一年后由带薪年假；    春节福利：工作满一年报销单程火车票或高铁二等座，工作满两年报销双程火车票或高铁二等座；    旅游福利：每年会组织团建旅行，提高凝聚力，看公司情况，会组织省内外旅游，老员工可以免费带家属（具体见员工手册）；    其他福利：公司组建足球俱乐部，足球队为会员制，人员为业内企业、地产、设计院等，公司员工优先加入。    ,5月27日,深圳市科德环保科技有限公司成立于2002年，是一家集环保工程和设备的技术研发、设计、施工、运营管理、售后服务及建设项目环保审批代办和咨询为一体的高科技环保企业。公司拥有深圳市人居环境委员会颁发的环境保护工程项目承接资格证书：废气工程/甲级、废水工程/乙级、噪声工程/甲级；获得广东省环境污染治理资格行业认定资质（废气乙级、废水乙级、噪声与振动乙级）；并于2013年通过质量管理体系认证；为中国声学声学会、广东省环境保护产业协会、深圳市环境保护产业协会、惠州市环境保护产业协会等单位的常务理事/会员。公司拥有独立自主的大气研发室和声学研发室，同时还与国内多个研究机构、一流企业、高校等建立了良好的技术合作关系，就大气及声学领域的新技术、新产品、新标准共同进行探讨和研发。科德环保公司在大气领域具有丰富的VOC有机废气、恶臭废气、酸碱废气等各类大气污染治理工程设计施工和运营管理经验，特别是在针对涂料、涂装、家具、电子、医药、印刷等行业生产的挥发性有机物治理所采用的“吸附浓缩＋催化燃烧（RCCO）”、蓄热式催化燃烧（RCO）、“蓄热式直接燃烧（RTO）”“高能离子净化”和“UV光触媒净化”等处理工艺为目前国内领先技术。科德环保公司旗下的深圳市科德声学技术有限公司创立于2012年，是一家从事噪声控制产品研发、制造、技术咨询、工程设计、工程施工于一体的大型专业声学公司。公司专注于星级酒店、高级公寓、高档办公楼、高级会所和商业广场等各类建筑物的各种通风系统消声、建筑隔声降噪、机房设备隔振等噪声和振动治理工程，在业界具有良好的声誉和品牌影响力。科德公司自创办以来，一直秉承“科技为本，品德为先！”的企业精神，坚持“诚信、责任、共赢、品牌”的核心价值，坚持“以专业化的服务让世界更加美好”的企业使命，致力于把公司打造成为国内一流的环境综合服务商。,"https://www.zhaopin.com/jobdetail/CC281379310J40794363703.htm?refcode=4019&srccode=401901&preactionid=a7c1140f-c46c-45e5-b867-ab342d8bdc77"
4378,C/C++,杭州-滨江区,1.4-2.8万·14薪,外企德科数字技术有限公司,专业技术服务,10000人以上,,CCL1480117890J40686768705,职位描述,2025年07月30日,外企德科数字技术有限公司是一家2023年新成立的中外合资企业。成立于2023年11月24日，公司定位：专注于为信息技术企业提供人才及数字技术外包解决方案的中外合资企业。它是由中国人力资源服务行业的FESCO（北京国际人力资本集团）与全球人力资源服务领导者The Adecco Group（德科集团）合资成立的。公司主要提供网络技术服务、软件外包服务、计算机系统服务、技术进出口、软件开发等信息技术相关服务。专注于为信息技术企业提供信息技术类人才及数字技术外包解决方案。,"https://www.zhaopin.com/jobdetail/CCL1480117890J40686768705.htm?refcode=4019&srccode=401901&preactionid=a7c1140f-c46c-45e5-b867-ab342d8bdc77"
4379,项目专员/助理,南京-高淳区,5000-8000元,南京胜德金属装备有限公司,"专用设备制造,金属制品业,通用设备制造",100-299人,不需要融资,CC656116680J40244701504,岗位职责 1、负责压力容器国内/国际订单项目的执行； 2、负责订单在企业内部计划、制造、检验、运输等过程的跟踪; 3、负责国外客户、第三方监检与生产部门的协调工作； 4、完成上级安排的其他工作。 岗位要求： 1、 热爱制造业，责任心强，积极主动。 2、 机械相关专业知识扎实。 3、 英语6级，优秀的听、说、读、写能力。（如达不到请勿投递） 4、 应、往届毕业生皆可。 职位福利：五险一金、年底双薪、包住、包吃、员工旅游、节日福利、健身俱乐部、带薪年假,7月12日,南京胜德金属装备有限公司位于南京市高淳经济技术开发区，是专业从事镍基合金、钛合金、铜合金、锆合金、钽合金、高级不锈钢及其复合材料压力容器非标设备设计与制造的国家级高新技术企业。公司主要产品包括反应器、换热器、分离器、储存容器等，广泛用于石化、化工、轻工、制药、冶金、电力、电子、海洋工程及环境保护等领域。胜德金属装备为全球化工50强客户、国内国际工程公司、行业终端用户提供设计及制造方案、产品与服务，产品远销欧洲、美洲、东南亚国家和地区。公司现有压力容器制造厂房15000m2，并配有专用于有色金属焊接的洁净厂房1000 m2。胜德装备拥有中华人民共和国特种设备制造许可证、ASME U钢印及证书、NB钢印及证书和PED证书。公司秉持“质量为本、科学管理、持续改进、客户满意”的质量方针，建立了完善的质量保证体系，并通过美国船级社ABS认证的ISO9001:2015质量管理体系、ISO14001：2015环境管理体系、ISO45001:2018职业健康与安全管理体系认证。我们是一个朝气蓬勃的企业，我们笃信以优制胜、尚德为先的经营理念，我们秉持精工细造、客户至上的服务宗旨；我们欣赏踏实肯干、积极进取的工作态度；我们赞同多劳多得、优绩优酬的努力回报；我们实施人才培养计划，为您量身定制职业规划。如果您和我们一样，想一起并肩于世界的最前沿；如果您和我们一样，怀揣着梦想与激情；请加入我们，和我们一起！我们，虚席以待……,"https://www.zhaopin.com/jobdetail/CC656116680J40244701504.htm?refcode=4019&srccode=401901&preactionid=a7c1140f-c46c-45e5-b867-ab342d8bdc77"
4380,项目经理/主管,秦皇岛-海港区,6000-10000元,广大住品科技发展有限公司,工业自动化,100-299人,,CCL1289781180J40791854805,岗位职责：  项目前期规划   1.明确项目目标、范围、时间节点和预算，制定详细的项目计划。   2.识别项目风险，制定风险应对策略，提前规避或降低潜在问题的影响。   3.管理项目团队，明确各成员职责，协调资源分配。,7月25日,"河北广大保雅装饰工程有限公司成立于1994年, 2017年12月设立独资子公司广大住品科技发展有限公司。广大公司成立至今始终秉承“赋能绿色装配，装配绿色家园”的宗旨，致力于成为装配式装修集部品研发、设计、生产、施工于一体的专业化公司。目前公司已拥有装配式装修部品发明和实用新型技术等专利70余项。公司在医院、康养、商品住宅、办公楼等装配式装修项目的设计、施工方面具有领先优势。先后承接和信办公楼内外装修项目、秦皇岛市天秦装备制造办公楼改造项目、九里桃源地产项目、秦皇岛金色年华普惠养老项目、秦皇岛市第一医院综合门诊楼改扩建项目、北京大学第三医院崇礼院区项目、首都医科大学北京朝阳医院东院区建设工程项目及江苏省康复医院装配式装修课题样板间项目。在学术研究方面我司也致知力行、踵事增华，曾先后参与《居住建筑装配式内装性能评价与认证标准》、《箱板钢结构装配式住宅技术标准》、《住宅装配化装修主要部品部件尺寸指南》、《装配化装修地面部品设计与施工技术》、《装配化装修墙面部品设计与施工技术》、《装配化装修集成卫生间部品设计与施工技术》、《医院建筑装配式装修技术标准》、《装配式装修技术体系应用》等多项行业相关标准的编制工作。作为“中国绿色节能协会绿色医院专委会常务理事单位”，“全国卫生产业企业管理协会医院建筑工程装备分会常务理事会员”，公司三次参加由住建部产业中心主办的北京住博会，会上所展示样板间也连续三年被评为“中国明日之家”展厅。公司还先后被评为“河北省工业企业研发中心”、“河北省中小型科技创新企业”、“国家级高新技术企业”。","https://www.zhaopin.com/jobdetail/CCL1289781180J40791854805.htm?refcode=4019&srccode=401901&preactionid=a7c1140f-c46c-45e5-b867-ab342d8bdc77"
4381,项目专员/助理,南昌-东湖区,6000-8000元,江西海量规划设计研究院有限公司,农/林/牧/渔,20-99人,未融资,CC641178620J40721618610,1、岗位职责： （1）协助部门负责人开展项目申报工作，参与项目调研、资料收集、报告编制等工作。 （2）负责项目结束后的档案整理工作，及时进行资料存档工作等。  2、岗位要求： （1）统招本科及以上学历，汉语言文学、新闻学、国民经济管理、农业农村管理、农业经济管理、农村与区域发展、农业生态学、设施农业工程、城乡规划设计等相关专业；研究生优先，985、211以上本科优先。 （2）身体健康，品行端正，较强的语言表达能力、文字功底扎实，有较强的团队协作精神。 （3）对农业类咨询项目有了解，参与过农业类咨询项目的优先。 （4）身体素质较好，能接受出差。会开车，有实际驾驶经验。,7月25日,江西海量规划设计研究院有限公司（江西省工程咨询协会常务理事单位），是一家专注服务乡村振兴发展的规划设计研究机构。公司自2013年成立以来，一贯秉承“研究农业、设计农业、培育农业、建设农业、践行农业”的初衷。主要配合地方各级政府部门、各类企业和经合组织，开展各类规划制订、可研编写，项目申报文本拟定等业务，近年来，延伸拓展了农田水利、建筑、市政、园林工程设计、工程造价咨询、招标代理等业务。公司位于江西省南昌市南昌市北京西路248号（旋宫假日酒店进院子后右侧），离地铁1号线步行只需5分钟。公司拥有一支专业背景齐全、技术能力较强、服务水准良好的精英团队，具备丰富的农业全产业链咨询、规划、设计服务、管理及投融资服务方面的经验，项目遍布全省各地，已逐步成长为江西农业产业规划咨询的先行者，在江西农业服务领域享有较高的知名度，为江西农业农村发展做出了积极贡献。本着“真诚、责任、专业、高效”的宗旨，近五年来公司累计完成各级政府部门和各类企业级经合组织委托的咨询项目达1000多项，涉及项目投资总额2000多亿元，完成了一系列行业和地区发展规划编制，特别在秀美乡村规划、科技园区、农业园区规划、乡村振兴规划的编制上业绩斐然，在服务世界银行等国际金融组织贷款项目、国家发改委、农业农村部、工信部、科技部、商务部、林业局及省内各部门的扶持项目申报、核准材料，可行性报告编写等，成果颇丰，多次获得相关主管部门和业主的好评，赢得了良好的声誉。公司积极扩大交流与合作，充分利用各种社会资源，实现优势互补，多方位地拓展业务链，积极培育、扶植新的业务增长点，努力开拓国内及国际市场，进一步开展政策咨询、招标代理，向设计、工程造价等项目实施阶段咨询业务延伸，积极探索项目管理、品牌经营管理咨询业务。努力把公司打造成乡村振兴发展全过程咨询服务国内领先品牌。,"https://www.zhaopin.com/jobdetail/CC641178620J40721618610.htm?refcode=4019&srccode=401901&preactionid=a7c1140f-c46c-45e5-b867-ab342d8bdc77"
4382,项目专员/助理,上海-浦东新区,7000-8000元,上海千崖康药生物科技有限公司,"医药制造,医药制造,生物工程",20人以下,天使轮,CCL1369987710J40786064703,岗位职责： 1. 协助领导进行项目管理和协调工作 2. 项目录入及跟踪项目进度，及时汇报项目状态 3. 协助处理项目中的问题，确保项目顺利进行 岗位要求： 1.本科及以上学历，医学、动物医学、兽医等相关专业优先 2. 具备良好的沟通和协调能力 3. 有较强的学习和适应能力，能快速掌握项目相关业务知识 4. 具备良好的时间管理能力，能按时完成工作任务 5. 熟练使用办公软件，如Word、Excel、PowerPoint等,7月8日,公司成立于2021年，是一家创业型公司。致力于临床前CRO和实验动物服务行业的发展。公司技术优势：手术动物模型及实验动物服务。希望能遇到志同道合的伙伴，在生物医药行业高速发展的现在，一起努力。千崖康药是一家专注于人类疾病动物模型研发、饲养繁育和分析检测的生物科技公司，为医药研发提供临床前药效、药代动力学和安全性评价的技术企业。服务内容包括动物模型、替代性模型构建、药理药效研究、药代动力学研究、安全性评价研究服务等。为更多创新药企业提供专业的、高效率的技术服务。,"https://www.zhaopin.com/jobdetail/CCL1369987710J40786064703.htm?refcode=4019&srccode=401901&preactionid=a7c1140f-c46c-45e5-b867-ab342d8bdc77"
4383,项目专员/助理,成都-金牛区,6000-10000元,成都拾月壹电子科技有限公司,互联网,100-299人,未融资,CCL1474650390J40565836710,工作内容： 1.负责协助项目主管做好数据统计与售后维护工作。 2.前期1-6个月主要跟着主管学习产品专业知识，与主管一起做好客户对接和维护。  3.学习上手快的可以接触团队运营，负责新人培训、人员基础考核、做好团队管理。 薪资：底薪5000+1500绩效奖金+20%提成，综合薪资6k-9k 转正后基础薪资8000-12000，看个人能力而定，涉及到团队运营额外有团队管理奖金。 通过可提供免费住宿，离公司5分钟，设施齐全，环境整洁温馨（但是不可可能是单间哈），都是年轻人好相处，氛围轻松。 进入公司就是主管一对一带，没有经验要求。,7月14日,公司是一家由独立法人注册独立运营的互联网科技公司负责西南地区的整体运营从事互联网信用数据+移动支付为银行及各大金融机构提供精准的信用数据营销服务活动方案执行用户管理等一站式服务目前有三大运营部门金融通信机场项目同时数字魔方以大数据平台为依托，达到B端和C端的联动提升服务能力和资源整合能力帮助合作企业建立属于自己的品牌致力于打造一流的战略营销平台和个人蜕变成企业家创业孵化器。公司可提供完善的培训广阔的发展平台在这里我们培养了一批批的实战型管理人才这里没有学历和背景的要求个人晋升空间大秉承公开公正公平的发展原则只要你有-颗愿意改变的心!地址：金牛区万达广场D座1618地铁一号线六号线 D口公司储备管理岗一律内部选拔培养竞争上岗一经录取均提供带薪培训、免费住宿、年终奖！,"https://www.zhaopin.com/jobdetail/CCL1474650390J40565836710.htm?refcode=4019&srccode=401901&preactionid=a7c1140f-c46c-45e5-b867-ab342d8bdc77"
4384,项目经理/主管,北京-昌平区,6000-10000元,河北云启科创企业服务有限公司,人力资源服务,20-99人,,CCL1484110930J40779257614,岗位职责：​​ 项目全流程管理：负责人力资源服务项目的整体规划、执行与交付，确保项目按时保质完成 客户关系维护：对接客户需求，协调内外部资源，提升客户满意度，建立长期合作关系 风险管控：识别项目潜在风险，制定预防及应对措施，降低业务运营风险； 仲裁案件处理：协助处理劳动仲裁、合同纠纷等法律事务，协调法务团队推进案件解决 团队协作：与招聘、培训、薪酬等部门协同，优化项目流程，提升服务效率。   任职要求：本科及以上学历，人力资源行业项目管理经验，熟悉劳动法规及仲裁流程优先；   薪资范围：6K-8K（根据经验能力面议）+项目奖金 ​ 工作时间：周一至周五 9:00-18:00，周末双休​   福利待遇：入职即缴纳五险一金，带薪年假，节日福利，定期团建​​   工作地点：昌平区珠江摩尔国际大厦,7月18日,,"https://www.zhaopin.com/jobdetail/CCL1484110930J40779257614.htm?refcode=4019&srccode=401901&preactionid=a7c1140f-c46c-45e5-b867-ab342d8bdc77"
4385,项目专员/助理,沈阳-沈河区,3000-6000元,西安绿创电子科技有限公司,"计算机软件,环保,IT服务",100-299人,未融资,CC280026716J90250383000,岗位职责 1、负责落实项目前期的调研相关工作，负责落实项目的衔接和推进工作，撰写设计文档，协助为客户提供相关领域的技术咨询服务； 2、与技术服务人员、研发部门之间积极沟通，做好公司与客户之间的联系沟通工作； 3、在研发部开发过程中给客户汇报项目进度，对客户提出的修改意见进行书面反馈； 4、具有良好的理解分析能力、判断能力、写作能力、沟通表达能力、执行能力； 5、定期向上级报告工作，提交工作计划，完成项目经理交付的各项临时工作； 任职资格 1、本科以上学历，计算机、软件工程、环境类专业优先。 2、具备收集和分析客户信息及市场数据等能力； 3、性格外向、擅长人际交往，沟通能力强，责任心强，乐观积极，肯拼搏； 4、满足该岗位不定期出差的要求。 职位福利：五险一金、加班补助、带薪年假、节日福利、定期体检、绩效奖金、员工旅游 ,7月5日,西安绿创电子科技有限公司是专门研究、设计、开发环保应用信息系统的软件公司，专注于环保事业，以服务中国环保事业为己任，紧随行业发展的有利环境，在明确自身战略定位的基础上，不断强化理念、创新技术、完善产品，打造和提升公司的核心竞争力。经过在产品和服务上的不懈努力，研发出切实可行的高效环保执行信息系统，极大地节约了环保管理成本，为环境保护做出了自己的贡献，已成为国内环境保护信息化领域高端决策支持平台最具实力的专业开发商之一。西安绿创致力于为政府部门、企业集团提供整合的环境保护信息化解决方案与服务，凭借对技术发展方向及客户需求的精准把握，通过将国际先进的环境保护管理理念与国内实际需求的本土化整合，在为客户提供完备可靠的技术产品的同时，不断输出前瞻性、战略性的管理理念。绿创公司拥有一支由名校博士、硕士组成的核心开发团队，拥有多项自主知识产权的成熟技术和产品，在环境保护的各个领域提供全方位的管理咨询和业务培训服务，为客户成功执行管理目标提供关键技术支持。西安绿创已成功参与了数个省级环保业务应用系统和信息交换网的开发工作。与这些机构共同进行环境保护数据标准、环境保护领域业务应用、统计分析、决策支持等相关系统及平台方面的研究和开发，以智能化、信息化数据管理为核心，拥有自主知识产权的成熟技术和产品，提供全面的咨询、培训和服务，西安绿创的长远战略目标是不断提升环境保护的管理理念，提供优质高效的信息技术服务以及把握未来新技术的创新需求，以立足于实际的态度开展研发工作，并为客户提升管理水平提供全方位服务。,"https://www.zhaopin.com/jobdetail/CC280026716J90250383000.htm?refcode=4019&srccode=401901&preactionid=a7c1140f-c46c-45e5-b867-ab342d8bdc77"
4386,项目专员/助理,绵阳-涪城区,5000-8000元,铁骑力士食品有限责任公司,"农/林/牧/渔,食品/饮料",10000人以上,未融资,CCL1312731970J40631978111,岗位内容： 1. 协助项目经理完成项目计划和进度安排，跟踪项目执行情况并进行记录； 2. 收集、整理和分析项目相关数据，汇总报告并撰写总结分析； 3. 参与编制项目立项申请、招投标文件及合同等文档； 4. 协助组织项目会议、培训与沟通等工作； 5. 监督项目现场施工的进展和质量，并及时协调解决问题。 任职要求： 1. 具有较好的团队协作能力和沟通能力，能够积极主动解决问题； 2. 熟练掌握办公自动化软件，具备较强的数据分析和撰写技能； 3. 具备一定的项目管理知识和方法论基础，熟悉项目管理流程和工具； 4. 有较强的责任心和抗压能力，能够承受项目压力和工作压力； 5. 有相关行业从业背景或相关项目工作经验者优先考虑。,7月26日,"铁骑力士集团生猪产业集育种、繁育、养殖、屠宰、加工到品牌销售为一体。在全国建有30余个现代化生猪繁育养殖基地，年可提供优质商品仔猪300万头；是农业部首批国家生猪核心育种场，国家现代生猪产业技术体系综合试验站单位，中国动物疫病净化创建场，拥有60余年丰富的育种管理经验，种猪连续多年获得四川省种猪性能测定中心第一，先后从美国、加拿大引进优质种源，并与加拿大加裕公司达成战略合作，实现育种技术和国际同步。公司具备雄厚的技术研发实力。依托国家级企业技术中心冯光德实验室，先后参与完成了218项科研项目,荣获“国家科技进步二等奖”、“全国优秀养猪企业”、“全国养猪行业百强企业”等荣誉称号，拥有“天府肉猪、川藏黑猪”两大生猪配套系新品种，被称为川猪振兴的两大芯片，并牵头制定“天府肉猪”农业行业标准。近年来，公司不断加速产业战略布局。在四川凉山、黑龙江、江油等地快速布局，大力发展。其中“三台县百万健康猪业智慧农业示范园区”项目为全产业链和一二三产业深度融合发展的智慧农业园区,为国家现代农业标杆。现铁骑力士种猪、生猪销售遍布全国，未来3-5年，将实现出栏生猪1000万头，持续发挥生猪全产业链优势，打造优质种猪、品牌肉猪及千万头生猪产业规模，实现种猪、川藏黑猪运营中国第一，成为生猪全产业链品牌化经营引领者！","https://www.zhaopin.com/jobdetail/CCL1312731970J40631978111.htm?refcode=4019&srccode=401901&preactionid=a7c1140f-c46c-45e5-b867-ab342d8bdc77"
4387,项目专员/助理,合肥-经济技术开发区,5000-10000元,安徽万泰地球物理技术有限公司,"IT服务,计算机软件",20-99人,,CC672838627J00578119601,岗位职责 1.负责项目现场勘查、方案编写、设备配置单编制、产品集成与交付； 2.项目实施：系统安装指导、用户培训、项目施工报告编写及项目验收； 3.监管现场实施安全，监督产品规范安装，人员规范安全作业等； 4.产品维护：定期回访已安装产品的使用情况并解决产品使用过程中遇见的系统问题； 5.培训销售部门的技术支持和技术答疑； 6.承担公司的售前/售后服务工作 任职要求： 1、本科以上学历，岩土工程、安全工程、地质工程、计算机、电子等相关专业； 2、专业理论知识扎实，具有较好的沟通和写作能力； 3、热爱工作，接受出差； 职位福利：周末双休、五险一金、餐补、定期体检、节日福利、年终奖、研发项目奖金、销售分红   ,7月25日,安徽万泰地球物理技术有限公司成立于2014年6月，是由淮南万泰电子股份有限公司控股的子公司，是一家基于物联网（传感网）和云计算的工程结构安全监测方案设计，产品研发、生产、销售和系统集成为一体的高新技术企业和创新型企业。公司拥有由国家“青年千人计划”科学家领头自主研发的国际领先的微震识别定位与成像算法，并在此基础上开发了完全具备自主知识产权的微地震监测与成像系统，产品广泛应用于安全城市、安全交通、信息化系统集成等领域，为市政、交通、地铁、矿山、水利工程、地质灾害等行业用户提供咨询、方案设计、系统集成、数据评估等全方位技术服务，并以专业的技术和优质的服务赢得了众多客户的赞誉。公司成立之初就加大对科研的投入，保证公司的科研产品始终处于领先水平。公司成立以来，凭借国际领先水平的科研产品荣获近20项知识产权证书，并获得国家高新技术企业、合肥市大数据企业证书、合肥创新创业大赛优秀奖和山东省科学技术一等奖等证书。我们将秉承“激情、责任、感恩、信任”的企业精神，并以“顾客第一，勇攀高峰”的经营理念，创造良好的市场环境，以全新的管理模式，完善的技术，卓越的品质为新老客户提供一流的服务。公司秉承科技与人才发展理念，一直保持技术领先水平，成功打开市场，为多家矿山开采单位等提供微地震监测与成像技术服务，实现安全开采。公司为员工提供有竞争力的薪酬福利待遇和良好的工作环境，坚持公司与员工共同成长，不断吸纳广大优秀人才加入！公司实行5天8小时工作制，提供五险一金，餐补，节日福利，法定假日，带薪年休假，全勤奖，项目提成，员工活动和年度体检等。后期将不断完善薪酬福利制度。,"https://www.zhaopin.com/jobdetail/CC672838627J00578119601.htm?refcode=4019&srccode=401901&preactionid=a7c1140f-c46c-45e5-b867-ab342d8bdc77"
4388,项目专员/助理,北京-海淀区,6000-8000元,西安慧澜语言科技有限公司,"人工智能,翻译服务",100-299人,未融资,CCL1486546170J40773849202,岗位职责： 1.项目全流程管理：覆盖售前、售中、售后阶段，把控项目关键节点，跟进计划落实，处理延迟及风险，确保按时保质交付。 2.客户支持与维护：理解客户需求，负责试标、大项目启动管理，收集反馈并处理投诉，维护客户关系，保持与大客户的紧密沟通。 3.业务推进：推动业务高效运转，分析项目数据挖掘改进空间 4.质量保障与改进：进行质量检查与抽检，分析质量数据，推动流程优化和持续改进。 5.前后端的沟通配合：合理调配项目经理，保证项目交付质量和时间。 6.数据分析：分析下单、签单、试标等运营数据，通过数据呈现识别潜在风险并预警，为业务决策提供支持。 岗位要求： 1、本科及以上学历，英语相关专业或英语六级及以上； 2、工作态度认真负责，能够随时响应部门需要； 3、热爱翻译/出版行业，且职业规划与此相符； 4、工作细心、服从上级领导安排，自驱力强； 5、熟悉office办公软件的使用，对数据敏感，逻辑思维强,7月22日,慧澜国际是一家一站式综合性解决方案提供商，公司成立于2021年，立足于语言服务产业，多元化经营发展，目前服务内容已经涉猎翻译服务、数据服务、出版服务、职教出海四大板块业务，且经过多年发展已经在国际工程、智能制造、国防军工、生命科学、文化出版、科技互联网等多个行业领域中形成了完备的一站式数据+语言+出版+出海的解决方案。公司秉承着“以客户为中心”的核心价值观，“自驱型奋斗者”的用人理念，“高效感，充实感，危机感”的三感发展文化，“利他精神，达人成己”的团队协作精神，经过近几年的快速发展，目前规模已经达到1家总公司，3家分公司，6个海外交付中心的规模，国内外员工数百人，近千人的行业专家库，累计服务客户数量已经超过1500家。“始于翻译，不止于翻译！”是公司的经营理念，“千里之行始于足下”未来的慧澜国际将一如既往的发扬艰苦奋斗精神，努力争先，持续深化产品服务结构，深入拓展行业解决方案能力，为政府机构，社会组织，企事业单位的AI应用发展与全球化发展保驾护航！公司处于高速发展阶段，诚邀优秀人才加入！公司官网 https://www.intelwave.cn/,"https://www.zhaopin.com/jobdetail/CCL1486546170J40773849202.htm?refcode=4019&srccode=401901&preactionid=a7c1140f-c46c-45e5-b867-ab342d8bdc77"
4389,项目经理/主管,青岛-崂山区,6000-12000元,山东科誉律师事务所,"法律服务,银行,法律服务,租赁/拍卖/典当/担保",20-99人,未融资,CC610909920J40774191413,工作职责： 1、协助不良资产部律师代理金融案件和集团公司持有债权查找取证被执行人财产线索、协助法院执行工作；,5月6日,山东科誉律师事务所是经山东省司法厅批准，于2005年成立的一所综合性合伙制律师事务所。自成立以来遵循‘公司化、专业化、品牌化’的发展理念，坚持以客户需求为中心，组建了以知名法学专家、优秀中青年律师为核心的专业法律团队；以离退休领导、专业市场人才搭建的业务平台、整合资源。我所成立以来主要致力于四大资产管理公司及金融机构的不良债权处置业务。直接主导了长城资产管理公司济南办事处2000年政策性剥离的近50亿不良债权处置工作；2007年主导了日本欧力士银行、中银国际、中信资本合作购买的山东地区12亿的不良债权的处置工作。我所现有专职律师及律师助理40余人，均毕业于国内著名学府，法律功底深厚、实践经验丰富；现服务于中国华融资产管理公司山东分公司、中国东方资产管理公司山东分公司、中国信达资产管理山东分公司、中国长城资产管理公司山东分公司，建设银行青岛分行、工商银行青岛分行、南洋银行青岛分行、平安银行青岛分行、招商银行青岛分行、邮储银行青岛分行等多家金融机构及青岛市消防局、青岛市边检站等政府部门；并与多家上市公司、政府平台公司、房地产公司、基金证券公司、商协会等机构保持良好的战略合作关系；在金融案件诉讼、不良资产处置、企业并购重组、房地产烂尾项目重整盘活、政府法律顾问、疑难重大案件执行、再审、投融资等领域取得了优异的成绩，积累了丰富的实践业务经验。得到了当事人、委托单位及合作机构的高度认可。‘恪法谨德，正誉明科’全体科誉人将集团队之合力拼搏进取，积极响应党的号召，为实现全面依法治国贡献我们的力量！,"https://www.zhaopin.com/jobdetail/CC610909920J40774191413.htm?refcode=4019&srccode=401901&preactionid=a7c1140f-c46c-45e5-b867-ab342d8bdc77"
4390,项目专员/助理,广州-花都区,130-150元/天,广州市凯泽利科技有限公司,"汽车研发/制造,汽车研发/制造",100-299人,未融资,CC823999070J40867908315,凯泽利招聘项目助理（实习生） 我们正在寻找一名优秀的项目助理实习生加入凯泽利团队，如果你是本科大四在读学生，渴望在实际工作中积累经验、提升能力，那么这个机会不容错过！ 岗位基本信息 招招聘人数：1 人 ·      实习性质：全职实习，至少 6 个月以上，一年最好 ，工作表现好可以转正。 岗位要求 1.  学历本科，大四在读，熟悉 Office 办公软件，尤其擅长 Excel 等工作文档的操作；会开车者优先，男女不限。  工作态度认真负责，积极主动，执行力强，形象良好，且具有强烈的责任心。3.  具备较强的逻辑性、沟通表达能力、人际关系处理能力以及突发事件应变能力。 4.  为人有担当，拥有较好的亲和力，抗压性强，具备良好的团队合作精神。 岗位职责 1.  负责团队人员考勤、工时、报销等各项数据的整理与核对工作，确保数据准确无误。 2.  承担团队成员的日常管理工作，保障团队日常运转有序。 3.  处理团队人员进离场材料、流程等相关事项，同时配合其他部门的工作，以及完成领导交办的其他任务。 工作相关信息 ·        工作时间：早九晚六，中午休息一个半小时，双休，工作生活平衡有保障。 ·        工作地点：广州市花都区风神大道 15 号联友科技有限公司广州分公司，临近地铁站 9 号线花都汽车城 A 口，步行仅 380 米，交通十分便捷。 ·        薪资待遇：实习工资 3000 元 / 月，另有交通补贴 500 元 / 月，为你的实习生活提供坚实保障。 我们期待你的加入，与凯泽利共同成长！,7月23日,广州市凯泽利科技有限公司，坐落于广州市天河区，是一家集整车开发与产品设计研发经验于一身的技术服务型企业。公司致力于为客户提供全方位的软件测试流程一站式服务，涵盖汽车技术支持、软件测试委外服务、测试自动化解决方案、嵌入式技术支持、软件开发项目承接、测试辅助工具开发、自动驾驶数据标注、汽车信息安全测试、汽车设计、运营与项目管理、专业培训及工具代理等多个关键领域。在产品研发方面，凯泽利科技自创立之初，便专注于汽车软件测试自动化平台的研发，并成功自主研发出了一款自动化测试平台。该平台采用先进的Web服务器架构，支持Web和Windows两大客户端，具备远程执行测试与监控结果的功能，并实现脚本的云同步。通过该平台，用户可以在办公室内远程操控实验室内的多个台架，全面支持IVI的所有输入输出，能够覆盖90%以上的测试用例。此外，平台还具备集中管理测试脚本和测试报告的功能，极大地方便了脚本的共享与报告的分析，是汽车软件测试工作中不可或缺的得力助手。在企业资质上，凯泽利科技荣获多项殊荣，包括国家高新技术企业、专精特新企业、中等规模以上企业、科技型中小企业以及创新型中小企业等称号。此外，公司还荣获了广东省守合同重信用企业称号，并通过了ISO9001认证和信息安全管理认证，在技术创新方面，凯泽利科技同样表现出强大的研发实力。目前，公司正在申请的国家发明专利已有10余项，并成功获得了10项国家发明专利授权和19项软件著作权授权。目前，凯泽利科技的主要客户包括广汽研究院、深圳联友科技、小鹏汽车、江铃汽车、马瑞利、广汽丰田、广汽能源、岚图汽车、广汽埃安、东风日产、星河智联、南方试验场、立昇科技、祺迹汽车科技、比亚迪、合创汽车、广州优尼冲压等知名企业。,"https://www.zhaopin.com/jobdetail/CC823999070J40867908315.htm?refcode=4019&srccode=401901&preactionid=a7c1140f-c46c-45e5-b867-ab342d8bdc77"
4391,项目专员/助理,烟台-福山区,8000-16000元·13薪,烟台开发区德联软件有限责任公司,"计算机软件,互联网,IT服务",100-299人,不需要融资,CC609978120J40713234610,岗位职责：  1、协助副总工做科研类项目相关课题的研究、课题报告撰写、论文专利撰写输出等工作；,3月17日,"公司从事智能电网与新能源相关领域的软件开发，完成了多项国家级示范工程项目，如张北风光储输一体化监控系统的储能监控、青海格尔木时代光储项目、北京市数十个充换电监控与运营管理系统、华能风电集控系统、北京供电局广域控制系统等。公司员工大部分都是985学校毕业，是一只技术精湛、勤奋敬业的梦之队。欢迎有事业心、对软件编程有浓厚兴趣的人才加盟，共同努力，创造美好未来。公司成立于2001年，是一家专门为能源行业提供监控管理完整解决方案的企业。公司位于风景秀丽的海滨城市烟台，是烟台海外留学创业园区的骨干企业。德联公司自成立以来，一直专注于电力及新能源行业，多年来持续不断地研究开发，拥有了自主知识产权的能源物联网开发平台SE2000。基于SE2000平台,公司开发了30多种应用软件，能够为发电、输变电、配用电等多个领域提供完整的监控管理解决方案，主要产品包括：广域控制系统（WAMS）、电网调度监控系统、配网自动化系统、电力集控运维平台、电能计量计费系统、电厂调频性能考核评价软件、电力智能操作票管理软件、厂矿企业能源管理系统、故障测距主站系统软件、嵌入式通信管理机、新能源电站并网性能评价考核系统、AGC/AVC系统、新能源发电功率预测系统、风电集控运维系统、光伏集控运维系统、储能电站EMS系统、储能电池性能监测与大数据分析软件，电动汽车充换电站监控与运营管理系统、综合能源监控管理平台等。德联拥有三十多项软件著作权，是双软认证企业、国家高新技术企业，并通过CMMI3国际认证。德联公司已经发展了30余家经销商和OEM伙伴，为国内外500余家客户提供服务，完成了多项国家级有代表性的项目，比较典型的工程有：北京供电局广域控制系统（WAMS）、北京供电局储能电站调控平台、北京供电局储能运检平台、北京大型电动汽车充换电站综合监控管理系统、河北南网广域控制系统、张北风光储示范工程储能电站EMS系统、青海格尔木时代光储电站联合调度监控系统、青海海西州风光储热多能互补EMS系统、中国电科院分布式储能监控运维平台、山西火电厂储能调频系统、巴西风储EMS系统、河南台前县光伏扶贫监控平台、国电投800MW光伏运维平台、华能国际风电（集控）系统、胜利油田海上平台电力监控及实时WEB发布系统、邯郸峰峰煤矿电力调度与计量计费系统、天津变电站集中托管运维平台、国家电网数模混合仿真中心集中监控平台等，是国内少有的几家能提供几乎全系列能源管理解决方案的公司。近几年，公司积极开拓海外市场，产品已销往英国、波兰、巴西、印尼、越南、伊朗等国家。德联SE2000能源物联网开发平台，是公司自行开发的能源行业实时系统开发平台，具有完善的SCADA、EMS、WAMS功能，完全符合IEC 61850、IEC61968/61970、IEC 61400-25等电力行业的国际标准。软件支持所有主流的操作系统，包括：Windows系列、Linux、Unix等。数据库支持Oracle、Sybase、DB2、SQL Server、My SQL、PI及国产达梦、金仓等。软件支持英语、西班牙、葡萄牙、日语、阿拉伯语等多种语言。德联将秉持专业、专注的宗旨，以先进的技术和优质的服务，继续为能源行业广大客户提供优质的解决方案。欢迎广大有志之士加入德联大家庭。","https://www.zhaopin.com/jobdetail/CC609978120J40713234610.htm?refcode=4019&srccode=401901&preactionid=a7c1140f-c46c-45e5-b867-ab342d8bdc77"
4392,项目专员/助理,武汉-洪山区,5000-6000元,北京新致君阳信息技术有限公司,"计算机软件,IT服务,保险,证券/期货",1000-9999人,已上市,CC404581310J40790071705,工作内容 1、协助运营专员，完成公司业务数据的跟踪、统计和分析工作； 2、协助运营专员，完成公司的项目过程管理工作； 3、完成领导交待的其他任务；   任职要求 硬性条件 1.学历专业： 统招本科及以上学历，统计学、数学、经济学、会计学、计算机等相关专业优先； 应届生或毕业1年内候选人优先。 2.技能要求： 熟悉Excel（数据透视表、VLOOKUP/XLOOKUP、SUMIFS等函数、基础VBA等）； 具备良好的数学基础、逻辑思维能力及数据敏感度，能快速理解业务需求；   软性素质 1.严谨细致：对数据准确性有极高要求，能发现数据异常并追溯根源； 2.学习能力：能快速掌握新工具及业务知识； 3.责任心：对交付结果负责，能承受短期高强度工作压力； 4.沟通意识：性格开朗，乐于沟通，能主动对接需求，清晰反馈问题。   优先考虑条件 1. 有数据分析、电商/互联网运营相关实习经验； 2. 参与过数学建模、统计建模大赛或学术研究项目； 3. 擅用AI工具突破传统办公效能瓶颈。 4. GPA 3.3以上。,7月2日,1994年6月，新致创立于中国上海。公司主营业务包括：行业解决方案、相关软件产品、平台及服务等。目前，公司拥有员工4000余位。公司总部位于上海，在中国建立了北京、大连、西安、苏州、杭州5个国内分支机构；在海外已设有日本东京、日本关西、美国费城、法国巴黎4个子公司。新致以“日新以致远”作为公司的核心理念和品牌承诺。作为一家以软件技术为核心的公司，新致通过合作创新、有效管理、人才发展等战略的实施，持续提升公司的核心竞争力，不断为客户创造价值，为员工创造机会，从而实现对社会的积极贡献。新致致力于成为全球最优秀的IT解决方案与服务供应商，并通过组织与过程的持续改进，使公司成为最受社会、客户、股东、员工所推崇的“百年企业”，为人们的工作和生活带来积极的改进。,"https://www.zhaopin.com/jobdetail/CC404581310J40790071705.htm?refcode=4019&srccode=401901&preactionid=a7c1140f-c46c-45e5-b867-ab342d8bdc77"
4393,项目专员/助理,东莞-大朗镇,7000-9000元,散裂中子源科学中心,"学术/科研,学术/科研",500-999人,未融资,CCL1269466680J40768454410,岗位性质：劳务派遣 ,7月23日,中国散裂中子源是我国“十一五”国家重大科技基础设施，是世界上第四台、我国首台脉冲型散裂中子源。项目位于广东省东莞市，一期规划用地400亩，总投资约23亿元，由中国科学院和广东省人民政府共同建设，项目法人单位为中国科学院高能物理研究所。中国散裂中子源主要包括1台负氢离子直线加速器、1台快循环质子同步加速器，1个靶站，一期3台谱仪（最多可建20台）及相应配套设施及土建工程。目前，中国散裂中子源已顺利通过国家验收并正式投入运行，产出了一批高质量的研究成果，在材料科学和技术、生命科学、物理、化学化工、资源环境、新能源等诸多领域具有广泛应用前景，将对我国探索前沿科学问题、攻克产业关键核心技术、解决“卡脖子”问题具有重要意义。散裂中子源科学中心是中国散裂中子源项目的地方事业法人，致力为科技、经济和粤港澳大湾区、广深科技创新走廊建设和地方产业转型升级提供强大的技术支持。,"https://www.zhaopin.com/jobdetail/CCL1269466680J40768454410.htm?refcode=4019&srccode=401901&preactionid=a7c1140f-c46c-45e5-b867-ab342d8bdc77"
4394,项目经理/主管,郑州-金水区,8000-10000元,腾翔环境科技有限公司,"环保,环保",1000-9999人,未融资,CC332176680J40275405716,岗位职责： 1、根据公司发展战略规划，制定辖区内经营目标、策略和实施步骤，督促和保障策略实施和目标达成； 2、负责区域内甲方关系的维护，打造良好的沟通渠道，回款的催收及跟进；全面管理区域业务的日常运营管理工作； 3、根据公司情况，参与前期项目可研、市场定位、经营分析等工作，整合协调内外部资源，推进各部门协作和业务协同，实现资源效益化； 4、根据市场开拓情况，结合实际行业情况及地域特点、政策情况，对公司的环卫市场布局提出改进意见和推动方案； 5、建立与完善部门的架构和管理体制，人员的工作安排、业绩考核、部门预算和培训，定期总结各项目进展情况。 任职要求： 1、本科及以上学历，十年以上管理工作经验，五年以上环卫行业项目运营管理经验；具备环卫行业、物业小区管理经验者可适当放宽任职资格，优先录用。 2、熟悉企业全面运作及经营管理，熟悉企业业务流程； 3、善于协调沟通，有良好的职业道德，有担当有责任感；  公司目前处于快速发展期，良好的晋升平台，稳定的行业发展前景，腾翔环境欢迎您的加入！公司提供食宿、年终奖、项目奖、优秀个人奖、奖项多，奖金大、节日福利、生日礼品、培训、团建、体检等。   职位福利：项目奖金、每年多次调薪、包住、社保缴纳、晋升空间、团建、定期体检,9月18日,腾翔环境科技有限公司（以下简称腾翔环境）目前拥有员工5000余人，是一家致力于城市市容环境整治、道路清扫、垃圾分类清运处理、物业管理、公厕管理、园林绿化工程设计与施工、市政工程、环保工程施工、城乡环卫一体化服务为一体的集团化、现代化综合性服务企业。人力资本是公司最宝贵的财富，我们关注每一位员工的成长和未来，我们努力创造公平竞争的环境，只要你勤奋工作不断创新，你的努力和付出必将得到客观的评价和应有的回报。我们期待看到你在这个充满了理想、激情、关爱、责任和使命感的团队中尽显才华，成就事业，和公司共成长。,"https://www.zhaopin.com/jobdetail/CC332176680J40275405716.htm?refcode=4019&srccode=401901&preactionid=a7c1140f-c46c-45e5-b867-ab342d8bdc77"
4395,项目专员/助理,上海-浦东新区,5000-8000元,范沃森(上海)自动化测试设备有限公司,"专用设备制造,电子设备制造",20-99人,未融资,CC156606720J40782462314,工作内容： 1、协助项目经理进行项目管理，执行项目计划、跟踪项目进度、协调项目资源等。 1）、协助项目经理与内部（销售，软、硬件，车间，采购，仓库等）的沟通，确保项目计划的顺利执行； 2）、协助项目经理与客户端沟通，及时反馈客户要求到相应部门。 任职要求： 1、大专学历及以上，电子、机电一体化、自动化专业。,7月24日,范沃森（上海）自动化测试设备有限公司成立于2005年11月，总部位于英国利物浦，我公司总部于1971年成立，主要从事研究、开发和生产自动化测试设备（夹具）并提供相关技术服务及售后服务。我们的理念“客户至上，质量第一”。,"https://www.zhaopin.com/jobdetail/CC156606720J40782462314.htm?refcode=4019&srccode=401901&preactionid=a7c1140f-c46c-45e5-b867-ab342d8bdc77"
4396,项目专员/助理,深圳-龙岗区,6000-8000元,中南国际服务外包(深圳)有限公司,人力资源服务,300-499人,未融资,CCL1300334550J40762126514,1.岗位职责 1、负责项目外包员工日常管理，协助人员招聘、入离职手续办理、劳动合同管理、人事档案、出勤统计。 2、负责项目外包员工培训，含入职培训及在岗培训。 3、员工安全后勤保障工作、预防劳资纠纷的发生。 4、协助建立员工关系，提高归属感。 5、领导交办的临时工作。 2.任职资格 （1）大专及以上学历，有无经验均可，人力资源、管理学、心理学专业优先； （2）形象端正，有良好的表达及沟通能力 （3）熟悉办公操作软件，特别是表格工作统计、筛选、引用等应用优秀； （4）无违法犯罪记录，接受外勤工作。 3.薪资福利 （1）基本工资+招聘奖励，综合工资6000~8000元/月。 （2）入职五险一金，节假日福利随公司； （3）享受年假，职业培训等。 4.上班地址：深圳市龙岗区东部人力资源产业园,7月3日,中南国际服务外包（深圳）有限公司，成立于2018年7月，中南人才集团旗下独立子公司，专注于人力资源供应链建设和人力资源外包管理技术研究。集团始创于1994年，是中国人力资源行业的先行者和实践者；业务范围涵盖人才招聘、教育培训、派遣外包、建筑劳务外包、社工服务、灵活用工等多领域。集团始终秉承“专业决定品质、专业成就未来”经营理念，遵循客户至上原则和持续创新精神，专注于人力资源供应链建设和人力资源管理技术研究，致力于自主研发人力资源应用产品，通过为客户提供专业的人力资源服务和综合人力资源解决方案，最大限度为客户人力资本增值。先后荣获“中国人力资源服务机构TOP100强”、“广东企业500强”、“广东服务业100强”、“深圳企业500强”、“深圳市人力资源服务企业综合10强”、”深圳市人力资源劳务派遣企业10强”、”深圳市人力资源招聘企业10强”、“中国人力资源著名品牌“、“深圳市AAAAA级劳务派遣单位”、“全国优秀民办职业介绍机构”、“深圳市五星级职介服务单位”、“广东省人力资源诚信服务示范机构”、“深圳市职业技能先进单位A类培训机构”等殊荣。,"https://www.zhaopin.com/jobdetail/CCL1300334550J40762126514.htm?refcode=4019&srccode=401901&preactionid=a7c1140f-c46c-45e5-b867-ab342d8bdc77"
4397,项目专员/助理,天津-南开区,6000-12000元,天津天开发展集团有限公司,"专业技术服务,投资/融资",20-99人,,CCL1462781450J40677902113,职位描述 1.为园区企业提供创业辅导、科技信息、技术咨询、技术培训、科技研发、技术孵化、成果转化及技术市场等科技创新服务； 2.对接产业链、供应链，与科技服务机构协同，为园区企业提供行业资源、科技资源与服务资源； 3.统筹梳理企业信息，为企业提供发展规划咨询； 4.完成领导交办的其他工作。 任职资格和条件 1.具有中华人民共和国国籍； 2.必须拥护中国共产党领导，遵守中华人民共和国宪法和法律，具有良好的品行，爱岗敬业，恪守职业道德； 3.统招硕士研究生及以上学历应届毕业生； 4.具备正常履行职责的身体条件和心理素质。,6月17日,公司办公地点：天津市南开区科研西路6号楼16层公司经营宗旨：天津天开发展集团有限公司是市科技创新发展中心所属企业，作为天开园运营公司提供特色招商、专业投资、金融生态、载体运营、科技咨询等多方位服务，实现市委市政府赋予天开园科技创新策源地、科研成果孵化器、科创服务生态圈功能定位，培育经济发展新动能。公司主要经营范围：技术服务、技术开发、技术咨询、技术交流、技术转让、技术推广；以自有资金从事投资活动；创业投资（限投资未上市企业）；信息咨询服务（不含许可类信息咨询服务）；法律咨询（不含依法须律师事务所执业许可的业务）；科技中介服务；税务服务；财务咨询；人力资源服务（不含职业中介活动、劳务派遣服务）；非居住房地产租赁；创业空间服务；企业形象策划；会议及展览服务；市场调查（不含涉外调查）；市场营销策划；办公服务；项目策划与公关服务；园区管理服务；知识产权服务（专利代理服务除外）；商业综合体管理服务；薪酬管理服务；企业管理咨询；信息技术咨询服务；市场主体登记注册代理；科普宣传服务；投资管理（依法须经批准的项目，经相关部门批准后方可开展经营活动，具体经营项目以相关部门批准文件或许可证件为准）；互联网信息服务。（除依法须经批准的项目外，凭营业执照依法自主开展经营活动）,"https://www.zhaopin.com/jobdetail/CCL1462781450J40677902113.htm?refcode=4019&srccode=401901&preactionid=a7c1140f-c46c-45e5-b867-ab342d8bdc77"
4398,项目专员/助理,石家庄-长安区,4000-6000元,北京银方科技有限公司,物联网,20-99人,,CCL1493513600J40683078309,岗位内容： 1. 协助项目经理完成项目计划和进度安排，跟踪项目执行情况并进行记录； 2. 收集、整理和分析项目相关数据，汇总报告并撰写总结分析； 3. 参与编制项目立项申请、招投标文件及合同等文档； 4. 协助组织项目会议、培训与沟通等工作； 5. 监督项目现场施工的进展和质量，并及时协调解决问题。 任职要求： 1. 具有较好的团队协作能力和沟通能力，能够积极主动解决问题； 2. 熟练掌握办公自动化软件，具备较强的数据分析和撰写技能； 3. 具备一定的项目管理知识和方法论基础，熟悉项目管理流程和工具； 4. 有较强的责任心和抗压能力，能够承受项目压力和工作压力； 5. 有相关行业从业背景或相关项目工作经验者优先考虑。,1月15日,,"https://www.zhaopin.com/jobdetail/CCL1493513600J40683078309.htm?refcode=4019&srccode=401901&preactionid=a7c1140f-c46c-45e5-b867-ab342d8bdc77"
4399,项目专员/助理,北京-海淀区,7000-9000元,纬创软件,"计算机软件,IT服务",1000-9999人,未融资,CC120817710J40757800801,工作职责 包与客户沟通、制定交付计划、协调资源、跟踪进度、解决问题和纠纷等。  交付岗位需要具备良好的沟通能力、组织能力、问题解决能力和团队合作能力。  通过不断学习和提升，交付岗位人员可以实现自身的职业发展和成长。  交付岗位工作内容 交付岗位工作内容  岗位概述交付岗位是指负责将公司产品或服务交付给客户的岗位。   交付岗位的主要工作是确保产品或服务按时、按质地交付给客户，以满足客户的需求和期望。,7月22日,公司概述纬创软件是亚太地区以IT为核心能力的科技服务领导厂商，全球总共有武汉、台北、新竹、台中、北京、大连、上海、广州、深圳、珠海、香港、东京、大阪、和美国加州等14个营业据点，客户包括世界500强企业以及国内外优质企业，是顾客长期而且值得信赖的合作伙伴。纬软以IT技术为核心，提供的专业信息服务包括：研发、开发、测试、运维、业务流程外包、和产品全球化服务，深入AI、大数据、金融科技、物联网、和5G等先进技术的应用领域。我们拥有丰富多样的技术资源，满足客户不同的需求。纬软是亚太地区少数具有全球交付的能力的IT服务公司，我们采取跨区整合、全球交付的离岸开发工作模式，以提升项目开发的效率与质量；为确保我们的项目与服务的质量，我们取得CMMI level 5认证，及ISO9001质量管理系统、ISO27001信息安全管理系统等国际认证，用最严谨的标准进行软件开发、质量管理、与资安管理。,"https://www.zhaopin.com/jobdetail/CC120817710J40757800801.htm?refcode=4019&srccode=401901&preactionid=a7c1140f-c46c-45e5-b867-ab342d8bdc77"
4400,项目专员/助理,北京-海淀区,120-150元/天,北京轩宇信息技术有限公司,"计算机软件,船舶/航空/航天/火车制造",300-499人,未融资,CC626510620J40783062014,岗位要求： 1. 熟练使用OFFICE办公软件； 2. 具备数据信息分析与梳理能力； 3. 可以连续工作三个月或半年时间以上者优先。 岗位职责： 1. 负责部门评审费报销工作； 2. 负责部门行政事务工作； 3.领导交办的其他工作事项； 4.可以连续实习3个月以上的优先。,7月25日,北京轩宇信息技术有限公司（以下简称轩宇信息）成立于2013年，是中国航天科技集团公司空间技术研究院北京控制工程研究所全资子公司。是一家集软件测试、FPGA验证、软件工具研发、信息化服务及咨询服务为一体的高新技术企业。目前已取得国家高新技术企业等30余项资质荣誉，同时拥有50余项软件著作权及专利证书。业务遍及国内外200多家企业，覆盖十多个领域。公司经过多年的耕耘，从核心的软件及FPGA评测业务持续拓展，发展成为拥有评测服务、软件工具产品、信息化服务及培训咨询服务等四大类产品/服务体系的综合性信息技术公司。轩宇信息先后承担探月工程、载人航天工程、北斗导航系统等数十个重要航天型号和部分国家重要武器型号关键软件及FPGA评测工作，具有严格的质量控制体系和丰富的工程实践经验。其中软件测试及FPGA验证的评测任务量年均达到1000余万行，为国家航天事业的发展做出了重要贡献。公司注重基础研究，在国家自然科学基金、国防预先研究、“核高基”重大专项、国家863计划等的支持下，轩宇信息研发了包括程序代码自动检错，虚拟仿真等在内的一系列底层核心技术，拥有业内最完整的自主可控软件开发测试工具链，可以为客户提供覆盖软件开发测试全生命周期的一体化解决方案。软件工具产品近5年预研项目总经费超过5000余万。公司还参与了大量航天领域的科研生产信息化建设项目，并积累了丰富的技术经验，已形成了完善的供应链业务管理解决方案，灵活满足客户单位突破业务和技术瓶颈的需求，量身定制了具备行业特色的系统平台，推动了大量航天客户的管理信息化进程。,"https://www.zhaopin.com/jobdetail/CC626510620J40783062014.htm?refcode=4019&srccode=401901&preactionid=a7c1140f-c46c-45e5-b867-ab342d8bdc77"
4401,项目经理/主管,深圳-南山区,8000-12000元·13薪,金马指南针（深圳）国际投资有限公司,咨询服务,20-99人,,CC378921180J40737444209,岗位职责: 1. 负责海外项目（阿联酋和埃及等）的落地和执行、沟通和协调； 2. 与团队成员协作，确保项目质量和进度； 3. 严控项目风险，制定相应的应对策略； 4.项目的宣讲及卖点的策划； 任职要求： 1. 有较好的项目管理能力和团队协作精神，拥有较好的服务意识； 2. 对海外市场有一定的了解和适应能力； 3.具备较强的适应能力，能妥善协调差旅与日常工作； 4.有海外留学或工作经验者优先。,5月22日,指南针海外是金马指南针国际投资有限公司旗下投资移民和海外资产规划的高端品牌，为有全球化需求的高净值中国人群设计合规和可靠的海外身份及财富管理解决方案。提供高品质、定制化的海外教育规划、海外投资、海外置业、跨境税收、法律服务、生活保障等一系列综合性服务，帮助中国高净值人群实现科学有效的全球化资产配置和家庭海外生活规划。指南针海外是美国创业区域中心在中国的指定服务机构，当前代理中建美国地产的哈德逊水岸高级公寓EB-5项目以及其他美国创业区域中心的投资项目。同时，指南针海外代理EB-1杰出人才移民业务。,"https://www.zhaopin.com/jobdetail/CC378921180J40737444209.htm?refcode=4019&srccode=401901&preactionid=a7c1140f-c46c-45e5-b867-ab342d8bdc77"
4402,项目专员/助理,上海-黄浦区,6000-8000元,上海广慈新医创生命健康科技有限公司,卫生服务,20-99人,,CCL1319393020J40751661701,岗位职责： 1、协助部门经理完成企业及物业的对接和沟通工作，制作客户租金、物业、水电煤等费用台账，完成账单发放、催缴及核对工作； 2、协助部门经理进行招商引资工作，整合、收集、整理客户信息； 3、负责园区客户工商注册全流程协助，包括材料指导、部门对接及政策咨询，确保合规高效完成企业设立； 4、建立租户档案，及时追踪租户租期情况，协助部门经理定期分析园区客户需求，提供高效优质的企业服务，提升客户满意度； 5、根据公司要求，撰写部门负责的相关活动宣传的内容策划与编辑； 6、完成部门负责的各类会议的需求沟通及和各部门的协调工作； 7、协助部门经理完成项目供应商遴选工作； 8、协助部门经理进行项目申报工作； 9、完成领导交办的其他工作。 任职资格： 1、本科及以上学历 2、具备较强的执行能力，心理素质好，有较强的承受力和责任心，有较强的协调、沟通、文字写作和客户谈判能力； 3、精通各类办公自动化软件，学习能力强，富有责任心，有服务意识，具备一定的应变能力； 4、欢迎应届毕业生投递,7月4日,上海广慈新医创生命健康科技有限公司成立于2020年12月，是由上海交通大学医学院附属瑞金医院与上海永业企业（集团）有限公司共同投资建立的新型企业，是一家以广慈-思南国家转化医学创新产业园区建设为核心主业的平台运营公司。承担着招商引资；物理载体开发与运营；承接生物医药及医疗器械创新研发、成果转化，提供功能性服务；培育、孵化研究者发起的创新项目转化；组织会务、论坛等重要职责。公司依托转化医学国家重大科技基础设施，瑞金医院科研、人才、医疗资源，永业集团及黄浦区相关优质资源，聚焦关键技术并具有研发创新能力，吸引国内外生物医药、医疗器械企业；医药研发外包服务公司(CRO)、现场管理组织公司(SMO)；非公医疗服务企业及互联网医院入驻园区，加快创新药物、医疗器械等科技成果的转化与产业化，为园区打造成为生物医药健康产业生态发挥功能性作用。,"https://www.zhaopin.com/jobdetail/CCL1319393020J40751661701.htm?refcode=4019&srccode=401901&preactionid=a7c1140f-c46c-45e5-b867-ab342d8bdc77"
4403,项目经理/主管,镇江-京口区,5000-6000元,航天海鹰(镇江)特种材料有限公司,"船舶/航空/航天/火车制造,学术/科研,金属制品业",100-299人,,CC429209210J40322121509,岗位职责：  1.负责气凝胶板块市场开拓；,2月8日,航天海鹰（镇江）特种材料有限公司为航天三院控股公司，股东为航天三院、航天三〇六所和镇江高投。公司于2011年4月注册成立，总部位于江苏省镇江新区，注册资金2亿元。公司拟建成以特种材料设计、研发、制造、服务为主业，兼顾其它新材料发展的现代高新技术企业。作为国产大飞机C919项目机体结构九家供应商之一，依托航天306所技术优势，现主要从事航空、航天复合材料和先进隔热保温材料研发、制造。公司正在进行二期建设，诚邀各界有识之士加盟，我们将为您提供广阔的发展平台。,"https://www.zhaopin.com/jobdetail/CC429209210J40322121509.htm?refcode=4019&srccode=401901&preactionid=a7c1140f-c46c-45e5-b867-ab342d8bdc77"
4404,项目专员/助理,长春-德惠市,3000-4000元,德惠市小为环卫发展有限公司,"环保,居民服务,专业技术服务,卫生服务",500-999人,不需要融资,CCL1447499670J40759008011,岗位职责： 1.负责区域农村环境卫生管理、人员管理、安全管理、卫生巡回检查。 2.负责传达并执行项目部管理制度。 3.负责组织协同重要卫生检查。 任职要求： 1.有人员管理经验、责任心强。 2.有车辆驾驶经验，2年以上驾龄。 3.有环卫工作经验者优先。,7月17日,德惠市小为环卫发展有限公司是吉林省小为环卫发展有限公司的子公司，主要从事环卫运营、城市及乡村垃圾清运、城市及乡村垃圾清扫清洁、河道清淤等多项服务；同时也提供环卫设施建设，环保产品、环保厕所、生活垃圾处理设备的销售。小为环卫自成立以来始终坚持着以技术为先导，以资本为驱动的发展模式经营。同时秉持着合作与发展的原则，不断积累与创新，为社会提供环保和能源利用的全方位高品质服务。,"https://www.zhaopin.com/jobdetail/CCL1447499670J40759008011.htm?refcode=4019&srccode=401901&preactionid=a7c1140f-c46c-45e5-b867-ab342d8bdc77"
4405,项目专员/助理,郑州-金水区,4000-6000元,河南鼎稳通信技术有限公司,"通信/网络设备,通信/网络设备,运营商/增值服务",100-299人,未融资,CC481439120J40778296915,工作内容： 1. 日常通信工作资料的整理制作，沟通对接数据准确性；   2. 工作各种数据的回收整理、项目资料的汇总整理等；   3. 协助项目部进行订单的录入，稽核每季度的数据；   4. 熟悉各地市报账资料的制作，相关平台流程发起等；   5. 掌握项目成本的支出、收入统计汇总分析；   6. 协助项目经理，与客户和施工队进行良好的沟通；做好客户关系的维系；   7. 日常项目的巡检、通信技术的学习和掌握、隐患的判断等；   8. 完成领导交代的其他工作。   任职要求： 1. 通信相关专业的应届生（23年-25年）优先考虑；   2. 持有C1驾照，会开车；   3. 有通信工程相关经验优先考虑；   4. 稳定踏实，有责任心，吃苦耐劳，并愿意长期在通信行业发展； 5. 可以服从公司调动，接受省内省外常驻或出差。   职位福利：节日福利、社保、年终奖、餐补、带薪年假、体检、补充商业保险等,2月20日,河南鼎稳通信技术有限公司是经过中国信息产业部批准认可；在河南省工商行政管理局登记注册，具有独立企业法人资格的有限责任公司。公司主要承担业务：通信线路的施工、通信管道、线路维护、以及光（电）缆工程。公司筹建于二〇一〇年底，是一家集通信管线施工和设计于一体的通信工程企业。本公司自成立以来，始终坚持重质量、讲信誉、服务第一、争创一流的经营管理理念。经过我们不懈努力、创新和真诚的服务，我公司与中国移动建立了良好的合作关系，保证了工程施工质量，在通信建设单位中树立了良好的形象。公司现有员工120余人，设有工程部、业务部、财务部、办公室以及十多个施工队伍。在通信公司各级部门的大力支持下，经过一年的锻炼，我公司已经具备了一定的规模，技术力量也相当雄厚。公司已拥有施工所需的车辆、电脑、机具、仪表、50S单芯熔接机、工具及场地等价值300余万元的固定资产。在施工过程中，我公司积累了一套丰富的施工经验，具备在各种复杂的环境下及时圆满地完成各项施工任务的条件。本公司已在中原股交所挂牌。,"https://www.zhaopin.com/jobdetail/CC481439120J40778296915.htm?refcode=4019&srccode=401901&preactionid=a7c1140f-c46c-45e5-b867-ab342d8bdc77"
4406,项目专员/助理,合肥-蜀山区,4000-6000元,安徽兴夏信息技术有限公司,"云计算/大数据,计算机软件,人工智能,网络/信息安全",20-99人,不需要融资,CCL1242994900J40767490802,一、 岗位职责： 1、协助开展信息系统工程监理工作； 2、按照规范要求，实时编写输出监理过程文档资料； 3、对信息系统工程质量、进度、投资、安全等进行全面管理； 4、服从领导安排，组织协调承建方和建设方项目事宜； 5、旁站、检查、测试项目成果，确保工程质量 二、任职资格： 1、专科及以上学历，计算机相关专业优先； 2、沟通能力佳、态度端正、形象整洁、阳光开朗，30岁以内优先； 3、具有驾照、会开车，服从安排，接受安徽省内异地长期出差； 4、踏实肯干，善于学习，具有长期合作意愿 5、有大型政务信息化项目实施交付经验、具有软考证书者优先考虑； 6、可接受优秀应届毕业生，在校期间担任过学生会主席、班长优先 三、薪资待遇： 1.发展空间：监理工程师——项目经理助理——项目经理——区域经理——总监 2.试用期三个月，优秀者可提前转正。 3.按照合肥市劳保政策签署劳动合同、缴纳五险一金；按照国家劳动法规定，给予员工双休日、法定假日、婚产假  4.职位福利：五险一金、年底双薪、包吃、包住、交通补助、节日福利、定期体检、员工旅游,7月9日,安徽兴夏信息技术有限公司成立于二〇一四三月十九日，是一家从事信息系统工程监理业务、咨询服务；信息技术服务；信息工程管理、设计、技术咨询、技术检测；信息系统运维服务；信息产品销售；计算机系统和软件开发、销售；信息化平台销售及技术咨询服务的“高新技术企业”，且已于二〇一六年九月二十八日取得“信息系统工程监理单位”资质证书。自成立以来，安徽兴夏尊崇“踏实、拼搏、责任”的企业精神，以追求卓越、精益求精、共创未来、振兴华夏的服务理念，创建了良好的办公氛围和人才成长环境。2019年公司规划并逐步推进信息化系统检测CMA资质、CNAS实验室认证资质、国家高新技术型企业及通信工程咨询等资质建设，使企业在激烈的市场竞争中始终保持竞争力，实现企业快速、稳定地发展。安徽兴夏的客户对象主要是安徽省内各市的财政局、城管局等政府机关单位和企业单位，涉及到的业务领域有监理、咨询、检测、等级保护及软件评测等，截止到2023年实施并完成项目百余个，在政务、金融、公共事业、民生保障等领域信息建设过程中发挥了重要作用。,"https://www.zhaopin.com/jobdetail/CCL1242994900J40767490802.htm?refcode=4019&srccode=401901&preactionid=a7c1140f-c46c-45e5-b867-ab342d8bdc77"
4407,项目经理/主管,北京-海淀区,1.5-2.3万,北京宏锐星通科技有限公司,"通信/网络设备,计算机硬件,计算机软件,仪器仪表制造",100-299人,天使轮,CC535457420J40177568101,岗位职责： 1. 组织并参与项目立项、阶段总结、结项等重大节点活动，及时更新并跟进项目状态；   2. 组织项目策划，并制定项目管理计划，跟踪、检查项目执行的质量、进度，并协调解决发现的问题；   3. 了解军品研制流程，熟悉IPD产品开发流程，明确各阶段输入输出，并引导项目组成员进行。   4. 制定项目沟通计划，并负责项目组内、外部的沟通工作；   5. 按照技术状态管理要求进行项目文档的受控及管理工作； 6.负责对外沟通，跟踪客户、外协单位的进度，协调处理相关事宜； 7. 能够根据军方报价/审价要求进行相应的价格管理工作。   任职要求： 1. 具有较强的计划组织能力、沟通能力、协调能力及分析解决问题的能力；   2. 熟悉软硬件产品的研发全过程，掌握军品研制流程及开发要求者优先；   3. 具备系统的项目管理知识，具有PMP资质及项目管理证书者优先；   4. 了解ISO9001质量体系及质量管理要求；   5. 具有本科及以上学历； 职位福利：五险一金、交通补助、餐补、通讯补助、带薪年假、定期体检、补充医疗保险、绩效奖金   ,7月2日,北京宏锐星通科技有限公司成立于2012年，注册资金4857.5万元，位于北京市海淀区气象科技产业园区，在南京和青岛设立子公司，在西安设有办事处，是国家高新技术企业、专精特新中小企业，建有博士后科研工作站。获得国家科技奖励2项，省部委以上奖励11项。承担多项国家和省部委重点科研项目。公司军工资质齐全，主要从事空天电子信息装备研发和生产，主营业务分为雷达对抗、小微雷达、电子蓝军和综合产品四个板块。公司始终秉持“科技为本、用户至上、团结拼搏、锐意进取”的理念，聚焦“灵巧对抗、微敏感知”的空天电子信息装备细分市场，打造同领域的领先企业。,"https://www.zhaopin.com/jobdetail/CC535457420J40177568101.htm?refcode=4019&srccode=401901&preactionid=a7c1140f-c46c-45e5-b867-ab342d8bdc77"
4408,项目专员/助理,东莞-None,1-1.1万,湖南博思云教育科技有限公司,"培训/辅导服务,学校/学历教育",20人以下,不需要融资,CCL1496031850J40845827615,湖南博思云教育科技有限公司与广东科技学院属于南博集团旗下单位。,6月16日,"湖南博思云教育科技有限公司是广东博思云科教技术有限公司旗下全资子公司，成立于湖南省，专注于教育、技能提升与人才咨询领域。公司凭借母公司的科技优势与教育经验，为湖南及周边地区提供先进的教育咨询、培训服务与人才解决方案，推动教育和产业的深度融合，助力区域经济发展。广东博思云科教技术有限公司创建于2019年，是由广东南博企业集团投资的集教育、科技创新于一体的国家级高新技术企业，已通过IS0等五大管理体系认证。总公司位于粤港澳大湾区中心城市广州，分公司、子公司遍布于深圳、东莞、惠州、佛山、珠海、香港和澳门等地区。按照集团发展战略，公司致力于打造成为粤港澳大湾区数字化、高水平、全链条产教融合产品与服务的综合运营商，在发展中逐步形成了“学历提升、技能考证、才艺培训、中职教育、产教融合、信息化服务、国际教育”七大板块业务。公司将坚持聚焦职业教育，立足粤港澳大湾区的产业优势，以""博才”平台为流量入口，实现""博才""""博学""""博能”""博行""""博艺”""博食”""博力”七大平台互通共享，持续稳步为粤港澳大湾区的人才培养赋能增效，实现在粤港澳大湾区21个地级市设点布局，逐步面向全国、辐射海外，打造世界级的职业教育与人力资源服务及年营收10亿元以上、利润2亿元以上、平台用户数超干万的优质上市企业。","https://www.zhaopin.com/jobdetail/CCL1496031850J40845827615.htm?refcode=4019&srccode=401901&preactionid=a7c1140f-c46c-45e5-b867-ab342d8bdc77"
4409,项目专员/助理,合肥-蜀山区,5000-6000元,安徽捷冠光电科技有限公司,电子/半导体/集成电路,20-99人,未融资,CC818287330J40813414315,有LED显示屏方面的的经验，从事过LED显示屏销售或施工安装，有项目管理经验或者项目交付经验者优先，会简单处理LED显示屏简单故障问题，会维修LED显示屏电路或者模组者优先考虑！,5月30日,"安徽捷冠光电科技有限公司成立于2008年，是一家专业从事LED显示屏设计制作的公司；公司着重于室内外LED显示屏项目及其衍生产品的开发、设计、工程，业务领域从教育系统拓展到金融行业，交通系统（机场、车站、码头）、医疗卫生系统、政府机关（工商、税务、海关、公安、消防、法院、检察院）等。至今公司各种产品畅销全国各地，得到了社会各界的广泛好评，与此同时本公司还拥有一支强大的市场营销与售后服务队伍；我公司专业制作户内单色、双色、全彩单元板，LED单色、双色、全彩户外模组，箱体及成品，可承接各种LED显示屏的SMT贴片，插件，灌胶加工及OEM公司始终贯彻以科技为先导，不断开发和创新，采用著名厂家的发光器件，拥有多条现代化生产流水线,回流焊机,波峰焊机等先进设备，执行严格的生产工艺标准，确保产品的精良品质。通过科技与工程人员多年不懈的努力，已基本解决当前国际国内LED显示屏普遍存在诸如高亮度,功耗,成本,清晰度,使用寿命,散热、防潮、可靠性、稳定性、扩充功能、虚拟显示等诸多问题。本公司生产的LED显示屏具有种类齐全，稳定性高，性价比高，使用寿命长，使用范围广等特点。已基本满足国际、国内各种用途的需要。共司自创立以来，本着“专业品质，卓越服务”的原则，经过不懈的努力，捷冠机电公司的品牌得到了越来越多的用户肯定，并在业界树立了良好的企业形象。","https://www.zhaopin.com/jobdetail/CC818287330J40813414315.htm?refcode=4019&srccode=401901&preactionid=a7c1140f-c46c-45e5-b867-ab342d8bdc77"
4410,项目专员/助理,天津-北辰区,3000-4000元,天津默勒电气有限公司,"电力/水利/热力/燃气,仪器仪表制造,电气机械/电力设备,房地产开发",20-99人,未融资,CC280970910J40747283510,负责合同及其他营销文件资料的管理、归类、整理、建档和保管及客户的维护等工作。招投标文件的预算报价整理，项目实施进度的汇报及整理，向总经理直接汇报 具体薪资面议！    学历要求高中毕业即可      公司地点：北辰科技园 地铁三号线,5月23日,天津默勒电气有限公司我公司产品主要服务于电力、冶金、纺织、建筑、石油化工、水泥等行业及工矿企业。主要产品是电器开关设备、低压成套设备。先后与MOELLER公司、ABB公司等著名企业联手合作，研发了具有先进水平的各式低压开关柜。我们以成熟的经营理念、专业的技术创新人员以及精良、先进的生产设备，为多家企业提供了各种配电设备，得到了企业的认可，为水泥行业的发展做出了贡献。,"https://www.zhaopin.com/jobdetail/CC280970910J40747283510.htm?refcode=4019&srccode=401901&preactionid=a7c1140f-c46c-45e5-b867-ab342d8bdc77"
4411,项目专员/助理,深圳-龙岗区,7000-8000元,深圳市天星一路科技有限公司,计算机软件,20-99人,,CCL1486091220J40741702411,岗位内容： 1. 协助技术人员进行项目实施前期准备工作，包括方案书、验收标准制定等； 2. 负责技术演示材料的准备和更新，确保演示过程高效顺畅； 3. 组织技术人员进行培训和学习，做好培训记录及跟进； 4. 参与技术部门的质量管理体系建设及落实。 任职要求： 1. 具备良好的语言表达能力和演示能力； 2. 拥有一定的技术基础和技术文化素养，了解IT行业； 3. 精通各类办公软件及PPT制作工具； 4. 主动积极，能承受较大工作压力，具备高度的责任心和执行力； 5. 具备良好的团队协作意识及沟通能力。,5月30日,,"https://www.zhaopin.com/jobdetail/CCL1486091220J40741702411.htm?refcode=4019&srccode=401901&preactionid=a7c1140f-c46c-45e5-b867-ab342d8bdc77"
4412,项目专员/助理,烟台-芝罘区,4000-8000元,山东和熙项目管理有限公司,"商业代理服务,咨询服务",20人以下,不需要融资,CCL1335779810J40313707003,一、岗位职责： 1、学习、了解招标代理业务性质及各项法律法规； 2、协助项目经理进行招标方案的编写及招标文件、公告等内容的校稿、发布； 3、参加招标会议； 4、负责标前准备、开标记录、招标备案等相关工作。 二、岗位要求： 1、原则性强，严格按照业务流程、法律法规完成各项工作； 2、熟练掌握基础办公软件； 3、责任心强、严谨、认真，学习能力强。工作中有很好的主动性和执行力； 4、有招投标行业工作经验者优先录用。会驾驶者优先录用。 三、福利待遇： 1、五险一金； 2、法定节假日； 3、节日福利； 4、带薪旅游、培训； 5、绩效奖金、司龄奖、停车补助等。,7月26日,山东和熙项目管理有限公司成立于2017年，办公地点在烟台市芝罘区1861文化创意产业园，自有办公面积800平方米。公司主要经营业务范围为：招标代理、造价咨询、绩效管理、项目管理。可承担各类政府采购货物、服务、工程项目的政府采购业务；建设工程招标代理业务；中央投资项目招标代理业务。工程预算、全过程造价跟踪、结算审计等造价咨询业务。事前绩效评估、预算评审、绩效评价等绩效管理业务。贯通前期咨询、采购、投资控制、绩效监控等项目管理业务。公司组织机构健全，内部设置合理，技术力量雄厚，各项制度健全，办公条件优越。连续多年为烟台市政府采购定点单位，在烟台市、芝罘区、莱山区、高新区、福山区、牟平区、海阳市、龙口市、莱阳市等县市区政府机关单位、事业单位，武警部队、消防部队等军队，高校，医院，国丰集团、交运集团、康佳集团、华润集团、国资委下属企业等大型国企央企开展业务。公司遵纪守法，加强对法律法规知识的培训学习，让每个员工自觉学习法规，形成了遵纪守法的自觉性。通过优质的服务，认真负责细致的工作，赢得了社会各界的信任和支持。公司重视业务流程的规范管理，以及发挥所有团队成员力量，讲究团队成员的配合。公司对每一个项目有规范的流程要求，且对每一位员工有详细全面的培训及工作规范要求。严谨恭敬，对甲方的每一个项目都怀有敬畏之心，把每一项工作做精做细。我单位有常年的业务法律咨询顾问，为我们各项业务的开展提供充足的经验和法律依据。,"https://www.zhaopin.com/jobdetail/CCL1335779810J40313707003.htm?refcode=4019&srccode=401901&preactionid=a7c1140f-c46c-45e5-b867-ab342d8bdc77"
4413,项目经理/主管,郑州-金水区,1-1.5万,河南明辉建设集团有限公司,房地产开发,20-99人,,CC833038900J40760010014,岗位内容： 1. 负责矿山项目的前期策划、设计和实施，确保项目运行稳定、高效。 2. 参与项目各项工作，协调处理项目中出现的问题和风险，推动项目顺利完成。 3. 编制相关文件和报告，及时更新项目进展和成果。 任职要求： 1. 具有二级或以上注册建造师资格证书（矿业工程专业）和应急厅B证。  2.具备矿山项目实施相关经验，熟悉项目管理和操作流程，熟悉该领域相关法规及标准。   3. 有较好的沟通能力和团队合作意识，在团队中发挥积极作用。   4. 具有责任心和抗压能力，能够适应多任务并行工作，不断学习和提升自己的专业水平。,5月29日,河南明辉建设集团有限公司(简称：明辉建设集团），注册资金10010万元。主要从事市政工程、园林绿化工程、公路工程、水利水电工程、装饰装修工程建设施工。现具有市政公用工程施工总承包壹级、建筑工程施工总承包叁级、水利水电工程施工总承包叁级、公路工程施工总承包叁级、机电工程施工总承包叁级、风景园林工程设计专项甲级、建筑装修装饰工程专业承包壹级、防水防腐保温工程专业承包壹级、消防设施工程专业承包壹级、钢结构工程专业承包壹级、古建筑工程专业承包壹级、地基基础工程专业承包壹级、城市及道路照明工程专业承包壹级、环保工程专业承包贰级、建筑机电安装工程专业承包叁级、公路路基工程专业承包叁级、桥梁工程专业承包叁级、隧道工程专业承包叁级，是一家以设计施工为主的大型现代化企业。明辉建设集团自成立以来，不断谋求新的发展。先后承接了多项市政道路、市政桥梁、污水处理、城市管网、大型城市广场、园林绿化、水生态治理、河道治理、公路工程、大型建筑装饰装修等工程项目，精品特色项目主要有郑州市新田大道（阳春路-御马路）等4条道路工程项目、郑州市地铁十号线火车站西广场站、医学院站、绿城广场站装修工程项目、洛阳龙门站北广场室外工程广场铺装项目、洛阳市“四河同治”洛河西段河道治理及南岸景观绿化项目、安阳珍珠泉公园西区修缮与维护工程项目、郑州二七区张巍寨街四标道路施工项目、新郑茨山路南移道路建设项目等，多次被省市行业主管单位评定为AAA级信用企业，授予多项奖项和荣誉，并取得ISO9001质量管理体系、ISO14001环境管理体系和OHSMS18001职业安全管理体系认证证书。所承接工程优良率达到20%，合格率达到100%，为社会创造了一大批优质精品工程。明辉建设集团拥有健全的管理体系，实行规范化、流程化、精细化的管理模式，公司组织结构清晰，下设综合管理部、人力资源部、财务部、市场经营部、工程技术部、物资设备部、质量安全部和审计法务部8个职能部门。公司建立以人为本的用人理念，具有一批技术强、业务精、作风优的高素质人才队伍。公司现有员工300余人，其中注册建造师、中高级工程师、造价工程师、会计师等70余人，大专以上学历员工占公司员工总数的95%以上；有各类先进工程设备200余台（套）。明辉建设集团总部位于河南自贸区郑州片区（郑东新区），坐落于熊儿河畔，与省府毗邻，交通便利。公司战略目标明确，依托省会郑州国家中心城市的区位优势，辐射河南全境，施工产值逐年增长，公司发展不断壮大！我们一贯遵循“诚信、敬业、拼搏、责任”的企业精神、“追求卓越、创造价值”的经营理念、打造“有文化、有品质、有实力、有责任”的现代化建设企业。我们将以持之以恒的工作态度，精益求精的施工技术，竭诚为客户提供优质的服务，坚持顾客的需要就是我们的追求。为客户、为社会奉献精品工程！,"https://www.zhaopin.com/jobdetail/CC833038900J40760010014.htm?refcode=4019&srccode=401901&preactionid=a7c1140f-c46c-45e5-b867-ab342d8bdc77"
4414,项目经理/主管,合肥-None,5000-10000元,安徽优达建设科技集团有限公司,装饰装修,20-99人,,CC490536020J40316850108,1、具有大专及本科以上学历，具备驾驶证C证； 2、协助完成总经理分配的相关工作，能独立管理项目； 3、有工作经验者优先，也可培训应届生； 4、有团体意识，集体荣誉感强，有不断上进学习的精神。 有驾驶证者优先 职位福利：绩效奖金、全勤奖、节日福利、项目奖金、周末双休、五险一金、员工旅游、定期团建 ,8月28日,现因公司发展，需要诚聘以下经验，欢迎精英加入！,"https://www.zhaopin.com/jobdetail/CC490536020J40316850108.htm?refcode=4019&srccode=401901&preactionid=a7c1140f-c46c-45e5-b867-ab342d8bdc77"
4415,项目专员/助理,大连-金州区,4000-6000元,智汇新能科技(大连)有限公司,"云计算/大数据,新能源",20-99人,天使轮,CC831095230J40516320507,职位描述,5月3日,智汇新能科技（大连）有限公司，主营业务：以能源物联网技术为核心，采用“开源、节流、增效”模式，在能源系统前端搭建清洁能源、新能源为核心的企业级、区域级能源系统供给系统；在能源系统后端搭建以节能技术为核心的创新型高效节能用能系统；智慧物联网技术实现系统高效驱动。公司以工程模式、EMC模式、EPC模式、能源托管模式进行智慧能源能耗系统集成；旧系统节能改造及系统运行管理。因公司业务发展需要，招聘新人加盟。,"https://www.zhaopin.com/jobdetail/CC831095230J40516320507.htm?refcode=4019&srccode=401901&preactionid=a7c1140f-c46c-45e5-b867-ab342d8bdc77"
4416,项目经理/主管,上海-宝山区,1-1.5万,上海润立美术设计有限公司,装饰装修,20-99人,未融资,CC202989310J40498415713,1. 工程项目的总代表和总负责，代表公司履行落实各项工程合同条款； 2. 总体控制工程项目，对指派工程项目的质量、进度和利润目标的实现担负责任； 3. 负责制定项目投标的具体实施方案，包括工程进度计划、技术方案、安全生产和质量保证措施； 4. 在项目中负责业主、监理、设计单位及公司相关部门的协调工作，为工程的施工工作创造有利条件； 5. 组织项目各阶段验收工作，统计各阶段的完工情况，保障工程进度款的收取； 6. 工程项目的文档资料审核及批复；并组织人员做好工程资料整理、汇总及存档； 7. 负责设计变更、工程签证的落实，统计竣工及签证工程量，做好项目结算工作； 任职要求 本科以上学历，建筑工程、装饰装修工程管理相关专业毕业； 2. 具有三年以上实际工程管理工作经验； 3. 富有责任心，具有较强的组织、沟通、协调及领导能力； 4. 具有强烈的质量意识和成本控制理念； 5. 能适应长期出差； 6. 持有建造师资格证书（装饰装修/建筑工程二级以上）优先； 7. 至少3个中型及以上规模展览展示工程管理经验。 8. 负责工程人员现场的考勤、加班管理，为部门经理对工程管理人员的绩效考核提供工程现场的依据； 9. 组织工程项目维护维修和售后服务，系统集成能力。,5月13日,1999年丹桂飘香的日子，上海润立美术设计有限公司作为国内为数不多的从事博物馆、纪念馆、展览馆展示设计、制作、布展的专业公司在上海的西北隅成立了。上海润立美术设计有限公司成员自1992年起，经历了诸如上海历史博物馆（虹桥时期，获全国十大精品陈列）、广州南越王墓博物馆、广东省博物馆、南京大屠杀遇难同胞纪念馆、梅园新村纪念馆、南京孙中山纪念馆、西周燕都遗址博物馆、江苏常熟博物馆、宁波镇海口海防理事纪念馆、北京卢沟桥抗日战争纪念馆（获全国十大精品陈列）、国防大学校史陈列馆、上海民族英雄陈化成纪念馆等等众多项目的设计、施工、布展实战，长达十几年之久，积累了非常丰富的实践经验，锻炼了技术技巧，现在我们可以自豪地说：我们有能力为社会文博和展览事业提供优质的全程服务。我公司全体成员，发愤图强、勤奋好学、刻苦实践，不仅形成了能够协作行动的、坚强的技术团队，而且拥有自己的制作工厂和不断完善的技术装备。诚信、务实、创新是我们一贯坚持的信念，服务在心、竭力而行是我们始终坚持的宗旨。我们信奉的诚信服务、务实的工作态度，亦得到了社会有关单位和人士的好评，我们虽然年轻，但我们充满了信心和朝气，并在老一辈的专家、学者、艺术家、设计家，如费钦生先生等的指导下，发扬勇猛前进、开拓创新精神，为社会提供更好的专业服务。,"https://www.zhaopin.com/jobdetail/CC202989310J40498415713.htm?refcode=4019&srccode=401901&preactionid=a7c1140f-c46c-45e5-b867-ab342d8bdc77"
4417,项目专员/助理,上海-黄浦区,120-170元/天,上海金拓展览服务有限公司,广告/营销,20-99人,,CC000530000J40712017102,1.配合项目组做好展会布展、开展、撤展期间对搭建工程进度把控与工程质量监管，及时进行综合情况的汇报反馈，确保搭建任务顺利完成； 2配合主办方对特装展位统一管理的需求，做好对特装展台施工搭建进度与安全等方面的监督、检查，并及时汇报反馈； 3照公司运营标准流程，对各配套服务供应商进行有效的监督与管理，确保搭建专业度，工程质量，呈现效果等达到项目预期；对搭建商工作流程中的问题或缺陷及时进行纠正，并跟进直至解决； 4项目档案整理 5按照公司要求，进行展览会主场项目前期策划、会前筹备、现场执行及会后结算等工作； 6跟进会展项目运作全过程，落实项目合同签订、展前综合服务与申报事务、进场期各项配套服务工作及展后各类收尾事务； 7展会现场维护管理，客户各类诉求落实，并做好内外衔接与具体对接口工作安排，确保项目顺利开展。 8配合完成团队安排的其他各工作事务。 任职要求 1、大学专科以上学历，会展相关专业优先； 2、良好的计划执行能力、协调能力和人际沟通能力； 3、较强的主观能动性，良好的团队意识，高度的责任心，能够承受较强的工作压力； 4、做事踏实、有耐心及吃苦精神，能够适应阶段性加班和繁忙的工作节奏与状态； 5、能熟练使用各类常用办公软件。,7月24日,我们做什么：上海金拓展览服务有限公司自96年创立至今，致力于为各类型展览会的各企业提供多样化的展览展示工程，分为展台设计及现场搭建、广告策划及公关推广活动于一体的专业公司。金拓展览一贯秉承“创新、优质、高效”的服务原则，以严谨的工作态度，雄厚的设计实力，完善的客户服务，丰富的行业经验和不断的创新精神，为每个客户提供最优秀的品牌服务。我们的行业优势： 1.我们同国内外多家展会的主办单位建立了良好的合作关系； 2.我们拥有专业优秀的员工，同时在上海、北京、青岛、深圳、广州、海南等地区均设有专业的制作工厂； 3.我们拥有丰富的活动器材、宣传礼品、活动媒体及高端杂志等服务资源； 4.我们拥有经验丰富的顾问团队；由于展会趋势发展迅猛，我公司的业务扩张，需要更多有自信，有能力的队员加入我们这个团队中，谢谢！（谢绝来电来访）,"https://www.zhaopin.com/jobdetail/CC000530000J40712017102.htm?refcode=4019&srccode=401901&preactionid=a7c1140f-c46c-45e5-b867-ab342d8bdc77"
4418,实施工程师,广州-天河区,120-150元/天,广州河东科技有限公司,"智能硬件,物联网,人工智能,智能硬件",300-499人,A轮,CC834430510J40735728914,备注：该岗位工作语言主要为英语 任职要求： 1、本科及以上学历，理工类专业，具备电子、通讯、软件综合理论知识。  2、英语CET4或同等及以上水平，日常工作为英语口语交流；掌握CAD、PPT等办公软件优先。 3、具有良好的沟通协调能力和学习能力。 4、可全职实习6个月及以上，2026届同学优先。 岗位职责： 1、负责客户的产品使用咨询、项目问题解答及处理。  2、通过电话、视频或文字的方式，协助解决客户投诉案件。  3、以线上结合线下的方式，为客户提供技术培训。  岗位说明： 1、该岗位后续往技术支持工程师或售前工程师方向培养。 2、因客户时差问题有时需要安排值班，值班时长可用于调休。 3、该岗位转正后有出差的可能性，4-5次/年，每次1-2周，中东、欧洲、印度为主。 实习待遇：实习工资120-150元/天+餐补25元/天+公司购买商业意外险,6月18日,广州河东科技有限公司（HDL）始于1985年，是一家致力于“用智能产品创造健康生活空间”的全球化科技企业，目前已成长为有线智能控制领导品牌，业务涵盖全屋智能、智能照明、智慧酒店、智慧养老等领域，核心品类包括主机、继电器、调光器、灯光驱动、暖通控制器、面板、传感器、协议转换器等。截至2024年，HDL的智能产品已出口全球106个国家和地区，代表案例包括北京人民大会堂、上海世博会中国馆、广州天环广场、深圳龙华金茂府、澳门摩珀斯酒店、迪拜国际机场、比利时北约总部大楼、伦敦O2酒店、德国宝马博物馆、捷克布拉格国家歌剧院等。福利保障：员工食堂（餐饮补贴）、员工宿舍、通勤班车、五险一金、周末双休、定期体检、培训学习……公司地址：广州市天河区建中路24号广州市番禺区石楼镇莲花西路86号杭州市余杭区未来科技城乐富海邦园,"https://www.zhaopin.com/jobdetail/CC834430510J40735728914.htm?refcode=4019&srccode=401901&preactionid=a7c1140f-c46c-45e5-b867-ab342d8bdc77"
4419,项目经理/主管,温州-龙湾区,6000-12000元·13薪,浙江长江汽车电子有限公司,"汽车研发/制造,汽车研发/制造",1000-9999人,未融资,CC408437220J40350037305,1、认同公司的企业文化与发展目标 ，具有项目管理基础知识，负责项目开发计划书和项目主计划并负责后续申请更改,6月7日,温州长江汽车电子有限公司(暨温州长江汽车电器有限公司)创建于1980年， 1990年进入汽车零部件行业，经过逾二十年的发展，在国内同行业中奠定了坚实的基础，综合实力位列国内同行业前三名。公司主要产品为车用电子电器开关、控制模块、控制面板等；是美国通用、德国大众、一汽-大众、上海大众、上海通用、上海汽车、长安福特、北京现代、北京奔驰、一汽轿车、奇瑞汽车、哈飞集团等国内外40余家汽车主机厂的专业定点配套供应商，配套的代表性车型有奥迪A6（L）、奥迪A4（L）、奥迪Q5、迈腾、君越、宝来、帕萨特、奔腾、红旗、马自达M6、景程、荣威、明锐、凯越、捷达、桑塔纳等系列轿车，以及卡车、轻型车、微型车等。产品型号达6000余种。 1999-2000年，公司在国内同行中率先通过了ISO9001、QS9000及VDA6.1质量体系认证，并于2005年11月通过TS16949质量体系认证；多次被评为温州明星企业、重点企业，曾先后获得温州市人民政府颁发的“先进企业”、“星级企业”、“信用优良企业”、“纳税光荣户”、“2010年度制造业纳税五十强”等荣誉称号，是一汽集团、一汽-大众、奇瑞汽车、哈飞集团A级供应商。先后获得一汽集团“优秀供应商”，一汽-大众“优秀国产化供应商”、“优秀质量奖”、“十佳供应商”等荣誉表彰。公司于2009年初迁入温州市经济技术开发区滨海工业园区新址，拥有建筑面积7万平方米的现代化标准厂房，企业现有员工3200余人，其中大专以上技术及管理人员1000余人，初级或中级职称以上的科技人员900余人，直接从事研发的科技人员400余人。公司集科研、开发、生产于一体，具有很强的自主产品设计开发和模具设计制造能力。公司自创建以来，不断采用新工艺和先进专用设备，产品设计日趋完善，产品质量稳步提高，并开始与国际市场接轨，在与国内外同行竞争时，已具有开发周期短、质量高、成本低的优势。公司是美国通用汽车的全球供应商，并已成功进入美国通用高端汽车电子产品的全球供应链。在美国、德国、韩国、加拿大建有研发中心或办事处。适值企业快速发展之际，热忱欢迎海内外各界有志之士加盟，共创辉煌！公司经营理念：以人为本，追求卓越公司愿景：打造最具品牌价值和竞争实力的汽车零部件制造企业,"https://www.zhaopin.com/jobdetail/CC408437220J40350037305.htm?refcode=4019&srccode=401901&preactionid=a7c1140f-c46c-45e5-b867-ab342d8bdc77"
4420,项目专员/助理,长沙-长沙县,3000-5000元,长沙雷邦环保科技有限公司,"环保,环保,专用设备制造",100-299人,天使轮,CC427332980J40832867104,岗位内容： 1. 协助项目经理完成项目计划和进度安排，跟踪项目执行情况并进行记录； 2. 收集、整理和分析项目相关数据，汇总报告并撰写总结分析； 3. 参与编制项目立项申请、招投标文件及合同等文档； 4. 协助组织项目会议、培训与沟通等工作； 5. 监督项目现场施工的进展和质量，并及时协调解决问题。 任职要求： 1. 具有较好的团队协作能力和沟通能力，能够积极主动解决问题； 2. 熟练掌握办公自动化软件，具备较强的数据分析和撰写技能； 3. 具备一定的项目管理知识和方法论基础，熟悉项目管理流程和工具； 4. 有较强的责任心和抗压能力，能够承受项目压力和工作压力； 5. 有相关行业从业背景或相关项目工作经验者优先考虑。,7月17日,长沙雷邦环保科技有限公司，成立于2012年，现有员工200余人，是一家由国资参股的以“有机废弃物”处理为主题的节能环保企业，业务领域涵盖：装备研发制造、工程投资建设及项目运营服务。在餐厨垃圾、厨余垃圾、农业废弃物处理、农业面源污染治理、微生物环保菌剂产品等细分市场领域拥有核心技术。拥有激光下料、数控折弯、自动焊接、冷作涂装等完善的工艺技术和装备，以及行业领先的各种自动化加工设备，保证产品优质可靠；建有先进的微生物实验室，专注环境微生物处理技术研发，配备的微生物菌剂产品自动生产线年生产能力可达5000吨。已通过国家高新技术企业认定、ISO三体系认证，是国家行业标准起草单位，拥有环保工程专业承包三级、安全生产许可资质。行业内唯一实现装备、菌种全品类自主生产企业。目前在国内外已建成和在建项目多达197项，涉及28个省级行政区，日处理垃圾量超2000吨。雷邦环保是一家具有核心技术和持续创能能力的节能环保企业，秉持着“让环境更美好”的企业使命，期待与您携手前进，共创辉煌！招聘电话：13341312199（微信同号/备注姓名与岗位）雷邦环保官网：https://www.lbome.cn/,"https://www.zhaopin.com/jobdetail/CC427332980J40832867104.htm?refcode=4019&srccode=401901&preactionid=a7c1140f-c46c-45e5-b867-ab342d8bdc77"
4421,测试工程师,合肥-庐阳区,1.5-2万·13薪,青岛鼎赫人力资源有限公司,人力资源服务,20人以下,,CC682590480J40784536114,岗位职责： 1. 负责软件的功能测试。 2. 执行测试用例，报告缺陷并跟踪缺陷的修复。 3. 与开发团队协作，确保软件质量满足需求。 4. 参与软件测试流程的优化和改进。 岗位要求： 1. 熟悉软件测试理论、方法和流程。 2. 具备功能测试经验。 3. 了解运维工程师、网络工程师的工作内容，能进行基本的IT质量管理。 4. 有信息技术、标准化、电子或电路工程相关背景者优先。 薪资待遇：包住、六险一金、工龄工资、生日礼金、定期体检、带薪年假、绩效奖、项目奖、年终奖.,2025年07月30日,,"https://www.zhaopin.com/jobdetail/CC682590480J40784536114.htm?refcode=4019&srccode=401901&preactionid=a7c1140f-c46c-45e5-b867-ab342d8bdc77"
4422,项目经理/主管,武汉-None,6000-8000元,湖北九维测绘设计有限公司,"房地产开发,互联网",20-99人,,CZ426691880J00061111105,岗位职责： （1）参与完成土地利用总体规划及整治规划的修编、修改、评价、专题研究等工作； （2）参与完成土地整治项目可研、规划设计、预算编制；生产类、建设类，土地复垦方案编制；城乡建设用地增减挂钩项目等整治方向的工作； （3）负责完成开发区集约节约、城市建设用地集约节约评价等工作； （4）负责编制土地利用方向相关课题研究工作。 任职要求： （1）土地资源管理、城乡规划、资源环境、地理信息系统、农田水利等相关专业，本科以上学历； （2）能熟练应用设计软件（AUTOcad、Mapgis、Arcgis等），有较强的文字功底； （3）综合素质强，具备良好的沟通协调能力和团队协作精神，具备良好的道德素养、责任心强； 职位福利：年终分红、带薪年假、员工旅游、定期体检、补充医疗保险、交通补助、五险一金、绩效奖金 ,7月17日,"湖北九维测绘设计有限公司成立于2010年3月，总公司地址位于湖北省孝感市董永路特一号湾流汇，孝感东站起点站对面。注册资本1200万元，办公总面积达1000㎡。2015年设立武汉分公司，位于武汉市东湖开发区武大科技园武大航域二期B-3栋19层4号，依托武大科技园内的实验、科研设施与软件环境，进行技术研发。公司持有自然资源部核发的测绘甲级资质证书,湖北省土地学会核发的土地规划乙级证书,湖北省质量技术监督局核发的CMA计量认证证书以及ISO质量体系等证书。欢迎社会各界精英的加入！","https://www.zhaopin.com/jobdetail/CZ426691880J00061111105.htm?refcode=4019&srccode=401901&preactionid=a7c1140f-c46c-45e5-b867-ab342d8bdc77"
4423,项目专员/助理,北京-朝阳区,8000-12000元·15薪,广东中基合应急产业有限公司,专业技术服务,20-99人,不需要融资,CCL1499175460J40753267507,"一、协会及专委会概况 中国职业安全健康协会 （COSHA）是在民政部注册的全国性、行业性社会组织，在我国安全生产、职业健康与应急管理领域具有成立最早、规模最大、影响力大、实力强的显著特点，兼具多学科、跨领域、综合性优势，是推动我国职业安全健康事业发展、保护劳动者安全健康的重要社会力量。协会在党的工作方面接受中央社会工作部统一领导，业务上受民政部、应急管理部、国家卫生健康委的工作指导与监督管理，同时作为中国科协团体会员单位，积极融入全国科技工作者组织体系。 城市及社区安全发展专业委员会（以下简称“专委会”）是协会分支机构，应急管理部研究中心为专委会主任委员单位，秉持 ""构建全周期安全生态，赋能城市高质量发展"" 的核心理念，融合政策研究、技术创新、标准制定与实践赋能，打造高端专业服务平台。作为国家城市安全治理的重要协同力量，专委会通过整合资源、搭建交流平台，研究解决城市及社区安全领域的热点难点问题，为政府决策提供参考，为公众提供安全服务，助力提升城市及社区安全水平。  二、合作单位与招聘背景  广东中基合与专委会有着紧密且重要的合作关系。广东中基合在应急产业领域深耕拓展，积累了丰富资源、专业技术及广泛影响力。此次招聘受专委会委托，旨在为其招募专业人才。  三、岗位职责 1.参与城市及社区安全发展相关项目的策划、组织和实施，跟踪项目进展，协调解决项目实施过程中的问题； 2.负责与政府部门、企业、社会组织等相关单位的沟通与合作，建立良好的合作关系； 3.收集、整理和分析城市及社区安全领域的相关信息和数据，为项目决策提供支持； 4.撰写项目报告、总结及宣传材料，推动项目成果转化应用。",6月11日,"一、协会及专委会概况​中国职业安全健康协会（COSHA）是在民政部注册的全国性、行业性社会组织，在我国安全生产、职业健康与应急管理领域具有成立最早、规模最大、影响力大、实力强的显著特点，兼具多学科、跨领域、综合性优势，是推动我国职业安全健康事业发展、保护劳动者安全健康的重要社会力量。协会在党的工作方面接受中央社会工作部统一领导，业务上受民政部、应急管理部、国家卫生健康委的工作指导与监督管理，同时作为中国科协团体会员单位，积极融入全国科技工作者组织体系。​作为协会下属机构，专委会挂靠于应急管理部研究中心，深度传承其专业积淀，依托其强大资源优势，持续深耕城市及社区安全发展领域，成为推动行业进步的重要力量。专委会秉持""构建全周期安全生态，赋能城市高质量发展""的核心理念，融合政策研究、技术创新、标准制定与实践赋能，打造高端专业服务平台。作为国家城市安全治理的重要协同力量，专委会通过整合资源、搭建交流平台，研究解决城市及社区安全领域的热点难点问题，为政府决策提供参考，为公众提供安全服务，助力提升城市及社区安全水平。​二、合作单位与招聘背景​广东中基合与专委会有着紧密且重要的合作关系。广东中基合在应急产业领域深耕拓展，积累了丰富资源、专业技术及广泛影响力。此次招聘受专委会委托，旨在为其招募专业人才。​三、岗位优势与发展机遇​专委会在相关专业领域发挥关键引领作用，聚焦行业前沿动态，积极推动政策制定、技术交流及行业标准完善等工作。此次招聘的人员将直接服务于专委会各项业务开展，依托广东中基合在资金、人才、技术、信息等方面的优势，为专委会提供有力支持。同时，应聘者未来工作将深度参与双方协同项目，有机会接触不同地区和背景的行业精英，在更广阔平台上拓展职业视野，获得丰富项目经验与成长机会。","https://www.zhaopin.com/jobdetail/CCL1499175460J40753267507.htm?refcode=4019&srccode=401901&preactionid=a7c1140f-c46c-45e5-b867-ab342d8bdc77"
4424,项目经理/主管,杭州-西湖区,1-2万·13薪,西湖大学,学术/科研,1000-9999人,,CC830919920J40418761207,岗位职责： 1. 协助各类纵向项目的组织申报与管理工作； 2. 协助创新平台的管理工作； 3. 协助各类科研数据统计、报表制定工作； 4. 协助各类科技成果奖励申报； 5. 完成其他部门领导交代的工作。   应聘条件： 1. 认同西湖大学办学理念，了解西湖大学定位和办学特色，具有良好的服务意识和团队协作精神； 2. 了解科技项目管理工作内容，在纵向项目申报方面有相关的工作经验； 3. 具有全面掌握履行岗位职责所需的业务知识和技能方法； 4. 博士学位，具备优秀的英文沟通能力，具有高校院所项目管理或相关工作经验优先。,5月8日,,"https://www.zhaopin.com/jobdetail/CC830919920J40418761207.htm?refcode=4019&srccode=401901&preactionid=a7c1140f-c46c-45e5-b867-ab342d8bdc77"
4425,Java,长沙-岳麓区,1.5-3万·15薪,外企德科数字技术有限公司,专业技术服务,10000人以上,,CCL1480117890J40607774905,岗位职责 1、负责公有云、混合云数据库服务的运维、运营、体验类功能的设计与开发 2、负责打造相对其他云厂商&服务更有竞争力的产品与体验 3、工作模式以互联网开发模式为主，整体架构为前端展示+后端服务调度+服务核心运维的经典三层架构 岗位要求 1、计算机、软件、通信等相关专业本科及以上学历; 2、热爱编程，基础扎实，熟悉掌握但不限于JAVA/C++/C/Python/JS/ HTML/GO等编程语言中的一种或数种，有良好的编程习惯; 3、具备独立工作能力和解决问题的能力、善于沟通，乐于合作，热衷新技术，善于总结分享，喜欢动手实践; 4、对数据结构、算法有一定了解;,2025-07-27 00:23:23,外企德科数字技术有限公司是一家2023年新成立的中外合资企业。成立于2023年11月24日，公司定位：专注于为信息技术企业提供人才及数字技术外包解决方案的中外合资企业。它是由中国人力资源服务行业的FESCO（北京国际人力资本集团）与全球人力资源服务领导者The Adecco Group（德科集团）合资成立的。公司主要提供网络技术服务、软件外包服务、计算机系统服务、技术进出口、软件开发等信息技术相关服务。专注于为信息技术企业提供信息技术类人才及数字技术外包解决方案。,"https://www.zhaopin.com/jobdetail/CCL1480117890J40607774905.htm?refcode=4019&srccode=401901&preactionid=a7c1140f-c46c-45e5-b867-ab342d8bdc77"
4426,项目经理/主管,北京-海淀区,1.2-2.4万,北京四方继保自动化股份有限公司,"电力/水利/热力/燃气,仪器仪表制造,计算机软件,计算机硬件",1000-9999人,已上市,CC000599020J40623830407,岗位职责:,7月17日,北京四方继保自动化股份有限公司是我国能源与工业自动化行业的领军企业，是全球电气控制领域产品、系统、解决方案和服务的知名供应商，由我国微机继电保护奠基人中国工程院院士杨奇逊教授所创立，现为A股主板上市公司（股票代码601126，简称“四方股份”）、国家级企业技术中心、国家重点高新技术企业。四方股份主营产品全面覆盖能源生产、输配、应用链的各个环节，包括变电站自动化系统、继电保护、配网自动化系统、调度自动化系统、发电厂自动控制系统、电力安全稳定控制系统、广域测量与保护系统、微网控制系统、储能控制系统、电能质量管理系统、高压直流输电控制系统、电力仿真培训系统、能源管理系统、轨道交通自动化系统、工业控制系统及各类相关产品等。四方股份是我国电力及综合自动化整体解决方案和服务的主要供应商，在国家电网、南方电网组织的电力二次设备招标中，份额多年来一直稳居前列。科技研发能力是四方股份的核心竞争力，公司长期活跃在在科研战线的最前沿，获得国家科技奖和省部级科技奖七十余项；支持和参与制修订国际/国家/行业标准百余项；承担了数十项国家重大科研课题；多年来持续与科研院所合作开展前瞻性战略性技术研究。四方股份是聚集人才、成就梦想的舞台，期待并欢迎各方英才的加入与合作！,"https://www.zhaopin.com/jobdetail/CC000599020J40623830407.htm?refcode=4019&srccode=401901&preactionid=a7c1140f-c46c-45e5-b867-ab342d8bdc77"
4427,项目专员/助理,北京-海淀区,1-1.5万,北京计算机技术及应用研究所,"计算机硬件,计算机软件,通信/网络设备,IT服务",1000-9999人,未融资,CC120834970J40716831602,1.负责协助项目经理进行大数据类项目管理，推进项目进度， 协助解决项目风险和问题； 2.编写项目过程相关文档； 3.参与项目售前支持、招投标、解决方案编写等工作； 4.学习大数据相关产品及其应用场景； 1.主要面向硕士在读2025年毕业的高校的同学，计算机、信息技术、软件工程等相关专业优先；  2.熟练使用Office办公软件，如Word、Excel、 Visio等，精通PPT制作；  3.谈吐大方、表达流畅、逻辑清晰，具备文字功底， 能够独立应对客户咨询、撰写售前材料，善于通过分析提炼出有价值观点；  4.了解系统架构、信息系统软件的设计，了解需求分析和功能设计；  5.身体健康，积极开朗，自驱力强。,3月19日,"北京计算机技术及应用研究所，是一家历史悠久且富有活力的研究所，隶属于中国航天科工集团公司，是国内最具实力的特种计算机研究所之一，拥有硕士点最多的计算机专业研究所，包括计算机系统结构、计算机应用技术、计算机软件与理论、计算数学、控制理论与控制工程等5个专业硕士学位授予点。现有所培在读硕士生、博士生60余人。研究所现有从业人员1500余人，其中科研人员1100余人。研究所拥有抗恶劣环境计算机系统、车载计算机、服务器、单兵作战计算机、通信设备及防火墙等全系列产品线。另外在计算机系统软件、支撑软件、软件工程与软件评测、SoC、嵌入式计算机、物联网技术、安全防护技术等多个领域均有较强实力。取得了""银河""亿次向量识别器和算法库，特别是火箭，飞船的软件评测等重大科研成果,研究所位于繁华的北京西长安街，2013年，公司在西四环五棵松桥西北，投资新建了10万平米智能化办公楼，交通便利，环境优雅，另外在丰台区、房山区设有多个办公室。研究所下设物联网、中认、爱威、航天数控四大科技产业公司，拥有7个事业部和2个前沿技术研究中心。是上市公司航天长峰（600855）的第二大股东。有军工企业特色的良好人文环境。科研任务饱满，课题研究经费充足，产业前景良好，有充足的科研开发课题和工程研究项目，有培训、晋升等多种激励政策，有完善的保障、福利和生活配套设施，待遇丰厚，有极具挑战性的事业和广阔的个人职业发展空间。欢迎身为青年才干的你早日加入我们，成就更大的事业！","https://www.zhaopin.com/jobdetail/CC120834970J40716831602.htm?refcode=4019&srccode=401901&preactionid=a7c1140f-c46c-45e5-b867-ab342d8bdc77"
4428,技术支持工程师,广州-番禺区,4000-6000元·13薪,广州畅视通信息科技有限公司,IT服务,20人以下,,CC576038780J40690757706,负责音视频产品项目需求清单配单、设备出货、出货后远程调试等相关工作,7月8日,,"https://www.zhaopin.com/jobdetail/CC576038780J40690757706.htm?refcode=4019&srccode=401901&preactionid=a7c1140f-c46c-45e5-b867-ab342d8bdc77"
4429,硬件测试,成都-锦江区,7000-10000元,重庆科满福人力资源服务有限公司,企业服务,20-99人,,CCL1487604860J40931085504,,2025年07月28日,,"https://www.zhaopin.com/jobdetail/CCL1487604860J40931085504.htm?refcode=4019&srccode=401901&preactionid=a7c1140f-c46c-45e5-b867-ab342d8bdc77"
4430,项目经理/主管,深圳-南山区,1.2-1.5万,深圳市深汇通能源科技发展有限公司,"新能源,电力/水利/热力/燃气",20-99人,未融资,CCL1467663180J40716432315,（一）岗位职责 1.根据实际业务情况，制定并分配项目实施计划，保证项目有序推进； 2.负责项目团队建设，监督项目工作进展，确保团队高效运转； 3.协调和整合项目所需的各种资源，包括设备、材料、人力等，确保项目资源的及时供应和有效利用； 4.识别和分析项目中可能出现的风险和问题，制定相应的应对措施，确保项目的顺利进行； 5.制定和实施项目的质量保证计划，确保项目满足相关的质量标准和客户要求； 6.完成上级领导交给的其他工作任务。 （二）任职要求 1.工程项目管理、机电、电气等相关专业本科及以上学历，985、211院校优先； 2.熟悉能源领域相关政策与规划； 3.精通相关专业知识，熟悉项目执行流程以及产品周期，能高效完成任务； 4.善于沟通和表达，能承受较强的工作压力，可接受一定周期的出差工作； 5.具有团队精神，能够积极主动工作，快速响应团队的要求，具备良好的敬业精神和职业道德。 （三）薪资福利 薪资：1.2-1.5万 五险二金 节日福利,7月24日,深圳市深汇通能源科技发展有限公司是南山区属国有企业深圳市深汇通投资控股有限公司下属全资子公司，是一家集综合能源规划设计、投资建设、运营管理为一体的专业公司，注册资本金25550万元。公司秉承“绿色低碳、创新共赢”的企业理念，以综合能源业务为核心，以技术创新和综合能源解决方案为动力，积极布局分布式能源、区域能源、建筑节能及交通节能等领域业务，通过能源的综合利用和智能化管理，大幅度降低城市能源消耗和碳排放，助力实现国家“双碳”目标。公司主要业务涉及公共建筑光伏建设、充换电场站建设、新型储能场站建设、单体建筑节能、智能停车库及集中供冷等。同时公司致力于推进能源数字化、绿色化的“双化”协同转型发展，通过打造“全国首个”发挥行业示范引领作用，如全国首个零碳光储直柔立体车库、全国首个工业上楼集中供冷工程项目、作为副主编单位参编全国首个近零碳立体机械停车库评价标准等。公司在建蛇口大厦项目还获批国家级“近零能耗建筑设计评价标识”、第二批“深圳市近零排放建筑试点示范项目”、广东省第一批碳达峰碳中和项目试点，是深圳市第一个既有高层办公建筑改造的近零能耗建筑和近零碳建筑。展望未来，公司将牢记区属国有企业功能定位，始终将服务南山区的发展战略作为首要目标，坚持国际视野和高水平发展，积极构建能源领域创新服务生态体系建设，为打造成为湾区一流综合能源服务运营商而不懈努力。,"https://www.zhaopin.com/jobdetail/CCL1467663180J40716432315.htm?refcode=4019&srccode=401901&preactionid=a7c1140f-c46c-45e5-b867-ab342d8bdc77"
4431,项目经理/主管,西安-雁塔区,1-2万,特变电工,"电气机械/电力设备,矿产/采掘,金属制品业,互联网",10000人以上,,CC120393540J40691021309,1.设计管理:负责组织编写设计招标文件，开展招标、评标、定标、商务谈判、合同签订和执行工作，组织对设计方案、设计图纸的审查工作，组织对设计进度、设计质量和服务进行监督。 2.设备材料管理:负责组织编写设备材料的招标文件，开展招标、评标、定标、商务谈判、合同签订和执行工作；处理项目实施过程中与采购有关的事宜。负责设备材料的技术审查工作，设备材料的招标计划、设备供应计划、设备监造计划，现场服务计划，并组织设备供方编制设备和材料制造计划；负责设备和材料的采购、监造、催交、催运、现场服务及售后服务等全过程管理工作; 3.施工管理:负责编写施工、监理或管理公司的招标文件，开展招标、评标、定标、商务谈判、合同签订工作；负责施工、监理或管理公司合同的全过程管理工作；负责乙（施工单位）购设备和材料出口审核、管理（不限于商检、报关、退税、施工人员保险、签证等）等工作； 4.对外联络:关联单位的联络和事项督办工作（联系单、办事处、现场项目部、设计院、施工单位、项目管理单位等）； 5.合同管理:负责项目部内部合同管理工作（按照公司合同管理制度）。,6月3日,特变电工是国家级高新技术企业和中国大型能源装备制造企业集团。培育了以优势清洁能源资源为基础，输变电高端装备智造、硅基新能源、铝电子新材料“一高两新”三大国家战略性循环经济产业链，成功构建了特变电工（股票代码600089）、新疆众和（股票代码600888）、新特能源（股票代码1799HK）三家上市公司，发展成为我国输变电行业核心骨干企业，多晶硅新材料研制生产基地，大型铝电子新材料出口基地，大型太阳能光伏、风电系统集成商。在国内外建设24个高端制造业产业基地，变压器年产量达3亿kVA，光伏EPC装机总量近30GW，均位居行业前列。集团综合实力位居世界一流机械企业500强第25位，中国机械工业500强第4位、中国企业500强第247位、中国民营企业500强第93位、中国制造企业500强第121位，中国制造业民营企业500强第61位，中国大企业创新100强第40位，中国能源企业500强第51位，全国工商联科技创新民营企业第8位，2023财富中国上市公司500强143位。（一）能源高端制造及电力系统集成产业围绕“一特四大”（一特：特高压，四大：大型水电、大型火电、大型核电、大型可再生能源发电基地）国家能源战略，公司先后承担了代表绿色、节能、环保、智能化，首条商业运行的1000kV“晋东南—南阳—荆门”特高压交流工程、代表当今高压直流输电高水平的昌吉-古泉±1100kV特高压直流工程、首条且容量最大的乌东德-广东广西±800kV特高压多端柔性直流示范工程、装机容量最大的台山2×175万千瓦核电、安徽平圩电厂百万千瓦大型火电、三峡百万千瓦大型水电、三峡如东海上风电柔直等一系列代表节能输电技术领域创新领跑工程的中国首台套输变电产品的自主研制。公司构建了变压器、换流阀、开关、二次设备、线缆、套管等输变电领域的全产业链集成服务能力，并是国内少数具备“高压电缆+附件+施工”一体化集成服务能力的企业，产品广泛应用于电网、电源、新能源、石油石化、大交通、新型城镇化、智能制造等国家发展的重点基础建设领域，是行业中承担输变电领域国家重大项目、重点工程和国产化替代最多的企业之一。（二）新能源产业在多晶硅领域，公司依托甘泉堡、准东等新基地，打造以硅基材料为载体，以高端多晶硅为主体，相关循环产业链上下游完备的千亿级硅基新材料产业链，多晶硅年产能达到30万吨。在新能源综合解决方案领域，特变电工围绕构建“能源物联网+风光储输一体化+多能互补+智慧能源平台”的新能源体系，推动“特变电工绿色能源全生态链应用解决方案”在多应用场景、多技术场景、多运行场景的全面应用，引领“光储+”业务模式下的光伏平价上网新时代。聚焦逆变器、SVG、电能路由器等智能产品，同时提供TB-eCloud智慧能源管理平台、智能微电网解决方案等服务，累计承建光伏、风电（离）并网项目5000余座，装机容量超25GW，每年贡献清洁电力超400亿度，可减排二氧化碳3000万吨。（三）铝电子新材料产业铝电子新材料产业是国家大力发展的战略性新兴产业，形成了以“能源-高纯铝-电子铝箔-电极箔”铝基新材料产业链为主体，冶金技术服务、钢铁耐材技术服务、物流服务协同发展的产业新格局。建设了数字化新材料产业园，实现高纯铝、铝电解电容器产品生产流程数字化、智能化、自动化。专注于高纯铝基精深加工，可生产纯度达99.9999%高纯铝产品；成功研发的6N级以上超高纯铝为我国高端生产技术的发展提供了稳定可靠的超高纯铝材料；具备年产8万吨高纯铝、3.5万吨电子铝箔、2500万平方米中、高压电极箔的能力。拥有完全自主知识产权、行业最先进的100型三层法高纯铝装备及工艺技术，成功研制的6N级以上高纯铝靶材坯料；自主研制的高纯铝靶材坯料，实现了TFT—LCD用大尺寸高纯铝靶材重大突破。公司新材料产品广泛应用于轨道交通、电子信息及汽车轻量化领域。（四）能源产业能源产业是特变电工“一高两新”三大战略性新兴产业发展的重大依托，为培育新型工业和现代产业体系、打造“多能互补多晶硅联合新能源光伏循环经济产业链”和“多能互补电子铝箔新材料循环经济产业链”提供了源头保障。构建煤炭、煤电、铁路物流为一体的产业链，打造智慧矿山、绿色矿山、人文矿山，煤矿核准产能7400万吨，参与了国家“疆电外送”重大能源战略建设。特变电工以事业留人，以情感留人，以待遇留人；坚持公开选拔、竞争上岗；信任人才、欣赏人才，不断为优秀人才加担子，让大家在推动企业发展的实践中与公司共同成长，为优秀人才搭建公平成长的舞台。特变电工真诚期待拥有梦想、锐意创新的您能与我们共同成长，共创辉煌明天！公司网址： https://www.tbea.com,"https://www.zhaopin.com/jobdetail/CC120393540J40691021309.htm?refcode=4019&srccode=401901&preactionid=a7c1140f-c46c-45e5-b867-ab342d8bdc77"
4432,项目专员/助理,成都-金牛区,6000-9000元,成都溪水边互联网科技有限公司,广告/营销,20-99人,,CCL1474650540J40765094110,工作内容： 1.负责协助项目主管做好数据统计与售后维护工作。 2.前期1-6个月主要跟着主管学习产品专业知识，与主管一起做好客户对接和维护。  3.学习上手快的可以接触团队运营，负责新人培训、人员基础考核、做好团队管理。 薪资：底薪5000+1500绩效奖金+20%提成，综合薪资6k-9k 转正后基础薪资8000-12000，看个人能力而定，涉及到团队运营额外有团队管理奖金。 通过可提供免费住宿，离公司5分钟，设施齐全，环境整洁温馨（但是不可可能是单间哈），都是年轻人好相处，氛围轻松。 进入公司就是主管一对一带，没有经验要求。,7月26日,企业形象：Open年轻时尚活力企业定位：建立一个既赚钱又值钱的企业企业愿景：打造成中国一流的战略营销平台个人蜕变成企业家的创业孵化器企业核心文化：juice（让我们一起）,"https://www.zhaopin.com/jobdetail/CCL1474650540J40765094110.htm?refcode=4019&srccode=401901&preactionid=a7c1140f-c46c-45e5-b867-ab342d8bdc77"
4433,项目专员/助理,烟台-开发区,6000-8000元,元亨工程咨询集团有限公司,"专业技术服务,咨询服务,土地与公共设施管理,房地产开发",100-299人,未融资,CC603123020J40303253903,一、岗位晋升路径：  咨询员-项目主任-部门主任-事业部总     二、工作内容：            1、收集学习部门内业务知识、制度流程及工程咨询领域相关政策、法规、项目信息等。,7月25日,元亨工程咨询集团有限公司是以管理策划为先导、投资管控为主线、互联网BIM技术为载体、项目增值为目标的一站式工程咨询公司。总部位于中国(山东)自由贸易试验区烟台片区，注册资本5000万元，公司拥有专业咨询团队200余人，60%以上具有中高级职称或注册造价师、咨询工程师（投资）、建造师、结构师、监理师等执业资格。拥有造价咨询甲级资质、监理甲级资质、国家发改委工程咨询单位专业（建筑、市政）甲级资信及PPP专项甲级资信，是财政部PPP咨询入库机构。公司是中国建设工程造价管理协会、中国招标投标协会、山东省工程咨询协会、山东省造价咨询协会会员单位，通过ISO9000质量、职业健康安全、环境管理体系认证。公司倡导持续为客户创造价值的职业信仰，全体员工践行“共识、共担、共创、共享”的合伙人文化，努力实现“以‘和合’文化为根基，通过集成管理、数字技术和‘双合’战略，推动中国工程建设决策与管理的持续进化，成为工程咨询行业领袖”的发展目标。总部地址：山东烟台开发区淮河路2号宏远大厦3楼济南公司地址：济南市市中区金鸡岭别墅区旅游南路27307号3-7号,"https://www.zhaopin.com/jobdetail/CC603123020J40303253903.htm?refcode=4019&srccode=401901&preactionid=a7c1140f-c46c-45e5-b867-ab342d8bdc77"
4434,项目专员/助理,北京-丰台区,190-200元/天,北京摩湃得科技有限公司,互联网,20人以下,,CC545924180J40868506004,岗位职责: 1. 协助项目团队进行日常产品运营工作: 产品运营：协助参与产品的日常运营。 产品测试：协助进行产品测试和反馈。 2. 参与项目策划和执行，确保项目按时完成 3. 与团队成员有效沟通，协调项目相关事宜 任职要求： 1. 在北京，大四在校生，可以保证至少四个月，每周的周一至周五实习时间。 2. 热爱使用互联网社交产品。 3. 具备良好的沟通能力，学习意愿强。 职位优势： 1、每天获取信息量大，工作要求高，成长空间大，成长速度快； 2、相比较其它实习工作，该工作拥有较大的权利。在指导下可以直接运营，收获一线用户反馈，完成工作闭环，获得成长； 3、创业小团队，同事敬业努力，沟通密度高，有效信息含量高。你会学习到一个优秀的团队是如何开展工作。 4、如果你成长快，能力水平高，可以做更高级的管理工作；,4月29日,北京摩湃得科技有限公司是一家初创的高科技企业，其创始人来自知名互联网公司／世界五百强IT咨询公司。公司致力于为C端用户提供基于人工智能/高科技的移动互联网内容服务。,"https://www.zhaopin.com/jobdetail/CC545924180J40868506004.htm?refcode=4019&srccode=401901&preactionid=a7c1140f-c46c-45e5-b867-ab342d8bdc77"
4435,项目专员/助理,苏州-相城区,9000-12000元,东莞领益精密制造科技有限公司,金属制品业,10000人以上,,CC272219330J40758207011,"岗位职责: 1. 负责Alpha新产品开发项目全过程，新产品导入、批量生产等，同时领导多个项目并行开发； 2. 制定项目计划，管理和监控项目的范围、进度、成本、质量，保证项目目标的达成； 3. 管理和监控项目进度和预算执行情况，跟踪计划与项目范围变更； 4. 组织项目日常会议，发布项目日常报告； 5. 领导项目组快速分析和解决项目执行中的各种问题，及时上报重大待解决问题，提出问题，分析和解决预案 任职要求: 工作经验：本科以上学历，无经验可培养 胜任力：熟练使用各类OFFICE软件 语言技能：英语6级。听、说、写熟练 工具使用：Word,PPT,excel熟练使用",7月15日,东莞领益精密制造科技有限公司隶属于领胜集团，是领胜集团华南总部，占地300亩，注册资金5000万美元，位于黄江镇裕元工业区裕元三路与精诚二路交界处。主要生产双面胶、防尘网、贴片、泡棉等模切产品及手机金属零件等。公司环境优美，设有干净整洁的食堂，宽敞舒适的宿舍大楼，生活设施齐全，工业园内设有篮球场、羽毛球场、乒乓球场、桌球场等生活娱乐场所。公司秉承圆通、周到、效率的企业理念，以最快的速度为客户提供从设计、生产到运输的个性化高质量的服务，公司注重人才培养与发展，致力于建立富有活力、勇于开拓、通力合作的团队，为员工提供广阔的发展空间。,"https://www.zhaopin.com/jobdetail/CC272219330J40758207011.htm?refcode=4019&srccode=401901&preactionid=a7c1140f-c46c-45e5-b867-ab342d8bdc77"
4436,项目经理/主管,唐山-路南区,6000-8000元,威高集团,"医药制造,医疗设备/器械",10000人以上,已上市,CC000616790J40816162208,岗位职责: 1. 负责协调和管理陪护项目，确保项目顺利进行 2. 与团队成员沟通，确保服务质量和团队协作 3. 监控项目进度，及时解决项目中出现的问题 4.负责陪护人员招聘 任职要求： 1. 具备出色的沟通能力和团队合作精神 2. 能够有效管理项目，确保任务按时完成 3. 具有良好的问题解决能力，能够应对项目中的各种挑战 4.有陪护项目管理经验优先,6月19日,威高始建于1988年，怀着改善孤寡老人生活的朴素善念，在乡镇福利院中成立一家小作坊。目前致力于发展主营业务医疗器械和医药，占地面积600多万平方米，拥有13个产业集团、100多家子公司，其中3家上市公司、8家海外公司，并在国内10省市建有制造基地，员工3万多人。始终以改善国民健康、打破国外垄断为己任，现成为全球品种齐全、安全可靠、值得信赖的医疗系统整体解决方案供应商。系中国企业500强、全国自主创新示范单位，获全国五一劳动奖状、中国工业大奖、全球卓越绩效企业、全国实施卓越绩效先进模式企业、两获中国质量奖提名奖等荣誉。打造系统化的研发平台，以创新提升核心竞争力，丰富产品结构。建有国家认定企业技术中心、国家工程研究中心、全国创新试点型企业、院士工作站、博士后工作站、泰山学者实验室等15个国家及省级创新平台，与中国科学院、中国工程院、301医院等多家单位开展产学研合作，与100多名院士建立合作关系。拥有专利1700多项，医疗器械和药品有1000多种、20多万个规格。致力于解决外国“卡脖子”问题，攻克技术壁垒21项，100多种产品实现国产替代，承担30多项国家重点项目，获国家科技进步奖4项、国家技术发明奖2项、国家优秀工业设计金奖1项.坚持科学管理，完善管理体系。建有国家技术标准创新基地、国家认定检测中心，拥有1项行业内由企业制定的国际标准、2项国际标准提案，主导或参与国家标准11项。以先进制造技术提高产品质量，引进国内外先进自动化生产设备，建立智能制造（MES）、AI视觉检测、质量BI数据等管理系统，不断完善管控流程，并进行数字化转型，不断提升生产制造能力与管理水平。完善产业布局，布链、强链、延链。建立医疗工业、医疗商业和医疗服务业，三种业态协同发展的产业布局，打造医疗生态链。医疗工业重点打造了临床护理、骨科、血液净化、药品包装、医疗介入、手术机器人、医学工程等产品线，护理、血液透析、药包材、血液技术等产品线、骨科产品线居全国前列。销售网络遍及国内外，建有100多家销售办事机构，打造了中国驰名商标“洁瑞”、“威高”，产品销往世界100多个国家或地区。主动承担社会责任，大力支持社会公益和慈善事业，开展了威高光明行动、威高爱心工程、威高无障爱、威高生命接力工程等活动，为国防、教育、助残救灾等累计捐款捐物10亿多元，其中2020年为新冠疫情捐助6000多万元款物。威高将致力于加快国际化步伐，打造国际化品牌，实现“中国最强、国际一流，最受人尊敬的医疗器械和医药创新型企业”的愿景。,"https://www.zhaopin.com/jobdetail/CC000616790J40816162208.htm?refcode=4019&srccode=401901&preactionid=a7c1140f-c46c-45e5-b867-ab342d8bdc77"
4437,项目经理/主管,北京-海淀区,6000-12000元,微创博志教育科技(深圳)有限公司,"学术/科研,培训/辅导服务",100-299人,未融资,CC854628600J40891982104,欢迎你的加入！！这是一份非常综合也非常有趣的工作!! 本岗位为全国运营点位的外派工作，包括但不限于郑州、建德、武汉、长春、内蒙、西安、新疆、南京、长沙、重庆、贵州等地；需定期回北京述职。 工作职责: 1.负责博物馆商业运营的整体规划，制定并执行商业项目策略，确保项目目标达成、科普活动产品研学为主方向。 2.策划并推动博物馆的商业合作项目，包括零售非零售运营、品牌合作、展览临展、文创开发等。 3.组织并执行商业活动，如特展开幕、文化市集、主题活动等。结合场地和资源，打造具有市场竞争力的产品线。 4.负责博物馆内商业空间(如博物馆商店、咖啡馆、餐厅等)的运营管理，优化产品布局和定价策略。 5.拓展与品牌、企业、媒体的合作渠道，联合活动等方式增加产品的曝光度。 6.负责商业运营项目的预算管理，优化成本结构，提高项目利润率。 7.定期评估商业项目的运营效果，及时调整策略以应对市场变化。 8.搭建基地研学产品框架，根据市场反馈进行产品市场宣传推广策划，扩大研学产品品牌效应;收集市场数据，上传下达，拆解市场目标，制定计划，组织团队复盘，解决问题; 依据研学执行流程标准，了解并监督研学执行情况与效果，具备灵活斯文处理活动中突发状况; 任职要求: 1.硕士及以上学历，留学生优先，工作经验1-3年、市场营销、商业管理、博物馆学或相关专业优先。 2.有较强的整合、分析数据能力，提出问题并具备解决问题的思路;落地结果具有较强的责任心和抗压能力，能够应对复杂的商业环境落地结果。 3.有较强的沟通能力，可以将项目阶段过程及成果转化并呈现给上级部门领导;具备优秀团队协作精神，跨部门高效合作。 4.可以接受全国运营点位的外派工作，包括但不限于建德、长春、内蒙、西安、新疆、南京、长沙、重庆、贵州等地;需定期回北京述职。 5.具备良好的职业道德和创新意识。,5月23日,微创博志教育创立于2009年，始终坚持科学素质教育和拔尖创新人才培养，是具备普及培养和拔尖创新培养能力，同时提供科学教育实验区、实验校整体解决方案的供应商。目前与1000余所学校进行了深入合作，成功打造了众多科学教育特色校，助力学校成为教育部授予的示范校，协助相关学校所在的区县成为示范区，为普及培养和拔尖创新培养提供了整体解决方案。同时与全国20余家省级地质自然类博物馆建立了深度合作关系。通过这些合作，将博物馆的丰富资源与科学教育相结合，为孩子们提供了更加广阔的学习平台。微创博志与分布于全国各地区的科研院所、野外台站的科技教育和科普资源，整体面向社会尤其是青少年学生进行科技教育和科学普及服务工作。公司在北京、上海、深圳、天津、南京、青岛、武汉、西安、郑州、贵阳、重庆、长春、呼和浩特、乌鲁木齐、长沙、太原、成都、昆明共18个城市设立了分公司及办事处，员工共计200余人，其中有百余名硕博学历的全职科普研发人员。我们的微信公众号：W博士玩科学、北京微创博志教育,"https://www.zhaopin.com/jobdetail/CC854628600J40891982104.htm?refcode=4019&srccode=401901&preactionid=a7c1140f-c46c-45e5-b867-ab342d8bdc77"
4438,项目经理/主管,深圳-南山区,9000-18000元,深圳市华汉伟业科技有限公司,"工业自动化,仪器仪表制造,工业自动化",300-499人,未融资,CC280373830J40791252905,工作职责: 1. 负责视觉交付项目全生命周期管理，多项目集群管理 2. 根据项目交付目标，制定项目交付策略和交付计划 3. 根据交付计划梳理项目交付风险并制定应对措施。 4. 根据项目交付进度状况梳理项目交付问题 5. 协调内外部资源保证项目进度，推动项目问题处理。 6.项目过程管控、向客户、公司例行汇报、项目交付经验积累、拉通、总结 任职资格: 1. 专科及以上学历，计算机相关专业优先; 2. 2年以上项目管理经验，有视觉或自动化设备交付经验优先 3. 有PMP专业资质认证证书 4. 做事细致严谨 5. 诚实守信，责任心强 6.结果导向，有抗压能力，能接受出差,7月5日,深圳市华汉伟业成立2015年，专注机器视觉算法、智能检测平台、视觉部件和方案的研发、销售和服务。主要产品： lMVDevelop机器视觉算法平台；智能引导式2D视觉系统（InnoVision）；行业领先的3D视觉系统（HyperShape3D）；应对复杂检测的工业AI视觉缺陷检测平台（AIDI Suite）；视觉&运动&机器人通用控制平台（InnoRobot）。团队构成：公司员工＞150人，技术人员占比＞60%，本科以上学历占比70%以上；创始团队来自来自世界500强、重点高校和深圳领军人才。荣誉资质：国家高新技术企业、广东省专精特新企业、广东省知识产权优势企业、国家级专精特新企业、国家级重点“小巨人”企业、中国专利奖。,"https://www.zhaopin.com/jobdetail/CC280373830J40791252905.htm?refcode=4019&srccode=401901&preactionid=a7c1140f-c46c-45e5-b867-ab342d8bdc77"
4439,项目经理/主管,南京-江宁区,面议,金斯瑞生物科技,"医药制造,医药制造",1000-9999人,已上市,CC143982550J40607417414,"Key Responsibilities:  Project evaluation: evaluate the project strategy and prepare the service proposal based on client`s request and scientific judgement. Project management: Coordinate all teams to facilitate the research work, and provide regular feedback/update to client for any project progress/trouble shooting, especially for key accounts. Work collaboratively with commercial team and production team to ensure projects can be finished in time. Help to improve of service platform: Have a deep understanding of the market needs and our competitors. Help to optimize and upgrade our service package and platform technology. Help with the team’s daily operation.Qualifications:  At least MS degree in life sciences discipline with over 2-year experience; PhD degree is preferred. Strong customer service awareness, strong sense of responsibility, good communication and coordination ability, strong execution ability.  Solid protein related technical background, with understanding or hands-on experience.  Ability to multi-task and manage various project elements simultaneously.  Capacity to manage high stress situations.",7月1日,"金斯瑞生物科技股份有限公司金斯瑞生物科技股份有限公司（股票代码HK01548）是全球化的生物科技集团公司。集团植根于领先的基因合成技术，核心业务范围已涵盖生物药开发与生产CDMO业务、细胞与基因治疗、生命科学服务及产品、生物酶及合成生物学产品四大领域。金斯瑞成立于2002年，并于2015年在港交所主板挂牌上市。集团总部位于中国南京，运营实体遍布大中华区、北美区、欧洲区及亚太区，并以此为依托，为全球160多个国家和地区的10多万客户提供优质、便捷、可靠的服务与产品。目前，金斯瑞在全球拥有超过3000名员工，其中34%以上的员工拥有硕士或博士学位。金斯瑞拥有多项知识产权及技术机密，其中包含100多项授权专利及270多项专利申请。截至2019年6月30日，有超过40,300篇经国际同业审阅的学术期刊文献引述了金斯瑞的服务及产品。秉承“用生物技术使人和自然更健康”的企业使命，金斯瑞将一如既往地致力于成为最受信赖的生物科技公司。","https://www.zhaopin.com/jobdetail/CC143982550J40607417414.htm?refcode=4019&srccode=401901&preactionid=a7c1140f-c46c-45e5-b867-ab342d8bdc77"
4440,项目专员/助理,深圳-南山区,120-140元/天,中国京冶工程技术有限公司深圳分公司,"建筑工程检测,建筑工程检测,工程施工",300-499人,未融资,CC317611210J40758321511,岗位职责： 1. 作为项目助理，负责项目执行过程中的数据收集、整理与汇总以及报告撰写工作，推动项目进展。 2. 深度参与项目推进，撰写项目各类型文件和资料。 3. 协助处理项目相关的文档管理工作，包括文件归档、资料整理等。 4. 协助咨询组进行初步问题梳理与分析，参与咨询项目的前期调研工作，收集相关行业信息和数据。 5. 协助撰写咨询报告的初稿，整理咨询过程中的关键信息和结论。,7月16日,中冶建筑研究总院有限公司（原名重工业部建筑科学研究所、冶金工业部建筑研究总院，简称中冶建研院），成立于1955年，是我国从事建筑和环保技术研究、推广及应用的大型科技企业，隶属于国务院国有资产监督管理委员会监管的特大型企业、“世界500强”中国冶金科工集团有限公司。中冶建研院子公司——中国京冶工程技术有限公司（以下简称中国京冶）是1992年经国务院批准，以中冶建研院的核心技术、管理力量为基础成立的大型国有企业。中冶建筑研究总院（深圳）有限公司（原名冶金工业部建筑研究总院深圳分院、深圳冶建院建筑技术有限公司，简称中冶建研深圳分院），成立于1988年，是具有独立法人资格的科技密集型企业。中国京冶工程技术有限公司深圳分公司（简称深圳分公司），成立于1999年，是中国京冶工程技术有限公司在深圳的分支机构，系委托法人单位。中冶建研深圳分院和深圳分公司均隶属于中冶建筑研究总院有限公司和中国京冶工程技术有限公司。以中冶建研院和中国京冶的核心技术、产业与管理力量为基础，是其科技成果转化的平台和技术管理服务于市场的窗口。公司以检验检测、勘察设计、工程项目总承包（EPC）和核心专业施工为主体，以专利、专有技术和工艺为核心，面向国内外市场提供综合性、一体化的技术和管理服务。公司始终坚持“敬业忠诚，团结进取，爱国爱院，创新奉献”的宗旨，努力以先进的技术、科学的管理，不断追求卓越，奉献社会。,"https://www.zhaopin.com/jobdetail/CC317611210J40758321511.htm?refcode=4019&srccode=401901&preactionid=a7c1140f-c46c-45e5-b867-ab342d8bdc77"
4441,项目经理/主管,长沙-长沙县,1.2-2万,湖南天羿领航科技有限公司,"电子/半导体/集成电路,电子/半导体/集成电路",20-99人,A轮,CC330775530J40767451207,岗位职责： 1、对接客户，了解客户需求并根据需求制定项目方案； 2、负责制定项目计划、项目任务分配和实施、项目进度管理； 3、负责沟通、协调公司内外资源，积极沟通、协调以解决项目实施中的问题； 4、负责整理所有项目资料，项目结题时统一存档； 5、积极建立和维护客户关系，解决客户投诉，提高客户满意度； 6、负责项目团队的管理和建设，带领团队实现工作目标，并积极配合对项目成员的绩效评估。 任职要求： 1、本科及以上，40岁以下 2、有良好的硬件基础，可以为项目中的难点问题提供解决思路； 8、有MEMS传感器相关工作经验者、项目经理工作经验者优先；,6月24日,湖南天羿领航科技有限公司是一家先进MEMS集成电路产品的研发、设计、封装、测试、生产和销售的高科技公司。所研制的高性能微惯性器件及系统，主要用在轨道交通发电系统等工业建设方面，可以替代国外同类产品，打破国外可能的禁售和垄断，使核心技术和产品不受制于人。主要产品是高性能微陀螺仪，微加速度计和组合导航系统。公司拥有一支具有坚实理论基础和丰富实践经验的技术队伍，本着“诚信、务实、团结、创新”的宗旨，专业、敬业，谋求长久发展，诚聘英才，共享美好未来。,"https://www.zhaopin.com/jobdetail/CC330775530J40767451207.htm?refcode=4019&srccode=401901&preactionid=a7c1140f-c46c-45e5-b867-ab342d8bdc77"
4442,项目专员/助理,昆明-五华区,4000-5000元,云南甲子养老服务有限公司,居民服务,20人以下,,CCL1455000210J40823197508,1.需求评估： 上门走访老年家庭，分析居住环境安全隐患，结合长者身体状况与生活习惯，制定个性化适老化改造方案。 2.方案设计： 运用专业工具（如无障碍设计、智能安防系统等），设计安全、便捷、低成本的改造方案，并落地执行。 3.项目执行： 执行现场改造，把控施工及服务质量，确保符合适老化标准及客户需求。 4.客户沟通： 与家属、社区、施工方等多方协作，提供专业咨询，解决改造过程中的问题。 5.行业研究： 关注国内外适老化改造趋势，持续优化服务流程与产品体系。,7月22日,,"https://www.zhaopin.com/jobdetail/CCL1455000210J40823197508.htm?refcode=4019&srccode=401901&preactionid=a7c1140f-c46c-45e5-b867-ab342d8bdc77"
4443,项目专员/助理,沈阳-和平区,3000-5000元,辽宁宏泰电力工程建设有限公司,工程施工,20人以下,,CCL1433339890J40751638011,1、协助项目经理做好日常工作。 2、组织、协调和参与项目各阶段的会议和沟通工作。 3、能吃苦耐劳，有无经验均可 4、抗压能力强、表达能力强、沟通能力强。,6月27日,,"https://www.zhaopin.com/jobdetail/CCL1433339890J40751638011.htm?refcode=4019&srccode=401901&preactionid=a7c1140f-c46c-45e5-b867-ab342d8bdc77"
4444,项目专员/助理,成都-成华区,4000-6000元,成都雾隐门文化传播有限公司,"装饰装修,工程施工",20-99人,不需要融资,CCL1500005610J40752795905,公司全国承接密室 鬼屋 景区造景装修公司，能接受长期出差，职责负责给现场管理人员协助工作，对接日常事宜，上升空间由助理变为负责人，独立管理项目，得到自我发展，公司目前业务量非常稳定，公司团队已成立12年，全国搭建对口项目案例超1000家，拥有非常专业的经验，个人也有自我成长的空间比较大，现有团队人员300＋，公司在成都，期待你的加入,6月16日,全国承建密室鬼屋景区造景装修公司现有施工团队30＋一年一百＋项目落地量，公司已成立十二年，公司在成都项目施工在全国，团队年轻凝聚力强大家好学，每年也相对稳定的成长，算一个靠谱的平台，新人进来也有成长空间发展,"https://www.zhaopin.com/jobdetail/CCL1500005610J40752795905.htm?refcode=4019&srccode=401901&preactionid=a7c1140f-c46c-45e5-b867-ab342d8bdc77"
4445,项目经理/主管,惠州-惠城区,1.2-1.9万·15薪,茂佳科技(广东)有限公司,电子设备制造,1000-9999人,未融资,CCL1372145350J40420210201,岗位职责： 1、负责新产品开发项目全过程，新产品导入、批量生产等项目管理 2、制定项目计划，管理和监控项目的范围、进度、成本、质量，保证项目目标的达成 3、组织项目日常会议，发布项目日常报告任职要求,2月6日,TCL茂佳科技（MOKA)，为TCL集团下属二级单位，成立于2012年，是集研、供、产、销为一体，聚焦于带屏智能终端产品代工的头部企业，是全球前三的TV代工厂商。 TCL茂佳科技总部设于惠州，在深圳设有销售中心分部，目前在全球拥有5家制造基地（中国惠州、墨西哥、波兰、印度、越南），现有员工逾9000人，客户群体覆盖了除南极洲以外的所有大洲，并建立了超过30个战略客户及150个区域客户的合作伙伴关系。 TCL茂佳科技坚持“以客户为中心、以奋斗者为本、以解决问题为导向、从优秀走向卓越”的企业文化价值观，致力于为员工提供更宽阔、更全面的成长发展平台，助力员工成就职业梦想！,"https://www.zhaopin.com/jobdetail/CCL1372145350J40420210201.htm?refcode=4019&srccode=401901&preactionid=a7c1140f-c46c-45e5-b867-ab342d8bdc77"
4446,项目专员/助理,广州-海珠区,8000-12000元,欧美工商会(比利时)北京代表处,社团/组织/社会保障,20-99人,未融资,CC846785520J40682800201,一、工作内容： 1、负责境内外政府，使领馆和境外企业/商人的开发、联络和维护； 2、负责各类外事/会展活动，包括但不限于组织活动，主持，邀约，现场接待，服务，外出代办事务； 3、协助开展外事业务洞察，积极与销售部门协调工作； 4、接受外商邀约的任务，按要求完成任务；并根据商会全年任务，完成外商的邀约任务； 5、协助文件翻译，资料整理汇总、数据整理等； 6、其他领导交办的事项。 二、岗位要求： 1、英语六级/专八，二外小语种者优先，如俄语、西语。 2、有会展/外贸/客服工作经验优先，要求思路清晰、责任心强、沟通表达能力强，有较好的文字功底；如应届生，各方面优秀也考虑 3、关心时事政治，对国际事件有一定信息掌握； 4、性格活泼开朗，喜欢和外国人交流，乐于沟通； 5、认同疾慢如仇的文化，有上进心 、能吃苦耐劳、可接受经常出差； 6、维护商会，认可商会，接受单位相关制度； 7、距离广州国际采购中心（广州办公地点）10公里内的通勤时间； 8、可通过www.eacham.org.cn了解欧美工商会。 三、福利待遇： 五险一金、绩效奖金、员工旅游、节日福利、弹性工作、带薪年假,2月25日,"欧美工商会（European American Chamber of Commerce& Industry），注册于比利时布鲁塞尔。2018年在北京正式备案欧美工商会（比利时）北京代表处。欧美工商会由众多工商界机构及活跃于欧美工商经贸事务的人士共同发起成立，在罗马尼亚、意大利、智利、印度等十五个国家设有分支联合办公室,并与欧洲的九个侨团机构互为联盟。在中国的北京设立代表处。已建成十五个国家分支机构（试运行），二个顾问团，二个委员会，二个中心，一个境外商协会平台，二个媒体平台，五个部门的建制，国际会员超过十五万，分布于全球126个国家。商会秉承“连接欧美中，服务海内外”的宗旨，旨在加强欧洲、美洲及一带一路各国经贸组织的联系与交流，促进与中国在经济、社会文化和科学技术等诸多领域的民间外交和商务社交活动。商会以实业投资，商贸，交流和非政府组织建设四大领域开展工作。","https://www.zhaopin.com/jobdetail/CC846785520J40682800201.htm?refcode=4019&srccode=401901&preactionid=a7c1140f-c46c-45e5-b867-ab342d8bdc77"
4447,项目专员/助理,广州-天河区,3000-4000元,广州市升置建材有限公司,"零售/批发,贸易/进出口",20-99人,未融资,CC296050430J40744225102,1、负责日常方案、报价单、函件、邮件的整理； 2、负责各类协调店面的各类工作； 3、草拟销售合同及公函，包括起草、审核、修正； 4、公司系统的数据录入，包括采购单、出库单、签收单的录入整理； 5、售后服务登记及回访； 6、会议记录； 7、项目标书整理； 8、完成上级下达的各项临时性工作。 任职要求 1、有相关工作经验者优先考虑； 2、工作认真细心，责任心强，刻苦耐劳，外向，具备主动积极的工作心态及良好的沟通协调能力。 3、熟练使用Word/Excel/PPT等办公软件； 4、丰富多彩的员工活动：节日聚会、唱k、泡温泉等等；,6月26日,我司以“服务创造价值”为核心理念，其团队凭着十多年积累的高端厨卫建材发展史及经验，利用自己独特的经营理念，引进众多世界顶级品牌产品，专业服务高端建材市场，致力为客户提供专业整体的厨卫解决方案；为项目执行过程中遇到的采购、供货、质量等种种问题提供最佳的解决方案与实施工作；拥有较强的资金实力和大型供货经验，提供高效完善的销售服务，让客户感受到一步到位的完美与一流品质的服务。公司成立于2016年，但整个团队已经有20年的高端卫浴行业经验，参与了多个广州地标性项目的建筑，目前在广州罗浮宫、马会家居、居然之家、珠海世邦有6家直营门店。升置公司经过这些年的不懈努力，从小到大，从弱到强，逐渐成长为今天的规模。我们的宗旨是“服务创造价值”、“员工是我们最大的财富”，公司有今天的局面，离不开团队同事的努力。欢迎有志同道合的同行人一起加入！•合作大牌：瑞士劳芬卫浴、法国THG、德国铂浪高、瑞士恩仕、德国当代、德国高仪等等…•发展前景：我们要需要寻找的不止是员工，更是事业上的合伙人。,"https://www.zhaopin.com/jobdetail/CC296050430J40744225102.htm?refcode=4019&srccode=401901&preactionid=a7c1140f-c46c-45e5-b867-ab342d8bdc77"
4448,项目专员/助理,上海-长宁区,100-150元/天,上海政信会计师事务所有限公司,财务/审计/税务,20-99人,,CCL1292116400J40703083904,【即刻到岗，有转正岗位】 一、岗位职责 1、由项目组带领参与各类项目现场； 2、协助项目组编制底稿； 2、根据项目组要求统计数据、撰写报告； 3、参与项目工作流程中其余相关工作。 二、岗位要求 1、专业要求：财经类专业，本科及以上在校学生； 2、时间要求：工作日9:30-17:30； 3、能力要求：Office运用能力较好； 4、态度要求：自主学习意识强、性格开朗、能承受一定工作压力、团队、服务意识佳，语言 沟通能力及逻辑思维能力较好。 三、实习待遇 实习补贴为100-150元/天/人，按每月出勤天数记录，次月10日结算发放实习工资（申报个税）；若涉及出差，另有差旅补助100元/天。,4月15日,一、事务所成立背景上海政信会计师事务所有限公司（以下简称“本所”或“政信”）创办于1992年，并于2000年1月3日完成脱钩改制，取得上海市工商行政管理局核发的注册号为9310101134510831号企业法人营业执照；法定代表人：李一；注册资本：人民币100万元。2016年本所取得上海市会计师事务所分类管理B类资质；2022年本所取得上海市会计师事务所分类管理A类资质，是一家历史悠久、信誉良好、经验丰富、管理成熟的会计师事务所。本所成立近30年以来，我们坚持以“诚信、勤勉、客观、专业”为服务理念，崇尚“政清人和，信守不渝”的政信精神。我们关注政信的服务质量与品牌延展力，善于从客户角度考虑其所需，提供质量优、标准高、专业化的审计服务。近年来，政信人持续拓展业务类型与业务范围，服务足迹已从上海延伸至北京、重庆、广东、江苏、浙江、安徽、辽宁、湖北、湖南、河北、陕西、山西、甘肃、四川、贵州、云南、内蒙古、新疆等省市、自治区。二、组织结构本所具有较完善的组织架构，设有股东会及董事会，我们选聘具有丰富从业经验的中国注册会计师担任主任会计师、副主任会计师。本所设有审计业务部、市场咨询部、质量控制部、人力资源与行政管理部、财务部等职能部门。三、事务所人员本所现有团队人员近60人，中国注册会计师19人，同时有中国税务师7人、中国资产评估师2人、高级会计职称1人、中级会计/审计职称17人、初级会计职称19人。本所创始人股东姚向丽女士系上海市注册会计师协会惩戒委员会委员，中国注册会计师协会资深会员。政信拥有一支专业、敬业、团结、活力的服务团队，团队人才来自审计、会计、税务、评估和咨询等各个领域，其中不乏多名资深中国注册会计师、高级会计师、税务师及资产评估师，他们具有良好教育背景、丰富行业经验、深厚专业造诣、精湛职业素质与出色管理能力。政信人坚持质量导向，通过规范的执业标准、高质的内部审核、新兴的管理模式、定期的培训政策等，使政信在行业内外获得合作伙伴的一致好评及持续信赖。四、资质情况本所于1997年12月27日经上海市财政局沪财会[99]176号文批准设立，取得上海市财政局颁发的编号为31000051号的《会计师事务所执业证书》。本所于2022年1月取得了由上海市注册会计师协会颁发的《上海市会计师事务所分类管理 A类》证书。五、专业服务范围本所专业服务范围包括财务报表审计、验资、专项审计（主要包括内部控制审计、经济责任审计、清算审计、经济犯罪侦查审计、海关保税监管审计，资产核销专项审计，财务运行专项审计，余额鉴证专项审计，会计监督专项检查，动迁安置情况专项审计，土地减量化专项审计，竣工财务决算审计，企业公示信息审计，高新技术企业认定、国有企业改制审计、股权收购并购转让审计等）以及尽职调查等咨询服务。六、特色业务本所的特色业务为经济犯罪侦查审计，主要委托方包括上海市公安局经侦总队、上海市各区经侦支队、刑侦支队、上海市区级监察委员会、常州市公安局、安徽省淮南市公安局等。,"https://www.zhaopin.com/jobdetail/CCL1292116400J40703083904.htm?refcode=4019&srccode=401901&preactionid=a7c1140f-c46c-45e5-b867-ab342d8bdc77"
4449,项目专员/助理,北京-东城区,6000-7000元,中国对外文化集团公司,"广播/影视,广告/营销,文化艺术/娱乐",500-999人,未融资,CC130599950J40741194707,一、岗位名称：展览板块项目助理 二、岗位描述：  1.协助部门完成项目前期的信息收集、沟通对接、整理反馈等项目筹备工作； 2.根据实际需要，配合各业务部门共同完成项目的落地与执行工作； 3.协助部门对接合作伙伴，并进行关系维护，保证服务质量； 4.完成方案撰写、日常定期材料报送、活动推送、项目总结等文字类工作； 5.领导交办的其他工作。 三、岗位需求： 1.数字媒体艺术、视觉艺术、新媒体艺术等、美术学、绘画、中国画、会展策划与管理、艺术设计等研究生及以上学历； 2. 根据工作内容及要求，向项目经理及时高效地反馈项目执行进度； 3.工作认真负责，细心踏实，对所交办的事务能够较出色完成； 4.具备良好的文字材料撰写能力； 5.具备良好的英语口语和书写能力，能满足工作中对外交流及邮件书信沟通需要； 6.具有良好的沟通协调能力、多任务处理及抗压能力，具备团队协作精神； 7.热爱对外文化交流行业，并有对外文化交流、艺术展览及活动策划执行有一定了解。,4月3日,中国对外文化集团公司中国对外文化集团公司成立于2004年4月，是在文化部直属事业单位中国对外演出公司和中国对外艺术展览中心转企改制的基础上，经国务院批准设立的第一家国有对外文化企业。中国对外文化集团公司由国务院作为出资人，由文化部作为行政主管部门，并由财政部对其经营性国有资产进行监管。集团公司主要成员包括变更注册为企业的中国对外演出公司，中国对外艺术展览公司等19家全资境内外企业、两家控股企业和一家参股企业。中国对外演出公司和中国对外艺术展览中心已有半个世纪的历史，是全球最大的中国演出和艺术展览产品供应机构，是国内最大的国际演出和艺术展览运营机构，也是迄今我国唯一拥有全球业务的国际演出和艺术展览中介机构。了解更多请登录公司网站：中国对外文化集团公司网站： www.caeg.cn,"https://www.zhaopin.com/jobdetail/CC130599950J40741194707.htm?refcode=4019&srccode=401901&preactionid=a7c1140f-c46c-45e5-b867-ab342d8bdc77"
4450,项目专员/助理,杭州-上城区,4000-6000元,北京诚公管理咨询有限公司,"运营商/增值服务,通信/网络设备",1000-9999人,未融资,CC159982420J40722323514,一、 主要工作内容 1. 协助项目经理制定项目采购计划，按照招投标流程完成项目的实施； 2. 编制招标文件和资格预审文件，协助项目经理组织资格审查、开评标等工作； 3. 负责招投标收入、成本的核算和报账，投标保证金的收入和退还等工作； 4. 处理日常性事务，完成领导及客户交给的其他工作。 二、 任职资格要求 1. 具有较强的自主学习能力，并对通信行业有一定了解； 2. 性格开朗，反应敏捷、具有较强的沟通能力，同时有亲和力更佳； 3. 诚实守信，原则性强，能够承担一定的工作压力，具备良好的团队精神和客户服务意识； 4. 大专及以上学历（经济、管理、通信、计算机类专业优先）； 5. 熟练使用office等办公软件，具备良好的写作能力； 6. 应届生优先。工作地点：浙江杭州,6月30日,中国通信服务股份有限公司（中国通信服务0552.HK www.chinaccs.com.cn）是国务院国资委批准，在国家工商行政管理总局登记注册成立的大型企业，由中国电信集团公司控股，并于2006年12月8日在香港成功上市，系国内通信行业第一家在香港上市的生产性服务类企业。北京诚公通信工程监理股份有限公司，是中国通信服务所属的中国通信建设集团有限公司设立的子公司，是经国家信息产业部批准的甲级通信工程监理企业，承担各类通信建设工程（传输、交换、数据、通信管道、通信电源、通信铁塔、铁塔基础、综合布线、机房环境等工程）的监理和工程咨询业务。具有信息系统集成监理资质。公司成立于1999年，是国内较早成立的通信监理公司之一。公司是ISO9001:2008国际质量标准认证企业。公司是中国通信企业协会的会员单位、企协设计施工专业委员会监理工作部常务会员单位及北京市通信监理协会会员单位。公司在北京、保定、西安、武汉和郑州等地设有分公司、监理事业部。公司拥有高、中级工程技术专业人员300余人，大部分取得了注册监理工程师资格证书，或参加过监理工程师培训，是一个技术力量雄厚、专业齐全的智力密集型通信工程监理企业。公司自成立以来，秉承“守法、诚信、公正、科学”的原则，先后与中国电信、中国移动、中国联通等国内各大电信运营商及其在各省的下属企业建立了广泛密切的联系，并承担了电信运营商干线光缆传输系统、GSM和3G移动通信、通信管道工程、网络优化、综合布线等工程的监理任务。公司还承担了坦桑尼亚、赞比亚、叙利亚和利比里亚等国家的通信建设监理任务，有承担国家对外经援通信工程监理的资格，是我国通信工程建设监理行业第一个走出国门的企业。展望未来，诚公监理公司将以人为本，不断开拓新的业务领域，锐意进取，一如既往地竭诚为国内外各界业主提供全方位、规范化的监理服务和技术咨询，与业界同仁共绘通信建设事业发展宏伟蓝图！,"https://www.zhaopin.com/jobdetail/CC159982420J40722323514.htm?refcode=4019&srccode=401901&preactionid=a7c1140f-c46c-45e5-b867-ab342d8bdc77"
4451,项目专员/助理,深圳-龙岗区,8000-10000元,鹏劳人力,咨询服务,100-299人,,CC138924830J40792386012,岗位名称       项目助理,7月14日,深圳市鹏劳人力资源管理有限公司成立于1998年5月，由深圳市劳动和社会保障局劳动就业服务中心和深圳市宝安区劳动局劳动就业管理中心合资设立。2006年9月，深圳市劳动和社会保障局直属事业单位持有的深圳市鹏劳人力资源管理有限公司的60%国有股权根据中共深圳市委的有关文件划转给国资委系统（深圳市投资控股有限公司）管理。公司的服务团队由一批具有良好教育背景、熟知劳动政策法规以及具有丰富的人力资源管理经验的专业人员组成，优秀的服务团队确保了公司服务的专业优势。公司积极参与市场竞争，现已与深圳国税、深圳地税、深圳海关、中国电信、中国移动、中国银行、中国建设银行、中国工商银行、中国农业银行、交通银行、上沃尔玛、杜邦中国、桑菲、当纳利、腾讯、天威视讯、欧迪办公等近200家党政机关及知名企事业单位合作，外派员工规模超过20，000人。公司倡导“以人为本、诚信卓越”的经营理念，注重保障派遣员工的合法权益。公司始终坚持以市场需求为导向，在人力资源派遣、业务外包、劳动保障事务代理、职业介绍、员工后勤管理、员工培训（企业内训）、学生实习管理、劳动法律顾问、管理咨询以及大型文艺活动策划等服务领域实现客户的全方位需求。公司率先在人力资源派遣领域通过中国质量认证中心ISO9001：2000质量管理体系认证，是业内首家企业综合实力“AAA”资信等级的专业机构，已发展成为国内市场化程度最高、最具影响力的专业人力资源公司之一。,"https://www.zhaopin.com/jobdetail/CC138924830J40792386012.htm?refcode=4019&srccode=401901&preactionid=a7c1140f-c46c-45e5-b867-ab342d8bdc77"
4452,项目专员/助理,北京-大兴区,7000-11000元,北京中关村水木医疗科技有限公司,"检测/认证,检测/认证,医疗设备/器械",100-299人,A轮,CCL1230381440J40666235413,【职位介绍】 岗位职责: 1、协助项目经理起草项目方案的起草并整理、归档: 2、完成会议室的预定，并做好会议记录并归档; 3、开展项目数据的收集、整理及分析工作; 4、协助项目经理完成项目报告的书写、整理及归档; 5、定期更新和跟进项目进程，协调相关人员完成项目事宜; 6、汇总整理及管理项目相关文档和物资; 7、协助项目竞标及汇报等相关材料准备; 8、完成上级经理的分配的其它事宜;   任职要求:   1、医学背景或相关领域本科及以上学历;   2、具有良好写作及编辑能力与经验，能够阅读中文文献，   3、熟练掌握 Excel、Word、Rawsrpoint的使用技能;   4、综合素质良好，沟通能力强，对学术研究抱有一定热情;   5、思路清晰、逻辑思维能力强，具有极强的敬业精神和责任心。,12月17日,"北京中关村水木医疗科技有限公司（以下简称“中关村水木”）成立2017年，公司具有行业的“功能性、合规性、可靠性、易用性、批量性”医疗器械整改实验室，能覆盖90%的医疗器械品类检验和非功能性研究，针对功能设计的精细提升、合规性的精准预备、可靠性的精准实验、易用性的精益分析、批量性的精密验证，是专注于为有源医疗器械和体外诊断试剂创新企业提供工程化设计、检测、认证、临床试验、注册服务全链条解决方案。先后出资设立了北京水木菁创医药科技有限公司和中关村普世（北京）药械供应链管理有限公司，已在南京、广州、成都设立分公司。中关村水木于2020年11月24日取得中国法定检验检测机构资质认定证书（CMA），认定范围包括电磁兼容领域28个标准；安规及各类医疗器械性能领域162个标准；可靠性领域67个标准；软件领域1个标准；IVD试剂领域99个标准和IVD设备领域3个标准，共计360个标准。2021年3月5日取得中国合格评定国家认可委员会实验室认可证书（CNAS）,该证书的取得标志着国家行政主管部门对公司建设和管理水平的认可，目前公司可出具认证范围内的检验报告，用于产品质量评价、成果及司法鉴定。公司在医疗器械研发生产领域形成了全球领先的“一体化、端到端”研发服务平台。无论是在服务技术深度还是覆盖范围广度均满足了客户的多元化需求，吸引了大批高端医疗器械客户。","https://www.zhaopin.com/jobdetail/CCL1230381440J40666235413.htm?refcode=4019&srccode=401901&preactionid=a7c1140f-c46c-45e5-b867-ab342d8bdc77"
4453,项目专员/助理,成都-武侯区,9000-12000元·13薪,成都高新菁蓉汇智人才服务有限公司,"咨询服务,咨询服务,人力资源服务",20-99人,不需要融资,CCL1460324740J40934055704,岗位职责 1.参与工程建设项目立项审批，过程监管等； 2.协助指导工程建设项目的后续日常维护； 3.参与工程项目平台建设，负责指导并督促相关单位填报数据、汇总等。 任职要求 1.知识及教育水平：本科及以上学历，建设工程管理、土木工程、建筑设计专业。 2.工作经验要求：具有2年以上基建管理、工程项目监管或施工管理经验，熟悉工程建设流程及规范，有教育基建项目经验者优先。 3.岗位技能要求：责任心强，具备良好的组织协调、沟通能力和文字表达能力，熟悉项目审批、施工监管及验收流程；能熟练使用CAD等工程软件；能独立开展项目督查。 4.年龄要求：35周岁以下。,7月22日,成都高新菁蓉汇智人才服务有限公司成立于2021年7月，注册资本人民币1亿元，系成都高新投资集团产城建设集团全资子公司。核心业务为人力资源服务、租赁住房、产业园区运营。公司致力于向企业提供人力资源服务解决方案，助力企业降本增效。为高端人才提供一站式服务，培育一流产业化人才，通过设立海外人才离岸双创基地，为区域发展汇聚强大的人才优势。,"https://www.zhaopin.com/jobdetail/CCL1460324740J40934055704.htm?refcode=4019&srccode=401901&preactionid=a7c1140f-c46c-45e5-b867-ab342d8bdc77"
4454,项目经理/主管,成都-温江区,5000-9000元,成都新邑航科技有限公司,金属制品业,20-99人,,CC638902520J40237615106,岗位职责： 1、制订年度目标和计划及总结并上报部门负责人审批，落实实施； 2、配合销售部、设计部、生产部等部门进行项目前期工作； 3、全面负责工程开工前的准备及排烟图纸审查工作； 4、根据合同条款及工程进度制作项目进度表，完成合同安装任务； 5、负责工程设备使用的培训、内部验收、竣工验收工作； 6、负责工程项目过程中监督检查，确保工程项目如期交付； 7、做好所跟项目的协调，定期巡查各项目工作情况，对巡查时发现安全及质量方面的问题，作出正确的判断，提出处理意见和改进方法； 任职要求： 1、中专及以上学历，工程类专业优先，年龄20-35岁； 2、1年以上工作经验优先； 3、熟练操作Word、Excel办公软件，会使用CAD绘图软件优先； 4、良好的沟通、协调、组织、计划能力； 5、不惧恐高，持C证及以上，抗压能力强； 6、持C1及以上驾照优先； 福利待遇： 节假日福利，生日福利，年假，餐补，年终分红，六险，公司团建等。职位福利：定期体检、节日福利、餐补、  ,5月21日,成都新邑航科技有限公司创始于1993年，专业设计、生产、销售、安装预制式不锈钢厨房设备。生产基地设在成都市温江区海峡科技产业园。专业提供成都不锈钢厨房设备、输出不锈钢厨房设备厂家价格定做公司在业内率先取得“工业产品生产许可证”，先后通过ISO9001、ISO14001、OHSAS18001等国际管理体系认证，产品及工程连续多年荣获“客户满意度五星等级证书”、“信誉3A级企业证书”等荣誉称号。近几年来成功承接了成都金强费尔顿凯莱大酒店、青城山豪生国际酒店、四川大邑锦江鑫河酒店、西南财经大学、四川师范大学、电子科技大学、中国工商银行后台服务中心、中石化四川石化大厦、宜宾五粮液股份公司等大型项目。公司引进了激光切割、焊接等先进设备在产品制造方面严格贯彻实施ISO9001国际质量管理和服务体系。公司产品涵盖全系列中西式厨房成套设备以及红外线辐射节能灶具，并引进了国内外多家知名品牌的配套设备，如美国霍巴特（HOBART）公司和德国迈科（MEIKE）公司的洗涤设备（洗碗机）系列；西班牙法格、大连三洋、美国威廉姆斯、美国万利多冷冻冷藏设备系列；食品加工机械系列；美国嘉利（GARLAND）、加拿大雷鸟、德国MKN、广州粤海西厨设备系列等。全国统一服务热线：400-9977-970，实行24小时维修服务，节假日有专人值班。,"https://www.zhaopin.com/jobdetail/CC638902520J40237615106.htm?refcode=4019&srccode=401901&preactionid=a7c1140f-c46c-45e5-b867-ab342d8bdc77"
4455,项目专员/助理,深圳-南山区,5000-7000元,悉地国际设计顾问(深圳)有限公司上海杨浦分公司,"房地产开发,工程施工",1000-9999人,未融资,CC551217120J40738867201,工作职责： 1、协助项目经理（PM）进行项目管理，推动各项管理制度的执行和落实； 2、负责各项具体支持服务工作，以及项目管理中的文秘辅助工作等； 3、辅助立项管理、预算管理、工时管理、人员与进度管理、文档管理及其他配合项目经理的支持性工作； 4、进行运营数据分析、数据统计和报表制作工作； 5、项目设计供应商的管理，包括使用申请、合同拟定及跟踪、支付流程等； 6、项目请款，包括准备资料及开票等。 任职要求： 1、熟练使用办公软件； 2、工作细心有条理、能吃苦耐劳； 3、良好的沟通表达及协调能力； 4、性格活跃； 5、优秀的应届生也可考虑。,7月2日,CCDI悉地国际（以下简称“CCDI”）创立于1994年，是在世界城市建设和开发领域从事综合专业服务的大型工程实践咨询机构。其业务涵盖广泛的行业与不同的专业领域。我们拥有上海、北京、深圳、成都、悉尼、纽约、青岛、苏州等区域，在重庆、南京、天津、武汉、西安、昆明等国内主要城市设置分公司或办事处，建立遍布全国各地的服务网络。CCDI曾成功主持设计了国家游泳中心（水立方）、北京奥林匹克公园网球中心、平安国际金融中心、上海洛克菲勒外滩源、济南奥林匹克体育中心、杭州奥体博览中心、大梅沙·万科中心、深圳腾讯大厦、阿里巴巴深圳大厦、深圳百度国际大厦、哈尔滨西站站房及枢纽、北京昆仑公寓、深圳华润中心二期、天津港邮轮客运码头大厦、上海国际旅游度假区等各类型知名项目。据2018年美国《工程新闻记录》（ENR）的最新排行榜，CCDI已进入全球工程设计百强企业行列。CCDI运用现代企业管理方式，致力于探索中国工程设计行业科学发展模式的变革之路。公司汇聚了数千名优秀的建筑师、工程师、规划师、咨询师、项目经理、管理顾问等人才，拥有覆盖广泛的业务产品及技术能力种类，在建筑楼宇、轨道交通、产业等领域内提供咨询、建筑设计、建设管理和工程顾问等专业服务，我们致力于为我们的客户提供系统和综合性的解决方案。我们将汇集全体同事的力量，充分利用现有优势与资源，充分发挥潜力，营造我们在行业中独特的地位。并且透过这一方式，进一步开发新增长市场，通过提供负责任的、高效的、可持续发展的解决方案让客户长期获益。同时使我们获得未来的成功。我们珍爱身处的城乡环境，为此CCDI将一如既往地担负起企业的社会责任，以工程实践的专业服务者作为自身的使命。为推动中国城市化进程的科学发展及释放工程专业人才的创造力而不懈努力。从而达到我们的战略目标：“工程实践专业服务的引领者”。,"https://www.zhaopin.com/jobdetail/CC551217120J40738867201.htm?refcode=4019&srccode=401901&preactionid=a7c1140f-c46c-45e5-b867-ab342d8bdc77"
4456,项目专员/助理,郑州-金水区,4000-5000元,河南鼎稳通信技术有限公司,"通信/网络设备,通信/网络设备,运营商/增值服务",100-299人,未融资,CC481439120J40278280815,工作内容： 1. 日常通信工作资料的整理制作，沟通对接数据准确性； 2. 工作各种数据的回收整理、项目资料的汇总整理等； 3. 协助项目部进行订单的录入，稽核每季度的数据； 4. 熟悉各地市报账资料的制作，相关平台流程发起等； 5. 掌握项目成本的支出、收入统计汇总分析； 6. 协助项目经理，与客户和施工队进行良好的沟通；做好客户关系的维系； 7. 日常项目的巡检、通信技术的学习和掌握、隐患的判断等； 8. 完成领导交代的其他工作。 任职要求： 1. 通信相关专业的应届生（23年-25年）优先考虑； 2. 持有C1驾照，会开车； 3. 有通信工程相关经验优先考虑； 4. 稳定踏实，有责任心，吃苦耐劳，并愿意长期在通信行业发展； 5. 可以服从公司调动，接受省内省外常驻或出差。 职位福利：节日福利、社保、年底奖金、补充商业保险   ,2月26日,河南鼎稳通信技术有限公司是经过中国信息产业部批准认可；在河南省工商行政管理局登记注册，具有独立企业法人资格的有限责任公司。公司主要承担业务：通信线路的施工、通信管道、线路维护、以及光（电）缆工程。公司筹建于二〇一〇年底，是一家集通信管线施工和设计于一体的通信工程企业。本公司自成立以来，始终坚持重质量、讲信誉、服务第一、争创一流的经营管理理念。经过我们不懈努力、创新和真诚的服务，我公司与中国移动建立了良好的合作关系，保证了工程施工质量，在通信建设单位中树立了良好的形象。公司现有员工120余人，设有工程部、业务部、财务部、办公室以及十多个施工队伍。在通信公司各级部门的大力支持下，经过一年的锻炼，我公司已经具备了一定的规模，技术力量也相当雄厚。公司已拥有施工所需的车辆、电脑、机具、仪表、50S单芯熔接机、工具及场地等价值300余万元的固定资产。在施工过程中，我公司积累了一套丰富的施工经验，具备在各种复杂的环境下及时圆满地完成各项施工任务的条件。本公司已在中原股交所挂牌。,"https://www.zhaopin.com/jobdetail/CC481439120J40278280815.htm?refcode=4019&srccode=401901&preactionid=a7c1140f-c46c-45e5-b867-ab342d8bdc77"
4457,项目专员/助理,北京-海淀区,50-80元/天,国科新材料技术有限公司,"科学技术推广,科学技术推广",20人以下,不需要融资,CCL1374323500J40798589103,职位描述 1、参与新材料技术合作开发项目、科技服务、中试风险减量项目管理工作； 2、协助综合管理部门、业务部门开展辅助性工作，包括行政工作、会议接待、合作交流、信息系统/数据库管理维护、票据报销等； 3、按时完成领导交办的其他工作内容。 任职要求 1、在校学生，专业不限，理工科专业背景优先； 2、熟练使用办公软件； 3、责任心强、工作积极主动，做事严谨，服从公司管理； 4、具有较强的沟通协调和团队协作能力。,6月9日,国科新材料技术有限公司（以下简称“国科新材料”）成立于2018年4月，是中国科学院控股有限公司下属全资国有企业。公司总部设在北京中关村核心地带。国科新材料依托中国科学院在新材料领域的研发资源及创新能力，通过建设和运营新材料成果转化中试放大平台，实现中科院化工新材料领域关键与核心科技成果的工程化、产业化，助力我国新材料产业创新发展。更多信息，请访问公司官网：国科新材料技术有限公司(casam.com.cn),"https://www.zhaopin.com/jobdetail/CCL1374323500J40798589103.htm?refcode=4019&srccode=401901&preactionid=a7c1140f-c46c-45e5-b867-ab342d8bdc77"
4458,项目专员/助理,沈阳-沈河区,6000-7000元,辽宁众邦汇通人力资源有限公司,人力资源服务,20人以下,未融资,CCL1488005460J40794459805,项目负责人，接受实习生。 【岗位职责】 负责现场员工，面试，入职，招聘，统计工资等！ 积极主动解决员工的问题 细心，耐心，并且吃苦耐劳！21-26周岁。 大专学历以上。 无责底薪5000元+奖金+提成+社保+油补！ 工作时间：9-18,7月17日,许可项目：建筑劳务分包；职业中介活动。（依法须经批准的项目，经相关部门批准后方可开展经营活动，具体经营项目以相关部门批准文件或许可证件为准）一般项目：人力资源服务（不含职业中介活动、劳务派遣服务）；企业管理；生产线管理服务；物业管理；专业保洁、清洗、消毒服务；普通货物仓储服务（不含危险化学品等需许可审批的项目）；装卸搬运。（除依法须经批准的项目外，凭营业执照依法自主开展经营活动）,"https://www.zhaopin.com/jobdetail/CCL1488005460J40794459805.htm?refcode=4019&srccode=401901&preactionid=a7c1140f-c46c-45e5-b867-ab342d8bdc77"
4459,项目经理/主管,北京-海淀区,4000-6000元,中国地名文化遗产保护促进会,社团/组织/社会保障,20-99人,,CC514966980J40176507706,地名文化遗产保护项目官员（一）岗位描述    1.负责项目设计和申请。    2.负责项目组织实施和监督管理。    3.负责项目实施经验模式的总结提炼。    （二）岗位要求    1.教育背景：本科及以上学历；地理学、历史学、汉语言文学等相关教育背景者优先。    2.工作技能：沟通协调能力；项目管理能力；较高的文字写作水平；熟悉计算机操作，熟练使用office等办公软件。  3.有高度的责任心并富有工作热情，为人诚恳、谦和，善于沟通、具有良好的语言表达能力和团队合作精神。   ,2月19日,"中国地名文化遗产保护促进会是依法登记的全国性、专业性、非营利性社会组织。促进会的宗旨是：遵循中国特色社会主义文化发展道路，充分发扬学术民主，团结关心、支持、热爱地名文化遗产研究保护事业的有关单位和人员，开展地名地域文化挖掘保护、开发建设和宣传弘扬等工作，促进我国地名文化遗产研究保护事业的发展，增强中华文化在世界上的感召力和影响力,为建设社会主义文化强国做出贡献。促进会的业务范畴是：组织协调全国地名文化遗产保护的理论研究与学术交流，提供地名文化遗产保护和地名地域文化建设工作的学术咨询与技术服务；开展地名文化遗产挖掘考证和宣传保护，经政府主管部门批准，承担地名文化遗产评审鉴定和记录公示；依照有关规定编撰出版与地名文化遗产研究保护相关的著作、学术刊物、培训教材、影视作品，受政府委托承办或者根据市场和学科发展需要举办相关展览、研讨和培训活动；经政府有关部门批准，评选地名文化遗产研究保护成果，表彰做出突出贡献的先进单位和个人；开展与联合国地名组织、教科文组织和其它国际组织及专家学者的地名文化学术交流和项目合作，拓展地名文化遗产研究保护领域。","https://www.zhaopin.com/jobdetail/CC514966980J40176507706.htm?refcode=4019&srccode=401901&preactionid=a7c1140f-c46c-45e5-b867-ab342d8bdc77"
4460,项目专员/助理,天津-西青区,8000-10000元·13薪,天津津荣天宇精密机械股份有限公司,"仪器仪表制造,金属制品业,电气机械/电力设备,电子/半导体/集成电路",1000-9999人,已上市,CC241164210J40742448912,岗位职责：  一、新品项目立项,6月25日,公司是国内领先的专业从事精密金属模具及相关部品的研发、生产和销售的高新技术企业，公司以精密模具开发、精密冲压、精密钣金、铝合金超低速压铸、自动化焊接及自动化组装六大核心技术为支撑，以精益化、柔性化和规模化生产为目标，为电气及汽车领域全球高端客户提供贴合需求的低成本、高品质产品和服务。公司的产品涵盖电气和汽车两大领域，其中电气精密部品包括低压配电部品、中压配电及能源设备部品和工业自动化部品，主要客户包括施耐德、ABB和西门子等全球领先的电力电气巨头；汽车精密部品包括减震部品、安全部品、空调及座椅部品、轻量化部品，主要客户包括东海橡塑、电装、丰田纺织、丰田合成及采埃孚-天合等全球汽车零部件供应商百强企业，最终产品广泛应用于丰田、本田、日产、大众、通用等知名汽车品牌。公司拥有先进的产品研发试作中心，并与施耐德及东海橡塑集团的研发中心开展同步产品技术研发和样品试作。公司定位高端市场，在电气部品领域，公司现为世界五百强和电气巨头——施耐德的全球核心供应商，2018年获得“施耐德全球***品质奖”，2019年获得“施耐德全球生产型***供应商”，成为***家获此殊荣的中国供应商；在汽车部品领域，公司主要服务于日系、德系车的一级跨国供应商，公司连续多年获得东海橡塑“优秀供应商奖”，电装“海外***供应商奖”，2019年获得丰田纺织“海外贡献奖”。出于优化客户体验、降低交付成本、快速响应客户需求等方面的考虑，公司形成了以天津辐射环渤海、嘉兴辐射长三角、东莞辐射珠三角，武汉辐射华中的国内区域布局，部分高端产品已出口至欧洲及北美等地区。与此同时，公司在泰国及印度分别布局了子公司进一步开拓东南亚及印度市场。未来，公司将继续跟随客户构建起覆盖全球的网络工厂体系。,"https://www.zhaopin.com/jobdetail/CC241164210J40742448912.htm?refcode=4019&srccode=401901&preactionid=a7c1140f-c46c-45e5-b867-ab342d8bdc77"
4461,项目专员/助理,镇江-京口区,6000-8000元,航天海鹰(镇江)特种材料有限公司,"船舶/航空/航天/火车制造,学术/科研,金属制品业",100-299人,,CC429209210J40747456909,1、工作岗位内容：负责新材料相关的科研生产任务管理。 2、学历及性别要求：生，理工科专业，本科及以上。 3、通用能力要求：性格外向，具备良好的沟通组织能力；具备较强的组织能力；善于学习，具备较强的学习能力；具备较好的细心能力；具备良好的文字编辑、逻辑思路、分析能力和责任心。 4、软件能力要求：能熟练使用word、excel、ppt等办公软件。 5、有项目管理、生产管理或有新材料的工作经验者优先。,7月23日,航天海鹰（镇江）特种材料有限公司为航天三院控股公司，股东为航天三院、航天三〇六所和镇江高投。公司于2011年4月注册成立，总部位于江苏省镇江新区，注册资金2亿元。公司拟建成以特种材料设计、研发、制造、服务为主业，兼顾其它新材料发展的现代高新技术企业。作为国产大飞机C919项目机体结构九家供应商之一，依托航天306所技术优势，现主要从事航空、航天复合材料和先进隔热保温材料研发、制造。公司正在进行二期建设，诚邀各界有识之士加盟，我们将为您提供广阔的发展平台。,"https://www.zhaopin.com/jobdetail/CC429209210J40747456909.htm?refcode=4019&srccode=401901&preactionid=a7c1140f-c46c-45e5-b867-ab342d8bdc77"
4462,项目专员/助理,西安-雁塔区,120-200元/天,特变电工,"电气机械/电力设备,矿产/采掘,金属制品业,互联网",10000人以上,,CC120393540J40718637509,1.操作项目管理平合PM相关管理业务流程包括进度管理支出合同管理(合同评审、变更、计量等)、资金管理(资金计划付款申请等)、HSSE管理等； 2.参与项目设备材料的询比价、招标采购工作，同时在 SCM、PCM系统平台、办公平台0A上提报相关流程； 3.参与国外业主来华培训及其他接待工作； 4.负责部门日常报告文件的编写与归档；,4月3日,特变电工是国家级高新技术企业和中国大型能源装备制造企业集团。培育了以优势清洁能源资源为基础，输变电高端装备智造、硅基新能源、铝电子新材料“一高两新”三大国家战略性循环经济产业链，成功构建了特变电工（股票代码600089）、新疆众和（股票代码600888）、新特能源（股票代码1799HK）三家上市公司，发展成为我国输变电行业核心骨干企业，多晶硅新材料研制生产基地，大型铝电子新材料出口基地，大型太阳能光伏、风电系统集成商。在国内外建设24个高端制造业产业基地，变压器年产量达3亿kVA，光伏EPC装机总量近30GW，均位居行业前列。集团综合实力位居世界一流机械企业500强第25位，中国机械工业500强第4位、中国企业500强第247位、中国民营企业500强第93位、中国制造企业500强第121位，中国制造业民营企业500强第61位，中国大企业创新100强第40位，中国能源企业500强第51位，全国工商联科技创新民营企业第8位，2023财富中国上市公司500强143位。（一）能源高端制造及电力系统集成产业围绕“一特四大”（一特：特高压，四大：大型水电、大型火电、大型核电、大型可再生能源发电基地）国家能源战略，公司先后承担了代表绿色、节能、环保、智能化，首条商业运行的1000kV“晋东南—南阳—荆门”特高压交流工程、代表当今高压直流输电高水平的昌吉-古泉±1100kV特高压直流工程、首条且容量最大的乌东德-广东广西±800kV特高压多端柔性直流示范工程、装机容量最大的台山2×175万千瓦核电、安徽平圩电厂百万千瓦大型火电、三峡百万千瓦大型水电、三峡如东海上风电柔直等一系列代表节能输电技术领域创新领跑工程的中国首台套输变电产品的自主研制。公司构建了变压器、换流阀、开关、二次设备、线缆、套管等输变电领域的全产业链集成服务能力，并是国内少数具备“高压电缆+附件+施工”一体化集成服务能力的企业，产品广泛应用于电网、电源、新能源、石油石化、大交通、新型城镇化、智能制造等国家发展的重点基础建设领域，是行业中承担输变电领域国家重大项目、重点工程和国产化替代最多的企业之一。（二）新能源产业在多晶硅领域，公司依托甘泉堡、准东等新基地，打造以硅基材料为载体，以高端多晶硅为主体，相关循环产业链上下游完备的千亿级硅基新材料产业链，多晶硅年产能达到30万吨。在新能源综合解决方案领域，特变电工围绕构建“能源物联网+风光储输一体化+多能互补+智慧能源平台”的新能源体系，推动“特变电工绿色能源全生态链应用解决方案”在多应用场景、多技术场景、多运行场景的全面应用，引领“光储+”业务模式下的光伏平价上网新时代。聚焦逆变器、SVG、电能路由器等智能产品，同时提供TB-eCloud智慧能源管理平台、智能微电网解决方案等服务，累计承建光伏、风电（离）并网项目5000余座，装机容量超25GW，每年贡献清洁电力超400亿度，可减排二氧化碳3000万吨。（三）铝电子新材料产业铝电子新材料产业是国家大力发展的战略性新兴产业，形成了以“能源-高纯铝-电子铝箔-电极箔”铝基新材料产业链为主体，冶金技术服务、钢铁耐材技术服务、物流服务协同发展的产业新格局。建设了数字化新材料产业园，实现高纯铝、铝电解电容器产品生产流程数字化、智能化、自动化。专注于高纯铝基精深加工，可生产纯度达99.9999%高纯铝产品；成功研发的6N级以上超高纯铝为我国高端生产技术的发展提供了稳定可靠的超高纯铝材料；具备年产8万吨高纯铝、3.5万吨电子铝箔、2500万平方米中、高压电极箔的能力。拥有完全自主知识产权、行业最先进的100型三层法高纯铝装备及工艺技术，成功研制的6N级以上高纯铝靶材坯料；自主研制的高纯铝靶材坯料，实现了TFT—LCD用大尺寸高纯铝靶材重大突破。公司新材料产品广泛应用于轨道交通、电子信息及汽车轻量化领域。（四）能源产业能源产业是特变电工“一高两新”三大战略性新兴产业发展的重大依托，为培育新型工业和现代产业体系、打造“多能互补多晶硅联合新能源光伏循环经济产业链”和“多能互补电子铝箔新材料循环经济产业链”提供了源头保障。构建煤炭、煤电、铁路物流为一体的产业链，打造智慧矿山、绿色矿山、人文矿山，煤矿核准产能7400万吨，参与了国家“疆电外送”重大能源战略建设。特变电工以事业留人，以情感留人，以待遇留人；坚持公开选拔、竞争上岗；信任人才、欣赏人才，不断为优秀人才加担子，让大家在推动企业发展的实践中与公司共同成长，为优秀人才搭建公平成长的舞台。特变电工真诚期待拥有梦想、锐意创新的您能与我们共同成长，共创辉煌明天！公司网址： https://www.tbea.com,"https://www.zhaopin.com/jobdetail/CC120393540J40718637509.htm?refcode=4019&srccode=401901&preactionid=a7c1140f-c46c-45e5-b867-ab342d8bdc77"
4463,项目专员/助理,深圳-南山区,6000-7000元,凸版美林財經印刷有限公司,"翻译服务,翻译服务,咨询服务",100-299人,,CC464517910J40788522605,【岗位职责】 1、负责协助公司各项目会议进行以及会场整理工作； 2、负责会议期间所需文件的扫描、打印； 3、发送、回复项目会议的相关邮件； 4、把控项目的整体进程，接收来自客户的工作指示，正确传达给下游各部门以做好相应的工作。 【职位要求】 1、大专以上学历，英语四级及以上，（口语及书写能力强者优先考虑）； 2、 熟练运用各种办公软件； 3、善沟通，细心，领悟能力强，思想成熟，处事灵活，能承受工作压力； 4、合理安排工作时间并有效地完成工作任务； 5、每周五天工作制，须轮班（早班/中班/夜班），按实际情况转换；因工作需要，可接受不定期加班。 公司信息： — 福布斯排名榜1000名内企业 — 公司每年举办丰富的员工活动 职位福利： 五险一金、有加班费及轮班津贴，享有带薪年假等福利。 发展前景： 提供员工培训以及去其他分公司出差及学习机会；对工作态度积极，工作能力突出者给予加薪晋升鼓励。,6月25日,凸版美林(TOPPAN Nexus)成立于1987年，是印刷集团凸版控股株式会社旗下公司。凸版集团为世界500强企业之一，其全球员工人数超过58000人，集团年度销售额高达160亿美金。凸版美林是一家财经通讯服务供应商，提供以科技为本的解决方案，我们在排版、校对、翻译和设计方面均有丰富的行业知识，全面满足所有财经通讯需求。作为立足亚洲的财经通讯公司，凸版美林总部设在香港，并在北京、深圳、上海、东莞、纽约、新加坡、马尼拉均设有办事处。,"https://www.zhaopin.com/jobdetail/CC464517910J40788522605.htm?refcode=4019&srccode=401901&preactionid=a7c1140f-c46c-45e5-b867-ab342d8bdc77"
4464,项目专员/助理,天津-滨海新区,4000-6000元,天津恒昇伟业企业管理有限公司,咨询服务,20-99人,,CCL1267161160J40716873209,有过土建、市政、海油机电项目现场经验的优先，本岗位需要驻外出差，请看清楚之后再投递！！！ 岗位职责：,7月2日,,"https://www.zhaopin.com/jobdetail/CCL1267161160J40716873209.htm?refcode=4019&srccode=401901&preactionid=a7c1140f-c46c-45e5-b867-ab342d8bdc77"
4465,项目经理/主管,石家庄-裕华区,2-2.4万,中辉智造(天津)企业管理咨询有限公司,"咨询服务,咨询服务",20-99人,未融资,CC812447710J40863853915,岗位内容： 1. 负责俄国中东等地工程项目的规划、组织、实施和管控，确保工程质量、进度和安全； 2. 指导各部门的合作，保证项目进展的衔接协调； 3. 制定相关标准和流程，优化项目管理体系，不断提升工程项目管理水平； 4. 针对项目中出现的问题和风险，及时解决并向领导层报告情况。 任职要求： 1. 硕士及以上学历，机械、电子、自动化等相关专业背景； 2. 具有俄语经验，有成功的工程项目管理经验者优先； 3. 熟悉品质管理、项目风险管理等常见的管理方法和工具； 4. 具备较强的沟通、协调和解决问题能力，有很好的团队合作精神； 5. 具备全局思维和创新意识，能够快速适应新的工作环境和任务。,7月16日,经营范围包含：许可项目：职业中介活动；劳务派遣服务。（依法须经批准的项目，经相关部门批准后方可开展经营活动，具体经营项目以相关部门批准文件或许可证件为准）一般项目：人力资源服务（不含职业中介活动、劳务派遣服务）；特种作业人员安全技术培训；劳务服务（不含劳务派遣）；企业管理咨询；法律咨询（不含依法须律师事务所执业许可的业务）；技术服务、技术开发、技术咨询、技术交流、技术转让、技术推广；咨询策划服务；环保咨询服务；标准化服务；科技中介服务；承接档案服务外包；采购代理服务；运输货物打包服务；生产线管理服务；招生辅助服务；商务代理代办服务；会议及展览服务；信息咨询服务（不含许可类信息咨询服务）；单位后勤管理服务；翻译服务；信息技术咨询服务；礼仪服务；软件外包服务；供应链管理服务；办公服务；招投标代理服务；个人商务服务；体验式拓展活动及策划；市场主体登记注册代理；业务培训（不含教育培训、职业技能培训等需取得许可的培训）；企业管理；组织文化艺术交流活动；市场营销策划；办公用品销售；互联网销售（除销售需要许可的商品）；餐饮管理；装卸搬运；国内货物运输代理；餐饮器具集中消毒服务；专业保洁、清洗、消毒服务；建筑物清洁服务；城市绿化管理；园林绿化工程施工；国内集装箱货物运输代理；普通货物仓储服务（不含危险化学品等需许可审批的项目）；航空运输货物打包服务；物联网技术服务；回收食品无害化处理；商业综合体管理服务；家政服务；住房租赁；非居住房地产租赁；财务咨询；代理记账；在保险公司授权范围内开展专属保险代理业务（凭授权经营）；税务服务；薪酬管理服务。,"https://www.zhaopin.com/jobdetail/CC812447710J40863853915.htm?refcode=4019&srccode=401901&preactionid=a7c1140f-c46c-45e5-b867-ab342d8bdc77"
4466,项目专员/助理,大连-甘井子区,120-150元/天,安永商务咨询(大连)有限公司,"财务/审计/税务,企业服务",1000-9999人,未融资,CC654313220J40749716709,JD： 1. 项目文档管理：协助整理和维护项目相关的文档，确保所有文档的准确性和及时更 新。 2. 项目进度跟踪：协助监控项目进度，及时报告任何偏差。 3. 会议组织与记录：协助组织项目会议，包括准备会议议程、记录会议内容和决策，以 及分发会议纪要。 4. 数据分析：协助收集和分析项目数据，如项目进度、质量指标等，为项目管理决策提 供支持。 5. 流程改进：参与识别项目管理和质量保证流程中的改进机会，提出改进建议，并协助 实施改进措施。 6. 沟通协调：协助团队沟通和协调工作，确保信息的准确传递。 7. 培训与学习：参与相关的培训和学习活动，提升项目管理和质量保证的知识和技能。 任职要求：  1. 熟悉软件生命周期，基本原理和流程；  2. 熟练操作 Office 软件（Outlook，excel，power query，Power BI 等）；  3. 可周一至周五工作；  4. 具备良好的逻辑思维能力和问题解决能力；  5. 具备较强的学习能力和抗压能力，能够适应快速变化的项目需求；  6. 主动积极，良好的沟通；  7. 有软件项目经验者优先考虑；  8. 专业不限，欢迎对软件项目管理有见解的同学；,7月21日,2013年末安永在大连成立了安永商务咨询（大连）有限公司，为安永的大中华区审计、税务等成员公司提供基本的审计、税务咨询服务支持。2016年公司业务进一步扩展，成立了IT咨询部门，为国内客户提供SAP及Java开发咨询服务。2019年安永收购了中恒造价咨询公司，于2020年在大连成立了算量中心，提供工程造价咨询相关服务。安永商务咨询所提供的服务和质量获得了客户的高度认可。,"https://www.zhaopin.com/jobdetail/CC654313220J40749716709.htm?refcode=4019&srccode=401901&preactionid=a7c1140f-c46c-45e5-b867-ab342d8bdc77"
4467,项目专员/助理,郑州-管城回族区,6000-12000元·13薪,河南青碧信息科技有限公司,"零售/批发,零售/批发",100-299人,未融资,CCL1224990300J40757782514,【岗位职责】 1、协助项目经理进行项目规划、执行与监控，保证项目按时交付 2、与客户进行有效沟通，确保项目需求得到满足 3、组织协调项目活动，确保项目团队成员间的良好合作 4、参与项目宣传工作，提升项目知名度和公司形象 5、定期更新项目信息，为项目团队提供支持,5月23日,河南青碧信息科技有限公司是一家集百货礼品，教育培训，移动支付、金融、O2O电商为一体的科技推广及应用的服务业公司。企业专注于为商户和个人提供:新型、安全、便捷的高科技智能收单终端+信用卡办理服务+专业的银行消费贷款服务+银商天下（购物、车票和酒店预订等多功能O2O电商APP）。公司引进国外先进的WWI管理体制，实行一对一的针对性专业培训，注重个人的能力的培养，打造出学习型的平台！公司所有管理层都从基层选拔，有公开透明的晋升机制，打造全新的创业型平台。公司以人的提升推动企业的成长，近年来培养了众多优秀的实干型管理人才。为集团500家分公司的伟大布局做出了卓越的贡献！公司与国有控股公司、大型国有股份制银行、国内上市企业、国内知名企业等形成战略合作伙伴关系。与具有国资背景、在业内排名靠前的支付公司——北京海科融通支付服务股份有限公司达成战略合作，成为海科融通在全国颇具实力的线下支付直营服务商，并获得授予先进团队荣誉称号；与大型国有股份制银行——民生银行和浦发银行达成合作伙伴，成为此两家银行信用卡网申业务优秀合作商。公司经营完美地融合了“创业平台”与“管道建设”的双向发展平台。颠覆了传统的企业经营模式，让我们的产品和服务不是一次交易，而是可以无限次地和客户发生链接从而多次获利，真正做到让员工获得连续不断的可持续性收入，这是业内的一次伟大创新和变革，极大的提升了员工的安全感。,"https://www.zhaopin.com/jobdetail/CCL1224990300J40757782514.htm?refcode=4019&srccode=401901&preactionid=a7c1140f-c46c-45e5-b867-ab342d8bdc77"
4468,项目专员/助理,郑州-金水区,4000-6000元,河南昊通建设发展有限公司,"通信/网络设备,运营商/增值服务,通信/网络设备,IT服务",300-499人,未融资,CC461144420J40823880808,一、工作内容：   1.前期是项目经理助理，主要负责物料出入库、统计施工进度、做验收、结算资料、CAD画图、现场协调等工作；,7月18日,河南昊通建设发展有限公司，2012年2月在河南郑州正式成立，注册资金五千零贰万元，是一家以通信网络建设、维护、优化和系统集成服务为主体的全业务通信服务企业，服务对象为全国各大通信运营商、设备提供商、大型集团、政企客户等。公司具备通信施工总承包壹级、电子与智能化工程专业承包壹级、建筑装修装饰工程专业承包贰级、电力工程施工总承包叁级、市政公用工程施工总承包叁级、机电工程施工总承包叁级、钢结构工程专业承包叁级、城市及道路照明工程专业承包叁级、施工劳务不分等级、环保工程专业承包叁级资质，业务覆盖通信工程施工、网络综合维护、系统集成解决方案、电子智能化、物联网和大数据业务、通信产品的销售和租赁、新能源和市政工程等十几个专业，范围覆盖河南省十八个地市。自2018年公司开始积极布局人工智能、物联网、云计算、大数据、边缘计算等新业务，目前通信业务和部分新业务已拓展到政府、金融、教育、医疗、旅游、交通、零售等多个行业。,"https://www.zhaopin.com/jobdetail/CC461144420J40823880808.htm?refcode=4019&srccode=401901&preactionid=a7c1140f-c46c-45e5-b867-ab342d8bdc77"
4469,项目专员/助理,成都-成华区,100-150元/天,四川省现代物流发展促进会,"社团/组织/社会保障,货运/物流/仓储,社团/组织/社会保障",20-99人,未融资,CC255086030J40732752014,岗位职责： 1、负责项目资料整理、协助基础文书工作处理 2、项目执行辅助工作内容 3、协助组织各类项目会议，确保项目按计划推进 4、完成协会交办的其他事宜 5、实习期间表现优秀者，公司将提供实习证明，为实习生的求职之路增添有力砝码，助力其在职场竞争中脱颖而出。 6、公司定期组织各类培训活动，涵盖政策知识、咨询技能、职业素养等多方面内容，实习生可与正式员工一同参加，全面提升个人综合能力。 岗位要求： 1、在校有项目参与或课题助理经验优先 2、能够熟练使用 Office 办公软件，如 Word、Excel、PowerPoint 等，具备一定的电脑操基础，能够高效完成文档编辑、数据处理、演示文稿制作等工作。 3、拥有相关实习经验者优先考虑，具备政策研究、咨询项目实习经历者，在同等条件下将更具竞争力。,6月17日,四川省现代物流发展促进会是四川省人民政府物流办公室主管，由四川省一、二、三产业中的省属重点企业，从事供应链金融业务的金融机构和准金融机构，从事物流业科研和人才培养的大专院校，科研机构以及相关专业人士组成的，以服务物流业为主的跨地区跨行业的全省乃至全国第一个创新型社团组织。促进会以政府经济发展战略为指导，团结引导会员单位，积极参与西部现代物流中心建设，通过全面提升我省物流业现代化服务水准，为我省其他产业参与全国乃至全球化竞争，改善我省综合投资环境提供专业化、信息化、标准化、国际化的物流服务。“促进会”以“诚实守信，责任担当、专业价值”“共同创造、共同分享、共同发展”为核心价值观；以“整合行业资源、提升产业效率、重构产业供应链、降低物流成本”为工作导向；以架通政府沟通桥梁，搭建决策咨询培训平台，优化产业运行环境为工作目标；以建设行业规范，制定行业标准，开展培训认证，进行诚信评价，提供信息服务，促进资源对接，维护会员权益，反映会员呼声，开展商务活动为工作抓手；以服务政府、服务产业、服务企业为责任，通过接受政府委托，分担政府管理职能，落实产业发展规划，提升企业国际竞争力等工作中，提供高品质专业化的一站式服务，提升促进会在社会行业中的整合力、行动力、影响力。促进会按照“公开、公平、公正”建设的市场化原则搭建资源整合、决策咨询、信息及投融资服务等平台，打造促进会的吸引力、凝聚力、公信力。促进会强大、专业、跨界的会员单位和专家顾问团队是本会履行使命、践行宗旨、达成目标的重要基础和保障。,"https://www.zhaopin.com/jobdetail/CC255086030J40732752014.htm?refcode=4019&srccode=401901&preactionid=a7c1140f-c46c-45e5-b867-ab342d8bdc77"
4470,项目专员/助理,上海-浦东新区,7000-10000元,弘则研究,"证券/期货,电子/半导体/集成电路",20-99人,未融资,CC319832030J40130736908,职位描述: 1. 负责行业信息的收集、整理，参加行业会议和展览，加深对行业的了解； 2. 协助项目经理开拓更多的行业内顾问，按照客户的需求匹配和招募到专业背景***要求的专家； 3. 协助安排各项调研活动和专家访谈，促成客户端与专家端的行业交流； 4. 负责整理调研和访谈纪要报告； 5. 完成部门负责人安排的其它日常工作。 岗位要求: 1. 本科以上学历，有金融，咨询行业，猎头或新闻**经验者优先，也欢迎优秀的应届毕业生； 2. 工作细致认真，有较强责任感； 3. 外向、沟通能力强，具有一定的抗压能力； 4. 具有快速学习能力，对金融行业或咨询行业有经验的优先； 5. 熟练使用基本的办公软件。,3月11日,弘则研究致力于成为国内顶尖的金融服务公司，以投资咨询作为主要业务，为国内及海外的机构投资者提供经济、产业、商品及投资策略研究。弘则研究团队成员在股票公募基金、股票私募基金及商品期货机构投资者（商品私募、大型贸易商、大型国有企业）中具有丰富的服务经验。大类资产配置、产业深度研究、专家智库平台是弘则研究的主打特色研究服务。弘则研究团队将从全球视野出发，结合宏观和产业的深度研究为投资者提供投资依据。公司创始人平均8年以上的证券从业经验，并在目前市场上有影响力的投资咨询机构担任核心管理的职位。公司的核心员工团队均为有经验的金融从业人员，并具有一定的市场影响力和优秀的工作及学术背景。,"https://www.zhaopin.com/jobdetail/CC319832030J40130736908.htm?refcode=4019&srccode=401901&preactionid=a7c1140f-c46c-45e5-b867-ab342d8bdc77"
4471,项目经理/主管,成都-双流区,8000-10000元,四川乐杰环保科技有限公司,"环保,专用设备制造",20-99人,,CCL1486757170J40797979605,岗位核心职责： 1. 重点客户开拓与维护：对接并维护政府部门、中央企业、国有企业、大型工程总包单位等战略客户群体。 2. 项目全过程管理：负责技术方案沟通、项目过程实施，跟进。 3. 市场信息分析：了解政府项目流程、央国企及总包单位采购流程。 4. 跨部门协同：高效联动公司内部技术、生产、售后服务等部门，确保项目需求得到精准响应和顺利实施，提升客户满意度。 ​任职资格要求：​​ 1. ​学历基础：大专及以上学历，环保工程、市场营销、工程管理、给排水等相关专业优先。 2. 核心经验：具备对接政府部门、央国企、大型工程总包单位的实际经验，熟悉其项目运作流程和决策链条。 3. 项目背景优先：有参与过玻璃钢泵站、污水处理厂、市政管网、海绵城市等相关工程项目经验者优先考虑。 薪酬待遇：基本工资+提成+绩效奖金，福利保障（五险一金）,7月29日,四川乐杰环保科技有限公司，致力于新材料行业技术研发、服务、转让、推广、产品生产销售等，注册资金3000万，生产基地占地面积约26余亩，产品遍及全国二十多个省市自治区，公司秉承质量第一，用户至上，诚信为本，开拓创新的经营理念，持续为客户提供更优质的产品和服务。,"https://www.zhaopin.com/jobdetail/CCL1486757170J40797979605.htm?refcode=4019&srccode=401901&preactionid=a7c1140f-c46c-45e5-b867-ab342d8bdc77"
4472,项目专员/助理,青岛-市南区,6000-10000元,中国人民人寿保险股份有限公司青岛市分公司(新军团队),保险,10000人以上,已上市,CCL1490692430J40935466004,协助项目经理进行，资料统计，客户信息梳理和登记，包括员工福利保障内容讲解说明。根据项目经理安排完成当日项目内必要工作。 参加公司专业化培训，提升服务效能和质量，以服务为桥梁增加企业之间的合作粘性，在专业化提升中，向上成长成为项目的主要技术功能小组成员。,7月24日,1、1949年10月1日由中央领导人圈阅批准，于1949年10月20日在北京西郊巷正式挂牌成立2、A+H上市企业3、副部级央企，股东为财政部及社保基金4、政企服务团队5、世界五百强排名第158名6、中国唯一双奥保险公司,"https://www.zhaopin.com/jobdetail/CCL1490692430J40935466004.htm?refcode=4019&srccode=401901&preactionid=a7c1140f-c46c-45e5-b867-ab342d8bdc77"
4473,项目专员/助理,广州-天河区,100-150元/天,智联猎头,"互联网,人力资源服务",1000-9999人,不需要融资,CCL1318355140J40666480903,1.协助各类政府招聘项目的实施与执行工作 ，包括线下的笔试及面试组织等； 2.负责项目资料的文书整理或相关发票的报销整理； 3.完成上级主管交办的工作；  4.需要保证实习3个月以上，每周保证出勤3天。,7月2日,智联猎头作为智联招聘旗下品牌，以满足企业中高端岗位的人才招聘需求为出发点，整合全球优质资源，覆盖数字经济、新一代信息技术、人工智能、金融、电子信息、装备制造、生物医药与健康、房地产/建筑等数十个行业，拥有规模庞大、覆盖面广的交付团队，致力于向企业输出专业化的招聘解决方案。智联猎头目前拥有卓聘平台服务、招聘流程外包服务、高端人才猎寻服务三大类核心服务，具备高度定制化能力，能够为不同发展阶段的企业提供一站式招聘解决方案，同时为企业转型升级提供保障，全面增强企业核心竞争力！智联猎头利用自身独特的资源优势、成熟的服务模式，以及多层次的产品，致力于打造高效、专业的一站式人才服务模式，让招聘更加美好！,"https://www.zhaopin.com/jobdetail/CCL1318355140J40666480903.htm?refcode=4019&srccode=401901&preactionid=a7c1140f-c46c-45e5-b867-ab342d8bdc77"
4474,项目专员/助理,巴彦淖尔-五原县,4000-6000元,三胖蛋(北京)国际贸易有限公司,"快速消费品,食品/饮料",100-299人,B轮,CC408821880J40725891105,岗位职责：  一、项目申报管理： 1、负责各级政府科技计划、产业扶持、资质荣誉等项目的全周期申报工作，包括政策解读、材料编撰、申报提交及后续跟进。 2、协助项目验收、复审及监测配合，确保申报项目合规性及验收通过率。 3、建立项目申报数据库，跟踪政策动态。 二、政府关系维护： 1、对接发改委、科技局、工信局等政府部门，建立长效沟通机制。 2、协调处理年检、资质复审、变更等行政事务，确保企业合规运营。 3、代表公司参与政策研讨、行业座谈会，争取资源支持。 三、资料管理： 1、统筹项目申报材料的归档、更新及电子化管理系统建设。 2、维护公司荣誉资质档案，确保资质有效性及信息披露及时性。 四、解说接待支持： 1、承担政府调研、客户考察的接待解说任务，展现公司文化亮点。 任职要求： 1、专科及以上学历，行政管理、汉语言文学、中文、法律等相关专业优先； 2、3 年以上项目申报或政府事务工作经验，熟悉各类政策申报流程； 3、出色的文字功底（独立完成1万字以上申报材料案例）； 4、具备政企沟通技巧及事情处理能力； 5、熟练使用 OA 系统及AI数据分析工具，擅长多任务并行执行。 6、外貌端正，气质良好。,7月25日,"三胖蛋（北京）国际贸易有限公司成立于2016年7月,是三胖蛋食品集团公司旗下子公司，公司位于北京市通州区one写字楼。专注运作三胖蛋原味瓜子及坚果炒货系列产品，立志将三胖蛋打造成国内坚果炒货行业的又一成功品牌。公司拥有高素质的管理人才和优秀营销团队，为公司快速发展提供坚实的后盾。成立至今，三胖蛋（北京）国际贸易有限公司的销售网络已覆盖至全国范围涉及线上线下各种渠道，坚持走品牌发展路线，围绕大众健康进行全方位精准营销，开启品牌传播新模式，迎来更大的市场空间。简单、精准、有序、高效，为客户提供多种支持，与客户和广大经销商携手共赢。三胖蛋集团为食品产业注入正能量，致力于为消费者提供绿色、安全、健康的高端系列产品。","https://www.zhaopin.com/jobdetail/CC408821880J40725891105.htm?refcode=4019&srccode=401901&preactionid=a7c1140f-c46c-45e5-b867-ab342d8bdc77"
4475,项目专员/助理,潍坊-奎文区,6000-8000元·13薪,苏州星宇智能制造有限公司,工业自动化,100-299人,,CCL1371340440J40790222812,"岗位职责： 1、支持各客户现场PM与公司总部的事务性工作对接（如快递收发，治具签收，物料申请等）； 2、统整PM部门设备&治具清单 , 追踪、掌控各现场 PM 时间节点； 3、确认PO下单状态，检查所有需求以及分发、后续跟进（对接业务部）； 4、协助各客户现场PM进行入厂权限申请； 5、PM DFM 文件翻译； 6、其他事务性工作（项目文件整理归档，记账，表单整理，客户文件处理，备品管控等）。 任职要求： 1、英语能力佳； 2、具有良好的沟通能力、理解能力及协调能力； 3、具有团队合作精神，一定抗压能力，能适应快节奏工作状态； 4、熟练使用相关办公软件。",7月25日,苏州星宇智能制造有限公司作为研发、设计与制造三位一体的高科技领军企业，以卓越的工程设计研发与软件算法研发为战略导向，致力于为全球合作伙伴提供制程工艺解决方案，以技术创新及量产经验驱动客户价值，跻身元宇宙装备行业翘楚。深度融合2D与3D视觉动态引导技术，为AR、VR前沿设备及智能穿戴产品提供点胶机、折弯机、贴膜机、锁螺丝机、AOI检测机等整机设备、精密自动化组装线体。企业使命：用星宇智造，赋能科技生活，实现物理世界与虚拟世界互联企业愿景：尖端精密智造的引领者价值观：根植于心的信仰无须提醒的自觉追求卓越的意志益他利他的善良,"https://www.zhaopin.com/jobdetail/CCL1371340440J40790222812.htm?refcode=4019&srccode=401901&preactionid=a7c1140f-c46c-45e5-b867-ab342d8bdc77"
4476,项目专员/助理,东莞-None,8000-12000元,广东奥普特科技股份有限公司,"工业自动化,仪器仪表制造,工业自动化,人工智能",1000-9999人,已上市,CC278982910J40655957706,岗位要求 1．本科及以上学历，专业不限，具备英文口语交流能力和书写能力； 2. 工作责任心强，沟通能力强，逻辑思维能力强。 3．有较强的上进心和自驱力，有自动化行业实习经验优先； 4、能接受出差和承受较强的工作压力， 岗位职责 1．全面负责项目从评估到最终交付整个过程的管理，确保每个项目阶段的顺利实施，按时提交合格的可交付成果； 2．根据客户要求，制定WBS和ProjectPlan； 3．项目风险识别，并提前预警，组织制定备份方案； 4．负责组织协调处理项目过程中的异常问题； 5．完成上级交办的其他工作,3月21日,"广东奥普特科技股份有限公司（简称：OPT，股票代码：688686）成立于 2006年，注册资本 12,223.5万元，是中国首家科创板上市机器视觉企业，国内规模最大的集研发、生产、销售一体的机器视觉高新技术企业，定位于自动化核心零部件供应商。产品涵盖：视觉系统、光源、工业相机、工业镜头、3D传感器、工控机、智能读码器、传感器、运动/传动部件等。广泛应用于3C电子、新能源（光伏、锂电）、包装、印刷、食品饮料、制药、汽车、机械制造等行业，为众多世界500强企业以及全球知名的设备制造商提供机器视觉整套解决方案，是国内机器视觉一站式解决方案行业领导者。OPT坚持“打造世界一流视觉企业、创建员工实现自我价值平台”为宗旨，本着“一群人、一辈子、一件事”的经营理念，深耕于机器视觉领域，聚集了美国、德国、马来西亚、日本、印度、台湾等全球优秀人才与公司共同发展，截至目前，公司总人数 2500余人，其中研发技术人才超1500人；OPT长期与华南理工大学等高校建立科研合作关系，建立了博士后科研工作站，成立了博士工作站。并于2020年先后获批市级、省级的“机器视觉工程技术研究中心”，截至目前已取得650余项技术专利及软件著作权。OPT拥有中国最完善的机器视觉实验室，在德国、深圳、东莞设有研发中心，并分别在苏州、宁德等地设立子公司，在美国、德国、马来西亚、日本、台湾、香港、武汉、成都等地设立办事处，OPT产品和解决方案应用于20多个国家和地区，全球范围设立了30多处服务网点，为全球15000余家客户提供专业的技术服务。【公司网址】：www.optmv.com招聘邮箱：opthr@optmv.com","https://www.zhaopin.com/jobdetail/CC278982910J40655957706.htm?refcode=4019&srccode=401901&preactionid=a7c1140f-c46c-45e5-b867-ab342d8bdc77"
4477,项目经理/主管,长沙-岳麓区,5000-10000元,湖南省第二工程有限公司,工程施工,1000-9999人,未融资,CC402791410J40747051607,任职要求: 1.大专及以上学历，土木工程、道路与桥梁、给排水科学与工程、建筑环境与能源应用工程、工程管理、工程造价或建筑工程相关专业； 2.持有相关建筑类职（执）业资格证、职称证及岗位证； 3.三年以上项目管理工作经验（初级岗位可放宽至1年），具备完整的项目生命周期管理经验；有项目管理工作经验者优先； 4.有较强的执行与监控能力、具备较强的沟通协调能力和团队意识； 5.能接受公司安排，工作地点根据实际项目地点安排。 职位描述: 1.根据项目的规划和进度，进行项目相对应的现场管理和执行工作； 2.项目现场风险管理和解决问题； 3.定期和及时沟通和汇报总结项目管理工作； 4.团队协作和团队管理。,4月21日,湖南省第二工程有限公司成立于1980年，公司注册资金1.2亿元，产值过百亿元，拥有各类施工设备500多台，年施工能力200亿元。公司现有各类专业技术人员逾3000人，其中中高级职称852人，注册建造师300多人。公司是以建设工程总承包、房地产综合开发为主的大型国有建筑企业，具有房屋建筑工程施工总承包壹级、建筑装修装饰工程专业承包壹级、地基与基础工程专业承包壹级、土石方专业承包壹级、钢结构工程专业承包壹级、机电安装工程施工总承包壹级、市政公用工程施工总承包壹级和多项专业承包资质。公司先后通过质量、环境、职业健康安全“三位一体”的审核认证，建立有完整的质量、环境与职业健康安全管理体系。业务分布全国各地，近年来，公司大力拓展海外业务，在非洲、大洋洲、南亚、南太平洋等地承接了水利水电和城市设施建设项目。先后创“鲁班奖”、“芙蓉奖”和省市优质工程80多项。连续多年被评为省市“先进企业”、“重合同守信用企业”等荣誉称号。（更多详情，请登录公司官网查询：http://www.2jhn.cn/jianer.jsp）,"https://www.zhaopin.com/jobdetail/CC402791410J40747051607.htm?refcode=4019&srccode=401901&preactionid=a7c1140f-c46c-45e5-b867-ab342d8bdc77"
4478,项目经理/主管,宁波-慈溪市,2-4万,宁波高松电子有限公司,"工业自动化,工业自动化,电气机械/电力设备,电子设备制造",1000-9999人,未融资,CC529863120J40729705107,岗位职责:,4月15日,DEGSON高松创建于1990年，是全球知名的工业连接器整体解决方案提供商、业内同时拥有美国UL和德国VDE双认可实验室和CNAS认证实验室，公司通过了ISO14001 ISO9001、ISO80079-34、ISO/TS22163和IATF16949管理体系认证，是国家高新技术企业。DEGSON高松拥有行业深厚的模具加工、自动化制造能力，配备先进的检测仪器和专业检测技术，打造高可靠性、高耐用性产品，服务全球用户；同时，我们具有强大的定制化能力，并根据全球客户个性化需求，提供专业的定制化解决方案，为客户提供增值服务。DEGSON高松产品畅销中国、美国、德国、英国、意大利、西班牙、土耳其、日本、韩国、新加坡等100多个国家和地区，为全球工业自动化、仪器仪表、电力电气、轨道交通、船舶、新能源、电梯、照明、安防、机械、电动二轮车等行业，提供高品质产品和专业服务，获得了众多世界跨国企业和行业龙头企业的认可。DEGSON高松以“客户第一、奋斗共赢、责任诚信、追求卓越”的核心价值观，不断整合全球专业技术资源，打造强大的研发创新、产品制造和技术应用能力，依托全球布局，提供系列化、多品种、多型号的高品质产品和服务，为全球客户提供专业、快捷的全连接应用解决方案，帮助客户持续创造价值，致力打造智慧互联世界。,"https://www.zhaopin.com/jobdetail/CC529863120J40729705107.htm?refcode=4019&srccode=401901&preactionid=a7c1140f-c46c-45e5-b867-ab342d8bdc77"
4479,项目经理/主管,上海-浦东新区,1.2-1.7万,南京国睿信维软件有限公司,"计算机软件,通信/网络设备",100-299人,未融资,CC447383220J40752593007,主要职责： 1、项目管理和交付：负责PLM项目的整体规划和实施管理，确保项目按照计划进度和质量要求交付。这包括制定项目计划、协调项目资源、控制项目进度和质量，确保项目在预算范围内按时完成 2、需求分析和方案设计：负责PLM项目的业务需求分析、方案设计、系统安装配置实施工作。需要与客户沟通，确保项目需求被准确理解并转化为可行的实施方案 3、咨询和培训服务：提供PLM项目的咨询和培训服务，帮助客户理解和使用系统功能，确保客户能够有效地使用PLM系统 4、风险管理：负责项目风险管理，识别和评估项目中的潜在风险，并采取措施进行应对，确保项目顺利进行 5、团队管理和沟通：带领项目团队，协调内外部资源，推动团队高效协同完成软件开发任务。需要与公司内部相关部门沟通，协调各项资源，确保项目进程 6、客户服务和关系维护：负责与客户的沟通，确保项目按时保质交付，保持良好的客户关系，持续挖掘客户需求 任职要求： 1、本科及以上学历，计算机科学、机械工程、工业工程或信息管理类等相关专业。 2、具备多年企业管理类软件项目实施管理经验，有PLM项目实施管理经验者优先。 3、熟悉项目管理工具和PMP认证者优先。 4、具有良好的表达、沟通和团队协作能力，自信、有责任心，能适应经常出差,5月9日,南京国睿信维软件有限公司成立于2010年，属于中国电子科技集团第14研究所（中电集团最大研究所）控股子公司。公司总部位于南京，在上海、北京、成都和西安设有分公司。公司致力于利用信息技术帮助企业建立、规范、优化、重构产品创新的业务流程，激发企业的产品创新潜能和活力，驱动企业实现高效的产品工程、质量及服务的创新。公司业务范围包括产品创新（工程、质量、服务）解决方案的开发、规划、实施部署以及相应信息化软件产品的研发、销售及应用支持。公司管理层及业务骨干拥有15年以上世界一流PLM企业工作经验，核心技术团队具有多年大型项目规划和实施经验。公司依托14所多年的型号研制管理和企业信息化实施和应用经验，以及公司核心技术团队多年积累的国际领先企业先进的产品研发管理经验和理念，与中国制造业中的众多大中型企业建立了可信赖的长久合作伙伴关系。,"https://www.zhaopin.com/jobdetail/CC447383220J40752593007.htm?refcode=4019&srccode=401901&preactionid=a7c1140f-c46c-45e5-b867-ab342d8bdc77"
4480,项目专员/助理,东莞-None,6000-8000元,东莞市德普特电子有限公司,"电子/半导体/集成电路,电子/半导体/集成电路,通信/网络设备,电子设备制造",10000人以上,未融资,CC457170980J40775152502,岗位职责:,7月18日,东莞德普特电子有限公司(以下简称“德普特电子”)成立于2014年4月，为上市公司长信科技（股票代码：300088）全资子公司，是一家为国内外提供一站式显示解决方案和支持服务的智能化生产制造企业。是国内领先的液晶显示屏、触摸屏生产厂商。公司地处东莞大岭山，员工12000余人，自有厂房占地面积10万平方米。德普特电子服务于华为、OPPO和小米等国际及国内一线手机品牌，是京东方、天马、日本显示和夏普等世界级企业的重要合作伙伴。德普特电子承载长信集团开拓触摸显示一体化事业的起点，将在自动化生产、前沿产品研发和高端制造等方面不断潜行研究、用心服务。主要生产制造移动智能终端消费类显示产品，产品广泛应用于智能手机、平板电脑、智能穿戴、车载显示、医疗显示和工业控制等众多领域，主要客户有日本显示「JDI」、夏普「SHARP」等世界级企业，华为、OPPO、VIVO小米等国内知名手机品牌客户。自公司2014年成立以来，连续5年实现了营业额从3亿到98亿人民币的高速增长，其中手机显示模组出货量持续保持行业领先水平，为品牌客户提供强有力的持续供货能力。德普特电子是一家年轻、高效的创新性企业，公司将秉承“用创新推动智造以专业成就价值”的企业使命，以“成为最值得信赖的电子智造解决方案提供商”为企业愿景，承载长信集团开拓触控显示一体化的重任，持续在技术创新和生产制造智能化方面坚守“潜心研究用心服务”的经营理念，结合高度多元化产品服务以及专业生产管理团队，为客户提供全方位的一站式的服务和新产品。,"https://www.zhaopin.com/jobdetail/CC457170980J40775152502.htm?refcode=4019&srccode=401901&preactionid=a7c1140f-c46c-45e5-b867-ab342d8bdc77"
4481,项目经理/主管,北京-东城区,8000-12000元,中国对外文化集团公司,"广播/影视,广告/营销,文化艺术/娱乐",500-999人,未融资,CC130599950J40765277607,职位描述： （1）协助部门leader策划、管理并执行文化交流项目，建立和维护与相关部门的沟通渠道和良好互动、合作关系，为企业营造良好的商业运营环境； （2）定期收集、整理和深入解读与公司相关的政策性文件及法律法规，并形成相关报告； （3）协助完成部门的重要调研和接待； （3）公司的品牌宣传、管理、活动策划等; （4）综合协调与相关主管部门的日常联系与交流; （5）独立完成办理公司领导及员工国际及港澳台手续的办理等； （6）领导交办的其他工作。 职位要求： （1）硕士研究生及以上学历； （2）有较强的文字功底，熟悉政府公文格式，能独立编写公司日常沟通的文件； 熟练掌握各种办公软件； （3） 熟悉文化交流行业，有三年以上相关工作经历； （4） 政治素养高，工作作风扎实，具有较强的组织、管理、执行、创新、市场开拓及抗压能力； （5）有较强的外语能力，英语可以作为工作语言；有多门外语能力者优先。,6月19日,中国对外文化集团公司中国对外文化集团公司成立于2004年4月，是在文化部直属事业单位中国对外演出公司和中国对外艺术展览中心转企改制的基础上，经国务院批准设立的第一家国有对外文化企业。中国对外文化集团公司由国务院作为出资人，由文化部作为行政主管部门，并由财政部对其经营性国有资产进行监管。集团公司主要成员包括变更注册为企业的中国对外演出公司，中国对外艺术展览公司等19家全资境内外企业、两家控股企业和一家参股企业。中国对外演出公司和中国对外艺术展览中心已有半个世纪的历史，是全球最大的中国演出和艺术展览产品供应机构，是国内最大的国际演出和艺术展览运营机构，也是迄今我国唯一拥有全球业务的国际演出和艺术展览中介机构。了解更多请登录公司网站：中国对外文化集团公司网站： www.caeg.cn,"https://www.zhaopin.com/jobdetail/CC130599950J40765277607.htm?refcode=4019&srccode=401901&preactionid=a7c1140f-c46c-45e5-b867-ab342d8bdc77"
4482,项目专员/助理,北京-西城区,2000-3000元,北京市银发公益协会,社团/组织/社会保障,20-99人,,CC459826720J40668164402,项目管理一一志愿者 岗位职责： 1、配合项目组进行项目执行与支持，协助项目负责人承担公益活动执行、传播、反馈 等； 2、做好数据库管理工作，负责活动后续总结、整理、记录、存档工作； 3、开展项目等公益慈善相关援建、捐赠工作，快速掌握捐赠流程； 4、负责协会其他支持性事务工作。 岗位要求： 1、热爱公益事业，有使命感和敬业精神，愿意投身于支持公益的事业； 2、有社工、心理学或其他相关专业背景，社会组织专业优先考虑； 3、富有爱心、耐心、细心；有较强的的执行能力、创造能力； 4、有良好的的团队合作精神； 5、掌握 PPT 、 EXCEL 等办公软件，熟练为佳。 志愿服务费：800－3000元／月 我们将为你提供： 1、良好、人文化的办公环境；相互协作、热情进取的有爱团队； 2、充分发挥工作能力和锻炼提升的平台； 3、相关领域的资源积累，职业发展的机会。 联系方式： 地址：北京市西城区三里河一区5号院8号楼一层 联系人：钱女士，*********** 我们期待的你， 乐于给予，希望在公益慈善领域锻炼与工作； 乐于学习，有进取心和积极的态度，责任心强； 乐于付出，愿意与团队一起学习与成长。,11月22日,"北京市银发公益协会成立于2011年11月10日，协会是由爱心人士及爱心企业家自愿联合发起成立的专门为老年人提供公益服务的协会,是经北京市社会团体登记管理机关核准登记的非营利性社会团体法人。","https://www.zhaopin.com/jobdetail/CC459826720J40668164402.htm?refcode=4019&srccode=401901&preactionid=a7c1140f-c46c-45e5-b867-ab342d8bdc77"
4483,项目经理/主管,南宁-青秀区,6000-8000元,北京绿矿联合工程技术研究院(有限合伙),"矿产/采掘,石油/石化,学术/科研",20-99人,,CC444393726J00202538113,职位描述,6月27日,北京绿矿联合工程技术研究院，由国土资源部批复成立的海地人机构主要核心成员于2011年发起成立，在中国矿业转型升级和绿色发展的大背景下，积极落实并推进矿业绿色发展，参与全国绿色矿山现状调查及评估指标体系课题研究、全国矿业绿色发展专项基金的研究，依托财政部财政科学研究院、中国自然经济研究院、国土资源部老科协、中国地科院郑州综合利用所、中国矿业大学、中国地质大学、北京理工大学的学术资源优势，拥有专业的技术和管理团队，引进国际先进的技术、设备及产品，创新服务模式，探索构建全国绿色矿山基本格局过程中建立绿色矿山基础信息库，首创广西和甘肃省级绿色矿山信息管理系统，旨在进行绿色矿山建设研究及新技术推广应用、重大课题申报、科技项目攻关、矿山文化研究为主的专业科学研究，为矿山企业提供绿色矿山建设规划、实施方案及评估，专业设备、先进技术产品及原材料的采购，绿色矿山建设施工、安装、试测及技术培训，专家智库的疑难解答等绿色矿山垂直领域的一体化专业技术服务，截至目前，共承担中国黄金、中国五矿、神华集团、广西有色集团、云锡集团、华润水泥、海螺水泥等上百家绿色矿山建设的服务项目，专注国土空间规划研究，山水林田湖草生态修复保护实施，承担十三五国家矿产资源规划重大专题研究，山西大同和桂林漓江流域生态保护修复工程实施方案编制，承担包头市、来宾市、岑溪市、萝北县、南丹县、龙胜县等多个国家绿色发展生态修复试点示范项目，现为中国财政学会投融资专业委员会委员单位、中国国土经济学会国土空间生态修复委员会秘书长单位。拥有矿产资源规划甲级资质和土地规划乙级资质。,"https://www.zhaopin.com/jobdetail/CC444393726J00202538113.htm?refcode=4019&srccode=401901&preactionid=a7c1140f-c46c-45e5-b867-ab342d8bdc77"
4484,项目专员/助理,成都-锦江区,2000-4000元,成都一优健康咨询有限公司,卫生服务,20-99人,不需要融资,CC834240810J40681011216,岗位内容： 1. 协助项目负责人做好日常工作，包括制定、监控和调整项目计划； 2. 负责收集项目健康数据和资料，供项目小组分析和决策使用； 3. 组织、协调和参与项目各阶段的会议和沟通工作； 4. 撰写和整合项目相关的文件和报告； 5. 跟进项目现场的工作进展，及时发现和处理问题。 任职要求： 1. 大学本科及以上学历，有较好的沟通能力； 2. 具备严谨、细致的工作态度和高度的自我管理能力； 3. 具备较好的人际交往能力、协调能力和解决问题的能力； 4. 熟悉项目管理流程和工具，熟练掌握办公常用应用软件； 5. 有1年以上项目管理或医疗相关行业从业经验者优先考虑。 项目涉及健康管理内容，医疗、心理专业优先考虑,7月23日,成都一优健康咨询有限公司成立于2015年，是一家专门从事健康管理的专业机构，公司拥有丰富的医疗、心理专家资源，主营业务：健康管理、心理咨询、企业EAP服务等，持续为央企、医疗机构、高校等提供技术支持服务。因公司业务需要，招聘全职心理咨询师若干，门诊助理2名。,"https://www.zhaopin.com/jobdetail/CC834240810J40681011216.htm?refcode=4019&srccode=401901&preactionid=a7c1140f-c46c-45e5-b867-ab342d8bdc77"
4485,项目经理/主管,合肥-蜀山区,1-1.6万,航天宏图信息技术股份有限公司,"计算机软件,人工智能,船舶/航空/航天/火车制造,计算机软件",1000-9999人,已上市,CC238566510J40580345906,1、负责农业、应急减灾、自然资源等相关领域业务的实施和管理工作； 2、负责项目的技术实施工作，对用户需求进行分析、整理； 3、负责项目的管理工作，包括需求分析、项目计划制定、执行，项目沟通、验收等各项工作； 4、协助销售完成项目支持工作； 5、负责管理协调项目相关干系人（客户、合作伙伴），项目团队管理和培养工作； 6、关注行业信息，完成最新政策、规范业务研究，对相关人员提供技术指导。 任职要求： 1、本科及以上学历，地理信息系统、测绘、空间规划、遥感、土地资源管理等相关专业； 2、熟练使用ArcGIS、SPSS、Office等软件； 3、具有农村土地承包经营权确权项目调查或第三次全国土壤普查成果汇总相关工作经验的优先； 4、具有丰富的团队管理经验、具有较强的组织、沟通和协调能力，良好的表达能力； 5、有一定的文档编写能力，能够完成项目分析报告、实施方案、设计方案等文档的编写； 6、具有责任心和团队合作精神，能够承受相应工作压力，工作积极主动。 ,12月12日,航天宏图信息技术股份有限公司（股票代码：688066），成立于 2008年，是国内领先的卫星运营与应用服务提供商，是科创板首批上市企业。公司研发了具有完全自主知识产权的遥感与地理信息一体化软件PIE（Pixel Information Expert），拥有国内首个遥感与地理信息云服务平台PIE-Engine，实现遥感基础软件的国产化替代，为政府、企业、高校以及其他有关部门提供基础软件产品、系统设计开发、遥感云服务等空间信息应用整体解决方案。公司总部位于北京，在全国设有120余个分支机构，在西安、成都、武汉、南京、长沙等地建立研发中心。公司现有员工3100余人，其中博士130余人、硕士1000余人，海外留学归国人才及行业专家200余人，工程技术人员占80%以上。拥有国家重点高新技术企业、双软企业、CMMI L5、测绘甲级、系统建设和服务能力评估4级等资质。拥有120余项发明专利和600余项软件著作权。公司基于自有基础软件平台和核心技术，独立承担和参与了一系列国家重大战略工程。服务自然资源、生态环境、应急管理、气象、海洋、水利、农业等多个行业部门，提供系统咨询设计、全流程全要素遥感信息分析处理，支撑政府机构实施精细化监管和科学决策；服务金融保险、精准农业、能源电力、交通运输等企业用户，提供空天大数据分析和信息服务；还为其他有关部门提供目标自动识别、精确导航定位、环境信息分析等服务。航天宏图以“科技改变世界遥感走进生活”为核心使命，秉承“全心服务客户同心共展宏图”核心价值观，科学管理，创新发展，不断提升核心竞争力，实现多领域创新突破。设立奖学金、助学金等方式，推动高校人才培养，用爱心践行企业价值，用行动回报社会。在保持业绩稳定发展的同时，注重为投资者提供持续、合理的回报。竭诚与海内外朋友携手并进，互利共赢，努力实现“让中国人的遥感软件PIE服务世界”的伟大愿景！,"https://www.zhaopin.com/jobdetail/CC238566510J40580345906.htm?refcode=4019&srccode=401901&preactionid=a7c1140f-c46c-45e5-b867-ab342d8bdc77"
4486,项目专员/助理,南京-溧水区,5000-7000元,港宏机械工程(南京)有限公司,"工业自动化,金属制品业,工业自动化,专用设备制造",20-99人,未融资,CC270403310J40592398203,岗位内容：,7月15日,香港宏达集团是一家专业设计、制造、安装机电一体化工业自动化设备的集团。自有厂房、办公面积约100000平方米，现有员工1000多人。在工业自动化设备的制造和研发方面已成为国内同行业的骨干企业，在国内外有较大的知名度。二十几年来公司一直从事于家电行业装配生产线、涂装线、快递行业物流线；国内机场行李称重、行李分拣、行李提取等机场设备的设计、制造、安装及服务。,"https://www.zhaopin.com/jobdetail/CC270403310J40592398203.htm?refcode=4019&srccode=401901&preactionid=a7c1140f-c46c-45e5-b867-ab342d8bdc77"
4487,项目专员/助理,北京-丰台区,150-200元/天,中通环境治理有限公司,"环保,环保",100-299人,未融资,CC611837580J40798521713,1)协助项目负责人进行项目管理等工作 2)协助项目负责人进行过程资料收集整理等工作 3))协助项目负责人往来项目资料等工作 4)领导交办的其他工作,7月20日,中通环境治理有限公司中通环境治理有限公司，于2017年注册设立，注册资本金20000万元人民币，已全额实缴到位。股东为中国通用机械工程有限公司（于1979年设立，注册资本金1.83亿元，隶属于中国机械工业集团，其为中央直接管理的49家副部级央企之一）会同中山公用事业集团（于1992年设立，注册资本金14.75亿元，国有控股的上市公司）为服务水务产业专门设立的集项目咨询、建设投资、运营管理和科技创新于一体的专业化高科技环保公司。主营业务覆盖环保投资、城镇污水治理、美丽乡村建设、城乡供水及固体废弃物资源化利用等领域。投资运营：中通环境目前拥有中通京南水务有限公司、中通京西水务有限公司、中通京潞水务有限公司、中通和城水务（北京）有限公司等4家水务运营公司，承担通州、大兴、门头沟、房山一批BOT、PPP、政府委托污水处理和再生水设施的运营管理，运营污水设计处理规模达7万立方米/日。工程建设：中通环境拥有建筑工程施工总承包叁级，市政公用工程施工总承包叁级、环保工程专业承包叁级、机电工程施工总承包叁级、建筑机电安装工程专业承包叁级、电子与智能化工程专业承包贰级等十五项专业资质，目前已实施朝阳区金盏西、皮村再生水厂、通州区潞苑北大街截污工程等一批EPC项目。科技创新：中通环境于2018年会同北京市水科学技术研究院共同注册设立中通环境技术有限公司（由中通环境控股，持股70%）。拥有一批博士、硕士参加的技术创新团队，自2017年以来先后获得北京市科学技术委员会2017年度重大项目立项；国家环保部水体污染控制与治理科技重大专项，团队主持科技资金超千万元。并据此研究开发了一批具有自主知识产权的新型环保产品。,"https://www.zhaopin.com/jobdetail/CC611837580J40798521713.htm?refcode=4019&srccode=401901&preactionid=a7c1140f-c46c-45e5-b867-ab342d8bdc77"
4488,项目经理/主管,天津-滨海新区,6000-10000元·14薪,天津瑞科美和激光工业有限公司,"医疗设备/器械,医疗设备/器械",100-299人,,CC249669810J40393626505,职责,7月21日,天津瑞科美和激光工业有限公司（PM Laser）是2005年创业于天津经济技术开发区，总投资超过200万美元，员工100名左右的中美合资型高新技术生产企业。公司现有专利20多项，已被评为“国家级高新技术企业”。我们主要提供精密激光微加工等医疗器械一站式服务，包括各种植入型导管和各种支架的精密深加工。广泛应用于医疗介入类领域。公司秉承：“有德有才破格重用，有德少才培养使用”的用人原则，致力于营造团结、积极进取、活泼的企业文化氛围，通过科学的管理制度和以人为本的管理理念，为员工提供优厚的福利待遇，广阔的职业发展空间，以期分享我们共同的事业。,"https://www.zhaopin.com/jobdetail/CC249669810J40393626505.htm?refcode=4019&srccode=401901&preactionid=a7c1140f-c46c-45e5-b867-ab342d8bdc77"
4489,项目经理/主管,天津-河北区,9000-14000元,外企德科数字技术有限公司,专业技术服务,10000人以上,,CCL1480117890J40797260805,1. 支撑中国云赛道项目交付的管理工作，作为项目计划的执行经理，负责编制项目子计划的交付运作，对项目交付目标、范围、进度、质量、资源、问题风险、项目验收等工作负责； 2. 作为项目助理，需要积极拉通项目过程中涉及产品、研发、运维、合作伙伴、客户等团队，协助项目端到端的交付管理； 3. 协助甲方、第三方等干系人的关系维护； 4. 支撑PMO对中国区交付团队能力建设相关工作，基于项目实战场景输出作战包文档；,2025-07-28 00:25:13,外企德科数字技术有限公司是一家2023年新成立的中外合资企业。成立于2023年11月24日，公司定位：专注于为信息技术企业提供人才及数字技术外包解决方案的中外合资企业。它是由中国人力资源服务行业的FESCO（北京国际人力资本集团）与全球人力资源服务领导者The Adecco Group（德科集团）合资成立的。公司主要提供网络技术服务、软件外包服务、计算机系统服务、技术进出口、软件开发等信息技术相关服务。专注于为信息技术企业提供信息技术类人才及数字技术外包解决方案。,"https://www.zhaopin.com/jobdetail/CCL1480117890J40797260805.htm?refcode=4019&srccode=401901&preactionid=a7c1140f-c46c-45e5-b867-ab342d8bdc77"
4490,项目经理/主管,上海-青浦区,7000-14000元,上海奥索斯自动化科技有限公司,"专用设备制造,邮政/快递",100-299人,未融资,CCL1334331190J40723722611,岗位职责： 1、获取客户年度设备投入预算及项目建设需求； 2、协调客户各层级，给在建项目提供各项目保障； 3、给客户提供售前咨询服务，获取认可度； 4、负责项目实施管理，准时交付、保质保量； 5、负责项目执行中的商务工作，交付、验收等表单签署； 6、快速反应，解决客户提出的售后问题； 7、调查体系外市场需求，了解行业行情。 8、外派国家：巴西、墨西哥、马来西亚等国家。此岗位常驻国外，不能驻外的勿扰。 岗位要求： 1、1年以上产品销售、项目营运工作经验，应届毕业生可培养，公司有完善的导师带教机制。 2、敏锐的市场洞察力、有极强的新市场开拓能力、极强的市场销售经验和嗅觉； 3、优秀的沟通、协调、组织执行能力、优秀的语言表达能力； 4、丰富的公关经验，具有解决突发事件能力、掌握完善的销售技巧，具备优秀的与客户沟通的能力； 5、PPT及Word操作能力比较熟练； 6、大学专科及以上学历。机械制造及其自动化、电气工程及自动化、物流工程等专业优先考虑。,6月23日,上海奥索斯自动化科技有限公司（COGY）是一家研发、生产、销售、工程和服务为一体的物流自动化设备企业，致力于持续为客户提供日益完善的专业的物流产品解决方案和系统解决方案，成为一家值得客户信赖的综合性物流设备服务商。,"https://www.zhaopin.com/jobdetail/CCL1334331190J40723722611.htm?refcode=4019&srccode=401901&preactionid=a7c1140f-c46c-45e5-b867-ab342d8bdc77"
4491,项目专员/助理,鞍山-立山区,3000-4000元,辽宁中新自动控制集团股份有限公司,"仪器仪表制造,电力/水利/热力/燃气,计算机软件,电子/半导体/集成电路",100-299人,已上市,CC350054220J40630381706,【岗位职责】：,7月25日,辽宁中新自动控制集团有限公司创建于1990年，是鞍山市最早开展自动化系统集成业务的公司之一，是专业从事工矿业的科技研发、系统集成、软件开发、自动化成套设备生产、工业信息化服务以及设备维护服务为一体的集团公司。公司资产雄厚、业绩显著，经过二十年的强根固基，取得了辉煌成就，公司先后被评为“省先进技术型企业”、“鞍山市外商投资先进技术企业”、“中国优秀民营科技企业”、“辽宁省用户服务满意单位”、“鞍山市先进集体、“鞍山市民营科技先进企业”、“辽宁省高新技术企业”、“鞍山工业百强企业”、“全省民营明星企业”及“鞍山国家高新区科技创新企业”等称号，并获得“鞍山五一劳动奖状”及近十项国家专利及软件著作权证书。同时公司还通过ISO9001:2008质量管理体系认证和国家强制性产品低压配电柜的3C认证。目前，公司主体业务分为四大版块：工业过程基础自动化控制系统；工业过程控制二级系统及配套软件开发、服务；自动化领域电气、仪表、计算机的施工、调试、设备维护及保产；贸易。形成了高炉生产过程自动化控制系统、烧结生产过程自动化控制系统、球团生产过程自动化控制系统、采矿选矿生产过程自动化控制系统、烧结烟气脱硫控制系统、矿渣微粉自动化控制系统及配套软件等等多项具有自主知识产权的产品。展望未来，公司正在进行新的战略布局，拟在大连市经济开发区成立公司，将以“冶金行业铁前自动化”为核心竞争力，向着采矿、选矿、节能减排、建材行业中的微粉控制、环保产业中的脱硫、污水处理方向发展。2011年公司继续开辟国际市场，签订了澳大利亚矿山自动化控制系统集成项目。公司欢迎有识之士加盟中新团队，携手共创辉煌！,"https://www.zhaopin.com/jobdetail/CC350054220J40630381706.htm?refcode=4019&srccode=401901&preactionid=a7c1140f-c46c-45e5-b867-ab342d8bdc77"
4492,项目专员/助理,苏州-虎丘区,5000-8000元·13薪,苏州飞越电子设备有限公司,"电子设备制造,电气机械/电力设备",20-99人,未融资,CC608454580J40697670106,"岗位描述； 为确保项目在规定日期内有计划、保质、保量的完成 ，确保项目进行中内外沟通顺畅 ，完成项目为使命 岗位职责： 一、客户对接 1、 对外与客户进行沟通， 了解客户需求（技术、 日期），客户与公司内各种技术联络问题； 2、 对内及时正确的传递客户需求 ，组织技术谈判 ，解决协调回复（立项前）； 3、 立项后解决协调回复客户与公司内技术联络问题 ，维护客户关系 ，及时正确的传递客户变 更需求； 二、项目评估 根据客户需求 ，综合公司内技术、人力、物力主导各部门评估是否满足承接条件 三、项目立项 1、 负责对评估合格项目进行立项，； 2、 收集整理所有项目相关资料及客户来往文件资料邮件归档， 四、项目整合 1、 项目立项后 ，制定项目进度表 ，跟进项目并及时更新进度 ，力保项目按计划执行； 2、 协调各部门处理各种异常 ，及时召开会议沟通并商讨解决方案； 3、 记录各种进度延迟的异常 ，并统计分析 ，追踪改善； 4、 按月对项目发生的成本与预算成本进行对比、统计分析， 以及时找出差异并改善纠正； 5、 按计划安排设备出货通知 ，公司内邮件通知销控助理出货时间、地点、台数、包装要求、 收货人 ，对外提前通知客户工厂安装条件需求及接机安排 五、项目出货后 1、 按计划安排技术服务/制造人员到客户工厂安装、调试并跟踪进度、调试过程中问题点分析 并协调安排人员及时解决； 2、 促进客户按计划验收 ，并通知跟催销售进行按期收款工作； 3、 检讨过程中不足之处， 以便后续改进； 4、 收集整理所有项目相关资料及与客户来往邮件， 归纳存档； 5、 验收前、后的客诉进行统计、 回复与处理； 6、 项目总结 ，检讨过程中不足之处， 以便后续改进 任职要求： 1、工商管理、企业管理、机械类相关专业，大专以上学历 2、熟悉 office、wps、 PPT 等办公软件的基本操作； 精通 EXCEL 函数,精通 WORD 高级排版功能 3、良好的人际交往能力、沟通能力以及解决复杂问题的能力；",7月25日,公司主要产品1、研发和制作各式自动化设备、检测设备、车机检测站 2、TCB智能测试仪、电脑、手机I0接口测试仪 3、DIP整线自动化4、各式力学老化测试设备5、FCT测试治具、ICT治具、BGA治具6、各种上位机软件、嵌入式系统的开发及服务,"https://www.zhaopin.com/jobdetail/CC608454580J40697670106.htm?refcode=4019&srccode=401901&preactionid=a7c1140f-c46c-45e5-b867-ab342d8bdc77"
4493,项目专员/助理,呼和浩特-赛罕区,3000-4000元,内蒙古敕勒川市政工程建设有限公司,"装饰装修,工程施工",20-99人,不需要融资,CCL1506323880J40817797103,1、项目经理、技术负责人助理，负责施工现场零星事务工作 2、建筑类相关专业毕业，本科学历 3、会CAD、熟练使用电脑优先。,7月25日,内蒙古敕勒川市政工程建设有限公司，成立于2025年6月，注册资本4000万元。是一家专注于建筑工程/市政工程/水利水电工程/地质灾害工程等领域的现代化施工企业。公司持有国家建筑工程施工总承包二级、市政公用工程施工总承包二级、消防设施工程专业承包二级、建筑装饰装修工程专业承包二级、建筑机电安装工程专业承包二级、城市及道路照明工程专业承包二级、施工劳务企业资质不分等级资质；具备承接中大型工程项目能力，通过ISO9001质量管理、ISO45001职业健康安全、ISO14001环境管理三体系认证。公司核心团队由行业经验的中高级工程师、注册一级、二级建造师、专业技术人才组成，一线施工人员持证上岗率100%，建立完善的安全培训与技能提升体系。公司本着把好质量关、安全关、创新观、服务观的运营理念经营管理。立足以呼和浩特市为中心，辐射周边区域，持续践行“筑精品工程，创社会价值”的企业使命。为客户提供高效、安全、绿色的建筑解决方案,"https://www.zhaopin.com/jobdetail/CCL1506323880J40817797103.htm?refcode=4019&srccode=401901&preactionid=a7c1140f-c46c-45e5-b867-ab342d8bdc77"
4494,项目专员/助理,苏州-相城区,9000-12000元,东莞领益精密制造科技有限公司,金属制品业,10000人以上,,CC272219330J40758207011,"岗位职责: 1. 负责Alpha新产品开发项目全过程，新产品导入、批量生产等，同时领导多个项目并行开发； 2. 制定项目计划，管理和监控项目的范围、进度、成本、质量，保证项目目标的达成； 3. 管理和监控项目进度和预算执行情况，跟踪计划与项目范围变更； 4. 组织项目日常会议，发布项目日常报告； 5. 领导项目组快速分析和解决项目执行中的各种问题，及时上报重大待解决问题，提出问题，分析和解决预案 任职要求: 工作经验：本科以上学历，无经验可培养 胜任力：熟练使用各类OFFICE软件 语言技能：英语6级。听、说、写熟练 工具使用：Word,PPT,excel熟练使用",7月15日,东莞领益精密制造科技有限公司隶属于领胜集团，是领胜集团华南总部，占地300亩，注册资金5000万美元，位于黄江镇裕元工业区裕元三路与精诚二路交界处。主要生产双面胶、防尘网、贴片、泡棉等模切产品及手机金属零件等。公司环境优美，设有干净整洁的食堂，宽敞舒适的宿舍大楼，生活设施齐全，工业园内设有篮球场、羽毛球场、乒乓球场、桌球场等生活娱乐场所。公司秉承圆通、周到、效率的企业理念，以最快的速度为客户提供从设计、生产到运输的个性化高质量的服务，公司注重人才培养与发展，致力于建立富有活力、勇于开拓、通力合作的团队，为员工提供广阔的发展空间。,"https://www.zhaopin.com/jobdetail/CC272219330J40758207011.htm?refcode=4019&srccode=401901&preactionid=a7c1140f-c46c-45e5-b867-ab342d8bdc77"
4495,项目经理/主管,武汉-江夏区,8000-15000元,鼎康(武汉)生物医药有限公司,"医药制造,卫生服务",300-499人,B轮,CC581630020J40754322014,"Job Responsibilities 工作职责： 1.Responsible for project lifecycle management, project schedule tracking and maintenance, project communication and coordination.  负责项目全生命周期管理、项目时间表的跟踪及维护、项目沟通协调工作； 2.Coordinate with various departments internally, organize internal CMC meetings regularly, follow up the progress and completion of action items, and ensure the smooth implementation of each project.  对内协调各部门，定期组织内部CMC会议，跟踪进度及行动项的完成情况,保障各项目顺畅执行； 3.Communicate with the customer externally, coordinate and manage the problems of both sides in the customer project and give timely feedback to the internal departments.  对外与客户沟通，对客户项目中双方的问题进行协调管理及及时的反馈给内部各部门； 4.Responsible for project implementation management, find and deal with problems in project development, organize project team members to conduct research, and put forward reasonable solutions. 负责项目执行管理，发现和处理项目开展中的问题，组织项目组成员进行研究，并提出合理性解决方案； 5.In the process of writing the project, the minutes of internal and external meetings, the summary of project progress and business letters and other materials.  撰写项目过程中对内对外会议纪要、项目进度汇总及商务公函等资料； 6.Actively maintain customer relations and maintain a good cooperative relationship between the company and customers.  积极维护客户关系，保持公司与客户良好合作关系； 7.Assist BD and FA to complete the business work.  协助BD及FA部门完成商务方面的工作； 8.Complete other tasks assigned by superiors. 完成上级领导安排的其他工作。",5月14日,"鼎康生物是一家领先的CDMO公司，可提供一站式的CMC解决方案，支持从早期药物开发到后期临床研究和商业化cGMP生产。鼎康引进了全球首个模块化生物制药工厂Kubio；为客户开发的多个产品已经在全球20多个国家进行临床试验。在不久的将来，鼎康生物总产能将超过140,000L。我们承诺通过技术和生产创新，使全球患者都能负担得起具有国际标准的生物药物，提高治疗水平以改善人类健康。","https://www.zhaopin.com/jobdetail/CC581630020J40754322014.htm?refcode=4019&srccode=401901&preactionid=a7c1140f-c46c-45e5-b867-ab342d8bdc77"
4496,项目经理/主管,武汉-洪山区,5000-10000元,武汉业态通信息科技有限公司,"计算机软件,新零售,云计算/大数据,运营商/增值服务",20-99人,未融资,CCL1444014850J40659024014,职位描述： 1、负责零售行业ERP系统的实施交付，包含项目业务调研、方案撰写、制定复合项目方要求的业务解决方案，统筹实施人员实施、测试，推动项目方上线、验收； 2、负责项目交付的执行管理，包含项目团队成员工作任务分配、辅导、控制进度、评估工作质量，项目全过程监督和管理； 3、负责与客户沟通项目的业务需求； 4、负责项目文档整理和总结提炼，案例撰写与团队分享等工作； 5、负责项目现场问题的跟进和解决； 6、上线的其他工作。 任职要求： 1、有ERP&CRM项目的实施交付经验； 2、相关专业大学本科以上学历； 3、良好的业务能力、表达能力、学习能力及抗压能力。 加分项： 1、有财务、供应链、CRM理论功底优先，熟悉零售业务流程优先； 2、有同行业相关项目或者实施经验优先； 3、熟悉SQL操作； 4、了解低代码开发优先； 5、有PMP等相关证书优先。,9月6日,总部设在广州，全国各地设有子公司分别是：武汉、上海、深圳、北京、西安等地，公司是一家从事零售商业地产和多元化业态的数字化解决方案的软件公司。拥有多个软件著作权和业内资质的科技型中小企业。并拥有一批业态从事20年以上的专业人员，形成了一个专业度高，认同感强的团队。,"https://www.zhaopin.com/jobdetail/CCL1444014850J40659024014.htm?refcode=4019&srccode=401901&preactionid=a7c1140f-c46c-45e5-b867-ab342d8bdc77"
4497,项目专员/助理,太原-万柏林区,4000-5000元·13薪,山西唐讯科技有限公司,电力/水利/热力/燃气,20-99人,不需要融资,CCL1389786420J40765311510,岗位职责： 1、协助项目经理完成项目资料整理及手续办理，配合进行项目协助工作； 2、拥有良好的谈判技巧及管理能力，负责公司现有项目的维护与管理； 3、负责项目所在地的平台信息及相关产品的售后，与后期资料维护； 4、建立第三方单位信息库、合作方信息库及招标资源信息库，随时跟进、存档。任职要求：   1、有电力行业工作经验者优先；   2、工作态度端正，有责任心，积极上进；   3、 具有良好的沟通能力、逻辑思维能力和信息收集、资料撰写能力,7月21日,山西唐讯科技有限公司是一家致力于信息技术与物联网发展的高科技企业。公司秉承科技创新的理念，在国家倡导“大众创业、万众创新”的新时代下，始终坚持以技术创新、产品创新、服务创新的“三创”精神为公司发展原动力。公司在企业管理的实践过程中，尤其是在为行业的服务过程中，把国际先进的管理思想与中国管理实践相结合，尤其是电力行业实践相结合，提出了支持电网、电厂企业战略实现的管理思想与手段，并将此作为公司长期的发展方向。通过与各大院校、研究院所、中国电科院、国网电科院进行合作，寻求产品发展方向和技术方法的创新和提升。同时与国内外多家知名公司进行合作，引进先进技术以及设备，实现了公司多元化发展的目标。唐讯科技以“实事求是、立说立行”的企业文化为指导思想，深入贯彻“三创”精神，抓住机遇大步前进，积极为行业和社会创造价值。,"https://www.zhaopin.com/jobdetail/CCL1389786420J40765311510.htm?refcode=4019&srccode=401901&preactionid=a7c1140f-c46c-45e5-b867-ab342d8bdc77"
4498,项目经理/主管,上海-杨浦区,1.5-2.5万·15薪,蓝星光域(上海)航天科技有限公司,"船舶/航空/航天/火车制造,通信/网络设备,船舶/航空/航天/火车制造",100-299人,B轮,CCL1337789490J40486131313,岗位职责：   ,6月3日,蓝星光域（上海）航天科技有限公司（简称“蓝星光域”），成立于2021年，致力于成为全场景激光通信终端与解决方案供应商，建设空天地一体化信息网高速通路，打造全场景激光通信生态体系。蓝星光域以上海为研发总部，在北京设立副研发中心，常熟设立智能批量化生产实验基地，总研发生产面积超1万平，团队人数160余人，其中研发人员占比超80%，核心人员均拥有空间激光通信项目经验，已累计获得数十项专利，核心研发技术处于国内先进水平。蓝星光域始终秉持着“研发+量产+测试”三者齐头并进的理念，聚焦商业化空间激光通信终端的研制与生产，面向星载、机载、舰载、地面等多种不同领域，提供低成本、高可靠的空间激光通信产品与解决方案，持续推动商业航天技术大规模商业化应用。在研发方面，蓝星光域目前已实现“设计-零件-组件-终端”的全链路自研，形成激光通信领域的产业闭环。在量产方面，通过智能化脉动式生产实验基地，可实现单一产品年产达400台套。在测试方面，蓝星光域建成的第三方综合测评实验室目前已正式投入使用，通过建成的双端模拟建链软件、硬件平台，可以对任意第三方激光终端进行测试与认证，为行业内生态伙伴提供高效、便捷的服务，共同加速中国商业航天产业商业化进程。公司成立至今已累计为超10家研究所、央国企提供专业的技术服务，多款产品进行定性及标准化生产，公司目前正处于B1轮融资阶段，并获得多家知名投行机构的青睐，累计获得融资金额数亿元。,"https://www.zhaopin.com/jobdetail/CCL1337789490J40486131313.htm?refcode=4019&srccode=401901&preactionid=a7c1140f-c46c-45e5-b867-ab342d8bdc77"
4499,项目专员/助理,常州-新北区,6000-10000元,星宇股份,"汽车研发/制造,电子/半导体/集成电路,金属制品业,仪器仪表制造",1000-9999人,已上市,CC159865810J40704270009,岗位职责： - 负责汽车车灯项目的管理工作 - 确保项目按时按质完成 - 与项目相关的内外部沟通协调 岗位要求： - 本科及以上学历，应届生 - 对汽车行业及项目管理工作感兴趣 - 具备良好的沟通能力和协调能力 - 能适应加班和出差 - 英语过四级,3月5日,"常州星宇车灯股份有限公司（以下简称“公司”）创立于1993年，2007年10月整体变更为股份有限公司，2011年2月在上海证券交易所成功上市(股票代码:SH 601799)。公司总部坐落于常州市国家高新技术产业开发区，国内在香港、佛山、长春设有子公司，国外在德国、日本、塞尔维亚设有子公司。目前公司总占地面积74.3万平方米，拥有先进的前照灯、后组合灯、小灯、电子、模具、工装生产制造工厂。公司拥有大型注塑机、多色注塑机、塑料表面光固化线、机器人喷漆、涂胶工作站、激光及震动摩擦焊接机、真空镀膜机以及其他各类加工设备4,500多台，各类装配线200余条，具有年产各类车灯8,000万只的生产制造能力。公司专注于汽车车灯的研发、设计、制造和销售，是我国主要的汽车全套车灯总成制造商和设计方案提供商之一，客户涵盖欧系、日系、美系和中国多家自主品牌整车企业，主要包括一汽-大众、上汽大众、上汽通用、北京奔驰、德国戴姆勒、德国大众、德国宝马、法国PSA、通用汽车、一汽丰田、广汽丰田、广汽本田、东风日产、东风本田、东风雷诺、长安马自达、一汽红旗、一汽轿车、吉利汽车、吉利沃尔沃、上汽通用五菱、神龙汽车、广汽乘用车、奇瑞汽车、奇瑞捷豹路虎等。公司拥有一支技术精湛、团结合作的高素质技术队伍，拥有包括车灯产品设计开发、电子设计开发、工装专机设计开发、模具设计开发、前沿技术开发等完整的自主研发体系，具有强大的同步设计开发能力。公司是国家级企业技术中心和江苏省汽车照明工程技术研究中心，拥有博士后工作站、欧洲院士工作站和国家认可实验室；为中国汽车工业协会灯具委员会常务副理事长单位和中国照明电器协会副理事长单位，担任汽车信号灯具强制性国家标准整合工作组组长单位。公司始终坚持以一流的质量、一流的服务、一流的效率向客户提供符合要求的一流的产品，作为自主品牌车灯代表企业，积累了包括欧美系、日系以及内资品牌整车厂等丰富的客户资源，并与客户保持了紧密的合作关系，是众多优秀整车企业信赖的合作伙伴。公司秉承“团结、拼搏、坦诚、创新”的企业精神，践行“爱、感恩、责任”的家文化，坚持以人为本，打造了一支朝气蓬勃、团结向上、吃苦耐劳、责任为本、作风过硬的优秀团队，公司多名员工获得常州市劳动模范、全国五一劳动奖章、全国劳动模范，优秀的企业文化是公司实现可持续发展的根本基石。","https://www.zhaopin.com/jobdetail/CC159865810J40704270009.htm?refcode=4019&srccode=401901&preactionid=a7c1140f-c46c-45e5-b867-ab342d8bdc77"
4500,项目专员/助理,南通-海安市,3000-5000元,茂裕环保科技南通有限公司,专用设备制造,100-299人,未融资,CC698665730J40741271709,大专以上学历应届毕业生，环境工程、建筑暖通或机电一体化等相关专业，会CAD，负责公司驻外项目部废气处理系统项目施工安装的监督与管理。职位福利：五险一金、全勤奖、包住、包吃、高温补贴、每年多次调薪,7月26日,茂裕环保是一家专业从事环保设备设计、生产与销售的高新技术企业，总部位于昆，生产基地位于南通海安，目前，昆山总部与南通生产基地均拥有超过15000平方米的现代化标准厂房。公司主要产品系列有酸碱废气处理设备、RTO蓄热式焚烧器、RCO催化燃烧装置、活性炭吸附处理装置、脉冲布袋除尘器、旋风除尘器等粉尘废气净化设备和各种风管，其中产品材质包含PP、PPS、FRP、SUS304和SUS304 coating。产品广泛运用于光伏产业单晶硅、多晶硅、电子半导体、冶金、铸造、喷涂、化工、医药、电力等行业。公司注重产品研发及科技自主创新，拥有专业设计、规划和研发团队，坚持把科技创新成果和先进技术运用于公司产品，先后获批了二十多项发明专利，并取得高新技术企业认定。公司与重庆大学建立“产学研”合作，被重庆大学授予产学研示范合作基地。公司健立健全各项管理体系，分别通过ISO9001质量管理体系、OHS18001职业健康管理体系及ISO14001环境管理体系认证，先后取得建筑企业安全生产许可证、环保工程专业承包叁级资质，并获得AAA级信用企业、AAA级重合同守信用企业及AAA级诚信供应商等殊荣。公司创建以来，在半导体、电路板、液晶面板、电子制造及其它传统相关行业完成了几百项废气处理设备的工程实绩，所生产和安装的设备，均经过了过程质量管控以及各项严格的质量检测，各项质量指标均达行业的先进水平，在行业内树立了良好的口碑。公司将以先进技术、成熟的工艺、稳定质量、丰富的施工管理经验以及完善的售后服务，竭诚与中外朋友携手，共创辉煌。,"https://www.zhaopin.com/jobdetail/CC698665730J40741271709.htm?refcode=4019&srccode=401901&preactionid=a7c1140f-c46c-45e5-b867-ab342d8bdc77"
4501,项目专员/助理,深圳-光明区,5000-7000元,重庆两江建筑工程有限公司,房地产开发,300-499人,未融资,CC494932720J40911231804,岗位职责：   1、负责对项目部劳务用工进行日常监督、检查、管理及信息上报工作；,6月6日,【企业概况】重庆两江建筑工程有限公司始建于一九九八年五月，系年营业额三十亿的民营企业。新办公楼地址位于重庆市两江新区海王星科技大厦。是国内知名开发商万科集团的A级供应商。先后成立了贵阳、深圳、广州等多家分公司。以万科、华为为企业发展标杆。以奋斗者为本，与优秀者同行。共创共享，建设优秀现代化公众企业。企业资质：房屋建筑施工总承包壹级市政公用工程施工总承包壹级钢结构工程专业承包壹级机电设备安装工程专业承包壹级建筑装修装饰专业承包壹级经营范围：公司目前业务分为大总包、基础、精装、幕墙、市政道路、钢结构、机电安装等主要板块。人才资源：两江建筑视人才为企业第一资源，其中90%以上大专以上学历人员，100名高、中级职称管理人员；60余名国家一级注册建造师、注册造价工程师、注册安全工程师、注册监理工程师、建筑师、注册会计师等专业人才。【团队优势】我们是一支专业的团队。我们的成员拥有多年的施工技术背景，来自国内知名施工单位的一线骨干。我们是一支年轻的团队。我们的平均年龄仅有30岁，充满了朝气和奋斗精神。我们是一支专注的团队。我们坚信，成功的项目源自客户的信任。只有专注，才能做好项目。我们是一支有梦想的团队。我们来自五湖四海，因为一个共同的梦想:成为国内一流的建工企业，做建筑行业的领跑者；让建筑人更有尊严。【企业文化】经营理念：成为国内一流的建工企业；做建筑行业的领跑者。发展理念：奋斗、优秀、健康、丰盛；以奋斗者为本，以优秀者同行。企业愿景：让建筑人更有尊严。【项目荣誉】2019-2020年度广州万科最佳新供方2018-2019年度万科集团总对总战略合作伙伴2017年度万科A级供应商（总包类）华润集团2019年度上半年度质量第三方检查华西大区名列：第一名华润集团2019年度下半年度质量第三方检查华西大区名列：第二名华润集团华西大区第二季度质量摸底检查华西大区名列：第五名贵阳市2019年度建筑安全文明施工样板工地2019上半年贵阳万科最佳合作伙伴（花溪大都会项目C地块）2019上半年贵阳万科最佳合作伙伴（花溪大都会项目商业地块）2019上半年贵阳万宏最佳合作伙伴（花溪大都会项目B地块）2019年度万科集团中西部区域三季度季度评估：安全文明第一名贵阳市2019年度建筑安全文明施工样板工地万科集团中西部地区2019年第二季度实体质量评估专项排名：第一名万科集团中西部地区2019年第二季度地下工程评级：A2018年贵州省建筑工程优质质量结构工程杯竞赛奖2018年度建筑施工安全文明生产先进工地花溪区2018年度建筑施工安全文明生产先进单位2018年度贵阳万科优秀合作单位2018年度贵州省建筑工程优质质量结构工程杯竞赛奖万科集团中西部区域2017年第三季度质量进步奖万科集团中西部区域 2017年第三季度：优等奖万科集团中西部区域2017年第三季度标段综合排名：第一名万科集团2017年第三季度精工品质团队奖贵阳万科2016季度评估最佳新锐奖万科集团2016年中西部区域第三季度安全专项排名：第一名2017年度济南万科交付评估优胜奖2017年度万科优秀供方以及无数最佳新锐奖、季度飞检第一名、季度飞检质量进步奖、季度飞检第一名、季度飞检区域优、交付奖、五星级供应商奖、优秀项目经理奖、最佳合作伙伴奖、年度优秀合作方、交付优胜奖、万科城公寓配合奖、行业服务标兵、优质优秀售后、管理创新奖等荣誉...,"https://www.zhaopin.com/jobdetail/CC494932720J40911231804.htm?refcode=4019&srccode=401901&preactionid=a7c1140f-c46c-45e5-b867-ab342d8bdc77"
4502,项目专员/助理,广州-白云区,9000-13000元,外企德科数字技术有限公司,专业技术服务,10000人以上,,CCL1480117890J40793540405,1. 支撑中国云赛道项目交付的管理工作，作为项目计划的执行经理，负责编制项目子计划的交付运作，对项目交付目标、范围、进度、质量、资源、问题风险、项目验收等工作负责； 2. 作为项目助理，需要积极拉通项目过程中涉及产品、研发、运维、合作伙伴、客户等团队，协助项目端到端的交付管理； 3. 协助甲方、第三方等干系人的关系维护； 4. 支撑PMO对中国区交付团队能力建设相关工作，基于项目实战场景输出作战包文档；,2025-07-27 00:25:59,外企德科数字技术有限公司是一家2023年新成立的中外合资企业。成立于2023年11月24日，公司定位：专注于为信息技术企业提供人才及数字技术外包解决方案的中外合资企业。它是由中国人力资源服务行业的FESCO（北京国际人力资本集团）与全球人力资源服务领导者The Adecco Group（德科集团）合资成立的。公司主要提供网络技术服务、软件外包服务、计算机系统服务、技术进出口、软件开发等信息技术相关服务。专注于为信息技术企业提供信息技术类人才及数字技术外包解决方案。,"https://www.zhaopin.com/jobdetail/CCL1480117890J40793540405.htm?refcode=4019&srccode=401901&preactionid=a7c1140f-c46c-45e5-b867-ab342d8bdc77"
4503,项目专员/助理,北京-海淀区,1-2万,中咨海外咨询有限公司,"咨询服务,客运服务,房地产开发,学术/科研",100-299人,未融资,CC134308390J40908723604,岗位描述及职责： 1.项目管理。依据工作需求，制定精细项目计划。实施过程管理，组织访谈调研，精准掌握项目情况；定期召开项目例会，协调资源、解决问题；完成项目汇报，为方案提供后续支持，确保项目顺利推进。 2.项目实施。围绕项目与客户需求，参与专题研究，开展战略分析并提供专业建议。组织编写项目报告，高质量完成客户交付方案，助力项目目标达成。 3.投标支持。主动与招标方保持沟通，及时响应并深入研究标书内容。组织团队编写、制作投标文件，参与述标，提高公司中标几率。  4.市场拓展。根据领导及市场拓展要求，及时研究最新政策，了解行业活动与市场趋势，整理成沟通材料。协助管理层维护客户关系，提升公司市场信誉，推动业务拓展。 任职条件： 1. 经验及行业背景： 具备工程相关业务开发及高质量客户服务经验，从事过项目拓展、项目投标、项目实施和客户维护等工作优先。 具备专业领域咨询工作经验，包括但不限于企业战略规划、项目投融资策划、ESG评估、城市规划、公共政策研究等领域优先。 2.专业知识及技能： 硕士及以上学历，经济学、管理学、规划、工程等专业背景者优先考虑。具备注册咨询工程师资格等执业资质优先。优秀的中英文应用水平。 3. 综合素质： 具有上进心和快速学习能力、优秀逻辑思考和分析能力及团队合作精神。 4. 性格特征： 拥有良好职业素质。诚实守信、忠诚尽责、善于沟通；能够自我驱动、适应压力下工作和适当的出差安排。,6月19日,中咨海外咨询有限公司是中国国际工程咨询公司的全资核心企业，1996年注册成立，是具有综合甲级资信的首批综合类咨询机构。中国国际工程咨询公司是国内实力较为雄厚的一家综合性咨询公司，主要职责是受国家部门委托承担国家重大项目的咨询评估和规划研究。我公司作为中国国际工程咨询公司的核心骨干企业和从事工程咨询业务的窗口，依托母公司的专业技术力量和人力资源优势，肩负着开拓国际、国内两大咨询市场，实现咨询业务的国际化、信息化、市场化和多元化的重任。我公司按照现代咨询企业经营理念，与产业链上下游高层面、高信誉的国家宏观经济政府部门、国内外权威金融机构、著名厂商与咨询机构等沟通服务和交流合作；建立市场开发和知识创新机制，调整业务方向和经营策略，营造人才荟萃、知识信息密集的创新环境和高品质的企业文化氛围。近年来，我公司以传统咨询评估业务为基础，不断拓展业务链条，先后承接了多项大中型工程设计和项目管理业务。现诚邀有识之士倾情加盟，共创未来。公司薪酬福利待遇完善，除常规的五险一金外，还为员工增加了补充医疗保险。工会团委组织健全，企业文化和谐进取，是您开拓事业、快乐工作的理想平台。,"https://www.zhaopin.com/jobdetail/CC134308390J40908723604.htm?refcode=4019&srccode=401901&preactionid=a7c1140f-c46c-45e5-b867-ab342d8bdc77"
4504,项目专员/助理,广州-天河区,7000-10000元,广州穗科建设管理有限公司,房地产开发,500-999人,,CC419069180J40783582513,岗位职责： 1、协助完成工程项目全过程管理工作； 2、协助完成工程项目的招投标工作； 3、负责对项目现场管理工作进行跟踪、监督检查，及时解决现场管理工作中遇到的技术问题； 4、协助公司领导做好业务经营、拓展工作； 5、负责 AI技术在公司业务场景中的应用，协助公司领导利用AI工具提升项管、运营管理工作效率； 6、完成领导交办的其他工作任务。 任职要求： 1、土木、建筑工程类专业或英语专业，本科及以上学历； 2、英语口语流利、书写能力较强，英语专八优先考虑； 3、具备扎实的工程基础知识，熟悉项目管理流程和方法； 4、具备良好的学习创新语言表达、沟通协调和逻辑思维能力，具有较强的文字功底； 5、责任感强、工作认真细致； 6、计算机知识全面，有较好的学习能力； 7、能接受短期国内、国外出差。,5月30日,广州穗科建设管理有限公司（前身为广州穗科建设监理事务所）经中国科学院批准成立于1996年12月，经过20年的辛勤耕耘、不懈努力，至今已发展成为专业配套、系统完善、结构合理的工程监理、招标代理和造价咨询的服务机构，具有国家房屋建筑工程监理甲级、市政公用工程监理甲级、机电安装工程监理甲级、工程招标代理甲级、公路工程监理乙级、政府采购代理机构乙级、广东省建设项目环境监理资格、工程造价咨询乙级、人民防空工程建设监理乙级、工程咨询单位丙级资格、具有国家商务部核定的中央政府援外项目监理资格等资质。公司以“高起点、高标准、科学化、现代化发展”为企业的经营目标，以“监理服务，公正诚信，以人为本，和谐健康，关注环境，永续经营”为企业的管理理念，本着“守法、诚信、科学、公正”的办企宗旨，深得同行和社会各界的认可和赞同。公司自2001年取得ISO9001质量管理体系认证以来，2009年又取得了质量、职业健康安全、环境管理体系认证；连续14年被广州市工商行政管理局评为“守合同、重信用企业”；2008、2012年荣获“广东省建设系统精神文明建设先进单位”荣誉称号；2008-2014连续七年荣获“广东省诚信示范企业”称号；2009-2014年荣获广东省建设监理协会、广州市建设监理协会“先进监理企业”称号，2012年被广州市国税、地税局联合评定为2010-2011年度纳税信用等级A级纳税人，穗科党支部连续多年荣获中共天河区组织部“优秀基层组织”等荣誉。公司先后成为广东省建设监理协会理事单位、广州市建设监理行业协会理事单位、广东省招标投标协会会员单位、广东省建筑安全学会单位会员、中国建设监理协会单位会员、广东省工程咨询协会团体会员、广东省建设系统思想政治工作研究会成员。公司在创新发展过程中，坚持“发展才是硬道理”的企业宗旨，把人才队伍建设作为一项长期发展的工作来抓，制定一套科学管理制度和考评机制，建设一流班子、带一流队伍、创一流业绩企业的总体思路，不断引进人才，努力打造一支综合素质高、战斗能力强、有着巨大向心力、凝聚力、竞争力、纪律严明、廉洁奉公、敬业奉献的监理队伍。现具有各类专业技术人员六百余人，国家注册监理工程师85人，国家注册造价师15人，拥有学士学位人数占70%以上，是企业发展的主力军。20年来，穗科管理在广东省内外各地区及海外地区承接了大量各类型的工业与民用建筑、市政基础设施建设工程监理任务，如：广州市轨道交通十四号线一期项目、广东广乐高速公路附属区房建工程、南粤先贤馆主题场馆工程、香港新鸿基佛山房地产项目、碧桂园碧桂园十里银滩、广州浪奇日用品南沙基地工程、天运国际物流、中铁荔湾国际城、南沙珠江船务大厦等以及中央援外监理工程援坦桑尼亚外交部办公楼项目、援尼日尔综合医院项目等工程监理。目前为止，公司已完成2000多项监理工程，建筑面积超过4000多万平方米，工程质量全部达到国家“合格工程”标准；多项获得广东省、广州市“五羊杯”“优良样板工程”、“结构样板工程”、“建筑装饰优质工程”、“文明施工样板工地”等奖项，受到广大客户的高度好评。“与时俱进，开拓创新”。穗科管理将保持持续的创新能力和发展势头，凭借丰富的经验，与同行携手共进，多方合作，继续竭诚为广大客户提供更新、更好、更具价值的服务。,"https://www.zhaopin.com/jobdetail/CC419069180J40783582513.htm?refcode=4019&srccode=401901&preactionid=a7c1140f-c46c-45e5-b867-ab342d8bdc77"
4505,项目专员/助理,合肥-高新区,100-200元/天,合肥讯诚通信科技有限公司,"运营商/增值服务,通信/网络设备",20-99人,未融资,CC417145980J40608031709,"岗位职责： 1、收集、整理、归档项目回传的资料； 2、用 CAD将草图转画成电子版图纸,通信类图纸的绘制； 3、熟练掌握officel办公软件的操作； 4、熟悉通信工程预算、决算； 岗位要求： 1、熟练使用CAD制图； 2、熟练使用办公软件； 3、有相关工作经验优先； 4、需要有驾驶证。",10月22日,合肥讯诚通信科技有限公司成立于2015年，注册资本人民币1000万元，主营业务为移动通信产品的销售与服务，通信设备的网络优化与维护、软件设计与研发以及硬件的安装调试等。从2015年开始公司涉足通信网络服务业务，主要从事无线网规网优，业务涉及安徽、江苏南、山东、浙江、江西等市，提供2G/3G/4G网络的系统设计、无线勘测、安装调试、数据库生成、网络优化等领域的专业性服务。,"https://www.zhaopin.com/jobdetail/CC417145980J40608031709.htm?refcode=4019&srccode=401901&preactionid=a7c1140f-c46c-45e5-b867-ab342d8bdc77"
4506,项目经理/主管,郑州-金水区,7000-10000元,河南协力电力工程设计有限公司,"电力/水利/热力/燃气,学术/科研",20-99人,,CC619873830J40538921901,1、负责工程项目的具体设计工作，按时保质完成设计任务，并对图纸的质量负主要责任；  2、负责制定设计方案，并对工程方案的合理性负责；  3、负责工程项目的收资及现场的勘测工作，并对勘测结果负责；  4、参加电业局、客户等组织的工程审查会,7月4日,河南协力电力工程设计有限公司简介河南协力电力工程设计有限公司具有河南省住房和城乡建设厅核发电力工程设计（勘察测量、送变电、新能源工程乙级）资质证书、电力工程监理（乙级）资质证书的综合型电力工程公司。公司一直致力于向客户提供专业水平的工程咨询、造价咨询、勘察设计、工程监理、项目管理以及总承包工程等建设服务。目前立足中原、面向全国，竭诚为社会各界提供优质高效的专业服务。公司总部位于郑州市中原区新蒲大厦，地理位置优越，办公环境舒适。公司设计、监理资质齐全，设备设施先进，部门设置科学，技术力量雄厚，人才结构合理，公司培养了一批专业知识强、综合素质高的优秀设计人才和工程监理人才。目前，公司拥有专业技术和管理人员共计85余人，其中国家执业注册师26人，高级工程师9人，工程师40余人，构成了以资深专家为核心，以具有深厚专业知识和丰富实践经验的中、青年技术骨干为主体的人才结构。公司现已形成一支有知识、有朝气、懂管理、经验丰富、严谨高效的电力设计与监理团队，发奋致力于“科学描绘电网蓝图、用心建设和谐电力”。公司自成立以来，公司领导励精图治，全体员工精诚团结，一步一个脚印，稳扎稳打，不断提高公司技术实力及行业水平，公司业务以河南省内市场为中心，不断拓展省内外市场，目前已在各地设立了分支机构，已形成立足中原、面向全国的市场格局，未来将进一步沿着一带一路，让公司业务得到更广阔的发展。公司全力营造积极向上、快乐工作的企业文化氛围，为员工搭建展示才华、实现自身价值的良好发展平台，为客户提供“高标准、高质量、高满意度”的精品工程。在未来的日子里，公司将继续秉持初心、坚持梦想、上下同心、锐意创新、优化管理、拓展业务，与社会各界合作伙伴一起携手奋进、共赢未来！,"https://www.zhaopin.com/jobdetail/CC619873830J40538921901.htm?refcode=4019&srccode=401901&preactionid=a7c1140f-c46c-45e5-b867-ab342d8bdc77"
4507,项目专员/助理,肇庆-四会市,5000-7000元,中导光电,"电子/半导体/集成电路,仪器仪表制造,电气机械/电力设备",100-299人,已上市,CC144035130J40812342103,职责：   1、 负责大工程内勤、行政事务，包括工时统计、上报、团建组织等，以及相关后勤服务等； 2、 负责物料编码管理； 3、 负责工程例会等会议记录、纪要起草和发布； 4、 负责质保后项目服务； 5、 负责运营部文档管理，相关管理数据的收集、整理和维护； 6、 负责图纸的收集、打印、分发、存档； 7、 配合项目经理进行流程处理、物料申领、寄送； 8、 负责成品入库管理； 9、 负责承担部分简单的订单项目的项目管理工作； 10、 运营负责人交办的其它工作。,7月17日,中导光电设备股份有限公司为平板显示产业上游及下游制造产线提供先进精密光学检测主设备的高技术专业装备公司★挺起民族工业脊梁★振兴装备制造产业★诚邀天下有志之士【总部地点】广东肇庆【成立时间】2006年【分支机构】武汉中导、苏州中导、台湾中导、香港中导【人才优势】来自业界资深设备专家团队、有志于振兴中国半导体装备工业的一大批技术精英【服务工业】平板显示产业（FPD），集成电路产业（IC），光伏能源产业（PV）【技术专业】精密机械，精密光学，软件开发，应用工程，机电控制，图像处理，工业自动化，装备制造【主要产品】高精密大型智能光电检测设备，良率监控分析系统【业务范围】设计，开发，制造，销售，服务【公司资质】高新技术企业，广东省战略性新兴产业骨干企业※公司亮点◢巨大的事业发展空间◢领先的光电检测设备技术◢双休，提供食宿(总部)◢具有竞争力的薪资◢五险一金◢享有法定节日和带薪年假◢浓厚的学习氛围◢平等而上进的企业文化※联系方式肇庆总部：广东省肇庆高新区北江大道20号之一邮政编码：526238电话：0758-3103925联系人：陈小姐、孙先生投递邮箱：zdzp2010@3i-systems.com.cn武汉公司：湖北•武汉•武汉经济技术开发区莲湖路21号邮政编码：430056电话：027-84680951转6018联系人：汪先生投递邮箱：yang.wang@3i-systems.com.cn网站：www.3i-systems.com.cn,"https://www.zhaopin.com/jobdetail/CC144035130J40812342103.htm?refcode=4019&srccode=401901&preactionid=a7c1140f-c46c-45e5-b867-ab342d8bdc77"
4508,项目经理/主管,苏州-吴中区,1.5-2万·14薪,武汉精测电子集团股份有限公司,"仪器仪表制造,计算机硬件,电子/半导体/集成电路",1000-9999人,已上市,CC253673710J40761469209,岗位职责:,2025年07月30日,武汉精测电子集团股份有限公司（股票代码：300567.SZ）成立于2006年，致力于成为半导体、显示、新能源行业以测试设备为核心，客户首选的综合服务提供商。公司总部位于武汉，逐步建立起以美国、日本、韩国和中国（台湾/武汉/上海/北京）四大研发中心和武汉、苏州、上海、常州、深圳、北京、江门七大智造基地的全球化布局。公司现有员工近3500人，其中超50%以上为技术研发人员，拥有全球化的技术研发、客户响应与服务到达能力。坚持以自主创新为核心、以产学研合作为两翼，精测电子持续加大战略研发投入，不断强化产品技术创新，现已形成较为完善的研发创新体系和牢固的知识产权保护体系。。近三年累计研发投入超过19亿元，研发投入占比营收超25%，与华中科技大学、复旦大学等高校成立校企联合实验室，并依托国家级企业技术中心和博士后科研工作站积极承担国家部委相关技术产业攻坚项目，先后牵头发布多项国家标准、行业标准及产业白皮书，持续引领工业智能检测行业发展。截至2024年末，精测电子已取得超2433项专利授权，其中发明专利1106项、实用新型专利925项、外观专利402项，并取得354项软件著作权、56项软件产品登记书和82项注册商标，先后荣获“国家制造业单项冠军示范企业”、“国家技术创新示范企业”、“中国知识产权示范企业”、“国家技术发明二等奖”、“日内瓦国际发明展金奖”、“中国专利金奖”等荣誉称号。精测电子——良率管理专家，通过全栈自研软硬一体“光机电算软”核心技术平台，构建起从精密检测仪器到智能检测设备到行业解决方案的智能检测生态体系。超越检测，实现主动良率管理，精测电子矢志不渝推进支柱产业国产化转型升级，助力我国由制造大国向智造强国蜕变，持续为客户、股东、员工、社会创造价值。,"https://www.zhaopin.com/jobdetail/CC253673710J40761469209.htm?refcode=4019&srccode=401901&preactionid=a7c1140f-c46c-45e5-b867-ab342d8bdc77"
4509,项目专员/助理,南昌-东湖区,6000-8000元,江西海量规划设计研究院有限公司,农/林/牧/渔,20-99人,未融资,CC641178620J40721618610,1、岗位职责： （1）协助部门负责人开展项目申报工作，参与项目调研、资料收集、报告编制等工作。 （2）负责项目结束后的档案整理工作，及时进行资料存档工作等。  2、岗位要求： （1）统招本科及以上学历，汉语言文学、新闻学、国民经济管理、农业农村管理、农业经济管理、农村与区域发展、农业生态学、设施农业工程、城乡规划设计等相关专业；研究生优先，985、211以上本科优先。 （2）身体健康，品行端正，较强的语言表达能力、文字功底扎实，有较强的团队协作精神。 （3）对农业类咨询项目有了解，参与过农业类咨询项目的优先。 （4）身体素质较好，能接受出差。会开车，有实际驾驶经验。,7月25日,江西海量规划设计研究院有限公司（江西省工程咨询协会常务理事单位），是一家专注服务乡村振兴发展的规划设计研究机构。公司自2013年成立以来，一贯秉承“研究农业、设计农业、培育农业、建设农业、践行农业”的初衷。主要配合地方各级政府部门、各类企业和经合组织，开展各类规划制订、可研编写，项目申报文本拟定等业务，近年来，延伸拓展了农田水利、建筑、市政、园林工程设计、工程造价咨询、招标代理等业务。公司位于江西省南昌市南昌市北京西路248号（旋宫假日酒店进院子后右侧），离地铁1号线步行只需5分钟。公司拥有一支专业背景齐全、技术能力较强、服务水准良好的精英团队，具备丰富的农业全产业链咨询、规划、设计服务、管理及投融资服务方面的经验，项目遍布全省各地，已逐步成长为江西农业产业规划咨询的先行者，在江西农业服务领域享有较高的知名度，为江西农业农村发展做出了积极贡献。本着“真诚、责任、专业、高效”的宗旨，近五年来公司累计完成各级政府部门和各类企业级经合组织委托的咨询项目达1000多项，涉及项目投资总额2000多亿元，完成了一系列行业和地区发展规划编制，特别在秀美乡村规划、科技园区、农业园区规划、乡村振兴规划的编制上业绩斐然，在服务世界银行等国际金融组织贷款项目、国家发改委、农业农村部、工信部、科技部、商务部、林业局及省内各部门的扶持项目申报、核准材料，可行性报告编写等，成果颇丰，多次获得相关主管部门和业主的好评，赢得了良好的声誉。公司积极扩大交流与合作，充分利用各种社会资源，实现优势互补，多方位地拓展业务链，积极培育、扶植新的业务增长点，努力开拓国内及国际市场，进一步开展政策咨询、招标代理，向设计、工程造价等项目实施阶段咨询业务延伸，积极探索项目管理、品牌经营管理咨询业务。努力把公司打造成乡村振兴发展全过程咨询服务国内领先品牌。,"https://www.zhaopin.com/jobdetail/CC641178620J40721618610.htm?refcode=4019&srccode=401901&preactionid=a7c1140f-c46c-45e5-b867-ab342d8bdc77"
4510,项目经理/主管,烟台-福山区,8000-12000元,泰和新材集团股份有限公司,"化学纤维制造业,耐用消费品,化学原料/化学制品",1000-9999人,已上市,CC460319310J40870455715,岗位职责:,7月29日,烟台泰和新材料股份有限公司始建于1987年，是国有控股上市公司，公司于2008年在深交所挂牌上市（股票代码：002254股票简称：泰和新材），注册资本6.84亿余元，公司总资产83亿元，目前现有员工2100余人。公司旗下共有权属企业近20家。是国内规模最大的高性能纤维研发生产基地。成立三十余年以来，公司专业从事高性能纤维的研发与生产，先后填补氨纶、间位芳纶、芳纶纸、对位芳纶、智能纤维5项国内空白，拥有国家级创新平台3个、省级创新平台4个，公司3次荣获国家科技进步奖。现有“烟台+宁夏”2个生产基地，业务横跨高性能纤维、精细化工、复合材料等多个产业领域，公司氨纶产能居全球第五位，间位芳纶产能居全球第2位，芳纶纸产能居全球第2位，对位芳纶产能居全球第4位，是国内规模最大的高性能纤维研发生产基地和我国化纤行业参与全球高技术竞争的标杆企业。公司拥有国家芳纶工程技术研究中心、国家认定企业技术中心等行业领先的研发平台，3次荣获国家科技进步二等奖，是国家创新型试点企业。先后承担国家级科技攻关计划2项、863项目2项、国家重点研发计划课题8项，拥有118项授权专利，参与主导编写60余项国家和行业标准，是我国化纤行业参与全球高技术竞争的标杆企业。公司正在总建设山东烟台和宁夏宁东“双生产基地”，构建氨纶、芳纶“双产品集群”，提升规模、技术“双领先水平”，实现效益、利润“双倍增计划”，加快推进新旧动能转换，推动企业高质量发展。项目达产后，公司间位芳纶产能将保持全球前2位；对位芳纶产能跻身全球前3位，氨纶产能保持全球前5位；芳纶纸产能保持全球前2位。,"https://www.zhaopin.com/jobdetail/CC460319310J40870455715.htm?refcode=4019&srccode=401901&preactionid=a7c1140f-c46c-45e5-b867-ab342d8bdc77"
4511,项目经理/主管,上海-奉贤区,1-1.5万,上海派智能源股份有限公司,"新能源,电子/半导体/集成电路",1000-9999人,未融资,CC311942130J40687341606,岗位职责:,7月15日,"上海派智能源有限公司， 2015年2月正式成立，注册资金9000万元。目前主导产品有电池组 OEM/ODM服务– 3C,医疗，电动自行车，电动工具，电动摩托，电动汽车，储能等市场，为工业客户提供能源解决方案。以标准化能源解决方案为基础，打造标准化产品和自有品牌。公司现有员工近1500人，管理人员500人，主要管理人员在电池技术领域均有超过5年的工作经验。公司每位成员始终以“电池专家，持续经营，回报社会”为目标，以“专注、创新、务实、合作”为经营理念，我们以“打造创业平台，实现全员创业，创造伟大企业，回报社会，家庭和自己”为愿景，我们以“为社会提供更安全，更环保，更稳定，更智能的能源解决方案；为客户提供更快，更好，更便宜，定制化的超预期服务”为使命，立志于把公司打造成全球新能源动力电池的领军企业。","https://www.zhaopin.com/jobdetail/CC311942130J40687341606.htm?refcode=4019&srccode=401901&preactionid=a7c1140f-c46c-45e5-b867-ab342d8bdc77"
4512,项目专员/助理,天津-南开区,100-200元/天,燧世(天津)智能科技有限公司,"医疗设备/器械,人工智能",20-99人,不需要融资,CCL1334345750J40718144109,岗位职责  ,4月2日,天开燧世（天津）智能科技有限公司（以下简称“天开燧世”）成立于2023年04月，位于天津市南开区科研东路西侧天津科技广场5-1-402、403（天开园），是天开高教科创园重点培育企业，公司注册资本1000万元。天开燧世由脑机交互与人机共融海河实验室孵化，从事无创脑机接口产品的研发与转化。公司以“脑机随心，智能燧世”为理念，以自主研发的脑机接口技术为基础，致力于高性能无创脑机交互软硬件产品的研发及应用，实现脑机交互关键技术自主可控，打造中国脑机接口领域的领军企业。天开燧世的核心成员均为天津大学的博士毕业生，在脑机接口领域具备丰富的研发经验和专业知识。公司目前拥有数百项授权发明专利和软件著作权，凭借核心的技术能力以及产学研医用相结合的转化运营模式，成功荣获中国国际大学生创新大赛（2023）金奖，中国工程院“好设计”大赛银奖（国家奖励办备案），获评2024年国家高新技术企业、国家科技型中小企业、天津市创新型中小企业、雏鹰企业等称号。获批天津市高成长初创科技型企业专项投资，参与获批了天津市智能医疗装备(医工融合智能诊疗方向)创新联合体。公司自主研发转化的“神工”谱系无创脑机接口系列产品，“脑机智能人工神经信息系统”已正式获批国家二类医疗器械注册证，这也是国内同类医疗器械产品的首张合法“身份证”。该系列产品已广泛应用于运动康复、情绪检测等领域，未来将面向医疗、科研、教育等多个应用领域，致力于实现脑机交互与人机共融的创新解决方案。“神工”谱系相关产品入选工信部和国家体育总局公示2024年度智能体育典型案例名单、中关村论坛“2024脑机接口产业创新十大案例”、中国“华瑙奖”2024年度中国脑机接口十大进展”、2023年工信部未来产业创新任务揭榜挂帅名单等多项荣誉。团队骨干成员曾参与研制我国首套无创脑机接口专用计算和采集系列芯片“脑语者”，公司与天津大学、中国电子信息产业集团合作，联合推出我国首个脑机接口领域综合性开源软件平台MetaBCI，有效填补了国内在脑机接口开源软件平台方面的空白，为先进人机交互、元宇宙等新技术以及下一代脑机融合智能提供了重要支撑。欢迎对脑机交互和人工智能技术感兴趣的小伙伴和行业精英加入我们团队，在这里，你将同顶尖的专家们一道，站在科技的最前沿，探索创新项目，解决实际问题。期待你的加入，让我们携手共创辉煌，推动脑机交互与人工智能技术的持续进步！,"https://www.zhaopin.com/jobdetail/CCL1334345750J40718144109.htm?refcode=4019&srccode=401901&preactionid=a7c1140f-c46c-45e5-b867-ab342d8bdc77"
4513,项目专员/助理,保定-竞秀区,3000-5000元·13薪,保定市安科电气有限公司,工业自动化,100-299人,,CC174836420J40873473204,1、收集项目相关的信息，包括项目进度、负责人、产品技术要求等。  2、对收集到的信息进行整理和分类，确保信息的准确性和可用性。,7月22日,安科电气有限公司位于河北省保定市，是集研发、生产、销售于一体的专业从事电力系统自动化产品经营的高新技术企业。公司聘有行业知名专家为技术顾问，并拥有一大批多年从事电力、电子信息技术研究与开发的高级技术人才，具有丰富的设计开发经验，同时与多家科研单位及大专院校有着长期、友好的合作关系，奠定了安科电气健康、快速、持续发展的坚实基础。安科电气依靠坚实的技术力量，借助中国电谷优越的发展环境，适应市场需求，努力进行科技创新，注重技术的进步与发展。公司产品广泛用于全国各级电厂、变电站以及石油、化工、冶金等大型工矿企业系统，公司与国内外知名的电力配套厂家保持着密切合作，得到了用户的一致好评。,"https://www.zhaopin.com/jobdetail/CC174836420J40873473204.htm?refcode=4019&srccode=401901&preactionid=a7c1140f-c46c-45e5-b867-ab342d8bdc77"
4514,项目专员/助理,连云港-海州区,5000-6000元,连云港连瑞税务师事务所有限公司,咨询服务,20-99人,,CC583229480J40370548713,职位描述 二、项目助理 职位描述： 1、协助团队工作、提供项目支持服务； 2、按规范底稿在规定时限内完成分配的任务，并提交给项目经理审核； 3、及时向项目经理汇报底稿完成中问题； 4、具有一定的抗压能力。 任职要求： 1、沟通能力和团队合作意识良好； 2、具有一定的抗压能力； 3、会计、审计、财务等相关专业； （通过注册会计师、税务师考试部分科目者优先）。 招聘人数：2-3人 薪金待遇： 1、实发年薪6-7万元（综合能力较好，或者具有行业从业经验者待遇可再议） 2、缴纳五险一金。 职位福利：五险一金、绩效奖金、加班补助、采暖补贴、定期团建、高温补贴、年终分红、项目奖金,7月19日,连云港连瑞税务师事务所有限公司（以下简称我们）于2000年6月15日由连云港市地税局地方税务事务所脱钩改制成立。在十八年的税务鉴证、咨询服务工作中，我们组建了专业化的税务团队，奉行“客观、公正、诚信”的服务宗旨，力求以一流的服务质量、公正的审核结果、快捷的反应速度，竭诚为客户提供税务咨询、税务筹划、税务代理以及合规性服务，帮助客户有效管控税务合规性风险。在全市，十多年来我们一直是税务咨询和风险防范服务行业的领先者。,"https://www.zhaopin.com/jobdetail/CC583229480J40370548713.htm?refcode=4019&srccode=401901&preactionid=a7c1140f-c46c-45e5-b867-ab342d8bdc77"
4515,项目经理/主管,北京-朝阳区,7000-14000元·13薪,智联招聘,"互联网,企业服务",1000-9999人,未融资,CC120019970J40505962503,岗位职责： 1、负责央国企、大型企业集团客户的落地项目，校园招聘（宣讲会、学生活动等）和企业竞聘相关的笔面试、测评等项目； 2、负责项目的全流程管理，需求沟通分析、方案制定、项目的组织统筹、执行把控等； 3、整理撰写所负责项目资料，包括：项目方案、合同、项目总结、投标文件等； 任职要求： 1、统招本科学历及以上； 2、有会务经验、落地活动、项目管理经验优先考虑； 3、对人力资源行业充满兴趣并有长期发展的想法； 4、具备良好的沟通表达能力、应变能力、项目把控及推动能力，有自驱力和主动性。,2025-07-27 00:05:40,我们等你很久啦！来吧来吧，你有必要重新认识我除了找工作想到我，你有没有想过来智联工作？作为“90”后的一员，智联成立于1994年，经历了从招聘服务商到职业发展平台，再到构建人才生态的自我成长，过程中积累了庞大的B/C端用户规模，依托成熟的3的三次方产品模型，不断在智能时代精进算法，并通过视频、语音技术在生态中的渗透不断开辟行业新业态。历经数十载专业深耕，智联招聘业务已覆盖企业和职场人的全周期，目前拥有35家分公司，3.21亿职场人用户，累计合作企业数达1176万+。感受有温度的品牌服务·网络招聘：超全面、超丰富的工作机会，更有视频直播招聘活动，足不出户，求职招聘“视频见”。·智联校园：陪伴你从青葱校园迈向专业职场，见证你的成长。·智联海外：让你和你的企业与世界接轨，international～·智联卓聘：专注中高端，优秀的企业需要优秀的人儿。·智联RPO：专属猎头定制服务，只为每个独一无二的你。·人才测评：帮你更好地了解自己，指明你的职场方向。·智联教育：前行的路上给自己“加个油”。·外包服务：一切交给我们，你只管当boss。我们能带给你：大平台工作经验，highlight你的个人履历·工作氛围超nice，能力提升UP UP UP·绩效奖金拿到手软，每一分付出都能看见回报；入职即享六险一金，每年奉上豪华体检福利，为披荆斩棘的你保驾护航·灵活的考勤规则，让工作节奏更自由·周末双休，节假日福利礼品不断；你的小确幸我们承包了·专业大咖定期培训和交流，享受独家学习资源·超嗨团建，零食投喂，冬天里的第一杯奶茶……一起开黑吧我们期待驰骋行业多年身经百战的你；初出茅庐充满干劲的你；寻求转型渴望突破的你；乐观善良，自驱创新——是你的关键词；你关注美好的世界，我们关注你的美好；让千里马和伯乐，不再千载难逢。智联招聘，更懂你的价值！智联的明天，由你创造！,"https://www.zhaopin.com/jobdetail/CC120019970J40505962503.htm?refcode=4019&srccode=401901&preactionid=a7c1140f-c46c-45e5-b867-ab342d8bdc77"
4516,项目专员/助理,杭州-拱墅区,7000-12000元,杭州芸景网络科技有限公司,"计算机软件,IT服务,互联网",20-99人,未融资,CC417460510J40935890704,1.年龄22-36，男女不限 2.学历本科及以上，专业不限 3.有一年及以上产品方面工作经验优先 4.抗压能力强，能够积极主动与上级、团队成员沟通 5.聪明好学、善于思考发现、具备分析能力、有产品思维、有责任心、逻辑能力强 6.具备业务分析能力，能够熟练撰写各类需求文档、操作手册等 【工作内容】 1、学会现有的所有医院项目及义齿软件功能 2、处理客户的售后问题，做相应的技术支持 3、根据公司现有项目，编写项目的可行性分析报告，制作相应的ppt展示 4、制作招标文件，关注并收集全国各大口腔医院项目相关的招标政策 5、负责测试工作，撰写验收报告 6、该岗位对接医院项目，需要能接受出差,7月26日,我公司是以自主研发、销售、实施、售后为一体软件公司，具有雄厚的实力与精湛的技术。公司主打产品《恒久口腔门诊智能管理系统》、《恒久义齿企业管理系统》在多个口腔医院以及大型医疗机构得到广泛应用。在短短几年的时间里，恒久软件的身影已遍布全国且成功的注册了“恒久”的软件商标。在公司全体员工的辛勤努力下，公司取得了优良的业绩，成为具有高成长性，高技术性的软件公司。公司推崇以人为本的管理理念，为员工提供了良好的工作、生活环境，更有广阔的发展空间和完善的职业规划，希望有志青年加入我们的团队。,"https://www.zhaopin.com/jobdetail/CC417460510J40935890704.htm?refcode=4019&srccode=401901&preactionid=a7c1140f-c46c-45e5-b867-ab342d8bdc77"
4517,项目专员/助理,乌鲁木齐-沙依巴克区,150-200元/天,健帆生物,"医疗设备/器械,生物工程,医疗设备/器械",1000-9999人,已上市,CC141251540J40794453403,岗位职责： 1、项目支持：协助临床试验入组工作等项目，包括资料收集与核对等；跟进相关数据录入系统，定期汇总进度并反馈异常问题。 2、日常事务协助：整理项目会议纪要、更新执行台账；协助制作项目阶段性汇报材料（数据图表、基础PPT）。 3、跨部门协作：与驻地团队对接，传递临床端需求及反馈。 4、完成领导交代的其他工作。 任职资格： 1、医学、药学、护理学、公共卫生等医疗相关专业。 2、熟练使用Office办公软件（Excel数据整理、PPT基础制作）。 3、具有良好的沟通和团队合作能力，责任心较强。 4、对临床试验流程或医疗器械行业有基础认知者优先。,7月18日,健帆生物科技集团股份有限公司（股票代码：300529）创建于1989年，总部位于粤港澳大湾区核心城市一一珠海，公司专业从事生物材料和高科技医疗器械的研发、生产及销售，是国家火炬计划重点高新技术企业，荣获“国家科技进步二等奖”“国家制造业单项冠军示范企业”“国家技术创新示范企业”“全国和谐劳动关系创建示范企业”，承担多个国家级科技和产业化项目，具备国家企业技术中心、院士工作站、博士后工作站等科研平台，是以血液净化产品作为主营业务的A股创业板上市公司，市值稳居医疗器械上市公司前列。公司生产的原研原创系列血液灌流器、血液吸附柱产品，市场占有率70%以上，广泛应用于中毒、危重症、肾病、肝病、自身免疫性疾病等领域，每年救治患者数十万，畅销全国超过8000多家大中型医院，并远销90多个国家和地区。健帆将打造独有的血液净化设备、耗材、药品及保险、慢病管理、医疗服务等多位一体的血液净化全产业链，实现集团化、品牌化、多元化发展，为成为“世界一流的高科技医疗技术企业集团”的愿景奠定坚实的基础。,"https://www.zhaopin.com/jobdetail/CC141251540J40794453403.htm?refcode=4019&srccode=401901&preactionid=a7c1140f-c46c-45e5-b867-ab342d8bdc77"
4518,项目专员/助理,上海-杨浦区,120-150元/天,上海寅艾网络科技有限公司,游戏,20-99人,,CC326668630J40219619512,1、管理公司项目进度与制作；,4月21日,INART是一家致力于游戏美术设计的公司。目前已和国内各大一线公司建立稳定合作。公司业务：角色原画、场景原画、美宣插画。合作项目均为国内知名上线产品，画师能在短时间内看到自己作品上线于游戏中。公司未来发展道路方向：专注而专精。在我司的画师每半年都有显著提升，每年两次调薪机会。是个非常有爱氛围很好的团队。每周有下午茶，每月团建，每年出国旅行~另有两只英短鼓励师在线营业~希望热爱画画的你能加入我们~公司官微：https://weibo.com/u/5951346061,"https://www.zhaopin.com/jobdetail/CC326668630J40219619512.htm?refcode=4019&srccode=401901&preactionid=a7c1140f-c46c-45e5-b867-ab342d8bdc77"
4519,项目经理/主管,长春-汽车产业开发区,4000-5000元,吉林省华阳集团有限公司,"汽车研发/制造,房地产开发,餐饮服务,货运/物流/仓储",1000-9999人,,CC147701880J40679262305,按公司综合管理体系要求对联营合作项目进行全方位管理，包括项目安全管理、分包劳务资质管理、现场施工进度管理、安全文明标准化管理、上报每月计量、工程需备案（公司存档）资料收集、沟通公司与项目各项事务。  遵守公司各项管理制度、服从公司领导。     熟悉施工现场安全管理、进度管理。,11月29日,华阳汽贸成立于1997年，历经多年的发展，现已成为吉林省最具实力的汽车销售集团——吉林省华阳集团有限公司。公司的经营范围包括：汽车品牌4S店、汽车仓储运输、汽车租赁、汽车教育、汽车进口贸易、二手车置换、建筑工程及建材生产、房地产开发等项目。公司凭借雄厚的资金实力，完善的管理体制，成功建成奔驰、奥迪、大众、红旗、宝马、丰田、马自达、北京现代、别克等系列品牌4S专营店，与华阳物流公司和汽车学院共同构成了以整车销售和汽车后市场为经营核心的雄伟蓝图。2011年，华阳集团将进一步发展房地产行业和汽车零部件生产、建筑工程及建材生产行业，最终实现建立规模经营，完成公司上市的宏伟目标。现向社会各界诚招汽车行业精英，经正式录用后公司为员工提供五险一金、年终奖金等福利待遇。,"https://www.zhaopin.com/jobdetail/CC147701880J40679262305.htm?refcode=4019&srccode=401901&preactionid=a7c1140f-c46c-45e5-b867-ab342d8bdc77"
4520,项目专员/助理,青岛-城阳区,5000-7000元,青岛浩洲柔性产品制造有限公司,"金属制品业,仪器仪表制造,电气机械/电力设备",100-299人,未融资,CC137174340J40524703106,岗位职责： 1、负责协助项目经理对项目进行日常的跟进管理，对项目研发QCD负责； 2、负责协助项目经理推进项目计划； 3、负责定期编写和输出项目所需报表。； 4、负责协助项目验收材料填写； 5、负责组织项目会的召开及结果跟踪； 6、负责完成领导安排的临时智联。 任职资格： 1、大专及以上学历，机械及模具设计相关专业，可接受应届毕业生； 2、熟练使用office软件，会使用CAD及能看懂图纸； 3、较强的沟通及抗压能力。 职位福利：缴纳五险、包吃、包住、免费班车（城阳到李沧区）、年底奖金和节日福利、绩效奖金。,7月26日,"青岛浩洲柔性产品制造有限公司（又名青岛浩洲模具有限公司）成立于2002年，是一家专门进行模具设计、制作、冲压件制造的高新技术企业。公司位于青岛城阳区青大工业园，厂区占地面积28,000平方米，注册资金5000万元。周边交通发达，距机场、码头、车站仅一步之遥，具有为广大客户提供快捷高效服务得天独厚的地理优势。公司自成立以来一直秉承为客户创造价值的经营理念，从汽车SE分析，冲压模具、夹具、检具等工装设备的设计制作及焊接总成件的生产制造开始，现有业务已扩展至轨道交通、航空设备的设计制造及新材料应用领域。公司主要客户有国内一汽，二汽，上汽，长安，北汽，奇瑞，江铃等国内一、二线汽车品牌公司，中国铁路总公司、中国南车集团、中国北车集团等轨道交通品牌公司。公司拥有台湾永钜2442A亚威40253021等高精度数控龙门立铣设备9台，五轴激光线切割设备4台，1600吨油压设备5台，各种铣、磨、机、钻设备齐全。公司采用3D实体设计方式，CAD直接建立DIE、FACE、CAM配合高精度数控铣，全面推动MODEL、LESS制作方式，为目前国内最大的汽车覆盖件试制模具制造企业。","https://www.zhaopin.com/jobdetail/CC137174340J40524703106.htm?refcode=4019&srccode=401901&preactionid=a7c1140f-c46c-45e5-b867-ab342d8bdc77"
4521,项目专员/助理,上海-静安区,6000-8000元,上海瀚文电力工程设计有限公司,"电力/水利/热力/燃气,电力/水利/热力/燃气",20人以下,未融资,CC325051330J40574836911,岗位要求：  1、协助项目经理管理施工现场,7月4日,上海瀚文电力工程设计有限公司是一家专业从事输变电工程的勘测设计、项目管理技术咨询的新型企业。公司拥有电力行业专业（送电、变电）工程设计丙级资质。主要承接110kV及以下电压等级的送电和变电工程设计、电力技术咨询等业务。目前在上海电力市场，公司在110kV及以下电压等级的变电站工程设计和咨询、输电线路工程设计和咨询、光缆工程设计、电缆工程设计、配电设计等专业领域均已建立了良好的信誉。公司专业齐全，短时间内已凝聚了一批长期从事电力工程设计的各类专业人士，公司在110kV及以下的输变电工程、配网电力工程的设计上具有核心竞争力。公司自成立以来，一直不断加强自身的市场竞争能力，积极以市场为导向，以顾客需求为出发点，为顾客提供优质的服务，并将持续开拓进取、不断提升自我业务水平作为服务电业及电力用户的永恒主题。,"https://www.zhaopin.com/jobdetail/CC325051330J40574836911.htm?refcode=4019&srccode=401901&preactionid=a7c1140f-c46c-45e5-b867-ab342d8bdc77"
4522,项目专员/助理,北京-朝阳区,120-150元/天,北京中教资联信息技术有限公司,"培训/辅导服务,学校/学历教育,培训/辅导服务,学术/科研",100-299人,天使轮,CC348842530J40751377310,在教育行业崭露头角，积累实战经验？机会来啦！ 北京中教资联信息技术有限公司，依托教育部背景，深耕 K12 教育领域，现面向在校学生开放业务项目助理实习生岗位，诚邀充满热情与创造力的你加入！​ 岗位职责​ 赛事运营小能手：协助推进教育部白名单中国芯大赛、航天大赛，从选手报名、赛程安排到赛事数据整理，全流程参与，深度了解国家级赛事运作逻辑。​ 研学协作先锋：配合与北京化工大学合作的科技研学项目，参与课程资料筹备、活动执行跟进，与高校科研团队近距离接触，感受科技研学魅力。​ AI 教育助力者：辅助与海淀国资委全资子公司海信智能科技、上海外国语大学附属外国语学校共同研发的人工智能课程项目，参与资料收集、市场调研等工作，紧跟教育科技前沿趋势。​ 日常事务支持：协助完成会议筹备、文件整理、数据统计等行政事务，锻炼多任务处理与沟通协调能力。​ 我们期待这样的你​ 专业不限，教育、计算机、市场营销等相关专业优先，对教育行业有浓厚兴趣；​ 熟练使用 Office 办公软件，具备良好的数据处理与文案撰写能力；​ 责任心强，做事细致认真，具备较强的学习能力与团队协作精神；​ 每周可实习 3 - 5 天，持续 3 - 6 个月，能保证稳定的实习时间。​ 你将获得​ 高起点实践平台：接触教育部白名单赛事、高校合作研学项目等国家级教育资源，积累行业顶级项目经验；​ 快速成长通道：资深项目经理一对一指导，从基础事务到核心工作，全方位提升项目管理、沟通协调等综合能力；​ 行业人脉积累：与教育专家、高校学者、企业精英共事，拓展职业人脉圈；​ 实习福利：提供具有竞争力的实习补贴，表现优异者可获实习证明及转正优先录取机会。,5月26日,北京中教资联信息技术有限公司（未来学校研究院）是由教育部学校规划建设发展中心主管，主要服务规划中心“未来学校研究与实验计划”专业化、集团化的平台。未来学校研究院将以研究和实验项目为依托，逐步形成基础教育领域创新性解决方案、技术、软件、课程和咨询服务的交易中心与能力建设中心。未来学校研究院将：1.承担规划中心委托的未来学校研究与实验计划的研究任务，根据计划自主开展相关研究和重大课题管理。2.在规划中心指导下承担未来学校研究与实验计划专家团队建设。3.以平台化思维整合各方资源和力量，提供基础教育领域未来学校建设落地性解决方案（整包或分段），并承担重大实验项目。4.围绕未来学校建设需要，组织开展成果展览展示、相关培训、咨询服务、宣传推广等工作。公司网址：www.edu2035.cn办公地址：亦庄移动硅谷创新中心四层简历投递邮箱：hr-zhaopin@wlxxedu.com,"https://www.zhaopin.com/jobdetail/CC348842530J40751377310.htm?refcode=4019&srccode=401901&preactionid=a7c1140f-c46c-45e5-b867-ab342d8bdc77"
4523,项目专员/助理,苏州-吴中区,6000-8000元,湖州华卓自动化设备有限公司,"专用设备制造,工业自动化,机器人,通用设备制造",100-299人,不需要融资,CCL1463729820J40756536201,1.负责跟进项目的资料整理、和客户端的跟进事项:与客户保持在技术、进度、人力等方面持续沟通，把握客户要求。 2.负责与公司内部的沟通协调，包括方案，改造售后问题点，交期等。 3.汇总项目实施中各阶段异常与突发状况，协调内部部门分析解决。 4.客诉处理； 5.完成公司交办的其他工作任务。 任职要求: 1.大专以上学历，机械相关专业优先， 2.工作细致，有时间观念，具有较强的沟通能力抗压性强。 3.有机械类项目跟进经验者优先； 4.需要有机械自动化设备行业相关经验，没有相关经验请勿投，谢谢,7月17日,苏州华卓自动化设备公司创于 2012年，以生产自动化设备为主，专业致力于塑料制品焊接设备、包覆设备、机器人自动化集成线体的研发生产，全面发展各行业领域的非标设备，主营领域：汽车行业、家电行业、电子行业、医疗行业等；华卓销售、售后网络覆盖全国主要城市和国外部分市场，是集研发、生产、销售、售后一体的科技型公司。公司注重诚信体系建设和品牌建设，先后获得“全国质量诚信优秀企业”、“中国著名品牌”、“中国自动化行业十佳品牌”等荣誉称号，凭着严格的质量管理、良好的信用、优良的售后跟踪服务，先后通过了 ISO9001:2015国际质量管理体系认证和 OHSAS1001:2007职业健康安全管理体系认证，2018年在江苏股权交易中心成功挂牌；2020年被国家认定为“高新技术企业”。湖州华卓自动化设备有限公司注册于2021年，继苏州华卓之后为扩大效益和产能，将生产、研发基地坐落于湖州。随着两年多的发展，湖州华卓业务不断扩大，公司经营发展蓬勃，为更多的客户不断提供优质的产品和服务，加入华卓让我们一起为未来高歌前行。,"https://www.zhaopin.com/jobdetail/CCL1463729820J40756536201.htm?refcode=4019&srccode=401901&preactionid=a7c1140f-c46c-45e5-b867-ab342d8bdc77"
4524,项目经理/主管,北京-海淀区,1-1.2万,北京市化工职业病防治院,"卫生服务,卫生服务",100-299人,未融资,CC625781320J40732630805,1.负责安全、职业健康、环境咨询等技术服务业务宣传计划制定与实施；负责业务市场开发、投标报价、合同洽谈、合同签订等工作；负责市场行业信息、客户群体信息搜集、调研与市场预测；负责维系合作方、客户方良好关系，获取资源并进行业务推广；负责项目实施进度监管、回款及客户意见反馈；完成项目相关协调配合工作。  2.限安全工程、环境工程、 公共卫生与预防医学、劳动卫生与环境卫生学、管理科学与工程等专业,2月10日,北京市化工职业病防治院是北京市唯一的二级甲等职业病专科医院、北京市基本医疗保险和工伤（职业病）保险定点医疗机构和海淀区新农合定点医院。我院始建于1973年，占地面积21767 m2，建筑面积21572 m2，属于北京市财政差额拨款、非营利性、独立法人的事业单位。我院的职业卫生技术服务内容覆盖了职业病防治的一、二、三级预防，从前期预防到劳动过程中职业病危害因素的检测、职业卫生评价、安评；职业健康检查；职业病的诊治等全过程。同时，还为用人单位和工人提供了职业病防治咨询、策划和培训等服务。2014年我院加挂了“北京市职业病防治研究院”牌子，2015年博士后科研工作站授牌成立。2015年又分别被列入国家级职业病危害防治专业技术人才培养基地和北京市职业病危害防治专业技术人才培养基地。我院的职业卫生技术服务区域遍及北京、天津、河北、内蒙古、山西、黑龙江、吉林、辽宁、山西等28个省市自治区。在北京地区，更是达到了海淀、朝阳、东城等16个区县的全覆盖。除了在全国范围内对我国产业工人进行全方位的职业卫生服务外，还承担职业卫生科研工作和行业人才输送职能。,"https://www.zhaopin.com/jobdetail/CC625781320J40732630805.htm?refcode=4019&srccode=401901&preactionid=a7c1140f-c46c-45e5-b867-ab342d8bdc77"
4525,项目专员/助理,池州-贵池区,8000-10000元,安徽省交控工业化建造有限公司,工程施工,100-299人,未融资,CC803548120J40788157812,一、岗位要求 1.统招本科及以上学历，工程类、机电类、建筑类、造价类、检测类、安全类专业； 2.30周岁以下。 二、工作地点：安徽省内,7月22日,安徽省交控工业化建造有限公司(以下简称“公司”）由安徽交控工程集团和安徽省交通规划设计研究总院于2018年5月共同出资成立，注册资本金1亿元（交控工程集团占股61%，设计总院占股39%），是一家以研发、制造、加工、安装、销售装配式混凝土预制构件和钢结构产品为主的智能制造型企业，是安徽交控集团工业化建造科技成果转化平台，也是交通运输部交通基础设施智能制造技术研发中心成员单位之一。公司设综合部、财务部、经营管理部、工程管理部、安全生产部、物资设备部和科技信息部等7个职能部门，下设前江基地和若干项目部，现有员工73人。公司成功自主研发桥面板、轻型T梁等2套智能化、标准化生产线，较传统工艺，生产效率极大提高，人工成本有效节约，推进土地资源集约利用。目前主要生产轻型T梁、桥面板、箱梁、圆管涵、箱拱涵等各类预制构件，以及钢板梁、钢箱梁等钢结构产品。2023年公司被成功认定为“池州市企业技术中心”“池州市企业研发中心”。公司目前下设一座永久性生产基地，并结合业务发展需要，在宣城、桐城、涡阳等地设有3座临时预制厂。目前公司主要承接了宣泾、广宣改扩建、天天、合徐南等高速混凝土预制以及芜宣、合周高速寿颖段、怀宁西、司巷互通等高速钢结构加工制造业务。前江基地位于池州高新区前江产业园内，占地262.4亩，分两期建设，其中一期已经建成投产，2条智能化预制构件生产线和2条钢结构产品加工生产线，具备生产加工各类砼预制构件和钢结构产品，实现交通领域工业化建造产品全覆盖，是国内极少具备钢砼两种业态组合生产的现代化综合性基地。2023年，前江基地混凝土预制构件车间被认定为“省级数字化车间”。未来，公司将进一步提高产品的设计、生产、安装和管理水平，积极探索多元化的产品结构，逐步进入市政、建筑、水利、轨道交通等领域市场。,"https://www.zhaopin.com/jobdetail/CC803548120J40788157812.htm?refcode=4019&srccode=401901&preactionid=a7c1140f-c46c-45e5-b867-ab342d8bdc77"
4526,项目专员/助理,广州-越秀区,7000-9000元,广州律吕企业管理咨询有限公司,咨询服务,20-99人,不需要融资,CC527477330J40796949105,招聘岗位：政务专员助理（1人）   工作地点： 广州市越秀区东山广场（地铁庄站E出口步行3分钟）       【岗位职责】   1.撰写各类公文、公文核稿、会议纪要整理；   2.参与专项任务推进，确保高效执行与反馈；   3.其他综合支持类工作。       【任职要求】   一、硬性条件：   1.学历：本科及以上学历（硕士优先），专业不限；   2.经验：有机关、国企、大型企业背景者优先；   3.年龄：30周岁以下；   4.技能：精通Word、Excel、PPT、XMind等办公软件操作，擅长公文写作。   二、核心素质：   1.工作认真，勤奋好学，善于总结优化，具备独立解决问题能力；   2.思维逻辑清晰，具备良好的团队协作意识与较强的沟通能力；   4.要求长期稳定，责任心强，踏实肯干。       【福利待遇】   基础保障：五险一金+带薪年假 薪酬激励：工资+奖金（能力优秀者薪资可面议） 成长体系： 专业公文写作培训+PPT制作培训+机关礼仪指导+晋升通道 生活关怀：工作日免费午餐+晚餐（至少5菜1汤/糖水营养搭配）；舒适办公环境+轻松团队氛围；不定期团建活动、下午茶、节日福利、生日福利、年度体检。       【工作时间】   周一至周五：9:00-11:50，14:15-18:30（午休2.25小时，公司可提供午休床） 周末双休，严格遵循国家节假日安排       【面试流程】   初筛：通过初筛后发出《应聘人员登记表》到应聘者邮箱，在2个工作日内完成填写并发回，公司收到后查阅并将尽快以邮件形式回复反馈结果；   线上初试：通过初筛会联系应聘者线上面试，了解基本情况与岗位匹配度；   线下复试：通过线上初试会联系应聘者线下面试，内容以笔试（公文写作/核稿）+结构化面试为主，以及进一步了解；   录用通知：3个工作日内反馈结果。 ,7月25日,●基本情况：广州律吕企业管理咨询有限公司成立于2017年，致力于打造服务政府的高端智库，深耕政务咨询领域八年，核心产品主要包括产业政策咨询、政策申报代理、校外培训行业治理、产业发展研究、研学业务等。●团队介绍：核心成员毕业于浙江大学、中山大学、四川大学、华南理工大学等院校，团队成员近30人；智库专家规模超过100名，以985院校教授和行业精英为主力。●主要客户：广东省教育厅、广州市教育局、佛山市教育局等。,"https://www.zhaopin.com/jobdetail/CC527477330J40796949105.htm?refcode=4019&srccode=401901&preactionid=a7c1140f-c46c-45e5-b867-ab342d8bdc77"
4527,项目经理/主管,青岛-李沧区,1.2-1.8万,青岛助安云科技有限公司,"企业服务,企业服务,电子商务,互联网",20-99人,未融资,CCL1261286390J40685673206,项目经理 岗位内容： 1. 负责项目从立项到验收的全过程管理，确保项目按时交付、质量达标； 2. 制定项目计划和预算，并监督执行情况，及时解决项目中出现的问题； 3. 协调内部各部门资源，确保项目进度和质量； 4. 与客户沟通协调，及时反馈项目进展和问题。 任职要求： 1. 具备3年以上项目管理经验，能独立承担项目管理任务； 2. 熟悉项目管理流程和项目管理工具； 3. 拥有良好的沟通、协调能力和团队合作精神； 4. 大专及以上学历，相关专业优先考虑。,7月18日,青岛助安云科技有限公司,"https://www.zhaopin.com/jobdetail/CCL1261286390J40685673206.htm?refcode=4019&srccode=401901&preactionid=a7c1140f-c46c-45e5-b867-ab342d8bdc77"
4528,项目专员/助理,临夏-临夏市,3000-5000元,中健奥诺(天津)医学检验有限公司,"医药制造,医疗设备/器械",20人以下,不需要融资,CCL1467566280J40711199914,SPD项目相关的合同、协议的整理归档工作，项目落实情况的进度跟踪.  负责销售品种的正常备货及出货，合理控制库存数量,7月25日,中健奥诺（天津）医学检验有限公司成立于2023年01月06日经营范围包括许可项目：医疗服务；第三类医疗器械经营。（依法须经批准的项目，经相关部门批准后方可开展经营活动，具体经营项目以相关部门批准文件或许可证件为准）一般项目：第二类医疗器械销售；技术服务、技术开发、技术咨询、技术交流、技术转让、技术推广；第一类医疗器械销售；个人卫生用品销售；卫生用品和一次性使用医疗用品销售；消毒剂销售（不含危险化学品）；环保咨询服务；医护人员防护用品批发；医护人员防护用品零售；日用品销售；通用设备修理；专用设备修理；货物进出口；技术进出口。（除依法须经批准的项目外，凭营业执照依法自主开展经营活动）收起河北伟格生物科技有限公司成立于2021年05月20日，注册资金3000万元。企业办公地址位于河北省石家庄市新华区柏林南路120号铂领商务楼，办公区域面积约为600㎡，生产车间位于河北省石家庄市新华区生产面积约260平米。仓库及实验室位于石家庄市栾城区，其中仓储面积约1700㎡，实验室面积约700㎡。后期会迁址到石家庄市新华区中华北大街与学府路交叉口，占地面积约30亩，建筑面积约15000-20000㎡。伟格生物专注病理诊断产品的研发、生产与服务，拥有一支由生物学、医学、临床检验学、分析化学等学科高级技术人员组成的研发团队。通过自主创新及与国际病理诊断领域的一流企业合作，伟格生物形成了多种病理免疫组织化学试剂产品。公司多年致力于产业，切实推进与各大企业、厂家的合作，用产业化发展的思路服务于社会和广大用户。公司秉承“顾客至上，锐意进取”的经营理念，坚持“客户第一”原则为广大客户提供优质的服务。,"https://www.zhaopin.com/jobdetail/CCL1467566280J40711199914.htm?refcode=4019&srccode=401901&preactionid=a7c1140f-c46c-45e5-b867-ab342d8bdc77"
4529,项目经理/主管,宜宾-叙州区,1-1.5万,宜宾人才发展集团有限公司,人力资源服务,20-99人,不需要融资,CCL1459647910J40870848015,工作职责 1.负责实施融资租赁市场开拓，营销和储备项目；  2.负责项目调查，收集项目相关资料，形成项目调查报告等资料，并完成项目上报、审批和投放等工作；  3.负责持续跟踪租后客户生产经营情况、租赁物状况以及抵质押措施等情况，分析评估客户偿还本息能力；  4.负责加强项目回款管理，提示客户租金、咨询费及其他款项；  5.负责维护客户关系，及时了解客户融资租赁需求，为客户提供专业咨询服务和融资租赁方案；  6.负责租赁行业研究和租赁产品设计创新，为公司业务发展提出合理化建议；  7.完成领导交办的其它工作。 任职资格 1.年龄35周岁及以下；  2.硕士研究生及以上学历；  3.专业：本科：经济学、金融学、财务管理、会计学、化学工程与工艺、新能源科学与工程、新能源材料与器件、机械设计制造及其自动化等经济学类、金融学类、能源动力类、机械类、材料类、化工与制药类专业；  硕士：0101哲学、0201理论经济学、0202应用经济学、0251金融、0252应用统计、0253税务、0254国际商务、0255保险、0256资产评估、0258数字经济、0301法学、0302政治学、0303社会学、0304民族学、0305马克思主义理论、0307中共党史党建学、0308纪检监察学、0351法律、0352社会工作、0354知识产权、0401教育学、0402心理学、0453国际中文教育、0454应用心理、0501中国语言文学、0503新闻传播学、0552新闻与传播、0701数学、0702物理学、0703化学、0705地理学、0709地质学、0710生物学、0714统计学、0801力学、0802机械工程、0803光学工程、0804仪器科学与技术、0805材料科学与工程、0806冶金学、0807动力工程及工程热物理、0808电气工程、0809电子科学与技术、0810信息与通信工程、0811控制科学与工程、0812计算机科学与技术、0814土木工程、0815水利工程、0816测绘科学与技术、0817化学工程与技术、0819矿业工程、0820石油与天然气工程、0822纺织科学与工程、0823交通运输工程、0830环境科学与工程、0831生物医学工程、0835软件工程、0837安全科学与工程、0839网络空间安全、0854电子信息、0855机械、0856材料与化工、0857资源与环境、0858能源动力、0860生物与医药、0861交通运输、0951农业、1201管理科学与工程、1202工商管理学、1203农林经济管理、1204公共管理学、1205信息资源管理、1251工商管理、1252公共管理、1253会计、1254旅游管理、1255图书情报、1256工程管理、1257审计、1401集成电路科学与工程、1404遥感科学与技术、1405智能科学与技术、1406纳米科学与工程等相关专业；  4.具有一定的文字功底和较强的专业分析能力，能独立进行租赁项目的业务尽调；  5.具有较强的学习、沟通、协调、承压能力和较强的客户服务意识；  6.具备良好的职业道德、较强的工作责任心和良好的团队协作精神；  7.具有本地丰富金融客户资源和客户关系；  8.能接受成都、宜宾两地工作；  9.具有1年及以上金融、动力电池、光伏、储能等相关行业工作经验优先；  10.具有1年及以上融资租赁公司工作经验者、中级经济师及以上职称、中级会计师及以上职称、CPA、CFA、ACCA证者学历可放宽至本科。,2025年07月30日,宜宾人才发展集团有限公司（简称“公司”）成立于2022年12月，是市委市政府实施“科教兴市、人才强市”战略的市场化抓手。公司由宜宾发展控股集团有限公司和上海外服（集团）有限公司共同出资成立，通过资源整合、资本运作、产业链接等市场化运作方式，联通“人才+服务+资本+产业”，提供“一蓝一绿”产业人才公共服务、打造人才生态链，公司的主要使命是建设产业人才共性平台和人力资源共享服务中心，以国资国企的担当服务城市人才发展。公司聚焦宜宾建设现代化区域中心城市和重要人才中心目标，秉承“服务人才，赋能产业，让社会更温暖”的理念，形成以市场化的招聘用工服务、管理咨询服务、人才发展服务和政府赋能的产业用工服务、产业技能人才培养、灵活用工服务的业务产品体系。致力于打造宜宾市人才的蓄水池、链接器、转化器、服务器，为宜宾建设现代化区域中心城市提供坚强人才支撑和智力保证。,"https://www.zhaopin.com/jobdetail/CCL1459647910J40870848015.htm?refcode=4019&srccode=401901&preactionid=a7c1140f-c46c-45e5-b867-ab342d8bdc77"
4530,项目专员/助理,合肥-包河区,6000-10000元,安徽悟远律师事务所,互联网,20-99人,未融资,CC686481980J40755705801,任职资格： 1、专业不限 2、需具备出色的沟通穿透力：既能快速理解不同对象（客户 / 候选人 / 跨部门同事）的核心诉求，用对方易接受的方式传递信息；面对突发沟通卡点（如异议、误解、临时需求变更），能迅速调整表达策略，灵活化解矛盾，推动事项高效推进。” 3、有一定的工作经验； 工作时间：夏令时：9:00-12：00-13：30-18:30，单双休，法休   职位福利：节日福利、五险一金、全勤奖、带薪年假、员工旅游、团建聚餐等 综合薪资6k-10k,7月22日,悟远”取“悟之深、道之远”之意。安徽悟远律师事务所有别于传统律所的业务多元化，木枫律师事务所整合自身优势，专注于建筑建材行业，以专业优势、产品优势和团队优势为核心竞争力，为建筑建材企业提供专业法律服务和专项风险应对及管控，从企业合同签订、风险管控，到企业合同债款清收，为企业引领航向、规避风险。我们愿为广大建材商提供常态、长效的风险管控服务，为企业和行业的良性运营保驾护航。,"https://www.zhaopin.com/jobdetail/CC686481980J40755705801.htm?refcode=4019&srccode=401901&preactionid=a7c1140f-c46c-45e5-b867-ab342d8bdc77"
4531,项目经理/主管,北京-石景山区,8000-12000元·13薪,北京伊泰克电子有限公司,电子/半导体/集成电路,20-99人,未融资,CC143336130J40818561108,岗位职责： 1、负责半导体设备项目的整体规划与执行，确保项目按计划推进，落实并至执行。 2、协调跨部门团队资源，解决项目实施过程中的问题，保障项目顺利推进； 3、按项目要求，监控项目成本、进度和质量，参与项目风险管理，制定应急计划以应对潜在挑战； 4、负责设备出口的全流程销售操作，包括客户日常维护及沟通、订单跟踪、合同审核，合同交付等各环节的业务。 5、项目结束后，组织各部门按照公司流程进行项目复盘，流程迭代等相关文件整理输出工作。 任职要求： 1、英语听说读写流利，能够处理国际项目相关事宜； 2、熟悉半导体行业及项目管理流程，有相关行业背景者优先； 3、拥有较强的分析能力，能够针对项目数据做出准确判断与决策； 4、能够承受压力，适应快节奏的工作环境，具备解决问题的能力； 5、具备出色的组织能力和沟通技巧，能够有效管理团队和利益相关者。,6月27日,北京伊泰克电子有限公司成立于2001年2月，是一家集集成电路设计、封装测试、成品销售为一体的高技术企业。经过多年的发展，伊泰克电子有限公司凭借高性价比的集成电路产品，诚实可信的经营作风和专业化的服务，在众多竞争对手中脱颖而出，成功树立了伊泰克电子的品牌形象，在电源类产品的销售上跃居业内前茅。随着业务的逐步拓展，公司于2009年又注册成立了深圳市伊泰克微电子有限公司。公司与俄罗斯及白俄罗斯多家大型集成电路制造企业保持了10多年的密切合作关系，共同开发生产用户需求的集成电路产品，高性价比使其在业内取得了良好的口碑并批量销往德国，韩国，马来西亚等地，产品质量得到高端客户的认可。目前公司的电源类产品在国内市场已经占领了相当的份额，是国内主要的电源芯片供货商之一。随着成品销售的快速发展，公司于2010年在四川遂宁微电子产业开发园投资成立了“四川明泰电子科技有限公司”，从事集成电路封装与测试及相关辅助服务。项目总投资2亿元人民币，厂房面积6000平方米。明泰电子科技有限公司采用目前世界上先进的封装设备和工艺，生产DIP、SOP、TSOP等高端产品，它将成为我国西南地区设备先进产能最大的封装工厂之一，被列为四川省重点高新技术企业。同时，伊泰克与国内集成电路高端设计企业，集成电路材料供应商，集成电路代工厂的投资与合作也在紧锣密鼓，有条不紊的顺利展开。10年磨一剑！展望下一个10年，伊泰克将采取更加务实和开拓进取的精神，努力发展成为国内集成电路的引领企业。“山就在那里”，纵然一路崎岖坎坷，我们将努力攀登下一个巅峰！,"https://www.zhaopin.com/jobdetail/CC143336130J40818561108.htm?refcode=4019&srccode=401901&preactionid=a7c1140f-c46c-45e5-b867-ab342d8bdc77"
4532,项目专员/助理,广州-南沙区,4000-8000元,广州市香港科大霍英东研究院,"学术/科研,学术/科研",100-299人,不需要融资,CC191140110J40879752504,工作职责  1、协助执行日常采购流程、整理采购报销；   2、协助与项目研发协调所需的新供应商开发，收集和调研市场、产品、供应商信息；   3、执行与项目研发相关的打样、试制相关采购任务；   4、跟进供应商订单生产进度、产品质量、入库检验等流程。   5、跟进采购后售后保修问题；   6、资料整理归档：供应商资料、产品资料、采购合同、验收清单、到货清单等资料；   7、其他相关支持辅助工作。   任职要求   1、本科学历，物流管理、供应链管理等相关专业优先，有一定硬件基础知识优先。   2、有采购或生产助理经验优先，应届毕业生亦可，不接受实习生。   3、熟练使用Office办公软件，具备良好的数据分析能力和沟通协调能力。   4、英语至少四级水平，能阅读英文说明书或产品资料。   5、细心认真，责任心强，能够承受一定的工作压力，具备团队合作精神和解决问题的能力。   6、遵纪守法，有较高道德底线。,3月10日,"广州市香港科大霍英东研究院（以下简称“研究院”）是香港科技大学面向内地最重要的创新技术研发和技术成果转化平台。研究院是在香港爱国爱港知名人士、“改革开放先锋”霍英东先生的倡议下，由霍英东基金会捐资兴建，于 2007年1月正式落户粤港澳大湾区的几何中心广州南沙，是广州市首家香港背景科研机构。研究院以穗港科技合作枢纽、原始创新与商用技术的桥梁以及大湾区青年科技创新创业基地为发展定位，依托香港科技大学的科研及教育优势，以科技创新为核心驱动，致力于粤港深度合作下的应用科技研发与成果转化。研究院是广东省首批新型研发机构，建设有科技部国际科技合作基地、粤港澳（国际）青年创新工场、广东省院士工作站、广东省博士工作站、广州市博士后创新实践基地、国家超级计算广州中心南沙分中心等平台。研究院大楼面积逾31,000平方米，设有28个干/湿研究实验室，配套中央研发设施及共享实验平台，目前已投入超过人民币6,000万元配置研发设备，拥有气相色谱/串联质谱联用仪、三维光学扫描数字化仪、离子色谱仪、Flex荧光定量PCR仪、扫描电迁移率颗粒粒径分析仪等高端实验设备。研究院重点布局新一代信息技术、智能制造、新材料、节能环保与新能源以及可持续发展与碳中和领域的技术研发和成果转化工作，已先后获批组建多个广东省工程技术研究中心。累计获得各级各类科研项目共九百一十余项，其中政府科研项目三百六十余项，商业科研与技术服务项目五百五十余项，带动科研项目总投资超过16亿元，为超过300家国内外知名企业、高校及科研院所等提供关键技术攻坚和技术优化升级服务，积累了丰富的产学研合作成功经验。在芯片封装可靠性分析、面向大场景元宇宙的高效渲染引擎、多模式融合室内精准定位与导航、高精度注塑产线协同控制系统、吸附式制冷系统、环保材料、重金属废水深度处理等领域开展创新技术研发和科技成果产业化，荣获广东省科学技术一等奖1项，广东省科学技术二等奖1项，各类行业领域奖励13项。研究院现有人员约200人，其中研发人员占比约68%；硕士及以上学历人员比例超过50%，境外人才占比约26%；引进国家重大人才工程入选者4人，培养广东省珠江人才等省级高层次人才3人、广州市创新领军人才等市级高层次人才4人、南沙区高端领军人才8人；累计联合培养博士后38人。自建院以来，研究院立足南沙、协同港澳，秉承“引进来走出去”的理念开展工作。已有超过90位香港及境外教授的团队依托研究院开展面向大湾区的科技研发和成果转化工作，承担包括国家级和省级的科研项目，切实推动港澳科研成果落地南沙，生根发芽。研究院作为国家超级计算广州中心南沙分中心的运营单位，将国家重大科技资源辐射至港澳及海外，已为港澳及海外两百多个科研用户团队提供超过2.4亿核时的超级算力，帮助工业设计制造、新能源新材料、生物医疗健康、大气海洋环境等多个领域的超算科研用户加快产出优秀科研成果的步伐。研究院运营管理的粤港澳（国际）青年创新工场，是广东省首批粤港澳大湾区港澳青年创新创业基地，粤港两地政府互认共建的青年创新创业基地。创新工场着力打造南沙面向大湾区青年科创孵化的核心载体和人才聚集地。累计引入初创项目过百个，其中在孵科创团队与项目六十余个，港澳台及国际团队与项目超过50%，涵盖新一代信息技术、智能制造、微电子、生物医药大健康、新材料和新能源技术等多个科技创新创业领域。当前，研究院结合《广州南沙深化面向世界的粤港澳全面合作总体方案》的战略部署要求，推动香港科技大学科创成果内地转移转化总部基地建设，依托香港科技大学（广州）、香港科技大学建设运营香港科技大学科技园，打造全国首家具有突出粤港深度融合特色的大学科技园，为港科大和港科大（广州）创新创业资源在广州南沙集聚贡献力量。研究院主动融入国家和大湾区科技创新发展大局，以科技创新驱动高质量发展为目标。结合自身发展定位，研究院立足南沙、协同港澳、面向世界，助力广州南沙打造国家重大战略性平台。在粤港两地科创合作与成果转化方面取得卓越成绩的基础上，不断向大湾区释放科创发展新活力。","https://www.zhaopin.com/jobdetail/CC191140110J40879752504.htm?refcode=4019&srccode=401901&preactionid=a7c1140f-c46c-45e5-b867-ab342d8bdc77"
4533,项目专员/助理,肇庆-端州区,5000-10000元·13薪,河南瞿麦信息科技有限公司,"人工智能,互联网,电子商务,人工智能",500-999人,天使轮,CCL1503024580J40735968016,岗位内容： 1. 协助项目经理做好日常工作，包括项目计划的制定、监控和调整； 2. 收集、记录和整理项目信息和数据，并准确地撰写相关报告和文件； 3. 与项目组成员保持有效的沟通和协调，协助解决问题和推进工作； 4. 协助组织和安排项目会议和培训活动； 5. 督促和跟踪现场工作进展和质量，并及时反馈相关情况。,7月25日,瞿麦信息科技公司自成立以来，在信息技术领域稳步前行，留下了一系列坚实的发展足迹。瞿麦信息科技有限公司于 2018年 4月 5日正式成立，所处行业为其他商务服务业。在成立初期，公司便积极布局业务范围，涵盖了软件开发，以及技术服务、开发、咨询、交流、转让、推广等多方面的技术业务，为后续发展奠定技术基础。等多个行业，展现出多元化的业务发展方向。在公司成立后的发展进程中，不断通过行政许可拓展业务边界。例如，在相关业务的开展过程中，依法依规取得了多项行政许可，确保各项业务在合法合规的框架内顺利推进，逐步积累行业资源和市场口碑。虽然在公开资料中暂未获取到其在特定技术研发突破、重大市场拓展项目等方面的详细信息，但从其业务范围的持续拓展和维持良好的存续状态来看，公司在信息技术及相关多元领域持续探索前行，努力在市场中找准定位，不断完善自身业务体系，提升综合竞争力，为未来的进一步发展壮大积蓄力量。,"https://www.zhaopin.com/jobdetail/CCL1503024580J40735968016.htm?refcode=4019&srccode=401901&preactionid=a7c1140f-c46c-45e5-b867-ab342d8bdc77"
4534,项目专员/助理,南京-浦口区,5000-7000元·13薪,南京蓝人电力科技有限公司,"计算机软件,电子/半导体/集成电路,计算机软件",20-99人,未融资,CC537424680J40714788016,"岗位职责： 1、跟踪项目出差人员每日打卡情况：确保部门出差人员按时打卡问题。 2、撰写部门奖惩文件：根据部门规定，整理和撰写相关的奖惩文件。 3、定期抽取部门工程人员的客户回访单：收集并分析客户反馈，提升服务质量。 4、物料设备的调试：负责物料设备的调试工作，确保设备正常运行。 5、审核部门服务人员的报销单：检查报销单据的合理性与合规性。 6、完成项目经理及上级主管交代的的其他相关工作； 任职要求： 1、25岁～30岁，专科以上学历，电气、计算机相关专业，一年以上工作经验，家住公司附近优先； 2、熟练使用WORD、EXCEL、POWERPOINT等常用办公软件； 3、具有较强的沟通、理解能力，具有清晰准确的语言表达能力； 4、工作细致踏实，有责任感； 5、自主独立完成各项工作任务，有良好的协作能力，配合项目经理顺利完成各项工作内容。 福利： （1）入职当月即签订劳动合同，缴纳六险一金； （2）工作餐补贴、交通补贴/住房补贴、高温补贴,节日福利、团队旅游、健康体检、年终奖等: （3）工作时间:9:00-17:30、双休:享受法定节假日。",5月21日,南京蓝人电力科技有限公司（简称蓝人科技），成立于2016年1月，座落于南京国家级高新技术开发区，是国家级高新技术企业、江苏省民营高科技企业。近年来蓝人科技依托自主开发与产学研合作，在科技成果转化中取得一系列新技术、新产品，已成为电力行业集研发、设计、销售、服务于一体的高科技企业。蓝人科技主营业务电力系统自动化、工业控制自动化、新能源、云平台、电力工程施工等方向，产品涉及变电站综合自动化、发电厂综合自动化、企业级调度自动化、新能源、综合能源管理、智能检修运维等领域，获得多项发明及实用新型专利，可以为客户提供设计、开发、检修、运维等服务。蓝人科技坚信在全球能源互联网的大背景下，电力和互联网的有机融合可以让电力的流动更加合理、能实现能源供需的动态平衡，从而大幅降低全社会的能源成本；云技术能让专业的电力调度和监控软件为众多的企业用户共享，从而降低用户在这方面的软件、硬件及其运维成本；云+专业电力运维检修队伍，可以让用户提前感知故障并及时处理，及时止损；蓝人科技秉承“精诚实干互惠共赢”的企业理念，与各界朋友一起电力更加美好、让生活更加美好！,"https://www.zhaopin.com/jobdetail/CC537424680J40714788016.htm?refcode=4019&srccode=401901&preactionid=a7c1140f-c46c-45e5-b867-ab342d8bdc77"
4535,项目经理/主管,合肥-庐阳区,1-1.8万·14薪,聚变新能(安徽)有限公司,"新能源,电力/水利/热力/燃气",100-299人,不需要融资,CCL1465697440J40687255201,岗位职责：  1.项目需求分析，根据项目需求制定项目方案   2.部门综合管理，包括日常工作和项目安排及管理   3.部门对内或对外沟通，制定项目计划，把控项目进度,7月25日,聚变新能（安徽）有限公司（简称“聚变新能”）是我国核聚变能商业化的重要实施主体平台之一。公司成立于2023年5月，注册资本145亿元，为国有混合所有制企业，股东涵盖安徽省属国有企业、合肥市属国有企业、中石油、中国科学院及社会资本。公司聚焦新兴能源技术研发、新材料技术开发、核电设备成套及工程技术服务、发电技术应用等核心领域，致力于整合资本、技术、人才、知识产权等创新要素，充分发挥新型举国体制优势，率先推进聚变能商业化进程。公司按照“紧凑型聚变实验装置（BEST）-聚变工程示范堆（CFEDR）-首个商业聚变堆”三步走战略，系统布局实验研究、工程示范及商业化应用的全链条发展路径，同时牵头组建安徽省聚变产业联合会，联合近200家成员单位协同构建世界级聚变能源产业集群，力争打造国际一流的聚变工程公司，实现聚变能技术从实验室到产业化的突破。,"https://www.zhaopin.com/jobdetail/CCL1465697440J40687255201.htm?refcode=4019&srccode=401901&preactionid=a7c1140f-c46c-45e5-b867-ab342d8bdc77"
4536,项目专员/助理,天津-东丽区,5000-7000元·13薪,天津市高速公路科技发展有限公司,"装饰装修,IT服务,电子/半导体/集成电路,运营商/增值服务",100-299人,未融资,CC144880070J40713682216,职位描述 1、主要岗位职责：具有一定的项目管理经验。 2、负责每天监督施工队安全进场、安全摆放隔离设施、安全退场 3、根据项目总体进度，统筹协调施工现场相关事宜，督促施工进度 4、及时规范施工队相关施工事宜 5、按图纸要求保质保量按时完成相关点位施工任务。 6、项目资料整理。 7、统招本科应届毕业生优先。,5月18日,天津市高速公路科技发展有限公司，成立于1999年，公司现注册资本为壹亿元。目前公司具有的资质为：1、公路交通工程（公路机电工程）专业承包壹级； 2、电子与智能化工程专业承包壹级； 3、公路交通工程（公路安全设施分项）专业承包贰级；4、市政公用工程施工总承包叁级；5、城市及道路照明工程专业承包叁级；6、环保工程专业承包叁级；7、建筑智能化系统设计专项乙级；8、信息系统集成及服务资质叁级等等。 2003年公司开始致力于交通机电领域的技术研发、产品开发、软件编制和系统集成业务。 2006年公司的业务领域逐步拓展到以智能交通、智能楼宇为发展方向，涵盖工程、运维、软件等全产业链业务模式。之后经过公司全体同仁的不懈奋斗，天津市高速公路科技发展有限公司逐步进入了高速发展的快车道，实现了对天津市高速公路维护市场90%以上的占有，形成以高速公路三大系统（通信、监控、收费）工程专业承包为主业的高科技企业。,"https://www.zhaopin.com/jobdetail/CC144880070J40713682216.htm?refcode=4019&srccode=401901&preactionid=a7c1140f-c46c-45e5-b867-ab342d8bdc77"
4537,项目专员/助理,黄石-下陆区,6000-9000元,湖北永业行评估咨询有限公司,"咨询服务,矿产/采掘,环保,房地产开发",1000-9999人,未融资,CC131999010J40842216715,岗位职责： 1.协助商务团队进行项目开发，编制项目建议书； 2.协助实施团队编制调研计划、实施项目调研，完成调研报告; 3.协助实施团队完成案例研究、政策分析、财务分析、投融资模式搭建等； 4.协助项目团队成员编制成果文件(投资可行性研究报告、实施方案、评价报告等)； 5.协助参与咨询产品研发，编制相关产品手册； 6.完成公司、部门及领导交办的其他事项。 任职要求： 1.本科及以上学历，房地产经营与管理、经济学、产业经济、土地资源管理、人文地理和城乡规划、财经、企业管理、市场营销等相关专业2024、2025届应届生优秀可投，有相关行业实习工作经验者优先； 2.有良好的自主学习、报告撰写、沟通汇报能力，执行力强； 3.能吃苦耐劳、抗压能力强，可适应灵活短期的高强度工作和不定时全国范围的出差； 4.思维敏捷、处事灵活，有较强的工作责任心和团队协作意识； 5.擅长使用word、ppt、excel等办公软件。 福利待遇： 1.五险一金、周末双休、法定节假日； 2.两周春节假期（不占用年休假）、带薪年休假； 3.节日福利、节庆活动、员工生日会； 4.提供餐补或食堂、试用期员工免费宿舍、员工体检； 5.团建旅游、户外拓展、相亲联谊、社团活动（羽毛球队、篮球队、乒乓球队）等。,7月10日,永业行最早成立于1993年，是全国大型综合性评估咨询机构，旗下三家成员单位获认定为国家高新技术企业。深耕行业三十载，逐步构建起资源环境、投资金融、评估咨询三大产业链集群，拥有甲级工程咨询、甲级土地规划、甲级测绘等执业资质20余个，业务遍及全国20多个省（市、区）及部分海外市场。现有员工1200余名，其中博士和硕士300余名（含留学归国硕士30余名）；中高级职称人员近300名；房地产估价师、土地估价师、咨询工程师（投资）、资产评估师、注册城乡规划师、矿业权评估师、注册测绘师、环境影响评价工程师等专业技术人员200余名；国家、省、市级行业专家60余名，先后承担省部级课题80余项，研发形成软著、发明专利等110余项。永业行是湖北省政府授牌的重点服务企业和重点服务品牌，是湖北省专精特新“小巨人”企业、湖北省就业创业先进集体、湖北省优秀企业、服务业企业100强、楚商500强、武汉民营创新企业100强、武汉市十大最具活力民营企业、武汉市现代服务业的领军企业、武汉市模范和谐企业、武汉市法治建设示范企业，旗下多家公司连年被评为A级纳税人。永业行于2009年成立了中共党委，发布全国评估咨询行业的地产指数《永业行指数》，2010年至今每年发布《社会责任报告》。永业行积极参与各类公益活动，在灾害救助、捐资助学、慈善敬老、扶贫济困等方面捐赠和投入超过400万元。在抗击新冠肺炎疫情战役中，永业行累计筹措资金和物资超100万元，持续支援抗击疫情，是响应、驰援行动最频繁的专业服务机构。。永业行人始终秉持“生态优先，绿色发展”理念，不忘初心，牢记使命，用专业服务资源环境开发利用，以技术赋能客户个性化需求，为经济社会高质量发展贡献永业行力量。永业行五大优势：1、平台规模大：湖北省咨询评估行业龙头企业，1200名员工，持续扩张中；2、发展空间大：10档10级、内部竟聘、自由轮岗，给你的晋升与发展提供无限可能；3、能力提升大：完善的培训体系，新员工指定专人带教，永行业商学院助你能力提升；4、薪酬优势大：下有保底（6-9万），上不封顶，平均年薪16万，远超行业平均水平；5、福利诱惑大：周末双休、五险一金、实际工龄算年假、超长带薪春节假、员工体检......,"https://www.zhaopin.com/jobdetail/CC131999010J40842216715.htm?refcode=4019&srccode=401901&preactionid=a7c1140f-c46c-45e5-b867-ab342d8bdc77"
4538,项目经理/主管,北京-东城区,1-2万,北京信诚百年工程技术有限公司,"房地产开发,咨询服务",20-99人,未融资,CC392263020J40713609007,岗位职责： 1. 制定项目计划，包括时间规划和资源分配，并监督项目的执行过程，确保项目按时按质完成； 2. 负责项目团队的管理工作，包括人员分配、任务委派、进度跟踪等； 3. 与业主、设计团队等相关方沟通协调，深入了解项目需求，对项目的机电设备选型、系统配置等提出专业建议； 4. 审核设计方案、施工图纸等技术文件，确保其符合国家相关标准、规范以及项目要求，提出优化意见和建议； 5. 组织项目会议，如项目进度会议、技术研讨会、质量分析会等，通报项目进展情况，讨论解决问题的方案和措施； 6. 定期向上级管理层报告项目进度，进行分析，提供决策支持。 7. 配合业主等相关方进行项目验收，对验收中提出的问题及时组织整改，确保项目顺利通过验收； 8. 根据项目情况及合同要求，跟进项目的回款情况。   任职资格： 1. 建筑电气相关专业，本科及以上学历； 2. 具有一定的建筑设计或工程项目管理经验，熟悉建筑行业运行流程； 3. 熟练使用常用设计软件（CAD等）及办公软件（word、excel等）； 4. 有设计院及顾问公司工作经验者优先考虑； 5. 具备出色的沟通协调和领导能力，能有效管理团队； 6. 身体健康，能承受一定的工作压力。,2月9日,北京信诚百年工程技术有限公司，是一家在建筑机电领域从事设计和顾问工作的专业化公司，可以提供包括可行性研究、方案设计、初步设计、经济分析、施工图设计、配合精装修的二次机电设计、招投标服务、施工期间的驻场服务以及项目竣工验收等在内的全过程服务。作为一家专业的机电设计顾问公司，我们不是传统意义上的建筑设计院。不仅仅只是根据客户的要求，按照规范和措施完成设计任务，绘制施工图纸，而是要凭借我们多年的机电工程设计经验、施工经验，在机电工程的各个发展阶段，在安全性、创新性、经济性、高效性、便利性及可持续性方面，通过通俗的语言给与客户专业的建议和意见，以帮助客户做出最合适的选择。我们亦不是传统意义上的机电顾问公司，技术服务不仅仅是停留在“纸上”，而重在“实施”，凭借我们多年的工程管理经验和运营管理经验，实现理论与实践的有机结合，确保我们提出的每个系统方案、每台设备参数都是合理的、可实施的和经济的，从而帮助客户实现其利益的最大化。,"https://www.zhaopin.com/jobdetail/CC392263020J40713609007.htm?refcode=4019&srccode=401901&preactionid=a7c1140f-c46c-45e5-b867-ab342d8bdc77"
4539,项目经理/主管,厦门-湖里区,8000-14000元·13薪,立达信物联科技股份有限公司,"电子/半导体/集成电路,电子设备制造",10000人以上,未融资,CC473390080J40757537614,任职要求： 1、较为熟悉欧洲、北美市场；对照明/小家电/IOT领域熟悉，具备3年以上大客户服务项目管理经验，熟悉ODMOEM模式、有大型制造型企业海外从业经验优先； 2、英语可读写，可邮件沟通。英语听说读写流利优先； 3、负责公司大客户的项目管理（偏向后端），对内对接 4、专业知识扎实、成绩优良，班委或学生会/社团干部优先； 5、 优秀的组织统筹与沟通能力，良好的逻辑思维与分析能力； 6、 细致，有耐心，抗压力强，能吃苦，有韧性。,5月22日,立达信物联科技股份有限公司（下称“立达信”）是专注于智慧生活（Smart Life）和智慧管理（Smart Management）领域的物联网产品和解决方案提供商。立达信以智能照明为起点进入物联网领域，致力于把物联网产品和服务带入家庭和校园，逐步构建万物互联的智能世界。我们在LED照明产品、控制与安防产品、智能家电以及软件和云服务等领域为客户提供安全可信赖的产品、解决方案和服务，与生态伙伴深度合作，持续为客户创造价值。立达信始创于2000年，总部位于厦门；在美国、德国、英国等多个国家设有海外子公司；拥有厦门、深圳、西安、苏州等多个研发中心；厦门、台南两大创新中心；福建漳州长泰、四川遂宁和泰国北柳府三大制造基地。立达信目前在职员工超过一万名，业务遍及全球60多个国家和地区。经过20年的发展，立达信沉淀了雄厚的研发创新能力、全球服务能力和领先的制造能力。立达信以“创新物联科技，点亮美好生活”为企业使命，厚积薄发，砥砺前行。,"https://www.zhaopin.com/jobdetail/CC473390080J40757537614.htm?refcode=4019&srccode=401901&preactionid=a7c1140f-c46c-45e5-b867-ab342d8bdc77"
4540,项目经理/主管,济南-市中区,6000-8000元,山东壹壹七安全技术有限公司,人工智能,20-99人,,CC574649180J40754871109,一、岗位描述  1. 项目整体管理  - 负责项目的全流程交付，包括需求对接、方案制定、进度把控、资源协调及验收交付；  - 主导外包生产环节的项目管理，与外包厂商对接生产计划、质量标准及交付节点，确保外包任务符合公司技术要求。  2. 需求与方案落地  - 对接客户（公安、应急等部门）需求，组织内部技术团队与外包厂商进行需求拆解，形成可执行的项目交付方案；  - 协调研发、设计、采购等部门，推动项目方案中的技术细节落地，解决交付过程中的技术冲突。  3. 进度与质量管控  - 制定项目交付计划，监控外包生产进度，定期召开项目例会，同步进展并推动问题解决；  - 建立项目质量验收标准，对外包生产的装备、车辆进行全流程质量把控，确保符合行业标准及客户要求。  4. 资源与风险协调  - 统筹内部资源（如技术支持、售后团队）与外包厂商资源，优化配置以保障交付效率；  - 识别项目交付中的风险（如外包产能不足、技术迭代延迟），制定应急预案并推动解决，降低对项目周期的影响。  5. 客户关系与验收  - 与客户保持沟通，定期反馈项目进展，处理客户变更需求，推动项目验收与回款；  - 组织项目交付后的复盘，总结经验并优化交付流程，提升客户满意度。  二、任职要求  1. 专业背景与经验  - 专科及以上学历，机械工程、车辆工程、自动化、项目管理等相关专业优先； 熟悉钣金生产优先； - 有外包生产管理经验者优先；  2. 沟通与执行能力  - 具备优秀的客户沟通能力，能清晰传达技术方案与交付计划，处理客户异议；  - 强执行力与问题解决能力，能在高压环境下推动外包厂商按时交付，协调内部资源解决突发问题。  3. 其他素质  - 具备保密意识，能适应短期出差（对接客户及外包厂商）  三、岗位亮点与福利  1.接触前沿警用装备技术，参与国家级/省市级公安、应急项目交付；  2. 与行业头部外包厂商合作，积累智能装备领域资源；  3.薪资待遇  -基本工资 + 绩效奖金（具体面议）  -每年1次调薪机会（视表现及公司效益）  4.社保福利  -五险一金（养老、医疗、失业、工伤、生育 + 住房公积金）  5.假期福利  -法定节假日 + 带薪病假  -婚假、产假等法定福利  6.其他福利  -节日福利（春节、中秋等礼品或红包）  -员工团建（旅游、聚餐、拓展活动）  -免费下午茶、生日福利等,7月11日,山东壹壹七安全技术有限公司成立于 2017年，作为一家专注公共安全管理高新技术装备研发生产的科技型企业，我们凭借过硬的技术实力和可靠的产品品质，成功跻身公安部警采入围企业和警用车辆、装备定点生产企业之列。在业务布局上，公司主营业务广泛涵盖特种车辆、特种装备、人工智能等多个领域。我们始终聚焦于打造公共安全管理新质战力，经过多年的深耕与创新，已构建起完善的具身智能装备、特种技术车辆和特种技术装备三大产品矩阵。这些产品和解决方案，正为公安、应急、消防等部门提供着高效、可靠的智能化支持，在保障社会公共安全的战场上发挥着重要作用。“科技守护英雄”，这不仅是壹壹七安全技术始终不变的企业追求，更是我们全体员工为之奋斗的信念源泉。如今，我们正处在快速发展的关键时期，对各类优秀人才有着迫切的渴望。我们期望能有更多怀揣梦想、志同道合的伙伴加入我们的团队。无论你身处哪个岗位，在这里，你都能获得有竞争力的薪酬待遇和完善的福利保障，包括五险一金、带薪年假、节日福利等。更重要的是，你将有机会参与到关乎公共安全的重要项目中，你的每一份努力都将为守护英雄、保障社会安全贡献力量，实现个人价值与社会价值的统一。我们重视人才的培养与发展，会为你提供丰富的培训机会和清晰的职业晋升通道，让你在与公司共同成长的过程中，不断提升自我，成就更好的自己。加入壹壹七，让我们携手用科技的力量守护更多英雄，共同书写公共安全事业的新篇章！,"https://www.zhaopin.com/jobdetail/CC574649180J40754871109.htm?refcode=4019&srccode=401901&preactionid=a7c1140f-c46c-45e5-b867-ab342d8bdc77"
4541,项目专员/助理,沈阳-苏家屯区,3000-5000元,沈阳泰豪电力有限公司,"建筑设备安装,电力/水利/热力/燃气",20-99人,未融资,CC316786810J40760818802,可跑施工现场，可熟练使用CAD软件大量出图，可做工程开竣工手续档案，各类工程档案整理归档。 有参与项目施工管理经验，优先录取 工程类、工程管理、工程造价等相关专业。,7月10日,沈阳泰豪电力有限公司成立于2003年2月，坐落于沈阳金属新材料产业园，占地55000平方米，办公楼4200平方米，注册资金1200万元人民币。可承揽66kv及以下的各类电力线路、变电安装、修理试验等多项业务。主要从事于各种电压等级的输、变、配电（含电缆工程）、变电站工程的施工、安装及配套工程施工、房屋建筑工程施工、66kv及以下的输电线路安装。沈阳泰豪电力技术装备、施工实力雄厚，拥有一支素质高、技艺精湛、工种齐全的专业化施工队伍。现有十个线路工程队、五个变电工程队及承修中心等管理部门，从业人员380人，其中技术管理人员100人，经营管理人员50人，高压作业80人，一般电气作业150人，各类机械设备及工器具齐全。其中工程技术人员25%，具有高、中、初级职称的各类专业人员占10%。沈阳泰豪电力有限公司自创建以来，通过引进高素质专业人才和先进的机械设备，坚持现代化有效制度化的企业管理模式，在短时间内建立了完善的质量保证体系。近五年先后以优良的质量承建完成输、变、配电、通讯、土建工程620多项，建成了66kv及以下送电线路3200公里，架设光缆1800公里，安装变电站总容量达500万千伏安，敷设电力电缆2000公里，建成了66kv及以下变电站20座。所有工程合格率为100%，其中95%为优质工程，成为了辽宁66kv电网骨架的主要构建者。沈阳泰豪电力有限公司秉以现代化的企业管理模式，始终以“以人为本，诚信共赢”的发展思路，愿以高新的技术、一流的质量、精良的设备、丰富的经验、完善的服务同客户进行最好的合作，为辽沈地区乃至全国电力事业的发展贡献自己一份绵薄之力。沈阳泰豪电力有限公司热诚欢迎各界前来考察、洽谈合作、共同发展，愿以各界朋友携手共赢，共创美好未来！,"https://www.zhaopin.com/jobdetail/CC316786810J40760818802.htm?refcode=4019&srccode=401901&preactionid=a7c1140f-c46c-45e5-b867-ab342d8bdc77"
4542,项目专员/助理,北京-东城区,6000-7000元,智联猎头,"互联网,人力资源服务",1000-9999人,不需要融资,CCL1318355140J40798610303,1.根据推广需求，策划报道选题并采写、编撰宣传文字材料（包括部分新媒体推广文章的初选工作等）； 2.配合部门进行院线品牌推广的市场调研（包括参与调查问卷的资料搜集、起草、校验、联络执行、统计与分析等）； 3.其他品牌宣传工作的配合，包括配合新媒体编辑与运营工作，参与品宣材料内容的整理、汇编及校对工作等； 4.剧院开幕宣传协助及重要演艺活动项目宣传推广配合工作； 5.领导交办的其他工作。 岗位要求 1.艺术管理、新闻出版、视觉传播设计与制作、广播影视、传媒、营销等相关专业本科及以上学历，其他专业要求热爱媒介传播工作且具有相关实习经验，有艺术类宣传实习经历者优先； 2.对演艺、舞台等相关内容感兴趣并有一定了解； 3.熟练使用办公操作软件； 4.具备快速学习和适应能力，能积极配合各类项目执行落地。,7月5日,智联猎头作为智联招聘旗下品牌，以满足企业中高端岗位的人才招聘需求为出发点，整合全球优质资源，覆盖数字经济、新一代信息技术、人工智能、金融、电子信息、装备制造、生物医药与健康、房地产/建筑等数十个行业，拥有规模庞大、覆盖面广的交付团队，致力于向企业输出专业化的招聘解决方案。智联猎头目前拥有卓聘平台服务、招聘流程外包服务、高端人才猎寻服务三大类核心服务，具备高度定制化能力，能够为不同发展阶段的企业提供一站式招聘解决方案，同时为企业转型升级提供保障，全面增强企业核心竞争力！智联猎头利用自身独特的资源优势、成熟的服务模式，以及多层次的产品，致力于打造高效、专业的一站式人才服务模式，让招聘更加美好！,"https://www.zhaopin.com/jobdetail/CCL1318355140J40798610303.htm?refcode=4019&srccode=401901&preactionid=a7c1140f-c46c-45e5-b867-ab342d8bdc77"
4543,项目专员/助理,成都-武侯区,4000-6000元,四川维益房地产土地资产评估有限责任公司,房地产中介,20-99人,未融资,CC502684720J40631672212,【岗位职责】 1、负责项目信息的收集、整理、归类、分析、统计、跟踪进度等； 2、上级领导分配的其他工作。   【任职要求】 1、大专以上学历，具有行政办公经验； 2、会使用WORD、EXCEL等办公软件； 3、品德优秀，有责任心，敬业爱岗； 4、具有良好的沟通协调能力，工作严谨、细致，具有较强的执行能力。   【薪资福利】 1、基本工资+提成、奖金； 2、五险一金、商业保险、午餐食堂； 3、周末双休、带薪年假、节日福利、团建活动、专业培训等。    以上岗位应聘者都需要身体健康，责任心强，吃苦耐劳，热爱本职工作，执行力强，具备良好的敬业精神和团队合作意识，中共党员优先。,7月7日,四川维益房地产评估咨询有限责任公司成立于2002年10月15日，注册资金贰佰万元整。经过18年的披荆斩棘，锐意探索，公司无论在评估业务量上，或是在评估质量上，专业实力不断增强和提高；在业务网络布局上，也迈出了坚实的步伐。现公司总部落户于成都市高新区，并通过借力国家高新技术产业开发区的区位条件和优渥的人才聚集优势，在评估业务领域、经营管理、市场拓展上呈现稳健的发展态势。四川维益房地产评估咨询有限责任公司同时具备一级房地产评估资质、土地评估资质、资产评估资质。主要评估类型包括：企业改制、资产重组、企业兼并、企业破产清算、清产核资、拍卖底价、司法仲裁、抵押贷款、房屋土地转让等房地产评估，以及房地产咨询、房地产经纪等活动、资产评估业务、土地评估业务。,"https://www.zhaopin.com/jobdetail/CC502684720J40631672212.htm?refcode=4019&srccode=401901&preactionid=a7c1140f-c46c-45e5-b867-ab342d8bdc77"
4544,项目专员/助理,常州-武进区,5000-7000元,江苏中安联科信息技术有限公司,"IT服务,云计算/大数据,IT服务,计算机软件",20-99人,未融资,CC399000030J40312453308,岗位职责：   1、负责公司项目的软件实施、运维和培训，与客户保持密切沟通，保障良好的客户满意度；   2、有良好的团队协作能力，及时反馈在项目过程中出现的问题；   3、协助项目经理完成项目日常性工作；   4、对客户进行产品使用培训，配合项目验收；,7月7日,"中安联科是国内领先的智慧城市管理软件及服务提供商。公司以中国安全生产科学研究院为依托，利用“互联网+”思想，与各行业数据相融合，在国内率先推出智慧安全物联网信息化平台，实现“互联网+安全”的智慧城市信息化监管。智慧安全平台广泛的应用于安全生产、公共安全、建筑环保、交通运输、物业园区、医疗教育等领域。公司专业从事云计算、物联网、大数据等新一代信息技术及行业应用产品的研发、销售及服务，能够为政府、园区、企业提供软、硬件一体化的智慧安监、智慧城市、智慧园区、智慧企业整体解决方案。公司荟集了众多云计算、物联网、大数据、安全工程、应急管理等领域的教授、博士、硕士等组成的高级人才团队，致力于国内领先的行业云相关产品技术和运营服务的不断创新及产业化。公司设立了山东、南京、无锡、镇江、徐州、泰州等分公司及办事处。中安联科坚持自主创新为原动力，致力于""让城市与工业更安全、更智慧""的企业使命。打造和推广成熟软件产品，构建面向全国的营销与服务网络，在安全生产领域拥有近万余成功案例。公司视“客户满意”为最核心的企业文化，竭尽所能为顾客和用户提供最佳体验。公交乘车路线：常州火车站——步行至新丰桥南（博爱路地铁站）——乘坐b11路公交车——常州科教城站下车——步行至常州科教中国以色列创新产业园11-1栋10层","https://www.zhaopin.com/jobdetail/CC399000030J40312453308.htm?refcode=4019&srccode=401901&preactionid=a7c1140f-c46c-45e5-b867-ab342d8bdc77"
4545,项目专员/助理,北京-朝阳区,6000-8000元,北京胜观上意文化传播有限公司,"广告/营销,广播/影视,会议/展览",20-99人,,CC462249710J40702253009,职位描述,6月6日,胜观传播，精品店定位。2012年在北京成立。始终以促进客户事业发展为己任。我们致力于在国际视野的高度之上，凭借对本地市场、消费者和品牌变化的最细微的了解，为客户提供最佳传播与市场解决方案。在数字与社交媒体领域，以策略与内容为见长。为客户提供与消费者的连接与互动服务。作为“艾菲奖影响者营销金奖”与“中国广告长城奖媒介营销金奖”的获奖者，胜观传播可根据国际与国内客户的不同需要，提供包括政府、行业、媒体、自媒体意见领袖在内的各种定制或整合资源，为客户的传播与营销提供服务。,"https://www.zhaopin.com/jobdetail/CC462249710J40702253009.htm?refcode=4019&srccode=401901&preactionid=a7c1140f-c46c-45e5-b867-ab342d8bdc77"
4546,项目经理/主管,许昌-建安区,1-1.8万,四川川贝科技有限公司,互联网,20-99人,不需要融资,CCL1462581080J40771381905,岗位内容： 1. 负责项目从立项到验收的全过程管理，确保项目按时交付、质量达标； 2. 制定项目计划和预算，并监督执行情况，及时解决项目中出现的问题； 3. 协调内部各部门资源，确保项目进度和质量； 4. 与客户沟通协调，及时反馈项目进展和问题。 任职要求： 1. 具备3年以上项目管理经验，能独立承担项目管理任务； 2. 熟悉项目管理流程和项目管理工具； 3. 拥有良好的沟通、协调能力和团队合作精神； 4. 学历不限，相关专业优先考虑。,2025年07月28日,四川川贝科技有限公司于2023年3月成立，公司位于四川省成都市，主要从事软件开发，网页开发，app小程序开发，公司致力于产业，切实推进与各大企业、厂家的合资、合作，用产业化发展的思路服务于社会和广大用户。,"https://www.zhaopin.com/jobdetail/CCL1462581080J40771381905.htm?refcode=4019&srccode=401901&preactionid=a7c1140f-c46c-45e5-b867-ab342d8bdc77"
4547,项目经理/主管,济南-长清区,6000-10000元,山东通达数字科技有限公司,文化艺术/娱乐,20-99人,,CCL1450341580J40742883405,岗位内容： 1. 负责项目从立项到验收的全过程管理，确保项目按时交付、质量达标； 2. 制定项目计划和预算，并监督执行情况，及时解决项目中出现的问题； 3. 协调内部各部门资源，确保项目进度和质量； 4. 与客户沟通协调，及时反馈项目进展和问题。 任职要求： 1. 具备3年以上项目管理经验，能独立承担项目管理任务； 2. 熟悉项目管理流程和项目管理工具； 3. 拥有良好的沟通、协调能力和团队合作精神； 4. 学历不限，相关专业优先考虑。,2月27日,,"https://www.zhaopin.com/jobdetail/CCL1450341580J40742883405.htm?refcode=4019&srccode=401901&preactionid=a7c1140f-c46c-45e5-b867-ab342d8bdc77"
4548,项目专员/助理,沈阳-沈河区,4000-6000元,沈阳市和平区诚智信软件信息咨询中心(个体工商户),通信/网络设备,20-99人,,CCL1476276830J40481875504,1.对项目进行统筹管理，整合资源 推动项目落实和执行 2.负责项目的调试和整合，掌握项目进度 3.掌握项目技术要求，保证项目达到预期 4.确保项目有效进行 工作时间早九晚五点半 双休 法定休息  薪资4-6k左右可谈 晋升空间大  长期稳定,11月20日,,"https://www.zhaopin.com/jobdetail/CCL1476276830J40481875504.htm?refcode=4019&srccode=401901&preactionid=a7c1140f-c46c-45e5-b867-ab342d8bdc77"
4549,项目专员/助理,西安-未央区,5000-8000元,陕西九思连强互联网科技有限公司,"零售/批发,新零售,耐用消费品,快速消费品",20-99人,不需要融资,CCL1315579340J40644391211,不收费！不收费！！不收费！！！ 免费住宿！免费住宿！！免费住宿！！！ 带薪学习！带薪学习！！带薪学习！！！ 目前主要跟国企、央企及上市企业、互联网企业巨头等合作 比如：三大运营商、京东抖音快手小红书、支付宝、中国国家高速公路局、各大银行等 做什么 1、协助市场部经理处理与各部门沟通与合作事宜； 2、协助市场经理收集和分析市场数据，了解消费者需求、市场趋势和竞争对手情况，为企业的市场策略提供数据支持； 3、协助市场经理维护企业品牌和形象塑造； 4、按照市场经理制定相关策略； 5、加强与销售人员的沟通，收集市场信息，积累市场宣传材料； 6、经过训练，基本3-5个月左右可独立负责一个项目版块。 谁能做 1、不限专业、学历； 2、不限经验，有相关工作经验者可优先考虑； 4、具备一定的学习能力、沟通能力、应变能力、承压能力和团队合作精神。,4月2日,陕西九思连强互联网科技有限公司是一家战略合作型企业，涉及的产品比较多，像实业类的日用百货、商务礼品，珠宝饰品，家具五金等，主要有五个事业部：红酒事业部，教育事业部，通讯事业部，互联网广告部，金融事业部，是集移动支付、金融、O2O电商为一体的科技推广及应用的服务业公司。企业专注于为商户和个人提供:新型、安全、便捷的高科技金融移动支付和相关银行业务（购物、车票和酒店预订等多功能O2O电商APP）。公司引进国外先进的WWI管理体制，实行一对一的针对性专业培训，注重个人的能力的培养，打造出学习型的平台！公司所有管理层都从基层选拔，有公开透明的晋升机制，打造全新的创业型平台。公司以人的提升推动企业的成长，近年来培养了众多优秀的实干型管理人才。为集团500家分公司的伟大布局做出了卓越的贡献！公司与国有控股公司、大型国有股份制银行、国内上市企业、国内知名企业等形成战略合作伙伴关系。与具有国资背景、在业内排名靠前的支付公司达成战略合作，成为全国颇具实力的线下支付直营服务商，并获得授予先进团队荣誉称号；与大型国有股份制银行达成合作伙伴，成为银行信用卡网申业务优秀合作商。公司经营完美地融合了“创业平台”与“管道建设”的双向发展平台。颠覆了传统的企业经营模式，让我们的产品和服务不是一次交易，而是可以无限次地和客户发生链接从而多次获利，真正做到让员工获得连续不断的可持续性收入，这是业内的一次伟大创新和变革，为员工提供更广阔的发展空间！,"https://www.zhaopin.com/jobdetail/CCL1315579340J40644391211.htm?refcode=4019&srccode=401901&preactionid=a7c1140f-c46c-45e5-b867-ab342d8bdc77"
4550,项目专员/助理,成都-青羊区,5000-8000元,成都聚创双赢互联网科技有限公司,贸易/进出口,20-99人,不需要融资,CCL1497279290J40844115615,任职要求: 新媒体，线上方面 勿扰！！军人优先！！ 1、性格开朗，做事干练，良好的沟通能力和组织协调能力; 2、无经验要求，愿从基层做起，了解企业文化，学习成长自己。 3、能够很好融入团队，发挥才能。 4、为人正直，热忱，有良好的团队协作能力，执行力强。 逐步往团队管理方向发展，薪资涨幅空间大，分阶段培训和主管一对一带。岗位职责: 1、基层项目落地实施:深入了解公司产品，负责中国通讯5G、个人，家庭，集团业务的开展，并学习掌握运营引流相关工作内容，践行公司内部营销系统，做好拓客引流宣传，在此过程中积累相关经验，储备能力，建立基础的团队人际关系，第一阶段综合薪资:5K-8K。 2.学习团队运营管理:参与到员工培训，并需要学习做基础业务教导，整体团队目标制定，员工关系处理等工作，管理类岗位平均薪资:8K-1.5w。 3.项目管理:接触中高层管理工作，参与行政人才系统搭建与运营，公司战略规划制定，项目对接，人资考核及分公司拓展工作，享受年薪+集团分红。 晋升机制:商务学员一商务主管一高管一运营副经理一运营经理 福利: 1、一经录用，公司提供免费住宿，路程10分钟，家电齐全，环境干净整洁，有空调; 2.提供免费带薪培训，老员工一对一带; 3.晋升机制透明公开化，所有员工可清楚了解晋升制度; 3、定期团队活动(庆功会、公司旅游、体育活动，节假日团建……) 公司地址:铂金城铂金大厦1号楼九楼905。,7月16日,成都聚创双赢互联网科技有限公司是一家从事生产、设计、研发、销售为一体的综合性企业。成立于2025年02月10日，公司坐落在四川省，详细地址为：四川省成都市青羊区青龙街27号1-1幢9层505号企业的经营范围为:技术服务、技术开发、技术咨询、技术推广；物联网技术服务；市场营销策划；组织文化艺术交流活动；会议及展览服务；计算机软硬件及辅助设备批发；5G通信技术服务；通讯设备销售；家用电器销售；电子产品销售；销售代理；光通信设备销售；移动终端设备销售；移动通信设备销售；致力于打造中国一流的战略营销服务平台，为客户提供最好的营销服务，为员工提供广阔的发展空间，现与十多家央企、国企、民营企业达成合作，为企业提供营销策划、活动方案执行、用户管理、数据分析，业务推动、新客户开发等一站式服务，线下获客，为客户提供真实有效的客户增量数据，提升市场占有率。同时以数字魔方大数据平台为B端和C端客户提供最好的营销服务，协助合作企业建立属于自己的品牌，致力于打造一流的战略营销平台。公司已有完善的人才培训系统，可提供专业、有效、针对性强的培训指导；新人成长阶段实施老带新、主管一对一的教导；公平公正公开的晋升机制，有能力者可逐步晋升，过去我们培养了大批的实战管理型人才。希望更多有想法有管理能力的伙伴加入！地址：青羊区青龙街27号铂金城1号楼9-505公司储备管理岗一律内部选拔培养竞争上岗一经录取均提供带薪培训、免费住宿、年终奖！,"https://www.zhaopin.com/jobdetail/CCL1497279290J40844115615.htm?refcode=4019&srccode=401901&preactionid=a7c1140f-c46c-45e5-b867-ab342d8bdc77"
4551,项目经理/主管,嘉兴-海盐县,2-3万·16薪,珠海冠宇电池股份有限公司,新能源,10000人以上,D轮及以上,CC151664310J40570254016,"工作职责 1.主要负责客户项目的统筹工作； a. 负责项目统筹，统筹新项目，确保项目进度可以达到客户的要求，实现顺利量产； b.作为客户端和内部的沟通窗口,将客户需求传达给内部； c.持续监督项目进度，并向项目团队成员和项目经理汇报进展； d.跟进项目进度，问题点及解决方案。 2. 负责客户项目组各项KPI指标实现； 3. 负责涉及项目的部门间的沟通、协调和统筹； 4. 上级交办的其他事项。 任职资格 1.学历要求：本科学历以上； 2.专业要求：理工科专业，电化学优先； 3.经验要求：5年以上大型制造业项目管理工作经验，锂电行业优先； 4.技能要求：项目管理与专业知识技能； 5.语言要求：英文简单沟通； 6.其他要求：具备较强的思维逻辑能力、沟通表达能力、统筹管理能力、风险识别能力。",12月24日,一、公司简介：公司主要从事消费类聚合物软包锂离子电池的研发、生产及销售，同时布局动力锂离子电池。公司消费类锂离子电池产品包括电芯及PACK，应用领域涵盖笔记本电脑、平板电脑、智能手机、可穿戴设备、消费类无人机等，长期服务于全球一流的笔记本电脑、平板电脑及智能手机品牌厂商。公司动力类锂离子电池产品包括电芯、模组及PACK，主要应用于汽车启停系统和电动摩托，已进入知名厂商的供应链体系。作为国家级高新技术企业，公司始终专注于锂离子电池相关技术和生产工艺的自主研发，建立了一支强大的研发团队，积累了丰富的技术成果。公司拥有人力资源和社会保障部和全国博士后管委会认定的“博士后科研工作站”、广东省经济和信息化委员会等多部门认定的“省级企业技术中心”、广东省科学技术厅认定的“广东省软包锂离子电池工程技术研究中心”、“广东省软包锂离子电池研究与应用企业重点实验室”、广东省人力和社会保障厅认定的“广东省博士工作站”，获得了由广东省人民政府颁发的广东省科技进步奖二等奖等奖项。二、薪酬福利：1.薪资收入：月薪+丰厚的绩效奖金；2.各类补贴：伙食补贴、通讯津贴、油费补贴、珠海市人才补贴等；3.五险一金：住房公积金+社会保险；4.带薪假期：年假及国家法定各类带薪假期；5.食宿服务：拎包入住；园区内设有食堂，有小炒、套餐、面食、自助餐等，刷卡就餐；；6.上下班车：提供不同线路上下班通勤车；7.健康体检：每年度项目全面的免费健康体检；8.特殊节日：赠送节日礼品、生日礼物，举办生日晚会；9.业余生活：定期举办各项体育活动，拓展训练等；10.技能培训：专业技能的内部培训及外部培训，学历提升的再教育平台等；11.职业发展：完善的内部晋升制度，双通道职业发展路径；12.其他激励：各项优秀员工奖励、发明专利奖等。三、乘车路线：（1）珠海市内：乘坐公交车到“新青二路口”/“新青二路北”巴士站下车过对面马路前走100米即到；（2）珠海以外的城市：离公司最近的长途车站是“白蕉长途汽车站（也叫斗门长途站）和西埔长途汽车站，到站后换乘公交车到或“新青二路口”/​“新青二路北”巴士站下车过对面马路前走100米即可。四、自驾路线：可用高德地图导航“珠海冠宇集团”，地址：珠海市斗门区井岸镇珠峰大道209号请到厂门口保安处登记，通行后到冠宇前台。,"https://www.zhaopin.com/jobdetail/CC151664310J40570254016.htm?refcode=4019&srccode=401901&preactionid=a7c1140f-c46c-45e5-b867-ab342d8bdc77"
4552,项目专员/助理,乌鲁木齐-新市区,5000-8000元,新疆恒和久远信息技术有限公司,"IT服务,计算机软件,计算机硬件,通信/网络设备",20-99人,,CC173320620J40821636808,一、岗位职责 1、项目进度跟进： 1) 协助项目经理制定项目计划，跟踪项目里程碑及关键节点，确保按时交付。 2) 定期汇总项目进展，编制进度报告，及时反馈潜在风险或延迟问题。 2、跨部门协调： 1) 与研发、运维等部门沟通，协调资源并推动问题解决。 3、文档管理： 1) 整理项目文档（如会议纪要、需求变更记录等），确保资料完整可追溯。 4、会议支持： 1) 组织项目例会，记录行动项并跟进落实。 5、其他支持： 1) 协助处理项目相关的行政事务及临时性任务。 二、任职要求 1、学历专业： 1) 本科及以上学历，项目管理、工商管理、相关理工科或文科专业优先。 2、经验技能： 1) 1年以上项目协调或助理经验（应届生可放宽，需有实习经历）。 2) 熟练使用Office（Excel/PPT/Word）、项目管理工具（如Jira、Trello等）者优先。 3、能力素质： 1) 逻辑清晰，责任心强，具备良好的沟通协调能力。 2) 能适应多任务处理，对进度敏感，注重细节。,7月19日,新疆恒和久远信息技术有限公司公司简介新疆恒和久远信息技术有限公司是由新疆维吾尔自治区工商行政管理局乌鲁木齐经济技术开发区分局批准并于2003年9月8日登记注册为有限责任公司，现企业注册地址为：新疆乌鲁木齐经济技术开发区卫星路499号2栋5层501室。经营范围：计算机软件、硬件及外围设备的研发、销售及其相关技术咨询、技术服务和维护；系统集成、综合布线、智能网络控制系统设备的设计、销售及安装；电线、电缆、办公用品、电子产品、机电设备的销售和维修；货物与技术的进出口业务。注册资金为人民币500万元。公司在起建初期将软件研发定位于制造业管理信息化平台的设计和研发方面，随着时代及社会需求的不断更新，公司紧随IT发展潮流，近年来已成功将软件研发业务拓展到大型畜牧业产业信息化建设及大型产学研一体化企业的产品直销型电商平台的研发中。公司在多年的成长过程中，始终秉承“诚实、守信、专业、专注”的宗旨，着眼于市场需求，凭借多年来辛勤耕耘以及广大客户的支持，赢得了业界和客户的一致好评。迄今为止，我公司已在全疆完成项目已达百余；全国范围内我公司已完成江苏、广东、湖南、安徽、陕西等地的项目实施，并于2013年在西安建立研发中心。公司存续期间经历过两次增资扩股，红利稳定。在知识产权方面，截止目前，我公司自主研发的软件已取得21项著作权，其中已获得软件产品3项。并取得软件企业、系统集成、安防企业资质。,"https://www.zhaopin.com/jobdetail/CC173320620J40821636808.htm?refcode=4019&srccode=401901&preactionid=a7c1140f-c46c-45e5-b867-ab342d8bdc77"
4553,项目专员/助理,深圳-福田区,6000-12000元,北京融瑞鑫企业管理咨询有限公司,咨询服务,20-99人,,CCL1473764290J40845238904,1. 教育背景： • 拥有管理类相关的学士学位，如项目管理、工商管理、工程管理、管理类相关专业，综合素质扎实。  2. 工作经验：   •最好有项目管理经验，能力出众、表现优异的候选人可放宽经验条件。“具有PMP证书优先,2月6日,,"https://www.zhaopin.com/jobdetail/CCL1473764290J40845238904.htm?refcode=4019&srccode=401901&preactionid=a7c1140f-c46c-45e5-b867-ab342d8bdc77"
4554,项目专员/助理,北京-朝阳区,1-1.5万,中国环球广播电视有限公司,"广播/影视,广播/影视",1000-9999人,未融资,CC465656530J40781482908,岗位职责 1. 项目统筹、 协调对接等工作； 2.协调重大项目规划、 立项申报、 结项评估等相关工作； 3.项目进度跟踪，统筹项目季报、效果数据、情况说明等动态材料； 4. 联络上级单位和台内相关职能单位； 5.上级交办的其他临时性任务。  任职资格 1.具有大学本科及以上学历和相应学位， 国际传播、 国际关系或金融经济相关专业背景； 2.了解国际传播工作方针政策， 拥有相关工作经验优先； 3.可靠， 品行端正，具备良好的团队合作能力和沟通协调能力，具备较强的工作责任心与稳定性。,5月2日,2017年3月9日，中国环球广播电视有限公司正式成立，旨在通过公司机制、市场方式，按照国际化运作要求开展内容制作、媒体合作、专业人才引进、海外公司建设、海外落地推广等业务。,"https://www.zhaopin.com/jobdetail/CC465656530J40781482908.htm?refcode=4019&srccode=401901&preactionid=a7c1140f-c46c-45e5-b867-ab342d8bdc77"
4555,项目专员/助理,东莞-None,5000-7000元,东莞市品扬五金科技有限公司,"金属制品业,金属制品业,电子设备制造",300-499人,未融资,CC328998880J40698172706,岗位内容： 1. 协助项目经理完成项目计划和进度安排，跟踪项目执行情况并进行记录； 2. 收集、整理和分析项目相关数据，汇总报告并撰写总结分析； 3. 参与编制项目立项申请、招投标文件及合同等文档； 4. 协助组织项目会议、培训与沟通等工作； 5. 监督项目现场施工的进展和质量，并及时协调解决问题。 任职要求： 1. 具有较好的团队协作能力和沟通能力，能够积极主动解决问题； 2. 熟练掌握办公自动化软件，具备较强的数据分析和撰写技能； 3. 具备一定的项目管理知识和方法论基础，熟悉项目管理流程和工具； 4. 有较强的责任心和抗压能力，能够承受项目压力和工作压力； 5. 有相关行业从业背景或相关项目工作经验者优先考虑。,7月25日,"东莞市品扬五金科技有限公司,2012年03月29日成立，经营范围包括研发、加工、销售：五金、模具配件、电脑零配件；货物或技术进出口（国家禁止或涉及行政审批的货物和技术进出口除外）。(依法须经批准的项目，经相关部门批准后方可开展经营活动)","https://www.zhaopin.com/jobdetail/CC328998880J40698172706.htm?refcode=4019&srccode=401901&preactionid=a7c1140f-c46c-45e5-b867-ab342d8bdc77"
4556,项目经理/主管,杭州-上城区,8000-16000元·16薪,浙江大学继续教育学院,培训/辅导服务,100-299人,未融资,CC160649810J40263116109,职位描述：,2月26日,浙江大学继续教育学院是浙江大学专门开展高端培训的直属单位，与全国干部教育培训浙江大学基地一体化运行。办学主校区位于风景秀丽、历史悠久、文化氛围浓厚的华家池校区，周边交通便利，办学设施完备。学院下设24个部门，分别负责培训对接、培训服务和综合管理等工作。其中党政办公室、教学研究与质量控制办公室、后勤管理与服务部分别与全国干部教育培训浙江大学基地的综合办公室、教学与研究中心、后勤与服务中心合署。学院依托中组部全国干部教育培训浙江大学基地、人社部国家级专业技术人员继续教育基地、全国工商联“全国非公有制经济人士理想信念教育基地”等平台，全面对接中央和国家各部委、各省（区、市）相关党政部门以及重点行业、企业，不断加快高端培训事业发展，年均培训逾10万人。学院使命：赓续求是创新，广育天下英才，引领终身学习，服务人类发展学院愿景：建设具有浙大风范、中国特色、世界一流的继续教育学院我们为每一位员工提供良好的工作环境、富有挑战性的工作和广阔的职业发展平台，真诚地期待你的加入，与我们共同成长！,"https://www.zhaopin.com/jobdetail/CC160649810J40263116109.htm?refcode=4019&srccode=401901&preactionid=a7c1140f-c46c-45e5-b867-ab342d8bdc77"
4557,项目专员/助理,北京-朝阳区,80-150元/天,中国通信学会,"学术/科研,通信/网络设备",20-99人,不需要融资,CC248372010J40928021304,一、招聘岗位 实习生1人（工程能力评价与促进中心） （一）工作内容 1.协助参与工程师国际互认相关工作； 2.协助参与工程师能力建设相关工作； 3.协助参与产教协同育人国际合作相关活动； 4.协助做好交办的其他工作。 （二）岗位要求 1.政治可靠，诚实守信，有团队协作能力，细致认真，积极主动，具备较好的文字写作和沟通协调能力； 2.国内外教育学类、文学类、管理学类等相关专业硕士研究生； 3.熟悉使用办公软件，具有美工基础和宣传能力优先； 4.实习期3个月；每周工作日至少保证3天以上到岗时间。 （三）专业要求 国内外教育学类、文学类、管理学类等相关专业。 （四）学历要求 在校研究生。 （五）工作地点 北京市朝阳区安苑路11-1号邮电新闻大厦。 （六）其他 须提供就读学校在读证明。,7月3日,中国通信学会（China Institute of Communications，CIC，以下简称“学会”）成立于1978年，是在民政部注册的国家级学会，隶属于工业和信息化部，业务主管为中国科学技术协会，是民政部评估的5A级社会组织。学会党支部被中央和国家机关工委授予“四强”党支部称号。学会下设58个分支机构，与全国29个省级通信学会建立了密切的业务合作关系，个人会员7.6万余人、单位会员420余家。学会坚持为科技工作者服务、为创新驱动发展服务、为提高全民科学素质服务、为党和政府科学决策服务的定位，是党和政府联系信息通信科技工作者的重要桥梁和纽带。,"https://www.zhaopin.com/jobdetail/CC248372010J40928021304.htm?refcode=4019&srccode=401901&preactionid=a7c1140f-c46c-45e5-b867-ab342d8bdc77"
4558,项目专员/助理,上海-静安区,7000-10000元,龙元明城投资管理(上海)有限公司,"房地产开发,证券/期货",100-299人,未融资,CC245666130J40732145602,工作内容：1、协同做好公司全国范围内的基建投资项目从运营期到移交期的管理工作；   2、公司总部各类运营期数据、报表的整理。,7月18日,龙元明城投资管理（上海）有限公司是龙元建设集团股份有限公司（股票代码：600491）的全资子公司，成立于2014年，注册资本金人民币3亿元，是实施基础设施项目投融资、建设、运营管理及开展政府和社会资本合作（PPP）业务的专业机构。龙元明城开展PPP业务以来，在项目规模、合作机构、管理团队、业务创新等各方面设定了严格的标准，并充分发挥集团公司建设板块在项目工程设计、建设管理、施工总承包等方面的全产业链优势，力争在3至5年内将集团公司PPP业务打造成国内一流的业务标杆。龙元明城业务团队具有多年的基础设施领域投融资经验，负责的基础设施项目投资总金额累计超过500亿元，负责通过股权、债权、结构性金融产品等方式实施的融资总金额超过200亿元。团队核心成员是国内基础设施投融资领域专家，分别受聘为国家发改委PPP专家库专家和深圳证券交易所PPP业务特聘外部专家，并受邀为国家发改委PPP业务专题培训班、银监会PPP业务研讨班授课，曾多次受邀为湖南、安徽、山东、中山、佛山、江门、武汉、丽水等省市政府，以及上海证券交易所、各大银行、保险、大型央企等机构就PPP业务开展实务操作交流和培训。龙元明城开展PPP业务以来，与多级政府机构广泛接洽，建立了丰富的项目信息库，涵盖市政道路、学校、医院、保障房、会展中心、老城区改造、管廊工程等各类型PPP项目，同时还洽商了数十家国内知名金融机构，联合了轨道交通项目、展馆项目、园林项目、环保项目等领域国际、国内知名的运营机构，并已与部分机构达成长期战略合作伙伴关系，力争搭建国内领先的PPP项目业务合作平台。2015年9月以来，公司先后中标福建晋江国际会展中心PPP项目、山东莒县基础设施PPP项目、奉化市中山东路延伸段和长汀路（西河路至东环线）道路工程PPP项目、温州市鹿城区瓯江绕城高速至卧旗山段海塘工程和瓯江路西延（江滨路A线西段）二期道路工程PPP项目、象山71省道盛宁线东陈至茅洋段改建工程PPP项目及温州洞头区状元南片市政基础设施工程PPP项目等42个PPP项目，中标项目投资额近500亿元。龙元明城将以专业的项目实施能力、强大的资本运作实力为依托，整合龙元建设集团的全产业链优势，在基础设施投资领域设计最优交易结构，引入多样化资本形式，建立国有资本、民营资本、金融资本和产业资本的合作平台，构建政府和社会资本之间稳健、共赢的合作伙伴关系。,"https://www.zhaopin.com/jobdetail/CC245666130J40732145602.htm?refcode=4019&srccode=401901&preactionid=a7c1140f-c46c-45e5-b867-ab342d8bdc77"
4559,项目专员/助理,上海-浦东新区,1-1.5万·14薪,上海名佳利医疗器械有限公司,贸易/进出口,100-299人,未融资,CCL1264079910J40570924415,"要求: 1. 本科及以上学历, 英文四级, 理工科(高中阶段)优先, 工作经验不限. 2. 户籍不限, 全职工作, 认真踏实，做人诚信, 性格开朗, 思维敏捷. 3. 定位为：销售工程师， 主要是协助涉外工程项目, 技改项目, 金属加工材料的沟通, 图纸优化, 询价, 报价, 商务洽谈, 签约等工程项目合同流程. 待遇: 1. 1.试用期8000,转正8000+新人津贴+提成. 每年加薪优厚. 2. 公司拥有完整规范的制度体系, 做五休二, 无加班要求. 3. 拥有完整的培训体系, 为员工成长提供完善的晋升制度. 4. 提供优厚的福利待遇. 比如下午茶等.",7月25日,"名佳利集团公司成立于2003年6月,由名佳利金属有限公司，名佳利医疗器械有限公司，名佳利国际物流有限公司,名佳利国际际咨询公司，名佳利实业有限公司,以及名佳利健康管理有限公司组成，主要业务范围包括：各种金属制品,医疗器械,装潢建材产品,机械设备,金融投资,并且承接国内外各种工程项目等等,同时,包括物流运输,管理咨询，广告传媒，金融投资，公司拥有自营进出口权,为行业样板企业.","https://www.zhaopin.com/jobdetail/CCL1264079910J40570924415.htm?refcode=4019&srccode=401901&preactionid=a7c1140f-c46c-45e5-b867-ab342d8bdc77"
4560,项目专员/助理,北京-海淀区,7000-10000元·13薪,北京瑞源联创科技有限公司,"电力/水利/热力/燃气,电气机械/电力设备,仪器仪表制造,金属制品业",20-99人,,CC549761320J40747928001,,6月21日,北京瑞源联创科技有限公司（以下简称“瑞源联创”）是一家由主创管理、技术团队即参与国内大型风电机组国产化工作的行业专家、研发和工程技术人员组成，深入掌握国内风电从机组技术、运行维护管理到机组零部件深度维修维护的行业现状，目前致力于为风电运营企业提供综合技术服务的专业化技术型企业。公司通过整合风行业电上下游资源，为风电场运营企业提供风电机组设备检修维护、技术升级、部件维修、机组备件耗材供应等专业化风电服务，目前已在东北沈阳、蒙东通辽、河北张家口、西北酒泉等地建立了办事处或分支机构，服务网络覆盖了国内的主要风电场项目。同时，公司建立了强大的技术支持平台，可根据项目情况，实现不同风场间人员、工机具等灵活调拨、远程后台专家诊断技术支持，充分保证了维护检修任务的高效完成。,"https://www.zhaopin.com/jobdetail/CC549761320J40747928001.htm?refcode=4019&srccode=401901&preactionid=a7c1140f-c46c-45e5-b867-ab342d8bdc77"
4561,项目经理/主管,天津-和平区,90-110元/天,用友网络科技股份有限公司,"计算机软件,互联网金融/小额贷款",10000人以上,已上市,CC120887030J40470006407,工作职责 1、协助完成日常项目管理工作，包括但不限于项目记录整理、知识沉淀归档等； 2、协助完成产研效能指标数据收集与分析，针对团队协作中发现的问题进行归纳总结和改进。 【岗位要求】 1、认真、负责、细心、耐心，对数据敏感，有较强的逻辑思维、学习能力和数据分析能力，熟悉Tableau工具优先； 2、本科及以上学历，项目管理/计算机相关专业优先，有PMO实习经历优先； 3、了解产品研发项目流程，有较强的流程规范意识、沟通协作能力和推动落地执行能力； 4、至少实习6个月以上，能够长期全职实习者优先，近期能够入职者优先。,7月14日,用友（集团）成立于1988年，是领先的综合型、融合化、生态式的企业服务提供商，致力于服务中国及全球企业与公共组织的数字化转型与智能化发展。新时期，用友形成了以用友云为核心，云服务、软件、金融服务融合发展的新战略布局。用友云定位数字企业智能服务，为企业提供云计算、平台、应用、数据、业务、知识、信息服务等多态融合的全新企业服务。作为数字化商业应用基础设施，用友云已为超过400万家企业与公共组织客户提供企业云服务，覆盖大中型企业和小微企业；同时，用友云作为企业服务产业的共享平台，将汇聚超过万家的企业服务提供商，共同服务千万家企业与公共组织创新发展，推动中国数字经济与智慧社会的进步与发展。,"https://www.zhaopin.com/jobdetail/CC120887030J40470006407.htm?refcode=4019&srccode=401901&preactionid=a7c1140f-c46c-45e5-b867-ab342d8bdc77"
4562,项目专员/助理,郑州-惠济区,5000-7000元,腾翔环境科技有限公司,"环保,环保",1000-9999人,未融资,CC332176680J40454283216,职位要求：,8月8日,腾翔环境科技有限公司（以下简称腾翔环境）目前拥有员工5000余人，是一家致力于城市市容环境整治、道路清扫、垃圾分类清运处理、物业管理、公厕管理、园林绿化工程设计与施工、市政工程、环保工程施工、城乡环卫一体化服务为一体的集团化、现代化综合性服务企业。人力资本是公司最宝贵的财富，我们关注每一位员工的成长和未来，我们努力创造公平竞争的环境，只要你勤奋工作不断创新，你的努力和付出必将得到客观的评价和应有的回报。我们期待看到你在这个充满了理想、激情、关爱、责任和使命感的团队中尽显才华，成就事业，和公司共成长。,"https://www.zhaopin.com/jobdetail/CC332176680J40454283216.htm?refcode=4019&srccode=401901&preactionid=a7c1140f-c46c-45e5-b867-ab342d8bdc77"
4563,项目经理/主管,天津-河西区,8000-15000元,华东正大(江苏)环境集团有限公司,"金属制品业,房地产开发,环保",300-499人,未融资,CC214764420J40525300612,岗位职责： 1、项目应收账款催收； 2、负责整个项目产品的安装流程的跟进、回款跟进工作； 3、负责及时有效的跟进客户，建立好良好的沟通渠道，高效推进项目进度； 4、负责推进项目验收工作，过程中及时收集、整理、反馈问题； 5、负责与项目相关负责人协调沟通，定期向公司领导及合作方汇报工作进度。   任职资格：   1、大专以上学历，市场营销等相关专业毕业；   2、具备良好的语言表达能力和沟通能力，较强的团队合作精神；   3、熟练使用办公自动化软件；   4、具有机械行业销售、市场工作经验者优先；   5、具有独立工作能力和团队合作精神，善于学习，乐于从事富有挑战性的工作；   6、主要负责华北市场（包括长春、沈阳、石家庄、北京、天津、郑州等城市）能适应出差。,5月26日,江苏华东正大空调设备有限公司座落于江苏省靖江市，靖江被国务院列为对外开放地区并加入苏锡常火炬带，成为上海浦东开发区和苏锡常火炬带向苏北辐射、延伸的重要“桥头堡”。伴随着自1993年起的不断突破、创新以及坚持对性能与精度的不懈追求，产品遍布轨道交通、隧道、地下管廊、公共建筑、工业/民用建筑领域，产品性能及服务获得了市场高度的肯定和信任，奠定了我们在行业内的领先地位。我们是一家致力于防排烟系列设备、轨道交通专用消声设备/电动组合式风阀、中央空调末端风阀/消声器/风口设备、环境噪声综合治理、建筑抗震支吊架产品的研发、生产和销售的综合性公司，公司拥有三十年的经营历史，产品和服务遍及全国各地。公司占地40000平米，可年产轨道交通专用消声设备/电动组合式风阀10000余台，阀门20余万消声器/风口20余万台，确保客户能够获得极高水平的技术、生产能力和售后服务支持。华东正大是最可靠的合作伙伴。公司的经营方针：质量源自专业，信誉源自真诚，创新源自探索；公司宗旨：恪守承诺，追求卓越；公司追求的目标：跻身国际市场，创一流知名品牌，塑造更高层次的企业形象；公司的承诺：先进的技术、优质的产品、一流的服务、诚实的价格；企业发展的前提：尊重科学，尊重人才。江苏华东正大空调设备有限公司真诚地希望与社会各界有识之士全方位合作，发展民族工业，促进社会进步，共同创造美好未来。现公司生产基地及上海分公司因发展需要，诚聘与暖通相关的技术人员/销售总监/销售业务员及各种专业人才。,"https://www.zhaopin.com/jobdetail/CC214764420J40525300612.htm?refcode=4019&srccode=401901&preactionid=a7c1140f-c46c-45e5-b867-ab342d8bdc77"
4564,项目专员/助理,嘉兴-海盐县,7000-9000元,艾迪西流体控制集团有限公司,"电气机械/电力设备,仪器仪表制造",1000-9999人,未融资,CC424656980J40709846716,岗位职责:,5月7日,"公司成立于1992年，总部位于浙江宁波，于2010年深圳A股上市，作为全球流体控制领域的专业服务商，坚持“品牌+制造”的运作模式，服务于暖通、给水、消防、水暖配件及水处理等多个市场，提供多系列、上万种规格的阀门、软管、管件及管道等产品。鉴于逆全球化趋势，集团依托于欧洲Conex|Bänninger品牌服务和中国IDC制造服务，与2016年完成“三大洲制造，五大洲销售”的战略布局。截至目前，集团已在北京、上海、宁波、嘉兴、台州、江西、河北等地设立分子公司，拥有员工近2600名，年产值60亿。集团为高新技术企业、浙江省绿色企业、省级技术中心、省守合同重信用AAA级单位。艾迪西实验室拥有国家认可委员会（CNAS）认可的国家级实验室称号，为国内第一家有第三方的燃气类手动阀门和旋塞式阀门资质的检测机构，产品获欧盟CE、美国UPC、NSF、UL、FM、加拿大CSA、德国DVGM、英国WRAS、法国KIWA、澳大利亚WATER MARKS等多家世界著名认证公司的认证以及国内相关行业认证，公司共拥有专利证书近百项,，主编及参编多项国家标准和行业标准，国内首创的涂覆式碳钢管材及管件被评为国家最高等级的“三星级绿色建材”。","https://www.zhaopin.com/jobdetail/CC424656980J40709846716.htm?refcode=4019&srccode=401901&preactionid=a7c1140f-c46c-45e5-b867-ab342d8bdc77"
4565,项目经理/主管,深圳-龙岗区,1.5-3万,重庆鑫景特种玻璃有限公司,非金属矿物制品业,500-999人,,CC294962480J40772218002,关于我们： ATG 是一家先进玻璃材料的制造商。我们专注于创新驱动的研究，为客户提供世界一流的解决方案。角色：  我们正在寻找一位经验丰富的 *项目技术经理 （TPM）* 来领导复杂、高知名度的计划，将工程、制造和业务战略联系起来。您将协调跨职能团队，以提供可扩展的解决方案、优化流程并确保与我们的目标保持一致。,7月15日,重庆鑫景特种玻璃有限公司（以下简称“公司”）是由北京佐治投资有限公司与海南中航特玻材料有限公司等合资成立的特种玻璃新材料生产及研发的高新技术企业。公司注册资本46000万元人民币。目前公司主要经营高铝硅超薄触摸玻璃和高铝硅超强玻璃产品的研发、生产和销售，相关配套的玻璃深加工产品生产及销售，技术咨询，进出口业务。公司产品将打破超薄盖板玻璃主要依靠进口的局面，产品属高铝硅、高强度特种玻璃，具有超薄、高强度、抗冲击、耐磨、抗划伤等特性。现公司正进行一期生产线的建设.,"https://www.zhaopin.com/jobdetail/CC294962480J40772218002.htm?refcode=4019&srccode=401901&preactionid=a7c1140f-c46c-45e5-b867-ab342d8bdc77"
4566,项目经理/主管,泰安-岱岳区,8000-10000元,泰山集团股份有限公司,通用设备制造,1000-9999人,未融资,CC617325320J40358083113,岗位职责：     1.组织设计和制订工程建设计划；,8月13日,"泰山集团是一家研发制造工业锅炉、电站锅炉、压力容器、变压器、高压开关等产品的国家高新技术企业，产品所属行业涉及燃烧与控制、输变电、核电配套、化工及新能源装备等领域，基本涵盖了锅炉发电、变电、输电、配电的相关产业链条。泰山集团总占地面积1500余亩，员工5000余人，主营业务收入60多亿元，旗下拥有泰山锅炉公司、山东鲁能泰山电力设备有限公司、威海石岛重工有限公司等十余家子公司。泰山集团拥有1个国家级制造业单项冠军示范企业、1个国家级专精特新“小巨人”企业、1个省级院士工作站，5个国家高新技术企业，3个制造业单冠示范企业，2个瞪羚企业，3个省级企业技术中心, 2个工程技术研究中心（1个省级、1个市级），3个市级工程实验室，2个市级产业技术研究院，拥有专利近200项，其中发明专利20余项。近年来，企业综合实力不断增强，被评为中国500家最大机械工业企业、中国500家最佳经济效益工业企业、中国500家重合同守信用企业、中国大企业集团综合竞争力500强企业、中国大企业集团自主创新能力行业十强企业、中国工业企业品牌竞争力百家表彰企业、全国模范职工之家，“泰山牌”商标是中国驰名商标、中国工业锅炉行业最具影响力品牌。","https://www.zhaopin.com/jobdetail/CC617325320J40358083113.htm?refcode=4019&srccode=401901&preactionid=a7c1140f-c46c-45e5-b867-ab342d8bdc77"
4567,项目经理/主管,印度尼西亚-None,1.5-2万,用友网络科技股份有限公司,"计算机软件,互联网金融/小额贷款",10000人以上,已上市,CC120887030J40773775707,岗位职责: 1、 够独立担任财务供应链项目管理和实施工作，主导项目规划，参与蓝图设计、解决方案，把控系统建设等具体工作； 2、 负责项目交付，与客户沟通等工作，协调各项资源，确保项目计划有效推进，控制项目风险、质量、成本等，保证项目成功交付； 3、 负责项目范围、时间表和资源的变更管理，推动用户沟通与培训，确保系统顺利实施和过渡； 4、 负责项目团队建设与能力提升，与公司内部各相关部门保持良好沟通； 5、 进行实施案例整理及价值提炼，形成可复用的知识或可推广的最佳业务实践； 6、 对客户进行深度服务，保持良好客户关系，持续挖掘客户需求、创造价值，提升客户满意度。 7、 确保项目符合当地政策与法规要求。   任职要求: 1. 本科以上学历，项目管理、计算机、财务、企业管理或相关专业优先或相关专业的学历； 2. 超过5年的项目咨询、实施或管理经验，具备财务和供应链项目实施经验者优先； 3. 深刻理解企业业务管理流程，丰富的项目管理经验； 4. 出色的沟通能力，具备优秀的英文书面和口头表达能力者优先； 5. 熟练使用Microsoft Office、Visio、甘特图等工具； 6. 具有强烈的责任心和抗压能力； 7. 持有PMP认证或具备项目管理相关知识者优先； 8. 具备出色的领导能力和团队资源分配能力。 9. 长期驻海外者优先,7月26日,用友（集团）成立于1988年，是领先的综合型、融合化、生态式的企业服务提供商，致力于服务中国及全球企业与公共组织的数字化转型与智能化发展。新时期，用友形成了以用友云为核心，云服务、软件、金融服务融合发展的新战略布局。用友云定位数字企业智能服务，为企业提供云计算、平台、应用、数据、业务、知识、信息服务等多态融合的全新企业服务。作为数字化商业应用基础设施，用友云已为超过400万家企业与公共组织客户提供企业云服务，覆盖大中型企业和小微企业；同时，用友云作为企业服务产业的共享平台，将汇聚超过万家的企业服务提供商，共同服务千万家企业与公共组织创新发展，推动中国数字经济与智慧社会的进步与发展。,"https://www.zhaopin.com/jobdetail/CC120887030J40773775707.htm?refcode=4019&srccode=401901&preactionid=a7c1140f-c46c-45e5-b867-ab342d8bdc77"
4568,项目经理/主管,沈阳-新民市,1-1.3万,沈冶重型装备(沈阳)有限责任公司,"通用设备制造,专用设备制造",1000-9999人,未融资,CCL1373589980J40790870405,项目经理工作内容：  1、负责带队组织安装公司产品，协调甲方、丙方客户关系；,7月17日,"沈冶重型装备(沈阳)有限责任公司(英文缩写 SHEN YE,简称：沈冶重装)是在原中国有色(沈阳)冶金机械有限公司的基础上混合所有制改革而成。是我国有色、冶金、矿山、煤化工及电力等行业装备制造的大型骨干企业。公司历经80多年的发展与进步，现已成为世界三大制铝设备供应商之一及亚洲最大的镍铁回转窑大型混合机、大型磨机的供应商，年销售额约20亿元。公司位于沈阳经济技术开发区细河十北街26号，占地面积58.6万平方米。设置起重、冶矿、通用、金属结构、热处理车间及铸造分厂、技术管理办公室、制铝设备设计研究所、冶矿设备设计研究所、自动化工程及设备研究所、工艺技术部等。拥有最大切削直径16m的数控双柱立式铣车床、最大回转直径6.3m的数控重型落地车床及世界为数不多的ZC006移动式数控摆臂钻等大、精、稀金属切削设备680余台。公司现有员工1000余人，其中国家级突出贡献专家12人，具有高级技术职称89人。近年来，公司加大科技投入，技术成果不断涌现。现已拥有专利329项，其中发明专利25项；获得中国发明专利奖等国家级、省部级科技进步奖18项；获得省、市等引导性政策和资金支持1000万元；参与制定、修订国家标准7项。公司积极参与国内、国际市场竞争，形成了自行出口、国内与国外代理出口及合作制造等全方位的对外贸易格局。以600KA电解铝多功能机组、轻量智能化铝电解多功能机组、Φ6.3大型球磨机、Φ​5.5×115m镍治​炼回转窑、油膜轴承等系列产品销往全国各地区及美国、加拿大、冰岛、印度、日本、巴西、俄罗斯、哈萨克斯坦、德国、挪威、伊朗、赞比亚、刚果等十余个国家，出口销售收入占总比的33%。公司奉行“追求全体员工物质，精神双丰收，为顾客创造价值，为社会进步做贡献”的经营理念和社​会责任感。我们愿交天下朋友，为用户提供优质设备和服务，真诚合作，互惠共赢，携手共创美好明天！联系方式：电话：18040078783、024-31228921邮箱：join@shenye.cn、282002722@qq.com福利待遇：免费午餐、免费班车、通话补助、外地应届毕业生可提供宿舍、采暖费报销、缴纳五险一金、带薪年假、节日福利、周末双休、定期体检等","https://www.zhaopin.com/jobdetail/CCL1373589980J40790870405.htm?refcode=4019&srccode=401901&preactionid=a7c1140f-c46c-45e5-b867-ab342d8bdc77"
4569,项目经理/主管,泰安-泰山区,5000-6000元,威高集团,"医药制造,医疗设备/器械",10000人以上,已上市,CC000616790J40820423008,岗位职责: 1. 负责协调和管理陪护项目，确保项目顺利进行 2. 与团队成员沟通，确保服务质量和团队协作 3. 监控项目进度，及时解决项目中出现的问题 4.负责陪护人员招聘 任职要求： 1. 具备出色的沟通能力和团队合作精神 2. 能够有效管理项目，确保任务按时完成 3. 具有良好的问题解决能力，能够应对项目中的各种挑战 4.有陪护项目管理经验优先,7月4日,威高始建于1988年，怀着改善孤寡老人生活的朴素善念，在乡镇福利院中成立一家小作坊。目前致力于发展主营业务医疗器械和医药，占地面积600多万平方米，拥有13个产业集团、100多家子公司，其中3家上市公司、8家海外公司，并在国内10省市建有制造基地，员工3万多人。始终以改善国民健康、打破国外垄断为己任，现成为全球品种齐全、安全可靠、值得信赖的医疗系统整体解决方案供应商。系中国企业500强、全国自主创新示范单位，获全国五一劳动奖状、中国工业大奖、全球卓越绩效企业、全国实施卓越绩效先进模式企业、两获中国质量奖提名奖等荣誉。打造系统化的研发平台，以创新提升核心竞争力，丰富产品结构。建有国家认定企业技术中心、国家工程研究中心、全国创新试点型企业、院士工作站、博士后工作站、泰山学者实验室等15个国家及省级创新平台，与中国科学院、中国工程院、301医院等多家单位开展产学研合作，与100多名院士建立合作关系。拥有专利1700多项，医疗器械和药品有1000多种、20多万个规格。致力于解决外国“卡脖子”问题，攻克技术壁垒21项，100多种产品实现国产替代，承担30多项国家重点项目，获国家科技进步奖4项、国家技术发明奖2项、国家优秀工业设计金奖1项.坚持科学管理，完善管理体系。建有国家技术标准创新基地、国家认定检测中心，拥有1项行业内由企业制定的国际标准、2项国际标准提案，主导或参与国家标准11项。以先进制造技术提高产品质量，引进国内外先进自动化生产设备，建立智能制造（MES）、AI视觉检测、质量BI数据等管理系统，不断完善管控流程，并进行数字化转型，不断提升生产制造能力与管理水平。完善产业布局，布链、强链、延链。建立医疗工业、医疗商业和医疗服务业，三种业态协同发展的产业布局，打造医疗生态链。医疗工业重点打造了临床护理、骨科、血液净化、药品包装、医疗介入、手术机器人、医学工程等产品线，护理、血液透析、药包材、血液技术等产品线、骨科产品线居全国前列。销售网络遍及国内外，建有100多家销售办事机构，打造了中国驰名商标“洁瑞”、“威高”，产品销往世界100多个国家或地区。主动承担社会责任，大力支持社会公益和慈善事业，开展了威高光明行动、威高爱心工程、威高无障爱、威高生命接力工程等活动，为国防、教育、助残救灾等累计捐款捐物10亿多元，其中2020年为新冠疫情捐助6000多万元款物。威高将致力于加快国际化步伐，打造国际化品牌，实现“中国最强、国际一流，最受人尊敬的医疗器械和医药创新型企业”的愿景。,"https://www.zhaopin.com/jobdetail/CC000616790J40820423008.htm?refcode=4019&srccode=401901&preactionid=a7c1140f-c46c-45e5-b867-ab342d8bdc77"
4570,项目专员/助理,北京-昌平区,1.5-3万,北京链家置地房地产经纪有限公司,"房地产中介,电子商务",10000人以上,未融资,CC252944430J40481880616,我本人是09级河北科技大学经济管理系的毕业生，13年毕业以后一直在链家平台工作！12年实习的时候其实完全可以留在国企单位做一名内勤，但是处于90后的闯劲和韧劲，对生活不甘平庸的态度，我决定改行，来到北京，从事房地产销售行业！链家快8年的工作履历忠，让我进步成长很快很大，从原来的毛头小子变成了一个真正的职业经理人，真正的职业规划师和命运的主宰！因为在链家这个平台，公平的晋升机制让我可以最快的得到职业的发展！因为在链家平台，良好的合作是平台的基础，可以让我把后背交给我最亲最信任的战友！未来的链家将是科技的链家，以人为本，从经纪人出发，相信会更加强大！在这里我对平台和公司的认识。,6月27日,北京链家成立于2001年，是中国领先的房地产服务企业，业务覆盖二手房、新房、租房等全方位房产交易和居住服务，目前北京链家有1000余家门店。20年来，北京链家致力于提供安全有品质的服务，在行业率先承诺“不吃差价”、首倡“真房源”、推出“交易不成佣金全退”“电话营销扰一赔百”等18项安心服务承诺，与此同时北京链家也在全面推行店面服务升级和经纪人职业素养提升，坚持对客户好，对经纪人好，对社区好，持续推动行业进步，不断提供更有品质的服务。,"https://www.zhaopin.com/jobdetail/CC252944430J40481880616.htm?refcode=4019&srccode=401901&preactionid=a7c1140f-c46c-45e5-b867-ab342d8bdc77"
4571,项目专员/助理,青岛-崂山区,100-150元/天,山东产业技术研究院(青岛),"科学技术推广,投资/融资",20-99人,不需要融资,CCL1348655690J40658942815,岗位职责：  1.协助对接政府部门，了解产业政策信息，为生态企业提供政策赋能服务；   2.协助开展技术转化项目、投资项目、概念验证中心、行业协会及院平台资质管理；   3.协助开展行政工作。     任职要求：,8月16日,山东产业技术研究院于2019年7月30日正式挂牌成立，秉承“商业成功是检验技术创新唯一标准”的理念，致力于产业技术创新与集成，实现技术产品化、商业化。2020年12月，青岛市人民政府与山东产业技术研究院签署战略合作协议，注册成立山东产业技术研究院（青岛）。致力于建设产业技术新型研发机构，开展产业关键核心技术原始性创新与系统集成创新，实现技术工程化、产品化、产业化；着力建设省内外科技合作与交流平台，建设青岛高水平科技智库，打造引领青岛创新驱动发展的核心引擎。该研究院为不纳入编制管理的独立法人事业单位，实行企业化管理、市场化运营。山东产业技术研究院（青岛）高度重视优秀人才的汇聚和培养，为青年人才提供事业发展的大舞台。福利待遇方面，享受山东省、青岛市人才政策的同时，获得具有竞争力的薪酬福利，人才公寓、专业培训、五险一金、带薪年假、团建旅游等。此外，还有优秀的研发和管理团队、优越的办公环境，共享成果转化收益的红利。诚挚欢迎有志之士加入产研院（青岛）！,"https://www.zhaopin.com/jobdetail/CCL1348655690J40658942815.htm?refcode=4019&srccode=401901&preactionid=a7c1140f-c46c-45e5-b867-ab342d8bdc77"
4572,项目经理/主管,深圳-福田区,1-2万·13薪,深圳鼎智通讯股份有限公司,"通信/网络设备,运营商/增值服务,通信/网络设备",100-299人,A轮,CC142803417J00433657106,岗位要求： 1. 本科及以上学历，2年及以上相关工作经验； 2. 熟悉通讯类整机的项目管理，有POS机或手机、平板类经验优先；有海外客户对接经验优先。 3. 良好的英语听说读写能力（可熟练主持英语会议）； 4. 熟练运用办公软件。 5. 良好的沟通协调及管理能力，思维条理性清晰，有较强的组织执行力。 6. 熟悉研发流程； 岗位职责： 1. 负责项目进度与风险管理； 2. 协调资源处理项目研发过程、及试产相关问题； 3. 跟进处理业务与客户相关需求； 4. 跟进小批量阶段物料签样状态； 5. 主导替代料验证导入； 6. 跟进产品准入认证事项； 7. 量产项目后期定制需求跟进； 8. PMO相关事务。 职位福利：五险一金、交通补助、带薪年假、定期体检、股票期权、餐补   ,7月7日,"深圳鼎智通讯股份有限公司成立于2006年4月,总部位于中国深圳市福田区,是一家生产移动终端为主的高新科技集团企业,公司拥有独立的研发设计、生产制造、品牌经营、全球销售等完整产业链。主营业务包括：电子配件、充电器、移动通信系统手机、平板电脑、数字电视机、移动多媒体设备、无线网络设备、汽车电子及POS机的研发、销售及软硬件的设计与技术开发；货物及技术进口等。旗下全资子公司包括了香港鼎智通讯有限公司、惠州鼎智电子有限责任公司、吉安鼎智通讯有限公司，深圳鼎智通讯技术有限责任公司，现公司员工总数1200余人，深圳总部有近300人，研发团队200余人（其中本科及以上学历占90%以上）。拥有实力雄厚的研发团队、拥有着经验丰富的工程师和通信技术专家，能进行GSM、WCDMA、TD-SCDMA、LTE等2G-4G网络下智能设备全过程方案开发，并在技术层面与展讯、Micron、Qualcomm、MTK、Broadcom、Samsung等国际大公司建立了长期战略合作关系。鼎智通讯始终坚持客户导向、精益求精的企业价值观，得到了社会各界的高度认可，2007年被深圳市政府授予“深圳市软件企业”称号，2008年授予“深圳高新企业”称号，2010年授予“国家高新企业”称号，2012年授予“重点软件企业”称号，2018年获得“省工程技术研究中心”认定名单，2022年获“创新型中小企业”称号，2023年获得“专精特新中小企业”称号。鼎智通讯拥有高素质、高效率的销售和技术服务团队，为全球多个知名品牌提供优质的服务，曾经全球每年有3000万智能手机用户、1200万平板电脑用户在使用鼎智通讯提供的产品。鼎智通讯凭借现代化的企业管理、优质高效的团队、丰富的开发经验，不断发挥自身优势，整合行业资源，迅速响应全球通讯市场的需求，并不断开拓创新，引领市场趋势。从2010年至今香港、印度、俄罗斯、美国、德国、西班牙、巴西、尼日利亚、南非、沙特、伊朗、俄罗斯等国际市场都取得了优秀的成绩。","https://www.zhaopin.com/jobdetail/CC142803417J00433657106.htm?refcode=4019&srccode=401901&preactionid=a7c1140f-c46c-45e5-b867-ab342d8bdc77"
4573,项目专员/助理,上海-闵行区,1-1.3万,上海中船船舶设计技术国家工程研究中心有限公司,"船舶/航空/航天/火车制造,计算机软件,计算机硬件,通信/网络设备",100-299人,不需要融资,CC539544820J40816742808,岗位职责： 1.负责配合项目经理完成项目全周期管理工作； 2.负责项目进度、成本、风险、质量的管理，人员的调配，项目的推进； 3.负责与项目相关方的沟通和协调，及时预警项目执行过程中的问题，确保项目顺利实施； 4.项目全过程管理、质量控制程序、软件控制程序等项目相关管理程序并负责有效推进； 5.组织项目完工后归档。任职要求：  1.统招本科及以上学历，计算机、工程管理、项目管理、信息管理等相关专业毕业；  2.工作经验不限，有船舶相关行业或者J工制造业、工业企业项目管理经验者优先；  3.具有良好的沟通能力、协调能力、文字表达能力、分析判断能力和解决问题的能力；  4.能较好处理项目执行过程中存在的问题，化解矛盾，推进项目执行；  5.能够承担较强的工作压力。,7月25日,上海中船船舶设计技术国家工程研究中心有限公司是由依托单位中国船舶及海洋工程设计研究院和船舶设计技术国家工程研究中心于2004年9月组建的有限责任公司。公司是上海市高新技术企业和上海市软件企业，专业从事船舶及海洋工程设计开发研究，船舶信息管理及控制系统和设备设计、开发、集成和服务。公司具有进出口外贸资质。公司通过长期公关和工作实践，建立了船舶信息化产品研制技术体系，培养了一支以中青年技术骨干为主的，具有技术开发、软件开发、系统集成开发和工程实施的专业技术队伍。公司现有员工110名，其中本科以上学历占95%，硕士研究生以上占30%；公司共有研究员和高级工程师16人，硕士研究生导师2名。公司通过GJB9001和ISO9001质量体系认证、拥有船舶信息系统集成产品生产和试验设施、先进软件开发及测试平台，公司已取得软件著作权29项、发明专利2项、实用新型专利4项、国家标准1项。公司面向市场研发和攻关，在船舶信息化、自动化、智能化领域，形成基于全船安全冗余复杂网络的信息化整体解决方案，开发了综合平台管理系统、作业辅助决策系统、全船主干网络系统、船舶数据中心、损管控制系统、无人艇综合控制系统、机舱监测报警系统、综合驾控台、配载计算机系统、船体应力监测系统、通风空调控制系统、生活保障通信分系统等船用信息化集成装备产品30余项。其中船舶配载计算机系统safeload国内品牌市场占有率位居第一，其它产品在市场占有率也名列前茅。作为一家具有社会责任感的企业，公司以“开拓、创新、合作、发展”为企业的经营理念，坚持科技引领创新发展，通过建立良好的机制、规范的管理、完善的体系，确保长期稳定可持续发展。公司立志成为船舶信息化系统设计开发的领导者，推动我国船舶产品信息化技术进步，提升我国船舶装备现代化水平。,"https://www.zhaopin.com/jobdetail/CC539544820J40816742808.htm?refcode=4019&srccode=401901&preactionid=a7c1140f-c46c-45e5-b867-ab342d8bdc77"
4574,项目专员/助理,台州-临海市,4000-7000元,台州市路商蔚来资源控股集团有限公司,"电气机械/电力设备,房地产开发",1000-9999人,未融资,CC855705180J40750301609,岗位职责： 1.监督、跟踪各部门的工作进度;  2.根据工作复盘情况出具考核通知;  3.根据结果反馈，梳理集团的制度流程并进行编写.,7月23日,【路商集团简介】路商集团成立于1999年，是一家创业于中国台州的综合化集团企业。路商成就得益于秉承“合作•坚持•分享”的企业理念；打造集团生命智慧体，坚持集团化、多元化、专人化与专业化发展的经营战略思想；实行各公司品牌独立、经营自主而财务直属的管理体系，推行内部股东合作机制、中高层利润激励机制。路商在人文上，始终以“引领企业文化，缔造世纪品牌”为发展宗旨，倡导“以制治企”，并于2014年在集团内部推行《路商基本法》、《路商五年规划》《路商管理制度》、《路商财务管理制度》、《路商考核管理制度》，奠定路商百年企业的基础。路商拥有多家子公司并与两个有全国影响力的终端品牌集团公司建立全面合作伙伴关系，路商通过公司上下游产业链资源整合逐步在国内构建四大经济中心（珠三角•广东，长三角•浙江、江苏，京津冀•天津，中原•河南、陕西、湖北）、三大片区（华东徐州，华南广西，西南重庆）新能源科技生产智造基地。路商在蔚来时间内将协同科技公司建立和试行“创新工业城市高效的解决方案的服务者”。路商希望有更多的科技行业伙伴加入，为科技发展提供更多便利，将无缝对接集团内公司资源以支持“蔚来的超连接智慧生态产业城”，使智能服务为工业社区提供完美的生活体验，并为加入公司创造新的发展机遇。智慧工业仅是路商蔚来蓝图一角，同时还涉及包括交通、医疗卫生、教育、家居、环境和物流等领域，并落实有关智能交通与无线科技等具体技术的应用。路商将响应政府集聚化的园区号召，提高土地建设高效使用，助力政府的开发与建设，并降低建造楼房的成本和产品生产成本的可能性，为中小企业提供发展平台，提升科技创新资源配置能力，同时为政府解决散小乱的环保治理难度，统一提高园区环保环境治理效率与质量。路商致力于打造开发建设、生态运营、产业投资三大核心功能，以开发建设为基础，生态运营为抓手，产业投资为催化剂，孵化培育创新型企业，助力企业发展壮大，走出做大、做强、做细、做精、做久的可持续发展之路。路商成立了慈善基金会，“以企支持公益慈善事业，促进社会企业和谐与发展”，主动承担社会责任，做好企业公民。路商蔚来要成为全球领先的新型生态产业园区开发运营集团，打造世界一流的产城融合综合体。路商将在新能源产业实业及新模式商业管理道路上，拓展国内外更为广阔的市场共赢蔚来及共同富裕！,"https://www.zhaopin.com/jobdetail/CC855705180J40750301609.htm?refcode=4019&srccode=401901&preactionid=a7c1140f-c46c-45e5-b867-ab342d8bdc77"
4575,项目专员/助理,深圳-南山区,1-1.5万,中国科学院深圳先进技术研究院,"学术/科研,学术/科研",1000-9999人,未融资,CC227408420J40724775516,岗位职责:,7月11日,"中国科学院深圳先进技术研究院由中国科学院、深圳市政府、香港中文大学2006年在深圳共同组建，已经逐渐成为集教育、科研、产业、资本四位一体的新型科研机构。先进院拥有一支结构合理，创新能力卓越的研发队伍，拥有一支由研究生、博士后、访问学者组成的高水平流动人员队伍，现有员工1800多人，50%具有博士学历；超过600人具有海外留学背景，PI（教授、副教授）百分之九十从国外引进回国。拥有一套先进、高效的管理体制和合理完善的科技成果转移、转化的科技成果被企业广泛接受与应用，培养的专门人才得到社会广泛认同与欢迎，成为人才一流、科研一流、管理一流的国家研究机构。--------------------- Shenzhen Institutes of Advanced Technology(SIAT)-Chinese Academy of Sciences was jointly established by Chinese Academy of Sciences(CAS), The Chinese University of Hong Kong(CUHK), and the Shenzhen Municipal Government in 2006. Over the past 13 years, SIAT has earned an outstanding reputation for translating findings from basic research into industrial application under the efforts of the interdisciplinary teams of scientists and engineers. The wide-ranging expertise drawing from technical, engineering or science professions has now positioned SIAT at the interface between biology technologies(BT) and information technologies(IT) for the 21st century innovation.","https://www.zhaopin.com/jobdetail/CC227408420J40724775516.htm?refcode=4019&srccode=401901&preactionid=a7c1140f-c46c-45e5-b867-ab342d8bdc77"
4576,项目专员/助理,武汉-江岸区,110-120元/天,智联招聘,"互联网,企业服务",1000-9999人,未融资,CC120019970J40815455803,1.协助完成项目竞标期间的相关工作，协助项目经理推动各企业校园招聘整体进程;  2.协助项目经理完成宣讲、笔试、面试、签约等整体安排，完成项目物料需求单的总体流程跟踪和项目结算;   3.负责项目内外的沟通，任务下达及反馈，解决项目执行过程中的突发事件以及其他临时性工作。,7月22日,我们等你很久啦！来吧来吧，你有必要重新认识我除了找工作想到我，你有没有想过来智联工作？作为“90”后的一员，智联成立于1994年，经历了从招聘服务商到职业发展平台，再到构建人才生态的自我成长，过程中积累了庞大的B/C端用户规模，依托成熟的3的三次方产品模型，不断在智能时代精进算法，并通过视频、语音技术在生态中的渗透不断开辟行业新业态。历经数十载专业深耕，智联招聘业务已覆盖企业和职场人的全周期，目前拥有35家分公司，3.21亿职场人用户，累计合作企业数达1176万+。感受有温度的品牌服务·网络招聘：超全面、超丰富的工作机会，更有视频直播招聘活动，足不出户，求职招聘“视频见”。·智联校园：陪伴你从青葱校园迈向专业职场，见证你的成长。·智联海外：让你和你的企业与世界接轨，international～·智联卓聘：专注中高端，优秀的企业需要优秀的人儿。·智联RPO：专属猎头定制服务，只为每个独一无二的你。·人才测评：帮你更好地了解自己，指明你的职场方向。·智联教育：前行的路上给自己“加个油”。·外包服务：一切交给我们，你只管当boss。我们能带给你：大平台工作经验，highlight你的个人履历·工作氛围超nice，能力提升UP UP UP·绩效奖金拿到手软，每一分付出都能看见回报；入职即享六险一金，每年奉上豪华体检福利，为披荆斩棘的你保驾护航·灵活的考勤规则，让工作节奏更自由·周末双休，节假日福利礼品不断；你的小确幸我们承包了·专业大咖定期培训和交流，享受独家学习资源·超嗨团建，零食投喂，冬天里的第一杯奶茶……一起开黑吧我们期待驰骋行业多年身经百战的你；初出茅庐充满干劲的你；寻求转型渴望突破的你；乐观善良，自驱创新——是你的关键词；你关注美好的世界，我们关注你的美好；让千里马和伯乐，不再千载难逢。智联招聘，更懂你的价值！智联的明天，由你创造！,"https://www.zhaopin.com/jobdetail/CC120019970J40815455803.htm?refcode=4019&srccode=401901&preactionid=a7c1140f-c46c-45e5-b867-ab342d8bdc77"
4577,项目经理/主管,芜湖-弋江区,1.5-3万·14薪,奇瑞控股集团有限公司,"汽车研发/制造,专用设备制造,电气机械/电力设备,电子设备制造",10000人以上,未融资,CC859131720J40764160511,一、岗位职责：,7月29日,奇瑞控股集团有限公司（简称“奇瑞集团”）成立于2010年10月，是一家以汽车产业链为核心的多元化企业集团，拥有员工近5万人，总资产1200亿元。奇瑞集团充分利用体制机制优势和品牌效应，整合多种社会资源，稳步推进多元化发展，形成汽车、汽车零部件、船舶、地产、金融、现代服务、智能化七大业务板块，旗下拥有奇瑞汽车、奇瑞商用车、奇瑞捷豹路虎、奇瑞科技、奇瑞徽银金融等280余家成员企业，业务范围遍布海外80余个国家和地区。奇瑞集团秉持“创新责任共赢”的品牌核心价值，始终以产业报国为己任，致力于成为具有全球影响力和国际竞争力的一流集团品牌。以自主创新为核心战略，奇瑞集团坚持技术、产业、管理、体系和服务的全方位创新。集团累计申请各项专利18000余项，位居中国汽车行业前列；拥有近30个国家级创新型企业、技术中心和实验室等，10余次荣获“国家科技进步奖”和“中国十大创新型企业”等荣誉。集团率先在新能源、智能网联、自动驾驶等多个前瞻领域完成布局，是国内最早研发新能源汽车的企业之一，先后承担55项国家“863”计划重大专项；已成功开发出第一代、第二代无人驾驶产品，并计划在2025年实现 L4级高度自动驾驶。视社会责任为企业担当，奇瑞集团积极投入公益事业，在全球范围开展环境保护、精准扶贫、捐资助学等各类公益慈善行动。奇瑞连续十多年如一日，在甘肃民勤戈壁沙漠种植千余亩“奇瑞防沙公益林”；设立了“21世纪东方之子奖学金”，联合奇瑞车主捐建“新奇军希望小学”，开展“百万助跑公益计划”。2020年新冠肺炎疫情期间，奇瑞集团通过捐款捐赠、海外采购医用物资、生产捐赠负压救护车、爱心献血等多种形式，倾己之力驰援抗疫行动。在海外地区，奇瑞凭借良好的产品、服务和口碑，连续四次荣获中国“最佳海外形象企业”荣誉称号。以合作共赢为核心目标，奇瑞集团致力于构建与股东、行业、地方、合作伙伴、用户等共赢发展的格局。奇瑞在带动地方汽车及相关产业发展方面发挥出积极作用。围绕汽车产业链，奇瑞在芜湖当地集聚汽车及零部件企业870多家，吸引前来投资的世界500强企业近40家，整体提供就业岗位约15万人；依托奇瑞孵化衍生出工业机器人、通用航空、新能源、现代农业装备、智能互联、汽车金融、旅游地产、跨境电子商务等新兴产业。2019年，奇瑞集团顺利完成增资扩股，迎来新股东的强势赋能，迈入加快发展的新阶段。截至2019年底，奇瑞集团年销售收入连续三年突破1000亿元。集团汽车核心业务累计实现整车销售830万辆，海外出口突破160万辆，连续17年位居中国乘用车出口第一。展望未来，奇瑞集团将继续以汽车产业为核心，大力发展与汽车相关的现代服务业，确立“制造+现代服务”双主业布局；同时努力拓展金融业态，扩大金融业务规模，实现“产业+金融”双轮驱动。集团业务将继续向高附加值业务延伸，打造具有竞争力的“汽车产业生态圈”。,"https://www.zhaopin.com/jobdetail/CC859131720J40764160511.htm?refcode=4019&srccode=401901&preactionid=a7c1140f-c46c-45e5-b867-ab342d8bdc77"
4578,项目经理/主管,赣州-章贡区,1.5-2万,江西南滕建设工程有限公司,工程施工,20人以下,,CCL1492891320J40675741811,因业务需要，招项目经理1名，需持有一级建造师或二级建造师,7月25日,,"https://www.zhaopin.com/jobdetail/CCL1492891320J40675741811.htm?refcode=4019&srccode=401901&preactionid=a7c1140f-c46c-45e5-b867-ab342d8bdc77"
4579,项目专员/助理,北京-朝阳区,7000-10000元,外企德科数字技术有限公司,专业技术服务,10000人以上,,CCL1480117890J40796471005,岗位职责 1）基于产品与运营目标，构建核心运营指标体系与监测机制，设计并执行数据分析和监测策略，追踪运营效果，驱动目标达成。 2）参与项目运营机制框架的设计与迭代，包括运营目标的拆解与设定、关键问题诊断、核心策略规划及落地路径设计，确保运营活动高效可持续。 3）负责对接各业务部门的数据需求，提供资产推荐方案，推动资产能力的改进。 4）协同商分或产品团队，根据工具系统/数据资产核心价值点，支持宣传推广文案的撰写与视觉素材策划，确保信息准确性与吸引力。 5）遵循项目管理标准操作程序（SOP），确保项目顺利开展并按时达成里程碑。,2025-07-27 00:26:09,外企德科数字技术有限公司是一家2023年新成立的中外合资企业。成立于2023年11月24日，公司定位：专注于为信息技术企业提供人才及数字技术外包解决方案的中外合资企业。它是由中国人力资源服务行业的FESCO（北京国际人力资本集团）与全球人力资源服务领导者The Adecco Group（德科集团）合资成立的。公司主要提供网络技术服务、软件外包服务、计算机系统服务、技术进出口、软件开发等信息技术相关服务。专注于为信息技术企业提供信息技术类人才及数字技术外包解决方案。,"https://www.zhaopin.com/jobdetail/CCL1480117890J40796471005.htm?refcode=4019&srccode=401901&preactionid=a7c1140f-c46c-45e5-b867-ab342d8bdc77"
4580,项目专员/助理,成都-武侯区,5000-10000元,四川复朴信息技术有限公司,"计算机软件,计算机软件,网络/信息安全,互联网",20-99人,未融资,CCL1426683600J40717072311,"职位描述： 1、主要负责研究院所承接的教育咨询项目、教育项目申报、教育奖项培育项目的项目管理，资源协调，文件汇总和项目落地工作。 2、负责研究院教育项目的信息收集、分析、整理、跟踪，并实施具体的项目部署安排。 3、负责对项目进行协调对接、组织专家会议及评审、汇总文件材料、管控项目进度、推进项目完成等。 任职要求： 1、本科及以上学历，汉语言文学、教育学等相关专业优先考虑。 2、需有职业教育以及相关行业2年以上工作经验,研究生可接受应届毕业生。 3、语言表达流利，普通话标准，具备写材料能力。 4、具有教育行业项目管理及从业经验，主导过教育咨询项目或教育奖项申报或培训项目者优先考虑。 5、对职业教育政策具有较深理解，对职业教育运行规律有一定掌握。 6、具有良好的人事协调能力，能够很好与研究院教育专家团队协调交流并推动项目发展。 福利待遇： 1、薪资：底薪+项目提成+年终奖，项目奖金根据公司制度分配比例，上不封顶 2、活动：节假日礼物、入职社保公积金、带薪年假 3、研究院拥有职业教育行业资深专家，完成过大量高质量职业教育咨询项目，能够为本人职业发展提供良好平台。 4、上班时间：周一至周五 8：30-12:00 13:4018：00 周末双休 地点：成都市武侯区科华北路亚太广场C座1411 （地铁八号线：川大望江校区地铁站往前200米） 职位福利：年底双薪、绩效奖金、年终分红、加班补助、全勤奖、节日福利、餐补、项目奖金 职位亮点：教育专家团队、项目奖金、年终奖、带薪年假",6月6日,复朴公司成立于2022年，主要从事：技术服务、技术开发、技术咨询、技术交流、技术转让、技术推广；教育咨询服务（不含涉许可审批的教育培训活动）；软件开发；人工智能应用软件开发；网络与信息安全软件开发；网络技术服务；信息技术咨询服务；信息系统运行维护服务；信息系统集成服务；数字内容制作服务（不含出版发行）；计算机系统服务；智能控制系统集成；软件销售；网络设备销售；移动通信设备销售；计算机软硬件及辅助设备批发；信息安全设备销售；互联网设备销售；电子产品销售；计算器设备销售；通讯设备销售：机械设备销售等工作。公司业务主要如下可视化平台设计、三维仿真开发、3D模型设计、虚拟仿真开发、数字媒体制作等工作。,"https://www.zhaopin.com/jobdetail/CCL1426683600J40717072311.htm?refcode=4019&srccode=401901&preactionid=a7c1140f-c46c-45e5-b867-ab342d8bdc77"
4581,项目专员/助理,上海-静安区,5000-8000元,安徽拓佳投资集团,"景区/商业/市场等综合管理,租赁服务",500-999人,天使轮,CC155523510J40776057103,本岗位是一个综合型岗位。 主要工作职责： 1、在公司项目办负责各类内务工作，并配合集团总部的行政、人事、财务对接工作； 2、配合项目负责人和分管领导，做好项目招商、客户款项回收等相关工作； 3、负责日常来访客户接待、项目情况介绍、迎来送往等后勤保障工作； 4、配合公司领导在当地的日常商务接待和商务宴请等工作； 5、做好所在子公司外联、对接工作，以及公司交办的其他围绕所在项目业务开展的其他工作任务。 任职要求： 1、本科及以上学历；年龄20-26岁； 2、能熟练使用各类办公软件； 3、形、象好气、质佳，性格外向阳光、活泼开朗； 4、具备良好的语言表达能力和人际交往能力； 5、执行力强，能按照公司要求及时、准确执行相关工作要求； 6、有良好的抗压能力和情绪管理能力。,4月9日,1999年拓佳集团从深圳起步，运营打造首个物业代表作“安徽大厦”；2002年，拓佳集团正式在安徽合肥建立总部。历经多年发展，致力成为中国领先的商业及公建资产运营管理集团，主营：社区综合主题商业，文博文旅文创商业，高铁地铁交通商业；新增：保税物流仓储商业，科技创新智能商业，现代场馆体育商业。公司具有现代服务企业的合理产业结构和战略布局，与各级政府、央企、国企、世界五百强、上市公司开展深度合作，提供商业资产策略顾问、深度设计、修复改造、招商运营、退出管理等全程深度服务。集团轻资产运营模式所带来丰厚的经常性利润，实现了超额附加值和多方共赢，被业界誉为“最具抗风险性能力的商业资产管理集团”。目前，拓佳集团持有商业面积约230万平方，下游合作客户超10000家；以“拓佳”命名的商业地产项目已遍及合肥、深圳、马鞍山、芜湖、铜陵、宿州、亳州等多个城市的核心区域。在此基础上，我们也将持续稳健的增加项目储备，集团已在上海、北京、成都、深圳、南京、杭州、济南、南宁等多个城市着手项目落地。立足长三角事业部，布局大湾区事业部及成渝事业部，未来还将继续深耕社区商业项目，并重点在文旅商业及轨道交通领域大力创新拓展。拓佳集团以特有的商业模式和行业贡献，赢得了省委省政府的高度认可和业界的一致好评。集团作为省政府重点关注和培养的企业，已全面启动了上市相关计划，国有安元基金也已入股集团，未来三年内，集团将通过战略目标的不断校正，品牌资源的高效整合，营业规模的不断扩大，争取在中国主板成功上市！,"https://www.zhaopin.com/jobdetail/CC155523510J40776057103.htm?refcode=4019&srccode=401901&preactionid=a7c1140f-c46c-45e5-b867-ab342d8bdc77"
4582,项目经理/主管,太原-万柏林区,6000-8000元·13薪,山西唐讯科技有限公司,电力/水利/热力/燃气,20-99人,不需要融资,CCL1389786420J40719311810,岗位职责:  1.熟悉电力工程、安装工程相关工作流程;     2.能够进行配电自动化产品的安装调试及故障排查工作；    3.熟悉变电站相关手续的办理及辅助资料; 编订工程施工组织设计、工程签证等工程资料；    4.根据业主及监理要求，协调工作，及时处理过程中遇到的问题，或协助项目经理完成项目的其他工作。        ,7月21日,山西唐讯科技有限公司是一家致力于信息技术与物联网发展的高科技企业。公司秉承科技创新的理念，在国家倡导“大众创业、万众创新”的新时代下，始终坚持以技术创新、产品创新、服务创新的“三创”精神为公司发展原动力。公司在企业管理的实践过程中，尤其是在为行业的服务过程中，把国际先进的管理思想与中国管理实践相结合，尤其是电力行业实践相结合，提出了支持电网、电厂企业战略实现的管理思想与手段，并将此作为公司长期的发展方向。通过与各大院校、研究院所、中国电科院、国网电科院进行合作，寻求产品发展方向和技术方法的创新和提升。同时与国内外多家知名公司进行合作，引进先进技术以及设备，实现了公司多元化发展的目标。唐讯科技以“实事求是、立说立行”的企业文化为指导思想，深入贯彻“三创”精神，抓住机遇大步前进，积极为行业和社会创造价值。,"https://www.zhaopin.com/jobdetail/CCL1389786420J40719311810.htm?refcode=4019&srccode=401901&preactionid=a7c1140f-c46c-45e5-b867-ab342d8bdc77"
4583,项目专员/助理,北京-丰台区,80-100元/天,通用技术集团国际控股有限公司,"工程施工,贸易/进出口,新能源,工程施工",10000人以上,不需要融资,CCL1417043900J40785455303,岗位职责:,5月6日,"通用技术国际公司是世界500强、国有骨干央企中国通用技术集团打造的工程服务业务一体化经营和管控平台，是集团服务国内国际双循环经济格局的重要平台和载体。公司目前拥有境内机构100余家，境外机构60余家，全球雇员8000余人，主要成员企业有70余年历史，引进先进技术、成套设备共计3000多亿美元。未来，公司将围绕绿色""一带一路""业务和国内绿色低碳业务，继续深度参与国内国际双循环，加快向规划、投资、建设、运营一体化工程服务商转型，向成为“具有全球竞争力的世界一流新型能源体系集成服务商”的目标迈进。","https://www.zhaopin.com/jobdetail/CCL1417043900J40785455303.htm?refcode=4019&srccode=401901&preactionid=a7c1140f-c46c-45e5-b867-ab342d8bdc77"
4584,项目专员/助理,北京-东城区,5000-7000元,中国对外文化集团公司,"广播/影视,广告/营销,文化艺术/娱乐",500-999人,未融资,CC130599950J40667073307,"职位描述（工作内容和主要职责）： 1.协助项目经理完成项目前期信息收集、沟通对接、整理反馈等项目筹备工作； 2.配合并协助部门项目经理，共同完成项目的落地与执行工作；  3.协助项目经理对接合作伙伴，并与合作伙伴有良好的关系维护，保证服务质量；  4.完成方案撰写、日常定期材料报送、活动推送、项目总结等文字工作； 5.完成领导交办的其他工作任务。 职位要求： 1.硕士研究生学历,外国语言文学（英语、西班牙语、法语、俄语、阿拉伯语）、国际关系、教育学、汉语言文学、跨文化交流、旅游管理等专业； 2.根据工作内容及要求，及时并高效向项目经理反馈项目执行进度； 3.工作认真负责，细心踏实，对所交办的事务较出色完成； 4.良好的文字材料撰写能力； 5.良好的英语口语和书写能力，能满足工作中对外交流及邮件书信沟通需要； 6.具有良好的沟通协调能力、多任务处理、团队协作精神及抗压能力； 7.热爱对外文化交流行业，对跨文化交流、文化旅游等富有兴趣并有一定了解； 8.有对外文化交流、文旅研学、活动策划执行或外事机构工作经历者优先。",10月9日,中国对外文化集团公司中国对外文化集团公司成立于2004年4月，是在文化部直属事业单位中国对外演出公司和中国对外艺术展览中心转企改制的基础上，经国务院批准设立的第一家国有对外文化企业。中国对外文化集团公司由国务院作为出资人，由文化部作为行政主管部门，并由财政部对其经营性国有资产进行监管。集团公司主要成员包括变更注册为企业的中国对外演出公司，中国对外艺术展览公司等19家全资境内外企业、两家控股企业和一家参股企业。中国对外演出公司和中国对外艺术展览中心已有半个世纪的历史，是全球最大的中国演出和艺术展览产品供应机构，是国内最大的国际演出和艺术展览运营机构，也是迄今我国唯一拥有全球业务的国际演出和艺术展览中介机构。了解更多请登录公司网站：中国对外文化集团公司网站： www.caeg.cn,"https://www.zhaopin.com/jobdetail/CC130599950J40667073307.htm?refcode=4019&srccode=401901&preactionid=a7c1140f-c46c-45e5-b867-ab342d8bdc77"
4585,项目经理/主管,吴忠-利通区,1-2万,四川川贝科技有限公司,互联网,20-99人,不需要融资,CCL1462581080J40408065105,一、职位要求： 1.男女不限，有想法，有魄力； 2.有良好的市场判断能力和开拓能力，较强的观察力和应变能力； 3.抗压能力强，能吃苦耐劳； 4.责任心强，学习能力强，积极主动，独立自主能力较强。 二、工作内容： 1.参与公司战略研究； 2.根据公司经营战略目标，提供公司年度经营预算和投资提案，制订营销工作方针、政策，提供公司内部营销管理改进方案，并贯彻实施； 3.组织市场调研，收集有关市场信息，分析内、外环境，确定目标市场，收集分析竞争对象信息，制订公司竞争策略并组织实施； 4.组织产品的定位及开发； 5.维持、开拓销售渠道，不断扩大市场份额； 6.维护与关键客户的联系，参与重大业务洽谈，解决业务拓展中的重大问题； 7.指导建立完善的售后服务，保证用户的需要得到满足，以此提升公司品牌形象。 职位福利：项目奖金、周末双休、出国游、带薪年假、包住、包吃、五险一金、多次晋升机会,7月25日,四川川贝科技有限公司于2023年3月成立，公司位于四川省成都市，主要从事软件开发，网页开发，app小程序开发，公司致力于产业，切实推进与各大企业、厂家的合资、合作，用产业化发展的思路服务于社会和广大用户。,"https://www.zhaopin.com/jobdetail/CCL1462581080J40408065105.htm?refcode=4019&srccode=401901&preactionid=a7c1140f-c46c-45e5-b867-ab342d8bdc77"
4586,项目经理/主管,北京-朝阳区,7000-14000元,北京云联文化传播有限公司,"新闻/出版,新媒体,广告/营销,会议/展览",20人以下,未融资,CC671860930J40546794504,岗位职责：  1、负责公司线上、线下活动项目的策划与组织执行（包括行业论坛、展会、产品试驾活动等）；,9月29日,公司使命：用互联网时代新的沟通理念和传播方式，为客户带来效率和效益，为产业激发思想和活力，为社会增加理解与和谐，为员工创造实现梦想的舞台。公司主营业务：媒体经营出版（汽车类杂志、车展专刊、汽车类新媒体等）；行业性活动平台运营（全国性年度车型测评颁奖、高端论坛、行业研究等）；客户定制化服务（品牌战略规划、新闻传播策划、营销推广执行、广告创意设计发布等）。公司主要产品：中国第一本汽车财经杂志《汽车观察》和《车来啦》大型国际车展专刊；《汽车观察》微博、微信公众号等新媒体；中国车年度大选活动；全国性专业汽车赛事和02O营销推广平台；全球汽车论坛、中国汽车品牌市场论坛、主流论坛、中国国际商用车论坛等大型行业活动平台。,"https://www.zhaopin.com/jobdetail/CC671860930J40546794504.htm?refcode=4019&srccode=401901&preactionid=a7c1140f-c46c-45e5-b867-ab342d8bdc77"
4587,项目专员/助理,三亚-吉阳区,100-120元/天,采联国际招标采购集团有限公司,商业代理服务,300-499人,不需要融资,CC837598980J40775361914,【岗位职责】 1.项目咨询：协助了解、分析客户需求，能识别项目中的风险，为客户提供解决方案； 2.文件编制：根据客户需求，协助编制招标文件等项目相关文件； 3.会务工作：协助开评标会务工作，并解答会务中遇到的问题； 4.项目管理：协助招标代理全流程工作，处理项目疑问、质疑等事项，把控项目质量和项目进度； 5.沟通协调：与人员协助进行项目沟通、知识分享、专业交流等； 6.文档管理：按照要求，协助完成项目总结、文档归档工作； 7.其他：完成上级交代的其他工作。【任职资格】  1.本科及以上学历，2026年应届毕业生；  2.熟练使用Office办公软件，具有一定的文字处理能力；  3.上进心强，热爱学习，具有良好的沟通协调能力、抗压能力；  4.服从上级的任务安排和指令，并能快速响应，能接受一定外出和出差任务；  实习要求：4天/周,7月23日,采联国际招标采购集团有限公司（以下简称“采联集团”）成立于2006年，是最早专业化从事采购招标代理业务的民营企业之一，总部设在广州，业务遍及全国各大省会城市，设有40多家分支机构，遍布广东省各地级市以及北京、上海、武汉、西安、成都等主要城市。采联集团连续三年获得全国政府采购百强代理机构、全国公共采购十佳采购代理机构、招标代理行业典范奖、欧洲金融陶朱奖；连续十三年获得“广东省守合同重信用企业”殊荣；连续三年获得“广东省公共资源交易优秀信用单位3A级”证书，同时也是广东省政府采购协会副会长单位。采联集团成立19年来，不断秉承“让您的选择更专业”与“让采购更简单高效，为推动诚信节约型社会贡献力量”的企业文化和使命，为广大采购方提供优质的采购专业咨询，以达到“降本增效、转型升级”的效果。同时为助力国家重大战略实施，在国防工业、军队装备、医院设备、高校采购等重要行业领域深耕细作，为国家各大部委、政府机关、上市公司提供政府采购、线上采购、采购全过程咨询以及采购业务培训等服务。近年来，集团大力实施创新驱动战略，自主研发并通过工信部检测认证的“云采链线上采购一体化平台”，全面实现“互联网+采购（咨询）”等创新业务，为广大客户提供全方位、多元化的采购服务平台，向“构筑采购领域最专业的资源交互平台”的远大目标迈进。,"https://www.zhaopin.com/jobdetail/CC837598980J40775361914.htm?refcode=4019&srccode=401901&preactionid=a7c1140f-c46c-45e5-b867-ab342d8bdc77"
4588,项目专员/助理,郑州-管城回族区,6000-8000元·18薪,河南曦泽信息技术有限公司,"互联网,互联网",100-299人,A轮,CCL1220736910J40695401116,"项目介绍： 我们是一家互联网运营公司，我们的项目有A:阿里巴巴合作的项目，（支付宝多功能收款系统合作，商务bd，商户运营）和B;国家高速合作的项目，（负责政策推广，ETC发行，激活，售后服务） 福利待遇: 底薪6600（无责4500+300全勤+200车补+100话补助+1500绩效）+项目奖金+年终奖+免费住宿 1、一经录用公司将提供一对一专业化的培训，工作能力突出者公司提供晋升城市经理的机会。  2、分公司内部每年召开一至二次中高层领导休闲渡假会议。 3、免费提供住宿，为员工庆祝生日，季度旅游。 4、领导及团队以95,00后居多，团队氛围活跃。 工作要求： 1、较强的沟通能力，学习能力，积极性高，具备一定的文字编辑能力 2熟练操作手机小程序和软件 3、高度的工作热情、工作积极性及团队合作意识，较强的责任心和协作能力 4.接受无经验 接受25届实习生（接受长期最低4~6月短期勿扰） 晋升制度： 项目助理--项目主管-- 项目高管~项目副理~项目经理",3月27日,公司简介：河南曦泽信息技术有限公司是一家综合性的互联网公司，公司拥有两个办公区共4000平方的办公场地，设计部，开发部，客服部，数据处理部门，项目部，运营部，人力资源部，财务部，法务等部门，在职员工300多人。公司主要负责互联网项目和产品的运营和推广，目前和众多互联网大厂达成战略合作，2021年和上市公司移卡乐商圈战略合作，2023年初和国家高速达成战略合作，2024和阿里巴巴达成战略合作，同年推出自主研发产品随身WIFI，2025年初和京东达成战略合作，负责京东项目的推广和运营。企业愿景：打造中国一流的战略营销平台赋能商家，个人蜕变成企业家的战略孵化器。企业使命：培养即赚钱又值钱的人，打造即赚钱又值钱的企业。企业定位：为客户提供更好的营销服务，为员工提供宽阔的机会。企业形象：年轻，时尚，激情，活力。在企业磅礴发展之时，邀请有梦想，有想法的你共同发展，共同进步，完成你我的目标和未来！,"https://www.zhaopin.com/jobdetail/CCL1220736910J40695401116.htm?refcode=4019&srccode=401901&preactionid=a7c1140f-c46c-45e5-b867-ab342d8bdc77"
4589,项目专员/助理,大连-沙河口区,5000-8000元,上海倍通医药科技咨询有限公司,专业技术服务,1000-9999人,未融资,CC242918510J40686616206,岗位职责： 1、数据采集沟通：与药房/客户明确数据采集字段要求，确保数据真实有效。 2、DDI数据监控与问题处理：监控DTP OFFTAKE流向数据，处理会员ID、适应症数据波动及差异，跟进申诉并反馈。 3、异常数据核查：针对客户反馈的异常数据（如同一患者同月多次购药/退4药、24年数据与历史供应商差异等），与药店及客户商务沟通核查。 4、问题跟踪表：以表格记录问题及解决进展，包括：数据定位、涉及月份、采集方式、异常内容、历史沟通记录，定期同步客户商务运营及商务。 5、会员ID逻辑调：调研药店会员ID生成规则（如连锁店统一编码、会员卡号或药店赋码），确保唯一性。 6、客户会议支持:参与会议，整理资料，讨论操作细节。 1、数据采集沟通：与药房/客户明确数据采集字段要求，确保数据真实有效。 2、DDI数据监控与问题处理：监控DTP OFFTAKE流向数据，处理会员ID、适应症数据波动及差异，跟进申诉并反馈。 3、异常数据核查：针对客户反馈的异常数据（如同一患者同月多次购药/退4药、24年数据与历史供应商差异等），与药店及客户商务沟通核查。 4、问题跟踪表：以表格记录问题及解决进展，包括：数据定位、涉及月份、采集方式、异常内容、历史沟通记录，定期同步客户商务运营及商务。 5、会员ID逻辑调：调研药店会员ID生成规则（如连锁店统一编码、会员卡号、手机号或药店赋码），确保一致性。 6、客户会议支持:参与会议，整理资料，讨论操作细节。 任职要求： 1、要求管理类、医药类、数据统计分析等相关专业本科以上学历。 2、具备1年及以上工作经验，医药行业工作经验（或服务过医药行业）优先，尤其具备对医药行业的渠道管理、数据管理等相关领域具备经验者优先。 3、工作积极主动，善于沟通，善于主动学习。,6月24日,倍通数据集团，2006年正式成立，是国内早期为医药健康数据领域提供整体解决方案的创新型企业，下辖倍通医药科技、倍通医疗器械、倍通信用以及倍通管理平台四家公司，拥有MNC渠道数据管理市场份额80%+，Top20内资渠道数据管理市场份额60%+，稳居业内市场前列，行业终端主数据库引领行业高标准。运营规模连续多年保持高速增长，并获准参与多个国家部委、行业协会的数据管理、信用评级项目，现已成为助力中国商业征信环境、医疗健康领域高质量发展的中坚力量。历经多年发展，倍通数据集团服务客户已遍及全球500强跨国药企，国内大型内资制药企业，知名互联网公司，知名信用保险及金融机构。倍通秉承“共创健康产业数字智慧”的企业使命，以数据、数据技术及数据运营管理为基础，专注为医疗健康领域客户及行业创造价值。,"https://www.zhaopin.com/jobdetail/CC242918510J40686616206.htm?refcode=4019&srccode=401901&preactionid=a7c1140f-c46c-45e5-b867-ab342d8bdc77"
4590,项目专员/助理,郑州-金水区,4000-6000元,河南荣景信息技术服务有限公司,互联网,20-99人,,CCL1457582170J40745138714,岗位职责： 协助项目经理完成项目全周期的文档撰写、整理及归档工，包括但不限于项目计划书、进度报告作  、会议纪要、验收文档等。  负责项目相关资料的收集、分类与更新，确保文档的准确性和完整性。  配合项目团队进行数据整理与分析，制作可视化报表或PPT，辅助项目汇报。  参与项目会议并做好记录，跟踪任务执行情况，及时反馈问题。  6.协助优化文档管理流程，提高团队协作效率。 任职要求：   学历专业：本科及以上学历，管理类、文秘类、计算机类、工程类等相关专业优先。   技能要求：        熟练使用Office办公软件（Word/Excel/PPT），擅长文档排版与数据处理。     具备良好的文字表达能力，逻辑清晰，能独立撰写规范性文档。     有基本项目管理知识（如PMP、PRINCE2等理论优先，非必需）。      素质要求：        细心严谨，责任心强，能适应快节奏工作。     具备团队协作意识，沟通能力良好。     应届生需有实习或校内项目文档撰写经验。 ,4月18日,,"https://www.zhaopin.com/jobdetail/CCL1457582170J40745138714.htm?refcode=4019&srccode=401901&preactionid=a7c1140f-c46c-45e5-b867-ab342d8bdc77"
4591,项目经理/主管,郑州-金水区,4000-8000元,中原教育科技集团有限公司,"文体/办公设备制造,互联网,社团/组织/社会保障,科学技术推广",100-299人,未融资,CC398587930J40475942111,1、协助研究院副院长对各种心理培训项目方案以及进度计划、月、周工作安排编制和落实。 2、配合市场经理完成项目前期创意、报价、投标、主执行等工作 2、负责心理培训项目的业主对接跟进，项目执行的全过程工作。 3、对心理团辅、心理测评业务有独立执行及交付能力； 4、能适应短期出差。 任职要求：     1、本科以上学历，具备心理学基本专业知识；   2、要求有有政府大客户或培训类工作经验；   3、具备吃苦耐劳的精神，细心，责任心强，并有很强的执行力；   4、较强的组织协调能力，有活动现场总控经验，确保按期交付项目。,4月11日,中原教育科技集团顺应国家大政方针，迎合市场发展需求，由清华大学和北京大学多名不同领域资深教授联合指导创办，在飞速发展的浪潮中应运而生！是一家专业从事教学设备制造、研发和销售的大型教育产业化集团。公司有着良好的科研资源，雄厚的师资力量，精湛的科学技术，为政府、学校、学生提供更多、更好的个性化、信息化、专业化服务，打造成教育服务领域的龙头企业，为中国的教育服务创新贡献自己的一份力量。集团现有员工300多人，其中专家顾问40人，研发团队30人，申请教育装备专利三十多项，教育教学软件开发百项。创业培训导师85人，研究生学历10人，本科以上学历达50%以上。被评为AAA级信用企业、河南省重合同守信用企业、郑州市文明诚信企业、郑州市慈善工作先进集体、十佳诚信单位。中原教育始终秉承“感恩政府，立足民生，发展企业，回馈社会”的发展观和企业价值观，国家“大众创业，万众创新”号召，事关国计民生，肩负社会责任，得到了国家相关部委、省、市各级领导的亲切关怀和大力支持，在促进就业、扶植创业、改善人民生活质量等方面做出了突出贡献！中原教育科技集团自成立以来在各级党委、政府机关的正确领导下已发展成为拥有三大板块、十大产业支柱的现代教育科技型企业。三大板块包含教育产业、大健康产业和高端服务业，十大产业支柱包括教育综合体运营管理、中专托管、教学设备培训、教学物业服务、教学评估、党建培训、教育装备供给、心理健康装备和服务、乡村振兴。,"https://www.zhaopin.com/jobdetail/CC398587930J40475942111.htm?refcode=4019&srccode=401901&preactionid=a7c1140f-c46c-45e5-b867-ab342d8bdc77"
4592,项目经理/主管,郑州-金水区,1-1.5万,河南明辉建设集团有限公司,房地产开发,20-99人,,CC833038900J40760010014,岗位内容： 1. 负责矿山项目的前期策划、设计和实施，确保项目运行稳定、高效。 2. 参与项目各项工作，协调处理项目中出现的问题和风险，推动项目顺利完成。 3. 编制相关文件和报告，及时更新项目进展和成果。 任职要求： 1. 具有二级或以上注册建造师资格证书（矿业工程专业）和应急厅B证。  2.具备矿山项目实施相关经验，熟悉项目管理和操作流程，熟悉该领域相关法规及标准。   3. 有较好的沟通能力和团队合作意识，在团队中发挥积极作用。   4. 具有责任心和抗压能力，能够适应多任务并行工作，不断学习和提升自己的专业水平。,5月29日,河南明辉建设集团有限公司(简称：明辉建设集团），注册资金10010万元。主要从事市政工程、园林绿化工程、公路工程、水利水电工程、装饰装修工程建设施工。现具有市政公用工程施工总承包壹级、建筑工程施工总承包叁级、水利水电工程施工总承包叁级、公路工程施工总承包叁级、机电工程施工总承包叁级、风景园林工程设计专项甲级、建筑装修装饰工程专业承包壹级、防水防腐保温工程专业承包壹级、消防设施工程专业承包壹级、钢结构工程专业承包壹级、古建筑工程专业承包壹级、地基基础工程专业承包壹级、城市及道路照明工程专业承包壹级、环保工程专业承包贰级、建筑机电安装工程专业承包叁级、公路路基工程专业承包叁级、桥梁工程专业承包叁级、隧道工程专业承包叁级，是一家以设计施工为主的大型现代化企业。明辉建设集团自成立以来，不断谋求新的发展。先后承接了多项市政道路、市政桥梁、污水处理、城市管网、大型城市广场、园林绿化、水生态治理、河道治理、公路工程、大型建筑装饰装修等工程项目，精品特色项目主要有郑州市新田大道（阳春路-御马路）等4条道路工程项目、郑州市地铁十号线火车站西广场站、医学院站、绿城广场站装修工程项目、洛阳龙门站北广场室外工程广场铺装项目、洛阳市“四河同治”洛河西段河道治理及南岸景观绿化项目、安阳珍珠泉公园西区修缮与维护工程项目、郑州二七区张巍寨街四标道路施工项目、新郑茨山路南移道路建设项目等，多次被省市行业主管单位评定为AAA级信用企业，授予多项奖项和荣誉，并取得ISO9001质量管理体系、ISO14001环境管理体系和OHSMS18001职业安全管理体系认证证书。所承接工程优良率达到20%，合格率达到100%，为社会创造了一大批优质精品工程。明辉建设集团拥有健全的管理体系，实行规范化、流程化、精细化的管理模式，公司组织结构清晰，下设综合管理部、人力资源部、财务部、市场经营部、工程技术部、物资设备部、质量安全部和审计法务部8个职能部门。公司建立以人为本的用人理念，具有一批技术强、业务精、作风优的高素质人才队伍。公司现有员工300余人，其中注册建造师、中高级工程师、造价工程师、会计师等70余人，大专以上学历员工占公司员工总数的95%以上；有各类先进工程设备200余台（套）。明辉建设集团总部位于河南自贸区郑州片区（郑东新区），坐落于熊儿河畔，与省府毗邻，交通便利。公司战略目标明确，依托省会郑州国家中心城市的区位优势，辐射河南全境，施工产值逐年增长，公司发展不断壮大！我们一贯遵循“诚信、敬业、拼搏、责任”的企业精神、“追求卓越、创造价值”的经营理念、打造“有文化、有品质、有实力、有责任”的现代化建设企业。我们将以持之以恒的工作态度，精益求精的施工技术，竭诚为客户提供优质的服务，坚持顾客的需要就是我们的追求。为客户、为社会奉献精品工程！,"https://www.zhaopin.com/jobdetail/CC833038900J40760010014.htm?refcode=4019&srccode=401901&preactionid=a7c1140f-c46c-45e5-b867-ab342d8bdc77"
4593,项目专员/助理,北京-朝阳区,8000-9000元·13薪,马孔多(北京)文化有限公司,"电子商务,互联网,电子商务",100-299人,未融资,CC366491880J40751631411,工作中会涉及到的账号：马孔多官旗，马孔多Girl馆，马孔多科技馆,6月27日,跑步就穿马孔多跑步是一项运动，也是一种积极、健康的生活方式，在全球，拥有最广泛的参与人群。2015年是中国跑步的兴起之年，当年的2月26日，跑步垂类公司马孔多(macondo）诞生于北京。“跑步就穿马孔多”是马孔多的品牌口号。在研发上，马孔多坚守“专业、科技、原创”的产品理念，以跑者需求为核心，原创产品小类，原创面料、设计、结构和版型，精心打磨产品，让跑者不管是参加马拉松赛事，还是日常跑步，都能跑得更专业、更舒适、更自信。我们名字的来历马孔多，是诺贝尔文学奖得主加西亚·马尔克斯的魔幻现实主义代表作《百年孤独》中所有故事发生的地方，是一个从无到有、被拓荒者命名的地方，像极了跑者和企业：在初跑之前，充满畏惧，跑了之后惊觉，在跑步上从此“拓荒”；而未来和未来的未来，我们都会勇敢地向前方的未知之境跑下去。我们的历史 2015年-2019年1月，马孔多是一家赛事公司，共主办和承办了12场大中型路跑、越野赛事。 2019年开始了马孔多历史上的重大转型，从跑步赛事公司，转型为跑步品牌公司。变的是业务模式，没变的是，仍以服务跑友为己任。我们的价值观马孔多具有双重使命：做中国跑步文化推广者和做科技跑步装备引领者。马孔多怀抱公益之心，联合专业人士，为广大跑友输出跑步文化知识；在产品研发上，“专业、科技、原创”是马孔多的遵循，希望中国的跑步品牌可以代表中国走向世界。马孔多的价值观是向上、向善，个人向上、企业向善，力所能及地回馈社会。我们的LOGO被跑友亲切地称为“小脚丫”。“小脚丫”是我们一步一个脚印丈量美丽跑道、丈量美好人生的积极心态。我们与跑步马孔多签约专业运动邵思爽（全马最好成绩2:13:11[2024北京马拉松]，半马最好成绩1:05:27[2023敕勒川草原半马]）、李鸿浩（全马最好成绩2:19:30[2024无锡马拉松]，半马最好成绩1:07:10[2024年信阳马拉松]）。自2021年开始，马孔多鼓励内部员工将跑步变成自己的积极、健康的生活方式，月跑量30公里奖励100元、50公里200元、100公里400元，完赛半马和全马各奖励300元、600元；完成越野赛另有奖励。秉承“向上、向善”的价值观，马孔多推出“马孔多兔子赞助计划”多年，赞助牺牲自己配速、为参赛跑友无私服务的官方配速员全套装备，至今赞助已近百场。,"https://www.zhaopin.com/jobdetail/CC366491880J40751631411.htm?refcode=4019&srccode=401901&preactionid=a7c1140f-c46c-45e5-b867-ab342d8bdc77"
4594,项目经理/主管,苏州-吴中区,1.4-2.5万·13薪,荣旗工业科技(苏州)股份有限公司,电气机械/电力设备,500-999人,不需要融资,CCL1266387370J40541170403,1.会同工程部门参与项目的前期评估，组织协调公司资源; 2.领导和组织项目启动会议，制定项目计划和跟踪项目进度，达成项目交期； 3.组织和领导客户现场的设备调试工作，协调工程和售后按照客户要求调试设备并交付给客户，确保客户满意 4.维护客户关系，确保项目按时验收并回款 5.了解客户现场工艺，收集客户需求，挖掘潜在项目需求 6.制定项目成本预算计划，包含人力成本材料成本，管理成本等，确保项目按照预算完成。 岗位要求： 1.本科以上学历；英语可作为工作语言，自动化行业经验优先； 2.熟练使用Office办公软件； 3.较强的沟通协调能力； 4.能接受短期出差；,4月24日,本公司是一家专业从事机器视觉光源的高新科技企业，公司立足于机器视觉和工业自动化领域，全力打造视觉高端产品。致力于为客户提供尖端的机器视觉解决方案。公司于2011年进入机器视觉领域，经过几年沉淀，公司发展为集研发、生产LED、LED照明光源、镜头、与销售为一体的专业公司，是国内颇具规模的机器视觉产品专业生产厂家。公司在2017年初引入了风险投资及产业资本，进一步优化了股权结构，为更加长远的装备制造产业链发展战略及资本市场中长期目标奠定基础。公司产品广泛应用于电器、电子、数字仪器仪表、通讯产品、汽车部件、手机部件、医疗器械、食品药品包装等领域。拥有先进的生产设备、检测仪器和生产技术，聚集了一批具有多年专业技术和管理经验的员工队伍。荣旗的立足之本就是以强大的技术团队为客户提供全面的技术和售后服务。荣旗的产品是LED机器视觉光源和镜头。包括环形光、条形光、面光源、圆顶无影光、平面无影光、同轴光、点光源、线扫描光源、AOI设备专用光源、紫外线光、远心镜头、CCTV镜头等众多产品。为了打造高品质的产品，荣旗的LED均来自世界顶级制造商，每一颗都保证经过严格测试；荣旗的镜头具有高分辨率、超宽景深、超低畸变以及独有的平行光设计等特点。荣旗的技术人员可以在第一时间为客户提供切实可行的视觉技术方案和可行性评估。随时为客户提供样品试用和前期技术支持。除此之外，公司可根据客户需求，定制特殊外形、尺寸、照射面积、照射角度、颜色、亮度和光线种类的产品。来满足不同客户不同设备的多样性需求。公司的使命是不断地提高产品的性价比，普及视觉检测技术的多领域运用，开创工业视觉的智能化时代。公司有完善的质量管理体系，严格管控产品质量，现已获得ISO9001质量管理体系认证证书。期待您的加入！,"https://www.zhaopin.com/jobdetail/CCL1266387370J40541170403.htm?refcode=4019&srccode=401901&preactionid=a7c1140f-c46c-45e5-b867-ab342d8bdc77"
4595,项目经理/主管,西安-雁塔区,6000-12000元,西安瀚博电子科技有限公司,"仪器仪表制造,仪器仪表制造,IT服务,电子/半导体/集成电路",20-99人,不需要融资,CC614789120J40740038405,任职要求 1、电子信息工程、无线通信、自动化控制相关专业，本科及以上学历； 2、能够简单使用CAD、CAXA、Solidworks等其中一款绘图软件； 3、能够熟练掌握伺服控制原理，有松下伺服驱动系统经验者优先； 4、射频专业，有微波射频测试系统经验者优先考虑（射频专业应届毕业生亦可）； 5、熟练操作平面度仪、激光干涉仪、激光跟踪仪、经纬仪着优先考虑； 6、工作认真负责，严谨细致，有良好的团队精神。 岗位职责： 1、负责组织项目启动会、关键输出评审会会议纪要、周例会、现场汇报、交付准备等会议召开； 2、负责项目现场勘察，形成现场勘察报告、为设计、安装等提供依据； 3、负责组织项目计划的制定及调整，设计方案目标节点； 4、负责项目的进度跟进及调整，内外部进度汇报； 5、负责项目现场的风险识别、措施制定及跟踪管理； 6、负责对交付产品（暗室、机械设备、控制系统、射频器件等）的指标进行检验； 7、负责组织现场暗室及机械设备安装、完成控制系统及射频系统调试工作； 8、组织客户进行产品系统性能验收，移交系统资料并签字确认； 9、负责项目文档的管理及归档工作； 注：此岗位需要经常出差。,2月21日,西安瀚博电子科技有限公司成立于2008年，专注于装备测试领域，长期从事天线/雷达测试、动态及静态RCS/隐身特征控制、内场半实物仿真及外场验证系统的研发、制造、测试、服务工作。依托自主研发的核心算法，主要为航空航天、电子信息、通信等领域提供用于电磁仿真及电磁测量的软件和系统，并研制相控阵产品。公司现有博士、硕士等近百人的研发团队，在西安、北京、成都建有8个高精度、高置信度测试暗室及研发生产基地，是国家级高新技术企业，通过中国合格评定国家认可委员会(CNAS)认可、获批为天线测量系统工程技术研究中心。公司在细分领域领先、研发能力强，代表性技术成果高精度紧缩场测试系统为国内首台，达到国际先进水平。基于先进的技术优势，为**工程、**卫星等多项国家重大项目提供了测量技术保障。公司是高新技术企业、**资格单位、西安市JMRH企业（单位）、瞪羚企业、专精特新企业、陕西省科技创新先进单位、软件企业、AAA级信用企业、AAA级重合同守信用企业、AAA级质量服务诚信单位，获批为西安市天线测量系统工程技术研究中心，公司检测中心通过中国合格评定国家认可委员会实验室认可证书（CNAS），通过**质量管理体系认证、环境管理体系认证、职业健康安全管理体系认证。目前公司处于高速发展期，诚聘精英加盟我司。,"https://www.zhaopin.com/jobdetail/CC614789120J40740038405.htm?refcode=4019&srccode=401901&preactionid=a7c1140f-c46c-45e5-b867-ab342d8bdc77"
