id,job_name,address,salary_range,company_name,industry,company_size,company_type,job_code,job_detail,update_date,company_detail,job_url
2001,测试工程师,绍兴-None,5000-7000元,天阳科技,"计算机软件,计算机软件",1000-9999人,已上市,CC120408370J40169168708,1、需已毕业的本科及以上学历； 2、签订正式合同、五险一金； 3、无经验者，由公司项目经理带； 岗位职责： 负责银行后台核算系统验证功能的完整性、正确性、安全性等，验证系统BUG。职位福利：五险一金、带薪年假、上市公司、定期体检、周末双休、定期团建、包住、年终分红 ,7月26日,天阳科技(股票代码：300872)，是全球金融创新服务的重要贡献者，持续赋能中国金融行业数字化转型，为客户提供咨询、金融科技产品、金融IT服务、云计算及运营服务。公司成立于2003年，服务超过300家金融行业客户，覆盖中央银行、政策性银行、国有银行、股份制银行、地方性商业银行、非银行金融机构等，员工人数近7000人，成为激活金融领域创新活力、推动金融科技迈入世界领先水平的重要力量。作为金融行业客户可信赖的合作伙伴，天阳科技凭借丰富的行业经验和端到端的专业服务，在信创、数字化金融、信贷、交易银行、信用卡、零售、营销、风险管理、征信监管等众多领域具备核心竞争力。据赛迪和IDC报告显示，近年来公司在中国银行业IT解决方案市场排名强势崛起，2019年收入及市场占有率综合排名分别位列第四位和第五位，并保持高速增长。同时，前瞻商业和科技趋势，入选2021年度未来银行科技服务商TOP100。天阳科技始终聚焦金融科技领域，加大自主创新力度，在超过100个城市建立本地化、专业化的研发和服务团队，拥有CMMI5级认证、软件测试成熟度模型集成（TMMi）3级认证、ISO9001质量管理体系认证、ISO20000信息技术服务管理体系认证、IS027001信息安全管理体系认证。通过部署人工智能、云计算、大数据、移动互联网、分布式计算和区块链等先进金融科技，公司致力于构建安全可控、普惠民生、开放共赢格局，在关键技术领域服务现代化金融发展大局，更好地为各利益相关方创造更大价值，为大中企业、小微企业以及每个个体提供优质金融服务。,"https://www.zhaopin.com/jobdetail/CC120408370J40169168708.htm?refcode=4019&srccode=401901&preactionid=a7c1140f-c46c-45e5-b867-ab342d8bdc77"
2002,技术支持工程师,东营-垦利区,9000-18000元,青岛安然物联网科技有限公司,"物联网,物联网",20-99人,未融资,CC559764920J40565333904,需要弱电技术、自动化、安防系统、工业互联网+危化安全生产、物联网人才，不要纯软件人才。  你能经常到全国各地出差吗？你能到工业生产现场生产现场做技术支持吗？     真正的奋斗者在安然会有让人值得为之奋斗的事业，会有充实、高效的成长，会有高人一等的收入。,2025-07-27 01:09:15,基于精准人员定位的工业安全生产信息化管理专家，安全生产信息化管理引领者！作为全国实时定位技术标准工作组成员和应急管理部“工业互联网+危化安全生产”人员定位系统技术支持机构，安然从2012年起致力于基于ZigBee Plus三维立体按需精准定位的“工业互联网+安全生产”的研究，获得了20多项安全智能管控系统发明专利和著作权，持续引领中国化工行业生产现场智慧安全！安然以“准、稳、狠”的ZigBee Plus三维立体按需精准人员定位统和“底数清、数据准、情况明、研判准、措施实”的安全生产信息化平台为核心，整合访客管理、出入口控制、人脸识别、视频监控、语音广播、重大危险源监控、可燃有毒气体监测等系统，对生产现场人、机、料、法、环五大要素进行实时、动态、智能管控和预警，规范人的安全行为，保障人的生命安全，有效防范风险、主动化解风险，实现智慧安全。安然“以用为本”，把安全生产信息化建设与公司管理体系“深度融合”，把安全生产信息化建设与日常工作“紧密结合”，对安全生产切实“有用、实用、好用”，避免建用“两张皮”，让安全管控更智能，让生产更高效才实用。迄今已服务中石化、中石油、延长石油、国能、兖矿、京能、索普、新安、奇美、昊源、潞安、旭阳、垦利、逸盛、海科、酒钢、金发等几百家石化、化工、选煤、钢铁、电厂企业。安然以客户为中心，以强者为本，抬头乐干，愿意与同道中人联合、链接，携手共建、共用、共享生产安全命运共同体，一起干，一起干，让优秀企业更安全，让优秀企业更高效！,"https://www.zhaopin.com/jobdetail/CC559764920J40565333904.htm?refcode=4019&srccode=401901&preactionid=a7c1140f-c46c-45e5-b867-ab342d8bdc77"
2003,科研人员,南京-雨花台区,1-1.5万,中济通设计集团有限公司,"工程施工,咨询服务",20-99人,不需要融资,CCL1346247450J40735053207,一、岗位要求 1.组织开展交通工程相关课题研发、标准编制、评优报奖项目申报等科研工作； 2.组织开展研究课题配套专利、科研报告、论文、工法等科技成果申报工作； 3.负责交通工程创新技术成果在工程项目上的推广、应用和服务。 4.工作地点：深圳/南京/苏州/南昌/成都/杭州。 二、任职资格 1.硕士研究生，道路、桥梁、隧道、土木工程、港口海岸及近海工程、土木水利相关专业； 2.思维清晰，良好的沟通与表达能力，较好的文字功底，有驾照者优先； 3.熟练掌握CAD、MIDAS、Origin、ABAQUS、ANSYS等工程软件； 4.具备较强的学习能力和团队协作精神，能够在压力环境下高效工作。,7月16日,公司实行南京、苏州双总部办公，注册资本5699万元。主要从事工程设计、试验检测、桥梁加固、智慧工地、品质工程、平安工地等技术咨询服务。公司拥有一支由教授级高级工程师、省级品质工程考评专家、省级平安工地考评专家、省级设计大师、计算机软件专家组成的80余人的专家团队。公司坚持“勇做第一、争创唯一”的工作理念，用心、专业的做好每一件事，计划三年内成为“高、精、尖”企业，并向行业的“独角兽”企业迈进。,"https://www.zhaopin.com/jobdetail/CCL1346247450J40735053207.htm?refcode=4019&srccode=401901&preactionid=a7c1140f-c46c-45e5-b867-ab342d8bdc77"
2004,C/C++,杭州-萧山区,1.5-2.4万·15薪,芜湖英视迈智能科技有限公司,"人工智能,计算机软件",20-99人,未融资,CCL1333737970J40400522609,岗位职责：     1、负责自动化设备上位机软件的需求分析、架构设计等；,1月22日,芜湖英视迈智能科技有限公司位于安徽省国家唯一批复的芜马合机器人产业集聚发展试点区域内的芜湖市机器人产业园，公司成立于2020年8月，是集设计、研发、生产、销售、服务于一体的新型智能科技公司，公司主要经营范围包括机器视觉软硬件开发与销售，智能识别与检测设备开发与销售，计算机软硬件开发和销售，工业智能机器人及配件、工装夹具的研发、制造和销售，自动化生产线工程设计，制造和销售，教学仪器的研发、制造和销售，机器人产业技术及信息咨询等。公司自成立以来，不断重视团队建设和人才培养，目前已建立了一支由软件工程师、算法工程师、机器视觉工程师等组成的技术研发和产业应用团队，经常多年的技术沉淀与积累，公司在传感器标定技术、机器人标定技术、图像处理技术、点云处理技术和软件开发技术等方面积累了丰富的技术基础和工程经验，已为多家工业零部件生产厂家提供了可靠的自动化检测方案，例如电脑背板视觉检测系统、电脑背板平面度3D检测系统、摩轮型号识别系统、汽轮去毛刺视觉定位系统等。目前，公司技术和产品在汽车及其零部件、3C、食品、军工、教育等领域得到了广泛应用。自公司成立以来，基于团队已掌握的技术成果，公司已研发了多款轮毂行业的机器人及视觉应用产品，如轮毂型号视觉识别系统、轮毂气门孔视觉识别定位系统、铸造条形码识别仪、机器人去毛刺工作站等，相关产品技术成熟，指标先进，已应用于多家知名轮毂生产企业。同时公司还与多家轮毂设备制造商建立了良好的合作关系，深度参与了部分设备制造商的大型自动生产线的研发过程，为他们提供了相关视觉和机器人控制产品以及先进的技术支持，同时也为我公司积累了丰富的用户使用习惯等数据，为我司改进设备、优化性能提供帮助。我公司还与哈尔滨工业大学、哈尔滨工业大学芜湖机器人产业技术研究院、芜湖哈特机器人产业技术研究院有限公司等高校及科研单位保持了良好的合作关系，能够充分利用相关研发资源和研发设备辅助我司开发本项目。芜湖英视迈智能科技有限公司依托哈尔滨工业大学机器人研究所、哈尔滨工业大学芜湖机器人产业技术研究院和机器视觉检测安徽省重点实验室，在图像处理技术、三维点云处理技术、机器人运动规划和工业机器人系统集成等方面研究成果突出，相关成果在汽车行业、船舶行业和电子行业得到成功应用。2021年被认定为芜湖市高层次人才团队,"https://www.zhaopin.com/jobdetail/CCL1333737970J40400522609.htm?refcode=4019&srccode=401901&preactionid=a7c1140f-c46c-45e5-b867-ab342d8bdc77"
2005,前端开发,深圳-龙岗区,2-4万·16薪,陕西慧云联达企业管理咨询有限公司,人力资源服务,20-99人,不需要融资,CCL1445845820J40760532405,岗位职责 1.参与前端设计和开发工作； 2.编写可维护、可扩展的前端代码，确保代码质量和性能； 3.与后端团队配合，实现前后端数据交互和逻辑处理； 任职要求 1.统招计算机相关专业本科及以上学历； 2.熟练掌握前端基础知识，熟悉主流前端框架； 3.对前端工程化、模块化有深入了解和实践经验； 4.具备良好的学习能力和团队协作精神； 5.有前端开发经验者优先。,6月11日,陕西慧云联达企业管理咨询有限公司成立于2022年9月，是一家集高端猎头服务与专业代理记账报税业务于一体的综合性企业服务提供商。自成立以来，我们秉承“智聚英才，财通未来”的企业理念，致力于为国内外企业客户提供精准高效的人力资源解决方案及一站式财务管理服务，助力企业稳健成长，共创辉煌。,"https://www.zhaopin.com/jobdetail/CCL1445845820J40760532405.htm?refcode=4019&srccode=401901&preactionid=a7c1140f-c46c-45e5-b867-ab342d8bdc77"
2006,测试工程师,上海-嘉定区,6000-8000元,上海华依科技集团股份有限公司,"仪器仪表制造,电气机械/电力设备,汽车研发/制造",300-499人,已上市,CC531791680J40861645315,岗位描述： -电驱动系统、电机、变速器、控制器测试要求评估。 -编写试验大纲。 -指导试验员在试验前的准备、检查、安装和设置工作。 -协助测试项目的前期软件配置工作，参与编写自动测试脚本文件； -协助解决测试项目中的软件问题，并编写故障处理相关文档； -参与编写新设备的使用文档，研究各种设备的基本操作及接口信号； -参与编制试验日志、试验报告等相关文件。 -和客户密切配合，解决测试过程中出现的各种问题。 -和设备团队一起进行设备维护和故障解决。 -确保测试结果准确。 -开发测试能力以满足客户测试需求。 -会使用detla分析仪等测试仪器。 岗位要求： -本科及以上学历，电机、自动化、机电一体及相关专业。 -优秀应届生也可。 -熟悉电驱动系统、电机、变速器、控制器。 -熟悉Labview/VC/Python等编程开发语言至少一种。 -对电气方面的知识有一定了解，了解数据采集系统（传感器，调理模块，采集板卡）的基本工作原理。熟练使用专业工具（CANanalyzer、CANoe、示波器、信号发生器等）进行测试和分析。 -熟悉试验室5S and EHS。 -良好的沟通技巧。,7月9日,上海华依科技集团股份有限公司成立于1998年，注册资金4500万元，总部位于浦东川沙国际精工园内，是先后荣获上海市高新技术企业、软件企业等荣誉资质的高科技企业。华依科技的产品广泛应用于全国各大和海外汽车与发动机生产厂家。主要客户有：上汽集团、一汽集团、通用汽车、东风集团、长安集团、北汽集团、广汽集团、马自达、福特汽车、江淮汽车、奇瑞汽车、日产（巴西）、明电舍（日本）、玉柴集团和潍柴集团等。上海华依科技集团股份有限公司是国内领先的提供汽车测试技术、产品和服务的专业性公司，我们深知，中国汽车工业的腾飞离不开中国汽车测试装备行业的高度国产化，而中国汽车检测装备行业国产新势力的崛起，必将打破国外产品的垄断局面。华依科技拥有先进的技术和优秀的团队，是国内企业中第一家也是目前唯一一家推出国际先进水平的发动机冷试系统，其余如泄漏测试系统、机器视觉纠错系统以及电力测功机等也属于国内领先，可以完全替代国外进口产品。华依科技将继续坚持自主研发，同时也欢迎与国内同行加强合作，为提升汽车测试装备行业的国产化水平贡献自己的力量。集团一览汽车新技术试验研究中心，致力于EV，电子干扰、无线充电、自动驾驶、工业安全控制领域内新技术的试验研究；上海华依汽车检测技术有限公司，致力于新能源汽车动力系统测试服务；上海华依动力测试技术有限公司，致力于发动机、变速器（AT、MT、DCT、CVT等）实验室用测试台；特斯科（上海）机电测试技术有限公司，致力于动力总成核心零部件测试台；上海华依汽车软件有限公司，致力于动力总成测试台架配套软件的研发；上海华依智造测试技术有限公司，致力于发动机装配线柔性化测试设备；上海霍塔浩福自动化测试技术有限公司，致力于生产变速器下线测试台及实验室台架。求职简历格式：“XXX（姓名）应聘华依XXX（岗位名称）”,"https://www.zhaopin.com/jobdetail/CC531791680J40861645315.htm?refcode=4019&srccode=401901&preactionid=a7c1140f-c46c-45e5-b867-ab342d8bdc77"
2007,实施工程师,杭州-拱墅区,4000-8000元,中天控股集团有限公司,"工程施工,工程施工,建筑设备安装,房地产开发",10000人以上,不需要融资,CC196351710J40864429715,岗位职责： 1、协助工程师进行工业及民用项目的现场勘查，协助完成能耗数据分析与节能潜力评估； 2、协助工程师制作技术方案演示文件，配合完成客户方案汇报； 3、协助项目团队进行技术交底与实施质量跟踪； 4、协助工程师完成设备选型基础工作与技术文档整理； 5、协助维护客户技术沟通。 任职要求： 1、“211、985”院校本科及以上学历，机械设计制造及其自动化相关专业； 2、掌握机械原理及设计气动与液压技术、电工与电子技术、机电一体化设计等基础知识，熟悉CAD等制图软件者优先； 3、具备良好的技术文档撰写能力； 4、逻辑清晰、表达流畅，具备基础方案汇报能力； 5、学习能力强，执行能力强，具有团队协作精神和跨专业沟通能力； 6、能适应短期出差工作安排；,7月17日,中天控股集团有限公司（简称“中天控股”）是一家以工程服务、美好生活服务、新材料新能源为三大主营业务的大型企业集团，总部位于中国浙江省杭州市钱江新城。为全国质量奖单位、全国文明单位、全国守合同重信用单位、中国优秀企业公民、中华慈善奖企业，中天控股LOGO被国家工商总局认定为“中国驰名商标”。2024年，中天控股实现营收1003亿元，列中国企业500强第245位，列中国承包商80强第9位。中天控股“工程服务”板块以房屋建筑、交通市政及基础设施建设等为核心业务领域，以为客户提供一站式、一体化服务为目标，持续深化“每建必优”、坚持区域深耕、提升技术能级、推动项目提质增效，升级新建造方式，打造行业先进生产力。下设中天建设集团、中天西北建设投资集团、中天华南建设投资集团、中天交通建设投资集团、中天海外建设投资有限公司、产业链子公司、设计咨询公司、投建运业务等产业单元，致力于保持大土木工程领域民营企业领先地位，数智化、绿色化、工业化技术能力与建设水准达到行业领先。中天控股“美好生活服务”板块以地产开发为主业，拓展物业服务、代建管理、长租公寓、商业运营、精装家装等服务业务。秉持“产品领先品质至上品牌发展”理念，以安全、舒适、绿色、智慧与科技集成为品质内核输出产品及服务，列中国百强销售榜排名第63位，杭州房企销售额十强，蝉联“2024中国房地产公司品牌价值TOP30”，获评杭州市房地产企业信用等级A级。中天服务主营社区服务，为主板上市公司。中天控股“新材料新能源”板块以化工和建筑材料、新能源开发利用为方向，致力于通过系统推进化工新材料和建筑新材料的设计、研发、制造与应用，建筑光伏一体化领域探索，以及充电、储能、售电等业务领域发展，助力深耕建筑主业，坚持科技驱动，以技术与产品研发为手段，加快产品更新迭代，打造具有高附加值的优质产品。下设浙江中天东方氟硅材料股份有限公司、天宏建筑科技集团有限公司、中天绿能科技有限公司等产业单元。,"https://www.zhaopin.com/jobdetail/CC196351710J40864429715.htm?refcode=4019&srccode=401901&preactionid=a7c1140f-c46c-45e5-b867-ab342d8bdc77"
2008,实施工程师,成都-双流区,7000-12000元,东华医为科技有限公司,"IT服务,IT服务",1000-9999人,未融资,CC649781480J40411132105,岗位职责：  1.医疗HIS、LIS、PACS等系统实施与管理  2.跟甲方沟通实施方案，评估需求合理性、可行性  3.学习医院业务流程和管理理念，与信息系统功能良好融合 4.实施过程中资料文档整理、简单的程序开发与调试  岗位要求：  1.能适应出差  2.有一定的沟通能力  3.具备计算机基本语言基础，如Mysql、Java、Oracle等  4.一本及以上学历，获得学士学位证书 职位福利：加班补助、定期团建、项目奖金、带团队、带薪年假、五险一金、无官僚风气、出差补贴 职位亮点：平台大，机会多，有助于提升个人行业竞争力,2025-07-27 00:13:40,东华医为科技有限公司（简称东华医为）成立于2012年5月，注册资金5000万，是东华软件股份公司旗下专业服务医疗、卫生等大健康领域IT业务的全资子公司。东华医为现有员工2000余人，其中技术人员占比达到90%，拥有近100项大健康类自主知识产权的软件产品，所覆盖的大健康领域有医疗机构、卫生管理机构、互联网医疗、人工智能、大数据、健康管理等，所涉及的主要业务有IT咨询规划、方案设计、系统集成、软件开发与交付、工程实施与交付、人才培养、售后运维、合作运营等。东华医为现为全国500余家大健康领域的各类用户提供着持续的技术服务，还连续多年蝉联中国十佳医疗行业解决方案商榜首。传承了东华软件医疗卫生事业部近二十年IT业务的东华医为，在高速发展的大健康领域，笃定能大有作为。,"https://www.zhaopin.com/jobdetail/CC649781480J40411132105.htm?refcode=4019&srccode=401901&preactionid=a7c1140f-c46c-45e5-b867-ab342d8bdc77"
2009,测试工程师,嘉兴-桐乡市,1-1.5万,振石控股集团,"钢铁/有色金属冶炼及加工,货运/物流/仓储",1000-9999人,未融资,CC162034410J40768911502,岗位职责： 1、负责实验室设备、仪器管理； 2、根据客户或内部需求对复合材料、金属材料进行力学性能测试（拉压弯剪）并出具测试报告；,7月11日,振石控股集团，中国企业500强，地处长三角杭嘉湖平原，作为浙江省首批股份制改造试点企业，凭借独特的区位优势，在创始人张毓强的带领下，经过近三十年的卓越发展，形成了包括玻纤制造、风电基材、特种钢材、复合新材、自控技术、矿产开发、酒店旅游、物流贸易、房产开发、健康体检等在内的多元化产业布局。振石，秉持“勇敢走出去，坚定走下去，成功走回来”理念，大力推进国际化进程，积极践行国家“一带一路”战略，现已在西班牙、印尼、埃及、土耳其、香港等国家和地区设立了五十余家控（参）股子公司。振石的崛起壮大，展示了中国改革开放发展史，树立了中国民营企业发展的成功典范。,"https://www.zhaopin.com/jobdetail/CC162034410J40768911502.htm?refcode=4019&srccode=401901&preactionid=a7c1140f-c46c-45e5-b867-ab342d8bdc77"
2010,Java,杭州-滨江区,1.2-2.4万,外企德科数字技术有限公司,专业技术服务,10000人以上,,CCL1480117890J40786135905,岗位职责： 1、参与云大数据服务、产品的能力建设；承担相关服务、产品的技术架构设计和研发工作，打造面向未来、业界一流的大数据技术； 2、参与云大数据服务体验提升工作，通过业界对比分析，倾听客户反馈，问题分析等手段打造技术领先、体验优秀的大数据云服务； 3、参与云大数据重大市场项目技术比拼、问题攻关，支撑大数据市场项目成功； 职位要求： 1、统招本科学历以上，计算机相关专业优先； 2、具备良好的计算机、软件工程等专业领域基础知识； 3、具备云计算、高性能计算相关领域开发维护相关经验； 4、至少精通C、C++、Java、Python中的一种； 5、不限制工作经验，可以接受应届生（无经验/考研/考公/空档期等），无经验入职有导师带教。,2025-07-27 00:25:27,外企德科数字技术有限公司是一家2023年新成立的中外合资企业。成立于2023年11月24日，公司定位：专注于为信息技术企业提供人才及数字技术外包解决方案的中外合资企业。它是由中国人力资源服务行业的FESCO（北京国际人力资本集团）与全球人力资源服务领导者The Adecco Group（德科集团）合资成立的。公司主要提供网络技术服务、软件外包服务、计算机系统服务、技术进出口、软件开发等信息技术相关服务。专注于为信息技术企业提供信息技术类人才及数字技术外包解决方案。,"https://www.zhaopin.com/jobdetail/CCL1480117890J40786135905.htm?refcode=4019&srccode=401901&preactionid=a7c1140f-c46c-45e5-b867-ab342d8bdc77"
2011,科研人员,温州-龙湾区,6000-7000元,瓯江实验室,学术/科研,300-499人,,CCL1432124630J40440530512,岗位职责：1) 制定与完善实验室科研发展规划的各项规章制度；,7月28日,,"https://www.zhaopin.com/jobdetail/CCL1432124630J40440530512.htm?refcode=4019&srccode=401901&preactionid=a7c1140f-c46c-45e5-b867-ab342d8bdc77"
2012,C/C++,北京-海淀区,1.5-3万·14薪,外企德科数字技术有限公司,专业技术服务,10000人以上,,CCL1480117890J40653083405,岗位职责： 1、参与存储产品整体架构设计，负责各子系统的特性设计与开发，看护子系统设计质量和代码质量； 2、构建极致数据缩减比及高性能分布式数据缓存，设计高可靠容灾备份方案，构筑元数据索引、介质规划演进等能力，软硬件协同提升产品性能和可靠性； 3、承担相关产品的架构设计、开发交付和产品化工作，参与产品与平台的快速迭代，高效协同。 能力和经验要求： 1、熟悉C/C++编程语言，掌握常用的数据结构、算法以及多线程编程技术； 2、有在存储、分布式系统、数据库、Linux内核以及大数据等领域开发经验者优先；有可靠性、性能调优、容灾备份相关经验者优先； 3、具备良好的问题解决能力、逻辑思维能力，善于沟通与合作； 4、工作认真负责，能承受一定工作压力，具备良好的团队协作与沟通交流意识。 薪资福利：14薪，园区内有班车和食堂，加班给双倍加班费，免费夜宵、健身房、下午茶，生日礼物，带薪年假，每年两次调薪机会； 面试流程：主要包含一轮牛客网代码笔试和2轮技术面试； 地点：全国13所研发中心均有岗位。北京、上海、深圳、成都、西安、武汉、广州、长沙、苏州、南京、杭州、济南。 其他：考研失败的同学/想转行/转语言的同学都可以投递，入职后会有大佬带教，有完整的学习课程，平时技术交流会很多，部门老大也很不错，欢迎同学们私聊,2025-07-27 00:23:24,外企德科数字技术有限公司是一家2023年新成立的中外合资企业。成立于2023年11月24日，公司定位：专注于为信息技术企业提供人才及数字技术外包解决方案的中外合资企业。它是由中国人力资源服务行业的FESCO（北京国际人力资本集团）与全球人力资源服务领导者The Adecco Group（德科集团）合资成立的。公司主要提供网络技术服务、软件外包服务、计算机系统服务、技术进出口、软件开发等信息技术相关服务。专注于为信息技术企业提供信息技术类人才及数字技术外包解决方案。,"https://www.zhaopin.com/jobdetail/CCL1480117890J40653083405.htm?refcode=4019&srccode=401901&preactionid=a7c1140f-c46c-45e5-b867-ab342d8bdc77"
2013,Java,合肥-蜀山区,1.5-3万·15薪,外企德科数字技术有限公司,专业技术服务,10000人以上,,CCL1480117890J40793520205,Java、Python、架构师、C++、web、软件测试等均有需求base:深圳 东莞 北京 上海 杭州 南京 西安 武汉【岗位要求】 java中级、高级、架构、专家欢迎投递 1、普通本科实际2年以上Java开发工作经验 2、 Java基础扎实，有编程思维，善于处理日常问题 3、有技术热情，工作尽职，主动性和责任心强: 4、25应届生、985/211学历，毕业了年内可以0经验;【福利待遇】 1、5天8小时，双休制，偶尔加班(根据项目进度来定) 2、全额五险一金++周末加班2倍工资(周末加班不强制，看个人意愿) 3、大厂待遇，项目稳定，个人瓶颈期可申请挑战新项目，晋升空间广，办公环境高大上 4、节日福利++生日会++年度免费体检+公司内部健康驿站++带薪年假,2025-07-27 00:25:59,外企德科数字技术有限公司是一家2023年新成立的中外合资企业。成立于2023年11月24日，公司定位：专注于为信息技术企业提供人才及数字技术外包解决方案的中外合资企业。它是由中国人力资源服务行业的FESCO（北京国际人力资本集团）与全球人力资源服务领导者The Adecco Group（德科集团）合资成立的。公司主要提供网络技术服务、软件外包服务、计算机系统服务、技术进出口、软件开发等信息技术相关服务。专注于为信息技术企业提供信息技术类人才及数字技术外包解决方案。,"https://www.zhaopin.com/jobdetail/CCL1480117890J40793520205.htm?refcode=4019&srccode=401901&preactionid=a7c1140f-c46c-45e5-b867-ab342d8bdc77"
2014,Java,深圳-龙岗区,1.5-2.5万·14薪,南京天奕创业服务有限公司,"咨询服务,企业服务",100-299人,未融资,CCL1328788790J40927903904,【招聘岗位】后端开发（Java、C/C++、Python 为主） 、前端开发、软件测试（功能、性能、接口、 自动化、安全测试等） 、大数据开发、算法岗位 【招聘要求】 院校要求：127所目标院校 招聘专业：计算机、软件、电子信息、通信、网络、自动化、数学、物理、统计学等理工科相关专业 2025年毕业，统招本科和硕士 【薪资待遇】 10k-25k（不同城市/级别会有差异）、14至16 薪、六险一金、双倍加班费、每日免费宵夜、加班免费打车、 各类节假日礼品、不定期下午茶、各类兴趣协会等 【招聘城市】 北京、上海、深圳、东莞、西安、武汉、南京、杭州、苏州、成都、长沙、济南均可分配,2025-07-27 01:11:26,南京天奕是一家专门从事科技企业发展顾问服务的公司，围绕科技创业主线，拥有专业相结合的运营管理服务团队，拥有高层次顾问专家队伍，致力于为科技创业企业提供优质的孵化服务，并建立了一套具有特色的服务体系，从企业发展成长过程中的实际需求出发，为企业从初生到成长加速、发展壮大的全链条培育提供全方位服务。,"https://www.zhaopin.com/jobdetail/CCL1328788790J40927903904.htm?refcode=4019&srccode=401901&preactionid=a7c1140f-c46c-45e5-b867-ab342d8bdc77"
2015,软件测试,重庆-九龙坡区,7000-10000元,重庆科满福人力资源服务有限公司,企业服务,20-99人,,CCL1487604860J40928943404,【岗位职责】： 1、软件测试岗位职责  2、接受测试任务，进行需求分析 3、按照测试计划搭建测试环境，并保证测试环境的可靠性 4、按照测试计划编亏测试用例，保证测试用例合理有效 5、按照测试用例执行测试，及时发现缺陷，并使用工具进行管理缺陷 6、编写和提交测试报告，保证测试进度按计划完成 7、参与审核其他测试工程师的测试用例和报告 8、学习公司已有方案和推广使用新的测试技术和工具,7月7日,,"https://www.zhaopin.com/jobdetail/CCL1487604860J40928943404.htm?refcode=4019&srccode=401901&preactionid=a7c1140f-c46c-45e5-b867-ab342d8bdc77"
2016,软件测试,南昌-南昌县,6000-9000元,重庆科满福人力资源服务有限公司,企业服务,20-99人,,CCL1487604860J40925269304,【岗位职责】： 1、软件测试岗位职责  2、接受测试任务，进行需求分析 3、按照测试计划搭建测试环境，并保证测试环境的可靠性 4、按照测试计划编亏测试用例，保证测试用例合理有效 5、按照测试用例执行测试，及时发现缺陷，并使用工具进行管理缺陷 6、编写和提交测试报告，保证测试进度按计划完成 7、参与审核其他测试工程师的测试用例和报告 8、学习公司已有方案和推广使用新的测试技术和工具 【薪资待遇】： 试用期：（试用期5350-转正6500）元/月＋300全勤+（300-800）元/岗位补贴+（1000-1500）元/月绩效+加班费=-6000-9000左右 ,6月26日,,"https://www.zhaopin.com/jobdetail/CCL1487604860J40925269304.htm?refcode=4019&srccode=401901&preactionid=a7c1140f-c46c-45e5-b867-ab342d8bdc77"
2017,实施工程师,运城-盐湖区,8000-16000元,青岛安然物联网科技有限公司,"物联网,物联网",20-99人,未融资,CC559764920J40884197004,岗位职责： 1. 负责石化、化工厂人员定位系统的现场实施、现场交付和技术赋能等工作。 2. 对接客户需求，进行需求调研，制定详细的施工方案和计划。 3. 确保项目按照既定的时间节点和质量要求完成交付。 4. 对已交付的项目进行后期技术支持与维护。 岗位要求： 1. 年龄在25-35岁之间。 2. 能够适应经常出差的工作要求。 3. 熟悉信息化、弱电及工业互联网相关技术。 4. 具备良好的沟通协调能力和问题解决能力。,7月22日,基于精准人员定位的工业安全生产信息化管理专家，安全生产信息化管理引领者！作为全国实时定位技术标准工作组成员和应急管理部“工业互联网+危化安全生产”人员定位系统技术支持机构，安然从2012年起致力于基于ZigBee Plus三维立体按需精准定位的“工业互联网+安全生产”的研究，获得了20多项安全智能管控系统发明专利和著作权，持续引领中国化工行业生产现场智慧安全！安然以“准、稳、狠”的ZigBee Plus三维立体按需精准人员定位统和“底数清、数据准、情况明、研判准、措施实”的安全生产信息化平台为核心，整合访客管理、出入口控制、人脸识别、视频监控、语音广播、重大危险源监控、可燃有毒气体监测等系统，对生产现场人、机、料、法、环五大要素进行实时、动态、智能管控和预警，规范人的安全行为，保障人的生命安全，有效防范风险、主动化解风险，实现智慧安全。安然“以用为本”，把安全生产信息化建设与公司管理体系“深度融合”，把安全生产信息化建设与日常工作“紧密结合”，对安全生产切实“有用、实用、好用”，避免建用“两张皮”，让安全管控更智能，让生产更高效才实用。迄今已服务中石化、中石油、延长石油、国能、兖矿、京能、索普、新安、奇美、昊源、潞安、旭阳、垦利、逸盛、海科、酒钢、金发等几百家石化、化工、选煤、钢铁、电厂企业。安然以客户为中心，以强者为本，抬头乐干，愿意与同道中人联合、链接，携手共建、共用、共享生产安全命运共同体，一起干，一起干，让优秀企业更安全，让优秀企业更高效！,"https://www.zhaopin.com/jobdetail/CC559764920J40884197004.htm?refcode=4019&srccode=401901&preactionid=a7c1140f-c46c-45e5-b867-ab342d8bdc77"
2018,软件测试,青岛-城阳区,100-150元/天,长光禹辰信息技术与装备(青岛)有限公司,"学术/科研,学术/科研",20-99人,未融资,CC529985630J40480772801,1.任职要求： （1）熟悉移动端测试和web端测试流程及方法； （2）掌握测试方案、测试用例和进行集成测试、系统测试的方法及技巧； （3）熟悉postman、jmeter等常用测试工具； （4）具有良好的沟通能力、协调能力，良好的团队合作精神； （5）有自动化测试开发经验优先； 2.岗位职责： （1）负责公司web、app端产品测试工作； （2）根据产品需求和设计文档、制定测试方案、分析测试需求、设计测试用例； （3）执行具体测试任务并确认测试结果、缺陷跟踪； （4）撰写测试报告及测试结果分析及相关测试文档（用户手册、配置文档等）； （5）在测试各环节与产品开发等部门沟通保证测试输入和输出的正确性和完备性。,4月11日,长光禹辰信息技术与装备（青岛）有限公司（简称“长光禹辰”）成立于2017年，是一家由中国科学院长春光机所和青岛高新区联合成立的国家级高新技术企业，注册资本1000万元。公司现有员工40余人，核心团队来自中科院长春光机所一线科研骨干，研发人员比例80%，其中高级职称和硕士及以上学历近70%。长光禹辰专注于无人机航空遥感和光电探测领域，设有“青岛市多光谱遥感信息服务技术创新中心”、“青岛市农情航空遥感与监测专家工作站”，获评“国家级高新技术企业”、“青岛市‘专精特新’技术企业”、“青岛高新区创新型企业”，担任“国家航空植保科技创新联盟“副主任单位。公司软件研发能力通过了CMMI 3级认证，产品的研发和技术服务通过了质量（ISO9001:2015）、环境（ISO14001:2015）、职业健康安全（ISO45001:2018）三体系认证。长光禹辰掌握完整的光谱仪器系统设计、先进的嵌入式视觉开发、复杂场景定量遥感智能调光、高精度光谱辐射定标、光谱数据半定量反演及应用等核心技术，形成了以MS200、MS400、MS600、AQ300、AQ600等系列多光谱相机为代表的光谱遥感硬件产品线、以Yusense Map/Map Plus为依托的光谱数据预处理及分析软件和以Yusense Cloud为依托的端云一体化服务平台，并在农/林、生态、环保、警用等领域开展了深入的应用。长光禹辰始终坚持“技术创新、品质至上”的发展理念，MS600系列多光谱相机依托中国科学院STS项目成果，填补国内行业空白，列入2021年度山东省首台（套）技术装备和关键核心零部件目录、2021年第二批青岛市创新产品目录。产品并通过CE、FCC、RoHS认证，现为大疆公司高精度多通道型光谱载荷生态伙伴，用户覆盖我国23个省、4个直辖市、4个自治区的行业和政府部门。展望未来，禹辰人将继续深耕低空无人机光谱数据的获取、处理、分析、应用、服务全流程解决方案，持续推出革新的软硬件产品，落地更丰富的行业应用场景，致力于用技术和产品推动行业进步。,"https://www.zhaopin.com/jobdetail/CC529985630J40480772801.htm?refcode=4019&srccode=401901&preactionid=a7c1140f-c46c-45e5-b867-ab342d8bdc77"
2019,测试工程师,渭南-临渭区,4000-6000元·13薪,陕西益信伟创智能科技有限公司,"船舶/航空/航天/火车制造,船舶/航空/航天/火车制造",20-99人,未融资,CC840692900J40110854804, 学历要求：专科及以上学历,7月24日,陕西益信伟创智能科技有限公司成立于2017年1月，注册资本2000万元，位于西安市高新区研祥城市广场，专业从事高效换热器、热管理系统研发设计、生产和销售及相关技术服务。公司拥有一支专业化高素质的研发团队，研发人员30余人，均为硕士及以上学历。公司自成立以来一直专注于军工领域的科技创新，基于仿生设计理念，应用超精加工技术手段，为解决航空、航天、电子等军工领域的微小空间散热、微纳防冰设计、超精接触表面设计等工程技术问题提供高结构可靠性系统解决方案。目前所设计开发的仿生换热器系列产品具有轻量化、耐高温高压、结构紧凑、低压损等特点，符合航空航天先进装备的应用需求，相关产品技术已经申请了20余项国家专利。公司具有换热器的设计开发能力，储备了丰富的超精加工工艺技术、配套生产设备和相关领域优质合作伙伴，建立了试验测试中心，可以根据用户的需求提供换热组件以及热管理系统的研发设计、生产及相关技术服务。公司在创业过程中坚持“精益求精、信守承诺、持续创新”的经营理念，践行工匠精神，目标成为国内热管理系统设计和制造的领军企业，为航空、航天、电子等国防事业发展提供技术产品支撑，引领行业的技术创新和产品升级换代，推动科学技术的创新发展与军民融合。,"https://www.zhaopin.com/jobdetail/CC840692900J40110854804.htm?refcode=4019&srccode=401901&preactionid=a7c1140f-c46c-45e5-b867-ab342d8bdc77"
2020,测试工程师,重庆-沙坪坝区,1.3-1.8万·13薪,方得(青岛)人力资源有限公司,咨询服务,20-99人,,CCL1462672470J40736055416,,2025年07月28日,,"https://www.zhaopin.com/jobdetail/CCL1462672470J40736055416.htm?refcode=4019&srccode=401901&preactionid=a7c1140f-c46c-45e5-b867-ab342d8bdc77"
2021,Java,杭州-滨江区,1.5-2.5万·14薪,外企德科数字技术有限公司,专业技术服务,10000人以上,,CCL1480117890J40790795405,【岗位要求】 1、本科及以上学历； 2、熟悉Java / C/C++/Python/JS，至少一门主流编程语言； 3、开发，测试，前端等，均有岗位； 4、各个技术职级岗位都有，经验要求不同，薪资范围较大，请详聊。 Tips：基础职级岗位，接受双证齐全，0经验的应届生。,2025-07-27 00:25:48,外企德科数字技术有限公司是一家2023年新成立的中外合资企业。成立于2023年11月24日，公司定位：专注于为信息技术企业提供人才及数字技术外包解决方案的中外合资企业。它是由中国人力资源服务行业的FESCO（北京国际人力资本集团）与全球人力资源服务领导者The Adecco Group（德科集团）合资成立的。公司主要提供网络技术服务、软件外包服务、计算机系统服务、技术进出口、软件开发等信息技术相关服务。专注于为信息技术企业提供信息技术类人才及数字技术外包解决方案。,"https://www.zhaopin.com/jobdetail/CCL1480117890J40790795405.htm?refcode=4019&srccode=401901&preactionid=a7c1140f-c46c-45e5-b867-ab342d8bdc77"
2022,软件测试,大连-甘井子区,2000-3000元,东软集团,"计算机软件,互联网",500-999人,已上市,CC120399300J40850885015,招聘见习生【只要24届！25、26勿扰】 专业要求：  24年毕业的本科生，没有社保缴纳记录 并且没有在东软实习过（只要24届） 计算机相关专业 工作职责：负责额测试工作       能力要求：    1、学习能力、表达能力良好    2、做事认真负责，责任心强    3、掌握Java/C/C++/Python任何一种语言或测试    4、熟练运用办公自动化软件      薪资为：2100.     地点大连，提供免费四人宿舍    一次签一年合同，如果做的好，有机会转正。,6月5日,东软创立于1991年，是中国第一家上市的软件公司，一直以来致力于以信息技术的创新，推动社会发展，创造美好生活。东软集团以软件技术为核心，业务领域覆盖智慧城市、医疗健康、智能汽车互联及软件产品与服务。目前，东软在全球拥有近20000名员工，在中国建立了覆盖60多个城市的研发、销售及服务网络，在美国、日本、欧洲等地设有子公司。此外，东软连续四次入选普华永道“全球软件百强企业”，还曾荣获最具全球竞争力中国公司20强、中国50强全球挑战者、亚洲最受赏识的知识型企业、亚太地区最佳雇主等奖项。,"https://www.zhaopin.com/jobdetail/CC120399300J40850885015.htm?refcode=4019&srccode=401901&preactionid=a7c1140f-c46c-45e5-b867-ab342d8bdc77"
2023,技术支持工程师,广州-越秀区,8000-15000元,北京太平洋云创科技有限公司,计算机软件,20-99人,,CC449464480J40819898708,工作职责: 1. 客户服务支持 (1) 提供软件系统应用技术支持 (2) 解答解决用户在系统使用中相关技术问题 (3) 熟练掌握公司产品，了解客户需求 (4) 协助软件项目经理现场快速定位，处理系统产生的问题 (5) 协助项目经理根据销售与客户需要，组织软件系统培训工作 (6) 参与用户组织的与软件系统相关的技术性会议，并形成会议纪要 (7) 为用户提供系统的更新维护和升级 2. 收集及维护需求 (1) 收集客户在使用系统过程中提出的相关问题及需求 (2) 将客户所提需求形成相关文档并定时向客户汇报需求处理进度 (3) 形成用户需求文档，并及时和团队沟通 3. 应急故障处理 (1) 对于突发性的故障能第一时间通过电话、网络或者到达现场进行故障排除 (2) 形成故障报告并及时同团队沟通 任职要求: 1. 本科及以上学历，理工科专业 2. 葡萄牙语B2等级 3. 熟练掌握计算机操作等相关知识 4. 具备良好的表达和沟通能力，强烈的责任心和团队合作意识。工作积极主动，能承受较大的工作压力。,7月9日,,"https://www.zhaopin.com/jobdetail/CC449464480J40819898708.htm?refcode=4019&srccode=401901&preactionid=a7c1140f-c46c-45e5-b867-ab342d8bdc77"
2024,测试工程师,杭州-None,1.2-2.4万,字节跳动,互联网,10000人以上,,CC469217510J40651836601,岗位职责： 1、公司战略团队，旨在打造字节跳动特色的本地生活服务商业化生态，负责B端CRM和服务商方向质量保障工作； 2、根据产品设计或需求，进行需求分析，制定测试计划、风险评估、设计测试数据和测试用例，执行测试用例，准确定位并追踪问题等； 3、对线上问题进行持续追踪，并从中得出一些优化监控、测试方案提升等改进措施； 4、对产品提出改进建议以建立极致的用户感受，对项目提出改进建议以提高项目整体效率； 5、在项目中保持和产品经理、开发工程师、用户等积极有效沟通，推动问题及时合理地解决，并保持总结问题。 任职要求： 1、本科以上学历，计算机及其相关专业，熟悉Go/Python/Java等至少一门编程语言； 2、扎实的技术功底和视野，具备测试/技术领域前瞻性探索能力，能够从技术角度主导和推进质量改进，技术革新，效率提升，专项测试，平台开发等工作； 3、熟悉软件开发和测试流程，有较好的技术架构能力，熟练使用移动互联网相关的测试工具； 4、在B端场景服务端专项测试领域有实际建设落地经验，如资损防控、稳定性、自动化等； 5、具备本地生活服务/B端CRM测试开发相关经验者优先。,7月11日,"字节跳动成立于2012年3月，公司使命为“Inspire Creativity, Enrich Life（激发创造，丰富生活）”。公司业务覆盖150个国家和地区，拥有15万名员工。字节跳动在全球推出了多款有影响力的产品，包括今日头条、抖音、西瓜视频、飞书、Lark、PICO、剪映、TikTok等。截至2021年6月，字节跳动旗下产品全球月活跃用户数超过19亿。","https://www.zhaopin.com/jobdetail/CC469217510J40651836601.htm?refcode=4019&srccode=401901&preactionid=a7c1140f-c46c-45e5-b867-ab342d8bdc77"
2025,测试工程师,杭州-余杭区,200-250元/天,华立科技股份有限公司,互联网,1000-9999人,,CC140655510J40864399915,岗位职责： 1、服从测试主管的任务分配，按时完成由本人承担的各项产品测试任务，能主动取得完成任务所需要的资源和信息； 2、严格执行产品测试依据（标准、规范、大纲等），能正确运用各种测试手段进行产品的功能测试； 3、对产品测试数据能做出正确的判断，确保测试记录真实可信，对所做的每一项测试结果/结论负责； 4、按规定做好所负责的设备的日常维护保养工作及工作场所的5s管理； 5、及时向上级领导汇报工作进展，完成上级领导安排的其他临时任务。 岗位要求： 1、本科及以上学历，电子、电气、计算机等相关专业； 2、在学校实验室学习的优先考虑，参加过各类的电子竞赛、智能车比赛、飞思卡尔比赛、ACM等软件硬件程序设计大赛尤佳。 3、有较强的沟通及解决问题的能力； 4、工作认真负责、细心，有团队合作精神； 5、可实习6个月及以上。,7月17日,"华立科技股份有限公司是华立集团旗下致力于能源物联网产业的核心业务公司，是一家集智能仪表、智慧能源管理、智慧制造,研、产、销为一体的全球化企业集团。随着公司持续不断地创新投人,并紧跟互联网+工业4.0”的大趋势，把公司打造成为一个更具国际竞争力、互联网思维的高科技复合型企业，并专注于形成以能源管理为核心，以物联网技术为支柱,以互联网技术为平台的智慧能源管理及应用产业生态圈。为响应华立集团确定的“大健康产业生态圈”战略目标，华立科技将努力打造以能源管理为核心，以物联网技术为支柱，以互联网技术为平台的智慧能源管理及应用产业生态圈，通过践行“守护绿色家园，分享健康生活”的企业理念，努力完成企业使命。公司在杭州五常建有科技园，园区内建有先进的产品制造系统，自主研发的生产和检测设备，国际认可的CNAS实验室，并有效运行质量、测量、环境、职业健康安全、信息安全等十大管理体系，为产品质量稳定、节能降耗、关爱员工、环境保护等提供强有力保障。同时，多年来公司持续推进智能制造和“机器换人”项目的实施，“电力装备智慧仪表智能制造新模式”获得工信部的高度认可，列入2015年中国首批智能制造专项项目，电力装备智慧仪表智能制造新模式的实施，将大力提升智慧仪表制造领域的产品质量、制造效率、财务收益、环保能力等，也为中国的智能制造产业升级提供良好的示范效应，并将带动整个行业制造能力的快速发展和提升。为了适应未来智能制造的战略发展需要，公司引入西门子公司进行总体规划，历时三年时间，设计建设华立科技成青山湖智能制造基地。主要特点为：全自动物流系统、适度工艺自动化和信息化系统高度集成。基地按国家智能制造的高标准要求已完成一期建设，制造水平处于国内离散电子产品行业领先，具有很强的引领示范作用。公司成立了国家企业技术中心、省级重点企业研究院、博士后工作站，并与清华、浙大、中科院产学研合作。经过持续的开发创新，为客户提供行业领先的智能电网系统集成解决方案。被认定为高新技术企业、国家火炬计划重点高新企业、国家技术创新示范企业、中国出口质量安全示范企业、国家知识产权优势企业、浙江省专利示范企业、浙江省创新试点企业。凭借优良的产品，专业化的市场与销售团队，完善的服务体系，以及在泰国、乌兹等建立的海外生产基地，公司的各项经营指标已稳居全国同行第一集团序列。在致力经济发展的同时，公司开展丰富多彩的文化活动，组建摄影、志愿者、文体、户外等多种俱乐部；主动履行社会责任，开展公益支持，组织员工捐款捐物及义务献血活动，多年来华立科技累计捐款捐物已超千万元，并获得了浙江省最受尊敬企业、杭州市社会责任建设先进企业等荣誉。“百年华立”是历代华立人的追求目标，一代又一代的华立人为此拼搏着。凭借这种专注度，以及公司持续不断地创新投入，相信我们能够紧紧抓住“互联网+工业4.0”的大趋势，最终实现凤凰涅槃，把公司打造成为一个更具国际竞争力、互联网思维的，专注于能源管理智能化整体解决方案的、盈利模式多元化的高科技复合型企业，同时为社会的更好明天尽企业应尽之责。","https://www.zhaopin.com/jobdetail/CC140655510J40864399915.htm?refcode=4019&srccode=401901&preactionid=a7c1140f-c46c-45e5-b867-ab342d8bdc77"
2026,技术支持工程师,北京-大兴区,1-2万·14薪,北方华创,"电子/半导体/集成电路,计算机软件,电气机械/电力设备,仪器仪表制造",1000-9999人,已上市,CC135196350J40778006712,Local武汉！！！   岗位职责:,7月24日,北京北方华创微电子装备有限公司（以下简称：北方华创）是A股上市公司北方华创科技集团股份有限公司（002371.SZ以下简称：集团）的全资子公司。北方华创是国内少有的覆盖领域广泛、产品种类众多、技术水平领先/先进、综合实力强劲的半导体装备旗舰平台。北方华创作为高端半导体工艺装备及核心零部件行业的知名供应商，主要产品涵盖等离子体刻蚀机、物理气相沉积设备（PVD）、化学气相沉积设备（CVD）、氧化/扩散设备、清洗机等半导体工艺装备，平板显示制造装备和气体质量流量控制器等核心零部件。北方华创的产品广泛应用于集成电路（芯片制造）、先进封装、半导体照明（LED）、微机电系统（MEMS）、电力电子、光伏太阳能、平板显示等半导体相关领域，与包括台湾、韩国、欧美大厂在内的国内外行业主流客户形成了长期友好的合作关系，在多款核心产品上实现了国产替代。公司在北京、上海、台湾新竹、西安、合肥、韩国、日本、美国等地拥有多个研发、制造及服务中心，营销服务体系覆盖欧、美、亚等全球主要国家和地区。在北方华创的产品蓝图中，新技术、新产品、新工艺代代更迭、生生不息，正如“北方华创”品牌的英文名称——“NAURA”所寓意的，我们的明星产品如浩瀚星辰般在半导体宇宙中璀璨闪耀同时，北方华创不断加大资源投入培育高质量人才队伍，通过建立与世界接轨的人才引进和激励机制，与国内外知名高校共同努力，不断壮大人才队伍。未来，北方华创将持续为人才赋能，培育创新文化土壤，打造高端人才“引力场”！公司网址：www.naura.com公司地址：北京市大兴区亦庄文昌大道8号,"https://www.zhaopin.com/jobdetail/CC135196350J40778006712.htm?refcode=4019&srccode=401901&preactionid=a7c1140f-c46c-45e5-b867-ab342d8bdc77"
2027,科研人员,上海-浦东新区,2-3万,普元信息技术股份有限公司,运营商/增值服务,1000-9999人,已上市,CC000471160J40705047907,1、在国内外已经获得或即将获得博士学位者，心理学或者社会学专业优先；  2、40岁以下年龄，品学兼优、身体健康；  3、具有对民族软件发展的强烈认同，并已做好愿意投身研究的思想准备；  4、具有较强的科研和前瞻能力  5、具备与研究课题相近的能力和理论知识准备；  6、具有较强的沟通和表达能力，以及良好的团队合作意识；  7、能够全脱产在本站进行研究工作。,1月8日,普元（Primeton）是中国领先的基础软件产品与解决方案提供商，长期致力于与客户及合作伙伴紧密合作，采用平台化方式建设IT基础设施，支撑中国企业的业务创新与发展。普元系国家规划布局内重点软件企业，并是国际标准组织OASIS核心成员、SOA国际标准SCA/SDO的主要参与制定者、中国SOA标准工作组副组长单位。普元专注于基础软件平台领域，凭借掌握的服务构件技术、可视化技术、业务流程管理、并行计算、内存计算、企业移动计算、数据治理等核心技术，开发出拥有自主知识产权的系列平台软件产品，包括SOA应用交付平台、SOA业务集成平台、IT运维平台、大数据平台、云计算平台等。普元拥有多项国家软件发明专利，同时是中国少数通过国际软件成熟度整合模式（CMMI）5级认证的软件厂商之一。,"https://www.zhaopin.com/jobdetail/CC000471160J40705047907.htm?refcode=4019&srccode=401901&preactionid=a7c1140f-c46c-45e5-b867-ab342d8bdc77"
2028,C/C++,杭州-滨江区,面议,华为技术有限公司,运营商/增值服务,10000人以上,,CC000542940J40631273414,岗位内容：  1. 设计、开发和维护C++应用程序； 2. 根据产品需求，完成相应领域的研究及开发； 3. 参与项目需求分析和技术选型； 4. 负责代码编写、单元测试、Bug修复等工作。 任职要求：  1. 熟悉C++编程语言，具备扎实的编程基础； 2. 具有良好的算法和数据结构基础； 3. 熟练使用常见的开发工具，如VS、Eclipse等； 4. 具备较强的沟通协调能力和团队合作精神； 5. 具备分析问题、解决问题的能力；,7月24日,我们是华为，诞生于1987年。在成长的过程中，我们脚踏实地、奋勇向前。我们一直专注于ICT领域，为运营商、企业客户和消费者提供有竞争力的ICT解决方案、产品和服务。30年来我们不断积攒实力，如今已拥有来自全球170多个国家和地区的客户，全球三分之一的人口因华为受益。我们为员工提供：▲“华为大学”、“iLearning”、“导师制”等健全的培训制度；▲“专家管理双通道模式”的晋升途径；▲全球化的工作机会及视野。我们始终坚持“以客户为中心，以奋斗者为本”；只要你踏实肯干，华为就是你施展人生抱负的舞台。加入华为，与技术大牛共事，与行业精英一同成长；加入我们，你可以自带主角光环！联接，就像空气和水，慢慢融入生活的每个角落。我们期待与你一起共同探索全联接世界，共同领跑未来！我们是华为，诞生于1987年。在成长的过程中，我们脚踏实地、奋勇向前。我们一直专注于ICT领域，为运营商、企业客户和消费者提供有竞争力的ICT解决方案、产品和服务。30年来我们不断积攒实力，如今已拥有来自全球170多个国家和地区的客户，全球三分之一的人口因华为受益。我们为员工提供：▲“华为大学”、“iLearning”、“导师制”等健全的培训制度；▲“专家管理双通道模式”的晋升途径；▲全球化的工作机会及视野。我们始终坚持“以客户为中心，以奋斗者为本”；只要你踏实肯干，华为就是你施展人生抱负的舞台。加入华为，与技术大牛共事，与行业精英一同成长；加入我们，你可以自带主角光环！联接，就像空气和水，慢慢融入生活的每个角落。我们期待与你一起共同探索全联接世界，共同领跑未来！,"https://www.zhaopin.com/jobdetail/CC000542940J40631273414.htm?refcode=4019&srccode=401901&preactionid=a7c1140f-c46c-45e5-b867-ab342d8bdc77"
2029,Java,西安-雁塔区,6000-9000元,天阳科技,"计算机软件,计算机软件",1000-9999人,已上市,CC120408370J40785180708,要求：1.具有扎实的java基础，熟练掌握springboot，spring mvc，mybatis等框架。,7月11日,天阳科技(股票代码：300872)，是全球金融创新服务的重要贡献者，持续赋能中国金融行业数字化转型，为客户提供咨询、金融科技产品、金融IT服务、云计算及运营服务。公司成立于2003年，服务超过300家金融行业客户，覆盖中央银行、政策性银行、国有银行、股份制银行、地方性商业银行、非银行金融机构等，员工人数近7000人，成为激活金融领域创新活力、推动金融科技迈入世界领先水平的重要力量。作为金融行业客户可信赖的合作伙伴，天阳科技凭借丰富的行业经验和端到端的专业服务，在信创、数字化金融、信贷、交易银行、信用卡、零售、营销、风险管理、征信监管等众多领域具备核心竞争力。据赛迪和IDC报告显示，近年来公司在中国银行业IT解决方案市场排名强势崛起，2019年收入及市场占有率综合排名分别位列第四位和第五位，并保持高速增长。同时，前瞻商业和科技趋势，入选2021年度未来银行科技服务商TOP100。天阳科技始终聚焦金融科技领域，加大自主创新力度，在超过100个城市建立本地化、专业化的研发和服务团队，拥有CMMI5级认证、软件测试成熟度模型集成（TMMi）3级认证、ISO9001质量管理体系认证、ISO20000信息技术服务管理体系认证、IS027001信息安全管理体系认证。通过部署人工智能、云计算、大数据、移动互联网、分布式计算和区块链等先进金融科技，公司致力于构建安全可控、普惠民生、开放共赢格局，在关键技术领域服务现代化金融发展大局，更好地为各利益相关方创造更大价值，为大中企业、小微企业以及每个个体提供优质金融服务。,"https://www.zhaopin.com/jobdetail/CC120408370J40785180708.htm?refcode=4019&srccode=401901&preactionid=a7c1140f-c46c-45e5-b867-ab342d8bdc77"
2030,测试工程师,福州-闽侯县,8000-11000元·13薪,星网锐捷,"运营商/增值服务,计算机软件,通信/网络设备",1000-9999人,已上市,CC139189880J40596264705,"岗位职责：  1、根据功能需求，设计测试用例，对测试中发现的问题进行及时跟踪和反馈，分析和解决问题；  2、测试完毕编写测试报告，并提出自己的建议和看法； 3、负责智能家居及楼宇对讲产品测试。   任职要求： 1、熟悉黑盒测试技术，熟悉测试流程，熟练掌握测试用例设计和测试执行方法； 2、能使用简单的脚本、工具进行性能和边界测试； 3、熟悉linux系统，SQL,MYSQL数据库，有自动化测试工具使用经验者或有智能家居、楼宇对讲相关测试经验者优先； 4、具备良好的团队合作精神、良好的沟通能力；具有较强的学习和理解能力，具有严谨的工作态度。",4月28日,福建星网锐捷通讯股份有限公司成立于2000年，秉承“融合创新科技，构建智慧未来”的经营理念，是国内领先的ICT应用方案提供商，在智慧网络、智慧云、智慧通讯、智慧音乐、智慧社区、智慧物联、智能制造等智慧产业领域持续创新，助力行业用户数字化转型升级。2010年星网锐捷在深交所上市，股票代码002396，2020年营业收入达到103.04亿元。作为国家首批创新型企业，星网锐捷每年持续将10%左右的销售收入投入研发，2020年研发投入达到13.64亿元，公司拥有国家级企业技术中心、博士后科研工作站、国际科技合作基地和下一代网络设备技术国家地方联合工程实验室，多次承接和入选国家863计划、国家核高基重大专项；与中科院计算所、清华大学、北京大学等顶尖高校及Intel、Microsoft、Citrix、浪潮、支付宝等国内外著名厂商开展多层次、全方位的技术合作，形成大批领先的核心技术。基于强大的创新能力，星网锐捷的产品和方案广泛应用于政府、运营商、金融、互联网、教育、医疗、能源、交通、房地产、商业、制造业等行业。公司先后入选国家首批“科改示范企业”，国家高技术产业化示范工程、首批国家技术创新示范企业，并17度蝉联中国软件业务百强、获得中国成长百强企业、全国自主创新型企业优秀奖等荣誉。,"https://www.zhaopin.com/jobdetail/CC139189880J40596264705.htm?refcode=4019&srccode=401901&preactionid=a7c1140f-c46c-45e5-b867-ab342d8bdc77"
2031,Java,南京-秦淮区,1.4-2.8万,南京莱克贝尔信息技术有限公司,"IT服务,计算机软件",20-99人,,CC656161830J40474973601,急聘！,4月23日,南京莱克贝尔信息技术有限公司主要从事网络空间测绘、互联网大数据分析挖掘、智能化信息系统研发及技术服务等工作。公司初创核心团队由6名计算机网络、数据挖掘、云计算等方向的博士组成，具有丰富的科研工作经验和工程管理经验，是一支高学历、高素质的科技研发队伍。自公司成立以来，秉持“科技创新，质量第一，客户至上”的理念，用专业化的服务为客户创造价值。目前公司已经形成网络空间测绘、数据智能分析、信息系统运维与诊断等多个产品系列，获多项国家发明专利和软件著作权，得到了国家中心和地方政府的大力扶持，并与大型军工企业和军地高等院校建立了战略合作关系。现由于业务增长迅速，急需招贤纳士，诚招软件开发人员和实习生若干名。,"https://www.zhaopin.com/jobdetail/CC656161830J40474973601.htm?refcode=4019&srccode=401901&preactionid=a7c1140f-c46c-45e5-b867-ab342d8bdc77"
2032,软件测试,南昌-青山湖区,4000-7000元,江西晟裕网络科技有限公司,企业服务,20-99人,不需要融资,CCL1285848370J40701667908,岗位内容： 1. 设计并执行测试用例，记录测试结果并准备测试报告。 2. 协调开发人员、项目经理和测试团队成员，以确保遵守时间表和产品质量标准。 3. 使用自动化测试框架和工具来提高测试效率和覆盖率。 4. 不断改进测试流程和方法，以提高质量和效率。 5. 关注产品质量和客户需求，确保稳定、可靠和用户友好的软件交付。 任职要求： 1. 熟悉软件测试方法和流程。 2. 掌握至少一种自动化测试框架和脚本语言（如Selenium、Python、Robot Framework）。 3. 具备良好的团队合作精神和沟通能力。 4. 能够承受压力，在快节奏的环境中高效工作。 5. 有问题解决的能力和主动学习的态度。  6.我们接受优秀应届生,6月12日,江西晟裕网络科技有限公司成立于2020年09月08日，法定代表人为吴燚。经营范围包括一般项目：网络技术服务，技术服务、技术开发、技术咨询、技术交流、技术转让、技术推广，计算机系统服务，信息系统集成服务，信息技术咨询服务，工业控制计算机及系统销售，智能控制系统集成，国内贸易代理，办公设备耗材销售，计算机软硬件及辅助设备零售，软件销售，网络设备销售，电子产品销售，互联网设备销售，软件开发，信息系统运行维护服务，通讯设备销售，信息咨询服务（不含许可类信息咨询服务），社会经济咨询服务，财务咨询，教育咨询服务（不含涉许可审批的教育培训活动），税务服务，商务代理代办服务（除许可业务外，可自主依法经营法律法规非禁止或限制的项目,"https://www.zhaopin.com/jobdetail/CCL1285848370J40701667908.htm?refcode=4019&srccode=401901&preactionid=a7c1140f-c46c-45e5-b867-ab342d8bdc77"
2033,软件测试,深圳-南山区,7000-12000元,深圳市视界购科技技术有限公司,计算机软件,100-299人,不需要融资,CCL1286984920J40690016308,岗位职责： 1、参与测试全流程，包括：需求分析、设计评审、制定测试策略，设计和执行测试用例，进行缺陷跟踪，质量风险分析等； 2、主导项目的质量保障工作，包括但不限于功能性测试、性能测试、自动化测试、问题跟进、监控分析； 3、负责发现和推动解决项目中的进度、流程、质量风险，并能对项目提出合理化建议； 4、分析和总结项目过程中的改进点，推动整个测试团队的效能提升； 5、将新型技术与业务结合，根据实际业务需要搭建测试工具、工程，提升测试效率，优化质量保障体系； 任职要求 1、熟练掌握各种测试理论，测试方法，独立负责过中大型业务系统测试，有较好质量体系认知和意识； 2、对新事物有较高敏感度，具有较强的信息收集与分析能力； 3、熟悉java/python等至少一种编程语言，熟悉linux，熟悉mysql，熟悉http协议；,5月19日,深圳市视界购科技技术有限公司总部设立于广东深圳，是一家专业从事软件研发、定制服务的高新技术企业，公司面向企业应用和商务智能，提供从云平台搭建到大数据分析的全套解决方案，跟随互联网的潮流，秉承着：诚信为本，技术革新。的精神，公司拥有大批资深的专业技术人员和项目管理经验、建立了规范的产品研发、咨询、销售和服务体系。基于先进的项目管理和知识管理模式，为客户提供优质的产品和服务。积累了丰富的系统研发和系统集成经验，形成了一批多学科、多专业、高学历、高素质、技术力量雄厚、业务经验丰富的专业团队。如今我们正携手客户搭建共赢互赖的技术体系，陪伴着每家客户勾勒其卓越的未来。,"https://www.zhaopin.com/jobdetail/CCL1286984920J40690016308.htm?refcode=4019&srccode=401901&preactionid=a7c1140f-c46c-45e5-b867-ab342d8bdc77"
2034,软件测试,深圳-南山区,200-250元/天,昇腾技术(深圳)有限公司,物联网,20-99人,不需要融资,CCL1332346500J40327080510,职责描述：,7月17日,我们是一家专注于声学和人工智能技术的港资企业，结合人工智能、声振分析、边缘和云计算等工业互联网技术技术，面向汽车、船舶、轨道交通、航空航天、能源、石化、工程机械、家电等行业，为机电产品的智能制造提供可靠性、质量检测和预测性维护的基于机器听觉的智能检测系统和大数据分析平台。我们位于IDG在前海梦工场的孵化器，是一个国际化的专业团队，成员有德国、美国、俄罗斯、英国、新加坡、中国香港和中国澳门等国家和地区的学习和工作经验。在声振及工业领域有近20年的沉淀。是国家高新技术企业，并拥有《ISO9001质量管理》和《GB/T29490-2013知识产权贯标》认证。,"https://www.zhaopin.com/jobdetail/CCL1332346500J40327080510.htm?refcode=4019&srccode=401901&preactionid=a7c1140f-c46c-45e5-b867-ab342d8bdc77"
2035,实施工程师,烟台-莱山区,6000-10000元,山东浦创流体技术有限公司,"环保,环保",20-99人,未融资,CC606127330J40693436415,"一、主要职责 1、协助销售和市场部一起建立/定义客户需求，基于已有的技术和竞争对手的分析，评估可能的设计方案； 2、与销售和客户紧密合作，将浦创系统集成到客户的工艺流程中； 3、与实验室中心一起制定客户测试计划，为实验室中心内部和现场测试提供技术支持； 4、准备系统成本估算和系统方案, 准备P＆ID和投标图纸； 5、支持系统方案准备，并根据需要到客户现场做技术交流； 6、开发用于系统自动化的系统控制功能描述，准备系统操作和维护手册，提供系统安装和开车技术支持服务，参与客户操作人员培训。 7、完成经理交付的其它工作。 二、工作标准/绩效目标 1、按时完成设计图纸； 2、给销售提供技术支持（PPT，投标澄清等）； 3、系统订单项目执行支持； 4、系统服务技术支持。 三、任职资格 1、本科及以上学历，专业为化学工程或相关专业； 2、良好的人际沟通能力，团队协作精神和积极肯干的工作态度； 3、熟悉办公软件和CAD软件 (比如 Pro/E, AutoCAD, PDM etc), 具备3D制图能力(Fusion or Inventor)； 4、愿意出差，有较强的学习能力，可以很快的适应有挑战性的工作。  四、工作经验",5月8日,山东浦创流体技术有限公司，成立于2017年，注册资金3000万，总部位于烟台高新区联东U谷，营业部遍布北京，上海等主要城市。浦创致力于超高温、高压、大流量含尘气体工况的自动反吹过滤系统的设计、生产及系统服务指导，拥有一支强大的技术研发团队，集结了全球一流的陶瓷过滤专家。团队成员拥有多年复杂反吹系统设计经验、高温陶瓷多孔滤芯生产及研发经验。我们潜心钻研，只为提供可以真正为中国客户解决复杂工艺问题及苛刻环保排放问题的高端国产自动反吹系统。为了确保高品质的产品质量及稳定的交货期，浦创采用全新一代的陶瓷滤芯生产工艺，所有生产设备均来自德国及日本。浦创还配备了实验中心，该实验中心目前具备滤芯微观结构检测、滤芯孔隙率检测、滤芯强度测试、滤饼通透性测试以及系统性能测试等能力。公司产品广泛应用于石油化工行业、煤化工行业、钢铁制造行业、玻璃制造行业、垃圾焚烧行业等多个领域。在中国市场，浦创还配备一支强大的专业技术服务团队，可以为客户提供全方位从售前到售后的专业技术服务。,"https://www.zhaopin.com/jobdetail/CC606127330J40693436415.htm?refcode=4019&srccode=401901&preactionid=a7c1140f-c46c-45e5-b867-ab342d8bdc77"
2036,测试工程师,银川-金凤区,5000-7000元,天阳科技,"计算机软件,计算机软件",1000-9999人,已上市,CC120408370J40824037008,1.全国项目驻场测试，主要负责功能、数据或接口等相关测试工作； 2.统招本科学历及以上（学信网可查）；毕业满2年；计算机专业优先； 3.热爱软件测试行业、有强力的自驱力，能够在测试岗位深入学习研究； 4.有无经验均可，服从公司安排，接受公司培养，可接受异地工作优先； 福利待遇： 上市公司，公司可以提供住宿，提供五险一金； 欢迎符合要求的小伙伴们投递~,7月24日,天阳科技(股票代码：300872)，是全球金融创新服务的重要贡献者，持续赋能中国金融行业数字化转型，为客户提供咨询、金融科技产品、金融IT服务、云计算及运营服务。公司成立于2003年，服务超过300家金融行业客户，覆盖中央银行、政策性银行、国有银行、股份制银行、地方性商业银行、非银行金融机构等，员工人数近7000人，成为激活金融领域创新活力、推动金融科技迈入世界领先水平的重要力量。作为金融行业客户可信赖的合作伙伴，天阳科技凭借丰富的行业经验和端到端的专业服务，在信创、数字化金融、信贷、交易银行、信用卡、零售、营销、风险管理、征信监管等众多领域具备核心竞争力。据赛迪和IDC报告显示，近年来公司在中国银行业IT解决方案市场排名强势崛起，2019年收入及市场占有率综合排名分别位列第四位和第五位，并保持高速增长。同时，前瞻商业和科技趋势，入选2021年度未来银行科技服务商TOP100。天阳科技始终聚焦金融科技领域，加大自主创新力度，在超过100个城市建立本地化、专业化的研发和服务团队，拥有CMMI5级认证、软件测试成熟度模型集成（TMMi）3级认证、ISO9001质量管理体系认证、ISO20000信息技术服务管理体系认证、IS027001信息安全管理体系认证。通过部署人工智能、云计算、大数据、移动互联网、分布式计算和区块链等先进金融科技，公司致力于构建安全可控、普惠民生、开放共赢格局，在关键技术领域服务现代化金融发展大局，更好地为各利益相关方创造更大价值，为大中企业、小微企业以及每个个体提供优质金融服务。,"https://www.zhaopin.com/jobdetail/CC120408370J40824037008.htm?refcode=4019&srccode=401901&preactionid=a7c1140f-c46c-45e5-b867-ab342d8bdc77"
2037,硬件测试,濮阳-华龙区,7000-14000元·13薪,河北蓝潮信息技术有限公司,计算机软件,100-299人,A轮,CCL1461446860J40612508506,岗位职责:,7月25日,河北蓝潮信息技术有限公司是一家以人为本的公司，公司成立于2016年9月27日，公司环境好，员工关系融洽，有五险，年终奖，带薪休假，平常也有员工旅游，领导nice，我们最在乎创新，允许各种方式存在，是一个团结有爱的大家庭🌻🌻🌻,"https://www.zhaopin.com/jobdetail/CCL1461446860J40612508506.htm?refcode=4019&srccode=401901&preactionid=a7c1140f-c46c-45e5-b867-ab342d8bdc77"
2038,软件测试,重庆-九龙坡区,4000-8000元,重庆易宜快网络科技有限公司,互联网,20-99人,未融资,CC651836730J40798767812,负责确保公司软件产品的质量和稳定性。 工作内容： 1. 根据需求文档和设计文档，编写测试用例； 2. 执行测试用例，记录并跟踪缺陷； 3. 与开发团队紧密合作，定位并修复缺陷； 4. 参与软件产品的需求评审和设计评审； 5. 根据测试结果，编写测试报告。 岗位要求： 1. 计算机相关专业； 2. 熟练掌握至少一种主流测试工具； 3. 良好的沟通能力和团队协作精神； 4. 对软件测试有浓厚的兴趣和热情。,7月22日,庆易宜快网络科技有限公司成立于2018-02-11，法定代表人为李伟，注册资本为100万元，统一社会信用代码为91500107MA5YRD368E，企业注册地址位于重庆市九龙坡区渝州路4号23-4号，所属行业为软件和信息技术服务业，经营范围包含：网络技术研发，计算机、电子产品（不含电子出版物）、办公用品、通迅设备（不含卫星地面接收设备）、文化用品、机械设备、计算机软硬件及辅助设备租赁，计算机、办公设备维修，销售计算机、电子产品（不含电子出版物）、办公用品、通讯设备（不含卫星地面接收设备）、计算机软件及辅助设备、文化用品。（依法须经批准的项目，经,"https://www.zhaopin.com/jobdetail/CC651836730J40798767812.htm?refcode=4019&srccode=401901&preactionid=a7c1140f-c46c-45e5-b867-ab342d8bdc77"
2039,测试工程师,惠州-惠城区,6000-9000元,惠州高盛达科技股份有限公司,电子设备制造,500-999人,未融资,CC235899780J40273510611,岗位职责 1、负责测试环境维护和测试软件验证； 2、协助产线生产，解决生产瓶颈与异常，使其能顺利达成目标； 3、负责主导产品在转量产、量产测试过程中的技术指导； 4、负责生产线复测率、产品直通率及生产效率的提升； 5、主导测试过程潜在问题点的识别、分析及改善。 任职资格 1、有良好的电子电路基础； 2、负责产品在各阶段的测试问题点分析、解决和总结。 3、要善于沟通，勤奋好学，有较强的团队意识； 4、有从事过TE测试或测试工装制作经验者优先。 职位福利：五险一金、年底双薪、绩效奖金、餐补、员工旅游、免费班车   ,3月27日,惠州高盛达科技有限公司（原惠州TCL王牌高频电子有限公司）是一家从事无线射频产品经营的、集研产销于一体的国家级高新技术企业，其综合实力位于全国同类企业前列。公司位于广东省惠州市三栋惠南科技园，现有员工约1000人，其中科研技术人员约200人。公司主要产品有无线传输模组、蓝牙模组、智能控制模组、智能语音模组等IOT无线传输和家电配套电子产品，无线传输模组在全球TV细分市场中，供应量占比20%，排名全球第一，预计未来三年将保持50%以上的快速增长！公司立志成为无线智能领域，受人尊敬、最具竞争力的集成部品供应商，渴望才华横溢的莘莘学子与我们一起携手共进，奋斗前行，铸就辉煌。希望您加入我们，在属于您的舞台上，绽放光芒，照辉青春，追逐梦想！,"https://www.zhaopin.com/jobdetail/CC235899780J40273510611.htm?refcode=4019&srccode=401901&preactionid=a7c1140f-c46c-45e5-b867-ab342d8bdc77"
2040,测试工程师,济宁-任城区,3000-6000元,卡松科技股份有限公司,石油/石化,100-299人,,CC569848480J40770676508,主要工作内容：  1、负责制定、实施和维护产品生产测试流程和规范。 2、负责使用和维护测试设备、测试工装及测试软件。 3、分析测试数据，识别生产中的问题，并提出改进措施。 4、与研发、生产、质量等部门协作，解决测试过程中出现的技术问题。 5、编写测试报告，记录测试结果，确保测试数据的准确性和完整性。 6、优化测试方案，提高测试效率，降低生产成本。 7、培训生产操作人员，确保测试设备的正确使用。 8、参与新产品的测试需求分析，协助制定测试计划。 岗位要求： 1、熟悉常用的测试工具和仪器（如万用表、示波器、信号发生器、电源等）。 2、具备测试软件开发能力者优先。 3、了解常见的通信协议（如I2C、SPI、UART、CAN等）。 4、具备电气及结构图纸的基本阅读能力，能够根据图纸进行生产及检验。 5、具备硬件电路分析和调试能力，能够阅读和理解电路图者优先。 熟悉质量管理体系（如ISO9001、ISO13485等）者优先。,7月26日,卡松科技股份有限公司成立于2005年，是隶属于山东能源集团有限公司的国有控股企业。是以“建设战略新兴产业”为指针，以“高效、节能、环保等高端润滑材料的开发”为定位，以“全面替代石油和替代进口”为己任，以“为工矿企业提供完备的整体配套润滑服务”为使命，以“倾力打造中国特油第一品牌”为目标的国家高新技术企业。卡松商标被国家工商总局认定为“中国驰名商标”。公司员工大专以上学历占65%，科技人员占22%，人均31.5岁。产品覆盖石化领域20多个系列、1000多个品种。通过“文化营销、品牌营销、技术营销、服务营销、团队营销”的经营手段和“通过经销商，服务于终端”的经营模式，依靠技术优势和服务优势两大核心竞争力，与美孚、壳牌高端品牌争市场、争空间、争气、挣利润，与高端为伍、与高端共舞、与高端PK，成为市场遍布全国，拥有宝武钢铁、河钢集团、国家能源、晋煤集团、大唐集团、兵器集团、中国铝业、中信重工、中联水泥、魏桥集团等数百家战略大客户的高端润滑材料制造商、高端润滑技术服务商和高端设备装备配套商。依托互联网+、两化融合、企业上云等，实现企业网络化办公和智能化管理。公司拥有国家CNAS实验室、国家院士专家工作站、省工程技术研究中心、省工程研究中心、省博士后创新实践基地等科研平台。由院士团队、行业专家、企业高工共同组成技术智囊团。所获专利，全部为国家发明专利，被授予中国专利明星企业、省创新型企业等。多次承担国家火炬计划、国家重点新产品、中央专项基金、国家导向计划、省新旧动能转换等重大项目的攻关和建设，成果被鉴定为国际领先水平。因采用国际最高标准生产，获国家标准委授权使用国家采标标志。公司是山东省润滑技术标准主要编制单位，被授予国家AAA级标准化良好行为企业。还通过国家武器装备GJB9001B、国家武器装备科研生产单位保密认定及ISO9001、ISO14001、OHSAS18001、SGS等认证。获国家守合同重信用企业、工信部品牌培育试点企业、山东省国民经济动员中心、山东省质量奖等。多次被国家主流媒体作为优秀典型进行报道。秉承“科技兴企”和“德信兼修、以诚求成”经营理念的“卡松人”，愿与各界朋友携手共好、共赢、共发展！,"https://www.zhaopin.com/jobdetail/CC569848480J40770676508.htm?refcode=4019&srccode=401901&preactionid=a7c1140f-c46c-45e5-b867-ab342d8bdc77"
2041,科研人员,合肥-庐阳区,2.1-2.9万,合肥综合性国家科学中心能源研究院(安徽省能源实验室),"新能源,新能源",100-299人,未融资,CCL1237831530J40743885407,职责：独立开展相关课题研究，在导师的指导下，选择具有创新性和挑战性的物理或工程研究课题等。参与科研项目申报与实施，在高水平学术期刊发表研究论文，积极参加国际学术会议，与国内外科研团队进行学术交流 要求：新近获得博士学位，专业为等离子体物理或核能科学与工程相关领，域博士期间在相关领域取得了一定的研究成。果具有较强科研创新能力，能够独立思考，提出新的研究思路和方法。具有较强的英文写作能力，能够熟练撰写英文论文，在国际知名期刊上发表高质量研究成。果,6月16日,"合肥综合性国家科学中心能源研究院（安徽省能源实验室）〔以下简称“能源研究院”〕为安徽省和中国科学院共建的省级事业单位法人，依托中国科学院合肥物质科学研究院等离子体物理研究所、安徽理工大学、中国科学技术大学、合肥工业大学等单位建设。能源研究院重点部署磁约束聚变、可再生能源、智慧电力电网、煤炭清洁高效利用四个研究方向，统筹加强基础研究、应用基础研究、技术创新，带动能源领域科研力量优化布局和自主创新能力跃升，形成在能源技术发展领域拥有重要话语权和影响力的战略科技创新力量，打造面向世界科技前沿的“航母级”研究平台。合肥综合性国家科学中心能源研究院，自2019年12月31日成立已满4周岁，四年来，在习近平新时代中国特色社会主义思想科学指引下，在安徽省省委、省政府坚强领导下，在省市相关部门大力支持下，能源研究院自身建设不断加强，科研能力不断提升科技创新不断突破成果转化不断深入各项事业取得可喜进步一、团队建设：牢固树立“项目引才、实战育才、事业留才”理念、着力打造人才高地。现有373名全职、双聘人才,其中：全职人员153名(博士43名,高级职称30人)双聘人员220名(博士168名,高级职称占比85%)，已初步建立起院士领衔、教授和领军人才支撑、青年学者为骨干的梯队式人才团队。二、能力建设：1.国家自然科学基金依托单位、2.省自然科学基金依托单位、3.省级博士后科研工作站、4.安徽省新型研发机构、5.SGS三体系质量认证证书、6.自然科研系列、7工程技术系列自主评审权安徽省太赫兹技术生物医疗应用工程研究中心、8.合肥综合性国家科学中心能源研究院电力检测中心、9.取得CMA实验室资质认定三、科研进展：组建8个专业研究中心：1.氢能源与氨应用中心、2.可再生能源中心、3.智慧电力中心、4.煤炭清洁高效利用中心、5.超导技术应用中心、6.先进波源中心、7.中子技术应用中心、8.深地科学与工程中心。布局实施26个重大科研项目发表高水平论文435篇申请专利286项(授权71项)获得省科技进步二等奖1项争取国家级项目20项。获批省市揭榜挂帅及自然基金项目13项累计争取国家、省市纵向研究经费近4000万元。四、前沿基础研究重大成果：1.能源小分子催化转化研究达到国际领先水平、2.下一代太阳能电池材料及器件研究取得重大突破、3.雷击接闪机理与防护研究达到国内领先水平、4.等离子体诊断技术研究填补国内技术空白。","https://www.zhaopin.com/jobdetail/CCL1237831530J40743885407.htm?refcode=4019&srccode=401901&preactionid=a7c1140f-c46c-45e5-b867-ab342d8bdc77"
2042,软件测试,深圳-罗湖区,1-1.2万·15薪,太平金科,"保险,证券/期货,计算机软件,IT服务",1000-9999人,,CC278441810J40748653109,,7月8日,太平金融科技服务（上海）有限公司公司简介太平金融科技服务（上海）有限公司（简称“太平金科”）隶属于国务院的四大国有金融保险集团之一的中国太平保险集团（简称“中国太平”），于2009年1月在上海浦东张江金融服务园区注册成立，是上海第一家专业从事金融科技保险服务的创新型金融服务企业，主要从事信息技术、保险运营和呼叫服务等方面的业务。“中国太平”是当今中国保险业历史最为悠久的民族品牌，1929年创立于上海。中国太平经营区域涉及中国内地、港澳、欧洲、大洋洲、东亚及东南亚等国家和地区，业务范围涵盖寿险、产险、养老保险、再保险、再保险经纪及保险代理、证券经纪、资产管理和非金融投资等领域，业务种类齐全，为客户提供一站式综合金融保险服务。太平金科秉承中国太平“用心经营，诚信服务”的经营理念，坚持“诚信、专业、价值”的核心价值观，传承中国太平的悠久企业文化，持续推进服务的专业化和标准化，进而将中心打造成在管理、技术、成本、效率与风险控制等方面达到国内领先、国际一流的综合性管理平台。前公司共有上海、深圳、武汉三地职场，共有员工2000多人。上海职场总建筑面积为四万三千多平米，现代化、多功能的职场可容纳1500多人办公。健康生活、快乐工作”是公司提倡的工作方式，并致力于为全体员工创造一个充满人文关怀的工作环境。目前园区内拥有餐厅、便利店、理发室、洗衣房等周到的生活设施和游泳池、瑜伽房、网球场、羽毛球场、篮球馆、乒乓球馆等完备的体育设施，拥有绿化面积近一万平方米，是上海银行卡产业园区内配套设施最完善的机构之一。,"https://www.zhaopin.com/jobdetail/CC278441810J40748653109.htm?refcode=4019&srccode=401901&preactionid=a7c1140f-c46c-45e5-b867-ab342d8bdc77"
2043,实施工程师,南昌-西湖区,100-130元/天,中电福富信息科技有限公司,"IT服务,运营商/增值服务,计算机软件,通信/网络设备",1000-9999人,未融资,CC180936110J40827423708,从事系统维护，主要承担系统日常维护、版本测试、现场需求管理等工作。,7月29日,中电福富信息科技有限公司（以下简称：“中电福富”），由中国电信股份有限公司和中国电信集团系统集成有限责任公司共同投资设立。公司成立于1987年，现已发展成为国家规划布局内的重点软件企业、国家软件出口龙头企业、高新技术企业、行业领先的智慧城市综合解决方案提供商和信息服务运营服务商，率先通过了国家壹级计算机信息系统集成资质认证和国际软件成熟度最高级别CMMI L5评估。公司旗下拥有北京福富软件、福建讯盟软件两家子公司，并在日本、菲律宾、北京、合肥、海南、宁夏、福建省各地市等设立了分公司及技术支撑中心。业务已遍及33个省级行政区。中电福富作为中国电信核心IT支撑团队，全面参与电信信息化及智慧运营；行业业务涉及智慧生态、交通、政务等智慧化建设、工业及物联网解决方案等；信息安全业务专注数据安全、终端安全、云端安全和物联网安全领域；视频业务为行业客户提供智能视频解决方案及应用服务。中电福富将紧跟国家大数据战略和中国电信网络智能化、业务生态化、智慧运营化战略方向，秉承“人才兴企、技术强企”的发展理念，积极做大做强智能连接、智慧家庭、天翼物联网、大数据和云服务等生态合作圈，在DICT和IOT等重点业务领域全面发力，为提高经济社会智能化水平、提升客户价值作出贡献，让未来因我们而变！,"https://www.zhaopin.com/jobdetail/CC180936110J40827423708.htm?refcode=4019&srccode=401901&preactionid=a7c1140f-c46c-45e5-b867-ab342d8bdc77"
2044,前端开发,南京-雨花台区,100-150元/天,南京奥拓,"电子/半导体/集成电路,电子/半导体/集成电路,计算机硬件",500-999人,A轮,CC468219110J40753951111,2026届计算机相关专业，实习方向为前端开发,7月25日,南京奥拓电子科技有限公司（以下简称“南京奥拓”）成立于2010年07月，是一家专业从事金融科技产品研发、生产和销售的高科技企业。公司拥有20000平米的现代化生产基地；拥有精干、稳定、熟悉金融科技产品技术的研发团队；具有丰富经验和学识的专业化管理团队。旗下有控股子公司上海奥拓翰明计算机科技有限公司和全资子公司南京奥拓软件技术有限公司。南京奥拓立志于为各类服务营业厅提供高效便捷的金融科技服务及系统整体解决方案。从方案设计、设备制造、系统集成、大数据分析到升级服务；包括智能服务机器人解决方案、智慧银行解决方案、线上线下互动营销解决方案、客户排队分流服务系统等等。产品广泛使用于中国银行、中国建设银行、中国工商银行、中国农业银行、交通银行、中国移动、中国电信、中国联通等大中型银行、通讯运营公司；为客户提升服务水平、提高服务效率，提供现代化的信息技术保证。南京奥拓通过国家高新技术企业和软件企业认定，获得安全生产标准化三级企业；获得江苏省科技型中小企业认定、江苏省认定企业技术中心、南京市工程技术中心；获得 ISO 9001质量管理体系、ISO 14001环境管理体系和OHSAS 18001职业健康安全管理体系认证，公司多项产品通过国家3C认证和CE、RoHS等国际认证。公司产品在相关行业具备核心竞争优势，为国内知名品牌。南京奥拓是深圳市奥拓电子股份有限公司（以下简称“奥拓电子“）的全资子公司。奥拓电子成立于一九九三年，坐落于深圳市高新技术产业园。公司主要从事LED应用产品、金融科技产品的研发、生产、销售及相应专业服务。南京奥拓依靠奥拓电子提供的强大支撑，秉承奥拓电子“尽善尽美，创造精品，服务客户”的企业理念，积极创新，致力于成为中国金融科技行业领军企业。,"https://www.zhaopin.com/jobdetail/CC468219110J40753951111.htm?refcode=4019&srccode=401901&preactionid=a7c1140f-c46c-45e5-b867-ab342d8bdc77"
2045,科研人员,北京-丰台区,1-2万,湖南潇湘人力资源服务有限公司,"人力资源服务,培训/辅导服务,房地产中介,计算机硬件",300-499人,B轮,CC419440410J40707935816,博士硕士以及有留学经历的学士引进，需要博士硕士及有留学经历的学士人员参加，加入硕博高层次人才库，有愿意参加地方启*人才、领*人才、泰*人才 、火*人才、招才引智计划、海外优才计划等项目，都可以投递简历，可专职兼职灵活参加各各类**、企业、高校等项目，欢迎国内外博士硕士及有留学经历的学士人才投递简历（（学士报名必须有中留服认证，硕士博士可直接报名），可专兼职参加。 本公司有丰富的博士硕士人才库，有博士硕士项目也可洽谈沟通。,6月30日,湖南潇湘人力资源服务有限公司，系经工商行政管理局批准设立的，具有独立企业法人资格，并经人力资源和社会保障部批准备案，具有合法人力资源服务资质的，专业人力资源服务机构。公司积极响应国家号召，搭建供需平台，畅通就业渠道，充分发挥人力资源机构在促进就业中的积极作用，多渠道扩大就业。公司致力于打造成为立足湖南、覆盖全国的综合性专业人力资源服务供应商，依托于招聘会场和网络平台，为各企事业单位开展现场招聘、网络招聘、报纸招聘、代理招聘、招聘外包、劳务派遣、高级人才猎头和人力资源管理咨询等专业配套服务；为求职个人提供职业咨询、职业指导、职业介绍等就业服务。公司现场招聘平台--湖南招聘市场，于每周六、周日在贺龙体育场东门举办招聘会，欢迎各企事业单位和各类人才通过现场直面交流，我们将以专业、专注的精神，为您招才、择业，提供全面、优质的服务！招聘热线：400-000-7318、0731-83759001/02/03/04/05/06/07/08/09/10招聘会场：贺龙体育场正东门--湖南招聘市场(芙蓉中路、侯家塘北、摩天轮广场上台阶)乘车路线：1：乘105、115、150、159路至“侯家塘北”2：乘101、104、701、702、703、905路、长株潭201路至“侯家塘-芙蓉中路”3：乘旅2、2、4、8、104、123、137、140、145、160、202、314、402、601、803、804、906、908路至“侯家塘西”往芙蓉路至“侯家塘北”详情请访问： http://www.hnzpsc.com,"https://www.zhaopin.com/jobdetail/CC419440410J40707935816.htm?refcode=4019&srccode=401901&preactionid=a7c1140f-c46c-45e5-b867-ab342d8bdc77"
2046,Java,广州-海珠区,4000-8000元,壹点环境科技(广州)有限公司,"环保,环保",20-99人,未融资,CC845702740J40320020406,岗位职责：   ,6月9日,公司从事大气环境监测方向业务，主营大气环境VOCs、颗粒物化学组分等、高端设备运行维护、质量控制、数据有效性审核及应用监测数据开展大气污染研究、政府决策支撑等业务。主要服务对象为：国家、省、市、区等各级生态环境管理部门及监测单位。,"https://www.zhaopin.com/jobdetail/CC845702740J40320020406.htm?refcode=4019&srccode=401901&preactionid=a7c1140f-c46c-45e5-b867-ab342d8bdc77"
2047,Java,惠州-惠城区,3000-5000元,深圳市指南测控技术有限公司,仪器仪表制造,20-99人,,CC467270080J40612217806,岗位要求： 1.计算机相关专业，具有扎实的数据结构和算法基础； 2.熟练掌握Java基础，掌握Java web开发； 3.熟悉常见设计模式及框架，熟练掌握 spring boot、myBatis，熟悉spring cloud、redis、MQ、docker等框架或中间件； 4.掌握SQL基本编写能力； 5.熟悉Linux操作系统，熟练使用常用命令； 6.学习能力强，尝试新技术，善于独立分析、归纳、沟通、和解决问题； 7.良好的编码习惯，良好的表达能力，团队高效协作能力； 8.掌握APP（安卓、IOS、鸿蒙）开发优先。 岗位职责： 1.了解产品，参与协助数据库、接口等相关设计工作； 2.根据相关设计文档及规范文档进行代码开发； 3.参与系统部署、更新工作，能够追踪服务器日志，协助分析解决错误； 4.参与编写、维护技术文档。,7月16日,"深圳市指南测控技术有限公司致力于智能穿戴功能与音频、射频（TWS,蓝牙音箱，智能手表、汽车中控系统等）产品的测试仪表及全智能无人化测试设备的研发、制造、销售及售后。公司通过ISO9001质量体系认证，国家高新技术企业，专精特新，拥有专利60多项。可提供产品从SMT段、半成品组装段及成品和包装段的整套自动化测试的解决方案及设备。公司秉承“让制造更智能”的企业使命，以“专业、可信赖、持续创新”为核心价值观，运用设计思维与创新理念，自主开发先进测试与制造技术，优化制造系统，笃志成为“全球领先的智能制造方案服务商”，为各制造工厂提供高效率，高品质的测试仪表及自动化测试设备等一站式定制服务。","https://www.zhaopin.com/jobdetail/CC467270080J40612217806.htm?refcode=4019&srccode=401901&preactionid=a7c1140f-c46c-45e5-b867-ab342d8bdc77"
2048,C/C++,济南-历下区,7000-14000元,山东广域科技有限责任公司,"IT服务,广告/营销,电力/水利/热力/燃气,广播/影视",100-299人,未融资,CC483221420J40588701105,岗位职责： 1、负责公司电力系统自动化软件项目和产品的需求调研、分析； 2、编写相应的技术文档，完成相关模块的设计、功能实现及测试。 3、严格按公司规定的流程、标准及规范进行代码编写； 4、积极负责进行单元测试，配合完成逻辑测试，性能调优，bug修改，完善功能； 5、相关产品的说明书、介绍文档、安装文档等各类文档的编写。 岗位要求： 1、本科及以上学历，自动化、通信、电子、信息工程、计算机等相关专业； 2、熟悉电力、新能源等相关知识； 3、熟练使用oracle、Mysql、Mongodb等数据库； 4、熟悉使用变电站综合自动化、配网自动化系统者优先考虑。,3月11日,山东广域科技有限责任公司，位于美丽的石油生态之城--东营，是一家以电力自动化控制、信息通讯和软件开发为主，同时从事油气工程、石油石化工艺研究、油田节能技术开发、安全设备检测、IT销售、企业管理咨询、形象策划、广告创意、广电网络运营等业务，集研究开发、工程施工、技术服务、运行维护为一体的省级高新技术企业。公司自成立以来多次被评为山东省优秀高新技术企业、优秀软件企业、优秀系统集成企业。公司目前拥有计算机信息系统集成（三级）、建筑智能化（三级）、电力承装修试、信息工程监理（丙级）资质，具有胜利油田技术队伍、信息队伍、地面建设队伍、机修队伍等多项市场准入资格，先后通过了ISO9001/2008质量管理体系、ISO14001环境管理体系、OHSAS18001职业健康安全管理体系、ISO27001信息安全管理体系认证。公司连续三年被评为山东省优秀软件企业、山东省优秀系统集成企业和山东省优秀高新技术企业，是山东省信息产业厅、山东省科学技术厅等单位重点扶持的高新技术企业，是东营市“守合同重信用企业”，2009年被山东省外经贸厅认定为重点服务外包企业。公司1999年注册成立，前身为中石化集团胜利油田电力管理总公司的实体企业，2004年改制，年产值超2亿元。公司现下辖11个分子公司、3个省级技术中心（山东省采油生产信息化工程技术研究中心、山东省软件工程技术中心、山东省企业技术中心）、2个市级技术中心（胜利油田节能技术研究中心、东营市节能工程研究中心），1个研发中心（南京自动化技术研发中心），1个驻京办事处，拥有科研、技术和工程技术服务人员400人。公司与中国石油大学、山东大学、东南大学以及南瑞集团、南京自动化研究院、积成电子等高校、机构建立了长期合作关系，具有很强的技术研发和工程技术实力。,"https://www.zhaopin.com/jobdetail/CC483221420J40588701105.htm?refcode=4019&srccode=401901&preactionid=a7c1140f-c46c-45e5-b867-ab342d8bdc77"
2049,科研人员,宁波-鄞州区,2-2.5万,中国化学赛鼎宁波工程有限公司,石油/石化,300-499人,未融资,CC551328420J40698030616,聚合物方向或有机硅单体技术方向 入驻公司博士后工作站,7月8日,中国化学赛鼎宁波工程有限公司（原化学工业第二设计院宁波工程有限公司）是赛鼎工程有限公司的全资子公司，创建于2002年。注册资金一亿元，具有独立法人资格，公司拥有国家颁发的工程设计甲级资质。公司2007年被认定为国家高新技术企业。虽然经历了短短的十年，公司已成长为化工建设领域的一颗新星，承接了国营和民营的大型重点建设项目近500项，其��工程总承包10余项，获得了包括全国优秀工程勘察设计在内的六个奖项。从沿海到内地、从东北到海南都有我们公司的工程业绩。公司拥有一支高素质的、有深厚技术积淀与丰富经验的、极具活力和创造性的员工队伍。公司一贯重视技术开发、技术创新和成果转化，同国内外技术持有者、开发者以及建设单位精诚合作，努力走在中国化工建设的技术前沿，使公司在有机化工、石油化工、精细化工、储运、坏境保护等领域拥有了专业特长及技术优势。公司对所承接的工程做到精心设计、精心施工、优质服务，恪守质量第一、信誉至上的宗旨，以客户满意为标尺、以客户成功为目标，努力创造最优的工程产品，竭诚为用户创造超值效益，获得了众多的客户群，在国内享有较高的知名度。公司一贯致力于管理制度创新与激励机制建设，做到人尽其才，才尽其用，热诚欢迎有志之士加盟！薪酬福利1、公司为每位员工提供了具有竞争的薪酬福利。2、完善的社会保障体系：公司提供养老保险、医疗保险、工伤保险、生育保险和失业保险等五项社会保险及住房公积金。3、人身意外伤害保险：公司为每位员工购买保险不低于10万元的人身意外保险和5万元的附加医疗保险。4、其它福利：生活安置房、交通补贴、企业年金、员工子女就学补贴以及带薪休假等。,"https://www.zhaopin.com/jobdetail/CC551328420J40698030616.htm?refcode=4019&srccode=401901&preactionid=a7c1140f-c46c-45e5-b867-ab342d8bdc77"
2050,硬件测试,苏州-工业园区,8000-9000元,陕西华常尔威电子科技有限公司,计算机硬件,100-299人,,CCL1490845360J40799872013,岗位内容： 1. 负责硬件测试流程的设计、建立和落地，包括测试用例编写，测试环境搭建等； 2. 进行硬件测试并记录测试相关数据，参与缺陷跟踪和管理； 3. 搭建硬件测试平台，提高测试效率和测试覆盖率。,7月15日,,"https://www.zhaopin.com/jobdetail/CCL1490845360J40799872013.htm?refcode=4019&srccode=401901&preactionid=a7c1140f-c46c-45e5-b867-ab342d8bdc77"
2051,Java,南京-雨花台区,1.6-3万·16薪,外企德科数字技术有限公司,专业技术服务,10000人以上,,CCL1480117890J40784510505,全国均有岗位(开发、测试、算法等) 岗位要求: 一、软件开发工程师 1.热爱编程，熟悉掌握Java/C++/C/Python/Web开发等编程语言中的一种或多种编程语言扎实的编程功底: 2.具备良好的独立工作能力和解决问题能力，善于沟通，乐于合作，热衷新技术; 二、 软件测试工程师： 1.热爱编程，熟悉掌握C/C++/Java/Python等编程语言中的一种或多种编程语言，扎实的编程功底; 2.有web开发或测试经验、自动化开发或测试经验者优先。 3.熟练掌握系统测试、功能测试、专项测试、软件测试、韧性测试、安全测试方法中的一种或多种测试方法，有相关测试语言/脚本的编写和实践经验优先，也可接受纯测试经验的。 4.具备良好的独立工作能力和解决问题能力，善于沟通，乐于合作，热衷新技术;,2025-07-27 00:25:20,外企德科数字技术有限公司是一家2023年新成立的中外合资企业。成立于2023年11月24日，公司定位：专注于为信息技术企业提供人才及数字技术外包解决方案的中外合资企业。它是由中国人力资源服务行业的FESCO（北京国际人力资本集团）与全球人力资源服务领导者The Adecco Group（德科集团）合资成立的。公司主要提供网络技术服务、软件外包服务、计算机系统服务、技术进出口、软件开发等信息技术相关服务。专注于为信息技术企业提供信息技术类人才及数字技术外包解决方案。,"https://www.zhaopin.com/jobdetail/CCL1480117890J40784510505.htm?refcode=4019&srccode=401901&preactionid=a7c1140f-c46c-45e5-b867-ab342d8bdc77"
2052,测试工程师,嘉兴-南湖区,5000-8000元,浙江赛思电子科技有限公司,"通信/网络设备,电子/半导体/集成电路,IT服务,仪器仪表制造",100-299人,D轮及以上,CC565929420J40626995009,岗位职责：,5月14日,公司简介 COMPANY PROFILE浙江赛思电子科技有限公司总部坐落于浙江省嘉兴市科技城，研发和销售中心位于北京中关村科幻产业重新中心，另设有西安、成都、深圳及东莞研发分部。公司是国家级专家特新小巨人企业，是国家科技部重点扶持的国家高新技术企业。公司享有国有资产股份投资，注册资金2.1亿人民币，总部占地面积20多亩，拥有近二万平的研发和办公场所，引进国际上最先进的通讯设计和制造技术，研发团队和公司规模都是国内时频领域最大的公司之一，秉承“引领时频智造，共创精准世界”的理念，赛思将引领国内时频行业。公司核心团队来自世界一流时频设备公司，专注于时间&频率系统解决方案的研制、生产和销售，为各行业提供各类时间、频率基准。目前涉及的领域有通信、电力、轨道交通、金融商业、医疗和特殊应用等行业。公司是国家电网骨干网、国家电网特高压、南方电网超高压、白俄罗斯国家电网骨干网、中国移动、中国联通、中石油、贵阳地铁、石家庄地铁、青岛地铁、长沙磁悬浮、郑州地铁、武汉地铁、宁波地铁、北京地铁和天津地铁等国家重大项目的时钟系统和同步设备的供应商。主要优势： l较强的综合实力 l注册资本2亿人民币，上百人的研发和技术团队，研发和企业规模在国内专业时钟设备商中排名第一； l遍布全国的营销网络； l产品系列化、多样化（NTP/PTP时间服务器、BITS、各类子母钟、授时板卡/模块、时统系统、频率基准等）。 l时频研发能力强大，技术先进 l核心团队带来世界一流的时钟技术公司； l自有FPGA守时和授时算法，提升时钟守时和授时能力；具有硬件设计与软件深度定制开发能力，可提供定制化解决方案； l与高校和研究所合作研发原子钟技术，推动原子钟技术国产化； l紧跟行业发展，提供IEEE1588 v2解决方案并有多行业商用案例； l国家十二五和十三五多个重大项目时频解决方案供应商，能提供高精度、高可靠性的时钟解决方案； l国内领先的时钟技术水平、完善及定制化的网络管理软件，在高精度守时和授时、大型组网及同步网的网管上有核心专利和商用案例。 l全行业应用 l建设了国内第一个时频一体化（IEEE1588）商用同步网络-内蒙联通骨干网时间同步系统； l全球首次轨道交通LTE网络IEEE1588时钟同步方案商用案例-武汉地铁6号线LTE-M承载CBTC应用的IEEE1588时钟同步解决方案； l建设国家电网公司、南方电网公司、白俄罗斯国家电网等国家级骨干频率同步网； l甘肃电网、浙江电网、国家电网特高压等省级骨干网及电网重大项目供应商； l入围中国移动时钟同步设备集采； l为三大运营商都提供了省级同步网解决方案； l为石家庄地铁、北京地铁、天津地铁、青岛地铁、贵阳地铁、武汉地铁、郑州地铁等轨道交通项目提供基准时钟系统； l非洲第一条现代电气化铁路时钟系统供应商-埃塞俄比亚首都亚的斯亚贝巴至吉布提首都吉布提铁路； l中标中国联通集采，成为14个省份的时钟同步系统供应商； l成为中石油管道时钟系统统一供应商； l为信息化装备提供高精度的定制型时频板卡和设备，解决协同问题和时空一体化问题。,"https://www.zhaopin.com/jobdetail/CC565929420J40626995009.htm?refcode=4019&srccode=401901&preactionid=a7c1140f-c46c-45e5-b867-ab342d8bdc77"
2053,科研人员,北京-海淀区,2-3万,中核战略规划研究总院有限公司,"学术/科研,学术/科研",1000-9999人,未融资,CCL1242919950J40775633107,基本要求 1. 拥护中国共产党的领导和党的各项方针政策；  2.具有良好的职业素养和敬业精神，认同中核集团企业文化与核心价值理念；  3.具备高度责任心、事业心和创新精神，具有突出的逻辑判别和文字综合能力；  4.具备良好的团队协作能力和健康身心以及较强承压能力；   5.遵纪守法、品行端正，无不良信用和违纪违法记录；     6.年龄原则不超过40周岁（1985年7月以后出生）。,7月21日,中核战略规划研究总院有限公司（简称总院）是中国核工业集团有限公司（简称集团公司）全资子公司、直属单位，定位为集团公司智库与核行业智库，2017年入选中国核心智库；现有硕、博学历职工224人，副研究员以上职工211人。总院下设战略研究所、规划研究所、管理研究所、核科技信息研究所、核工业知识产权研究所、核工业标准化研究所、核工业计算机应用研究所、核工业档案馆等8个研究机构，以及中国原子能出版传媒有限公司、中核核信信息技术(北京)有限公司、兴原认证中心有限公司等3个子公司。总院主要承担国家相关部委、能源、军工等行业和集团公司委托的重大问题研究、咨询研究、情报研究、专项支撑、专利代理、信息化服务、标准服务、书刊出版服务、认证服务等任务；承担集团公司的战略与管理咨询委员会办公室、党建研究中心、国防科技报告管理办公室、经济运行办公室、科技成果管理办公室、质量与可靠性工程技术研究中心等管理职能；同时还承担国家原子能机构INIS中心、国家保密局核工业系统测评实验室、全国核能标准化技术委员会秘书处、全国核仪器仪表标准化技术委员会秘书处、核行业标准化委员会秘书处、能源行业核电标准化技术委员会秘书处、军工系统安全生产标准化以及评审机构等社会服务职能。总院与IAEA、美、俄、欧、加拿大、日本、韩国等国家和国际组织的对口研究机构建立了科技交流与双边合作机制。总院的研究成果多次获得中央、部委和集团公司领导的批示和表扬，部分研究成果为中央决策、政策措施发布、行业规划编制、专项管理优化等提供了重要的支撑作用；近5年来，获得集团公司级以上科技奖项30多项。新时代、新使命、新征程。总院将持续深化改革，创新体制机制，激发动力活力，不断增强核工业体系总体规划能力、战略咨询能力、管理咨询评估能力、信息收集分析能力和经济宏观微观分析判别能力，为广大客户提供更多优质高效服务，朝着建设具有全球影响力的世界一流智库，不忘初心担使命，砥砺奋进创辉煌！,"https://www.zhaopin.com/jobdetail/CCL1242919950J40775633107.htm?refcode=4019&srccode=401901&preactionid=a7c1140f-c46c-45e5-b867-ab342d8bdc77"
2054,实施工程师,安阳-文峰区,8000-16000元,青岛安然物联网科技有限公司,"物联网,物联网",20-99人,未融资,CC559764920J40884194204,岗位职责： 1. 负责石化、化工厂人员定位系统的现场实施、现场交付和技术赋能等工作。 2. 对接客户需求，进行需求调研，制定详细的施工方案和计划。 3. 确保项目按照既定的时间节点和质量要求完成交付。 4. 对已交付的项目进行后期技术支持与维护。 岗位要求： 1. 年龄在25-35岁之间。 2. 能够适应经常出差的工作要求。 3. 熟悉信息化、弱电及工业互联网相关技术。 4. 具备良好的沟通协调能力和问题解决能力。,7月25日,基于精准人员定位的工业安全生产信息化管理专家，安全生产信息化管理引领者！作为全国实时定位技术标准工作组成员和应急管理部“工业互联网+危化安全生产”人员定位系统技术支持机构，安然从2012年起致力于基于ZigBee Plus三维立体按需精准定位的“工业互联网+安全生产”的研究，获得了20多项安全智能管控系统发明专利和著作权，持续引领中国化工行业生产现场智慧安全！安然以“准、稳、狠”的ZigBee Plus三维立体按需精准人员定位统和“底数清、数据准、情况明、研判准、措施实”的安全生产信息化平台为核心，整合访客管理、出入口控制、人脸识别、视频监控、语音广播、重大危险源监控、可燃有毒气体监测等系统，对生产现场人、机、料、法、环五大要素进行实时、动态、智能管控和预警，规范人的安全行为，保障人的生命安全，有效防范风险、主动化解风险，实现智慧安全。安然“以用为本”，把安全生产信息化建设与公司管理体系“深度融合”，把安全生产信息化建设与日常工作“紧密结合”，对安全生产切实“有用、实用、好用”，避免建用“两张皮”，让安全管控更智能，让生产更高效才实用。迄今已服务中石化、中石油、延长石油、国能、兖矿、京能、索普、新安、奇美、昊源、潞安、旭阳、垦利、逸盛、海科、酒钢、金发等几百家石化、化工、选煤、钢铁、电厂企业。安然以客户为中心，以强者为本，抬头乐干，愿意与同道中人联合、链接，携手共建、共用、共享生产安全命运共同体，一起干，一起干，让优秀企业更安全，让优秀企业更高效！,"https://www.zhaopin.com/jobdetail/CC559764920J40884194204.htm?refcode=4019&srccode=401901&preactionid=a7c1140f-c46c-45e5-b867-ab342d8bdc77"
2055,C/C++,深圳-福田区,3000-4000元,太极计算机股份有限公司,"计算机硬件,计算机软件,IT服务,互联网",1000-9999人,已上市,CC000058760J40761447010,1、负责项目主要设计与开发，包括需求分析、系统设计、功能开发 2、负责项目技术攻关解决 3、参与项目实施及推广 4、26届，计算机相关专业，实习期能保证6 个月及以上。,6月28日,太极计算机股份有限公司（以下简称“太极股份”）是国内电子政务、智慧城市和关键行业信息化的领军企业，2010年在深圳证券交易所上市。公司以“做中国最优秀的数字化服务提供商”为愿景，致力于成为“自主可控的主力军，数据运营的国家队，智能应用的引领者，员工价值的成就者”，瞄准数字政府、数字企业、数字国防，着力打造自主通用产品，提升数据运营服务能力，推动行业智能创新应用，助推国家治理体系和治理能力现代化建设，成为网络强国、数字中国、智慧社会建设的中坚力量。成立三十余年来，砥砺奋进、精耕细作，太极股份以客户需求为导向，成为国家重大信息系统总体设计和工程建设的主要承担者，国家电子政务、网络信息安全以及关键行业政策和相关标准制定的倡导者与积极参与者，为党的领导和国防、外交、公共安全、宏观经济、金融、民生服务、工业生产等提供重要的信息化支撑作用。在持续为中央部委、地方政府、大型集团企业客户创造数字化价值过程中，公司树立了可信赖的“国家队”形象。作为中国电子科技集团有限公司软件与信息服务龙头企业、自主可控总体单位、智慧城市与数字政府牵头单位，太极股份坚持创新驱动，被列为国家科技部和中关村科技园区创新试点示范单位，连续多年被认定为国家规划布局内重点软件企业和全国软件产业收入前百家企业。此外，公司还是中国软件行业协会副理事长单位、中国智慧城市产业技术创新战略联盟副理事长单位、北京软件和信息服务业协会会长单位、智慧北京促进联盟理事长单位、信息技术应用创新工作委员会理事单位、WG12公共数据运营工作组成员单位，以及多个行业学协会的发起者和重要参与单位，携手合作伙伴和产业机构，共创和谐生态环境。进入数字化时代，太极股份坚持以“数据驱动、云领未来、网安天下”为核心战略指引，聚焦数字政府、数字企业、数字国防等领域，加大布局云与数据服务、自主软件产品及数字基础设施等战略性新兴产业，探索数据开发利用的标准规范与创新思路，着力打造数字化咨询、数字技术与核心产品创新、资本与产业融合等核心能力，推进公司数字化转型，推动“数字中国”建设。创新融合，让我们的世界更智慧。,"https://www.zhaopin.com/jobdetail/CC000058760J40761447010.htm?refcode=4019&srccode=401901&preactionid=a7c1140f-c46c-45e5-b867-ab342d8bdc77"
2056,测试工程师,珠海-香洲区,1.5-2.5万·13薪,纳思达,印刷/包装/造纸,10000人以上,已上市,CC136739460J40808039403,工作职责 1.负责产品验收测试，参与需求分析，组织设计审核测试用例，保障测试高效开展，针对嵌入式设备制定专项测试策略； 2.主导软件功能测试与分析，识别性能瓶颈、风险及隐患，跟踪线上缺陷处理，开展嵌入式设备兼容性和稳定性测试； 3.指导团队搭建测试环境，统筹各类测试及自动化测试脚本开发，负责嵌入式设备测试环境搭建调试； 4.与项目经理、研发工程师、产品经理沟通协调，解决项目问题，保障嵌入式设备项目测试工作顺利进行； 5.运用测试管理工具，优化测试流程，提升团队测试效率与质量，持续优化嵌入式设备测试流程； 6.搭建优化自动化测试框架，推动测试技术创新，将其应用于嵌入式设备测试； 7.管理测试团队，为初级人员提供指导培训，提升团队专业能力和协作效能，开展嵌入式设备测试培训。 任职资格 1.本科及以上学历，计算机、软件、电子信息或自动化相关专业优先； 2.3 年以上测试团队管理经验，熟悉软件测试全生命周期，具备 2 年以上嵌入式设备测试经验优先考虑； 3.精通 Python、Java 或 C# 至少一种语言，具备丰富的测试脚本与工具编写经验，熟悉嵌入式系统开发语言（如 C/C++）更佳； 4.熟练使用 Selenium、Appium、JMeter 等至少一种测试工具，有实际项目应用经验，熟悉嵌入式设备专用测试工具（如 Lauterbach、J-Link 等）者优先； 5.熟悉移动端系统，掌握 Shell 命令和数据库操作，熟练运用各类测试方法，熟悉嵌入式设备硬件架构、驱动测试及系统性能测试方法； 6.具备出色的逻辑思维、沟通协调与团队管理能力，能规范撰写专业文档，有嵌入式设备测试项目管理经验者优先。,7月2日,"【一、业务发展】纳思达股份有限公司（股票代码：002180），中国上市企业500强，专注打印显像行业二十年，优秀的成像和输出技术方案专家，全球前五的激光打印机厂商，全球领先的打印机耗材芯片设计企业，全球通用耗材行业领导企业。全球员工人数近2万人。集团营业额超200亿元人民币，产品覆盖150多个国家、地区。纳思达股份有限公司是一家以技术创新和核心专利为基础，以研发、制造和销售为一体的高端精密制造企业。从生产通用耗材起步，经过多年的发展，纳思达携被其托管的奔图电子联合成为目前全球唯一完整覆盖打印行业产业链的行业巨头。【二、企业文化】◆企业理念 1、使命：为社会承担责任，为客户提供服务，为员工实现理想，为股东创造价值。 2、愿景：成为打印行业领先的科技服务型企业，打造全球知名品牌。 3、核心价值观：忠诚、求实、创新、共赢◆人力资源管理理念 1、选人理念：德才兼备，以德为先； 2、用人理念：因才适用，人尽其才； 3、育人理念：内修外补，以需育才； 4、留人理念：事业留人，文化留人，机制留人，待遇留人。◆企业优势 1、千余项国内外自有专利技术、中国计算机行业协会理事会常务理事单位、行业龙头企业； 2、广东省著名品牌、广东省出口名牌企业、广东省高新技术企业、珠海市知识产权优势企业等； 3、全球打印兼容耗材行业标准制定者之一、中国标准化协会团体会员单位。【三、薪资福利】◆5天8小时工作制、行业内富有竞争力的薪酬体系；◆核心骨干员工保留金计划；◆提供社保、公积金、伙食补贴、节假日慰问金；◆设有“年终奖、研发专利奖、创新表彰”；◆年度先进员工或标兵可享受特殊激励；◆定期举办体育、文化、娱乐活动及节日晚会；◆良好的内训、外训、出国培训机会，良好的晋升通道。【四、联系方式】 1、招聘门户：https://ninestar.zhiye.com/ 2、招聘微信公众号：纳思达招聘 3、联系邮箱：社会招聘 hr@ggimage.com校园招聘 002180@ggimage.com 4、珠海总部公司地址：广东省珠海市香洲区珠海大道3883号【五、应聘提示】 1、请投递完整简历，除应届生外，请说明您过去的岗位职责、薪酬期望、可入职时间等； 2、对每一位候选人资料，我们都会认真对待并严格保密。目前适合的候选人，我们会在一周内给予回复；如一周内没有收到我们的回复，表示我们已经把您的资料保存到公司的人才库里，后续有合适的岗位，会及时通知到您； 3、如您被预约来我司面试，请您带上身份证、毕业证、学位证、计算机、英语等级证、其它相关资格证原件及复印件各1份（原件备查），个人简历1份。【六、乘车路线（供参考）】（一）如您在珠海市内：公交路线：201/ 202/ 204/ 207/ 601/ 601B/ 602/ 602A/ 603/ 605/ 608/ 609/ B1/ B2/ K7公交站名：均昌（奔图科技）站。（二）如您在珠海市外： 1、轻轨（珠海站）：外地至珠海站，转乘608路(或 601路/ 601B路/ 207路)至均昌（奔图科技）巴士站下车。 2、汽车（珠海香洲总站）：外地至珠海香州总站，转乘 609路(或 201路/ 602a路/602路/ 206路/605路),至均昌(奔图科技)巴士站下车。 3、汽车（珠海拱北站）：外地至珠海拱北汽车总站，转乘608路(或 601路/ 601B路/207路)至均昌（奔图科技）巴士站下车。 4、船（九州港）：外地至珠海九州港，转乘乘坐25路(或3a路/ 3路/ 26路/ 23路),在吉大巴士站下车，然后转乘K7路(或 605路/ B2路/ 603路/ 202路)至均昌(奔图科技)巴士站下车。 5、飞机（珠海三灶机场）：乘坐 207路至均昌(奔图科技)巴士站下车。 6、飞机（广州白云机场）：乘坐白云机场大巴至珠海拱北，转乘608路/601路/ 601B路/207路至均昌（奔图科技）巴士站下车。","https://www.zhaopin.com/jobdetail/CC136739460J40808039403.htm?refcode=4019&srccode=401901&preactionid=a7c1140f-c46c-45e5-b867-ab342d8bdc77"
2057,Java,哈尔滨-道里区,3000-5000元,中国船舶集团有限公司第七〇三研究所,船舶/航空/航天/火车制造,20-99人,,CCL1257244850J40799215512,学历要求： 硕士学历及以上 学校要求： 985或211 专业要求： 计算机科学与技术、软件工程、计算机应用技术、信息与计算科学等相关专业 外语要求： CET4 岗位职责简介： 1.负责业务应用系统的需求分析、功能开发、用户测试、运行维护等工作。 2.负责跟踪学习信息技术领域新技术，掌握技术发展动向。 岗位要求： 1.硕士学历及以上。 2.计算机科学与技术、软件工程、计算机应用技术、信息与计算科学等相关专业。 3.熟练掌握Java、C#、Python等编程语言中的一种，熟悉至少一种主流数据库软件的开发。 4.具有较强的学习及科技创新能力。 5.具有较强的沟通协调及团队协作能力。 6.身体健康、品行端正、吃苦耐劳、爱岗敬业。 7.有行业软件、国产应用、人工智能等开发经验者优先。,7月22日,,"https://www.zhaopin.com/jobdetail/CCL1257244850J40799215512.htm?refcode=4019&srccode=401901&preactionid=a7c1140f-c46c-45e5-b867-ab342d8bdc77"
2058,测试工程师,成都-武侯区,5000-7000元,重庆喜相连科技有限公司,互联网,20-99人,不需要融资,CCL1435768660J40823857108,岗位职责: 1. 执行产品测试，确保产品质量符合标准。 2. 与开发团队紧密合作，确保测试过程中发现的问题能够及时解决。 3. 采用先进的测试工具和方法，以提升测试效率。 任职要求： 1. 具备出色的沟通技巧，能够准确报告测试结果和问题。 2. 能够在团队环境中发挥协作作用。 3. 对测试领域有持续学习的意愿，以跟进最新的测试趋势和技术。,7月24日,"喜相连科技公司，自成立以来，始终致力于前沿技术的研发和应用，为全球用户提供高质量、创新性的科技解决方案。我们坚信技术是推动社会进步的关键力量，因此我们不断追求卓越，为用户提供卓越的科技体验。我们的主营业务涵盖了多个领域，""包括网络文化经营、互联网信息服务、电信业务。我们为客户提供相关的应用解决方案，助力客户实现业务转型和升级。技术创新能力:喜相连科技公司注重技术创新，拥有强大的研发实力和创新能力。我们始终保持对新技术、新趋势的敏感度，通过不断的技术投入和研发，实现技术的突破和领先。","https://www.zhaopin.com/jobdetail/CCL1435768660J40823857108.htm?refcode=4019&srccode=401901&preactionid=a7c1140f-c46c-45e5-b867-ab342d8bdc77"
2059,实施工程师,合肥-蜀山区,5000-10000元·13薪,上海创奥信智能科技有限公司,电子/半导体/集成电路,100-299人,,CCL1435909250J40779627505,1.负责完成AGV项目中的现场实施调试; 2.参与项目现场调试工作，分析、诊断并解决生产、售后中AGV相关的异常问题; 3.协助完成部门主管分配的其他工作。 二、任职要求: 1.专科及以上学历，专业不限制。 2.工作经验不限，有相关实习经验优先。 3.熟悉使用Auto CAD、及Office软件优先; 4.有过AGV项目实施经验者优先: 5.能够适应经常性的出差; 6.责任心强、积极主动、肯钻研，有良好的沟通能力和团队合作精神; 7.户籍不限。 三、 岗位福利：  1. 公司内部提供免费的AGV相关的知识技能培训，提供AGV项目方案规划培训； 2. 公司根据情况免费安排到合作的AGV生产企业进行产品及应用技能培训； 3. 节日福利：春节、端午节、中秋节等节日福利； 4. 出差补贴：出差人员可得到该项津贴； 5. 健康体检：年度体检健康关怀； 6. 项目奖励。 公司做5休2（项目现场根据项目情况偶有加班，可灵活调休），交五险一金，薪资面议。 加分项 有以下行业经验优先：智能硬件·仪器仪表/工业自动化,6月5日,,"https://www.zhaopin.com/jobdetail/CCL1435909250J40779627505.htm?refcode=4019&srccode=401901&preactionid=a7c1140f-c46c-45e5-b867-ab342d8bdc77"
2060,实施工程师,深圳-福田区,7000-9000元·13薪,深圳市宁鑫企业管理有限公司,"物联网,计算机硬件,游戏,运营商/增值服务",20-99人,未融资,CCL1263472900J40515483816,岗位职责： 1、负责公司新产品项目售前支持，协助销售人员制作项目清单； 2、现场勘查，制作相关部件图纸，设计项目实施方案、进度计划等； 3、负责软件部分实施，与硬件部分对接，测试通断； 4、负责维护现场各方关系，沟通协调项目中公司各部门工作。  岗位要求：  1、大专及以上学历，电子电气类，机械工程类等相关专业，熟悉中心机房工程、智能化、弱电方面的基本知识；  2、了解数据库操作，网站发布等；  4、谈吐得体，自信活力，亲和力强，沟通协调能力好；  5、认可公司文化，具有团队合作精神，责任心强，稳重踏实，吃苦耐劳。  ,4月11日,深圳市宁鑫企业管理有限公司成立于2020年05月29日，注册地位于深圳市盐田区海山街道鹏湾社区海景二路1025号壹海国际中心902sp法定代表人为八德鹏。经营范围包括一般经营项目是:企业管理咨询服务、商务咨询服务、企业信用评估评级咨询服务、企业形象策划服务;企业项目策划;企业财务策划服务;投资咨询;投资兴办实业。,"https://www.zhaopin.com/jobdetail/CCL1263472900J40515483816.htm?refcode=4019&srccode=401901&preactionid=a7c1140f-c46c-45e5-b867-ab342d8bdc77"
2061,科研人员,广州-天河区,1.4-2.4万·13薪,广东恒瑞达知识产权有限公司,咨询服务,20人以下,,CCL1416054290J40550637006,岗位职责： 1.负责期刊，科技成果的 科研项目的文献调研、数据处理及实验设计工作 2.协助领导整理相关研究成果，形成技术文档 3.撰写专利、课题、经验总结等项目验收材料 4.文献信息的收集、整理、分析，独立对文献进行检索、立题 招聘要求： 1.硕士以上学历，理工科专业背景：计算机，网络工程、电力或通信，医学（兼职工程师）标准化（兼职工程师）等专业优先 2.有较好的科研基础和组织管理能力，需要有发表北大核心，SCI论文、EI会议等期刊论文 3.具备优秀的公文写作能力，思维缜密、条理分明、亲和力强 4.熟练使用WORD、Excel、ppt、PS、CAD等相关办公软件 5.有相关工作经验者全职兼职皆可 福利待遇: 1.薪酬:阶梯底薪+绩效+项目奖金，综合月薪资在15--25K之间; 2.购买社保；13薪； 3.大小周;法定节假日正常放假，带薪享受所有国家法定假期； 4.员工活动:不定期享受员工聚餐、节日晚会、集体运动会、下午茶、优秀员工表彰活动。,6月5日,,"https://www.zhaopin.com/jobdetail/CCL1416054290J40550637006.htm?refcode=4019&srccode=401901&preactionid=a7c1140f-c46c-45e5-b867-ab342d8bdc77"
2062,科研人员,杭州-萧山区,1.5-1.8万,浙江大学杭州国际科创中心,"学术/科研,科学技术推广",500-999人,不需要融资,CCL1242292110J40873127304,一、课题组简介 1. 课题组及负责人简介 本课题组隶属于浙江大学杭州国际科创中心，主要负责人为余学功，现为浙江大学材料科学与工程学院教授/博士生导师，国家杰出青年基金获得者，硅及先进半导体材料全国重点实验室副主任。1999年获浙江大学材料自动化专业学士学位，2004年获得浙江大学半导体材料专业工学博士，2002年10月至2003年9月在日本信州大学学习，2004年10月至2007年10月在德国IHP微电子研究所做博士后，2007年11月至2009年2月在美国北卡州立大学从事助理研究员工作，2009年3月回到浙江大学。2014年获得国家优秀青年基金，2020年获得国家杰出青年基金。目前担任中国光伏行业协会理事、中国可再生能源学会光伏专委会委员、中国电子材料行业协会理化分析专家委员会委员、“十三五”科技部氢能与可再生能源科技专项指南专家、Springer-nature Publisher旗下硅材料专业期刊Silicon的副主编。 2. 研究内容和成果简介 主要从事半导体硅材料及器件的研究，承担/主持国家科技支撑计划重点项目课题、国家重点研发计划课题、国家自然科学基金等项目10多项，作为主要骨干参与了国家重大专项、国家自然科学创新群体等项目。作为主要完成人之一获国家技术发明二等奖1项、国家自然科学二等奖1项、省科学技术一等奖5项、省科学技术二等奖1项。作为责任编委参与编辑了电子工业出版社的《集成电路产业全书》和《集成电路工业丛书》。在Advanced Materials、ACS Energy Letters等国际期刊上发表SCI论文200多篇；获国家授权发明专利30多项，多项成果实现了产业化应用。 二、重点引进方向 1、玻璃中气泡的形成、演化过程及其去除工艺和机理的研究； 2、流体力学模拟、多相传递强化与反应器结构优化的研究： （1） CFD建模与反应器设计：基于COMSOL、Multiphysics/ANSYS Fluent等工具，建立反应器内多相流的传质、传热及反应耦合模型，优化通道结构参数。研究层流/湍流条件下混合效率、停留时间分布（RTD）及颗粒成核/生长动力学，指导反应器几何设计与流动参数优化； （2）工业化放大验证：结合实验数据修正模型，建立从实验室到中试的放大准则。开发基于CFD的智能控制系统，实现反应条件（温度、流速、浓度）的实时动态调控； 3、矿物加工、地质。 ,7月15日,浙江大学杭州国际科创中心(以下简称杭州科创中心)是由浙江大学注册举办的事业单位，是新时代杭州市与浙江大学深化全面战略合作的重要项目。杭州科创中心面向国家重大战略和区域经济社会发展需求，聚焦前沿科学研究、颠覆性技术研发、成果转化与产业化三大主体功能，推动基础研究与应用研究、科技创新与产业发展的双向联动，打造长三角一体化高质量发展的重要创新极和杰出人才汇聚地，建设具有世界一流水平、引领未来发展的全球顶尖科技创新中心。,"https://www.zhaopin.com/jobdetail/CCL1242292110J40873127304.htm?refcode=4019&srccode=401901&preactionid=a7c1140f-c46c-45e5-b867-ab342d8bdc77"
2063,Java,苏州-虎丘区,1.5-3万·14薪,外企德科数字技术有限公司,专业技术服务,10000人以上,,CCL1480117890J40667081405,工作岗位：,2025-07-27 00:23:24,外企德科数字技术有限公司是一家2023年新成立的中外合资企业。成立于2023年11月24日，公司定位：专注于为信息技术企业提供人才及数字技术外包解决方案的中外合资企业。它是由中国人力资源服务行业的FESCO（北京国际人力资本集团）与全球人力资源服务领导者The Adecco Group（德科集团）合资成立的。公司主要提供网络技术服务、软件外包服务、计算机系统服务、技术进出口、软件开发等信息技术相关服务。专注于为信息技术企业提供信息技术类人才及数字技术外包解决方案。,"https://www.zhaopin.com/jobdetail/CCL1480117890J40667081405.htm?refcode=4019&srccode=401901&preactionid=a7c1140f-c46c-45e5-b867-ab342d8bdc77"
2064,软件测试,北京-丰台区,1.3-1.8万·13薪,方得(青岛)人力资源有限公司,咨询服务,20-99人,,CCL1462672470J40737211316,岗位职责： 1. 负责软件的功能测试。 2. 执行测试用例，报告缺陷并跟踪缺陷的修复。 3. 与开发团队协作，确保软件质量满足需求。 4. 参与软件测试流程的优化和改进。 岗位要求： 1. 熟悉软件测试理论、方法和流程。 2. 具备功能测试经验。 3. 了解运维工程师、网络工程师的工作内容，能进行基本的IT质量管理。 4. 有信息技术、标准化、电子或电路工程相关背景者优先。 薪资待遇：包住、六险一金、工龄工资、生日礼金、定期体检、带薪年假、绩效奖、项目奖、年终奖.,2025年07月30日,,"https://www.zhaopin.com/jobdetail/CCL1462672470J40737211316.htm?refcode=4019&srccode=401901&preactionid=a7c1140f-c46c-45e5-b867-ab342d8bdc77"
2065,技术支持工程师,阜阳-颍州区,6000-10000元,东华医为科技有限公司,"IT服务,IT服务",1000-9999人,未融资,CC649781480J40171736905,1、学习能力强，能较快掌握和应用新技术； 2、具备较好的独立解决问题的能力； 3、有较强的适应能力、吃苦耐劳、能担重任； 4、工作敬业，责任心强，能够按照规定的工作流程开展工作； 5、积极主动，发现问题及时提出意见和建议； 6、善于沟通，有较好的表达能力和职业素质； 7、有团队协作精神，能够与各方面的领导和同事融洽合作； 8、有一定的编程基础，至少会Java、VB、VC、C、Delphi之一种计算机语言； 9、能胜任长期出差。职位福利：五险一金、绩效奖金、加班补助、包住、带薪年假、定期体检、周末双休 ,2025-07-27 01:11:53,东华医为科技有限公司（简称东华医为）成立于2012年5月，注册资金5000万，是东华软件股份公司旗下专业服务医疗、卫生等大健康领域IT业务的全资子公司。东华医为现有员工2000余人，其中技术人员占比达到90%，拥有近100项大健康类自主知识产权的软件产品，所覆盖的大健康领域有医疗机构、卫生管理机构、互联网医疗、人工智能、大数据、健康管理等，所涉及的主要业务有IT咨询规划、方案设计、系统集成、软件开发与交付、工程实施与交付、人才培养、售后运维、合作运营等。东华医为现为全国500余家大健康领域的各类用户提供着持续的技术服务，还连续多年蝉联中国十佳医疗行业解决方案商榜首。传承了东华软件医疗卫生事业部近二十年IT业务的东华医为，在高速发展的大健康领域，笃定能大有作为。,"https://www.zhaopin.com/jobdetail/CC649781480J40171736905.htm?refcode=4019&srccode=401901&preactionid=a7c1140f-c46c-45e5-b867-ab342d8bdc77"
2066,Java,郑州-中原区,6000-8000元,郑州越皓网络科技有限公司,"人工智能,电子商务,计算机软件",20-99人,未融资,CCL1411727170J40596606215,岗位职责： 1，参与公司软件相关项目研发和基础平台建设工作， 2，需求分析、概要设计、配合项目研发团队跟进项目 3，参与行业内应用系统的技术指导支持，并协助开展团队研发 任职资格： 1、大专学历以上计算机相关专业，年龄20-24岁，应届生可接受 2、工作环境优美地理位置优越 3、责任心强。工作认真细致分析并解决软件开发过程中的问题； 4、协助软件工程师完成技术文档的撰写及测试工作； 福利待遇： 1、工作环境优美 2、五险一金、绩效奖金、全勤奖、交通补贴等 3、法定节假日正常休息，享受带薪年假、年底分红、以及年度调薪。,7月23日,越皓网络拥有最优秀的高中层管理队伍，他们在技术开发、市场营销、金融财务分析等方面拥有丰富的管理经验。他们共同制定了公司的发展战略，带领越皓网络全体员工逐步向信息化，国际化战略目标前进。公司致力于发展杰出的、突出团队精神的企业文化，建立合理、完整的人力资源结构。近几年来，围绕并服务于国民经济信息化工程建设，在金融、政府、中小企业外包等软件开发和系统集成领域开展了卓有成效的工作，展现了广阔的生存空间和发展前景。,"https://www.zhaopin.com/jobdetail/CCL1411727170J40596606215.htm?refcode=4019&srccode=401901&preactionid=a7c1140f-c46c-45e5-b867-ab342d8bdc77"
2067,Java,武汉-江夏区,1.4-2.8万·14薪,外企德科数字技术有限公司,专业技术服务,10000人以上,,CCL1480117890J40791640405,岗位职责： 1、负责应用软件开发和维护工作。 2、负责软件模块需求分析、系核心模块代码编写和单元测试，完成概要设计文档、详细设计文档。 3、积极主动的与项目相关人员沟通交流，持续改善产品体验。 任职要求： 业务技能要求： 1、熟练掌握常用数据结构。 2、熟悉计算机组成原理、操作系统、网络等。 岗位要求： 1、 精通JAVA/Python/C/C ++/GO开发，精通多线程、 IO 、网络编程等； 2、统招本科学历； 3、 沟通能力强，善于与产品、测试合作，共同打造给用户良好体验的产品,2025-07-27 00:25:52,外企德科数字技术有限公司是一家2023年新成立的中外合资企业。成立于2023年11月24日，公司定位：专注于为信息技术企业提供人才及数字技术外包解决方案的中外合资企业。它是由中国人力资源服务行业的FESCO（北京国际人力资本集团）与全球人力资源服务领导者The Adecco Group（德科集团）合资成立的。公司主要提供网络技术服务、软件外包服务、计算机系统服务、技术进出口、软件开发等信息技术相关服务。专注于为信息技术企业提供信息技术类人才及数字技术外包解决方案。,"https://www.zhaopin.com/jobdetail/CCL1480117890J40791640405.htm?refcode=4019&srccode=401901&preactionid=a7c1140f-c46c-45e5-b867-ab342d8bdc77"
2068,技术支持工程师,大庆-龙凤区,8000-16000元,青岛安然物联网科技有限公司,"物联网,物联网",20-99人,未融资,CC559764920J40884193904,岗位职责： 1. 负责石化、化工厂人员定位系统的现场实施、现场交付和技术赋能等工作。 2. 对接客户需求，进行需求调研，制定详细的施工方案和计划。 3. 确保项目按照既定的时间节点和质量要求完成交付。 4. 对已交付的项目进行后期技术支持与维护。 岗位要求： 1. 年龄在25-35岁之间。 2. 能够适应经常出差的工作要求。 3. 熟悉信息化、弱电及工业互联网相关技术。 4. 具备良好的沟通协调能力和问题解决能力。,7月23日,基于精准人员定位的工业安全生产信息化管理专家，安全生产信息化管理引领者！作为全国实时定位技术标准工作组成员和应急管理部“工业互联网+危化安全生产”人员定位系统技术支持机构，安然从2012年起致力于基于ZigBee Plus三维立体按需精准定位的“工业互联网+安全生产”的研究，获得了20多项安全智能管控系统发明专利和著作权，持续引领中国化工行业生产现场智慧安全！安然以“准、稳、狠”的ZigBee Plus三维立体按需精准人员定位统和“底数清、数据准、情况明、研判准、措施实”的安全生产信息化平台为核心，整合访客管理、出入口控制、人脸识别、视频监控、语音广播、重大危险源监控、可燃有毒气体监测等系统，对生产现场人、机、料、法、环五大要素进行实时、动态、智能管控和预警，规范人的安全行为，保障人的生命安全，有效防范风险、主动化解风险，实现智慧安全。安然“以用为本”，把安全生产信息化建设与公司管理体系“深度融合”，把安全生产信息化建设与日常工作“紧密结合”，对安全生产切实“有用、实用、好用”，避免建用“两张皮”，让安全管控更智能，让生产更高效才实用。迄今已服务中石化、中石油、延长石油、国能、兖矿、京能、索普、新安、奇美、昊源、潞安、旭阳、垦利、逸盛、海科、酒钢、金发等几百家石化、化工、选煤、钢铁、电厂企业。安然以客户为中心，以强者为本，抬头乐干，愿意与同道中人联合、链接，携手共建、共用、共享生产安全命运共同体，一起干，一起干，让优秀企业更安全，让优秀企业更高效！,"https://www.zhaopin.com/jobdetail/CC559764920J40884193904.htm?refcode=4019&srccode=401901&preactionid=a7c1140f-c46c-45e5-b867-ab342d8bdc77"
2069,C/C++,长沙-长沙县,1.1-1.8万,中国人民解放军32806部队,政府/公共事业,100-299人,不需要融资,CCL1455679640J40814859015,"岗位职责：1. 负责群体智能软件平台的算法开发，开发高性能、可扩展、安全的后端服务；    2. 负责人机交互界面的设计和开发工作；    3. 编写单元测试和集成测试,确保代码质量和系统稳定性；    4.编写技术文档,包括系统设计文档、API文档等。    任职要求：    1. 计算机及相关专业，高校本科或者双一流高校的硕士以上学历，工作认真负责，有良好的沟通能力和团队合作精神；    2. 熟练掌握C++、Java语言或者Vue前端开发框架；    3. 熟悉操作系统、数据库原理等，掌握主流数据库的使用，如达梦、MySQL；    4. 熟悉Linux原理和常用命令，能够在Linux下进行软件开发；    5. 有大型项目开发经验者优先。       年薪： 15w-23w   ",7月4日,,"https://www.zhaopin.com/jobdetail/CCL1455679640J40814859015.htm?refcode=4019&srccode=401901&preactionid=a7c1140f-c46c-45e5-b867-ab342d8bdc77"
2070,Java,杭州-滨江区,1.4-2.8万·14薪,外企德科数字技术有限公司,专业技术服务,10000人以上,,CCL1480117890J40792312805,岗位职责： 1、 社招岗位（全职非实习）。 2、 深入部门，了解各业务需求，在此基础上进行软件架构设计与模块规划，确保软件功能契合业务目标。 3、 依据设计文档，运用Java/Python/C++等多种主流编程进行高质量代码编写，遵循团队的代码规范和编程最佳实践，确保代码的可读性、可维护性和可复用性。支撑工具应用推广及部门应用。 4、 对开发完成的软件进行全面测试，根据测试结果和用户反馈，持续优化软件性能。 5、 密切关注前沿新技术，将新技术用于研发，推动产品升级和业务创新。专业知识与业务技能要求：   1、 统招本科及以上学历（需持双证），计算机，通信等相关专业优先。   2、 热爱编程，精通java、C/C++等语言开发和编译原理相关知识；熟练掌握Java/Python/C++/C等任意一种编程语言，有良好编程习惯。   3、 具备独立工作及解决问题能力、善于团队沟通合作。工作有责任心、细心和耐心。   4、 较好的自学能力和优秀的语言表达能力，热爱技术研发工作。,2025-07-27 00:25:54,外企德科数字技术有限公司是一家2023年新成立的中外合资企业。成立于2023年11月24日，公司定位：专注于为信息技术企业提供人才及数字技术外包解决方案的中外合资企业。它是由中国人力资源服务行业的FESCO（北京国际人力资本集团）与全球人力资源服务领导者The Adecco Group（德科集团）合资成立的。公司主要提供网络技术服务、软件外包服务、计算机系统服务、技术进出口、软件开发等信息技术相关服务。专注于为信息技术企业提供信息技术类人才及数字技术外包解决方案。,"https://www.zhaopin.com/jobdetail/CCL1480117890J40792312805.htm?refcode=4019&srccode=401901&preactionid=a7c1140f-c46c-45e5-b867-ab342d8bdc77"
2071,软件测试,济南-历下区,1.2-2.4万,浪潮集团,"IT服务,计算机软件,计算机硬件",10000人以上,,CC120143600J40870154215,岗位职责： 1、制定测试产品的测试计划、方案；  2、设计并执行测试用例、对产品进行功能、性能、安全等测试； 3、实施测试，对测试结果进行分析，出具专业测试报告； 4、维护测试环境，进行测试环境部署与调试； 5、完成测试项目归纳及总结文档； 任职资格： 1、硕士研究生学历，计算机、电子信息相关专业优先； 2、熟悉linux 操作系统者优先，熟悉shell脚本编写者优先；  3、了解主流数据库的部署、安装、调试者优先，了解C、C++、java语言者优先，有一定的编程基础者优先； 4、熟练操作主流的软件测试工具者优先，如Loadrunner、Jmeter、Monkey、QTP、appium、Selenium等； 5、熟悉测试的规范流程者优先，具有较强的文档编写能力者优先； 6、认真严谨、有责任心，具有良好的沟通能力，团队协作能力、能承受工作压力，能适应短期出差。,7月28日,浪潮集团是中国领先的云计算、大数据服务商，拥有三家上市公司。主要业务涉及计算装备、软件、云计算服务、新一代通信、大数据及若干应用场景。作为中国最早的IT品牌之一，浪潮致力于成为世界一流的新一代信息技术龙头企业经济社会数字化转型的优秀服务商，新型基础设施建设的骨干企业。,"https://www.zhaopin.com/jobdetail/CC120143600J40870154215.htm?refcode=4019&srccode=401901&preactionid=a7c1140f-c46c-45e5-b867-ab342d8bdc77"
2072,前端开发,日本-None,2.5-5万,株式会社GSD,"计算机软件,专业技术服务,IT服务,人力资源服务",100-299人,未融资,CC293515380J40686821611,岗位内容： 1. 负责开发和维护前端系统和模块，确保其运行稳定可靠 2. 编写高效、清晰、易于维护的代码 3. 协调需求，与其他团队成员进行有效沟通和协作 任职要求： 1. 熟练掌握HTML、CSS和JavaScript，熟悉主流前端框架 2. 具备扎实的编程基础，良好的代码风格，注重代码品质 3. 擅长和团队合作，具备很好的沟通和协调能力,7月7日,株式会社GSD是一家引进先进成熟的技术经验，整合中日人才资源，在人才介绍、派遣等方面为企业提供全方位的人力资源解决方案，致力于打造高品质的技术型外包服务企业，做客户信赖的技术支持伙伴，全心全意为客户提供一站式的服务的公司。株式会社GSD成立于2015年，公司设在东京文京区。以软件开发、软件委托开发和互联网服务为主要业务的高科技企业，主要擅长基于互联网的各种应用项目的开发，尤其在金融领域(银行、证券、保险）商业、物流等领域，拥有一批经验丰富的工程师队伍活跃在开发前线。公司自成立以来发展迅速，凭借一流的开发技术与管理经验，与日本多家企业建立了密切的合作关系。并且，获得了客户的一致好评。本公司提倡以人为本的经营理念，在工作中坚持提高人、培养人、尊重人、为了人的用人原则，努力创造相互信赖、团结的职场氛围。现诚招有识之士加盟我们，我们愿为您提供优厚的待遇和施展才华的空间，欢迎加入GSD与我们携手共同发展。,"https://www.zhaopin.com/jobdetail/CC293515380J40686821611.htm?refcode=4019&srccode=401901&preactionid=a7c1140f-c46c-45e5-b867-ab342d8bdc77"
2073,Java,上海-浦东新区,1.5-3万·14薪,外企德科数字技术有限公司,专业技术服务,10000人以上,,CCL1480117890J40653068505,岗位职责： 1、参与存储产品整体架构设计，负责各子系统的特性设计与开发，看护子系统设计质量和代码质量； 2、构建极致数据缩减比及高性能分布式数据缓存，设计高可靠容灾备份方案，构筑元数据索引、介质规划演进等能力，软硬件协同提升产品性能和可靠性； 3、承担相关产品的架构设计、开发交付和产品化工作，参与产品与平台的快速迭代，高效协同。 能力和经验要求： 1、熟悉Java编程语言，掌握常用的数据结构、算法以及多线程编程技术； 2、有在存储、分布式系统、数据库、Linux内核以及大数据等领域开发经验者优先；有可靠性、性能调优、容灾备份相关经验者优先； 3、具备良好的问题解决能力、逻辑思维能力，善于沟通与合作； 4、工作认真负责，能承受一定工作压力，具备良好的团队协作与沟通交流意识。 薪资福利：14薪，园区内有班车和食堂，加班给双倍加班费，免费夜宵、健身房、下午茶，生日礼物，带薪年假，每年两次调薪机会； 面试流程：主要包含一轮牛客网代码笔试和2轮技术面试； 地点：全国13所研发中心均有岗位。北京、上海、深圳、成都、西安、武汉、广州、长沙、苏州、南京、杭州、济南。,2025-07-27 00:23:24,外企德科数字技术有限公司是一家2023年新成立的中外合资企业。成立于2023年11月24日，公司定位：专注于为信息技术企业提供人才及数字技术外包解决方案的中外合资企业。它是由中国人力资源服务行业的FESCO（北京国际人力资本集团）与全球人力资源服务领导者The Adecco Group（德科集团）合资成立的。公司主要提供网络技术服务、软件外包服务、计算机系统服务、技术进出口、软件开发等信息技术相关服务。专注于为信息技术企业提供信息技术类人才及数字技术外包解决方案。,"https://www.zhaopin.com/jobdetail/CCL1480117890J40653068505.htm?refcode=4019&srccode=401901&preactionid=a7c1140f-c46c-45e5-b867-ab342d8bdc77"
2074,实施工程师,丽水-莲都区,8000-16000元,青岛安然物联网科技有限公司,"物联网,物联网",20-99人,未融资,CC559764920J40884193704,岗位职责： 1. 负责石化、化工厂人员定位系统的现场实施、现场交付和技术赋能等工作。 2. 对接客户需求，进行需求调研，制定详细的施工方案和计划。 3. 确保项目按照既定的时间节点和质量要求完成交付。 4. 对已交付的项目进行后期技术支持与维护。 岗位要求： 1. 年龄在25-35岁之间。 2. 能够适应经常出差的工作要求。 3. 熟悉信息化、弱电及工业互联网相关技术。 4. 具备良好的沟通协调能力和问题解决能力。,7月21日,基于精准人员定位的工业安全生产信息化管理专家，安全生产信息化管理引领者！作为全国实时定位技术标准工作组成员和应急管理部“工业互联网+危化安全生产”人员定位系统技术支持机构，安然从2012年起致力于基于ZigBee Plus三维立体按需精准定位的“工业互联网+安全生产”的研究，获得了20多项安全智能管控系统发明专利和著作权，持续引领中国化工行业生产现场智慧安全！安然以“准、稳、狠”的ZigBee Plus三维立体按需精准人员定位统和“底数清、数据准、情况明、研判准、措施实”的安全生产信息化平台为核心，整合访客管理、出入口控制、人脸识别、视频监控、语音广播、重大危险源监控、可燃有毒气体监测等系统，对生产现场人、机、料、法、环五大要素进行实时、动态、智能管控和预警，规范人的安全行为，保障人的生命安全，有效防范风险、主动化解风险，实现智慧安全。安然“以用为本”，把安全生产信息化建设与公司管理体系“深度融合”，把安全生产信息化建设与日常工作“紧密结合”，对安全生产切实“有用、实用、好用”，避免建用“两张皮”，让安全管控更智能，让生产更高效才实用。迄今已服务中石化、中石油、延长石油、国能、兖矿、京能、索普、新安、奇美、昊源、潞安、旭阳、垦利、逸盛、海科、酒钢、金发等几百家石化、化工、选煤、钢铁、电厂企业。安然以客户为中心，以强者为本，抬头乐干，愿意与同道中人联合、链接，携手共建、共用、共享生产安全命运共同体，一起干，一起干，让优秀企业更安全，让优秀企业更高效！,"https://www.zhaopin.com/jobdetail/CC559764920J40884193704.htm?refcode=4019&srccode=401901&preactionid=a7c1140f-c46c-45e5-b867-ab342d8bdc77"
2075,Java,武汉-洪山区,100-150元/天,北京双泽维度信息技术有限公司,"IT服务,电力/水利/热力/燃气,电气机械/电力设备,石油/石化",20-99人,未融资,CC365905120J40677031501,"双泽信息技术有限公司始于1995年，基于科工领域提供语言服务近30年，是一家面向工业领域跨语言数字化智能解决方案服务商，通过大型涉外项目及国内外知名公司的服务建立起良好的市场形象和信誉，可为客户在专业化、标准化、国际化、数字化等方向提供复合型行业解决方案。 我司建设并运营多个“跨语言产业信息服务平台”（公司产品：竞界GMI系列，面试时详告，可参考公司网站：www.sunther.com），这些平台服务于科技和工程领域，为用户提供跨语言的国际产业信息服务，解决用户国际信息不畅、中外专业信息不对称的问题。平台服务的信息包括：国际科技信息（专利、技术发展状态、各类科技文献）、国际标准信息、国际项目招投标信息、国际商务信息、国际认证信息、国际产业链信息、国际行业动态信息等。   岗位要求：   1．配合项目计划，负责软件系统设计、编码、调试工作； 2．配合开发部主管制定相关软件开发和调试的标准； 3．对项目中的客户需求或内部需求进行分析、整理、并负责分解到相关的功能模块，为进行模块设计提供相关的依据，并参与开发过程中各阶段的评审； 4．完成领导交代的其它事宜。 任职要求： 1、计算机相关专业本科及以上学历； 2、精通Java语言、JavaScript,熟悉Spring、SpringBoot、SpringCloud等常用开发框架； 3、熟悉Nginx、Tomcat、Weblogic等任一种应用服务器的开发、部署和相关配置； 4、熟练掌握MySQL、Oracle、SQLServer等任一种主流数据库操作及数据库开发技术； 5、具有良好的编码习惯，编写结构清晰、命名规范、逻辑性强、代码效率高； 6、深入理解软件工程思想； 7、熟悉现场实施流程，有一定的沟通协调能力； 8、具有良好的自主学习能力及团队合作精神。 企业福利：   人才培养：公司一直倡导以人为本的用人理念，让人才成为企业核心竞争力的源头。能够为在职员工提供国际化工作视野、行业展会会议、良好的双通路晋升机制、大学生专项晋升通路、OJT在职培训、一对一带教培养、内外部培训学习、内训师团队建设。   福利待遇：公司推崇实用、严谨、高效的企业文化，为在职员工提供具有竞争力的薪资、按劳分配制度、绩效奖金、入职五险一金、弹性工作时间、餐饮补贴、交通补贴、租房补贴、高温补贴、法定节假日、春节假期（不少于10天）、带薪年假、三八假期、元宵假期、节日福利、生日礼券、福利体检、定期团建、员工旅游、下午茶等福利待遇。   工作时间：早9:00晚17:00（冬令时）；早9:00晚17:30（夏令时）   团队氛围：高素质人才团队，公司氛围融洽，工作执行力强，沟通简单、高效，期待有创业精神、团队精神、积极主动、有担当的事业型人才和公司共同创造价值、共享成果，实现事业理想。   职业发展：公司为所有岗位提供明确的双通路发展晋升路径，根据工作能力可实现快速晋升涨薪；   数字化产品类晋升路径：   技术通道：初级开发工程师-中级开发工程师-高级开发工程师-技术经理-技术副总-技术总经理   管理通道：初级开发工程师-中级开发工程师-高级开发工程师-产品经理/项目经理-部门长-副总经理--总经理   ",7月15日,公司定位：双泽公司是“国际化、标准化、数字化”综合解决方案服务商，公司致力于打造“工业领域全产业链标准体系数字化智能平台”，推进企业国际合作模式的数字化、标准化、智能化变革。公司主要产品和服务：以电力工业领域为切入点，以中外标准数据分析及工程全过程应用为主攻方向，突破“跨语言+工业数据逻辑+数字化”组合技术障碍，面向国际合作全流程各个环节，提供三大类数据产品&服务：SAAS类产品和服务、用户数字化国际项目管理所需定制化产品、基于人工智能技术的跨语言信息服务、翻译服务。其中，SAAS平台类产品和服务，包括中外电力工程标准数据服务平台（PES1.0）、数字化招投标服务平台（DBS1.0）、国际市场竞争性情报服务平台（GMI）、工业领域跨语言服务平台等系列产品；数字化定制类产品面向企业的国际市场准入分析研究、国际项目招投标、设计管理、采购管理、施工验收管理、合规管理、风险管理、供应链管理等国际工程应用场景，提供数字化数据分析及应用解决方案；基于人工智能技术的跨语言服务，则主要服务于企业的跨语言转换、语言服务全过程解决方案等系列服务。以上产品和服务构成一个整体，解决企业的信息缺乏的问题、信息数据孤岛问题、数据处理能力问题、标准数据与业务数据的关联及数字化应用的问题，以促进企业的国际项目合作水平。公司所在领域及发展方向：公司产品主要服务于电力、能源、建筑、机械、智能制造、汽车、交通等工业领域。截止目前，公司产品及技术路线获得电力行业最高等奖项“中国电力科技进步一等奖”，“2020年度电力工程科学技术进步一等奖”，“国际太阳能光伏与智慧能源兆瓦级翡翠奖”，“SNEC十大亮点评选高新技术企业认证”等。公司处于转型升级关键期，诚邀有事业心人士加盟，共创价值、共享成果。公司基本信息：母公司：北京双泽信息技术有限公司，直属子公司：北京双泽维度信息技术有限公司，山东双泽信息技术有限公司，北京双泽维度信息技术有限公司武汉分公司。,"https://www.zhaopin.com/jobdetail/CC365905120J40677031501.htm?refcode=4019&srccode=401901&preactionid=a7c1140f-c46c-45e5-b867-ab342d8bdc77"
2076,Java,哈尔滨-道里区,7000-9000元,点击率科技有限公司,计算机软件,20-99人,,CCL1472779000J40711078611,公司简介​ 我们致力于打造前沿的 AI 门户网站，整合全球优质 AI 资源，为用户提供一站式的 AI 产品体验、最新的 AI 新闻资讯以及高效的数据服务。现因业务拓展，诚邀优秀的开发人才加入我们的团队。​​ 岗位职责​ 负责开发并维护对接全球 AI 产品的抓取接口，确保高效、稳定地获取各类 AI 产品信息。​  搭建新闻资讯订阅系统，实现精准、及时的 AI 相关新闻推送。​  对抓取到的数据进行格式化处理，建立有效的筛选机制，保证数据的准确性和可用性。​  完成 AI 大模型的接口对接工作，优化交互性能，提升用户使用体验。​  任职要求​ 熟练掌握 Python、Java 等主流编程语言，有丰富的 Web 开发经验。​  熟悉数据抓取、清洗和处理技术，具备良好的数据结构和算法基础。​  了解 AI 大模型的基本原理，有相关接口对接经验者优先。​  具备较强的问题解决能力和团队协作精神，能够独立完成复杂任务。,6月5日,,"https://www.zhaopin.com/jobdetail/CCL1472779000J40711078611.htm?refcode=4019&srccode=401901&preactionid=a7c1140f-c46c-45e5-b867-ab342d8bdc77"
2077,实施工程师,西安-长安区,1-1.1万,国仪小弦人工智能技术(嘉兴)有限公司,智能硬件,20-99人,A轮,CCL1492169720J40758860409,岗位内容： 1. 负责公司产品的规划、设计、安装、调试及优化。 2. 解决客户在安装和使用过程中可能出现的技术问题。 3. 维护客户关系，了解客户需求并及时响应，并根据客户需求反馈，做出相应调整。 任职要求： 1. 具备计算机、自动化等相关专业学历，2年以上工作经验。 2. 熟练掌握网络设备的安装及调试知识，具备网络规划能力。 3. 具备一定的项目管理经验，能有效组织和协调团队工作。 4. 具备良好的客户服务意识和高度的责任心。  岗位福利：五险一金、带薪年假、定期体检、创业公司、弹性工作、股票期权、项目奖金、带团队   岗位亮点：yang企jun工 人工智能 人单合一   ,7月22日,"国仪小弦人工智能技术（嘉兴）有限公司立足长三角核心区域，专注于人工智能技术研发与创新应用。公司聚焦智能算法开发与行业解决方案设计，业务涵盖工业自动化、数据分析优化等领域，致力于通过技术创新推动产业智能化升级。团队核心成员拥有国内外知名高校及科技企业研发背景，在机器学习、边缘计算等方向具备扎实的技术积累。公司成立以来已与多家先进制造企业建立技术合作，通过定制化AI模型开发助力客户实现生产流程优化与效率提升。作为新兴科技企业，公司坚持""技术驱动、务实创新""的发展理念，持续投入研发资源构建自主知识产权体系。未来将深化在工业物联网、智能制造等场景的技术落地能力，积极探索人工智能与实体经济的深度融合路径。","https://www.zhaopin.com/jobdetail/CCL1492169720J40758860409.htm?refcode=4019&srccode=401901&preactionid=a7c1140f-c46c-45e5-b867-ab342d8bdc77"
2078,测试工程师,西安-雁塔区,6000-8000元,陕西盛为网络科技有限公司,"计算机软件,通信/网络设备",20-99人,未融资,CCL1484388920J40551986904,硬件测试工程师 岗位职责 1、负责公司产品出货前的测试； 2、协助工程师对新产品调试.进行性能试验等工作； 3、完成相关测试文档的填写数据的记录工作。 任职资格 1、熟悉EXCL等办公软件常规操作，吃苦耐劳，工作主动，有责任心； 2、对硬件测试和运维工作有实习经验的优先考虑。 岗位职责： 1.根据应用系统业务需求，使用存储过程.函数，进行接口的编写。 2.使用存储过程，进行数据分析.整理.数据报表的相关开发。 3.根据业务需求，能独立的分析相关需求，有表结构设计经验，按需提取数据。 4.数据库分析，调优，能读懂ql，定位问题并更正。,6月4日,陕西盛为网络科技有限公司简介公司概述陕西盛为网络科技有限公司是一家专注于网络技术服务的企业，总部位于中国陕西省西安市。自成立以来，公司始终秉承“科技创新，服务至上”的理念，致力于为客户提供高效、优质的网络科技解决方案。业务领域陕西盛为网络科技有限公司主要业务涵盖网络系统集成、软件开发、网络安全服务、云计算服务、大数据分析等领域。凭借丰富的行业经验和强大的技术实力，公司已经成为陕西省内乃至全国范围内备受信赖的网络科技服务提供商之一。技术优势公司拥有一支由资深网络工程师、软件开发工程师、网络安全专家、大数据分析师等组成的专业团队。他们不仅具备深厚的技术功底，而且拥有丰富的项目实施经验。公司还与多家国内外知名IT企业建立了战略合作伙伴关系，确保能够为客户提供最前沿的技术支持和服务。服务理念陕西盛为网络科技有限公司始终坚持“客户至上，服务第一”的原则，致力于满足客户的各种需求。公司提供7*24小时的售后服务和技术支持，确保客户在使用过程中遇到任何问题都能够得到及时解决。未来展望面向未来，陕西盛为网络科技有限公司将继续加强技术创新，拓展业务领域，提升服务质量，努力成为国内领先的网络科技服务提供商。同时，公司也将积极履行社会责任，为推动信息化建设和数字经济发展做出更大贡献。,"https://www.zhaopin.com/jobdetail/CCL1484388920J40551986904.htm?refcode=4019&srccode=401901&preactionid=a7c1140f-c46c-45e5-b867-ab342d8bdc77"
2079,技术支持工程师,北京-海淀区,1-1.5万,航天宏图信息技术股份有限公司,"计算机软件,人工智能,船舶/航空/航天/火车制造,计算机软件",1000-9999人,已上市,CC238566510J40665571606,岗位职责：,6月5日,航天宏图信息技术股份有限公司（股票代码：688066），成立于 2008年，是国内领先的卫星运营与应用服务提供商，是科创板首批上市企业。公司研发了具有完全自主知识产权的遥感与地理信息一体化软件PIE（Pixel Information Expert），拥有国内首个遥感与地理信息云服务平台PIE-Engine，实现遥感基础软件的国产化替代，为政府、企业、高校以及其他有关部门提供基础软件产品、系统设计开发、遥感云服务等空间信息应用整体解决方案。公司总部位于北京，在全国设有120余个分支机构，在西安、成都、武汉、南京、长沙等地建立研发中心。公司现有员工3100余人，其中博士130余人、硕士1000余人，海外留学归国人才及行业专家200余人，工程技术人员占80%以上。拥有国家重点高新技术企业、双软企业、CMMI L5、测绘甲级、系统建设和服务能力评估4级等资质。拥有120余项发明专利和600余项软件著作权。公司基于自有基础软件平台和核心技术，独立承担和参与了一系列国家重大战略工程。服务自然资源、生态环境、应急管理、气象、海洋、水利、农业等多个行业部门，提供系统咨询设计、全流程全要素遥感信息分析处理，支撑政府机构实施精细化监管和科学决策；服务金融保险、精准农业、能源电力、交通运输等企业用户，提供空天大数据分析和信息服务；还为其他有关部门提供目标自动识别、精确导航定位、环境信息分析等服务。航天宏图以“科技改变世界遥感走进生活”为核心使命，秉承“全心服务客户同心共展宏图”核心价值观，科学管理，创新发展，不断提升核心竞争力，实现多领域创新突破。设立奖学金、助学金等方式，推动高校人才培养，用爱心践行企业价值，用行动回报社会。在保持业绩稳定发展的同时，注重为投资者提供持续、合理的回报。竭诚与海内外朋友携手并进，互利共赢，努力实现“让中国人的遥感软件PIE服务世界”的伟大愿景！,"https://www.zhaopin.com/jobdetail/CC238566510J40665571606.htm?refcode=4019&srccode=401901&preactionid=a7c1140f-c46c-45e5-b867-ab342d8bdc77"
2080,测试工程师,合肥-庐阳区,1-1.2万·13薪,青岛瑞晟元人力资源有限公司,人力资源服务,20人以下,不需要融资,CCL1431271280J40777128807,,2025年07月28日,,"https://www.zhaopin.com/jobdetail/CCL1431271280J40777128807.htm?refcode=4019&srccode=401901&preactionid=a7c1140f-c46c-45e5-b867-ab342d8bdc77"
2081,C/C++,福州-鼓楼区,80-150元/天,福州一方威视科技有限公司,"电子/半导体/集成电路,零售/批发",20人以下,未融资,CCL1210751770J40079572215,工作职责: 1、嵌入式应用软件的模块开发 任职要求: 1、2025年毕业生，计算机、电子信息、自动化等相关专业     2、精通C/C++、QT开发，熟悉多线程、消息队列、socket等相关编程技术。,2月23日,"福州一方威视科技有限公司（Fuzhou EFunVision Technology Co., Ltd.)由三位资深ISP专家、嵌入式专家、项目管理专家共同创立。团队主要成员具有10年以上ISP技术和视频图像经验、8年以上相机产品经验，先后参与过三星手机、锤子手机、美图手机、亿航无人机相机、LLVision智能眼镜、奥林巴斯相机等项目产品ISP芯片部分或整机的开发。公司专业从事行业智能相机产品的方案设计、方案研发、委托开发、定制开发、PCBA销售等，现业务发展需要，公司招聘以下英才：C/C++软件工程师、linux工程师、android嵌入式工程师、销售经理、销售助理等。期待你的加入，成就一方共同的事业！","https://www.zhaopin.com/jobdetail/CCL1210751770J40079572215.htm?refcode=4019&srccode=401901&preactionid=a7c1140f-c46c-45e5-b867-ab342d8bdc77"
2082,Java,南京-雨花台区,1.6-3万·14薪,外企德科数字技术有限公司,专业技术服务,10000人以上,,CCL1480117890J40786023405,工作内容: 1.负责研发领域IT系统技术方案的设计，开发等工作; 2.负责项目开发过程中的技术攻关及解决运行中出现的技术问题; 3.负责产品核心模块的代码编写和测试; 4.负责产品疑难问题的分析和定位。 岗位要求: 1.统招学历学位证，毕业证，学信网可查; 2.热爱编程，基础扎实，熟悉掌握但不限于JAVA/Python/JS/HTML/GO/C/C++/C#等编程语言中的一种或数种，有良好的编程 习惯; 3.具备独立工作能力和解决问题的能力、善于沟通、乐于合作、热衷新技术、善于总结分享，喜欢动手实践;,2025-07-27 00:25:27,外企德科数字技术有限公司是一家2023年新成立的中外合资企业。成立于2023年11月24日，公司定位：专注于为信息技术企业提供人才及数字技术外包解决方案的中外合资企业。它是由中国人力资源服务行业的FESCO（北京国际人力资本集团）与全球人力资源服务领导者The Adecco Group（德科集团）合资成立的。公司主要提供网络技术服务、软件外包服务、计算机系统服务、技术进出口、软件开发等信息技术相关服务。专注于为信息技术企业提供信息技术类人才及数字技术外包解决方案。,"https://www.zhaopin.com/jobdetail/CCL1480117890J40786023405.htm?refcode=4019&srccode=401901&preactionid=a7c1140f-c46c-45e5-b867-ab342d8bdc77"
2083,科研人员,大连-瓦房店市,5000-7000元,中科院大连化学物理研究所,"学术/科研,医药制造,石油/石化,互联网",1000-9999人,未融资,CC120549380J40769662805,岗位名称：科研助理,5月7日,中国科学院大连化学物理研究所（以下简称“大连化物所”）创建于1949年3月，当时定名为“大连大学科学研究所”，1961年底更名为“中国科学院化学物理研究所”，1970年正式定名为“中国科学院大连化学物理研究所”。大连化物所是一个基础研究与应用研究并重、应用研究和技术转化相结合，以任务带学科为主要特色的综合性研究所。六十多年来，大连化物所通过不断积累和调整，逐步形成了自己的科研特色。1998年，大连化物所成为中国科学院知识创新工程首批试点单位之一。2007年经国家批准筹建洁净能源国家实验室。2010年8月，大连化物所在“创新2020”发展战略研讨会中将所发展战略修订为“发挥学科综合优势，加强技术集成创新，以可持续发展的能源研究为主导，坚持资源环境优化、生物技术和先进材料创新协调发展，在国民经济和国家安全中发挥不可替代的作用，创建世界一流研究所。”大连化物所重点学科领域为：催化化学、工程化学、化学激光和分子反应动力学以及近代分析化学和生物技术。大连化物所围绕国家能源发展战略，于2011年10月启动了洁净能源国家实验室（DNL）的筹建工作，DNL是我国能源领域筹建的第一个国家实验室，共规划筹建化石能源与应用催化、低碳催化与工程、节能与环境、燃料电池、储能、氢能与先进材料、生物能源、太阳能、海洋能、能源基础和战略、能源研究技术平台等11个研究部。大连化物所还拥有催化基础国家重点实验室和分子反应动力学国家重点实验室两个国家重点实验室，以及甲醇制烯烃国家工程实验室、国家催化工程技术研究中心、膜技术国家工程研究中心、燃料电池及氢源技术国家工程中心、国家能源低碳催化与工程研发中心等多个国家级科技创新平台。大连化物所围绕国防安全、分析化学、精细化工和生物技术广泛开展基础性、战略性、前瞻性研究工作，设立化学激光研究室、航天催化与新材料研究室、仪器分析化学研究室、精细化工研究室和生物技术研究部等五个研究室。另外，大连化物所还与国外著名大学、公司和研究机构联合设立了中法催化联合实验室、中法可持续能源联合实验室、中德催化纳米技术伙伴小组、中韩燃料电池联合实验室、DICP-BP能源创新实验室和SABIC-DICP先进化学品生产研究中心等十几个国际合作研究机构。　2016年以来，大连化物所按照中科院的统一部署，经过反复研讨和凝练，确定和完善了研究所“十三五”期间的“一三五”规划，即，一个定位：“以洁净能源国家实验室为平台，坚持基础研究与应用研究并重，在化石资源优化利用、化学能高效转化、可再生能源等洁净能源领域，持续提供重大创新性理论和技术成果，满足国家战略需求，发挥不可替代的作用，率先建成世界一流研究所。”；四个重大突破：“基于自由电子激光平台的能源化学转化本质与调控、以合成气制乙醇为代表的化石资源转化利用、新型动力电源与储能技术、以化学激光为代表的化学能高效转化”；八个重点培育方向：“太阳能光-化学和光-电转化技术及科学利用、秸秆催化转化利用技术、甲烷和合成气直接转化制高值化学品、微反应技术、基于组学分析新技术的转化医学研究、寡糖农用制剂创制及应用推广、生态环境监测技术及设备、绿色高效推进技术”。自建所以来，大连化物所造就了若干享誉国内外的科学家及一大批高素质研究和技术人才，先后有19位科学家当选为中国科学院和中国工程院院士，3位当选为发展中国家科学院院士，1位当选为欧洲人文和自然科学院院士。截至2017年底，在所工作的国家杰出青年基金获得者23人，中国科学院“百人计划”42人。大连化物所是国务院学位委员会授权培养博士、硕士学位的单位，具有物理学、化学、材料科学与工程、化学工程与技术、环境科学与工程五个一级学科博士学位授予权，具有博士生导师、硕士生导师资格审批权，截至2016年底，共有博士生导师136人，硕士生导师235人，在读研究生872人，其中博士587人，硕士285人，已培养研究生2505名，其中博士1655名，硕士850名。设博士后流动站，在站博士后173人。　2011年以来，大连化物所取得各类科研成果247项，以第一完成单位获得省部级以上奖励60余项，其中获得国家奖励8项，中科院、省部级一等奖12项。2013年，张存浩院士获得国家最高科学技术奖；2014年，“甲醇制取低碳烯烃技术”获得国家技术发明一等奖。　2011年以来，大连化物所第一产权发表SCI论文总数3238篇。其中，影响因子大于5的1203篇，265篇学术论文发表在Science、Nature、Angew. Chem.、JACS等学术刊物以及相关学科顶级刊物上（IF>9）。出版科技专著11部。　2011年以来，大连化物所累计申请专利5229件，其中发明专利4782件，累计专利授权1752件，其中发明专利授权1540件；累计获得国外专利授权126件。大连化物所主持出版国内催化领域和色谱领域核心期刊《色谱》和《催化学报》以及英文学术期刊Journal of Energy Chemistry（能源化学）。其中《催化学报》和Journal of Energy Chemistry（能源化学）被SCI-E收录。,"https://www.zhaopin.com/jobdetail/CC120549380J40769662805.htm?refcode=4019&srccode=401901&preactionid=a7c1140f-c46c-45e5-b867-ab342d8bdc77"
2084,技术支持工程师,阜阳-颍东区,9000-15000元,青岛安然物联网科技有限公司,"物联网,物联网",20-99人,未融资,CC559764920J40872346704,1. 负责公司产品的技术支持，解决客户技术问题； 2. 提供解决方案并跟进实施； 3. 收集并反馈客户意见，推动产品改进； 4·能接受经常性出差； 感兴趣联系我，欢迎加入我们的团队！,7月24日,基于精准人员定位的工业安全生产信息化管理专家，安全生产信息化管理引领者！作为全国实时定位技术标准工作组成员和应急管理部“工业互联网+危化安全生产”人员定位系统技术支持机构，安然从2012年起致力于基于ZigBee Plus三维立体按需精准定位的“工业互联网+安全生产”的研究，获得了20多项安全智能管控系统发明专利和著作权，持续引领中国化工行业生产现场智慧安全！安然以“准、稳、狠”的ZigBee Plus三维立体按需精准人员定位统和“底数清、数据准、情况明、研判准、措施实”的安全生产信息化平台为核心，整合访客管理、出入口控制、人脸识别、视频监控、语音广播、重大危险源监控、可燃有毒气体监测等系统，对生产现场人、机、料、法、环五大要素进行实时、动态、智能管控和预警，规范人的安全行为，保障人的生命安全，有效防范风险、主动化解风险，实现智慧安全。安然“以用为本”，把安全生产信息化建设与公司管理体系“深度融合”，把安全生产信息化建设与日常工作“紧密结合”，对安全生产切实“有用、实用、好用”，避免建用“两张皮”，让安全管控更智能，让生产更高效才实用。迄今已服务中石化、中石油、延长石油、国能、兖矿、京能、索普、新安、奇美、昊源、潞安、旭阳、垦利、逸盛、海科、酒钢、金发等几百家石化、化工、选煤、钢铁、电厂企业。安然以客户为中心，以强者为本，抬头乐干，愿意与同道中人联合、链接，携手共建、共用、共享生产安全命运共同体，一起干，一起干，让优秀企业更安全，让优秀企业更高效！,"https://www.zhaopin.com/jobdetail/CC559764920J40872346704.htm?refcode=4019&srccode=401901&preactionid=a7c1140f-c46c-45e5-b867-ab342d8bdc77"
2085,科研人员,深圳-南山区,100-200元/天,北京大学深圳研究院,学术/科研,100-299人,,CC516901830J40305447105,【部门简介】   北京大学深圳研究院绿色基础设施研究所（简称GI研究所）是专注于绿色基础设施领域的产学研机构。绿色所立足北京大学深圳研究院与深港产学研基地，以研发创新、设计咨询和技术转化为引领，致力于推动绿色基础设施的研究、设计、建设、监测、评估的全过程发展，拓展绿色建筑、绿色交通、绿色能源、绿色金融、生态产业等领域交叉合作。   GI研究所通过多平台协同、多专业合作、全方位创新，逐步形成以绿色基础设施为主线的综合研发机构、人才培养基地、咨询服务智库和产业实践平台，为新时代生态文明建设和实现美丽中国目标提供可靠的科学依据和技术服务。本所基于发展需求现公开招聘实习生。   【工作内容】     协助开展国家自然基金、市科创委基金与横向课题研究，主要包括湾区城市生态韧性研究、双碳与产业协同发展路径、碳核算及碳资产管理研究、生态系统碳汇研究、智慧化生态规划管理研究。   【职位要求】   （1）专业背景：生态学、环境科学、城乡规划学、环境经济学、环境管理、公共政策等相关专业。   （2）学历要求：硕士研究生及以上，应届生表现优秀可留用。   （3）研究经验：具有相关课题研究参与经验。   （4）熟练操作以下软件或模型1种以上：遥感软件（如ArcGIS，ENVI，ERDAS，GEE等）、数据分析软件（如R、Python、SPSS等）、分析模型（SWMM、MIKE、Gabi等）、C++等编程语言。   （5）专业技能：具备积极主动的工作态度，能够主动学习新方法和技能，对生态环境事业具有浓厚的兴趣和热情。   （6）工作地点：深圳。 ,6月12日,北京大学深圳研究院是由北京大学在深圳市依托深港产学研基地（深圳市局级事业单位）发起成立的产学研合作实体平台，是深圳市首批引进加入虚拟大学园的成员院校之一，已成为北京大学布局湾区、立足深港的高层次、综合性、开放式的官、产、学、研、资相结合的科技成果孵化与产业化基地、风险基金聚散基地、科技体制创新基地和高新技术人才培养引进基地，是北京大学在校本部外重要的产学研合作基地。,"https://www.zhaopin.com/jobdetail/CC516901830J40305447105.htm?refcode=4019&srccode=401901&preactionid=a7c1140f-c46c-45e5-b867-ab342d8bdc77"
2086,科研人员,南京-浦口区,1-1.5万,南京聚鼎芯材科技有限公司,电子/半导体/集成电路,20-99人,未融资,CCL1474389370J40582274705,1、独立从事半导体材料、胶黏剂、等相关研究工作，包括材料制备、结构表征、性能测试等工作;独立编写研究或工程应用技术方案、研究报告; 2、负责材料的小试、中试实验、生产和工程应用; 3、负责掌握和跟踪国际、国内同类产品的技术发展趋势; 4、上级交办的其他任务: 5、待遇面谈。 任职资格: 1、硕士及以上学历，化学、高分子材料等相关专业; 2、熟悉半导体行业精细化工有一定了解:  3、具备扎实的研究基础，能够独立解决实验项目，为客户提供技术服务;  4、具备良好的抗压、创新能力、工作责任心及团队合作精神;具有较强的语言表达、写作能力以及学术、技术交流能力。  5、具有半导体相关产品开发经验者优先考虑。,8月13日,南京聚鼎芯材科技有限公司位于南京市浦口区，聚焦半导体材料领域的技术研发与生产服务，致力于为电子专用材料行业提供创新解决方案。公司主营业务涵盖电子专用材料制造、技术开发及成果转化，重点布局半导体封装材料、芯片制造配套材料等细分领域，通过自主研发与工艺优化推动产品迭代升级。依托专业团队在材料科学领域的深厚积累，公司构建了从实验室研发到规模化生产的完整技术体系，现已形成以先进封装材料为核心的产品矩阵。通过严格的质量管理体系与定制化技术服务，公司持续为半导体产业链客户提供高可靠性材料解决方案。成立以来，企业积极响应国家半导体产业战略需求，逐步完善产学研协同创新机制，并与多家科研机构建立技术合作。未来公司将立足长三角集成电路产业聚集区优势，持续深化材料基础研究能力，加速推进核心产品国产化替代进程，同时通过国际技术交流拓展全球化市场布局，为半导体行业高质量发展注入创新动能。,"https://www.zhaopin.com/jobdetail/CCL1474389370J40582274705.htm?refcode=4019&srccode=401901&preactionid=a7c1140f-c46c-45e5-b867-ab342d8bdc77"
2087,C/C++,成都-郫都区,1.5-3万,外企德科数字技术有限公司,专业技术服务,10000人以上,,CCL1480117890J40798292305,工作内容: 1.负责研发领域IT系统技术方案的设计，开发等工作; 2.负责项目开发过程中的技术攻关及解决运行中出现的技术问题; 3.负责产品核心模块的代码编写和测试; 4.负责产品疑难问题的分析和定位。 岗位要求: 1.热爱编程，基础扎实，熟悉掌握但不限于JAVA/Python/JS/HTML/GO/C/C++/C#等编程语言中的一种或数种，有良好的编程 习惯; 2.熟悉算法基础 3.具备独立工作能力和解决问题的能力、善于沟通、乐于合作、热衷新技术、善于总结分享，喜欢动手实践;,2025年07月30日,外企德科数字技术有限公司是一家2023年新成立的中外合资企业。成立于2023年11月24日，公司定位：专注于为信息技术企业提供人才及数字技术外包解决方案的中外合资企业。它是由中国人力资源服务行业的FESCO（北京国际人力资本集团）与全球人力资源服务领导者The Adecco Group（德科集团）合资成立的。公司主要提供网络技术服务、软件外包服务、计算机系统服务、技术进出口、软件开发等信息技术相关服务。专注于为信息技术企业提供信息技术类人才及数字技术外包解决方案。,"https://www.zhaopin.com/jobdetail/CCL1480117890J40798292305.htm?refcode=4019&srccode=401901&preactionid=a7c1140f-c46c-45e5-b867-ab342d8bdc77"
2088,科研人员,青岛-崂山区,1.5-2.5万,青岛冠中生态股份有限公司,"物联网,环保",300-499人,已上市,CC272506710J40676081310,岗位职责： 1. 承担科研项目的研究任务，按时保质完成各项科研任务和目标； 2. 承担实验室科研任务，发表高水平论文； 3. 协助并指导研究生和实验室管理工作。 任职要求： 1. 年龄35周岁以内，具有国内外高校或科研机构博士学位，环境科学、环境工程、生态学、微生物、作物学、农业资源与环境、林学、水土保持等农学类相关专业。 2. 具备独立从事科研工作的能力，并具有较强的科技论文和科研项目的撰写能力。 3. 熟悉或从事过与生态治理、污水处理与植物生理方向（工厂育苗）等相关研究工作的人员优先考虑。 青岛市人才政策: （1）对博士后承担的创新项目，经青岛市人力资源社会保障部门组织专家评审认定后，按照5万元标准给予资助，排名前20%的资助标准提高到10万元。 （2）对在站博士后(不含以在职人员身份招收的)每月发放 7000~13000 元的基本生活资助。在基本生活资助基础上为符合相关条件博士后加发激励生活资助2000元或6000元。 （3）出站后6个月内在青岛办理就业手续并落户在青岛(不含入站前已在青且在职人员)的博士后，青岛市给予25万元安家补贴。,4月21日,青岛冠中生态股份有限公司成立于2000年，主营业务为生态修复，具体包括植被恢复、水土保持、防沙治沙、土壤修复和水环境治理等工作，还从事部分城市环境建设业务。冠中生态先后被认定为“国家火炬计划重点高新技术企业”和省、市级企业技术中心，并作为第一主编单位主持编写了国内植被恢复行业的行业标准《边坡喷播绿化工程技术标准》。截至2020年底，冠中生态已主编或参编标准3部，承接国家级、省市级课题研究60多项，获得省（部）市级科学技术奖6项，拥有授权和受理专利68项，其中发明专利54项，实用新型14项。冠中生态在中国深交所创业板发行上市（股票代码300948）。围绕“成为世界一流生态修复专业化企业”的发展愿景，凭借全国上下践行“两山”理论、推进生态文明建设、努力实现“碳中和”目标的大好形势，以“全面提升公司持续发展能力”的发展战略作为工作着力点，继续为国家、社会提供更多更好的生态修复产品与服务，真正成为生态环境的保护修复综合解决方案的行业领头企业。,"https://www.zhaopin.com/jobdetail/CC272506710J40676081310.htm?refcode=4019&srccode=401901&preactionid=a7c1140f-c46c-45e5-b867-ab342d8bdc77"
2089,技术支持工程师,上海-青浦区,2.5-5万,上海耀唐科技有限公司,计算机软件,20-99人,,CCL1270864680J40690247616,从事相关经验者优先考虑，期待您的加入，未来可期,3月26日,上海耀唐科技有限公司是一家专注于为行业客户提供达索系统各领域产品及解决方案的高科技公司，主要涉及汽车、轨道交通、机械、电子、通讯、医疗等各大领域。公司总部位于上海，并在天津、重庆、广州等地设有分支机构。依托达索系统，耀唐科技着力于为客户提供单一项目乃至整个生命周期的解决方案和技术支持，包括咨询、售前及售后技术支持、培训和各种定制化服务，以满足客户不同的需求。,"https://www.zhaopin.com/jobdetail/CCL1270864680J40690247616.htm?refcode=4019&srccode=401901&preactionid=a7c1140f-c46c-45e5-b867-ab342d8bdc77"
2090,C/C++,上海-青浦区,1.5-2.7万·14薪,外企德科数字技术有限公司,专业技术服务,10000人以上,,CCL1480117890J40757816505,岗位职责： 1、负责业务体验产品相关产品研发，完成多个模块/组件的软件设计（含增量方式）、代码编写、单元测试、集成测试、静态检查、本地构成等工作，确保所负责模块可信、及时、高质量交付； 2、负责设计实施高可用部署架构，实现弹性扩缩容，秒级故障自动切换，限流降级等核心功能，保障大规模集群的高效稳定运行；  经验要求： 1、有开发经验，C/C++、Java、Scala、Python、JS等开发语言一种或多种； 2、熟悉分布式系统的设计和应用，熟悉高并发、高负载、高可用性系统的设计开发及调优，熟悉分布式缓存、消息、数据库等机制； 3、具有一定的技术架构思维，确保设计的技术方案、开发的代码有较高性能、质量保障、扩展性，前瞻性； 4、参与系统以提升效率为目的的整体的优化、改进，出现问题时能够通过较强的技术手段较好的解决问题。,2025-07-27 00:23:58,外企德科数字技术有限公司是一家2023年新成立的中外合资企业。成立于2023年11月24日，公司定位：专注于为信息技术企业提供人才及数字技术外包解决方案的中外合资企业。它是由中国人力资源服务行业的FESCO（北京国际人力资本集团）与全球人力资源服务领导者The Adecco Group（德科集团）合资成立的。公司主要提供网络技术服务、软件外包服务、计算机系统服务、技术进出口、软件开发等信息技术相关服务。专注于为信息技术企业提供信息技术类人才及数字技术外包解决方案。,"https://www.zhaopin.com/jobdetail/CCL1480117890J40757816505.htm?refcode=4019&srccode=401901&preactionid=a7c1140f-c46c-45e5-b867-ab342d8bdc77"
2091,C/C++,东莞-None,1.8-3.5万·16薪,外企德科数字技术有限公司,专业技术服务,10000人以上,,CCL1480117890J40624474605,公司福利: 1.底薪+绩效+项目奖金+年终奖: 2.全额缴纳社保及五险一金; 3一年数次考评，薪资可上浮~4带薪年假5-15天，周末双休。 WEB前端开发高级工程师 岗位职责： 1、负责云平台Web前端技术框架与核心组件的设计和开发； 2、理解云平台用户体验行为，完成前端用户体验UI的设计和开发 3、通过各种前端技术手段，提升用户体验并满足性能要求； C++/C开发高级工程师 岗位职责： 1、负责云平台框架与核心组件的设计和开发； 任职要求： 1、熟练掌握C++/C语言进行软件开发与优化； 2、熟悉Kubernetes、Docker等容器生态软件技术原理，具有丰富的面向容器的集群资源调度平台使用经验优先。 3、熟悉springboot/nginx/kafka/redis/zookeeper/RabbitMQ等开源中间件技术及源码者优先； 4、具备良好的沟通以及协调能力，能胜任跨团队跨部门协作。 Java/python开发工程师 岗位职责： 1、负责云平台框架与核心组件的设计和开发； 任职要求： 1、熟练掌握Java/python语言进行软件开发与优化； 2、熟悉Kubernetes、Docker等容器生态软件技术原理，具有丰富的面向容器的集群资源调度平台使用经验优先。 3、熟悉springboot/nginx/kafka/redis/zookeeper/RabbitMQ等开源中间件技术及源码者优先； 4、具备良好的沟通以及协调能力，能胜任跨团队跨部门协作。,2025-07-27 00:23:23,外企德科数字技术有限公司是一家2023年新成立的中外合资企业。成立于2023年11月24日，公司定位：专注于为信息技术企业提供人才及数字技术外包解决方案的中外合资企业。它是由中国人力资源服务行业的FESCO（北京国际人力资本集团）与全球人力资源服务领导者The Adecco Group（德科集团）合资成立的。公司主要提供网络技术服务、软件外包服务、计算机系统服务、技术进出口、软件开发等信息技术相关服务。专注于为信息技术企业提供信息技术类人才及数字技术外包解决方案。,"https://www.zhaopin.com/jobdetail/CCL1480117890J40624474605.htm?refcode=4019&srccode=401901&preactionid=a7c1140f-c46c-45e5-b867-ab342d8bdc77"
2092,测试工程师,上海-长宁区,1.3-1.8万·13薪,方得(青岛)人力资源有限公司,咨询服务,20-99人,,CCL1462672470J40735766116,,2025年07月28日,,"https://www.zhaopin.com/jobdetail/CCL1462672470J40735766116.htm?refcode=4019&srccode=401901&preactionid=a7c1140f-c46c-45e5-b867-ab342d8bdc77"
2093,Java,东莞-None,1.4-2.8万·14薪,外企德科数字技术有限公司,专业技术服务,10000人以上,,CCL1480117890J40659992005,岗位要求： 1、扎实的编程能力，熟悉算法和数据结构；熟悉计算机的基础理论； 2、熟练使用java/c/c++/python/js其中一种语言，掌握Spring相关生态开源框架，熟悉MySql、MQ、Redis、SpringCloud等，熟悉事务、缓存、消息、负载均衡等； 3、熟悉Linux开发环境； 4、具有大规模高并发云服务设计和开发经验优先； 5、有微服务、容器相关开发经验优先。 任职要求： 1、扎实的编程能力，熟悉算法和数据结构；熟悉计算机的基础理论； 2. 软件基础扎实，熟悉掌握但是不限于Java/Js/C/C++/Python/Go/JS等编程语言，有良好的编程习惯。 3. 具备独立工作能力和独立解决问题的能力，善于沟通，乐于协作，热衷于新技术，善于总结分享，喜欢动手实践。,2025-07-27 00:23:24,外企德科数字技术有限公司是一家2023年新成立的中外合资企业。成立于2023年11月24日，公司定位：专注于为信息技术企业提供人才及数字技术外包解决方案的中外合资企业。它是由中国人力资源服务行业的FESCO（北京国际人力资本集团）与全球人力资源服务领导者The Adecco Group（德科集团）合资成立的。公司主要提供网络技术服务、软件外包服务、计算机系统服务、技术进出口、软件开发等信息技术相关服务。专注于为信息技术企业提供信息技术类人才及数字技术外包解决方案。,"https://www.zhaopin.com/jobdetail/CCL1480117890J40659992005.htm?refcode=4019&srccode=401901&preactionid=a7c1140f-c46c-45e5-b867-ab342d8bdc77"
2094,实施工程师,哈尔滨-香坊区,4000-6000元,黑龙江省航涵科技有限公司,企业服务,20-99人,,CCL1502528590J40712087916,岗位内容： 1. 实施公司产品的安装、配置和测试。 2. 调试网络设备，确保系统正常运行。 3. 为客户提供培训和技术支持。 4. 协调团队成员，协作完成项目任务。 任职要求： 1. 具备计算机或通信工程相关专业背景，有2年以上实施经验。 2. 熟悉TCP/IP协议、LAN/WAN网络，能熟练使用Linux系统。 3. 具备较强的沟通能力和团队协作精神。 4. 具备一定的英语读写能力，能看懂国外技术资料。,5月13日,,"https://www.zhaopin.com/jobdetail/CCL1502528590J40712087916.htm?refcode=4019&srccode=401901&preactionid=a7c1140f-c46c-45e5-b867-ab342d8bdc77"
2095,技术支持工程师,天津-西青区,5000-10000元,河南大瀚建设工程有限公司,工程施工,100-299人,不需要融资,CCL1347244150J40697673212,岗位内容： 1. 通过多种渠道收集客户反馈信息，分析和解决问题。 2. 维护产品和知识库，持续优化文档、FAQ、视频媒体和在线交互等形式的支持资源。 3. 在客户满意度、减少投诉、提高转化率、增长市场份额等方面，积极与销售和其他各个部门合作。 任职要求： 1. 本科或以上学历，计算机科学、信息技术或相关专业优先； 2. 熟悉技术支持工具和方法，如ITIL、SLA等； 3. 有技术支持工作经验优先，有成功的客户案例和对业务目标的贡献； 4. 能够积极主动地寻找和推进解决问题的方法和创新思路。,6月11日,大瀚建设工程公司始终坚持“质量第一，用户至上，铸造精品，超越自我”的服务宗旨，并以“源以社会、回报社会”为己任，乐观参与各项社会公益事业。追求和完善科学管理，以人才战略为依托，以具有高度社会责任感的企业形象面对社会，以优质、创新、诚信服务于各界。公司自成立以来，不断谋求新的发展，承接了省内外市政、装修装饰、园林绿化、公路工程、水利水电工程、大型的房屋建筑、送变电、防腐保温及钢结构工程等诸多项目，取得了多项荣誉称号，积累了丰富的施工经验，堂握了各种新型施工技术。多年来，大瀚建设工程恪守“质量第一、客户至上”的服务宗旨，遵循“优质、高效、团结、奉献的工作态度，为社会创造了一大批优质精品工程。,"https://www.zhaopin.com/jobdetail/CCL1347244150J40697673212.htm?refcode=4019&srccode=401901&preactionid=a7c1140f-c46c-45e5-b867-ab342d8bdc77"
2096,技术支持工程师,深圳-龙岗区,1.4-2万·14薪,世强先进(深圳)科技股份有限公司,"互联网,电子/半导体/集成电路,互联网",500-999人,,CC000535560J40740861207,岗位职责： 1.参与供应商的产品方案的设计及推广； 2.协同FAE处理大客户核心技术问题的支持； 3. 研究行业最新技术发展趋势，学习新技术、新产品，不断提升自身技术水平。 4.与销售团队紧密合作，为客户提供技术培训和咨询服务。 任职要求： 1.具有良好的沟通能力、问题解决能力和分析能力，能够快速识别和解决技术难题； 2.较强的上进心和责任感，独立工作能力强； 3.具备扎实的硬件电路设计和调试能力，具有开关电源EMC的调试及整改； 4.2025届研究生及以上学历，电力电子或相关专业优先。 你将收获： 1、个性化职业规划、轮岗学习、牛人带教、高管赋能、高潜训练营； 2、机会多、晋升快、双通道发展、实战中成长； 3、入职即缴纳六险一金、带薪年假、周末双休、人才房&住房补贴、健身房、股权激励、弹性上班时间WLB代表。,4月2日,"世强硬创,硬科技研发和采购服务平台，全球领先的平台服务模式，行业的标杆！我们服务创新、创造未来！我们服务所有热门行业：AI服务器、智能汽车、自动驾驶、机器人、智慧交通、智能消费电子、IIOT。我们服务所有知名硬科技客户:小米、美的、海信、宇树、比亚迪、宁德时代、中车、汇川、大疆等。我们和全球超过1000家集成电路、半导体、材料、电机、电气顶级上游企业深度战略合作，详情https://www.sekorm.com/brands/我们是传统和新经济的结合,底蕴和活力的交织!有三观无(办公室)政治,信奉长期主义！我们热情欢迎自驱力强劲、有领导力、聪明智慧、善于学习，毕业于国内外知名高校的优秀人才加盟。这将是你和全球知名硬科技前线亲密拥抱的机会，也是你学习和成长的热土。优秀的员工和干部享有员工持股计划和虚拟股计划！","https://www.zhaopin.com/jobdetail/CC000535560J40740861207.htm?refcode=4019&srccode=401901&preactionid=a7c1140f-c46c-45e5-b867-ab342d8bdc77"
2097,技术支持工程师,新乡-牧野区,8000-16000元,青岛安然物联网科技有限公司,"物联网,物联网",20-99人,未融资,CC559764920J40884197304,岗位职责： 1. 负责石化、化工厂人员定位系统的现场实施、现场交付和技术赋能等工作。 2. 对接客户需求，进行需求调研，制定详细的施工方案和计划。 3. 确保项目按照既定的时间节点和质量要求完成交付。 4. 对已交付的项目进行后期技术支持与维护。 岗位要求： 1. 年龄在25-35岁之间。 2. 能够适应经常出差的工作要求。 3. 熟悉信息化、弱电及工业互联网相关技术。 4. 具备良好的沟通协调能力和问题解决能力。,2025-07-27 01:09:35,基于精准人员定位的工业安全生产信息化管理专家，安全生产信息化管理引领者！作为全国实时定位技术标准工作组成员和应急管理部“工业互联网+危化安全生产”人员定位系统技术支持机构，安然从2012年起致力于基于ZigBee Plus三维立体按需精准定位的“工业互联网+安全生产”的研究，获得了20多项安全智能管控系统发明专利和著作权，持续引领中国化工行业生产现场智慧安全！安然以“准、稳、狠”的ZigBee Plus三维立体按需精准人员定位统和“底数清、数据准、情况明、研判准、措施实”的安全生产信息化平台为核心，整合访客管理、出入口控制、人脸识别、视频监控、语音广播、重大危险源监控、可燃有毒气体监测等系统，对生产现场人、机、料、法、环五大要素进行实时、动态、智能管控和预警，规范人的安全行为，保障人的生命安全，有效防范风险、主动化解风险，实现智慧安全。安然“以用为本”，把安全生产信息化建设与公司管理体系“深度融合”，把安全生产信息化建设与日常工作“紧密结合”，对安全生产切实“有用、实用、好用”，避免建用“两张皮”，让安全管控更智能，让生产更高效才实用。迄今已服务中石化、中石油、延长石油、国能、兖矿、京能、索普、新安、奇美、昊源、潞安、旭阳、垦利、逸盛、海科、酒钢、金发等几百家石化、化工、选煤、钢铁、电厂企业。安然以客户为中心，以强者为本，抬头乐干，愿意与同道中人联合、链接，携手共建、共用、共享生产安全命运共同体，一起干，一起干，让优秀企业更安全，让优秀企业更高效！,"https://www.zhaopin.com/jobdetail/CC559764920J40884197304.htm?refcode=4019&srccode=401901&preactionid=a7c1140f-c46c-45e5-b867-ab342d8bdc77"
2098,技术支持工程师,长沙-岳麓区,6000-11000元·13薪,天津福硕鑫盛科技有限公司,"互联网,计算机软件,计算机硬件,通信/网络设备",100-299人,未融资,CCL1460348110J40736254312,岗位内容： 1. 提供技术支持和解决客户的问题，包括电话、电子邮件、聊天和远程协助等方式。 2. 将记录问题和解决方案文档化，并向其他团队成员传达信息以提高整体水平。 3. 处理复杂和技术性问题，协调相关部门跟进并做好回访工作。 4. 不断学习与更新产品及技术知识，积极参与培训及交流会议。 任职要求： 1. 专科及以上学历，计算机科学、信息技术或相关专业优先； 2. 熟悉常见支持工具和技术，如操作系统、网络、安全、数据库等； 3. 良好的客户服务技巧，沟通能力和抗压能力；,5月3日,善于创新的企业是富于强生命力的企业，公司运用自己独有的运营系统，改变传统人手传递滞后、低效等弊端，使客户更及时、更准确地掌握所需信息，提高工作效率的同时提升客户服务质量。思而悟，悟而行，行必高远。福硕鑫盛科技有限公司凭借出色的软、硬件配备，建立了一套市场准入通畅、业务处理快捷、风险控制严谨的经营模式。在未来，企业将不断寻求与众多更加优秀企业、人才的精诚合作，共同开拓市场。,"https://www.zhaopin.com/jobdetail/CCL1460348110J40736254312.htm?refcode=4019&srccode=401901&preactionid=a7c1140f-c46c-45e5-b867-ab342d8bdc77"
2099,C/C++,上海-青浦区,1.5-3万·14薪,外企德科数字技术有限公司,专业技术服务,10000人以上,,CCL1480117890J40794056005,岗位类型：OD招聘-软件类岗位 目前各大产品线均有需求，业务方向丰富，有Java、C、C++、Python、go、JS等语言开发，测试、算法、大数据开发、安卓、IOS、运维等也有涉猎。 岗位情况：  1.统招本科及以上，无经验要求，但是需要会相关技能（用对应的语言写代码）；  2.掌握Java、C/C++、Python、JS等其中的至少1种主流编程语言；  3.对数据结构和算法有一定了解（笔试考）；  4.对接的是全产品线的需求，所以业务方向多样；  5.先统一笔试后匹配部门面试；  6.薪资构成：底薪+绩效+年终，薪资根据面试表现定；  7.全流程线上面试，拿到Offer再线下报道，可异地面试。 工作地点：  北京、上海、深圳、杭州、东莞、苏州、南京、西安、武汉、成都等地的研究所,2025-07-28 00:25:03,外企德科数字技术有限公司是一家2023年新成立的中外合资企业。成立于2023年11月24日，公司定位：专注于为信息技术企业提供人才及数字技术外包解决方案的中外合资企业。它是由中国人力资源服务行业的FESCO（北京国际人力资本集团）与全球人力资源服务领导者The Adecco Group（德科集团）合资成立的。公司主要提供网络技术服务、软件外包服务、计算机系统服务、技术进出口、软件开发等信息技术相关服务。专注于为信息技术企业提供信息技术类人才及数字技术外包解决方案。,"https://www.zhaopin.com/jobdetail/CCL1480117890J40794056005.htm?refcode=4019&srccode=401901&preactionid=a7c1140f-c46c-45e5-b867-ab342d8bdc77"
2100,C/C++,北京-通州区,1.2-2万,海瑞克智能技术(山东)有限公司,电子/半导体/集成电路,20-99人,不需要融资,CCL1402331550J40706251911,岗位职责:   1、负责产品的上位机系统平台的系统架构规划、设计工作   2、负责产品上位机软件的设计、开发、测试和验证工作，确保功能需求满足设计要求   3、负责上位机软件功能和技术需求的收集、确认、编写软件技术开发过程中的相关文档   4、负责配合硬件开发人员完成上位机软件的调试和优化工作:   5、负责分析、解决、优化上位机软件使用过程中的问题;   1、精通Python+QT、 C、C++等；   2、熟悉UI、多线程、异步/同步操作等编程基础，有一定的数学基础，了解数据滤波、拟合等数据分析方法;   3、熟练掌握Socket通信，熟悉TCP/IP、RS232、RS485、modbus、VISA、CAN等通信协议；   4、精通桌面软件设计；   5、熟悉MySQL、SQLite等数据库，熟练使用SQL语言;   6、了解示波器、源表、LCR等仪器仪表设备的使用和编程；   ,6月10日,北京海瑞克科技发展有限公司，创立于2010年，是由多位海外留学人员创立的高科技公司，专注于半导体测试仪器与新能源实验设备的研发、生产和销售。经过十余年的发展，海瑞克已经成为领先的新能源实验仪器服务商，获得国家高新技术企业、北京市企业研发机构、北京市专利试点单位、科技部科技型中小企业、瞪羚企业和国家创新示范企业等称号，连续承担科技部和基金委的科技研发项目及省级重大科技专项项目。凭借丰富的经验积累、卓越的技术创新能力及专业的服务团队，海瑞克已为国内至少200家高校及100家企业提供产品与技术服务。海瑞克在专注于产品的同时，一直致力于新技术的开发，至此已获得专利40项，软件著作权70项。北京海瑞克在济南全资成立海瑞克智能技术（山东）有限公司，组建研发团队和交付团队，诚邀有识之士开创新天地！,"https://www.zhaopin.com/jobdetail/CCL1402331550J40706251911.htm?refcode=4019&srccode=401901&preactionid=a7c1140f-c46c-45e5-b867-ab342d8bdc77"
2101,实施工程师,广州-南沙区,5000-8000元,广东化一环境科技有限公司,"环保,物联网",300-499人,未融资,CC824767410J40844676315,1.负责产品售后出现的软硬件问题排查与解决 2.负责面向客户的产品与业务的技术培训 3.负责客户需求对接，交付跟进，做好客户维系工作 专业：计算机、电子信息、自动化、物联网、环保类等 地点：广州总部及地区办事处（前期在广州总部集训） 薪资：转正后底薪5000-8000元，服务奖励。,5月16日,广东化一环境科技有限公司坐落于美丽的花城广州南沙，是中国领先的生态环境物联网系统专业供应商，注册资金1110万元，现有员工近300人，研发人员占比超过50%。公司是国家级高新技术企业，与华为、中兴等科技巨头战略合作，致力于通过人工智能、大数据、云计算等先进技术推动中国智慧环保和智慧水务事业的发展。已经成为中国环保在线监测数据采集与传输领域的重要品牌,"https://www.zhaopin.com/jobdetail/CC824767410J40844676315.htm?refcode=4019&srccode=401901&preactionid=a7c1140f-c46c-45e5-b867-ab342d8bdc77"
2102,Java,深圳-福田区,1.6-1.8万,深圳市茴锐科技有限公司,计算机软件,20-99人,,CCL1505364680J40933938704,岗位内容： 1. 负责Java应用程序的设计与开发，包括需求分析、系统设计、编码和测试等环节。 2. 研究新技术，不断提升开发效率和程序性能。 3. 改进现有系统、优化系统资源，提高系统稳定性和可靠性。 4. 参与团队内部培训、交流与分享会议，促进整个团队技术水平的提升。 任职要求： 1. 熟悉Java语言，熟练掌握Spring框架及相关开源技术。 2. 具备扎实的计算机基础，熟悉数据结构、算法和网络编程等知识点。 3. 具备初步的Web开发经验，熟悉HTML、CSS、JavaScript等前端技术。 4. 具有较强的自学能力、问题解决能力和团队协作能力。,7月21日,,"https://www.zhaopin.com/jobdetail/CCL1505364680J40933938704.htm?refcode=4019&srccode=401901&preactionid=a7c1140f-c46c-45e5-b867-ab342d8bdc77"
2103,C/C++,西安-雁塔区,8000-14000元,软通动力信息技术(集团)股份有限公司,"互联网,IT服务,计算机软件",10000人以上,D轮及以上,CC000544460J40728928116,22届起面,7月3日,软通动力信息技术（集团）股份有限公司（以下简称“软通动力”）是中国数字技术产品和服务创新领导企业，致力于成为一家具有全球影响力的科技企业，企业数字化转型可信赖合作伙伴。公司2005年成立于北京，多年来始终坚持科技创新，具有软硬全栈的智能技术产品和服务能力，提供软件与数字技术服务、计算产品与数字基础设施、数字能源与智算服务以及国际化服务。目前，公司在10余个重要行业服务超过1100家国内外客户，其中超过230家客户为世界500强或中国500强企业，员工近90000人。软通动力拥有软通咨询、软通金科、软通工业互联、机械革命、软通华方等业务子品牌，并在全球40余个城市布局业务，构建北美、日本、东南亚、中东四大国际交付中心，在北京城市副中心、江苏无锡建设两大智能制造基地。同时，公司前瞻布局智能制造、ICT软硬基础能力和生产力智能化产品，打造产业链闭环。软通动力设立30个能力中心，拥有1个国家级工程实验室，6个省市政府认定的工程、技术实验室及研发中心，1个博士后科研工作站，50+技术合作伙伴的生态合作体系，不断探索前沿技术的巨大商业应用潜力。公司旗下教育品牌软通教育，拥有一家全日制本科学院——郑州西亚斯学院数字技术产业学院；同时在全国合作院校600多所，设有70多个校企联合人才培养基地，通过校企合作、协同育人，为社会培养高素质应用型人才。软通动力先后获得“2023年中国IT服务市场排名TOP 1”、“2024年Q4 PC出货量国内市场份额排名TOP 2”、“2024年中国软件和信息技术服务竞争力百强企业”、“2023年中国信创企业100强”、“2024万得ESG评级（Wind ESG Rating）AA级及信息技术服务行业ESG综合得分排名第一”等荣誉及市场认可，并拥有全球软件工程领域最高级别CMMI V2.0成熟度5级评估认证、国家研发运营一体化（DevOps）三级能力成熟度模型认证、信息技术服务标准（ITSS）运维能力成熟度一级认证等专业资质，支撑公司更优质的服务体系。,"https://www.zhaopin.com/jobdetail/CC000544460J40728928116.htm?refcode=4019&srccode=401901&preactionid=a7c1140f-c46c-45e5-b867-ab342d8bdc77"
2104,科研人员,青岛-崂山区,3-5万,北京航空航天大学青岛研究院,"学术/科研,电子/半导体/集成电路,科学技术推广,人工智能",100-299人,未融资,CC426302030J40709886314,一、研究方向：  1.高速原子力显微镜设备开发 开发能够在液体环境下超快速动态成像且分辨率为纳米水平的原子力显微镜。主要研究内容包括高速响应电压放大器、高谐振频率扫描器等核心部件的设计与优化。极小光斑激光器的开发与设计、液相的兼容性设计以及高速鉴相器与振幅检测器的设计与集成。 2.近场光学系统、红外/拉曼联用 开发与近场光学系统、红外/拉曼联用的原子力显微镜系统。主要研究内容包括探针的增强光场设计以及结合AFM探针的增强效应，通过局部电磁场增强拉曼散射，实现纳米尺度下的化学成分分析。 3.纳米多探针多物性测试系统 开发多探针原子力显微镜。主要研究内容包括共聚焦光路设计、多探针独立控制与布局设计、探针切换与集成技术、电学和力学多点同步测量等。 4.多功能多物性开发 开发基于原子显微镜相关的拓展模式。主要研究内容包括扫描电容显微镜、导电原子力显微镜、电化学扫描探针显微镜、扫描微波阻抗显微镜、扫描热显微镜等。 二、能力要求： 应聘人员应该具备相关研究方向的较高研发水平和一定经验，包括但不限于：高速AFM系统开发、多探针显微镜设计及开发、近场光学系统、红外/拉曼联用。 三、科研保障 提供一流的科研平台，可为其配备一流的工程团队，加速研发过程和成果产业化推广；技术转化后，表现优秀的/做出显著贡献的博士后可享受研发结果分成，产业化公司期权等。享受学校、公司和相应地区的多重福利待遇。,7月28日,北京航空航天大学青岛研究院于2016年5月28日揭牌成立，由北京航空航天大学与青岛市人民政府、青岛市崂山区人民政府、歌尔集团四方共建，按照产教融合、校企协同、学科交叉、国际合作的发展思路，充分发挥青岛的政策优势、产业优势、区位优势和北航的学科优势、科研优势、人才优势，以及歌尔集团的行业优势、研发优势、市场优势，开展高起点、多领域、全方位的交流与合作，逐步建立政产学研结合的创新体系，致力于打造高水平的科研创新基地和高质量的人才培养基地，促进成果转化，共同构建协同创新发展的典范。目前拥有教研楼、实验室、学生公寓、学生餐厅、办公楼以及地下附属设施共10万平米，园区绿化面积近2万平米，具备可满足600余名研究生教学、科研、生活、创新创业及文化交流的一流科研创新创业环境。北航青岛研究院已获批省博士后创新实践基地、省高等学校协同创新中心，2017、2018、2019年3年招收培养博士、硕士研究生共计350名，园区内各类科技人员近600人。北航青岛研究院目前已建成虚拟现实、微电子、精密仪器与光电、新材料、空天技术应用、歌尔未来科技等六个创新技术与产业化融合的科创平台，设立了教育培训事业部、科技园事业部、智慧园区事业部等3个业务拓展平台，汇聚了一大批北航及国内外顶尖学者和专家团队。虚拟现实研究院依托所两所国家级重点实验室——北航虚拟现实技术与系统国家重点实验室及“互联网＋”领域全国唯一一个虚拟现实/增强现实技术与应用国家工程实验室，重点围绕虚拟现实+教育、虚拟现实+智慧城市、虚拟现实+文化旅游等领域开展研究及开发工作；微电子研究院已建成国际一流的500平米千级超净实验室与500平米传感器交叉学科实验室，配备世界领先的微纳电子传感器研发设备和生物医学、光学、电子学基础实验设备，开展面向传感器研发的微纳加工技术研究及综合测试等能力；新材料研究院依托北航徐惠彬院士、英国帝国理工林建国院士、上海交大丁文江院士等材料领域顶尖团队，在研究院和崂山区政府大力支持下，与孵化企业共同创建了汽车轻量化工程中心，已建成一条完整的熔炼、铸造、热处理、机加工、检测中试线，形成研发与中试能力；精密仪器与光电研究院聚焦三维视觉测量系统、智能制造装备、微小型姿态测量装置等研究方向，进行创新性技术研究和技术产业化应用研究；空天技术应用研究院依托北航一流的空天信息学科资源和新一代空天信息技术产业化科研平台，重点在无人机系统应用、卫星系统应用、空天地海大数据应用及航空航天文化教育培训等领域开展科学研究、人才培养和科技成果转化工作；歌尔未来科技研究院主要布局在智能制造、工业自动化、光学设计及精密加工、传感器设计及封装、机器视觉及检测等方面的预研及产业化项目。北航青岛研究院的建设发展，是北航与青岛全面深化校市合作，联合歌尔集团在崂山区积极探索政产学研合作模式的创新之举，掀开了校地企互利共赢、协同创新的崭新篇章。北航青岛研究院将聚焦服务于学校的“双一流”建设，充分发挥学校在学科、人才和科研等方面的优势，紧紧围绕国家战略需求和青岛社会经济发展需要，精准契合青岛新旧动能转换契机，以专业优势推动青岛市打造中国“虚拟现实产业之都”、“崂山芯谷”的重要发展战略，创新合作体制机制，打造政产学研结合的校市协同创新平台，进一步拓展领域、提升层次，助力崂山建设青岛中央创新区，全力服务青岛产业结构升级，为国家和青岛市经济的发展做出更多更大的贡献！,"https://www.zhaopin.com/jobdetail/CC426302030J40709886314.htm?refcode=4019&srccode=401901&preactionid=a7c1140f-c46c-45e5-b867-ab342d8bdc77"
2105,技术支持工程师,青岛-崂山区,5000-8000元·13薪,青岛华信视界技术有限公司,"通信/网络设备,计算机硬件,智能硬件",20人以下,未融资,CCL1494235330J40740054911,1. 为客户提供专业的楼宇自控技术支持服务，包括故障排查、处理和解决方案提供。 2. 维护售后服务流程，确保按照标准流程进行，并持续优化服务品质。 3. AUTOCAD画图和楼控点表的设计工作。 任职要求： 1. 本科以上，计算机、自动化等智能化相关专业。  2、必须具有楼宇自控的设计和调试等相关从事相关经验优先考虑。,6月27日,华信视界创立于2018年青岛，是一家专注于文旅大住宿行业科技产品创新开发、生产、销售、应用一体化的高新技术企业，拥有华视IPTV电视系统、同时我们代理酒店智能客控控制系统（南京普杰）、楼宇自控系统智能照明（施耐德）、华为和锐捷网络的地级市核心代理商、程控电话系统（星网锐捷金牌），通过全光网的技术来推进智慧酒店科技升级，公司先后推出了多样化的智能全光网解决方案和相关产品系列，华信视界云服”等系列产品。华信视界团队深耕酒店10年以上，对于通信网络产品有很深刻的认知，一直都是以运营商级网络产品的标准来做酒店智能化产品，，这使得华信视界的产品技术一直处于业界绝对领先。,"https://www.zhaopin.com/jobdetail/CCL1494235330J40740054911.htm?refcode=4019&srccode=401901&preactionid=a7c1140f-c46c-45e5-b867-ab342d8bdc77"
2106,Java,杭州-滨江区,1.3-2.6万·14薪,外企德科数字技术有限公司,专业技术服务,10000人以上,,CCL1480117890J40600782805,任职要求: 1、热爱编程，基础扎实，熟悉掌握但不限于JAVA/C++/C/Python/JS/HTML/ 等编程语言中的一种或数种，有良好的编程习惯; 2、具备独立工作能力和解决问题的能力、善于沟通，乐于合作，热衷新技术，善于总结分享，喜欢动手实践; 3、对数据结构 算法有一定了解 职位福利：弹性工作、带薪年假、绩效奖金、五险一金,2025-07-27 00:23:22,外企德科数字技术有限公司是一家2023年新成立的中外合资企业。成立于2023年11月24日，公司定位：专注于为信息技术企业提供人才及数字技术外包解决方案的中外合资企业。它是由中国人力资源服务行业的FESCO（北京国际人力资本集团）与全球人力资源服务领导者The Adecco Group（德科集团）合资成立的。公司主要提供网络技术服务、软件外包服务、计算机系统服务、技术进出口、软件开发等信息技术相关服务。专注于为信息技术企业提供信息技术类人才及数字技术外包解决方案。,"https://www.zhaopin.com/jobdetail/CCL1480117890J40600782805.htm?refcode=4019&srccode=401901&preactionid=a7c1140f-c46c-45e5-b867-ab342d8bdc77"
2107,实施工程师,烟台-芝罘区,5000-8000元·16薪,东方电子股份有限公司,"IT服务,计算机软件,互联网,电子/半导体/集成电路",1000-9999人,已上市,CC279072610J40736538216,岗位职责：,7月28日,东方电子股份有限公司为深交所上市公司（股票代码：000682，A股简称：东方电子），是国家重点扶持企业、火炬计划重点高新技术企业和山东省重点企业。历经半个世纪的发展与变迁，东方电子传承电力行业的领先优势，追随技术的不断进步与创新，拓展更加广泛的业务领域。作为奥运电力设备及国家智能电网的设备供应商，东方电子已发展成为集科研开发、生产经营、技术服务、系统集成于一体的大型高新技术企业，是中国能源管理系统解决方案的主要供应商之一，参加IEC（国际电工委员会）国际标准制定，是EMCA（中国节能协会节能服务产业委员会）主要成员。公司拥有计算机信息系统集成一级资质，国内市场占有率始终在中国电力自动化行业名列前茅。产品遍及东南亚、南亚、中东、非洲及欧洲等多个国家和地区，在国内同行业厂家中出口数量居首；顺利入围印度国家“十二•五”配电网改造计划，成为唯一一家印度国家电网指定的中国电网设备供应商。公司以“珍爱环境，节约资源”为愿景，把环保、节能、安全、智能融入业务流程中，在智能电网、环保节能等领域为电力、大型厂矿企业、政府部门、居民小区等提供能源管理和节能服务系统解决方案。,"https://www.zhaopin.com/jobdetail/CC279072610J40736538216.htm?refcode=4019&srccode=401901&preactionid=a7c1140f-c46c-45e5-b867-ab342d8bdc77"
2108,软件测试,西安-雁塔区,6000-8000元,陕西盛为网络科技有限公司,"计算机软件,通信/网络设备",20-99人,未融资,CCL1484388920J40551979504,软件测试工程师 岗位要求： 1.具有较完整的软件知识体系结构；(操作系统、软件工程、数据库系统、网络)  2.熟练掌握软件工程、软件测试理论知识和方法，熟知软件测试流程和测试方法； 3.熟练掌握VB、Delphi、PB、VC、ASP、Java等至少一种编程工具； 4.精通至少一种常用的测试工具，如: TestDirector、QuickTestProfessional、Load Runner等； 5.熟悉ORACLE、SQL SERVER等数据库，并能熟练编写SQL语句； 6.具有较好的分析判断能力、沟通表达能力和综合协调。 公司可接受应届毕业生，提供实习岗位,6月4日,陕西盛为网络科技有限公司简介公司概述陕西盛为网络科技有限公司是一家专注于网络技术服务的企业，总部位于中国陕西省西安市。自成立以来，公司始终秉承“科技创新，服务至上”的理念，致力于为客户提供高效、优质的网络科技解决方案。业务领域陕西盛为网络科技有限公司主要业务涵盖网络系统集成、软件开发、网络安全服务、云计算服务、大数据分析等领域。凭借丰富的行业经验和强大的技术实力，公司已经成为陕西省内乃至全国范围内备受信赖的网络科技服务提供商之一。技术优势公司拥有一支由资深网络工程师、软件开发工程师、网络安全专家、大数据分析师等组成的专业团队。他们不仅具备深厚的技术功底，而且拥有丰富的项目实施经验。公司还与多家国内外知名IT企业建立了战略合作伙伴关系，确保能够为客户提供最前沿的技术支持和服务。服务理念陕西盛为网络科技有限公司始终坚持“客户至上，服务第一”的原则，致力于满足客户的各种需求。公司提供7*24小时的售后服务和技术支持，确保客户在使用过程中遇到任何问题都能够得到及时解决。未来展望面向未来，陕西盛为网络科技有限公司将继续加强技术创新，拓展业务领域，提升服务质量，努力成为国内领先的网络科技服务提供商。同时，公司也将积极履行社会责任，为推动信息化建设和数字经济发展做出更大贡献。,"https://www.zhaopin.com/jobdetail/CCL1484388920J40551979504.htm?refcode=4019&srccode=401901&preactionid=a7c1140f-c46c-45e5-b867-ab342d8bdc77"
2109,软件测试,武汉-东西湖区,6000-9000元,福建八盛汽车科技有限公司,"电子设备制造,人工智能,智能硬件,通信/网络设备",100-299人,已上市,CCL1492512230J40645246616,岗位内容： 1. 设计并执行测试用例，记录测试结果并准备测试报告。 2. 协调开发人员、项目经理和测试团队成员，以确保遵守时间表和产品质量标准。 3. 使用自动化测试框架和工具来提高测试效率和覆盖率。 4. 不断改进测试流程和方法，以提高质量和效率。 5. 关注产品质量和客户需求，确保稳定、可靠和用户友好的软件交付。 任职要求： 1. 熟悉软件测试方法和流程。 2. 掌握至少一种自动化测试框架和脚本语言（如Selenium、Python、Robot Framework）。 3. 具备良好的团队合作精神和沟通能力。 4. 能够承受压力，在快节奏的环境中高效工作。 5. 有问题解决的能力和主动学习的态度。,12月4日,八盛汽车科技有限公司成立于2021年，在汽车科技领域精耕细作，不断开拓创新。经过多年发展，已成为行业内具有一定规模和影响力的企业，拥有现代化的办公设施与研发中心，汇聚了众多汽车科技专业人才，业务覆盖范围广泛，涵盖汽车智能系统研发、汽车零部件制造与优化等多个板块。,"https://www.zhaopin.com/jobdetail/CCL1492512230J40645246616.htm?refcode=4019&srccode=401901&preactionid=a7c1140f-c46c-45e5-b867-ab342d8bdc77"
2110,科研人员,南昌-新建区,8000-16000元,赣江中药创新中心,"科学技术推广,医药制造,学术/科研",100-299人,未融资,CCL1222865790J40539193501,岗位要求：     1.专业：中药学、药学、药物分析等相关专业；    2.学历：硕士及硕士以上学历；    3.技能：熟练掌握HPLC/UPLC等分析仪器的使用；    4.工作经验：具有中药新药研发及申报相关经验者优先考虑;    5.工作地点：江西南昌；    6.结果：负责或参与过中药新药（3类经典名方）的研发与申报；    7.其他：具有SCI文章撰写与发表相关经验者优先考虑。,4月27日,赣江中药创新中心为省属事业法人机构，主要承担本草物质科学研究设施的预研、建设、运行和管理，并开展相关领域的科学研究工作。中心于2019年4月注册成立，占地60亩，建筑面积4万平方米。现有15个专业研究组、1个工程管理部和4个职能部门，职工总数223人，其中博士及副高以上职称62人，10人入选江西省“双千计划”。中心目标是聚焦中药药效物质基础和安全性的关键科学问题，组织多学科交叉和多层次融合的研究团队，构建本草物质科学研究综合性技术平台，为中药研究和产业技术开发提供综合性平台支撑，推动中药关键科学问题、中药标准化、中药制造技术和中药大数据的科学研究和技术应用，实现中药重大基础科学突破和关键核心技术的发展，推动我国中药大健康产业发展。,"https://www.zhaopin.com/jobdetail/CCL1222865790J40539193501.htm?refcode=4019&srccode=401901&preactionid=a7c1140f-c46c-45e5-b867-ab342d8bdc77"
2111,软件测试,惠州-惠城区,5000-7000元,天阳科技,"计算机软件,计算机软件",1000-9999人,已上市,CC120408370J40822506508,1.全国项目驻场测试，主要负责功能、数据或接口等相关测试工作； 2.统招本科学历及以上（学信网可查）；毕业满2年；计算机专业优先； 3.热爱软件测试行业、有强力的自驱力，能够在测试岗位深入学习研究； 4.有无经验均可，服从公司安排，接受公司培养，可接受异地工作优先； 福利待遇： 上市公司、公司可提供住宿、定期体检、带薪年假； 欢迎符合要求的小伙伴们投递~,7月25日,天阳科技(股票代码：300872)，是全球金融创新服务的重要贡献者，持续赋能中国金融行业数字化转型，为客户提供咨询、金融科技产品、金融IT服务、云计算及运营服务。公司成立于2003年，服务超过300家金融行业客户，覆盖中央银行、政策性银行、国有银行、股份制银行、地方性商业银行、非银行金融机构等，员工人数近7000人，成为激活金融领域创新活力、推动金融科技迈入世界领先水平的重要力量。作为金融行业客户可信赖的合作伙伴，天阳科技凭借丰富的行业经验和端到端的专业服务，在信创、数字化金融、信贷、交易银行、信用卡、零售、营销、风险管理、征信监管等众多领域具备核心竞争力。据赛迪和IDC报告显示，近年来公司在中国银行业IT解决方案市场排名强势崛起，2019年收入及市场占有率综合排名分别位列第四位和第五位，并保持高速增长。同时，前瞻商业和科技趋势，入选2021年度未来银行科技服务商TOP100。天阳科技始终聚焦金融科技领域，加大自主创新力度，在超过100个城市建立本地化、专业化的研发和服务团队，拥有CMMI5级认证、软件测试成熟度模型集成（TMMi）3级认证、ISO9001质量管理体系认证、ISO20000信息技术服务管理体系认证、IS027001信息安全管理体系认证。通过部署人工智能、云计算、大数据、移动互联网、分布式计算和区块链等先进金融科技，公司致力于构建安全可控、普惠民生、开放共赢格局，在关键技术领域服务现代化金融发展大局，更好地为各利益相关方创造更大价值，为大中企业、小微企业以及每个个体提供优质金融服务。,"https://www.zhaopin.com/jobdetail/CC120408370J40822506508.htm?refcode=4019&srccode=401901&preactionid=a7c1140f-c46c-45e5-b867-ab342d8bdc77"
2112,科研人员,济南-槐荫区,2.6-3万,济南微生态生物医学省实验室,学术/科研,300-499人,不需要融资,CCL1378374290J40597962806,岗位职责： 1、开展相关微生态临床与基础研究；、应用技术开发及成果转化。参与前沿科学问题的探索，推动微生态领域的技术创新。 2、根据实验室研究方向和项目需求，独立或协助设计科学实验方案，确保实验的科学性、可行性和创新性。 3、参与科研项目的申请、执行、管理和结题工作，与团队成员紧密合作，共同推进项目进展。 4、协助项目负责人撰写项目申请书，明确研究目标、内容、预算及预期成果。 5、运用统计学方法和专业软件对实验数据进行深入分析，撰写高质量的研究报告和学术论文，投稿至国内外知名学术期刊，提升实验室学术影响力。 参与实验室的日常管理和维护工作，确保实验室环境、设备和耗材满足科研需求。 任职要求： 1、专业要求：基础医学、临床医学 2、具有良好的科研思维能力和创新能力，能够独立开展科研工作；优秀的英语读写能力，能够熟练阅读英文文献和撰写学术论文。 3、具备良好的团队合作精神和沟通协调能力。热爱科研工作，有强烈的责任心和事业心。 4、本科、硕士或博士期间有临床医学、基础医学等相关专业教育背景； 5、以第一作者发表过具有一定影响力期刊论文者、拥有专利、软作著作权等成果优先考虑。,12月23日,济南微生态生物医学省实验室是山东省和济南市共同建设的三家省实验室之一，是国内唯一专注于人体微生态研究的研发机构，于2021年8月13日注册成立，落座于济南国际医学中心。实验室共建单位为浙江大学传染病重症诊治全国重点实验室，合建单位为山东大学、南京大学和山东第一医科大学(山东省医科院)。中国工程院院士、传染病重症诊治全国重点实验室主任李兰娟院士担任主任，中国工程院杨宝峰院士担任首届学术委员会主任。实验室围绕“微生态生物医学”领域的国家科技创新的战略需求和生物医药国际强国战略性科技前沿，以“国内领先、不可替代、世界一流、引领发展”为宗旨，对标国际先进实验室，着重建设“微生态与健康”、“微生态与疾病”和“微生态新技术”三个战略研究方向。实验室现有各类工作人员300余人，储备了益生菌食品、医疗器械、消毒产品等各类产品10余项。实验室广范开展前沿科学探索、创新人才培养、公共科研平台建设、科技成果转化，打造创新人才培养基地、高新技术新源头、成果孵化新引擎，将构建微生态生物医学领域从“基础理论创新”、“关键技术突破”、“产业化实施”到“推广应用”的完整创新链，成为国际领先的科研创新、成果转化平台。,"https://www.zhaopin.com/jobdetail/CCL1378374290J40597962806.htm?refcode=4019&srccode=401901&preactionid=a7c1140f-c46c-45e5-b867-ab342d8bdc77"
2113,科研人员,天津-东丽区,1.3-2万,亿昇(天津)科技有限公司,电气机械/电力设备,100-299人,未融资,CC244145030J40742254501,一、 岗位职责 1. 核心研究工作： 深入参与国家重点研发计划项目，包括磁悬浮轴承系统建模、仿真分析与优化、实验平台搭建与测试、关键部件设计与性能评估等，为项目目标的实现贡献力量。 2. 报告撰写与项目管理支持： · 负责组织、撰写项目年度进展报告、中期评估报告、结项总结报告等关键项目文档，确保报告内容准确、逻辑清晰、符合项目要求。 · 协助项目负责人整理项目研究数据、成果资料，为报告撰写提供充分支撑。 · 根据需要，参与项目相关的会议、答辩等环节，进行口头汇报或技术交流。 3. 学术成果产出： 在项目研究基础上，积极撰写高水平学术论文，争取在国际国内重要学术期刊或会议上发表；参与或协助申请相关专利。 4. 团队协作与交流： 与项目组内其他成员（包括导师、工程师、其他博士后及研究生）紧密合作，共同推进项目进展；积极参与学术交流活动。 任职要求 1. 学历与专业： 近期或即将获得机械工程、机械电子工程、电气工程、控制科学与工程、电机与电器等相关专业的博士学位。 2. 研究基础： 具备扎实的专业理论基础和较强的科研能力，对磁悬浮轴承技术或相关领域有浓厚兴趣和一定的研究积累。 3. 写作能力： 具备出色的科技论文和项目报告撰写能力，能够清晰、准确地表达复杂的技术思想和研究成果。有撰写国家重点研发计划或其他国家级科研项目报告经验者优先考虑。 4. 项目经验： 有参与国家重点研发计划或其他国家级、省部级科研项目经验者优先。 5. 个人素质： 具有良好的团队合作精神、沟通能力和责任心，工作积极主动，能承受一定的工作压力，具备独立开展科研工作的能力。,7月4日,天津飞旋科技股份有限公司是磁悬浮高速旋转机械整体解决方案提供商，是专业从事磁悬浮高速旋转机械的设计、研发、生产及产业化应用的高新技术企业。并荣获工信部“专精特新“小巨人”企业”、“天津市瞪羚企业”、“天津市技术领先型企业”等荣誉。公司基于磁悬浮轴承、高速永磁电机、高频矢量变频、高效流体机械设计及控制、磁悬浮高速旋转机械防爆等核心技术，依靠自主研发，不断拓展产品体系。形成了磁悬浮鼓风机、磁悬浮真空泵、磁悬浮空压机、磁悬浮分子泵等，“磁悬浮+”系列磁悬浮高速旋转机械产品。并成功将磁悬浮高速旋转机械产品推广应用于市政污水、石油化工、建材、食品、电子、造纸、医药等领域，具有效率高、噪音低、维护简便等优点，节能效果明显，满足节能减排需求，助力“碳达峰、碳中和”目标的实现。公司具备面向多元化应用市场为多层级行业客户提供综合产品和解决方案的服务能力，凭借深厚的研发实力、持续的创新能力，公司在市政污水、石油化工、建材、食品、电子、造纸、医药等应用领域服务众多知名客户，包括北控水务集团、北京环卫、广州环投、维尔利、中国石化、南方水泥、安琪酵母、京东方、仙鹤股份、齐鲁制药等行业龙头或知名企业。亿昇（天津）科技有限公司是天津飞旋科技股份有限公司全资子公司，业务范围涵盖磁悬浮鼓风机、磁悬浮空压机、磁悬浮真空泵产品的研发、生产和销售。,"https://www.zhaopin.com/jobdetail/CC244145030J40742254501.htm?refcode=4019&srccode=401901&preactionid=a7c1140f-c46c-45e5-b867-ab342d8bdc77"
2114,科研人员,武汉-汉阳区,2-3万·13薪,武汉中科先进材料科技有限公司,"学术/科研,科学技术推广",100-299人,未融资,CC839441510J40758795501,岗位职责： 1、 开展静电纺丝技术（溶液/熔体电纺）及其在纳米纤维材料制备中的应用研究，包括工艺优化、结构调控与性能表征。 2、 设计并开发新型功能性纳米纤维材料 3、完成相关实验的总结及论文撰写； 4、完成领导交办的其他工作。 任职要求：博士毕业并获得学位。,7月24日,武汉中科先进技术研究院有限公司（简称“武汉先进院”）于2018年10月在武汉开发区注册，2019年5月开始运行，是中国科学院系统在武汉市成立的第一家国有控股企业法人新型研发机构，由中国科学院深圳先进技术研究院、武汉市和武汉开发区联合共建。武汉先进院面向国际科技前沿和国家产业战略需求，致力于实现部分“卡脖子”关键材料和技术的产业突围，努力建成国内一流的“硬科技”成果转移转化平台。依托中科院深圳先进院材料所研发团队，围绕电子信息和生物医用材料，在武汉建设电子材料、超表面材料与装备、生物材料以及前瞻性等4个研发中心，并开展百亩产业园区、高科技企业孵化器、多支产业基金和科技双创服务平台建设，快速推进科研项目产业化。武汉先进院高度重视高端人才引进及科研队伍能力建设，拥有包括多名海归人才在内的高学历科研团队。目前在职员工87名，博士16人，硕士34人，硕士以上学历占比57.4%，海外留学归国人员5名，具有丰富产业化经验。武汉先进院依托中国科学院深圳先进技术研究院强大的科研力量支持，武汉先进院在未来将以建设国际一流的产业技术研究院为目标，围绕电子信息材料和生物医用材料两大方向，分为三个阶段，建设“科技+产业+金融+服务”四位一体的微创新体系，助推区域产业创新能力不断发展，促进创新成果涌现，营造全国领先的产研融合的生态环境。中国科学院深圳先进技术研究院的简介：中国科学院深圳先进技术研究院是中国科学院和深圳市共建的新型国立科研机构，成立于2006年，定位创新的工业技术研究院，具有鲜明的多学科交叉、集成创新的特色与优势。先进院材料所材料界面研究中心（http://xmater.siat.ac.cn）成立于2016年初，中心拥有实验办公场地2000平米，科研设备总价值超过3000万元，拥有两个市级科研平台，构建了完备了材料制备、表征和应用技术平台。中心近五年来承担各级科研项目经费过亿元，包括企业横向项目3000余万；发表JCR一区论文70多篇；申请发明专利90多项，16项专利以3200万元实现技术转让。中心还承担武汉中科先进技术研究院及相关产业园建设、并成功孵化2家高科技公司作为中心产业化平台。,"https://www.zhaopin.com/jobdetail/CC839441510J40758795501.htm?refcode=4019&srccode=401901&preactionid=a7c1140f-c46c-45e5-b867-ab342d8bdc77"
2115,Java,深圳-龙岗区,5000-8000元·13薪,深圳市易玛特科技有限公司,"电子商务,物联网",100-299人,A轮,CCL1491798590J40694730306,职务描述：   1、负责软件系统代码的实现，编写代码和开发文档；   2、负责进行系统的功能定义，程序设计；   3、根据设计的文档或需求说明完成代码编写、调试、测试与维护；   4、分析并解决软件开发过程中的问题；   5、配合技术经理完成相关任务目标。   任职要求：   1、大专及以上学历；   2、学习和理解能力强，具有一定的系统分析能力，及独立解决问题的能力；   3、具备良好的团队合作精神和承受压力的能力；   4、可接受一定强度的加班。 ,7月17日,,"https://www.zhaopin.com/jobdetail/CCL1491798590J40694730306.htm?refcode=4019&srccode=401901&preactionid=a7c1140f-c46c-45e5-b867-ab342d8bdc77"
2116,C/C++,青岛-黄岛区,1.4-2.5万,中电科思仪科技股份有限公司,仪器仪表制造,1000-9999人,,CC309122380J40710337002,一、岗位职责： 1.整机软件、自动测试软件的开发设计； 2.仪器驱动设计； 3.信号分析、矢量网络分析数据处理设计及实现； 4.用户联调联试现场支持； 二、岗位要求： 1.通信工程、自动化、计算机科学与技术等专业。 2.熟练使用C/C++编程语言、掌握操作系统基本原理、熟练使用Visual studio或Qt等编程工具； 3.具有一定的嵌入式编程基础； 4.具有一定的网络通信、数据库编程基础； 5.具有良好的沟通能力和团队合作精神。,3月26日,中电科思仪科技股份有限公司（简称“电科思仪”）是中国电科集团下属股份制企业，本部位于山东青岛，拥有一支从事电子测量仪器、自动测试系统和器部件产品研究、开发、设计的专业技术队伍，具有较强的研发、生产、测试和试验验证能力。“电科思仪”致力于电子测试前沿技术的探索和研究，实现了高端重大科学仪器和通用电子测量仪器的一系列重大技术突破，特别是在微波毫米波、光电、通信、基础测量以及相关技术领域，达到国内领先、国际先进水平。“电科思仪”面向全球市场提供拥有自主知识产权的、覆盖高中低端的、系列化的电子测量仪器和器部件产品，同时通过软件开发与系统集成，为用户提供“量身定做”的自动测试解决方案。“电科思仪”研发生产的电子测量仪器、自动测试系统、器部件等产品，广泛应用于卫星、通信、导航、雷达、科研、教育等领域，并为载人航天、探月、北斗、光纤通信、移动通信、大飞机制造等国家重大工程提供测试保障，深受广大用户一致好评和信赖。“电科思仪”始终秉承“服务客户、创造价值”的经营理念，以电子测量仪器研发为核心，以全面服务为业态，与国内外同行合作共赢，努力建设测试测量领域具有全球竞争力的世界一流企业，为保障国家安全、为促进经济社会发展不断做出新的更大的贡献。,"https://www.zhaopin.com/jobdetail/CC309122380J40710337002.htm?refcode=4019&srccode=401901&preactionid=a7c1140f-c46c-45e5-b867-ab342d8bdc77"
2117,测试工程师,郑州-管城回族区,9000-12000元,重庆山海灵动科技有限公司,计算机软件,100-299人,,CCL1489136810J40731074716,岗位内容：  1. 执行软件测试工作，包括测试用例编写、测试执行、问题跟踪等，确保软件品质。 2. 参与产品设计评审，了解业务需求，提出优化建议。 3. 使用自动化测试工具或开发相应的自动化测试脚本，提高测试效率，缩短测试周期。 4. 持续关注测试领域的新技术和方法，不断提升测试技能和工作效率。 任职要求：  1. 计算机相关专业本科及以上学历，有软件测试工作经验；对于无工作经验但其他能力突出者亦可考虑。 2. 具备良好的逻辑思维能力和分析能力，能够快速定位问题，并给出有效的解决方案。 3. 具备较强的沟通协调能力和团队合作精神，积极主动，具有强烈的责任心和进取精神。,7月21日,,"https://www.zhaopin.com/jobdetail/CCL1489136810J40731074716.htm?refcode=4019&srccode=401901&preactionid=a7c1140f-c46c-45e5-b867-ab342d8bdc77"
2118,技术支持工程师,青岛-胶州市,5000-7000元·13薪,特锐德,"电气机械/电力设备,电力/水利/热力/燃气,仪器仪表制造,金属制品业",1000-9999人,,CC145583090J40735027115,"岗位内容： 1、负责高压产品(GIS/HGIS)从项目线索、方案设计、投标报价以及中标后的方案提资，协议签订、技术交底等全流程管控； 2、负责前期技术支持，与市场进行有效的技术沟通，同设计院、客户的技术联络会（需出差,短期），完成方案的整体设计； 3、 负责项目线索的收集、推送、整理工作； 4、 负责中标项目的技术提资、协议签订，产品技术方案的优化降本，提升项目利润率； 5、 负责收集友商技术特点、优势等工作； 6、负责产品资质管理、升级等工作； 任职资格： 1、本科及以上学历，电气、机械相关专业； 2、具有较强的沟通与综合分析能力； 3、善于进行产品的改进和创新，有成本节约意识，善于发现问题和解决问题。 4、有高度的责任感、敬业精神、严谨的工作态度和良好的职业道德； 5、可接受应届生培养。",7月9日,特锐德2004年创立，2009年上市，并为创业板第一股，股票代码：300001。拥有子公司超过150家、资产150亿、集团销售规模105亿，市值超400亿，员工6000人，拥有川开电气等6大生产基地。集团主要从事高端箱式电力设备制造、汽车充电生态网、数字能源管理三大领域。特锐德是中国电力产品技术标准参与者和制定者、中国规模最大的箱式电力设备研发生产基地。高铁远动箱变、110kV模块化智能变电站、35/110kV车载变、220kV箱式升压站等多款产品被鉴定为“产品国际首创、技术水平世界领先”；首创多站合一的预装式智慧能源站，将变电、配电、充电、放电、储能、光伏、数据中心、5G一体化深度融合，成为交直流混网的创新综合能源系统。特锐德集团在全球拥有10大国际领先水平的研发中心，研发专利和专有技术1200多项，建立了1100多人的行业顶尖的技术研发团队；作为中国箱变产业领军者，其技术和市场比肩西门子、ABB、施耐德，是工信部第一批制造业单项冠军培育企业。智能箱式变电站产品在中国铁路市场占有率60%以上，高端高压模块化变电站占电网及新能源市场60%以上。特锐德发展目标是：夯实世界最大箱式电力设备研发生产基地、打造世界最大的汽车充电网生态运营公司、缔造中国最具创新活力能源管理公司。特锐德独特的“创业企业团队建设与管理”及特锐德“生态党建”入选清华大学、美国哈佛大学教学案例库。原点启航、乘风破浪，特锐德让你我理想成为现实。,"https://www.zhaopin.com/jobdetail/CC145583090J40735027115.htm?refcode=4019&srccode=401901&preactionid=a7c1140f-c46c-45e5-b867-ab342d8bdc77"
2119,软件测试,东莞-None,1.5-3万·14薪,外企德科数字技术有限公司,专业技术服务,10000人以上,,CCL1480117890J40793990405,岗位情况：  1.统招本科及以上，无经验要求，但是需要会相关技能（用对应的语言写代码）；  2.掌握Java、C/C++、Python、JS等其中的至少1种主流编程语言；  3.对数据结构和算法有一定了解（笔试考）；  4.对接的是全产品线的需求，所以业务方向多样；  5.先统一笔试后匹配部门面试；  6.薪资构成：底薪+绩效+年终，薪资根据面试表现定；  7.全流程线上面试，拿到Offer再线下报道，可异地面试,2025-07-27 00:26:01,外企德科数字技术有限公司是一家2023年新成立的中外合资企业。成立于2023年11月24日，公司定位：专注于为信息技术企业提供人才及数字技术外包解决方案的中外合资企业。它是由中国人力资源服务行业的FESCO（北京国际人力资本集团）与全球人力资源服务领导者The Adecco Group（德科集团）合资成立的。公司主要提供网络技术服务、软件外包服务、计算机系统服务、技术进出口、软件开发等信息技术相关服务。专注于为信息技术企业提供信息技术类人才及数字技术外包解决方案。,"https://www.zhaopin.com/jobdetail/CCL1480117890J40793990405.htm?refcode=4019&srccode=401901&preactionid=a7c1140f-c46c-45e5-b867-ab342d8bdc77"
2120,实施工程师,淄博-临淄区,7000-14000元,青岛安然物联网科技有限公司,"物联网,物联网",20-99人,未融资,CC559764920J40822992804,需要弱电技术、自动化、安防系统、工业互联网+危化安全生产、物联网人才，不要纯软件人才。 你能经常到全国各地出差吗？你能到化工生产现场做技术支持吗？  真正的奋斗者在安然会有让人值得为之奋斗的事业，会有充实、高效的成长，会有高人一等的收入。  你能做好售前技术支持、根据客户需求，高效制作方案吗？你能做好售中技术支持、指导他人正确安装、部署、调试系统向用户保质保量快速交付吗？你能做好售后维护，高效沟通和落实客户需求吗？  迄今已服务中石化、中石油、延长石油、国能、兖矿、京能、索普、新安、奇美、昊源、潞安、旭阳、垦利、逸盛、海科、酒钢、金发等几百家石化、化工、选煤、钢铁、电厂企业。 安然以客户为中心，以强者为本，抬头乐干，愿意与同道中人联合、链接，携手共建、共用、共享生产安全命运共同体，一起干，一起干，让优秀企业更安全，让优秀企业更高效！,7月23日,基于精准人员定位的工业安全生产信息化管理专家，安全生产信息化管理引领者！作为全国实时定位技术标准工作组成员和应急管理部“工业互联网+危化安全生产”人员定位系统技术支持机构，安然从2012年起致力于基于ZigBee Plus三维立体按需精准定位的“工业互联网+安全生产”的研究，获得了20多项安全智能管控系统发明专利和著作权，持续引领中国化工行业生产现场智慧安全！安然以“准、稳、狠”的ZigBee Plus三维立体按需精准人员定位统和“底数清、数据准、情况明、研判准、措施实”的安全生产信息化平台为核心，整合访客管理、出入口控制、人脸识别、视频监控、语音广播、重大危险源监控、可燃有毒气体监测等系统，对生产现场人、机、料、法、环五大要素进行实时、动态、智能管控和预警，规范人的安全行为，保障人的生命安全，有效防范风险、主动化解风险，实现智慧安全。安然“以用为本”，把安全生产信息化建设与公司管理体系“深度融合”，把安全生产信息化建设与日常工作“紧密结合”，对安全生产切实“有用、实用、好用”，避免建用“两张皮”，让安全管控更智能，让生产更高效才实用。迄今已服务中石化、中石油、延长石油、国能、兖矿、京能、索普、新安、奇美、昊源、潞安、旭阳、垦利、逸盛、海科、酒钢、金发等几百家石化、化工、选煤、钢铁、电厂企业。安然以客户为中心，以强者为本，抬头乐干，愿意与同道中人联合、链接，携手共建、共用、共享生产安全命运共同体，一起干，一起干，让优秀企业更安全，让优秀企业更高效！,"https://www.zhaopin.com/jobdetail/CC559764920J40822992804.htm?refcode=4019&srccode=401901&preactionid=a7c1140f-c46c-45e5-b867-ab342d8bdc77"
2121,软件测试,沈阳-皇姑区,5000-8000元,沈阳宏威迈通科技有限公司,互联网,20-99人,,CCL1210715980J40487228811,大专及以上学历，计算机及相关专业，有测试或研发经验； 2、具备MCU、SoC等嵌入式平台开发经验者优先；,5月17日,公司成立于2014年，专注运营中国苗木网,"https://www.zhaopin.com/jobdetail/CCL1210715980J40487228811.htm?refcode=4019&srccode=401901&preactionid=a7c1140f-c46c-45e5-b867-ab342d8bdc77"
2122,技术支持工程师,郑州-金水区,6000-8000元·13薪,河南酷梦商贸有限公司,通信/网络设备,100-299人,,CCL1396519420J40705384007,岗位内容： 1. 回答来自客户和同事的问题，并提供第一时间的技术支持服务。 2. 根据客户需求开展问题分析和故障排除，协助用户完成各项工作任务。 3. 建立和维护客户关系，监控并反馈用户需求信息和市场动态。 4. 积极参与制定和优化技术支持流程，提升部门效率和客户满意度。 任职要求： 1. 具备良好的沟通技巧和客户服务意识，能够处理复杂的客户关系； 2. 熟练掌握基础网络、服务器、存储、虚拟化、安全等相关知识和技能； 3. 大专或以上学历，计算机相关专业毕业优先考虑； 4. 具备较强的团队合作精神和协调能力，能够适应快速变化的工作环境。,4月19日,,"https://www.zhaopin.com/jobdetail/CCL1396519420J40705384007.htm?refcode=4019&srccode=401901&preactionid=a7c1140f-c46c-45e5-b867-ab342d8bdc77"
2123,技术支持工程师,成都-武侯区,5000-8000元,四川昊海众智企业管理有限公司,企业服务,20人以下,未融资,CCL1502543360J40848675615,1、负责账单相关业务/移动设备软件技术支持；为客户提供电话技术指导，严格按照工作流程处理客户问题。2、解决客户问题，持续提高最终客户满意度并致力于建立客户对品牌的忠诚度，保障客户满意度，时刻保持良好的服务态度，不得辱骂客户或主动挂断客户电话。3、在系统中如实记录客户来电信息；严格执行既定流程，包括电话流程，数据录入流程，投诉处理流程等，接受并达到客户所规定的相关生产效率及生产质量。4、对服务范围以外的问题及时提交并跟踪，主动研究技术并力图提供最优解决方案给客户。5、能顺应项目组排班要求，保证出勤率。6、工作期间确保遵纪守法。2、岗位要求1、大专及以上学历。2、打字速度：至少30字／分钟，具备电脑办公技能。3、有良好的服务意识，可以从客户角度出发考虑和解决问题。4、有良好的语言表达能力，普通话标准，且语速正常，吐词清晰，无明显口音。5、能顺应公司及项目组相应安排，遵守相关制度。6、有客服文职类工作经历（含实习期）或有半年以上工作经验。愿意在客服行业长期发展，具备相关优势。7、具备一定抗压能力，能积极面对客户。8、积极主动、反应热情。9、具备半年及以上的呼叫中心经验（电话销售类的也算）。3、工作时长及排班排班轮休，月休8天。4、薪资福利（1）薪资：固定保底3400+月度出勤1200+绩效奖金500+其他补贴，平均薪资5-8K。（2）新员工培训期间无绩效考核奖金和出勤绩效，固定保底3400，绩效考核奖金从新员工上线开始计算。（3）绩效考核奖金满额500，根据员工当月实际工作表现发放。（4）排班补贴：21:00以后下班的班次补贴15元/次，两头班补贴30元/次。（5）入职购买五险一金。,7月4日,,"https://www.zhaopin.com/jobdetail/CCL1502543360J40848675615.htm?refcode=4019&srccode=401901&preactionid=a7c1140f-c46c-45e5-b867-ab342d8bdc77"
2124,科研人员,天津-武清区,2-4万,新疆特变电工集团有限公司,"电气机械/电力设备,仪器仪表制造,房地产开发,电力/水利/热力/燃气",1000-9999人,已上市,CC413650620J40467429602,工作职责：  1.技术研发工作，负责研究制造业各产品线的前沿技术信息，全面掌握技术发展动态；负责组织落实集团公司技术研发平台搭建与优化工作，结合制造业组织结构模式改革调整战略落地；负责组织落实制造业各单位年度技术研发项目的实施工作。   2.科技创新工作，组织开展集团公司科技创新、新产品研发项目立项、实施，及验收评审、评价工作；组织安排开展校企项目合作、科技成果转化、科技政策申报等工作。,3月1日,新疆特变电工集团有限公司是世界输变电制造行业骨干企业——特变电工股份有限公司（SH600089）的第一大股东，是特变电工发展的战略规划、投融资、产业链建设及产业安全的保障平台。围绕“一高两新”国家三大战略性新兴产业，通过产业结构调整，公司现已形成输变电、新能源、新材料、能源、科技地产、高端装备制造、电气开关、国际成套工程总承包、物流等协同发展的产业格局，为经济社会提供绿色科技、智能环保、可靠高效的产品和服务。,"https://www.zhaopin.com/jobdetail/CC413650620J40467429602.htm?refcode=4019&srccode=401901&preactionid=a7c1140f-c46c-45e5-b867-ab342d8bdc77"
2125,Java,南昌-西湖区,1.2-1.5万,江西同济建设项目管理股份有限公司,咨询服务,500-999人,已上市,CC511966780J40711254514,岗位要求： 1、年龄30周岁以下，硕士研究生及以上学历，计算机相关专业; 2、具有五年以上相关工作经验，Java基础扎实，熟练使用常见设计模式; 3、熟悉JVM、多线程并发编程，能够根据业务情况优化系统性能，提升系统使用体验; 4、熟悉主流NI0框架，如netty，能根据实际业务场景，开发和性能优化; 5、熟悉主流后端框架，并了解其原理，包括Springboot、Spring Cloud、springMvc、mybatis、RocketMQ.KAFKA等; 6、熟悉oracle、mysql、达梦等主流数据库，能熟练编写SOL，了解sql编译执行原理，能够根据业务进行sql性能优化; 7、熟练掌握分布式系统设计，并熟练使用分布式框架和中间件，并具备组件化设计思想和经验;8、熟悉主流前端框架与其原理，vue、react、antd、webpack、Vite等; 9、具备良好的沟通能力，思路清晰，善于思考，配合团队协作开发，能够独立分析和解决问题;  岗位职责：   1、根据项目需求，进行技术方案选项，持续优化系统性   能，提升系统稳定性;   2、负责公司项目的后端开发工作，参与项目的需求分析、设计、编码及单元测试;3、参与系统架构设计，优化系统性能，保证系统的高可   用、高并发、可扩展性;   4、参与公司业务平台基础框架的开发、优化和改进维护:   5、参与公司系统核心组件的开发、优化和改进维护   6、参与预研与公司业务相关的前沿技术   7、负责解决开发过程中的技术难题。   ,2月5日,江西同济建设项目管理股份有限公司创立于二00二年，是江西省国资委监管、江西省投资集团公司下属的国有控股企业，2017年3月24日公司正式登陆新三板，证券简称：同济建管，证券代码：871076。是全国195家拥有住建部最高资质等级——工程监理综合资质企业之一，同时还具备人防、水利、地质灾害治理等多项专业工程监理资质。公司从事的经营范围为：工程造价、工程招标代理、政府采购代理、工程审计咨询服务、城市规划服务、工程勘察、工程设计、工程检测、桩基检测、工程监理、项目管理、全过程工程咨询。公司正以登陆新三板为契机，对接资本市场，冲击IPO，实现资本证券化，打造成中国建设工程项目管理综合服务供应商，争做行业领军企业。,"https://www.zhaopin.com/jobdetail/CC511966780J40711254514.htm?refcode=4019&srccode=401901&preactionid=a7c1140f-c46c-45e5-b867-ab342d8bdc77"
2126,实施工程师,沧州-运河区,7000-14000元,青岛安然物联网科技有限公司,"物联网,物联网",20-99人,未融资,CC559764920J40565335204,需要弱电技术、工业互联网+、物联网人才，不要纯软件人才。  你能经常到全国各地出差吗？你能到化工生产现场做技术支持吗？     真正的奋斗者在安然会有让人值得为之奋斗的事业，会有充实、高效的成长，会有高人一等的收入。,7月15日,基于精准人员定位的工业安全生产信息化管理专家，安全生产信息化管理引领者！作为全国实时定位技术标准工作组成员和应急管理部“工业互联网+危化安全生产”人员定位系统技术支持机构，安然从2012年起致力于基于ZigBee Plus三维立体按需精准定位的“工业互联网+安全生产”的研究，获得了20多项安全智能管控系统发明专利和著作权，持续引领中国化工行业生产现场智慧安全！安然以“准、稳、狠”的ZigBee Plus三维立体按需精准人员定位统和“底数清、数据准、情况明、研判准、措施实”的安全生产信息化平台为核心，整合访客管理、出入口控制、人脸识别、视频监控、语音广播、重大危险源监控、可燃有毒气体监测等系统，对生产现场人、机、料、法、环五大要素进行实时、动态、智能管控和预警，规范人的安全行为，保障人的生命安全，有效防范风险、主动化解风险，实现智慧安全。安然“以用为本”，把安全生产信息化建设与公司管理体系“深度融合”，把安全生产信息化建设与日常工作“紧密结合”，对安全生产切实“有用、实用、好用”，避免建用“两张皮”，让安全管控更智能，让生产更高效才实用。迄今已服务中石化、中石油、延长石油、国能、兖矿、京能、索普、新安、奇美、昊源、潞安、旭阳、垦利、逸盛、海科、酒钢、金发等几百家石化、化工、选煤、钢铁、电厂企业。安然以客户为中心，以强者为本，抬头乐干，愿意与同道中人联合、链接，携手共建、共用、共享生产安全命运共同体，一起干，一起干，让优秀企业更安全，让优秀企业更高效！,"https://www.zhaopin.com/jobdetail/CC559764920J40565335204.htm?refcode=4019&srccode=401901&preactionid=a7c1140f-c46c-45e5-b867-ab342d8bdc77"
2127,Java,苏州-工业园区,1.5-3万·14薪,外企德科数字技术有限公司,专业技术服务,10000人以上,,CCL1480117890J40791814105,"岗位职责： 1、负责应用软件开发和维护工作； 2、负责软件模块需求分析、系核心模块代码编写和单元测试，完成概要设计文档、详细设计文档； 3、积极主动的与项目相关人员沟通交流，持续改善产品体验。 业务技能要求： 1、熟练掌握常用数据结构； 2、了解计算机组成原理、操作系统、网络等，熟悉Java/Python/C/C++/Go/js等一种或多种编程语言； 3、熟悉客户端与服务器通信协议,精通STL 、 Curl 、 DuiLib 等常用的开源库; 4、具有良好的沟通能力，有良好的团队合作精神，对技术有激情，喜欢钻研，能快速接受和掌握新技术，有较强的独立、主动的学习能力。 所有软件类职位都在招聘，戳详聊~",2025-07-27 00:25:52,外企德科数字技术有限公司是一家2023年新成立的中外合资企业。成立于2023年11月24日，公司定位：专注于为信息技术企业提供人才及数字技术外包解决方案的中外合资企业。它是由中国人力资源服务行业的FESCO（北京国际人力资本集团）与全球人力资源服务领导者The Adecco Group（德科集团）合资成立的。公司主要提供网络技术服务、软件外包服务、计算机系统服务、技术进出口、软件开发等信息技术相关服务。专注于为信息技术企业提供信息技术类人才及数字技术外包解决方案。,"https://www.zhaopin.com/jobdetail/CCL1480117890J40791814105.htm?refcode=4019&srccode=401901&preactionid=a7c1140f-c46c-45e5-b867-ab342d8bdc77"
2128,技术支持工程师,苏州-昆山市,7000-10000元,苏州凯尔视自动化科技有限公司,"工业自动化,工业自动化,计算机软件,计算机硬件",20人以下,不需要融资,CCL1249237920J40413630905,技术岗位职责：   1、 熟悉公司产品，熟练掌握软件应用操作及硬件功能（硬件部分包括相机、镜头、光源等）；   2、配合销售工作进行前期方案书制定和后期项目调试，并对客户进行技术培训；   3、用电话、网络远程技术支持和指导客户现场出现的问题，维护好客户关系；   4、收集日常客户需求和BUG，能及时反馈给研发和项目负责人，为公司产品改进或研发提供相关建议；     岗位要求：  1. 学历专业：本科以上学历，能力突出者可放宽学历要求，理工科专业优先；   2. 相关经验：机器视觉相关行业经验，应届毕业生不要求；   3. 专业技能：有驾驶证，能够适应苏州及周边地区出差；   4. 个性特点：头脑敏锐，思维活跃，有人际沟通能力，能够独立分析解决问题，较强的团队合作意识，积极好学，有责任心。 薪资待遇： 底薪+奖金，基本工资：6500-8000；根据项目完成度给予相应奖金；缴纳五险一金。 试用期2个月，能力突出可提前转正。 职位福利：五险一金、绩效奖金、带薪年假、周末双休、项目奖金 ,7月28日,苏州凯尔视自动化科技有限公司成立于2020年3月，在团队的不懈努力下，在不到三年的时间已经成长为国家级高新技术企业，公司主要围绕机器视觉与光电技术开展业务，致力于为中国自动化智能制造提供最优质的产品与服务，为客户提供可配置视觉系统、智能视觉装备与核心视觉器件等高端产品与解决方案。公司从创立之初至今，一直致力于帮助客户提高产品质量、改善生产工艺、降低制造成本、加快生产效率；坚持以客户为中心，赋能3C电子、汽车零部件、新能源锂电、光伏、芯片半导体、家用电器等行业的智能“制造”。基于在光学成像、视觉软件与算法、核心视觉部件等领域的技术积累，努力成为客户心中的最佳合作伙伴。公司在服务客户的同时致力于为员工提供实现梦想的舞台，积极培养优秀员工，激发员工的积极性和上进心，培养了一支经验丰富、技术一流的经营团队；公司为员工的成长助力，实行人性化管理，有完善的培训和晋升机制，是员工心中的最佳雇主。,"https://www.zhaopin.com/jobdetail/CCL1249237920J40413630905.htm?refcode=4019&srccode=401901&preactionid=a7c1140f-c46c-45e5-b867-ab342d8bdc77"
2129,技术支持工程师,东营-东营区,5000-10000元,山东科瑞石油装备有限公司,"石油/石化,专用设备制造",1000-9999人,,CC321317110J40589815005,1、负责国际市场英语区/俄语区市场产品技术商务支持工作； 2、协助销售，深入了解客户需求，针对需求做出公司产品能满足的最佳方案； 3、组织编制项目技术协议、技术方案，配合销售完成总体方案的准备； 4、负责产品售前技术方案的宣讲； 5、配合销售与合作伙伴进行技术交流、技术协议谈判、合同谈判； 6、收集、解决客户问题，进行客户培训，演示环境搭建测试情况。,2025-07-27 01:12:00,科瑞是一家专注于油气能源行业发展的国际化综合性产业集团。致力于油气能源行业技术发展与应用，建立起涵盖高端智能油气能源装备研发制造、油气能源工程与油田一体化服务、产业+互联网平台服务的油气能源产业新生态。科瑞总部位于中国第二大油田胜利油田所在地——东营市，现有全球员工8000余名，外籍员工总数1500余名，海外分支机构雇员本土化率达到60%。科瑞在全球57个国家和地区建立分支机构、16个技术研发中心。为全球80多个国家和地区的8000多个客户提供最实用的产品与最优质的服务。,"https://www.zhaopin.com/jobdetail/CC321317110J40589815005.htm?refcode=4019&srccode=401901&preactionid=a7c1140f-c46c-45e5-b867-ab342d8bdc77"
2130,测试工程师,南昌-新建区,6000-9000元,重庆科满福人力资源服务有限公司,企业服务,20-99人,,CCL1487604860J40925292304,【岗位职责】 ： 1、进行新产品研发阶段的测试工作 2、完成新产品的功能测试、可靠性测试、环境测 试、安全测试等技术工作 3、制定测试计划，设计测试用例，分析测试数 据，编制测试报告 4、为其他部门提供技术支持，与其他部门的产品 联合测试工作 【薪资待遇】： 试用期：（试用期5350-转正6500）元/月＋300全勤+（300-800）元/岗位补贴+（1000-1500）元/月绩效+加班费=-6000-9000左右,7月25日,,"https://www.zhaopin.com/jobdetail/CCL1487604860J40925292304.htm?refcode=4019&srccode=401901&preactionid=a7c1140f-c46c-45e5-b867-ab342d8bdc77"
2131,实施工程师,大连-金州区,4000-6000元·13薪,大连普林斯电子有限公司,"仪器仪表制造,计算机硬件,IT服务,互联网",20-99人,,CC261373380J40326682713,1. 岗位职责 1）支持产品现场安装、调试和服务；售前现场产品演示和技术销售演示； 开展售后客户支持，培训，产品维修和校准； 2）解释产品技术规范，如用户手册等； 3）掌握本领域竞争环境，对市场产品性能及发展动向以及用户反馈反应敏锐； 任职资格 1）大专以上学历，仪器仪表、电子、通信、计算机、工业自动化相关专业； 2）具有良好的沟通表达能力、较强的学习和动手能力，独立问题分析和解决能力； 3）具有良好的客户服务意识和团队合作意识，为人有责任心，诚实肯干，吃苦耐劳、能够承受一定工作压力； 4）两年以上工作经验。 5）能适应出差。 6）有驾驶证熟练掌握驾驶技术的优先考虑。 职位福利：五险一金、周末双休、年终分红、包住、餐补、出差补贴、多次晋升机会、无官僚风气 ,7月30日,大连普林斯电子有限公司2012年5月注册成立，注册资金500万元，是专业从事流量仪表、能源信息管理系统开发的高新技术企业，主营业务超声波流量计研制销售，公司有博士带队的产品研发团队、主营产品特色突出，持有三项国家发明专利产品，物美价廉，销售市场主要以东北地区为主，面向全国，驻外有吉林、哈尔滨办事处普林斯电子自主研发的超声波流量计，拥有全部知识产权，获得多项国家专利，广泛应用于石油、化工、冶金、电力、给排水等领域。公司产品以先进的技术、优良的品质，深受广大用户的好评。普林斯电子将不断提高超声测流技术水平，以一流的产品和完善的技术服务体系满足用户需求，响应国家节能减排政策，为推动人类节水节能事业的发展做出贡献！,"https://www.zhaopin.com/jobdetail/CC261373380J40326682713.htm?refcode=4019&srccode=401901&preactionid=a7c1140f-c46c-45e5-b867-ab342d8bdc77"
2132,硬件测试,焦作-山阳区,7000-9000元,重庆科满福人力资源服务有限公司,企业服务,20-99人,,CCL1487604860J40936663304,【岗位职责】 ： 1、进行新产品研发阶段的测试工作 2、完成新产品的功能测试、可靠性测试、环境测 试、安全测试等技术工作 3、制定测试计划，设计测试用例，分析测试数 据，编制测试报告 4、为其他部门提供技术支持，与其他部门的产品 联合测试工作 【薪资待遇】： 试用期：（试用期5350-转正6500）元/月＋300全勤+（300-800）元/岗位补贴+（1000-1500）元/月绩效+加班费=-6000-9000左右 ,2025年07月30日,,"https://www.zhaopin.com/jobdetail/CCL1487604860J40936663304.htm?refcode=4019&srccode=401901&preactionid=a7c1140f-c46c-45e5-b867-ab342d8bdc77"
2133,科研人员,佛山-南海区,7000-10000元,佛山市南海奔达模具有限公司,金属制品业,300-499人,未融资,CC167403410J40725114211,岗位要求： 1）大专以上学历，理工科专业，机械类、材料类及计算机专业优先考虑； 2）文字表达能力强，熟悉使用办公软件、绘图软件； 3）了解项目管理工具和流程，有研发项目管理经验者优先考虑； 4）善于沟通，工作认真细致，有团队合作精神。 岗位职责： ）协助完成研发立项管理工作，包括统计立项信息、组织研发立项评审会议等； 2）负责完成研发过程管理工作，包括但不限于创建研发物料编码、跟进研发试制、管理研发仓库、统计试制记录、办理研发样品与废品入库、定期更新《研发样品台账》等； 3）参与研发结项管理工作； 4）负责完成上述研发活动数据在公司信息化系统的录入工作，如ERP、PLM等； 5）负责完成部门主管领导安排的其他工作任务。,4月16日,佛山市南海奔达模具有限公司始建于1990年，现隶属于南控集团（广东南海控股集团有限公司），拥有国资国企资源。公司是一家专业从事汽车铝合金材料性能、产品设计、设备配套、熔铸工艺、模具技术五位一体化研究和服务的高新技术企业。是南海区高端装备制造领域的“隐形冠军”企业，是佛山市上市培育后备企业。公司一直保持着中国汽车铝合金铸造模具行业的领导地位，正全力实施新三化战略：轻量化、智能化、国际化。奋力从国内细分领域冠军成长为世界冠军。我们的愿景是：成为铝合金铸造行业跨技术领域的领导者。,"https://www.zhaopin.com/jobdetail/CC167403410J40725114211.htm?refcode=4019&srccode=401901&preactionid=a7c1140f-c46c-45e5-b867-ab342d8bdc77"
2134,技术支持工程师,郑州-中原区,4000-8000元,河南中安特检测技术服务有限公司,检测/认证,20-99人,未融资,CCL1503976180J40815355608,1、日常进行工业机械设备（主要是阀门）的校验与维修工作。  2、根据培训要求上交上传各项工作记录文件，准确规范及时的出具检测报告。 3、配合公司与客户沟通协调提交办理开工资料手续、按进度顺利完成各工程项目。,7月29日,,"https://www.zhaopin.com/jobdetail/CCL1503976180J40815355608.htm?refcode=4019&srccode=401901&preactionid=a7c1140f-c46c-45e5-b867-ab342d8bdc77"
2135,测试工程师,重庆-大渡口区,7000-10000元,重庆科满福人力资源服务有限公司,企业服务,20-99人,,CCL1487604860J40919004304,【岗位职责】 ： 1、进行新产品研发阶段的测试工作 2、完成新产品的功能测试、可靠性测试、环境测 试、安全测试等技术工作 3、制定测试计划，设计测试用例，分析测试数 据，编制测试报告 4、为其他部门提供技术支持，与其他部门的产品 联合测试工作,6月28日,,"https://www.zhaopin.com/jobdetail/CCL1487604860J40919004304.htm?refcode=4019&srccode=401901&preactionid=a7c1140f-c46c-45e5-b867-ab342d8bdc77"
2136,技术支持工程师,济南-槐荫区,3000-5000元,湖南安卓特种设备科技有限公司,"检测/认证,检测/认证",100-299人,未融资,CC278141930J40805720813,岗位内容： 1. 协助技术人员处理日常文档资料的撰写与整理； 2. 投入使用公司内部各类管理系统，熟悉并掌握应用程序，且对其进行有效维护； 3. 对所负责的各项服务和工作进行汇总、跟踪和管理，主动发现问题并提出解决方案。 任职要求： 1. 本科及以上学历，理工类专业，应届毕业生优先； 2. 熟练掌握办公软件、网络及电脑故障排除技巧； 3. 行事规范，具备较强的沟通协调能力和团队合作精神； 4.善于总结工作中的经验和体验，不断提高自身的综合素质。 双休、法定节假日,7月29日,湖南安卓特种设备科技有限公司（安卓特检）成立于2013年6月，注册资本3000万元。 2016年3月获原国家质量监督检验检疫总局颁发的《中华人民共和国特种设备检验检测机构核准证》，证书编号：TS7510123-2020，成为全国仅有4家民营特种设备（甲类）综合检验机构之一，获准在全国范围内从事电梯（不含防爆）定期检验工作。公司现有员工114人，其中博士1人，硕士3人，专业技术人员65人，其中高级工程师2人，工程师13人，助理工程师46人，持有各类特种设备检验检测资格证书98人/项。其中电梯检验师9人，电梯检验员54人。专业技术人员涵盖电梯、起重机械、锅炉、压力容器、压力管道、场（厂）内专用机动车辆等。公司现有包括电梯综合测试仪、磁粉探伤仪、激光自动安平垂准仪、加减速度测试仪、钢丝绳探伤仪、数字超声检测仪等大型仪器设备在内的检验检测装备共400多套/件，均为目前国内外先进设备，装备原值超1000万元企业使命：为电梯安全传递信任价值观：诚信、专业、团队、服务、成长质量方针：依法、公正、安全、卓越服务承诺 1、遵守国家相关法律法规的规定，遵循客观独立、公平公正、诚实信用原则，恪守职业道德，承担社会责任； 2、检验检测结论科学、公正、准确； 3、对所有客户提供优质、高效服务，保守客户秘密和所有权，维护客户权益； 4、按标准收费，接受社会监督； 5、服务安全，服务社会，服务客户。,"https://www.zhaopin.com/jobdetail/CC278141930J40805720813.htm?refcode=4019&srccode=401901&preactionid=a7c1140f-c46c-45e5-b867-ab342d8bdc77"
2137,Java,苏州-工业园区,1.5-3万·14薪,外企德科数字技术有限公司,专业技术服务,10000人以上,,CCL1480117890J40786090205,Java/C/C++/Python/嵌入式/驱动开发/前端/测试/算法/数据开发等 均有岗位！ 不卡地域，不卡部门，面试成绩通用~ 地域：北京/上海/深圳/杭州/成都/西安/东莞/南京/武汉等地域，根据个人意愿选择；  亮点：年轻团队，核心业务，根据技术能力定级定薪无固定上限，入职即交五险一金，享有年终14-16薪，项目奖金等，享受带薪年假病假等福利，长期稳定晋升发展~  能力要求：  1.熟悉Java/Go/PythonC/C++至少一种语言；  2.掌握常见的数据结构．算法；  3.熟悉常用设计模式、数据框架；  4.具有良好学习能力；,2025-07-27 00:25:27,外企德科数字技术有限公司是一家2023年新成立的中外合资企业。成立于2023年11月24日，公司定位：专注于为信息技术企业提供人才及数字技术外包解决方案的中外合资企业。它是由中国人力资源服务行业的FESCO（北京国际人力资本集团）与全球人力资源服务领导者The Adecco Group（德科集团）合资成立的。公司主要提供网络技术服务、软件外包服务、计算机系统服务、技术进出口、软件开发等信息技术相关服务。专注于为信息技术企业提供信息技术类人才及数字技术外包解决方案。,"https://www.zhaopin.com/jobdetail/CCL1480117890J40786090205.htm?refcode=4019&srccode=401901&preactionid=a7c1140f-c46c-45e5-b867-ab342d8bdc77"
2138,软件测试,深圳-龙华区,8000-12000元,深圳市华磊迅拓科技有限公司,计算机软件,100-299人,不需要融资,CC261240910J40675445108,岗位职责：   1、负责公司新产品发布前的测试验证工作，并对问题进行跟踪；   2、负责公司内部员工的产品信息与相关知识的培训与指导工作；   3、负责公司软件产品文案的编写以及培训课件制作；   4、辅助跟踪和执行已投入市场的产品应用现状；   5、协助部门领导的工作；           任职条件：   1、有软件行业产品测试及项目管理设计经验优先；   2、具有一定的技术背景，有产品开发经验者优先；   3、要求产品文档编写能力强，团队协同精神好；   4、统招本科以上学历，一年以上工作经验。       关于我们：   深圳市华磊迅拓展科技有限公司(www.orbitmes.com) 坐落于深圳以及苏州，中国优秀的制造执行系统产品与及解决方案提供商，成立15年，其核心产品OrBit-MES系统聚焦于中国智能制造服务于500多家上市企业，公司正在成为“中国MES领导者”，我们以客户为本，秉承知行合一的工程师企业文化，人性化的管理体系与晋升通道，为有志于成为智能制造领域技术与业务专家的您提供强大的事业平台，华磊迅拓团队期待与您同心、同行、同享。 职位福利：五险一金、年底双薪、绩效奖金、股票期权、全勤奖、带薪年假、定期体检   ,3月31日,"欢迎加盟中国最具发展潜力的MES制造执行系统供应商华磊迅拓深圳市华磊迅拓科技有限公司(OrBit Systems Inc.)正在成长为提供世界级的MES（制造执行系统）、OrBit组件信息系统开发平台、SCM供应链系统，RFID/Barcode集成应用系统等解决方案的供应商,我们是中国专业从事MES系统研发同时又具有实施能力的公司，产品特色是国际化、平台化、高度灵活的配置特性，包括奇瑞工厂、Fujitsu、DELL、英国BP公司等知名公司都是我们OrBit-MES产品用户，SAP、神州数码，用友、Zebra，Symbol等是我们的合作伙伴。自2000年以来OrBit团队始建，2005年我们已发展成为中国最专业的MES系统供应商，当前，MES系统在中国处于最有利的发展期，客户需求迅猛，机遇难得，我们的OrBit-MES构建于中国自有知识产权的组件商业支撑平台之上，符合MESA/ISA95标准，基于批量过程控制原理，以及企业建模技术，是企业内部物流、生产体系、品质部门的保障系统，为实现JIT拉动模式、Lean精益生产、6 Sigma-TQM全面质量管理、RoHS/WEEE无害生产打下坚实的基础，OrBit-MES的同步数据采集技术应用于企业内部物流的全线追溯、制造工程配置、生产及品质过程控制，她能提升制造环节的透明度，填补了生产现场到计划系统间的“信息鸿沟”，为计划系统的再调整提供可以信赖的决策依据。我们的优势是：平台级的研发力量，专家级的实施团队，人性化的服务理念，我们注重：创造和谐管理，提升客户价值。我们的自信与成功源于严谨、专业、锲而不舍的团队精神，真诚期待与您携手合作共创美好未来。","https://www.zhaopin.com/jobdetail/CC261240910J40675445108.htm?refcode=4019&srccode=401901&preactionid=a7c1140f-c46c-45e5-b867-ab342d8bdc77"
2139,科研人员,广州-白云区,8000-10000元,广州医药集团有限公司,医药制造,10000人以上,未融资,CC223075310J40553978503,（名校优秀毕业生优先） 1、对生产工艺过程进行监控，指导处理、协调和解决生产中出现的各种工艺技术问题；   2、改进工艺技术；   3、实施工艺（再）验证；   4、编制、发放批生产指令、批包装指令及工艺指令，审核各车间批生产记录，制订、完善工艺文件。,3月6日,广州医药集团有限公司，是广州市授权经营的管理国有资产的国有独资企业，从事中成药、化学药、生物药、大健康产品、医疗器械等与医药整体相关的产品研发、生产销售及医疗健康养生服务的提供，是广州市重点扶持发展的集科、工、贸一体的大型企业集团。广药集团拥有“广州白云山医药集团股份有限公司”（香港0874，上海600332）1家上市公司及成员企业30余家，包括品牌价值1080亿元的“王老吉”，品牌价值283亿元的“白云山”，世界上最长寿制药厂421年历史的“陈李济”等12家中华老字号。经过多年的精心打造和加速发展，逐步形成了“大南药”、“大健康”、“大商业”、“大医疗”四大独具广药特色的业务板块，以及“电子商务”、“资本财务”、“医疗器械”三大新业态。 2021年，广药集团首次上榜《财富》世界500强，排第468位，成为全球首家以中医药为主业进入世界500强的企业，同时位居中国企业500强第129位，较2020年第155位上升26位。在2021年度全球最具价值医药品牌榜单中，广药集团首次进入全球20强，名列第19位。,"https://www.zhaopin.com/jobdetail/CC223075310J40553978503.htm?refcode=4019&srccode=401901&preactionid=a7c1140f-c46c-45e5-b867-ab342d8bdc77"
2140,科研人员,石家庄-元氏县,4000-5000元,河北外国语学院,学校/学历教育,1000-9999人,不需要融资,CC498689520J40692698501,岗位内容： 1. 策划和组织本科生和研究生教学活动； 2. 开展科学研究，撰写相关论文并参与学术交流； 3. 指导学生进行毕业设计和学术项目研究； 4. 参与学院和校级各项教学、科研及管理工作。 任职要求： 1. 具有会计学、审计学、资产评估、金融学、统计学、数学、计算机等相关专业的硕士以上学历； 2. 具有扎实的基础知识和专业技能，深入了解国内外学术前沿； 3. 具有一定的教学和科研经验； 4. 能够有效开展研究工作，并取得优秀研究成果； 5. 善于沟通协调，具有较强的团队合作意识。,7月26日,河北外国语学院始创于1998年，是河北省唯一一所独立建制的本科外国语大学，现有在校生26000人，开设75个语种，语种数量位居全国高校第二位，语种覆盖五大洲181个国家的官方语言。学校开设专业涉及艺术、传媒、计算机、医药卫生、航空旅游、中外建筑、教育、国际法律、国际商贸、金融财会、外国语言等十一个领域。,"https://www.zhaopin.com/jobdetail/CC498689520J40692698501.htm?refcode=4019&srccode=401901&preactionid=a7c1140f-c46c-45e5-b867-ab342d8bdc77"
2141,软件测试,遵义-红花岗区,6000-8000元,天阳科技,"计算机软件,计算机软件",1000-9999人,已上市,CC120408370J40606451608,1.全国项目驻场测试，主要负责功能、数据或接口等相关测试工作； 2.统招本科学历及以上（学信网可查）；毕业满2年；计算机专业优先； 3.热爱软件测试行业、有强力的自驱力，能够在测试岗位深入学习研究； 4.有无经验均可，服从公司安排，接受公司培养，可接受异地工作优先； 福利待遇： 上市公司、公司可提供住宿、定期体检、带薪年假； 欢迎符合要求的小伙伴们投递~,7月26日,天阳科技(股票代码：300872)，是全球金融创新服务的重要贡献者，持续赋能中国金融行业数字化转型，为客户提供咨询、金融科技产品、金融IT服务、云计算及运营服务。公司成立于2003年，服务超过300家金融行业客户，覆盖中央银行、政策性银行、国有银行、股份制银行、地方性商业银行、非银行金融机构等，员工人数近7000人，成为激活金融领域创新活力、推动金融科技迈入世界领先水平的重要力量。作为金融行业客户可信赖的合作伙伴，天阳科技凭借丰富的行业经验和端到端的专业服务，在信创、数字化金融、信贷、交易银行、信用卡、零售、营销、风险管理、征信监管等众多领域具备核心竞争力。据赛迪和IDC报告显示，近年来公司在中国银行业IT解决方案市场排名强势崛起，2019年收入及市场占有率综合排名分别位列第四位和第五位，并保持高速增长。同时，前瞻商业和科技趋势，入选2021年度未来银行科技服务商TOP100。天阳科技始终聚焦金融科技领域，加大自主创新力度，在超过100个城市建立本地化、专业化的研发和服务团队，拥有CMMI5级认证、软件测试成熟度模型集成（TMMi）3级认证、ISO9001质量管理体系认证、ISO20000信息技术服务管理体系认证、IS027001信息安全管理体系认证。通过部署人工智能、云计算、大数据、移动互联网、分布式计算和区块链等先进金融科技，公司致力于构建安全可控、普惠民生、开放共赢格局，在关键技术领域服务现代化金融发展大局，更好地为各利益相关方创造更大价值，为大中企业、小微企业以及每个个体提供优质金融服务。,"https://www.zhaopin.com/jobdetail/CC120408370J40606451608.htm?refcode=4019&srccode=401901&preactionid=a7c1140f-c46c-45e5-b867-ab342d8bdc77"
2142,实施工程师,长春-南关区,3000-6000元,吉林省恩和信息技术有限公司,"IT服务,互联网",20-99人,未融资,CC367211580J00089943807,项目实施工程师（运维工程师） 岗位职责 1、负责项目现场勘察工作； 2、负责现场设备安装、调试； 3、硬件设备的维护、故障排查； 4、负责归档和整理实施过程资料文档。 任职要求 1、计算机、电子信息及机电一体化相关专业； 2、能够吃苦耐劳，适应长期出差(省内)； 3、熟悉强弱电、安防等工作经验者； 4、有上进心、责任心，学习能力强； 5、欢迎优秀毕业生加入。 福利待遇 薪 资： 底 薪 + 奖 金=3000元-5000元。 工作时间：夏令时：8:30分-17：00分； 冬令时：8:30分-16：30分； 中午午休1.5小时； 法定假日正常； 年底带薪放假。,4月30日,吉林省恩和信息技术有限公司成立于2015年，是一家IT领域高速成长的企业，公司在管理和经营上，不断地完善和提高自己，充分发挥先进的管理方法，引并留住一大批有经验、有能力的高素质人才。不断引进新技术、新观念和新方法，在商务运作、财务管理、库存控制等各个方面，全面完善电子商务的实施。面对日益激烈的市场竞争，公司锐意进取，勇于开拓，通过全体员工的努力及社会各界友好人士的鼎力支持，公司规模不断扩大，业务蒸蒸日上。现已成为吉林省高科技产品经销领域内规模大、实力强的民营企业，服务于社会各界信息技术领域。我公司拥有一批长期从网络工程项目的技术人员、有丰富经验的技术经验和技术服务，并具有一个完善的售后服务体系。在市场开拓方面以“产品好、服务好、重市场、重信誉”为基本原则，时时刻刻为客户着想，坚持诚信的商业道德，严格遵守对客户的承诺。因此我公司才能够得到快速的发展。,"https://www.zhaopin.com/jobdetail/CC367211580J00089943807.htm?refcode=4019&srccode=401901&preactionid=a7c1140f-c46c-45e5-b867-ab342d8bdc77"
2143,科研人员,杭州-余杭区,2.5-3万,博创网(杭州)人才科技有限公司,人力资源服务,20-99人,未融资,CCL1501814210J40693562806,研究方向： 1、神经科学：基于神经生理学、认知科学、脑科学等研究方向，设计实验方案，开展公司产品的应用研究和场景探索。 2、药学：基于药物筛选、类器官、微流控等领域的研究背景，开展公司产品的应用研究和场景探索，拓展活体成像技术应用范围。 3、动物学、植物学：设计多物种活体显微成像实验方案，拓展公司仪器的应用场景。 4、细胞生物学、基础医学、发育生物学、肿瘤学、免疫学：设计本领域的实验方案，开展公司产品的应用研究，推动活体显微成像技术革新。 薪资待遇： 年薪30w，包住，出站后留杭州可享一次性四十万补助,7月14日,,"https://www.zhaopin.com/jobdetail/CCL1501814210J40693562806.htm?refcode=4019&srccode=401901&preactionid=a7c1140f-c46c-45e5-b867-ab342d8bdc77"
2144,软件测试,长沙-芙蓉区,7000-9000元,福建八盛汽车科技有限公司,"电子设备制造,人工智能,智能硬件,通信/网络设备",100-299人,已上市,CCL1492512230J40645119816,岗位内容： 1. 设计和执行测试用例，并记录测试结果。 2. 分析并报告软件缺陷，包括重现步骤、缺陷严重程度和影响范围。 3. 参与产品设计过程，提供测试建议和反馈。 4. 开发自动化测试脚本和工具。 5. 执行性能和负载测试的任务。 任职要求： 1. 具有本科以上学历，计算机科学或相关领域优先。 2. 熟悉测试方法论和流程，能够编写高质量的测试用例。 3. 熟练使用至少一种自动化测试框架和脚本语言（如Selenium、Python、Robot Framework）。 4. 了解软件开发周期和敏捷开发流程。 5. 优秀的沟通和协作能力，能够与跨部门的团队成员合作。,12月19日,八盛汽车科技有限公司成立于2021年，在汽车科技领域精耕细作，不断开拓创新。经过多年发展，已成为行业内具有一定规模和影响力的企业，拥有现代化的办公设施与研发中心，汇聚了众多汽车科技专业人才，业务覆盖范围广泛，涵盖汽车智能系统研发、汽车零部件制造与优化等多个板块。,"https://www.zhaopin.com/jobdetail/CCL1492512230J40645119816.htm?refcode=4019&srccode=401901&preactionid=a7c1140f-c46c-45e5-b867-ab342d8bdc77"
2145,前端开发,厦门-海沧区,1-1.8万,厦门佳因特科技有限公司,"新能源,电子/半导体/集成电路",100-299人,B轮,CC310085780J40755916305,岗位职责： 多平台前端开发： 1.负责物联网平台部Web大屏数据可视化（ECharts/D3.js）、运营、运维管理系统Web端（Vue3.0）及移动端APP（Uniapp/Flutter）的功能开发与优化。 2.参与能源管理系统、运维平台等项目的交互设计与性能调优。 数据中台前端支持： 1.对接数据中台API，实现复杂业务数据（如充电桩实时状态、订单分析报表）的动态渲染与交互逻辑。 2.开发通用组件库，提升跨平台项目代码复用率。 技术攻坚与协作： 1.解决多端兼容性问题（如不同浏览器、iOS/Android设备适配）。 2.与产品经理、后端工程师紧密协作，确保需求高效落地。 任职要求： 1.熟练掌握 HTML、CSS、ECharts、JavaScript，熟悉 ES6+ 语法； 2.熟练使用 Vue.js 或 React.js 进行 Web 端开发，有实际项目经验； 3.熟悉移动端开发技术，包括 H5、小程序、React Native/Flutter/Uniapp 等； 4.具备良好的编码习惯，熟悉前端模块化、组件化开发模式； 5.了解 Web 性能优化、浏览器兼容性、前端安全等相关知识； 6.有良好的沟通协作能力，能与产品、后端等团队紧密合作，推动项目落地； 7.有物联网、能源管理、数据可视化等相关经验者优先。 8.熟悉Webpack/Vite等构建工具，具备性能优化经验。 加分项: 1.有WebGL/3D可视化开发经验（如充电桩三维建模展示） 2.熟悉Electron桌面端开发,3月22日,【关于佳因特】厦门佳因特科技有限公司成立于2015年，是一家集软件与硬件研发、高端制造于一体的国际高新技术企业。我们践行“担当、锐进、专新、共赢”的价值观，获得全球客户的高度认可。经过多年的努力，我们深耕新能源行业，产品涵盖充电桩、储能及智能能源管理系统等。我们提供全球“光－储－充”整体解决方案服务，助力能源的可视化、智能化与数字化升级。【佳因特团队】在这里，你不是一个人在战斗，我们是一群冲向阵地，无惧炮火的群狼。90%战友是90后，我们推崇自主高效拼搏的工作氛围，排斥传统领导层级文化，鼓励基于共同目标与共识的创新创造，坚持价值观与业绩为唯一衡量尺码，按贡献与价值大小，分配发展机会与物质收入。团队凝心聚力，一起战斗与高质成长，共同分享战斗成果。富有挑战性的工作内容，多维度的发展空间，让你发现更好更优秀的自己，实现自我价值和潜能的突破。敢想、能干，会学习，就能加入公司最受欢迎的战斗群体。完善的事业发展通道，核心骨干与合伙人管理体系为您保驾护航，只要您足够给力，这里就是您最有发展价值的事业平台和创业天地。爱与成长是佳因特的人才理念核心。我们选拔优秀人才成为合伙人，团队以最高的热情投入到打造人类绿色生活的事业中。携手共创美好，科技创造未来！【佳因特福利】五险一金年终奖敬老奖带薪年假旅游奖励餐补秋季趣味运动会节日福利中秋博饼尾牙晚会厂庆活动健身娱乐室室内篮球场、羽毛球场包时,"https://www.zhaopin.com/jobdetail/CC310085780J40755916305.htm?refcode=4019&srccode=401901&preactionid=a7c1140f-c46c-45e5-b867-ab342d8bdc77"
2146,测试工程师,扬州-邗江区,6000-10000元,扬州光电产品检测中心有限公司,检测/认证,20-99人,未融资,CCL1502057470J40736544309,1、本科及以上学历（新能源、材料学、光电信息、物理学、电气、电力电子、自动化、电磁学等相关专业）；英语4级以上；具备检测相关专业初级以上职称；性格积极乐观向上，有责任心和敬业精神，团队精神和沟通协调能力。 2、对外发表论文，有科研、制标工作经验的优先。 3、熟悉光伏组件的生产、工艺、检测，具备光伏产品领域认可实验室检测工作经验、熟悉光伏组件IEC612165、IEC61730标准检测项目、检测方法及结果分析工作，熟练操作光伏组件检测设备，动手能力强的优先。 4、熟悉ISO17025实验室管理体系，有第三方认可或资质认定实验室检测工作经验和有实验室认可迎审工作经历的优先。,7月26日,扬州光电产品检测中心有限公司（原扬州光电产品检测中心）于2008年经原国家质检总局批准成立，具有独立事业法人资质，是开展光伏产品检测的国家重点实验室，主要承担光电产品国际认证实验室检测外包业务、光电产品质量抽查检测、光电产品的业务培训、技术咨询、技术服务等，是国内首家、全球第5家获得CBTL认可的光伏产品检测机构，获检验检测资质认定能力（CMA）289项、实验室认可（CNAS）799项，获IEC国际认可测试能力552项，配备了符合检验检测标准要求的仪器设备350余台，拥有3处实验场所，实验室总面积5300平方米。,"https://www.zhaopin.com/jobdetail/CCL1502057470J40736544309.htm?refcode=4019&srccode=401901&preactionid=a7c1140f-c46c-45e5-b867-ab342d8bdc77"
2147,软件测试,哈尔滨-南岗区,8000-10000元,海南诚铭运网络科技有限公司,互联网,20-99人,,CCL1411334300J40671712206,工作内容： 1.熟悉银行测试相关业务，人员以测试执行和业务能力全面为优先 岗位要求： 1、工作态度积极，责任心强。 计算机相关专业，应届生岗位，要求学信网统招本科，985/211毕业院校，计算机/信息管理/软件工程/金融相关/数学相关专业 2、逻辑思维、理解能力较强，工作态度端正。 职位福利：五险一金、节日福利、年终奖、项目奖金等。,6月18日,,"https://www.zhaopin.com/jobdetail/CCL1411334300J40671712206.htm?refcode=4019&srccode=401901&preactionid=a7c1140f-c46c-45e5-b867-ab342d8bdc77"
2148,Java,北京-海淀区,1.6-3万·16薪,外企德科数字技术有限公司,专业技术服务,10000人以上,,CCL1480117890J40796299305,1、统招 本科及以上学历; 2、熟悉Java/C/C++/Python/GO等任意一种主流开发语言，有相关工作经验优先; 3、热衷前沿技术的探索，能快速掌握和理解新技术; 4、有较强的学习能力、良好的团队协作能力、良好的沟通表达能力。部门亮点: 1、大平台，机会多。 2、岗位全，拼实力，设置前端、后端、开发、算法、AI、运维、安全等等岗位，你想要的，这里统统都有! 3、不内卷，不PUA，常年战斗在反卷反PUA的第一线，不苛求员工加量不加价的性价比，坚决贯彻落实多劳多得的指导方针，引导员工把精力聚焦在提高效率和自身成长上。 4、爱分享，氛围好，经常举行各领域技术分享会，可以和全球的架构专家、互联网大牛、大数据专家、网络安全大咖等面对面交流，兵合一处将打一家，部门之内皆兄弟，把酒言欢话桑麻。 5、肩并肩，手牵手，会给每位新员工分配1名技术导师，优秀的人培养更优秀的你。 工作城市：西安，深圳，成都，北京，上海、杭州、武汉、苏州、南京、济南、东莞、长沙等都可以选择。 职位福利：五险一金、绩效奖金、加班补助、弹性工作、周末双休、餐补、带薪年假、节日福利,2025-07-27 00:26:09,外企德科数字技术有限公司是一家2023年新成立的中外合资企业。成立于2023年11月24日，公司定位：专注于为信息技术企业提供人才及数字技术外包解决方案的中外合资企业。它是由中国人力资源服务行业的FESCO（北京国际人力资本集团）与全球人力资源服务领导者The Adecco Group（德科集团）合资成立的。公司主要提供网络技术服务、软件外包服务、计算机系统服务、技术进出口、软件开发等信息技术相关服务。专注于为信息技术企业提供信息技术类人才及数字技术外包解决方案。,"https://www.zhaopin.com/jobdetail/CCL1480117890J40796299305.htm?refcode=4019&srccode=401901&preactionid=a7c1140f-c46c-45e5-b867-ab342d8bdc77"
2149,测试工程师,福州-闽侯县,5000-7000元,上海微创软件股份有限公司,"IT服务,计算机软件",10000人以上,不需要融资,CC000638920J40770437814,"岗位要求： 信号： 1、电子类相关专业统招本科以上学历 2、熟练使用示波器,万用表,电烙铁 3、有数通产品相关硬件测试和调试经验 4、熟悉orcad,allegro工具的优先 5、良好的沟通技能、组织管理技能 功能： 1.电子类等相关专业统招本科及以上学历; 2.熟练使用打流仪、source相关等仪器使用; 3.有数通产品相关硬件测试优先; 4.有相关vbs、js脚本编号能力优先; 5.良好的沟通技能、组织管理技能 环境可靠性： 1.电子类相关专业统招本科及以上学历; 2.熟练使用温箱、打流仪、source、机械相关等仪器使用; 3.有1年以上相关可靠性测试经验、有数通产品相关硬件测试优先 4.有相关vbs、js脚本编号能力优先; 5.有良好的沟通能力及团队合作精神。 岗位职责： 信号： 1.根据测试用例执行单板信号测试,并交付报告&提交bug 2.根据测试用例执行单板模拟测试,并交付报告&提交bug 功能： 1.负责根据测试用例进行整机功能测试、热测试; 2.负责测试中发现bug,并协助开发人员定位问题; 3.负责测试报告编写及bug提交,跟踪及check 环境可靠性： 1.负责根据测试用例进行整机气候环境类测试、机械结构类测试; 2.负责测试中发现bug,并协助开发人员定位问题; 3.负责测试报告编写及bug提交,跟踪及check。工作时间：标准工作时间:9:00-18:30，午体:12:00-13:30；周末双休",7月8日,上海微创软件股份有限公司2002年由微软与上海市政府共同创办，是微软在华投资的第一家合资公司。微创始终秉承高标准的服务品质与“成就客户”的服务理念，在全球设有20余处交付中心，分布在中国、美国、日本、澳大利亚，凭借在汽车、保险、高科技、金融、互联网等行业的深厚积累和丰富经验，与2500余家企业与政府客户达成了长期、稳定、友好的合作。,"https://www.zhaopin.com/jobdetail/CC000638920J40770437814.htm?refcode=4019&srccode=401901&preactionid=a7c1140f-c46c-45e5-b867-ab342d8bdc77"
2150,科研人员,厦门-集美区,1.5-2万,三达膜,"环保,电力/水利/热力/燃气",500-999人,已上市,CC633494920J40683278606,研究方向： 研究开发有效氮-氧分离，CO2/CH4分离，并可进行工业化生产的平板气体分离膜、中空纤维气体分离膜； 任职要求： 1、高分子材料、化学相关专业，取得博士学位或已通过博士论文答辩即将毕业的博士生； 2、身体健康，年龄35岁以下，具备较强科研能力，能独立承担科研项目，有相关工作经验者佳； 3、能全职在本公司从事企业科研工作。,7月22日,三达膜（股票代码：688101）是中国膜技术开发与应用领域的开拓者，早在20世纪90年代，就开始在中国从事过程工业先进膜分离应用工艺开发，将国外先进膜技术引入国内并进行大规模工业化应用。三达膜专注于膜材料研发、膜组件生产、膜软件开发、膜设备制造、膜系统集成和膜技术应用，掌握了先进无机非金属膜材料与高性能复合膜材料的研制方法，构建了一条涵盖“膜材料-膜组件-膜设备-膜软件-膜应用”的膜产业链，服务涵盖特种分离与水处理两大应用领域，为传统工业生产过程的升级改造提供清洁生产与绿色制造的手段与方法，为过程工业的分离纯化与污废水资源化提供基于膜技术应用的创新解决方案。公司致力于解决过程工业各行业客户的“提高产品质量、增加产品收率、降低生产成本、减少废弃物排放”四大诉求，是国内知名的集先进膜材料研发、特种分离膜技术应用、膜法水处理和水务投资运营为一体的科技创新型企业。三达膜主要业务涉及工业料液分离、产品分离纯化、废水资源化、饮用水安全保障等领域，应用于食品饮料、医药化工、生物发酵、冶金石化、水质净化、环境保护等多个行业，面向实体制造业、市政管理部门和终端净水家庭用户等，是国内知名的集先进膜材料研发、特种分离膜技术应用、膜法水处理和水务投资运营为一体的科技创新型企业。公司拥有博士后科研工作站和福建省膜分离工程技术研究中心，并且在全国多个县市通过BOT、TOT或委托运营方式在全国范围内多个地区投资和运营市政污水处理厂。公司拥有良好的成长平台、富有竞争力的薪资和完善的福利待遇，尊重知识、尊重人才，良好的沟通、浓烈的学习氛围，让您倍感工作的快乐，期待有志之士的加盟！★【集团员工福利】 1、5天八小时工作制； 2、补贴式的工作餐； 3、免费通勤车； 4、法定社保（五险）、住房公积金、补充商业险； 5、带薪年假、产假、陪产假、产检假、考试假、婚假、丧假、独生子女陪护假、育儿假等； 6、年度体检、年度旅游、中秋博饼、“三八”妇女节活动、年终表彰会； 7、考核式的绩效奖金； 8、其它：每周五下午1小时的运动时间，公司设有健身房、篮球场、羽毛球场、图书室；工会会发放结婚贺礼、生育贺礼、吊唁安抚等；公司内刊可以踊跃投稿。,"https://www.zhaopin.com/jobdetail/CC633494920J40683278606.htm?refcode=4019&srccode=401901&preactionid=a7c1140f-c46c-45e5-b867-ab342d8bdc77"
2151,测试工程师,上海-浦东新区,1.1-2.2万,新拓尼克科技研发中心 / Syntronic Beijing R&D Center,"运营商/增值服务,电子/半导体/集成电路,计算机硬件,仪器仪表制造",500-999人,不需要融资,CC134310320J40386507006,工作职责：,12月10日,"About Syntronic Syntronic is a prominent engineering Design House specializing in the design and development of electronics, electro-mechanics, embedded and IT software. As the established engineering design house we are, we can provide a valuable contribution to your product and test developments as well as helping you achieve the desired product in time-to-market in a cost-effective way. We also offer solutions where we undertake a turnkey responsibility of product development and system integration from idea to complete system delivery. We have adopting the latest technologies in electronics design and software development worldwide. Among our customers and partners are some of the world’s most technique-intensive businesses and organizations in sectors such as telecommunication, automotive, defence and medicine industries. We design to satisfy customers' needs, we are focusing on quality, competence and ease of production. For more information about Syntronic, please see www.syntronic.com We are looking for competent, hard working engineers with good design experience especially within the electronic area. Welcome to join us!","https://www.zhaopin.com/jobdetail/CC134310320J40386507006.htm?refcode=4019&srccode=401901&preactionid=a7c1140f-c46c-45e5-b867-ab342d8bdc77"
2152,科研人员,郑州-新郑市,2.5-4万,MAPPINGLABLIMITED,"医疗设备/器械,学术/科研",20-99人,不需要融资,CCL1371781450J40794888005,招收计划： 本次招收依托河南大学生科院博士后流动站联合开展，计划每年招收 2 名全职博士后研究人员。研究方向紧密围绕药学、生理学、生物学、生物医学工程等学科，在心血管内科、心血管、心脏电生理、神经电生理等领域开展综合性、全面性、系统性的交叉科学研究。   拟开展研究课题： 1、糖尿病心肌病的发病机制及临床患者用药的心脏毒理研究项目： 深入探究糖尿病心肌病发病根源，剖析临床用药心脏毒理，为疾病防治与安全用药提供科学依据。 2、预防及治疗心肌梗死后恶性心律失常的药物研发项目： 致力于研发针对性药物，有效预防和治疗心肌梗死后恶性心律失常，提高患者生存质量。,7月18日,"公司使命为心脏电生理科研提供全套专业解决方案。公司介绍MappingLab公司是由英国牛津大学和曼彻斯特大学资深的世界顶级科学家合作建立。它是一个专注于员工自身、前沿科学以及为电生理学界提供最先进的标测技术从而指导临床的价值导向型公司。MappingLab旨在解决心脏电生理领域中从心脏电生理病理的基础研究到最终的临床前药物候选物筛选以及药物心脏安全评价面临的各种难题。我们一直努力通过新培训、新知识和新产品进一步为我们的客户提供帮助。我们的研发团队不断加强与学界和业内伙伴的合作，以成就涵盖更广泛更立体的应用出色的心脏标测系统。迄今为止，我们已经在世界范围内与全球经验最丰富的经销商建立了合作关系，并将我们的客户服务优化提升到最高等级。我们的优势•量身定制的系统化方案，可满足客户对高性能定制产品的各种需求。•出色的技术支持和过硬的研发团队，确保客户对高品质产品的需求。•分析客户需求——研讨最佳方案——按时保质完成。•利用最先进的技术优化心脏科研产品。Our MissionTo build and deliver practical solutions that empower cardiac electrophysiology research towards real-world impact.Our CompanyMappingLab was founded as a collaboration between experienced world class scientists at the University of Oxford and the University of Manchester in the United Kingdom.MappingLab is a values-driven organization focused on its people, cutting-edge science, and a vision of providing state-of-the-art cardiac mapping technology to the cardiac electrophysiology community that leads to therapeutic advancement.MappingLab aims to tackle a wide range of challenges in the cardiac electrophysiology field across preclinical to clinical research continuum, from iPSC-CM, basic research in Cardiology, arrhythmia research and ultimately towards molecular candidate(drug) screening.We are always looking for ways to further support our customers through training, knowledge and new products. Our Research and Development team constantly collaborates with academic and industrial partners to build exceptional cardiac mapping systems that will encompass a broader spectrum of horizontal and vertical applications. To date, we have partnered with the most seasoned distributors in every major continent around the globe and streamlined our customer service to the highest standards.","https://www.zhaopin.com/jobdetail/CCL1371781450J40794888005.htm?refcode=4019&srccode=401901&preactionid=a7c1140f-c46c-45e5-b867-ab342d8bdc77"
2153,软件测试,郑州-中牟县,8000-10000元,重庆科满福人力资源服务有限公司,企业服务,20-99人,,CCL1487604860J40928965504,【岗位职责】： 1、软件测试岗位职责  2、接受测试任务，进行需求分析 3、按照测试计划搭建测试环境，并保证测试环境的可靠性 4、按照测试计划编亏测试用例，保证测试用例合理有效 5、按照测试用例执行测试，及时发现缺陷，并使用工具进行管理缺陷 6、编写和提交测试报告，保证测试进度按计划完成 7、参与审核其他测试工程师的测试用例和报告 8、学习公司已有方案和推广使用新的测试技术和工具,7月7日,,"https://www.zhaopin.com/jobdetail/CCL1487604860J40928965504.htm?refcode=4019&srccode=401901&preactionid=a7c1140f-c46c-45e5-b867-ab342d8bdc77"
2154,实施工程师,齐齐哈尔-建华区,7000-12000元,东华医为科技有限公司,"IT服务,IT服务",1000-9999人,未融资,CC649781480J40343087805,1. 学习能力强，能较快掌握和应用新技术，具备较好的独立解决问题的能力，有较强的适应能力、吃苦耐劳、能担重任； 2. 工作敬业，责任心强，能够按照规定的工作流程开展工作，积极主动，发现问题及时提出意见和建议； 3. 善于沟通，有较好的表达能力和职业素质； 4. 有团队协作精神，能够与各方面的领导和同事融洽合作； 5. 有良好的编程能力，至少熟练掌握Java、VB、VC、C、C#之一种计算机语言，具备开发案例； 6. 熟悉关系型数据，掌握sql语言； 7. 能接受出差，能够承受一定程度加班； 8. 要求大学本科一批及以上学历，1-2年以上医疗软件实施或者开发经验优先，应届生不限； 职位福利：五险一金、绩效奖金、加班补助、带薪年假、补充医疗保险、定期体检、项目奖金、免费停车  ,2025-07-27 01:11:55,东华医为科技有限公司（简称东华医为）成立于2012年5月，注册资金5000万，是东华软件股份公司旗下专业服务医疗、卫生等大健康领域IT业务的全资子公司。东华医为现有员工2000余人，其中技术人员占比达到90%，拥有近100项大健康类自主知识产权的软件产品，所覆盖的大健康领域有医疗机构、卫生管理机构、互联网医疗、人工智能、大数据、健康管理等，所涉及的主要业务有IT咨询规划、方案设计、系统集成、软件开发与交付、工程实施与交付、人才培养、售后运维、合作运营等。东华医为现为全国500余家大健康领域的各类用户提供着持续的技术服务，还连续多年蝉联中国十佳医疗行业解决方案商榜首。传承了东华软件医疗卫生事业部近二十年IT业务的东华医为，在高速发展的大健康领域，笃定能大有作为。,"https://www.zhaopin.com/jobdetail/CC649781480J40343087805.htm?refcode=4019&srccode=401901&preactionid=a7c1140f-c46c-45e5-b867-ab342d8bdc77"
2155,实施工程师,太原-清徐县,7000-14000元,青岛安然物联网科技有限公司,"物联网,物联网",20-99人,未融资,CC559764920J40822993104,需要弱电技术、自动化、安防系统、工业互联网+危化安全生产、物联网人才，不要纯软件人才。  你能经常到全国各地出差吗？你能到化工生产现场做技术支持吗？     真正的奋斗者在安然会有让人值得为之奋斗的事业，会有充实、高效的成长，会有高人一等的收入。,2月12日,基于精准人员定位的工业安全生产信息化管理专家，安全生产信息化管理引领者！作为全国实时定位技术标准工作组成员和应急管理部“工业互联网+危化安全生产”人员定位系统技术支持机构，安然从2012年起致力于基于ZigBee Plus三维立体按需精准定位的“工业互联网+安全生产”的研究，获得了20多项安全智能管控系统发明专利和著作权，持续引领中国化工行业生产现场智慧安全！安然以“准、稳、狠”的ZigBee Plus三维立体按需精准人员定位统和“底数清、数据准、情况明、研判准、措施实”的安全生产信息化平台为核心，整合访客管理、出入口控制、人脸识别、视频监控、语音广播、重大危险源监控、可燃有毒气体监测等系统，对生产现场人、机、料、法、环五大要素进行实时、动态、智能管控和预警，规范人的安全行为，保障人的生命安全，有效防范风险、主动化解风险，实现智慧安全。安然“以用为本”，把安全生产信息化建设与公司管理体系“深度融合”，把安全生产信息化建设与日常工作“紧密结合”，对安全生产切实“有用、实用、好用”，避免建用“两张皮”，让安全管控更智能，让生产更高效才实用。迄今已服务中石化、中石油、延长石油、国能、兖矿、京能、索普、新安、奇美、昊源、潞安、旭阳、垦利、逸盛、海科、酒钢、金发等几百家石化、化工、选煤、钢铁、电厂企业。安然以客户为中心，以强者为本，抬头乐干，愿意与同道中人联合、链接，携手共建、共用、共享生产安全命运共同体，一起干，一起干，让优秀企业更安全，让优秀企业更高效！,"https://www.zhaopin.com/jobdetail/CC559764920J40822993104.htm?refcode=4019&srccode=401901&preactionid=a7c1140f-c46c-45e5-b867-ab342d8bdc77"
2156,Java,北京-海淀区,1.4-2.8万·14薪,外企德科数字技术有限公司,专业技术服务,10000人以上,,CCL1480117890J40788010005,岗位要求： 1、扎实的编程能力，熟悉算法和数据结构；熟悉计算机的基础理论； 2、熟练使用java/c/c++/python/js其中一种语言，掌握Spring相关生态开源框架，熟悉MySql、MQ、Redis、SpringCloud等，熟悉事务、缓存、消息、负载均衡等；  3、熟悉Linux开发环境；  4、具有大规模高并发云服务设计和开发经验优先；  5、有微服务、容器相关开发经验优先。  任职要求：  1、扎实的编程能力，熟悉算法和数据结构；熟悉计算机的基础理论；  2. 软件基础扎实，熟悉掌握但是不限于Java/Js/C/C++/Python/Go/JS等编程语言，有良好的编程习惯。  3. 具备独立工作能力和独立解决问题的能力，善于沟通，乐于协作，热衷于新技术，善于总结分享，喜欢动手实践。,2025-07-27 00:25:37,外企德科数字技术有限公司是一家2023年新成立的中外合资企业。成立于2023年11月24日，公司定位：专注于为信息技术企业提供人才及数字技术外包解决方案的中外合资企业。它是由中国人力资源服务行业的FESCO（北京国际人力资本集团）与全球人力资源服务领导者The Adecco Group（德科集团）合资成立的。公司主要提供网络技术服务、软件外包服务、计算机系统服务、技术进出口、软件开发等信息技术相关服务。专注于为信息技术企业提供信息技术类人才及数字技术外包解决方案。,"https://www.zhaopin.com/jobdetail/CCL1480117890J40788010005.htm?refcode=4019&srccode=401901&preactionid=a7c1140f-c46c-45e5-b867-ab342d8bdc77"
2157,测试工程师,北京-丰台区,8000-10000元,北京文光科技有限公司,"计算机软件,互联网,IT服务,计算机软件",100-299人,不需要融资,CCL1504293690J40789960505,岗位内容：  1. 执行软件测试工作，包括测试用例编写、测试执行、问题跟踪等，确保软件品质。 2. 参与产品设计评审，了解业务需求，提出优化建议。 3. 使用自动化测试工具或开发相应的自动化测试脚本，提高测试效率，缩短测试周期。 4. 持续关注测试领域的新技术和方法，不断提升测试技能和工作效率。 任职要求：  1. 计算机相关专业本科及以上学历，对于无工作经验但其他能力突出者亦可考虑。 2. 熟练至少一种测试工具。 3. 具备良好的逻辑思维能力和分析能力，能够快速定位问题，并给出有效的解决方案。 4. 具备较强的沟通协调能力和团队合作精神，积极主动，具有强烈的责任心和进取精神。,7月1日,1.公司主营技术开发、技术推广、技术服务，同时涵盖计算机系统服务、软件咨询，产品设计等多元化业务 2.创新驱动：鼓励员工不断探索新技术、新方法，以创新为核心动力推动公司发展，保持在行业内的技术领先地位。客户至上：始终将客户需求放在首位，致力于提供高质量的产品与服务，以满足客户期望，超越客户需求，打造卓越的客户体验。诚信为本：秉持诚实守信的原则，无论是与客户、合作伙伴还是员工，都以真诚和信任为基础开展业务与交流，树立良好的企业信誉。 3.展望未来，希望公司在科技浪潮中继续勇立潮头，不断创新突破，研发更多前沿技术，拓展更广阔的市场。期待与客户建立更深厚的合作关系，携手共进，实现互利共赢。愿每一位员工在公司都能实现个人价值，共同创造更加辉煌的明天。,"https://www.zhaopin.com/jobdetail/CCL1504293690J40789960505.htm?refcode=4019&srccode=401901&preactionid=a7c1140f-c46c-45e5-b867-ab342d8bdc77"
2158,技术支持工程师,北京-丰台区,6000-11000元,北京华腾盛和科技有限公司,"电力/水利/热力/燃气,新能源",20-99人,未融资,CCL1224370520J40696558102,岗位职责： 1、负责项目现场的设备调试工作； 2、保证项目设备及技术资料的完整性、有效性； 3、工程项目的售后服务工作及客户关系的维护； 4、负责工程项目技术资料的编写、备份； 5、负责协助销售、财务人员进行项目的技术配合支持类工作； 6、负责项目投标技术文件的编写，项目中的技术支持工作； 7、完成领导交办的其他任务。   任职资格： 1、电气工程及自动化、机电一体化、电力电子、计算机、网络安全、仪器仪表等相关专业专科及以上学历； 2、具备质量意识和项目管理意识，富有团队合作和创新进取的精神； 3、良好的沟通及协调能力，较强的学习能力，可承担压力较大且富有挑战性的工作； 4、熟练掌握使用AUTOCAD及相关软件，读懂电气及二次图纸； 5、能适应工程现场出差（长期短频出差方式）； 6、具有电力系统二次专业知识和经验者优先。   福利待遇： 1、周末双休 、法定节假日休息 2、带薪年休假 3、年终奖、绩效奖金 4、五险一金 5、年度体检 6、员工意外险 7、生日礼物 8、节日礼物 9、团建活动 10、北京市工作居住证 11、优秀员工可推荐党员   晋升渠道： 项目调试工程师-项目经理-高级项目经理 公司简介：  华腾盛和总部位于北京，地点位于北京西站国投财富广场，临近9/7号线，下设上海，武汉，南京，西安，呼和浩特五个分支机构，华腾盛和是一家拥有全自主知识产权，专注电网发，输，配，用各环节二次产品的研发、生产、销售和服务，提供一体化解决方案的高新技术企业公司，并与浙江大学、中国电科院、清华大学等科研单位深度合作。,2月18日,北京华腾盛和科技有限公司成立于2019年11月6日，是一家具备自主知识产权，集产品研发、生产销售、服务和解决方案为一体的高新技术企业，公司专注于能源行业数据采集、传输、控制和优化等技术，主要在电力系统厂站自动化、电网调度监视控制、发电厂运行控制以及虚拟电厂运行控制等方面为客户提供设计、产品、调试服务、运维服务、优化分析咨询等产品、服务及成套解决方案。下设上海、武汉南京、呼和浩特、西安4个分公司。南京、锡林浩特2个分支机构。公司业务与三大电网公司、能源集团及发电企业、电力用户及综合能源聚合商、中国电科院、清华大学、浙江大学等高校及IEEE PES智慧楼宇、负载和客户系统技术委员会等研究单位建立了深度合作关系，,"https://www.zhaopin.com/jobdetail/CCL1224370520J40696558102.htm?refcode=4019&srccode=401901&preactionid=a7c1140f-c46c-45e5-b867-ab342d8bdc77"
2159,科研人员,温州-鹿城区,6000-8000元,温州鞋革产业研究院,"科学技术推广,学术/科研",20人以下,未融资,CCL1292089970J40754786909,岗位职责： ①依据国际标准、国家标准、行业标准等各类试验标准，对其委托项目进行相关力学试验，记录数据； ②负责运动科学以及功能表现相关的产品研究，进行测试项目的数据采集，分析，转化，以形成研究报告； ③负责建立运动科学以及产品功能相关的测试标准与流程； ④负责实验室设备及创新数据库的维护及管理工作。 任职要求： ①本科及以上学历，运动人体科学、人体运动学、生物力学等相关专业，硕士以上学历优先考虑，优秀应届生亦可； ②具备良好的力学理论基础； ③能够整合数据并撰写清晰简明的测试结果报告； ④良好的人际和沟通、组织、时间管理和演示技能。,7月25日,温州鞋革产业研究院，设立于2020年，是由温州市鹿城区人民政府与四川大学制革清洁技术国家工程实验室共建的高能级平台，坐落于中国历史文化名城、中国民营经济发展的先发地区与改革开放的前沿阵地，素有“东南山水甲天下”美誉之称的温州市。温州鞋革产业研究院主要面向温州鞋革全产业链要素，开展关键技术、关键材料和管理模式等的研究，以全面提升温州鞋革产业的发展水平平和科技含量为目标，为温州市委市政府打造温州鞋革产业成为“世界鞋都”的战略布局提供技术和智力等高层次资源的支撑。同时，以研究院为依托载体，充分发挥高校服务产业，进一步推动产、学、研的深度合作，提升四川大学皮革学科在行业内的影响力。,"https://www.zhaopin.com/jobdetail/CCL1292089970J40754786909.htm?refcode=4019&srccode=401901&preactionid=a7c1140f-c46c-45e5-b867-ab342d8bdc77"
2160,测试工程师,沈阳-皇姑区,4000-6000元,中国日用五金技术开发中心,"检测/认证,检测/认证,专业技术服务,仪器仪表制造",20-99人,未融资,CC209032314J90250018000,1.本科及以上学历（有学位证书）；  2.机械制造与自动化、电气工程、化学类、热能与动力工程、城镇燃气、暖通及相关专业； 3.工作积极主动，责任心强，严谨的工作态度，良好的沟通能力，具有团队合作精神； 4.有无经验均可。,3月3日,"中心简介中国日用五金技术开发中心是一家隶属于沈阳市国资委的国有企业，成立于1957年。主要从事全国2000多家日用五金生产企业的行业管理、日用五金产品检测、信息交流及标准化的制定，以及新产品及日用五金制品的检测仪器、加工设备的研制开发和技术咨询服务等。拥有国内家用燃气灶具、商用燃气灶具、集成灶、吸油烟机、接触食品材料、压力锅、炊具用品、不锈钢制品、厨房设备、刀剪、锁具、打火机、拉链、指甲钳等百余项的检测资质。半个多世纪以来,为推进五金行业产业结构调整、品牌建设、技术进步、产品创新、市场建设做出了极大贡献。挂靠中心的主要职能部门有全国日用五金标准化中心、国家日用金属制品质量监督检验中心（沈阳）、全国五金工业信息中心、国家日用五金行业生产力促进中心、全国金属餐饮及烹饪器具标准化技术委员会、全国五金制品标准化技术委员会日用五金分技术委员会等，具有一定的行业优势地位。主要业务如下：全国日用五金标准化中心在国家标准化管理委员会的领导下承担日用五金行业的国家和行业标准的制、修订技术归口工作。作为TC410全国金属餐饮及烹饪器具标准化技术委员会和TC174全国五金标准化技术委员会日用五金分标会秘书处负责主持制、修订涉及接触食品类的金属器具及相关五金制品的国家标准和行业标准；负责ISO/TC186国际标准化组织餐具技术委员会的国内归口工作，在制、修订接触食品的器具及材料的国际标准的过程中，代表我国提出意见并推动相关国际标准在我国的应用。国家日用金属制品质量监督检验中心是国家质量监督检验检疫总局授权的国家级检验机构，主要开展日用五金产品的国家监督抽查、生产许可证产品检验及接受社会各方的委托检验等工作，并为社会各界提供日用五金产品相关的技术支持和服务。全国五金科技信息中心主要从事日用五金行业的国内外的行业信息收集和服务；主持中国五金制品协会日用五金分会秘书处工作、组织国内外行业信息交流；出版国内外公开发行的技术刊物《五金科技》杂志；定期召开全国锁具、刃具、炊具等行业信息交流会议。国家日用五金行业生产力促进中心是一个集科研和行业技术服务为一体的技术机构，主要针对日用五金行业的中小企业的新产品、新技术、新工艺、新设备的研发提供服务；组织行业重大技术攻关活动；建立中小企业共享服务平台，推动中小企业的科技创新能力和市场竞争力。","https://www.zhaopin.com/jobdetail/CC209032314J90250018000.htm?refcode=4019&srccode=401901&preactionid=a7c1140f-c46c-45e5-b867-ab342d8bdc77"
2161,前端开发,南京-秦淮区,5000-8000元,江苏嘉禾环境科技有限公司,"电子/半导体/集成电路,电力/水利/热力/燃气,贸易/进出口",20-99人,,CC681771920J40754795211,工作内容： 1负责项目前端页面的构建； 2负责前端样式和脚本的模块化设计及优化； 3配合后端开发工程师，完成接口的对接； 4维护和升级现有软件，编写项目维护文档； ,7月25日,粢黍稻其采谓之禾。盖凡谷皆以成实为费，禾象穗成，故为嘉谷之通名，谷未秀曰苗，已秀曰禾。--《广雅•释草》嘉禾创业者希望学习禾苗的悠远、广博，冠之以嘉则是更希望禾苗经过了成长而坚韧、仁爱。嘉禾环科成立之初即以推动环境科技的小小进步为己任，并期待积跬步以至千里、积小流以成江海，结识更多的师长和朋友，一起合作共赢，互相促进成长，与此同时可以跟随伟大祖国的步伐，每天取得一点点的前进。2015年嘉禾成为德国水文监测仪器的中国总代理，2017年嘉禾收购该德国公司的股份成为最大控股股东，2019年至2020年结合中国的实际需求和应用环境完全自主研发了自己的实时在线水文监测仪器。一路走来着实不易，始终坚持科技第一、不懈创新的理念。无线时差法测流设备更是填补了国内空白，对宽阔天然河流、赶潮河流和低流速河流的流速流量测验均取得了令人瞩目的成绩，为这一水文监测领域难点提供了可靠有效的方法。公司与许多国内外水资源管理、港务系统和市政单位有着广泛的合作，比如瑞士联邦环境署、德国汉堡港、德国下萨克森洲国土资源局、葡萄牙艾武拉灌渠、南非莱索托大坝、中国太湖局、长委、黄委设计院和许多地方水利水文系统等等。嘉禾竭诚为您提供以下产品和综合方案：水文（时差法测流和视频测流方案）、水质实时在线监测设备；市政调蓄截流整体方案和管道检测设备；污水处理厂相关节能高效药剂；3D数字孪生实景建模及软件展示；各类野外监测生产站点的装配式建筑；海底、电力、陆上管线以及井下的高性能光纤监控；以及需要我们全世界寻找整合的先进理念和技术。我们愿意与您一起，在数字中国、水资源领域的物流网和智慧城市和农村的建设中努力实干、共创未来！,"https://www.zhaopin.com/jobdetail/CC681771920J40754795211.htm?refcode=4019&srccode=401901&preactionid=a7c1140f-c46c-45e5-b867-ab342d8bdc77"
2162,技术支持工程师,南京-江宁区,6000-12000元,南京清电物联科技有限公司,电气机械/电力设备,20-99人,,CC869579410J40569154211,岗位职责： 1、负责与公司销售人员交流沟通，解答销售人员疑问，为公司的销售团队作技术保障； 2、负责与客户进行技术交流； 3、前期现场勘察与方案设计； 4、负责老客户和项目客户设备的维修、维护和技术支持； 5、了解客户需求，配合研发部门进行相关的工作； 6、完成上级交办的其他工作。 任职要求： 1、公办本科学历以上，电气自动化或机电一体化等相关专业，经验、能力强者可适当放宽学历要求； 2、对APF等电能质量相关产品、储能系统、光伏发电系统、充电桩、能源路由器等某一项或多项有一定的了解，具备一定的写作能力和主动学习能力； 3、对整个电网系统有一定的了解，熟悉配网环节，熟悉行业规范及电气标准； 4、应届生或3年以上相关工作经验，具有在电气设备工作现场经验者优先考虑； 5、人品好，有良好的道德和职业素养，踏实肯干能吃苦，有坚韧不拔的拼搏精神； 6、能适应不定期的加班和外地出差（行业特点决定）； 7、有较强的责任心，良好团队协作能力、沟通能力、谦虚踏实、沉着冷静，有较强的逻辑思维和表达能力。 工作地址：江苏南京市,7月15日,南京清电物联科技有限公司，是一家以电能质量综合治理设备制和新能源微电网设备为主导产品，集研发、生产和技术服务为一体的高新技术企业。公司坐落于南京市江宁区经济开发区，注册资金600万。公司以追求卓越的理念和开放创新的精神，致力于为电网公司和广大用户工程提供优质的产品和服务。公司自成立以来，与清华大学、上海交通大学、中国电科院等国内知名高校及科研院所的团队深入合作，不断提升产品的技术档次和内在品质，企业的核心竞争能力不断得到增强。公司研发生产的电能质量综合治理装置，可广泛应用于电网变电站、冶金、石油、化工、建筑、港口、铁路、电信等各个领域。公司研发的“配网多端口能源路由器”，将有效支撑未来能源互联网的“能源互联、信息共享、业务互动”，通过能量流、业务流和信息流的高度融合控制，可实现分布式能源与电动汽车自适应接入、柔性负荷的需求侧管理和高效利用，提高未来能源互联网的资源配置能力和安全可靠运行能力。通过几年的自主创新发展，公司取得了众多自主创新研发成果。2021年、2022年、2023年公司均被认定为科技型中小企业。2022年，公司通过国家高新技术企业认定。2019年，公司获得南京市江宁区高层次创业人才引进计划项目奖励，2021年，获得南京市紫金山英才先锋计划高层次创新创业人才项目奖励，2023年，获得江苏省双创人才奖励。当前，面对国家“双碳”战略和新型电力系统建设带来的新机遇和新挑战，我们将一如既往地坚持“安全、智能、高效、卓越”的经营理念，竭诚为用户提供优质的产品和服务，为国家电力工业的发展做出应有的贡献！,"https://www.zhaopin.com/jobdetail/CC869579410J40569154211.htm?refcode=4019&srccode=401901&preactionid=a7c1140f-c46c-45e5-b867-ab342d8bdc77"
2163,C/C++,南京-江宁区,7000-9000元,格力电器(南京)有限公司,"电气机械/电力设备,耐用消费品",1000-9999人,未融资,CC657314880J40780060802,1、任职要求 2025届毕业生，软件工程、计算机科学与技术偏软件开发等相关专业； 2、岗位职责 ①需参加公司级大学生训练营； ②负责项目软件开发，包含系统设计、编码实现优化以及后续的测试与保障； ③负责相关项目系统问题响应、故障排查修复、功能优化升级。,7月25日,"格力电器（南京）有限公司成立于2018年3月，总投资逾100亿元人民币,总占地约615亩，坐落于交通便利、风景秀丽的江宁大学城附近，是格力电器在全球兴建的第12个生产基地。格力南京产业园生产产品涵盖空调分体机、多联机、单元机、风管机等多个品类。格力坚持“以人为本”的信念，倾心将南京产业园打造成“花园式”的办公环境和“一站式”的员工配套生活圈，使员工在开心工作的同时也能享受愉悦的生活环境。格力奉行“能者上，庸者下”的实文化和“公平公正、公开透明、公私分明”的三公管理方针，为所有员工提供广阔的晋升空间，真正做到机会面前平等。同时，格力坚持自主创新，积极推动技术产业升级与变革，巩固中国制造业的品牌形象，用实际行动践行“让世界爱上中国造”的宏伟目标。","https://www.zhaopin.com/jobdetail/CC657314880J40780060802.htm?refcode=4019&srccode=401901&preactionid=a7c1140f-c46c-45e5-b867-ab342d8bdc77"
2164,测试工程师,武汉-汉阳区,140-150元/天,广州市凯泽利科技有限公司,"汽车研发/制造,汽车研发/制造",100-299人,未融资,CC823999070J40870293715,岗位要求： 1、​专业要求：车辆工程，电子电信，通信工程，自动化，计算机相关领域专业（硬性要求） 2、能力要求：在校期间有测试相关的课程学习经验、有过需要测试的在校项目经验、测试项目的实习经验（半硬性要求，加分项） 3、良好的沟通协调能力，能够自主寻找问题的解决办法（柔性要求） 4、有一定的代码编写/阅读能力，有Linux基础/ADB命令基础（硬性要求） 5、有禅道、jira、tapd等缺陷管理系统的使用经验（柔性要求） 工作内容： ​1.按照测试用例进行相应的手动或自动化测试，及时发现系统的潜在问题和风险； ​2.支持测试开发人员进行测试程序开发和测试环境的搭建； ​3.性能测试的跟踪和记录等； 4.完成测试需求分析、测试用例编写、测试执行以及测试报告的编写； 5.跟踪产品缺陷，协助开发定位问题； ​待遇福利： ​1、一周5天，每天8小时，朝九晚六，午休12点-1点半； 薪资3000元/月 ​2、提供实习证明； ​3、表现优秀者，按照项目需求情况可转正。,2025年07月30日,广州市凯泽利科技有限公司，坐落于广州市天河区，是一家集整车开发与产品设计研发经验于一身的技术服务型企业。公司致力于为客户提供全方位的软件测试流程一站式服务，涵盖汽车技术支持、软件测试委外服务、测试自动化解决方案、嵌入式技术支持、软件开发项目承接、测试辅助工具开发、自动驾驶数据标注、汽车信息安全测试、汽车设计、运营与项目管理、专业培训及工具代理等多个关键领域。在产品研发方面，凯泽利科技自创立之初，便专注于汽车软件测试自动化平台的研发，并成功自主研发出了一款自动化测试平台。该平台采用先进的Web服务器架构，支持Web和Windows两大客户端，具备远程执行测试与监控结果的功能，并实现脚本的云同步。通过该平台，用户可以在办公室内远程操控实验室内的多个台架，全面支持IVI的所有输入输出，能够覆盖90%以上的测试用例。此外，平台还具备集中管理测试脚本和测试报告的功能，极大地方便了脚本的共享与报告的分析，是汽车软件测试工作中不可或缺的得力助手。在企业资质上，凯泽利科技荣获多项殊荣，包括国家高新技术企业、专精特新企业、中等规模以上企业、科技型中小企业以及创新型中小企业等称号。此外，公司还荣获了广东省守合同重信用企业称号，并通过了ISO9001认证和信息安全管理认证，在技术创新方面，凯泽利科技同样表现出强大的研发实力。目前，公司正在申请的国家发明专利已有10余项，并成功获得了10项国家发明专利授权和19项软件著作权授权。目前，凯泽利科技的主要客户包括广汽研究院、深圳联友科技、小鹏汽车、江铃汽车、马瑞利、广汽丰田、广汽能源、岚图汽车、广汽埃安、东风日产、星河智联、南方试验场、立昇科技、祺迹汽车科技、比亚迪、合创汽车、广州优尼冲压等知名企业。,"https://www.zhaopin.com/jobdetail/CC823999070J40870293715.htm?refcode=4019&srccode=401901&preactionid=a7c1140f-c46c-45e5-b867-ab342d8bdc77"
2165,测试工程师,青岛-崂山区,2-4万,歌尔股份,电子/半导体/集成电路,10000人以上,,CC132726540J40662546306,岗位职责: 1、主导测试工作 ，包含需求分析、拟定测试方案、开发设计文档；并完成相关嵌入式硬件、应用硬件、系统硬件的功能测试、性能测试、稳定性测试； 2、主导产品硬件验收测试 ，负责产品推广样机及演示样机的摸底测试； 3、根据项目及产品计划，主导完成认证测试； 4、协助完成研发流程管理； 5、依据实际情况，完善测试方法和测试手段，提高测试效率。   任职要求: 1、本科及以上学历，计算机科学与技术，软件工程，电气工程等相关专业； 2、需要有2年及以上的电子产品或者智能硬件的测试经验； 3、较好的沟通能力以及抗压能力； 4、可配合加班和出差。,4月9日,歌尔股份有限公司成立于2001年6月，2008年5月在深交所上市，是全球布局的科技创新型企业，主要从事声光电精密零组件及精密结构件、智能整机、高端装备的研发、制造和销售，目前已在多个领域建立了综合竞争力。秉持一站式服务为客户创造更大价值的理念，歌尔深耕产业价值链上下游，已与消费电子领域的国际知名客户达成稳定、紧密、长期的战略合作关系。从上游精密元器件、模组，到下游的智能硬件，从模具、注塑、表面处理，到高精度自动线的自主设计与制造，歌尔打造了在价值链高度垂直整合的精密加工与智能制造的平台，为客户提供全方位服务。歌尔研发布局全球，在美国、日本、韩国、丹麦、北京、青岛、深圳、上海、南京、台湾等地分别设立了研发中心，以声光电为主要技术方向，通过集成跨领域技术提供系统化整体解决方案。我们一起创造We make it together我们是要用青春、生命，学习掌握现代一流科技，研究把握现代人内心需求，运用现代一流科技和深沉持久的爱心创造出具有卓越品质的声学、光学、微电子等产品，为人们的生活创造美好的声音、画面、创造美好的情怀、品德和生命形态等，让全世界所有与歌尔相关的客户、员工、股东、合作伙伴的生活因歌尔的存在而变得更加美好。>;秉持一站式服务为客户创造更大价值的理念，歌尔深耕产业价值链上下游，已与消费电子领域的国际一流客户达成稳定、紧密、长期的战略合作关系。从上游精密元器件、模组，到下游的智能硬件，从模具、注塑、表面处理，到高精度自动线的自主设计与制造，歌尔打造了在价值链高度垂直整合的精密加工与智能制造的平台，为客户提供全方位服务。>;歌尔研发布局全球。在美国、日本、韩国、丹麦、瑞典、北京、青岛、深圳、上海、南京、台湾等地分别设立了研发中心，以声光电为主要技术方向，通过集成跨领域技术提供系统化整体解决方案。>;我们一起创造　We make it together!,"https://www.zhaopin.com/jobdetail/CC132726540J40662546306.htm?refcode=4019&srccode=401901&preactionid=a7c1140f-c46c-45e5-b867-ab342d8bdc77"
2166,测试工程师,西安-长安区,6000-12000元,西安克拉克通信科技有限公司,"通信/网络设备,船舶/航空/航天/火车制造",20-99人,未融资,CC667768520J40817779508,任职要求： 1)电子、自动化、控制、机电一体化等相关专业本科及以上学历‌； 2)熟悉数字、模拟电路及相关电子知识，了解变频器、伺服驱动器及其相关测试项目‌； 3)掌握软件测试理论和流程，能够进行性能测试、硬件测试、功能测试等‌； 4)具有良好的团队合作意识及责任心。 岗位职责： 1)负责伺服驱动器研发阶段和批量生产阶段的测试工作，包括功能测试、可靠性测试、环境测试、安全测试等，并编写测试报告‌; 2)根据产品技术协议需求和设计文档，制定产品测试计划，分析测试需求、编写测试报告，并维护测试流程‌; 完成测试环境的设计与配置工作，维护测试平台，统计和分析测试结果，提高测试效率和质量； 3)负责相关缺陷的跟踪和管理，与产品和开发团队密切合作，推动问题解决‌； 4)为相关部门提供测试支持与培训，软件版本升级后进行全面测试，并提供用户现场技术支持‌ 5)能适应出差，对天线设备进行售后服务等技术支持工作。,6月25日,西安克拉克通信科技有限公司位于西安航天基地北航科技园内，是一家集研发、生产、销售为一体的卫星通信天线产品专业厂家。公司创始者都是天线专业研究所出来的骨干精英，是一支高素质专业团队。这个团队拥有丰富的天线产品生产经验、强烈的质量意识、保密意识及严谨、求实的工作作风。公司以高起点、高目标为前提，坚持求真务实、不断创新，紧跟国际先进技术水平，争创一流品牌，并同西安交通大学、二炮工程大学、航天五零四所等高等院校、科研院所开展了多项技术交流与合作，保证公司技术的创新和产品研制的可靠性与实用性。公司主要的产品有：各种口径的车载、船载、机载动中通天线（其中包括平板天线、中高度天线、抛物面天线等）；静中通天线；便携式天线（手动、自动）；固定站天线（手动、自动）以及微波部件产品。公司以“顾客至上、信誉第一”为宗旨，竭力为广大顾客提供优质的产品和更完善的服务，为我国卫星通信事业的发展做出自己应有的贡献。,"https://www.zhaopin.com/jobdetail/CC667768520J40817779508.htm?refcode=4019&srccode=401901&preactionid=a7c1140f-c46c-45e5-b867-ab342d8bdc77"
2167,测试工程师,西安-雁塔区,6000-9000元,西安恩仪联技术有限公司,IT服务,100-299人,,CCL1481675750J40718610511,岗位内容： 1. 执行硬件测试任务，并维护测试数据和文档； 2. 跟进测试过程中发现的问题，协助解决硬件缺陷； 3. 收集硬件测试需求，推动测试工具和方法的改进。 任职要求： 1. 大专及以上学历，熟悉常用的硬件测试方法和工具，有相关经验者优先考虑； 2. 善于沟通和协作，具有良好的团队合作精神； 3. 具备较强的学习和自我提升意愿，能够快速适应新环境和新技术。,5月30日,,"https://www.zhaopin.com/jobdetail/CCL1481675750J40718610511.htm?refcode=4019&srccode=401901&preactionid=a7c1140f-c46c-45e5-b867-ab342d8bdc77"
2168,C/C++,沈阳-皇姑区,5000-10000元,沈阳东博恒翼科技有限公司,"计算机软件,专业技术服务,计算机硬件",100-299人,未融资,CC272580020J40912127504,1、从事航空机裁产品，地面保障设备和测控设备开发领域的相关研发工作;,5月15日,沈阳东博恒翼科技有限公司成立于2010年，是一家致力于解决软件项目人才短缺问题的专门服务外包型公司。是NTT、方正、海辉、中软、东软等国内知名企业的常年人才服务供应商。目前，东博已经在国内各主要软件城市设立分支机构，实现了“立足沈阳，服务全国”的战略部署。为软件企业跨地域的项目实施提供人力保障。东博公司是国内拥有独立软件人才数据库的人才服务机构之一。结合长期的外包/分包业务经验，我们独立开发了HMS业务支撑系统，该系统的应用使我们的操作更规范，流程更优化。由超专业化人才招聘团队，以真诚的服务、专业的素质期待与您的合作。,"https://www.zhaopin.com/jobdetail/CC272580020J40912127504.htm?refcode=4019&srccode=401901&preactionid=a7c1140f-c46c-45e5-b867-ab342d8bdc77"
2169,前端开发,成都-武侯区,160-200元/天,北京思路创新科技有限公司,"计算机软件,环保,IT服务,学术/科研",300-499人,未融资,CC148167610J40667662207,岗位职责：,3月20日,北京思路创新科技有限公司（以下简称“思路创新”）植根于清华大学。1998年成立以来，我们一直专注于环境信息化领域的产品和技术研发，是国内、行业领先的环境大数据和智慧环保解决方案提供商。公司总部位于中关村科技园区，全国设有20余个分支机构。客户覆盖全国，为环境保护部、交通运输部等中央部委和省、市、县三级3000多家环境管理部门和企事业单位，提供具有竞争力的整体解决方案，在多个产品方向一直保持业内领先。近20年来，思路创新紧密依托清华的科研力量与人才平台，多次承担国家重点研发计划、国家科技支撑计划、“863计划”等项目和研究课题。拥有完整的信息化咨询及产品研发体系，结合大数据、物联网、云计算、移动互联等新技术手段，形成了覆盖环保全业务的大数据平台体系，同时打造了空气质量预警预报、水环境管理、许可证及排污权交易、环境应急、辐射管理、综合信息平台等众多产品线。作为国家高新科技企业、北京市重点软件企业，我们成立了思路智慧环境科学技术研究院，并与清华大学共同成立环境管理创新、环境大数据、环境物联网三大研究中心。凭借强大的人才优势、科研实力和卓越产品，荣获了国家环保科学技术一等奖、国家规划布局内重点软件企业、政府信息化应用优秀供应商等几十项荣誉。同时参与数十项国家行业标准制定，始终引领行业的发展。思路创新秉承清华大学“自强不息、厚德载物”的传统，锐意进取、真诚守信，一切为客户需求，一切为客户利益，以创新科技成就中国环境保护；以精益求精服务生态文明建设。,"https://www.zhaopin.com/jobdetail/CC148167610J40667662207.htm?refcode=4019&srccode=401901&preactionid=a7c1140f-c46c-45e5-b867-ab342d8bdc77"
2170,测试工程师,杭州-余杭区,6000-9000元,杭州华罡智能科技有限公司,"仪器仪表制造,仪器仪表制造",20-99人,未融资,CC479299180J40751675203,1.本科学历，电子信息工程、计算机、软件工程等相关专业 2.熟练掌握常用的软件测试方法、软件工程知识，熟悉嵌入式软件的测试工作； 3.熟练掌握C、JAVA等编程语言； 4.熟练运用一到多种脚本语言进行测试脚本的编写； 5.熟练操作SQL Server 、MySQL等数据库； 6.具有良好沟通协调能力及团队协作精神，责任心强； 7.乐于接受挑战，能承受住压力，不断追求创新。 8、具有嵌入式软件测试经验者优先；,6月11日,杭州华罡智能科技有限公司，地址位于浙江省杭州市余杭区五常大道181号华立科技园，注册资本1000万元。公司主要致力于电力计量及能源测控领域的技术研究和产品开发，为客户提供该领域内的硬件设备、软件、服务和解决方案。我们拥有热诚的员工和强大的研发能力，核心团队成员均毕业于中国人民大学、浙江大学、哈工大等重点院校，90%的员工具有本科以上学历。可快速响应客户需求，提供客户化的产品和端到端的服务，助力客户商业成功。公司始终秉承“客户至上，质量第一”的经营理念，坚持“身、心、言、行”四正的原则，依托于核心团队深耕电力行业多年的技术及市场积累；通过自身的不断创新，持续推出具有领先技术的专业化产品，为客户提供优质的产品及服务，以满足国家电网、南方电网、地方电力等客户的多样需求。目前公司已经拥有“采集运维现场作业系统”、“智能计量测控仿真系统”、“实验室计量故障智能诊断系统”、“二次回路状态监测仪”等系列产品。公司本着“创新驱动、生态发展”的战略方针，立志成为行业内的领跑者。,"https://www.zhaopin.com/jobdetail/CC479299180J40751675203.htm?refcode=4019&srccode=401901&preactionid=a7c1140f-c46c-45e5-b867-ab342d8bdc77"
2171,实施工程师,北京-海淀区,8000-12000元·13薪,武汉日昇昌信息技术有限公司,计算机软件,20-99人,,CCL1487077380J40788552005,岗位内容： 1. 协助销售部门制定技术方案，负责公司产品的实施安装、调试及优化。 2. 为客户提供技术支持和培训，解决客户问题并提供相应建议。 3. 与团队成员紧密合作，协作推进项目进展，达到项目目标。 任职要求： 1. 具备相关专业学历，具备技术方案制定和实施经验者优先。 2. 熟悉网络设备的安装及调试知识，具备TCP/IP协议相关知识。 3. 具备一定的团队协作能力和沟通能力，能有效跟进项目进展。 4. 主动积极的工作态度，具备较好的学习能力和解决问题的能力。,7月14日,,"https://www.zhaopin.com/jobdetail/CCL1487077380J40788552005.htm?refcode=4019&srccode=401901&preactionid=a7c1140f-c46c-45e5-b867-ab342d8bdc77"
2172,科研人员,石家庄-裕华区,1.5-3万,诚志永华,"石油/石化,检测/认证,医药制造,学术/科研",500-999人,已上市,CC334863518J00443693208,职责要求 1、负责液晶显示材料或OLED显示材料开发工作。 2、指导研究员和助理研究员的研发工作，及时有效地解决合成中遇到的问题。 3、能够熟练使用各种文献检索工具，熟练阅读和理解英文专利和文章。 任职资格: 1、博士，专业：有机光电、化学工程与工艺、有机合成、光学等专业； 2、熟悉相关办公软件，英语熟练，具有团队合作精神。 职位福利：五险一金、带薪年假、免费班车、员工旅游、周末双休、绩效奖金、包住、包吃   ,6月30日,石家庄诚志永华显示材料有限公司是上市公司诚志股份有限公司下属控股公司，是一家以研发、生产、销售新型显示材料的高新技术企业，集团总部诚志股份有限公司是清华大学发起成立的国有控股公司，资金实力雄厚。公司始建于1987年，拥有员工700余人，总资产约21亿元，总部设立于河北省石家庄市高新区，拥有深圳分公司、武汉研发中心等分支机构。诚志永华产品涵盖单色液晶材料、TFT-LCD液晶材料和OLED材料等多个领域，以性能稳定的产品和丰富的售前、售中、售后技术服务为广大客户提供一站式服务，实现“产品应用、服务范围”双双全覆盖，营销范围辐射日、韩、台湾等地，单色液晶材料、TFT液晶材料市占率均处于较高地位。公司拥有三大研发中心，配备具有国际顶尖水平的实验室，团队由清华大学等知名院校的尖端人才、行业知名人士和学者组成，积累了丰富的行业经营、管理经验与技术储备。近年来，相继被认定为“国家企业技术中心”、“河北省有机光电材料重点实验室”、“河北省平板显示材料技术创新中心”、“河北省有机显示材料工程研究中心”等，同时也是国家第六批制造业“单项冠军”产品企业、国家技术创新示范企业、国家知识产权示范企业、河北省战略新兴骨干企业，曾多次荣获“国家重点新产品奖”、“国家发明专利优秀奖”、“河北省科技进步一等奖”、“中国新型显示产业链贡献奖”等荣誉。1、六险一金、法定假日、带薪年假、活动经费；2、全天自助餐、标准住宿、市区班车；防暑费、劳保费、通讯费等；3、年终绩效奖，季度绩效奖，优秀员工奖，各种专项项目奖励； 4、户外拓展、职工运动会、竞技比赛、年会等各项文体活动。,"https://www.zhaopin.com/jobdetail/CC334863518J00443693208.htm?refcode=4019&srccode=401901&preactionid=a7c1140f-c46c-45e5-b867-ab342d8bdc77"
2173,科研人员,深圳-南山区,3-5万,武汉大学深圳研究院,培训/辅导服务,20-99人,,CC542175720J40659474315,武汉大学深圳研究院成立于2000年，是武汉大学在深圳成立的事业法人单位。建院以来，在深圳市政府的支持下，依托武汉大学教育科研的深厚基础，在推进科技成果转化、搭建研发平台、培养高层次人才方面取得了显著成绩，已经组建了13个重点实验室（深圳研发中心），转化了数十项技术成果，培育了数十家高新技术企业。 武汉大学深圳研究院博士后创新实践基地为深圳市人社局于2020年2月批准成立，与武汉大学博士后流动站联合培养博士后，依托武大流动站招收博士后。（即入武汉大学的博士后流动站，工作站在深圳研究院）。 一、研究工作方向 集成电路的设计、验证和封测（主要包括数字/模拟IC或IP的开发和应用、系统级Simulation/Emulation平台设计、测试方法和芯片失效分析等）   二、招聘人数   2-3人   ,5月29日,武汉大学创办于公元1893年，至今已有120年历史，是中国近现代成立最早、规模最大的综合性大学之一。武汉大学也是国家“985工程”和“211工程”重点建设高校，是首批设立博士后科研流动站的高校之一，目前设有23个博士后流动站。近年来，每年承担1千余项自然科学研究项目，多项研究成果达到国际先进水平。武汉大学深圳研究院成立于2000年，是武汉大学在深圳成立的事业法人单位。建院以来，在深圳市政府的支持下，依托武汉大学教育科研的深厚基础，在推进科技成果转化、搭建研发平台、培养高层次人才方面取得了显著成绩，已经组建了11个重点实验室（深圳研发中心），转化了数十项技术成果，培育了数十家高新技术企业。同时也承担了多项深圳市的重大、重点课题。主要从事以下工作：一，有计划、有系统、全方位地培养各类高素质应用型人才，并开展学术交流活动；二，开展科研成果交流、交易等高科技推广活动；三，高新技术产品研发、小规模生产等产业化活动；四，创立创业平台，为孵化高科技企业作贡献。8年来，研究院充分发挥武汉大学学科门类齐全和师资力量雄厚的优势，实施多层次、多渠道、多形式办学，初步建立起了从本科生到博士生的人才培养体系；全力打造MBA、JM、MPA三大专门学位，优先发展法学、管理学、经济学、计算机、化学、生物等优势学科，逐步铸就了“理论顶天，实践立地”、“中体西用”、“强调社会责任与奉献价值”等具有武大特色的教育品牌。各类本科、硕士、博士常年在读的在职学员有3000余人；在科研成果转化和企业孵化方面，积极探索，大胆创新，建立两个国家重点实验室深圳研发中心，催生了21家高新技术企业，转化了30项技术成果。详情请登录武汉大学南方之窗网址：www.whunf.com百年名校，深圳十几年教育培训高端品牌，渴求有志有才者加盟！,"https://www.zhaopin.com/jobdetail/CC542175720J40659474315.htm?refcode=4019&srccode=401901&preactionid=a7c1140f-c46c-45e5-b867-ab342d8bdc77"
2174,Java,东莞-None,1.4-2.8万·14薪,外企德科数字技术有限公司,专业技术服务,10000人以上,,CCL1480117890J40793865505,岗位要求： 1、扎实的编程能力，熟悉算法和数据结构；熟悉计算机的基础理论； 2、熟练使用java/c/c++/python/js其中一种语言，掌握Spring相关生态开源框架，熟悉MySql、MQ、Redis、SpringCloud等，熟悉事务、缓存、消息、负载均衡等； 3、熟悉Linux开发环境； 4、具有大规模高并发云服务设计和开发经验优先； 5、有微服务、容器相关开发经验优先。 任职要求： 1、扎实的编程能力，熟悉算法和数据结构；熟悉计算机的基础理论； 2. 软件基础扎实，熟悉掌握但是不限于Java/Js/C/C++/Python/Go/JS等编程语言，有良好的编程习惯。 3. 具备独立工作能力和独立解决问题的能力，善于沟通，乐于协作，热衷于新技术，善于总结分享，喜欢动手实践。,2025-07-27 00:26:00,外企德科数字技术有限公司是一家2023年新成立的中外合资企业。成立于2023年11月24日，公司定位：专注于为信息技术企业提供人才及数字技术外包解决方案的中外合资企业。它是由中国人力资源服务行业的FESCO（北京国际人力资本集团）与全球人力资源服务领导者The Adecco Group（德科集团）合资成立的。公司主要提供网络技术服务、软件外包服务、计算机系统服务、技术进出口、软件开发等信息技术相关服务。专注于为信息技术企业提供信息技术类人才及数字技术外包解决方案。,"https://www.zhaopin.com/jobdetail/CCL1480117890J40793865505.htm?refcode=4019&srccode=401901&preactionid=a7c1140f-c46c-45e5-b867-ab342d8bdc77"
2175,Java,石家庄-裕华区,5000-9000元·13薪,石家庄成约信息技术有限公司,"网络/信息安全,IT服务,互联网",20-99人,天使轮,CC455270580J40591872306,岗位职责 ： 1. 负责公司产品后台模块的设计、开发和维护工作；   2. 负责公司产品与第三方应用的接口对接；,9月23日,石家庄成约信息技术有限公司成立于2016年，是一家朝气蓬勃的计算机信息技术企业，在全国各地设有多个分支机构，公司主要面向政府行业、教育行业、媒体行业等领域，提供基于云平台和大数据技术研发与服务的网络信息技术公司。在行业信息化高速发展的今天，成约信息建立了以云平台建设和大数据技术研发为核心，以云平台系统性能测试与优化、平台安全、应用集成、大数据挖掘、分析与处理等为主要内容的服务体系。公司拥有多项软件产品知识产权，掌握互联网信息的采集与加工处理、数据的存储与应用、异构数据的灵活展现、云平台资源配置与优化、云平台安全监测等核心技术，结合网上网下的双向资源优势，把云平台建设和大数据开发与分析作为公司业务的重点，用诚恳务实的态度为每一位客户提供更多更好更专业的服务。卓越的服务来源于卓越的团队，成约信息拥有一批优秀的职业经理、资深的技术专家、出色的销售团队和亲切的客服人员，通过持续的技术创新，为客户提供7*24小时不间断的优质服务，赢得了更多客户的信赖和支持。我们一直秉承“以诚为本，信守约定”的宗旨，以“客户需求”为导向，在为客户提供专业的技术解决方案的同时建立完善的售前、售后服务体系，致力于把客户服务做到“心”上。我们努力创新，持续提升企业竞争力，与广大客户精诚合作、共创辉煌！,"https://www.zhaopin.com/jobdetail/CC455270580J40591872306.htm?refcode=4019&srccode=401901&preactionid=a7c1140f-c46c-45e5-b867-ab342d8bdc77"
2176,硬件测试,郑州-管城回族区,8000-10000元,重庆科满福人力资源服务有限公司,企业服务,20-99人,,CCL1487604860J40932176204,【岗位职责】 ： 1、进行新产品研发阶段的测试工作 2、完成新产品的功能测试、可靠性测试、环境测 试、安全测试等技术工作 3、制定测试计划，设计测试用例，分析测试数 据，编制测试报告 4、为其他部门提供技术支持，与其他部门的产品 联合测试工作 【薪资待遇】： 试用期：（试用期5350-转正6500）元/月＋300全勤+（300-800）元/岗位补贴+（1000-1500）元/月绩效+加班费=-6000-9000左右,7月15日,,"https://www.zhaopin.com/jobdetail/CCL1487604860J40932176204.htm?refcode=4019&srccode=401901&preactionid=a7c1140f-c46c-45e5-b867-ab342d8bdc77"
2177,测试工程师,淮安-金湖县,8000-10000元·15薪,南京高速齿轮制造有限公司,通用设备制造,1000-9999人,已上市,CC230197010J40784391205,岗位职责: 工作职责： 1、负责所属技术领域的试验、检测技术规范的编制与修订，转化所属技术领域的试验、检测外部标准、规范； 2、负责编制产品检验作业指导书及产品检验工艺卡，评审外部标准、规范、设计图纸、工艺文件； 3、负责培训试验、检验及辅助检验操作人员，对试验、检验及辅助检验操作人员进行岗位技能评估； 4、负责或参与检测工艺技术的开发和验证或参与新检测设备的研发、引进、安装调试和设备性能验证； 5、对公司或部门相关检测技术工作提供支持。   任职要求: 1、本科及以上学历，材料、热处理、物理、化学、机械等相关专背景； 2、具备金相分析、力学、化学、无损检测等专业技术能力； 3、逻辑思维缜密并勇于创新； 4、具备较强的沟通协调能力。 公司优势：行业领先、上市公司、发展前景好、发展通道完善、专业培训、管理规范 福利体系：全额五险一金、补充医疗保险、免费班车、免费工作餐、员工公寓、带薪年假、节日礼金、高温补贴、年终奖金、定期体检、子女福利、社团活动,7月26日,南高齿集团以“为人类文明传递进步动力”为己任，致力于为全球用户提供齿轮箱与传动技术解决方案。公司始于1969年，隶属于港股上市公司“中国高速传动（00658.HK）”，现有员工7000余名，业已成为涵盖风力发电、工业智能装备、机器人减速机、新能源汽车等领域的全球齿轮传动领军企业，旗下品牌“NGC”是江苏省重点培育和发展的国际知名品牌。主要荣誉有：制造业单项冠军示范企业、国家技术创新示范企业、中国品牌500强、Windpower Monthly 2022年度最佳传动链金奖、500+个有效专利、100+个国家及省、市级荣誉奖励。,"https://www.zhaopin.com/jobdetail/CC230197010J40784391205.htm?refcode=4019&srccode=401901&preactionid=a7c1140f-c46c-45e5-b867-ab342d8bdc77"
2178,软件测试,南昌-新建区,6000-9000元,重庆科满福人力资源服务有限公司,企业服务,20-99人,,CCL1487604860J40925664404,【岗位职责】： 1、软件测试岗位职责  2、接受测试任务，进行需求分析 3、按照测试计划搭建测试环境，并保证测试环境的可靠性 4、按照测试计划编亏测试用例，保证测试用例合理有效 5、按照测试用例执行测试，及时发现缺陷，并使用工具进行管理缺陷 6、编写和提交测试报告，保证测试进度按计划完成 7、参与审核其他测试工程师的测试用例和报告 8、学习公司已有方案和推广使用新的测试技术和工具 【薪资待遇】： 试用期：（试用期5350-转正6500）元/月＋300全勤+（300-800）元/岗位补贴+（1000-1500）元/月绩效+加班费=-6000-9000左右 ,6月30日,,"https://www.zhaopin.com/jobdetail/CCL1487604860J40925664404.htm?refcode=4019&srccode=401901&preactionid=a7c1140f-c46c-45e5-b867-ab342d8bdc77"
2179,实施工程师,商洛-商州区,8000-14000元,青岛安然物联网科技有限公司,"物联网,物联网",20-99人,未融资,CC559764920J40823509804,需要弱电技术、自动化、安防系统、工业互联网+危化安全生产、物联网人才，不要纯软件人才。  你能经常到全国各地出差吗？你能到工业生产现场生产现场做技术支持吗？   真正的奋斗者在安然会有让人值得为之奋斗的事业，会有充实、高效的成长，会有高人一等的收入。   你能做好售前技术支持、根据客户需求，高效制作方案吗？你能做好售中技术支持、指导他人正确安装、部署、调试系统向用户保质保量快速交付吗？你能做好售后维护，高效沟通和落实客户需求吗？   迄今已服务中石化、中石油、延长石油、国能、兖矿、京能、索普、新安、奇美、昊源、潞安、旭阳、垦利、逸盛、海科、酒钢、金发等几百家石化、化工、选煤、钢铁、电厂企业。    安然以客户为中心，以强者为本，抬头乐干，愿意与同道中人联合、链接，携手共建、共用、共享生产安全命运共同体，一起干，一起干，让优秀企业更安全，让优秀企业更高效！,7月13日,基于精准人员定位的工业安全生产信息化管理专家，安全生产信息化管理引领者！作为全国实时定位技术标准工作组成员和应急管理部“工业互联网+危化安全生产”人员定位系统技术支持机构，安然从2012年起致力于基于ZigBee Plus三维立体按需精准定位的“工业互联网+安全生产”的研究，获得了20多项安全智能管控系统发明专利和著作权，持续引领中国化工行业生产现场智慧安全！安然以“准、稳、狠”的ZigBee Plus三维立体按需精准人员定位统和“底数清、数据准、情况明、研判准、措施实”的安全生产信息化平台为核心，整合访客管理、出入口控制、人脸识别、视频监控、语音广播、重大危险源监控、可燃有毒气体监测等系统，对生产现场人、机、料、法、环五大要素进行实时、动态、智能管控和预警，规范人的安全行为，保障人的生命安全，有效防范风险、主动化解风险，实现智慧安全。安然“以用为本”，把安全生产信息化建设与公司管理体系“深度融合”，把安全生产信息化建设与日常工作“紧密结合”，对安全生产切实“有用、实用、好用”，避免建用“两张皮”，让安全管控更智能，让生产更高效才实用。迄今已服务中石化、中石油、延长石油、国能、兖矿、京能、索普、新安、奇美、昊源、潞安、旭阳、垦利、逸盛、海科、酒钢、金发等几百家石化、化工、选煤、钢铁、电厂企业。安然以客户为中心，以强者为本，抬头乐干，愿意与同道中人联合、链接，携手共建、共用、共享生产安全命运共同体，一起干，一起干，让优秀企业更安全，让优秀企业更高效！,"https://www.zhaopin.com/jobdetail/CC559764920J40823509804.htm?refcode=4019&srccode=401901&preactionid=a7c1140f-c46c-45e5-b867-ab342d8bdc77"
2180,实施工程师,广州-南沙区,1-2万·13薪,广州通则康威科技股份有限公司,通信/网络设备,300-499人,未融资,CCL1474473020J40533907209,岗位职责： 1.与海外客户进行产品及技术沟通、提升用户满意度； 2.收集和汇总海外客户反馈的需求、咨询、投诉、交付等产品与技术相关问题，并把问题及时、正确、完整反馈给研发，追踪解决过程和交付结果直至客户确认关闭问题； 3、配合研发在海外进行软硬件测试，并及时、准确地反馈测试结果； 4、协助海外客户进行技术培训、新产品宣讲与演示、方案设计等技术交流工作； 5、负责海外售后，包括但不仅限于现场维护，项目安装等。 任职要求： 1、计算机网络、通信工程、电子信息工程相关专业，本科及其以上学历； 2、1年以上工作经验，有通信类产品（路由器/AP/CPE等）相关产品知识； 3、可适应海外出差，英语熟悉，可用英文作为日常工作语言； 4. 沟通、协调能力良好，针对突发事件，具备良好的紧急应变能力； 5、具有良好的服务意识。,6月25日,广州通则康威科技股份有限公司是广州南沙自贸区重点引进的、致力于4G/5G泛物联网终端及系统设备、工业网关等数据终端与人工智能+行业应用的国家级专精特新“小巨人”企业，国家高新技术企业，公司核心团队是国内最早从事研发CPE产品的知名团队。公司的主营业务是4G/5G FWA（即固定无线接入）CPE数据类终端产品以及5G工业路由器/网关产品的设计、开发、生产与销售，我们基于国内外多家主流芯片厂商方案开发了5G/4G CPE、MIFI、Dongle、不间断网关、工业路由器、PON、WiFi路由器、固移融合终端等无线、有线全系列宽带接入产品，在国内及海外市场占有率名列前茅。公司产品主要面向国内四大电信运营商和海外100个国家的各大电信运营商，以及电力、医疗、金融、交通、石油、煤炭等大型企业/行业客户。借助5G大带宽，低延时及广连接的技术特点，通过5G CPE实现“万物互联”的物联网行业应用场景，可广泛应用于工业互联网、远程医疗、矿山、5G+智慧校园/港口/交通/驾考/电力/工地/农业/物流园/能源/安防、车联网、高清视频、智慧城市和家庭娱乐等垂直行业，适配各种行业终端包括VR/AR/IP摄像头、工业网关、直播机、AGV、无人机和机器人等。预计3年内，公司年出货量超过2000万台。同时，对公司骨干员工实施股权或期权激励，3年左右实现IPO上市，力争成为年销售收入过百亿规模、受人尊敬的优秀上市公司！近期，有不法分子假冒我司（包括但不限于我司、子公司、分公司）名义进行虚假招聘活动，此等不法行为严重损害求职者合法权益以及我司企业形象，对此我司郑重提醒各位求职者：我司从未委托、授权任何第三方组织或个人开展招聘活动。任何机构或个人以我司名义要求求职者下载或使用任何来源不明的APP或链接，或要求缴纳任何形式的费用等行为，均属于诈骗行为。请广大求职者提务必提高警惕，细致甄别招聘信息的真伪。如需核查招聘信息，请通过我司官方渠道进行信息核实。如因违法行为利益受到损害，我司对他人发布虚假招聘信息及其后果不承担任何法律责任，请立即向有关部门举报以及向公安机关报案。,"https://www.zhaopin.com/jobdetail/CCL1474473020J40533907209.htm?refcode=4019&srccode=401901&preactionid=a7c1140f-c46c-45e5-b867-ab342d8bdc77"
2181,科研人员,天津-滨海新区,8000-15000元,天海生基(天津)科技有限公司,学术/科研,100-299人,,CCL1484503970J40608689607,"天津滨海新区细胞生态海河实验室张孝兵课题组招聘博后 细胞生态海河实验室，位于京津冀特色“细胞谷”的心脏地带，不仅是生物医学领域的天津版“国之重器”，更是一个集聚全球细胞产业高端创新资源的科研前沿阵地。中国医学科学院血液病医院（中国医学科学院血液学研究所）作为承建单位，我们致力于引领生命健康产业的高质量发展，并支撑具有全球号召力的生物医药产业集群。我们的目标不仅是在科学研究领域取得重大突破，而且通过我们的努力，为改善人类健康做出贡献。 张孝兵教授领导的课题组，长期专注于干细胞研究和基因治疗领域，已在多个重要科研项目上取得显著成果。通过创新技术，我们实现了血细胞重编程效率和大片段DNA精确插入效率的显著提升，为血液病等遗传疾病的治疗提供了新的可能。 现在，我们邀请有志之士加入我们的团队，共同探索未知，挑战极限，为生命科学谱写新的篇章。如果您热爱生命科学，渴望学习尖端生物技术，致力于在科研领域实现自我超越，细胞生态海河实验室是您理想的选择。 招聘岗位：博士后 岗位职责： 1. 领导学生和技术员开展临床转化研究，推进实验室研究成果的临床应用。 2. 负责撰写中英文论文，总结和推广团队的研究成果。 3. 参与研究基金和专利申请书的编写，争取更多的研究经费和保护知识产权。 应聘条件： 1. 获得生物化学、有机化学、生物工程、化学工程、药学或其它相关专业博士学位。 2. 诚实守信，做事靠谱，具有强烈的责任心和进取心。 3. 对临床转化和商业运作具有浓厚兴趣，愿意为实现课题组研究成果的临床应用和商业化发展做出贡献。 培训与发展机会 1. 个性化培训计划：加入我们后，您将接受一系列针对性的培训，包括细胞培养技术、分子克隆、基因编辑等领域的前沿知识和技能培训，旨在让您快速融入团队并提升个人技能。 2. 职业发展路径：我们重视每位员工的职业发展，提供明确的职业晋升路径。优秀个体将有机会参与更高级的科研项目，包括但不限于项目管理、科研成果发表以及参与国际合作研究。 3. 科研与创新环境：作为科研前沿的实验室，我们鼓励创新和科学探索。您将有机会参与创新课题的研究，与国内外知名科研人员合作，共同为生物医学领域作出贡献。 4. 我们致力于为您提供一个充满挑战与机遇的工作环境，助力您在生物技术领域的职业生涯取得成功。 工作地址 天津滨海新区细胞生态海河实验室 海泰渤龙产业园月新道10号 薪酬待遇和发展机遇 博士后研究人员薪酬待遇 1.薪酬待遇： （1）根据实验室相关规定以及申请人工作能力，实验室及将提供在国内外具有竞争力的薪酬待遇以及科研条件，享受五险一金及实验室相关福利，可提供博士后公寓，具体待遇面议。 （2）如符合条件,可申报获得中国博士后国际交流计划引进项目天津联合资助。 2.发展前景：博士后经过系统培训后，如果表现出色，未来发展机会包括： （1）基因治疗产品商业化后，可拥有原始股权。 （2）从事细胞和基因治疗产品的临床开发和大规模生产。 在细胞生态海河实验室，我们还重视每位员工的全面发展和福祉。以下是我们额外提供的福利细节： 专业培训与学习机会：我们投资于员工的个人和专业成长，提供内部和外部的培训机会，包括成千上万的内部视频、音频和文本学习资料，团队文化和实验通鉴，在线课程、研讨会、国内和国际会议，确保团队成员能够获取最新的科研知识和技能，同时提升格局，长期持续成长。 团队建设活动：拥有无与伦比的团队氛围，鼓励对真善美的追求，协助摆脱原生家庭的局限性，实现人生价值，促进社会进步。我们定期举办团建活动，包括但不限于春秋季团队考察名山大川、周末聚餐、发放营养健康食品、联欢晚会等，以增强团队凝聚力，营造积极和谐的工作氛围。 工作灵活性：为了支持员工的工作与生活平衡，我们提供灵活的工作时间安排，以及在特定情况下的远程工作选项。 健康与福利：实验室配备健身房，拥有现代化的健身设备。除标准保险外，我们还提供定期的健康检查、心理健康支持服务，每月提供数百元的运动和健身激励津贴，关心员工的身心健康，促进个人的全面成长。 奖励计划：为了激励科研创新，对于发表高影响力科研论文或成功申请科研项目和专利的员工，我们提供额外的奖金和认可。如有兴趣，可以参与视频制作，对外服务和公司运营，将获得额外的奖励。 住宿与通勤：对于外地员工，我们提供舒适的住宿选项，减轻搬迁的负担。如果选择与家人同住，每天有定点通勤班车。 加入细胞生态海河实验室，您不仅将成为一名科研人员，更将享受到我们为您精心准备的全方位福利支持，共同构建一个积极向上、持续发展和实现阶层跨越的科研环境。 应聘材料提交指南 个人详细简历：请提供包括教育背景、工作经验、专业技能和个人成就的完整信息。突出与所申请职位相关的经验和技能，包括任何特定项目、实验技术或研究成果。如适用，请列出任何相关的出版物、会议演讲或专利。 个人陈述：在一至两页纸内简明阐述您的职业目标、对所申请岗位的理解以及为什么认为自己是合适的候选人。描述您如何看待自己的技能和经验与实验室的研究方向和需求相匹配。分享您对未来科研工作的展望和您希望在实验室中如何贡献。 支持性证明材料：请提供至少两封推荐信，最好是来自您之前工作或学习中的直接主管或导师，直接反映您的专业能力和工作表现。如果有难度，请提供两名推荐人的微信联系方式。如有其他支持材料，如荣誉证书、项目作品、视频制作、技能证书等，也欢迎一并提交。   提交方式：请将所有应聘材料整理为PDF格式，并以“姓名-申请职位”为文件名。发送至指定的电子邮箱：*******************。 我们期待着您的应聘材料，希望通过这一过程更好地了解您的背景和潜力。加入细胞生态海河实验室，您将获得一个展现才能、实现职业发展的平台。   细胞生态海河实验室简介 位于天津滨海新区的细胞生态海河实验室，是由中国医学科学院血液病医院（血液学研究所）承建，成为生物医学领域的重要基地。实验室园区建筑面积81600平米，占地面积约57900平米。作为“细胞谷”的核心，实验室致力于聚焦全球细胞产业创新，推动生命健康产业的高质量发展。拥有先进的研发实验室和GMP中试车间等，实验室为员工提供住宿和通勤便利，打造有利于科研和生活平衡的环境。   承建单位血液学研究所简介 中国医学科学院血液病医院（血液学研究所）自1957年成立以来，作为国内外知名的血液病专科医院和研究中心，致力于血液病的研究、诊断和治疗。作为国家重点实验室和科技创新基地，血液学研究所持续引领血液病学科的发展，取得了诸多原创性科研成果，并获得国内外的高度认可。   张孝兵教授实验室简介 张孝兵教授领导的实验室是细胞生态海河实验室、中国医学科学院血液学研究所及天津市基因治疗重点实验室的核心部分，专注于临床细胞治疗、免疫治疗和基因治疗。通过技术革新，尤其是在转基因载体技术上，该团队显著提高了血细胞重编程与DNA精确编辑的效率，实现了前所未有的突破，相应载体已经授权在全球数百家一流实验室和公司使用。   近年来，课题组在基因编辑领域取得了显著进展： 1.  开发的GREPore-seq技术，通过长链PCR和纳米孔测序，精确检测CRISPR/Cas9编辑后的基因变化。 2.  他们的研究展示了同源指导修复（HDR）和双链ODN插入技术在减少CRISPR-Cas9引起的DNA损伤中的重要作用。 3.  此外，该组还深入比较了SpCas9与SaCas9两种CRISPR系统，在基因编辑的效率、准确性和脱靶效应方面的差异。 4.  特别值得一提的是，该课题组成功应用新技术，在小鼠模型中治愈了血友病A，这一成就标志着研究的高度成熟及向临床应用迈进的潜力。   主要研究方向包括： 1.  iPSC定向分化：利用iPSC的潜能，分化成具有治疗效果的免疫细胞，开辟免疫疗法的新路径。 2.  血友病CRISPR基因治疗：通过CRISPR技术，为血友病患者探索更有效的治疗方法。 3.  LNP靶向递送：研究脂质纳米颗粒在基因治疗药物递送中的应用，以提高疗效并减少副作用。 4.  纳米孔测序与生物信息学：开发基于纳米孔测序的分析流程，全面监控基因编辑与治疗产品的质量。   张孝兵教授及其团队的研究不仅在学术上取得重要进展，也为相关技术的商业化转化和临床试验奠定了坚实的基础，展现出巨大的社会和经济价值。",1月8日,,"https://www.zhaopin.com/jobdetail/CCL1484503970J40608689607.htm?refcode=4019&srccode=401901&preactionid=a7c1140f-c46c-45e5-b867-ab342d8bdc77"
2182,前端开发,广州-南沙区,100-150元/天,广州中科易德科技有限公司,计算机软件,20-99人,,CC827639680J40733881207,招26届实习生 岗位职责： 1. 负责Web端系统功能设计和实现； 2. 使用Js，Html5等前端技术，创建用户友好、符合标准、跨平台的应用； 3. 建立前端组件库、技术标准和质量控制方法，优化前后端开发方式及协作流程；   任职要求： 1. 具备良好的计算机基础，了解常用的数据结构和算法； 2. 熟悉 HTTP 的基本工作原理及常用 Web 调试工具； 3. 熟练使用主流的JS开发框架（Vue、react、layui优先）； 4. 具有小程序开发经验优先； 5. 系统思维能力好，善于沟通。,4月11日,广州中科易德科技有限公司，是由广州软件应用技术研究院（原“广州中国科学院软件应用技术研究所”）孵化成立的科技企业，企业前期已获得广东省食品监管大数据工程技术研究中心和广州市数据智能与应用技术重点实验室的认定，目前已掌握70+项国家、省级标准规范、50+项核心自主知识产权，已通过国家高新技术企业、ISO 27001信息安全管理体系、ISO 9001质量管理体系等权威资质认证。中科易德整合区块链、人工智能、物联网、大数据等技术自研区块链溯源平台、食药品监管平台为全球客户提供食药品一体化监管、区块链溯源、区块链综合服务、数字乡村等产品服务和行业解决方案。先后承担了国家级、省部级科研项目开发，科技成果转化产品在全国30多个地区和各监管部门得到广泛应用和认可，包括连续4年获国家药品监督管理局嘉奖的广东省智慧药监平台、已接入国务院小程序的广东省冷库通系统、覆盖全省21个地级市的广东省食用农产品市场销售质量安全监管系统以及全行业适用的中科易溯源SaaS平台等、已服务包括政府监管部门、食品、农业、医药、化妆品、连锁经营等行业在内的10W+用户。,"https://www.zhaopin.com/jobdetail/CC827639680J40733881207.htm?refcode=4019&srccode=401901&preactionid=a7c1140f-c46c-45e5-b867-ab342d8bdc77"
2183,科研人员,合肥-蜀山区,1.6-2.5万,中国科学技术大学先进技术研究院,"学术/科研,学术/科研",100-299人,不需要融资,CC571920220J40689636816,岗位职责： 1、负责智能系统的软硬件开发  2、负责平台知识产权的申报、管理  3、完成平台负责人安排的其他相关任务  ,7月10日,中国科学技术大学先进技术研究院（以下简称先研院）是安徽省、中科院、合肥市、中国科大四方按照“省院合作、市校共建”的原则建设的区域产业技术创新研究院，位于高新区创新大道与望江西路交口西南角区域。2012年7月开工建设，2016年投入使用，占地550多亩，总建筑面积约33.5万平方米。2018年9月，先研院列入安徽省法定机构建设试点单位；2020年6月，先研院法定机构建设试点实施方案获省政府批准。2016年4月26日，中共中央总书记、国家主席、中央军委主席习近平考察先研院，并就创新发展发表重要讲话。近年来，先研院牢记总书记嘱托，以建设世界一流产业技术创新研究院为目标，面向国家重大需求，依托中国科大前沿科研成果，全力构建“立足合肥、覆盖安徽、服务长三角、辐射全国”的专业化技术转移转化体系，建设与区域产业发展、产业人才培养接轨的新型研发机构，努力打造科技成果中试和工程化研发基地、成果转化孵化基地、应用型科技创新人才培养基地。截至2021年底，先研院累计建立应用工程技术中心19个，与知名企业合作共建联合实验室67个；累计获得国内外各类奖项18项，参与制定行业标准10余项，申请各类专利393件，2018、2019、2020、2021连续4年进入安徽省发明专利百强榜；累计孵化科技创新企业281家，其中国家高新技术企业78家；2020年首次成为中国科大校内招生单位，累计招收专业学位研究生563人；累计引进各类人才近740人，其中国家杰青等高端创新人才80名。先研院正认真贯彻习近平总书记视察中国科大及先研院重要指示精神，落实法定机构建设试点要求，努力构建产业链、创新链、资本链、人才链“多链协同”的创新生态系统，加速科技成果转化，加快建成具有国际影响的高层次人才聚集中心、高科技产业孵化基地和成果研发基地、转化基地，引领“科大硅谷”建设，助力安徽高质量发展。,"https://www.zhaopin.com/jobdetail/CC571920220J40689636816.htm?refcode=4019&srccode=401901&preactionid=a7c1140f-c46c-45e5-b867-ab342d8bdc77"
2184,硬件测试,抚州-临川区,7000-12000元,重庆科满福人力资源服务有限公司,企业服务,20-99人,,CCL1487604860J40935628704,【岗位职责】 ： 1、进行新产品研发阶段的测试工作 2、完成新产品的功能测试、可靠性测试、环境测 试、安全测试等技术工作 3、制定测试计划，设计测试用例，分析测试数 据，编制测试报告 4、为其他部门提供技术支持，与其他部门的产品 联合测试工作,2025-07-27 01:11:47,,"https://www.zhaopin.com/jobdetail/CCL1487604860J40935628704.htm?refcode=4019&srccode=401901&preactionid=a7c1140f-c46c-45e5-b867-ab342d8bdc77"
2185,Java,广州-白云区,1.5-3万·14薪,外企德科数字技术有限公司,专业技术服务,10000人以上,,CCL1480117890J40689678005,岗位职责岗位要求：统招本科及以上学历，计算机、软件工程、通信等相诚挚招揽IT工程师加入我们！参与开发具有挑战性和影响力的项目！部门众多，一线核心项目丰富，因此各语言（java、C++、Python、Go）都有HC；初级、中级、高级IT工程师都有需求。 又是一年毕业季，企业重视新生力量的吸纳与培养，欢迎应届同学们考虑与投递。会有完善的导师带教适应机制的哈。 一、工作职责： * 参与软件开发生命周期的各个阶段，包括需求分析、设计、编码、测试、部署和维护。 * 使用Java、Python、C++或Go语言开发和维护高效、可靠、可扩展的软件系统。 * 编写高质量、可维护的代码，并进行代码审查。 * 与团队成员紧密合作，解决技术问题，并推动项目进展。 * 持续学习新技术，并将其应用于实际项目中。 二、任职要求： * 计算机科学或相关专业（理工科）本科及以上学历。 * 精通至少一种编程语言（Java、Python、C++或Go），并具备良好的编程习惯。 * 熟悉常用的数据结构和算法。 * 熟悉数据库技术，如MySQL、Oracle等。 * 具备良好的沟通能力和团队合作精神。 * 具备较强的学习能力和解决问题的能力。 三、我们提供： * 具有竞争力的薪酬和福利待遇。 * 良好的职业发展空间和培训机会。 * 充满活力和创新精神的团队氛围。 * 牛人云集，碰撞思维火花，激发无限潜能。 * 倡导开放、平等、包容的团队文化，尊重每一个想法，欢迎每一次挑战。 四、公司福利： * 底薪+绩效+项目奖金+年终奖； * 全额缴纳五险一金； * 试用期薪资全额发放，不打折； * 带薪年假5-15天，双休。 五、通勤时间： * 早上09:00~09:30弹性打卡上班 * 中午12:00~14:00中午吃饭午休 * 晚上18:00~18:30弹性打卡下班 * 周末双休，周内会有两到三天加班到八点半左右。 我们期待您的加入，共同打造卓越的产品！,2025-07-27 00:23:25,外企德科数字技术有限公司是一家2023年新成立的中外合资企业。成立于2023年11月24日，公司定位：专注于为信息技术企业提供人才及数字技术外包解决方案的中外合资企业。它是由中国人力资源服务行业的FESCO（北京国际人力资本集团）与全球人力资源服务领导者The Adecco Group（德科集团）合资成立的。公司主要提供网络技术服务、软件外包服务、计算机系统服务、技术进出口、软件开发等信息技术相关服务。专注于为信息技术企业提供信息技术类人才及数字技术外包解决方案。,"https://www.zhaopin.com/jobdetail/CCL1480117890J40689678005.htm?refcode=4019&srccode=401901&preactionid=a7c1140f-c46c-45e5-b867-ab342d8bdc77"
2186,测试工程师,焦作-山阳区,6000-10000元,重庆科满福人力资源服务有限公司,企业服务,20-99人,,CCL1487604860J40937100204,【岗位职责】： 1、软件测试岗位职责  2、接受测试任务，进行需求分析 3、按照测试计划搭建测试环境，并保证测试环境的可靠性 4、按照测试计划编亏测试用例，保证测试用例合理有效 5、按照测试用例执行测试，及时发现缺陷，并使用工具进行管理缺陷 6、编写和提交测试报告，保证测试进度按计划完成 7、参与审核其他测试工程师的测试用例和报告 8、学习公司已有方案和推广使用新的测试技术和工具,2025年07月30日,,"https://www.zhaopin.com/jobdetail/CCL1487604860J40937100204.htm?refcode=4019&srccode=401901&preactionid=a7c1140f-c46c-45e5-b867-ab342d8bdc77"
2187,软件测试,沈阳-皇姑区,5000-10000元,沈阳东博恒翼科技有限公司,"计算机软件,专业技术服务,计算机硬件",100-299人,未融资,CC272580020J40934006104,任职要求：,7月21日,沈阳东博恒翼科技有限公司成立于2010年，是一家致力于解决软件项目人才短缺问题的专门服务外包型公司。是NTT、方正、海辉、中软、东软等国内知名企业的常年人才服务供应商。目前，东博已经在国内各主要软件城市设立分支机构，实现了“立足沈阳，服务全国”的战略部署。为软件企业跨地域的项目实施提供人力保障。东博公司是国内拥有独立软件人才数据库的人才服务机构之一。结合长期的外包/分包业务经验，我们独立开发了HMS业务支撑系统，该系统的应用使我们的操作更规范，流程更优化。由超专业化人才招聘团队，以真诚的服务、专业的素质期待与您的合作。,"https://www.zhaopin.com/jobdetail/CC272580020J40934006104.htm?refcode=4019&srccode=401901&preactionid=a7c1140f-c46c-45e5-b867-ab342d8bdc77"
2188,技术支持工程师,大连-西岗区,8000-10000元,杭州海康威视数字技术股份有限公司,"人工智能,工业自动化,人工智能,物联网",10000人以上,已上市,CC120975580J40863470615,职位描述： 岗位职责： 1. 负责机器视觉产品的技术支撑； 2. 负责客户需求沟通，技术培训与推广； 3. 负责疑难和重要客户问题的现场支持工作； 4. 完成相关产品的文档编写和维护，经验总结与技术分享。   任职资格： 职位要求： 1. 本科及以上学历，工业自动化、电气及通信工程等相关专业； 2. 具有机器视觉、工业自动化相关行业经验2年以上，要求具备相机、镜头、光源等使用经验； 3. 使用过海康机器人、基恩士、得利捷、康耐视任意品牌的工业相机优先； 4. 能适应短期出差一个月一到两次，适应工厂办公环境，能进行独立驻厂调试工作； 5. 良好的语言表达和沟通能力，保持良好的服务意识； 6. 有强烈的成就动机和责任心，逻辑思维能力强，善于团队协作。,7月18日,【公司介绍】海康威视成立于2001年，是一家专注技术创新的科技公司，致力于将物联感知、人工智能、大数据技术服务于千行百业，引领智能物联新未来：以全面的感知技术，帮助人、物更好地链接，构筑智能世界的基础；以丰富的智能产品，洞察和满足多样化需求，让智能触手可及；以创新的智能物联应用，建设便捷、高效、安心的智能世界，助力人人享有美好未来。【公司实力】全球业务覆盖150+国家/地区，11大全球研发中心，7大全球制造基地；58000+全球员工，其中研发人员和技术服务人员超27951人，研发投入占全年营业收入11.80%，绝对数额占据业内前茅（2022年年报）；视频感知—国家新一代人工智能开放创新平台（中华人民共和国科学技术部颁布）；连续6年蝉联“全球安防50强”第1位（a&s《安全自动化》）；连续6年蝉联“中国最佳雇主”全国30强（智联招聘）。【薪酬福利】基础福利：五险一金、补充商业保险、年度健康体检；假期福利：带薪年假、全薪病假、婚假、产育假、母婴照顾假、育儿假等；多重补贴：餐饮补贴、交通补贴、通讯补贴、团队建设津贴；乐活配置：免息住房借款、特色员工餐厅、免费停车场、免费健身房、理疗室、定期义诊等园区服务等（园区服务部分区域可享，详请咨询当地HR）；人才激励：年终奖、核心员工跟投创新业务计划股权激励、金砖奖；*公司为常驻海内外的员工，提供健全的物质和人身保障、人性化的探亲福利。,"https://www.zhaopin.com/jobdetail/CC120975580J40863470615.htm?refcode=4019&srccode=401901&preactionid=a7c1140f-c46c-45e5-b867-ab342d8bdc77"
2189,实施工程师,南京-玄武区,1.4-1.8万,江苏金思维软件有限公司,"电子/半导体/集成电路,计算机软件",100-299人,,CC539767320J40685877207,岗位职责：负责ERP、MES软件的实施交付工作        任职要求：    -2025年应届毕业生    -本科及以上学历   -有良好的沟通能力     以下专业优先：    -信息管理与信息系统及相关专业   -计算机应用及相关专业   -企业管理及相关专业   -工业工程及相关专业   -财务管理及相关专业   -电力系统与自动化及相关专业    月薪：    -本科不低于13.5K   -研究生不低于15K    年薪： 16-20W     更多福利：    五险一金、笔记本电脑补贴、出差补贴    移动通讯补贴、带薪年休假、年度健康体检    节日福利、团建活动、健身驿站、免费停车 ,3月1日,"这里有深厚的历史沉淀！集团是由江苏省计算技术研究所改制而成的高科技股份制企业，拥有深厚的历史沉淀和扎实的科研力量。从改制至今，稳健发展，在市场方面保持着强劲的扩张力。目前，金思维集团已建立起以总部南京为市场中心、辐射全国的市场体系，企业用户达6000多家。你愿意来参与一下吗？这里有极具发展前景的行业！在这里，我们可以聊聊互联网、大数据，谈谈云计算、工业4.0，共同探究智能制造、移动互联、智慧能源的奥秘。软件产业是国家战略性新兴产业，也是当前含“金”量高的产业。你愿意来尝试一下吗？这里有绝佳的地理优势！金思维集团所在地，前拥玄武湖,后临紫金山。午间时间，可以到玄武湖畔散步，看芳草茵茵，湖水荡漾；下班后，可以邀上三五好友，夜登紫金山，感受别样金陵。你愿意来体验一下吗？这里有富有竞争力的薪酬待遇！ 2024年金思维集团面向研发、实施、营销等岗位，提供行业内富有竞争力的薪酬以及五险一金、带薪年休假、免费体检等一系列福利待遇。在这里，我们建立了内部市场化机制，让薪酬与能力才华得到了极佳匹配。为了优秀的你，我们做好了充分准备。你愿意来挑战一下吗？这里有平等尊重的企业文化！历经20年多年的发展：，我们依然保持着年轻开放的心态，悉心磨砺平等尊重的企业文化，人际关系简单，组织结构扁平。我们有平等尊重的企业文化和没有“天花板”的职业舞台。你愿意来感受一下吗？这里有充满活力的优秀团队！金思维是年轻人的大本营，公司专门设有员工活动中心，拥有羽毛球、乒乓球、桌球等多块运动场地，同时拥有各式各样的健身器材。加入金思维，成为金思维乐跑俱乐部的一员，在奔跑中超越自我，遇见更好的自己！你愿意参与其中吗？即将踏入社会的你，是否对未来满怀憧憬？是否对软件行业怀抱热情？是否希望牢牢把握机会，锻炼提升自己？想要成为高大上的管理信息化专家吗？想要参与改变企业管理格局的非凡之举吗？我们“虚席以待”，寻找最闪耀的你，“才汇金陵、共创未来”！","https://www.zhaopin.com/jobdetail/CC539767320J40685877207.htm?refcode=4019&srccode=401901&preactionid=a7c1140f-c46c-45e5-b867-ab342d8bdc77"
2190,科研人员,北京-房山区,8000-12000元,沈阳明日航材先进制造科技有限公司,船舶/航空/航天/火车制造,500-999人,不需要融资,CC563574480J40629774006,1.工作内容  航空航天军工结构件研制，主要从事金属热成形加工，包括热压，超塑，特种焊接，管成形，复合材料成型等相关岗位；  2.任职要求  1.金属材料加工工程专业，金属材料工程专业，机械工程专业，有特种成形工艺研究经历者优先；  2.专业基础扎实，硕士及以上学历；  3.熟练使用UG/AUTOCAD等机械设计软件；  4.热爱科研，热爱工程研究，有激情，团队协作精神强。  3.相关福利  1.免费食宿，五险一金，有加班费；  2.科研的沃土；  3.公司管理人性化，重视人才，能力突出者有较大的晋升空间。,1月5日,沈阳明日航材先进制造科技有限公司成立于2014年9月，由原航天工艺专家团队发起，是国内首家专业从事航空航天领域特种工艺装备研发和生产的高科技企业。公司主营业务包括航空航天领域特种工艺开发和专用工艺装备研发制造、面向产品全流程的工艺开发和生产线建设、大型关键工艺装备国产化升级改造。公司研发团队50人，主要由行业资深专家、博士和硕士组成，拥有雄厚的军工技术基础，专业的管理团队和完善的质量控制体系。与多所高校和航空航天院所建立了紧密深入的合作关系，致力于打造新结构设计、新材料工程化、新工艺开发和新装备制造一体化能力。在工艺装备开发方面改变“引进-消化-吸收”的传统模式，推行基于需求原创牵引技术原创的理念，运用现代数字化、智能化技术对基础装备制造能力进行升级换代，为航空航天制造实现精益生产、智能生产和绿色生产提供技术和服务支持。在人才培养和团队建设方面，公司构建了完善的专业技术体系、导师制和师徒制相结合的人才培养模式，形成了健全的青年专业人才成长体制，是新形势下自主创新团队的典范。非常适合对特种工艺和装备有浓厚兴趣的专业才俊，也是解决专业人才技术能力发展瓶颈的极好平台。公司地址：沈阳市沈北新区锡伯大街159-1,"https://www.zhaopin.com/jobdetail/CC563574480J40629774006.htm?refcode=4019&srccode=401901&preactionid=a7c1140f-c46c-45e5-b867-ab342d8bdc77"
2191,技术支持工程师,济南-历城区,4000-8000元,山东领亿智能技术有限公司,"通信/网络设备,人工智能",20-99人,未融资,CC827447660J40486896107,一、岗位职责： 1、负责项目实施前的沟通与协调，办理项目实施手续。 2、负责对接和沟通客户需求，对客户提出的问题进行解答。 3、负责现场设备的安装、调试、技术培训等项目实施工作。 4、组织项目验收与交付工作。 5、负责设备维护，运行问题解决等售后服务工作。 二、岗位要求： 1、电气自动化、机电一体化等相关专业，本科学历。 2、有相关电气设备安装，调试，维修等相关工作经验，适应长期出差。 3、具有良好的客户沟通能力，较强的服务意识，吃苦耐劳，勤奋踏实。 4、有相关工作经验者优先录用。,7月9日,山东领亿智能技术有限公司是上海柔克智能科技有限公司全资子公司，柔克智能是国家电网十大供应商之一，专业从事智能科技领域产品研发、生产、销售和服务的高新技术企业。专注于人工智能、机器人自动控制、图像分析与智能视频分析、无人机巡检解决方案等高新领域的研发应用。并分别获得高新技术企业认证、AAA级信用企业认证、质量环境管理体系认证等。发明专利30余项。柔克智能秉承“产品一流、项目一流、服务一流”的企业精神和强烈的品牌意识、以雄厚的技术实力，卓越的产品性能、诚信的售后服务，受到业界的高度评价和用户的充分肯定。领亿智能和上海柔克智能保持并行，致力于技术创新、资本、人才于一体，保持企业稳定可持续发展。以”满足核心需求、谋求合作共赢“的核心理念为驱动，不断以新的高品质产品和精益求精的服务奉献于行业用户，为中国机器人产业的发展贡献力量！,"https://www.zhaopin.com/jobdetail/CC827447660J40486896107.htm?refcode=4019&srccode=401901&preactionid=a7c1140f-c46c-45e5-b867-ab342d8bdc77"
2192,实施工程师,武汉-武昌区,4000-8000元,安图生物,"医药制造,医疗设备/器械",1000-9999人,已上市,CC224773320J40304669005,岗位职责: 1、负责公司试剂&仪器产品的技术支持服务工作； 2、负责相关产品设备（如：免疫、微生物、生化、分子、流水线）的安装、调试、培训等服务工作； 3、进行检验科室实验操作及产品推广工作； 4、上级交办的其他工作。   任职要求: 1、本科及以上学历； 2、医学检验、生物医学工程、医疗器械工程、生物技术等相关专业； 3、普通话标准，沟通能力强，适应常驻湖北区域及出差工作； 4、有相关工作或实习经验者优先考虑。,7月16日,安图生物初创于1998年，专注于体外诊断试剂和仪器的研发、制造、整合及服务，产品涵盖免疫诊断、微生物检测、生化诊断等检测领域，能够为医学实验室提供全面的产品解决方案和整体服务。安图生物建有国家认定企业技术中心、免疫检测自动化国家地方联合工程实验室、河南省免疫诊断试剂工程技术研究中心等，承担了多项国家省市重大科技项目，其中包括“863计划”两个项目。安图生物秉持“致力于医学实验室技术的普及和提高，为人类健康服务”的企业宗旨，努力为医学实验室提供性能价格比、品质价格比更优的产品与服务。安图生物高度重视产品研发及技术创新，是业内注册文号最多、产品线最全面的企业之一。安图生物以“用户至上，创造价值”为服务理念，超过600名客服工程师队伍为全国各地用户提供专业、及时、周到的技术服务。在为用户提供产品技术服务的同时，为医学实验室提供室内质量控制服务及合作共建和集采服务。安图生物共有千余家经销商，基本形成了覆盖全国的营销网络。在国际营销方面，公司产品已销售至欧洲、亚洲、中东、南美、非洲等多个国家和地区。2016年9月1日，郑州安图生物工程股份有限公司在上海证券交易所挂牌上市（股票简称：安图生物，股票代码：603658）。,"https://www.zhaopin.com/jobdetail/CC224773320J40304669005.htm?refcode=4019&srccode=401901&preactionid=a7c1140f-c46c-45e5-b867-ab342d8bdc77"
2193,C/C++,南京-雨花台区,1.6-3万·14薪,外企德科数字技术有限公司,专业技术服务,10000人以上,,CCL1480117890J40608538405,职位描述 全额五险一金，试用期全新不打折 后端开发、前端开发、测试、大数据、运维等岗位 职责： 1、负责研发领域IT系统技术方案的设计、开发等工作; 2、负责项目开发过程中的技术攻关及解决运行中出现的技术问题; 3、负责产品核心模块的代码编写和LLT测试: 4、负责产品疑难问题的分析和定位。 岗位要求: 1、热爱编程，基础扎实，熟悉掌握但不限于JAVA/C++/Python/JS/HTML/GO等编程语言中的一种或数种，有良好的编程习惯; 2、具备独立工作能力和解决问题的能力、善于沟通，乐于合作，热衷新技术，善于总结分享，喜欢动手实践。 职位福利：五险一金、年底双薪、绩效奖金、年终分红、节日福利、带薪年假 职位亮点：资深导师提供业务带教等多方面的指导,2025-07-27 00:23:23,外企德科数字技术有限公司是一家2023年新成立的中外合资企业。成立于2023年11月24日，公司定位：专注于为信息技术企业提供人才及数字技术外包解决方案的中外合资企业。它是由中国人力资源服务行业的FESCO（北京国际人力资本集团）与全球人力资源服务领导者The Adecco Group（德科集团）合资成立的。公司主要提供网络技术服务、软件外包服务、计算机系统服务、技术进出口、软件开发等信息技术相关服务。专注于为信息技术企业提供信息技术类人才及数字技术外包解决方案。,"https://www.zhaopin.com/jobdetail/CCL1480117890J40608538405.htm?refcode=4019&srccode=401901&preactionid=a7c1140f-c46c-45e5-b867-ab342d8bdc77"
2194,前端开发,太原-万柏林区,1000-2000元,北京晟纪信息科技有限公司,"计算机软件,IT服务",20-99人,未融资,CCL1319252080J40852907604,1.了解JavaScript、CSS、HTML5、AJAX等前端技术； 2.与UI设计及后端开发人员等协作，高效优质完成产品界面和功能的实现； 3.优化代码实现，提高产品性能，美化网页界面，改善用户体验； 4.对Vue框架有一定理解和应用，参与前端框架易用性改善、基础组件开发和推动新框架技术的落地； 5.具有良好的沟通协作能力，抗压能力、学习能力较强，认真负责，心态开放。 职位福利：节日福利、周末双休,4月21日,北京晟纪信息科技有限公司是国家高新技术企业和软件企业，公司自2021年成立以来，始终坚持以“产业兴市，发展报国”为企业精神。以“创新发展，追求卓越”为经营理念。以“稳健投资，合作共赢”为经营原则，荟萃业界精英，是一个带着梦想并从事十年以上，专业致力于自然资源、林业、农业等行业提供信息化定制解决方案的年轻创业团队。目前公司获得多项自主知识产权、软件产品登记证书和多项发明专利。公司拥有乙级测绘资质证书；获得多个“AAA”等级证书；通过国家权威部门“国际质量管理体系 ISO9001认证、信息安全管理体系 ISO27001认证、业务连续性管理体系 ISO22301认证、信息技术服务管理体系 ISO20000认证、环境管理体系 ISO14001认证、职业健康安全管理体系 ISO45001认证、商品售后服务体系 GB/T27922（五星级）认证”等；并获得多个权威部门颁发的成果荣誉奖项。公司专注于政府行业信息化业务咨询、行业软件开发和测绘数据工程服务，面向自然资源、农业、林业、住建、水利等行业。“信息化、数据化、智能化”将是未来公司发展的战略方向。将国内外先进的信息技术、管理方法及企业经验与公司的具体实际相结合，为用户提供全方位的行业解决方案，持续为更多用户打造领先的技术和产品。“更好的产品、更好的服务、更好的信誉”。助力各级政府行业用户推进数字化转型与数字化改革，与合作伙伴共同谱写“数字中国”的美好篇章；公司将在自然资源、农业、林业、水利、环保等诸多领域不断进取，努力打造成具有行业竞争力的一流信息科技公司，也愿意成为您最可信赖的合作伙伴。,"https://www.zhaopin.com/jobdetail/CCL1319252080J40852907604.htm?refcode=4019&srccode=401901&preactionid=a7c1140f-c46c-45e5-b867-ab342d8bdc77"
2195,C/C++,北京-海淀区,1.2-2.4万·14薪,外企德科数字技术有限公司,专业技术服务,10000人以上,,CCL1480117890J40607199405,岗位职责： 1、从事分布式文件/对象/块存储系统的开发和测试； 2、实现公有云/私有云分布式文件/对象/块存储服务的高性能、高可靠性、高可用目标。 职位要求： 1、统招本科学历以上，计算机相关专业优先； 2、具备良好的计算机、软件工程等专业领域基础知识； 3、至少精通C、C++、Java、Python中的一种； 4、有完整的项目开发经验，具备系统核心模块看护经验者优先； 5、工作思路清晰，较好的沟通能力和技术学习能力，拥有良好的编码习惯，有很强的自学能力和自我提高的愿望；  （岗位不止局限于本方向，涉及多种技术栈和多个业务方向，感兴趣的可以投递简历详细了解）,2025-07-27 00:23:23,外企德科数字技术有限公司是一家2023年新成立的中外合资企业。成立于2023年11月24日，公司定位：专注于为信息技术企业提供人才及数字技术外包解决方案的中外合资企业。它是由中国人力资源服务行业的FESCO（北京国际人力资本集团）与全球人力资源服务领导者The Adecco Group（德科集团）合资成立的。公司主要提供网络技术服务、软件外包服务、计算机系统服务、技术进出口、软件开发等信息技术相关服务。专注于为信息技术企业提供信息技术类人才及数字技术外包解决方案。,"https://www.zhaopin.com/jobdetail/CCL1480117890J40607199405.htm?refcode=4019&srccode=401901&preactionid=a7c1140f-c46c-45e5-b867-ab342d8bdc77"
2196,测试工程师,武汉-江汉区,1.5-2万·13薪,青岛鼎赫人力资源有限公司,人力资源服务,20人以下,,CC682590480J40783096314,,2025年07月28日,,"https://www.zhaopin.com/jobdetail/CC682590480J40783096314.htm?refcode=4019&srccode=401901&preactionid=a7c1140f-c46c-45e5-b867-ab342d8bdc77"
2197,软件测试,广州-天河区,120-150元/天,广州河东科技有限公司,"智能硬件,物联网,人工智能,智能硬件",300-499人,A轮,CC834430510J40772524714,岗位职责： 1、主要参与协助公司产品的功能测试； 2、协助跟踪问题，推动问题及时合理的解决； 3、编写测试报告，及时反映测试状况。 任职要求： 1、2026届生毕业生，本科及以上学历，软件工程/自动化/计算机/物联网/电子信息等相关专业； 2、掌握Python语言者优先，了解Linux系统，了解软件测试理论、方法、工具以及测试流程； 3、具备基本的英语读写能力，CET-4及以上者优先； 4、具体有良好的沟通协调能力、学习能力，自我驱动。,7月1日,广州河东科技有限公司（HDL）始于1985年，是一家致力于“用智能产品创造健康生活空间”的全球化科技企业，目前已成长为有线智能控制领导品牌，业务涵盖全屋智能、智能照明、智慧酒店、智慧养老等领域，核心品类包括主机、继电器、调光器、灯光驱动、暖通控制器、面板、传感器、协议转换器等。截至2024年，HDL的智能产品已出口全球106个国家和地区，代表案例包括北京人民大会堂、上海世博会中国馆、广州天环广场、深圳龙华金茂府、澳门摩珀斯酒店、迪拜国际机场、比利时北约总部大楼、伦敦O2酒店、德国宝马博物馆、捷克布拉格国家歌剧院等。福利保障：员工食堂（餐饮补贴）、员工宿舍、通勤班车、五险一金、周末双休、定期体检、培训学习……公司地址：广州市天河区建中路24号广州市番禺区石楼镇莲花西路86号杭州市余杭区未来科技城乐富海邦园,"https://www.zhaopin.com/jobdetail/CC834430510J40772524714.htm?refcode=4019&srccode=401901&preactionid=a7c1140f-c46c-45e5-b867-ab342d8bdc77"
2198,科研人员,南京-浦口区,2-4万,南京擎天科技有限公司,"计算机软件,IT服务,计算机硬件,环保",500-999人,已上市,CC120137680J40664158609,一、支持配套 1.优质研究平台。优先安排首席业务专家、科学家、领军人才为合作导师，聘请国内行业顶级专家、教授为指导导师；提供优质的科研办公条件、国家重大课题历练机会。 2.优厚薪资待遇和充足研究经费。在站期间，提供优厚的薪资待遇，每年不低于300万元的研究费用。 3.优推职称评定。在站期间可直接申请副高职称，已有副高职称的可直接申请正高职称。 4.优培科研对象。按规定程序，优先推选为省333高层次人才工程培养对象、省有突出贡献的中青年专家候选对象。优先支持申请重点人才计划和科研项目。 5.优选入职通道。博士后出站后可申请留公司工作，直接享受总监级待遇。 二、申请条件 1.博士毕业，且已获得博士学位（获得学位时间一般不超过3年）。 2.品学兼优、身体健康、年龄在35周岁以下，特别优秀者，年龄可适当放宽（不超过38周岁）。 3.所学（从事）专业不限于上述所列的招收方向，对招收方向有兴趣且有一定的基础学科背景支撑、研究能力积累者，均可报名。 三、入站流程 1.提交个人简历、入站研究计划等申请材料； 2.简历匹配及申请材料初审； 3.入站面试； 4.公司复试、审核； 5.签订博士后科研工作协议，劳动合同。 四、招收方向 （一）财税数字化 探究出口退税、外汇管理、关税等财税政策发展趋势，开展出口贸易、跨境电商领域相关财税政策的前瞻性理论及实践研究，分析跨境财税问题及相关趋势，研究财税政策对企业的长短期影响，探究企业财税合规管理及应对策略，并提出实践优化建议；分析数字化技术和工具在企业业务拓展、政策合规、风险预警等方面的痛难点问题，研究数字化助力企业提高效率和竞争力的应用实践及优化建议，促进企业运营和管理模式的创新。 （二）政务大数据 探究公共安全、平安社会的数据价值分析和提取模式，研究档案信息多维化刻画及可信评价机制，设计搭建数字档案体系；研究政府、企业、社会在数据要素、数据元件及数据服务产品等方面的构建能力和方法学；围绕城市社会治理、应急管理、城市安全等领域，开展政府数智化安全治理的数据建模、预警分析、数字孪生、智慧应用等研究；研究深度学习、神经网络、自然语言处理、文本挖掘、计算机视觉与图像、联邦学习与隐私保护等新兴技术与智慧政务、智慧城市及行业智慧化发展的应用融合。 （三）“碳达峰、碳中和”数字化 跟踪国际、国内绿色低碳政策体系，围绕零碳城市、零碳园区、零碳交通、零碳建筑、林业碳汇、零碳供应链、零碳工厂、零碳产品等，研究碳排放统计监测、核算报告、核查认证相关标准、指南及规范，探究“双碳”目标预测、减碳策略规划；跟踪国内外碳交易、碳金融、碳贸易壁垒、绿电绿证等业务机理，研究碳排放权益及生态价值的市场化、金融化；研究物联网、区块链、大数据、人工智能、云计算、隐私计算等新兴信息技术与“双碳”场景的应用融合，为政府、园区、企业及供应链绿色发展提出创新解决方案。,12月3日,擎天科技成立于1998年12月，位于南京江北新区天浦路26号，是一家致力于为政企客户提供全方位信息化解决方案和数据增值服务的软件企业。公司深耕专注行业应用软件领域二十余年，主要聚焦政务大数据、企业财税数字化、“双碳”数字化三大业务板块，在大数据分析、区块链、边缘计算等信息技术研发与应用上具有核心竞争力。公司计划建设总面积约16万平方米的产业园，一期工程已落成4万平方米，主要包括新产品研发中心、呼叫中心、技术支撑中心等。公司是国家规划布局内重点软件企业和科技部认定的高新技术企业，设立有国家统计局大数据研究中心、江苏省省级企业技术中心、江苏省工程技术研究中心、江苏省工程（研究）中心、江苏省司法行政大数据研究中心、江苏省融合创新中心等多个研发机构，拥有国家级博士后科研工作站，相继承担了国家核高基重大专项、国家信息安全专项、国家现代服务业发展专项、国家重点火炬计划、国家创新基金项目等多个国家级重大项目，诸多产品被列为国家重点新产品、中国优秀软件、省市科学技术进步奖、省市优秀软件产品等。公司具有计算机系统集成一级资质、通过了CMMI5级、ISO27001信息安全管理体系、ISO9001:2015质量管理体系、ITSS信息技术服务运行维护标准成熟度二级等资质认证。荣获中国软件业脊梁企业、中国软件业务收入百强企业、中国软件行业最具影响力企业、中国软件创新能力20强企业等荣誉。公司一直以推动社会信息化为己任、以客户满意为最大追求，始终贯彻“秉承传统、创新未来”的理念，积极倡导“激情工作、快乐生活”的企业文化，营造创新氛围、培养创新能力、建立创新机制，以不断突破的产品技术与更贴心服务精神，为客户带来高品质的信息化体验。公司立志成为全国一流、国际知名的互联网型大数据增值企业，肩负促进社会信息化发展的使命，以专注、创新、追求卓越的精神，打造持续创新的行业生态圈，推动中国信息应用技术走向世界前沿！,"https://www.zhaopin.com/jobdetail/CC120137680J40664158609.htm?refcode=4019&srccode=401901&preactionid=a7c1140f-c46c-45e5-b867-ab342d8bdc77"
2199,C/C++,武汉-江夏区,1.5-3万·14薪,外企德科数字技术有限公司,专业技术服务,10000人以上,,CCL1480117890J40796453905,岗位要求: 1、统招本科及以上学历，双证齐全(已到手，学信网可查） 2、掌据C/C++/Java/python/Go/JS一种或多种编程语言，热爱编程 3、掌握常用的数据结构、数据算法 岗位优势： ①大厂市场且稳定的薪酬福利收入(根据面试能力评价等定级定薪) ②个人编程能力的快速学习提升(导师6个月带教) ③行业前沿的技术框架(不用担心未来如果换工作技术框架不适用) ④行业的产品研发项目管理流程、编码规范培训、纯粹的工程师氛围(您要相信，和优秀的人一起工作，您也必定变得更优秀) 公司福利: 1.入职即缴纳五险一金+商业险，全额缴纳社保及公积金 2.一年数次考评，薪资、职级可上浮 3.带薪年假5-15天 4.免费夜宵，城际班车，舒适的办公环境 5.免费健身房，各种娱乐活动(可自行选择是否参加，不参加就早点下班哦）,2025-07-27 00:26:09,外企德科数字技术有限公司是一家2023年新成立的中外合资企业。成立于2023年11月24日，公司定位：专注于为信息技术企业提供人才及数字技术外包解决方案的中外合资企业。它是由中国人力资源服务行业的FESCO（北京国际人力资本集团）与全球人力资源服务领导者The Adecco Group（德科集团）合资成立的。公司主要提供网络技术服务、软件外包服务、计算机系统服务、技术进出口、软件开发等信息技术相关服务。专注于为信息技术企业提供信息技术类人才及数字技术外包解决方案。,"https://www.zhaopin.com/jobdetail/CCL1480117890J40796453905.htm?refcode=4019&srccode=401901&preactionid=a7c1140f-c46c-45e5-b867-ab342d8bdc77"
2200,前端开发,广州-越秀区,1.4-1.5万·13薪,广州庆松科技有限公司,计算机软件,20-99人,,CCL1504916610J40936437404,岗位内容： 1. 设计和开发适用于不同设备的易于使用的网站 2. 参与产品原型设计和产品需求分析 3. 跟进技术趋势及前端开发最佳实践，不断提升团队的技术水平 任职要求： 1. 两年以上前端开发经验，掌握HTML5/CSS/JavaScript等前端技术和常用框架 2. 具备良好的学习能力和解决问题的思维能力，能够配合其他团队成员完成项目工作 3. 对新技术有好奇心，并愿意持续学习和提高,2025年07月30日,,"https://www.zhaopin.com/jobdetail/CCL1504916610J40936437404.htm?refcode=4019&srccode=401901&preactionid=a7c1140f-c46c-45e5-b867-ab342d8bdc77"
2201,实施工程师,遵义-仁怀市,6000-12000元,浪潮集团,"IT服务,计算机软件,计算机硬件",10000人以上,,CC120143600J40822187715,工作职责: 1、了解客户需求，理解客户业务场景，梳理业务流程及规则，制定针对性的解决方案，并撰写相关技术文档; 2、完成项目实施交付工作; 3、指导用户熟练操作和应用系统; 任职要求: 1、计算机、信息管理相关专业毕业，本科及以上学历者优先; 2、具备质量类、ERP、供应链、中台、大数据相关交付经验者优先； 3、目标导向，具备较强的逻辑思维能力、良好的沟通表达能力、亲和力: 4、善于归纳总结、具备较强的自我学习能力有强大的抗压能力; 5、熟悉MYSQL、Oracle及国产等主流关系型数据库者优先; 6、具备良好的团队协作精神、敬业态度，能够适应短期出差，责任心强、工作积极主动:,7月23日,浪潮集团是中国领先的云计算、大数据服务商，拥有三家上市公司。主要业务涉及计算装备、软件、云计算服务、新一代通信、大数据及若干应用场景。作为中国最早的IT品牌之一，浪潮致力于成为世界一流的新一代信息技术龙头企业经济社会数字化转型的优秀服务商，新型基础设施建设的骨干企业。,"https://www.zhaopin.com/jobdetail/CC120143600J40822187715.htm?refcode=4019&srccode=401901&preactionid=a7c1140f-c46c-45e5-b867-ab342d8bdc77"
2202,C/C++,东莞-None,1.5-3万·14薪,外企德科数字技术有限公司,专业技术服务,10000人以上,,CCL1480117890J40797692605,岗位优势： 1、导师制培训机制，新人入职至少半年以上会有导师一对一辅导开展工作和学习。 2、部门：ICT（公开、光、计算、无线、数存等）、云计算、2012（中硬、中软、中媒）、消费者BG、BPIT、上海海思、Carbu（智能汽车）、数字能源等 3、主要地点： 北京、上海、东莞、深圳、杭州、南京、苏州、武汉、西安、成都 广州、长沙、济南 基本要求： 1、熟悉掌握C/C++/python/JAVA/go/JS等语言开发； 2、熟悉一种以上脚本语言，shell、python等； 3、掌握常用的数据结构、数据算法； 4、良好的表达能力，钻研精神、注重团队协作。 公司福利： 1、入职缴纳五险一金+商业险，全额缴纳社保公积金，试用期薪资全额发放不打折。 2、上下班班车接送 3、良好的团队氛围、首屈一指的技术大拿带教，成长性max 4、过节福利优厚，包括但不限于（过节费、节日礼盒、年终奖、福利活动、部门定期团建等）,2025年07月29日,外企德科数字技术有限公司是一家2023年新成立的中外合资企业。成立于2023年11月24日，公司定位：专注于为信息技术企业提供人才及数字技术外包解决方案的中外合资企业。它是由中国人力资源服务行业的FESCO（北京国际人力资本集团）与全球人力资源服务领导者The Adecco Group（德科集团）合资成立的。公司主要提供网络技术服务、软件外包服务、计算机系统服务、技术进出口、软件开发等信息技术相关服务。专注于为信息技术企业提供信息技术类人才及数字技术外包解决方案。,"https://www.zhaopin.com/jobdetail/CCL1480117890J40797692605.htm?refcode=4019&srccode=401901&preactionid=a7c1140f-c46c-45e5-b867-ab342d8bdc77"
2203,测试工程师,福州-晋安区,4000-6000元,福建中青传动科技有限公司,"新能源汽车,新能源,汽车零部件",20-99人,A轮,CC810533990J40789629305,工作内容： 1.测试机台数据看管，及异常数据记录； 2.配合测试工程师做台架的搭建工作； 3.协助测试工程师做好测试设备的维护工作； 4.领导安排的其它事宜。   岗位要求： 1.专科以上学历(应届生可接受)，电子及机械类相关专业优先； 2.吃苦耐劳，适应加班，服从安排。   福利： 1. 五险一金+意外险 2. 误餐补贴 3. 法定节假日 4. 节日礼品,7月18日,福建中青传动科技有限公司是一家专业从事新能源汽车新型变速器研发、生产、销售和系统集成的企业。根据电动汽车驱动特点，公司独家研发了专用于新能源汽车的小体积、高效率、高可靠性变速器，并已申请了约50项国内（国际）发明专利，拥有完全知识产权，多项技术可成为该领域基础技术。目前公司重点推出了商用车产品，适用于6米以上各型载客车及4～200吨各型载货车。未来公司将着力于大型商用车产品的开发，力争覆盖更多车型，推动新能源汽车变速器革新，成为该行业领域的标杆！公司秉持“科技就是发展基石，人才就是第一生产力”的经营理念，致力于打造一个勇于创新、不惧尝试、开放融合的创新平台，热忱欢迎行业精英加盟！,"https://www.zhaopin.com/jobdetail/CC810533990J40789629305.htm?refcode=4019&srccode=401901&preactionid=a7c1140f-c46c-45e5-b867-ab342d8bdc77"
2204,科研人员,太原-小店区,5000-10000元,山西润元生物科技有限公司,学术/科研,20-99人,天使轮,CCL1467488990J40437479816,实验室研究助理岗，要求T细胞或巨噬细胞、DC细胞基础机制研究技能，有免疫细胞抗肿瘤研究经历者优先，其他非相关专业不对口。,2025-07-28 02:01:11,公司位于太原高校园区，拥有一流科研工作条件，诚邀生物医学专业有志之士共同创业，共同成长，共同富裕。公司位于太原高校园区，拥有一流科研工作条件，诚邀生物医学专业有志之士共同创业，共同成长，共同富裕。公司位于太原高校园区，拥有一流科研工作条件，诚邀生物医学专业有志之士共同创业，共同成长，共同富裕。,"https://www.zhaopin.com/jobdetail/CCL1467488990J40437479816.htm?refcode=4019&srccode=401901&preactionid=a7c1140f-c46c-45e5-b867-ab342d8bdc77"
2205,技术支持工程师,济南-历城区,5000-8000元,山东鲁泽信息技术有限公司,"IT服务,电力/水利/热力/燃气,通信/网络设备,互联网",20-99人,,CC646707220J40791500203,岗位职责: 1、负责项目客户的各方面沟通与协调； 2、协助业务部编制标书、项目费用预算、项目技术文件等； 3、带领施工人员完成项目安装调试、升级、验收等工作，编写开竣工报告等； 4、负责收集并解决客户问题，故障维修、技术咨询、设备巡检； 5、配合业务部门完成投标的前期准备工作，负责现场勘察、制定技术解决方案及设备清单； 6、负责施工人员的现场管理及考勤、费用等管理。 岗位要求： 1、大专及以上学历，计算机应用、计算机科学与技术、电子信息、通信、自动化专业或相关专业； 2、熟练使用office软件及制图软件者优先； 3、具备面向客户提供售前或售后的工作经验； 4、具有一定调试音视频，网络设备等相关设备的能力； 5、工作努力，积极进取，良好的沟通、协调能力；高度的工作热情，良好的团队合作精神；有一定的观察力和应变能力; 6、能够吃苦耐劳、责任心强，可省内出差； 7、有一、二级机电建造师证书者优先，证书补贴按照市场价格补助。 福利待遇： 1、 薪酬制度：基本工资+交通补贴+通讯补贴+工龄工资+证书补贴+年终奖； 2、 福利保障：五险一金、节日福利、生日福利、定期体检、寒暑补贴等； 3、 活动休假：带薪年假、每年组织团建活动、完善的休假制度； 4、 学习培训：定期及不定期专业培训，发展空间大； 5、 工作环境：融洽、活跃，有朝气，办公环境自由。 职位福利：周末双休、五险一金、加班补助、餐补、通讯补助、交通补助、带薪年假、定期体检   ,5月20日,"山东鲁泽信息技术有限公司（Shandong Luze Information Technology Co., Ltd.）成立于2014年，注册资金2008万元，已取得电子与智能化工程专业承包贰级资质，省级高新技术企业。公司始终致力于多媒体信息系统在各行业的解决方案和技术支持服务。目前公司已通过ISO9001:2008质量管理体系，ISO27001:2013信息安全体系,ISO20000:2011信息技术服务管理体系认证。经过多年的发展积累，公司已形成完整的业务体系，尤其是在电力行业多媒体会议系统、应急指挥中心系统、调度指挥监控中心系统的设计、建设方面已具备国内领先水平，由公司组织设计的多个类似项目获得了使用单位的一致好评。我们现与国内外顶尖AV品牌产品建立长期合作关系，公司目前是美国AMX智能控制系统；意大利FBT拾声扩声系统；美国Clearone数字音频系统；美国Atlona分布式矩阵系统；日本Panasonic数字会议系统；CREATOR（快捷）多格式混合矩阵系统；Tricolor（淳中）视频拼接处理系统等产品在山东区域核心授权经销商。公司在不断发展的过程中逐渐建立起一套完善的营销网络及售后服务体系，客户在这里可以得到售前技术咨询、售中合理化方案和售后标准化服务等一整套完善的服务支持，从而最大限度的满足用户的需求。公司始终秉承以一流的产品、专业的技术、用心的服务来获得用户的信赖。以优秀的团队打造优秀品牌，以精湛的技术成就企业典范，追求客户满意是我们的责任！我们始终以诚信务实的经营作风勤奋耕耘，将永远以促进多媒体系统长久不衰发展为已任，秉承“诚信、敬业、务实、拓新”的经营理念，以高度的使命感、责任感一如既往的为用户和社会提供满意的产品和服务，创造新的业绩，展示新的风采，砥砺前行，做行业内的领路人，为中国多媒体信息产业发展做出贡献！","https://www.zhaopin.com/jobdetail/CC646707220J40791500203.htm?refcode=4019&srccode=401901&preactionid=a7c1140f-c46c-45e5-b867-ab342d8bdc77"
2206,硬件测试,成都-邛崃市,6000-12000元,四川英联中才人力资源管理有限公司,人力资源服务,1000-9999人,不需要融资,CC472353920J40756203601,成都锐芯盛通电子科技有限公司（以下简称“锐芯盛通”或“公司”）成立 于 2014 年 10 月，是一家典型的高科技企业。公司以有源相控阵技术工程化和 产业化为奋斗目标，致力于成为国内外领先的毫米波有源相控阵系统专业提供商。 公司研发的高端毫米波有源相控阵系统将功能 SOC 芯片、集成化 SIP、标准化 TR 组件、电源管理系统和波束控制软件等集成一体，主要应用于低空雷达、高 速通信等领域。公司现已取得国家专精特新“小巨人”企业、高新技术企业、成都市“瞪羚企业”等多项资质和荣誉，双创企业板挂牌企业，各项知识产权已超过百项。 招聘岗位： 模块测试   （15人） 岗位职责： 1、负责射频微波模块的调试及测试； 2、负责相控阵天线类产品的调试及测试； 3、严格执行模块测试岗位作业指导书； 4、严格执行产品质量跟踪卡并做好生产记录； 5、配合生产过程及研发需要进行有关测试； 6、严格按照测试仪器要求进行操作； 7、管理所负责的生产设备及生产工具，做好仪器设备维护保养； 8、完成上级交办的其它工作。 岗位要求： 1、大专及以上，通信、电子相关专业，了解微波测试理论和测试方法； 2、接受过GJB9001C-2017、GB/T19001-2016质量管理体系知识培训； 3、有一定射频电路和天线相关的基础理论知识； 4、能使用矢量网络分析仪、信号源、频谱分析仪、功率计、示波器等测试仪器。 5、能独立编写产品测试报告等有关文档资料。 6、良好的沟通能力和团队协作能力。 7、能够熟练使用常用办公软件。 工作时间：9:00-21:00 两班倒，六休一。 薪资福利： 1、试用期4500-6000左右/月（2个月），转正综合收入6000-12000元左右/月(岗位2600+绩效500-2000+加班费500-2500+倒班费500-1000+技能工资（面试考核评估等级500-5000）+生产奖金 （500-1000）。 2、入职购买五险一金，提供食堂，住宿自理，有餐补(300)、保密费(200)、全勤奖（200）、年终奖。 工作地址：成都邛崃天府新区半导体材料产业功能区,7月17日,四川英联中才人力资源管理有限公司，成立于2011年，是经四川省劳动部门和成都市工商行政管理局批准的、具有独立法人资格的公司。公司注册资本为1000万元人民币，总部位于四川成都。英联中才前身是成都市青联人力资源有限公司，创始于2007年，于2012年成立英联中才党支部，是成都市团委青年就业、创业紧密的合作伙伴。公司先后荣获“先进党支部”、“全国人力资源诚信服务示范机构”、“全国人力资源优秀服务单位”、“AAA级信用企业”、“大学生就业创业先进服务单位”等称号。,"https://www.zhaopin.com/jobdetail/CC472353920J40756203601.htm?refcode=4019&srccode=401901&preactionid=a7c1140f-c46c-45e5-b867-ab342d8bdc77"
2207,技术支持工程师,德州-德城区,7000-14000元,青岛安然物联网科技有限公司,"物联网,物联网",20-99人,未融资,CC559764920J40565758304,需要弱电技术、自动化、安防系统、工业互联网+危化安全生产、物联网人才，不要纯软件人才。  你能经常到全国各地出差吗？你能到工业生产现场生产现场做技术支持吗？     真正的奋斗者在安然会有让人值得为之奋斗的事业，会有充实、高效的成长，会有高人一等的收入。,7月13日,基于精准人员定位的工业安全生产信息化管理专家，安全生产信息化管理引领者！作为全国实时定位技术标准工作组成员和应急管理部“工业互联网+危化安全生产”人员定位系统技术支持机构，安然从2012年起致力于基于ZigBee Plus三维立体按需精准定位的“工业互联网+安全生产”的研究，获得了20多项安全智能管控系统发明专利和著作权，持续引领中国化工行业生产现场智慧安全！安然以“准、稳、狠”的ZigBee Plus三维立体按需精准人员定位统和“底数清、数据准、情况明、研判准、措施实”的安全生产信息化平台为核心，整合访客管理、出入口控制、人脸识别、视频监控、语音广播、重大危险源监控、可燃有毒气体监测等系统，对生产现场人、机、料、法、环五大要素进行实时、动态、智能管控和预警，规范人的安全行为，保障人的生命安全，有效防范风险、主动化解风险，实现智慧安全。安然“以用为本”，把安全生产信息化建设与公司管理体系“深度融合”，把安全生产信息化建设与日常工作“紧密结合”，对安全生产切实“有用、实用、好用”，避免建用“两张皮”，让安全管控更智能，让生产更高效才实用。迄今已服务中石化、中石油、延长石油、国能、兖矿、京能、索普、新安、奇美、昊源、潞安、旭阳、垦利、逸盛、海科、酒钢、金发等几百家石化、化工、选煤、钢铁、电厂企业。安然以客户为中心，以强者为本，抬头乐干，愿意与同道中人联合、链接，携手共建、共用、共享生产安全命运共同体，一起干，一起干，让优秀企业更安全，让优秀企业更高效！,"https://www.zhaopin.com/jobdetail/CC559764920J40565758304.htm?refcode=4019&srccode=401901&preactionid=a7c1140f-c46c-45e5-b867-ab342d8bdc77"
2208,测试工程师,沈阳-浑南区,5000-8000元·13薪,沈阳市皇姑区知乐网络科技中心(个体工商户),专业技术服务,20-99人,,CCL1484080330J40723348916,岗位福利：早九晚六，午休两个小时，周末双休，年底十三薪 岗位内容： 1. 进行测试计划制定、用例编写、测试执行和缺陷管理； 2. 在现有自动化测试框架下，编写和维护自动化测试脚本； 3. 持续跟进项目进展，及时进行需求变更的影响分析和测试计划调整。 任职要求： 1. 本科及以上学历，计算机相关专业优先； 2. 熟悉测试理论和流程，并具有扎实的测试方法论基础； 3. 熟悉至少一种自动化测试框架，如Selenium、Appium等； 4. 具有良好的沟通与协调能力，具备较强的团队合作精神； 5. 具备SQL语言基础，能够熟练进行常规数据库操作。,2025-07-27 00:15:42,,"https://www.zhaopin.com/jobdetail/CCL1484080330J40723348916.htm?refcode=4019&srccode=401901&preactionid=a7c1140f-c46c-45e5-b867-ab342d8bdc77"
2209,Java,深圳-龙岗区,1-2万·14薪,外企德科数字技术有限公司,专业技术服务,10000人以上,,CCL1480117890J40599626305,"【岗位职责】     1、承担技术中台打造，参与关键方案设计、核心代码编写，对软件架构及代码结构进行持续优化改进。     2、参与软件系统核心模块的技术竞争力构建，架构设计，跟踪分析业界发展趋势，完成技术竞争力识别，标杆分析和指标设定。     3、参与容器平台、分布式平台、OS系统及底层软件、AI框架、数据库引擎等业务设计开发，涵盖业界潮流领域。     【岗位要求】     1、熟悉Linux内核，熟悉C/C++/Java/Python/Go一种或多种编程语言，掌握常用数据结构、常用算法和多线程编程；     2、有较强的学习能力，分析能力和解决问题能力；有分布式集群、虚拟化技术、文件系统、存储、大数据等领域开发经验者优先；有可靠性、性能、容灾备份、安全设计经验者优先；     3、工作认真细致，主动性强，有较高的独立工作能力，具有良好的沟通，协调及团队协作能力。     【福利待遇】     1、【&德科】联合招聘，联合培养，挂职500强外企德科，并与德科签署合同，4年1签，在研究所办公，参与并专职核心项目开发；     2、绩效优秀员工每年都有转正式员工机会；     3、基本工资+绩效工资+年终奖+项目激励+办公环境+带薪年假,体现绩效差异化激励",2025-07-27 00:23:22,外企德科数字技术有限公司是一家2023年新成立的中外合资企业。成立于2023年11月24日，公司定位：专注于为信息技术企业提供人才及数字技术外包解决方案的中外合资企业。它是由中国人力资源服务行业的FESCO（北京国际人力资本集团）与全球人力资源服务领导者The Adecco Group（德科集团）合资成立的。公司主要提供网络技术服务、软件外包服务、计算机系统服务、技术进出口、软件开发等信息技术相关服务。专注于为信息技术企业提供信息技术类人才及数字技术外包解决方案。,"https://www.zhaopin.com/jobdetail/CCL1480117890J40599626305.htm?refcode=4019&srccode=401901&preactionid=a7c1140f-c46c-45e5-b867-ab342d8bdc77"
2210,技术支持工程师,深圳-宝安区,7000-10000元,北京凯视达科技股份有限公司,"电子/半导体/集成电路,电子/半导体/集成电路",300-499人,A轮,CC418176610J00085401013,职位描述： 1、负责产品的售前售后相关工作； 2、产品的安装调试、技术指导工作； 3、客户的技术培训、关系维护工作； 4、快速熟悉公司产品及其应用，并指导销售人员； 5、协助销售做好相关技术指导工作。 任职要求： 1、年龄27岁以下，本科及以上学历； 2、工作经验不限具备电子信息相关专业知识者优先； 3、具有良好的学习能力、沟通能力和团队合作能力，能够承担工作压力，富有团队合作精神  职位福利：六险一金、绩效奖金、、提成奖励、餐补、房补、通讯补助、带薪年假、定期体检、员工旅游  ,7月25日,北京凯视达科技有限公司依托中国科学院和清华大学的技术力量，面向广播电视、全彩大屏幕显控、视频会议及通信、医疗影像及教育培训等领域提供专业的视音频处理设备和技术服务，用户遍布国内各个省市和地区。我们拥有一支高水平的研发队伍，主要的研发人员均在国内一流的大学和研究机构获得博士或硕士学位，并且在视频处理和电子设计等领域具有数十年的研发经验。同时公司在系统设计、工程安装、设备维护、技术支持等方面拥有资深的高素质专业技术人员及配套而完善的研发设施。在不断完善产品线和公司管理体系的同时，我们的队伍快速扩充，先后在深圳、上海等地设立了办事处，同时规划了多个未来的网点，北京凯视达进入了腾飞式的发展阶段。而在飞速发展壮大的同时，凯视达人始终不忘坚持自主创新路线，致力于解决用户的需求，以领先的技术和一流的服务，为广大客户提供极高性价比的产品和诚信周到的服务。,"https://www.zhaopin.com/jobdetail/CC418176610J00085401013.htm?refcode=4019&srccode=401901&preactionid=a7c1140f-c46c-45e5-b867-ab342d8bdc77"
2211,前端开发,杭州-滨江区,1.2-2万,宏杉科技,"通信/网络设备,计算机软件,计算机硬件,IT服务",500-999人,未融资,CC227128020J40820322608,岗位描述： 1.根据产品需求完成页面的设计与开发，负责公司产品Web端相关工作； 2.负责现有产品Web项目的开发维护迭代工作并能根据新需求进行调整； 3.模块化功能开发、性能优化，提高项目代码的可维护性和复用性； 4.与后端开发紧密合作，参与前后端联调，解决数据交互、接口对接等问题，保障项目的顺利推进； 5.关注前端技术发展趋势，善于使用新技术提升产品的用户体验和开发效率。 岗位要求： 1.本科及以上学历，计算机相关专业优先，1-3年Web前端开发经验； 2. 熟练掌握 HTML5、CSS3、JavaScript、TypeScript 等前端开发技术，掌握 ES6+语法，能够独立完成前端页面的开发； 3. 熟悉模块化开发，熟练使用如 Vue、React 等主流前端框架，并有实际项目开发经验，掌握现代前端构建、编译工具，如 Webpack、Vite、Babel 等； 4. 具有对于优秀开源框架、组件库及第三方工具库源码阅读的能力； 5. 有一定UI设计经验或者有云计算、存储、超融合等从业经验的优先； 6. 具备良好的沟通能力和团队协作精神，能够积极主动地解决工作中遇到的问题。,7月4日,"杭州宏杉科技股份有限公司（MacroSAN Technologies Co., Ltd.中文简称：宏杉科技）成立于2010年5月，从事企业级存储产品的研发、生产和销售，系全球存储市场上少数具有高端产品自主研发能力的高科技企业，总部位于杭州，在杭州和深圳设有研发中心，在全国31个省会、首府、直辖市及计划单列市，设立了办事处。宏杉科技是全球网络存储工业协会（SNIA）最早的中国投票会员。凭借团队丰富的研发经验和深厚的技术积累，宏杉科技通过自主研发推出了MS全系列存储产品，成为具有从低端到高端全系列产品及解决方案研发能力的高科技企业。宏杉科技根据中国用户的使用特点，推出了SDAS对称双活、双矩阵高端多控、CRAID、IDDC、ICMT等业界领先的存储技术。面对云计算大潮，宏杉科技推出了整体数据管理解决方案，既能够帮助用户建立整体的数据架构、数据保护机制、数据管理方法，并在之上满足AI、BI、VR/AR、大数据分析等不同环境、不同应用的需求，还可以帮助企业顺利向混合云、公有云平移，推动用户在传统IT走向以云计算、大数据、IoT为代表的“新IT”过程中持续创新。宏杉科技已成长为中国数据管理专业企业。宏杉科技的产品及解决方案广泛应用于政府、金融、运营商、教育、医疗、电力、能源、交通、大企业等各行各业。","https://www.zhaopin.com/jobdetail/CC227128020J40820322608.htm?refcode=4019&srccode=401901&preactionid=a7c1140f-c46c-45e5-b867-ab342d8bdc77"
2212,软件测试,天津-津南区,5000-6000元,天津市天飞海泰阀门有限公司,"仪器仪表制造,互联网",100-299人,未融资,CC288471310J40765132907,岗位职责： 1、负责平台的测试和售后维护工作,7月5日,天津市天飞海泰阀门有限公司是一家专业生产电动阀门、气动阀门的高新技术企业，作为天津阀门行业的创始单位，励精图治，已成为北方乃至全国智能阀门研发生产的重要基地。公司产品齐全，电动阀门执行器CWX系列（扭矩1.0NM-10NM）CTF系列（扭矩20NM-150NM）CTB系列（扭矩50NM-2000NM）使用范围广泛，超小型（CWX-10、CWX-20、CWX-60、CWX-100）电动阀门以其高可靠性成为智能计量行业的首选配套产品，已被数十家高校，智能仪表、太阳能排空、高校节水、智能一卡通、空调风机盘管、自动控制等企业所使用。CTF-002、CTF-005、CTF-010、CTF-015电动阀门引进台湾技术生产，性价比优异，是水处理行业、医药、食品、环境工程、环保行业自动控制的最优，CTB系列可实现变量调节，在自动控制领域大显身手。气动阀门引进意大利技术，性能可靠，价格低廉，仅为同类进口产品的1/6，是替代进口的理想产品。此外，我司还生产仪器仪表类（智能水表、热量表、电表、燃气表）,"https://www.zhaopin.com/jobdetail/CC288471310J40765132907.htm?refcode=4019&srccode=401901&preactionid=a7c1140f-c46c-45e5-b867-ab342d8bdc77"
2213,实施工程师,沈阳-浑南区,7000-14000元,青岛安然物联网科技有限公司,"物联网,物联网",20-99人,未融资,CC559764920J40565601404,你能经常到全国各地出差吗？你能到工业生产现场生产现场做技术支持吗？  真正的奋斗者在安然会有让人值得为之奋斗的事业，会有充实、高效的成长，会有高人一等的收入。,5月19日,基于精准人员定位的工业安全生产信息化管理专家，安全生产信息化管理引领者！作为全国实时定位技术标准工作组成员和应急管理部“工业互联网+危化安全生产”人员定位系统技术支持机构，安然从2012年起致力于基于ZigBee Plus三维立体按需精准定位的“工业互联网+安全生产”的研究，获得了20多项安全智能管控系统发明专利和著作权，持续引领中国化工行业生产现场智慧安全！安然以“准、稳、狠”的ZigBee Plus三维立体按需精准人员定位统和“底数清、数据准、情况明、研判准、措施实”的安全生产信息化平台为核心，整合访客管理、出入口控制、人脸识别、视频监控、语音广播、重大危险源监控、可燃有毒气体监测等系统，对生产现场人、机、料、法、环五大要素进行实时、动态、智能管控和预警，规范人的安全行为，保障人的生命安全，有效防范风险、主动化解风险，实现智慧安全。安然“以用为本”，把安全生产信息化建设与公司管理体系“深度融合”，把安全生产信息化建设与日常工作“紧密结合”，对安全生产切实“有用、实用、好用”，避免建用“两张皮”，让安全管控更智能，让生产更高效才实用。迄今已服务中石化、中石油、延长石油、国能、兖矿、京能、索普、新安、奇美、昊源、潞安、旭阳、垦利、逸盛、海科、酒钢、金发等几百家石化、化工、选煤、钢铁、电厂企业。安然以客户为中心，以强者为本，抬头乐干，愿意与同道中人联合、链接，携手共建、共用、共享生产安全命运共同体，一起干，一起干，让优秀企业更安全，让优秀企业更高效！,"https://www.zhaopin.com/jobdetail/CC559764920J40565601404.htm?refcode=4019&srccode=401901&preactionid=a7c1140f-c46c-45e5-b867-ab342d8bdc77"
2214,科研人员,上海-闵行区,3-5万·13薪,厦门赛诺邦格生物科技股份有限公司,"医药制造,医药制造",100-299人,未融资,CC484811820J40149147611,岗位职责： -药物递送系统开发（抗癌药、基因治疗、疫苗等） -药物递送载体的开发（脂质体、高分子胶束、高分子微球等） 岗位要求： -博士学历 -药物制剂、药物化学、药理学等专业背景 -海外留学或外资药企经验者优先 -精通英文，擅长英文文献挖掘和分析 薪资待遇： -待遇从优，根据学历、能力、工作经验、综合素质等不同而定。（博士月薪30000元起，原则上特别优秀者上不封顶。薪资含基本工资、岗位津贴、绩效、年终奖、提成、公司效益奖、公司其他补贴等。） -符合条件者，可获得厦门市、福建省各类补助和政策优惠（包括但不仅限于人才房、住房或租房补贴、生活补助、子女就学、职称评定，相关政策请参见www.irencai.gov.cn）职位福利：住房补贴、五险一金、年底双薪、绩效奖金、全勤奖、带薪年假、定期体检、节日福利  ,2025年07月29日,厦门赛诺邦格生物科技股份有限公司（http：//www.sinopeg.com.cn)致力于药物递送系统及医疗器械相关业务，研发、生产和销售高端药物递送载体/原辅料/原料药、医用新材料，包括但不仅限于聚乙二醇衍生物、脂质产品、血糖控制类药物修饰剂、嵌段共聚物、ADC/ProTAC连接子、生物可降解聚合物、外泌体、类病毒，并提供CDMO和解决方案服务，广泛应用于长效蛋白/多肽药物、新冠mRNA疫苗、小核酸药物、血糖控制类药物、大分子胶束药物、脂质体药物、基因治疗药物、免疫抑制剂、ADC药物、ProTAC药物、医用水凝胶等，处于行业领先地位。,"https://www.zhaopin.com/jobdetail/CC484811820J40149147611.htm?refcode=4019&srccode=401901&preactionid=a7c1140f-c46c-45e5-b867-ab342d8bdc77"
2215,Java,济南-历下区,1-1.5万,浪潮集团,"IT服务,计算机软件,计算机硬件",10000人以上,,CC120143600J40765975015,岗位职责： （1）参与并负责公司中后台业务系统的设计、开发及维护；   （2）参与并负责业务系统的稳定性建设，报警，监控，容灾，降级等；   （3）参与设计并实现具备可扩展性和可维护性的系统方案   ,3月28日,浪潮集团是中国领先的云计算、大数据服务商，拥有三家上市公司。主要业务涉及计算装备、软件、云计算服务、新一代通信、大数据及若干应用场景。作为中国最早的IT品牌之一，浪潮致力于成为世界一流的新一代信息技术龙头企业经济社会数字化转型的优秀服务商，新型基础设施建设的骨干企业。,"https://www.zhaopin.com/jobdetail/CC120143600J40765975015.htm?refcode=4019&srccode=401901&preactionid=a7c1140f-c46c-45e5-b867-ab342d8bdc77"
2216,Java,深圳-南山区,4000-6000元,珠海智档软件有限公司,"计算机软件,IT服务",20-99人,,CC855887520J40854811315,岗位职责： 1. 按照产品研发计划，按时、高质量的完成产品设计、研发工作； 2. 参与软件产品需求分析、研发，解决产品研发过程中遇到的技术问题； 3. 依据产品需求完成Web前端开发和维护； 4. 研究并优化前端性能，丰富Web交互方式，改善用户体验； 5. 与团队中其他成员合作，解决软件开发过程中遇到的问题； 6. 对于项目中的难点问题，可以进行技术攻关解决； 7. 完成产品核心功能模块代码编写。 岗位要求： 1. 大专及以上学历，计算机软件相关专业。 2. 熟练掌握Linux常用命令、Tomcat、Maven、Jenkins、SVN、GIT、Eclipse、Idea及其它开源工具的安装、配置和使用； 3. 熟悉并发环境下的性能优化，能够快速解决开发过程中的技术问题，具有一定的WebService、多线程开发经验； 4. 熟悉SpringBoot、MyBatis等框架。 5. 熟悉JavaScript、HTML5、CSS，熟悉Vue、React等主流前端框架； 6. 有工作流引擎Activiti、Flowable等相关开发工作经验； 7. 熟悉MySQL数据库； 8. 熟悉分布式系统常用技术，如Dubbo、Redis、MQ、Zookeeper等。 注：本招聘通知由珠海子公司发布，上班地点在深圳总部。,6月17日,珠海智档软件有限公司为深圳博阳好易信息技术有限公司的下属子公司，是国内领先的档案管理软件服务商，服务客户主要为大型企业集团，政府机构。客户有中央企业如中航集团、保利集团等，上市公司碧桂园集团、顺丰控股、恒大集团、绿地集团、龙光集团、合景泰富集团、新世界集团等，政府机构深圳住建局、市场监督局等，金融行业光大银行、国信证券等。现因公司业务发展需要，大量招聘项目经理、java开发工程师、测试工程师。,"https://www.zhaopin.com/jobdetail/CC855887520J40854811315.htm?refcode=4019&srccode=401901&preactionid=a7c1140f-c46c-45e5-b867-ab342d8bdc77"
2217,前端开发,大连-甘井子区,6000-9000元,济南淘扑云信息技术有限公司,计算机软件,20-99人,,CC515910530J40630930406,岗位职责： 1 从事对日的软件开发工作两年或以上。 2 能够独立的完成分配的开发及测试作业，并能担当测试式样书的做成等工作 任职要求： 1 angular开发经验两年或以上年数。 2 熟悉Oracle、SQLServer、MySQL等其中一种或以上数据库 3 有日语基础，能够读懂日语设计书 4 具有良好的沟通和协调能力 5 具有良好的心理素质，能够承受一定工作压力 6 具有良好的学习能力、主动解决问题以及积极向上的人生态度,7月8日,济南淘扑云信息技术有限公司坐落于美丽的泉城济南。是一家从事软件产品研发，维护，系统集成和整体解决方案设计的高新技术企业。公司在从事软件产品研发的同时、亦积极发展国内、日本、欧美等相关项目的技术人才服务等业务。公司业务范围涵盖零售、金融、医疗、社保和通信等相关领域，并与众多客户良好合作的基础上，建立起了相互信赖的战略合作伙伴关系。公司的业务方向涵盖对日服务外包、金融/智慧能源/智能制造/电商等行业的IT服务、以及人力资源服务等。公司对接国内外高端市场，与国内外一流企业合作，根据客户需求，提供包括信息技术外包（ITO）、业务流程外包（BPO）和知识流程外包（KPO）在内的全价值链服务。公司提倡“以人为本”的发展理念，全力为员工提供充分展现才能的平台，实现企业与员工的共同发展与成长。公司将为员工提供有竞争力的薪资福利，良好的工作环境，完善的培训（优秀者可以提供出国实训与工作的机会）和广阔的职业发展空间。公司主营业务：1、软件产品的设计与研发2、零售、政府、医院、教育行业等系统集成项目3、国内、对日、欧美等外包服务济南淘扑云为员工提供广阔的发展空间，真诚的期待您加入我们这个快速成长、充满热情与活力的企业。,"https://www.zhaopin.com/jobdetail/CC515910530J40630930406.htm?refcode=4019&srccode=401901&preactionid=a7c1140f-c46c-45e5-b867-ab342d8bdc77"
2218,软件测试,上海-徐汇区,1.5-2万·13薪,青岛鼎赫人力资源有限公司,人力资源服务,20人以下,,CC682590480J40784533814,岗位职责： 1. 负责软件的功能测试。 2. 执行测试用例，报告缺陷并跟踪缺陷的修复。 3. 与开发团队协作，确保软件质量满足需求。 4. 参与软件测试流程的优化和改进。 岗位要求： 1. 熟悉软件测试理论、方法和流程。 2. 具备功能测试经验。 3. 了解运维工程师、网络工程师的工作内容，能进行基本的IT质量管理。 4. 有信息技术、标准化、电子或电路工程相关背景者优先。 薪资待遇：包住、六险一金、工龄工资、生日礼金、定期体检、带薪年假、绩效奖、项目奖、年终奖.,2025年07月30日,,"https://www.zhaopin.com/jobdetail/CC682590480J40784533814.htm?refcode=4019&srccode=401901&preactionid=a7c1140f-c46c-45e5-b867-ab342d8bdc77"
2219,软件测试,上海-浦东新区,7000-10000元,软通动力信息技术(集团)股份有限公司,"互联网,IT服务,计算机软件",10000人以上,D轮及以上,CC000544460J40737197816,1.本科学历  2.熟悉软件测试基本理论和方法，掌握需求分析业务技能 3.熟悉界面分析、数据分析、流程分析或性能分析的业务技能 4.具备制订测试计划，设计测试方案，执行测试案例，编写测试报告能力,7月29日,软通动力信息技术（集团）股份有限公司（以下简称“软通动力”）是中国数字技术产品和服务创新领导企业，致力于成为一家具有全球影响力的科技企业，企业数字化转型可信赖合作伙伴。公司2005年成立于北京，多年来始终坚持科技创新，具有软硬全栈的智能技术产品和服务能力，提供软件与数字技术服务、计算产品与数字基础设施、数字能源与智算服务以及国际化服务。目前，公司在10余个重要行业服务超过1100家国内外客户，其中超过230家客户为世界500强或中国500强企业，员工近90000人。软通动力拥有软通咨询、软通金科、软通工业互联、机械革命、软通华方等业务子品牌，并在全球40余个城市布局业务，构建北美、日本、东南亚、中东四大国际交付中心，在北京城市副中心、江苏无锡建设两大智能制造基地。同时，公司前瞻布局智能制造、ICT软硬基础能力和生产力智能化产品，打造产业链闭环。软通动力设立30个能力中心，拥有1个国家级工程实验室，6个省市政府认定的工程、技术实验室及研发中心，1个博士后科研工作站，50+技术合作伙伴的生态合作体系，不断探索前沿技术的巨大商业应用潜力。公司旗下教育品牌软通教育，拥有一家全日制本科学院——郑州西亚斯学院数字技术产业学院；同时在全国合作院校600多所，设有70多个校企联合人才培养基地，通过校企合作、协同育人，为社会培养高素质应用型人才。软通动力先后获得“2023年中国IT服务市场排名TOP 1”、“2024年Q4 PC出货量国内市场份额排名TOP 2”、“2024年中国软件和信息技术服务竞争力百强企业”、“2023年中国信创企业100强”、“2024万得ESG评级（Wind ESG Rating）AA级及信息技术服务行业ESG综合得分排名第一”等荣誉及市场认可，并拥有全球软件工程领域最高级别CMMI V2.0成熟度5级评估认证、国家研发运营一体化（DevOps）三级能力成熟度模型认证、信息技术服务标准（ITSS）运维能力成熟度一级认证等专业资质，支撑公司更优质的服务体系。,"https://www.zhaopin.com/jobdetail/CC000544460J40737197816.htm?refcode=4019&srccode=401901&preactionid=a7c1140f-c46c-45e5-b867-ab342d8bdc77"
2220,科研人员,嘉兴-桐乡市,1.5-2.5万,乌镇实验室,学术/科研,20-99人,不需要融资,CCL1333798550J40526127606,研究方向： (1)压电陶瓷材料及器件； (2)纤维增强陶瓷基复合材料、纤维增强树脂基复合材料； (3)热电能量转换材料及器件； (4)生物医用材料、医疗器械制备； (5)纳米氧化物粉体、固态电池电解质； (6)磁性材料：非晶粉末软磁材料、热压钕铁硼材料； (7)金属材料基因工程、增材制造； 要求：,11月12日,乌镇实验室（以下简称实验室）位于世界互联网大会永久举办地—桐乡，是由桐乡市人民政府举办，清华大学材料学院、浙江清华长三角研究院参与共建的省级新型研发机构。实验室围绕前沿新材料方向，立足桐乡新材料产业规模优势，依托清华大学在材料学科的高水平基础研究和前沿创新能力，整合国内外大院名校前沿新材料创新研发资源，运用浙江清华长三角研究院在承接高校科研院所产业技术转化、创新赋能区域经济方面的成熟模式和机制活力，在高端前沿材料领域开展应用研究、创新转化和产业孵化，同时促进高层次人才引进和本地产业人才培育，为推动行业规模发展、国家科技创新贡献力量。,"https://www.zhaopin.com/jobdetail/CCL1333798550J40526127606.htm?refcode=4019&srccode=401901&preactionid=a7c1140f-c46c-45e5-b867-ab342d8bdc77"
2221,实施工程师,青岛-市北区,9000-18000元,青岛安然物联网科技有限公司,"物联网,物联网",20-99人,未融资,CC559764920J40823801304,需要弱电技术、自动化、安防系统、工业互联网+危化安全生产、物联网人才，不要纯软件人才。  你能经常到全国各地出差吗？你能到工业生产现场生产现场做技术支持吗？   真正的奋斗者在安然会有让人值得为之奋斗的事业，会有充实、高效的成长，会有高人一等的收入。   你能做好售前技术支持、根据客户需求，高效制作方案吗？你能做好售中技术支持、指导他人正确安装、部署、调试系统向用户保质保量快速交付吗？你能做好售后维护，高效沟通和落实客户需求吗？   迄今已服务中石化、中石油、延长石油、国能、兖矿、京能、索普、新安、奇美、昊源、潞安、旭阳、垦利、逸盛、海科、酒钢、金发等几百家石化、化工、选煤、钢铁、电厂企业。    安然以客户为中心，以强者为本，抬头乐干，愿意与同道中人联合、链接，携手共建、共用、共享生产安全命运共同体，一起干，一起干，让优秀企业更安全，让优秀企业更高效！,7月22日,基于精准人员定位的工业安全生产信息化管理专家，安全生产信息化管理引领者！作为全国实时定位技术标准工作组成员和应急管理部“工业互联网+危化安全生产”人员定位系统技术支持机构，安然从2012年起致力于基于ZigBee Plus三维立体按需精准定位的“工业互联网+安全生产”的研究，获得了20多项安全智能管控系统发明专利和著作权，持续引领中国化工行业生产现场智慧安全！安然以“准、稳、狠”的ZigBee Plus三维立体按需精准人员定位统和“底数清、数据准、情况明、研判准、措施实”的安全生产信息化平台为核心，整合访客管理、出入口控制、人脸识别、视频监控、语音广播、重大危险源监控、可燃有毒气体监测等系统，对生产现场人、机、料、法、环五大要素进行实时、动态、智能管控和预警，规范人的安全行为，保障人的生命安全，有效防范风险、主动化解风险，实现智慧安全。安然“以用为本”，把安全生产信息化建设与公司管理体系“深度融合”，把安全生产信息化建设与日常工作“紧密结合”，对安全生产切实“有用、实用、好用”，避免建用“两张皮”，让安全管控更智能，让生产更高效才实用。迄今已服务中石化、中石油、延长石油、国能、兖矿、京能、索普、新安、奇美、昊源、潞安、旭阳、垦利、逸盛、海科、酒钢、金发等几百家石化、化工、选煤、钢铁、电厂企业。安然以客户为中心，以强者为本，抬头乐干，愿意与同道中人联合、链接，携手共建、共用、共享生产安全命运共同体，一起干，一起干，让优秀企业更安全，让优秀企业更高效！,"https://www.zhaopin.com/jobdetail/CC559764920J40823801304.htm?refcode=4019&srccode=401901&preactionid=a7c1140f-c46c-45e5-b867-ab342d8bdc77"
2222,实施工程师,青岛-市南区,7000-12000元,东华医为科技有限公司,"IT服务,IT服务",1000-9999人,未融资,CC649781480J40792097005,1、英语水平较高；,2025-07-27 00:17:01,东华医为科技有限公司（简称东华医为）成立于2012年5月，注册资金5000万，是东华软件股份公司旗下专业服务医疗、卫生等大健康领域IT业务的全资子公司。东华医为现有员工2000余人，其中技术人员占比达到90%，拥有近100项大健康类自主知识产权的软件产品，所覆盖的大健康领域有医疗机构、卫生管理机构、互联网医疗、人工智能、大数据、健康管理等，所涉及的主要业务有IT咨询规划、方案设计、系统集成、软件开发与交付、工程实施与交付、人才培养、售后运维、合作运营等。东华医为现为全国500余家大健康领域的各类用户提供着持续的技术服务，还连续多年蝉联中国十佳医疗行业解决方案商榜首。传承了东华软件医疗卫生事业部近二十年IT业务的东华医为，在高速发展的大健康领域，笃定能大有作为。,"https://www.zhaopin.com/jobdetail/CC649781480J40792097005.htm?refcode=4019&srccode=401901&preactionid=a7c1140f-c46c-45e5-b867-ab342d8bdc77"
2223,技术支持工程师,杭州-建德市,9000-18000元,青岛安然物联网科技有限公司,"物联网,物联网",20-99人,未融资,CC559764920J40823805404,需要弱电技术、自动化、安防系统、工业互联网+危化安全生产、物联网人才，不要纯软件人才。  你能经常到全国各地出差吗？你能到工业生产现场生产现场做技术支持吗？   真正的奋斗者在安然会有让人值得为之奋斗的事业，会有充实、高效的成长，会有高人一等的收入。   你能做好售前技术支持、根据客户需求，高效制作方案吗？你能做好售中技术支持、指导他人正确安装、部署、调试系统向用户保质保量快速交付吗？你能做好售后维护，高效沟通和落实客户需求吗？   迄今已服务中石化、中石油、延长石油、国能、兖矿、京能、索普、新安、奇美、昊源、潞安、旭阳、垦利、逸盛、海科、酒钢、金发等几百家石化、化工、选煤、钢铁、电厂企业。    安然以客户为中心，以强者为本，抬头乐干，愿意与同道中人联合、链接，携手共建、共用、共享生产安全命运共同体，一起干，一起干，让优秀企业更安全，让优秀企业更高效！,7月22日,基于精准人员定位的工业安全生产信息化管理专家，安全生产信息化管理引领者！作为全国实时定位技术标准工作组成员和应急管理部“工业互联网+危化安全生产”人员定位系统技术支持机构，安然从2012年起致力于基于ZigBee Plus三维立体按需精准定位的“工业互联网+安全生产”的研究，获得了20多项安全智能管控系统发明专利和著作权，持续引领中国化工行业生产现场智慧安全！安然以“准、稳、狠”的ZigBee Plus三维立体按需精准人员定位统和“底数清、数据准、情况明、研判准、措施实”的安全生产信息化平台为核心，整合访客管理、出入口控制、人脸识别、视频监控、语音广播、重大危险源监控、可燃有毒气体监测等系统，对生产现场人、机、料、法、环五大要素进行实时、动态、智能管控和预警，规范人的安全行为，保障人的生命安全，有效防范风险、主动化解风险，实现智慧安全。安然“以用为本”，把安全生产信息化建设与公司管理体系“深度融合”，把安全生产信息化建设与日常工作“紧密结合”，对安全生产切实“有用、实用、好用”，避免建用“两张皮”，让安全管控更智能，让生产更高效才实用。迄今已服务中石化、中石油、延长石油、国能、兖矿、京能、索普、新安、奇美、昊源、潞安、旭阳、垦利、逸盛、海科、酒钢、金发等几百家石化、化工、选煤、钢铁、电厂企业。安然以客户为中心，以强者为本，抬头乐干，愿意与同道中人联合、链接，携手共建、共用、共享生产安全命运共同体，一起干，一起干，让优秀企业更安全，让优秀企业更高效！,"https://www.zhaopin.com/jobdetail/CC559764920J40823805404.htm?refcode=4019&srccode=401901&preactionid=a7c1140f-c46c-45e5-b867-ab342d8bdc77"
2224,测试工程师,济南-历城区,4000-6000元·14薪,奥太电气,"工业自动化,电子/半导体/集成电路,通用设备制造,新能源",1000-9999人,不需要融资,CC140227540J40812224603,岗位职责： 1、负责新产品及产品设计变更时的可靠性、功能测试，汇总测试数据，形成测试报告及测试结论，协助开发人员不断完善产品；  2、负责产品国内外认证标准解读、分析及认证测试，统筹推进认证工作开展，汇总测试数据，按时完成产品认证工作；  3、负责产品新物料、替换物料的测试及测试数据分析，对物料技术指标、质量进行综合评定；  4、负责根据客户需求，参与产品研发设计及评审过程，跟踪解决新产品的测试问题，建立完善测试数据库，制定、完善产品测试大纲及测试方法；  5、负责产品测试平台的设计及搭建，不断优化测试方案，提高测试效率。,7月14日,奥太公司源自于山东大学控制学院，现改制由山东省国资委参股，是国家认定的高新技术企业。1993年公司创立以来，以科技创新服务国家为己任，持续发展得益于国家政策支持和重点工程需求，在电力电子、人工智能、机器视觉、机器人控制、智能焊接等技术上形成核心竞争力。在焊接电源、机器人系统、光伏逆变器领域中取得领先地位；品牌影响力、市场占有率和产品销量是中国行业的标杆。,"https://www.zhaopin.com/jobdetail/CC140227540J40812224603.htm?refcode=4019&srccode=401901&preactionid=a7c1140f-c46c-45e5-b867-ab342d8bdc77"
2225,软件测试,上海-浦东新区,1.4-2.8万·14薪,外企德科,"人力资源服务,咨询服务",1000-9999人,不需要融资,CC138117190J40792683005,岗位职责:岗位职责： 1、熟悉JAVA、C/C++、Python、JS、GO等主流语言 ，或者能转语言的（有导师教）。 2、对软件开发、测试、算法有兴趣，对经验无要求，接受考研、考公二战失败。 3、注重团队合作，良好的自律性和沟通能力。 4、全国有岗，软件开发、测试、算法等各个岗位均有需求，有意向可投递简历。 5、统招本科及以上学历，全职不招实习生。 薪资待遇： 1、薪资范围：对应技术定级D1~D5的薪资范围 2、薪资结构：底薪+绩效+奖金 3、绩效工资：2k起，A/B两个等级 4、加班费结算：非工作日双倍日薪 5、其他福利：五险一金以底薪为基数全额缴纳 6、年终奖根据绩效：2-4个月,2025-07-27 00:21:01,"北京外企德科人力资源服务上海有限公司（FESCO Adecco）：官方网站：http://www.fescoadecco.com/北京外企德科人力资源服务上海有限公司(外企德科 FESCO Adecco)是值得客户信赖的人力资源解决方案提供商和全球合作伙伴，是中国人力资源服务行业最具竞争力和品牌价值的FESCO（北京外企服务集团）与全球人力资源服务行业领航者The Adecco Group（德科集团）于2010年成立的一家中外合资人力资源服务企业，为企业及个人提供业务外包、人事服务、招聘猎头和员工福利等人力资源解决方案。目前，FESCO Adecco在浙江、陕西、重庆、深圳、苏州设立了分支机构，全国服务人数超过200万名，服务客户超20,000家。","https://www.zhaopin.com/jobdetail/CC138117190J40792683005.htm?refcode=4019&srccode=401901&preactionid=a7c1140f-c46c-45e5-b867-ab342d8bdc77"
2226,技术支持工程师,石家庄-藁城区,7000-14000元,青岛安然物联网科技有限公司,"物联网,物联网",20-99人,未融资,CC559764920J40565728404,需要弱电技术、自动化、安防系统、工业互联网+危化安全生产、物联网人才，不要纯软件人才。  你能经常到全国各地出差吗？你能到工业生产现场生产现场做技术支持吗？     真正的奋斗者在安然会有让人值得为之奋斗的事业，会有充实、高效的成长，会有高人一等的收入。,6月21日,基于精准人员定位的工业安全生产信息化管理专家，安全生产信息化管理引领者！作为全国实时定位技术标准工作组成员和应急管理部“工业互联网+危化安全生产”人员定位系统技术支持机构，安然从2012年起致力于基于ZigBee Plus三维立体按需精准定位的“工业互联网+安全生产”的研究，获得了20多项安全智能管控系统发明专利和著作权，持续引领中国化工行业生产现场智慧安全！安然以“准、稳、狠”的ZigBee Plus三维立体按需精准人员定位统和“底数清、数据准、情况明、研判准、措施实”的安全生产信息化平台为核心，整合访客管理、出入口控制、人脸识别、视频监控、语音广播、重大危险源监控、可燃有毒气体监测等系统，对生产现场人、机、料、法、环五大要素进行实时、动态、智能管控和预警，规范人的安全行为，保障人的生命安全，有效防范风险、主动化解风险，实现智慧安全。安然“以用为本”，把安全生产信息化建设与公司管理体系“深度融合”，把安全生产信息化建设与日常工作“紧密结合”，对安全生产切实“有用、实用、好用”，避免建用“两张皮”，让安全管控更智能，让生产更高效才实用。迄今已服务中石化、中石油、延长石油、国能、兖矿、京能、索普、新安、奇美、昊源、潞安、旭阳、垦利、逸盛、海科、酒钢、金发等几百家石化、化工、选煤、钢铁、电厂企业。安然以客户为中心，以强者为本，抬头乐干，愿意与同道中人联合、链接，携手共建、共用、共享生产安全命运共同体，一起干，一起干，让优秀企业更安全，让优秀企业更高效！,"https://www.zhaopin.com/jobdetail/CC559764920J40565728404.htm?refcode=4019&srccode=401901&preactionid=a7c1140f-c46c-45e5-b867-ab342d8bdc77"
2227,科研人员,北京-石景山区,1.8-2万,中国科学院高能物理研究所,"学术/科研,科学技术推广",1000-9999人,未融资,CC000545690J40651575801,岗位职责： 1.射线成像探测技术研究； 2.成像算法开发和算法工程化。 岗位要求： 1.学历：博士及以上，具有博士后研究经历优先考虑； 2.熟悉探测技术基本原理及测试方法； 3.具有责任心和团队协作精神，善于沟通，对待科研积极主动，能独立完成研发任务；  4.具有较强的中英文读写能力。 【福利与发展】  ·中央事业单位编制，落户北京 ·中国科学院岗位绩效工资制待遇，享受工伤保险、失业保险、养老保险、职业年金、公费医疗、住房公积金等 ·提供周转公寓或单身宿舍（博士后提供博士后公寓）   ·前沿的国内外讲座、丰富的培训及交流机会，鼓励职工在本所攻读研究生 【简历投递】  1.有意应聘者请登陆“高能所人才信息库”（cv.ihep.ac.cn）投递简历，请注明应聘岗位名称（申请岗位原则上不超过两个）；  2.应聘者面试时须提供以下材料：(1) 本人简历；（2）1份推荐信； (3) 能够证明本人能力、水平和业绩能力的材料（包括发表论文目录、代表性论著等),9月13日,中国科学院高能物理研究所（以下简称“高能所”）是我国从事高能物理研究、先进加速器物理与技术研究及开发利用、先进射线技术与应用研究的综合性研究基地。1973年建所至今，高能所获得科研奖200余项。其中，国家自然科学一等奖2项，国家自然科学二等奖和科技进步二等奖以上20余项，北京正负电子对撞机工程、绕月工程（成员单位）获国家科技进步特等奖。2013年7月17日，国家主席习近平视察高能所。高能所现有职工1400余人，其中专业技术人员1200余人，包括中国科学院院士5人、中国工程院院士2人，科技部中青年科技创新领军人才、国家杰出青年科学基金获得者等领军人才及高层次研究骨干近百人。谢家麟院士获得2011年度国家最高科学技术奖。王贻芳院士获得美国物理学会“潘诺夫斯基实验粒子物理学奖”，并率领大亚湾实验团队获得2016年“基础物理学突破奖”。高能所依托大科学装置开展基础研究和应用研究，正在运行的大科学装置有北京正负电子对撞机、北京谱仪、北京同步辐射装置、西藏羊八井国际宇宙线观测站、大亚湾中微子实验等；2017年成功发射了硬X射线调制望远镜卫星“慧眼”，承建的中国散裂中子源今年8月份通过国家验收；正在建设中的大科学装置有ADS强流质子加速器、江门中微子实验、高海拔宇宙线观测站、高能同步辐射光源、阿里引力波实验等；正在预先研究和规划的有增强型X射线时变与偏振探测（eXTP）空间天文台（已进入背景型号二期）、高能环形正负电子对撞机等；参加美国、欧洲、日本等多个大型实验的合作研究。高能所依托多个实验室增强能力建设，目前有北京正负电子对撞机国家实验室、核探测与核电子学国家重点实验室（与中国科技大学共建）、中科院粒子天体物理重点实验室、中科院纳米生物效应与安全重点实验室（与国家纳米中心共建）、中科院粒子加速物理与技术重点实验室、北京市射线成像技术与装备工程中心等。坐落在广东省东莞市的中国散裂中子源（CSNS），2018年3月25日通过中国科学院组织的工艺鉴定和验收，完成工程建设任务，成为我国第一台、世界第四台脉冲式散裂中子源，填补了国内脉冲中子应用领域的空白，为我国中子科学研究及应用研究提供了强大的科研平台。展望未来，高能所将始终坚持面向世界科技前沿和国家战略需求，紧密围绕研究所战略定位，努力提升自主创新能力，朝着“国际一流的高能物理研究中心和大型综合性多学科研究基地”的目标不断迈进。,"https://www.zhaopin.com/jobdetail/CC000545690J40651575801.htm?refcode=4019&srccode=401901&preactionid=a7c1140f-c46c-45e5-b867-ab342d8bdc77"
2228,技术支持工程师,重庆-沙坪坝区,6000-10000元,重庆市沙坪坝区中智医谷研究院,"医疗设备/器械,生物工程,医疗检测,医疗设备/器械",20-99人,未融资,CCL1449811130J40649953703,1、熟练掌握产品，对竞争产品进行分析，支撑自己产品的不断优化。 2、负责收集客户需求，受理客户电话或咨询问题的记录与答疑，处理客户和产品内部问题的协调工作；处理客户反馈信息及相关问题的解决，维护客户关系，提升客户满意度。 3、负责组织完成面向客户的售前技术培训、产品展示、操作、推广、客户培训、对外服务支持，及售后的技术支持工作。 4、协作销售人员在销售过程中的技术支持工作。 5、编写技术支持相关文档和方案，技术支持相关文档的整理、归纳。 6、完成公司安排的临时任务。 任职要求： 1、免疫学、生物学、药学等相关专业硕士学历及以上学历。 2、熟练掌握分子生物学技术技能，接收新技术和新业务能力强，技术过硬，能独立处理紧急任务。 3、具有丰富的实践经验，精通相关专业知识，有较强的表达和协调能力，能够有创造性的开展工作。 4、具有良好的团队工作精神和人际关系沟通协作能力。 5、工作认真、具备良好的职业道德和敬业精神。 6、能够承受较强的工作压力，能适应出差。 本岗位工作地点在青凤孵化园 职位福利：五险一金、节日福利、项目绩效奖金 、双休,5月30日,器官智能生物制造工程研究中心(以下简称中心)是重庆市科技创新基础设施重大建设项目，将以组织器官再生与制造教育部工程研究中心为基础，拟建设成国家工程研究中心。中心由陆军军医大学牵头，联合重庆高校，重庆医疗器械质量检验中心、中国食品药品检定研究院医疗器械检定所、重庆中智医谷研究院等企事业单位进行建设，建筑面积18000m2。中心依据“对接国家军队重大需求，瞄准国家军队重大专项，面向国际学科前沿”的总体思路，围绕器官智能生物制造各组成单元进行建设。中心主要建设内容围绕搭建“2所1库2平台”（器官生物制造研究所、器官生物芯片研究所、干细胞制备及组织器官储存库、器官智能制造产品临床应用评价平台、器官智能制造产品临床应用评价平台、器官制造产业转化平台）展开，将打造“智造+医学”特色组织器官再生和医疗器械基地，形成产学研一体的国内一流国际领先品牌工程研究中心。中心开展相关的基础、临床及转化医学研究，围绕干细胞智能生物制造、生物材料智能生物制造、智能生物制造技术、类器官构建、人体重要器官生物制造等5个方向核心技术，积极推挤技术转化和产业化，突破领域关键技术瓶颈，达到国际领先水平。中心校外学术交流基地选址华宇城生命科技园，产业服务基地坐落于青凤高科孵化中心，青凤基地总建筑面积6500m2，建有芯片车间、实验动物房、万级车间、三十万级车间、公共检测服务实验室、公共研发平台、办公空间等内容，打造器官芯片研究及中试平台、生物制造医疗器械检测评价平台，提供公共检测服务，开展成果转化和产业孵化。,"https://www.zhaopin.com/jobdetail/CCL1449811130J40649953703.htm?refcode=4019&srccode=401901&preactionid=a7c1140f-c46c-45e5-b867-ab342d8bdc77"
2229,科研人员,广州-荔湾区,2.5-3.5万,广州医科大学,学术/科研,1000-9999人,,CC260264080J40741960108,睡眠与神经精神疾病相关的临床与基础研究。学科背景包括但不限于临床医学，心理学，精神卫生，基础医学，神经生物学，微生物学，流行病学，影像学，大数据与人工智能等。,7月15日,,"https://www.zhaopin.com/jobdetail/CC260264080J40741960108.htm?refcode=4019&srccode=401901&preactionid=a7c1140f-c46c-45e5-b867-ab342d8bdc77"
2230,Java,东莞-None,1.4-2.8万·16薪,外企德科数字技术有限公司,专业技术服务,10000人以上,,CCL1480117890J40608168105,1、学信网可查 本科及以上学历 2、扎实的编程能力，熟悉算法和数据结构； 3、熟练使用JAVA/C/C++/JS/GO/Python任意一种或多种编程语言； 4、具有较好沟通表达能力和团队精神，能积极应对工作并具有较好抗压能力 5、base地：深圳/成都/西安/北京/东莞/南京/杭州,2025-07-27 00:23:23,外企德科数字技术有限公司是一家2023年新成立的中外合资企业。成立于2023年11月24日，公司定位：专注于为信息技术企业提供人才及数字技术外包解决方案的中外合资企业。它是由中国人力资源服务行业的FESCO（北京国际人力资本集团）与全球人力资源服务领导者The Adecco Group（德科集团）合资成立的。公司主要提供网络技术服务、软件外包服务、计算机系统服务、技术进出口、软件开发等信息技术相关服务。专注于为信息技术企业提供信息技术类人才及数字技术外包解决方案。,"https://www.zhaopin.com/jobdetail/CCL1480117890J40608168105.htm?refcode=4019&srccode=401901&preactionid=a7c1140f-c46c-45e5-b867-ab342d8bdc77"
2231,测试工程师,马鞍山-花山区,5000-6000元,安徽瑞斯康达科技有限责任公司,通信/网络设备,300-499人,,CCL1434687720J40855833315,掌握软件测试理论和流程 1.产品性能测试 2.产品外观检查 3.测试过程录入MES 4.计划在途过站做单 公司产品有光纤收发器类，交换机类，路由器类， wms 人才政策:骏马人才大专安家补贴2万，购房补贴5万；本科安家补贴3万购房补贴8万 福利待遇：六险一金，带薪培训，生日福利，带薪年假，每年免费体检,7月24日,,"https://www.zhaopin.com/jobdetail/CCL1434687720J40855833315.htm?refcode=4019&srccode=401901&preactionid=a7c1140f-c46c-45e5-b867-ab342d8bdc77"
2232,软件测试,北京-海淀区,6000-8000元,天阳科技,"计算机软件,计算机软件",1000-9999人,已上市,CC120408370J40134565508,1.全国项目驻场测试，主要负责功能、数据或接口等相关测试工作；  2.统招本科学历及以上（学信网可查）；毕业满2年；计算机专业优先；  3.热爱软件测试行业、有强力的自驱力，能够在测试岗位深入学习研究；  4.有无经验均可，服从公司安排，接受公司培养，可接受异地工作优先；  福利待遇：  上市公司、公司可提供住宿、定期体检、带薪年假；  欢迎符合要求的小伙伴们投递~  ,7月17日,天阳科技(股票代码：300872)，是全球金融创新服务的重要贡献者，持续赋能中国金融行业数字化转型，为客户提供咨询、金融科技产品、金融IT服务、云计算及运营服务。公司成立于2003年，服务超过300家金融行业客户，覆盖中央银行、政策性银行、国有银行、股份制银行、地方性商业银行、非银行金融机构等，员工人数近7000人，成为激活金融领域创新活力、推动金融科技迈入世界领先水平的重要力量。作为金融行业客户可信赖的合作伙伴，天阳科技凭借丰富的行业经验和端到端的专业服务，在信创、数字化金融、信贷、交易银行、信用卡、零售、营销、风险管理、征信监管等众多领域具备核心竞争力。据赛迪和IDC报告显示，近年来公司在中国银行业IT解决方案市场排名强势崛起，2019年收入及市场占有率综合排名分别位列第四位和第五位，并保持高速增长。同时，前瞻商业和科技趋势，入选2021年度未来银行科技服务商TOP100。天阳科技始终聚焦金融科技领域，加大自主创新力度，在超过100个城市建立本地化、专业化的研发和服务团队，拥有CMMI5级认证、软件测试成熟度模型集成（TMMi）3级认证、ISO9001质量管理体系认证、ISO20000信息技术服务管理体系认证、IS027001信息安全管理体系认证。通过部署人工智能、云计算、大数据、移动互联网、分布式计算和区块链等先进金融科技，公司致力于构建安全可控、普惠民生、开放共赢格局，在关键技术领域服务现代化金融发展大局，更好地为各利益相关方创造更大价值，为大中企业、小微企业以及每个个体提供优质金融服务。,"https://www.zhaopin.com/jobdetail/CC120408370J40134565508.htm?refcode=4019&srccode=401901&preactionid=a7c1140f-c46c-45e5-b867-ab342d8bdc77"
2233,技术支持工程师,深圳-南山区,8000-10000元,深圳市奥博创宇新材料有限公司,"汽车研发/制造,石油/石化,医疗设备/器械",500-999人,未融资,CC290332111J00494017304,1. 为市场部提供售前售后技术支持，及时处理及跟进客户投诉；   2. 根据客户的要求，提供技术咨询与支持，指导客户正确使用产品；   3. 能够根据产品检测数据判断品质及进行售后支持；配合质量部进行产品质量管理和升级；   4. 解决工作中遇到的技术难题，可根据要求的技术参数进行产品型号的推荐及技术资料的编制；   5. 关注行业技术发展动态，收集相关行业资料；   6. 积极完成上级交代的工作。   任职要求：   1. 高分子材料、应用化学、材料科学、化工等专业，大专及以上学历；    2. 良好的沟通能力、应变能力；   3. 工作态度积极向上，具有团队合作精神；   4. 能够熟练使用计算机，熟练使用常用办公软件。     职位福利：绩效奖金、餐补、通讯补助、周末双休、五险一金、带薪年假、节日福利、项目奖金  ,5月22日,深圳市奥博创宇新材料有限公司隶属于奥博集团，奥博集团投资广泛，产业涉及汽车、LED、租车、医疗器械等行业，是一个创新性、多元化投资集团。深圳市奥博创宇新材料有限公司最早成立于1998年，是一家专业从事高分子新材料、金属汽车零部件的研发、生产和销售的多元化企业。公司总部位于繁荣美丽的创新城市—深圳，同时在北京、长春、青岛、柳州、重庆、青岛等地设立了分支机构。公司拥有一支经验丰富的技术研发团队，并按高标准建设了技术研发试验室。公司拥有中国第一个“单组份、湿固化聚氨酯粘接密封胶”产品发明专利，该产品的发明使中国成为世界上第六个拥有该项高精尖技术产品的国家。公司通过IATF16949：2016认证，产品质量管理完善。经过多年的发展，公司目前主要形成汽车化学品和汽车金属零部件两大系列产品。汽车化学品系列包括汽车聚氨酯粘接密封胶、车身胶、冷却液、工业处理液等；汽车金属零部件系列包括汽车油箱、液涨成型金属零部件、镁合金/铝合金零部件等。产品广泛应用于汽车制造和工业制造领域。公司一直致力于为客户提供全方位的粘接密封和汽车零部件整体解决方案，公司业务覆盖欧洲和东南亚地区，主要客户有上汽集团、长安集团、东风汽车、福耀集团、信义集团等汽车制造企业及相关企业。“保证质量，快速响应”是我们服务客户的宗旨。“以人为本，科学管理”是我们的管理理念。未来，奥博将继续秉承艰苦奋斗、携手共进、开拓创新、追求卓越的经营理念，以高品质产品和高标准服务不断提升品牌影响力，努力打造国内领先、国际一流的新材料、新资源企业！欢迎有激情、有事业心和进取心的您加入我们奥博大家庭，公司将为您提供广阔的发展空间、优厚的薪酬福利和专业的培训！,"https://www.zhaopin.com/jobdetail/CC290332111J00494017304.htm?refcode=4019&srccode=401901&preactionid=a7c1140f-c46c-45e5-b867-ab342d8bdc77"
2234,技术支持工程师,重庆-渝中区,8000-13000元,成都百乐科技有限公司,医药制造,100-299人,未融资,CC130229950J40176419905,工作职责：   1、负责客户售前及售后产品知识介绍、培训；2、收集并整理潜在客户资料，及时反馈市场信息；   3、负责市场推广活动策划并组织开展；   4、负责售前方案设计及撰写；   5、负责公司内部人员培训；   6、负责demo实验及demo机管理。,12月24日,"成都百乐科技有限公司致力于向用户提供生命科学领域技术与设备。目前，全权代理多项世界知名品牌在西南地区生命科学领域的销售及售后服务，如：Bio-Rad，Nanopore, Leica、Sartorius(Fortebio)、Miltenyi、Buchi、Nanolive、Implen等。用户遍布西南地区的各高等院校、医药、科研院所。我们凭借专业的技术力量，和优质的售后服务赢得了广大用户的认可。在这里，你可以得到：优良的专业培训机会，良好的职业发展前景！优秀的工作伙伴，和谐的工作氛围！上不封顶的薪资体系，满意的回报！公司发展迅速，不断需要引进人才。如果你有信念、有热情、有迎接挑战的决心和不断学习的意愿，那么请加入我们吧，我们将为你提供一个能尽情发挥才华的舞台！地址：成都市武侯区成科西路3号B座地址：重庆市渝中区虎踞路56号地址：贵阳市南明区花果园M区","https://www.zhaopin.com/jobdetail/CC130229950J40176419905.htm?refcode=4019&srccode=401901&preactionid=a7c1140f-c46c-45e5-b867-ab342d8bdc77"
2235,C/C++,天津-西青区,9000-15000元·13薪,天津七六四通信导航技术股份有限公司,"船舶/航空/航天/火车制造,电子/半导体/集成电路",300-499人,未融资,CC138891840J40732126111,岗位职责： 1、负责应用软件开发和维护工作 2、收集和分析客户需求，根据需求制定需求说明及软件设计方案 3、负责对编码进行调试和验证，设计单元测试用例 4、可以独立完成项目的开放和交付，并解决各种疑难问题 5、编写相关技术规范和文档 任职资格： 1、掌握C/C++，具备良好的编程风格，熟悉数据结构，数据分析、存储，数据曲线/图形等设计 2、掌握一种界面开发工具，嵌入式系统项目上位机QT软件开发经验 3、了解串口通讯、网络通讯、USB通讯、CAN总线通讯 4、具备大型软件集成项目经验优先考虑,5月6日,天津七六四通信导航技术有限公司是目前国内唯一一家专业研制开发全套航空导航地面设备的公司。经过多年的发展，现在公司已经成为一个以高新技术为依托，融产品研发、生产、销售、服务为一身的多元化企业，主要产品有航空地面导航设备、短波通信系统、北斗用户终端等，产品主要应用在国内机场，为飞机航向和安全着陆提供引导。公司现有员工330余人，其中导航、雷达、通信等各类专业技术人员100余人，具有高级职称的技术人员60余人，享受国务院津贴的行业专家8人，天津市政府授予的“学科带头人”数十人。公司拥有“天津市级科研开发中心”，连续6年认定为高新技术企业;公司设有“博士后科研工作站”并授予“高技能人才培养基地”称号；公司拥有国务院特殊津贴专家、全国劳动模范、学科带头人及各类专业人才。2012年12月天津市北斗卫星导航定位工程中心正式成立，这是全国第一家省厅级北斗卫星导航技术工程中心。2009年至今，目前国内唯一取得4类民用导航设备使用许可证的企业。公司倡导以人为本，大力推进技术创新，努力将公司打造成管理先进、技术先进、员工幸福、国内领先的现代化企业。现面向社会诚招优秀人才加入我公司！,"https://www.zhaopin.com/jobdetail/CC138891840J40732126111.htm?refcode=4019&srccode=401901&preactionid=a7c1140f-c46c-45e5-b867-ab342d8bdc77"
2236,实施工程师,绍兴-越城区,8000-16000元,青岛安然物联网科技有限公司,"物联网,物联网",20-99人,未融资,CC559764920J40884193204,岗位职责： 1. 负责石化、化工厂人员定位系统的现场实施、现场交付和技术赋能等工作。 2. 对接客户需求，进行需求调研，制定详细的施工方案和计划。 3. 确保项目按照既定的时间节点和质量要求完成交付。 4. 对已交付的项目进行后期技术支持与维护。 岗位要求： 1. 年龄在25-35岁之间。 2. 能够适应经常出差的工作要求。 3. 熟悉信息化、弱电及工业互联网相关技术。 4. 具备良好的沟通协调能力和问题解决能力。,3月8日,基于精准人员定位的工业安全生产信息化管理专家，安全生产信息化管理引领者！作为全国实时定位技术标准工作组成员和应急管理部“工业互联网+危化安全生产”人员定位系统技术支持机构，安然从2012年起致力于基于ZigBee Plus三维立体按需精准定位的“工业互联网+安全生产”的研究，获得了20多项安全智能管控系统发明专利和著作权，持续引领中国化工行业生产现场智慧安全！安然以“准、稳、狠”的ZigBee Plus三维立体按需精准人员定位统和“底数清、数据准、情况明、研判准、措施实”的安全生产信息化平台为核心，整合访客管理、出入口控制、人脸识别、视频监控、语音广播、重大危险源监控、可燃有毒气体监测等系统，对生产现场人、机、料、法、环五大要素进行实时、动态、智能管控和预警，规范人的安全行为，保障人的生命安全，有效防范风险、主动化解风险，实现智慧安全。安然“以用为本”，把安全生产信息化建设与公司管理体系“深度融合”，把安全生产信息化建设与日常工作“紧密结合”，对安全生产切实“有用、实用、好用”，避免建用“两张皮”，让安全管控更智能，让生产更高效才实用。迄今已服务中石化、中石油、延长石油、国能、兖矿、京能、索普、新安、奇美、昊源、潞安、旭阳、垦利、逸盛、海科、酒钢、金发等几百家石化、化工、选煤、钢铁、电厂企业。安然以客户为中心，以强者为本，抬头乐干，愿意与同道中人联合、链接，携手共建、共用、共享生产安全命运共同体，一起干，一起干，让优秀企业更安全，让优秀企业更高效！,"https://www.zhaopin.com/jobdetail/CC559764920J40884193204.htm?refcode=4019&srccode=401901&preactionid=a7c1140f-c46c-45e5-b867-ab342d8bdc77"
2237,测试工程师,上海-浦东新区,8000-12000元·13薪,上海劢擎科技有限公司,互联网,20-99人,,CCL1485587710J40637271303,职位描述 1、负责产品的测试计划、测试项的制定与开发。 2、负责产品测试和运行环境的搭建，及相关平台的运行管理。 3、负责产品代码的管理及发布，及问题的管理与追踪。 4、现场设备安装、校准与调试以及故障诊断与排查； 任职资格： 1、25届本科及以上学历，计算机、软件工程、自动化等相关专业 2、熟悉交换机，网络相机等基本网络配置，了解网络故障诊断与排查； 3、熟悉git、gerrit代码管理，JIRA，Bugzilla等Bug管理者优先。  4、熟悉linux系统以及常用数据库，例如MySQL等 5、具备良好的沟通能力和团队合作精神，接受出差，抗压能力强。,10月11日,劢擎科技，致力于将人工智能、自主控制技术深度融合于工程机械领域，为客户提供高效、安全、无人化的产品和解决方案。公司秉承“科技创新、引领未来”的发展理念，始终将核心技术研发和人才队伍建设作为企业发展的核心动力，致力于打造世界一流的工程机械智能化技术平台，助力客户提升生产效率、降低运营成本，实现高质量发展。三大优势，领跑工程机械智能化浪潮顶尖人才团队：公司拥有来自知名学府和业界专才的精英团队，汇聚国际顶尖水平的感知算法、人工智能应用和控制算法专家，为技术创新提供坚实保障。全栈研发体系：公司涵盖人工智能、机器感知、决策规划、控制算法、硬件系统、高精度建图及定位、混合云计算等智能化全研发链，确保产品从研发到应用的高质量和高可靠性。全球化视野：公司以全球化视野布局前沿技术，致力于推动农业、工业、物流等行业的智能化转型升级，为客户提供超越期待的自动化解决方案。劢擎科技期待与您携手并进，共同引领工程机械领域的智能化变革，为您的业务创造更大的价值,"https://www.zhaopin.com/jobdetail/CCL1485587710J40637271303.htm?refcode=4019&srccode=401901&preactionid=a7c1140f-c46c-45e5-b867-ab342d8bdc77"
2238,科研人员,北京-西城区,130-150元/天,中国移动研究院,"运营商/增值服务,通信/网络设备,互联网",1000-9999人,,CC143191460J40525346407,岗位职责: 1.参与物联网相关技术研究、专利挖掘，及论文撰写； 2.参与软件开发相关文档撰写； 3.视能力参与Linux+Arm嵌入式设备应用软件开发和测试。   任职要求: 专业技能 1.熟悉5G、物联网领域的前沿技术动态； 2.熟悉C语言或python语言； 3.熟悉linux系统开发，熟悉TCP/IP协议。 基本素质 1.良好的人际交往和团队技术沟通和协调能力。 工作经验 1.有专利及论文撰写经验者优先； 2.有嵌入式系统软件开发经验者优先。,5月28日,"中国移动研究院(简称研究院)是中国移动科技创新体系的核心研发机构，以“做世界一流的信息服务科技创新引擎”为目标，做优国家战略科技力量和企业科技创新的两个主力军，研究领域覆盖无线、网络、业务、安全、人工智能、物联网、测试、战略市场产业等智库研究以及前沿技术等。中国移动研究院积极承担央企重大科创工程，累计承担国家重大科技专项等国拨项目200多项，承担“新一代移动信息通信技术国家工程研究中心”“智慧网络国家新一代人工智能开放创新平台”等国家级科创平台；为我国移动通信技术实现“1G空白、2G跟随、3G突破、4G并跑、5G引领”发挥了重大作用，创新提出算力网络理念并获得广泛认可，已上升为国家重大战略；引领光通信技术发展，创建“九天”人工智能科研特区，推出九天基础大模型和多个行业大模型，锻造成为央企AI国家队,数智化能力广泛应用于网络、营销、管理等领域。","https://www.zhaopin.com/jobdetail/CC143191460J40525346407.htm?refcode=4019&srccode=401901&preactionid=a7c1140f-c46c-45e5-b867-ab342d8bdc77"
2239,科研人员,重庆-渝北区,2-4万,重庆渝富控股集团有限公司,"投资/融资,投资/融资",100-299人,未融资,CC429248930J40734667316,一、职位申请要求：,7月22日,渝富集团成立于2004年，是经重庆市政府批准设立的全国首家地方国有独资综合性资产经营管理公司。2014年，市政府确定渝富集团为重庆首家改组组建国有资本运营公司试点单位。2018年，渝富控股集团成为国务院国资委“双百行动”综合改革实施单位。2019年，重庆市政府确定渝富控股集团为全市唯一国有资本运营公司改革试点单位。2020年3月，市委深改委审定渝富深化国有资本运营公司改革试点方案，主要开展金融及产业战略投资。2023年6月，市委、市政府确定渝富定位为先进制造业和战新产业领域国有产业资本投资运营公司，主要发挥先进制造业投资引领主功能作用，国有资本市场化运营管理和企业改革专业化重组辅功能作用。2023年9月，渝富在市委、市政府指导下开展深化重塑改革，担负起“服务战略、投资产业、创造价值”的使命责任，坚持“聚焦、整合、协同”战略原则，聚力发展智能网联新能源汽车、电子信息制造业、先进材料、人工智能（AI）及新兴产业“四大产业”，打造战略投资平台、资本运营平台、金融服务平台“三大平台”，建设以先进制造业为主体、产业与金融协同发展的国内一流国有产业资本投资运营公司，助推重庆先进制造业集群体系和国家重要先进制造业中心建设，努力成为重庆国资国企高质量发展的“排头兵”、先进制造业产业投资的旗舰、推进现代化新重庆建设的主力军。2014年，渝富控股集团正式设立并运营博士后科研工作站，与国内多家重点高等院校建立合作关系；2020年11月渝富获准设立国家级博士后科研工作站。截至目前集团博士后工作站已连续九年招收博士后进站从事研究工作，共出站8名博士后，目前在站7名（含1名在职博士后）。为吸引优秀人才，现渝富控股集团面向海内外公开招收博士后研究人员。博士后申请的基本条件1.热爱祖国、热爱中国共产党、拥护党的基本路线方针政策，具有良好的政治素质和道德修养，遵纪守法，无犯罪违法违纪等不良记录，无不良嗜好；2.已经获得博士学位，或已经通过博士学位论文答辩（含预答辩）的应届博士研究生，具有与博士后研究选题相同或相近的专业背景（同等条件下，具有理工与金融经济、财会法务等复合背景的候选者优先，持有CPA、法律职业资格、CFA、CIIA、保荐人代表等从业资格证书者优先）；3.身心健康，年龄原则上不超过35周岁；特别优秀者可适当放宽；4.能够全脱产从事博士后研究工作；热爱研究工作，具有较强的科研能力，有志于从事投资、并购和产业研究工作；5.有较强的文字表达能力和公文写作能力，有较强的逻辑分析、数据分析和产业研究能力，熟练使用各类常见办公和金融专业软件；6.有一定的是非判断和价值判断能力，吃苦耐劳、爱岗敬业、工作认真、勇于奉献，能承担重大任务，能接受一定频率的出差，有较强的抗压能力和多任务管理能力；7.熟悉下述任一选题方向的基本情况，在拟选取的研究方向上具有一定的研究基础并已取得较突出的研究成果，或在拟选取的选题方向上已有3年以上工作经历并取得一定工作成果。,"https://www.zhaopin.com/jobdetail/CC429248930J40734667316.htm?refcode=4019&srccode=401901&preactionid=a7c1140f-c46c-45e5-b867-ab342d8bdc77"
2240,实施工程师,商丘-睢阳区,5000-9000元·13薪,河南端琪实业发展有限公司,"电子设备制造,人工智能,新媒体,互联网",100-299人,未融资,CCL1478071580J40700329707,岗位内容： 1. 实施公司产品的安装、配置和测试。 2. 调试网络设备，确保系统正常运行。 3. 为客户提供培训和技术支持。 4. 协调团队成员，协作完成项目任务。 任职要求： 1. 具备计算机或通信工程相关专业背景，有2年以上实施经验。 2. 熟悉TCP/IP协议、LAN/WAN网络，能熟练使用Linux系统。 3. 具备较强的沟通能力和团队协作精神。 4. 具备一定的英语读写能力，能看懂国外技术资料。,7月26日,公司项目：电气设备销售；照明器具销售；信息咨询服务（不含许可类信息咨询服务）；组织文化艺术交流活动；工程管理服务；广告设计、代理；广告发布；广告制作；会议及展览服务；耐火材料销售；纸制品销售；专用化学产品销售（不含危险化学品）；高性能纤维及复合材料销售；新型有机活性材料销售；电子专用设备销售；消防器材销售；日用家电零售；智能仪器仪表销售；技术服务、技术开发、技术咨询、技术交流、技术转让、技术推广；软件开发；电子产品销售；市场营销策划；企业形象策划；市场调查（不含涉外调查）；仪器仪表销售；金属制品销售；日用陶瓷制品销售；文化用品设备出租；办公设备耗材销售；橡胶制品销售；塑料制品销售；生态环境材料销售；生物基材料销售；许可项目：建筑智能化系统设计,"https://www.zhaopin.com/jobdetail/CCL1478071580J40700329707.htm?refcode=4019&srccode=401901&preactionid=a7c1140f-c46c-45e5-b867-ab342d8bdc77"
2241,实施工程师,长治-屯留区,7000-14000元,青岛安然物联网科技有限公司,"物联网,物联网",20-99人,未融资,CC559764920J40822993004,需要弱电技术、自动化、安防系统、工业互联网+危化安全生产、物联网人才，不要纯软件人才。 你能经常到全国各地出差吗？你能到化工生产现场做技术支持吗？  你能做好售前技术支持、根据客户需求，高效制作方案吗？你能做好售中技术支持、指导他人正确安装、部署、调试系统向用户保质保量快速交付吗？你能做好售后维护，高效沟通和落实客户需求吗？  迄今已服务中石化、中石油、延长石油、国能、兖矿、京能、索普、新安、奇美、昊源、潞安、旭阳、垦利、逸盛、海科、酒钢、金发等几百家石化、化工、选煤、钢铁、电厂企业。  安然以客户为中心，以强者为本，抬头乐干，愿意与同道中人联合、链接，携手共建、共用、共享生产安全命运共同体，一起干，一起干，让优秀企业更安全，让优秀企业更高效！,7月23日,基于精准人员定位的工业安全生产信息化管理专家，安全生产信息化管理引领者！作为全国实时定位技术标准工作组成员和应急管理部“工业互联网+危化安全生产”人员定位系统技术支持机构，安然从2012年起致力于基于ZigBee Plus三维立体按需精准定位的“工业互联网+安全生产”的研究，获得了20多项安全智能管控系统发明专利和著作权，持续引领中国化工行业生产现场智慧安全！安然以“准、稳、狠”的ZigBee Plus三维立体按需精准人员定位统和“底数清、数据准、情况明、研判准、措施实”的安全生产信息化平台为核心，整合访客管理、出入口控制、人脸识别、视频监控、语音广播、重大危险源监控、可燃有毒气体监测等系统，对生产现场人、机、料、法、环五大要素进行实时、动态、智能管控和预警，规范人的安全行为，保障人的生命安全，有效防范风险、主动化解风险，实现智慧安全。安然“以用为本”，把安全生产信息化建设与公司管理体系“深度融合”，把安全生产信息化建设与日常工作“紧密结合”，对安全生产切实“有用、实用、好用”，避免建用“两张皮”，让安全管控更智能，让生产更高效才实用。迄今已服务中石化、中石油、延长石油、国能、兖矿、京能、索普、新安、奇美、昊源、潞安、旭阳、垦利、逸盛、海科、酒钢、金发等几百家石化、化工、选煤、钢铁、电厂企业。安然以客户为中心，以强者为本，抬头乐干，愿意与同道中人联合、链接，携手共建、共用、共享生产安全命运共同体，一起干，一起干，让优秀企业更安全，让优秀企业更高效！,"https://www.zhaopin.com/jobdetail/CC559764920J40822993004.htm?refcode=4019&srccode=401901&preactionid=a7c1140f-c46c-45e5-b867-ab342d8bdc77"
2242,C/C++,南京-江宁区,6000-12000元·14薪,创远信科(上海)技术股份有限公司,"通信/网络设备,计算机软件,仪器仪表制造,电子/半导体/集成电路",100-299人,已上市,CC346077610J40740962813,职责： 1 、负责公司仪器仪表产品的PC端软件研发工作； 2、 根据研发计划和任务安排，完成软件模块的设计、编码和测试； 3、 参与软件系统的设计和分析； 4 、负责软件相关技术文档的编写； 5 、配合硬件工程师、射频工程师完成仪器设备的联合调试工作； 6、 负责现有产品软件维护、升级及技术支持等相关工作。 要求： 1、 计算机、通信、自动化或电子等相关专业，本科以上学历； 2、了解软件开发一般过程； 3、具备面向对象软件设计思想和能力； 4、熟悉基本的设计模式、数据结构及算法； 5、熟悉C++开发语言，熟练掌握Linux 下 QT C++开发技术； 6、有仪器仪表软件开发相关工作经验者优先录用。,7月28日,创远信科（上海）技术股份有限公司（简称创远信科，曾用名上海创远仪器技术股份有限公司，简称创远仪器）成立于 2005年，总部位于上海，首批北交所上市企业（831961），是一家自主研发射频通信测试技术和提供整体解决方案的专业无线通信公司。专注于无线通信测试、车联网测试和无线通信设备领域，拥有自主品牌和一系列无线通信及射频微波核心专利技术，集研发、生产和销售为一体，是一家具有自主知识产权的高新技术企业。荣获 2016年度国家科学技术进步奖特等奖和 2020年度江苏省科学技术奖一等奖。创远信科多年承担国家“新一代宽带无线移动通信网”科技重大专项课题开发任务及上海市高新技术产业化专项、战略性新兴产业发展专项、科技创新行动等研发任务，承担上海无线通信测试仪器工程技术研究中心的持续建设任务，全面展开5G/6G通信测试技术的研究，参与国家 5G/6G测试规范及标准制定，是国家知识产权优势企业，上海市专利工作示范企业，截止到 2021年底累计申请国内外专利 364个。2020年联合东南大学等单位发布了 5G毫米波技术白皮书。创远信科将以长三角G60科创走廊为发展沃土，借助5G/6G和长三角发展的东风，深耕无线通信和毫米波技术，创新引领，重点发展5G/6G通信、毫米波芯片、低轨卫星、北斗导航及通导一体、网络安全等产业，打造一流的信创产业生态。,"https://www.zhaopin.com/jobdetail/CC346077610J40740962813.htm?refcode=4019&srccode=401901&preactionid=a7c1140f-c46c-45e5-b867-ab342d8bdc77"
2243,技术支持工程师,南昌-红谷滩区,4000-8000元,江西潮极网络科技有限公司,电子商务,20-99人,未融资,CCL1506794640J40768608610,1. 有系统运维或者系统管理经验，如：呼叫系统OKCC或VOS3000会更好 2. 具备数据分析能力，有具体的工具使用经验会更好 3. 熟练使用excel表格以及处理和维护日常文档 4. 需要有较强的执行力 5. 具备一定的开发能力，能搭建数据库和后端Api开发（加分项） 6. 具备一定的自动化脚本编写能力（加分项）  7.不用外出，上班地点南昌,7月24日,江西潮极网络科技有限公司成立于2025年，位于南昌，是一家专注于网络技术服务，互联网销售的企业。依托一支由20余名年轻有活力的销售团队，公司已服务超过500家企业，致力于开发服务更多的企业，共创美好蓝图！,"https://www.zhaopin.com/jobdetail/CCL1506794640J40768608610.htm?refcode=4019&srccode=401901&preactionid=a7c1140f-c46c-45e5-b867-ab342d8bdc77"
2244,软件测试,淄博-张店区,5000-7000元,天阳科技,"计算机软件,计算机软件",1000-9999人,已上市,CC120408370J40822510908,1.全国项目驻场测试，主要负责功能、数据或接口等相关测试工作； 2.统招本科学历及以上（学信网可查）；毕业满2年；计算机专业优先； 3.热爱软件测试行业、有强力的自驱力，能够在测试岗位深入学习研究； 4.有无经验均可，服从公司安排，接受公司培养，可接受异地工作优先； 福利待遇： 上市公司、公司可提供住宿、定期体检、带薪年假； 欢迎符合要求的小伙伴们投递~,7月17日,天阳科技(股票代码：300872)，是全球金融创新服务的重要贡献者，持续赋能中国金融行业数字化转型，为客户提供咨询、金融科技产品、金融IT服务、云计算及运营服务。公司成立于2003年，服务超过300家金融行业客户，覆盖中央银行、政策性银行、国有银行、股份制银行、地方性商业银行、非银行金融机构等，员工人数近7000人，成为激活金融领域创新活力、推动金融科技迈入世界领先水平的重要力量。作为金融行业客户可信赖的合作伙伴，天阳科技凭借丰富的行业经验和端到端的专业服务，在信创、数字化金融、信贷、交易银行、信用卡、零售、营销、风险管理、征信监管等众多领域具备核心竞争力。据赛迪和IDC报告显示，近年来公司在中国银行业IT解决方案市场排名强势崛起，2019年收入及市场占有率综合排名分别位列第四位和第五位，并保持高速增长。同时，前瞻商业和科技趋势，入选2021年度未来银行科技服务商TOP100。天阳科技始终聚焦金融科技领域，加大自主创新力度，在超过100个城市建立本地化、专业化的研发和服务团队，拥有CMMI5级认证、软件测试成熟度模型集成（TMMi）3级认证、ISO9001质量管理体系认证、ISO20000信息技术服务管理体系认证、IS027001信息安全管理体系认证。通过部署人工智能、云计算、大数据、移动互联网、分布式计算和区块链等先进金融科技，公司致力于构建安全可控、普惠民生、开放共赢格局，在关键技术领域服务现代化金融发展大局，更好地为各利益相关方创造更大价值，为大中企业、小微企业以及每个个体提供优质金融服务。,"https://www.zhaopin.com/jobdetail/CC120408370J40822510908.htm?refcode=4019&srccode=401901&preactionid=a7c1140f-c46c-45e5-b867-ab342d8bdc77"
2245,前端开发,北京-海淀区,8000-9000元,空间无限人力资源管理顾问有限公司,餐饮服务,100-299人,,CC562251280J40756141211,岗位职责: 参与项目的需求分析，负责模块设计和开发； 负责项目的模块设计、代码开发和单元测试； 负责项目相关研发技术文档、部署手册等文档撰写； 参与产品的需求分析、设计、开发以及测试几个阶段； 完成日常项目的维护与发版； 负责二三维WEBGIS应用前端开发工作；  任职要求 1、地理信息系统、遥感、测绘、计算机等相关专业，2 年以上的 GIS项目开发经验； 2、熟练掌握一种或多种JS框架（Vue.js、Three.js、jQuery等），有使用Vue.js和layui开发完整项目经验者优先； 3、熟练掌握CSS、HTML、AJAX、JS等前端技术，了解主流浏览器特性，可针对不同浏览器实现高质量的UI； 4、熟悉主流的二三维开源GIS引擎，如Openlayers、Cesium等； 5、熟悉Cesium三维地球开发技术优先； 6、责任心强，良好的沟通表达能力、团队协作能力。,7月23日,公司名称：空间无限人力资源管理顾问有限公司成立时间：2003年3月7日注册资金：5000万元集团子公司分布城市：北京、上海、广州、深圳、武汉、沈阳、天津、石家庄、济南、青岛、呼和浩特、太原、西安、兰州、长沙、郑州、南昌、宜昌、成都、重庆、昆明、南宁、贵阳、东莞、佛山、珠海、惠州、海口、大连、长春、哈尔滨、杭州、南京、苏州、无锡、常州、合肥、宁波、福州、厦门、肇庆等（还有正在筹备中的分公司）空间无限人力资源管理顾问有限公司专注于一站式人力资源外包服务，总部位于武汉东湖新技术开发区，目前在全国设有40多家分支机构，真正实现了全国战略布局；空间无限正为30多个行业的2000多家跨国企业、本地大型企业、机关事业单位、央企等提供一站式人力资源服务，正在服务人数超5万名雇员，并在医疗、教育、公共服务、建筑、餐饮等领域不断延伸与突破，形成了独特的行业服务专长及技能，与客户建立了更有深度、共生共赢的战略伙伴关系。公司骨干成员平均从业年限12年以上，本科以上学历占70%，80%以上员工拥有人力资源管理师等级证书。公司主营业务包括：劳务派遣、岗位外包、业务外包、灵活用工等，同时提供人力资源战略规划、招聘、培训、绩效考核、薪酬管理设计、员工关系等人力资源相关体系的所有配套及咨询服务。未来，我们将逐步完成空间无限全球布局，不断提升空间无限人的战略眼光及专业服务技能，吸引更多与我们有共同目标、价值观、德才兼备的合伙人，共创空间无限更美好的未来!,"https://www.zhaopin.com/jobdetail/CC562251280J40756141211.htm?refcode=4019&srccode=401901&preactionid=a7c1140f-c46c-45e5-b867-ab342d8bdc77"
2246,软件测试,杭州-余杭区,6000-8000元,杭州华罡智能科技有限公司,"仪器仪表制造,仪器仪表制造",20-99人,未融资,CC479299180J40384007803,岗位职责：,7月14日,杭州华罡智能科技有限公司，地址位于浙江省杭州市余杭区五常大道181号华立科技园，注册资本1000万元。公司主要致力于电力计量及能源测控领域的技术研究和产品开发，为客户提供该领域内的硬件设备、软件、服务和解决方案。我们拥有热诚的员工和强大的研发能力，核心团队成员均毕业于中国人民大学、浙江大学、哈工大等重点院校，90%的员工具有本科以上学历。可快速响应客户需求，提供客户化的产品和端到端的服务，助力客户商业成功。公司始终秉承“客户至上，质量第一”的经营理念，坚持“身、心、言、行”四正的原则，依托于核心团队深耕电力行业多年的技术及市场积累；通过自身的不断创新，持续推出具有领先技术的专业化产品，为客户提供优质的产品及服务，以满足国家电网、南方电网、地方电力等客户的多样需求。目前公司已经拥有“采集运维现场作业系统”、“智能计量测控仿真系统”、“实验室计量故障智能诊断系统”、“二次回路状态监测仪”等系列产品。公司本着“创新驱动、生态发展”的战略方针，立志成为行业内的领跑者。,"https://www.zhaopin.com/jobdetail/CC479299180J40384007803.htm?refcode=4019&srccode=401901&preactionid=a7c1140f-c46c-45e5-b867-ab342d8bdc77"
2247,Java,济南-历下区,5000-8000元·13薪,济南星科达大数据有限公司,电子商务,20-99人,,CCL1497677350J40753944513,我们正在寻找一位专业的Java开发工程师，负责参与公司软件产品的设计和开发工作。    工作内容：  1. 参与软件的需求分析、系统设计、编码及测试等工作；  2. 根据开发规范与流程独立完成模块的设计、编码及测试；  3. 定位并修改系统中存在的bug；  4. 编写相关的技术文档。    岗位要求：  1.掌握Java编程语言及面向对象程序设计和编程；  2.熟悉Spring、MyBatis等主流开源框架；  3.具备良好的编码习惯和文档编写能力；  4.有团队精神，善于沟通协作。,3月15日,,"https://www.zhaopin.com/jobdetail/CCL1497677350J40753944513.htm?refcode=4019&srccode=401901&preactionid=a7c1140f-c46c-45e5-b867-ab342d8bdc77"
2248,科研人员,宁波-镇海区,3.5-4.5万·14薪,甬江实验室,学术/科研,300-499人,,CCL1386955090J40748945511,一、岗位职责： 1、开展基于光热光谱显微的前沿课题研究，包括但不限于中红外光谱、超灵敏分子探测、非荧光超分辨成像、AI辅助测量算法等；  2、针对团队半导体测量方向的关键目标探索解决方案；  3、鼓励在多学科方向交叉方向进行探索。  ,7月4日,,"https://www.zhaopin.com/jobdetail/CCL1386955090J40748945511.htm?refcode=4019&srccode=401901&preactionid=a7c1140f-c46c-45e5-b867-ab342d8bdc77"
2249,测试工程师,厦门-翔安区,1.2-1.7万·13薪,联芯集成电路制造(厦门)有限公司,"电子/半导体/集成电路,电子设备制造",1000-9999人,未融资,CC266938989J00086087403,"1、Handling of Chemicals required for FA analysis Electrical FA analysis. 2、6S and ESH maintain. 3、Equipment maintain and new technology development. 4、Co-Work with customers to deliver their requests. Competencies Required: 1、Able to work under stress environment,and co-work with different department. 2、Initiative,Result-oriented. 3、Able to commit to work shift/weekend or 24 hours on call when needed. 4、Major In:  Material science, Microelectronic, Chemical Science                   5、Prefer to have FA foundry work experience for experienced candidate 6.Have OBIRCH/EMMI/Nanoprobing /FIB/TEM experience is preferred 职位福利：五险一金、年底双薪、餐补、免费班车  ",3月6日,联芯集成电路制造(厦门)有限公司由台湾联华电子与厦门市人民政府及福建省电子信息集团于2014年合资成立之一流晶圆专工企业，于福建省厦门市从事集成电路制造，提供12吋晶圆专工服务。联芯集成电路制造公司于2015年3月26日奠基动工，2016年第4季起进入量产，已可提供 40nm、28nm及22nm的晶圆专工服务，规划月产能为5万片 12吋晶圆，预计总投资金额达62亿美元。2023年7月，联华电子完成联芯集成电路制造公司股权回购，成为其独资子公司。联芯座落于厦门翔安，拥有优良的地理和环境优势，加上母公司联电的技术支持，提供客户在中国制造芯片的选择，同时贴近国内市场，以满足更多本地IC设计业者的需求。公司官网：http://www.uscxm.com/Chinese/,"https://www.zhaopin.com/jobdetail/CC266938989J00086087403.htm?refcode=4019&srccode=401901&preactionid=a7c1140f-c46c-45e5-b867-ab342d8bdc77"
2250,测试工程师,合肥-None,5000-8000元,合肥凡道电子技术有限公司,电子/半导体/集成电路,20-99人,未融资,CC678402820J40075830802,岗位职责： 1、操作技能：装配、焊接、调试、测试 2、微波组件、有源组件调试、测试。 任职要求： Ø 电子通信及机电一体化相关专业   Ø 大专以上学历   Ø 有一定的语言表达能力，道德品质好，无不良习惯嗜好。   Ø 具备团队协作精神、工作细致严谨，勤奋好学   Ø 能干长期，稳定性好  职位福利：五险一金、绩效奖金、加班补助、包住、餐补、定期体检、全勤奖、节日福利 ,6月17日,合肥凡道电子技术有限公司成立于2014年7月，位于国家级合肥经济技术开发区内，主要从事：射频同轴连接器、电缆组件、滤波器等微波组件的研发、生产。诚信和创意赢得顾客的信赖；技术和质量赢得市场的信赖；公正和协调赢得协助工厂的信赖；人与人之间的友好和互助理解赢得员工的信赖；实行适才适所提高组织的信赖。,"https://www.zhaopin.com/jobdetail/CC678402820J40075830802.htm?refcode=4019&srccode=401901&preactionid=a7c1140f-c46c-45e5-b867-ab342d8bdc77"
2251,硬件测试,洛阳-涧西区,7000-13000元·13薪,河北蓝潮信息技术有限公司,计算机软件,100-299人,A轮,CCL1461446860J40596756406,岗位职责:,7月25日,河北蓝潮信息技术有限公司是一家以人为本的公司，公司成立于2016年9月27日，公司环境好，员工关系融洽，有五险，年终奖，带薪休假，平常也有员工旅游，领导nice，我们最在乎创新，允许各种方式存在，是一个团结有爱的大家庭🌻🌻🌻,"https://www.zhaopin.com/jobdetail/CCL1461446860J40596756406.htm?refcode=4019&srccode=401901&preactionid=a7c1140f-c46c-45e5-b867-ab342d8bdc77"
2252,Java,东莞-None,1.5-3万·14薪,外企德科数字技术有限公司,专业技术服务,10000人以上,,CCL1480117890J40771150005,核心项目开发 Java/python/JS/C++/测试，均有岗位在招聘 【福利待遇】  1、薪资open+14-16薪 2、入职全额六险一金+双休，双倍加班费+加班餐补+加班打车 报销 3、上下班有班车，园区有饭堂、免费健身房 4、资深导师一对一带教   【岗位要求】 1、计算机、软件、通信等相关专业本科及以上学历，专业优秀者可放宽； 2、热爱编程，基础扎实，熟悉掌握 Java编程语言，有良好的编程习惯； 3、具备独立工作能力和解决问题的能力、善于沟通，乐于合作，热衷新技术，善于总结分享，喜欢动手实践；  4、对数据结构、算法有一定了解；,2025-07-27 00:24:33,外企德科数字技术有限公司是一家2023年新成立的中外合资企业。成立于2023年11月24日，公司定位：专注于为信息技术企业提供人才及数字技术外包解决方案的中外合资企业。它是由中国人力资源服务行业的FESCO（北京国际人力资本集团）与全球人力资源服务领导者The Adecco Group（德科集团）合资成立的。公司主要提供网络技术服务、软件外包服务、计算机系统服务、技术进出口、软件开发等信息技术相关服务。专注于为信息技术企业提供信息技术类人才及数字技术外包解决方案。,"https://www.zhaopin.com/jobdetail/CCL1480117890J40771150005.htm?refcode=4019&srccode=401901&preactionid=a7c1140f-c46c-45e5-b867-ab342d8bdc77"
2253,软件测试,定安-None,5000-7000元,上海外服无锡人力资源服务有限公司,"咨询服务,房地产中介,专业技术服务",20-99人,,CC298250730J40690127010,岗位内容： 1. 设计和执行测试用例，并记录测试结果。 2. 分析并报告软件缺陷，包括重现步骤、缺陷严重程度和影响范围。 3. 参与产品设计过程，提供测试建议和反馈。 4. 开发自动化测试脚本和工具。 5. 执行性能和负载测试的任务。 任职要求： （1）专科以上学历； （2）计算机、软件工程专业优先； （3）有C1或C2驾照； （4）有linux 和禅道有一定的接触了解,2025-07-27 01:33:36,上海外服（集团）有限公司（简称上海外服），隶属于上海东浩兰生集团，成立于1984年，是我国对外开放后第一批向中外企业提供人力资源综合解决方案的现代服务外包企业。经过30多年发展，已经成为中国人力资源服务行业的旗舰品牌。 2016年营收总额超过1020亿元，服务雇员170万人客户超过3万家，在华世界500强公司85%以上采用上海外服的服务行业排名*2012年全国HR公司100强全球排名第40位，中国第1位。*2016年中国企业500强第122位，人力资源服务行业第1位。*2016年上海企业100强第20位，服务业企业50强第10位。上海外服（无锡）公司简介上海外服（无锡）人力资源服务有限公司是上海外服独资子公司，专注于向本土企业和跨国公司提供人力资源综合解决方案。服务客户覆盖外资、国企、民企和事业单位，涉及商业、金融、通信、制造、运输、电力、教育、政府机构等众多行业。我们的目标秉承“专业、严谨、创新、和谐”的经营理念，依托总部丰富的产品线，精细化管理方法和拥有自主产权的云服务系统，根据企业个性化需求，提供度身定制的解决方案，努力成为客户的战略合作伙伴。我们的客户包括博世（中国），汇丰银行，UPS，迅达电梯，Zara，Burberry，无印良品，妮维雅，强生，罗氏制药，英孚教育，世邦魏理等大型跨国公司，也包括大众汽车，工银安盛，华东制药，上海医药等国内知名企业。我们的服务网络上海外服在北京、天津、重庆、安徽、南京、苏州、无锡、昆山、杭州、宁波、广州、深圳、福州、厦门、武汉、西安、成都、济南、青岛、沈阳、大连等地设立分子公司，服务能力遍及全国所有省、直辖市和自治区，服务网点覆盖近400个地、县级城市。,"https://www.zhaopin.com/jobdetail/CC298250730J40690127010.htm?refcode=4019&srccode=401901&preactionid=a7c1140f-c46c-45e5-b867-ab342d8bdc77"
2254,软件测试,贵阳-云岩区,1-1.2万·13薪,青岛瑞晟元人力资源有限公司,人力资源服务,20人以下,不需要融资,CCL1431271280J40777389907,,2025年07月28日,,"https://www.zhaopin.com/jobdetail/CCL1431271280J40777389907.htm?refcode=4019&srccode=401901&preactionid=a7c1140f-c46c-45e5-b867-ab342d8bdc77"
2255,软件测试,西安-雁塔区,5000-7000元,天阳科技,"计算机软件,计算机软件",1000-9999人,已上市,CC120408370J40515913308,1.全国项目驻场测试，主要负责功能、数据或接口等相关测试工作； 2.统招本科学历及以上（学信网可查）；毕业满2年；计算机专业优先； 3.热爱软件测试行业、有强力的自驱力，能够在测试岗位深入学习研究； 4.有无经验均可，服从公司安排，接受公司培养，可接受异地工作优先； 福利待遇： 上市公司、公司可提供住宿、定期体检、带薪年假； 欢迎符合要求的小伙伴们投递~,7月16日,天阳科技(股票代码：300872)，是全球金融创新服务的重要贡献者，持续赋能中国金融行业数字化转型，为客户提供咨询、金融科技产品、金融IT服务、云计算及运营服务。公司成立于2003年，服务超过300家金融行业客户，覆盖中央银行、政策性银行、国有银行、股份制银行、地方性商业银行、非银行金融机构等，员工人数近7000人，成为激活金融领域创新活力、推动金融科技迈入世界领先水平的重要力量。作为金融行业客户可信赖的合作伙伴，天阳科技凭借丰富的行业经验和端到端的专业服务，在信创、数字化金融、信贷、交易银行、信用卡、零售、营销、风险管理、征信监管等众多领域具备核心竞争力。据赛迪和IDC报告显示，近年来公司在中国银行业IT解决方案市场排名强势崛起，2019年收入及市场占有率综合排名分别位列第四位和第五位，并保持高速增长。同时，前瞻商业和科技趋势，入选2021年度未来银行科技服务商TOP100。天阳科技始终聚焦金融科技领域，加大自主创新力度，在超过100个城市建立本地化、专业化的研发和服务团队，拥有CMMI5级认证、软件测试成熟度模型集成（TMMi）3级认证、ISO9001质量管理体系认证、ISO20000信息技术服务管理体系认证、IS027001信息安全管理体系认证。通过部署人工智能、云计算、大数据、移动互联网、分布式计算和区块链等先进金融科技，公司致力于构建安全可控、普惠民生、开放共赢格局，在关键技术领域服务现代化金融发展大局，更好地为各利益相关方创造更大价值，为大中企业、小微企业以及每个个体提供优质金融服务。,"https://www.zhaopin.com/jobdetail/CC120408370J40515913308.htm?refcode=4019&srccode=401901&preactionid=a7c1140f-c46c-45e5-b867-ab342d8bdc77"
2256,科研人员,衢州-柯城区,2.5-5万,衢州膜材料创新研究院,化工,20-99人,不需要融资,CCL1468452430J40471241304,一、专业方向  化学工程和材料等相关专业，有如下方向的工作或研究经历者优先。   （1） 气体分离（膜分离、吸附、深冷）应用过程开发；   （2） MOF/分子筛膜材料设计制备与应用；   （3） 工艺过程设计与模拟。,7月26日,南京工业大学衢州基地、衢州膜材料创新研究院是由南京工业大学与衢州市政府共建，依托南京工业大学化工学院、材料化学工程国家重点实验室、国家特种分离膜工程技术研究中心，瞄准膜领域科技前沿以及产业发展趋势，重点开展以膜为核心的成套技术和应用装备研究，集科学研究、工程应用、成果转化为一体的膜科技创新平台，是浙江省高端化学品技术创新中心的重要科技力量。,"https://www.zhaopin.com/jobdetail/CCL1468452430J40471241304.htm?refcode=4019&srccode=401901&preactionid=a7c1140f-c46c-45e5-b867-ab342d8bdc77"
2257,Java,南京-建邺区,9000-18000元,南京迈特望科技股份有限公司,"计算机软件,IT服务,互联网,运营商/增值服务",1000-9999人,已上市,CC142971790J40558634711,工作内容： IT与技术研发类：算法、AI大模型、大数据、区块链、视频、软件开发等。 解决方案方向：负责市场策略和推广方案的制订和实施以及分析、优化、评估考核、成本管控、渠道落地等工作；负责渠道统筹、管理、推广及运营等工作；负责面向客户与渠道开展销售和服务活动，巩固提升客户关系和满意度。 产品运营方向：负责产品的需求管理、功能评估优化、营销策划和渠道推广等工作；负责产品的技术支撑、渠道培训等工作。 要求： 【相关专业】计算机、电子信息、自动化、数学、物理等 2026届应届毕业生,5月30日,南京迈特望科技股份有限公司成立于2000年，注册资本4692.8万元，在职员工3000+人，于2016年8月10日在新三板挂牌，股票代码NEEQ:838955。公司主要从事I行业解决方案、智慧养老、020电子商务三大领域，为客户提供T人力外包解决方案、智慧养老解决方案、智能家居售后服务解决方案，业务遍及国内及日本等市场。公司旗下现有江苏锁安科技等20家分子公司南京迈特望科技股份有限公司是高新技术企业、软件企业，拥有发明专利2项、软件著权65项、软性产品26项，获得了ISO9001质量管理体系证、ISO27001信息安全管理体系认证、1SO20000T服务管理体系认证S014001环境管理体系认证、1SO45001职业健康安全管理体系认证CMMI3软性能力成熟度模型集成三级、CS2信息系统建设和服务能力评、AAA级信用企业、南京市信用管理培训合格企业证书、南京市工程技术研究中心等资质。公司是南京国际服务外包企业协会理事单位、养老服务信息化建设工作委员会(SSIDC)核心委员、人力资源产业协会理事单位、人工智能行业协会会员单位、江苏省信息化协会会员单位、江苏省老龄产业协会理事单位、软件谷云计算大数据信息安全产业联盟会员单位，并先后获得了江苏省技术先进型服务企业、江苏省试信经营示范单位等荣誉，是亚信、恒生电子、南瑞、中电鸿信、电信、微软、360、中兴、浩航、苏宁、上海俊、中移物联、北斗卫星研究院、江苏海隆、富士通、帆软、深信服、中通服、中控、感动科技、中国民生银行、京东五星、中建八局、拜特、中电智恒、上海道客、扬州莱斯等公司的核心合作伙伴。,"https://www.zhaopin.com/jobdetail/CC142971790J40558634711.htm?refcode=4019&srccode=401901&preactionid=a7c1140f-c46c-45e5-b867-ab342d8bdc77"
2258,软件测试,武汉-江岸区,1.5-2万·13薪,青岛鼎赫人力资源有限公司,人力资源服务,20人以下,,CC682590480J40783987414,岗位职责： 1. 负责软件的功能测试。 2. 执行测试用例，报告缺陷并跟踪缺陷的修复。 3. 与开发团队协作，确保软件质量满足需求。 4. 参与软件测试流程的优化和改进。 岗位要求： 1. 熟悉软件测试理论、方法和流程。 2. 具备功能测试经验。 3. 了解运维工程师、网络工程师的工作内容，能进行基本的IT质量管理。 4. 有信息技术、标准化、电子或电路工程相关背景者优先。 薪资待遇：包住、六险一金、工龄工资、生日礼金、定期体检、带薪年假、绩效奖、项目奖、年终奖.,7月28日,,"https://www.zhaopin.com/jobdetail/CC682590480J40783987414.htm?refcode=4019&srccode=401901&preactionid=a7c1140f-c46c-45e5-b867-ab342d8bdc77"
2259,软件测试,深圳-龙岗区,1.5-3万·16薪,科锐尔人力资源服务(苏州)有限公司,咨询服务,1000-9999人,已上市,CC453635220J40630305703,base：深圳、东莞、上海、南京、苏州、杭州、武汉、西安、成都、北京、广州、济南、长沙等多地区可选，线上面试，面试定薪定级，初中高级都有hc。,5月13日,"科锐国际人力资源有限公司成立于1996年，总部位于北京。作为亚洲领先的整体人才解决方案服务商，科锐国际在中国大陆、香港、印度、新加坡等亚洲地区拥有超过79家分支机构，1,500余名专业招聘顾问，在超过18个行业及领域为客户提供中高端猎头、招聘流程外包、灵活用工、营销外包、校园招聘、培训、招聘咨询等解决方案。截至目前，科锐已与2,000余家跨国集团、国内上市公司、快速成长性企业及非盈利组织建立长期合作关系。其中70%为外资500强企业。","https://www.zhaopin.com/jobdetail/CC453635220J40630305703.htm?refcode=4019&srccode=401901&preactionid=a7c1140f-c46c-45e5-b867-ab342d8bdc77"
2260,Java,深圳-龙岗区,1-2万,外企德科数字技术有限公司,专业技术服务,10000人以上,,CCL1480117890J40793534105,1、统招quan日制本科及以上学历；接受无经验 2、熟悉Java/C/C++/Python/GO等其中一种主流开发语言 3、有较强的学习能力、良好的团队协作能力、良好的沟通表达能力。  4、数据结构和算法基础扎实，愿意学习。   5、能够接受OD招聘模式。   部门亮点：   1、大平台，机会多。云计算，数字能源，数字存储，终端......赛道很多   2、岗位全，拼实力，设置前端、后端、开发、算法、AI、运维、安全等等岗位，你想要的，这里统统都有！,2025-07-27 00:25:59,外企德科数字技术有限公司是一家2023年新成立的中外合资企业。成立于2023年11月24日，公司定位：专注于为信息技术企业提供人才及数字技术外包解决方案的中外合资企业。它是由中国人力资源服务行业的FESCO（北京国际人力资本集团）与全球人力资源服务领导者The Adecco Group（德科集团）合资成立的。公司主要提供网络技术服务、软件外包服务、计算机系统服务、技术进出口、软件开发等信息技术相关服务。专注于为信息技术企业提供信息技术类人才及数字技术外包解决方案。,"https://www.zhaopin.com/jobdetail/CCL1480117890J40793534105.htm?refcode=4019&srccode=401901&preactionid=a7c1140f-c46c-45e5-b867-ab342d8bdc77"
2261,Java,大连-甘井子区,4000-7000元,大连高新园区宏冉计算机软件开发有限公司,计算机软件,20-99人,,CCL1479641750J40710063109,工作内容 1、负责Java相关模块的设计、开发与维护工作。  2、参与系统功能设计，确保代码质量和模块的稳定性。,5月6日,,"https://www.zhaopin.com/jobdetail/CCL1479641750J40710063109.htm?refcode=4019&srccode=401901&preactionid=a7c1140f-c46c-45e5-b867-ab342d8bdc77"
2262,技术支持工程师,广州-黄埔区,6000-10000元,广州永特耐木胶贸易有限公司,"贸易/进出口,化学原料/化学制品",1000-9999人,未融资,CC196196910J40903581104,岗位职责： 1、负责区域内过滤器老客户的售后，对账，技术服务，并能独立处理和解决所负责的任务； 2、负责产品的售前支持、方案编写、产品演示； 3、参与培训用户，提供现场指导等售后技术支持工作； 4、配合销售做好产品市场推广； 5、技术应用的推广、培训。 任职要求： 1、优秀者可放开学历，有滤清器、胶粘剂方面经验的优先； 2、待人诚实可信，具有亲和力，语言表达能力和动手能力强； 3、能适应外勤，短期出差的工作方式； 4、有汽车和驾驶证的优先； 职位福利：绩效奖金、通讯补助、定期体检,4月19日,广州市永特耐木胶贸易有限公司成立于1997年，经过十几年专业精进、持续发展壮大，现在的广州市永特耐木胶贸易有限公司是集研发、生产、销售于一体的高科技、高品质服务性企业。同时它也是中国胶粘剂行业技术力量雄厚，创新意识超前，出新品最多的企业。永特耐拥有占地 150亩10万平方米的青岛现代化生产基地，成都50余亩的大区域战略供应专业工厂。到目前为止，永特耐在全国各地拥有25个分公司及办事处，广阔的销售网络让我们能随时随地为用户提供专业、快捷、高效、稳定的服务和胶粘剂产品，全面的配套服务更能满足用户的独特需求。“以人为本，以心相交”是我们待人处事的宗旨。“精专勤谦，永续经营”是我们的经营理念，做永续的专业木工胶企业是我们坚定不移的信念。不断提高家居生活品质，营造环保健康的新生活，是我们不懈的追求！,"https://www.zhaopin.com/jobdetail/CC196196910J40903581104.htm?refcode=4019&srccode=401901&preactionid=a7c1140f-c46c-45e5-b867-ab342d8bdc77"
2263,软件测试,绵阳-江油市,5000-7000元,天阳科技,"计算机软件,计算机软件",1000-9999人,已上市,CC120408370J40824089708,1.全国项目驻场测试，主要负责功能、数据或接口等相关测试工作；  2.统招本科学历及以上（学信网可查）；毕业满2年；计算机专业优先；  3.热爱软件测试行业、有强力的自驱力，能够在测试岗位深入学习研究；  4.有无经验均可，服从公司安排，接受公司培养，可接受异地工作优先；  福利待遇：  上市公司，公司可以提供住宿，提供五险一金；  欢迎符合要求的小伙伴们投递~,7月23日,天阳科技(股票代码：300872)，是全球金融创新服务的重要贡献者，持续赋能中国金融行业数字化转型，为客户提供咨询、金融科技产品、金融IT服务、云计算及运营服务。公司成立于2003年，服务超过300家金融行业客户，覆盖中央银行、政策性银行、国有银行、股份制银行、地方性商业银行、非银行金融机构等，员工人数近7000人，成为激活金融领域创新活力、推动金融科技迈入世界领先水平的重要力量。作为金融行业客户可信赖的合作伙伴，天阳科技凭借丰富的行业经验和端到端的专业服务，在信创、数字化金融、信贷、交易银行、信用卡、零售、营销、风险管理、征信监管等众多领域具备核心竞争力。据赛迪和IDC报告显示，近年来公司在中国银行业IT解决方案市场排名强势崛起，2019年收入及市场占有率综合排名分别位列第四位和第五位，并保持高速增长。同时，前瞻商业和科技趋势，入选2021年度未来银行科技服务商TOP100。天阳科技始终聚焦金融科技领域，加大自主创新力度，在超过100个城市建立本地化、专业化的研发和服务团队，拥有CMMI5级认证、软件测试成熟度模型集成（TMMi）3级认证、ISO9001质量管理体系认证、ISO20000信息技术服务管理体系认证、IS027001信息安全管理体系认证。通过部署人工智能、云计算、大数据、移动互联网、分布式计算和区块链等先进金融科技，公司致力于构建安全可控、普惠民生、开放共赢格局，在关键技术领域服务现代化金融发展大局，更好地为各利益相关方创造更大价值，为大中企业、小微企业以及每个个体提供优质金融服务。,"https://www.zhaopin.com/jobdetail/CC120408370J40824089708.htm?refcode=4019&srccode=401901&preactionid=a7c1140f-c46c-45e5-b867-ab342d8bdc77"
2264,技术支持工程师,保定-竞秀区,3000-6000元,北京华电德高科技有限责任公司保定分公司,电力/水利/热力/燃气,100-299人,,CC264481330J40637024301,一、岗位职责： 1、为销售人员提供技术支持； 2、协助公司解决生产技术问题 。 二、任职要求： 1、电力电气专业、机械设计制造专业，大专或以上学历；  2、35岁以下、身体健康；   3、有良好的职业素养、爱岗敬业；,8月13日,北京华电德高科技有限责任公司成立于2013年，为国家级高新技术企业。专注于将目前国内最前沿、最有效解决磨损腐蚀问题的高能激光熔覆技术运用于民用领域，致力于帮助客户解决其它技术无法克服的严重磨损腐蚀问题。华电德高从2013年开始已经帮助一百多台锅炉成功解决了其它技术无法克服的局部严重磨损/腐蚀问题，无一例外都取得了良好效果，最长案例已实现10年零维护。客户包括五大发电集团及众多地方电厂。华电德高是目前国内唯一拥有大量长期运行业绩、能切实有效解决严重磨损/腐蚀问题的企业。,"https://www.zhaopin.com/jobdetail/CC264481330J40637024301.htm?refcode=4019&srccode=401901&preactionid=a7c1140f-c46c-45e5-b867-ab342d8bdc77"
2265,测试工程师,宁波-海曙区,6000-11000元·15薪,环球广电,"电子/半导体/集成电路,运营商/增值服务,通信/网络设备",1000-9999人,已上市,CC140710560J40581847906,岗位职责： 1、产品开发阶段的设计验证测试 2、研发样品出货测试 3、产品调试程序和自动化测试程序开发 任职要求： 1、电子信息、通信、测控技术或计算机专业 2、了解基本电子电路原理 3、了解Labview或Python编程优先 4、性能沉稳、耐心，对测试工作感兴趣,6月18日,宁波环球广电科技有限公司(GLOBAL Technology Inc.，简称环广)，2002年6月成立于美丽的海港城市——浙江宁波，公司主要涉及产品包括5G通讯光器件、数据中心及电信应用光模块及FTTH（光纤到户）光器件等。公司连续多年通过ISO9001、ISO14001、OHSAS18001三大体系认证，并获得国家级高新技术企业、浙江省高新技术企业研究开发中心、浙江省企业技术中心、浙江省企业研究院、宁波市企业研究院、市级创新型企业等诸多荣誉称号。为吸纳更多的优秀人才，我们建立健全了极具吸引力和竞争力的薪酬福利体系。,"https://www.zhaopin.com/jobdetail/CC140710560J40581847906.htm?refcode=4019&srccode=401901&preactionid=a7c1140f-c46c-45e5-b867-ab342d8bdc77"
2266,科研人员,广州-越秀区,2.5-3万,广东省科学院微生物研究所(广东省微生物分析检测中心),学术/科研,100-299人,未融资,CC245784810J40469983708,中国-丹麦电微生物国际联合研究中心 诚聘海内外优秀博士后   一、中国-丹麦电微生物国际联合研究中心简介 中国-丹麦电微生物国际联合研究中心（S-D IRCEM）是由广东省科学院微生物研究所与丹麦国家电微生物学卓越中心（CEM）和丹麦国家交叉学科纳米科学中心（iNANO）于2022年联合共建的广东省国际科技合作基地。 广东省科学院微生物研究所（GDIM）前身为中国科学院中南真菌研究室，于1964年经国家科委批准成立，现隶属于广东省科学院。作为我国从事微生物学研究的三大科研院所之一，广东省科学院微生物研究所始终坚持“人本、创新、团结、奉献”的发展理念，已建成由中国工程院院士、国家级和省部级高层次人才为领军科学家的六大研究中心，在微生物应用基础研究、行业共性关键技术创新及科技服务、微生物高技术成果转移转化方面己成为国内领军科研机构。 丹麦国家电微生物学卓越中心（CEM）是丹麦国家研究基金会资助的卓越研究中心，负责人是国际电微生物学领军科学家Lars Peter Nielsen。CEM致力于电缆细菌和电微生物的研究，主要研究目标之一是揭示长距离电子传输的分子机制以及电缆细菌这一独特电微生物的生长代谢机制。CEM作为独立单位建于奥胡斯大学生物科学部，与微生物学部共享先进的实验室、设施和仪器。 丹麦国家多学科纳米科学中心(iNANO)是2002年由著名物理化学家Flemming Besenbacher院士创立的跨学科纳米科学中心。iNANO以其强大的仪器设备群而闻名世界，拥有一台具有北欧最大磁铁的核磁共振（NMR）仪，用于研究分子结构以及分子的空间和电子结构。iNANO还配备有透射电子显微镜（TEM）、扫描电子显微镜（SEM）、原子力显微镜（AFM）、拉曼光谱仪、质谱仪等纳米材料、分子生物学研究领域的先进仪器装备。  由于工作需要，中心拟招聘电活性微生物与元素循环、合成微生物组与绿色催化、新污染物生态毒理与生物防控、海洋微生物组与生态修复等方向的博士后若干名。（具体方向要求以下信息为准） 研究方向 （1）电活性微生物与元素循环（具有分子生物学或生物电化学背景者优先） 发掘新型的电活性微生物菌种资源，开展电活性微生物驱动元素循环机理与应用研究。 （2）合成微生物组与绿色催化（具有合成生物学或机器学习背景者优先） 围绕化学品绿色合成与生产所面临的关键科学和技术问题，开展高效降解转化微生物组的构建理论及技术研究。 （3）新污染物生态毒理与生物防控（具有基因工程或生物传感器研究经验者优先） 围绕新污染物微生物智能防控的关键科学和技术问题，开展新污染物的微生物感知预警理论及技术研究。 （4）海洋微生物组与生态修复（具有海洋生态修复工程经验者优先） 围绕海洋健康养殖与生态保护的关键科学和技术问题，开展海洋生态调控与修复微生物组的构建理论及技术研究。  需求专业  环境微生物学、基因组学、宏基因组学、宏转录组学、宏代谢组学、生物信息学、合成生物学、基因工程、分子生物学、机器学习、生物电化学、微生物生态学、生物地球化学、功能材料学、生物传感器、生态毒理学、环境污染防治工程、环境化学 二、招聘条件 1、年龄不超过35周岁（以进站时间为准），遵纪守法、身体健康、爱岗敬业，具有良好的学术道德和较强的团队合作精神； 2、对微生物学及绿色低碳科技创新工作具有较强的兴趣和独立工作能力； 3、发表SCI收录论文2篇以上，其中至少1篇为中科院JCR一区论文； 4、在国外获得博士学位或具有国外留学经历者优先。   三、资助方式 1、工资待遇：基础年薪30万元起，奖励绩效另计，上不封顶。 2、按规定享受广东省科学院及研究所的人才津贴和科技成果绩效奖励。 3、在站期间支持带薪公费到丹麦开展合作研究。 4、在站期间按照研究所规定入住博士后公寓或享受住房补贴。 5、博士后出站后优先推荐公益一类事业单位固定编制的科研岗位。   四、应聘材料 1、从大学本科起不间断的学习、工作简历； 2、博士学历、学位证书及现任职位证明材料； 3、论文或其它著作目录、专利清单； 4、个人主要学术成就简介； 5、应聘后研究工作的设想、计划和要求； 6、两名推荐者的姓名、工作单位与联系方式。   五、联系方式 联系人：陈燕玲 电话：+8620-87137520 邮箱：****************（请在主题中注明“中国-丹麦电微生物国际联合研究中心优秀博士后应聘”）,10月29日,广东省微生物研究所前身为中科院中南真菌研究室，于1964年5月19日经国家科委批准成立，1972年改为现名，隶属于广东省科学院。拥有2013年5月获批的省部共建华南应用微生物国家重点实验室、1987开始建设并运行的广东省菌种保藏与应用重点实验室和2005年建设的广东省微生物应用新技术公共实验室；依托该所的广东省食品安全检测与评价科技创新平台已经搭建；在广东省材料检测与评价科技创新平台中建设的生态毒理和生物安全评价实验室已经完成全部建设内容并投入运营；广州国家生物产业基地生物新技术及产品研究开发和测试公共实验中心已获国家发改委立项支持，并于2011年完成验收投入使用。广东省微生物学会、广东省食用菌行业协会、广东省生物技术生产力促进中心、广东省食用菌产品质量监督检验站均挂靠该所。研究所的重点科研领域为微生物资源多样性与前期开发、微生物生态与环境污染控制、微生物危害及其检测与控制、微生物分子育种及生物转化、食药用菌生物技术与人类健康五个方面。目前所内已形成资源微生物学、环境微生物学、分析微生物学和霉腐微生物学等四个优势学科，具有博士研究生和硕士研究生培养能力，2010年获人力资源和社会保障部批准建设博士后科研工作站。广东省微生物研究所的科技业务工作主要有科技创新、行业共性关键技术及科技服务和成果转移与转化三个方面，其中科技创新主要依托省部共建华南应用微生物国家重点实验室、广东省菌种保藏与应用重点实验室和广东省微生物应用新技术公共实验室；行业共性关键技术及科技服务主要依托广东省微生物分析检测中心、广东省食用菌产品质量监督检验站和国家广州化学品生态环境安全评价服务中心；成果转移与转化载体主要依托广州国家生物产业基地生物新技术及产品研究开发和测试公共实验中心以及食用菌研究发展中心、微生物检测新技术研究发展中心、微生物工程研究发展中心及环境微生物研究发展中心等四个科研、开发、推广应用一体化的研究发展中心。依托于我所的广东省菌种保藏与应用重点实验室在2000年、2003年、2006年和2010年连续四次被评为广东省优秀重点实验室；广东省微生物应用新技术公共实验室2008年以优异成绩通过广东省科技厅的验收；在广东省菌种保藏与应用重点实验室和广东省微生物应用新技术公共实验室的基础上组建的广东省华南应用微生物重点实验室2009年获科技部批准组建省部共建国家重点实验室培育基地，2012年4月通过科技部组织的专家验收，2013年3月通过科技部组织的专家论证，成功晋升为省部共建华南应用微生物国家重点实验室。目前实验室拥有实验面积4750平方米，包括公共实验室、大型仪器室、华南微生物资源中心（包括标本库和菌种保藏中心）、环境微生物实验室、微生物检测与控制实验室、霉腐微生物实验室、食药用菌生理功能及分子机理实验室、工业化前期实验室等；拥有各类仪器设备236台套，仪器设备原值3680万元，其中30万元以上设备36台套，包括流式细胞仪、透射电子显微镜、扫描电子显微镜、激光共聚焦显微镜、全自动发酵罐、凝胶成像仪、各类PCR仪、超高效液相色谱仪、微生物电解呼吸仪、质谱联用仪、气相色谱仪、电感耦合等离子体质谱仪、高性能三重串联四级杆液质联用系统、石墨炉原子吸收光谱仪、高速冷冻离心机、全自动微生物鉴定系统等，以上设备大部分是2008年以来购置，整体仪器设备达到国际先进水平，以上实验室及设备完全具备了分子水平、细胞水平及基因水平的研究要求。建所以来，在科研项目方面，先后承担了国家973计划项目、国家“863”计划项目、国家重大科技攻关项目、国家科技支撑项目、国家自然科学基金项目、农科成果转化项目、国家科技型中小型企业技术创新基金项目、国家生物高新技术产业化示范工程项目、广东省教育部产学研项目、粤港招标项目和省基金团队项目、省科技创新百项工程项目、省自然科学基金项目、省重大重点科技攻关项目及科技援藏项目、广州市重大重点科技项目等重大重点科技项目；在标准制定方面，主持和参与七十多个国家、行业和地方标准制修订项目；在科技成果方面，共取得科技创新成果142项，其中国际先进、领先水平的60项；获得国家及省部级成果奖108项，其中国家级成果奖6项、省部级一等奖12项；在专利申请方面，共申请专利287件，其中发明专利272件，授权专利162件，其中发明专利147件。在国内外核心学术刊物发表论文1800多篇，出版科技专著36部。,"https://www.zhaopin.com/jobdetail/CC245784810J40469983708.htm?refcode=4019&srccode=401901&preactionid=a7c1140f-c46c-45e5-b867-ab342d8bdc77"
2267,Java,苏州-工业园区,1.2-2.4万·14薪,外企德科数字技术有限公司,专业技术服务,10000人以上,,CCL1480117890J40788589505,岗位职责： 1、负责应用软件开发和维护工作。 2、负责软件模块需求分析、系统新模块代码编写和单元测试，完成概要设计文档、详细设计文档。 3、积极主动的与项目相关人员沟通交流，持续改善产品体验。  业务技能要求： 1、熟练掌握常用数据结构。 2、熟悉计算机组成原理、操作系统、网络等。  岗位要求： 1、 精通JAVA/Python/C/C ++/JS/GO开发，精通多线程、 IO 、网络编程等； 2、统招本科学历； 3、 沟通能力强，善于与产品、测试合作，共同打造给用户良好体验的产品,2025-07-27 00:25:39,外企德科数字技术有限公司是一家2023年新成立的中外合资企业。成立于2023年11月24日，公司定位：专注于为信息技术企业提供人才及数字技术外包解决方案的中外合资企业。它是由中国人力资源服务行业的FESCO（北京国际人力资本集团）与全球人力资源服务领导者The Adecco Group（德科集团）合资成立的。公司主要提供网络技术服务、软件外包服务、计算机系统服务、技术进出口、软件开发等信息技术相关服务。专注于为信息技术企业提供信息技术类人才及数字技术外包解决方案。,"https://www.zhaopin.com/jobdetail/CCL1480117890J40788589505.htm?refcode=4019&srccode=401901&preactionid=a7c1140f-c46c-45e5-b867-ab342d8bdc77"
2268,技术支持工程师,武汉-None,4000-6000元,国药工程(武汉)信息与控制技术有限公司,"专业技术服务,工程技术与设计服务",20-99人,未融资,CC219190230J40076666906,岗位职责1、会熟练使用CAD，对PLC系统了解； 2、公司安排的其他相关工作。   任职要求1、自动化、测控技术及仪器、过程装备与控制工程等相关专业；   2、工作经验不限，欢迎应届毕业生投递；   3、责任心强，做事有条理，细心；   4、有良好的沟通和学习能力，能吃苦耐劳。 5、统招本科及以上学历。 职位福利：五险一金、包住、带薪年假、弹性工作、定期体检、高温补贴、餐补、年终奖 ,2月21日,国药工程(武汉)信息与控制技术有限公司隶属中国医药集团联合工程有限公司，资产所有制为国有控股有限责任公司，是一家主要以医药过程控制和计算机信息集成为主营方向的专业自控公司。公司的经营范围：专业提供控制系统方案的工程设计、系统集成、安装调试、人员培训、系统验证、程序编制的自动化成套工程与装备技术的现代化企业。同时，提供用于控制系统和军事工业的电子产品研发、设计及制作。公司拥有国内一流的制药行业自控工程技术设计和施工团队，具有强大技术优势和丰富的施工经验。主要从事制药厂提取工艺自控、厂房净化空调的工程设计以及工程建设总承包等业务，致力于高效节能、低碳减排、绿色环保的先进自控装备，为广大制药企业提供完善的净化厂房自控解决力案。,"https://www.zhaopin.com/jobdetail/CC219190230J40076666906.htm?refcode=4019&srccode=401901&preactionid=a7c1140f-c46c-45e5-b867-ab342d8bdc77"
2269,实施工程师,南通-如东县,8000-12000元·13薪,北京群菱能源科技有限公司,"仪器仪表制造,仪器仪表制造",100-299人,未融资,CC392043420J40406952011,岗位职责 1.为客户提供柴油机的前期技术咨询；  2.负责帮助客户确定柴油机的选项、配置及图纸资料提供；  3.负责解决客户使用中出现的问题；  4. 为销售人员开拓市场提供技术支持。  任职要求：  具备柴油机选型应用、系统应用技术工程师等工作经验2年以上者优先录用。要求具备柴油机电控相关知识 。  从事过柴油机研发或者技术支持经验的优先考虑。  技能要求：  计算机：熟练使用Office办公软件，具备一定的网络应用能力  专业技能/知识：二维、三维绘图软件能够熟练应用   综合素养：  3.1工作认真细心  3.2具备一定的沟通能力“,3月24日,我公司是一家高新技术生产企业，专注于新能源领域检测设备的研发及生产制造。群菱能源目前在并网逆变器孤岛防护检测专用的RLC精密负载，太阳能电站太阳能电池方阵检测仪，电动汽车充电站检测设备，动力电池充放电检测设备等领域拥有强大的技术储备、研发及卓越的生产制造能力。公司的主营业务：1、光伏逆变器检测平台--防孤岛检测中国唯一2、光伏电站移动检测平台--集成服务商3、储能逆变器检测平台--储能电站检测4、分布式电源检测平台--微网仿真检测5、电动车充电站充电机检测平台--BMS检测中国唯一6、微网实验平台建设--光伏、风能、储能、柴油、超级电容7、蓄电池检测设备--动力电池、铅酸电池、铁锂电池检测,"https://www.zhaopin.com/jobdetail/CC392043420J40406952011.htm?refcode=4019&srccode=401901&preactionid=a7c1140f-c46c-45e5-b867-ab342d8bdc77"
2270,测试工程师,甘南-合作市,5000-7000元,天阳科技,"计算机软件,计算机软件",1000-9999人,已上市,CC120408370J40824024508,1.全国项目驻场测试，主要负责功能、数据或接口等相关测试工作； 2.统招本科学历及以上（学信网可查）；毕业满2年；计算机专业优先； 3.热爱软件测试行业、有强力的自驱力，能够在测试岗位深入学习研究； 4.有无经验均可，服从公司安排，接受公司培养，可接受异地工作优先； 福利待遇： 上市公司，公司可以提供住宿，提供五险一金； 欢迎符合要求的小伙伴们投递~,7月23日,天阳科技(股票代码：300872)，是全球金融创新服务的重要贡献者，持续赋能中国金融行业数字化转型，为客户提供咨询、金融科技产品、金融IT服务、云计算及运营服务。公司成立于2003年，服务超过300家金融行业客户，覆盖中央银行、政策性银行、国有银行、股份制银行、地方性商业银行、非银行金融机构等，员工人数近7000人，成为激活金融领域创新活力、推动金融科技迈入世界领先水平的重要力量。作为金融行业客户可信赖的合作伙伴，天阳科技凭借丰富的行业经验和端到端的专业服务，在信创、数字化金融、信贷、交易银行、信用卡、零售、营销、风险管理、征信监管等众多领域具备核心竞争力。据赛迪和IDC报告显示，近年来公司在中国银行业IT解决方案市场排名强势崛起，2019年收入及市场占有率综合排名分别位列第四位和第五位，并保持高速增长。同时，前瞻商业和科技趋势，入选2021年度未来银行科技服务商TOP100。天阳科技始终聚焦金融科技领域，加大自主创新力度，在超过100个城市建立本地化、专业化的研发和服务团队，拥有CMMI5级认证、软件测试成熟度模型集成（TMMi）3级认证、ISO9001质量管理体系认证、ISO20000信息技术服务管理体系认证、IS027001信息安全管理体系认证。通过部署人工智能、云计算、大数据、移动互联网、分布式计算和区块链等先进金融科技，公司致力于构建安全可控、普惠民生、开放共赢格局，在关键技术领域服务现代化金融发展大局，更好地为各利益相关方创造更大价值，为大中企业、小微企业以及每个个体提供优质金融服务。,"https://www.zhaopin.com/jobdetail/CC120408370J40824024508.htm?refcode=4019&srccode=401901&preactionid=a7c1140f-c46c-45e5-b867-ab342d8bdc77"
2271,科研人员,广州-白云区,1.2-1.4万,广州理工学院,学校/学历教育,1000-9999人,不需要融资,CCL1306840080J40667613308,投递简历请前往广州理工学院-人才引进-招聘启事-《广州理工学院省工程技术研究中心招聘公告》正文邮箱 【工作内容】 完成工程中心项目开发和教学科研工作。项目开发包括开展工程中心实验设备人工智能视觉检测的AGW技术二次开发，采用LabVIEW软件开发声学与超声检测仪器软硬件，开发声学与超声检测仪器软硬件，协助做好各类项目的管理等工作；教学科研工作包括完成智能制造与电气工程学院安排的相关设备课程教学工作，参加相关的学术活动和科研工作，孵化学生可持续创新项目，指导学生创新创业和竞赛活动。 【专业要求】 本硕均为自动化、电子信息、电气工程、机电工程、机器人、智能制造等相关专业。 【岗位要求】 2.具有一定项目实践经验，有作为主要人员参加学科竞赛并获奖经验。 3.熟悉单片机、嵌入式系统开发和PC机编程，精通采集软件、控制软件编程、机电结构设计、机械装置设计、仿真软件应用等。 4.具有团队合作精神和良好的沟通能力。 5.工作地点为广州理工学院（白云校区），实行坐班制。寒暑假根据工程中心工作安排执行。,7月9日,"更多详细岗位请前往官方网站投递广东省民办本科高校第一批硕士学位授予立项建设单位广东省民办本科高校首批联合培养硕士研究生招生单位广东民办教育四十年“突出贡献机构”国家自然科学和社科基金依托单位国家级省级一流本科专业认定单位省级重点学科建设单位广东省博士工作站设站单位广州市知识产权试点学校广东省连续多年就业工作先进单位广东省创新创业工作先进单位就业率连续多年保持全省高位2022年省本科高校就业率首位2022年国家级教学成果奖获奖单位2023年通过教育厅法治工作测评2023年通过“广东省绿色学校”验收广州理工学院（Guangzhou Institute of Science and Technology）坐落在广州市白云区帽峰山麓、惠州市博罗县罗浮山麓、广州市增城区中新镇，是经教育部批准设立的全日制普通本科高校。学校2021年入列广东省民办本科高校首批硕士学位授予立项建设单位，2022年入列广东省民办本科高校首批联合培养硕士研究生招生单位并招收首届联合培养研究生，是广东省同时具有省科技厅、省教育厅、省人社厅、省社科联、粤港合作命名科研平台的民办本科高校，拥有省级科研平台6个。2021年、2022年广东省民办高校年检获得“优秀”等级，连续两年获得省政府民办教育专项资金资助一等评价等次，连续两年党委书记述职考评被评为“好”。2022年实现国家一流专业、国家基金项目、科研到账经费历史性突破，获得国家级教学成果奖二等奖，成为国家自然科学基金和国家社科基金依托单位，应届毕业生就业率排名全省本科高校第一位。2023年通过教育厅法治工作测评，通过广东省“绿色学校”验收。学校以习近平新时代中国特色社会主义思想为指导，坚持社会主义办学方向，全面贯彻党的教育方针，落实立德树人根本任务，新工科特色鲜明，工学、管理学、经济学、文学、艺术学、教育学等多学科协调发展，设有智能制造与电气工程、计算机科学与工程、建筑工程、工商管理、经济管理、外国语、艺术设计、音乐舞蹈、人文与教育、马克思主义（通识教育）、国际教育、继续教育等12个二级学院，本科专业45个（其中工科专业23个），设有中兴通信工程、蓝盾网络空间安全、智能制造与机器人3个产业学院，全日制在校学生31000多人。专任教师1400多人，其中教授、副教授363人、博士近200人，拥有一批专家、博士、海归学者、双师型教师、企业特聘专家。学校现有广东省重点学科2个、国家级一流专业1个、省级一流专业3个、省级质量工程80项、省创强科研项目65项、教育部教育厅产教协同育人项目70项。学校坚持产学研结合、科教融合，突出应用研究、校本研究、协同创新，促进科技成果转化应用。现有省工程技术研究中心1个、省社科联大湾区乡村振兴经济咨询研究中心1个、教育厅大湾区企业人才管理研究院1个、人社厅博士工作站1个、省社科联广东省特色金融与高质量发展研究中心1个、粤港合作BIM工程技术中心1个，教师工作室为载体的教学科研学术团队58个。现承担国家基金项目和省级科研项目150余项、横向项目 500余项。教师公开发表论文1500篇，专著和教材200部。加大应用研究力度，着力推进新技术新产品新工艺的科技开发和成果转化。2019年获广州市知识产权试点学校立项。师生获授权专利465项、其中发明专利40项，软件著作权69项；高新技术产品认定14项，科技成果转让7项，其中3项实现产业化，工业机器人集成与应用产品生产500多台套，，实现产值达5000多万元。获批教育部第一批产学研合作协同育人项目11项。服务白云区、始兴县、增城区、博罗县、翁源县的各级政府、行业、企业、园区、院所，服务经济社会建设发展，服务乡村振兴，实现新突破；建立电商直播基地，参与师生2000+，服务企业品牌300家；与始兴县司前镇携手共建“一中心二基地”，学生电商直播带货和助农销售农产品近60万元；为增城区供销社制定改革方案，获经费80万元。学校依山而建、环境优雅。广州市白云校区距离广河高速出口200米，4条公交专线直通市区，体育设施完备，后勤保障完善，学生社区小区化管理，是青年学子求学深造的理想校园。新时代，新征程！站在历史新起点上，我们将以习近平新时代中国特色社会主义思想为指导，以立德树人为根本任务，坚定不移走产教深度融合、校企协同育人的应用型人才培养道路，大力彰显“新工科”办学特色、多学科协调发展,朝着国内知名、广东一流的应用型民办普通本科高校既定目标，击节而歌、筑梦前行！","https://www.zhaopin.com/jobdetail/CCL1306840080J40667613308.htm?refcode=4019&srccode=401901&preactionid=a7c1140f-c46c-45e5-b867-ab342d8bdc77"
2272,实施工程师,南京-高淳区,6000-8000元,红宝丽集团,"化学原料/化学制品,化学原料/化学制品",1000-9999人,已上市,CC131406579J00201473702,职位描述： 1、执行公司各类售后技术服务标准、制度、规范等； 2、处理客户的售后服务及技术事宜，将需要服务的客户信息转交给相关部门； 3、整理和分析产品售后服务过程中反馈的数据和信息，并将其反馈给上级主管； 4、根据需要，对公司的客户进行各种形式的回访和调查，以获取客户的直接反馈； 5、收集统计售后服务过程中发现的质量问题并予以处理； 6、协助领导建立技术服务信息管理系统，完善技术服务信息资料； 7、完成上级主管临时交办的工作任务 任职要求： 1、能适应长期在外出差； 2、高分子材料、精细化工等相关化工专业； 3、具备基本的英语听说读写能力，口头表达能力和团队协作能力好； 4、品行端正，为人热情、诚恳，有较强的事业心和责任感。 薪酬： 全面报酬=月度薪资+年终考核奖金+部门考核奖金+政府人才补贴 1、本科生年度总收入4万~6万（不含业务提成）； 2、研究生年度总收入6万~8万（不含业务提成）； 股权激励：公司针对核心技术（业务）人员实施股权激励计划。 福利： 1、公司为外地员工提供住宿，宿舍免费提供上网，有热水器、空调等基本设施，报到即可入住； 2、公司缴纳五险一金，商业保险，发放生日福利、节日福利、高温补贴； 3、公司关注员工身体健康，正式员工享受每年健康体检一次； 4、公司按照国家法定节假日休假，工作满一年后享有带薪年休假； 5.公司设有篮球场、网球场、乒乓球室、棋牌室等，每年举行职工篮球、羽毛球、乒乓球等比赛，丰富员工生活。 工作地点：   南京市南京市建邺区庐山路158号嘉业国际城4栋6楼  南京市高淳区双高路29号（两个地点任意选择）,12月18日,红宝丽集团股份有限公司始创于1987年，位于美丽的国际慢城——南京市高淳区，为高新技术企业，中国聚氨酯行业领军企业。2007年，公司在深圳证券交易所成功上市（股票代码：002165.SZ），成为国内大型上市的聚氨酯硬泡组合聚醚生产企业，第二批中国制造业单项冠军企业，位列中国石油和化工行业500强。红宝丽集团围绕聚氨酯、异丙醇胺、环氧丙烷、新材料和锂电等五大产业板块，建成了国内名列前茅的聚氨酯硬泡组合聚醚产业基地、全球较大规模的异丙醇胺产品研发和产业基地、具有较高技术的节能新材料产业基地和锂电池正极材料生产基地，现正在加快建设位于江苏泰兴的环氧丙烷产业基地。产品市场占有率连续多年占据国内前列，与西门子、三星、中集、海信、美的等世界500强和国内知名企业建立了良好的合作伙伴关系。集团研发实力突出，技术积淀深厚。拥有企业博士后科研工作站、省级企业技术中心和省级醇胺工程技术研究中心，与中科院、南京理工大学等科研院校建立了广泛的产学研合作关系。集团研究院根据不同产业领域分设了不同的研究所，配备了先进的技术研发设施和检测仪器，掌握了相关产业的关键核心技术，拥有完全自主知识产权，主持并参与多项国家标准和行业标准的制定，具有行业话语权。集团注重管理，追求卓越，创造了以“点滴管理、全员管理、长效管理”为基础，问题管理为特色的红宝丽管理模式，并荣获全国现代化管理创新成果一等奖。近年来，凭借优秀的管理绩效，先后荣获全国质量奖、全国五一劳动奖状、全国企业文化优秀案例等多项殊荣。未来，公司将继续秉承“为国家、为顾客、为员工、为股东、为社会”的办企宗旨，持续自主创新，不断延伸产业链，完善产业布局，把公司建成一个政府认可、员工认同、客户信赖、股东拥戴、社会尊敬的综合性化学新材料集团。薪酬：全面报酬=月度薪资+年终考核奖金+部门考核奖金+政府人才补贴 1、本科生年度总收入5万~8万（不含业务提成）； 2、研究生年度总收入8万~10万（不含业务提成）；股权激励：公司针对核心技术（业务）人员实施股权激励计划。福利： 1、公司为外地员工提供住宿，宿舍免费提供上网，有热水器、空调等基本设施，报到即可入住； 2、公司缴纳五险一金，商业保险，发放生日福利、节日福利、高温补贴； 3、公司关注员工身体健康，正式员工享受每年健康体检一次； 4、公司按照国家法定节假日休假，工作满一年后享有带薪年休假； 5.公司设有篮球场、网球场、乒乓球室、棋牌室等，每年举行职工篮球、羽毛球、乒乓球等比赛，丰富员工生活。联系方式：公司名称：红宝丽集团股份有限公司公司地址：江苏省南京市高淳双高路29号联系人：陈小姐联系电话：025—57350155邮箱：hr@hongbaoli.com（接收简历）公司主页：www.hongbaoli.com,"https://www.zhaopin.com/jobdetail/CC131406579J00201473702.htm?refcode=4019&srccode=401901&preactionid=a7c1140f-c46c-45e5-b867-ab342d8bdc77"
2273,实施工程师,龙岩-新罗区,9000-14000元,东华医为科技有限公司,"IT服务,IT服务",1000-9999人,未融资,CC649781480J40497191105,"工作内容 1、具备HIS实施经验优先考核。 2、根据项目经理要求按计划实施项目, 做好项目实施中的沟通协调及实施过程反馈； 3、了解医院业务，确定医院业务流程，整理用户需求，进行软件调试、安装、培训，解决实施过程中出现的问题； 4、对医院医生、护士、操作员等进行操作培训； 5、指导用户进行基础数据准备； 6、根据公司要求，完成相关实施文档。 任职要求 1、有PMP、软考项目管理等资质者优先考虑； 2、入职地区可在厦门、漳州、泉州、福州、三明、龙岩、莆田；",2025-07-27 00:18:20,东华医为科技有限公司（简称东华医为）成立于2012年5月，注册资金5000万，是东华软件股份公司旗下专业服务医疗、卫生等大健康领域IT业务的全资子公司。东华医为现有员工2000余人，其中技术人员占比达到90%，拥有近100项大健康类自主知识产权的软件产品，所覆盖的大健康领域有医疗机构、卫生管理机构、互联网医疗、人工智能、大数据、健康管理等，所涉及的主要业务有IT咨询规划、方案设计、系统集成、软件开发与交付、工程实施与交付、人才培养、售后运维、合作运营等。东华医为现为全国500余家大健康领域的各类用户提供着持续的技术服务，还连续多年蝉联中国十佳医疗行业解决方案商榜首。传承了东华软件医疗卫生事业部近二十年IT业务的东华医为，在高速发展的大健康领域，笃定能大有作为。,"https://www.zhaopin.com/jobdetail/CC649781480J40497191105.htm?refcode=4019&srccode=401901&preactionid=a7c1140f-c46c-45e5-b867-ab342d8bdc77"
2274,技术支持工程师,北京-丰台区,1.2-2.4万,首都医学科学创新中心,"学术/科研,学术/科研",300-499人,不需要融资,CCL1464242520J40739121402,光学影像平台技术工程师（薪资面议） 1.主要职责： （1）负责影像平台与光学显微镜的日常管理与维护； （2）负责对实验人员的仪器操作进行培训与考核，协助实验人员进行成像实验与图像处理； （3）负责仪器使用信息的收集整理与反馈。 2.任职要求： （1）生命科学、神经生物学、生物医学工程、光学、电气、电子、光电、材料等相关专业，本科及以上学历，硕士学历优先； （2） 有光学和生物学知识基础，熟悉显微镜的成像原理和图像处理基础知识，有常用显微镜(双光子、共聚焦等）使用经验，会图像处理工作，熟悉C、Matlab、Python、Lab VIEW等常用编程语言者优先考虑； （3）有机械制图与加工、电子电工等相关基础，熟练使用相关软件与加工经验者优先； （4）具备良好的学习能力和动手能力，工作细致认真、积极主动，踏实肯干，有责任感，善于沟通，团队合作意识强； （5）符合上述条件但尚未取得学位证的，可到平台进行实习，表现优秀者优先录用。,5月14日,"首都医学科学创新中心[Chinese Institutes for Medical Research(CIMR), Beijing]（简称创新中心）是北京市新成立的具有独立法人资格的新型研发机构。创新中心以推动医学科学发展、改善人类健康为目标，开展生物医学研究，致力于提升医学科学创新与成果转化能力，提高疾病诊断和治疗水平。我们将汇聚世界高水平科学家，与首都医学教育和科学研究优质资源紧密合作，打造多学科交叉融合的科研平台，综合自由探索、医学目标导向、有组织科研等途径，实践新型科研模式和体制机制，逐步推进医教研产的深度融合，培养适应医学科学创新发展的优秀人才。","https://www.zhaopin.com/jobdetail/CCL1464242520J40739121402.htm?refcode=4019&srccode=401901&preactionid=a7c1140f-c46c-45e5-b867-ab342d8bdc77"
2275,测试工程师,无锡-滨湖区,130-150元/天,无锡威孚高科,"电气机械/电力设备,汽车研发/制造,金属制品业,客运服务",1000-9999人,已上市,CC219063410J40774602607,岗位职责： 1.协助完成雷达各项测试工作，比如试验室测试、道路测试； 2.协助处理测试数据，及分析定位测试问题； 任职要求： 1.本科及以上在校生，电子工程、通信工程、自动化、车辆工程等相关专业 2.具有MATLAB基础数据处理能力； 3.了解毫米波雷达工作原理者优先； 4.为人开朗、沟通能力强者优先,7月17日,"无锡威孚高科技集团股份有限公司已有60多年历史，现已成为中国进气系统、燃油系统与尾气后处理系统的领先制造商，产品系列覆盖非道路TierⅢ、车用国Ⅴ及更高排放法规，为国内各大汽车厂和柴油机厂配套，并远销美洲、中东、东南亚等地。随着排放标准的不断升级，威孚公司在原有业务的基础上积极致力开发新能源驱动和智能网联，目前拥有10多个事业部、全资及控股子公司，员工7000余人，年销售额近百亿，是业绩优良的A、B股上市公司。 WEIFU High– Technology Group Co., Ltd. has more than 60 years of history, it has become China’s leading manufacturer in turbo charge system, fuel injection system and exhaust treatment system, product series fulfill TierⅢ, ChinaⅤ and even higher, and products not only have good reputation in domestic automotive enterprises but also possess market share in America, Middle East and Southeast Asia. Following the strict emission standards, WEIFU committed actively to the development of new energy power and ICV(Intelligent Connected Vehicle) besides the basis of the existing business. Now WEIFU Group has more than 10 subsidiaries, wholly or mostly-owned companies, more than 7000 employees, with an annual sales of about 10 billion Yuan, and is a well profitable list company with‘WEIFU High-tech‘ A and B shares.","https://www.zhaopin.com/jobdetail/CC219063410J40774602607.htm?refcode=4019&srccode=401901&preactionid=a7c1140f-c46c-45e5-b867-ab342d8bdc77"
2276,前端开发,北京-朝阳区,8000-15000元,中国科学院北京基因组研究所(国家生物信息中心),学术/科研,100-299人,不需要融资,CCL1389429340J40753502905,1.根据系统具体要求，承担WEB前端技术研发、优化等任务； 2.负责系统前端设计和编码实现，并对代码质量负责； 3.负责系统前端测试，以及前端系统部署和维护； 4.对用户体验、交互设计等UI技术有一定掌握； 5.完成领导交办的其他工作。,3月28日,2003年11月，中央编办批复成立中科院北京基因组研究所。基因组所成立以来，参与完成国际人类基因组计划，独立完成中国超级杂交水稻基因组计划，牵头国家自然科学基金委重大研究计划、中科院中国人群精准医学研究计划等，在肿瘤微进化、表观遗传学、精准医学等领域取得突破性进展。 2019年11月，根据中央编办批复，基因组所加挂国家生物信息中心牌子，主要承担我国生物信息大数据统一汇交、集中存储、安全管理与开放共享，以及前沿交叉研究和转化应用等工作。2020年4月，正式更名为“中国科学院北京基因组研究所（国家生物信息中心）”。,"https://www.zhaopin.com/jobdetail/CCL1389429340J40753502905.htm?refcode=4019&srccode=401901&preactionid=a7c1140f-c46c-45e5-b867-ab342d8bdc77"
2277,技术支持工程师,上海-徐汇区,6000-12000元,合肥中科普瑞昇生物医药科技有限公司,"生物工程,医药制造,生物工程",100-299人,A轮,CC305450180J40766867910,岗位职责 一、客户需求对接与转化 1、负责与客户沟通临床前研究需求，精准捕捉技术要点及商务目标； 2、协同内部技术人员评估可行性，设计研究方案； 3、参与合同谈判及交付周期规划，将技术方案转化为商务条款。 二、市场与行业分析 1、跟踪临床前研究领域技术趋势（如新模型/新技术），为商务策略提供支持； 2、分析竞争对手服务模式，优化公司技术方案的市场竞争力； 三、部门协作 1、担任客户与销售及技术人员的桥梁，推动资源高效配置； 2、领导安排的其他工作。   任职要求： 1、本科，生物医药相关专业优先考虑； 2、具备较强的跨部门协作和沟通能力； 3、抗压能力强，适应多项目并行与高频客户沟通节奏； 4、热爱销售事业，善于与人建立连接，尤其擅长快速破冰并建立信任。   职位发展： 1、全面培养体系： 入职初期提供系统化入职培训，并安排临床前研究核心业务模块轮岗，助您快速建立全局视野。 2、多元化发展通道： 提供丰富的职业发展路径，绩优员工将优先获得晋升机会，可向商务拓展等方向转型发展。,7月17日,关于我们：中科普瑞昇是于2015年成立的一家国有产业资本支持的国家级高新技术企业。公司聚焦涉及国家战略性生物安全及产业安全的细胞工程核心技术，围绕生物医药发展瓶颈——“细胞”问题，展开科技攻关和产业化，践行以科技创新带动产业创新的创新驱动发展战略，服务大健康产业。核心技术：癌症原代细胞体外可再生关键技术基因调控工程细胞技术体系（Ba/F3癌症激酶靶点工程细胞库、CRISPR/Cas9基因编辑细胞库）技术应用：临床前CRO服务：分子生物学、体外细胞生物学、免疫与炎症、体内药效学、PK、蛋白质研究服务等肿瘤临床精准用药检测技术服务(HDS)：覆盖血液癌症、肝癌、肺癌等十多种恶性肿瘤临床科研服务：动物模型、PDC药敏、类器官培养、分子生化实验等大数据服务资质平台：国家高新技术企业科技部人类遗传资源保藏资质国家级博士后科研工作站安徽省“专精特新”中小企业安徽省大数据企业安徽省高水平新型研发机构（安徽省科技厅）安徽省肿瘤原代细胞工程研究中心(安徽省发改委)安徽省精准用药技术工程实验室（安徽省发改委）原代细胞工程安徽省联合共建学科重点实验室（安徽省科技厅）安徽省企业技术中心（安徽省工信厅）研究基地：现有研发场地7000㎡拥有一代测序仪（ABI）、二代测序仪（Illumina）、质谱仪(ABS6500+)、高通量自动化移液工作站(PE）、酶标仪等高端实验仪器设备现有研发人员150余人（占总人数7成以上），其中，国家级人才工程入选者4人，省部级人才工程入选者4人，博士30余人（副高及以上职称14人），有海外工作和学习背景的人员近20人。,"https://www.zhaopin.com/jobdetail/CC305450180J40766867910.htm?refcode=4019&srccode=401901&preactionid=a7c1140f-c46c-45e5-b867-ab342d8bdc77"
2278,软件测试,石家庄-桥西区,3000-5000元,石家庄曙臻软件开发有限公司,"计算机软件,计算机软件",20-99人,未融资,CC477061930J40797517005,(1)计算机相关专业毕业，专科及以上学历，男女不限。 (2)能独立完成公司软件的测试工作，推动BUG改进。能够协助经理编写测试计划、测试用例和测试报告。 (3)熟练使用Windows、Linux操作系统 (4)熟悉ORACLE、MYSQL等数据库，熟悉JAVA语言，熟悉测试常用工具Jmeter、loadrunner等工具优先。 (5)具有良好的团队精神，良好的沟通能力，抗压能力强，较强的责任心及自我学习能力。,7月28日,"公司主要从事计算机信息管理系统的研究与开发、企业精品网站建设与开发、搜索引擎优化，提供全面的信息化管理系统解决方案，支持政府、企事业单位工作流程的信息化和智能化,致力于人才服务行业软件、网站的研发，为广大客户提供最优质产品。","https://www.zhaopin.com/jobdetail/CC477061930J40797517005.htm?refcode=4019&srccode=401901&preactionid=a7c1140f-c46c-45e5-b867-ab342d8bdc77"
2279,测试工程师,大连-西岗区,1.3-1.8万·13薪,方得(青岛)人力资源有限公司,咨询服务,20-99人,,CCL1462672470J40735768816,,2025年07月28日,,"https://www.zhaopin.com/jobdetail/CCL1462672470J40735768816.htm?refcode=4019&srccode=401901&preactionid=a7c1140f-c46c-45e5-b867-ab342d8bdc77"
2280,Java,成都-金牛区,2000-3000元,榕芯科技(成都)有限公司,"电子/半导体/集成电路,计算机软件",20-99人,天使轮,CCL1446729950J40758910009,1：负责内部产品的设计开发、设计、测试&部署工作 2：熟悉HTML、CSS、Js、JQ、ECharts、Vue+各类前端框架等web或移动端开发技术 3：熟悉Java，理解IO、多线程、集合等基础框架 Srping boot、springClould、mybatis、kafka、rabitMQ等常用中间件 4：熟悉前端或者后端一种技能即可。,7月22日,榕芯科技（成都）有限公司成立于2020年3月，公司立足于服务军工企业和部队，积极引进社会优质资源和高素质人才，以关键核心技术和垂直整合能力为公司立足根底，以科技创新为公司发展引擎，努力成为推动行业发展的高科技企业。研发团队：公司研发团队的核心成员来自业内知名军工院所，深耕微电子系统仿真和硬件研发领域20余年，具备从系统架构设计到实施的全过程能力，并且具备从底层到应用的垂直整合能力和经验，旨在打造从芯片到系统的一站式数字化仿真平台和微电子系统硬件产品。业务范围：公司以微电子系统领域为切入点，目标成为微系统核心产品和设计工具供应商，软件方面：微电子系统仿真设计软件，实现多层级、多专业协同仿真设计。硬件方面：射频模块组件产品（变频组件、收发组件、功放等），系统级产品。市场情况：目前获得国内头部投资机构数千万级融资，发展前景光明；与中科院、航空、航天和中电等相关军工科研院所已形成长期合作。,"https://www.zhaopin.com/jobdetail/CCL1446729950J40758910009.htm?refcode=4019&srccode=401901&preactionid=a7c1140f-c46c-45e5-b867-ab342d8bdc77"
2281,实施工程师,乌鲁木齐-沙依巴克区,5000-6000元,四川瀚海蓉科信息技术有限公司,"IT服务,计算机软件",20人以下,未融资,CCL1479638730J40593495906,任职要求： 1、 本科（含）以上学历，计算机相关专业，熟悉数据库（ORACLE/MY SQL/SQL SERVER）； 2、 熟悉常用办公软件操作，具备较好的学习能力，文档书写、归纳、总结能力； 3、 性格开朗，有较强的语言表达能力和沟通、协调能力，工作积极主动，吃苦耐劳； 4、 责任心强，具备良好的团队合作精神和承受压力的能力； 5、 能适应出差。 工作内容： 1、 项目现场软件的部署、数据初始化、升级、培训、验收等工作； 2、 项目现场、远程等项目实施、技术支持及维护； 3、 完成领导交给的其他工作； 工作地点：  新疆乌鲁木齐市  薪资待遇：  转正5000~6000，出差补助，五险一金  ,2月21日,四川瀚海蓉科信息技术有限公司是一家专业从事医疗信息化产品开发及行业解决方案的供应商，公司总部位于四川省成都市，业务涉及医保局端智审及大数据应用类产品研究与开发；医疗机构院端his、集成平台、医共体云his、医共体集成平台的运维及二次开发；医疗机构、医保局端行业解决方案售前、销售及本地化售后服务。公司致力于打造集销售、售前、实施、研发、售后于一体的专业型、技术型公司。欢迎各方有识之士共同共创共赢！,"https://www.zhaopin.com/jobdetail/CCL1479638730J40593495906.htm?refcode=4019&srccode=401901&preactionid=a7c1140f-c46c-45e5-b867-ab342d8bdc77"
2282,前端开发,大连-甘井子区,100-150元/天,亚信科技(中国)有限公司,通信/网络设备,10000人以上,已上市,CC139131340J40715040711,岗位职责：,7月8日,亚信科技是中国领先的信息科技产品及服务提供商，拥有丰富的软硬件产品开发和大型工程实施经验。公司深耕市场超过 30年，在 5G、云计算、大数据、人工智能、物联网、数智运营、业务及网络支撑系统（BSS&OSS）等领域具有先进的技术能力和众多成功案例，客户遍及通信、广电、能源、交通、政务、金融、邮政等行业。近年来，亚信科技持续聚焦云网、数智、IT三类产品的研发，并结合咨询规划、数智运营和系统集成能力，不断向“产品与服务双领先”目标迈进。2024年公司进一步提出“四个转变”发展战略，聚焦打造 5G专网、边缘智能、信创数据库、大数据与可信数据流通、xGPT等战略级软件及软硬一体产品，并加强向非通信及国际市场的开拓。亚信科技始终致力于将 5G、人工智能、大数据等数智技术赋能至百行千业，与客户共创数智价值。面向未来，公司将努力成为最可信赖的数智价值创造者，并依托数智化全栈能力，创新客户价值，助推数字中国。,"https://www.zhaopin.com/jobdetail/CC139131340J40715040711.htm?refcode=4019&srccode=401901&preactionid=a7c1140f-c46c-45e5-b867-ab342d8bdc77"
2283,C/C++,东莞-None,1.2-1.5万,东莞普莱信智能技术有限公司,"仪器仪表制造,电子设备制造",100-299人,B轮,CC614731080J40711492611,岗位职责：1、根据软件开发项目管理和软件工程的要求，按照系统总体设计规格说明书进行软件    模块设计、实现及测试，并编写相关设计文档；    2、进行工业控制产品软硬件整体调试，实现特定的功能，达到工业产品性能要求；  3、编写产品测试及使用说明书。    岗位要求：   1、本科及以上学历，自动化、计算机、机械电子工程、电子信息工程、软件工程等相关专业；     2、精通C/C++，熟练使用开发工具     3、有数控系统、运动控制器、伺服驱动器等相关产品开发经验，或精通LINUX操作系统及驱动编写     3、熟悉硬件开发平台；  5、对软件工程有较深的理解。 ,4月15日,普莱信智能简介：普莱信是一家专门从事高端智能装备及关键零部件的研发、生产、销售的一体化解决方案提供商，是广东省重点引资的国家高新科技企业。普莱信拥有运动控制、机器视觉、直线电机和算法等全套核心技术，并以这些技术为基础，结合具体工艺，为半导体封测行业、光通信行业、电子元器件行业及锂电装备行业等提供固晶、绕线、焊线、点胶设备及智能化解决方案。深圳普莱信智能技术有限公司成立于2016年12月，是东莞普莱信控股子公司。深圳研发中心主要负责AOI设备、半导体设备的研发和销售。在国内发展先进半导体技术上，普莱信具有巨大的市场潜力和技术门槛，吸引了业界投资的密切关注，公司已在2018年宣布完成A轮融资。普莱信将继续在全球范围内吸引优秀人才，持续的增加研发投入，进入规模化的生产，致力于成为全球半导体设备领军企业，力促半导体关键设备的国产化。,"https://www.zhaopin.com/jobdetail/CC614731080J40711492611.htm?refcode=4019&srccode=401901&preactionid=a7c1140f-c46c-45e5-b867-ab342d8bdc77"
2284,前端开发,沈阳-沈河区,4000-7000元,辽宁博颂科技有限公司,计算机软件,300-499人,,CCL1491329400J40670702801,岗位内容： 1. 设计和开发适用于不同设备的易于使用的网站 2. 参与产品原型设计和产品需求分析 3. 跟进技术趋势及前端开发最佳实践，不断提升团队的技术水平 任职要求： 1. 掌握HTML5/CSS/JavaScript等前端技术和常用框架 2. 具备良好的学习能力和解决问题的思维能力，能够配合其他团队成员完成项目工作 3. 对新技术有好奇心，并愿意持续学习和提高,3月28日,,"https://www.zhaopin.com/jobdetail/CCL1491329400J40670702801.htm?refcode=4019&srccode=401901&preactionid=a7c1140f-c46c-45e5-b867-ab342d8bdc77"
2285,实施工程师,北京-海淀区,8000-15000元,北京海博思创科技股份有限公司,"新能源,新能源",500-999人,C轮,CC450682910J40756326610,岗位职责: 1、负责储能设备及系统的安装、调试工作； 2、负责项目系统应用软件的开发工作； 3、能够根据现场施工条件按图作业、规范施工，完善竣工资料； 4、负责项目现场的日常工作协调与管理； 5、负责与甲方或业主的沟通联络交流，关系维护等工作； 6、解决现场技术问题，突发事件，确保项目顺利进行 岗位要求: 1、电气自动化、机电一体化、电子工程、计算机、电力系统、精密仪器等相关理工科专业； 2、具有1~2年电气、自动化、机电工程等领域工作经验，应届毕业生也可； 3、熟悉电气原理图，系统方案图，二次接线图者优先考虑； 4、有光伏、风电相关行业安装调试经验者优先考虑； 5、具备电气设备安装经验，熟悉电气工程施工规范及电气元件选型标准者优先考虑； 6、有电工证者优先考虑 岗位优势： 1、工作地点西北，华北，西南，华东范围可协商调整； 2、长期提供各种培训，助力人员能力提升； 3、对于优秀人员，可选择转技术支持岗，直流侧、EMS、PCS、消防等多种选择，提供多样化的职业发展路径,6月11日,北京海博思创科技股份有限公司，成立于2011年，是行业领先的储能系统解决方案与技术服务供应商，提供储能电站开发、设计、集成、运营等一站式整体解决方案。公司是国家级高新技术企业，国家专精特新“小巨人”企业，北京市独角兽企业，北京市企业技术中心。公司拥有国内领先的CMA&CNAS认证电池及电池系统测试实验室，获准成立了电化学储能系统博士后流动站，并牵头成立了北京市未来电化学储能系统集成技术创新中心。公司的核心团队由美国加州大学伯克利分校、斯坦福大学、弗吉尼亚理工大学等世界一流名校博士组成，拥有多年相关行业世界五百强公司的高级技术研发及管理经验，涵盖电力电子、大规模集成电路、智能电网、嵌入式系统控制、电池技术等多个领域。公司自成立以来，专注于电池管理关键技术和先进储能系统集成技术与产品的研发、生产、销售和服务，为传统发电、新能源发电、智能电网、终端电力用户及智能微网等“源－网－荷”全链条行业客户提供全系列储能系统产品，及储能系统一站式整体解决方案。通过构建涵盖电池、电力电子、大规模集成电路、嵌入式系统、算法、机械结构和热力学、人工智能和大数据等多个技术领域和交叉学科的研发能力体系，自主研发了从电芯应用到储能系统集成，从储能整站系统最优控制到储能场站全生命周期智能运维的储能核心技术和关键设备产品。并将这些技术和产品有机结合到一起，全面掌握了储能系统中电芯级－－电池模块级－－电池簇级－－电池系统级－－整站级的设计、智能制造、智慧运维/运营。实现技术、产品、应用的纵向整合，软硬件系统的协同设计和性能优化，确保了从兆瓦级到百兆瓦级的全系列储能系统产品均可高效率、高安全、智能化和长寿命的运行目标。为实现国家2030年“碳达峰”、2060年“碳中和”的战略目标，构建以新能源为主体的新型电力系统已成为重中之重。储能产品在电力系统中的定位主要是利用其快速功率调节和能量存储的性能，在电力系统电源、电网、负荷侧承担不同的角色，发挥不同的作用，进而提升电力系统灵活性、经济性和安全性。智能电网储能系统是实现以新能源为主体的新型电力系统的重要支撑性技术，公司已连续三年位列国内储能系统市场排名第一。公司将持续围绕储能产品和应用对储能产业上下游领域进行探索与长期的布局规划，打造储能全产业链闭环，进一步提升公司对上下游产业的整合能力和产品技术优势，推动新型储能系统的全面市场化发展。,"https://www.zhaopin.com/jobdetail/CC450682910J40756326610.htm?refcode=4019&srccode=401901&preactionid=a7c1140f-c46c-45e5-b867-ab342d8bdc77"
2286,技术支持工程师,上海-黄浦区,1-2万,上海东证期货有限公司,证券/期货,500-999人,未融资,CC218538310J40649362410,岗位职责： 1、负责大宗商品期现贸易系统的市场推广、客户服务，独立开展市场调研，撰写报告； 2、根据公司战略目标，制定并实施软件推广任务； 3、深入了解客户需求，提供定制化解决方案； 4、定期收集市场信息，分析竞争对手状况，为产品改进提供建议； 5、协调内部团队（如技术、客户服务等），确保项目顺利进行； 6、参加行业会议和展会，提升公司和技术品牌知名度。 任职要求： 1、大学本科及以上学历； 2、具备出色的沟通能力和谈判技巧； 3、熟练掌握办公软件（如MS Office套件）； 4、对新兴技术有敏锐的洞察力； 5、良好的团队合作精神和服务意识； 6、能够适应短期出差； 7、1年以上软件推广服务经验，有大宗商品交易系统经验者优先； 8、熟悉大宗商品市场运作机制，了解期货与现货贸易流程及风险管理者优先。,4月14日,"创新点燃激情专业引领未来----------上海东证期货有限公司公司股东：东方证券股份有限公司（以下简称""公司""）东方证券股份有限公司（以下简称公司）是一家经中国证券监督管理委员会批准设立的综合类证券公司，其前身是于1998年3月9日开业的东方证券有限责任公司，总部设在上海，现有注册资本69.94亿元。公司于2015年3月23日成功登陆上交所（600958），2016年7月8日H股成功发行并上市（03958），成为行业内第五家A+H股上市券商。经过20年的发展，公司从一家仅有586名员工、36家营业网点的证券公司，逐渐壮大为一家总资产达2000亿，净资产超过500亿，员工4000余人、在全国76个城市设有153家分支机构，提供证券、期货、资产管理、理财、投行、投资咨询及证券研究等全方位、一站式专业综合金融服务的上市证券金融控股集团。上海东证期货有限公司（以下简称“东证期货”）上海东证期货有限公司成立于2008年，是一家经中国证券监督管理委员会批准的经营期货业务的综合性公司。东证期货是东方证券股份有限公司全资子公司，注册资本金23亿元人民币，员工600余人。公司主要从事商品期货经纪、金融期货经纪、期货投资咨询、资产管理、基金销售等业务，拥有上海期货交易所、大连商品交易所、郑州商品交易所和上海国际能源交易中心会员资格，是中国金融期货交易所全面结算会员。公司拥有东证润和资本管理有限公司，上海东祺投资管理有限公司和东证期货国际（新加坡）私人有限公司三家全资子公司。东证期货以上海为总部所在地，在大连、长沙、北京、上海、郑州、太原、常州、广州、青岛、宁波、深圳、杭州、西安、厦门、成都、东营、天津、哈尔滨、南宁、重庆、苏州、南通、泉州、汕头、沈阳、无锡、济南等地共设有33家营业部，并在北京、上海、广州、深圳多个经济发达地区拥有139个证券IB分支网点，未来东证期货将形成立足上海、辐射全国的经营网络。自成立以来，东证期货秉承稳健经营、创新发展的宗旨，坚持以金融科技助力衍生品发展为主线，通过大数据、云计算、人工智能、区块链等金融科技手段打造研究和技术两大核心竞争力，坚持市场化、国际化、集团化发展方向，朝着建设一流衍生品服务商的目标继续前行。公司网站：http://www.orientfutures.com","https://www.zhaopin.com/jobdetail/CC218538310J40649362410.htm?refcode=4019&srccode=401901&preactionid=a7c1140f-c46c-45e5-b867-ab342d8bdc77"
2287,科研人员,南京-江宁区,2-2.5万·14薪,江苏中圣园科技股份有限公司,"房地产开发,学术/科研,电气机械/电力设备,环保",100-299人,未融资,CC348101510J40790699005,优秀薪资可谈,7月18日,江苏中圣园科技股份有限公司(英文全称 SINOCALCI Corporation)，成立于2002年，总部位于江苏南京，是一家拥有自主知识产权，为燃烧工艺提供整体解决方案，实现工艺性节能环保的高新技术企业。公司提供工程项目可行性研究、技术咨询、设计、设备采购、施工管理和监理、工程总承包、项目管理、技术支持、运营管理为一体的全流程服务。公司关注国内外科技发展前沿和应用动态，牵头起草《环形套筒窑》、《活性石灰窑节能监测通用技术要求》等国家标准，多次获评国家重点新产品、省市科学技术奖、省市自主创新产品。公司拥有新型建材工程设计资质、压力管道设计资质、冶金工程施工总承包资质、建筑机电安装工程专业承包资质，整体通过了ISO9001质量管理体系、ISO14001环境管理体系、OHSAS18000职业安全健康管理体系认证。公司以“还自然绿水青山蓝天”为己任，不断打造新常态下推动可持续发展的靓丽新名片。以多专业系统研发和集成能力为基础，以燃烧无害化处理为核心，通过整合领先的环保产业规划与设计能力、一体化的全过程咨询和工程建设综合能力、数字化智慧化的全生命周期服务能力，提供工业“废气、废液、固废”三废项目的一站式环境治理方案，不断领跑环保行业。公司领先的节能环保型窑炉系统主要包括：环形套筒窑、双膛窑、回转窑等工业煅烧窑，蓄热式焚烧炉、直燃炉、蓄热式催化氧化燃烧炉、废液焚烧炉、固废循环闪速炉等环境治理焚烧炉。公司一贯恪守“在追求与客户、员工、社会的相互和谐中获取成功”的理念，秉承“运用专业技术、满足顾客要求、持续提升品质、加强国际合作”的方针，今年来，公司先后承担了代表国内先进制造水平、供给侧结构性改革方向的方大特钢、瑞丰钢铁、国泰新华、中泰化学、中石化长城能源等一批重大项目的设计和工程建设，累计为钢铁、有色金属、电石化工、石油化工行业近百家知名企业提供了解决方案，并业已成为行业内享有盛誉的企业。公司现因发展需要，面向社会诚聘英才，真诚期待您加入团队，携手共同创造美好未来，公司将提供给您良好的职业发展空间！交通路线：可乘地铁3号线至东南大学九龙湖校区站下，或公交821路至铺岗街南站下车，或乘709/851/838/金秣线路等多辆公交至东南大学东门站下车，沿燕湖路前行至前庄路路口即可,"https://www.zhaopin.com/jobdetail/CC348101510J40790699005.htm?refcode=4019&srccode=401901&preactionid=a7c1140f-c46c-45e5-b867-ab342d8bdc77"
2288,技术支持工程师,扬州-邗江区,5000-8000元,江苏坚进建筑五金有限公司,"金属制品业,建材",20-99人,未融资,CC613973330J40112753505,我们有一个梦想，一定会有一天，你定是我们事业当中不可或缺的中流砥柱；我们有一个梦想，用心努力进步，给大家一份更加璀璨的前程；我们有一个梦想，世界不曾因我们而改变，却因我们变得更加美好。 要求： 1、有事业心，责任心，能担当，充满活力和学习力； 2、年龄20-30周岁之间； 3、男女不限，学历：本科以上统招学历； 4、欢迎有理想的应届毕业生，会PS、CAD制图更好； 5、有耐心，肯吃苦，有敬业精神； 6、“六险一金”及各类津贴等全方位保障。 7、提供行业具有竞争力的工资。 8、配合公司解决线上线下的综合运营解决方案。 职位福利：五险一金、绩效奖金、交通补助、节日福利,12月26日,"江苏坚进建筑五金有限公司成立于2017年3月15日的扬州，历经近8年的发展，公司在建筑配套领域已初具规模，成长为具有综合资源配套优势及技术支撑能力的行业企业之一。公司是一家专业从事建筑五金、建筑密封件、建筑紧固件及智能家居的专业配套产品服务提供商，产品涵盖建筑工程及日常家居的方方面面。公司坚持以“同创共享，聚合多赢，成为建筑配套生态链的顶级行家”的发展理念，全面从事建筑配套产品的研发、生产、销售和技术支持。秉承""优平台，强团队，正操守，实事业；”的企业使命，把“坚”持“进”步，作为企业的座右铭，更把“踏实才能留下痕迹，同心方能走得更远”团队观融入企业的发展与员工队伍的合力建设中。","https://www.zhaopin.com/jobdetail/CC613973330J40112753505.htm?refcode=4019&srccode=401901&preactionid=a7c1140f-c46c-45e5-b867-ab342d8bdc77"
2289,科研人员,北京-海淀区,1-2万,中国科学院过程工程研究所,"学术/科研,医药制造,矿产/采掘,石油/石化",100-299人,未融资,CC134490020J40735666810,中国科学院过程工程研究所 绿色过程与循环经济技术课题组招聘启事 绿色过程与循环经济技术课题组是中科院过程工程研究所资源利用与生态循环领域骨干研究团队，长期致力于绿色过程与循环经济重大理论、关键技术创新以及应用推广研究，形成了以张懿院士为学术指导、李会泉研究员为学术带头人的高水平研发团队，研究领域涵盖工业固废/危废绿色循环利用、城市矿产战略金属精深利用、生态工业/循环经济系统集成、先进智能装备与资环大数据等研究方向，承担多项国家科技项目、大型企业委托攻关等项目，形成了系列具有重要影响的科研成果，已广泛应用于我国过程工业绿色转型、重点区域环境治理与高端新材料产业发展。诚挚欢迎各方才俊加入我们的行列!  根据课题组发展需求，现招聘博士后/特别研究助理/人才派遣人员数名。 一、  招聘方向 工业固/危废高质利用与污染控制：开展冶炼渣、气化渣、磷石膏等复杂难用工业固/危废循环利用与污染控制的基础理论、关键技术及工程示范研究； 能源金属绿色循环与高端再造：开展能源金属原生矿产清洁提取、退役锂电/废弃器件精深分离、再生材料高端制备等基础理论、关键技术与工程示范等研究； 能源金属/工业固废资源环境绩效综合评估：开展大宗工业固废全链条污染控制与规模化利用综合解决方案、大宗工业固废无害化资源化技术清单与标准分析；大宗能源金属资源环境影响评估、退役新能源产品循环过程效益分析等研究； 能源金属绿色循环工艺智能管控：开展锂、铜等能源金属绿色循环过程光学精准检测、工艺设备模拟、智能优化调控等数字孪生与先进控制相关基础理论、关键技术及工程示范研究。 二、应聘要求 要求硕士及以上学历，具有湿法冶金、化学工程、环境工程、材料工程、计算机科学与技术、光学工程、控制科学与工程类等学科专业背景； 身心健康，热爱科研工作，有较强的自律性、独立工作能力和团队合作精神，根据工作安排，可以保证出差； 具备扎实的实验技能，有工程放大与生产实践经验者优先； 具备较强的文字功底，有参与国家、院省、企业等相关项目经验、有项目管理经验者优先。 三、工作待遇 提供富有竞争力的薪酬福利，绩效奖励、技术红利、发展机遇，享受国家规定的五险一金和医疗商业补助保险。提供工会福利、法定假节日、带薪假期等待遇，工作地点在北京或廊坊。 四、应聘方式 请有意者提供个人简历（包括学习/工作经历，研究背景，发表论文，获奖情况等）发送至邮箱，并注明申请的岗位，初审合格后商讨具体面试事宜。  五、联系方式 联系人：关老师 电话： 零1零－八2五4四8三0转六0六 邮箱：***************,5月16日,中国科学院过程工程研究所生化工程国家重点实验室以技术创新为基础，定位于国家能源、资源、环境、医药等重大需求，从实际应用中提炼生化工程基础科学问题，开展理论与实践相结合的应用基础研究，并侧重于突破产业化过程中的技术瓶颈。主要研究内容包括生化反应、生化分离和生化剂型三个过程。实验室有一支优秀的中青年学术带头人组成的科研队伍。现有固定人员76名，其中院士1名，研究员35名，国家基金委杰出青年基金获得者7人、优秀青年基金获得者4人，国家“973项目”首席科学家2名。近五年培养了200多名硕士博士研究生，短期培训了300多名生化工程人才。近5年来，实验室共发表SCI论文810篇;获得国内外授权专利402项(国际专利14项);撰写或合著专业书籍33部;获得国家和省部级奖45项，研究总经费达到4.12亿。专利技术获得转让和实施46次，已有16家企业新增产值183.8亿，利润超过39.9亿。实验室共获国家自然科学二等奖1项，国家技术发明二等奖4项，国家科学技术进步二等奖2项，中国专利金奖1项，中国专利优秀奖3项；国家一级学会和省部级科学技术奖9项，其中一等奖4项/创新奖1项，二等奖4项；国家一级学会图书奖1项；国际合作者Janson教授获中华人民共和国国际科技合作奖。,"https://www.zhaopin.com/jobdetail/CC134490020J40735666810.htm?refcode=4019&srccode=401901&preactionid=a7c1140f-c46c-45e5-b867-ab342d8bdc77"
2290,软件测试,郑州-None,7000-10000元,河南峰之文信息技术有限公司,互联网,20-99人,未融资,CCL1507902550J40784057314,我们正在寻找一位资深的软件测试工程师，负责确保公司软件产品的质量和稳定性。 工作内容： 1. 根据需求文档和设计文档，编写测试用例； 2. 执行测试用例，记录并跟踪缺陷； 3. 与开发团队紧密合作，定位并修复缺陷； 4. 参与软件产品的需求评审和设计评审； 5. 根据测试结果，编写测试报告。 岗位要求： 1. 计算机相关专业本科及以上学历； 2. 3年以上软件测试工作经验； 3. 熟练掌握至少一种主流测试工具； 4. 良好的沟通能力和团队协作精神； 5. 对软件测试有浓厚的兴趣和热情。,7月29日,公司主要做互联网软件技术服务，项目业务成熟，规模三千多平，在职员工近百人，公司福利优厚，人性化管理，良好的晋升空间公司环境不错，有优秀的技术团队，先进的技术管理经验，注重人才培养，交五险一金，公司双休制度。,"https://www.zhaopin.com/jobdetail/CCL1507902550J40784057314.htm?refcode=4019&srccode=401901&preactionid=a7c1140f-c46c-45e5-b867-ab342d8bdc77"
2291,硬件测试,西安-雁塔区,6000-12000元,西安环宇芯微电子有限公司,"IT服务,检测/认证,船舶/航空/航天/火车制造",20-99人,未融资,CC545780230J40928119204,职位介绍： 1、能对微小模块及大功率模块进行编程； 2、能根据测试结果进行失效分析及判定； 3、能搭建测试平台。 职位要求： 1、本科及以上学历，微电子、电子工程、自动化、通信及相关专业； 2、有相关工作经验者优先； 3、熟练运用办公软件； 4、有较强的沟通协调能力； 5、工作严谨，做事稳重，能够严守工作秘密。 福利待遇：五险一金、双休、带薪年假、生日卡、节假日福利、餐补,7月7日,西安环宇芯微电子有限责任有限公司，是一家从事电子元器件、电子部件的检测、环境试验、可靠性试验、筛选、失效分析、破坏性物理分析及相关技术服务的第三方检测机构。公司位于西安市高新技术开发区，荣获国家高新技术企业，拥有40多名多年从事电子元器件专业检测试验的高素质人员，技术力量雄厚，专业优势明显；试验场地2400平方米，从英法德日等国进口的先进实验设备、仪器仪表200余台/套，专业种类齐全。公司于2018年12月19日获批CNAS国家实验室和DILAC国防实验室认可，2019年4月11日通过武器装备质量管理体系认证。,"https://www.zhaopin.com/jobdetail/CC545780230J40928119204.htm?refcode=4019&srccode=401901&preactionid=a7c1140f-c46c-45e5-b867-ab342d8bdc77"
2292,科研人员,惠州-惠阳区,2-2.5万,惠州市绿色能源与新材料研究院,"学术/科研,化工,新能源",20-99人,不需要融资,CCL1365183650J40678873515,惠州市绿色能源与新材料研究院是由惠州市人民政府和大亚湾经济技术开发区管理委员会支持建设的新型研发机构。研究院依托中国科学院过程工程研究所优势力量，形成了一支由院士、杰青、优青、研究员、博士组成的多学科研究队伍，聚焦化石能源与新材料方面的重大科技难题，开展高水平的关键技术、变革性工艺及装备研究，孵化高新企业，推动重大成果转移转化，引领绿色能源与新材料领域前沿。研究院位于惠州市大亚湾区，现面向全国诚聘英才，欢迎各位有志之士加入！ 岗位要求：化学、化工及相关专业博士学历人才；具有离子液体、催化剂、化工材料、工艺优化集成、设备设计放大、有机合成纯化、聚合物制备及评价等研究经验者优先。   岗位职责：负责离子液体、催化剂、化工材料、工艺优化集成、设备设计放大等研究工作。 福利待遇： 1、按照研究院相关规定给予具有当地足够竞争力的福利待遇；   2、享受惠州市和大亚湾区的各项人才政策和福利；   3、享受国家规定的五险一金、法定假节日及带薪假期、年度健康体检、员工宿舍等；  4、参加研究院春秋游、团建等集体活动及工会福利。 职位福利：五险一金、绩效奖金、包住、带薪年假、节日福利、周末双休、交通补助、定期体检   ,7月23日,惠州市绿色能源与新材料研究院是由惠州市人民政府和大亚湾经济技术开发区管理委员会支持建设的新型研发机构。研究院依托中国科学院过程工程研究所优势力量，聚焦化石能源与新材料关键技术方面的重大问题，开展高水平应用基础研究与变革性新技术开发，孵化高新企业，汇聚培养高端人才，实现重大成果转移转化，引领绿色能源与新材料领域前沿。研究院纳入先进能源科学与技术广东省实验室建设体系，研究院位于惠州市大亚湾区，现面向全国诚聘英才，欢迎各位有志之士加入！,"https://www.zhaopin.com/jobdetail/CCL1365183650J40678873515.htm?refcode=4019&srccode=401901&preactionid=a7c1140f-c46c-45e5-b867-ab342d8bdc77"
2293,前端开发,北京-昌平区,200-250元/天,泰康在线,"互联网,电子商务",500-999人,天使轮,CC219857230J40707574401,工作职责,4月11日,泰康在线财产保险股份有限公司成立于 2015年 11月 18日，是首家由国内大型保险企业发起成立的专业互联网财产保险公司。作为泰康保险集团的全资子公司，泰康在线以“保险+科技”、“保险+服务”为主要商业模式，充分融合泰康保险集团现代金融服务元素，专注于互联网保险业务的创新开拓。泰康在线”）成立于 2015年 11月 18日，是首家由国内大型保险企业发起成立的专业互联网财产保险公司。作为泰康保险集团的全资子公司，泰康在线以“保险+科技”、“保险+服务”为主要商业模式，充分融合泰康保险集团现代金融服务元素，专注于互联网保险业务的创新开拓。,"https://www.zhaopin.com/jobdetail/CC219857230J40707574401.htm?refcode=4019&srccode=401901&preactionid=a7c1140f-c46c-45e5-b867-ab342d8bdc77"
2294,科研人员,西安-雁塔区,1-2万,湖南潇湘人力资源服务有限公司,"人力资源服务,培训/辅导服务,房地产中介,计算机硬件",300-499人,B轮,CC419440410J40707380516,博士硕士以及有留学经历的学士引进，需要博士硕士及有留学经历的学士人员参加，加入硕博高层次人才库，有愿意参加地方启*人才、领*人才、泰*人才 、火*人才、招才引智计划、海外优才计划等项目，都可以投递简历，可专职兼职灵活参加各各类**、企业、高校等项目，欢迎国内外博士硕士及有留学经历的学士人才投递简历（（学士报名必须有中留服认证，硕士博士可直接报名），可专兼职参加。 本公司有丰富的博士硕士人才库，有博士硕士项目也可洽谈沟通。,6月30日,湖南潇湘人力资源服务有限公司，系经工商行政管理局批准设立的，具有独立企业法人资格，并经人力资源和社会保障部批准备案，具有合法人力资源服务资质的，专业人力资源服务机构。公司积极响应国家号召，搭建供需平台，畅通就业渠道，充分发挥人力资源机构在促进就业中的积极作用，多渠道扩大就业。公司致力于打造成为立足湖南、覆盖全国的综合性专业人力资源服务供应商，依托于招聘会场和网络平台，为各企事业单位开展现场招聘、网络招聘、报纸招聘、代理招聘、招聘外包、劳务派遣、高级人才猎头和人力资源管理咨询等专业配套服务；为求职个人提供职业咨询、职业指导、职业介绍等就业服务。公司现场招聘平台--湖南招聘市场，于每周六、周日在贺龙体育场东门举办招聘会，欢迎各企事业单位和各类人才通过现场直面交流，我们将以专业、专注的精神，为您招才、择业，提供全面、优质的服务！招聘热线：400-000-7318、0731-83759001/02/03/04/05/06/07/08/09/10招聘会场：贺龙体育场正东门--湖南招聘市场(芙蓉中路、侯家塘北、摩天轮广场上台阶)乘车路线：1：乘105、115、150、159路至“侯家塘北”2：乘101、104、701、702、703、905路、长株潭201路至“侯家塘-芙蓉中路”3：乘旅2、2、4、8、104、123、137、140、145、160、202、314、402、601、803、804、906、908路至“侯家塘西”往芙蓉路至“侯家塘北”详情请访问： http://www.hnzpsc.com,"https://www.zhaopin.com/jobdetail/CC419440410J40707380516.htm?refcode=4019&srccode=401901&preactionid=a7c1140f-c46c-45e5-b867-ab342d8bdc77"
2295,前端开发,南京-雨花台区,5000-10000元,优玛软件,"计算机软件,互联网,IT服务,专业技术服务",500-999人,未融资,CC307634210J40781707002,,2025年07月29日,"南京优玛软件科技有限公司成立于2009年，位于南京市雨花台区软件谷内，是专业从事企事业信息管理、互联网应用、移动应用等领域产品、服务、解决方案的软件企业。公司以高科技产品的研发、技术服务作为自己主攻方向，是一个典型的软件开发公司和生产厂家。优玛坚持走自立创新、稳步发展之路，以创品牌为自己的基本策略，以产品自身的品质、先进的技术和良好的服务取信于用户。目前公司已经拥有20项软件著作权，4项软件产品,2项申报专利，每年以5-8项著作权个数增长。其中优玛大老板进销存Saas系统平台获得2010年南京市优秀产品、2011年高新技术产品。公司坚持创新、信赖、信心，注重观念创新、机制创新、管理创新、技术创新，推出具有自主知识产权的产品来满足市场和用户的需求，开发高质量的产品，帮助客户成长，与客户、员工和合作伙伴结成互动的联盟，维护共同利益，彼此忠诚相待，目前已获得CMMI三级、双软认证、系统集成三级、江苏企业信用贯标、江苏省民营科技企业、高新技术企业、ISO 9001:2008认证、江苏省重点软件企业等多项资质。公司注重人性化发展，有信心促进企业进步，承担社会责任，同时让员工获得幸福。公司营业额连续多年破亿，总人数近600人，2018年在北京成立了分公司。接下来优玛将继续加快前行的步伐，在软件行业深耕细作，以成为行业的领先者为我们的发展愿景。","https://www.zhaopin.com/jobdetail/CC307634210J40781707002.htm?refcode=4019&srccode=401901&preactionid=a7c1140f-c46c-45e5-b867-ab342d8bdc77"
2296,实施工程师,大连-瓦房店市,3000-6000元,西安大唐电信有限公司,"运营商/增值服务,通信/网络设备",100-299人,已上市,CC000163930J40788336003,岗位职责：  1、负责系统集成项目的现场实施及调试工作;   2、负责项目中公司各系统平台相关软硬件设备的安装调试，系统功能的联合调试及现场问题的解决，且须按照公司规范，保证施工质量；   3、按项目经理的要求完成现场工程资料的整理及提交工作；   4、负责工程项目及现场质量、环境、职业健康的相关工作；   5、执行和贯彻公司环境和职业健康安全体系方针与要求等其他工作;   6、完成直接上级安排的临时或其它工作。   任职资格：   1、熟悉通信设备、传输设备、终端设备的安装、调测及维护；   2、熟悉通信网络的测试及维护；   3、大专及以上学历（大专学历需要具备一定的工作经验），具有以上专业或相关类似专业基础；有以上行业工程实施经验者优先考虑；   4、性格开朗，擅于沟通，思维及表达能力较好，责任心强，吃苦耐劳，能适应长期出差，具有一定的自学和适应能力。,7月14日,一流的待遇+机遇=广阔的发展空间西安大唐电信有限公司诚聘西安大唐电信有限公司是中国通信设备制造知名企业，主要从事程控交换、移动通信、数据通信、多媒体通信、光通信等产品的开发、生产和销售。公司设有国家级电信技术研究中心及实验室、西北地区唯一的企业博士后工作站。西安大唐电信有限公司是国内最早研制开发移动通信设备的厂商，拥有中国第一张GSM设备及CDMA设备入网证，近期在中国联通CDMA建设中不断中标。目前公司投入巨资研制第三代移动通信产品。因公司发展需要，现面向社会诚聘以下人才加盟。欢迎访问公司网站：http://www.datang.com,"https://www.zhaopin.com/jobdetail/CC000163930J40788336003.htm?refcode=4019&srccode=401901&preactionid=a7c1140f-c46c-45e5-b867-ab342d8bdc77"
2297,测试工程师,辽源-东丰县,5000-7000元,天阳科技,"计算机软件,计算机软件",1000-9999人,已上市,CC120408370J40824160308,1.全国项目驻场测试，主要负责功能、数据或接口等相关测试工作； 2.统招本科学历及以上（学信网可查）；毕业满2年；计算机专业优先； 3.热爱软件测试行业、有强力的自驱力，能够在测试岗位深入学习研究； 4.有无经验均可，服从公司安排，接受公司培养，可接受异地工作优先； 福利待遇： 上市公司，公司可以提供住宿，提供五险一金； 欢迎符合要求的小伙伴们投递~,7月18日,天阳科技(股票代码：300872)，是全球金融创新服务的重要贡献者，持续赋能中国金融行业数字化转型，为客户提供咨询、金融科技产品、金融IT服务、云计算及运营服务。公司成立于2003年，服务超过300家金融行业客户，覆盖中央银行、政策性银行、国有银行、股份制银行、地方性商业银行、非银行金融机构等，员工人数近7000人，成为激活金融领域创新活力、推动金融科技迈入世界领先水平的重要力量。作为金融行业客户可信赖的合作伙伴，天阳科技凭借丰富的行业经验和端到端的专业服务，在信创、数字化金融、信贷、交易银行、信用卡、零售、营销、风险管理、征信监管等众多领域具备核心竞争力。据赛迪和IDC报告显示，近年来公司在中国银行业IT解决方案市场排名强势崛起，2019年收入及市场占有率综合排名分别位列第四位和第五位，并保持高速增长。同时，前瞻商业和科技趋势，入选2021年度未来银行科技服务商TOP100。天阳科技始终聚焦金融科技领域，加大自主创新力度，在超过100个城市建立本地化、专业化的研发和服务团队，拥有CMMI5级认证、软件测试成熟度模型集成（TMMi）3级认证、ISO9001质量管理体系认证、ISO20000信息技术服务管理体系认证、IS027001信息安全管理体系认证。通过部署人工智能、云计算、大数据、移动互联网、分布式计算和区块链等先进金融科技，公司致力于构建安全可控、普惠民生、开放共赢格局，在关键技术领域服务现代化金融发展大局，更好地为各利益相关方创造更大价值，为大中企业、小微企业以及每个个体提供优质金融服务。,"https://www.zhaopin.com/jobdetail/CC120408370J40824160308.htm?refcode=4019&srccode=401901&preactionid=a7c1140f-c46c-45e5-b867-ab342d8bdc77"
2298,技术支持工程师,烟台-福山区,6000-7000元,青岛青禾人造草坪股份有限公司,"橡胶和塑料制品,贸易/进出口",1000-9999人,,CC319445710J40787910505,岗位职责：  1.负责产品需求管理：a.为销售提供技术支持，客户需求对接，理解客户产品/技术相关需求并对接后端部门。b.参与销售过程，协助进行技术产品类分析、设计等，根据需要陪同拜访客户。c.沟通客户反馈，跨部门协调制定产品解决方案，协助销售团队提升产品/技术专业知识。,7月2日,公司主要从事人造草坪及人造草丝的研发、生产和销售业务，是全球生产和销售规模世界前列的人造草坪企业。公司坚持在环保健康理念的前提下，持续专注于研发和生产高质量、高标准、高性价比的人造草坪和草丝产品。公司始终秉持着“让运动更精彩，让世界更美丽”的理念，在紧跟市场发展潮流的同时通过自身的研发，不断带动行业新业态、新工艺的发展，目前已成为全球人造草坪行业的领跑者之一。作为首家在越南投资设立生产基地并投入使用的中国人造草坪生产商，公司率先利用当地优势，在扩大产能的同时提高了运营效率，进一步引领了行业发展，行业领先地位越发凸显。公司坚持技术领先发展战略，重视产品创新和技术进步等方面的持续发展；通过对行业发展需求的解读以及行业标准的深入学习，公司积极探索新工艺、新产品并将研发成果快速应用至产品交付。公司目前的草丝版型数量达到50余款，绿色系草坪品类高达100余种，不同颜色组合千余种，能够快速应对日益复杂的市场需求。在传统产品的基础上，公司自主研发出了一系列创新性产品，如高度可回收系列产品Bellin-GRE、适用于强光照区域的高性能产品Bellin-Strength、宠物用抗菌高拔出力产品Bellin-Smart、强降水地区使用的高渗水产品Bellin-flowtech等。公司把创造客户满意的品质作为矢志不渝的追求，依靠持续且丰富的产品开发能力，通过长期、广泛的客户服务与优化积累，建立了遍布美洲、欧洲、亚洲、大洋洲、非洲等100多个国家及地区的销售网络，在全球范围建立起了品牌形象。公司是FIFA（国际足联）全球人造草坪的合格供应商，同时也是FIH（国际曲联）认证生产商和ITF（国际网联）产品认证供应商；在国内，公司被评为省级企业技术中心、进入青岛市工业中小企业“隐形冠军”名单，青禾品牌被认定为山东名牌和中国驰名商标。工作地点：烟台市福山区鸿福街92号,"https://www.zhaopin.com/jobdetail/CC319445710J40787910505.htm?refcode=4019&srccode=401901&preactionid=a7c1140f-c46c-45e5-b867-ab342d8bdc77"
2299,技术支持工程师,天津-滨海新区,6000-10000元·14薪,航天泰心科技有限公司,"医疗设备/器械,医疗设备/器械",20-99人,未融资,CC411720980J40534524908,岗位职责 1、 负责临床技术支持工作，解决产品相关技术问题和产品维护； 2、 负责临床方面相关工作，包括临床手术跟台，术前对医学专家进行培训，术后对医护人员进行培训，对患者进行培训等； 3、 负责临床相关数据收集和报告的撰写，收集产品应用过程技术和工艺等方面中出现的问题及不足，参与并配合相关部门对产品进行改进和测试； 4、 负责产品相关动物实验和研究性实验，并设计实验方案、撰写实验报告； 5、 负责产品测试设备的开发，进行体外实验和产品相关测试，撰写专利及研究性论文等。 10、完成上级交办的其他工作。 任职要求 1、 硕士以上学历，生物学、医学、药学、机械、电气、测控等相关理工科专业；  2、熟悉心血管相关知识优先；   3、 学习能力良好，能够独立完成文献检索、总结、撰写等工作；   4、 抗压能力强，能够适应频繁出差；   5、 身体健康无职业禁忌症。      ,2025年07月29日,航天泰心科技有限公司（航天泰心）系由北京精密机电控制设备研究所、天津经济技术开发区国有资产经营公司和长征火箭工业有限公司联合成立，公司注册地点为天津经济技术开发区，北京亦庄经济技术开发区朝林广场设有北京研发中心。航天泰心基于五十多年来航天伺服技术的经验，研发的HeartCon型心室辅助装置采用磁液双悬浮、泵机一体化、系统双冗余的技术方案，具有体积小、质量轻、低溶血、无血栓的特点，体外实验各项指标均达到国内领先、国际先进水平，动物实验“天久”及“三羊开泰”的成功标志着技术状态定型，具备批产能力，目前正在积极申请临床实验资质，希望给数以千万的国内心衰患者提供全流量心室辅助，挽救患者生命、提高生活质量。公司同时正在为早期心衰患者和儿童先天性心衰患者研发微型心室辅助装置，以及与此相关的各类测试实验设备，将为心衰患者及相关医护人员提供术前术后的咨询和培训服务。航天泰心以航天技术、系统工程管理、精密加工制造能力为依托，以国家战略新兴产业发展为支撑，正致力成为国内一流的高端医疗器械产品“产学研医”一体化制造商、服务商。,"https://www.zhaopin.com/jobdetail/CC411720980J40534524908.htm?refcode=4019&srccode=401901&preactionid=a7c1140f-c46c-45e5-b867-ab342d8bdc77"
2300,Java,上海-浦东新区,1.2-2.4万,外企德科数字技术有限公司,专业技术服务,10000人以上,,CCL1480117890J40793558805,职位描述： 参与公司Java相关项目的开发、维护和优化工作；  根据需求文档完成模块设计、编码和单元测试；  协助团队解决技术问题，修复系统缺陷；  学习并应用新技术，持续提升代码质量和开发效率；  编写相关技术文档，配合团队完成项目交付。 任职要求： 本科及以上学历  掌握Java基础语法，熟悉面向对象编程思想；  了解Spring Boot、MyBatis等主流框架；  熟悉MySQL等关系型数据库，掌握基本SQL编写；  了解Git版本控制工具及Maven/Gradle构建工具；  具备良好的学习能力和团队协作精神。 ,2025-07-27 00:25:59,外企德科数字技术有限公司是一家2023年新成立的中外合资企业。成立于2023年11月24日，公司定位：专注于为信息技术企业提供人才及数字技术外包解决方案的中外合资企业。它是由中国人力资源服务行业的FESCO（北京国际人力资本集团）与全球人力资源服务领导者The Adecco Group（德科集团）合资成立的。公司主要提供网络技术服务、软件外包服务、计算机系统服务、技术进出口、软件开发等信息技术相关服务。专注于为信息技术企业提供信息技术类人才及数字技术外包解决方案。,"https://www.zhaopin.com/jobdetail/CCL1480117890J40793558805.htm?refcode=4019&srccode=401901&preactionid=a7c1140f-c46c-45e5-b867-ab342d8bdc77"
2301,软件测试,武汉-江岸区,5000-7000元,天阳科技,"计算机软件,计算机软件",1000-9999人,已上市,CC120408370J40512416408,1.全国项目驻场测试，主要负责功能、数据或接口等相关测试工作； 2.统招本科学历及以上（学信网可查）；毕业满2年；计算机专业优先； 3.热爱软件测试行业、有强力的自驱力，能够在测试岗位深入学习研究； 4.有无经验均可，服从公司安排，接受公司培养，可接受异地工作优先； 福利待遇： 上市公司、公司可提供住宿、定期体检、带薪年假； 欢迎符合要求的小伙伴们投递~,7月18日,天阳科技(股票代码：300872)，是全球金融创新服务的重要贡献者，持续赋能中国金融行业数字化转型，为客户提供咨询、金融科技产品、金融IT服务、云计算及运营服务。公司成立于2003年，服务超过300家金融行业客户，覆盖中央银行、政策性银行、国有银行、股份制银行、地方性商业银行、非银行金融机构等，员工人数近7000人，成为激活金融领域创新活力、推动金融科技迈入世界领先水平的重要力量。作为金融行业客户可信赖的合作伙伴，天阳科技凭借丰富的行业经验和端到端的专业服务，在信创、数字化金融、信贷、交易银行、信用卡、零售、营销、风险管理、征信监管等众多领域具备核心竞争力。据赛迪和IDC报告显示，近年来公司在中国银行业IT解决方案市场排名强势崛起，2019年收入及市场占有率综合排名分别位列第四位和第五位，并保持高速增长。同时，前瞻商业和科技趋势，入选2021年度未来银行科技服务商TOP100。天阳科技始终聚焦金融科技领域，加大自主创新力度，在超过100个城市建立本地化、专业化的研发和服务团队，拥有CMMI5级认证、软件测试成熟度模型集成（TMMi）3级认证、ISO9001质量管理体系认证、ISO20000信息技术服务管理体系认证、IS027001信息安全管理体系认证。通过部署人工智能、云计算、大数据、移动互联网、分布式计算和区块链等先进金融科技，公司致力于构建安全可控、普惠民生、开放共赢格局，在关键技术领域服务现代化金融发展大局，更好地为各利益相关方创造更大价值，为大中企业、小微企业以及每个个体提供优质金融服务。,"https://www.zhaopin.com/jobdetail/CC120408370J40512416408.htm?refcode=4019&srccode=401901&preactionid=a7c1140f-c46c-45e5-b867-ab342d8bdc77"
2302,C/C++,扬州-广陵区,8000-16000元·13薪,扬州万方科技股份有限公司,"学术/科研,计算机软件,计算机硬件,电子/半导体/集成电路",300-499人,未融资,CC415606720J40273687606,1、至少掌握C/C++等一种编程语言开发和MySQL等数据库使用；  2、具有项目开发经验，了解python、shell等脚本语言；  3、熟悉Window/Linux下的socket、IPC、多进程、多线程编程，熟悉计算机网络协议；  4、有较强的责任意识和合作精神，善于学习。  职位福利：五险一金、绩效奖金、带薪年假、节日福利、员工旅游、周末双休、大牛带队  ,7月24日,扬州万方科技股份有限公司主要从事军用自主可控信息化装备、航空航天特种保障车辆、无线通信装备和系统等产品的研发、生产和销售。公司是国家高新技术企业、国家级“专精特新”小巨人企业，在上述专业领域已具备较强的核心技术攻关和创新能力、核心装备和软件研发能力以及系统综合集成能力，主要客户系军工集团总体单位、部队客户等，终端客户包括军委装备发展部、火箭军、空军、陆军、海军以及战略支援部队等各军兵种。公司总部位于江苏省扬州市，在无锡、北京设有研发中心，拥有一支专业高效、经验丰富的研发团队，形成了新老结合、专业配置合理的研发人员队伍，其中研发人员占员工人数的比例近50%，涉及计算机、通信、软件、电子信息、机械等专业。经过多年发展，公司在相关专业领域已具备较强新品研发和综合集成能力。始终以保障国家安全和增强信息化战争能力目标为核心，专注于通信、计算机和服务器、智能车辆等产品的研发和生产，同时开发相关基础软件和定制化应用系统，发展具有核心竞争力的各类关键技术。未来，公司将继续秉承“品质一流、技术领先、持续改进、顾客满意、开拓创新、和谐发展”的发展理念，立足于国防科技工业体系信息化发展的需要，在大力发展智能控制装备、智慧通信装备、智能车辆、软件与云平台开发等业务的基础上，重点开发新一代异构超融合人工智能基础平台。同时不断丰富技术储备，改善研发环境，提高自主创新能力，提高国产平台性能，提高配套软件安全性和易用性，致力于成为国内超融合平台芯片的主要研制单位和供应商，在军工电子和其他特殊行业参与行业标准的制定，加快推动装备现代化发展，为国防现代化事业贡献力量。,"https://www.zhaopin.com/jobdetail/CC415606720J40273687606.htm?refcode=4019&srccode=401901&preactionid=a7c1140f-c46c-45e5-b867-ab342d8bdc77"
2303,前端开发,青岛-黄岛区,110-130元/天,青岛思锐卓远信息技术有限公司,"互联网,IT服务,计算机软件",100-299人,A轮,CCL1242873720J40754345609,1、熟练掌握HTML5和CSS3语法，能够编写语义化的HTML代码和响应式的CSS样式。 2、熟悉CSS布局方式（如Flexbox、Grid等），能够实现复杂的页面布局。 3、了解CSS预处理器（如Sass或Less）的使用方法，能够提高CSS代码的可维护性。 4、熟练掌握JavaScript基础语法，包括变量、数据类型、函数、对象、数组等。 5、理解JavaScript的运行机制，如事件驱动、闭包、原型链等。 6、熟悉ES6及以上版本的新特性，如箭头函数、解构赋值、Promise等。 7、熟悉至少一种主流的前端框架或库，如React、Vue.js或Angular。 8、了解框架的基本原理和组件化开发模式，能够使用框架搭建单页面应用（SPA）。 9、熟悉前端工程化工具，如Webpack、Babel等，能够进行项目构建和打包优化。,7月9日,青岛思锐卓远信息技术有限公司是国家橡胶与轮胎工程技术研究中心（国橡中心）战略孵化的“AI+工业软件”领军企业，以国产化自主可控为根基，将大语言模型与物理机理模型深度融合，构建了覆盖设备、产线、工厂到产业链的四维智能体架构，打造全链条的智能闭环，推动制造业实现从流程数字化向认知自主化的革命性跨越。基于开源技术赋能，具备跨领域适配能力的工业大模型底座，思锐卓远创新研发AI原生工业软件矩阵，已构建起橡胶制品、装备制造、化工新材料等行业，覆盖制造执行（MES），排产（APS），仓储（WMS），物流（TMS），能源（EMS），实验（LIMS），采购（SRM），销售（DMS）八大核心场景的智能体应用体系，打造了“工业大模型底座+工业软件产品矩阵+软硬一体的AI智能体行业解决方案”一站式应用新模式，致力于推动形成数据驱动、软件定义、平台支撑、服务增值、智能主导的新型制造体系，助力制造企业重塑智能时代核心竞争力，支撑企业全球化拓展，思锐卓远已成功服务100余家中国和世界500强企业。公司现有员工300余人，本科及以上学历占95%，拥有技术专利12项，软著89项。公司先后通过ISO20000、ISO27001等体系认证，获得高新技术企业、专精特新中小企业、双软企业、青岛市新经济潜力企业等荣誉资质。,"https://www.zhaopin.com/jobdetail/CCL1242873720J40754345609.htm?refcode=4019&srccode=401901&preactionid=a7c1140f-c46c-45e5-b867-ab342d8bdc77"
2304,实施工程师,绵阳-涪城区,6000-12000元,四川九洲防控科技有限责任公司,电子/半导体/集成电路,100-299人,A轮,CC569121930J40758594501,工作职责： 1、分析、研究、开发智能制造相关技术，如物联网、人工智能、机器人技术等，将其集成到生产系统中，以提高生产力；  2、制定智能制造项目的详细计划，协调设备供应商、软件开发商和内部团队等各方资源；  3、负责生产、物流自动化建设，相关智能装备及工装的导入、升级，提升生产效率及产品质量；  4、配合WMS、ERP、自建产品交付信息化平台等信息化系统建设。,7月24日,四川九洲防控科技有限责任公司，是四川首家专业从事无人机防控系统研发、生产、销售和服务的军民融合企业，具备完善的军工科研生产资质，是国家“专精特新”小巨人企业，高新技术企业、瞪羚企业。公司成立于2017年7月26日，注册资本为4313.63万元。在低空探测、防御以及反无人机等相关领域拥有自主知识产权，是国内多型低空近程防御系统和探测雷达总师单位、是国外某基地“低慢小”目标防控系统集成建设总体单位、国内首家无人机防控系统军贸出口单位。公司已拥有20款军用低空防御系统和产品，以及面向军民融合低空安全市场的2类系统级产品、6个系列13款雷达产品、2类无人机干扰设备和1类无人机侦测设备。针对低空飞行器带来的安全威胁，构建集“目标探测-综合指挥-拦截处置”一体化的低空超低空防御系统，产品广泛应用于要地、重要区域、野战和大型活动安保防御，先后承担了首都地区党和国家重大会议、现场低空防御等重大活动，某战略储备库防御以及成都双流国际机场区域目标探测服务等任务。公司总部位于中国唯一科技城-绵阳，在成都、北京设有分中心，公司现以形成以绵阳为总部、成都、北京分中心为支撑的整体运营格局，以灵活组网、多源信息接入、多源目标数据融合、地图信息集成、辅助决策、智能化指挥等系统优势能力，重点打造军方市场、民用市场、军贸市场等领域细分业务，致力于成为国内一流的低空目标探测设备供应商与区域防御综合解决方案提供商。,"https://www.zhaopin.com/jobdetail/CC569121930J40758594501.htm?refcode=4019&srccode=401901&preactionid=a7c1140f-c46c-45e5-b867-ab342d8bdc77"
2305,实施工程师,芜湖-鸠江区,2000-3000元,广州达健生物科技有限公司,"IVD,医疗设备/器械,IVD,医疗检测",20-99人,A轮,CC366976020J40734179716,该岗位为实习岗位，薪资面议,7月25日,广州达健生物科技有限公司自2009年成立以来，一直专注于癌症早诊和精准诊断产品研发和生产，致力于癌症诊疗全流程应用场景的单癌种、多癌种乃至泛癌种早诊早检产品的研发。目前已完成基于脱落细胞和外周血游离DNA甲基化、基因突变等早期辅助诊断产品的研发，包括膀胱癌、肠癌、甲状腺癌等中国常见的10余癌症，产品技术囊括了荧光定量PCR，数字PCR和液体活检等高灵敏技术。部分产品已经取得或即将取得国家药监局NMPA III类体外诊断试剂注册证，同时有多个产品进入临床试验阶段。公司及其全资子公司安徽达健分别在广州和安徽芜湖建立2个GMP标准厂房，广州联合易检检验实验室和芜湖达健医学检验所两个医学检验所，能提供包括荧光定量PCR、数字PCR、一代测序、二代测序（NGS）等分子诊断平台全方位的分子检测服务。广州达健始终秉承着“达仁济世，健康中国”的理念，希望在癌症的早诊早检、液体活检和预后监测等领域提供最完整的解决方案，保障人民健康。,"https://www.zhaopin.com/jobdetail/CC366976020J40734179716.htm?refcode=4019&srccode=401901&preactionid=a7c1140f-c46c-45e5-b867-ab342d8bdc77"
2306,技术支持工程师,合肥-包河区,5000-10000元,安徽天科智戬科技有限公司,物联网,20-99人,,CCL1491310110J40784052214,岗位职责： 1. 学习并掌握基本的硬件组装技能 2. 负责产品的售前技术支持和售后服务 3. 快速响应客户的技术咨询和问题解决 4. 收集客户反馈，为产品改进提供建议 岗位要求： 1. 大专及以上学历，专业不限，计算机专业优先 2. 应届毕业生优先考虑 3. 具备良好的学习能力和服务意识 4. 有志于在技术支持领域发展，对安防行业感兴趣,7月29日,安徽天科智戬科技有限公司秉承“诚信、创新、安全”的理念，始终致力于为客户创造价值，不断深耕无线安防领域，创新突破无线通信和大数据应用两大核心技术，研发物联感知、低空安全、无线信号管控、大数据应用等系列产品，提供以无线技术为核心的立体防控解决方案，构建全方位立体化的无线安防系统。公司的无线安防系统日趋精密，不断完善立体化全方位的安防布控体系，在极致中寻求突破，将视角从地面延伸到天空。在无人机激增的当下，“黑飞”事件频发，低空安全系统建设迫在眉睫。公司深度洞察用户痛点，开拓多样化的低空安全产品，全方位满足用户需求。无人机侦测、跟踪和反制设备，统一接入低空安全管理平台，实现对公安特勤反恐、治安巡逻、重大安保等场景的安全防护，也可应用于部队、电力、石化等行业，构建起可感、可查、可打、可控的低空安全整体防控系统。以用户为本，以数智为核，以无线技术为支点，不断助力用户维护国家和社会的安全与安定。,"https://www.zhaopin.com/jobdetail/CCL1491310110J40784052214.htm?refcode=4019&srccode=401901&preactionid=a7c1140f-c46c-45e5-b867-ab342d8bdc77"
2307,科研人员,天津-南开区,1.5-2万,天津市天大银泰科技有限公司,"金属制品业,金属制品业",20-99人,未融资,CC145260630J40498202712,招聘力学类博士毕业生，进入企业博士后工作站工作，开展热流固耦合仿真研究工作。招聘材料专业和机电专业类博士毕业生，进入企业博士后工作站工作，开展3D打印研究工作。,4月15日,天津市天大银泰科技有限公司天津市快速成形技术工程中心简介天津市天大银泰科技有限公司成立于2001年，由天津大学内燃机研究所投资创办，是“天津市快速成形技术工程中心”的挂靠单位，入选国家首批技术转移示范机构，并下设企业博士后科研工作站。公司是国家载人航天工程配套科研单位。下设子公司于2010年入选国家级示范生产力促进中心。主要业务：激光3D打印、内燃机工作过程及节能减排技术研究开发、液压及光机产品节能技术开发、强度和流场计算、CAD/CFD/CAE/CAM技术集成及产品优化设计、技术转移及工业设计。油井密封装置、超高压液压泵、和气液复合液压缸是我公司开发的具有多项专利和自主知识产权的高新技术产品。公司成立以来，技术服务范围辐射国内25个省市的近千家企业，获天津市科技进步一等奖1项，三等奖3项，专利18项。2011年荣获中国工业设计协会和天津滨海新区政府颁发的“最具设计创新能力奖”。公司在天津华苑产业园区和滨海新区塘沽各有一处办公地址。目前，公司正在天津参与筹建“滨海国际工业设计园”和创客空间。,"https://www.zhaopin.com/jobdetail/CC145260630J40498202712.htm?refcode=4019&srccode=401901&preactionid=a7c1140f-c46c-45e5-b867-ab342d8bdc77"
2308,科研人员,深圳-光明区,4-5万,深圳理工大学,学校/学历教育,500-999人,,CCL1317818340J40726724010,1.需求人数：150人 2.学历要求：博士 3.专业要求：覆盖生命健康、药学、计算机、合成生物等多学院相关专业 4.岗位职责：开展科研、申请项目、指导学生、完成交办工作 5.任职要求：博士学位3年内，35岁以下，具备较高的学术水平和较强的科研能力。 6.福利待遇：最高可达60w/年（含深圳市补贴及五险一金），享绩效奖励；优良科研环境，可申请市区科研资助，出站优秀可申请校内教师岗；提供国家级重点实验室等大型科研设备；人才住房优惠、子女入学、医疗保障、落户随迁。,3月17日,中国科学院深圳理工大学（简称“中科院深理工”）是由中国科学院与深圳市人民政府合作，依托中国科学院深圳先进技术研究院建设的独立设置的全日制高校，目标建设成为世界一流、“小而精”的研究型大学。中科院深理工将打造科教融合、产教融合、粤港澳合作及国际化办学、体制机制创新四大特色。在科教融合方面，坚持立德树人，以人才培养为根本任务，坚持以学生成长为中心，遵循教育规律和人才成长规律，创新教育教学方法，探索培养拔尖创新人才的模式，建立学院、书院、研究院“三院一体”的人才培养体系。在产教融合方面，中科院深理工将延续先进院的科技创新发展路径，通过加强创客学院建设，提倡创新创业精神，提供高质量创业氛围，培育学生的创业基因和能力。在国际化方面，学校将面向国内外引进高水平、国际化的教师队伍，提升国际化教学水平。将英文纳入工作语言，专业类课程计划全英文授课，计划三分之一至四分之一教授为外籍，三分之一至四分之一学生为外籍。在体制机制创新方面，中科院深理工将积极引进社会资本参与办学，并在坚持党领导的前提下，计划实行以理事会为核心的法人治理结构。中科院深理工旨在为粤港澳大湾区、为国际培养立志于科研的未来科学家学术前沿的科研领军者、立志于创新创业的未来企业家未来产业的创造者和引领者以及高科技产业的未来技术精英未来高科技行业的技术骨干和引领者。,"https://www.zhaopin.com/jobdetail/CCL1317818340J40726724010.htm?refcode=4019&srccode=401901&preactionid=a7c1140f-c46c-45e5-b867-ab342d8bdc77"
2309,Java,西安-雁塔区,1.5-3万·14薪,外企德科数字技术有限公司,专业技术服务,10000人以上,,CCL1480117890J40792251605,软件开发工程师 1.学信网可查的本科以上学历，计算机相关专业优先 2.掌握C/C++/Java/Python等其中一种或多种编程语言，熟悉Linux环境下相关开发。 3.对基本数据结构和算法有一定了解，喜欢动手实践。 4.具备良好的问题解决能力，乐于团队写作，热衷新技术，善于总结和分享。 5.有容器领域、分布式系统、Linux内核、数据库引擎开发经验者优先。 6.经验不限，年限越高能力越高薪资越高 7.入职后有培训带教贯穿试用期，试用期不打折 8.五险一金全额缴纳，商业保险。 9.有班车,2025-07-27 00:25:54,外企德科数字技术有限公司是一家2023年新成立的中外合资企业。成立于2023年11月24日，公司定位：专注于为信息技术企业提供人才及数字技术外包解决方案的中外合资企业。它是由中国人力资源服务行业的FESCO（北京国际人力资本集团）与全球人力资源服务领导者The Adecco Group（德科集团）合资成立的。公司主要提供网络技术服务、软件外包服务、计算机系统服务、技术进出口、软件开发等信息技术相关服务。专注于为信息技术企业提供信息技术类人才及数字技术外包解决方案。,"https://www.zhaopin.com/jobdetail/CCL1480117890J40792251605.htm?refcode=4019&srccode=401901&preactionid=a7c1140f-c46c-45e5-b867-ab342d8bdc77"
2310,科研人员,成都-金牛区,1-2万,深圳市永达电子信息股份有限公司,"计算机软件,互联网",100-299人,未融资,CC602497920J40231892001,1、相关专业方向 （1）数学及应用数学方向类 应用数学、可计算理论方向（具备计算机基础知识）领域，包括但不限于以下方向： 调和分析/代数几何/代数拓扑/汉密尔顿动力系统/非线性偏微分方程/微分几何/数学物理； 运筹与优化/可计算理论/数学建模/生物数学/离散几何与图像处理/符号计算/密码与通讯； 随机分析/随机微分（偏微分）方程/极限理论/大偏差理论/应用概率论/统计理论与方法/时间序列/贝叶斯统计/计算统计。 （2）计算机应用类 大数据分析与人工智能领域，包括但不限于以下方向： 数据科学、统计学、计算机科学、信息科学或其他大数据基础理论、分析与挖掘方法 、计算系统与应用等相关专业； 高性能计算机系统、计算机系统结构、嵌入式系统等； 演化计算，非单调推理理论、受控自然语言人机对话等。 （3）无线通信类 无线传感网络、移动通信领域，包括但不限于以下方向： 电磁场与电磁波、微波技术、通信与信息系统、信号与信息处理、无线通信、雷达技术、多维统一信号技术、分布式多维信号协同进化技术、阵列信号处理、毫米波阵列天线、5G高频电路、5G射频无线系统   2、岗位要求 （1）获得硕士/博士学位； （2）本专业各项基础知识扎实，具有较强的文档撰写功底，有论文或专利发表经历者优先； （3）具有较强的科研实验和实践动手能力，参与过相关科研课题的研究开发； （4）善于沟通，具有团队协作精神； （5）优先考虑：参与过相关产品研发，或者熟悉铁路运输系统场景。   3、工作职责 （1）领域相关专业方向前沿进展跟踪、科研与实验相关工作； （2）领域相关技术与理论体系的提炼与总结、发掘与拓展，并进行方案规划； （3）相关领域技术攻关、产品转化及应用研究，撰写相关的技术解决方案、形成相关专利文件等； （4）撰写相关研究报告、论文、专著、教材等； （5）相应专业基础课程教学工作、内部人员的指导和培训工作。 （6）完成领导安排的各项其他任务。 职位福利：五险一金、绩效奖金、定期体检、周末双休   ,3月14日,深圳市永达电子信息股份有限公司（简称永达电子）成立于 2001年，是一家国有控股的国家高新科技企业。总部设于深圳，在北京、上海、成都、郑州、哈尔滨等地均设有分支机构。永达电子长期致力于先进计算体系架构与先进计算方法的创新性技术与产品研究，是全球最早（2002年）研究倡导与实践软件定义计算（包含SDN）的国家级高新技术企业。公司以“先进计算+通信”为技术支撑，构建大安全蓝图，服务于“网络空间安全”、“轨道交通安全”、“城市智慧交通”等领域，努力成为国家在智能制造方向的战略科技力量。目前公司与IBM、HP、Intel、GE以及国内中科院等科研院所，中国铁路总公司、城市地铁集团公司等均有战略合作，业务覆盖全国23个省、5个自治区、4个直辖市，同时公司是城市轨道交通系统安全保障技术国家工程实验室的主要承建单位之一。研发中心地址：南山区科技园北区高新中二道软件园二期14栋如果您想了解更多公司信息，请关注公司微信公众号或官网。公司网址：http://www.s-ec.com,"https://www.zhaopin.com/jobdetail/CC602497920J40231892001.htm?refcode=4019&srccode=401901&preactionid=a7c1140f-c46c-45e5-b867-ab342d8bdc77"
2311,实施工程师,北京-朝阳区,8000-10000元·13薪,北京深景量光科技有限公司,专业技术服务,20-99人,,CCL1389815490J40768286907,"岗位职责： 1、完成市场推广、技术讲解、样机演示、讲座等售前、售后应用支持工作； 2、充分了解竞争对手产品，制定产品销售策略； 3、测试第三方产品与公司所负责产品，配合开发新的应用方向； 4、搜索文献，更新产品销售资料，发表公众号文章。 职位要求： 1、40岁以下，统招硕士及以上学历，生物学相关专业； 2、有一定的销售意识，可以根据产品制定销售策略，配合销售部完成销售目标； 3、3年以上科研产品的技术支持工作经验，并有一定公号写作推广的能力； 4、性格开朗,具备较好的沟通能力、团队精神及责任感，善于换位思考，逻辑清晰，目标感明确，做事坚持不懈、持之以恒，能够独立思考靠解决问题，先公后私。 5、英语听说读写均熟练，能熟练使用科研分析软 我们的优势： 1、优越的办公环境，人性化的管理模式，注重人才的培养，平等、尊重、接纳、包容的工作氛围； 2、完善的培训制度，高效快速提升员工技能； 3、公司提供良好的平台以及发展空间。 福利待遇：餐补，全勤奖、绩效奖金、年终奖、五险一金、优秀员工奖。",6月25日,,"https://www.zhaopin.com/jobdetail/CCL1389815490J40768286907.htm?refcode=4019&srccode=401901&preactionid=a7c1140f-c46c-45e5-b867-ab342d8bdc77"
2312,Java,南昌-红谷滩区,5000-8000元,江西尔鸿网络科技有限公司,互联网,20-99人,未融资,CCL1307781140J40711882005,岗位内容： 1. 负责Java应用程序的设计与开发，包括需求分析、系统设计、编码和测试等环节。 2. 研究新技术，不断提升开发效率和程序性能。 3. 改进现有系统、优化系统资源，提高系统稳定性和可靠性。 4. 参与团队内部培训、交流与分享会议，促进整个团队技术水平的提升。 任职要求： 1. 熟悉Java语言，熟练掌握Spring框架及相关开源技术。 2. 具备扎实的计算机基础，熟悉数据结构、算法和网络编程等知识点。 3. 具备初步的Web开发经验，熟悉HTML、CSS、JavaScript等前端技术。 4. 具有较强的自学能力、问题解决能力和团队协作能力。  5.我们接受优秀应届生,6月12日,网络技术服务，计算机软硬件及外围设备制造，技术服务、技术开发、技术咨询、技术交流、技术转让、技术推广，信息系统集成服务，办公设备耗材销售，电子产品销售，通讯设备销售，办公服务，信息咨询服务（不含许可类信息咨询服务），财务咨询（除许可业务外，可自主依法经营法律法规非禁止或限制的项目）,"https://www.zhaopin.com/jobdetail/CCL1307781140J40711882005.htm?refcode=4019&srccode=401901&preactionid=a7c1140f-c46c-45e5-b867-ab342d8bdc77"
2313,Java,苏州-虎丘区,1.5-3万·14薪,外企德科数字技术有限公司,专业技术服务,10000人以上,,CCL1480117890J40794010905,岗位优势： 1、导师制培训机制，新人入职至少半年以上会有导师一对一辅导开展工作和学习。 2、部门：ICT（公开、光、计算、无线、数存等）、云、2012（中硬、中软、中媒）、消费者BG、BPIT、上海海思、Carbu（智能汽车）、数字能源等 3、主要地点： 十大研究所（北京、上海、东莞、深圳、杭州、南京、苏州、武汉、西安、成都） 三大办事处（广州、长沙、济南） 基本要求： 1、熟悉掌握C/C++/python/JAVA/go/JS等语言开发； 2、熟悉一种以上脚本语言，shell、python等； 3、掌握常用的数据结构、数据算法； 4、良好的表达能力，钻研精神、注重团队协作。 公司福利： 1、入职缴纳五险一金+商业险，全额缴纳社保公积金，试用期薪资全额发放不打折。 2、上下班班车接送 3、良好的团队氛围、首屈一指的技术大拿带教，成长性max 4、过节福利优厚，包括但不限于（过节费、节日礼盒、年终奖、福利活动、部门定期团建等）,2025-07-27 00:26:01,外企德科数字技术有限公司是一家2023年新成立的中外合资企业。成立于2023年11月24日，公司定位：专注于为信息技术企业提供人才及数字技术外包解决方案的中外合资企业。它是由中国人力资源服务行业的FESCO（北京国际人力资本集团）与全球人力资源服务领导者The Adecco Group（德科集团）合资成立的。公司主要提供网络技术服务、软件外包服务、计算机系统服务、技术进出口、软件开发等信息技术相关服务。专注于为信息技术企业提供信息技术类人才及数字技术外包解决方案。,"https://www.zhaopin.com/jobdetail/CCL1480117890J40794010905.htm?refcode=4019&srccode=401901&preactionid=a7c1140f-c46c-45e5-b867-ab342d8bdc77"
2314,实施工程师,西安-未央区,9000-18000元,青岛安然物联网科技有限公司,"物联网,物联网",20-99人,未融资,CC559764920J40822383904,需要弱电技术、自动化、安防系统、工业互联网+危化安全生产、物联网人才，不要纯软件人才。  你能经常到全国各地出差吗？你能到工业生产现场生产现场做技术支持吗？   真正的奋斗者在安然会有让人值得为之奋斗的事业，会有充实、高效的成长，会有高人一等的收入。   你能做好售前技术支持、根据客户需求，高效制作方案吗？你能做好售中技术支持、指导他人正确安装、部署、调试系统向用户保质保量快速交付吗？你能做好售后维护，高效沟通和落实客户需求吗？   迄今已服务中石化、中石油、延长石油、国能、兖矿、京能、索普、新安、奇美、昊源、潞安、旭阳、垦利、逸盛、海科、酒钢、金发等几百家石化、化工、选煤、钢铁、电厂企业。    安然以客户为中心，以强者为本，抬头乐干，愿意与同道中人联合、链接，携手共建、共用、共享生产安全命运共同体，一起干，一起干，让优秀企业更安全，让优秀企业更高效！,2月12日,基于精准人员定位的工业安全生产信息化管理专家，安全生产信息化管理引领者！作为全国实时定位技术标准工作组成员和应急管理部“工业互联网+危化安全生产”人员定位系统技术支持机构，安然从2012年起致力于基于ZigBee Plus三维立体按需精准定位的“工业互联网+安全生产”的研究，获得了20多项安全智能管控系统发明专利和著作权，持续引领中国化工行业生产现场智慧安全！安然以“准、稳、狠”的ZigBee Plus三维立体按需精准人员定位统和“底数清、数据准、情况明、研判准、措施实”的安全生产信息化平台为核心，整合访客管理、出入口控制、人脸识别、视频监控、语音广播、重大危险源监控、可燃有毒气体监测等系统，对生产现场人、机、料、法、环五大要素进行实时、动态、智能管控和预警，规范人的安全行为，保障人的生命安全，有效防范风险、主动化解风险，实现智慧安全。安然“以用为本”，把安全生产信息化建设与公司管理体系“深度融合”，把安全生产信息化建设与日常工作“紧密结合”，对安全生产切实“有用、实用、好用”，避免建用“两张皮”，让安全管控更智能，让生产更高效才实用。迄今已服务中石化、中石油、延长石油、国能、兖矿、京能、索普、新安、奇美、昊源、潞安、旭阳、垦利、逸盛、海科、酒钢、金发等几百家石化、化工、选煤、钢铁、电厂企业。安然以客户为中心，以强者为本，抬头乐干，愿意与同道中人联合、链接，携手共建、共用、共享生产安全命运共同体，一起干，一起干，让优秀企业更安全，让优秀企业更高效！,"https://www.zhaopin.com/jobdetail/CC559764920J40822383904.htm?refcode=4019&srccode=401901&preactionid=a7c1140f-c46c-45e5-b867-ab342d8bdc77"
2315,硬件测试,成都-成华区,9000-13000元,重庆科满福人力资源服务有限公司,企业服务,20-99人,,CCL1487604860J40929174104,【岗位职责】 ： 1、进行新产品研发阶段的测试工作 2、完成新产品的功能测试、可靠性测试、环境测 试、安全测试等技术工作 3、制定测试计划，设计测试用例，分析测试数 据，编制测试报告 4、为其他部门提供技术支持，与其他部门的产品 联合测试工作,7月7日,,"https://www.zhaopin.com/jobdetail/CCL1487604860J40929174104.htm?refcode=4019&srccode=401901&preactionid=a7c1140f-c46c-45e5-b867-ab342d8bdc77"
2316,硬件测试,郑州-中原区,6000-10000元,重庆科满福人力资源服务有限公司,企业服务,20-99人,,CCL1487604860J40925296204,【岗位职责】 ： 1、进行新产品研发阶段的测试工作 2、完成新产品的功能测试、可靠性测试、环境测 试、安全测试等技术工作 3、制定测试计划，设计测试用例，分析测试数 据，编制测试报告 4、为其他部门提供技术支持，与其他部门的产品 联合测试工作 ,6月29日,,"https://www.zhaopin.com/jobdetail/CCL1487604860J40925296204.htm?refcode=4019&srccode=401901&preactionid=a7c1140f-c46c-45e5-b867-ab342d8bdc77"
2317,C/C++,北京-昌平区,7000-14000元·13薪,江门市云争科技有限公司,"计算机软件,通信/网络设备,网络/信息安全,人工智能",20-99人,未融资,CCL1250629170J40780502605,Linux C/C++软件开发工程师 岗位内容： 1. 设计、开发和维护高质量的C/C++应用程序； 2. 根据产品需求，实现并优化核心功能模块； 3. 协助测试人员进行测试，并快速解决相关问题； 4. 了解业内前沿技术和趋势，提出新的技术解决方案。 任职要求： 1. 熟悉C/C++编程语言，具备扎实的编程基础； 2. 掌握TCP/IP等网络基础知识； 3. 具有良好的算法和数据结构基础； 4. 有Linux编程经验； 5. 熟练使用常见的开发调试工具，如CLion、VS等； 6. 具备较强的沟通协调能力和团队合作精神； 7. 对新兴技术有浓厚兴趣，乐于接受挑战和新技能的学习。,5月29日,江门市云争科技有限公司是一家专注于前沿技术研发与创新应用的高科技企业，致力于推动通信与网络技术的持续创新。公司始终秉承“技术引领未来”的理念，深耕于高效、智能的网络方案及创新产品的研发，凭借着卓越的技术实力与创新精神，云争科技正在成为业界的领导者。作为一家年轻且充满活力的高新技术企业，我们的团队成员平均年龄不到30岁，拥有广阔的视野与前沿的创新理念，致力于突破技术的边界与探索新的可能性。公司位于江门市蓬江区万达广场28楼，这是江门市最具现代化设施和极致办公环境的甲级写字楼，营造出一个既高效又充满创意的工作氛围。我们的办公空间不仅是工作场所，更是集思广益、促进协作和创新的平台。云争科技的核心业务包括但不限于： HoloWAN网络仿真：我们研发并提供国际领先的广域网仿真方案，能够为客户提供精准的网络损伤环境模拟。 AnaTraf网络流量分析：专注于网络流量分析与优化，提供全面的流量监测和故障排查工具，帮助客户提升网络稳定性和效率。在这里，您将有机会与行业顶尖的技术专家合作，共同解决当前最具挑战性的技术难题，推动创新技术的落地与应用。加入云争科技，您将成为改变未来的一份子，和我们一起探索更广阔的技术天地，成就自己，成就未来。,"https://www.zhaopin.com/jobdetail/CCL1250629170J40780502605.htm?refcode=4019&srccode=401901&preactionid=a7c1140f-c46c-45e5-b867-ab342d8bdc77"
2318,实施工程师,合肥-蜀山区,120-170元/天,安徽容知日新科技股份有限公司,"IT服务,物联网,计算机软件",500-999人,已上市,CC338411920J40760721211,岗位职责：  1、负责响应客户需求，完成技术支持和运维工作；  2、负责行业数据离线拷贝，及时上传；  3、熟悉IT项目相关信息，协助完成相关协调沟通；  4、负责公司软件的部署升级；  5、负责客户现场服务器巡检以及软件配置类巡检。  任职要求：  1、2026届在校生，电子/计算机/通信相关专业优先；  2、熟悉操作系统的安装包括windows，linux；  3、熟悉相关数据数据库安装维护及相关sql使用，比如postgresql、达梦、sqlserver、mysql；  4、熟悉计算机网络原理；  5、了解服务器硬件相关的一些知识，有一定的排查能力；  6、熟悉Shell或Python脚本语言，具备单独编写脚本的能力优先；,7月22日,容知日新成立于2007年，是一家人工智能驱动的工业服务企业，致力于为客户提供全球领先的设备智能运维解决方案和订阅式服务。容知日新始终坚持以科技创新引领产业创新，将前沿的人工智能技术与真实的行业应用相结合，已完成传感器核心元器件、无线传感器系统、边缘智能、工业大数据、智能算法以及工业互联网平台的完整技术布局，形成了1+N+X场景化智能运维解决方案、PHMGPT行业大模型等多样化产品体系，以新质生产力赋能工业企业高质量发展。针对工业企业设备管理数智化转型中的难点和痛点，容知日新打造了国家级特色专业型工业互联网平台——容知日新灵芝SuperCare设备智能运维平台，成功应用于风电、石化、冶金、煤炭、水泥等十多个行业，已链接风力发电机、皮带机、压缩机、轧机、磨机、提升机以及各类机泵等关键设备超15万台套，形成设备故障闭环案例2万多个，积极推动设备智能运维行业变革。作为中国设备智能运维领域的领军企业，容知日新已在上交所科创板上市，市场领先并深受客户与合作伙伴好评，业务也已覆盖欧洲、南美洲、北美洲、东南亚等地区。公司先后荣获国家级智能制造试点示范、国家级服务型制造示范企业、国家级制造业与互联网融合发展试点示范、国家级大数据产业发展试点示范、国家级专精特新“小巨人”、国家级工业互联网试点示范等荣誉。未来，容知日新将继续深耕设备智能运维领域，以工业大数据为基础，以人工智能为动能、以生态共建为方向，为客户提供全球领先的产品和服务，拥抱工业新时代！,"https://www.zhaopin.com/jobdetail/CC338411920J40760721211.htm?refcode=4019&srccode=401901&preactionid=a7c1140f-c46c-45e5-b867-ab342d8bdc77"
2319,测试工程师,晋城-城区,5000-7000元,天阳科技,"计算机软件,计算机软件",1000-9999人,已上市,CC120408370J40824008908,1.全国项目驻场测试，主要负责功能、数据或接口等相关测试工作； 2.统招本科学历及以上（学信网可查）；毕业满2年；计算机专业优先； 3.热爱软件测试行业、有强力的自驱力，能够在测试岗位深入学习研究； 4.有无经验均可，服从公司安排，接受公司培养，可接受异地工作优先； 福利待遇： 上市公司，公司可以提供住宿，提供五险一金； 欢迎符合要求的小伙伴们投递~,7月25日,天阳科技(股票代码：300872)，是全球金融创新服务的重要贡献者，持续赋能中国金融行业数字化转型，为客户提供咨询、金融科技产品、金融IT服务、云计算及运营服务。公司成立于2003年，服务超过300家金融行业客户，覆盖中央银行、政策性银行、国有银行、股份制银行、地方性商业银行、非银行金融机构等，员工人数近7000人，成为激活金融领域创新活力、推动金融科技迈入世界领先水平的重要力量。作为金融行业客户可信赖的合作伙伴，天阳科技凭借丰富的行业经验和端到端的专业服务，在信创、数字化金融、信贷、交易银行、信用卡、零售、营销、风险管理、征信监管等众多领域具备核心竞争力。据赛迪和IDC报告显示，近年来公司在中国银行业IT解决方案市场排名强势崛起，2019年收入及市场占有率综合排名分别位列第四位和第五位，并保持高速增长。同时，前瞻商业和科技趋势，入选2021年度未来银行科技服务商TOP100。天阳科技始终聚焦金融科技领域，加大自主创新力度，在超过100个城市建立本地化、专业化的研发和服务团队，拥有CMMI5级认证、软件测试成熟度模型集成（TMMi）3级认证、ISO9001质量管理体系认证、ISO20000信息技术服务管理体系认证、IS027001信息安全管理体系认证。通过部署人工智能、云计算、大数据、移动互联网、分布式计算和区块链等先进金融科技，公司致力于构建安全可控、普惠民生、开放共赢格局，在关键技术领域服务现代化金融发展大局，更好地为各利益相关方创造更大价值，为大中企业、小微企业以及每个个体提供优质金融服务。,"https://www.zhaopin.com/jobdetail/CC120408370J40824008908.htm?refcode=4019&srccode=401901&preactionid=a7c1140f-c46c-45e5-b867-ab342d8bdc77"
2320,测试工程师,郑州-金水区,6000-8000元,郑州竹荔电子科技有限公司,互联网,20-99人,未融资,CCL1491313560J40756991301,岗位内容： 1. 设计并执行基于移动应用的测试计划和用例 2. 识别和记录软件问题，并跟踪它们的解决方案 3.分析测试结果和生成测试报告 4.发现和反馈产品功能、性能和用户体验等方面的问题 任职要求： 1. 大专及以上学历，可稳定发展。 2. 熟悉至少一种主流移动平台（如iOS或Android） 3. 熟悉测试工具，测试流程和测试框架 4. 具有良好的沟通和团队合作技巧 5. 掌握常用的测试工具和技术。 双休，9点～18点，薪资可面谈。,7月19日,本公司是一家集电子商务和互联网科技创新发展的朝阳企业。主营业务：软件技术，电子科技，软件开发，餐饮系统，物流系统，管理系统，金融系统等等。以技术，服务为立业之本，助推企业实现“互联网+”时代的快速发展。,"https://www.zhaopin.com/jobdetail/CCL1491313560J40756991301.htm?refcode=4019&srccode=401901&preactionid=a7c1140f-c46c-45e5-b867-ab342d8bdc77"
2321,技术支持工程师,大连-甘井子区,6000-9000元,锘尔机械设备工程服务(大连)有限公司,"工程技术与设计服务,电气机械/电力设备",20-99人,不需要融资,CC855385470J00219716312,技能要求：  实施 岗位职责：,12月12日,“亨金佳海洋工程有限公司”成立于 2015年 8月 14日，注册地香港，经营范围是船用设备和海洋工程设备。公司和各大石油公司和部分中国船厂，有着良好的合作关系。目前，公司正大力发展风电安装和运维业务，着手引进国外先进的深水风电技术，目标成为国内最早发展深水风电的公司，成为行业的引领着。风能是清洁的可再生能源，风力发电是新能源领域中技术最成熟、最具规模化开发条件和商业化发展前景的发电方式之一。我国风电发展，已从试验性阶段过渡为大规模商业化开发阶段，2000年以来，国为大力推进风电发展，确立了以项目带动产业、以产业推动规模的发展思路，推动了风电的大规模发展。“亨金佳海洋工程有限公司”将在未来几年，继续发展海洋工程深水技术，争取走在世界前列，成为行业的佼佼者。,"https://www.zhaopin.com/jobdetail/CC855385470J00219716312.htm?refcode=4019&srccode=401901&preactionid=a7c1140f-c46c-45e5-b867-ab342d8bdc77"
2322,实施工程师,郑州-金水区,4000-8000元,安图生物,"医药制造,医疗设备/器械",1000-9999人,已上市,CC224773320J40304664905,岗位职责: 1、负责公司试剂&仪器产品的技术支持服务工作； 2、负责相关产品设备（如：免疫、微生物、生化、分子、流水线）的安装、调试、培训等服务工作； 3、进行检验科室实验操作及产品推广工作； 4、上级交办的其他工作。   任职要求: 1、本科及以上学历； 2、医学检验、生物医学工程、医疗器械工程、生物技术等相关专业； 3、普通话标准，沟通能力强，适应常驻河南区域及出差工作； 4、有相关工作或实习经验者优先考虑。 职位福利：五险一金、绩效奖金、加班补助、包吃、交通补助、带薪年假、定期体检、免费班车  ,11月11日,安图生物初创于1998年，专注于体外诊断试剂和仪器的研发、制造、整合及服务，产品涵盖免疫诊断、微生物检测、生化诊断等检测领域，能够为医学实验室提供全面的产品解决方案和整体服务。安图生物建有国家认定企业技术中心、免疫检测自动化国家地方联合工程实验室、河南省免疫诊断试剂工程技术研究中心等，承担了多项国家省市重大科技项目，其中包括“863计划”两个项目。安图生物秉持“致力于医学实验室技术的普及和提高，为人类健康服务”的企业宗旨，努力为医学实验室提供性能价格比、品质价格比更优的产品与服务。安图生物高度重视产品研发及技术创新，是业内注册文号最多、产品线最全面的企业之一。安图生物以“用户至上，创造价值”为服务理念，超过600名客服工程师队伍为全国各地用户提供专业、及时、周到的技术服务。在为用户提供产品技术服务的同时，为医学实验室提供室内质量控制服务及合作共建和集采服务。安图生物共有千余家经销商，基本形成了覆盖全国的营销网络。在国际营销方面，公司产品已销售至欧洲、亚洲、中东、南美、非洲等多个国家和地区。2016年9月1日，郑州安图生物工程股份有限公司在上海证券交易所挂牌上市（股票简称：安图生物，股票代码：603658）。,"https://www.zhaopin.com/jobdetail/CC224773320J40304664905.htm?refcode=4019&srccode=401901&preactionid=a7c1140f-c46c-45e5-b867-ab342d8bdc77"
2323,技术支持工程师,廊坊-None,6000-8000元·14薪,北京世维通光智能科技有限公司,仪器仪表制造,20-99人,未融资,CC446572230J40794610712,职位描述：,7月15日,世维通光智能公司成立于2016年10月，是一家专注于各类传感器产品研发、生产和销售的国家高新技术企业，世维通光智能公司具备行业内最完整的光纤电流传感器产品链：（1）芯片-自主知识产权的铌酸锂调制器芯片及铟镓砷探测器接收芯片；（2）器件-光纤电流传感器三大核心器件：光发射组件、光学相位调制器、光电探测器组件；（3）模块-为客户量身定制的光路模块、采集模块、传感环模块、温度采集模块，合并插件；（4）传感器及测量装置-交流传感器，直流传感器，计量用柔性传感器，光纤宽带电流测量仪，液位传感器，Y波导自动测试系统。,"https://www.zhaopin.com/jobdetail/CC446572230J40794610712.htm?refcode=4019&srccode=401901&preactionid=a7c1140f-c46c-45e5-b867-ab342d8bdc77"
2324,实施工程师,太原-杏花岭区,4000-6000元,四川国软科技集团有限公司,"IT服务,计算机软件,通信/网络设备,电子/半导体/集成电路",100-299人,未融资,CC219030910J40677013406,"岗位职责： 1.负责计算机软硬件的日常维护及管理，网络及其设备的维护、管理、故障排除等。 2.优化网络系统，规划调整设备配置,完成路由器、交换机等配置施工，参与服务器与应用系统的管理。 3.协助项目经理完成系统的部署建设、调试开通、验收培训等服务，并做好涉及区域的项目数据分析。 4.做好公司自研产品修复、升级等任务。 5.领导安排的其他事宜。 6.以客户为中心，致力于专业服务，树立公司专业品牌形象。 任职资格： 1、计算机，网络技术相关专业。 2、有驾照，有驾驶经验。积极向上，乐观开朗，具有较强的执行能力、学习能力，吃苦耐劳，不惧艰辛，有团队合作精神 3、熟悉和掌握各种计算机软硬件，精通局域网的维护及网络安全知识，可熟练进行局域网的搭建和网络设备的基本维护和故障处理 4、能适应户外实施维护工作。 职位福利：五险一金",5月24日,四川国软科技发展有限责任公司成立于2006年，公司主要从事轨道交通、高端装备、一带一路的智能化和投融建业务。公司以“轨道交通+机器人”为战略方向，以人工智能为核心，综合研究机器视觉、深度学习、物联网、工业4.0等机器智慧应用，重点研制无人驾驶、物流装卸、工程施工、焊接装配、自动检测等智能装备，是集项目研发、设计、集成、投资、运营一体化的新型高科技公司。公司年产值约1.2亿元，总部大厦坐落于成都金牛区金凤凰大道666号66号楼。在北京、兰州、乌鲁木齐、拉萨、非洲、欧洲等地设有分公司或办事处。公司是中国人工智能学会企业会员、中国机器人产业联盟成员单位、四川省软件行业协会副理事长单位，成都市军民融合企业、成都市企业技术中心、成都轨道交通协会理事单位、成都金牛区轨道交通行业十大重点企业、华为ISV独立软件开发商，华为多产品认证服务商；拥有软件著作权和专利百余项；具有电子与智能化工程专业承包贰级资质、建筑智能化系统专项设计乙级资质、国防武器装备科研生产二级资质、涉密信息系统集成乙级资质；具有高新技术企业认证、软件企业认证、CMMI-3软件能力成熟度集成认证、欧洲轨道交通IRIS认证、动车产品供应和服务资格证（Wi-Fi）、ISO 9001质量管理体系认证、ISO 14001环境管理体系认证、ISO 18001职业健康管理体系认证、ISO 27001信息安全管理体系认证、知识产权管理体系认证和AAA信用等级证书等。技术在不断的发展，市场竞争日益激烈。公司坚持以“轨道交通机器人全国第一”为发展目标，建立“奋斗和分享”的企业文化，坚持“以客户为中心，以奋斗者为本，长期坚持艰苦奋斗”的企业宗旨，树立“认真、负责、谦虚、谨慎”的企业形象，为行业客户提供最优秀的机器智慧产品和最完善的技术服务。地址：四川省成都市金牛高新技术产业园区金凤凰大道666号66号楼,"https://www.zhaopin.com/jobdetail/CC219030910J40677013406.htm?refcode=4019&srccode=401901&preactionid=a7c1140f-c46c-45e5-b867-ab342d8bdc77"
2325,技术支持工程师,淄博-桓台县,9000-18000元,青岛安然物联网科技有限公司,"物联网,物联网",20-99人,未融资,CC559764920J40565332104,你能经常到全国各地出差吗？你能到工业生产现场生产现场做技术支持吗？  真正的奋斗者在安然会有让人值得为之奋斗的事业，会有充实、高效的成长，会有高人一等的收入。,7月22日,基于精准人员定位的工业安全生产信息化管理专家，安全生产信息化管理引领者！作为全国实时定位技术标准工作组成员和应急管理部“工业互联网+危化安全生产”人员定位系统技术支持机构，安然从2012年起致力于基于ZigBee Plus三维立体按需精准定位的“工业互联网+安全生产”的研究，获得了20多项安全智能管控系统发明专利和著作权，持续引领中国化工行业生产现场智慧安全！安然以“准、稳、狠”的ZigBee Plus三维立体按需精准人员定位统和“底数清、数据准、情况明、研判准、措施实”的安全生产信息化平台为核心，整合访客管理、出入口控制、人脸识别、视频监控、语音广播、重大危险源监控、可燃有毒气体监测等系统，对生产现场人、机、料、法、环五大要素进行实时、动态、智能管控和预警，规范人的安全行为，保障人的生命安全，有效防范风险、主动化解风险，实现智慧安全。安然“以用为本”，把安全生产信息化建设与公司管理体系“深度融合”，把安全生产信息化建设与日常工作“紧密结合”，对安全生产切实“有用、实用、好用”，避免建用“两张皮”，让安全管控更智能，让生产更高效才实用。迄今已服务中石化、中石油、延长石油、国能、兖矿、京能、索普、新安、奇美、昊源、潞安、旭阳、垦利、逸盛、海科、酒钢、金发等几百家石化、化工、选煤、钢铁、电厂企业。安然以客户为中心，以强者为本，抬头乐干，愿意与同道中人联合、链接，携手共建、共用、共享生产安全命运共同体，一起干，一起干，让优秀企业更安全，让优秀企业更高效！,"https://www.zhaopin.com/jobdetail/CC559764920J40565332104.htm?refcode=4019&srccode=401901&preactionid=a7c1140f-c46c-45e5-b867-ab342d8bdc77"
2326,前端开发,济南-历城区,6000-9000元,山东华迪智能技术有限公司,"建筑设备安装,通信/网络设备",20-99人,,CC247736710J40786197908,"1、一年以上前端开发工作经验，本科及以上学历； 2、能熟练使用Vue全家桶(Vue.js、Vuex、VueRouter、Vue-Resource)进行开发，熟练使用前端vue组件,muse-ui,iview,element-ui等；  3、熟悉jquery（能熟练使用jquery库），熟悉原生javascript，懂面向对象形式开发组件；了解Ajax技术；  4、具有一定的美工基础； 5、精通HTML/HTML5、CSS/CSS3、等前端开发技术，熟悉W3C标准。对BOOTSTRAP,ELEMENT等UI框架有一定了解，能熟练处理各种浏览器兼容问题； 6、熟悉移动端开发、自适应布局和熟练使用前端开发调试工具； 7、了解Web前端的性能优化、模块化等技术；  8、具备良好的沟通表达能力与学习能力； 9、具备水利开发经验者优先。",2025年07月30日,山东华迪智能技术有限公司创始于2002年，是从事建筑智能化设计与系统集成、安全防范工程设计、实施与服务；热网调度、换热站自动控制系统研发的专业化公司。近20年来，公司遵循“老老实实做人，认认真真做事”的经营理念，坚持“用户至上，服务第一”的经营方针，已完成上千个样板工程与项目。凭借山东省科学院卓越的人才优势和雄厚的技术资源，以其规范高效的运行管理机制，丰富的设计施工经验，严格的质量保障措施，在业界赢得了良好的信誉和口碑。近年来，公司顺应智能化行业的迅猛发展，在不断完善升级原有资质、认证的基础上，致力于智慧城市、智慧园区、智慧校园、智慧社区、智慧医疗及养老等智能化系统软硬结合，全方位立体集成方向的拓展及应用。通过齐鲁工业大学、齐鲁制药厂、济南热力集团、滕州热力有限公司、东泉水厂、滨海海华集团、薛城人民医院、威海市客运中心、寿光市实验学校等重点项目的大胆尝试及实践，紧跟时代发展步伐，形成了属于企业自身的发展文化和核心竞争力。同时，公司在技术研究、项目管理和业务标准化等领域也积累了丰富的理论和实践经验，形成了一整套完善的工程设计、工程管理规范，获得多项奖励，并成为国家标准《信息技术用户建筑群的通用布缆》（GB/T18233-2008/ISO/IEC 11801:2002)的核心编写单位。作为一家有社会责任感的公司，山东华迪未来必将继续扎根科研、勇于创新，努力回报社会，为中华民族的伟大复兴贡献自己的一份力量，并努力为有志向的青年才俊提供更加广阔的平台。,"https://www.zhaopin.com/jobdetail/CC247736710J40786197908.htm?refcode=4019&srccode=401901&preactionid=a7c1140f-c46c-45e5-b867-ab342d8bdc77"
2327,测试工程师,广州-花都区,150-180元/天,广州凯思轩达汽车科技有限公司,新能源汽车,500-999人,未融资,CCL1408288510J40728988216,工作内容：  车身、座舱、仪表与显示屏的系统测试与验证、实验室项目操作执行与日常维护。   1、负责软件、硬件的系统集成测试；   2、负责系统测试工作，包括功能、性能、可靠性测试；   3、负责测试环境搭建，完成测试用例编写、执行、自动化脚本维护；   4、Defect重现、初步分析、定位；   5、 完成测试报告编写,7月4日,,"https://www.zhaopin.com/jobdetail/CCL1408288510J40728988216.htm?refcode=4019&srccode=401901&preactionid=a7c1140f-c46c-45e5-b867-ab342d8bdc77"
2328,实施工程师,武汉-武昌区,7000-12000元,东华医为科技有限公司,"IT服务,IT服务",1000-9999人,未融资,CC649781480J40556384605,任职要求： 1、本科及以上学历，一本以上院校毕业； 2、熟悉HTML、C#、Java语言的一种或多种; 3、掌握MySQL、SQLServer、Oracle等的一种或多种; 4、熟悉easyUI、VUE、React等前端框架技术优先; 5、有医疗行业从业经验优先; 岗位职责： 1、负责产品在医院的实施上线； 2、负责产品的演示和沟通交流； 3、负责解决产品上线后的运维需求；,2025-07-27 00:29:00,东华医为科技有限公司（简称东华医为）成立于2012年5月，注册资金5000万，是东华软件股份公司旗下专业服务医疗、卫生等大健康领域IT业务的全资子公司。东华医为现有员工2000余人，其中技术人员占比达到90%，拥有近100项大健康类自主知识产权的软件产品，所覆盖的大健康领域有医疗机构、卫生管理机构、互联网医疗、人工智能、大数据、健康管理等，所涉及的主要业务有IT咨询规划、方案设计、系统集成、软件开发与交付、工程实施与交付、人才培养、售后运维、合作运营等。东华医为现为全国500余家大健康领域的各类用户提供着持续的技术服务，还连续多年蝉联中国十佳医疗行业解决方案商榜首。传承了东华软件医疗卫生事业部近二十年IT业务的东华医为，在高速发展的大健康领域，笃定能大有作为。,"https://www.zhaopin.com/jobdetail/CC649781480J40556384605.htm?refcode=4019&srccode=401901&preactionid=a7c1140f-c46c-45e5-b867-ab342d8bdc77"
2329,测试工程师,深圳-龙岗区,6000-10000元,深圳市易玛特科技有限公司,"电子商务,物联网",100-299人,A轮,CCL1491798590J40625545506,1.有智能手表、智能穿戴、手环测试经验优先 2.有手表固件测试经验优先 3.了解日志抓取 4.了解ota升级、线刷等 5.掌握编写测试点和测试用列,5月9日,,"https://www.zhaopin.com/jobdetail/CCL1491798590J40625545506.htm?refcode=4019&srccode=401901&preactionid=a7c1140f-c46c-45e5-b867-ab342d8bdc77"
2330,Java,深圳-龙华区,8000-13000元,深圳市华芯电子信息有限公司,互联网,20-99人,未融资,CCL1240416360J40634884416,岗位职责： 1、参与公司后端系统的设计和开发工作，使用Java及Spring框架实现业务功能。 2、编写清晰、易读、可维护的Java代码，遵循良好的编程规范和***实践。 3、与团队成员紧密合作，参与代码评审，共同解决开发过程中遇到的问题。 4、负责现有系统的功能迭代和代码维护，确保系统稳定运行。 5、参与系统测试，对系统进行性能优化和故障排查 岗位要求： 1、计算机相关专业本科及以上学历、有Java开发基础或实习经验者优先； 2、熟悉各主流浏览器的兼容技术方案，熟练使用多种web调试工具； 3、熟悉Spring框架（包括Spring Core、Spring MVC、Spring Boot等），了解其设计原理和使用方法。 4、了解数据库基本概念，熟悉MySQL等关系型数据库的基本操作。 5、具备良好的团队协作和沟通能力，能够迅速适应团队文化和工作节奏。 6、对编程充满热情，具备较强的学习能力和解决问题的能力。,2月28日,【福利待遇】 1、签订正式劳动合同，入职购买五险一金； 2、互联网公司开放式的工作环境，轻松愉快的工作氛围； 3、丰富部门活动；下午茶、生日会、享受带薪假期； 4、有过节红包；至少一个月的年终奖； 5、每年可获得国内风景区旅游一到两次的机会。【工作时间】 1、朝九点十五分晚六点，一天工作7小时15分，双休；国家法定节假日正常放假,"https://www.zhaopin.com/jobdetail/CCL1240416360J40634884416.htm?refcode=4019&srccode=401901&preactionid=a7c1140f-c46c-45e5-b867-ab342d8bdc77"
2331,测试工程师,广州-白云区,1.1-1.4万,广东友人网络科技有限公司,互联网,20-99人,,CC281997180J40801313313,岗位内容：  1. 执行软件测试工作，包括测试用例编写、测试执行、问题跟踪等，确保软件品质。 2. 参与产品设计评审，了解业务需求，提出优化建议。 3. 使用自动化测试工具或开发相应的自动化测试脚本，提高测试效率，缩短测试周期。 4. 持续关注测试领域的新技术和方法，不断提升测试技能和工作效率。,7月18日,,"https://www.zhaopin.com/jobdetail/CC281997180J40801313313.htm?refcode=4019&srccode=401901&preactionid=a7c1140f-c46c-45e5-b867-ab342d8bdc77"
2332,科研人员,北京-海淀区,2-3万,中国船舶集团有限公司系统工程研究院,学术/科研,1000-9999人,,CC672266580J40636571710,岗位职责:,5月6日,中国船舶工业系统工程研究院地处北京市中关村科技园永丰产业基地，前身船舶系统工程部，成立于1970年，隶属于中国船舶工业集团公司，是我国最早以“系统工程”命名的军工科研单位。40余年来，研究院始终站在我国海洋装备发展的前沿，负责多项国家重大专项工程任务，完成了多型舰艇千余台套系统和设备的研制与交付。在国家明确建设海洋强国、海军转型发展对装备提出新需求的大背景下，为贯彻落实中国船舶工业集团公司推进海洋经济建设要求，2013年6月，中国船舶工业系统工程研究院、中船电子科技有限公司正式揭牌成立，按照“做强军工、做大产业”发展战略，构建了“双轮驱动”发展构架，奠定了一体化发展的基石。承载着“建设强大海军、服务国家”的使命，中国船舶工业系统工程研究院、中船电子科技有限公司依托位于北京的研发基地、产业基地，以及水声领域国家重点实验室、声隐身测试中心、软件测试中心等顶尖专业实验室，凝聚多专业研究所的科研能力和各地布局的子公司产业化力量，按照产业链上下游协调发展的经营管理新模式，形成了从研发、设计、试验到产品生产及售后的全产业链架构，覆盖体系研究和顶层规划、系统综合集成、系统核心设备研制三个层次，成为海军装备建设和国家海洋装备事业的中坚力量。经过四十多年的装备工程研制实践，锻炼和培养了一支既有扎实的专业知识、又掌握先进系统工程理论，并具有丰富工程实践经验的科技和管理队伍。目前，拥有在职员工800多名，其中研究员135人，高级工程师221人，硕士以上学历占68%，本科以上学历占95%，共获得科技奖414项，其中国家级奖26项，省部级奖229项，并多次被国家机关授予重大贡献奖！面向“十三五”发展目标，系统工程研究院、中船电科将坚定地贯彻落实习近平总书记提出的“信息主导、体系建设”新时期装备建设方针，戮力同心、砥砺奋进，努力成为海洋防务装备的推动者、智慧海洋产业的引领者，铸就具有全球影响力的研究院和创新品牌，为实现中华民族伟大复兴的中国梦做出更大贡献！,"https://www.zhaopin.com/jobdetail/CC672266580J40636571710.htm?refcode=4019&srccode=401901&preactionid=a7c1140f-c46c-45e5-b867-ab342d8bdc77"
2333,实施工程师,成都-成华区,5000-8000元,沈阳益海大通仪器设备有限公司,"仪器仪表制造,检测/认证,石油/石化,学术/科研",20-99人,未融资,CC303629380J40655060413,职位描述,7月9日,一、公司介绍沈阳益海大通仪器设备有限公司是一家在实验室仪器行业范围内集产品研发、进出口销售、安装和售后服务为一体的高科技企业，主要生产及销售高分子物理及化学分析测试设备，公司致力于为客户提供便捷的国内采购服务以及一站式的进出口贸易服务。公司拥有行业内经验丰富的资深技术人员与专业化销售团队，客户遍布质检、科研院所、大专院校、工矿企业等各个相关领域。公司总部位于辽宁省沈阳市，在长春市、哈尔滨市、成都市、重庆市、广州市等地设有直属分支机构。二、目前我们的主要业务包括：1、化学性能检测仪器2、物理性能检测仪器3、实验室整体解决方案公司已经与国内外多家仪器厂商达成战略合作协议，以更好得服务中国市场。合作品牌包括日本岛津、松恕仪器、诺甲仪器、菲尼克斯仪器等。,"https://www.zhaopin.com/jobdetail/CC303629380J40655060413.htm?refcode=4019&srccode=401901&preactionid=a7c1140f-c46c-45e5-b867-ab342d8bdc77"
2334,科研人员,杭州-滨江区,160-200元/天,杭州市滨江区浙工大人工智能创新研究院,学术/科研,100-299人,不需要融资,CCL1438627770J40815946303,岗位内容： 1. 协助负责人开展日常科研项目，参与课题研究设计，执行数据采集与分析，协助完成科研论文及报告的撰写与校对； 2. 协助课题组开展日常行政事务，包括票据管理、文件流转等； 3. 负责实验室管理工作，协助项目申报和报告撰写等工作。   任职要求： 1. 要求网络空间安全专业，在校本科生或硕士研究生； 2. 保证每周至少线下到岗3天； 3. 有项目申报经验、研究报告撰写经验者优先； 4. 对科研工作有高度热情； 5. 具备良好的沟通能力和学习能力； 6. 提供转正机会。,7月22日,杭州市滨江区浙工大人工智能创新研究院（以下简称“滨江浙工大智研院”）成立于2022年5月，是由杭州高新区（滨江）和浙江工业大学共同发起建立，浙工大网络空间安全研究院承建的民办非企业单位。研究院位于滨江区白马湖湖西路575号，由三幢六层单体建筑组成，建筑面积约1万方，立足浙工大学科和科研优势，以“四个面向”为科技创新引领方向，以市场化机制实体化运行，以培育和推动网络安全产业发展为目标，以科技创新、成果转化和人才培养为主线，拟建成网络空间安全领域的高端人才汇聚地、科技创新活跃地、技术产业集聚地，争创省级新型研发机构，助推滨江区建成全国网络安全产业和科技创新中心。,"https://www.zhaopin.com/jobdetail/CCL1438627770J40815946303.htm?refcode=4019&srccode=401901&preactionid=a7c1140f-c46c-45e5-b867-ab342d8bdc77"
2335,测试工程师,上海-松江区,6000-8000元,达丰（上海）电脑有限公司,"计算机硬件,通信/网络设备",10000人以上,未融资,CC000420770J40562359304,岗位职责:,7月25日,"QSMC--广达上海制造城只因有你广达更好广达电脑为全球一大笔记型电脑制造商,以领先的技术、坚强的研发团队、高科技市场领导者的角色研发优越的产品；除了在笔记型电脑领域中维持高成长，致力保持领先的地位，更延伸触角跨足伺服器、液晶显示器、网路、通讯等领域，积极展开产业整合布局。因应企业及家庭数位化市场来临，广达未来经营核心将更积极投入研发与创新，提供客户[行动产品、企业产品、娱乐产品]三大类型产品发展，架构广达未来成长的动力。期待您的加入，共创广达新颠峰!有意应征职位者，请在此网站投递合适职位简历，亦可登录我公司网址填写在线简历。前瞻未来永远领先！公司网站： http://www.quantacn.com","https://www.zhaopin.com/jobdetail/CC000420770J40562359304.htm?refcode=4019&srccode=401901&preactionid=a7c1140f-c46c-45e5-b867-ab342d8bdc77"
2336,技术支持工程师,苏州-工业园区,6000-10000元,苏州工业园区力天电子材料有限公司,化工,20-99人,,CC466533510J40642149105,福利待遇：,5月7日,公司简介苏州工业园区力天电子材料有限公司创立于2001年，是一家专注于制罐业(饮料罐、食品罐、啤酒瓶盖等）印铁涂料的研发、生产、销售和服务于一体的高科技企业。公司总部位于苏州商业办公中心—天翔国际大厦，研发部位于胜浦镇，生产基地位于河南鹤壁姬家山产业园区，占地32000平方米，年产2万吨新型涂料和4万吨合成树脂。公司自成立以来，致力于印铁涂料的研发和生产，二十多年来积累了大量的研发和生产经验。目前在原有溶剂涂料的基础上大力发展节能环保型水性涂料，致力于为国内广大的印铁制罐企业提供优质的产品和专业的服务。公司人才结构合理，拥有多名专家级和专业级的技术骨干，和一批经验丰富的企业管理人员。公司具备领先的技术工艺和先进的生产设备，拥有一个独立的涂料研发中心，具有一流的科研实验室和检测设备，技术研发处于国内领先水平，与苏州大学化学系建立了长达数十年的技术合作关系。“诚信、开拓、共赢、创新”是力天企业文化的精髓。“为客户提供满意的产品和专业化的服务”是力天企业的经营理念。“锐意进取，不断创新成为中国印铁包装涂料业的领导者”是力天的企业愿景。现公司发展迅速，诚聘有志之士加入企业，共同发展，在为公司的发展做出贡献的同时，实现个人的人生价值。,"https://www.zhaopin.com/jobdetail/CC466533510J40642149105.htm?refcode=4019&srccode=401901&preactionid=a7c1140f-c46c-45e5-b867-ab342d8bdc77"
2337,技术支持工程师,廊坊-三河市,4000-7000元,观为监测技术无锡股份有限公司,"云计算/大数据,计算机软件,检测/认证,物联网",20-99人,A轮,CC626468620J40932530904,汇报对象​​：技术主管/商务经理​​ 岗位职责 ​​​​1. 技术辅助工作​​  协助工程师完成技术方案、参数设置和实验测试；  参与设备调试及技术文档编写（如操作手册、报告等）；  配合技术团队进行现场调研、问题排查及解决方案支持；  管理技术资料归档，确保项目文件标准化。 ​​2. 商务辅助工作​​ 协助商务团队完成技术标书编制及客户需求分析；  参与客户技术沟通会议，提供专业支持并记录关键信息；  整理行业技术动态、竞品分析，为商务决策提供数据支撑；  协调技术部与商务部协作，确保项目交付流程顺畅。 ​​任职要求​​ ​​学历专业​​：本科及以上学历，理工科相关专业（机械、电子、自动化、材料、化工等）；  ​​技能要求​​：      熟练使用Office（Excel/PPT）、CAD/SolidWorks等基础工程软件；    良好的技术文档撰写能力，逻辑清晰。    ​​综合素质​​：      沟通能力强，能高效对接技术与商务需求；    学习意愿强，适应跨部门协作；    有责任心，能承受一定工作压力。    ​​加分项​​：      有实习或项目经验（技术/商务均可）；    英语能力良好（可阅读技术资料或简单沟通）。   ​​职业发展​​ 双向晋升路径：      ​​技术方向​​：工程师→项目经理/技术专家；    ​​商务方向​​：技术型销售/产品经理。    参与行业培训与技术交流，提升综合能力。 ​​薪资福利​​ 薪资范围：面议（根据经验+能力评估）；  福利：五险一金、年度体检、奖金、弹性工作制等。 ,7月16日,设备健康体检中心（MHCC）--观为公司致力于设备健康监测领域，以帮助客户发现和提升设备价值和经营效益，是预知性维护理念的积极的倡导者和践行者。 MHCC在中国拥有一支专业的国际振动分析师专家团队。MHCC取得ISO 18436-2 CAT振动分析师认证资格，4年间已培养百名振动分析师。公司拥有运程设备健康监测服务平台、在线振动监测于诊断分析系统、离线振动监测于分析、油液分析、设备预知行维护咨询、知识转移培训及认证等多元化的特色定制化的业务。目前MHCC正处于快速发展和扩张时期，诚招有为青年加盟.,"https://www.zhaopin.com/jobdetail/CC626468620J40932530904.htm?refcode=4019&srccode=401901&preactionid=a7c1140f-c46c-45e5-b867-ab342d8bdc77"
2338,软件测试,桂林-全州县,5000-7000元,天阳科技,"计算机软件,计算机软件",1000-9999人,已上市,CC120408370J40302765208,职位描述   1、本科学历，20年毕业及以上；,7月11日,天阳科技(股票代码：300872)，是全球金融创新服务的重要贡献者，持续赋能中国金融行业数字化转型，为客户提供咨询、金融科技产品、金融IT服务、云计算及运营服务。公司成立于2003年，服务超过300家金融行业客户，覆盖中央银行、政策性银行、国有银行、股份制银行、地方性商业银行、非银行金融机构等，员工人数近7000人，成为激活金融领域创新活力、推动金融科技迈入世界领先水平的重要力量。作为金融行业客户可信赖的合作伙伴，天阳科技凭借丰富的行业经验和端到端的专业服务，在信创、数字化金融、信贷、交易银行、信用卡、零售、营销、风险管理、征信监管等众多领域具备核心竞争力。据赛迪和IDC报告显示，近年来公司在中国银行业IT解决方案市场排名强势崛起，2019年收入及市场占有率综合排名分别位列第四位和第五位，并保持高速增长。同时，前瞻商业和科技趋势，入选2021年度未来银行科技服务商TOP100。天阳科技始终聚焦金融科技领域，加大自主创新力度，在超过100个城市建立本地化、专业化的研发和服务团队，拥有CMMI5级认证、软件测试成熟度模型集成（TMMi）3级认证、ISO9001质量管理体系认证、ISO20000信息技术服务管理体系认证、IS027001信息安全管理体系认证。通过部署人工智能、云计算、大数据、移动互联网、分布式计算和区块链等先进金融科技，公司致力于构建安全可控、普惠民生、开放共赢格局，在关键技术领域服务现代化金融发展大局，更好地为各利益相关方创造更大价值，为大中企业、小微企业以及每个个体提供优质金融服务。,"https://www.zhaopin.com/jobdetail/CC120408370J40302765208.htm?refcode=4019&srccode=401901&preactionid=a7c1140f-c46c-45e5-b867-ab342d8bdc77"
2339,测试工程师,郑州-金水区,7000-12000元·13薪,郑州赛优汽车科技有限公司,新能源汽车,20人以下,未融资,CCL1493238400J40696230806,岗位内容：  1. 负责智能驾驶测试的规划、设计、执行、跟踪和总结工作。 2. 协助研发人员进行问题定位和解决，确保软件品质。 3. 掌握各类测试技术手段，通过持续集成、自动化测试等方式不断提高测试效率和质量。 4. 参与产品评审，积极提供改进建议，推动产品质量的提升。 任职要求：  1. 专科以上学历，无经验小白可带。 2. 熟练掌握至少一种测试管理工具，如JIRA、TestLink等。 3. 熟练常用的测试方法、技术和工具，熟悉自动化测试工具的使用和开发。 4. 具备良好的沟通协调能力和团队合作精神，具备较强的自我学习能力和问题解决能力。,7月23日,1：本公司主要运营车载测试项目，新能源汽车项目等业务2:公司着力于培养一批技术型人才推动社会科技化发展3:公司工作氛围较好，年轻化，可以给大家提供一个发展的大舞台4:公司理念：稳步经营，开拓创新,"https://www.zhaopin.com/jobdetail/CCL1493238400J40696230806.htm?refcode=4019&srccode=401901&preactionid=a7c1140f-c46c-45e5-b867-ab342d8bdc77"
2340,科研人员,北京-海淀区,8000-12000元,北京环境特性研究所,"学术/科研,计算机软件,学术/科研,电子/半导体/集成电路",500-999人,未融资,CC281661110J40767886013,岗位能力需求: 精通Matlab或c++等编程语言，有雷达信号处理相关经验优先。比较了解电磁场与微波技术、信号与信息处理知识生成或等离子体物理等专业方向 岗位职责:负责地面模拟试验数据分析与智能处理；目标特征天地一致性分析；数据分析挖掘、知识生成技术研发。,4月16日,北京环境特性研究所简介北京环境特性研究所，成立于1970年，是以目标环境光、电特性研究为主业的专业研究所，拥有两个国家级重点实验室，在光学、电磁特性领域拥有一批具有国内一流的研究设施，配套建设了高水平、多功能的试验场与实验室，是国家重点支持的基础科研单位之一，同时承担武器装备光电产品的研制和生产任务。北京环境特性研究所对标国际先进水平，持续开展专业技术建设，逐渐形成电子科学和光学工程方面5个专业领域、42个专业方向、近100项专业技术的技术体系，拓展了人工智能、太赫兹、量子等新兴领域。在相关领域的建模仿真、试验测试、特征综合应用等技术达到国内领先水平。多个产品实现规模化、产业化发展。边海防视频监控站已经分布在祖国15个省市的边海防线上。以微波/光学测量系统、目标与环境模拟装置等产品为代表的产业板块也取得蓬勃发展。北京环境特性研究所现有在岗人员500余人，拥有一支以国家级专家为学术带头人、以博士和硕士为主要技术骨干的科学研究队伍。北京环境特性研究所高度重视人才培养和技术交流，鼓励和吸引优秀人才全日制或在职攻读学位。拥有“控制科学与工程”学科博士学位培养点、“光学工程”和“电子科学与技术”两个学科硕士学位培养点，并共用二院“控制科学与工程”专业博士后科研流动站。地址：北京市海淀区西四环中段五棵松地区永定路50号通信联系地址：北京142信箱207分箱人力资源处（邮编：100854）联系人：刘老师招聘邮箱E-Mail: zhaopinht207@casic.com.cn,"https://www.zhaopin.com/jobdetail/CC281661110J40767886013.htm?refcode=4019&srccode=401901&preactionid=a7c1140f-c46c-45e5-b867-ab342d8bdc77"
2341,实施工程师,济南-历城区,50-100元/天,济南超级计算技术研究院,云计算/大数据,100-299人,未融资,CCL1293583260J40402577315,1、解决行业用户在超算方面的专业技术问题，包括客户咨询、需求分析、软件使用等； 2、参与行业软件的技术支持工作，包括软件编译、报错排查等； 3、收集并分析客户对算力服务的需求和建议，协助提高产品市场竞争力； 4、完成领导安排的其他相关工作，全生命周期服务好最终客户，提高客户满意度和忠诚度；,6月24日,济南超级计算技术研究院是由山东省科学院、济南市人民政府和历城区人民政府共同举办的“四不像”新型研发机构，于2020年9月完成注册登记，是一家无主管部门，无行政级别，实行企业化管理、市场化运营的独立法人事业单位。研究院秉承“共生共荣”的核心理念，致力于超级计算技术相关学科的应用研究、高技术发展研究以及技术转移，围绕济南市在新一代信息技术、生命健康、智能装备等优势产业领域的战略需求，着力破解区域战略和经济主战场所需的计算赋能问题，提升区域自主创新与核心竞争能力，打造“超级计算创新创业共同体”，成为国内领先的超级计算技术研究高地、智能科技企业的培育基地和引领区域创新驱动发展的核心引擎。研究院聚焦“人才第一资源、创新第一动力、科技第一生产力”，全面推进科技创新创业，推动超级计算产业发展，努力将研究院建设成为世界知名、国内一流的超级计算产业核心机构。围绕智能计算和信息处理技术及交叉学科综合布局，集中力量实施“321”人才工程，吸引留住用好领军人才、精英人才以及后备优才，统筹兼顾其他各级各类人才引进，逐步形成优势突出、结构合理的高层次人才队伍。（一）创新创业领军人才计划三年内，研究院引进30名以上对产业发展有重大引领带动作用的创新创业领军人才，孵化30个左右的创新创业团队。重点引进三类人才：一是国际国内某一学科、技术领域内的学术技术带头人，拥有市场开发前景广阔、高技术含量的科研成果；二是拥有独立自主知识产权或掌握核心技术，技术成果国际先进国内领先，具有市场潜力并能进行产业化；三是在相关学术前沿领域取得国际同行公认的高水平原创性研究成果，或在本学科领域做出具有开创性意义的重要工作，或在国家战略需求领域取得重要成果，具有带领本学科领域赶超国际先进水平能力的高层次人才。（二）青年科技精英人才计划三年内，研究院引进200名以上优秀博士、硕士、本科等青年科技精英人才。青年科技精英人才是指在重要期刊发表具有较高水平的学术论文或取得较高水平的研究成果，具备良好的科研创新能力和科研潜质的人才。（三）科技后备优才储备计划研究院联合齐鲁工业大学，与海内外著名高校合作，培养1000名以上高性能计算、云计算、大数据、人工智能、数学、计算机网络及网络空间安全等学科（领域）的硕士及本科人才。,"https://www.zhaopin.com/jobdetail/CCL1293583260J40402577315.htm?refcode=4019&srccode=401901&preactionid=a7c1140f-c46c-45e5-b867-ab342d8bdc77"
2342,科研人员,成都-锦江区,3.5-5万,四川锦美环保股份有限公司,"环保,环保",300-499人,已上市,CC594370720J40612271602,岗位职责：  大气环境治理、余热利用、清洁生产以及热能工程等绿色低碳节能环保技术研究。,2025年07月29日,"四川锦美环保股份有限公司(股票代码:838694)成立于2011年，是中国领先的数智环境治理全过程服务商,专注于提供系统环境方案、解决环境综合问题的专精特新高新技术企业。公司下属多家全资及控股子公司,总部位于中国自贸区成都国家高新技术产业开发区,研发中心位于白鹭湾新经济总部功能区。公司利用人工智能+大数据+互联网+环保技术,通过发现环境问题、提供专项解决方案、实施精准治理的“三位一体”手段,构建“研发+产品+服务”的数智环境全过程、系统化、模块化的综合技术服务体系。致力于为区域、流域、工业园区、企业和重大基础设施的生态环境保护、环境管理、环境质量和环境污染治理等提供系统环境方案、环境建设和运营管理,解决综合环境问题。涵盖三大主营业务:产业链前端的智慧监测与数智环境技术服务(发现问题)，产业链中端的生态环境领域全过程技术服务(专项方案)，产业链末端的环境治理与生态修复服务(精准治理)。公司是西部地区唯一同时拥有生态环境工程咨询、设计、建设、环保运营管理资质的环保企业。是国家发改委、科技部环保类科技服务典型案例推广企业、中国环境保护产业协会重点企业及全国环保优秀品牌企业、四川省环保产业50强、创新十强企业、四川省节能环保重点培育企业、四川省新型智慧城市技术创新产品目录企业。荣获“四川省首批专精特新企业”“四川省诚信民营企业”、“中国民营企业文化建设优秀单位”、“成都市建圈强链绿色低碳重点产业链‘链主’企业”、“成都高新区高复合增长型瞪羚企业”、“成都市中小企业成长培育工程小巨人”等多项殊荣。公司建立了四川省博士后创新实践基地、四川省环境保护企业技术中心、四川省土壤地下水环境修复与风险管控工程技术研究中心、成都院士(专家)创新工作站、智慧城市未来场景实验室、环境检测与科研创新公共服务平台等多个创新平台。与清华大学、哈尔滨工业大学、日本广岛大学、中国环境科学研究院、四川省生态环境科学研究院等国内外知名的大学、科研院所全方位开展产学研合作，形成长期科研、创新合作及共享机制。","https://www.zhaopin.com/jobdetail/CC594370720J40612271602.htm?refcode=4019&srccode=401901&preactionid=a7c1140f-c46c-45e5-b867-ab342d8bdc77"
2343,软件测试,长沙-岳麓区,5000-7000元,天阳科技,"计算机软件,计算机软件",1000-9999人,已上市,CC120408370J40295793008,1、本科学历，20年毕业及以上；,7月14日,天阳科技(股票代码：300872)，是全球金融创新服务的重要贡献者，持续赋能中国金融行业数字化转型，为客户提供咨询、金融科技产品、金融IT服务、云计算及运营服务。公司成立于2003年，服务超过300家金融行业客户，覆盖中央银行、政策性银行、国有银行、股份制银行、地方性商业银行、非银行金融机构等，员工人数近7000人，成为激活金融领域创新活力、推动金融科技迈入世界领先水平的重要力量。作为金融行业客户可信赖的合作伙伴，天阳科技凭借丰富的行业经验和端到端的专业服务，在信创、数字化金融、信贷、交易银行、信用卡、零售、营销、风险管理、征信监管等众多领域具备核心竞争力。据赛迪和IDC报告显示，近年来公司在中国银行业IT解决方案市场排名强势崛起，2019年收入及市场占有率综合排名分别位列第四位和第五位，并保持高速增长。同时，前瞻商业和科技趋势，入选2021年度未来银行科技服务商TOP100。天阳科技始终聚焦金融科技领域，加大自主创新力度，在超过100个城市建立本地化、专业化的研发和服务团队，拥有CMMI5级认证、软件测试成熟度模型集成（TMMi）3级认证、ISO9001质量管理体系认证、ISO20000信息技术服务管理体系认证、IS027001信息安全管理体系认证。通过部署人工智能、云计算、大数据、移动互联网、分布式计算和区块链等先进金融科技，公司致力于构建安全可控、普惠民生、开放共赢格局，在关键技术领域服务现代化金融发展大局，更好地为各利益相关方创造更大价值，为大中企业、小微企业以及每个个体提供优质金融服务。,"https://www.zhaopin.com/jobdetail/CC120408370J40295793008.htm?refcode=4019&srccode=401901&preactionid=a7c1140f-c46c-45e5-b867-ab342d8bdc77"
2344,实施工程师,大连-中山区,6000-7000元·15薪,巨路控制工程(大连)有限公司,"工业自动化,电气机械/电力设备,仪器仪表制造",20-99人,未融资,CC335428520J40408097804,职位职责： 1.解答客户仪控产品问题，提供相关解决方案。 2.深入学习了解相关仪表产品性能特点及优势。 3.走访用户，了解市场，开拓仪控产品或方案的市场。 4.参加内部与外部的教育训练及考核。 任职要求： 1.本科及以上学历，35周岁以下。 2.机械，化工，自动化等相关专业背景佳，或熟悉仪控产品，有如上行业经验者优先。 3.英语CET4以上，可自行研读英文型录。 4.熟悉计算机操作，熟练运用Office软件。 5.工作态度积极，敢于挑战，自律性佳，身体健康，抗压能力强，适应出差。 福利待遇：五险一金、季度奖金、年终奖金、双节礼金、带薪年假、弹性工作、定期体检、出差补贴、工会福利,2月7日,大连创展机电设备维修服务有限公司自2010年成立以来发展迅速，2019年成立包头维修服务工厂以配合日益扩大的业务及用户的即时需求。到目前，年销售额达数亿元人民币，已有各类专人员上百人，如销售工程师，应用工程师，售后服务工程师等。公司可为客户提供诸如产品培训、安装测试等完善的销售服务网及一流的专业维修服务。在东三省、山西及内蒙古的化工、石化、炼油、电厂等诸多相关领域均取得了令人可喜的成果。公司拥有最现代化的办公设备。现代化的办公设备及优雅环境带来了现代化的工作效率及质量，也给我们带来了繁荣的市场。大连公司凭借自身的努力与实力在所属区域内已取得了很大的成绩，并将会继续努力以更完善的技术与服务面向用户以期达到永续经营的目的。,"https://www.zhaopin.com/jobdetail/CC335428520J40408097804.htm?refcode=4019&srccode=401901&preactionid=a7c1140f-c46c-45e5-b867-ab342d8bdc77"
2345,C/C++,北京-海淀区,1.5-3万·13薪,北京中科盛视科技有限责任公司,"电子/半导体/集成电路,人工智能",20-99人,天使轮,CCL1257303340J40778521607,岗位职责：1. 基于产品的调研、竞品分析、客户沟通和解决方案策划   2. 产品开发计划的制定，资源协调和各环节过程管理   3. 产品供应链、质量及生命周期管理   4. 产品开发配套条件建设、知识产权和项目文档管理   5. 参与产品线经营报告问题分析，推动问题解决   6. 软件系统设计、开发、测试工作 任职要求：   1.硕士以上学历，有3年以上光学、相机视觉类产品开发或管理经验   2. 熟悉产品开发全过程，具有丰富的产品策划和项目管理经验   3. 熟悉相机原理和应用领域，有相关产品开发经验者优先   4.工作有激情，有很强的执行力，学习能力，组织协调能力 5.熟练掌握C++、qt；熟悉Matlab和python等编程语言 ,2025年07月30日,北京中科盛视科技有限责任公司成立于2020年，致力于成为激光选通成像产品领军者和全天候成像解决方案供应商。公司研发团队在激光选通成像技术领域有着十余年的积累，是一家集算法设计、器件和系统研发以及工程应用于一体的企业，拥有快速高分辨率选通三维成像等核心发明专利，公司将竭诚为安防监控、激光相机雷达、科研仪器和智慧光物联等用户提供崭新的光学解决方案及产品。,"https://www.zhaopin.com/jobdetail/CCL1257303340J40778521607.htm?refcode=4019&srccode=401901&preactionid=a7c1140f-c46c-45e5-b867-ab342d8bdc77"
2346,实施工程师,南平-延平区,5000-10000元,北京宏天信业信息技术股份有限公司,"计算机软件,证券/期货,银行,互联网",100-299人,未融资,CC320762410J40766745910,任职要求： 1.熟悉unix/linux操作系统与计算机网络技术; 2.熟悉防火墙、路由器、交换机等网络设备; 3.至少掌握一种编程语言与数据库相关知识; 岗位职责： 1.负责工程项目的实施工作; 2.负责公司产品的安装、调试、维护工作; 3.工程实施项目文档的编写工作; 4.用户需求的挖掘、反馈工作。,7月16日,北京宏天信业信息技术股份有限公司是在北京市海淀区中关村科技园区注册的高新技术企业，公司拥有一批资深的金融行业咨询专家及经验丰富的金融软件开发团队，主要业务为向国内外各大银行与保险公司在国内的机构提供优质的软件产品与IT服务，是国内多家大型金融机构长期稳定的软件与服务供应商。目前在北京、上海、广州设有研发、运维中心，承接着国内外多家金融机构的众多大中型项目。公司现有稳定客户主要包括中国银行、中国建设银行、华夏银行、民生银行、中国华融资产管理公司、法国兴业银行、幸福人寿保险有限公司、恒安标准人寿保险有限公司、中美大都会人寿保险有限公司等多家大型金融机构。在不久的将来，宏天信业会有更多的商业伙伴感受到宏天诚信立业的企业宗旨和“让客户放心，更让客户省心”的核心价值观。宏天信业作为拥有金融领域大项目的创业型企业，诚招有识之士，希望大家一起携手共进，共同开创宏天更加美好的明天！,"https://www.zhaopin.com/jobdetail/CC320762410J40766745910.htm?refcode=4019&srccode=401901&preactionid=a7c1140f-c46c-45e5-b867-ab342d8bdc77"
2347,测试工程师,广州-黄埔区,8000-15000元,广州赛西标准检测研究院有限公司,"检测/认证,电子/半导体/集成电路",20-99人,未融资,CC273999110J40821050915,岗位职责： 1、负责人工智能系统（平台软件、AI服务器、计算机视觉、智能语音、模型性能、算法等）功能、性能、可靠性、标准符合性等测试，以及相关分析、测试方案编写、用例设计和测试执行工作； 2、负责异构加速卡的性能测试相关技术研究； 3、负责人工智能领域标准化测试相关技术研究； 4、人工智能检验检测相关其他工作。 岗位要求： 1、本科及以上学历，人工智能、计算机、软件工程、自动化等相关专业优先； 2、了解机器学习和深度学习技术，包括常见的模型、算法和框架，能够进行模型测试和性能评估； 3、了解人工智能相关硬件特性，如异构计算设备、传感器等； 4、熟练掌握至少一种编程语言和软件测试方法，如Python、Java、C等，能够编测试工具和方法，如单元测试、集成测试、性能测试、安全测试、自写测试脚本和测试用例； 5、熟悉常见的动化测试等，能够根据标准化要求设计测试方案与测试用例。,3月14日,中国电子技术标准化研究院（工业和信息化部电子工业标准化研究院，工业和信息化部电子第四研究院，简称“电子标准院”、“电子四院”），创建于1963年，是工业和信息化部直属事业单位，是国家从事电子信息技术领域标准化的基础性、公益性、综合性研究机构。电子标准院以电子信息技术标准化工作为核心，通过开展标准科研、检测、计量、认证、信息服务等业务，面向政府提出政策研究、行业管理和战略决策的专业支撑，面向社会提供标准化技术服务。电子标准院承担55个IEC、ISO/IEC JTC1的TC/SC国内技术归口和17个全国标准化技术委员会秘书处的工作，与多个国际标准化组织及国外著名机构建立了合作关系，为标准的应用推广、产业推动和国际交流合作发挥了重要的促进作用。电子标准院建有政府授权和权威机构认可的实验室、认证机构和工作站，在深圳、广州、上海、苏州等地设有分支机构，依托赛西实验室、赛西认证、赛西培训、赛西信息服务等平台，面向市场和客户提供专业的试验检测、计量校准、认证评估、培训咨询等服务，在电子信息和工业领域的标准化和合格评定方面发挥着核心的技术基础作用。广州赛西标准检测研究院有限公司（以下简称“广州赛西”）是中国电子技术标准化研究院为更好地为华南地区企业提供高水平的技术服务而投资成立的新型研发机构，致力于为企业提供包括标准化技术服务、检测技术服务、认证技术服务、检测设备研发、产品之类分析、实验室技术咨询服务等综合性一站式技术服务。广州赛西建有2000多平方米的实验室，现有光色电实验室、光强分布实验室、光辐射安全实验室、安规实验室、平板显示性能实验室、流明维持实验室、防水实验室、电池安全实验室及电磁兼容实验室，具备全球领先的固态照明性能测试能力，数据追溯至中国国家计量院（NIM）、美国NIST、英国NPL、德国PTB等主要国家的最高计量机构，是国内首家参加美国国家标准研究院（NIST）组织的LED能力验证计划并获得满意结果的国家级实验室。总部网址：http://www.cesi.cn广州分公司网址：http://www.cesi-gz.org.cn/广州分公司地址：广州市黄埔区茅岗路828号10号楼一至二层联系电话：020-81993368020-81779098邮箱：hr@cesi-gz.org.cn,"https://www.zhaopin.com/jobdetail/CC273999110J40821050915.htm?refcode=4019&srccode=401901&preactionid=a7c1140f-c46c-45e5-b867-ab342d8bdc77"
2348,科研人员,温州-龙湾区,3.5-4万,瓯江实验室,学术/科研,300-499人,,CCL1432124630J40541260412,瓯江实验室简介： 瓯江实验室（再生调控与眼脑健康浙江省实验室）是由浙江省政府批准设立，温州市人民政府、浙江省科技厅主办的浙江省实验室，是举全省之力打造的生命健康高能级创新平台，是服务三大科创高地建设的重要举措。实验室以“组织再生和器官功能康复”为核心主线，以重大临床需求为导向，以关键技术攻关和临床转化应用为落脚点，重点围绕多组织再生与重塑、眼疾病与视觉功能康复、脑疾病与认知功能康复三大方向开展研究，锚定“国内第一、国际一流”建设目标，5年投入68亿元，10年带动全社会投入200亿元，汇聚不少于1500名高层次科技人才，打造具有国际影响力的重大科技创新平台。 温州简介： 温州物价适中，房价亲民，人才扶持力度大，产业转化理念深入人心，是宜业宜居的山水之城。瓯江实验室坐落于温州市龙湾区，紧邻瓯江入海口，依山傍水滨海，风景宜人。实验室交通便利，距离龙湾国际机场仅15分钟车程，距离温州南站30分钟车程，乘高铁从温州南站出发，一小时可达金华义乌，两小时至杭州，三小时到上海。 课题组长简介： 冯立召博士，瓯江实验室研究员PI，2016年毕业于中国农业大学获生理学博士学位，师从夏国良教授。自2016年12月至2023年5月在美国希望之城国家医疗中心从事iPSC干细胞治疗研究与临床转化工作，师从神经退行性疾病系主任Yanhong Shi教授。长期从事iPSCs相关的干细胞治疗临床应用研究及神经退行性疾病机制研究。熟悉干细胞治疗从早期研究到后期临床开发的全产业链流程，领导和管理iPSC干细胞治疗项目在美国的临床前研究。2023年8月全职加入瓯江实验室组建iPSC干细胞治疗研究与临床转化课题组。 干细胞研究被连续列入“十三五”和“十四五”国家重点研发计划，在生命医药领域具有巨大的研发和转化前景。课题组以推动创新性疗法进入临床应用为最终目标，以神经退行性疾病、恶性肿瘤等重大疾病为研究重点，以干细胞治疗临床转化中的难点痛点为切入点，深度融合人工智能等前沿技术开发创新性的iPSC干细胞治疗方法。 课题组研究方向： 1) iPSCs向不同细胞类型高效分化方法的开发 2) 少突胶质祖细胞OPCs治疗脱髓鞘疾病的研究与临床转化 3) 以细胞为载体的药物递送与脑部疾病治疗 4) 人工智能在生物学研究中的应用探索 5) 与生命科学相关的开放性课题 招聘岗位 （一）助理研究员/博士后 任职要求： 1) 身心健康，热爱生活，热爱探索新事物，具备良好的合作沟通能力和独立解决问题的能力； 2) 应聘者具有神经生物学、发育生物学、生物信息学等相关学科博士学位；应聘博士后年龄不超过35周岁； 3) 能独立开展科研工作，近五年内在领域内权威期刊发表过较高水平研究论文； 4) 有多能干细胞培养、细胞分化、空间转录组测序、单细胞测序及人工智能应用等研究经验者可优先考虑。 （二）研究助理 1) 身心健康，热爱生活，工作认真负责，具有良好的沟通能力和团队合作精神；能协助PI完成实验室日常管理事务和基本实验工作；  2) 应聘者具有神经生物学、发育生物学、生物信息学等相关学科学士学位；  3) 有多能干细胞培养、细胞分化、空间转录组测序、单细胞测序及人工智能应用等研究经验者可优先考虑。 岗位待遇： 1) 根据应聘者的科研水平提供有竞争力的工资待遇：博士后在站2年总薪酬≥90万元，出站后留温工作另有人才购房补贴；助理研究员税前年薪18-30万元；研究助理（税前年薪12-18万元；五险一金齐全，另有每月餐补、租房补贴、工会福利等发放。根据工作业绩，给予较为可观的科研绩效奖励。 2) 认定人才类别后可享5-7折购房优惠，博士毕业可直接认定E类人才 3) 提供优良的办公环境及国际一流的研究平台，为申请人量身定制未来发展方向和计划，全力支持申请人的个人发展。 应聘方式： 申请者请将个人简历（完整的学习和工作经历、代表性论文全文）以及其他能证明本人能力的相关材料发送至**********************，主题请注明“应聘岗位+姓名”。申请材料保密，初审合格者会尽快邮件通知安排面试。让我们在人类文明的灿烂星海里一起点亮属于我们的那一颗星！,7月24日,,"https://www.zhaopin.com/jobdetail/CCL1432124630J40541260412.htm?refcode=4019&srccode=401901&preactionid=a7c1140f-c46c-45e5-b867-ab342d8bdc77"
2349,前端开发,北京-海淀区,100-150元/天,山东未来导航科技有限公司,"通信/网络设备,云计算/大数据,通信/网络设备,计算机软件",20-99人,,CCL1305191890J40771109507,岗位职责： 协助前端开发工程师进行如下工作（短期实习三个月）      1、前端软件开发、测试和优化；,7月23日,北京未来导航科技有限公司（以下简称“未来导航”或“公司”）成立于2017年1月22日，公司专业从事低轨卫星导航增强系统设计研发、建设运营，目前的核心业务是建设由100多颗卫星组成的“微厘空间一号”低轨卫星导航增强系统（以下简称“CSAS系统”），向全球用户提供高精度高可靠导航服务。公司的目标是力争成为卫星导航新时代奠基者、中国商业航天推动者。公司创始人、核心技术专家均为长期从事北斗卫星导航系统及其他航天系统工程型号研制建设的项目总指挥、副总师、专家。公司核心团队成员均有10年以上航天工程型号研制建设从业经历，具有丰富扎实的航天战略研究、技术攻关、设计论证、研制建设、应用推广经验。根据于2020年10月份与济南市人民政府签订战略合作协议，在地方政府大力支持下公司于2020年12月在济南高新区设立全资子公司—山东未来导航科技有限公司（注册资本3亿元）作为项目建设和运营主体，已全面开展星座运管中心、测控基地建设。,"https://www.zhaopin.com/jobdetail/CCL1305191890J40771109507.htm?refcode=4019&srccode=401901&preactionid=a7c1140f-c46c-45e5-b867-ab342d8bdc77"
2350,实施工程师,郑州-中原区,80-160元/天,郑州新达共创智能科技有限公司,工业自动化,20人以下,未融资,CCL1377510470J40671793806,无人搬运车实施及运维,7月28日,郑州新达共创智能科技有限公司致力于为企业打造适合自身发展需求的智能仓储物流解决方案。主要包含智能仓储物流的前期方案规划咨询、项目实施、产品售后及维保服务。包括但不限于以下方面：1.提供企业智能仓储物流整体解决方案；2.提供企业智能仓储物流方案落地实施；3.提供智能机器人售后技术服务；4.提供智能机器人维保技术服务；,"https://www.zhaopin.com/jobdetail/CCL1377510470J40671793806.htm?refcode=4019&srccode=401901&preactionid=a7c1140f-c46c-45e5-b867-ab342d8bdc77"
2351,前端开发,上海-浦东新区,1.2-2.4万,外企德科数字技术有限公司,专业技术服务,10000人以上,,CCL1480117890J40782827305,任职要求: 1、热爱编程，基础扎实，熟悉掌握但不限JAVA/C++/C/Python/JS/HTML等编程语言中的一种或数种，有良好的编程习惯，扎实的编程基础； 2、具备独立工作能力和解决问题的能力、善于沟通，乐于合作，热衷新技术，善于总结分享，喜欢动手实践; 3、对数据结构算法有一定了解；对操作系统，体系结构，网络等基础原理有一定的了解； 岗位特点： 1.薪酬一般是12k-30k，根据笔试与面试结果进行定薪； 2.双休，每个月月末一个周六固定加班，双倍薪资； 3.五险一金入职就有。试用期薪资不打折； 4.入职&年度免费体检，免费夜宵、班车&加班打车免费、下午茶、节假日等福利； 5.全程线上面试，工作地点自由选择：成都、深圳、背景、上海、杭州、西安、南京、武汉、东莞，欢迎咨询~,2025-07-27 00:25:14,外企德科数字技术有限公司是一家2023年新成立的中外合资企业。成立于2023年11月24日，公司定位：专注于为信息技术企业提供人才及数字技术外包解决方案的中外合资企业。它是由中国人力资源服务行业的FESCO（北京国际人力资本集团）与全球人力资源服务领导者The Adecco Group（德科集团）合资成立的。公司主要提供网络技术服务、软件外包服务、计算机系统服务、技术进出口、软件开发等信息技术相关服务。专注于为信息技术企业提供信息技术类人才及数字技术外包解决方案。,"https://www.zhaopin.com/jobdetail/CCL1480117890J40782827305.htm?refcode=4019&srccode=401901&preactionid=a7c1140f-c46c-45e5-b867-ab342d8bdc77"
2352,硬件测试,重庆-南岸区,8000-10000元,重庆科满福人力资源服务有限公司,企业服务,20-99人,,CCL1487604860J40922125904,,2025年07月28日,,"https://www.zhaopin.com/jobdetail/CCL1487604860J40922125904.htm?refcode=4019&srccode=401901&preactionid=a7c1140f-c46c-45e5-b867-ab342d8bdc77"
2353,实施工程师,郑州-金水区,8000-16000元,青岛安然物联网科技有限公司,"物联网,物联网",20-99人,未融资,CC559764920J40565733004,需要弱电技术、自动化、安防系统、工业互联网+、物联网人才，不要纯软件人才。  你能经常到全国各地出差吗？你能到工业生产现场生产现场做技术支持吗？     真正的奋斗者在安然会有让人值得为之奋斗的事业，会有充实、高效的成长，会有高人一等的收入。,3月8日,基于精准人员定位的工业安全生产信息化管理专家，安全生产信息化管理引领者！作为全国实时定位技术标准工作组成员和应急管理部“工业互联网+危化安全生产”人员定位系统技术支持机构，安然从2012年起致力于基于ZigBee Plus三维立体按需精准定位的“工业互联网+安全生产”的研究，获得了20多项安全智能管控系统发明专利和著作权，持续引领中国化工行业生产现场智慧安全！安然以“准、稳、狠”的ZigBee Plus三维立体按需精准人员定位统和“底数清、数据准、情况明、研判准、措施实”的安全生产信息化平台为核心，整合访客管理、出入口控制、人脸识别、视频监控、语音广播、重大危险源监控、可燃有毒气体监测等系统，对生产现场人、机、料、法、环五大要素进行实时、动态、智能管控和预警，规范人的安全行为，保障人的生命安全，有效防范风险、主动化解风险，实现智慧安全。安然“以用为本”，把安全生产信息化建设与公司管理体系“深度融合”，把安全生产信息化建设与日常工作“紧密结合”，对安全生产切实“有用、实用、好用”，避免建用“两张皮”，让安全管控更智能，让生产更高效才实用。迄今已服务中石化、中石油、延长石油、国能、兖矿、京能、索普、新安、奇美、昊源、潞安、旭阳、垦利、逸盛、海科、酒钢、金发等几百家石化、化工、选煤、钢铁、电厂企业。安然以客户为中心，以强者为本，抬头乐干，愿意与同道中人联合、链接，携手共建、共用、共享生产安全命运共同体，一起干，一起干，让优秀企业更安全，让优秀企业更高效！,"https://www.zhaopin.com/jobdetail/CC559764920J40565733004.htm?refcode=4019&srccode=401901&preactionid=a7c1140f-c46c-45e5-b867-ab342d8bdc77"
2354,技术支持工程师,苏州-常熟市,9000-18000元,青岛安然物联网科技有限公司,"物联网,物联网",20-99人,未融资,CC559764920J40823801404,需要弱电技术、自动化、安防系统、工业互联网+危化安全生产、物联网人才，不要纯软件人才。  你能经常到全国各地出差吗？你能到工业生产现场生产现场做技术支持吗？   真正的奋斗者在安然会有让人值得为之奋斗的事业，会有充实、高效的成长，会有高人一等的收入。   你能做好售前技术支持、根据客户需求，高效制作方案吗？你能做好售中技术支持、指导他人正确安装、部署、调试系统向用户保质保量快速交付吗？你能做好售后维护，高效沟通和落实客户需求吗？   迄今已服务中石化、中石油、延长石油、国能、兖矿、京能、索普、新安、奇美、昊源、潞安、旭阳、垦利、逸盛、海科、酒钢、金发等几百家石化、化工、选煤、钢铁、电厂企业。    安然以客户为中心，以强者为本，抬头乐干，愿意与同道中人联合、链接，携手共建、共用、共享生产安全命运共同体，一起干，一起干，让优秀企业更安全，让优秀企业更高效！,5月19日,基于精准人员定位的工业安全生产信息化管理专家，安全生产信息化管理引领者！作为全国实时定位技术标准工作组成员和应急管理部“工业互联网+危化安全生产”人员定位系统技术支持机构，安然从2012年起致力于基于ZigBee Plus三维立体按需精准定位的“工业互联网+安全生产”的研究，获得了20多项安全智能管控系统发明专利和著作权，持续引领中国化工行业生产现场智慧安全！安然以“准、稳、狠”的ZigBee Plus三维立体按需精准人员定位统和“底数清、数据准、情况明、研判准、措施实”的安全生产信息化平台为核心，整合访客管理、出入口控制、人脸识别、视频监控、语音广播、重大危险源监控、可燃有毒气体监测等系统，对生产现场人、机、料、法、环五大要素进行实时、动态、智能管控和预警，规范人的安全行为，保障人的生命安全，有效防范风险、主动化解风险，实现智慧安全。安然“以用为本”，把安全生产信息化建设与公司管理体系“深度融合”，把安全生产信息化建设与日常工作“紧密结合”，对安全生产切实“有用、实用、好用”，避免建用“两张皮”，让安全管控更智能，让生产更高效才实用。迄今已服务中石化、中石油、延长石油、国能、兖矿、京能、索普、新安、奇美、昊源、潞安、旭阳、垦利、逸盛、海科、酒钢、金发等几百家石化、化工、选煤、钢铁、电厂企业。安然以客户为中心，以强者为本，抬头乐干，愿意与同道中人联合、链接，携手共建、共用、共享生产安全命运共同体，一起干，一起干，让优秀企业更安全，让优秀企业更高效！,"https://www.zhaopin.com/jobdetail/CC559764920J40823801404.htm?refcode=4019&srccode=401901&preactionid=a7c1140f-c46c-45e5-b867-ab342d8bdc77"
2355,测试工程师,成都-成华区,9000-13000元,重庆科满福人力资源服务有限公司,企业服务,20-99人,,CCL1487604860J40929196604,【岗位职责】： 1、软件测试岗位职责  2、接受测试任务，进行需求分析 3、按照测试计划搭建测试环境，并保证测试环境的可靠性 4、按照测试计划编亏测试用例，保证测试用例合理有效 5、按照测试用例执行测试，及时发现缺陷，并使用工具进行管理缺陷 6、编写和提交测试报告，保证测试进度按计划完成 7、参与审核其他测试工程师的测试用例和报告 8、学习公司已有方案和推广使用新的测试技术和工具 ,7月7日,,"https://www.zhaopin.com/jobdetail/CCL1487604860J40929196604.htm?refcode=4019&srccode=401901&preactionid=a7c1140f-c46c-45e5-b867-ab342d8bdc77"
2356,科研人员,成都-锦江区,1-2万,湖南潇湘人力资源服务有限公司,"人力资源服务,培训/辅导服务,房地产中介,计算机硬件",300-499人,B轮,CC419440410J40707938316,博士硕士以及有留学经历的学士引进，需要博士硕士及有留学经历的学士人员参加，加入硕博高层次人才库，有愿意参加地方启*人才、领*人才、泰*人才 、火*人才、招才引智计划、海外优才计划等项目，都可以投递简历，可专职兼职灵活参加各各类**、企业、高校等项目，欢迎国内外博士硕士及有留学经历的学士人才投递简历（（学士报名必须有中留服认证，硕士博士可直接报名），可专兼职参加。 本公司有丰富的博士硕士人才库，有博士硕士项目也可洽谈沟通。,6月30日,湖南潇湘人力资源服务有限公司，系经工商行政管理局批准设立的，具有独立企业法人资格，并经人力资源和社会保障部批准备案，具有合法人力资源服务资质的，专业人力资源服务机构。公司积极响应国家号召，搭建供需平台，畅通就业渠道，充分发挥人力资源机构在促进就业中的积极作用，多渠道扩大就业。公司致力于打造成为立足湖南、覆盖全国的综合性专业人力资源服务供应商，依托于招聘会场和网络平台，为各企事业单位开展现场招聘、网络招聘、报纸招聘、代理招聘、招聘外包、劳务派遣、高级人才猎头和人力资源管理咨询等专业配套服务；为求职个人提供职业咨询、职业指导、职业介绍等就业服务。公司现场招聘平台--湖南招聘市场，于每周六、周日在贺龙体育场东门举办招聘会，欢迎各企事业单位和各类人才通过现场直面交流，我们将以专业、专注的精神，为您招才、择业，提供全面、优质的服务！招聘热线：400-000-7318、0731-83759001/02/03/04/05/06/07/08/09/10招聘会场：贺龙体育场正东门--湖南招聘市场(芙蓉中路、侯家塘北、摩天轮广场上台阶)乘车路线：1：乘105、115、150、159路至“侯家塘北”2：乘101、104、701、702、703、905路、长株潭201路至“侯家塘-芙蓉中路”3：乘旅2、2、4、8、104、123、137、140、145、160、202、314、402、601、803、804、906、908路至“侯家塘西”往芙蓉路至“侯家塘北”详情请访问： http://www.hnzpsc.com,"https://www.zhaopin.com/jobdetail/CC419440410J40707938316.htm?refcode=4019&srccode=401901&preactionid=a7c1140f-c46c-45e5-b867-ab342d8bdc77"
2357,科研人员,无锡-惠山区,3-5万,无锡益企科技企业服务有限公司,人工智能,100-299人,,CCL1284178800J40678137202,【应聘条件】 1.在海内外高水平大学获得博士学位，或有长期海外工作经历的博士生，电子信息、新材料、人工智能、集成电路、生物医药、高端装备制造等领域，科研成果突出。 2.品学兼优、身心健康，年龄一般不超过 40 岁。 3.具有较强团队合作精神、较高科研热情、较强英文读写与交流的能力。 4.有海外学历、工作背景优先。,4月25日,,"https://www.zhaopin.com/jobdetail/CCL1284178800J40678137202.htm?refcode=4019&srccode=401901&preactionid=a7c1140f-c46c-45e5-b867-ab342d8bdc77"
2358,前端开发,苏州-太仓市,1.2-1.5万,成都宏进悦商务信息咨询有限公司,电子商务,20-99人,,CCL1507304710J40827548808,岗位内容： 1. 设计和开发适用于不同设备的易于使用的网站 2. 参与产品原型设计和产品需求分析 3. 跟进技术趋势及前端开发最佳实践，不断提升团队的技术水平 任职要求： 1. 两年以上前端开发经验，掌握HTML5/CSS/JavaScript等前端技术和常用框架 2. 具备良好的学习能力和解决问题的思维能力，能够配合其他团队成员完成项目工作 3. 对新技术有好奇心，并愿意持续学习和提高,7月29日,四川宏进悦商务信息有限公司成立于2018年，位于成都金牛区，专注于为企业客户提供管理咨询、职业培训及商务渠道拓展等专业化服务。公司业务涵盖战略规划、流程优化、团队建设及市场资源整合等领域，致力于通过系统性解决方案助力客户提升管理效能与市场竞争力。基于多年行业深耕，公司已形成以职业培训与渠道管理为核心的业务体系，拥有经验丰富的服务团队，在保险、金融及商务服务领域积累了丰富的实践案例。团队通过定制化培训课程、渠道资源对接及项目管理支持，持续为客户创造价值。公司注重人才培养与专业能力建设，通过规范化的服务流程和务实创新的工作理念，为员工提供职业成长平台，推动企业与人才共同发展。,"https://www.zhaopin.com/jobdetail/CCL1507304710J40827548808.htm?refcode=4019&srccode=401901&preactionid=a7c1140f-c46c-45e5-b867-ab342d8bdc77"
2359,软件测试,武汉-江夏区,1.5-3万·16薪,科锐尔人力资源服务(苏州)有限公司,咨询服务,1000-9999人,已上市,CC453635220J40630305903,base：深圳、东莞、上海、南京、苏州、杭州、武汉、西安、成都、北京、广州、济南、长沙等多地区可选，线上面试，面试定薪定级，初中高级都有hc。,5月12日,"科锐国际人力资源有限公司成立于1996年，总部位于北京。作为亚洲领先的整体人才解决方案服务商，科锐国际在中国大陆、香港、印度、新加坡等亚洲地区拥有超过79家分支机构，1,500余名专业招聘顾问，在超过18个行业及领域为客户提供中高端猎头、招聘流程外包、灵活用工、营销外包、校园招聘、培训、招聘咨询等解决方案。截至目前，科锐已与2,000余家跨国集团、国内上市公司、快速成长性企业及非盈利组织建立长期合作关系。其中70%为外资500强企业。","https://www.zhaopin.com/jobdetail/CC453635220J40630305903.htm?refcode=4019&srccode=401901&preactionid=a7c1140f-c46c-45e5-b867-ab342d8bdc77"
2360,软件测试,上海-闵行区,面议,中软国际,"计算机软件,运营商/增值服务",10000人以上,已上市,CC508620120J40764958812,1.本科及以上学历，计算机软件相关专业，计算机理论基础扎实; 2.具备1年及以上软件测试工程经验，熟练掌握常用软件测试用例设计方法; 3.熟悉c/C++编程语言，具备较强代码阅读能力; 4.具备良好的英语读写能力，CET-4及以上优先; 5.熟悉LDRA Testbed工具，拿据基于Testbed静态分析、结构覆盖分析和单元测试方法者优先; 6.具备较强的沟通能力、语言表达能力、以及很强的分析问题和解决问题的能力; 7、具有较强的学习能力和执行力。,4月20日,中软国际是行业领先的全球化软件与信息技术服务企业，成立于2000年，为香港主板上市公司（股票代码：00354.HK），拥有中国分支40+、海外分支14个，拥有员工超过9万人，服务覆盖超过40个国家。中软国际应用开发与管理专业沉淀深厚，企业数字化转型的最佳实践和专家人才充沛。公司与华为等战略伙伴一起，构建软件产业互联网平台，领先技术变革，提升产业效率，致力于使能软件企业引领发展，服务制造企业转型升级，为政企客户提供“好、快、多、省”的信息技术服务。中软国际四大业务蓬勃发展：夯实基石业务作为第一增长曲线的地位，确定云智能业务为第二增长曲线，发展鸿蒙生态、解放号为第三增长曲线，推动解放号作为软件产业互联网平台全面升级。公司在云计算、大数据、人工智能、物联网、移动互联网等方面具有丰富的咨询、设计、实施和服务经验，是全球客户数字化转型的共创伙伴。公司长期服务于多家全球500强企业等头部客户和众多高成长潜力客户，覆盖金融、电信、互联网、高科技、政府、制造与流通、交通、能源、教育等行业。公司已连续四年创造超百亿人民币营收，并立志在未来成为全球最优秀IT服务商之一。,"https://www.zhaopin.com/jobdetail/CC508620120J40764958812.htm?refcode=4019&srccode=401901&preactionid=a7c1140f-c46c-45e5-b867-ab342d8bdc77"
2361,实施工程师,绵阳-涪城区,4000-6000元,中智四川经济技术合作有限公司,人力资源服务,100-299人,不需要融资,CC158905110J40749824309,岗位职责： 1、通过仪器、仪表完成对对产品的全温度段的测试、调试，针对测试、调试中出现的问题进行排故维修； 2、需出差参与售后保障及外场试验任务，时间长短不定。,7月24日,中智集团中国国际技术智力合作集团有限公司（以下简称“中智集团”），成立于1987年，是国务院国有资产监督管理委员会直接管理的一家以人力资源服务为核心主业的中央一级企业。中智集团按照“一体两翼”的业务布局，“一体”指人力资源服务。主要包括人事管理、人才派遣、业务外包、招聘及灵活用工、管理咨询、健康福利、国际人力资源服务以及人力资源技术服务九个业务条线。“两翼”指科技创新和智力开发业务。科技创新业务主要包括技术服务、信息科技服务等；智力开发业务主要包括教育培训、其他人力资本增值服务等业务。中智四川中智四川经济技术合作有限公司（简称中智四川）成立于2003年（1988年设立办事处），是中央直接管理的国有骨干企业中智集团在西南地区的重要战略支点与经营服务中心。多年来，中智四川致力于为区域人力资源发展提供全方位优质服务平台，在人力资源服务、HR价值链创造以及人力资源生态圈建设等方面作出积极贡献。目前，中智四川在西南地区已设立28家分支机构，服务网点覆盖率、客户整体服务能力、数字化服务水平均处于行业领先地位，连续多年位居区域人力资源服务业榜首。凭借优质的服务，高效的组织能力获得人社部“全国人力资源诚信服务示范机构”称号，连续多年获得“四川服务业企业100强”、“四川数字经济企业100强”、“省5A级人力资源服务企业”、“大学生就业创业优秀先进单位”等荣誉，以实干获得社会各界认可。,"https://www.zhaopin.com/jobdetail/CC158905110J40749824309.htm?refcode=4019&srccode=401901&preactionid=a7c1140f-c46c-45e5-b867-ab342d8bdc77"
2362,Java,深圳-龙岗区,1.5-2.7万·14薪,科锐尔人力资源服务(苏州)有限公司,咨询服务,1000-9999人,已上市,CC453635220J40789694103,1、有通用软件开发、软件算法、媒体算法、音频算法、自动化控制制、精密装备开发与自动化等软件相关工作经验: 2、热爱编程，基础扎实，熟悉掌握但不限于JAVA/C++/C/Python/JS/HTML/GO等编程语言中的一种或数种，有良好的编程习惯; 3、具备独立工作能力和解决问题的能力、善于沟通，乐于合作，热衷新技术，善于总结分享，喜欢动手实践; 导师一带一，六险一金,5月15日,"科锐国际人力资源有限公司成立于1996年，总部位于北京。作为亚洲领先的整体人才解决方案服务商，科锐国际在中国大陆、香港、印度、新加坡等亚洲地区拥有超过79家分支机构，1,500余名专业招聘顾问，在超过18个行业及领域为客户提供中高端猎头、招聘流程外包、灵活用工、营销外包、校园招聘、培训、招聘咨询等解决方案。截至目前，科锐已与2,000余家跨国集团、国内上市公司、快速成长性企业及非盈利组织建立长期合作关系。其中70%为外资500强企业。","https://www.zhaopin.com/jobdetail/CC453635220J40789694103.htm?refcode=4019&srccode=401901&preactionid=a7c1140f-c46c-45e5-b867-ab342d8bdc77"
2363,Java,深圳-龙岗区,1.4-2.8万·14薪,外企德科数字技术有限公司,专业技术服务,10000人以上,,CCL1480117890J40793825905,1、统招本科及以上学历；接受无经验 2、熟悉Java/C/C++/Python等其中一种主流开发语言 3、有较强的学习能力、良好的团队协作能力、良好的沟通表达能力。,2025-07-27 00:26:00,外企德科数字技术有限公司是一家2023年新成立的中外合资企业。成立于2023年11月24日，公司定位：专注于为信息技术企业提供人才及数字技术外包解决方案的中外合资企业。它是由中国人力资源服务行业的FESCO（北京国际人力资本集团）与全球人力资源服务领导者The Adecco Group（德科集团）合资成立的。公司主要提供网络技术服务、软件外包服务、计算机系统服务、技术进出口、软件开发等信息技术相关服务。专注于为信息技术企业提供信息技术类人才及数字技术外包解决方案。,"https://www.zhaopin.com/jobdetail/CCL1480117890J40793825905.htm?refcode=4019&srccode=401901&preactionid=a7c1140f-c46c-45e5-b867-ab342d8bdc77"
2364,测试工程师,青岛-市北区,7000-13000元·13薪,青岛富欣城轨科技有限公司,"通信/网络设备,通信/网络设备",20-99人,未融资,CCL1285826520J40752809502,"岗位职责： 1.参与MMS、IOM版本端到端的研发和交付，负责产品特性和端到端解决方案的测试方案输出、测试执行，端到端测试环境组网搭建，测试交付件输出，商用质量评估，闭环改进；；  2.深入理解客户及行业的应用场景，基于客户化视角完成产品功能、测试场景设计、测试执行MMS, IOM现场问题、客户问题的定位、分析；",7月14日,青岛富欣城轨科技有限公司是由青岛地铁集团、上海富欣智能交通控制有限公司(由中铁电气化局控股）共同组建的城市轨道交通核心系统--信号系统高新技术企业，公司以地铁信息化、智能化、智慧化建设为目标，借力青岛地铁的广阔市场，是行业领先的科技创新型企业。公司从事的列车自主运行系统（简称为TACS系统）是以“车-车”通信为基础，以车载控制平台为核心，实现列车自主进路、自主防护、自主调整和自动驾驶的全新轨道交通列车控制系统，该系统实现了全面的自主创新，达到国际领先水平；并已明确纳入了国家发改委颁布的《产业结构调整指导目录》以及中国城市轨道协会印发的《中国城市轨道交通智慧城轨发展纲要》。我公司现虽成立时间不长，但基于母公司强大的市场空间和技术能力，已经承建了数亿元的国家示范工程“青岛市地铁6号线一期工程项目”，公司着力为员工提供广阔的发展空间和晋升机会，同时，也为广大员工提供年度健康体检、人才住房购房、年节礼品等多样化福利待遇,"https://www.zhaopin.com/jobdetail/CCL1285826520J40752809502.htm?refcode=4019&srccode=401901&preactionid=a7c1140f-c46c-45e5-b867-ab342d8bdc77"
2365,C/C++,北京-None,1-1.6万,北京麦邦光电仪器有限公司,"医疗设备/器械,医疗设备/器械",300-499人,未融资,CC120891810J40205425511,岗位职责：,7月31日,北京麦邦光电仪器有限公司成立于2004年，专业从事人体各种生命体征监测/检测、心脏急救设备与系统的高端医疗器械的研制、生产、销售及服务。公司坐落于中关村科技园区大兴生物医药产业基地，总建筑面积共计30000平米，是拥有研发办公大楼、生产楼及配套服务楼的高科技产业集团。作为国内“血管病检测与心脏急救技术”领域的领军企业，公司是国家级高新技术企业，拥有北京市工程实验室，博士后科研工作站，是北京市专利试点企业，中关村科技园区百家创新型试点企业，北京市G20后备企业。承担多项国家和北京市科研攻关及产业化项目，拥有千余台先进的研发、生产和检测设备。每年至少2-3个项目和产品实现工程化、产业化。公司主页：http://www.mbelec.com,"https://www.zhaopin.com/jobdetail/CC120891810J40205425511.htm?refcode=4019&srccode=401901&preactionid=a7c1140f-c46c-45e5-b867-ab342d8bdc77"
2366,硬件测试,沈阳-沈河区,4000-6000元,沈阳赢德科技服务有限公司,"通信/网络设备,计算机硬件,通信/网络设备",20-99人,未融资,CCL1495087460J40865770215,【岗位职责】 1、协助上级负责各类设备的调试，检测等工作 2、对设备进行分析总结，发现问题及时上报； 3、完成上级交办的其他任务。 【任职资格】 1、大专及以上学历 2、可接受应、往届生，工作态度认真勤恳，积极负责； 3、能在公司长期稳定发展。 【福利待遇】 1、薪资=无责底薪+项目奖金； 2、每半年至一年可以申请上调薪资和岗位晋升； 3、早九晚六，八小时工作制,7月23日,本公司专业从事通信业务，多年来积累了丰富的施工经验。公司始终坚持以科技创新、合作共赢、诚信高效、服务一流等理念，打造自己的口碑，我公司本着“质量第一、顾客至上、诚信守法、务实创新”的企业原则，以发展通信建设施工为重点，全面重视质量管理、目标管理，将现代化管理方法应用于工程实践中，在保证工程质量的前提下确保工程工期，保证建设单位的投资尽快形成生产能力，提高经济效益。公司紧随通信行业发展及运营商战略转型的步伐，以“信息与媒体运营商的服务商”为战略定位，以“服务至诚、环境至善、安全至臻、追求至精”为宗旨，竭诚为广大通信运营商提供优质而满意的服务，共同促进我国的通信事业发展。,"https://www.zhaopin.com/jobdetail/CCL1495087460J40865770215.htm?refcode=4019&srccode=401901&preactionid=a7c1140f-c46c-45e5-b867-ab342d8bdc77"
2367,科研人员,济南-历下区,1.5-2万·14薪,上海伯筱科技有限公司,电子/半导体/集成电路,20-99人,,CCL1291158590J40616256106,储能、涉水业务高端装备研发、科研课题申报 基础设施类高端装备研发、科研课题申报 绿色建筑、绿色建材、低碳建筑材料产品、部品设计研发、科研课题申报 智慧房建、基础设施高端装备制造、科研课题申报 智慧建造软件开发及运维、科研课题申报,11月20日,,"https://www.zhaopin.com/jobdetail/CCL1291158590J40616256106.htm?refcode=4019&srccode=401901&preactionid=a7c1140f-c46c-45e5-b867-ab342d8bdc77"
2368,技术支持工程师,济宁-任城区,7000-14000元,青岛安然物联网科技有限公司,"物联网,物联网",20-99人,未融资,CC559764920J40565333604,需要弱电技术、自动化、安防系统、工业互联网+、物联网人才，不要纯软件人才。   ,7月15日,基于精准人员定位的工业安全生产信息化管理专家，安全生产信息化管理引领者！作为全国实时定位技术标准工作组成员和应急管理部“工业互联网+危化安全生产”人员定位系统技术支持机构，安然从2012年起致力于基于ZigBee Plus三维立体按需精准定位的“工业互联网+安全生产”的研究，获得了20多项安全智能管控系统发明专利和著作权，持续引领中国化工行业生产现场智慧安全！安然以“准、稳、狠”的ZigBee Plus三维立体按需精准人员定位统和“底数清、数据准、情况明、研判准、措施实”的安全生产信息化平台为核心，整合访客管理、出入口控制、人脸识别、视频监控、语音广播、重大危险源监控、可燃有毒气体监测等系统，对生产现场人、机、料、法、环五大要素进行实时、动态、智能管控和预警，规范人的安全行为，保障人的生命安全，有效防范风险、主动化解风险，实现智慧安全。安然“以用为本”，把安全生产信息化建设与公司管理体系“深度融合”，把安全生产信息化建设与日常工作“紧密结合”，对安全生产切实“有用、实用、好用”，避免建用“两张皮”，让安全管控更智能，让生产更高效才实用。迄今已服务中石化、中石油、延长石油、国能、兖矿、京能、索普、新安、奇美、昊源、潞安、旭阳、垦利、逸盛、海科、酒钢、金发等几百家石化、化工、选煤、钢铁、电厂企业。安然以客户为中心，以强者为本，抬头乐干，愿意与同道中人联合、链接，携手共建、共用、共享生产安全命运共同体，一起干，一起干，让优秀企业更安全，让优秀企业更高效！,"https://www.zhaopin.com/jobdetail/CC559764920J40565333604.htm?refcode=4019&srccode=401901&preactionid=a7c1140f-c46c-45e5-b867-ab342d8bdc77"
2369,科研人员,西安-雁塔区,1-2万,湖南潇湘人力资源服务有限公司,"人力资源服务,培训/辅导服务,房地产中介,计算机硬件",300-499人,B轮,CC419440410J40707380516,博士硕士以及有留学经历的学士引进，需要博士硕士及有留学经历的学士人员参加，加入硕博高层次人才库，有愿意参加地方启*人才、领*人才、泰*人才 、火*人才、招才引智计划、海外优才计划等项目，都可以投递简历，可专职兼职灵活参加各各类**、企业、高校等项目，欢迎国内外博士硕士及有留学经历的学士人才投递简历（（学士报名必须有中留服认证，硕士博士可直接报名），可专兼职参加。 本公司有丰富的博士硕士人才库，有博士硕士项目也可洽谈沟通。,6月30日,湖南潇湘人力资源服务有限公司，系经工商行政管理局批准设立的，具有独立企业法人资格，并经人力资源和社会保障部批准备案，具有合法人力资源服务资质的，专业人力资源服务机构。公司积极响应国家号召，搭建供需平台，畅通就业渠道，充分发挥人力资源机构在促进就业中的积极作用，多渠道扩大就业。公司致力于打造成为立足湖南、覆盖全国的综合性专业人力资源服务供应商，依托于招聘会场和网络平台，为各企事业单位开展现场招聘、网络招聘、报纸招聘、代理招聘、招聘外包、劳务派遣、高级人才猎头和人力资源管理咨询等专业配套服务；为求职个人提供职业咨询、职业指导、职业介绍等就业服务。公司现场招聘平台--湖南招聘市场，于每周六、周日在贺龙体育场东门举办招聘会，欢迎各企事业单位和各类人才通过现场直面交流，我们将以专业、专注的精神，为您招才、择业，提供全面、优质的服务！招聘热线：400-000-7318、0731-83759001/02/03/04/05/06/07/08/09/10招聘会场：贺龙体育场正东门--湖南招聘市场(芙蓉中路、侯家塘北、摩天轮广场上台阶)乘车路线：1：乘105、115、150、159路至“侯家塘北”2：乘101、104、701、702、703、905路、长株潭201路至“侯家塘-芙蓉中路”3：乘旅2、2、4、8、104、123、137、140、145、160、202、314、402、601、803、804、906、908路至“侯家塘西”往芙蓉路至“侯家塘北”详情请访问： http://www.hnzpsc.com,"https://www.zhaopin.com/jobdetail/CC419440410J40707380516.htm?refcode=4019&srccode=401901&preactionid=a7c1140f-c46c-45e5-b867-ab342d8bdc77"
2370,科研人员,深圳-南山区,1.1-1.7万,香港中文大学深圳研究院,"政府/公共事业,学术/科研,科学技术推广",100-299人,不需要融资,CC224678420J40678036206,主要负责消化道肿瘤发病过程中肠道微生物群落组成、基因组结构及优势菌变化特征的相关研究，同时协助上级领导进行实验室管理等。,5月28日,2007年5月，在深圳市的支持下，香港中文大学在深圳设立香港中文大学深圳研究院（简称“深研院”）。深研院主体大楼坐落于深圳虚拟大学园国家大学科技园内，于2011年11月落成并投入使用。大楼建筑面积约2.5万平方米，地上建筑9层，设有大型演讲厅、培训课室、科研实验区及培育中小企业工作区等不同的应用区域，为科学研究，人才培训、产业合作及技术转移等提供场地和设施。学研提升结合国家科技发展规划与深圳市科技发展需求，深研院重点推动生物医药、信息科技及可持续发展等领域的科研发展。目前，香港中文大学深圳研究院已建立3个国家重点实验室的深圳基地，包括消化疾病研究国家重点实验室深圳研究基地、农业生物技术国家重点实验室深圳基地、再生医学教育部重点实验室深圳基地，另有4个深圳市重点实验室及3个深圳市工程实验室。经过数年悉心发展，深研院的科研实力获得了国家的认可，作为国家、省市项目的依托单位，已承担各级科研项目500余项。此外，深研院积极推动产学研合作，重视横向项目的合作与发展，利用优秀的研究平台和研究资源，吸引科研项目落地，并通过与外部机构合作，在促进科研产业化的同时进一步提升科研水平。人才培育深研院依托中大的优势师资资源和深厚的教学、科研基础，结合深圳市乃至全国范围内对高层次、专业化、国际化人才的需求；延续中大中英兼重、多重文化的教育传统，策划并开展各类面向全社会、适合本地经济社会发展的培训工作，旨在为深圳、粤港澳大湾区乃至全国培养优秀人才，为业界在相关领域的技术进步提供良好的技术与理论支持。深研院积极配合与落实深圳市政府有关高层次人才就业的系列政策，推动博士后入站、高层次人才认定等相关工作。此外，深研院不定期开展国际学术研讨会及讲座，在提升人才专业技能的同时促进不同行业间专业人士的沟通、交流，为培育高端人才搭建高层次的平台。全球接轨深圳作为大湾区中最具创新活力的城市之一，深研院通过举办国际性的论坛、研讨会、工作坊等，吸引全球各地来自不同领域的人才聚首深圳，为学术研讨提供国际性视野和平台，推动国际高端技术成果、项目的落地。截至2023年12月，深研院已经成功举办深圳·联合国气候峰会COP28新机遇大会、粤港澳大湾区发展论坛、中以合作创新论坛、3D打印与再生医学国际论坛暨工作坊等国际性的学术活动。吸引了来自中国大陆、港澳台、德国、以色列、英国、美国等不同国家或地区的学者的积极响应和参与。创新发展深研院立足地方产业发展的技术优势，不断激发科技活力和推动技术成果高效转化；坚持“技术创新，开放共享”的理念，持续加强与社会各界的合作创新。此外，深研院通过引进大学系统、健全的知识产权和技术转移管理体系，在为横纵发展和科研团队管理提供完备服务与指引的同时，积极探索科研机构、科研项目管理和技术转移的新模式。深研院于2018年成立众创中心，中心立足于本地，进行初创公司的培育孵化，旨在形成创业生态系统，促进深港两地产学研深入合作，以带动新一代信息技术、生物科学、智能制造等战略性产业的创新和发展。,"https://www.zhaopin.com/jobdetail/CC224678420J40678036206.htm?refcode=4019&srccode=401901&preactionid=a7c1140f-c46c-45e5-b867-ab342d8bdc77"
2371,科研人员,郑州-金水区,7000-14000元,郑州中科新兴产业技术研究院,"学术/科研,石油/石化,矿产/采掘,医药制造",100-299人,未融资,CC429084980J40521772512,招聘人数：6人 招聘方向一：数字孪生研发人员 专业要求：计算机、信息、自动化等相关专业； 岗位职责： 1、负责化工装置数字孪生模型关键算法的设计、开发、参与系统级联试； 2、结合生产工艺与流程，抽象工业现场数据模型，与装备模型相结合，建立数字样机工艺模型库；  3、搭建数字孪生平台，并完成交互接口、数据管理、微服务划分与实现等设计与开发； 4、基于平台开发数字孪生工厂系统，根据实际需求完成应用功能开发； 应聘条件： 1、硕士及以上学历，计算机、信息、自动化等相关专业；有相关经验者优先； 2、掌握C/C++/Python等语言开发，有良好的面向对象思维，扎实的数据结构、语法基础； 3、熟悉常用的数据结构、算法等基础知识，优秀的设计，编码，调试技能； 4、有大型软件系统开发经验的优先； 5、具有虚拟仿真、数字孪生等领域和行业经验优先。 招聘方向二：智慧系统研发人员 专业要求：计算机、数学、化工、机械、测控、电气、工业工程等相关专业； 岗位职责： 1、根据需求分析物理模型或系统的内在机理，结合数字孪生模型建立工厂智慧系统； 2、基于机器学习、深度学习等技术开发智能优化、智能预警和生产管理决策系统；  4、负责梳理总结数字孪生模型及智慧系统，并对其持续优化。 应聘条件： 1、 硕士及以上学历，计算机、数学、化工、机械、测控、电气、工业工程等相关专业； 2、 熟悉数据结构，理解面向对象编程思想，具备良好的编程能力及算法； 3、 了解仿真理论知识，具备一定的数学基础； 4、 熟悉深度学习框架和经典的神经网络结构； 5、 具有虚拟仿真、数字孪生等领域和行业经验优先； 6、 具有算法开发经验优先； 7、 具有清晰的系统思维逻辑、结构化思考能力和良好的沟通协调能力，乐于接触新知识新领域挑战。 招聘方向三：分子模拟研发人员 专业要求：计算机、化工、人工智能等相关专业； 岗位职责： 1、根据项目需要进行电解水相关催化材料的DFT及其他方面计算，结合计算数据与机器学习方法，高通量筛选高性能催化剂； 2、结合机器学习，自然语言处理等方法进行文献数据采集，建立氢能关键催化材料数据库； 3、建立数据库可视化界面，搭建氢能关键催化材料智能设计平台。 应聘条件： 1、硕士及以上学历，计算机、化工、人工智能等相关专业； 2、硕士发表SCI论文1篇，博士发表SCI论文2篇； 3、有相关DFT计算及电化学计算相关经验者优先考虑； 4、熟悉Python、机器学习、自然语言处理等相关领域者优先考虑。 应聘方式 1、报名提交材料：提供个人简历（含照片）、研究工作经历及其他能证明本人能力水平的相关资料（学历和学位证书扫描件、发表论文/申请专利电子版、学位论文摘要、获奖情况等详细材料），邮件标题注明“姓名-毕业学校-专业-申请岗位”，并发送至相关邮箱。 2、研究部初步面试：初选合格者，请准备PPT竞聘报告（报告10分钟以内，答辩10分钟）。PPT报告内容主要包括：（1）个人基本情况；（2）工作业绩；（3）对应聘岗位理解与认识；（4）未来工作设想。初步面试和答辩时间直接通知应聘者本人。 3、研究院复试：人事部门统一组织综合素质测评及面试（一般研究院面试比例不超过1:3），对参加研究院复试人员报销单程路费（高铁二等座以下、铁路硬卧/硬座、长途汽车、飞机经济舱等），对录用报到人员报销返程路费。 4、体检：在面试中表现突出者，人事部门通知赴指定医院进行入职体检（由研究院承担相关费用）。 5、确定拟录用人员：根据申请人基本情况、综合素质测评、面试情况和体检结果综合考虑，由院务会确定拟录用人员，由组织人事部负责办理相关手续。,11月19日,郑州中科新兴产业技术研究院成立于2016年8月，是中科院过程工程所和郑州市人民政府、金水区人民政府三方共建的科研事业单位。作为郑州市引进的首家中科院系统分支科研机构，研究院定位于技术研发、成果转化、人才培育和企业孵化，重点在新能源技术、节能环保、绿色技术、新材料、工程技术、民生工程等领域进行科研布局。研究院打造引领产业变革的协同创新科技研发平台，获批“河南省重大新型研发机构”、“河南省产业技术创新平台”、“河南省储能过程与系统工程技术研究中心”、“郑州市环张力高能燃料重点实验室”等多个科技研发平台，获批2016-2018年度郑州市先进创新型平台，建成约2000㎡的锂电池技术、MMA和尼龙56前驱体绿色技术等多个中试研发平台；构建了高效的科技与成果转化体系，开发并转化了一批关键性技术，促进区域产业经济发展，在相关领域创造了显著的经济效益和社会效益；成立多个企业联合实验室，实现把企业搬进研究院，把科研融入企业中；大力引进和培养青年科技人才，形成了研发-工程-产业化的高水平人才团队，拥有由院士、杰青等高层次人才等带领的多支科研团队；积极实行科教融合战略，与郑州大学、河南大学、河南师范大学等高校分别共建研究生联合培养基地，并于2019年11月获批“郑州市级博士后创新实践基地”。研究院现有三个园区：杨金园区（在用）、智汇谷园区（在用）、贾鲁河园区（在建）。其中智汇谷园区建筑面积2万㎡，2019年12月已正式投入使用；贾鲁河园区占地约200亩，一期工程6万㎡，预计将于2020年底建成投用。研究院遵循“需求驱动、以人为本、循序渐进、世界一流”的发展理念，以中原地区经济转型升级的迫切需求为驱动，借助中科院智力和人力优势，联合地方高校和科研机构，引进并培养一批具备科研、工程化和企业运作能力的优秀人才，研发并转化一批有针对性的重大科研成果，力求打造“基础-应用-产业化”的贯通式研发模式，为中原地区战略新兴产业发展和传统产业改造升级发挥技术支撑和引领带动作用。,"https://www.zhaopin.com/jobdetail/CC429084980J40521772512.htm?refcode=4019&srccode=401901&preactionid=a7c1140f-c46c-45e5-b867-ab342d8bdc77"
2372,实施工程师,南京-浦口区,6000-8000元,南京港能环境科技有限公司,"环保,检测/认证,IT服务,仪器仪表制造",100-299人,未融资,CC245168510J40701263016,岗位职责： 1、负责水质监测仪器（电化学、滴定法等）技术调研、关键技术研究和核心测量子系统预研； 2、负责水质监测仪器方法开发、验证测试、问题分析； 3、负责指导开发样机的系统测试工作； 4、负责产品系统设计方案和项目技术风险管理； 5、参与产品的现场应用研究和产品持续改进； 6、 跟踪并改进水质分析系统或监测仪器在应用过程中的问题； 7、参与专利编写、标准制定和科研项目申报工作。 岗位要求： 1、本科及以上学历，仪器科学与技术、分析化学、应用化学相关专业相关专业； 2、较强的实验动手能力，能够根据任务需要设计实验方案、搭建实验装置、操作实验与问题分析总结； 3、能独立解决流路、测量子系统的相关问题，能够在指导下解决系统性问题； 4、具有良好的沟通协调和写作能力，适应多部门的协作； 5、科技文献数据库检索、阅读、分析，能阅读中英文科技论文，熟悉国内外技术网站； 6、有水质监测仪器，水质分析仪器的研究开发经验优先。,4月21日,南京港能环境科技有限公司（简称“港能公司”）创立于2008年，总部位于江苏南京，专注于自动监测仪器仪表创新研发和产业化创新应用的高新技术企业。十年以来始终坚持以客户为中心，基于客户需求与技术领先持续创新，并时刻聚焦客户的压力和挑战，为客户提供有竞争力的生态环境监测与防治解决方案。港能公司始终以“通过商业实践，推动生态文明进步”为使命，围绕自身的技术优势、本地化服务优势，通过技术、产品、业务及管理模式的不断创新，持续提升企业核心竞争力，依靠优质的产品品质与服务，获得了众多客户的青睐，实现了快速发展。在江苏、上海、安徽、河北、内蒙、陕西、甘肃、吉林、湖北、广东等地建立了长期的营销渠道客户关系，产品及解决方案已在全国70多个地区完成部署。,"https://www.zhaopin.com/jobdetail/CC245168510J40701263016.htm?refcode=4019&srccode=401901&preactionid=a7c1140f-c46c-45e5-b867-ab342d8bdc77"
2373,软件测试,北京-海淀区,120-130元/天,博彦科技承德有限公司,"IT服务,互联网",1000-9999人,已上市,CC637366030J40665144306,工作内容： ,4月16日,博彦科技（深交所上市公司，股票代码002649）是一家面向全球的IT咨询、产品、解决方案与服务提供商。公司成立于1995年，总部位于中国北京，并在中国、美国、西班牙、日本、印度、新加坡和马来西亚等7个国家设有40余家分支机构、研发基地或交付中心。博彦科技依托自身强大的研发与创新能力，广泛采用基于物联网、大数据、人工智能和移动互联等新兴技术，为高科技、金融、互联网、地产、交通、汽车、零售、能源、制造、航空、电信、媒体、旅游等行业客户提供丰富的解决方案及产品。博彦科技遵循严格的质量和安全标准，实施严密的安全措施，拥有成熟可靠的管理和开发流程，并获得CMMI 3、ISO 20000、ISO 9001、ISO 27001、ISO 14001、OHSAS 18001等一系列资质认证。公司凭借多年的行业积累、深厚的行业专长和成熟的行业实践、国际化的精英团队和完善的人才管理、完备的全球化交付与服务网络、以及无处不在的创新精神与实践，助力全球客户尽享科技革新所带来的卓越运营，为客户持续创造关键价值。,"https://www.zhaopin.com/jobdetail/CC637366030J40665144306.htm?refcode=4019&srccode=401901&preactionid=a7c1140f-c46c-45e5-b867-ab342d8bdc77"
2374,实施工程师,武汉-江夏区,8000-14000元,南京迈特望科技股份有限公司,"计算机软件,IT服务,互联网,运营商/增值服务",1000-9999人,已上市,CC142971790J40758560211,工作职责,7月16日,南京迈特望科技股份有限公司成立于2000年，注册资本4692.8万元，在职员工3000+人，于2016年8月10日在新三板挂牌，股票代码NEEQ:838955。公司主要从事I行业解决方案、智慧养老、020电子商务三大领域，为客户提供T人力外包解决方案、智慧养老解决方案、智能家居售后服务解决方案，业务遍及国内及日本等市场。公司旗下现有江苏锁安科技等20家分子公司南京迈特望科技股份有限公司是高新技术企业、软件企业，拥有发明专利2项、软件著权65项、软性产品26项，获得了ISO9001质量管理体系证、ISO27001信息安全管理体系认证、1SO20000T服务管理体系认证S014001环境管理体系认证、1SO45001职业健康安全管理体系认证CMMI3软性能力成熟度模型集成三级、CS2信息系统建设和服务能力评、AAA级信用企业、南京市信用管理培训合格企业证书、南京市工程技术研究中心等资质。公司是南京国际服务外包企业协会理事单位、养老服务信息化建设工作委员会(SSIDC)核心委员、人力资源产业协会理事单位、人工智能行业协会会员单位、江苏省信息化协会会员单位、江苏省老龄产业协会理事单位、软件谷云计算大数据信息安全产业联盟会员单位，并先后获得了江苏省技术先进型服务企业、江苏省试信经营示范单位等荣誉，是亚信、恒生电子、南瑞、中电鸿信、电信、微软、360、中兴、浩航、苏宁、上海俊、中移物联、北斗卫星研究院、江苏海隆、富士通、帆软、深信服、中通服、中控、感动科技、中国民生银行、京东五星、中建八局、拜特、中电智恒、上海道客、扬州莱斯等公司的核心合作伙伴。,"https://www.zhaopin.com/jobdetail/CC142971790J40758560211.htm?refcode=4019&srccode=401901&preactionid=a7c1140f-c46c-45e5-b867-ab342d8bdc77"
2375,技术支持工程师,长治-潞州区,5000-8000元,龙芯中科,"电子/半导体/集成电路,计算机硬件,计算机软件,电子/半导体/集成电路",500-999人,已上市,CC192745910J40723398309,岗位职责：  1.接听接待各类来电来访，并进行相关记录与处理。,7月24日,龙芯中科面向国家信息化建设需求，面向国际信息技术前沿，以创新发展为主题、以产业发展为主线、以体系建设为目标，坚持自主创新，全面掌握CPU指令系统、处理器IP核、操作系统等计算机核心技术，打造自主开放的软硬件生态和信息产业体系，为国家战略需求提供自主、安全、可靠的处理器，为信息产业的创新发展提供高性能、低成本的处理器和基础软硬件解决方案。龙芯中科主营业务为处理器及配套芯片的研制、销售及服务，主要产品与服务包括处理器及配套芯片产品与基础软硬件解决方案业务。目前，龙芯中科基于信息系统和工控系统两条主线开展产业生态建设，面向网络安全、办公与业务信息化、工控及物联网等领域与合作伙伴保持全面的市场合作，系列产品在电子政务、能源、交通、金融、电信、教育等行业领域已获得广泛应用。2022年科创板上市，股票代码：688047,"https://www.zhaopin.com/jobdetail/CC192745910J40723398309.htm?refcode=4019&srccode=401901&preactionid=a7c1140f-c46c-45e5-b867-ab342d8bdc77"
2376,Java,南昌-西湖区,1.2-1.5万,江西同济建设项目管理股份有限公司,咨询服务,500-999人,已上市,CC511966780J40711254514,岗位要求： 1、年龄30周岁以下，硕士研究生及以上学历，计算机相关专业; 2、具有五年以上相关工作经验，Java基础扎实，熟练使用常见设计模式; 3、熟悉JVM、多线程并发编程，能够根据业务情况优化系统性能，提升系统使用体验; 4、熟悉主流NI0框架，如netty，能根据实际业务场景，开发和性能优化; 5、熟悉主流后端框架，并了解其原理，包括Springboot、Spring Cloud、springMvc、mybatis、RocketMQ.KAFKA等; 6、熟悉oracle、mysql、达梦等主流数据库，能熟练编写SOL，了解sql编译执行原理，能够根据业务进行sql性能优化; 7、熟练掌握分布式系统设计，并熟练使用分布式框架和中间件，并具备组件化设计思想和经验;8、熟悉主流前端框架与其原理，vue、react、antd、webpack、Vite等; 9、具备良好的沟通能力，思路清晰，善于思考，配合团队协作开发，能够独立分析和解决问题;  岗位职责：   1、根据项目需求，进行技术方案选项，持续优化系统性   能，提升系统稳定性;   2、负责公司项目的后端开发工作，参与项目的需求分析、设计、编码及单元测试;3、参与系统架构设计，优化系统性能，保证系统的高可   用、高并发、可扩展性;   4、参与公司业务平台基础框架的开发、优化和改进维护:   5、参与公司系统核心组件的开发、优化和改进维护   6、参与预研与公司业务相关的前沿技术   7、负责解决开发过程中的技术难题。   ,2月5日,江西同济建设项目管理股份有限公司创立于二00二年，是江西省国资委监管、江西省投资集团公司下属的国有控股企业，2017年3月24日公司正式登陆新三板，证券简称：同济建管，证券代码：871076。是全国195家拥有住建部最高资质等级——工程监理综合资质企业之一，同时还具备人防、水利、地质灾害治理等多项专业工程监理资质。公司从事的经营范围为：工程造价、工程招标代理、政府采购代理、工程审计咨询服务、城市规划服务、工程勘察、工程设计、工程检测、桩基检测、工程监理、项目管理、全过程工程咨询。公司正以登陆新三板为契机，对接资本市场，冲击IPO，实现资本证券化，打造成中国建设工程项目管理综合服务供应商，争做行业领军企业。,"https://www.zhaopin.com/jobdetail/CC511966780J40711254514.htm?refcode=4019&srccode=401901&preactionid=a7c1140f-c46c-45e5-b867-ab342d8bdc77"
2377,前端开发,北京-海淀区,1.2-1.8万,中视天合信息科技有限公司,人工智能,100-299人,,CCL1492648310J40790120208,【岗位职责】1. 负责系统前端开发工作，能理解用户需求，确保前后端数据交互的顺畅和高效，提升前后端协作效率。 2.能独立完成项目的系统设计，模块设计，注重工具的模块化建设及可拓展性建设。,3月25日,,"https://www.zhaopin.com/jobdetail/CCL1492648310J40790120208.htm?refcode=4019&srccode=401901&preactionid=a7c1140f-c46c-45e5-b867-ab342d8bdc77"
2378,实施工程师,杭州-余杭区,6000-11000元,杭州华罡智能科技有限公司,"仪器仪表制造,仪器仪表制造",20-99人,未融资,CC479299180J40219141803,岗位职责：  1、负责供电公司用电信息采集仿真培训等相关系统的运行维护。  2、负责项目实施现场管理、系统软硬件集成调试、维修，并协调、组织解决项目实施过程中的所有问题。  3、负责售前、售后支持工作，包括客户调研、需求分析、方案编写、方案交流、方案解答、客户培训等。   4、与客户进行沟通，了解关键的技术或业务需求，提出相应的解决方案。  5、完成领导交办的其他事项。  岗位要求：  1、计算机、通信、自动化、电力等相关专业。   2、具备简单的Java前端开发能力，熟悉Linux系统下的数据库部署维护操作。  3、 熟练使用CAD/VISIO等绘图工具，熟练编写WORD/PPT技术方案书等系列售前技术文档。   4、具有优秀的团队合作精神，工作积极主动，认真踏实，能承担强大的工作压力。   5、有用电信息采集及运维闭环管理系统运维经验者优先。职位福利：五险一金、餐补、节日福利、高温补贴、周末双休、员工旅游、定期团建、带薪年假   ,7月14日,杭州华罡智能科技有限公司，地址位于浙江省杭州市余杭区五常大道181号华立科技园，注册资本1000万元。公司主要致力于电力计量及能源测控领域的技术研究和产品开发，为客户提供该领域内的硬件设备、软件、服务和解决方案。我们拥有热诚的员工和强大的研发能力，核心团队成员均毕业于中国人民大学、浙江大学、哈工大等重点院校，90%的员工具有本科以上学历。可快速响应客户需求，提供客户化的产品和端到端的服务，助力客户商业成功。公司始终秉承“客户至上，质量第一”的经营理念，坚持“身、心、言、行”四正的原则，依托于核心团队深耕电力行业多年的技术及市场积累；通过自身的不断创新，持续推出具有领先技术的专业化产品，为客户提供优质的产品及服务，以满足国家电网、南方电网、地方电力等客户的多样需求。目前公司已经拥有“采集运维现场作业系统”、“智能计量测控仿真系统”、“实验室计量故障智能诊断系统”、“二次回路状态监测仪”等系列产品。公司本着“创新驱动、生态发展”的战略方针，立志成为行业内的领跑者。,"https://www.zhaopin.com/jobdetail/CC479299180J40219141803.htm?refcode=4019&srccode=401901&preactionid=a7c1140f-c46c-45e5-b867-ab342d8bdc77"
2379,Java,武汉-江夏区,1.4-2.8万·14薪,外企德科数字技术有限公司,专业技术服务,10000人以上,,CCL1480117890J40652833405,岗位要求： 1、扎实的编程能力，熟悉算法和数据结构；熟悉计算机的基础理论； 2、熟练使用java/c/c++/python/js其中一种语言，掌握Spring相关生态开源框架，熟悉MySql、MQ、Redis、SpringCloud等，熟悉事务、缓存、消息、负载均衡等； 3、熟悉Linux开发环境； 4、具有大规模高并发云服务设计和开发经验优先； 5、有微服务、容器相关开发经验优先。 任职要求： 1、扎实的编程能力，熟悉算法和数据结构；熟悉计算机的基础理论； 2. 软件基础扎实，熟悉掌握但是不限于Java/Js/C/C++/Python/Go/JS等编程语言，有良好的编程习惯。 3. 具备独立工作能力和独立解决问题的能力，善于沟通，乐于协作，热衷于新技术，善于总结分享，喜欢动手实践。,2025-07-27 00:23:24,外企德科数字技术有限公司是一家2023年新成立的中外合资企业。成立于2023年11月24日，公司定位：专注于为信息技术企业提供人才及数字技术外包解决方案的中外合资企业。它是由中国人力资源服务行业的FESCO（北京国际人力资本集团）与全球人力资源服务领导者The Adecco Group（德科集团）合资成立的。公司主要提供网络技术服务、软件外包服务、计算机系统服务、技术进出口、软件开发等信息技术相关服务。专注于为信息技术企业提供信息技术类人才及数字技术外包解决方案。,"https://www.zhaopin.com/jobdetail/CCL1480117890J40652833405.htm?refcode=4019&srccode=401901&preactionid=a7c1140f-c46c-45e5-b867-ab342d8bdc77"
2380,前端开发,广州-番禺区,4000-8000元,广州炎晟信息科技有限公司,计算机软件,20-99人,未融资,CC393310020J40480001114,4000至5000元（初级），发展方向6000至8000元以上（中、高级）。 职位要求： 1、熟悉HTML5、CSS、JAVASCRIPT等WEB相关技术； 2、熟悉SQLSERVER等数据库语言； 3、思维逻辑性强、有良好的团队精神，能制定合理的工作计划，主动性强。 工作职责：  1、按照规划要求进行数据分析； 2、负责使用公司平台，对软件产品进行无代码定义、维护和联合修复bug；  3、编写相关软件说明书；,6月23日,广州炎晟信息科技有限公司为一家致力于工程项目管理、电子政务、电子商务及企业ERP实现的SAAS、PAAS服务提供商，整合工程管理各环节的资源，构建行业健康生态链。公司拥有自主研发的新一代信息系统业务自定义规则化配置开发平台（以下简称R平台）的专业平台，采用了面向业务人员的开发模式，结合现代工业“流水线装配”的生产理念，提供大量构件实现软件快速搭建。提高软件开发成功率，降低开发成本。同时，R平台具有快速装配的功能，为企事业单位、大中型企业提供以工作任务分解的业务流程管理提供大规模管理系统。结合BIM、GIS和掌上应用等新技术，满足客户业务自定义及产品极致体验需求。公司业务领域包括：公路、铁路、地铁、市政等工程建设项目，并积极开拓工程教育培训和企业信息化系统建设市场。,"https://www.zhaopin.com/jobdetail/CC393310020J40480001114.htm?refcode=4019&srccode=401901&preactionid=a7c1140f-c46c-45e5-b867-ab342d8bdc77"
2381,测试工程师,南宁-良庆区,5000-7000元,天阳科技,"计算机软件,计算机软件",1000-9999人,已上市,CC120408370J40824007708,1.全国项目驻场测试，主要负责功能、数据或接口等相关测试工作； 2.统招本科学历及以上（学信网可查）；毕业满2年；计算机专业优先； 3.热爱软件测试行业、有强力的自驱力，能够在测试岗位深入学习研究； 4.有无经验均可，服从公司安排，接受公司培养，可接受异地工作优先； 福利待遇： 上市公司，公司可以提供住宿，提供五险一金； 欢迎符合要求的小伙伴们投递~,7月23日,天阳科技(股票代码：300872)，是全球金融创新服务的重要贡献者，持续赋能中国金融行业数字化转型，为客户提供咨询、金融科技产品、金融IT服务、云计算及运营服务。公司成立于2003年，服务超过300家金融行业客户，覆盖中央银行、政策性银行、国有银行、股份制银行、地方性商业银行、非银行金融机构等，员工人数近7000人，成为激活金融领域创新活力、推动金融科技迈入世界领先水平的重要力量。作为金融行业客户可信赖的合作伙伴，天阳科技凭借丰富的行业经验和端到端的专业服务，在信创、数字化金融、信贷、交易银行、信用卡、零售、营销、风险管理、征信监管等众多领域具备核心竞争力。据赛迪和IDC报告显示，近年来公司在中国银行业IT解决方案市场排名强势崛起，2019年收入及市场占有率综合排名分别位列第四位和第五位，并保持高速增长。同时，前瞻商业和科技趋势，入选2021年度未来银行科技服务商TOP100。天阳科技始终聚焦金融科技领域，加大自主创新力度，在超过100个城市建立本地化、专业化的研发和服务团队，拥有CMMI5级认证、软件测试成熟度模型集成（TMMi）3级认证、ISO9001质量管理体系认证、ISO20000信息技术服务管理体系认证、IS027001信息安全管理体系认证。通过部署人工智能、云计算、大数据、移动互联网、分布式计算和区块链等先进金融科技，公司致力于构建安全可控、普惠民生、开放共赢格局，在关键技术领域服务现代化金融发展大局，更好地为各利益相关方创造更大价值，为大中企业、小微企业以及每个个体提供优质金融服务。,"https://www.zhaopin.com/jobdetail/CC120408370J40824007708.htm?refcode=4019&srccode=401901&preactionid=a7c1140f-c46c-45e5-b867-ab342d8bdc77"
2382,C/C++,马鞍山-含山县,1-2万,南京智鸥航空科技有限公司,"船舶/航空/航天/火车制造,电子/半导体/集成电路,汽车零部件,船舶/航空/航天/火车制造",20-99人,,CCL1486915650J40773607903,岗位职责： 1、根据公司项目需求负责PC端或移动端界面的设计、开发和维护； 2、使用Qt开发无人机中控屏、地面站等应用程序； 3、与机械、电气以及工艺配合，完成无人机整机的调试‌与电机的测试； 4、独立解决研发、生产和售后出现的软件故障； 5、编写软件说明书，负责软件使用培训。 任职要求： 1、 本科及以上学历，计算机、电子、通信等相关专业； 2、3-5年无人机、电机等行业相关工作经验，有团队管理经验优先； 3、熟悉C/C++编程语言与Qt开发工具； 4、熟悉Qt界面控件，对控件进行美化和贴图； 5、熟悉一种或多种数据库设计； 6、工作积极主动，具有团队合作精神，能吃苦耐劳。,7月24日,南京智鸥航空科技有限公司坐落于有“六朝古都、十朝都会”之称的江苏南京，以“智慧、专注、勇敢、希望”为企业精神，是一家专注于无人机动力、直流伺服驱动器、特种电机及其驱动器的研发、生产、销售及服务一体化的高科技企业。,"https://www.zhaopin.com/jobdetail/CCL1486915650J40773607903.htm?refcode=4019&srccode=401901&preactionid=a7c1140f-c46c-45e5-b867-ab342d8bdc77"
2383,科研人员,北京-海淀区,1.5-1.6万,中国信息通信研究院,"通信/网络设备,学术/科研",1000-9999人,未融资,CC251266610J40773286202,岗位职责: 1、从事类脑智能与人工智能行业调研、产业研究及报告撰写工作； 2、从事类脑智能与人工智能相关专项申报及执行工作； 3、从事联盟运营、会员发展和生态建设相关工作； 4、参与类脑智能与人工智能的技术实现和标准研究工作； 5、参与类脑智能与人工智能相关测试体系建设和测试执行工作。   任职要求: 1、具有基础芯片架构、并行计算，神经网络等相关专业知识，熟悉类脑智能与人工智能的技术体系和全球发展态势；具备人工智能在智能网联汽车、机器人等领域中的应用经验者优先； 2、具备宏观视角与战略思维，能够洞察产业发展趋势，将技术研究与产业生态、政策支持紧密结合；拥有复杂信息与材料的归纳、梳理及分析能力； 3、熟悉国家或地方科研项目申报、执行与验收的全流程者优先； 4、拥有快速学习能力，能迅速掌握自身技术栈之外的新知识、新动态并学以致用； 5、富有创新和探索精神，敢于挑战前沿性、开创性工作； 6、在人工智能、模式识别、计算机体系结构等相关领域的国际顶级会议/期刊上发表过高水平研究成果； 7、具备熟练的英语听说读写能力，能够无障碍阅读英文文献、撰写英文报告（大学英语六级或同等水平）； 8、了解C++/Python/Matlab以及Verilog/VHDL编程与仿真方法者优先； 9、有芯片架构、神经网络加速、脉冲神经网络、大模型架构相关研发或应用经验者优先。,2025-07-28 00:19:20,中国信息通信研究院（以下简称“中国信通院）始建于1957年，是工业和信息化部直属科研事业单位。多年来，中国信通院始终秉持“国家高端专业智库产业创新发展平台”的发展定位和“厚德实学兴业致远”的核心文化价值理念，在行业发展的重大战略、规划、政策、标准和测试认证等方面发挥了有力支撑作用，为我国通信业跨越式发展和信息技术产业创新壮大起到了重要推动作用。近年来，适应经济社会发展的新形势新要求，围绕国家“网络强国”和“制造强国”新战略，中国信通院着力加强研究创新，在强化电信业和互联网研究优势的同时，不断扩展研究领域、提升研究深度，在4G/5G、工业互联网、智能制造、移动互联网、物联网、车联网、未来网络、云计算、大数据、人工智能、虚拟现实/增强现实（VR/AR）、智能硬件、网络与信息安全等方面进行了深入研究与前瞻布局，在国家信息通信及信息化与工业化融合领域的战略和政策研究、技术创新、产业发展、安全保障等方面发挥了重要作用，有力支撑了互联网+、制造强国、宽带中国等重大战略与政策出台和各领域重要任务的实施。,"https://www.zhaopin.com/jobdetail/CC251266610J40773286202.htm?refcode=4019&srccode=401901&preactionid=a7c1140f-c46c-45e5-b867-ab342d8bdc77"
2384,C/C++,成都-郫都区,1.9-3.5万·16薪,外企德科数字技术有限公司,专业技术服务,10000人以上,,CCL1480117890J40632910705,"岗位： C/C++，java，JS，python、Go等通用软件开发工程师，软件测试工程师 （ 社招模式），各产品线各类语言开发岗位开放，只要你懂一门语言，就有合适的岗位! 工作稳定，工作内容相同（pl无差异分配任务） 管理:面试、绩效评定、均由 管理层进行，满一年即有名额转正，转 的要求透明，量化，达到要求即可 （机考：提供复习资料，每个环节 TIPS 辅导，通过率高！！-直达面试！！！全程流程随时跟进可查, 一个部门不满意可转推不同部门）： 工作：接触并开发核心业务代码，技术栈全面，技术牛人多，技术氛围好。 公司福利： 1. 底薪+绩效+项目奖金+年终奖； 2. 全额缴纳社保及五险一金； 3.一年数次考评，薪资可上浮~ 4.带薪年假5-15天，双休。 软件开发工程师 1. 统招本科以上学历，计算机、通信等理工科专业优先。 2. 精通一门主流编程语言，如 java/c/c++/python/js 等，有一定的开发经验。 3. 具备良好的沟通能力和良好的思维逻辑。 4. 善于沟通，勇于担责，积极主动，团队协作意识强。 算法工程师： 1、熟练掌握Java/C/C++/Python其中一个或多个编程语言，有扎实的编程功底； 2、熟悉机器学习、深度学习或图像算法。 测试开发工程师 1. 统招本科以上学历，计算机、通信等理工科专业优先。 2. 熟悉一门主流编程语言，如 java/c/c++/python/js 等，有一定的测试工具开发、测试、自动化测试框架搭建等经验。 3. 深入理解质量保证工作，熟悉常用测试框架及手段。 4. 善于沟通，勇于担责，积极主动，团队协作意识强。",2025-07-27 00:23:23,外企德科数字技术有限公司是一家2023年新成立的中外合资企业。成立于2023年11月24日，公司定位：专注于为信息技术企业提供人才及数字技术外包解决方案的中外合资企业。它是由中国人力资源服务行业的FESCO（北京国际人力资本集团）与全球人力资源服务领导者The Adecco Group（德科集团）合资成立的。公司主要提供网络技术服务、软件外包服务、计算机系统服务、技术进出口、软件开发等信息技术相关服务。专注于为信息技术企业提供信息技术类人才及数字技术外包解决方案。,"https://www.zhaopin.com/jobdetail/CCL1480117890J40632910705.htm?refcode=4019&srccode=401901&preactionid=a7c1140f-c46c-45e5-b867-ab342d8bdc77"
2385,软件测试,深圳-龙华区,5000-7000元·13薪,深圳市欣和信息技术有限公司,计算机软件,20-99人,,CCL1479631300J40870777215,岗位内容： 1. 设计和执行测试用例，并记录测试结果。 2. 分析并报告软件缺陷，包括重现步骤、缺陷严重程度和影响范围。 3. 参与产品设计过程，提供测试建议和反馈。 4. 开发自动化测试脚本和工具。 5. 执行性能和负载测试的任务。 任职要求： 1. 具有大专以上学历，计算机科学或相关领域优先。 2. 了解测试相关流程。 3. 优秀的沟通和协作能力，能够与跨部门的团队成员合作。,2025年07月30日,,"https://www.zhaopin.com/jobdetail/CCL1479631300J40870777215.htm?refcode=4019&srccode=401901&preactionid=a7c1140f-c46c-45e5-b867-ab342d8bdc77"
2386,Java,武汉-江夏区,1.4-2.8万·14薪,外企德科数字技术有限公司,专业技术服务,10000人以上,,CCL1480117890J40788005805,岗位要求： 1、扎实的编程能力，熟悉算法和数据结构；熟悉计算机的基础理论； 2、熟练使用java/c/c++/python/js其中一种语言，掌握Spring相关生态开源框架，熟悉MySql、MQ、Redis、SpringCloud等，熟悉事务、缓存、消息、负载均衡等；  3、熟悉Linux开发环境；  4、具有大规模高并发云服务设计和开发经验优先；  5、有微服务、容器相关开发经验优先。  任职要求：  1、扎实的编程能力，熟悉算法和数据结构；熟悉计算机的基础理论；  2. 软件基础扎实，熟悉掌握但是不限于Java/Js/C/C++/Python/Go/JS等编程语言，有良好的编程习惯。  3. 具备独立工作能力和独立解决问题的能力，善于沟通，乐于协作，热衷于新技术，善于总结分享，喜欢动手实践。,2025-07-27 00:25:37,外企德科数字技术有限公司是一家2023年新成立的中外合资企业。成立于2023年11月24日，公司定位：专注于为信息技术企业提供人才及数字技术外包解决方案的中外合资企业。它是由中国人力资源服务行业的FESCO（北京国际人力资本集团）与全球人力资源服务领导者The Adecco Group（德科集团）合资成立的。公司主要提供网络技术服务、软件外包服务、计算机系统服务、技术进出口、软件开发等信息技术相关服务。专注于为信息技术企业提供信息技术类人才及数字技术外包解决方案。,"https://www.zhaopin.com/jobdetail/CCL1480117890J40788005805.htm?refcode=4019&srccode=401901&preactionid=a7c1140f-c46c-45e5-b867-ab342d8bdc77"
2387,测试工程师,成都-新都区,1-1.7万,成都忠扬威科技有限公司,电子商务,20-99人,未融资,CCL1495976900J40826801008,岗位内容：  1. 设计测试用例并执行测试计划，对软件功能、性能、稳定性等进行全面测试。 2. 编写测试报告和Bug汇报，跟踪Bug的解决过程，并及时反馈BUG情况给研发团队。 3. 参与产品设计和需求评审，提供测试意见和建议。 4. 熟悉自动化测试框架或工具，并进行相关测试工作。 任职要求：  1. 本科以上学历，计算机相关专业，有3年以上测试经验。 2. 熟悉软件测试流程和常用的测试方法、工具，熟悉至少一种自动化测试工具。 3. 具备较强的测试分析和问题定位能力，能够独立制定测试计划和测试用例。 4. 具备良好的沟通协调能力和团队合作精神。,7月27日,公司名称：忠扬威科技有限公司成立时间：2025年总部地点：中国成都公司性质：高新技术企业主营业务：人工智能、大数据分析、云计算服务、物联网解决方案、软件开发与定制公司愿景：成为全球领先的科技解决方案提供商，推动技术创新，赋能各行各业，创造智能化未来。公司使命：通过前沿技术与创新产品，为客户提供高效、智能的解决方案，助力企业数字化转型，提升社会生产力。,"https://www.zhaopin.com/jobdetail/CCL1495976900J40826801008.htm?refcode=4019&srccode=401901&preactionid=a7c1140f-c46c-45e5-b867-ab342d8bdc77"
2388,技术支持工程师,成都-武侯区,8000-12000元,通威集团,"新能源,新能源,农/林/牧/渔",10000人以上,已上市,CC120939450J40759550511,1负责食品检测企业、科研高校等客户技术支持管理，持续为客户输出优质检测技术服务和专业的技术支撑；  2.负责食品检测客户管理，做好区域客户维护、满意度调查、投诉处理等工作； 3.根据客户检测需求，制定相应的检测方案和确定相关检测标准； 岗位要求： 1.食品科学与工程、食品质量与安全、化学、生物学等相关专业硕士及以上学历； 2.具有较强的沟通协调、文字表达能力，熟练掌握办公软件；   3.工作积极主动，适应出差。,7月18日,通威集团是深耕绿色农业、绿色能源的大型跨国集团公司，现拥有遍布全国各地及海外地区近400家分子公司，员工超6万人，系农业产业化国家重点龙头企业，是全球光伏行业首家世界500强企业。目前，通威正秉承“为了生活更美好”的企业愿景和“追求卓越，奉献社会”的企业宗旨，坚定不移发展绿色农业和绿色能源。旗下上市公司通威股份（股票代码600438）市值最高超过3000亿元。在新能源产业方面，通威已成为拥有从上游高纯晶硅生产、中游高效太阳能电池片和高效组件生产、到终端光伏电站建设与运营的垂直一体化光伏企业，形成了完整的拥有自主知识产权的光伏新能源产业链条。在新能源产业链上游，通威旗下永祥股份已形成四川乐山、内蒙古包头、云南保山、四川广元四大生产基地，已打造出了全球单体规模大、综合能耗低、技术集成新的生产线，高纯晶硅年产能超65万吨，全球领先。公司产品质量、综合技术指标、生产成本行业领先，产品99%以上满足单晶需要，部分达到电子级半导体硅材料质量标准，目前电子级多晶硅批量出口海外，实现了高纯晶硅“中国智造”。在产业链中游，通威太阳能深度切入太阳能发电核心产品的研发、制造和推广。公司已成为全球光伏行业工艺技术和生产设备最先进、自动化和智能化程度最高、规模最大的晶硅太阳能电池生产企业。目前，通威太阳能拥有双流、眉山、金堂、通合项目及彭山等电池生产基地，年产能达95GW，连续7年成为全球产能规模和出货量最大、盈利能力最强的太阳能电池企业。根据公司产能规划，2024-2026年，通威太阳能电池将形成130-150GW产能。与此同时，经过十余年技术研发的大力投入及深耕沉淀，还形成了具有通威特色、全方位覆盖市场差异化需求的组件产品矩阵，截止目前产能75GW，2023年组件出货量跻身全球TOP5，远销海外40余个国家与地区，广泛应用于户用屋顶、工商业分布式及集中式大型电站等各类“光伏+”场景。在产业链终端，通威将光伏发电与现代渔业有机融合，于全球首创“渔光一体”发展模式。目前，通威在全国多个省市开发建设54座“渔光一体”基地，累计装机并网规模达到4.39GW，优质而清洁的光伏电力正源源不断地惠及千家万户。作为中国乃至全球唯一一家同时涉足农业和新能源光伏产业的龙头企业，通威真正实现了农业和光伏高效协同发展，并打造成为全球领先的绿色农业和绿色能源供应商。四十二年来，通威一直保持稳健快速发展，得到了社会的广泛认同。通威2023年荣登《财富》世界500强，连续多年入列“中国企业500强”、“全球新能源企业500强”、“中国民营企业500强”、“中国民营企业制造业100强”、中国民营上市公司100强、中国最具竞争力民营企业50强，并五次荣获国家科学技术进步奖二等奖。2024年，通威品牌价值再创新高，达2305.59亿元，位列中国500最具价值品牌50强，蝉联全球水产和光伏两大行业第一。全国人大代表、全国工商联副主席、通威集团董事局刘汉元主席也不断获得社会各界的高度赞誉和肯定，先后荣获改革开放40年百名杰出民营企业家、全国劳动模范、全国优秀企业家、中国能源行业领军人物、中华思源慈善奖、年度十大经济人物、年度影响力企业领袖、最具企业家精神的商界领袖、全球新能源年度风云人物等重要荣誉。在获得自身稳健发展的同时，通威集团始终坚持以一个成功企业的高度社会责任感，情系民生，饮水思源，用真情和爱心回馈社会各界的厚爱，积极参与社会公益事业、光彩事业和思源工程。迄今为止，通威集团各种捐款捐物总额已超过6亿元人民币。,"https://www.zhaopin.com/jobdetail/CC120939450J40759550511.htm?refcode=4019&srccode=401901&preactionid=a7c1140f-c46c-45e5-b867-ab342d8bdc77"
2389,C/C++,哈尔滨-南岗区,8000-16000元,哈尔滨彩网科技有限公司,"计算机软件,IT服务,通信/网络设备,云计算/大数据",100-299人,不需要融资,CCL1477965250J40479111613,1.可以熟练使用c/c++ 开发语言，特别是Linux下开发； 2.根据项目计划，在保质保量的前提下，按时完成开发任务； 3.负责相关产品的功能模块设计，负责相关产品的功能模块设计； 4.解决产品开发中发现的问题； 5.负责产品文档的撰写； 6.负责编写产品的核心代码,6月20日,我们能带给你：·工作氛围超级棒，能力提升超级大·绩效奖金拿到手软，每一分付出都能看见回报…我们期待：驰骋多年身经百战的你；初出茅庐充满干劲的你；寻求转型渴望突破的你；让千里马和伯乐，不再千载难逢；,"https://www.zhaopin.com/jobdetail/CCL1477965250J40479111613.htm?refcode=4019&srccode=401901&preactionid=a7c1140f-c46c-45e5-b867-ab342d8bdc77"
2390,实施工程师,长春-朝阳区,1000-2000元,吉林省华欣数字科技股份有限公司,云计算/大数据,20-99人,,CCL1382334480J40774187114,二、岗位职责 1、实施工作:按照项目交付要求，完成公司核心产品 的实施交付工作，包括监管平台、业务系统、OA 系统等; 2、日常运维:及时响应、跟踪并解决客户日常遇到的 系统使用问题; 3、系统测试:协助项目经理，完成相关系统测试工作， 对测试问题记录形成测试问题台账，并能独立针对问题; 4、文档编写:协助项目经理，完成所负责项目文档编 写工作。 三、任职要求 1、财务或计算机相关专业;此岗位属于技术岗，发展 方向为项目经理、产品经理; 2、具备一定的网络基础知识、软硬件基础知识优先; 3、熟悉达梦、人大金仓国产化主流数据库优先; 4、熟练使用 office 系列办公软件; 5、具备较强的沟通和表达能力;吃苦耐劳，服从公司 管理，有责任心，有团队精神; 6、每周保证出勤 5 天、实习期 3 个月以上。 四、福利待遇: 双休，法定休，提供食堂午餐。 五、正式录用:表现优异者，取得毕业证及学位证可优 先录用。,7月7日,,"https://www.zhaopin.com/jobdetail/CCL1382334480J40774187114.htm?refcode=4019&srccode=401901&preactionid=a7c1140f-c46c-45e5-b867-ab342d8bdc77"
2391,测试工程师,吴忠-红寺堡区,5000-7000元,天阳科技,"计算机软件,计算机软件",1000-9999人,已上市,CC120408370J40824159808,1.全国项目驻场测试，主要负责功能、数据或接口等相关测试工作； 2.统招本科学历及以上（学信网可查）；毕业满2年；计算机专业优先； 3.热爱软件测试行业、有强力的自驱力，能够在测试岗位深入学习研究； 4.有无经验均可，服从公司安排，接受公司培养，可接受异地工作优先； 福利待遇： 上市公司，公司可以提供住宿，提供五险一金； 欢迎符合要求的小伙伴们投递~,7月18日,天阳科技(股票代码：300872)，是全球金融创新服务的重要贡献者，持续赋能中国金融行业数字化转型，为客户提供咨询、金融科技产品、金融IT服务、云计算及运营服务。公司成立于2003年，服务超过300家金融行业客户，覆盖中央银行、政策性银行、国有银行、股份制银行、地方性商业银行、非银行金融机构等，员工人数近7000人，成为激活金融领域创新活力、推动金融科技迈入世界领先水平的重要力量。作为金融行业客户可信赖的合作伙伴，天阳科技凭借丰富的行业经验和端到端的专业服务，在信创、数字化金融、信贷、交易银行、信用卡、零售、营销、风险管理、征信监管等众多领域具备核心竞争力。据赛迪和IDC报告显示，近年来公司在中国银行业IT解决方案市场排名强势崛起，2019年收入及市场占有率综合排名分别位列第四位和第五位，并保持高速增长。同时，前瞻商业和科技趋势，入选2021年度未来银行科技服务商TOP100。天阳科技始终聚焦金融科技领域，加大自主创新力度，在超过100个城市建立本地化、专业化的研发和服务团队，拥有CMMI5级认证、软件测试成熟度模型集成（TMMi）3级认证、ISO9001质量管理体系认证、ISO20000信息技术服务管理体系认证、IS027001信息安全管理体系认证。通过部署人工智能、云计算、大数据、移动互联网、分布式计算和区块链等先进金融科技，公司致力于构建安全可控、普惠民生、开放共赢格局，在关键技术领域服务现代化金融发展大局，更好地为各利益相关方创造更大价值，为大中企业、小微企业以及每个个体提供优质金融服务。,"https://www.zhaopin.com/jobdetail/CC120408370J40824159808.htm?refcode=4019&srccode=401901&preactionid=a7c1140f-c46c-45e5-b867-ab342d8bdc77"
2392,C/C++,成都-武侯区,2.5-4.5万·14薪,同有科技,"计算机硬件,IT服务,计算机硬件,计算机软件",300-499人,已上市,CC000607090J40848019915,"接受base长沙 岗位职责： 1.负责存储核心子系统/模块的设计、代码编写，把控开发过程； 2.负责存储关键技术的攻关，发现和解决存在的技术问题； 3.协助架构师/研发经理决策存储产品技术路线，对架构方案、设计、代码进行评审，并对开发质量 负责； 4.负责集中存储技术预研、突破与攻关，参与重要原型开发与选型。 任职要求： 1.本科及以上学历，计算机相关专业； 2.5年以上存储系统实际开发经验优先； 3.深入理解存储系统架构、系统可靠性设计；  4.精通 C 语言,精通 Ceph、RAID、SAN、NAS、NFS、iSCSI 、SAS、NVME等存储相关技术之一者优先。",7月22日,一、公司介绍 www.toyou.com.cn同有科技1988年诞生于北京理工大学，是国内最早成立和上市的专业存储厂商，深耕存储30余年，2012年成功登陆A股市场（股票代码:300302），目前仍然是中国存储行业唯一上市企业。作为从芯到系统的全产业链专业存储厂商和中国存储第一股，同有科技紧跟世界最前沿技术，秉承应用定义存储、全链智能融合的技术发展理念，聚焦“闪存、云计算、自主可控”三大产业方向，坚持以技术和资本双轮驱动，构建从芯片、部件到系统的存储全产业链，为全球用户提供智能、敏捷、高效的存储系统和解决方案。湖南同有飞骥科技有限公司为北京同有科技旗下全资子公司，为进一步增强核心竞争力，为未来跨越式发展奠定基础，同有科技将投资10亿人民币，在长沙高新区建设占地58亩的存储产业园，涵盖软硬件研发、生态适配、大规模存储系统及SSD智能制造和存储产业孵化四大功能。二、发展历程 1988年，成立于北京理工大学 2001年，推出中国首个存储品牌NetStor® 2007年，创建数据安全基础架构 2010年，开启自主可控之路 2012年，登陆A股市场 2014年，中标国产化试点工程“NF一期” 2017年，布局存储产业链 2018年，发布业界首款商用级自主可控存储产品 2019年，打造存储生态圈 2020年，完成存储产业链布局 2021年，长沙存储产业园建设正式动工&中标特殊行业最大单一自主可控全闪存存储项目——1.2亿 2022年，斩获上亿级标杆项目&成立成都研发中心 2023年，长沙存储产业园项目主体竣工&湖南同有被评为“国家先进制造业集群重点项目单位” 2024年，同有科技长沙存储产业园正式投入使用,"https://www.zhaopin.com/jobdetail/CC000607090J40848019915.htm?refcode=4019&srccode=401901&preactionid=a7c1140f-c46c-45e5-b867-ab342d8bdc77"
2393,Java,广州-越秀区,7000-10000元·13薪,明朝万达,"网络/信息安全,网络/信息安全,计算机软件",500-999人,D轮及以上,CC138671020J40851044415,工作职责： 1、参与公司产品或项目的开发设计、编码实现，参与产品技术预研、维护工作； 2、解决客户技术难题，在项目执行中提供必要的研发技术支持。 招聘要求： 1、统招本科及以上学历，计算机类、数学类、通信类、电子类相关专业优先； 2、有志于从事IT行业、热爱编程工作； 3、具备扎实的计算机软硬件知识，熟悉Java编程语言； 4、具备相关实习经验的其它理工类专业毕业生亦可考虑。 注：本职位接收2025应届生及2026届实习生，可根据实习期工作情况提供转正机会。,6月5日,北京明朝万达科技股份有限公司成立于2005年，是中国新一代信息安全技术企业的代表厂商，专注于数据安全、公共安全、云安全、大数据安全及加密应用技术解决方案等服务。基于“动态数据安全，数据全生命周期管控”的产品理念，明朝万达始终以守护用户数据价值为己任，致力于让安全真正服务于业务发展。在大数据、云计算等新技术应用背景下，明朝万达以数据安全为核心、自主可控的国密算法应用技术为基础，研发的Chinasec（安元）数据安全系列产品及解决方案，覆盖数据产生、存储、交换、使用等全生命周期重要环节，实现对服务器、数据库、PC终端、移动终端以及网络通信的全IT架构下数据安全的协同联动管理，打造企业级的数据安全防护体系。作为国内数据安全市场的倡导者，明朝万达拥有一支以清华大学博士和硕士为骨干力量的核心团队，已累计申请发明专利300余项，累计授权专利百余项。在推动技术创新的同时，注重技术与业务的深度融合，为客户提供量身定制的数据安全解决方案。公司现有员工近600人，总部设于北京，在上海、广州、成都、西安、贵阳、天津、武汉、南京、无锡、长春等地设有分支机构。历经十余年的发展与积累，明朝万达客户已覆盖金融、政府、公安、电信运营商、能源、设计院所和研发制造业等领域，签约用户超过3000家。,"https://www.zhaopin.com/jobdetail/CC138671020J40851044415.htm?refcode=4019&srccode=401901&preactionid=a7c1140f-c46c-45e5-b867-ab342d8bdc77"
2394,技术支持工程师,杭州-西湖区,1-1.3万,浙江亚棕科技有限公司,"化学原料/化学制品,化学原料/化学制品",20-99人,未融资,CCL1214687600J40805918415,岗位描述： 1.负责协助部门经理管理并协调销售团队工作，处理客户咨询和投诉等日常事务性工作 2.协助外贸业务员完成订单的跟进、合同签订等工作 3.维护与老客户的关系，挖掘新市场机会，拓展新的销售渠道 4.对销售数据进行统计和分析，定期向上级汇报工作进展及分析结果 5.根据产品需求制定产品推广方案并进行实施 6.国际注册、认证等 7.完成领导交办的其他事项      职位要求：  1.硕士及以上学历，化学相关专业；  2.具有良好的工作态度，责任心强，良好的团队合作精神  3.熟练使用office办公软件，尤其是excel表格操作熟练  4.熟悉国际贸易业务流程者优先,6月7日,亚棕（AsiaPalm）是一家集研发，生产，销售为一体的综合性企业。公司成立的初衷是创立一家世界一流的塑料添加剂公司，为相关行业提供高品质的产品和优质的服务。公司拥有自己的研发和生产基地，引进国内外的先进生产设备和生产技术，专注于塑料添加剂的生产。公司总部位于浙江省杭州市，在印尼拥有海外生产基地，同时在全国设立销售分公司。亚棕科技是一家专业生产塑料添加剂的公司，包括硬脂酸盐，润滑剂，生物添加剂等。亚棕（AsiaPalm）拥有一支包括博士、硕士、教授、研究员、高级工程师等专业人员组成的优秀研发团队、管理团队及一流的专家顾问队伍，同时，聘请了行业内顶尖科学家为客座研究人员、特派员、技术顾问等，不断加强与外部科研单位的技术合作方式，致力于将研发团队的外延最大化。亚棕（AsiaPalm）拥有持续发展的生产能力和生产技术，是您在塑料添加剂领域的全球合作伙伴，我们的产品已广泛应用于石化、橡胶、塑料等行业。我们既可以为客户提供高品质的产品和有竞争力的价格，也可以根据客户的需求，提供相应的解决方案。让我们的专业、经验和热情为您的产品增值。,"https://www.zhaopin.com/jobdetail/CCL1214687600J40805918415.htm?refcode=4019&srccode=401901&preactionid=a7c1140f-c46c-45e5-b867-ab342d8bdc77"
2395,C/C++,长沙-芙蓉区,8000-12000元,湖南驰阳信息科技有限公司,"计算机硬件,网络/信息安全",20-99人,,CC466694230J40505301606,【职责描述】 1、负责公司自主产权软件产品的设计、开发、调试和部署工作。 2、负责公司软硬件的整合工作。 3、负责开发成果的文档整理，汇报工作。 4、完成领导交待的其他工作。   【任职要求】 1、计算机/软件/通信以及相关专业，本科及以上学历； 2、两年以上软件开发经验，熟练使用C+、Java开发语言； 3、对软件生命周期、软件系统工程、软件前后端分离和软件集成服务等有较深认识； 4、热爱技术，爱岗敬业，工作主动性强，团队合作意识强，客户服务意识强； 5、注重业务学习，积极提升技能，公司可资助参加软件技术、项目管理类国家证书考试。 本岗位接受优秀应聘毕业生。,7月18日,湖南驰阳信息科技有限公司成立于2012年11月，总部位于湖南长沙，在郴州、衡阳、邵阳、益阳、娄底等地市设有分公司。公司致力于为党政机关、企事业单位提供具有核心竞争力的信创生态产品及服务，保密安全解决方案与运维服务，目前已累积党、政、军、企事业单位客户数千余家。驰阳信息依托国防科技大学和湖南大学保密学院深厚的技术积累，努力构建国内信息安全保密领域高新技术研发、先进技术转化的“产、学、研”一体化协同创新平台。公司目前已获得国家保密局颁发的涉密信息系统集成资质，通过了IS09001、软件企业资质认证、信息安全服务资质认证等资质认证，是湖南省高新技术企业和长沙市科技创新小巨人企业，企业诚信等级为AAA。公司自2017年起布局信创业务，先后与华为、长城、联想、浪潮、清华同方、麒麟软件、金山办公、数科、奇安信、天津光电、北京同有、中孚信息等企业达成战略合作协议，公司具备自主创新全生态链产品整体交付能力和技术服务能力，能为广大客户提供信息安全业务整体解决方案。公司现处于高速发展时期，营收和利润连续六年保持稳定增长，21年营业额达一个亿，公司渴望能够融入新鲜血液，为驰阳的快速发展提供新的动力。诚邀有志之士加盟。,"https://www.zhaopin.com/jobdetail/CC466694230J40505301606.htm?refcode=4019&srccode=401901&preactionid=a7c1140f-c46c-45e5-b867-ab342d8bdc77"
2396,硬件测试,南京-雨花台区,8000-10000元,诚迈科技,"运营商/增值服务,计算机软件,IT服务,互联网",1000-9999人,已上市,CC144543200J40865119915,职位介绍岗位职责： 1、负责PC/笔记本的BIOS测试，完成 BIOS测试规范和用例库开发及   维护工作； 2、负责开发、维护产品的BIOS测试，根据测试项目需求搭建测试环境，执行   测试、编写测试报告； 3、负责测试过程中Issue的确认、分析、追踪，配合研发人员分析   调试Issue。 职位要求： 1. 1年的BIOS相关测试经验，熟悉PC/笔记本的BIOS，   了解PC/服务器BIOS相关的基础知识和原理。 2. 了解BIOS的工作原理，熟悉BIOS的常   用功能：BIOS更新、SMBIOS、接口控制、安全设置、启动项设置、CMOS等 3. 对BIOS   与Hardware、OS的交互有一定认识； 4. 熟悉简单的Linux OS的基本指令； 5. 具有调试   和解决疑难技术问题的能力，有较强的故障排除能力; 6. 准确描述汇报和严格遵循Defect    跟踪流程跟进，对BUG进行初步的分析、定位、提交; 7. 具有良好的沟通及语言表达能力，   善于沟通； 8. 可以协助研发人员理清问题，修改测试用例，报告测试状态; 9. 工作积极   主动，具备较强的责任心;,7月18日,诚迈科技（南京）有限公司成立于2006年9月，2017年1月20日公司成功上市，是一家专业从事软件产品设计、代码开发、质量保证及技术支持等全流程服务的软件服务提供商，致力于提供全球化的专业软件研发服务，专注于移动设备及无线互联网行业软件研发及咨询等服务。诚迈科技总部位于中国南京。经过多年的发展，规模已超过5000人，在加拿大、芬兰及日本设立销售体系，在北京、上海、深圳、武汉、广州和西安设有分支机构，业务覆盖全球，在中国（内地及台湾）、北美、欧洲、日本、韩国等地广泛开展业务。诚迈科技作为行业的领军者，在全球范围内为国内外客提供一流的软件研发和测试服务。专业的研发团队凭借多年的项目经验掌握了行业核心技术，可提供Android行业软件解决方案（车载系统、TV、eBook等）；移动互联网软件解决方案（浏览器、APP Store、运营商定制等）；云终端解决方案及企业应用和云计算解决方案。在嵌入式测试方面，诚迈科技专业的软件测试团队在测试方法、测试策略、测试标准方面有着丰富的经验，精通手机终端设备中的手机操作系统、手机应用软件等测试。目前，诚迈科技已经与世界级的客户建立了长期友好的合作关系，主要客户广泛分布于终端设备制造商、世界级芯片制造商、运营商及软件公司。如果您崇尚奋斗，渴望创新，并希望同公司一起成长，请加入我们的团队，您可以应对不同的挑战，以激发个人潜能。我们将长期提供多方面的发展机会，并对成绩突出的员工给予职位晋升和物质奖励。您还将享受完善的员工福利制度，包括：弹性工作时间，各项激励奖金，养老保险，医疗保险，失业保险，工伤、生育保险，住房公积金，员工俱乐部，各种员工活动，员工心灵关怀和健康关怀计划，特别节日假期，带薪年假，集体户口（如需要）等。处于高速发展和扩张期的诚迈科技诚邀有志之士与公司同仁一起共创一个伟大的软件企业！如您希望在以下城市工作，可将简历投递如下地址：南京/北京：hr@archermind.com上海：hr_sh@archermind.com深圳：hr_sz@archermind.com武汉：hr_wh@archermind.com,"https://www.zhaopin.com/jobdetail/CC144543200J40865119915.htm?refcode=4019&srccode=401901&preactionid=a7c1140f-c46c-45e5-b867-ab342d8bdc77"
2397,技术支持工程师,北京-丰台区,6000-11000元,北京华腾盛和科技有限公司,"电力/水利/热力/燃气,新能源",20-99人,未融资,CCL1224370520J40696558102,岗位职责： 1、负责项目现场的设备调试工作； 2、保证项目设备及技术资料的完整性、有效性； 3、工程项目的售后服务工作及客户关系的维护； 4、负责工程项目技术资料的编写、备份； 5、负责协助销售、财务人员进行项目的技术配合支持类工作； 6、负责项目投标技术文件的编写，项目中的技术支持工作； 7、完成领导交办的其他任务。   任职资格： 1、电气工程及自动化、机电一体化、电力电子、计算机、网络安全、仪器仪表等相关专业专科及以上学历； 2、具备质量意识和项目管理意识，富有团队合作和创新进取的精神； 3、良好的沟通及协调能力，较强的学习能力，可承担压力较大且富有挑战性的工作； 4、熟练掌握使用AUTOCAD及相关软件，读懂电气及二次图纸； 5、能适应工程现场出差（长期短频出差方式）； 6、具有电力系统二次专业知识和经验者优先。   福利待遇： 1、周末双休 、法定节假日休息 2、带薪年休假 3、年终奖、绩效奖金 4、五险一金 5、年度体检 6、员工意外险 7、生日礼物 8、节日礼物 9、团建活动 10、北京市工作居住证 11、优秀员工可推荐党员   晋升渠道： 项目调试工程师-项目经理-高级项目经理 公司简介：  华腾盛和总部位于北京，地点位于北京西站国投财富广场，临近9/7号线，下设上海，武汉，南京，西安，呼和浩特五个分支机构，华腾盛和是一家拥有全自主知识产权，专注电网发，输，配，用各环节二次产品的研发、生产、销售和服务，提供一体化解决方案的高新技术企业公司，并与浙江大学、中国电科院、清华大学等科研单位深度合作。,2月18日,北京华腾盛和科技有限公司成立于2019年11月6日，是一家具备自主知识产权，集产品研发、生产销售、服务和解决方案为一体的高新技术企业，公司专注于能源行业数据采集、传输、控制和优化等技术，主要在电力系统厂站自动化、电网调度监视控制、发电厂运行控制以及虚拟电厂运行控制等方面为客户提供设计、产品、调试服务、运维服务、优化分析咨询等产品、服务及成套解决方案。下设上海、武汉南京、呼和浩特、西安4个分公司。南京、锡林浩特2个分支机构。公司业务与三大电网公司、能源集团及发电企业、电力用户及综合能源聚合商、中国电科院、清华大学、浙江大学等高校及IEEE PES智慧楼宇、负载和客户系统技术委员会等研究单位建立了深度合作关系，,"https://www.zhaopin.com/jobdetail/CCL1224370520J40696558102.htm?refcode=4019&srccode=401901&preactionid=a7c1140f-c46c-45e5-b867-ab342d8bdc77"
2398,软件测试,西安-雁塔区,150-200元/天,博彦科技承德有限公司,"IT服务,互联网",1000-9999人,已上市,CC637366030J40550624106,1、专科或本科学历，计算机相关专业最好，男女不限； 2、熟悉office办公软件如excel、word等 3、对JAVA或者Python（任选其一）、数据库（简单的sql语句）有一点基础 4、思路清晰，逻辑性强，普通话标准，表达清晰 5、服从公司领导安排，态度端正，认真负责，耐心细心 6、有一定的理解能力和学习能力 7、近期到岗，一周5天，可以实习到25年6月份 8、可以加班,3月22日,博彦科技（深交所上市公司，股票代码002649）是一家面向全球的IT咨询、产品、解决方案与服务提供商。公司成立于1995年，总部位于中国北京，并在中国、美国、西班牙、日本、印度、新加坡和马来西亚等7个国家设有40余家分支机构、研发基地或交付中心。博彦科技依托自身强大的研发与创新能力，广泛采用基于物联网、大数据、人工智能和移动互联等新兴技术，为高科技、金融、互联网、地产、交通、汽车、零售、能源、制造、航空、电信、媒体、旅游等行业客户提供丰富的解决方案及产品。博彦科技遵循严格的质量和安全标准，实施严密的安全措施，拥有成熟可靠的管理和开发流程，并获得CMMI 3、ISO 20000、ISO 9001、ISO 27001、ISO 14001、OHSAS 18001等一系列资质认证。公司凭借多年的行业积累、深厚的行业专长和成熟的行业实践、国际化的精英团队和完善的人才管理、完备的全球化交付与服务网络、以及无处不在的创新精神与实践，助力全球客户尽享科技革新所带来的卓越运营，为客户持续创造关键价值。,"https://www.zhaopin.com/jobdetail/CC637366030J40550624106.htm?refcode=4019&srccode=401901&preactionid=a7c1140f-c46c-45e5-b867-ab342d8bdc77"
2399,科研人员,达州-宣汉县,6000-10000元·13薪,重庆万凯新材料科技有限公司,化学原料/化学制品,500-999人,已上市,CC837447930J40512534607,岗位职责：,7月26日,重庆万凯新材料科技有限公司是一家专注于聚酯瓶级切片的生产、研发和销售的行业链主企业，公司于2018年8月正式入驻涪陵临港经济区，占地约800亩。公司食品级PET高分子新材料项目是浙江正凯集团积极响应国家号召，对口支援三峡库区建设，共建“一带一路”和推进长江经济带发展的标志性成果，该项目于2019年开工建设，2020年3月一期投产，形成了60万吨的产能规模；2022年1月二期投产，形成了120万吨的产能规模；2023年4月三期投产，形成了180万吨的产能规模，打造了全球领先的产能生产基地。未来，公司将规划建设四期五期项目，在涪陵形成新的产业集群。公司主要产品广泛应用于饮用水、热灌装饮料、碳酸饮料、食用油、酒类等外包装，以及光伏背材薄膜、医疗医药、新型绿色建材、智能家居等众多领域。公司立足西部、辐射全国、融通全球，产品出口至全球100多个国家和地区，2023年实现产值125亿元，其中全年出口总额超3.2亿元。公司获评国家级绿色工厂，入选国家5G工厂名录，先后成功创建重庆市PET高分子材料连续聚酯数字化车间、重庆市PET固相增粘数字化车间、重庆市智能工厂、重庆市智能制造标杆企业、重庆市企业技术中心，通过重庆市首批两化融合AA评定、重庆市化工产业链主企业认定，被评为重庆企业100强、重庆制造业100强、重庆民营企业100强、重庆制造业民营企业100强、涪陵区工业企业综合10强，分别被市经信委、涪陵区列为新材料行业的重点培育企业。截至目前，公司已取得授权专利40项（其中发明专利3项，实用新型37项），另有6项发明专利、17项实用新型专利正在报审中。,"https://www.zhaopin.com/jobdetail/CC837447930J40512534607.htm?refcode=4019&srccode=401901&preactionid=a7c1140f-c46c-45e5-b867-ab342d8bdc77"
2400,测试工程师,上海-嘉定区,6000-12000元·13薪,上海利方达真空技术有限公司,船舶/航空/航天/火车制造,20-99人,未融资,CCL1478830970J40761139014,【岗位职责】 1、航天类产品热真空热平衡试验的设备操作和热控测试值班； 2、开展试验前准备状态检查工作； 3、产品进罐后开展罐内热控操作，开展封罐前的热控测试等； 4、完成试验过程中热控测试过程记录； 5、试验结束后罐内热控测试电缆的分离及产品出罐工作； 6、完成领导交办的其他工作。 岗位要求： 1、学历/专业：大专及以上学历； 2、工作经验：具备航天领域工作相关经验优先；能源动力相关专业优先； 3、知识与技能：熟练掌握office等常用办公软件； 4、能力素质：认真细致、诚实守信、责任心强、能吃苦耐劳。,6月1日,上海利方达真空技术有限公司成立于2017年，是一家集研发设计、试验测试等为一体的高新技术企业，专精特新企业。公司主要业务是为航空航天、轨道交通、新能源汽车以及半导体等领域的用户提供专业的试验测试服务以及专用系统的研发服务。公司位于上海市嘉定区国家高新技术产业开发区，拥有各类热真空试验设备、力学振动试验设备、温度循环设备等，可以为航空航天等领域用户提供专业、安全、高效的各类试验测试服务。公司设备齐全，资质完整，环境舒适，有完善的质量管理体系，经过多年的发展，已经为全国广大用户提供了大量优质的试验测试服务，提供了大量的专用系统，赢得了用户的广泛好评和长期信赖。现由于业务发展需要，诚邀优秀的人才加盟。,"https://www.zhaopin.com/jobdetail/CCL1478830970J40761139014.htm?refcode=4019&srccode=401901&preactionid=a7c1140f-c46c-45e5-b867-ab342d8bdc77"
2401,科研人员,深圳-光明区,2.2-3.5万,深圳理工大学,学校/学历教育,500-999人,,CCL1317818340J40653317410,"课题组/导师简介： 郭鑫，助理教授，深圳市海外高层次人才，入选斯坦福大学发布的全球前2%顶尖科学家榜单中的“2023年度科学影响力排行榜”。长期从事纳米功能材料的设计、结构调控及其在电化学储能领域的应用研究；主导研发了多款高性能钠离子电池正负极材料。参与出版能源材料方面的英文著作 2 章、申请中国/PCT发明专利4项；在国内外高水平学术期刊如Nat. Cat., Sci. Adv., Joule, Chem, Adv. Mater., Adv. Energy Mater., ACS Nano, Nano Lett.等发表论文70余篇，总被引8000余次，h-index为42；其中以第一作者（含共一）、通讯作者身份发表IF &gt; 10的论文20余篇。曾多次在国际学术会议上做口头、邀请报告；获2013国家奖学金、2015悉尼科技大学校长奖学金、2022国家优秀自费留学生奖学金等；担任学术期刊Frontiers in Chemistry编委、Battery Energy青年编委，及Adv. Mater.等多个一流期刊的审稿人。 岗位要求： 1、即将取得博士学位或取得博士学位不超过3年，年龄原则上不超过35周岁； 2、具备较高的学术水平和较强的科研能力，能独立开展科研工作； 3、专业要求：材料科学与工程、电化学等相关专业，在相关领域顶级期刊以第一作者或通讯作者发表过学术论文；熟悉以下方向者优先：锂钠离子电池正负极材料、二次电池关键技术研发； 4、在国际学术期刊发表过相关论文者优先考虑； 5、具备较强的英语听说读写能力； 6、具备良好的学术道德和团队合作精神； 7、全职从事博士后研究工作。 福利待遇： 1、博士后聘期两年，提供年薪不低于30万元；优秀应聘者年薪不低于38万（含深圳市在站生活补助18万），特别优异的应聘者可推荐科研助理教授岗位（符合条件者可申请深圳市人才补助24万/年）。福利待遇参照学校同等教职工标准执行，享受五险一金，绩效奖励等。 2、课题组提供优良的工作环境和充足的科研条件支持，全力支持博士后本人作为负责人申请中国博士后科学基金、国家自然科学基金以及广东省、深圳市等各级科研项目。结合自身条件，课题组协助在站和出站留深博士后申请深圳市相关人才计划。成果突出的博士后，出站后可推荐科研助理教授岗位。 3、出站后留深签约3年工作劳动合同，可申请深圳市博士后出站留（来）深科研资助30万（每年10万共计3年）; 4、可依托学校申请深圳市人才房。可落户深圳市，配偶及未成年子女可办理随迁入户。 5、具有从幼儿园、小学、初中、高中的高水准附属教育机构，为教职工子女提供优质教育资源。提供高水准医疗保障，入职满一年可享受定制化高端体检。 （如政策有所调整，根据实际政策而定） 邮件标题请注明""XXX应聘SUAT郭鑫课题组+岗位""，请在邮件中注明拟到岗时间。简历经严格筛选后将及时安排面试，个人信息将严格保密。",9月11日,中国科学院深圳理工大学（简称“中科院深理工”）是由中国科学院与深圳市人民政府合作，依托中国科学院深圳先进技术研究院建设的独立设置的全日制高校，目标建设成为世界一流、“小而精”的研究型大学。中科院深理工将打造科教融合、产教融合、粤港澳合作及国际化办学、体制机制创新四大特色。在科教融合方面，坚持立德树人，以人才培养为根本任务，坚持以学生成长为中心，遵循教育规律和人才成长规律，创新教育教学方法，探索培养拔尖创新人才的模式，建立学院、书院、研究院“三院一体”的人才培养体系。在产教融合方面，中科院深理工将延续先进院的科技创新发展路径，通过加强创客学院建设，提倡创新创业精神，提供高质量创业氛围，培育学生的创业基因和能力。在国际化方面，学校将面向国内外引进高水平、国际化的教师队伍，提升国际化教学水平。将英文纳入工作语言，专业类课程计划全英文授课，计划三分之一至四分之一教授为外籍，三分之一至四分之一学生为外籍。在体制机制创新方面，中科院深理工将积极引进社会资本参与办学，并在坚持党领导的前提下，计划实行以理事会为核心的法人治理结构。中科院深理工旨在为粤港澳大湾区、为国际培养立志于科研的未来科学家学术前沿的科研领军者、立志于创新创业的未来企业家未来产业的创造者和引领者以及高科技产业的未来技术精英未来高科技行业的技术骨干和引领者。,"https://www.zhaopin.com/jobdetail/CCL1317818340J40653317410.htm?refcode=4019&srccode=401901&preactionid=a7c1140f-c46c-45e5-b867-ab342d8bdc77"
2402,前端开发,北京-海淀区,1-1.5万,互联时代(北京)传播股份有限公司,广告/营销,20-99人,不需要融资,CCL1424578390J40774994302,‌技术能力要求‌ ‌核心语言与框架‌。 ‌掌握HTML/CSS/JavaScript‌：作为前端开发的基础，需熟悉HTML5和CSS3的新特性，能高效构建响应式网页结构与样式设计。‌‌‌‌ ‌主流前端框架‌：精通Vue3、uniapp、React框架，熟悉组件化开发模式，并具备使用Webpack等构建工具的经验。‌‌‌‌ ‌跨浏览器兼容性‌：需解决不同浏览器（如Chrome、Firefox、Safari）的兼容性问题。‌‌‌‌ ‌性能优化与安全‌。 了解HTTP缓存策略、代码分割、懒加载等技术以提升页面加载速度。‌‌ 熟悉HTTPS配置及安全传输协议（如HTTPS/WSS）。‌‌‌‌‌ ‌性能测试工具‌： 熟悉Chrome DevTools、Lighthouse等工具进行页面性能分析。‌‌ ‌综合素质要求‌ .‌学习能力与团队协作‌。具备快速学习新技术能力（如serverless、数据库、新的系统接口开发），能与后端工程师、UI设计师协同工作。‌‌ .‌问题解决能力‌。能定位并修复JavaScript/CSS的内存泄漏、布局异常等问题。‌‌ ‌其他‌ 有项目经验优先。‌‌ 有后端或者服务器经验优先。‌‌ 统招本科学历以上。,7月21日,,"https://www.zhaopin.com/jobdetail/CCL1424578390J40774994302.htm?refcode=4019&srccode=401901&preactionid=a7c1140f-c46c-45e5-b867-ab342d8bdc77"
2403,Java,无锡-新吴区,150-200元/天,凌志软件,"计算机软件,互联网",1000-9999人,已上市,CC120210700J40607920802,岗位职责: 1、为金融、电商等行业系统设计升级方案，编写修改相关代码模块。 2、根据开发进度和任务分配，独立开发程序单元、功能测试，保证项目质量。 3、将先进的科技理念迅速运用到金融系统中，给客户带来便捷。   任职要求: 1、计算机、软件工程等相关理科专业，公办本科及以上学历: 2、热爱软件开发，有志于从事计算机行业发展: 3、有较强的学习接受能力，具有一定的软件开发(Java/Cobol)或软件测试基础知识: 4、有良好的语言组织和表达能力及应变能力，善于沟通: 5、踏实肯干，吃苦耐劳，具有良好的团队合作精神: 6、有良好的学习能力 7、具有日语N2等级证书或相当水平的应届毕业生优先考虑。,5月16日,凌志软件股份有限公司（以下简称凌志）于2003年1月在苏州成立，致力于为各行业提供软件产品研发，软件外包开发及IT系统集成服务。业务范围包括证券，银行，保险，电子商务，物流等。凌志软件经过10余年的发展，得到现有海内外客户高度认可，目前已经发展成为全球最具综合实力的软件外包服务提供商之一。公司专注金融领域的各行业客户，提供方案咨询、软件产品研发、IT系统集成、软件外包服务。主要业务范围包括证券，银行，保险，电子商务，物流等。其中金融行业产品研发、软件外包服务的专业性及稳定性，已成为企业的核心竞争力。凌志软件的企业管理能力不断提高，已达到国际先进水平，取得ISO/IEC 27001:2005(E)国际信息安全和CMMI L5认证。凌志软件是国家规划布局内重点软件企业、双软认定企业、高新技术企业，荣获中国软件出口第八名、中国出口工程软件企业百强、中国软件和服务外包品牌之星、中国服务外包成长型企业100强、江苏省软件外包十强、江苏省技术先进型服务企业、2013年度中国软件和信息服务•服务外包领域杰出企业、2013中国软件和信息技术服务业最有价值品牌等称号。公司在“诚信负责、成就客户、造就员工”的双赢经营理念指导下，形成了一定市场规模，并确立了自身的核心竞争优势。旨在发展高端服务外包，开创自主研发模式，加速“开放式创新”，在海内外金融软件领域，成为国际知名企业的核心供应商；同时自主研发国内高端金融产品，在国内市场上占有更大份额。随着国际金融一体化的加速发展，与国内外金融机构存在密切合作关系的凌志，将在IT专业服务领域获得进一步的发展，持续保持并扩大领先优势。凌志将不断创新，充分发挥持续积累的经验和实力，为国际和国内客户提供更为满意的产品和服务而不懈努力！凌志为员工提供有竞争力的薪酬，法定带薪假期；旅游活动，户外拓展等员工集体活动，并成立员工俱乐部丰富员工工作之余的生活；健康体检；各种联谊联欢活动等。公司网址：http://www.linkstec.com/,"https://www.zhaopin.com/jobdetail/CC120210700J40607920802.htm?refcode=4019&srccode=401901&preactionid=a7c1140f-c46c-45e5-b867-ab342d8bdc77"
2404,C/C++,三明-三元区,6000-12000元·14薪,福建闽光软件股份有限公司,"计算机软件,IT服务,互联网,计算机硬件",100-299人,未融资,CC413812830J40516332404,岗位描述： 1、 根据实际需求，编写智能应用项目解决方案或产品设计方案，方案包括技术选型的可行性分析、整体方案可靠性分析、投入产出效益分析等 2、 根据开发进度与任务分配，独立完成指定模块代码的开发、测试、部署与文档编写。通过GIT提交代码与文档，并与团队共同完成关键代码的评审 3、 负责系统上线后的调试与问题跟踪，如实记录问题，不断升级优化系统 4、 通过及时收集同行业竞品的动态，广泛阅读高校的最新成果、参与业内交流等途径，对自研解决方案的先进性与竞争力做出评估。 基本要求： 1、计算机、电子信息、自动化等相关专业，本科以上学历，良好的计算机基础，能独立承担开发任务 2、1到5年工作经验，优秀应届毕业生可放宽要求 3、在校期或工作期间，积极参与项目，具备项目落地能力 4、思维清晰，表达能力强，有团队协作能力 符合以下条件优先： 1、对计算机视觉、大数据应用开发、智能控制、人工智能应用中的任一方向有一定了解 2、对软件开发测试部署标准化流程有一定实践经验 3、流畅阅读英文文献 4、有科研经历与成果，具备一定的科研素养,7月18日,福建闽光软件股份有限公司（以下简称闽光软件）是三钢集团的控股子公司。三钢集团是以钢铁业为主、多元产业并举的跨行业、跨地区、跨所有制的大型企业集团，其旗下福建三钢闽光股份有限公司（股票代码002110）在2022年《财富》中国500强排行榜中位列第220位。闽光软件前身为三钢集团的信息技术公司，成立于2000年，是三钢集团信息化建设规划、管理及执行的负责单位。闽光软件通过深度参与企业信息化规划与项目建设，拥有经验丰富的信息化及相关专业技术研发、服务支撑团队，现拥有系统分析师、项目管理师、网络工程师、数据库系统工程师，软件设计师及炼钢、轧钢、自动化等各类专业技术人才及职能管理团队共140余人。闽光软件已通过国家高新技术企业，ISO质量管理体系认证、IT信息技术服务及IS信息安全管理体系认证，信息软件企业、软件产品认证，信息系统集成资质认证，形成具有自主知识产权的MES（生产制造执行系统）、EMS（能源管控系统）、大数据监控与管理系统等为核心的信息化整体解决方案。闽光软件致力成长为企业信息化全面解决方案供应商、信息化和自动化综合系统集成和技术服务提供商，可提供以软件为核心带动硬件和系统集成，为用户提供技术咨询、项目规划、系统设计、定制开发、设备成套、现场安装、人员培训、系统调试直至售后技术服务的一站式信息化服务。,"https://www.zhaopin.com/jobdetail/CC413812830J40516332404.htm?refcode=4019&srccode=401901&preactionid=a7c1140f-c46c-45e5-b867-ab342d8bdc77"
2405,测试工程师,赣州-龙南市,7000-9000元,赣州云鹭网络科技有限公司,计算机软件,20人以下,,CCL1508295500J40778047407,负责软件测试的规划、设计、执行、跟踪和总结工作，协助研发人员进行问题定位和解决，确保软件品质。,7月29日,,"https://www.zhaopin.com/jobdetail/CCL1508295500J40778047407.htm?refcode=4019&srccode=401901&preactionid=a7c1140f-c46c-45e5-b867-ab342d8bdc77"
2406,C/C++,成都-郫都区,1.5-3万,外企德科数字技术有限公司,专业技术服务,10000人以上,,CCL1480117890J40702714505,"统招本科及以上学历（要通过机试，考算法） 岗位要求： 一、软件开发工程师 1. 热爱编程，熟悉掌握Java/C++/C/Python/Web开发等编程语言中的一种或多种编程语言，扎实的编程功底； 2. 具备良好的独立工作能力和解决问题能力，善于沟通，乐于合作，热衷新技术； 二、软件测试工程师： 1. 热爱编程，熟悉掌握C/C++/Java/Python等编程语言中的一种或多种编程语言，扎实的编程功底； 2.有web开发或测试经验、自动化开发或测试经验者优先。 3.熟练掌握系统测试、功能测试、专项测试、软件测试、韧性测试、安全测试方法中的一种或多种测试方法，有相关测试语言/脚本的编写和实践经验优先，也可接受纯测试经验的。 4.具备良好的独立工作能力和解决问题能力，善于沟通，乐于合作，热衷新技术； 三、算法工程师： 1、熟练掌握Java/C/C++/Python其中一个或多个编程语言，有扎实的编程功底； 2、熟悉机器学习、深度学习或图像算法。 四、数据开发工程师 1、参与或负责大数据的采集、存储、处理、通过分布式大数据平台加工数据，数据驱动运营; 2、参与或负责大数据仓库的设计、开发、维护,通过数据仓库和数据治理体系有效的管理和组织P级数据,提升数据质量和数据开发效率; 3、较强的动手能力和学习能力,熟悉一门数据处理语言,如JAVA、 SQL、Python 等; 4、深入理解 Map-Reduce 模型和Hadoop、 Spark、FIink、MPP DB等大数据和仓库相关知识。 公司福利： 1. 底薪+绩效+项目奖金+年终奖； 2. 全额缴纳五险一金； 3.一年数次考评，薪资可上浮~ 4.带薪年假5-15天，双休； 5.享有健身房、班车、加班打车报销等软性福利。 全国一线/新一线城市，软件开发/软件测试均有岗位； 工作地可选择：北京，东莞，深圳，上海，南京，西安，成都，武汉，杭州，苏州，长沙。",2025-07-27 00:23:26,外企德科数字技术有限公司是一家2023年新成立的中外合资企业。成立于2023年11月24日，公司定位：专注于为信息技术企业提供人才及数字技术外包解决方案的中外合资企业。它是由中国人力资源服务行业的FESCO（北京国际人力资本集团）与全球人力资源服务领导者The Adecco Group（德科集团）合资成立的。公司主要提供网络技术服务、软件外包服务、计算机系统服务、技术进出口、软件开发等信息技术相关服务。专注于为信息技术企业提供信息技术类人才及数字技术外包解决方案。,"https://www.zhaopin.com/jobdetail/CCL1480117890J40702714505.htm?refcode=4019&srccode=401901&preactionid=a7c1140f-c46c-45e5-b867-ab342d8bdc77"
2407,实施工程师,杭州-临平区,5000-7000元,北京爱创科技股份有限公司,"计算机软件,互联网,计算机硬件,IT服务",300-499人,C轮,CC137326570J40778436114,岗位职责:,7月15日,爱创科技，国际领先的追溯数字化解决方案提供商北京爱创科技股份有限公司，成立于2004年，是一家国际领先的追溯数字化解决方案提供商和工信部指定的国家标识解析二级节点建设单位。依靠自主研发的物联网数字技术，爱创科技为全球医药健康、快消品、工业品等行业客户提供“一物一码”数字化解决方案，通过采集真实、追溯可验证的商品唯一码数据，打通供应链、连接终端，触达消费者，帮助企业构建全产业链数字化体系。公司总部设在北京，在无锡和广州分别建有产业园区和智能工厂，在美国、欧洲设有海外办事机构，业务遍及全球20多个国家和地区。,"https://www.zhaopin.com/jobdetail/CC137326570J40778436114.htm?refcode=4019&srccode=401901&preactionid=a7c1140f-c46c-45e5-b867-ab342d8bdc77"
2408,实施工程师,东营-东营区,9000-18000元,青岛安然物联网科技有限公司,"物联网,物联网",20-99人,未融资,CC559764920J40823508204,需要弱电技术、自动化、安防系统、工业互联网+危化安全生产、物联网人才，不要纯软件人才。  你能经常到全国各地出差吗？你能到工业生产现场生产现场做技术支持吗？   真正的奋斗者在安然会有让人值得为之奋斗的事业，会有充实、高效的成长，会有高人一等的收入。   你能做好售前技术支持、根据客户需求，高效制作方案吗？你能做好售中技术支持、指导他人正确安装、部署、调试系统向用户保质保量快速交付吗？你能做好售后维护，高效沟通和落实客户需求吗？   迄今已服务中石化、中石油、延长石油、国能、兖矿、京能、索普、新安、奇美、昊源、潞安、旭阳、垦利、逸盛、海科、酒钢、金发等几百家石化、化工、选煤、钢铁、电厂企业。    安然以客户为中心，以强者为本，抬头乐干，愿意与同道中人联合、链接，携手共建、共用、共享生产安全命运共同体，一起干，一起干，让优秀企业更安全，让优秀企业更高效！,2025-07-27 01:09:31,基于精准人员定位的工业安全生产信息化管理专家，安全生产信息化管理引领者！作为全国实时定位技术标准工作组成员和应急管理部“工业互联网+危化安全生产”人员定位系统技术支持机构，安然从2012年起致力于基于ZigBee Plus三维立体按需精准定位的“工业互联网+安全生产”的研究，获得了20多项安全智能管控系统发明专利和著作权，持续引领中国化工行业生产现场智慧安全！安然以“准、稳、狠”的ZigBee Plus三维立体按需精准人员定位统和“底数清、数据准、情况明、研判准、措施实”的安全生产信息化平台为核心，整合访客管理、出入口控制、人脸识别、视频监控、语音广播、重大危险源监控、可燃有毒气体监测等系统，对生产现场人、机、料、法、环五大要素进行实时、动态、智能管控和预警，规范人的安全行为，保障人的生命安全，有效防范风险、主动化解风险，实现智慧安全。安然“以用为本”，把安全生产信息化建设与公司管理体系“深度融合”，把安全生产信息化建设与日常工作“紧密结合”，对安全生产切实“有用、实用、好用”，避免建用“两张皮”，让安全管控更智能，让生产更高效才实用。迄今已服务中石化、中石油、延长石油、国能、兖矿、京能、索普、新安、奇美、昊源、潞安、旭阳、垦利、逸盛、海科、酒钢、金发等几百家石化、化工、选煤、钢铁、电厂企业。安然以客户为中心，以强者为本，抬头乐干，愿意与同道中人联合、链接，携手共建、共用、共享生产安全命运共同体，一起干，一起干，让优秀企业更安全，让优秀企业更高效！,"https://www.zhaopin.com/jobdetail/CC559764920J40823508204.htm?refcode=4019&srccode=401901&preactionid=a7c1140f-c46c-45e5-b867-ab342d8bdc77"
2409,实施工程师,无锡-锡山区,6000-10000元,通威拜欧玛(无锡)生物科技有限公司,"农/林/牧/渔,农/林/牧/渔",20-99人,未融资,CC326737980J40655137301,岗位职责：1、协同区域销售人员完成绩效目标（主要包括：销量、利润、赊销控制、回收货款）；   2、服务客户正确使用我司产品，包括但不限于水体指标测试，养殖环境调整，投饵率调整，疾病预防等，最大程度发挥我司产品优势；   3、养殖户场地设计、改造等用于改善养殖条件，以便更好发挥我司产品优势   市场信息交流，行业发展情况交流，技术交流，先进技术引进等；   4、收集养殖效果数据，提炼养殖模式；   5、处理客户投诉，最大限度降低负面影响；   6、标杆养殖户建立、维护等，以便公司形成有影响力的忠实客户，提升公司整体形象为客户提供。   任职要求：   1、本科及以上学历，水产养殖、生物技术或相关专业；   2、有特种饲料销售或技术服务实习经验者优先考虑；   ,6月25日,通威拜欧玛（无锡）生物科技有限公司是由拜欧玛集团（BioMar Group，www.biomar.com）和通威股份（www.tongwei.com）于2015年10月成立的中欧合资企业。依托拜欧玛集团先进的管理体系和产品配方技术，通威拜欧玛研发、生产和销售用于鲟鱼、鲑鳟鱼、大菱鲆、大黄鱼和大口黑鲈等养殖品种的饲料并提供技术服务。通威拜欧玛立足于水产行业发展前端，以成为中国水产养殖饲料行业的标杆企业为目标，致力于将高性能产品、严格的质量标准和行业领先的技术服务呈现给市场和客户，为食品安全和水产养殖业的可持续发展贡献力量！ BioMar的传统是致力于以负责任和可持续的方式发展水产养殖业，由丹麦鳟鱼养殖者于1962年创立。如今，拜欧玛集团在世界各地拥有17家工厂，生产逾45个水产养殖品种的饲料，在90多个国家/地区开展业务，是全球领先的可持续水产养殖饲料企业。产品涵盖鱼类从孵化期到成鱼的整个生长周期所需的饲料，包括海水和淡水养殖品种。通威股份（股票代码600438）是通威集团旗下上市公司，市值最高超过3000亿元，是中国乃至全球唯一一家同时涉足农业和新能源光伏产业的龙头企业，年饲料生产能力超过1000万吨。通威集团是深耕绿色农业、绿色能源的大型跨国集团公司，现拥有遍布全国各地及海外地区近400家分子公司，员工超6万人，系农业产业化国家重点龙头企业，是全球光伏行业首家世界500强企业。四十二年来，通威一直保持稳健快速发展，得到了社会的广泛认同。通威2023年荣登《财富》世界500强，连续多年入列“中国企业500强”、“全球新能源企业500强”、“中国民营企业500强”、“中国民营企业制造业100强”、中国民营上市公司 100强、中国最具竞争力民营企业50强，并三次荣获国家科学技术进步奖二等奖。2024年，通威品牌价值再创新高，达2305.59亿元，位列中国500最具价值品牌50强，蝉联全球水产和光伏两大行业第一。,"https://www.zhaopin.com/jobdetail/CC326737980J40655137301.htm?refcode=4019&srccode=401901&preactionid=a7c1140f-c46c-45e5-b867-ab342d8bdc77"
2410,Java,深圳-南山区,1-1.5万·13薪,深圳趣志品牌管理有限公司,电子商务,100-299人,B轮,CCL1501280160J40721328316,岗位职责:,6月10日,在宠物界的时尚圈，FUNNYFUZZY如同一位精明的建筑师，精心搭建起全渠道销售的大舞台，不仅引领宠物们享受潮流生活，更将销售额与宠主满意度双双推至新高，完成了从萌宠守护者到商业帝国掌门人的惊艳蜕变，如今更是获得千亿级大佬某雷的青睐，成功拿下顺为资本重磅融资，开启新一轮的增长奇迹!,"https://www.zhaopin.com/jobdetail/CCL1501280160J40721328316.htm?refcode=4019&srccode=401901&preactionid=a7c1140f-c46c-45e5-b867-ab342d8bdc77"
2411,技术支持工程师,淮安-清江浦区,9000-18000元,青岛安然物联网科技有限公司,"物联网,物联网",20-99人,未融资,CC559764920J40675638004,需要弱电技术、自动化、安防系统、工业互联网+危化安全生产、物联网人才，不要纯软件人才。  你能经常到全国各地出差吗？你能到工业生产现场生产现场做技术支持吗？   真正的奋斗者在安然会有让人值得为之奋斗的事业，会有充实、高效的成长，会有高人一等的收入。   你能做好售前技术支持、根据客户需求，高效制作方案吗？你能做好售中技术支持、指导他人正确安装、部署、调试系统向用户保质保量快速交付吗？你能做好售后维护，高效沟通和落实客户需求吗？   迄今已服务中石化、中石油、延长石油、国能、兖矿、京能、索普、新安、奇美、昊源、潞安、旭阳、垦利、逸盛、海科、酒钢、金发等几百家石化、化工、选煤、钢铁、电厂企业。    安然以客户为中心，以强者为本，抬头乐干，愿意与同道中人联合、链接，携手共建、共用、共享生产安全命运共同体，一起干，一起干，让优秀企业更安全，让优秀企业更高效！,7月18日,基于精准人员定位的工业安全生产信息化管理专家，安全生产信息化管理引领者！作为全国实时定位技术标准工作组成员和应急管理部“工业互联网+危化安全生产”人员定位系统技术支持机构，安然从2012年起致力于基于ZigBee Plus三维立体按需精准定位的“工业互联网+安全生产”的研究，获得了20多项安全智能管控系统发明专利和著作权，持续引领中国化工行业生产现场智慧安全！安然以“准、稳、狠”的ZigBee Plus三维立体按需精准人员定位统和“底数清、数据准、情况明、研判准、措施实”的安全生产信息化平台为核心，整合访客管理、出入口控制、人脸识别、视频监控、语音广播、重大危险源监控、可燃有毒气体监测等系统，对生产现场人、机、料、法、环五大要素进行实时、动态、智能管控和预警，规范人的安全行为，保障人的生命安全，有效防范风险、主动化解风险，实现智慧安全。安然“以用为本”，把安全生产信息化建设与公司管理体系“深度融合”，把安全生产信息化建设与日常工作“紧密结合”，对安全生产切实“有用、实用、好用”，避免建用“两张皮”，让安全管控更智能，让生产更高效才实用。迄今已服务中石化、中石油、延长石油、国能、兖矿、京能、索普、新安、奇美、昊源、潞安、旭阳、垦利、逸盛、海科、酒钢、金发等几百家石化、化工、选煤、钢铁、电厂企业。安然以客户为中心，以强者为本，抬头乐干，愿意与同道中人联合、链接，携手共建、共用、共享生产安全命运共同体，一起干，一起干，让优秀企业更安全，让优秀企业更高效！,"https://www.zhaopin.com/jobdetail/CC559764920J40675638004.htm?refcode=4019&srccode=401901&preactionid=a7c1140f-c46c-45e5-b867-ab342d8bdc77"
2412,技术支持工程师,东莞-None,7000-10000元·13薪,华测检测认证集团股份有限公司,检测/认证,10000人以上,已上市,CC136731340J40760406611,岗位职责 1．负责食品相关法规标准解读，与实验室沟通，为客户和内部人员提供专业的咨询解答； 2．对客户、业务咨询的各项服务需求进行评估，分析可行性，提供服务方案；  3．协助业务进行客户拜访、法规标准解读和培训； 4．收集整理最新的标准法规动态和行业信息，及时制作技术资讯等文字资料； 5．参与举办食品相关研讨会、服务推广方案； 6．完成领导交代的其他工作； 任职要求： 1．本科及以上学历，食品或相关专业； 2．熟悉食品相关法规标准，有食品安全管理或第三方检测公司食品技术支持相关工作经验； 3．良好的学习、沟通表达和团队合作能力，积极主动、工作认真，可承受工作压力；  4．具有良好的分析总结、策划推广、文案编写等能力。 5．熟练使用MS Office、WPS等办公软件 薪资待遇： 薪酬结构：底薪+通用补贴（餐补+房补+话补）+加班费 福利：五险一金（试用期开始购买），年底13薪（转正后享有）+年终奖 工作地点：东莞市松山湖研发一路一号B栋11楼,7月21日,"华测检测认证集团股份有限公司成立于2003年，总部位于中国深圳，是中国检测认证行业首家上市公司（股票代码：300012），中国第三方检测与认证服务行业领先者之一。秉承“诚信、团队、精益、创新、客户至上”的价值观，以“为品质生活传递信任”为使命，CTI华测检测为全球客户提供一站式测试、检验、认证、计量、审核、培训及技术服务，致力于在政府、企业和消费者之间传递信任，全面保障品质与安全，推动合规与创新，实现更健康、更安全、更环保的高质量发展。 CTI华测检测在全球90多个城市设立160多间实验室和260多个服务网络，拥有13,000多名优秀员工，服务能力已全面覆盖到纺织服装及鞋包、婴童玩具及轻工产品、电子电器、医药及医学、食品及农产品、化妆品及日化用品、石油化工、环境、建材及建筑工程、工业装备及制造、轨道交通、汽车和航空材料、芯片及半导体，绿色低碳和ESG服务、海事服务、数字化认证等相关行业及其供应链上下游产业的服务。作为中国检测认证行业首家上市公司，CTI华测检测获评Wind ESG AA级，居中国上市公司专业服务板块第一，同时荣获Wind 2024年度中国上市公司ESG最佳实践100强；连续三年入选标普全球《可持续发展年鉴（中国版）》，并获“行业最佳进步企业”奖。CTI华测检测将坚持以可持续发展为战略方向，继续秉持“为品质生活传递信任”的使命，向着“你的生活里，华测无处不在”的美好愿景持续发力，持续提升公司ESG管理水平，成为更绿色的、更有社会责任感的、更现代化的国际检测认证机构。【华测荣誉】国家高新技术企业、广东省著名商标、2024年度Wind中国上市公司ESG最佳实践100强、2024上市公司董办最佳实践案例、2024人力资源管理杰出奖（7届蝉联）、2022中国新经济企业500强、2022“深圳质量百强企业”、2020年行业影响力领导品牌奖、2020年中国标准创新贡献奖一等奖、中国百强高成长企业奖、深圳知名品牌、德勤中国高科技、高成长50强（2008、2009）、福布斯中国潜力企业榜上榜企业、首批广东省科技服务百强机构、深圳市宝安区科技创新奖、深圳市宝安区“区长质量奖”、深圳市宝安区重点科技企业、深圳市宝安区民营百强企业、深圳首届品牌百强企业等奖项和荣誉。【福利体系】六险一金：养老保险、失业保险、工伤保险、医疗保险、生育保险、人身意外险和住房公积金；带薪假期：享有带薪年休假、法定节假日、孕产假（产假、孕检假、陪产假、哺乳假）、病假、丧假等假期；健康体检：每年享有健康体检；各项补贴：住房补贴、话费补贴、餐补、差旅补贴、加班补贴、高低温补贴、职称补贴等各项补贴；员工关怀：母婴关怀、生日关怀、中秋节、三八节等节日礼品；文娱活动：定期羽毛球、足球、篮球活动，每年举办运动会、家庭活动日、迎新活动；活动经费：每人每月享有活动经费。","https://www.zhaopin.com/jobdetail/CC136731340J40760406611.htm?refcode=4019&srccode=401901&preactionid=a7c1140f-c46c-45e5-b867-ab342d8bdc77"
2413,科研人员,深圳-南山区,3-5万,北京大学深圳研究院,学术/科研,100-299人,,CC516901830J40717965205,深港产学研基地（北京大学香港科技大学深圳研修院）是深圳市政府、北京大学、香港科技大学1999年合作创立的正局级事业单位，旨在利用合作三方优质资源和深港湾区地域优势，促进科技成果产业化、培养高层次人才和进行前沿科技应用性研究，目前已发展成为华南地区重要的党政干部、企业家和专业技术人员教育培训基地，国家技术转移示范机构，国家科技企业孵化器，国家高新技术创业服务中心，国际高层次人才（包括博士后）培养和交流基地，粤港澳大湾区重要智库，深港合作的重要标志，北京大学和香港科技大学对外合作的重要机构。  北京大学香港科技大学深圳研修院博士后科研工作站设站17年来，连续两个评估期（2010-2020）都以“优秀博士后工作站”的优异成绩获得国家人社部与全国博管会通报表彰，并于2019年4月起获独立招收博士后资格。  北京大学深圳研究院是北京大学在深圳发起成立的具有独立法人资格的产、学、研综合创新机构，为深圳市首批引进加入虚拟大学园的成员院校之一，旨在发挥北京大学科研优势，促进科技成果产业化、培养各类高级人才和进行应用性研究，与深圳市政府、北京大学、香港科技大学三方合作创立的深港产学研基地（北京大学香港科技大学深圳研修院）一套人马，两块牌子，高效运营。  深圳市福田区红岭中学创办于1981年，是深圳经济特区政府成立后建成的第一所公办中学，有深圳中心城区第一学府之称。2015年成立红岭教育集团，覆盖基础教育的高中、初中、小学、幼儿园全学段，是深圳市规模较大、类型较多的公办集团学校。其中，红岭中学高中部现为“广东省国家级示范性高中”是深圳市区属学校中“最具实力的重点中学”，连续多年被评为深圳市“最具人气的重点中学”。  北京大学香港科技大学深圳研修院目前承担教育改革相关重点项目，与深圳市福田区红岭中学(红岭教育集团)开展战略合作，致力于发挥大湾区教育改革优势，推动国家基础教育改革，在深圳率先开展教育改革实践探索，拟招收培养一批专注基础教育改革的博士后科研人才，为教育改革理论和实践发展提供智力支持 一、招收条件 （一）具有良好的政治素质和道德修养，遵纪守法，无任何不良记录； （二）教育学一级学科、心理学一级学科、人工智能等相关专业，具有跨专业背景优先； （三）已获得博士学位，或将于本年度取得博士学位的博士研究生，年龄在35周岁以下； （四）诚实守信，品学兼优，具有良好的敬业精神和研究素质，有志于教育改革研究和实践工作，有自己的研究思路和方法，自主研究能力强，可独立承担研究任务，目前已取得显著科研成果的申请者将予以优先考虑； （五）具备全职从事博士后研究工作的条件。 二、研究方向 （一）中小学课程教育改革 以当前教育改革理论和课改实证研究为主要方向，围绕中小学育人方式转变、核心素养发展、课堂教学改革的重点和热点问题开展应用研究，探索适合当前教育改革方向的课程改革框架、模型、路径和实施策略，并进行相关应用试点示范； （二）中小学学生心理健康问题的家校社协同机制研究 结合当前经济社会发展和学生成长环境变化，针对学生心理健康突出问题，分析深层次原因，基于家庭、学校、社会协同视域探索中国学生心理健康素养的提升路径，提出相关应用实践建议； （该选题优先招收具有心理学专业背景的博士后） （三）人工智能赋能教育 结合当下人工智能技术发展的趋势，针对人工智能在教学内容、教育评估、个性化学习等领域的应用，协助建立、完善相应模型系统，为教学实践与教育理念变革赋能。 三、工作地点：广东深圳 四、待遇条件 （一） 工作站将根据研究方向为博士后配备北京大学及其他知名高校相关领域专家及深圳当地知名教育专家作为合作指导老师，深圳市福田区红岭中学(红岭教育集团)为博士后提供良好的实践条件，对博士后进行理论和实践指导； （二） 根据深圳市博士后工作管理规定：  1、 博士后在站期间可按以下情况申请生活补助之一： （1） 符合广东省海外博士后人才支持项目，来本市从事博士后工作的，给予每人60万元在站生活补贴； （2）符合省在站博士后每人总额30万元生活补贴资助条件的，市财政给予每人12万元在站生活补助； （3） 其他人员，市财政给予每人36万元在站生活补助；  2、 出站后留深工作者，可申请深圳市博士后出站留深科研资助36万；  3、 在站期间获得博士后创新人才支持计划或中国博士后科学基金特别资助的优秀博士后人员，且出站后6个月内与深圳签订3年以上劳动（聘用）合同的，再按国家资助标准给予1：1经费资助，最高不超过30万元； （三） 提供不低于本单位中级职称人员基本工资待遇，国家规定的相关福利、五险一金等； （四） 博士后期满出站后可推荐至相关中小学教职岗位或领导岗位； （五） 在站期间，可参与红岭教育集团校本课、社团课、晚自习值班、学生竞赛辅导等校内兼职，课时费与校内老师一致； （六） 在站期间，可参与深港产学研基地深港发展研究院的课题或项目，课题费和项目绩效根据所参与课题/项目的比例发放； （七） 提供单人单间宿舍与工作日早午餐（早午餐不含寒暑假）。 五、出站要求 （一）根据研究方向完成研究报告； （二）通过课题的开题、中期、出站评审； （三）发表两篇核心论文。 六、提交材料 （一）本人简历（从大学至今，时间不间断，附近照，同时包括：出生年月、教育背景、工作简历、科研成果、通讯地址及联系电话等）；学历学位证书； （二）充分反映本人学术的有关材料，包括：论著（译著）目录、论文被收录和引用情况、获奖情况和主要承担课题情况等； （三）其他能够证明研究能力的材料。,6月12日,北京大学深圳研究院是由北京大学在深圳市依托深港产学研基地（深圳市局级事业单位）发起成立的产学研合作实体平台，是深圳市首批引进加入虚拟大学园的成员院校之一，已成为北京大学布局湾区、立足深港的高层次、综合性、开放式的官、产、学、研、资相结合的科技成果孵化与产业化基地、风险基金聚散基地、科技体制创新基地和高新技术人才培养引进基地，是北京大学在校本部外重要的产学研合作基地。,"https://www.zhaopin.com/jobdetail/CC516901830J40717965205.htm?refcode=4019&srccode=401901&preactionid=a7c1140f-c46c-45e5-b867-ab342d8bdc77"
2414,Java,南京-雨花台区,1.8-3.5万·16薪,外企德科数字技术有限公司,专业技术服务,10000人以上,,CCL1480117890J40783657705,核心项目开发 Java/python/JS/C++/测试，均有岗位在招聘 【福利待遇】  1、薪资open+14-16薪 2、入职全额六险一金+双休，双倍加班费+加班餐补+加班打车 报销 3、上下班有班车，园区有饭堂、免费健身房 4、资深导师一对一带教 【岗位要求】 1、计算机、软件、通信等相关专业本科及以上学历，专业优秀者可放宽； 2、热爱编程，基础扎实，熟悉掌握 测试/Java/python/JS/C++编程语言，有良好的编程习惯； 3、具备独立工作能力和解决问题的能力、善于沟通，乐于合作，热衷新技术，善于总结分享，喜欢动手实践；  4、对数据结构、算法有一定了解；,2025-07-27 00:25:17,外企德科数字技术有限公司是一家2023年新成立的中外合资企业。成立于2023年11月24日，公司定位：专注于为信息技术企业提供人才及数字技术外包解决方案的中外合资企业。它是由中国人力资源服务行业的FESCO（北京国际人力资本集团）与全球人力资源服务领导者The Adecco Group（德科集团）合资成立的。公司主要提供网络技术服务、软件外包服务、计算机系统服务、技术进出口、软件开发等信息技术相关服务。专注于为信息技术企业提供信息技术类人才及数字技术外包解决方案。,"https://www.zhaopin.com/jobdetail/CCL1480117890J40783657705.htm?refcode=4019&srccode=401901&preactionid=a7c1140f-c46c-45e5-b867-ab342d8bdc77"
2415,测试工程师,常州-武进区,5000-10000元,常州市雄华通态自动化设备有限公司,"仪器仪表制造,电子/半导体/集成电路,电力/水利/热力/燃气,学术/科研",20-99人,未融资,CC472969420J40382654009,工作要求：电气、电子相关专业，本科学历及以上，男女不限。   ,5月13日,本公司产品主要服务于各类工业设备的智能化、自动化控制。雄华公司在建立之初确定了产品的发展方向是依托现代芯片技术发展为客户开发专用的控制器（自带A/D、D/A、逻辑运算、模糊控制、参数显示和设定等），产品主要服务于运动控制领域，利用总线控制技术实现多轴系统的控制，产品同时具备物联网接口、大数据后台管理技术让产品平台化，操作管理可视化实现新一代控制技术的普及。雄华公司不断提升的技术，结合行业特征，在相关行业中开发出专用控制器及相关应用软件，让公司产品达到做行业的深度和专业度，让产品在客户的平台实现价值，同时实现雄华产品的自我价值。用雄华的产品像用“接触器”一样简单。相关行业及产品有：（部分行业及产品应客户保密要求未能公开）1、喷泉水景控制系列2、环保/给排水控制3、纺织印染设备控制4、通用控制器5、单片机产品系统开发6、数据采集、监控及考勤系统7、微拉丝机设备张力控制8、塑料机械开发专用变频节能系统9、多轴伺服，步进电机“运动控制器”10、专用产品行业APP软件开发11、屏蔽设备的全自动屏蔽门专用密码控制12、定做定型产品专用控制器,"https://www.zhaopin.com/jobdetail/CC472969420J40382654009.htm?refcode=4019&srccode=401901&preactionid=a7c1140f-c46c-45e5-b867-ab342d8bdc77"
2416,软件测试,广州-番禺区,1-1.5万,京北方,IT服务,10000人以上,,CC315847110J40617677607,岗位要求： 1、有3年以及3年以上软件测试经验； 2、掌握基本的软件测试理论，软件测试的基本方法、工具、流程和规范； 3、熟练掌握接口测试、功能测试、自动化测试，有自动化脚本编写经验，熟悉使用jmeter等测试工具以及管理工具； 5、linux、数据库、常用测试工具能熟练使用，熟悉软件测试相关流程； 6、熟悉数据库操作，熟悉Linux，Oracle/mysql； 7、有良好沟通能力、语言表达能力，较强的逻辑分析能力，工作积极主动，责任心强，细致有耐心； 8、本科学历毕业3年以上，计算机、自动化、金融相关专业，学信网可以查。 9、熟悉银行业务原理，有银行类相关系统测试经验者优先。 3、具备性能脚本、自动化脚本编写能力，有性能、自动化测试经验者优先。 公司福利： 1.周末双休，享受国家法定节假日，带薪年假 2.美味食堂，项目补贴 3.每季度发放季度绩效奖金 4.愉快的公司氛围，有节假日礼品，不定时聚餐,2月12日,京北方信息技术股份有限公司[股票代码：002987]（以下简称：京北方）致力于为国内外金融机构客户提供信息技术服务（ITO）及业务流程外包服务（BPO），并立志成为国内顶级的金融IT综合服务提供商。京北方总部位于北京，在广东、山东、江苏、安徽、黑龙江设有多个全资子公司，在超过20个中心城市设有分支机构及办事处，业务及服务中心遍布全国所有省、自治区、直辖市。公司顺应金融行业变革和客户需求，坚持创新驱动发展，先后被认定为国家高新技术企业、中关村高新技术企业，并获得跨地区增值电信业务许可证，同时设有北京市企业技术中心、企业博士后工作站。京北方遵循严格的质量标准，执行严密的安全措施，拥有成熟可靠的管理和开发流程，顺利通过CMMI5评估、ISO9001质量管理体系认证、ISO27001信息安全管理体系认证、ISO20000>;IT服务管理体系认证、ISO22301业务连续性管理体系认证、ISO14001环境管理体系认证、OHSAS18001职业健康安全管理体系认证。同时，掌握多项金融IT行业核心技术，拥有自主知识产权的国家专利20项，软件著作权90余项，具备高可靠的全时全国服务交付能力、IT信息风险管控能力及信息技术连续性服务管理能力。如今，京北方充分利用互联网、云计算、大数据、人工智能等新兴技术，凭借深厚的行业背景、国内领先的技术实力及创新的思维，针对银行、保险、证券、信托、基金、租赁、资产管理、理财管理等金融行业客户，打造出覆盖客户渠道、业务处理、管理决策等领域解决方案，囊括营运管理、风险管理、合规管理、信贷管理、资产管理、同业管理、现金管理、交易银行、中间业务、统一客服、电商平台等关键业务领域。基于公司成熟的服务体系及专业的技术团队，满足客户对业务咨询、软件开发、软件测试、应用系统运维、基础架构运维、桌面运维在内的多层次服务需求。京北方实时洞察行业变革，技术驱动客户创新，帮助客户完成产品创新、渠道创新，协助客户实现收入和利润结构优化，驱动客户从优秀到卓越。跟踪前沿科技，致力行业创新。凭借持续的行业经验和强大的本地化服务能力，在金融业务流程外包领域，京北方拥有涵盖数据处理类、业务处理类、业务营销类等一系列服务产品，在潍坊、大庆、无锡、合肥拥有独立的大型外包基地，为客户提供驻场式、基地式、租赁式等多种连续性外包服务。京北方现为中国规模最大、人数最多、资质最全、客户最广泛的国内金融BPO服务公司之一。面向未来，京北方将持续秉承“客户满意、员工支持、股东默契、价值链协同、社会认可”的企业核心价值观，坚守“合法、合规、合理”的经营准则，通过专业化的产品和服务，释放科技创新的力量，把信息技术转化为客户价值，助力客户尽享科技变革带来的卓越运营。,"https://www.zhaopin.com/jobdetail/CC315847110J40617677607.htm?refcode=4019&srccode=401901&preactionid=a7c1140f-c46c-45e5-b867-ab342d8bdc77"
2417,实施工程师,长治-潞州区,5000-8000元,龙芯中科,"电子/半导体/集成电路,计算机硬件,计算机软件,电子/半导体/集成电路",500-999人,已上市,CC192745910J40723398309,岗位职责：  1.接听接待各类来电来访，并进行相关记录与处理。,7月24日,龙芯中科面向国家信息化建设需求，面向国际信息技术前沿，以创新发展为主题、以产业发展为主线、以体系建设为目标，坚持自主创新，全面掌握CPU指令系统、处理器IP核、操作系统等计算机核心技术，打造自主开放的软硬件生态和信息产业体系，为国家战略需求提供自主、安全、可靠的处理器，为信息产业的创新发展提供高性能、低成本的处理器和基础软硬件解决方案。龙芯中科主营业务为处理器及配套芯片的研制、销售及服务，主要产品与服务包括处理器及配套芯片产品与基础软硬件解决方案业务。目前，龙芯中科基于信息系统和工控系统两条主线开展产业生态建设，面向网络安全、办公与业务信息化、工控及物联网等领域与合作伙伴保持全面的市场合作，系列产品在电子政务、能源、交通、金融、电信、教育等行业领域已获得广泛应用。2022年科创板上市，股票代码：688047,"https://www.zhaopin.com/jobdetail/CC192745910J40723398309.htm?refcode=4019&srccode=401901&preactionid=a7c1140f-c46c-45e5-b867-ab342d8bdc77"
2418,实施工程师,北京-东城区,6000-7000元,外企德科,"人力资源服务,咨询服务",1000-9999人,不需要融资,CC138117190J40777648505,岗位职责： 1、负责演出行业现场的票务系统服务保障工作； 2、负责演出行业的系统实施工作； 3、负责硬件的日常运营维护。 岗位要求: 1、大专及以上学历，有硬软件实施经验优先； 2、吃苦耐劳，能适应频繁出差； 3、具备初级项目管理能力，具备基本的沟通能力； 4、学习能力强，能快速理解岗位要求和技能要求。 薪资待遇： 1、基本薪资：固薪 2、其他福利：五险一金,2025-07-27 00:17:00,"北京外企德科人力资源服务上海有限公司（FESCO Adecco）：官方网站：http://www.fescoadecco.com/北京外企德科人力资源服务上海有限公司(外企德科 FESCO Adecco)是值得客户信赖的人力资源解决方案提供商和全球合作伙伴，是中国人力资源服务行业最具竞争力和品牌价值的FESCO（北京外企服务集团）与全球人力资源服务行业领航者The Adecco Group（德科集团）于2010年成立的一家中外合资人力资源服务企业，为企业及个人提供业务外包、人事服务、招聘猎头和员工福利等人力资源解决方案。目前，FESCO Adecco在浙江、陕西、重庆、深圳、苏州设立了分支机构，全国服务人数超过200万名，服务客户超20,000家。","https://www.zhaopin.com/jobdetail/CC138117190J40777648505.htm?refcode=4019&srccode=401901&preactionid=a7c1140f-c46c-45e5-b867-ab342d8bdc77"
2419,软件测试,深圳-龙岗区,8000-9000元,福建八盛汽车科技有限公司,"电子设备制造,人工智能,智能硬件,通信/网络设备",100-299人,已上市,CCL1492512230J40643752716,岗位内容： 1. 建立和维护软件产品的测试计划和策略。 2. 负责软件测试阶段的进度管理和问题跟踪。 3. 审查需求文档，识别并管理关键的测试风险。 4. 持续改进测试流程和工具，提高测试效率和质量。 5. 向其他团队成员提供培训和支持。 任职要求： 1. 具有大专学历以上。  2. 精通测试常见工具和框架（如JIRA、TestRail、Appium）。 3. 熟悉测试理论和流程，能够制定测试计划和策略。 4. 具有较强的问题分析和解决能力。 5. 能够在压力下工作，并保证结果的准确性。 五险一金 年终奖 可晋升,12月2日,八盛汽车科技有限公司成立于2021年，在汽车科技领域精耕细作，不断开拓创新。经过多年发展，已成为行业内具有一定规模和影响力的企业，拥有现代化的办公设施与研发中心，汇聚了众多汽车科技专业人才，业务覆盖范围广泛，涵盖汽车智能系统研发、汽车零部件制造与优化等多个板块。,"https://www.zhaopin.com/jobdetail/CCL1492512230J40643752716.htm?refcode=4019&srccode=401901&preactionid=a7c1140f-c46c-45e5-b867-ab342d8bdc77"
2420,C/C++,上海-浦东新区,1.1-2.1万,软通动力信息技术(集团)股份有限公司,"互联网,IT服务,计算机软件",10000人以上,D轮及以上,CC000544460J40450491916,【岗位职责】 1. 负责系统webgl双框架看护 2. 负责系统webgl测试接口编写、验证、日常稳定性看护 3. 负责系统webgl项目日常跟踪与推进 【任职要求】 1、统招本科及以上，计算机相关专业 2、熟练掌握C/C++，了解Linux/ Android等操作系统基本知识，熟悉计算机网络，了解基本的软件开发与设计 3、加分项：熟悉JS 4、有开发经验者优先。 【项目亮点】 1）离岸(上海金闽园)，TM模式(周末加班双倍工资) 2）项目持续行好，稳定性高，会一直做下去,7月2日,软通动力信息技术（集团）股份有限公司（以下简称“软通动力”）是中国数字技术产品和服务创新领导企业，致力于成为一家具有全球影响力的科技企业，企业数字化转型可信赖合作伙伴。公司2005年成立于北京，多年来始终坚持科技创新，具有软硬全栈的智能技术产品和服务能力，提供软件与数字技术服务、计算产品与数字基础设施、数字能源与智算服务以及国际化服务。目前，公司在10余个重要行业服务超过1100家国内外客户，其中超过230家客户为世界500强或中国500强企业，员工近90000人。软通动力拥有软通咨询、软通金科、软通工业互联、机械革命、软通华方等业务子品牌，并在全球40余个城市布局业务，构建北美、日本、东南亚、中东四大国际交付中心，在北京城市副中心、江苏无锡建设两大智能制造基地。同时，公司前瞻布局智能制造、ICT软硬基础能力和生产力智能化产品，打造产业链闭环。软通动力设立30个能力中心，拥有1个国家级工程实验室，6个省市政府认定的工程、技术实验室及研发中心，1个博士后科研工作站，50+技术合作伙伴的生态合作体系，不断探索前沿技术的巨大商业应用潜力。公司旗下教育品牌软通教育，拥有一家全日制本科学院——郑州西亚斯学院数字技术产业学院；同时在全国合作院校600多所，设有70多个校企联合人才培养基地，通过校企合作、协同育人，为社会培养高素质应用型人才。软通动力先后获得“2023年中国IT服务市场排名TOP 1”、“2024年Q4 PC出货量国内市场份额排名TOP 2”、“2024年中国软件和信息技术服务竞争力百强企业”、“2023年中国信创企业100强”、“2024万得ESG评级（Wind ESG Rating）AA级及信息技术服务行业ESG综合得分排名第一”等荣誉及市场认可，并拥有全球软件工程领域最高级别CMMI V2.0成熟度5级评估认证、国家研发运营一体化（DevOps）三级能力成熟度模型认证、信息技术服务标准（ITSS）运维能力成熟度一级认证等专业资质，支撑公司更优质的服务体系。,"https://www.zhaopin.com/jobdetail/CC000544460J40450491916.htm?refcode=4019&srccode=401901&preactionid=a7c1140f-c46c-45e5-b867-ab342d8bdc77"
2421,测试工程师,上海-浦东新区,1.2-2万,深圳市紫川软件有限公司,"计算机软件,IT服务,专业技术服务",500-999人,,CC143806550J40708701514,1.统招本科相关专业，3年以上互联网金融测试or开发工作经验 2.对测试有深入的了解，具备较强的测试案例设计能力，能产出功能、性能、兼容以及安全类相关主题测试报告； 3.熟悉至少一种移动自动化测试框架，能独立搭建自动化测试环境； 4.对项目开发流程和工具优化，提升整个项目交付效率，能够协助开发定位问题； 5.有较强的java/python/oc开发能力，能协助完成适合当前环境的测试平台搭建工作； 6.熟悉服务端系统架构，能够指导一线测试完成项目测试，帮助定位复杂问题，并与产品开发沟通存在的问题并推进解决；,6月19日,"紫川软件长期以来一直专注在银行、保险、通信、物流四个行业发展，为客户提供各种软件服务，包括：软件项目委托开发、软件咨询顾问服务、商用软件包实施、软件开发人力外包、软件测试外包服务等。公司将雄厚的系统分析、精深的开发技术和先进的管理理念应用于管理信息系统咨询、开发、整合和托管之中。以市场为先导，以客户为中心，以高素质的专业人才为后盾，为客户提供系统的、专业的、全面的解决方案和一流的实施服务。公司凭借多年积累的丰富的大型应用平台和数据库应用开发的经验，已先后为国内多家知名的企业提供项目开发、商务分析和技术服务。凭借成功的系统实施、高效的技术服务，良好的职业道德，经过多年不懈努力,已成为平安保险集团IT等多个大客户指定软件服务商。公司本着以人为本的理念，从而凝聚着一支经验丰富、技术精湛、求实进取、勇于挑战、敢于创新的开发队伍；公司正处于快速发展时期，需要具有创新、尽责和良好的团队合作精神的IT人才加入公司，公司对表现卓越的员工实行更加富有吸引力的管理方式，以激励他们能够团结一心、一如既往和公司共创辉煌的未来。紫川软件从创立开始一直专注于两个主要技术方向：基于J2EE的互联网应用解决方案、以手机为终端的移动商务解决方案。紫川软件采用Struts、Spring、Hibernate、Ibatis等流行框架、支持ORACLE、SQL SERVER等数据库，通过使用众多优秀工具，尽力为客户开发高质量、高性能的J2EE应用系统。在紫川：●提供在行业中非常具有竞争力的薪水●为员工提供齐全的五险一金●员工俱乐部每月组织各种娱乐活动（球类活动、户外运动等）●每年组织1次身体健康检查●特殊福利：全勤奖、法定节日福利（礼金+带薪假）、结婚&生育礼金、生日福利、员工旅游、员工父母祝寿礼金、春节探亲路费报销、开工红包。","https://www.zhaopin.com/jobdetail/CC143806550J40708701514.htm?refcode=4019&srccode=401901&preactionid=a7c1140f-c46c-45e5-b867-ab342d8bdc77"
2422,C/C++,石家庄-鹿泉区,4000-5000元,阿尔泰科技,"仪器仪表制造,仪器仪表制造,工业自动化",100-299人,未融资,CC135851050J40761862511,岗位职责：（优秀应届毕业生） 1、主要负责项目需求分析和核实、负责系统集成项目的调试和故障定位、技术方案编撰、客户现场技术支持等 2、记录客户问题并提供有效的解决方案，确保问题得到及时处理和反馈； 3、为客户提供专业软件产品的技术支持，包括远程协助、电话和邮件咨询； 4、会使用C++和labview编程，电子行业优先 任职要求： 1、计算机科学、信息技术或相关专业本科及以上学历； 2、优秀的沟通能力和客户服务意识，必要时需要出差为客户现场调试产品解决问题,7月28日,阿尔泰科技成立于1999年，是一家专业从事测控产品研发、生产、销售和服务的公司。自主研发的产品包括多种总线数据采集板卡、分布式采集模块、无线通讯数传采集模块、运动控制卡、测控机箱及测控系统、控制器、无风扇工业电脑、工业平板电脑、工业主板等。企业通过了ISO9001：2016质量体系，9001B-2009军工质量管理体系，CE欧盟质量体系、FCC体系，产品被广泛应用于环境、电力、通讯、航天、军工等领域。阿尔泰科技于2017年在石家庄扩建了生产基地，坐落于美丽的河北省鹿泉经济开发区，占用面积1000多平方米。地理位置优越，交通便利。基地主要加工生产本公司自主研发的产品，同时也接收外来产品的加工，石家庄生产基地延续了阿尔泰科技的质量管理体系，以服务共赢作为公司的经营理念。研发能力阿尔泰科技自1999年成立以来，一直致力于为客户提供优质的产品和服务，与各军工单位、科研院所等行业机构具有长期稳定的合作关系，能持续不断地获取行业新技术，完善自主知识产权产品的研发，为客户提供优秀的服务。公司设立了石家庄、成都、西安三个研发分公司，团队中有一批具有十年以上自动化行业研究与产品开发经验的工程师，是一支优秀的研发团队。同时，阿尔泰从用户多样化的需求出发，不断探索，为客户提供一系列增值服务，包括产品定制，固有产品改版、生产测试服务、软件设计、结构设计、PCB设计焊接调试等服务。生产能力生产基地坐落于风景秀丽的北京市平谷区，有大型回流焊机、全自动贴片机器、全自动丝印机、光学自动检测仪（AOI）等现代化设备，具备规划化、标准化、系统化的生产和管理水平。服务网络目前，阿尔泰科技有北京、西安、成都、南京、深圳、长春六家分公司，沈阳、哈尔滨、天津、石家庄、济南、郑州、合肥、武汉、上海、长沙、贵阳等十二家办事处，多地有服务网络。,"https://www.zhaopin.com/jobdetail/CC135851050J40761862511.htm?refcode=4019&srccode=401901&preactionid=a7c1140f-c46c-45e5-b867-ab342d8bdc77"
2423,实施工程师,深圳-南山区,2-2.5万·13薪,睿云联(厦门)网络通讯技术有限公司,"计算机硬件,互联网,通信/网络设备,计算机软件",300-499人,A轮,CC530673120J40757389401,岗位职责： 1、收集和管理客户需求，制定和宣讲解决方案，帮助销售获得客户订单； 2、培训客户产品技术知识，帮助客户快速熟悉产品方案； 3、解决客户日常产品技术问题，保持客户对服务的高满意度； 4、维护客户关系，为更多销售业务拓展提供支撑。任职要求：  1、本科及以上学历，计算机、电子、通信等理工科相关专业优先；  2、具备良好的理解和分析能力，对问题具有敏感性，抗压能力强；  3、具备良好的客户服务意识，沟通协调、推动执行能力强；  4、日语听说读写流利，能作为工作语言，与海外客户顺畅交流。,7月21日,睿云联（厦门）网络通讯技术有限公司成立于2012年，是全球领先的智能对讲产品及服务提供商，针对全球中高端市场，提供住宅/社区、商务办公、养老医疗和公众报警整体解决方案。目前，睿云联产品和方案遍及100多个国家和地区，智能对讲品牌AKUVOX正在成为全球一线品牌。我们的使命是“通过持续提供更好的沟通体验、更多的安全和便利，提高人们的生活品质”，在AIOT时代与全球合作伙伴及用户共同开启一个智慧世界。凭借多年在科技创新方面的高投入，我们融合网络通信、人工智能、安全、云计算和移动互联网等前沿技术，构建了业界领先的研发能力和独特优势。我们注重科技与艺术的融合，产品设计处处以人为本，在用户体验和质量方面不断追求极致，通过优异的服务持续为合作伙伴创造价值。我们思贤若渴，公司积极吸引各类优秀人才，努力为员工打造一个快速成长、充分发挥的环境，并提供有竞争力的薪资和福利。欢迎优秀人才加入睿云联！,"https://www.zhaopin.com/jobdetail/CC530673120J40757389401.htm?refcode=4019&srccode=401901&preactionid=a7c1140f-c46c-45e5-b867-ab342d8bdc77"
2424,实施工程师,天津-津南区,5000-6000元,天津市基理科技股份有限公司,"互联网,计算机软件,IT服务",100-299人,未融资,CC241628710J40673985312,驻场天津大学 岗位职责： 1、负责与天津大学（高校科研院所）沟通，解决客户提出有关软件使用的相关问题； 2、完成软件项目实施工作，并能够及时准确地反馈及解决系统实施中的问题； 3、为客户提供公司相关产品的培训； 4、负责项目实施资料的整理、归档等工作。 职位要求： 1、计算机相关专业学历； 2、熟悉计算机等相关硬件，熟悉操作系统，能安装、维护、配置PC、操作系统等软硬件资源； 3、较强的沟通能力良好的书面表达能力，能够承受较大压力； 4、良好的团队合作意识，强烈的责任感，工作积极主动。,10月8日,关于公司：天津市基理科技股份有限公司于2008年成立，研发总部位于天津，下设北京、波士顿等分支机构，并设立上海基理网络科技有限公司及重庆捷优特科技有限公司，是一家致力于为科研人员提供智能化科研管理解决方案的国家高新技术企业。基理科技始终以用户至上的理念做服务，时刻都在致力于让更多的科研用户享受到更加简单便捷的科研管理环境，真正实现基理的一贯理念：让科研更简单、更安全！我们的明星产品：17Kong（仪器控）：国内高口碑的科研管理共享服务平台。从“国内高校的仪器全生命周期管理”到“全社会的科研服务云共享”，9年的产品打磨将物联网与互联网技术完美融合，推进了全社会科研资源和服务的循环共享与使用。LabMai（来买网）：集实验用品采购和试剂全生命周期管理于一身的平台，辅以人员管理、经费管理，建立对实验室全方位的管理体系，保障了高校师生的生命和财产安全。G-IOT（捷优特智慧科研）：利用先进物联网技术，打造全新科研体验，保障科研安全、提高科研效率、降低科研成本，让科研工作者从日常琐事中解放出来，全身心聚焦科研！我们的团队：基理拥有一支国际化的尖端团队。公司联合创始人，暨现任CEO及CTO均为哈佛大学海归博士后，凭借着完备过硬的专业素质，及资深的科研领域研发经验、管理经验，打造了基理这支有着高起点、高素质的团队。成立9年以来，公司不断招贤纳士，吸纳了多批全国重点院校的优秀专业人才。我们的用户：50%以上全国重点院校的选择：目前已有超过300所高等院校、国家科研院所、企业园区选择与基理科技共同建立合作关系。合作高校：北京大学、清华大学、北京航空航天大学、中国农业大学、南开大学、天津大学、西安交通大学、哈尔滨工业大学、四川大学、复旦大学、上海交通大学、浙江大学、武汉大学、华中科技大学、香港科技大学......合作园区：上海张江高科技园、天津滨海高新区、淄博高新区、泰州中国医药城......合作研究所：武汉生物技术研究院、国际竹藤中心、航天局太空科技南方中心、中科院动物研究所、中科院生物物理研究所、中科院神经科学研究所......你需要知道的数据：11年致力于科研仪器平台建设300家高校/研究院和园区等科研机构选择基理科技40000个课题组300000名用户在使用基理科技平台系统28个省、直辖市、自治区被基理科技服务网络覆盖公司网站: http://www.geneegroup.com公司名称:天津市基理科技股份有限公司地址:天津市西青区海泰南道18号左岸花园16幢邮政编码: 300392,"https://www.zhaopin.com/jobdetail/CC241628710J40673985312.htm?refcode=4019&srccode=401901&preactionid=a7c1140f-c46c-45e5-b867-ab342d8bdc77"
2425,硬件测试,南昌-南昌县,6000-8000元,湖南拓维云创科技有限责任公司,互联网,1000-9999人,已上市,CC889005020J40506871013,1年左右笔记本电脑测试经验，各模块都可,7月18日,拓新思维，创造未来。拓维信息系统股份有限公司成立于1996年，成立之初，就立志做一家不断创新的科技企业。2008年，公司登陆深圳证券交易所，成功上市。历经多年发展，拓维信息现已成为拥有3000多名员工，以教育科技、软件服务、移动游戏为主营业务，在北京、上海、深圳、山东、香港、美国、日本等地设立了分支机构的移动互联网集团公司。拓维信息是中国互联网企业百强、联合国教科文组织认定的国际互联网教育联盟副理事长单位、中国教育考试技术服务行业信息化杰出供应商，拥有中国教育信息化突出贡献奖。公司还是中宣部授予的“全国文化企业30强”，文化部评选的全国“十大最具影响力国家文化产业示范基地”，同时是工信部授予的国家规划布局内的重点软件企业。拓维信息依托湖南的优质教育资源、近10年来在教育行业的积淀以及自身技术优势，秉承“帮助每个孩子成为最棒的自己”的教育理念，用心做教育。拓维信息1000多人的渠道团队构筑了覆盖教委、学校、幼儿园和运营商的核心渠道和服务能力，目前已与18个省教委、140多个地市教委建立了高信任、稳定的合作关系，为全国20个省、近3万所中小学、1万所幼儿园提供教育服务，还与中国移动等三大运营商形成了长期友好的深度合作关系。拓维信息围绕教育本质，深入教育核心，充分发挥在“互联网+教育”领域的技术和资源优势，携手长郡中学打造优质在线学习平台郡维云校，实现优质教育资源共建共享；依托先进的教育理念和强大的技术积累，打造K12一站式智能学习平台拓维学堂，推动教育公平与均衡；在全日制教育领域，2016年率先与长郡教育集团合作打造湖南首所国际化和“互联网+”双特色新型中学郡维中学，与博才教育集团合作打造全国首所全课程实验学校博才拓维学校。同时，拓维信息深入教育教学研究，启动拓维作文研究院，由中国教育学会中语会理事长顾之川教授出任顾问，专注作文课题、评价管理、智能测评、同步训练；成立儿童成长研究院，邀请华东师范大学教授朱家雄教授，联合上海二期课改专家团队，研发、整合国内外先进学前教育课程及资源；力邀国际教育测评专家、中国AP之父王湘波博士，成立拓维考试与教育测评研究院，专注研究教育质量评价、学生综合素质评价、教师专业发展评价、学校课程及考试评价。 2018年，教育部出台《教育信息化2.0行动计划》，湖南成为首个教育信息化2.0试点示范省，拓维信息结合自身多年积累，积极参与教育信息化2.0建设。2018年初，拓维信息联合长沙市教育局推出长沙市中小学生在线学习平台，推动真正实现“离校不离教”，促进学生均衡发展。拓维信息还打造了基于整个智慧城市的智慧教育，其中位于湖南益阳的智慧教育、位于贵州铜仁的中国西南教育大数据应用中心，均已成为智慧样板工程。在学前教育领域，拓维信息打造云宝贝智慧幼教平台，以“内容+服务”为核心，联动课堂端与家庭端；打造宝贝故事儿童在线阅读平台，实现同步阅读、家园共育，构建儿童成长生态。在投身教育信息化实践以外，拓维信息积极搭建行业沟通平台，促进教育企业交流与优势互补。2019年，拓维信息携手华为与好未来签订教育信息化2.0战略合作协议，拓维、华为、好未来联合国内教育垂直领域头部企业洋葱数学、作业盒子、北塔资本等共同成立“教育信息化2.0产业联盟”，共同推进教育信息化2.0新发展。一个企业能做多强，看其战略；一个企业能走多远，看其文化。拓维信息以“客户第一、拥抱变化、诚信正直、团队合作、积极敬业、追求卓越”为核心价值观，践行“帮助每个孩子成为最棒的自己”的企业使命，致力于打造有温度、可信赖的拓维教育品牌。在做大做强企业的同时，拓维信息力所能及地承担社会责任，通过设立爱心志愿者团队、面对面公益助学平台，推进“互联网+教育”精准扶贫、红领巾计划、小树苗计划、微心愿、梦想书屋、青春支教、一对一助学、留守儿童之家等系列公益项目，打造受人尊重的具社会责任感的企业。未来，拓维信息将继续围绕科技与文化的结合，专注于移动互联网产业发展和品牌打造，力争成为在全国移动互联网行业具有影响力、名列前茅的上市公司，做最大最强教育渠道，成就教育平台梦想。,"https://www.zhaopin.com/jobdetail/CC889005020J40506871013.htm?refcode=4019&srccode=401901&preactionid=a7c1140f-c46c-45e5-b867-ab342d8bdc77"
2426,科研人员,西安-雁塔区,1.5-3万,中国科学院地球环境研究所,学术/科研,100-299人,,CC134490820J40718238010,一、合作导师及课题组简介 李自民，中国科学院地球环境研究所研究员，黄土科学全国重点实验室副主任。入选中国科学院高层次人才引进计划、陕西省高层次人才引进计划、比利时FNRS学者。曾获国家优秀留学生奖和加拿大土壤学会Benno Warkentin学术奖。从事硅-碳耦合循环与全球变化研究，曾主持比利时国家自然科学基金、比利时-法国国际合作交流、中国科学院、全国重点实验室重点培育、陕西省等科研项目。发表学术论文68篇，其中以第一/通讯作者在Geochimica et Cosmochimica Acta、Geoderma、Science Bulletin、npj Sustainable Agriculture等国内外主流期刊上发表学术论文22篇。受邀撰写了Elsevier出版的英文专著《环境土壤百科全书》（第二版）和Springer Nature出版的英文专著《硅前沿研究支持农业可持续发展和人类健康》章节。担任国际SCI期刊Geoderma编委和Biochar、Carbon Research、Carbon Neutrality等国际期刊青年编委，捷克国家基金委评审专家和Nature Geoscience、PNAS等多个国际主流期刊的审稿人。 刘济，中国科学院地球环境研究所副研究员。入选欧盟居里玛丽学者、德国洪堡学者、中国科学院高层次人才引进计划候选人、陕西省科技新星。曾获中国科学院院长优秀奖。从发表学术论文45篇，其中以第一作者在Global Change Biology、Agronomy for Sustainable Development、Functional Ecology等中国科学院1区期刊上发表学术论文12篇。担任国际SCI期刊Scientific Reports编委，Climate Smart Agriculture和土壤通报青年编委。 更多信息请查看主页： https://www.researchgate.net/profile/Zimin_Li  https://www.researchgate.net/profile/Ji-Liu-29 二、招聘方向 主要研究领域包括植硅体 (phytolith)、生物地球化学、土壤学、硅碳磷氮生物地球化学、全球变化生态学、生态化学计量；重点关注全球变化背景下，陆地生态系统生源要素（硅碳氮磷）生物地球化学过程及其调控机制。 三、岗位要求 1. 岗位：特别研究助理（含博士后）和科研助理 2. 基本条件： a. 特别研究助理（含博士后）岗位：在国内外获得博士学位，博士毕业三年内，一般不超过35周岁，以第一作者发表SCI论文1篇以上。科研助理岗位：本科及以上学历 b. 生态学、土壤学、微生物学、环境科学、地理学、第四纪地质学等相关专业优先。 c. 身体健康，遵纪守法、身心健康、有事业心、责任心和良好的团队精神。 3. 专业能力： a. 熟练运用R、Python等编程软件。 b. 具有数据库搭建、大数据分析或模型构建等研究基础。 c. 熟悉生态系统野外观测、控制实验或模型模拟者优先。 d. 掌握ArcGIS、大数据分析等模型和方法优先。 e. 具有跨学科研究经验或国际合作背景者优先。 四、薪酬待遇 1. 特别研究助理（含博士后)待遇不低于研究所副高三级专业技术岗位薪酬水平，优秀者年薪可达50万元。科研助理薪酬按照研究所相关规定执行。 2. 绩效奖励：科研成果按单位规定额外奖励。 3. 科研支持：支持申报“博新计划”、博士后面上项目、国家自然科学基金，优秀者可推荐纳入院级人才计划。 4. 福利保障：享受五险一金、公派留学、带薪休假、工会福利、健康体检等福利待遇。 五、申请程序及提交材料 1. 有意者请将以下材料一并打包发送至*****************; ***************  2. 文件名及邮件主题请注明：特别研究助理（含博士后）申请+姓名，科研助理+姓名 • 个人简历（包括学习工作经历、已掌握技能或其他成果、论文列表、研究专长等）。（PDF格式） • 代表性学术论文1-3篇PDF文件。 • 能够证明本人能力和水平的其他材料。 4. 初选合格者将通过邮件或电话通知面试。,2月26日,本次招聘为中国科学院地球环境研究所古环境研究室敖红研究员项目聘用人员招聘古环境研究室是地球环境研究所的一个主要研究室。通过东亚大陆环境钻探与地球环境数值模拟，研究亚洲季风－干旱环境系统的分异耦合过程、演化历史和发展趋势及其与全球环境变化关系，认识长时间尺度地球气候与环境变化的规律和机制，为环境预测、国家生态环境修复与治理提供重要的科学依据。 1996年以中国科学院地球环境研究所安芷生院士为首的我国科学家群体，提出在中国开展环境科学钻探研究的必要性，并于近年在科技部、中国科学院和国家自然科学基金委员会等单位的共同资助下，开展了“中国环境科学钻探计划”的工作。该计划拟在我国不同的自然环境单元获取大批高质量的地质与生物岩芯记录，从综合集成角度研究我国不同环境子系统的演化历史及其与全球变化之间的联系，探讨与预测未来发展趋势。目前，该计划已在西部极端干旱区的罗布泊、半干旱区的黄土高原、干旱区与季风区过渡带的青海湖、西南季风区的云南鹤庆、东南季风区的江汉平原和雷州半岛获取了累计长度超过6000多米的珍贵长岩芯样品，同时在全国各地获取了大批湖泊、树轮、石笋、珊瑚样本。环境模拟实验室是通过对气候环境变化的数值模拟和分析，结合地质、历气候环境记录，探讨亚洲大陆为中心不同时空尺度地球气候与环境系统变化的规律和机制，从中提取全球变化的历史相似型和早期信号，为人类可持续发展战略提供必要的信息。环境磁学实验室主要利用磁学方法，对沉积物进行磁性地层和岩石磁学性质的研究，是地球环境长时间尺度年代标尺建立和环境指标分析的主要手段。沉积学实验室研究重点为晚新生代以来海陆风尘记录的物质来源和传输动力在构造-千年时间尺度上的变化特征和驱动机制。土壤矿物与环境实验室主要通过沉积物中矿物组合尤其是粘土矿物以及化学元素组成的分析和研究，重建新生代古环境、古气候演变化历史。,"https://www.zhaopin.com/jobdetail/CC134490820J40718238010.htm?refcode=4019&srccode=401901&preactionid=a7c1140f-c46c-45e5-b867-ab342d8bdc77"
2427,软件测试,郑州-管城回族区,8000-10000元,重庆科满福人力资源服务有限公司,企业服务,20-99人,,CCL1487604860J40929254204,【岗位职责】： 1、软件测试岗位职责  2、接受测试任务，进行需求分析 3、按照测试计划搭建测试环境，并保证测试环境的可靠性 4、按照测试计划编亏测试用例，保证测试用例合理有效 5、按照测试用例执行测试，及时发现缺陷，并使用工具进行管理缺陷 6、编写和提交测试报告，保证测试进度按计划完成 7、参与审核其他测试工程师的测试用例和报告 8、学习公司已有方案和推广使用新的测试技术和工具 ,7月7日,,"https://www.zhaopin.com/jobdetail/CCL1487604860J40929254204.htm?refcode=4019&srccode=401901&preactionid=a7c1140f-c46c-45e5-b867-ab342d8bdc77"
2428,C/C++,南京-雨花台区,2-3万·15薪,思源电气,"电气机械/电力设备,仪器仪表制造,电气机械/电力设备,金属制品业",1000-9999人,已上市,CC000635070J40671881311,"职位描述: 我们正在寻找一位经验丰富的 C++ 开发工程师加入我们的团队。理想的候选人应具备丰富的跨平台开发经验，并对编译器和面向领域语言 (Domain-Specific Language, DSL) 的开发有深入了解。此外，候选人将负责低代码平台的开发工作。 主要职责: 参与设计、开发和维护高性能的 C++ 应用程序。 负责跨平台软件的开发和优化，确保在不同操作系统上的一致性和性能。 参与低代码平台的设计与实现，提升开发效率和代码质量。 与团队成员协作，参与代码审查，确保代码的高质量和可维护性。 分析和解决软件开发过程中的技术问题，提供技术支持。 持续学习和应用最新的技术和工具，推动技术创新。 职位要求: 计算机科学、软件工程或相关专业本科及以上学历。 5-7 年 C++ 开发经验，具备扎实的编程基础和良好的编码习惯。 丰富的跨平台开发经验，熟悉 Windows、Linux、macOS 等操作系统。 熟悉编译器原理，有编译器开发经验者优先。 具备面向领域语言 (DSL) 的开发经验者优先。 熟悉常用的开发工具和版本控制系统，如 Git。 良好的问题解决能力和团队协作能力。 具备良好的英语读写能力，能够阅读和理解英文技术文档。 加分项: 参与过开源项目或有相关贡献。 熟悉其他编程语言，如 Python、Java 等。 具备大规模软件系统的设计和开发经验。 我们提供: 具有竞争力的薪酬和福利。 灵活的工作时间和友好的工作环境。 参与前沿技术项目的机会。 持续的职业发展和培训机会。 如果您对这个职位感兴趣，请将您的简历发送至 [联系邮箱]，并在邮件主题中注明“应聘高级 C++ 开发工程师”。",2025-07-27 00:45:21,我们的成长我们是一家拥有50年制造经验的电力设备制造商，始终专注于电力配电装置的研发、制造和服务。2004年在深交所上市（股票代码002028）以来，每年以30%的复合增长率稳步发展，2018年公司新增合同订单74.8亿元。荣膺国家重点火炬计划高新技术企业、中国能源装备十佳民企、上海市创新型企业等荣誉称号。我们的业务思源电气的产业链不断扩大，迄今集团已拥有十多个制造实体，分布于上海、如皋、常州、南京等地，产品覆盖了超高压、高压开关设备、变压器、继电保护及自动化系统、无功补偿装置、测量监测装置、电力电子设备、汽车电子等专业领域，是一家高度重视自主创新和研发投入的、持续进行精益生产和自动化生产线建设的、具备现代科学管理理念的的智能制造企业。我们为电力、新能源、冶金、轨交、石化、煤炭、港口、数据中心等多个行业服务，为世界首个500千伏直流柔性电网工程张北站提供了自主研发的500千伏直流断路器，为秦山核电站、云广800千伏特高压直流输电工程、晋东南-南阳-荆门1000千伏特高压扩建工程、中石油新疆独山子千万吨炼油工程、铁路南宁枢纽站、上海磁悬浮、北京奥运会、巴西世界杯、西非四国联网项目等国内外重大工程提供了优质的产品和可靠的技术保障。我们的全球化思源电气在全球能源变革和电力互联网建设的大潮中，加速全球化步伐，陆续获得欧洲电力体系、英国国家电网、荷兰国家电网、俄罗斯国家电网、意大利国家电网、墨西哥国家电网、印度国家电网等客户的供应商资格认可。5000多名员工中有一些是来自瑞士、加拿大、俄罗斯、乌克兰、巴西、墨西哥、巴基斯坦等国家的工程师，他们遍布全球八十多个国家和地区，快速响应客户需求，为客户提供包含解决方案设计、生产制造、安装调试，运行维护，EPC总承包等全流程的本地化服务。我们的文化思源电气非常注重人才的发展与培养，为员工提供多样性的发展通道，为员工提供安全、健康的工作环境。我们追求客户、供应商、社区等各相关方的共同利益，促进经济、环境和社会的和谐与可持续发展。我们坚持以爱心回报社会，在多所大学等多所高校设立奖学金、为国内外贫困地区的孩子们捐资助学、积极参与无偿献血和社区公益等活动。通过在国内和海外的各分支机构，为当地社区的福利、教育、慈善及赈灾等方面做出积极贡献。“使电能更智慧，使生活更美好！”是每个思源人共同的追求。Smarter Power， Better Life。,"https://www.zhaopin.com/jobdetail/CC000635070J40671881311.htm?refcode=4019&srccode=401901&preactionid=a7c1140f-c46c-45e5-b867-ab342d8bdc77"
2429,技术支持工程师,苏州-昆山市,5000-10000元·14薪,东莞市颖兴金属表面处理材料有限公司,化工,20-99人,未融资,CC272975130J40811658815,1. 协助工程师完成售后技术支持；  2. 定期回访客户，并对客户生产现场定期检查；,2月21日,颖兴金属表面处理材料有限公司，是一家专注于冷塑性加工领域表面处理工艺的公司，经过多年发展，公司凭借精湛的专业技术、优异的产品质量、周到的售后服务及完善的管理制度得到了广大客户一致认可，于2002年在厦门成立分公司，2010年在昆山成立分公司，因发展需要，2011年初将深圳工厂迁入广东东莞松山湖高新产业园区，并顺利通过ISO9001：2008质量管理体系认证。为了更好的服务客户，集中精力和资源做最优质的产品，公司从最初涵盖整个金属表面处理材料行业上百种产品中优选出冷塑性加工领域表面处理系列产品，针对冷镦钢，工具钢，弹簧钢等材料，专业服务于线材拉拔，管材拉拔，冷冲压等冷塑性加工企业。,"https://www.zhaopin.com/jobdetail/CC272975130J40811658815.htm?refcode=4019&srccode=401901&preactionid=a7c1140f-c46c-45e5-b867-ab342d8bdc77"
2430,科研人员,广州-天河区,2.5-2.9万,智联猎头,"互联网,人力资源服务",1000-9999人,不需要融资,CCL1318355140J40528362003,工作内容主要有两个研发方向，低碳及智能建造。 博士也可以选择进博士后工作站进行研究工作。,7月22日,智联猎头作为智联招聘旗下品牌，以满足企业中高端岗位的人才招聘需求为出发点，整合全球优质资源，覆盖数字经济、新一代信息技术、人工智能、金融、电子信息、装备制造、生物医药与健康、房地产/建筑等数十个行业，拥有规模庞大、覆盖面广的交付团队，致力于向企业输出专业化的招聘解决方案。智联猎头目前拥有卓聘平台服务、招聘流程外包服务、高端人才猎寻服务三大类核心服务，具备高度定制化能力，能够为不同发展阶段的企业提供一站式招聘解决方案，同时为企业转型升级提供保障，全面增强企业核心竞争力！智联猎头利用自身独特的资源优势、成熟的服务模式，以及多层次的产品，致力于打造高效、专业的一站式人才服务模式，让招聘更加美好！,"https://www.zhaopin.com/jobdetail/CCL1318355140J40528362003.htm?refcode=4019&srccode=401901&preactionid=a7c1140f-c46c-45e5-b867-ab342d8bdc77"
2431,软件测试,上海-黄浦区,150-200元/天,咿呀英博(湖北)控股集团有限公司,"医院,医院,医美/健康服务",1000-9999人,不需要融资,CCL1465558090J40697751606,,2025年07月28日,咿呀英博口腔医疗集团成立于2003年3月1日，是集口腔门诊医疗服务、医疗行业投资、口腔专业研发、口腔技术培训为一体的口腔综合公司，作为知名口腔连锁品牌，在北京、上海、武汉、成都、重庆、杭州、苏州、昆山、岳阳、襄阳、宜昌、恩施、黄石、孝感、荆门、鄂州、利川等多城拥有60+家连锁医院，在职员工3600余人，每年为超过220万客户提供专业口腔服务，多次获得国家认证、行业认可。,"https://www.zhaopin.com/jobdetail/CCL1465558090J40697751606.htm?refcode=4019&srccode=401901&preactionid=a7c1140f-c46c-45e5-b867-ab342d8bdc77"
2432,前端开发,深圳-龙岗区,6000-8000元·13薪,深圳市点点点信息技术有限公司,"IT服务,电子/半导体/集成电路",100-299人,B轮,CCL1405520980J40640346016,主要职责‌： 1.在协助下，参与前端代码编写，实现网页和应用程序的界面设计，协助完成前端架构的设计与实现； 2.学习和掌握HTML5、CSS3、JavaScript等前端技术，完成代码优化与调试‌。 ‌任职要求‌： 1.计算机、软件工程、大数据、人工智能或相关专业大专及以上学历； 2.对React、Vue等前端框架有一定的了解； 3.具备良好的代码编写习惯，注重代码的可读性和可维护性； 4.具备良好的团队协作精神和沟通能力，能够迅速融入团队。,2025-07-27 00:47:01,作为“深圳创业者”的一员，深圳市点点点信息技术成立于2022年，至今2岁+，公司创立者皆来自大厂，从事智能产品研发设计、生产制造、综合服务的科技企业，积累了强大的产品级方案设计、硬件创新设计、系统级软件平台开发；涵盖智能手表、蓝牙耳机、AI游戏及AI游戏领域等智能产品布局，服务商包括vivo、oppo、realme、华为等智能产品，为广大服务商提供更好的解决方案，目前公司新的办公地址正在装修，新的家庭期待你的加入~,"https://www.zhaopin.com/jobdetail/CCL1405520980J40640346016.htm?refcode=4019&srccode=401901&preactionid=a7c1140f-c46c-45e5-b867-ab342d8bdc77"
2433,C/C++,深圳-龙岗区,面议,华为技术有限公司,运营商/增值服务,10000人以上,,CC000542940J40495635014,工作岗位：,2025-07-27 01:53:11,我们是华为，诞生于1987年。在成长的过程中，我们脚踏实地、奋勇向前。我们一直专注于ICT领域，为运营商、企业客户和消费者提供有竞争力的ICT解决方案、产品和服务。30年来我们不断积攒实力，如今已拥有来自全球170多个国家和地区的客户，全球三分之一的人口因华为受益。我们为员工提供：▲“华为大学”、“iLearning”、“导师制”等健全的培训制度；▲“专家管理双通道模式”的晋升途径；▲全球化的工作机会及视野。我们始终坚持“以客户为中心，以奋斗者为本”；只要你踏实肯干，华为就是你施展人生抱负的舞台。加入华为，与技术大牛共事，与行业精英一同成长；加入我们，你可以自带主角光环！联接，就像空气和水，慢慢融入生活的每个角落。我们期待与你一起共同探索全联接世界，共同领跑未来！我们是华为，诞生于1987年。在成长的过程中，我们脚踏实地、奋勇向前。我们一直专注于ICT领域，为运营商、企业客户和消费者提供有竞争力的ICT解决方案、产品和服务。30年来我们不断积攒实力，如今已拥有来自全球170多个国家和地区的客户，全球三分之一的人口因华为受益。我们为员工提供：▲“华为大学”、“iLearning”、“导师制”等健全的培训制度；▲“专家管理双通道模式”的晋升途径；▲全球化的工作机会及视野。我们始终坚持“以客户为中心，以奋斗者为本”；只要你踏实肯干，华为就是你施展人生抱负的舞台。加入华为，与技术大牛共事，与行业精英一同成长；加入我们，你可以自带主角光环！联接，就像空气和水，慢慢融入生活的每个角落。我们期待与你一起共同探索全联接世界，共同领跑未来！,"https://www.zhaopin.com/jobdetail/CC000542940J40495635014.htm?refcode=4019&srccode=401901&preactionid=a7c1140f-c46c-45e5-b867-ab342d8bdc77"
2434,C/C++,西安-雁塔区,1.3-2.6万·14薪,外企德科数字技术有限公司,专业技术服务,10000人以上,,CCL1480117890J40599611105,华为社招OD【岗位】 开发、测试、前端、算法、数开、运维工程师岗位~~~欢迎投递！ 注：机考通过后、根据候选人意向岗位/城市与需求部门做匹配--先业务方向沟通，候选人OK了再安排后续面试--入职（多部门/多城市可选)； 【岗位要求】 1. 统全本科，可接受应届、考研断档、 0 经验； 2. 掌握任意一种 或多种 编程语言：Java/C/C++/C#/Python/Go/JavaScript等；能通过机考； 【福利待遇】 1、5天8小时，双休制，偶尔加班（根据项目进度来定）； 2、全额五险一金++周末加班2倍工资（周末加班不强制，看个人意愿）+年终奖(由部门/个人绩效定）； 3、大厂待遇，项目稳定，个人瓶颈期可申请挑战新项目，晋升空间广，办公环境高大上; 4、节日福利++生日会++年度免费体检++公司内部健康驿站++带薪年假 5、每年一次调薪调职机会； 入职城市可选： 深圳、东莞、成都、西安、上海，杭州、苏州、南京、武汉、长沙、北京等 可选部门： ICT(公开、光、计算、无线、数存)；HW云，2012实验室，终端BG，BPIT，数字能源、海思等；,2025-07-27 00:23:22,外企德科数字技术有限公司是一家2023年新成立的中外合资企业。成立于2023年11月24日，公司定位：专注于为信息技术企业提供人才及数字技术外包解决方案的中外合资企业。它是由中国人力资源服务行业的FESCO（北京国际人力资本集团）与全球人力资源服务领导者The Adecco Group（德科集团）合资成立的。公司主要提供网络技术服务、软件外包服务、计算机系统服务、技术进出口、软件开发等信息技术相关服务。专注于为信息技术企业提供信息技术类人才及数字技术外包解决方案。,"https://www.zhaopin.com/jobdetail/CCL1480117890J40599611105.htm?refcode=4019&srccode=401901&preactionid=a7c1140f-c46c-45e5-b867-ab342d8bdc77"
2435,C/C++,成都-金牛区,1.5-2万,四川腾盾科技有限公司,"船舶/航空/航天/火车制造,电子设备制造",100-299人,未融资,CC430432680J40687718516,岗位职责 1.独立完成无人机指挥控制、情报或模拟器软件大型功能模块的开发； 2.熟悉公司软件工程业务流程，按照国标体系编写相应的技术文件； 3.理解系统需求或复杂软件业务需求，并能转化为编程实现，根据需求开展配置项和系统测试； 4.负责跨平台桌面应用程序的设计、开发和维护，主要使用C++编程语言。 5.使用QT框架开发用户界面（UI）和核心功能模块。 6.在Linux和Windows平台上进行应用程序的开发和调试。 职位要求  1.本科及以上学历，JG/研究所或相关行业式软件开发工作经验优先；  2.具备计算机和软件开发的专业知识，应用领域内精通C++编程语言，精通相应的集成开发环境（QT或VS、ArcGIS等、MGIS）。熟悉QT框架，有QT桌面应用开发经验优先。；  3.严格遵循软件开发规范，具有极好的编程风格；  4.对一般系统级和复杂软件级问题能够定位和解决；  5.逻辑思维清晰、优秀的沟通协调能力、责任心及良好的执行能力。  6.熟悉Linux操作系统，具备Linux环境下的开发、调试和部署经验。,7月16日,四川腾盾科技有限公司（简称：腾盾科技）是以航空技术专家人才为核心的军民融合、创新型高科技民营企业，主要从事以高端无人飞行器为代表的智能装备的全寿命期运维、全价值链经营和全产业链发展，致力成为国内顶尖、国际领先的智能装备解决方案供应商。腾盾科技拥有完整的科研、生产、试飞、综合保障体系以及丰富的行业配套资源，专业设置完整覆盖智能飞行器预研、研发、制造、交付与售后服务等全领域。公司位于四川省成都市，拥有金牛、武侯与双流三大产业园区，以及总部研发、生产制造与交付售后三大产业基地，办公面积超1.6万平方米。腾盾科技始创于2016年1月，作为高新智能产业专业运营商，公司注重培育科技人才、创新发展模式，一直保持快速成长势头。发展迄今汇聚了二十余位国家与省部级技术专家，吸引百余名具备多型国内外高端飞行器系统工程经验的行业顶级人才。各类专业技术人员占员工总数的85%以上，40%以上具有硕士及以上学历（学位），20%具有正高级技术职称。未来，腾盾科技将秉承“汇智报国、聚才兴业”的企业宗旨，践行“静心守恒、志行千里”的发展理念，倾力成为“让智能去做一切”的优异创造者与卓越运营商，与投资方、合作者共同博弈民族科技未来发展，共同成就智能飞行不朽传奇！,"https://www.zhaopin.com/jobdetail/CC430432680J40687718516.htm?refcode=4019&srccode=401901&preactionid=a7c1140f-c46c-45e5-b867-ab342d8bdc77"
2436,C/C++,上海-闵行区,8000-10000元,南京百敖,"计算机软件,计算机硬件,电子/半导体/集成电路,运营商/增值服务",500-999人,已上市,CC148096950J40630581516,岗位职责： 1. 参与BMC相关研发 2. 根据项目需求，进行C++编程和调试 3. 协助团队解决技术难题，提高产品性能 岗位要求： 1. 本科及以上学历，计算机相关专业 2. 熟悉C++编程语言，熟悉C++11新特性或者熟悉C++14、17等高级版本 3. 应届毕业生，有相关实习经验者优先,7月24日,卓易信息（股票代码：688258）是科创板上市企业、十余年专注于“自主、安全、可控”的云计算产业链业务。主营业务：为CPU和计算设备厂商提供云计算设备核心固件（BIOS、BMC）产品和服务为政企客户提供端到端的云服务解决方案,"https://www.zhaopin.com/jobdetail/CC148096950J40630581516.htm?refcode=4019&srccode=401901&preactionid=a7c1140f-c46c-45e5-b867-ab342d8bdc77"
2437,硬件测试,长沙-岳麓区,8000-12000元,长沙荀纬人工智能应用软件有限公司,计算机软件,20-99人,,CCL1503579560J40759143711,岗位内容： 1. 负责硬件测试流程的设计、建立和落地，包括测试用例编写，测试环境搭建等； 2. 进行硬件测试并记录测试相关数据，参与缺陷跟踪和管理； 3. 搭建硬件测试平台，提高测试效率和测试覆盖率。 任职要求： 1. 本科及以上学历，电子工程、自动化或相关专业； 2. 两年以上硬件测试相关工作经验，熟悉常用的测试方法和工具； 3. 熟练使用Python、C/C++等编程语言，有嵌入式开发经验者优先考虑； 4. 具备较强的自我驱动力和学习能力，善于思考和持续改进。,7月17日,,"https://www.zhaopin.com/jobdetail/CCL1503579560J40759143711.htm?refcode=4019&srccode=401901&preactionid=a7c1140f-c46c-45e5-b867-ab342d8bdc77"
2438,Java,济南-历城区,3000-6000元,普联软件股份有限公司,计算机软件,1000-9999人,已上市,CC153424410J40495218816,"一、实习岗位： 1、软件开发（Java后台和Web前端） 2、系统实施、咨询顾问 3、软件测试 4、软件运维 二、岗位要求： 1、统招本科及以上学历； 2、计算机软件类、信息管理类、财经类、财务管理类、会计类； 三、主要开发技术及业务方向： 1、JAVA后台开发（JAVA，SWING，JSP,JMS等）；  2、Web前端开发（React、Vue、JavaScript、JQuery、Ajax、Html5等）； 3、系统实施、咨询顾问：财务、ERP等企业管理系统咨询与实施。 四、待遇 （一）实习期间 1、实习补助：3000-6000/月 2，出差补助：￥40/天；话费补贴：￥50/月 3，提供住宿(济南） （二）正式入职 1、基本起薪：6k-12k/月、  出差补助（￥80/天）、通讯补助（￥80+/月） 2、六险一金（第六险为补充医疗报销） 3、节日福利、生日礼物 4、带薪年假 5、年度体检 6、办理集体户口（济南） 7、党团关系接收 8、档案接收 9、团队建设 四、工作地点 济南、北京、上海、成都、武汉、乌鲁木齐、西安，新疆、深圳、郑州 应聘简历请注明岗位及工作地点   职位福利：五险一金、通讯补助、带薪年假、补充医疗保险、定期体检、员工旅游、节日福利   ",7月21日,普联软件股份有限公司（股票代码：300996）成立于 2001年，总部位于山东济南-山东信息通信技术研究院。公司现有员工 2600余人，研发人员 1400余人，咨询实施人员 1000余人。在北京、深圳、成都、西安、武汉、合肥、乌鲁木齐、库尔勒、香港、日本大阪等地设有区域机构。普联软件股份有限公司是国家鼓励的重点软件企业，国家认定的高新技术企业，科技部认定的国家火炬计划软件产业基地骨干企业，山东省企业移动计算工程技术研究中心和山东省软件工程技术中心依托企业。济南市大数据与新一代信息技术重点企业，济南市人工智能行业领军企业、济南市数字经济领军企业，济南市总部企业。公司主营业务是为大型集团企业提供管理信息化方案及 IT综合服务。致力于通过云计算、大数据、人工智能等新一代信息技术，推动企业运营管理数字化、智能化转型。目前主要面向石油、石化、建筑、地产及银行、保险领域客户，提供管理信息系统的方案设计、软件开发、系统实施及运维服务，提供管理软件产品及售后服务。公司的产品、方案和服务主要聚焦于集团财务管控、数字建造、集团资金管理、智能化共享服务、大数据应用以及信息系统集成等业务。公司已拥有的客户群体包括中国石油、中国石化、中国建筑、中国海油、国家管网等大型央企；小米集团、万达集团、新希望集团、龙湖集团等行业龙头企业；中国平安、中国人寿、太平洋保险、浦发银行、全国股转公司等金融保险企业，已成为多家中国 500强企业的信息化核心合作伙伴。公司始终将成为大型集团企业的长期战略合作伙伴为重要发展策略，致力于支持企业管理的持续改进与信息化的深度融合，致力于支持客户业务的持续拓展与信息化的深度融合，致力于信息化对企业发展战略和管理创新的有效支撑。公司核心团队从事大型集团企业管理信息化工作 20余年，全程参与了中国石油、中国石化会计集中核算、资金集中管理和 ERP建设工作，积累了丰富的成功案例和实施经验，对于超大型复杂架构企业集团管理软件的设计、开发、集成项目具有突出的交付能力。技术研究团队始终紧跟技术发展趋势，熟悉云计算、大数据、物联网、人工智能、区块链等新一代信息技术，在所从事的业务领域具备持续创新能力。公司积极推动企业信息化应用深化提升，深度参与财政部管理会计专项课题研究和实践转化工作，是国内较早开展共享服务业务、XBRL应用研究及系统研发的代表厂商之一。公司积极依托在高端市场积累的业务经验、解决方案、软件复用技术及支持复用的软件产品和工具，加强与国内外业界机构的交流与合作，加快行业和领域的业务拓展。通过软件开发的平台化、解决方案的产品化、客户服务的本地化策略，为客户提供更快速高效的服务。不断努力，持续提供更有价值的产品和服务，成为客户信赖的长期合作伙伴。公司注重企业文化建设，努力提升公司管理水平与核心竞争力，致力于打造“创业、创新、创造”型组织。普联软件一直重视人力资本的价值，坚持“打造共赢平台、助力员工成长”的人才理念，将员工定位为与企业平等、合作的价值共创、共享伙伴。员工为企业创造价值的同时，企业也充分利用自身的平台和业务链资源，努力为员工的成长赋能，助力员工实现个体价值。在普联软件，我们为员工提供优良的发展平台，规划明确成长路径，提供大量的公共资源，通过工作任务提供学习场景，激发工作动能，持续为员工提供工作的成就感，促进员工在工作中迅速成长。（1）业务类职位可从实施顾问，逐步晋级为中级实施顾问、高级实施顾问、业务专家，获取待遇和个人职业发展的空间。（2）技术类职位可从程序员、逐步晋级为中级程序员、高级程序员、架构师，获取待遇和个人职业发展的空间。（3）公司客户为中国石油、中国石化、中国建筑、中国海油等央企，以及小米集团、大连万达、龙湖地产、新希望、华夏幸福等明星企业，业务类职位工作中可以零距离接触优秀企业的企业文化和管理方式，开拓个人的视野，跟随客户快速成长为业务领域的专家。（4）公司致力于企业应用软件的自主研发，在云计算、大数据、移动应用、智能分析全面布局，技术类职位工作中可以接触到最新、最前沿的技术领域，并体验自己的工作成果在客户项目落地的成就感。（5）工作地点为济南、北京、上海、广州、深圳，以及成都、杭州、武汉、郑州、西安等中心城市，可深度体验发达城市的工作生活节奏。（6）与IBM、德勤、安永、普华、毕马威等厂商广泛合作，体验与国际咨询公司工作协同、同台竞技的成就感，提升个体的综合能力。,"https://www.zhaopin.com/jobdetail/CC153424410J40495218816.htm?refcode=4019&srccode=401901&preactionid=a7c1140f-c46c-45e5-b867-ab342d8bdc77"
2439,测试工程师,沈阳-浑南区,1.3-1.8万·13薪,方得(青岛)人力资源有限公司,咨询服务,20-99人,,CCL1462672470J40736057116,,2025年07月28日,,"https://www.zhaopin.com/jobdetail/CCL1462672470J40736057116.htm?refcode=4019&srccode=401901&preactionid=a7c1140f-c46c-45e5-b867-ab342d8bdc77"
2440,测试工程师,东莞-None,9000-13000元,武汉佰钧成技术有限责任公司,"计算机软件,IT服务",1000-9999人,未融资,CC364485720J40789737505,1.熟悉测试理论和方法，有扎实的测试用例设计能力； 2.了解机器学习/AI基本原理，有NLP、CV、推荐系统等项目经验者优先； 3.熟悉常用的测试工具和框架（如Selenium、Postman、Pytest、JMeter等）； 4.有AI平台、智能客服、语音助手、图像识别类产品测试经验者优先； 5.有A/B测试、数据验证、模型评估经验者优先。,7月1日,武汉佰钧成技术有限责任公司（以下简称“佰钧成”）正式成立于2006年6月，主要业务是面向欧美、日本以及国内市场的制造业、金融、电信、能源、IT及政府和公共服务行业提供 ITO、BPO服务。背靠武汉地区丰富的人才优势及良好的技术研发能力，佰钧成现已成为IBM、华为、Google、Alcatel-Lucent、NTT Data等近十家世界500强企业的核心供应商，并已与HP、CBS、Honeywell、亚信联创、南瑞等一大批知名企业结成了战略合作伙伴。佰钧成连续三年被评为“中国软件服务外包前20强”，于2009年通过ISO 9001认证，2010年通过ISO 27001认证，并于2004年通过CMML-3认证，计划于2012年通过CMMI-4体系评估。佰钧成被陆续评为技术先进型企业、国家高新技术企业、省重点服务外包企业。2011年11月，佰钧成收购原东南融通信息科技(苏州)有限公司，其正式成为佰钧成全资子公司，佰钧成作为华为全领域供应商，向全球客户提供高质量、专业化的软件外包服务。佰钧成现已有员工4500余人，其中技术员工占总数的87%。佰钧成已建成多个大型离岸外包中心（ODC），包括有华为移动互联软件开发ODC，华为电信ODC，CBS数据挖掘ODC，富士施乐远程开发中心，谷歌地图ODC及IBM MF技术开发ODC等。成熟的离岸外包服务模式，创建为客户提供高效率、低成本服务的交付平台。此外，佰钧成作为武汉服务外包协会（简称WSOA）的理事长单位，在协会内领导建立了完善的人才共享机制与人才培养模式，在帮助企业汇聚区域优势的同时，有效解决了单个企业成长中遇到的人才、市场、成本等问题，为带动武汉地区软件外包服务行业的整体发展水平起到了积极的推动作用！佰钧成，以“服务全球，交付信任”为价值理念，以不断创新为生命力，立足中部优势，不断优化资源配置，持续提升其在产业价值链的地位和作用，致力于成为全球卓越的软件外包服务商！,"https://www.zhaopin.com/jobdetail/CC364485720J40789737505.htm?refcode=4019&srccode=401901&preactionid=a7c1140f-c46c-45e5-b867-ab342d8bdc77"
2441,科研人员,绍兴-越城区,1.6-3万·15薪,浙江大学绍兴研究院,"学术/科研,学术/科研",100-299人,未融资,CCL1406588970J40707676112,专业要求：,7月21日,为深入实施创新驱动发展战略，推动浙江大学科技资源更好地融入绍兴经济社会发展，2021年11月19日绍兴市越城区人民政府、绍兴市滨海新区管委会与浙江大学签署共建浙江大学绍兴研究院合作协议。浙江大学绍兴研究院于绍兴市越城区、滨海新区正式落地，并于2022年1月21日挂牌成立。浙江大学绍兴研究院是由浙江大学、绍兴市越城区、绍兴滨海新区管委会、共同组建的事业单位，是依托绍兴市区位、资源、产业优势和浙江大学在科技研究、人才培育、文化传承创新方面资源共同建立的新型研发机构，总部坐落在风景秀丽的迪荡湖。研究院以“资源共享、优势互补、合作共赢”为原则，围绕集成电路、生物医药、新材料、文化产业等领域，设立微电子研究中心、生命健康研究中心、亚洲文明研究中心，旨在面向科技发展前沿和产业发展需求，开展前沿关键技术研发创新与区域文化品牌拓展，引育一批高层次人才，孵化一批高科技产业项目。研究院下设微电子研究中心、生命健康研究中心、亚洲文明研究中心：（一）微电子研究中心：主要包括智慧电力芯片、智慧电力与信息装备、智慧电力与能源系统装备、先进封装平台、智能传感器芯片、高速与微弱信号处理设计、半导体高效能源材料等研发与转化，助推绍兴争创集成电路国家产业创新中心和省实验室。（二）生命健康研究中心：主要开展基因治疗、细胞治疗、新型疫苗、精准诊治、先进健康材料与器械、先进诊疗材料与器械、先进分离膜材料与器械设备等前沿颠覆性技术研发与转化，培育产业发展新动能，打造成为浙江大湾区生命健康产业的创新引擎，国内生命健康产业的战略高地，争创国际一流的生物医药创新中心、省级技术创新中心。（三）亚洲文明研究中心：立足亚洲文明互学互鉴和文旅融合发展，聚焦绍兴大禹、王阳明、鲁迅、书法、黄酒等文化金名片，着力彰显吴越文化、宋韵文化的独特价值，从名城、名人、名物、名胜四个方面提升区域品牌的国际化、特色化、数字化和品质化，助力打造“东亚文化之都”。浙江大学绍兴研究院将充分发挥浙江大学大学学科优势，面向国家和地方重大战略需求，时刻坚持科技赋能、文化引领的目标方针，以坚持人才强基为原则，引育并举打造高水平人才蓄水池，促进高水平成果转化，全面打造校地合作新典范。,"https://www.zhaopin.com/jobdetail/CCL1406588970J40707676112.htm?refcode=4019&srccode=401901&preactionid=a7c1140f-c46c-45e5-b867-ab342d8bdc77"
2442,前端开发,南宁-良庆区,50-100元/天,云宝宝,"互联网,计算机软件",20-99人,A轮,CC506364480J40787455712,工作内容： 1. 参与项目中的需求讨论和评审；   2. 根据需求文档编写功能模块设计文档；   3. 负责WEB端的开发和单元测试工作,6月24日,云宝宝大数据产业发展有限责任公司（以下简称“公司”）是南宁市人民政府倡导组建的一家基于互联网络架构、轻资产、平台型、混合所有制、聚焦智慧城市建设和运营的大数据公司。公司创立至今参与了“智慧南宁”建设的顶层设计，作为智慧南宁建设的中坚力量，坚持问题导向，努力去破解过去在智慧城市建设过程中存在内生动力缺乏、实施主体模糊、迭代发展困难等问题，坚持“政府主导、共建共享、开放创新”的原则，提出了新型智慧城市建设的”南宁模式”。一、公司的架构公司作为“立足南宁，面向广西，辐射东盟”的新型智慧城市运营商，于2017年3月28日正式成立，在短时间内迅速建立起公司架构及基本制度，搭建起公司专业人才队伍，强力推进公司核心竞争力的建设。（一）股权结构序号股东名称数字广西集团有限公司南宁轨道交通集团有限责任公司杭州数梦鼎石投资合伙企业（有限合伙）南宁市市民卡信息服务有限责任公司华蓝设计（集团）有限公司广西广播电视信息网络股份有限公司南宁浩众文化传播有限公司南宁智聚云投资合伙企业(有限合伙)（二）组织架构公司打造了一支具有较强凝聚力和执行力的专业队伍，并根据业务发展需要，设立了业务部、技术部（下辖应用组、中台组、数据组、产品组）、运营部、财务部、办公室、人力资源部六大职能部门，以及金融、一码通城、食堂云、爱抢购、广告招商等八大事业组。二、公司的核心竞争力（一）获得南宁市政务数据授权公司与芝麻信用管理有限公司签订了《南宁城市级综合信用产品和应用场景深度开发合作协议》、在南宁市政府授权下与市发改委签订了《南宁新型智慧城市战略合作协议》、与市信用信息中心签订了《信用数据查询与安全保密协议》等一系列合作协议，明确公司可依法获得南宁市社保、公积金、房产、税务等26个行业部门政务数据的共享授权及开发应用。（二）“智慧南宁”代建业主与市经济信息中心签订了《“智慧南宁”指挥中心代建合同》、与市信息网络管理中心签订了《南宁市互联网认证和票务平台代建合同》、与市社会保障卡管理办公室签订了《南宁市“智慧人社”项目代建合同》、与市政府采购中心签订了《政府采购云平台代建合同》，即将与市旅游发展委员会签订《南宁市全域旅游信息服务平台项目代建合同》，基本奠定了公司作为南宁新型智慧城市建设与运营商的定位。（三）建设新型智慧城市公共能力共享平台为避免可共享能力的重复建设，打造统一信用平台，大力推广信用分和诚信分；丰富电子证照库，推出电子身份证、电子驾驶证和行驶证；建设统一用户中心，积极推进各部门的用户认证系统的互通互认；推进统一支付中心的建设，整合多种支付渠道。目前已获得经用户授权的身份证、驾驶证、行驶证、公积金、社保等数据，下一步将继续接入水电、司法、税务等数据。（四）搭建城市级公共服务应用平台“爱南宁APP”于2017年12月19日正式上线，整合了南宁市政府相关部门和公共事业单位相关服务资源和权威信息，打造了一批涵盖交通出行、医疗、政务等方面的信息及服务的城市级公共服务应用。（五）从城市运营到行业Saas化运营经过一年多的经营，智慧南宁逐步成为云宝宝公司的根据地和业务孵化基地。在南宁市独一无二的政务大数据和商业大数据融合，政务服务与便民服务联动的土壤里，云宝宝不断实验和孵化新业务，在本地市场上洗礼验证后，大浪淘沙出可向全国推广的Saas化业务，向全国市场迅速复制推广。当前已经孵化出食堂云，城市信用分，充电云等全国业务。,"https://www.zhaopin.com/jobdetail/CC506364480J40787455712.htm?refcode=4019&srccode=401901&preactionid=a7c1140f-c46c-45e5-b867-ab342d8bdc77"
2443,技术支持工程师,沈阳-和平区,3000-6000元,沈阳恒驿科技有限公司,"通信/网络设备,网络/信息安全,电子/半导体/集成电路,计算机硬件",20-99人,未融资,CC299280010J40735874816,岗位职责 1. 根据项目图纸和技术方案，负责音视频系统设备（如音响、显示设备、矩阵、中控系统、会议系统、灯光系统等）的现场安装、布线、连接、固定工作。 2. 严格按照施工规范和流程进行作业，确保施工质量、工艺标准及施工安全。 3. 负责现场设备的初步调试与功能测试，配合项目经理和调试工程师完成系统联调。 4. 负责施工材料的现场管理、清点与保管。 5. 解决施工过程中遇到的一般性技术问题，及时反馈现场情况。 6. 整理施工记录、设备清单等过程文档。 7. 维护良好的客户现场关系，展现专业素养。 任职资格： 1. 大专及以上学历，电子工程、通信工程、自动化、计算机或相关专业优先。 2. 1年以上音视频系统、弱电系统、舞台灯光或相关领域现场施工经验。熟悉常见音视频设备（如会议终端、中控、调音台、视频矩阵等）及布线规范者优先。 3. 熟练使用办公软件（如Word、Excel、Powerpoint、Viso等），能够使用CAD、SU、PS等绘图软件者优先。 4. 具备良好的识图能力（CAD图纸），能独立完成设备安装定位与布线工作。 5. 动手能力强，熟悉常用施工工具（电钻、万用表、压线钳等）。 6. 责任心强，吃苦耐劳，能适应短期出差和现场作业环境。 7. 具备良好的沟通协调能力和团队合作精神。 8. 持有电工证、登高证等特种作业操作证者优先。 福利待遇： 1. 薪资面议，根据学历、经验、能力定岗定薪。 2. 提供五险保障。 3. 提供专业的技术培训和广阔的职业发展空间。 4. 鼓励员工实现自我提升，帮助员工更好的进行职业规划。 5. 带薪年假、带薪病假、节日福利、周末双休、团建活动等国家规定的相关福利待遇。 6. 提供差旅补贴及完善的劳保用品。,2025年07月29日,沈阳恒驿科技有限公司是专注于高端音视频系统集成解决方案的专业服务商。我们致力于为电力行业客户提供从设计咨询、设备选型、安装调试到运维保障的一站式音视频系统集成及运维服务。公司一贯重视与客户的关系，以“真诚细致、客户为本”作为公司座右铭，把客户的满意作为公司追求的最终目标。沈阳恒驿科技有限公司将以技术创新和优质服务为理念，将公司发展成为代表中国信息产业实力和科技水平的精英企业，为中国的信息化贡献出一份力量。因业务蓬勃发展，现诚邀以下精英人才加入我们的团队，共同打造卓越的视听体验！,"https://www.zhaopin.com/jobdetail/CC299280010J40735874816.htm?refcode=4019&srccode=401901&preactionid=a7c1140f-c46c-45e5-b867-ab342d8bdc77"
2444,Java,深圳-龙岗区,1.2-2.4万·14薪,外企德科数字技术有限公司,专业技术服务,10000人以上,,CCL1480117890J40788589005,岗位职责： 1、负责应用软件开发和维护工作。 2、负责软件模块需求分析、系统新模块代码编写和单元测试，完成概要设计文档、详细设计文档。 3、积极主动的与项目相关人员沟通交流，持续改善产品体验。  业务技能要求： 1、熟练掌握常用数据结构。 2、熟悉计算机组成原理、操作系统、网络等。  岗位要求： 1、 精通JAVA/Python/C/C ++/JS/GO开发，精通多线程、 IO 、网络编程等； 2、统招本科学历； 3、 沟通能力强，善于与产品、测试合作，共同打造给用户良好体验的产品,2025-07-27 00:25:39,外企德科数字技术有限公司是一家2023年新成立的中外合资企业。成立于2023年11月24日，公司定位：专注于为信息技术企业提供人才及数字技术外包解决方案的中外合资企业。它是由中国人力资源服务行业的FESCO（北京国际人力资本集团）与全球人力资源服务领导者The Adecco Group（德科集团）合资成立的。公司主要提供网络技术服务、软件外包服务、计算机系统服务、技术进出口、软件开发等信息技术相关服务。专注于为信息技术企业提供信息技术类人才及数字技术外包解决方案。,"https://www.zhaopin.com/jobdetail/CCL1480117890J40788589005.htm?refcode=4019&srccode=401901&preactionid=a7c1140f-c46c-45e5-b867-ab342d8bdc77"
2445,测试工程师,南京-秦淮区,1.1-1.3万,四川金掌柜人力资源有限公司,人力资源服务,20-99人,,CCL1314363420J40764023811,岗位内容：  1. 负责软件测试的规划、设计、执行、跟踪和总结工作。 2. 协助研发人员进行问题定位和解决，确保软件品质。 3. 掌握各类测试技术手段，通过持续集成、自动化测试等方式不断提高测试效率和质量。 4. 参与产品评审，积极提供改进建议，推动产品质量的提升。 任职要求：  1. 计算机相关专业，有软件测试相关工作经验。 2. 熟练掌握至少一种测试管理工具，如JIRA、TestLink等，并能灵活运用。 3. 精通常用的测试方法、技术和工具，熟悉自动化测试工具的使用和开发，并有实际项目经验。 4. 具备良好的沟通协调能力和团队合作精神，具备较强的自我学习能力和问题解决能力。,7月29日,,"https://www.zhaopin.com/jobdetail/CCL1314363420J40764023811.htm?refcode=4019&srccode=401901&preactionid=a7c1140f-c46c-45e5-b867-ab342d8bdc77"
2446,测试工程师,天津-滨海新区,5000-7000元,天津吉兆源科技有限公司,"电子/半导体/集成电路,仪器仪表制造,电子/半导体/集成电路,电子设备制造",100-299人,未融资,CC834057250J40587271309,岗位职责： 1、根据产品需求，制定测试方案，进行产品测试验证。 2、完成测试前测试环境搭建工作，及时发现并处理搭建过程中的问题。 3、执行测试工作，提交测试报告，完整记录测试结果；并对测试结果进行总结与统计分析，提出测试意见及改进措施。,8月20日,吉兆源科技自2005年于北京创立，是一家专注射频电源与自动匹配器研发生产的国家高新技术企业。公司自研的射频电源产品经持续研发和改进，最终成功在半导体设备领域实现工业级应用。北京吉兆源于2012年成立，在大兴区亦庄嘉捷科技园设有研发办公室；天津吉兆源于2018年成立，位于天津市滨海高新区（渤龙湖区域），已获得天津专精特新企业称号。半导体设备为半导体制造行业的基础和核心，射频电源为半导体设备的“心脏”。是半导体设备：等离子刻蚀机、PECVD设备、去胶机、等离子清洗机等核心设备的“发动机”角色。该领域一直被国外垄断，公司致力于打破该领域的国外垄断，对高端射频电源进行国产化替代，解决“卡脖子”问题。吉兆源专业聚焦射频电源、匹配器、定制特种电源、射频离子源、微波等相关产品的研发、生产、销售。公司的射频电源、自动匹配器产品在半导体设备领域拥有广泛客户。公司自主研发的产品——射频离子源实现了国内首家批量生产，打破光学镀膜设备国外离子源产品垄断。目前公司主要攻关项目为射频电源、射频离子源、大功率中频电源以及相关软件开发与应用。公司创始人入选滨海新区“111”人才工程，公司获得专精特新技术企业、国家高新技术企业、雏鹰企业，国家科技型中小企业的称号。依托先进的技术与实力，吉兆源科技将加大研发投入，持续引进人才，打造自主品牌，将国产品牌国际化。,"https://www.zhaopin.com/jobdetail/CC834057250J40587271309.htm?refcode=4019&srccode=401901&preactionid=a7c1140f-c46c-45e5-b867-ab342d8bdc77"
2447,实施工程师,济南-历下区,5000-9000元,山东信函数据科技有限公司,互联网,100-299人,,CCL1477383020J40757365807,岗位内容： 1. 负责公司产品的规划、设计、安装、调试及优化。 2. 解决客户在安装和使用过程中可能出现的技术问题。 3. 维护客户关系，了解客户需求并及时响应，并根据客户需求反馈，做出相应调整。 任职要求： 1. 接受应届生 经验不限 2. 熟练掌握网络设备的安装及调试知识，具备网络规划能力。 3. 具备一定的项目管理经验，能有效组织和协调团队工作。 4. 具备良好的客户服务意识和高度的责任心。,7月16日,,"https://www.zhaopin.com/jobdetail/CCL1477383020J40757365807.htm?refcode=4019&srccode=401901&preactionid=a7c1140f-c46c-45e5-b867-ab342d8bdc77"
2448,C/C++,武汉-江夏区,1.8-3.5万·14薪,外企德科数字技术有限公司,专业技术服务,10000人以上,,CCL1480117890J40653026205,岗位职责： 1、负责大数据集群管理平台的设计和核心代码开发； 2、负责大数据产品容器部署及微服务开发。 岗位要求： 1、不限经验，精通C++相关技术和框架，熟悉Linux/Unix操作系统原理； 2、有分布式系统设计开发经验，能独立承担软件模块设计和开发工作； 3、熟练掌握Spring MVC、容器、数据库等技术，理解SOA、微服务等关键理念与技术，并有实践应用经验； 4、具有云计算/大数据领域大型运维管理系统开发运维经验优先。 职位福利：五险一金、绩效奖金、年终分红、交通补助、免费班车、弹性工作、节日福利、餐补,2025-07-27 00:23:24,外企德科数字技术有限公司是一家2023年新成立的中外合资企业。成立于2023年11月24日，公司定位：专注于为信息技术企业提供人才及数字技术外包解决方案的中外合资企业。它是由中国人力资源服务行业的FESCO（北京国际人力资本集团）与全球人力资源服务领导者The Adecco Group（德科集团）合资成立的。公司主要提供网络技术服务、软件外包服务、计算机系统服务、技术进出口、软件开发等信息技术相关服务。专注于为信息技术企业提供信息技术类人才及数字技术外包解决方案。,"https://www.zhaopin.com/jobdetail/CCL1480117890J40653026205.htm?refcode=4019&srccode=401901&preactionid=a7c1140f-c46c-45e5-b867-ab342d8bdc77"
2449,测试工程师,咸阳-秦都区,5000-7000元,天阳科技,"计算机软件,计算机软件",1000-9999人,已上市,CC120408370J40824009508,1.全国项目驻场测试，主要负责功能、数据或接口等相关测试工作； 2.统招本科学历及以上（学信网可查）；毕业满2年；计算机专业优先； 3.热爱软件测试行业、有强力的自驱力，能够在测试岗位深入学习研究； 4.有无经验均可，服从公司安排，接受公司培养，可接受异地工作优先； 福利待遇： 上市公司，公司可以提供住宿，提供五险一金； 欢迎符合要求的小伙伴们投递~,7月25日,天阳科技(股票代码：300872)，是全球金融创新服务的重要贡献者，持续赋能中国金融行业数字化转型，为客户提供咨询、金融科技产品、金融IT服务、云计算及运营服务。公司成立于2003年，服务超过300家金融行业客户，覆盖中央银行、政策性银行、国有银行、股份制银行、地方性商业银行、非银行金融机构等，员工人数近7000人，成为激活金融领域创新活力、推动金融科技迈入世界领先水平的重要力量。作为金融行业客户可信赖的合作伙伴，天阳科技凭借丰富的行业经验和端到端的专业服务，在信创、数字化金融、信贷、交易银行、信用卡、零售、营销、风险管理、征信监管等众多领域具备核心竞争力。据赛迪和IDC报告显示，近年来公司在中国银行业IT解决方案市场排名强势崛起，2019年收入及市场占有率综合排名分别位列第四位和第五位，并保持高速增长。同时，前瞻商业和科技趋势，入选2021年度未来银行科技服务商TOP100。天阳科技始终聚焦金融科技领域，加大自主创新力度，在超过100个城市建立本地化、专业化的研发和服务团队，拥有CMMI5级认证、软件测试成熟度模型集成（TMMi）3级认证、ISO9001质量管理体系认证、ISO20000信息技术服务管理体系认证、IS027001信息安全管理体系认证。通过部署人工智能、云计算、大数据、移动互联网、分布式计算和区块链等先进金融科技，公司致力于构建安全可控、普惠民生、开放共赢格局，在关键技术领域服务现代化金融发展大局，更好地为各利益相关方创造更大价值，为大中企业、小微企业以及每个个体提供优质金融服务。,"https://www.zhaopin.com/jobdetail/CC120408370J40824009508.htm?refcode=4019&srccode=401901&preactionid=a7c1140f-c46c-45e5-b867-ab342d8bdc77"
2450,实施工程师,上海-浦东新区,8000-15000元·14薪,麦克微尔(天津)科技有限公司,仪器仪表制造,100-299人,未融资,CC506387680J40449109903,岗位职责：  1、指导或负责编制施工的设计方案、安装调试方案和时间进度方案。,1月2日,MICRONVIEW（麦克微尔）成立于2013年，致力于通过结合先进的光学、生物学和计算机科学来实现快速、实时和无人的洁净及受控环境监控，为制药工业、电子、医疗、食品饮料和化妆品、航空航天等领域提供先进的监测设备及管理软件，帮助企业和机构完善符合国际标准的生产质量风险管理体系，降低与环境相关的风险、增强企业和机构的监管地位、稳定产品质量以提升经济效益，并确保为用户提供安全有效的产品。发展至今MICRONVIEW已服务全球20多个国家和地区的近2000家企业，在中国和美国拥有近百人的国际化团队，全球授权的经销商超30家，覆盖美国、墨西哥、西班牙、意大利、瑞典、英国、澳大利亚、以色列、韩国和印度等在内的近20个国家和地区，是专注于推动洁净室污染监测和控制领域发展的知名企业。MICRONVIEW中国（上海）集研发、设计、销售和服务为一体的高新技术企业，坐落于张江，以客户为中心，配置了扎实的多学科研发团队和专业的技术型销售、服务人员，以创新技术服务行业用户为使命，满足了用户在污染监控领域的不同需求。MICRONVIEW中国（天津）作为公司重要的组成部分，已建成集研发、生产运营、质量控制、物料采购和仓储物流等功能于一体的综合基地，通过1S09001质量体系认证，为全球用户提供快速优质的产品交付与服务。MICRONVIEW美国位于德克萨斯州，作为重要的基础科研基地和全球商务中心，承担公司新产品研究方向的验证、行业前沿技术、国际新法规新方法的研究应用，拥有科学家和行业资深服务团队，提供高效的解决方案。公司在售的自研产品包括浮游菌实时检测系统(BAMS)、尘埃粒子计数器(APC)、浮游菌采样器(BAS)、压缩气体浮游菌与粒子监测一系列设备与管理软件，以及智能环境巡检监控机器人等十余种，更多前沿和多场景应用的产品在持续研发中。,"https://www.zhaopin.com/jobdetail/CC506387680J40449109903.htm?refcode=4019&srccode=401901&preactionid=a7c1140f-c46c-45e5-b867-ab342d8bdc77"
2451,技术支持工程师,聊城-东昌府区,6000-10000元,大族激光,"专用设备制造,电气机械/电力设备,通用设备制造,专用设备制造",10000人以上,已上市,CC000341550J40741856905,"内容及职责： 1、负责公司产品的测试。整理测试数据，编写测试报告； 2、协助客户安装调试，处理故障，培训客户，对重点项目提供现场服务支持等； 3、跟踪产品使用情况，对维修数据进行统计、分析，归纳、总结； 4、通过客户问题的解决，编写案例分析，并形成相关技术报告进行分享； 5、信息：从各层面收集行业信息，了解行业动态；了解客户技术关切和技术发展路径，并与销售、研发充分沟通，以挖掘相对应的产品和技术销售机会； 6、资料归档：管辖范围内的资料归档，包括流程、项目管理、规范、经验等内容； 7、形象：维护公司形象，积极主动服务，不出现重大投诉； 任职要求： 教育背景：本科及以上（计算机类、电子电气类、机械设计及自动化类、通信类、光学类等） 1， 愿意加入大族激光并效力于激光、新能源，半导体，精密制造领域； 2， 抗压能力强；客户服务意识； 3， 主动学习，具备较好的学习能力、逻辑思维能力和钻研精神。 4， 能广泛阅读包括英语的专业资料，并学以致用，分析、解决故障，改良方案； 5， 有一定的激光设备行业从业经验或精密设备行业的从业经验基础  个人素质：  1、 喜欢交往,沟通能力强，语言表达能力强；具有良好的协调能力和团队协作精神； 2、 做事认真负责，责任心强，工作积极主动。 教育背景： 本科及以上 工作时间： 每周40小时 环境状况： 良好 危险性： 执行国家安全法规； 工作场所：山东客户现场（前期需要来深圳培训3个月）",7月25日,大族激光科技产业集团股份有限公司，1996年创立于中国深圳，公司于2004年在深圳证券交易所上市，股票代码：002008。现有员工16000+人，研发人员6500+，有效知识产权8811项。公司致力于智能制造装备及其关键器件的研发、生产和销售，具备从基础器件、整机设备到工艺解决方案的垂直一体化能力，是全球领先的智能制造装备整体解决方案服务商。大族激光坚持自主创新，掌握光源、数控系统、功能部件等核心技术，拥有强大的垂直整合能力，在高端装备、核心器件、锂电、光伏、半导体等业务领域均实现较大突破。目前公司组建了涵盖激光光源、自动化系统集成、直线电机、视觉识别、计算机软件和机械控制等多方面复合研发队伍，与全国多所著名研究机构等建立了战略合作关系，联合成立相关实验室及人才培养基地等。公司是国家重点高新技术企业、***创新型试点企业、国家科技成果推广示范基地-重点推广示范企业、广东省装备制造业重点企业、深圳自主创新领军企业，主要科研项目被认定为***火炬计划项目。员工福利：包含但不限于：五险一金、员工宿舍、人才安居房、员工餐厅、员工班车、年终奖、节日福利、生活补贴（住房、交通、通讯等）、高温补贴、科技奖励、员工落户、员工培训、学历深造、法定节假日、年假、婚假、产假、陪产假及各类文娱活动等等。,"https://www.zhaopin.com/jobdetail/CC000341550J40741856905.htm?refcode=4019&srccode=401901&preactionid=a7c1140f-c46c-45e5-b867-ab342d8bdc77"
2452,Java,深圳-龙岗区,1.5-3万·14薪,外企德科数字技术有限公司,专业技术服务,10000人以上,,CCL1480117890J40771115905,全国均有岗位(开发、测试、算法、数据分析等) 岗位要求: 一、软件开发工程师 1.热爱编程，熟悉掌握Java/C++/C/Python/Web开发等编程语言中的一种或多种编程语言扎实的编程功底: 2.具备良好的独立工作能力和解决问题能力，善于沟通，乐于合作，热衷新技术; 二、软件测试工程师: 1.热爱编程，熟悉掌握C/C++/Java/Python等编程语言中的一种或多种编程语言，扎实的编程功底; 2.有web开发或测试经验、自动化开发或测试经验者优先。 3.熟练掌握系统测试、功能测试、专项测试、软件测试、韧性测试、安全测试方法中的一种或多种测试方法，有相关测试语言/脚本的编写和实践经验优先，也可接受纯测试经验的。 4.具备良好的独立工作能力和解决问题能力，善于沟通，乐于合作，热衷新技术;,2025-07-27 00:24:33,外企德科数字技术有限公司是一家2023年新成立的中外合资企业。成立于2023年11月24日，公司定位：专注于为信息技术企业提供人才及数字技术外包解决方案的中外合资企业。它是由中国人力资源服务行业的FESCO（北京国际人力资本集团）与全球人力资源服务领导者The Adecco Group（德科集团）合资成立的。公司主要提供网络技术服务、软件外包服务、计算机系统服务、技术进出口、软件开发等信息技术相关服务。专注于为信息技术企业提供信息技术类人才及数字技术外包解决方案。,"https://www.zhaopin.com/jobdetail/CCL1480117890J40771115905.htm?refcode=4019&srccode=401901&preactionid=a7c1140f-c46c-45e5-b867-ab342d8bdc77"
2453,技术支持工程师,荆州-荆州区,8000-10000元,广东汇海农牧科技集团有限公司,"农/林/牧/渔,农副产品加工制造,工业自动化",1000-9999人,不需要融资,CC413517680J40759115913,岗位职责 - 推广集团“健康养殖模式”及动保配套方案； - 为养殖客户提供常见病防控及技术培训服务； - 参与重点客户、示范户的定期技术跟踪服务； - 协助销售及市场开展动保宣传与科普内容制作。 任职要求 - 水产相关专业（如水产养殖、水生生物、水产动保等）硕士学历； - 毕业于全国水产相关专业排名前30的高校优先； - 2025年应届毕业生或2024年毕业、动保经验1年内者优先； - 热爱水产行业，适应长期出差，有C1驾照。,7月17日,汇海农牧科技集团有限公司是一家专注于特种水产、猪、家禽、反刍与宠物饲料的现代农牧企业，总部位于广东&江门（双总部），旗下拥有10家现代化饲料工厂、一个动保工厂和多个养殖基地，业务覆盖华南、华东、华中等区域，致力于为客户提供高品质饲料与健康养殖整体解决方案。自2004年创立以来，汇海始终秉持“给客户提供价值，为员工创造幸福”的核心价值观，持续推进产品创新、管理升级与人才发展。集团重视科研投入，与中国农业大学、华中农业大学、华南农业大学等科研机构长期合作，在水产营养、疾病防控与动保技术等方面不断取得突破。2025年，汇海在印尼设立首家海外工厂，正式启动国际化战略，为中国农牧企业“走出去”积累经验并迈出关键一步。在组织建设方面，汇海坚持“专业实力+人本精神”的企业文化，不断打造规范、高效、透明、国际化的财务、人力与业务管理体系，助力员工成长成才，推动组织高质量发展。欢迎有志于农牧行业的优秀人才加入汇海，与我们共创可持续、可信赖、有价值的未来！,"https://www.zhaopin.com/jobdetail/CC413517680J40759115913.htm?refcode=4019&srccode=401901&preactionid=a7c1140f-c46c-45e5-b867-ab342d8bdc77"
2454,科研人员,苏州-工业园区,1-2万,湖南潇湘人力资源服务有限公司,"人力资源服务,培训/辅导服务,房地产中介,计算机硬件",300-499人,B轮,CC419440410J40707379216,博士硕士以及有留学经历的学士引进，需要博士硕士及有留学经历的学士人员参加，加入硕博高层次人才库，有愿意参加地方启*人才、领*人才、泰*人才 、火*人才、招才引智计划、海外优才计划等项目，都可以投递简历，可专职兼职灵活参加各各类**、企业、高校等项目，欢迎国内外博士硕士及有留学经历的学士人才投递简历（（学士报名必须有中留服认证，硕士博士可直接报名），可专兼职参加。 本公司有丰富的博士硕士人才库，有博士硕士项目也可洽谈沟通。,6月30日,湖南潇湘人力资源服务有限公司，系经工商行政管理局批准设立的，具有独立企业法人资格，并经人力资源和社会保障部批准备案，具有合法人力资源服务资质的，专业人力资源服务机构。公司积极响应国家号召，搭建供需平台，畅通就业渠道，充分发挥人力资源机构在促进就业中的积极作用，多渠道扩大就业。公司致力于打造成为立足湖南、覆盖全国的综合性专业人力资源服务供应商，依托于招聘会场和网络平台，为各企事业单位开展现场招聘、网络招聘、报纸招聘、代理招聘、招聘外包、劳务派遣、高级人才猎头和人力资源管理咨询等专业配套服务；为求职个人提供职业咨询、职业指导、职业介绍等就业服务。公司现场招聘平台--湖南招聘市场，于每周六、周日在贺龙体育场东门举办招聘会，欢迎各企事业单位和各类人才通过现场直面交流，我们将以专业、专注的精神，为您招才、择业，提供全面、优质的服务！招聘热线：400-000-7318、0731-83759001/02/03/04/05/06/07/08/09/10招聘会场：贺龙体育场正东门--湖南招聘市场(芙蓉中路、侯家塘北、摩天轮广场上台阶)乘车路线：1：乘105、115、150、159路至“侯家塘北”2：乘101、104、701、702、703、905路、长株潭201路至“侯家塘-芙蓉中路”3：乘旅2、2、4、8、104、123、137、140、145、160、202、314、402、601、803、804、906、908路至“侯家塘西”往芙蓉路至“侯家塘北”详情请访问： http://www.hnzpsc.com,"https://www.zhaopin.com/jobdetail/CC419440410J40707379216.htm?refcode=4019&srccode=401901&preactionid=a7c1140f-c46c-45e5-b867-ab342d8bdc77"
2455,C/C++,上海-浦东新区,2.5-3.5万,外企德科数字技术有限公司,专业技术服务,10000人以上,,CCL1480117890J40717267205,🔥【热招岗位】C、C++、Java、Python、测试等多领域技术岗虚位以待！无论你是编程萌新还是技术达人，都有机会加入！,2025-07-27 00:23:27,外企德科数字技术有限公司是一家2023年新成立的中外合资企业。成立于2023年11月24日，公司定位：专注于为信息技术企业提供人才及数字技术外包解决方案的中外合资企业。它是由中国人力资源服务行业的FESCO（北京国际人力资本集团）与全球人力资源服务领导者The Adecco Group（德科集团）合资成立的。公司主要提供网络技术服务、软件外包服务、计算机系统服务、技术进出口、软件开发等信息技术相关服务。专注于为信息技术企业提供信息技术类人才及数字技术外包解决方案。,"https://www.zhaopin.com/jobdetail/CCL1480117890J40717267205.htm?refcode=4019&srccode=401901&preactionid=a7c1140f-c46c-45e5-b867-ab342d8bdc77"
2456,Java,济南-历下区,1.5-1.6万·14薪,浪潮集团,"IT服务,计算机软件,计算机硬件",10000人以上,,CC120143600J40781319515,岗位职责：  1、负责系统的需求调研和需求分析； 2、负责产品底层框架设计以及应用开发； 3、按照产品开发过程规范编写开发类技术文档； 4、承担公司项目中软件功能的维护及技术支持工作。 任职资格：  1、硕士研究生及以上学历，计算机、软件工程、信息管理相关专业优先； 2、熟练使用JAVA编程语言，熟悉Spring、Springboot、Spring Cloud、spring Cloud alibaba等主流开发框架，掌握Mysql、Oracle等数据库管理系统；  3、熟悉HTML、CSS、JavaScript等前端技术，熟悉React、Vue等常用的前端框架； 4、具有较强的责任心和团队协作能力，具有良好的沟通表达能力和抗压能力。,3月28日,浪潮集团是中国领先的云计算、大数据服务商，拥有三家上市公司。主要业务涉及计算装备、软件、云计算服务、新一代通信、大数据及若干应用场景。作为中国最早的IT品牌之一，浪潮致力于成为世界一流的新一代信息技术龙头企业经济社会数字化转型的优秀服务商，新型基础设施建设的骨干企业。,"https://www.zhaopin.com/jobdetail/CC120143600J40781319515.htm?refcode=4019&srccode=401901&preactionid=a7c1140f-c46c-45e5-b867-ab342d8bdc77"
2457,硬件测试,马鞍山-花山区,5000-6000元,安徽瑞斯康达科技有限责任公司,通信/网络设备,300-499人,,CCL1434687720J40855833315,掌握软件测试理论和流程 1.产品性能测试 2.产品外观检查 3.测试过程录入MES 4.计划在途过站做单 公司产品有光纤收发器类，交换机类，路由器类， wms 人才政策:骏马人才大专安家补贴2万，购房补贴5万；本科安家补贴3万购房补贴8万 福利待遇：六险一金，带薪培训，生日福利，带薪年假，每年免费体检,7月24日,,"https://www.zhaopin.com/jobdetail/CCL1434687720J40855833315.htm?refcode=4019&srccode=401901&preactionid=a7c1140f-c46c-45e5-b867-ab342d8bdc77"
2458,测试工程师,长沙-岳麓区,8000-12000元,长沙荀纬人工智能应用软件有限公司,计算机软件,20-99人,,CCL1503579560J40759143711,岗位内容： 1. 负责硬件测试流程的设计、建立和落地，包括测试用例编写，测试环境搭建等； 2. 进行硬件测试并记录测试相关数据，参与缺陷跟踪和管理； 3. 搭建硬件测试平台，提高测试效率和测试覆盖率。 任职要求： 1. 本科及以上学历，电子工程、自动化或相关专业； 2. 两年以上硬件测试相关工作经验，熟悉常用的测试方法和工具； 3. 熟练使用Python、C/C++等编程语言，有嵌入式开发经验者优先考虑； 4. 具备较强的自我驱动力和学习能力，善于思考和持续改进。,7月17日,,"https://www.zhaopin.com/jobdetail/CCL1503579560J40759143711.htm?refcode=4019&srccode=401901&preactionid=a7c1140f-c46c-45e5-b867-ab342d8bdc77"
2459,软件测试,黄石-下陆区,5000-7000元,天阳科技,"计算机软件,计算机软件",1000-9999人,已上市,CC120408370J40822509508,1.全国项目驻场测试，主要负责功能、数据或接口等相关测试工作； 2.统招本科学历及以上（学信网可查）；毕业满2年；计算机专业优先； 3.热爱软件测试行业、有强力的自驱力，能够在测试岗位深入学习研究； 4.有无经验均可，服从公司安排，接受公司培养，可接受异地工作优先； 福利待遇： 上市公司、公司可提供住宿、定期体检、带薪年假； 欢迎符合要求的小伙伴们投递~,7月23日,天阳科技(股票代码：300872)，是全球金融创新服务的重要贡献者，持续赋能中国金融行业数字化转型，为客户提供咨询、金融科技产品、金融IT服务、云计算及运营服务。公司成立于2003年，服务超过300家金融行业客户，覆盖中央银行、政策性银行、国有银行、股份制银行、地方性商业银行、非银行金融机构等，员工人数近7000人，成为激活金融领域创新活力、推动金融科技迈入世界领先水平的重要力量。作为金融行业客户可信赖的合作伙伴，天阳科技凭借丰富的行业经验和端到端的专业服务，在信创、数字化金融、信贷、交易银行、信用卡、零售、营销、风险管理、征信监管等众多领域具备核心竞争力。据赛迪和IDC报告显示，近年来公司在中国银行业IT解决方案市场排名强势崛起，2019年收入及市场占有率综合排名分别位列第四位和第五位，并保持高速增长。同时，前瞻商业和科技趋势，入选2021年度未来银行科技服务商TOP100。天阳科技始终聚焦金融科技领域，加大自主创新力度，在超过100个城市建立本地化、专业化的研发和服务团队，拥有CMMI5级认证、软件测试成熟度模型集成（TMMi）3级认证、ISO9001质量管理体系认证、ISO20000信息技术服务管理体系认证、IS027001信息安全管理体系认证。通过部署人工智能、云计算、大数据、移动互联网、分布式计算和区块链等先进金融科技，公司致力于构建安全可控、普惠民生、开放共赢格局，在关键技术领域服务现代化金融发展大局，更好地为各利益相关方创造更大价值，为大中企业、小微企业以及每个个体提供优质金融服务。,"https://www.zhaopin.com/jobdetail/CC120408370J40822509508.htm?refcode=4019&srccode=401901&preactionid=a7c1140f-c46c-45e5-b867-ab342d8bdc77"
2460,C/C++,成都-武侯区,6000-9000元,成都零夏八度科技有限公司,"IT服务,计算机软件",20-99人,不需要融资,CCL1470276410J40570534304,岗位内容： 1. 设计、开发和维护C++应用程序；,7月21日,成都零夏八度科技有限公司，简称“零夏八度”，公司专注IT信息化系统开发、集成与服务，公司有项目管理系统、物业管理系统、高职院校信息化系统等多个产品。公司团队充满活力，富有进取心，公司秉持以客户为中心的理念，以打造优秀产品为目标，不断为客户创建价值，赢得各方的认可。,"https://www.zhaopin.com/jobdetail/CCL1470276410J40570534304.htm?refcode=4019&srccode=401901&preactionid=a7c1140f-c46c-45e5-b867-ab342d8bdc77"
2461,实施工程师,台州-椒江区,8000-16000元,青岛安然物联网科技有限公司,"物联网,物联网",20-99人,未融资,CC559764920J40813891104,需要弱电技术、自动化、安防系统、工业互联网+危化安全生产、物联网人才，不要纯软件人才。  你能经常到全国各地出差吗？你能到化工生产现场做技术支持吗？     真正的奋斗者在安然会有让人值得为之奋斗的事业，会有充实、高效的成长，会有高人一等的收入。,7月16日,基于精准人员定位的工业安全生产信息化管理专家，安全生产信息化管理引领者！作为全国实时定位技术标准工作组成员和应急管理部“工业互联网+危化安全生产”人员定位系统技术支持机构，安然从2012年起致力于基于ZigBee Plus三维立体按需精准定位的“工业互联网+安全生产”的研究，获得了20多项安全智能管控系统发明专利和著作权，持续引领中国化工行业生产现场智慧安全！安然以“准、稳、狠”的ZigBee Plus三维立体按需精准人员定位统和“底数清、数据准、情况明、研判准、措施实”的安全生产信息化平台为核心，整合访客管理、出入口控制、人脸识别、视频监控、语音广播、重大危险源监控、可燃有毒气体监测等系统，对生产现场人、机、料、法、环五大要素进行实时、动态、智能管控和预警，规范人的安全行为，保障人的生命安全，有效防范风险、主动化解风险，实现智慧安全。安然“以用为本”，把安全生产信息化建设与公司管理体系“深度融合”，把安全生产信息化建设与日常工作“紧密结合”，对安全生产切实“有用、实用、好用”，避免建用“两张皮”，让安全管控更智能，让生产更高效才实用。迄今已服务中石化、中石油、延长石油、国能、兖矿、京能、索普、新安、奇美、昊源、潞安、旭阳、垦利、逸盛、海科、酒钢、金发等几百家石化、化工、选煤、钢铁、电厂企业。安然以客户为中心，以强者为本，抬头乐干，愿意与同道中人联合、链接，携手共建、共用、共享生产安全命运共同体，一起干，一起干，让优秀企业更安全，让优秀企业更高效！,"https://www.zhaopin.com/jobdetail/CC559764920J40813891104.htm?refcode=4019&srccode=401901&preactionid=a7c1140f-c46c-45e5-b867-ab342d8bdc77"
2462,Java,深圳-南山区,面议,中兴通讯,"运营商/增值服务,互联网,通信/网络设备",10000人以上,已上市,CC120146700J40776219202,"岗位要求 1.具备扎实的编程能力（Python/Java/JavaScript/html等），能独立开发小型应用或复杂脚本 2.精通Excel/Sheets高级功能（VBA宏/Apps Script/BI工具集成） 3.有过人力资源数字化建设项目的成功经验 4.加分项：有AI工程化经验（如用LangChain构建智能代理/优化RAG流程/微调轻量模型），使用过AI工具解决实际问题  岗位职责 1.快速熟悉人力资源业务，基于业务规划设计人力资源业务流程的自动化 2.探索AI在人力资源业务场景的应用提效（如数据分析预测等） 3.为HR同事提供数字化工具培训，提升团队自助解决问题的能力 4.完成领导交代的其他工作任务 岗位特质 1.""逻辑拆解力""：能清晰拆解复杂业务流程，找到关键优化点 2.""业务翻译官""思维：能理解HR需求并转化为技术方案 3.""乐高玩家""精神：善于用现有工具快速拼装解决方案 4.对AI技术敏感：主动探索如何用AI提升工作效率",7月21日,"中兴通讯是全球领先的综合通信解决方案提供商。公司成立于1985年，是在香港和深圳两地上市的大型通讯设备公司。公司通过为全球160多个国家和地区的电信运营商和企业网客户提供创新技术与产品解决方案，让全世界用户享有语音、数据、多媒体、无线宽带等全方位沟通。中兴通讯拥有通信业界完整的、端到端的产品线和融合解决方案，通过全系列的无线、有线、业务、终端产品和专业通信服务，灵活满足全球不同运营商和企业网客户的差异化需求以及快速创新的追求。目前，中兴通讯已全面服务于全球主流运营商及企业网客户，智能终端发货量位居美国前四。中兴通讯坚持以持续技术创新为客户不断创造价值。公司在美国、加拿大、瑞典、中国等地设立全球研发机构，3万余名国内外研发人员专注于行业技术创新。中兴通讯PCT国际专利申请三度居全球首位，位居""全球创新企业70强""与""全球ICT企业50强""。目前中兴通讯拥有6.8万余件全球专利申请、已授权专利超过2.8万件，连续7年稳居PCT国际专利申请全球前三。公司依托分布于全球的107个分支机构，凭借不断增强的创新能力、突出的灵活定制能力、日趋完善的交付能力赢得全球客户的信任与合作。中兴通讯为联合国全球契约组织成员，坚持在全球范围内贯彻可持续发展理念，实现社会、环境及利益相关者的和谐共生。我们运用通信技术帮助不同地区的人们享有平等的通信自由；我们将“创新、融合、绿色”理念贯穿到整个产品生命周期，以及研发、生产、物流、客户服务等全流程，为实现全球性降低能耗和二氧化碳排放不懈努力。我们还在全球范围内开展社区公益和救助行动，参加了印尼海啸、海地及汶川地震等重大自然灾害救助，并成立了中国规模最大的“关爱儿童专项基金”。未来，中兴通讯将继续致力于引领全球通信产业的发展，应对更趋日新月异的挑战。","https://www.zhaopin.com/jobdetail/CC120146700J40776219202.htm?refcode=4019&srccode=401901&preactionid=a7c1140f-c46c-45e5-b867-ab342d8bdc77"
2463,软件测试,上海-青浦区,8000-15000元,北京中娱时代科技有限公司,"计算机软件,互联网,人工智能,计算机软件",20-99人,未融资,CC644919020J40754671407,岗位职责： 1、根据产品经理的需求，细化产品原型图； 2、负责产品（WEB、APP或小程序）的测试工作，保证产品质量； 3、跟进项目进度，催促项目按时交付； 4、生产系统问题的及时跟进和反馈； 5、领导交代的其他事项。 任职要求： 1、统招本科； 2、有高度的责任心和上进心； 3、认真细心、沟通良好、情绪稳定，遇事冷静。,6月18日,中娱时代是一家为企业提供新型企业应用ERP软件的服务商。公司拥有多年企业咨询经验，团队骨干均来自SAP、Oracle、微软、IBM等知名公司，具有十年以上大型互联网企业或行业从业经历，积累了丰富的系统架构、开发、运维及迁移经验。多年来，中娱时代深耕工业制造、工程制造、汽车、化工、医药、服务业、零售业、高科技电子、分销业等行业的企业数字化转型，拥有行业内领导地位的技术优势，可为客户提供前瞻性的、定制化的行业业务解决方案。目前公司自主研发的YangtzeSoft系列产品已被多家企业应用，广受好评。我们致力于打造中国最优秀的国产ERP，驱动数字化转型，赋能企业智能未来，成为客户最信任的合作伙伴！,"https://www.zhaopin.com/jobdetail/CC644919020J40754671407.htm?refcode=4019&srccode=401901&preactionid=a7c1140f-c46c-45e5-b867-ab342d8bdc77"
2464,测试工程师,深圳-罗湖区,1.5-2万·13薪,青岛鼎赫人力资源有限公司,人力资源服务,20人以下,,CC682590480J40783102614,,2025年07月28日,,"https://www.zhaopin.com/jobdetail/CC682590480J40783102614.htm?refcode=4019&srccode=401901&preactionid=a7c1140f-c46c-45e5-b867-ab342d8bdc77"
2465,Java,合肥-包河区,8000-13000元,京北方,IT服务,10000人以上,,CC315847110J40767061707,岗位职责： 1. 使用Java进行软件开发。 2. 参与系统设计，编写代码。 3. 维护和优化现有系统。 岗位要求： 1. 熟练掌握Java编程。 2. 良好的团队合作能力，沟通无障碍。 3. 有相关开发经验者优先。 学历要求： 统招本科，学信网双证可查。 在这里你将拥有： 行业领先的技术平台，与顶尖工程师并肩作战，共同成长。 竞争力的薪酬福利，包括薪资、绩效奖金、五险一金、公司福利。,6月23日,京北方信息技术股份有限公司[股票代码：002987]（以下简称：京北方）致力于为国内外金融机构客户提供信息技术服务（ITO）及业务流程外包服务（BPO），并立志成为国内顶级的金融IT综合服务提供商。京北方总部位于北京，在广东、山东、江苏、安徽、黑龙江设有多个全资子公司，在超过20个中心城市设有分支机构及办事处，业务及服务中心遍布全国所有省、自治区、直辖市。公司顺应金融行业变革和客户需求，坚持创新驱动发展，先后被认定为国家高新技术企业、中关村高新技术企业，并获得跨地区增值电信业务许可证，同时设有北京市企业技术中心、企业博士后工作站。京北方遵循严格的质量标准，执行严密的安全措施，拥有成熟可靠的管理和开发流程，顺利通过CMMI5评估、ISO9001质量管理体系认证、ISO27001信息安全管理体系认证、ISO20000>;IT服务管理体系认证、ISO22301业务连续性管理体系认证、ISO14001环境管理体系认证、OHSAS18001职业健康安全管理体系认证。同时，掌握多项金融IT行业核心技术，拥有自主知识产权的国家专利20项，软件著作权90余项，具备高可靠的全时全国服务交付能力、IT信息风险管控能力及信息技术连续性服务管理能力。如今，京北方充分利用互联网、云计算、大数据、人工智能等新兴技术，凭借深厚的行业背景、国内领先的技术实力及创新的思维，针对银行、保险、证券、信托、基金、租赁、资产管理、理财管理等金融行业客户，打造出覆盖客户渠道、业务处理、管理决策等领域解决方案，囊括营运管理、风险管理、合规管理、信贷管理、资产管理、同业管理、现金管理、交易银行、中间业务、统一客服、电商平台等关键业务领域。基于公司成熟的服务体系及专业的技术团队，满足客户对业务咨询、软件开发、软件测试、应用系统运维、基础架构运维、桌面运维在内的多层次服务需求。京北方实时洞察行业变革，技术驱动客户创新，帮助客户完成产品创新、渠道创新，协助客户实现收入和利润结构优化，驱动客户从优秀到卓越。跟踪前沿科技，致力行业创新。凭借持续的行业经验和强大的本地化服务能力，在金融业务流程外包领域，京北方拥有涵盖数据处理类、业务处理类、业务营销类等一系列服务产品，在潍坊、大庆、无锡、合肥拥有独立的大型外包基地，为客户提供驻场式、基地式、租赁式等多种连续性外包服务。京北方现为中国规模最大、人数最多、资质最全、客户最广泛的国内金融BPO服务公司之一。面向未来，京北方将持续秉承“客户满意、员工支持、股东默契、价值链协同、社会认可”的企业核心价值观，坚守“合法、合规、合理”的经营准则，通过专业化的产品和服务，释放科技创新的力量，把信息技术转化为客户价值，助力客户尽享科技变革带来的卓越运营。,"https://www.zhaopin.com/jobdetail/CC315847110J40767061707.htm?refcode=4019&srccode=401901&preactionid=a7c1140f-c46c-45e5-b867-ab342d8bdc77"
2466,科研人员,赤峰-元宝山区,3000-5000元,赤峰和润农业高新科技产业开发有限公司,"农/林/牧/渔,农/林/牧/渔",100-299人,未融资,CC200778780J40658304110,岗位内容： 1.配合生产、科研等部门完成种子处理、育苗、栽培管理等设施农业相关实验。. 2.统计、分析实验记录，并撰写实验报告。  3.配合科研等部门完成论文、专利、标准等知识产权工作。  4.配合科研等部门完成项目实施过程中需要进行的各类实验相关项目材料。  任职要求：  1. 农学相关专业。  2. 熟练使用办公软件，会使用spps或其他统计分析软件。  3. 在期刊杂志上发表过论文。  4. 可以进行科学合理的实验设计，并能够准确的完成数据统计分析撰写实验报告。  5.吃苦耐劳，学习能力强，工作配合程度高，接受工作中合理的岗位调配。 6.热爱农业，适应能力强者可适当放宽条件。,7月27日,赤峰和润农业高新科技产业开发有限公司成立于2008年，是以提供优质种子、种苗，新成果、新品种试验示范推广，研发、孵化、带动，农资、农技服务，农产品加工、流通，现代农业示范、展示、观光为主的高新技术企业。公司是内蒙古赤峰国家农业科技园区核心区、全国休闲农业与乡村旅游示范点、全国设施农业装备与技术示范单位、国家级科技特派员创业基地、国家知识产权优势企业、内蒙古自治区农牧业产业化重点龙头企业和内蒙古自治区扶贫龙头企业。公司占地面积1070亩，建成各类棚室及附属设施26万平方米，年育苗能力达2.5亿株。公司大力发展现代农业产业，筛选推广汉姆系列番茄等优良品种40个，取得专利21项，制定内蒙古自治区地方标准7项，通过信息平台、技术培训、现场观摩等多种形式为广大农户提供农资、农技服务，辐射带动赤峰市及周边地区设施农业面积30余万亩，创造了良好的经济效益和社会效益。在大力发展现代农业的同时，公司积极推动一二三产融合发展，将农业生产与高新科技示范展示、科普教育、农事体验及休闲观光等多种功能相结合，打造“北方现代农业生态休闲综合体”，促进产业集聚，连续举办两届“赤峰和润农业嘉年华”，累计接待游客50多万人次，带动就业2000余人，为发展乡村休闲观光及吸纳就业发挥了积极的促进作用。依托公司在种苗产业的发展优势，赤峰市元宝山区正在建设年育苗能力10亿株的中国·北方元宝山国际种苗特色小镇，规划面积3.04平方公里，预计投资17.7亿元，当前，种苗特色小镇一期项目已完工工程正式投产。随着其余棚室及相关配套附属设施的紧张建设，中国·北方元宝山国际种苗特色小镇项目全部达产后，将实现年产各类蔬菜种苗10亿株，可直接安排就业1万余人，间接带动三产等就业3万余人，带动1500户以上贫困户脱贫致富，将为进一步引领带动赤峰市设施农业产业发展升级、乡村振兴、脱贫攻坚提供强大助力。,"https://www.zhaopin.com/jobdetail/CC200778780J40658304110.htm?refcode=4019&srccode=401901&preactionid=a7c1140f-c46c-45e5-b867-ab342d8bdc77"
2467,硬件测试,广州-黄埔区,4000-8000元,仕益检验检测认证(广州)有限公司,"检测/认证,企业服务",20-99人,不需要融资,CC810483960J40498190303,根据产品需求文档和测试计划，完成产品组装、调试和测试等工作； 对产品进行功能、性能、兼容性等测试，并记录测试过程和结果，对测试结果进行汇总、整理和报告； 参与产品验证和评审，对测试结果进行分析和改进，确保产品质量； 负责测试设备的维护和校准，确保测试设备的准确性和可靠性； 协助项目经理完成项目计划，跟踪项目进度，并及时报告测试结果。 任职要求： 1.大专及以上学历，制冷类/机电一体化/机械/电子/电气/照明相关专业； 2.计算机应用熟练，能熟练使用MSOFFICE； 3.具有较好的专业知识基础； 4.勤奋、责任心强、细心、主动、有团队精神。 职位福利：五险一金、周末双休、朝九晚六、提供员工午餐。,7月23日,仕益检验检测认证(广州)有限公司(以下简称，仕益质检)是一家独立的第三方检测及认证机构。国家指定CCC认证实验室。仕益质检成立于2018年6月，位于广州市黄埔区天丰路8号201室。2019年4月，仕益质检通过了广东省市场监督管理局的评审，获得检验检测机构资质认定证书:2019年7月，通过了中国合格评定国家认可委员会CNAS的评审，成为国家认可实验室。仕益质检拥有先进的检测仪器设备(包括美国、日本、意大利、丹麦、瑞士、德国等)，其检测能力符合实验室开展现有检验检测工作的资源配置要求，业务区域立足于广州，辐射广东、湖南、福建、广西省等。仕益质检一直以“公正科学及时准确”为准则，严格按照ISO/IEC17025检测和校准实验室管理体系要求进行科学管理。拥有经验丰富的检测认证专家团队。仕益质检一直本着“务实·求是”的诚信态度，本着“公正·公开”的诚信理念开展项目，服务过程“零差错”，一次性通过有保障，具有丰富的服务案例。公司为员工提供有竞争力的薪资福利和绩效奖金，欢迎广大有志之士加入。,"https://www.zhaopin.com/jobdetail/CC810483960J40498190303.htm?refcode=4019&srccode=401901&preactionid=a7c1140f-c46c-45e5-b867-ab342d8bdc77"
2468,技术支持工程师,福州-鼓楼区,150-200元/天,新意科技,"计算机软件,证券/期货,IT服务,互联网",500-999人,未融资,CC120072230J40777817608,一、岗位职责： 1、为客户提供快速优质的售后保障服务（日常故障解决、业务咨询、升级服务、测试服务 等）； 2、及时维护客户信息、产品使用信息，建立良好的客户关系； 3、服务小项目的工程实施和验收。 二、任职要求： 1、 计算机科学与技术、软件工程、电子信息、数学等理工类相关专业，本科及以上学历，有 金融、会计等知识或软件开发实践尤佳； 2、熟悉Oracle数据库，了解J2EE架构； 3、适应必要的工作出差，抗压能力强； 4、良好的学习能力和团队合作精神，善于处理人际关系，有责任心； 5、认同新意发展目标和核心理念，热爱所从事的事业以及本职工作。 ​三、公司福利 【关于工作】提供有竞争力的薪资和人性化管理，实行5天7小时工作制，提供新人导师、专业培训，整洁舒适的工作环境； 【法定福利】五险一金，入职即享有带薪年假，国家法定节假日等； 【补充福利】商业保险、年度体检、过节福利、生日礼金、长期服务奖励、各种激励项目（轿车、国内外旅游等），羽毛球、瑜伽、部门团队活动等丰富的员工活动； 【晋升空间】新人入司转正后第一年有两次考核晋升机会。 ,2月27日,新意科技，成立于1997年，是一家专注于金融应用系统开发的专业软件公司，是经国家认定的高新技术企业，是中国证券一级、二级清算系统软件的重要提供商。新意科技，总部位于福州，目前拥有三家控股子公司：上海新意新科技有限公司、新意科创（厦门）信息科技有限公司、福州新意新网络有限公司，同时设立北京、深圳分公司，服务网络覆盖全国。截至目前，新意科技的产品涉及到券商各项中后台业务，应用范围涵盖证券公司、基金公司以及中国金融期货交易所、中央登记结算公司，实现对证券市场参与人信息、资金、证券的综合发展。公司自有软件著作权75项，并取得相应的42个软件产品登记证书及计算机系统集成三级资质，同时还是中国证券协会信息技术应用委员会观察员。新意科技凭借一支资深专业人士组成的管理团队，多年来潜心研究证券业务和信息技术的应用以及两者之间的互动关系，秉持利用信息技术推动证券行业的发展，规范业务管理的概念，致力于应用先进的管理思想开发证券业务管理系统软件，让信息技术和新的业务管理思想在产品中得以有机的融合、集成，使新意产品具有思想性、前瞻性、系统性的特点。以创新树立品牌，以专业彰显实力，以超越引领发展。新意秉承“以人为本、诚信、创新、合作”的理念不断培养精通金融证券业务的软件专业人才，公司80%以上为技术开发人员，每位员工通过个人的贡献和团队的集体努力为新意的发展提供源源不断的生命力。新意为您提供：【有竞争力薪酬】年薪：月薪*12月+各类津贴+年终奖；【基础福利保障】五险一金（按照工资全额12%缴纳公积金），国家法定节假日，带薪年假；【补充福利】商业保险、年度体检、过节福利、生日礼金、长期服务奖励、司龄津贴、各种激励项目（轿车、国内外旅游等），羽毛球、瑜伽、部门团队活动等丰富的员工活动；【人性化管理】实行5天7小时工作制，提供新人导师、专业培训，整洁舒适的工作环境；希望更多认同新意发展目标和核心理念、热爱金融IT事业的人才加入我们，共同见证中国金融证券业的发展。如果，你想要的是：一个广阔发展前景的朝阳行业一个参与金融行业利益分配的机会一座理想的工作和生活的城市一家发展稳健、务实低调的公司一份有竞争力的薪资福利一种简洁高效的办公环境一条清晰明确的职业发展路径一个足以承载你梦想和能力的平台那么，请加盟新意科技！连接亿万金融数据！2021，期待您的同行！更多详情，请登入新意科技官网：http://www.shinetechnology.com联系方式：0591-87382356电子邮箱：hr@shinetechnology.com福州市：鼓楼区六一北路558号金三桥大厦8层厦门市：思明区软件园二期观日路36号401上海市：普陀区武宁路19号丽晶阳光大厦1711室,"https://www.zhaopin.com/jobdetail/CC120072230J40777817608.htm?refcode=4019&srccode=401901&preactionid=a7c1140f-c46c-45e5-b867-ab342d8bdc77"
2469,Java,深圳-龙岗区,1.4-2.8万·14薪,外企德科,"人力资源服务,咨询服务",1000-9999人,不需要融资,CC138117190J40792680505,岗位要求： 1、扎实的编程能力，熟悉算法和数据结构；熟悉计算机的基础理论；  2、熟练使用java/c/c++/python/js其中一种语言，掌握Spring相关生态开源框架，熟悉MySql、MQ、Redis、SpringCloud等，熟悉事务、缓存、消息、负载均衡等；  3、熟悉Linux开发环境；  4、具有大规模高并发云服务设计和开发经验优先；  5、有微服务、容器相关开发经验优先。  任职要求：  1、扎实的编程能力，熟悉算法和数据结构；熟悉计算机的基础理论；  2. 软件基础扎实，熟悉掌握但是不限于Java/Js/C/C++/Python/Go/JS等编程语言，有良好的编程习惯。  3. 具备独立工作能力和独立解决问题的能力，善于沟通，乐于协作，热衷于新技术，善于总结分享，喜欢动手实践。,2025-07-27 00:26:02,"北京外企德科人力资源服务上海有限公司（FESCO Adecco）：官方网站：http://www.fescoadecco.com/北京外企德科人力资源服务上海有限公司(外企德科 FESCO Adecco)是值得客户信赖的人力资源解决方案提供商和全球合作伙伴，是中国人力资源服务行业最具竞争力和品牌价值的FESCO（北京外企服务集团）与全球人力资源服务行业领航者The Adecco Group（德科集团）于2010年成立的一家中外合资人力资源服务企业，为企业及个人提供业务外包、人事服务、招聘猎头和员工福利等人力资源解决方案。目前，FESCO Adecco在浙江、陕西、重庆、深圳、苏州设立了分支机构，全国服务人数超过200万名，服务客户超20,000家。","https://www.zhaopin.com/jobdetail/CC138117190J40792680505.htm?refcode=4019&srccode=401901&preactionid=a7c1140f-c46c-45e5-b867-ab342d8bdc77"
2470,实施工程师,榆林-榆阳区,8000-14000元,青岛安然物联网科技有限公司,"物联网,物联网",20-99人,未融资,CC559764920J40823510904,需要弱电技术、自动化、安防系统、工业互联网+危化安全生产、物联网人才，不要纯软件人才。  你能经常到全国各地出差吗？你能到工业生产现场生产现场做技术支持吗？   真正的奋斗者在安然会有让人值得为之奋斗的事业，会有充实、高效的成长，会有高人一等的收入。   你能做好售前技术支持、根据客户需求，高效制作方案吗？你能做好售中技术支持、指导他人正确安装、部署、调试系统向用户保质保量快速交付吗？你能做好售后维护，高效沟通和落实客户需求吗？   迄今已服务中石化、中石油、延长石油、国能、兖矿、京能、索普、新安、奇美、昊源、潞安、旭阳、垦利、逸盛、海科、酒钢、金发等几百家石化、化工、选煤、钢铁、电厂企业。    安然以客户为中心，以强者为本，抬头乐干，愿意与同道中人联合、链接，携手共建、共用、共享生产安全命运共同体，一起干，一起干，让优秀企业更安全，让优秀企业更高效！,2025-07-27 01:09:31,基于精准人员定位的工业安全生产信息化管理专家，安全生产信息化管理引领者！作为全国实时定位技术标准工作组成员和应急管理部“工业互联网+危化安全生产”人员定位系统技术支持机构，安然从2012年起致力于基于ZigBee Plus三维立体按需精准定位的“工业互联网+安全生产”的研究，获得了20多项安全智能管控系统发明专利和著作权，持续引领中国化工行业生产现场智慧安全！安然以“准、稳、狠”的ZigBee Plus三维立体按需精准人员定位统和“底数清、数据准、情况明、研判准、措施实”的安全生产信息化平台为核心，整合访客管理、出入口控制、人脸识别、视频监控、语音广播、重大危险源监控、可燃有毒气体监测等系统，对生产现场人、机、料、法、环五大要素进行实时、动态、智能管控和预警，规范人的安全行为，保障人的生命安全，有效防范风险、主动化解风险，实现智慧安全。安然“以用为本”，把安全生产信息化建设与公司管理体系“深度融合”，把安全生产信息化建设与日常工作“紧密结合”，对安全生产切实“有用、实用、好用”，避免建用“两张皮”，让安全管控更智能，让生产更高效才实用。迄今已服务中石化、中石油、延长石油、国能、兖矿、京能、索普、新安、奇美、昊源、潞安、旭阳、垦利、逸盛、海科、酒钢、金发等几百家石化、化工、选煤、钢铁、电厂企业。安然以客户为中心，以强者为本，抬头乐干，愿意与同道中人联合、链接，携手共建、共用、共享生产安全命运共同体，一起干，一起干，让优秀企业更安全，让优秀企业更高效！,"https://www.zhaopin.com/jobdetail/CC559764920J40823510904.htm?refcode=4019&srccode=401901&preactionid=a7c1140f-c46c-45e5-b867-ab342d8bdc77"
2471,Java,杭州-滨江区,1.5-3万,外企德科数字技术有限公司,专业技术服务,10000人以上,,CCL1480117890J40786016905,工作内容: 1.负责研发领域IT系统技术方案的设计，开发等工作; 2.负责项目开发过程中的技术攻关及解决运行中出现的技术问题; 3.负责产品核心模块的代码编写和测试; 4.负责产品疑难问题的分析和定位。 岗位要求: 1.统招学历学位证，毕业证，学信网可查; 2.热爱编程，基础扎实，熟悉掌握但不限于JAVA/Python/JS/HTML/GO/C/C++/C#等编程语言中的一种或数种，有良好的编程 习惯; 3.具备独立工作能力和解决问题的能力、善于沟通、乐于合作、热衷新技术、善于总结分享，喜欢动手实践,2025-07-27 00:25:27,外企德科数字技术有限公司是一家2023年新成立的中外合资企业。成立于2023年11月24日，公司定位：专注于为信息技术企业提供人才及数字技术外包解决方案的中外合资企业。它是由中国人力资源服务行业的FESCO（北京国际人力资本集团）与全球人力资源服务领导者The Adecco Group（德科集团）合资成立的。公司主要提供网络技术服务、软件外包服务、计算机系统服务、技术进出口、软件开发等信息技术相关服务。专注于为信息技术企业提供信息技术类人才及数字技术外包解决方案。,"https://www.zhaopin.com/jobdetail/CCL1480117890J40786016905.htm?refcode=4019&srccode=401901&preactionid=a7c1140f-c46c-45e5-b867-ab342d8bdc77"
2472,软件测试,深圳-龙岗区,4000-6000元,深圳市点点点信息技术有限公司,"IT服务,电子/半导体/集成电路",100-299人,B轮,CCL1405520980J40629497016,岗位职责: 1、参与项目的需求分析评审; 2、执行公司已有的测试用例 3、协助开发定位问题 4、完成leader安排的其他任务     任职资格:   1、计算机、软件类、电子工程相关专业大专及以上学历优先;   2、熟悉软件测试流程，如黑盒测试等,7月25日,作为“深圳创业者”的一员，深圳市点点点信息技术成立于2022年，至今2岁+，公司创立者皆来自大厂，从事智能产品研发设计、生产制造、综合服务的科技企业，积累了强大的产品级方案设计、硬件创新设计、系统级软件平台开发；涵盖智能手表、蓝牙耳机、AI游戏及AI游戏领域等智能产品布局，服务商包括vivo、oppo、realme、华为等智能产品，为广大服务商提供更好的解决方案，目前公司新的办公地址正在装修，新的家庭期待你的加入~,"https://www.zhaopin.com/jobdetail/CCL1405520980J40629497016.htm?refcode=4019&srccode=401901&preactionid=a7c1140f-c46c-45e5-b867-ab342d8bdc77"
2473,硬件测试,东莞-None,5000-8000元·13薪,陕西跃北机电设备有限公司,人工智能,500-999人,,CCL1500059560J40763623911,岗位内容： 1. 硬件测试方案的制定和实施； 2. 产品硬件组装及调试，编写测试报告和文档； 3. 参与硬件缺陷跟踪管理，协助软硬件联合调试、故障分析和解决。 任职要求： 1. 有团队意识， 工艺：5000-7000 上五休二，管吃住,7月28日,,"https://www.zhaopin.com/jobdetail/CCL1500059560J40763623911.htm?refcode=4019&srccode=401901&preactionid=a7c1140f-c46c-45e5-b867-ab342d8bdc77"
2474,Java,大连-西岗区,2.5-5万,济南淘扑云信息技术有限公司,计算机软件,20-99人,,CC515910530J40535155106,岗位要求：,5月29日,济南淘扑云信息技术有限公司坐落于美丽的泉城济南。是一家从事软件产品研发，维护，系统集成和整体解决方案设计的高新技术企业。公司在从事软件产品研发的同时、亦积极发展国内、日本、欧美等相关项目的技术人才服务等业务。公司业务范围涵盖零售、金融、医疗、社保和通信等相关领域，并与众多客户良好合作的基础上，建立起了相互信赖的战略合作伙伴关系。公司的业务方向涵盖对日服务外包、金融/智慧能源/智能制造/电商等行业的IT服务、以及人力资源服务等。公司对接国内外高端市场，与国内外一流企业合作，根据客户需求，提供包括信息技术外包（ITO）、业务流程外包（BPO）和知识流程外包（KPO）在内的全价值链服务。公司提倡“以人为本”的发展理念，全力为员工提供充分展现才能的平台，实现企业与员工的共同发展与成长。公司将为员工提供有竞争力的薪资福利，良好的工作环境，完善的培训（优秀者可以提供出国实训与工作的机会）和广阔的职业发展空间。公司主营业务：1、软件产品的设计与研发2、零售、政府、医院、教育行业等系统集成项目3、国内、对日、欧美等外包服务济南淘扑云为员工提供广阔的发展空间，真诚的期待您加入我们这个快速成长、充满热情与活力的企业。,"https://www.zhaopin.com/jobdetail/CC515910530J40535155106.htm?refcode=4019&srccode=401901&preactionid=a7c1140f-c46c-45e5-b867-ab342d8bdc77"
2475,科研人员,北京-西城区,1.5-2.5万,北京友安丰廷创新科技有限公司,咨询服务,20-99人,,CC368585830J40728298409,岗位职责 1.负责大模型应用相关科技项目的前期策划、组织、评审、实施和验收，确保高质量项目策划和顺利实施，通过大模型加快企业数字化智能化转变进程；  2.负责国家、省部级重大科技项目策划和组织；  4.负责与基层单位、学术界、企业界等外部机构的沟通协调；  5.负责跟进项目进度和完成质量；  6.负责项目验收资料的准备和提交；  7.跟踪行业最新技术动态，参与科技规划制定；  8.完成公司安排的其他工作。  ,4月27日,技术开发、技术咨询、技术服务、技术推广、技术转让；销售电子计算机及外部设备、电子产品及配件、五金交电、通讯设备、日用品、文化用品、工艺品、服装、鞋帽、通讯设备、机械设备、自行开发的产品；基础软件服务；应用软件服务；国内旅游业务；翻译服务；组织文化艺术交流活动（不含营业性演出）；承办展览展示活动；电脑动画设计；企业策划；市场调查；企业管理咨询；经济贸易咨询；会议服务；健康咨询（须经审批的诊疗活动除外）；设计、制作、代理、发布广告；舞蹈培训（不得面向全国招生）、计算机技术培训（不得面向全国招生）；物业管理；酒店管理；企业管理；公共关系服务；自然科学研究与试验发展；工程和技术研究与试验发展；农业科学研究与试验发展；医学研究与试验发展；数据处理(数据处理中的银行卡中心、PUE值在1.5以上的云计算数据中心除外)；接受金融机构委托从事金融信息技术外包服务；接受金融机构委托从事金融业务流程外包服务；接受金融机构委托从事金融知识流程外包服务；机动车公共停车场服务；财务咨询（不得开展审计、验资、查帐、评估、会计咨询、代理记账等需经专项审批的业务，不得出具相应的审计报告、验资报告、查帐报告、评估报告等文字材料）；出租商业用房；技术进出口；代理进出口；货物进出口；广播电视节目制作；从事互联网文化活动。（企业依法自主选择经营项目，开展经营活动；依法须经批准的项目，经相关部门批准后依批准的内容开展经营活动；不得从事本市产业政策禁止和限制类项目的经营活动。）,"https://www.zhaopin.com/jobdetail/CC368585830J40728298409.htm?refcode=4019&srccode=401901&preactionid=a7c1140f-c46c-45e5-b867-ab342d8bdc77"
2476,C/C++,广州-番禺区,1.4-2.8万·13薪,广州市新文溯科技有限公司,"计算机软件,IT服务",20-99人,未融资,CC139506240J40726856402,岗位职责：   ,4月22日,广州市新文溯科技有限公司，成立于2001年，是专注于企业内容管理与智能数据应用的软件解决方案供应商，拥有涵盖产品、服务、解决方案三个层面的整体服务能力，具备业界领先的非结构化数据获取技术、影像文档处理技术、深度学习技术、传真服务器通信等技术，为大型机构企业提供专业优质的解决方案。核心产品是涵盖文档获取、文档内容处理、流程控制、归档管理、文档交互等应用的文档处理平台，具有整体性和开放性两个突出特点，全面支撑机构企业多层次的、个性化的、成长型的业务管理所需。平台具备大型机构企业应用的架构，支持各种业务场景快速搭建的灵活性，满足金融级别标准的稳定性，最大限度保障机构企业业务连续性要求的灾备多样性。优秀的产品源于优秀的客户。截至2019年底，已累计服务大型机构企业500+家，自公司成立以来，紧随金融行业和企业业务的发展，在银行、基金公司、证券公司、保险公司等领域积累了丰富的行业成功经验，主要客户涵盖：Top10银行的70%；Top10基金公司的70%；众多证券同业实例；以及近百家世界500强在华企业。基于领先的技术和行业成功实践经验，一直是银行、基金、证券、大型制造、服务等领域的首选解决方案。依托长期持续的研发创新投入和经验丰富的专业技术团队，实现了自身科技成果的产业化应用，目前已连续两期通过国家高新技术企业认定，取得38项软件著作权，22项高新技术产品，多次荣获广东省优秀软件产品、广州市优秀软件产品，被评为广东软件行业协会理事单位，取得了质量管理体系认证证书。基于专业的顾问服务、十余年磨砺的各行业成功实践和灵活的产品平台，新文溯科技致力于为客户提供业界最高的价值，帮助更多机构和企业实现智能化的业务文档处理流程，满足业务发展的需求。愿景——专注专业，成就所托。使命——行业领先者背后的文档专家，客户业务效率与合规的保障。价值观——责任感：忠于职守，尽心尽责。——专业：以专业的精神，专业的技能，向客户提供高质量的产品与服务。——创新：持续创新以满足客户的业务需求。——团队：融入团队，赢得认可，最大限度地实现自我价值。——共同发展：员工与企业齐心协力，依托公司平台，共同发展。,"https://www.zhaopin.com/jobdetail/CC139506240J40726856402.htm?refcode=4019&srccode=401901&preactionid=a7c1140f-c46c-45e5-b867-ab342d8bdc77"
2477,科研人员,北京-石景山区,1.8-2万,中国科学院高能物理研究所,"学术/科研,科学技术推广",1000-9999人,未融资,CC000545690J40651527801,岗位职责： 1.承担HEPS-B8线站的工程建设任务； 2.负责时间分辨方法（QXAFS）的建设、发展；                     3.协助开展其他相关方法的建设； 4.协助完成束线机械、实验站控制等工程任务； 5.完成领导交办的其他任务。 岗位要求： 1.学历：博士及以上； 2.凝聚态物理、光学、仪器科学与技术等； 【福利与发展】  ·中央事业单位编制，落户北京 ·中国科学院岗位绩效工资制待遇，享受工伤保险、失业保险、养老保险、职业年金、公费医疗、住房公积金等 ·提供周转公寓或单身宿舍（博士后提供博士后公寓）   ·前沿的国内外讲座、丰富的培训及交流机会，鼓励职工在本所攻读研究生 【简历投递】  1.有意应聘者请登陆“高能所人才信息库”（cv.ihep.ac.cn）投递简历，请注明应聘岗位名称（申请岗位原则上不超过两个）；  2.应聘者面试时须提供以下材料：(1) 本人简历；（2）1份推荐信； (3) 能够证明本人能力、水平和业绩能力的材料（包括发表论文目录、代表性论著等),9月13日,中国科学院高能物理研究所（以下简称“高能所”）是我国从事高能物理研究、先进加速器物理与技术研究及开发利用、先进射线技术与应用研究的综合性研究基地。1973年建所至今，高能所获得科研奖200余项。其中，国家自然科学一等奖2项，国家自然科学二等奖和科技进步二等奖以上20余项，北京正负电子对撞机工程、绕月工程（成员单位）获国家科技进步特等奖。2013年7月17日，国家主席习近平视察高能所。高能所现有职工1400余人，其中专业技术人员1200余人，包括中国科学院院士5人、中国工程院院士2人，科技部中青年科技创新领军人才、国家杰出青年科学基金获得者等领军人才及高层次研究骨干近百人。谢家麟院士获得2011年度国家最高科学技术奖。王贻芳院士获得美国物理学会“潘诺夫斯基实验粒子物理学奖”，并率领大亚湾实验团队获得2016年“基础物理学突破奖”。高能所依托大科学装置开展基础研究和应用研究，正在运行的大科学装置有北京正负电子对撞机、北京谱仪、北京同步辐射装置、西藏羊八井国际宇宙线观测站、大亚湾中微子实验等；2017年成功发射了硬X射线调制望远镜卫星“慧眼”，承建的中国散裂中子源今年8月份通过国家验收；正在建设中的大科学装置有ADS强流质子加速器、江门中微子实验、高海拔宇宙线观测站、高能同步辐射光源、阿里引力波实验等；正在预先研究和规划的有增强型X射线时变与偏振探测（eXTP）空间天文台（已进入背景型号二期）、高能环形正负电子对撞机等；参加美国、欧洲、日本等多个大型实验的合作研究。高能所依托多个实验室增强能力建设，目前有北京正负电子对撞机国家实验室、核探测与核电子学国家重点实验室（与中国科技大学共建）、中科院粒子天体物理重点实验室、中科院纳米生物效应与安全重点实验室（与国家纳米中心共建）、中科院粒子加速物理与技术重点实验室、北京市射线成像技术与装备工程中心等。坐落在广东省东莞市的中国散裂中子源（CSNS），2018年3月25日通过中国科学院组织的工艺鉴定和验收，完成工程建设任务，成为我国第一台、世界第四台脉冲式散裂中子源，填补了国内脉冲中子应用领域的空白，为我国中子科学研究及应用研究提供了强大的科研平台。展望未来，高能所将始终坚持面向世界科技前沿和国家战略需求，紧密围绕研究所战略定位，努力提升自主创新能力，朝着“国际一流的高能物理研究中心和大型综合性多学科研究基地”的目标不断迈进。,"https://www.zhaopin.com/jobdetail/CC000545690J40651527801.htm?refcode=4019&srccode=401901&preactionid=a7c1140f-c46c-45e5-b867-ab342d8bdc77"
2478,测试工程师,广州-白云区,1.1-1.4万,广东友人网络科技有限公司,互联网,20-99人,,CC281997180J40801313613,岗位内容：  1. 设计测试用例并执行测试计划，对软件功能、性能、稳定性等进行全面测试。 2. 编写测试报告和Bug汇报，跟踪Bug的解决过程，并及时反馈BUG情况给研发团队。 3. 参与产品设计和需求评审，提供测试意见和建议。 4. 熟悉自动化测试框架或工具，并进行相关测试工作。,7月18日,,"https://www.zhaopin.com/jobdetail/CC281997180J40801313613.htm?refcode=4019&srccode=401901&preactionid=a7c1140f-c46c-45e5-b867-ab342d8bdc77"
2479,实施工程师,淄博-桓台县,9000-18000元,青岛安然物联网科技有限公司,"物联网,物联网",20-99人,未融资,CC559764920J40565332104,你能经常到全国各地出差吗？你能到工业生产现场生产现场做技术支持吗？  真正的奋斗者在安然会有让人值得为之奋斗的事业，会有充实、高效的成长，会有高人一等的收入。,7月22日,基于精准人员定位的工业安全生产信息化管理专家，安全生产信息化管理引领者！作为全国实时定位技术标准工作组成员和应急管理部“工业互联网+危化安全生产”人员定位系统技术支持机构，安然从2012年起致力于基于ZigBee Plus三维立体按需精准定位的“工业互联网+安全生产”的研究，获得了20多项安全智能管控系统发明专利和著作权，持续引领中国化工行业生产现场智慧安全！安然以“准、稳、狠”的ZigBee Plus三维立体按需精准人员定位统和“底数清、数据准、情况明、研判准、措施实”的安全生产信息化平台为核心，整合访客管理、出入口控制、人脸识别、视频监控、语音广播、重大危险源监控、可燃有毒气体监测等系统，对生产现场人、机、料、法、环五大要素进行实时、动态、智能管控和预警，规范人的安全行为，保障人的生命安全，有效防范风险、主动化解风险，实现智慧安全。安然“以用为本”，把安全生产信息化建设与公司管理体系“深度融合”，把安全生产信息化建设与日常工作“紧密结合”，对安全生产切实“有用、实用、好用”，避免建用“两张皮”，让安全管控更智能，让生产更高效才实用。迄今已服务中石化、中石油、延长石油、国能、兖矿、京能、索普、新安、奇美、昊源、潞安、旭阳、垦利、逸盛、海科、酒钢、金发等几百家石化、化工、选煤、钢铁、电厂企业。安然以客户为中心，以强者为本，抬头乐干，愿意与同道中人联合、链接，携手共建、共用、共享生产安全命运共同体，一起干，一起干，让优秀企业更安全，让优秀企业更高效！,"https://www.zhaopin.com/jobdetail/CC559764920J40565332104.htm?refcode=4019&srccode=401901&preactionid=a7c1140f-c46c-45e5-b867-ab342d8bdc77"
2480,硬件测试,北京-丰台区,7000-10000元·13薪,飞特质科(北京)计量检测技术有限公司,"检测/认证,专用设备制造",20-99人,未融资,CC621887930J40846854015,主要工作内容： 1.根据标准及测试方法对电子产品进行硬件测试，编制试验报告；  2.参与技术文件的编写，编制测试大纲并参与评审，编制技术标书；  3.负责实验室体系日常运行及管理工作，确保检测结果的正确性；  4.根据公司的质量及管理要求，准备相应技术文件、体系文件。  要求： 1、学历本科以上，硕士优先；  2、电磁场、测控、电子、通信、计算机、机械、材料等相关专业；  3、熟悉示波器、频谱仪等通用仪器的操作方法者优先；  4、具有较好的动手实践能力；  5、熟练使用office软件； 6、 具有较好的心理抗压能力，责任心强。  职位福利：免费午餐晚餐、五险一金、绩效奖金、带薪年假。,5月22日,飞特质科(北京)计量检测技术有限公司（以下简称飞特质科）是开展民航DO160系列标准、国军标、汽车电子、铁路、信息技术设备、音视频设备、多媒体设备、通信设备、电子测量仪器、家用电器、工科医等领域的电磁兼容试验与整改，环境可靠性试验和开展电源模块、电源滤波器研发生产的专业机构。具有达到3000V/m级别的HIRF试验能力。实验室面积超过 6000平方米，具有德国、美国等各类先进测试设备百余套，其规模和试验能力在全国同行业处于领先水平。公司的主要产品包括电源模块、电源滤波器、屏蔽整改材料等。具有电源模块和电源滤波器的研发和生产能力，可以开展具有特殊功能的电源模块和电源滤波器的定制和生产，研发了多款具有解决差模、共模、尖峰、脉冲等多种综合电磁干扰能力的电源模块和电源滤波器产品。,"https://www.zhaopin.com/jobdetail/CC621887930J40846854015.htm?refcode=4019&srccode=401901&preactionid=a7c1140f-c46c-45e5-b867-ab342d8bdc77"
2481,Java,西安-雁塔区,100-130元/天,明朝万达,"网络/信息安全,网络/信息安全,计算机软件",500-999人,D轮及以上,CC138671020J40820204615,工作职责： 1、参与公司产品或项目的开发设计、编码实现，参与产品技术预研、维护工作； 2、解决客户技术难题，在项目执行中提供必要的研发技术支持。 招聘要求： 1、统招本科及以上学历，计算机类、数学类、通信类、电子类相关专业优先； 2、有志于从事IT行业、热爱编程工作； 3、具备扎实的计算机软硬件知识，熟悉Java编程语言； 4、具备相关实习经验的其它理工类专业毕业生亦可考虑。,3月12日,北京明朝万达科技股份有限公司成立于2005年，是中国新一代信息安全技术企业的代表厂商，专注于数据安全、公共安全、云安全、大数据安全及加密应用技术解决方案等服务。基于“动态数据安全，数据全生命周期管控”的产品理念，明朝万达始终以守护用户数据价值为己任，致力于让安全真正服务于业务发展。在大数据、云计算等新技术应用背景下，明朝万达以数据安全为核心、自主可控的国密算法应用技术为基础，研发的Chinasec（安元）数据安全系列产品及解决方案，覆盖数据产生、存储、交换、使用等全生命周期重要环节，实现对服务器、数据库、PC终端、移动终端以及网络通信的全IT架构下数据安全的协同联动管理，打造企业级的数据安全防护体系。作为国内数据安全市场的倡导者，明朝万达拥有一支以清华大学博士和硕士为骨干力量的核心团队，已累计申请发明专利300余项，累计授权专利百余项。在推动技术创新的同时，注重技术与业务的深度融合，为客户提供量身定制的数据安全解决方案。公司现有员工近600人，总部设于北京，在上海、广州、成都、西安、贵阳、天津、武汉、南京、无锡、长春等地设有分支机构。历经十余年的发展与积累，明朝万达客户已覆盖金融、政府、公安、电信运营商、能源、设计院所和研发制造业等领域，签约用户超过3000家。,"https://www.zhaopin.com/jobdetail/CC138671020J40820204615.htm?refcode=4019&srccode=401901&preactionid=a7c1140f-c46c-45e5-b867-ab342d8bdc77"
2482,实施工程师,佛山-顺德区,8000-12000元·15薪,上海柏楚电子科技股份有限公司,"计算机软件,工业自动化",1000-9999人,已上市,CCL1242119060J40545440707,岗位职责:,1月8日,上海柏楚电子科技股份有限公司，闵行区首家科创板上市企业。公司成立于2007年，是一家从事激光切割控制系统的研发、生产和销售的高新技术企业和重点软件企业，完整掌握CAD、CAM、NC、传感器及硬件设计五大类技术。目前公司已在中低功率激光加工控制领域处于国际领先地位，未来着眼于布局工业互联网、总线激光控制、精密微纳加工等技术方向，致力于打造柏楚生态圈。,"https://www.zhaopin.com/jobdetail/CCL1242119060J40545440707.htm?refcode=4019&srccode=401901&preactionid=a7c1140f-c46c-45e5-b867-ab342d8bdc77"
2483,C/C++,郑州-高新区,8000-12000元,郑州辰维科技股份有限公司,"仪器仪表制造,仪器仪表制造,电子设备制造,计算机软件",20-99人,未融资,CC146453830J40797571705,一、 岗位职责 1、 负责软件开发相关工作； 2、 负责软件维护、软件操作说明书编写等工作； 二、 任职要求 1、 本科及以上学历； 2、 测绘工程、遥感科学与技术、测控技术与仪器、机械工程、机械设计制造及其自动化相关专业。 3、 具有摄影测量、计算机视觉、机器视觉、图像处理、模式识别等专业方向的经验者优先。 4、 会熟练C++语言进行软件开发。熟悉MFC/QT。有跨平台开发经验者优先。 5、性格活泼开朗，具有较好的人际交流与沟通能力；具备组织协调能力者优先。,2025年07月29日,郑州辰维科技股份有限公司成立于2007年，是一家致力于精密测量软硬件系统开发、技术服务及测量系统设备销售的高新技术企业。在“创造有自主知识产权的拳头产品，奉献给社会，成就精密测量领域人才和团队”的核心价值观的引领下不断开拓创新，在精密测量领域迅速崛起、快速发展，确立了在该领域的领先地位。公司现有员工90余人，其中博士2人，硕士10人，本科46人，拥有一支以国内外精密测量技术领域知名专家和高学历年轻人组成的研发队伍，先后为神舟飞船交会对接、嫦娥探月工程、大飞机制造、高分卫星北极地面站天线安装等提供优质产品或技术服务。现有发明专利7项、实用新型专利3项、软件著作权28项，参与完成的“新一代运载火箭力学试验与发射测试厂房建造关键技术”项目，荣获国家科技进步奖二等奖；“大型柔性天线快速测量系统”荣获测绘科技进步二等奖；“某型飞机定位传感器装调系统”获得河南省国防科技进步一等奖。近年来，公司紧紧抓住国家航天、航空事业快速发展的机遇，积极参与、努力研发。在国家重大项目需求的拉动下，协助航空、航天等领域合作伙伴顺利完成诸多项目研制、测试等任务，自主研制的MPS/M多相机工业摄影测量系统和舰炮自动标校系统已经分别在火箭军某型号和海军某型号列装，CIM系列智能工业测量相机、CT-105 0.5〞高精度自动经纬仪等均为国内首款，彻底打破硬件壁垒。公司研发的产品已广泛应用于国家和军队的航天、航空、通信、重工、船舶、水利、铁路、高校等众多领域，并以一流的产品质量和精湛的技术服务与客户建立了长期的合作关系。未来，辰维将秉承着“为客户研制精品，为股东创造价值，为员工提供机会，为社会做出贡献”的企业宗旨，以技术为驱动，紧跟国际先进技术水平，在关键技术、核心领域实现突破，达到国际领先进技术水平。,"https://www.zhaopin.com/jobdetail/CC146453830J40797571705.htm?refcode=4019&srccode=401901&preactionid=a7c1140f-c46c-45e5-b867-ab342d8bdc77"
2484,科研人员,南京-江宁区,面议,金斯瑞生物科技,"医药制造,医药制造",1000-9999人,已上市,CC143982550J40692592314,"Key Responsibilities: Design and execute experiments for the expression and purification of recombinant proteins using mammalian cells. Develop and implement innovative strategies for cell line development, protein expression and purification to achieve high yield, purity and functionality. Lead a team of scientists and technicians, providing guidance and mentorship in protein science methodologies. Collaborate with cross-functional teams to support the development of biologics, with a focus on early-stage research. Analyze and interpret data, prepare technical reports, and present findings to internal and external stakeholders. Stay abreast of the latest scientific and technological advancements in the field of protein science and cell engineering. Contribute to the intellectual property portfolio of the company by generating new ideas and filing patents where applicable. Qualifications and Preferred Skills: Ph.D. or MS degree in Biochemistry, Molecular Biology, Cell Biology, Structural Biology, or a related field. A minimum of 5 years of experience in protein expression and purification, preferably in an industrial setting. Proven track record with mammalian cell culture, and cell line engineering to enhance protein expression. Expertise in a variety of protein purification techniques (e.g., affinity, ion exchange, size exclusion chromatography, etc.). Familiarity with automation and high-throughput techniques for protein expression and purification. Strong analytical and problem-solving skills, with experience in analytical techniques such as SDS-PAGE, Western blotting, HPLC, and mass spectrometry. Excellent written and verbal English communication skills, with a proven record of scientific publications, presentations and conferences. Experience with biophysical characterization of proteins and assessment of protein-protein interactions.",7月3日,"金斯瑞生物科技股份有限公司金斯瑞生物科技股份有限公司（股票代码HK01548）是全球化的生物科技集团公司。集团植根于领先的基因合成技术，核心业务范围已涵盖生物药开发与生产CDMO业务、细胞与基因治疗、生命科学服务及产品、生物酶及合成生物学产品四大领域。金斯瑞成立于2002年，并于2015年在港交所主板挂牌上市。集团总部位于中国南京，运营实体遍布大中华区、北美区、欧洲区及亚太区，并以此为依托，为全球160多个国家和地区的10多万客户提供优质、便捷、可靠的服务与产品。目前，金斯瑞在全球拥有超过3000名员工，其中34%以上的员工拥有硕士或博士学位。金斯瑞拥有多项知识产权及技术机密，其中包含100多项授权专利及270多项专利申请。截至2019年6月30日，有超过40,300篇经国际同业审阅的学术期刊文献引述了金斯瑞的服务及产品。秉承“用生物技术使人和自然更健康”的企业使命，金斯瑞将一如既往地致力于成为最受信赖的生物科技公司。","https://www.zhaopin.com/jobdetail/CC143982550J40692592314.htm?refcode=4019&srccode=401901&preactionid=a7c1140f-c46c-45e5-b867-ab342d8bdc77"
2485,前端开发,武汉-洪山区,1.2-1.5万·13薪,艾斯托(湖北)阀业有限公司,电气机械/电力设备,20-99人,,CCL1500689990J40757829301,岗位内容： 1. 设计和开发适用于不同设备的易于使用的网站 2. 参与产品原型设计和产品需求分析 3. 跟进技术趋势及前端开发最佳实践，不断提升团队的技术水平 任职要求： 1. 两年以上前端开发经验，掌握HTML5/CSS/JavaScript等前端技术和常用框架 2. 具备良好的学习能力和解决问题的思维能力，能够配合其他团队成员完成项目工作 3. 对新技术有好奇心，并愿意持续学习和提高,7月22日,,"https://www.zhaopin.com/jobdetail/CCL1500689990J40757829301.htm?refcode=4019&srccode=401901&preactionid=a7c1140f-c46c-45e5-b867-ab342d8bdc77"
2486,前端开发,武汉-江汉区,150-170元/天,深圳丰匠数科工程咨询有限公司,IT服务,20-99人,,CCL1476186870J40770757610,岗位描述： 1、利用前端相关技术进行 web、h5、app 平台开发； 2、与服务端工程师、设计师紧密协作，产出高质量的产品前端层； 岗位要求： 1. 大学本科及以上学历软件工程或计算机相关专业，熟练掌握基础的前端技术，包括html、css、javascript/ES6等 2. 熟练运用一种前端开发框架如: Vue.js/React.js 等； 3. 熟悉css预编译、后编译等工具， 如less/sass/postcss等 4. 熟悉uniapp的用法，有一定了解，有实践经验者优先； 5. 对前端工程化有一定了解，有实践经验者优先； 6. 具备良好的团队协作精神，能利用自身技术能力提升团队整体研发效率，提高团队影响力；,2025年07月30日,,"https://www.zhaopin.com/jobdetail/CCL1476186870J40770757610.htm?refcode=4019&srccode=401901&preactionid=a7c1140f-c46c-45e5-b867-ab342d8bdc77"
2487,Java,上海-青浦区,1.8-3.5万,外企德科数字技术有限公司,专业技术服务,10000人以上,,CCL1480117890J40765506505,【C/C++/JAVA/Python/SQL/web/Android/IOS/Flutter/GO/大数据/AI/开发/运维/测试均有岗位需求】 PS：北京，上海，南京，杭州，深圳，东莞，成都，西安，武汉，长沙均有需求开放 【岗位要求】 1、统招本科及以上学历； 2、掌握C++/Java/Go/Web（Vue、React、js前端开发、前端框架...）/python/H5一种或多种编程语言，有良好的编程习惯、热爱编程； 3、对基本数据结构和算法有一定了解，熟悉Linux、Android、iOS、Windows其中一种或多种系统知识； 4、具备良好的解决问题能力、善于沟通、乐于合作； 5、熟练使用Idea/Maven/SVN(git)等软件开发工具； 6、扎实的计算机基础，具备优秀的学习能力和逻辑思维能力，善于分析问题和解决问题有关键独立模块设计、开发和维护经验 【福利待遇】 1、五险一金全额缴纳、为期半年的老员工1对1带教，周末双休、年终奖丰厚、双倍加班费、班车福利、每年1-2次调薪机会； 2、初级、中级、高级岗位均有招聘需求 3、每年有一次调薪/职级调整机会； 4、薪资构成：基本薪资+绩效工资，定级薪资和绩效考核标准参考正式员工标准；,2025-07-27 00:24:15,外企德科数字技术有限公司是一家2023年新成立的中外合资企业。成立于2023年11月24日，公司定位：专注于为信息技术企业提供人才及数字技术外包解决方案的中外合资企业。它是由中国人力资源服务行业的FESCO（北京国际人力资本集团）与全球人力资源服务领导者The Adecco Group（德科集团）合资成立的。公司主要提供网络技术服务、软件外包服务、计算机系统服务、技术进出口、软件开发等信息技术相关服务。专注于为信息技术企业提供信息技术类人才及数字技术外包解决方案。,"https://www.zhaopin.com/jobdetail/CCL1480117890J40765506505.htm?refcode=4019&srccode=401901&preactionid=a7c1140f-c46c-45e5-b867-ab342d8bdc77"
2488,测试工程师,北京-平谷区,8000-12000元,北京七星华创精密电子科技有限责任公司,"电子/半导体/集成电路,电子/半导体/集成电路",1000-9999人,已上市,CC477969580J40692781701,岗位职责:,3月26日,北京七星华创精密电子科技有限责任公司主要从事高精密电阻器、新型高精密钽电容器、石英晶体器件、微波组件、模块电源、混合集成电路等高精密电子元器件系列产品的研发与生产。公司致力于成为国内领先的精密元器件研发制造基地，以优越的性能获得各界客户的信赖，解决了长期依赖进口的局面，大大降低了客户的使用成本，并多次获得用户单位颁发的“突出贡献奖”、“金牌供应商”等荣誉和资质。,"https://www.zhaopin.com/jobdetail/CC477969580J40692781701.htm?refcode=4019&srccode=401901&preactionid=a7c1140f-c46c-45e5-b867-ab342d8bdc77"
2489,技术支持工程师,重庆-渝北区,7000-14000元,青岛安然物联网科技有限公司,"物联网,物联网",20-99人,未融资,CC559764920J40565729504,需要弱电技术、自动化、安防系统、工业互联网+危化安全生产、物联网人才，不要纯软件人才。  你能经常到全国各地出差吗？你能到化工生产现场做技术支持吗？     真正的奋斗者在安然会有让人值得为之奋斗的事业，会有充实、高效的成长，会有高人一等的收入。,6月21日,基于精准人员定位的工业安全生产信息化管理专家，安全生产信息化管理引领者！作为全国实时定位技术标准工作组成员和应急管理部“工业互联网+危化安全生产”人员定位系统技术支持机构，安然从2012年起致力于基于ZigBee Plus三维立体按需精准定位的“工业互联网+安全生产”的研究，获得了20多项安全智能管控系统发明专利和著作权，持续引领中国化工行业生产现场智慧安全！安然以“准、稳、狠”的ZigBee Plus三维立体按需精准人员定位统和“底数清、数据准、情况明、研判准、措施实”的安全生产信息化平台为核心，整合访客管理、出入口控制、人脸识别、视频监控、语音广播、重大危险源监控、可燃有毒气体监测等系统，对生产现场人、机、料、法、环五大要素进行实时、动态、智能管控和预警，规范人的安全行为，保障人的生命安全，有效防范风险、主动化解风险，实现智慧安全。安然“以用为本”，把安全生产信息化建设与公司管理体系“深度融合”，把安全生产信息化建设与日常工作“紧密结合”，对安全生产切实“有用、实用、好用”，避免建用“两张皮”，让安全管控更智能，让生产更高效才实用。迄今已服务中石化、中石油、延长石油、国能、兖矿、京能、索普、新安、奇美、昊源、潞安、旭阳、垦利、逸盛、海科、酒钢、金发等几百家石化、化工、选煤、钢铁、电厂企业。安然以客户为中心，以强者为本，抬头乐干，愿意与同道中人联合、链接，携手共建、共用、共享生产安全命运共同体，一起干，一起干，让优秀企业更安全，让优秀企业更高效！,"https://www.zhaopin.com/jobdetail/CC559764920J40565729504.htm?refcode=4019&srccode=401901&preactionid=a7c1140f-c46c-45e5-b867-ab342d8bdc77"
2490,实施工程师,合肥-蜀山区,8000-12000元·13薪,河南原巷新峪建筑工程有限公司,"建筑设计,工程技术与设计服务,建筑设计,装饰装修",100-299人,未融资,CCL1500424420J40826016908,岗位内容： 1. 回答来自客户和同事的问题，并提供第一时间的技术支持服务。 2. 根据客户需求开展问题分析和故障排除，协助用户完成各项工作任务。 3. 建立和维护客户关系，监控并反馈用户需求信息和市场动态。 4. 积极参与制定和优化技术支持流程，提升部门效率和客户满意度。 任职要求： 1. 具备良好的沟通技巧和客户服务意识，能够处理复杂的客户关系； 2. 熟练掌握基础网络、服务器、存储、虚拟化、安全等相关知识和技能； 3. 本科或以上学历，计算机相关专业毕业优先考虑； 4. 具备较强的团队合作精神和协调能力，能够适应快速变化的工作环境。,7月24日,河南原巷新峪建筑工程有限公司是一家集建筑工程施工，建筑工程设计，工程管理服务，家具安装和维修服务，大数据服务，物联网技术服务为一体的建筑公司。从开始准备创立公司，全体员工都不懈努力，积极提高自己的业务水平，提升自我的工作能力和个人素质。公司注重狠抓质量关，求信誉，谋发展，提高企业知名度。企业要发展，人才是关键，公司为谋求长远发展，建立并完善了人才资源库，努力做到让所有员工人尽才用，才尽其用，让其在本岗位上发挥特长，尽忠职守。,"https://www.zhaopin.com/jobdetail/CCL1500424420J40826016908.htm?refcode=4019&srccode=401901&preactionid=a7c1140f-c46c-45e5-b867-ab342d8bdc77"
2491,技术支持工程师,广州-黄埔区,8000-10000元,广州市正百饲料科技有限公司,农/林/牧/渔,20-99人,,CC560530420J40662207202,一、岗位职责 （一）为公司畜禽添加剂板块提供技术支持和产品咨询。 1. 为客户、公司销售团队提供技术和产品咨询； 2. 为客户和公司总部各区域提供整体技术服务方案和相关技术培训，包含培训课件的编制； 3. 做好与各相关类高等院校、科研单位，以及同行技术顾问的沟通和交流，掌握行业技术动态； （二）配合本部门销售工作顺利开展。 1. 配合本部门业务员前往现场了解产品使用情况，并对产品相关数据进行收集； 2. 负责针对公司产品制定配套应用方案并进行推广，包括公司相关线下宣传活动的参与； 3. 负责向客户传达公司产品信息，积极协助业务员达成销售订单； （三）对市场的信息收集以及协助公司推进研发工作。 1. 负责定期收集公司产品所处行业、市场信息； 2. 负责定期完成公司产品的养殖效果跟踪和分析，解决出现的与产品有关的突出问题； 3. 负责公司所需的产品科研数据的收集、分析和整理。  （四）完成领导交付的其他工作。 二、任职资格  教育水平：硕士及以上。  专业：畜牧、饲料等相关专业。  经验：拥有饲料、养殖方面的相关知识和实习经验：可快速掌握畜禽市场的相关知识；可快速了解公司所经营产品技术知识，或优秀应届生亦可。,11月13日,广州市正百饲料科技有限公司成立于2009年4月，是一间专业生产制造乳仔猪料添加剂和添加剂预混合饲料的民营科技企业，技术来源于美国维生营养有限公司。目前公司主要产品有肽味宝（高档乳猪教槽料用的诱食剂和肠道微营养剂）、颗粒包衣复合微量元素（乳猪教槽料用M500）、饲料用酸化剂-缓释型超级酸103、颗粒状氧化锌。其中，缓释酸化剂原料包衣磷酸、颗粒包衣微量元素、颗粒氧化锌三个产品申请了国家发明专利。包衣磷酸专利审请号：201010297092.6，复合微量元素专利审请号：201010238644.6，肠溶型氧化锌专利审请号：2010190500124。公司于2011年9月顺利通过了ISO9001:2008国际质量管理体系和ISO22000:2006食品安全管理体系双认证，大大提高了公司质量安全管理水平，为与广大企业用户密切合作打下了坚实基础。正天下，百事兴！目前我们正百公司全体员工正本着“正直守信，做事必成，成则兴旺”的理念，以技术创新和服务创新为动力，努力将公司打造成为高档乳仔猪料添加剂和添加剂预混合饲料的生产商，为中国畜牧业的健康发展献上微薄之力！,"https://www.zhaopin.com/jobdetail/CC560530420J40662207202.htm?refcode=4019&srccode=401901&preactionid=a7c1140f-c46c-45e5-b867-ab342d8bdc77"
2492,测试工程师,广州-番禺区,8000-11000元,广州市凯泽利科技有限公司,"汽车研发/制造,汽车研发/制造",100-299人,未融资,CC823999070J40859957115,1、熟悉电机控制器软件的HIL台架和工装台架的测试业务； 2、熟悉Python脚本使用及自动化测试工具使用，如ECU-TEST； 3、负责测试问题的提交、跟踪和回归验证，完成闭环管理； 4、能够独立完成HIL台架搭建、调试和日常维护工作； 5、熟悉CAN工具，例如INCA、Vector系列，协助台架配置通讯。 加分项：基于需求设计HIL自动化测试用例并完成用例调试和执行，并输出相关测试报告。,7月24日,广州市凯泽利科技有限公司，坐落于广州市天河区，是一家集整车开发与产品设计研发经验于一身的技术服务型企业。公司致力于为客户提供全方位的软件测试流程一站式服务，涵盖汽车技术支持、软件测试委外服务、测试自动化解决方案、嵌入式技术支持、软件开发项目承接、测试辅助工具开发、自动驾驶数据标注、汽车信息安全测试、汽车设计、运营与项目管理、专业培训及工具代理等多个关键领域。在产品研发方面，凯泽利科技自创立之初，便专注于汽车软件测试自动化平台的研发，并成功自主研发出了一款自动化测试平台。该平台采用先进的Web服务器架构，支持Web和Windows两大客户端，具备远程执行测试与监控结果的功能，并实现脚本的云同步。通过该平台，用户可以在办公室内远程操控实验室内的多个台架，全面支持IVI的所有输入输出，能够覆盖90%以上的测试用例。此外，平台还具备集中管理测试脚本和测试报告的功能，极大地方便了脚本的共享与报告的分析，是汽车软件测试工作中不可或缺的得力助手。在企业资质上，凯泽利科技荣获多项殊荣，包括国家高新技术企业、专精特新企业、中等规模以上企业、科技型中小企业以及创新型中小企业等称号。此外，公司还荣获了广东省守合同重信用企业称号，并通过了ISO9001认证和信息安全管理认证，在技术创新方面，凯泽利科技同样表现出强大的研发实力。目前，公司正在申请的国家发明专利已有10余项，并成功获得了10项国家发明专利授权和19项软件著作权授权。目前，凯泽利科技的主要客户包括广汽研究院、深圳联友科技、小鹏汽车、江铃汽车、马瑞利、广汽丰田、广汽能源、岚图汽车、广汽埃安、东风日产、星河智联、南方试验场、立昇科技、祺迹汽车科技、比亚迪、合创汽车、广州优尼冲压等知名企业。,"https://www.zhaopin.com/jobdetail/CC823999070J40859957115.htm?refcode=4019&srccode=401901&preactionid=a7c1140f-c46c-45e5-b867-ab342d8bdc77"
2493,前端开发,北京-东城区,9000-18000元,北京赛诺斯科技发展有限责任公司,"计算机软件,游戏,互联网,IT服务",20-99人,未融资,CC323124910J40928159504,【任职要求】 1、有快应用（必须）开发经验； 2、熟悉广告业务的开发； 3、精通Vue等框架开发，使用Vue、elementUI进行管理后台业务开发； 4、具有较强的行动力、自驱力，目标导向，能主动推进业务进程。 【岗位职责】 1、负责公司重要业务的快应用、小程序、管理后台的开发迭代、优化代码质量及应用体验； 2、探索快应用、网站的新能力、新技术、新架构，并将其应用到实际项目中,7月3日,北京赛诺斯科技发展有限责任公司是手机游戏研发商和发行商，公司于2009年成立，目前产品已经形成了一定的规模，为合作伙伴和最终用户提供了众多的优秀产品。公司的愿景是成为一流的移动游戏开发商与发行商。面对不断涌现的新技术，公司关注手机游戏发展的新方向，积极参与各类新技术开发和应用实践。公司汇集了一大批具备丰富运营知识和实践经验，开拓能力强，热爱游戏，充满热情的专业人员。赛诺斯地处东城区北二环，交通便利，具备良好的研发环境。赛诺斯拥有一支充满活力与竞争力的团队，愿使员工与企业一起腾飞！公司非常重视员工的培养与个人发展，将提供广阔的发展空间和有竞争力的薪酬，热诚希望才德兼备的您加入我们的队伍！,"https://www.zhaopin.com/jobdetail/CC323124910J40928159504.htm?refcode=4019&srccode=401901&preactionid=a7c1140f-c46c-45e5-b867-ab342d8bdc77"
2494,Java,长沙-None,7000-12000元,湖南佑立医疗科技有限公司,医疗设备/器械,20-99人,,CC150817610J40669230501,1、对项目进行需求分析，参与研发设计文档的撰写； 2、定制开发方案，明确每一个模块的功能，对模块进行开发和维护； 3、对相关技术进行研究，并根据业务需要进行代码优化，提高迭代效率； 4、分析产品的维护价值，并参与产品新版本的设计； 5、在产品开发过程当中，遇到技术瓶颈的时候需要积极攻克； 6、熟悉数据库语言者优先； 7、前端和后端二者都会者经验者优先； 8、有HIS、小程序接口经验的优先；,7月7日,佑立医疗科技有限公司创建于2007年，是一家集研发、生产于一体的高科技医疗企业。主要业务是为中国，亚洲，欧洲和美洲市场提供先进的专利医疗设备和技术，以治疗人类的各种疾病，特别是癌症，造福人类。主营产品为UNI-3000微波热疗机，纳米仿人体生物组织固态生物体模，多频场治疗仪等。公司研发生产基地位于长沙麓谷高新技术开发区，市场营销总部坐落于上海张江高新科技园区。公司团队由中外资深的管理人员、企业经营人才、高科技团队和中美医疗专家组成，采用美国硅谷高科技公司的先进管理方式进行公司内部运营及管理。公司拥有雄厚的技术力量及先进的生产、检测设备，可以灵活高效地为客户提供全面的解决方案。公司本着“科技为本、精心制造、严格管理、质量一流、顾客满意”的宗旨，以“生物医疗产品质量达到国际先进水平，建立良好的公司信誉，树立优秀的质量形象”为发展目标，坚持“创新、诚信、合作、务实”的经营理念，向客户提供高品质、优性价比的产品和一流的服务，使公司在激烈的市场竞争中不断发展壮大。佑立医疗真诚欢迎您成为加入我们的团队，让我们携手共同成长！,"https://www.zhaopin.com/jobdetail/CC150817610J40669230501.htm?refcode=4019&srccode=401901&preactionid=a7c1140f-c46c-45e5-b867-ab342d8bdc77"
2495,技术支持工程师,北京-昌平区,5000-8000元,北京得瑞紫蜂科技有限公司,"IT服务,运营商/增值服务,通信/网络设备",20-99人,未融资,CC464103710J40623116807,"1、参与公司项目的售前技术支持、业务咨询、方案规划设计 2、参与项目业务需求分析、设计，确定需求方案 3、参与项目可行性研究报告、技术建议书、整体解决方案 4、工程项目实施指导、工程售后的技术服务 任职要求： 1 、弱电相关工作经验一年以上优先，无经验者也可考虑；  2、扎实掌握网络、电子电路的基础知识。熟悉网络技术、一卡通、安防监控等相关技术知识及弱电规范； 3、有现场实施经验者优先考虑 4、踏实敬业，好学上进，悟性好，喜欢钻研技术，工作责任心强,综合素质高； 公司网址：http://www.st-zifeng.com/ 职位福利：五险一金、餐补、节日福利、周末双休、绩效奖金、通讯补助、高温补贴、带薪年假   ",7月11日,北京得瑞紫蜂科技有限公司成立于2005年，研发和营销管理团队来自美国Helicomm公司。公司拥有一支技术过硬的产品研发队伍，研发人员占公司员工总数的50%以上。专注打造“关爱生命的物联网”。紫蜂科技所提供的自主ZigBee技术、准方案、及本地化技术支持团队，能够让中国厂商发挥无穷创意，利用ZigBee平台，开发出各行业崭新的无线安防、节能、智能家居、以及自动化产品。公司结合海内外及北京人才优势，致力于打造中国zigBee考勤定位技术先锋形象。公司作为专注 zigBee技术的精细安全监控系统的供应商和服务商，针对客户的需求，现已成功研制出无线传感器网络、矿井/隧道人员考勤定位系统、福利院/高档社区老人定位看护报警系统、停车场无线诱导系统、应力应变监控量测系统、地质超前预报系统等各领域使用的物联网系统，我司zigBee核心模块和应用系统产品已经广泛应用于国内外矿山、隧道（铁路、轨道、公路）、市政、电力、环保、气象、生态、节能等领域。,"https://www.zhaopin.com/jobdetail/CC464103710J40623116807.htm?refcode=4019&srccode=401901&preactionid=a7c1140f-c46c-45e5-b867-ab342d8bdc77"
2496,Java,杭州-西湖区,6000-8000元,上海学获帮教育科技有限公司,培训/辅导服务,20-99人,未融资,CCL1495534810J40770090914,岗位内容： 1. 开发高质量的Java应用程序，保证代码的可读性、可维护性、可扩展性和性能。 2. 参与需求分析、系统设计和开发计划的制定。 3. 能够快速识别问题并提供有效的解决方案。 4. 与产品和测试团队紧密合作，确保产品质量符合用户期望。 任职要求： 1. 精通Java编程语言和Spring框架，有大型项目开发经验。 2. 拥有扎实的计算机基础，熟练掌握面向对象编程思想和设计模式。 3. 熟练使用常见的Web容器和数据库（如Tomcat、MySQL）。 4. 熟悉敏捷开发流程，具备优秀的沟通和协调能力。,7月23日,上海学获帮教育科技有限公司上海学获帮教育科技有限公司成立于2024年04月01日，注册地位于上海市松江区叶榭镇叶旺公路1号1楼，法定代表人为苏峰。经营范围包括一般项目：技术服务、技术开发、技术咨询、技术交流、技术转让、技术推广；组织文化艺术交流活动；体育赛事策划；组织体育表演活动；信息咨询服务（不含许可类信息咨询服务）。（除依法须经批准的项目外，凭营业执照依法自主开展经营活动）,"https://www.zhaopin.com/jobdetail/CCL1495534810J40770090914.htm?refcode=4019&srccode=401901&preactionid=a7c1140f-c46c-45e5-b867-ab342d8bdc77"
2497,C/C++,商丘-睢阳区,5000-9000元·13薪,河南端琪实业发展有限公司,"电子设备制造,人工智能,新媒体,互联网",100-299人,未融资,CCL1478071580J40700328507,C++JavaFFmpeg,7月22日,公司项目：电气设备销售；照明器具销售；信息咨询服务（不含许可类信息咨询服务）；组织文化艺术交流活动；工程管理服务；广告设计、代理；广告发布；广告制作；会议及展览服务；耐火材料销售；纸制品销售；专用化学产品销售（不含危险化学品）；高性能纤维及复合材料销售；新型有机活性材料销售；电子专用设备销售；消防器材销售；日用家电零售；智能仪器仪表销售；技术服务、技术开发、技术咨询、技术交流、技术转让、技术推广；软件开发；电子产品销售；市场营销策划；企业形象策划；市场调查（不含涉外调查）；仪器仪表销售；金属制品销售；日用陶瓷制品销售；文化用品设备出租；办公设备耗材销售；橡胶制品销售；塑料制品销售；生态环境材料销售；生物基材料销售；许可项目：建筑智能化系统设计,"https://www.zhaopin.com/jobdetail/CCL1478071580J40700328507.htm?refcode=4019&srccode=401901&preactionid=a7c1140f-c46c-45e5-b867-ab342d8bdc77"
2498,科研人员,济南-历下区,1.5-2万·14薪,上海伯筱科技有限公司,电子/半导体/集成电路,20-99人,,CCL1291158590J40616256106,储能、涉水业务高端装备研发、科研课题申报 基础设施类高端装备研发、科研课题申报 绿色建筑、绿色建材、低碳建筑材料产品、部品设计研发、科研课题申报 智慧房建、基础设施高端装备制造、科研课题申报 智慧建造软件开发及运维、科研课题申报,11月20日,,"https://www.zhaopin.com/jobdetail/CCL1291158590J40616256106.htm?refcode=4019&srccode=401901&preactionid=a7c1140f-c46c-45e5-b867-ab342d8bdc77"
2499,技术支持工程师,保定-满城区,4000-6000元,保定天威恒通电气有限公司,"电气机械/电力设备,仪器仪表制造",100-299人,不需要融资,CC236879410J40860274815,岗位职责： 1、系统学习公司产品知识； 2、参与公司生产、售后、技术等环节，深入了解公司产品； 3、按照公司培养计划及需求，明确个人规划及职业发展方向； 任职要求： 1、本科及以上学历，机械设计或电气自动化专业专业，接受应届毕业生； 2、吃苦耐劳，接受车间实习及出差； 岗位福利： 五险一金、法定节假日、年终奖、节假日福利、餐补、高温补贴、取暖补贴、员工旅游、定期体检、完善的晋升机制等,7月4日,保定天威恒通电气有限公司坐落于京畿重地保定国家高新区，致力于电力系统中性点接地领域。历经20年的发展，已成为电力系统中性点接地领域的专业制造商及服务商，为用户提供电力中性点接地设备专业化的解决方案与服务。是高新技术企业、全国百新企业、优秀创新企业、科技小巨人企业、安全生产标准化企业、安全生产示范单位。坚守使命、不忘初心，深耕于电力系统中性点领域。锐意进取、持续创新、自主研发核心技术，已拥有百余项自主知识产权，通过ISO9001质量管理体系、ISO14001环境管理体系、ISO45001职业健康安全管理体系认证。产品通过中国船级社（CCS）、美国船级社（ABS）、法国船级社（BV）、国家电器产品质量监督检验中心等国内外质量监督机构的认证。国家电力事业从星星之火到以燎原之势迅猛发展，天威恒通为国网、南网、华能、华电、大唐、中核、中广核、三峡、西门子、ABB、宝武钢铁等数千家企业提供产品及服务；在发电、石化、钢铁、煤炭、轨道交通等不同领域，助力国家电力事业的发展与腾飞。恒通人坚守“产业报国”初心，坚持科学化、规范化管理，推进自动化生产线建设，加大科研投入，制定人才培养及管理计划，倡导努力工作、快乐生活的文化理念，建立了科学的流程体系和组织结构。恒通人坚持匠心精神，探究产品质量与工艺改进，始终以市场为导向、为客户提供定制化的产品、专业化的解决方案以及用心的全流程服务。国内已形成两网五大六小的电力新格局，天威恒通将继续与各大电力集团密切合作，为实现双碳目标，为国家绿色能源建设担起使命，为时代赋能！,"https://www.zhaopin.com/jobdetail/CC236879410J40860274815.htm?refcode=4019&srccode=401901&preactionid=a7c1140f-c46c-45e5-b867-ab342d8bdc77"
2500,测试工程师,大同-平城区,5000-7000元,天阳科技,"计算机软件,计算机软件",1000-9999人,已上市,CC120408370J40824000608,1.全国项目驻场测试，主要负责功能、数据或接口等相关测试工作； 2.统招本科学历及以上（学信网可查）；毕业满2年；计算机专业优先； 3.热爱软件测试行业、有强力的自驱力，能够在测试岗位深入学习研究； 4.有无经验均可，服从公司安排，接受公司培养，可接受异地工作优先； 福利待遇： 上市公司，公司可以提供住宿，提供五险一金； 欢迎符合要求的小伙伴们投递~,2025-07-27 01:24:36,天阳科技(股票代码：300872)，是全球金融创新服务的重要贡献者，持续赋能中国金融行业数字化转型，为客户提供咨询、金融科技产品、金融IT服务、云计算及运营服务。公司成立于2003年，服务超过300家金融行业客户，覆盖中央银行、政策性银行、国有银行、股份制银行、地方性商业银行、非银行金融机构等，员工人数近7000人，成为激活金融领域创新活力、推动金融科技迈入世界领先水平的重要力量。作为金融行业客户可信赖的合作伙伴，天阳科技凭借丰富的行业经验和端到端的专业服务，在信创、数字化金融、信贷、交易银行、信用卡、零售、营销、风险管理、征信监管等众多领域具备核心竞争力。据赛迪和IDC报告显示，近年来公司在中国银行业IT解决方案市场排名强势崛起，2019年收入及市场占有率综合排名分别位列第四位和第五位，并保持高速增长。同时，前瞻商业和科技趋势，入选2021年度未来银行科技服务商TOP100。天阳科技始终聚焦金融科技领域，加大自主创新力度，在超过100个城市建立本地化、专业化的研发和服务团队，拥有CMMI5级认证、软件测试成熟度模型集成（TMMi）3级认证、ISO9001质量管理体系认证、ISO20000信息技术服务管理体系认证、IS027001信息安全管理体系认证。通过部署人工智能、云计算、大数据、移动互联网、分布式计算和区块链等先进金融科技，公司致力于构建安全可控、普惠民生、开放共赢格局，在关键技术领域服务现代化金融发展大局，更好地为各利益相关方创造更大价值，为大中企业、小微企业以及每个个体提供优质金融服务。,"https://www.zhaopin.com/jobdetail/CC120408370J40824000608.htm?refcode=4019&srccode=401901&preactionid=a7c1140f-c46c-45e5-b867-ab342d8bdc77"
2501,技术支持工程师,苏州-姑苏区,5000-8000元,苏州万坤信息科技有限公司,"计算机软件,互联网",20-99人,未融资,CC550420420J40515256404,岗位职责： 1. 负责客户的技术支持及SolidWorks培训工作，能独立实施项目，处理和解决各类技术问题； 2. 配合销售做好SolidWorks 产品的技术支持、产品演示；  3. 根据客户的需求，提供有针对性的产品解决方案及项目实施方案； 4. 参与培训用户，提供现场指导等售后技术支持工作；  5.负责solidworks产品的升级续订服务。 任职要求： 1.机械相关专业，本科及以上学历； 2.有良好的英文读写能力； 3.熟练掌握SolidWorks或其他三维设计软件，有相关证书优先考虑； 4.良好的表达能力与沟通能力； 5.能适应短期出差，有驾照者优先。,7月4日,"苏州万坤信息科技有限公司（Suzhou Vancon Information Technology Co.,Ltd）是专业的制造业信息化解决方案提供商，核心团队由CAD/CAE/CAM/PDM资深专业人士组成，是美国SolidWorks公司在中国地区的增值合作伙伴。我们的宗旨是为中国的企业搭建一流的三维软件及机电一体化设计平台及提供专业的技术服务。合作厂商：Dassault Systèmes SolidWorks Corp.提供完整的 3D软件工具，借助这些工具，您可以创建、仿真、发布和管理数据。SolidWorks产品易于学习和使用，这些产品配合使用，可以帮助您更好、更快、更经济高效地设计产品。SolidWorks注重产品的易用性，与以往相比，有更多的工程师、设计者和其他技术专业人员利用 3D设计出生动优秀的产品。","https://www.zhaopin.com/jobdetail/CC550420420J40515256404.htm?refcode=4019&srccode=401901&preactionid=a7c1140f-c46c-45e5-b867-ab342d8bdc77"
2502,科研人员,济南-历下区,8000-16000元,山东大学,培训/辅导服务,10000人以上,未融资,CC132032740J40608691016,为提升学院平台系统开发整合能力和技术服务支撑能力，建设一支专聘技术研发队伍，根据学院事业发展规划，现招聘非事业编制科研人员10名，具体如下： 一、基本条件 1.拥护党和国家的各项路线方针政策，遵纪守法，未受过任何纪律处分。 2.身心健康，热爱高等教育事业，遵守职业道德，工作踏实认真、积极主动，服从工作安排，责任心强，具有团队合作和奉献精神。 3.具有硕士研究生及以上学历学位，或本科具备丰富的软硬件研发经验。 4.具有较好的文字功底、较强的沟通协调能力和执行能力，能熟练应用办公软件。 5.熟悉ARM、DSP、FPGA等常用单片机，熟悉C语言；熟悉Keil、Altium Designer等常用嵌入式开发工具。有变流器，逆变器等电力电子设备研发经验者优先。 6.熟悉Linux系统，熟悉Python开发或UI设计研发经验者优先。 7.熟悉Django，Flask，Fastapi，SpringBoot等框架，熟悉前端开发技术，包括HTML、CSS、JavaScript（如React、Vue.js等），能够独立完成业务代码的设计及开发。 8.年龄一般不超过35周岁，特别优秀者适当放宽。 二、相关待遇 1.年薪10-20万元（税前），由工资+福利+奖金构成，薪酬体系完善，两年的成长保护期，并享受奋斗带来的效益。 2.按国家政策缴纳五险一金，同时提供商业保险等其它保障。 3.健全的人才培养体系，多导师制内外传帮带，并可申报各类科研、人才项目，申请职称代评，提升学历等。 4.弹性工作方式，并提供良好的生活服务。 5.子女可按学校相关政策享受山东大学提供的优质基础教育。 三、招聘程序 1.报名应聘。本公告长期有效，应聘人员将下列所涉材料按顺序扫描整合成1个pdf文件，发送至邮箱，邮件主题为“姓名+专业”。 （1）《山东大学专聘科研岗位应聘人员申请表》(见附件1)； （2）身份证扫描件； （3）国内高校教育经历阶段须提供学历、学位证书，国（境）外教育经历阶段须提供学位证书及教育部国（境）外学历学位认证，应届毕业生须提供就业推荐书扫描件； （4）相关资格证书、荣誉证书、工作经历等证明材料扫描件； （5）能体现本人软硬件研发能力的项目、课题、论文专利等。 2.资格审查及考试。报名结束后，根据岗位要求对应聘人员进行资格审核，确定参加考试人员。考试形式主要为面试。测试应聘者的综合素质、专业能力和岗位适应性。面试时需展示提交报名材料的原件。未能提交原件或不具备报考条件的，取消面试资格。 3.考察与体检。通过考试人员参加考察、体检。放弃考察、体检资格或考察、体检不合格造成的空缺，按面试成绩依次等额递补。 4.公示与聘用。通过考察和体检的拟聘人员予以公示，公示结束之日起一个月内，公示人选如放弃资格，可从符合条件人员中依次根据成绩等额递补。公示无异议者，办理入职手续。 四、有关说明 1.应聘人员提交申请材料应当真实、准确。对于提供虚假报名材料者，一经发现查实，取消应聘资格。 2.拟聘人员如系国内应届毕业生，入职时需提供学历及学位证书原件，不能全部提供者不予聘用。,6月16日,山东大学是一所历史悠久、学科齐全、学术实力雄厚、办学特色鲜明，在国内外具有重要影响的教育部直属重点综合性大学，是国家“211工程”和“985工程”重点建设的高水平大学之一。,"https://www.zhaopin.com/jobdetail/CC132032740J40608691016.htm?refcode=4019&srccode=401901&preactionid=a7c1140f-c46c-45e5-b867-ab342d8bdc77"
2503,Java,上海-青浦区,1.5-3万·14薪,外企德科数字技术有限公司,专业技术服务,10000人以上,,CCL1480117890J40788106605,核心项目开发 Java/python/JS/C++/测试，均有岗位在招聘 【福利待遇】  1、薪资open+14-16薪 2、入职全额六险一金+双休，双倍加班费+加班餐补+加班打车 报销 3、上下班有班车，园区有饭堂、免费健身房 4、资深导师一对一带教 【岗位要求】 1、计算机、软件、通信等相关专业本科及以上学历，专业优秀者可放宽； 2、热爱编程，基础扎实，熟悉掌握 Java编程语言，有良好的编程习惯； 3、具备独立工作能力和解决问题的能力、善于沟通，乐于合作，热衷新技术，善于总结分享，喜欢动手实践；  4、对数据结构、算法有一定了解；,2025-07-27 00:25:37,外企德科数字技术有限公司是一家2023年新成立的中外合资企业。成立于2023年11月24日，公司定位：专注于为信息技术企业提供人才及数字技术外包解决方案的中外合资企业。它是由中国人力资源服务行业的FESCO（北京国际人力资本集团）与全球人力资源服务领导者The Adecco Group（德科集团）合资成立的。公司主要提供网络技术服务、软件外包服务、计算机系统服务、技术进出口、软件开发等信息技术相关服务。专注于为信息技术企业提供信息技术类人才及数字技术外包解决方案。,"https://www.zhaopin.com/jobdetail/CCL1480117890J40788106605.htm?refcode=4019&srccode=401901&preactionid=a7c1140f-c46c-45e5-b867-ab342d8bdc77"
2504,软件测试,郑州-管城回族区,6000-8000元,郑州多度影视传媒有限公司,"广播/影视,新媒体,互联网,广告/营销",100-299人,未融资,CCL1486495600J40728100215,岗位职责： １. 负责公司软件与互联网产品的测试工作； ２. 根据项目计划制定项目测试用例并实施，保证项目质量和进度； ３. 根据项目设计与实现有关自动化测试的代码与用例； ４. 根据项目特点，开发合适测试工具或自动化解决方案，提高测试效率； ５. 设计与执行测试用例，跟踪定位软件的缺陷或问题； ６. 公司交办的其他事项。 任职要求： １. 学历不限，专业不限； ２. 熟悉项目开发和测试流程，能独立设计测试计划和测试用例； ３. 熟练掌握Fiddler/Jmeter/Postman/Selenium等测试相关工具； ４. 熟练掌握Bug跟踪流程，有Bugtrace工具使用经验； ５. 具备良好的团队沟通能力和团队合作精神。 职位福利：五险一金、绩效奖金、带薪年假、每年多次调薪、周末双休、员工食堂、优秀员工奖金、多次晋升机会,7月26日,经营范围：电影摄制服务；技术服务、技术开发、技术咨询、技术交流、技术转让、技术推广；电子专用设备销售；电气设备销售；机械电气设备销售；照明器具销售；消防器材销售；制冷、空调设备销售；安全技术防范系统设计施工服务；工程管理服务；摄像及视频制作服务；文艺创作；互联网销售；企业形象策划；数字文化创意内容应用服务；数字文化创意软件开发；信息技术咨询服务；专业设计服务；摄影扩印服务；个人互联网直播服务；文化娱乐经纪人服务；互联网数据服务；互联网安全服务；物联网应用服务；文具用品零售；纸制品销售；电子产品销售；日用百货销售；日用品销售；化妆品零售；农副产品销售；广告设计、代理；广告制作；工艺美术品及收藏品零售；美发饰品销售；会议及展览服务；市场营销策划；服装服饰零售；其他文化艺术经纪代理；五金产品零售；体育用品及器材零售；软件开发；信息咨询服务；办公用品销售，许可项目：互联网直播技术服务；互联网游戏服务；信息网络传播视听节目；建筑智能化系统设计,"https://www.zhaopin.com/jobdetail/CCL1486495600J40728100215.htm?refcode=4019&srccode=401901&preactionid=a7c1140f-c46c-45e5-b867-ab342d8bdc77"
2505,技术支持工程师,鹤壁-淇滨区,9000-18000元,青岛安然物联网科技有限公司,"物联网,物联网",20-99人,未融资,CC559764920J40675821404,需要弱电技术、自动化、安防系统、工业互联网+危化安全生产、物联网人才，不要纯软件人才。  你能经常到全国各地出差吗？你能到工业生产现场生产现场做技术支持吗？   真正的奋斗者在安然会有让人值得为之奋斗的事业，会有充实、高效的成长，会有高人一等的收入。   你能做好售前技术支持、根据客户需求，高效制作方案吗？你能做好售中技术支持、指导他人正确安装、部署、调试系统向用户保质保量快速交付吗？你能做好售后维护，高效沟通和落实客户需求吗？   迄今已服务中石化、中石油、延长石油、国能、兖矿、京能、索普、新安、奇美、昊源、潞安、旭阳、垦利、逸盛、海科、酒钢、金发等几百家石化、化工、选煤、钢铁、电厂企业。    安然以客户为中心，以强者为本，抬头乐干，愿意与同道中人联合、链接，携手共建、共用、共享生产安全命运共同体，一起干，一起干，让优秀企业更安全，让优秀企业更高效！,7月19日,基于精准人员定位的工业安全生产信息化管理专家，安全生产信息化管理引领者！作为全国实时定位技术标准工作组成员和应急管理部“工业互联网+危化安全生产”人员定位系统技术支持机构，安然从2012年起致力于基于ZigBee Plus三维立体按需精准定位的“工业互联网+安全生产”的研究，获得了20多项安全智能管控系统发明专利和著作权，持续引领中国化工行业生产现场智慧安全！安然以“准、稳、狠”的ZigBee Plus三维立体按需精准人员定位统和“底数清、数据准、情况明、研判准、措施实”的安全生产信息化平台为核心，整合访客管理、出入口控制、人脸识别、视频监控、语音广播、重大危险源监控、可燃有毒气体监测等系统，对生产现场人、机、料、法、环五大要素进行实时、动态、智能管控和预警，规范人的安全行为，保障人的生命安全，有效防范风险、主动化解风险，实现智慧安全。安然“以用为本”，把安全生产信息化建设与公司管理体系“深度融合”，把安全生产信息化建设与日常工作“紧密结合”，对安全生产切实“有用、实用、好用”，避免建用“两张皮”，让安全管控更智能，让生产更高效才实用。迄今已服务中石化、中石油、延长石油、国能、兖矿、京能、索普、新安、奇美、昊源、潞安、旭阳、垦利、逸盛、海科、酒钢、金发等几百家石化、化工、选煤、钢铁、电厂企业。安然以客户为中心，以强者为本，抬头乐干，愿意与同道中人联合、链接，携手共建、共用、共享生产安全命运共同体，一起干，一起干，让优秀企业更安全，让优秀企业更高效！,"https://www.zhaopin.com/jobdetail/CC559764920J40675821404.htm?refcode=4019&srccode=401901&preactionid=a7c1140f-c46c-45e5-b867-ab342d8bdc77"
2506,技术支持工程师,杭州-滨江区,2001-4000元,杭州海康威视数字技术股份有限公司,"人工智能,工业自动化,人工智能,物联网",10000人以上,已上市,CC120975580J40847080315,职位描述： 岗位职责： 1、统计日常客户群里反馈产品问题，前期跟踪技术工程师的问题解决时效性，中后期具备独立解决问题能力；  2、配合技术工程师与客户保持密切沟通，建立良好的合作关系，保障良好的客户满意度；  3、其他支持辅助工作，做到积极响应。   任职资格： 任职要求： 1、本科及以上学历，计算机类、自动化类、机械类等相关专业；25/26届在校学生，可实习2个月及以上；  2、会使用CAD绘图软件，或会使用linux、数据库相关软件； 3、对机器人行业有热情，有责任心，具备抗压能力，意向自动化方向发展，base地杭州,5月22日,【公司介绍】海康威视成立于2001年，是一家专注技术创新的科技公司，致力于将物联感知、人工智能、大数据技术服务于千行百业，引领智能物联新未来：以全面的感知技术，帮助人、物更好地链接，构筑智能世界的基础；以丰富的智能产品，洞察和满足多样化需求，让智能触手可及；以创新的智能物联应用，建设便捷、高效、安心的智能世界，助力人人享有美好未来。【公司实力】全球业务覆盖150+国家/地区，11大全球研发中心，7大全球制造基地；58000+全球员工，其中研发人员和技术服务人员超27951人，研发投入占全年营业收入11.80%，绝对数额占据业内前茅（2022年年报）；视频感知—国家新一代人工智能开放创新平台（中华人民共和国科学技术部颁布）；连续6年蝉联“全球安防50强”第1位（a&s《安全自动化》）；连续6年蝉联“中国最佳雇主”全国30强（智联招聘）。【薪酬福利】基础福利：五险一金、补充商业保险、年度健康体检；假期福利：带薪年假、全薪病假、婚假、产育假、母婴照顾假、育儿假等；多重补贴：餐饮补贴、交通补贴、通讯补贴、团队建设津贴；乐活配置：免息住房借款、特色员工餐厅、免费停车场、免费健身房、理疗室、定期义诊等园区服务等（园区服务部分区域可享，详请咨询当地HR）；人才激励：年终奖、核心员工跟投创新业务计划股权激励、金砖奖；*公司为常驻海内外的员工，提供健全的物质和人身保障、人性化的探亲福利。,"https://www.zhaopin.com/jobdetail/CC120975580J40847080315.htm?refcode=4019&srccode=401901&preactionid=a7c1140f-c46c-45e5-b867-ab342d8bdc77"
2507,科研人员,中山-None,1.8-2.3万,中科中山药物创新研究院,"学术/科研,生物工程",500-999人,未融资,CCL1247984330J40712143316,一、周宇鹏课题组介绍 周宇鹏研究员，中科中山药物创新研究院，研究员、课题组长、博士生导师，入选国家重大人才工程计划（青年），浦江人才计划等。课题组的主要研究方向包括分子影像、同位素示踪技术等。本次招聘主要面向分子影像方向，研究课题主要涵盖呼吸系统疾病、中枢神经系统疾病等的多模态分子影像研究。 二、岗位职责 1.独立或半独立推进课题，设计实验和汇报工作，发表科研论文； 2.协助课题组基金撰写和申报，指导学生； 3.管理实验室公用仪器等； 4.课题组长交办的其他事项。 三、任职要求 1.博士研究生学历，生物医药相关专业（招聘专业包括病原生物学、微生物学、化学生物学或其它相关专业，具有微生物宿主相互作用及致病机制、病毒递送载体设计与改造等方面有科研经历的应聘者优先）； 2.以一作发表过SCI论文1-2篇，有良好的英文阅读和写作能力; 3.有良好的实验基础； 4. 具有责任心、上进心和团队协作能力，能按时完成课题组长布置的基本任务。 四、薪酬待遇  ,7月23日,中科中山药物创新研究院（简称“中山药创院”）是由中山市人民政府于2018年9月在中山翠亨新区建设的新型研发机构。中山药创院总规划用地面积约33.3公顷，围绕“五个一”目标建设，即：即一个研究院、一个药学院、一个公共技术平台、一个孵化器、一个创投基金。举办双方按照“规划清晰、学科错位、平台延伸、分工负责”的总体思路，集中优势资源共同建设以创新药物研发、技术突破、平台建设与服务、生物医药产业孵育、人才培养为目标的国际先进的综合性药物研究机构，并按照国际一流标准打造中山新药创制产业园平台，以原始创新为内核，牵头、汇聚全球生物医药资源，为系统化First-in-class、Best-in-class药物研发提供全生命周期解决方案，同时充分利用粤港澳合作（CEPA）机制，发挥区域优势，将中山研究院建设成为高水平、国际化的研发高地。,"https://www.zhaopin.com/jobdetail/CCL1247984330J40712143316.htm?refcode=4019&srccode=401901&preactionid=a7c1140f-c46c-45e5-b867-ab342d8bdc77"
2508,测试工程师,六安-舒城县,4000-6000元,安徽刚毅电子科技有限公司,"计算机硬件,电子设备制造",1000-9999人,不需要融资,CC462926530J40708715714,岗位内容： 1. 建立和维护软件产品的测试计划和策略。 2. 负责软件测试阶段的进度管理和问题跟踪。 3. 审查需求文档，识别并管理关键的测试风险。 4. 持续改进测试流程和工具，提高测试效率和质量。 5. 向其他团队成员提供培训和支持。 任职要求： 1. 五年以上软件测试工作经验。 2. 精通测试常见工具和框架（如JIRA、TestRail、Appium）。 3. 熟悉测试理论和流程，能够制定测试计划和策略。 4. 具有较强的问题分析和解决能力。 5. 能够在压力下工作，并保证结果的准确性。 6.大专以上应届毕业生无经验可培养,7月26日,"安徽刚毅电子科技有限公司隶属于台北连宏科技集团，成立于2016年6月，坐落于安徽省六安市舒城县杭埠镇经济开发区金基产业园，车间及办公区约13000㎡。我司主要制造销售计算机零组件、转轴组件、组立件。项目总投资人民币壹亿元，位于六安市舒城县杭埠镇金基产业园金桂路。目前在职员工将近1100人。团队在持续扩展相关设备也在不断增加，有独立自主研发团队，我司是六安市百强企业，舒城县十强企业，有规范的财务和管理制度，被六安市经济和信息化局评定为“专精特新”企业，短短几年我们已取得400多项专利，并成为联想、华为、小米、acer、hp、dell等国际企业的优质供应商，在电脑转轴这一细分领域市场占有较高地位，笔记本转轴市场份额目前位居全球第一。2020年度产值达到4个亿，产能达到4000万,纳税达到两千三百多万。","https://www.zhaopin.com/jobdetail/CC462926530J40708715714.htm?refcode=4019&srccode=401901&preactionid=a7c1140f-c46c-45e5-b867-ab342d8bdc77"
2509,Java,西安-雁塔区,1.5-3万·14薪,华为云计算技术有限公司,云计算/大数据,20人以下,不需要融资,CCL1231880040J40824934208,【岗位要求】 1、熟悉Java、Python、Go等主流开发语言的一种； 2、熟练掌握mysql/redis数据库使用，熟悉linux操作系统及shell编程； 3、熟悉微服务开发模式，具有良好的编码规范意识。 【经验要求】 1、熟悉Spring、MVC等开发框架，具备Web产品和服务化开发能力者优先。 2、熟悉网络安全、计算机基本算法、网络通讯协议等相关计算机知识者优先。 【岗位职责】 1、承担公有云业务的分析、设计、开发工作； 2、能够在协助下完成微服务的上线、性能优化和维护工作。 【工作地点】 杭州、上海、西安、北京均可,7月21日,,"https://www.zhaopin.com/jobdetail/CCL1231880040J40824934208.htm?refcode=4019&srccode=401901&preactionid=a7c1140f-c46c-45e5-b867-ab342d8bdc77"
2510,科研人员,上海-浦东新区,1-1.8万,上海纳鸿微球科技有限公司,"新能源,新能源",20人以下,,CCL1459980710J40657820312,"复旦大学高分子科学系、聚合物分子工程国家重点实验室 聂志鸿教授团队（http://www.nielab.com） 聂志鸿教授，国家杰出青年基金获得者，复旦大学聚合物分子工程国家重点实验室特聘教授。主要研究方向为聚合物和粒子合成与自组装、生物成像与药物释放、仿生复合材料、微流控等。迄今在Science, Nat. Materials., Nat. Nanotech., J. Am. Chem. Soc., Angew. Chem. Int. Ed. 等期刊发表论文150余篇，论文被引用22000余次。曾荣获国家杰出青年科学基金、美国自然科学基金会杰出青年教授奖、3M公司青年教授奖、美国化学会石油研究基金奖、马里兰大学优秀教授奖等奖项。 科研助理招聘条件：  1、已获得或即将获得硕士学历，或“双一流”建设学校或专业本科学历。  2、发表过1篇及以上相关领域论文或专利，具备良好的科研思路和科研能力，热爱科研工作，能够吃苦耐劳，有较强的责任心和团队合作精神。  3、在聚合物粘结剂、固态电池、微纳加工等领域具有研究经验者优先考虑。   科研助理薪资待遇： 薪资一人一议，并根据科研成果发放额外的绩效奖励；提供优越的科研条件和稳定的支持，参与国家重大项目；表现优秀者，可优先推荐应聘学校公开招聘岗位。 联系方式：请应聘者将详细的简历（基本信息、教育经历、科研经历、科研成果、个人特长和所获奖项等）发送至*****************和*******************，主题请注明“应聘岗位+姓名”。",5月26日,上海纳鸿微球科技有限公司是由归国教授创办的高新技术企业，坐落于上海市浦东新区上海自贸壹号生命科技产业园。公司专注于高性能微球材料的研发、生产及销售，微球是国民经济发展中生物医药、先进制造和电子信息等新兴产业提供不可或缺的核心基础材料。公司坚持“以人为本，创新为魂，匠心筑梦”的经营理念。坚持底层技术创新和跨领域合作，实现高端微球材料进口替代，打造领先的微球材料品牌。,"https://www.zhaopin.com/jobdetail/CCL1459980710J40657820312.htm?refcode=4019&srccode=401901&preactionid=a7c1140f-c46c-45e5-b867-ab342d8bdc77"
2511,测试工程师,上海-松江区,8000-12000元,上海中科教育装备集团有限公司,"专用设备制造,专用设备制造,电气机械/电力设备",100-299人,不需要融资,CC266383780J40596361715,工作职责：  1、按照计划完成公司软件和应用的开发、测试工作,3月7日,"公司概况：上海中科教育装备集团有限公司成立于 2003年，经历20多年教育行业从业历史，致力于探索人工智能技术助力实验装备智造，为高中、初中和小学实验教学考评提升及实验室智能化装备提供一站式解决方案。是国内领先集研发、制造和销售为一体的教育装备智造企业，中科集团创全国教育装备智造之先，自 2013年开始持续投入研发关键技术，聚焦解决实验教学与考试中存在的难点问题，探索将物联网、大数据、人工智能等现代技术融入教育装备解决方案并在全国率先推出理化生实验操作人工智能自动评分系统，填补了国内空白。目前位于松江高新技术开发区，拥有多个生产研发基地，总占地面积108000平方米。2022年9月，入选人工智能国家队，获批建设智能教考国家新一代人工智能开放创新平台。公司的主要产品：公司致力于成为全球著名的教育仪器制造商，具有品种规格齐全，品质优良的仪器设备及研发和生产能力。公司产品主要定位于国内小、初、高市场，内部实施国家标准和企业标准，并可根据客户要求采用任何先进标准组织生产。实施特殊性能产品的个性化设计，对顾客进行指导和方法培训，满足多样化、个性化需求。企业组织文化：公司以面向全球、面向未来、建设国内企业为发展导向，确立了使命、愿景和核心价值观，并以振兴中国制造业的民族使命感激励全体职工为企业的共同理想而奋斗。使命：赋集 AI之能赋教育之兴,创造精品，奉献精品，最大限度地满足客户的需求，成为国内最有影响力、最有价值的教育仪器行业公司。愿景：集 AI创建智慧教育空间,架设探索未来桥梁,立足国内，构建和谐的文化系统，提升核心竞争力，塑造名牌名企形象，逐步将教育产品做精、做优、做强、做大，成为国内仪器行业中的领先者和最有价值的公司。价值观：创新、诚信、务实、共赢。","https://www.zhaopin.com/jobdetail/CC266383780J40596361715.htm?refcode=4019&srccode=401901&preactionid=a7c1140f-c46c-45e5-b867-ab342d8bdc77"
2512,硬件测试,焦作-山阳区,6000-9000元,重庆科满福人力资源服务有限公司,企业服务,20-99人,,CCL1487604860J40937017604,【岗位职责】 ： 1、进行新产品研发阶段的测试工作 2、完成新产品的功能测试、可靠性测试、环境测 试、安全测试等技术工作 3、制定测试计划，设计测试用例，分析测试数 据，编制测试报告 4、为其他部门提供技术支持，与其他部门的产品 联合测试工作 【薪资待遇】： 试用期：（试用期5350-转正6500）元/月＋300全勤+（300-800）元/岗位补贴+（1000-1500）元/月绩效+加班费=-6000-9000左右 ,7月29日,,"https://www.zhaopin.com/jobdetail/CCL1487604860J40937017604.htm?refcode=4019&srccode=401901&preactionid=a7c1140f-c46c-45e5-b867-ab342d8bdc77"
2513,科研人员,武汉-江夏区,2-3万,武汉赛瑞生物医药科技有限公司,医疗检测,300-499人,,CCL1335997050J40761996613,岗位职责： 1、负责公司科研项目的方案设计； 2、负责公司科研项目进展的跟踪； 3、负责公司科研团队的人员管理和工作安排； 4、负责公司项目的进展汇报。 任职要求 1、有肿瘤领域学术经验 2、发表过SCI论文5分及以上分数的研究成果 3、技能：常规细胞（肿瘤细胞）、分子、动物等方向实验、 4、丰富的科研经验，具备快速领悟及查阅新项目的能力； 5、生物相关软件及Office软件操作熟练； 6、沟通能力优秀。 7， 工作内容主要是项目设计和跟客户汇报 可能会涉及到带团队,2025年07月29日,,"https://www.zhaopin.com/jobdetail/CCL1335997050J40761996613.htm?refcode=4019&srccode=401901&preactionid=a7c1140f-c46c-45e5-b867-ab342d8bdc77"
2514,测试工程师,北京-None,2-3.5万,凌云光技术股份有限公司,"电子/半导体/集成电路,运营商/增值服务",1000-9999人,B轮,CCL1290237120J40795372113,岗位职责： 1、负责视觉类产品需求逐步分解测试规格，开展需求实现跟踪以及可靠性、可服务性、可制造性需求分析和积累 2、负责视觉类产品的测试平台、测试环境设计，开展测试方案挖掘和测试能力建设 3、负责重点视觉项目端到端测试方案和关键测试活动设计，把控器件类产品测试交付件质量和版本测试出口标准 4、开展在研、维护阶段问题分析和闭环，开展质量改进总结并推动开发设计整改 5、负责产品测试用例基线建设和维护，规划测试设备和环境搭建，管理 任职要求 1、本科及以上学历，电子、计算机、通信、自动化等相关专业； 2、6年以上硬件测试工作经验，熟悉IPD开发流程 3、熟悉信号完整性、电源完整性，有高速链路调试经验。 4、熟悉可靠性测试验证手段，具备FMEA分析能力，开展过HALT、HASS测试方案设计及执行经历优先 5、良好团队协作能力和沟通能力，较好的文档输出能力 6、可承受高强度工作压力，并保持对问题的敏感性和判断力,7月2日,工业智能化是世界主题，更是历史机遇。凌云光技术股份有限公司以光技术创新为基础，战略聚焦机器视觉业务，坚持“为机器植入眼睛和大脑”，为客户提供可配置视觉系统、智能视觉装备与核心视觉器件等高端产品与解决方案。我们始终坚持以客户为中心，赋能电子制造、新型显示、印刷包装、新能源，影视动漫、科学图像、轨道交通等行业的智能“制造”。目前公司2000余人，硕博25%，研发39%，管理战略理念前瞻。基于近30年在光学成像、视觉软件与算法、核心视觉部件等领域的技术积累，公司持续产品创新，努力成为客户最优的、战略的、信赖的和荣耀的选择。我们事业目的是以服务各个行业辛苦劳作的技工，专家和管理者，让他们的工作更加高效为宗旨。MVV凌云使命MISSION为机器植入眼睛和大脑，赋能光速互联，创造和实现客户梦想。凌云愿景VISION成为视觉人工智能与光电信息领域的全球领导者！企业核心价值观VALUE以推动行业发展为己任，集体艰苦奋斗。把知识转化为财富，让财富归属于它真正的创造者。,"https://www.zhaopin.com/jobdetail/CCL1290237120J40795372113.htm?refcode=4019&srccode=401901&preactionid=a7c1140f-c46c-45e5-b867-ab342d8bdc77"
2515,测试工程师,石家庄-桥西区,6000-10000元·13薪,河南瑞子电子科技有限公司,"互联网,计算机软件,船舶/航空/航天/火车制造,电子/半导体/集成电路",100-299人,已上市,CC840750980J40683613214,岗位内容 1.协助工程师对PCB设计开发，包括原理图设计、元器件选型、PCB布局、后续调试等; 2.协助工程师完成PCB相关测试方案的制定、实验及数据处理工作; 3.协助工程师解决生产过程中的技术问题，提供优化建议。 任职要求 1.熟练掌握PCB设计软件，如Altium Designer、PADS蒙 2.了解高速数字电路和模拟电路 3.了解电子元器件特性及其应用 4.具备较好的团队协作能力和沟通能力。,7月1日,"本公司成立于2018年，是一家致力于数据通信及网络技术的高新技术企业。公司尊重人才，以人为本，凝聚了一批具有丰富经验的技术人才和管理人才，随着我国信息产业的快速发展，公司抓住机遇，综合实力得到了迅猛提高。河南瑞子电子科技有限公司位于郑州市经开区产业开发区，业务覆盖全国。河南瑞子电子科技有限公司秉承""品质服务""的企业精神，本着客户至上、服务至上的原则，以过硬的技术团队，高质量的产品，为客户提供高品质的服务。河南瑞子电子科技有限公司拥有最优秀的高中层管理队伍，他们在技术开发、市场营销、金融财务分析等方面拥有丰富的管理经验。他们共同制定了公司的发展战略，带领聚瑞子全体员工逐步向信息化，国际化战略目标前进。河南瑞子电子科技有限公司致力于发展杰出的、突出团队精神的企业文化，建立合理、完整的人力资源结构。近几年来，围绕并服务于国民经济信息化工程建设，在金融、政府、中小企业等软件开发和系统集成领域开展了卓有成效的工作，展现了广阔的生存空间和发展前景。","https://www.zhaopin.com/jobdetail/CC840750980J40683613214.htm?refcode=4019&srccode=401901&preactionid=a7c1140f-c46c-45e5-b867-ab342d8bdc77"
2516,Java,长沙-岳麓区,1.8-3.5万·14薪,外企德科数字技术有限公司,专业技术服务,10000人以上,,CCL1480117890J40737332705,Java开发/Python开发/C++/C/软测/前端开发/持续集成等岗位；（无经验者可接受，学历要求本科）  部门：人工智能、云计算、终端、车等；,2025-07-27 00:23:29,外企德科数字技术有限公司是一家2023年新成立的中外合资企业。成立于2023年11月24日，公司定位：专注于为信息技术企业提供人才及数字技术外包解决方案的中外合资企业。它是由中国人力资源服务行业的FESCO（北京国际人力资本集团）与全球人力资源服务领导者The Adecco Group（德科集团）合资成立的。公司主要提供网络技术服务、软件外包服务、计算机系统服务、技术进出口、软件开发等信息技术相关服务。专注于为信息技术企业提供信息技术类人才及数字技术外包解决方案。,"https://www.zhaopin.com/jobdetail/CCL1480117890J40737332705.htm?refcode=4019&srccode=401901&preactionid=a7c1140f-c46c-45e5-b867-ab342d8bdc77"
2517,Java,广州-番禺区,6000-12000元,广州守云科技有限公司,"网络/信息安全,网络/信息安全,互联网,计算机软件",20人以下,不需要融资,CCL1402004080J40324664904,工作职责：,2月20日,广州守云科技有限公司，是一家致力于为个人及企业提供专业数据安全、网络安全服务的民营企业。本公司成立于2021年12月，注册资本100万元。公司目前位于广州市番禺区万博商业圈内，周边餐饮交通便利。守云科技始终坚持以科技创新为根本，以技术为追求，强化质量意识，推动技术创新。目前，我们正以数据安全、数据保护、网络安全等多个安全领域作为核心，对产品进行研发、强化、完善。期望为客户提供优质、可靠、高可用的安全领域产品。展望未来，守云科技将继续以专业、创新、诚信的工作态度，严谨的工作作风，高度的敬业精神，为客户带来更多的优质产品和服务。努力成为安全产品领域的一股新力量。,"https://www.zhaopin.com/jobdetail/CCL1402004080J40324664904.htm?refcode=4019&srccode=401901&preactionid=a7c1140f-c46c-45e5-b867-ab342d8bdc77"
2518,科研人员,郑州-管城回族区,8000-16000元·13薪,牧原实验室,学术/科研,100-299人,,CCL1241575100J40754207307,职位描述：  1、协助开展数据驱动优化辅助氨基酸生物合成方向研究，优化氨基酸生物合成的代谢途径设计和生产效率；,5月15日,,"https://www.zhaopin.com/jobdetail/CCL1241575100J40754207307.htm?refcode=4019&srccode=401901&preactionid=a7c1140f-c46c-45e5-b867-ab342d8bdc77"
2519,实施工程师,无锡-新吴区,6000-9000元,无锡传奇科技有限公司,"仪器仪表制造,电气机械/电力设备,计算机软件",20-99人,未融资,CC241194380J40706146910,岗位职责： 1、设备现场视觉系统的安装、调试、包括部分电气安装；  2、客户现场设备调试、包括验收测试及客户操作使用指导培训；  3、客户交流沟通，及时反馈设备运行状况和客户需求；  任职要求,2月12日,无锡传奇科技有限公司是一家专注于智能化装备、智能设备与控制系统、工业自动化等研发、设计、制造和销售的高新技术公司。自成立以来，公司坚持技术创新的路线，致力于上述领域的技术研发和应用。公司定位于高端智能装备研制与工业自动化产品研发，成功开发出一系列的智能产品已广泛应用于制药、食品、保健品、化妆品等生产领域，并获得客户的高度认可。公司的发展始终以为客户创造价值为核心，坚持科技创新和人才创造的理念，为客户提供领先的技术、高质量的产品和优质的服务。自成立以来，公司坚持技术创新的路线，致力于上述领域的技术研究和应用，目前已拥有8项计算机软件著作权、授权5项国家发明专利以及86项实用新型专利，另有10多项国家发明专利以及多项实用新型专利在审核中，形成了较为系统的自主知识产权体系，并通过了知识产权贯标绩效考核，通过了ISO9001质量体系认证，也被评为江苏省高新技术企业，市瞪羚企业、省专精特新企业。,"https://www.zhaopin.com/jobdetail/CC241194380J40706146910.htm?refcode=4019&srccode=401901&preactionid=a7c1140f-c46c-45e5-b867-ab342d8bdc77"
2520,实施工程师,南宁-青秀区,8000-16000元,青岛安然物联网科技有限公司,"物联网,物联网",20-99人,未融资,CC559764920J40565713704,需要弱电技术、自动化、安防系统、工业互联网+危化安全生产、物联网人才，不要纯软件人才。  你能经常到全国各地出差吗？你能到工业生产现场生产现场做技术支持吗？     真正的奋斗者在安然会有让人值得为之奋斗的事业，会有充实、高效的成长，会有高人一等的收入。,5月19日,基于精准人员定位的工业安全生产信息化管理专家，安全生产信息化管理引领者！作为全国实时定位技术标准工作组成员和应急管理部“工业互联网+危化安全生产”人员定位系统技术支持机构，安然从2012年起致力于基于ZigBee Plus三维立体按需精准定位的“工业互联网+安全生产”的研究，获得了20多项安全智能管控系统发明专利和著作权，持续引领中国化工行业生产现场智慧安全！安然以“准、稳、狠”的ZigBee Plus三维立体按需精准人员定位统和“底数清、数据准、情况明、研判准、措施实”的安全生产信息化平台为核心，整合访客管理、出入口控制、人脸识别、视频监控、语音广播、重大危险源监控、可燃有毒气体监测等系统，对生产现场人、机、料、法、环五大要素进行实时、动态、智能管控和预警，规范人的安全行为，保障人的生命安全，有效防范风险、主动化解风险，实现智慧安全。安然“以用为本”，把安全生产信息化建设与公司管理体系“深度融合”，把安全生产信息化建设与日常工作“紧密结合”，对安全生产切实“有用、实用、好用”，避免建用“两张皮”，让安全管控更智能，让生产更高效才实用。迄今已服务中石化、中石油、延长石油、国能、兖矿、京能、索普、新安、奇美、昊源、潞安、旭阳、垦利、逸盛、海科、酒钢、金发等几百家石化、化工、选煤、钢铁、电厂企业。安然以客户为中心，以强者为本，抬头乐干，愿意与同道中人联合、链接，携手共建、共用、共享生产安全命运共同体，一起干，一起干，让优秀企业更安全，让优秀企业更高效！,"https://www.zhaopin.com/jobdetail/CC559764920J40565713704.htm?refcode=4019&srccode=401901&preactionid=a7c1140f-c46c-45e5-b867-ab342d8bdc77"
2521,实施工程师,兰州-城关区,5000-8000元,兰州奥普信息技术有限公司,"仪器仪表制造,电子/半导体/集成电路,石油/石化,IT服务",20-99人,未融资,CC325447814J90250159000,,7月23日,兰州奥普信息技术有限公司（控股企业：北京奥普智信光科技术有限公司）是处于中国领先的光纤传感物联网和人工智能研发生产第一梯队。秉承“卓越始于创新”的企业宗旨，走创新发展之路，走高科技产业化之路，在光纤传感领域执著耕耘，研发和产业化具有中国光纤传感领域的主要技术性能指标领先的光纤传感物联网、人工智能系列产品。,"https://www.zhaopin.com/jobdetail/CC325447814J90250159000.htm?refcode=4019&srccode=401901&preactionid=a7c1140f-c46c-45e5-b867-ab342d8bdc77"
2522,软件测试,北京-朝阳区,8000-15000元,赤峰名扬艺声科技有限公司,计算机软件,20-99人,,CCL1506907830J40760241011,岗位内容： 1. 设计和执行测试用例，并记录测试结果。 2. 分析并报告软件缺陷，包括重现步骤、缺陷严重程度和影响范围。 3. 参与产品设计过程，提供测试建议和反馈。 4. 开发自动化测试脚本和工具。 5. 执行性能和负载测试的任务。 任职要求： 1. 具有大专以上学历，计算机科学或相关领域优先。 2. 熟悉测试方法论和流程，能够编写高质量的测试用例。 3. 熟练使用至少一种自动化测试框架和脚本语言（如Selenium、Python、Robot Framework）。 4. 了解软件开发周期和敏捷开发流程。 5. 优秀的沟通和协作能力，能够与跨部门的团队成员合作。,7月23日,,"https://www.zhaopin.com/jobdetail/CCL1506907830J40760241011.htm?refcode=4019&srccode=401901&preactionid=a7c1140f-c46c-45e5-b867-ab342d8bdc77"
2523,科研人员,南京-栖霞区,1.4-2.6万,国信蓝桥数字科技(天津)有限公司,学校/学历教育,100-299人,,CCL1504714850J40768962710,学历：硕士及以上 专业：计算机类、机械类、电气类、交通类、化学类、材料类,7月24日,,"https://www.zhaopin.com/jobdetail/CCL1504714850J40768962710.htm?refcode=4019&srccode=401901&preactionid=a7c1140f-c46c-45e5-b867-ab342d8bdc77"
2524,实施工程师,石家庄-新华区,5000-10000元,河北海宝卫生检测服务有限公司,"检测/认证,仪器仪表制造,医疗设备/器械,环保",20-99人,未融资,CC274803582J90250132000,岗位职责：现场设备检测 出具检测报告 提供住宿 任职要求：理工科专业（测控技术与仪器 预防医学 放射影像学 核物理 核工程与核技术 辐射防护等）专业毕业生，能出差，具有较强的责任心 职位福利：五险、节假日福利、免费体检,7月20日,有两个部门在招聘第一：爱柏特体检石家庄爱柏特医疗服务有限公司栾城区爱柏特门诊部是一家具有国际化水准的专业体检服务机构，坐落于石家庄栾城区，占地面积约10亩，建筑面积一万余平米。中心有5000千余平方米的体检场所，可同时容纳三百余人进行健康体检，中心为客户提供人性化医疗服务：体检中心环境优雅、男女分检、设有高端VIP贵宾专区，并为超级VIP客户提供高端入住一站式体检服务。体检中心拥有国际、国内一线品牌的高端医疗设备：1.5T超导核磁、低剂量螺旋CT、DR拍片机、数字乳腺钼靶、安翰机器人遥控胶囊胃镜、全自动生化分析仪、体检车等。依托省级三甲医院平台，主要岗位聘请省内知名专家坐诊，为受检客户提供权威性医疗质量把控。开展的体检服务有团体及个人健康体检、职业病体检、食品药品健康证体检、公共卫生健康证体检、入职体检、机动车驾驶员体检、国家机关公务员体检、征兵体检等。第二：河北海宝卫生检测服务有限公司成立于2010年，位于河北省省会石家庄市新华区，地理位置优越，办公环境优雅舒适，为每一位员工都提供了一个理想的工作空间。公司是拥有甲级资质的第三方技术服务机构，客户以行业优势明显的医疗机构为主体，业务范畴包含各行业的计量技术服务以及放射卫生技术服务，是行业内的国内知名企业。公司设置有计量检测校准（医疗设备一室医疗设备二室温湿度室压力室化学室等）放射检测评价部检测部个人剂量室质量控制部财务部市场部事业发展部等部门，功能分区合理齐全。公司注重人才培养，谋划未来发展空间。现有高级职称5人，硕士研究生3人，技术力量雄厚，注重文化品牌建设，倡导人性化管理，打造国内技术和服务一流的知名企业。公司愿景：创建业内最具影响力的知名企业公司文化：诚信的海宝严谨的海宝奋进的海宝,"https://www.zhaopin.com/jobdetail/CC274803582J90250132000.htm?refcode=4019&srccode=401901&preactionid=a7c1140f-c46c-45e5-b867-ab342d8bdc77"
2525,技术支持工程师,西安-莲湖区,6000-9000元,位来小猎(宁波)信息技术有限公司,"计算机软件,专业技术服务",100-299人,A轮,CCL1320375780J40768493407,大模型产品技术支持,7月1日,位来小猎成立于2018年1月，2019年6月完成A轮融资；聚焦行业精华，利用后发优势，在1年以内成为行业黑马公司。核心团队成员均有十年以上的人力资源经验，具备丰富的人力资源专业知识和项目实践，服务众多500强企业和知名互联网公司。位来小猎掌握专业领域核心资源，团队迅速扩张，以北京为中心，在全国建立了10家分公司及办事处，业务覆盖全国。现有300+名员工，派遣、外包员工10000+名；服务客户包括国家体育总局，百度，网易，物美多点，美团，字节跳动，喜马拉雅，作业帮，得物，VIPKID，瓜子，京东，拼多多，喜茶，中国人保等。位来小猎以互联网为载体，依托于位来小猎平台、微信公众号、入职有赏微信小程序上活跃的海量求职者资源，核心业务包括人才外包、专业招聘、业务外包、转编服务和灵活用工等。服务行业涉及全国各领域，其中包括社交电商，旅游酒店，互联网（教育），新零售，金融和国家单位等。位来小猎以“把求职者的未来当做自己的未来”为核心价值，希望通过我们专业的服务和不懈的努力，帮助求职者找到更合适、更有发展前景的工作，破冰职场迷茫，为未来指引方向。一直以来，位来小猎秉承以专业诚信为核心，在专注人力资源服务的同时，为众多求职者解决就业问题，优质、用心的服务赢得了众多用户的好评与信赖。除此之外，公司还建立了完善的服务体系，为求职者在工作中遇到的所有问题和困难提供指导帮助。我们相信，通过我们的不断努力和追求，一定能够创造我们和求职者更好的未来！,"https://www.zhaopin.com/jobdetail/CCL1320375780J40768493407.htm?refcode=4019&srccode=401901&preactionid=a7c1140f-c46c-45e5-b867-ab342d8bdc77"
2526,科研人员,烟台-福山区,1.5-3万,山东隽秀生物科技股份有限公司,医疗设备/器械,100-299人,,CC576034620J40727074502,招聘计划：面向全球招聘全职博士后，条件优秀的也可兼职。  科研地点：烟台市黄渤海新区隽秀生物科技产业园,6月26日,山东隽秀生物科技股份有限公司成立于2012年，由海外高层次留学人才回国创立，是国家级高新技术企业、国务院侨办重点华侨华人创业团队企业、山东省“专精特新”中小企业、山东省瞪羚企业。建有占地2.06万㎡、建筑面积达3.56万㎡的隽秀生物科技产业园。公司聚焦再生医学领域高端医疗器械及合成生物原料研发、生产和销售，建有博士后科研工作站、海外高层次人才工作站等人才载体平台，研发团队由全职引进的多名国家级和省级科研专家领衔。公司自主研发的创新型核心产品覆盖神经修复、口腔医学、生殖健康、骨修复等组织再生医学领域，多项技术达到国内领先或国际先进水平。首款上市产品脱细胞基质周围神经修复膜，是全球第一款也是目前唯一一款以神经细胞外基质为有效成分的产品，其技术属国际领先、国内一流，有效打破了国外垄断。隽秀生物一直坚持“科技创新，互助共赢”的发展初心，肩负“发展高科技，服务大健康”的企业使命，致力于做中国高端医疗器械领军企业。,"https://www.zhaopin.com/jobdetail/CC576034620J40727074502.htm?refcode=4019&srccode=401901&preactionid=a7c1140f-c46c-45e5-b867-ab342d8bdc77"
2527,技术支持工程师,济南-历城区,4000-8000元,山东领亿智能技术有限公司,"通信/网络设备,人工智能",20-99人,未融资,CC827447660J40486896107,一、岗位职责： 1、负责项目实施前的沟通与协调，办理项目实施手续。 2、负责对接和沟通客户需求，对客户提出的问题进行解答。 3、负责现场设备的安装、调试、技术培训等项目实施工作。 4、组织项目验收与交付工作。 5、负责设备维护，运行问题解决等售后服务工作。 二、岗位要求： 1、电气自动化、机电一体化等相关专业，本科学历。 2、有相关电气设备安装，调试，维修等相关工作经验，适应长期出差。 3、具有良好的客户沟通能力，较强的服务意识，吃苦耐劳，勤奋踏实。 4、有相关工作经验者优先录用。,7月9日,山东领亿智能技术有限公司是上海柔克智能科技有限公司全资子公司，柔克智能是国家电网十大供应商之一，专业从事智能科技领域产品研发、生产、销售和服务的高新技术企业。专注于人工智能、机器人自动控制、图像分析与智能视频分析、无人机巡检解决方案等高新领域的研发应用。并分别获得高新技术企业认证、AAA级信用企业认证、质量环境管理体系认证等。发明专利30余项。柔克智能秉承“产品一流、项目一流、服务一流”的企业精神和强烈的品牌意识、以雄厚的技术实力，卓越的产品性能、诚信的售后服务，受到业界的高度评价和用户的充分肯定。领亿智能和上海柔克智能保持并行，致力于技术创新、资本、人才于一体，保持企业稳定可持续发展。以”满足核心需求、谋求合作共赢“的核心理念为驱动，不断以新的高品质产品和精益求精的服务奉献于行业用户，为中国机器人产业的发展贡献力量！,"https://www.zhaopin.com/jobdetail/CC827447660J40486896107.htm?refcode=4019&srccode=401901&preactionid=a7c1140f-c46c-45e5-b867-ab342d8bdc77"
2528,实施工程师,重庆-南岸区,100-200元/天,重庆制导科技有限公司,企业服务,20-99人,不需要融资,CCL1435038320J40782096514,重庆制导科技有限公司是一家助力科技研究，科技进步，科技创新的平台。 招聘岗位：微电子/单片机/嵌入式/软件/硬件/系统开发人才 招聘人数：6人。 岗位要求：专业优先满足电子信息工程 、电气工程 、电子科学与技术 、计算机科学与技术 、自动化 、物联网工程 、微电子科学与工程 、集成电路设计 、材料科学与工程 、人工智能 、机器人工程通信工程 、工业工程。且思维活跃，善于沟通，责任心、上进心强。 岗位职责：早上9点到地点工作，完成专业任务(围绕创赛，完成单片机，微电子等工作内容） 工作地点：重庆邮电大学校内 工作待遇：80元/天-200元/天 （生活地址位于重庆的最好）,7月24日,,"https://www.zhaopin.com/jobdetail/CCL1435038320J40782096514.htm?refcode=4019&srccode=401901&preactionid=a7c1140f-c46c-45e5-b867-ab342d8bdc77"
2529,测试工程师,重庆-綦江区,100-150元/天,重庆开拓卫星科技有限公司,船舶/航空/航天/火车制造,20-99人,A轮,CCL1233818950J40768776310,职责描述： 1、学习并负责公司产品的环境试验类工作，主要试验项目：振动试验、高低温试验、热真空试验。 2、学习并负责试验方案设计及试验实施，试验系统日常维护管理。 3、学习并负责试验数据分析、试验报告编制； 任职要求： 1、本科大四学生，理工科专业，成绩优异，綦江人优先。 2、细致、认真、负责，作风严谨。 工作时间：8:30-18:00 中午1.5个小时休息时间，周末双休 福利待遇： 实习补贴2700元/月，提供早、午餐，节假日福利。 上夜班，夜班频率： 两月有7天左右，夜班补贴：200元/天（实习补贴以外） 职位亮点：企业内部试验室，商业航天公司。 工作地点 ：綦江区桥河工业园区微电子产业园（205公交车航墙站）,7月23日,重庆开拓卫星科技有限公司目前共有员工40余人，团队研发及生产人员占比91.3%，专业涵盖卫星产品生产、卫星工程（结构力学、姿轨控、星务计算机、热控、数传载荷、总体电路），星座建设，卫星测控，卫星应用服务全产业链。团队具备扎实的卫星系统设计能力，曾参与试验卫星四号、新技术验证一号、开拓一号A/B星、脉冲星试验卫星、天平一号A/B星、云海二号、京师一号等十多颗卫星的论证、制造、管理和运营，熟悉航天行业的技术准则、行业标准和设计生产制造流程，具有丰富的设计生产经验，对于商业航天的发展方向有着清晰的判断。2019年开拓卫星落户綦江，2020年9月28日，开拓卫星的生产线建成，具备每年为200颗卫星配套相关产品的能力。随着国内外商业航天的快速发展，市场对于性能品质、系统成本、交付周期以及模块化的单机产品要求越来越高。公司团队结合最新的工业技术水平，另辟蹊径，创新性地以工业级材料和元器件为基础，辅以完备的环境适应性保证技术体系，以更低的成本和更短的研制周期打造出高性能、低成本、高可靠、模块化、快响应的单机产品，从根本上解决商业微小卫星单机产品需求的矛盾和痛点。基于深厚的航天技术积累、丰富的卫星系统设计经验和高性能、低成本的单机产品生产能力，团队得到了国内(银河航天、天仪研究院、九天微星、未来导航科技等)以及国外(空客防务)商业航天公司的认可青睐，在单机、整星和卫星应用等多方面开展良好的业务合作。为推进航天科普教育，开拓卫星在重庆市綦江区建有2500㎡的航天主题科普展馆，并配有专业有趣的科普课程，面向广大青少年开放。目前展馆已获得“全国科普教育基地”、“重庆市科普教育基地”、“綦江区中小学社会实践基地”等称号，累计为上万名中小学生和社会公众开展航天科普教育。里程碑及成绩2015年9月20日，开拓一号卫星成功发射入轨。首批高性价比卫星产品得以首次在轨验证；2016年10月10日，脉冲星导航试验卫星成功发射入轨。第二批高性价比卫星产品在轨验证并应用；2018年11月20日，某型微纳卫星成功发射入轨，高性价比卫星产品体系建立完成并规模化应用；2019年9月12日，京师一号卫星成功发射入轨，新一代卫星电源的核心产品——太阳电池片实现在轨验证与应用；2020年6月30日，基于某星座需求的太阳电池阵产品完成全部地面试验工作，具备正样研制条件；2020年9月28日，开拓卫星的生产线建成，具备每年为200颗卫星配套相关产品的能力。2021年10月14日，开拓卫星太阳电池阵产品随“微厘试验卫星”和“大气密度卫星”在太原成功发射，在轨运行状态良好。开拓卫星有完善的培训、职级和薪酬管理制度，公司关注每位员工的成长，我们所做的事情都是为了人以及公司的成长。无关成长为什么样子，成长本身就是目的。员工福利：入职买五险一金、提供工作餐、公租房住宿、节假日礼品、每年体检、年终奖、带薪年假、团建旅游等,"https://www.zhaopin.com/jobdetail/CCL1233818950J40768776310.htm?refcode=4019&srccode=401901&preactionid=a7c1140f-c46c-45e5-b867-ab342d8bdc77"
2530,前端开发,广州-白云区,3000-6000元,广州合泰医疗科技有限公司,生物工程,20-99人,,CCL1311859050J40716722303,1. 负责公司Web应用的前端开发； 2. 设计、编码、测试、优化前端应用； 3. 与后端团队合作完成项目； 4. 持续迭代产品，保持系统稳定、安全； 5. 编写相关文档，与其他部门配合落地产品。 感兴趣联系我，欢迎加入我们的团队！,4月4日,,"https://www.zhaopin.com/jobdetail/CCL1311859050J40716722303.htm?refcode=4019&srccode=401901&preactionid=a7c1140f-c46c-45e5-b867-ab342d8bdc77"
2531,C/C++,深圳-龙岗区,1-2万·15薪,武汉中君和人力资源有限公司,"人力资源服务,人力资源服务",20人以下,未融资,CC716454480J40657205806,一、岗位职责： 1. 负责C/C++语言软件开发及维护。 2. 参与软件需求分析与设计。 3. 完成编码、测试、上线等软件开发工作。 二、岗位要求： 1. 熟悉C/C++编程语言。 2. 具备良好的软件设计能力和编程习惯。 3. 有较强的团队协作和沟通能力。,7月4日,"武汉中君和人力资源有限公司（Wuhan Chinese Harmony Human Resources Co., Ltd）是由武汉市工商行政管理局批准成立，经武汉市劳动和社会保障局认定，有独立法人资格的综合性人力资源公司。我们是专业的人力资源服务供应商（高端猎头）和战略合作伙伴，中君和的核心团队来自外企高管、排名前十猎企专业人士，目前专注聚焦于“行业+职能”的猎头细分赛道，在国内处于领先优势。公司拥有广泛的资源和高效的团队，辅助政府引智工程，配合“百万大学生”留汉计划，为企业提供整体人才解决方案。","https://www.zhaopin.com/jobdetail/CC716454480J40657205806.htm?refcode=4019&srccode=401901&preactionid=a7c1140f-c46c-45e5-b867-ab342d8bdc77"
2532,实施工程师,徐州-贾汪区,4000-8000元,徐工集团工程机械股份有限公司建设机械分公司,通用设备制造,1000-9999人,,CC505395620J40804079303,1.市场产品的维护：承担海外区域市场产品的包内、包外故障的检查、维修工作；承担海外区域市场产品的走访工作；承担海外区域市场产品的新车交接；根据客户要求，指导产品保养  2.技术改进：承担海外区域市场产品支持需求的提报；根据技术通知要求，承担海外市场产品的技术升级工作；配合技术部门对试制产品质量、效果进行跟踪；,6月24日,徐工建机是国内最大的研发、生产、销售履带起重机的专业化公司，市场占有率在国内稳居首位。目前，公司已形成桁架臂履带起重机、伸缩臂履带起重机、多功能履带起重机等产业集群，为核电、石化、风电、海洋工程、大型场馆等工程领域提供成套化解决方案，引领履带起重机行业发展。自主研制的“世界第一吊”四千吨级履带起重机XGC88000，成功入选央视《大国重器》《超级装备》等纪录片，是享誉全球的知名产品。聚焦“国际化”主战略，打造“世界级”品牌，公司产品远销70多个国家和地区，参建非洲最大炼油厂、世界第一高楼等重大项目，至今保持着行业内最大吨位履带起重机的出口和出境纪录，展现了中国装备制造业走向世界的高端制造水平。,"https://www.zhaopin.com/jobdetail/CC505395620J40804079303.htm?refcode=4019&srccode=401901&preactionid=a7c1140f-c46c-45e5-b867-ab342d8bdc77"
2533,技术支持工程师,保定-竞秀区,3000-6000元,北京华电德高科技有限责任公司保定分公司,电力/水利/热力/燃气,100-299人,,CC264481330J40637024301,一、岗位职责： 1、为销售人员提供技术支持； 2、协助公司解决生产技术问题 。 二、任职要求： 1、电力电气专业、机械设计制造专业，大专或以上学历；  2、35岁以下、身体健康；   3、有良好的职业素养、爱岗敬业；,8月13日,北京华电德高科技有限责任公司成立于2013年，为国家级高新技术企业。专注于将目前国内最前沿、最有效解决磨损腐蚀问题的高能激光熔覆技术运用于民用领域，致力于帮助客户解决其它技术无法克服的严重磨损腐蚀问题。华电德高从2013年开始已经帮助一百多台锅炉成功解决了其它技术无法克服的局部严重磨损/腐蚀问题，无一例外都取得了良好效果，最长案例已实现10年零维护。客户包括五大发电集团及众多地方电厂。华电德高是目前国内唯一拥有大量长期运行业绩、能切实有效解决严重磨损/腐蚀问题的企业。,"https://www.zhaopin.com/jobdetail/CC264481330J40637024301.htm?refcode=4019&srccode=401901&preactionid=a7c1140f-c46c-45e5-b867-ab342d8bdc77"
2534,硬件测试,宜宾-叙州区,3000-6000元,四川驰硕新能源科技有限公司,电气机械/电力设备,20-99人,不需要融资,CCL1277553950J40751364401,岗位职责： 1.根据测试任务安排完成测试，及时反馈测试进度及异常； 2.编辑测试流程并核对测试数据； 3.整理测试数据，并按要求存放指定路径； 4.定期检查设备运行状态，填写设备使用记录； 5.现场6S相关工作的执行与支持。 岗位要求： 1.大专及以上学历，2025届工科毕业生皆可（电子类专业）； 2.具备以下条件优先考虑： a.具有电池行业测试工作经验。 b.熟悉电池测试方法及设备。 3.良好的执行力，能吃苦耐劳，服从管理。,7月22日,,"https://www.zhaopin.com/jobdetail/CCL1277553950J40751364401.htm?refcode=4019&srccode=401901&preactionid=a7c1140f-c46c-45e5-b867-ab342d8bdc77"
2535,测试工程师,开封-龙亭区,8000-12000元,河南歌络影视传媒有限公司,新媒体,20人以下,,CCL1495955890J40793572203,岗位职责： 1.负责中央域控制车身、网关、诊断等功能系统测试 2.根据产品需求设计测试方案和测试用例| 3.根据测试用例执行手工测试，反馈跟踪产品BUG及用例缺陷 4.搭建测试台架，进行台架及实车测试 5测试工具/系统研究和应用任职要求：   1.18-30岁，经验不限，毕业一年以上，大专及以上学历|   2.对互联网感兴趣，能够长期发展   3.学习能力强，有较强的沟通能力以及逻辑思维能力   岗位福利:   1.周未双休，法定假日固定休息(带薪休假):   2.公司会组织不定时团建，下午茶等福利待遇;   3.节日红包:开年红包、年终红包、生日礼物、结婚红包。,2025-07-27 01:06:56,,"https://www.zhaopin.com/jobdetail/CCL1495955890J40793572203.htm?refcode=4019&srccode=401901&preactionid=a7c1140f-c46c-45e5-b867-ab342d8bdc77"
2536,测试工程师,泉州-丰泽区,5000-6000元,天阳科技,"计算机软件,计算机软件",1000-9999人,已上市,CC120408370J40308532508,1.全国项目驻场测试，主要负责功能、数据或接口等相关测试工作；  2.统招本科学历及以上（学信网可查）；毕业满2年；计算机专业优先；  3.热爱软件测试行业、有强力的自驱力，能够在测试岗位深入学习研究；  4.有无经验均可，服从公司安排，接受公司培养，可接受异地工作优先；  福利待遇：  上市公司，公司可以提供住宿，提供五险一金；  欢迎符合要求的小伙伴们投递~,7月24日,天阳科技(股票代码：300872)，是全球金融创新服务的重要贡献者，持续赋能中国金融行业数字化转型，为客户提供咨询、金融科技产品、金融IT服务、云计算及运营服务。公司成立于2003年，服务超过300家金融行业客户，覆盖中央银行、政策性银行、国有银行、股份制银行、地方性商业银行、非银行金融机构等，员工人数近7000人，成为激活金融领域创新活力、推动金融科技迈入世界领先水平的重要力量。作为金融行业客户可信赖的合作伙伴，天阳科技凭借丰富的行业经验和端到端的专业服务，在信创、数字化金融、信贷、交易银行、信用卡、零售、营销、风险管理、征信监管等众多领域具备核心竞争力。据赛迪和IDC报告显示，近年来公司在中国银行业IT解决方案市场排名强势崛起，2019年收入及市场占有率综合排名分别位列第四位和第五位，并保持高速增长。同时，前瞻商业和科技趋势，入选2021年度未来银行科技服务商TOP100。天阳科技始终聚焦金融科技领域，加大自主创新力度，在超过100个城市建立本地化、专业化的研发和服务团队，拥有CMMI5级认证、软件测试成熟度模型集成（TMMi）3级认证、ISO9001质量管理体系认证、ISO20000信息技术服务管理体系认证、IS027001信息安全管理体系认证。通过部署人工智能、云计算、大数据、移动互联网、分布式计算和区块链等先进金融科技，公司致力于构建安全可控、普惠民生、开放共赢格局，在关键技术领域服务现代化金融发展大局，更好地为各利益相关方创造更大价值，为大中企业、小微企业以及每个个体提供优质金融服务。,"https://www.zhaopin.com/jobdetail/CC120408370J40308532508.htm?refcode=4019&srccode=401901&preactionid=a7c1140f-c46c-45e5-b867-ab342d8bdc77"
2537,科研人员,北京-大兴区,1-1.1万,中国生物多样性保护与绿色发展基金会,社团/组织/社会保障,100-299人,不需要融资,CC280433630J40683688201,职位描述： 1.计算机专业博士做博士后，方向：生物多样性人工智能；  2.基因专业博士做博士后，方向：环境DNA，地球DNA计划；,3月3日,中国生物多样性保护与绿色发展基金会(简称中国绿发会）是经国务院批准成立，中国科学技术协会主管，民政部注册的全国性公益公募基金会，长期以来致力于生物多样行保护与绿色发展事业。,"https://www.zhaopin.com/jobdetail/CC280433630J40683688201.htm?refcode=4019&srccode=401901&preactionid=a7c1140f-c46c-45e5-b867-ab342d8bdc77"
2538,科研人员,深圳-光明区,3-4万,深圳先进光源研究院,学术/科研,300-499人,未融资,CCL1257318640J40570289406,岗位职责: 1.参与各系统设计与建设，包括产业发展需求分析、设计各系统科学目标及功能、性能指标，完成项目实施与测试验收等； 2.研制重要设备和原位装置，开发自动化、智能化程序与数据采集软件等； 3.其他相关专业工作。   任职要求: 1.博士研究生学历； 2.熟练掌握专业领域内相关知识、前沿技术与工具使用； 3.良好的学习能力、沟通能力、抗压能力，有相关专业工作经验者尤佳。,10月24日,深圳先进光源研究院（原深圳综合粒子设施研究院）是深圳市委市政府贯彻落实“双区驱动”和创新驱动发展国家重大战略、支撑粤港澳大湾区综合性国家科学中心建设而设立的新型科研机构。研究院于2020年5月13日获批成立，2025年3月26日更改为现名，是具有独立法人资格的公益性事业单位，实行理事会领导下的院长负责制，不定编制，不定级别，实行社会化用人制度和自主管理运营。研究院紧密围绕高水平建设综合性国家科学中心战略目标，面向国民经济主战场和世界科技前沿，承担“世界一流、深圳特色”的标志性、稀缺性、先进性的重大科技基础设施和重大科研平台的建设运营任务，服务集成电路、生物医药、先进材料和先进制造等大湾区高新技术产业，以及产业核心关键技术发展相关的物理、化学、生物、材料、医学等多学科世界科技前沿研究。当前主要承担建设深圳中能高重复频率X射线自由电子激光装置（深圳自由电子激光装置）。研究院坐落在粤港澳大湾区综合性国家科学中心主阵地——光明科学城大科学装置集群核心区内，规划总建筑面积超过35万平方米。目前，研究院在岗职工超过300人，其中约90%的职工具有研究生学历，已组建了一支由院士领衔、各级人才为骨干、结构合理、富有朝气和创新精神的科学研究和工程技术团队。研究院聚焦粤港澳大湾区科技创新和产业发展需要，依托相关领域内的核心技术攻关、重点设备研发、工程技术难题研究，积极实施科技成果转化“沿途下蛋”，探索新型的开放共享运营机制，提供优质高效的科技资源供给，助力大湾区建成全球科技创新高地和新兴产业重要策源地。,"https://www.zhaopin.com/jobdetail/CCL1257318640J40570289406.htm?refcode=4019&srccode=401901&preactionid=a7c1140f-c46c-45e5-b867-ab342d8bdc77"
2539,技术支持工程师,烟台-福山区,1.2-1.5万,美瑞新材料股份有限公司,"化学原料/化学制品,化学原料/化学制品",300-499人,已上市,CC661475320J40792476203,岗位职责：,5月22日,美瑞新材料股份有限公司简介美瑞新材料股份有限公司成立于2009年6月，坐落于美丽的海滨城市烟台。主要从事热塑性聚氨酯弹性体（TPU）的研发、生产与销售。公司成立6年来，所创品牌mirathane�在界内获得极大市场美誉度。目前拥有国内专业技能强、行业经验丰富、对公司文化认同度较高的优秀员工团队。核心专业技术从业人员均为在TPU领域有着10年以上的管理、生产、研发经验，可以对公司的配方技术、生产技术和应用技术持续开发以满足客户需求，形成了公司的核心竞争力和广阔的产品应用前景。国内一流的标准化TPU生产厂房已经全面投产，国内一流的研发中心也在拔地而起。公司拥有一流的实验室和实验设备，包括近红外分析仪、全自动色差仪、差示扫描量热仪、库伦法自动水分仪、ZWICK熔指仪、注塑机、高低温湿热试验箱、DIN磨耗仪、硬度计、拉力机等国内外先进的实验和检测设备，能够为项目研究提供及时有效准确的检测和分析。同时，配置了小试及中试设备反应双螺杆挤出机、小试及中试发泡装置，为科研成果向产业化的转化提供了硬件保障。公司凭借自主掌握的研发技术、制造工艺与客服支持，以及持续创新能力，在公司产品范围内，已具备一定与国内外企业相竞争的实力。未来，公司将进一步加大对人才与技术的投入力度，以保持产品性能的优异性、稳定性与创新性。美瑞坚持以人为本，提倡人文关怀，为员工提供了完善的薪酬体系、内部培训机制与工作环境。始终坚持人岗匹配、以德为先、公平公正、有为有位、创新机制、愿景留人的人才理念。请加盟我们！在美瑞，积极的人生态度、创新的工作理念、永不言弃的奋斗精神将会让我们共同绽放奇迹！,"https://www.zhaopin.com/jobdetail/CC661475320J40792476203.htm?refcode=4019&srccode=401901&preactionid=a7c1140f-c46c-45e5-b867-ab342d8bdc77"
2540,测试工程师,郑州-金水区,9000-12000元·13薪,郑州轻电汽车科技有限公司,汽车零部件,100-299人,,CCL1484747070J40750877511,岗位内容： 1. 开发基于机器视觉、激光雷达等传感器的智能驾驶系统算法； 2. 负责智能驾驶系统中车辆定位、避障、路径规划等核心功能的设计和实现； 3. 解决智能驾驶系统在复杂场景下的问题，并进行优化。 任职要求： 1. 大专及以上学历，计算机、自动控制或相关专业背景； 2. 精通C/C++编程语言，深入理解数据结构与算法； 3. 熟练掌握机器视觉、激光雷达等传感器原理、应用以及处理方法； 4. 具有实际的智能驾驶系统开发经验，熟练掌握ROS、PCL等开源框架者优先。,7月16日,,"https://www.zhaopin.com/jobdetail/CCL1484747070J40750877511.htm?refcode=4019&srccode=401901&preactionid=a7c1140f-c46c-45e5-b867-ab342d8bdc77"
2541,硬件测试,无锡-江阴市,4000-8000元,江阴市天马电源制造有限公司,"电气机械/电力设备,电气机械/电力设备,仪器仪表制造,专用设备制造",300-499人,未融资,CC215976410J40824047708,1 配合维护与公司质量相适应的本部门的质量管理体系，并确保其正常运转,7月17日,"天马电源（TMPOWER）始自1979，是目前中国领先，规模最大的表面处理电源供应商，致力于向客户提供创新的满足其需求的产品、服务和解决方案，为客户创造长期价值和潜在增长。天马产品和解决方案涵盖电镀，氧化，电泳，电解，水处理环保等领域，为客户提供硅整流，可控硅，高频开关，脉冲电源四大系列二十多个品种，是日本三社电机的合作伙伴，韩国九重秀电机的合作伙伴。天马在日本大阪已经建立营业所。目前公司占地面积2.5万平方米，拥有冷作、前处理磷化线、喷塑、变压器、线路板焊接、电器安装、总装等多个生产车间，年产能力2亿元。天马设有江阴市电子研究所一个，与中科院半导体研究所，华南理工大学，江南变流与控制实验室等名校共建实验室四个。公司现有员工140人,各类专业技术人员17名，先后引进享受国务院津贴专家1名、高级工程师5名，同时通过友商日本三社电机，韩国九秀重电机多年的生产制造培训，拥有一大批在质量控制和生产工艺上有着丰富经验的制造工程师。天马有日本工程师常驻公司分别指导、管理销售部、技术部、质量部。天马是一个有志于奋斗者的平台，努力、拼搏、共同实现自己的梦想，体现自己的个人价值！","https://www.zhaopin.com/jobdetail/CC215976410J40824047708.htm?refcode=4019&srccode=401901&preactionid=a7c1140f-c46c-45e5-b867-ab342d8bdc77"
2542,前端开发,上海-浦东新区,1.5-3万·14薪,陕西慧云联达企业管理咨询有限公司,人力资源服务,20-99人,不需要融资,CCL1445845820J40773151605,岗位内容： 1. 开发响应式Web页面和功能组件，确保优秀的用户体验 2. 与后端开发人员合作，实现应用程序的完整性和可维护性 3. 设计和实现复杂的前端UI交互，并在跨浏览器环境中进行测试和故障排除 任职要求： 1. 精通HTML、CSS和JavaScript，并熟悉至少一种主要的前端框架（如React或Angular） 2. 具备良好的沟通能力和团队合作精神，有解决问题的能力和创新思维,5月7日,陕西慧云联达企业管理咨询有限公司成立于2022年9月，是一家集高端猎头服务与专业代理记账报税业务于一体的综合性企业服务提供商。自成立以来，我们秉承“智聚英才，财通未来”的企业理念，致力于为国内外企业客户提供精准高效的人力资源解决方案及一站式财务管理服务，助力企业稳健成长，共创辉煌。,"https://www.zhaopin.com/jobdetail/CCL1445845820J40773151605.htm?refcode=4019&srccode=401901&preactionid=a7c1140f-c46c-45e5-b867-ab342d8bdc77"
2543,技术支持工程师,武汉-东西湖区,5000-10000元,北京华腾盛和科技有限公司,"电力/水利/热力/燃气,新能源",20-99人,未融资,CCL1224370520J40696539502,岗位职责： 1、负责项目现场的设备调试工作； 2、保证项目设备及技术资料的完整性、有效性； 3、工程项目的售后服务工作及客户关系的维护； 4、负责工程项目技术资料的编写、备份； 5、负责协助销售、财务人员进行项目的技术配合支持类工作； 6、负责项目投标技术文件的编写，项目中的技术支持工作； 7、完成领导交办的其他任务。   任职资格： 1、电气工程及自动化、机电一体化、电力电子、计算机、网络安全、仪器仪表等相关专业专科及以上学历； 2、具备质量意识和项目管理意识，富有团队合作和创新进取的精神； 3、良好的沟通及协调能力，较强的学习能力，可承担压力较大且富有挑战性的工作； 4、熟练掌握使用AUTOCAD及相关软件，读懂电气及二次图纸； 5、能适应工程现场出差（长期短频出差方式）； 6、具有电力系统二次专业知识和经验者优先。   福利待遇： 1、周末双休 、法定节假日休息 2、带薪年休假 3、年终奖、绩效奖金 4、五险一金 5、年度体检 6、员工意外险 7、生日礼物 8、节日礼物 9、团建活动 10、北京市工作居住证 11、优秀员工可推荐党员   晋升渠道： 项目调试工程师-项目经理-高级项目经理 公司简介：  华腾盛和总部位于北京，是一家拥有全自主知识产权，专注电网发、输、配、用各环节二次产品的研发、生产、销售和服务，提供一体化解决方案的高新技术企业公司，并与浙江大学、中国电科院、清华大学等科研单位深度合作。,2月11日,北京华腾盛和科技有限公司成立于2019年11月6日，是一家具备自主知识产权，集产品研发、生产销售、服务和解决方案为一体的高新技术企业，公司专注于能源行业数据采集、传输、控制和优化等技术，主要在电力系统厂站自动化、电网调度监视控制、发电厂运行控制以及虚拟电厂运行控制等方面为客户提供设计、产品、调试服务、运维服务、优化分析咨询等产品、服务及成套解决方案。下设上海、武汉南京、呼和浩特、西安4个分公司。南京、锡林浩特2个分支机构。公司业务与三大电网公司、能源集团及发电企业、电力用户及综合能源聚合商、中国电科院、清华大学、浙江大学等高校及IEEE PES智慧楼宇、负载和客户系统技术委员会等研究单位建立了深度合作关系，,"https://www.zhaopin.com/jobdetail/CCL1224370520J40696539502.htm?refcode=4019&srccode=401901&preactionid=a7c1140f-c46c-45e5-b867-ab342d8bdc77"
2544,测试工程师,杭州-滨江区,8000-13000元,紫光云数,"通信/网络设备,IT服务",1000-9999人,未融资,CC466500680J40142581404,岗位职责： 服务器/交换机硬件测试工程师，从事硬件测试、维护等硬件工作。 包括硬件设计审查、硬件信号测试、硬件功能验证、硬件可靠性测试等。 任职要求： 1.电子、通信、计算机相关专业本科以上学历； 2.有通信行业或电子产品的硬件工作经验优先；  3.学习能力强、有一定的抗压能力、有良好的团队协作精神。 备注：此岗位与紫光云数签合同，工作地点长期稳定在新华三总部（杭州滨江区长河路466号）！ 职位福利：五险一金、定期体检、带薪年假、通讯补助、试用期全额、周末双休 ,5月20日,"紫光集团旗下紫光云数科技有限公司（以下简称紫光云数）在南京市完成注册，注册资金10亿人民币,以北京为市场及管理总部，以南京和杭州为研发总部依托，同时，设有北京运营中心和杭州运营中心，南北三地互相协同。紫光云数是紫光集团“从芯到云”战略的有机组成部分，其业务定位于为企业级用户提供投资、融资、建设、运营的一体化新IT解决方案的运营服务。紫光云数将在IT投资融资、智慧城市建设与运营、云计算和大数据等领域提供新IT运营服务，也将承担新华三集团的融资项目，为新华三集团提供新的运营类商业模式。紫光云数科技有限公司紧跟社会和经济发展的大潮流，着眼于互联网和计算机软件的开发服务。目前的紫光云数科技公司处于发展阶段，是一个具有巨大潜力的新兴创业公司，紫光云数将紧承紫光集团的宗旨、目标、发展战略，发展自身优势，将自身打造成一个中国高科技领域的具有强大竞争力和生命力的企业。","https://www.zhaopin.com/jobdetail/CC466500680J40142581404.htm?refcode=4019&srccode=401901&preactionid=a7c1140f-c46c-45e5-b867-ab342d8bdc77"
2545,前端开发,东营-东营区,6000-8000元,山东科美人和新能源科技有限公司,新能源,100-299人,不需要融资,CC842710830J40689412006,岗位职责： 1.负责云服务平台前端页面及控件开发；  2.负责低代码平台源码开发；  3.负责数字孪生电站3D控件开发；  4.负责云服务平台手机端APP开发；  5.根据项目需求，进行相应页面及手机APP前端展示的开发工作。      岗位要求：,7月26日,山东科美人和新能源科技有限公司位于山东省东营市，专注于燃气发电领域的技术研发与集成化解决方案，致力于成为分布式燃气利用及能源装备的技术驱动者。公司以燃气发电机组为核心业务，涵盖控制系统研发、乏风氧化装置制造、工业物联网开发及燃气电站建设运营，形成覆盖研发、生产、交付的一站式服务体系，产品已应用于瓦斯、沼气等清洁能源发电场景。企业核心团队深耕燃气内燃机行业逾二十年，80%员工拥有本科及以上学历，研发人员占比达45%，与清华大学、山东大学等高校建立产学研合作。旗下拥有西安科美动力、航天基地思普动力等子公司，其中有3家子公司为国家级高新技术企业，东营本地企业为山东省专精特新中小型企业。公司技术成果填补了燃气内燃机控制与执行部件国产化空白，业务覆盖全球50余个国家和地区，在细分领域形成差异化竞争力。公司秉持“科技、未来、合作、声誉”理念，公司持续强化技术转化能力，布局工业物联网与智慧能源服务。其燃气发电机组及控制技术已通过严格行业认证，为矿山、环保等领域提供高效可靠解决方案，以技术驱动助力绿色能源发展。,"https://www.zhaopin.com/jobdetail/CC842710830J40689412006.htm?refcode=4019&srccode=401901&preactionid=a7c1140f-c46c-45e5-b867-ab342d8bdc77"
2546,C/C++,西安-雁塔区,7000-12000元,维塔士电脑软件（西安）有限公司,"计算机软件,游戏",1000-9999人,D轮及以上,CC555067120J40316369311,"西安维塔士正在寻找杰出的人才作为游戏开发人员加入我们的团队。作为一位游戏程序员，您将与技术总监、技术组长还有客户紧密合作，参与到次世代主机游戏的研发工作。欢迎热爱游戏行业的同学们加入我们。 工作职责： 1、 在项目中辅助主程序员，向主程序员汇报； 2、 高效高质完成任务； 3、 使用代码管理系统整合已完成的任务； 4、 问题出现后进行沟通交流并找出最佳解决方案。 职位要求： 1、 计算机科学或软件工程专业本科以上学历； 2、 良好的英语沟通能力，通过英语六级优先； 3、 精通C++语言； 4、 态度积极，具备解决问题的能力； 5、 热衷于游戏，并有志加入游戏行业。 工作职责: * Report directly to the Lead software engineer * Assist Lead software engineer in the project * High quality and efficient completion of tasks * Use code management system to integrate completed task * Carry out the communication problem and find the best solution 职位要求： * Minimum a bachelor degree in computer science or software engineering from prestigious universities * Good communication skills in English, CET 6 is required * Good knowledge about C++ * Active and problem-solving skills * Passionate about game and willing to start career in game industry * Fresh graduates are welcome to apply for this position 职位福利：五险一金、绩效奖金、餐补、带薪年假、弹性工作、节日福利 ",7月10日,"公司现状维塔士，全球最大的游戏开发商之一，专攻主机和手游设备领域内的3D美术及游戏软件开发。我们在新加坡、中国、越南、加拿大、法国、日本、爱尔兰和美国都设有工作室。我们拥有1500多名全职游戏制作专家，多年来致力于AAA级主机游戏、PC游戏和手机游戏的开发与3D美术制作，为客户实现收入的增长和制作效率的提升。我们的成就十多年以来，维塔士已经为超过1100个项目提供了高质量的内容。从道具和角色的美术制作，到为AAA级游戏打造完整关卡，我们的客户包括众多著名独立工作室和世界顶级数码娱乐公司20强中的18家。新近参与制作的电影包括《星球大战8》、《雷神3》、《变形金刚》等。新近参与制作的游戏包括《看门狗》、《剑网3》、《怪物猎人OL》、《神秘海域4》、《光晕5》等。身为中国数码娱乐行业游戏人才的第一选择，维塔士为我们的成员们提供参与全球最大游戏和电影项目的机会。我们的目标是通过为全球的游戏开发商提供最佳质量的游戏和美术，成为NO.1的游戏设计制作者。维塔士期待所有热爱游戏的年轻人能够加入我们和我们一起燃烧游戏魂，成为NO.1您也可以发送中英文简历和求职信到hr.xian@virtuos.com.cn(西安），hr@virtuos.com.cn(上海)，hr.chengdu@virtuos.com.cn(成都)，并在邮件主题中注明应聘职位,在邮件中说明信息来源。应聘三维美术师/原画职位，请附上手绘（素描、水彩）和三维/2D作品样本。请以附件形式发送作品，链接无效。欢迎关注微信官方账户“维塔士招聘”公司网站：http://www.virtuosgames.com.cn","https://www.zhaopin.com/jobdetail/CC555067120J40316369311.htm?refcode=4019&srccode=401901&preactionid=a7c1140f-c46c-45e5-b867-ab342d8bdc77"
2547,科研人员,福州-长乐区,1.5-3万·13薪,南京驰讯人力资源有限公司,人力资源服务,20人以下,未融资,CCL1487435840J40761840911,必备条件:,7月24日,,"https://www.zhaopin.com/jobdetail/CCL1487435840J40761840911.htm?refcode=4019&srccode=401901&preactionid=a7c1140f-c46c-45e5-b867-ab342d8bdc77"
2548,C/C++,湖州-德清县,1-2万,浙江桃园智能科技有限公司,电气机械/电力设备,20-99人,天使轮,CC722995830J40805051603,岗位职责 1.负责自动化设备上位机软件的设计与开发，特别是基于 MFC 的界面编程。,7月22日,浙江桃园智能科技有限公司成立于2018年5月，注册资本为2000万元人民币（实到2000万元），由总部位于杭州的浙江桃园科技有限公司全资投资设立。公司坐落于湖州阜溪街道新丰北路。公司主要从事智能电磁阀驱动芯片、电磁阀测试系统、智能电磁线圈及智能电磁阀的研究与开发。公司产品的核心技术是由企业董事长陶国良教授领军研发的国家专利产品--电磁阀智能驱动芯片。作为浙江大学流体动力及机电系统国家重点实验室教授，陶国良从事机电自动控制技术的相关研究已有二十余年。其带领的团队就是国内最早致力于研究电磁阀性能和相关技术的团队，而由团队潜心研发的电磁阀智能驱动技术早在五、六年前就已经在国内一些知名电磁阀生产企业中得到应用。“电磁阀在线”平台已经成为国内外电磁阀生产厂家用于电磁阀可靠性测试的标配，国际首创的电磁阀智能驱动芯片、智能电磁线圈及智能电磁阀已经在液压、气动、流体阀门等行业得到了广泛的应用。2018年落户地信小镇当年，公司就获得了湖州市“南太湖精英计划”的认可和扶持。2019年又荣获德清县年度省级专项资金项目（软件创新能力产业化）资助。公司的经营团队和核心技术以及所从事的行业得到了地方政府的充分认可。公司于2018年落户地信小镇以后，就购入2000多平米的房产，公司总部和研发中心随即由杭州迁入德清。2018年下半年及2019年的主要工作是大楼的装修以及实验室和生产线的建设。建成了一条全自动芯片贴片流水线。目前已经建成电磁阀技术研发中心、智能测试实验室、智能芯片车间、智能线圈车间等。公司已经进入核电、高铁等高端业务市场，占领了行业技术的制高点，填补了国内智能电磁阀研发、检测技术的空白，逐步建立起智能电磁阀研制及测试技术的行业领导者地位，为公司即将开展的高端电磁阀国产化打下了扎实的基础。,"https://www.zhaopin.com/jobdetail/CC722995830J40805051603.htm?refcode=4019&srccode=401901&preactionid=a7c1140f-c46c-45e5-b867-ab342d8bdc77"
2549,实施工程师,上海-浦东新区,7000-9000元,深圳市共济科技股份有限公司,"计算机软件,IT服务",500-999人,未融资,CC145235980J40814235603,工作职责： 1、负责数据中心项目 设备进场、安装调试、设备变更、系统自检、沟通协调、产品培训、验收交付等工作； 2、根据项目计划和要求，按时、保质保量地完成项目实施，配合项目经理达成项目交付目标（验收、回款、质量、成本、客户满意度）； 3、负责项目现场安装管理，安排和指导安装工人或外包人员日常工作； 4、及时向上级汇报业务进展，每日编制施工日志，并提交合规的、准确的日常报表及业务数据报告； 5、完成项目产品技术资料、操作使用手册、项目验收及竣工文档等相关资料编制和整理。 任职资格 1、大专及以上学历，计算机、通讯、电子、自动控制等专业优先； 2、具备较强的责任心、抗压性、沟通力、动手能力，适应长期出差； 3、1年以上数据中心、建筑智能化、运维、IT类安防、系统集成等相关弱电行业项目现场实施工作经验者优先； 4、能熟练使用AUTOCAD、PROJECT等相关工程实施软件者优先。,7月18日,"共济科技成立于1996年，是国家级高新技术企业，专业的数据中心系统集成产品及整体解决方案服务商。由共济自主研发的监控管理系统连续两年列入国家重点新产品、深圳市高新技术产业化示范工程项目，获得过软件产业专项资金、科技型企业创新基金的资助，并荣获深圳市优秀新软件产品奖、先进软件产品奖、科学技术进步奖、自主创新百强企业等荣誉。共济拥有10余年的成功经验，5000多经典案例，产品广泛应用于银行、基金、证券、保险、税务、电力、电信、政府、军队、广电传媒、地产、教育等各个领域。目前已成为国内数据中心监控领域著名品牌。公司总部位于深圳国家级软件园，毗邻清华、北大深圳研究院、深圳大学等高等学府基地。在全国设有北京、上海、广州、重庆等30多个办事处。遍布全国的服务网点：网上在线客服，400服务热线, 7×24小时为客户提供优质服务。共济企业宗旨：为全球数据中心提供安全、高效、可靠、便捷的IT监控管理及运维服务。共济核心价值观：真诚、用心、创新、分享。共济企业愿景：成为全球一流的IT监控管理及运维服务专家。共济经营理念：分享梦想，分享智慧，分享成就。共济的人才观：需要正直，富有创新精神，及强烈进取心的人。共济的人才发展观：培养是根本。","https://www.zhaopin.com/jobdetail/CC145235980J40814235603.htm?refcode=4019&srccode=401901&preactionid=a7c1140f-c46c-45e5-b867-ab342d8bdc77"
2550,测试工程师,郑州-二七区,8000-12000元·13薪,河南慈韵信息科技有限公司,网络/信息安全,20人以下,,CCL1491249780J40743218701,岗位职责: 1.协助进行新能源车载测试工作，确保测试流程的顺利进行 2.配合团队完成日常测试任务，记录并分析测试数据 3.支持团队成员，确保测试设备的正常运行和维护 任职要求: 大专及以上学历，要求可以接受去外地，应届生无经验可以接受，但是只接受可以长期发展者 1.具备良好的沟通能力，能够有效协调团队合作 2.能够快速学习并适应新的工作环境和任务 3.对新能源汽车科技有浓厚兴趣，愿意在实践中不断提升自我 4.可熟练使用日常办公软件; 5.具备一定的抗压能力，有责任心，吃苦耐劳;具备良好的人际沟通、协调能力;具有创新意识和团队合作精神 薪资待遇： 月综合8k-12k 五险一金 双休,6月8日,慈韵网络科技有限公司是一家具有前瞻性部署，专业化运作和规模化经营的公司，公司拥有一支年轻而富有创造力的核心团队。通过搭建账号，持续输出优质内容来运营账号。为企业获得潜在用户，公司年轻人居多，工作氛围好，晋升空间明显，可提供长期发展,"https://www.zhaopin.com/jobdetail/CCL1491249780J40743218701.htm?refcode=4019&srccode=401901&preactionid=a7c1140f-c46c-45e5-b867-ab342d8bdc77"
2551,前端开发,成都-武侯区,150-200元/天,四川省红广科技有限公司,"IT服务,电子商务",20人以下,未融资,CCL1256870950J40699269106,前端助理实习岗： 1、协作管理项目、完成项目，项目产品需求分析、概念原型设计、交互逻辑设计，参与产品开发整个周期； 2、协助项目模块需求分析、设计、制作与测试工作； 3、负责项目优化，使用户操作趋于人性化，满足项目要求。 4、熟练html、JavaScript等原生Web开发软件，原生开发JS；  5、能编写高效、清晰、易于维护的代码；   6、须相关专业毕业，有意愿本行业发展。   实习要求：     1.本科及以上学历，学习能力强；    2.软件开发相关学习、工作经验，擅长和团队合作，具备很好的沟通和协调能力    3.有软件工作相关实习经验。    4、需有相关学历、资质证书。    5、早九晚六，双休。,7月29日,四川省红广科技有限公司：专业直播综合服务。,"https://www.zhaopin.com/jobdetail/CCL1256870950J40699269106.htm?refcode=4019&srccode=401901&preactionid=a7c1140f-c46c-45e5-b867-ab342d8bdc77"
2552,软件测试,西安-雁塔区,4000-8000元,西安软玥信息技术有限公司,计算机软件,20-99人,未融资,CCL1476319810J40595574415,岗位职责：,11月14日,西安软玥公司成立于2023年，主要致力于计算机软硬件及辅助设备批发；计算机软硬件及辅助设备零售；集成电路销售；集成电路芯片及产品销售；计算器设备销售；软件销售；电子产品销售；终端测试设备销售；互联网数据服务；网络技术服务；软件开发；软件外包服务；网络与信息安全软件开发；数字文化创意软件开发；集成电路设计；信息系统集成服务；物联网技术服务；数据处理和存储支持服务；信息技术咨询服务；数据处理服务；动漫游戏开发；计算机系统服务；信息咨询服务（不含许可类信息咨询服务）；市场营销策划；图文设计制作；企业管理咨询；专业设计服务；技术服务、技术开发、技术咨询、技术交流、技术转让、技术推广。·工作氛围超nice，能力提升UP UP·绩效奖金拿到手软，每一分付出都能看见回报…,"https://www.zhaopin.com/jobdetail/CCL1476319810J40595574415.htm?refcode=4019&srccode=401901&preactionid=a7c1140f-c46c-45e5-b867-ab342d8bdc77"
2553,实施工程师,晋中-榆社县,8000-14000元,青岛安然物联网科技有限公司,"物联网,物联网",20-99人,未融资,CC559764920J40823509404,需要弱电技术、自动化、安防系统、工业互联网+危化安全生产、物联网人才，不要纯软件人才。  你能经常到全国各地出差吗？你能到工业生产现场生产现场做技术支持吗？   真正的奋斗者在安然会有让人值得为之奋斗的事业，会有充实、高效的成长，会有高人一等的收入。   你能做好售前技术支持、根据客户需求，高效制作方案吗？你能做好售中技术支持、指导他人正确安装、部署、调试系统向用户保质保量快速交付吗？你能做好售后维护，高效沟通和落实客户需求吗？   迄今已服务中石化、中石油、延长石油、国能、兖矿、京能、索普、新安、奇美、昊源、潞安、旭阳、垦利、逸盛、海科、酒钢、金发等几百家石化、化工、选煤、钢铁、电厂企业。    安然以客户为中心，以强者为本，抬头乐干，愿意与同道中人联合、链接，携手共建、共用、共享生产安全命运共同体，一起干，一起干，让优秀企业更安全，让优秀企业更高效！,7月17日,基于精准人员定位的工业安全生产信息化管理专家，安全生产信息化管理引领者！作为全国实时定位技术标准工作组成员和应急管理部“工业互联网+危化安全生产”人员定位系统技术支持机构，安然从2012年起致力于基于ZigBee Plus三维立体按需精准定位的“工业互联网+安全生产”的研究，获得了20多项安全智能管控系统发明专利和著作权，持续引领中国化工行业生产现场智慧安全！安然以“准、稳、狠”的ZigBee Plus三维立体按需精准人员定位统和“底数清、数据准、情况明、研判准、措施实”的安全生产信息化平台为核心，整合访客管理、出入口控制、人脸识别、视频监控、语音广播、重大危险源监控、可燃有毒气体监测等系统，对生产现场人、机、料、法、环五大要素进行实时、动态、智能管控和预警，规范人的安全行为，保障人的生命安全，有效防范风险、主动化解风险，实现智慧安全。安然“以用为本”，把安全生产信息化建设与公司管理体系“深度融合”，把安全生产信息化建设与日常工作“紧密结合”，对安全生产切实“有用、实用、好用”，避免建用“两张皮”，让安全管控更智能，让生产更高效才实用。迄今已服务中石化、中石油、延长石油、国能、兖矿、京能、索普、新安、奇美、昊源、潞安、旭阳、垦利、逸盛、海科、酒钢、金发等几百家石化、化工、选煤、钢铁、电厂企业。安然以客户为中心，以强者为本，抬头乐干，愿意与同道中人联合、链接，携手共建、共用、共享生产安全命运共同体，一起干，一起干，让优秀企业更安全，让优秀企业更高效！,"https://www.zhaopin.com/jobdetail/CC559764920J40823509404.htm?refcode=4019&srccode=401901&preactionid=a7c1140f-c46c-45e5-b867-ab342d8bdc77"
2554,Java,武汉-江夏区,1.2-2.4万,外企德科数字技术有限公司,专业技术服务,10000人以上,,CCL1480117890J40793567605,岗位职责 参与软件系统的需求分析、设计、开发、测试和维护；  编写高质量、可维护的代码，优化系统性能和稳定性；  与产品经理、测试工程师等协作，确保项目按时交付；  持续学习新技术，优化现有代码架构，提升开发效率；  编写技术文档，参与代码评审，确保代码符合规范。 任职要求： 计算机科学、软件工程或相关专业本科及以上学历（或具备同等能力）；  熟练掌握至少一门主流编程语言（如Java/Python/C++/JavaScript/Go等）；  熟悉常用数据结构和算法，具备良好的编程习惯；  了解数据库（SQL/NoSQL）和基本网络通信（HTTP/TCP/IP）；  熟悉Git版本控制，掌握基本的Linux命令；  具备良好的问题分析和解决能力，团队协作精神强。 ,2025-07-27 00:25:59,外企德科数字技术有限公司是一家2023年新成立的中外合资企业。成立于2023年11月24日，公司定位：专注于为信息技术企业提供人才及数字技术外包解决方案的中外合资企业。它是由中国人力资源服务行业的FESCO（北京国际人力资本集团）与全球人力资源服务领导者The Adecco Group（德科集团）合资成立的。公司主要提供网络技术服务、软件外包服务、计算机系统服务、技术进出口、软件开发等信息技术相关服务。专注于为信息技术企业提供信息技术类人才及数字技术外包解决方案。,"https://www.zhaopin.com/jobdetail/CCL1480117890J40793567605.htm?refcode=4019&srccode=401901&preactionid=a7c1140f-c46c-45e5-b867-ab342d8bdc77"
2555,测试工程师,合肥-蜀山区,6000-12000元·13薪,合肥昱驰真空技术有限公司,"电子/半导体/集成电路,电子/半导体/集成电路",20-99人,B轮,CCL1295732590J40927581004,1. 负责维护和调试公司现有的嵌入式软硬件，并整理相关技术文档； 2. 完成新产品的系统联调、测试、试产验证，能发现相关的问题和缺陷； 3. 完成公司或部门交予的其他工作任务。 任职资格 1、电子信息技术、自动化等电子类本科学历以上； 2、熟悉嵌入式C语言的编写和调试； 3、熟悉各种硬件接口及各种主流通讯总线协议，包括CAN/UQRT等；,7月3日,合肥昱驰真空技术有限公司是一家致力于将国家科技部重大仪器仪表专项“超高真空大抽速磁悬浮复合分子泵“科技成果进行转化的高科技企业。创业团队专注于分子泵领域已有二十余年，自主创新研制了具有自主知识产权的超高真空大抽速磁悬浮复合分子泵，实现了磁悬浮超高真空分子泵产品的产业化生产，最终摆脱高端分子泵依赖国进口的现状，解决了磁悬浮分子泵这一关键部件对我国半导体产业、新能源、新材料、航空航天等领域的卡脖子问题。昱驰真空已成功开发出2700L、3300L、4500L的磁悬浮分子泵，在工业领域、半导体领域、泛半导体领域积极布局、大力推广。目前昱驰真空已引入大唐电信（600198.SH）、华润微（688396.SH）、长江创新（000783.SZ）、龙芯中科（688047.SH）、国投创业、季华璀璨投资、飞图创投等产业投资人的战略投资，以期实业报国，为半导体产业链的国产化贡献自己的力量。昱驰真空自成立以来高速发展，总部位于合肥，在北京、上海均开设业务机构，目前已建立了机加中心及组装测试中心，生产及办公厂房近1万平米，期待志同道合的朋友加入昱驰真空，共创辉煌！,"https://www.zhaopin.com/jobdetail/CCL1295732590J40927581004.htm?refcode=4019&srccode=401901&preactionid=a7c1140f-c46c-45e5-b867-ab342d8bdc77"
2556,Java,哈尔滨-南岗区,2000-3000元,黑龙江邮政易通信息网络有限公司,计算机软件,100-299人,,CC158129520J40637354701,岗位职责 1.协助完成现有项目的模块开发任务； 2.参与新功能的设计与实现； 3.对代码进行单元测试以确保质量； 4.学习并应用新的技术，提高工作效率； 5.与团队成员紧密合作，解决项目开发过程中的技术问题。 任职资格 1.2026年毕业，计算机科学或相关领域的本科及以上学历在校学生； 2.熟悉Java编程语言，了解面向对象设计原则； 3.具备基本的数据结构和算法知识； 4.有Spring Boot、Mybatis框架使用经验者优先； 5.了解HTML5、AJAX、JQuery、CSS3等前端技术，有使用经验者优先； 6.熟悉SQL语句及MySQL等关系型数据库操作； 7.熟练使用Git版本控制工具； 8.良好的英语读写能力； 9.具备良好的沟通能力、学习能力和团队协作精神；  10.本科及以上学历。,6月29日,黑龙江邮政易通信息网络有限责任公司（以下简称易通公司）隶属于中国邮政集团公司，是中国邮政集团公司核心信息技术支持、软件研发单位之一。公司是以软件开发、系统集成与运维、电子商务及供应链物流云服务（SaaS）为主营业务的高新技术企业；公司在邮政、供应链与物流等领域设有金融、供应链与电子商务、物流、大数据四大事业部，一个云计算与服务支持中心，服务面向全国。公司拥有一只以专家为带头人、博士与硕士为骨干的具有创新意识和合作精神的人才队伍。依托服务邮政行业优势与雄厚技术业务实力，经过十多年的积累，企业已发展成为集邮政、供应链与物流、电子商务、数据分析、金融结算等多个领域的信息化解决方案提供商，并以SaaS运营模式为社会提供供应链与物流管理软件云计算服务。,"https://www.zhaopin.com/jobdetail/CC158129520J40637354701.htm?refcode=4019&srccode=401901&preactionid=a7c1140f-c46c-45e5-b867-ab342d8bdc77"
2557,Java,沈阳-沈河区,4000-7000元,辽宁博颂科技有限公司,计算机软件,300-499人,,CCL1491329400J40717266601,岗位内容： 1. 设计、开发并维护Java应用程序。 2. 解决各种技术难题，保证代码的可靠性、高效性和安全性。 3. 参与软件设计的讨论和计划制定。 4. 与其他团队成员协作工作，提高团队整体技术水平。 任职要求： 1. 熟悉Java语言及相关技术，熟悉Spring框架。 2. 具有扎实的编程基础和良好的面向对象编程思想。 3. 对常见数据库如MySQL、Oracle等有一定的了解和应用经验。 4. 对Web开发技术有深入理解，熟悉前端技术如HTML、CSS、JavaScript等。  5.可接受应届生，提供转正,3月28日,,"https://www.zhaopin.com/jobdetail/CCL1491329400J40717266601.htm?refcode=4019&srccode=401901&preactionid=a7c1140f-c46c-45e5-b867-ab342d8bdc77"
2558,实施工程师,西安-未央区,4000-5000元,陕西堃雷数字科技有限公司,互联网,20-99人,,CCL1242158960J40784591914,岗位职责： 1、参与化工企业信息化项目实施服务工作；  2、负责项目过程中的需求收集和沟通、系统安装部署、客户培训及系统维护；  3、编写项目过程中所涉及的项目文档，配合项目经理完成项目交付及项目验收；  4、解决项目过程中遇到的问题，并及时记录反馈；  5、收集并整理项目过程中遇到的产品问题，和研发部门进行对接，跟进问题解决情况；  6、负责用户培训、用户答疑等工作，为用户提供技术支持。 任职要求： 1、大专及以上学历，计算专业、化工、信息相关专业优先。 2、能接受公司派遣或出差至项目所在地现场驻场办公；  3、可接受综合素质较佳的应届生做为培养。     职位福利：绩效奖金、通讯补助、餐补，节日福利    ,2025年07月30日,陕西堃雷数字科技有限公司致力于信息化建设总体规划、涉及和咨询服务及项目实时服务的科技公司，主要面向能源化工行业提供全面的生产管控、能源管控及供应链等领域的整体解决方案及分析服务。公司简称：堃雷数字，成立于2016年，一直在行业深耕，不断进步！目前合作单位遍布全国，现因业务扩大，诚邀您的加入！,"https://www.zhaopin.com/jobdetail/CCL1242158960J40784591914.htm?refcode=4019&srccode=401901&preactionid=a7c1140f-c46c-45e5-b867-ab342d8bdc77"
2559,实施工程师,阜阳-颍州区,6000-10000元,东华医为科技有限公司,"IT服务,IT服务",1000-9999人,未融资,CC649781480J40171736905,1、学习能力强，能较快掌握和应用新技术； 2、具备较好的独立解决问题的能力； 3、有较强的适应能力、吃苦耐劳、能担重任； 4、工作敬业，责任心强，能够按照规定的工作流程开展工作； 5、积极主动，发现问题及时提出意见和建议； 6、善于沟通，有较好的表达能力和职业素质； 7、有团队协作精神，能够与各方面的领导和同事融洽合作； 8、有一定的编程基础，至少会Java、VB、VC、C、Delphi之一种计算机语言； 9、能胜任长期出差。职位福利：五险一金、绩效奖金、加班补助、包住、带薪年假、定期体检、周末双休 ,2025-07-27 01:11:53,东华医为科技有限公司（简称东华医为）成立于2012年5月，注册资金5000万，是东华软件股份公司旗下专业服务医疗、卫生等大健康领域IT业务的全资子公司。东华医为现有员工2000余人，其中技术人员占比达到90%，拥有近100项大健康类自主知识产权的软件产品，所覆盖的大健康领域有医疗机构、卫生管理机构、互联网医疗、人工智能、大数据、健康管理等，所涉及的主要业务有IT咨询规划、方案设计、系统集成、软件开发与交付、工程实施与交付、人才培养、售后运维、合作运营等。东华医为现为全国500余家大健康领域的各类用户提供着持续的技术服务，还连续多年蝉联中国十佳医疗行业解决方案商榜首。传承了东华软件医疗卫生事业部近二十年IT业务的东华医为，在高速发展的大健康领域，笃定能大有作为。,"https://www.zhaopin.com/jobdetail/CC649781480J40171736905.htm?refcode=4019&srccode=401901&preactionid=a7c1140f-c46c-45e5-b867-ab342d8bdc77"
2560,技术支持工程师,西安-雁塔区,6000-9000元,西安洛科电子科技股份有限公司,"仪器仪表制造,石油/石化,电子/半导体/集成电路",100-299人,A轮,CC341380810J40619351104,统招本科，自动化，电子信息，电气工程，机械设计及自动化、石油相关专业，社招或应届生均可。 【职责描述】： 1.负责公司仪器的调试工作，现场安装，技术指导，调试条件建设等。 2.负责对接用户的产品使用培训与技术交流。 3.协调各方关系，维护项目文档，及时反馈产品信息。 4.使用万用表，示波器等设备。 【任职要求】： 1. 有C1驾照，对制造业智能仪器有兴趣并有意向长期在该领域发展; 2.动手能力强，有责任感，注重团队合作，有进取心 3.掌握模拟电路、数字电路方面知识 4.接受长期驻地油田现场，新疆、天津、大庆、辽河、陕北等。 *六险一金，弹性工作时间，管住宿,7月24日,"公司创于2007年,是一家集研发、制造、销售、服务为一体的数智化高端装备研发制造生产型企业。总部位于西安市高新区锦业路69号创业研发园，曾先后被评为陕西省“专精特新”企业、高新技术企业、西安市工程技术研究中心，专业从事石油智能高端装备制造17年。公司招聘秉持着“高、精、尖”的原则，管理团队有多年从事石油智能增产、测井、试井等仪器仪表、井下工具的研发，生产和服务方面的丰富经验，并与清华大学、中国石油大学（北京）、西安石油大学等高校建立了产学研合作关系。市场范围除了国内的“中石油、中石化、中海油、中化集团”外，也在筹备开拓海外市场。公司每年需要新增至少50名以上的优秀人才。","https://www.zhaopin.com/jobdetail/CC341380810J40619351104.htm?refcode=4019&srccode=401901&preactionid=a7c1140f-c46c-45e5-b867-ab342d8bdc77"
2561,测试工程师,南京-建邺区,1.3-1.8万·13薪,方得(青岛)人力资源有限公司,咨询服务,20-99人,,CCL1462672470J40736800816,岗位职责： 1. 负责软件的功能测试。 2. 执行测试用例，报告缺陷并跟踪缺陷的修复。 3. 与开发团队协作，确保软件质量满足需求。 4. 参与软件测试流程的优化和改进。 岗位要求： 1. 熟悉软件测试理论、方法和流程。 2. 具备功能测试经验。 3. 了解运维工程师、网络工程师的工作内容，能进行基本的IT质量管理。 4. 有信息技术、标准化、电子或电路工程相关背景者优先。 薪资待遇：包住、六险一金、工龄工资、生日礼金、定期体检、带薪年假、绩效奖、项目奖、年终奖.,7月28日,,"https://www.zhaopin.com/jobdetail/CCL1462672470J40736800816.htm?refcode=4019&srccode=401901&preactionid=a7c1140f-c46c-45e5-b867-ab342d8bdc77"
2562,硬件测试,焦作-山阳区,6000-9000元,重庆科满福人力资源服务有限公司,企业服务,20-99人,,CCL1487604860J40937002404,【岗位职责】 ： 1、进行新产品研发阶段的测试工作 2、完成新产品的功能测试、可靠性测试、环境测 试、安全测试等技术工作 3、制定测试计划，设计测试用例，分析测试数 据，编制测试报告 4、为其他部门提供技术支持，与其他部门的产品 联合测试工作 【薪资待遇】： 试用期：（试用期5350-转正6500）元/月＋300全勤+（300-800）元/岗位补贴+（1000-1500）元/月绩效+加班费=-6000-9000左右 ,7月29日,,"https://www.zhaopin.com/jobdetail/CCL1487604860J40937002404.htm?refcode=4019&srccode=401901&preactionid=a7c1140f-c46c-45e5-b867-ab342d8bdc77"
2563,前端开发,保定-莲池区,7000-10000元,点动科技(保定)有限公司,"智能硬件,电气机械/电力设备",20-99人,未融资,CC305465880J40761863109,岗位职责： 1、负责物联网前端应用的设计与开发，包括但不限于Web应用、移动应用等； 2、根据业务需求，进行技术选型，实现高性能、高应用、易维护的全段应用； 3、参与项目评审，为项目提供前端技术建议和解决方案； 4、持续优化前端性能，提升用户体验； 5、跟踪前端技术动态，不断学习新技术，提高自身技术水平。 任职要求： 1、大专及以上学历，计算机相关专业； 2、熟练掌握JavaScript、HTML、CSS等前端技术，熟悉主流前端框架（如React、Vue等）； 3、对物联网技术有一定了解，有相关项目经验者优先； 4、有良好的代码习惯，注重代码可读性和可维护性； 5、具备良好的团队协作精神，善于沟通，能够承受一定的工作压力； 6、对前端技术有浓厚兴趣，有较强的学习能力和求知欲。 岗位福利： 上班时间：8:30-12:00 13:00-17:30 双休、法休、五险一金、节日福利。,7月29日,点动科技(保定)有限公司是一家成立于2015年的高新技术企业，公司总部坐落于中国的“电谷”之都--保定。是电力行业在线监测设备的产品研发制造商与在线监测系统解决方案提供商。点动科技一直致力于电力行业在线监测技术的创新与突破。我们拥有一支汇集资深行业专家和优秀科研人才的团队，凭借丰富的实践经验和深厚的技术积淀，不断推动在线监测技术的边界拓展和性能提升。产品范围:开关柜局放在线监测、变压器监测(局放监测、铁芯接地监测、电缆局放监测、油色谱监测)无线测温、变压器温控仪、DTU等实时监测、采集装置。支持OEM在物联网领域，点动科技更是走在前列，成功推出了电力I0T物联网管理平台。平台集数据采集、存储、分析和应用于一体，支持多种硬件设备的无缝接入，方便用户对设备进行统一管理和监控。电力安全，监测先行。点动科技始终坚守“创新、品质、服务”的核心价值观，为您构筑智能、可靠的电力行业在线监测体系。展望未来，点动科技期待与更多志同道合的合作伙伴携手共进，共创电力行业的美好未来。公司地址:保定市-莲池区-东湖云端科技园C座5层,"https://www.zhaopin.com/jobdetail/CC305465880J40761863109.htm?refcode=4019&srccode=401901&preactionid=a7c1140f-c46c-45e5-b867-ab342d8bdc77"
2564,实施工程师,咸阳-秦都区,7000-9000元,浙江伟星新型建材股份有限公司,"建材,建材",1000-9999人,已上市,CC190544810J40735337316,岗位职责： 1、公司新产品、新系统的推广及技术交流； 2、管道施工现场技术指导； 3、市场客诉技术分析及应用验证； 4、跟踪掌握行业最新的技术动态和发展趋势，组织技术交流会议。  任职要求：  统招一本及以上，高分子材料专业，硕士优先。    ,7月24日,浙江伟星新型建材股份有限公司（伟星新材）创建于1999年，专注于研发、生产、销售高质量、高附加值的新型塑料管道（PP-R管材管件、PE管材管件、PVC管材管件、PB采暖管材管件等系列产品），并积极拓展净水设备和防水事业，是国内PP-R管道的领跑企业，于2010年成功上市（伟星新材证券代码：002372），先后荣获高新技术企业、企业技术中心、知识产权示范企业、中国轻工业塑料行业、等多项荣誉大奖，在行业内树立了良好的企业信誉和口碑。伟星新材在浙江、上海、天津、重庆、西安、东南亚建有六大现代化生产基地，经过二十年的耕耘与磨砺，坚持“产品+系统集成+服务”为客户提供系统解决方案。公司产品涉及给水、排水、采暖、净水、防水、燃气、油田、船舶、海洋养殖等众多领域，产品曾应用于鸟巢、水立方、港珠澳大桥、北京大兴国际机场等工程。伟星新材坚持走品牌化道路，建立全国营销网络，现有伟星管、KALE咖乐、ännette安内特、伟星地暖、伟星水暖等多个产品品牌以及星管家服务品牌。公司以国际化视野，升级品牌新形象——“VASEN”，积极布局国际化，致力成为高科技、服务型、国际化的一流企业。,"https://www.zhaopin.com/jobdetail/CC190544810J40735337316.htm?refcode=4019&srccode=401901&preactionid=a7c1140f-c46c-45e5-b867-ab342d8bdc77"
2565,Java,成都-郫都区,1.2-2.4万,外企德科数字技术有限公司,专业技术服务,10000人以上,,CCL1480117890J40793679305,岗位职责: 1.负责后端开发工作 2.使用Java、C/C++、Python等编程语言进行开发 3.参与系统设计，确保代码质量和系统稳定性 任职要求： 1.具备扎实的编程能力，熟练使用Java、C/C++、Python等语言 2.具有良好的团队合作精神，能够与团队成员有效沟通 3.具备较强的问题分析和解决能力，能够独立承担模块开发任务,2025-07-27 00:26:00,外企德科数字技术有限公司是一家2023年新成立的中外合资企业。成立于2023年11月24日，公司定位：专注于为信息技术企业提供人才及数字技术外包解决方案的中外合资企业。它是由中国人力资源服务行业的FESCO（北京国际人力资本集团）与全球人力资源服务领导者The Adecco Group（德科集团）合资成立的。公司主要提供网络技术服务、软件外包服务、计算机系统服务、技术进出口、软件开发等信息技术相关服务。专注于为信息技术企业提供信息技术类人才及数字技术外包解决方案。,"https://www.zhaopin.com/jobdetail/CCL1480117890J40793679305.htm?refcode=4019&srccode=401901&preactionid=a7c1140f-c46c-45e5-b867-ab342d8bdc77"
2566,测试工程师,郑州-管城回族区,5000-8000元,软语科技,"计算机软件,IT服务,互联网",100-299人,不需要融资,CC404924910J40650108712,【岗位职责】 1. 负责中央域控制器车身、网关、诊断等功能系统测试； 2. 根据产品需求设计测试方案和测试用例； 3. 搭建测试台架，进行台架及实车测试 【技术要求】 1. 计算机、电子信息、自动化等相关专业； 2.VCU/BMS/BCM/TBOX等控制器软件测试经验； 3. 熟练使用CANoe/CANape/ZLGCAN等总线测试工具，能够独立使用CAPL语言设计测试脚本； 4. 熟悉嵌入式软件测试流程和常用方法； 5. 具备良好的客户意识和业务沟通能力，独立完成客户业务需求沟通。 【福利待遇】 1、七险一金 2、节假日带薪休假+节日福利+员工餐厅+免费班车 3、生日礼物、团建聚会、年度出游 4、行业高薪、年度调薪、岗位晋升机会 【工作时间】 双休，节假日正常休息 夏季：8.30-11.30 1.30-6.00 冬季：8.30-11.30 1.00-5.30,7月25日,郑州软语科技有限公司是河南省重点软件企业。成立于2011年，是一家集软件研发、信息技术服务与咨询为一体的高新技术企业。公司坐落于河南省郑州市，深耕于云计算、大数据分析、人工智能、物联网技术等领域，公司拥有一支经验丰富、技术创新的研发团队，秉承着“科技赋能未来，创新驱动发展”的核心理念，不断探索前沿技术，助力客户实现数字化转型与升级，提升业务效率与竞争力。在过去的发展中，软语科技已成功实施了多个标杆项目，赢得了广泛的市场认可与信赖。公司的主要客户群体涵盖了多个行业与领域，具体包括：1、通信企业：服务电信运营商、网络设备供应商及通信技术服务商等，提供定制化软件开发和系统集成解决方案。2、互联网公司：涵盖电商、社交、金融科技、在线教育等细分市场，针对这些企业对技术创新和快速迭代的需求。3、IT企业：为其他软件开发公司或IT服务提供商带来技术支持和项目合作机会。4、传统行业转型企业：涉及制造业、零售业、医疗健康等，助力这些企业的数字化转型进程。5、政府及公共机构：参与政务信息化、智慧城市等项目的开发与实施。公司的未来发展规划主要包含以下几个方面：1、强化科技自立自强与自主创新，持续提升核心竞争力。2、拓展全球化战略，深化国际市场的服务与合作。3、深耕通信与互联网行业，紧跟5G、云计算、大数据、人工智能等技术趋势。4、加大自主研发产品投入，推出创新解决方案以满足市场需求。5、注重人才建设和企业文化，为长期发展奠定基础。6、提供全面的数字化转型服务，帮助企业客户适应数字经济时代。公司的优势主要体现在几个方面：1、公司倡导开放、包容的工作氛围，鼓励员工创新与个人成长，为人才提供一个能够充分发挥潜能的舞台。2、重视员工的职业发展规划，提供系统化的培训项目和晋升通道，帮助员工不断提升专业技能和管理能力。3、提供具有竞争力的薪资待遇，以及完善的福利体系，包括但不限于健康保险、年终奖金、带薪休假等，确保员工的努力得到相应的回报。4、公司承接的项目多样化，尤其是在通信与互联网行业，为人才提供了接触前沿技术、参与大型项目的机会，有助于快速提升个人能力和视野。5、鼓励团队合作，构建多元化的团队结构，让员工能在跨部门、跨文化的环境中学习与交流，拓宽人际网络。6、理解并尊重员工的工作与生活平衡，推行灵活工作制度，确保员工在高效工作的同时也能享受个人生活。发展历程1、成立初期（约2011年）：公司成立，初期定位于软件服务外包与自主研发产品的开发。2、主营业务确立：随着时间发展，公司形成了软件服务外包和自主研发产品的两大核心业务，服务覆盖企业信息化解决方案、ITO、BPO等多个领域。3、技术与行业聚焦：在通信行业和互联网行业软件开发方面积累了丰富经验，提供多元化服务和整体信息化解决方案。4、企业成长与认可：作为河南省的重点软件企业，先后通过了ISO9001，ISO45001，ISO27001，ISO20000体系认证，高新技术企业认证，国家科技型中小企业认证，并荣获AAA企业资质，公司在质量管理、信息安全、信息服务管理、职业健康安全以及技术创新等方面的高标准和严要求，获得客户好评，进一步巩固了公司在行业内的领先地位和良好口碑。5、持续发展与创新：自2019年起至2024年公司保持稳健增长，持续适应市场需求变化，推进技术创新和服务优化。主要体现在以下几个方面：（1）公司持续关注和吸纳最新技术，比如云计算、大数据、人工智能等，确保服务和产品的技术先进性，满足市场对高新技术应用的需求。（2）定期对现有产品进行升级和优化，推出符合市场需求的新产品，同时，不断改进服务模式，提升客户体验和服务效率。（3）加大对研发团队的投入，引入高端人才，建立更加高效的研发管理体系，加速技术创新成果转化。（4）积极开拓国内外市场，建立广泛的合作网络，通过与不同行业伙伴的深度合作，共同探索新的业务领域和服务模式。（5）鼓励内部创新思维，建立失败容忍机制，激励员工提出新想法和创意，形成持续创新的企业文化氛围。,"https://www.zhaopin.com/jobdetail/CC404924910J40650108712.htm?refcode=4019&srccode=401901&preactionid=a7c1140f-c46c-45e5-b867-ab342d8bdc77"
2567,C/C++,上海-浦东新区,1.5-3万·14薪,外企德科数字技术有限公司,专业技术服务,10000人以上,,CCL1480117890J40604389705,岗位要求 满足百分之60欢迎投递 1、软件从业经验，悉掌握但不限于C++等编程语言中的一种或数种，有良好的编程习惯 2、熟悉编译构建技术、分布式技术、虚拟化级高并发技术或有相关经验者优先 3、有较强的推动协调组织能力；具备良好的结构化思维和与人连接力 4、了解动态规划，二叉树，递归，哈希等算法知识 岗位职责 1、 负责产品构建方案设计和落地，基于可信构建、可信配置管理等要求，向产品持续交付满足可信工程能力的构建解决方案 2、 持续优化产品构建过程，优化构建时长，保障构建稳定性，持续提升研发构建体验 3、 积极学习，持续洞察业界先进的构建工程方法和实践，规划关键技术规划和优化构建架构 职位福利：五险一金、周末双休、带薪年假、大牛带队、绩效奖金、定期体检、补充医疗保险、试用期全薪 职位亮点：大牛带队 人才培养,2025-07-27 00:23:22,外企德科数字技术有限公司是一家2023年新成立的中外合资企业。成立于2023年11月24日，公司定位：专注于为信息技术企业提供人才及数字技术外包解决方案的中外合资企业。它是由中国人力资源服务行业的FESCO（北京国际人力资本集团）与全球人力资源服务领导者The Adecco Group（德科集团）合资成立的。公司主要提供网络技术服务、软件外包服务、计算机系统服务、技术进出口、软件开发等信息技术相关服务。专注于为信息技术企业提供信息技术类人才及数字技术外包解决方案。,"https://www.zhaopin.com/jobdetail/CCL1480117890J40604389705.htm?refcode=4019&srccode=401901&preactionid=a7c1140f-c46c-45e5-b867-ab342d8bdc77"
2568,Java,南京-雨花台区,1.3-2.6万·14薪,外企德科数字技术有限公司,专业技术服务,10000人以上,,CCL1480117890J40609320305,职位描述 1、熟练掌握Java、python等主流开发语言的一种，掌握常见的数据结构、了解软件工程、敏捷开发等知识，熟悉常用设计模式； 2、了解主流数据库技术，至少精通mysql、postgresql等主流数据库技术中的一种；有SQL语句调优经验，并在中大型项目中实际应用者优先； 3、熟悉spring boot，mybatis或flask等常用框架； 4、了解分布式系统原理；熟悉ElasticSearch、Redis、mongodb、kafka等一种或多种中间件，并实际应用中有相关经验者优先,2025-07-27 00:23:23,外企德科数字技术有限公司是一家2023年新成立的中外合资企业。成立于2023年11月24日，公司定位：专注于为信息技术企业提供人才及数字技术外包解决方案的中外合资企业。它是由中国人力资源服务行业的FESCO（北京国际人力资本集团）与全球人力资源服务领导者The Adecco Group（德科集团）合资成立的。公司主要提供网络技术服务、软件外包服务、计算机系统服务、技术进出口、软件开发等信息技术相关服务。专注于为信息技术企业提供信息技术类人才及数字技术外包解决方案。,"https://www.zhaopin.com/jobdetail/CCL1480117890J40609320305.htm?refcode=4019&srccode=401901&preactionid=a7c1140f-c46c-45e5-b867-ab342d8bdc77"
2569,硬件测试,中山-None,8000-10000元,重庆科满福人力资源服务有限公司,企业服务,20-99人,,CCL1487604860J40935976004,【岗位职责】 ： 1、进行新产品研发阶段的测试工作 2、完成新产品的功能测试、可靠性测试、环境测 试、安全测试等技术工作 3、制定测试计划，设计测试用例，分析测试数 据，编制测试报告 4、为其他部门提供技术支持，与其他部门的产品 联合测试工作 ,2025年07月29日,,"https://www.zhaopin.com/jobdetail/CCL1487604860J40935976004.htm?refcode=4019&srccode=401901&preactionid=a7c1140f-c46c-45e5-b867-ab342d8bdc77"
2570,测试工程师,鹤岗-向阳区,1-1.2万·13薪,青岛瑞晟元人力资源有限公司,人力资源服务,20人以下,不需要融资,CCL1431271280J40778342907,岗位职责： 1. 负责软件的功能测试。 2. 执行测试用例，报告缺陷并跟踪缺陷的修复。 3. 与开发团队协作，确保软件质量满足需求。 4. 参与软件测试流程的优化和改进。 岗位要求： 1. 熟悉软件测试理论、方法和流程。 2. 具备功能测试经验。 3. 了解运维工程师、网络工程师的工作内容，能进行基本的IT质量管理。 4. 有信息技术、标准化、电子或电路工程相关背景者优先。 薪资待遇：包住、六险一金、工龄工资、生日礼金、定期体检、带薪年假、绩效奖、项目奖、年终奖.,2025年07月30日,,"https://www.zhaopin.com/jobdetail/CCL1431271280J40778342907.htm?refcode=4019&srccode=401901&preactionid=a7c1140f-c46c-45e5-b867-ab342d8bdc77"
2571,软件测试,大连-金州区,1-1.2万·13薪,大连启航智慧科技有限公司,电子设备制造,20-99人,,CCL1308029720J40803034913,岗位内容： 1. 设计并执行测试用例，记录测试结果并准备测试报告。 2. 协调开发人员、项目经理和测试团队成员，以确保遵守时间表和产品质量标准。 3. 使用自动化测试框架和工具来提高测试效率和覆盖率。 4. 不断改进测试流程和方法，以提高质量和效率。 5. 关注产品质量和客户需求，确保稳定、可靠和用户友好的软件交付。 任职要求： 1. 熟悉软件测试方法和流程。 2. 掌握至少一种自动化测试框架和脚本语言（如Selenium、Python、Robot Framework）。 3. 具备良好的团队合作精神和沟通能力。 4. 能够承受压力，在快节奏的环境中高效工作。 5. 有问题解决的能力和主动学习的态度。,7月23日,,"https://www.zhaopin.com/jobdetail/CCL1308029720J40803034913.htm?refcode=4019&srccode=401901&preactionid=a7c1140f-c46c-45e5-b867-ab342d8bdc77"
2572,实施工程师,天津-滨海新区,4000-5000元,尼尔森诺尔电气技术(天津)有限公司,"金属制品业,贸易/进出口",300-499人,未融资,CC237521780J40653378501,岗位要求 1、2025年毕业，2024年12月份前具备实习条件,11月13日,尼尔森诺尔电气技术（天津）有限公司，成立于2014年，是一家以经营智能防爆电气设备并集研发、服务等多功能于一体的综合现代化企业。司公产品广泛应用于石油、化工、煤矿、电力、冶金、铁路、船舶及航空航天等大型能源及工业科技的相关领域。公司本着自主研发的原则，近年来实现了飞速发展，并拥有一支在软、硬件技术精湛的研发团队和不断自我优化的专业生产技术团队。为响应国家的节能号召，早日实现“碳达峰，碳中和”的目标。公司自主研发了智能LED照明系统、智能工业配电系统、防爆智能监控系统及防爆智能安防系统等相关系统。在未来的发展中，我们秉持着“打造一流品牌，提供一流服务，生产一流产品”的经营理念，并本着“客户至上，质量第一”的企业宗旨，为顾客提供满意的产品和优质的服务.我们坚信产品是企业的生命，信誉是企业的灵魂，我们的承诺，客户的需求，就是我们奋斗的目标。,"https://www.zhaopin.com/jobdetail/CC237521780J40653378501.htm?refcode=4019&srccode=401901&preactionid=a7c1140f-c46c-45e5-b867-ab342d8bdc77"
2573,C/C++,南京-雨花台区,1.4-2.8万,外企德科数字技术有限公司,专业技术服务,10000人以上,,CCL1480117890J40743259505,岗位要求: 1、统招本科及以上学历，双证齐全(学信网可查） 2、掌据C/C++/Java/python/Go/JS一种或多种编程语言，热爱编程 3、掌握常用的数据结构、数据算法。 岗位优势： ①大厂市场领先且稳定的薪酬福利收入(根据面试能力评价等定级定薪) ②个人编程能力的快速学习提升(导师6个月带教) ③行业前沿的技术框架(不用担心未来如果换工作技术框架不适用) ④行业领先的产品研发项目管理流程、编码规范培训、纯粹的工程师氛围(您要相信，和优秀的人一起工作，您也必定变得更优秀) 公司福利: 1.入职即缴纳五险一金+商业险，全额缴纳社保及公积金 2.一年数次考评，薪资、职级可上浮 3.带薪年假5-15天 4.免费夜宵，城际班车，舒适的办公环境 5.免费健身房，各种娱乐活动(可自行选择是否参加，不参加就早点下班哦）,2025-07-27 00:23:30,外企德科数字技术有限公司是一家2023年新成立的中外合资企业。成立于2023年11月24日，公司定位：专注于为信息技术企业提供人才及数字技术外包解决方案的中外合资企业。它是由中国人力资源服务行业的FESCO（北京国际人力资本集团）与全球人力资源服务领导者The Adecco Group（德科集团）合资成立的。公司主要提供网络技术服务、软件外包服务、计算机系统服务、技术进出口、软件开发等信息技术相关服务。专注于为信息技术企业提供信息技术类人才及数字技术外包解决方案。,"https://www.zhaopin.com/jobdetail/CCL1480117890J40743259505.htm?refcode=4019&srccode=401901&preactionid=a7c1140f-c46c-45e5-b867-ab342d8bdc77"
2574,科研人员,郑州-管城回族区,8000-13000元·13薪,牧原实验室,学术/科研,100-299人,,CCL1241575100J40703842207,职位描述： 1、负责秸秆制糖和产油微生物发酵等中小试工艺的研究开发；,1月9日,,"https://www.zhaopin.com/jobdetail/CCL1241575100J40703842207.htm?refcode=4019&srccode=401901&preactionid=a7c1140f-c46c-45e5-b867-ab342d8bdc77"
2575,科研人员,北京-海淀区,8000-15000元,北京智宇星通科技有限公司,"电子/半导体/集成电路,通信/网络设备",20人以下,,CC692235130J40747603411,1、参与课题组无人系统智能信息处理相关的科研项目，包括需求分析、方案设计、算法开发与实验验证等工作； 2、协助完成科研论文撰写、专利申报等学术成果产出； 3、参与课题组学术交流与合作，推动科研成果的转化与应用；  4、完成导师交办的其他科研任务。 其他： 1、具备扎实的专业理论基础，熟练掌握至少一门编程语言（如 Python、C++ 等），熟悉数据结构与算法； 2、具有较强的学习能力和创新思维，对无人系统智能信息处理领域有浓厚兴趣； 3、有相关项目经验、发表过学术论文或获得过专业奖项者优先考虑。,6月16日,本公司成立于2018年，注册资本为500万元，公司致力于研发、生产面向无线通信导航一体化系统及测控系统整体解决方案，公司研发团队实力雄厚，技术创新能力强，成功研发多个拥有自主知识产权的无线双向高精度测距与时统设备，积累了丰富的工程实践经验，与多家国内知名企业合作，包括航天五院，国营714所，中电55所等，研发项目包括协同组网测距系统、抗干扰调零等项目。,"https://www.zhaopin.com/jobdetail/CC692235130J40747603411.htm?refcode=4019&srccode=401901&preactionid=a7c1140f-c46c-45e5-b867-ab342d8bdc77"
2576,技术支持工程师,杭州-西湖区,6000-12000元,杭州派和光影科技有限公司,"电子/半导体/集成电路,电子/半导体/集成电路",20-99人,未融资,CC699165330J00384784706,"岗位职责： 1.负责公司项目的数字电影放映设备（放映机，音响，3D,服务器）的安装，调试，维护； 2.对影院放映设备的安装环境进行指导和确认 3.负责对用户进行产品使用培训； 4.与相关部门紧密配合，协调沟通，维护客户关系； 5.必须能出差到外地影院安装现场； 6.能够胜任夜班工作 任职要求： 1.年龄20-30， 中专以上学历； 2.对影院硬件产品有兴趣，有较强的学习和动手能力 3.适应经常出差，并能承受较强的工作压力 4.身体健康，工作态度认真 职位福利：五险一金、年底双薪、交通补助、餐补、房补、通讯补助、绩效奖金、地铁附近  ",6月14日,杭州派和光影科技有限公司成立于2018年，公司实行董事会领导下的总经理负责制，公司由数字电影，音频系统集成事业部、产品研发部、售后服务部、财务部等几个部门组成。公司长期致力于现代化数字电影院建设，为客户提供专业数字影院设计、数字影院设备集成、数字影院耗材供应、数字影院售后服务（安装、保养、维修）为一体的一站式影院建设整体解决方案服务提供商。公司的核心管理和技术团队在视听与影院工程领域具有丰富经验。多年来，公司凭借准确的市场定位和对电影视听行业的高度专注，植根中国市场，整合国际先进视听与影院环境技术及产品，潜心自主创新和推广应用，已发展成为行业内具有影响力和信誉度的数字影院整体解决方案服务提供商。,"https://www.zhaopin.com/jobdetail/CC699165330J00384784706.htm?refcode=4019&srccode=401901&preactionid=a7c1140f-c46c-45e5-b867-ab342d8bdc77"
2577,测试工程师,宜宾-叙州区,4000-8000元,宜宾丰川动力科技有限公司,汽车研发/制造,20-99人,未融资,CC640599680J40206154607,岗位要求,7月26日,宜宾丰川动力科技有限公司宜宾丰川动力科技有限公司是一家研发和生产电动汽车多档变速器的高新技术企业。公司实行“功以才成，业由才广”的人才战略，组建了30人规模的研发团队，从清华大学、同济大学、美国伊利诺伊大学、法国贡比涅技术大学等国内外知名高校引进了多名博士、硕士。研发团队经过十余年技术攻关，开发了无离合器、无同步器的电驱动机械变速器，并发明了“无冲击换档”控制技术，彻底消除了换档过程的冲击，将动力中断时间缩短到了0.2秒内，突破了制约多档变速器在电动汽车中大规模推广应用的技术瓶颈。公司已开发出适用于2-4吨电动物流车的二档系统和适用于4-8吨电动物流车的四档系统，并应用于城市物流车中。,"https://www.zhaopin.com/jobdetail/CC640599680J40206154607.htm?refcode=4019&srccode=401901&preactionid=a7c1140f-c46c-45e5-b867-ab342d8bdc77"
2578,测试工程师,北京-None,5000-7000元,字节跳动,互联网,10000人以上,,CC469217510J40701345701,岗位职责： ByteIntern：面向2026届毕业生（2025年9月-2026年8月期间毕业），为符合岗位要求的同学提供转正机会。 团队介绍：生活服务业务依托于抖音、抖音极速版等平台，致力于促进用户与本地服务的连接。过去一年，生活服务业务开创了全新的视频种草和交易体验，让更多用户通过抖音发现线下好去处，也帮助众多本地商家拓展了新的经营阵地。我们期待你的加入，一同为亿万用户创造更美好的生活。 1、参与产品测试的全流程，包括需求评审、设计评审、制定测试计划、测试用例设计及执行、缺陷跟踪、测试报告等； 2、开发测试工具和自动测试框架、自动测试脚本，进行自动化测试，提升测试效率； 3、对产品、流程提出持续性改进意见，提升产品质量和研发效率。 任职要求： 1、2026届本科及以上学历在读，计算机、通讯等相关专业优先； 2、熟练掌握至少一门编程语言，包括但不仅限于：Java、C、C++、PHP、 Python、Go； 3、掌握扎实的计算机基础知识，深入理解数据结构、算法和操作系统知识； 4、学习能力强，有较强分析、定位和解决问题的能力，较强逻辑思维能力和表达能力； 5、每周可以实习4天及以上，连续实习4个月以上。,7月17日,"字节跳动成立于2012年3月，公司使命为“Inspire Creativity, Enrich Life（激发创造，丰富生活）”。公司业务覆盖150个国家和地区，拥有15万名员工。字节跳动在全球推出了多款有影响力的产品，包括今日头条、抖音、西瓜视频、飞书、Lark、PICO、剪映、TikTok等。截至2021年6月，字节跳动旗下产品全球月活跃用户数超过19亿。","https://www.zhaopin.com/jobdetail/CC469217510J40701345701.htm?refcode=4019&srccode=401901&preactionid=a7c1140f-c46c-45e5-b867-ab342d8bdc77"
2579,实施工程师,合肥-蜀山区,120-170元/天,安徽容知日新科技股份有限公司,"IT服务,物联网,计算机软件",500-999人,已上市,CC338411920J40760721211,岗位职责：  1、负责响应客户需求，完成技术支持和运维工作；  2、负责行业数据离线拷贝，及时上传；  3、熟悉IT项目相关信息，协助完成相关协调沟通；  4、负责公司软件的部署升级；  5、负责客户现场服务器巡检以及软件配置类巡检。  任职要求：  1、2026届在校生，电子/计算机/通信相关专业优先；  2、熟悉操作系统的安装包括windows，linux；  3、熟悉相关数据数据库安装维护及相关sql使用，比如postgresql、达梦、sqlserver、mysql；  4、熟悉计算机网络原理；  5、了解服务器硬件相关的一些知识，有一定的排查能力；  6、熟悉Shell或Python脚本语言，具备单独编写脚本的能力优先；,7月22日,容知日新成立于2007年，是一家人工智能驱动的工业服务企业，致力于为客户提供全球领先的设备智能运维解决方案和订阅式服务。容知日新始终坚持以科技创新引领产业创新，将前沿的人工智能技术与真实的行业应用相结合，已完成传感器核心元器件、无线传感器系统、边缘智能、工业大数据、智能算法以及工业互联网平台的完整技术布局，形成了1+N+X场景化智能运维解决方案、PHMGPT行业大模型等多样化产品体系，以新质生产力赋能工业企业高质量发展。针对工业企业设备管理数智化转型中的难点和痛点，容知日新打造了国家级特色专业型工业互联网平台——容知日新灵芝SuperCare设备智能运维平台，成功应用于风电、石化、冶金、煤炭、水泥等十多个行业，已链接风力发电机、皮带机、压缩机、轧机、磨机、提升机以及各类机泵等关键设备超15万台套，形成设备故障闭环案例2万多个，积极推动设备智能运维行业变革。作为中国设备智能运维领域的领军企业，容知日新已在上交所科创板上市，市场领先并深受客户与合作伙伴好评，业务也已覆盖欧洲、南美洲、北美洲、东南亚等地区。公司先后荣获国家级智能制造试点示范、国家级服务型制造示范企业、国家级制造业与互联网融合发展试点示范、国家级大数据产业发展试点示范、国家级专精特新“小巨人”、国家级工业互联网试点示范等荣誉。未来，容知日新将继续深耕设备智能运维领域，以工业大数据为基础，以人工智能为动能、以生态共建为方向，为客户提供全球领先的产品和服务，拥抱工业新时代！,"https://www.zhaopin.com/jobdetail/CC338411920J40760721211.htm?refcode=4019&srccode=401901&preactionid=a7c1140f-c46c-45e5-b867-ab342d8bdc77"
2580,软件测试,西安-雁塔区,1.4-2.8万·14薪,外企德科数字技术有限公司,专业技术服务,10000人以上,,CCL1480117890J40778123605,【工作职责】 1、负责解决方案测试需求分析，测试方案和测试用例设计和测试执行工作； 2、承担解决方案的场景功能测试、性能测试、可靠性测试，可服务性测试等测试活动； 【业务技能要求】： 1、熟悉软件测试流程和方法，具备2年以上软件测试或解决方案测试的工作经验，具备测试需求分析、测试方案设计、测试用例设计及执行相关测试能力； 2、具备良好的沟通协调能力和团队合作精神、良好的学习、动手以及解决问题的能力。 3、业务理解力强，对技术有激情，喜欢钻研，能快速接受和掌握新技术，有较强的独立、主动的学习能力。 【专业知识要求】： 1、熟悉解决方案或软件测试理论，掌握基本的软件测试方法和流程； 2. 掌握Linux系统基本原理，数据库基本原理；熟悉云化、虚拟化、容器、网络等基础原理和操作。 3. 熟练掌握一种编程语言，例如Java，shell，Python，C++等，并熟练编写测试脚本； 4. 具备DFX（安全、可靠性、韧性测试之一）测试经验优先； 职位福利：五险一金、绩效奖金、年终分红、交通补助、免费班车、弹性工作、节日福利、餐补,2025-07-27 00:24:55,外企德科数字技术有限公司是一家2023年新成立的中外合资企业。成立于2023年11月24日，公司定位：专注于为信息技术企业提供人才及数字技术外包解决方案的中外合资企业。它是由中国人力资源服务行业的FESCO（北京国际人力资本集团）与全球人力资源服务领导者The Adecco Group（德科集团）合资成立的。公司主要提供网络技术服务、软件外包服务、计算机系统服务、技术进出口、软件开发等信息技术相关服务。专注于为信息技术企业提供信息技术类人才及数字技术外包解决方案。,"https://www.zhaopin.com/jobdetail/CCL1480117890J40778123605.htm?refcode=4019&srccode=401901&preactionid=a7c1140f-c46c-45e5-b867-ab342d8bdc77"
2581,测试工程师,西安-灞桥区,5000-10000元,西安镭射传动科技有限公司,"专用设备制造,船舶/航空/航天/火车制造,通用设备制造,专用设备制造",20-99人,未融资,CCL1477221570J40730437505,岗位职责： 1.负责旋转机械、传动系统样机和产品变形、应力、强度、温度、振动、噪声、疲劳寿命等测试试验，撰写试验、测试报告； 2.负责样机和产品试验数据的采集、统计、存储、分析、管理和故障数据识别； 3.负责旋转机械、传动系统样机和产品台架试验操作，试验系统的维护、维修； 4.负责实验室日常管理与安全，参与样机、产品试验大纲编制和研制工作。 任职要求： 1.具有本科及以上学历，机械、力学、测试、控制相关专业； 2.掌握试验、测试相关理论、方法和流程，以及数据处理与分析技术； 3.具有旋转机械、传动系统试验测试经验，熟悉和掌握相关试验方法和试验设备的软、硬件； 4.具有旋转机械、传动系统试验经验者优先。,7月22日,公司介绍：西安镭射传动科技有限公司成立于2023年11月，专注于新型齿轮传动技术和超快激光表面强化的两大领域高端智能制造与服务，以创新驱动发展，以品质铸就品牌。在新型面齿轮传动领域，我们专注于提供高精度、高承载、高互换性的传动产品及解决方案，满足航空、舰船、工程机械、汽车等领域的应用需求。公司形成了面齿轮传动设计、面齿轮精密制造装备、面齿轮精密磨齿加工及工艺等技术，整体技术国际先进、国内领先。在超快激光表面强化领域，我们专注于提供抗磨损、抗疲劳、抗腐蚀等多重防护的普适性表面处理技术的表面处理服务，满足航空航天、医疗、轨道交通等领域的应用需求。公司形成了工业级激光器及加工头、光束变换及控制系统、数字孪生全自动控制软件、飞秒激光加工设备、皮秒激光加工设备及小能量激光加工设备等，技术达到国内领先水平。我们与西北工业大学、重庆交通大学、航天液体动力全国重点实验室等多所知名高校和研究机构紧密合作，共同推动技术创新和产业升级。我们致力于为客户提供前沿、高效、可靠的产品与服务，助力中国工业向更高水平发展。西安镭射传动科技有限公司，我们坚守“技术领先、品质卓越、合作共赢”的核心价值观，用实际行动践行我们对市场和客户的承诺。公司福利： 8小时工作制，周末双休，按规定享受产假、婚假、丧假等法定假，带薪年假；入职缴纳五险一金；项目奖金、年底分红、生日慰问（生日礼品）、结婚贺礼、节日礼品（礼物、部门聚会）等；高晋升机会，完善的晋升机制和岗位设置；定期举行培训，唯贤适用，让每个团队成员都有提升成长机会。公司文化：我们倡导一种文化，它是学习型的，鼓励每一位成员自发求知、持续成长；它是自主的，尊重每个人的独特视角，给予充分的发展空间；它是平等的，不论职级，大家都能畅所欲言，思想自由碰撞；它是和谐开放的，包容多元，让每一个人都能在这里找到归属感，感受到家一般的温暖与关怀。在这样的文化土壤中，我们共同奋进，携手成就更好的未来。期待怀揣梦想、满怀热忱的你加入我们，无论你是技术达人，还是市场先锋，亦或是管理精英等都能与团队一起，书写崭新篇章！以匠心铸就卓越品质，用创新定义美好未来，一起向着无限可能的明天大步迈进！,"https://www.zhaopin.com/jobdetail/CCL1477221570J40730437505.htm?refcode=4019&srccode=401901&preactionid=a7c1140f-c46c-45e5-b867-ab342d8bdc77"
2582,软件测试,深圳-罗湖区,3000-5000元,广州鼎嘉嘉贸易有限公司,物联网,20人以下,,CCL1438574140J40743254814,1. 编写、执行测试用例，确保软件质量。 2. 跟踪、管理缺陷，确保缺陷得到修复。 3. 参与需求评审、设计评审，提前发现潜在问题。 4. 编写测试报告，总结测试成果。 5. 与开发团队紧密合作，共同推进项目进度。 感兴趣联系我，欢迎加入我们的团队！,4月15日,,"https://www.zhaopin.com/jobdetail/CCL1438574140J40743254814.htm?refcode=4019&srccode=401901&preactionid=a7c1140f-c46c-45e5-b867-ab342d8bdc77"
2583,测试工程师,威海-荣成市,5000-6000元,贵州芯际探索科技有限公司,"电子/半导体/集成电路,计算机软件",20-99人,未融资,CCL1407302720J40600348806,岗位职责： 1． 负责元器件检测试验实施。 2． 负责实验室设备运行、维护。 3． 负责实验室新开发能力的实施。 基本条件： 1． 电子技术相关专业优先 2． 大专或以上学历 3． 有相关经验者优先,7月24日,法律、法规、国务院决定规定禁止的不得经营；法律、法规、国务院决定规定应当许可（审批）的，经审批机关批准后凭许可（审批）文件经营;法律、法规、国务院决定规定无需许可（审批）的，市场主体自主选择经营。（技术服务、技术开发、技术咨询、技术交流、技术转让、技术推广；检验检测服务；工程和技术研究和试验发展；人工智能应用软件开发；软件开发；网络与信息安全软件开发；计算机软硬件及辅助设备批发；计算机软硬件及辅助设备零售；通讯设备销售；电子产品销售；货物进出口；技术进出口；进出口代理；集成电路芯片设计及服务；电子元器件制造；半导体器件专用设备制造；电子元器件批发；电子元器件零售；集成电路芯片及产品制造；集成电路芯片及产品销售；电力电子元器件制造；半导体器件专用设备销售（依法须经批准的项目，经相关部门批准后方可开展经营活动））,"https://www.zhaopin.com/jobdetail/CCL1407302720J40600348806.htm?refcode=4019&srccode=401901&preactionid=a7c1140f-c46c-45e5-b867-ab342d8bdc77"
2584,科研人员,烟台-龙口市,8000-12000元,山东南山铝业股份有限公司,"矿产/采掘,金属制品业",1000-9999人,已上市,CC374459420J40662226011,1、具备一定的英语能力，能够阅读英文文献。 2、材料专业，硕士及以上学历，博士须为铝合金专业方向。 3、硕士期间，必须以第一作者在核心及以上期刊发表过文章。 4、具有有色金属压力加工工作经验者优先。,11月13日,山东南山铝业股份有限公司于1999年12月23日成功在上海证券交易所上市。高起点打造了同地区拥有热电、氧化铝、电解铝、熔铸、铝型材/热轧-冷轧-箔轧/锻压、废铝回收(再生利用)的完整铝加工最短距离产业链。公司始终坚持“创新驱动、高端制造、精深加工”的发展战略，终端产品广泛应用于航空、汽车、轨道交通、船舶、能源、石化、集装箱、工业型材、精品民用型材、高端系统门窗、容器罐、食品包装、电池箔、铝深加工等若干领域。公司总投资35亿人民币。占地面积约为16万平方米，建筑面积约12万平方米。产品主要以航空、航天、动力能源锻件产品为主，公司具备生产高技术含量、高附加值的2系、5系、6系、7系铝合金以及钛合金、高温合金、结构钢产品的能力。产品将覆盖航空（起落架、起落架支撑梁、机舱门框架、机翼锻件及发动机安装节锻件、机匣、涡轮盘等锻件）、船舶（曲轴、舵杆、气缸盖、十字轴、齿轮、传动轴及连杆在内的多种船用锻件）、石油石化（筒节、法兰、长颈法兰、管板、阀体、盲板、锻件接管及凸台等石油化工用锻件产品）、轨道交通(机车用轴箱体、机车头用活塞等多种锻件)、能源（燃机高温合金涡轮盘、叶轮、联轴器及发电机转子、护环等多种电力能源设备锻件）等领域。承载着中国打造航空领域强国的梦想，公司以创国际一流企业为目标，致力于成为亚洲乃至世界最大的铝合金产品加工企业。因公司经营发展需要，现面向校园、社会招聘英才。放眼未来，成就梦想，期待您的加入!,"https://www.zhaopin.com/jobdetail/CC374459420J40662226011.htm?refcode=4019&srccode=401901&preactionid=a7c1140f-c46c-45e5-b867-ab342d8bdc77"
2585,测试工程师,上海-闵行区,面议,中软国际,"计算机软件,运营商/增值服务",10000人以上,已上市,CC508620120J40762120512,"1、英语水平:CET4/CET6: 2、计算机、自动化等理工科相关专业; 3、掌握一种编程语言，如Python,ava等，具备测试工具开发经验者优先;(5)有从事测试、软件开发的经验，具备航空、航天行业背景者优先;(6)具备复杂系统集成、测试和验证经验，具有测试用例开发能力;(7)具备集成测试流程的经验，包括测试环境的建立，测试执行和测试结果分析:(8)J解ARINC664、ARINC429、ARINC825等航空总线优先。",4月13日,中软国际是行业领先的全球化软件与信息技术服务企业，成立于2000年，为香港主板上市公司（股票代码：00354.HK），拥有中国分支40+、海外分支14个，拥有员工超过9万人，服务覆盖超过40个国家。中软国际应用开发与管理专业沉淀深厚，企业数字化转型的最佳实践和专家人才充沛。公司与华为等战略伙伴一起，构建软件产业互联网平台，领先技术变革，提升产业效率，致力于使能软件企业引领发展，服务制造企业转型升级，为政企客户提供“好、快、多、省”的信息技术服务。中软国际四大业务蓬勃发展：夯实基石业务作为第一增长曲线的地位，确定云智能业务为第二增长曲线，发展鸿蒙生态、解放号为第三增长曲线，推动解放号作为软件产业互联网平台全面升级。公司在云计算、大数据、人工智能、物联网、移动互联网等方面具有丰富的咨询、设计、实施和服务经验，是全球客户数字化转型的共创伙伴。公司长期服务于多家全球500强企业等头部客户和众多高成长潜力客户，覆盖金融、电信、互联网、高科技、政府、制造与流通、交通、能源、教育等行业。公司已连续四年创造超百亿人民币营收，并立志在未来成为全球最优秀IT服务商之一。,"https://www.zhaopin.com/jobdetail/CC508620120J40762120512.htm?refcode=4019&srccode=401901&preactionid=a7c1140f-c46c-45e5-b867-ab342d8bdc77"
2586,实施工程师,烟台-福山区,6000-7000元,青岛青禾人造草坪股份有限公司,"橡胶和塑料制品,贸易/进出口",1000-9999人,,CC319445710J40787910505,岗位职责：  1.负责产品需求管理：a.为销售提供技术支持，客户需求对接，理解客户产品/技术相关需求并对接后端部门。b.参与销售过程，协助进行技术产品类分析、设计等，根据需要陪同拜访客户。c.沟通客户反馈，跨部门协调制定产品解决方案，协助销售团队提升产品/技术专业知识。,7月2日,公司主要从事人造草坪及人造草丝的研发、生产和销售业务，是全球生产和销售规模世界前列的人造草坪企业。公司坚持在环保健康理念的前提下，持续专注于研发和生产高质量、高标准、高性价比的人造草坪和草丝产品。公司始终秉持着“让运动更精彩，让世界更美丽”的理念，在紧跟市场发展潮流的同时通过自身的研发，不断带动行业新业态、新工艺的发展，目前已成为全球人造草坪行业的领跑者之一。作为首家在越南投资设立生产基地并投入使用的中国人造草坪生产商，公司率先利用当地优势，在扩大产能的同时提高了运营效率，进一步引领了行业发展，行业领先地位越发凸显。公司坚持技术领先发展战略，重视产品创新和技术进步等方面的持续发展；通过对行业发展需求的解读以及行业标准的深入学习，公司积极探索新工艺、新产品并将研发成果快速应用至产品交付。公司目前的草丝版型数量达到50余款，绿色系草坪品类高达100余种，不同颜色组合千余种，能够快速应对日益复杂的市场需求。在传统产品的基础上，公司自主研发出了一系列创新性产品，如高度可回收系列产品Bellin-GRE、适用于强光照区域的高性能产品Bellin-Strength、宠物用抗菌高拔出力产品Bellin-Smart、强降水地区使用的高渗水产品Bellin-flowtech等。公司把创造客户满意的品质作为矢志不渝的追求，依靠持续且丰富的产品开发能力，通过长期、广泛的客户服务与优化积累，建立了遍布美洲、欧洲、亚洲、大洋洲、非洲等100多个国家及地区的销售网络，在全球范围建立起了品牌形象。公司是FIFA（国际足联）全球人造草坪的合格供应商，同时也是FIH（国际曲联）认证生产商和ITF（国际网联）产品认证供应商；在国内，公司被评为省级企业技术中心、进入青岛市工业中小企业“隐形冠军”名单，青禾品牌被认定为山东名牌和中国驰名商标。工作地点：烟台市福山区鸿福街92号,"https://www.zhaopin.com/jobdetail/CC319445710J40787910505.htm?refcode=4019&srccode=401901&preactionid=a7c1140f-c46c-45e5-b867-ab342d8bdc77"
2587,前端开发,西安-雁塔区,1.5-3万·14薪,外企德科数字技术有限公司,专业技术服务,10000人以上,,CCL1480117890J40779922105,岗位内容： 1. 负责开发和维护前端系统和模块，确保其运行稳定可靠 2. 编写高效、清晰、易于维护的代码 3. 协调需求，与其他团队成员进行有效沟通和协作 任职要求： 1. 熟练掌握HTML、CSS和JavaScript，熟悉主流前端框架 2. 具备扎实的编程基础，良好的代码风格，注重代码品质 3. 擅长和团队合作，具备很好的沟通和协调能力,2025-07-27 00:25:00,外企德科数字技术有限公司是一家2023年新成立的中外合资企业。成立于2023年11月24日，公司定位：专注于为信息技术企业提供人才及数字技术外包解决方案的中外合资企业。它是由中国人力资源服务行业的FESCO（北京国际人力资本集团）与全球人力资源服务领导者The Adecco Group（德科集团）合资成立的。公司主要提供网络技术服务、软件外包服务、计算机系统服务、技术进出口、软件开发等信息技术相关服务。专注于为信息技术企业提供信息技术类人才及数字技术外包解决方案。,"https://www.zhaopin.com/jobdetail/CCL1480117890J40779922105.htm?refcode=4019&srccode=401901&preactionid=a7c1140f-c46c-45e5-b867-ab342d8bdc77"
2588,测试工程师,滨州-无棣县,4000-6000元,无棣海忠软管制造有限公司,"专用设备制造,专用设备制造",100-299人,未融资,CC437564120J40312531312,岗位职责： 1、对试验检测设备进行检测、操作和维护。 2、完成领导交办或项目组委托的各类原型试验工作，并依照规范和行管要求出具试验报告 3、试验设备的维护、保养和试验环境区域的安全、卫生和环境维护工作。 4、负责原型试验及压力试验的操作；负责产品重要部件的安装； 5、试验设备辅助器具、工装夹具的设计和图纸绘制、审核工作。 6、技术资料的及时更新和管理。 任职要求： 1、年龄在40岁以下，本科学历以上，机械类、电器类相关专业； 2、人际沟通能力、逻辑思维能力和分析判断能力强； 3、善于学习，动手能力强。 职位福利：五险一金、绩效奖金、周末双休、加班补助、包吃、包住、节日福利、带薪年假   ,7月24日,无棣海忠软管制造有限公司2007年9月成立，坐落于渤海之滨的山东省滨州市无棣县滨州港西港经济园区，注册资金16467万元。主要经营:海底管道、复合软管生产、销售、进出口业务等。现为国内唯一专业从事海洋油气软管设计与研发、生产的高科技企业。公司已取得CCS（中国船级社）ISO9001质量体系认证、产品认证、工厂认证。2011年取得API(美国石油协会)徽标认证、17J认证；2015年取得国内首张由BV（法国船级社）认证的8寸输油保温动态软管形式认可证书；并相继获得CCS（中国船级社）和DNV（挪威船级社）授予的非粘接挠性软管在设计和建造环节的相符性证书。环境安全体系取得DNV（挪威船级社）HSE管理体系认证。2012年公司被评为山东省高新技术企业，2018年再次通过复审；2013年被评为省创新企业，2015年公司成为省级企业技术中心，2016年被认定为山东省工程技术研究中心。2017年评为山东省一企一技术研究中心，同年被山东省海洋渔业厅认定为山东省海洋工程技术协同创新中心。公司目前拥有专利19余项申请中的专利10余项。公司拥有自己的商标权4项。产品畅销中海油公司及海外的委内瑞拉及马来西亚。截止到目前，公司总资产3.07亿元，年产能100公里10寸计高压复合软管。公司立足于技术创新求发展，在2020年新冠肺炎疫情影响全球经济整体下行的不利局面下，公司订单承接饱满，今后数年将持续高速发展。为提升企业整体实力，公司诚邀愿从事海洋软管事业的大学毕业生及各界有识之士加入海忠软管工作团队。公司将为专业人才提供具有吸引力的薪酬福利待遇。,"https://www.zhaopin.com/jobdetail/CC437564120J40312531312.htm?refcode=4019&srccode=401901&preactionid=a7c1140f-c46c-45e5-b867-ab342d8bdc77"
2589,科研人员,苏州-虎丘区,1.2-2.4万,苏州中材非金属矿工业设计研究院有限公司,"工程技术与设计服务,学术/科研",300-499人,已上市,CC157892810J40287356104,岗位职责：,7月28日,"苏州中材非金属矿工业设计研究院有限公司1959年成立于北京，1965年迁至苏州，隶属于原国家建筑材料工业局。2002年9月转制成立苏州中材非金属矿工业设计研究院有限公司，注册资本31000万元，中材科技股份有限公司全资子公司。公司是中国非金属矿行业集试验研究、工程设计、装备研制与集成、高性能矿物材料加工为一体的高新技术企业。设有联合国开发计划署""中国非金属矿发展中心""、国家科技部""国家非金属矿深加工工程技术研究中心""、""非金属矿理化检测中心""、《非金属矿》编辑部。持有建材行业设计甲级资质；建筑工程、市政行业（道路工程、桥梁工程）甲级设计资质；房屋建筑工程监理甲级资质。可承接非金属矿及新材料研究、设计；建筑及市政工程设计、管理、监理；非金属矿物材料生产、装备制造与集成；防水材料、技术开发研究、设计。公司拥有一支经验丰富的设计研究队伍，现有职工309人，其中拥有教授级高工12人、高级工程师54人，各类国家注册师88人。现有采矿、选矿、热工、建筑、结构、总图、路桥、规划、供配电、给排水、仪表自动化、采暖空调、防水材料、环保、设备、概预算、技术经济和非金属矿研究开发等专业。具有满足非金属矿工程试验、研究、物化检测的装备、仪器。技术装备精良，设计手段先进，CAD应用率达100％，具有综合性的工程设计能力和科研实力。理化检测中心已取得中国国家认证认可监督管理委员会计量认证证书。我公司以非金属矿工程技术服务、装备成套工程集成服务为二大核心板块业务。公司承担了国家“八五”～“十三五”科技攻关项目、国家“863”计划、国家技术开发研究专项资金项目、中俄、中葡、中芬等政府间国际科技合作项目30余项；国内外各类工程项目的研究开发、工程咨询、设计9000多项，先后有100多项工程项目获国家、省（部）级、市级优秀设计奖，50多项科研成果获国家、省（部）、市级科技进步奖，完成国家级重大研发项目21项，拥有专利、专用技术累计56项，编制修订国家、行业标准44项。福利待遇1）工作时间：周一至周五：8:30-17:00，周六日双休。2）年休假：员工累计工作1-10年，带薪年休假5天；10-20年，带薪年休假10天；满20年，年休假15天。3）保险：入职即全额缴纳五险一金，部分岗位享受商业保险、意外险。4）就餐：提供员工食堂，早、中、晚可免费就餐。5）体检：新入职体检费用报销，定期提供免费职工健康体检。6）工会福利：提供生日券、春节、元宵节、端午节、中秋节节日福利。7）停车位：公司内提供免费停车位。8）津贴：出差可享受130元/天出差补贴，高温费根据江苏省政府规定执行发放。9）困难补助：对因病造成暂时困难的职工，公司给予一定程度补助。11）节日活动：特殊节日（植树节、青年节、妇女节）举办相应精彩活动，每年一次职工运动会、春节联欢晚会。12）趣味比赛：书法比赛、歌咏比赛、摄影大赛、征文比赛、乒乓球比赛、观影活动等。13）职称评审：公司有独立的职称评审资质，可提供从助理工程师到中级工程师到高级工程师到正高级的一站式职称评审通道。14）考证奖励：在职员工新考取职业资格证书公司给予考证奖励（0.5万-10万）：如以下证书：①一级注册建筑师；②一级注册结构师；③注册电气工程师；④注册公用设各工程师；⑤注册咨询工程师；⑥注册监理工程师；⑦注册安全工程师；⑧公司需要的其他相关专业。15）党员发展：公司目前设有6个党支部，定期组织党员开展党史教育及红色活动，每年定期培养、发展、吸纳优秀员工加入党组织。","https://www.zhaopin.com/jobdetail/CC157892810J40287356104.htm?refcode=4019&srccode=401901&preactionid=a7c1140f-c46c-45e5-b867-ab342d8bdc77"
2590,科研人员,长沙-岳麓区,1.5-2.5万,长沙矿冶研究院有限责任公司,"学术/科研,矿产/采掘",1000-9999人,未融资,CC140518180J40513553206,岗位1：     研究课题：主要进行选矿基础理论研究及新型装备原始创新研发，包括：复杂矿浆体系中颗粒行为规律研究（颗粒动力学、流体力学研究； 矿浆体系中溶液化学、电化学研究等）；矿物与药剂作用机理研究、矿用药剂分子设计，指导高效矿用药剂研发（矿物晶体化学、界面化学、药剂分子设计等）；复合力场矿物分选行为规律研究，指导新技术、新装备的研发与过程强化；矿山环境；选冶数据分析及其大数据挖掘，指导选冶技术快速工业转移。,2月19日,"长沙矿冶研究院有限责任公司（以下简称“我院”、“长沙矿冶院”）位于岳麓山国家大学科技城核心区域，成立于 1955年，曾先后隶属于中国科学院、国防科工委、冶金工业部、国家冶金工业局。1999年转制为中央直属大型科技企业，2003年改由国务院国资委直接管理，2009年 10月成为中国五矿集团有限公司（简称“中国五矿”）骨干科技平台企业。我院致力成为国内领先、国际一流的科技创新型企业，业务涉及新能源材料技术与产业孵化、冶金矿业技术与关键装备（陆地与深海）,以及与我院主业密切关联的进出口贸易、科技产业园建设与运营服务等。自建院以来，承担了大量横纵向科技计划项目和产业培育项目等，取得了一系列重大成就，先后获得包括全国十大科技成果奖、国家科技进步特等奖、一等奖、二等奖，冶金科技进步特等奖在内的科技成果 1204项(其中国家和省部级奖励533项)，获授权专利200多项，为推动行业科技进步和经济社会发展做出了突出贡献。我院科研条件优越，科研实力雄厚。拥有深海矿产资源开发利用技术国家重点实验室、国家金属矿产资源综合利用工程技术研究中心、铁锰矿产资源高效清洁加工与综合利用国家地方联合工程实验室等15个国家级、省部级创新平台；是中央企业电动汽车产业联盟成员单位之一，湖南省中小微企业创业创新基地和大众创业万众创新示范基地。2018年4月，中国五矿与长沙市政府签订了《中国五矿新能源材料双创示范基地合作框架协议》，以我院作为依托单位，与长沙市政府合作建设“中国五矿新能源材料双创示范基地”。我院聚力发展新能源材料与器件、关键装备研发制造和资源循环利用业务，打造新能源材料领域融合“创新链、产业链、资金链、政策链和服务链”的开放共享双创平台。2019年以来，我院双创示范基地逐步落地；同年8月，我院牵头设立湖南五矿高创私募股权基金管理有限公司，助推新能源材料产业创新发展。我院人才素质优良、专业结构合理。拥有中国工程院院士1人，外籍院士 1人，享受政府特殊津贴专家 109人，博士生导师6名，硕士生导师46名。是国务院首批授予硕士授权点单位，拥有4个硕士学位授权点，1个博士后科研工作站。我院科研业务涵盖采矿、选矿、冶金、材料、环保、化工、机械、自动化、海洋工程等主体专业领域，竭力为每位员工提供施展才智的机会与平台，热忱欢迎各类专业人才的加盟！","https://www.zhaopin.com/jobdetail/CC140518180J40513553206.htm?refcode=4019&srccode=401901&preactionid=a7c1140f-c46c-45e5-b867-ab342d8bdc77"
2591,C/C++,上海-浦东新区,1.5-3万·16薪,外企德科数字技术有限公司,专业技术服务,10000人以上,,CCL1480117890J40791930105,岗位职责： 1、负责业务体验产品相关产品研发，完成多个模块/组件的软件设计（含增量方式）、代码编写、单元测试、集成测试、静态检查、本地构成等工作，确保所负责模块可信、及时、高质量交付； 2、负责设计实施高可用部署架构，实现弹性扩缩容，秒级故障自动切换，限流降级等核心功能，保障大规模集群的高效稳定运行；  经验要求： 1、有开发经验，C/C++、Java、Scala、Python、JS等开发语言一种或多种； 2、熟悉分布式系统的设计和应用，熟悉高并发、高负载、高可用性系统的设计开发及调优，熟悉分布式缓存、消息、数据库等机制； 3、具有一定的技术架构思维，确保设计的技术方案、开发的代码有较高性能、质量保障、扩展性，前瞻性； 4、参与系统以提升效率为目的的整体的优化、改进，出现问题时能够通过较强的技术手段较好的解决问题。,2025-07-27 00:25:53,外企德科数字技术有限公司是一家2023年新成立的中外合资企业。成立于2023年11月24日，公司定位：专注于为信息技术企业提供人才及数字技术外包解决方案的中外合资企业。它是由中国人力资源服务行业的FESCO（北京国际人力资本集团）与全球人力资源服务领导者The Adecco Group（德科集团）合资成立的。公司主要提供网络技术服务、软件外包服务、计算机系统服务、技术进出口、软件开发等信息技术相关服务。专注于为信息技术企业提供信息技术类人才及数字技术外包解决方案。,"https://www.zhaopin.com/jobdetail/CCL1480117890J40791930105.htm?refcode=4019&srccode=401901&preactionid=a7c1140f-c46c-45e5-b867-ab342d8bdc77"
2592,技术支持工程师,苏州-虎丘区,4000-6000元,泛源科技(苏州)有限公司,"电子/半导体/集成电路,电子/半导体/集成电路",20-99人,不需要融资,CCL1316372850J40925159004,岗位内容： 1. 提供技术支持和解决客户的问题，包括电话、电子邮件、聊天和远程协助等方式。 2. 将记录问题和解决方案文档化，并向其他团队成员传达信息以提高整体水平。 3. 处理复杂和技术性问题，协调相关部门跟进并做好回访工作。 4. 不断学习与更新产品及技术知识，积极参与培训及交流会议。 任职要求： 1. 具有本科或以上学历，设计相关专业优先； 2.欢迎应届生投递,6月24日,泛源环境科技（苏州）有限公司，成立于2021年，注册资金1000万人民币，位于苏州市高新区。公司主营业务涵盖工业水处理系统工程施工建设、水处理系统运行维护两大板块，是一家专业从事工业废水、工业纯水、零排放等多领域的智能化、全方位技术解决方案的技术综合服务商。公司核心团队人员在半导体水处理领域具有广泛的客户基础和资深的纯废水系统设计、施工管理、调试、运行及维保经验。,"https://www.zhaopin.com/jobdetail/CCL1316372850J40925159004.htm?refcode=4019&srccode=401901&preactionid=a7c1140f-c46c-45e5-b867-ab342d8bdc77"
2593,Java,东莞-None,1.2-2.4万,外企德科数字技术有限公司,专业技术服务,10000人以上,,CCL1480117890J40599956305,经验要求： 1、有开发经验，C/C++、Java、Scala、Python、JS等开发语言一种或多种； 2、熟悉分布式系统的设计和应用，熟悉高并发、高负载、高可用性系统的设计开发及调优，熟悉分布式缓存、消息、数据库等机制； 3、具有一定的技术架构思维，确保设计的技术方案、开发的代码有较高性能、质量保障、扩展性，前瞻性； 4、参与系统以提升效率为目的的整体的优化、改进，出现问题时能够通过较强的技术手段较好的解决问题。,2025-07-27 00:23:22,外企德科数字技术有限公司是一家2023年新成立的中外合资企业。成立于2023年11月24日，公司定位：专注于为信息技术企业提供人才及数字技术外包解决方案的中外合资企业。它是由中国人力资源服务行业的FESCO（北京国际人力资本集团）与全球人力资源服务领导者The Adecco Group（德科集团）合资成立的。公司主要提供网络技术服务、软件外包服务、计算机系统服务、技术进出口、软件开发等信息技术相关服务。专注于为信息技术企业提供信息技术类人才及数字技术外包解决方案。,"https://www.zhaopin.com/jobdetail/CCL1480117890J40599956305.htm?refcode=4019&srccode=401901&preactionid=a7c1140f-c46c-45e5-b867-ab342d8bdc77"
2594,技术支持工程师,石家庄-桥西区,9000-12000元,新意科技,"计算机软件,证券/期货,IT服务,互联网",500-999人,未融资,CC120072230J40272074708,一、岗位职责,7月24日,新意科技，成立于1997年，是一家专注于金融应用系统开发的专业软件公司，是经国家认定的高新技术企业，是中国证券一级、二级清算系统软件的重要提供商。新意科技，总部位于福州，目前拥有三家控股子公司：上海新意新科技有限公司、新意科创（厦门）信息科技有限公司、福州新意新网络有限公司，同时设立北京、深圳分公司，服务网络覆盖全国。截至目前，新意科技的产品涉及到券商各项中后台业务，应用范围涵盖证券公司、基金公司以及中国金融期货交易所、中央登记结算公司，实现对证券市场参与人信息、资金、证券的综合发展。公司自有软件著作权75项，并取得相应的42个软件产品登记证书及计算机系统集成三级资质，同时还是中国证券协会信息技术应用委员会观察员。新意科技凭借一支资深专业人士组成的管理团队，多年来潜心研究证券业务和信息技术的应用以及两者之间的互动关系，秉持利用信息技术推动证券行业的发展，规范业务管理的概念，致力于应用先进的管理思想开发证券业务管理系统软件，让信息技术和新的业务管理思想在产品中得以有机的融合、集成，使新意产品具有思想性、前瞻性、系统性的特点。以创新树立品牌，以专业彰显实力，以超越引领发展。新意秉承“以人为本、诚信、创新、合作”的理念不断培养精通金融证券业务的软件专业人才，公司80%以上为技术开发人员，每位员工通过个人的贡献和团队的集体努力为新意的发展提供源源不断的生命力。新意为您提供：【有竞争力薪酬】年薪：月薪*12月+各类津贴+年终奖；【基础福利保障】五险一金（按照工资全额12%缴纳公积金），国家法定节假日，带薪年假；【补充福利】商业保险、年度体检、过节福利、生日礼金、长期服务奖励、司龄津贴、各种激励项目（轿车、国内外旅游等），羽毛球、瑜伽、部门团队活动等丰富的员工活动；【人性化管理】实行5天7小时工作制，提供新人导师、专业培训，整洁舒适的工作环境；希望更多认同新意发展目标和核心理念、热爱金融IT事业的人才加入我们，共同见证中国金融证券业的发展。如果，你想要的是：一个广阔发展前景的朝阳行业一个参与金融行业利益分配的机会一座理想的工作和生活的城市一家发展稳健、务实低调的公司一份有竞争力的薪资福利一种简洁高效的办公环境一条清晰明确的职业发展路径一个足以承载你梦想和能力的平台那么，请加盟新意科技！连接亿万金融数据！2021，期待您的同行！更多详情，请登入新意科技官网：http://www.shinetechnology.com联系方式：0591-87382356电子邮箱：hr@shinetechnology.com福州市：鼓楼区六一北路558号金三桥大厦8层厦门市：思明区软件园二期观日路36号401上海市：普陀区武宁路19号丽晶阳光大厦1711室,"https://www.zhaopin.com/jobdetail/CC120072230J40272074708.htm?refcode=4019&srccode=401901&preactionid=a7c1140f-c46c-45e5-b867-ab342d8bdc77"
2595,硬件测试,西安-长安区,5000-7000元·13薪,西安科湃电气有限公司,"新能源,电子/半导体/集成电路",100-299人,未融资,CC640634530J40680750810,岗位职责： 1.负责元器件的外观，性能测试任务。 2.负责新老产品单板测试、整机测试调试任务。 3.负责跟踪样品测试，小批量测试的数据记录。 4.负责所有测试项目的跟踪，记录以及测试报告输出。 任职要求: 1.大学本科及以上学历，电子、通信、自动化等相关专业，并熟悉模拟电路和数字电路的原理，可接受23、24届毕业生。 2.掌握Altium Designer，CadenceAllegro等绘图软件，掌握示波器，万用表，直流源等仪器仪表。 4.熟悉电子元器件的选型以及常用仪器仪表的操作使用，逻辑清楚，动手能力强。 5.具有较强自学能力以及良好的沟通能力，积极完成领导交代的日常工作。,7月21日,"西安科湃电气有限公司专注于先进电能变换技术在电能质量治理领域的应用，以电力电子技术为载体为用户提供更为优质、高效的电力供应。公司坐落于西安国家级高新技术产业开发区，拥有行业领先的自主研发团队和质量监管体系，并与西安交通大学及多家知名科研院所保持长期合作关系，始终致力于为客户提供持续优化电能质量管控方案。公司坚持以客户需求为导向、以科技创新为驱动，通过多年技术积淀，已拥有包括有源电力滤波器、静止无功发生器、有源电压控制器、通用电能质量控制器等一系列产品的电能质量解决方案。通过贴近用户需求的精细化钻研，相关产品已具备行业领先水平，广泛应用于国家电网、医院、污水厂、电气化铁路、城市轨道交通、机场、港口、石油、石化、冶金、煤矿、汽车、造船、化工、纺织、通信、商业楼宇等多个行业，并配套于开关成套厂、总包方,广受好评。公司以技术创新作为核心竞争力，多维度提升自身服务水平，我司为中国电源学会会员单位，参与制定：《低压有源电压偏差补偿装置》《低压混合式动态无功补偿装置》《用户侧电能质量在线监测装置及接入系统技术规范》《低压并联切换型电压暂降治理装置技术规范》《民用建筑低压交流配电系统电能质量技术要求》等多项行业标准。现已通过: GB/T 9001-2016/ISO 9001:2015质量管理体系、ISO14001环境管理体系、ISO45001职业健康安全管理体系认证体系认证。2019年通过陕西省双软企业认证，为陕西省软件协会会员单位，2020年通过陕西省高新技术企业认证。相关产品已通过国家电控配电设备质量监督检验中心的型式试验、盐雾实验、德国TUV欧盟CE认证，并形成多项专利支撑的自主知识产权体系。为真正实现大学科技研发和公司产业发展紧密结合，公司与西安交通大学研究生院、西安交通大学电气工程学院建立专业学位研究生协同培养育人基地，导入西安交通大学该领域专家团队的先进技术经验，为公司产品的研发改善引入持续智慧支撑。同时我司与国网河北省电力有限公司电力科学研究院、南方电网深圳供电公司等多所研究机构进行深度技术合作，进行前沿技术探索。截至2022年6月，我司电能质量产品，已服务超过3000个项目现场，与宝钢集团有限公司、山东泰开集团有限公司、中国西电集团有限公司等多方进行深度合作。公司以未来能源的高效利用为理念，秉承以更优质的技术服务客户，不断科技创新与拓展，愿与您一起共筑人类更美好的能源世界。","https://www.zhaopin.com/jobdetail/CC640634530J40680750810.htm?refcode=4019&srccode=401901&preactionid=a7c1140f-c46c-45e5-b867-ab342d8bdc77"
2596,软件测试,西安-雁塔区,100-130元/天,明朝万达,"网络/信息安全,网络/信息安全,计算机软件",500-999人,D轮及以上,CC138671020J40686638215,备注：可暑期实习！ 该岗位为实习职位，仅提供实习机会，要求连续实习时间不低于3个月。 工作职责： 1、负责软件系统功能及性能测试，编写和完成测试各阶段文档； 2、参与需求、设计、用例、方案等相关评审，协助开发人员进行系统性能提升； 3、提出产品改进建议并评估验证改进方案。 招聘要求： 1、统招本科及以上学历，理工类相关专业均可、计算机类相关专业优先； 2、有志于从事IT行业，熟悉软件测试的常用工具方法和流程。,3月12日,北京明朝万达科技股份有限公司成立于2005年，是中国新一代信息安全技术企业的代表厂商，专注于数据安全、公共安全、云安全、大数据安全及加密应用技术解决方案等服务。基于“动态数据安全，数据全生命周期管控”的产品理念，明朝万达始终以守护用户数据价值为己任，致力于让安全真正服务于业务发展。在大数据、云计算等新技术应用背景下，明朝万达以数据安全为核心、自主可控的国密算法应用技术为基础，研发的Chinasec（安元）数据安全系列产品及解决方案，覆盖数据产生、存储、交换、使用等全生命周期重要环节，实现对服务器、数据库、PC终端、移动终端以及网络通信的全IT架构下数据安全的协同联动管理，打造企业级的数据安全防护体系。作为国内数据安全市场的倡导者，明朝万达拥有一支以清华大学博士和硕士为骨干力量的核心团队，已累计申请发明专利300余项，累计授权专利百余项。在推动技术创新的同时，注重技术与业务的深度融合，为客户提供量身定制的数据安全解决方案。公司现有员工近600人，总部设于北京，在上海、广州、成都、西安、贵阳、天津、武汉、南京、无锡、长春等地设有分支机构。历经十余年的发展与积累，明朝万达客户已覆盖金融、政府、公安、电信运营商、能源、设计院所和研发制造业等领域，签约用户超过3000家。,"https://www.zhaopin.com/jobdetail/CC138671020J40686638215.htm?refcode=4019&srccode=401901&preactionid=a7c1140f-c46c-45e5-b867-ab342d8bdc77"
2597,测试工程师,沈阳-浑南区,1.3-1.8万·13薪,方得(青岛)人力资源有限公司,咨询服务,20-99人,,CCL1462672470J40736802716,岗位职责： 1. 负责软件的功能测试。 2. 执行测试用例，报告缺陷并跟踪缺陷的修复。 3. 与开发团队协作，确保软件质量满足需求。 4. 参与软件测试流程的优化和改进。 岗位要求： 1. 熟悉软件测试理论、方法和流程。 2. 具备功能测试经验。 3. 了解运维工程师、网络工程师的工作内容，能进行基本的IT质量管理。 4. 有信息技术、标准化、电子或电路工程相关背景者优先。 薪资待遇：包住、六险一金、工龄工资、生日礼金、定期体检、带薪年假、绩效奖、项目奖、年终奖.,7月28日,,"https://www.zhaopin.com/jobdetail/CCL1462672470J40736802716.htm?refcode=4019&srccode=401901&preactionid=a7c1140f-c46c-45e5-b867-ab342d8bdc77"
2598,硬件测试,西安-未央区,6000-9000元·13薪,陕西柏佳明轩电子科技有限公司,电子/半导体/集成电路,500-999人,,CCL1491612240J40796128212,岗位内容： 1. 执行硬件测试任务，并维护测试数据和文档； 2. 跟进测试过程中发现的问题，协助解决硬件缺陷； 3. 收集硬件测试需求，推动测试工具和方法的改进。 任职要求： 1. 熟悉常用的硬件测试方法和工具，有相关经验者优先考虑； 2. 善于沟通和协作，具有良好的团队合作精神； 3. 具备较强的学习和自我提升意愿，能够快速适应新环境和新技术。,7月24日,半导体代加工产业、主要生产半导体芯片。手机通讯类代加工！半导体代加工产业、主要生产半导体芯片。手机通讯类代加工！半导体代加工产业、主要生产半导体芯片。手机通讯类代加工！半导体代加工产业、主要生产半导体芯片。手机通讯类代加工！,"https://www.zhaopin.com/jobdetail/CCL1491612240J40796128212.htm?refcode=4019&srccode=401901&preactionid=a7c1140f-c46c-45e5-b867-ab342d8bdc77"
2599,测试工程师,上海-嘉定区,1-1.5万,万宝盛华企业管理咨询(上海)有限公司石家庄分公司,人力资源服务,10000人以上,已上市,CCL1318168350J40774022908,工作内容： 1.保证负责项目/任务能顺利进行。 2.实验涉及空气悬挂双腔电磁阀相关产品，支持内部的台架调试。 3.负责空气悬挂刚度阀产品开发测试 4.负责测试实施、结果分析和完成报告 5.协助或负责新产品新台架的搭建 6.负责台架的日常维护和故障处理 7.完成领导布置的其他工作 岗位要求： 1.大学本科学历及以上 2.积极主动，勇于接受挑战，有团队合作精神及个人影响力。 3.熟悉数据采集，电磁阀测试相关经验者优先。 4.了解传感器，工装相关知识,2月20日,万宝盛华大中华有限公司（HKEX:2180.HK），1997年服务启航于香港和台湾。迄今服务已覆盖上海、北京、广州、深圳、香港及台湾等逾20座直营城市，总部坐标上海。我们的大股东万宝盛华全球（ManpowerGroup Inc. NYSE:MAN）是全球人力资源解决方案领导者，拥有超过70年历史，服务网络覆盖80多个国家和地区。万宝盛华大中华深耕本土20余年，服务网络触达两岸四地160余城市，服务企业逾两万家。2015年，万宝盛华大中华战略联盟中信产业基金，加速布局本土战略。2019年7月10日，万宝盛华大中华股份有限公司成功登陆港交所。公司始终致力于释放人才的发展潜能，凭借灵活用工、人才寻猎、招聘流程外包、管理咨询及培训发展等人力资源综合解决方案，广受业界赞誉，屡次荣膺“亚太人力资源领军企业”。,"https://www.zhaopin.com/jobdetail/CCL1318168350J40774022908.htm?refcode=4019&srccode=401901&preactionid=a7c1140f-c46c-45e5-b867-ab342d8bdc77"
2600,实施工程师,上海-浦东新区,150-200元/天,上海麦格标识技术有限公司,"贸易/进出口,工业自动化,印刷/包装/造纸,仪器仪表制造",100-299人,,CC414034310J40141449702,"岗位职责：    1. 负责贴标系统相关客户技术支持   2. 负责喷墨设备相关客户技术支持   3. Zebra,SATO,Toshiba条码打印机技术支持  4.负责工业自动化设备安装、调试、维修   职位要求：    1.具有较强客户维护沟通协调能力，自我的学习能力。   2.略懂机械架构原理、有电工，PLC基础优先   3.能适应出差 （客户现场一周左右安装调试设备）   4.有英文基础，良好的学习与适应能力，   5.有喷墨设备技术服务经验优先。       职位福利：五险一金、绩效奖金、加班补助、交通补助、节日福利、年终分红、带薪年假、通讯补助  ",7月25日,"麦格关系企业创建于1995年,是一家综合性标识系统应用的企业,在国内外拥有多家分支机构，麦格关系企业在印刷、包装,食品,饮料,日化,医药,电线电缆,橡胶,塑料,钢铁,汽配和电子组件等行业,特别是在系统应用开发方面有着很好的声誉.现因公司发展需要引进人才。一旦录取，公司提供相关培训，欢迎有一年以上工作经验的大学毕业生，有意者请投递简历至：zhaopin@megawin.cn","https://www.zhaopin.com/jobdetail/CC414034310J40141449702.htm?refcode=4019&srccode=401901&preactionid=a7c1140f-c46c-45e5-b867-ab342d8bdc77"
2601,技术支持工程师,杭州-余杭区,6000-10000元,杭州百隆电子有限公司,"电子/半导体/集成电路,电子/半导体/集成电路",100-299人,未融资,CC164600310J40487124108,岗位职责：  1、负责与销售业务团队对接，收集新项目的需求。,7月23日,杭州百隆电子有限公司成立于2000年6月，是一家专业从事集成电路芯片设计、测试、批发零售及售后服务一体的高新技术企业，产品主要集中在专用集成电路与消费类集成电路两类。公司总部位于杭州市余杭区文一西路的未来科技城，在深圳和成都设有分公司，在广州、佛山、重庆、宁波等地设有办事处。杭州百隆电子依靠持之以恒的技术提高、质量控制、团队管理、客户关怀模式而持续发展壮大。2006年通过了ISO质量管理体系认证，2014年出货量突破4亿只，2015年投资上海矽诺微电子有限公司，2017年在杭州未来科技城购置了总部大楼。公司历经18年的稳定发展，培养了强大的技术和服务团队，拥有自主的测试洁净车间，并在业界赢得了良好口碑，产品畅销中华大地。公司的管理理念：公司是每个员工的，老板只是协调人员。正是这样的理念，公司设置了一系列的人性化和人文关怀的举措；也因如此，百隆的工作氛围非常融洽与和谐，百隆员工的工作热情和主动性很强。同时，公司也非常重视员工专业技能的提高和素质的培养，重视挖掘员工的潜能，通过一系列培训与分享，逐步把员工培养成能跟随公司发展而具备优秀能力、保持旺盛工作斗志的人才！公司热忱欢迎有志于从事芯片行业人才的加入！！我们提供：★假期享受：双休；1年以上工龄的员工享受带薪年假5-20天。★保险福利：五险、住房公积金、商业保险；★员工关怀：传统节日（春节、三八、端午、国庆、中秋、生日）福利、体检、下午茶、免息贷款；★团队建设：集体旅游（每年1次）、三年期旅游基金及旅游费用报销（最高达7000元/年）；★员工培训：重视员工的成长，提供内部培训、外部培训、学历提升或职业进修培训等多种培训方式；★职业发展：公司为员工提供广阔、自由、公开的职业发展平台。,"https://www.zhaopin.com/jobdetail/CC164600310J40487124108.htm?refcode=4019&srccode=401901&preactionid=a7c1140f-c46c-45e5-b867-ab342d8bdc77"
2602,软件测试,南宁-青秀区,6000-7000元,天阳科技,"计算机软件,计算机软件",1000-9999人,已上市,CC120408370J40439742908,1.全国项目驻场测试，主要负责功能、数据或接口等相关测试工作； 2.统招本科学历及以上（学信网可查）；毕业满2年；计算机专业优先； 3.热爱软件测试行业、有强力的自驱力，能够在测试岗位深入学习研究； 4.有无经验均可，服从公司安排，接受公司培养，可接受异地工作优先； 福利待遇： 上市公司、公司可提供住宿、定期体检、带薪年假； 欢迎符合要求的小伙伴们投递~ ,7月26日,天阳科技(股票代码：300872)，是全球金融创新服务的重要贡献者，持续赋能中国金融行业数字化转型，为客户提供咨询、金融科技产品、金融IT服务、云计算及运营服务。公司成立于2003年，服务超过300家金融行业客户，覆盖中央银行、政策性银行、国有银行、股份制银行、地方性商业银行、非银行金融机构等，员工人数近7000人，成为激活金融领域创新活力、推动金融科技迈入世界领先水平的重要力量。作为金融行业客户可信赖的合作伙伴，天阳科技凭借丰富的行业经验和端到端的专业服务，在信创、数字化金融、信贷、交易银行、信用卡、零售、营销、风险管理、征信监管等众多领域具备核心竞争力。据赛迪和IDC报告显示，近年来公司在中国银行业IT解决方案市场排名强势崛起，2019年收入及市场占有率综合排名分别位列第四位和第五位，并保持高速增长。同时，前瞻商业和科技趋势，入选2021年度未来银行科技服务商TOP100。天阳科技始终聚焦金融科技领域，加大自主创新力度，在超过100个城市建立本地化、专业化的研发和服务团队，拥有CMMI5级认证、软件测试成熟度模型集成（TMMi）3级认证、ISO9001质量管理体系认证、ISO20000信息技术服务管理体系认证、IS027001信息安全管理体系认证。通过部署人工智能、云计算、大数据、移动互联网、分布式计算和区块链等先进金融科技，公司致力于构建安全可控、普惠民生、开放共赢格局，在关键技术领域服务现代化金融发展大局，更好地为各利益相关方创造更大价值，为大中企业、小微企业以及每个个体提供优质金融服务。,"https://www.zhaopin.com/jobdetail/CC120408370J40439742908.htm?refcode=4019&srccode=401901&preactionid=a7c1140f-c46c-45e5-b867-ab342d8bdc77"
2603,技术支持工程师,深圳-坪山区,6000-8000元,酷哇科技有限公司,计算机软件,1000-9999人,C轮,CC451904230J40736911816,岗位职责 1.城服项目的现场调研，前期商务需求的调研，项目落地前的现场调研； 2.对现行的城服项目能够有效进行人事、设备、作业模式、财务成本、风险进行有效管理； 3.主导无人驾驶环卫设备（清扫车/垃圾转运车）的进场部署； 4.诊断设备运行异常（如路径规划失效、信号延迟），通过日志分析工具定位软硬件故障，推动研发团队迭代升级； 5.管理客户测试数据反馈闭环（如特殊场景漏扫问题），确保48小时内提供解决方案； 6.设计场景化演示方案（如早高峰作业、落叶季清扫），编制《智能设备操作手册》《突发故障处理指南》； 7.面向项目人员开展培训：手把手教授紧急制动、任务暂停等安全操作； 8.输出导入项目文档，确保客户签收合规性。 任职要求： 1.学历：大专及以上，机械电子工程、自动化、计算机相关专业； 2.经验：1-3年智能设备/机器人技术支持经验； 3.具有优秀的语言表达和文字内容呈现能力，有售前技术支持经验优先。,7月29日,酷哇机器人专注于城市复杂场景下自动驾驶和智能网联技术的研发及应用，是面向行业的自动驾驶解决方案提供商和基于智能网联技术的智慧城市服务运营商。是业内商业化落地最快的智能驾驶公司。作为业内商业化落地最快的自动驾驶公司，酷哇率先将自动驾驶技术应用到环卫车辆，发布了全球首台具备全路况清扫、智能路径规划的无人驾驶扫地车，这款无人驾驶扫地车将于长沙、芜湖、合肥、上海等地进行商业化落地。实现自动驾驶环卫车的产品化、商业化，有效解决传统环卫行业的安全事故高发、招工难、效率低下等痛点，推动环卫行业向高端化、智能化和无人化转型升级。同时，基于自主研发的智慧云脑系统、高精地图、车路协同的智慧环卫车队，从多维度协助城市构建智慧环卫体系，推动环卫行业向高端化、智能化和无人化转型升级。,"https://www.zhaopin.com/jobdetail/CC451904230J40736911816.htm?refcode=4019&srccode=401901&preactionid=a7c1140f-c46c-45e5-b867-ab342d8bdc77"
2604,Java,深圳-龙岗区,1.6-1.7万·13薪,深圳市智略云擎人工智能科技有限公司,人工智能,20-99人,,CCL1501176800J40815037608,岗位内容： 1. 设计、开发并维护Java应用程序。 2. 解决各种技术难题，保证代码的可靠性、高效性和安全性。 3. 参与软件设计的讨论和计划制定。 4. 与其他团队成员协作工作，提高团队整体技术水平。 任职要求： 1. 熟悉Java语言及相关技术，熟悉Spring框架。 2. 具有扎实的编程基础和良好的面向对象编程思想。 3. 对常见数据库如MySQL、Oracle等有一定的了解和应用经验。 4. 对Web开发技术有深入理解，熟悉前端技术如HTML、CSS、JavaScript等。,7月24日,,"https://www.zhaopin.com/jobdetail/CCL1501176800J40815037608.htm?refcode=4019&srccode=401901&preactionid=a7c1140f-c46c-45e5-b867-ab342d8bdc77"
2605,硬件测试,深圳-龙华区,8000-9000元·14薪,富士康新能源电池,电子设备制造,10000人以上,,CCL1491712110J40735406916,岗位内容： 1. 负责硬件测试流程的设计、建立和落地，包括测试用例编写，测试环境搭建等； 2. 进行硬件测试并记录测试相关数据，参与缺陷跟踪和管理； 3. 搭建硬件测试平台，提高测试效率和测试覆盖率。 任职要求： 1. 本科及以上学历，电子工程、自动化或相关专业； 2. 两年以上硬件测试相关工作经验，熟悉常用的测试方法和工具； 3. 熟练使用Python、C/C++等编程语言，有嵌入式开发经验者优先考虑； 4. 具备较强的自我驱动力和学习能力，善于思考和持续改进。,7月24日,公司业务一般经营项目是：热水器、光学、计量、检测仪器仪表、智能遥控器、电子加热元器件、电源分配器、电源转换接插座、五金塑胶制品、精密模具、各类计算机机箱、微型计算机、便携式计算机、笔记本计算机、多媒体计算机和服务器、数据通信多媒体系统、新型显示器、家用电热器具及装置、新型电力电子元器件、电线及电缆组件、电源供应器、电脑主机板、光电子专用材料、光电器材、有源及无源元器件、传感器、单模光纤及支撑通信网的新技术设备、通信及网络用相关卡板、光盘驱动器、多媒体电脑用视频信号录制和重放设备、数字音视频系统（不含电视机及国家限制产品）、精密陶瓷产品、光通讯陶瓷套管、光电夹工具、光电制造设备、塑料及其制品、数字照相机及关键件、复印机、无线电话、电子专用设备（含手机制造设备、半导体制造设备、LCD面板制造设备）、投影机、锡膏、液晶数字电视机、自动化接口设备、移动电话、多媒体电话、卫星导航定位接收设备、智能型电子玩具、汽车、家电及通讯等电子产品的锌、铝合金压铸及机加工零配件、多维立体眼镜、液晶一体销售终端电子收款机、打印机墨盒、新型环保节能灯具、袖珍式数据录放机器、安控产品、自动提款机、微型现金清分机、太阳能电池、太阳能电池组、智能穿戴产品、各类摄影摄像机及其附件、多媒体录制设备及其零配件、多媒体播放器、自动售货机（包括钱币兑换机）、自动柜员机、太阳能发电装置、智慧移动服务设备、二类医疗器械及上述产品的同类产品兼其零组件、配件（游戏机、数字卫星电视接收机除外）的研发、设计、销售、进出口及相关配套业务（不含专营、专控、专卖商品及限制项目）；非配额许可证管理、非专营商品的收购出口业务；技术咨询业务；广告业务；包装业务；仓储业务；物流业务；太阳能光伏并网发电及销售、合同能源管理业务；转让自行研发的技术成果。振荡雾化器的销售。以上经营范围不含卫星电视广播地面接收设施及关键件、导航电子地图编制、卫星传输服务等国家规定实施准入特别管理措施的项目，涉及备案许可资质的需取得相关证件后方可经营。，许可经营项目是：热水器、光学、计量、检测仪器仪表、智能遥控器、电子加热元器件、电源分配器、电源转换接插座、五金塑胶制品、精密模具、各类计算机机箱、微型计算机、便携式计算机、笔记本计算机、多媒体计算机和服务器、数据通信多媒体系统、新型显示器、家用电热器具及装置、新型电力电子元器件、电线及电缆组件、电源供应器、电脑主机板、光电子专用材料、光电器材、有源及无源元器件、传感器、单模光纤及支撑通信网的新技术设备、通信及网络用相关卡板、光盘驱动器、多媒体电脑用视频信号录制和重放设备、数字音视频系统（不含电视机及国家限制产品）、精密陶瓷产品、光通讯陶瓷套管、光电夹工具、光电制造设备、塑料及其制品、数字照相机及关键件、复印机、无线电话、电子专用设备（含手机制造设备、半导体制造设备、LCD面板制造设备）、投影机、锡膏、液晶数字电视机、自动化接口设备、移动电话、多媒体电话、卫星导航定位接收设备、智能型电子玩具、汽车、家电及通讯等电子产品的锌、铝合金压铸及其加工零配件、多维立体眼镜、液晶一体销售终端电子收款机、打印机墨盒、新型环保节能灯具、袖珍式数据录放机器、安控产品、自动提款机、微型现金清分机、太阳能电池、太阳能电池组、智能穿戴产品、各类摄影摄像机及其附件、多媒体录制设备、多媒体播放器、自动售货机（包括钱币兑换机）、自动柜员机、太阳能发电装置、游戏机、游戏机外壳、虚拟现实产品外壳、软件产品、物联网电子软硬件、计算机软硬件、计算机系统集成、计算机网络技术、计算机网络软件、计算机应用软件、智慧移动服务设备、二类医疗器械及上述产品的同类产品兼其零组件、配件的生产；精密仪器、设备维修；钢板冲压、裁切加工。振荡雾化器的加工。以上经营范围不含卫星电视广播地面接收设施及关键件、导航电子地图编制、卫星传输服务等国家规定实施准入特别管理措施的项目，涉及备案许可资质的需取得相关证件后方可经营。,"https://www.zhaopin.com/jobdetail/CCL1491712110J40735406916.htm?refcode=4019&srccode=401901&preactionid=a7c1140f-c46c-45e5-b867-ab342d8bdc77"
2606,软件测试,深圳-宝安区,7000-9000元,深圳市欣和信息技术有限公司,计算机软件,20-99人,,CCL1479631300J40866050315,岗位内容： 1. 设计和执行测试用例，并记录测试结果。 2. 分析并报告软件缺陷，包括重现步骤、缺陷严重程度和影响范围。 3. 参与产品设计过程，提供测试建议和反馈。 4. 开发自动化测试脚本和工具。 5. 执行性能和负载测试的任务。 任职要求： 1. 具有本科以上学历，计算机科学或相关领域优先。 2. 熟悉测试方法论和流程，能够编写高质量的测试用例。 3. 熟练使用至少一种自动化测试框架和脚本语言（如Selenium、Python、Robot Framework）。 4. 了解软件开发周期和敏捷开发流程。 5. 优秀的沟通和协作能力，能够与跨部门的团队成员合作。  早九晚六双休。,2025-07-28 00:31:41,,"https://www.zhaopin.com/jobdetail/CCL1479631300J40866050315.htm?refcode=4019&srccode=401901&preactionid=a7c1140f-c46c-45e5-b867-ab342d8bdc77"
2607,软件测试,重庆-綦江区,8000-10000元,重庆科满福人力资源服务有限公司,企业服务,20-99人,,CCL1487604860J40922544704,【岗位职责】： 1、软件测试岗位职责  2、接受测试任务，进行需求分析 3、按照测试计划搭建测试环境，并保证测试环境的可靠性 4、按照测试计划编亏测试用例，保证测试用例合理有效 5、按照测试用例执行测试，及时发现缺陷，并使用工具进行管理缺陷 6、编写和提交测试报告，保证测试进度按计划完成 7、参与审核其他测试工程师的测试用例和报告 8、学习公司已有方案和推广使用新的测试技术和工具,6月28日,,"https://www.zhaopin.com/jobdetail/CCL1487604860J40922544704.htm?refcode=4019&srccode=401901&preactionid=a7c1140f-c46c-45e5-b867-ab342d8bdc77"
2608,硬件测试,北京-None,5000-10000元·13薪,北京威莱科技有限公司,互联网,100-299人,,CCL1469451920J40448246111,硬件测试工程师主要负责硬件产品的测试工作，保证测试质量及测试工作的顺利进行，并参与硬件测试技术和规范的改进与制定。具体职责包括：设计或审核硬件测试大纲和测试案例，编写或审核测试报告和指导文档；对部分测试案例进行测试，搭建测试环境，编写自动化测试脚本，撰写测试报告；参与产品设计评审，协助研发部门和质量管理部门完成量产前的硬件测试；通过硬件测试发现产品设计缺陷，根据测试结果和测试过程中出现的问题对产品提出合理的改进建议；协助解决与硬件相关的技术问题，对相关工作人员提供技术支持。,10月1日,,"https://www.zhaopin.com/jobdetail/CCL1469451920J40448246111.htm?refcode=4019&srccode=401901&preactionid=a7c1140f-c46c-45e5-b867-ab342d8bdc77"
2609,前端开发,济南-历城区,7000-8000元·13薪,山东晔翀大数据科技有限公司,计算机软件,20-99人,,CCL1501465650J40758617709,岗位内容： 1.负责网页界面前端构建工作，利用各种web技术将设计稿转换成最终web页面，并且完成兼容性测试; ,7月21日,,"https://www.zhaopin.com/jobdetail/CCL1501465650J40758617709.htm?refcode=4019&srccode=401901&preactionid=a7c1140f-c46c-45e5-b867-ab342d8bdc77"
2610,测试工程师,益阳-沅江市,6000-8000元,湖南潇湘人力资源服务有限公司,"人力资源服务,培训/辅导服务,房地产中介,计算机硬件",300-499人,B轮,CC419440410J40727738616,益阳沅江招测试工程师： ①熟手：有柴油发电机测试相关工作经验2年以上的综合月薪10000+ ②应届生:电气相关专业的大专本科生（机电一体化，电气工程师等与电相关的专业都可以），21元/小时，综合月薪6-8K，可以往测试工程师培养 有意向可以投递简历哦,7月24日,湖南潇湘人力资源服务有限公司，系经工商行政管理局批准设立的，具有独立企业法人资格，并经人力资源和社会保障部批准备案，具有合法人力资源服务资质的，专业人力资源服务机构。公司积极响应国家号召，搭建供需平台，畅通就业渠道，充分发挥人力资源机构在促进就业中的积极作用，多渠道扩大就业。公司致力于打造成为立足湖南、覆盖全国的综合性专业人力资源服务供应商，依托于招聘会场和网络平台，为各企事业单位开展现场招聘、网络招聘、报纸招聘、代理招聘、招聘外包、劳务派遣、高级人才猎头和人力资源管理咨询等专业配套服务；为求职个人提供职业咨询、职业指导、职业介绍等就业服务。公司现场招聘平台--湖南招聘市场，于每周六、周日在贺龙体育场东门举办招聘会，欢迎各企事业单位和各类人才通过现场直面交流，我们将以专业、专注的精神，为您招才、择业，提供全面、优质的服务！招聘热线：400-000-7318、0731-83759001/02/03/04/05/06/07/08/09/10招聘会场：贺龙体育场正东门--湖南招聘市场(芙蓉中路、侯家塘北、摩天轮广场上台阶)乘车路线：1：乘105、115、150、159路至“侯家塘北”2：乘101、104、701、702、703、905路、长株潭201路至“侯家塘-芙蓉中路”3：乘旅2、2、4、8、104、123、137、140、145、160、202、314、402、601、803、804、906、908路至“侯家塘西”往芙蓉路至“侯家塘北”详情请访问： http://www.hnzpsc.com,"https://www.zhaopin.com/jobdetail/CC419440410J40727738616.htm?refcode=4019&srccode=401901&preactionid=a7c1140f-c46c-45e5-b867-ab342d8bdc77"
2611,软件测试,苏州-工业园区,6000-10000元·14薪,寻息电子,"IT服务,通信/网络设备,计算机软件,电子/半导体/集成电路",300-499人,B轮,CC207724430J40784942212,1、211/985统招计算机相关专业本科或研究生学历； 2、掌握Java开发语言，熟悉Spring、SpingBoot或者SpingCloud、Mybatis等开源框架； 3、掌握数据库基本原理，熟悉MySql数据库管理系统； 4、优秀的主动学习、独立思考、分析和解决问题的能力； 5、积极进取，责任心强，具有良好的团队精神、沟通表达能力； 6、有过一定的实际项目经验者优先；,7月9日,苏州寻息电子科技有限公司是一家物联网领域的高新技术企业，公司以室内外精准定位技术为核心，面向工业、工程建设、智慧养老、智慧大楼、智慧医院等场景提供了广泛的物联网硬件设备及解决方案。经过多年创新发展，寻息电子已拥有钛准定位、蓝牙探测定位、终端自主定位等多种行业领先的定位技术方案；在定位硬件设备上，寻息电子蓝牙定位信标已被广泛应用于人员、资产、设备、车辆精准定位管理与手机室内定位导航等诸多场景之中，在室内外环境下均表现出了卓越的产品性能。公司成立至今，网络设备被腾讯、中国铁建、中国化工集团、中船工业集团、北京市政等合作伙伴应用于国内外超过3000个大型建筑，推动无数场景成功实现了位置信息的智慧物联。寻息电子旗下拥有两家子公司，分别为苏州真趣信息科技有限公司与苏州寻锡源电子科技有限公司。其中真趣科技以优越的定位技术为支撑，重点在人员与物品定位管理、运营精细化管理、安全保障方面形成了突出的产品服务能力，在10+行业领域拥有完善成熟的室内外位置服务方案。苏州寻锡源具备专业级全进口SMT生产线和DIP生产线，以优异的品质、良好的信誉以及强大的产品交付能力为国内外客户提供优质的电子硬件生产服务。,"https://www.zhaopin.com/jobdetail/CC207724430J40784942212.htm?refcode=4019&srccode=401901&preactionid=a7c1140f-c46c-45e5-b867-ab342d8bdc77"
2612,科研人员,郑州-管城回族区,8000-13000元·13薪,牧原实验室,学术/科研,100-299人,,CCL1241575100J40681880007,职位描述： 1、负责微藻培养、采收及培养液回用等工艺技术开发；,11月9日,,"https://www.zhaopin.com/jobdetail/CCL1241575100J40681880007.htm?refcode=4019&srccode=401901&preactionid=a7c1140f-c46c-45e5-b867-ab342d8bdc77"
2613,测试工程师,石家庄-新华区,120-150元/天,广电计量检测(北京)有限公司,检测/认证,1000-9999人,已上市,CC349915230J40759377811,岗位职责： 1.完成环境与可靠性试验领域（霉菌、盐雾、震动等）测试工作。 2.提供有效检测数据和检测报告。 3.负责实验室日常设备保养。 任职要求： 1.实习最少半年。 2.统招大专及以上学历，机械、电子、通信、电气等相关专业 3.动手能力强，勤于思考。 4.工作主动，擅长沟通交流。,7月18日,广电计量是原信息产业部电子602计量站，经过50余年的发展，现已成为一家全国化、综合性的国有第三方计量检测机构，专注于为客户提供计量、检测、认证以及技术咨询与培训等专业技术服务，在计量校准、可靠性与环境试验、电磁兼容检测等多个领域的技术能力及业务规模处于国内领先水平。广电计量的技术能力获得了众多国内外权威机构和组织的认可和授权，通过了中国合格评定国家认可委员会认可（CNAS），获得检验检测机构资质认定（CMA）、农产品质量安全检测机构（CATL）以及众多政府和行业权威机构的认可资质，是农业部“三品一标”检测实验室、全国土壤污染详查推荐检测实验室、中国CB实验室，出具的证书、报告具有国际公信力，可帮助客户稳健开拓本地市场乃至全球市场。广电计量构建了覆盖全国的服务保障网络，在国内建有23个计量检测基地和50多家分子公司，实验室总面积超过16万平方米，配置国内外高端设备仪器30000多台/套，搭建的全国一体化计量检测与认证技术公共服务平台，可迅速响应客户需求，为客户提供近距离、本地化的专业服务。作为一家拥有高度社会责任感的国有企业，广电计量以助推各区域经济高质量发展、助力企业品质提升为己任。目前，广电计量的服务能力覆盖汽车、航空、轨道交通、船舶、通信、电力、电子电器、食品、环保、农业、医疗、石化等领域，凭借专业的计量检测技术之力，广电计量可帮助各行业产业链上下游客户提升自身竞争力，实现产品全寿命周期的质量管控。在品质决胜未来的发展新时代，广电计量将继续秉持科学、公正、准确、快捷、周到的服务理念，为高质量发展传递信任，为建设“和谐美丽”中国保驾护航！,"https://www.zhaopin.com/jobdetail/CC349915230J40759377811.htm?refcode=4019&srccode=401901&preactionid=a7c1140f-c46c-45e5-b867-ab342d8bdc77"
2614,Java,上海-青浦区,1.5-3万·14薪,外企德科数字技术有限公司,专业技术服务,10000人以上,,CCL1480117890J40624752405,岗位特点：   1、薪酬一般15-30k，根据笔试与面试结果进行定薪；   2、双休，每个月最后一个周六固定加班，双倍工资；   3、五险一金入职就有，试用期薪资不打折；   4、入职＆年度免费体检、免费夜宵、班车／加班打车免费、下午茶、节假日礼品等福利补贴。,2025-07-27 00:23:23,外企德科数字技术有限公司是一家2023年新成立的中外合资企业。成立于2023年11月24日，公司定位：专注于为信息技术企业提供人才及数字技术外包解决方案的中外合资企业。它是由中国人力资源服务行业的FESCO（北京国际人力资本集团）与全球人力资源服务领导者The Adecco Group（德科集团）合资成立的。公司主要提供网络技术服务、软件外包服务、计算机系统服务、技术进出口、软件开发等信息技术相关服务。专注于为信息技术企业提供信息技术类人才及数字技术外包解决方案。,"https://www.zhaopin.com/jobdetail/CCL1480117890J40624752405.htm?refcode=4019&srccode=401901&preactionid=a7c1140f-c46c-45e5-b867-ab342d8bdc77"
2615,测试工程师,海口-龙华区,5000-7000元,天阳科技,"计算机软件,计算机软件",1000-9999人,已上市,CC120408370J40824159508,1.全国项目驻场测试，主要负责功能、数据或接口等相关测试工作； 2.统招本科学历及以上（学信网可查）；毕业满2年；计算机专业优先； 3.热爱软件测试行业、有强力的自驱力，能够在测试岗位深入学习研究； 4.有无经验均可，服从公司安排，接受公司培养，可接受异地工作优先； 福利待遇： 上市公司，公司可以提供住宿，提供五险一金； 欢迎符合要求的小伙伴们投递~,7月26日,天阳科技(股票代码：300872)，是全球金融创新服务的重要贡献者，持续赋能中国金融行业数字化转型，为客户提供咨询、金融科技产品、金融IT服务、云计算及运营服务。公司成立于2003年，服务超过300家金融行业客户，覆盖中央银行、政策性银行、国有银行、股份制银行、地方性商业银行、非银行金融机构等，员工人数近7000人，成为激活金融领域创新活力、推动金融科技迈入世界领先水平的重要力量。作为金融行业客户可信赖的合作伙伴，天阳科技凭借丰富的行业经验和端到端的专业服务，在信创、数字化金融、信贷、交易银行、信用卡、零售、营销、风险管理、征信监管等众多领域具备核心竞争力。据赛迪和IDC报告显示，近年来公司在中国银行业IT解决方案市场排名强势崛起，2019年收入及市场占有率综合排名分别位列第四位和第五位，并保持高速增长。同时，前瞻商业和科技趋势，入选2021年度未来银行科技服务商TOP100。天阳科技始终聚焦金融科技领域，加大自主创新力度，在超过100个城市建立本地化、专业化的研发和服务团队，拥有CMMI5级认证、软件测试成熟度模型集成（TMMi）3级认证、ISO9001质量管理体系认证、ISO20000信息技术服务管理体系认证、IS027001信息安全管理体系认证。通过部署人工智能、云计算、大数据、移动互联网、分布式计算和区块链等先进金融科技，公司致力于构建安全可控、普惠民生、开放共赢格局，在关键技术领域服务现代化金融发展大局，更好地为各利益相关方创造更大价值，为大中企业、小微企业以及每个个体提供优质金融服务。,"https://www.zhaopin.com/jobdetail/CC120408370J40824159508.htm?refcode=4019&srccode=401901&preactionid=a7c1140f-c46c-45e5-b867-ab342d8bdc77"
2616,实施工程师,济南-历下区,3000-5000元,慧族网络科技发展(济南)有限公司,"计算机软件,IT服务,互联网,计算机硬件",20-99人,未融资,CC836709610J00116347512,现招聘技术支持1名，主要负责软件安装、培训、售后维护；,7月10日,慧族，依托慧族人 21年的深厚行业积淀，在移动互联网领域绽放璀璨光芒，是一家软硬件开发实力皆处于行业领先地位的领军企业。发展史2004年，慧族于济南创立，初期聚焦为山东中小企业提供信息化管理服务，以专业周到的服务积累起良好的市场口碑。2006年，公司敏锐洞察市场先机，正式进军软件定制开发领域，不断拓展业务边界，开启新的发展篇章。2008年，为构建完整的技术闭环，慧族成立硬件团队，自此踏上软硬件协同发展的新征程。​2014年，慧族正式注册，凭借前期在技术上的深厚沉淀，在中小企业定制软件开发领域迅速崭露头角。此后，公司持续拓展业务版图，积极涉足小程序、微网站等多元领域，不断丰富业务布局。2024年，慧族整合国内多家硬件供应商与材料商，深度融合自身的软硬件技术优势，实现了对智慧型物联网行业的全面覆盖，成功打造上万个经典案例，逐步成长为行业内的领军企业。规模慧族公司规模持续壮大，已构建起庞大且多元的商业格局。目前，公司拥有 100余名国内经验丰富的研发工程师，专注于移动互联网软硬件技术开发，凭借深厚的技术积淀，公司在小程序、APP、网站及物联网开发等领域屡创优异成绩，有力助力慧族在智慧型物联网行业站稳脚跟，推动上万个成功案例落地。慧族在软件与硬件领域的营收表现出色·，形成多渠道增长的良好态势。据不完全统计，软件业务方面，依托八戒平台与自营渠道双线发力，在八戒平台年产值约 1000万，自营渠道年产值达 1400万，合计软件业务年产值约 2400万。硬件业务同样成果丰硕，八戒平台年产值约 600万，直营渠道年产值 800万，硬件业务年产值约 1400万。凭借在小程序、APP、网站及物联网开发等领域的技术优势，慧族实现软件与硬件业务年产值总计约 3800万。,"https://www.zhaopin.com/jobdetail/CC836709610J00116347512.htm?refcode=4019&srccode=401901&preactionid=a7c1140f-c46c-45e5-b867-ab342d8bdc77"
2617,测试工程师,西宁-城西区,5000-7000元,天阳科技,"计算机软件,计算机软件",1000-9999人,已上市,CC120408370J40824159608,1.全国项目驻场测试，主要负责功能、数据或接口等相关测试工作； 2.统招本科学历及以上（学信网可查）；毕业满2年；计算机专业优先； 3.热爱软件测试行业、有强力的自驱力，能够在测试岗位深入学习研究； 4.有无经验均可，服从公司安排，接受公司培养，可接受异地工作优先； 福利待遇： 上市公司，公司可以提供住宿，提供五险一金； 欢迎符合要求的小伙伴们投递~,7月25日,天阳科技(股票代码：300872)，是全球金融创新服务的重要贡献者，持续赋能中国金融行业数字化转型，为客户提供咨询、金融科技产品、金融IT服务、云计算及运营服务。公司成立于2003年，服务超过300家金融行业客户，覆盖中央银行、政策性银行、国有银行、股份制银行、地方性商业银行、非银行金融机构等，员工人数近7000人，成为激活金融领域创新活力、推动金融科技迈入世界领先水平的重要力量。作为金融行业客户可信赖的合作伙伴，天阳科技凭借丰富的行业经验和端到端的专业服务，在信创、数字化金融、信贷、交易银行、信用卡、零售、营销、风险管理、征信监管等众多领域具备核心竞争力。据赛迪和IDC报告显示，近年来公司在中国银行业IT解决方案市场排名强势崛起，2019年收入及市场占有率综合排名分别位列第四位和第五位，并保持高速增长。同时，前瞻商业和科技趋势，入选2021年度未来银行科技服务商TOP100。天阳科技始终聚焦金融科技领域，加大自主创新力度，在超过100个城市建立本地化、专业化的研发和服务团队，拥有CMMI5级认证、软件测试成熟度模型集成（TMMi）3级认证、ISO9001质量管理体系认证、ISO20000信息技术服务管理体系认证、IS027001信息安全管理体系认证。通过部署人工智能、云计算、大数据、移动互联网、分布式计算和区块链等先进金融科技，公司致力于构建安全可控、普惠民生、开放共赢格局，在关键技术领域服务现代化金融发展大局，更好地为各利益相关方创造更大价值，为大中企业、小微企业以及每个个体提供优质金融服务。,"https://www.zhaopin.com/jobdetail/CC120408370J40824159608.htm?refcode=4019&srccode=401901&preactionid=a7c1140f-c46c-45e5-b867-ab342d8bdc77"
2618,技术支持工程师,武汉-洪山区,4000-8000元,武汉紫音科技有限公司,"云计算/大数据,IT服务,计算机软件,计算机硬件",20-99人,未融资,CCL1327761750J40745093801,岗位职责：1.客户支持与工单处理   负责及时响应并处理客户提交的工单、问题反馈，提升客户满意度。   协助大客户进行产品定制、续费、资源变更等服务需求的跟进与落实。,7月21日,公司成立于2021年，是一家专注于IDC、云计算与软件开发的科技公司，主营业务涵盖物理服务器销售、云服务器租用、软件定制开发与SaaS软件销售。我们致力于为企业客户提供稳定高效的IT基础设施和数字化解决方案，助力客户实现业务智能化与云端化转型。,"https://www.zhaopin.com/jobdetail/CCL1327761750J40745093801.htm?refcode=4019&srccode=401901&preactionid=a7c1140f-c46c-45e5-b867-ab342d8bdc77"
2619,科研人员,合肥-蜀山区,2-2.8万·14薪,科大国盾量子技术股份有限公司,"通信/网络设备,运营商/增值服务,电子/半导体/集成电路,计算机硬件",300-499人,已上市,CC201133020J40556652313,岗位职责： 1、负责公司在研项目的具体开发工作，如硬件开发、光学开发等； 2、参与预研技术类、产业规划类项目的信息调研； 3、调研量子信息技术的前沿进展，组织分析新技术、新方向对本行业和公司发展的影响。 任职要求： 1、具备良好的政治素质和道德修养水平，遵纪守法，品学兼优，身体健康； 2、年龄在35周岁以下非在职博士（条件特别优秀者可放宽至40周岁），获得博士学位不超过三年； 3、物理学、光学、电子信息、数学、计算机、密码学等相关专业。 博士后补贴： 以博士后工作站方式培养，同时可享受省市区级博士后补贴，具体如下： 1、省级生活补助10-30万/人 2、留肥补贴50万元/人,5月13日,国盾量子成立于2009年，主要从事量子通信、量子计算、量子精密测量产品的研发、生产和销售，并提供相关技术服务，是中国量子信息产业化的开拓者、实践者和引领者，A股唯一的量子科技上市公司（688027.SH）。量子通信领域，公司是全球领先的量子通信设备制造商和量子安全解决方案供应商，产品应用于量子通信“京沪干线”等骨干网，合肥、北京、上海等城域网，服务政务、金融、电力等领域。量子计算领域，公司参与“祖冲之号”系列超导量子计算机研制，已成长为全球少数可提供超导量子计算整机解决方案的企业，开放接入176比特超导量子计算机的量子计算云平台，并重点布局“超量融合”。量子精密测量领域，冷原子重力仪等产品实现销售，成为新的业务增长点。,"https://www.zhaopin.com/jobdetail/CC201133020J40556652313.htm?refcode=4019&srccode=401901&preactionid=a7c1140f-c46c-45e5-b867-ab342d8bdc77"
2620,测试工程师,衢州-柯城区,5000-7000元,天阳科技,"计算机软件,计算机软件",1000-9999人,已上市,CC120408370J40824181708,1.全国项目驻场测试，主要负责功能、数据或接口等相关测试工作； 2.统招本科学历及以上（学信网可查）；毕业满2年；计算机专业优先； 3.热爱软件测试行业、有强力的自驱力，能够在测试岗位深入学习研究； 4.有无经验均可，服从公司安排，接受公司培养，可接受异地工作优先； 福利待遇： 上市公司，公司可以提供住宿，提供五险一金； 欢迎符合要求的小伙伴们投递~,7月18日,天阳科技(股票代码：300872)，是全球金融创新服务的重要贡献者，持续赋能中国金融行业数字化转型，为客户提供咨询、金融科技产品、金融IT服务、云计算及运营服务。公司成立于2003年，服务超过300家金融行业客户，覆盖中央银行、政策性银行、国有银行、股份制银行、地方性商业银行、非银行金融机构等，员工人数近7000人，成为激活金融领域创新活力、推动金融科技迈入世界领先水平的重要力量。作为金融行业客户可信赖的合作伙伴，天阳科技凭借丰富的行业经验和端到端的专业服务，在信创、数字化金融、信贷、交易银行、信用卡、零售、营销、风险管理、征信监管等众多领域具备核心竞争力。据赛迪和IDC报告显示，近年来公司在中国银行业IT解决方案市场排名强势崛起，2019年收入及市场占有率综合排名分别位列第四位和第五位，并保持高速增长。同时，前瞻商业和科技趋势，入选2021年度未来银行科技服务商TOP100。天阳科技始终聚焦金融科技领域，加大自主创新力度，在超过100个城市建立本地化、专业化的研发和服务团队，拥有CMMI5级认证、软件测试成熟度模型集成（TMMi）3级认证、ISO9001质量管理体系认证、ISO20000信息技术服务管理体系认证、IS027001信息安全管理体系认证。通过部署人工智能、云计算、大数据、移动互联网、分布式计算和区块链等先进金融科技，公司致力于构建安全可控、普惠民生、开放共赢格局，在关键技术领域服务现代化金融发展大局，更好地为各利益相关方创造更大价值，为大中企业、小微企业以及每个个体提供优质金融服务。,"https://www.zhaopin.com/jobdetail/CC120408370J40824181708.htm?refcode=4019&srccode=401901&preactionid=a7c1140f-c46c-45e5-b867-ab342d8bdc77"
2621,Java,南京-鼓楼区,1-2万,通联支付,"证券/期货,互联网",1000-9999人,,CC236361810J40740015609,一、岗位职责,6月3日,通联支付网络服务股份有限公司是在国内外支付产业持续多年保持快速增长、未来发展空间广阔的背景下于2008年10月在上海正式成立，公司目前资本金人民币14.6亿元，主要股东包括上海国际信托有限公司、上海国际集团投资管理有限公司和中国万向控股有限公司等机构。公司立足于方兴未艾、有广阔发展前景的金融支付产业，为各类商户和个人提供创新的一站式支付解决方案，并为包括银行、证券、基金、信托等各类金融机构提供第三方专业化服务。在国家有关主管部门的支持下，公司依托雄厚的资金实力、先进的经营机制和优秀的企业文化，致力于成为国内最有竞争力的第三方金融与支付服务提供商。公司核心团队拥有卓越职业声誉，对金融行业尤其支付行业有着深刻理解和丰富经验，并分别具备管理、市场、业务和技术专长。为满足公司快速发展需要，欢迎热爱第三方金融与支付事业、勇于挑战自我的各界英才加盟。公司鼓励创新的文化氛围及全力以赴的企业精神，将是您展示个人才华、追求成长空间的事业平台。,"https://www.zhaopin.com/jobdetail/CC236361810J40740015609.htm?refcode=4019&srccode=401901&preactionid=a7c1140f-c46c-45e5-b867-ab342d8bdc77"
2622,硬件测试,泰州-靖江市,5000-7000元,江苏泰斯特电子设备制造有限公司,"仪器仪表制造,电子/半导体/集成电路,学术/科研,船舶/航空/航天/火车制造",100-299人,未融资,CC537552029J00208930903,岗位要求：,7月25日,简介：江苏泰斯特电子设备制造有限公司成立于2008年，作为中国领先的结构力学性能测试分析系统解决方案提供商，确立了传感器、测试仪器、分析软件、基于云计算和物联网技术的云平台远程在线监测系统、系统定制五大产品体系，已为数千家用户提供完整系统解决方案。　TST拥有一流的软件硬件开发人员和完善的生产制造工厂，产品广泛应用于土木工程、航空航天、兵器舰船、交通运输、能源电力、机械制造等行业，成为结构力学性能测试领域的代表性品牌。　TST已在10多个重点城市设有办事处，20多个城市建立了服务中心，逐步建立覆盖全国的销售服务网络，为客户提供及时、高效、全面的咨询和售后服务。荣誉：公司拥有国家授权专利36项，软件著作权9项，被认定为国家级高新技术企业，江苏省软件企业、江苏省科技型中小企业、江苏省民营科技企业、江苏省优秀软件企业和泰州市三星级数字企业；公司通过ISO9001及GJB质量管理体系认证、计量保证确认，具备制造计量器具生产许可证资格。产品：我们测量应变、加速度、速度、位移、噪声、扭矩、温度、电压、电流、压力、功率、湿度、阻抗、频率、流量、转速......几乎所有物理量近10年来，TST一直致力于仪器、软件及传感器的设计、研发、制造，并提供测试方案、软硬件定制、数据分析、测试报告、现场施工......几乎所有工作集于一身理念：把测试交给仪器将思想留给自己,"https://www.zhaopin.com/jobdetail/CC537552029J00208930903.htm?refcode=4019&srccode=401901&preactionid=a7c1140f-c46c-45e5-b867-ab342d8bdc77"
2623,测试工程师,深圳-龙岗区,8000-10000元,东营玖沐光年数字科技有限公司,人工智能,100-299人,未融资,CCL1483578820J40768663110,岗位内容：  1. 设计测试用例并执行测试计划，对软件功能、性能、稳定性等进行全面测试。 2. 编写测试报告和Bug汇报，跟踪Bug的解决过程，并及时反馈BUG情况给研发团队。 3. 参与产品设计和需求评审，提供测试意见和建议。 4. 熟悉自动化测试框架或工具，并进行相关测试工作。 任职要求：  1. 本科以上学历，计算机相关专业，有测试经验。 2. 熟悉软件测试流程和常用的测试方法、工具，熟悉至少一种自动化测试工具。 3. 具备良好的沟通协调能力和团队合作精神。,7月25日,"东营玖沐光年数字科技有限公司位于山东省东营市，致力于为多领域客户提供数字文化创意软件开发、人工智能应用开发及大数据技术服务，业务涵盖软件开发、系统集成、数据处理支持等核心领域，同时延伸至数字内容制作、物联网技术研发等创新方向。公司凭借聚焦于技术开发与场景落地的业务布局，形成以数字技术驱动的新型解决方案服务体系。在技术实力方面，公司深耕人工智能算法开发与数字文化创意技术的融合创新，覆盖基础软件开发至行业应用落地的全链路服务，并依托专业的研发团队提供定制化系统集成服务。其业务涉及前端开发、测试运维等多个技术模块，通过数字技术与文化创意、商业服务的交叉应用构建服务矩阵。成立至今，公司已初步建立覆盖技术研发、产品运营、市场落地的复合型团队。企业注重技术与服务的场景化创新，坚持""技术驱动服务、创意赋能价值""的发展理念，逐步构建开放协作的企业文化。随着数字经济领域的深入拓展，公司正积极探索人工智能与行业应用的深度融合方向，持续强化技术创新与服务能力，为各行业数字化转型提供技术支撑与实践经验。","https://www.zhaopin.com/jobdetail/CCL1483578820J40768663110.htm?refcode=4019&srccode=401901&preactionid=a7c1140f-c46c-45e5-b867-ab342d8bdc77"
2624,软件测试,济南-历下区,7000-12000元,山东首瀚信息科技有限公司,"网络/信息安全,网络/信息安全,物联网",20-99人,未融资,CC342074880J40701268010,岗位职责：  1、负责测试需求分析，编写测试用例；    2、搭建测试环境，准备测试数据；    3、完成软件功能测试、性能测试、安全测试等，撰写测试报告；    4、参与产品需求评审、软件设计评审、测试报告评审等相关评审工作；    5、支持产品售后保障工作，执行各类现场测试。      任职要求：  1、本科及以上学历，有网络产品测试经验者优先；    2、熟悉TCP/IP协议，了解常用的应用协议，例如FTP、HTTP/HTTPs等；    3、了解常用客户端、服务端开发和测试工具，如Jmeter、Selenium、Postman、Fiddle等；    4、熟悉Windows/Linux操作系统和网络知识，熟练使用Linux命令；    5、至少了解一种数据库，如Mysql，Sqlserver，Oracle等，使用SQL语言；,1月17日,山东首瀚信息科技有限公司（简称“首瀚科技”）成立于2015年，注册资金2000万元，是一家集信息安全产品研发、生产、销售、运营、服务为一体的综合型高新技术企业，公司具备信息安全领域的产品技术研发和生产能力，荣获高新技术企业、军工二级保密资质、科技型中小企业、ISO 9001质量体系认证、ISO 14001环境管理体系认证、ISO 45001职业健康安全管理体系认证、ISO 27001信息安全管理体系认证、ISO 20000 IT信息技术服务管理体系认证等资质荣誉，先后申请并获得国家发明专利和实用新型专利10余项、软件著作权20余项、山东省技术创新成果奖2项。首瀚科技产品体系包括国产基础软硬件适配、网络边界安全防护、工业控制安全、数据安全四大产品线，提供行业有竞争力的系列化产品和解决方案，相关产品已获得公安部计算机信息系统安全专用产品销售许可和检验检测报告2项、信息技术产品安全测试证书1项、大数据产品证书2项。首瀚科技相继加入国产化生态联盟，与产业链上下游的优势资源建立友好合作关系，目前主营产品已完成与申威、龙芯、飞腾主流国产处理器和麒麟、统信主流国产操作系统的兼容适配，获得产品认证证书10余项，将为党政军、企业、金融等客户提供安全可控的产品及解决方案。,"https://www.zhaopin.com/jobdetail/CC342074880J40701268010.htm?refcode=4019&srccode=401901&preactionid=a7c1140f-c46c-45e5-b867-ab342d8bdc77"
2625,实施工程师,恩施-咸丰县,9000-18000元,青岛安然物联网科技有限公司,"物联网,物联网",20-99人,未融资,CC559764920J40823805304,需要弱电技术、自动化、安防系统、工业互联网+危化安全生产、物联网人才，不要纯软件人才。  你能经常到全国各地出差吗？你能到工业生产现场生产现场做技术支持吗？   真正的奋斗者在安然会有让人值得为之奋斗的事业，会有充实、高效的成长，会有高人一等的收入。   你能做好售前技术支持、根据客户需求，高效制作方案吗？你能做好售中技术支持、指导他人正确安装、部署、调试系统向用户保质保量快速交付吗？你能做好售后维护，高效沟通和落实客户需求吗？   迄今已服务中石化、中石油、延长石油、国能、兖矿、京能、索普、新安、奇美、昊源、潞安、旭阳、垦利、逸盛、海科、酒钢、金发等几百家石化、化工、选煤、钢铁、电厂企业。    安然以客户为中心，以强者为本，抬头乐干，愿意与同道中人联合、链接，携手共建、共用、共享生产安全命运共同体，一起干，一起干，让优秀企业更安全，让优秀企业更高效！,7月3日,基于精准人员定位的工业安全生产信息化管理专家，安全生产信息化管理引领者！作为全国实时定位技术标准工作组成员和应急管理部“工业互联网+危化安全生产”人员定位系统技术支持机构，安然从2012年起致力于基于ZigBee Plus三维立体按需精准定位的“工业互联网+安全生产”的研究，获得了20多项安全智能管控系统发明专利和著作权，持续引领中国化工行业生产现场智慧安全！安然以“准、稳、狠”的ZigBee Plus三维立体按需精准人员定位统和“底数清、数据准、情况明、研判准、措施实”的安全生产信息化平台为核心，整合访客管理、出入口控制、人脸识别、视频监控、语音广播、重大危险源监控、可燃有毒气体监测等系统，对生产现场人、机、料、法、环五大要素进行实时、动态、智能管控和预警，规范人的安全行为，保障人的生命安全，有效防范风险、主动化解风险，实现智慧安全。安然“以用为本”，把安全生产信息化建设与公司管理体系“深度融合”，把安全生产信息化建设与日常工作“紧密结合”，对安全生产切实“有用、实用、好用”，避免建用“两张皮”，让安全管控更智能，让生产更高效才实用。迄今已服务中石化、中石油、延长石油、国能、兖矿、京能、索普、新安、奇美、昊源、潞安、旭阳、垦利、逸盛、海科、酒钢、金发等几百家石化、化工、选煤、钢铁、电厂企业。安然以客户为中心，以强者为本，抬头乐干，愿意与同道中人联合、链接，携手共建、共用、共享生产安全命运共同体，一起干，一起干，让优秀企业更安全，让优秀企业更高效！,"https://www.zhaopin.com/jobdetail/CC559764920J40823805304.htm?refcode=4019&srccode=401901&preactionid=a7c1140f-c46c-45e5-b867-ab342d8bdc77"
2626,技术支持工程师,成都-双流区,9000-15000元,烟台睿创微纳技术股份有限公司,"电子/半导体/集成电路,通信/网络设备",1000-9999人,已上市,CC200206520J40739333114,职责描述： 1.接收和协助解决客户遇到的各类现场技术问题，具备独立分析、独立设计试验、独立解决的能力;2.全程跟踪售后问题并定期输出数据分析总结，收集所需信息提供给开发部门，梳理疑难问题提出优化改进意见维护到落地实施，并执行客户访谈，做到闭环管理3.根据需要协同销售团队拜访客户，负责与客户进行技术沟通、宣讲产品和技术方案，分析与理解客户需求，提供相应的解决方案，引导客户选择产品，寻找项目机会;跟踪后续客户应用进展并协助处理客诉;负责展示环境的搭建和现场讲解，协助重点项目入围测试、竞争性测试，4.协助市场部实施所负责销售范围内的广告宣传及其它市场活动; 5.负责自有产品或系统的技术指导(指导安装、指导调试)、关键系统与平台调试、试运行保障、能力转移(技术培训)及辅助验收等，帮助客户或用户建立可正常运行的实体系统， 6.负责客户沟通协调、需求与风险管控、变更及问题管理、进度及成果物管理，确保项目顺利交付; 7.编写输出技术文档，包括用户手册、使用指南、故障排除手册等 任职要求: 1.统招本科以上学历，理工科背景，具备扎实的模拟、数字电路基础，有技术支持相关工作经验、有硬件研发或嵌入式开发、工程工艺制程经开发运维经历优先2.良好的学习能力，独立分析、处理问题的能力，思维敏捷，善应变 3.强烈的求知欲、责任心、主动性，良好的团队协作与沟通能力，优良的客户服务意识 4.良好的规划性、条理性，善于记录、总结、归纳;5.具备项目运作思维，逻辑思维缜密 6.具备一定抗压及情绪控制能力，发扬艰苦奋斗精神，能适应出差。,4月3日,睿创微纳（股票代码：688002.SH）成立于2009年，并于 2019年7月成为科创板的首批上市公司之一。旗下拥有InfiRay®等品牌商标，有艾睿光电、英睿、英飞睿等子公司。集团员工2000余人，研发人员占比48%。睿创微纳是领先的、专业从事专用集成电路、特种芯片及MEMS传感器设计与制造技术开发的国家高新技术企业，具备多光谱传感研发、多维感知与AI算法研发等能力，为全球客户提供性能卓越的芯片、ASIC处理器芯片、红外热成像与测温全产业链产品、激光、微波产品及光电系统。产品广泛应用于夜视观察、人工智能、机器视觉、智能驾驶、无人机载荷、智慧工业、安消防、物联网、医疗健康等领域。,"https://www.zhaopin.com/jobdetail/CC200206520J40739333114.htm?refcode=4019&srccode=401901&preactionid=a7c1140f-c46c-45e5-b867-ab342d8bdc77"
2627,Java,广州-黄埔区,100-130元/天,广州市煜道科技有限公司,"专业技术服务,工程技术与设计服务,专业技术服务,咨询服务",20人以下,,CC872698850J40768437110,"1、与项目经理沟通需求，并完成程序设计与代码编写； 2、项目要求承担开发任务，按计划完成任务目标； 3、编写项目的相关技术文档； 4、收集整理项目相关的技术资料文档。 任职要求： 1、良好的Java语言基础，有个人项目经验者优先； 2、熟练Java主流框架（SpringBoot，Mybatis）等的开发； 3、熟练mysql、Oracle等主流数据库产品，至少一种； 4、了解后端相关技术（如Jquery、Vue、JavaScript、Html5、Css等），了解微信小程序开发；  5、有使用AI代码工具（如cursor等）经验优先；   6、工作严谨、认真负责、积极主动、有较强的责任心和事业心；         备注：实习1个月起，视工作表现,毕业后可申请转正。",7月22日,广州市煜道科技有限公司，于2019年注册成立（2017年起以工作室的形式提供服务），位于白云区中心汇创意产业园区内，出门即上机场高速，25分钟即达白云机场。煜道科技是专门为汽车灯具相关企业提供各种研发设计服务、商务咨询服务的汽车照明新型互联网科技公司。立足于本地，我们拥有超过十年经验、拥有国外开发经验的设计团队技术支援；基于互联网微信公众号，我们能有全国乃至全球的开发经验分享、技术情报交流、行业人才库整备。一切只为给客户提供更专业、更高效、更优质的服务。,"https://www.zhaopin.com/jobdetail/CC872698850J40768437110.htm?refcode=4019&srccode=401901&preactionid=a7c1140f-c46c-45e5-b867-ab342d8bdc77"
2628,前端开发,西安-雁塔区,5000-8000元,陕西伊索禹创科技有限公司,互联网,300-499人,C轮,CCL1495085610J40803396913,岗位职责  1、根据设计需求，完成前端页面的编码。  2、负责产品单元测试。  3、按照公司的软件开发规范编写相应的项目技  术文档。  4、参与项目的业务梳理和需求分析。,7月23日,本公司主要包括云计算解决方案和网络安全解决方案，目前办公场地有5个地方，总面积超过3000平米。涉及用户有医院、高校、区政府、银行、军工、外企等多个行业、以及多个国内主流云厂商的合作。公司多次荣获各用户“最佳合作用户”称号，成为军工、教育等的核心合作伙伴‌。秉承“以客户为中心，坚持一次将事情做对”的理念，致力于成为行业内的服务标杆，实现员工和公司的共同价值。,"https://www.zhaopin.com/jobdetail/CCL1495085610J40803396913.htm?refcode=4019&srccode=401901&preactionid=a7c1140f-c46c-45e5-b867-ab342d8bdc77"
2629,软件测试,西安-雁塔区,1.5-3万·14薪,外企德科数字技术有限公司,专业技术服务,10000人以上,,CCL1480117890J40716201205,岗位职责： 1、根据存储产品需求制定测试计划，设计测试用例； 2、有效地执行测试用例，提交测试报告； 3、准确地定位并跟踪问题，推动问题及时合理地解决； 4、完成对存储和盘产品相关的功能、性能、可靠性和兼容性的集成测试验证； 5、实现需求的自动化测试。 任职要求： 1、 熟练掌握Linux、VMware、数据库等技术，熟悉一种以上的脚本语言，如python等； 2、 具备软件测试能力，具备测试用例设计能力；有硬盘性能，可靠性、兼容性测试经验者优先； 3、 良好的表达能力，钻研能力，注重团队合作，主动担当； 4、 有自动化开发测试经验，熟悉自动化框架和原理，掌握常用的数据结构和算法基础，对存储领域感兴趣。 岗位特点： 1、薪酬一般15-30k，根据笔试与面试结果进行定薪； 2、双休，每个月最后一个周六固定加班，双倍工资； 3、五险一金入职就有，试用期薪资不打折； 4、入职＆年度免费体检、免费夜宵、班车／加班打车免费、下午茶、节假日礼品等福利补贴； 5、全程线上面试，工作地点自由选择：成都、深圳、北京、上海、杭州、西安、南京、武汉、东莞等 ，产品线双向选择，欢迎咨询。 业务优势： 1.接触前沿项目与最新技术，极具锻炼和挑战性； 2.具有与大牛交流机会，有益于个人成长与能力提升； 3.导师专业指导：试用期配备导师，帮助新人快速融入团队和快速理解业务场景。,2025-07-27 00:23:27,外企德科数字技术有限公司是一家2023年新成立的中外合资企业。成立于2023年11月24日，公司定位：专注于为信息技术企业提供人才及数字技术外包解决方案的中外合资企业。它是由中国人力资源服务行业的FESCO（北京国际人力资本集团）与全球人力资源服务领导者The Adecco Group（德科集团）合资成立的。公司主要提供网络技术服务、软件外包服务、计算机系统服务、技术进出口、软件开发等信息技术相关服务。专注于为信息技术企业提供信息技术类人才及数字技术外包解决方案。,"https://www.zhaopin.com/jobdetail/CCL1480117890J40716201205.htm?refcode=4019&srccode=401901&preactionid=a7c1140f-c46c-45e5-b867-ab342d8bdc77"
2630,测试工程师,兰州-城关区,5000-8000元,杭州华宇航天科技有限公司,"船舶/航空/航天/火车制造,专用设备制造",20-99人,未融资,CCL1467224050J40814666208,1.技校及以上学历 2.检测工/钳工相关专业,7月3日,杭州华宇航天科技有限公司（前身为兰州华宇航天技术应用有限责任公司）系中国航天科技集团有限公司第五研究院第五一〇研究所的全资子公司、中国真空学会团体会员、浙江省高新技术企业。公司以航天五一〇所真空及低温制冷专业为依托，全面推动航天技术转化为民用技术，是专业开展真空技术创新、成果转化、产业化推广应用的科技创新型公司。公司坐落于杭州市西湖区世豪机械园区，占地面积约7亩，有近5500平米的生产和办公场所，各类生产设备总值超过7000万元，拥有一支高科技研发团队和现代化企业管理人才队伍。目前以商业航天电推进、高端真空计量检测仪器仪表、商用原子钟、真空、低温制冷装备等产品的研发、规模化生产及技术服务为主业，是航天五一〇所商业航天电推进业务和国产高端真空计量检测仪器仪表业务板块的承载主体。基于“建设成为商业航天电推进、商用原子钟、国产高端真空计量测试仪表等真空应用产品的国内一流生产制造企业”的发展定位，公司热诚欢迎各界朋友前来交流洽谈，为实现中国航天梦，强国梦携手奋进，共创未来。,"https://www.zhaopin.com/jobdetail/CCL1467224050J40814666208.htm?refcode=4019&srccode=401901&preactionid=a7c1140f-c46c-45e5-b867-ab342d8bdc77"
2631,技术支持工程师,西安-莲湖区,6000-8000元,陕西省通信服务有限公司西安分公司,运营商/增值服务,500-999人,,CC826969330J40751840809,岗位职责要求: 1.电话响应并解决大华产品使用、配置、故障排查等技术问题。 2.承接客户产品与业务咨询，用专业知识答疑。 3.受理客户意见建议，搭建沟通桥梁，助力产品和服务优化。 人员要求: 1.学历:本科及以上学历 2.年龄:30 岁以下 3.专业:计算机、通信相关专业 4.工作经验:熟悉安防行业或有电话客服、网络客服、外呼经验者优先录取 工作地点:陕西省西安市雁塔区云谷六路 789 号浙江大华西安研发及营销中心 上班时间:上六休一 排班制 基本工资：5500元 加班费、餐补、节日福利、五险一金 综合薪酬范围: 6000元至8000元不等,7月2日,公司简介：央企背景，智联未来陕西省通信服务有限公司西安分公司隶属于中国通信服务股份有限公司（香港上市，股票代码：00552.HK），是西北地区信息通信领域的骨干服务企业。公司成立于2018年，依托母公司“信息化领域综合服务主导者”的战略定位，聚焦通信技术、信息服务、工程建设等核心领域，为客户提供全链条、一体化解决方案。核心业务与服务能力： 1.通信网络全生命周期服务-覆盖5G基站建设、通信线路维护、铁塔运营、网络优化及托管，服务中国移动、中国联通、中国电信等主流运营商，支撑西北地区通信基础设施高效运行。 2.数字化与信息技术服务-提供智慧城市解决方案、系统集成、软件开发（拥有多项软件著作权）、大数据分析及行业应用，助力政府、企业数字化转型。 3.工程建设与综合服务-具备通信工程施工、建筑工程设计与监理、招标代理等资质，承接工业与民用建筑、通信工程勘察设计、项目管理等业务，累计参与超百个省市级重点项目。 4.政企客户定制化服务-深耕政企市场，提供ICT托管、呼叫中心运营、物联网部署等增值服务，客户覆盖金融、教育、能源等多个行业。公司优势：-央企平台，资源雄厚：依托中国通信服务全国网络，共享技术研发、人才培养、市场资源，业务辐射西北并延伸全国。-技术驱动，创新赋能：拥有专业技术团队，持续投入5G、AI、大数据等前沿领域，累计获得多项专利及行业认证。-区域龙头，经验丰富：扎根西安，服务本地超500家客户，深度参与“智慧西安”“新基建”等重大工程，具备本地化服务的敏捷响应能力。-资质齐全，品质保障：持有第二类增值电信业务许可证、通信工程总承包资质、ISO质量/环境/职业健康安全管理体系认证，服务标准与国际接轨。企业文化与人才发展：-价值观：以“客户为根，服务为本”，倡导“创新、协同、担当、共赢”的企业精神。-员工成长：-提供“管理+技术”双通道晋升机制，配套系统化培训（岗前培训、技能认证、领导力课程）；-推行“导师制”，助力新人快速融入；设立创新奖励基金，鼓励技术攻关与业务突破。-工作氛围：年轻化团队（平均年龄32岁），扁平化管理，注重跨部门协作，定期组织团建、技能竞赛、员工关怀活动。加入我们，共筑未来：作为信息通信与数字化服务的“国家队”，我们始终站在技术变革的前沿，为员工提供与行业顶尖团队共事的机会、具有竞争力的薪酬福利（六险二金、带薪年假、节日福利等），以及参与国家级重大项目的实践平台。,"https://www.zhaopin.com/jobdetail/CC826969330J40751840809.htm?refcode=4019&srccode=401901&preactionid=a7c1140f-c46c-45e5-b867-ab342d8bdc77"
2632,测试工程师,北京-石景山区,7000-10000元·13薪,北京飞秒留声科技有限公司,"电子/半导体/集成电路,电子设备制造",20-99人,不需要融资,CCL1222932960J40884310704,岗位内容：  1. 负责产品的调试或性能测试、产品的性能等级筛选； 2. 按照文件指导对不合格产品进行修复、调试和再测试； 3. 编写或填写产品调试与测试报告； 4. 向生产人员反馈测试问题，必要时协助解决产品bug等。 任职要求：  1. 电子信息、测控技术或其他电子类相关专业，本科以上学历；对于无工作经验但其他能力突出者亦可考虑； 2. 具有一定的电子技术基础知识； 3. 熟识常用电子元器件，知晓其工作原理及使用方法；  4. 具备良好的逻辑思维能力和分析能力，能够快速定位问题，并给出有效的解决方案；   5. 具有较好的沟通能力、观察能力、团队协作能力，责任心强，工作认真细致。,3月8日,北京飞秒留声科技有限公司位于中关村科技园石景山园，是一家专门从事高精度频率源研发与服务的高新技术企业，核心团队具有20余年商用原子钟和低相噪晶振研发经验。公司秉承“高度聚焦、深入研发、专业推广”的理念，持续深耕高精度原子钟及振荡器技术，不断推进产品智能化及自主可控，并实现了多项特种原子钟核心技术的攻克。公司自成立以来，始终坚持自主创新，研制了具有国际水平的高性能CPT芯片原子钟、可适应-50℃~+95℃的小型宽温铷原子钟、计量标准级超高性能铷原子钟和短稳达到6E-14的超稳晶体振荡器，并在2024年初面向全球发布了原子钟振产品，极大推动了原子时钟替代石英时钟的时代步伐。飞秒留声已成为世界上少数掌握芯片原子钟、商用及特种铷原子钟、高性能晶体振荡器核心技术的民营企业之一。公司的主要产品有芯片原子钟、标准级高性能铷原子钟、微型铷原子钟、特种耐高温铷原子钟等原子钟产品和原子钟振产品，以及特制的hi-end级发烧时钟、超低相噪晶振、频率测试仪及智能测试系统、高性能锁相环、相位噪声测试仪、射频隔离放大器、脉冲分配器、低相噪分频器、原子泡无极灯系统等频率产品及设备。公司还承接相关产品及测试系统的技术开发、OEM生产、ODM生产等业务。公司通过国家高新技术企业认定，获得科技型中小企业、北京市“专精特新”中小企业、中关村高新技术企业等称号；通过GJB9001C-2017质量体系认证，以过硬的技术、专业的水准以及严格的质控为用户提供优质的产品和服务。目前公司产品已广泛应用于航空航天、通讯设备、仪器仪表、测试设备、电力通信设备等领域。未来，飞秒留声将潜心于商用原子钟及振荡器的国产化及自主可控技术的攻克，聚焦解决“卡脖子”技术难题，精心打造高端时钟频率源。,"https://www.zhaopin.com/jobdetail/CCL1222932960J40884310704.htm?refcode=4019&srccode=401901&preactionid=a7c1140f-c46c-45e5-b867-ab342d8bdc77"
2633,科研人员,北京-石景山区,1.6-3万,智联猎头,"互联网,人力资源服务",1000-9999人,不需要融资,CCL1318355140J40760664803,2025届热招专业 数学、物理学、系统科学、统计学、机械工程、光学工程、仪器科学与技术、电子科学与技术、信息与通信工程、控制科学与工程、计算机科学与技术、测绘科学与技术、航空宇航科学与技术、兵器科学与技术、软件工程、安全科学与工程、电子信息、机械、军队指挥学等相关专业,7月24日,智联猎头作为智联招聘旗下品牌，以满足企业中高端岗位的人才招聘需求为出发点，整合全球优质资源，覆盖数字经济、新一代信息技术、人工智能、金融、电子信息、装备制造、生物医药与健康、房地产/建筑等数十个行业，拥有规模庞大、覆盖面广的交付团队，致力于向企业输出专业化的招聘解决方案。智联猎头目前拥有卓聘平台服务、招聘流程外包服务、高端人才猎寻服务三大类核心服务，具备高度定制化能力，能够为不同发展阶段的企业提供一站式招聘解决方案，同时为企业转型升级提供保障，全面增强企业核心竞争力！智联猎头利用自身独特的资源优势、成熟的服务模式，以及多层次的产品，致力于打造高效、专业的一站式人才服务模式，让招聘更加美好！,"https://www.zhaopin.com/jobdetail/CCL1318355140J40760664803.htm?refcode=4019&srccode=401901&preactionid=a7c1140f-c46c-45e5-b867-ab342d8bdc77"
2634,软件测试,青岛-崂山区,6000-10000元·13薪,青岛镭测创芯科技有限公司,"仪器仪表制造,仪器仪表制造",100-299人,C轮,CC663860830J40873348304,1. 建立和维护软件产品的测试计划和策略。        2. 负责软件测试阶段的进度管理和问题跟踪。        3. 审查需求文档，识别并管理关键的测试风险。        4. 持续改进测试流程和工具，提高测试效率和质量，向其他团队成员提供培训和支持。        5. 能够进行软件测试用例、测试报告等的编写。        6. 接受其他工作安排，能接受短期出差。,5月27日,青岛镭测创芯科技有限公司成立于 2018年 3月，由中国海洋大学、中科院安光所专家团队共同发起，以环境立体监测激光雷达为突破口，聚焦智慧风电、环境气象立体监测、航空安全与效率提升、海洋国防核心需求，专注于环境气象、大气及海洋探测激光雷达的研发、制造和技术服务。公司自主开发激光雷达信号采集与处理的 IP核、光电混合微电子芯片及核心元器件、MOPA单频光纤激光器技术、核心反演算法，大幅度提高激光雷达信号处理能力与系统集成度，提供环境气象立体监测、智慧风电、航空安全与效率提升的新一代激光雷达系统解决方案，致力于成为国际一流的激光雷达技术研发及产业化平台。青岛镭测创芯科技有限公司现有研发及生产、测试基地 4000余平米，研发团队 50%人员具有硕士以上学历，打造了一支专业化及高水平的研发、生产和售后保障团队。,"https://www.zhaopin.com/jobdetail/CC663860830J40873348304.htm?refcode=4019&srccode=401901&preactionid=a7c1140f-c46c-45e5-b867-ab342d8bdc77"
2635,技术支持工程师,台州-椒江区,8000-16000元,青岛安然物联网科技有限公司,"物联网,物联网",20-99人,未融资,CC559764920J40884194704,岗位职责： 1. 负责石化、化工厂人员定位系统的现场实施、现场交付和技术赋能等工作。 2. 对接客户需求，进行需求调研，制定详细的施工方案和计划。 3. 确保项目按照既定的时间节点和质量要求完成交付。 4. 对已交付的项目进行后期技术支持与维护。 岗位要求： 1. 年龄在25-35岁之间。 2. 能够适应经常出差的工作要求。 3. 熟悉信息化、弱电及工业互联网相关技术。 4. 具备良好的沟通协调能力和问题解决能力。,7月24日,基于精准人员定位的工业安全生产信息化管理专家，安全生产信息化管理引领者！作为全国实时定位技术标准工作组成员和应急管理部“工业互联网+危化安全生产”人员定位系统技术支持机构，安然从2012年起致力于基于ZigBee Plus三维立体按需精准定位的“工业互联网+安全生产”的研究，获得了20多项安全智能管控系统发明专利和著作权，持续引领中国化工行业生产现场智慧安全！安然以“准、稳、狠”的ZigBee Plus三维立体按需精准人员定位统和“底数清、数据准、情况明、研判准、措施实”的安全生产信息化平台为核心，整合访客管理、出入口控制、人脸识别、视频监控、语音广播、重大危险源监控、可燃有毒气体监测等系统，对生产现场人、机、料、法、环五大要素进行实时、动态、智能管控和预警，规范人的安全行为，保障人的生命安全，有效防范风险、主动化解风险，实现智慧安全。安然“以用为本”，把安全生产信息化建设与公司管理体系“深度融合”，把安全生产信息化建设与日常工作“紧密结合”，对安全生产切实“有用、实用、好用”，避免建用“两张皮”，让安全管控更智能，让生产更高效才实用。迄今已服务中石化、中石油、延长石油、国能、兖矿、京能、索普、新安、奇美、昊源、潞安、旭阳、垦利、逸盛、海科、酒钢、金发等几百家石化、化工、选煤、钢铁、电厂企业。安然以客户为中心，以强者为本，抬头乐干，愿意与同道中人联合、链接，携手共建、共用、共享生产安全命运共同体，一起干，一起干，让优秀企业更安全，让优秀企业更高效！,"https://www.zhaopin.com/jobdetail/CC559764920J40884194704.htm?refcode=4019&srccode=401901&preactionid=a7c1140f-c46c-45e5-b867-ab342d8bdc77"
2636,科研人员,北京-海淀区,1.7-2万,中国科学院力学研究所,"学术/科研,培训/辅导服务",500-999人,不需要融资,CC131251740J40779802303,岗位职责: 主要从事湍流、气动声学、计算流体力学相关专业方向的研究   任职要求: 1.具有良好的政治素质和道德修养，遵纪守法，身体健康； 2.获得博士学位3年以内，应届博士毕业生优先； 3.申请时年龄一般不超过35周岁； 4.进站从事博士后研究人员，须将人事关系转入力学所，并保证全脱产从事博士后研究工作。,4月18日,中国科学院力学研究所（以下简称力学所）创建于1956年，是以钱学森先生工程科学思想建所的综合性国家级力学研究基地，在国际力学界享有盛誉，为我国“两弹一星”、载人航天事业及国家经济社会发展做出了重要贡献。力学所现设有6个实验室和1个中心作为基本单元实体。非线性力学国家重点实验室、高温气体动力学国家重点实验室、微重力重点实验室、水动力学与海洋工程重点实验室、环境力学重点实验室、先进制造工艺力学重点实验室和等离子体与燃烧中心。工程地质力学及其应用课题组隶属于环境力学重点实验室，针对滑坡灾害防治、煤与瓦斯突出、边坡稳定性、岩土中爆炸、松散岩体及颗粒加密等工程中的科学问题，开展了深入的研究。10多年来，一直把地质灾害成灾机理的数值模拟研究作为工作重点之一，提出了基于连续介质力学的离散元方法(Continuum-based Discrete Element Method)。该方法将有限元与离散元进行耦合，在块体内部进行有限元计算，在块体边界进行离散元计算，通过块体内部及块体边界的断裂，不仅可以模拟材料在连续状态下及非连续状态下的变形、运动特性，更可以实现材料由连续体到非连续体的渐进破坏过程，在岩土工程、采矿工程、隧道工程、水利工程、地质工程、结构工程中广泛应用。若对公司有意向，请点击：职位申请表下载表格！！！然后按着表格的内容把信息完善。最后给把信息发到：zhaopin@imech.ac.cn这个邮箱里面！谢谢！,"https://www.zhaopin.com/jobdetail/CC131251740J40779802303.htm?refcode=4019&srccode=401901&preactionid=a7c1140f-c46c-45e5-b867-ab342d8bdc77"
2637,测试工程师,郑州-金水区,8000-12000元·13薪,郑州赛优汽车科技有限公司,新能源汽车,20人以下,未融资,CCL1493238400J40685028806,岗位内容：  1. 设计测试用例并执行测试计划，对软件功能、性能、稳定性等进行全面测试，参与车载系统的功能测试。 2. 编写测试报告和Bug汇报，跟踪Bug的解决过程，并及时反馈BUG情况。 3. 参与产品设计和需求评审，提供测试意见和建议。 4. 熟悉自动化测试框架或工具，并进行相关测试工作。 任职要求：  1. 大专及以上学历，计算机相关专业。 2. 熟悉软件测试流程和常用的测试方法、工具，熟悉至少一种自动化测试工具。 3. 具备较强的测试分析和问题定位能力，能够独立制定测试计划和测试用例。 4. 具备良好的沟通协调能力和团队合作精神。,7月24日,1：本公司主要运营车载测试项目，新能源汽车项目等业务2:公司着力于培养一批技术型人才推动社会科技化发展3:公司工作氛围较好，年轻化，可以给大家提供一个发展的大舞台4:公司理念：稳步经营，开拓创新,"https://www.zhaopin.com/jobdetail/CCL1493238400J40685028806.htm?refcode=4019&srccode=401901&preactionid=a7c1140f-c46c-45e5-b867-ab342d8bdc77"
2638,技术支持工程师,济南-历城区,180-240元/天,深圳鲲云信息科技有限公司,人工智能,100-299人,B轮,CC634466980J40768905202,岗位职责：负责公司算力硬件、算法、软件等产品的技术支持工作。 1、协助客户完成产品全生命周期的部署测试和使用工作； 2、根据客户需求，进行基础软件功能的开发和测试工作； 3、主动跟进客户使用进展，积极与客户沟通，解决技术问题； 4、可编写技术文档、使用手册等。 任职要求：（实习6个月以上） 1、本科或以上学历，计算机及相关专业； 2、熟悉Linux系统环境，熟悉掌握shell脚本编写，了解Docker部署，熟悉常见的网络接口协议； 3、有良好沟通能力，有项目竞赛，软件开发、图像算法开发经验优先； 4、有很好的学习能力，对人工智能技术有浓厚兴趣； 5、接受短期出差。 加分项： 1、有过相关c/c++或python开发经历； 2、有深度学习、图像处理、视频分析、机器视觉等项目经验的，优先考虑。,7月11日,鲲云，物联网智能化时代的领跑者鲲云科技由英国帝国理工博士牛昕宇及英国皇家工程院院士陆永青联合创立，陆院士深耕定制计算芯片三十余年，为定制计算芯片领域全球行业权威。拥有世界顶尖高校科研团队的专业影响力，及横跨深圳－伦敦的双核驱动研发实验室。创始人参与开发全球首款针对定制芯片的高层编译软件Handel-C；率先运用定制计算到金融领域；率先运用定制计算到AI领域。公司成立两年来，得到了政府、市场和资本的大力支持。获国内高新技术产业基金及欧盟高新技术产业化项目支持。成为包括帝国理工在内多家世界顶级高校官方合作伙伴。团队核心成员担任中国航天中英人工智能联合实验室主任、副主任。业绩飞速增长，产品在航空航天，工业监控，智慧城市等不同领域试点并落地，签署战略合作协议。鲲云将继续自主研发，将最尖端的技术，运用到最实际的地方，化繁为简。鲲云科技独家研发的端到端动态可适应AI定制芯片，其优势在于：定制计算架构提供极致的性能，支持大规模深度学习网络的在低功耗环境下高速运行；运行时可适应工具链具备极强的通用性；高层编译算法保证了极快的产品落地速度。其中的明星产品，一代“星空”及二代“雨人”人工智能芯片架构及开发平台已完成原型开发，其定制计算架构支持Tensorflow平台所有深度学习算法。鲲云科技凭借全球领先的研发能力，拔尖的产品技术，深厚的专业影响力，在短短一年间已经签署多家行业巨头的战略合作，应用领域广泛涉及：航空、航天、电力、安防、智慧城市等。鲲云科技致力于打造全球人工智能芯片的全定制解决方案，做物联网AI生态系统的构建者。未来，让每一个物联网应用终端都装上鲲云研发的智能大脑。AI从“芯”开始，万物从此智能。,"https://www.zhaopin.com/jobdetail/CC634466980J40768905202.htm?refcode=4019&srccode=401901&preactionid=a7c1140f-c46c-45e5-b867-ab342d8bdc77"
2639,科研人员,大连-沙河口区,1.1-2万,中科院大连化学物理研究所,"学术/科研,医药制造,石油/石化,互联网",1000-9999人,未融资,CC120549380J40777305605,一、研究组简介 中国科学院大连化学物理研究所太阳能光热转化利用创新特区研究组（DNL16T3）依托于大连洁净能源国家实验室（筹）最重要的下属研究中心之一——太阳能科学利用研究中心建设。DNL16T3组为新晋成立专注于太阳能光热转化、存储以及利用的创新特区研究组。研究组定位于以应用技术研发及工程放大为主导，以基础研究为助力和赋能，开发先进太阳能光热技术和配套储热系统。特区组的研究目标是为太阳能光热利用产业的大规模产业商业化以及我国顺利实现“双碳”目标提供可用、经济、领先全球的核心技术。 二、岗位职责及应聘条件 岗位名称：太阳能光热转化利用与长时储热技术开发 岗位类别：科技岗 岗位职责：（1）能够独立开展动力工程、储热及热利用等系统设计、优化和相关材料开发方面前沿性学术研究和技术开发工作并产出创新成果；（2）参与规划技术路线，熟悉相关能源政策和行业动态，参与申请各级各类基金或科技项目，承担研究组各类项目的实施工作；（3）协助指导研究生。 招聘人数：2人 应聘条件：（1）研究生学历，博士学位；动力工程及工程热物理（0807）、化学工程与技术（0817）等相关专业；（2）精通传热学、工程热力学等基础理论，熟悉热力系统设计原理和优化方法，指导学生等使用计算流体力学（CFD）软件，例如 Fluent，COMSOL 等；（3）具有良好的个人品质和职业道德，工作勤奋主动、认真细致、有条理、责任心强，学习和适应能力强；（4）具有良好的团队合作精神和沟通协调能力。 三、薪酬待遇 1、按照国家、中国科学院及研究所有关规定，提供具有竞争力的薪酬； 2、缴纳五险、建立职业年金和住房公积金、享受午餐补贴、健康体检、公务员医疗、带薪年假、教育培训等福利； 3、具有博士学位，符合申领条件者，研究所给予20万元购房补贴；对于具有国内外知名大学授予的理工科博士学位或博士后出站人员，经大连市人才认定，给予30万元安家费； 4、符合条件职工可以申请入住职工单身宿舍； 5、提供出国学习、交流访问机会等。 同时支持符合条件的应聘者申请各类人才计划并取得相应待遇： - 支持申请人依托我所申报国家引才青年项目和中国科学院引才B类项目；提供有竞争力的薪酬待遇，设置正高级专业技术岗位，经认定，可聘为博士生导师； - 对于国家引才青年项目和中国科学院引才B类项目入选者提供不少于900万的科研经费支持；聘任研究所张大煜青年学者；经高层次人才认定，给予220万安家补贴、享受特诊医疗待遇和免费健康体检、人才子女小学或初中可自主择校一次，享受“指标到校”政策，其中国家级人才高中阶段按照相关学籍管理规定参考人才意愿办理。,5月19日,中国科学院大连化学物理研究所（以下简称“大连化物所”）创建于1949年3月，当时定名为“大连大学科学研究所”，1961年底更名为“中国科学院化学物理研究所”，1970年正式定名为“中国科学院大连化学物理研究所”。大连化物所是一个基础研究与应用研究并重、应用研究和技术转化相结合，以任务带学科为主要特色的综合性研究所。六十多年来，大连化物所通过不断积累和调整，逐步形成了自己的科研特色。1998年，大连化物所成为中国科学院知识创新工程首批试点单位之一。2007年经国家批准筹建洁净能源国家实验室。2010年8月，大连化物所在“创新2020”发展战略研讨会中将所发展战略修订为“发挥学科综合优势，加强技术集成创新，以可持续发展的能源研究为主导，坚持资源环境优化、生物技术和先进材料创新协调发展，在国民经济和国家安全中发挥不可替代的作用，创建世界一流研究所。”大连化物所重点学科领域为：催化化学、工程化学、化学激光和分子反应动力学以及近代分析化学和生物技术。大连化物所围绕国家能源发展战略，于2011年10月启动了洁净能源国家实验室（DNL）的筹建工作，DNL是我国能源领域筹建的第一个国家实验室，共规划筹建化石能源与应用催化、低碳催化与工程、节能与环境、燃料电池、储能、氢能与先进材料、生物能源、太阳能、海洋能、能源基础和战略、能源研究技术平台等11个研究部。大连化物所还拥有催化基础国家重点实验室和分子反应动力学国家重点实验室两个国家重点实验室，以及甲醇制烯烃国家工程实验室、国家催化工程技术研究中心、膜技术国家工程研究中心、燃料电池及氢源技术国家工程中心、国家能源低碳催化与工程研发中心等多个国家级科技创新平台。大连化物所围绕国防安全、分析化学、精细化工和生物技术广泛开展基础性、战略性、前瞻性研究工作，设立化学激光研究室、航天催化与新材料研究室、仪器分析化学研究室、精细化工研究室和生物技术研究部等五个研究室。另外，大连化物所还与国外著名大学、公司和研究机构联合设立了中法催化联合实验室、中法可持续能源联合实验室、中德催化纳米技术伙伴小组、中韩燃料电池联合实验室、DICP-BP能源创新实验室和SABIC-DICP先进化学品生产研究中心等十几个国际合作研究机构。　2016年以来，大连化物所按照中科院的统一部署，经过反复研讨和凝练，确定和完善了研究所“十三五”期间的“一三五”规划，即，一个定位：“以洁净能源国家实验室为平台，坚持基础研究与应用研究并重，在化石资源优化利用、化学能高效转化、可再生能源等洁净能源领域，持续提供重大创新性理论和技术成果，满足国家战略需求，发挥不可替代的作用，率先建成世界一流研究所。”；四个重大突破：“基于自由电子激光平台的能源化学转化本质与调控、以合成气制乙醇为代表的化石资源转化利用、新型动力电源与储能技术、以化学激光为代表的化学能高效转化”；八个重点培育方向：“太阳能光-化学和光-电转化技术及科学利用、秸秆催化转化利用技术、甲烷和合成气直接转化制高值化学品、微反应技术、基于组学分析新技术的转化医学研究、寡糖农用制剂创制及应用推广、生态环境监测技术及设备、绿色高效推进技术”。自建所以来，大连化物所造就了若干享誉国内外的科学家及一大批高素质研究和技术人才，先后有19位科学家当选为中国科学院和中国工程院院士，3位当选为发展中国家科学院院士，1位当选为欧洲人文和自然科学院院士。截至2017年底，在所工作的国家杰出青年基金获得者23人，中国科学院“百人计划”42人。大连化物所是国务院学位委员会授权培养博士、硕士学位的单位，具有物理学、化学、材料科学与工程、化学工程与技术、环境科学与工程五个一级学科博士学位授予权，具有博士生导师、硕士生导师资格审批权，截至2016年底，共有博士生导师136人，硕士生导师235人，在读研究生872人，其中博士587人，硕士285人，已培养研究生2505名，其中博士1655名，硕士850名。设博士后流动站，在站博士后173人。　2011年以来，大连化物所取得各类科研成果247项，以第一完成单位获得省部级以上奖励60余项，其中获得国家奖励8项，中科院、省部级一等奖12项。2013年，张存浩院士获得国家最高科学技术奖；2014年，“甲醇制取低碳烯烃技术”获得国家技术发明一等奖。　2011年以来，大连化物所第一产权发表SCI论文总数3238篇。其中，影响因子大于5的1203篇，265篇学术论文发表在Science、Nature、Angew. Chem.、JACS等学术刊物以及相关学科顶级刊物上（IF>9）。出版科技专著11部。　2011年以来，大连化物所累计申请专利5229件，其中发明专利4782件，累计专利授权1752件，其中发明专利授权1540件；累计获得国外专利授权126件。大连化物所主持出版国内催化领域和色谱领域核心期刊《色谱》和《催化学报》以及英文学术期刊Journal of Energy Chemistry（能源化学）。其中《催化学报》和Journal of Energy Chemistry（能源化学）被SCI-E收录。,"https://www.zhaopin.com/jobdetail/CC120549380J40777305605.htm?refcode=4019&srccode=401901&preactionid=a7c1140f-c46c-45e5-b867-ab342d8bdc77"
2640,科研人员,佛山-高明区,6000-10000元·13薪,广州市信豚水产技术有限公司,"农/林/牧/渔,学术/科研",20-99人,不需要融资,CC205062720J40689531406,1、协助研发部做好技术支持和研发检测工作； 2、负责撰写科研报告、科研课题文章发表等。,7月2日,成立于二〇〇五年三月，是一家专业从事水产动物营养和饲料配方技术研究、水产饲料新型添加剂开发与经营的高科技企业。经过多年来的发展，广州信豚已成为中国优秀的水产饲料功能性添加剂供应商，企业规模在同行中位居前列。公司总部位于广州市天河区，下属广东信豚生物科技有限公司、广东五润生物科技有限公司、惠州酵母工厂、南海酵母工厂、南沙养殖试验基地。公司产品严格按ISO9001质量管理体系和ISO22000食品安全管理体系生产，为客户提供质量安全、稳定、实用的高科技产品。公司现有博士三名，水产营养学硕士八名，经验丰富的水产工程师三十余多名，在产品研发和技术服务方面已经形成了具有高效率运作的优秀团队。公司现拥有一个研发中心实验室（广州总部）和三个中试研究基地（广州南沙中试基地、佛山南海试验网箱、深圳海水鱼虾试验基地），开展水产动物营养需求、功能性添加剂应用效果验证、配方筛选、蛋白源替代等方面的科学研究。信豚公司还与国内五家科研机构建立了紧密的技术合作关系，共同申报科研项目，开发科研成果，实现资源共享。“使我们的客户更具竞争力”是广州信豚的追求目标。公司坚持诚信与创新，国内首创的水产酵母技术已经获得国家发明专利，并转化为酵母膏、信豚Ⅰ号、免疫宝等创新性产品，为我们的客户提高了市场竞争力；广州信豚现已经与全国一千多家水产企业建立了业务联系，并与全国十几家大型水产饲料企业建立了紧密的技术合作关系，通力合作，共同发展。,"https://www.zhaopin.com/jobdetail/CC205062720J40689531406.htm?refcode=4019&srccode=401901&preactionid=a7c1140f-c46c-45e5-b867-ab342d8bdc77"
2641,前端开发,武汉-武昌区,8000-12000元,杭州总放网网络科技有限公司,计算机软件,20-99人,,CCL1503677310J40806243813,岗位内容： 1. 设计和开发适用于不同设备的易于使用的网站 2. 参与产品原型设计和产品需求分析 3. 跟进技术趋势及前端开发最佳实践，不断提升团队的技术水平 任职要求： 1. 掌握HTML5/CSS/JavaScript等前端技术和常用框架 2. 具备良好的学习能力和解决问题的思维能力，能够配合其他团队成员完成项目工作 3. 对新技术有好奇心，并愿意持续学习和提高,7月29日,,"https://www.zhaopin.com/jobdetail/CCL1503677310J40806243813.htm?refcode=4019&srccode=401901&preactionid=a7c1140f-c46c-45e5-b867-ab342d8bdc77"
2642,技术支持工程师,青岛-崂山区,1-1.5万,特锐德,"电气机械/电力设备,电力/水利/热力/燃气,仪器仪表制造,金属制品业",1000-9999人,,CC145583090J40825813015,岗位职责:,7月11日,特锐德2004年创立，2009年上市，并为创业板第一股，股票代码：300001。拥有子公司超过150家、资产150亿、集团销售规模105亿，市值超400亿，员工6000人，拥有川开电气等6大生产基地。集团主要从事高端箱式电力设备制造、汽车充电生态网、数字能源管理三大领域。特锐德是中国电力产品技术标准参与者和制定者、中国规模最大的箱式电力设备研发生产基地。高铁远动箱变、110kV模块化智能变电站、35/110kV车载变、220kV箱式升压站等多款产品被鉴定为“产品国际首创、技术水平世界领先”；首创多站合一的预装式智慧能源站，将变电、配电、充电、放电、储能、光伏、数据中心、5G一体化深度融合，成为交直流混网的创新综合能源系统。特锐德集团在全球拥有10大国际领先水平的研发中心，研发专利和专有技术1200多项，建立了1100多人的行业顶尖的技术研发团队；作为中国箱变产业领军者，其技术和市场比肩西门子、ABB、施耐德，是工信部第一批制造业单项冠军培育企业。智能箱式变电站产品在中国铁路市场占有率60%以上，高端高压模块化变电站占电网及新能源市场60%以上。特锐德发展目标是：夯实世界最大箱式电力设备研发生产基地、打造世界最大的汽车充电网生态运营公司、缔造中国最具创新活力能源管理公司。特锐德独特的“创业企业团队建设与管理”及特锐德“生态党建”入选清华大学、美国哈佛大学教学案例库。原点启航、乘风破浪，特锐德让你我理想成为现实。,"https://www.zhaopin.com/jobdetail/CC145583090J40825813015.htm?refcode=4019&srccode=401901&preactionid=a7c1140f-c46c-45e5-b867-ab342d8bdc77"
2643,C/C++,太原-None,7000-12000元,山西科达自控股份有限公司,"电子设备制造,计算机软件,计算机硬件",500-999人,已上市,CC172695320J40122494607,岗位职责： 1、主要负责一体化平台各个子系统的数据采集及入库； 2、负责一体化平台数据关联分析及生成数据报告； 3、负责数据传输和协议解析。 任职要求： 1、计算机软件及相关专业，本科以上学历；  2、熟悉c/c++/MFC，熟练掌握windows系统下MFC界面程序的开发，对MFC消息机制有较深刻的认识；  3、熟练掌握MFC下的序列化、多线程、ActiveX、API，有良好的代码阅读能力；  4、熟悉TCP/IP通讯原理与Socket网络编程；  5、具有针对数据库的开发经验，熟悉SQL的编写。  职位福利：五险一金、年底双薪、绩效奖金、全勤奖、节日福利、加班补助、带薪年假、周末双休 ,4月28日,山西科达自控股份有限公司成立于2000年11月，是一家集自动化、信息化、智能化研发和生产为一体的高新技术企业，公司于2021年11月15日在北交所上市，是北交所第一批上市公司、北交所山西省第一家上市企业、北交所智慧矿山第一股（股票代码831832）。公司下设8个子公司，以工业互联网技术应用为先导，运用大数据、云计算、人工智能、5G等信息技术，为能源行业的智能化改造和城市公共设施的智慧升级赋能，推动产业智能化发展，是工信部2020年授予的国家级专精特新“小巨人”企业。业务涉及CPS（信息物理系统）行业智能化解决方案、智能装备以及矿山特种机器人的研发与制造；365在现（线）技术服务；信息安全技术的开发与应用。,"https://www.zhaopin.com/jobdetail/CC172695320J40122494607.htm?refcode=4019&srccode=401901&preactionid=a7c1140f-c46c-45e5-b867-ab342d8bdc77"
2644,科研人员,北京-朝阳区,1.6-3万·13薪,中国科学院北京基因组研究所(国家生物信息中心),学术/科研,100-299人,不需要融资,CCL1389429340J40758549205,1.已获得或即将获得生物信息学、基因组学、医学、数学、计算机科学、生物技术、生物工程等相关专业博士学位，身心健康。,3月28日,2003年11月，中央编办批复成立中科院北京基因组研究所。基因组所成立以来，参与完成国际人类基因组计划，独立完成中国超级杂交水稻基因组计划，牵头国家自然科学基金委重大研究计划、中科院中国人群精准医学研究计划等，在肿瘤微进化、表观遗传学、精准医学等领域取得突破性进展。 2019年11月，根据中央编办批复，基因组所加挂国家生物信息中心牌子，主要承担我国生物信息大数据统一汇交、集中存储、安全管理与开放共享，以及前沿交叉研究和转化应用等工作。2020年4月，正式更名为“中国科学院北京基因组研究所（国家生物信息中心）”。,"https://www.zhaopin.com/jobdetail/CCL1389429340J40758549205.htm?refcode=4019&srccode=401901&preactionid=a7c1140f-c46c-45e5-b867-ab342d8bdc77"
2645,硬件测试,广州-番禺区,5000-7000元,广州派高智能科技股份有限公司,电子设备制造,20人以下,,CCL1486740540J40931499404,岗位内容： 1. 执行电路板测试任务，并维护测试数据和文档； 2. 跟进测试过程中发现的问题，协助解决硬件缺陷； 3. 收集硬件测试需求，推动测试工具和方法的改进。 任职要求： 1. 熟悉常用的硬件测试方法和工具，有相关经验者优先考虑； 2. 善于沟通和协作，具有良好的团队合作精神； 3. 具备较强的学习和自我提升意愿，能够快速适应新环境和新技术。,7月14日,,"https://www.zhaopin.com/jobdetail/CCL1486740540J40931499404.htm?refcode=4019&srccode=401901&preactionid=a7c1140f-c46c-45e5-b867-ab342d8bdc77"
2646,实施工程师,青岛-崂山区,1-1.5万,特锐德,"电气机械/电力设备,电力/水利/热力/燃气,仪器仪表制造,金属制品业",1000-9999人,,CC145583090J40825813015,岗位职责:,7月11日,特锐德2004年创立，2009年上市，并为创业板第一股，股票代码：300001。拥有子公司超过150家、资产150亿、集团销售规模105亿，市值超400亿，员工6000人，拥有川开电气等6大生产基地。集团主要从事高端箱式电力设备制造、汽车充电生态网、数字能源管理三大领域。特锐德是中国电力产品技术标准参与者和制定者、中国规模最大的箱式电力设备研发生产基地。高铁远动箱变、110kV模块化智能变电站、35/110kV车载变、220kV箱式升压站等多款产品被鉴定为“产品国际首创、技术水平世界领先”；首创多站合一的预装式智慧能源站，将变电、配电、充电、放电、储能、光伏、数据中心、5G一体化深度融合，成为交直流混网的创新综合能源系统。特锐德集团在全球拥有10大国际领先水平的研发中心，研发专利和专有技术1200多项，建立了1100多人的行业顶尖的技术研发团队；作为中国箱变产业领军者，其技术和市场比肩西门子、ABB、施耐德，是工信部第一批制造业单项冠军培育企业。智能箱式变电站产品在中国铁路市场占有率60%以上，高端高压模块化变电站占电网及新能源市场60%以上。特锐德发展目标是：夯实世界最大箱式电力设备研发生产基地、打造世界最大的汽车充电网生态运营公司、缔造中国最具创新活力能源管理公司。特锐德独特的“创业企业团队建设与管理”及特锐德“生态党建”入选清华大学、美国哈佛大学教学案例库。原点启航、乘风破浪，特锐德让你我理想成为现实。,"https://www.zhaopin.com/jobdetail/CC145583090J40825813015.htm?refcode=4019&srccode=401901&preactionid=a7c1140f-c46c-45e5-b867-ab342d8bdc77"
2647,测试工程师,深圳-南山区,125-200元/天,珠海市杰理科技股份有限公司,电子/半导体/集成电路,500-999人,,CC386384710J40577063516,1.负责嵌入式相关产品的模块质量保障； 2.快速熟悉产品，并能撰写对应项目的测试用例和执行指标测试； 3.对测试中发现的问题进行详细分析和准确定位，与开发人员讨论缺陷解决方案； 4.根据测试需求，开发改进研发测试项目，能够提供科学.客观反映产品品质的测试结果； 5.完成测试中问题记录.汇总及处理跟踪； 职位要求： 1.依据测试标准对产品进行测试，记录测试结果； 2.掌握软件测试理论和方法，能够熟练应用多种测试工具； 3.良好的语言表达能力和文档写作能力；  4.熟悉C语言、脚本语言、熟悉电路原理并具有一定基础知识；  5.热爱测试工作，可以胜任重复性工作，有责任心，执行力强，有较强的抗压能力，良好的沟通协调能力，有足够细心与耐心应对各种测试开发任务；,4月25日,珠海市杰理科技有限公司，成立于2010年8月30日。公司专注于集成电路设计，主要从事工业控制、健康检测及消费电子等领域的通用微控制器芯片（MCU）和专用芯片的研发。杰理科技拥有经验丰富的设计团队。其中芯片设计团队的设计经验平均为：10年/人，曾成功地设计出用于视频、音频、小型家电、小型家用保健品、无线通讯等消费电子市场的 8/16/32 bit的芯片，广受消费者欢迎。应用方案设计团队的设计经验平均为：8年/人。曾成功地设计了灵通无绳、2.4GHz无线鼠标等无线基带解决方案，成功地设计了无线耳机、无线音箱、车载音箱、车载音频播放器、数码相框等音视频解决方案，以及网络电话、指纹键盘等计算机周边解决方案。2011年，公司成功研发了AC209N和AC309N系列芯片和配套软件（片载软件及应用软件），可广泛应用于家电、血压计和播放器等产品。AC209N和AC309N芯片，在同期同类芯片中，有9项功能是独创的。其卓越的功能和稳定可靠的性能得到越来越多客户的肯定和喜爱。2012年，公司成功研发了AC329N和AC339N系列芯片和配套软件（片载软件及应用软件），比前一代产品性能更加卓越。2013年，公司成功研发了AC410N系列，广泛应用于蓝牙音频产品、语音识别玩具、语音控制消费品。同时推出AC810N系列，主要用于变频马达、变频家电产品。2014年，公司成功研发了AC510N系统芯片，广泛应用于WIFI音频产品，WIFI视频产品，WIFI家电产品及物联网应用产品。杰理科技设计的芯片与同类产品相比，更贴近客户需求，外围电路设计更加简单，有效地降低了整体成本。目前，公司正在设计通用微控制器芯片（MCU），可广泛应用于：消费、工控等领域。,"https://www.zhaopin.com/jobdetail/CC386384710J40577063516.htm?refcode=4019&srccode=401901&preactionid=a7c1140f-c46c-45e5-b867-ab342d8bdc77"
2648,Java,武汉-江夏区,1.8-3.5万·14薪,外企德科数字技术有限公司,专业技术服务,10000人以上,,CCL1480117890J40725342305,【业务方向】   云计算，自动驾驶，未来网络、人工智能、计算集群、芯片、操作系统、数据库、媒体技术、安全、芯片制造等等   ,2025-07-27 00:23:28,外企德科数字技术有限公司是一家2023年新成立的中外合资企业。成立于2023年11月24日，公司定位：专注于为信息技术企业提供人才及数字技术外包解决方案的中外合资企业。它是由中国人力资源服务行业的FESCO（北京国际人力资本集团）与全球人力资源服务领导者The Adecco Group（德科集团）合资成立的。公司主要提供网络技术服务、软件外包服务、计算机系统服务、技术进出口、软件开发等信息技术相关服务。专注于为信息技术企业提供信息技术类人才及数字技术外包解决方案。,"https://www.zhaopin.com/jobdetail/CCL1480117890J40725342305.htm?refcode=4019&srccode=401901&preactionid=a7c1140f-c46c-45e5-b867-ab342d8bdc77"
2649,实施工程师,郑州-二七区,3000-6000元,郑州众益信息科技有限公司,"计算机软件,IT服务",100-299人,未融资,CC543477530J40370103205,岗位职责：,7月20日,郑州众益信息科技有限公司(简称“公司”)成立于2014年8月，注册资金500万元整，是经河南省郑州市二七区工商管理和质量技术监督局兼河南省测绘地理信息局审核批准成立的一家集软、硬件研发与测绘一体的民营企业，是经省测绘局批准的乙级测绘资质单位，并取得了ISO9001：2008质量管理体系认证资质。公司主要从事不动产（房产、工程、地籍）相关项目的软件开发、测量测绘与地理信息数据采集处理等。目前已建立了自己的产品体系，其产品在国土、城市管理、水务、燃气、三维地质、公安、气象、房产、测绘、电信、农业、林业、军事、水利、地震和地质灾害等领域都有广泛的应用，累计完成近多个GIS项目。公司自成立以来，购置了大量先进仪器设备，引进高级技术人才和管理人才，凭借在测绘领域的专业水平和成熟的技术，在不动产测绘和软件开发领域迅速壮大。我们一直奉行“进取求实严谨团结”的宗旨，不断开拓创新，以技术为核心、视质量为生命，竭诚为您提供服务。,"https://www.zhaopin.com/jobdetail/CC543477530J40370103205.htm?refcode=4019&srccode=401901&preactionid=a7c1140f-c46c-45e5-b867-ab342d8bdc77"
2650,技术支持工程师,唐山-None,5000-9000元,唐山力元科技有限公司,仪器仪表制造,20-99人,未融资,CC665804426J90250000000,1、岗位职责： 1）应用管理软件的运行维护及技术服务 2）软件开发 3）技术文档资料的编写。 2、任职要求： 1）计算机相关专业或自动化相关专业；（有现场安装经验或软件开发经验的学历要求可适当放宽） 2）可适应短期出差 3、试用期：2个月 福利待遇：   1、工资3000以上；   2、上班时间：每周5天，每天8小时工作制；   3、员工享受五险、公司提供餐补、话补；   4、享受法定节假日及婚假、产假等各类带薪假；详情面谈。 职位福利：绩效奖金、年终分红、交通补助、餐补、通讯补助、带薪年假、节日福利  ,8月8日,唐山力元科技有限公司，致力于为客户打造完善的自动控制方案和系统集成，主要从事集中供热控制系统，水利监测系统，工业自动化。是一家提供自动化专业技术服务与支持的科技型企业。公司始创于1994年，业务涉及工业、水利、热力的自动化控制、软件研发等综合领域，历经20多年的市场磨砺，公司已成为专业服务于信息化、自动化的卓越团队。唐山力元科技有限公司拥有精湛的专业技术、优秀的管理团队，团队由计算机、工业自动化、机械工程等多学科领域人才组成，全部为大专以上学历，本科以上学历占全员比例为92%，中级职称以上专业技术人员比例达68%以上。每一位专业技术人员都在工业自动化领域具有超过6年以上的专业经验。唐山力元科技有限公司秉持“专业、专心、专注”的职业精神，为客户提供切实可行、经济高效、节能环保的自动化解决方案。公司现行每天7.5小时、每周5.5天的工作制，公司社会保险及福利齐全。我们将以产业人无比的严谨热情的态度，欢迎各界朋友接洽、指导，并欢迎有追求、有理想的朋友加入进来，共同为国民自动化控制事业尽心尽力！您可以乘坐48或37路车于“荣华道口”下车北20米，路西即到,"https://www.zhaopin.com/jobdetail/CC665804426J90250000000.htm?refcode=4019&srccode=401901&preactionid=a7c1140f-c46c-45e5-b867-ab342d8bdc77"
2651,Java,上海-浦东新区,1.5-3万·14薪,外企德科数字技术有限公司,专业技术服务,10000人以上,,CCL1480117890J40790329105,1. 信息系统/计算机/通讯等相关专业优先，无经验能力优秀者可放宽；   2. 热爱编程，熟悉掌握C/C++/Java/Python/JS/Web/安卓开发等编程语言中的一种或多种编程语言，扎实的编程功底；,2025-07-27 00:25:46,外企德科数字技术有限公司是一家2023年新成立的中外合资企业。成立于2023年11月24日，公司定位：专注于为信息技术企业提供人才及数字技术外包解决方案的中外合资企业。它是由中国人力资源服务行业的FESCO（北京国际人力资本集团）与全球人力资源服务领导者The Adecco Group（德科集团）合资成立的。公司主要提供网络技术服务、软件外包服务、计算机系统服务、技术进出口、软件开发等信息技术相关服务。专注于为信息技术企业提供信息技术类人才及数字技术外包解决方案。,"https://www.zhaopin.com/jobdetail/CCL1480117890J40790329105.htm?refcode=4019&srccode=401901&preactionid=a7c1140f-c46c-45e5-b867-ab342d8bdc77"
2652,科研人员,深圳-光明区,1-2万,深圳理工大学,学校/学历教育,500-999人,,CCL1317818340J40726724810,1.需求人数：150人 2.学历要求：本科、硕士、博士 3.专业要求：材料/化学等相关专业 4.岗位职责：参与课题研究、承担项目、撰写文档，参编标准优先 5.任职要求：热爱科研，勤奋进取，有论文、英文好优先 6.福利待遇：最高可达44w/年+五险一金，有经验可调整，推荐至海内外名校读博机会。,3月17日,中国科学院深圳理工大学（简称“中科院深理工”）是由中国科学院与深圳市人民政府合作，依托中国科学院深圳先进技术研究院建设的独立设置的全日制高校，目标建设成为世界一流、“小而精”的研究型大学。中科院深理工将打造科教融合、产教融合、粤港澳合作及国际化办学、体制机制创新四大特色。在科教融合方面，坚持立德树人，以人才培养为根本任务，坚持以学生成长为中心，遵循教育规律和人才成长规律，创新教育教学方法，探索培养拔尖创新人才的模式，建立学院、书院、研究院“三院一体”的人才培养体系。在产教融合方面，中科院深理工将延续先进院的科技创新发展路径，通过加强创客学院建设，提倡创新创业精神，提供高质量创业氛围，培育学生的创业基因和能力。在国际化方面，学校将面向国内外引进高水平、国际化的教师队伍，提升国际化教学水平。将英文纳入工作语言，专业类课程计划全英文授课，计划三分之一至四分之一教授为外籍，三分之一至四分之一学生为外籍。在体制机制创新方面，中科院深理工将积极引进社会资本参与办学，并在坚持党领导的前提下，计划实行以理事会为核心的法人治理结构。中科院深理工旨在为粤港澳大湾区、为国际培养立志于科研的未来科学家学术前沿的科研领军者、立志于创新创业的未来企业家未来产业的创造者和引领者以及高科技产业的未来技术精英未来高科技行业的技术骨干和引领者。,"https://www.zhaopin.com/jobdetail/CCL1317818340J40726724810.htm?refcode=4019&srccode=401901&preactionid=a7c1140f-c46c-45e5-b867-ab342d8bdc77"
2653,前端开发,北京-海淀区,200-300元/天,北京淘友天下技术有限公司,互联网,500-999人,D轮及以上,CC705057820J40758457901,职位描述 1.负责包括线上业务产品、运营产品、管理系统、数据可视化、效率工具等前段功能模块的设计、开发工作； 2.与产品、设计、后端工程师合作，实现产品的交互方案，前端组件开发、前端设计和架构工作； 3.参与技术调研、性能优化、工程质量优化等工作，为业务赋能； 职位要求 1.本科及以上学历，计算机相关专业，每周可实习4天以上，持续实习6个月以上，26届、27届同学优先； 2.良好的计算机基础（含数据结构），有不错的编码功底，熟悉JavaScript、css、html等前端知识；熟悉常用的前端框架（React），熟悉git操作； 3.热爱前端，好学，主动性强，喜欢钻研各种前端技术，乐于动手即决问题； 4.有编程实习经历的优先考虑；,7月23日,脉脉创立于2013年10月，是1.2亿职场人都在用的职场社区和求职平台。脉脉采用“唯一昵称+实名身份认证”的ID机制，通过认证员工生产的职场内容，发展出了两大核心业务：内容社区和人脉服务。内容社区是现实职场空间的网络映射。脉脉通过同事圈、社区推荐、社区热榜、行业频道、公司点评等丰富的内容版块，帮助职场人做好职业选择，助力职业成长。脉脉为企业提供丰富的人脉连接服务：脉脉高聘（人才银行+雇主品牌服务）、专家网络服务、拓客通、会员服务，满足不同场景下的客户需求。脉脉通过内容社区与人脉服务为职场人创造新鲜事、新成长、新点评、新机遇四重价值。脉脉平台上汇聚了海量的“中高端人才”，用户来自诸多世界500强、中国500强公司，以拥有高学历、高收入的城市职场精英为主。目前用户已经覆盖IT互联网、人工智能、新能源汽车、芯片、生物医药、审计、金融、文化传媒、房地产、制造业、教育培训等各行各业。脉脉希望通过提供平等连接、平等表达、平等选择职业与发展的权利，促进企业与员工平等对话。并在未来十年内成长为服务101个国家的10亿专业人群，成就职业梦想。,"https://www.zhaopin.com/jobdetail/CC705057820J40758457901.htm?refcode=4019&srccode=401901&preactionid=a7c1140f-c46c-45e5-b867-ab342d8bdc77"
2654,前端开发,北京-门头沟区,6000-12000元,北京迈迪培尔信息技术有限公司,"互联网,云计算/大数据",20-99人,未融资,CC522223780J40653912715,岗位职责：,6月30日,北京迈迪培尔信息技术有限公司（MedPeer®）于2017年在北京市中关村门头沟科技园成立。公司以人工智能技术为基础，实现科研资源的优化配置为目标，“让科研变得更容易”为导向，立足于提供全流程的生物医药科研服务，帮助广大有思路、有魄力的科研工作者都能有机会实现有益的探索。成立两年来，企业励精图治，锐意进取，紧密围绕科研服务这个核心，不断完善科研全周期服务体系，打造出目前国内领先的生物医药科研服务平台。2018年获评中关村高新技术企业，2019年通过双软认证并获评科技型中小企业，“基因-变异-疾病关系知识库构建系统”获北京市新技术新产品（服务）认定。现拥有包括发明专利在内的知识产权二十余项，为全国30万科研工作者和上百家知名企业和科研院校提供专业科研服务服务。,"https://www.zhaopin.com/jobdetail/CC522223780J40653912715.htm?refcode=4019&srccode=401901&preactionid=a7c1140f-c46c-45e5-b867-ab342d8bdc77"
2655,Java,成都-武侯区,100-150元/天,成都零夏八度科技有限公司,"IT服务,计算机软件",20-99人,不需要融资,CCL1470276410J40456836804,"岗位职责： 1、简单功能代码实现，编写代码注释和开发文档； 2、参与软件项目的需求分析、设计、开发工作； 3、系统模块及数据库设计； 4、软件模块代码实现,编写测试方案以及完成功能测试； 5、参与软件产品的实施部署; 6、配合项目经理完成相关任务指标。任职要求：   1、计算机、软件工程或电子信息等相关专业，本科学历。   2、在校期间学习过Java，有较好的Java基础知识；   3、熟悉 MySQL 、 Orcale 、 SQL Server 、 redis 、nosql 数据库等至少一种；   4、熟悉 Spring 、SpringMVC 等框架；熟悉微服务框架springCloud；   5、好学上进、学习能力强，富有团队精神，有强烈的责任感和进取心；   6、具备良好的沟通交流能力、理解能力以及自主学习能力，工作认真负责，团队协作意识强。   ",7月21日,成都零夏八度科技有限公司，简称“零夏八度”，公司专注IT信息化系统开发、集成与服务，公司有项目管理系统、物业管理系统、高职院校信息化系统等多个产品。公司团队充满活力，富有进取心，公司秉持以客户为中心的理念，以打造优秀产品为目标，不断为客户创建价值，赢得各方的认可。,"https://www.zhaopin.com/jobdetail/CCL1470276410J40456836804.htm?refcode=4019&srccode=401901&preactionid=a7c1140f-c46c-45e5-b867-ab342d8bdc77"
2656,技术支持工程师,北京-昌平区,8000-12000元,北京华信智航科技有限公司,船舶/航空/航天/火车制造,20-99人,,CC414771180J40799627503,岗位职责 1.  主要负责特种机器人或工业自动化的技术对接，及提供现场技术支持。   2.  主要负责特种机器人或工业自动化产品的性能测试。   3.  协助研发人员完成产品软硬件联调测试及新产品调试工作。   4.  协助产品经理进行市场调研、收集用户反馈。   5.  整理编写相关技术文档。     任职要求   1.  学历：大专及以上学历，电气相关专业。   2.  具备良好的文档撰写能力；   3.  具备良好的沟通协调能力，能够与不同部门有效沟通协作。   4.  具备较强的学习能力和解决问题的能力。   ,7月11日,"北京华信智航系北京晶品特装科技有限责任公司全资子公司(简称""晶品科技""),晶品科技成立于2009年，总部位于首都北京，是国家级高新技术企业集团。公司行业资质齐全，长期专注于高科技军警特种装备的研发与制造，掌控核心、把握关键，军民融合、强军兴国。公司创新管理运营模式和技术协同机制，在设立运营委员会和技术委员会基础上，按照产、学、研深度融合、一体化发展的思路，成立了侧重于系统顶层设计和装备发展体系规划的高新装备技术研究院，以及侧重于基础技术研究、前沿技术探索和工程技术实现的南京理工大学高新装备技术研究所，有力支撑了各事业部的快速跃迁和产业集群的迅猛发展。公司深刻洞悉用户需求，在“01抉择”发展战略的指导下，瞄准世界一流水平，立足自主创新，打破国外技术垄断，通过多年迭代积累，掌握了机器人、无人车、无人机、智能弹药、超宽带雷达、彩色夜视、高精密吊舱、遥控武器站、智能安防系统、军用操控终端、模拟仿真、数字通信等多项核心技术群，设计开发了满足客户急需，对军警有效履行使命、提升战斗力具有重大战略意义的系列化高品质产品。公司部分高新技术领域处于国际先进、国内领先水平，部分尖端军用技术在民用领域的推广应用，可对国家科技和经济发展产生重大影响。在习主席军民融合国家战略思想的引领和鼓舞下，公司时至而行，乘势而起，抢抓军民融合这一难得的历史机遇，已有多类产品在武警/公安/边防部队列装，同时积极参与多个武器装备型号的竞标与研制工作，并在“十三五”装备预先研究、国家级重点实验室基金等课题申报方面取得重大突破，倾力为国防装备现代化建设贡献力量。","https://www.zhaopin.com/jobdetail/CC414771180J40799627503.htm?refcode=4019&srccode=401901&preactionid=a7c1140f-c46c-45e5-b867-ab342d8bdc77"
2657,实施工程师,天津-西青区,5000-6000元,天津宝恒流体控制设备股份有限公司,"仪器仪表制造,仪器仪表制造",100-299人,未融资,CC186720510J40685507116,岗位内容： 1. 日常生产过程中产品的调试。 2. 对已上市的产品进行技术维护和支持，维护用户关系，提供技术支持。 4. 客户使用现场连接调试问题的沟通和解决。   任职要求：  1. 电子、自动化工程、电器或相关专业背景。  2. 具备3年以上仪器/仪表行业相关工作经验，掌握硬件和软件设计基础知识。  3. 具备独立解决问题能力和团队合作意识。 4. 具有创新思维和学习能力，逻辑思维能力、文字表达能力良好，有良好的职业素养和服务意识。,3月28日,天津宝恒流体控制设备股份有限公司是在原天津市宝恒控制阀门有限公司的基础上，2012年为寻求更高发展，申请企业上市并进行股份制改造，新公司随之应运而生。通过近三十年的积极拼搏与不懈努力及社会各界朋友的大力支持，随之司司通过通过现已发展为占地14872平方米，拥有资产7500多万元，员工300余人，年销售额达到上亿元的现代化企业。我公司在同行业中率先通过ISO9001的国际质量认证，多项产品拥有专利、CCC、CE等质量认证。公司拥有国内一流的产品设计专家、深厚的科研开发实力。通过高精密的加工中心、高速数控机床、专业化的检测设备，从而确保产品的精益求精，力求产品整机质量与国外原装机质量相媲美。团结奋进的营销团队，专业化的服务体系，全天候为客户服务，使公司在国内同行业一直处于领先地位。同时我公司作为伯纳德公司在国内的指定代理商，负责其产品在国内的技术咨询、销售和售后服务工作。宝恒公司以其灵活的经营机制、完善的销售服务网络、严格的质量控制体系，不断发展。公司员工牢记诚信为本的原则，“用户第一、质量第一、服务第一”始终贯穿于我们工作的各个环节，用户满意是我们的最终目标。今后公司将依托雄厚的经济技术实力根植于广阔的市场，以“创业、创优”的企业精神，以“品质为宝、信誉永恒”的经营宗旨服务客户，我们愿与各界朋友共同努力，为中国的自动化控制领域水平的不断提高做出我们的贡献，并期盼与您合作共谋发展！公司邮箱 Email：guanli@tjbaoheng.com.cn,"https://www.zhaopin.com/jobdetail/CC186720510J40685507116.htm?refcode=4019&srccode=401901&preactionid=a7c1140f-c46c-45e5-b867-ab342d8bdc77"
2658,测试工程师,开封-None,7000-12000元,郑州初卓汽车电子科技有限公司,汽车智能互联,20人以下,,CCL1222481540J40753426101,工作内容： 1. 负责汽车性能、功能性测试。 2. 设计、执行测试计划，分析数据。 3. 与研发团队合作，提供产品反馈。 4. 确保测试设备和方法的准确性。 5. 编写测试报告和技术文档。 任职要求： 1.大专以上学历，年龄20-30岁，计算机、软件工程、新能源、以及汽车工程优先。 2.熟练使用测试设备和软件，擅长数据分析和问题解决。 3.良好的沟通和团队合作能力。欢迎加入！,2025-07-27 01:03:05,,"https://www.zhaopin.com/jobdetail/CCL1222481540J40753426101.htm?refcode=4019&srccode=401901&preactionid=a7c1140f-c46c-45e5-b867-ab342d8bdc77"
2659,科研人员,合肥-蜀山区,2-3万,中国科学院合肥物质科学研究院,"学术/科研,社团/组织/社会保障",100-299人,,CC423095420J40679517207,岗位1：高场超导磁体设计和性能分析； 岗位职责：高场高均匀度磁体电磁、结构和失超保护设计，工艺设计，磁体低温测试等。 岗位要求： 1.拥有制冷及低温工程，电气工程，核能科学等专业博士学位； 2.拥有高均匀度电磁优化、结构仿真、失超分析、低温结构设计等研究背景者优先； 3.获得博士学位不超过3年，年龄一般不超过35周岁； 4.身心健康，并具有良好的科研潜质、学术道德和综合能力。 岗位2：样品环境低温插入件设计和性能分析； 岗位职责：基于小型制冷机的低温系统设计和样品环境插入件研制。 岗位要求： 1.拥有制冷及低温工程等专业博士学位； 2.拥有基于氦4、氦3等工质的低温系统（J-T，吸附等）研制经验优先； 3.获得博士学位不超过3年，年龄一般不超过35周岁； 4.身心健康，并具有良好的科研潜质、学术道德和综合能力。 岗位3：CCT型超导组合磁体设计和性能分析； 岗位职责：高能物理探测器对撞区聚焦磁体系统研制 岗位要求： 1.拥有电气工程，核能科学等相关专业博士学位； 2.拥有CCT四极线圈电磁优化、结构优化、磁体低温结构设计等研究背景者优先； 3.获得博士学位不超过3年，年龄一般不超过35周岁； 4.身心健康，并具有良好的科研潜质、学术道德和综合能力。,4月27日,中国科学院等离子体物理研究所（以下简称等离子体所）伴随改革开放的步伐，致力于探索开发人类无限而清洁的新能源——核聚变能。四十余年来，核聚变大科学团队面向世界科技前沿和国家重大战略需求，进行聚变工程技术攻关和深入物理实验研究，取得一系列具有原创性国际领先水平的成果，促使我国稳态磁约束核聚变研究走在国际前列，为人类核聚变研究做出重大贡献。等离子体所是中国热核聚变研究的重要基地，世界实验室聚变研究中心，先后建成并运行常规磁体托卡马克HT-6B、HT-6M，我国第一个圆截面超导托卡马克核聚变实验装置HT-7，世界上第一个非圆截面全超导托卡马克核聚变实验装置“东方超环”（EAST）等四代托卡马克装置，并在物理实验中获得了一系列国际先进或独具特色的成果，先后获2项国家科学技术进步一等奖，4项国家科学技术国际合作奖，以及多个国家级重要奖项。此外，全面参与合肥综合性国家科学中心建设，正在建设国家“十三五”大科学工程聚变堆主机关键系统综合研究设施CRAFT，开展中国聚变工程试验堆设计和预研。等离子体所与欧、美、俄、日、澳等三十多个国家和地区建立了稳定合作交流关系，成立国际聚变能联合中心。作为ITER中国工作组的重要单位之一，承担了ITER中国的导体、校正场线圈、超导馈线、电源、诊断等采购包任务和总装任务。等离子体所承担的ITER任务以优异的性能指标通过国际评估，产品质量100%满足ITER要求，进度在七方参与国家中居前列，创造多项第一。等离子体所在承担国家大科学工程项目和参加ITER计划过程中，实现中国制造和中国创造，自主发展关键聚变工程技术，在工业界得到推广应用并促进国内高新技术企业的蓬勃发展，还向欧美西方发达国家出口我国聚变工程技术。依托超导、磁体、低温、电源、等离子体应用及衍生高技术等领域，加快推动聚变技术产业化，大科学工程沿途下蛋成效显著，为国民经济发展做出贡献。等离子体所现有14个研究室、2个中心、1个专项办公室、1个综合管理部门和多个高技术公司。在职职工700余人，其中专业技术人员逾80%。现有3位中国科学院或中国工程院院士，多人入选国家杰出青年基金、“万人计划”领军人才和拔尖人才等人才专项或担任国家重点研发计划项目首席科学家。等离子体所现有1个博士后流动站，4个博士点包括等离子体物理和核能科学与工程2个特色专业，11个硕士点包括等离子体物理、核能科学与工程、电工理论与新技术、低温与制冷工程、核技术及应用5个特色专业。已培养研究生逾千人，在学研究生500余人。等离子体所编辑出版的国内等离子体专业唯一的英文学术期刊《Plasma Science and Technology》，已被EI、SCI、SA等国际重要数据库收录，影响因子不断攀升。等离子体所崇尚“甘于奉献、团结协作、锐意进取、争创一流”的大科学文化，形成了开放、公平、民主的科研氛围及宽松和谐的科研环境，全所师生员工正以积极向上的精神风貌，为研究所创新跨越式发展而不懈奋斗。,"https://www.zhaopin.com/jobdetail/CC423095420J40679517207.htm?refcode=4019&srccode=401901&preactionid=a7c1140f-c46c-45e5-b867-ab342d8bdc77"
2660,科研人员,北京-丰台区,1-2万,首都医学科学创新中心,"学术/科研,学术/科研",300-499人,不需要融资,CCL1464242520J40760281302,"About the Badr Lab: The Badr Lab at the Chinese Institutes for Medical Research (CIMR) is a new research team focused on understanding how autoreactive T cells achieve immune tolerance — and translating these discoveries into new therapies for autoimmune diseases and cancer. Our work integrates molecular biology, cellular immunology, and in vivo mouse models to address fundamental questions in immunology with direct clinical relevance. We are creating a focused, collaborative lab dedicated to scientific discovery and improvin  Lab Manager   Main Responsibilities: · Oversee daily laboratory operations, including inventory management, equipment maintenance, and overall lab organization. · Manage and monitor the breeding, genotyping, and care of mouse colonies critical for research projects. · Assist with project fund management, including expense tracking and reimbursement processing. · Ensure lab safety compliance and maintain a clean, organized, and efficient work environment.  Qualifications: · Bachelor’s degree or higher in life sciences, medicine, or a related field. · Proficiency in English and Chinese for reading, writing, and daily communication. · Research experience in molecular biology, cell culture, and mouse studies is preferred. · Highly self-motivated with strong organizational and teamwork skills. 任职要求： · 生命科学、医学或相关专业本科及以上学历。 · 具备良好的中英文阅读、写作及日常沟通能力。请提供中英文简历。 · 具备分子生物学、细胞培养或小鼠实验经验者优先。 · 积极主动、细致严谨，具备较强的组织能力和团队合作精神。",6月27日,"首都医学科学创新中心[Chinese Institutes for Medical Research(CIMR), Beijing]（简称创新中心）是北京市新成立的具有独立法人资格的新型研发机构。创新中心以推动医学科学发展、改善人类健康为目标，开展生物医学研究，致力于提升医学科学创新与成果转化能力，提高疾病诊断和治疗水平。我们将汇聚世界高水平科学家，与首都医学教育和科学研究优质资源紧密合作，打造多学科交叉融合的科研平台，综合自由探索、医学目标导向、有组织科研等途径，实践新型科研模式和体制机制，逐步推进医教研产的深度融合，培养适应医学科学创新发展的优秀人才。","https://www.zhaopin.com/jobdetail/CCL1464242520J40760281302.htm?refcode=4019&srccode=401901&preactionid=a7c1140f-c46c-45e5-b867-ab342d8bdc77"
2661,Java,北京-海淀区,1.5-3万,外企德科数字技术有限公司,专业技术服务,10000人以上,,CCL1480117890J40786026505,工作内容: 1.负责研发领域IT系统技术方案的设计，开发等工作; 2.负责项目开发过程中的技术攻关及解决运行中出现的技术问题; 3.负责产品核心模块的代码编写和测试; 4.负责产品疑难问题的分析和定位。 岗位要求: 1.统招学历学位证，毕业证，学信网可查; 2.热爱编程，基础扎实，熟悉掌握但不限于JAVA/Python/JS/HTML/GO/C/C++/C#等编程语言中的一种或数种，有良好的编程 习惯; 3.具备独立工作能力和解决问题的能力、善于沟通、乐于合作、热衷新技术、善于总结分享，喜欢动手实践,2025-07-27 00:25:27,外企德科数字技术有限公司是一家2023年新成立的中外合资企业。成立于2023年11月24日，公司定位：专注于为信息技术企业提供人才及数字技术外包解决方案的中外合资企业。它是由中国人力资源服务行业的FESCO（北京国际人力资本集团）与全球人力资源服务领导者The Adecco Group（德科集团）合资成立的。公司主要提供网络技术服务、软件外包服务、计算机系统服务、技术进出口、软件开发等信息技术相关服务。专注于为信息技术企业提供信息技术类人才及数字技术外包解决方案。,"https://www.zhaopin.com/jobdetail/CCL1480117890J40786026505.htm?refcode=4019&srccode=401901&preactionid=a7c1140f-c46c-45e5-b867-ab342d8bdc77"
2662,前端开发,太原-迎泽区,4000-5000元,山西信通联科工贸有限公司,居民服务,1000-9999人,不需要融资,CC448142910J40673504414,一、岗位说明 1.负责智慧建筑运营管理平台及各子系统业务、架构模式、应用场景的开发。 2.负责智慧建筑可视化前端开发。 3.了解/熟悉主流物联网架构、通讯方式。 4.了解/熟悉智慧建筑相关系统行业标准、通讯标准。 5.技术文档编撰。 二、 技术要求 前端技能 基本前端开发：熟练掌握HTML5、CSS3、JavaScript（ES6+）等核心前端技术。 前端框架：熟悉至少一种主流框架，如React、Vue.js 或 Angular。 组件化开发：熟悉UI组件库（如Ant Design、Element UI等）的使用。 模块化工具：了解Webpack、Vite 或 Parcel 等构建工具。 版本管理：熟练使用Git/GitHub或GitLab进行代码管理。 三、能力要求 1、掌握一种或多种开发语言及主流框架：Java、.Net、C、C++、C#等； 2、熟练掌握HTTP、TCP、UDP网络通讯开发技术； 3、熟练串口、CAN等通讯接口通讯协议开发； 4、熟悉OPC开发技术或Modbus通讯协议优先。 5、心态平稳乐观、乐于接受新事物、动手能力强，学习能力强；  6、有较强的责任心和团队合作精神，具有创新精神。  四、岗位要求： 工作经验：有在校项目经验 学历：专科以上学历，接受实习生 专业：计算机软件专业,6月12日,山西信通联科工贸有限公司是一家现代企业管理模式的股份有限公司，注册资金1000万元，集物业管理、酒店餐饮服务、智慧云梯业务、网络科技、清洗绿化、会议服务、鲜花广告、通信器材销售、房屋租赁等综合性服务公司。公司自成立以来，秉承“业主至上、服务第一、诚信做人、踏实做事”的服务理念，在各项业务中，创出“信通联”的品牌。公司现有几十个物业服务项目，在管面积超过一百万平米，2019年被山西省物业协会、太原市房地局评定为“AAA”级信用服务企业。公司现自主经营一家集住宿、餐饮商务为一体的三星级酒店。近年来成功托管信息技术行业、教育行业、金融行业、医疗卫生行业、公安系统等多家单位食堂，打造出绿色、放心的“爱时尚”职工食堂托管品牌。公司成立科技创新中心，提供会议远程服务、智慧农业服务等高科技行业，科技研发年投入超过百万。公司坚持“诚实守信、忠诚敬业、客户至上、改进创新”，创造和谐的企业文化，为企业健康发展打下了坚实的基础。“顾客的满意”作为我们永远不变的追求；爱护环境，回报社会、关爱员工等社会责任视为己任。公司的未来期待每一个优秀的人才加入，与您携手，共创辉煌！,"https://www.zhaopin.com/jobdetail/CC448142910J40673504414.htm?refcode=4019&srccode=401901&preactionid=a7c1140f-c46c-45e5-b867-ab342d8bdc77"
2663,测试工程师,北京-海淀区,5000-7000元,北京多铁克数字技术有限公司,"电子/半导体/集成电路,电子/半导体/集成电路,通信/网络设备",20-99人,未融资,CC177872410J40726698616,岗位职责： 1、负责x86架构工业计算机和服务器产品的软硬件测试工作。 2、负责多种版本linux、windows操作系统的装机流程、硬件驱动兼容性研究、测试和维护工作。 3、能够理解产品和项目需求，在研发任务进行的过程中，从框架结构上提前洞察研发可能出现的方向性错误。 4、在研发任务完成后，设计测试流程、撰写流程文档，并根据流程文档进行测试工作。 5、产品bug属于供应商责任的，负责和中外供应商沟通，推动供应商解决相关问题。 6、快速响应客户现场出现的产品问题，通过实地、远程、公司环境复现等多种不同手段探查问题本质，推动研发解决问题。 7、改进和优化公司的测试环境，管理公司专业的测试仪器和设备。 任职要求： 1、计算机科学、软件工程、通信、信息相关专业大专以上学历。 2、至少熟悉linux脚本、C、C++、python中的一种语言，能使用此语言进行简单编程实现一些批量处理任务。 3、熟悉linux命令的使用方法，熟练安装和使用Centos、Ubuntu等linux系统。 4、熟悉x86架构计算机硬件组成原理，有DIY 民用pc、工控机、服务器的相关经验。 5、学习和动手能力强，能快速学习和理解视频通信领域的专业概念、专业名词和专业需求场景，准确搭建和部署相关测试环境。,6月26日,北京多铁克数字技术有限公司(Doteck多铁克)成立于2001年，公司一直致力于广播级4x12G-SDI 8K H.265 UHD超级编码器，12G-SDI 4K H.265 UHD超高清编码器和解码器，HD-SDI H.264 HD单路或多路高清编码器/转码器/解码器，4K超高清光端机，高清光端机，高清矩阵，高清转换器，高清视频音频加嵌器，高清视频音频解嵌器，分配器，高清标清上下变换器，调制器，码流复用器等产品的研发，生产和销售。Doteck多铁克的产品广泛应用于全国各大中小型电视台电台及军队，电信，政府与多媒体等行业，过硬的产品质量和周到细致的服务深得广大客户的一致好评。Doteck多铁克拥有一流的管理团队，前沿的经营理念，强烈的创新意识，高素质的研发与销售队伍；公司近几年一直也在积极开拓海外市场，像参加美国拉斯维加斯NAB，荷兰阿姆斯特丹IBC，新加坡BroadcastAsia，印度孟买Broadcast India，迪拜中东CABSAT，日本东京Inter BEE等展会；本着对客户负责和对公司利益负责的精神，Doteck多铁克所生产的产品都是严格按SOP的生产规范来操作，从每一个螺丝钉到芯片及电源模块的配件选型，到最后一道程序产品的包装，检验员都是严格层层把关，有效的杜绝不合格的产品流入下道工序，绝对保证了产品质量，提高了产品在市场的竞争力。Doteck多铁克拥有中关村高新技术企业和双软企业资质，获得十几项产品专利和软件著作权，通过了相关产品的ISO:9001产品质量体系认证、广电总局入网许可及产品出口CE认证。在以后的工作中，希望广大客户对Doteck多铁克多提意见与建议，我们会竭尽全力的给广大客户提供更好更优质的产品来服务大家,"https://www.zhaopin.com/jobdetail/CC177872410J40726698616.htm?refcode=4019&srccode=401901&preactionid=a7c1140f-c46c-45e5-b867-ab342d8bdc77"
2664,Java,武汉-江夏区,1.2-2.4万·14薪,外企德科数字技术有限公司,专业技术服务,10000人以上,,CCL1480117890J40784086405,岗位职责： 1、负责应用软件开发和维护工作。 2、负责软件模块需求分析、系统新模块代码编写和单元测试，完成概要设计文档、详细设计文档。 3、积极主动的与项目相关人员沟通交流，持续改善产品体验。 业务技能要求： 1、熟练掌握常用数据结构。 2、熟悉计算机组成原理、操作系统、网络等。,2025-07-27 00:25:18,外企德科数字技术有限公司是一家2023年新成立的中外合资企业。成立于2023年11月24日，公司定位：专注于为信息技术企业提供人才及数字技术外包解决方案的中外合资企业。它是由中国人力资源服务行业的FESCO（北京国际人力资本集团）与全球人力资源服务领导者The Adecco Group（德科集团）合资成立的。公司主要提供网络技术服务、软件外包服务、计算机系统服务、技术进出口、软件开发等信息技术相关服务。专注于为信息技术企业提供信息技术类人才及数字技术外包解决方案。,"https://www.zhaopin.com/jobdetail/CCL1480117890J40784086405.htm?refcode=4019&srccode=401901&preactionid=a7c1140f-c46c-45e5-b867-ab342d8bdc77"
2665,测试工程师,福州-鼓楼区,1-1.2万·13薪,青岛瑞晟元人力资源有限公司,人力资源服务,20人以下,不需要融资,CCL1431271280J40777139807,,2025年07月28日,,"https://www.zhaopin.com/jobdetail/CCL1431271280J40777139807.htm?refcode=4019&srccode=401901&preactionid=a7c1140f-c46c-45e5-b867-ab342d8bdc77"
2666,实施工程师,长沙-岳麓区,1-1.5万,威胜能源技术股份有限公司,"电力/水利/热力/燃气,电力/水利/热力/燃气",1000-9999人,已上市,CC627781820J40693195505,工作职责 1、负责公司电力海外项目的售前支持工作，包括客户沟通、技术交流、方案展示； 2、参与目标国项目招投标，编写技术标文件； 3、协助落地项目的技术协议签署及资质材料提交；  4、负责收集和整理行业动态及竞品信息。 任职资格 1、电气工程自动化等相关专业，本科及以上学历，英语可作为工作语言； 2、良好的人际交往和沟通能力，抗压能力强，具备诚实、严谨、负责和团队合作的精神； 3、能中、短期出差海外。,5月23日,威胜能源技术股份有限公司（原名：威胜电气有限公司）成立于2013年9月，是香港上市公司威胜控股有限公司（HK3393）面向新能源及智能配电领域设立的业务平台公司。公司产业基地位于湘潭国家级经济技术开发区，占地面积近400亩，已建及在建的智能制造高标准厂房及实验室总面积超10万平方米，并在深圳、珠海、长沙等地设立了技术研发中心。公司聚焦全球可持续发展背景下的能源清洁化、数字化、智慧化转型，为电网公司、发电企业、通信行业及各类工商业客户提供新能源、储能、智能配电等应用所需的核心装备、解决方案和各类综合能源服务。公司与华中科大、中南大学、湖南大学、湘潭大学、长沙理工，以及国家电网、南方电网建立了持续的产学研合作体系，是西门子、施耐德、ABB公司的核心战略合作伙伴。现有知识产权918项（专利、软著），参与国家及国际相关技术标准20余项。公司拥有国家认定企业技术中心、国家地方联合工程研究中心、省级工程技术研究中心、省工业设计中心、2个省级企业技术中心等创新平台。公司是国家专精特新小巨人企业、国家绿色工厂、国家知识产权示范企业、国家智能光伏示范企业、国家工信部2023年工业互联网试点示范企业、全国工业领域电力需求侧管理示范单位、国家高新技术企业、国家服务型制造示范企业、中国电力企业联合会AAA级企业。公司荣获湖南高新技术企业综合创新能力100强、湖南省智能制造示范企业、湖南省工业质量标杆企业、湖南省两型示范企业、湖南省科技进步奖、湖南省新型电力系统发展联合研究中心理事单位等荣誉。公司秉承“致力成为智能电气与智慧能效服务专家”的初心与使命，面对全球加速构建新型能源体系、推动经济社会绿色低碳转型下的机遇与挑战，锐意进取、矢志创新，为全球客户提供更安全、高效、专业、智能的产品与服务。,"https://www.zhaopin.com/jobdetail/CC627781820J40693195505.htm?refcode=4019&srccode=401901&preactionid=a7c1140f-c46c-45e5-b867-ab342d8bdc77"
2667,技术支持工程师,无锡-滨湖区,4000-8000元,无锡日立电梯工程有限公司,"电气机械/电力设备,房地产开发",100-299人,未融资,CC295130380J40719475210,任职要求： 1、 年龄：18周岁以上； 2、 学历：专科及以上学历；专业：机电、电气、机械、电子、自动化等相关专业 ； 3、沟通能力强； 4、逻辑分析能力：考虑问题全面、周密、细致、准确性高； 5、理性决策：关注部门的核心竞争力，基于事实数据做出决策； 6、有责任心，具有一定的抗压能力。 7、有较强的客户服务意识，能从用户角度考虑问题； 8、从事机械维修工作一年以上者优先考虑。 9、有电梯行业技术支持经验，学习时间不多，需上手快 岗位职责： 1、应对电梯安装、调验、维保过程中的技术非标及不良； 2、持续提高电梯处理技术问题的能力； 3、现场技术情况情报的收集、分析反馈，故障处理报告编写，协助修改相关工艺文件； 4、每个季度协助技术工程师举行一次工艺培训，归纳总结一个季度内常见问题并给出预防措施； 5、协助完成公司整改任务，完成上级安排的其它工作。 公司提供多元化的职业发展路线，晋升制度完善 公司福利： 1、入司即签订正式劳动合同，缴纳六险一金； 2、公司提供相应的交通、餐费、通信、高温等补贴； 3、公司组织每年美年大健康员工体检； 4、公司组织每年员工外出旅游； 5、公司工会组织各种有趣团队活动； 6、公司提供弹性节假日福利和补贴。 面试地址：无锡市滨湖区湖滨街15号蠡湖科研大厦5层 职位福利：定期体检、高温补贴、员工旅游、节日福利、五险一金、餐补、带薪年假、包住   ,2月28日,日立电梯（中国）有限公司成立于1996年1月15日，由中日双方共同投资建立。中方占30%的股份，日方占70%的股份，以中方为主进行管理。公司总部设在广州中信广场，售后服务总部设在富力盈泰广场和海印桥南，开发中心和生产基地设在番禺大石石北工业区。此外，公司在全国各主要城市设立了33家分支机构，负责公司产品的销售和售后服务。日立电梯一直以来都以环保产品自称，并为外界津津乐道，只因其产品一直使用杜邦（DUPONT）的高性能粉末涂料。日立于07年在上海青浦成立了新厂，而其合作伙伴——杜邦生产粉末涂料基地有一个就在青浦工业园区，离其不到数百米。极大的提高了供货等各方面的效率。日立电梯主要生产和经营各类型电梯、扶梯、自动人行道、建筑智能化系统工程等，集产品研发、制造、销售、安装、维修保养、工程服务于一体。公司在全国各主要城市设立超过50家分支机构，负责产品的销售和售后服务。公司年生产能力为4.2万台，市场占有率达14.4%，是国内最大的电梯制造商和服务商之一。两大研发中心：日立电梯（中国）有限公司在广州和上海分别建立了电梯研发中心，其中位于广州的日立电梯亚洲开发中心是亚洲最大的电梯开发中心，中国电梯行业首家博士后科研工作站也位于此处，拥有最先进的电梯控制技术与节能技术；位于上海的电梯技术研发中心是国内领先的一流电梯技术研发机构，它以超高速电梯等高端产品的技术研发为核心，建立有自主知识产权的高端产品应用技术体系。广州、上海两大研发中心遥相呼应，实现了中国、日本资源的共享与共同开发。公司理念：日立创业以来，始终传承着“以技术贡献社会”的创业理念，通过高度的伦理观、先进的技术和自主的事业，为解决全球面临的各种社会问题作出积极的贡献。日立以领导革新的尖端技术力量，与合作伙伴建立起稳固的信赖关系，以创造富裕生活和更美好的社会为己任——这就是日立“技术”、“信赖”、“信诚”的企业基因。面对不断发展的全球环境，感受着中国社会建设日新月异的变化，日立把中国的都市建设事业纳入重要的发展领域。日立电梯自1996年进入中国以来，不断开发适合中国市场的高效产品，研究科学的、人性化的楼宇交通解决方案，通过迅速的成长与革新，现已成为中国市场上规模最大、实力最强的电梯企业之一。秉承日立领先全球的尖端技术和近百年的电梯制造经验，日立的电、扶梯产品因其优质高效和节能环保而倍受市场青睐。同时，凭借其稳固的产品信誉和尖端的电梯技术，得到了诸多房地产开发商的认可与信赖，并与万科、富力、合生创展、华润等数十家开发商建立起战略合作关系。作为日立海外最大的合资公司，日立电梯（中国）有限公司凭借广州（总部）、天津、上海3大基地的研发与制造实力，发展覆盖全国各大城市的分支机构和服务网络，创造针对中国市场的营销和服务活动，在“Inspire the Next”的企业理念下，为中国提供安全、舒适、便捷的楼宇交通解决方案。时至今日，日立电梯（中国）有限公司已成为中国最大的电梯企业之一，将继续以创造美好都市生活为远景，源源不断为中国都市建设事业注入新的活力。旗下产品：垂直电梯日立电梯将IT、环境、能源等多领域技术全方位运用，不断开发适合中国市场、安全、高效、舒适、便捷的产品，为创造丰富多彩的都市生活贡献力量。自动扶梯/人行道多年的经验和技术开发，创造了包括专利8mm安全边界、全不锈钢梯级和独特立式驱动系统等高效能技术，日立自动扶梯、人行道拥有自己独特的风格。智能安防系统日立智能安防系统，将安防、设备监视、一卡通、电梯控制、信息传递、物业管理、小区各种增值服务集成在统一平台，真正做到一体化智能化管理。欢迎致电无锡日立电梯工程有限公司电话：0510-85123250,"https://www.zhaopin.com/jobdetail/CC295130380J40719475210.htm?refcode=4019&srccode=401901&preactionid=a7c1140f-c46c-45e5-b867-ab342d8bdc77"
2668,Java,上海-浦东新区,1.4-2.8万·14薪,外企德科数字技术有限公司,专业技术服务,10000人以上,,CCL1480117890J40788009905,岗位要求： 1、扎实的编程能力，熟悉算法和数据结构；熟悉计算机的基础理论； 2、熟练使用java/c/c++/python/js其中一种语言，掌握Spring相关生态开源框架，熟悉MySql、MQ、Redis、SpringCloud等，熟悉事务、缓存、消息、负载均衡等；  3、熟悉Linux开发环境；  4、具有大规模高并发云服务设计和开发经验优先；  5、有微服务、容器相关开发经验优先。  任职要求：  1、扎实的编程能力，熟悉算法和数据结构；熟悉计算机的基础理论；  2. 软件基础扎实，熟悉掌握但是不限于Java/Js/C/C++/Python/Go/JS等编程语言，有良好的编程习惯。  3. 具备独立工作能力和独立解决问题的能力，善于沟通，乐于协作，热衷于新技术，善于总结分享，喜欢动手实践。,2025-07-27 00:25:37,外企德科数字技术有限公司是一家2023年新成立的中外合资企业。成立于2023年11月24日，公司定位：专注于为信息技术企业提供人才及数字技术外包解决方案的中外合资企业。它是由中国人力资源服务行业的FESCO（北京国际人力资本集团）与全球人力资源服务领导者The Adecco Group（德科集团）合资成立的。公司主要提供网络技术服务、软件外包服务、计算机系统服务、技术进出口、软件开发等信息技术相关服务。专注于为信息技术企业提供信息技术类人才及数字技术外包解决方案。,"https://www.zhaopin.com/jobdetail/CCL1480117890J40788009905.htm?refcode=4019&srccode=401901&preactionid=a7c1140f-c46c-45e5-b867-ab342d8bdc77"
2669,C/C++,苏州-常熟市,1.3-2.6万·14薪,南京智通人力资源服务有限公司,咨询服务,500-999人,已上市,CC593561420J40697546709,1、负责公司PC打版软件（类似CAD的图形处理软件）新功能的开发、维护； 2、负责上位机数据处理逻辑、驱动等开发工作； 3、负责实现产品三维渲染方面的功能需求； 4、根据公司的规定编写技术文档； 任职要求： 1、本科及以上学历，计算机相关专业； 2、具有Windows程序开发经验； 3、能够按照项目与产品业务要求，负责核心业务代码编写； 4、精通C++编程和面向对象程序设计，精通UI设计与实现，熟悉界面库； 5、有绘图相关开发的优先 ； 6、有MFC开发经验的优先； 7、熟悉OpenGL核心模式，熟悉着色器编写方法，熟悉实物仿真； 8、资深薪资另议。,2月21日,苏州智鲲人力资源有限公司（以下简称“苏州智通”），是智通人才连锁集团与昆山人力资源市场集团共同投资成立的专业人力资源服务机构。智通人才连锁集团（股票代码:830969）创立于1995年，在全国20多个城市设立了60多家分支机构，是全国就业先进企业、国家级高新技术企业、全国人力资源诚信服务示范机构、国家中小企业公共服务示范平台、HROOT全球人力资源服务机构100强、亚太人力资源服务领军企业，也是国家级人力资源服务业标准化试点单位和中国人才交流协会副会长单位。苏州智通将坚持“为人才增值、为企业增效”的企业使命，依托集团人才数据、资源平台、专业能力，构建以招聘为核心，专注“硕博人才引进”、“技能人才开发”、“城市招才引智”和“高端人才开发”，通过数智化和专业化服务，赋能客户与人才，在“智通天下，才富中国”的企业愿景下，为社会创造更大价值。2014年，率先进入资本市场，成为国内领先的新三板人力资源服务商。多年来，持续推动人力资源服务发展创新，致力于基于大数据的人工智能招聘研究与应用，开创智能招聘新时代。,"https://www.zhaopin.com/jobdetail/CC593561420J40697546709.htm?refcode=4019&srccode=401901&preactionid=a7c1140f-c46c-45e5-b867-ab342d8bdc77"
2670,前端开发,上海-静安区,面议,卡斯柯信号有限公司（CASCO）,"通信/网络设备,计算机软件,通信/网络设备,客运服务",1000-9999人,未融资,CC130728380J40799943408,岗位职责:,6月16日,卡斯柯信号有限公司成立于1986年，是中国铁路通信信号股份有限公司控股管理，与阿尔斯通共同出资成立的一家专注于轨道交通的控制系统集成商。自成立三十多年来，卡斯柯以每年不低于10%的年销售额投入，在轨道交通控制系统领域持续创新，独创的“引进、消化、吸收、再创新”的卡斯柯模式，确保了国内外最先进的技术总能及时转化为最符合市场和客户需求的实施落地，同时促进技术的自主研发和创新，迄今已拥有百余项具有完全自主知识产权且与国际先进水平相当的系统技术和产品，我们已形成完整的列车运行控制系统产品线，覆盖信号系统全部领域，市场涉及国家铁路、城市轨道交通、城际铁路、有轨电车等各个领域，并为伊朗、香港、乌兹别克斯坦、尼日利亚、埃塞俄比亚、澳大利亚等海外国家和地区提供先进的信号控制系统。我们所交付的系统和产品以其技术的先进性、功能的适用性和质量的可靠性深受用户好评。我们始终坚信“人才”是公司最核心的资本，“尊重人才、培养人才、发展人才”是我们对每一位卡斯柯人的承诺。合一的团队氛围，温馨备至的员工关爱，行业领先的培训体系与发展平台，海外学习、交流和工作的机会，为实现“打造职业化的管理团队、有行业影响力的专家队伍以及最高效的工程实施队伍”的人才战略奠定了坚实的基础。“我们坚守安全、永不妥协，始终致力于让人们拥有最安心、高效、可持续的出行生活”——这是我们的坚定不移的使命。坚持和弘扬“实践家精神、安全、诚信、团队、创新”的核心价值观，在铁路和城市轨道交通大发展的时代背景下，我们致力于成为客户最信赖的伙伴，并与客户共同打造全方位的轨道交通控制系统集成方案。卡斯柯邀请优秀的你们，一起去探索轨道交通行业那闪闪发亮的远方，解锁未来智慧出行！朝阳万里，还需一个你！欲更多了解我们的技术及产品信息，欢迎访问公司网站：www.casco.com.cn或关注公司微信公众号。,"https://www.zhaopin.com/jobdetail/CC130728380J40799943408.htm?refcode=4019&srccode=401901&preactionid=a7c1140f-c46c-45e5-b867-ab342d8bdc77"
2671,C/C++,南京-雨花台区,1.9-3.5万·14薪,外企德科数字技术有限公司,专业技术服务,10000人以上,,CCL1480117890J40796971705,岗位内容： 1. 负责应用程序的设计与开发或测试，包括需求分析、系统设计、编码和测试等环节。 2. 研究新技术，不断提升开发效率和程序性能。 3. 改进现有系统、优化系统资源，提高系统稳定性和可靠性。 4. 参与团队内部培训、交流与分享会议，促进整个团队技术水平的提升。 任职要求： 1. 至少熟悉Java/C/C++/python/JS语言的一种 2. 具备扎实的计算机基础，熟悉数据结构、算法和网络编程等知识点。 3. 具有较强的自学能力、问题解决能力和团队协作能力。 4. 有相关竞赛经验/刷题经验优先  5. 第一学历为本科及以上学历，双一流院校优先，不招收实习生/未毕业,2025-07-27 00:26:11,外企德科数字技术有限公司是一家2023年新成立的中外合资企业。成立于2023年11月24日，公司定位：专注于为信息技术企业提供人才及数字技术外包解决方案的中外合资企业。它是由中国人力资源服务行业的FESCO（北京国际人力资本集团）与全球人力资源服务领导者The Adecco Group（德科集团）合资成立的。公司主要提供网络技术服务、软件外包服务、计算机系统服务、技术进出口、软件开发等信息技术相关服务。专注于为信息技术企业提供信息技术类人才及数字技术外包解决方案。,"https://www.zhaopin.com/jobdetail/CCL1480117890J40796971705.htm?refcode=4019&srccode=401901&preactionid=a7c1140f-c46c-45e5-b867-ab342d8bdc77"
2672,实施工程师,北京-通州区,6000-12000元,北京凯隆分析仪器有限公司,"仪器仪表制造,IT服务,电子/半导体/集成电路",100-299人,未融资,CC152849920J40052211001,请注意！不是软件系统！是自动化集成设备的整体方案设计！主要是给客户提供在线分析设备！,5月27日,"北京凯隆分析仪器有限公司是专业从事在线分析系统的制造商.成立于1993年，至今已有二十八年的历史，所拥有的过程气体在线分析系统产品（称为采样预处理系统），获得了卓越的国际国内声誉，在技术方面遥遥领先。赢得了用户广泛的赞誉。当今已有超过 2000套分析系统安装使用在国内外的各个工业领域内。迄今在中国北京设有研发制造基地、在杭州、成都、鞍山等多个主要城市设有销售与技术服务中心，并拥有研发、生产、销售与服务全方位业务。2008年、2009年2010年连续3年的订单均在每年1亿人民币。北京凯隆分析仪器有限公司总部设在北京的亦庄国家级经济开发区.位于中关村科技园区通州园金桥科技产业基地景盛中街21号，设计，研制,生产一系列采样预处理部件及气体分析系统。分析系统不仅可与磁氧，红外，紫外，热导等在线气体分析仪配套；同时可与在线工业气相色谱，光谱，热值，水中碳烃光学仪器等配套广泛应用石油化工、冶金、电厂、建材，环保等领域。出口产品占整个销售领域30%份额，经常出口提供给世界40多个国家和地区。领先于国内同行业。北京凯隆分析仪器有限公司KALOON Analytical Instruments CO.Ltd","https://www.zhaopin.com/jobdetail/CC152849920J40052211001.htm?refcode=4019&srccode=401901&preactionid=a7c1140f-c46c-45e5-b867-ab342d8bdc77"
2673,技术支持工程师,福州-闽侯县,1-1.5万,杭州海康威视数字技术股份有限公司,"人工智能,工业自动化,人工智能,物联网",10000人以上,已上市,CC120975580J40732084915,职位描述： 1、解决客户日常使用产品时的问题，包括产品硬件、软件安装调试，故障排除，日常维护建议等； 2、配合销售人员根据客户需求为客户做相关产品的演示和产品测试工作； 3、根据客户需求为客户提供产品安装、调试等的技术支持； 4、接听技术支持电话，解答客户提出的技术问题，电话解决现场的安装、调试问题。   任职资格： 1、本科以上学历，计算机、电子信息工程、自动化、通信等相关专业； 2、具备良好的沟通能力，客户导向能力强； 3、正直诚信，能承受工作压力，具有高度热情和良好的团队合作意识。 4、需要适应出差或者服从地点调配。,2月23日,【公司介绍】海康威视成立于2001年，是一家专注技术创新的科技公司，致力于将物联感知、人工智能、大数据技术服务于千行百业，引领智能物联新未来：以全面的感知技术，帮助人、物更好地链接，构筑智能世界的基础；以丰富的智能产品，洞察和满足多样化需求，让智能触手可及；以创新的智能物联应用，建设便捷、高效、安心的智能世界，助力人人享有美好未来。【公司实力】全球业务覆盖150+国家/地区，11大全球研发中心，7大全球制造基地；58000+全球员工，其中研发人员和技术服务人员超27951人，研发投入占全年营业收入11.80%，绝对数额占据业内前茅（2022年年报）；视频感知—国家新一代人工智能开放创新平台（中华人民共和国科学技术部颁布）；连续6年蝉联“全球安防50强”第1位（a&s《安全自动化》）；连续6年蝉联“中国最佳雇主”全国30强（智联招聘）。【薪酬福利】基础福利：五险一金、补充商业保险、年度健康体检；假期福利：带薪年假、全薪病假、婚假、产育假、母婴照顾假、育儿假等；多重补贴：餐饮补贴、交通补贴、通讯补贴、团队建设津贴；乐活配置：免息住房借款、特色员工餐厅、免费停车场、免费健身房、理疗室、定期义诊等园区服务等（园区服务部分区域可享，详请咨询当地HR）；人才激励：年终奖、核心员工跟投创新业务计划股权激励、金砖奖；*公司为常驻海内外的员工，提供健全的物质和人身保障、人性化的探亲福利。,"https://www.zhaopin.com/jobdetail/CC120975580J40732084915.htm?refcode=4019&srccode=401901&preactionid=a7c1140f-c46c-45e5-b867-ab342d8bdc77"
2674,实施工程师,上海-浦东新区,9000-12000元,上海科维创生物科技有限公司,"医药制造,科学技术推广",100-299人,不需要融资,CC622580630J40928455204,岗位职责： 1、熟练掌握公司产品技术和应用要点，协助公司业务部门提供售前/售中/售后技术咨询； 2、协助销售人员和客户进行各个层面（业务、技术实现、产品）的技术交流和解答； 3、通过邮件、电话等处理客户产品方面咨询、投诉、疑难解答，解决客户常见的相关技术问题； 4、配合销售人员对客户进行现场技术指导； 5、参与市场推广活动，协助主持技术讲座、展会的技术咨询等； 6、与用户交流，收集、分析用户需求信息，整理相关技术信息为用户提供最优技术方案，协助销售渠道建设和维护； 7、负责公司内部产品技术相关培训； 8、收集产品信息和用户的反馈，及时反馈公司内部，协助整理和编写公司有关数据资料； 9、完成上级领导交办的其他事项。任职要求：  1、分子生物学、遗传学、细胞生物学、免疫学等相关专业，硕士及以上学历；相关行业经验优异本科生也可考虑；  2、实验技能经验丰富， 做过动物实验（尤其神经领域），有1年以上相关工作经验，有过病毒包装经验及技术背景者优先；  3、具备较好的沟通表达能力，较强的学习能力、独立分析问题和解决问题的能力；  4、具备较强的责任感、团队协作精神及抗压能力；  5、英语读写能力良好，能熟练查阅专业文献、产品技术资料等；  6、熟悉office等办公软件及其他生物专业软件。,7月25日,上海科维创生物有限公司是一家专门从事生物技术服务和产品研发的高科技企业，自成立之日起，就以“为客户提供最优质的服务和品质卓越的产品”为宗旨，凭借国际先进的实验设备和经验丰富的实验技术人员，获得了中国病毒包装供应商的美誉。科维创专注于为广大生命科学与基础医药科研工作者提供多项技术服务，包括腺病毒、慢病毒、逆转录病毒等病毒包装服务；腺相关病毒AAV研究服务； Crispr/Cas9专题研究服务以及LncRNA研究服务等。目前为止病毒产品累计发刊6000+篇，近50%期刊IF＞5；其中我司自噬病毒产品累计发表学术期刊超1000篇，平均IF>6.3，包括Cell、Cancer Cell、nature medicine、Autophagy、Circulation等期刊。未来我们将以核心基因技术为基础，更加注重技术应用于临床转化。,"https://www.zhaopin.com/jobdetail/CC622580630J40928455204.htm?refcode=4019&srccode=401901&preactionid=a7c1140f-c46c-45e5-b867-ab342d8bdc77"
2675,测试工程师,吴忠-利通区,5000-7000元,天阳科技,"计算机软件,计算机软件",1000-9999人,已上市,CC120408370J40824181108,1.全国项目驻场测试，主要负责功能、数据或接口等相关测试工作； 2.统招本科学历及以上（学信网可查）；毕业满2年；计算机专业优先； 3.热爱软件测试行业、有强力的自驱力，能够在测试岗位深入学习研究； 4.有无经验均可，服从公司安排，接受公司培养，可接受异地工作优先； 福利待遇： 上市公司，公司可以提供住宿，提供五险一金； 欢迎符合要求的小伙伴们投递~,7月22日,天阳科技(股票代码：300872)，是全球金融创新服务的重要贡献者，持续赋能中国金融行业数字化转型，为客户提供咨询、金融科技产品、金融IT服务、云计算及运营服务。公司成立于2003年，服务超过300家金融行业客户，覆盖中央银行、政策性银行、国有银行、股份制银行、地方性商业银行、非银行金融机构等，员工人数近7000人，成为激活金融领域创新活力、推动金融科技迈入世界领先水平的重要力量。作为金融行业客户可信赖的合作伙伴，天阳科技凭借丰富的行业经验和端到端的专业服务，在信创、数字化金融、信贷、交易银行、信用卡、零售、营销、风险管理、征信监管等众多领域具备核心竞争力。据赛迪和IDC报告显示，近年来公司在中国银行业IT解决方案市场排名强势崛起，2019年收入及市场占有率综合排名分别位列第四位和第五位，并保持高速增长。同时，前瞻商业和科技趋势，入选2021年度未来银行科技服务商TOP100。天阳科技始终聚焦金融科技领域，加大自主创新力度，在超过100个城市建立本地化、专业化的研发和服务团队，拥有CMMI5级认证、软件测试成熟度模型集成（TMMi）3级认证、ISO9001质量管理体系认证、ISO20000信息技术服务管理体系认证、IS027001信息安全管理体系认证。通过部署人工智能、云计算、大数据、移动互联网、分布式计算和区块链等先进金融科技，公司致力于构建安全可控、普惠民生、开放共赢格局，在关键技术领域服务现代化金融发展大局，更好地为各利益相关方创造更大价值，为大中企业、小微企业以及每个个体提供优质金融服务。,"https://www.zhaopin.com/jobdetail/CC120408370J40824181108.htm?refcode=4019&srccode=401901&preactionid=a7c1140f-c46c-45e5-b867-ab342d8bdc77"
2676,硬件测试,深圳-龙岗区,9000-17000元,软通动力信息技术(集团)股份有限公司,"互联网,IT服务,计算机软件",10000人以上,D轮及以上,CC000544460J40714040416,base东莞松山湖溪村B2！！！欢迎投递！！岗位空缺大！！！ 岗位职责： 1. 掌握基本的电路工作原理知识，如反激、buck、PFC、LLC等； 2. 熟悉常见的电子器件工作原理，如电阻、电容、电感、电源防护器件，变压器、二极管、MOS管等； 3. 熟练使用电源调测工具，如AC-source、DC-source、DC负载、示波器、万用表、电桥等； 4. 进行变频器、电驱动、电源产品的EMC测试； 5. 开发调测压缩机电驱，解决电路调试及问题，实现端到端闭环问题。 岗位要求： 1.23届学信网可查本科以上学历优先； 2. 有压缩机电驱开发调测经验者优先； 3. 有车载电驱EMC相关测试经验者优先。,7月14日,软通动力信息技术（集团）股份有限公司（以下简称“软通动力”）是中国数字技术产品和服务创新领导企业，致力于成为一家具有全球影响力的科技企业，企业数字化转型可信赖合作伙伴。公司2005年成立于北京，多年来始终坚持科技创新，具有软硬全栈的智能技术产品和服务能力，提供软件与数字技术服务、计算产品与数字基础设施、数字能源与智算服务以及国际化服务。目前，公司在10余个重要行业服务超过1100家国内外客户，其中超过230家客户为世界500强或中国500强企业，员工近90000人。软通动力拥有软通咨询、软通金科、软通工业互联、机械革命、软通华方等业务子品牌，并在全球40余个城市布局业务，构建北美、日本、东南亚、中东四大国际交付中心，在北京城市副中心、江苏无锡建设两大智能制造基地。同时，公司前瞻布局智能制造、ICT软硬基础能力和生产力智能化产品，打造产业链闭环。软通动力设立30个能力中心，拥有1个国家级工程实验室，6个省市政府认定的工程、技术实验室及研发中心，1个博士后科研工作站，50+技术合作伙伴的生态合作体系，不断探索前沿技术的巨大商业应用潜力。公司旗下教育品牌软通教育，拥有一家全日制本科学院——郑州西亚斯学院数字技术产业学院；同时在全国合作院校600多所，设有70多个校企联合人才培养基地，通过校企合作、协同育人，为社会培养高素质应用型人才。软通动力先后获得“2023年中国IT服务市场排名TOP 1”、“2024年Q4 PC出货量国内市场份额排名TOP 2”、“2024年中国软件和信息技术服务竞争力百强企业”、“2023年中国信创企业100强”、“2024万得ESG评级（Wind ESG Rating）AA级及信息技术服务行业ESG综合得分排名第一”等荣誉及市场认可，并拥有全球软件工程领域最高级别CMMI V2.0成熟度5级评估认证、国家研发运营一体化（DevOps）三级能力成熟度模型认证、信息技术服务标准（ITSS）运维能力成熟度一级认证等专业资质，支撑公司更优质的服务体系。,"https://www.zhaopin.com/jobdetail/CC000544460J40714040416.htm?refcode=4019&srccode=401901&preactionid=a7c1140f-c46c-45e5-b867-ab342d8bdc77"
2677,Java,南京-雨花台区,1.4-2.7万·15薪,外企德科数字技术有限公司,专业技术服务,10000人以上,,CCL1480117890J40785834905,国内一线大厂开放职位 1、熟悉Java/C/C++/Python其中一种语言，具备良好的算法和编程能力； 2、熟悉Spring、Spring Boot 、Spring Cloud等各种开源框架，特别在Spring/SpringCloud领域有丰富的项目实践经验者优先； 3、熟悉Mysql、Oracle等数据库，有相关数据开发经验； 4、熟悉Devops，熟悉Docker，熟悉Kubernetes应用优先； 5、熟悉Service Mesh、微服务治理、灰度发布等相关技术优先； 6、有较强的学习能力、良好的团队协作能力。 福利待遇： 基本工资+绩效+年终奖 如加班节假日1.5~3倍加班工资 全额社保公积金缴纳 补充商业保险 免费年度体检 班车 零食下午茶 技术大咖交流 应届生友好,2025-07-27 00:25:26,外企德科数字技术有限公司是一家2023年新成立的中外合资企业。成立于2023年11月24日，公司定位：专注于为信息技术企业提供人才及数字技术外包解决方案的中外合资企业。它是由中国人力资源服务行业的FESCO（北京国际人力资本集团）与全球人力资源服务领导者The Adecco Group（德科集团）合资成立的。公司主要提供网络技术服务、软件外包服务、计算机系统服务、技术进出口、软件开发等信息技术相关服务。专注于为信息技术企业提供信息技术类人才及数字技术外包解决方案。,"https://www.zhaopin.com/jobdetail/CCL1480117890J40785834905.htm?refcode=4019&srccode=401901&preactionid=a7c1140f-c46c-45e5-b867-ab342d8bdc77"
2678,技术支持工程师,宁波-海曙区,4000-7000元,依爱消防,电子/半导体/集成电路,500-999人,未融资,CC327873210J40553618501,岗位职责： 1、负责公司产品在工程上的编程、调试及问题排查。 2、指导工程现场进行产品安装、故障排查，协助解决问题。 3、开展对代理商、客户的技术培训。 4、配合消防设施的检测、验收等工作。 5、负责工程设计优化，协助完成工程技术方案和有关图纸的设计优化。 6、参与现场巡访，提供技术支持和服务，收集产品和服务客户的反馈信息，及时向公司汇报。 任职要求： 1、大专及以上学历，电子、自动化、机电、电气等相关理工类专业。 2、熟悉数电、模电等基础知识，能独立进行简单电路分析。 3、熟悉计算机使用，能熟练应用Word、Excel等软件。 4、熟练使用万用表、示波器等常用测试工具。 5、拥有良好的沟通技巧，较强的责任感和进取精神。 6、身体健康，能承受一定的工作压力，能适应出差。 7、服从工作安排，具有独立工作的能力和团队合作精神。 注：实际工作地点根据公司需要，参考个人意愿进行分配，能接受一定区域内的工作调动。职位福利：五险一金、带薪年假、包住、采暖补贴、高温补贴   ,7月23日,蚌埠依爱消防电子有限责任公司位于安徽省蚌埠市高新技术开发区，1995年成立。隶属于中国电子科技集团公司第四十一研究所，是专业从事火灾自动报警系统、安防监控系统和网络通讯系统研制、开发、生产、安装和服务的高新技术企业，是我国重要的消防电子设备研发、制造基地。公司依托中国电子科技集团公司第四十一研究所的军工技术、科研手段和人才、资源优势，设有省级企业技术中心、消防电子工程技术研究中心和博士后科研工作站，自主开发的EI系列消防报警系统达国内领先、国际先进水平，先后获得110多项国家专利、20多项计算机软件著作权及中国驰名商标、安徽名牌产品、安徽省质量奖、安徽省卓越绩效奖、安徽省科学技术二等奖、中国电子科技集团公司科学技术二等奖、国防科技工业管理创新二等奖等30多项国家和省部级荣誉。公司具有完善的销售、服务网络，产品已在北京劳动人民文化宫、青岛奥运场馆、南京青奥会场馆、首都钢铁公司、海口美兰机场、武汉高铁站、北京地铁站、胜利油田、长沙广电中心、西昌卫星发射中心、中国驻尼泊尔大使馆等数万个重点消防工程使用，获得用户、工程安装公司和消防主管部门的广泛称赞，特别是系统可靠的质量和一些独具匠心的创新功能更受用户青睐。公司以“防火于未燃依爱保平安”为使命，秉持“诚实守信、以人为本、科学发展、和谐共赢”的核心价值观，建立了卓越绩效管理模式和标准化管理体系，通过了ISO9001质量管理体系、ISO14001环境管理体系、OHSAS18001职业健康安全管理体系认证及安全生产标准化达标评审，先后被评为中国消防行业AAA级信用企业、安徽省诚信企业、安徽省守合同重信用单位、安徽省创新型企业、安徽省技术创新示范企业、安徽省管理创新示范企业、工信部两化融合贯标试点企业，连续三年被评为安徽最佳企业雇主。,"https://www.zhaopin.com/jobdetail/CC327873210J40553618501.htm?refcode=4019&srccode=401901&preactionid=a7c1140f-c46c-45e5-b867-ab342d8bdc77"
2679,硬件测试,深圳-宝安区,4000-6000元,深圳市友恺通信技术有限公司,"通信/网络设备,通信/网络设备",100-299人,未融资,CC393924910J40860869604,技能、性格及经历要求： 1)高中以上学历； 2) 1 年以上硬件测试相关工作经验者优先，熟悉手机硬件测试的基本流程和常见方法，若有参与过手机产品从研发到量产阶段测试工作的经历更佳； 3)具备良好的团队合作精神，能与测试团队成员以及其他相关部门人员进行有效的沟通协作。 岗位职责： 1) 严格按照既定的手机硬件测试方案与流程，对手机的各类硬件组件进行功能测试，确保各硬件能准确无误地实现其预设功能； 2)依据要求开展性能测试，操作相关测试设备并记录各项测试数据； 3）协助完成可靠性测试，包括参与手机的跌落测试、防水防尘测试、温度循环测试、振动测试等，观察测试后手机硬件是否出现损坏或功能异常情况，并做好详细记录。,4月17日,深圳市友恺通信技术有限公司是以通讯终端产品的设计、开发与辅助集成为主要方向的一家科技研发型公司。友恺通信目前已同国内外多家手机终端品牌公司、运营商建立起合作关系，并致力于为客户提供优质的产品及解决方案，并通过专业的服务为客户获取更高的产品价值。友恺通信拥有一批来自国内外著名企业、在通讯行业有着多年工作经验的开发、设计、生产管理和商务管理团队，在以往的工作中积累了丰富的产品开发与管理经验，开发中心分设深圳及烟台。友恺通信开发完成的超高性价比的1X及3G终端产品方案已为多家客户带来的非常可观的经济效益及良好的市场占有率。,"https://www.zhaopin.com/jobdetail/CC393924910J40860869604.htm?refcode=4019&srccode=401901&preactionid=a7c1140f-c46c-45e5-b867-ab342d8bdc77"
2680,科研人员,石家庄-长安区,7000-10000元,河北向往专利代理有限公司,"专利/商标/知识产权,企业服务",300-499人,未融资,CCL1348610240J40699016102,1、负责收集、了解相关的各类国家和地方优惠、扶持、奖励政策信息，熟悉各类企业相关项目申报条件、流程； 2、负责与客户资料的对接工作，及时与项目人员沟通在操作中出现的问题； 3、从事项目立项分析、申报对策及相关事务的办理； 4、协调企业内部相关部门准备和收集文档资料，参与编制项目申报材料，完成申报任务，跟踪项目进展和主管部门评审进度； 5、进行项目验收资料的准备、送审和验收，申报项目的后期验证等给予协助； 6、负责各项主管部门要求的统计数据工作的协调收集和汇总申报； 7、申报资料的存档管理。,7月26日,"河北向往专利代理服务有限公司（隶属天皓集团），目前在知识产权、科技服务、、信息化建设、品牌策划、外贸跨境等领域为企业提供专业优质的品牌服务，目前在职员工四百余人，办公面积4000多平米。在国内拥有30余家生态链公司，于2015年在澳大利亚阿德莱德成立首家境外公司。精耕细作多年，积累了上万家服务案例，同时集团不断积极与欧洲、美国、日本等国家和地区的同行交流合作，为向客户提供更专业更高效的涉外企业服务奠定坚实的基础。天皓是在顺应中国企业级服务行业发展的大背景时代下诞生的梦想公司。天皓的主要任务是认真的把企业级服务做到最好。让客户因为天皓的服务提高企业级服务过程中的复合收益，让同事们因为天皓有所成就，收获成长。向往一直坚持""成为中国最好的企业服务集团""的发展愿景，秉承""赋能企业成长，解决企业问题""的企业使命，专注为企业提供多元化综合服务，助力企业成长。天皓内部则以公司社会化、分红全岗化，价值传承化为管理理念，以实现自我商业价值和社会价值为目标，以特色的公司经营理念为一直坚持的愿景努力奋斗。向往希望成为更多有志向奋斗者梦想的舞台，也更想成为一家具有社会责任感、企业级服务行业荣辱感的奋斗企业。天皓希望成为更多有志向奋斗者梦想的舞台，也更新成为一家具有社会责任感、企业级服务行业荣辱感的奋斗企业。企业使命：使命:赋能企业成长，解决企业问题愿景:成为中国最好的企业服务集团让更多的员工因为天皓生活的更有价值客户满意度达到100%梦想:成为福布斯百强企业让每个天皓人回到纯真优秀员工拥有公司80%的分红权社会观:公司是社会的，是国家的，是优秀管理团队的是我们共同创造社会价值和个人价值的历史舞成长价值观智慧专业(有专业才有信任)真诚(有真诚才有智力:自我)严谨(有严谨才有规矩分享(有分享才有朋友)沟通(有沟通才有效率)温暖(有温暖才有家人)发展历程2014年:2月第一家公司正式注册成立，拥有第一个500平米独立办公区域:2015年:2月保定分公司成立，5月莱皓科技服务公司成立: 12月澳大利亚公司成立:2016年:线上品牌《竹靖蜓》成立:2017年:7月邯郸分公司成立:2018年:3月唐山分公司成立: 6月君之合网络科技成立:8月首个专利事务所成立:2019年:9月集团党支部成立: 11月收购元鑫知识产权公司:2020年: 4月法律服务业务部成立:8月获得首个国家级公共服务平台荣誉:2021年:2月财税业务部成立: 5月“天皓红公益基金成立:7月信息化业务部成立;2022年:5月集团妇联成立: 7月首次承接行业协会工作: 10月科技服务品牌群、信息化品牌群财税品牌群相继成立获得荣誉国家中小企业公共服务示范平台河北经贸大学校企合作共建单位河北省工业诊所河北省引智工作站河北省工信厅工业节水第三方服务机构河北省科技厅科技成果评价试点河北省服务贸易(服务外包)示范企业河北省高新技术企业后备培育服务机构善行使者公益协会石家庄市科技服务协会","https://www.zhaopin.com/jobdetail/CCL1348610240J40699016102.htm?refcode=4019&srccode=401901&preactionid=a7c1140f-c46c-45e5-b867-ab342d8bdc77"
2681,实施工程师,杭州-西湖区,5000-7000元,现代电梯(杭州)有限公司,电气机械/电力设备,100-299人,未融资,CC208701080J40640055413,岗位职责：  1、负责土建图绘制；  2、根据客户询单出具非标技术方案及报价；  3、针对售前技术问题进行答疑，及时响应客户需求；  4、为新梯销售业务提供技术支持，促进销售的成交； 5、完成上级领导安排的其他工作。 岗位要求：  1、本科及以上学历，机械相关专业；  2、熟练使用AUTOCAD等制图软件；  3、有较强的沟通表达能力；  4、具备主动学习的意愿和能力。,3月18日,现代电梯（杭州）有限公司于1994年经杭州市工商局核准成立，注册资金为2.16亿元。生产基地位于浙江省杭州市，专业设计制造各类乘客电梯、自动扶梯、载货电梯，并提供强大的技术支援体系，包括研发、设计、制造、安装、改造、维修、保养等全程服务。现代电梯依托于三杭集团在国内电梯配件市场的垄断地位，并凭借自身电梯研发、设计、制造技术的积累，数年来一直为中国乃至亚太地区提供智能建筑交通解决方案和服务支持。公司经过26年的发展，规模不断扩大，凭借着高品质的产品生产、销售与售后服务，先后被评为杭州高新技术产业及国家高新技术产业。未来，现代电梯将继续秉承“科技、创新、服务、极致”的宗旨，努力将城市转变为最佳的居住地。在每一步工作中，我们都将力争全面了解客户的需求，在整个项目生命周期内提供安全、优质的乘客运输解决方案。我们相信，随着中国制造到中国创造的崛起，我们也将代表中国品牌，重新塑造电梯品牌的世界格局。,"https://www.zhaopin.com/jobdetail/CC208701080J40640055413.htm?refcode=4019&srccode=401901&preactionid=a7c1140f-c46c-45e5-b867-ab342d8bdc77"
2682,技术支持工程师,长春-绿园区,5000-6000元,研奥电气股份有限公司,"船舶/航空/航天/火车制造,电气机械/电力设备",500-999人,已上市,CC342657610J40687645601,1.1 专业要求：本科及以上。电气工程、控制科学与工程、电子科学、仪器科学、电力传动、信息通信工程等相关专业。 1.2 软件应用：熟练使用办公软件、制图软件。 1）产品设计和研发 分别参与并协助完成每一年设计部KPI的新产品立项、研发、改进。 （2）设计改进与归档 根据《产品设计开发变更控制程序》对产品进行设计改进；对设计文件、图纸进行归档。 （3）协调与配合 参与完善设计部技术文件；参与产品的评审。 （4）完成上级主管交办的临时性工作。 （5）部门工作重点及新技术应用转化。                     1.参与常规项目产品的过程评审、进度落实及问题关闭。         2.提供需求部门的技术支持和服务。         3.参与技术平台建设，优化产品和持续完善。         4.参与技术中心内部培训。 五险一金、年终奖金、采暖补贴、交通补贴 节日福利、带薪年假、结婚礼金  工作时间：早8晚5，双休,3月15日,"研奥电气股份有限公司简介一、企业基本情况成立时间：1986年6月27日企业性质：其他股份有限公司（上市）注册资本：7,860万元。公司架构：研奥电气股份有限公司下设1家分公司，10家子公司。经营范围：主要经营轨道交通专用设备、关键系统及部件销售；高铁设备、配件的制造及销售；智能控制系统集成；电子专用设备制造及销售；电子元器件零售；轨道交通通信信号系统开发；铁路机车车辆配件制造；专业设计服务；工业工程设计服务；技术服务、技术开发、技术咨询、技术交流、技术转让、技术推广；输配电及控制设备制造；智能输配电及控制设备销售；照明器具制造及销售；机械电气设备制造及销售；铁路机车车辆维修；货物进出口。产品分布：产品覆盖10个铁路局、29个地区城市和13个国家。研发能力：通过多年产品设计开发和体系运行，研奥股份已构建成熟的设计开发管理流程，并形成了“技术集中研发、产品协同设计、资源共建共享”的管理模式，对设计开发过程进行不断完善和优化，有效提升了设计开发效率。截至2023年5月，公司拥有专利95项，其中发明专利8项，实用新型专利86项，外观设计专利1项；公司拥有软件著作权专利10项。管理基础：先后通过ISO9001质量体系、ISO14001环境管理体系、OHSMS职业安全健康管理体系、CRCC铁路产品认证、国际IRIS铁路行业质量管理体系和EN15085焊接质量管理体系认证；推行5S管理、OA平台、RAMS平台建设，成为专业化的车辆配套企业。行业地位：国内最早从事轨道交通车辆电气控制系统研发、生产、销售、服务的企业之一，拥有丰富的项目经验。公司拥有完整的轨道交通车辆电气设备生产、装配、测试、检修及服务能力，年配套产品能力达3000辆，研发能力、装备水平、生产规模在国内同行业居于前列。二、获得的荣誉研奥股份曾先后被评为“高新技术企业”、“省级技术中心”、“创新型中小企业”、“长春市科技型小巨人企业”、“吉林省科技小巨人企业”、“吉林省专精特新中小企业”等技术创新荣誉称号。郑重声明：我公司未与任何单位、培训学校、个人以任何形式开展招聘、推荐工作等事宜，也未委托任何单位、培训机构及个人进行招聘宣传。我公司所有招聘信息请登录智联招聘网进行查询。我公司招聘不收取任何费用，凡收取费用的招聘信息均为虚假信息，请广大应聘者提高警惕，谨防受骗。","https://www.zhaopin.com/jobdetail/CC342657610J40687645601.htm?refcode=4019&srccode=401901&preactionid=a7c1140f-c46c-45e5-b867-ab342d8bdc77"
2683,Java,成都-郫都区,1.4-2.8万·14薪,外企德科数字技术有限公司,专业技术服务,10000人以上,,CCL1480117890J40652841205,岗位要求： 1、扎实的编程能力，熟悉算法和数据结构；熟悉计算机的基础理论； 2、熟练使用java/c/c++/python/js其中一种语言，掌握Spring相关生态开源框架，熟悉MySql、MQ、Redis、SpringCloud等，熟悉事务、缓存、消息、负载均衡等； 3、熟悉Linux开发环境； 4、具有大规模高并发云服务设计和开发经验优先； 5、有微服务、容器相关开发经验优先。 任职要求： 1、扎实的编程能力，熟悉算法和数据结构；熟悉计算机的基础理论； 2. 软件基础扎实，熟悉掌握但是不限于Java/Js/C/C++/Python/Go/JS等编程语言，有良好的编程习惯。 3. 具备独立工作能力和独立解决问题的能力，善于沟通，乐于协作，热衷于新技术，善于总结分享，喜欢动手实践。,2025-07-27 00:23:24,外企德科数字技术有限公司是一家2023年新成立的中外合资企业。成立于2023年11月24日，公司定位：专注于为信息技术企业提供人才及数字技术外包解决方案的中外合资企业。它是由中国人力资源服务行业的FESCO（北京国际人力资本集团）与全球人力资源服务领导者The Adecco Group（德科集团）合资成立的。公司主要提供网络技术服务、软件外包服务、计算机系统服务、技术进出口、软件开发等信息技术相关服务。专注于为信息技术企业提供信息技术类人才及数字技术外包解决方案。,"https://www.zhaopin.com/jobdetail/CCL1480117890J40652841205.htm?refcode=4019&srccode=401901&preactionid=a7c1140f-c46c-45e5-b867-ab342d8bdc77"
2684,测试工程师,苏州-姑苏区,7000-10000元,重庆科满福人力资源服务有限公司,企业服务,20-99人,,CCL1487604860J40922143204,岗位职责】 ： 1、进行新产品研发阶段的测试工作 2、完成新产品的功能测试、可靠性测试、环境测 试、安全测试等技术工作 3、制定测试计划，设计测试用例，分析测试数 据，编制测试报告 4、为其他部门提供技术支持，与其他部门的产品 联合测试工作 ,6月30日,,"https://www.zhaopin.com/jobdetail/CCL1487604860J40922143204.htm?refcode=4019&srccode=401901&preactionid=a7c1140f-c46c-45e5-b867-ab342d8bdc77"
2685,技术支持工程师,无锡-新吴区,5000-8000元·13薪,联想教育科技(北京)有限公司,"培训/辅导服务,培训/辅导服务",100-299人,未融资,CC840683300J40504553111,1、通过联想400热线电话远程为联想企业级客户服务； 2、负责联想品牌的服务器、存储、网络产品、方案等软硬件产品的技术支持； 3、负责远程客户关系管理； 4、综合利用内外部的资源，跟踪处理客户技术问题，提高客户满意度，提供良好的客户体验。 任职要求： 1、大专及以上学历； 2、普通话标准，良好的电话沟通能力；有良好的服务意识及客户关系管理； 3、抗压能力强，有较强的责任心。良好的团队合作意识和文档撰写习惯； 具备以下条件者优先考虑： 1、了解服务器等硬件设备的构造，功能及相关的故障排除及维护。 2、熟悉Windows Server，Linux，VMware系统相关安装，配置及使用管理，具有一定的系统故障排查能力。 3、了解计算机网络及TCP/IP协议；具有一定的网络故障排查能力。 4、具有X86服务器、存储（DAS/SAN/NAS）、企业级网络交换机/路由器等硬件维护经验者优先（如联想/IBM/HP/H3C/华为/浪潮/曙光/等任一品牌）；,5月20日,联想教育源自于联想集团教育培训事业部，秉承教育报国理念，联想教育专注于职业教育领域纵深开拓，围绕人才培养，与职业院校联合建立校企深度合作示范项目，共同打造阳光自信、专业过硬的高素质工程师人才。目前已先后与广东、山东、江苏、河北、湖北、北京与上海等省市教育主管部门展开战略合作，在全国150所以上中高职院校展开了不同形式的校企合作。 2016年5月，在教育部原副部长、中国职教学会会长鲁昕、原副部长朱之文等领导的关心与指导下，在教育部职业教育与成人教育司的支持下，经北京市教委批准，联合职业院校及企业单位，成立“联想职业教育集团”民办非企业法人组织（这是全国第一家民办全国性职教集团），并成为中国职教学会集团化办学专家组副组长单位。 2019年1月，国务院发布《国家职业教育改革实施方案》，在职业教育领域大力鼓励产教融合、校企合作。联想教育将坚守教育报国理念，以全球视野，积极参与国家职教改革重大项目，与院校共同建设人工智能等方向特色专业群，助力职教院校双高计划，协同1+x证书标准开发，共创共享，促进国家职业教育事业发展，用教育助力国家产业进步，提升学生与家庭幸福。公司价值观价值为本，结果导向求实专业，创新进取公司愿景推进产教融合，打造阳光自信、专业过硬的高素质职业技能人才，助力职业教育发展，助力国家产业进步，与家庭幸福！,"https://www.zhaopin.com/jobdetail/CC840683300J40504553111.htm?refcode=4019&srccode=401901&preactionid=a7c1140f-c46c-45e5-b867-ab342d8bdc77"
2686,测试工程师,成都-金牛区,5000-10000元·13薪,成都市通捷科技有限公司,"电子/半导体/集成电路,客运服务",20-99人,,CC479603330J40811090403,岗位内容：  1. 负责通信产品的测试，包括功能测试、性能测试、稳定性测试等； 2. 根据测试计划和测试用例，执行测试任务，并记录测试结果； 3. 与开发人员、客户等进行沟通、配合，解决测试过程中的问题； 4. 参与测试流程优化和测试工具开发。 任职要求：  1. 具备扎实的通信基础知识，掌握通信测试方法和流程； 2. 熟悉各种通信测试仪器和设备； 3. 熟练掌握至少一种编程语言，具备较强的代码调试能力； 4. 能够独立思考问题，善于总结、归纳和分享； 5. 积极主动，良好的学习和适应能力，对新事物有强烈的好奇心。,7月25日,"成都市通捷科技有限公司前身是深圳市通捷智能有限公司（位于深圳市宝安区福永龙王庙工业区），2017年初，经公司董事会一致同意，在美丽的天府之国，空港之都双流区建成我国西南地区生产配送基地，成立成都市通捷科技有限公司，以便更好地发展内需市场，同时原深圳市通捷智能有限公司主营业务更改为拓展海外事业及储备软硬件研发人才。本公司专业致力于智能停车场收费系统暨智能人行通道闸管理系统以及门禁安防系统的研发,生产,销售和服务；秉承“创新，专业，服务，和谐”的理念，脚踏实地，勤恳耕耘，已经拥有多项国家专利，专利权涵盖普通道闸机芯结构、直流驱动高速闸结构、人行通道闸互换式机芯结构、车牌识别一体机多项外观设计专利等。公司拥有强大的研发实力，不仅拥有众多经典的系统设备款式，更开发出许多具有个性化且功能实用的特色产品。目前在建或已完成的百万级弱电智能化工程已有数个，并成功入围多家镇、县级政府采购名录。本公司拥有一批实战经验丰富的弱电工程师，对于门禁系统，停车场系统，校园一卡通系统都有很强的实地安装，调试及系统故障排除的经验。十年沉淀，只待一朝花开；您的关注与认可，将是我们通捷人孜孜不倦的追求！通行无障碍，捷达保平安--通捷科技，智能出入口管理设备的先驱者，值得您信赖的优秀伙伴！","https://www.zhaopin.com/jobdetail/CC479603330J40811090403.htm?refcode=4019&srccode=401901&preactionid=a7c1140f-c46c-45e5-b867-ab342d8bdc77"
2687,测试工程师,武汉-洪山区,面议,TCL华星光电技术有限公司,电子/半导体/集成电路,1000-9999人,D轮及以上,CC305638710J40681953906,岗位职责: 1.新产品测试点灯驱动方案对接检讨； 2.点灯、烧录OTP程序管理；3 治具设计维护管理； 4.LMK等光学设备管理；   任职要求: 具备测试程序编写能力特别是TP程序；车载产品测试经验，包括治具管理,6月9日,TCL华星光电技术有限公司（简称“TCL华星”）成立于2009年11月16日，是一家专注于半导体显示领域的创新型科技企业。目前，TCL华星已建和在建的生产线共有6条，合计投资金额近2000亿元，形成了在国内液晶面板领域的竞争优势。深圳、惠州为大尺寸TV面板、模组生产基地，武汉为中小尺寸面板、模组生产基地，印度为模组生产基地。TCL华星积极布局Mini-LED、Micro-LED、OLED、印刷显示等先进显示技术，产品覆盖大中小尺寸面板及触控模组、电子白板、拼接墙、车载、电竞等高端显示应用领域，构建了在全球面板行业的核心竞争力。TCL华星依托技术升级和产能规模增加，持续扩大在半导体显示领域的产品市场占有率。目前，TCL华星TV出货量已位居全球前二，对国内六大电视整机厂的液晶面板出货量自2014年起稳居第一。其中，TCL华星55吋UD产品出货量位居全球第一，32吋UD产品出货量保持全球第二；在中小尺寸领域，6代LTPS-LCD产线（t3项目）出货量位居全球第二，增长速度全球第一。TCL华星始终坚持走自主创新驱动发展道路，截至2019年底，TCL华星累计专利申请数41040件，累计专利授权数12185件。专利/PCT申请量连续多年位居国内前十，国际PCT申请量连续多年位居国内前五；美国专利授权榜连续多年位居中国企业前三。展望未来，TCL华星将持续迎接挑战，保持效率领先；加快产品和技术开发，进一步提升产品竞争力；调整产品结构，加强与客户的协同，共创双赢；实现从“效率领先——产品领先——技术领先——生态领先”的跨越。,"https://www.zhaopin.com/jobdetail/CC305638710J40681953906.htm?refcode=4019&srccode=401901&preactionid=a7c1140f-c46c-45e5-b867-ab342d8bdc77"
2688,前端开发,阜新-细河区,5000-7000元,辽宁生一农业科技有限责任公司,电子商务,20-99人,,CCL1499879560J40773127407,"职位描述： 熟练使用AI编程助手： 如GitHub Copilot、通义灵码、Codeium、Tabnine等，能展示具体使用案例。精通AI辅助调试： 熟练使用DeepSeek等AI分析错误栈、优化代码、解释复杂概念。 基础三件套： 扎实的 HTML5, CSS3 (熟悉Flexbox/Grid), JavaScript (ES6+ 核心语法)。 主流框架 ： React.js 和 Vue.js。要求理解核心概念（组件化、状态管理、生命周期/Hooks），不追求精通底层原理或复杂架构。 工具链： 会用 Webpack/Vite 基础配置，Git 版本控制。 UI库： 熟练使用1-2个主流UI库 (Ant Design, Element UI, MUI)，能用AI快速查找组件用法和示例。 API交互： 熟练使用 Axios/Fetch 与后端交互。 任职要求： 1.使用Java，精通AI辅助，参与电商系统相关经验者优先； 2.至少1年以上实际项目开发经验。  （薪资可面议）",7月25日,,"https://www.zhaopin.com/jobdetail/CCL1499879560J40773127407.htm?refcode=4019&srccode=401901&preactionid=a7c1140f-c46c-45e5-b867-ab342d8bdc77"
2689,C/C++,北京-海淀区,1.5-2万,中船泛华(西安)科技有限公司,"计算机软件,电子/半导体/集成电路,学术/科研",100-299人,未融资,CC144675640J40768513003,中船泛华2025届校园招聘 一、需求岗位： 应用总体工程师、仿真模型开发工程师、软件开发工程师。 二、专业要求： 计算机科学与技术、电子与通信、控制科学与工程、仿真科学与技术、仿真工程、软件工程、应用数学、人工智能、自动化等理工科相关专业。 三、学历要求： 2025届硕士研究生。 四、专业技能要求： 1.熟练掌握C/C++开发语言，具备面向对象思想，熟悉Linux环境。 2.了解Qt的图形编程开发，能完成软件系统代码的实现及注释，分析并解决软件开发过程中的问题。 3.完成项目开发文档编写，工作认真负责，有团队合作意识。 五、综合素质要求： 1.热爱J工国防事业，有投身J工事业的抱负。 2.具有较强的学习能力，较好的沟通协调能力和逻辑思维能力。 3.对新技术充满热情，持续关注技术发展动态并持续学习，具备创新能力、钻研精神。 4.具备一定的抗压能力，心理素质良好。 5.无挂科记录，学习成绩良好，无违法违纪记录。 6.通过英语六级、计算机二级考试。 7.参与过科研项目的优先，参加的学科竞赛（如数学建模、创新创业大赛、挑战杯、研电赛等）并获奖的优先，担任学生会干部的优先。 8.中共党员（含预备党员）优先。 六、薪酬与培养： 1.提供有竞争力的薪酬，优秀应届生薪酬不设上限，入职后实行一对一导师制，进行专项培养。 2.福利补贴：六险一金（含补充医疗）、高温补贴、餐费补贴、差旅补贴、健康体检、节日福利、超长春节假、员工公寓等。 3.激励与发展：具有管理、技术双通道晋升体系，以业务发展为牵引，可成长为业务骨干、技术专家、管理干部等。 七、招聘流程： 简历筛选→初步测评（笔试、性格测试）→综合面试→发放offer→体检→签约。,3月21日,中船泛华（西安）科技有限公司（简称：“中船泛华”）成立于2003年，隶属于中国船舶集团有限公司系统工程研究院（简称:“系统工程研究院”），是一家专注于系统仿真、防务软件、测试保障等专业产品研发的国有全资企业，总部位于西安市高新区，北京设有分公司。泛华科技作为军工企业，秉承“责任、创新、健康、共赢”的经营理念，围绕系统仿真、防务软件、测试保障等三大主业，凭借SES仿真平台、软件平台、测试诊断设备等一系列核心产品，为军队、科研院所、高校等提供自主可控的高质量产品与服务。2022年泛华科技与系统工程研究院软件与仿真中心一体化运营，实现了技术实力、团队规模、产业结构的跨越式提升。泛华科技现有160余人，80%以上为研发技术人员，汇聚了来自北大、北航、西工大、西交、吉大、华科等国内重点高等院校人才，拥有一支经验丰富、技术过硬的系统架构师、模型工程师、软件工程师等专业队伍。公司具备武器装备承制资格、GJB9001C质量管理体系、GJB5000A软件研制能力成熟度模型二级、高新技术企业等多项资质，荣获集团公司科技进步奖、技术创新经典案例示范单位、企业信用AAA级等多项荣誉，拥有30余项专利和软件著作权。公司将始终坚持“打造军工行业技术雄厚、产品过硬的高科技公司，发展成为国内防务装备类软件/仿真服务商和产品供应商”的整体目标，聚焦主责主业，扎实做好产品、推动技术创新、提升服务质量，为用户提供一流的产品和服务。,"https://www.zhaopin.com/jobdetail/CC144675640J40768513003.htm?refcode=4019&srccode=401901&preactionid=a7c1140f-c46c-45e5-b867-ab342d8bdc77"
2690,Java,深圳-龙岗区,6000-8000元,深圳市点点点信息技术有限公司,"IT服务,电子/半导体/集成电路",100-299人,B轮,CCL1405520980J40715162616,岗位职责： 1、负责后端开发，处理简单前端开发和联调测试 2、根据产品需求、设计文档，负责按进度完成分配的开发任务 3、特殊情况直接跟客户对接 4、其他安排的事项 任职要求： 1、正规大学专科及以上学历，计算机相关专业 2、JAVA基础扎实，1年或以上实际项目开发工作经验优先 3、熟悉JAVA基础 4、学习、业务逻辑思维能力较强，思路清晰，良好的沟通、服务、团队合作能力，能够承受一定的工作压力,2025-07-27 00:32:01,作为“深圳创业者”的一员，深圳市点点点信息技术成立于2022年，至今2岁+，公司创立者皆来自大厂，从事智能产品研发设计、生产制造、综合服务的科技企业，积累了强大的产品级方案设计、硬件创新设计、系统级软件平台开发；涵盖智能手表、蓝牙耳机、AI游戏及AI游戏领域等智能产品布局，服务商包括vivo、oppo、realme、华为等智能产品，为广大服务商提供更好的解决方案，目前公司新的办公地址正在装修，新的家庭期待你的加入~,"https://www.zhaopin.com/jobdetail/CCL1405520980J40715162616.htm?refcode=4019&srccode=401901&preactionid=a7c1140f-c46c-45e5-b867-ab342d8bdc77"
2691,Java,西安-雁塔区,1.5-3万·14薪,外企德科数字技术有限公司,专业技术服务,10000人以上,,CCL1480117890J40603130705,Java/C/C++/Python/嵌入式/驱动开发/前端/测试/算法/数据开发等 均有岗位！ 不卡地域，不卡部门，面试成绩通用~地域：北京/上海/深圳/杭州/成都/西安/东莞/南京/武汉等地域，根据个人意愿选择；   亮点：年轻团队，核心业务，根据技术能力定级定薪无固定上限，入职即交五险一金，享有年终14-16薪，项目奖金等，享受带薪年假病假等福利，长期稳定晋升发展~   能力要求：   1.熟悉Java/Go/PythonC/C++至少一种语言；   2.掌握常见的数据结构．算法；   3.熟悉常用设计模式、数据框架；   4.具有良好学习能力；,2025-07-27 00:23:22,外企德科数字技术有限公司是一家2023年新成立的中外合资企业。成立于2023年11月24日，公司定位：专注于为信息技术企业提供人才及数字技术外包解决方案的中外合资企业。它是由中国人力资源服务行业的FESCO（北京国际人力资本集团）与全球人力资源服务领导者The Adecco Group（德科集团）合资成立的。公司主要提供网络技术服务、软件外包服务、计算机系统服务、技术进出口、软件开发等信息技术相关服务。专注于为信息技术企业提供信息技术类人才及数字技术外包解决方案。,"https://www.zhaopin.com/jobdetail/CCL1480117890J40603130705.htm?refcode=4019&srccode=401901&preactionid=a7c1140f-c46c-45e5-b867-ab342d8bdc77"
2692,测试工程师,深圳-龙华区,6000-8000元·13薪,深圳市聚业自动化技术有限公司,"工业自动化,电子设备制造,互联网",100-299人,未融资,CCL1322745430J40670928509,"岗位职责: 1、年龄在20-30岁，专业不限; 2、做事负责，善于学习和总结分析; 3、在测试工程师的带队下，使用已有的软件去测试新开发的软件功能; 4、后期须了解测试软件的编程: 5、接受零基础可培养者，前期在测试工程师的带领下工作，具有较强的学习能力，有团队合作精神。福利待遇: 1、朝九晚六，中午休息2小时，周末双休，无需加班，购买五险一金,可提供住宿; 2、享受法定节假日、双休，带薪年假、带薪病假、婚假、产假等假期; 3、每月绩效奖金、项目奖金、年终奖金，一切靠实力吃饭; 4、每年公司会不定期组织员工体检、旅游; 5、享受加班补助，调休，出差补贴，节日福利;",7月19日,公司成立于2015年，经营范围包括工业自动化设备、机电设备、仪器仪表、智能控制零部件的技术开发与销售；计算机软件的设计与销售；设备仪器租赁；国内贸易；经营电子商务，新媒体等互联网相关业务；货物及技术进出口。电子产品销售；电子元器件批发；电子元器件零售；电力电子元器件销售；通讯设备销售；移动通信设备销售；集成电路芯片及产品销售。新的家庭期待你的加入~,"https://www.zhaopin.com/jobdetail/CCL1322745430J40670928509.htm?refcode=4019&srccode=401901&preactionid=a7c1140f-c46c-45e5-b867-ab342d8bdc77"
2693,实施工程师,苏州-吴中区,6000-10000元,苏州朗弛环保科技有限公司,"环保,工程技术与设计服务",20-99人,未融资,CC316180910J40920060404,岗位职责 1. 配合售后人员对水处理设备配套的电气、自控单元进行故障排查、修复； 2. 配合项目部完成设备配套电气系统的安装、接线、调试等工作，为客户提供技术支持及服务，及时反馈用户的需求。   任职要求 1.学历要求：高中及以上学历，对于电气自动化，机电等相关电气知识熟练优先。 2.技能要求：能熟练使用电脑，具备扎实的电气专业知识，熟悉电气控制原理、高低压配电等系统知识。 3.经验要求：3年及以上电气维修工作经验，有环保行业项目经验者优先考虑。具备较强的现场问题解决能力。 4.其他要求：有驾照，经常开车，具备良好的沟通能力和团队协作精神，工作认真负责，有较强的学习能力。 薪资福利 1.薪资待遇：提供具有竞争力的薪资，根据个人能力和经验面议，综合薪资范围在 6000--10000 元月。 2.福利体系：完善的五险一金、节日福利、定期体检、丰富的团建活动等。,6月9日,苏州朗弛环保科技有限公司是一家集产品销售，工程承包，设备运维服务，环保技术咨询与研发为一体的综合环保企业。公司成立于2009年，经过多年的经营及积累，建立了科学的管理体系，拥有一支专业的技术团队，在水处理领域赢得了广大用户的认可和赞誉，并连续多年被评为AAA信用单位。公司从成立之初便致力于市政污水治理工程，污泥处置工程等项目，从多年的项目实践中积累了丰富的经验，并不断地引入新技术，新设备，新工艺为客户提供专业的系统的解决方案。公司在承揽各项工程的同时，还与国内外的设备供应商建立了密切的商务及技术合作，为业内提供高效，优质的设备集成及总包服务。企业文化企业精神：诚信，勤俭，协作，创新企业使命：为客户提供节能高效环保的系统解决方案。企业愿景：精益求精，追求卓越，成为行业内一流的环保综合企业。,"https://www.zhaopin.com/jobdetail/CC316180910J40920060404.htm?refcode=4019&srccode=401901&preactionid=a7c1140f-c46c-45e5-b867-ab342d8bdc77"
2694,科研人员,北京-丰台区,1-2万,首都医学科学创新中心,"学术/科研,学术/科研",300-499人,不需要融资,CCL1464242520J40545348502,1. 主要职责： （1）独立或协助团队开展研究工作； （2）参与科研项目的数据整理、分析。 2. 任职要求： （1）具有生物学、基础医学等相关专业的本科及以上学位； （2）熟练掌握常规分子生物学、生物化学、细胞生物学或动物实验的操作及原理； （3）具备良好的沟通能力和团队协作能力； （4）具备良好的英语读写和日常交流能力，能够使用英文撰写论文。,7月28日,"首都医学科学创新中心[Chinese Institutes for Medical Research(CIMR), Beijing]（简称创新中心）是北京市新成立的具有独立法人资格的新型研发机构。创新中心以推动医学科学发展、改善人类健康为目标，开展生物医学研究，致力于提升医学科学创新与成果转化能力，提高疾病诊断和治疗水平。我们将汇聚世界高水平科学家，与首都医学教育和科学研究优质资源紧密合作，打造多学科交叉融合的科研平台，综合自由探索、医学目标导向、有组织科研等途径，实践新型科研模式和体制机制，逐步推进医教研产的深度融合，培养适应医学科学创新发展的优秀人才。","https://www.zhaopin.com/jobdetail/CCL1464242520J40545348502.htm?refcode=4019&srccode=401901&preactionid=a7c1140f-c46c-45e5-b867-ab342d8bdc77"
2695,科研人员,西安-长安区,8000-15000元·13薪,陕西东方航空仪表有限责任公司,仪器仪表制造,500-999人,A轮,CC594978220J40282782902,工作岗位：负责公司惯性导航类产品的研发设计工作。 学历要求：本科及以上学历，有相关工作经验的优先考虑。 专业要求：惯性导航、制导与控制、数学、物理等相关专业。 有工作经验的人员，薪酬面议。职位福利：五险一金、年底双薪、绩效奖金、交通补助、餐补、带薪年假、采暖补贴、住房补贴 ,11月26日,航空工业东方（简称）隶属中航工业集团公司，公司位于陕西汉中经济开发区南区，现有员工700余人，资产总额10亿元。公司一直为盈利企业，主要经济指标保持快速增长态势，2013年融入中航电子整体上市（股票：600372）。公司承担了多项国家军事装备重点型号工程，航空产品主要有：直升机自动驾驶仪、机载北斗定位系统、无人机导航/飞控系统、捷联航姿系统、航空陀螺仪表和微特型电机及传感器等。多项军工产品获国家、国防科工局、中航工业科技成果奖。民用产品重点发展扭矩技术，具有国内最大的扭矩工具研发生产基地，“准达”牌已成为中国驰名商标。2015年9月公司在西安航天基地设立研发中心（西安分公司），形成“西研发、汉生产”战略格局。公司具备完善的人才引进、岗位培训、绩效考核、薪酬管理等人力资源管理体系；实行“长、家、匠”分离，为各类人才提供职业生涯成长通道；对科研人员实行新品项目奖、高新津贴等。新毕业大学生安排入住单身公寓，享受十余项[1]薪酬福利政策，工作、生活条件优越。[1],"https://www.zhaopin.com/jobdetail/CC594978220J40282782902.htm?refcode=4019&srccode=401901&preactionid=a7c1140f-c46c-45e5-b867-ab342d8bdc77"
2696,测试工程师,武汉-江夏区,5000-6000元,天阳科技,"计算机软件,计算机软件",1000-9999人,已上市,CC120408370J40294370308,1.全国项目驻场测试，主要负责功能、数据或接口等相关测试工作；   2.统招本科学历及以上（学信网可查）；毕业满2年；计算机专业优先；   3.热爱软件测试行业、有强力的自驱力，能够在测试岗位深入学习研究；   4.有无经验均可，服从公司安排，接受公司培养，可接受异地工作优先；   福利待遇：   上市公司，公司可以提供住宿，提供五险一金；   欢迎符合要求的小伙伴们投递~   ,7月17日,天阳科技(股票代码：300872)，是全球金融创新服务的重要贡献者，持续赋能中国金融行业数字化转型，为客户提供咨询、金融科技产品、金融IT服务、云计算及运营服务。公司成立于2003年，服务超过300家金融行业客户，覆盖中央银行、政策性银行、国有银行、股份制银行、地方性商业银行、非银行金融机构等，员工人数近7000人，成为激活金融领域创新活力、推动金融科技迈入世界领先水平的重要力量。作为金融行业客户可信赖的合作伙伴，天阳科技凭借丰富的行业经验和端到端的专业服务，在信创、数字化金融、信贷、交易银行、信用卡、零售、营销、风险管理、征信监管等众多领域具备核心竞争力。据赛迪和IDC报告显示，近年来公司在中国银行业IT解决方案市场排名强势崛起，2019年收入及市场占有率综合排名分别位列第四位和第五位，并保持高速增长。同时，前瞻商业和科技趋势，入选2021年度未来银行科技服务商TOP100。天阳科技始终聚焦金融科技领域，加大自主创新力度，在超过100个城市建立本地化、专业化的研发和服务团队，拥有CMMI5级认证、软件测试成熟度模型集成（TMMi）3级认证、ISO9001质量管理体系认证、ISO20000信息技术服务管理体系认证、IS027001信息安全管理体系认证。通过部署人工智能、云计算、大数据、移动互联网、分布式计算和区块链等先进金融科技，公司致力于构建安全可控、普惠民生、开放共赢格局，在关键技术领域服务现代化金融发展大局，更好地为各利益相关方创造更大价值，为大中企业、小微企业以及每个个体提供优质金融服务。,"https://www.zhaopin.com/jobdetail/CC120408370J40294370308.htm?refcode=4019&srccode=401901&preactionid=a7c1140f-c46c-45e5-b867-ab342d8bdc77"
2697,软件测试,西安-雁塔区,1.2-1.6万,四川若扬企业管理咨询有限公司,企业服务,20-99人,,CCL1506191320J40867331415,岗位内容： 1. 设计和执行测试用例，并记录测试结果。 2. 分析并报告软件缺陷，包括重现步骤、缺陷严重程度和影响范围。 3. 参与产品设计过程，提供测试建议和反馈。 4. 开发自动化测试脚本和工具。 5. 执行性能和负载测试的任务。 任职要求： 1. 具有本科以上学历，计算机科学或相关领域优先。 2. 熟悉测试方法论和流程，能够编写高质量的测试用例。 3. 熟练使用至少一种自动化测试框架和脚本语言（如Selenium、Python、Robot Framework）。 4. 了解软件开发周期和敏捷开发流程。 5. 优秀的沟通和协作能力，能够与跨部门的团队成员合作。,7月23日,,"https://www.zhaopin.com/jobdetail/CCL1506191320J40867331415.htm?refcode=4019&srccode=401901&preactionid=a7c1140f-c46c-45e5-b867-ab342d8bdc77"
2698,科研人员,长沙-开福区,6000-7000元,中国人民解放军国防科技大学智能科学学院,"学术/科研,计算机软件,计算机硬件,电子/半导体/集成电路",1000-9999人,,CC291230630J40783031714,一、招聘岗位及要求 1.岗位名称：行政管理秘书 2.岗位职责： （1）处理教研室数据统计、科研项目采购数据整理及基础财务报销流程； （2）负责日常行政事务处理，包括文件起草、归档、会议记录及办公用品管理； （3）协调各部门沟通，安排会议、差旅及接待来访客户； （4）协助管理办公室环境、设备维护及后勤保障工作； （5）完成上级交办的其他临时性行政支持工作。 3.岗位要求： （1）硕士研究生以上学历，年龄35周岁以下； （2）具备良好的沟通协调能力，服务意识强； （3）工作细致、责任心强，能高效处理多任务； （4）身体健康，政治立场坚定，品行端正，立志献身国防教育事业，责任心强，服从组织安排； （5）会计专业或具有会计经验的优先。 4.工作地点：湖南省长沙市开福区三一大道国防科技大学一号院 二、基本待遇 1.工资待遇按照军队有关文件执行，依据学历、职务等级确定薪酬待遇，为聘用对象购买“五险一金”（养老、医疗、工伤、失业、生育保险及住房公积金）。 2.享受国家法定节假日。 三、招聘流程 1.报名方式：请将个人简历（包括姓名、出生年月、政治面貌、家庭成员基本情况、学习工作经历、联系方式、照片等）、身份证、学历学位证书、资质证明、获奖证书等相关资料打包发送至报名邮箱。 2.面试程序：资格审核通过的应聘人员将以电话或邮件方式通知面试安排。面试时请携带个人简历、学历学位证书等相关报名材料的原件。 3.经初审、面试、体检、政审等程序后，录用签订合同。,7月25日,机电工程与自动化学院由原国防科学技术大学自动控制系、机械电子工程与仪器系于1999年10月合并组建，下设自动控制系、仪器科学与技术系、机电工程系、机电工程研究所和自动化研究所。学院拥有一支高水平的教师队伍。在这支队伍中，既有在学术界影响较大的老专家，又有一批崭露头角的青年学术骨干。其中，国务院学位委员会委员1人，国务院学科评议组成员2人（第六届）、1人被评为全国教学名师、1人被聘为“长江学者”特聘教授；3人被评为国家“有突出贡献的中青年专家”，1人入选新世纪百千万人才工程国家级人员、1人获得国家杰出青年基金奖、4人入选教育部新世纪优秀人才支持计划；约有60%的教师具有副高以上专业技术职称，73%的教师获得了博士学位；有13人享受国务院特殊津贴。目前，学院在岗博士生导师31人，硕士生导师86人。计算机硬件技术与控制系列课程教学团队被评为国家级教学团队。近30年来，学院获得国家、行业和部委级教学与科研成果奖200余项，其中获国家科技进步一等奖2项、二等奖4项、三等奖2项，国家发明奖5项，国家级教学成果二等奖1项，另有90余项教学科研成果获部委级二等奖以上奖励。学院已通过GB/T19001:2000和GJB9001A-2001质量管理体系认证。学院科研共分七个主要研究领域： 1.智能机器人系统领域。主要开展地面移动机器人系统、智能机器人环境感知、任务规划与控制、无人机系统自主控制以及仿生机器人技术等研究。 2.导航制导与控制技术。主要开展先进制导技术、惯性技术和自主导航定位技术等研究。 3.精密工程与微机电领域。主要开展超精密加工技术、纳米精度检测技术和微机电系统技术等研究。 4.监控诊断与可靠性领域。主要开展机器状态监控与故障诊断、测试性设计与评估、可靠性试验与理论技术、装备维修保障技术等方面研究。 5.仿真技术领域。主要开展仿真基础理论与方法、仿真支撑技术和仿真应用技术等方面研究 6.空间测控仪器工程领域。主要开展无线电测量、光学测量和数字化测试等技术等研究。 7.磁悬浮控制技术领域。主要开展磁悬浮列车悬浮、直线牵引和运行的控制，以及磁悬浮系统设计与集成等研究。,"https://www.zhaopin.com/jobdetail/CC291230630J40783031714.htm?refcode=4019&srccode=401901&preactionid=a7c1140f-c46c-45e5-b867-ab342d8bdc77"
2699,科研人员,绵阳-安州区,1.2-1.6万,绵阳城市学院,"学校/学历教育,学校/学历教育",10000人以上,不需要融资,CCL1430764240J40743703212,岗位职责：  1.参与制定能源动力学科的长期发展规划和短期实施计划，明确学科发展方向、目标和重点研究领域；   2.主持或参与重大科研项目，推动科研成果的产出和转化，包括发表高水平学术论文、申请专利、获得科研奖励等；   3. 承担能源动力学科专业相关的本科课程，构建和优化能源动力学科课程体系。参与设计和开发新的专业课程，特别是针对综合能源电力行业的节能减排、综合能源发电与储能等方向的课程，探索项目式教学；   4.参与校企合作，推动科研成果的产业化应用，促进产学研合作和学科的社会服务功能；参与国内外学术交流活动，包括学术会议、研讨会、工作坊等，建立和维护与国内外知名学者和研究机构的合作关系。   5. 参与学科专业建设、评估工作，收集和分析评估数据，提出改进意见和建议，促进学科的持续改进和高质量发展。,6月30日,绵阳城市学院的前身西南科技大学城市学院是2006年由合肥万博社会事业发展集团有限公司和西南科技大学申办、经教育部批准成立的独立学院。2021年，经教育部批准转设为独立设置的全日制民办普通本科高校。学校坐落于党中央、国务院批准建设的中国唯一科技城、四川省第二大经济体——绵阳市，两个校区所在游仙区和安州区均在主城区，校园风光优美，周边交通便利，城市舒适宜居。学校坚持社会主义办学方向，全面贯彻党的教育方针，落实立德树人根本任务，坚守为党育人为国育才的初心使命。秉承“有教育理想的人，办理想的教育，培养有理想的人”的办学理念，坚持“以学生为中心”，构架“3331”人才培养模式和学校治理模式，建立“1+2+3”毕业生标准，致力于实现“有理想，多专多能”人才培养。学校现有在校生23000余名，教职工1000余人，本科专业30余个，涵盖工、经、管、文、理、教育、艺术等学科。学校拥有四川省高等学校“双一流”建设贡嘎计划1项；省级一流专业、综合改革专业等13个；省级一流课程、示范课程31门；教学成果奖3项；教育部产学合作协同育人项目15个；教育部“1+X”证书制度试点14个。学校紧贴国家发展战略和地方产业布局，设置现代技术学院、现代城市建设学院、现代商学院和现代服务学院四个专业学院；着力学生终身发展，构建现代产业学院和未来创业学院，整合教育管理服务职能部门形成教学、学工和行政三大服务中心。学校始终把队伍建设作为发展内核，不断完善人才培养体系，不断强化人才队伍建设。一方面建立公平的晋升机制，依据员工业绩、能力和潜力选拔晋升对象，另一方面加强内部管理和培训，根据所拥有职称评聘自主权，结合应用型高校人才培养要求优化教师职称和双师型评审条件，原则上每年开展两次专业技术职务评审工作。此外，学校为广大教职工提供极具吸引力的薪酬福利：基本薪资、绩效奖金、五险一金、节日补贴，校区班车、卫生食堂、餐补，职工宿舍、租房补贴等，并积极开展各类多彩的工会活动以丰富员工福利。,"https://www.zhaopin.com/jobdetail/CCL1430764240J40743703212.htm?refcode=4019&srccode=401901&preactionid=a7c1140f-c46c-45e5-b867-ab342d8bdc77"
2700,实施工程师,南京-浦口区,1-2万,南京诺之杰电子科技有限公司,"电子/半导体/集成电路,仪器仪表制造,电子设备制造,光电子行业",20人以下,,CC451661610J40653586913,"岗位职责： 1、为客户提供完善的售前售后技术支持服务，确保客户满意度。 2、负责客户技术交流、现场演示、产品测试等。 3、配合研发做好技术相关工作、技术方案的编写等。 4、完成领导交代的其他工作。   任职资格要求： 1、品行端正、具备良好的沟通协调能力；做事认真到位、负责高效。 2、本科及以上学历，电子、通信、仪器仪表、光电、微波等专业。 3、英语4级及以上，具备较强读写能力。 4、熟悉矢网、信号源、频谱仪、混频器、放大器、通信等仪表设备、子系统等原理和应用的优先考虑 5、具有射频、微波、毫米波、太赫兹、光通信、光传输、测试测量、等专业背景优先考虑 工作待遇： 1、薪资面议 2、五险一金、双休、法定节假日 3、工作日上班时间9:00-12:00,13:00-18:00",6月12日,我公司自成立以来，一直专注于毫米波太赫兹和微波光传输方面的测试测量设备的研究与开发，拥有一支由数名专业技术人员组成的研发团队。我们在毫米波太赫兹和微波光传输方面的测试测量设备领域取得了重要的成果，包括17项知识产权专利。产品和系统过程涉及到：电路设计、模块内部使用的腔体委托加工厂加工、最终进行装配，调试，测量系统搭建。产品主要应用于：6G通信预研，毫米波太赫兹安检成像，末端制导，太赫兹雷达，风云卫星，射电天文等领域。,"https://www.zhaopin.com/jobdetail/CC451661610J40653586913.htm?refcode=4019&srccode=401901&preactionid=a7c1140f-c46c-45e5-b867-ab342d8bdc77"
2701,Java,东莞-None,1.5-2.5万·14薪,外企德科数字技术有限公司,专业技术服务,10000人以上,,CCL1480117890J40795522805,"全国均有岗位（开发、测试、算法、数据分析等） 岗位要求： 一、软件开发工程师 1. 热爱编程，熟悉掌握Java/C++/C/Python/Web开发等编程语言中的一种或多种编程语言，扎实的编程功底； 2. 具备良好的独立工作能力和解决问题能力，善于沟通，乐于合作，热衷新技术； 二、软件测试工程师： 1. 热爱编程，熟悉掌握C/C++/Java/Python等编程语言中的一种或多种编程语言，扎实的编程功底； 2.有web开发或测试经验、自动化开发或测试经验者优先。 3.熟练掌握系统测试、功能测试、专项测试、软件测试、韧性测试、安全测试方法中的一种或多种测试方法，有相关测试语言/脚本的编写和实践经验优先，也可接受纯测试经验的。 4.具备良好的独立工作能力和解决问题能力，善于沟通，乐于合作，热衷新技术； 三、算法工程师： 1、熟练掌握Java/C/C++/Python其中一个或多个编程语言，有扎实的编程功底； 2、熟悉机器学习、深度学习或图像算法。 四、数据开发工程师 1、参与或负责大数据的采集、存储、处理、通过分布式大数据平台加工数据，数据驱动运营; 2、参与或负责大数据仓库的设计、开发、维护,通过数据仓库和数据治理体系有效的管理和组织P级数据,提升数据质量和数据开发效率; 3、较强的动手能力和学习能力,熟悉一门数据处理语言,如JAVA、 SQL、Python 等; 4、深入理解 Map-Reduce 模型和Hadoop、 Spark、FIink、MPP DB等大数据和仓库相关知识 公司福利： 1. 底薪+绩效+项目奖金+年终奖； 2. 全额缴纳五险一金； 3.一年数次考评，薪资可上浮~ 4.带薪年假5-15天，双休； 5.享有健身房、班车、加班打车报销等软性福利",2025-07-27 00:26:06,外企德科数字技术有限公司是一家2023年新成立的中外合资企业。成立于2023年11月24日，公司定位：专注于为信息技术企业提供人才及数字技术外包解决方案的中外合资企业。它是由中国人力资源服务行业的FESCO（北京国际人力资本集团）与全球人力资源服务领导者The Adecco Group（德科集团）合资成立的。公司主要提供网络技术服务、软件外包服务、计算机系统服务、技术进出口、软件开发等信息技术相关服务。专注于为信息技术企业提供信息技术类人才及数字技术外包解决方案。,"https://www.zhaopin.com/jobdetail/CCL1480117890J40795522805.htm?refcode=4019&srccode=401901&preactionid=a7c1140f-c46c-45e5-b867-ab342d8bdc77"
2702,前端开发,杭州-余杭区,2.5-4.5万,浙江同花顺智富软件有限公司,"互联网金融/小额贷款,互联网",1000-9999人,已上市,CC573930830J40768364510,岗位亮点： 1、多端秒级同步，千万级并发的web系统架构设计、实现，亿级用户同时在线交易。 2、模块化，组件化；高并发分布式、微服务框架。 3、人工智能，千人千面，know your custom，AI改变未来； 4、完善的职级晋升体系和内部培训分享体系，技术专家、管理大牛云集；海鬣蜥计划、同花顺100等人才激励计划完备，各类技术俱乐部等你来，未来可期！  岗位职责：  1、负责同花顺C端核心业务同花顺app和pc端的业务需求正常迭代及代码优化。  2、保持高效的前端性能，优秀的代码可维护性，良好的浏览器兼容性。  3、与其他同事共享开发经验，优化系统功能和性能。  岗位要求：  1、计算机相关专业，本科及以上学历。  2、熟悉vue、react、angluar三大流行框架至少一种，有实战经验。  3、精通es5、es6、xhr，熟练运用Html，CSS，Less，Jquery，熟练使用PhotoShop。  4、熟悉脚手架工具：webpack、gulp、grunt等。了解AMD或CMD，了解seaJS或requireJS。有node经验者优先。  5、需要有创新精神，对新的技术有追求，有代码洁癖，有产品意识，有较强用户体验并能良好的表达出来。  6、具有很强的学习能力及工作责任心，良好的沟通能力和团体合作精神。能够独立完成工作，并富有工作激情。,7月22日,"浙江核新同花顺网络信息股份有限公司（同花顺）成立于1995年,于2009年在深交所上市（股票代码：300033），是国内第一家互联网金融信息服务行业上市公司。同花顺作为一家互联网金融信息提供商，主要业务是为各类机构提供软件产品和系统维护服务、金融数据服务和智能推广服务，为个人投资者提供金融资讯和投资理财分析工具。截止目前同花顺注册用户近5亿，日活跃用户超千万，与国内90%以上的证券公司达成业务合作关系。公司十分重视创新与技术研发，每年研发经费投入占公司总收入都在15%以上。同时积极与国内外知名院校开展产、学、研等合作，建立各类研发平台，公司拥有省级高新技术企业研发中心、省级工程技术中心、省级人工智能企业研究院、省级博士后科研工作站等研发平台。经过二十余年的积累，公司在技术布局、技术团队、知识产权获得上都处在业内领先地位，并且多次在海内外科技比赛中获得优异成绩及奖项，累计已获得自主研发的软件著作权315项，非专利技术131项，形成公司明显的技术领先优势。","https://www.zhaopin.com/jobdetail/CC573930830J40768364510.htm?refcode=4019&srccode=401901&preactionid=a7c1140f-c46c-45e5-b867-ab342d8bdc77"
2703,Java,成都-郫都区,1.4-2.8万·14薪,外企德科数字技术有限公司,专业技术服务,10000人以上,,CCL1480117890J40795569405,岗位职责： 1、负责应用软件开发和维护工作。 2、负责软件模块需求分析、系核心模块代码编写和单元测试，完成概要设计文档、详细设计文档。 3、积极主动的与项目相关人员沟通交流，持续改善产品体验。 任职要求： 业务技能要求： 1、熟练掌握常用数据结构。 2、熟悉计算机组成原理、操作系统、网络等。  岗位要求： 1、 精通JAVA/Python/C/C ++/GO开发，精通多线程、 IO 、网络编程等； 2、统招本科学历； 3、 沟通能力强，善于与产品、测试合作，共同打造给用户良好体验的产品,2025-07-27 00:26:06,外企德科数字技术有限公司是一家2023年新成立的中外合资企业。成立于2023年11月24日，公司定位：专注于为信息技术企业提供人才及数字技术外包解决方案的中外合资企业。它是由中国人力资源服务行业的FESCO（北京国际人力资本集团）与全球人力资源服务领导者The Adecco Group（德科集团）合资成立的。公司主要提供网络技术服务、软件外包服务、计算机系统服务、技术进出口、软件开发等信息技术相关服务。专注于为信息技术企业提供信息技术类人才及数字技术外包解决方案。,"https://www.zhaopin.com/jobdetail/CCL1480117890J40795569405.htm?refcode=4019&srccode=401901&preactionid=a7c1140f-c46c-45e5-b867-ab342d8bdc77"
2704,Java,苏州-工业园区,8000-10000元,寻息电子,"IT服务,通信/网络设备,计算机软件,电子/半导体/集成电路",300-499人,B轮,CC207724430J40147762712,岗位要求 ： 211/985统招本科及以上学历； 1、基本功扎实，有学习的热情和态度。有快速学习新框架，看源码的能力。  2、 熟悉Java开发语言，了解常用数据结构及算法，具备扎实的计算机理论基础。 3、 熟悉SpringBoot、Mybatis框架，IDEA、Maven、Git等开发工具。 4、熟悉MySql、SqlServer、PostgreSQL 其中任意一个。 5、有做产品的热情和意识。 6、具备良好的团队协作能力，良好的沟通表达能力，和持之以恒的韧性和耐力。,7月9日,苏州寻息电子科技有限公司是一家物联网领域的高新技术企业，公司以室内外精准定位技术为核心，面向工业、工程建设、智慧养老、智慧大楼、智慧医院等场景提供了广泛的物联网硬件设备及解决方案。经过多年创新发展，寻息电子已拥有钛准定位、蓝牙探测定位、终端自主定位等多种行业领先的定位技术方案；在定位硬件设备上，寻息电子蓝牙定位信标已被广泛应用于人员、资产、设备、车辆精准定位管理与手机室内定位导航等诸多场景之中，在室内外环境下均表现出了卓越的产品性能。公司成立至今，网络设备被腾讯、中国铁建、中国化工集团、中船工业集团、北京市政等合作伙伴应用于国内外超过3000个大型建筑，推动无数场景成功实现了位置信息的智慧物联。寻息电子旗下拥有两家子公司，分别为苏州真趣信息科技有限公司与苏州寻锡源电子科技有限公司。其中真趣科技以优越的定位技术为支撑，重点在人员与物品定位管理、运营精细化管理、安全保障方面形成了突出的产品服务能力，在10+行业领域拥有完善成熟的室内外位置服务方案。苏州寻锡源具备专业级全进口SMT生产线和DIP生产线，以优异的品质、良好的信誉以及强大的产品交付能力为国内外客户提供优质的电子硬件生产服务。,"https://www.zhaopin.com/jobdetail/CC207724430J40147762712.htm?refcode=4019&srccode=401901&preactionid=a7c1140f-c46c-45e5-b867-ab342d8bdc77"
2705,技术支持工程师,北京-通州区,5000-10000元·14薪,金轮坤天,仪器仪表制造,100-299人,,CC158157320J40530642013,岗位职责： 1.协助负责人进行贵金属电沉积工艺开发、工艺管控和工艺技术支持，确保后续生产过程工艺稳定和正常运行 2.负责现场电沉积线维护、技术状态管控和持续改善工艺方法 3.负责现场镀液分析和质量控制 4.协助负责人进行复杂异形件电沉积阳极设计开发与评估 5.负责现场管理、工艺问题收集、记录、分析和上报，并与负责人进行沟通 6.完成领导安排的其他任务 任职要求： 1.本科及以上学历，电化学及相关专业，30周岁以下 2.熟悉电沉积基本原理、电沉积涂层和镀液测试方法、电沉积设备维护保养，有复杂异形件表面电沉积贵金属从业经验者优先 3.具备独立完成电沉积过程实施和一般性故障分析和处理能力 4.具有较强的事业心和责任感，工作热情，有良好的执行力,6月27日,我公司隶属于中国农业机械化科学研究院，在原液压所基础上改制成立。从事机场地面保障设备，表面热喷涂技术，水处理设备的科研、生产和服务。,"https://www.zhaopin.com/jobdetail/CC158157320J40530642013.htm?refcode=4019&srccode=401901&preactionid=a7c1140f-c46c-45e5-b867-ab342d8bdc77"
2706,软件测试,成都-双流区,1-1.8万,华大九天,"计算机软件,电子/半导体/集成电路",1000-9999人,已上市,CC284828810J40801899212,职位描述： 1. 负责单元库，IO，存储器和IP单元库特征化方向各软件产品的测试任务及测试平台搭建； 2. 分析产品功能，编写测试方案和创建测试用例，提交测试分析报告并跟踪产品bugs； 3. 搭建及维护回归测试平台，编写自动化运行脚本及工具。   任职要求： 1. 微电子、电子工程、计算机相关专业，本科及以上学历； 2. 掌握数字电路设计基础知识，熟悉存储器电路知识； 3. 熟悉模拟电路设计、电路仿真流程或静态时序分析； 4. 熟悉SPICE仿真工具，有K库经验者优先； 5. 熟悉linux/unix操作系统，有perl/python/shell脚本编程经验者优先； 6. 具有较好的英语读写能力，良好的沟通协调能力，较强的学习能力，以及团队合作精神，对产品质量有强烈的责任心。,7月28日,【声明】近期，我司发现有不法分子冒充我司或旗下子公司名义，通过邮件、社交媒体、即时通讯工具等渠道发布虚假招聘信息，并向求职者收取费用，严重损害了求职者权益及我司声誉。为此，我司严正声明如下：我司及旗下子公司从未且不会以任何名义向求职者收取任何费用。任何以我司或旗下子公司名义要求付费的招聘行为均属诈骗，请立即报警。公司介绍北京华大九天科技股份有限公司（简称“华大九天”）成立于2009年，致力于面向半导体行业提供一站式 EDA及相关服务。在EDA方面，华大九天可提供模拟/数模混合IC设计全流程解决方案、数字SoC IC设计与优化解决方案、晶圆制造专用EDA工具和平板显示（FPD）设计全流程解决方案。围绕EDA提供的相关服务包括晶圆制造工程服务及设计支持服务，其中晶圆制造工程服务包括PDK开发、模型提取以及良率提升大数据分析等。华大九天总部位于北京，在南京、上海、成都和深圳设有全资子公司，并在日本、韩国、东南亚等地设有分支机构。,"https://www.zhaopin.com/jobdetail/CC284828810J40801899212.htm?refcode=4019&srccode=401901&preactionid=a7c1140f-c46c-45e5-b867-ab342d8bdc77"
2707,科研人员,济宁-梁山县,3.5-6万,中稀天马新材料科技股份有限公司,新材料,500-999人,,CC475910230J40599956206,岗位职责： 1、带领团队开展钕铁硼废料回收利用及稀土应用相关科研项目； 2、撰写并发表科研论文； 3、申请省级、国家级科研项目经费； 4、与生产团队协同完成科研项目的产业化； 5、完成上级领导交办的其他工作任务。 岗位要求：  1、博士学历；  2、有申请各级科研基金经验者优先；  3、有带领团队做科研项目经验者优先；  4、有定期组织科研培训经验者优先；  5、具有良好的职业道德和价值观；  6、对于优秀人员，可适当放宽条件。  公司建有省级稀土资源循环利用科创中心，发展前景广阔，期待与您共创美好未来！  ,7月14日,中稀天马新材料科技股份有限公司成立于 2010年 8月，位于梁山县马营镇，是目前国内规模最大的以绿色稀土资源回收综合利用为特色的国家级高新技术企业。绿色稀土资源包括钕铁硼生产过程中产生的边角料以及“城市矿产”拆解产生的磁材。公司倡导“资源有限，循环无限”的理念，是绿色稀土资源行业首家提出并实现生产过程中废水循环利用“零”排放、物料预烧过程中余热回收成蒸汽再利用的企业。公司主要产品为镨钕、铈镨钕、钕、钆、铽、镝、钬等稀土氧化物及稀土金属。公司通过了ISO9001、ISO14001、ISO45001、ISO50001、SA8000、翠鸟（SCS）及知识产权管理体系认证。是中国循环经济协会理事单位，中国稀土行业协会理事单位，中国绿色发展联盟发起单位，中国再生资源回收利用协会理事单位，全国稀土标准化技术委员会委员单位，山东稀土行业协会理事单位，山东省循环经济协会理事单位，是中国稀土行业协会评定的 3A级信用企业，国家级绿色工厂，山东省稀土钕铁硼城市矿产循环经济基地，山东省专精特新企业，山东省制造业单项冠军，山东省瞪羚标杆企业，山东省新材料领军企业，山东省质量标杆企业，山东省全员创新企业，山东省绿色供应链管理企业，山东省诚信企业，济宁市节能环保企业，济宁市先进制造业攀登计划领军企业等。公司建有研发中心，拥有山东省稀土资源综合利用工程实验室，山东省企业技术中心，济宁市稀土资源综合利用重点实验室，济宁市中小企业“一企一技术”研发中心等平台。目前公司拥有专利 50余项，参与制定国家、行业及团体标准 9项。与天津大学、中科院长春应化所、包头稀土研究院等建立了长期的产学研合作关系，是山东大学研究生实践合作基地。,"https://www.zhaopin.com/jobdetail/CC475910230J40599956206.htm?refcode=4019&srccode=401901&preactionid=a7c1140f-c46c-45e5-b867-ab342d8bdc77"
2708,C/C++,深圳-龙岗区,1.5-3万,外企德科数字技术有限公司,专业技术服务,10000人以上,,CCL1480117890J40711415005,岗位要求：本科及以上学历，计算机、软件工程、通信等相关专业优先，转行，转专业可接受 一、软件开发工程师 1. 热爱编程，熟悉掌握Java/C++/C/Python/Web开发等编程语言中的一种或多种编程语言，扎实的编程功底； 2. 具备良好的独立工作能力和解决问题能力，善于沟通，乐于合作，热衷新技术； 二、软件测试工程师： 1. 热爱编程，熟悉掌握C/C++/Java/Python等编程语言中的一种或多种编程语言，扎实的编程功底； 2.有web开发或测试经验、自动化开发或测试经验者优先。 3.熟练掌握系统测试、功能测试、专项测试、软件测试、韧性测试、安全测试方法中的一种或多种测试方法，有相关测试语言/脚本的编写和实践经验优先，也可接受纯测试经验的。 4.具备良好的独立工作能力和解决问题能力，善于沟通，乐于合作，热衷新技术；,2025-07-27 00:23:27,外企德科数字技术有限公司是一家2023年新成立的中外合资企业。成立于2023年11月24日，公司定位：专注于为信息技术企业提供人才及数字技术外包解决方案的中外合资企业。它是由中国人力资源服务行业的FESCO（北京国际人力资本集团）与全球人力资源服务领导者The Adecco Group（德科集团）合资成立的。公司主要提供网络技术服务、软件外包服务、计算机系统服务、技术进出口、软件开发等信息技术相关服务。专注于为信息技术企业提供信息技术类人才及数字技术外包解决方案。,"https://www.zhaopin.com/jobdetail/CCL1480117890J40711415005.htm?refcode=4019&srccode=401901&preactionid=a7c1140f-c46c-45e5-b867-ab342d8bdc77"
2709,硬件测试,苏州-工业园区,1.5-3万·14薪,苏州门海微电子科技有限公司,"电子/半导体/集成电路,电子/半导体/集成电路",20-99人,A轮,CC815248870J40735207416,岗位职责 1.搭建硬件测试环境，完成公司产品硬件功能测试和性能测试 2.参与公司相关产品可靠性测试，包括高低温测试、EMC测试等 3.制定测试计划，撰写测试报告 任职要求 1.电子、通信相关专业大专以上学历 2.熟练使用各类仪器设备 3.能熟练焊接，动手能力强 4.有光伏组件测试经验者优先 5.工作严谨负责，具备良好沟通能力和学习能力,7月24日,苏州门海微电子科技有限公司是一家从事MCU/SOC的设计和销售，并为客户提供系统解决方案的专业芯片公司。公司目前拥有宽带电力线载波芯片、信息安全芯片以及WISUN小无线芯片等产品线，广泛应用于智能电网、工业控制、信息安全、智能家居等众多领域。公司已通过了“高新技术企业”，“江苏省民营科技企业”等认定并入选了“苏州工业园区领军成长”和“姑苏天使”等项目。公司倡导创新、广聚人才，真诚希望有识之士加入我们共创辉煌。,"https://www.zhaopin.com/jobdetail/CC815248870J40735207416.htm?refcode=4019&srccode=401901&preactionid=a7c1140f-c46c-45e5-b867-ab342d8bdc77"
2710,软件测试,兰州-七里河区,5000-7000元,天阳科技,"计算机软件,计算机软件",1000-9999人,已上市,CC120408370J40822513608,1.全国项目驻场测试，主要负责功能、数据或接口等相关测试工作； 2.统招本科学历及以上（学信网可查）；毕业满2年；计算机专业优先； 3.热爱软件测试行业、有强力的自驱力，能够在测试岗位深入学习研究； 4.有无经验均可，服从公司安排，接受公司培养，可接受异地工作优先； 福利待遇： 上市公司、公司可提供住宿、定期体检、带薪年假； 欢迎符合要求的小伙伴们投递~,7月26日,天阳科技(股票代码：300872)，是全球金融创新服务的重要贡献者，持续赋能中国金融行业数字化转型，为客户提供咨询、金融科技产品、金融IT服务、云计算及运营服务。公司成立于2003年，服务超过300家金融行业客户，覆盖中央银行、政策性银行、国有银行、股份制银行、地方性商业银行、非银行金融机构等，员工人数近7000人，成为激活金融领域创新活力、推动金融科技迈入世界领先水平的重要力量。作为金融行业客户可信赖的合作伙伴，天阳科技凭借丰富的行业经验和端到端的专业服务，在信创、数字化金融、信贷、交易银行、信用卡、零售、营销、风险管理、征信监管等众多领域具备核心竞争力。据赛迪和IDC报告显示，近年来公司在中国银行业IT解决方案市场排名强势崛起，2019年收入及市场占有率综合排名分别位列第四位和第五位，并保持高速增长。同时，前瞻商业和科技趋势，入选2021年度未来银行科技服务商TOP100。天阳科技始终聚焦金融科技领域，加大自主创新力度，在超过100个城市建立本地化、专业化的研发和服务团队，拥有CMMI5级认证、软件测试成熟度模型集成（TMMi）3级认证、ISO9001质量管理体系认证、ISO20000信息技术服务管理体系认证、IS027001信息安全管理体系认证。通过部署人工智能、云计算、大数据、移动互联网、分布式计算和区块链等先进金融科技，公司致力于构建安全可控、普惠民生、开放共赢格局，在关键技术领域服务现代化金融发展大局，更好地为各利益相关方创造更大价值，为大中企业、小微企业以及每个个体提供优质金融服务。,"https://www.zhaopin.com/jobdetail/CC120408370J40822513608.htm?refcode=4019&srccode=401901&preactionid=a7c1140f-c46c-45e5-b867-ab342d8bdc77"
2711,Java,深圳-福田区,8000-16000元,浪潮集团,"IT服务,计算机软件,计算机硬件",10000人以上,,CC120143600J40866413515,职位描述： 1、根据需求文档完成分配的开发任务，承担项目现场的需求沟通以及研发支持； 2、根据业务方向逐步积累相关经验，能够梳理和总结常见业务场景，具备调查和沟通能力； 3、编写软件产品的描述、设计和操作文档手册； 4、承担项目运维工作。 任职要求： 1、本科及以上学历，计算机、软件或会计等相关专业； 2、了解Java开发语言，了解Spring、SpringMVC、Mybatis等主流框架； 3、了解数据库编程，了解数据库应用程序（MYSQL/OCEANBASE等）； 4、有标准化的代码编写习惯，能够编写标准化的开发文档； 5、熟悉代码维护工具，如GIT；熟练使用linux运维命令。,7月21日,浪潮集团是中国领先的云计算、大数据服务商，拥有三家上市公司。主要业务涉及计算装备、软件、云计算服务、新一代通信、大数据及若干应用场景。作为中国最早的IT品牌之一，浪潮致力于成为世界一流的新一代信息技术龙头企业经济社会数字化转型的优秀服务商，新型基础设施建设的骨干企业。,"https://www.zhaopin.com/jobdetail/CC120143600J40866413515.htm?refcode=4019&srccode=401901&preactionid=a7c1140f-c46c-45e5-b867-ab342d8bdc77"
2712,实施工程师,长治-屯留区,9000-18000元,青岛安然物联网科技有限公司,"物联网,物联网",20-99人,未融资,CC559764920J40823805104,需要弱电技术、自动化、安防系统、工业互联网+危化安全生产、物联网人才，不要纯软件人才。 你能经常到全国各地出差吗？你能到工业生产现场生产现场做技术支持吗？  真正的奋斗者在安然会有让人值得为之奋斗的事业，会有充实、高效的成长，会有高人一等的收入。  你能做好售前技术支持、根据客户需求，高效制作方案吗？你能做好售中技术支持、指导他人正确安装、部署、调试系统向用户保质保量快速交付吗？你能做好售后维护，高效沟通和落实客户需求吗？  迄今已服务中石化、中石油、延长石油、国能、兖矿、京能、索普、新安、奇美、昊源、潞安、旭阳、垦利、逸盛、海科、酒钢、金发等几百家石化、化工、选煤、钢铁、电厂企业。   安然以客户为中心，以强者为本，抬头乐干，愿意与同道中人联合、链接，携手共建、共用、共享生产安全命运共同体，一起干，一起干，让优秀企业更安全，让优秀企业更高效！,7月8日,基于精准人员定位的工业安全生产信息化管理专家，安全生产信息化管理引领者！作为全国实时定位技术标准工作组成员和应急管理部“工业互联网+危化安全生产”人员定位系统技术支持机构，安然从2012年起致力于基于ZigBee Plus三维立体按需精准定位的“工业互联网+安全生产”的研究，获得了20多项安全智能管控系统发明专利和著作权，持续引领中国化工行业生产现场智慧安全！安然以“准、稳、狠”的ZigBee Plus三维立体按需精准人员定位统和“底数清、数据准、情况明、研判准、措施实”的安全生产信息化平台为核心，整合访客管理、出入口控制、人脸识别、视频监控、语音广播、重大危险源监控、可燃有毒气体监测等系统，对生产现场人、机、料、法、环五大要素进行实时、动态、智能管控和预警，规范人的安全行为，保障人的生命安全，有效防范风险、主动化解风险，实现智慧安全。安然“以用为本”，把安全生产信息化建设与公司管理体系“深度融合”，把安全生产信息化建设与日常工作“紧密结合”，对安全生产切实“有用、实用、好用”，避免建用“两张皮”，让安全管控更智能，让生产更高效才实用。迄今已服务中石化、中石油、延长石油、国能、兖矿、京能、索普、新安、奇美、昊源、潞安、旭阳、垦利、逸盛、海科、酒钢、金发等几百家石化、化工、选煤、钢铁、电厂企业。安然以客户为中心，以强者为本，抬头乐干，愿意与同道中人联合、链接，携手共建、共用、共享生产安全命运共同体，一起干，一起干，让优秀企业更安全，让优秀企业更高效！,"https://www.zhaopin.com/jobdetail/CC559764920J40823805104.htm?refcode=4019&srccode=401901&preactionid=a7c1140f-c46c-45e5-b867-ab342d8bdc77"
2713,技术支持工程师,镇江-京口区,7000-12000元,江苏海龙核科技股份有限公司,"橡胶和塑料制品,建材",100-299人,已上市,CC447735410J40144702807,岗位职责： 1、负责对设计院及业主客户的信息收集、联络及产品推广； 2、配合销售人员向客户提供技术支持和顾问； 3、全程参与招标文件的评审，配合编制投标工作的技术部分； 4、负责产品在技术方面的有关事宜与外部联络、沟通； 5、负责产品的施工图册、施工方案编制； 6、负责及时指导、处理、协调和解决产品出现的技术问题； 7、参加销售产品的技术指导、服务工作，培训工作； 任职要求： 1、认可公司的文化和管理模式，具有良好的团队合作精神； 2、理工科相关专业本科学历； 3、有类似工程项目服务经验优先择录； 4、熟练使用CAD软件、熟悉PPT转件； 5、能适应短期出差，服从调配； 6、学习力强，性格开朗，乐于与人沟通交往；,7月23日,江苏海龙核科技股份有限公司成立于2008年3月，2015年3月在全国中小企业股权转让交易系统挂牌（海龙核科，832026），主要从事防火阻燃材料、耐辐射材料、屏蔽材料的研发及产业化。海龙核科是中国国家标准化管理委员会第七分技术委会专家委员会成员、国家火炬计划重点高新技术企业、中国核能行业协会常务理事单位和江苏省民营科技型企业。公司是国内首家成功国产化核级封堵材料并大规模应用企业，首家成功国产化乏燃料后处理用全致密中子吸收板材并大规模应用企业，同时也是国内唯一成功国产化核级电缆密封组件并大规模应用的企业。公司建有企业院士工作站、江苏省研究生工作站，省级工程中心、省级研发中心、省博士后创新实践基地等平台，先后承担科技部、工信部及江苏省科技攻关等省部级科研项目30余项，顺利完成国家重大科技专项“大型先进压水堆核电站”子项“AE01物项密封材料”的研发，系列产品已在国内在建核电项目及国家重点基础设施项目规模化应用。公司2019年先后成功申报国防科工局“乏燃料后处理”科研基金项目，并引入江苏省“双创人才”和镇江市“金山英才”人才项目。公司目前主营业务为安全防护材料中的核级防火密封材料和非核级防火密封材料的研发、生产和销售，拥有核级核级系列封堵产品、环保型防火封堵产品、核级桥架防火保护装置、核级电缆密封组件、特种涂料（钢结构防火涂料、防霉涂料和重防腐涂料）、全致密中子吸收板材六大系列34种产品。产品主要销往核电领域、电力领域（火电、水电、风电、供电类等）、交通领域（轨道交通、造船等）、钢铁领域、石油化工领域、工民建领域等，主要服务于世界500强企业，先后为45家大型企业提供科学完备的防火封堵屏蔽解决方案、材料供应和施工服务。公司研究设计团队一直致力于核电核岛区电气、管道及建筑孔洞等穿透部位封堵用高分子复合材料，以及中子屏蔽用金属复合材料的研究工作，拥有专业完备的设计研发和检测设备56台次，完全满足各类防火封堵产品的研发和检测。先后参与承担中广核、中核和国电投在运在建核电站核岛区电气、机械和生物屏蔽封堵工程，在材料耐火、耐辐射、中子屏蔽、高温腐蚀、抗LOCA、燃烧烟气毒性、水密、气密、长期寿命等研究方面积累了大量理论与工程实践经验，拥有600余份权威第三方检测报告。公司自2011年以来，已承接中核集团中广核集团和国电投集团旗下25台核岛防火封堵工程，覆盖了中核集团新建核电防火封堵材料80%市场份额。拥有国家重点新产品1项，高新技术产品18项，其中核级防火封堵产品“核级防火硅酮橡胶FS-H”荣获国家重点新产品认证，“核电用耐火硅酮泡沫”荣获省专新特精产品认证，“液体硅酮（超高密）”、“防火密封胶”等11项产品荣获省高新技术产品认证。公司获得授权发明专利18项，授权实用新型专利34项，在审发明专利39项，参与制定国家标准3项，制定企业标准6项。公司第三个五年规划将围绕核级及民用阻燃防火材料研发及推广和核电军工行业屏蔽防护材料研发及推广，立足国内，放眼海外，继续深耕核电、大力发展民用、积极拓展军工，在现有产品、技术和市场的基础上，开拓创新，建立高分子事业部，先进材料事业部复合金属事业部和先进制造事业部，整合资源，争创国家级企业技术中心。,"https://www.zhaopin.com/jobdetail/CC447735410J40144702807.htm?refcode=4019&srccode=401901&preactionid=a7c1140f-c46c-45e5-b867-ab342d8bdc77"
2714,技术支持工程师,深圳-龙岗区,1-2万,北方华创,"电子/半导体/集成电路,计算机软件,电气机械/电力设备,仪器仪表制造",1000-9999人,已上市,CC135196350J40786969712,岗位职责 1.参与可维护性设计，参加产品设计评审，从产品使用维护角度，提出可操作性、可靠性、可维护性要求； 2.参与未发布产品验证，研发项目产品组装调试，研发项目产品使用测试； 3.已发布产品重点问题优化改进，产品综合评估；定期分析总结产品使用和维护中的问题，对设计缺陷、产品优化等做综合评估，提交产品改进需求至产品经理；跟踪并参与重点问题的解决；管理撰写BKM文档； 4.产品交付支持，制定规范产品安装验收流程；完成产品安装调试中技术交流； 5.客户端设备状态监控；统一协调记录线上机台进度，包括设备安装调试、验收、重大问题解决、软硬件升级；客户问题解决；跟踪解决客户的重点问题，根据现场问题的需要组织技术人员制定解决方案； 6.负责为客服人员提供技术支持。,7月14日,北京北方华创微电子装备有限公司（以下简称：北方华创）是A股上市公司北方华创科技集团股份有限公司（002371.SZ以下简称：集团）的全资子公司。北方华创是国内少有的覆盖领域广泛、产品种类众多、技术水平领先/先进、综合实力强劲的半导体装备旗舰平台。北方华创作为高端半导体工艺装备及核心零部件行业的知名供应商，主要产品涵盖等离子体刻蚀机、物理气相沉积设备（PVD）、化学气相沉积设备（CVD）、氧化/扩散设备、清洗机等半导体工艺装备，平板显示制造装备和气体质量流量控制器等核心零部件。北方华创的产品广泛应用于集成电路（芯片制造）、先进封装、半导体照明（LED）、微机电系统（MEMS）、电力电子、光伏太阳能、平板显示等半导体相关领域，与包括台湾、韩国、欧美大厂在内的国内外行业主流客户形成了长期友好的合作关系，在多款核心产品上实现了国产替代。公司在北京、上海、台湾新竹、西安、合肥、韩国、日本、美国等地拥有多个研发、制造及服务中心，营销服务体系覆盖欧、美、亚等全球主要国家和地区。在北方华创的产品蓝图中，新技术、新产品、新工艺代代更迭、生生不息，正如“北方华创”品牌的英文名称——“NAURA”所寓意的，我们的明星产品如浩瀚星辰般在半导体宇宙中璀璨闪耀同时，北方华创不断加大资源投入培育高质量人才队伍，通过建立与世界接轨的人才引进和激励机制，与国内外知名高校共同努力，不断壮大人才队伍。未来，北方华创将持续为人才赋能，培育创新文化土壤，打造高端人才“引力场”！公司网址：www.naura.com公司地址：北京市大兴区亦庄文昌大道8号,"https://www.zhaopin.com/jobdetail/CC135196350J40786969712.htm?refcode=4019&srccode=401901&preactionid=a7c1140f-c46c-45e5-b867-ab342d8bdc77"
2715,技术支持工程师,杭州-萧山区,8000-12000元,数码大方,"计算机软件,电气机械/电力设备,科学技术推广",500-999人,未融资,CC391669320J40687954005,岗位职责： 1. 负责公司产品技术支持与服务，挖掘引导客户需求，完成售前阶段相关工作，如客户需求调研、方案规划、技术交流、方案讲解、产品演示、投标方案制作等； 2. 负责项目实施、交付管理及售后维护等相关工作； 3. 协同销售进行客户关系维护。 任职要求： 1. 本科及以上学历，机械类、装备制造类、信息管理类相关专业； 2. 较强的沟通理解能力，具备强烈的责任感及团队协作意识，积极主动； 3. 能适应省内出差。 工作地点：北京、浙江、江苏。,6月16日,数码大方（CAXA）是中国领先的工业软件和工业互联网公司。公司是“智能化协同制造技术及应用”国家工程实验室承建单位，也是国家级高新技术企业、中关村高新技术企业、中关村示范区信用五星级企业、北京市高新技术成果转化示范企业、北京市专利示范单位、工信部首批智能制造系统供应商。数码大方始终坚持技术创新，完全自主研发数字化设计（CAD）、产品全生命周期管理（PLM）、数字化制造（MES）软件，是中国最早从事此领域的软件公司，研发团队拥有多年专业经验积累，具有国际领先技术水平，在北京、南京和美国亚特兰大设有三个研发中心，目前已拥有330余项商标、专利、专利申请及著作权。公司是国家智能制造标准化总体组成员单位、大数据标准工作组全权成员单位、中国信息技术标准化技术委员会委员、北京标准化协会单位会员，牵头或参与国家智能制造标准、工业云、工业大数据、增材制造等标准体系的建设。数码大方致力成为世界一流的工业软件和工业互联网公司！http://www.caxa.com/,"https://www.zhaopin.com/jobdetail/CC391669320J40687954005.htm?refcode=4019&srccode=401901&preactionid=a7c1140f-c46c-45e5-b867-ab342d8bdc77"
2716,测试工程师,烟台-莱山区,5000-7000元,天阳科技,"计算机软件,计算机软件",1000-9999人,已上市,CC120408370J40302808908,职位描述   1、本科学历，20年毕业及以上；,7月11日,天阳科技(股票代码：300872)，是全球金融创新服务的重要贡献者，持续赋能中国金融行业数字化转型，为客户提供咨询、金融科技产品、金融IT服务、云计算及运营服务。公司成立于2003年，服务超过300家金融行业客户，覆盖中央银行、政策性银行、国有银行、股份制银行、地方性商业银行、非银行金融机构等，员工人数近7000人，成为激活金融领域创新活力、推动金融科技迈入世界领先水平的重要力量。作为金融行业客户可信赖的合作伙伴，天阳科技凭借丰富的行业经验和端到端的专业服务，在信创、数字化金融、信贷、交易银行、信用卡、零售、营销、风险管理、征信监管等众多领域具备核心竞争力。据赛迪和IDC报告显示，近年来公司在中国银行业IT解决方案市场排名强势崛起，2019年收入及市场占有率综合排名分别位列第四位和第五位，并保持高速增长。同时，前瞻商业和科技趋势，入选2021年度未来银行科技服务商TOP100。天阳科技始终聚焦金融科技领域，加大自主创新力度，在超过100个城市建立本地化、专业化的研发和服务团队，拥有CMMI5级认证、软件测试成熟度模型集成（TMMi）3级认证、ISO9001质量管理体系认证、ISO20000信息技术服务管理体系认证、IS027001信息安全管理体系认证。通过部署人工智能、云计算、大数据、移动互联网、分布式计算和区块链等先进金融科技，公司致力于构建安全可控、普惠民生、开放共赢格局，在关键技术领域服务现代化金融发展大局，更好地为各利益相关方创造更大价值，为大中企业、小微企业以及每个个体提供优质金融服务。,"https://www.zhaopin.com/jobdetail/CC120408370J40302808908.htm?refcode=4019&srccode=401901&preactionid=a7c1140f-c46c-45e5-b867-ab342d8bdc77"
2717,测试工程师,深圳-宝安区,5000-7000元,菲克斯特信息技术服务(深圳)有限公司,专业技术服务,100-299人,,CC554223480J40144685715,主要工作检测电脑外设工作性能，需要熟练使用电脑，有无经验均可，有专人培训，年龄18－25岁，身体健康。职位福利：五险一金、全勤奖、带薪年假、高温补贴、节日福利、定期体检、绩效奖金、员工旅游  ,7月23日,菲克斯特信息技术服务（深圳）有限公司是一家电子产品综合性服务公司。公司顺应未来电子产品服务需求发展趋势，秉承“为客户创造价值，让服务更有品质”的经营理念，致力于提供互联网电子产品售后服务平台支持及厂家售后维修、翻新服务、备件进出口等一站式售后服务业务，为广大电子产品品牌设计打造优质的售后服务平台及售后服务支持体系。以多样化互联网寄修、翻新、仓储、物流等服务业务模式，为客户提供让用户放心的服务。公司通过中国质量认证中心ISO9001:2015的质量管理体系认证，是中国电子商会理事成员及中国电子商会售后服务委员会理事成员。目前在武汉、香港、北京、深圳、上海、成都设立了分公司，海外寄修中心在洽谈筹建中。,"https://www.zhaopin.com/jobdetail/CC554223480J40144685715.htm?refcode=4019&srccode=401901&preactionid=a7c1140f-c46c-45e5-b867-ab342d8bdc77"
2718,技术支持工程师,邯郸-丛台区,8000-16000元,青岛安然物联网科技有限公司,"物联网,物联网",20-99人,未融资,CC559764920J40884194404,岗位职责： 1. 负责石化、化工厂人员定位系统的现场实施、现场交付和技术赋能等工作。 2. 对接客户需求，进行需求调研，制定详细的施工方案和计划。 3. 确保项目按照既定的时间节点和质量要求完成交付。 4. 对已交付的项目进行后期技术支持与维护。 岗位要求： 1. 年龄在25-35岁之间。 2. 能够适应经常出差的工作要求。 3. 熟悉信息化、弱电及工业互联网相关技术。 4. 具备良好的沟通协调能力和问题解决能力。,7月26日,基于精准人员定位的工业安全生产信息化管理专家，安全生产信息化管理引领者！作为全国实时定位技术标准工作组成员和应急管理部“工业互联网+危化安全生产”人员定位系统技术支持机构，安然从2012年起致力于基于ZigBee Plus三维立体按需精准定位的“工业互联网+安全生产”的研究，获得了20多项安全智能管控系统发明专利和著作权，持续引领中国化工行业生产现场智慧安全！安然以“准、稳、狠”的ZigBee Plus三维立体按需精准人员定位统和“底数清、数据准、情况明、研判准、措施实”的安全生产信息化平台为核心，整合访客管理、出入口控制、人脸识别、视频监控、语音广播、重大危险源监控、可燃有毒气体监测等系统，对生产现场人、机、料、法、环五大要素进行实时、动态、智能管控和预警，规范人的安全行为，保障人的生命安全，有效防范风险、主动化解风险，实现智慧安全。安然“以用为本”，把安全生产信息化建设与公司管理体系“深度融合”，把安全生产信息化建设与日常工作“紧密结合”，对安全生产切实“有用、实用、好用”，避免建用“两张皮”，让安全管控更智能，让生产更高效才实用。迄今已服务中石化、中石油、延长石油、国能、兖矿、京能、索普、新安、奇美、昊源、潞安、旭阳、垦利、逸盛、海科、酒钢、金发等几百家石化、化工、选煤、钢铁、电厂企业。安然以客户为中心，以强者为本，抬头乐干，愿意与同道中人联合、链接，携手共建、共用、共享生产安全命运共同体，一起干，一起干，让优秀企业更安全，让优秀企业更高效！,"https://www.zhaopin.com/jobdetail/CC559764920J40884194404.htm?refcode=4019&srccode=401901&preactionid=a7c1140f-c46c-45e5-b867-ab342d8bdc77"
2719,科研人员,郑州-管城回族区,5000-10000元·15薪,河南丰博自动化有限公司,"仪器仪表制造,电气机械/电力设备,金属制品业,房地产开发",100-299人,未融资,CC154961210J40756334701,岗位职责：  1、负责企业研发项目立项评审，中期检查，结项验收组织管理工作。   2、负责企业技术合作项目合同备案，中期跟踪，合同验收管理工作。   3、负责企业科研成果、技术资料归档管理工作。   4、负责企业知识产权，专利、商标、版权、软著等管理工作。   5、负责企业技术创新资质认定，政府资金项目申报管理工作。   6、完成领导交办的其他工作。,7月17日,"丰博自动化涉及动态计量、自动化、粉磨、三大产业，河南丰博自动化有限公司、成都丰博自动化有限公司、河南丰博天瑞水泥有限公司三家相关联的公司。河南丰博自动化有限公司致力于设计、制造全球前沿技术的动态计量产品，以收集控制关键生产过程要素，帮助全球工业企业管理控制过程，并显著提高其效能为目标。为实现这一目标，公司实行6S和OEC管理，并通过ISO9000、低压成套3C认证，研发和生产的动态计量产品在国内处于领先地位，其中部分产品达到国际先进水平。公司产品广泛应用于建材、冶金、化工、电力、煤炭、粮食等行业，同时远销世界各地。为了帮助客户享受全球科技含量最高的动态计量产品，公司与中国计量科学研究院、国家青岛衡器测试中心、西安国家电力研究院、河南工业大学等设计院、天津大学高等院校及科研机构建立深度合作，形成了集团公司、科研院校、专家顾问的一体化研发体系，公司以该体系为基础，积累了雄厚的技术实力。目前，公司作为同行业中河南省第一家省级工程技术研究中心、全国第一家省级重点实验室的动态计量企业，已申请国家专利20多项，多个项目列入国家创新科技项目。公司成立了中国首家动态计量研究院和中国动态计量网，并拥有国内领先的固体颗粒状物料连续计量的实验装置和国际领先的粉体连续计量实验装置。由于在动态计量行业内的卓越表现，公司先后获得“河南省高新技术企业”、“高新技术产品”、“河南省著名商标”、“诚信供应商”“河南省工程中心”、“河南省重点实验室”、“院士工作站”等荣誉称号，成为丰博人不断跨越行业巅峰的光荣见证。15年，不断创造高峰。今天，再次引领未来！公司人才观：采用三高机制：高责任、高负荷、高回报“高素质”又有“三高”,包含“高素质、高技能、高投入”。“高负荷”——同时也包含了“高目标”“高标准”“高效率”。“高回报”，包含了“高效益”“高收入”“高增长”。欢迎期望物质经济回报及个人能力提升的仁人加入丰博团队！地址及乘车路线：郑州经济开发区航海东路第五大街交叉口高科技工业园，乘B17、35、129、727路公交车到航海路第五大街站下车，地铁5号线到福塔东站下车，沿航海路东行即到。本页面信息属于zhaopin.com所有，未经智联招聘网同意不得转载。","https://www.zhaopin.com/jobdetail/CC154961210J40756334701.htm?refcode=4019&srccode=401901&preactionid=a7c1140f-c46c-45e5-b867-ab342d8bdc77"
2720,测试工程师,石家庄-桥西区,1-1.2万·13薪,青岛瑞晟元人力资源有限公司,人力资源服务,20人以下,不需要融资,CCL1431271280J40778343907,岗位职责： 1. 负责软件的功能测试。 2. 执行测试用例，报告缺陷并跟踪缺陷的修复。 3. 与开发团队协作，确保软件质量满足需求。 4. 参与软件测试流程的优化和改进。 岗位要求： 1. 熟悉软件测试理论、方法和流程。 2. 具备功能测试经验。 3. 了解运维工程师、网络工程师的工作内容，能进行基本的IT质量管理。 4. 有信息技术、标准化、电子或电路工程相关背景者优先。 薪资待遇：包住、六险一金、工龄工资、生日礼金、定期体检、带薪年假、绩效奖、项目奖、年终奖.,2025年07月30日,,"https://www.zhaopin.com/jobdetail/CCL1431271280J40778343907.htm?refcode=4019&srccode=401901&preactionid=a7c1140f-c46c-45e5-b867-ab342d8bdc77"
2721,测试工程师,杭州-西湖区,9000-12000元,润芯微科技(江苏)有限公司,计算机软件,1000-9999人,A轮,CCL1278001380J40755841001,1、设计图像测试方案及评测标准，负责影像算法的效果、功能测试与评估； 2、分析测试数据，撰写图像测试报告，并提出优化建议；,7月16日,公司概况润芯微科技（江苏）有限公司（以下简称“润芯微科技”）成立于2020年7月31日，总部位于苏州市相城区智高商务广场B座，在南京、上海、北京、深圳、珠海、成都、武汉、长春、杭州均设有研发中心。公司设有四个业务部门，分别为基础软件事业部、汽车电子事业部、影像事业部、芯片解决方案事业部，涵盖了公司的四项核心业务。目前，润芯微科技已有员工2000多人，工程师占比93%。专注于智能汽车、影像视觉、操作系统、芯片业务等领域，润芯微科技倾心打造了一支具备全栈式交付能力的技术团队，实现了芯片层、驱动层、系统层、应用层至云端的全面覆盖，能够提供技术研发及解决方案服务，涵盖物联网端到端软件平台开发、终端操作系统框架开发、软件AI算法模块产品开发、芯片设计、软硬件结合的自研核心解决方案等。企业文化愿景：成为一家受人尊重的科技型公司使命：持续为客户创造价值，提供专业的交付和服务价值观：真诚专业创新共赢,"https://www.zhaopin.com/jobdetail/CCL1278001380J40755841001.htm?refcode=4019&srccode=401901&preactionid=a7c1140f-c46c-45e5-b867-ab342d8bdc77"
2722,科研人员,天津-武清区,2-4万,新疆特变电工集团有限公司,"电气机械/电力设备,仪器仪表制造,房地产开发,电力/水利/热力/燃气",1000-9999人,已上市,CC413650620J40707551202,工作职责： 1.技术研发管理工作，负责研究制造业各产品线的前沿技术信息，全面掌握技术发展动态；负责组织落实集团公司技术研发平台搭建与优化工作，结合制造业组织结构模式改革调整战略落地；负责组织落实制造业各单位年度技术研发项目的实施工作。   2.科技创新工作，组织开展集团公司科技创新、新产品研发项目立项、实施，及验收评审、评价工作；组织安排开展校企项目合作、科技成果转化、科技政策申报等工作。,7月10日,新疆特变电工集团有限公司是世界输变电制造行业骨干企业——特变电工股份有限公司（SH600089）的第一大股东，是特变电工发展的战略规划、投融资、产业链建设及产业安全的保障平台。围绕“一高两新”国家三大战略性新兴产业，通过产业结构调整，公司现已形成输变电、新能源、新材料、能源、科技地产、高端装备制造、电气开关、国际成套工程总承包、物流等协同发展的产业格局，为经济社会提供绿色科技、智能环保、可靠高效的产品和服务。,"https://www.zhaopin.com/jobdetail/CC413650620J40707551202.htm?refcode=4019&srccode=401901&preactionid=a7c1140f-c46c-45e5-b867-ab342d8bdc77"
2723,实施工程师,济南-历下区,6000-8000元,山东信函数据科技有限公司,互联网,100-299人,,CCL1477383020J40739323907,我们正在寻找一位专业的实施工程师，负责软件系统的现场实施、配置和客户培训。 工作内容： 1. 负责软件系统的现场实施和配置； 2. 提供客户培训和技术支持； 3. 收集和反馈客户需求和问题； 4. 参与软件系统的测试和优化。 岗位要求： 1. 计算机、电子工程或相关专业本科及以上学历； 2. 熟悉Linux操作系统和数据库配置； 3. 良好的沟通能力和客户服务意识； 4. 具备较强的问题解决能力，能适应出差。,4月11日,,"https://www.zhaopin.com/jobdetail/CCL1477383020J40739323907.htm?refcode=4019&srccode=401901&preactionid=a7c1140f-c46c-45e5-b867-ab342d8bdc77"
2724,测试工程师,上海-嘉定区,1-1.4万·14薪,法雷奥照明湖北技术中心有限公司,"汽车研发/制造,汽车零部件",10000人以上,不需要融资,CC201447320J40763325807,职位需求： - 解读客户测试要求，编制产品相关测试计划，编写设备测试程序，定义实验设备工装夹具，给予项目或研发相关测试建议 - 熟练使用各类测试仪器，如耐久、高温等；按照测试计划，完成日常测试、项目测试以及年度测试，准确填写原始记录，确保项目测试按时完成 - 协助相关部门对产品相关问题的分析，如售后件等，以及委外实验相关工作等 - 实验室仪器设备操作和维护任职需求：  -统招大专或以上学历，理工类如机械，材料，车辆等专业  - 英语书面读写熟练，口语能简单沟通  - 3年及以上汽车零配件测试验证相关工作经验，有塑料件、电子件等相关经验优先  - 有较强的学习能力、工作敬业，具备良好的沟通能力和协调能力,6月13日,Valeo法国法雷奥集团是一家独立的工业集团，专注于汽车行业的汽车零部件、集成系统和模块的设计、生产和销售，致力于减少二氧化碳排放。作为世界顶尖汽车零部件供应商，法雷奥集团在全球31个国家内共拥有184个工厂、64个研究开发中心，103300名员工。2021，法雷奥全球销售额达173亿欧元，55%订单来自于创新产品。法雷奥集团照明系统中国分部法雷奥集团照明系统中国分部（湖北法雷奥车灯有限公司）是法雷奥的100%独资企业，公司成立于1995年，坐落于武汉经济技术开发区，主要生产汽车灯具，与国内众多整车厂家如神龙公司，一汽大众，天津丰田，东风日产，上海大众，南京福特，北京奔驰，吉利，郑州日产等保持着良好的合作关系。法雷奥照明系统中国技术中心——法雷奥于2003年底在中国武汉独资设立了一个引领全球车灯潮流，凝聚最新尖端科技的研发设计中心（法雷奥照明湖北技术中心有限公司），中心的研发成果应用于世界各大知名汽车品牌。法雷奥舒适及驾驶辅助系统（Comfort& Driving Assistance，简称CDA）武汉技术中心——专业研究与开发超声波倒车雷达系统、自动泊车系统、雨量光线温湿度传感器系统，毫米波雷达系统、全景摄像头系统、车辆互联系统、智能无钥匙进入和启动系统、控制面板、汽车开关系统、扭矩传感器以及自动转向开关系统等相关产品和零部件。全球技术研发中心（武汉）（（Group Technical Center，简称GTC）成立于2017年3月，是以汽车电子设计为主，为全球法雷奥提供核心技术解决方案与项目支持的高端电子研发中心，总部设于深圳。,"https://www.zhaopin.com/jobdetail/CC201447320J40763325807.htm?refcode=4019&srccode=401901&preactionid=a7c1140f-c46c-45e5-b867-ab342d8bdc77"
2725,Java,广州-花都区,130-150元/天,广州家颐乐国际商贸有限公司,互联网,20人以下,,CC329248680J40565408216,岗位职责：,2月8日,广州家颐乐国际商贸有限公司成立于2015年7月21日。定位于进口商品全程供应链服务公司。主要经营进口母婴、洗护用品、进口食品、保健品等，意在将全球优质健康产品带给国内消费者。同时物流方面与多家实力强劲的快递公司、物流清关、航空运输企业合作，为合作伙伴提供全程物流供应链解决方案。,"https://www.zhaopin.com/jobdetail/CC329248680J40565408216.htm?refcode=4019&srccode=401901&preactionid=a7c1140f-c46c-45e5-b867-ab342d8bdc77"
2726,硬件测试,西安-雁塔区,面议,中软国际,"计算机软件,运营商/增值服务",10000人以上,已上市,CC508620120J40788908012,岗位职责: 岗位职责: 1. 设计并实施产品测试计划，确保产品符合行业标准和客户需求； 2. 参与测试策略的讨论，提出改进意见，并确保测试活动符合项目目标； 3. 负责测试报告的编制和分析，及时发现问题并提出改进措施； 4. 与开发团队紧密合作，确保产品质量和性能。 方向一： 1、有设备电源测试经验的 2、示波器、万用表等熟练使用； 方向二： 1、懂串口测试 2、懂TCP/IP等协议 3、示波器、万用表等熟练使用 方向三： 1、有电源测试经验 2、会FPGA 3、示波器、万用表等熟练使用； 必备技能: 硬件测试,6月30日,中软国际是行业领先的全球化软件与信息技术服务企业，成立于2000年，为香港主板上市公司（股票代码：00354.HK），拥有中国分支40+、海外分支14个，拥有员工超过9万人，服务覆盖超过40个国家。中软国际应用开发与管理专业沉淀深厚，企业数字化转型的最佳实践和专家人才充沛。公司与华为等战略伙伴一起，构建软件产业互联网平台，领先技术变革，提升产业效率，致力于使能软件企业引领发展，服务制造企业转型升级，为政企客户提供“好、快、多、省”的信息技术服务。中软国际四大业务蓬勃发展：夯实基石业务作为第一增长曲线的地位，确定云智能业务为第二增长曲线，发展鸿蒙生态、解放号为第三增长曲线，推动解放号作为软件产业互联网平台全面升级。公司在云计算、大数据、人工智能、物联网、移动互联网等方面具有丰富的咨询、设计、实施和服务经验，是全球客户数字化转型的共创伙伴。公司长期服务于多家全球500强企业等头部客户和众多高成长潜力客户，覆盖金融、电信、互联网、高科技、政府、制造与流通、交通、能源、教育等行业。公司已连续四年创造超百亿人民币营收，并立志在未来成为全球最优秀IT服务商之一。,"https://www.zhaopin.com/jobdetail/CC508620120J40788908012.htm?refcode=4019&srccode=401901&preactionid=a7c1140f-c46c-45e5-b867-ab342d8bdc77"
2727,技术支持工程师,北京-大兴区,8000-15000元,北京赛科希德科技股份有限公司,"医疗设备/器械,医药制造,医疗设备/器械",100-299人,已上市,CC120487030J40742223707,岗位内容： 英语需要作为工作语言。     1. 提供技术支持和解决客户的问题，包括电话、电子邮件、聊天和远程协助等方式。   2. 将记录问题和解决方案文档化，并向其他团队成员传达信息以提高整体水平。   3. 处理复杂和技术性问题，协调相关部门跟进并做好回访工作。   4. 不断学习与更新产品及技术知识，积极参与培训及交流会议。      任职要求：,4月10日,北京赛科希德科技股份有限公司成立于2003年，自成立以来一直致力于血栓与止血体外诊断领域的检测仪器及试剂的研发、生产和销售，为医疗机构提供凝血、血液流变、血沉压积、血小板聚集等自动化检测仪器及配套的试剂和耗材，是血栓与止血体外诊断领域较为领先的国内生产商。公司血栓与止血体外诊断产品主要应用于脑卒中、冠心病、静脉血栓栓塞症等血栓性疾病和出血性疾病的预防、筛查、诊断和监测。赛科希德为员工提供个人发展的良好平台：富有竞争力的薪酬丰富的员工福利按国家规定缴费社会保险及住房公积金带薪年假及法定假期有食堂和宿舍公司名称：北京赛科希德科技股份有限公司联系电话：010-89281810公司网址：www.succeeder.com.cn,"https://www.zhaopin.com/jobdetail/CC120487030J40742223707.htm?refcode=4019&srccode=401901&preactionid=a7c1140f-c46c-45e5-b867-ab342d8bdc77"
2728,科研人员,无锡-锡山区,1-1.5万,江苏北方湖光光电有限公司,"仪器仪表制造,仪器仪表制造",500-999人,未融资,CC327355210J40023921111,专业及研究方向：红外成像、目标识别、AI智能、软件工程、图像处理、嵌入式系统、FPGA开发应用职位福利：五险一金、绩效奖金、交通补助、通讯补助、补充医疗保险、定期体检、带薪年假  ,5月28日,江苏北方湖光光电有限公司为国有独资企业，隶属中国兵器北方光电集团。公司地处风光秀丽的太湖之滨江苏省无锡市市区。占地面积25万平方米，总资产12亿元。为国家重点保军企业。公司主要研究开发和生产光电仪器和设备，设有国家级微光夜视技术研发平台、自动控制实验室、图像处理实验室、野外夜视视距仿真实验室等专业研究实验室；建有精密加工中心、光学加工中心、真空镀膜中心、计量检测中心、环境试验中心。目前，公司正致力于研制开发集红外、微光、激光、火控、周视稳像、图象融会等技术于一体的系统集成产品。,"https://www.zhaopin.com/jobdetail/CC327355210J40023921111.htm?refcode=4019&srccode=401901&preactionid=a7c1140f-c46c-45e5-b867-ab342d8bdc77"
2729,技术支持工程师,大连-西岗区,8000-10000元,杭州海康威视数字技术股份有限公司,"人工智能,工业自动化,人工智能,物联网",10000人以上,已上市,CC120975580J40863470615,职位描述： 岗位职责： 1. 负责机器视觉产品的技术支撑； 2. 负责客户需求沟通，技术培训与推广； 3. 负责疑难和重要客户问题的现场支持工作； 4. 完成相关产品的文档编写和维护，经验总结与技术分享。   任职资格： 职位要求： 1. 本科及以上学历，工业自动化、电气及通信工程等相关专业； 2. 具有机器视觉、工业自动化相关行业经验2年以上，要求具备相机、镜头、光源等使用经验； 3. 使用过海康机器人、基恩士、得利捷、康耐视任意品牌的工业相机优先； 4. 能适应短期出差一个月一到两次，适应工厂办公环境，能进行独立驻厂调试工作； 5. 良好的语言表达和沟通能力，保持良好的服务意识； 6. 有强烈的成就动机和责任心，逻辑思维能力强，善于团队协作。,7月18日,【公司介绍】海康威视成立于2001年，是一家专注技术创新的科技公司，致力于将物联感知、人工智能、大数据技术服务于千行百业，引领智能物联新未来：以全面的感知技术，帮助人、物更好地链接，构筑智能世界的基础；以丰富的智能产品，洞察和满足多样化需求，让智能触手可及；以创新的智能物联应用，建设便捷、高效、安心的智能世界，助力人人享有美好未来。【公司实力】全球业务覆盖150+国家/地区，11大全球研发中心，7大全球制造基地；58000+全球员工，其中研发人员和技术服务人员超27951人，研发投入占全年营业收入11.80%，绝对数额占据业内前茅（2022年年报）；视频感知—国家新一代人工智能开放创新平台（中华人民共和国科学技术部颁布）；连续6年蝉联“全球安防50强”第1位（a&s《安全自动化》）；连续6年蝉联“中国最佳雇主”全国30强（智联招聘）。【薪酬福利】基础福利：五险一金、补充商业保险、年度健康体检；假期福利：带薪年假、全薪病假、婚假、产育假、母婴照顾假、育儿假等；多重补贴：餐饮补贴、交通补贴、通讯补贴、团队建设津贴；乐活配置：免息住房借款、特色员工餐厅、免费停车场、免费健身房、理疗室、定期义诊等园区服务等（园区服务部分区域可享，详请咨询当地HR）；人才激励：年终奖、核心员工跟投创新业务计划股权激励、金砖奖；*公司为常驻海内外的员工，提供健全的物质和人身保障、人性化的探亲福利。,"https://www.zhaopin.com/jobdetail/CC120975580J40863470615.htm?refcode=4019&srccode=401901&preactionid=a7c1140f-c46c-45e5-b867-ab342d8bdc77"
2730,C/C++,济南-历下区,1.5-3万·14薪,浪潮集团,"IT服务,计算机软件,计算机硬件",10000人以上,,CC120143600J40716093415,职位描述：  1、设计并实现高性能编译器，涵盖前端、优化器、以及后端(指令选择、调度、目标代码生成)。   2、研究指令集体系，为处理器提供编译器支持，包括对处理器指令集进行快速适配和优化。   3、参与指令集的设计讨论，为硬件团队提供编译器视角的反馈，协助定义和实现新指令及特性。   4、分析并优化编译器产生的代码，确保其在各类工作负载下的高效执行。   5、开发并应用性能分析工具，识别并解决编译器生成代码的瓶颈，提供有效的优化策略和解决方案。   6、与硬件、驱动、运行时等团队紧密合作，定位并修复出现的性能问题和编译错误。   7、规划编译器的演进，与开源社区及第三方工具链(llvm、gcc)保持同步，评估并整合前沿编译技术，提升编译工具链的竞争力。,5月13日,浪潮集团是中国领先的云计算、大数据服务商，拥有三家上市公司。主要业务涉及计算装备、软件、云计算服务、新一代通信、大数据及若干应用场景。作为中国最早的IT品牌之一，浪潮致力于成为世界一流的新一代信息技术龙头企业经济社会数字化转型的优秀服务商，新型基础设施建设的骨干企业。,"https://www.zhaopin.com/jobdetail/CC120143600J40716093415.htm?refcode=4019&srccode=401901&preactionid=a7c1140f-c46c-45e5-b867-ab342d8bdc77"
2731,科研人员,陇南-徽县,8000-16000元,金徽矿业股份有限公司,"矿产/采掘,矿产/采掘",500-999人,已上市,CCL1374300190J40776903812,岗位内容： 1. 进行前沿科研项目的调研、规划和实施，并对项目进行深入分析、总结和评估。 2. 编制科研项目相关的研究报告、技术文献、学术论文等，参加学术交流和讲座。 3. 持续掌握行业动态和科技创新情况，推动实验室的技术研发和转化应用。 任职要求： 1. 具有矿物加工相关学科的硕士或以上学历，了解行业发展趋势和研究方向。 2. 具备较强的逻辑思维和科学素养，熟练使用科研工具和技能，包括文献检索、数据分析等。,7月15日,金徽矿业股份有限公司（股票简称：金徽股份股票代码：603132）是一家集铅、锌、银等矿产资源勘查、开采、加工、销售为一体的矿山企业。于2022年2月22日正式登陆上海证券交易所主板。金徽股份认真贯彻创新、协调、绿色、开发、共享的发展理念，深入践行“绿水青山就是金山银山”的理论，择优选择兰州有色冶金设计研究院，组建开发设计团队，历时一年到国内外具有代表性的20多家知名矿山企业及有关设备制造厂家考察学习。在借鉴先进经验的基础上，确立了“中国领先、世界一流的生态型、环保型、安全型、数字化”绿色矿山的目标，把绿色发展理念贯穿到矿山设计、建设的全过程，于2018年4月建成投产。 2018年至2020年，金徽股份分别实现营收6.24亿元，7.99亿元，11.22亿元，分别实现净利润2966万元，1.61亿元，3.62亿元。金徽股份绿色矿山建设成果得到了社会各界的广泛关注和高度认可，先后被评为“全国首批绿色工厂”“国家级绿色矿山”“国家高新技术企业”；被授予“全国模范职工之家”“全国专精特新‘小巨人’企业、“中国产学研合作创新示范企业”；探矿成果先后荣获全国“十大地质找矿成果”奖，第七届中国有色金属地质找矿成果一等奖，被自然资源部列为“找矿突破战略行动优秀成果”。被自然资源部树立为全国绿色矿山典范；被中国矿业报誉为“中国绿色第一矿”。金徽股份历来注重企业研发平台建设和发展，目前与中国地质大学、昆明理工大学、长安大学、兰州大学等知名院校携手建立了地矿人才联合培养基地、实习实训基地、产学研基地等5个研发基地，建成省级协同创新基地，设立深井开采实验室、充填工程实验室、选冶实验室，为科技研发创造了良好平台。金徽股份重视人才培养工作，本着两个改变的理念（即：改变传统矿山的开发模式；转变社会对矿山企业的固有看法），汲取众多优秀矿山的长处，面向全国聘请录用了国家级设计大师、教授、研究员和高级工程师，从专业院校引进一批本科生、硕士生、博士生，充实技术团队。坚持让“专业的人干专业的事”，大力弘扬工匠精神，鼓励员工大胆创新，促进企业发展与员工成长同频共振、共同成长。金徽股份是绿色生态理念的践行者、新时代绿色矿山的创建者、绿色矿山建设的推动者和绿色发展的受益者。今后，金徽股份将会始终坚持“不安全不生产、不环保不生产”的原则，诚信为本，依法经营，借助资本市场的东风，提高矿体控制程度，扩大矿区资源储量，推动智慧矿山建设，引领矿业高质量发展。同时，凭借多年积累的技术经验和管理优势，继续勘查现有矿山以及外围地区的矿产资源，进一步夯实发展后劲，积极实现智能化矿山转型升级，并要立足甘肃、面向全国、走向一带一路。,"https://www.zhaopin.com/jobdetail/CCL1374300190J40776903812.htm?refcode=4019&srccode=401901&preactionid=a7c1140f-c46c-45e5-b867-ab342d8bdc77"
2732,技术支持工程师,唐山-路北区,6000-8000元·14薪,唐山松下产业机器有限公司,电气机械/电力设备,500-999人,,CC120963930J40809676303,岗位职责:,7月16日,"唐山松下产业机器有限公司（简称PWST）成立于1994年8月，是由日本松下集团和唐山开元电器有限公司共同投资兴建的中日合资企业。日本松下的投资比例为60%，唐山开元电器有限公司的投资比例为40%。公司采用日本松下先进的管理和技术，使用世界一流的制造、调试及检测设备，生产商标为""Panasonic""的各种CO2/MAG/MIG气体保护焊机、交／直流氩弧焊机、交直流弧焊机、等离子切割机、电阻焊机、焊接机器人及相关产品，其中产品的10%出口。唐山松下在全国各主要大中城市都设有代理店和销售店，拥有完善的产品销售、部品供应和售后服务网络。1996年以来，唐山松下的销售额一直位居中国电焊机行业首位，并被日本松下公司评价为“松下在华的最佳合资企业”。唐山松下在电焊机行业的位置是中国第一，亚洲第三、世界前十。作为目前国内最大的焊接设备制造企业，唐山松下以领先的科技和优良的产品品质赢得了用户的广泛赞誉，Panasonic电焊机成为行业界最受欢迎的品牌。","https://www.zhaopin.com/jobdetail/CC120963930J40809676303.htm?refcode=4019&srccode=401901&preactionid=a7c1140f-c46c-45e5-b867-ab342d8bdc77"
2733,软件测试,苏州-姑苏区,1-1.2万·13薪,青岛瑞晟元人力资源有限公司,人力资源服务,20人以下,不需要融资,CCL1431271280J40777134307,,2025年07月28日,,"https://www.zhaopin.com/jobdetail/CCL1431271280J40777134307.htm?refcode=4019&srccode=401901&preactionid=a7c1140f-c46c-45e5-b867-ab342d8bdc77"
2734,技术支持工程师,上海-长宁区,150-160元/天,鑫车投资(上海)有限公司,汽车金融,1000-9999人,已上市,CC441584130J40702574016,"岗位职责: Job Description： 1. 协助产品与研发团队之间的沟通，确保产品开发进度如期进行； 2. 跟踪并协助解决产品及需求开发问题，确保按时上线； 3. 协助支持与海外项目的日常技术会议，记录会议内容并及时反馈给研发团队； 4. 参与团队与海外合作方之间的技术沟通，协助解决技术对接中的问题； Requirements: 1. 本科及以上学历，2025年毕业生优先； 2. 软件工程、信息技术、计算机科学等相关专业； 3. 熟悉至少一种编程语言、如Java,Python或JavaScript； 4. 了解API的原理和开发，有使用Postman等工具进行API测试的经验优先； 5. 熟悉计算机网络基础，了解HTTP/HTTPS协议，熟悉SQL语言； 6. 英语能够作为工作语言；",4月17日,易鑫（02858.HK）是一家 AI驱动的金融科技平台，成立于 2014年 8月，2017年 11月在香港联交所上市。公司以科技驱动业务创新，致力于为消费者提供普惠、便捷的汽车融资及增值服务，并通过 AI驱动、科技赋能，为汽车金融产业链合作伙伴提供完整高效的金融科技解决方案。,"https://www.zhaopin.com/jobdetail/CC441584130J40702574016.htm?refcode=4019&srccode=401901&preactionid=a7c1140f-c46c-45e5-b867-ab342d8bdc77"
2735,科研人员,北京-海淀区,7000-12000元,北京农林科学院,"学术/科研,医药制造",100-299人,,CC241201420J40571146601,北京市农林科学院蔬菜研究所，黄瓜遗传育种课题组，招聘科研助理。岗位要求：1，具备植物功能基因挖掘与应用、分子生物、植物胚胎发育、生信等方面研究背景；2，第一作者发表分子生物学高水平论文。提供免费住宿。,7月18日,北京市农林科学院蔬菜研究中心始建于1958年，1995年被科技部正式认定为“国家蔬菜工程技术研究中心”。“中心”在编职工143人，其中从事科研人员99人，研究员24人，副研究员46人，助理研究员29人；博士29人，博士后10人，硕士40人。“中心”设有9个专业研究室、5个综合实验室、7个试验示范农场，拥有4个部级重点实验室（或研发中心）或检验检测中心和2个成果转化实体公司。历经近六十年的建设，“中心”已发展成为一所人才力量雄厚、学科专业齐全、设施装备先进、良种产业领先，综合实力居国内一流水平的蔬菜专业研究机构。“中心”立足北京，服务全国，面向世界，以科技支撑我国蔬菜产业可持续发展为己任，研究探索产业发展中的重大问题与需求。“十二五”期间，“中心”承担国家级和省级科研项目近百项，通过实施自主创新，提升核心研发能力；通过集成创新，提高科技支撑产业发展的能力。在蔬菜种质资源搜集利用与创新、蔬菜新品种选育与良种产业化开发、都市型设施园艺栽培、蔬菜采后处理加工与产品质量检测等领域形成了优势和特色，取得了一系列科研成果。主持获得省部级以上科技奖励8项、参加4项，获得植物新品种保护权3个，通过省级以上的蔬菜品种审定/认定/鉴定93个，获得授权专利109项，发表研究论文588篇，其中SCI论文86篇，最高影响因子35.5。“中心”围绕蔬菜资源创新与新品种创制，共收集和保存国内外地方品种及“名特优新”品种资源3.5万余份，建立了“北京农作物种质资源库共享信息服务平台”；开展了一系列的优异基因资源的发掘研究，完成首张西瓜基因组序列图谱与破译，参与白菜、甘蓝、番茄等作物基因组重测序研究；克隆了一批控制重要性状的功能基因，阐明蔬菜抗病、抗逆和品质形成的分子机理；构建了国内首个蔬菜高通量分子育种公益服务平台，率先实现高通量分子标记辅助育种技术规模化应用；运用现代细胞和分子育种技术，结合常规育种手段开展了种质资源创新、大规模组配和筛选，育成了具有自主知识产权的蔬菜新品种200多个，主要蔬菜品种连续4年入选农业部推介主导品种。“京秋3号”是我国北菜南运量最大的大白菜品种之一，是我国唯一上千万亩蔬菜品种，被农业部确定为唯一的大白菜主导品种，“优质多抗耐贮运秋播大白菜品种京秋3号的选育和推广”荣获2012年度北京市科技进步二等奖。“京欣2号”为我国保护地西瓜主产区的第一大品种，是第一个获得品种权保护的西瓜品种，被农业部确定为唯一的西瓜主导品种，“西瓜优异抗病种质创制与京欣系列新品种选育及推广”荣获2014年度国家科技进步二等奖和2013年度北京市科技进步一等奖。适合越冬温室种植的西葫芦新品种“京葫36号”打破了国外公司同类型品种的长期垄断，“京葫系列西葫芦品种的推广应用”荣获2011-2013年北京市农业技术推广一等奖。“农业部蔬菜种子质量监督检验测试中心”连续三次以优异的成绩通过ISTA实验室能力验证比对考核，获得ISTA国际实验室认证认可，成为国内首家可出具种子质量出口国互认对等证书的种子质量检验机构，为我国种业的发展和高质量种子走出国门提供技术保障。“中心”围绕都市型现代农业发展，在温室优化设计、工厂化育苗、蔬菜生理和技术、节水节能、观赏园艺和景观设计等方面开展了较为广泛的研究，自主研发一系列的安全高效蔬菜生产技术系统，包括无基质营养液育苗系统、液流弓背式果菜管道栽培系统、封闭式循环槽培生态栽培系统、安心韭菜栽培系统和全光型连栋温室设计五个组成部分，每部分都自成体系，很好地解决了当前设施蔬菜生产中遇到的部分瓶颈问题，实现了蔬菜生产的节水节肥、高产高效和安心安全，为北京都市型现代农业发展提供了技术支撑。“中心”在蔬菜采后加工与流通领域保持了国内领先地位。成功研发了果蔬移动式冷水预冷机组和便携式果品近红外分析仪等装备；构建了蔬菜直销配送流通模式、远距离运输产地预冷、在途保温和供应链精准管理技术体系；系统开展了蔬菜营养品质评价、生物活性成分鉴定、营养膳食产品设计和功能食品的开发研究，成功推出“牵手”果蔬汁、“天之素”番茄红素胶囊和花色苷饮品等保健产品，建立了一套从原料处理到终端产品开发的完整技术方案，为蔬菜活性物质开发提供了可借鉴的模式。“中心”建立了从特菜品种引进、蔬菜安全生产、鲜切菜加工、产地预冷和流通冷链配套的蔬菜安全生产与供应保障的技术体系，为首都北京蔬菜安全高效供应以及上海世博会和广州亚运会的成功举办提供了后勤保障和技术支撑；“中心”在解决国家急重险难任务中发挥了重要的科技支撑作用。勇于承担解决西沙南沙海岛及舰艇部队吃菜难任务，突破了在极端恶劣环境下蔬菜安全生产与保鲜技术难关，岛礁鲜菜自给率提高到70%，受到了海军官兵以及党和国家领导的高度赞誉与肯定；先后实施了京-新疆、京-蒙、京-藏、京-青等地科技帮扶与援助，有效带动了贫困边远地区的农业结构调整与农民增收。“中心”不断提高科技成果转化与产业化水平，完成了蔬菜种业企业的“事企脱钩”股份制改制工作。以“颗颗京研种，粒粒益农情”的管理理念在全国建立了蔬菜新品种的示范推广网络。通过搭建蔬菜良种展示推介平台和蔬菜良种信息网络平台，推进蔬菜新品种的快速、高效转化。在全国示范推广了蔬菜良种300余个，年推广蔬菜良种100余万斤，面积逾千万亩，覆盖全国1500多个市县，优质良种还先后出口到美国、日本、俄罗斯等近20个国家，“中心”良种产业化规模连续四年突破亿元，在全国蔬菜科研院所的科技型企业中连续多年排名第一，成为阻击跨国种业公司冲击的主要力量。,"https://www.zhaopin.com/jobdetail/CC241201420J40571146601.htm?refcode=4019&srccode=401901&preactionid=a7c1140f-c46c-45e5-b867-ab342d8bdc77"
2736,软件测试,昆明-呈贡区,6000-7000元,天阳科技,"计算机软件,计算机软件",1000-9999人,已上市,CC120408370J40439742508,1.全国项目驻场测试，主要负责功能、数据或接口等相关测试工作； 2.统招本科学历及以上（学信网可查）；毕业满2年；计算机专业优先； 3.热爱软件测试行业、有强力的自驱力，能够在测试岗位深入学习研究； 4.有无经验均可，服从公司安排，接受公司培养，可接受异地工作优先； 福利待遇： 上市公司、公司可提供住宿、定期体检、带薪年假； 欢迎符合要求的小伙伴们投递~ ,7月26日,天阳科技(股票代码：300872)，是全球金融创新服务的重要贡献者，持续赋能中国金融行业数字化转型，为客户提供咨询、金融科技产品、金融IT服务、云计算及运营服务。公司成立于2003年，服务超过300家金融行业客户，覆盖中央银行、政策性银行、国有银行、股份制银行、地方性商业银行、非银行金融机构等，员工人数近7000人，成为激活金融领域创新活力、推动金融科技迈入世界领先水平的重要力量。作为金融行业客户可信赖的合作伙伴，天阳科技凭借丰富的行业经验和端到端的专业服务，在信创、数字化金融、信贷、交易银行、信用卡、零售、营销、风险管理、征信监管等众多领域具备核心竞争力。据赛迪和IDC报告显示，近年来公司在中国银行业IT解决方案市场排名强势崛起，2019年收入及市场占有率综合排名分别位列第四位和第五位，并保持高速增长。同时，前瞻商业和科技趋势，入选2021年度未来银行科技服务商TOP100。天阳科技始终聚焦金融科技领域，加大自主创新力度，在超过100个城市建立本地化、专业化的研发和服务团队，拥有CMMI5级认证、软件测试成熟度模型集成（TMMi）3级认证、ISO9001质量管理体系认证、ISO20000信息技术服务管理体系认证、IS027001信息安全管理体系认证。通过部署人工智能、云计算、大数据、移动互联网、分布式计算和区块链等先进金融科技，公司致力于构建安全可控、普惠民生、开放共赢格局，在关键技术领域服务现代化金融发展大局，更好地为各利益相关方创造更大价值，为大中企业、小微企业以及每个个体提供优质金融服务。,"https://www.zhaopin.com/jobdetail/CC120408370J40439742508.htm?refcode=4019&srccode=401901&preactionid=a7c1140f-c46c-45e5-b867-ab342d8bdc77"
2737,C/C++,深圳-南山区,1.2-2.4万,深圳市华汉伟业科技有限公司,"工业自动化,仪器仪表制造,工业自动化",300-499人,未融资,CC280373830J40266683505,岗位职责：,7月17日,深圳市华汉伟业成立2015年，专注机器视觉算法、智能检测平台、视觉部件和方案的研发、销售和服务。主要产品： lMVDevelop机器视觉算法平台；智能引导式2D视觉系统（InnoVision）；行业领先的3D视觉系统（HyperShape3D）；应对复杂检测的工业AI视觉缺陷检测平台（AIDI Suite）；视觉&运动&机器人通用控制平台（InnoRobot）。团队构成：公司员工＞150人，技术人员占比＞60%，本科以上学历占比70%以上；创始团队来自来自世界500强、重点高校和深圳领军人才。荣誉资质：国家高新技术企业、广东省专精特新企业、广东省知识产权优势企业、国家级专精特新企业、国家级重点“小巨人”企业、中国专利奖。,"https://www.zhaopin.com/jobdetail/CC280373830J40266683505.htm?refcode=4019&srccode=401901&preactionid=a7c1140f-c46c-45e5-b867-ab342d8bdc77"
2738,测试工程师,天津-滨海新区,5000-6000元,海格欧义艾姆（天津）电子有限公司,"电子/半导体/集成电路,电子设备制造,汽车零部件,仪器仪表制造",500-999人,未融资,CC134234310J40708293710,岗位职责： 1、对于后工程设备的正常维护、调试包括故障维修工作；主要设备包括：ICT/AOI/FCT/分板机/点胶机等；  2、ICT/AOI测试程序调试，确保测试覆盖率与效率；  3、分析测试数据，定位电路板（PCBA）的焊接、元器件或设计缺陷，协同研发团队推动问题解决。,2月7日,海格欧义艾姆（天津）电子有限公司（以下简称海格）是一家国有控股公司，成立于2000年4月，位于中国天津港保税区，注册资金5024万元人民币，拥有员工650人。下设一家子公司-天津海富科技有限公司和一家分支机构-海格欧义艾姆（天津）电子有限公司德州分公司。公司主要从事射频模块、新能源汽车域控制器、智能座舱等汽车电子产品的测试与装配。目前产品领域覆盖了射频模块集成电路、各行业摄像头以及包括智能座舱、ABS、发动机点火线圈、T-BOX、各区域控制器ECU等在内的广大电子产品领域。,"https://www.zhaopin.com/jobdetail/CC134234310J40708293710.htm?refcode=4019&srccode=401901&preactionid=a7c1140f-c46c-45e5-b867-ab342d8bdc77"
2739,实施工程师,杭州-拱墅区,4000-8000元,安图生物,"医药制造,医疗设备/器械",1000-9999人,已上市,CC224773320J40304714405,岗位职责: 1、负责公司试剂&仪器产品的技术支持服务工作； 2、负责相关产品设备（如：免疫、微生物、生化、分子、流水线）的安装、调试、培训等服务工作； 3、进行检验科室实验操作及产品推广工作； 4、上级交办的其他工作。   任职要求: 1、本科及以上学历； 2、医学检验、生物医学工程、医疗器械工程、生物技术等相关专业； 3、普通话标准，沟通能力强，适应常驻浙江区域及出差工作； 4、有相关工作或实习经验者优先考虑。 职位福利：周末双休、五险一金、带薪年假、定期体检、节日福利、绩效奖金、免费班车、加班补助  ,7月11日,安图生物初创于1998年，专注于体外诊断试剂和仪器的研发、制造、整合及服务，产品涵盖免疫诊断、微生物检测、生化诊断等检测领域，能够为医学实验室提供全面的产品解决方案和整体服务。安图生物建有国家认定企业技术中心、免疫检测自动化国家地方联合工程实验室、河南省免疫诊断试剂工程技术研究中心等，承担了多项国家省市重大科技项目，其中包括“863计划”两个项目。安图生物秉持“致力于医学实验室技术的普及和提高，为人类健康服务”的企业宗旨，努力为医学实验室提供性能价格比、品质价格比更优的产品与服务。安图生物高度重视产品研发及技术创新，是业内注册文号最多、产品线最全面的企业之一。安图生物以“用户至上，创造价值”为服务理念，超过600名客服工程师队伍为全国各地用户提供专业、及时、周到的技术服务。在为用户提供产品技术服务的同时，为医学实验室提供室内质量控制服务及合作共建和集采服务。安图生物共有千余家经销商，基本形成了覆盖全国的营销网络。在国际营销方面，公司产品已销售至欧洲、亚洲、中东、南美、非洲等多个国家和地区。2016年9月1日，郑州安图生物工程股份有限公司在上海证券交易所挂牌上市（股票简称：安图生物，股票代码：603658）。,"https://www.zhaopin.com/jobdetail/CC224773320J40304714405.htm?refcode=4019&srccode=401901&preactionid=a7c1140f-c46c-45e5-b867-ab342d8bdc77"
2740,C/C++,广州-白云区,1.5-3万,外企德科数字技术有限公司,专业技术服务,10000人以上,,CCL1480117890J40711415405,岗位要求：本科及以上学历，计算机、软件工程、通信等相关专业优先，转行，转专业可接受 一、软件开发工程师 1. 热爱编程，熟悉掌握Java/C++/C/Python/Web开发等编程语言中的一种或多种编程语言，扎实的编程功底； 2. 具备良好的独立工作能力和解决问题能力，善于沟通，乐于合作，热衷新技术； 二、软件测试工程师： 1. 热爱编程，熟悉掌握C/C++/Java/Python等编程语言中的一种或多种编程语言，扎实的编程功底； 2.有web开发或测试经验、自动化开发或测试经验者优先。 3.熟练掌握系统测试、功能测试、专项测试、软件测试、韧性测试、安全测试方法中的一种或多种测试方法，有相关测试语言/脚本的编写和实践经验优先，也可接受纯测试经验的。 4.具备良好的独立工作能力和解决问题能力，善于沟通，乐于合作，热衷新技术；,2025-07-27 00:23:27,外企德科数字技术有限公司是一家2023年新成立的中外合资企业。成立于2023年11月24日，公司定位：专注于为信息技术企业提供人才及数字技术外包解决方案的中外合资企业。它是由中国人力资源服务行业的FESCO（北京国际人力资本集团）与全球人力资源服务领导者The Adecco Group（德科集团）合资成立的。公司主要提供网络技术服务、软件外包服务、计算机系统服务、技术进出口、软件开发等信息技术相关服务。专注于为信息技术企业提供信息技术类人才及数字技术外包解决方案。,"https://www.zhaopin.com/jobdetail/CCL1480117890J40711415405.htm?refcode=4019&srccode=401901&preactionid=a7c1140f-c46c-45e5-b867-ab342d8bdc77"
2741,软件测试,广州-花都区,9000-13000元,广州市凯泽利科技有限公司,"汽车研发/制造,汽车研发/制造",100-299人,未融资,CC823999070J40858181915,1、负责汽车电子控制器底层软件的动态测试、静态代码扫描及单元测试 2、搭建和维护测试环境，执行MIL/HIL测试并输出测试报告，参与AUTOSAR架构下的底层驱动测试（如CAN/SPI/AD驱动等） 3、编写符合ASPICE要求的测试计划、测试用例、测试报告模板 4、建立自动化测试用例库 5、参加底层软件评审,6月27日,广州市凯泽利科技有限公司，坐落于广州市天河区，是一家集整车开发与产品设计研发经验于一身的技术服务型企业。公司致力于为客户提供全方位的软件测试流程一站式服务，涵盖汽车技术支持、软件测试委外服务、测试自动化解决方案、嵌入式技术支持、软件开发项目承接、测试辅助工具开发、自动驾驶数据标注、汽车信息安全测试、汽车设计、运营与项目管理、专业培训及工具代理等多个关键领域。在产品研发方面，凯泽利科技自创立之初，便专注于汽车软件测试自动化平台的研发，并成功自主研发出了一款自动化测试平台。该平台采用先进的Web服务器架构，支持Web和Windows两大客户端，具备远程执行测试与监控结果的功能，并实现脚本的云同步。通过该平台，用户可以在办公室内远程操控实验室内的多个台架，全面支持IVI的所有输入输出，能够覆盖90%以上的测试用例。此外，平台还具备集中管理测试脚本和测试报告的功能，极大地方便了脚本的共享与报告的分析，是汽车软件测试工作中不可或缺的得力助手。在企业资质上，凯泽利科技荣获多项殊荣，包括国家高新技术企业、专精特新企业、中等规模以上企业、科技型中小企业以及创新型中小企业等称号。此外，公司还荣获了广东省守合同重信用企业称号，并通过了ISO9001认证和信息安全管理认证，在技术创新方面，凯泽利科技同样表现出强大的研发实力。目前，公司正在申请的国家发明专利已有10余项，并成功获得了10项国家发明专利授权和19项软件著作权授权。目前，凯泽利科技的主要客户包括广汽研究院、深圳联友科技、小鹏汽车、江铃汽车、马瑞利、广汽丰田、广汽能源、岚图汽车、广汽埃安、东风日产、星河智联、南方试验场、立昇科技、祺迹汽车科技、比亚迪、合创汽车、广州优尼冲压等知名企业。,"https://www.zhaopin.com/jobdetail/CC823999070J40858181915.htm?refcode=4019&srccode=401901&preactionid=a7c1140f-c46c-45e5-b867-ab342d8bdc77"
2742,实施工程师,绍兴-越城区,8000-16000元,青岛安然物联网科技有限公司,"物联网,物联网",20-99人,未融资,CC559764920J40884193204,岗位职责： 1. 负责石化、化工厂人员定位系统的现场实施、现场交付和技术赋能等工作。 2. 对接客户需求，进行需求调研，制定详细的施工方案和计划。 3. 确保项目按照既定的时间节点和质量要求完成交付。 4. 对已交付的项目进行后期技术支持与维护。 岗位要求： 1. 年龄在25-35岁之间。 2. 能够适应经常出差的工作要求。 3. 熟悉信息化、弱电及工业互联网相关技术。 4. 具备良好的沟通协调能力和问题解决能力。,3月8日,基于精准人员定位的工业安全生产信息化管理专家，安全生产信息化管理引领者！作为全国实时定位技术标准工作组成员和应急管理部“工业互联网+危化安全生产”人员定位系统技术支持机构，安然从2012年起致力于基于ZigBee Plus三维立体按需精准定位的“工业互联网+安全生产”的研究，获得了20多项安全智能管控系统发明专利和著作权，持续引领中国化工行业生产现场智慧安全！安然以“准、稳、狠”的ZigBee Plus三维立体按需精准人员定位统和“底数清、数据准、情况明、研判准、措施实”的安全生产信息化平台为核心，整合访客管理、出入口控制、人脸识别、视频监控、语音广播、重大危险源监控、可燃有毒气体监测等系统，对生产现场人、机、料、法、环五大要素进行实时、动态、智能管控和预警，规范人的安全行为，保障人的生命安全，有效防范风险、主动化解风险，实现智慧安全。安然“以用为本”，把安全生产信息化建设与公司管理体系“深度融合”，把安全生产信息化建设与日常工作“紧密结合”，对安全生产切实“有用、实用、好用”，避免建用“两张皮”，让安全管控更智能，让生产更高效才实用。迄今已服务中石化、中石油、延长石油、国能、兖矿、京能、索普、新安、奇美、昊源、潞安、旭阳、垦利、逸盛、海科、酒钢、金发等几百家石化、化工、选煤、钢铁、电厂企业。安然以客户为中心，以强者为本，抬头乐干，愿意与同道中人联合、链接，携手共建、共用、共享生产安全命运共同体，一起干，一起干，让优秀企业更安全，让优秀企业更高效！,"https://www.zhaopin.com/jobdetail/CC559764920J40884193204.htm?refcode=4019&srccode=401901&preactionid=a7c1140f-c46c-45e5-b867-ab342d8bdc77"
2743,技术支持工程师,扬州-仪征市,8000-10000元·14薪,江苏泽景汽车电子股份有限公司,"汽车零部件,汽车零部件",500-999人,D轮及以上,CC285319030J40768312907,岗位职责: 1.负责日语技术支持与服务 2.参与日语相关项目的开发与维护，工艺/设备/物流/质量方向均可； 3.与日本客户进行有效沟通，解决技术问题 任职要求： 1.精通日语，具备良好的沟通能力 2.熟悉相关技术领域，能够独立处理技术问题 3.具备团队合作精神，能够与团队成员协作完成任务,6月25日,江苏泽景汽车电子股份有限公司成立于2015年致力于于智能座舱、智能驾驶、车载娱乐的研究与开发。目前泽景已经在全国布局仪征（总部和制造中心）、西安（研发中心）、上海（管理和客户服务中心）、长春（北方服务中心）、德国狼堡办事处5个区域，主要产品包括WHUD、 AR HUD、透明A柱、车窗投影等车载视觉相关产品。泽景专注于HUD等车载视觉解决方案的设计与研发，现已获得蔚来汽车、吉利、北汽、奇瑞、一汽、长安、比亚迪等多个国内主流车企车型定点项目。泽景电子拥有专业技术研发以及生产团队，其中研发人员占比达到80%，研究生占比超过50%，超过90%的工程师具有世界TOP500强企业的任职经历。多年来，泽景创造了中国本土HUD产业的数个第一：实现了第一款中国本土供应商开发的HUD的产品量产；建立了中国本土第一条HUD自动化生产线；携手核心供应伙伴，搭建了中国本土第一个完整的HUD供应链；制造了中国本土第一款HUD EOL检测设备；开创了中国本土HUD供应商与合资汽车品牌建立量产合作的先河。在下一代车载显示设备的研发方面，泽景已经处于世界先进水平。,"https://www.zhaopin.com/jobdetail/CC285319030J40768312907.htm?refcode=4019&srccode=401901&preactionid=a7c1140f-c46c-45e5-b867-ab342d8bdc77"
2744,技术支持工程师,郑州-中原区,5000-10000元,河南省立通化院科学发展有限公司,"农/林/牧/渔,零售/批发",100-299人,未融资,CCL1245495660J40609028807,岗位职责：     1、负责总结各原药的应用技术及使用技术，为客户提供配方服务，及时解决客户的应用技术咨询与服务，配合销售人员对客户进行实地拜访，解决客户遇到的技术问题。,6月3日,河南省通用化工研究院是原省属综合性化工研究开发单位，2009年7月，由事业单位转制为科技型企业，2019年9月，实施混合所有制改革，更名为河南省通用化工研究院有限公司。公司是国家高新技术企业，是国家级科技型中小企业和河南省创新型中小企业以及全国信用评价AAA级企业。主要研究领域为绿色肥料、精细化工、生物化工等。河南省通用化工研究院的核心主业是围绕新型生物刺激素原料工艺、及新型肥料工艺等方面开展研究工作，掌握了几十种国际生物刺激素的合成、提取、发酵工艺和应用技术，并与国际同行有着紧密的交流与合作，致力于推动国内生物刺激素的发展，并响应国家减肥增效号召，赋能肥料企业，共同推动中国农业增产增收和发展壮大。,"https://www.zhaopin.com/jobdetail/CCL1245495660J40609028807.htm?refcode=4019&srccode=401901&preactionid=a7c1140f-c46c-45e5-b867-ab342d8bdc77"
2745,测试工程师,深圳-罗湖区,1.2-1.5万,韵蓝祥(深圳)科技有限公司,电子商务,20-99人,,CCL1505797460J40794207705,岗位内容：  1. 负责软件测试的规划、设计、执行、跟踪和总结工作。 2. 协助研发人员进行问题定位和解决，确保软件品质。 3. 掌握各类测试技术手段，通过持续集成、自动化测试等方式不断提高测试效率和质量。 4. 参与产品评审，积极提供改进建议，推动产品质量的提升。,7月16日,,"https://www.zhaopin.com/jobdetail/CCL1505797460J40794207705.htm?refcode=4019&srccode=401901&preactionid=a7c1140f-c46c-45e5-b867-ab342d8bdc77"
2746,Java,石家庄-新华区,5000-8000元,东创项目管理集团有限公司,"房地产开发,工程施工",20-99人,未融资,CC313922330J40621594502,"1.负责基于Web后端的软件设计、编码、项目文档编写和评审以及研发相关工作。 2.负责架构规划、设计、技术架构选型、业务及数据架构设计；主导架构治理、设计评审、以及组件化的持续演进。 3.负责持续优化已有架构，提升系统性能和稳定性，提升业务可扩展性。 4.负责线上系统的维护和管理，对问题进行快速定位和优化，保障系统稳定运行。 5.参与核心代码编写，对开发团队进行技术指导和培训。 6.配合产品经理完成项目的开发工作，参与代码编写、单元测试、系统集成测试等。 7.依据需求说明书，根据开发规范设计并完成开发工作，确保项目的进度和质量。 任职要求： 1、本科以上学历，研究生优先，Java基础扎实，有过微服务开发经验优先; 2、熟练掌握Java开发相关框架，如Spring, SpringMVC,SpringBoot, SpringCloud，MyBatis等 3、熟悉微服务及服务调用相关技术优先，如Docker、K8s、 Dubbo或Feign、Restful Api、SpringCloud等; 4、熟练使用关系数据库(MySql或sqlServer) 并能够对优化SQL配置，提升SQL效率，合理进行SQL处理以提升性能，MySQL优先; 5、有较强的业务逻辑分析和数据库设计能力，有一定的数据库优化经验; 6、熟悉分布式消息中间件(RabbitMq、 Kafka等)，熟悉缓存中间件(Redis等) 并能针对以上使用场景进行合理使用并优化配置; 7、熟练使用常用的WebServer,如Tomcat、Nginx，了解基本的Linux命令。",4月8日,"东创项目管理集团有限公司是经河北省工商行政管理部门批准注册，具有独立法人资格的综合性项目管理机构。集团具有工程咨询、招标代理、政府采购、工程造价咨询、工程造价司法鉴定、工程监理等资质，注册资本金为5000万元。公司依法接受国家、机关、企事业单位的委托，从事建设工程咨询、招标代理，政府采购，工程造价咨询，工程造价司法鉴定，工程变更及合同价款的调整和索赔费用的估算，建设项目全过程跟踪审计、工程监理等相关专业的咨询服务以及企业管理咨询，士地整理，工程技术开发、服务，技术培训，翻译服务，会议服务等业务。公司有工程专业技术人员55人，其中注册造价工程师13人，高级职称8人，中级职称32人，持证上岗率100％。专业配置有：房屋建筑、给排水、电力、暖通、水利工程等。同时为适应不同客户和业务的需要，广泛吸收社会各方面专家，建立了一支后续专家队伍，随时为本公司提供专业技术和政策咨询服务。公司严格遵守国家及省、市有关工程造价管理、工程造价咨询的法律法规以及工程造价计价依据，坚持客观、公正、实事求是的工作原则，廉洁为本，以严谨的工作作风维护各方的合法权益。公司始终注重执业质量管理和控制，实行三级复核制及业务监督管理制度，从业务的承接、编审计划的制定、实施到报告的出具，都制定了严格的质量管理控制体系，保证了执业质量的不断提高。公司管理制度完善，办公设备齐全，保证了企业规范化管理；现代化的办公条件以及老、中、青相结合的执业团队，使企业保持旺盛的生命力；公司拥有完备的办公技术设施，配备完整的工程造价软件，在为客户提供优质高效的服务方面，始终走在同行业的前列。公司建立了博大精深的企业文化，坚持“四种精神”（爱岗敬业、无私奉献的主人翁精神；追求卓越、争创一流的创新精神；坚忍不拔、刚毅执着的拼搏精神；顾全大局、团结协作的团队精神）、“四大要求”（大事业的追求、大舞台的胸怀、大团队的精神、大家庭的情怀）、“六大品格”（忠诚、明理、尽责、求实、创新、超越），以人为本，尊重知识、尊重人才，构建和谐发展的公司理念。公司坚持“优质、规范、求实、诚信”的宗旨，秉承“至诚、至精、至公”的执业原则，“以质量求信誉，以诚信求发展”的行为准则。在实践中，坚持创新，博采众长，不断的拓展咨询服务领域和服务深度，与各单位和客户精诚合作，为其提供有价值的优质服务！目前,公司发展在同行业中已具备相当规模，社会知名度也在加大，公司在工程造价咨询服务工作中愿与各单位和各客户精诚合作，为您提供最高价值的优质服务！","https://www.zhaopin.com/jobdetail/CC313922330J40621594502.htm?refcode=4019&srccode=401901&preactionid=a7c1140f-c46c-45e5-b867-ab342d8bdc77"
2747,测试工程师,兰州-城关区,5000-8000元,杭州华宇航天科技有限公司,"船舶/航空/航天/火车制造,专用设备制造",20-99人,未融资,CCL1467224050J40814660208,1.大专及以上学历 2.应用电子技术、数控技术、机械工程、真空技术、测控技术、电气自动化、电子信息工程或其他工科类专业 3.年龄23-30岁，服从管理、善于观察思考、具备良好的沟通能力、学习能理强、有吃苦耐劳、努力进取的精神，团队意识强。,7月25日,杭州华宇航天科技有限公司（前身为兰州华宇航天技术应用有限责任公司）系中国航天科技集团有限公司第五研究院第五一〇研究所的全资子公司、中国真空学会团体会员、浙江省高新技术企业。公司以航天五一〇所真空及低温制冷专业为依托，全面推动航天技术转化为民用技术，是专业开展真空技术创新、成果转化、产业化推广应用的科技创新型公司。公司坐落于杭州市西湖区世豪机械园区，占地面积约7亩，有近5500平米的生产和办公场所，各类生产设备总值超过7000万元，拥有一支高科技研发团队和现代化企业管理人才队伍。目前以商业航天电推进、高端真空计量检测仪器仪表、商用原子钟、真空、低温制冷装备等产品的研发、规模化生产及技术服务为主业，是航天五一〇所商业航天电推进业务和国产高端真空计量检测仪器仪表业务板块的承载主体。基于“建设成为商业航天电推进、商用原子钟、国产高端真空计量测试仪表等真空应用产品的国内一流生产制造企业”的发展定位，公司热诚欢迎各界朋友前来交流洽谈，为实现中国航天梦，强国梦携手奋进，共创未来。,"https://www.zhaopin.com/jobdetail/CCL1467224050J40814660208.htm?refcode=4019&srccode=401901&preactionid=a7c1140f-c46c-45e5-b867-ab342d8bdc77"
2748,硬件测试,苏州-吴中区,5000-7000元,广东爱才人力资源有限公司,"人力资源服务,货运/物流/仓储,零售/批发,培训/辅导服务",10000人以上,未融资,CCL1283957410J40796376505,【岗位职责】  1、按照工程师要求完成扫地机相关性能、可靠性测试； 2、整理汇总测试数据，根据测试原始记录出具相关测试报告；  3、负责新进人员测试项目、测试方法、设备使用的教育培训 ； 4、管理和维护测试设备，确保测试结果的准确性和可靠性； 5、实验室测试区域6S监督维护。 【任职要求】  1、大专及以上学历，有小家电测试经验优先； 2、熟悉小家电产品性能相关标准，GB/T34454-2014、QBT4833优先； 3、按照SOP能操作使用电源/功率计/万用表、环境箱、盐雾测试箱等测试设备；  4、具备良好的团队精神，沟通意识，责任心强，工作认真细致，有良好的抗压能力.； 5、能够阅读和撰写技术文档和报告。,7月25日,爱才人力资源集团成立于2016年1月，总部位于中国杭州国际人力资源服务产业园11-15层，是“浙江省人力资源服务协会理事单位”、“杭州市人力资源促进会理事单位”、“浙江中小企业协会理事单位”。荣获2018《中国HR好服务》TOP30优秀服务机构、浙江省人力资源服务企业信用等级“四星级企业”。,"https://www.zhaopin.com/jobdetail/CCL1283957410J40796376505.htm?refcode=4019&srccode=401901&preactionid=a7c1140f-c46c-45e5-b867-ab342d8bdc77"
2749,硬件测试,青岛-崂山区,2-4万,歌尔股份,电子/半导体/集成电路,10000人以上,,CC132726540J40662546306,岗位职责: 1、主导测试工作 ，包含需求分析、拟定测试方案、开发设计文档；并完成相关嵌入式硬件、应用硬件、系统硬件的功能测试、性能测试、稳定性测试； 2、主导产品硬件验收测试 ，负责产品推广样机及演示样机的摸底测试； 3、根据项目及产品计划，主导完成认证测试； 4、协助完成研发流程管理； 5、依据实际情况，完善测试方法和测试手段，提高测试效率。   任职要求: 1、本科及以上学历，计算机科学与技术，软件工程，电气工程等相关专业； 2、需要有2年及以上的电子产品或者智能硬件的测试经验； 3、较好的沟通能力以及抗压能力； 4、可配合加班和出差。,4月9日,歌尔股份有限公司成立于2001年6月，2008年5月在深交所上市，是全球布局的科技创新型企业，主要从事声光电精密零组件及精密结构件、智能整机、高端装备的研发、制造和销售，目前已在多个领域建立了综合竞争力。秉持一站式服务为客户创造更大价值的理念，歌尔深耕产业价值链上下游，已与消费电子领域的国际知名客户达成稳定、紧密、长期的战略合作关系。从上游精密元器件、模组，到下游的智能硬件，从模具、注塑、表面处理，到高精度自动线的自主设计与制造，歌尔打造了在价值链高度垂直整合的精密加工与智能制造的平台，为客户提供全方位服务。歌尔研发布局全球，在美国、日本、韩国、丹麦、北京、青岛、深圳、上海、南京、台湾等地分别设立了研发中心，以声光电为主要技术方向，通过集成跨领域技术提供系统化整体解决方案。我们一起创造We make it together我们是要用青春、生命，学习掌握现代一流科技，研究把握现代人内心需求，运用现代一流科技和深沉持久的爱心创造出具有卓越品质的声学、光学、微电子等产品，为人们的生活创造美好的声音、画面、创造美好的情怀、品德和生命形态等，让全世界所有与歌尔相关的客户、员工、股东、合作伙伴的生活因歌尔的存在而变得更加美好。>;秉持一站式服务为客户创造更大价值的理念，歌尔深耕产业价值链上下游，已与消费电子领域的国际一流客户达成稳定、紧密、长期的战略合作关系。从上游精密元器件、模组，到下游的智能硬件，从模具、注塑、表面处理，到高精度自动线的自主设计与制造，歌尔打造了在价值链高度垂直整合的精密加工与智能制造的平台，为客户提供全方位服务。>;歌尔研发布局全球。在美国、日本、韩国、丹麦、瑞典、北京、青岛、深圳、上海、南京、台湾等地分别设立了研发中心，以声光电为主要技术方向，通过集成跨领域技术提供系统化整体解决方案。>;我们一起创造　We make it together!,"https://www.zhaopin.com/jobdetail/CC132726540J40662546306.htm?refcode=4019&srccode=401901&preactionid=a7c1140f-c46c-45e5-b867-ab342d8bdc77"
2750,测试工程师,无锡-新吴区,6000-10000元,鑫特朗科技(无锡)有限公司,"电子/半导体/集成电路,电子/半导体/集成电路",20-99人,未融资,CCL1461104950J40728121416,根据产品和工程师要求，制定PC上位机测试计划，使用相应的工具进行功能测试，制作测试报告；对测试中出现的问题进行调试，制定改善方案；根据产品测试要求，设计制作产品测试软硬件工具。,7月11日,"公司简介：鑫特朗科技（无锡）有限公司（以下简称鑫特朗）是一家专注于研发和生产X射线源和高压电源的现代化高科技企业，主要提供组合式X射线源（XRG）、高压发生器(HVG)的整体解决方案，用于高端X光影像和科学分析，例如安全检查、食品检查、电子检测、科学仪器等。公司成立于2017年，地处中国长江三角洲一座历史悠久的江南古城-无锡。公司以技术为核心，引领尖端科技集技术开发、技术创新、技术咨询、技术转让等于一体，拥有多项X射线核心技术、通讯与信息、智能制造专利，所推出的产品经过长期寿命及环境测试，性能、功能、寿命均为世界领先水平。公司拥有先进的管理理念，生产管理采用物联网技术和工业智能控制技术相结合，将集成电路，智能制造结合起来，构建全生命周期数字化管理平台。公司使命：鑫特朗自创立以来，注重产品自主研发和技术创新,实现了X射线源和高压电源产品核心部件的技术突破，经过不断地探索，最终成就出了一系列高性能、高质量的产品，推动安防、半导体、医疗、工业、品质控制、科学研究、分析仪器和通信行业的发展，为社会安定、人民健康和科技进步贡献力量。公司始终怀着“责任第一客户至上”的理念，立志成为世界一流的X射线源和高压电源方案提供商。多年来，鑫特朗不断创新、追求卓越，以高性能、高质量的产品为基础，与多家知名企业达成了长期战略合作。通过设计团队与客户的紧密合作为每个客户定制提供符合其价值的产品及正确的解决方案，持续为客户提供世界级的产品。我们的承诺为客户提供技术领先、优质可靠及顾客满意的灵活性产品和贯穿产品生命周期的服务。产品齐全：产品线包括：便携式机X射线检测设备、X光射线管高压电源、高压电源模块、特殊定制高压电源、高压电源组件等多个系列，多个规格的产品，电压范围从1kV到450KV，功率从小于5W到150KW。产品特点：高功率密度、小体积，同时具备计算机数字控制与手机控制功能、联网、组网功能。","https://www.zhaopin.com/jobdetail/CCL1461104950J40728121416.htm?refcode=4019&srccode=401901&preactionid=a7c1140f-c46c-45e5-b867-ab342d8bdc77"
2751,前端开发,北京-朝阳区,1.2-1.5万·13薪,河南腾桓人力资源有限公司,人力资源服务,100-299人,,CCL1492484670J40909001404,岗位内容： 1. 设计和开发适用于不同设备的易于使用的网站 2. 参与产品原型设计和产品需求分析 3. 跟进技术趋势及前端开发最佳实践，不断提升团队的技术水平 任职要求： 1. 掌握HTML5/CSS/JavaScript等前端技术和常用框架 2. 具备良好的学习能力和解决问题的思维能力，能够配合其他团队成员完成项目工作 3. 对新技术有好奇心，并愿意持续学习和提高 4.大专及以上学历。,5月6日,,"https://www.zhaopin.com/jobdetail/CCL1492484670J40909001404.htm?refcode=4019&srccode=401901&preactionid=a7c1140f-c46c-45e5-b867-ab342d8bdc77"
2752,Java,苏州-虎丘区,150-200元/天,凌志软件,"计算机软件,互联网",1000-9999人,已上市,CC120210700J40749514702,岗位职责: 1、参与企业级产品后端服务设计及开发； 2、理解产品功能，参与技术方案的讨论，并按照方案实现相关功能模块的开发及单元测试； 3、能够独立完成模块设计、编码、联调、维护任务   任职要求: 1、计算机、软件工程、理科相关专业，本科及以上学历； 2、热爱软件开发，有志于从事计算机行业发展； 3、有较强的学习接受能力，具有一定的软件开发Java或软件测试基础知识； 4、有基础的编程功底，熟悉中至少一门语言，精通多门更佳； 5、踏实肯干，吃苦耐劳，具备良好的学习沟通能力及团队协作精神，勇于承担责任。 6、有日语基础优先（N5水平进入培训，N3及以上培训可进项直接实习） 工作地可选：苏州/无锡/如皋,6月23日,凌志软件股份有限公司（以下简称凌志）于2003年1月在苏州成立，致力于为各行业提供软件产品研发，软件外包开发及IT系统集成服务。业务范围包括证券，银行，保险，电子商务，物流等。凌志软件经过10余年的发展，得到现有海内外客户高度认可，目前已经发展成为全球最具综合实力的软件外包服务提供商之一。公司专注金融领域的各行业客户，提供方案咨询、软件产品研发、IT系统集成、软件外包服务。主要业务范围包括证券，银行，保险，电子商务，物流等。其中金融行业产品研发、软件外包服务的专业性及稳定性，已成为企业的核心竞争力。凌志软件的企业管理能力不断提高，已达到国际先进水平，取得ISO/IEC 27001:2005(E)国际信息安全和CMMI L5认证。凌志软件是国家规划布局内重点软件企业、双软认定企业、高新技术企业，荣获中国软件出口第八名、中国出口工程软件企业百强、中国软件和服务外包品牌之星、中国服务外包成长型企业100强、江苏省软件外包十强、江苏省技术先进型服务企业、2013年度中国软件和信息服务•服务外包领域杰出企业、2013中国软件和信息技术服务业最有价值品牌等称号。公司在“诚信负责、成就客户、造就员工”的双赢经营理念指导下，形成了一定市场规模，并确立了自身的核心竞争优势。旨在发展高端服务外包，开创自主研发模式，加速“开放式创新”，在海内外金融软件领域，成为国际知名企业的核心供应商；同时自主研发国内高端金融产品，在国内市场上占有更大份额。随着国际金融一体化的加速发展，与国内外金融机构存在密切合作关系的凌志，将在IT专业服务领域获得进一步的发展，持续保持并扩大领先优势。凌志将不断创新，充分发挥持续积累的经验和实力，为国际和国内客户提供更为满意的产品和服务而不懈努力！凌志为员工提供有竞争力的薪酬，法定带薪假期；旅游活动，户外拓展等员工集体活动，并成立员工俱乐部丰富员工工作之余的生活；健康体检；各种联谊联欢活动等。公司网址：http://www.linkstec.com/,"https://www.zhaopin.com/jobdetail/CC120210700J40749514702.htm?refcode=4019&srccode=401901&preactionid=a7c1140f-c46c-45e5-b867-ab342d8bdc77"
2753,C/C++,北京-朝阳区,1-2万,中国科学院地质与地球物理研究所,"学术/科研,电子/半导体/集成电路,培训/辅导服务,石油/石化",500-999人,,CC152438620J40661846906,主要工作：  （1）根据仪器测试实验需求，提出上位机（电脑端）软件设计方案；   （2）上位机软件通过串口、USB、以太网等方式与仪器通信；   （3）实现仪器的工作流程控制、实时状态展示以及数据预处理和显示功能。   ,5月27日,中国科学院地质与地球物理研究所1999年6月由原中国科学院地质研究所和中国科学院地球物理研究所两所整合而成。整合前的两个研究所都有长达50余年的历史和丰厚的科研成果，在国内外学术界具有很高的地位。2004年将中国科学院武汉数学物理研究所的电离层研究室整体调整到所。整合原中国科学院兰州地质所，建立了中国科学院地质与地球物理研究所兰州油气资源研究中心。研究所现有在职人员480人，其中科技人员298人，具有高级职称的专业科研人员215人。有中国科学院院士11人、中国工程院院士1人，国家自然科学杰出青年基金获得者28人，中科院“百人计划”入选者17人，国家“千人计划”3人。研究所是国家最早确定的硕士、博士研究生培养基地和博士后流动站单位，是中国科学院博士生重点培养基地，有地质学、地球物理学、地质工程二级学科的博士、硕士培养点，地质学、地球物理学、地质资源和地质工程三个博士后流动站。目前在读博士生、硕士生近550多人，在站博士后约100人。电磁法仪器组是2010年新成立的一个硬件研发部门，是专门为方法理论验证提供实验仪器支持的科研支撑系统，主要从事地质学，地球物理学相关的大小仪器开发、研究、制造，目前技术水平属于国际一流水平。,"https://www.zhaopin.com/jobdetail/CC152438620J40661846906.htm?refcode=4019&srccode=401901&preactionid=a7c1140f-c46c-45e5-b867-ab342d8bdc77"
2754,科研人员,深圳-光明区,2.9-3.5万,深圳市诺安智能股份有限公司,"仪器仪表制造,石油/石化,化工,环保",100-299人,不需要融资,CC202099210J40758353303,一、以下方向拟招收博士6名。 研究方向1：高灵敏度TDLAS气体传感的锁相放大关键技术 针对高灵敏度、高可靠性、抗交叉干扰的气体传感关键技术，面向TDLAS气体传感与检测设备需求，研究高效的可调谐激光波长扫描信号锁相放大技术；研制弱信号快速解调的锁相放大信号处理模块，实现对CH4、C2H6、C2H4、C2H2、HF、HCl、HCN、H2S、NH3、CO、O2、NOx等气体的准确、快速、可靠的检测，解决传统电化学传感器在气体交叉干扰、重复性、可靠性、使用寿命等方面存在不足的难题。 研究方向2：基于SERS的多组分气体激光拉曼分析关键技术 针对多组分混合气体类型和浓度定型定量同步检测关键技术，面向在线式高端气体分析设备需求，研究高效SERS增强光纤拉曼探针技术，研制气体的拉曼光谱激发与采集分析系统，实现对CH4、C2H6、C2H4、C3H8等碳氢化合物气体，以及CO2、CO、NH3、H2S、SO2、N2、O2、H2等多组分混合气体的定性定量同步检测，突破石油、天燃气、石化、煤化工等工业过程气体分析技术瓶颈，解决气体在线式气体智能分析的行业难点。 研究方向3：基于NDIR的中红外微型多气体传感器关键技术 针对微型化、低功耗、多目标气体传感器关键技术，面向石化、天然气、冶金等工业场景气体传感器巨大需求，研究高精度、高稳定、长寿命的中红外气体传感技术，研制基于NDIR传感原理的微型化中红外气体传感器，实现中红外光学调控与红外探测器集成化，突破传统红外探测器尺寸大、集成程度低的技术难题，完成对CH4、C2H6、C2H4、C2H2、C3H8等碳氢化合物气体，以及CO、CO2、SF6、冷媒等气体高可靠传感检测，突破半导体、催化燃烧、电化学等传统传感器在工业领域应用中可靠性低、易中毒、寿命短等不足。 研究方向4：基于纳米气敏材料的MEMS气体传感器关键技术 针对低功耗、阵列化和智能化的气体传感器发展趋势，结合成熟的MEMS制备封装工艺和纳米薄膜气敏材料，实现低功耗、低成本、高灵敏度、易集成和大批量的MEMS多气体传感器研制，实现对CH4、H2S、C2H6O、H2、CO、CH2O等气体的检测，解决传统片式结构MOS气体传感器存在功耗高、尺寸大、制备工艺不稳定等问题，为智能家居、智慧燃气、新能源汽车、氢能源等行业气体智能检测提供便高性能微型化气体传感器芯片。 研究方向5：智能化气体在线探测及分析仪关键技术 针对工业现场在线气体智能检测与分析市场需求，开发大数据智能算法、无线通讯、长续航、多目标集成等核心技术，研制智能化在线式气体探测分析仪专用设备，实现抗气体交叉干扰、无线信号传输、移动电源供电、多气体在线实时监测等功能，为工业过程的在线式气体快速检测分析提供解决方案。   二、招收条件 1.具有良好的政治素质和道德修养，无违法违纪经历； 2.仪器仪表、光学工程、光电信息科学与工程、测控技术与仪器、电子科学与技术、电子信息、无线通信等相关专业； 3.博士毕业三年内，或即将取得博士学位的博士研究生，身体健康，年龄在35岁以下； 4.诚实守信，品学兼优，具有良好的敬业精神和研究素质，能高质量完成博士后研究工作；目前已取得显著科研成果的申请人予以优先考虑； 5.全职在基地从事博士后研究工作。,3月15日,深圳市诺安智能股份有限公司成立于1999年，是研发、生产、销售智能传感器、精密仪器仪表和工业物联网的专业厂家，是国家高新技术企业、国家专精特新“小巨人”企业、国家知识产权优势企业、广东省智能光电气体传感工程技术研究中心、深圳市制造业单项冠军产品企业、深圳市博士后创新实践基地、深圳（湾区）知名品牌、新三板挂牌企业。诺安智能创立至今，始终以保护生产安全、保障职业健康、促进环境美好为己任，致力于“突破卡脖子技术，实现国产替代”，深入研究紫外光离子、红外、激光、MEMS等气体传感及检测分析技术，关键技术不断突破并实现产业化，其中，紫外光离子传感及检测分析技术国际领先，光离子探测器国内市场占有率第一。公司拥有知识产权200余项，参编国家标准10余项。诺安智能信守“为客户提供技术先进、品质优良、安全可靠的产品”的承诺，推出气体传感器、气体探测器、气体报警控制器及监控系统、气体分析及预处理系统、火焰探测器、防爆声光报警器、工业HSE物联网等七大系列二百多个品种，产品和服务覆盖了石油化工、制药、冶金、装备制造、电子、新能源、新材料等众多领域，广大客户给予诺安智能真诚的信任和高度的赞誉！守诺者安，用智者能！诺安智能已构建集智能传感器、精密仪器仪表、工业物联网于一体的产业生态，公司以“成为国际领先的智能传感器、精密仪器仪表、工业物联网的高科技企业”为目标，秉承“以人为本、共创共享、追求卓越、止于至善”的价值观和“诚信、求实、创新、共赢”的经营理念，深耕光电气体传感及检测分析技术领域，为行业的发展贡献力量。,"https://www.zhaopin.com/jobdetail/CC202099210J40758353303.htm?refcode=4019&srccode=401901&preactionid=a7c1140f-c46c-45e5-b867-ab342d8bdc77"
2755,软件测试,深圳-罗湖区,1.5-2万·13薪,青岛鼎赫人力资源有限公司,人力资源服务,20人以下,,CC682590480J40783096114,,2025年07月28日,,"https://www.zhaopin.com/jobdetail/CC682590480J40783096114.htm?refcode=4019&srccode=401901&preactionid=a7c1140f-c46c-45e5-b867-ab342d8bdc77"
2756,测试工程师,合肥-None,5000-8000元,合肥凡道电子技术有限公司,电子/半导体/集成电路,20-99人,未融资,CC678402820J40075830802,岗位职责： 1、操作技能：装配、焊接、调试、测试 2、微波组件、有源组件调试、测试。 任职要求： Ø 电子通信及机电一体化相关专业   Ø 大专以上学历   Ø 有一定的语言表达能力，道德品质好，无不良习惯嗜好。   Ø 具备团队协作精神、工作细致严谨，勤奋好学   Ø 能干长期，稳定性好  职位福利：五险一金、绩效奖金、加班补助、包住、餐补、定期体检、全勤奖、节日福利 ,6月17日,合肥凡道电子技术有限公司成立于2014年7月，位于国家级合肥经济技术开发区内，主要从事：射频同轴连接器、电缆组件、滤波器等微波组件的研发、生产。诚信和创意赢得顾客的信赖；技术和质量赢得市场的信赖；公正和协调赢得协助工厂的信赖；人与人之间的友好和互助理解赢得员工的信赖；实行适才适所提高组织的信赖。,"https://www.zhaopin.com/jobdetail/CC678402820J40075830802.htm?refcode=4019&srccode=401901&preactionid=a7c1140f-c46c-45e5-b867-ab342d8bdc77"
2757,测试工程师,苏州-姑苏区,5000-7000元,天阳科技,"计算机软件,计算机软件",1000-9999人,已上市,CC120408370J40296617908,职位描述,7月11日,天阳科技(股票代码：300872)，是全球金融创新服务的重要贡献者，持续赋能中国金融行业数字化转型，为客户提供咨询、金融科技产品、金融IT服务、云计算及运营服务。公司成立于2003年，服务超过300家金融行业客户，覆盖中央银行、政策性银行、国有银行、股份制银行、地方性商业银行、非银行金融机构等，员工人数近7000人，成为激活金融领域创新活力、推动金融科技迈入世界领先水平的重要力量。作为金融行业客户可信赖的合作伙伴，天阳科技凭借丰富的行业经验和端到端的专业服务，在信创、数字化金融、信贷、交易银行、信用卡、零售、营销、风险管理、征信监管等众多领域具备核心竞争力。据赛迪和IDC报告显示，近年来公司在中国银行业IT解决方案市场排名强势崛起，2019年收入及市场占有率综合排名分别位列第四位和第五位，并保持高速增长。同时，前瞻商业和科技趋势，入选2021年度未来银行科技服务商TOP100。天阳科技始终聚焦金融科技领域，加大自主创新力度，在超过100个城市建立本地化、专业化的研发和服务团队，拥有CMMI5级认证、软件测试成熟度模型集成（TMMi）3级认证、ISO9001质量管理体系认证、ISO20000信息技术服务管理体系认证、IS027001信息安全管理体系认证。通过部署人工智能、云计算、大数据、移动互联网、分布式计算和区块链等先进金融科技，公司致力于构建安全可控、普惠民生、开放共赢格局，在关键技术领域服务现代化金融发展大局，更好地为各利益相关方创造更大价值，为大中企业、小微企业以及每个个体提供优质金融服务。,"https://www.zhaopin.com/jobdetail/CC120408370J40296617908.htm?refcode=4019&srccode=401901&preactionid=a7c1140f-c46c-45e5-b867-ab342d8bdc77"
2758,科研人员,郑州-金水区,7000-14000元,郑州中科新兴产业技术研究院,"学术/科研,石油/石化,矿产/采掘,医药制造",100-299人,未融资,CC429084980J40521772512,招聘人数：6人 招聘方向一：数字孪生研发人员 专业要求：计算机、信息、自动化等相关专业； 岗位职责： 1、负责化工装置数字孪生模型关键算法的设计、开发、参与系统级联试； 2、结合生产工艺与流程，抽象工业现场数据模型，与装备模型相结合，建立数字样机工艺模型库；  3、搭建数字孪生平台，并完成交互接口、数据管理、微服务划分与实现等设计与开发； 4、基于平台开发数字孪生工厂系统，根据实际需求完成应用功能开发； 应聘条件： 1、硕士及以上学历，计算机、信息、自动化等相关专业；有相关经验者优先； 2、掌握C/C++/Python等语言开发，有良好的面向对象思维，扎实的数据结构、语法基础； 3、熟悉常用的数据结构、算法等基础知识，优秀的设计，编码，调试技能； 4、有大型软件系统开发经验的优先； 5、具有虚拟仿真、数字孪生等领域和行业经验优先。 招聘方向二：智慧系统研发人员 专业要求：计算机、数学、化工、机械、测控、电气、工业工程等相关专业； 岗位职责： 1、根据需求分析物理模型或系统的内在机理，结合数字孪生模型建立工厂智慧系统； 2、基于机器学习、深度学习等技术开发智能优化、智能预警和生产管理决策系统；  4、负责梳理总结数字孪生模型及智慧系统，并对其持续优化。 应聘条件： 1、 硕士及以上学历，计算机、数学、化工、机械、测控、电气、工业工程等相关专业； 2、 熟悉数据结构，理解面向对象编程思想，具备良好的编程能力及算法； 3、 了解仿真理论知识，具备一定的数学基础； 4、 熟悉深度学习框架和经典的神经网络结构； 5、 具有虚拟仿真、数字孪生等领域和行业经验优先； 6、 具有算法开发经验优先； 7、 具有清晰的系统思维逻辑、结构化思考能力和良好的沟通协调能力，乐于接触新知识新领域挑战。 招聘方向三：分子模拟研发人员 专业要求：计算机、化工、人工智能等相关专业； 岗位职责： 1、根据项目需要进行电解水相关催化材料的DFT及其他方面计算，结合计算数据与机器学习方法，高通量筛选高性能催化剂； 2、结合机器学习，自然语言处理等方法进行文献数据采集，建立氢能关键催化材料数据库； 3、建立数据库可视化界面，搭建氢能关键催化材料智能设计平台。 应聘条件： 1、硕士及以上学历，计算机、化工、人工智能等相关专业； 2、硕士发表SCI论文1篇，博士发表SCI论文2篇； 3、有相关DFT计算及电化学计算相关经验者优先考虑； 4、熟悉Python、机器学习、自然语言处理等相关领域者优先考虑。 应聘方式 1、报名提交材料：提供个人简历（含照片）、研究工作经历及其他能证明本人能力水平的相关资料（学历和学位证书扫描件、发表论文/申请专利电子版、学位论文摘要、获奖情况等详细材料），邮件标题注明“姓名-毕业学校-专业-申请岗位”，并发送至相关邮箱。 2、研究部初步面试：初选合格者，请准备PPT竞聘报告（报告10分钟以内，答辩10分钟）。PPT报告内容主要包括：（1）个人基本情况；（2）工作业绩；（3）对应聘岗位理解与认识；（4）未来工作设想。初步面试和答辩时间直接通知应聘者本人。 3、研究院复试：人事部门统一组织综合素质测评及面试（一般研究院面试比例不超过1:3），对参加研究院复试人员报销单程路费（高铁二等座以下、铁路硬卧/硬座、长途汽车、飞机经济舱等），对录用报到人员报销返程路费。 4、体检：在面试中表现突出者，人事部门通知赴指定医院进行入职体检（由研究院承担相关费用）。 5、确定拟录用人员：根据申请人基本情况、综合素质测评、面试情况和体检结果综合考虑，由院务会确定拟录用人员，由组织人事部负责办理相关手续。,11月19日,郑州中科新兴产业技术研究院成立于2016年8月，是中科院过程工程所和郑州市人民政府、金水区人民政府三方共建的科研事业单位。作为郑州市引进的首家中科院系统分支科研机构，研究院定位于技术研发、成果转化、人才培育和企业孵化，重点在新能源技术、节能环保、绿色技术、新材料、工程技术、民生工程等领域进行科研布局。研究院打造引领产业变革的协同创新科技研发平台，获批“河南省重大新型研发机构”、“河南省产业技术创新平台”、“河南省储能过程与系统工程技术研究中心”、“郑州市环张力高能燃料重点实验室”等多个科技研发平台，获批2016-2018年度郑州市先进创新型平台，建成约2000㎡的锂电池技术、MMA和尼龙56前驱体绿色技术等多个中试研发平台；构建了高效的科技与成果转化体系，开发并转化了一批关键性技术，促进区域产业经济发展，在相关领域创造了显著的经济效益和社会效益；成立多个企业联合实验室，实现把企业搬进研究院，把科研融入企业中；大力引进和培养青年科技人才，形成了研发-工程-产业化的高水平人才团队，拥有由院士、杰青等高层次人才等带领的多支科研团队；积极实行科教融合战略，与郑州大学、河南大学、河南师范大学等高校分别共建研究生联合培养基地，并于2019年11月获批“郑州市级博士后创新实践基地”。研究院现有三个园区：杨金园区（在用）、智汇谷园区（在用）、贾鲁河园区（在建）。其中智汇谷园区建筑面积2万㎡，2019年12月已正式投入使用；贾鲁河园区占地约200亩，一期工程6万㎡，预计将于2020年底建成投用。研究院遵循“需求驱动、以人为本、循序渐进、世界一流”的发展理念，以中原地区经济转型升级的迫切需求为驱动，借助中科院智力和人力优势，联合地方高校和科研机构，引进并培养一批具备科研、工程化和企业运作能力的优秀人才，研发并转化一批有针对性的重大科研成果，力求打造“基础-应用-产业化”的贯通式研发模式，为中原地区战略新兴产业发展和传统产业改造升级发挥技术支撑和引领带动作用。,"https://www.zhaopin.com/jobdetail/CC429084980J40521772512.htm?refcode=4019&srccode=401901&preactionid=a7c1140f-c46c-45e5-b867-ab342d8bdc77"
2759,测试工程师,青岛-城阳区,5000-7000元,青岛众瑞,"仪器仪表制造,环保,电子设备制造",300-499人,未融资,CC236325110J40735183705,岗位职责： 1、负责研发新品的小批量试制，包括仪器组装、电路板焊接、测试等； 2、与研发部门对接，试制过程中发现问题并反馈，共同寻求解决方案； 3、与生产部门对接，指导生产工作。 任职资格： 1、本科学历，电气、电子信息相关专业； 2、对电子方面有强烈兴趣，较强的动手能力，能焊接，熟悉电子元器件及电路原理图； 3、良好的沟通、协作能力，需与研发部门、生产部门较多沟通； 4、工作积极主动，高度的责任心，愿意长期稳定的发展。,5月30日,青岛众瑞智能仪器有限公司成立于2007年8月，始终致力于高端环境监测仪器、微生物及安全检测仪器的研发和生产。自成立以来，先后斩获多项荣誉，是高新技术企业、知识产权优势企业；青岛市高科技高成长十强企业、青岛市守合同重信用企业、专精特新企业。研发的产品先后获得中国工业设计红星奖、山东省名牌，青岛名牌、“省长杯”优秀奖、青岛市长杯大奖等。众瑞技术团队被认定为青岛市级技术中心、青岛市级工业设计中心。青岛众瑞崇尚创新，所有产品具有自主知识产权，2016年通过了GB/T29490-2013知识产权管理体系认证，成为青岛市通过认证的企业。现已申获国家专利100余项，其中发明专利17项；取得软件著作权20项。青岛众瑞先后参与多项国家级科研项目。2016年参与承担的国家“十三五”大气专项课题，是参与到此课题中的民营企业。经过十余年的发展，青岛众瑞已经打造出一支优秀的研发、营销、生产运营、技术支持和售后服务团队，已在全国范围内建立了数十个办事处，并先后通过了ISO9001国际质量管理体系认证、ISO14001环境管理体系认证、OHSAS18001职业健康安全管理体系认证，为广大用户提供优质高效的技术支持和服务。青岛众瑞智能仪器有限公司始终坚持“以质量求生存，以服务求市场，以科技求发展”的理念，聚焦核心科技，专注客户价值，成就员工，回报社会。,"https://www.zhaopin.com/jobdetail/CC236325110J40735183705.htm?refcode=4019&srccode=401901&preactionid=a7c1140f-c46c-45e5-b867-ab342d8bdc77"
2760,实施工程师,上海-浦东新区,100-200元/天,明朝万达,"网络/信息安全,网络/信息安全,计算机软件",500-999人,D轮及以上,CC138671020J40689920715,工作职责： 1、深入理解产品、挖掘用户需求，为销售工作提供售前技术支持和咨询意见； 2、完成创新方案设计和方案落地，参与项目招投标； 3、负责产品部署、维护和现场技术支持，完成产品的使用培训和安装调试。 招聘要求： 1、统招本科及以上学历，理工类相关专业均可、计算机类相关专业优先，欢迎2025届应届生投递简历； 2、具备扎实的IT软硬件知识，熟悉常见的操作系统、数据库、网络设备配置等，热爱钻研； 3、具备优秀的沟通表达和方案撰写演示能力，客户导向、服务意识强； 4、思维清晰，谈吐大方，仪表得体，有学生会或者社团组织管理经历者优先； 5、能够承受较大的工作压力，能够适应经常出差。 要求：连续实习时间不低于6个月（期间可以根据学业需要偶尔返校）,2月22日,北京明朝万达科技股份有限公司成立于2005年，是中国新一代信息安全技术企业的代表厂商，专注于数据安全、公共安全、云安全、大数据安全及加密应用技术解决方案等服务。基于“动态数据安全，数据全生命周期管控”的产品理念，明朝万达始终以守护用户数据价值为己任，致力于让安全真正服务于业务发展。在大数据、云计算等新技术应用背景下，明朝万达以数据安全为核心、自主可控的国密算法应用技术为基础，研发的Chinasec（安元）数据安全系列产品及解决方案，覆盖数据产生、存储、交换、使用等全生命周期重要环节，实现对服务器、数据库、PC终端、移动终端以及网络通信的全IT架构下数据安全的协同联动管理，打造企业级的数据安全防护体系。作为国内数据安全市场的倡导者，明朝万达拥有一支以清华大学博士和硕士为骨干力量的核心团队，已累计申请发明专利300余项，累计授权专利百余项。在推动技术创新的同时，注重技术与业务的深度融合，为客户提供量身定制的数据安全解决方案。公司现有员工近600人，总部设于北京，在上海、广州、成都、西安、贵阳、天津、武汉、南京、无锡、长春等地设有分支机构。历经十余年的发展与积累，明朝万达客户已覆盖金融、政府、公安、电信运营商、能源、设计院所和研发制造业等领域，签约用户超过3000家。,"https://www.zhaopin.com/jobdetail/CC138671020J40689920715.htm?refcode=4019&srccode=401901&preactionid=a7c1140f-c46c-45e5-b867-ab342d8bdc77"
2761,测试工程师,郑州-二七区,8000-15000元·13薪,河南旭东信息科技有限公司,互联网,20人以下,,CCL1493911180J40761254507,岗位职责: 1.负责新能源汽车的检测工作，确保车辆性能和安全性; 2.熟悉常用的测试方法和技巧，理解测试流程，生成总结报告，对测试遗漏问题进行分析 3.对新能源汽车方面感兴趣，并且愿意长期发展者，可以接受去外地工作的， 4.大专以上学历，20-30岁，对行业有浓厚的兴趣，无经验可以接受，可以长期发展; 福利待遇 1.双休，法定节假日固定休息，入职缴纳五险一金 2.薪资8k+综合12k，年底十三薪 3.八小时工作制,6月8日,一般项目：技术服务、技术开发、技术咨询、技术交流、技术转让、技术推广；软件开发；数字文化创意软件开发；人工智能理论与算法软件开发；网络与信息安全软件开发；人工智能应用软件开发；软件外包服务；数字技术服务；动漫游戏开发；计算机软硬件及辅助设备批发；软件销售；网络设备销售；信息技术咨询服务；知识产权服务（专利代理服务除外）；版权代理；互联网销售（除销售需要许可的商品）；电子产品销售；数据处理和存储支持服务；大数据服务；品牌管理；销售代理；广告制作；数字广告制作；广告发布；广告设计、代理；数字广告设计、代理；数字广告发布；电影摄制服务；数字内容制作服务（不含出版发行）；摄像及视频制作服务；平面设计；组织文化艺术交流活动；图文设计制作；摄影扩印服务；教育咨询服务（不含涉许可审批的教育培训活动）；业务培训（不含教育培训、职业技能培训等需取得许可的培训）（除依法须经批准的项目外，凭营业执照依法自主开展经营活动）,"https://www.zhaopin.com/jobdetail/CCL1493911180J40761254507.htm?refcode=4019&srccode=401901&preactionid=a7c1140f-c46c-45e5-b867-ab342d8bdc77"
2762,C/C++,合肥-蜀山区,1.3-2.6万·14薪,外企德科数字技术有限公司,专业技术服务,10000人以上,,CCL1480117890J40793548005,岗位要求: 1、热爱编程，基础扎实，熟练掌握但不限于C/C++，JAVA，python，GO等编程语言中的一种或几种。 2、熟悉Linux操作系统，对常见的数据结构和算法有一定的了解。 3、具备独立工作能力和解决问题的能力，善于沟通，乐于合作，热衷新技术，善于总结分享。 岗位要求： 1. 本科及以上学历，专业不限（计算机/电子/机械等理工科优先） 2. 精通Python/Java/C++/Shell中任意一门，能独立开发工具或脚本 3. 有开发或测试开发经验优先（应届生可放宽，需实习/项目经历） 4. 逻辑清晰、沟通顺畅，能阅读技术文档,2025-07-27 00:25:59,外企德科数字技术有限公司是一家2023年新成立的中外合资企业。成立于2023年11月24日，公司定位：专注于为信息技术企业提供人才及数字技术外包解决方案的中外合资企业。它是由中国人力资源服务行业的FESCO（北京国际人力资本集团）与全球人力资源服务领导者The Adecco Group（德科集团）合资成立的。公司主要提供网络技术服务、软件外包服务、计算机系统服务、技术进出口、软件开发等信息技术相关服务。专注于为信息技术企业提供信息技术类人才及数字技术外包解决方案。,"https://www.zhaopin.com/jobdetail/CCL1480117890J40793548005.htm?refcode=4019&srccode=401901&preactionid=a7c1140f-c46c-45e5-b867-ab342d8bdc77"
2763,科研人员,郑州-管城回族区,1-2万·13薪,牧原实验室,学术/科研,100-299人,,CCL1241575100J40604416807,职位描述：,3月4日,,"https://www.zhaopin.com/jobdetail/CCL1241575100J40604416807.htm?refcode=4019&srccode=401901&preactionid=a7c1140f-c46c-45e5-b867-ab342d8bdc77"
2764,C/C++,成都-郫都区,2-3.5万,外企德科数字技术有限公司,专业技术服务,10000人以上,,CCL1480117890J40743132505,岗位要求: 1、掌据C/C++/Java/python/Go/JS一种或多种编程语言，热爱编程 2、掌握常用的数据结构、数据算法   岗位优势： ①大厂市场领先且稳定的薪酬福利收入(根据面试能力评价等定级定薪) ②个人编程能力的快速学习提升(导师6个月带教) ③行业前沿的技术框架(不用担心未来如果换工作技术框架不适用) ④行业领先的产品研发项目管理流程、编码规范培训、纯粹的工程师氛围(您要相信，和优秀的人一起工作，您也必定变得更优秀)   公司福利: 1.入职即缴纳五险一金+商业险，全额缴纳社保及公积金 2.一年数次考评，薪资、职级可上浮 3.带薪年假5-15天 4.免费夜宵，城际班车，舒适的办公环境 5.免费健身房，各种娱乐活动(可自行选择是否参加，不参加就早点下班哦）,2025-07-27 00:23:30,外企德科数字技术有限公司是一家2023年新成立的中外合资企业。成立于2023年11月24日，公司定位：专注于为信息技术企业提供人才及数字技术外包解决方案的中外合资企业。它是由中国人力资源服务行业的FESCO（北京国际人力资本集团）与全球人力资源服务领导者The Adecco Group（德科集团）合资成立的。公司主要提供网络技术服务、软件外包服务、计算机系统服务、技术进出口、软件开发等信息技术相关服务。专注于为信息技术企业提供信息技术类人才及数字技术外包解决方案。,"https://www.zhaopin.com/jobdetail/CCL1480117890J40743132505.htm?refcode=4019&srccode=401901&preactionid=a7c1140f-c46c-45e5-b867-ab342d8bdc77"
2765,实施工程师,昆明-西山区,8000-16000元,青岛安然物联网科技有限公司,"物联网,物联网",20-99人,未融资,CC559764920J40884195604,岗位职责： 1. 负责石化、化工厂人员定位系统的现场实施、现场交付和技术赋能等工作。 2. 对接客户需求，进行需求调研，制定详细的施工方案和计划。 3. 确保项目按照既定的时间节点和质量要求完成交付。 4. 对已交付的项目进行后期技术支持与维护。 岗位要求： 1. 年龄在25-35岁之间。 2. 能够适应经常出差的工作要求。 3. 熟悉信息化、弱电及工业互联网相关技术。 4. 具备良好的沟通协调能力和问题解决能力。,6月21日,基于精准人员定位的工业安全生产信息化管理专家，安全生产信息化管理引领者！作为全国实时定位技术标准工作组成员和应急管理部“工业互联网+危化安全生产”人员定位系统技术支持机构，安然从2012年起致力于基于ZigBee Plus三维立体按需精准定位的“工业互联网+安全生产”的研究，获得了20多项安全智能管控系统发明专利和著作权，持续引领中国化工行业生产现场智慧安全！安然以“准、稳、狠”的ZigBee Plus三维立体按需精准人员定位统和“底数清、数据准、情况明、研判准、措施实”的安全生产信息化平台为核心，整合访客管理、出入口控制、人脸识别、视频监控、语音广播、重大危险源监控、可燃有毒气体监测等系统，对生产现场人、机、料、法、环五大要素进行实时、动态、智能管控和预警，规范人的安全行为，保障人的生命安全，有效防范风险、主动化解风险，实现智慧安全。安然“以用为本”，把安全生产信息化建设与公司管理体系“深度融合”，把安全生产信息化建设与日常工作“紧密结合”，对安全生产切实“有用、实用、好用”，避免建用“两张皮”，让安全管控更智能，让生产更高效才实用。迄今已服务中石化、中石油、延长石油、国能、兖矿、京能、索普、新安、奇美、昊源、潞安、旭阳、垦利、逸盛、海科、酒钢、金发等几百家石化、化工、选煤、钢铁、电厂企业。安然以客户为中心，以强者为本，抬头乐干，愿意与同道中人联合、链接，携手共建、共用、共享生产安全命运共同体，一起干，一起干，让优秀企业更安全，让优秀企业更高效！,"https://www.zhaopin.com/jobdetail/CC559764920J40884195604.htm?refcode=4019&srccode=401901&preactionid=a7c1140f-c46c-45e5-b867-ab342d8bdc77"
2766,科研人员,东莞-大朗镇,7000-9000元,散裂中子源科学中心,"学术/科研,学术/科研",500-999人,未融资,CCL1269466680J40768447910,岗位性质：劳务派遣 ,7月23日,中国散裂中子源是我国“十一五”国家重大科技基础设施，是世界上第四台、我国首台脉冲型散裂中子源。项目位于广东省东莞市，一期规划用地400亩，总投资约23亿元，由中国科学院和广东省人民政府共同建设，项目法人单位为中国科学院高能物理研究所。中国散裂中子源主要包括1台负氢离子直线加速器、1台快循环质子同步加速器，1个靶站，一期3台谱仪（最多可建20台）及相应配套设施及土建工程。目前，中国散裂中子源已顺利通过国家验收并正式投入运行，产出了一批高质量的研究成果，在材料科学和技术、生命科学、物理、化学化工、资源环境、新能源等诸多领域具有广泛应用前景，将对我国探索前沿科学问题、攻克产业关键核心技术、解决“卡脖子”问题具有重要意义。散裂中子源科学中心是中国散裂中子源项目的地方事业法人，致力为科技、经济和粤港澳大湾区、广深科技创新走廊建设和地方产业转型升级提供强大的技术支持。,"https://www.zhaopin.com/jobdetail/CCL1269466680J40768447910.htm?refcode=4019&srccode=401901&preactionid=a7c1140f-c46c-45e5-b867-ab342d8bdc77"
2767,技术支持工程师,天津-滨海新区,6000-10000元·14薪,航天泰心科技有限公司,"医疗设备/器械,医疗设备/器械",20-99人,未融资,CC411720980J40534524908,岗位职责 1、 负责临床技术支持工作，解决产品相关技术问题和产品维护； 2、 负责临床方面相关工作，包括临床手术跟台，术前对医学专家进行培训，术后对医护人员进行培训，对患者进行培训等； 3、 负责临床相关数据收集和报告的撰写，收集产品应用过程技术和工艺等方面中出现的问题及不足，参与并配合相关部门对产品进行改进和测试； 4、 负责产品相关动物实验和研究性实验，并设计实验方案、撰写实验报告； 5、 负责产品测试设备的开发，进行体外实验和产品相关测试，撰写专利及研究性论文等。 10、完成上级交办的其他工作。 任职要求 1、 硕士以上学历，生物学、医学、药学、机械、电气、测控等相关理工科专业；  2、熟悉心血管相关知识优先；   3、 学习能力良好，能够独立完成文献检索、总结、撰写等工作；   4、 抗压能力强，能够适应频繁出差；   5、 身体健康无职业禁忌症。      ,2025年07月29日,航天泰心科技有限公司（航天泰心）系由北京精密机电控制设备研究所、天津经济技术开发区国有资产经营公司和长征火箭工业有限公司联合成立，公司注册地点为天津经济技术开发区，北京亦庄经济技术开发区朝林广场设有北京研发中心。航天泰心基于五十多年来航天伺服技术的经验，研发的HeartCon型心室辅助装置采用磁液双悬浮、泵机一体化、系统双冗余的技术方案，具有体积小、质量轻、低溶血、无血栓的特点，体外实验各项指标均达到国内领先、国际先进水平，动物实验“天久”及“三羊开泰”的成功标志着技术状态定型，具备批产能力，目前正在积极申请临床实验资质，希望给数以千万的国内心衰患者提供全流量心室辅助，挽救患者生命、提高生活质量。公司同时正在为早期心衰患者和儿童先天性心衰患者研发微型心室辅助装置，以及与此相关的各类测试实验设备，将为心衰患者及相关医护人员提供术前术后的咨询和培训服务。航天泰心以航天技术、系统工程管理、精密加工制造能力为依托，以国家战略新兴产业发展为支撑，正致力成为国内一流的高端医疗器械产品“产学研医”一体化制造商、服务商。,"https://www.zhaopin.com/jobdetail/CC411720980J40534524908.htm?refcode=4019&srccode=401901&preactionid=a7c1140f-c46c-45e5-b867-ab342d8bdc77"
2768,实施工程师,东莞-None,6000-10000元·13薪,东莞市雷宇激光设备有限公司,"仪器仪表制造,贸易/进出口,印刷/包装/造纸,电气机械/电力设备",20-99人,,CC577675720J40618834011,岗位职责： 1. 负责海外客户的CO2激光切割雕刻机/Fiber打标机售后技术支持工作;  2. 通过电子邮件，社媒软件或电话为客户提供技术支持和培训;  3. 记录和分析设备故障，提供解决方案并撰写相关说明或反馈文档;  4. 与研发和生产等其他部门沟通，反馈客户使用过程中遇到的问题，提出改进建议;  5. 协助业务部门进行展会支持，客户拜访，技术宣讲;  6. 将技术问题归类总结，追踪优化闭环;  7. 及时响应客户需求，解决问题，提升客户满意度;  8. 完成其他岗位相关的工作安排;,12月16日,"公司简介：实力：东莞市雷宇激光设备有限公司成立于2010年，是一家专业从事激光切割机，激光雕刻机生产加工以及激光控制系统研发的综合型企业。公司致力于为国内外客户提供激光切割和雕刻的整体解决方案，历经6年的艰苦奋斗，目前我司的客户已遍布中国、香港、台湾、韩国、德国、美国、法国、加拿大、巴西、新西兰和南非等三十多个地区及国家。同时，在业内雷宇已然成为高技术、高成长、多元化、多人才的激光设备代表型企业。技术：雷宇激光生产的CO2激光切割机和激光雕刻机适用于加工布料、亚克力、木材、皮革、纸张、橡胶、塑料、玻璃、陶瓷和大理石等大多数非金属材料；能广泛应用于广告标识，建筑模型，工艺礼品，印章制作，服装服饰，印刷包装，工业打样等各个行业。此外，利用我司自行研发的高能激光头，也让在木材以及部分金属上实现3D雕刻打标成为了可能。品质：公司在采购、研发、生产、质检和售后等重要环节中全面实施规范化管理，生产线严格遵循国际标准规范，产品现已通过CE认证与FDA认证。2014年5月，我司经过长期的钻研与测试，成功将高性能伺服系统整合进入到激光系统中，其系统运行速度比原有的步进系统提升了整整一倍,雕刻等效果提高20%，同时，在德国技术专家的指导下，我司逐渐建立起了自己的品牌与技术优势，并在欧美市场获得了良好的口碑。信念：雷宇人秉承着客户因我而不同的理念，客户的认可是我们最大的动力，因此，我们始终坚持给客户提供最实惠，最优质的产品，最快速，最专业的售后支持。共赢：雷宇人愿倾付所有竭诚服务天下朋友、雷宇，诚邀您共创未来！薪酬待遇：1、薪酬：完善的薪酬体系，基本工资+绩效工资+绩效奖金+福利补贴，极富竞争力的薪酬，每年1次的调薪机会。2、社会保险：购买完善全面的社保，优秀员工可获商业保险；3、工作时间：每天工作8小时，每周5天工作制；4、假期：按国家规定享受带薪节假日，按劳动法依法享有婚假、产假、丧假等；5、员工活动及保健：所有员工均享受一定标准的年度旅游活动；定期团队活动经费；加班可享有餐费、打车报销；优秀员工可享旅游奖励；6、工作环境：快乐的工作环境，倡导自由快乐的工作文化；7、住房补贴：公司提供两人一室以上的住宿待遇，在外住宿可享受租房补贴。8、培训：公司为新晋员工提供完善的培训计划，定期均有技术组技术交流、公司有针对性强的培训课，另有机会参与专业外训、公开课等，年度素质拓展等活动。","https://www.zhaopin.com/jobdetail/CC577675720J40618834011.htm?refcode=4019&srccode=401901&preactionid=a7c1140f-c46c-45e5-b867-ab342d8bdc77"
2769,技术支持工程师,福州-鼓楼区,5000-10000元,苏州尹山科技发展有限公司,医疗设备/器械,20-99人,,CCL1485838000J40706081014,职位描述 岗位职责 1. 负责为客户提供专业的学术支持，培养并提升客户的手术技能； 2. 负责协助区域内客户的手术支持工作以及相关医院技师的培训，使其能独立配合客户开展手术； 2. 负责开发新客户，维护现有客户关系，更好的推动区域手术例数及相关产品的应用； 3. 负责收集、汇总、上报各类市场调研、商务数据、竞品信息等； 4. 负责新产品在上市前临床研究的技术支持； 5. 完成上级领导交办的其它工作。 任职资格 1. 大专及以上学历，医学影像相关专业优先； 2. 具有冠脉领域OCT、IVUS跟台经验优先，具有电生理手术、结构性心脏病手术经验优先； 3. 具有超声影像科识图技能经验优先； 4. 学习能力强，身体健康，抗压能力强，团队意识强，沟通表达能力强； 5. 能接受日常手术跟台； 6. 有驾照者优先考虑。,1月13日,,"https://www.zhaopin.com/jobdetail/CCL1485838000J40706081014.htm?refcode=4019&srccode=401901&preactionid=a7c1140f-c46c-45e5-b867-ab342d8bdc77"
2770,技术支持工程师,上海-静安区,1-1.5万,上海陶术生物科技股份有限公司,"生物工程,医药制造",100-299人,,CC886353150J40742483101,岗位职责： 1. 熟悉化合物数据处理、化合物库使用； 2. 负责解答客户的售前售后技术问题； 3. 定期维护更新产品数据信息，检查产品信息准确性与及时性， 4. 提供内部产品信息和技术支持； 5. 产品技术资料撰写 6. 领导临时安排的工作项目。任职要求   1. 药物化学、药学、生物化学等相关专业硕士；   2. 有药物筛选实验的操作经验；   3. 能够熟练分析解读NMR/LCMS/HPLC等检测谱图；   4. 能够熟练使用excel等软件处理数据；   5. 沟通能力强，工作积极主动，逻辑清晰，有团队合作精神；   6. 英语能力强，能够熟练阅读英文文献。,6月5日,上海陶术生物科技有限公司深耕药物发现领域十余年，始终聚焦生物医药行业配套产品和服务，利用自身技术优势，提供小分子药物大数据信息、海量实体化合物供应、科研服务等新药发现的整体解决方案。为全球各类创新药物的研发带来便捷、高效的产品和服务，助力降低研发投入、提高研发效率。陶术生物先后荣获国家“高新技术”企业、上海“专精特新”企业、国家“专精特新”小巨人企业等称号。,"https://www.zhaopin.com/jobdetail/CC886353150J40742483101.htm?refcode=4019&srccode=401901&preactionid=a7c1140f-c46c-45e5-b867-ab342d8bdc77"
2771,技术支持工程师,温州-龙湾区,7000-12000元,瑞浦兰钧能源股份有限公司,新能源,1000-9999人,不需要融资,CC709891030J40791317503,"岗位职责： 1. 负责海外售后市场上出现质量问题的沟通，现场处置及信息的内部反馈，推动问题改善； 2. 负责海外邮件的翻译及答复，不定期开展线上会议，实时更新售后数据系统，维护售后系统平台； 3. 针对市场端故障车辆信息与储能系统进行大数据分析,制定准确可行的售后方案； 4. 服从上级领导的工作安排。 任职要求： 1. 本科及以上学历，专业不限，经验不限，英语口语突出优先； 2. 具备较强的协调、沟通能力以及冲突解决能力； 3. 工作细致认真，责任心强，能承受一定的工作压力；",5月24日,瑞浦兰钧能源是由世界500强企业——青山实业结合其自身丰富的矿产资源及全产业链优势在新能源领域进行投资布局的首家企业。公司主要从事动力与储能锂离子电池单体到系统应用的研发、生产、销售，专注于为新能源汽车动力及智慧电力储能提供优质解决方案。现已建成温州和上海两大基地。公司总部位于温州市龙湾区，现有园区占地面积303亩，年产能为26GWh锂离子电池及系统产品，总投资超60亿元人民币。截至2020年底已完成了约30亿元的投资，现有员工6000余人，2021年产值25亿，2022年产值超130亿元，2023年预计产值可达200亿；“十四五”期间温州制造基地规划新增150GWh的产能，占地2000多亩，全部达产后产值将超千亿，同时在广西、广东、重庆等一二线城市规划新建基地，做好全国布局。雄厚的背景，丰富的资源，巨大的市场，广阔的平台，超多的岗位、发展空间和机会，需求无限，职等你来！一个世界500强“花园式”现代化工厂诚邀您：正青春，一起拼！,"https://www.zhaopin.com/jobdetail/CC709891030J40791317503.htm?refcode=4019&srccode=401901&preactionid=a7c1140f-c46c-45e5-b867-ab342d8bdc77"
2772,软件测试,北京-东城区,1000元以下,北京市政交通一卡通支付有限公司,"互联网,电子/半导体/集成电路,社团/组织/社会保障,IT服务",100-299人,,CC139551620J40866817315,本科：120元/天 硕士研究生：160元/天 均为税前标准，根据实际出勤情况发放。 工作内容： 实习工作将主要负责进行北京一卡通APP功能测试（黑盒测试），每周需到岗3-4天，持续1-3个月。 要求：  理工科背景，在读，要求了解计算机基础（操作系统、网络、软件工程）、能熟悉使用各类APP，具备清晰的逻辑思维，可设计测试用例。 需有学习主动性、良好的沟通协作能力，工作细致负责，对软件测试（特别是黑盒测试概念）有基本了解和兴趣。,7月25日,北京市政交通一卡通有限公司于2000年10月经市长办公会批准成立，负责交通智能卡的制作、发售、应用和结算业务。一卡通公司持有中国人民银行颁发的支付业务许可证（业务类型：预付卡发行与受理），具有北京市城市建设事业IC卡密钥的管理和使用权，具有交通运输部互联互通城市密钥的使用权，拥有交通运输部全国交通一卡通二维码支付业务（增项）授权，2015年经北京市交通委授权建设、经营京津冀区域中心。一卡通公司于2004年被认定为高新技术企业，拥有多项专利及软件著作权，连续多年获得国家金卡工程协调领导小组授予的国家金卡工程优秀成果奖和自主创新奖，参与主导北京市地方标准及交通运输部卡片和二维码相关标准。圆满完成奥运会、国庆阅兵、北京市票制票价改革、京津冀交通互联互通、市郊铁路城市副中心线建设等重大项目保障工作。一卡通公司提供卡片、机具、智慧解决方案以及大数据等相关产品及应用服务，通过身份识别、电子支付、票卡归集和信息处理等功能，在公共交通、商业消费、政府管理、创新应用4大领域28个行业广泛应用。随着移动支付在交通领域的普及渗透，一卡通公司紧紧围绕“刷新出行体验创享智慧生活”的庄严使命，在保障传统业务安全稳定运行的基础上，积极推进一卡通互联网创新业务发展进程：倾力打造一卡通天猫、京东旗舰商城，上线一站式在线服务平台——北京一卡通App；与此同时，一卡通不断加快公共交通领域移动支付变革步伐，在国内首家实现了基于NFC技术的手机一卡通，全国首创支持“分段计费”功能的交通领域二维码应用，同时借助电子发票业务形成移动支付服务闭环。一卡通在互联网业务方面的探索与创新，在优化市民公共出行体验的同时，有效推进了首都智慧城市的建设与发展。做为北京市一家提供以智能卡为交易载体、全面应用于市域内公共交通、轨道交通及其它小额支付交易领域的电子支付结算服务商，一卡通公司始终坚定不移地致力于运用高科技手段服务市政交通及小额支付领域，推动城市信息化管理的快速发展，服务首都智慧城市建设。通过近二十年来的努力拼搏，公司拥有完善的组织体系和管理架构，拥有安全可靠的机房和运营设施，按照现代企业要求建立了齐备的规章制度和管理机制，拥有一支高素质有责任心的员工团队。,"https://www.zhaopin.com/jobdetail/CC139551620J40866817315.htm?refcode=4019&srccode=401901&preactionid=a7c1140f-c46c-45e5-b867-ab342d8bdc77"
2773,实施工程师,成都-武侯区,100-120元/天,四川卫宁软件有限公司,"计算机软件,IT服务",100-299人,已上市,CC371718680J40676138306,"岗位职责： 1、根据项目经理要求制定项目软件项目实施计划，并实施； 2、用户咨询的解答，软件使用问题的解答，对无法解决的问题，及时向部门进行反馈； 3、用户培训； 4、根据公司要求，完成相关的文档； 5、软件项目实施过程中的沟通协调，结果及时反馈。 6、负责区域医院项目实施及维护。任职要求：   1、2026届毕业，本科（公办）学历，计算机或网络相关专业；   2、为人踏实、勤奋好学、工作积极主动,能针对问题提出个人见解；   3、基本掌握MYSQL、SQL Server、oracle等相关网络技术；   4、乐观开朗，乐于沟通，具备较强的理解及表达能力；   5、能承受一定的工作压力，有责任心及团队合作精神；接受全省范围内出差（公司提供住宿）",6月18日,四川卫宁软件有限公司是卫宁健康科技集团股份有限公司（股票代码：300253股票简称：卫宁健康）的全资子公司。公司位于四川省成都市高新区天府新谷。卫宁健康是中国医疗健康信息行业最具竞争力的整体产品、解决方案与服务供应商。中国第一家专注医疗卫生信息化的上市公司，医疗健康信息化软件市场份额第一，服务医疗卫生机构数量排名第一。总部位于上海。卫宁健康在四川、北京、山西、上海、新疆、大庆、西安、湖南、湖北、广东、安徽、江苏、云南、天津、山东、江西、广西、福建、重庆、浙江等地设有子公司和办事处等分支机构，形成了较完善的市场营销和技术服务网络体系。卫宁是全国医疗卫生信息化领跑者。卫宁用户遍及全国29个省市自治区，拥有各类医疗卫生机构用户5000多家，其中三级以上医院客户300余家。公司持续获得了多项荣誉，如“***火炬计划项目”、“国家重点新产品”、“中国优秀软件企业奖”、“中国医疗行业优秀解决方案奖”、“第十六届中国国际软件博览会金奖”、“中国国际软件博览会优秀参展解决方案”、“年度明星软件企业”、“上海名牌”“上海服务企业百强”“上海市著名商标”“中国信息技术服务产业医疗健康领域示范企业”“中国信息技术服务产业医疗健康领域优秀解决方案”……。四川卫宁软件有限公司（以下简称“四川卫宁”）现下设技术部、运营部、行业支持部、营销部、人事部、行政部、财务部门。公司创立于2005年，产品覆盖医疗卫生信息产业的各个领域，包括HIS、EMR、LIS、RIS、PACS等解决方案，客户遍及全川三分之二地市州行政区域。四川卫宁在四川已为成都市第三人民医院、成都市金牛区人民医院、宜宾市第一人民医院、达州市中西医结合医院、凉山彝族自治州第一人民医院、西昌市中医院、岳池县中医医院、江油市第二人民医院、江油市妇幼健院、荣县中医院、大方县人民医院、古蔺县人民医院等三十多家医院提供数字化医院解决方案，并建立了稳定的客户关系。四川卫宁已成长为一个专业技能精湛、服务质量高效、管理独具特色的高科技企业，公司现拥有一支年轻有为且经验丰富的工程师队伍以及高学历、高层次的管理人士。在未来，秉承“客户至上”的经营理念，四川卫宁将为广大客户提供超越预期的数字化医院解决方案和持续、专业的服务。无论过去、现在或将来我们都将一如既往，把完善的解决方案、优质的产品及服务奉献给客户。欢迎有志之士加盟四川卫宁，共同创造，实现你的事业理想！,"https://www.zhaopin.com/jobdetail/CC371718680J40676138306.htm?refcode=4019&srccode=401901&preactionid=a7c1140f-c46c-45e5-b867-ab342d8bdc77"
2774,测试工程师,台州-路桥区,5000-7000元,天阳科技,"计算机软件,计算机软件",1000-9999人,已上市,CC120408370J40824023608,1.全国项目驻场测试，主要负责功能、数据或接口等相关测试工作； 2.统招本科学历及以上（学信网可查）；毕业满2年；计算机专业优先； 3.热爱软件测试行业、有强力的自驱力，能够在测试岗位深入学习研究； 4.有无经验均可，服从公司安排，接受公司培养，可接受异地工作优先； 福利待遇： 上市公司，公司可以提供住宿，提供五险一金； 欢迎符合要求的小伙伴们投递~,7月23日,天阳科技(股票代码：300872)，是全球金融创新服务的重要贡献者，持续赋能中国金融行业数字化转型，为客户提供咨询、金融科技产品、金融IT服务、云计算及运营服务。公司成立于2003年，服务超过300家金融行业客户，覆盖中央银行、政策性银行、国有银行、股份制银行、地方性商业银行、非银行金融机构等，员工人数近7000人，成为激活金融领域创新活力、推动金融科技迈入世界领先水平的重要力量。作为金融行业客户可信赖的合作伙伴，天阳科技凭借丰富的行业经验和端到端的专业服务，在信创、数字化金融、信贷、交易银行、信用卡、零售、营销、风险管理、征信监管等众多领域具备核心竞争力。据赛迪和IDC报告显示，近年来公司在中国银行业IT解决方案市场排名强势崛起，2019年收入及市场占有率综合排名分别位列第四位和第五位，并保持高速增长。同时，前瞻商业和科技趋势，入选2021年度未来银行科技服务商TOP100。天阳科技始终聚焦金融科技领域，加大自主创新力度，在超过100个城市建立本地化、专业化的研发和服务团队，拥有CMMI5级认证、软件测试成熟度模型集成（TMMi）3级认证、ISO9001质量管理体系认证、ISO20000信息技术服务管理体系认证、IS027001信息安全管理体系认证。通过部署人工智能、云计算、大数据、移动互联网、分布式计算和区块链等先进金融科技，公司致力于构建安全可控、普惠民生、开放共赢格局，在关键技术领域服务现代化金融发展大局，更好地为各利益相关方创造更大价值，为大中企业、小微企业以及每个个体提供优质金融服务。,"https://www.zhaopin.com/jobdetail/CC120408370J40824023608.htm?refcode=4019&srccode=401901&preactionid=a7c1140f-c46c-45e5-b867-ab342d8bdc77"
2775,硬件测试,泉州-晋江市,6000-8000元,福建八盛汽车科技有限公司,"电子设备制造,人工智能,智能硬件,通信/网络设备",100-299人,已上市,CCL1492512230J40642829316,岗位内容： 1. 执行硬件测试任务，并维护测试数据和文档； 2. 跟进测试过程中发现的问题，协助解决硬件缺陷； 3. 收集硬件测试需求，推动测试工具和方法的改进。 任职要求： 1. 熟悉常用的硬件测试方法和工具，有相关经验者优先考虑； 2. 善于沟通和协作，具有良好的团队合作精神； 3. 具备较强的学习和自我提升意愿，能够快速适应新环境和新技术。,2025-07-27 02:02:53,八盛汽车科技有限公司成立于2021年，在汽车科技领域精耕细作，不断开拓创新。经过多年发展，已成为行业内具有一定规模和影响力的企业，拥有现代化的办公设施与研发中心，汇聚了众多汽车科技专业人才，业务覆盖范围广泛，涵盖汽车智能系统研发、汽车零部件制造与优化等多个板块。,"https://www.zhaopin.com/jobdetail/CCL1492512230J40642829316.htm?refcode=4019&srccode=401901&preactionid=a7c1140f-c46c-45e5-b867-ab342d8bdc77"
2776,测试工程师,天津-滨海新区,9000-12000元,北京逸筱科技有限公司,计算机软件,20-99人,,CCL1505671710J40775082307,岗位内容：  1. 执行软件测试工作，包括测试用例编写、测试执行、问题跟踪等，确保软件品质。 2. 参与产品设计评审，了解业务需求，提出优化建议。 3. 使用自动化测试工具或开发相应的自动化测试脚本，提高测试效率，缩短测试周期。 任职要求：  1. 计算机相关专业本科及以上学历，有软件测试工作经验；对于无工作经验但其他能力突出者亦可考虑。 2. 熟练掌握至少一种测试工具、至少掌握一种编程语言，熟知测试原理和方法。 3. 具备良好的逻辑思维能力和分析能力，能够快速定位问题，并给出有效的解决方案。 4. 具备较强的沟通协调能力和团队合作精神，积极主动，具有强烈的责任心和进取精神。,7月23日,,"https://www.zhaopin.com/jobdetail/CCL1505671710J40775082307.htm?refcode=4019&srccode=401901&preactionid=a7c1140f-c46c-45e5-b867-ab342d8bdc77"
2777,C/C++,上海-青浦区,2-3万·16薪,外企德科数字技术有限公司,专业技术服务,10000人以上,,CCL1480117890J40738946405,1：大学，理工科相关。 2：会一种语言就可Python、JAVA、JS、测试 3：华为目前在招城市：北京、上海、深圳、杭州、南京、西安、成都、武汉，以上研究院均有hc 4：华为目前在招产品线：BPIT，消费者终端，2012实验室，carbu ，IT装备部，华为云，GTS ，数字能源，光，无线，云核，公共开发，计算产品线，数存，数通，存储、数据库、云计算、人工智能、智能驾驶、音视频、实验室、芯片等 5：福利待遇 全程线上面试，全额六险一金，试用期全薪资，有班车和食堂，独立办公园区 6：工作时间:弹性打卡，周末双休，每天早上9点上班，12-2点午休2小时，提供免费夜宵，周三周五家庭日，月末最后一个周六上班双倍加班费,2025-07-27 00:23:29,外企德科数字技术有限公司是一家2023年新成立的中外合资企业。成立于2023年11月24日，公司定位：专注于为信息技术企业提供人才及数字技术外包解决方案的中外合资企业。它是由中国人力资源服务行业的FESCO（北京国际人力资本集团）与全球人力资源服务领导者The Adecco Group（德科集团）合资成立的。公司主要提供网络技术服务、软件外包服务、计算机系统服务、技术进出口、软件开发等信息技术相关服务。专注于为信息技术企业提供信息技术类人才及数字技术外包解决方案。,"https://www.zhaopin.com/jobdetail/CCL1480117890J40738946405.htm?refcode=4019&srccode=401901&preactionid=a7c1140f-c46c-45e5-b867-ab342d8bdc77"
2778,科研人员,苏州-虎丘区,6000-10000元,清华苏州环境创新研究院,"学术/科研,环保",100-299人,,CC466991230J40809173215,岗位职责】,2月17日,清华苏州环境创新研究院（以下简称“清华苏州环境院”）是专门从事环境类科技创新活动的清华大学派出研究机构，依托清华大学环境学院开展建设。清华苏州环境院致力于打造成以生态文明建设为引领、体制机制创新为驱动、环境科技研发为基础、科技成果转化为导向，具有全球影响力的综合性研发和科技服务机构，服务于清华大学“建设国际一流环境学科”和苏州“创新驱动”、“生态改善”战略实施，努力为我国环境科技创新和环境产业发展提供智力支撑和典型示范。,"https://www.zhaopin.com/jobdetail/CC466991230J40809173215.htm?refcode=4019&srccode=401901&preactionid=a7c1140f-c46c-45e5-b867-ab342d8bdc77"
2779,测试工程师,抚州-临川区,7000-12000元,重庆科满福人力资源服务有限公司,企业服务,20-99人,,CCL1487604860J40935614204,【岗位职责】 ： 1、进行新产品研发阶段的测试工作 2、完成新产品的功能测试、可靠性测试、环境测 试、安全测试等技术工作 3、制定测试计划，设计测试用例，分析测试数 据，编制测试报告 4、为其他部门提供技术支持，与其他部门的产品 联合测试工作,7月25日,,"https://www.zhaopin.com/jobdetail/CCL1487604860J40935614204.htm?refcode=4019&srccode=401901&preactionid=a7c1140f-c46c-45e5-b867-ab342d8bdc77"
2780,软件测试,百色-右江区,6000-8000元,天阳科技,"计算机软件,计算机软件",1000-9999人,已上市,CC120408370J40606452308,1.全国项目驻场测试，主要负责功能、数据或接口等相关测试工作； 2.统招本科学历及以上（学信网可查）；毕业满2年；计算机专业优先； 3.热爱软件测试行业、有强力的自驱力，能够在测试岗位深入学习研究； 4.有无经验均可，服从公司安排，接受公司培养，可接受异地工作优先； 福利待遇： 上市公司、公司可提供住宿、定期体检、带薪年假； 欢迎符合要求的小伙伴们投递~,7月17日,天阳科技(股票代码：300872)，是全球金融创新服务的重要贡献者，持续赋能中国金融行业数字化转型，为客户提供咨询、金融科技产品、金融IT服务、云计算及运营服务。公司成立于2003年，服务超过300家金融行业客户，覆盖中央银行、政策性银行、国有银行、股份制银行、地方性商业银行、非银行金融机构等，员工人数近7000人，成为激活金融领域创新活力、推动金融科技迈入世界领先水平的重要力量。作为金融行业客户可信赖的合作伙伴，天阳科技凭借丰富的行业经验和端到端的专业服务，在信创、数字化金融、信贷、交易银行、信用卡、零售、营销、风险管理、征信监管等众多领域具备核心竞争力。据赛迪和IDC报告显示，近年来公司在中国银行业IT解决方案市场排名强势崛起，2019年收入及市场占有率综合排名分别位列第四位和第五位，并保持高速增长。同时，前瞻商业和科技趋势，入选2021年度未来银行科技服务商TOP100。天阳科技始终聚焦金融科技领域，加大自主创新力度，在超过100个城市建立本地化、专业化的研发和服务团队，拥有CMMI5级认证、软件测试成熟度模型集成（TMMi）3级认证、ISO9001质量管理体系认证、ISO20000信息技术服务管理体系认证、IS027001信息安全管理体系认证。通过部署人工智能、云计算、大数据、移动互联网、分布式计算和区块链等先进金融科技，公司致力于构建安全可控、普惠民生、开放共赢格局，在关键技术领域服务现代化金融发展大局，更好地为各利益相关方创造更大价值，为大中企业、小微企业以及每个个体提供优质金融服务。,"https://www.zhaopin.com/jobdetail/CC120408370J40606452308.htm?refcode=4019&srccode=401901&preactionid=a7c1140f-c46c-45e5-b867-ab342d8bdc77"
2781,Java,南京-雨花台区,8000-10000元·13薪,北京直真科技股份有限公司,"运营商/增值服务,通信/网络设备,计算机软件",1000-9999人,已上市,CC184734520J40760247314,岗位职责： 1、参与Java应用程序的设计、开发、测试和维护； 2、分析和解决软件开发过程中的问题，确保代码质量和性能； 3、协助进行需求分析，并根据客户需求提供技术解决方案； 4、撰写和维护相关技术文档； 5、参与代码评审和团队技术讨论，提升整体技术水平； 任职要求： 1、计算机科学、软件工程或相关专业的本科或以上学历； 2、3-5年左右Java开发经验，熟悉Java核心技术（如集合框架、并发、多线程等）； 3、熟练使用Spring、MyBatis等主流Java框架； 4、了解数据库设计及SQL语言，具备使用主流数据库（如MySQL、PostgreSQL等）的经验； 5、具备良好的问题解决能力和团队合作精神，能使用项目管理平台进行自我的任务管理； 6、良好的沟通能力和学习能力，能快速适应新的技术和工作环境。 加分项： 1.有大模型预训练、微调、部署经验，或参与过相关竞赛/开源项目。 2.熟悉分布式训练、模型压缩、Prompt Engineering等技术。 3.具备较强的英文论文阅读能力或算法复现能力。 其他：对AI技术有热情，具备快速学习能力，责任心强，能适应团队协作。,5月29日,直真科技（股票代码：003007）成立于2008年11月，公司主营业务为信息通信技术（ICT）运营管理领域的软件开发、技术服务、系统集成以及第三方软硬件销售业务。公司专注于为国内电信运营商和大型企业客户的信息网络和IT基础设施提供统一、融合、智慧、赋能的运营支撑系统（OSS）全面解决方案，主要包括网络管理支撑及服务运营支撑两大系列产品，涵盖咨询、规划、设计、开发、测试、维护、运营等全周期专业技术服务，协助用户对其设备、网络、业务、客户以及相关的IT基础设施等进行综合管理与服务。多年来，公司采取技术能力平台化、组件化和产品化的策略，围绕用户需求进行技术创新，运用包括云计算、大数据和人工智能等技术手段，帮助用户应对市场变化，提高运营效率，提升服务质量，增强核心竞争力。公司积极拓展业务领域，在以运营支撑系统为核心业务的基础上，以具有自主知识产权的企业经营管理支撑系列产品为抓手，逐步延伸至管理支撑系统（MSS）业务领域。,"https://www.zhaopin.com/jobdetail/CC184734520J40760247314.htm?refcode=4019&srccode=401901&preactionid=a7c1140f-c46c-45e5-b867-ab342d8bdc77"
2782,Java,深圳-龙岗区,1.7-3万·14薪,外企德科数字技术有限公司,专业技术服务,10000人以上,,CCL1480117890J40760779305,1. 熟悉Java/Python/C/C++任何一种语言 2. 具备扎实的计算机基础，熟悉数据结构、算法和网络编程等知识点。 3. 具备初步的Web开发经验，熟悉HTML、CSS、JavaScript等前端技术。 4. 具有较强的自学能力、问题解决能力和团队协作能力。,2025-07-27 00:24:03,外企德科数字技术有限公司是一家2023年新成立的中外合资企业。成立于2023年11月24日，公司定位：专注于为信息技术企业提供人才及数字技术外包解决方案的中外合资企业。它是由中国人力资源服务行业的FESCO（北京国际人力资本集团）与全球人力资源服务领导者The Adecco Group（德科集团）合资成立的。公司主要提供网络技术服务、软件外包服务、计算机系统服务、技术进出口、软件开发等信息技术相关服务。专注于为信息技术企业提供信息技术类人才及数字技术外包解决方案。,"https://www.zhaopin.com/jobdetail/CCL1480117890J40760779305.htm?refcode=4019&srccode=401901&preactionid=a7c1140f-c46c-45e5-b867-ab342d8bdc77"
2783,软件测试,沈阳-浑南区,1-1.5万,中国科学院沈阳自动化研究所,"学术/科研,云计算/大数据",1000-9999人,未融资,CC200588210J40691195712,中国科学院沈阳自动化研究所检验检测认证中心拥有“国家机器人质量检验检测中心（辽宁）”与“国家机器人检测与评定中心（沈阳）”两个国家级CMA、CNAS检测资质，具有中国国家认证认可监督管理委员会批准的产品认证机构资质，面向社会开展机器人产品CR认证。中心集检测认证、标准制修订、计量校准、科研开发为一体，是机器人行业领先的第三方国家级专业检测认证机构。 岗位名称：软件测试工程师   招聘人数：2   学历要求：优秀硕士   学科/专业要求： 自动化、计算机、软件、机械电子工程、电气、电子等学科的相关专业。   岗位职责：  负责嵌入式、FPGA软件测试工作，具体内容如下： 1. 软件测试需求分析：根据项目需求，制定详细的测试计划。 2. 参与软件研制各阶段评审：参与软件研制任务书、需求规格说明、设计说明等评审。 3. 设计测试用例：搭建软件测试环境，开发软件测试用例。 4. 执行测试：按照测试计划，完成各项软件测试。 5. 软件缺陷分析与管理：记录缺陷信息、分配修复任务、验证修复结果等。 6. 编写测试报告：编写测试报告，总结测试过程与结果。   知识/经验： 熟练掌握一种或多种编程语言，熟悉软件测试工作，熟悉软件测试工具。 具备嵌入式软件研发、测试经历者优先，或有长期在软件测试机构从事软件测试工作经历者优先。 具有一定的技术文件撰写能力和良好的表达、沟通、协调能力。,5月29日,中国科学院沈阳自动化研究所成立于1958年，位于东北亚中心城市、历史文化名城——沈阳，目前全所员工1300余人。研究所主要研究方向为机器人、智能制造和光电信息处理。六十多年来，沈阳自动化所在自动化科学与工程领域不断探索，为满足国家战略需求、国民经济和社会发展做出了突出贡献。研究所的科研成果得到了国内外领导人和社会媒体的广泛关注，连续两次入选由两院院士评选出的中国十大科技进展，获得国家、中科院、各部委及地方奖励300余项。作为中国机器人事业的摇篮，在中国机器人事业发展历史上创造了二十多个第一，引领中国机器人技术的研究发展。研究所是机器人学国家重点实验室、机器人技术国家工程研究中心、国家机器人质量监督检验中心、国家机器人检测与评定中心、国家机器人标准化总体组秘书处等多个国家级平台的依托单位，具有优良的科研、试验、工作条件。拥有中国机器人领域龙头企业——新松公司、中科博微、新松医疗、芯源微电子等十余家高技术企业，其中四家已上市。研究所依托两个国家级国际合作基地，先进机器人学与机构学国际联合研究中心、工业物联网技术国际联合研究中心，与科技发达国家与地区的科研机构签署战略合作协议，开展深入合作研究及联合试验，在基础研究及应用研究领域取得了丰硕成果。通过引进和培养，形成了一支由中国工程院院士、海外高层次人才引进专家及国家杰出青年基金获得者、国家科技计划领域专家、优秀青年基金获得者等组成的高层次人才团队。 2015年，研究所获批建设中国科学院机器人与智能制造研究院。2018年，与中国科学院大学成立了机器人与智能制造学院。2019年，研究所入驻位于沈阳市浑南新区的近600亩新园区。研究所在长三角、珠三角地区的广州、等地拥有6个分支机构，深度参与粤港澳大湾区建设。研究所发展快速、科研经费充足，为构建国际一流的国立科研机构，现面向全球招聘自动化领域各类层次人才。,"https://www.zhaopin.com/jobdetail/CC200588210J40691195712.htm?refcode=4019&srccode=401901&preactionid=a7c1140f-c46c-45e5-b867-ab342d8bdc77"
2784,科研人员,唐山-路南区,1-2万,湖南潇湘人力资源服务有限公司,"人力资源服务,培训/辅导服务,房地产中介,计算机硬件",300-499人,B轮,CC419440410J40707381916,博士硕士以及有留学经历的学士引进计划开始，需要博士硕士及有留学经历的学士人员参加，加入硕博高层次人才库，有愿意参加地方启*人才、领*人才、泰*人才 、火*人才、招才引智计划、海外优才计划等项目，都可以投递简历，可专职兼职灵活参加各各类**、企业、高校等项目，欢迎国内外博士硕士及有留学经历的学士人才投递简历（（学士报名必须有中留服认证，硕士博士可直接报名），可专兼职参加。 本公司有丰富的博士硕士人才库，有博士硕士项目也可洽谈沟通。,6月30日,湖南潇湘人力资源服务有限公司，系经工商行政管理局批准设立的，具有独立企业法人资格，并经人力资源和社会保障部批准备案，具有合法人力资源服务资质的，专业人力资源服务机构。公司积极响应国家号召，搭建供需平台，畅通就业渠道，充分发挥人力资源机构在促进就业中的积极作用，多渠道扩大就业。公司致力于打造成为立足湖南、覆盖全国的综合性专业人力资源服务供应商，依托于招聘会场和网络平台，为各企事业单位开展现场招聘、网络招聘、报纸招聘、代理招聘、招聘外包、劳务派遣、高级人才猎头和人力资源管理咨询等专业配套服务；为求职个人提供职业咨询、职业指导、职业介绍等就业服务。公司现场招聘平台--湖南招聘市场，于每周六、周日在贺龙体育场东门举办招聘会，欢迎各企事业单位和各类人才通过现场直面交流，我们将以专业、专注的精神，为您招才、择业，提供全面、优质的服务！招聘热线：400-000-7318、0731-83759001/02/03/04/05/06/07/08/09/10招聘会场：贺龙体育场正东门--湖南招聘市场(芙蓉中路、侯家塘北、摩天轮广场上台阶)乘车路线：1：乘105、115、150、159路至“侯家塘北”2：乘101、104、701、702、703、905路、长株潭201路至“侯家塘-芙蓉中路”3：乘旅2、2、4、8、104、123、137、140、145、160、202、314、402、601、803、804、906、908路至“侯家塘西”往芙蓉路至“侯家塘北”详情请访问： http://www.hnzpsc.com,"https://www.zhaopin.com/jobdetail/CC419440410J40707381916.htm?refcode=4019&srccode=401901&preactionid=a7c1140f-c46c-45e5-b867-ab342d8bdc77"
2785,测试工程师,成都-武侯区,4000-7000元,成都安普利电子有限责任公司,"电子/半导体/集成电路,船舶/航空/航天/火车制造",100-299人,未融资,CC293162510J40364225510,一、工作职责  1.主要负责放大器、混频组件的测试、调试、实验工作；,4月14日,成都安普利电子有限责任公司成立于2006年9月，注册资金1000万元，位于成都市武侯区西部智谷科技园区内，是一家专业从事研发、生产和销售微波射频部件、组件及分机的高新科技民营企业。公司营业面积约2000平方米（其中：专门建立了净化等级为10万级的电子净化厂房300余平方米）。公司目前专业方向和技术核心主要面向于无源探测领域，产品聚焦于检波对数放大器、宽带变频、功放、通讯四类微波射频模块及分机，产品主要应用于电子对抗、雷达、通讯等领域，产品性能指标处于国内外的领先水平。公司于2016年7月取得军工三级保密资质证书，2021年将取得军工二级保密资质证书，2018年11月通过GJB9001C-2017和武器装备承制两证合一的审核。公司以“成为国内一流的微波器部件及组件供应商”为发展愿景，“服务于军工，献身于国防”为使命，秉承“客户优先、诚信、专注与坚持、团队合作、不断创新”的核心价值观。希望通过我们的不懈努力，为客户提供良好的产品和服务来实现共赢、共发展的和谐局面。微组装产线属智谷园区行业内规模最大的企业对数放大器位技术属国内领先水平宽带变频具备国内最先进技术实行合伙人制，合伙人收入年薪过百,"https://www.zhaopin.com/jobdetail/CC293162510J40364225510.htm?refcode=4019&srccode=401901&preactionid=a7c1140f-c46c-45e5-b867-ab342d8bdc77"
2786,科研人员,天津-河西区,1.5-2万,中交天津港湾工程研究院有限公司,"建材,建材,建筑设计,工程施工",100-299人,未融资,CC260212310J40312505604,岗位职责: 1、负责科研开发及试验检测项目计划大纲、试验方案的制定与实施； 2、负责科研立项和课题开发，以及按照有效版本的技术标准、规范、规程进行试验检测工作； 3、负责相关项目的数据分析、报告编写以及项目完成后的技术档案归档； 4、负责领导交办的其他工作。 任职条件: 1、博士毕业生； 2、机械电子工程 、动力机械及工程、流体机械及工程、新能源科学与工程、海洋测绘、智能时空信息技术、新能源发电与电能存储 、环境岩土工程、自动化及机械、智慧建造专业。 3、爱岗敬业、工作严谨细致、踏实肯干，具备强烈的责任心、职业道德、较强的组织协调能力、抗压能力及团队合作精神。 职位福利： 五险一金、采暖补贴、绩效奖金、带薪年假、定期体检、节日福利、包吃、包住,2月18日,"中交天津港湾工程研究院有限公司（以下简称“港研院”,网址：www.tpei.com.cn）始建于1959年，现隶属于世界500强企业——中国交通建设集团有限公司，是紧密结合港口、海岸、海洋及其他土木工程实践，集科研、设计、施工于一体的综合性研究院。经过近60年的不断发展，港研院现已形成了以港口岩土工程、海工特种混凝土、结构混凝土无破损检测、海工钢结构防腐、水工模型试验及水动力数学模型、各类桩基的动静载试验、灌注桩及地下连续墙施工工艺、专用测试仪器和施工设备自动控制等有鲜明特色的技术体系。主持参加了多项水运工程建设标准规范的编制工作，提交各类试验、研究成果2000余项，为国内外港口、船坞、公路、桥梁、机场、电厂等工程建设做出了贡献，创造了巨大的技术经济和社会效益。港口岩土工程技术交通行业重点实验室、天津市港口岩土工程技术重点实验室、中交海岸工程水动力重点实验室、博士后科研工作站相继成功组建，2009年被认定为国家高新技术企业，2010年以港研院为主体的技术中心获评国家级企业技术中心。","https://www.zhaopin.com/jobdetail/CC260212310J40312505604.htm?refcode=4019&srccode=401901&preactionid=a7c1140f-c46c-45e5-b867-ab342d8bdc77"
2787,Java,武汉-洪山区,1.1-1.7万,软通动力信息技术(集团)股份有限公司,"互联网,IT服务,计算机软件",10000人以上,D轮及以上,CC000544460J40726740316,岗位内容： 1. 负责Java应用程序的设计与开发，包括需求分析、系统设计、编码和测试等环节。 2. 研究新技术，不断提升开发效率和程序性能。 3. 改进现有系统、优化系统资源，提高系统稳定性和可靠性。 4. 参与团队内部培训、交流与分享会议，促进整个团队技术水平的提升。 任职要求： 1. 熟悉Java语言，熟练掌握Spring框架及相关开源技术。 2. 具备扎实的计算机基础，熟悉数据结构、算法和网络编程等知识点。 3. 具备初步的Web开发经验，熟悉HTML、CSS、JavaScript等前端技术。 4. 具有较强的自学能力、问题解决能力和团队协作能力。 3个地址： 1.湖北/武汉/洪山区 武汉软件新城-A5栋 2.湖北/武汉/洪山区 武汉未来科技城F3栋 3.葛洲坝国际中心,7月25日,软通动力信息技术（集团）股份有限公司（以下简称“软通动力”）是中国数字技术产品和服务创新领导企业，致力于成为一家具有全球影响力的科技企业，企业数字化转型可信赖合作伙伴。公司2005年成立于北京，多年来始终坚持科技创新，具有软硬全栈的智能技术产品和服务能力，提供软件与数字技术服务、计算产品与数字基础设施、数字能源与智算服务以及国际化服务。目前，公司在10余个重要行业服务超过1100家国内外客户，其中超过230家客户为世界500强或中国500强企业，员工近90000人。软通动力拥有软通咨询、软通金科、软通工业互联、机械革命、软通华方等业务子品牌，并在全球40余个城市布局业务，构建北美、日本、东南亚、中东四大国际交付中心，在北京城市副中心、江苏无锡建设两大智能制造基地。同时，公司前瞻布局智能制造、ICT软硬基础能力和生产力智能化产品，打造产业链闭环。软通动力设立30个能力中心，拥有1个国家级工程实验室，6个省市政府认定的工程、技术实验室及研发中心，1个博士后科研工作站，50+技术合作伙伴的生态合作体系，不断探索前沿技术的巨大商业应用潜力。公司旗下教育品牌软通教育，拥有一家全日制本科学院——郑州西亚斯学院数字技术产业学院；同时在全国合作院校600多所，设有70多个校企联合人才培养基地，通过校企合作、协同育人，为社会培养高素质应用型人才。软通动力先后获得“2023年中国IT服务市场排名TOP 1”、“2024年Q4 PC出货量国内市场份额排名TOP 2”、“2024年中国软件和信息技术服务竞争力百强企业”、“2023年中国信创企业100强”、“2024万得ESG评级（Wind ESG Rating）AA级及信息技术服务行业ESG综合得分排名第一”等荣誉及市场认可，并拥有全球软件工程领域最高级别CMMI V2.0成熟度5级评估认证、国家研发运营一体化（DevOps）三级能力成熟度模型认证、信息技术服务标准（ITSS）运维能力成熟度一级认证等专业资质，支撑公司更优质的服务体系。,"https://www.zhaopin.com/jobdetail/CC000544460J40726740316.htm?refcode=4019&srccode=401901&preactionid=a7c1140f-c46c-45e5-b867-ab342d8bdc77"
2788,C/C++,日本-None,2.5-5万,株式会社GSD,"计算机软件,专业技术服务,IT服务,人力资源服务",100-299人,未融资,CC293515380J40686825011,岗位内容：  1. 设计、开发和维护高质量的C++应用程序； 2. 实现并优化算法和数据结构； 3. 负责软件系统的性能优化和调试； 4. 参与项目需求分析和技术选型。 任职要求：  1. 熟悉C++编程语言，具备扎实的编程基础；日语要求N2水平以上优先 2. 具有良好的算法和数据结构基础； 3. 熟练使用常见的开发工具，如VS、Eclipse等； 4. 具备较强的沟通协调能力和团队合作精神； 5. 有扎实的计算机科学/软件工程背景。,7月26日,株式会社GSD是一家引进先进成熟的技术经验，整合中日人才资源，在人才介绍、派遣等方面为企业提供全方位的人力资源解决方案，致力于打造高品质的技术型外包服务企业，做客户信赖的技术支持伙伴，全心全意为客户提供一站式的服务的公司。株式会社GSD成立于2015年，公司设在东京文京区。以软件开发、软件委托开发和互联网服务为主要业务的高科技企业，主要擅长基于互联网的各种应用项目的开发，尤其在金融领域(银行、证券、保险）商业、物流等领域，拥有一批经验丰富的工程师队伍活跃在开发前线。公司自成立以来发展迅速，凭借一流的开发技术与管理经验，与日本多家企业建立了密切的合作关系。并且，获得了客户的一致好评。本公司提倡以人为本的经营理念，在工作中坚持提高人、培养人、尊重人、为了人的用人原则，努力创造相互信赖、团结的职场氛围。现诚招有识之士加盟我们，我们愿为您提供优厚的待遇和施展才华的空间，欢迎加入GSD与我们携手共同发展。,"https://www.zhaopin.com/jobdetail/CC293515380J40686825011.htm?refcode=4019&srccode=401901&preactionid=a7c1140f-c46c-45e5-b867-ab342d8bdc77"
2789,科研人员,保定-涿州市,2-3万,北京灵禾科技发展有限公司,"金属制品业,贸易/进出口",100-299人,,CC881784510J40670778908,1、博士及以上学历，机械相关专业，英语四级以上； 2、有一定量的发明专利编写，有设计仿真经验者优先； 3、精密运动控制平台的机械设计、运动控制研发方向优先； 4、接受应届毕业生。,7月20日,我公司是生产和设计的空气轴承元件和超精密加工零件，用于中国先进的曝光机，先后和清华大学和上海微电子参与完成了3项863项目（曝光机）和国家重大科技专项。国内市场，在气浮轴承这个专业细分领域，国内知名度颇高，产品成为客户的首选。我公司的产品运用领域集中在：半导体制造领域的企业、高科技创新型企业、科研院所、大学、航空、航天等企业。我公司的忠实客户中有20多所国内知名大学，清华大学、哈尔滨工业大学、北京航空航天大学、浙江大学等都和我们保持长期合作的关系。中国科学院微电子研究所、北航天科技集团控制仪器研究所、中国电子科技集团、中科院成都光电所、航空精密机械研究所等国内权威科研机构也是我们的重点客户，他们对于我公司的产品给予的很大的肯定。同时我公司作为高端制造企业的供应商，一直跟跑国内外领先科技企业和上市公司，上海微电子装备（集团）股份有限公司SMEE、海克斯康HEXAGON、北京华卓精科科技股份有限公司、蔡司中国、大族数控等。产品也获得十多家海外500强企业的青睐，每年出口额度以百分之30%递增。,"https://www.zhaopin.com/jobdetail/CC881784510J40670778908.htm?refcode=4019&srccode=401901&preactionid=a7c1140f-c46c-45e5-b867-ab342d8bdc77"
2790,实施工程师,长春-绿园区,4000-8000元,山东锋火动力通信科技有限公司,通信/网络设备,100-299人,未融资,CC839348950J40921489304,技术工程师2名 1、大专及以上学历，电子信息、电子技术类工科专业背景； 2、具有良好的客户沟通能力、工作认真负责、严谨细致，有良好的团队精神、较强的学习能力； 3、能熟悉应用常用的办公软件； 4、工作经验不限； 5、具有开关电源、动环监控售后服务工作、持有C1及以上驾照者优先。 薪资面议   岗位职责： 1、负责通信行业各品牌、规格型号的开关电源、动环监控设备的技术支撑、故障判断、技术指导、技术咨询、客户培训等； 2、对设备的故障原因进行分析汇总，编制用户指导手册、月度工作报表。,7月3日,公司主要从事通信网络领域内的技术开发，微站动环监控系统(FSU)，微站电源，通信电源，磷酸铁锂电池架（柜），无线无源智能测温系统，配电开关控制等设备的设计，生产，研发、销售、维修等服务和专控通讯器材的维修与销售，信息系统集成服务，新能源技术推广服务，节能技术推广服务。,"https://www.zhaopin.com/jobdetail/CC839348950J40921489304.htm?refcode=4019&srccode=401901&preactionid=a7c1140f-c46c-45e5-b867-ab342d8bdc77"
2791,测试工程师,兰州-城关区,6000-8000元,杭州华宇航天科技有限公司,"船舶/航空/航天/火车制造,专用设备制造",20-99人,未融资,CCL1467224050J40814669508,1.大专学历以上 2.应用电子技术、数控技术、机械工程、真空技术、测控技术、电气自动化、电子信息工程或其他工科类相关专业 3.年龄23-30岁，服从管理、善于观察思考、具备良好的沟通能力、学习能理强、有吃苦耐劳、努力进取的精神，团队意识强。,7月25日,杭州华宇航天科技有限公司（前身为兰州华宇航天技术应用有限责任公司）系中国航天科技集团有限公司第五研究院第五一〇研究所的全资子公司、中国真空学会团体会员、浙江省高新技术企业。公司以航天五一〇所真空及低温制冷专业为依托，全面推动航天技术转化为民用技术，是专业开展真空技术创新、成果转化、产业化推广应用的科技创新型公司。公司坐落于杭州市西湖区世豪机械园区，占地面积约7亩，有近5500平米的生产和办公场所，各类生产设备总值超过7000万元，拥有一支高科技研发团队和现代化企业管理人才队伍。目前以商业航天电推进、高端真空计量检测仪器仪表、商用原子钟、真空、低温制冷装备等产品的研发、规模化生产及技术服务为主业，是航天五一〇所商业航天电推进业务和国产高端真空计量检测仪器仪表业务板块的承载主体。基于“建设成为商业航天电推进、商用原子钟、国产高端真空计量测试仪表等真空应用产品的国内一流生产制造企业”的发展定位，公司热诚欢迎各界朋友前来交流洽谈，为实现中国航天梦，强国梦携手奋进，共创未来。,"https://www.zhaopin.com/jobdetail/CCL1467224050J40814669508.htm?refcode=4019&srccode=401901&preactionid=a7c1140f-c46c-45e5-b867-ab342d8bdc77"
2792,Java,成都-郫都区,1.5-3万,外企德科数字技术有限公司,专业技术服务,10000人以上,,CCL1480117890J40786015305,工作内容: 1.负责研发领域IT系统技术方案的设计，开发等工作; 2.负责项目开发过程中的技术攻关及解决运行中出现的技术问题; 3.负责产品核心模块的代码编写和测试; 4.负责产品疑难问题的分析和定位。 岗位要求: 1.统招学历学位证，毕业证，学信网可查; 2.热爱编程，基础扎实，熟悉掌握但不限于JAVA/Python/JS/HTML/GO/C/C++/C#等编程语言中的一种或数种，有良好的编程 习惯; 3.具备独立工作能力和解决问题的能力、善于沟通、乐于合作、热衷新技术、善于总结分享，喜欢动手实践,2025-07-27 00:25:27,外企德科数字技术有限公司是一家2023年新成立的中外合资企业。成立于2023年11月24日，公司定位：专注于为信息技术企业提供人才及数字技术外包解决方案的中外合资企业。它是由中国人力资源服务行业的FESCO（北京国际人力资本集团）与全球人力资源服务领导者The Adecco Group（德科集团）合资成立的。公司主要提供网络技术服务、软件外包服务、计算机系统服务、技术进出口、软件开发等信息技术相关服务。专注于为信息技术企业提供信息技术类人才及数字技术外包解决方案。,"https://www.zhaopin.com/jobdetail/CCL1480117890J40786015305.htm?refcode=4019&srccode=401901&preactionid=a7c1140f-c46c-45e5-b867-ab342d8bdc77"
2793,科研人员,北京-昌平区,1.5-2万,北京清华前沿交叉创新研究院,学术/科研,100-299人,不需要融资,CCL1493967750J40856171515,工作职责： 1.支撑实验室重点项目开展 2.按计划进行柔性可穿戴柔性化设计与开发研究 3.参加相关学生的培养　 4.参与实验室及学校公共服务 5.领导交办的其它工作内容 任职要求 1、满足学校相关规定的基本任职要求 2、具有相近专业的科研背景 3、与实验室有一致的科研目标 4、有相关科研工作经验优先,6月23日,北京清华前沿交叉创新研究院是在北京市民政局批准成立的科技类民办非企业单位，由清华大学和清华大学教育基金会共同发起，北京市科委、中关村管委会和昌平区人民政府共同支持建设，清华大学指导日常运行管理。研究院为清华大学高端装备界面科学与技术、新型电力系统运行与控制等共14家全国重点实验室在昌平南口基地的建设与运行提供支撑，研究领域涵盖了新一代信息技术、生物技术、智能制造、新材料、绿色能源等北京市重点发展领域。,"https://www.zhaopin.com/jobdetail/CCL1493967750J40856171515.htm?refcode=4019&srccode=401901&preactionid=a7c1140f-c46c-45e5-b867-ab342d8bdc77"
2794,C/C++,杭州-萧山区,2-2.5万·15薪,杭州新诺微电子有限公司,电子/半导体/集成电路,300-499人,不需要融资,CCL1276149840J40704120505,岗位描述 1.负责主控业务逻辑应用软件的相关开发，包括：曝光机的整体运行控制、设备对接、数据传输和网络通讯等。 岗位要求 1. 计算机、电子相关专业985硕士及以上学历； 2. 精通C++编程技术，熟悉PYTHON脚本语言，熟悉GIT等代码管理工具； 3. 熟悉RESTFUL技术，熟悉SOAP，HTTP等。熟悉JSON、XML等技术，熟悉SQLITE、MYSQL数据库技术。 熟悉SOCKET编程，对TCP/IP有较深入的理解，并有较深厚的功底； 4. 熟悉MFC、QT等构架，能够熟练的进行运用并能指导其他程序员进行工作； 5. 精通设计模式和架构设计技术，能够熟悉的书写架构设计文档； 6. 能够通过思维导图和流程图输出文档，并具有组织讨论的能力。,11月17日,新诺科技股份有限公司是一家研发驱动型公司，是专业从事“微纳激光直写（数字化）光刻设备（系统）及延伸产品”的研发、智造、销售和服务的高新技术企业，以杭州、中山、湖州为基地，已积累10年以上产业化经验。目前员工规模近300人，本科及以上学历占比60%，其中博士学历超10人，硕士学历近50人，研发团队近100人。主要产品有激光直接成像设备及自动线系统、机器视觉系统、激光切割系统等，光刻精度涵盖微米到纳米，广泛应用于印刷电路板、IC载板，高精度掩模板、半导体封装及材料、光电显示、太阳能电池等领域，截至2022年6月底客户端存量设备超630台，也是行业内设备出口北美、欧洲的唯一公司。公司这几年发展迅速，营收持续翻倍，资金储备扎实，无有息负债。新诺科技拥有完整的自主知识产权，具有多项行业关键技术专利和国际专利；在数字化光刻核心技术领域具有丰富的技术积累，在系统集成、紫外光学及光源、高精度高速实时自动对焦、高精度高速对准多层套刻、高精度多轴高速大行程精密驱动控制、高速实时高精度图形处理、高精度多分区自由涨缩处理、高速智能运动平台和自动化技术等方面都实现了自主可控。近年来，公司持续加大技术研发投入，持续增厚自有研发力量，实现了技术在深度和广度上的迭代式发展，践行着全球无掩模光刻技术引领者的行业担当和社会责任。新诺科技通过自身的努力期望为行业做出更多的贡献，创造更多的价值，不忘初心，勇于奋进。,"https://www.zhaopin.com/jobdetail/CCL1276149840J40704120505.htm?refcode=4019&srccode=401901&preactionid=a7c1140f-c46c-45e5-b867-ab342d8bdc77"
2795,软件测试,深圳-龙华区,5000-7000元·13薪,深圳市欣和信息技术有限公司,计算机软件,20-99人,,CCL1479631300J40870777215,岗位内容： 1. 设计和执行测试用例，并记录测试结果。 2. 分析并报告软件缺陷，包括重现步骤、缺陷严重程度和影响范围。 3. 参与产品设计过程，提供测试建议和反馈。 4. 开发自动化测试脚本和工具。 5. 执行性能和负载测试的任务。 任职要求： 1. 具有大专以上学历，计算机科学或相关领域优先。 2. 了解测试相关流程。 3. 优秀的沟通和协作能力，能够与跨部门的团队成员合作。,2025年07月30日,,"https://www.zhaopin.com/jobdetail/CCL1479631300J40870777215.htm?refcode=4019&srccode=401901&preactionid=a7c1140f-c46c-45e5-b867-ab342d8bdc77"
2796,实施工程师,温州-鹿城区,8000-16000元,青岛安然物联网科技有限公司,"物联网,物联网",20-99人,未融资,CC559764920J40884194604,岗位职责： 1. 负责石化、化工厂人员定位系统的现场实施、现场交付和技术赋能等工作。 2. 对接客户需求，进行需求调研，制定详细的施工方案和计划。 3. 确保项目按照既定的时间节点和质量要求完成交付。 4. 对已交付的项目进行后期技术支持与维护。 岗位要求： 1. 年龄在25-35岁之间。 2. 能够适应经常出差的工作要求。 3. 熟悉信息化、弱电及工业互联网相关技术。 4. 具备良好的沟通协调能力和问题解决能力。,7月22日,基于精准人员定位的工业安全生产信息化管理专家，安全生产信息化管理引领者！作为全国实时定位技术标准工作组成员和应急管理部“工业互联网+危化安全生产”人员定位系统技术支持机构，安然从2012年起致力于基于ZigBee Plus三维立体按需精准定位的“工业互联网+安全生产”的研究，获得了20多项安全智能管控系统发明专利和著作权，持续引领中国化工行业生产现场智慧安全！安然以“准、稳、狠”的ZigBee Plus三维立体按需精准人员定位统和“底数清、数据准、情况明、研判准、措施实”的安全生产信息化平台为核心，整合访客管理、出入口控制、人脸识别、视频监控、语音广播、重大危险源监控、可燃有毒气体监测等系统，对生产现场人、机、料、法、环五大要素进行实时、动态、智能管控和预警，规范人的安全行为，保障人的生命安全，有效防范风险、主动化解风险，实现智慧安全。安然“以用为本”，把安全生产信息化建设与公司管理体系“深度融合”，把安全生产信息化建设与日常工作“紧密结合”，对安全生产切实“有用、实用、好用”，避免建用“两张皮”，让安全管控更智能，让生产更高效才实用。迄今已服务中石化、中石油、延长石油、国能、兖矿、京能、索普、新安、奇美、昊源、潞安、旭阳、垦利、逸盛、海科、酒钢、金发等几百家石化、化工、选煤、钢铁、电厂企业。安然以客户为中心，以强者为本，抬头乐干，愿意与同道中人联合、链接，携手共建、共用、共享生产安全命运共同体，一起干，一起干，让优秀企业更安全，让优秀企业更高效！,"https://www.zhaopin.com/jobdetail/CC559764920J40884194604.htm?refcode=4019&srccode=401901&preactionid=a7c1140f-c46c-45e5-b867-ab342d8bdc77"
2797,前端开发,西安-雁塔区,3000-4000元,威发系统(中国)有限公司,"IT服务,计算机软件,运营商/增值服务,计算机硬件",100-299人,未融资,CC131247800J40848101415,Main Responsibilities： 1、参与产品/项目的Web前端开发工作； 2、配合 PM和 UI 设计实现页面展现和交互效果； 3、完成开发任务自测及文档输出。 Qualifications & Skills: 1、研二实习生，计算机软件、通信、电子及相关专业，有扎实的计算机和网络通信基础知识； 2、熟悉 HTML5和CSS3，可熟练进行页面布局与样式开发； 3、掌握JavaScript基础语法及了解 ES6 及以上特性； 4、基于react进行简单组件的开发与使用； 5、能使用npm/yarn进行项目依赖管理，了解webpack 等工具； 6、掌握Git基础操作（提交、合并、分支管理）。 7、有开发和参与项目的经验，要求一年，可迅速上手开展工作； 8、有 AI 编程开发经验。,5月26日,威发系统成立于1988年，拥有20余年网络系统集成及10余年独立软件开发经验，主营业务包括：威发智能云办公平台、威思客企业移动办公门户、网络系统集成及专业IT服务等。威发系统总部位于香港，在北京、上海、苏州、福州、广州、西安、成都等地设有分公司和办事处，并在西安设有软件研发中心。威发系统始终致力于为政府、企业用户提供新一代基础网络及基于移动互联网的企业办公、市场营销解决方案，是业界领先的新一代系统集成及应用软件服务提供商，客户覆盖《财富》500强60%以上的大型企业以及数千家中小企业。近年来，威发系统在完善系统集成及解决方案基础上，整合多年系统集成及应用软件开发经验，针对企业智能办公、移动办公需求，独立研发了威发企业智能云办公平台和威思客企业移动办公门户平台。威发企业智能云办公平台包括：智能展板、智能会议、智能无线、智能能源、智能前台、智能工位、智能协作等智能应用系统，可以覆盖一般企业智能办公需求，助力企业智慧办公。威思客企业移动办公门户专注于企业社交网络与企业移动信息化平台建设，基础功能包括：电话会议，网络会议，组织架构，物理会议室预定，日程，任务，日报，审批，考勤等，并可集成威发企业智能云办公平台中的智能办公模块，还可定制开发，整合企业原有OA、ERP、CRM等传统应用，为企业提供一站式的移动办公平台服务。威发系统正在引领企业移动办公趋势，推动企业智慧办公变革。公司文化我们的使命：致力成为新一代互联网及电子商务基础建设方案供应商和服务供应商。我们的理念：超越客户期望;充分授权员工;领导科技先锋;创造理想业绩;不断改进创新。更多信息请浏览公司网站:www.wafersystems.com,"https://www.zhaopin.com/jobdetail/CC131247800J40848101415.htm?refcode=4019&srccode=401901&preactionid=a7c1140f-c46c-45e5-b867-ab342d8bdc77"
2798,实施工程师,晋城-城区,8000-16000元,青岛安然物联网科技有限公司,"物联网,物联网",20-99人,未融资,CC559764920J40884197404,岗位职责： 1. 负责石化、化工厂人员定位系统的现场实施、现场交付和技术赋能等工作。 2. 对接客户需求，进行需求调研，制定详细的施工方案和计划。 3. 确保项目按照既定的时间节点和质量要求完成交付。 4. 对已交付的项目进行后期技术支持与维护。 岗位要求： 1. 年龄在25-35岁之间。 2. 能够适应经常出差的工作要求。 3. 熟悉信息化、弱电及工业互联网相关技术。 4. 具备良好的沟通协调能力和问题解决能力。,7月13日,基于精准人员定位的工业安全生产信息化管理专家，安全生产信息化管理引领者！作为全国实时定位技术标准工作组成员和应急管理部“工业互联网+危化安全生产”人员定位系统技术支持机构，安然从2012年起致力于基于ZigBee Plus三维立体按需精准定位的“工业互联网+安全生产”的研究，获得了20多项安全智能管控系统发明专利和著作权，持续引领中国化工行业生产现场智慧安全！安然以“准、稳、狠”的ZigBee Plus三维立体按需精准人员定位统和“底数清、数据准、情况明、研判准、措施实”的安全生产信息化平台为核心，整合访客管理、出入口控制、人脸识别、视频监控、语音广播、重大危险源监控、可燃有毒气体监测等系统，对生产现场人、机、料、法、环五大要素进行实时、动态、智能管控和预警，规范人的安全行为，保障人的生命安全，有效防范风险、主动化解风险，实现智慧安全。安然“以用为本”，把安全生产信息化建设与公司管理体系“深度融合”，把安全生产信息化建设与日常工作“紧密结合”，对安全生产切实“有用、实用、好用”，避免建用“两张皮”，让安全管控更智能，让生产更高效才实用。迄今已服务中石化、中石油、延长石油、国能、兖矿、京能、索普、新安、奇美、昊源、潞安、旭阳、垦利、逸盛、海科、酒钢、金发等几百家石化、化工、选煤、钢铁、电厂企业。安然以客户为中心，以强者为本，抬头乐干，愿意与同道中人联合、链接，携手共建、共用、共享生产安全命运共同体，一起干，一起干，让优秀企业更安全，让优秀企业更高效！,"https://www.zhaopin.com/jobdetail/CC559764920J40884197404.htm?refcode=4019&srccode=401901&preactionid=a7c1140f-c46c-45e5-b867-ab342d8bdc77"
2799,软件测试,重庆-江北区,4000-6000元,中弘利(重庆)科技有限公司,计算机软件,20-99人,,CCL1499527700J40778072907,岗位职责: 1. 参与软件测试流程，协助完成测试活动，确保测试质量； 2. 设计和执行测试用例，记录并跟踪发现的问题； 3. 与开发团队紧密合作，共同提升软件性能和用户体验。 任职要求： 1. 对软件测试有浓厚兴趣，具备良好的学习能力； 2. 拥有良好的逻辑思维能力和细致的工作态度； 3. 能够清晰表达，有效沟通，协助解决问题； 4. 积极主动，有责任心，能够适应快节奏的工作环境。,7月29日,,"https://www.zhaopin.com/jobdetail/CCL1499527700J40778072907.htm?refcode=4019&srccode=401901&preactionid=a7c1140f-c46c-45e5-b867-ab342d8bdc77"
2800,测试工程师,乌鲁木齐-水磨沟区,6000-9000元,易宝软件科技(南京)有限公司,"计算机软件,计算机软件,人工智能,企业服务",1000-9999人,不需要融资,CC509286380J40682394506,,2025年07月28日,公司简介：上海易宝软件有限公司是由同济大学和易宝系统（中国）有限公司（香港上市公司）联合创办的一家专门提供软件开发、测试服务的高新技术企业。公司主要承接海外著名跨国集团的大型软件项目，同时也为欧美、香港、新加坡及国内企业提供软件开发服务。公司成立近6年来，不仅积累大量的软件开发经验，还通过导入CMMI标准，规范公司内部的软件开发流程，并已于2007年10月取得CMMI-5评估认证。同时易宝集团的业务也不断扩大，以香港为本部，除上海易宝外，在广州、北京、深圳、南京、成都、武汉、西安等地设立分公司与办事处。上海易宝软件有限公司深圳分公司成立于2007年，主要业务是为业界领先的华为软件公司提供软件开发和软件测试服务，为香港大型企业提供项目研发服务。公司良好的企业文化和规范流程吸引了众多的优秀学子加盟，并逐渐成为公司的中坚力量。欢迎更多优秀人才加入到我们这个大家庭，为共同的理想一起奋斗！,"https://www.zhaopin.com/jobdetail/CC509286380J40682394506.htm?refcode=4019&srccode=401901&preactionid=a7c1140f-c46c-45e5-b867-ab342d8bdc77"
2801,硬件测试,成都-成华区,8000-12000元,重庆科满福人力资源服务有限公司,企业服务,20-99人,,CCL1487604860J40929113804,【岗位职责】 ： 1、进行新产品研发阶段的测试工作 2、完成新产品的功能测试、可靠性测试、环境测 试、安全测试等技术工作 3、制定测试计划，设计测试用例，分析测试数 据，编制测试报告 4、为其他部门提供技术支持，与其他部门的产品 联合测试工作,7月7日,,"https://www.zhaopin.com/jobdetail/CCL1487604860J40929113804.htm?refcode=4019&srccode=401901&preactionid=a7c1140f-c46c-45e5-b867-ab342d8bdc77"
2802,技术支持工程师,济南-历城区,50-100元/天,济南超级计算技术研究院,云计算/大数据,100-299人,未融资,CCL1293583260J40402577315,1、解决行业用户在超算方面的专业技术问题，包括客户咨询、需求分析、软件使用等； 2、参与行业软件的技术支持工作，包括软件编译、报错排查等； 3、收集并分析客户对算力服务的需求和建议，协助提高产品市场竞争力； 4、完成领导安排的其他相关工作，全生命周期服务好最终客户，提高客户满意度和忠诚度；,6月24日,济南超级计算技术研究院是由山东省科学院、济南市人民政府和历城区人民政府共同举办的“四不像”新型研发机构，于2020年9月完成注册登记，是一家无主管部门，无行政级别，实行企业化管理、市场化运营的独立法人事业单位。研究院秉承“共生共荣”的核心理念，致力于超级计算技术相关学科的应用研究、高技术发展研究以及技术转移，围绕济南市在新一代信息技术、生命健康、智能装备等优势产业领域的战略需求，着力破解区域战略和经济主战场所需的计算赋能问题，提升区域自主创新与核心竞争能力，打造“超级计算创新创业共同体”，成为国内领先的超级计算技术研究高地、智能科技企业的培育基地和引领区域创新驱动发展的核心引擎。研究院聚焦“人才第一资源、创新第一动力、科技第一生产力”，全面推进科技创新创业，推动超级计算产业发展，努力将研究院建设成为世界知名、国内一流的超级计算产业核心机构。围绕智能计算和信息处理技术及交叉学科综合布局，集中力量实施“321”人才工程，吸引留住用好领军人才、精英人才以及后备优才，统筹兼顾其他各级各类人才引进，逐步形成优势突出、结构合理的高层次人才队伍。（一）创新创业领军人才计划三年内，研究院引进30名以上对产业发展有重大引领带动作用的创新创业领军人才，孵化30个左右的创新创业团队。重点引进三类人才：一是国际国内某一学科、技术领域内的学术技术带头人，拥有市场开发前景广阔、高技术含量的科研成果；二是拥有独立自主知识产权或掌握核心技术，技术成果国际先进国内领先，具有市场潜力并能进行产业化；三是在相关学术前沿领域取得国际同行公认的高水平原创性研究成果，或在本学科领域做出具有开创性意义的重要工作，或在国家战略需求领域取得重要成果，具有带领本学科领域赶超国际先进水平能力的高层次人才。（二）青年科技精英人才计划三年内，研究院引进200名以上优秀博士、硕士、本科等青年科技精英人才。青年科技精英人才是指在重要期刊发表具有较高水平的学术论文或取得较高水平的研究成果，具备良好的科研创新能力和科研潜质的人才。（三）科技后备优才储备计划研究院联合齐鲁工业大学，与海内外著名高校合作，培养1000名以上高性能计算、云计算、大数据、人工智能、数学、计算机网络及网络空间安全等学科（领域）的硕士及本科人才。,"https://www.zhaopin.com/jobdetail/CCL1293583260J40402577315.htm?refcode=4019&srccode=401901&preactionid=a7c1140f-c46c-45e5-b867-ab342d8bdc77"
2803,测试工程师,长沙-开福区,5000-10000元,软通动力信息技术(集团)股份有限公司,"互联网,IT服务,计算机软件",10000人以上,D轮及以上,CC000544460J40735445616,实验动手能力强，做事仔细有条理，将声学实验流程整理成文档； 配合算法工程师开展音频数据的采集工作，懂音频算法测试优先； 能够操作软件和麦克、扬声器等设备，对音频系统有一定了解，搭建音频采集链路,7月24日,软通动力信息技术（集团）股份有限公司（以下简称“软通动力”）是中国数字技术产品和服务创新领导企业，致力于成为一家具有全球影响力的科技企业，企业数字化转型可信赖合作伙伴。公司2005年成立于北京，多年来始终坚持科技创新，具有软硬全栈的智能技术产品和服务能力，提供软件与数字技术服务、计算产品与数字基础设施、数字能源与智算服务以及国际化服务。目前，公司在10余个重要行业服务超过1100家国内外客户，其中超过230家客户为世界500强或中国500强企业，员工近90000人。软通动力拥有软通咨询、软通金科、软通工业互联、机械革命、软通华方等业务子品牌，并在全球40余个城市布局业务，构建北美、日本、东南亚、中东四大国际交付中心，在北京城市副中心、江苏无锡建设两大智能制造基地。同时，公司前瞻布局智能制造、ICT软硬基础能力和生产力智能化产品，打造产业链闭环。软通动力设立30个能力中心，拥有1个国家级工程实验室，6个省市政府认定的工程、技术实验室及研发中心，1个博士后科研工作站，50+技术合作伙伴的生态合作体系，不断探索前沿技术的巨大商业应用潜力。公司旗下教育品牌软通教育，拥有一家全日制本科学院——郑州西亚斯学院数字技术产业学院；同时在全国合作院校600多所，设有70多个校企联合人才培养基地，通过校企合作、协同育人，为社会培养高素质应用型人才。软通动力先后获得“2023年中国IT服务市场排名TOP 1”、“2024年Q4 PC出货量国内市场份额排名TOP 2”、“2024年中国软件和信息技术服务竞争力百强企业”、“2023年中国信创企业100强”、“2024万得ESG评级（Wind ESG Rating）AA级及信息技术服务行业ESG综合得分排名第一”等荣誉及市场认可，并拥有全球软件工程领域最高级别CMMI V2.0成熟度5级评估认证、国家研发运营一体化（DevOps）三级能力成熟度模型认证、信息技术服务标准（ITSS）运维能力成熟度一级认证等专业资质，支撑公司更优质的服务体系。,"https://www.zhaopin.com/jobdetail/CC000544460J40735445616.htm?refcode=4019&srccode=401901&preactionid=a7c1140f-c46c-45e5-b867-ab342d8bdc77"
2804,C/C++,深圳-宝安区,1.5-2万,深圳市若创科技有限公司,"智能硬件,智能硬件",20-99人,A轮,CCL1468318640J40784220814,,7月29日,"我们是一家总部位于新加坡的机器人初创企业，并在香港和深圳设有研发中心。团队成员大多拥有全球顶尖科技公司或高校的履历背景，专注于打造世界上最智能、最安全、且易于使用的助手机器人产品。我们从零开始，以突破性的产品将人本关怀与先进科技有机融合，致力于让更多人享受高质量的生活。Technology should be solving real problems, for real people, and not just in the future but now.在 2025年的 CES展会上，我们成功发布了第一代智能出行机器人 STRUTT ev¹，树立了新的行业标杆。如果你渴望在充满创新与活力的环境中实现自我价值，欢迎加入我们，和来自全球顶尖机器人实验室的伙伴们一起，用科技改变世界！","https://www.zhaopin.com/jobdetail/CCL1468318640J40784220814.htm?refcode=4019&srccode=401901&preactionid=a7c1140f-c46c-45e5-b867-ab342d8bdc77"
2805,技术支持工程师,上海-闵行区,150-200元/天,上海仟里同风导航技术有限公司,仪器仪表制造,20人以下,未融资,CCL1487550760J40725142214,岗位内容： 1.协助进行RTK等产品测试；   2.协助进行产品使用说明等文档编辑；,3月4日,Infipax是一家成立于2024年的新企业，但是公司创始人及核心创始团队根植于高精度行业数年，来自行业内头部公司，具有丰富的行业经验，我们怀着对高精度行业的热情立志成为行业第一，推动行业进一步发展。作为以海外市场为较大份额的公司，我们是有着“外企”文化的私企，平等、尊重、效率，市场是我们唯一的“领导”，公司内部扁平高效，氛围融洽。虽然我们还在建立初期，虽然您可能还没听说过我们，但是请试着给彼此一个了解的机会，携手前行，共建未来。,"https://www.zhaopin.com/jobdetail/CCL1487550760J40725142214.htm?refcode=4019&srccode=401901&preactionid=a7c1140f-c46c-45e5-b867-ab342d8bdc77"
2806,C/C++,上海-青浦区,1.4-2.8万,外企德科数字技术有限公司,专业技术服务,10000人以上,,CCL1480117890J40602276305,1、本科及以上学历，专业不限； 2、熟悉Java/Python/C/C++/Go等一种或多种编程语言； 3、熟练软件开发流程，热爱编程，有良好的代码风格； 4、善于沟通，良好的表达沟通能力，有独立解决问题的能力。,2025-07-28 00:22:31,外企德科数字技术有限公司是一家2023年新成立的中外合资企业。成立于2023年11月24日，公司定位：专注于为信息技术企业提供人才及数字技术外包解决方案的中外合资企业。它是由中国人力资源服务行业的FESCO（北京国际人力资本集团）与全球人力资源服务领导者The Adecco Group（德科集团）合资成立的。公司主要提供网络技术服务、软件外包服务、计算机系统服务、技术进出口、软件开发等信息技术相关服务。专注于为信息技术企业提供信息技术类人才及数字技术外包解决方案。,"https://www.zhaopin.com/jobdetail/CCL1480117890J40602276305.htm?refcode=4019&srccode=401901&preactionid=a7c1140f-c46c-45e5-b867-ab342d8bdc77"
2807,技术支持工程师,南京-浦口区,8000-10000元,纳昂达(南京)生物科技有限公司,医药制造,100-299人,A轮,CC623260980J40735328412,岗位职责： 1、负责NGS（Next Generation Sequencing）产品的售前技术支持工作，包括客户需求分析和技术方案制定； 2、为客户提供湿实验支持，包括实验设计、样品处理及数据分析等环节的技术指导；  3、组织并实施产品培训； 4、及时响应客户的技术咨询，解决客户在使用过程中遇到的问题； 5、与客户保持良好的沟通，了解客户需求，提供个性化的解决方案；  6、参与检测项目的对接，确保项目顺利进行； 7、产品宣传：对客户进行产品宣传、培训和技术交流，提升客户的操作技能和理解能力。 岗位要求： 1、具备生物学、分子生物学或相关专业背景，熟悉分子生物学实验操作技术及其应用； 2、经验不限，具有NGS行业技术支持经验，或有丰富的产品应用和市场推广经验者优先； 3、良好的沟通能力和团队协作精神，能够独立开展工作，有团队管理经验加分项； 4、具备较强的解决问题的能力，能快速掌握新技术并应用于实际工作中； 5、良好的英语读写能力，能够独立阅读和撰写技术文档；熟练的英文读写和日常口语沟通能力； 6、接受一定强度的出差。 7、具有较强的客户服务意识和团队合作精神；具有较强的学习能力，能够快速掌握新技术和新工具；良好的时间管理能力，能够高效处理多任务。,6月23日,"纳昂达科技秉承“ Nano Trans More”的核心理念和“靶向精准，用心服务诊断”的奋斗宗旨，致力于为科研院校、医疗机构、临检单位、产业公司、测序服务商等提供专业化和高质量的靶向测序产品与闭环解决方案。纳昂达科技已通过高新技术企业、江苏省科技型中小企业和南京市精准高通量测序工程技术研究中心认定，并拥有> 2,000平米的高通量测序研发中心和> 4,000平米的GMP级别(YY/T 0287-2017 idt ISO 13485:2016)体外诊断试剂生产基地，建立了从市场调研、产品设计、生产制造到售后服务完整的质量管理体系。纳昂达专注于精准靶向试剂和配套自动化仪器的开发、生产、销售和服务，目前拥有 MGI和 Illumina双测序平台多款 NadPrepⓇ文库构建试剂盒和全套液相杂交相关产品。明星产品包括 NGS全流程自动化工作站、肿瘤全外显子 Panel、泛实体瘤和血液肿瘤Panel以及呼吸道病毒 Panel等，并提供全面完善的双平台捕获探针定制化服务。纳昂达科技的靶向捕获产品拥有与国际同行业媲美的高质量水准，获得了客户一致的信赖。纳昂达的销售网络覆盖全国并已外延至海外地区。纳昂达将与客户共成长，对客户的需求全力以赴，为全球用户提供靶向测序解决方案和 IVD试剂原料。","https://www.zhaopin.com/jobdetail/CC623260980J40735328412.htm?refcode=4019&srccode=401901&preactionid=a7c1140f-c46c-45e5-b867-ab342d8bdc77"
2808,软件测试,合肥-庐阳区,1-1.2万·13薪,青岛瑞晟元人力资源有限公司,人力资源服务,20人以下,不需要融资,CCL1431271280J40777398307,,2025年07月28日,,"https://www.zhaopin.com/jobdetail/CCL1431271280J40777398307.htm?refcode=4019&srccode=401901&preactionid=a7c1140f-c46c-45e5-b867-ab342d8bdc77"
2809,测试工程师,上海-杨浦区,1.3-1.5万,上海戴倪坝科技有限公司,电子商务,20-99人,,CCL1505797480J40795444105,岗位内容：  1. 负责软件测试的规划、设计、执行、跟踪和总结工作。 2. 协助研发人员进行问题定位和解决，确保软件品质。 3. 掌握各类测试技术手段，通过持续集成、自动化测试等方式不断提高测试效率和质量。 4. 参与产品评审，积极提供改进建议，推动产品质量的提升。,7月22日,,"https://www.zhaopin.com/jobdetail/CCL1505797480J40795444105.htm?refcode=4019&srccode=401901&preactionid=a7c1140f-c46c-45e5-b867-ab342d8bdc77"
2810,硬件测试,郑州-中原区,6000-11000元·13薪,郑州发真汽车科技有限公司,新能源汽车,20人以下,未融资,CCL1504290750J40763420702,,2025年07月28日,郑州发真汽车科技有限公司主营业务:新能源汽车技术开发，技术服务，技术推广，技术咨询，新能源汽车技术研发，新能源汽车销售，大数据服务，汽车零部件及配件制造，新能源汽车生产测试设备销售。电动汽车充电基础设施运营，,"https://www.zhaopin.com/jobdetail/CCL1504290750J40763420702.htm?refcode=4019&srccode=401901&preactionid=a7c1140f-c46c-45e5-b867-ab342d8bdc77"
2811,硬件测试,中山-None,8000-10000元,重庆科满福人力资源服务有限公司,企业服务,20-99人,,CCL1487604860J40935984004,【岗位职责】 ： 1、进行新产品研发阶段的测试工作 2、完成新产品的功能测试、可靠性测试、环境测 试、安全测试等技术工作 3、制定测试计划，设计测试用例，分析测试数 据，编制测试报告 4、为其他部门提供技术支持，与其他部门的产品 联合测试工作,7月28日,,"https://www.zhaopin.com/jobdetail/CCL1487604860J40935984004.htm?refcode=4019&srccode=401901&preactionid=a7c1140f-c46c-45e5-b867-ab342d8bdc77"
2812,测试工程师,合肥-蜀山区,8000-13000元,合肥科聚高技术有限责任公司,学术/科研,100-299人,不需要融资,CC312404010J40907225504,"1、从事高功率波源器件测调工作、测试平台维护及故障排除；  2、测试接口部件选型、安装和测调；   3、设计及测试相关文档撰写；   4、测试平台管理及维护。   任职要求：   1、具有本科及以上学历，电子类、电气工程、暖通等相等相关专业；   2、具备使用万用表、示波器等常用仪表操作；   3、良好的学习、沟通与表达能力，良好的团队协作精神与责任感,主动性强；   4、两年及以上工作经验，有电真空、高压电源等相关工作背景优先。   ",6月19日,合肥科聚高技术有限责任公司是中国科学院等离子体物理研究所1995年投资设立的全资公司。依托中科院等离子体物理研究所的科研技术实力和人才优势，合肥科聚高技术有限责任公司的经营范围涉及：等离子体、低温超导、电工电器、机械真空、离子束、微波通讯、自动控制、电子计算机技术及相关的新材料、新产品的开发、生产、销售及咨询服务、技术转让。是研究所实现科技成果转化的重要窗口。公司下设综合部、新能源、运行维护、ITER各事业部等。公司实行自主经营、独立核算，除正常的经营业务外，还承担部分科研课题的研制开发工作。公司通过了ISO9001：2000、ISO14001:2015、ISO45001:2018认证，2003年与2004年分别获得安徽省质量管理奖与全国用户满意产品单位，具有良好的质量管理体系保证。公司研发与应用的大型超导磁体、大规模低温制冷等一系列关键技术在国内居于领先地位，其技术来源于等离子体所在国内外处于领先地位的科研成果。在EAST超导线圈研制中，建成了600米CICC导体穿管生产线、研制出大型复杂形状的多台绕线机、预弯以及导体成型等系列设备，为CICC导体研制积累了丰富的经验、培养并锻炼了相关技术人才。EAST装置在全超导和先进的磁场位形方面与国际热核实验堆ITER类似，正因此，在EAST上进行的相关物理和工程实验将为ITER提供有力的支持。拥有一支高素质的员工队伍是科聚公司实现自主设计和研制的基础。企业集团现有员工100余人，其中技术人员占60%以上。公司自成立以来，始终坚持“围绕科研，将高新技术及科研成果向产品转化”的经营宗旨，取得了良好的经济效益和社会效益。今天的科聚，正以崭新的面貌和创新的风采展现在世人面前，坚持求实创新，服务社会和不断发展的理念，以更加先进优质的产品，更加满意周到的服务，回报社会和长期支持科聚事业发展的朋友和业界同仁！,"https://www.zhaopin.com/jobdetail/CC312404010J40907225504.htm?refcode=4019&srccode=401901&preactionid=a7c1140f-c46c-45e5-b867-ab342d8bdc77"
2813,技术支持工程师,泉州-晋江市,5000-10000元,福建省鸿官通信工程有限公司,"运营商/增值服务,IT服务,通信/网络设备",1000-9999人,,CC159392410J40519799916,岗位要求 1.负责区域内各业务的维护和装移机；  2.客户维系，发展固定电话、宽带、数据及公司委托的工作；,7月28日,福建省鸿官通信工程有限公司成立于2002年，创立于1983年的一支通信施工队，至今已经走过了三十多年的发展历程。公司注册资本11300万，具有通信工程施工总承包一级企业资质，主要从事通信工程施工、设计、通信网络综合代维、通信设备商技术服务、电信业务与终端连锁经营、ICT工程建设等六大主营业务。公司分别通过ISO质量、环境、职业健康安全、信息安全等四大管理体系认证。企业总部位于福建省晋江市，拥有现代化办公大楼45000多平方米，通信技能实训基地2000多平方米，大型机械300多台，工程车辆600多辆，工程器具、仪器仪表一应俱全。目前公司在职员工超5000人。长期以来，公司与电信、移动、联通、广电、铁塔、华为、中兴、烽火紧密合作，业务区域覆盖福建、浙江、广东、广西、云南、陕西、河南、四川、青海、西藏、山西、黑龙江等12个省（自治区）、88个地级市，成为福建民营通信服务龙头企业。公司奉行“科技创新、质量第一、信誉至上、服务一流”的经营理念，在福建省乃至全国市场上树立了企业品牌，赢得了客户的认可和信赖。在砥砺前行中，公司先后收获了“国防信息动员工作先进集体”、“福建省通信保障应急工作先进单位”、“福建省通信业诚信企业”、中兴通讯“全球最佳合作伙伴”、“泉州市优秀党组织”等荣誉。,"https://www.zhaopin.com/jobdetail/CC159392410J40519799916.htm?refcode=4019&srccode=401901&preactionid=a7c1140f-c46c-45e5-b867-ab342d8bdc77"
2814,软件测试,肇庆-端州区,8000-16000元·13薪,河南瞿麦信息科技有限公司,"人工智能,互联网,电子商务,人工智能",500-999人,天使轮,CCL1503024580J40736699116,岗位内容： 1. 设计和执行测试用例，并记录测试结果。 2. 分析并报告软件缺陷，包括重现步骤、缺陷严重程度和影响范围。 3. 参与产品设计过程，提供测试建议和反馈。 4. 开发自动化测试脚本和工具。 5. 执行性能和负载测试的任务。 任职要求： 1. 具有本科以上学历，计算机科学或相关领域优先。   接受无经验两名！！,7月28日,瞿麦信息科技有限公司是一家聚焦信息技术领域的服务型企业，致力于为各类客户提供贴合实际需求的数字化服务与解决方案，助力客户提升运营效能，适应数字时代发展。一、发展历程公司成立于2018年4月5日，从初期聚焦核心信息技术服务起步，逐步拓展业务边界，在市场竞争中稳步成长。多年来，始终以客户需求为导向，积累了丰富的行业经验，服务覆盖多个领域，树立了良好的品牌口碑。二、核心业务 1.软件开发与定制：深入了解各行业的业务流程与需求痛点，为客户量身定制各类软件系统，涵盖企业资源规划（ERP）、客户关系管理（CRM）、办公自动化（OA）等多个领域，助力企业实现高效运营与精细化管理。 2.数据分析与人工智能：利用大数据分析技术，帮助企业挖掘海量数据背后的价值，为决策提供有力支持。同时，瞿麦积极探索人工智能在各个业务场景中的应用，如智能客服、预测性维护、智能营销等，提升企业的核心竞争力。 3.云计算与网络安全：提供全面的云计算服务，包括云主机、云存储、云数据库等，帮助企业降低IT成本，提高业务灵活性。此外，瞿麦高度重视网络安全，为客户提供专业的网络安全解决方案，保障企业数据安全和业务连续性。 4.物联网与智能硬件：将物联网技术与智能硬件相结合，打造智能化解决方案，应用于智能家居、智能工业、智能交通等多个领域，为用户创造更加便捷、高效的生活与工作体验。三、团队与技术优势专业团队：拥有一支经验丰富的技术队伍，涵盖信息技术多个细分领域，能快速理解客户需求并提供支持。技术保障：紧跟行业技术动态，不断优化技术能力，采用成熟的技术工具和流程，确保服务质量稳定可靠。务实创新：在实践中积累经验，结合行业新技术，为客户提供兼具实用性和前瞻性的解决方案。四、服务特点按需定制：根据客户的规模、行业特点和实际需求，提供适配的解决方案，避免固定模式套用。全程服务：从前期需求沟通、方案设计，到项目实施、后期维护，提供全流程服务支持。高效响应：建立简洁高效的服务流程，快速响应客户需求与问题，保障服务及时性。注重实效：以解决客户实际问题为目标，确保服务成果能切实为客户创造价值。五、合作与展望多年来，公司已为不同类型客户提供过信息技术服务，积累了丰富的实践经验，获得了客户的认可。未来，瞿麦信息科技有限公司将继续秉承“创新、合作、共赢”的发展理念，不断提升技术实力和服务水平，为客户提供更加优质、高效的信息技术解决方案，与客户携手共创美好未来，为推动行业的数字化发展贡献力量。,"https://www.zhaopin.com/jobdetail/CCL1503024580J40736699116.htm?refcode=4019&srccode=401901&preactionid=a7c1140f-c46c-45e5-b867-ab342d8bdc77"
2815,Java,深圳-龙岗区,1.2-1.9万,软通动力信息技术(集团)股份有限公司,"互联网,IT服务,计算机软件",10000人以上,D轮及以上,CC000544460J40660170716,任职要求： 1、本科及以上学历，计算机科学与技术、软件工程等计算机相关专业。 2、2年及以上java开发经验；扎实的java基础，掌握并发编程、网络编程、设计模式等知识；熟悉单元测试、jvm原理以及分布式编程。 2、熟练掌握J2EE常用框架Spring、springboot、springcloud、springMvc、Mybatis等。 3、对所用过的主流开源架构有一定的理解，对常见的中间件如分布式缓存、消息队列、RPC等有丰富的使用经验和深入的理解。 4、熟悉Oracle、Mysql、Redis、Nosql等数据存储技术，熟悉sql优化与存储过程的使用。 5、熟悉常用设计模式，并熟练开发各种通用组件； 6、有良好的沟通能力、团队协作能力和设计能力。对新技术有强烈的热情和专研精神，富有责任心，学习能力强，能承受较大的工作压力。 7、有办公系统软件开发经验者优先；,1月17日,软通动力信息技术（集团）股份有限公司（以下简称“软通动力”）是中国数字技术产品和服务创新领导企业，致力于成为一家具有全球影响力的科技企业，企业数字化转型可信赖合作伙伴。公司2005年成立于北京，多年来始终坚持科技创新，具有软硬全栈的智能技术产品和服务能力，提供软件与数字技术服务、计算产品与数字基础设施、数字能源与智算服务以及国际化服务。目前，公司在10余个重要行业服务超过1100家国内外客户，其中超过230家客户为世界500强或中国500强企业，员工近90000人。软通动力拥有软通咨询、软通金科、软通工业互联、机械革命、软通华方等业务子品牌，并在全球40余个城市布局业务，构建北美、日本、东南亚、中东四大国际交付中心，在北京城市副中心、江苏无锡建设两大智能制造基地。同时，公司前瞻布局智能制造、ICT软硬基础能力和生产力智能化产品，打造产业链闭环。软通动力设立30个能力中心，拥有1个国家级工程实验室，6个省市政府认定的工程、技术实验室及研发中心，1个博士后科研工作站，50+技术合作伙伴的生态合作体系，不断探索前沿技术的巨大商业应用潜力。公司旗下教育品牌软通教育，拥有一家全日制本科学院——郑州西亚斯学院数字技术产业学院；同时在全国合作院校600多所，设有70多个校企联合人才培养基地，通过校企合作、协同育人，为社会培养高素质应用型人才。软通动力先后获得“2023年中国IT服务市场排名TOP 1”、“2024年Q4 PC出货量国内市场份额排名TOP 2”、“2024年中国软件和信息技术服务竞争力百强企业”、“2023年中国信创企业100强”、“2024万得ESG评级（Wind ESG Rating）AA级及信息技术服务行业ESG综合得分排名第一”等荣誉及市场认可，并拥有全球软件工程领域最高级别CMMI V2.0成熟度5级评估认证、国家研发运营一体化（DevOps）三级能力成熟度模型认证、信息技术服务标准（ITSS）运维能力成熟度一级认证等专业资质，支撑公司更优质的服务体系。,"https://www.zhaopin.com/jobdetail/CC000544460J40660170716.htm?refcode=4019&srccode=401901&preactionid=a7c1140f-c46c-45e5-b867-ab342d8bdc77"
2816,Java,济南-历下区,1-1.5万,浪潮集团,"IT服务,计算机软件,计算机硬件",10000人以上,,CC120143600J40765975015,岗位职责： （1）参与并负责公司中后台业务系统的设计、开发及维护；   （2）参与并负责业务系统的稳定性建设，报警，监控，容灾，降级等；   （3）参与设计并实现具备可扩展性和可维护性的系统方案   ,3月28日,浪潮集团是中国领先的云计算、大数据服务商，拥有三家上市公司。主要业务涉及计算装备、软件、云计算服务、新一代通信、大数据及若干应用场景。作为中国最早的IT品牌之一，浪潮致力于成为世界一流的新一代信息技术龙头企业经济社会数字化转型的优秀服务商，新型基础设施建设的骨干企业。,"https://www.zhaopin.com/jobdetail/CC120143600J40765975015.htm?refcode=4019&srccode=401901&preactionid=a7c1140f-c46c-45e5-b867-ab342d8bdc77"
2817,测试工程师,苏州-吴中区,7000-8000元,上海耘瓴端网络科技有限公司,电子商务,300-499人,,CCL1346212520J40929503804,"岗位描述: 1.根据既定测试用例,完成测试和提交测试报告,协助测试工程师完成调试和验证工作; 2.定期汇报测试进度和测试结果,针对问题点配合研发整改测试; 3.负责实验室及测试设备的维护及保养。 4.协助完成测试房间测试样机登记，盘点登记数据 岗位要求: 1.大专学历（通信工程、信息技术、电子科学等相关专业专科毕业） 2.具备熟练的焊接能力; 3.能够认识基本元器件，例如电容、电阻、三极管、mos管等; 工作时间： 早9晚6，做五休二； 综合薪资：7-8k 五险一金",7月14日,经营范围包括一般项目：技术服务、技术开发、技术咨询、技术交流、技术转让、技术推广，互联网销售（除销售需要许可的商品），企业管理咨询，信息咨询服务（不含许可类信息咨询服务），物业管理，单位后勤管理服务，园林绿化工程施工，国内货物运输代理，装卸搬运，餐饮管理，办公用品销售，劳动保护用品销售，电子产品销售，机械设备销售，机械零件、零部件销售，日用百货销售，品牌管理，人力资源服务（不含职业中介活动、劳务派遣服务），专业设计服务，软件外包服务，广告设计、代理，广告发布（非广播电台、电视台、报刊出版单位），广告制作，物联网设备销售，物联网技术服务，仪器仪表销售，市场营销策划，商务代理代办服务。,"https://www.zhaopin.com/jobdetail/CCL1346212520J40929503804.htm?refcode=4019&srccode=401901&preactionid=a7c1140f-c46c-45e5-b867-ab342d8bdc77"
2818,C/C++,青岛-市南区,1-1.6万·13薪,青岛中海潮科技有限公司,"计算机软件,计算机软件",20-99人,未融资,CC565037280J40780863213,"职位描述： 1、负责软件平台的建立、调试、测试工作； 2、参与技术方案讨论、设计； 3、完成软件系统代码的实现，编写代码注释和开发文档； 4、协助测试工程师制定测试计划，定位发现的问题； 5、问题定位及产品维护； 任职要求： 1.本科及以上学历，硕士优先，数学或物理专业优先； 2.熟悉C/C++编程，熟悉数据结构与算法； 3.编码风格良好，遵守规范，对代码的整洁、优美、可读性有所追求； 4.责任心强，学习能力强，有技术热情，具备良好的沟通能力和团队合作精神； 5.有OPENGL, OSG图形编程相关经验者优先； 6.熟悉Mysql、Oracle等常用数据库系统优先； 7.熟悉操作系统基本原理，了解操作系统进程调度通信，如果熟悉Linux开发环境更佳。 8.熟悉计算机编译系统。 工作地址:青岛市市南区香港中路18号2号楼-福泰广场B座1804   职位福利：五险一金、津贴补助、13薪、年终奖、团建、定期体检，带薪培训，节日福利。",5月26日,青岛中海潮科技有限公司成立于2017年9月，注册资金1200万元。公司核心团队来自军队相关院校及科研单位，长期从事军事仿真、三维地理信息系统、智慧海洋、智慧城市以及虚拟现实技术的研发和应用，在领域范围内有十余年的技术积累，对于行业技术的应用和发展有独到的见解。中海潮科技以创新为发展动力，以科技为立身之本，以诚实守信为合作基础。公司的主营业务包括：地理信息系统及相关产品的开发；虚拟现实平台软硬件的研发；增强现实技术研发；公司地址：青岛市市南区香港中路18号福泰广场B座1804室。办公电话：0532-86677001微信公众号：青岛中海潮科技网址：www.zhonghaichaotec.com,"https://www.zhaopin.com/jobdetail/CC565037280J40780863213.htm?refcode=4019&srccode=401901&preactionid=a7c1140f-c46c-45e5-b867-ab342d8bdc77"
2819,科研人员,北京-西城区,150-200元/天,机械工业经济管理研究院,"互联网,咨询服务,学术/科研,社团/组织/社会保障",20-99人,未融资,CC135398920J40328854106,标准创新研究所招聘研究助理,2月11日,机械工业经济管理研究院成立于1982年，是中编办批准建立的中央级一类事业单位，是国家242个转制院所之一。中国机械工业企业管理协会成立于1982年，是由机械工业企事业单位、高等院校、管理类社会团体和管理工作者自愿组成的、全国性的、非盈利性行业社团组织。为发挥行业工作和经济管理两个优势，更好地为机械行业和企业服务，经上级部门批准，2003年初中国机械工业企业管理协会与机械工业经济管理研究院合署。中国机械工业企业管理协会和机械工业经济管理研究院紧紧围绕国家经济建设持续快速协调健康发展的各项方针政策，以推进机械工业企业管理现代化为目标，通过组织、协调和有效服务，为政府、行业和企业提供管理信息、研究成果和调研咨询服务，指导企业探索深化改革和管理的新方法、新思路，推广和完善企业的管理经验，是政府和企业间的桥梁和纽带，也是协助政府开展各项管理工作的参谋和助手。主要业务包括： 1、以推进和加速机械工业企业管理现代化进程为目标，与企业共同创建不同层次的管理基础工作达标企业、管理进步示范企业和现代化管理企业工作； 2、以培养高层次经营管理人才和提高机械行业职工队伍整体素质为重点，开展职业技能鉴定，推行国家职业证书制度，开展人力资源师培训、职业经理人资格培训和认证等工作； 3、承担政府、行业相关部门、基金会等的有关政策、经济管理和企业管理研究课题；承揽企业的战略规划、科技规划、组织结构、人力资源和企业管理信息化等方面的咨询项目； 4、开展包括中国机电工商网、中国汽车界杂志、中国制造业经理人杂志和图书出版等多项业务在内的信息服务工作； 5、开展具有行业协会工作特点的活动，包括：举办中国汽车零部件企业家年会、《中国机械500强》研究报告发布活动，开展企业管理创新成果审定、机械行业企业信用评价，组织会展、境外考察等活动。我们已为国家发展和改革委员会、国务院国有资产监督管理委员会、财政部、科学技术部、人力资源和社会保障部、国防科工委等政府部门及制造业的近百家特大型、大型企业提供过几百项有关行业政策研究、企业管理咨询等方面的服务项目，其中一些成果获得国家及部委的科技进步奖、优秀成果奖等。由于业务持续拓展需要，欢迎更多有识之士加盟共同发展，我们将为您提供有挑战性的个人事业机会和有竞争力的个人发展空间。符合条件者请将简历以信函方式寄至：北京市宣武区广安门外大街甲397号经管院人事处邮编100055回复邮箱见各职位由于时间原因，对于有意向的应聘者，我们将在两周左右电话联系面试事宜。在此期间未收到通知的应聘者，此次暂不考虑，不再作答复。应聘资料负责保密，恕不退回。,"https://www.zhaopin.com/jobdetail/CC135398920J40328854106.htm?refcode=4019&srccode=401901&preactionid=a7c1140f-c46c-45e5-b867-ab342d8bdc77"
2820,技术支持工程师,镇江-京口区,9000-18000元,青岛安然物联网科技有限公司,"物联网,物联网",20-99人,未融资,CC559764920J40565606904,需要弱电技术、自动化、安防系统、工业互联网+危化安全生产、物联网人才，不要纯软件人才。  你能经常到全国各地出差吗？你能到工业生产现场生产现场做技术支持吗？   真正的奋斗者在安然会有让人值得为之奋斗的事业，会有充实、高效的成长，会有高人一等的收入。   你能做好售前技术支持、根据客户需求，高效制作方案吗？你能做好售中技术支持、指导他人正确安装、部署、调试系统向用户保质保量快速交付吗？你能做好售后维护，高效沟通和落实客户需求吗？   迄今已服务中石化、中石油、延长石油、国能、兖矿、京能、索普、新安、奇美、昊源、潞安、旭阳、垦利、逸盛、海科、酒钢、金发等几百家石化、化工、选煤、钢铁、电厂企业。    安然以客户为中心，以强者为本，抬头乐干，愿意与同道中人联合、链接，携手共建、共用、共享生产安全命运共同体，一起干，一起干，让优秀企业更安全，让优秀企业更高效！,2025-07-27 01:09:16,基于精准人员定位的工业安全生产信息化管理专家，安全生产信息化管理引领者！作为全国实时定位技术标准工作组成员和应急管理部“工业互联网+危化安全生产”人员定位系统技术支持机构，安然从2012年起致力于基于ZigBee Plus三维立体按需精准定位的“工业互联网+安全生产”的研究，获得了20多项安全智能管控系统发明专利和著作权，持续引领中国化工行业生产现场智慧安全！安然以“准、稳、狠”的ZigBee Plus三维立体按需精准人员定位统和“底数清、数据准、情况明、研判准、措施实”的安全生产信息化平台为核心，整合访客管理、出入口控制、人脸识别、视频监控、语音广播、重大危险源监控、可燃有毒气体监测等系统，对生产现场人、机、料、法、环五大要素进行实时、动态、智能管控和预警，规范人的安全行为，保障人的生命安全，有效防范风险、主动化解风险，实现智慧安全。安然“以用为本”，把安全生产信息化建设与公司管理体系“深度融合”，把安全生产信息化建设与日常工作“紧密结合”，对安全生产切实“有用、实用、好用”，避免建用“两张皮”，让安全管控更智能，让生产更高效才实用。迄今已服务中石化、中石油、延长石油、国能、兖矿、京能、索普、新安、奇美、昊源、潞安、旭阳、垦利、逸盛、海科、酒钢、金发等几百家石化、化工、选煤、钢铁、电厂企业。安然以客户为中心，以强者为本，抬头乐干，愿意与同道中人联合、链接，携手共建、共用、共享生产安全命运共同体，一起干，一起干，让优秀企业更安全，让优秀企业更高效！,"https://www.zhaopin.com/jobdetail/CC559764920J40565606904.htm?refcode=4019&srccode=401901&preactionid=a7c1140f-c46c-45e5-b867-ab342d8bdc77"
2821,测试工程师,广州-天河区,3000-4000元,广州市凯泽利科技有限公司,"汽车研发/制造,汽车研发/制造",100-299人,未融资,CC823999070J40822549015,1.实习生进来后主要参与广汽座舱产品的功能测试（A55/A60）  2多屏联动、网络通信等模块。根据测试计划搭建测试环境，执行测试用例，记录测试结果并提交缺陷报告，跟踪问题闭环。 3.协助编写测试用例、测试报告及操作手册，整理测试数据并反馈至开发团队。 岗位要求：  1.26届计算机类、通信类、电子类、车辆工程等相关专业； 2.积极主动、认真负责、沟通顺畅； 3.有座舱产品测试实习经验优先  工作时间： 最少在岗6个月 工作地点： 常驻花都，马瑞利汽车电子(广州)有限公司，世界五百强企业，行业大厂，宝贵实习经验，薪资：3500-4000。,3月18日,广州市凯泽利科技有限公司，坐落于广州市天河区，是一家集整车开发与产品设计研发经验于一身的技术服务型企业。公司致力于为客户提供全方位的软件测试流程一站式服务，涵盖汽车技术支持、软件测试委外服务、测试自动化解决方案、嵌入式技术支持、软件开发项目承接、测试辅助工具开发、自动驾驶数据标注、汽车信息安全测试、汽车设计、运营与项目管理、专业培训及工具代理等多个关键领域。在产品研发方面，凯泽利科技自创立之初，便专注于汽车软件测试自动化平台的研发，并成功自主研发出了一款自动化测试平台。该平台采用先进的Web服务器架构，支持Web和Windows两大客户端，具备远程执行测试与监控结果的功能，并实现脚本的云同步。通过该平台，用户可以在办公室内远程操控实验室内的多个台架，全面支持IVI的所有输入输出，能够覆盖90%以上的测试用例。此外，平台还具备集中管理测试脚本和测试报告的功能，极大地方便了脚本的共享与报告的分析，是汽车软件测试工作中不可或缺的得力助手。在企业资质上，凯泽利科技荣获多项殊荣，包括国家高新技术企业、专精特新企业、中等规模以上企业、科技型中小企业以及创新型中小企业等称号。此外，公司还荣获了广东省守合同重信用企业称号，并通过了ISO9001认证和信息安全管理认证，在技术创新方面，凯泽利科技同样表现出强大的研发实力。目前，公司正在申请的国家发明专利已有10余项，并成功获得了10项国家发明专利授权和19项软件著作权授权。目前，凯泽利科技的主要客户包括广汽研究院、深圳联友科技、小鹏汽车、江铃汽车、马瑞利、广汽丰田、广汽能源、岚图汽车、广汽埃安、东风日产、星河智联、南方试验场、立昇科技、祺迹汽车科技、比亚迪、合创汽车、广州优尼冲压等知名企业。,"https://www.zhaopin.com/jobdetail/CC823999070J40822549015.htm?refcode=4019&srccode=401901&preactionid=a7c1140f-c46c-45e5-b867-ab342d8bdc77"
2822,前端开发,杭州-上城区,200-300元/天,浙江股权服务集团有限公司,"投资/融资,互联网,IT服务,证券/期货",100-299人,未融资,CC521602420J40743092702,岗位描述： 1、熟悉业务流程平台架构和配置，具有与其他系统和第三方平台接口开发和设计能力；  2、负责或参与各类系统前台开发和调试工作；  3、参与设计并编写WEB前端应用。,2025-07-27 00:17:21,集团简介：浙江股权服务集团（简称：浙股集团）前身为浙江股权交易中心，是浙江省政府批准设立的浙江区域性资本市场运营机构，成立于2012年10月，注册资本7亿元。集团旗下设浙江省股权交易中心有限公司，是经中国证监会备案的浙江省（不含宁波市）唯一合法的区域性股权市场运营机构。战略定位：为省内中小微企业成长提供一站式普惠金融服务，成为助力中小微企业发展成长、推动区域经济创新的普惠金融服务商，成为钱塘江金融港湾的重要枢纽，成为支持浙江创新创业的资本聚集转化平台，以股权和资本支持创新创业、培育新兴产业，推动浙江经济转型升级。为适应中心发展需要，进一步充实人才队伍，现进行公开招聘，欢迎广大优秀专业人才加盟。招聘采用公开报名、资格初审、面试的方式进行。面试时间、地点将会以电话及短信形式通知。应聘资料一经收录不予退回，集团将予以保密。谢绝来访，敬请谅解。,"https://www.zhaopin.com/jobdetail/CC521602420J40743092702.htm?refcode=4019&srccode=401901&preactionid=a7c1140f-c46c-45e5-b867-ab342d8bdc77"
2823,技术支持工程师,深圳-南山区,9000-16000元,四川蓉城蕾茗科技有限公司,"互联网,互联网",1000-9999人,B轮,CCL1244220070J40773240012,1. 负责通过电话，在线，邮件等多种渠道，为用户提供韩语技术支持和售后维修咨询服务； 2. 负责为用户提供专业的技术解决方案，并能开展技术知识输出、培训； 3. 妥善处理客诉并做好情绪管理，与用户建立良好的沟通关系，提升用户体验； 4. 负责收集和分析用户声音，优化现有产品和服务流程； 5. 负责与其他的团队成员合作，共同完成部门目标。,6月10日,四川蓉城蕾茗科技有限公司，是一家综合性服务外提供商、目前公司的主要经营范围是计算机软硬件的开发与销售；信息技术领域内的技术开发、技术服务、技术咨询、技术转让；代理电信业务、增值电信业务。,"https://www.zhaopin.com/jobdetail/CCL1244220070J40773240012.htm?refcode=4019&srccode=401901&preactionid=a7c1140f-c46c-45e5-b867-ab342d8bdc77"
2824,软件测试,深圳-龙岗区,6000-9000元,深圳市富泰民科技有限公司,新媒体,20-99人,,CCL1468870450J40655043906,岗位内容： 1. 设计并执行测试用例，记录测试结果并准备测试报告。 2. 协调开发人员、项目经理和测试团队成员，以确保遵守时间表和产品质量标准。 3. 使用自动化测试框架和工具来提高测试效率和覆盖率。 4. 不断改进测试流程和方法，以提高质量和效率。 5. 关注产品质量和客户需求，确保稳定、可靠和用户友好的软件交付。 任职要求： 1. 熟悉软件测试方法和流程。 2. 掌握至少一种自动化测试框架和脚本语言（如Selenium、Python、Robot Framework）。 3. 具备良好的团队合作精神和沟通能力。 4. 能够承受压力，在快节奏的环境中高效工作。 5. 有问题解决的能力和主动学习的态度。,3月19日,"公司背景深圳市富泰民科技有限公司是一家专注于数字化传媒领域的公司,成立于2007年。我们致力于利用创造性和创新性的方法,为客户提供广告、营销和品牌推广服务。通过结合先进的技术和市场洞察力,我们为客户提供高效、精准的解决方案。我们的使命是帮助客户实现业务目标并增强品牌价值。业务范围 1、数字广告:我们提供全方位的数字广告解决方案,包括搜索引擎营销、社交媒体广告、程序化购买等。我们的团队拥有丰富的经验和专业知识,可以为客户制定特定目标的广告策略,并通过数据分析和优化实现最佳效果。 2、内容营销:我们致力于为客户创作高质量、具有互动性的内容,以吸引并留住目标受众。我们的内容团队由经验丰富的写手和创意人员组成,可以根据客户需要提供定制化的内容解决方案。 3、社交媒体管理:我们为客户管理社交媒体账号,包括内容发布、社群互动管理、品牌形象维护等。我们专注于提供有创意和有价值的社交媒体内容,以吸引更多目标用户并增加品牌曝光度。 4、数据分析与优化:我们通过先进的数据分析工具和技术,为客户提供数据驱动的营销和广告策略。我们不断监测和分析数据,并根据结果进行优化和调整,以确保客户获得最佳投资回报率。团队和资源 1、创意团队:我们拥有由艺术家、设计师和创意专家组成的团队,他们具有丰富的创意天赋和专业能力,可以为客户提供独特而有吸引力的设计和创造性解决方案。 2、技术团队:我们的技术团队由工程师和开发人员组成,他们在前端和后端开发方面拥有丰富经验,可以提供高质量的技术支持和定制化解决方案。 3、合作伙伴关系:我们与其他行业领先企业建立了良好的合作伙伴关系,包括广告平台、社交媒体平台和内容分发网络等。这使得我们能够更好地为客户提供全面的解决方案。","https://www.zhaopin.com/jobdetail/CCL1468870450J40655043906.htm?refcode=4019&srccode=401901&preactionid=a7c1140f-c46c-45e5-b867-ab342d8bdc77"
2825,软件测试,北京-海淀区,1.1-2万,京北方,IT服务,10000人以上,,CC315847110J40406254607,负责银行项目功能或性能测试，测试用例编写，外派北京多地银行；  1、熟悉银行业务，要求1年以上金融项目测试工作经验；  2、功能测试要求独立分析测试要求，编写测试用例，测试数据准备，测试执行及缺陷提交管理；  3、性能测试要求独立分析测试需求，准备性能测试数据，录制性能测试脚本、执行性能测试场景、监控并收集系统资源使用情况、编写性能测试报告及提交、跟踪、管理缺陷；  4、具备良好的表达能力，团队协作能力；  5、有银行、金融相关行业经验优先；职位福利：加班补助、绩效奖金、五险一金  ,2月5日,京北方信息技术股份有限公司[股票代码：002987]（以下简称：京北方）致力于为国内外金融机构客户提供信息技术服务（ITO）及业务流程外包服务（BPO），并立志成为国内顶级的金融IT综合服务提供商。京北方总部位于北京，在广东、山东、江苏、安徽、黑龙江设有多个全资子公司，在超过20个中心城市设有分支机构及办事处，业务及服务中心遍布全国所有省、自治区、直辖市。公司顺应金融行业变革和客户需求，坚持创新驱动发展，先后被认定为国家高新技术企业、中关村高新技术企业，并获得跨地区增值电信业务许可证，同时设有北京市企业技术中心、企业博士后工作站。京北方遵循严格的质量标准，执行严密的安全措施，拥有成熟可靠的管理和开发流程，顺利通过CMMI5评估、ISO9001质量管理体系认证、ISO27001信息安全管理体系认证、ISO20000>;IT服务管理体系认证、ISO22301业务连续性管理体系认证、ISO14001环境管理体系认证、OHSAS18001职业健康安全管理体系认证。同时，掌握多项金融IT行业核心技术，拥有自主知识产权的国家专利20项，软件著作权90余项，具备高可靠的全时全国服务交付能力、IT信息风险管控能力及信息技术连续性服务管理能力。如今，京北方充分利用互联网、云计算、大数据、人工智能等新兴技术，凭借深厚的行业背景、国内领先的技术实力及创新的思维，针对银行、保险、证券、信托、基金、租赁、资产管理、理财管理等金融行业客户，打造出覆盖客户渠道、业务处理、管理决策等领域解决方案，囊括营运管理、风险管理、合规管理、信贷管理、资产管理、同业管理、现金管理、交易银行、中间业务、统一客服、电商平台等关键业务领域。基于公司成熟的服务体系及专业的技术团队，满足客户对业务咨询、软件开发、软件测试、应用系统运维、基础架构运维、桌面运维在内的多层次服务需求。京北方实时洞察行业变革，技术驱动客户创新，帮助客户完成产品创新、渠道创新，协助客户实现收入和利润结构优化，驱动客户从优秀到卓越。跟踪前沿科技，致力行业创新。凭借持续的行业经验和强大的本地化服务能力，在金融业务流程外包领域，京北方拥有涵盖数据处理类、业务处理类、业务营销类等一系列服务产品，在潍坊、大庆、无锡、合肥拥有独立的大型外包基地，为客户提供驻场式、基地式、租赁式等多种连续性外包服务。京北方现为中国规模最大、人数最多、资质最全、客户最广泛的国内金融BPO服务公司之一。面向未来，京北方将持续秉承“客户满意、员工支持、股东默契、价值链协同、社会认可”的企业核心价值观，坚守“合法、合规、合理”的经营准则，通过专业化的产品和服务，释放科技创新的力量，把信息技术转化为客户价值，助力客户尽享科技变革带来的卓越运营。,"https://www.zhaopin.com/jobdetail/CC315847110J40406254607.htm?refcode=4019&srccode=401901&preactionid=a7c1140f-c46c-45e5-b867-ab342d8bdc77"
2826,科研人员,北京-海淀区,8000-16000元,北京诺善科技有限公司,"医疗设备/器械,IVD,医疗设备/器械,生物工程",20-99人,天使轮,CCL1482946950J40768296102,一、岗位职责​,7月10日,诺善科技成立于2024年1月，是一家专注于微流控芯片及其在临床医学领域应用研究的企业，具备国内领先的复杂全功能微流控芯片研制能力。公司核心团队和技术来自北京理工大学及北京协和医院，在国家重点研发计划等多项国家级科研项目的支持下，团队专注开发用于肺癌药敏测试的全功能微流控芯片，目前已完成芯片原型开发，并在北京协和医院开展了国内首个基于微流控芯片的癌症药敏测试前瞻性临床队列研究。诺善科技已与中国医学科学院肿瘤医院，北京肿瘤医院，北京协和医院，北京医院，北京大学第三医院，首都医科大学附属医院三博脑科医院，北京大学第一医院，北京应急总医院，首都医科大学附属北京胸科医院，清华长庚医院，北京大学口腔医院，空军军医大学附属西京医院，第四军医大学唐都医院，西安交通大学第一附属医院，河北医科大学附属第四医院等数十家国内知名三甲医院及科研院所建立肿瘤类器官探索研究和合作，以严谨、全面、深入的科学研究为基本，力求更高效的实现更广泛的应用，真正实现“让科学造福人类”的目标。公司愿景：成为类器官领域的领导者。公司使命：提高疾病治疗的有效性并改善药物研发效率公司价值观：至臻、至真、信任、共赢,"https://www.zhaopin.com/jobdetail/CCL1482946950J40768296102.htm?refcode=4019&srccode=401901&preactionid=a7c1140f-c46c-45e5-b867-ab342d8bdc77"
2827,软件测试,咸阳-秦都区,1.1-1.5万,京北方,IT服务,10000人以上,,CC315847110J40674828307,有票据，国际结算，报文清算，移动办贷，征信查询，客户风险统计测试经验者优先，功能，自动化，性能若干 职责： 一、负责票据交易系统的测试工作，包括票据托管账户对账功能、ECDS 存量票据迁移、备款 / 垫款功能及数据录入管控等方面的测试。 二、对报文清算系统进行测试，确保 MT103 报文解析提前、对账单余额推送时间修改、内部报文自动轮询提示优化、人行监管统计数据报表增加及事务类报文等功能的准确性。 三、参与客户风险统计系统的测试，包括系统功能优化、数据治理、溯源和源头数据质量提升，以及 XC 浏览器适配等方面的测试工作。 四、对征信查询系统进行测试，验证与信贷系统等的互联互通、日核查功能、数仓优化、信用报告查询以及配套信贷业务改造和移动端、统一待办中心接入等情况。 五、执行移动办贷系统的测试任务，包括移动端流程处理、贷后模块和贷前客户功能模块的测试。 要求： 专科及以上学历，计算机金融相关专业优先。 具有 [3] 年以上银行系统测试经验，熟悉银行业务流程。 熟练掌握测试方法和工具，具备良好的问题分析和解决能力。 具备较强的责任心和团队合作精神。,7月3日,京北方信息技术股份有限公司[股票代码：002987]（以下简称：京北方）致力于为国内外金融机构客户提供信息技术服务（ITO）及业务流程外包服务（BPO），并立志成为国内顶级的金融IT综合服务提供商。京北方总部位于北京，在广东、山东、江苏、安徽、黑龙江设有多个全资子公司，在超过20个中心城市设有分支机构及办事处，业务及服务中心遍布全国所有省、自治区、直辖市。公司顺应金融行业变革和客户需求，坚持创新驱动发展，先后被认定为国家高新技术企业、中关村高新技术企业，并获得跨地区增值电信业务许可证，同时设有北京市企业技术中心、企业博士后工作站。京北方遵循严格的质量标准，执行严密的安全措施，拥有成熟可靠的管理和开发流程，顺利通过CMMI5评估、ISO9001质量管理体系认证、ISO27001信息安全管理体系认证、ISO20000>;IT服务管理体系认证、ISO22301业务连续性管理体系认证、ISO14001环境管理体系认证、OHSAS18001职业健康安全管理体系认证。同时，掌握多项金融IT行业核心技术，拥有自主知识产权的国家专利20项，软件著作权90余项，具备高可靠的全时全国服务交付能力、IT信息风险管控能力及信息技术连续性服务管理能力。如今，京北方充分利用互联网、云计算、大数据、人工智能等新兴技术，凭借深厚的行业背景、国内领先的技术实力及创新的思维，针对银行、保险、证券、信托、基金、租赁、资产管理、理财管理等金融行业客户，打造出覆盖客户渠道、业务处理、管理决策等领域解决方案，囊括营运管理、风险管理、合规管理、信贷管理、资产管理、同业管理、现金管理、交易银行、中间业务、统一客服、电商平台等关键业务领域。基于公司成熟的服务体系及专业的技术团队，满足客户对业务咨询、软件开发、软件测试、应用系统运维、基础架构运维、桌面运维在内的多层次服务需求。京北方实时洞察行业变革，技术驱动客户创新，帮助客户完成产品创新、渠道创新，协助客户实现收入和利润结构优化，驱动客户从优秀到卓越。跟踪前沿科技，致力行业创新。凭借持续的行业经验和强大的本地化服务能力，在金融业务流程外包领域，京北方拥有涵盖数据处理类、业务处理类、业务营销类等一系列服务产品，在潍坊、大庆、无锡、合肥拥有独立的大型外包基地，为客户提供驻场式、基地式、租赁式等多种连续性外包服务。京北方现为中国规模最大、人数最多、资质最全、客户最广泛的国内金融BPO服务公司之一。面向未来，京北方将持续秉承“客户满意、员工支持、股东默契、价值链协同、社会认可”的企业核心价值观，坚守“合法、合规、合理”的经营准则，通过专业化的产品和服务，释放科技创新的力量，把信息技术转化为客户价值，助力客户尽享科技变革带来的卓越运营。,"https://www.zhaopin.com/jobdetail/CC315847110J40674828307.htm?refcode=4019&srccode=401901&preactionid=a7c1140f-c46c-45e5-b867-ab342d8bdc77"
2828,实施工程师,大庆-龙凤区,8000-14000元,东华医为科技有限公司,"IT服务,IT服务",1000-9999人,未融资,CC649781480J40241498005,1. 学习能力强，能较快掌握和应用新技术，具备较好的独立解决问题的能力，有较强的适应能力、吃苦耐劳、能担重任； 2. 工作敬业，责任心强，能够按照规定的工作流程开展工作，积极主动，发现问题及时提出意见和建议； 3. 善于沟通，有较好的表达能力和职业素质； 4. 有团队协作精神，能够与各方面的领导和同事融洽合作； 5. 有良好的编程能力，至少熟练掌握Java、VB、VC、C、C#之一种计算机语言，具备开发案例； 6. 熟悉关系型数据，掌握sql语言； 7. 能接受出差，能够承受一定程度加班； 8. 要求大学本科一批及以上学历，1-2年以上医疗软件实施或者开发经验优先，应届生不限； 职位福利：五险一金、绩效奖金、加班补助、带薪年假、补充医疗保险、定期体检、项目奖金、免费停车  ,2025-07-27 01:11:54,东华医为科技有限公司（简称东华医为）成立于2012年5月，注册资金5000万，是东华软件股份公司旗下专业服务医疗、卫生等大健康领域IT业务的全资子公司。东华医为现有员工2000余人，其中技术人员占比达到90%，拥有近100项大健康类自主知识产权的软件产品，所覆盖的大健康领域有医疗机构、卫生管理机构、互联网医疗、人工智能、大数据、健康管理等，所涉及的主要业务有IT咨询规划、方案设计、系统集成、软件开发与交付、工程实施与交付、人才培养、售后运维、合作运营等。东华医为现为全国500余家大健康领域的各类用户提供着持续的技术服务，还连续多年蝉联中国十佳医疗行业解决方案商榜首。传承了东华软件医疗卫生事业部近二十年IT业务的东华医为，在高速发展的大健康领域，笃定能大有作为。,"https://www.zhaopin.com/jobdetail/CC649781480J40241498005.htm?refcode=4019&srccode=401901&preactionid=a7c1140f-c46c-45e5-b867-ab342d8bdc77"
2829,硬件测试,东莞-None,1.1-1.4万,软通动力信息技术(集团)股份有限公司,"互联网,IT服务,计算机软件",10000人以上,D轮及以上,CC000544460J40734900816,岗位内容： 1. 执行硬件测试任务，并维护测试数据和文档； 2. 跟进测试过程中发现的问题，协助解决硬件缺陷； 3. 收集硬件测试需求，推动测试工具和方法的改进。 任职要求： 1. 熟悉常用的硬件测试方法和工具，有相关经验者优先考虑； 2. 善于沟通和协作，具有良好的团队合作精神； 3. 具备较强的学习和自我提升意愿，能够快速适应新环境和新技术。,7月22日,软通动力信息技术（集团）股份有限公司（以下简称“软通动力”）是中国数字技术产品和服务创新领导企业，致力于成为一家具有全球影响力的科技企业，企业数字化转型可信赖合作伙伴。公司2005年成立于北京，多年来始终坚持科技创新，具有软硬全栈的智能技术产品和服务能力，提供软件与数字技术服务、计算产品与数字基础设施、数字能源与智算服务以及国际化服务。目前，公司在10余个重要行业服务超过1100家国内外客户，其中超过230家客户为世界500强或中国500强企业，员工近90000人。软通动力拥有软通咨询、软通金科、软通工业互联、机械革命、软通华方等业务子品牌，并在全球40余个城市布局业务，构建北美、日本、东南亚、中东四大国际交付中心，在北京城市副中心、江苏无锡建设两大智能制造基地。同时，公司前瞻布局智能制造、ICT软硬基础能力和生产力智能化产品，打造产业链闭环。软通动力设立30个能力中心，拥有1个国家级工程实验室，6个省市政府认定的工程、技术实验室及研发中心，1个博士后科研工作站，50+技术合作伙伴的生态合作体系，不断探索前沿技术的巨大商业应用潜力。公司旗下教育品牌软通教育，拥有一家全日制本科学院——郑州西亚斯学院数字技术产业学院；同时在全国合作院校600多所，设有70多个校企联合人才培养基地，通过校企合作、协同育人，为社会培养高素质应用型人才。软通动力先后获得“2023年中国IT服务市场排名TOP 1”、“2024年Q4 PC出货量国内市场份额排名TOP 2”、“2024年中国软件和信息技术服务竞争力百强企业”、“2023年中国信创企业100强”、“2024万得ESG评级（Wind ESG Rating）AA级及信息技术服务行业ESG综合得分排名第一”等荣誉及市场认可，并拥有全球软件工程领域最高级别CMMI V2.0成熟度5级评估认证、国家研发运营一体化（DevOps）三级能力成熟度模型认证、信息技术服务标准（ITSS）运维能力成熟度一级认证等专业资质，支撑公司更优质的服务体系。,"https://www.zhaopin.com/jobdetail/CC000544460J40734900816.htm?refcode=4019&srccode=401901&preactionid=a7c1140f-c46c-45e5-b867-ab342d8bdc77"
2830,C/C++,成都-双流区,5000-10000元,新讯数字科技(杭州)有限公司北京分公司,"运营商/增值服务,计算机软件,通信/网络设备",1000-9999人,不需要融资,CC120409680J40750634609,岗位职责： 微服务SME平台的Lua执行环境的开发与维护 基本条件： 1、计算机相关专业，英语四级以上，本科以上学历； 2、具备较好的沟通能力、适应能力和理解能力； 3、具备较强的独立处理问题和解决问题的能力； 4、具有较好的文档编写能力； 岗位技能： 1、精通C++语言，有Linux/UNIX下程序设计和开发经验者优先。 2、熟悉软件研发流程，具备软件工程思想。 3、熟悉mysql/opengauss等数据库，有熟练的SQL编写能力； 4、具备较强的学习能力，具有团队合作精神，能够在压力下独立工作并按时完成；,6月27日,新讯数字科技（杭州）有限公司（简称“新讯”、“EB”），曾用名“杭州东信北邮信息技术有限公司”，由北京邮电大学廖建新教授以其主持研发的移动智能网核心技术为基础，于2000年2月创建。公司现有员工约1800人，在全国二十多个省、自治区、直辖市设立了分公司/办事处，拥有投资近4000万元的大型系统实验室。经过二十余年拼搏，已形成了立体化产品矩阵，覆盖核心网络通信、高性能媒体处理、大数据与AI、通信安全、物联网等DICT领域，为现网近10亿用户提供电信级服务。目前，公司已经成为国内运营商的重要战略合作伙伴和移动通信领域的主要支撑厂商。,"https://www.zhaopin.com/jobdetail/CC120409680J40750634609.htm?refcode=4019&srccode=401901&preactionid=a7c1140f-c46c-45e5-b867-ab342d8bdc77"
2831,前端开发,北京-朝阳区,8000-12000元,上海治粟企业管理有限公司,互联网,20-99人,,CCL1267614500J40772301314,岗位内容： 1. 负责开发和维护前端系统和模块，确保其运行稳定可靠 2. 编写高效、清晰、易于维护的代码 3. 协调需求，与其他团队成员进行有效沟通和协作 任职要求： 1. 熟练掌握HTML、CSS和JavaScript，熟悉主流前端框架 2. 具备扎实的编程基础，良好的代码风格，注重代码品质 3. 擅长和团队合作，具备很好的沟通和协调能力,7月23日,,"https://www.zhaopin.com/jobdetail/CCL1267614500J40772301314.htm?refcode=4019&srccode=401901&preactionid=a7c1140f-c46c-45e5-b867-ab342d8bdc77"
2832,科研人员,保定-涿州市,2-3万,北京灵禾科技发展有限公司,"金属制品业,贸易/进出口",100-299人,,CC881784510J40670778908,1、博士及以上学历，机械相关专业，英语四级以上； 2、有一定量的发明专利编写，有设计仿真经验者优先； 3、精密运动控制平台的机械设计、运动控制研发方向优先； 4、接受应届毕业生。,7月20日,我公司是生产和设计的空气轴承元件和超精密加工零件，用于中国先进的曝光机，先后和清华大学和上海微电子参与完成了3项863项目（曝光机）和国家重大科技专项。国内市场，在气浮轴承这个专业细分领域，国内知名度颇高，产品成为客户的首选。我公司的产品运用领域集中在：半导体制造领域的企业、高科技创新型企业、科研院所、大学、航空、航天等企业。我公司的忠实客户中有20多所国内知名大学，清华大学、哈尔滨工业大学、北京航空航天大学、浙江大学等都和我们保持长期合作的关系。中国科学院微电子研究所、北航天科技集团控制仪器研究所、中国电子科技集团、中科院成都光电所、航空精密机械研究所等国内权威科研机构也是我们的重点客户，他们对于我公司的产品给予的很大的肯定。同时我公司作为高端制造企业的供应商，一直跟跑国内外领先科技企业和上市公司，上海微电子装备（集团）股份有限公司SMEE、海克斯康HEXAGON、北京华卓精科科技股份有限公司、蔡司中国、大族数控等。产品也获得十多家海外500强企业的青睐，每年出口额度以百分之30%递增。,"https://www.zhaopin.com/jobdetail/CC881784510J40670778908.htm?refcode=4019&srccode=401901&preactionid=a7c1140f-c46c-45e5-b867-ab342d8bdc77"
2833,软件测试,深圳-福田区,6000-7000元·13薪,东莞市嘉泳科技有限公司,计算机软件,20-99人,,CCL1504889760J40755051909,岗位内容：  1. 执行软件测试工作，包括测试用例编写、测试执行、问题跟踪等，确保软件品质。 2. 参与产品设计评审，了解业务需求，提出优化建议。 3. 使用自动化测试工具或开发相应的自动化测试脚本，提高测试效率，缩短测试周期。 4. 持续关注测试领域的新技术和方法，不断提升测试技能和工作效率。 任职要求：  1. 计算机相关专业专科及以上学历，有软件测试工作经验；对于无工作经验但其他能力突出者亦可考虑。 2. 熟练掌握至少一种测试工具、至少掌握一种编程语言，熟知测试原理和方法。 3. 具备良好的逻辑思维能力和分析能力，能够快速定位问题，并给出有效的解决方案。 4. 具备较强的沟通协调能力和团队合作精神，积极主动，具有强烈的责任心和进取精神。,7月10日,,"https://www.zhaopin.com/jobdetail/CCL1504889760J40755051909.htm?refcode=4019&srccode=401901&preactionid=a7c1140f-c46c-45e5-b867-ab342d8bdc77"
2834,前端开发,南京-浦口区,9000-15000元,江苏先维技术有限公司,计算机软件,20-99人,,CCL1296862630J40722311514,岗位职责：1.参与软件需求分析、功能模块设计、代码编写、单元测试、模块级测试、文档编写等开发类工作；    2.根据项目具体要求，承担开发任务，按计划完成任务目标，软件交付客户后，还将参与软件的维护工作，及时解决使用中遇到的问题；    3.负责编制与项目相关的技术文档。1.参与软件需求分析、功能模块设计、代码编写、单元测试、模块级测试、文档编写等开发类工作；    2.根据项目具体要求，承担开发任务，按计划完成任务目标，软件交付客户后，还将参与软件的维护工作，及时解决使用中遇到的问题；    3.负责编制与项目相关的技术文档。    任职要求：    1.计算机或相关专业，本科及以上学历；    2.具备良好的责任心及团队合作精神，能承担一定的工作压力；    3.具有较好的学习能力及逻辑思维能力，热爱软件开发，对新技术有较强的学习兴趣；    4.熟练掌握HTML、CSS、JavaScript前端开发基础；    5.掌握数据库、操作系统、数据结构、计算机网络等相关知识；    6.对常用的前端框架有一定了解，动手开发过前端应用。 ,2月26日,,"https://www.zhaopin.com/jobdetail/CCL1296862630J40722311514.htm?refcode=4019&srccode=401901&preactionid=a7c1140f-c46c-45e5-b867-ab342d8bdc77"
2835,Java,深圳-龙岗区,1.2-2.4万·14薪,外企德科数字技术有限公司,专业技术服务,10000人以上,,CCL1480117890J40784315005,岗位内容： 1. 开发高质量的应用程序，保证代码的可读性、可维护性、可扩展性和性能。 2. 参与需求分析、系统设计和开发计划的制定。 3. 能够快速识别问题并提供有效的解决方案。 4. 与产品和测试团队紧密合作，确保产品质量符合用户期望。 任职要求： 1. 精通编程语言，有大型项目开发经验。 2. 拥有扎实的计算机基础，熟练掌握面向对象编程思想和设计模式。 3. 熟练使用常见的Web容器和数据库（如Tomcat、MySQL）。 4. 熟悉敏捷开发流程，具备优秀的沟通和协调能力。,2025-07-27 00:25:19,外企德科数字技术有限公司是一家2023年新成立的中外合资企业。成立于2023年11月24日，公司定位：专注于为信息技术企业提供人才及数字技术外包解决方案的中外合资企业。它是由中国人力资源服务行业的FESCO（北京国际人力资本集团）与全球人力资源服务领导者The Adecco Group（德科集团）合资成立的。公司主要提供网络技术服务、软件外包服务、计算机系统服务、技术进出口、软件开发等信息技术相关服务。专注于为信息技术企业提供信息技术类人才及数字技术外包解决方案。,"https://www.zhaopin.com/jobdetail/CCL1480117890J40784315005.htm?refcode=4019&srccode=401901&preactionid=a7c1140f-c46c-45e5-b867-ab342d8bdc77"
2836,硬件测试,上海-青浦区,7000-8000元,上海劳联信息科技有限公司,"企业服务,运营商/增值服务,人力资源服务",500-999人,不需要融资,CC396798430J40784795914,华涧新能源 21元/H长白班空调车间  7月31日下午13:00面试  测试岗位 有过机器测试经验的优先安排  接线:做过接线和线束的工作经验  年龄：23-43岁 中专以上学历  空调车间 工时高 奖金高  上班时间：8：30-20:30  薪资待遇：  月综合7000-8000元  每月15号发工资  地址：崧煌路280号    ,2025年07月30日,公司简介上海劳联信息科技有限公司办公室地址位于中国大城市，魔都上海，上海上海市青浦区香花桥街道新桥路761弄17号402-1室，于2004年05月11日在青浦区市场监督管理局注册成立，注册资本为900万人民币，在公司发展壮大的15年里，我们始终为客户提供好的产品和技术支持、健全的售后服务，我公司主要经营信息科技专业领域内的技术开发、技术转让、技术咨询、技术服务，劳务派遣，企业管理咨询，物业管理，电子商务、以服务外包方式从事生产线外包及加工服务（不得从事增值电信、金融服务），人工搬运服务，人工装卸服务，仓储服务（除危险化学品），货物运输代理（除危险化学品），绿化养护。【依法须经批准的项目，经相关部门...，我们有好的产品和专业的销售和技术团队，我公司属于上海信息传输、计算机服务和软件业黄页行业，如果您对我公司的产品服务有兴趣，期待您在线留言或者来电咨询,"https://www.zhaopin.com/jobdetail/CC396798430J40784795914.htm?refcode=4019&srccode=401901&preactionid=a7c1140f-c46c-45e5-b867-ab342d8bdc77"
2837,测试工程师,十堰-竹山县,5000-7000元,天阳科技,"计算机软件,计算机软件",1000-9999人,已上市,CC120408370J40824023208,1.全国项目驻场测试，主要负责功能、数据或接口等相关测试工作； 2.统招本科学历及以上（学信网可查）；毕业满2年；计算机专业优先； 3.热爱软件测试行业、有强力的自驱力，能够在测试岗位深入学习研究； 4.有无经验均可，服从公司安排，接受公司培养，可接受异地工作优先； 福利待遇： 上市公司，公司可以提供住宿，提供五险一金； 欢迎符合要求的小伙伴们投递~,7月17日,天阳科技(股票代码：300872)，是全球金融创新服务的重要贡献者，持续赋能中国金融行业数字化转型，为客户提供咨询、金融科技产品、金融IT服务、云计算及运营服务。公司成立于2003年，服务超过300家金融行业客户，覆盖中央银行、政策性银行、国有银行、股份制银行、地方性商业银行、非银行金融机构等，员工人数近7000人，成为激活金融领域创新活力、推动金融科技迈入世界领先水平的重要力量。作为金融行业客户可信赖的合作伙伴，天阳科技凭借丰富的行业经验和端到端的专业服务，在信创、数字化金融、信贷、交易银行、信用卡、零售、营销、风险管理、征信监管等众多领域具备核心竞争力。据赛迪和IDC报告显示，近年来公司在中国银行业IT解决方案市场排名强势崛起，2019年收入及市场占有率综合排名分别位列第四位和第五位，并保持高速增长。同时，前瞻商业和科技趋势，入选2021年度未来银行科技服务商TOP100。天阳科技始终聚焦金融科技领域，加大自主创新力度，在超过100个城市建立本地化、专业化的研发和服务团队，拥有CMMI5级认证、软件测试成熟度模型集成（TMMi）3级认证、ISO9001质量管理体系认证、ISO20000信息技术服务管理体系认证、IS027001信息安全管理体系认证。通过部署人工智能、云计算、大数据、移动互联网、分布式计算和区块链等先进金融科技，公司致力于构建安全可控、普惠民生、开放共赢格局，在关键技术领域服务现代化金融发展大局，更好地为各利益相关方创造更大价值，为大中企业、小微企业以及每个个体提供优质金融服务。,"https://www.zhaopin.com/jobdetail/CC120408370J40824023208.htm?refcode=4019&srccode=401901&preactionid=a7c1140f-c46c-45e5-b867-ab342d8bdc77"
2838,硬件测试,北京-石景山区,8000-15000元,北京立维智控科技有限公司,"电子/半导体/集成电路,电子/半导体/集成电路",20人以下,未融资,CC544048680J40539080616,岗位内容： 1. 硬件和嵌入式软件测试方案的制定和实施； 2. 产品组装及调试，编写测试报告和研发文档； 3. 对测试中出现的问题进行跟踪，协助软硬件联合调试、故障分析和解决。 任职要求： 1. 985，211院校一本及以上学历，电子工程、自动化或相关专业； 2. 至少三年以上硬件测试相关工作经验，熟悉各类测试仪器设备的使用； 3. 熟练掌握常用的硬件测试技术和方法，熟练使用C/C++语言及相关开发工具； 4. 具备良好的团队协作精神、问题解决能力和沟通表达能力。 注:薪资待遇根据个人能力综合评估！,7月7日,北京立维智控科技有限公司是一家致力于飞行器的总体设计、姿态与轨迹测量系统、飞行控制系统、地面发控检测设备，导航设备（惯导与卫星）等的技术研究、相关软硬件产品开发的高科技企业，公司专注于高性能、前沿军用产品研发，专业包含机械结构设计、飞行控制系统设计、导航与控制设备开发以及软件开发等。硬件平台涉及arm核心的单片机，DSP，FPGA等。,"https://www.zhaopin.com/jobdetail/CC544048680J40539080616.htm?refcode=4019&srccode=401901&preactionid=a7c1140f-c46c-45e5-b867-ab342d8bdc77"
2839,测试工程师,南充-高坪区,5000-7000元,天阳科技,"计算机软件,计算机软件",1000-9999人,已上市,CC120408370J40824037108,1.全国项目驻场测试，主要负责功能、数据或接口等相关测试工作； 2.统招本科学历及以上（学信网可查）；毕业满2年；计算机专业优先； 3.热爱软件测试行业、有强力的自驱力，能够在测试岗位深入学习研究； 4.有无经验均可，服从公司安排，接受公司培养，可接受异地工作优先； 福利待遇： 上市公司，公司可以提供住宿，提供五险一金； 欢迎符合要求的小伙伴们投递~,7月17日,天阳科技(股票代码：300872)，是全球金融创新服务的重要贡献者，持续赋能中国金融行业数字化转型，为客户提供咨询、金融科技产品、金融IT服务、云计算及运营服务。公司成立于2003年，服务超过300家金融行业客户，覆盖中央银行、政策性银行、国有银行、股份制银行、地方性商业银行、非银行金融机构等，员工人数近7000人，成为激活金融领域创新活力、推动金融科技迈入世界领先水平的重要力量。作为金融行业客户可信赖的合作伙伴，天阳科技凭借丰富的行业经验和端到端的专业服务，在信创、数字化金融、信贷、交易银行、信用卡、零售、营销、风险管理、征信监管等众多领域具备核心竞争力。据赛迪和IDC报告显示，近年来公司在中国银行业IT解决方案市场排名强势崛起，2019年收入及市场占有率综合排名分别位列第四位和第五位，并保持高速增长。同时，前瞻商业和科技趋势，入选2021年度未来银行科技服务商TOP100。天阳科技始终聚焦金融科技领域，加大自主创新力度，在超过100个城市建立本地化、专业化的研发和服务团队，拥有CMMI5级认证、软件测试成熟度模型集成（TMMi）3级认证、ISO9001质量管理体系认证、ISO20000信息技术服务管理体系认证、IS027001信息安全管理体系认证。通过部署人工智能、云计算、大数据、移动互联网、分布式计算和区块链等先进金融科技，公司致力于构建安全可控、普惠民生、开放共赢格局，在关键技术领域服务现代化金融发展大局，更好地为各利益相关方创造更大价值，为大中企业、小微企业以及每个个体提供优质金融服务。,"https://www.zhaopin.com/jobdetail/CC120408370J40824037108.htm?refcode=4019&srccode=401901&preactionid=a7c1140f-c46c-45e5-b867-ab342d8bdc77"
2840,实施工程师,北京-None,8000-12000元,北京普赞生物技术有限公司,"医药制造,农/林/牧/渔,检测/认证,仪器仪表制造",100-299人,未融资,CC407241218J90250313000,职责要求： 1、负责产品售前售后的技术 支持与服务； 2、负责公司招投标相关文件的编写与整理； 3、结合产品特性及客户需求编制特定的应用解决方案； 4、负责相关行业标准及产品信息的收集与整理； 5、负责公司产品发布； 6、依据产品线提供的标准，完成公司产品备案工作； 7、协同完成公司产品专利、产品宣传资料的编制与整理； 8、 负责食品安全标准及相关产品信息的收集整理，为公司产品定义及市场调研提供支持； 任职资格： 1、生物类、化学分析类、食品类、畜牧医学类专业，本科及以上学历； 2、具备较扎实的专业知识储备和较强的学习发展意愿； 3、熟悉掌握ELISA原理，有ELISA实验经验。 4、熟悉食品安全检测或相关实验室设备，并能较熟练的操作； 5、乐观、勤奋、事业心强，有良好的职业素养，能承受较强的工作压力； 6、愿意长期投身生物技术食品安全快检行业并持续发展者优先考虑； 职位福利：节日福利、周末双休、五险一金、餐补、通讯补助、带薪年假、弹性工作、定期体检 ,5月30日,北京普赞生物技术有限公司，秉承“致力生物科技创新、保障食品环境安全”的使命，利用高新生物技术针对真菌毒素、农药残留、兽药残留、抗生素、非法添加剂、环境毒素等有害添加问题，研发、生产拥有自主知识产权的优质快检产品。公司研发的多种酶联免疫试剂盒、金标快速检测卡、快速检测箱、快速检测仪器等产品在食品安全检测、药品安全检测、环境检测等各类领域发挥重要作用。产品广泛应用于食药、粮食、农业、质监、工商、检疫、水产等政府专业机构，并受到牛奶制品、肉制品、食品加工、饲料加工、农产品加工等众多企业客户的青睐。公司拥有由博士、硕士及本科生等高能力、高素质人才组建的专业研发团队，拥有先进的抗原合成、抗体制备、理化检测、免疫检测及微生物检测研发实验室。公司已先后研发出各类食品安全快速检测试剂盒、检测卡、免疫亲和柱、检测仪器类共计160余种产品，其中多种产品已获国家专利认证。公司现已建立了先进的一站式全方位售后服务体系，提供免费咨询服务，力争为客户创造一流的产品和满意的服务。公司已获得国家高新技术企业认证，中关村高新技术企业认证，已通过ISO9000:2008质量体系认证；经审核符合CEC：9000国际信用体系管理标准适用条款的要求，被认定为AAA级信用等级企业。公司价值理念：公司将产品质量视为企业生命线、始终关注客户价值，恪守诚信。公司重视产品设计，致力于打造客户价值导向的研发生产模式。公司崇尚技术性创新、高度尊重技术创新项目与技术创新人才。公司长期招募诚信务实、责任心强和具有强烈学习发展动力的年轻技术人才、市场人才和管理人才，同时期待拥有自主创业精神和创新意识能力的有识之士加入我们的团队，共同打造长远发展的事业共同体。公司地址：北京市昌平区回龙观镇北京国际信息产业基地高新四街6号院1号楼北京源通发展中心四层（定泗路北京特警总队对面）公司座机：52450198招聘热线：13522727874,"https://www.zhaopin.com/jobdetail/CC407241218J90250313000.htm?refcode=4019&srccode=401901&preactionid=a7c1140f-c46c-45e5-b867-ab342d8bdc77"
2841,测试工程师,广州-黄埔区,5000-10000元·13薪,广州顺泰质量技术服务有限公司,"检测/认证,汽车研发/制造,电子/半导体/集成电路",20-99人,,CC416137430J40761339309,岗位职责 1、负责汽车车灯光学测试，根据项目测试计划，完成测试任务，记录和整理测试数据；  2、根据相关法规标准或客户要求，独立完成汽车灯具的配光测试；  3、确保测试过程、记录、数据、结果的准确性和完整性；  4、日常维护和保养测试设备；协助设备仪器的维护跟进、问题解决。  5、公司安排的其他任务。  岗位要求：  1、大专及以上学历，理工科类相关专业均可；  2、具备基本的光学知识，能够理解英文标准要求；  3、具有光学测试经验者优先考虑，如亮度计，照度计，积分球和测角光度计等；  4、具有良好的团队协作精神，有较好的动手能力和学习能力，能独立完成工作任务；  5、熟悉相关测试标准和法规；  6、具备良好的英语读、写能力；  7、能接受加班安排。,7月28日,"广州顺泰质量技术服务有限公司GUANGZHOU SHUN TAI QUALITY TECHNOLOGY SERVICE CO., LTD，是民营第三方检测、认证专业服务型机构，2017年获得国家级高新技术企业称号。公司以机动车整车及零部件，电子电器，动力电池，消费性电子产品等质量检测与认证为主营业务，专注于 CE, FCC,汽车零部件EMARK认证检测服务。自成立以来，通过不断的自我完善和发展，建成光学车灯配光性能检测实验室、能效性能实验室等，并已投入使用。电磁兼容实验室，环境测评实验室建立筹备中。公司致力于为国内与国际生产厂商提供V型开发服务，前期需求分析与功能设计，后期验证检测和认证整体一套服务；应用国际标准认证检测平台，协助中国制造产品达到国际标准，成功跨越国际技术壁垒和贸易壁垒。","https://www.zhaopin.com/jobdetail/CC416137430J40761339309.htm?refcode=4019&srccode=401901&preactionid=a7c1140f-c46c-45e5-b867-ab342d8bdc77"
2842,测试工程师,深圳-龙华区,7000-12000元,深圳世纪百盛信息技术有限公司,"新媒体,物联网,电子商务",20-99人,不需要融资,CCL1468660950J40872372804,"职责描述： 1. 根据项目安排编写测试用例； 2. 根据测试计划搭建项目测试环境； 3. 执行测试，包括功能、性能及自动化测试； 4. 完成上司安排的其他相关任务。 岗位要求: 1. 计算机或相关专业，专科及以上学历； 2. 工作积极主动、认真, 善于沟通, 能承受较大工作压力, 具有较强的团队合作精神 福利待遇： 1. 员工享有具竞争力的薪酬，每年更有机会获得高达1-6个月月薪的奖金； 2. 五天7.5小时工作制 (9:00 – 18:00)，周末双休，享受国家法定节假日，其他假期：婚假、产假、陪产假根据国家相关规定执行 3. 符合条件的员工结婚生育可享有贺金； 4. 公司注重员工的职业发展； 5. 公司定期举办的体育、休闲、文化、娱乐、生日会等丰富的员工活动，并发放部门活动经费； 6. 免费为员工提供时令水果、各种冲调饮品； 7. 年度优秀员工奖项及工龄服务奖； 8. 整洁舒适，宽敞明亮；氛围很奈斯 9. 年轻有活力的研发团队，与亲切的上司、一群积极上进的同事共同成长。",5月9日,深圳世纪百盛信息技术有限公司，位于广东深圳市，是一家从事服务业为主的企业。自己有供应链，有线上电商平台。自己设计和文案，产品也深受年轻人喜欢公司也都是95后的办公气氛好，期待你的加入,"https://www.zhaopin.com/jobdetail/CCL1468660950J40872372804.htm?refcode=4019&srccode=401901&preactionid=a7c1140f-c46c-45e5-b867-ab342d8bdc77"
2843,软件测试,北京-朝阳区,150-170元/天,北京智通云联科技有限公司,"计算机软件,互联网",100-299人,未融资,CC347095680J40688823407,1）计算机相关专业；每周工作4天以上（全职优先）；  2）熟悉测试方法、测试流程、测试用例涉及等等内容；-加分项  3）了解Mysql、redis、mongodb等主流数据库；-加分项  4）了解linux操作系统，会基础操作命令；-加分项  5）据有较强的学习能力，性格开朗，工作踏实认真。,5月16日,知识图谱智未来，工业互联通天下。智通云联坚守工业知识与技术创新领域十余年，以丰厚的技术底蕴，扎实的工业实践，打造了基于智能技术的工业互联网平台及工业软件，服务于众多石油石化、食品饮料、国防军工、政府部委、包装与餐饮行业标杆客户，为企业的数字化转型设立了新路标。发端于国内工业领域知名企业知识工程团队，智通云联将TRIZ、本体论、知识工程、系统论等理论融合创新，运用大数据、自然语言处理（NLP）、知识图谱等智能技术，自主研发了安全可控的核心产品，形成软硬件及服务一体的整体解决方案，经过严苛的工业现场验证，赢得了军工、石油石化等行业的认可。目前，智通云联已积累了丰富的项目实施经验，与中国石化、利乐集团、蒙牛集团、光明乳业、澳优乳业、海底捞、自然资源部、中国银行、中船重工、常山纺织、中国海油等行业标杆客户携手实践AI的智能化应用，我们希望用科技创新赋能更多的客户，开创数字工业新时代。,"https://www.zhaopin.com/jobdetail/CC347095680J40688823407.htm?refcode=4019&srccode=401901&preactionid=a7c1140f-c46c-45e5-b867-ab342d8bdc77"
2844,Java,大连-西岗区,2.5-5万,济南淘扑云信息技术有限公司,计算机软件,20-99人,,CC515910530J40535155106,岗位要求：,5月29日,济南淘扑云信息技术有限公司坐落于美丽的泉城济南。是一家从事软件产品研发，维护，系统集成和整体解决方案设计的高新技术企业。公司在从事软件产品研发的同时、亦积极发展国内、日本、欧美等相关项目的技术人才服务等业务。公司业务范围涵盖零售、金融、医疗、社保和通信等相关领域，并与众多客户良好合作的基础上，建立起了相互信赖的战略合作伙伴关系。公司的业务方向涵盖对日服务外包、金融/智慧能源/智能制造/电商等行业的IT服务、以及人力资源服务等。公司对接国内外高端市场，与国内外一流企业合作，根据客户需求，提供包括信息技术外包（ITO）、业务流程外包（BPO）和知识流程外包（KPO）在内的全价值链服务。公司提倡“以人为本”的发展理念，全力为员工提供充分展现才能的平台，实现企业与员工的共同发展与成长。公司将为员工提供有竞争力的薪资福利，良好的工作环境，完善的培训（优秀者可以提供出国实训与工作的机会）和广阔的职业发展空间。公司主营业务：1、软件产品的设计与研发2、零售、政府、医院、教育行业等系统集成项目3、国内、对日、欧美等外包服务济南淘扑云为员工提供广阔的发展空间，真诚的期待您加入我们这个快速成长、充满热情与活力的企业。,"https://www.zhaopin.com/jobdetail/CC515910530J40535155106.htm?refcode=4019&srccode=401901&preactionid=a7c1140f-c46c-45e5-b867-ab342d8bdc77"
2845,测试工程师,南京-江宁区,6000-7000元·13薪,南京来可电子科技有限公司,"电子/半导体/集成电路,电子/半导体/集成电路",20-99人,未融资,CC369585110J40729499401,岗位职责： 1.负责公司产品测试相关工作的计划制定、保证各项目的测试进度和质量； 2.负责公司产品功能和性能的测试，反馈给研发并跟踪优化进展； 3.执行公司产品可靠性测试，环境实验，电气性能实验，并输出测试报告； 4.负责产品故障的跟踪和解决，配合研发分析产品软硬件测试问题，对测试结果进行评估，出具测试报告 及生产指导类文档； 任职要求: 1.本科及以上学历； 2.工作严谨细致，有责任心；勤奋踏实，善于分析思考问题，独立性强，具有团队合作精神； 3.熟练使用电子测量仪器、仪表，包括示波器、万用表、信号源、频谱仪等； 4.热爱测试工作，能主动学习，有责任心。,4月28日,南京来可电子科技有限公司成立于2008年，一直为工业通讯联网领域提供领先的硬件，软件和服务。专注于现场总线CAN和CAN FD。我们能提供从嵌入式硬件、嵌入式软件到驱动、开发包和应用软件等产品和服务。公司产品在自动化、工控、消防、汽车电子、轨道交通、煤矿、医疗设备、工程机械、充电桩和特种车辆等领域有广泛和深入的应用。公司研发力量雄厚，研发团队专注于嵌入式硬件和软件、CAN总线通讯、以太网通讯、光纤通讯、无线通讯、驱动、开发包和应用软件的技术研究和产品开发近10年，具有深厚的技术积累和丰富的项目经验，提供高稳定可靠的软硬件产品，致力于为客户提供系统级解决方案。,"https://www.zhaopin.com/jobdetail/CC369585110J40729499401.htm?refcode=4019&srccode=401901&preactionid=a7c1140f-c46c-45e5-b867-ab342d8bdc77"
2846,测试工程师,西安-长安区,5000-7000元·13薪,西安科湃电气有限公司,"新能源,电子/半导体/集成电路",100-299人,未融资,CC640634530J40680750810,岗位职责： 1.负责元器件的外观，性能测试任务。 2.负责新老产品单板测试、整机测试调试任务。 3.负责跟踪样品测试，小批量测试的数据记录。 4.负责所有测试项目的跟踪，记录以及测试报告输出。 任职要求: 1.大学本科及以上学历，电子、通信、自动化等相关专业，并熟悉模拟电路和数字电路的原理，可接受23、24届毕业生。 2.掌握Altium Designer，CadenceAllegro等绘图软件，掌握示波器，万用表，直流源等仪器仪表。 4.熟悉电子元器件的选型以及常用仪器仪表的操作使用，逻辑清楚，动手能力强。 5.具有较强自学能力以及良好的沟通能力，积极完成领导交代的日常工作。,7月21日,"西安科湃电气有限公司专注于先进电能变换技术在电能质量治理领域的应用，以电力电子技术为载体为用户提供更为优质、高效的电力供应。公司坐落于西安国家级高新技术产业开发区，拥有行业领先的自主研发团队和质量监管体系，并与西安交通大学及多家知名科研院所保持长期合作关系，始终致力于为客户提供持续优化电能质量管控方案。公司坚持以客户需求为导向、以科技创新为驱动，通过多年技术积淀，已拥有包括有源电力滤波器、静止无功发生器、有源电压控制器、通用电能质量控制器等一系列产品的电能质量解决方案。通过贴近用户需求的精细化钻研，相关产品已具备行业领先水平，广泛应用于国家电网、医院、污水厂、电气化铁路、城市轨道交通、机场、港口、石油、石化、冶金、煤矿、汽车、造船、化工、纺织、通信、商业楼宇等多个行业，并配套于开关成套厂、总包方,广受好评。公司以技术创新作为核心竞争力，多维度提升自身服务水平，我司为中国电源学会会员单位，参与制定：《低压有源电压偏差补偿装置》《低压混合式动态无功补偿装置》《用户侧电能质量在线监测装置及接入系统技术规范》《低压并联切换型电压暂降治理装置技术规范》《民用建筑低压交流配电系统电能质量技术要求》等多项行业标准。现已通过: GB/T 9001-2016/ISO 9001:2015质量管理体系、ISO14001环境管理体系、ISO45001职业健康安全管理体系认证体系认证。2019年通过陕西省双软企业认证，为陕西省软件协会会员单位，2020年通过陕西省高新技术企业认证。相关产品已通过国家电控配电设备质量监督检验中心的型式试验、盐雾实验、德国TUV欧盟CE认证，并形成多项专利支撑的自主知识产权体系。为真正实现大学科技研发和公司产业发展紧密结合，公司与西安交通大学研究生院、西安交通大学电气工程学院建立专业学位研究生协同培养育人基地，导入西安交通大学该领域专家团队的先进技术经验，为公司产品的研发改善引入持续智慧支撑。同时我司与国网河北省电力有限公司电力科学研究院、南方电网深圳供电公司等多所研究机构进行深度技术合作，进行前沿技术探索。截至2022年6月，我司电能质量产品，已服务超过3000个项目现场，与宝钢集团有限公司、山东泰开集团有限公司、中国西电集团有限公司等多方进行深度合作。公司以未来能源的高效利用为理念，秉承以更优质的技术服务客户，不断科技创新与拓展，愿与您一起共筑人类更美好的能源世界。","https://www.zhaopin.com/jobdetail/CC640634530J40680750810.htm?refcode=4019&srccode=401901&preactionid=a7c1140f-c46c-45e5-b867-ab342d8bdc77"
2847,Java,石家庄-桥西区,2000-3000元,河北晨光网络科技有限公司,"互联网,计算机软件,网络/信息安全",20-99人,未融资,CC369404030J40783840212,1、计算机相关专业，本科学历及以上; 2、具有扎实的Java功底，了解JVM的原理，悉多线程，通信等相关技术;有较强的源码阅读、研究和理解能力; 3、精通SpringcCoud、SpringBoot、MyBatis等主流后端框架及前端框架Vue、uni-app，对优秀开源软件的源码有心得者优先; 4、精通数据库设计，优秀的SQL编写及调优能力，熟悉MySQL、Oracle等数据库，熟悉国产达梦、东方通中间件优先; 5、熟悉Linux下常用命令，具备根据日志迅速定位问题并解决问题的能力; 6、具有较好的沟通能力，思路清晰，善于思考，能独立分析和解决问题; 7、有强烈的责任心和团队合作精神，良好的抗压能力，心态积极，能主动融入团队。,7月12日,河北晨光网络科技有限公司成立于2011年，是一家为企事业单位提供信息化服务的高新技术企业。公司秉承“以客户为根本、以科技为核心、以市场为导向”的经营理念，专注于网站建设、软件开发、弱电工程、增值服务等项目。通过多年项目建设及客户服务，积累了丰富的实践经验，形成独具特色的专业策划和执行团队。晨光网络凭借优质的服务和有效的执行赢得了众多单位的认可和信赖，先后与部分知名企业及政府机关单位建立友好合作关系，赢得了良好口碑和广泛赞誉。在生态合作方面，晨光与阿里云、致远互联、263云通信等知名互联网行业领先者有着广泛的合作，同时与本地运营商建立战略合作关系，加快市场拓展步伐。经过多年的发展，晨光品牌已经成为本地信息化服务领域的领先品牌。晨光网络推出的每一项服务，都本着客户至上的原则；晨光网络每一次前进的脚步，都充分体现对用户的尊重与关怀。面对未来，我们承诺会在现有优势的基础上，为企业及政府单位提供更全面、更完善、更优质的信息化建设解决方案。,"https://www.zhaopin.com/jobdetail/CC369404030J40783840212.htm?refcode=4019&srccode=401901&preactionid=a7c1140f-c46c-45e5-b867-ab342d8bdc77"
2848,C/C++,上海-浦东新区,1.6-3万·14薪,外企德科数字技术有限公司,专业技术服务,10000人以上,,CCL1480117890J40600149105,在未来，把数字世界带入每一辆车，就能真正实现智能的驾驶、智慧的空间、智慧的服务和智能的生产，让汽车产业与ICT技术加速融合，跨界合作共赢将成为新的趋势。我们的业务将会涉及到智能驾驶、智能座舱产品部、融合感知、集成与验证、解决方案适配等。岗位要求：   1、大学本科及以上学历，计算机、通信、自动化等相关专业。   2、掌握C/C++/Java/Python等一种或多种语言的开发应用，掌握数据结构、算法相关知识。   3、具有良好的沟通能力，刻苦、敬业、有上进心，对技术有激情，喜欢钻研，有较强的独立、主动的学习能力。   4、没有工作经验的应届生同学亦可，需要具备较好的学习能力,2025-07-27 00:23:22,外企德科数字技术有限公司是一家2023年新成立的中外合资企业。成立于2023年11月24日，公司定位：专注于为信息技术企业提供人才及数字技术外包解决方案的中外合资企业。它是由中国人力资源服务行业的FESCO（北京国际人力资本集团）与全球人力资源服务领导者The Adecco Group（德科集团）合资成立的。公司主要提供网络技术服务、软件外包服务、计算机系统服务、技术进出口、软件开发等信息技术相关服务。专注于为信息技术企业提供信息技术类人才及数字技术外包解决方案。,"https://www.zhaopin.com/jobdetail/CCL1480117890J40600149105.htm?refcode=4019&srccode=401901&preactionid=a7c1140f-c46c-45e5-b867-ab342d8bdc77"
2849,测试工程师,福州-闽侯县,80-100元/天,福州思飞信息技术有限公司,"IT服务,计算机软件,电子/半导体/集成电路",20-99人,未融资,CC677775920J40859836015,岗位职责 1、设计、编写硬件测试方案； 2、编写测试用例、实施测试，并对测试结果进行分析； 3、编写测试文档； 4、改进现有硬件测试规范、流程、方法、技术进行。   任职要求 1、通信、计算机、电子技术、机电、自动化控制等相关专业毕业，大专及以上学历。 2、熟悉相关领域的基本理论知识；熟悉并掌握各种测试仪器的使用；较强的分析问题和解决问题能力。,7月24日,福州思飞信息技术有限公司成立于2014年，已获得福建省高新技术企业和福建省科技型企业称号；通过ISO9000认证；入围福建省电子信息产业集群创新发展风险投资项目库；加入福州产业创新论坛暨黑马独角兽计划；并且获得多项国内外发明及实用新型专利，包括20项国家专利及11项软件著作权。公司聚焦物联网产品和互联网平台研发，主要研发大型连锁商超智能价牌系列产品，以及延伸的智能产品和相关平台。包括超市广告发布平台，第四方支付系统及超市智能化管理应用和用户互动体验软件等，致力于打造不仅能省钱，更能赚钱的新零售生态系统。是一家以O2O物联网产品及云平台研发为主的科技型公司，在O2O物联网终端、云平台、智慧园区等领域为客户带来创新完善的解决方案。思飞致力于打造O2O线下终端第一品牌，竭力成为云生活落地专家。目前思飞的产品已经应用于上海、深圳、台湾、福建等多个地区，与百度、大众、淘点点、129T等多个商城达成合作共识，帮助商城解决线下落地问题，加快其网站推广，降低商户开店、运作成本，为百姓提供快速便捷的网购体验，推进社会云生活发展。,"https://www.zhaopin.com/jobdetail/CC677775920J40859836015.htm?refcode=4019&srccode=401901&preactionid=a7c1140f-c46c-45e5-b867-ab342d8bdc77"
2850,科研人员,成都-龙泉驿区,8000-12000元,秦川物联网,"仪器仪表制造,仪器仪表制造",500-999人,已上市,CC130831450J40850959115,,7月15日,成都秦川物联网科技股份有限公司成立于2001年，注册资本16800万元，是科创板上市公司（股票代码：688528），是专业从事物联网与智慧城市的理论研究和标准研究及其产品的开发、制造、销售与服务的高新技术企业。公司致力于实现物联网智慧燃气、物联网智慧水务，形成物联网智慧公共事业管理服务体系，并融入到智慧城市建设中去，用实际行动践行“用产品和服务将对生活的热爱传遍世界”的使命！公司高度重视技术创新，以技术创新驱动公司发展。公司拥有130余项国家发明专利、国际发明专利14项，其中7项美国发明专利、2项欧洲发明专利，2项日本发明专利，140余项计算机软件著作权，在国家核心期刊发表论文40余篇。公司连续多年被评选为“中国企业创新能力1000强”和“世界物联网企业500强”。公司“物联网智能燃气表及其运行体系”、“IC卡智能燃气表智能控制技术”、“双向无堵转齿轮传动的燃气表专用机电阀”3项技术被鉴定为“国际领先”科技成果。公司主编2项国家标准《信息技术传感器网络第903部分：网关逻辑接口》和《信息技术面向燃气表远程管理的无线传感器网络系统技术要求》。公司参编 26项智能传感器、物联网、智慧城市和国家网络信息安全方面的国家标准。公司参与制定了2018年国家智慧城市标准化总体组发布的《新型智慧城市发展白皮书（2018）》、国家物联网基础标准工作组发布的《物联网标准化白皮书（2016）》和《物联网标准化白皮书（2018）》，2018版《大数据安全标准化白皮书》。,"https://www.zhaopin.com/jobdetail/CC130831450J40850959115.htm?refcode=4019&srccode=401901&preactionid=a7c1140f-c46c-45e5-b867-ab342d8bdc77"
2851,技术支持工程师,吕梁-离石区,9000-18000元,青岛安然物联网科技有限公司,"物联网,物联网",20-99人,未融资,CC559764920J40823508104,需要弱电技术、自动化、安防系统、工业互联网+危化安全生产、物联网人才，不要纯软件人才。  你能经常到全国各地出差吗？你能到工业生产现场生产现场做技术支持吗？   真正的奋斗者在安然会有让人值得为之奋斗的事业，会有充实、高效的成长，会有高人一等的收入。   你能做好售前技术支持、根据客户需求，高效制作方案吗？你能做好售中技术支持、指导他人正确安装、部署、调试系统向用户保质保量快速交付吗？你能做好售后维护，高效沟通和落实客户需求吗？   迄今已服务中石化、中石油、延长石油、国能、兖矿、京能、索普、新安、奇美、昊源、潞安、旭阳、垦利、逸盛、海科、酒钢、金发等几百家石化、化工、选煤、钢铁、电厂企业。    安然以客户为中心，以强者为本，抬头乐干，愿意与同道中人联合、链接，携手共建、共用、共享生产安全命运共同体，一起干，一起干，让优秀企业更安全，让优秀企业更高效！,7月17日,基于精准人员定位的工业安全生产信息化管理专家，安全生产信息化管理引领者！作为全国实时定位技术标准工作组成员和应急管理部“工业互联网+危化安全生产”人员定位系统技术支持机构，安然从2012年起致力于基于ZigBee Plus三维立体按需精准定位的“工业互联网+安全生产”的研究，获得了20多项安全智能管控系统发明专利和著作权，持续引领中国化工行业生产现场智慧安全！安然以“准、稳、狠”的ZigBee Plus三维立体按需精准人员定位统和“底数清、数据准、情况明、研判准、措施实”的安全生产信息化平台为核心，整合访客管理、出入口控制、人脸识别、视频监控、语音广播、重大危险源监控、可燃有毒气体监测等系统，对生产现场人、机、料、法、环五大要素进行实时、动态、智能管控和预警，规范人的安全行为，保障人的生命安全，有效防范风险、主动化解风险，实现智慧安全。安然“以用为本”，把安全生产信息化建设与公司管理体系“深度融合”，把安全生产信息化建设与日常工作“紧密结合”，对安全生产切实“有用、实用、好用”，避免建用“两张皮”，让安全管控更智能，让生产更高效才实用。迄今已服务中石化、中石油、延长石油、国能、兖矿、京能、索普、新安、奇美、昊源、潞安、旭阳、垦利、逸盛、海科、酒钢、金发等几百家石化、化工、选煤、钢铁、电厂企业。安然以客户为中心，以强者为本，抬头乐干，愿意与同道中人联合、链接，携手共建、共用、共享生产安全命运共同体，一起干，一起干，让优秀企业更安全，让优秀企业更高效！,"https://www.zhaopin.com/jobdetail/CC559764920J40823508104.htm?refcode=4019&srccode=401901&preactionid=a7c1140f-c46c-45e5-b867-ab342d8bdc77"
2852,技术支持工程师,南京-浦口区,8000-10000元,南京港能环境科技有限公司,"环保,检测/认证,IT服务,仪器仪表制造",100-299人,未融资,CC245168510J40699656616,岗位职责： 1、负责新产品导入及产品资料的开发；持续优化产品的导入流程。 2、负责产品的生命周期管理工作，对产品运营绩效，成本、交付周期、质量、客户满意等负责，并开展持续优化； 3、组织和管理技术培训，编写产品培训资料，定期对技术服务部门进行培训和考核； 4、产品、行业信息整理和分析，包括政策、标准、法规、规范等的解读，收集并分析同行产品及解决方案信息； 5、负责监测类项目全过程售前支持工作，包含客户需求调研、需求引导、建设方案规划、招投标文件编制、现场竞标等； 6、具有应用方法开发能力，对客户反馈的应用需求能够设计实验方案，组织资源，实施应用试验，撰写实验报告，输出应用方法资料包； 7、负责业务标准化建设。 岗位要求： 1、硕士及以上学历，环境科学、分析化学、电子信息工程、自动化、机电等相关专业； 2、且有良好的沟涌、协调能力，能够配合销售完成客户、专家等外部客户的技术交流； 3、具有良好的市场调研与文字功底，能够独立完成行业的调研以及解决方案的开发； 4、熟练使用2D/3D等工具,4月16日,南京港能环境科技有限公司（简称“港能公司”）创立于2008年，总部位于江苏南京，专注于自动监测仪器仪表创新研发和产业化创新应用的高新技术企业。十年以来始终坚持以客户为中心，基于客户需求与技术领先持续创新，并时刻聚焦客户的压力和挑战，为客户提供有竞争力的生态环境监测与防治解决方案。港能公司始终以“通过商业实践，推动生态文明进步”为使命，围绕自身的技术优势、本地化服务优势，通过技术、产品、业务及管理模式的不断创新，持续提升企业核心竞争力，依靠优质的产品品质与服务，获得了众多客户的青睐，实现了快速发展。在江苏、上海、安徽、河北、内蒙、陕西、甘肃、吉林、湖北、广东等地建立了长期的营销渠道客户关系，产品及解决方案已在全国70多个地区完成部署。,"https://www.zhaopin.com/jobdetail/CC245168510J40699656616.htm?refcode=4019&srccode=401901&preactionid=a7c1140f-c46c-45e5-b867-ab342d8bdc77"
2853,实施工程师,成都-双流区,4000-6000元·15薪,成都空御科技有限公司,"电子/半导体/集成电路,电子/半导体/集成电路,学术/科研,计算机软件",20-99人,A轮,CC443502580J40684396914,岗位职责： 1、负责各种硬件设备、软件的安装调试； 2、负责操作系统的维护、管理、故障排除等； 3、负责设备的测试、演示、现场安装交付等工作； 4、负责用户技术支持，包括硬件以及应用软件常见问题技术答疑等。 任职资格： 1、电子信息、计算机应用、物联网等相关工科专业，大专及以上学历； 2、熟悉计算机软、硬件，熟悉网络架构； 3、具备较强的沟通能力，吃苦耐劳、团队合作精神佳； 4、能接受短期出差。,7月8日,成都空御科技有限公司成立于2014年，位于成都科学城，作为业内领先的系统级综合反无解决方案提供商，专注于低空安全管控（无人机反制）。公司自主研发的“降鹰”反无人机系统，性能指标国内领先、国际先进，实现了敏感空域的全时段、全覆盖、全过程一体化智慧管控，并获得四川省重大技术装备首台套认定。公司致力于为企事业单位、政府、公安、军队等对低空有特殊防护要求的用户提供系统级综合反无解决方案，并将依托“军民融合”发展战略，紧跟市场需求，全面提升核心竞争力，在立足低空安全管控领域的同时，拓展在军工、安防领域的影响力，实现“让天空更安全”的企业使命。公司已获得四川省瞪羚企业、四川“专精特新”中小企业、高新技术企业认证、四川省及成都市军民融合企业认定、武器装备质量管理体系认证、ISO9001质量管理体系等认证，全系列产品入围了公安部警用装备采购目录。公司凭借在军/民领域资源积累，完了海军、空军、火箭军、武警等军兵种及公安、电力、景区等领域布局，并成功为国家一号领导人视察、外国元首访华、世警会、进博会、达沃斯论坛、天府国际机场等重要活动、场所提供了低空安全保障服务，赢得了一致认可和高度评价，产生了显著的军事价值和社会效益。公司倡导积极向上、共同成长的工作理念，期待您的加入。,"https://www.zhaopin.com/jobdetail/CC443502580J40684396914.htm?refcode=4019&srccode=401901&preactionid=a7c1140f-c46c-45e5-b867-ab342d8bdc77"
2854,硬件测试,深圳-龙华区,5000-6000元·14薪,深圳市尔英科技有限公司,"电子/半导体/集成电路,电子商务",100-299人,不需要融资,CCL1452344370J40814111608,PS：不包食宿，住龙华区域优先！！ 加班频繁（有加班费）能接受再投递！能稳定长远发展在投递，短期过渡的请勿扰！  上班时间：5.5天制，周一到周五9:30-12:00，13:30-18:30（7.5小时），周六13:30-18:30，周日休息；法定节假日需要调休  薪资结构：基本工资4500-5000+绩效奖金+全勤+高加班费+年终奖（综合薪资4500-6500）    任职要求：  1. 年龄33岁以下，熟悉电脑硬件、主板接口、有DIY装机经验，有相关工作经验优先，有仓库出货质检经验者优先。  2. 责任心强，工作细致，能适应重复性任务及能接受加班（有加班费）；  3.具备良好的沟通能力和团队协作意识，学习能力强，能快速掌握新技术与工具。  4.工作稳定性强，吃苦耐劳，不随意请假；    岗位职责：  1. 负责公司产品电脑主板功能测试、老化测试；  2.协助完成出货前的主板质量抽检，确保产品符合出货标准；  3.协助线下订单出货，主板包装、标签核对及出货清单整理，保障发货准确性和效率；  4.领导安排的其他临时事务；,7月21日,ERYING尔英隶属于强盛电子（香港）有限公司，成立于2006年，是一家集自主研发、生产、营销、服务于一体的科技型海外全资企业，是国内独树一帜的专业生产板载cpu主板的硬件厂商。旗下品牌（ERYING尔英)自2016年起对中国计算机市场大趋势进行细致分析并重新布局，全面拓展全新产业链，专业从事于消费类电子产品的研发与制造服务，专注于推动嵌入式产品解决方案。产品涵盖: ITX主板、MINI-ITX主板、一体机专用主板、POS机专用主板、数字标牌专用主板、网络安全主板、嵌入式工业计算机主板及其整机。尔英科技以“持续改进、精益求精、客户满意”为质量方针，专注于为用户提供更优质、更稳定、更环保的产品。并且以“精诚品质，非凡创造”为品牌理念；“团结、用心、责任、高效”为企业精神；“无限动力，无限进步”为品牌愿景，目标成为全球领先的消费级电子产品研发与制造企业。从2006年成立以来，尔英科技一直追求卓越创造，稳步成长，逐步发展成为业内知名的科技型企业。并在追求企业自身发展的同时，注重经销商、用户和社会的共同良性发展，扶持小微企业、开展科技知识讲座、参与社会公益事业，真正做到合作互惠、共赢共利。同时，尔英科技坚持创新为先，大力研发电子产品新技术，经过多年技术沉淀，公司至今已获得各类实用新型专利、外观设计专利等诸多专利荣誉。强大的技术储备，铸就尔英科技优秀的产品品质，因而收获无数粉丝客户的青睐。尔英科技多年以来凭借过硬的技术水平与产品实力，不断获得国内外业界人士的认可与信赖，并不断组织培训、科普活动。并且公司还与研域集团、FUSION TRADE INC、微步信息、南方集团、凌壹科技、博锶腾科技等百余家大型高新技术企业保持深度合作关系，共同促进产业发展，提升消费电子产业制造水平。尔英科技海纳百川，广泛吸取国内外先进的电子主板制造经验并融入到产品当中，公司业务线延伸至全球各个角落，产品远销欧美，并受到当地人民的热烈追捧。卓尔不群，英至诚品，尔英科技必将立足时代格局，聚焦现代科技，持续深耕消费电子领域，践行可持续发展，在新时代科技浪潮之下助力产业发展，实现中国智造新的突破。,"https://www.zhaopin.com/jobdetail/CCL1452344370J40814111608.htm?refcode=4019&srccode=401901&preactionid=a7c1140f-c46c-45e5-b867-ab342d8bdc77"
2855,实施工程师,晋中-榆次区,8000-14000元,青岛安然物联网科技有限公司,"物联网,物联网",20-99人,未融资,CC559764920J40823825604,需要弱电技术、自动化、安防系统、工业互联网+危化安全生产、物联网人才，不要纯软件人才。  你能经常到全国各地出差吗？你能到工业生产现场生产现场做技术支持吗？   真正的奋斗者在安然会有让人值得为之奋斗的事业，会有充实、高效的成长，会有高人一等的收入。   你能做好售前技术支持、根据客户需求，高效制作方案吗？你能做好售中技术支持、指导他人正确安装、部署、调试系统向用户保质保量快速交付吗？你能做好售后维护，高效沟通和落实客户需求吗？   迄今已服务中石化、中石油、延长石油、国能、兖矿、京能、索普、新安、奇美、昊源、潞安、旭阳、垦利、逸盛、海科、酒钢、金发等几百家石化、化工、选煤、钢铁、电厂企业。    安然以客户为中心，以强者为本，抬头乐干，愿意与同道中人联合、链接，携手共建、共用、共享生产安全命运共同体，一起干，一起干，让优秀企业更安全，让优秀企业更高效！,7月13日,基于精准人员定位的工业安全生产信息化管理专家，安全生产信息化管理引领者！作为全国实时定位技术标准工作组成员和应急管理部“工业互联网+危化安全生产”人员定位系统技术支持机构，安然从2012年起致力于基于ZigBee Plus三维立体按需精准定位的“工业互联网+安全生产”的研究，获得了20多项安全智能管控系统发明专利和著作权，持续引领中国化工行业生产现场智慧安全！安然以“准、稳、狠”的ZigBee Plus三维立体按需精准人员定位统和“底数清、数据准、情况明、研判准、措施实”的安全生产信息化平台为核心，整合访客管理、出入口控制、人脸识别、视频监控、语音广播、重大危险源监控、可燃有毒气体监测等系统，对生产现场人、机、料、法、环五大要素进行实时、动态、智能管控和预警，规范人的安全行为，保障人的生命安全，有效防范风险、主动化解风险，实现智慧安全。安然“以用为本”，把安全生产信息化建设与公司管理体系“深度融合”，把安全生产信息化建设与日常工作“紧密结合”，对安全生产切实“有用、实用、好用”，避免建用“两张皮”，让安全管控更智能，让生产更高效才实用。迄今已服务中石化、中石油、延长石油、国能、兖矿、京能、索普、新安、奇美、昊源、潞安、旭阳、垦利、逸盛、海科、酒钢、金发等几百家石化、化工、选煤、钢铁、电厂企业。安然以客户为中心，以强者为本，抬头乐干，愿意与同道中人联合、链接，携手共建、共用、共享生产安全命运共同体，一起干，一起干，让优秀企业更安全，让优秀企业更高效！,"https://www.zhaopin.com/jobdetail/CC559764920J40823825604.htm?refcode=4019&srccode=401901&preactionid=a7c1140f-c46c-45e5-b867-ab342d8bdc77"
2856,测试工程师,深圳-龙岗区,8000-11000元·13薪,广东育坤企业管理有限公司,"人力资源服务,人工智能,企业服务",300-499人,不需要融资,CCL1464544780J40732698216,岗位职责： 对生产完成的部件进行检测，负责性能参数或尺寸精度或运行稳定性等指标，通过专业设备和规范流程，模拟实际使用场景，排查潜在缺陷，记录测试数据，确保部件符合质量标准后才能进入下一环节。  ,7月16日,广东育坤企业管理有限公司成为国内一流的人才供应商！广东育坤成立于2023年，深耕招聘及猎头行业，立足广州，辐射全国（上海、深圳、北京、佛山、厦门、长沙、郑州等地），致力成为国内一流人才供应专家。注册资本500万元。,"https://www.zhaopin.com/jobdetail/CCL1464544780J40732698216.htm?refcode=4019&srccode=401901&preactionid=a7c1140f-c46c-45e5-b867-ab342d8bdc77"
2857,测试工程师,镇江-丹阳市,6000-10000元,苏州万可顶钇电源有限公司,电子/半导体/集成电路,100-299人,不需要融资,CC452335310J40843606315,岗位职责及要求： 1、有一年及其以上装配调试工作经验，能吃苦耐劳，能配合加班及出差； 2、对设备的程序导入，动作调试，问题分析，界面操作，参数调整以及程序能做简单修改； 3、能主动调试； 4、专业：电力电子 电子信息与科学专业；,2025-07-27 01:59:36,"苏州万可顶钇电源有限公司是一家专业提供逆变器测试模拟电网电源的交直流电源解决方案及系统测试软件解决方案的技术型企业。公司成立以来只从事光伏行业,做到专业专注服务于光伏。企业通过不断的发展，目前有在岗员工70余人，技术研发及技术人员有40人，两名电力电子专业博士(分别毕业于西交大和辽大),两名电子专业硕士。三名机构工程师,五名电子工程师,五名软件工程师,两名PCB工程师,两名工艺工程师。并与大型电子研究所和著名高校做一些项目合作。凭借友好的用户界面，强大的功能以及出色的工业设计，在 1800平方的组装车间内，能够完成年产能100MW容量的生产能力。制造基地总部目前设在苏州吴中临湖，在上海设有研发中心，明年丹阳9000平方的生产厂房即将投入使用。我们拥有自主知识产权的大功率电源的驱动技术，软件技术，以标准化产品的设计经验为依托，以快速为客户提供个性化解决方案为主要经营模式，实现企业价值与客户价值共同成长。具备软件解决能力的硬件制造厂商----最完整的逆变器自动测试软件解决方案提供商。(涵盖模拟电网，直流电源等逆变器相关自动化测试的软件解决方案)综合测试软件可以为客户提供迅捷测试解决方案，提升生产效率。通过不断的研究与发展，目前企业能够生产从2KW到2MW的交直流逆变器测试平台，能够为逆变器测试提供完整的解决方案。热烈欢迎各位有识之士加入我们的团队，共创美好未来！","https://www.zhaopin.com/jobdetail/CC452335310J40843606315.htm?refcode=4019&srccode=401901&preactionid=a7c1140f-c46c-45e5-b867-ab342d8bdc77"
2858,实施工程师,沈阳-浑南区,8000-14000元,青岛安然物联网科技有限公司,"物联网,物联网",20-99人,未融资,CC559764920J40823826504,需要弱电技术、自动化、安防系统、工业互联网+危化安全生产、物联网人才，不要纯软件人才。  你能经常到全国各地出差吗？你能到工业生产现场生产现场做技术支持吗？   真正的奋斗者在安然会有让人值得为之奋斗的事业，会有充实、高效的成长，会有高人一等的收入。   你能做好售前技术支持、根据客户需求，高效制作方案吗？你能做好售中技术支持、指导他人正确安装、部署、调试系统向用户保质保量快速交付吗？你能做好售后维护，高效沟通和落实客户需求吗？   迄今已服务中石化、中石油、延长石油、国能、兖矿、京能、索普、新安、奇美、昊源、潞安、旭阳、垦利、逸盛、海科、酒钢、金发等几百家石化、化工、选煤、钢铁、电厂企业。    安然以客户为中心，以强者为本，抬头乐干，愿意与同道中人联合、链接，携手共建、共用、共享生产安全命运共同体，一起干，一起干，让优秀企业更安全，让优秀企业更高效！,2月12日,基于精准人员定位的工业安全生产信息化管理专家，安全生产信息化管理引领者！作为全国实时定位技术标准工作组成员和应急管理部“工业互联网+危化安全生产”人员定位系统技术支持机构，安然从2012年起致力于基于ZigBee Plus三维立体按需精准定位的“工业互联网+安全生产”的研究，获得了20多项安全智能管控系统发明专利和著作权，持续引领中国化工行业生产现场智慧安全！安然以“准、稳、狠”的ZigBee Plus三维立体按需精准人员定位统和“底数清、数据准、情况明、研判准、措施实”的安全生产信息化平台为核心，整合访客管理、出入口控制、人脸识别、视频监控、语音广播、重大危险源监控、可燃有毒气体监测等系统，对生产现场人、机、料、法、环五大要素进行实时、动态、智能管控和预警，规范人的安全行为，保障人的生命安全，有效防范风险、主动化解风险，实现智慧安全。安然“以用为本”，把安全生产信息化建设与公司管理体系“深度融合”，把安全生产信息化建设与日常工作“紧密结合”，对安全生产切实“有用、实用、好用”，避免建用“两张皮”，让安全管控更智能，让生产更高效才实用。迄今已服务中石化、中石油、延长石油、国能、兖矿、京能、索普、新安、奇美、昊源、潞安、旭阳、垦利、逸盛、海科、酒钢、金发等几百家石化、化工、选煤、钢铁、电厂企业。安然以客户为中心，以强者为本，抬头乐干，愿意与同道中人联合、链接，携手共建、共用、共享生产安全命运共同体，一起干，一起干，让优秀企业更安全，让优秀企业更高效！,"https://www.zhaopin.com/jobdetail/CC559764920J40823826504.htm?refcode=4019&srccode=401901&preactionid=a7c1140f-c46c-45e5-b867-ab342d8bdc77"
2859,科研人员,南昌-新建区,2.1-2.2万,赣江中药创新中心,"科学技术推广,医药制造,学术/科研",100-299人,未融资,CCL1222865790J40575091601,岗位要求：  1.结构生物学、生物化学和分子生物学等相关专业，冷冻电镜结构生物学相关背景优先考虑；   2.博士学历，35周岁以下，具有丰富的实验操作经验；   3.具有高度的责任心，良好的团队合作与沟通能力；   4.较强的英文读写能力，博士期间以第一作者发表过高水平的研究论文。   ,11月13日,赣江中药创新中心为省属事业法人机构，主要承担本草物质科学研究设施的预研、建设、运行和管理，并开展相关领域的科学研究工作。中心于2019年4月注册成立，占地60亩，建筑面积4万平方米。现有15个专业研究组、1个工程管理部和4个职能部门，职工总数223人，其中博士及副高以上职称62人，10人入选江西省“双千计划”。中心目标是聚焦中药药效物质基础和安全性的关键科学问题，组织多学科交叉和多层次融合的研究团队，构建本草物质科学研究综合性技术平台，为中药研究和产业技术开发提供综合性平台支撑，推动中药关键科学问题、中药标准化、中药制造技术和中药大数据的科学研究和技术应用，实现中药重大基础科学突破和关键核心技术的发展，推动我国中药大健康产业发展。,"https://www.zhaopin.com/jobdetail/CCL1222865790J40575091601.htm?refcode=4019&srccode=401901&preactionid=a7c1140f-c46c-45e5-b867-ab342d8bdc77"
2860,Java,东莞-None,1.5-3万·14薪,外企德科数字技术有限公司,专业技术服务,10000人以上,,CCL1480117890J40771150005,核心项目开发 Java/python/JS/C++/测试，均有岗位在招聘 【福利待遇】  1、薪资open+14-16薪 2、入职全额六险一金+双休，双倍加班费+加班餐补+加班打车 报销 3、上下班有班车，园区有饭堂、免费健身房 4、资深导师一对一带教   【岗位要求】 1、计算机、软件、通信等相关专业本科及以上学历，专业优秀者可放宽； 2、热爱编程，基础扎实，熟悉掌握 Java编程语言，有良好的编程习惯； 3、具备独立工作能力和解决问题的能力、善于沟通，乐于合作，热衷新技术，善于总结分享，喜欢动手实践；  4、对数据结构、算法有一定了解；,2025-07-27 00:24:33,外企德科数字技术有限公司是一家2023年新成立的中外合资企业。成立于2023年11月24日，公司定位：专注于为信息技术企业提供人才及数字技术外包解决方案的中外合资企业。它是由中国人力资源服务行业的FESCO（北京国际人力资本集团）与全球人力资源服务领导者The Adecco Group（德科集团）合资成立的。公司主要提供网络技术服务、软件外包服务、计算机系统服务、技术进出口、软件开发等信息技术相关服务。专注于为信息技术企业提供信息技术类人才及数字技术外包解决方案。,"https://www.zhaopin.com/jobdetail/CCL1480117890J40771150005.htm?refcode=4019&srccode=401901&preactionid=a7c1140f-c46c-45e5-b867-ab342d8bdc77"
2861,科研人员,郑州-管城回族区,8000-13000元·13薪,牧原实验室,学术/科研,100-299人,,CCL1241575100J40681823007,职位描述： 负责搭建化工过程模拟模型，进行经济可行性和生命周期环境影响评价。,11月8日,,"https://www.zhaopin.com/jobdetail/CCL1241575100J40681823007.htm?refcode=4019&srccode=401901&preactionid=a7c1140f-c46c-45e5-b867-ab342d8bdc77"
2862,实施工程师,南通-通州区,6000-8000元,南通云尚找家纺电子商务有限公司,"互联网,电子商务",300-499人,A轮,CCL1221511100J40740767407,一、岗位职责  1. 无人车管理与调度   - 负责无人驾驶物流车的日常调度、路径规划及任务分配，确保车辆高效运行。   - 监控车辆实时状态（电量、故障、位置等），协调处理突发异常情况（如交通拥堵、设备故障等）。   - 优化车辆调度策略，结合地图与SaaS系统实现动态路径调整，降低运营成本。    2. 运营与场景部署   - 主导仓库、物流园区等场景的无人车部署实施，包括设备安装、系统调试及流程优化。   - 协同技术团队完成无人车与仓储管理系统（WMS）、订单系统的数据对接，确保全流程自动化。   - 收集一线运营数据，分析车辆使用效率、配送时效等指标，输出改进建议。    3. 外勤与现场支持   - 骑电瓶车至仓库、配送站点等现场，跟进无人车装卸货、路线测试及异常问题处理。   - 协助客户（如家纺城商户）熟悉无人车操作流程，提供驻场培训与技术支持。    二、任职要求  1. 基础条件   - 大专及以上学历，物流管理、交通运输、计算机相关专业优先。   - 持有C2及以上驾驶证，1年以上实际驾龄，熟悉本地道路环境（家纺城区域优先）。    2. 核心能力   - 熟练操作SaaS系统、地图工具及数据分析软件，具备调度系统实施经验。   - 具备车辆调度、物流运营或智慧交通项目经验，熟悉无人车技术原理及安全规范。   - 能适应仓库办公与外勤结合的工作模式，具备较强的责任心、抗压能力及多任务处理能力。,7月24日,找家纺网是家纺行业一站式B2B交易平台，致力于提供家纺供应链整体解决方案，让家纺买卖更加便捷，并通过互联网工具和平台能够帮助传统的家纺企业转变经营思维，拥抱互联网经济。找家纺网作为家纺行业互联网化众多平台中崭露头角的一个家纺互联网平台，找家纺网正在为日渐兴起的电商、微商进行精准定位，为家纺行业的上下游赋能，减少中间的多余流通环节，让中国的家纺批发市场通过线上展示和采购批发的形式呈现在全国家纺代理和经销商面前，一个手机端移动APP/官方网站/微信小程序/微商城等线上互联网工具，使产品展示、家纺代理批发、下单支付、物流跟踪等环节全部打通，在很大程度上降低了家纺行业的运营流通成本，而且提高了行业的运营效率。传统的家纺供货厂家与网销店主、微商代理之间的对接方式是现场采购，同时为产品拍摄宣传图片，上传和下载宝贝图片也要花费大量时间和精力。而找家纺网给商户提供的独立APP和独立官网就能解决这些问题，网销店主通过网站的一键上传、数据包等功能轻松实现宝贝图片自动上传到淘宝、天猫、京东店铺，零售买家下完订单，网销店主更是可以通过网站的批量代发功能快速实现淘宝、天猫、京东等订单批量快速下单支付并让商家代发后台直接回传单号到零售买家，无需网销店主再二次上传物流单号，大大提高了网销店家和供货厂家直接的运营效率，微商代理更是可以通过APP可以一键转发到朋友圈、一键下载图片、复制产品文案等功能都能帮助用户有效解决这些烦恼。,"https://www.zhaopin.com/jobdetail/CCL1221511100J40740767407.htm?refcode=4019&srccode=401901&preactionid=a7c1140f-c46c-45e5-b867-ab342d8bdc77"
2863,科研人员,深圳-南山区,100-200元/天,北京大学深圳研究院,学术/科研,100-299人,,CC516901830J40305447105,【部门简介】   北京大学深圳研究院绿色基础设施研究所（简称GI研究所）是专注于绿色基础设施领域的产学研机构。绿色所立足北京大学深圳研究院与深港产学研基地，以研发创新、设计咨询和技术转化为引领，致力于推动绿色基础设施的研究、设计、建设、监测、评估的全过程发展，拓展绿色建筑、绿色交通、绿色能源、绿色金融、生态产业等领域交叉合作。   GI研究所通过多平台协同、多专业合作、全方位创新，逐步形成以绿色基础设施为主线的综合研发机构、人才培养基地、咨询服务智库和产业实践平台，为新时代生态文明建设和实现美丽中国目标提供可靠的科学依据和技术服务。本所基于发展需求现公开招聘实习生。   【工作内容】     协助开展国家自然基金、市科创委基金与横向课题研究，主要包括湾区城市生态韧性研究、双碳与产业协同发展路径、碳核算及碳资产管理研究、生态系统碳汇研究、智慧化生态规划管理研究。   【职位要求】   （1）专业背景：生态学、环境科学、城乡规划学、环境经济学、环境管理、公共政策等相关专业。   （2）学历要求：硕士研究生及以上，应届生表现优秀可留用。   （3）研究经验：具有相关课题研究参与经验。   （4）熟练操作以下软件或模型1种以上：遥感软件（如ArcGIS，ENVI，ERDAS，GEE等）、数据分析软件（如R、Python、SPSS等）、分析模型（SWMM、MIKE、Gabi等）、C++等编程语言。   （5）专业技能：具备积极主动的工作态度，能够主动学习新方法和技能，对生态环境事业具有浓厚的兴趣和热情。   （6）工作地点：深圳。 ,6月12日,北京大学深圳研究院是由北京大学在深圳市依托深港产学研基地（深圳市局级事业单位）发起成立的产学研合作实体平台，是深圳市首批引进加入虚拟大学园的成员院校之一，已成为北京大学布局湾区、立足深港的高层次、综合性、开放式的官、产、学、研、资相结合的科技成果孵化与产业化基地、风险基金聚散基地、科技体制创新基地和高新技术人才培养引进基地，是北京大学在校本部外重要的产学研合作基地。,"https://www.zhaopin.com/jobdetail/CC516901830J40305447105.htm?refcode=4019&srccode=401901&preactionid=a7c1140f-c46c-45e5-b867-ab342d8bdc77"
2864,前端开发,湖州-吴兴区,105-130元/天,浙江大学湖州研究院,"学术/科研,专业技术服务,咨询服务",300-499人,未融资,CCL1305152930J40680077916,"岗位职责： 1.参与PC、移动、APP、小程序数据可视化等前端开发工作； 2.推动开发、构建、发布等前端工程化体系建设； 3.Web性能优化、体验优化（跨端性能指标搜集.性能数据分析）； 4.推动UI 规范制定和落地（基础组件库、业务组件库）； 5.参与新技术探索、推进系统架构的演化。 任职条件： 1.熟悉前端工程化开发，熟练掌握前端语言JavaScript，Ajax和组件JQuery，熟悉前端框架Vue，React的一种或几种，具有良好的编码习惯； 2.对后端和算法有一定的了解，有把握整体项目框架的基本认知； 3.了解后端框架SSM（Spring,SpringMVC,Mybatis（Mybatis_plus））,Springboot,一个或者多个。具有和后端联调的项目经验； 4.计算机，软件工程，通讯工程等相关专业优先； 5.指导老师安排的其它工作，例如：大数据标记等。 6.六个月以上优先",7月24日,浙江大学湖州研究院成立于 2020年 12月，系浙江大学与湖州市政府共建事业单位，是集科技研发、人才引育、企业孵化、产业服务于一体的省级新型研发机构。研究院重点以“智能+”为核心，围绕智能无人系统、智能感知仪器、智能集成装备、智能数字应用等领域推进创新研究和“产学研”融合。研究院建有国家级博士后科研工作站，智能无人系统省级工程研究中心、特种智能仓储物流装备全省重点实验室、省级院士工作站、省侨联侨界创新创业基地、省级高新技术产业高质量发展研究基地，市级重点实验室、湖州市产业培训学院等平台。现有院属研究中心（项目团队）28个，常驻人员 500余人，其中科研人员占 94%以上。孵化科技企业 38家，其中有 12家入选省级科技型中小企业，融速科技、比羿激光、上欧科技等多家企业与基金方达成投融资意向，融资额总计 5000万元。,"https://www.zhaopin.com/jobdetail/CCL1305152930J40680077916.htm?refcode=4019&srccode=401901&preactionid=a7c1140f-c46c-45e5-b867-ab342d8bdc77"
2865,实施工程师,临沂-平邑县,4000-6000元,华宇信息,计算机软件,1000-9999人,已上市,CC310572710J40799378912,岗位职责： 1、负责公司系统应用的升级与维护更新，保障网络的稳定、高效、安全运行。 2、培训演示：根据用户要求，针对业务系统的使用对象，进行培训和业务系统演示。 3、应用咨询：对负责业务系统的使用提供咨询服务，按照事件管理的要求及时准确的对客户提出的问题提供咨询服务。 4、服务器操作系统（如 Windows Server、Linux 等）的安装、配置、升级和日常维护，确保系统的稳定性和安全性；数据库（如 MySQL、Oracle、SQL Server 等）的管理、监控、备份与恢复，保障数据的完整性和一致性，优化数据库性能；中间件（如 Tomcat、WebLogic、Nginx 等）的安装、配置、调优和故障排查，保障应用系统的稳定运行。 岗位要求：  1、本科及以上学历，计算机科学与技术、软件工程、网络工程等相关专业。  2、具有三年及以上系统工程师相关工作经验。  3、熟练掌握至少一种主流服务器操作系统（如 Windows Server、Linux）的安装、配置、管理和维护，熟悉系统服务的启停、用户权限管理、文件系统管理等操作。  4、熟悉系统安全配置，能够进行用户认证、访问控制、漏洞扫描和修复等工作，保障系统的安全性。  5、具备系统性能监控和优化能力，能够运用系统自带工具或第三方工具（如 top、htop、iostat 等）进行性能分析和瓶颈排查，优化系统性能。  6、具有相关的技术认证（如 CCNA、RHCE、OCP 等）者优先考虑。  7、有政法行业服务工作者优先。,7月23日,北京华宇信息技术有限公司（以下简称“华宇”）系北京华宇软件股份有限公司（股票代码300271）全资子公司，成立于2009年9月9日，注册资金8.5亿元，现拥有员工近3000人。华宇总部位于北京，服务网络遍布全国31个省、自治区和直辖市。华宇秉承“自强不息，厚德载物”的企业精神，坚持诚信为本的价值观，以“持续创新，成就客户”为使命，以软件与信息服务为主营业务，以“法律科技”和“智慧政务”双轮驱动为发展战略，为客户的信息化事业提供全方位的解决方案与服务，是您值得信赖的智慧信息服务专家。华宇目前拥有200余项具有自主知识产权的软件产品和百余项行业解决方案，涵盖大数据、人工智能、基础软件、智能终端等，主要产品和技术居于国内先进地位。华宇信息业务范围涵盖法院、检察院、司法行政、政法委、纪检监察、公安等法律机关及律师、公司法务等商业法律服务领域和高校、科研院所等机构以及各级党委、政府部门和军队等；服务内容覆盖信息系统的全生命周期，为客户提供信息化顶层设计与规划咨询、应用软件开发、系统集成、运维服务和运营服务等全方位专业服务。华宇正在努力用新一代的法律科技推动新时代的法律服务，让新时代的法律服务完全互联、无所不在。努力用信息技术应用创新提升政府服务能力，推动国家治理能力长效提升。,"https://www.zhaopin.com/jobdetail/CC310572710J40799378912.htm?refcode=4019&srccode=401901&preactionid=a7c1140f-c46c-45e5-b867-ab342d8bdc77"
2866,软件测试,惠州-惠城区,5000-7000元,天阳科技,"计算机软件,计算机软件",1000-9999人,已上市,CC120408370J40654910408,1.全国项目驻场测试，主要负责功能、数据或接口等相关测试工作； 2.统招本科学历及以上（学信网可查）；毕业满2年；计算机专业优先； 3.热爱软件测试行业、有强力的自驱力，能够在测试岗位深入学习研究； 4.有无经验均可，服从公司安排，接受公司培养，可接受异地工作优先； 福利待遇： 上市公司，公司可以提供住宿，提供五险一金； 欢迎符合要求的小伙伴们投递~,2025-07-27 01:21:59,天阳科技(股票代码：300872)，是全球金融创新服务的重要贡献者，持续赋能中国金融行业数字化转型，为客户提供咨询、金融科技产品、金融IT服务、云计算及运营服务。公司成立于2003年，服务超过300家金融行业客户，覆盖中央银行、政策性银行、国有银行、股份制银行、地方性商业银行、非银行金融机构等，员工人数近7000人，成为激活金融领域创新活力、推动金融科技迈入世界领先水平的重要力量。作为金融行业客户可信赖的合作伙伴，天阳科技凭借丰富的行业经验和端到端的专业服务，在信创、数字化金融、信贷、交易银行、信用卡、零售、营销、风险管理、征信监管等众多领域具备核心竞争力。据赛迪和IDC报告显示，近年来公司在中国银行业IT解决方案市场排名强势崛起，2019年收入及市场占有率综合排名分别位列第四位和第五位，并保持高速增长。同时，前瞻商业和科技趋势，入选2021年度未来银行科技服务商TOP100。天阳科技始终聚焦金融科技领域，加大自主创新力度，在超过100个城市建立本地化、专业化的研发和服务团队，拥有CMMI5级认证、软件测试成熟度模型集成（TMMi）3级认证、ISO9001质量管理体系认证、ISO20000信息技术服务管理体系认证、IS027001信息安全管理体系认证。通过部署人工智能、云计算、大数据、移动互联网、分布式计算和区块链等先进金融科技，公司致力于构建安全可控、普惠民生、开放共赢格局，在关键技术领域服务现代化金融发展大局，更好地为各利益相关方创造更大价值，为大中企业、小微企业以及每个个体提供优质金融服务。,"https://www.zhaopin.com/jobdetail/CC120408370J40654910408.htm?refcode=4019&srccode=401901&preactionid=a7c1140f-c46c-45e5-b867-ab342d8bdc77"
2867,技术支持工程师,大连-甘井子区,6000-10000元,辽宁招才人力资源集团有限公司,人力资源服务,100-299人,未融资,CCL1449570670J40782845902,服务工程师（适应出差）  出差地址：北京，上海，三亚，广州，大连等适应公司安排,2025年07月30日,辽宁招才人力资源集团有限公司成立于2005年11月，总部设在沈阳，下辖1个分公司，3个全资子公司，是卓越的数智化人力资源综合服务供应商。公司秉承满足客户需求、深切理解和体验客户，让客户在被服务中享受乐趣的服务价值理念，将“融合、责任、创新”贯穿到整个产品设计和服务全流程。采取集团化服务与管理模式，打造了劳务派遣、人力资源服务外包、招聘流程外包（RPO）、企业在线培训、生产线外包、岗位外包、项目外包、清洁服务外包、劳动争议纠纷处理等传统人力资源服务产品，开发运营了灵活用工、电子劳动合同、背景调查、薪酬管理外包、小时工管理平台等数值化共享产品，形成了一对一专属服务、团队服务、现场服务、俱乐部式、互联网平台服务等多维交互式服务相结合的服务模式，为政府机关、事业单位、各类企业等组织提供人力资源供给配置、激励保障、降本增效、技术提升等有效服务。历经19年的发展，公司实缴注册资金2000万，人力资源服务许可证、劳务派遣经营许可证等各项服务资质完备，各项业务指标位列辽宁省人力资源服务行业前茅。,"https://www.zhaopin.com/jobdetail/CCL1449570670J40782845902.htm?refcode=4019&srccode=401901&preactionid=a7c1140f-c46c-45e5-b867-ab342d8bdc77"
2868,C/C++,深圳-龙岗区,1.7-3万·15薪,外企德科数字技术有限公司,专业技术服务,10000人以上,,CCL1480117890J40616278505,岗位选择：  软件开发、软件测试、嵌入式开发、算法、运维、数据分析等（工作地点可选北京、上海、深圳、东莞、杭州、南京、武汉、成都、西安、长沙、苏州、济南、广州等）  岗位要求：  1、统招本科及以上学历（学信网可查），985/211/双一流大学优先；计算机、通信相关专业优先，非相关专业有相关工作经验也可以。  2、热爱编程，基础扎实，熟悉JAVA/C++/C/Python/JS/HTML/GO等编程语言中的一种或多种，有良好的编程习惯。  3、对数据结构、算法有一定了解，熟悉TCP/IP协议及互联网常见应用和协议的原理。  4、有IT应用软件、互联网软件、IOS/安卓等相关产品开发经验，熟悉网络安全、信息安全等相关领域。  5、熟悉软件开发过程，熟练运用软件开发工具，具备良好的软件工程能力。  6、具备独立工作能力和解决问题的能力，善于沟通，乐于合作，热衷新技术，善于总结分享，喜欢动手实践。  7、有强烈的团队合作精神，有良好的英语读写能力，有大型通信设备开发经验者优先。  岗位福利：  1、薪资结构：底薪+绩效+年终奖，入职即缴纳五险一金，额外补充商业险，每年一次调薪调职机会。  2、团建+内购会+班车+免费夜宵+节日福利+生日会+年度免费体检+公司内部健康驿站+带薪年假+半年导师一对一带教。  3、5天8小时，弹性打卡，双休，月末最后一个周六加班，双倍工资。  4、大厂待遇，合同签约4年，项目稳定，个人瓶颈期可申请挑战新项目，晋升空间广，办公环境高大上。,2025-07-27 00:23:23,外企德科数字技术有限公司是一家2023年新成立的中外合资企业。成立于2023年11月24日，公司定位：专注于为信息技术企业提供人才及数字技术外包解决方案的中外合资企业。它是由中国人力资源服务行业的FESCO（北京国际人力资本集团）与全球人力资源服务领导者The Adecco Group（德科集团）合资成立的。公司主要提供网络技术服务、软件外包服务、计算机系统服务、技术进出口、软件开发等信息技术相关服务。专注于为信息技术企业提供信息技术类人才及数字技术外包解决方案。,"https://www.zhaopin.com/jobdetail/CCL1480117890J40616278505.htm?refcode=4019&srccode=401901&preactionid=a7c1140f-c46c-45e5-b867-ab342d8bdc77"
2869,硬件测试,潍坊-奎文区,5000-6000元,博鼎动力(山东)有限公司,汽车零部件,500-999人,,CCL1413039090J40830783415,任职要求概述:  1.可以看懂电路图，并认识常用的电子元器件;,7月24日,,"https://www.zhaopin.com/jobdetail/CCL1413039090J40830783415.htm?refcode=4019&srccode=401901&preactionid=a7c1140f-c46c-45e5-b867-ab342d8bdc77"
2870,测试工程师,北京-朝阳区,面议,北京三快在线科技有限公司,互联网,1000-9999人,已上市,CC383625320J40754558709,,2025年07月28日,美团是一家科技零售公司。美团以“零售+科技”的战略践行“帮大家吃得更好，生活更好”的公司使命。自2010年3月成立以来，美团持续推动服务零售和商品零售在需求侧和供给侧的数字化升级，和广大合作伙伴一起努力为消费者提供品质服务。2018年9月20日，美团在港交所挂牌上市。美团始终以客户为中心，不断加大在新技术上的研发投入。美团会和大家一起努力，更好承担社会责任，更多创造社会价值。,"https://www.zhaopin.com/jobdetail/CC383625320J40754558709.htm?refcode=4019&srccode=401901&preactionid=a7c1140f-c46c-45e5-b867-ab342d8bdc77"
2871,技术支持工程师,北京-海淀区,1.5-3万·16薪,北京博尔迈生物技术有限公司,"医药制造,学术/科研,互联网",20-99人,未融资,CC131363910J40542585603,一、岗位职责： 1、负责制定IVD原料产品面向客户的服务策略、服务规范； 2、负责开发基于公司自产及海外供应商的IVD原料产品的研发原理、工艺流程、使用方法的培训课程，进行客户培训及考核； 3、负责客户在IVD原料使用过程中出现的问题的分析排查，包括和各部门的沟通、改善方案设计、数据整理分析等； 4、负责行业动态及竞品信息的调研分析，产品技术资料的编写，并为业务部门提供销售及招投标技术的专业咨询； 5、配合业务人员对重点客户进行定期走访和产品宣讲，搜集并分析客户的需求和意见，并及时反馈给公司相关部门； 6、负责策划与支持学术交流会议、展会、市场推广等营销活动的召开。 二、任职资格： 1、本科或以上学历，生物技术、医学、药学等相关专业。 2、英语6级以上或达到商务英语水平，可作为工作语言。 3、有3年或以上IVD原料类技术支持或产品推广的相关工作经验，具有IVD试剂研发或生产经验者优先考虑。 4、具备良好的形象气质，以及沟通协调组织能力，愿意接受海外出差。 5、具有高度的自驱力、客户服务意识和责任心，富有团队协作精神。 6、具有良好的逻辑思维能力、问题解决能力、文案撰写及演示能力。 三、福利待遇：  1、五险一金全额缴纳，企业年金，商业补充医疗保险+员工子女保险，年度三甲医院员工体检； 2、各种节日礼金，应季水果食品发放，购物卡等；  3、年度海外旅游、半年周末郊游、季度团建等； 4、各种补贴：高温补贴、取暖补贴等； 5、每月生日会+寿星购物卡，年末忘年会等；  6、每年一次探亲交通费全额报销 ； 7、带薪年假8天-15天，盂兰盆节夏休假等。,7月5日,"北京博尔迈生物技术有限公司(MBL BEIJING BIOTECH CO., LTD)创立于2005年，是日本JSR集团旗下日本MBL公司在中国的全资子公司。（日本MBL公司全称“株式会社医学生物学研究所”，是日本JASDAQ上市公司，是国际知名的生产临床诊断与研究用试剂的专业公司，在日本，美国等地拥有很大的市场份额。）公司主要负责JSR公司生命科学领域关联产品、MBL公司基础科研试剂和自身免疫诊断试剂，以及抗体，抗原等诊断试剂用原料在中国的所有贸易业务。作为JSR生命科学领域产品以及MBL公司产品在中国的贸易窗口，MBL北京依托JSR、MBL的研发、生产能力及其强大的技术团队支持，能够适应瞬息万变的市场需求，并且可以为客户提供完整的合作方案。目前公司主推产品及业务包括：JSR公司的诊断试剂原料（磁珠、乳胶微球、封闭剂），MBL公司的自身免疫试剂和基础科研试剂（自噬相关产品、标签抗体、凋亡相关产品、四聚体等）以及代理销售日本特殊免疫研究所的抗体，新西兰Arotec公司的抗原、欧洲Eurogentec合成Oligo等诊断试剂原料。目前相关产品已经被广泛应用于基础实验研究、疾病临床诊断、法医鉴定、检验检测、制药工业、生物技术等诸多领域。针对国内诊断试剂公司的需求，我们也提供包被好抗体的胶乳免疫比浊试剂和化学发光试剂的中间体，以及包被好抗原的自身免疫试剂。我们秉着“开拓、创新、务实、发展”的企业宗旨；追求“高质量、高效益、高信誉”的企业目标，为我国的生物工程和生命科学的发展，提供高质量的产品和专业的技术服务。","https://www.zhaopin.com/jobdetail/CC131363910J40542585603.htm?refcode=4019&srccode=401901&preactionid=a7c1140f-c46c-45e5-b867-ab342d8bdc77"
2872,测试工程师,漳州-东山县,1.5-3万,深圳市新旗滨科技有限公司,"非金属矿物制品业,非金属矿物制品业",10000人以上,已上市,CC454284030J40802149212,1、负责前瞻性研发项目的技术调研，包括材料、工艺和设计可行性分析。 2、主导小试样品的开发，模拟仿真，协调材料、工艺和测试验证。 3、与供应商及跨部门团队合作，推动产品从研发到量产。 要求：,7月29日,株洲旗滨集团股份有限公司（以下简称“旗滨集团”）成立于2005，2011年在上海证券交易所A股上市（证券简称：旗滨集团，证券代码：601636），是一家集优质浮法玻璃、节能建筑玻璃、低铁超白玻璃、光伏光电玻璃、电子玻璃、中性硼硅药用玻璃研发、生产、销售于一体的创新型国家高新技术企业。旗滨集团自2005年收购原株洲玻璃厂进入玻璃行业以来，大力引进全球顶尖技术研发专家团队，购置国际先进设备，不断优化工艺流程，创新玻璃技术，迅速发展成为国内大型玻璃全产业集团之一。经过10余年的持续耕耘和快速发展，旗滨集团总资产超过200亿元，总员工超过11000人，拥有湖南醴陵、福建漳州、广东河源、浙江绍兴、浙江长兴、浙江平湖、马来西亚森美兰州七大浮法玻璃生产基地，在湖南郴州、浙江宁波、福建漳州、云南昭通、马来西亚沙巴州等地，扩建、新建多个光伏玻璃生产基地，拥有广东河源、浙江绍兴、浙江长兴、湖南醴陵、天津、马来西亚六大节能建筑玻璃生产基地，此外，还在湖南醴陵新建电子玻璃生产基地，在湖南郴州、福建漳州等地，新建中性硼硅药用玻璃生产基地。旗滨集团始终践行“变革、创新、团结、高效”的旗滨文化，秉承“不懈进取、持续创新”的旗滨精神，致力于为市场提供一站式玻璃产品及技术解决方案，努力朝着大玻璃时代及全玻璃产业链发展新征程铿锵前行。,"https://www.zhaopin.com/jobdetail/CC454284030J40802149212.htm?refcode=4019&srccode=401901&preactionid=a7c1140f-c46c-45e5-b867-ab342d8bdc77"
2873,技术支持工程师,成都-武侯区,4000-6000元,成都兴唐信息技术有限公司,"计算机软件,培训/辅导服务,互联网,专业技术服务",20-99人,未融资,CC235564110J40131244712,技能要求：   ,4月8日,百年大计，教育为本。时代的发展离不开教育的兴盛，社会的进步依托于教育的革新，强国与兴业亦基于教育的进步！2007年，专注于助力教育事业发展的成都兴唐信息技术有限公司应运而生，总部坐落于成都高新技术产业开发区的兴唐技术，历经十年发展，已经成长为集教育科技产品研发、销售、服务于一体的国家级高新技术企业。回首过往，成长历程的艰辛与欢笑历历在目，面对着“创新、竞争、远瞻”的营运法则和激烈的市场竞争，兴唐技术始终坚持“以市场为导向，以技术求发展”的经营理念革故鼎新，以其独特的视角，高位求进，准确定位，在2011年成功进行了企业的转型升级，走上自主研发的道路，拉开了为客户提供个性化产品和服务的帷幕，全面提升企业核心竞争力和持续盈利能力。在十年成长的历程中，兴唐技术始终遵照“基于云计算和教育大数据分析云平台”的发展战略阔步前行，通过吸纳人才，整合技术、社会资源，企业通过了国家级高新技术企业认证并获得政府专项资金扶持。在资金实力、人才实力和技术实力的强大推力作用下，企业十年来成功研发教育质量综合评价系统、教师发展管理系统、学业质量监测与评价系统、网上阅卷系统、中考网络应用服务平台、民主测评综合管理系统、企业办公OA系统等多项科技产品，成长为川内乃至全国基于云计算和教育大数据云平台行业的标志性企业。面对成绩，兴唐人并没有失去继续努力的方向和动力，而是始终坚持“以客户需求为导向、以客户满意为目的、以科技创新求发展、以互惠共赢促提高、以协调发展创品牌、以优质企业报社会”的企业目标，发扬“科技强国、兴唐己任”的企业精神，时刻不忘提醒自身审视不足，找准策略，为中国教育改革提供理念和大数据分析支撑，为中国的教育研究和改革保驾护航。十年的努力，企业研发的产品屡获殊荣，通过了ISO9001质量管理体系认证、ISO14001环境管理体系认证、GB/T29490-2013知识管理体系认证、取得了多项软件著作权证书，成为中国AAA级诚信企业、四川省软件协会理事会员单位，为兴唐未来的腾飞奠定了坚实的基础。在企业成立十年之际，兴唐人将给教育界一份厚重的献礼——“学唐云”，学唐云是以教务管理、学生发展管理、教师发展管理为核心的教育综合管理平台。它的出现必将成为教育系统教学工作和德育工作的理念引领者和管理好帮手，也将成为我们基于云计算的教育大数据分析平台。展望未来，兴唐技术将以网上评卷系统和学业质量测评系统两只“数据抓手”向学唐云导入大量数据和流量，凭着对卓越产品的不断追求，创新进取，依靠强大的技术实力、诚信的服务理念和优秀的产品性能，持之以恒，打造兴唐教育生态圈，成长为中国最值得信赖的教育信息化专家！,"https://www.zhaopin.com/jobdetail/CC235564110J40131244712.htm?refcode=4019&srccode=401901&preactionid=a7c1140f-c46c-45e5-b867-ab342d8bdc77"
2874,软件测试,重庆-南岸区,4000-8000元,重庆亮旭科技有限公司,运营商/增值服务,20-99人,,CC265127230J40775762807,任职资格 ： 1、大专及以上学历，专业不限，优秀者可放宽学历要求； 2、年龄22-30岁，男女不限； 3、有计算机简单操作基础，愿意深入计算机IT互联网行业发展并长期从事工作； 4、会使用日常办公软件，如word、excel、ppt等； 5、工作认真仔细，责任心强，能吃苦耐劳，具备一定的抗压能力；,7月21日,重庆亮旭科技有限公司，成立于2015年，属通信类服务型企业。自成立以来，坚持“以“让客户满意，为客户赢利”为服务宗旨，致力于通信服务业务的开发与推广，面向社会提供和经营各种基础电信业务，增值电信业务。与各大运营商，如电信，移动，联通等建立了长期友好，紧密的合作关系。度居于同行领先。公司拥有完整的、专业的运营推广团队和与多类商品厂商合作的经验，已给多家企业及个人带来订单和经济利益。公司尊崇“踏实、拼搏、责任”的企业精神，并以诚信、共赢、开创经营理念，创造良好的企业环境，以全新的管理模式，完善的技术，周到的服务，卓越的品质为生存根本，我们始终坚持用户至上用心服务于客户，坚持用自己的服务去打动客户。这是一份充满挑战性的工作，唯有用心者可以取得成功，如果你是强者，来接受挑战吧！我们渴望最优秀的人才，唯有你的优秀，才有可能创造我们共同的事业。我们无视你的文凭，相貌，家庭背景和过去的经历，我们只看中你的实际工作能力，你的实际工作能力高于一切。我们为优秀者提供无限的事业发展舞台，高额的目标工资和业绩奖金为优秀者而准备，同时我们也用保底薪资和业绩考核来拒绝平庸！,"https://www.zhaopin.com/jobdetail/CC265127230J40775762807.htm?refcode=4019&srccode=401901&preactionid=a7c1140f-c46c-45e5-b867-ab342d8bdc77"
2875,硬件测试,长春-朝阳区,5000-8000元,吉林省北联显示技术有限公司,"光电子行业,电子设备制造,工业自动化,专用设备制造",100-299人,未融资,CC371738220J40568965910,岗位职责：,7月26日,"北联显示成立于2011年，以智能工业显示类产品的研发、生产、销售于一体的国家级高新技术企业。公司主要产品包括轨道交通车载产品、轨道交通站台产品、工业计算机、工业显示器、工业平板电脑、工业级主板、ODM定制产品等。轨道交通产品遍布6个国家、30多个城市、120多条地铁线路；轨道交通显示产品行业占有率达60%。智能工业显示类产品应用于工业自动化、工业机器人、机器视觉、高端装备制造、新能源、智能快递柜、智能驾考、智能交通、冶金、机械、电力、汽车、石油、化工、电子、仪表、金融、烟草、医疗、环境监测等国民经济各主要行业与领域。公司总部位于北京，在上海、深圳、成都、沈阳、西安设有分公司；生产研发基地位于长春，基地拥有完善的产品研发团队、公司先后成立钣金厂、线束厂、CNC加工中心、SMT生产线，构建自主配套生态链。拥有10000平米的生产基地，六条手动线、风淋室、无尘室及老化室，年生产10W+。北联显示将始终秉持“成为领先的智能显示行业系统平台制造商""这一伟大愿景，保持创新动力和积极的企业文化，为客户提供有优势的解决方案和产品。","https://www.zhaopin.com/jobdetail/CC371738220J40568965910.htm?refcode=4019&srccode=401901&preactionid=a7c1140f-c46c-45e5-b867-ab342d8bdc77"
2876,前端开发,武汉-黄陂区,6000-12000元,南京众信慧德网络科技有限公司,"计算机软件,互联网",20-99人,未融资,CC257684730J40926404804,"岗位职责： 1. 独自或协同团队成员负责前端网站和应用程序的设计、开发和维护。 2. 使用HTML、CSS、JavaScript及其框架构建完整的网站、页面和应用程序。 3. 修改现有网站和应用程序，以满足用户需求和最佳实践标准。 4. 优化页面性能、跨浏览器兼容性和可访问性。  5, 制作后台界面及可视化大屏",6月28日,南京众信慧德网络科技有限公司是一家从事软件开发、系统集成、网站开发运营推广的公司，目前旗下有多个商务平台。主要业务为：软件设计与开发、系统集成、网络工程、企业信息化、网站开发与运营、网页制作与优化、电子商务、通信系统开发集成、自动化控制系统开发与集成、自动化工程、软件销售、技术支持、技术服务、技术培训，云计算，大数据服务。,"https://www.zhaopin.com/jobdetail/CC257684730J40926404804.htm?refcode=4019&srccode=401901&preactionid=a7c1140f-c46c-45e5-b867-ab342d8bdc77"
2877,硬件测试,无锡-新吴区,5000-7000元·13薪,上海惠拓信息技术有限公司,"IT服务,计算机硬件,计算机软件,通信/网络设备",20-99人,未融资,CC600302720J40776737114,工作内容：,7月28日,上海惠拓信息技术有限公司成立于2009年，注册资金1200万人民币。公司坐落于浦东陆家嘴金融贸易区，是一家从事IT软硬件销售，弱电集成，售后服务的高新科技企业，与惠普，戴尔，联想，东芝，华为，思科等厂商保持密切的合作关系。自公司成立以来，业务迅猛发展，现员工已有80余人。我们的客户有统一星巴克，达美乐，丝芙兰，索尼，富士通等世界500强企业，也有工商银行，汇添富基金，沪东重机，上海焦化等国内知名企业。公司一向秉承公平公正，诚实守信，顾客至上，质量第一的原则，为我们的员工提供一个良好的舞台，展现自我。我们拥有一支年轻且优秀的团队，连续多年获得了客户和各厂商的高度好评。如果您充满激情，充满自信，我们将非常欢迎您的加入，期待我们共同创建一个美好的未来!,"https://www.zhaopin.com/jobdetail/CC600302720J40776737114.htm?refcode=4019&srccode=401901&preactionid=a7c1140f-c46c-45e5-b867-ab342d8bdc77"
2878,前端开发,南京-雨花台区,1.7-2.2万·13薪,南京北路智控科技股份有限公司,"物联网,通信/网络设备",500-999人,已上市,CC204378620J40536795910,岗位职责:,7月21日,南京北路智控科技股份有限公司成立于2007年，位于南京市江宁滨江经济技术开发区，注册资金13152.174万人民币，专注于自动化、信息化、智能化矿山行业自主研发14年，专业为矿井提供系列智能矿山系统及智能化矿井综合解决方案，业务范围涵盖智能矿井整体方案设计、硬件开发、软件开发、系统集成、技术服务、销售与售后服务等方面，产品涉及传感采集、数据传输、分析处理、协同控制等智能化矿井多个领域。公司始终坚持“被需要”的企业价值理念，持续创新，致力于为提升我国煤炭工业信息化、智能化建设水平提供优质的产品与服务。,"https://www.zhaopin.com/jobdetail/CC204378620J40536795910.htm?refcode=4019&srccode=401901&preactionid=a7c1140f-c46c-45e5-b867-ab342d8bdc77"
2879,Java,武汉-江夏区,1.6-3万·14薪,外企德科数字技术有限公司,专业技术服务,10000人以上,,CCL1480117890J40780932905,职位描述 全额五险一金，试用期全新不打折 后端开发、前端开发、测试、大数据、运维等岗位 职责： 1、负责研发领域IT系统技术方案的设计、开发等工作; 2、负责项目开发过程中的技术攻关及解决运行中出现的技术问题; 3、负责产品核心模块的代码编写和LLT测试: 4、负责产品疑难问题的分析和定位。 岗位要求: 1、热爱编程，基础扎实，熟悉掌握但不限于JAVA/C++/Python/JS/HTML/GO等编程语言中的一种或数种，有良好的编程习惯; 2、具备独立工作能力和解决问题的能力、善于沟通，乐于合作，热衷新技术，善于总结分享，喜欢动手实践。 职位福利：五险一金、年底双薪、绩效奖金、年终分红、节日福利、带薪年假 职位亮点：资深导师提供业务带教等多方面的指导,2025-07-27 00:25:05,外企德科数字技术有限公司是一家2023年新成立的中外合资企业。成立于2023年11月24日，公司定位：专注于为信息技术企业提供人才及数字技术外包解决方案的中外合资企业。它是由中国人力资源服务行业的FESCO（北京国际人力资本集团）与全球人力资源服务领导者The Adecco Group（德科集团）合资成立的。公司主要提供网络技术服务、软件外包服务、计算机系统服务、技术进出口、软件开发等信息技术相关服务。专注于为信息技术企业提供信息技术类人才及数字技术外包解决方案。,"https://www.zhaopin.com/jobdetail/CCL1480117890J40780932905.htm?refcode=4019&srccode=401901&preactionid=a7c1140f-c46c-45e5-b867-ab342d8bdc77"
2880,前端开发,济南-历下区,7000-14000元,济南狐科软件有限公司,计算机软件,20-99人,未融资,CC316016910J40623606616,对日项目，需要会日语！ 有angular经验！,10月22日,济南狐科软件有限公司成立于2008年，公司坐落于美丽的泉城济南。多年来公司始终致力于行业解决方案服务，移动互联网技术支持和对日，国内人员外包等领域的事业。公司现在员工人数30余人，且大部分为5年工作以上经验的行业中间力量。通过近8年的发展，公司在医疗，养老，生物识别等领域积累了众多行业经验，客户遍及山东省乃至全国。重点合作伙伴，包括世界著名的IT跨国公司，NEC，浪潮等。2016年公司将重点在移动互联网，行业解决方案等领域，加大投入，努力成为行业中的中坚力量。现在向社会诚聘，安卓，ios，医疗行业，生物识别等行业的优秀人才。公司的愿景是：为员工搭建平台，实现企业与员工共同成长。联系人王老师手机号 13553182687邮编 250101详细地址山东·济南·高新区齐鲁软件园,"https://www.zhaopin.com/jobdetail/CC316016910J40623606616.htm?refcode=4019&srccode=401901&preactionid=a7c1140f-c46c-45e5-b867-ab342d8bdc77"
2881,科研人员,成都-双流区,2.5-2.6万,万众壹芯,"医药制造,电子/半导体/集成电路,医疗设备/器械,检测/认证",100-299人,C轮,CC559546030J40761784310,"四川大学华西医院精准医学转化研究中心（PMTRC）是一家致力于将医学科学研究成果转化为临床应用的专业机构，是国家精准医学产业创新中心、教育部医学攻关产教融合国家级创新平台的重要组成部分。在医工结合和生物芯片等领域，该中心处于国内领先地位。我们的研究团队由医学、工程学、生物学等多个领域的专家组成，由国家级海外高层次人才胡文闯教授和刘亚龄教授领衔，具有丰富的学术背景、研究与产业化经验。在医工结合领域，我们致力于将工程技术与医学实践相结合，开发新型医疗设备和治疗方案，以提高医疗水平和患者生活质量。我们的研究包括基于生物芯片的基因测序及分子诊断技术、器官芯片与药物筛选、纳米材料高敏诊断技术、人工智能疾病模型等多个方面，旨在为医疗实践提供更安全、更有效的解决方案。具体在生物芯片领域，我们致力于研发和应用先进的生物传感器与微流控芯片技术，以实现对生物样本的高通量、高灵敏检测和分析。通过生物芯片技术，我们能够快速、准确地诊断疾病、评估治疗效果，并开展个体化治疗。同时，我们也在探索生物芯片在疾病机制研究、药物筛选、生物合成等方面的应用，为精准医学的发展提供重要支持。研究中心有国际一流的科研设备，包括微纳米光刻与微纳制造、芯片探针点样、生物芯片探针台、单分子显微镜、单分子免疫诊断、多种测序与分子诊断设备、纳米材料表征、AFM、试剂冻干、纳米材料合成等。作为精准医学转化研究的重要推动者，我们将继续致力于医工结合和生物芯片等领域的研究与应用，为推动医学科学的进步和人类健康事业的发展贡献我们的力量。 导师介绍 四川大学华西医院精准医学转化研究中心主任，教育部长江讲席教授，成都岷山计划生物芯片研究院联席院长，成都万众壹芯科技有限公司创始人、董事长、首席科学家。获国家基金委海外基金（海外杰青）、美国NSF自然科学基金Career奖、美国NSF Air奖、IEEE纳米技术杰出讲者、IEEE纳米技术委员会主席、四川省峨眉计划专家、四川省创新创业团队领军人才、成都蓉漂人才、江苏省双创人才称号。兼任IEEEAccess期刊客座编辑、中国人体健康科技促进会临床微生物与感染精准检验专业委员会副主任委员和四川省抗衰老科学研究促进会副会长等社会职务。在Nat Commun、ACS Nano、Nano Lett、Biosens Bioelectron、Biomaterials、LabChip等期刊及会议发表论文200余篇，被引约5400次（Google Scholar）。已授权多项国际和国内专利。共承担 35 项研究项目（总经费1.8亿元）。发明专利20项。长期致力于微流控芯片和医工结合交叉领域，在高端医疗器械研发方面，团队成功研发了多款新型医疗设备，并已通过临床试验，进入市场推广阶段。率先研发出30分钟内全封闭微流控卡盒的分子居家快检技术，获得国内首个可居家用的核酸扩增器的国家医疗器械证,取得了标志性的成果。研发出首个微流控全自动化肿瘤治疗基因突变测序试剂盒（近万例临床病例验证），在第十届国际精准医学会议上进行发布（省长、省卫建委主任、省科技厅厅长、科学院及工程院院士等出席）。目前在研的多个项目已处于转化过程中，包括呼吸道病原体十重快速检测、336种病原体微流控自动化建库和快速测序试剂盒（覆盖临床多科室病原体种类）、心衰指标的指尖血断点检测技术（实现心衰疾病的居家全程管理）等技术和产品，针对重大疾病具有泛的临床应用场景。 【岗位要求】 1.遵纪守法、学术端正、身心健康，具有较强的责任心，能够全身心投入科研工作，年龄35岁以下。 2.国内博士毕业生需取得博士学历证与学位证，国外博士毕业生应通过教育部学历学位认证，具有良好的科研能力和业绩基础。 3. 分子生物学、生物医学工程、基础医学等相关专业背景，.熟练掌握DNA/RNA相关的基础知识和实验操作、熟练掌握NGS建库湿实验流程（如Illumina、华大等平台）和测序原理。具有空间转录组实验经历优先；主要从事空间转录组生物芯片及配套试剂盒研发工作。 4.有较好的科学研究经历和教育学背景，承担/参研过国家级科研项目或已发表高水平论文者优先，具有海外留学经历者优先。   【岗位职责】 1. 专职博士后聘期为三年，在站期间必须全职脱产从事博士后研究工作，科研业绩要求以及出站后留院要求按四川大学华西医院博士后管理有关规定执行； 2. 承担相关研究课题，发表高水平文章； 3. 协助指导博士、硕士研究生。   【岗位待遇】 1.税前30万/年（含五险一金），科研业绩奖励视产出具体情况而定，上不封顶（参与成果转化工作及产学研合作等项目按绩效另行奖励）。 2.专职博士后在聘期内享有学校及医院专职科研人员同样的学术待遇，研究中心协助申请博新计划等额外支持项目，业绩达到相关要求后可以申请留院。 3.参与更贴近临床转化应用的科研工作，参与国内外高水平研究团队学术交流、医工交叉融合团队的培养培训。",6月30日,万众一芯聚焦生物芯片0到1的原始创新，跨领域技术积累10余年，超百项知识产权，匠心打造“小于时代、先于时代”的分子诊断POCT系列产品：新冠核酸居家自检、更小更快的基因测序仪等，打造诊断“芯”时代，获苏州市首批独角兽培育企业、四川省顶尖团队、2021未来医学榜创新IVD器械全国44名及全国最具潜力留学生企业等荣誉。融资获知名风投亲睐，最新一轮由启明领投，老股东经纬持续跟投。公司总部位于苏州，成都，深圳，美国均设子公司，已建成2000平GMP产线，联合华西医院在建“国家精准医学产业中心”，1.4万平的“万众一芯精准医学产业创新中心”拟建中，依托国家级平台搭建下游生态圈，海外市场先行，驱动爆发性成长。,"https://www.zhaopin.com/jobdetail/CC559546030J40761784310.htm?refcode=4019&srccode=401901&preactionid=a7c1140f-c46c-45e5-b867-ab342d8bdc77"
2882,测试工程师,北京-昌平区,8000-11000元,软通动力信息技术(集团)股份有限公司,"互联网,IT服务,计算机软件",10000人以上,D轮及以上,CC000544460J40730652016,岗位职责： 1.负责手机充电测试、结果整理、报告输出 2.负责整机充电方案验证 3.负责测试规范的维护和更新 4.负责实验室内测试设备的日常维护 任职要求： 1.本科及以上学历，电子信息工程类、电气工程、物理、计算机等电子相关专业 2.熟悉万用表、数据采集仪、示波器等常用的仪器 3.熟悉电池电芯相关原理与特性，有电芯开发设计者优先: 4.有iira或者其它相关bug管理工具使用经验，充电测试相关经验者优先 5.熟练使用windows操作系统、办公软件及adb调试命令技能者优先工作认真有责任心，态度端正，积极主动，能够独立完成测试并输出报告有相关工作经验者优先考虑,7月9日,软通动力信息技术（集团）股份有限公司（以下简称“软通动力”）是中国数字技术产品和服务创新领导企业，致力于成为一家具有全球影响力的科技企业，企业数字化转型可信赖合作伙伴。公司2005年成立于北京，多年来始终坚持科技创新，具有软硬全栈的智能技术产品和服务能力，提供软件与数字技术服务、计算产品与数字基础设施、数字能源与智算服务以及国际化服务。目前，公司在10余个重要行业服务超过1100家国内外客户，其中超过230家客户为世界500强或中国500强企业，员工近90000人。软通动力拥有软通咨询、软通金科、软通工业互联、机械革命、软通华方等业务子品牌，并在全球40余个城市布局业务，构建北美、日本、东南亚、中东四大国际交付中心，在北京城市副中心、江苏无锡建设两大智能制造基地。同时，公司前瞻布局智能制造、ICT软硬基础能力和生产力智能化产品，打造产业链闭环。软通动力设立30个能力中心，拥有1个国家级工程实验室，6个省市政府认定的工程、技术实验室及研发中心，1个博士后科研工作站，50+技术合作伙伴的生态合作体系，不断探索前沿技术的巨大商业应用潜力。公司旗下教育品牌软通教育，拥有一家全日制本科学院——郑州西亚斯学院数字技术产业学院；同时在全国合作院校600多所，设有70多个校企联合人才培养基地，通过校企合作、协同育人，为社会培养高素质应用型人才。软通动力先后获得“2023年中国IT服务市场排名TOP 1”、“2024年Q4 PC出货量国内市场份额排名TOP 2”、“2024年中国软件和信息技术服务竞争力百强企业”、“2023年中国信创企业100强”、“2024万得ESG评级（Wind ESG Rating）AA级及信息技术服务行业ESG综合得分排名第一”等荣誉及市场认可，并拥有全球软件工程领域最高级别CMMI V2.0成熟度5级评估认证、国家研发运营一体化（DevOps）三级能力成熟度模型认证、信息技术服务标准（ITSS）运维能力成熟度一级认证等专业资质，支撑公司更优质的服务体系。,"https://www.zhaopin.com/jobdetail/CC000544460J40730652016.htm?refcode=4019&srccode=401901&preactionid=a7c1140f-c46c-45e5-b867-ab342d8bdc77"
2883,科研人员,合肥-庐阳区,2.1-2.7万,合肥综合性国家科学中心能源研究院(安徽省能源实验室),"新能源,新能源",100-299人,未融资,CCL1237831530J40722042107,研究方向：聚变堆制造与材料方向 岗位职责： 1.独立开展相关课题研究，在导师的指导下，选择具有创新性和挑战性的研究课题，如新型聚变堆材料的性能研究、制造工艺优化等； 2.参与课题组的科研项目申报与实施，协助撰写项目申报书，负责项目中的部分研究任务； 3.在高水平学术期刊发表研究论文，积极参加国际学术会议，与国内外科研团队进行学术交流，提升个人学术影响力和课题组的知名度。 任职资格： 1.具有良好的政治素质和道德修养水平，遵纪守法，无不良经历；   2.获得博士学位和学历不超过3年，品学兼优、身心健康、35周岁以下（含35周岁），科研成果优秀者可放宽至40周岁；,7月16日,"合肥综合性国家科学中心能源研究院（安徽省能源实验室）〔以下简称“能源研究院”〕为安徽省和中国科学院共建的省级事业单位法人，依托中国科学院合肥物质科学研究院等离子体物理研究所、安徽理工大学、中国科学技术大学、合肥工业大学等单位建设。能源研究院重点部署磁约束聚变、可再生能源、智慧电力电网、煤炭清洁高效利用四个研究方向，统筹加强基础研究、应用基础研究、技术创新，带动能源领域科研力量优化布局和自主创新能力跃升，形成在能源技术发展领域拥有重要话语权和影响力的战略科技创新力量，打造面向世界科技前沿的“航母级”研究平台。合肥综合性国家科学中心能源研究院，自2019年12月31日成立已满4周岁，四年来，在习近平新时代中国特色社会主义思想科学指引下，在安徽省省委、省政府坚强领导下，在省市相关部门大力支持下，能源研究院自身建设不断加强，科研能力不断提升科技创新不断突破成果转化不断深入各项事业取得可喜进步一、团队建设：牢固树立“项目引才、实战育才、事业留才”理念、着力打造人才高地。现有373名全职、双聘人才,其中：全职人员153名(博士43名,高级职称30人)双聘人员220名(博士168名,高级职称占比85%)，已初步建立起院士领衔、教授和领军人才支撑、青年学者为骨干的梯队式人才团队。二、能力建设：1.国家自然科学基金依托单位、2.省自然科学基金依托单位、3.省级博士后科研工作站、4.安徽省新型研发机构、5.SGS三体系质量认证证书、6.自然科研系列、7工程技术系列自主评审权安徽省太赫兹技术生物医疗应用工程研究中心、8.合肥综合性国家科学中心能源研究院电力检测中心、9.取得CMA实验室资质认定三、科研进展：组建8个专业研究中心：1.氢能源与氨应用中心、2.可再生能源中心、3.智慧电力中心、4.煤炭清洁高效利用中心、5.超导技术应用中心、6.先进波源中心、7.中子技术应用中心、8.深地科学与工程中心。布局实施26个重大科研项目发表高水平论文435篇申请专利286项(授权71项)获得省科技进步二等奖1项争取国家级项目20项。获批省市揭榜挂帅及自然基金项目13项累计争取国家、省市纵向研究经费近4000万元。四、前沿基础研究重大成果：1.能源小分子催化转化研究达到国际领先水平、2.下一代太阳能电池材料及器件研究取得重大突破、3.雷击接闪机理与防护研究达到国内领先水平、4.等离子体诊断技术研究填补国内技术空白。","https://www.zhaopin.com/jobdetail/CCL1237831530J40722042107.htm?refcode=4019&srccode=401901&preactionid=a7c1140f-c46c-45e5-b867-ab342d8bdc77"
2884,技术支持工程师,天津-津南区,6000-10000元,北京中圣吉通科技有限公司,"计算机硬件,计算机软件,通信/网络设备,IT服务",20-99人,未融资,CCL1389266700J40667332302,岗位职责：   1、指导公司业务人员、客户做产品配置方案及选型处理，解答产品售前的相关技术咨询；   2、客户测试及使用过程中出现的问题进行支持，对出售产品出现的问题及故障提供上门支持解决并做好记录，支持完毕及时反馈给相关人员；   3、与厂商沟通技术人员沟通，共同协助客户解决相关问题；   4、定期参加技术例会及其他合作商和厂家举办的培训和认证考试；   5、领导安排的其他相关工作完成并汇报结果。   任职资格：   1、熟悉计算机各硬件组成部分的相关规特性；   2、熟练安装和使用常用操作系统（WINDOWS系列及LINUX系列）；   3、对于常见计算机软硬件故障，有较强的判断能力和动手解决能力；   4、具备良好的沟通能力和团队协作精神。     我们会为您提供：   1、具有市场竞争力的薪资待遇和上升空间；   2、五险、餐补、话补、交通补助、节日礼品、定期体检、免费旅游、年终奖金；   4、公司氛围轻松自由。    上班地点一：北京市海淀区温泉路26号院（恒电）,11月20日,"北京中圣吉通科技有限公司（以下简称：中圣吉通科技）成立于2015年，座落于首都-北京。中圣吉通科技是一家专注于军工、工控等关键任务应用领域核心主板和外延产品的研发、生产型高科技公司。核心产品主要有：基于Intel/Freescale(PPC)和国产CPU架构的电信级服务器主板、工控核心主板、工控机，工业平板电脑、特种加固笔记本，和嵌入式CompactPCI、ATVA和VPX总线产品。经过多年设计研发销售积累，产品现已在交通监管、医疗、制造、网络教育、物联网，集控网络、人脸识别，机器视觉，智能交通楼宇管理及特种设备等领域提供安全可靠的技术解决方案、定制生产和软/硬件增值服务等。中圣吉通科技产品，经过CE,FCC,3A,EIAF,3C,QIAF,SIAF,ROHS，公安部安全与警用电子产品质量检测中心，国家安全防范报警系统产品质量监督检测中心等检测机构认证。中圣吉通科技一直秉承：“有品质才有市场，有追求才会进步”的价值理念，服务于万千客户。","https://www.zhaopin.com/jobdetail/CCL1389266700J40667332302.htm?refcode=4019&srccode=401901&preactionid=a7c1140f-c46c-45e5-b867-ab342d8bdc77"
2885,C/C++,上海-浦东新区,1.5-3万·14薪,外企德科数字技术有限公司,专业技术服务,10000人以上,,CCL1480117890J40790345405,1. 信息系统/计算机/通讯等相关专业优先，无经验能力优秀者可放宽；   2. 热爱编程，熟悉掌握C/C++/Java/Python/JS/Web/安卓开发等编程语言中的一种或多种编程语言，扎实的编程功底；,2025-07-27 00:25:46,外企德科数字技术有限公司是一家2023年新成立的中外合资企业。成立于2023年11月24日，公司定位：专注于为信息技术企业提供人才及数字技术外包解决方案的中外合资企业。它是由中国人力资源服务行业的FESCO（北京国际人力资本集团）与全球人力资源服务领导者The Adecco Group（德科集团）合资成立的。公司主要提供网络技术服务、软件外包服务、计算机系统服务、技术进出口、软件开发等信息技术相关服务。专注于为信息技术企业提供信息技术类人才及数字技术外包解决方案。,"https://www.zhaopin.com/jobdetail/CCL1480117890J40790345405.htm?refcode=4019&srccode=401901&preactionid=a7c1140f-c46c-45e5-b867-ab342d8bdc77"
2886,测试工程师,北京-朝阳区,1.1-1.2万·13薪,国机集团北京飞机强度研究所有限公司,学术/科研,20-99人,,CC244622180J40727599814,【岗位要求】  1）结构载荷、环境测试系统设计；   2）测试设备及传感器选配；   3）测试原理图、线路图的绘制；   4）测试系统搭建、调试、标定试验数据采集；   5）飞行实测数据采集和初步检验等工作；   6）飞行实测试验现场的排故等工作；   7）按照研究所管理制度履行相应的质量、安全和保密职责；   8）完成领导交办的其他工作。   ,4月1日,国机集团北京飞机强度研究所有限公司（简称:北京飞机强度研究所，Beijing Aircraft Strength Institute）是专门从事飞机、航空发动机结构寿命可靠性理论与试验研究的国有科研机构，隶属国机集团科学技术研究院有限公司，是中国机械工业集团有限公司下属的三级企业。,"https://www.zhaopin.com/jobdetail/CC244622180J40727599814.htm?refcode=4019&srccode=401901&preactionid=a7c1140f-c46c-45e5-b867-ab342d8bdc77"
2887,硬件测试,上海-青浦区,1-1.3万,软通动力信息技术(集团)股份有限公司,"互联网,IT服务,计算机软件",10000人以上,D轮及以上,CC000544460J40701374616,1、能够熟练使用功率模组电性测试设备（UT、热阻、绝缘耐压等）； 2、具有电工证； 3、能够对数据进行整理; 4、除了电性测试之外， 同时具有封装/失效分析经验者优先。,4月12日,软通动力信息技术（集团）股份有限公司（以下简称“软通动力”）是中国数字技术产品和服务创新领导企业，致力于成为一家具有全球影响力的科技企业，企业数字化转型可信赖合作伙伴。公司2005年成立于北京，多年来始终坚持科技创新，具有软硬全栈的智能技术产品和服务能力，提供软件与数字技术服务、计算产品与数字基础设施、数字能源与智算服务以及国际化服务。目前，公司在10余个重要行业服务超过1100家国内外客户，其中超过230家客户为世界500强或中国500强企业，员工近90000人。软通动力拥有软通咨询、软通金科、软通工业互联、机械革命、软通华方等业务子品牌，并在全球40余个城市布局业务，构建北美、日本、东南亚、中东四大国际交付中心，在北京城市副中心、江苏无锡建设两大智能制造基地。同时，公司前瞻布局智能制造、ICT软硬基础能力和生产力智能化产品，打造产业链闭环。软通动力设立30个能力中心，拥有1个国家级工程实验室，6个省市政府认定的工程、技术实验室及研发中心，1个博士后科研工作站，50+技术合作伙伴的生态合作体系，不断探索前沿技术的巨大商业应用潜力。公司旗下教育品牌软通教育，拥有一家全日制本科学院——郑州西亚斯学院数字技术产业学院；同时在全国合作院校600多所，设有70多个校企联合人才培养基地，通过校企合作、协同育人，为社会培养高素质应用型人才。软通动力先后获得“2023年中国IT服务市场排名TOP 1”、“2024年Q4 PC出货量国内市场份额排名TOP 2”、“2024年中国软件和信息技术服务竞争力百强企业”、“2023年中国信创企业100强”、“2024万得ESG评级（Wind ESG Rating）AA级及信息技术服务行业ESG综合得分排名第一”等荣誉及市场认可，并拥有全球软件工程领域最高级别CMMI V2.0成熟度5级评估认证、国家研发运营一体化（DevOps）三级能力成熟度模型认证、信息技术服务标准（ITSS）运维能力成熟度一级认证等专业资质，支撑公司更优质的服务体系。,"https://www.zhaopin.com/jobdetail/CC000544460J40701374616.htm?refcode=4019&srccode=401901&preactionid=a7c1140f-c46c-45e5-b867-ab342d8bdc77"
2888,技术支持工程师,上海-嘉定区,5000-8000元,上海超澜数码科技有限公司,"计算机软件,学术/科研",20-99人,,CC136847840J40832521115,1、配合项目经理、技术人员完成公司各类场馆互动展项产品的执行，从项目策划阶段开始介入，负责绘制各类强电、弱电的CAD图纸 2、配合项目经理制定各类项目进度计划和执行计划 3、配合技术人员制定电脑硬件、音视频设备、网络设备及项目所涉及的各类软硬件设备实施计划 4、项目进入现场后进行各类硬件设备、软件功能的安装调试，项目完成后的维护工作。 任职要求:  1、丰富的电脑硬件知识、熟悉各类计算机、音视频设备及网络硬件产品 2、熟悉各类设备的接口及连接方式和解决方案，懂单片机知识者佳； 3、优秀的工程图纸绘制能力，能绘制各类强电弱电图纸及产品的工程图 4、良好的项目管理能力 5、熟悉各类办公软件及项目管理软件的使用 6、需具备较好的沟通能力，熟练的使用office办公软件及AutoCAD绘图软件。,4月10日,"上海超澜数码科技有限公司成立于2005年，以计算机图形学、虚拟现实、混合现实等高端技术为研究方向，倡导高层次、多通道、非接触式的人人机交互方式。超澜数码的""影像动作识别非接触式交互技术""处于国内领先地位，其中多项产品已经获得国家专利，并获得了上海市软件企业、上海市及国家创新基金的支持。超澜数码利用其领先的技术优势，集策划设计、技术研发、生产制作为一体，致力与为全国科普场馆提供互动形式新颖、技术含量高、内容诠释合理的互动科普展品、展项。其中数件展品获得了国家专利和科普类展品金、银奖项，目前超澜数码的互动展项已经应用于全国10多家科技馆为主的科普场馆。其次，超澜数码开发出了一批包括""大型互动数字水帘""、""魔幻展示平台""、""互动投影""等在内的互动形式新颖的展示平台，这些展示平台可以广泛的应用于展厅、展会、商业、娱乐市场，超澜数码联合国内知名展览展示公司、硬件及系统集成商，共同推广这些展示平台的商业化应用。爱知世博会、杜莎夫人蜡像馆、上海城市规划馆、四川省科技馆、厦门科技馆、广东科学中心、吴江青少年活动中心等科普场馆，车展、游戏展、工博会等展会，一个个案例支持着超澜数码的成长和发展，也促使超澜数码开发出更多、更先进的技术和产品。随着行业需求的逐渐扩展和企业的不断发展，公司对多类专业人才求才若渴，希望有更多的有志之士能参与到我们的团队中来，共同发展，共创美好的明天。公司网站：www.sonovo.cn联系邮件：sonovo@126.com","https://www.zhaopin.com/jobdetail/CC136847840J40832521115.htm?refcode=4019&srccode=401901&preactionid=a7c1140f-c46c-45e5-b867-ab342d8bdc77"
2889,科研人员,杭州-拱墅区,1000元以下·13薪,魏尔啸实验室科技(杭州)有限公司,"卫生服务,检测/认证",20-99人,不需要融资,CCL1218931690J40371804703,岗位补充：,11月21日,德国魏尔啸病理研究所，1856年创办于柏林夏洛特医院，以首任所长鲁道夫·魏尔啸先生的名字命名，是欧洲历史最悠久的病理研究所。魏尔啸先生是现代病理学的奠基人之一，被誉为“细胞病理学之父”。 2015年，中德魏尔啸实验室集团由德中卫生组织主席、德国科学院院士曼弗雷德·迪特先生在香港创办，目前已在上海、北京、杭州、武汉等地设立分支机构与中心实验室。其中，杭州实验室在2019年落户于杭州国际人才创业创新园（拱墅园区）。聚焦于常规病理、分子病理、远程病理领域的诊疗、研发、科研、教学、产业创新。魏尔啸人秉承一贯的传统，立足于中国，联结德国，立志于把“魏尔啸实验室”打造成中国知名的病理学品牌之一。集团引进德国魏尔啸病理实验室的品牌标准、管理系统、技术标准、实验室规范，希望通过不断努力，建成国际领先的组织病理与分子病理诊断中心、中德远程病理会诊中心、培训中心与研发中心。,"https://www.zhaopin.com/jobdetail/CCL1218931690J40371804703.htm?refcode=4019&srccode=401901&preactionid=a7c1140f-c46c-45e5-b867-ab342d8bdc77"
2890,硬件测试,青岛-None,6000-8000元,中电科思仪科技股份有限公司,仪器仪表制造,1000-9999人,,CC309122380J40235217402,岗位职责： 1.专业技术岗位，主要负责微波仪器整机及整件测试； 2.负责微波仪器的维修和维护； 3.负责整件调测平台的设计及实施完善； 4.负责与整机调试相关的其它工作。 岗位要求： 1.电子信息、自动化、通信工程、计算机、测控技术与仪器等相关专业，本科学历，年龄30岁以下； 2.应届也可，有相关公司或研究所工作经验者优先； 3.具有数字、模拟电路、通信、软件编程等理论知识； 4.熟练使用OFFICE等基础办公软件； 5.具有良好的沟通能力和团队合作精神； 6.能服从工作安排，具有较强的执行力； 7.身心健康。 职位福利：五险一金、绩效奖金、餐补、采暖补贴、带薪年假、定期体检、住房补贴、健身俱乐部 ,6月11日,中电科思仪科技股份有限公司（简称“电科思仪”）是中国电科集团下属股份制企业，本部位于山东青岛，拥有一支从事电子测量仪器、自动测试系统和器部件产品研究、开发、设计的专业技术队伍，具有较强的研发、生产、测试和试验验证能力。“电科思仪”致力于电子测试前沿技术的探索和研究，实现了高端重大科学仪器和通用电子测量仪器的一系列重大技术突破，特别是在微波毫米波、光电、通信、基础测量以及相关技术领域，达到国内领先、国际先进水平。“电科思仪”面向全球市场提供拥有自主知识产权的、覆盖高中低端的、系列化的电子测量仪器和器部件产品，同时通过软件开发与系统集成，为用户提供“量身定做”的自动测试解决方案。“电科思仪”研发生产的电子测量仪器、自动测试系统、器部件等产品，广泛应用于卫星、通信、导航、雷达、科研、教育等领域，并为载人航天、探月、北斗、光纤通信、移动通信、大飞机制造等国家重大工程提供测试保障，深受广大用户一致好评和信赖。“电科思仪”始终秉承“服务客户、创造价值”的经营理念，以电子测量仪器研发为核心，以全面服务为业态，与国内外同行合作共赢，努力建设测试测量领域具有全球竞争力的世界一流企业，为保障国家安全、为促进经济社会发展不断做出新的更大的贡献。,"https://www.zhaopin.com/jobdetail/CC309122380J40235217402.htm?refcode=4019&srccode=401901&preactionid=a7c1140f-c46c-45e5-b867-ab342d8bdc77"
2891,测试工程师,苏州-吴中区,7000-8000元,上海耘瓴端网络科技有限公司,电子商务,300-499人,,CCL1346212520J40929503804,"岗位描述: 1.根据既定测试用例,完成测试和提交测试报告,协助测试工程师完成调试和验证工作; 2.定期汇报测试进度和测试结果,针对问题点配合研发整改测试; 3.负责实验室及测试设备的维护及保养。 4.协助完成测试房间测试样机登记，盘点登记数据 岗位要求: 1.大专学历（通信工程、信息技术、电子科学等相关专业专科毕业） 2.具备熟练的焊接能力; 3.能够认识基本元器件，例如电容、电阻、三极管、mos管等; 工作时间： 早9晚6，做五休二； 综合薪资：7-8k 五险一金",7月14日,经营范围包括一般项目：技术服务、技术开发、技术咨询、技术交流、技术转让、技术推广，互联网销售（除销售需要许可的商品），企业管理咨询，信息咨询服务（不含许可类信息咨询服务），物业管理，单位后勤管理服务，园林绿化工程施工，国内货物运输代理，装卸搬运，餐饮管理，办公用品销售，劳动保护用品销售，电子产品销售，机械设备销售，机械零件、零部件销售，日用百货销售，品牌管理，人力资源服务（不含职业中介活动、劳务派遣服务），专业设计服务，软件外包服务，广告设计、代理，广告发布（非广播电台、电视台、报刊出版单位），广告制作，物联网设备销售，物联网技术服务，仪器仪表销售，市场营销策划，商务代理代办服务。,"https://www.zhaopin.com/jobdetail/CCL1346212520J40929503804.htm?refcode=4019&srccode=401901&preactionid=a7c1140f-c46c-45e5-b867-ab342d8bdc77"
2892,Java,郑州-高新区,1.5-3万,辛巴达软件,"互联网,计算机软件",20-99人,未融资,CC433788227J00497795307,职位要求： 1、软件开发1-3年经验，良好的代码编写习惯 2、熟悉Java，SSH框架，熟悉数据库运用 3、出色的学习能力、理解能力和逻辑思维能力 4、日语熟练 5、有2-3年以上日本软件开发经验者优先 6、有强烈的责任心，良好的团队协作意识 7、发展空间大，经验丰富者担当重要岗位 职位优势：牛人队友，五险一金，节日福利，年终奖金，员工体检，员工年假及其他等福利。 职位福利：五险一金、带薪年假、定期团建、周末双休、节日福利 ,2月10日,公司官网：sindbadtech.com国内公司简介：南京辛巴达软件科技有限公司，即辛巴达软件（Sindbadtech)，于2011年成立于中国南京，是以”IT”+”DT”+“AI”为核心，为国内外客户迅速提供一站式IT解决方案综合服务的高科技公司。业务包括企业IT解决方案和日本软件开发，团队成员大都是有着多年丰富IT行业经验的、并对未来怀揣梦想的海归和国内精英人士。正通过国际化业务和技术能力连接国内外市场、打通信息壁垒、推动科技驱动发展并实现为国内外客户创造价值的目标。目前，辛巴达软件已在上海、青岛、日本东京等地成立了子公司和办事处。真诚欢迎有识之士的加入！我司对日赴日IT岗位优势：■岗位发展空间大，从程序员、系统工程师、BSE桥梁工程师、项目经理（含PM和PMO）、技术专家、解决方案顾问、行业专家、总监等晋升路径■月薪资待遇：根据个人对日软件工作综合经验能力评估（包括日语能力、技术能力、对日项目经验、对日管理能力、行业积累、沟通协调能力及其他等）每年都有晋升机会■福利优势：发展空间大，牛人队友，五险一金，周末双休，节日福利，年终奖金，员工聚餐，员工体检，员工旅游，员工年假，员工个人发展规划，员工生日福利，每年晋升机会，出国工作机会及其他等福利。■工作地点：包括中国和日本的多个主要城市■发展路线：包括技术(开发及技术管理）、业务(上流设计)、管理(PM及PMO)等多条可选■对日项目业务包括证券、金融、保险、财务、医疗、交通、互联网及其他等。通过大型正规日本项目经验的积累，我司在职员工的能力提升方面，明显较其它公司快很多、竞争能力强■担当工程阶段包括上流设计（要件定义、概要设计及其他等）、下流开发（基本及详细设计、编码、测试、纳品等）、以及保守运维阶段工作等。■签约模式：正式员工，日本公司缴纳厚生年金和国民健康保险及其他等，国内工作缴纳五险一金及其他各种福利■正式员工长期发展模式（中国和日本的多个主要城市都有岗位）1.国内对日工作︎-》日本工作︎-》回国对日工作（长期发展）2.国内对日工作︎-》日本工作（长期发展）3.国内对日工作（长期发展）,"https://www.zhaopin.com/jobdetail/CC433788227J00497795307.htm?refcode=4019&srccode=401901&preactionid=a7c1140f-c46c-45e5-b867-ab342d8bdc77"
2893,前端开发,成都-新都区,150-200元/天,清华四川能源互联网研究院,"矿产/采掘,互联网",100-299人,未融资,CC336758630J40577677206,岗位职责： 1、参与团队所承担的国内龙头工业能源企业数据资源管理、数据治理、数字化转型咨询规划等项目，开展包括项目需求调研、业务梳理、数据处理、规则建模等工作； 2、针对项目中明确的需求开展前端界面和功能设计和相关的开发、测试等工作； 3、根据实际业务需求，完成各类设计文档、分析报告、ppt等材料的部分内容； 4、根据部门领导安排的其他工作任务。,7月7日,2015年9月，在习总书记访美期间，清华大学、四川省、华盛顿大学、华盛顿州四方签署了“气候智慧型/低碳城市”2+2合作协议。为落实合作协议，清华大学在四川省、成都市及天府新区的大力支持下，建立了清华四川能源互联网研究院（以下简称研究院），于2016年3月正式落户天府新区，致力于打造能源互联网领域的人才汇聚平台、科技创新中心、产业发展高地。围绕能源环境经济协同、能源互联网关键装备、智慧能源系统、能源互联网安全等主要研究方向，研究院引进32个高层次研究团队，汇聚海内外高层次人才300余名，其中国家级人才3名，四川省级人才17名，成都市蓉漂人才10名，成都市顶尖创新创业团队1个；科研人员占总人员比例为81%，副高以上或掌握核心技术的人员占科研人员比例达到37%。截至2021年2月，研究院已打造20余项关键核心技术和50余件创新产品，承担国家重点研发计划项目8项、国家自然科学基金项目5项，申请专利利409件，获得省部级科技奖励8项，培育创新企业13家，包括5家高新技术企业和1家准独角兽企业；创办能源互联网国际创新创业峰会，举办中美“2+2”清洁能源论坛、2018ACDC国际学术会议、第五届清华校友三创大赛人居环境组全球总决赛等一系列重大活动；与全球40家高校院所、111家产业企业以及13家国际机构建立合作关系。,"https://www.zhaopin.com/jobdetail/CC336758630J40577677206.htm?refcode=4019&srccode=401901&preactionid=a7c1140f-c46c-45e5-b867-ab342d8bdc77"
2894,实施工程师,温州-瓯海区,6000-12000元,锦江电子,"医疗设备/器械,医疗设备/器械,专用设备制造",300-499人,,CC121091300J40763365603,岗位职责: 1、医院开机使用本公司产品进行手术时，负责配合医生进行手术的开展过程监控等，协助临床医生完成心律失常手术； 2、配合销售人员进行设备和耗材推广； 3、收集客户反馈信息、反馈体验并及时上报； 4、完成上级分配的其他任务。 任职要求: 1、本科及以上学历，医、药、护理学，生物（含生物医学、生物信息、生命科学等），电子，计算机，通信类等相关专业； 2、实习期每周工作至少3天及以上，实习期间表现优秀者通过考核可转正； 3、良好的沟通、学习能力，踏实勤奋，有吃苦耐劳精神。,3月12日,公司介绍锦江电子是一家专注于心脏电生理领域高端创新医疗器械研发、生产和销售的高新技术企业。自成立以来，公司始终秉承“以科技呵护生命”的精神理念，致力于为全球快速性心律失常患者提供安全高效的整体解决方案。公司深耕心脏电生理领域二十年，并基于对电子工程学和临床科学的深刻理解持续进行产品创新迭代，已形成了覆盖心脏电生理领域设备与耗材的全产品矩阵，并向疼痛及血管介入领域进行拓展。目前，公司在售核心产品主要包括心脏电生理三维标测系统、多道生理记录仪、消融仪、标测导管及消融导管等。在研管线方面，公司在极具临床应用潜力的PFA技术领域保持着国内领先，有望成为全国首家推出磁电定位三维PFA解决方案的电生理企业。现公司因业务发展需要，欢迎有志之士加盟，共创辉煌！,"https://www.zhaopin.com/jobdetail/CC121091300J40763365603.htm?refcode=4019&srccode=401901&preactionid=a7c1140f-c46c-45e5-b867-ab342d8bdc77"
2895,硬件测试,广州-黄埔区,4000-6000元,仕益检验检测认证(广州)有限公司,"检测/认证,企业服务",20-99人,不需要融资,CC810483960J40811326203,根据产品需求文档和测试计划，完成产品组装、调试和测试等工作； 对产品进行功能、性能、兼容性等测试，并记录测试过程和结果，对测试结果进行汇总、整理和报告； 参与产品验证和评审，对测试结果进行分析和改进，确保产品质量； 负责测试设备的维护和校准，确保测试设备的准确性和可靠性； 协助项目经理完成项目计划，跟踪项目进度，并及时报告测试结果。 任职要求： 1.制冷类/机电一体化/机械/电子/电气/照明相关专业； 2.计算机应用熟练，能熟练使用MSOFFICE； 3.具有较好的专业知识基础； 4.勤奋、责任心强、细心、主动、有团队精神。 职位福利：五险一金、周末双休、朝九晚六、提供员工午餐。 可接受专业对口的实习项目工程师,7月15日,仕益检验检测认证(广州)有限公司(以下简称，仕益质检)是一家独立的第三方检测及认证机构。国家指定CCC认证实验室。仕益质检成立于2018年6月，位于广州市黄埔区天丰路8号201室。2019年4月，仕益质检通过了广东省市场监督管理局的评审，获得检验检测机构资质认定证书:2019年7月，通过了中国合格评定国家认可委员会CNAS的评审，成为国家认可实验室。仕益质检拥有先进的检测仪器设备(包括美国、日本、意大利、丹麦、瑞士、德国等)，其检测能力符合实验室开展现有检验检测工作的资源配置要求，业务区域立足于广州，辐射广东、湖南、福建、广西省等。仕益质检一直以“公正科学及时准确”为准则，严格按照ISO/IEC17025检测和校准实验室管理体系要求进行科学管理。拥有经验丰富的检测认证专家团队。仕益质检一直本着“务实·求是”的诚信态度，本着“公正·公开”的诚信理念开展项目，服务过程“零差错”，一次性通过有保障，具有丰富的服务案例。公司为员工提供有竞争力的薪资福利和绩效奖金，欢迎广大有志之士加入。,"https://www.zhaopin.com/jobdetail/CC810483960J40811326203.htm?refcode=4019&srccode=401901&preactionid=a7c1140f-c46c-45e5-b867-ab342d8bdc77"
2896,Java,武汉-江夏区,5000-8000元·13薪,武汉嘉利锦信息技术有限公司,计算机软件,20-99人,未融资,CCL1409678960J40727591014,岗位职责： 1. 协助参与软件产品的开发与维护。 2. 完成上级分配的编程任务。 3. 参与编写相关的技术文档。  4.参与公司所用技术的优化和升级。     岗位要求：    1. 大专及以上学历，计算机相关专业。    2. 熟悉Java编程语言及面向对象设计。,7月23日,嘉利锦是一家致力于提供高质量信息技术服务的企业。公司位于中国武汉市，是一家集研发、销售、服务于一体的综合性企业。公司的主要业务领域包括软件开发、网络安全、云计算、人工智能、物联网等。公司拥有一支经验丰富、技术精湛的团队，致力于为客户提供最优质的信息技术解决方案。公司的产品和服务广泛应用于各个领域。公司在不断探索和创新，为客户提供最具前瞻性的信息技术解决方案。作为一家具有高度社会责任感的企业，嘉利锦致力于为社会创造更多的价值。公司在信息技术领域积极探索，推动数字经济发展，促进产业升级和转型。同时，公司也注重员工培养和社会贡献，为员工提供良好的职业发展平台和广阔的发展空间。,"https://www.zhaopin.com/jobdetail/CCL1409678960J40727591014.htm?refcode=4019&srccode=401901&preactionid=a7c1140f-c46c-45e5-b867-ab342d8bdc77"
2897,C/C++,上海-浦东新区,1.4-2.8万,外企德科数字技术有限公司,专业技术服务,10000人以上,,CCL1480117890J40659931705,岗位要求: 1、掌据C/C++/Java/python/Go/JS一种或多种编程语言，热爱编程 2、掌握常用的数据结构、数据算法   岗位优势： ①大厂市场领先且稳定的薪酬福利收入(根据面试能力评价等定级定薪) ②个人编程能力的快速学习提升(导师6个月带教) ③行业前沿的技术框架(不用担心未来如果换工作技术框架不适用) ④行业领先的产品研发项目管理流程、编码规范培训、纯粹的工程师氛围(您要相信，和优秀的人一起工作，您也必定变得更优秀)   公司福利: 1.入职即缴纳五险一金+商业险，全额缴纳社保及公积金 2.一年数次考评，薪资、职级可上浮 3.带薪年假5-15天 4.免费夜宵，城际班车，舒适的办公环境 5.免费健身房，各种娱乐活动(可自行选择是否参加，不参加就早点下班哦）,2025-07-28 00:22:32,外企德科数字技术有限公司是一家2023年新成立的中外合资企业。成立于2023年11月24日，公司定位：专注于为信息技术企业提供人才及数字技术外包解决方案的中外合资企业。它是由中国人力资源服务行业的FESCO（北京国际人力资本集团）与全球人力资源服务领导者The Adecco Group（德科集团）合资成立的。公司主要提供网络技术服务、软件外包服务、计算机系统服务、技术进出口、软件开发等信息技术相关服务。专注于为信息技术企业提供信息技术类人才及数字技术外包解决方案。,"https://www.zhaopin.com/jobdetail/CCL1480117890J40659931705.htm?refcode=4019&srccode=401901&preactionid=a7c1140f-c46c-45e5-b867-ab342d8bdc77"
2898,硬件测试,东莞-None,7000-12000元,重庆科满福人力资源服务有限公司,企业服务,20-99人,,CCL1487604860J40932734004,【岗位职责】： 1、软件测试岗位职责  2、接受测试任务，进行需求分析 3、按照测试计划搭建测试环境，并保证测试环境的可靠性 4、按照测试计划编亏测试用例，保证测试用例合理有效 5、按照测试用例执行测试，及时发现缺陷，并使用工具进行管理缺陷 6、编写和提交测试报告，保证测试进度按计划完成 7、参与审核其他测试工程师的测试用例和报告 8、学习公司已有方案和推广使用新的测试技术和工具,7月17日,,"https://www.zhaopin.com/jobdetail/CCL1487604860J40932734004.htm?refcode=4019&srccode=401901&preactionid=a7c1140f-c46c-45e5-b867-ab342d8bdc77"
2899,科研人员,合肥-庐阳区,1.8-2.5万,合肥综合性国家科学中心能源研究院(安徽省能源实验室),"新能源,新能源",100-299人,未融资,CCL1237831530J40728865807,岗位职责： 1、高灵敏度探测器技术开发； 2、强辐射本底抗干扰探测器技术开发； 3、一致性比对研究。 任职资格： 1、博士学历； 2.、电力电子/核能科学与工程/自动化等相关专业。,6月16日,"合肥综合性国家科学中心能源研究院（安徽省能源实验室）〔以下简称“能源研究院”〕为安徽省和中国科学院共建的省级事业单位法人，依托中国科学院合肥物质科学研究院等离子体物理研究所、安徽理工大学、中国科学技术大学、合肥工业大学等单位建设。能源研究院重点部署磁约束聚变、可再生能源、智慧电力电网、煤炭清洁高效利用四个研究方向，统筹加强基础研究、应用基础研究、技术创新，带动能源领域科研力量优化布局和自主创新能力跃升，形成在能源技术发展领域拥有重要话语权和影响力的战略科技创新力量，打造面向世界科技前沿的“航母级”研究平台。合肥综合性国家科学中心能源研究院，自2019年12月31日成立已满4周岁，四年来，在习近平新时代中国特色社会主义思想科学指引下，在安徽省省委、省政府坚强领导下，在省市相关部门大力支持下，能源研究院自身建设不断加强，科研能力不断提升科技创新不断突破成果转化不断深入各项事业取得可喜进步一、团队建设：牢固树立“项目引才、实战育才、事业留才”理念、着力打造人才高地。现有373名全职、双聘人才,其中：全职人员153名(博士43名,高级职称30人)双聘人员220名(博士168名,高级职称占比85%)，已初步建立起院士领衔、教授和领军人才支撑、青年学者为骨干的梯队式人才团队。二、能力建设：1.国家自然科学基金依托单位、2.省自然科学基金依托单位、3.省级博士后科研工作站、4.安徽省新型研发机构、5.SGS三体系质量认证证书、6.自然科研系列、7工程技术系列自主评审权安徽省太赫兹技术生物医疗应用工程研究中心、8.合肥综合性国家科学中心能源研究院电力检测中心、9.取得CMA实验室资质认定三、科研进展：组建8个专业研究中心：1.氢能源与氨应用中心、2.可再生能源中心、3.智慧电力中心、4.煤炭清洁高效利用中心、5.超导技术应用中心、6.先进波源中心、7.中子技术应用中心、8.深地科学与工程中心。布局实施26个重大科研项目发表高水平论文435篇申请专利286项(授权71项)获得省科技进步二等奖1项争取国家级项目20项。获批省市揭榜挂帅及自然基金项目13项累计争取国家、省市纵向研究经费近4000万元。四、前沿基础研究重大成果：1.能源小分子催化转化研究达到国际领先水平、2.下一代太阳能电池材料及器件研究取得重大突破、3.雷击接闪机理与防护研究达到国内领先水平、4.等离子体诊断技术研究填补国内技术空白。","https://www.zhaopin.com/jobdetail/CCL1237831530J40728865807.htm?refcode=4019&srccode=401901&preactionid=a7c1140f-c46c-45e5-b867-ab342d8bdc77"
2900,科研人员,北京-海淀区,1.6-2万,中国科学院力学研究所,"学术/科研,培训/辅导服务",500-999人,不需要融资,CC131251740J40780378303,岗位职责: 根据课题组研究领域不同，具体的工作职责也不同，主要包括： 1、从事岩心多尺度多组构数字化表征相关研究； 2、从事非常规油气赋存与多相流动相关研究； 3、从事非均质储层岩石物理模型相关研究； 4、从事非均质储层甜点评价及人工智能相关研究； 5、从事环境流体力学相关研究； 6、从事油气藏多场耦合渗流和数值模拟、储层结构表征与建模相关研究 7、从事多相流体力学相关研究 8、从事机器与地面系统力学相关研究。   任职要求: 1.具有良好的政治素质和道德修养，遵纪守法，身体健康； 2.获得博士学位3年以内，应届博士毕业生优先； 3.申请时年龄一般不超过35周岁； 4.进站从事博士后研究人员，须将人事关系转入力学所，并保证全脱产从事博士后研究工作。,5月20日,中国科学院力学研究所（以下简称力学所）创建于1956年，是以钱学森先生工程科学思想建所的综合性国家级力学研究基地，在国际力学界享有盛誉，为我国“两弹一星”、载人航天事业及国家经济社会发展做出了重要贡献。力学所现设有6个实验室和1个中心作为基本单元实体。非线性力学国家重点实验室、高温气体动力学国家重点实验室、微重力重点实验室、水动力学与海洋工程重点实验室、环境力学重点实验室、先进制造工艺力学重点实验室和等离子体与燃烧中心。工程地质力学及其应用课题组隶属于环境力学重点实验室，针对滑坡灾害防治、煤与瓦斯突出、边坡稳定性、岩土中爆炸、松散岩体及颗粒加密等工程中的科学问题，开展了深入的研究。10多年来，一直把地质灾害成灾机理的数值模拟研究作为工作重点之一，提出了基于连续介质力学的离散元方法(Continuum-based Discrete Element Method)。该方法将有限元与离散元进行耦合，在块体内部进行有限元计算，在块体边界进行离散元计算，通过块体内部及块体边界的断裂，不仅可以模拟材料在连续状态下及非连续状态下的变形、运动特性，更可以实现材料由连续体到非连续体的渐进破坏过程，在岩土工程、采矿工程、隧道工程、水利工程、地质工程、结构工程中广泛应用。若对公司有意向，请点击：职位申请表下载表格！！！然后按着表格的内容把信息完善。最后给把信息发到：zhaopin@imech.ac.cn这个邮箱里面！谢谢！,"https://www.zhaopin.com/jobdetail/CC131251740J40780378303.htm?refcode=4019&srccode=401901&preactionid=a7c1140f-c46c-45e5-b867-ab342d8bdc77"
2901,技术支持工程师,南京-栖霞区,4000-5000元,北方信通智能科技(南京)有限公司,"通信/网络设备,军工制造",20-99人,,CCL1276283470J40761360511,岗位职责： 1、负责公司产品技术支持工作； 2、收集客户需求，处理客户协调工作； 3、配合完成项目实施、测试、验收工作； 4、完成领导交办的其他工作 任职要求： 1、大专及以上学历，电子信息、通讯、自动化等专业，经验不限； 2、具备较强的沟通能力、应变能力、执行能力，具备较强的学习能力； 3、性格平和稳重、细致严瑾、有较强的责任心、团队协作能力； 4、其他要求：能接受出差。 双休、年终奖、弹性工作时间、节假日福利、餐补,7月23日,北方信通智能科技（南京）有限公司成立于2018年，公司注册资本500万。公司主要从事专网通信、微波射频组件、测试系统研发及制造。主要客户包括部队，中国电科、中国电子、中国兵器等研究所。公司坚持技术创新与工程化相结合，坚持人才第一位，始终把产品的质量和可靠性放在首要位置，为用户提供良好的产品及服务，为我国国防建设贡献一份力量。,"https://www.zhaopin.com/jobdetail/CCL1276283470J40761360511.htm?refcode=4019&srccode=401901&preactionid=a7c1140f-c46c-45e5-b867-ab342d8bdc77"
2902,科研人员,杭州-萧山区,1-1.8万,浙江大学杭州国际科创中心,"学术/科研,科学技术推广",500-999人,不需要融资,CCL1242292110J40926253304,"一、合作导师简介 王勇（博士), 国家级高层次青年人才（海外优青），杭州市顶尖人才，浙江大学博士生导师。本科毕业于四川大学，博士毕业于西安交大材料科学专业，曾在上海交大、香港大学、瑞典林雪平大学从事博士后研究。2022年9月加盟浙江大学杭州国际科创中心/硅及先进半导体材料全国重点实验室杨德仁院士团队，兼聘至浙江大学材料学院。研究方向包括新型光电半导体材料及其在太阳能电池、光电探测器等器件中的应用。目前，主持海外优青（顶额资助）、国家自然科学基金青年/面上项目在内的多项国家级科研项目。近些年，以一作/通讯在 Science, Nature Photonics, Nature Reviews Chemistry, Nature Communications, Joule，Adv. Mater., JACs, Angew. 等重要期刊发表论文50余篇，1 篇论文获“2019 年中国百篇最具影响国际学术论文”。申请发明专利16项，已获授权发明专利 7 项。2019 年获西安交通大学和陕西省优秀博士论文，2024年获上海市自然科学一等奖。 余学功（教授），浙江大学材料学院教授、博士生导师，国家杰出青年基金获得者，硅及先进半导体材料全国重点实验室副主任。主要从事半导体材料及器件的研究，承担/主持国家科技支撑计划重点项目课题、国家重点研发计划课题、国家自然科学基金等项目10多项，作为主要骨干参与了国家重大专项、国家自然科学创新群体等项目。曾获国家技术发明二等奖1项、国家自然科学二等奖1项、省科学技术一等奖5项、省科学技术二等奖1项。在Nature photonics、Nature Communication、Advanced Materials等国际期刊上发表SCI论文200多篇；获国家授权发明专利40多项，多项成果实现了产业化应用。2014年获得国家优秀青年基金，2020年获得国家杰出青年基金。目前担任中国光伏行业协会理事、中国有色金属学会半导体材料委员会委员、中国可再生能源学会光伏专委会委员、中国电子材料行业协会理化分析专家委员会委员、“十三五”科技部氢能与可再生能源科技专项指南专家、Springer-nature Publisher旗下硅材料专业期刊Silicon的副主编和Wiley旗下Information and Functional Materials的编委。 二、团队科研方向 1、钙钛矿光电材料微观结构和长期稳定性研究 2、硅基钙钛矿光伏器件的微纳结构调控与模块化制备 3、硅基钙钛矿光电架构与稳定性物理机制探索 三、申请条件 1、 近三年内获得博士学位，年龄原则上不超过35周岁； 2、保证全职从事博士后研究工作； 3、在材料、物理、电子工程、新能源等相关方向有科研背景，具备交叉研究经验者优先； 4、具备较强的独立科研能力和团队协作意识；； 5、具有良好的英文读写与交流能力。",7月11日,浙江大学杭州国际科创中心(以下简称杭州科创中心)是由浙江大学注册举办的事业单位，是新时代杭州市与浙江大学深化全面战略合作的重要项目。杭州科创中心面向国家重大战略和区域经济社会发展需求，聚焦前沿科学研究、颠覆性技术研发、成果转化与产业化三大主体功能，推动基础研究与应用研究、科技创新与产业发展的双向联动，打造长三角一体化高质量发展的重要创新极和杰出人才汇聚地，建设具有世界一流水平、引领未来发展的全球顶尖科技创新中心。,"https://www.zhaopin.com/jobdetail/CCL1242292110J40926253304.htm?refcode=4019&srccode=401901&preactionid=a7c1140f-c46c-45e5-b867-ab342d8bdc77"
2903,技术支持工程师,成都-武侯区,4000-6000元·13薪,四川星峰景晨科技有限公司,"互联网,计算机软件,IT服务",20-99人,未融资,CCL1452448830J40402334516,,7月21日,四川星峰景晨科技有限公司，简称“星峰景晨”，创立于2022年，核心团队来自腾讯、OPPO等大厂，是一家专业从事软件研发、系统集成、项目外包服务、IT咨询规划的高新技术企业。公司专注于智慧政务、综合监管、大数据、移动互联等领域的应用研发，致力于为客户创造价值，为社会创造财富。,"https://www.zhaopin.com/jobdetail/CCL1452448830J40402334516.htm?refcode=4019&srccode=401901&preactionid=a7c1140f-c46c-45e5-b867-ab342d8bdc77"
2904,前端开发,佛山-南海区,1.2-1.6万,广州兴炳科技有限公司,计算机软件,20-99人,,CCL1507046950J40698720706,岗位内容： 1. 开发响应式Web页面和功能组件，确保优秀的用户体验 2. 与后端开发人员合作，实现应用程序的完整性和可维护性 3. 设计和实现复杂的前端UI交互，并在跨浏览器环境中进行测试和故障排除 任职要求： 1. 精通HTML、CSS和JavaScript，并熟悉至少一种主要的前端框架（如React或Angular） 2. 具备良好的沟通能力和团队合作精神，有解决问题的能力和创新思维 3. 至少两年以上相关前端开发工作经验,7月28日,,"https://www.zhaopin.com/jobdetail/CCL1507046950J40698720706.htm?refcode=4019&srccode=401901&preactionid=a7c1140f-c46c-45e5-b867-ab342d8bdc77"
2905,软件测试,深圳-龙岗区,6000-7000元,深圳一七三物联科技有限公司,"计算机软件,互联网",300-499人,C轮,CC847100910J40801287212,一、岗位描述：   1.辅助工程师测试人工智能新品功能性和稳定性；   2.辅助测试工程师，进行测试记录及测试报告；   3.准确的定位及追踪软件问题，解决问题，对测试提出改进意见；   4.按时完成上级及部门其他领导交办的其他临时工作任务。   二、职位要求：   1、大专及以上学历，理工科相关经验优先，可接受优秀人员转型；   2、具有良好的职业操守，工作细心责任心强；   3、具备基本的电脑知识，熟练使用相关办公软件；   4、对互联网IT、计算机行业感兴趣，并打算在IT岗位长期发展；   三、福利待遇：   1、双休制，依法享受国家的法定节假日；   2、快速晋升空间，有效地竞聘晋升制度；   3、签订正式劳动合同，入职包住，享五险一金；   4、每季度员工聚会+员工生日会+节日礼物；   5、组织组织员工参与旅游，体育等业余活动，丰富员工的生活,7月27日,"深圳一七三物联科技有限公司（以下简称“一七三”）核心创始成员、技术骨干均来自运营商管理团队。公司专注于各行业智能设备物联网解决方案,公司面向各大中型企业、设备商提供通信硬件设备、通信模组、数据流量及管理平台等产品整合与技术支撑服务，产品广泛应用于共享业、车联网、安防监控、智慧农业、智能穿戴、智能家居等多重领域。公司旗下有物联网部，电商部，客服部，设计部等核心部门，电商部依托公司核心业务，整合供应链，创立Tove品牌。电商部经过一年多的成长，逐步成长为公司核心利润部门。公司总部座落于深圳前海，并于深圳不同区域设立了分部。公司核心团队深耕通信行及互联网行业10多年，有着丰富的行业渠道资源和深厚技术实力。公司服务企业近万家，与中国移动、中国联通、中国电信三大运营商建立了深度的合作关系，为用户提供完善的技术产品及售前售后支持，实现合作共赢。","https://www.zhaopin.com/jobdetail/CC847100910J40801287212.htm?refcode=4019&srccode=401901&preactionid=a7c1140f-c46c-45e5-b867-ab342d8bdc77"
2906,软件测试,成都-金牛区,9000-11000元·13薪,四川易浩乐科技有限公司,企业服务,20人以下,,CCL1485563260J40762675711,岗位内容： 1. 设计和执行测试用例，并记录测试结果。 2. 分析并报告软件缺陷，包括重现步骤、缺陷严重程度和影响范围。 3. 参与产品设计过程，提供测试建议和反馈。 4. 开发自动化测试脚本和工具。 5. 执行性能和负载测试的任务。 任职要求： 1. 具有大专以上学历，计算机科学或相关领域优先。 2. 熟悉测试方法论和流程，能够编写高质量的测试用例。 3. 熟练使用至少一种自动化测试框架和脚本语言（如Selenium、Python、Robot Framework）。 4. 了解软件开发周期和敏捷开发流程。 5. 优秀的沟通和协作能力，能够与跨部门的团队成员合作。,7月25日,,"https://www.zhaopin.com/jobdetail/CCL1485563260J40762675711.htm?refcode=4019&srccode=401901&preactionid=a7c1140f-c46c-45e5-b867-ab342d8bdc77"
2907,科研人员,南昌-新建区,2.1-2.2万,赣江中药创新中心,"科学技术推广,医药制造,学术/科研",100-299人,未融资,CCL1222865790J40262756401,化学，有机化学，药学，中药化学，分析化学等专业。  单位优势：,11月13日,赣江中药创新中心为省属事业法人机构，主要承担本草物质科学研究设施的预研、建设、运行和管理，并开展相关领域的科学研究工作。中心于2019年4月注册成立，占地60亩，建筑面积4万平方米。现有15个专业研究组、1个工程管理部和4个职能部门，职工总数223人，其中博士及副高以上职称62人，10人入选江西省“双千计划”。中心目标是聚焦中药药效物质基础和安全性的关键科学问题，组织多学科交叉和多层次融合的研究团队，构建本草物质科学研究综合性技术平台，为中药研究和产业技术开发提供综合性平台支撑，推动中药关键科学问题、中药标准化、中药制造技术和中药大数据的科学研究和技术应用，实现中药重大基础科学突破和关键核心技术的发展，推动我国中药大健康产业发展。,"https://www.zhaopin.com/jobdetail/CCL1222865790J40262756401.htm?refcode=4019&srccode=401901&preactionid=a7c1140f-c46c-45e5-b867-ab342d8bdc77"
2908,Java,成都-郫都区,1.5-3万,外企德科数字技术有限公司,专业技术服务,10000人以上,,CCL1480117890J40790998105,1、统招本科及以上学历； 2、熟悉Java/C/C++/Python/GO等其中一种主流开发语言； 3、热衷前沿技术的探索，能快速掌握和理解新技术； 4、有较强的学习能力、良好的团队协作能力、良好的沟通表达能力。  部门亮点：   1、大平台，机会多。   2、岗位全，拼实力，设置前端、后端、开发、算法、AI、运维、安全等等岗位，你想要的，这里统统都有！   3、爱分享，氛围好，经常举行各领域技术分享会，可以和全球的架构专家、互联网大牛、大数据专家、网络安全大咖等面对面交流，兵合一处将打一家，部门之内皆兄弟，把酒言欢话桑麻。   4、肩并肩，手牵手，会给每位新员工分配1名技术导师，优秀的人培养更优秀的你。,2025-07-27 00:25:49,外企德科数字技术有限公司是一家2023年新成立的中外合资企业。成立于2023年11月24日，公司定位：专注于为信息技术企业提供人才及数字技术外包解决方案的中外合资企业。它是由中国人力资源服务行业的FESCO（北京国际人力资本集团）与全球人力资源服务领导者The Adecco Group（德科集团）合资成立的。公司主要提供网络技术服务、软件外包服务、计算机系统服务、技术进出口、软件开发等信息技术相关服务。专注于为信息技术企业提供信息技术类人才及数字技术外包解决方案。,"https://www.zhaopin.com/jobdetail/CCL1480117890J40790998105.htm?refcode=4019&srccode=401901&preactionid=a7c1140f-c46c-45e5-b867-ab342d8bdc77"
2909,科研人员,新乡-红旗区,4000-8000元,河南优良加教育科技有限公司,培训/辅导服务,20-99人,未融资,CC819862260J40676601306,工作内容 1、线上一对一形式的科研论文辅导； 2、评估学生学术背景，根据学生情况提供相应的学术提升意见； 3、指导学生论文选题、写作、修改及大纲调整、修改润色等；  4、对学生提交的论文稿件进行审核，指导学生修改，包括但不仅限于文字、语言、逻辑结构的指导； 5、指导学生确定研究或论文方向及思路，为学生的研究课题提供专业指导和修改见；  6、定期与学生沟通，监督并指导学生完成学术课题。 职位福利：弹性工作、无需坐班   ,7月28日,河南优良加科技发展有限公司以下简称“优良加教育”，专注于成人学历教育提升领域，主做同等学力申硕、MBA、双证在职研究生等各类学术型、专业型硕士及在职博士招生咨询、非全日制考研辅导等业务，招生专业几十个，客户群体广泛，公司致力于教育行业，将深耕教育，精细教育。优良加教育坚持走专业化的高端服务，提高公司项目的全方位综合竞争力。我们的目标是打造一个真正属于教育培训行业的健康、诚信的第三方平台，使得教育行业回归本真，实现健康可持续的发展。优良加教育的企业文化是简单、快乐、尊重、努力、坚持。我们将秉承”好加好，优上优“的原则引领我们的学员走向“学业”和“职业”双提升的目标，定期组织学员开展各种活动，丰富业余生活，积累了宝贵的人脉，开阔视野。欢迎加入优良加教育！,"https://www.zhaopin.com/jobdetail/CC819862260J40676601306.htm?refcode=4019&srccode=401901&preactionid=a7c1140f-c46c-45e5-b867-ab342d8bdc77"
2910,实施工程师,南京-鼓楼区,6000-12000元,江苏中矿大正表面工程技术有限公司,"工程施工,火车站/港口/汽车站/路政,工程施工,建筑工程检测",100-299人,未融资,CC230821230J40688316605,任职条件：,10月15日,公司担当桥梁防护细分领域排头兵和主力军，是江苏省高新技术企业、全国知识产权优势示范企业、江苏省大型钢结构防腐蚀工程中心及徐州表面工程技术研究中心依托平台企业。公司秉承以技术立业，坚定不移地走高新技术发展之路，依靠雄厚的技术研发实力，创造了诸多成果。历获江苏省科学技术一等奖，浙江省科学技术二等奖、湖北省科技进步二等奖，交通运输部李春奖、中国建设工程鲁班奖，中国公路学会科学技术奖特等奖等重要奖项数十项。公司拥有丰富的大跨度公路桥、铁路桥、公铁两用特大桥、超长跨江/海大桥、大跨峡谷桥等桥梁防护施工方面的施工经验和技术储备，达到业内领先水平，市场遍及国内 31个省、自治区、直辖市。公司积极开拓国外市场项目，先后承建了美国、德国、新西兰、挪威以及孟加拉等“一带一路”沿线国家和地区的海外桥梁的防腐涂装工程。公司领先的工艺技术水平、卓越的产品质量和优秀的施工服务，赢得了国内、外客户的交口称赞。江苏中矿大正表面工程技术有限公司创立于 1993年，前身为中国矿业大学表面加工研究所。公司以国家“211工程”“985优势学科创新平台项目”和国家“双一流”建设高校中国矿业大学为依托，致力于大型建构物表面工程领域新技术、新产品的开发应用和工程施工服务，为客户提供大型建构物防护一体化服务。在业务领域上，公司主要聚焦路桥领域，同时开展市政工程、矿山工程等领域防护业务；在业务类型上，公司在开展技术科研、设计咨询、工程及养护服务等单项业务的同时，积极拓展大型建筑构造物全寿命防护一体化服务，目前主要包括：桥梁全寿命防护的设计、科研、工程服务（桥梁缆索防护、钢结构长效防腐涂装、混凝土结构防腐涂装、桥梁除湿、其他特种防护）；大型桥隧工程智能防护系统的集成设计、研发、施工；桥梁腐蚀的监测、监管、维养等多领域、全方位的桥梁安全防护体系建设；结构抗火技术与材料研究、智慧监测预警系统研究、消防应急技术及装备研发等。拥有包括防水防腐保温工程专业承包壹级、消防设施工程专业承包贰级、建筑装修装饰工程专业承包贰级、建筑机电安装工程专业承包叁级在内的多项资质。青山座座皆巍峨，壮心上下勇求索。江苏中矿大正表面工程技术有限公司将朝着“成为大型建构物防护需求的“一站式”领先供应商”的企业愿景，以带动我国防护技术达到国际先进水平为使命，稳固桥梁防护市场，开辟新的技术领域，赓续追求卓越初心，秉承改革创新精神，引领行业走向新的辉煌！,"https://www.zhaopin.com/jobdetail/CC230821230J40688316605.htm?refcode=4019&srccode=401901&preactionid=a7c1140f-c46c-45e5-b867-ab342d8bdc77"
2911,科研人员,杭州-余杭区,3-5万,致真精密仪器(青岛)有限公司,"仪器仪表制造,电子/半导体/集成电路",100-299人,A轮,CC892065920J40741389301,（一）职位介绍 致真精密仪器公司与北航联合开展面向产业的博士后招聘。在校企联合实验室框架下开展研发工作，提供-流的科研平台。研究方向主要面向原子力显微镜的系统设计与开发，包括纳米多探针多物性测试系统、高速原子力显微镜、近场光学系统、拉曼联用等。公司可为其配备-流的工程团队，加速研发过程和成果产业化推广；技术转化后，博士后可享受研发结果分成，产业化公司期权等。享受学校、公司和相应地区的多重福利待遇。  （二）研究方向： 应聘人员应该具备以上学科方向较高的研发水平，包括但不限于：高速AFM系统开发、多探针显微镜设计及开发、近场光学系统、拉曼联用。  具体的博士后研究方向包括：  1.高速原子力显微镜设备开发 开发能够在液体环境下超快速动态成像且分辨率为纳米水平的原子力显微镜。主要研究内容包括高速响应电压放大器、高谐振频率扫描器等核心部件的设计与优化。极小光斑激光器的开发与设计、液相的兼容性设计以及高速鉴相器与振幅检测器的设计与集成。 2. 近场光学系统、拉曼联用 开发与近场光学系统、拉曼联用的原子力显微镜系统。主要研究内容包括探针的*端增强光场设计以及结合AFM探针的*端增强效应，通过局部电磁场增强拉曼散射，实现纳米尺度下的化学成分分析。 3. 纳米多探针多物性测试系统 开发多探针原子力显微镜。主要研究内容包括共聚焦光路设计、多探针独立控制与布局设计、探针切换与集成技术、电学和力学多点同步测量等。 4. 多功能多物性开发 开发基于原子显微镜相关的拓展模式。主要研究内容包括扫描电容显微镜、导电原子力显微镜、电化学扫描探针显微镜、扫描微波阻抗显微镜、扫描热显微镜等。,6月3日,致真精密仪器有限公司以集成电路/半导体/芯片产线测试设备、高端科研仪器研发为主要业务的高科技公司（已获批瞪羚企业，国家高新技术企业，国家专精特新小巨人企业）。公司瞄准国家在高端仪器设备方面的战略定位，面向蓬勃发展的集成电路产业/微纳科学研究对仪器设备的大量需求，通过自主创新和与众多985高校联合开发等方式，对国内尚未实现自主研发能力的科研仪器和关键设备展开工程攻关。自成立以来，研发了系列国内/国际首台套的用于产线和科研的高端设备，包括各种高精度光学、电学测试设备、射频仪器仪表、纳米级形貌表征设备（AFM）、磁性测量领域系列设备、芯片测试机、基于AI的智能仪器等。公司联合多个学科，继续在光学、光电、磁学、低温、自动化等测试设备方面，以及全自动探针台等集成电路测试设备方面开展自主研发和市场推广。公司总部位于青岛，在北京和杭州设立子公司和研发中心，总人数超过100人，其中博士人才占比达到20%，公司主导成立了青岛市集成电路测试设备专家工作站、及市重点实验室和工程中心。员工可以在科研项目中与不同领域的专家共同协作研究，共同成长进步。公司已建成健全的数字化管理体系，标准化生产体系和全国营销网络，得到国内多地政府/创新基金的大力支持，已完成A轮融资，获得芯片领域头部资本中芯聚源投资，行业前景光明广阔。公司将会提供相关学习、专业技能提升及长远发展的机会如下：1.公司由北京某双**高校孵化，是官方认定的学科性公司，建有联合实验室，为博士学历人才提供兼职博导聘用等机会。2.对拥有本科学历的优秀员工提供非全日制研究生培养的机会。3.为优秀人才提供期权激励的机会（已完成首轮激励）。4.先进的实验环境及设备。5.完善的内部技能培训机制（相关专业领域内的博士后、资深专家等担任导师）。6.对于相关专业的博士可提供博士后的入站机会，出站后可选择留公司继续深造。,"https://www.zhaopin.com/jobdetail/CC892065920J40741389301.htm?refcode=4019&srccode=401901&preactionid=a7c1140f-c46c-45e5-b867-ab342d8bdc77"
2912,软件测试,石家庄-桥西区,5000-10000元,石家庄虚构凝聚文化传媒有限公司,网络/信息安全,100-299人,,CC578319480J40762989015,岗位内容：  1. 执行软件测试工作，包括测试用例编写、测试执行、问题跟踪等，确保软件品质。 2. 参与产品设计评审，了解业务需求，提出优化建议。 3. 使用自动化测试工具或开发相应的自动化测试脚本，提高测试效率，缩短测试周期。 4. 持续关注测试领域的新技术和方法，不断提升测试技能和工作效率。 任职要求：  1. 计算机相关专业专科及以上学历；对于无工作经验但其他能力突出者亦可考虑。 2. 熟练掌握至少一种测试工具、至少掌握一种编程语言，熟知测试原理和方法。 3. 具备良好的逻辑思维能力和分析能力，能够快速定位问题，并给出有效的解决方案。 4. 具备较强的沟通协调能力和团队合作精神，积极主动，具有强烈的责任心和进取精神。,7月24日,,"https://www.zhaopin.com/jobdetail/CC578319480J40762989015.htm?refcode=4019&srccode=401901&preactionid=a7c1140f-c46c-45e5-b867-ab342d8bdc77"
2913,测试工程师,苏州-工业园区,7000-10000元,重庆科满福人力资源服务有限公司,企业服务,20-99人,,CCL1487604860J40922160104,【岗位职责】 ： 1、进行新产品研发阶段的测试工作 2、完成新产品的功能测试、可靠性测试、环境测 试、安全测试等技术工作 3、制定测试计划，设计测试用例，分析测试数 据，编制测试报告 4、为其他部门提供技术支持，与其他部门的产品 联合测试工作 ,6月28日,,"https://www.zhaopin.com/jobdetail/CCL1487604860J40922160104.htm?refcode=4019&srccode=401901&preactionid=a7c1140f-c46c-45e5-b867-ab342d8bdc77"
2914,技术支持工程师,长春-南关区,4000-6000元,吉林省瑞晟智能设备有限公司,"人工智能,智能硬件",20-99人,不需要融资,CCL1472967510J40552359607,产品研发：负责物联网服务应用平台产品的研发，并提供技术支持。这可能涉及到架构设计，包括体系结构、标准和功能模块的设计，以及详细的系统和功能开发。,6月16日,瑞晟智能科技成立于2017年，是面向全国乃至全球的智能制造产业配套服务商。公司从成立至今一直致力于为智能设备生产商以及需要进行自动化改造的制造型企业提供人才培养、技术支持以及自动化解决方案等配套服务，为自动化企业输送人才，提供技术服务；为客户提供专业的人才培养解决方案和落地服务。经营范围包括人工智能基础软件开发；人工智能公共服务平台技术咨询服务；人工智能硬件销售；技术服务、技术开发、技术咨询、技术交流、技术转让、技术推广；信息技术咨询服务；移动通信设备制造；人工智能行业应用系统集成服务；人工智能应用软件开发；人工智能通用应用系统；招投标代理服务；信息系统集成服务；软件外包服务；软件开发；计算机软硬件及辅助设备批发；计算机软硬件及辅助设备零售；计算机软硬件及外围设备制造；电子专用设备销售；电子元器件制造；电子、机械设备维护（不含特种设备）。,"https://www.zhaopin.com/jobdetail/CCL1472967510J40552359607.htm?refcode=4019&srccode=401901&preactionid=a7c1140f-c46c-45e5-b867-ab342d8bdc77"
2915,软件测试,西安-雁塔区,1.2-1.6万,四川若扬企业管理咨询有限公司,企业服务,20-99人,,CCL1506191320J40867331415,岗位内容： 1. 设计和执行测试用例，并记录测试结果。 2. 分析并报告软件缺陷，包括重现步骤、缺陷严重程度和影响范围。 3. 参与产品设计过程，提供测试建议和反馈。 4. 开发自动化测试脚本和工具。 5. 执行性能和负载测试的任务。 任职要求： 1. 具有本科以上学历，计算机科学或相关领域优先。 2. 熟悉测试方法论和流程，能够编写高质量的测试用例。 3. 熟练使用至少一种自动化测试框架和脚本语言（如Selenium、Python、Robot Framework）。 4. 了解软件开发周期和敏捷开发流程。 5. 优秀的沟通和协作能力，能够与跨部门的团队成员合作。,7月23日,,"https://www.zhaopin.com/jobdetail/CCL1506191320J40867331415.htm?refcode=4019&srccode=401901&preactionid=a7c1140f-c46c-45e5-b867-ab342d8bdc77"
2916,前端开发,上海-浦东新区,2-4万·16薪,陕西慧云联达企业管理咨询有限公司,人力资源服务,20-99人,不需要融资,CCL1445845820J40760528805,岗位职责 1.负责前端应用的设计、开发； 2.对前端应用进行性能分析和优化； 3.制定性能优化方案，提升页面加载速度和响应速度； 4.优化前端资源加载和缓存策略； 任职要求 1.统招本科计算机相关专业本科及以上学历； 2.对前端性能优化有深入研究和实践经验； 3.熟练使用性能分析工具，能够定位并解决性能瓶颈； 4.具备良好的沟通能力和团队协作精神； 5.有大型项目性能优化经验者优先。,6月11日,陕西慧云联达企业管理咨询有限公司成立于2022年9月，是一家集高端猎头服务与专业代理记账报税业务于一体的综合性企业服务提供商。自成立以来，我们秉承“智聚英才，财通未来”的企业理念，致力于为国内外企业客户提供精准高效的人力资源解决方案及一站式财务管理服务，助力企业稳健成长，共创辉煌。,"https://www.zhaopin.com/jobdetail/CCL1445845820J40760528805.htm?refcode=4019&srccode=401901&preactionid=a7c1140f-c46c-45e5-b867-ab342d8bdc77"
2917,技术支持工程师,西安-莲湖区,6000-8000元,位来小猎(宁波)信息技术有限公司,"计算机软件,专业技术服务",100-299人,A轮,CCL1320375780J40755845707,职位描述  1、负责火山引擎大模型产品的售后服务支持，为客户提供高效优质的服务体验；  2、协助客户解决在使用大模型相关产品(方舟/扣子专业版)时遇到的产品咨询、操作指导、异常排查等各类问题；  3、收集用户反馈信息，汇总提炼，推动产品不断优化；  4、负责快速响应客户问题，针对复杂问题，与技术专家或者研发直接合作，确保问题得到高效解决；  5、负责帮助团队沉淀知识库与技术文档，协助管理者推进流程以及工具体系的优化完善。  职位要求  1、本科及以上学历，云计算技术背景、AI或大模型相关领域优先，接受应届生；  2、具备出色的沟通能力以及良好的客户服务意识，拥有高度的工作责任心和主动性，能够有力推动客户问题的有效解决；  3、熟练使用 Postman 等测试工具调试 API 接口，掌握 Python/Go/Java 中任意一门语言者优先；  4、熟悉 Coze（扣子）、Dify 等 agent 平台，有过 Bot 搭建经验者优先；  5、熟悉 Prompt 调优，了解 RAG、FunctionCall、SFT 等技术，有大模型领域应用作品者优先；  6、熟悉 Linux 系统，持有 ACP、RHCE、HCIE、CKA 等云计算或者操作系统厂商认证者优先。,7月1日,位来小猎成立于2018年1月，2019年6月完成A轮融资；聚焦行业精华，利用后发优势，在1年以内成为行业黑马公司。核心团队成员均有十年以上的人力资源经验，具备丰富的人力资源专业知识和项目实践，服务众多500强企业和知名互联网公司。位来小猎掌握专业领域核心资源，团队迅速扩张，以北京为中心，在全国建立了10家分公司及办事处，业务覆盖全国。现有300+名员工，派遣、外包员工10000+名；服务客户包括国家体育总局，百度，网易，物美多点，美团，字节跳动，喜马拉雅，作业帮，得物，VIPKID，瓜子，京东，拼多多，喜茶，中国人保等。位来小猎以互联网为载体，依托于位来小猎平台、微信公众号、入职有赏微信小程序上活跃的海量求职者资源，核心业务包括人才外包、专业招聘、业务外包、转编服务和灵活用工等。服务行业涉及全国各领域，其中包括社交电商，旅游酒店，互联网（教育），新零售，金融和国家单位等。位来小猎以“把求职者的未来当做自己的未来”为核心价值，希望通过我们专业的服务和不懈的努力，帮助求职者找到更合适、更有发展前景的工作，破冰职场迷茫，为未来指引方向。一直以来，位来小猎秉承以专业诚信为核心，在专注人力资源服务的同时，为众多求职者解决就业问题，优质、用心的服务赢得了众多用户的好评与信赖。除此之外，公司还建立了完善的服务体系，为求职者在工作中遇到的所有问题和困难提供指导帮助。我们相信，通过我们的不断努力和追求，一定能够创造我们和求职者更好的未来！,"https://www.zhaopin.com/jobdetail/CCL1320375780J40755845707.htm?refcode=4019&srccode=401901&preactionid=a7c1140f-c46c-45e5-b867-ab342d8bdc77"
2918,软件测试,贵阳-南明区,1.1-1.2万·13薪,贵州鑫航睿电气科技有限公司,电气机械/电力设备,20-99人,,CCL1503835600J40760831511,岗位内容： 1. 设计并执行测试用例，记录测试结果并准备测试报告。 2. 协调开发人员、项目经理和测试团队成员，以确保遵守时间表和产品质量标准。 3. 使用自动化测试框架和工具来提高测试效率和覆盖率。 4. 不断改进测试流程和方法，以提高质量和效率。 5. 关注产品质量和客户需求，确保稳定、可靠和用户友好的软件交付。 任职要求： 1. 熟悉软件测试方法和流程。 2. 掌握至少一种自动化测试框架和脚本语言（如Selenium、Python、Robot Framework）。 3. 具备良好的团队合作精神和沟通能力。 4. 能够承受压力，在快节奏的环境中高效工作。 5. 有问题解决的能力和主动学习的态度。,7月24日,,"https://www.zhaopin.com/jobdetail/CCL1503835600J40760831511.htm?refcode=4019&srccode=401901&preactionid=a7c1140f-c46c-45e5-b867-ab342d8bdc77"
2919,测试工程师,成都-郫都区,8000-13000元,重庆科满福人力资源服务有限公司,企业服务,20-99人,,CCL1487604860J40929164404,【岗位职责】 ： 1、进行新产品研发阶段的测试工作 2、完成新产品的功能测试、可靠性测试、环境测 试、安全测试等技术工作 3、制定测试计划，设计测试用例，分析测试数 据，编制测试报告 4、为其他部门提供技术支持，与其他部门的产品 联合测试工作,7月7日,,"https://www.zhaopin.com/jobdetail/CCL1487604860J40929164404.htm?refcode=4019&srccode=401901&preactionid=a7c1140f-c46c-45e5-b867-ab342d8bdc77"
2920,软件测试,威海-环翠区,7000-12000元,新北洋,"电子/半导体/集成电路,仪器仪表制造",1000-9999人,已上市,CC146106613J90250957000,基本技能： 1、 至少掌握一种测试工具和管理系统（禅道/CC/CQ、QTP、TestManager/TD）等 2、 对于业界通用的测试自动化工具或平台(如QTP/Winrunner/Robot/Loadrunner等)有实际实践经验 3、 熟练掌握至少一门脚本开发语言(如shell/tcl/perl/ruby/python/vbscript)，了解掌握Java或C#编程。 4、 熟悉Linux或Windows Server操作系统，熟练掌握常见服务器的搭建和维护，如Jboss、Tomcat、WAS等；有持续集成测试环境实际应用的优先考虑； 执行力强，细心。逻辑清晰，沟通表达能力强，吃苦耐劳，责任心强；   职位福利：五险一金、绩效奖金、采暖补贴、定期体检、免费班车、员工旅游、高温补贴、节日福利,7月24日,山东新北洋信息技术股份有限公司（新北洋）成立于2002年12月，注册资本6.66亿元。公司专业从事智能设备/装备的研发、生产、销售和服务，面向全球各行业提供领先的产品和完整的一站式应用解决方案。2010年3月23日，在深圳证劵交易所中小企业板正式挂牌上市，股票代码“002376”。新北洋在全球设有10家子公司，是国家规划布局内重点软件企业、高新技术企业、首批国家技术创新示范企业、中国电子信息行业创新能力五十强企业，拥有“国家认定企业技术中心”“专用打印技术及集成国家地方联合工程实验室”，连续四年入选“央视财经50指数”样本公司并荣获“十佳创新上市公司”称号。新北洋以自主掌握的智能设备/装备领域核心技术为基础，致力于各行业信息化、自动化产品及解决方案的创新，形成了从关键基础零件、部件、整机到系统集成终端完整的产品系列。新北洋智能设备/装备解决方案包括智慧金融、智能物流、智能零售、传统智能终端四大类业务。新北洋拥有中国企业在专用打印扫描领域最多的专利技术。截止2019年底，累计申请专利2733项，其中发明1195项（含国际发明461项），累计授权专利1755项（其中发明专利395项）；拥有软件产品登记证131项，获得计算机软件著作权249项；累计主持/参与制定国家及行业标准35项。新北洋总部位于山东威海，在北京、上海、深圳、西安等地设有研发中心，在北美、欧洲、日本设有分支机构，具备完整的研发机构全球化布局。,"https://www.zhaopin.com/jobdetail/CC146106613J90250957000.htm?refcode=4019&srccode=401901&preactionid=a7c1140f-c46c-45e5-b867-ab342d8bdc77"
2921,测试工程师,合肥-肥西县,5000-8000元·14薪,合肥方元微波有限公司,电子/半导体/集成电路,20-99人,未融资,CC174839520J40431324907,本科以上学历，电子信息相关专业，发展方向研发部射频设计及射频调试职位福利：绩效奖金、带薪年假、包吃、加班补助、年底双薪、交通补助、全勤奖、周末双休  ,4月16日,合肥方元微波有限公司成立于2003年10月，现坐落于安徽省最大的高新技术产业化基地——合肥市高新技术产业开发区柏堰科技实业园，办公面积2000多平方米，注册资金800万元，固定资产投入约1500万元。配有生产、检测、试验设备多达40余台，拥有高技术人才研发核心团队与管理团队，技术底蕴深厚，其中本科以上学历占58%，技术研发人员占41%。公司坚持以人为本，重视人才的引进、培养，拥有较为完整的科研研发队伍，现有专业技术及管理人员40余人，公司员工平均年龄30岁，呈现出朝气蓬勃的生机和活力，为公司的高速、持续发展提供了可靠的保证。公司专注于微波收发类产品的研发、生产、销售与服务。精细打造微波器件、微波组件、微波系统件等十多个品种的高科技产品，广泛应用于气象雷达、车载导航、电信通信等领域。目前，公司致力于不断完善管理机制，吸引优秀人才，树立竞争意识，发展品牌战略，研制并开发高科技产品。公司地址：合肥市高新区香樟大道与杨林路交叉口168号柏堰科技实业园c2栋四楼。合肥方元微波有限公司成立于2003年10月，现坐落于安徽省最大的高新技术产业化基地——合肥市高新技术产业开发区柏堰科技实业园，办公面积2000多平方米，注册资金800万元，固定资产投入约1500万元。配有生产、检测、试验设备多达40余台，拥有高技术人才研发核心团队与管理团队，技术底蕴深厚，其中本科以上学历占58%，技术研发人员占41%。公司坚持以人为本，重视人才的引进、培养，拥有较为完整的科研研发队伍，现有专业技术及管理人员40余人，公司员工平均年龄30岁，呈现出朝气蓬勃的生机和活力，为公司的高速、持续发展提供了可靠的保证。公司专注于微波收发类产品的研发、生产、销售与服务。精细打造微波器件、微波组件、微波系统件等十多个品种的高科技产品，广泛应用于气象雷达、车载导航、电信通信等领域。目前，公司致力于不断完善管理机制，吸引优秀人才，树立竞争意识，发展品牌战略，研制并开发高科技产品。公司地址：合肥市高新区香樟大道与杨林路交叉口168号柏堰科技实业园c2栋四楼。,"https://www.zhaopin.com/jobdetail/CC174839520J40431324907.htm?refcode=4019&srccode=401901&preactionid=a7c1140f-c46c-45e5-b867-ab342d8bdc77"
2922,硬件测试,深圳-龙岗区,4000-6000元,深圳市天星一路科技有限公司,计算机软件,20-99人,,CCL1486091220J40622363811,岗位职责： 1、负责组织技术部各类国内外会议，编写会议纪要； 2、负责技术部合同收发和管理； 3、负责各类技术部相关费用维护和报销； 4、协助技术总监跟进项目进度，给予项目支持，及时汇报项目情况； 5、技术部日常事宜的处理，完成领导下发的任务。 任职要求： 1、大专及以上学历，学信网可查，金融、英语、计算机相关专业优先； 2.年龄18到30 3、熟悉掌握计算机操作和办公软件； 4、对跨境支付、跨境金融行业有热情，有跨境支付经验优先，有项目管理经验优先； 5、逻辑思维清晰，理解能力较好，乐观积极； 6、学习能力较强、责任心和主动性强，有良好的沟通表达能力及团队协调能力。,5月29日,,"https://www.zhaopin.com/jobdetail/CCL1486091220J40622363811.htm?refcode=4019&srccode=401901&preactionid=a7c1140f-c46c-45e5-b867-ab342d8bdc77"
2923,科研人员,海口-龙华区,5000-8000元,中国建筑科学研究院有限公司,"建筑设计,学术/科研",1000-9999人,未融资,CC148194170J40529573002,【岗位描述】 1.组织科研课题的申报、管理和结题等工作； 2.做好科研课题人员、专家、经费等协调工作； 3.制定科研课题进展计划，协调组织落实科研工作； 4.做好科研文件整理和归档工作以及科研管理平台的管理与更新工作； 5.了解行业领先科技进展，组织参加学术活动，定期组织召开立项研讨会； 6.完成领导安排的其他科研管理工作。 【任职要求】 1.硕士及以上学历，建筑学、能源环境、暖通、结构工程、给排水等相关专业应届毕业生优先； 2.研究生期间或工作中参与过国家级、省部级、市级课题或科研项目的优先，发表过核心期刊论文的优先； 3.参与过韧性城市或者会使用SWMM、CFD、OpenSees其一的优先； 4.熟练使用office等办公软件及Autocad、photoshop等绘图软件； 5.有良好的文笔功底，能够独立撰写科研材料，了解行业发展趋势及政策； 6.具有较强的逻辑思维和数据处理分析能力，工作主动性强，具备良好沟通协调能力、抗压能力及团队协作能力。,7月25日,中国建筑科学研究院创建于1953年，原为建设部直属最大的综合性科学研究机构，2000年10月转制为科技型中央企业，现隶属国务院国有资产监督管理委员会管理。中国建筑科学研究院以建筑工程为主要研究对象，面向全国的建设事业，以应用研究和开发研究为主，致力于解决我国工程建设中的关键技术问题；负责编制与管理我国主要的工程建设技术标准和规范；开展行业所需的共性、基础性、公益性技术研究；承担国家建筑工程、空调设备、太阳能热水器、电梯、化学建材、建筑节能的质量监督检验和测试任务。科研及业务工作涵盖建筑结构、工程抗震、地基基础、建筑环境与节能、建筑软件、建筑设计、城市规划、建筑机械化、建筑防火、施工技术、建筑材料等专业中的70多个研究领域，近年来又加强了绿色建筑成套技术、新能源应用技术、防灾减灾技术以及智能化集成技术等的研究与开发，形成了集科研开发、科技服务、综合设计、规划、勘察、建设工程质量与产品检测、高新技术及产品研发生产、工程承包为一体的多元化发展格局。中国建筑科学研究院拥有雄厚的科技实力和优秀的人才队伍。建院以来共完成科研成果3318项，完成标准规范编制、修订项目816项，其中荣获国家奖96项，各类省部级科技进步奖517项，获得专利417项；拥有中国工程院院士1人，全国工程勘察设计大师2人，国家级有突出贡献专家9人，百千万人才工程国家级人选5人，享受政府特殊津贴的专家88人；我院是全国首批获得博士学位授予权的单位之一，具有土木工程一级学科博士、硕士学位授予权和建筑技术科学二级学科硕士学位授予权，建有土木工程博士后科研流动站，博士生导师28人，硕士生导师80余人。中国建筑科学研究院热忱欢迎有志于建筑科技事业的优秀人才的加盟。,"https://www.zhaopin.com/jobdetail/CC148194170J40529573002.htm?refcode=4019&srccode=401901&preactionid=a7c1140f-c46c-45e5-b867-ab342d8bdc77"
2924,技术支持工程师,常州-武进区,8000-12000元·13薪,江苏励为激光智能装备有限公司,"专用设备制造,专用设备制造",20-99人,未融资,CCL1363690460J40188708010,工作内容： 1、日常客户样品打样，制作打样报告； 2、新激光应用工艺开发及导入； 3、售前参与客户的技术方案讨论，为客户提供激光工艺应用技术解决方案； 4、售后工艺技术支持；包括在客户现场的设备调试及培训工作； 5、完成激光加工数据报告，撰写相关激光应用短文，为销售和市场推广提供方案。 要求： 1、理解激光和激光加工原理，理解激光与材料相互作用原理，紫外激光，纳秒和皮秒激光器精密加工应用经验者优先，欢迎应届毕业生加入； 2、2D绘图软件，至少会一种如AutoCAD，CorelDraw; 3D后处理软件，至少会一种如UG，MasterCAM； 娴熟的掌握Word软件，Excel软件； 3、基本的测量设备操作，如二次元测量仪，共聚焦显微镜等； 4、激光，材料，机电，光学等相关专业。,12月13日,励为激光智能装备公司成立于2016年，总部位于江苏省武进湖塘科技产业园A3栋。是一家专注于激光智能装备研发和制造的企业。已有激光切割，激光焊接，激光钻孔等多种装备服务于多家上市公司，及其他业内优秀企业。主要服务行业有3C，新能源，医疗器械等。,"https://www.zhaopin.com/jobdetail/CCL1363690460J40188708010.htm?refcode=4019&srccode=401901&preactionid=a7c1140f-c46c-45e5-b867-ab342d8bdc77"
2925,Java,西安-雁塔区,1.5-3万,外企德科数字技术有限公司,专业技术服务,10000人以上,,CCL1480117890J40607770405,岗位职责 1、负责公有云、混合云数据库服务的运维、运营、体验类功能的设计与开发 2、负责打造相对其他云厂商&服务更有竞争力的产品与体验 3、工作模式以互联网开发模式为主，整体架构为前端展示+后端服务调度+服务核心运维的经典三层架构 岗位要求 1、计算机、软件、通信等相关专业本科及以上学历; 2、热爱编程，基础扎实，熟悉掌握但不限于JAVA/C++/C/Python/JS/ HTML/GO等编程语言中的一种或数种，有良好的编程习惯; 3、具备独立工作能力和解决问题的能力、善于沟通，乐于合作，热衷新技术，善于总结分享，喜欢动手实践; 4、对数据结构、算法有一定了解;,2025-07-27 00:23:23,外企德科数字技术有限公司是一家2023年新成立的中外合资企业。成立于2023年11月24日，公司定位：专注于为信息技术企业提供人才及数字技术外包解决方案的中外合资企业。它是由中国人力资源服务行业的FESCO（北京国际人力资本集团）与全球人力资源服务领导者The Adecco Group（德科集团）合资成立的。公司主要提供网络技术服务、软件外包服务、计算机系统服务、技术进出口、软件开发等信息技术相关服务。专注于为信息技术企业提供信息技术类人才及数字技术外包解决方案。,"https://www.zhaopin.com/jobdetail/CCL1480117890J40607770405.htm?refcode=4019&srccode=401901&preactionid=a7c1140f-c46c-45e5-b867-ab342d8bdc77"
2926,Java,包头-None,7000-14000元,东华医为科技有限公司,"IT服务,IT服务",1000-9999人,未融资,CC649781480J40075962505,技能要求：,2025-07-27 00:22:02,东华医为科技有限公司（简称东华医为）成立于2012年5月，注册资金5000万，是东华软件股份公司旗下专业服务医疗、卫生等大健康领域IT业务的全资子公司。东华医为现有员工2000余人，其中技术人员占比达到90%，拥有近100项大健康类自主知识产权的软件产品，所覆盖的大健康领域有医疗机构、卫生管理机构、互联网医疗、人工智能、大数据、健康管理等，所涉及的主要业务有IT咨询规划、方案设计、系统集成、软件开发与交付、工程实施与交付、人才培养、售后运维、合作运营等。东华医为现为全国500余家大健康领域的各类用户提供着持续的技术服务，还连续多年蝉联中国十佳医疗行业解决方案商榜首。传承了东华软件医疗卫生事业部近二十年IT业务的东华医为，在高速发展的大健康领域，笃定能大有作为。,"https://www.zhaopin.com/jobdetail/CC649781480J40075962505.htm?refcode=4019&srccode=401901&preactionid=a7c1140f-c46c-45e5-b867-ab342d8bdc77"
2927,实施工程师,济南-长清区,5000-8000元,山东北辰机电设备股份有限公司,电气机械/电力设备,500-999人,已上市,CC408981010J40789707605,岗位职责：1、负责公司软件的实施工作，配合项目经理进行客户需求调研、项目推进；   2、用户现场安装部署软件产品、培训、反馈搜集，能在公司平台上进行表单报表配置工作；   3、负责记录解答用户提出的问题，以及简单问题处理；   3、协助项目经理编写项目文档。     任职要求：   1、统招本科及以上学历，计算机类、理工类相关专业，优秀应届生亦可   2、沟通协调能力强，可独自对接各部门工作   3、熟悉SQL Server、Oracle等数据库，掌握SQL语言   4、熟悉Python、Java开发     福利待遇：   双休+五险一金；节日礼品；特价食堂；   晋升渠道：实施工程师/业务工程师-项目经理-业务顾问 ,7月15日,山东北辰机电设备股份有限公司始建于1976年，2015年在新三板挂牌上市（股票代码：835020），是一家专业制造民用核安全设备、军工核安全设备、A1大型高压容器、A1-A6级板式换热器、化工装备和提供AI智慧云清洁能源供暖制冷系统解决方案、余热利用系统解决方案、储能系统解决方案、智慧园区综合能源管理系统解决方案的高新技术企业。公司园区占地368亩，建筑面积8万多平方米，员工600余人。公司拥有一支专业结构合理、实践经验丰富、技术创新能力强的高素质研发团队，拥有40余项专利及27项核心技术。公司被山东省科学技术厅等单位认定为高新技术企业，企业技术中心被山东省经济和信息化委员会认定为省级技术中心，热传导设备工程技术研究中心被山东省科学技术厅认定为省级工程技术研究中心，设计中心被山东省经济和信息化委员会认定为省级工业设计中心，技术研发力量雄厚。,"https://www.zhaopin.com/jobdetail/CC408981010J40789707605.htm?refcode=4019&srccode=401901&preactionid=a7c1140f-c46c-45e5-b867-ab342d8bdc77"
2928,科研人员,石家庄-None,5000-10000元,河北正雍新材料科技有限公司,"非金属矿物制品业,环保",100-299人,不需要融资,CC556169080J40292188709,岗位职责 1.从事氮化硅陶瓷方向研究,7月27日,河北正雍新材料科技有限公司是一家集研发、生产、销售与一体的高科技有限公司。自成立之日起就致力于研究氮化硅陶瓷粉体原料性能、配方、成型工艺、烧结工艺以及陶瓷相关性能，多项技术填补了国内空白，属于国家级高新技术企业。公司总部坐落于石家庄国家级技术开发区，注册资本1000万元。公司主营的高纯氮化硅陶瓷绝缘件、高强氮化硅陶瓷耐磨件等陶瓷制品产品质量达到国内先进水平，并出口日本、欧盟等国家和地区。公司在产品研发上拥有数名研究生学历以上的高素质、高质量研发人员组成的科研团队，在工业化生产上具有二十余名生产经验丰富的技术人员，共同为公司的建设添砖加瓦。公司已承担了多项国家级、省级科研课题，还同清华大学、中科院上硅所等科研院所建立合作关系，创办实验基地。目前，公司已申请发明专利和实用新型专利共15项，其中发明专利2项，实用新型专利13项。河北正雍新材料科技有限公司坚守一个理念：材料改变世界，科技创造未来！河北正雍新材料科技有限公司坚持一种作风：以人为本、以质求存、开拓创新、与时俱进！河北正雍新材料科技有限公司坚定一个目标：诚信赢天下！,"https://www.zhaopin.com/jobdetail/CC556169080J40292188709.htm?refcode=4019&srccode=401901&preactionid=a7c1140f-c46c-45e5-b867-ab342d8bdc77"
2929,Java,东莞-None,1.5-3万·16薪,外企德科数字技术有限公司,专业技术服务,10000人以上,,CCL1480117890J40626146705,"岗位要求： 一、软件开发工程师 1. 热爱编程，熟悉掌握Java/C++/C/Python/Web开发等编程语言中的一种或多种编程语言，扎实的编程功底； 2. 具备良好的独立工作能力和解决问题能力，善于沟通，乐于合作，热衷新技术； 二、软件测试工程师： 1. 热爱编程，熟悉掌握C/C++/Java/Python等编程语言中的一种或多种编程语言，扎实的编程功底； 2.有web开发或测试经验、自动化开发或测试经验者优先。 3.熟练掌握系统测试、功能测试、专项测试、软件测试、韧性测试、安全测试方法中的一种或多种测试方法，有相关测试语言/脚本的编写和实践经验优先，也可接受纯测试经验的。 4.具备良好的独立工作能力和解决问题能力，善于沟通，乐于合作，热衷新技术； 三、算法工程师： 1、熟练掌握Java/C/C++/Python其中一个或多个编程语言，有扎实的编程功底； 2、熟悉机器学习、深度学习或图像算法。 四、数据开发工程师 1、参与或负责大数据的采集、存储、处理、通过分布式大数据平台加工数据，数据驱动运营; 2、参与或负责大数据仓库的设计、开发、维护,通过数据仓库和数据治理体系有效的管理和组织P级数据,提升数据质量和数据开发效率; 3、较强的动手能力和学习能力,熟悉一门数据处理语言,如JAVA、 SQL、Python 等; 4、深入理解 Map-Reduce 模型和Hadoop、 Spark、FIink、MPP DB等大数据和仓库相关知识 公司福利： 1. 底薪+绩效+项目奖金+年终奖； 2. 全额缴纳五险一金； 3.一年数次考评，薪资可上浮~ 4.带薪年假5-15天，双休； 5.享有健身房、班车、加班打车报销等软性福利。",2025-07-27 00:23:23,外企德科数字技术有限公司是一家2023年新成立的中外合资企业。成立于2023年11月24日，公司定位：专注于为信息技术企业提供人才及数字技术外包解决方案的中外合资企业。它是由中国人力资源服务行业的FESCO（北京国际人力资本集团）与全球人力资源服务领导者The Adecco Group（德科集团）合资成立的。公司主要提供网络技术服务、软件外包服务、计算机系统服务、技术进出口、软件开发等信息技术相关服务。专注于为信息技术企业提供信息技术类人才及数字技术外包解决方案。,"https://www.zhaopin.com/jobdetail/CCL1480117890J40626146705.htm?refcode=4019&srccode=401901&preactionid=a7c1140f-c46c-45e5-b867-ab342d8bdc77"
2930,软件测试,天津-西青区,100-200元/天,中教智网(北京)信息技术有限公司,"专业技术服务,专业技术服务",300-499人,未融资,CCL1269516960J40797195312,一、岗位职责： 1、根据项目文档、需求说明、概要设计等，完成测试计划、方案、用例； 2、按照公司制定的工作流程协助测试工程师完成系统的功能、性能测试工作； 3、与开发、产品人员进行沟通，保证项目的顺利上线、迭代； 4、完成线上产品的跟踪测试，及时提交问题反馈，协助产品改进。 二、任职要求： 1、统招本科或以上学历，2026年应届毕业生，计算机或软件相关专业； 2、了解软件测试流程、软件测试理论和方法，能基本运用流行测试工具； 3、良好的业务理解力，擅长与人交流；工作认真负责，有快速学习和探索能力； 4、有责任心，敢于担当，工作积极主动；具备良好的团队合作精神，能快速融入团队并与其他部门同事进行良好的沟通协作。 ,7月18日,中教智网（北京）信息技术有限公司是一家对接各类院校和教育需求者的垂类教育服务企业。公司业务发展稳定靠谱，是已经具备良好盈利能力及正向现金流的优质企业。公司业务发展源自“中国教育和科研计算机网CERNET”的信息服务业务，目前主要拥有掌上高考、掌上考研、掌上职教、就业桥等品牌，一方面为考生和家长提供升学、择校、招考、就业数据和资讯服务，另一方面为国内各大高校、科研院所、教育机构等提供了从招生宣传、就业创业、教育智库到信息化管理应用的多元化服务。公司布局八个大区，在28个省份建设了分支服务机构，拥有一支专业、素质过硬的软硬件技术、运营管理、精准服务团队，自主研发专利、平台类软件著作权多项，是国家高新、地方专精特新企业，为全国2700余所高校、800余所研招单位、近5000所高中、8000余所中职院校提供教育数字化、信息技术赋能。公司以“为中国教育赋能“为使命，以”胸怀追求卓越、必争第一”为愿景，秉承简单做事、清白做人的价值观。竭诚欢迎各位有志之士加盟。,"https://www.zhaopin.com/jobdetail/CCL1269516960J40797195312.htm?refcode=4019&srccode=401901&preactionid=a7c1140f-c46c-45e5-b867-ab342d8bdc77"
2931,科研人员,北京-丰台区,1-2万,首都医学科学创新中心,"学术/科研,学术/科研",300-499人,不需要融资,CCL1464242520J40767072402,孙少聪实验室致力于研究肿瘤免疫的分子机制，专注于T细胞的功能与调节。我们运用免疫学和分子生物学前沿手段以及小鼠模型研究T细胞的活化，效应功能，和耗竭以及肿瘤微环境对T细胞功能的影响。孙教授在该领域已经做出了许多影响深远的贡献，并确立了自己作为国际公认的领导者的地位。我们的工作也具有很好的转化性前景，对药物开发和疾病治疗有重要指导作用。 岗位职责： 1. 试验小鼠管理和基因型鉴定； 2. 协助团队开展课题研究，包括小鼠实验； 3. 实验室常用试剂配制和管理。   应聘要求： 1. 具有生命科学本科及以上学历； 2. 具有分子生物学，细胞生物学，和小鼠实验等相关专业背景； 3. 有小鼠管理和基因敲除小鼠鉴定经验者优先考虑； 4. 具有独立的实验动手能力，积极解决问题的能力，责任心强。,7月9日,"首都医学科学创新中心[Chinese Institutes for Medical Research(CIMR), Beijing]（简称创新中心）是北京市新成立的具有独立法人资格的新型研发机构。创新中心以推动医学科学发展、改善人类健康为目标，开展生物医学研究，致力于提升医学科学创新与成果转化能力，提高疾病诊断和治疗水平。我们将汇聚世界高水平科学家，与首都医学教育和科学研究优质资源紧密合作，打造多学科交叉融合的科研平台，综合自由探索、医学目标导向、有组织科研等途径，实践新型科研模式和体制机制，逐步推进医教研产的深度融合，培养适应医学科学创新发展的优秀人才。","https://www.zhaopin.com/jobdetail/CCL1464242520J40767072402.htm?refcode=4019&srccode=401901&preactionid=a7c1140f-c46c-45e5-b867-ab342d8bdc77"
2932,科研人员,合肥-瑶海区,5000-8000元,安徽省皖农种业有限公司,农/林/牧/渔,100-299人,已上市,CC367531420J40629616911,岗位职责： 1、水稻、小麦、玉米、大豆新品种选育及高产栽培技术研究工作（其他方向不考虑），玉米方向优先考虑。 2、无种子科研田间实践或实习经验者勿投递。   任职资格： 1、2025届应届毕业生，农学、植保相关专业，硕士研究生及以上学历。 2、吃苦耐劳，热爱农作物新品种选育及高产栽培技术研究工作。 职位福利：五险一金、员工宿舍、员工食堂、交通补助、通讯补助、带薪年假、年终奖金、健康体检。   ,7月21日,安徽省皖农种业有限公司创建于一九九九年，主营杂交水稻、常规粳稻、小麦和大豆等种子业务，是国家级种业龙头企业荃银高科全资子公司，先正达集团中国成员企业。公司在集团公司和董事会领导下，设十部一所一室、安徽省东昌农业科技有限公司一个全资子公司和安徽荃银兴大种业有限公司一个控股子公司。在全国各稻麦主产区拥有一千多个市场合作伙伴，每年销售种子约五千万公斤，年销售收入超三亿元，是荃银集团乃至国内种业市场最活跃的种业团队之一。引领农业，造福社会！在荃银高科和先正达品牌赋能下，皖农种业以奋斗者为本，以诚信共赢、开放创新的胸怀，助力乡村振兴。密切联系广大农民，持续追求卓越，创造长期价值，努力成为保障粮食安全和引领农民共同富裕的现代化种子企业。,"https://www.zhaopin.com/jobdetail/CC367531420J40629616911.htm?refcode=4019&srccode=401901&preactionid=a7c1140f-c46c-45e5-b867-ab342d8bdc77"
2933,C/C++,北京-海淀区,200-250元/天,北京创衡控制技术有限公司,"船舶/航空/航天/火车制造,计算机软件",20-99人,,CC428792380J40826993208,主要工作内容：项目联试、文档编写；  要求：硕士，熟悉C++或Python编程，有熟悉图像处理者优先；   待遇：不低于5000元/月，视工作量定。,2025年07月29日,无人机科技类公司，国家高新技术企业，通过ISO9001认证；办公地点位于北京海淀核心区与沙河高教园区；公司技术积累20多年，与多所高校和科研院所均有紧密联系，产学研一体；目前的研发和生产技术水平处于国内领先行列；公司拥有非常优秀的团队，成立以来发展良好，业内知名度高。欢迎肯于吃苦，想在无人机行业长期发展的年轻人加入我们的团队！,"https://www.zhaopin.com/jobdetail/CC428792380J40826993208.htm?refcode=4019&srccode=401901&preactionid=a7c1140f-c46c-45e5-b867-ab342d8bdc77"
2934,C/C++,西安-雁塔区,6000-9000元,软通动力信息技术(集团)股份有限公司,"互联网,IT服务,计算机软件",10000人以上,D轮及以上,CC000544460J40736931516,岗位职责： 1. 负责物料管理工具的开发与维护。 2. 使用C++和Python进行软件开发。 3. 参与项目需求分析与设计。 4. 完成编码、测试、上线等软件开发工作。 岗位要求： 1. 熟悉C++和Python编程语言。 2. 具备软件开发相关经验。 3. 了解物料管理流程和工具。 4. 有良好的团队合作精神和沟通能力。,7月29日,软通动力信息技术（集团）股份有限公司（以下简称“软通动力”）是中国数字技术产品和服务创新领导企业，致力于成为一家具有全球影响力的科技企业，企业数字化转型可信赖合作伙伴。公司2005年成立于北京，多年来始终坚持科技创新，具有软硬全栈的智能技术产品和服务能力，提供软件与数字技术服务、计算产品与数字基础设施、数字能源与智算服务以及国际化服务。目前，公司在10余个重要行业服务超过1100家国内外客户，其中超过230家客户为世界500强或中国500强企业，员工近90000人。软通动力拥有软通咨询、软通金科、软通工业互联、机械革命、软通华方等业务子品牌，并在全球40余个城市布局业务，构建北美、日本、东南亚、中东四大国际交付中心，在北京城市副中心、江苏无锡建设两大智能制造基地。同时，公司前瞻布局智能制造、ICT软硬基础能力和生产力智能化产品，打造产业链闭环。软通动力设立30个能力中心，拥有1个国家级工程实验室，6个省市政府认定的工程、技术实验室及研发中心，1个博士后科研工作站，50+技术合作伙伴的生态合作体系，不断探索前沿技术的巨大商业应用潜力。公司旗下教育品牌软通教育，拥有一家全日制本科学院——郑州西亚斯学院数字技术产业学院；同时在全国合作院校600多所，设有70多个校企联合人才培养基地，通过校企合作、协同育人，为社会培养高素质应用型人才。软通动力先后获得“2023年中国IT服务市场排名TOP 1”、“2024年Q4 PC出货量国内市场份额排名TOP 2”、“2024年中国软件和信息技术服务竞争力百强企业”、“2023年中国信创企业100强”、“2024万得ESG评级（Wind ESG Rating）AA级及信息技术服务行业ESG综合得分排名第一”等荣誉及市场认可，并拥有全球软件工程领域最高级别CMMI V2.0成熟度5级评估认证、国家研发运营一体化（DevOps）三级能力成熟度模型认证、信息技术服务标准（ITSS）运维能力成熟度一级认证等专业资质，支撑公司更优质的服务体系。,"https://www.zhaopin.com/jobdetail/CC000544460J40736931516.htm?refcode=4019&srccode=401901&preactionid=a7c1140f-c46c-45e5-b867-ab342d8bdc77"
2935,硬件测试,焦作-马村区,6000-9000元,重庆科满福人力资源服务有限公司,企业服务,20-99人,,CCL1487604860J40937002804,【岗位职责】 ： 1、进行新产品研发阶段的测试工作 2、完成新产品的功能测试、可靠性测试、环境测 试、安全测试等技术工作 3、制定测试计划，设计测试用例，分析测试数 据，编制测试报告 4、为其他部门提供技术支持，与其他部门的产品 联合测试工作 【薪资待遇】： 试用期：（试用期5350-转正6500）元/月＋300全勤+（300-800）元/岗位补贴+（1000-1500）元/月绩效+加班费=-6000-9000左右 ,7月29日,,"https://www.zhaopin.com/jobdetail/CCL1487604860J40937002804.htm?refcode=4019&srccode=401901&preactionid=a7c1140f-c46c-45e5-b867-ab342d8bdc77"
2936,软件测试,昆明-呈贡区,5000-7000元,天阳科技,"计算机软件,计算机软件",1000-9999人,已上市,CC120408370J40822506308,1.全国项目驻场测试，主要负责功能、数据或接口等相关测试工作； 2.统招本科学历及以上（学信网可查）；毕业满2年；计算机专业优先； 3.热爱软件测试行业、有强力的自驱力，能够在测试岗位深入学习研究； 4.有无经验均可，服从公司安排，接受公司培养，可接受异地工作优先； 福利待遇： 上市公司、公司可提供住宿、定期体检、带薪年假； 欢迎符合要求的小伙伴们投递~,7月23日,天阳科技(股票代码：300872)，是全球金融创新服务的重要贡献者，持续赋能中国金融行业数字化转型，为客户提供咨询、金融科技产品、金融IT服务、云计算及运营服务。公司成立于2003年，服务超过300家金融行业客户，覆盖中央银行、政策性银行、国有银行、股份制银行、地方性商业银行、非银行金融机构等，员工人数近7000人，成为激活金融领域创新活力、推动金融科技迈入世界领先水平的重要力量。作为金融行业客户可信赖的合作伙伴，天阳科技凭借丰富的行业经验和端到端的专业服务，在信创、数字化金融、信贷、交易银行、信用卡、零售、营销、风险管理、征信监管等众多领域具备核心竞争力。据赛迪和IDC报告显示，近年来公司在中国银行业IT解决方案市场排名强势崛起，2019年收入及市场占有率综合排名分别位列第四位和第五位，并保持高速增长。同时，前瞻商业和科技趋势，入选2021年度未来银行科技服务商TOP100。天阳科技始终聚焦金融科技领域，加大自主创新力度，在超过100个城市建立本地化、专业化的研发和服务团队，拥有CMMI5级认证、软件测试成熟度模型集成（TMMi）3级认证、ISO9001质量管理体系认证、ISO20000信息技术服务管理体系认证、IS027001信息安全管理体系认证。通过部署人工智能、云计算、大数据、移动互联网、分布式计算和区块链等先进金融科技，公司致力于构建安全可控、普惠民生、开放共赢格局，在关键技术领域服务现代化金融发展大局，更好地为各利益相关方创造更大价值，为大中企业、小微企业以及每个个体提供优质金融服务。,"https://www.zhaopin.com/jobdetail/CC120408370J40822506308.htm?refcode=4019&srccode=401901&preactionid=a7c1140f-c46c-45e5-b867-ab342d8bdc77"
2937,技术支持工程师,广州-番禺区,7000-9000元,北京经纶全讯科技有限公司,印刷/包装/造纸,100-299人,,CC000556260J40791283312,岗位内容： 1. 向客户展示专业的印刷方案，提供打样测试支持。 2. 负责对客户提供相关软件的技术支持、指导和培训。确保客户在遇到软件、服务器故障或应用问题时，能够迅速得到解决方案。 3. 以热情、专业的态度，为客户提供优质的服务体验，确保客户满意度持续提升。 4. 保持对新技术的敏锐洞察，负责对当前流行软件和解决方案的调研和学习。 5. 向软件应用支持经理报告工作进展，与团队紧密协作。  任职要求：  1. 拥有印刷、计算机、软件专业背景； 有大型印刷厂工作经验者优先；  2. 熟悉印前工艺流程，对色彩管理流程有深入的理解和实践经验。熟练掌握印能捷、Prinect等流程的应聘者优先考虑；  3. 具备良好的沟通能力，能够清晰、准确地与客户、同事及厂商进行交流与协作。 4. 具备熟练的英语阅读能力，能够进行基本的口语对话。,7月7日,北京经纶全讯科技有限公司成立于1999年，是一家专业从事提供高端数码印刷全面解决方案的业内领先企业，多年来一直是高端数码印刷设备提供商HP Indigo公司在中国的首席代理商。全面负责HP Indigo产品在中国市场的整体解决方案开发和应用，包括市场推广、客户需求开发、解决方案实现、软硬件设备销售、售后支持和服务等。从印前处理、印刷实现，到最终的印后加工，经纶全讯可以为客户提供业界尖端的全套应用方案，帮助客户实现短版快印、个性化印刷、影集画册、可变数据印刷、可变防伪标签等应用。经过多年的辛勤耕耘，公司在全国已销售超过1000台的HP Indigo数码印刷设备，多次获得全球HP Indigo渠道营销最佳合作伙伴称号，成为HP Indigo全球最大经销商。同时，公司也成长为总部设在北京，并在上海、广州设有分公司，在成都、武汉、深圳设有办事处、员工总数超过百人的中型企业，是中国高端彩色数码印刷服务领域内的领先供应商。,"https://www.zhaopin.com/jobdetail/CC000556260J40791283312.htm?refcode=4019&srccode=401901&preactionid=a7c1140f-c46c-45e5-b867-ab342d8bdc77"
2938,Java,郑州-金水区,6000-11000元,唐雅网络科技,计算机软件,20-99人,天使轮,CCL1298078450J40715222114,岗位内容：   ,2月12日,唐雅科技是一家专注于短视频电商领域的科技型研发公司。需求大量软件研发及测试人员，致力于电商软件产品的研发与创新，把握时代福利。公司总部位于河南郑州，汇聚了一批来自互联网、电商、软件、技术等多领域的精英人才，凭借对短视频电商行业技术研发的深刻理解和敏锐洞察力，迅速在竞争激烈的市场中崭露头角。技术实力：-我们拥有一支专业的技术研发团队，不断探索和应用最新的信息技术，致力于打造稳定、高效、安全的短视频电商平台。通过先进的算法和大数据分析技术，精准地为用户推送个性化的商品内容，提高用户的购物体验和购买转化率。-公司在短视频制作、直播技术、智能推荐系统等方面拥有多项自主研发的核心技术，为商家提供全方位的技术支持和解决方案，帮助商家更好地展示商品、推广品牌，实现销售增长。公司已与众多知名品牌建立了长期稳定的合作关系，通过我们的专业服务，帮助合作品牌在短视频电商领域取得了显著的成绩，实现了品牌知名度的提升和销售业绩的增长。例如，[列举一些成功的合作案例，如某品牌在合作后的销售额增长情况、品牌曝光度提升等]。企业文化：-创新精神：我们始终坚持创新驱动发展，不断探索新的商业模式和技术应用，为用户和商家提供更优质的服务和解决方案。-用户至上：以用户需求为导向，不断优化产品和服务，为用户提供便捷、高效、安全的短视频电商体验。-团队合作：倡导团队成员之间的协作与沟通，发挥团队的优势和力量，共同实现公司的发展目标。-诚信经营：秉持诚信为本的经营理念，与商家、用户建立良好的信任关系，共同推动短视频电商行业的健康发展。未来展望：随着短视频电商行业的不断发展和壮大，将继续发挥自身的技术优势和专业服务能力，不断拓展业务领域，提升服务质量。我们将加强与国内外优秀企业的合作，共同探索短视频电商的新模式、新机遇，为用户和商家创造更大的价值，成为短视频电商领域的领军企业。,"https://www.zhaopin.com/jobdetail/CCL1298078450J40715222114.htm?refcode=4019&srccode=401901&preactionid=a7c1140f-c46c-45e5-b867-ab342d8bdc77"
2939,Java,长沙-天心区,70-100元/天,湖南六九零六信息科技股份有限公司,"运营商/增值服务,运营商/增值服务",300-499人,天使轮,CC499839420J40845934915,岗位职责： 1. 参与公司软件产品的开发与维护。 2. 根据项目需求，协助完成软件设计、编码、测试和文档编写工作。 3. 学习并掌握相关的软件开发工具和技术。 岗位要求： 1. 计算机相关专业，本科及以上学历。 2. 熟悉Java编程语言，会使用Spring全家桶（Spring Boot/Spring MVC/Spring Cloud）及MyBatis等ORM框架。 3. 会使用HTML5/CSS3/JavaScript（ES6+），掌握至少一种前端框架（Vue.js/React/Angular），具备前端页面开发能力，实现与后端的高效数据交互与功能联调。 4.具备良好的学习和沟通能力，有团队协作精神  ,5月23日,国信军创（岳阳）六九零六科技有限公司，原名中国人民解放军第六九零六工厂，是军队通信装备大修保障性企业。始建于1964年，并于2011年成功收购了以国防科大技术骨干为核心的湖南创越电子科技有限公司，并作为公司的技术创新和产品研发中心。公司北斗卫星导航应用产业化项目被列为全省24个重点帮扶项目之一，公司技术中心被认定为“省级企业技术中心”、“湖南省北斗运营中心”、“北斗卫星导航系统应用工程技术研究中心”，获总参测绘局授予的“北斗一号”、“北斗二号”科研生产资质和中国人民解放军总参谋部卫星导航定位办公室授予的“北斗导航民用分理服务资质”。目前公司主要产品有：通信装备大修、火炮控制指挥系统、北斗”卫星产品研发、制造、应用与运营。公司的北斗产品也已广泛应用于航天、航空、国防、金融、电信、交通、矿山、水务、工程机械等多个行业。公司正值蓬勃发展、力拓市场的黄金时期。特诚邀有志于通信及电子信息工程人才加盟，共创中国北斗卫星导航事业的美好明天。如今，6906正进入一个快速发展通道，资产规模不断壮大，技术实力不断增强，营销领域不断拓展，基础管理不断改进，计划在2020年成立集团公司并整体上市,"https://www.zhaopin.com/jobdetail/CC499839420J40845934915.htm?refcode=4019&srccode=401901&preactionid=a7c1140f-c46c-45e5-b867-ab342d8bdc77"
2940,软件测试,北京-海淀区,8000-15000元,北京腾达泰源科技有限公司,"互联网,云计算/大数据,互联网,网络/信息安全",100-299人,未融资,CC454182580J40686497106,"岗位职责： 1、负责公司智算平台的功能、性能、安全性测试，确保平台的稳定性和高效性； 2、设计、编写和执行测试用例，搭建自动化测试框架，提升测试效率； 3、进行系统和接口测试，分析测试结果，编写测试报告，并推动问题修复； 4、参与需求评审，提供测试策略和优化建议，提升产品质量； 5、研究并引入先进的测试技术和工具，提高测试覆盖率和自动化程度； 6、监控和优化智算平台的资源使用情况，保障大规模计算任务的稳定运行。  岗位要求：  1、计算机、软件工程、人工智能或相关专业本科及以上学历；  2、有AI计算平台、分布式计算或云计算测试经验者优先；  3、熟悉常见的软件测试方法和流程，掌握自动化测试框架（如Selenium、pytest、Cypress, Playwrite等）；  4、具备较强的Linux系统操作能力，熟悉Shell、Python或其他脚本语言，能编写自动化测试脚本；  5、了解Docker、Kubernetes等云原生技术，有相关测试经验者优先；  6、熟悉常见的性能测试工具（如JMeter）及监控工具（如Prometheus、Grafana）；  7、具备较强的分析和问题定位能力，良好的沟通和团队协作精神。    ",7月18日,"北京腾达泰源科技有限公司（“腾达泰源”）2016年7月进入信息化科技领域，运营总部位于北京市海淀区上地软件园一期环宇大厦,基于领先的云原生技术，提供PiiOS不可变基操作系统为客户打造领先的算力基础平台。腾达泰源开发了具有自主知识产权自主可控的云原生操作系统PiiOS，为用户带来了多方面的革新，基于不可变基的设计理念为用户提供智慧算力、通用算力、边缘计算的基础平台，实现对算力基础平台的全面管理与调度，PiiOS的不可变基的设计理念为用户带来极限安全、极度可靠、极致灵活的算力基础支撑平台。","https://www.zhaopin.com/jobdetail/CC454182580J40686497106.htm?refcode=4019&srccode=401901&preactionid=a7c1140f-c46c-45e5-b867-ab342d8bdc77"
2941,C/C++,济南-历城区,1.2-1.7万,邦德激光,"电气机械/电力设备,金属制品业,仪器仪表制造,贸易/进出口",1000-9999人,已上市,CC323684010J40909146304,岗位职责:,5月7日,济南邦德激光股份有限公司（以下简称“邦德激光”）成立于2008年，是一家集激光加工产品研发、生产、销售、服务于一体的全球知名激光加工智能解决方案提供商。2019—2023年，邦德激光切割机实现全球销量五连冠。2024年，邦德激光在全球机床TOP排行榜中位列17。公司总部位于山东济南，在美国、德国、日本、巴西等国家和地区设立10余家海外子公司，汇聚了来自全球18个国家的3000余名员工。目前，邦德激光已具备核心部件、工业软件、智能化系统及整机设备的全套自研能力，拥有覆盖1500W到200000W功率段的板材、管材、型材、板管一体激光切割机、自动化设备，以及激光焊接机等不同类型产品，同时开辟行业新品类——激光扫描切割机，重新定义行业未来。来源：深圳前瞻产业研究院，按照2019年、2020年、2021年、2022年、2023年1000W及以上激光切割机连续五年销量统计，覆盖全球各类销售渠道，于2024年3月21日完成调研。据hpo发布的全球机床行业权威榜单——TOP 25 Machine Tool Producers，邦德激光在榜单中位列17。,"https://www.zhaopin.com/jobdetail/CC323684010J40909146304.htm?refcode=4019&srccode=401901&preactionid=a7c1140f-c46c-45e5-b867-ab342d8bdc77"
2942,技术支持工程师,长春-南关区,5000-8000元,吉林省瑞晟智能设备有限公司,"人工智能,智能硬件",20-99人,不需要融资,CCL1472967510J40559086507,职位描述 岗位职责： 1、数据库日常巡检，及时反馈运行状况，并跟踪解决； 2、承接数据库相关项目或需求，及时有效沟通、讨论，按时完成数据库规划、部署； 3、数据库故障及时响应、处理，并跟踪推动解决； 4、根据承接规范、上线流程等，完成数据库脚本编写工作； 5、负责数据库技术文档、运维手册等的编写； 6、参与数据库规范、流程、制度建设，并严格执行规范、流程、制度； 7、监控、分析、发现数据库风险（性能、容量等），并及时调整、降低或消除数据库风险,4月18日,瑞晟智能科技成立于2017年，是面向全国乃至全球的智能制造产业配套服务商。公司从成立至今一直致力于为智能设备生产商以及需要进行自动化改造的制造型企业提供人才培养、技术支持以及自动化解决方案等配套服务，为自动化企业输送人才，提供技术服务；为客户提供专业的人才培养解决方案和落地服务。经营范围包括人工智能基础软件开发；人工智能公共服务平台技术咨询服务；人工智能硬件销售；技术服务、技术开发、技术咨询、技术交流、技术转让、技术推广；信息技术咨询服务；移动通信设备制造；人工智能行业应用系统集成服务；人工智能应用软件开发；人工智能通用应用系统；招投标代理服务；信息系统集成服务；软件外包服务；软件开发；计算机软硬件及辅助设备批发；计算机软硬件及辅助设备零售；计算机软硬件及外围设备制造；电子专用设备销售；电子元器件制造；电子、机械设备维护（不含特种设备）。,"https://www.zhaopin.com/jobdetail/CCL1472967510J40559086507.htm?refcode=4019&srccode=401901&preactionid=a7c1140f-c46c-45e5-b867-ab342d8bdc77"
2943,测试工程师,福州-闽侯县,5000-7000元,上海微创软件股份有限公司,"IT服务,计算机软件",10000人以上,不需要融资,CC000638920J40706705814,要求： 1、电子类相关专业统招本科以上学历  2、熟练使用示波器，万用表，电烙铁  3、有数通产品相关硬件测试和调试经验  4、熟悉orcad，allegro工具的优先 5、良好的沟通技能、组织管理技能 职责： 1.根据测试用例执行单板信号测试，并交付报告&提交bug  2.根据测试用例执行单板模拟测试，并交付报告&提交bug,5月12日,上海微创软件股份有限公司2002年由微软与上海市政府共同创办，是微软在华投资的第一家合资公司。微创始终秉承高标准的服务品质与“成就客户”的服务理念，在全球设有20余处交付中心，分布在中国、美国、日本、澳大利亚，凭借在汽车、保险、高科技、金融、互联网等行业的深厚积累和丰富经验，与2500余家企业与政府客户达成了长期、稳定、友好的合作。,"https://www.zhaopin.com/jobdetail/CC000638920J40706705814.htm?refcode=4019&srccode=401901&preactionid=a7c1140f-c46c-45e5-b867-ab342d8bdc77"
2944,技术支持工程师,西安-雁塔区,4000-6000元,陕西艾普农业集团有限责任公司,农/林/牧/渔,300-499人,不需要融资,CCL1348641030J40201296401,工作职责：,7月22日,"陕西艾普农业有限责任公司成立于2019年1月份，主要从事苹果矮化脱毒良种苗木繁育及果品良种研发。目前，公司已在陕西省汉中市洋县兴建了百亩核心育苗示范园区，致力于为陕西周边、甘肃、河南乃至黄土高原苹果优势产区和黄河故道苹果产区提供优质苗木，全面提高苹果苗木整体质量水平，进一步提高生产中的良种苗木使用率，优化苹果良种苗木基地布局，促进乔化栽培模式向矮化集约高效省力化栽培模式转变，促进苹果产业技术更新转型升级。另外，公司在布局苹果产业升级的同时，坚持因地制宜、突出重点、注重实效的原则,根据树种特性和当地社会、果品产业对良种苗木的需求进行规划和布局，研发、引进适合当地种植的大樱桃、西洋梨、红杏等国际领先的优质水果品种，实现地方水果产业由果业大市向果业强市的转变，逐步改变陕南果业格局。","https://www.zhaopin.com/jobdetail/CCL1348641030J40201296401.htm?refcode=4019&srccode=401901&preactionid=a7c1140f-c46c-45e5-b867-ab342d8bdc77"
2945,测试工程师,北京-丰台区,6000-12000元,北京华信泰科技股份有限公司,"运营商/增值服务,通信/网络设备,电子/半导体/集成电路",20-99人,未融资,CC229963610J40177969611,岗位要求： 1 负责产品电路的软硬件调试、测试 2 负责编辑测试报告及相关测试文档  3 负责维护管理相关电路及文档 4 负责配合研发人员完成相关测试   任职要求： 1、熟悉电子电路及电子元器件；  2、动手能力强，有焊接经验，能熟练拆焊常见芯片；  3、熟练使用示波器、万用表及各类电工工具；  4、具备较强的责任心及自律性； 5、专业技术过硬者优先； 6、1-3年以上工作经验。,7月10日,北京华信泰科技股份有限公司是一家具有技术研发、产品生产和系统支持的全方位解决方案提供商和设备提供商。公司成立于2008年，具有国家高新技术企业、中关村高新技术企业等认定证书。“自主、创新、超越”是华信泰的一贯宗旨。华信泰公司成功研制了高精度、低功耗、实用化的芯片级原子钟，该系列产品填补了国内技术空白，带动了国内相关产业链的发展，具有国际先进、国内领先水平。华信泰公司掌握基于CDR的高精度卫星导航定位系统核心专利技术，具有自主知识产权，主导编写国家技术标准，为未来大规模北斗高精度导航定位服务提供完整解决方案。在新一代户户通项目中，作为项目的发起者，华信泰创造性地提出使用北斗导航卫星系统进行定位，主导编制多项行业标准，并成为北斗定位芯片和北斗及卫星直播系统一体化下变频器提供商。截止目前，华信泰的主要产品涵盖芯片级原子钟等时频产品、基于中国数字调频广播（CDR）的北斗高精度导航定位系统解决方案、北斗定位芯片、户户通北斗及卫星直播系统一体化下变频器等，广泛应用于高精度时频、高精度导航定位、数字广播电视等领域。通过多年的自主研发和技术引进、整合、转化，公司具备多项自主知识产权，形成了完整的研发体系和较强的技术转化能力，并具有实力雄厚的生产加工能力，整体技术力量和研发实力在行业内处于领先水平。“抓创新就是抓发展，谋创新就是谋未来”。华信泰将牢牢把握新时代重大战略机遇，充分发挥产业优势、人才优势和技术优势，打造“人无我有、人有我优、人优我特”的拳头产品和服务，提升企业核心竞争力。在创业的道路上行稳致远、越走越好。,"https://www.zhaopin.com/jobdetail/CC229963610J40177969611.htm?refcode=4019&srccode=401901&preactionid=a7c1140f-c46c-45e5-b867-ab342d8bdc77"
2946,测试工程师,苏州-吴江区,5000-7000元,天阳科技,"计算机软件,计算机软件",1000-9999人,已上市,CC120408370J40165271808,1.全国项目驻场测试，主要负责功能、数据或接口等相关测试工作；  2.统招本科学历及以上（学信网可查）；毕业满2年；计算机专业优先；  3.热爱软件测试行业、有强力的自驱力，能够在测试岗位深入学习研究；  4.有无经验均可，服从公司安排，接受公司培养，可接受异地工作优先；  福利待遇：  上市公司、公司可提供住宿、定期体检、带薪年假；  欢迎符合要求的小伙伴们投递~  ,7月17日,天阳科技(股票代码：300872)，是全球金融创新服务的重要贡献者，持续赋能中国金融行业数字化转型，为客户提供咨询、金融科技产品、金融IT服务、云计算及运营服务。公司成立于2003年，服务超过300家金融行业客户，覆盖中央银行、政策性银行、国有银行、股份制银行、地方性商业银行、非银行金融机构等，员工人数近7000人，成为激活金融领域创新活力、推动金融科技迈入世界领先水平的重要力量。作为金融行业客户可信赖的合作伙伴，天阳科技凭借丰富的行业经验和端到端的专业服务，在信创、数字化金融、信贷、交易银行、信用卡、零售、营销、风险管理、征信监管等众多领域具备核心竞争力。据赛迪和IDC报告显示，近年来公司在中国银行业IT解决方案市场排名强势崛起，2019年收入及市场占有率综合排名分别位列第四位和第五位，并保持高速增长。同时，前瞻商业和科技趋势，入选2021年度未来银行科技服务商TOP100。天阳科技始终聚焦金融科技领域，加大自主创新力度，在超过100个城市建立本地化、专业化的研发和服务团队，拥有CMMI5级认证、软件测试成熟度模型集成（TMMi）3级认证、ISO9001质量管理体系认证、ISO20000信息技术服务管理体系认证、IS027001信息安全管理体系认证。通过部署人工智能、云计算、大数据、移动互联网、分布式计算和区块链等先进金融科技，公司致力于构建安全可控、普惠民生、开放共赢格局，在关键技术领域服务现代化金融发展大局，更好地为各利益相关方创造更大价值，为大中企业、小微企业以及每个个体提供优质金融服务。,"https://www.zhaopin.com/jobdetail/CC120408370J40165271808.htm?refcode=4019&srccode=401901&preactionid=a7c1140f-c46c-45e5-b867-ab342d8bdc77"
2947,软件测试,呼和浩特-新城区,1-1.2万·13薪,青岛瑞晟元人力资源有限公司,人力资源服务,20人以下,不需要融资,CCL1431271280J40777973407,岗位职责： 1. 负责软件的功能测试。 2. 执行测试用例，报告缺陷并跟踪缺陷的修复。 3. 与开发团队协作，确保软件质量满足需求。 4. 参与软件测试流程的优化和改进。 岗位要求： 1. 熟悉软件测试理论、方法和流程。 2. 具备功能测试经验。 3. 了解运维工程师、网络工程师的工作内容，能进行基本的IT质量管理。 4. 有信息技术、标准化、电子或电路工程相关背景者优先。 薪资待遇：包住、六险一金、工龄工资、生日礼金、定期体检、带薪年假、绩效奖、项目奖、年终奖.,2025年07月29日,,"https://www.zhaopin.com/jobdetail/CCL1431271280J40777973407.htm?refcode=4019&srccode=401901&preactionid=a7c1140f-c46c-45e5-b867-ab342d8bdc77"
2948,科研人员,赤峰-元宝山区,3000-5000元,赤峰和润农业高新科技产业开发有限公司,"农/林/牧/渔,农/林/牧/渔",100-299人,未融资,CC200778780J40658304110,岗位内容： 1.配合生产、科研等部门完成种子处理、育苗、栽培管理等设施农业相关实验。. 2.统计、分析实验记录，并撰写实验报告。  3.配合科研等部门完成论文、专利、标准等知识产权工作。  4.配合科研等部门完成项目实施过程中需要进行的各类实验相关项目材料。  任职要求：  1. 农学相关专业。  2. 熟练使用办公软件，会使用spps或其他统计分析软件。  3. 在期刊杂志上发表过论文。  4. 可以进行科学合理的实验设计，并能够准确的完成数据统计分析撰写实验报告。  5.吃苦耐劳，学习能力强，工作配合程度高，接受工作中合理的岗位调配。 6.热爱农业，适应能力强者可适当放宽条件。,7月27日,赤峰和润农业高新科技产业开发有限公司成立于2008年，是以提供优质种子、种苗，新成果、新品种试验示范推广，研发、孵化、带动，农资、农技服务，农产品加工、流通，现代农业示范、展示、观光为主的高新技术企业。公司是内蒙古赤峰国家农业科技园区核心区、全国休闲农业与乡村旅游示范点、全国设施农业装备与技术示范单位、国家级科技特派员创业基地、国家知识产权优势企业、内蒙古自治区农牧业产业化重点龙头企业和内蒙古自治区扶贫龙头企业。公司占地面积1070亩，建成各类棚室及附属设施26万平方米，年育苗能力达2.5亿株。公司大力发展现代农业产业，筛选推广汉姆系列番茄等优良品种40个，取得专利21项，制定内蒙古自治区地方标准7项，通过信息平台、技术培训、现场观摩等多种形式为广大农户提供农资、农技服务，辐射带动赤峰市及周边地区设施农业面积30余万亩，创造了良好的经济效益和社会效益。在大力发展现代农业的同时，公司积极推动一二三产融合发展，将农业生产与高新科技示范展示、科普教育、农事体验及休闲观光等多种功能相结合，打造“北方现代农业生态休闲综合体”，促进产业集聚，连续举办两届“赤峰和润农业嘉年华”，累计接待游客50多万人次，带动就业2000余人，为发展乡村休闲观光及吸纳就业发挥了积极的促进作用。依托公司在种苗产业的发展优势，赤峰市元宝山区正在建设年育苗能力10亿株的中国·北方元宝山国际种苗特色小镇，规划面积3.04平方公里，预计投资17.7亿元，当前，种苗特色小镇一期项目已完工工程正式投产。随着其余棚室及相关配套附属设施的紧张建设，中国·北方元宝山国际种苗特色小镇项目全部达产后，将实现年产各类蔬菜种苗10亿株，可直接安排就业1万余人，间接带动三产等就业3万余人，带动1500户以上贫困户脱贫致富，将为进一步引领带动赤峰市设施农业产业发展升级、乡村振兴、脱贫攻坚提供强大助力。,"https://www.zhaopin.com/jobdetail/CC200778780J40658304110.htm?refcode=4019&srccode=401901&preactionid=a7c1140f-c46c-45e5-b867-ab342d8bdc77"
2949,C/C++,西安-雁塔区,6000-9000元·13薪,西安迅华信息科技有限公司,互联网,20-99人,,CC523599630J40747087415,岗位内容：  1. 设计、开发和维护高质量的C++应用程序； 2. 实现并优化算法和数据结构； 3. 负责软件系统的性能优化和调试； 4. 参与项目需求分析和技术选型。 任职要求：  1. 熟悉C++编程语言，具备扎实的编程基础； 2. 具有良好的算法和数据结构基础； 3. 熟练使用常见的开发工具，如VS、Eclipse等； 4. 具备较强的沟通协调能力和团队合作精神； 5. 有扎实的计算机科学/软件工程背景。,5月9日,"西安迅华信息科技有限公司是一家极富创新性的互联网网站建设、微信网站开发、信息技术咨询、计算机软件定制开发、软件外包服务等整合营销推广的服务外包供应商，总部设在西安，业务辐射全国。经过多年的行业经验积累，拥有敏锐前瞻的洞察力、成熟的技术实力以及优秀的管理团队。西安迅华信息科技有限公司持续高效地为众多企事业单位提供有价值、高品质的创新性解决方案及研发推广服务，受到客户的一致好评。公司自成立以来，长期服务于政府、医院、电信运营商以及物流、钢铁、石油、煤炭等行业，积累了良好的客户群体，与客户保持着紧密的合作伙伴关系的同时，与Oracle，Microsoft，Adobe，Corel，Mcafee等软件供应商保持技术和商务的持续合作。软件开发涵盖ERP软件定制、CRM软件定制、OA办公系统定制、智能终端（手机APP）开发定制、进销存软件定制等，同时提供软件外包服务、网络工程服务、技术项目合作以及人工智能服务等。西安迅华信息科技有限公司坚持""创意创新·信达天下""原则，恪守诚信，牢固秉承为客户创造价值的核心服务理念，向客户提供最优质、最高效、最专业和最满意的服务。西安迅华信息科技有限公司同时坚持""共赢""的原则，尊重员工个人发展，营造多元化环境，与员工同心协力，实现公司、员工、客户以及社会的多方共赢。理念:我们致力于用户体验的持续提升，以用户为中心，力求视觉设计与交互设计的完美契合。并且我们以科学规范的流程，勤奋专注的态度，为客户提供全方位的设计服务。专注ui设计，以设计驱动企业价值的持续增长，实现您的商业目标！团队:我们的团队成员由资深设计师、资深前端工程师及技术负责人、开发工程师等组成。团队成员均有在大型互联网工作经验。我们是追求品质与力求不断超越自己的团队，我们尊重每次合作的机会与挑战，力求完美。团队成员的技能包括：微信网站界面设计、企业网站设计、开发、产品网站设计， PC及其他终端软件界面设计，图标设计，管理系统界面设计前端开发、应用程序开发等","https://www.zhaopin.com/jobdetail/CC523599630J40747087415.htm?refcode=4019&srccode=401901&preactionid=a7c1140f-c46c-45e5-b867-ab342d8bdc77"
2950,科研人员,郑州-金水区,6000-7000元,河南秋乐种业科技股份有限公司,"农/林/牧/渔,学术/科研",100-299人,已上市,CC527587820J40816312103,岗位职责：1、负责科研项目实施过程中的管理跟进工作； 2、负责科研相关平台的日常维护工作； 3、负责研究院内部科研活动、科研费用的项目化管理； 4、负责公司品种的信息化统计管理； 5、负责研究院内部档案管理及其他日常事务。 岗位要求： 1、硕士研究生及以上学历； 2、农学或生物技术等相关专业； 3、熟练操作Office等办公软件； 4、具备团队协作精神，‌具备良好的写作和报告编制能力； 5、具备科技项目管理或相关领域工作经验者优先。 员工培训： 不定期组织员工业务能力及综合能力培训。 福利待遇： 国企上市平台，入职缴纳五险一金，意外险、补充医疗保险，中秋、端午、春节等节日均有节日福利，带薪年假，年终绩效奖金，出差油费补助，多通道晋升。 职位福利：周末双休、五险一金、节日福利、年终分红、带薪年假、加班补助、绩效奖金、补充医疗保险,7月22日,河南秋乐种业科技股份有限公司是以河南种业集团为第一大股东，联合河南省有实力的20多家农业科研单位、公司核心团队等共同持股的育繁推一体化种子企业。目前总注册资本1.652亿元。企业规模、加工能力、销售收入、科研投入、市场份额等多项指标稳居河南省首位、中国种业市场前列。秋乐种业主营玉米、小麦、花生、棉花、大豆、油菜、芝麻等主要农作物种子，其中玉米杂交种子是公司的拳头产品。公司下属甘肃秋乐种业有限公司、河南金娃娃种业有限公司、河南豫研种子科技有限公司和河南维特种子有限公司等4个全资子公司以及河南秋乐种业科学研究院等5个分公司和15个办事处，销售网络遍布全国20多个省份。自2000年成立之日起，秋乐种业就秉承“依靠科技进步，服务农业农民”的经营理念，坚持“创新、诚信、共赢”的核心价值观，以“做中国农民最喜欢的种子企业”为发展愿景，品牌美誉度逐年提高。秋乐种业先后被认定为河南省农业产业化龙头企业、河南省高新技术企业、河南省著名商标、中国种业骨干企业、农业部首批育繁推一体化企业、中国种业AAA信用企业。2012年10月，企业技术中心被国家发改委、科技部等部委联合认定为国家级企业技术中心。作为首批由企业承担的农业部黄淮海主要作物遗传育种重点实验室在公司落户。2013年9月，秋乐种业被中国种子协会认定为中国种业信用明星企业，名列全国种子企业第九位。2013年12月，“秋乐”商标被国家工商局认定为中国驰名商标。 2022年12月公司正式在北交所上市。研发出若干优良品种，为我国粮食安全，为世界粮食安全作出应有的贡献；未来10年，秋乐要发展成为国内前茅、走向世界的种业龙头企业。公司将在募集研发和发展资金方面获得更多优势，资本的力量也将成为推进河南种业行业整合的重要力量。,"https://www.zhaopin.com/jobdetail/CC527587820J40816312103.htm?refcode=4019&srccode=401901&preactionid=a7c1140f-c46c-45e5-b867-ab342d8bdc77"
2951,C/C++,北京-海淀区,2-4万·16薪,陕西慧云联达企业管理咨询有限公司,人力资源服务,20-99人,不需要融资,CCL1445845820J40752277805,岗位职责   1、构建软硬一体的软硬件解决方案，支撑硬件内部的评估和验证工作；   2、配套新平台、新器件、新方案进行软件开发验证，包括平台系统功能/稳定性验证、外设的参数修改、底层逻辑优化等；   3、直接参与关键传感器配置、充放电配置、音频参数、TP FW、调光算法实现等软件开发和代码上库工作，负责相关特性的质量建设和开发效率提升；   4、基于通用硬件平台配套软件开发，满足装备、硬件、多媒体等领域的归一化/平台化建设诉求，支撑各领域利用通用平台来构建独立风险/问题验证能力；   5、原型机端到端软件开发（从底软到上层应用软件开发）；   任职要求   1、本科及以上学历  2、热爱编程，基础扎实有良好的编程习惯；   3、具备独立工作能力和解决问题的能力、善于沟通、乐于合作，热衷新技术，善于总结分享，喜欢动手实践；   4、对数据结构、算法有一定了解。   ,7月11日,陕西慧云联达企业管理咨询有限公司成立于2022年9月，是一家集高端猎头服务与专业代理记账报税业务于一体的综合性企业服务提供商。自成立以来，我们秉承“智聚英才，财通未来”的企业理念，致力于为国内外企业客户提供精准高效的人力资源解决方案及一站式财务管理服务，助力企业稳健成长，共创辉煌。,"https://www.zhaopin.com/jobdetail/CCL1445845820J40752277805.htm?refcode=4019&srccode=401901&preactionid=a7c1140f-c46c-45e5-b867-ab342d8bdc77"
2952,软件测试,大连-中山区,9000-11000元·13薪,大连保税区建新科技开发有限公司,计算机软件,20-99人,,CC365567610J40870239715,岗位内容： 1. 设计和执行测试用例，并记录测试结果。 2. 分析并报告软件缺陷，包括重现步骤、缺陷严重程度和影响范围。 3. 参与产品设计过程，提供测试建议和反馈。 4. 开发自动化测试脚本和工具。 5. 执行性能和负载测试的任务。 任职要求： 1. 大专以上学历，计算机科学或相关领域优先。 2. 熟悉测试方法论和流程，能够编写高质量的测试用例。 3. 熟练使用至少一种自动化测试框架和脚本语言（如Selenium、Python、Robot Framework）。 4. 了解软件开发周期和敏捷开发流程。 5. 优秀的沟通和协作能力，能够与跨部门的团队成员合作。,2025年07月30日,,"https://www.zhaopin.com/jobdetail/CC365567610J40870239715.htm?refcode=4019&srccode=401901&preactionid=a7c1140f-c46c-45e5-b867-ab342d8bdc77"
2953,技术支持工程师,晋中-寿阳县,8000-14000元,青岛安然物联网科技有限公司,"物联网,物联网",20-99人,未融资,CC559764920J40823510304,需要弱电技术、自动化、安防系统、工业互联网+危化安全生产、物联网人才，不要纯软件人才。  你能经常到全国各地出差吗？你能到工业生产现场生产现场做技术支持吗？   真正的奋斗者在安然会有让人值得为之奋斗的事业，会有充实、高效的成长，会有高人一等的收入。   你能做好售前技术支持、根据客户需求，高效制作方案吗？你能做好售中技术支持、指导他人正确安装、部署、调试系统向用户保质保量快速交付吗？你能做好售后维护，高效沟通和落实客户需求吗？   迄今已服务中石化、中石油、延长石油、国能、兖矿、京能、索普、新安、奇美、昊源、潞安、旭阳、垦利、逸盛、海科、酒钢、金发等几百家石化、化工、选煤、钢铁、电厂企业。    安然以客户为中心，以强者为本，抬头乐干，愿意与同道中人联合、链接，携手共建、共用、共享生产安全命运共同体，一起干，一起干，让优秀企业更安全，让优秀企业更高效！,7月20日,基于精准人员定位的工业安全生产信息化管理专家，安全生产信息化管理引领者！作为全国实时定位技术标准工作组成员和应急管理部“工业互联网+危化安全生产”人员定位系统技术支持机构，安然从2012年起致力于基于ZigBee Plus三维立体按需精准定位的“工业互联网+安全生产”的研究，获得了20多项安全智能管控系统发明专利和著作权，持续引领中国化工行业生产现场智慧安全！安然以“准、稳、狠”的ZigBee Plus三维立体按需精准人员定位统和“底数清、数据准、情况明、研判准、措施实”的安全生产信息化平台为核心，整合访客管理、出入口控制、人脸识别、视频监控、语音广播、重大危险源监控、可燃有毒气体监测等系统，对生产现场人、机、料、法、环五大要素进行实时、动态、智能管控和预警，规范人的安全行为，保障人的生命安全，有效防范风险、主动化解风险，实现智慧安全。安然“以用为本”，把安全生产信息化建设与公司管理体系“深度融合”，把安全生产信息化建设与日常工作“紧密结合”，对安全生产切实“有用、实用、好用”，避免建用“两张皮”，让安全管控更智能，让生产更高效才实用。迄今已服务中石化、中石油、延长石油、国能、兖矿、京能、索普、新安、奇美、昊源、潞安、旭阳、垦利、逸盛、海科、酒钢、金发等几百家石化、化工、选煤、钢铁、电厂企业。安然以客户为中心，以强者为本，抬头乐干，愿意与同道中人联合、链接，携手共建、共用、共享生产安全命运共同体，一起干，一起干，让优秀企业更安全，让优秀企业更高效！,"https://www.zhaopin.com/jobdetail/CC559764920J40823510304.htm?refcode=4019&srccode=401901&preactionid=a7c1140f-c46c-45e5-b867-ab342d8bdc77"
2954,技术支持工程师,芜湖-鸠江区,7000-11000元·13薪,北京京仪自动化装备技术股份有限公司,"仪器仪表制造,电子设备制造",500-999人,已上市,CC424473830J40755866909,岗位职责 1. SOP编写与标准化管理 负责研发相关标准操作规程（SOP）的编写、修订及版本控制，确保符合公司及行业要求； 监督SOP执行情况，定期组织培训与考核，优化流程以提高效率。 2. 实验室管理 负责实验室的日常运营，包括设备维护、校准管理、耗材采购及5S管理； 协调实验室资源，支持研发实验的顺利开展； 落实安全规范，定期组织安全培训及应急演练，确保符合EHS（环境健康安全）要求。 3. 库房管理 管理研发库房（原材料、工具、设备等），建立电子/纸质台账，定期盘点； 优化库存管理流程，确保物资领用、归还、报废记录清晰可追溯。 4. 项目文件管理 负责研发项目文件的归档、编号及版本控制，确保符合公司设计开发程序； 维护项目文档体系（实验记录、测试报告、设计文档、变更记录等），确保完整性和可追溯性； 协助研发团队进行技术文件整理，支持专利申报、审计及认证（如ISO等）。 5. 数据与报表管理 收集、整理研发数据，定期编制项目进度、耗材使用、设备状态等报表； 协助数据分析，为研发决策提供支持。 6. 跨部门协作与合规支持 对接质量、生产、采购等部门，确保研发流程符合公司管理体系； 协助完成内外部审计、认证相关的文档准备工作。,7月24日,北京京仪自动化装备技术股份有限公司，是一家集研发、生产和销售为一体的高端装备制造企业，主要产品包括半导体专用温控设备（Chiller）、晶圆传片设备（Sorter）、半导体专用工艺废气处理设备（Local Scrubber）等专用设备，现已广泛应用于半导体、LED、LCD、太阳能等领域。公司着力发展半导体高端装备，不断巩固和发展高科技产业的战略地位和竞争优势，矢志成为行业领导地位的中国半导体专用设备领军企业。公司福利：入职六险一金、餐补、房补、13薪、过节福利、补充医疗、法定年假、工作居住证、定期体检、定期团建等,"https://www.zhaopin.com/jobdetail/CC424473830J40755866909.htm?refcode=4019&srccode=401901&preactionid=a7c1140f-c46c-45e5-b867-ab342d8bdc77"
2955,硬件测试,哈尔滨-南岗区,5000-8000元,哈尔滨彬鹏科技发展有限公司,"网络/信息安全,计算机硬件",20人以下,不需要融资,CCL1210636810J40045720712,岗位职责： 1、进行小型机、服务器、路由器等设备管理，以及网络平台的运行监控和维护； 2、进行办公设备的日常维护及管理；技术档案维护； 3、负责病毒的查杀，维护网络系统安全；     任职要求： 1、大专及以上学历，电子、计算机、机械自动化、土建、建筑等理工专业优先考虑，年龄在22--32岁之间； 2、具有一定的学习和沟通能力； 3、欢迎广大应往届生积极投递简历；     薪资待遇：薪资在5000-8000之间，有五险一金，公司提供满勤、电脑、餐补、交通等各项补助。 上班时间：早九晚五，双休 ，法定节假日均正常休息。公司提供良好的发展平台和合理的晋升途径。 ,7月26日,哈尔滨彬鹏科技发展有限公司是一家做网络后期技术支持的，位于哈尔滨市南岗区。哈尔滨彬鹏科技发展有限公司主要负责计算机软硬件的技术开发、技术转让、技术服务：经销：通讯设备、电子产品，计算机软件硬件及辅助设备,"https://www.zhaopin.com/jobdetail/CCL1210636810J40045720712.htm?refcode=4019&srccode=401901&preactionid=a7c1140f-c46c-45e5-b867-ab342d8bdc77"
2956,科研人员,北京-石景山区,2-2.2万,中国科学院高能物理研究所,"学术/科研,科学技术推广",1000-9999人,未融资,CC000545690J40651522501,岗位职责： 1.承担高能同步辐射光源硬X射线纳米探针原位实验方法的发展； 2.负责古代材料研究，并发展与同步辐射X射线表征互补的原位光学技术（拉曼、LIBS、XEOL等），并承担相关领域用户的数据分析，并依托线站开发国际合作； 3.参与实验站相关精密实验设备的安装、调试，以及线站运行等工作； 4.完成领导交办的其他任务。 岗位要求： 1.学历：博士后出站； 2.物理学、光学工程、光学等相关专业； 3.掌握Matlab、python等编程能力； 4.有较强的英语沟通能力及写作能力。 【福利与发展】  ·中央事业单位编制，落户北京 ·中国科学院岗位绩效工资制待遇，享受工伤保险、失业保险、养老保险、职业年金、公费医疗、住房公积金等 ·提供周转公寓或单身宿舍（博士后提供博士后公寓）   ·前沿的国内外讲座、丰富的培训及交流机会，鼓励职工在本所攻读研究生 【简历投递】  1.有意应聘者请登陆“高能所人才信息库”（cv.ihep.ac.cn）投递简历，请注明应聘岗位名称（申请岗位原则上不超过两个）；  2.应聘者面试时须提供以下材料：(1) 本人简历；（2）1份推荐信； (3) 能够证明本人能力、水平和业绩能力的材料（包括发表论文目录、代表性论著等),9月13日,中国科学院高能物理研究所（以下简称“高能所”）是我国从事高能物理研究、先进加速器物理与技术研究及开发利用、先进射线技术与应用研究的综合性研究基地。1973年建所至今，高能所获得科研奖200余项。其中，国家自然科学一等奖2项，国家自然科学二等奖和科技进步二等奖以上20余项，北京正负电子对撞机工程、绕月工程（成员单位）获国家科技进步特等奖。2013年7月17日，国家主席习近平视察高能所。高能所现有职工1400余人，其中专业技术人员1200余人，包括中国科学院院士5人、中国工程院院士2人，科技部中青年科技创新领军人才、国家杰出青年科学基金获得者等领军人才及高层次研究骨干近百人。谢家麟院士获得2011年度国家最高科学技术奖。王贻芳院士获得美国物理学会“潘诺夫斯基实验粒子物理学奖”，并率领大亚湾实验团队获得2016年“基础物理学突破奖”。高能所依托大科学装置开展基础研究和应用研究，正在运行的大科学装置有北京正负电子对撞机、北京谱仪、北京同步辐射装置、西藏羊八井国际宇宙线观测站、大亚湾中微子实验等；2017年成功发射了硬X射线调制望远镜卫星“慧眼”，承建的中国散裂中子源今年8月份通过国家验收；正在建设中的大科学装置有ADS强流质子加速器、江门中微子实验、高海拔宇宙线观测站、高能同步辐射光源、阿里引力波实验等；正在预先研究和规划的有增强型X射线时变与偏振探测（eXTP）空间天文台（已进入背景型号二期）、高能环形正负电子对撞机等；参加美国、欧洲、日本等多个大型实验的合作研究。高能所依托多个实验室增强能力建设，目前有北京正负电子对撞机国家实验室、核探测与核电子学国家重点实验室（与中国科技大学共建）、中科院粒子天体物理重点实验室、中科院纳米生物效应与安全重点实验室（与国家纳米中心共建）、中科院粒子加速物理与技术重点实验室、北京市射线成像技术与装备工程中心等。坐落在广东省东莞市的中国散裂中子源（CSNS），2018年3月25日通过中国科学院组织的工艺鉴定和验收，完成工程建设任务，成为我国第一台、世界第四台脉冲式散裂中子源，填补了国内脉冲中子应用领域的空白，为我国中子科学研究及应用研究提供了强大的科研平台。展望未来，高能所将始终坚持面向世界科技前沿和国家战略需求，紧密围绕研究所战略定位，努力提升自主创新能力，朝着“国际一流的高能物理研究中心和大型综合性多学科研究基地”的目标不断迈进。,"https://www.zhaopin.com/jobdetail/CC000545690J40651522501.htm?refcode=4019&srccode=401901&preactionid=a7c1140f-c46c-45e5-b867-ab342d8bdc77"
2957,软件测试,南京-雨花台区,1.4-2.8万·14薪,外企德科数字技术有限公司,专业技术服务,10000人以上,,CCL1480117890J40666811205,岗位要求： 1、扎实的编程能力，熟悉算法和数据结构；熟悉计算机的基础理论； 2、熟练使用java/c/c++/python/js其中一种语言，掌握Spring相关生态开源框架，熟悉MySql、MQ、Redis、SpringCloud等，熟悉事务、缓存、消息、负载均衡等； 3、熟悉Linux开发环境； 4、具有大规模高并发云服务设计和开发经验优先； 5、有微服务、容器相关开发经验优先。 任职要求： 1、扎实的编程能力，熟悉算法和数据结构；熟悉计算机的基础理论； 2. 软件基础扎实，熟悉掌握但是不限于Java/Js/C/C++/Python/Go/JS等编程语言，有良好的编程习惯。 3. 具备独立工作能力和独立解决问题的能力，善于沟通，乐于协作，热衷于新技术，善于总结分享，喜欢动手实践。,2025-07-27 00:23:24,外企德科数字技术有限公司是一家2023年新成立的中外合资企业。成立于2023年11月24日，公司定位：专注于为信息技术企业提供人才及数字技术外包解决方案的中外合资企业。它是由中国人力资源服务行业的FESCO（北京国际人力资本集团）与全球人力资源服务领导者The Adecco Group（德科集团）合资成立的。公司主要提供网络技术服务、软件外包服务、计算机系统服务、技术进出口、软件开发等信息技术相关服务。专注于为信息技术企业提供信息技术类人才及数字技术外包解决方案。,"https://www.zhaopin.com/jobdetail/CCL1480117890J40666811205.htm?refcode=4019&srccode=401901&preactionid=a7c1140f-c46c-45e5-b867-ab342d8bdc77"
2958,硬件测试,南昌-红谷滩区,6000-9000元,重庆科满福人力资源服务有限公司,企业服务,20-99人,,CCL1487604860J40925751904,【岗位职责】 ： 1、进行新产品研发阶段的测试工作 2、完成新产品的功能测试、可靠性测试、环境测 试、安全测试等技术工作 3、制定测试计划，设计测试用例，分析测试数 据，编制测试报告 4、为其他部门提供技术支持，与其他部门的产品 联合测试工作 【薪资待遇】： 试用期：（试用期5350-转正6500）元/月＋300全勤+（300-800）元/岗位补贴+（1000-1500）元/月绩效+加班费=-6000-9000左右,7月26日,,"https://www.zhaopin.com/jobdetail/CCL1487604860J40925751904.htm?refcode=4019&srccode=401901&preactionid=a7c1140f-c46c-45e5-b867-ab342d8bdc77"
2959,实施工程师,广州-番禺区,9000-18000元,广州市新文溯科技有限公司,"计算机软件,IT服务",20-99人,未融资,CC139506240J40726865502,岗位职责： 1、依据客户需求制定实施方案计划并实施，保证软件实施结果； 2、售前项目为客户进行远程试用调试，产品功能介绍讲解； 3、用户培训，跟踪技术服务结果，达到满意效果； 4、依据规范要求，完成相关技术文档撰写； 5、跟踪收集客户及产品问题，对产品优化提出建议。 任职要求： 1、本科以上学历，理工科背景，计算机相关专业优先； 2、2年以上软件行业实施相关经验，有面向金融客户、外企客户经验优先； 3、善于与客户沟通，有良好的客户服务意识，以客户为本； 4、学习能力强，独立解决问题能力强，有一定的抗压能力； 5、待人诚实可信，具有亲和力，语言表达能力和动手能力强。 6、可出差者优先考虑。 职位福利：六险一金，周末双休，年度体检，带薪年假、休闲下午茶   ,4月22日,广州市新文溯科技有限公司，成立于2001年，是专注于企业内容管理与智能数据应用的软件解决方案供应商，拥有涵盖产品、服务、解决方案三个层面的整体服务能力，具备业界领先的非结构化数据获取技术、影像文档处理技术、深度学习技术、传真服务器通信等技术，为大型机构企业提供专业优质的解决方案。核心产品是涵盖文档获取、文档内容处理、流程控制、归档管理、文档交互等应用的文档处理平台，具有整体性和开放性两个突出特点，全面支撑机构企业多层次的、个性化的、成长型的业务管理所需。平台具备大型机构企业应用的架构，支持各种业务场景快速搭建的灵活性，满足金融级别标准的稳定性，最大限度保障机构企业业务连续性要求的灾备多样性。优秀的产品源于优秀的客户。截至2019年底，已累计服务大型机构企业500+家，自公司成立以来，紧随金融行业和企业业务的发展，在银行、基金公司、证券公司、保险公司等领域积累了丰富的行业成功经验，主要客户涵盖：Top10银行的70%；Top10基金公司的70%；众多证券同业实例；以及近百家世界500强在华企业。基于领先的技术和行业成功实践经验，一直是银行、基金、证券、大型制造、服务等领域的首选解决方案。依托长期持续的研发创新投入和经验丰富的专业技术团队，实现了自身科技成果的产业化应用，目前已连续两期通过国家高新技术企业认定，取得38项软件著作权，22项高新技术产品，多次荣获广东省优秀软件产品、广州市优秀软件产品，被评为广东软件行业协会理事单位，取得了质量管理体系认证证书。基于专业的顾问服务、十余年磨砺的各行业成功实践和灵活的产品平台，新文溯科技致力于为客户提供业界最高的价值，帮助更多机构和企业实现智能化的业务文档处理流程，满足业务发展的需求。愿景——专注专业，成就所托。使命——行业领先者背后的文档专家，客户业务效率与合规的保障。价值观——责任感：忠于职守，尽心尽责。——专业：以专业的精神，专业的技能，向客户提供高质量的产品与服务。——创新：持续创新以满足客户的业务需求。——团队：融入团队，赢得认可，最大限度地实现自我价值。——共同发展：员工与企业齐心协力，依托公司平台，共同发展。,"https://www.zhaopin.com/jobdetail/CC139506240J40726865502.htm?refcode=4019&srccode=401901&preactionid=a7c1140f-c46c-45e5-b867-ab342d8bdc77"
2960,技术支持工程师,合肥-蜀山区,6000-10000元,安徽环境智能科技有限公司,"IT服务,网络/信息安全,计算机软件,物联网",20-99人,未融资,CCL1360191250J40802080915,主要职责： 1、物联网设备、仪器仪表的安装调试、检修、维护。 2、配合、组织参与项目技术交流及项目实施。 3、配合项目售前投标方案、初步设计、项目调研等，参与项目投标工作。 完成上级领导安排的其他任务。 人员要求： 1、本科及以上学历，环境工程、环境科学或环境监测类相关专业，具有环保行业工作、熟悉污染源在线或水、大气环境类项目经验者优先。 2、责任心强、工作认真、好学上进、具有良好沟通协调能力和职业道德素养。 3、熟练使用办公软件，具备一定的文字处理能力。 4、有C1及以上驾照者优先。 5、可出差。,6月11日,安徽环境智能科技有限公司成立于2021年8月13日，系安徽环境科技集团股份有限公司发起设立的国有控股科技型企业。公司以环境物联感知硬件研发、环保业务系统软件开发、政府及园区环境管理大数据平台建设、企业环境管理数字化升级为发展方向，努力为政企客户、合作伙伴提供优质的产品和系统化解决方案，公司目前拥有多项软件著作权，外观设计专利，是安徽省科技厅入库的科技型中小企业，中国环保产业协会会员单位。已通过了ISO20000，ISO27000，ISO9001，ISO14001，ISO45001，等多项认证，与省内多所知名高校建立了长期校企合作关系。公司凭借深刻的行业洞见，紧紧围绕水、大气、噪声、辐射、固废、土壤等环保目标监测对象，以环保重要业务为核心，以提升环保管理效率为指导，专注于环保感知控制、环保基础服务、环保业务系统、环保数据资源交换、环保运营管理等环保物联网核心技术研发，在区域环保领域具有深厚的技术积累及突出的技术优势，成为政府、企业、公众的专业合作伙伴。公司以科技为主导，以创新为驱动，以“政府放心、客户满意、社会赞誉、伙伴共赢、员工共享”为宗旨，坚持“创新、协调、绿色、开放、共享”的发展理念，积极投身国家生态文明建设，致力于为用户提供环保智能管理领域的系统化、专业化、智能化服务。,"https://www.zhaopin.com/jobdetail/CCL1360191250J40802080915.htm?refcode=4019&srccode=401901&preactionid=a7c1140f-c46c-45e5-b867-ab342d8bdc77"
2961,前端开发,成都-郫都区,1.2-2万,成都西南信息控制研究院有限公司,计算机软件,20-99人,,CCL1344787210J40713133603,岗位职责： 1、负责各类终端前端界面设计、开发和优化，确保良好的用户体验；   2、建设业务研发组件、工具和平台，沉淀前端技术解决方案，持续提升研发效能，保障产品的质量和用户体验；   3、钻研各种前沿技术和创新交互，增强用户体验，拓展前端能力边界。   ,5月6日,成都西南信息控制研究院有限公司位于四川省成都市，注册资本金 2亿元，是中国兵器装备集团有限公司与四川长虹电子控股集团有限公司合资设立的经营实体，作为兵器装备集团的二级子公司，在军民品业务、行业管理、配套协调、产业发展规划和技术改造等方面，纳入兵器装备集团统一管理。公司作为双方股东的研发平台和成果转化平台，以“强军报国、强企富民”为使命，以“指控立位、智能赋能”为战略方向，以智能赋能的指挥控制为核心，同步发展体系论证、通信组网、系统仿真、集成验证等支撑能力，致力于提升单体+群体作战装备智能赋能，最终成为装备智能化软硬件平台的供应商、基于云的人工智能公共平台的服务商和一体化解决方案的提供商。,"https://www.zhaopin.com/jobdetail/CCL1344787210J40713133603.htm?refcode=4019&srccode=401901&preactionid=a7c1140f-c46c-45e5-b867-ab342d8bdc77"
2962,技术支持工程师,北京-丰台区,8000-11000元,烟台国网中电电气有限公司,"电力/水利/热力/燃气,电力/水利/热力/燃气,电气机械/电力设备,计算机软件",100-299人,未融资,CC859135510J40167996615,"岗位职责： 1、公司华北区域各项目产品的软件、硬件日常测试工作； 2、新产品样机整体装配测试； 3、参与项目售前售中技术交流、技术方案制作； 4、负责各类产品的工程版本管理； 5、负责工程文档和工程经验的管理及发布； 6、负责项目各种产品的现场安装，客户培训。 任职要求： 1、本科及以上学历，电力、电子、机械、自动化等相关专业,30周岁以下； 2、团队合作意识强，具有强烈的客户意识； 3、工作责任心强，事业心强，学习能力强； 4、具有良好的敬业精神，能够吃苦耐劳； 5、能够适应各种环境经常出差工作。 职位福利：五险一金、绩效奖金、股票期权、采暖补贴、定期体检、节日福利、员工旅游 ",5月13日,烟台国网中电电气有限公司是东方电子集团有限公司旗下控股子公司，是集科研开发、生产经营、技术服务、系统集成于一体的高新技术企业。公司专注在线监测领域，围绕新型电力系统和新型能源体系建设，提供输、变、配电在线监测、电力安全管控等产品及综合解决方案。公司坚持自主研发、科技创新，拥有授权专利60余项，建有山东省工业设计中心、烟台市企业技术中心、烟台市“一企一技术”研发中心三个创新平台，两项技术成果鉴定为国际先进水平，获评国家高新技术企业、山东省制造业单项冠军企业、山东省专精特新中小企业、山东省瞪羚企业、山东省首批科技小巨人企业等多项省部级荣誉。参与北京冬奥会、全国两会、第三届“一带一路”国际合作高峰论坛等多项国家级会议保电工作，获得客户的高度认可。公司经过多年发展，人才济济，具有国内一流的研发能力。公司将以优质的产品，完善的质量保证体系，服务于中国电力，为坚强智能电网保驾护航。国网中电诚邀有识之士加盟，携手共创美好未来！,"https://www.zhaopin.com/jobdetail/CC859135510J40167996615.htm?refcode=4019&srccode=401901&preactionid=a7c1140f-c46c-45e5-b867-ab342d8bdc77"
2963,测试工程师,武汉-江夏区,1.8-2万,烽火通信,"运营商/增值服务,通信/网络设备",10000人以上,A轮,CC120123300J40715581711,【岗位职责】 1、主导海洋产品对外鉴定测试，制定详细测试方案及计划 2、主导海洋大型系统联调测试，制定详细测试方案及计划 3、主导海缆系统维修测试，制定详细测试方案及计划 4、负责国际海缆系统工程测试执行 【任职要求】 1、具备波分系统测试经验 2、具备波分系统光路设计经验 3、具备波分系统工程开通经验 4、具有海缆系统设备及海缆维修测试经验 5、能适应一定强度的出差,5月7日,烽火通信科技股份有限公司（股票代码：600498）是国际知名的信息通信网络产品与解决方案提供商，是国家科技部认定的国内光通信领域唯一的863计划成果产业化基地和创新型企业。国务院国资委下属央企，武汉邮电科学研究院旗下最大子公司，“武汉·中国光谷”龙头企业，当前公司规模13000余人。公司销售额超200亿元，拥有华中、东北、华东、西北、华南、西南、欧洲、北美、南美、南亚、北非等产业基地和研发中心，全系列产品已远销全球90多个国家和地区。公司主营业务立足于光通信，深入拓展至信息技术与通信技术融合而生的广泛领域。连续多年蝉联中国光通信最具竞争力企业第1名，全球光通信最具竞争力企业10强；光传输产品收入全球前5；宽带接入产品收入全球前4；光缆综合实力全球前4；连续七年中国光缆出口第1。,"https://www.zhaopin.com/jobdetail/CC120123300J40715581711.htm?refcode=4019&srccode=401901&preactionid=a7c1140f-c46c-45e5-b867-ab342d8bdc77"
2964,C/C++,成都-双流区,2-4万·15薪,华大九天,"计算机软件,电子/半导体/集成电路",1000-9999人,已上市,CC284828810J40730568012,岗位职责： 1.负责研发、维护针对嵌入式存储器电路、数模混合电路及定制数字电路进行电路分析、参数提取的自动化软件； 2.参与完整的软件开发流程，包括撰写设计文档、实现设计需求、软件测试、用例设计、代码审阅等。 ,2月8日,【声明】近期，我司发现有不法分子冒充我司或旗下子公司名义，通过邮件、社交媒体、即时通讯工具等渠道发布虚假招聘信息，并向求职者收取费用，严重损害了求职者权益及我司声誉。为此，我司严正声明如下：我司及旗下子公司从未且不会以任何名义向求职者收取任何费用。任何以我司或旗下子公司名义要求付费的招聘行为均属诈骗，请立即报警。公司介绍北京华大九天科技股份有限公司（简称“华大九天”）成立于2009年，致力于面向半导体行业提供一站式 EDA及相关服务。在EDA方面，华大九天可提供模拟/数模混合IC设计全流程解决方案、数字SoC IC设计与优化解决方案、晶圆制造专用EDA工具和平板显示（FPD）设计全流程解决方案。围绕EDA提供的相关服务包括晶圆制造工程服务及设计支持服务，其中晶圆制造工程服务包括PDK开发、模型提取以及良率提升大数据分析等。华大九天总部位于北京，在南京、上海、成都和深圳设有全资子公司，并在日本、韩国、东南亚等地设有分支机构。,"https://www.zhaopin.com/jobdetail/CC284828810J40730568012.htm?refcode=4019&srccode=401901&preactionid=a7c1140f-c46c-45e5-b867-ab342d8bdc77"
2965,科研人员,天津-静海区,100-150元/天,中华全国供销合作总社天津再生资源研究所,"学术/科研,检测/认证",100-299人,未融资,CC472245715J00206809111,岗位职责: 1、 按照实验计划和操作规程完成项目研究的实验操作、记录和分析，负责对实验中出现的问题及时反馈，并配合项目组解决问题； 2、 按照标准和作业指导书对样品进行分析检测，负责对检测结果出现异常做出判断、分析、调查； 3、 负责对使用仪器的进行定期维护及清理，保持实验室整洁有序；  4、 协助项目组完成项目相关论文、标准等文献资料的阅读、查询和整理工作； 5、 完成带教老师交办的其他工作。 任职要求: 1、微生物、环境、土壤、高分子、化工、分析化学等理工类相关专业； 2、熟悉实验室基础操作； 3、熟练使用word、excel等日常办公财务软件； 4、具有良好科研人员素养，环境适应能力较强，具有良好的独立工作能力，工作严谨、踏实，执行力高，敬业精神和团队协作意识； 5、一周实习天数三天及以上。,7月4日,中华全国供销合作总社天津再生资源研究所招聘启事中华全国供销合作总社天津再生资源研究所（下称天津再生资源研究所）成立于1978年，是中华全国供销合作总社直属科研单位。近年来，天津再生资源研究所以加快发展为根本，以市场化为导向，以产业项目为抓手，以软件服务为支撑，努力将天津所建设成为具有一定科研开发水平、项目运作能力及行业服务特色的科研院所。未来3～5年，天津再生资源研究所将以创新再生资源高效高值利用关键技术为中心，以人才培养和技术服务为两翼，通过建设“一个中心、三大平台、八大基地”，努力打造国家再生资源产业的技术创新基地、战略支撑中心和人才集聚高地。,"https://www.zhaopin.com/jobdetail/CC472245715J00206809111.htm?refcode=4019&srccode=401901&preactionid=a7c1140f-c46c-45e5-b867-ab342d8bdc77"
2966,科研人员,上海-徐汇区,2-3万,中国科学院上海有机化学研究所,农/林/牧/渔,20人以下,,CC397943920J40705498307,中国科学院上海有机化学研究所左智伟课题组隶属于金属有机化学国家重点实验室，主要致力于金属有机光催化合成方法学、惰性碳氢键与碳碳键的选择性活化转化以及精细化学品和药物的绿色合成。 现因科研工作需求，拟招聘博士后 2 至 3 名，待遇优厚。具体要求如下： 一、岗位职责： 主要从事金属有机光催化前沿基础研究相关工作。 二、应聘条件： 1.具有博士学位，在金属有机化学或光化学相关方向有突出成绩的优先考虑。 2.具有数据和模型研究经验的优先考虑。  2.良好的中英文科技论文阅读和写作能力。  3.工作勤奋、踏实，有团队协作精神。  三、岗位待遇：  录用人员待遇按中国科学院和本所相关政策制度从优执行，课题组提供额外津贴。 ,1月9日,"中国科学院上海有机化学研究所（简称上海有机所），是一个历史悠久、人才荟萃、实力雄厚、设备一流、成果丰硕，在国内外享有较高声誉和影响的有机化学研究中心；是一个集基础研究、应用研究和高技术创新研究为一体的综合性化学研究所，上海有机所创建于1950年6月，是中国科学院首批成立的15个研究所之一，前身是建立于1928年7月的前中央研究院化学研究所。从开展抗生素和高分子化学的研究起步，经过近60多年几代人艰苦创业、奋力拼搏，在以有机化学研究为中心的基础研究、应用研究与高新技术开发、人才培养等方面均取得令人瞩目的成就。在我国“两弹一星”研制、“人工合成牛胰岛素、人工合成酵母丙氨酸转移核糖核酸”和“物理有机化学中的两个基本问题：自由基化学中取代基离域参数和有机分子簇集概念”等一批攀登科技高峰的重要成果中，我所科研人员做出了重要贡献。 1998年上海有机所首批进入中国科学院知识创新工程。从此以多学科交叉为特色，以国家战略和国民经济重大问题为导向，以有机化学基础研究和应用基础研究为主导，围绕人口与健康、资源与环境、新材料三大领域，重点突出健康和生命、环境和生态系统、资源利用与开发、新材料、能源开发应用和国家安全等领域中相关的基本有机化学课题等六大研究方向，带动化学生物学、金属有机化学、有机合成化学、元素有机化学、物理有机化学、化学信息学、有机材料化学和有机分析化学等八大学科发展。上海有机所现有生命有机化学国家重点实验室、金属有机化学国家重点实验室、中国科学院氟化学重点实验室、中国科学院天然产物有机合成化学重点实验室，中国科学院有机功能分子合成与组装化学重点实验室、中国科学院生物与化学交叉研究中心、推进剂关键材料重点实验室，沪港合成化学联合实验室，中国科学院有机合成工程研究中心以及企业联合实验室等。受中国化学会委托，编辑出版《化学学报》、《Chinese Journal of Chemistry》和《有机化学》三份SCI收录刊物。全所截止2016年底有职工865人，其中中国科学院院士9人，研究员81人,中国科学院“百人计划”入选者36人，国家杰出青年科学基金获得者23人，顶尖“千人计划”入选者1人，“千人计划”创新人才短期项目入选者1人，“千人计划”青年项目入选者20人。在学研究生581人。在站博士后48人。建所以来，共获各种科研成果奖348项，包括国家三大奖72项，其中国家自然科学一等奖3项（其中2项为合作）、二等奖18项（其中1项为合作）；国家创造发明奖3项和国家发明二等奖4项（其中3项为合作）；国家科技进步奖特等奖3项（合作），一等奖1项（合作），二等奖11项（其中5项为合作）；获得包括中国科学院自然科学一等奖28项在内的中国科学院各类奖145项；上海市科技成果奖82项。获授权专利656项（其中国外专利20项），共发表学术论文11150余篇。上海有机所与世界各国科研机构和高等学校建立了广泛的联系，深入开展国际合作与交流，注重加强与国内外大型企业和学校的合作。上海有机所将与时俱进，实现跨越式发展，努力建成世界有机化学的重要研究基地、中国有机化学的研究中心和培养一流有机化学家的摇篮。","https://www.zhaopin.com/jobdetail/CC397943920J40705498307.htm?refcode=4019&srccode=401901&preactionid=a7c1140f-c46c-45e5-b867-ab342d8bdc77"
2967,软件测试,成都-大邑县,6000-10000元,四川天邑通信,"通信/网络设备,通信/网络设备,运营商/增值服务",1000-9999人,已上市,CC554445720J40782489613,岗位职责： 1、PON/网关/路由器/视频终端产品研发软件测试； 2、产品软件版本发行测试； 3、参与运营商集采测试； 4、版本定期回归测试； 5、测试过程相关文档编写； 6、测试新技术探索； 7、完成领导交代的其他事项。 任职要求： 1、统招本科及以上学历 ，计算机、通信、网络、电子信息等相关专业； 2、1-3年软件测试工作经验，有国内外运营商家庭网关、路由器、企业网关、OLT测试经验优先，优秀应届生亦可考虑； 3、扎实的网络技术基础，熟悉tcp/ip协议簇、无线网络协议802.1X协议； 4、至少熟悉一种抓包工具进行协议分析，比如wireshark、OmniPeek；熟悉两种以上测试工具，如Spirent testcenter、avalanche、IXIA wavetest、octoscope、nessus、webinpsect、appscan、postman等使用； 5、熟悉linux基础知识，掌握常用命令使用； 6、具有良好的沟通能力和团队协作精神，严谨的工作态度与高质量意识，良好的抗压能力； 7、能适应一定的出差。,6月30日,四川天邑康和通信股份有限公司（股票代码：300504）是中国通信网络设备的专业骨干制造商、国家高新技术企业、专业的光通信和移动通信产品及服务提供商，业务范围覆盖全球200多个客户，总部位于四川省成都市，在职员工近3000人。天邑股份发展历史可追溯至1985年，公司长期致力于通信设备相关产品的研发、生产、销售及服务。公司紧跟技术迭代和行业发展趋势，与通信产业同步发展，积极布局产业版图，着力把握行业技术、业务和商业模式创新趋势，在5G通信设备、企业和家庭接入网、WiFi6智能组网、智慧视觉、全光网组网等领域发展机会，重点布局无线AP、宽带接入终端、AR/VR视觉、通信物理连接、移动网络优化等行业。天邑股份拥有近33万平米园区、完善的管理体系及产品认证体系、强大的供应链运作优势，逐渐形成了柔性的智能生产体系、快速的市场响应能力，打造成都、上海、深圳三地一体化研发中心，在全国31个省市自治区设有办事处，为下游客户提供通信领域“一站式”的网络与安防解决方案，连续多年成为国内通信运营商的入围企业和主要供应商之一。未来，天邑股份将继续以“致力成为领先的光通信和无线通信产品及服务提供商”为使命，以“正值、诚信、创新、发展、分享”的企业文化核心价值观，与员工、客户、合作伙伴、社会共创科技硕果，共享优质网络带来的美好生活！详见公司官网：https://www.tianyisc.com/,"https://www.zhaopin.com/jobdetail/CC554445720J40782489613.htm?refcode=4019&srccode=401901&preactionid=a7c1140f-c46c-45e5-b867-ab342d8bdc77"
2968,硬件测试,重庆-巴南区,7000-10000元,重庆科满福人力资源服务有限公司,企业服务,20-99人,,CCL1487604860J40928932304,【岗位职责】 ： 1、进行新产品研发阶段的测试工作 2、完成新产品的功能测试、可靠性测试、环境测 试、安全测试等技术工作 3、制定测试计划，设计测试用例，分析测试数 据，编制测试报告 4、为其他部门提供技术支持，与其他部门的产品 联合测试工作 ,7月7日,,"https://www.zhaopin.com/jobdetail/CCL1487604860J40928932304.htm?refcode=4019&srccode=401901&preactionid=a7c1140f-c46c-45e5-b867-ab342d8bdc77"
2969,C/C++,太原-小店区,5000-8000元,中兵长智科技有限责任公司,计算机硬件,100-299人,,CCL1461369890J40748669709,招聘对象：25届应届毕业生,7月6日,中兵长智科技有限责任公司(简称“中兵长智”)是央企中国兵器工业集团的三级公司，是太原207所的控股子公司。中兵长智是我国信创产业基础软硬件产品供应商和系统集成商，以及全链条应用解决方案的供应商，同时具备北斗应用产业解决方案、信息系统集成服务、检验试验服务细分市场核心竞争力的科技型企业。,"https://www.zhaopin.com/jobdetail/CCL1461369890J40748669709.htm?refcode=4019&srccode=401901&preactionid=a7c1140f-c46c-45e5-b867-ab342d8bdc77"
2970,软件测试,北京-海淀区,1.5-2.5万,北京天航星际人力资源有限公司,人力资源服务,300-499人,未融资,CCL1486975100J40866157015,职责： ,7月21日,北京天航星际人力资源有限公司成立于2021年，专注于服务于机器人、航空航天、兵器、船舶、电子信息、低空经济等高科技行业的人力资源公司。我们致力于为企业提供高品质、高水平的人力资源服务。公司产品包含人才定制培养、招聘、猎头、培训、管理咨询等业务，为企业提供一站式全流程服务。,"https://www.zhaopin.com/jobdetail/CCL1486975100J40866157015.htm?refcode=4019&srccode=401901&preactionid=a7c1140f-c46c-45e5-b867-ab342d8bdc77"
2971,实施工程师,郑州-金水区,80-150元/天,超图软件,"计算机软件,计算机硬件",1000-9999人,已上市,CC000573470J40780355913,岗位职责： 1、负责项目的实施工作，包括项目上相关文档编写、沟通交流，以及业务建模配置、系统培训、上线支持、运维保障等各项工作；  2、负责数据处理相关工作，包括空间数据处理、入库、制图、建库，以及地图服务发布。业务数据的分析、迁移脚本编写、迁移验证； 3、负责指导老师或是团队领导交代的其他任务。 任职要求： 1、了解基础测绘、电子制图等相关地理信息行业的基础概念； 2、工作态度认真负责细心，具有良好的团队精神和责任心，同时具有较好的沟通能力和学习能力，能接受长期出差。 3、了解GIS、数据库理论知识，具有主流GIS（如ArcGIS、Supermap、FME等）、主流数据库（如ORACLE、达梦、人大金仓等）实际操作技能； 4、具有office、Photoshop/Axure的实际操作技能； 5、需要准备：自带笔记本（主流笔记本，可以运行 GIS 平台）。,5月21日,公司简介超图集团是全球第三大、亚洲第一大地理信息系统（GIS）软件厂商，由母公司超图软件（股票代码：300036）及旗下的超图信息、超图国际、上海南康、南京国图、北京安图、上海数慧等一级(全资)子公司，地图慧、日本超图等二级(控股)子公司，以及遍布全国的分公司、办事处组成。超图正式员工3000余人，2019年年营业收入逾17亿元。自 1997年成立以来，超图聚焦地理信息系统相关软件技术研发与应用服务，下设基础软件、应用软件、云服务三大 GIS业务板块，并构建生态伙伴体系，通过 1000余家生态伙伴为数十个行业的政府和企事业单位信息化全面赋能。目前，SuperMap在GIS基础软件中国区域的市场份额已超越国外品牌，位居第一，并在30多个国家发展了代理商，将SuperMap GIS推广到100多个国家和地区。以“地理智慧创新 IT价值”为企业使命，以“创造全球领先的技术，用地理智慧点亮世界每一个角落”为企业愿景，超图将持续为全球更多用户打造领先的 GIS技术和产品！产品优势 SuperMap GIS是超图软件研发的、具有完全自主知识产权的大型基础地理信息软件系列，可提供功能强大的云GIS平台、组件GIS开发平台、桌面GIS平台、移动GIS开发平台、网络客户端GIS开发平台以及相关的空间数据生产、加工和管理工具。作为产品门类齐全、功能强大、覆盖行业范围广泛、满足各类信息系统建设的GIS软件品牌，SuperMap GIS拥有近700家二次开发商，已深入到国内各个GIS行业应用，获得越来越多的政府和企业用户的认可。公司福利1.学习、执行、创新的企业文化，充分发挥个人才能的舞台；2.完备的任职资格体系及全面培训机制；3.完善的薪资体系和绩效考核机制，员工持股计划等多种股权激励方式；4.法定社会保险、交通意外险、意外伤害险、补充医疗保险，给予员工更多保障；5.贴心的年度福利体检，节日福利、生日福利及带薪年假；6.幸福温馨的婚庆礼金及周到细致的生育福利；7.以团队建设为导向的员工活动基金；8.篮球、足球、登山、爱乐、羽毛球、摄影、健身等丰富的协会活动；9.年度优秀员工奖励、年度优秀员工出国旅游等多方位的激励措施等。,"https://www.zhaopin.com/jobdetail/CC000573470J40780355913.htm?refcode=4019&srccode=401901&preactionid=a7c1140f-c46c-45e5-b867-ab342d8bdc77"
2972,Java,西安-雁塔区,7000-10000元,先进数通,"IT服务,计算机硬件,计算机软件",1000-9999人,已上市,CC000432190J40667196216,岗位职责:,7月16日,北京先进数通信息技术股份公司成立于2000年10月，是一家致力于金融信息化建设的软件和集成服务企业，于2016年在深圳上市，股票代码300541。业务涵盖银行、保险、证劵、互联网、零售、企业及政府等行业，公司业务持续健康成长，目前已经成为中国领先的金融行业软件及系统集成服务提供商，并拥有工信部计算机系统集成一级资质，荣获了十佳大数据方案商、十家银行行业方案商、十大金融科技杰出企业奖、大学生最满意诚信招聘雇主等荣誉。公司自成立以来一直秉承“以科技创新”为核心，保持公司的核心竞争力，紧跟时代发展的步伐，公司在云计算、大数据、人工智能领域持续发展，相关产品和解决方案已经落地众多金融行业客户，获得客户一直好评，确保了公司在该领域的领先地位。今天的先进数通已成为中国金融行业主要的系统集成及解决方案的供应商。公司金融行业客户遍布全国各地，包括中国人民银行总行；四大国有商业银行；全国性股份制商业银行；区域性农信和城市商业银行；保险、证券及基金公司；企业与政府客户。公司提供的产品和服务遍及金融系统二十六个省。在业界已树立了“先进数通”的优秀品牌，成为金融科技行业的知名企业。目前先进数通已有员工1600余人，设立了3个研发中心，在上海、广州、武汉、成都、厦门、重庆、深圳、西安等地都分别设有分公司。先进数通根据金融市场的发展需求，确立了金融信息系统集成和金融业务应用开发的主要业务领域。先事虑事、进德修业、数术义理、通商惠工。十余年的风雨历程使数通人深明创业之道，守业之难，成大业之挑战。在未来的道路上，先进数通将继续以诚信经营为本，凭借优秀的人才，领先的技术产品，丰富的项目经验，深厚的行业积累；为客户，为员工，为社会创造新的财富。应公司快速发展的需要，数通诚邀业界更多优秀的人才加盟，我们拟通过科学、全面地人才选拔，面向全国招聘多个岗位的专业技术人才。希望您能和公司共同迎接挑战一起成长，相信这里能成为您实现理想的舞台！,"https://www.zhaopin.com/jobdetail/CC000432190J40667196216.htm?refcode=4019&srccode=401901&preactionid=a7c1140f-c46c-45e5-b867-ab342d8bdc77"
2973,软件测试,杭州-临平区,8000-10000元,重庆优为在线科技有限公司,物联网,100-299人,不需要融资,CCL1490944660J40711458416,岗位内容： 1. 设计和执行测试用例，并记录测试结果。 2. 分析并报告软件缺陷，包括重现步骤、缺陷严重程度和影响范围。 3. 参与产品设计过程，提供测试建议和反馈。 4. 开发自动化测试脚本和工具。 5. 执行性能和负载测试的任务。 任职要求： 1. 具有本科以上学历，计算机科学或相关领域优先。 2. 熟悉测试方法论和流程，能够编写高质量的测试用例。 3. 熟练使用至少一种自动化测试框架和脚本语言（如Selenium、Python、Robot Framework）。 4. 了解软件开发周期和敏捷开发流程。 5. 优秀的沟通和协作能力，能够与跨部门的团队成员合作。,7月17日,优为在线是一家专注于互联网技术和软件开发的在线高科技公司。公司总部位于重庆，分公司位于深圳，并在国内四川成都，广东广州城市设有分支项目。优为在线公司致力于为企业客户提供全面的IT解决方案和优质的互联网服务，通过创新的技术手段帮助客户提升竞争力和满足其业务需求。,"https://www.zhaopin.com/jobdetail/CCL1490944660J40711458416.htm?refcode=4019&srccode=401901&preactionid=a7c1140f-c46c-45e5-b867-ab342d8bdc77"
2974,技术支持工程师,广州-黄埔区,1-1.5万,广州源井生物科技有限公司,"生物工程,生物工程",20-99人,不需要融资,CCL1201335260J40725770407,基因编辑科研服务，售前售中售后技术支持，少量出差。,6月18日,"广州源井生物科技有限公司（简称“源井生物”）是由生命科学领域杰出精英联合创建的国际化高新技术企业,坐落于广州高新技术产业的示范基地一一科学城,拥有超3000平方的基因编辑技术平台、细胞生物学平台以及完整的基因编辑系列产品。目前源井生物已为全球范围内超40个国家的数百个生命科学实验室、药企和CRO公司提供优质的基因编辑服务与产品。“让基因编辑更简单!”一直是源井生物的初心,不断的技术革新则是源井生物持续高速发展的核心,务实、高效、坦诚和守信是源井生物的企业准则,我们立志于服务好每一位选择源井、信任源井的客户,并以为客户提供有价值的产品和服务为目标而不懈努力!","https://www.zhaopin.com/jobdetail/CCL1201335260J40725770407.htm?refcode=4019&srccode=401901&preactionid=a7c1140f-c46c-45e5-b867-ab342d8bdc77"
2975,前端开发,上海-长宁区,9000-11000元,上海具友信息技术有限公司,计算机软件,20-99人,,CCL1494115400J40793190503,岗位职责 1、负责 Web 页面各类动效的设计与实现，为用户呈现富有视觉吸引力的界面效果； 2、与产品设计师协作，持续优化产品的用户交互体验； 3、对界面细节和交互设计具有高度敏感性，在开发过程中精益求精，确保动画和交互效果流畅且与设计预期一致； 4、持续学习并运用新兴前端视觉技术，将新的技术和创意融入产品开发。 任职资格 1、 具备良好的审美能力和界面设计感，能够实现富有视觉吸引力的前端效果； 2、 理解用户使用习惯，注重开发过程中的交互体验优化； 3、 熟悉常见前端开发技术，包括但不限于 HTML、CSS、JavaScript，掌握 Vue 或 React 等主流框架，并了解 GSAP、Three.js 等前端动画库； 4、 本科及以上学历，应届毕业生。 优先条件 1、 有前端动效开发相关的项目经验或个人作品者优先； 2、 具备美术、视觉设计相关背景者优先； 3、 了解 WebGL、Canvas 等前端图形技术或有 3D 可视化开发经验者优先； 4、 有前端开发相关的实习经验者优先。,5月24日,上海具友信息技术有限公司招聘启事上海具友信息技术有限公司是一家致力于音视频领域信息化场景建设的领先企业。公司专注于为酒店、高校、政府机关等行业提供创新的技术解决方案，帮助客户实现智能化转型。凭借多年积累的行业资源和技术优势，我们在音视频领域的创新应用中取得了显著成就，并成功获得了相关的软件著作权和专利。我们正在寻找充满激情和创意的专业人才，加入我们的团队，携手共创未来。如果你对音视频技术充满热情，渴望在快速发展的信息化行业中发挥自己的才干，那么这里将是你展示能力、实现梦想的理想平台。加入具友，您将获得：具有竞争力的薪酬和福利待遇丰富的行业资源和深厚的技术积累专注音视频领域的创新平台提升专业技能的职业发展机会开放和创新的工作氛围，团队协作和学习的机会我们希望您具备：对音视频技术或信息化场景建设充满热情具有团队合作精神和创新意识良好的沟通能力和解决问题的能力拥有相关工作经验者优先，特别是在酒店、高校、政府机关等领域的经验让我们一起携手并肩，迈向更加辉煌的明天！,"https://www.zhaopin.com/jobdetail/CCL1494115400J40793190503.htm?refcode=4019&srccode=401901&preactionid=a7c1140f-c46c-45e5-b867-ab342d8bdc77"
2976,软件测试,深圳-南山区,7000-9000元,深圳市驻聚元实业有限公司,电子商务,20-99人,,CCL1225959200J40760489107,岗位职责： 1.负责商城、界面UI等功能模块进行测试。重点关注商城核心下单支付流程。 2.负责发现商城bug，去定位BUG及用不同机型去复现BUG，确定BUG的性质。 3.跟踪BUG缺陷是否修复，进行回归BUG，修改BUG缺陷，确认修复BUG后关闭BUG单。   任职要求： 1、大专及以上学历，专业不限，年龄19-28岁； 2、具有良好的职业操守，工作细心责任心强； 3、具备基本的电脑知识，熟练使用相关办公软件、打字，接受实习生（应届毕业生可考核接纳）； 4、对互联网IT、计算机感兴趣，并打算在IT岗位长期发展；   福利待遇：  1、双休制，依法享受国家的法定节假日；  2、快速晋升空间，有效地竞聘晋升制度；  3、签订正式劳动合同，入职包住，享五险一金； 4、每季度员工聚会+员工生日会+节日礼物；  5、组织组织员工参与旅游，体育等业余活动，丰富员工的生活； 6、办公环境舒适，地理位置优越，地铁口及公交站附近。,6月12日,,"https://www.zhaopin.com/jobdetail/CCL1225959200J40760489107.htm?refcode=4019&srccode=401901&preactionid=a7c1140f-c46c-45e5-b867-ab342d8bdc77"
2977,前端开发,青岛-城阳区,1-1.2万·13薪,广州维颖传媒有限公司,新媒体,20-99人,,CCL1504014230J40782325314,岗位内容： 1. 开发响应式Web页面和功能组件，确保优秀的用户体验 2. 与后端开发人员合作，实现应用程序的完整性和可维护性 3. 设计和实现复杂的前端UI交互，并在跨浏览器环境中进行测试和故障排除 任职要求： 1. 精通HTML、CSS和JavaScript，并熟悉至少一种主要的前端框架（如React或Angular） 2. 具备良好的沟通能力和团队合作精神，有解决问题的能力和创新思维 3. 至少两年以上相关前端开发工作经验,7月24日,,"https://www.zhaopin.com/jobdetail/CCL1504014230J40782325314.htm?refcode=4019&srccode=401901&preactionid=a7c1140f-c46c-45e5-b867-ab342d8bdc77"
2978,技术支持工程师,广州-番禺区,8000-9000元·13薪,万宝盛华企业管理咨询(上海)有限公司石家庄分公司,人力资源服务,10000人以上,已上市,CCL1318168350J40826547108,Job content: 工作内容： 1. 作为Conti与客户沟通的桥梁，快速响应客户需求及解决项目开发过程中出现的问题。 2. 作为Conti在客户端的技术支持接口，支持Conti产品在客户端相关开发设计工作，能够协调解决简单的技术问题。 3. 主导样件准备及交付，进行样件在客户端到件追踪，结算单核对。 4. 协助Conti工程师及项目经理完成相关的技术资料准备。 5. 支持出差到客户生产基地（工厂）支持Conti产品刷件，产线支持，装车、下线校准、下线配置等问题。 6. 支持Conti产品在客户端的测试工作。 7. 支持客户售后问题的现场分析，收集现场技术问题，并反馈相应的技术信息（问题的描述，Log读取等）给Conti开发团队。 Skill requirements: 技能要求： 1. 具备一定的英文书面及口语沟通交流能力。 2. 具备较好的沟通能力、学习能力；抗压能力佳，能够独立处理简单的突发问题，具备服务意识。 3. 能接受一定工作时间比例的出差。 4. 会使用CANoe等基本刷写、测试工具。 5. 有广汽项目经验，熟悉广汽项目开发流程，会使用广汽测试工具者优先。 6. 工作年限不做要求。,7月25日,万宝盛华大中华有限公司（HKEX:2180.HK），1997年服务启航于香港和台湾。迄今服务已覆盖上海、北京、广州、深圳、香港及台湾等逾20座直营城市，总部坐标上海。我们的大股东万宝盛华全球（ManpowerGroup Inc. NYSE:MAN）是全球人力资源解决方案领导者，拥有超过70年历史，服务网络覆盖80多个国家和地区。万宝盛华大中华深耕本土20余年，服务网络触达两岸四地160余城市，服务企业逾两万家。2015年，万宝盛华大中华战略联盟中信产业基金，加速布局本土战略。2019年7月10日，万宝盛华大中华股份有限公司成功登陆港交所。公司始终致力于释放人才的发展潜能，凭借灵活用工、人才寻猎、招聘流程外包、管理咨询及培训发展等人力资源综合解决方案，广受业界赞誉，屡次荣膺“亚太人力资源领军企业”。,"https://www.zhaopin.com/jobdetail/CCL1318168350J40826547108.htm?refcode=4019&srccode=401901&preactionid=a7c1140f-c46c-45e5-b867-ab342d8bdc77"
2979,软件测试,长沙-岳麓区,4000-5000元,小葱(江苏)信息科技股份有限公司,计算机软件,20-99人,,CCL1216963320J40813074803,职位描述： 基础测试员，摄像头测试 1.大专及以上学历，有测试经验优先 薪资最高5K，可以接受2025年毕业生，需要有相关测试实习经验（手机、IOT最佳) 周末双休,2025-07-27 00:00:01,,"https://www.zhaopin.com/jobdetail/CCL1216963320J40813074803.htm?refcode=4019&srccode=401901&preactionid=a7c1140f-c46c-45e5-b867-ab342d8bdc77"
2980,技术支持工程师,天津-东丽区,60-120元/天,达赫航空科技(天津)有限公司,"船舶/航空/航天/火车制造,船舶/航空/航天/火车制造",20-99人,未融资,CC676237720J40800001413,"The Technical Support is responsible for: ▪ Interface with Airbus XP ME regarding work folder. o Ensure completeness of work information and relevant documentation (e.g. drawing, SOI, S99, etc.). o Review work details contained in the work folder for any inaccuracies or inconsistencies.  o Assist in implementing solutions for unexpected and critical items. ▪ Prepare DAHER Work Order Following Sheet (SPD-13) based on Airbus Cover Page o Accurately indicate the work details and referential documents (i.e. WO number, NC number, S99, AIPI, SOI, Drawing reference, etc.) as lifted from Airbus cover page. o Select applicable skill/s and/or qualifications appropriate to industrial processes (i.e. Special Process or Non-special Processes) required to perform the work. o Maintain up-to-date qualification information on DAHER WO Following Sheet (SPD-13) according to the latest DAHER competency table. ▪ Serve as link between Airbus XP ME and DAHER Production Team on matters related to the work to be performed. o Timely coordination in case of any change in work order or other relevant work information. o Monitor and follow-up technical responses for unexpected and/or hazardous/critical items. ▪ Collect, check and archive completed Work Order Following Sheet / Cover Page (SPD-13). ▪ Actively participate in the improvement of operational processes. ▪ Respect Airbus and DAHER FOD rules. ▪ Strictly observe EHS policy and procedures (including assessing risks in workplace & taking into account counter-measures). ▪ Know the hygiene and safety rules related to the job / working station, and use of personal and environmental protective equipment (PPE).  ▪ Know & understand the rules, procedures and processes corresponding to the customer intervention site and to DAHER.",7月25日,"AAA Dornier Technology（Tianjin) Co. LTD. is a subsidiary of AAA(Assistance Aeronautique and Aerospatiale), A French company providing in site support and technical assistance for aircraft and helicopter manufacturer. Our office ideally located near airbus new assembly facilities in Tianjin(China), allows us to provide technical assistance not only to Airbus but also various aeronautic manufacturer in China.","https://www.zhaopin.com/jobdetail/CC676237720J40800001413.htm?refcode=4019&srccode=401901&preactionid=a7c1140f-c46c-45e5-b867-ab342d8bdc77"
2981,科研人员,广州-黄埔区,2000-4000元,慕恩(广州)生物科技有限公司,"医药制造,化工",300-499人,C轮,CC835971640J40813040203,岗位职责:,7月16日,慕恩（广州）生物科技有限公司是专注于将微生物组资源商业化的创新型生物技术公司，获国家高新技术企业认证。2015年成立于北京，总部设在广州，业务范围涵盖生物农业、生物医药等分支领域。核心团队由一批跨学科的优秀博士和跨国公司的核心研发人员组成，博士、硕士学历的员工约90人，本科及以上人员占比超70%。慕恩生物拥有国际先进的微生物组发掘和产业化平台，已搭建起了从发现微生物、筛选微生物、改造微生物到应用微生物的完整微生物组产业化技术体系，建立了全球最大、生物多样性最高的微生物菌种库和基因元件库，已鉴定并保存超30万株具有自主知识产权的菌株，其中拥有10000余株高价值菌株，2000多种全球首次发现的新物种。依托于高规格的菌种资源、深度的微生物组研究和数据挖掘，以及领先的合成生物学技术平台，公司针对生物农业、生物医药、微生物蛋白等细分领域，高效开发并提供一流的生物基产品及其解决方案。慕恩生物2018-2022连续蝉联“粤港澳大湾区生物科技创新企业50强”，2020年荣登“未来农业百强榜”、“生物农业TOP1”，获“教育部科技进步一等奖”，并成为“全国生态环保优质农业投入品（肥料）试点单位”，先后被认定为“广东省知识产权示范企业”、“广东省重点农业龙头企业”、“广东省工程技术研究中心”、“广东省专精特新中小企业”等。凭借在微生物领域的研发创新，公司成功入选了中国高成长企业投资价值风向标“Venture50风云榜50强”和“投资界医疗健康Venture50”，并持续获得红杉资本、国投创业、弘晖资本、越秀产投、国投聚力等众多一线资本多轮数亿元投资。,"https://www.zhaopin.com/jobdetail/CC835971640J40813040203.htm?refcode=4019&srccode=401901&preactionid=a7c1140f-c46c-45e5-b867-ab342d8bdc77"
2982,软件测试,重庆-铜梁区,7000-10000元,重庆科满福人力资源服务有限公司,企业服务,20-99人,,CCL1487604860J40928955504,【岗位职责】： 1、软件测试岗位职责  2、接受测试任务，进行需求分析 3、按照测试计划搭建测试环境，并保证测试环境的可靠性 4、按照测试计划编亏测试用例，保证测试用例合理有效 5、按照测试用例执行测试，及时发现缺陷，并使用工具进行管理缺陷 6、编写和提交测试报告，保证测试进度按计划完成 7、参与审核其他测试工程师的测试用例和报告 8、学习公司已有方案和推广使用新的测试技术和工具,7月7日,,"https://www.zhaopin.com/jobdetail/CCL1487604860J40928955504.htm?refcode=4019&srccode=401901&preactionid=a7c1140f-c46c-45e5-b867-ab342d8bdc77"
2983,实施工程师,南京-鼓楼区,7000-10000元,江苏富科思科技有限公司,医疗设备/器械,20-99人,未融资,CC131936080J40706257316,岗位描述：,7月21日,江苏富科思科技有限公司是一家专业致力于“精准医疗”产品研发、生产和销售的高科技及软件企业。公司由中国科学院陈达院士领衔，为南京“321”人才引进项目，落户于南京新港经济开发区，属于科技创新项目。江苏富科思公司和南京大学联合成立了“南京大学医学影像及精确诊治研究所”，拥有一支强有力、专业化的年轻团队。团队中包含了多位著名医学临床专家、医学放疗物理专家和计算机图像处理专家等，专门研究人员含博士10名、硕士26名以上。公司结合近年来放射肿瘤学界出现的最新理念，成功研发出了具有国际领先水平的放疗及肿瘤诊治系列产品，并被入选国家创新医疗器械目录。本公司以质量求生存，以信誉求发展，“永恒的进步，真诚的关怀”是江苏富科思科技有限公司发展和服务的理念，我们真诚期待与更多的用户和合作伙伴诚信相待，共图发展，为我国放疗和医用软件事业创造更加美好的明天。热情欢迎您的加入！,"https://www.zhaopin.com/jobdetail/CC131936080J40706257316.htm?refcode=4019&srccode=401901&preactionid=a7c1140f-c46c-45e5-b867-ab342d8bdc77"
2984,Java,淄博-临淄区,1.2-2万·13薪,英科再生资源股份有限公司,橡胶和塑料制品,1000-9999人,已上市,CC145516740J40365072212,岗位职责：,2025-07-27 01:42:00,英科再生：专注资源循环再生利用的高科技制造商；全球最完善产业链，致力于难而有价值的事业； PS、PET等多种可回收再生资源的无限想象和实现空间。工作平台：科创板上市公司（688087），ESG、碳中和标杆企业；二十年发展，成熟团队及带教培训体系；海内外六大生产基地，全球12000+客户，带你看世界。加入英科：我们，将废塑料变成精美相框，将饮料瓶变成乐高玩具，将废木材变成完美家具。我们，不止为环保呐喊。官网了解更多：www.intco.com.cn,"https://www.zhaopin.com/jobdetail/CC145516740J40365072212.htm?refcode=4019&srccode=401901&preactionid=a7c1140f-c46c-45e5-b867-ab342d8bdc77"
2985,软件测试,淄博-张店区,5000-7000元,天阳科技,"计算机软件,计算机软件",1000-9999人,已上市,CC120408370J40822510908,1.全国项目驻场测试，主要负责功能、数据或接口等相关测试工作； 2.统招本科学历及以上（学信网可查）；毕业满2年；计算机专业优先； 3.热爱软件测试行业、有强力的自驱力，能够在测试岗位深入学习研究； 4.有无经验均可，服从公司安排，接受公司培养，可接受异地工作优先； 福利待遇： 上市公司、公司可提供住宿、定期体检、带薪年假； 欢迎符合要求的小伙伴们投递~,7月17日,天阳科技(股票代码：300872)，是全球金融创新服务的重要贡献者，持续赋能中国金融行业数字化转型，为客户提供咨询、金融科技产品、金融IT服务、云计算及运营服务。公司成立于2003年，服务超过300家金融行业客户，覆盖中央银行、政策性银行、国有银行、股份制银行、地方性商业银行、非银行金融机构等，员工人数近7000人，成为激活金融领域创新活力、推动金融科技迈入世界领先水平的重要力量。作为金融行业客户可信赖的合作伙伴，天阳科技凭借丰富的行业经验和端到端的专业服务，在信创、数字化金融、信贷、交易银行、信用卡、零售、营销、风险管理、征信监管等众多领域具备核心竞争力。据赛迪和IDC报告显示，近年来公司在中国银行业IT解决方案市场排名强势崛起，2019年收入及市场占有率综合排名分别位列第四位和第五位，并保持高速增长。同时，前瞻商业和科技趋势，入选2021年度未来银行科技服务商TOP100。天阳科技始终聚焦金融科技领域，加大自主创新力度，在超过100个城市建立本地化、专业化的研发和服务团队，拥有CMMI5级认证、软件测试成熟度模型集成（TMMi）3级认证、ISO9001质量管理体系认证、ISO20000信息技术服务管理体系认证、IS027001信息安全管理体系认证。通过部署人工智能、云计算、大数据、移动互联网、分布式计算和区块链等先进金融科技，公司致力于构建安全可控、普惠民生、开放共赢格局，在关键技术领域服务现代化金融发展大局，更好地为各利益相关方创造更大价值，为大中企业、小微企业以及每个个体提供优质金融服务。,"https://www.zhaopin.com/jobdetail/CC120408370J40822510908.htm?refcode=4019&srccode=401901&preactionid=a7c1140f-c46c-45e5-b867-ab342d8bdc77"
2986,Java,武汉-江夏区,1.2-2.4万·14薪,外企德科数字技术有限公司,专业技术服务,10000人以上,,CCL1480117890J40788366505,岗位职责： 1、负责应用软件开发和维护工作。 2、负责软件模块需求分析、系核心模块代码编写和单元测试，完成概要设计文档、详细设计文档。 3、积极主动的与项目相关人员沟通交流，持续改善产品体验。 业务技能要求： 1、熟练掌握常用数据结构。 2、熟悉计算机组成原理、操作系统、网络等。 岗位要求： 1.一本以上学历，双证学信网可查（不要求专业） 2.热爱编程，基础扎实，熟悉掌握但不限于Java、C/C++、GO、Python、JS等1种或多种主流编程语言 ，精通多线程、IO、网络编程等； 3、精通客户端与服务器通信协议，精通 XML 、 JSON 数据交换格式，精通 STL、Curl、 DuiLib 等常用的开源库； 4.熟悉底层软件、应用软件，具备操作系统、嵌入式软件开发相关的知识； 5.具有良好的沟通能力，有良好的团队合作精神。对技术有激情，喜欢钻研，能快速接受和掌握新技术，有较强的独立、主动的学习能力。 工作地点： 西安、成都、深圳、北京、苏州、东莞、杭州、南京、上海、武汉等地的研究所 福利待遇： 1.薪资=底薪+绩效+年终奖 2.五险一金底薪全额缴纳 3.根据绩效考核，享有年终奖、项目奖金及调薪机会 4.有班车，工作日20：30后有免费夜宵，技术论坛分享 ，不定时下午茶水果 PS：全流程线上面试，对经验没有强制要求，对接多个部门的需求。技术OK的小伙伴都可以试试,2025-07-27 00:25:38,外企德科数字技术有限公司是一家2023年新成立的中外合资企业。成立于2023年11月24日，公司定位：专注于为信息技术企业提供人才及数字技术外包解决方案的中外合资企业。它是由中国人力资源服务行业的FESCO（北京国际人力资本集团）与全球人力资源服务领导者The Adecco Group（德科集团）合资成立的。公司主要提供网络技术服务、软件外包服务、计算机系统服务、技术进出口、软件开发等信息技术相关服务。专注于为信息技术企业提供信息技术类人才及数字技术外包解决方案。,"https://www.zhaopin.com/jobdetail/CCL1480117890J40788366505.htm?refcode=4019&srccode=401901&preactionid=a7c1140f-c46c-45e5-b867-ab342d8bdc77"
2987,测试工程师,珠海-金湾区,1.5-2.5万·14薪,北京海博思创科技股份有限公司,"新能源,新能源",500-999人,C轮,CC450682910J40721615610,岗位职责： 1、根据产品技术规范及行业标准和出厂测试大纲，制定储能系统（电池模组、PCS、BMS、整体系统等）的出厂测试实施方案，搭建出厂测试环境； 2、了解储能系统出厂前的功能测试、性能测试、安全测试及可靠性测试，包括但不限于充放电测试、绝缘耐压测试、通信协议验证、热管理测试等； 3、操作和维护测试设备（如充放电PCS、绝缘耐压仪、示波器等），确保设备状态符合测试要求； 4、对测试过程中发现的产品缺陷或异常数据进行分析，输出测试报告并提出改进建议； 5、协同研发、生产部门推动问题闭环，确保产品符合出厂质量标准； 6、识别测试大纲、操作指导书及测试报告，对生产测试人员进行培训。 7、对生产测试问题进行整理归类，并对生产测试人员进行培训。 8、、参与新产品开发阶段的测试需求评审，提供可测试性设计建议。 9、协助分析客户反馈的问题，提供技术支持。 任职要求： 1、教育背景：本科及以上学历，电气工程、自动化、新能源、电子工程、机械工程等相关专业。 2、工作经验：3年以上储能系统（或锂电池系统、光伏储能逆变器、UPS等）测试相关经验，熟悉储能系统架构及关键部件（BMS、PCS、电池模组），有第三方检测机构或大型新能源企业测试经验者优先。 3、熟练掌握储能系统测试标准（如GB/T 34133、IEC 62619等）及安全规范，会使用测试仪器（示波器、万用表、绝缘耐压仪、充放电测试设备等； 4、具备电气安全操作知识，熟悉高压系统测试防护措施。 5、逻辑清晰，具备独立分析问题及解决问题的能力。 6、良好的团队协作意识和沟通能力，适应高强度工作节奏。 7、责任心强，工作细致，注重数据准确性。 8、加分项：持有电工证、高压操作证者优先，熟悉储能系统并网测试或相关测试经验者优先。,7月2日,北京海博思创科技股份有限公司，成立于2011年，是行业领先的储能系统解决方案与技术服务供应商，提供储能电站开发、设计、集成、运营等一站式整体解决方案。公司是国家级高新技术企业，国家专精特新“小巨人”企业，北京市独角兽企业，北京市企业技术中心。公司拥有国内领先的CMA&CNAS认证电池及电池系统测试实验室，获准成立了电化学储能系统博士后流动站，并牵头成立了北京市未来电化学储能系统集成技术创新中心。公司的核心团队由美国加州大学伯克利分校、斯坦福大学、弗吉尼亚理工大学等世界一流名校博士组成，拥有多年相关行业世界五百强公司的高级技术研发及管理经验，涵盖电力电子、大规模集成电路、智能电网、嵌入式系统控制、电池技术等多个领域。公司自成立以来，专注于电池管理关键技术和先进储能系统集成技术与产品的研发、生产、销售和服务，为传统发电、新能源发电、智能电网、终端电力用户及智能微网等“源－网－荷”全链条行业客户提供全系列储能系统产品，及储能系统一站式整体解决方案。通过构建涵盖电池、电力电子、大规模集成电路、嵌入式系统、算法、机械结构和热力学、人工智能和大数据等多个技术领域和交叉学科的研发能力体系，自主研发了从电芯应用到储能系统集成，从储能整站系统最优控制到储能场站全生命周期智能运维的储能核心技术和关键设备产品。并将这些技术和产品有机结合到一起，全面掌握了储能系统中电芯级－－电池模块级－－电池簇级－－电池系统级－－整站级的设计、智能制造、智慧运维/运营。实现技术、产品、应用的纵向整合，软硬件系统的协同设计和性能优化，确保了从兆瓦级到百兆瓦级的全系列储能系统产品均可高效率、高安全、智能化和长寿命的运行目标。为实现国家2030年“碳达峰”、2060年“碳中和”的战略目标，构建以新能源为主体的新型电力系统已成为重中之重。储能产品在电力系统中的定位主要是利用其快速功率调节和能量存储的性能，在电力系统电源、电网、负荷侧承担不同的角色，发挥不同的作用，进而提升电力系统灵活性、经济性和安全性。智能电网储能系统是实现以新能源为主体的新型电力系统的重要支撑性技术，公司已连续三年位列国内储能系统市场排名第一。公司将持续围绕储能产品和应用对储能产业上下游领域进行探索与长期的布局规划，打造储能全产业链闭环，进一步提升公司对上下游产业的整合能力和产品技术优势，推动新型储能系统的全面市场化发展。,"https://www.zhaopin.com/jobdetail/CC450682910J40721615610.htm?refcode=4019&srccode=401901&preactionid=a7c1140f-c46c-45e5-b867-ab342d8bdc77"
2988,测试工程师,西安-雁塔区,5000-6000元,软通动力信息技术(集团)股份有限公司,"互联网,IT服务,计算机软件",10000人以上,D轮及以上,CC000544460J40735079016,"工作内容： 根据产品需求进行系统测试,包括测试设计、执行、BUG提交和追踪,测试报告等 -能够单独跟进中小型项目测试,或在其他同学指导下跟进大型项目测试 -根据产品需求设计合理的性能测试方案并能分析性能瓶颈,产出性能测试报告 -持续优化项目开发测试流程,维护持续集成流水线,提高开发工作效率和交付质量 -能够通过自动化技术提高测试效率 -协助开发复现和定位问题 岗位要求： -计算机、通信、电子等相关专业毕业,具有1年以上测试经验 - 了解Jmeter、Locust等性能测试工具,了解自动化测试技术 - 熟悉Mysql、Oracle、了解Redis、Mongo、ES - 学习能力强,有较强分析和解决问题的能力,K20具有较强逻辑思维能力和表达能力 - 工作积极主动,有强烈责任心和严谨工作作风,积极思考,不断创新,良好的协作沟通能力和团队合作精神",7月23日,软通动力信息技术（集团）股份有限公司（以下简称“软通动力”）是中国数字技术产品和服务创新领导企业，致力于成为一家具有全球影响力的科技企业，企业数字化转型可信赖合作伙伴。公司2005年成立于北京，多年来始终坚持科技创新，具有软硬全栈的智能技术产品和服务能力，提供软件与数字技术服务、计算产品与数字基础设施、数字能源与智算服务以及国际化服务。目前，公司在10余个重要行业服务超过1100家国内外客户，其中超过230家客户为世界500强或中国500强企业，员工近90000人。软通动力拥有软通咨询、软通金科、软通工业互联、机械革命、软通华方等业务子品牌，并在全球40余个城市布局业务，构建北美、日本、东南亚、中东四大国际交付中心，在北京城市副中心、江苏无锡建设两大智能制造基地。同时，公司前瞻布局智能制造、ICT软硬基础能力和生产力智能化产品，打造产业链闭环。软通动力设立30个能力中心，拥有1个国家级工程实验室，6个省市政府认定的工程、技术实验室及研发中心，1个博士后科研工作站，50+技术合作伙伴的生态合作体系，不断探索前沿技术的巨大商业应用潜力。公司旗下教育品牌软通教育，拥有一家全日制本科学院——郑州西亚斯学院数字技术产业学院；同时在全国合作院校600多所，设有70多个校企联合人才培养基地，通过校企合作、协同育人，为社会培养高素质应用型人才。软通动力先后获得“2023年中国IT服务市场排名TOP 1”、“2024年Q4 PC出货量国内市场份额排名TOP 2”、“2024年中国软件和信息技术服务竞争力百强企业”、“2023年中国信创企业100强”、“2024万得ESG评级（Wind ESG Rating）AA级及信息技术服务行业ESG综合得分排名第一”等荣誉及市场认可，并拥有全球软件工程领域最高级别CMMI V2.0成熟度5级评估认证、国家研发运营一体化（DevOps）三级能力成熟度模型认证、信息技术服务标准（ITSS）运维能力成熟度一级认证等专业资质，支撑公司更优质的服务体系。,"https://www.zhaopin.com/jobdetail/CC000544460J40735079016.htm?refcode=4019&srccode=401901&preactionid=a7c1140f-c46c-45e5-b867-ab342d8bdc77"
2989,实施工程师,济南-槐荫区,8000-12000元,东华医为科技有限公司,"IT服务,IT服务",1000-9999人,未融资,CC649781480J40413947805,"1、学习能力强,能较快掌握和应用新技术;",2025-07-27 00:13:00,东华医为科技有限公司（简称东华医为）成立于2012年5月，注册资金5000万，是东华软件股份公司旗下专业服务医疗、卫生等大健康领域IT业务的全资子公司。东华医为现有员工2000余人，其中技术人员占比达到90%，拥有近100项大健康类自主知识产权的软件产品，所覆盖的大健康领域有医疗机构、卫生管理机构、互联网医疗、人工智能、大数据、健康管理等，所涉及的主要业务有IT咨询规划、方案设计、系统集成、软件开发与交付、工程实施与交付、人才培养、售后运维、合作运营等。东华医为现为全国500余家大健康领域的各类用户提供着持续的技术服务，还连续多年蝉联中国十佳医疗行业解决方案商榜首。传承了东华软件医疗卫生事业部近二十年IT业务的东华医为，在高速发展的大健康领域，笃定能大有作为。,"https://www.zhaopin.com/jobdetail/CC649781480J40413947805.htm?refcode=4019&srccode=401901&preactionid=a7c1140f-c46c-45e5-b867-ab342d8bdc77"
2990,前端开发,北京-西城区,120-150元/天,中国移动研究院,"运营商/增值服务,通信/网络设备,互联网",1000-9999人,,CC143191460J40719284307,岗位职责:,5月28日,"中国移动研究院(简称研究院)是中国移动科技创新体系的核心研发机构，以“做世界一流的信息服务科技创新引擎”为目标，做优国家战略科技力量和企业科技创新的两个主力军，研究领域覆盖无线、网络、业务、安全、人工智能、物联网、测试、战略市场产业等智库研究以及前沿技术等。中国移动研究院积极承担央企重大科创工程，累计承担国家重大科技专项等国拨项目200多项，承担“新一代移动信息通信技术国家工程研究中心”“智慧网络国家新一代人工智能开放创新平台”等国家级科创平台；为我国移动通信技术实现“1G空白、2G跟随、3G突破、4G并跑、5G引领”发挥了重大作用，创新提出算力网络理念并获得广泛认可，已上升为国家重大战略；引领光通信技术发展，创建“九天”人工智能科研特区，推出九天基础大模型和多个行业大模型，锻造成为央企AI国家队,数智化能力广泛应用于网络、营销、管理等领域。","https://www.zhaopin.com/jobdetail/CC143191460J40719284307.htm?refcode=4019&srccode=401901&preactionid=a7c1140f-c46c-45e5-b867-ab342d8bdc77"
2991,硬件测试,东莞-None,6000-8000元,陕西跃北机电设备有限公司,人工智能,500-999人,,CCL1500059560J40763633611,岗位内容： 1. 硬件测试方案的制定和实施； 2. 产品硬件组装及调试，编写测试报告和文档； 3. 参与硬件缺陷跟踪管理，协助软硬件联合调试、故障分析和处理  薪资：6000-8000 上五休二 包吃包住,7月28日,,"https://www.zhaopin.com/jobdetail/CCL1500059560J40763633611.htm?refcode=4019&srccode=401901&preactionid=a7c1140f-c46c-45e5-b867-ab342d8bdc77"
2992,前端开发,海口-龙华区,6000-11000元,海南新珠江人力资源开发管理有限公司,专业技术服务,20-99人,,CC384412210J40760137912,工作职责： 1.负责前端界面的构建，各类交互设计与实现； 2.前端样式和脚本的模块化设计和开发； 3.系统测试，开发及使用等文档的编制。 职位要求： 1.计算机科学或相关本科专业毕业； 2.熟悉 Web 前端开发技术，HTML、CSS 和 Javascript 基础扎实； 3.对 Web 技术有强烈兴趣，有优秀的学习能力和强烈的进取心； 4.对界面的布局有良好的规划、设计及实现能力。 具有以下能力者优先考虑： 1.熟悉 W3C 标准，对表现与数据分离、Web 语义化有深刻理解； 2.熟悉 ES6 语法； 3.有 Vue 框架开发经验； 4.有 Node.js 开发经验； 5.有前端性能优化经验； 6.能使用 Git 等代码工具进行团队协作。,7月23日,海南新珠江人力资源开发管理有限公司成立于2007年6月，是“广东锐博人力”集团下属的全资子公司。传承锐博“锐志前行，博业为专”的精神，立足海南，提供全方位的人力资源服务。在全省十九个市县均设有分公司，并于各注册地社保局开有社会保险登记帐户。,"https://www.zhaopin.com/jobdetail/CC384412210J40760137912.htm?refcode=4019&srccode=401901&preactionid=a7c1140f-c46c-45e5-b867-ab342d8bdc77"
2993,前端开发,济南-历下区,4000-6000元·13薪,济南星科达大数据有限公司,电子商务,20-99人,,CCL1497677350J40753939613,嘿，你！我们正在寻找一位充满激情的前端开发工程师，一起打造超酷的Web应用！ 你的工作将是设计、编码、测试和优化前端应用，与后端团队紧密合作，共同实现项目目标。 如果你具备以下条件，就赶快加入我们吧！ 熟练掌握HTML、CSS、JavaScript等前端技术； 有较强的学习能力和创新意识； 善于沟通，热爱团队工作。 我们期待你的加入，一起创造出色的Web应用！,3月15日,,"https://www.zhaopin.com/jobdetail/CCL1497677350J40753939613.htm?refcode=4019&srccode=401901&preactionid=a7c1140f-c46c-45e5-b867-ab342d8bdc77"
2994,技术支持工程师,广州-番禺区,6000-8000元,广州市嘉骏润滑材料有限公司,"石油/石化,金属制品业",100-299人,未融资,CC593289220J40442947009,1、日常培训及协助业务部同事进行金属加工液及其相关产品的使用及维护。,7月17日,积架石油化工集团(广州市番禺区嘉骏化工有限公司为广州番禺公司）积架石油化工集团（下称「积架集团」）从事石油化工工业产品的生产、贸易及分销业务，并专注开发特种工业润滑产品。集团以支持中国工业发展为使命，并紧随中国工业的发展趋势，致力为广大用户引进崭新的润滑科技；目前集团背靠欧美拥有先进润滑科技的合作伙伴、凭借业务的穏健基础，竭力提供优质润滑产品予中国工业市场。积架集团的前身为志达行，志达行于1976年在香港注册成立，并于1984年易名为积架石油化工。积架集团在1997年被五矿建设集团收购，并于2009年由一大型联合企业并购，配合其在大中华区作多元化发展。积架集团的总部设于香港，统筹集团的管理、财务和行政事务，在广州设有厂房及在多个重要工业城市设有分公司及办事处，业务遍及全国和东南亚。积架集团之产品以特种润滑剂为主，产品众多及用途广泛，尤其适用于金属加工、汽车制造、通讯设备、电子装配、精密机械、模具注塑、压铸、航天、炼钢以及纺织等行业。积架集团严格控制产品的质量及生产过程，并在同业中率先经瑞士SGS公司审核，通过了ISO9001国际质量管理体系认证。集团以“产品不断创新、质量不断提高、服务以客为先”的服务宗旨，致力为广大工业用户提供一站式润滑产品的销售及技术服务平台。凭着卓越的产品质量、优质的服务和注重环保的意识，集团产品不但畅销国内工业城镇，且越来越多重视质量和环保的大型厂商、公用事业以至香港特区政府部门纷纷成为本集团旗下之香港公司的客户。自90年代起，本集团旗下之香港公司已成为香港特别行政区政府指定物料供应商之一，信誉卓著。以「积架」(Jaeger)为品牌的产品由座落广州自设的厂房生产，其余代理品牌在欧洲、美国及日本制造并进口中国分销。公司福利：1、5天8小时工作制，双休；2、购买社会保险共六险（包括养老保险、医疗保险、生育保险、失业保险、工伤保险、重大疾病）；3、部份法定节日有节日礼金或礼物；4、每年有年终奖及调薪机会；5、在职提升性培训（公费）和公平透明的晋升机会；6、有員工飯堂；7、法定带薪节假日11天，另行享受国家福利假期（产假、哺乳假等），年假5-15天；8、丰富团体娱乐活动（如定期羽毛球活动、旅游、聚餐、卡拉OK、文体活动）；欢迎有志有才有能之士加入我们的团队，共同开创未来。注﹕有意者请将个人简历及薪资要求发送至pyhr@jaeger.com.cn(请注明应聘职位)或登陆“前程无忧”网站直接投递简历。合则约见﹐简历资料保密。联系人：余小姐联系电话：020-84555590地址：番禺区大龙街新桥村新环中路15-1号欢迎观临我们的网页http://jaegerlube.com.cn,"https://www.zhaopin.com/jobdetail/CC593289220J40442947009.htm?refcode=4019&srccode=401901&preactionid=a7c1140f-c46c-45e5-b867-ab342d8bdc77"
2995,科研人员,武汉-蔡甸区,2-2.8万,中交第二公路勘察设计研究院有限公司,"政府/公共事业,专业技术服务",1000-9999人,,CC175993010J40741394609,工作职责： 1. 从事隧道与地下空间工程领域的研究工作； 2. 开展超长距离水平钻或山岭隧道、水下隧道、地下空间等方面人工智能及材料相关方面研究。 任职资格： 1. 2025届知名院校毕业的博士研究生或博士后科研人员； 2. 研究领域为岩土工程、隧道与地下空间工程、材料学、人工智能等方向； 3. 具备跨学科融合创新以及持续学习的能力； 4. 身心健康、工作积极、有责任心。,6月4日,中交第二公路勘察设计研究院有限公司（原交通部第二公路勘察设计院）始建于1964年，注册资本8.72亿元人民币，具有高速公路、各种复杂结构特大桥梁、特大隧道、交通工程、市政工程、铁道工程、建筑工程等项目管理和工程总承包能力，每年能完成1000公里以上高等级公路勘察设计任务，具有公路勘察设计行业标准、规范、手册、指南编制的技术实力，能承担本行业国家级重大科研课题的研究开发，连年入榜“中国工程设计企业60强”，荣获“中国市场学会信用工作委员会综合评价AAA级企业”、“全国工程勘察设计先进企业”、省市级“守合同重信用企业”等荣誉称号，2008年起被认定为“国家高新技术企业”，是我国公路勘察设计行业综合实力最强的设计企业之一。,"https://www.zhaopin.com/jobdetail/CC175993010J40741394609.htm?refcode=4019&srccode=401901&preactionid=a7c1140f-c46c-45e5-b867-ab342d8bdc77"
2996,技术支持工程师,北京-大兴区,8000-10000元,三盈联合,"电气机械/电力设备,仪器仪表制造,石油/石化",300-499人,未融资,CC136811250J40643778011,岗位职责:,5月9日,公司简介：三盈联合科技股份有限公司（原北京三盈联合石油技术有限公司）成立于2005年11月，注册资本金1.2亿。坐落于北京经济技术开发区，拥有近2万平米的现代化生产制造基地，具备年产3万台加油机的产能。是专业从事燃油加油机、CNG/ LNG加气机、环保双层储油罐及加油、加气站自动化设备的集研发、制造、销售与售后服务为一体的高新技术集团企业。三盈联合始终坚持以石油产业下游产业链业务为核心，积极实施集团化和相关产业多元化的发展战略。目前旗下拥有郑州三金、北京中储能、北京中海盈等6家全资子公司。三盈联合是中国石化、中国石油、中海油的长期战略合作伙伴和加油站设备优秀供应商，也是中东、东南亚、中亚、独联体、蒙古等国家加油站设备的主要供应商，我们基于客户需求持续创新，在加油机行业、油气回收、液位探针等石油设备领域都确立了领先地位，致力于成为世界加油设备的专业公司。三盈联合拥有一支专业领域广、创新能力强的技术队伍，拥有十余项加油机专利和专有技术；拥有各类专业技术人才近百名，专业涵盖加油机技术所涉及的IC卡、机械、电子、自动化控制、多媒体、信息化等多个技术领域，技术体系完备，技术持续创新能力强，公司拥有多项专有技术和完整自主知识产权。“三盈”牌加油机首创的IC卡一体化主板，为中石化加油卡项目在数据安全上提供了产品和技术保证，“三盈”加油机配置的高精度流量计等，把中国加油机核心技术提升到了国际先进水平。三盈联合未来五年的发展目标是成为国内加油设备行业的领军企业，在国际市场成为最具成长性和影响力的品牌。同时，也在开始实施企业的上市计划。公司拥有完善的法人治理结构、高度认同的核心价值观和优秀的企业文化、明晰的发展愿景。“做产品，做服务；用心做人，用心做事；同创价值，共享利益；”是我们团队矢志不遗的追求。本着“推崇贤德、重视人才”的用人理念，适值我公司全面发展之际，真诚欢迎有识之士携手共创美好未来。乘车路线：乘坐地铁亦庄线，在荣昌东街站下车（B1口出），乘坐兴48、49路车，在华延芯光站下车，向东300，博兴六路与兴海二街交叉口即是，中国汽车技术研究中心对面。公司地址：北京经济技术开发区博兴六路19号（中国汽车技术研究中心对面） Http://www.sanki.com.cn电话：010-52310826/52310751传真：010-67892535,"https://www.zhaopin.com/jobdetail/CC136811250J40643778011.htm?refcode=4019&srccode=401901&preactionid=a7c1140f-c46c-45e5-b867-ab342d8bdc77"
2997,Java,深圳-龙岗区,1.6-3万,外企德科数字技术有限公司,专业技术服务,10000人以上,,CCL1480117890J40753553405,万物互联的智能世界即将到来，面对大数据、大流量、大能耗的时代挑战，数字能源聚焦通信能源、数据中心能源等领域，引领能源数字化，建设绿色智能世界。数字能源提供包括从固网到无线的全场景智能站点、从边缘到云的智能数据中心等全面满足ICT行业应用场景的能源解决方案，帮助全球客户实现绿色高效、安全可靠和智能营维，支持ICT网络向5G、全云化平滑演进。 【岗位要求:】  1、热爱编程，基础扎实，熟练掌握但不限于C/C++，JAVA，python，GO等编程语言中的一种或几种。  2、熟悉Linux操作系统，对常见的数据结构和算法有一定的了解。  3、具备独立工作能力和解决问题的能力，善于沟通，乐于合作，热衷新技术，善于总结分享。,2025-07-27 00:23:49,外企德科数字技术有限公司是一家2023年新成立的中外合资企业。成立于2023年11月24日，公司定位：专注于为信息技术企业提供人才及数字技术外包解决方案的中外合资企业。它是由中国人力资源服务行业的FESCO（北京国际人力资本集团）与全球人力资源服务领导者The Adecco Group（德科集团）合资成立的。公司主要提供网络技术服务、软件外包服务、计算机系统服务、技术进出口、软件开发等信息技术相关服务。专注于为信息技术企业提供信息技术类人才及数字技术外包解决方案。,"https://www.zhaopin.com/jobdetail/CCL1480117890J40753553405.htm?refcode=4019&srccode=401901&preactionid=a7c1140f-c46c-45e5-b867-ab342d8bdc77"
2998,软件测试,西安-雁塔区,9000-13000元,陕西中科梓逸信息技术有限公司,计算机软件,20-99人,,CCL1409140330J40601506004,"可招优秀应届生 工作职责： 1、根据项目需求编写测试用例； 2、制定测试目标和测试策略； 3、测试环境搭建与维护，完成相应的测试工作； 4、在JIRA中分析与跟踪BUG； 5、进行后期测试分析；编写产品测试报告及其他文档； 6、定期总结测试问题和经验，提高测试自身测试水平； 任职资格： 1、本科及以上学历，1年以上工作经验，大专优秀者也考虑； 2、熟悉软件工程、软件测试理论和方法，熟悉相关的测试流程、测试文档标准和软件工程原理； 3、熟练掌握软件测试的方法和技巧，能独立制定测试计划、测试用例、测试规范,并能编制规范的测试文档； 4、有Android、iphone手机应用软件测试经验，或者有测试（java，C#）应用系统的经验； 5、热爱测试工作，具有强烈的责任心和敬业精神，并有很强的质量意识； 6、良好的沟通能力和积极主动精神，能够有力推动、协调工作的开展；",7月17日,,"https://www.zhaopin.com/jobdetail/CCL1409140330J40601506004.htm?refcode=4019&srccode=401901&preactionid=a7c1140f-c46c-45e5-b867-ab342d8bdc77"
2999,科研人员,济南-槐荫区,2.6-3万,济南微生态生物医学省实验室,学术/科研,300-499人,不需要融资,CCL1378374290J40664137906,工作职责与内容： （1）参与工程菌的设计、构建和优化工作，进行基因编辑和克隆实验，构建工程菌株，研究工程菌在特定应用中的性能表现等。 （2）独立进行实验数据的分析与结果解读。 （3）撰写实验报告和科研论文，参与学术交流。 （4）协助项目管理、确保项目按时开展和推进。 任职要求： 1、科研人员要求博士学历一名。 2、已获得相关专业（包括但不限于生物工程、微生物学、分子生物学、基因工程等）博士。 3、①博士学历研究生熟悉掌握基因工程及其在微生物改造中的应用，可独立开展科研工作，撰写高水平科研论文；②为人勤奋踏实，责任心强，热爱科研，具有独立开展科研工作的能力，有良好的团队合作精神。③身体健康，学风正派。 4、博士学历研究生至少在相关领域以第一作者发表中科院二区及以上研究性论文一篇。 5、具备工程菌创制工作经历和经验者优先考虑。,4月15日,济南微生态生物医学省实验室是山东省和济南市共同建设的三家省实验室之一，是国内唯一专注于人体微生态研究的研发机构，于2021年8月13日注册成立，落座于济南国际医学中心。实验室共建单位为浙江大学传染病重症诊治全国重点实验室，合建单位为山东大学、南京大学和山东第一医科大学(山东省医科院)。中国工程院院士、传染病重症诊治全国重点实验室主任李兰娟院士担任主任，中国工程院杨宝峰院士担任首届学术委员会主任。实验室围绕“微生态生物医学”领域的国家科技创新的战略需求和生物医药国际强国战略性科技前沿，以“国内领先、不可替代、世界一流、引领发展”为宗旨，对标国际先进实验室，着重建设“微生态与健康”、“微生态与疾病”和“微生态新技术”三个战略研究方向。实验室现有各类工作人员300余人，储备了益生菌食品、医疗器械、消毒产品等各类产品10余项。实验室广范开展前沿科学探索、创新人才培养、公共科研平台建设、科技成果转化，打造创新人才培养基地、高新技术新源头、成果孵化新引擎，将构建微生态生物医学领域从“基础理论创新”、“关键技术突破”、“产业化实施”到“推广应用”的完整创新链，成为国际领先的科研创新、成果转化平台。,"https://www.zhaopin.com/jobdetail/CCL1378374290J40664137906.htm?refcode=4019&srccode=401901&preactionid=a7c1140f-c46c-45e5-b867-ab342d8bdc77"
3000,实施工程师,沈阳-沈河区,6000-9000元,东华医为科技有限公司,"IT服务,IT服务",1000-9999人,未融资,CC649781480J40748668105,岗位职责：,2025-07-27 00:12:40,东华医为科技有限公司（简称东华医为）成立于2012年5月，注册资金5000万，是东华软件股份公司旗下专业服务医疗、卫生等大健康领域IT业务的全资子公司。东华医为现有员工2000余人，其中技术人员占比达到90%，拥有近100项大健康类自主知识产权的软件产品，所覆盖的大健康领域有医疗机构、卫生管理机构、互联网医疗、人工智能、大数据、健康管理等，所涉及的主要业务有IT咨询规划、方案设计、系统集成、软件开发与交付、工程实施与交付、人才培养、售后运维、合作运营等。东华医为现为全国500余家大健康领域的各类用户提供着持续的技术服务，还连续多年蝉联中国十佳医疗行业解决方案商榜首。传承了东华软件医疗卫生事业部近二十年IT业务的东华医为，在高速发展的大健康领域，笃定能大有作为。,"https://www.zhaopin.com/jobdetail/CC649781480J40748668105.htm?refcode=4019&srccode=401901&preactionid=a7c1140f-c46c-45e5-b867-ab342d8bdc77"
