id,job_name,address,salary_range,company_name,industry,company_size,company_type,job_code,job_detail,update_date,company_detail,job_url
1001,Java,长沙-岳麓区,2-4万·16薪,科锐尔人力资源服务(苏州)有限公司,咨询服务,1000-9999人,已上市,CC453635220J40630245303,base：深圳、东莞、上海、南京、苏州、杭州、武汉、西安、成都、北京、广州、济南、长沙等多地区可选，线上面试，面试定薪定级，初中高级都有hc。,5月13日,"科锐国际人力资源有限公司成立于1996年，总部位于北京。作为亚洲领先的整体人才解决方案服务商，科锐国际在中国大陆、香港、印度、新加坡等亚洲地区拥有超过79家分支机构，1,500余名专业招聘顾问，在超过18个行业及领域为客户提供中高端猎头、招聘流程外包、灵活用工、营销外包、校园招聘、培训、招聘咨询等解决方案。截至目前，科锐已与2,000余家跨国集团、国内上市公司、快速成长性企业及非盈利组织建立长期合作关系。其中70%为外资500强企业。","https://www.zhaopin.com/jobdetail/CC453635220J40630245303.htm?refcode=4019&srccode=401901&preactionid=a7c1140f-c46c-45e5-b867-ab342d8bdc77"
1002,技术支持工程师,上海-闵行区,5000-10000元,上海秦域圣科技有限公司,"互联网,云计算/大数据",20-99人,不需要融资,CCL1370537240J40376072609,职位要求 ：,4月12日,上海秦域圣科技有限公司（简称秦域圣）是北京传奇天地科技有限公司业务分离独立核算的上海公司。北京传奇天地科技有限公司（简称传奇天地）成立于2007年，主要代理分销浪潮企业级云计算和数据中心产品、是浪潮全国最高级别钻石级分销商，浪潮单一品牌产品分销年销量达亿元级别，多次获得浪潮年度最佳合作伙伴贡献奖，现为浪潮集团亿元俱乐部8家成员之一。传奇天地自成立以来先后为交通、电信、政法、宣传文化、市场监管、医疗健康卫生、环境能源、政府党政民生、企业和教育科研行业等众多用户提供各种解决方案，在技术论证、设备选型、安装调试及其相关的技术支持和售前、售后服务等方面积累了丰富的经验。秦域圣是一家专注致力于企业级产品销售、技术咨询服务及提供企业级IT解决方案的高科技公司。公司现有员工均为相关行业元老骨干型人才，上下一心，同舟共济。公司全体员工本着“以信誉求生存，以科技求发展”的宗旨，坚持“以用户为中心，以应用为目标”的原则，一如既往地发扬不懈进取的敬业精神，服务于广大客户，在中国计算机设备的系统维护、技术支持服务及计算机应用、云计算和大数据等领域做出应有的贡献。一个人势单力薄，融入团队就能立于不败；一滴水只有融入大海，才永不干涸；一个人只有当他把自己和集体事业融合在一起的时候，才能最有力量。这就是团队。如果你想要依靠自己的能力做一件有价值的事情，希望每日的付出不只是为了一份工作，而是一个可以依托的事业。在这个变革的时代，如果你希望自己不再只是一个默默无闻的旁观者，而是一个能亲身经历变革的参与者，甚至是一次伟大变革的创造者。上海秦域圣科技有很多与你有着共同目标的人。我们正在改变人们一起工作的方式，如果你也想成为其中的一员，成为一个创造者，我们在这里等待你的加入。,"https://www.zhaopin.com/jobdetail/CCL1370537240J40376072609.htm?refcode=4019&srccode=401901&preactionid=a7c1140f-c46c-45e5-b867-ab342d8bdc77"
1003,测试工程师,东莞-None,7000-12000元,重庆科满福人力资源服务有限公司,企业服务,20-99人,,CCL1487604860J40932690804,【岗位职责】 ： 1、进行新产品研发阶段的测试工作 2、完成新产品的功能测试、可靠性测试、环境测 试、安全测试等技术工作 3、制定测试计划，设计测试用例，分析测试数 据，编制测试报告 4、为其他部门提供技术支持，与其他部门的产品 联合测试工作,7月17日,,"https://www.zhaopin.com/jobdetail/CCL1487604860J40932690804.htm?refcode=4019&srccode=401901&preactionid=a7c1140f-c46c-45e5-b867-ab342d8bdc77"
1004,技术支持工程师,湛江-廉江市,8000-12000元,广东汇海农牧科技集团有限公司,"农/林/牧/渔,农副产品加工制造,工业自动化",1000-9999人,不需要融资,CC413517680J40758688513,岗位职责 - 推广集团“健康养殖模式”及动保配套方案； - 为养殖客户提供常见病防控及技术培训服务； - 参与重点客户、示范户的定期技术跟踪服务； - 协助销售及市场开展动保宣传与科普内容制作。 任职要求 - 水产相关专业（如水产养殖、水生生物、水产动保等）硕士学历； - 毕业于全国水产相关专业排名前30的高校优先； - 2025年应届毕业生或2024年毕业、动保经验1年内者优先； - 热爱水产行业，适应长期出差，有C1驾照。,7月24日,汇海农牧科技集团有限公司是一家专注于特种水产、猪、家禽、反刍与宠物饲料的现代农牧企业，总部位于广东&江门（双总部），旗下拥有10家现代化饲料工厂、一个动保工厂和多个养殖基地，业务覆盖华南、华东、华中等区域，致力于为客户提供高品质饲料与健康养殖整体解决方案。自2004年创立以来，汇海始终秉持“给客户提供价值，为员工创造幸福”的核心价值观，持续推进产品创新、管理升级与人才发展。集团重视科研投入，与中国农业大学、华中农业大学、华南农业大学等科研机构长期合作，在水产营养、疾病防控与动保技术等方面不断取得突破。2025年，汇海在印尼设立首家海外工厂，正式启动国际化战略，为中国农牧企业“走出去”积累经验并迈出关键一步。在组织建设方面，汇海坚持“专业实力+人本精神”的企业文化，不断打造规范、高效、透明、国际化的财务、人力与业务管理体系，助力员工成长成才，推动组织高质量发展。欢迎有志于农牧行业的优秀人才加入汇海，与我们共创可持续、可信赖、有价值的未来！,"https://www.zhaopin.com/jobdetail/CC413517680J40758688513.htm?refcode=4019&srccode=401901&preactionid=a7c1140f-c46c-45e5-b867-ab342d8bdc77"
1005,硬件测试,西安-碑林区,6000-8000元,陕西锐嘉电子科技有限公司,计算机硬件,20-99人,未融资,CC187978020J40729134510,**设备硬件测试** **岗位描述**： 我们正在招聘一名设备硬件测试技术员，负责硬件设备的测试和评估工作。候选人需具备相关技术背景。 **岗位职责**： - 进行硬件设备的测试和评估。 - 记录测试数据，编写测试报告。 - 识别并报告硬件设备问题。 - 协助改进测试流程和方法。 ,4月4日,公司成立于2007年，主要从事计算机软硬件的开发及销售；数码产品、多媒体产品、计算机网络工程及系统集成；安防监控；网站推广、应用、服务咨询；办公用品、安防产品、电教设备、通信设备的销售；五金小家电、化学试剂、检测仪器、玻璃器皿耗材的销售。,"https://www.zhaopin.com/jobdetail/CC187978020J40729134510.htm?refcode=4019&srccode=401901&preactionid=a7c1140f-c46c-45e5-b867-ab342d8bdc77"
1006,实施工程师,北京-西城区,8000-16000元,科锐尔人力资源服务(苏州)有限公司,咨询服务,1000-9999人,已上市,CC453635220J40804823003,1、具备良好的沟通交流能力，以及较强的文字组织和汇报能力； 2、具备很强的合作精神，学习能力强，良好的沟通协调能力，富有团队精神； 3、工作积极主动，敬业负责，能按时完成任务，能在压力下工作； 4、较强的业务分析、总结能力；有金融业务知识、会计基础者优先考虑。 5、熟悉Oracle、MySQL等关系型数据库技术中的至少一种，包括SQL编写。 6、至少具有一种以上应用服务器（WebLogic/WebSphere/Tomcat/JBoss）的实际使用经验； ,7月1日,"科锐国际人力资源有限公司成立于1996年，总部位于北京。作为亚洲领先的整体人才解决方案服务商，科锐国际在中国大陆、香港、印度、新加坡等亚洲地区拥有超过79家分支机构，1,500余名专业招聘顾问，在超过18个行业及领域为客户提供中高端猎头、招聘流程外包、灵活用工、营销外包、校园招聘、培训、招聘咨询等解决方案。截至目前，科锐已与2,000余家跨国集团、国内上市公司、快速成长性企业及非盈利组织建立长期合作关系。其中70%为外资500强企业。","https://www.zhaopin.com/jobdetail/CC453635220J40804823003.htm?refcode=4019&srccode=401901&preactionid=a7c1140f-c46c-45e5-b867-ab342d8bdc77"
1007,软件测试,深圳-龙岗区,5000-8000元,深圳市点点点信息技术有限公司,"IT服务,电子/半导体/集成电路",100-299人,B轮,CCL1405520980J40694113216,【岗位职责】项目周期：11~12个月 1、主要公司软件的蓝耳耳机测试工作，目前公司因项目扩展急招； 2、日常工作，负责蓝牙耳机的各项测试工作； 3、全方面参与测试流程，包括需求分析评审、测试计划方案编写、测试案例设计和执行、跟进bug的修复和推进，输出相关测试文档 4、有较强的沟通能力，团队协作能力强 5、有一定的抗压能力，可以适应一定程度的加班 6、熟悉OTA升级,2025年07月29日,作为“深圳创业者”的一员，深圳市点点点信息技术成立于2022年，至今2岁+，公司创立者皆来自大厂，从事智能产品研发设计、生产制造、综合服务的科技企业，积累了强大的产品级方案设计、硬件创新设计、系统级软件平台开发；涵盖智能手表、蓝牙耳机、AI游戏及AI游戏领域等智能产品布局，服务商包括vivo、oppo、realme、华为等智能产品，为广大服务商提供更好的解决方案，目前公司新的办公地址正在装修，新的家庭期待你的加入~,"https://www.zhaopin.com/jobdetail/CCL1405520980J40694113216.htm?refcode=4019&srccode=401901&preactionid=a7c1140f-c46c-45e5-b867-ab342d8bdc77"
1008,Java,福州-闽侯县,100-150元/天,福州易联星拓通信科技有限公司,"通信/网络设备,通信/网络设备",20-99人,未融资,CC575469529J90250018000,岗位职责： 1. 进行位置服务云平台等移动互联网产品的软件开发； 2. 参与公司系统平台产品的系统方案分析与设计。 任职要求： 1. 计算机软件相关专业； 3、熟悉JAVA开发语言； 4、熟悉前端开发VUE框架； 5、熟悉后端Spring Cloud微服务框架； 6、熟悉使用Mysql数据库、redis、mq等； 7. 熟悉使用 idea、Visual studio code、uniapp等开发工具、SVN等； 8. 熟悉掌握 HTML5、JavaScript、Jquery、AJAX、JSON 有扎实的技术和解决问题的能力； 福利待遇： 1、法定节假日放假，周末双休。 2、超长春节假期。 3、加班积分补助。 4、免费加班餐。 5、年底双薪，绩效奖金，年度调薪。 6、员工旅游。 7、地铁2号线直达公司大厦门口。 8、8小时工作制。 9、免费停车（电动车、私家车）。 10、评先评优：每年年终公司对优秀员工获得者予以表彰嘉奖   11、不定期聚餐活动,6月6日,"福州易联星拓通信科技有限公司是以车联网为核心、提供软件平台、硬件终端、数据服务的物联网整体解决方案提供商。在车联网领域，公司公司以汽车安全网联技术为基础，为车企、车队、用户及产业链相关方提供汽车全生命周期管理解决方案，进一步实现汽车安全网联及智能网联。在物联网领域，以车联网和移动位置服务为基础，结合先进传感技术及5G通讯技术，提供提供移动资产物联解决方案。我司是国家高新技术企业、双软企业和福建省科技型企业，是福建省汽车工业协会、中国NB-IOT联盟、联通物联网联盟、国家新能源大数据联盟等机构的理事或成员单位。我司通过IATF16949汽车质量体系认证，已经构建起了一套符合车厂要求的研发及生产质量体系，成为国内众多车企的合格供应商。公司以研发为主，研发人员占总人数的70%以上，核心研发人员在车联网、位置服务及北斗应用行业积淀多年，能够深刻理解行业，快速响应需求，深度定制方案。公司位于福州高新技术产业园海西园，毗邻大学城，与多所知名高校、科研机构建立了长期的战略合作关系，为公司的长久持续发展及创新研发提供了强有力的保障。同时公司获得多项著作权、软件产品及专利,并承担相关科技项目的研发。公司以“构建易联世界，创新驱动未来”为使命，致力于成为国内领先以车联网为核心的物联网整体解决方案及数据服务提供商。福利待遇：享受有薪假及法定节假日；员工旅游、年终奖等等各种福利工作时间：7.5小时工作制联系方式： 1、联系人：陈小姐招聘热线：0591-38201116； 2、公司地址：福州市高新区海西高新技术产业园中青大厦4楼；交通便利：公交站、地铁站均在公司大厦门口 1）.市区可乘173、172、336、151公交到福州高新区【创业中路】站下车即到 2）.公司中青大厦门口地铁站：地铁2号线【厚庭站】（2019年开通）","https://www.zhaopin.com/jobdetail/CC575469529J90250018000.htm?refcode=4019&srccode=401901&preactionid=a7c1140f-c46c-45e5-b867-ab342d8bdc77"
1009,Java,合肥-蜀山区,1-1.5万,新讯数字科技(杭州)有限公司北京分公司,"运营商/增值服务,计算机软件,通信/网络设备",1000-9999人,不需要融资,CC120409680J40717027409,岗位职责： 1、 JAVA应用系统项目开发和支持 2、 按照公司规范编制高质量代码 3、 按照公司规范对于代码进行测试，保证交付代码质量 4、 编写相关技术文档 岗位要求： 1、专科及以上学历，计算机或相关专业，有2年以上Java软件开发工作经验； 2、精通Java技术，有独立的coding能力和良好的编程习惯和代码规范； 3、精通微服务架构，熟悉spring、MyBatis了解其原理和实现机制，熟悉分布系统的原理，有实际大型微服务拆分经验者优先； 4、熟悉但不限于zookeeper/k8s/dubbo/tomcat/Apache/Nginx/MQ等开源框架与产品的实现； 5、熟悉weblogic、jboss tomcat、websphere等应用服务器，精通linuxwindows系统上的安装部署、配置及性能调优； 6、能独立分析问题、解决问题、有较强的学习能力、沟通协调能力，强烈的责任心、工作踏实； 7、技术视野开阔，对业界新技术敏感，喜欢钻研，拥有良好的沟通协调和团队合作能力。 8、了解基础大数据技术和组件者优先，如Hadoop、Kafaka、有应用经验者优先,3月31日,新讯数字科技（杭州）有限公司（简称“新讯”、“EB”），曾用名“杭州东信北邮信息技术有限公司”，由北京邮电大学廖建新教授以其主持研发的移动智能网核心技术为基础，于2000年2月创建。公司现有员工约1800人，在全国二十多个省、自治区、直辖市设立了分公司/办事处，拥有投资近4000万元的大型系统实验室。经过二十余年拼搏，已形成了立体化产品矩阵，覆盖核心网络通信、高性能媒体处理、大数据与AI、通信安全、物联网等DICT领域，为现网近10亿用户提供电信级服务。目前，公司已经成为国内运营商的重要战略合作伙伴和移动通信领域的主要支撑厂商。,"https://www.zhaopin.com/jobdetail/CC120409680J40717027409.htm?refcode=4019&srccode=401901&preactionid=a7c1140f-c46c-45e5-b867-ab342d8bdc77"
1010,实施工程师,天津-北辰区,4000-7000元,天津施格自动化科技有限公司,"工业自动化,工业自动化",20-99人,,CC543706030J40765745710,岗位职责：  1、负责与售前规划工程师对接AGV项目方案的沟通与确认；,7月14日,一、公司简介天津施格自动化科技有限公司（简称“施格自动化”）成立于2016年，由多位精益生产和智能制造行业专家依托丰富的行业经验共同建立，公司总部位于天津。施格自动化自2016年成立至今，分别在天津、上海等地建立分公司，并计划今年在昆山设立服务中心和生产基地。施格自动化旨在为工厂、物流行业提供将机器人运用到工厂的二次包装环节和现代仓储物流行业货品的集散、分拣包装环节等，从智能化升级咨询服务到成套智能化升级解决方案，并提供全套一体化的“交钥匙”工程，为客户企业提供专业、高效、智能化的服务。2018年11月施格自动化获得《国家高新技术企业》证书，同年12月通过ISO9001质量管理体系认证及ISO14001环境管理体系认证。施格自动化还通过与各高校合作，建立了一套产、学、研相结合的研发、生产、营销服务体系。施格自动化利用产品和服务的可靠性、智能化升级咨询服务和解决方案能力的专业性和创新性，恪守承诺的服务态度，与诸多知名跨国集团、知名本土企业建立了长期合作关系，包括京东、阿里巴巴、顺丰、等大型电商物流企业，同时也成为大福、中集等大型物流设备公司的服务提供商。施格为客户提供全面的工业智能升级方案，工业智能升级主要为制造企业提供工业智能升级所需的智能化诊断服务，通过对客户的生产要素、制造资源、业务应用的分析，协助顾客明确智能化升级所需要的方法、定位成熟等级、识别智能化水平差距、确立升级目标、推荐改善方案。施格自动化在专业领域的不断探索中，还为客户提供工业4.0整体软硬件一体化解决方案及实施。施格自动化业务范围涵盖供应链、生产制造、质量控制、设备管理、能源管理、工业大数据、AI等领域，并可以融合精益生产理念提供全套智能化解决方案。施格自动化以精益求精为理念、用专业的知识为中国各行各业提供智能制造改造方案，为中国制造业培养人才团队，助力中国制造业实现智能化升级。二、发展历程回顾2016年—施格自动化利用智能制造的专业性、智能化，秉承恪守承诺的服务态度，迅速占领市场，赢得行业内、客户企业的多次推荐和良好口碑。2018年—施格自动化单独成立专业的智能化解决方案团队。凭借在数字化工厂多年的实战经验，依托精益生产理念，融入“云计算、移动互联、大数据、人工智能、工业互联网、机器人”等创新技术，成为汇聚经验丰富的工业化和智能化诊断、解决方案、开发、实施与运维的专业智能化解决方案团队。团队秉承以科技为核心，以精益思想为主导，以服务为导向，多层次、多模式实现企业智能化转型升级，并依托智能Sugar工业互联网平台，实现“Daas边缘数据化+IaaS设备自动化+PaaS资源平台化+SaaS系统智能化”的核心技能，赋能工业智能化升级，致力于将专业的诊断和咨询，专业的解决方案、专业的开发、专业的实施、专业售后到专业培训的一站式服务融入到企业智能化升级中，使诊断明确，解决方案更加有效，使客户企业改善效果落地，从而提高客户企业的行业竞争力。2020年—施格自动化进入粉体包装码垛行业，依靠施格自动化专业团队多年在物流和包装行业的经验，为粉体包装行业带来全自动化包装码垛系统。2022年—施格自动化进入半导体智能检测行业，依靠施格自动化专业团队和优秀口碑，在行业内脱颖而出，拿下多个优质客户企业。,"https://www.zhaopin.com/jobdetail/CC543706030J40765745710.htm?refcode=4019&srccode=401901&preactionid=a7c1140f-c46c-45e5-b867-ab342d8bdc77"
1011,技术支持工程师,广州-黄埔区,4000-8000元,广州市微嵌零壹自动化科技有限公司,工业自动化,20-99人,,CC625256530J40821573608,激光打标产品的售前售后技术支持 岗位JD：,7月15日,,"https://www.zhaopin.com/jobdetail/CC625256530J40821573608.htm?refcode=4019&srccode=401901&preactionid=a7c1140f-c46c-45e5-b867-ab342d8bdc77"
1012,前端开发,东营-东营区,8000-12000元,山东瑞鸿能源服务集团股份有限公司,石油/石化,1000-9999人,,CC485924730J40931615404,岗位职责 1. 负责公司 Web 应用、App 端及小程序的前端开发工作，根据产品需求和 UI 设计稿实现高质量的用户界面。 2. 参与前端技术架构的设计与优化，提升系统的性能、可维护性和用户体验。 3. 与产品经理、后端开发工程师等团队成员紧密协作，确保项目的顺利推进和按时交付。 4. 持续关注前端技术发展趋势，引入先进的技术和工具，提升团队的开发效率和技术水平。 任职要求 1. 本科及以上学历，计算机相关专业，具有 3-5 年前端开发工作经验。 2. 精通 Vue.js 框架，具备丰富的 Vue3 开发经验，熟悉 Vue 的生态系统（如 Vue Router、Vuex/Pinia 等）。 3. 熟练掌握 Element UI、Ant Design Vue 等主流 UI 组件库，能够高效地进行页面开发和组件封装。 4. 熟练掌握HTML、CSS、js等开发语言技术经验者优先。 5. 熟悉 App 开发（UniApp）及小程序（微信小程序）的开发流程和技术规范，有相关项目开发经验者优先。 素质要求 1. 具有强烈的团队合作意识，能够积极主动地与团队成员沟通协作，共同解决问题。 2. 具备良好的逻辑思维能力和问题分析解决能力，能够独立承担开发任务并应对技术挑战。 3. 工作认真负责，有较强的责任心和执行力，能够按时保质地完成各项工作任务。 4. 具有良好的学习能力和创新精神，乐于接受新知识和新技术，不断提升自身的专业素养。,7月26日,山东科瑞石油技术有限公司是一家专注于油气田勘探、开发技术服务，和新能源开发技术服务的技术驱动型一体化方案和服务提供商。公司业务涵盖油气田、清洁能源（天然气、煤层气、页岩气等），新能源（地热）开发技术服务等领域，为客户提供气体增产技术、压裂增产技术、钻修井工程技术、油气田开发运维管理、高温地热井钻完井及热源开发利用，以及配套室内实验研究、油田化学助剂、井下工具等一体化方案与服务。公司取得了高新技术企业认证，在油气田勘探开发、非常规油气开采、注气提高采收率、烟气资源化利用等领域拥有上百项技术专利。公司与国家一流石油高效深度合作，与中国石油大学（华东）联合建立有“泡沫流体技术研究中心”，并与中国石油勘探开发研究院、胜利油田勘探开发研究院等十余家机构有长期战略合作关系。现有员工2000余人，其中博士10余人，本科以上学历人数超过50%；公司秉承国际化的人才战略，公司海外常驻人员700人，其中外籍员工500余人，本土化率超过90%。公司业务广泛分布在全球的中东、泛俄、中亚、非洲、南美等地区，国内业务主要集中在新疆、西南、陕西、东北、华东等地区。现有200余支工程技术服务队伍，为10余个国家100多个油气田提供一体化方案与服务。,"https://www.zhaopin.com/jobdetail/CC485924730J40931615404.htm?refcode=4019&srccode=401901&preactionid=a7c1140f-c46c-45e5-b867-ab342d8bdc77"
1013,前端开发,惠州-惠城区,5000-7000元,深圳市指南测控技术有限公司,仪器仪表制造,20-99人,,CC467270080J40642767806,岗位职责： 1、按照公司项目要求，独立完成 PC 端、移动端部分前端设计和开发任务  2、根据产品需求，能初步分析并给出简单页面前端结构方案  3、与后端人员协作，完成常规页面和交互功能的开发与实现  4、解决常见的项目界面问题和兼容性问题,7月24日,"深圳市指南测控技术有限公司致力于智能穿戴功能与音频、射频（TWS,蓝牙音箱，智能手表、汽车中控系统等）产品的测试仪表及全智能无人化测试设备的研发、制造、销售及售后。公司通过ISO9001质量体系认证，国家高新技术企业，专精特新，拥有专利60多项。可提供产品从SMT段、半成品组装段及成品和包装段的整套自动化测试的解决方案及设备。公司秉承“让制造更智能”的企业使命，以“专业、可信赖、持续创新”为核心价值观，运用设计思维与创新理念，自主开发先进测试与制造技术，优化制造系统，笃志成为“全球领先的智能制造方案服务商”，为各制造工厂提供高效率，高品质的测试仪表及自动化测试设备等一站式定制服务。","https://www.zhaopin.com/jobdetail/CC467270080J40642767806.htm?refcode=4019&srccode=401901&preactionid=a7c1140f-c46c-45e5-b867-ab342d8bdc77"
1014,实施工程师,晋中-榆次区,9000-18000元,青岛安然物联网科技有限公司,"物联网,物联网",20-99人,未融资,CC559764920J40675757504,需要弱电技术、自动化、安防系统、工业互联网+危化安全生产、物联网人才，不要纯软件人才。  你能经常到全国各地出差吗？你能到工业生产现场生产现场做技术支持吗？   真正的奋斗者在安然会有让人值得为之奋斗的事业，会有充实、高效的成长，会有高人一等的收入。   你能做好售前技术支持、根据客户需求，高效制作方案吗？你能做好售中技术支持、指导他人正确安装、部署、调试系统向用户保质保量快速交付吗？你能做好售后维护，高效沟通和落实客户需求吗？   迄今已服务中石化、中石油、延长石油、国能、兖矿、京能、索普、新安、奇美、昊源、潞安、旭阳、垦利、逸盛、海科、酒钢、金发等几百家石化、化工、选煤、钢铁、电厂企业。    安然以客户为中心，以强者为本，抬头乐干，愿意与同道中人联合、链接，携手共建、共用、共享生产安全命运共同体，一起干，一起干，让优秀企业更安全，让优秀企业更高效！,7月22日,基于精准人员定位的工业安全生产信息化管理专家，安全生产信息化管理引领者！作为全国实时定位技术标准工作组成员和应急管理部“工业互联网+危化安全生产”人员定位系统技术支持机构，安然从2012年起致力于基于ZigBee Plus三维立体按需精准定位的“工业互联网+安全生产”的研究，获得了20多项安全智能管控系统发明专利和著作权，持续引领中国化工行业生产现场智慧安全！安然以“准、稳、狠”的ZigBee Plus三维立体按需精准人员定位统和“底数清、数据准、情况明、研判准、措施实”的安全生产信息化平台为核心，整合访客管理、出入口控制、人脸识别、视频监控、语音广播、重大危险源监控、可燃有毒气体监测等系统，对生产现场人、机、料、法、环五大要素进行实时、动态、智能管控和预警，规范人的安全行为，保障人的生命安全，有效防范风险、主动化解风险，实现智慧安全。安然“以用为本”，把安全生产信息化建设与公司管理体系“深度融合”，把安全生产信息化建设与日常工作“紧密结合”，对安全生产切实“有用、实用、好用”，避免建用“两张皮”，让安全管控更智能，让生产更高效才实用。迄今已服务中石化、中石油、延长石油、国能、兖矿、京能、索普、新安、奇美、昊源、潞安、旭阳、垦利、逸盛、海科、酒钢、金发等几百家石化、化工、选煤、钢铁、电厂企业。安然以客户为中心，以强者为本，抬头乐干，愿意与同道中人联合、链接，携手共建、共用、共享生产安全命运共同体，一起干，一起干，让优秀企业更安全，让优秀企业更高效！,"https://www.zhaopin.com/jobdetail/CC559764920J40675757504.htm?refcode=4019&srccode=401901&preactionid=a7c1140f-c46c-45e5-b867-ab342d8bdc77"
1015,技术支持工程师,丽水-莲都区,8000-16000元,青岛安然物联网科技有限公司,"物联网,物联网",20-99人,未融资,CC559764920J40884193704,岗位职责： 1. 负责石化、化工厂人员定位系统的现场实施、现场交付和技术赋能等工作。 2. 对接客户需求，进行需求调研，制定详细的施工方案和计划。 3. 确保项目按照既定的时间节点和质量要求完成交付。 4. 对已交付的项目进行后期技术支持与维护。 岗位要求： 1. 年龄在25-35岁之间。 2. 能够适应经常出差的工作要求。 3. 熟悉信息化、弱电及工业互联网相关技术。 4. 具备良好的沟通协调能力和问题解决能力。,7月21日,基于精准人员定位的工业安全生产信息化管理专家，安全生产信息化管理引领者！作为全国实时定位技术标准工作组成员和应急管理部“工业互联网+危化安全生产”人员定位系统技术支持机构，安然从2012年起致力于基于ZigBee Plus三维立体按需精准定位的“工业互联网+安全生产”的研究，获得了20多项安全智能管控系统发明专利和著作权，持续引领中国化工行业生产现场智慧安全！安然以“准、稳、狠”的ZigBee Plus三维立体按需精准人员定位统和“底数清、数据准、情况明、研判准、措施实”的安全生产信息化平台为核心，整合访客管理、出入口控制、人脸识别、视频监控、语音广播、重大危险源监控、可燃有毒气体监测等系统，对生产现场人、机、料、法、环五大要素进行实时、动态、智能管控和预警，规范人的安全行为，保障人的生命安全，有效防范风险、主动化解风险，实现智慧安全。安然“以用为本”，把安全生产信息化建设与公司管理体系“深度融合”，把安全生产信息化建设与日常工作“紧密结合”，对安全生产切实“有用、实用、好用”，避免建用“两张皮”，让安全管控更智能，让生产更高效才实用。迄今已服务中石化、中石油、延长石油、国能、兖矿、京能、索普、新安、奇美、昊源、潞安、旭阳、垦利、逸盛、海科、酒钢、金发等几百家石化、化工、选煤、钢铁、电厂企业。安然以客户为中心，以强者为本，抬头乐干，愿意与同道中人联合、链接，携手共建、共用、共享生产安全命运共同体，一起干，一起干，让优秀企业更安全，让优秀企业更高效！,"https://www.zhaopin.com/jobdetail/CC559764920J40884193704.htm?refcode=4019&srccode=401901&preactionid=a7c1140f-c46c-45e5-b867-ab342d8bdc77"
1016,技术支持工程师,北京-大兴区,面议,萨姆森控制设备(中国)有限公司,"仪器仪表制造,电气机械/电力设备",300-499人,未融资,CC000133331J90250050000,岗位职责： 负责与设计院或用户的技术澄清； 协助销售工程师做项目的阀门选型和报价。 积极配合商务部和售后服务等部门圆满完成每个定单。 完成相关项目技术支持工作和商务投标。  任职资格: 自动控制仪器仪表及自动化专业，本科以上学历； 3年以上石油化工工程设计工作经验或调节阀技术支持工作经验； 较强的学习能力和刻苦的钻研精神； 熟练使用电脑及配套办公设备； 良好的英语听，说，读，写能力；良好的团队合作精神； 耐心，细致，认真，有责任心。 职位福利：五险一金、年底双薪、绩效奖金、带薪年假、补充医疗保险、定期体检、节日福利   ,3月7日,"萨姆森控制设备（中国）有限公司成立于1998年5月，系德国萨姆森公司(SAMSON AG）在中国的全资子公司，总部在德国的法兰克福。目前中国公司在上海、成都、南京、广州、沈阳及武汉均设有分支机构。德国萨姆森公司成立于1907年，从自力式工业调节阀起家。公司总部设在德国的法兰克福，在全世界40多个国家设有近80个分支机构，生产厂家分布欧洲、亚洲和北美洲。萨姆森公司的产品涵盖了调节阀、执行器和定位器等几十种产品系列，模块化的设计，使阀门能在各种工况条件下满足最苛刻的要求。今天，萨姆森产品广泛地应用于石化、供热、冶金、轻工等行业，巴斯夫、拜尔、壳牌、可口可乐、雀巢、北京热力公司、首钢、红塔山、西安杨森等都是萨姆森产品的长期用户。萨姆森控制设备（中国）有限公司，是于1998年在北京经济技术开发区注册的外商独资企业，于2003年在区内投资建厂，投资总额为601.8081万欧元，目前总资产规模近千万欧元。几年来，在开发区良好的投资环境和国家政策的大力支持下，公司生产经营发展迅速，先后在上海、成都、南京、广州、沈阳和武汉等地建立了分公司，并在南京、上海设立了维修中心。经过多年的努力,萨姆森（中国）公司连续多年被北京市科委评为高新技术企业。随着公司市场份额及专业人员队伍的增长，我们已于2011年初完成了生产和厂房的二期扩建工程，以满足不断增长的业务需求。应聘者请将中英文简历、个人近照及相关资质证书等证件通过电子邮件发给我们。公司为员工提供富有竞争力的薪水、福利、培训机会及良好的职业发展平台","https://www.zhaopin.com/jobdetail/CC000133331J90250050000.htm?refcode=4019&srccode=401901&preactionid=a7c1140f-c46c-45e5-b867-ab342d8bdc77"
1017,测试工程师,开封-龙亭区,7000-14000元,河南歌络影视传媒有限公司,新媒体,20人以下,,CCL1495955890J40793578603,1、专科及以上学历，年龄20-30岁，无经验可以接受 2、熟悉常用得测试方法和技巧，理解测试流程，并写出测试用例;  3、跟踪并报告测试工作的进展，发布后撰写测试总结报告，对测试遗漏问题进行分析;  4、对新能源汽车方面感兴趣，并想长期稳定的发展;  5、对测试实施过程中发现的问题进行准确描述，并与开发人员沟通反馈，推进解决;  6、良好的综合素质，积极主动、有担当、有良好的沟通能力力、严谨的逻辑思维能力。    车载测试工程师薪资待遇,7月22日,,"https://www.zhaopin.com/jobdetail/CCL1495955890J40793578603.htm?refcode=4019&srccode=401901&preactionid=a7c1140f-c46c-45e5-b867-ab342d8bdc77"
1018,实施工程师,唐山-路北区,6000-8000元·14薪,唐山松下产业机器有限公司,电气机械/电力设备,500-999人,,CC120963930J40809676303,岗位职责:,7月16日,"唐山松下产业机器有限公司（简称PWST）成立于1994年8月，是由日本松下集团和唐山开元电器有限公司共同投资兴建的中日合资企业。日本松下的投资比例为60%，唐山开元电器有限公司的投资比例为40%。公司采用日本松下先进的管理和技术，使用世界一流的制造、调试及检测设备，生产商标为""Panasonic""的各种CO2/MAG/MIG气体保护焊机、交／直流氩弧焊机、交直流弧焊机、等离子切割机、电阻焊机、焊接机器人及相关产品，其中产品的10%出口。唐山松下在全国各主要大中城市都设有代理店和销售店，拥有完善的产品销售、部品供应和售后服务网络。1996年以来，唐山松下的销售额一直位居中国电焊机行业首位，并被日本松下公司评价为“松下在华的最佳合资企业”。唐山松下在电焊机行业的位置是中国第一，亚洲第三、世界前十。作为目前国内最大的焊接设备制造企业，唐山松下以领先的科技和优良的产品品质赢得了用户的广泛赞誉，Panasonic电焊机成为行业界最受欢迎的品牌。","https://www.zhaopin.com/jobdetail/CC120963930J40809676303.htm?refcode=4019&srccode=401901&preactionid=a7c1140f-c46c-45e5-b867-ab342d8bdc77"
1019,技术支持工程师,洛阳-涧西区,5000-9000元,北京创新联杰网络技术有限公司,"通信/网络设备,计算机硬件,计算机软件,互联网",100-299人,未融资,CC121016110J40676321708,岗位职责： 1、理解公司项目和产品，用中文或英语与意向客户沟通项目情况； 2、解决客户体验或使用过程中遇到的技术问题，解决不了的，需及时反馈公司和相关研发工程师；任职要求:  1、本科及以上学历，电子信息、通信等工科相关专业毕业，有海外留学经验，英语口语较好者;  2、有较好的文字组织能力、学习能力;  3、逻辑思维能力强，有良好的语言表达能力、说服力和良好的沟通技巧;  4、具备良好的协调、分析和解决问题的能力和优秀的团队合作精神。,7月28日,北京创新联杰网络技术有限公司2000年成立，位于北京市海淀区上地。PROCET(中文简称派森特）为公司产品的注册商标，并已经在欧美、日本等国家注册。公司专业生产POE(Power Over Ethernet)网络供电网络产品和物联网控制产品。具备完善的品牌运营，产品开发，生产体系。我们的办公总部位于北京市海淀区上地开拓路7号先锋大厦，销售、研发和生产基地位于广东省东莞市大岭山金雄达科技园，在洛阳市涧西区北航科技园4号楼设有办事处。公司产品均符合CE、FCC安规要求，主要产品有TUV和UL基础认证和全球主要国家的全认证。目前公司产品80%外销欧洲、美国、澳洲、韩国、日本等国家。并与一些国际著名品牌形成长期配套供货关系。洛阳办事处（技术中心）主要任务是物联网产品的开发和公司产品可靠性测试工作。,"https://www.zhaopin.com/jobdetail/CC121016110J40676321708.htm?refcode=4019&srccode=401901&preactionid=a7c1140f-c46c-45e5-b867-ab342d8bdc77"
1020,科研人员,深圳-光明区,3-3.5万,光测未来(深圳)科技有限公司,光电子行业,20-99人,天使轮,CCL1480680020J40633257508,依托与深圳大学博士后流动站，入职中国计量科学研究院深圳技术创新研究院。 岗位职责： 1.负责各类气体传感器方向的国际前沿调研； 2.负责分子光谱相关的新方案提出和设计； 3.负责申请纵向课题、发表SCI论文、参加国内国际学术会议； 4.负责牵头组织激光气体传感器和分析仪的研发工作。 任职要求 1.仪器科学类、自动化类、光学工程类专业； 2.取得博士学位3年内，年龄不超过35周岁； 3.在SCI期刊上发表激光气体光谱方向论文2篇以上优先； 4.精通Labview编程和机械制图； 5.英语通说读写等沟通表达能力良好。 工作条件和待遇 1. 博士后聘期2年，在站期间可申请深圳市博士后在站生活补贴36万元/2年。 2.博士后出站选择留深从事科研工作，且与本市企事业单位签订3年以上劳动（聘用）合同的，可申请深圳市博士后留/来深科研资助（10万/年，共计3年）。 3.出站留本单位工作可申请光明区博士后出站生活补贴（10万/年，共计3年）。 4.在站工作期间计入单位工龄，可参加职称评定，表现优异者，出站优先留院工作。 5.享有五险一金、年度考核奖金、项目/课题奖励等福利待遇。 6.协助办理落户、申请人才房、子女入园/学等，与其他正式员工同等享受年度体检、过节费、员工活动福利等。 上述相关支持政策，依政府相关部门颁布的最新办法执行。 优秀博士后给予光测未来公司期权。,3月19日,光测未来(深圳）科技有限公司是专注于激光仪器相关模块和传感产品的高科技企业。公司孵化于中国计量科学研究院深圳创新研究院，获得数百万天使轮投资。核心团队包括清华、中科院大学等顶尖大学和研究所博硕士;致力于激光仪器相关模块和传感产品的研发、生产和应用。光测未来采用产品+服务模式，以市场需求为导向，立足自身技术优势，为国内外市场提供高质量的激光相关模块和传感器，自主掌握高精度温度控制、低噪声激光驱动、高精度激光光谱检测技术三大核心技术，为客户提供从模块、传感器到服务的高品质、高效率产品和方案。企业文化：坦诚、谦逊、主动企业使命：成就精密光学测量美好未来企业理念：初心定未来、创新造价值、分享聚人心。公司中文官网：www.sensefuture.com.cn公司英文官网：www.sensefuture.com,"https://www.zhaopin.com/jobdetail/CCL1480680020J40633257508.htm?refcode=4019&srccode=401901&preactionid=a7c1140f-c46c-45e5-b867-ab342d8bdc77"
1021,测试工程师,襄阳-樊城区,5000-7000元,天阳科技,"计算机软件,计算机软件",1000-9999人,已上市,CC120408370J40824008408,1.全国项目驻场测试，主要负责功能、数据或接口等相关测试工作； 2.统招本科学历及以上（学信网可查）；毕业满2年；计算机专业优先； 3.热爱软件测试行业、有强力的自驱力，能够在测试岗位深入学习研究； 4.有无经验均可，服从公司安排，接受公司培养，可接受异地工作优先； 福利待遇： 上市公司，公司可以提供住宿，提供五险一金； 欢迎符合要求的小伙伴们投递~,7月23日,天阳科技(股票代码：300872)，是全球金融创新服务的重要贡献者，持续赋能中国金融行业数字化转型，为客户提供咨询、金融科技产品、金融IT服务、云计算及运营服务。公司成立于2003年，服务超过300家金融行业客户，覆盖中央银行、政策性银行、国有银行、股份制银行、地方性商业银行、非银行金融机构等，员工人数近7000人，成为激活金融领域创新活力、推动金融科技迈入世界领先水平的重要力量。作为金融行业客户可信赖的合作伙伴，天阳科技凭借丰富的行业经验和端到端的专业服务，在信创、数字化金融、信贷、交易银行、信用卡、零售、营销、风险管理、征信监管等众多领域具备核心竞争力。据赛迪和IDC报告显示，近年来公司在中国银行业IT解决方案市场排名强势崛起，2019年收入及市场占有率综合排名分别位列第四位和第五位，并保持高速增长。同时，前瞻商业和科技趋势，入选2021年度未来银行科技服务商TOP100。天阳科技始终聚焦金融科技领域，加大自主创新力度，在超过100个城市建立本地化、专业化的研发和服务团队，拥有CMMI5级认证、软件测试成熟度模型集成（TMMi）3级认证、ISO9001质量管理体系认证、ISO20000信息技术服务管理体系认证、IS027001信息安全管理体系认证。通过部署人工智能、云计算、大数据、移动互联网、分布式计算和区块链等先进金融科技，公司致力于构建安全可控、普惠民生、开放共赢格局，在关键技术领域服务现代化金融发展大局，更好地为各利益相关方创造更大价值，为大中企业、小微企业以及每个个体提供优质金融服务。,"https://www.zhaopin.com/jobdetail/CC120408370J40824008408.htm?refcode=4019&srccode=401901&preactionid=a7c1140f-c46c-45e5-b867-ab342d8bdc77"
1022,测试工程师,广州-花都区,5000-7000元,无锡睿控物联网科技有限公司,"IT服务,仪器仪表制造,计算机软件,物联网",20-99人,未融资,CC264143630J40852300715,1.根据需求文档和开发设计规范，制定测试方案，设计、评审、编写测试用例，执行测试，具备软件开发生命周期的专业知识; 2.跟踪定位业务反馈问题，支撑团队快速做出响应; 3.进行缺陷管理，对问题进行整理分析和判断，并给出合理化改进意见; 4.能接受短期客户现场驻场及加班情况。交付项目客户现场测试、定制版本测试。,6月9日,睿控科技是大健康产业链智能化整体解决方案服务商，为客户提供从规划设计到项目落地全流程交钥匙数字化、智能化服务，助力企业、园区、监管单位实现数字化、智能化管理和运营。睿控科技致力于自动化、数字化、智能化、物联网技术的研发、实施、推广，业务覆盖：ICS智能自控系统、IOT设备互联数据采集系统、SCADA数据可视化系统、MES生产执行管理系统、APS高级排产系统、WMS智能仓库系统、PLM产品研发系统等数字化、智能化系统。睿控科技核心团队组建于2012年，专门为行业提供深度服务，先后为上百家行业客户提供技术服务，已形成以上海为总部，以无锡为研发中心和交付中心，上海、广州、江苏、浙江为4个辐射全国的营销中心的产业布局。,"https://www.zhaopin.com/jobdetail/CC264143630J40852300715.htm?refcode=4019&srccode=401901&preactionid=a7c1140f-c46c-45e5-b867-ab342d8bdc77"
1023,实施工程师,深圳-罗湖区,4000-6000元,广州鼎嘉嘉贸易有限公司,物联网,20人以下,,CCL1438574140J40763184114,1. 负责软件系统的现场实施和配置。 2. 提供客户培训和技术支持。 3. 收集并反馈客户需求和问题。 4. 参与系统的测试和优化工作。 5. 能适应出差，解决客户现场问题。 感兴趣请联系我们，期待你的加入！,6月6日,,"https://www.zhaopin.com/jobdetail/CCL1438574140J40763184114.htm?refcode=4019&srccode=401901&preactionid=a7c1140f-c46c-45e5-b867-ab342d8bdc77"
1024,科研人员,济南-市中区,1-2万,湖南潇湘人力资源服务有限公司,"人力资源服务,培训/辅导服务,房地产中介,计算机硬件",300-499人,B轮,CC419440410J40707936316,博士硕士以及有留学经历的学士引进，需要博士硕士及有留学经历的学士人员参加，加入硕博高层次人才库，有愿意参加地方启*人才、领*人才、泰*人才 、火*人才、招才引智计划、海外优才计划等项目，都可以投递简历，可专职兼职灵活参加各各类**、企业、高校等项目，欢迎国内外博士硕士及有留学经历的学士人才投递简历（（学士报名必须有中留服认证，硕士博士可直接报名），可专兼职参加。 本公司有丰富的博士硕士人才库，有博士硕士项目也可洽谈沟通。,6月30日,湖南潇湘人力资源服务有限公司，系经工商行政管理局批准设立的，具有独立企业法人资格，并经人力资源和社会保障部批准备案，具有合法人力资源服务资质的，专业人力资源服务机构。公司积极响应国家号召，搭建供需平台，畅通就业渠道，充分发挥人力资源机构在促进就业中的积极作用，多渠道扩大就业。公司致力于打造成为立足湖南、覆盖全国的综合性专业人力资源服务供应商，依托于招聘会场和网络平台，为各企事业单位开展现场招聘、网络招聘、报纸招聘、代理招聘、招聘外包、劳务派遣、高级人才猎头和人力资源管理咨询等专业配套服务；为求职个人提供职业咨询、职业指导、职业介绍等就业服务。公司现场招聘平台--湖南招聘市场，于每周六、周日在贺龙体育场东门举办招聘会，欢迎各企事业单位和各类人才通过现场直面交流，我们将以专业、专注的精神，为您招才、择业，提供全面、优质的服务！招聘热线：400-000-7318、0731-83759001/02/03/04/05/06/07/08/09/10招聘会场：贺龙体育场正东门--湖南招聘市场(芙蓉中路、侯家塘北、摩天轮广场上台阶)乘车路线：1：乘105、115、150、159路至“侯家塘北”2：乘101、104、701、702、703、905路、长株潭201路至“侯家塘-芙蓉中路”3：乘旅2、2、4、8、104、123、137、140、145、160、202、314、402、601、803、804、906、908路至“侯家塘西”往芙蓉路至“侯家塘北”详情请访问： http://www.hnzpsc.com,"https://www.zhaopin.com/jobdetail/CC419440410J40707936316.htm?refcode=4019&srccode=401901&preactionid=a7c1140f-c46c-45e5-b867-ab342d8bdc77"
1025,软件测试,湘潭-岳塘区,1-1.2万·13薪,青岛瑞晟元人力资源有限公司,人力资源服务,20人以下,不需要融资,CCL1431271280J40777391607,,2025年07月28日,,"https://www.zhaopin.com/jobdetail/CCL1431271280J40777391607.htm?refcode=4019&srccode=401901&preactionid=a7c1140f-c46c-45e5-b867-ab342d8bdc77"
1026,测试工程师,南京-雨花台区,4000-5000元,青岛易联万家科技有限公司南京分公司,"计算机软件,计算机软件",100-299人,未融资,CC554551630J40729872307,岗位要求： 1、理工科本科及以上学历，计算机相关专业或具备光学、图像处理等方面背景知   识优先；  ,2025年07月30日,青岛易联万家科技有限公司南京分公司于2017年成立，总部设在青岛，在日本东京、北京、南京、芜湖设有多个子公司。公司是国内专注于用户数据与管理建设，提升系统软硬件相应服务，打造符合当下需求的管理系统的运营型技术公司，公司是一家集软件开发、数据管理、平台建设为一体的高新技术企业。业务领域主要涵盖金融互联网服务、人工智能应用、大数据分析与应用、软件服务等业务。公司目前拥有研发工程师300余人，其中硕博以上学历60余人。并拥有30人以上的专业APP开发/运营团队，提供多个平台开发服务我们了解大中小型企业的运营模式以及需求，公司以技术服务作为基础，运营服务作为引导，先后服务于SONY中国、华夏银行、全品电台跨境电商、政府等各大部门，我们倡导让客户感知产品的应用体验价值，用运营创造产品的市场价值。公司与山东大学、北京理工大学、南京理工大学、北京邮电大学等多家高等院校建立合作关系，围绕公司业务领域在人才培养、科研合作、成果转化等方向开展密切合作。企业文化：1.尊重我们尊重每一个理念的提出，每个人都拥有提出反对的权利，在争论中考究，才能让方案更加严谨。2.心态心态是决策的首要前提，发现问题及时解决、及时回报，只有一个积极的心态，才能保证项目按时落地完善。3.互助遇到问题相互扶持，共同面对，勇于直面困难，团队是坚强的后盾，互助使每一个人走的更远。,"https://www.zhaopin.com/jobdetail/CC554551630J40729872307.htm?refcode=4019&srccode=401901&preactionid=a7c1140f-c46c-45e5-b867-ab342d8bdc77"
1027,科研人员,深圳-南山区,2.5-3万·13薪,广东阿格蕾雅光电材料有限公司,"学术/科研,电子/半导体/集成电路",100-299人,未融资,CC501677420J40419337313,博士后具体要求： • 博士毕业，具有丰富的有机/无机化合物或有机发光材料的合成经验，或对有机催化方向研究有强烈兴趣，愿意进一步深造。 • 具有较好的英文读写能力，能独立英文工作汇报和阅读科技文献。 • 工作认真、勤奋踏实、自律性强。 • 以第一作者（含共同一作）或通讯作者发表过有学术价值的一区论文者优先考虑。 • 博士后在站工作期限一般为两年，期满后按时出站。 博士后薪酬待遇： • 博士后基础年薪35万左右，具体根据专业能力、工作经验面议。 • 博士后还可以额外申请深圳市每人每年18万的博后补贴以及深圳虚拟大学园的12万补贴；最高收入可达65万每年。 • 除法定假期外，每个合同年度内还可享受带薪年假。 • 享受单位缴纳的社保和公积金待遇。 • 表现优秀者，可推荐申请深圳虚拟大学园资助以及深圳市博士后奖励。 工作地点： 深圳市南山区,7月21日,广东阿格蕾雅光电材料有限公司，是国内首屈一指的专注于自主知识产权的新型有机发光材料（OLED）研发、生产应用、销售与服务的国家级高新技术企业。公司主要业务方向集中于有机发光二极管显示材料、有机光伏材料，以及碳纳米材料及其衍生的各类新技术。经过十余年的快速发展，公司已成为国家科学技术部认定的中国大陆OLED材料龙头企业。公司客户为国内大型OLED面板厂以及欧州及日韩知名化工企业，公司产品在华为、小米、Oppo等著名品牌的智能手机、智能穿戴，智能家电产品上获得使用。公司成立于2010年11月，注册资本1.1亿，公司总部所在地为佛山市顺德区，拥有广东、四川两大OLED材料生产基地，占地面积逾14万平方米。公司由留学归国人员创办，拥有雄厚的OLED材料研发实力。在技术领头人香港大学支志明院士（2013年和2017年诺贝尔化学奖短名单候选人）的带领下，组合多位涵盖材料学、物理学及化学领域的专家博士，通过不同技术领域协作，形成了一支硕士、博士占比50%的稳定、高效的OLED材料研发团队。阿格蕾雅建有目前在本行业较完备的研发实验室，具备了OLED材料从设计-研发-小试-中试-器件评估-寿命测试全过程的能力。同时在香港大学建立合作关系，充分利用粤港两地科研资源，进一步提升研发实力。阿格蕾雅积极与国内外诸多科研机构及高等院校开展多种形式的合作，如华南理工大学、广东工业大学、北京大学深圳研究生院、北京交通大学等积极开展硕博联合培养及产学研项目合作。阿格蕾雅的发展目标将紧密围绕半导体、显示行业所需要的各类功能性有机化学品进行，除OLED材料业务以外，在有机太阳能电池材料、有机电子电路材料、印刷电子材料等方向持续进行开发，力争成为一个综合性的高端有机电子材料研发、生产型企业，成为半导体芯片及显示行业可信赖的合作伙伴。公司行业地位及历年所获荣誉：2011年引进的“分子功能材料项目”入选广东省第二批创新科研团队，获得“世界先进水平”称号2014年荣获百家智能制造工程试范点试范企业认证2016年荣获广东省有机光电材料工程技术研究中心认证2016年荣获有机分子发光材料院士工作站认证2017年荣获高新技术企业认证2018年荣获广东省创新型企业（试点）认证2018年荣获研究生创新培养示范点认证2018年荣获国家知识产权优势企业认证2019年入选佛山市标杆高新技术企业50强企业2020年专利《用于发光二极管的发光材料》获得广东省专利银奖2021年荣获博士后科研工作站认证2021年荣获第二批第一次批专精特新“小巨人”（重点小巨人）企业认证2021年荣获第三批专精特新“小巨人”（中国小巨人）企业认证多年来，公司积极推行人才战略，建立起科学有效的人才培育机制，以人为本，在职业发展、薪酬福利、员工关怀方面给予最完备的保障。阿格蕾雅立足高科技材料产业，享受国家战略性新兴产业的重点支持，在此诚望您的加盟，阿格蕾雅与您携手，显耀未来！公司地址：佛山市顺德区大良街道五沙社区新辉路8号公司主页：http://www.aglaia-tech.com/,"https://www.zhaopin.com/jobdetail/CC501677420J40419337313.htm?refcode=4019&srccode=401901&preactionid=a7c1140f-c46c-45e5-b867-ab342d8bdc77"
1028,测试工程师,咸宁-咸安区,8000-12000元,湖北捷优信达电子有限公司,电子/半导体/集成电路,100-299人,,CC543127030J40767071007,岗位职责： 1. 负责充电桩产品的生产工程（PE）测试工作。 2. 制定和执行测试计划，确保产品满足设计规范和质量要求。 3. 编写测试报告，对测试中出现的问题提供技术支持与解决方案。 4. 与研发、生产等部门协作，推动产品问题及时解决。 岗位要求： 1. 电子工程或相关专业，大专及以上学历。 2. 熟悉充电桩相关测试标准和测试设备。 3. 具备良好的问题分析能力和沟通协调能力。 4. 有汽车电子或相关行业测试经验者优先,7月24日,湖北捷优信达电子有限公司专业从事汽车、医疗设备、通讯、网络、家电等相关领域所用线束产品之开发，生产组装及品牌连接器代理。公司拥有先进的生产设备和检测仪器，具有灵活的生产管理制度和严谨的质量保证体系，已通过ISO9001，TS16949和UL安规认证；有完善的ERP系统，从订单到安排出货流程和效率合理；主要客户为世界500强及国内外知名品牌，如：康佳，海尔，京东方，台达，美的，富士等等。欢迎有志之士加入我们！,"https://www.zhaopin.com/jobdetail/CC543127030J40767071007.htm?refcode=4019&srccode=401901&preactionid=a7c1140f-c46c-45e5-b867-ab342d8bdc77"
1029,C/C++,杭州-滨江区,1.7-3万·14薪,外企德科数字技术有限公司,专业技术服务,10000人以上,,CCL1480117890J40646421505,岗位职责： 1、负责业务体验产品相关产品研发，完成多个模块/组件的软件设计（含增量方式）、代码编写、单元测试、集成测试、静态检查、本地构成等工作，确保所负责模块可信、及时、高质量交付； 2、负责设计实施高可用部署架构，实现弹性扩缩容，秒级故障自动切换，限流降级等核心功能，保障大规模集群的高效稳定运行； 经验要求： 1、有开发经验，C/C++、Java、Scala、Python、JS等开发语言一种或多种； 2、熟悉分布式系统的设计和应用，熟悉高并发、高负载、高可用性系统的设计开发及调优，熟悉分布式缓存、消息、数据库等机制； 3、具有一定的技术架构思维，确保设计的技术方案、开发的代码有较高性能、质量保障、扩展性，前瞻性； 4、参与系统以提升效率为目的的整体的优化、改进，出现问题时能够通过较强的技术手段较好的解决问题。,2025-07-27 00:23:23,外企德科数字技术有限公司是一家2023年新成立的中外合资企业。成立于2023年11月24日，公司定位：专注于为信息技术企业提供人才及数字技术外包解决方案的中外合资企业。它是由中国人力资源服务行业的FESCO（北京国际人力资本集团）与全球人力资源服务领导者The Adecco Group（德科集团）合资成立的。公司主要提供网络技术服务、软件外包服务、计算机系统服务、技术进出口、软件开发等信息技术相关服务。专注于为信息技术企业提供信息技术类人才及数字技术外包解决方案。,"https://www.zhaopin.com/jobdetail/CCL1480117890J40646421505.htm?refcode=4019&srccode=401901&preactionid=a7c1140f-c46c-45e5-b867-ab342d8bdc77"
1030,测试工程师,长沙-岳麓区,2000-4000元,广电计量检测(湖南)有限公司,检测/认证,100-299人,已上市,CC561975820J40747024707,一、专业要求： 2026届应届生，理工类专业（机械、测控、电气自动化等专业）； 二、任职要求： 1、大专以上，性别不限;实习周期为5个月-12个月。 2、有一定的沟通表达能力，熟悉电脑基本操作; 3、吃苦耐劳，踏实稳重，服从安排，适应出差。 三、工作内容： 可靠性/电磁兼容/计量等测试岗位 四、福利待遇： 1、工资：实习期间专科1800元/月，本科院校2200/月，享受差旅补贴； 2、公司包住，宿舍安装空调、热水器，高低床；园区食堂工作餐价位12元（两荤一素）起； 3、周末双休，加班享受补薪或补休； 4、公司工会兴趣小组（篮球、羽毛球、瑜伽、乒乓球）、工会大型活动等实习生可参与。,7月24日,是一家规模化，行业领先的综合性第三方技术服务机构。母公司已上市（代码：002967）,"https://www.zhaopin.com/jobdetail/CC561975820J40747024707.htm?refcode=4019&srccode=401901&preactionid=a7c1140f-c46c-45e5-b867-ab342d8bdc77"
1031,实施工程师,上海-徐汇区,6000-12000元,合肥中科普瑞昇生物医药科技有限公司,"生物工程,医药制造,生物工程",100-299人,A轮,CC305450180J40766867910,岗位职责 一、客户需求对接与转化 1、负责与客户沟通临床前研究需求，精准捕捉技术要点及商务目标； 2、协同内部技术人员评估可行性，设计研究方案； 3、参与合同谈判及交付周期规划，将技术方案转化为商务条款。 二、市场与行业分析 1、跟踪临床前研究领域技术趋势（如新模型/新技术），为商务策略提供支持； 2、分析竞争对手服务模式，优化公司技术方案的市场竞争力； 三、部门协作 1、担任客户与销售及技术人员的桥梁，推动资源高效配置； 2、领导安排的其他工作。   任职要求： 1、本科，生物医药相关专业优先考虑； 2、具备较强的跨部门协作和沟通能力； 3、抗压能力强，适应多项目并行与高频客户沟通节奏； 4、热爱销售事业，善于与人建立连接，尤其擅长快速破冰并建立信任。   职位发展： 1、全面培养体系： 入职初期提供系统化入职培训，并安排临床前研究核心业务模块轮岗，助您快速建立全局视野。 2、多元化发展通道： 提供丰富的职业发展路径，绩优员工将优先获得晋升机会，可向商务拓展等方向转型发展。,7月17日,关于我们：中科普瑞昇是于2015年成立的一家国有产业资本支持的国家级高新技术企业。公司聚焦涉及国家战略性生物安全及产业安全的细胞工程核心技术，围绕生物医药发展瓶颈——“细胞”问题，展开科技攻关和产业化，践行以科技创新带动产业创新的创新驱动发展战略，服务大健康产业。核心技术：癌症原代细胞体外可再生关键技术基因调控工程细胞技术体系（Ba/F3癌症激酶靶点工程细胞库、CRISPR/Cas9基因编辑细胞库）技术应用：临床前CRO服务：分子生物学、体外细胞生物学、免疫与炎症、体内药效学、PK、蛋白质研究服务等肿瘤临床精准用药检测技术服务(HDS)：覆盖血液癌症、肝癌、肺癌等十多种恶性肿瘤临床科研服务：动物模型、PDC药敏、类器官培养、分子生化实验等大数据服务资质平台：国家高新技术企业科技部人类遗传资源保藏资质国家级博士后科研工作站安徽省“专精特新”中小企业安徽省大数据企业安徽省高水平新型研发机构（安徽省科技厅）安徽省肿瘤原代细胞工程研究中心(安徽省发改委)安徽省精准用药技术工程实验室（安徽省发改委）原代细胞工程安徽省联合共建学科重点实验室（安徽省科技厅）安徽省企业技术中心（安徽省工信厅）研究基地：现有研发场地7000㎡拥有一代测序仪（ABI）、二代测序仪（Illumina）、质谱仪(ABS6500+)、高通量自动化移液工作站(PE）、酶标仪等高端实验仪器设备现有研发人员150余人（占总人数7成以上），其中，国家级人才工程入选者4人，省部级人才工程入选者4人，博士30余人（副高及以上职称14人），有海外工作和学习背景的人员近20人。,"https://www.zhaopin.com/jobdetail/CC305450180J40766867910.htm?refcode=4019&srccode=401901&preactionid=a7c1140f-c46c-45e5-b867-ab342d8bdc77"
1032,科研人员,无锡-滨湖区,1-2万,国家超级计算无锡中心,"计算机软件,人工智能",100-299人,,CC624435430J40415635803,岗位职责： 1.负责业务系统搭建及同化系统调试 2.负责卫星资料前处理及卫星数据评估相关工作 任职要求： 1.气候气象相关硕士及以上学历 2.熟悉GSI及WRFDA的使用，有自主编译、安装、调试、应用同化系统经验，了解数值模式WRF、MPAS、CESM等运行流程 3.熟悉三维变分、集合同化等资料同化算法，并对卫星资料同化方法有一定的了解 4.熟悉气象预报业务系统运行流程，有业务流程搭建经验者优先 5.熟练应用linux系统及脚本编程，至少掌握Fortran、C/C++编程语言中的一种，能够使用Python进行数据分析及绘图 6.有较强的自主学习能力 7.具备以下一个或多个方向经验的优先:  - 有风云卫星同化经验  - 有辐射传输模式应用经验  - 有机器学习应用经验  - 有气候气象工程化项目经验,1月3日,"国家超级计算无锡中心经国家科技部批准成立，由国家科技部、江苏省和无锡市三方共同投资建设。中心坐落在风景秀丽的江苏省无锡市蠡园经济开发区，拥有世界上首台峰值运算性能超过每秒十亿亿次浮点运算能力的超级计算机——“神威·太湖之光”。该系统是我国“十二五”期间“863计划”的重大科研成果，由国家并行计算机工程技术研究中心研制，运算系统全面采用了由国家高性能集成电路设计中心通过自主核心技术研制的国产“申威26010”众核处理器。“神威·太湖之光”也是我国第一台全部采用国产处理器构建的世界排名第一的超级计算机。国家超级计算无锡中心是无锡市政府直属事业单位，由清华大学与无锡市政府共同建设，并委托清华大学管理运营。国家超级计算无锡中心依托“神威·太湖之光”计算机系统，根植江苏、覆盖长三角、拓展全国、放眼全球，与国内外专家、应用单位等进行密切合作。面向生物医药、海洋科学、油气勘探、气候气象、金融分析、信息安全、工业设计、动漫渲染等领域提供计算和技术支持服务，承接国家、省部等重大科技或工程项目，为我国科技创新和经济发展提供平台支撑。国家超级计算无锡中心将利用中心的优势资源，结合江苏省“十三五""规划提出着力建设具有全球影响力的产业科技创新中心和具有国际竞争力的先进制造基地的战略新定位，建成具有明确应用背景的高性能计算技术重大应用研究与支撑中心，充分展示高性能计算作为科技创新核心竞争力和强力引擎的价值，成为国内高性能计算人才聚集地和国内外重要并行应用软件研发基地，实现超算中心的可持续发展。","https://www.zhaopin.com/jobdetail/CC624435430J40415635803.htm?refcode=4019&srccode=401901&preactionid=a7c1140f-c46c-45e5-b867-ab342d8bdc77"
1033,测试工程师,宣城-广德市,4000-5000元,安徽森泰木塑集团股份有限公司,"化学原料/化学制品,化学纤维制造业",500-999人,已上市,CC384922580J40766667910,主要做原辅材料及过程产品的检测、试验。理工类大专及以上学历，熟练应用计算机及日常办公软件。要求能长期稳定。26*8H薪金4682元 + 值班补贴，五险一金 + 餐饮补贴等。具体来公司看岗、面谈。,7月25日,安徽省广德市地处长三角经济圈地理中心位置，为“全国文明城市、国家园林城市、中国天然氧吧”。高铁到杭州仅30多分钟、未来通过“沪苏湖高铁线”到上海预计只需50多分钟。市区商品房均价不足万元每平米，远低于周边的合肥、南京、杭州、上海等城市。市区有上海师范大学附属广德学校、皖南医学院附属弋矶山医院广德分院等教育、医疗资源。安徽森泰木塑集团（股票代码：301429）总部位于广德市经开区，系广德本土跨国集团公司，专注于木塑复合材料及其制品的研发及推广，已发展成为集高性能木塑复合材料、新型石木塑复合材料及其制品的研发、设计、生产及营销于一体的“国家林业产业化龙头企业”。产品重点应用于木材替代、全屋整装、装配式建筑、汽车内饰等领域，符合国家战略新兴产业要求，畅销欧、美等60多个国家或地区。荣获“国家知识产权示范企业、国家装配式建筑产业基地、梁希林业科学技术进步一等奖、国家科技进步二等奖协助单位、国家高新技术企业”等荣誉和资质。先后同南京林业大学、中国矿业大学（徐州）等开展博士后联合培养。,"https://www.zhaopin.com/jobdetail/CC384922580J40766667910.htm?refcode=4019&srccode=401901&preactionid=a7c1140f-c46c-45e5-b867-ab342d8bdc77"
1034,Java,南京-雨花台区,1.3-2.6万,外企德科数字技术有限公司,专业技术服务,10000人以上,,CCL1480117890J40796717105,"【任职要求】 1、统招本科及以上学历，学信网可查 2、热爱编程，熟悉掌握但不限于JAVA/C/C++/Python/JS/GO等编程语言中的一种或数种（均有岗位） 其他： (1)导师制培训机制，新人入职后至少半年以上会有导师一对一辅导开展工作和学习 公司福利: 1.定级定薪都会有薪资涨幅，六险一金，全额缴纳,周末加班，双倍工资，节假日三倍工资 2.一年数次考评，薪资、职级可上浮~ 3.带薪年假5-15天 4.免费夜宵，城际班车，健身房免费,舒适的办公环境",2025-07-27 00:26:10,外企德科数字技术有限公司是一家2023年新成立的中外合资企业。成立于2023年11月24日，公司定位：专注于为信息技术企业提供人才及数字技术外包解决方案的中外合资企业。它是由中国人力资源服务行业的FESCO（北京国际人力资本集团）与全球人力资源服务领导者The Adecco Group（德科集团）合资成立的。公司主要提供网络技术服务、软件外包服务、计算机系统服务、技术进出口、软件开发等信息技术相关服务。专注于为信息技术企业提供信息技术类人才及数字技术外包解决方案。,"https://www.zhaopin.com/jobdetail/CCL1480117890J40796717105.htm?refcode=4019&srccode=401901&preactionid=a7c1140f-c46c-45e5-b867-ab342d8bdc77"
1035,硬件测试,重庆-北碚区,8000-10000元,重庆科满福人力资源服务有限公司,企业服务,20-99人,,CCL1487604860J40918992004,【岗位职责】 ： 1、进行新产品研发阶段的测试工作 2、完成新产品的功能测试、可靠性测试、环境测 试、安全测试等技术工作 3、制定测试计划，设计测试用例，分析测试数 据，编制测试报告 4、为其他部门提供技术支持，与其他部门的产品 联合测试工作,6月28日,,"https://www.zhaopin.com/jobdetail/CCL1487604860J40918992004.htm?refcode=4019&srccode=401901&preactionid=a7c1140f-c46c-45e5-b867-ab342d8bdc77"
1036,Java,西安-雁塔区,1.5-3万·16薪,陕西慧云联达企业管理咨询有限公司,人力资源服务,20-99人,不需要融资,CCL1445845820J40753668505,岗位职责 1.根据项目需求，进行软件系统的设计和开发工作； 2.负责编写和优化Java代码，确保代码质量和性能； 3.参与软件系统的测试工作，包括单元测试、集成测试等； 4.负责软件系统的维护和升级工作，解决运行过程中出现的问题； 5.与团队成员协作，共同完成项目任务； 6.持续关注Java及相关技术栈的动态，学习并应用到实际工作中。 任职要求 1.计算机相关专业本科及以上学历； 2.熟练掌握Java编程语言，熟悉面向对象编程思想； 3.熟悉Spring、MyBatis等主流Java开发框架； 4.熟悉Linux操作系统，了解常用的服务器部署和运维操作； 5.具备良好的沟通能力和团队合作精神，能够承担一定的压力； 6.对新技术有浓厚的兴趣，有较强的学习能力和解决问题的能力。,3月28日,陕西慧云联达企业管理咨询有限公司成立于2022年9月，是一家集高端猎头服务与专业代理记账报税业务于一体的综合性企业服务提供商。自成立以来，我们秉承“智聚英才，财通未来”的企业理念，致力于为国内外企业客户提供精准高效的人力资源解决方案及一站式财务管理服务，助力企业稳健成长，共创辉煌。,"https://www.zhaopin.com/jobdetail/CCL1445845820J40753668505.htm?refcode=4019&srccode=401901&preactionid=a7c1140f-c46c-45e5-b867-ab342d8bdc77"
1037,硬件测试,郑州-金水区,8000-10000元,重庆科满福人力资源服务有限公司,企业服务,20-99人,,CCL1487604860J40928986704,【岗位职责】 ： 1、进行新产品研发阶段的测试工作 2、完成新产品的功能测试、可靠性测试、环境测 试、安全测试等技术工作 3、制定测试计划，设计测试用例，分析测试数 据，编制测试报告 4、为其他部门提供技术支持，与其他部门的产品 联合测试工作 ,7月8日,,"https://www.zhaopin.com/jobdetail/CCL1487604860J40928986704.htm?refcode=4019&srccode=401901&preactionid=a7c1140f-c46c-45e5-b867-ab342d8bdc77"
1038,前端开发,上海-静安区,1.5-2万,深圳南区人瑞人力资源服务有限公司,企业服务,10000人以上,已上市,CCL1289361510J40758009701,工作职责： ● 负责自研B端产品前端功能开发与定制化需求实现 ● 保障系统高可用性、高性能及良好的用户体验 ● 深入理解B端业务逻辑，输出合理的前端技术方案 ● 独立完成复杂用户界面和交互逻辑的开发 ● 与后端开发紧密配合，完成API联调与性能优化 ● 协同产品、设计团队落地需求 任职资格： 教育背景 ● 本科及以上学历，计算机相关专业优先 技术能力 ● 扎实的Web前端基础，熟悉HTML、CSS和JavaScript (ES6+)和HTTP协议基本知识 ● 熟练掌握至少一种主流框架(React/Vue/Angular)，并有实际项目经验 ● 了解前端工程化概念，熟悉使用Git进行版本控制和团队协作 ●具备良好的代码风格和编程习惯，能够编写高质量、可维护、可测试的代码 工程化能力 ● 掌握Docker容器化部署 ● 熟练使用Nginx进行项目配置 ● 了解Webpack/Vite等构建工具 加分项 ● 有SVG/Canvas可视化开发经验 ● 深入理解Webpack/Vite原理及优化 ● 掌握Node.js等后端开发能力 ● 有技术博客/GitHub开源项目 ● 具备UI设计能力(Figma/Sketch,7月22日,"人瑞是中国领先的综合人力资源解决方案提供商数字化时代，人才供应链必须契合企业数字化战略下的业务发展需要人力资源管理的使命，在于构建人才管理数字化与企业战略、业务数字化的连接和应用人瑞坚持以效果为导向的人力资源服务模式，依靠技术驱动人力资源的服务能力，通过强执行力的组织体系与专业团队,为客户提供满意的、适应数字化需求的人力资源一体化服务！","https://www.zhaopin.com/jobdetail/CCL1289361510J40758009701.htm?refcode=4019&srccode=401901&preactionid=a7c1140f-c46c-45e5-b867-ab342d8bdc77"
1039,Java,西安-雁塔区,1.3-2.6万,外企德科数字技术有限公司,专业技术服务,10000人以上,,CCL1480117890J40788094705,岗位职责：  1. 负责后端服务的开发与维护 2. 参与大数据项目的开发与优化 3. 完成软件项目的测试与bug修复 岗位要求： 1. 本科及以上学历 2. 不限工作经验 3. 熟悉后端开发、大数据开发、软件测试中至少一项技能,2025-07-27 00:25:37,外企德科数字技术有限公司是一家2023年新成立的中外合资企业。成立于2023年11月24日，公司定位：专注于为信息技术企业提供人才及数字技术外包解决方案的中外合资企业。它是由中国人力资源服务行业的FESCO（北京国际人力资本集团）与全球人力资源服务领导者The Adecco Group（德科集团）合资成立的。公司主要提供网络技术服务、软件外包服务、计算机系统服务、技术进出口、软件开发等信息技术相关服务。专注于为信息技术企业提供信息技术类人才及数字技术外包解决方案。,"https://www.zhaopin.com/jobdetail/CCL1480117890J40788094705.htm?refcode=4019&srccode=401901&preactionid=a7c1140f-c46c-45e5-b867-ab342d8bdc77"
1040,实施工程师,银川-金凤区,7000-14000元,青岛安然物联网科技有限公司,"物联网,物联网",20-99人,未融资,CC559764920J40565332404,需要弱电技术、自动化、安防系统、工业互联网+危化安全生产、物联网人才，不要纯软件人才。  你能经常到全国各地出差吗？你能到工业生产现场生产现场做技术支持吗？     真正的奋斗者在安然会有让人值得为之奋斗的事业，会有充实、高效的成长，会有高人一等的收入。,3月8日,基于精准人员定位的工业安全生产信息化管理专家，安全生产信息化管理引领者！作为全国实时定位技术标准工作组成员和应急管理部“工业互联网+危化安全生产”人员定位系统技术支持机构，安然从2012年起致力于基于ZigBee Plus三维立体按需精准定位的“工业互联网+安全生产”的研究，获得了20多项安全智能管控系统发明专利和著作权，持续引领中国化工行业生产现场智慧安全！安然以“准、稳、狠”的ZigBee Plus三维立体按需精准人员定位统和“底数清、数据准、情况明、研判准、措施实”的安全生产信息化平台为核心，整合访客管理、出入口控制、人脸识别、视频监控、语音广播、重大危险源监控、可燃有毒气体监测等系统，对生产现场人、机、料、法、环五大要素进行实时、动态、智能管控和预警，规范人的安全行为，保障人的生命安全，有效防范风险、主动化解风险，实现智慧安全。安然“以用为本”，把安全生产信息化建设与公司管理体系“深度融合”，把安全生产信息化建设与日常工作“紧密结合”，对安全生产切实“有用、实用、好用”，避免建用“两张皮”，让安全管控更智能，让生产更高效才实用。迄今已服务中石化、中石油、延长石油、国能、兖矿、京能、索普、新安、奇美、昊源、潞安、旭阳、垦利、逸盛、海科、酒钢、金发等几百家石化、化工、选煤、钢铁、电厂企业。安然以客户为中心，以强者为本，抬头乐干，愿意与同道中人联合、链接，携手共建、共用、共享生产安全命运共同体，一起干，一起干，让优秀企业更安全，让优秀企业更高效！,"https://www.zhaopin.com/jobdetail/CC559764920J40565332404.htm?refcode=4019&srccode=401901&preactionid=a7c1140f-c46c-45e5-b867-ab342d8bdc77"
1041,科研人员,郑州-管城回族区,1-2万·13薪,牧原实验室,学术/科研,100-299人,,CCL1241575100J40706610507,职位描述： 研究方向：,1月13日,,"https://www.zhaopin.com/jobdetail/CCL1241575100J40706610507.htm?refcode=4019&srccode=401901&preactionid=a7c1140f-c46c-45e5-b867-ab342d8bdc77"
1042,实施工程师,嘉兴-海宁市,5000-10000元,浙江奈腾科技有限公司,"汽车研发/制造,汽车4S店/经销商",20-99人,未融资,CCL1350157640J40547188113,"岗位职责 1、负责海外新能源车型的客户服务、技术支持和培训： 2、实时对接处理客户反馈的产品质量、技术问题，及时提供解决方案和措施； 3、出差至海外各国家，对客户进行现场技术培训指导、售后服务。 4、全面学习了解公司产品，与各部门协作，定期进行质量问题反馈、跟进和解决。 5、整理反馈问题点，形成过往矫正经验措施，不断提升客户满意度 6、负责提供客户需要的各类技术文件、问题分析、解决对策 7、领导交办的其他工作事项 职位要求 1、本科及以上学历，机械、电子、车辆工程、电化学等相关专业优先； 2、良好的英语听、说、读、写能力，英语六级及以上，能适应海外出差； 3、对于汽车行业有一定认识，行业认同度高，有志于汽车行业长期发展； 4、性格乐观、开朗，具备优秀的执行力、沟通能力和抗压能力; 5、善于沟通和表达，逻辑思维强，及抗压能力； 6、崇尚团队协作，具备积极进取的工作态度。 上班时间：8：30-5：30,双休 公司地址：海宁市长安镇创智路9号6栋（杭州和海宁交界，下沙附近） 福利：五险一金、餐补、全勤奖、带薪年假、节日福利",3月26日,浙江奈腾科技有限公司成立于2021年，公司位于中国浙江省嘉兴海宁市长安镇，为中国、新加坡、意大利合资企业。浙江奈腾科技（奈腾中国）为中外合资公司，，致力于新能源商用车整车的自行研发、设计，生产制造及出口与服务，旨在为全球客户提供清洁且高效的货物配送车辆解决方案。公司立足长远，放眼市场需求，凭借国际化的市场策略和专业优秀的团队，已经完成多款新能源车研发投产，产品远销国际30多个国家和地区，建立了超50个售后服务网络和渠道，注册品牌为Nextem+，在新加坡、德国、意大利都设有分部。其中，奈腾意大利（Nextem Italia）控股股东为意大利最大的物流公司 BRT Logistics，自有物流车 2万台，拥有欧洲完善的物流网络体系。,"https://www.zhaopin.com/jobdetail/CCL1350157640J40547188113.htm?refcode=4019&srccode=401901&preactionid=a7c1140f-c46c-45e5-b867-ab342d8bdc77"
1043,技术支持工程师,广州-天河区,5000-6000元,中国大恒(集团)有限公司北京图像视觉技术分公司,"计算机硬件,计算机软件,仪器仪表制造,IT服务",500-999人,已上市,CC120188730J40779434912,1、负责系统类产品的安装、调试、培训、维护工作 2、现场客户设备使用状况的跟进和维护，及时发现和汇总问题向主管汇报。 3、维护客户关系，了解客户需求。 4、服从部门经理的安排，保质保量完成任务。完成后提交相关文档。 任职资格: 1、具有大专以上学历，计算机自动化控制等相关专业; 2、熟悉PLC电气编程，电气问题处理等相关知识; 3、做事要踏实肯干、责任心强，能够承担工作压力，可长期出差; 4、具备较强的团队协作意识，有较强的语言表达能力和沟通能力; 5、熟悉计算机硬件知识，熟悉计算机维护组装，能检测及维修计算机故障，熟悉计算机系统和软件安装及故障处理;可以熟练的调试PC; 6、具有良好的分析及处理问题的能力，对新技术的接受能力强; 7、懂电气编程者优先。,5月30日,一、公司简介中国大恒（集团）有限公司北京图像视觉技术分公司（简称“大恒图像”），成立于1991年，是中科院下属上市公司“大恒科技”（股票代码：600288）的全资子公司，是国内首屈一指的专业视频图像处理设备供应商，主要业务是视觉部件的研发、生产和销售，及视觉部件代理业务。例如工业相机、智能相机、图像采集处理卡、视觉算法软件包、FA/CCTV镜头及配套光学组件、LED光源及激光器等。展望未来，大恒图像将力争成为引领全球的视觉革命领导者。我们不仅是机器视觉专家，我们更是缔造者。我们不仅为客户提供量身定制的系统解决方案，我们更期望用我们先进的技术、富于竞争力的产品，雄厚的产业经验和资源以及卓越的人才，与客户共同创造新的价值，携手缔造恢弘的事业。二、我们的优势技术优势1.图像视觉领域二十余年的研究成果积累2.200人以上的研发团队，具备视觉软件、硬件和系统解决方案的设计研发能力3.创新能力突出，拥有众多技术专利，持续稳定的研发投入保证技术优势的延续性4.定制开发经验丰富，迅速满足客户的各种个性化技术需求资源优势1.大恒科技（600288）旗下核心资产，得到上市公司的全力支持2.与全球近20家技术领先的业内企业建立长久稳定的合作关系3.营销和服务伙伴遍及全球，客户可以享受专业、快捷、本地化的服务4.欧洲机器视觉协会（EMVA）、美国自动成像协会（AIA）、中国机械视觉产业联盟（CMVU）资深会员，深度参与行业标准化进程品牌优势1.历史最悠久、规模最大、技术最先进的机器视觉民族企业2.以一站式、全生命周期的服务体验成就与客户的持久共赢3.规范严格的品质管理过程打造出的一流产品质量三、福利待遇财富保障基本薪资、绩效奖金、年度调薪、八险一金生活平衡带薪年休假、产假、婚假等生日惊喜、温暖祝福及过节福利员工拓展出游、团建、免费健身、游泳、羽毛球、篮球等文体活动多彩年会，大家庭团聚时刻员工宿舍，在北京的另外一个小家健康保障：免费的年度体检零起付补充医疗保险大病保险及交通意外险应届生通道：导师制的培训体系，为初入职场的你点亮方向定制化的发展路径，完善的培训体系，舒适的办公环境及广阔的发展平台,"https://www.zhaopin.com/jobdetail/CC120188730J40779434912.htm?refcode=4019&srccode=401901&preactionid=a7c1140f-c46c-45e5-b867-ab342d8bdc77"
1044,Java,太原-小店区,6000-10000元,联通(山西)产业互联网有限公司,"IT服务,计算机软件",300-499人,,CC665583380J40866144515,任职要求： 1、2024、2025届 98 5/ 21 1 院校 硕士研究生； 2、计算机、网络安全、人工智能、电子信息工程、自动化、电气工程等相关专业； 3、具备较强的组织、学习、创新、协调和沟通能力； 4、具备较强的执行力和团队协作力； 5、诚实、踏实、认真负责，能承受一定强度的工作压力； 6、关注行业前沿进展，对技术开发及应用有热情，有自己的想法并乐于挑战自我。,7月21日,联通系统集成有限公司是中国联通的全资子公司，注册资金5.5亿元，是具有独立法人资格的国有大型高新科技企业。联通（山西）产业互联网有限公司是联通系统集成有限公司的全资子公司，具有独立法人资格。公司业务方向涉及云计算、物联网、大数据、信息安全等技术专业，业务领域涵盖系统集成、软件开发、服务外包、产业咨询及IT产品化服务等多种IT服务。公司以“聚焦、合作、创新”战略为引领，以山西联通覆盖全省的网络资源、客户资源和服务体系为依托，紧跟产业互联网发展步伐，聚焦互联网+政务、农业、能源环保、政法综治、教育、交通旅游等行业，全面整合联通云计算、物联网、大数据及基础网络资源，打造一体化的产业互联网大集成服务体系，全面提升解决方案、自主集成、自主运营服务和自主研发四大核心能力，为广大政企客户提供基于IT全生命周期的一揽子综合解决方案。公司拥有一支高学历、年轻化、有活力的专业团队，员工平均年龄34岁，本科及以上学历人员占比96.4%，具备中、高级职称人员占比50%以上。公司将以“聚焦重点领域，加强产业合作，引领产业互联网发展，为客户创造更大价值”为目标，持续提升基于云计算、物联网、大数据及人工智能等创新资源的大集成服务能力，逐步将公司打造成为产业互联网综合信息化领域首选服务专家。联通(山西)产业互联网有限公司现面向社会市场化招聘优秀人才。,"https://www.zhaopin.com/jobdetail/CC665583380J40866144515.htm?refcode=4019&srccode=401901&preactionid=a7c1140f-c46c-45e5-b867-ab342d8bdc77"
1045,Java,济南-历下区,7000-9000元·13薪,济南星科达大数据有限公司,电子商务,20-99人,,CCL1497677350J40755136513,岗位内容： 1. 开发高质量的Java应用程序，保证代码的可读性、可维护性、可扩展性和性能。 2. 与产品和测试团队紧密合作，确保产品质量符合用户期望。 任职要求： 1. 了解Java编程语言和Spring框架。 2. 熟悉敏捷开发流程，具备优秀的沟通和协调能力。,7月14日,,"https://www.zhaopin.com/jobdetail/CCL1497677350J40755136513.htm?refcode=4019&srccode=401901&preactionid=a7c1140f-c46c-45e5-b867-ab342d8bdc77"
1046,硬件测试,南京-雨花台区,7000-13000元,南京迈特望科技股份有限公司,"计算机软件,IT服务,互联网,运营商/增值服务",1000-9999人,已上市,CC142971790J40601791911,主要职责 1、负责PON、路由器终端产品的硬件集成测试、功能测试、整机测试，并出具测试报告。 2、负责终端产品的研发样机测试与可靠性试验。 3、负责产品外场测试支持； 任职要求 1、对硬件测试领域有强烈的兴趣，有一定的电路基础，本科1年以上工作经验。 2、电子、通讯或仪器仪表等相关专业，具有扎实的数字电路、模拟电路基础知识。  3、熟练掌握各种测试仪器，比如综测仪，信号源、频谱仪、光功率计、光谱分析仪，数据分析仪，网络矢量分析仪、数字示波器的一种或几种，包括操作和仪表实现测试原理等。 4、有同行业或同岗位硬件开发、器件选型、硬件测试、可靠性试验相关经验者或一定信号完整性基础者优先考虑。 5、有高速示波器测试、光模块测试或射频测试经验者优先考虑,7月8日,南京迈特望科技股份有限公司成立于2000年，注册资本4692.8万元，在职员工3000+人，于2016年8月10日在新三板挂牌，股票代码NEEQ:838955。公司主要从事I行业解决方案、智慧养老、020电子商务三大领域，为客户提供T人力外包解决方案、智慧养老解决方案、智能家居售后服务解决方案，业务遍及国内及日本等市场。公司旗下现有江苏锁安科技等20家分子公司南京迈特望科技股份有限公司是高新技术企业、软件企业，拥有发明专利2项、软件著权65项、软性产品26项，获得了ISO9001质量管理体系证、ISO27001信息安全管理体系认证、1SO20000T服务管理体系认证S014001环境管理体系认证、1SO45001职业健康安全管理体系认证CMMI3软性能力成熟度模型集成三级、CS2信息系统建设和服务能力评、AAA级信用企业、南京市信用管理培训合格企业证书、南京市工程技术研究中心等资质。公司是南京国际服务外包企业协会理事单位、养老服务信息化建设工作委员会(SSIDC)核心委员、人力资源产业协会理事单位、人工智能行业协会会员单位、江苏省信息化协会会员单位、江苏省老龄产业协会理事单位、软件谷云计算大数据信息安全产业联盟会员单位，并先后获得了江苏省技术先进型服务企业、江苏省试信经营示范单位等荣誉，是亚信、恒生电子、南瑞、中电鸿信、电信、微软、360、中兴、浩航、苏宁、上海俊、中移物联、北斗卫星研究院、江苏海隆、富士通、帆软、深信服、中通服、中控、感动科技、中国民生银行、京东五星、中建八局、拜特、中电智恒、上海道客、扬州莱斯等公司的核心合作伙伴。,"https://www.zhaopin.com/jobdetail/CC142971790J40601791911.htm?refcode=4019&srccode=401901&preactionid=a7c1140f-c46c-45e5-b867-ab342d8bdc77"
1047,C/C++,厦门-湖里区,1.5-3万,外企德科数字技术有限公司,专业技术服务,10000人以上,,CCL1480117890J40732894205,"一、软件开发工程师 1. 热爱编程，熟悉掌握Java/C++/C/Python/Web开发等编程语言中的一种或多种编程语言，扎实的编程功底； 2. 具备良好的独立工作能力和解决问题能力，善于沟通，乐于合作，热衷新技术； 二、算法工程师  1、熟练掌握Java/C/C++/Python其中一个或多个编程语言，有扎实的编程功底；  2、熟悉机器学习、深度学习或图像算法。 三、软件测试工程师  1. 热爱编程，熟悉掌握C/C++/Java/Python等编程语言中的一种或多种编程语言，扎实的编程功底；  2.有web开发或测试经验、自动化开发或测试经验者优先。  3.熟练掌握系统测试、功能测试、专项测试、软件测试、韧性测试、安全测试方法中的一种或多种测试方法，有相关测试语言/脚本的编写和实践经验优先，也可接受纯测试经验的。  4.具备良好的独立工作能力和解决问题能力，善于沟通，乐于合作，热衷新技术；  岗位要求：  本科及以上学历，计算机、软件工程、通信等相关专业优先，转行，转专业可接受  （1） 统招本科及以上学历，学信网可查  （2）导师制培训机制，新人入职后至少半年以上会有导师一对一辅导开展工作和学习  （3） 部门：ICT(公开，光，计算，无线，数存等 ) 、云、2012(中硬，中软，中媒)、消费者BG、BPIT、上海海思、Carbu、数字能源等  （4）主要地点：（东莞、深圳、杭州、 西安，苏州、上海，武汉，成都、南京、北京）十大研究所，少量（广州、长沙、济南）三个办事处  （5） 全程流程随时跟进可查, 一个部门不满意可转推不同部门  薪资福利：  1. 底薪+绩效+项目奖金+年终奖；  2. 缴纳社保及五险一金；  3.一年数次考评，薪资可上浮；  4.带薪年假5-15天，双休。",2025-07-27 00:23:29,外企德科数字技术有限公司是一家2023年新成立的中外合资企业。成立于2023年11月24日，公司定位：专注于为信息技术企业提供人才及数字技术外包解决方案的中外合资企业。它是由中国人力资源服务行业的FESCO（北京国际人力资本集团）与全球人力资源服务领导者The Adecco Group（德科集团）合资成立的。公司主要提供网络技术服务、软件外包服务、计算机系统服务、技术进出口、软件开发等信息技术相关服务。专注于为信息技术企业提供信息技术类人才及数字技术外包解决方案。,"https://www.zhaopin.com/jobdetail/CCL1480117890J40732894205.htm?refcode=4019&srccode=401901&preactionid=a7c1140f-c46c-45e5-b867-ab342d8bdc77"
1048,测试工程师,乌鲁木齐-天山区,5000-8000元,新疆石榴融媒信息科技股份有限公司,"互联网,广播/影视",100-299人,未融资,CC707988930J40868992104,岗位要求： 1、熟悉软件测试流程，根据需求设计测试计划；熟悉软件测试流程，能根据需求文档独立设计测试用例；熟练使用wireshark抓包工具，定位问题；熟练使用adb基本操作命令，协助研发进行终端应用的安装、卸载、日志抓取； 2、能够把握测试重点和测试进度、风险管理，软件测试，记录并协助定位缺陷，跟踪缺陷完成回归测试； 3、具备较强的适应能力、抗压能力及团队协作能力，能够快速融入团队； 岗位职责： 1、对现有的运营商电视业务功能进行测试、入网机顶盒进行全量适配测试，从测试角度对接产品需求、设计及开发，完成项目对接过程中文档的评审，并能提出相关意见或建议； 2、能够独立完成、推进测试环境部署，可支撑现网问题排查； 3、协同产品经理、研发和运营进行夜间割接操作，完成需求上线，割接上线后，对产品优化迭代功能进行复测，确保产品的正确性；,7月26日,新疆石榴融媒信息科技股份有限公司，是新疆维吾尔自治区广播电视局下辖的一家现代化、专业化的国有文化企业。公司聚集了一批疆内外传媒、策划、设计、研发、技术等领域专业人才，是一支年轻活力、有战斗力的高素质团队。石榴融媒主要负责新疆地区IPTV集成播控平台的建设及运营，通过先进的技术、成熟的运营能力和海量影视内容资源，全方位、多层次为全疆数百万用户提供基于电视端的视听服务，并获得了良好的市场口碑。同时石榴融媒公司在文旅发展、信息化建设、数字化建设等多个领域具有丰富的项目经验和成功案例，为各级政府、企事业单位和社会组织提供了全方位、高质量的服务支持，包括文创IP及品牌的设计开发、各类视频的拍摄制作、展陈展览的设计搭建、大型文旅活动的策划及现场执行等。面向未来，石榴融媒将继续紧跟科技发展趋势，坚持“用信息化服务社会，用数字化传播价值”的理念，以更加开放的心态，积极拓展市场，创造更大的社会价值和经济效益。,"https://www.zhaopin.com/jobdetail/CC707988930J40868992104.htm?refcode=4019&srccode=401901&preactionid=a7c1140f-c46c-45e5-b867-ab342d8bdc77"
1049,软件测试,武汉-武昌区,7000-10000元·13薪,武汉市武昌区永洲电动自行车经营部,零售/批发,100-299人,,CCL1506623910J40867314315,测试软件问题及安全性：查找软件漏洞，统计问题并整理文档，递交给研发部门修改。  参与测试流程：包括需求分析评审、测试计划方案编写、测试案例设计和执行、跟进bug的修复和推进，输出相关测试文档。  协助测试主管：对测试中出现的bug进行前期测试解决。  编写测试用例：测试用例是指导测试工作进行的文档，会通过测试方法和策略来设计用。  执行测试提交bug：测试工程师进行测试工作，找到bug之后会提交，让软件测试人员修改。,7月22日,,"https://www.zhaopin.com/jobdetail/CCL1506623910J40867314315.htm?refcode=4019&srccode=401901&preactionid=a7c1140f-c46c-45e5-b867-ab342d8bdc77"
1050,Java,上海-青浦区,2-4万·16薪,外企德科数字技术有限公司,专业技术服务,10000人以上,,CCL1480117890J40738941805,1：大学，理工科相关。 2：会一种语言就可Python、JAVA、JS、测试 3：华为目前在招城市：北京、上海、深圳、杭州、南京、西安、成都、武汉，以上研究院均有hc 4：华为目前在招产品线：BPIT，消费者终端，2012实验室，carbu ，IT装备部，华为云，GTS ，数字能源，光，无线，云核，公共开发，计算产品线，数存，数通，存储、数据库、云计算、人工智能、智能驾驶、音视频、实验室、芯片等 5：福利待遇 全程线上面试，全额六险一金，试用期全薪资，有班车和食堂，独立办公园区 6：工作时间:弹性打卡，周末双休，每天早上9点上班，12-2点午休2小时，提供免费夜宵，周三周五家庭日，月末最后一个周六上班双倍加班费,2025-07-27 00:23:29,外企德科数字技术有限公司是一家2023年新成立的中外合资企业。成立于2023年11月24日，公司定位：专注于为信息技术企业提供人才及数字技术外包解决方案的中外合资企业。它是由中国人力资源服务行业的FESCO（北京国际人力资本集团）与全球人力资源服务领导者The Adecco Group（德科集团）合资成立的。公司主要提供网络技术服务、软件外包服务、计算机系统服务、技术进出口、软件开发等信息技术相关服务。专注于为信息技术企业提供信息技术类人才及数字技术外包解决方案。,"https://www.zhaopin.com/jobdetail/CCL1480117890J40738941805.htm?refcode=4019&srccode=401901&preactionid=a7c1140f-c46c-45e5-b867-ab342d8bdc77"
1051,技术支持工程师,青岛-黄岛区,5000-10000元·13薪,青岛至善控制技术有限公司,"船舶/航空/航天/火车制造,学术/科研,电气机械/电力设备,电子设备制造",20-99人,,CC869191700J40741881607,岗位职责: 1、船舶柴油发动机综合电控系统的调试工作; 2、柴油发电机电控系统的标定工作； 3、柴油发电机电控系统的售后技术支持工作；,7月11日,"至善控制公司成立于2019年4月，以我国唯一的船舶行业特色高校——哈尔滨工程大学为依托，集动力装置智能控制系统研发、生产、销售和服务于一体的高技术企业，主要产品包括：舰船柴油机综合电控系统、舰船燃气轮机等离子点火系统、舰船消防控制系统、核电站应急柴油发电机组控制及安保系统等高端装备。其中,舰船柴油机综合电控系统已经完全替代进口产品，成果荣获国家技术发明二等奖。已经广泛应用于水面舰船、潜艇、水警船等推进主机和辅助发电机组，并出口巴基斯坦、泰国、缅甸、孟加拉等国，取得了良好的军事和经济效益。核电站应急柴油发电机组控制及安保系统，技术水平达到国际先进水平，即将应用于陆上反应堆应急柴油发电机组、核电站应急发电机组等装备，具有广阔的应用前景。舰船燃气轮机等离子点火系统，技术水平达到国际先进水平，彻底打破了核心配件受制于人的被动局面。公司致力于舰船动力装置、核电站应急柴油发电机组等高端装备控制系统的自主研发，彻底解决核心装备受制于人和“卡脖子”难题，让我国舰船、核电站等拥有先进、可靠、安全的“智慧大脑”。","https://www.zhaopin.com/jobdetail/CC869191700J40741881607.htm?refcode=4019&srccode=401901&preactionid=a7c1140f-c46c-45e5-b867-ab342d8bdc77"
1052,软件测试,大连-甘井子区,4000-8000元,辽宁省大连市世骥计算机软件开发有限公司,计算机软件,100-299人,,CCL1479551530J40631994315,岗位职责: 1、负责对公司研发的手游和端游进行功能性测试、剧情测试和动作测试等。 2、执行游戏具体测试任务并确认测试结果、缺陷跟踪，完成测试报告以及测试结果分析;任职资格: 1、大专及以上学历，专业不限，接受应届生，需要喜欢游戏、互联网行业，年龄在20到30岁之间，稳定性强，善于沟通;工作时间: 1.周一至周五，9:00-18:00(早九晚六)周末双休，法定节假日正常休息;【转正后福利待遇] 13薪+年终奖+带薪年假+五险一金+年度体检+礼品(生日、结婚、生育、端午、中秋等),5月26日,,"https://www.zhaopin.com/jobdetail/CCL1479551530J40631994315.htm?refcode=4019&srccode=401901&preactionid=a7c1140f-c46c-45e5-b867-ab342d8bdc77"
1053,技术支持工程师,郑州-None,5000-6000元,河南楚能电子科技有限公司,"电子/半导体/集成电路,仪器仪表制造,通信/网络设备,IT服务",20-99人,,CC491783280J40261379207,岗位职责：     1.负责产品的需求发现和分析，产品功能的设计，持续挖掘用户需求进行产品创新，合理规划产品发展，协调推动产品功能实施；,12月12日,河南楚能电子科技有限公司（简称“楚能电子”）成立于2016年，是一家从事电气设备、节能产品、计算机软硬件的技术开发、技术服务、技术咨询；电力设备的售后服务；销售：仪器仪表、电线电缆、电力设备、电子产品、通讯设备、计算机软件及辅助设备、摄录器材、安防产品、其他化工产品的公司，公司致力于服务电网企业、发电企业，以提供一流的技术和服务。公司尊崇“踏实、拼搏、责任”的企业精神，并以诚信、共赢、开创经营理念，创造良好的企业环境，以全新的管理模式，完善的技术，周到的服务，卓越的品质为生存根本，我们始终坚持用户至上用心服务于客户，坚持用自己的服务去打动客户。,"https://www.zhaopin.com/jobdetail/CC491783280J40261379207.htm?refcode=4019&srccode=401901&preactionid=a7c1140f-c46c-45e5-b867-ab342d8bdc77"
1054,实施工程师,廊坊-广阳区,120-130元/天,河北航天信息技术有限公司,"IT服务,互联网,计算机软件",1000-9999人,已上市,CC543215920J40858983115,岗位职责 1. 负责硬件项目实施，完成安装调试 2. 专业工程师带队，提供售前技术支持 任职要求 1. 大中专在校学生 2. 沟通能力强，有良好的团队协作精神，让你在有限的时间内学到专业的技能。 工作时间 双休，  周一至周五 8:300 - 12:00，14:00 - 18:00 120元/天,7月17日,河北航天信息技术有限公司，系航天信息股份有限公司（股票代码：600271）全资子公司，为河北省政府重点扶持高新技术企业，是国家大型信息化工程和电子政务领域的重要参与者，跻身河北省百家优势企业、河北省服务业50强之列，为用户提供全方位信息化产品、系统解决方案以及优质高效的技术服务。公司下设11家分公司，聚集了众多优秀的管理人才、技术人才，建立了完善的“本地化服务网络”，覆盖全省各个区县，具备“双软”企业资质、CMMI3（软件能力成熟度模型资质）、信息系统集成服务能力标准符合性证书（三级）、河北省服务外包企业资质及河北省服务外包培训机构资质，并通过ISO9001、ISO14001、ISO20000、ISO27001认证。公司依托航天系统的技术优势、人才优势和组织大型工程的丰富经验，始终坚持创新驱动，坚持聚焦信息技术主业，面向数字政府和企业数字化产业市场，重点发展财税、智慧、信创产业。公司依托密码安全、区块链、大数据等技术优势，为“数字政府”建设提供信息技术服务和一体化解决方案；形成了服务于大中小企业的系列产品，能够提供财税全流程解决方案、助贷服务、企业数字化转型方案等一站式服务。薪资福利：基本工资+绩效工资+效益工资+学历补助+业务履职待遇+通讯补助+七险二金+固定双休+法定节假日+带薪年假+定期体检+节日福利。培训发展：新员工入职培训、专业技能培训。欢迎登陆公司网站：http://he.aisino.com/企业招聘声明本企业发布的所有在线职位，都是企业在招岗位；由于智联招聘网站刷新规则改变，职位不刷新也不会下线；所以本企业在线职位无论发布显示时间是任何日期都是该企业在招岗位；望广大求职者正常投递并知悉，人力资源部会及时查看所有求职者投递简历并统一给予投递回馈，谢谢！该声明长期有效。,"https://www.zhaopin.com/jobdetail/CC543215920J40858983115.htm?refcode=4019&srccode=401901&preactionid=a7c1140f-c46c-45e5-b867-ab342d8bdc77"
1055,Java,西安-雁塔区,6000-8000元,天阳科技,"计算机软件,计算机软件",1000-9999人,已上市,CC120408370J40821969508,岗位职责： 1.驻点银行，负责研发工作 2.根据项目需求，进行软件设计和编码实现。  3.个人能力安排到匹配岗位   任职要求：   1.统招本科及以上（学信网可查）   2.要求毕业满2年以上  3.可接受全国性出差   4.没有经验有人带   福利待遇：   五险一金，带薪年假，定期体检，节日福利，,7月18日,天阳科技(股票代码：300872)，是全球金融创新服务的重要贡献者，持续赋能中国金融行业数字化转型，为客户提供咨询、金融科技产品、金融IT服务、云计算及运营服务。公司成立于2003年，服务超过300家金融行业客户，覆盖中央银行、政策性银行、国有银行、股份制银行、地方性商业银行、非银行金融机构等，员工人数近7000人，成为激活金融领域创新活力、推动金融科技迈入世界领先水平的重要力量。作为金融行业客户可信赖的合作伙伴，天阳科技凭借丰富的行业经验和端到端的专业服务，在信创、数字化金融、信贷、交易银行、信用卡、零售、营销、风险管理、征信监管等众多领域具备核心竞争力。据赛迪和IDC报告显示，近年来公司在中国银行业IT解决方案市场排名强势崛起，2019年收入及市场占有率综合排名分别位列第四位和第五位，并保持高速增长。同时，前瞻商业和科技趋势，入选2021年度未来银行科技服务商TOP100。天阳科技始终聚焦金融科技领域，加大自主创新力度，在超过100个城市建立本地化、专业化的研发和服务团队，拥有CMMI5级认证、软件测试成熟度模型集成（TMMi）3级认证、ISO9001质量管理体系认证、ISO20000信息技术服务管理体系认证、IS027001信息安全管理体系认证。通过部署人工智能、云计算、大数据、移动互联网、分布式计算和区块链等先进金融科技，公司致力于构建安全可控、普惠民生、开放共赢格局，在关键技术领域服务现代化金融发展大局，更好地为各利益相关方创造更大价值，为大中企业、小微企业以及每个个体提供优质金融服务。,"https://www.zhaopin.com/jobdetail/CC120408370J40821969508.htm?refcode=4019&srccode=401901&preactionid=a7c1140f-c46c-45e5-b867-ab342d8bdc77"
1056,实施工程师,贵阳-观山湖区,6000-12000元,东华医为科技有限公司,"IT服务,IT服务",1000-9999人,未融资,CC649781480J40485829405,岗位职责：,2025-07-27 00:16:41,东华医为科技有限公司（简称东华医为）成立于2012年5月，注册资金5000万，是东华软件股份公司旗下专业服务医疗、卫生等大健康领域IT业务的全资子公司。东华医为现有员工2000余人，其中技术人员占比达到90%，拥有近100项大健康类自主知识产权的软件产品，所覆盖的大健康领域有医疗机构、卫生管理机构、互联网医疗、人工智能、大数据、健康管理等，所涉及的主要业务有IT咨询规划、方案设计、系统集成、软件开发与交付、工程实施与交付、人才培养、售后运维、合作运营等。东华医为现为全国500余家大健康领域的各类用户提供着持续的技术服务，还连续多年蝉联中国十佳医疗行业解决方案商榜首。传承了东华软件医疗卫生事业部近二十年IT业务的东华医为，在高速发展的大健康领域，笃定能大有作为。,"https://www.zhaopin.com/jobdetail/CC649781480J40485829405.htm?refcode=4019&srccode=401901&preactionid=a7c1140f-c46c-45e5-b867-ab342d8bdc77"
1057,软件测试,武汉-江岸区,5000-7000元,天阳科技,"计算机软件,计算机软件",1000-9999人,已上市,CC120408370J40512416408,1.全国项目驻场测试，主要负责功能、数据或接口等相关测试工作； 2.统招本科学历及以上（学信网可查）；毕业满2年；计算机专业优先； 3.热爱软件测试行业、有强力的自驱力，能够在测试岗位深入学习研究； 4.有无经验均可，服从公司安排，接受公司培养，可接受异地工作优先； 福利待遇： 上市公司、公司可提供住宿、定期体检、带薪年假； 欢迎符合要求的小伙伴们投递~,7月18日,天阳科技(股票代码：300872)，是全球金融创新服务的重要贡献者，持续赋能中国金融行业数字化转型，为客户提供咨询、金融科技产品、金融IT服务、云计算及运营服务。公司成立于2003年，服务超过300家金融行业客户，覆盖中央银行、政策性银行、国有银行、股份制银行、地方性商业银行、非银行金融机构等，员工人数近7000人，成为激活金融领域创新活力、推动金融科技迈入世界领先水平的重要力量。作为金融行业客户可信赖的合作伙伴，天阳科技凭借丰富的行业经验和端到端的专业服务，在信创、数字化金融、信贷、交易银行、信用卡、零售、营销、风险管理、征信监管等众多领域具备核心竞争力。据赛迪和IDC报告显示，近年来公司在中国银行业IT解决方案市场排名强势崛起，2019年收入及市场占有率综合排名分别位列第四位和第五位，并保持高速增长。同时，前瞻商业和科技趋势，入选2021年度未来银行科技服务商TOP100。天阳科技始终聚焦金融科技领域，加大自主创新力度，在超过100个城市建立本地化、专业化的研发和服务团队，拥有CMMI5级认证、软件测试成熟度模型集成（TMMi）3级认证、ISO9001质量管理体系认证、ISO20000信息技术服务管理体系认证、IS027001信息安全管理体系认证。通过部署人工智能、云计算、大数据、移动互联网、分布式计算和区块链等先进金融科技，公司致力于构建安全可控、普惠民生、开放共赢格局，在关键技术领域服务现代化金融发展大局，更好地为各利益相关方创造更大价值，为大中企业、小微企业以及每个个体提供优质金融服务。,"https://www.zhaopin.com/jobdetail/CC120408370J40512416408.htm?refcode=4019&srccode=401901&preactionid=a7c1140f-c46c-45e5-b867-ab342d8bdc77"
1058,C/C++,上海-青浦区,1.4-2.8万,外企德科数字技术有限公司,专业技术服务,10000人以上,,CCL1480117890J40720434805,岗位要求： 1、熟悉C/C++、Java、Python、JS等开发语言一种或多种； 2、熟悉分布式系统的设计和应用，熟悉高并发、高负载、高可用性系统的设计开发及调优，熟悉分布式缓存、消息、数据库等机制； 3、开发的代码有较高性能、质量保障、扩展性，前瞻性； 4、参与系统以提升效率为目的的整体的优化、改进，出现问题时能够通过较强的技术手段较好的解决问题。,2025-07-27 00:23:27,外企德科数字技术有限公司是一家2023年新成立的中外合资企业。成立于2023年11月24日，公司定位：专注于为信息技术企业提供人才及数字技术外包解决方案的中外合资企业。它是由中国人力资源服务行业的FESCO（北京国际人力资本集团）与全球人力资源服务领导者The Adecco Group（德科集团）合资成立的。公司主要提供网络技术服务、软件外包服务、计算机系统服务、技术进出口、软件开发等信息技术相关服务。专注于为信息技术企业提供信息技术类人才及数字技术外包解决方案。,"https://www.zhaopin.com/jobdetail/CCL1480117890J40720434805.htm?refcode=4019&srccode=401901&preactionid=a7c1140f-c46c-45e5-b867-ab342d8bdc77"
1059,硬件测试,西安-雁塔区,5000-7000元,美格智能技术股份有限公司,"通信/网络设备,物联网",1000-9999人,已上市,CC823505500J40759951901,职责： 1、根据产品制定测试策略和测试计划，执行硬件测试用例 2、模组、随身WIFI、CPE等产品的各通信指标测试、基带测试和可靠性测试 3、沟通测试需求，准备测试资源（测试样品、线缆、信息），搭建测试环境 4、识别出测试问题，在系统提bug单，整理测试数据，输出测试报告 5、汇报测试进展和测试风险，按期完成测试任务 要求： 1、统招本科以上学历 2、有良好的沟通能力，逻辑思维能力和动手能力 3、熟悉万用表、示波器、频谱仪、信号源、电源、综测仪等仪器仪表 4、了解3Gpp协议，了解2G/3G/4G/5G/WIFI/BT/GPS等通信技术 5、了解消费类电子产品（手机、平板、路由器、手表等）的基本功能 6、能吃苦耐劳，责任心强，能同时承担多项任务，具有细致严谨的工作作风 7、有良好英文读写能力,7月28日,美格智能技术股份有限公司（股票代码：002881）成立于2007年，总部位于广东省深圳市。作为全球领先的无线通信模组及解决方案提供商，美格智能致力建设研发驱动型企业，公司研发基地主要设立在深圳、上海和西安，物联网研发人员规模超过千人。以新一代的4G/5G无线通信技术为基础，以万物互联的物联网行业为依托，美格智能专注于为全球客户提供以MeiGLink品牌为核心的标准M2M/智能安卓无线通信模组、物联网解决方案、技术开发服务及云平台系统化解决方案，物联网行业客户已经遍及全球100多个国家和地区，相关产品和服务已在众多物联网核心应用领域处于领先地位。秉承“诚信、担当、创新、共享”的经营理念，美格智能将持续依靠前瞻性的无线通信技术和高品质的智能物联产品为全球客户创造价值。面向万物智联的未来世界，美格智能将专注于5G/IoT/AI等核心技术，在物联网行业领军企业的道路上不断迈进。深圳地址：深圳福田区深南大道1006号深圳国际创新中心B栋32层上海公地址：上海市闵行区顾戴路2337号维璟中心G栋5楼西安地址：西安市高新区丈八四路20号神州数码西安科技园1号楼9层,"https://www.zhaopin.com/jobdetail/CC823505500J40759951901.htm?refcode=4019&srccode=401901&preactionid=a7c1140f-c46c-45e5-b867-ab342d8bdc77"
1060,Java,武汉-蔡甸区,7000-10000元·13薪,武汉新锐合金工具有限公司,工业自动化,500-999人,,CC494236580J40780003812,【岗位职责】 1、维护和升级现有系统，处理用户提出的反馈意见，保证系统正常运行及进行优化改造。 2、参与团队合作完成公司内部信息化管理系统的建设和实施工作。 3、编写相关的开发文档，用户手册，并给予用户相关的培训。 4、参与企业信息化发展规划，熟悉业务管理知识，促进企业数字化改造升级。 5、关注新技术和行业趋势，将其应用于现有系统中，持续提升系统的功能和性能，优化用户体验。 【任职资格】 1、教育背景：计算机软件相关专业，本科及以上学历；重点院校优先。 2、工作经历：有ERP、MES、PDM等业务管理软件开发经验优先，有机械制造行业的业务管理软件开发经验优先（能够证明自己在该领域有丰富的项目经验和成果）。 3、年龄要求：20-25岁。 4、专业技能：熟练使用java语言进行系统开发。熟悉至少一种（Mysql、Oracle、SQL Server）主流数据库开发，熟悉SQL语言，能熟练编写存储过程。有独立承担项目开发能力优先。会PowerBuild语言优先，或愿意学习优先。 5、语言能力：具备良好的听说读写和口语表达能力。 6、综合素质：具有良好的学习能力、沟通理解能力、业务分析能力和方案写作能力。,7月10日,,"https://www.zhaopin.com/jobdetail/CC494236580J40780003812.htm?refcode=4019&srccode=401901&preactionid=a7c1140f-c46c-45e5-b867-ab342d8bdc77"
1061,实施工程师,杭州-萧山区,8000-12000元,数码大方,"计算机软件,电气机械/电力设备,科学技术推广",500-999人,未融资,CC391669320J40687954005,岗位职责： 1. 负责公司产品技术支持与服务，挖掘引导客户需求，完成售前阶段相关工作，如客户需求调研、方案规划、技术交流、方案讲解、产品演示、投标方案制作等； 2. 负责项目实施、交付管理及售后维护等相关工作； 3. 协同销售进行客户关系维护。 任职要求： 1. 本科及以上学历，机械类、装备制造类、信息管理类相关专业； 2. 较强的沟通理解能力，具备强烈的责任感及团队协作意识，积极主动； 3. 能适应省内出差。 工作地点：北京、浙江、江苏。,6月16日,数码大方（CAXA）是中国领先的工业软件和工业互联网公司。公司是“智能化协同制造技术及应用”国家工程实验室承建单位，也是国家级高新技术企业、中关村高新技术企业、中关村示范区信用五星级企业、北京市高新技术成果转化示范企业、北京市专利示范单位、工信部首批智能制造系统供应商。数码大方始终坚持技术创新，完全自主研发数字化设计（CAD）、产品全生命周期管理（PLM）、数字化制造（MES）软件，是中国最早从事此领域的软件公司，研发团队拥有多年专业经验积累，具有国际领先技术水平，在北京、南京和美国亚特兰大设有三个研发中心，目前已拥有330余项商标、专利、专利申请及著作权。公司是国家智能制造标准化总体组成员单位、大数据标准工作组全权成员单位、中国信息技术标准化技术委员会委员、北京标准化协会单位会员，牵头或参与国家智能制造标准、工业云、工业大数据、增材制造等标准体系的建设。数码大方致力成为世界一流的工业软件和工业互联网公司！http://www.caxa.com/,"https://www.zhaopin.com/jobdetail/CC391669320J40687954005.htm?refcode=4019&srccode=401901&preactionid=a7c1140f-c46c-45e5-b867-ab342d8bdc77"
1062,测试工程师,上海-杨浦区,8000-15000元·15薪,蓝星光域(上海)航天科技有限公司,"船舶/航空/航天/火车制造,通信/网络设备,船舶/航空/航天/火车制造",100-299人,B轮,CCL1337789490J40803149513,工作职责： 1.负责终端在轨测试的指令编辑和发送，确保测试流程的准确性和高效性。 2.处理和分析卫星遥测数据，提供数据支持和决策依据。 3.建立自动化监测系统，优化数据处理流程，提高工作效率。 4.参与测试方案的制定和实施，确保测试结果的可靠性和准确性。 5.配合团队完成其他相关技术工作，包括但不限于软件测试和硬件测试。 任职要求： 1. 理工科背景，本科及以上学历，优先考虑电子工程、计算机科学、航空航天等相关专业。 2. 熟练使用C语言编程，有DSP使用经验优先。  3. 有代码版本管理的经验，有git使用经验优先。  4. 了解控制算法，如经典控制理论。  5.聪明好学，能够快速接受新知识和技术，具备较强的学习能力。 6.年轻有活力，能够适应频繁出差的工作安排。 7.具备软件测试或硬件测试经验，熟悉测试流程和工具。 8.良好的团队合作精神和沟通能力，能够在压力下保持高效工作,7月23日,蓝星光域（上海）航天科技有限公司（简称“蓝星光域”），成立于2021年，致力于成为全场景激光通信终端与解决方案供应商，建设空天地一体化信息网高速通路，打造全场景激光通信生态体系。蓝星光域以上海为研发总部，在北京设立副研发中心，常熟设立智能批量化生产实验基地，总研发生产面积超1万平，团队人数160余人，其中研发人员占比超80%，核心人员均拥有空间激光通信项目经验，已累计获得数十项专利，核心研发技术处于国内先进水平。蓝星光域始终秉持着“研发+量产+测试”三者齐头并进的理念，聚焦商业化空间激光通信终端的研制与生产，面向星载、机载、舰载、地面等多种不同领域，提供低成本、高可靠的空间激光通信产品与解决方案，持续推动商业航天技术大规模商业化应用。在研发方面，蓝星光域目前已实现“设计-零件-组件-终端”的全链路自研，形成激光通信领域的产业闭环。在量产方面，通过智能化脉动式生产实验基地，可实现单一产品年产达400台套。在测试方面，蓝星光域建成的第三方综合测评实验室目前已正式投入使用，通过建成的双端模拟建链软件、硬件平台，可以对任意第三方激光终端进行测试与认证，为行业内生态伙伴提供高效、便捷的服务，共同加速中国商业航天产业商业化进程。公司成立至今已累计为超10家研究所、央国企提供专业的技术服务，多款产品进行定性及标准化生产，公司目前正处于B1轮融资阶段，并获得多家知名投行机构的青睐，累计获得融资金额数亿元。,"https://www.zhaopin.com/jobdetail/CCL1337789490J40803149513.htm?refcode=4019&srccode=401901&preactionid=a7c1140f-c46c-45e5-b867-ab342d8bdc77"
1063,技术支持工程师,成都-青羊区,5000-7000元,广州高盛生物科技有限公司,"医药制造,仪器仪表制造",20-99人,未融资,CC503522380J40760686402,技术支持岗位职责： 1、公司注重职位培养，生物相关专业的毕业生优先考虑。 2、负责给公安系统法医客户提供生物实验技术支持。 3、配合工程师远程排查仪器故障原因。 任职要求： 1、吃苦耐劳，工作积极主动，严谨仔细，责任心强，有较强的抗压能力，学习能力较强者优先考虑； 2、善于与人沟通并具有良好的合作精神。 3、生物专业优先，应届毕业生及拥有相关工作经验优先考虑。,6月27日,广州高盛生物科技有限公司为上海A股上市公司国发股份（600538）全资控股子公司，围绕法庭科学和医疗生物领域提供基因鉴定一站式服务，拥有两家独立第三方司法鉴定机构以及DNA自动提取检测、群体高通量二代测序和特征鉴定智慧刑侦等基因和大数据前沿技术，为国家重点研发计划“公安安全风险防控与应急技术装备”专项唯一参与技术企业，自研的微量DNA自动检测工作站为国家双创大赛省前十强和公安部国产替代“双十计划”专项银奖获奖产品，运用于全国百余家公安系统实验室，在投资者华大基因（300676）和达安基因（002030）的战略襄助下，始终牢记“捍卫生命安全，践行科学正义”的企业使命，立志成为广东省法医鉴定独角兽企业。主营业务为通过上、中、下游的服务满足法医用户的整体需求，服务涵盖DNA提取，DNA PCR-STR复合扩增，DNA数据入库，实现了从现场物证的DNA获取到DNA数据分析入库的法医DNA鉴定一站式服务。具体包括：基因检测仪器设备、试剂耗材、软件等的研发与生产；（上游）基因检测仪器设备、试剂耗材、软件等的供应、DNA鉴定技术应用培训等；（中游） DNA鉴定实验服务、DNA鉴定结果分析、DNA数据库建设、科研合作等。（下游）旗下三家子公司： 1.广州高盛智造科技有限公司：公司围绕法庭科学和医疗生物进行设备开发，产品涵盖法庭科学前端现场采集，后台实验室物证提取相关的工具和设备，为法庭科学领域从现场刑侦到物证提取提供全产业链优质产品。公司同时对刑侦技术持续投入研发，包括信息电子技术，智能卡类设备，新材料技术，环保技术等研究，为企业输出源源不断的创新动力。 2.广州高盛智云科技有限公司：公司围绕大数据的应用研发一系列技术以及软件产品，技术研发的重点集中在特征鉴定识别领域（包括个体特征，社会特征，疾病特征等），包括DNA个体鉴定技术，人脸、虹膜识别技术，真实重现技术，并以此开发了一系列内置软件，软件涵盖法医、健康、交通等城市管理领域。高盛智云的建立顺应了大数据时代的潮流，为建立智慧城市提供底层架构的建设。 3.广东正航司法鉴定所： 2016年9月12日经广东省司法厅核准设立的面向社会提供有偿服务的司法鉴定机构。执业范围包括法医物证鉴定、法医临床鉴定及法医毒物鉴定。有多名经验丰富的专家鉴定人，拥有美国进口的高精仪器设备和标准实验场地。是值得信赖的独立的第三方鉴定机构，司法鉴定意见书全国通用。,"https://www.zhaopin.com/jobdetail/CC503522380J40760686402.htm?refcode=4019&srccode=401901&preactionid=a7c1140f-c46c-45e5-b867-ab342d8bdc77"
1064,前端开发,北京-海淀区,1.5-1.7万,博彦科技承德有限公司,"IT服务,互联网",1000-9999人,已上市,CC637366030J40637888606,职位描述,2月8日,博彦科技（深交所上市公司，股票代码002649）是一家面向全球的IT咨询、产品、解决方案与服务提供商。公司成立于1995年，总部位于中国北京，并在中国、美国、西班牙、日本、印度、新加坡和马来西亚等7个国家设有40余家分支机构、研发基地或交付中心。博彦科技依托自身强大的研发与创新能力，广泛采用基于物联网、大数据、人工智能和移动互联等新兴技术，为高科技、金融、互联网、地产、交通、汽车、零售、能源、制造、航空、电信、媒体、旅游等行业客户提供丰富的解决方案及产品。博彦科技遵循严格的质量和安全标准，实施严密的安全措施，拥有成熟可靠的管理和开发流程，并获得CMMI 3、ISO 20000、ISO 9001、ISO 27001、ISO 14001、OHSAS 18001等一系列资质认证。公司凭借多年的行业积累、深厚的行业专长和成熟的行业实践、国际化的精英团队和完善的人才管理、完备的全球化交付与服务网络、以及无处不在的创新精神与实践，助力全球客户尽享科技革新所带来的卓越运营，为客户持续创造关键价值。,"https://www.zhaopin.com/jobdetail/CC637366030J40637888606.htm?refcode=4019&srccode=401901&preactionid=a7c1140f-c46c-45e5-b867-ab342d8bdc77"
1065,C/C++,北京-海淀区,2-4万·14薪,美泺(中国)有限公司,人工智能,20人以下,不需要融资,CC819166320J40678763414,"岗位要求： 1. 负责手术机器人软件的开发与维护，使用Qt框架进行图形界面开发； 2. 根据产品需求，设计并实现高效、稳定的用户交互界面； 3. 参与软件架构的设计，优化现有代码，提高系统性能； 4. 与硬件、算法等团队协作，集成多种设备和功能模块； 5. 对项目中的技术问题进行分析和解决，确保系统的可靠性与安全性； 6. 参与系统需求分析、设计文档撰写与评审工作； 7. 定期进行软件的功能升级与优化，维护版本控制和代码质量。 任职要求： 1. 计算机、软件工程等相关专业本科及以上学历； 2. 熟练掌握C++语言，具有Qt框架下的实际开发经验； 3. 了解跨平台开发，熟悉Linux/Windows开发环境； 4. 有医疗设备、机器人等行业软件开发经验者优先； 5. 具备良好的问题分析与解决能力，具有团队协作精神； 6. 熟悉常见的版本控制工具（如Git），有敏捷开发经验者优先； 7. 具备较强的学习能力和独立工作能力，能够承担压力； 8. 良好的英文沟通能力。 Responsibilities: 1. Develop and maintain software for surgical robots, using the Qt framework for graphical interface development; 2. Design and implement efficient and stable user interfaces based on product requirements; 3. Participate in software architecture design, optimize existing code, and improve system performance; 4. Collaborate with hardware, algorithms systems teams to integrate various devices and functional modules; 5. Analyze and solve technical issues within the project to ensure system reliability and security; 6. Participate in system requirements analysis, writing, and reviewing design documentation; 7. Regularly upgrade and optimize software functions, maintaining version control and code quality. Qualifications: 1. Bachelor's degree or higher in Computer Science, Software Engineering, or related fields; 2. Proficient in C++ with practical development experience using the Qt framework; 3. Familiar with cross-platform development and knowledgeable in Linux/Windows development environments; 4. Experience in software development for medical devices, robots, or related industries is a plus; 5. Strong problem-solving skills, with the ability to work collaboratively in a team environment; 6. Familiarity with version control tools such as Git, with Agile development experience preferred; 7. Strong learning abilities and capable of working independently under pressure； 8. Good English communication skills.",11月1日,"Founded in 2006, Meril is an India-based, global medical device company that is dedicated to the innovation, design and development of novel, clinically relevant and state-of-the-art devices. As a leading healthcare solutions company, our fundamental aim is to champion the alleviation of human suffering and improve quality of life. To enable this, we are committed to R&D, innovation in manufacturing medical technology, scientific communication, and contemporary distribution avenues. Meril was established by the Bilakhia Group, to improve the quality of human life through innovative and advanced healthcare solutions. As a medical device manufacturer, we strive to improve the inventiveness in healthcare so that people’s lives are enriched. We continually seek excellence in providing answers to some of medicine’s toughest questions. Meril manufactures medical solutions in the form of vascular intervention devices, orthopedic implants, robotics, endo-surgery, ENT products, and in-vitro diagnostics. It is our core commitment to ensuring the delivery of advanced healthcare solutions. Our inclination towards research and development is reflected in our diverse offerings. We ensure that we adhere to the best quality of standards in manufacturing, scientific communication and distribution to deliver path-breaking healthcare products to the world. We collaborate with physicians and global innovators to identify unmet clinical needs and develop revolutionary therapies. We encourage research and academic collaborations and remain available to interact on exciting opportunities. Headquartered in India with a manpower of more than 4000, Meril, by Bilakhia Group, currently conducts business in more than 100 countries. We have 100% subsidiaries in India, USA, Germany, Brazil, Russia, South Africa, Bangladesh and Turkey. We have set up operations in China and Japan too.","https://www.zhaopin.com/jobdetail/CC819166320J40678763414.htm?refcode=4019&srccode=401901&preactionid=a7c1140f-c46c-45e5-b867-ab342d8bdc77"
1066,实施工程师,淄博-张店区,4000-8000元,山东佰测传感科技股份有限公司,"仪器仪表制造,电子设备制造",20-99人,未融资,CC503593080J40391345609,岗位职责：   职责一   职责表述：负责标准产品市场销售过程的技术支持工作   工作任务   1、负责相关产品市场销售前的技术支持，以明确客户需求。   2、负责相关产品客户使用中的技术支持，解决客户使用中的问题。   3、负责产品故障判定与维修，分析改进，提升产品质量，提升客户满意度。   职责二   职责表述：负责标准产品生产制作过程的技术支持工作   工作任务   1、负责编制采购配料表、生产工艺（SOP）、检验工艺、使用说明书。   2、负责标准产品生产过程中包括培训等方面的技术支持，满足生产需求。   3、负责产品故障判定与维修，分析改进，提升工艺水准，提升产品品质。   职责三   职责表述：负责标准产品技术改进活动，提升质量、降低成本、提高效能   工作任务   1、负责公司标准产品的在生产制作过程中的工艺改进，以便于提升质量、降低成本、提高效能。   2、负责公司标准产品的客户使用信息的收集，提交本部门，为部门进行产品改进提供支持   任职要求：   1、机械、电子、机电一体化等相关专业，本科学历。   2、掌握电路设计、机械设计、等操作软件的使用；   3、熟练使用自动化办公软件，具备基本的网络知识。   待遇：   1、工资：（4000-8000元）+奖金   2、试用期3个月，签订劳动合同，缴纳五险；   3、工作时间：每周五天工作制，周末双休；国家法定节假日享受带薪休假。   4、年终奖金，节日福利。   联系地址：淄博市高新区中润大道158号MEMS产业园8号楼   联系电话：************ 职位福利：周末双休、年终奖金、五险一金、多次晋升机会、转岗/轮岗机会 ,3月18日,山东佰测传感科技股份有限公司是一家专业从事传感与控制的高新技术企业。专业设计、精工制造的压力、真空、液位、温度、流量等测量仪器以及数字显示控制仪表，广泛应用于铁路机车、船舶、发动机、空气压缩机、暖通空调、城市天然气、采油石化、自来水厂等工业自动化领域。佰测科技始终坚持严格的质量标准，并注重持续提高。在取得计量器具制造许可证之后，陆续获得了ISO9001质量体系认证、船用产品工厂认证以及危险场所安全、船用许可、铁路设备许可等多项产品认证。佰测科技坚信为客户创造价值是企业的生存之道，科技创新助推企业迅速发展。目前佰测仪表累计授权专利21项，其中发明专利3项。2012年企业研发中心被淄博市授予市级压力工程中心。倾听客户声音、与国内外科研院所的广泛协作，确保了公司产品性能和品质的持续提高。佰测科技认为全体员工是企业的宝贵资源，奉行“商业人格、结果导向、客户价值、开放分享”为企业理念，专注于提供高品质的传感与控制产品，让自动控制系统测量准确，运行平稳、长久、安全。,"https://www.zhaopin.com/jobdetail/CC503593080J40391345609.htm?refcode=4019&srccode=401901&preactionid=a7c1140f-c46c-45e5-b867-ab342d8bdc77"
1067,实施工程师,成都-温江区,115-150元/天,成都汉康信息产业有限公司,"IT服务,计算机硬件,计算机软件",20-99人,未融资,CC256835610J40808492803,工作地点：成都-温江 岗位职责： 1.  协助实施工程师完成项目运维、故障处理及调试工作。 2. 参与客户现场或远程的技术支持，解决基础技术问题并记录反馈。 3.  协助编写项目文档（如实施方案、测试报告、用户手册等）。 4.  参与项目会议，跟踪任务进度并及时汇报问题。 5.  完成上级交办的其他与项目实施相关的辅助性工作。 任职要求： 1.  本科在读，计算机、软件工程、电子信息、自动化等相关专业。 2.  具备基础的网络知识（如TCP/IP、HTTP协议）和操作系统（Windows/Linux）操作能力。 3.  逻辑清晰，具备较强的学习能力和问题解决能力。 4.  良好的沟通能力和团队协作意识，能适应短期出差或客户现场支持。 5.  能吃苦耐劳，适应外场作业。 加分项：有过相关实习经历。 实习收获： 1.  深入了解千万级软件/硬件项目的实施全流程。 2.  接触真实客户场景，提升技术实操与沟通协调能力。 3.  表现优异者可获得转正机会或推荐信。,7月3日,成都汉康信息产业有限公司，创立于2001年，位于成都高新技术产业园区—美丽的“天府之国”心脏。作为一家专注于GIS+BIM数字孪生、物联网总线、大数据平台、云计算等前沿技术的研发与生产的高新技术企业，我们提供全面的解决方案和综合技术服务，被认定为省级专精特新企业。二十年的沉淀让我们成长为国内智慧水务、智慧政务、智慧交通等领域的先锋，提供领先的智慧城市解决方案和技术服务。我们自豪于强大的技术创新能力和成果转化实力，拥有省级和市级技术中心，以及感知城市数据科学研究院。我们的团队由高级、专业、尖端的科研、实施和运维人员组成，专注于满足客户的差异化需求，提供专业解决方案和一流的运维服务。汉康公司荣获包括《电子与智能化工程专业承包壹级》、《安防工程企业资质壹级》、《ITSS信息技术服务运行维护标准符合性证书二级》、《软件成熟度 CMMI3》、《测绘资质乙级》、《国家级守合同重信用企业》、各级信息技术与软件服务标准符合性证书、《ISO》系列质量、环境、职业健康安全以及信息安全管理体系认证等近百项资质和荣誉。我们的创新精神获得国家与地方政府的高度认可，获颁“企业技术创新基金”、“电子发展基金”等奖项，并在智慧城市的多个领域内，拥有200余项软硬件自主知识产权专利技术，标志着我们成为行业内资质全面、居领先地位的企业之一,"https://www.zhaopin.com/jobdetail/CC256835610J40808492803.htm?refcode=4019&srccode=401901&preactionid=a7c1140f-c46c-45e5-b867-ab342d8bdc77"
1068,软件测试,郑州-管城回族区,8000-12000元,郑州辰音网络科技有限公司,通信/网络设备,20-99人,,CC881374970J40782587014,,2025年07月28日,,"https://www.zhaopin.com/jobdetail/CC881374970J40782587014.htm?refcode=4019&srccode=401901&preactionid=a7c1140f-c46c-45e5-b867-ab342d8bdc77"
1069,Java,深圳-龙岗区,1.5-3万·15薪,外企德科数字技术有限公司,专业技术服务,10000人以上,,CCL1480117890J40607762705,岗位职责 1、负责公有云、混合云数据库服务的运维、运营、体验类功能的设计与开发 2、负责打造相对其他云厂商&服务更有竞争力的产品与体验 3、工作模式以互联网开发模式为主，整体架构为前端展示+后端服务调度+服务核心运维的经典三层架构 岗位要求 1、计算机、软件、通信等相关专业本科及以上学历; 2、热爱编程，基础扎实，熟悉掌握但不限于JAVA/C++/C/Python/JS/ HTML/GO等编程语言中的一种或数种，有良好的编程习惯; 3、具备独立工作能力和解决问题的能力、善于沟通，乐于合作，热衷新技术，善于总结分享，喜欢动手实践; 4、对数据结构、算法有一定了解;,2025-07-27 00:23:23,外企德科数字技术有限公司是一家2023年新成立的中外合资企业。成立于2023年11月24日，公司定位：专注于为信息技术企业提供人才及数字技术外包解决方案的中外合资企业。它是由中国人力资源服务行业的FESCO（北京国际人力资本集团）与全球人力资源服务领导者The Adecco Group（德科集团）合资成立的。公司主要提供网络技术服务、软件外包服务、计算机系统服务、技术进出口、软件开发等信息技术相关服务。专注于为信息技术企业提供信息技术类人才及数字技术外包解决方案。,"https://www.zhaopin.com/jobdetail/CCL1480117890J40607762705.htm?refcode=4019&srccode=401901&preactionid=a7c1140f-c46c-45e5-b867-ab342d8bdc77"
1070,实施工程师,大连-金州区,3000-6000元,大连致良知科技有限公司,计算机软件,20-99人,未融资,CCL1242381560J40772620413,岗位职责：（不接受应届生，无经验） 1、熟悉企业管理的基本业务流程，如财务、供应链、生产制造、人力资源等，能够将客户的业务需求转化为软件系统的应用方案。 2、负责完成公司向客户销售软件的现场实施工作，包括调研，解决方案，配置，培训，安装，系统上线，运行维护等 3、负责产品上线、客户培训和系统维护，解决项目中用户提出的问题，维护客户关系，提高客户满意度 4、准确理解客户需求，制定合理的项目实施计划，并按照计划推进项目进度，确保项目按时、高质量交付 5、具备良好的项目管理能力，能够有效地协调资源，控制项目成本，管理项目风险，保证项目目标的达成 6、协助销售人员和客户进行各个层面（业务、技术实现）的技术交流和解答 负责完成项目实施文档的编写工作及上级交办的其它相关工作 任职要求： 1、有金蝶、用友、管家婆、速达等企业用软件实施经验的应用经验优先； 2、本科及以上学历，财会等类相关专业优先； 3、具有ERP的专业知识和经验者优先； 4、有强烈的责任心，超强的执行力，良好的沟通及问题解决能力； 4、能承受较强的工作压力，具有强烈的责任心和上进心、具备良好的团队协作能力；,4月28日,本公司销售财务软件，金蝶、用友、精斗云等，欢迎加入我们。,"https://www.zhaopin.com/jobdetail/CCL1242381560J40772620413.htm?refcode=4019&srccode=401901&preactionid=a7c1140f-c46c-45e5-b867-ab342d8bdc77"
1071,软件测试,北京-海淀区,1.5-3万,中国海洋工程研究院(青岛),学术/科研,100-299人,不需要融资,CCL1319534170J40780158414,岗位职责： 负责海洋工程设计分析工业软件和信息化平台的测试工作，包括测试方案制定、测试用例编写、功能和算法测试验证、缺陷跟踪和管理等。,7月18日,中国海洋工程研究院（青岛）（以下简称“海工院”）由青岛市人民政府、清华大学、中国海洋发展研究会三方共同支持下于2021年1月正式成立。旨在贯彻落实习总书记建设海洋强国的战略部署，全面配合青岛市争创全球海洋中心城市，聚焦解决我国海工方向重大战略需求、海洋工程领域关键核心技术和“卡脖子”技术，以强核心+大平台+产业化的运行模式，打造政-产-学-研-金-服-用深度融合的海工科技创新生态链和产业链，力争尽快孵化出一批独角兽企业，培育形成具有国际竞争力的海洋高新产业集群，实现人才聚集、项目聚集和资源聚集，将海工院建设成为全球顶尖的海洋科技与工程研发机构。招聘岗位归属：少部分岗位归属研究院；大部分归属海工院下设研究中心/分支机构/全资公司/投资公司；,"https://www.zhaopin.com/jobdetail/CCL1319534170J40780158414.htm?refcode=4019&srccode=401901&preactionid=a7c1140f-c46c-45e5-b867-ab342d8bdc77"
1072,Java,上海-青浦区,1.7-2.2万,上海兼询网络科技有限公司,电子商务,20人以下,,CCL1485499340J40761626311,岗位内容： 1. 负责Java应用程序的设计与开发，包括需求分析、系统设计、编码和测试等环节。 2. 研究新技术，不断提升开发效率和程序性能。 3. 改进现有系统、优化系统资源，提高系统稳定性和可靠性。 4. 参与团队内部培训、交流与分享会议，促进整个团队技术水平的提升。 任职要求： 1. 熟悉Java语言，熟练掌握Spring框架及相关开源技术。 2. 具备扎实的计算机基础，熟悉数据结构、算法和网络编程等知识点。 3. 具备初步的Web开发经验，熟悉HTML、CSS、JavaScript等前端技术。 4. 具有较强的自学能力、问题解决能力和团队协作能力。,7月23日,,"https://www.zhaopin.com/jobdetail/CCL1485499340J40761626311.htm?refcode=4019&srccode=401901&preactionid=a7c1140f-c46c-45e5-b867-ab342d8bdc77"
1073,软件测试,苏州-太仓市,100-150元/天,域圆科技,"计算机软件,计算机软件",20-99人,不需要融资,CC312094530J40525799914,职位描述： 1.根据测试计划搭建和维护测试环境，编写和执行测试用例； 2.及时发现产品缺陷，准确、详实地描述bug，与开发人员高效沟通； 3.推动问题的解决并跟进，完成相关测试报告。 招聘要求： 1、本科及以上学历； 2、英语四级及以上，读写良好； 3、能够编写测试用例； 4、有责任心，有上进心，认真仔细，善于沟通。 5、2025届毕业生,6月23日,公司简介：域圆科技成立于2014年，为国家高新技术企业，致力于创新型智能医疗产品与教育产品的研发。总部位于上海，分别在北京、西安、成都、昆明、武汉成立了分支机构，2018年域圆科技与西北工业大学合作，在苏州成立了虚拟现实与人工智能研究院，作为域圆科技的研发中心与人才基地。域圆科技的诸多创新型成果获得了市场的认可，并于2022年获得主流资本---金沙江创投资本注资，成为医疗仿真教育领域里的领军企业，开始肩负起不断创新的发展使命。技术实力：域圆科技是自主创新性企业，在计算机数据算法、图形图像，VR虚拟现实、MR混合现实、AI人工智能等领域拥有多项核心专利和著作权。公司拥有完善的研发、销售、客服体系。公司所具备的顶尖技术实力为客户的项目成功实施提供专业的保障。公司一直以雄厚的技术实力为支撑，以用户需要为导向，以技术创新为根本，不断研制中国甚至世界先进技术水平医学领域的虚拟现实软硬件产品和仿真应用项目，其成熟的技术已在医学、教育领域确立了其领先的地位。公司现有人员200余人，其中本科以上学历占到90%，研发人员中研究生以上学历占比35%，大多数都曾服务于微软研究院和Autodesk研究院等国际顶尖的计算机技术型公司。公司研发中心与国内顶尖图形图像研究机构中科院、上海交大、浙大等均有开展研究合作。公司产品通过ISO9001质量管理体系认证，ISO14001环境管理体系认证，ISO45001职业健康安全管理体系认证。域圆科技在医疗和教育行业服务客户上千家，在智能化医疗实训领域具有领先优势。福利待遇：我们提供具有竞争力的薪酬福利，薪资高于市场平均薪酬，五险一金，节日福利，各种补助，专属礼品，还有Bonus。为每位员工提供职业发展规划，晋升机会多多，工作环境良好，交通方便。我们从事的是科技型新兴产业，改变着未来人们生活方式，员工充满激情和活力。我们搭建了良好的平台，期待优秀的您加入！,"https://www.zhaopin.com/jobdetail/CC312094530J40525799914.htm?refcode=4019&srccode=401901&preactionid=a7c1140f-c46c-45e5-b867-ab342d8bdc77"
1074,科研人员,北京-海淀区,9000-15000元,北京清雅华固环境科技有限公司,环保,20-99人,,CC632689530J40648643101,中心简介：,3月12日,北京清雅华固环境科技有限公司是一家专业从事固体废物管理政策研究、固体废物处理处置技术咨询和技术研发、固体废物属性鉴别、固体废物相关培训等的技术公司，致力于为我国固体废物处理处置工作提供优化方案。,"https://www.zhaopin.com/jobdetail/CC632689530J40648643101.htm?refcode=4019&srccode=401901&preactionid=a7c1140f-c46c-45e5-b867-ab342d8bdc77"
1075,实施工程师,南京-雨花台区,150-200元/天,南京简睿捷软件开发有限公司,计算机软件,20-99人,未融资,CC325174780J40665165406,1.在项目经理指导下，参与项目调研、分析、设计，准确把握客户需求，有针对性地指导用户实现企业管理信息化； 2.负责项目实施工作，包括产品及系统的部署、集成等； 3.负责收集和整理实施过程中遇到的问题，及时提交研发部门并跟进直至解决； 4.负责用户培训，编写用户培训文档； 5.负责项目资料的收集、整理、建档、保存。,4月16日,南京简睿捷软件开发有限公司，是一家专业从事智能制造解决方案的软件企业，拥有丰富的企业信息化实践经验，致力于为企业提供产品生命周期过程中的产品数据与生产现场管理解决方案。目前已被评为高新技术企业、瞪羚企业、专精特新中小企业称号。公司拥有雄厚的技术研发团队，拥有轻松、良好的工作氛围，拥有开放的工作理念，给每个员工都提供了巨大的成长空间。,"https://www.zhaopin.com/jobdetail/CC325174780J40665165406.htm?refcode=4019&srccode=401901&preactionid=a7c1140f-c46c-45e5-b867-ab342d8bdc77"
1076,Java,石家庄-桥西区,4000-8000元,迈本软件科技(河北)有限公司,"计算机软件,人工智能",100-299人,天使轮,CCL1465522950J40718652202,职位名称：储备软件工程师 Base： 石家庄 HC:3+人 职位描述： 1.负责软件系统在制药企业的现场实施工作，包括软件的安装、配置、调试和优化。 2.确保软件系统能够满足制药行业的特殊需求，如符合GMP（良好生产规范）标准和监管要求。 3.提供软件系统的培训和技术支持，确保用户能够正确使用软件系统。 4.参与软件系统的需求分析和设计，与软件开发团队紧密合作，确保软件功能符合用户需求。 5.负责软件系统的测试和验证，确保系统的稳定性和可靠性。 6.提供项目文档和用户手册的编写和更新。 7.参与项目管理和交付，确保项目按时、按质、按量完成。 职位要求： 1.本科及以上学历，计算机科学或软件工程及相关专业优先考虑； 2.应届生亦可。 2熟练掌握至少一种编程语言，如Java、C#、Python等。 3.熟悉数据库管理系统，如Oracle、MySQL、SQL Server等。 4.了解软件测试和验证的方法和工具。 5.具备基本的网络和硬件知识，能够处理与软件实施相关的网络和硬件问题。 5.具有较强的判断和决策能力、人际沟通协调能力、计划与执行能力； 6、责任心强、工作态度积极乐观，能承受一定的工作压力，能适应全国范围出差； 薪资： 薪资范围：4K/月-8K/月（宽带薪酬） 薪资组成：底薪+执行奖金+餐补+通讯补+交补+五险一金、商业意外险；,7月14日,迈本软件科技（河北）有限公司隶属于“迈本集团”，是迈本旗下专注于数字化产品研究、开发、销售的高科技企业，以满足国内外GxP法规要求为目标，以企业管理流程为基础，提供制药企业数字化转型的“自主研发+GxP咨询+软件实施+合规验证”一站式服务。数字化产品矩阵覆盖研发、质量、生产到仓储端，确保制药企业全生命周期GxP管理的合规与效率的提升。拥有国内专业的制药数字化研发和实施团队，深耕精益数字化咨询和设计、质量管理系统（QMS）、电子实验记录本（ELN）、实验室信息管理系统（LIMS）、制造执行系统（MES）、物料/称量管理系统、仓储管理系统（WMS）、安全生产信息管理系统（EHS）等产品线，可提供制药整厂数字化咨询与设计、工艺业务流程梳理、实施服务及全生命周期计算机化系统验证（CSV）、“身边的马老师”制药咨询AI大语言模型等人工智能产品。同时，提供药企从工厂整体规划、工艺方案设计、工程实施服务到验证及售后的“一站式”工业自动化解决方案，专注数据采集与监测系统（SCADA）、空调自控与环境监测系统（BMS&EMS）、动力自控与能源管理、工艺过程控制系统等服务。企业价值观：助力药企进步，科技驱动未来；制药行业数字化转型“一站式”服务领导者；企业使命：在追求全体员工物质和精神两方面幸福的同时，为制药行业进步发展做出贡献；核心价值观：用户为本精益求精创新变革合作共赢。员工福利： 1、行业前三、外资企业核心骨干带队的背书履历；2、广阔的职业发展空间，专业、管理晋升双通道；3、有竞争力的薪酬，五险一金，补充医疗，商业意外险，节假日福利、双休、年假、带薪病假等福利俱全；4、开放、直接的工作氛围，逻辑和事实说话；5、新人培训带教过渡，每日执行总监带队成长；6、技术分享交流、技能特训；7、不定期线下/线上课程学习；8、公司内部课程资源均可免费学习（价格几千到10万+不等）。,"https://www.zhaopin.com/jobdetail/CCL1465522950J40718652202.htm?refcode=4019&srccode=401901&preactionid=a7c1140f-c46c-45e5-b867-ab342d8bdc77"
1077,前端开发,郑州-金水区,6000-10000元,滑县巨旺商贸有限公司,电子商务,20-99人,,CCL1486365070J40800391013,岗位职责： 1、根据工作安排，高效，高质量地完成前端页面代码编写，并确保符合相关规范，兼容各主流浏览器； 2、负责公司项目前端页面修改、调试和开发工作； 3、与后端开发团队紧密配合，确保代码有效对接，优化网站前端性能。 任职要求： 1、熟练掌握HTML/HTML5、CSS/CSS3、JavaScript语言，深入理解W3C web标准，能手写符合W3C标准、兼容多种浏览器的前端页面代码，了解前端性能优化；  2、熟练掌握Vue、React、Angular等至少一种主流前端框架（最好Vue），并有实际项目经验，熟悉前端组建化、模块化开发流程；  3、熟悉nodejs开发环境，熟悉gulp、webpack等优化开发、构建流程工具的基本使用。  4、具备前端工程化思维，有前后端分离实践经验的优先；  5、具有良好的代码风格、良好的沟通技能、善于团队合作，有较强的执行力，善于学习和独立解决问题；  职位福利：绩效奖金、员工旅游、项目奖金、转正缴纳五险一金  上班时间：9:00-18:00，午休2个小时,7月16日,滑县巨旺商贸有限公司位于河南省滑县，是一家专注于建筑材料贸易与相关技术服务的综合性企业。公司立足商贸领域，业务涵盖建筑材料供应、设备运维支持及数据分析服务，致力于为环保监测、化工等行业提供专业化解决方案。团队核心优势体现在技术实践与数据处理能力上，成员需掌握化学分析方法及行业标准，通过远程监控与数据分析保障设备稳定运行。服务范围覆盖郑州等多个区域，依托国际企业中心等办公节点，形成跨区域协作网络。公司注重实效与规范管理，严格遵循数据处理标准，通过系统化流程确保服务质量。在环保监测领域积累了一定技术服务经验，持续优化运维站点数据管理方案。现处于稳健发展阶段，正通过人才引进强化技术实施能力，推动业务向精细化、专业化方向延伸。,"https://www.zhaopin.com/jobdetail/CCL1486365070J40800391013.htm?refcode=4019&srccode=401901&preactionid=a7c1140f-c46c-45e5-b867-ab342d8bdc77"
1078,测试工程师,合肥-蜀山区,6000-8000元,安徽羲禾航空科技有限公司,船舶/航空/航天/火车制造,100-299人,未融资,CCL1206432650J40735025116,岗位职责: 1、基于化油器或电喷发动机，和电动机台架的螺旋桨测试和试验 2、试验台架日常维护， 3、试验前准备、检查、安装和设置， 4、操作试验台架和冷却设备等， 5、和设计人员密切配合，解决测试过程中出现的各种问题， 6、和设备团队一起进行设备维护和故障解决， 7、准确记录整理测试数据，确保测试结果准确。 任职要求： 1、专科以上学历，发动机、车辆及其他相关专业， 2、2年以上相关工作经验， 3、熟悉发动机结构及原理， 4、熟悉具备一定的电气基础， 5、熟悉试验室5S， 6、良好的沟通技巧。,7月25日,徽羲禾航空科技有限公司(以下简称“羲禾航空”)位于合肥市国家高新技术产业开发区，成立于2014年11月，现有员工近200人，平均年龄32岁，拥有独立的办公厂房及先进的设备，是一家专业从事航空螺旋桨/叶片研发、生产，复合材料结构制品研发与生产的高新技术企业、专精特新企业。同时拥有完善的军工资质、武器装备质量管理体系、环境管理体系、职业健康安全管理体系等相关资质，先后承担了多个国家重大项目和重点型号的配套研制工作。公司拥有集研发、生产、试验于一体的团队，其中技术人员60余人，多为博士、硕士或重点大学本科毕业。核心人员来源于国内重点骨干军工院所和军工院校，涵盖气动设计、结构设计、强度分析、复材工艺、天线及电磁场、自动控制等专业；公司与西北工业大学、南京航空航天大学、上海交通大学、深圳大学、南京理工大学、等国内知名高校建立了产学研合作关系，聘请业内长江学者、杰青、知名教授为公司长期顾问，形成深度技术支撑的外围专家团队，专家团队涵盖流体力学、固体力学、复合材料工艺、微波与电磁场等各专业。公司创始人服务于国家军工单位十余年先后负责过国家重大工程型号、总装重大演示验证项目、国家重大专项、863等国家重点装备和重点项目的研制并发挥关键作用，曾荣获省部级科技进步一等奖多项。在螺旋桨产业方向，建成了涵盖设计、生产、试验和售后等全寿命周期的科研生产平台，成为国内第一家具备上述综合能力的民营产业实体，先后完成了临近空间低雷诺数螺旋桨(大型太阳能飞机螺旋桨、平流层浮空器螺旋桨)、大型中高空察打一体无人机用螺旋桨、电动变距恒速螺旋桨、液压变距恒速螺旋桨、涵道螺旋桨、涵道风扇等系列化的螺旋桨产品；特别是掌握了自动变距系统核心技术，研制了国内大型无人机高端恒速变距复合材料螺旋桨并交付用户使用。在复合材料结构方向，公司研发团队拥有多年的航空产品研发经验，具备从传力路线分析、结构打样设计、部组件设计、整机结构设计、工艺设计、力学分析及功能件电性能设计的综合设计能力，并建成了涵盖真空袋压工艺、模压工艺、热压罐工艺、真空导入工艺、手糊工艺等多种复材工艺能力的复合材料结构生产线。公司设立北京、南京、成都办事处，已相续成为航天科技、航天科工、航空工业、兵器工业、中国电科、中国船舶、清华柔电院、江西航空研究院、上海交通大学、西北工业大学、四川大学、南京航空航天、深圳大学、南京理工大学等大型央企与科研院所的合格供应商。,"https://www.zhaopin.com/jobdetail/CCL1206432650J40735025116.htm?refcode=4019&srccode=401901&preactionid=a7c1140f-c46c-45e5-b867-ab342d8bdc77"
1079,实施工程师,合肥-蜀山区,6000-10000元,安徽百职电力科技有限公司,电力/水利/热力/燃气,100-299人,未融资,CCL1288194470J40762696702,工作内容是力系统内的智能库房建设，智能营业厅建设，数字化供电所建设，光伏群控，新型电力系统建设等等  需有工程项目管理经验的        上班 8:30，下班 5:00，双休，节假日正常休息,7月2日,电力设备、电子产品、仪器仪表生产、销售及技术开发、技术服务；计算机软硬件开发、生产、销售及技术服务；大数据产品、云计算产品、物联网产品、网络设备研发、生产、销售；数据采集、处理；新能源项目的开发、建设及技术咨询；建筑智能化工程设计和施工；系统集成；电力工程、通信工程设计、施工；劳务分包；办公用品、劳保用品、化工产品（除危险品）、空调设备销售；充电桩、无人机、智能终端设备、安防产品、通信设备、电子设备、自动化设备、机电设备的研发、生产、销售；测绘服务；地理信息系统工程；通信设备租赁。（依法须经批准的项目，经相关部门批准后方可开展经营活动）,"https://www.zhaopin.com/jobdetail/CCL1288194470J40762696702.htm?refcode=4019&srccode=401901&preactionid=a7c1140f-c46c-45e5-b867-ab342d8bdc77"
1080,测试工程师,广州-黄埔区,5000-10000元,广州弘诺检测技术有限公司,检测/认证,20-99人,不需要融资,CCL1462833960J40645770601,1)优先考虑有相关工作经验或在工厂担任过技术工作者 2)工作积极主动、责任心强，动手能力强 3)具备较强的沟通能力和良好的团队协作精神 4)专业不限，英语4级及电子类专业优先考虑.,7月1日,ITL弘诺检测简介 ITL弘诺检测始建于2003年，是国内第一批民营检测机构，专注于产品安全、环境可靠性、光学性能和电磁兼容检测与认证服务领域。 ITL弘诺检测公司总部位于广州科学城园区，并在东莞设有试验室，实验室总面积近8000平方米。ITL弘诺拥有国际领先标准的电气安全试验室、环境试验试验室、光学试验室室与EMC试验室。ITL弘诺检测获得了中国CNAS国家实验室认可、国家CMA计量认证、美国NVLAP国家实验室认可，也是国际电工委员会IECEE-CB体系认可CB实验室，同时也是美国FCC、加拿大IC列名实验室，美国UL认可的TPTDP试验室，是TUV莱茵、Intertek、SGS、NEMKO、KCR等国外认证机构合作试验室，检测报告和证书能得到全球认可，具有国际公信力。同时，ITL弘诺检测公司在美国、澳洲和香港等地均设有分支机构，并拥有行业最具一流的资深品质控制工程师队伍，可提供全球各主要国家与地区的产品认证服务。,"https://www.zhaopin.com/jobdetail/CCL1462833960J40645770601.htm?refcode=4019&srccode=401901&preactionid=a7c1140f-c46c-45e5-b867-ab342d8bdc77"
1081,技术支持工程师,烟台-福山区,8000-10000元,信泰永合(烟台)新材料有限公司,"石油/石化,化工",100-299人,已上市,CCL1404630210J40481685806,岗位职责 1、负责协助外部项目开发的技术应用支持； 2、客户端现场技术工艺服务 3、提供内部技术支持、培训，及客户培训工作； 4、收集客户需求，处理客户协调工作；进行售前技术分析支持工作； 5、编写、修订和审核技术支持相关文档和作业指导书；提出项目实施改进计划； 6、配合完成项目实施、验收工作。   任职资格   1、化学或理工类相关专业，硕士及以上学历；   2、较强的独立分析问题和解决问题的能力；   3、强烈的责任感和很好的团队合作精神，具备很强的自学能力，能够承受工作压力；   职位福利：五险一金、通讯补助、节日福利、弹性工作   ,7月14日,"信泰永合(烟台)新材料有限公司系于天洋新材(上海)科技股份有限公司（股票代码：603330)旗下子公司，下设信友、泰盛两个产品品牌。公司专业从事电子新材料的研发、生产和销售，包括UV环保无溶剂三防胶、摄像模组胶、电子组装胶、UV胶、工业胶、双组份结构胶等一系列胶粘剂产品。广泛应用于消费电子（手机，笔电）、5G通讯导热、新能源汽车、智能穿戴（AR,VR）、半导体、轨道交通、智慧城市安防等一系列行业和领域。以技术创新为动力，以服务市场为导向，公司不断加大研发技术投入，研发工程师以上级别人员占公司员工1/4，研发投入占比10%以上。荣获“国家级高新技术企业”荣誉称号，先后通过了ISO9001、ISO14001、ISO45001、IATF16949等体系认证，拥有各项专利60余篇。专业的研发、技术团队，为客户提供包括产品研发、测试及施胶工艺在内的全方位的服务，针对客户不同用胶点的需求提供专业的、系统的解决方案。","https://www.zhaopin.com/jobdetail/CCL1404630210J40481685806.htm?refcode=4019&srccode=401901&preactionid=a7c1140f-c46c-45e5-b867-ab342d8bdc77"
1082,实施工程师,廊坊-固安县,8000-12000元,固安迪诺斯环保设备制造有限公司,"环保,环保",100-299人,,CC575209520J40320897609,岗位职责：  1、设计脱硝催化剂技术方案、与客户技术交流沟通、解决客户技术问题等     2、接到上游销售经理的技术支持申请，及时进行技术支持,7月11日,迪诺斯环保科技控股有限公司(股票代码HK01452)成立于 2010年，注册资本金 2.7亿元人民币，公司总部位于北京市丰台区，是一家集高中低温 SCR脱硝催化剂研发、生产、销售和售后服务为一体的大气污染治理企业，是国家及中关村高新技术企业。公司多次获得各种科技奖励，拥有多项软件注册权、实用新型专利和发明专利。目前公司下辖固安迪诺斯环保设备制造有限公司、廊坊迪诺斯环保科技有限公司及无锡迪诺斯环保科技有限公司三家子公司，分别负责工业脱硝催化剂产品生产、车船催化剂生产及平板式催化剂钢网生产等工作。同时，公司也在欧洲设立办事处，负责海外市场的开拓。公司生产的脱硝催化剂产品可以广泛的应用于电力、钢铁及移动源等行业，市场涵盖国内外，得到包括五大电力集团及 VATTENFALL、EON在内的国内外知名企业的高度评价。公司注重技术积累和创新，引进国内外先进的平板式和蜂窝式脱硝催化剂技术，建设有近千平方米的实验室，拥有如 BET、XRF、XRD及 ICP等国际先进试实验检测设备，不断的消化吸收引进技术，形成具有自我知识产权的核心技术，加速公司产品的换代升级。同时，公司也注重人才引进及培养工作，拥有一批环保领域经验丰富的博士、硕士在内的优秀技术和管理人才。严格控制产品质量，按照 QA及 QC等程序严格按照有关标准执行，所生产的产品通过包括西安热工院及 Uniper在内的国内外知名检测机构检测，并获得欧洲 ACHILLES: CONNEXIO的审核认证，成为和欧洲发电集团签订长期供货合同的少数国内企业之一。北京迪诺斯环保科技有限公司秉承诚信、责任、感恩、创新、包容、厚德的企业文化，以营造碧水蓝天为使命，致力于成为国际知名的环保企业，诚愿携手仁人志士为中国乃至全球的节能减排事业做出贡献。,"https://www.zhaopin.com/jobdetail/CC575209520J40320897609.htm?refcode=4019&srccode=401901&preactionid=a7c1140f-c46c-45e5-b867-ab342d8bdc77"
1083,科研人员,郑州-管城回族区,1.5-3万,河南省科学院激光制造研究所,政府/公共事业,100-299人,,CCL1479820160J40785245512,激光制造研究所是河南省科学院为布局尖端光学产业而成立的直属研发机构，目前医疗器械医工交叉组招聘优秀博士及以上人才。   一、专业方向及要求    1.医学技术、医学影像、人工智能、生物学、生物工程、基础医学、计算机科学与技术、智能科学与技术、数学等医学图像处理与人工智能分析、磁共振设备成像原理相关专业。   2.岗位研究方向   （1）脑部医学影像图像处理分析、神经调控治疗研究；医学影像人工智能研究，有大规模研究经历者优先；多组学研究；开发用于成像和重建、智能工作流程和智能后处理工具；脑接口研究；模型仿真、动物实验验证等；   （2）根据研究要求，进行磁共振成像序列设计、开发、参数调试和优化；改进磁共振图像质量，开发图像重建算法和数据后处理技术；   （3）具有与临床治疗超声研究相关的专业背景，熟悉常用的调试类设备（示波器/信号发生器/网络分析仪等）和仿真软件；   （4）生物材料与组织工程、生物3D打印、细胞转染、体外诊断、微流控芯片、凝血分析与检测、细胞分选、类器官/器官芯片、单细胞分析、光谱医学分析与诊断。    ,6月18日,,"https://www.zhaopin.com/jobdetail/CCL1479820160J40785245512.htm?refcode=4019&srccode=401901&preactionid=a7c1140f-c46c-45e5-b867-ab342d8bdc77"
1084,前端开发,南昌-红谷滩区,6000-7000元,江西省火麟科技有限公司,计算机软件,20-99人,,CCL1473916500J40692481812,岗位职责： 1、协助负责大数据平台运维和优化工作，保障服务稳定、高效 2、负责公有云、私有云以服务器维护与管理，做好日常排查及监控、优化、评估等工作，保证系统稳定运行； 3、负责大数据平台组件服务的安装部署、日常维护、性能优化、问题排查、告警对应、故障处理，并收集和汇总形成运维知识库 4、参与集群容器化建设，持续提升资源利用率。 5、参与建设大数据自动化运维平台，包括但不限于监控，日志； 岗位要求： 1、本科以上学历，系统运维工作经验 2、熟悉linux操作系统配置，管理及优化 3、熟悉Sql、熟悉Shell/Python/Java/Perl语言的一种或者多种，有开发经验优先 4、熟悉主流运维工具(Zabbix、Prometheus、Nagios等)部署安装和使用 5、熟悉Hadoop各生态组件、CDH/CDP平台部署、维护和调优 6、有大数据集群搭建、升级、扩容、迁移等实际工作经验者优先 7、对大数据运维开发有浓厚兴趣，具有快速分析、研究问题、沟通和解决能力，具备良好的团队合作精神和服务意识，强烈的责任心和主动性，工作积极严谨,4月23日,,"https://www.zhaopin.com/jobdetail/CCL1473916500J40692481812.htm?refcode=4019&srccode=401901&preactionid=a7c1140f-c46c-45e5-b867-ab342d8bdc77"
1085,测试工程师,深圳-龙岗区,6000-8000元·13薪,深圳市驻聚元实业有限公司,电子商务,20-99人,,CCL1225959200J40764046307,岗位内容：,6月16日,,"https://www.zhaopin.com/jobdetail/CCL1225959200J40764046307.htm?refcode=4019&srccode=401901&preactionid=a7c1140f-c46c-45e5-b867-ab342d8bdc77"
1086,软件测试,深圳-福田区,5000-7000元,天阳科技,"计算机软件,计算机软件",1000-9999人,已上市,CC120408370J40606424508,1.全国项目驻场测试，主要负责功能、数据或接口等相关测试工作； 2.统招本科学历及以上（学信网可查）；毕业满2年；计算机专业优先； 3.热爱软件测试行业、有强力的自驱力，能够在测试岗位深入学习研究； 4.有无经验均可，服从公司安排，接受公司培养，可接受异地工作优先； 福利待遇： 上市公司、公司可提供住宿、定期体检、带薪年假； 欢迎符合要求的小伙伴们投递~,7月17日,天阳科技(股票代码：300872)，是全球金融创新服务的重要贡献者，持续赋能中国金融行业数字化转型，为客户提供咨询、金融科技产品、金融IT服务、云计算及运营服务。公司成立于2003年，服务超过300家金融行业客户，覆盖中央银行、政策性银行、国有银行、股份制银行、地方性商业银行、非银行金融机构等，员工人数近7000人，成为激活金融领域创新活力、推动金融科技迈入世界领先水平的重要力量。作为金融行业客户可信赖的合作伙伴，天阳科技凭借丰富的行业经验和端到端的专业服务，在信创、数字化金融、信贷、交易银行、信用卡、零售、营销、风险管理、征信监管等众多领域具备核心竞争力。据赛迪和IDC报告显示，近年来公司在中国银行业IT解决方案市场排名强势崛起，2019年收入及市场占有率综合排名分别位列第四位和第五位，并保持高速增长。同时，前瞻商业和科技趋势，入选2021年度未来银行科技服务商TOP100。天阳科技始终聚焦金融科技领域，加大自主创新力度，在超过100个城市建立本地化、专业化的研发和服务团队，拥有CMMI5级认证、软件测试成熟度模型集成（TMMi）3级认证、ISO9001质量管理体系认证、ISO20000信息技术服务管理体系认证、IS027001信息安全管理体系认证。通过部署人工智能、云计算、大数据、移动互联网、分布式计算和区块链等先进金融科技，公司致力于构建安全可控、普惠民生、开放共赢格局，在关键技术领域服务现代化金融发展大局，更好地为各利益相关方创造更大价值，为大中企业、小微企业以及每个个体提供优质金融服务。,"https://www.zhaopin.com/jobdetail/CC120408370J40606424508.htm?refcode=4019&srccode=401901&preactionid=a7c1140f-c46c-45e5-b867-ab342d8bdc77"
1087,测试工程师,成都-锦江区,6000-10000元,成都普尚捷科技有限公司,IT服务,20-99人,,CCL1507474420J40782271302,工作时间：朝九晚六，周末双休，法定节假日正常休息  薪资待遇：试用期4K转正平均薪资6-8K 岗位内容：  测试工程师主要负责设计测试计划、编写用例，执行功能、性能等测试，记录并跟踪缺陷，与开发团队协作验证修复，确保产品质量符合标准，同时参与需求评审，提供改进建议。,7月29日,,"https://www.zhaopin.com/jobdetail/CCL1507474420J40782271302.htm?refcode=4019&srccode=401901&preactionid=a7c1140f-c46c-45e5-b867-ab342d8bdc77"
1088,实施工程师,漳州-东山县,9000-14000元,东华医为科技有限公司,"IT服务,IT服务",1000-9999人,未融资,CC649781480J40497191505,"工作内容 1、具备HIS实施经验优先考核。 2、根据项目经理要求按计划实施项目, 做好项目实施中的沟通协调及实施过程反馈； 3、了解医院业务，确定医院业务流程，整理用户需求，进行软件调试、安装、培训，解决实施过程中出现的问题； 4、对医院医生、护士、操作员等进行操作培训； 5、指导用户进行基础数据准备； 6、根据公司要求，完成相关实施文档。 任职要求 1、有PMP、软考项目管理等资质者优先考虑； 2、入职地区可在厦门、漳州、泉州、福州、三明、龙岩、莆田；",2025-07-27 00:12:40,东华医为科技有限公司（简称东华医为）成立于2012年5月，注册资金5000万，是东华软件股份公司旗下专业服务医疗、卫生等大健康领域IT业务的全资子公司。东华医为现有员工2000余人，其中技术人员占比达到90%，拥有近100项大健康类自主知识产权的软件产品，所覆盖的大健康领域有医疗机构、卫生管理机构、互联网医疗、人工智能、大数据、健康管理等，所涉及的主要业务有IT咨询规划、方案设计、系统集成、软件开发与交付、工程实施与交付、人才培养、售后运维、合作运营等。东华医为现为全国500余家大健康领域的各类用户提供着持续的技术服务，还连续多年蝉联中国十佳医疗行业解决方案商榜首。传承了东华软件医疗卫生事业部近二十年IT业务的东华医为，在高速发展的大健康领域，笃定能大有作为。,"https://www.zhaopin.com/jobdetail/CC649781480J40497191505.htm?refcode=4019&srccode=401901&preactionid=a7c1140f-c46c-45e5-b867-ab342d8bdc77"
1089,实施工程师,广州-天河区,3000-4000元,智联猎头,"互联网,人力资源服务",1000-9999人,不需要融资,CCL1318355140J40806979303,备注：该岗位工作语言主要为英语 任职要求： 1、本科及以上学历，理工类专业，具备电子、通讯、软件综合理论知识。 2、英语CET4或同等及以上水平，日常工作为英语口语交流；掌握CAD、PPT等办公软件优先。 3、具有良好的沟通协调能力和学习能力。 4、可全职实习6个月及以上，2026届同学优先。 岗位职责： 1、负责客户的产品使用咨询、项目问题解答及处理。 2、通过电话、视频或文字的方式，协助解决客户投诉案件。 3、以线上结合线下的方式，为客户提供技术培训。 岗位说明： 1、该岗位后续往技术支持工程师或售前工程师方向培养。 2、因客户时差问题有时需要安排值班，值班时长可用于调休。 3、该岗位转正后有出差的可能性，4-5次/年，每次1-2周，中东、欧洲、印度为主。 实习待遇：实习工资120-150元/天+餐补25元/天+公司购买商业意外险,6月30日,智联猎头作为智联招聘旗下品牌，以满足企业中高端岗位的人才招聘需求为出发点，整合全球优质资源，覆盖数字经济、新一代信息技术、人工智能、金融、电子信息、装备制造、生物医药与健康、房地产/建筑等数十个行业，拥有规模庞大、覆盖面广的交付团队，致力于向企业输出专业化的招聘解决方案。智联猎头目前拥有卓聘平台服务、招聘流程外包服务、高端人才猎寻服务三大类核心服务，具备高度定制化能力，能够为不同发展阶段的企业提供一站式招聘解决方案，同时为企业转型升级提供保障，全面增强企业核心竞争力！智联猎头利用自身独特的资源优势、成熟的服务模式，以及多层次的产品，致力于打造高效、专业的一站式人才服务模式，让招聘更加美好！,"https://www.zhaopin.com/jobdetail/CCL1318355140J40806979303.htm?refcode=4019&srccode=401901&preactionid=a7c1140f-c46c-45e5-b867-ab342d8bdc77"
1090,C/C++,上海-青浦区,1.6-3万·15薪,外企德科数字技术有限公司,专业技术服务,10000人以上,,CCL1480117890J40699871805,C++开发岗位要求： 1.计算机相关专业本科以上学历，有扎实的计算机知识基础； 2.精通LinuxC的开发和调试技术，熟悉Linux开发环境gdb等调试工具，良好的编程素养； 3.熟悉TCP/IP协议，了解路由、交换原理；熟悉STL、BOOST； 4.了解解常用设计模式和UML设计工具，精通面向对象的软件设计； 5.具有以下工作经验者优先： a.ASIC数字设计、数字验证、芯片后端等； b.FPGA开发/测试经验； c.对EDA工具熟悉。 嵌入式开发岗位要求： 1、熟悉LINUX系统驱动软件开发，对LINUX系统有深入的理解 2、精通C语言，掌握常用的算法和数据结构，熟练掌握Linux设备驱动开发，熟悉ARM核架构； 3、熟悉网络编程、 熟悉SMP多核架构下软件开发； 4、熟悉嵌入式软件开发流程，熟练掌握git/shell/makefile/cmake/python等，具有良好的沟通和团队合作能力 岗位情况： 1、头部芯片研发大厂，技术大牛带队，前半年导师带教制 2、入职缴纳六险一金，试用期薪资全额，公积金按照最高比例缴纳 3、各种节日福利，免费健身房，免费夜宵（25元餐标），加班打车补助，周末加班双倍薪资,2025-07-27 00:23:26,外企德科数字技术有限公司是一家2023年新成立的中外合资企业。成立于2023年11月24日，公司定位：专注于为信息技术企业提供人才及数字技术外包解决方案的中外合资企业。它是由中国人力资源服务行业的FESCO（北京国际人力资本集团）与全球人力资源服务领导者The Adecco Group（德科集团）合资成立的。公司主要提供网络技术服务、软件外包服务、计算机系统服务、技术进出口、软件开发等信息技术相关服务。专注于为信息技术企业提供信息技术类人才及数字技术外包解决方案。,"https://www.zhaopin.com/jobdetail/CCL1480117890J40699871805.htm?refcode=4019&srccode=401901&preactionid=a7c1140f-c46c-45e5-b867-ab342d8bdc77"
1091,软件测试,重庆-渝北区,7000-10000元,重庆科满福人力资源服务有限公司,企业服务,20-99人,,CCL1487604860J40922120804,【岗位职责】： 1、软件测试岗位职责  2、接受测试任务，进行需求分析 3、按照测试计划搭建测试环境，并保证测试环境的可靠性 4、按照测试计划编亏测试用例，保证测试用例合理有效 5、按照测试用例执行测试，及时发现缺陷，并使用工具进行管理缺陷 6、编写和提交测试报告，保证测试进度按计划完成 7、参与审核其他测试工程师的测试用例和报告 8、学习公司已有方案和推广使用新的测试技术和工具 ,6月30日,,"https://www.zhaopin.com/jobdetail/CCL1487604860J40922120804.htm?refcode=4019&srccode=401901&preactionid=a7c1140f-c46c-45e5-b867-ab342d8bdc77"
1092,科研人员,北京-大兴区,1-1.8万,公安部道路交通安全研究中心,学术/科研,100-299人,,CC278222830J40617322314,非事业编制人员  一、工作职责,6月16日,公安部道路交通安全研究中心为公安部直属在京事业单位。,"https://www.zhaopin.com/jobdetail/CC278222830J40617322314.htm?refcode=4019&srccode=401901&preactionid=a7c1140f-c46c-45e5-b867-ab342d8bdc77"
1093,Java,南京-雨花台区,1-2万,外企德科数字技术有限公司,专业技术服务,10000人以上,,CCL1480117890J40793533105,1、统招quan日制本科及以上学历；接受无经验 2、熟悉Java/C/C++/Python/GO等其中一种主流开发语言 3、有较强的学习能力、良好的团队协作能力、良好的沟通表达能力。  4、数据结构和算法基础扎实，愿意学习。   5、能够接受OD招聘模式。   部门亮点：   1、大平台，机会多。云计算，数字能源，数字存储，终端......赛道很多   2、岗位全，拼实力，设置前端、后端、开发、算法、AI、运维、安全等等岗位，你想要的，这里统统都有！,2025-07-27 00:25:59,外企德科数字技术有限公司是一家2023年新成立的中外合资企业。成立于2023年11月24日，公司定位：专注于为信息技术企业提供人才及数字技术外包解决方案的中外合资企业。它是由中国人力资源服务行业的FESCO（北京国际人力资本集团）与全球人力资源服务领导者The Adecco Group（德科集团）合资成立的。公司主要提供网络技术服务、软件外包服务、计算机系统服务、技术进出口、软件开发等信息技术相关服务。专注于为信息技术企业提供信息技术类人才及数字技术外包解决方案。,"https://www.zhaopin.com/jobdetail/CCL1480117890J40793533105.htm?refcode=4019&srccode=401901&preactionid=a7c1140f-c46c-45e5-b867-ab342d8bdc77"
1094,测试工程师,西安-雁塔区,7000-8000元,陕西跃北机电设备有限公司,人工智能,500-999人,,CCL1500059560J40760892811,嘿，你！我们正在寻找一位充满激情、细心入微的硬件测试小伙伴，和我们一起打造最棒的硬件产品！ 你的工作将是测试我们的硬件，确保它们在实际使用中既稳定又可靠。 如果你满足以下条件，就快点加入我们吧！ 电子、通信、计算机等相关专业大专及以上学历； 有硬件测试经验者优先，但不是必须； 热爱技术，善于发现问题； 对细节有执念，追求完美； 团队合作精神，与我们一起并肩作战！  我们期待你的加入，一起创造出色的硬件产品！,7月22日,,"https://www.zhaopin.com/jobdetail/CCL1500059560J40760892811.htm?refcode=4019&srccode=401901&preactionid=a7c1140f-c46c-45e5-b867-ab342d8bdc77"
1095,C/C++,上海-闵行区,1.1-1.5万,上海中船船舶设计技术国家工程研究中心有限公司,"船舶/航空/航天/火车制造,计算机软件,计算机硬件,通信/网络设备",100-299人,不需要融资,CC539544820J40779604308,岗位职责： 1. 根据装备数智赋能需求，开展数字化技术研究。 2. 开发基于AI技术的数字化应用服务及数字模型迭代软件。 岗位要求： 1. 了解人工智能、大数据挖掘等相关知识。 2. 掌握C++软件开发语言。 3. 熟练运用VS、QT等软件开发工具。 4. 了解船舶专业知识优先。,7月25日,上海中船船舶设计技术国家工程研究中心有限公司是由依托单位中国船舶及海洋工程设计研究院和船舶设计技术国家工程研究中心于2004年9月组建的有限责任公司。公司是上海市高新技术企业和上海市软件企业，专业从事船舶及海洋工程设计开发研究，船舶信息管理及控制系统和设备设计、开发、集成和服务。公司具有进出口外贸资质。公司通过长期公关和工作实践，建立了船舶信息化产品研制技术体系，培养了一支以中青年技术骨干为主的，具有技术开发、软件开发、系统集成开发和工程实施的专业技术队伍。公司现有员工110名，其中本科以上学历占95%，硕士研究生以上占30%；公司共有研究员和高级工程师16人，硕士研究生导师2名。公司通过GJB9001和ISO9001质量体系认证、拥有船舶信息系统集成产品生产和试验设施、先进软件开发及测试平台，公司已取得软件著作权29项、发明专利2项、实用新型专利4项、国家标准1项。公司面向市场研发和攻关，在船舶信息化、自动化、智能化领域，形成基于全船安全冗余复杂网络的信息化整体解决方案，开发了综合平台管理系统、作业辅助决策系统、全船主干网络系统、船舶数据中心、损管控制系统、无人艇综合控制系统、机舱监测报警系统、综合驾控台、配载计算机系统、船体应力监测系统、通风空调控制系统、生活保障通信分系统等船用信息化集成装备产品30余项。其中船舶配载计算机系统safeload国内品牌市场占有率位居第一，其它产品在市场占有率也名列前茅。作为一家具有社会责任感的企业，公司以“开拓、创新、合作、发展”为企业的经营理念，坚持科技引领创新发展，通过建立良好的机制、规范的管理、完善的体系，确保长期稳定可持续发展。公司立志成为船舶信息化系统设计开发的领导者，推动我国船舶产品信息化技术进步，提升我国船舶装备现代化水平。,"https://www.zhaopin.com/jobdetail/CC539544820J40779604308.htm?refcode=4019&srccode=401901&preactionid=a7c1140f-c46c-45e5-b867-ab342d8bdc77"
1096,Java,深圳-龙华区,2.8-4万·15薪,讯升(上海)人力资源有限公司成都分公司,人力资源服务,100-299人,不需要融资,CC458609180J40748769101,"核心开发： 负责货币支付系统、交易清结算平台的后端架构设计与开发，确保高并发、低延迟（TPS≥10,000）。 合规与安全： 实现符合香港金管局（HKMA）要求的KYC/AML风控逻辑（如交易监控、可疑行为预警）。 开发资金托管系统的多签冷钱包管理模块。 协作与创新： 与合规团队协作，确保系统通过VASP牌照技术审计。 探索央行数字货币（e-HKD）与加密货币的跨链支付方案。 任职要求 技术能力： 5年以上后端开发经验，精通 Java 开发语言，熟练掌握 Spring Boot、Spring Cloud、MyBatis 等主流框架，能够独立完成出入金及钱包模块的代码架构设计 熟练使用PostgreSQL/MySQL，掌握分库分表、分布式事务（如Seata）。 有支付系统（如聚合支付、第三方支付平台、VISA）、钱包系统或金融交易系统开发经验优先。 合规意识： 了解香港金融科技监管政策（如《支付系统条例》、PSD2）。 熟悉ISO 27001信息安全标准。 加分项： 曾参与跨境支付、交易所或银行核心系统开发。 持有AWS/Azure架构师认证，熟悉金融级云部署。 我们提供 合规舞台：香港持牌金融科技公司，业务合法透明。 技术挑战：亿级用户支付系统的架构设计与全球化部署。",6月24日,"Comrise讯升人力资源咨询有限公司成立于1984年，总部位于美国新泽西州，是一家拥有30多年行业背景的全球咨询公司。 Comrise的服务将全球范围的服务网络、领先的云技术人才数据库平台、国内外客户的实践经验、专业的顾问团队联合起来，为客户提供人才猎聘，招聘流程外包（RPO）,人力资本管理咨询以及企业人才培训服务。 Comrise的客户遍及IT互联网、制造、医疗大健康、快消、商业等行业，包括阿里、京东、华为、ABB、IBM、万达、海信、吉利、上汽大众等知名企业。 Comrise的团队专注而敬业，力求帮助客户取得人力资本层面最优异的表现，成为其业务上最值得信赖的合作伙伴。Comrise在中国区的业务发展迅猛，相继在成都、北京、上海、青岛、深圳、香港等地成立了分公司，致力于成为“中国最信任的人力资源资本服务提供商”。","https://www.zhaopin.com/jobdetail/CC458609180J40748769101.htm?refcode=4019&srccode=401901&preactionid=a7c1140f-c46c-45e5-b867-ab342d8bdc77"
1097,实施工程师,青岛-崂山区,5000-10000元,东营世途轮胎股份有限公司,"贸易/进出口,客运服务,零售/批发,互联网",20-99人,不需要融资,CC248283130J40741912011,"1.售前:用户教育 售中:销售技术支持 售后:病象胎分析  2.根据市场数据,反馈等确认新品开发,跟进新品发开进度等",6月10日,世途股份是一家专于轮胎技术研发、设计、推广和服务的股份制公司。拥有强大的销售网络及服务团队，目前有四家子公司分别为世途股份广饶分公司，青岛绿地轮胎有限公司，兰州中轮橡胶销售有限公司，山西世途轮胎有限公司，2015年11月世途股份成功挂牌齐鲁股权交易中心。公司主要经营品牌来自厦门库特轮胎实业有限公司“中昊”“ZOOHO”“MAXDA，以及自有品牌“世途”，销售网络遍布国内30多个省市并远销欧洲、美洲、非洲、中东、东南亚等世界各地。世途股份——产业转型升级的担当者，引领行业发展的新航标。公司自成立以来始终坚持“以科技为核心，以质量求发展”的经营理念，诚邀国内外同仁宾朋真诚合作，共谋发展。,"https://www.zhaopin.com/jobdetail/CC248283130J40741912011.htm?refcode=4019&srccode=401901&preactionid=a7c1140f-c46c-45e5-b867-ab342d8bdc77"
1098,技术支持工程师,苏州-太仓市,9000-15000元,赛业生物,"生物工程,生物工程",500-999人,B轮,CC532701020J40799831813,1、熟悉临床前药理药效实验设计和操作，负责培训资料的整理及宣讲； 2、了解国内外同类产品的性能、价格并进行深入分析； 3、协助销售人员对接客户，提供售前、售后的技术支持。 4、负责协调技术部门、销售部门及客户之间的信息传递、信息确认、疑问解答等。 岗位要求： 1. 生物相关方向硕士，熟悉临床前药理药效实验方案设计和操作，擅长大小鼠体内药效； 2. 英文六级，有良好的英语口语能力；良好学术汇报和技术宣讲能力； 3. 良好的沟通协调能力；商务沟通及谈判潜力；细心负责能承受一定的工作压力。 4. 有生物医药、CRO体内药效业务等相关工作经验者优先。,7月15日,"赛业（苏州）生物科技有限公司是一家基于模式动物药物研发的国际化创新性CRO平台，在中国广州、苏州、固安设立有全资子公司，在重庆、成都、北京、上海、武汉、长沙等地设有办事处，在美国Santa Clara和日本东京设有分公司。赛业生物目前员工人数超850名，总规模超40000平方米，致力于为科研机构及医药产业提供综合的动物模型制备、保种、生产以及基于动物模型的药物研发等服务。赛业生物作为一家综合解决方案提供商，依托于品系丰富的基因编辑小鼠资源库、高效且智能化的模式动物定制平台、药物筛选评价小鼠模型平台、一站式小动物表型分析平台、一站式无菌鼠技术服务平台及先进的细胞技术服务平台，建立了多位一体的创新性CRO平台服务网络，以服务于肿瘤、免疫、代谢、内分泌、心血管、神经及传染病等方向的科学研究及药物研发筛选，并与全球100多个国家和地区的数万名科学家及企事业单位建立了广泛的合作，产品与技术已直接应用于包括CNS（Cell, Nature, Science）三大期刊在内的数千篇学术论文。赛业生物已获得ISO9001:2015和AAALAC双认证，确保向广大专家学者提供的所有产品和技术服务符合国际标准的同时也表达了我们尊重动物福利和伦理，重视生物安全的负责任态度。","https://www.zhaopin.com/jobdetail/CC532701020J40799831813.htm?refcode=4019&srccode=401901&preactionid=a7c1140f-c46c-45e5-b867-ab342d8bdc77"
1099,软件测试,广州-天河区,100-150元/天,广州佳可电子科技股份有限公司,智能硬件,20-99人,天使轮,CCL1432919750J40702093607,岗位职责：1、负责产品测试工作； 2、参与需求评审，根据需求文档和设计文档编写并评审测试用例；,2025年07月29日,广州佳可电子科技股份有限公司位于广州市天河区，成立于2012年，是一家由研发驱动的、专业提供智能硬件产品解决方案的高新技术企业、省级“专精特新”企业、创新型中小企业。公司自成立之日起一直专注于围绕嵌入式网络视频技术开发各种贴近老百姓生活的产品方案，如智能宠物喂食器、智能安防系统、网络摄像机等等，并通过为合作伙伴提供专业、高效的技术服务，实现各类产品的快速面市。公司始终坚持以技术研发为核心，希望通过长期持续、专注的投入成为行业标杆企业，为合作伙伴提供更专业更高效的技术服务，为合作伙伴创造更大的价值。,"https://www.zhaopin.com/jobdetail/CCL1432919750J40702093607.htm?refcode=4019&srccode=401901&preactionid=a7c1140f-c46c-45e5-b867-ab342d8bdc77"
1100,测试工程师,青岛-崂山区,5000-8000元·13薪,青岛海汇德电气有限公司,"电气机械/电力设备,电气机械/电力设备,电子/半导体/集成电路",300-499人,未融资,CC293706110J40767542610,1、负责公司研发产品样机的测试，包括测试大纲、测试规范的编制，测试方案的制定，测试报告的出具等； 2、负责现场疑难问题的分析、支持工作； 2、负责公司新物料的测试，包括测试规范的编制，测试方案的制定及测试报告的出具等； 3、负责公司新产品开发的辅助工作； 4、负责公司产品的外部测试，包括型式试验、委托试验、客户试验及其他第三方试验、认证等工作。 任职要求： 有产品测试、调试经验优先。,7月19日,青岛海汇德电气有限公司成立于2009年，注册资金5008万元，是一家集研发、设计、生产、销售、服务为一体的高新技术企业，公司致力于功率电子类产品的自主研发，拥有一百多项自主知识产权。公司提供电动汽车充电解决方案、基于 IEC61850的一体化电源解决方案及相关核心组件，产品遍及全国并远销东南亚、中亚、非洲等地区。公司的新能源汽车充电产品在全国公交系统得到了广泛应用，在山东公交系统占有率第一，并多次在国家电网中标。青岛海汇德一直走在汽车充电产品研发和应用的前沿，2014年研发了“智能功率调度充电系统”，并授权发明专利（专利号：ZL201410765773.9）从常规的充电产品到普通群充，再到多枪轮充，直至目前最前沿的功率调度充电，都是海汇德在技术上最先创新和引导的。智能功率动态调度充电系统，前期投资高度协同，中期运营绝对高效，后期设备改造零成本，实现了产品整个生命周期效能最大、成本最优。智能功率动态调度充电系统可实现一站多车（多类型多数量车同时充电）、一机多枪（一充电机能输出十个以上充电终端）、一枪多变（每个充电终端功率从零到最大功率可调）。其高智能化、高效节能、高安全性、高灵活性、高易用性、高扩展性得到了市场的广泛充分肯定，在北京、郑州、苏州、聊城、青岛、枣庄、烟台、威海、湖州、阳泉、济宁、天门、赤壁、莱芜、德州、潍坊、诸城、日照等百余个城市得到了有效应用，直接或通过中间商在天津、郑州、太原、福州、合肥等城市为公交、交运、出租车公司及相关运营商建立自主运营的充电系统，提供安全可靠的产品平台。企业的核心价值观是做人：责任、感恩、诚信、利他，做事：创新、专业、高效、简单；企业的使命是提供安全可靠的新能源技术服务，为用户创造最大价值；企业愿景是国际领先的新能源技术服务提供商。对于人才，公司提供清晰的职业发展通道，对认同公司价值观，有培养前途、潜力巨大的高素质人才，重点投资、重点培养、优先提拔。随着公司业务规模的扩大，诚聘优秀人才加入海汇德队伍！,"https://www.zhaopin.com/jobdetail/CC293706110J40767542610.htm?refcode=4019&srccode=401901&preactionid=a7c1140f-c46c-45e5-b867-ab342d8bdc77"
1101,Java,南京-雨花台区,1.2-2.4万·14薪,外企德科数字技术有限公司,专业技术服务,10000人以上,,CCL1480117890J40784086805,岗位职责： 1、负责应用软件开发和维护工作。 2、负责软件模块需求分析、系统新模块代码编写和单元测试，完成概要设计文档、详细设计文档。 3、积极主动的与项目相关人员沟通交流，持续改善产品体验。 业务技能要求： 1、熟练掌握常用数据结构。 2、熟悉计算机组成原理、操作系统、网络等。,2025-07-27 00:25:18,外企德科数字技术有限公司是一家2023年新成立的中外合资企业。成立于2023年11月24日，公司定位：专注于为信息技术企业提供人才及数字技术外包解决方案的中外合资企业。它是由中国人力资源服务行业的FESCO（北京国际人力资本集团）与全球人力资源服务领导者The Adecco Group（德科集团）合资成立的。公司主要提供网络技术服务、软件外包服务、计算机系统服务、技术进出口、软件开发等信息技术相关服务。专注于为信息技术企业提供信息技术类人才及数字技术外包解决方案。,"https://www.zhaopin.com/jobdetail/CCL1480117890J40784086805.htm?refcode=4019&srccode=401901&preactionid=a7c1140f-c46c-45e5-b867-ab342d8bdc77"
1102,技术支持工程师,上海-黄浦区,9000-16000元,上海谱领生物科技有限公司,学术/科研,20-99人,未融资,CC319474030J40723259502,岗位职责： 1. 提供专业的生物化学代谢质谱色谱技术支持与服务 2. 协助客户解决实验过程中遇到的技术问题 3. 收集和分析客户需求，为产品研发提供技术反馈 4. 定期撰写技术报告，为客户提供技术指导 岗位要求： 1. 生物化学、代谢组学、质谱色谱等相关专业背景 2. 熟悉相关技术原理和操作流程 3. 具备良好的沟通能力和问题解决能力 4. 有相关行业工作经验者优先,4月4日,上海谱领生物科技有限公司是一家专注于代谢组学及其相关产品研发与服务的专业机构，位于由上海市黄浦区科创中心。公司由代谢组学与生物质谱领域资深的海归科学家创建，并汇聚了一批理论深厚、经验丰富的高技术专业技术人才和管理人员。2016年，本公司代谢组学技术服务在业内率先通过ISO9001:2008质量管理体系认证。我们本着“专注、创新、精准、领先”的科学理念，持续创新，致力于为国内外生物医药领域的基础科学研究和产品开发提供专家级代谢组学产品和技术服务。迄今已为欧美和国内两百多所顶级高校、科研院所、医院和企业提供专家级的代谢组学技术服务，获得国内外客户广泛高度评价。,"https://www.zhaopin.com/jobdetail/CC319474030J40723259502.htm?refcode=4019&srccode=401901&preactionid=a7c1140f-c46c-45e5-b867-ab342d8bdc77"
1103,科研人员,合肥-庐阳区,2.1-3万,合肥综合性国家科学中心能源研究院(安徽省能源实验室),"新能源,新能源",100-299人,未融资,CCL1237831530J40745214007,岗位职责： 独立开展相关课题研究，在导师的指导下，选择具有创新性和挑战性的研究课题，如新型聚变堆材料的性能研究、制造工艺优化等。参与课题组的科研项目申报与实施，协助撰写项目申报书，负责项目中的部分研究任务。在高水平学术期刊发表研究论文，积极参加国际学术会议，与国内外科研团队进行学术交流，提升个人学术影响力和课题组的知名度 岗位要求： 新近获得博士学位，专业为等离子体物理或相关领域，博士期间在相关领域取得了一定的研究成果。具有较强科研创新能力，能够独立思考，提出新的研究思路和方法。具有较强的英文写作能力，能够熟练撰写英文论文，在国际知名期刊上发表高质量研究成果,7月16日,"合肥综合性国家科学中心能源研究院（安徽省能源实验室）〔以下简称“能源研究院”〕为安徽省和中国科学院共建的省级事业单位法人，依托中国科学院合肥物质科学研究院等离子体物理研究所、安徽理工大学、中国科学技术大学、合肥工业大学等单位建设。能源研究院重点部署磁约束聚变、可再生能源、智慧电力电网、煤炭清洁高效利用四个研究方向，统筹加强基础研究、应用基础研究、技术创新，带动能源领域科研力量优化布局和自主创新能力跃升，形成在能源技术发展领域拥有重要话语权和影响力的战略科技创新力量，打造面向世界科技前沿的“航母级”研究平台。合肥综合性国家科学中心能源研究院，自2019年12月31日成立已满4周岁，四年来，在习近平新时代中国特色社会主义思想科学指引下，在安徽省省委、省政府坚强领导下，在省市相关部门大力支持下，能源研究院自身建设不断加强，科研能力不断提升科技创新不断突破成果转化不断深入各项事业取得可喜进步一、团队建设：牢固树立“项目引才、实战育才、事业留才”理念、着力打造人才高地。现有373名全职、双聘人才,其中：全职人员153名(博士43名,高级职称30人)双聘人员220名(博士168名,高级职称占比85%)，已初步建立起院士领衔、教授和领军人才支撑、青年学者为骨干的梯队式人才团队。二、能力建设：1.国家自然科学基金依托单位、2.省自然科学基金依托单位、3.省级博士后科研工作站、4.安徽省新型研发机构、5.SGS三体系质量认证证书、6.自然科研系列、7工程技术系列自主评审权安徽省太赫兹技术生物医疗应用工程研究中心、8.合肥综合性国家科学中心能源研究院电力检测中心、9.取得CMA实验室资质认定三、科研进展：组建8个专业研究中心：1.氢能源与氨应用中心、2.可再生能源中心、3.智慧电力中心、4.煤炭清洁高效利用中心、5.超导技术应用中心、6.先进波源中心、7.中子技术应用中心、8.深地科学与工程中心。布局实施26个重大科研项目发表高水平论文435篇申请专利286项(授权71项)获得省科技进步二等奖1项争取国家级项目20项。获批省市揭榜挂帅及自然基金项目13项累计争取国家、省市纵向研究经费近4000万元。四、前沿基础研究重大成果：1.能源小分子催化转化研究达到国际领先水平、2.下一代太阳能电池材料及器件研究取得重大突破、3.雷击接闪机理与防护研究达到国内领先水平、4.等离子体诊断技术研究填补国内技术空白。","https://www.zhaopin.com/jobdetail/CCL1237831530J40745214007.htm?refcode=4019&srccode=401901&preactionid=a7c1140f-c46c-45e5-b867-ab342d8bdc77"
1104,硬件测试,深圳-福田区,8000-10000元,福建八盛汽车科技有限公司,"电子设备制造,人工智能,智能硬件,通信/网络设备",100-299人,已上市,CCL1492512230J40642839816,岗位内容： 1. 协助硬件测试方案的制定和实施； 2. 协助产品硬件组装及调试，编写测试报告和文档； 3. 参与硬件缺陷跟踪管理，协助软硬件联合调试、故障分析和解决。 任职要求： 1. 大专及以上学历，电子工程、自动化或相关专业； 2. 熟悉各类测试仪器设备的使用； 3. 熟练掌握常用的硬件测试技术和方法，熟练使用C/C++语言及相关开发工具； 4. 具备良好的团队协作精神、问题解决能力和沟通表达能力。,11月29日,八盛汽车科技有限公司成立于2021年，在汽车科技领域精耕细作，不断开拓创新。经过多年发展，已成为行业内具有一定规模和影响力的企业，拥有现代化的办公设施与研发中心，汇聚了众多汽车科技专业人才，业务覆盖范围广泛，涵盖汽车智能系统研发、汽车零部件制造与优化等多个板块。,"https://www.zhaopin.com/jobdetail/CCL1492512230J40642839816.htm?refcode=4019&srccode=401901&preactionid=a7c1140f-c46c-45e5-b867-ab342d8bdc77"
1105,Java,厦门-思明区,2000-3000元,用友网络科技股份有限公司厦门分公司,"计算机软件,IT服务,互联网",10000人以上,已上市,CC271575030J40741812507,工作职责 1.参与公司系统需求调研、设计、开发及维护； 2. 根据业务需求和开发规范协助完成设计、编码、测试，编写相关文档； 3. 完成领导交办的其他任务。 任职要求 1.熟悉Java语言，了解Spring、Hibernate、Ibatis等各种常用的应用开发框架； 2. 熟悉web前端技术，如html5. css、JavaScript、Vue等； 3. 工作积极主动，吃苦耐劳，具备快速学习能力； 4.本科及以上学历，2026年毕业的计算机相关专业大四学生。,4月7日,用友网络股份有限公司成立于1988年，致力于用信息技术推动商业和社会进步，提供具有自主产权的企业管理/ERP软件、服务与解决方案。2001年5月18日，用友成功在上海证券交易所发行上市（股票简称：用友软件；股票代码：600588）。用友连续多年被评定为国家“规划布局内重点软件企业”，是中国软件业最具代表性企业，是中国最大的管理软件、ERP软件供应商；中国最大的财务软件供应商；中国最大的独立软件供应商；“用友ERP管理软件”系“中国名牌产品”。为了迎接新的机遇与挑战，从软件业务扩展到互联网业务，2015年1月用友软件股份有限公司正式更名为用友网络科技股份有限公司。用友网络厦门分公司成立于2001年4月，负责用友在厦门的软件及互联网业务，我们以“绿色，高效，创新”为目标，为成就厦门幸福企业之路而持续奋斗着！,"https://www.zhaopin.com/jobdetail/CC271575030J40741812507.htm?refcode=4019&srccode=401901&preactionid=a7c1140f-c46c-45e5-b867-ab342d8bdc77"
1106,软件测试,东莞-None,8000-15000元,软通动力信息技术(集团)股份有限公司,"互联网,IT服务,计算机软件",10000人以上,D轮及以上,CC000544460J40605896916,1、计算机、电气、电子、自动化、光电、微电子、通信、检测技术、传感器相关专业本科及以上学历； 2、熟悉软件黑盒/白盒测试等基本测试技术，熟悉单元/集成/可靠性/稳定性测试方法，具备独立设计测试用例能力； 3、熟悉python/java/c/c++/ruby其中一门编程技术，可独立完成测试脚本编写。 4、了解python/junit/Selenium等测试框架，并能熟练使用其中一种； 5、具备半年以上软件测试工作经验； 6、具备独立工作能力和发现并解决问题的能力、善于沟通、乐于合作、热衷新技术、善于总结分享、喜欢动手实践。,9月13日,软通动力信息技术（集团）股份有限公司（以下简称“软通动力”）是中国数字技术产品和服务创新领导企业，致力于成为一家具有全球影响力的科技企业，企业数字化转型可信赖合作伙伴。公司2005年成立于北京，多年来始终坚持科技创新，具有软硬全栈的智能技术产品和服务能力，提供软件与数字技术服务、计算产品与数字基础设施、数字能源与智算服务以及国际化服务。目前，公司在10余个重要行业服务超过1100家国内外客户，其中超过230家客户为世界500强或中国500强企业，员工近90000人。软通动力拥有软通咨询、软通金科、软通工业互联、机械革命、软通华方等业务子品牌，并在全球40余个城市布局业务，构建北美、日本、东南亚、中东四大国际交付中心，在北京城市副中心、江苏无锡建设两大智能制造基地。同时，公司前瞻布局智能制造、ICT软硬基础能力和生产力智能化产品，打造产业链闭环。软通动力设立30个能力中心，拥有1个国家级工程实验室，6个省市政府认定的工程、技术实验室及研发中心，1个博士后科研工作站，50+技术合作伙伴的生态合作体系，不断探索前沿技术的巨大商业应用潜力。公司旗下教育品牌软通教育，拥有一家全日制本科学院——郑州西亚斯学院数字技术产业学院；同时在全国合作院校600多所，设有70多个校企联合人才培养基地，通过校企合作、协同育人，为社会培养高素质应用型人才。软通动力先后获得“2023年中国IT服务市场排名TOP 1”、“2024年Q4 PC出货量国内市场份额排名TOP 2”、“2024年中国软件和信息技术服务竞争力百强企业”、“2023年中国信创企业100强”、“2024万得ESG评级（Wind ESG Rating）AA级及信息技术服务行业ESG综合得分排名第一”等荣誉及市场认可，并拥有全球软件工程领域最高级别CMMI V2.0成熟度5级评估认证、国家研发运营一体化（DevOps）三级能力成熟度模型认证、信息技术服务标准（ITSS）运维能力成熟度一级认证等专业资质，支撑公司更优质的服务体系。,"https://www.zhaopin.com/jobdetail/CC000544460J40605896916.htm?refcode=4019&srccode=401901&preactionid=a7c1140f-c46c-45e5-b867-ab342d8bdc77"
1107,技术支持工程师,广州-黄埔区,7000-14000元,广州伯信生物科技有限公司,"专业技术服务,生物工程",20-99人,未融资,CC403485527J90250156000,岗位职责： 1.为客户设计实验方案，对区域客户提供售前、售后技术支持，有营销思维获取订单； 2.参与新产品和新技术的开发，负责各解决方案的制作，撰写相关资料； 3.辅助及指导一线销售人员解决知识难点，以及从线上赢取订单； 4.部门分配的其他工作。 任职要求： · 生物，生化，细胞生物、分子生物及相关专业，具有硕士以上学位；有订单资源、自媒体经验丰富者优先； · 熟悉生物学相关领域的发展新动态和新技术，具备较好的理论基础和实验技术，有一定的开拓创新能力； 良好的人际沟通能力，较强的客户服务意识，能够快速分析解决各种专业技术问题，能为客户提供科研解决方案和建议； · 诚实正直，工作认真严谨，具有良好的团队合作精神，具有高度的责任感和敬业精神。 职位福利：五险一金、绩效奖金、全勤奖、带薪年假、员工旅游、节日福利、周末双休   ,7月5日,广州伯信生物科技有限公司华南地区生物技术服务领航者，专注从事生命科学研究、产品研发与技术服务，布局精准医疗个体化诊断。21世纪以来，伴随着生命科学的新突破，以基因工程、细胞工程、酶工程、发酵工程为代表的生物科技技术迅速发展，被广泛地应用于工业、农牧业、医药、环保等众多领域，产生了巨大的经济和社会效益，并日益影响和改变着人们的生产和生活方式。毋庸置疑，生物技术产业已成为最活跃、发展最快的产业之一，成为新经济发展的主要推动力。广州伯信生物，就是在这个生物科技的新时代里扬帆起航。2009年，在生物学者王晓香女士的带领下进入一个高标准前期筹备阶段：建立了一流的研发实验室，配备万级细胞房、SPF级动物房，同时配置众多先进的科研仪器设备，如：Patch、AKTA蛋白纯化系统、激光共聚焦显微镜、液质联用系统、流式细胞仪等。2011年，广州伯信生物科技有限公司在广州市科学城国际企业孵化器正式运营。公司引进大量高科技人才，建立由多名博士及硕士组成的核心技术团队，公司员工研究生以上学历者占比60%，本科以上学历者占比100%。同年，公司建立了荧光原位杂交探针制备平台，承接定制荧光原位杂交试剂盒业务。凭借扎实的实验技术水平和严谨的技术服务态度，公司为广大科研客户和合作伙伴提供了包括RNAi、southern blot、northern blot、BSP、MSP、lncRNA过表达、circRNA过表达、慢病毒/腺病毒载体构建及包装、稳定细胞系的筛选、细胞永生化、膜片钳、2D电泳、蛋白表达及纯化、Co-IP、GST pulldown、酵母双杂交、ChIP、EMSA、reverse-ChIP、DNA/RNA pulldown、RIP、RAP、ChIRP、双荧光素酶报告基因、FISH、免疫组化、动物模型构建、SCI文章的修改及发表服务等等。2012年，伯信生物自主研发的bersinbio荧光原位杂交试剂盒发明专利获得国家知识产权局认可和审批，对核心技术和相关配套指标给予保护。2013年，公司中英文商标注册成功，同年，在广州市股权交易中心成功挂牌，股权代码为 890462。2014年，伯信生物通过ISO9001:2008质量管理体系认证。同年，当选为“广州市生物技术行业协会”会长单位。2015年，伯信生物自主研发ChIP等转录调控试剂盒。同年，被广州市工商行政管理局评为“广东省守合同重信用企业”。2015年4月，公司布局精准医疗个体化诊断，启动COPD及食道癌精准个体化诊断及早期筛查项目。2016年，伯信生物成功申请了ChIP及EMSA试剂盒发明专利。同年３月在北京成功赞助参办首届中国医学表观遗传学大会。表观遗传学是近年来生命科学领域的研究热点，并作为国家十三五规划“精准医学研究”重点专项的主要研究内容之一。伯信生物一贯坚持科技创新，根据研究热点，建立表观遗传学研究团队，致力于转录调控技术的研究。表观遗传学的研究，将加深人类对生命系统复杂调控网的理解和认识，从中发现新的分子标志物与治疗靶点，为疾病的研究和治疗提供新的视角，推动精准医学的发展。公司已经成功推出表观遗传学（转录调控和转录后调控）系列产品。诚信为本、科学严谨、服务至上伯信生物的技术服务内容有以下六类，分别是：１、基因水平，２、蛋白水平，３、转录调控，４、转录后调控，５、细胞水平，６、病理检测。我们的自主品牌产品有ＦISH试剂盒、转录调控系列和转录后调控系列试剂盒，都享有专利技术，上市几年来，受到广大科研用户的一致好评，并以此发表了不少优秀的文章。我们的技术团队有基因组、蛋白组、细胞组、病理组四大技术平台，另外我们还设有新技术探究团队，从事lncRNA和circRNA的研发工作。目前公司已经建立了覆盖全国的销售网络和完备的营销及技术支持团队，合作单位包涵中国科学院、中山大学医学院及附属医院、南方医科大学及附属医院、香港大学、北京大学医学部及附属医院、东南大学医学院、清华大学、第三军医大学、华中科技大学同济医学院等国内一流科研院所、医疗机构及跨国生物企业等近千家单位，得到了社会同行的广泛认可。伯信生物本着诚信为本、科学严谨的服务理念为灵魂、坚实的技术服务基础为支撑、完善的售前售后服务为保障，以科技创新为企业的发展动力和方向，成为生命科学研究和人类健康领域产品及服务的提供者。伯信生物，为您的科研工作提速!,"https://www.zhaopin.com/jobdetail/CC403485527J90250156000.htm?refcode=4019&srccode=401901&preactionid=a7c1140f-c46c-45e5-b867-ab342d8bdc77"
1108,科研人员,北京-None,2-3万,航天科工空间工程发展有限公司,"船舶/航空/航天/火车制造,学术/科研",500-999人,A轮,CC710728630J00271414310,岗位职责：  (1)负责空间飞行器特种材料设计与分析；  (2)负责空间飞行器特种结构设计与分析； (3)负责空间飞行器特种材料与结构产品试验策划与实施。 岗位要求：  (1)具有材料科学与工程、力学、飞行器设计、机械设计等相关专业硕士（含）以上学历； (2)具备扎实的空间飞行器材料科学与结构设计专业知识；  (3) 熟练掌握CAD、CAE等相关设计与仿真软件；  (4)具有柔性防热材料及结构产品研制经验者优先。 职位福利：五险一金、绩效奖金、带薪年假、定期体检、节日福利、高温补贴、餐补、交通补助 ,12月3日,"中国航天科工集团空间工程总体部（以下简称空间工程总体部）隶属于中国航天科工集团第二研究院，是航天科工集团空间领域的总体单位，集卫星研发、制造和应用于一体。于2017年12月22日正式成立，以发展世界一流空间工程产品和技术，支撑集团、二院航天产业为主责，努力建成世界一流航天产业总体部。作为国企改革的试点单位，入选国资委双百企业，获评国家高新技术企业、国家级专精特新小巨人企业。2015年5月29日，航天科工集团在二院空间技术总体设计部的基础上批复组建中国航天科工集团空间工程总体部（以下简称空间总体部），作为集团公司空间工程技术研究、系统研发和产业转化的平台，负责牵引和带动集团公司空间工程领域的产业发展。 2017年12月22日，经航天科工集团批准成立，由中国航天科工防御技术研究院、北京电子工程总体研究所、北京无线电测量研究所、北京遥感设备研究所、北京机械设备研究所、北京计算机技术及应用研究所、北京新风航天装备有限公司、湖北长江航天产业投资基金合伙企业（有限合伙）（以下简称长江基金）以空间总体部为基础共同出资设立空间工程总体部，注册资本3亿元人民币，注册地为湖北省武汉市。2021年12月30日，空间工程总体部完成A轮融资，引入北京金融街资本运营集团有限公司等10家外部投资者，注册资本增至14.48亿元。总体部现有人员500余人，研发人员中硕士及以上学历占比91%，副高级及以上职称占比35.4%，35岁以下人员占比67%。其中,海外高层次专家1人，获政府特殊津贴3人，获评集团级专家3人，获评集团级学术技术带头人2人，获评集团青年拔尖后备人才1人，获航天基金会奖励3人，获问津英才称号4人，军队科技进步奖等各类奖项合计9人次，其他院级及以上人才15人次。涉及专业领域包括空间工程总体技术、空间飞行器技术、空间载荷技术、空间应用技术、智能制造技术5个专业方向，细分为16个一级学科，47个二级学科，核心专业齐全。总体部致力于成为国家航天领域的主力军、航天差异化创新发展引领者、商业模式创新发展的开拓者、卫星智能批量化生产的先行者。总体部聚焦国家战略方向，深耕1+6+N产业布局，厚植航天基业基因，以打造“世界一流航天产业总体部”为企业愿景，致力于打造形成以“轻、灵、快、廉”为主要总体技术特征，涵盖卫星研发、设计、制造全过程，具备卫星快速设计与批量生产能力。总体部多地布局，北京设研发中心、国际交流中心。武汉设总部基地、卫星生产制造中心、卫星科技教育中心、卫星展示展览中心。武汉卫星产业园位于湖北省武汉市新洲区国家航天产业基地,产业园整体规划426亩,一期工程占地200亩。2021年5月卫星产业园投入使用,现有主体建筑8栋,建筑面积8万余平方米；建有国内首条卫星智能生产线,涵盖仓储物流、智能部装、智能总装、测试与试验等多个分系统,能够实现从零部组件入库到整星下线的全部生产流程；作为我国首条“柔性智能化、数字孪生、云制造”小卫星智能生产线,入选“2021年中国智能制造十大科技进展”。","https://www.zhaopin.com/jobdetail/CC710728630J00271414310.htm?refcode=4019&srccode=401901&preactionid=a7c1140f-c46c-45e5-b867-ab342d8bdc77"
1109,软件测试,深圳-南山区,7000-8000元·13薪,深圳市卓远创科技有限公司,计算机软件,100-299人,未融资,CCL1493055570J40853010015,岗位描述： 1.辅助工程师测试新品功能性和稳定性； 2.辅助测试工程师，进行测试记录及测试报告； 3.准确的定位及追踪软件问题，解决问题，对测试提出改进意见； 4.按时完成上级及部门其他领导交办的其他临时工作任务。 职位要求： 1、大专及以上学历，专业不限，接受无工作经验； 2、具有良好的职业操守，工作细心责任心强； 3、具备基本的电脑知识，熟练使用相关办公软件； 4、对互联网IT、计算机行业感兴趣，并打算在IT岗位长期发展； 福利待遇： 1、双休制，依法享受国家的法定节假日； 2、快速晋升空间，有效地竞聘晋升制度； 3、签订正式劳动合同，入职包住，享五险一金； 4、每季度员工聚会+员工生日会+节日礼物； 5、组织组织员工参与旅游，体育等业余活动，丰富员工的生活,2025-07-27 00:37:00,"深圳市卓远创科技有限公司,经营范围包括软件开发；软件外包服务；5G通信技术服务；大数据服务；网络与信息安全软件开发；基于云平台的业务外包服务；物联网技术服务；信息系统运行维护服务；信息技术咨询服务；数据处理和存储支持服务；数字技术服务；网络技术服务；信息系统集成服务；计算机系统服务；数字内容制作服务（不含出版发行）；技术进出口。（除依法须经批准的项目外，凭营业执照依法自主开展经营活动）^无","https://www.zhaopin.com/jobdetail/CCL1493055570J40853010015.htm?refcode=4019&srccode=401901&preactionid=a7c1140f-c46c-45e5-b867-ab342d8bdc77"
1110,硬件测试,焦作-解放区,6000-10000元,重庆科满福人力资源服务有限公司,企业服务,20-99人,,CCL1487604860J40937104104,【岗位职责】： 1、软件测试岗位职责  2、接受测试任务，进行需求分析 3、按照测试计划搭建测试环境，并保证测试环境的可靠性 4、按照测试计划编亏测试用例，保证测试用例合理有效 5、按照测试用例执行测试，及时发现缺陷，并使用工具进行管理缺陷 6、编写和提交测试报告，保证测试进度按计划完成 7、参与审核其他测试工程师的测试用例和报告 8、学习公司已有方案和推广使用新的测试技术和工具,2025年07月30日,,"https://www.zhaopin.com/jobdetail/CCL1487604860J40937104104.htm?refcode=4019&srccode=401901&preactionid=a7c1140f-c46c-45e5-b867-ab342d8bdc77"
1111,科研人员,北京-None,2-3万,航天科工空间工程发展有限公司,"船舶/航空/航天/火车制造,学术/科研",500-999人,A轮,CC710728630J00230813610,岗位职责： （1）负责卫星通信系统仿真系统设计及开发； （2）负责卫星通信系统建模及仿真； （3）负责卫星通信系统效能评估。  岗位要求： (1) 熟悉卫星通信系统架构；  (2) 掌握卫星通信系统仿真建模技术及建模方法；  (3) 掌握LTE/DVB/5G等通信协议，熟悉通信性能评估方法； (4) 熟悉卫星通信、移动通信、TCP/IP等系统及网络相关知识； (5)有较强的沟通协调能力，有相关工作经验者优先。 职位福利：五险一金、绩效奖金、交通补助、餐补、通讯补助、带薪年假、补充医疗保险、定期体检 ,12月3日,"中国航天科工集团空间工程总体部（以下简称空间工程总体部）隶属于中国航天科工集团第二研究院，是航天科工集团空间领域的总体单位，集卫星研发、制造和应用于一体。于2017年12月22日正式成立，以发展世界一流空间工程产品和技术，支撑集团、二院航天产业为主责，努力建成世界一流航天产业总体部。作为国企改革的试点单位，入选国资委双百企业，获评国家高新技术企业、国家级专精特新小巨人企业。2015年5月29日，航天科工集团在二院空间技术总体设计部的基础上批复组建中国航天科工集团空间工程总体部（以下简称空间总体部），作为集团公司空间工程技术研究、系统研发和产业转化的平台，负责牵引和带动集团公司空间工程领域的产业发展。 2017年12月22日，经航天科工集团批准成立，由中国航天科工防御技术研究院、北京电子工程总体研究所、北京无线电测量研究所、北京遥感设备研究所、北京机械设备研究所、北京计算机技术及应用研究所、北京新风航天装备有限公司、湖北长江航天产业投资基金合伙企业（有限合伙）（以下简称长江基金）以空间总体部为基础共同出资设立空间工程总体部，注册资本3亿元人民币，注册地为湖北省武汉市。2021年12月30日，空间工程总体部完成A轮融资，引入北京金融街资本运营集团有限公司等10家外部投资者，注册资本增至14.48亿元。总体部现有人员500余人，研发人员中硕士及以上学历占比91%，副高级及以上职称占比35.4%，35岁以下人员占比67%。其中,海外高层次专家1人，获政府特殊津贴3人，获评集团级专家3人，获评集团级学术技术带头人2人，获评集团青年拔尖后备人才1人，获航天基金会奖励3人，获问津英才称号4人，军队科技进步奖等各类奖项合计9人次，其他院级及以上人才15人次。涉及专业领域包括空间工程总体技术、空间飞行器技术、空间载荷技术、空间应用技术、智能制造技术5个专业方向，细分为16个一级学科，47个二级学科，核心专业齐全。总体部致力于成为国家航天领域的主力军、航天差异化创新发展引领者、商业模式创新发展的开拓者、卫星智能批量化生产的先行者。总体部聚焦国家战略方向，深耕1+6+N产业布局，厚植航天基业基因，以打造“世界一流航天产业总体部”为企业愿景，致力于打造形成以“轻、灵、快、廉”为主要总体技术特征，涵盖卫星研发、设计、制造全过程，具备卫星快速设计与批量生产能力。总体部多地布局，北京设研发中心、国际交流中心。武汉设总部基地、卫星生产制造中心、卫星科技教育中心、卫星展示展览中心。武汉卫星产业园位于湖北省武汉市新洲区国家航天产业基地,产业园整体规划426亩,一期工程占地200亩。2021年5月卫星产业园投入使用,现有主体建筑8栋,建筑面积8万余平方米；建有国内首条卫星智能生产线,涵盖仓储物流、智能部装、智能总装、测试与试验等多个分系统,能够实现从零部组件入库到整星下线的全部生产流程；作为我国首条“柔性智能化、数字孪生、云制造”小卫星智能生产线,入选“2021年中国智能制造十大科技进展”。","https://www.zhaopin.com/jobdetail/CC710728630J00230813610.htm?refcode=4019&srccode=401901&preactionid=a7c1140f-c46c-45e5-b867-ab342d8bdc77"
1112,Java,武汉-江夏区,1.5-2.5万·14薪,外企德科数字技术有限公司,专业技术服务,10000人以上,,CCL1480117890J40790795605,【岗位要求】 1、本科及以上学历； 2、熟悉Java / C/C++/Python/JS，至少一门主流编程语言； 3、开发，测试，前端等，均有岗位； 4、各个技术职级岗位都有，经验要求不同，薪资范围较大，请详聊。 Tips：基础职级岗位，接受双证齐全，0经验的应届生。,2025-07-27 00:25:48,外企德科数字技术有限公司是一家2023年新成立的中外合资企业。成立于2023年11月24日，公司定位：专注于为信息技术企业提供人才及数字技术外包解决方案的中外合资企业。它是由中国人力资源服务行业的FESCO（北京国际人力资本集团）与全球人力资源服务领导者The Adecco Group（德科集团）合资成立的。公司主要提供网络技术服务、软件外包服务、计算机系统服务、技术进出口、软件开发等信息技术相关服务。专注于为信息技术企业提供信息技术类人才及数字技术外包解决方案。,"https://www.zhaopin.com/jobdetail/CCL1480117890J40790795605.htm?refcode=4019&srccode=401901&preactionid=a7c1140f-c46c-45e5-b867-ab342d8bdc77"
1113,前端开发,成都-双流区,2000-3000元,成都蜘蛛网仓物联科技集团有限公司,"货运/物流/仓储,互联网,贸易/进出口",20-99人,,CC356928780J40736950316,工作内容： 1、负责测试； 2、配合项目负责人梳理业务； 3、配合项目实施人员做项目实施。 岗位要求： 1、本科学历，计算机相关专业； 2、一年以上前端经验，有独立做过小项目； 3、熟悉：vue3、elementUI、js、html、css、微信小程序。,2025年07月30日,“一带一路”创造世界经济新格局，“三港一网”开启成都跨境物流新篇章。成都蜘蛛网仓物联科技有限公司，注册商标“云蜘蛛”，成立于2010年4月，中国电子商务物流百强企业。从天府新区到“国家跨境电商综合试验区”，从互联网到物联网，从传统快递到“智慧物流”。公司顺应时代发展，是集跨境电子商务运营、智能仓储服务、跨境物流服务、信息集成系统开发为一体的科技园区型企业，是国内领先的电子商务服务商、可信跨境电子商务产业园、华欧创意文化小镇的缔造者。先后被评为“成都市创新型电子商务企业”和“最佳仓配单位”。搭建云蜘蛛供应链平台，让国内外客户异地下单、调货、网仓配一体化服务成为现实。依托云蜘蛛跨境贸易服务平台，我们为商家提供定制化、个性化、多元化服务。通过多平台、多团队、多运用的方式，联盟全球海外仓为跨境电商企业提供国际货代、清报关、保税仓储、线上商城分销、线下商品展示体验一站式服务，实现智慧云仓，独立存储、智能化的自动称重供包分拣系统、出港操作系统、拍照系统、等人工智能操作体系，通过绿色包装，实现环保、智能可控、共享。立体化的铁、陆、空三体联动、打造完善的配送机制。最终形成国际商贸流通+金融共生共享的B2B2C供应链金融服务平台，公司致力于打造全球最顶尖的全球贸易云服务平台。,"https://www.zhaopin.com/jobdetail/CC356928780J40736950316.htm?refcode=4019&srccode=401901&preactionid=a7c1140f-c46c-45e5-b867-ab342d8bdc77"
1114,Java,郑州-中原区,6000-10000元,河南芯码智能科技有限公司,"计算机软件,云计算/大数据,人工智能,网络/信息安全",20-99人,天使轮,CCL1493514260J40747231010,任职要求： 1. 了解Java基础，数据库基础，协助目前项目经理开展研发。 2. 具有良好编程基础和良好的编程思想。 3. 对常见数据库如MySQL、Oracle等有一定的了解和应用经验。 4.要求计算机软件相关专业、25届本科及以上学历，无项目经验要求，协助目前项目经理开展工作，项目经理直接指导技术提升。 5.后期项目地点 郑州 北京上海 杭州等，薪资8-12K+ 项目奖金+季度奖金 五险一金 员工宿舍 餐补等福利； 转正岗位职责 1. 设计、开发并维护Java应用程序。 2. 解决各种技术难题，保证代码的可靠性、高效性和安全性。 3. 参与软件设计的讨论和计划制定。 4. 与其他团队成员协作工作，提高团队整体技术水平。,6月11日,芯码软件：驱动芯片软件未来，赋能数字世界；在科技浪潮澎湃的时代，芯码软件作为芯片软件领域的璀璨之星，以创新为笔，绘就行业发展的崭新篇章。我们专注于芯片软件核心技术的研发，汇聚了全球顶尖的软件与芯片领域专家，组成了一支高瞻远瞩、技术精湛的科研团队。组建有Java开发工程师、嵌入式开发工程师、 Python工程师、测试开发工程师等完善的技术研发团队，凭借对前沿技术的敏锐洞察和深厚的技术积累，在操作系统、算法优化、驱动程序等关键领域实现了多项重大突破，拥有一系列自主知识产权，为企业发展筑牢坚实根基。目前在北京上海深圳杭州郑州等建立有研发中心，并逐步开设分公司；欢迎全国各地有志之士积极加入，共谋发展；芯码软件构建了完整且先进的研发体系，从芯片架构设计到软件算法的深度优化，从功能安全验证到应用场景的拓展，每个环节都严格遵循国际标准，确保每一款芯片软件产品都具备卓越的性能、极高的可靠性和出色的兼容性。我们的产品不仅在运算速度、能耗管理等方面领先同行，更能无缝对接各类复杂应用场景，为智能终端、物联网、汽车电子、工业控制等多领域提供强大的核心支持。秉持开放合作的理念，芯码软件与全球知名企业、科研机构建立了长期稳定的战略合作伙伴关系，共同探索行业发展趋势，携手攻克技术难题，推动产业生态的繁荣发展。以客户需求为导向，为客户提供定制化的芯片软件解决方案和全方位的技术支持服务，助力客户在激烈的市场竞争中脱颖而出，实现价值最大化。展望未来，芯码软件将继续肩负推动芯片软件行业发展的使命，不断加大研发投入，持续创新，引领行业变革，为全球数字化转型注入源源不断的动力，开启智能时代的无限可能。,"https://www.zhaopin.com/jobdetail/CCL1493514260J40747231010.htm?refcode=4019&srccode=401901&preactionid=a7c1140f-c46c-45e5-b867-ab342d8bdc77"
1115,软件测试,黄石-下陆区,5000-7000元,天阳科技,"计算机软件,计算机软件",1000-9999人,已上市,CC120408370J40512389708,1.全国项目驻场测试，主要负责功能、数据或接口等相关测试工作； 2.统招本科学历及以上（学信网可查）；毕业满2年；计算机专业优先； 3.热爱软件测试行业、有强力的自驱力，能够在测试岗位深入学习研究； 4.有无经验均可，服从公司安排，接受公司培养，可接受异地工作优先； 福利待遇： 上市公司、公司可提供住宿、定期体检、带薪年假； 欢迎符合要求的小伙伴们投递~,7月17日,天阳科技(股票代码：300872)，是全球金融创新服务的重要贡献者，持续赋能中国金融行业数字化转型，为客户提供咨询、金融科技产品、金融IT服务、云计算及运营服务。公司成立于2003年，服务超过300家金融行业客户，覆盖中央银行、政策性银行、国有银行、股份制银行、地方性商业银行、非银行金融机构等，员工人数近7000人，成为激活金融领域创新活力、推动金融科技迈入世界领先水平的重要力量。作为金融行业客户可信赖的合作伙伴，天阳科技凭借丰富的行业经验和端到端的专业服务，在信创、数字化金融、信贷、交易银行、信用卡、零售、营销、风险管理、征信监管等众多领域具备核心竞争力。据赛迪和IDC报告显示，近年来公司在中国银行业IT解决方案市场排名强势崛起，2019年收入及市场占有率综合排名分别位列第四位和第五位，并保持高速增长。同时，前瞻商业和科技趋势，入选2021年度未来银行科技服务商TOP100。天阳科技始终聚焦金融科技领域，加大自主创新力度，在超过100个城市建立本地化、专业化的研发和服务团队，拥有CMMI5级认证、软件测试成熟度模型集成（TMMi）3级认证、ISO9001质量管理体系认证、ISO20000信息技术服务管理体系认证、IS027001信息安全管理体系认证。通过部署人工智能、云计算、大数据、移动互联网、分布式计算和区块链等先进金融科技，公司致力于构建安全可控、普惠民生、开放共赢格局，在关键技术领域服务现代化金融发展大局，更好地为各利益相关方创造更大价值，为大中企业、小微企业以及每个个体提供优质金融服务。,"https://www.zhaopin.com/jobdetail/CC120408370J40512389708.htm?refcode=4019&srccode=401901&preactionid=a7c1140f-c46c-45e5-b867-ab342d8bdc77"
1116,科研人员,惠州-惠阳区,1-1.5万,惠州市绿色能源与新材料研究院,"学术/科研,化工,新能源",20-99人,不需要融资,CCL1365183650J40326454315,惠州市绿色能源与新材料研究院是由惠州市人民政府和大亚湾经济技术开发区管理委员会支持建设的新型研发机构。研究院依托中国科学院过程工程研究所优势力量，聚焦化石能源与新材料关键技术方面的重大问题，开展高水平应用基础研究与变革性新技术开发，孵化高新企业，汇聚培养高端人才，实现重大成果转移转化，引领绿色能源与新材料领域前沿。 一、 基本条件 1、热爱祖国，热爱社会主义，拥护中国共产党的领导，遵纪守法，遵守公民基本道德规范，具有良好的职业道德，爱岗敬业，诚实守信，积极主动 责任心强，敢于担当，具有良好的沟通能力和团队协作能力； 2、统招硕士及以上学历（包含应届硕/博士毕业生），具备相关研究方向工作经验者优先； 3、以上为基本要求，其他相关要求以招聘岗位信息为准。 二、 招聘岗位信息 招聘方向：化工工艺过程模型设计与优化方向 学历要求：硕士及以上   专业要求：化学、化工及相关专业背景 年龄要求：35周岁以下，特别优秀者可适当放宽 工作经验：有相关工作经验者优先 岗位职责： 主要负责化工产业链工艺过程智慧模型的设计与集成优化等研究工作 应聘条件： 1、硕士发表SCI论文1篇，博士发表SCI论文2篇； 2、在相关领域有3年以上工作经验者学历要求可适当放宽； 3、熟悉python、matlab等编程手段，具有在AI算法创新、回归预测、优化集成等研究经验者优先。   三、 福利待遇 1、享受惠州市和大亚湾开发区管委会的各项人才政策和福利，为符合条件的优秀人才解决惠州户口； 2、提供富有竞争力的薪酬待遇，完善的社会保险、补充医疗保险、住房公积金等； 3、提供完善的福利保障，高温假、年度健康体检、员工宿舍、带薪年假等； 4、完善的职工岗位晋升体系和培训体系； 5、丰富多彩的员工集体活动：春秋游、团建等。 职位福利：五险一金、绩效奖金、包住、带薪年假、节日福利、周末双休、交通补助、定期体检   ,7月23日,惠州市绿色能源与新材料研究院是由惠州市人民政府和大亚湾经济技术开发区管理委员会支持建设的新型研发机构。研究院依托中国科学院过程工程研究所优势力量，聚焦化石能源与新材料关键技术方面的重大问题，开展高水平应用基础研究与变革性新技术开发，孵化高新企业，汇聚培养高端人才，实现重大成果转移转化，引领绿色能源与新材料领域前沿。研究院纳入先进能源科学与技术广东省实验室建设体系，研究院位于惠州市大亚湾区，现面向全国诚聘英才，欢迎各位有志之士加入！,"https://www.zhaopin.com/jobdetail/CCL1365183650J40326454315.htm?refcode=4019&srccode=401901&preactionid=a7c1140f-c46c-45e5-b867-ab342d8bdc77"
1117,科研人员,合肥-蜀山区,2.5-3.5万,中机第一设计研究院有限公司,科学技术推广,500-999人,不需要融资,CC655670780J40622701806,任职要求:   1、机械制造、计算机、软件类相关专业，博士学位   具有科研思维及良好的文字能力，能独立撰写申报材料;   2、有较强的沟通、人际交往和组织协调能力;   3、有较强的时间管理能力，思维条理清晰:   4、有强烈的工作责任心，富有团队合作精神，有创新意识;,5月27日,中机第一设计研究院有限公司（原机械工业第一设计研究院）隶属于国务院国资委直属中央企业中国机械科学研究总院集团有限公司。1952年成立于北京，是我国最早建立的工程设计单位之一。1970年因战备疏散迁址至安徽省蚌埠市；2012年8月总部搬迁至安徽省合肥市；2017年12月改制为国有独资公司。我公司现有职工800多人。其中，享受国务院政府特殊津贴专家14人，机械总院杰出科技型专家2人，机械总院杰出复合型专家3人；具有高级职称的员工近200人，各类专业注册人员300多人次。拥有16个专业甲级资质、9个专业乙级资质，涵盖工程设计与咨询、工程监理和工程承包等相关业务领域。拥有对外承包工程经营资格证、压力管道设计许可证和军工涉密业务咨询服务资格。现有铸造、锻压、热处理、工业炉、非标设备、机械加工装配、焊接、表面处理等装备制造业基础共性技术和各类机械工程工艺以及建筑、结构、电气自动化、暖通、给排水、热能、动力、环保、总图、工程经济、建设监理等23个专业领域。院设有八个生产部门和八个职能部门；设有北京、上海、深圳、厦门等地设有分公司；是北京中机一院工程设计有限公司和北京华兴工程建设监理咨询有限公司的控股单位。建院六十多年来，承担并完成了国家大、中型重点工程和境外工程项目4000多项，包括工程设计、工程咨询、工程总承包及工程监理等业务。完成科研业务2550多项，设备设计2800多台（套）。获国家、部、省级科学进步奖、优秀工程设计奖及质量管理成果奖等300余项，其中国家奖60余项。设计并建成投产的项目遍布全国30个省、市、自治区。为我国机械工业的创建发展和社会主义经济建设做出了重大贡献。中机第一设计研究院有限公司通过了ISO9001:2008质量管理体系、ISO14001:2004环境管理体系、OHSAS18001:2007职业健康安全管理体系认证。秉承“团队、奋斗、学习、创新”的理念，可以为客户提供工程建设全过程优质周到的服务。,"https://www.zhaopin.com/jobdetail/CC655670780J40622701806.htm?refcode=4019&srccode=401901&preactionid=a7c1140f-c46c-45e5-b867-ab342d8bdc77"
1118,实施工程师,南通-通州区,6000-7000元,南通云尚找家纺电子商务有限公司,"互联网,电子商务",300-499人,A轮,CCL1221511100J40744680707,一、岗位职责： 1、负责无人驾驶物流车的日常调度、路径规划及任务分配，确保车辆高效运行； 2、监控车辆实时状态（电量、故障、位置等），协调处理突发异常情况（如交通拥堵、设备故障等）； 3、优化车辆调度策略，结合地图与SaaS系统实现动态路径调整，降低运营成本； 4、主导仓库、物流园区等场景的无人车部署实施，包括设备安装、系统调试及流程优化； 5、协同技术团队完成无人车与仓储管理系统（WMS）、订单系统的数据对接，确保全流程自动化； 6、收集一线运营数据，分析车辆使用效率、配送时效等指标，输出改进建议； 7、 骑电瓶车至仓库、配送站点等现场，跟进无人车装卸货、路线测试及异常问题处理； 8、协助客户（如家纺城商户）熟悉无人车操作流程，提供驻场培训与技术支持。二、任职要求 ：   1、统招本科及以上学历   2、持有C1或C2驾驶证  3、 能适应仓库办公与外勤结合的工作模式，具备较强的责任心、抗压能力及多任务处理能力。     三、我们能提供的   - 职业发展：参与行业前沿项目，接触无人驾驶、智能仓储等创新技术。   - 福利保障：五险一金、定期培训，包食宿，有高温补贴200元/月,7月25日,找家纺网是家纺行业一站式B2B交易平台，致力于提供家纺供应链整体解决方案，让家纺买卖更加便捷，并通过互联网工具和平台能够帮助传统的家纺企业转变经营思维，拥抱互联网经济。找家纺网作为家纺行业互联网化众多平台中崭露头角的一个家纺互联网平台，找家纺网正在为日渐兴起的电商、微商进行精准定位，为家纺行业的上下游赋能，减少中间的多余流通环节，让中国的家纺批发市场通过线上展示和采购批发的形式呈现在全国家纺代理和经销商面前，一个手机端移动APP/官方网站/微信小程序/微商城等线上互联网工具，使产品展示、家纺代理批发、下单支付、物流跟踪等环节全部打通，在很大程度上降低了家纺行业的运营流通成本，而且提高了行业的运营效率。传统的家纺供货厂家与网销店主、微商代理之间的对接方式是现场采购，同时为产品拍摄宣传图片，上传和下载宝贝图片也要花费大量时间和精力。而找家纺网给商户提供的独立APP和独立官网就能解决这些问题，网销店主通过网站的一键上传、数据包等功能轻松实现宝贝图片自动上传到淘宝、天猫、京东店铺，零售买家下完订单，网销店主更是可以通过网站的批量代发功能快速实现淘宝、天猫、京东等订单批量快速下单支付并让商家代发后台直接回传单号到零售买家，无需网销店主再二次上传物流单号，大大提高了网销店家和供货厂家直接的运营效率，微商代理更是可以通过APP可以一键转发到朋友圈、一键下载图片、复制产品文案等功能都能帮助用户有效解决这些烦恼。,"https://www.zhaopin.com/jobdetail/CCL1221511100J40744680707.htm?refcode=4019&srccode=401901&preactionid=a7c1140f-c46c-45e5-b867-ab342d8bdc77"
1119,前端开发,成都-武侯区,4000-6000元·13薪,四川星峰景晨科技有限公司,"互联网,计算机软件,IT服务",20-99人,未融资,CCL1452448830J40402307416,职位描述:   ,6月13日,四川星峰景晨科技有限公司，简称“星峰景晨”，创立于2022年，核心团队来自腾讯、OPPO等大厂，是一家专业从事软件研发、系统集成、项目外包服务、IT咨询规划的高新技术企业。公司专注于智慧政务、综合监管、大数据、移动互联等领域的应用研发，致力于为客户创造价值，为社会创造财富。,"https://www.zhaopin.com/jobdetail/CCL1452448830J40402307416.htm?refcode=4019&srccode=401901&preactionid=a7c1140f-c46c-45e5-b867-ab342d8bdc77"
1120,硬件测试,南京-雨花台区,8000-10000元,诚迈科技,"运营商/增值服务,计算机软件,IT服务,互联网",1000-9999人,已上市,CC144543200J40865119915,职位介绍岗位职责： 1、负责PC/笔记本的BIOS测试，完成 BIOS测试规范和用例库开发及   维护工作； 2、负责开发、维护产品的BIOS测试，根据测试项目需求搭建测试环境，执行   测试、编写测试报告； 3、负责测试过程中Issue的确认、分析、追踪，配合研发人员分析   调试Issue。 职位要求： 1. 1年的BIOS相关测试经验，熟悉PC/笔记本的BIOS，   了解PC/服务器BIOS相关的基础知识和原理。 2. 了解BIOS的工作原理，熟悉BIOS的常   用功能：BIOS更新、SMBIOS、接口控制、安全设置、启动项设置、CMOS等 3. 对BIOS   与Hardware、OS的交互有一定认识； 4. 熟悉简单的Linux OS的基本指令； 5. 具有调试   和解决疑难技术问题的能力，有较强的故障排除能力; 6. 准确描述汇报和严格遵循Defect    跟踪流程跟进，对BUG进行初步的分析、定位、提交; 7. 具有良好的沟通及语言表达能力，   善于沟通； 8. 可以协助研发人员理清问题，修改测试用例，报告测试状态; 9. 工作积极   主动，具备较强的责任心;,7月18日,诚迈科技（南京）有限公司成立于2006年9月，2017年1月20日公司成功上市，是一家专业从事软件产品设计、代码开发、质量保证及技术支持等全流程服务的软件服务提供商，致力于提供全球化的专业软件研发服务，专注于移动设备及无线互联网行业软件研发及咨询等服务。诚迈科技总部位于中国南京。经过多年的发展，规模已超过5000人，在加拿大、芬兰及日本设立销售体系，在北京、上海、深圳、武汉、广州和西安设有分支机构，业务覆盖全球，在中国（内地及台湾）、北美、欧洲、日本、韩国等地广泛开展业务。诚迈科技作为行业的领军者，在全球范围内为国内外客提供一流的软件研发和测试服务。专业的研发团队凭借多年的项目经验掌握了行业核心技术，可提供Android行业软件解决方案（车载系统、TV、eBook等）；移动互联网软件解决方案（浏览器、APP Store、运营商定制等）；云终端解决方案及企业应用和云计算解决方案。在嵌入式测试方面，诚迈科技专业的软件测试团队在测试方法、测试策略、测试标准方面有着丰富的经验，精通手机终端设备中的手机操作系统、手机应用软件等测试。目前，诚迈科技已经与世界级的客户建立了长期友好的合作关系，主要客户广泛分布于终端设备制造商、世界级芯片制造商、运营商及软件公司。如果您崇尚奋斗，渴望创新，并希望同公司一起成长，请加入我们的团队，您可以应对不同的挑战，以激发个人潜能。我们将长期提供多方面的发展机会，并对成绩突出的员工给予职位晋升和物质奖励。您还将享受完善的员工福利制度，包括：弹性工作时间，各项激励奖金，养老保险，医疗保险，失业保险，工伤、生育保险，住房公积金，员工俱乐部，各种员工活动，员工心灵关怀和健康关怀计划，特别节日假期，带薪年假，集体户口（如需要）等。处于高速发展和扩张期的诚迈科技诚邀有志之士与公司同仁一起共创一个伟大的软件企业！如您希望在以下城市工作，可将简历投递如下地址：南京/北京：hr@archermind.com上海：hr_sh@archermind.com深圳：hr_sz@archermind.com武汉：hr_wh@archermind.com,"https://www.zhaopin.com/jobdetail/CC144543200J40865119915.htm?refcode=4019&srccode=401901&preactionid=a7c1140f-c46c-45e5-b867-ab342d8bdc77"
1121,C/C++,深圳-龙岗区,1.3-2.6万,外企德科数字技术有限公司,专业技术服务,10000人以上,,CCL1480117890J40797038405,【工作职责】 1、 研发E2E效率和质量提升相关工具及解决方案开发； 2、 负责研发工具需求模块设计、接口设计、代码开发及验证； 3、 支撑工具应用推广及部门应用。 【任职要求】 业务技能要求： 1、具备良好的计算机、软件工程领域知识，熟悉软件系统设计、开发、测试等研发领域的流程、工程方法和工具； 2、良好的学习能力、团队协作性好，沟通协调能力强； 3、有研发工具模块设计、接口设计、开发经验优先。 专业知识要求： 1、具备1年以上软件开发经验，熟悉C/C++、JAVA、JS、Html中的至少一种，掌握常见的数据结构、算法； 2、了解软件工程、敏捷开发等知识，熟悉常用设计模式； 3、具备云化、服务化等相关知识并能熟练运用； 4、熟悉Linux，并且能熟练搭建web服务器者优先。,2025-07-27 00:26:11,外企德科数字技术有限公司是一家2023年新成立的中外合资企业。成立于2023年11月24日，公司定位：专注于为信息技术企业提供人才及数字技术外包解决方案的中外合资企业。它是由中国人力资源服务行业的FESCO（北京国际人力资本集团）与全球人力资源服务领导者The Adecco Group（德科集团）合资成立的。公司主要提供网络技术服务、软件外包服务、计算机系统服务、技术进出口、软件开发等信息技术相关服务。专注于为信息技术企业提供信息技术类人才及数字技术外包解决方案。,"https://www.zhaopin.com/jobdetail/CCL1480117890J40797038405.htm?refcode=4019&srccode=401901&preactionid=a7c1140f-c46c-45e5-b867-ab342d8bdc77"
1122,科研人员,哈尔滨-None,1-2万,中国兵器工业集团航空弹药研究院有限公司,"船舶/航空/航天/火车制造,船舶/航空/航天/火车制造",1000-9999人,,CC381881410J40181636909,熟悉相关专业知识，具备飞行器总体.弹药总体.武器系统总体等相关项目研究经历，熟练掌握C/C++.matlab.Python等语言，ANSYSWorkbench.FLUENT.FEKO.ISIGHT等多学科仿真软件者优先。职位福利：餐补、交通补助、绩效奖金、加班补助 ,2月24日,中国兵器工业集团航空弹药研究院有限公司致力于先进智能航空弹药研制，努力成为具有国际竞争力的一流航空弹药科技型企业。【招聘岗位及要求】预先研究--飞行器设计、导航、制导控制、兵器发射理论与技术、武器系统与控制工程、系统工程，软件工程总体设计--飞行器设计、飞行器设计与工程、探测制导与控制技术、流体力学、加攻防对抗仿真与评估结构设计--飞行器设计、飞行器设计与工程、机械类、可靠性系统与工程电气设计--电气工程及其自动化、电子信息工程、信号与信息处理控制算法设计--控制理论与控制工程、数学、飞行器动力学与工程、计算机类组合导航设计--导航、制导与控制工程、信息与通信工程软件设计--飞行器建模与仿真、自动化、测控技术与仪器、通信与信息工程、导航、制导光学设计--光信息科学与技术、光学工程、光电工程电路设计--电子工程、微电子工程舵机设计--自动化、机械类战斗部设计--兵器科学与技术、安全科学与工程发动机设计--发动机相关专业可靠性设计--飞行器质量与可靠性工艺设计--机械类、机电类、化学、材料成型及控制工程、金属材料工程、电子封装火工品设计--军事化学与烟火技术、特种能源工程与烟火技术信息化技术--计算机类、软件工程、网络工程,"https://www.zhaopin.com/jobdetail/CC381881410J40181636909.htm?refcode=4019&srccode=401901&preactionid=a7c1140f-c46c-45e5-b867-ab342d8bdc77"
1123,实施工程师,淄博-张店区,5000-10000元,淄博鲁瑞精细化工有限公司,化学原料/化学制品,100-299人,未融资,CC314052130J40879621204,1）熟悉掌握公司产品及应用性能； 2）参与拜访客户，把握市场行业趋势，洞察客户需求、难点、痛点，提供精准的市场需求信息； 3）针对客户设备、工艺特性，提供针对性的系统解决方案； 4）负责助剂应用分析、试验方案设计及产品应用工艺研究，了解自身产品的性能，根据使用情况提出改进建议； 5）收集市场产品应用实例，建立产品数据库； 6）协助策划新产品发布、宣传、推广，挖掘产品亮点、优势，提升产品核心竞争力。,7月1日,淄博鲁瑞精细化工有限公司成立于2013年，隶属于鲁泰集团。公司致力于纺织、皮革、建筑及环境保护等特殊化学品的研发、生产、销售及专业技术服务。公司先后引进德国、美国、瑞士、日本等国际高端仪器，拥有先进的分析、检测及自働化智能制造装置100多台套。经过持续发展，公司积累了雄厚的科研技术力量，打造了一支高素质的研发、技术团队，获得发明专利20余项，省技术创新项目30余项。至今公司已向市场推出180多个产品，2017年公司被认定为“国家高新技术企业”。公司推行标准化管理模式，着力构建LTPS精益化生产。2015年先后通过安全标准化、ISO9000质量管理体系、ISO14000环境管理体系、ISO45001职业健康安全管理体系认证。产品通过了Bluesign、OEKO-TEX(Eco-passport)等生态、环保国际认证。公司坚持“以人为本严谨科学顾客导向诚信共赢”的价值观，以为客户创造价值为己任，始终坚持绿色、环保可持续发展的理念，助推纺织印染行业转型升级。公司将一如既往的为客户提供专项定制产品和系统解决方案，成为客户值得信赖的合作伙伴。,"https://www.zhaopin.com/jobdetail/CC314052130J40879621204.htm?refcode=4019&srccode=401901&preactionid=a7c1140f-c46c-45e5-b867-ab342d8bdc77"
1124,科研人员,济南-槐荫区,2.6-3万,济南微生态生物医学省实验室,学术/科研,300-499人,不需要融资,CCL1378374290J40664179106,工作职责与内容： （1）设计和构建基因线路，进行代谢工程和合成生物学实验。 （2）独立分析实验数据，撰写技术报告和研究论文。 （3）与跨学科团队合作，推动项目进展。 任职要求： 1、科研人员要求博士学历一名。 2、已获得相关专业（包括但不限于基因工程、生物学、合成生物学、分子生物学、代谢等）博士。 3、①可以独立设计基因路线；②熟悉基因克隆、PCR、测序、代谢工程等基本理论知识和技术操作，具备良好的数据分析能力；③为人勤奋踏实，责任心强，热爱科研，具有独立开展科研工作的能力，有良好的团队合作精神，对合成生物学领域充满热情。⑤身体健康，学风正派。 4、博士学历研究生至少在相关领域以第一作者发表中科院二区及以上研究性论文一篇。,4月15日,济南微生态生物医学省实验室是山东省和济南市共同建设的三家省实验室之一，是国内唯一专注于人体微生态研究的研发机构，于2021年8月13日注册成立，落座于济南国际医学中心。实验室共建单位为浙江大学传染病重症诊治全国重点实验室，合建单位为山东大学、南京大学和山东第一医科大学(山东省医科院)。中国工程院院士、传染病重症诊治全国重点实验室主任李兰娟院士担任主任，中国工程院杨宝峰院士担任首届学术委员会主任。实验室围绕“微生态生物医学”领域的国家科技创新的战略需求和生物医药国际强国战略性科技前沿，以“国内领先、不可替代、世界一流、引领发展”为宗旨，对标国际先进实验室，着重建设“微生态与健康”、“微生态与疾病”和“微生态新技术”三个战略研究方向。实验室现有各类工作人员300余人，储备了益生菌食品、医疗器械、消毒产品等各类产品10余项。实验室广范开展前沿科学探索、创新人才培养、公共科研平台建设、科技成果转化，打造创新人才培养基地、高新技术新源头、成果孵化新引擎，将构建微生态生物医学领域从“基础理论创新”、“关键技术突破”、“产业化实施”到“推广应用”的完整创新链，成为国际领先的科研创新、成果转化平台。,"https://www.zhaopin.com/jobdetail/CCL1378374290J40664179106.htm?refcode=4019&srccode=401901&preactionid=a7c1140f-c46c-45e5-b867-ab342d8bdc77"
1125,技术支持工程师,杭州-建德市,8000-16000元,青岛安然物联网科技有限公司,"物联网,物联网",20-99人,未融资,CC559764920J40884193404,岗位职责： 1. 负责石化、化工厂人员定位系统的现场实施、现场交付和技术赋能等工作。 2. 对接客户需求，进行需求调研，制定详细的施工方案和计划。 3. 确保项目按照既定的时间节点和质量要求完成交付。 4. 对已交付的项目进行后期技术支持与维护。 岗位要求： 1. 年龄在25-35岁之间。 2. 能够适应经常出差的工作要求。 3. 熟悉信息化、弱电及工业互联网相关技术。 4. 具备良好的沟通协调能力和问题解决能力。,7月22日,基于精准人员定位的工业安全生产信息化管理专家，安全生产信息化管理引领者！作为全国实时定位技术标准工作组成员和应急管理部“工业互联网+危化安全生产”人员定位系统技术支持机构，安然从2012年起致力于基于ZigBee Plus三维立体按需精准定位的“工业互联网+安全生产”的研究，获得了20多项安全智能管控系统发明专利和著作权，持续引领中国化工行业生产现场智慧安全！安然以“准、稳、狠”的ZigBee Plus三维立体按需精准人员定位统和“底数清、数据准、情况明、研判准、措施实”的安全生产信息化平台为核心，整合访客管理、出入口控制、人脸识别、视频监控、语音广播、重大危险源监控、可燃有毒气体监测等系统，对生产现场人、机、料、法、环五大要素进行实时、动态、智能管控和预警，规范人的安全行为，保障人的生命安全，有效防范风险、主动化解风险，实现智慧安全。安然“以用为本”，把安全生产信息化建设与公司管理体系“深度融合”，把安全生产信息化建设与日常工作“紧密结合”，对安全生产切实“有用、实用、好用”，避免建用“两张皮”，让安全管控更智能，让生产更高效才实用。迄今已服务中石化、中石油、延长石油、国能、兖矿、京能、索普、新安、奇美、昊源、潞安、旭阳、垦利、逸盛、海科、酒钢、金发等几百家石化、化工、选煤、钢铁、电厂企业。安然以客户为中心，以强者为本，抬头乐干，愿意与同道中人联合、链接，携手共建、共用、共享生产安全命运共同体，一起干，一起干，让优秀企业更安全，让优秀企业更高效！,"https://www.zhaopin.com/jobdetail/CC559764920J40884193404.htm?refcode=4019&srccode=401901&preactionid=a7c1140f-c46c-45e5-b867-ab342d8bdc77"
1126,实施工程师,西安-未央区,1-1.5万·13薪,浪潮集团,"IT服务,计算机软件,计算机硬件",10000人以上,,CC120143600J40870288815,岗位职责： 1、根据项目需求，提供智慧矿山项目现场实施、项目管理与过程监控，确保项目进程； 2、对各项目实施方法、实施策略、实施方案提出合理化建议，确保项目按质按时验收； 3、熟悉业务，熟悉产品，实施过程给予各项目规划、培训、上线各阶段指导，保障项目顺利进行； 4、掌握产品，能为客户提供业务和产品培训。 任职资格： 1、本科及以上学历优先，计算机、软件、财务会计、物流工程、采矿工程、管理科学等相关专业优先； 2、熟悉sqlserver、oracle数据库、及sql语言； 3、具有较强的沟通和协调能力，工作认真负责，承受较强的工作压力。,2025年07月30日,浪潮集团是中国领先的云计算、大数据服务商，拥有三家上市公司。主要业务涉及计算装备、软件、云计算服务、新一代通信、大数据及若干应用场景。作为中国最早的IT品牌之一，浪潮致力于成为世界一流的新一代信息技术龙头企业经济社会数字化转型的优秀服务商，新型基础设施建设的骨干企业。,"https://www.zhaopin.com/jobdetail/CC120143600J40870288815.htm?refcode=4019&srccode=401901&preactionid=a7c1140f-c46c-45e5-b867-ab342d8bdc77"
1127,硬件测试,郑州-荥阳市,6000-10000元,重庆科满福人力资源服务有限公司,企业服务,20-99人,,CCL1487604860J40925297504,【岗位职责】 ： 1、进行新产品研发阶段的测试工作 2、完成新产品的功能测试、可靠性测试、环境测 试、安全测试等技术工作 3、制定测试计划，设计测试用例，分析测试数 据，编制测试报告 4、为其他部门提供技术支持，与其他部门的产品 联合测试工作 ,6月29日,,"https://www.zhaopin.com/jobdetail/CCL1487604860J40925297504.htm?refcode=4019&srccode=401901&preactionid=a7c1140f-c46c-45e5-b867-ab342d8bdc77"
1128,C/C++,西安-长安区,1.5-2万,西安长远电子工程有限责任公司,"计算机软件,电子/半导体/集成电路,计算机硬件,IT服务",100-299人,,CC232217910J40094806309,1.具有1年以上C++开发经验； 2.具有Qt、VS或Java开发经验； 3.熟悉数据结构、面向对象、多线程、TCP/IP，有独立开发项目经验； 4.头脑灵活，能吃苦 5.有工作经验者薪资面谈，待遇从优。,4月29日,西安长远电子工程有限责任公司，2000年由中国兵器工业第206研究所计算机研究室整建制成立，属国有控股企业（206所控股），现位于西安民用航天产业基地。主要从事雷达、复杂电磁环境构建与评估、数字终端系统和非传统安全领域高价值目标防护系统等主营业务。公司目前已通过国家高新技术企业认证，具有军品研制、生产、销售所需的所有国家资质，2022年入围国家“科改示范企业”和国家级专精特新“小巨人”企业名单。公司成立二十多年来，充分利用兵器206所平台资源，结合自身优势，形成了较强的科研创新能力，在军用和民用领域形成了海事雷达、远程诊断等一系列独具特色和竞争力的产品，拥有科技成果、专利、软件著作权等一百六十余项。近年来，公司以军工准入资质系列认证工作为契机，不断规范、完善科研、生产、管理体系，认真落实全价值链体系化精益管理战略，围绕“为用户提供有价值的产品和服务”为核心，将产品质量和信誉作为企业生存之本，在国防和民用领域不断发挥品牌优势，积极打造具有技术先进、自主可控、军民两用、经济高效、充满活力五大特点的兵器电子企业。,"https://www.zhaopin.com/jobdetail/CC232217910J40094806309.htm?refcode=4019&srccode=401901&preactionid=a7c1140f-c46c-45e5-b867-ab342d8bdc77"
1129,软件测试,开封-兰考县,5000-7000元,天阳科技,"计算机软件,计算机软件",1000-9999人,已上市,CC120408370J40822504508,1.全国项目驻场测试，主要负责功能、数据或接口等相关测试工作； 2.统招本科学历及以上（学信网可查）；毕业满2年；计算机专业优先； 3.热爱软件测试行业、有强力的自驱力，能够在测试岗位深入学习研究； 4.有无经验均可，服从公司安排，接受公司培养，可接受异地工作优先； 福利待遇： 上市公司、公司可提供住宿、定期体检、带薪年假； 欢迎符合要求的小伙伴们投递~,7月18日,天阳科技(股票代码：300872)，是全球金融创新服务的重要贡献者，持续赋能中国金融行业数字化转型，为客户提供咨询、金融科技产品、金融IT服务、云计算及运营服务。公司成立于2003年，服务超过300家金融行业客户，覆盖中央银行、政策性银行、国有银行、股份制银行、地方性商业银行、非银行金融机构等，员工人数近7000人，成为激活金融领域创新活力、推动金融科技迈入世界领先水平的重要力量。作为金融行业客户可信赖的合作伙伴，天阳科技凭借丰富的行业经验和端到端的专业服务，在信创、数字化金融、信贷、交易银行、信用卡、零售、营销、风险管理、征信监管等众多领域具备核心竞争力。据赛迪和IDC报告显示，近年来公司在中国银行业IT解决方案市场排名强势崛起，2019年收入及市场占有率综合排名分别位列第四位和第五位，并保持高速增长。同时，前瞻商业和科技趋势，入选2021年度未来银行科技服务商TOP100。天阳科技始终聚焦金融科技领域，加大自主创新力度，在超过100个城市建立本地化、专业化的研发和服务团队，拥有CMMI5级认证、软件测试成熟度模型集成（TMMi）3级认证、ISO9001质量管理体系认证、ISO20000信息技术服务管理体系认证、IS027001信息安全管理体系认证。通过部署人工智能、云计算、大数据、移动互联网、分布式计算和区块链等先进金融科技，公司致力于构建安全可控、普惠民生、开放共赢格局，在关键技术领域服务现代化金融发展大局，更好地为各利益相关方创造更大价值，为大中企业、小微企业以及每个个体提供优质金融服务。,"https://www.zhaopin.com/jobdetail/CC120408370J40822504508.htm?refcode=4019&srccode=401901&preactionid=a7c1140f-c46c-45e5-b867-ab342d8bdc77"
1130,实施工程师,西安-雁塔区,6000-8000元,陕西盛为网络科技有限公司,"计算机软件,通信/网络设备",20-99人,未融资,CCL1484388920J40550960704,岗位内容： 1. 协助客户制定实施计划，保证项目按时交付并达成目标。 2. 通过培训和指导提高客户对产品的使用效率。 3. 协助客户解决实施过程中的问题和疑问。 任职要求： 1. 具备较强的语言表达和沟通能力，具备耐心和责任心。 2. 熟悉企业信息化相关产品和技术，有一定的IT专业知识和工作经验。 3. 具备自主学习能力和团队协作精神。,6月4日,陕西盛为网络科技有限公司简介公司概述陕西盛为网络科技有限公司是一家专注于网络技术服务的企业，总部位于中国陕西省西安市。自成立以来，公司始终秉承“科技创新，服务至上”的理念，致力于为客户提供高效、优质的网络科技解决方案。业务领域陕西盛为网络科技有限公司主要业务涵盖网络系统集成、软件开发、网络安全服务、云计算服务、大数据分析等领域。凭借丰富的行业经验和强大的技术实力，公司已经成为陕西省内乃至全国范围内备受信赖的网络科技服务提供商之一。技术优势公司拥有一支由资深网络工程师、软件开发工程师、网络安全专家、大数据分析师等组成的专业团队。他们不仅具备深厚的技术功底，而且拥有丰富的项目实施经验。公司还与多家国内外知名IT企业建立了战略合作伙伴关系，确保能够为客户提供最前沿的技术支持和服务。服务理念陕西盛为网络科技有限公司始终坚持“客户至上，服务第一”的原则，致力于满足客户的各种需求。公司提供7*24小时的售后服务和技术支持，确保客户在使用过程中遇到任何问题都能够得到及时解决。未来展望面向未来，陕西盛为网络科技有限公司将继续加强技术创新，拓展业务领域，提升服务质量，努力成为国内领先的网络科技服务提供商。同时，公司也将积极履行社会责任，为推动信息化建设和数字经济发展做出更大贡献。,"https://www.zhaopin.com/jobdetail/CCL1484388920J40550960704.htm?refcode=4019&srccode=401901&preactionid=a7c1140f-c46c-45e5-b867-ab342d8bdc77"
1131,Java,深圳-龙岗区,1.8-3.5万,外企德科数字技术有限公司,专业技术服务,10000人以上,,CCL1480117890J40607826705,【C/C++/JAVA/Python/SQL/web/Android/IOS/Flutter/GO/大数据/AI/开发/运维/测试均有岗位需求】 PS：北京，上海，南京，杭州，深圳，东莞，成都，西安，武汉，长沙均有需求开放 【岗位要求】 1、本科及以上学历； 2、掌握C++/Java/Go/Web（Vue、React、js前端开发、前端框架...）/python/H5一种或多种编程语言，有良好的编程习惯、热爱编程； 3、对基本数据结构和算法有一定了解，熟悉Linux、Android、iOS、Windows其中一种或多种系统知识； 4、具备良好的解决问题能力、善于沟通、乐于合作； 5、熟练使用Idea/Maven/SVN(git)等软件开发工具； 6、扎实的计算机基础，具备优秀的学习能力和逻辑思维能力，善于分析问题和解决问题有关键独立模块设计、开发和维护经验 【福利待遇】 1、五险一金全额缴纳、为期半年的老员工1对1带教，周末双休、年终奖丰厚、双倍加班费、班车福利、每年1-2次调薪机会； 2、初级、中级、高级岗位均有招聘需求 3、每年有一次调薪/职级调整机会； 4、薪资构成：基本薪资+绩效工资，定级薪资和绩效考核标准参考正式员工标准；,2025-07-27 00:23:23,外企德科数字技术有限公司是一家2023年新成立的中外合资企业。成立于2023年11月24日，公司定位：专注于为信息技术企业提供人才及数字技术外包解决方案的中外合资企业。它是由中国人力资源服务行业的FESCO（北京国际人力资本集团）与全球人力资源服务领导者The Adecco Group（德科集团）合资成立的。公司主要提供网络技术服务、软件外包服务、计算机系统服务、技术进出口、软件开发等信息技术相关服务。专注于为信息技术企业提供信息技术类人才及数字技术外包解决方案。,"https://www.zhaopin.com/jobdetail/CCL1480117890J40607826705.htm?refcode=4019&srccode=401901&preactionid=a7c1140f-c46c-45e5-b867-ab342d8bdc77"
1132,软件测试,深圳-龙岗区,1.4-2.8万·14薪,外企德科数字技术有限公司,专业技术服务,10000人以上,,CCL1480117890J40778108205,【工作职责】 1、负责解决方案测试需求分析，测试方案和测试用例设计和测试执行工作； 2、承担解决方案的场景功能测试、性能测试、可靠性测试，可服务性测试等测试活动； 【业务技能要求】： 1、熟悉软件测试流程和方法，具备2年以上软件测试或解决方案测试的工作经验，具备测试需求分析、测试方案设计、测试用例设计及执行相关测试能力； 2、具备良好的沟通协调能力和团队合作精神、良好的学习、动手以及解决问题的能力。 3、业务理解力强，对技术有激情，喜欢钻研，能快速接受和掌握新技术，有较强的独立、主动的学习能力。 【专业知识要求】： 1、熟悉解决方案或软件测试理论，掌握基本的软件测试方法和流程； 2. 掌握Linux系统基本原理，数据库基本原理；熟悉云化、虚拟化、容器、网络等基础原理和操作。 3. 熟练掌握一种编程语言，例如Java，shell，Python，C++等，并熟练编写测试脚本； 4. 具备DFX（安全、可靠性、韧性测试之一）测试经验优先； 职位福利：五险一金、绩效奖金、年终分红、交通补助、免费班车、弹性工作、节日福利、餐补,2025-07-27 00:24:55,外企德科数字技术有限公司是一家2023年新成立的中外合资企业。成立于2023年11月24日，公司定位：专注于为信息技术企业提供人才及数字技术外包解决方案的中外合资企业。它是由中国人力资源服务行业的FESCO（北京国际人力资本集团）与全球人力资源服务领导者The Adecco Group（德科集团）合资成立的。公司主要提供网络技术服务、软件外包服务、计算机系统服务、技术进出口、软件开发等信息技术相关服务。专注于为信息技术企业提供信息技术类人才及数字技术外包解决方案。,"https://www.zhaopin.com/jobdetail/CCL1480117890J40778108205.htm?refcode=4019&srccode=401901&preactionid=a7c1140f-c46c-45e5-b867-ab342d8bdc77"
1133,科研人员,上海-徐汇区,1.5-2.1万,上海建科咨询集团股份有限公司,"专业技术服务,建筑工程检测,建筑设计",1000-9999人,未融资,CC710523380J40467904711,1、完成科研及人才项目的申报和实施；  2、配合团队完成课题申请和实施管理，开展相关科研试验、数值模拟、数据分析、理论研究、成果凝练和成果转化等工作；  3、协助完成市级研发平台的管理；  4、完成领导安排的其他任务。  ,5月30日,上海建科集团股份有限公司（以下简称集团）成立于1958年，是上海市国资委直属管理的现代科技服务企业，立足建筑科学研究并延伸至城市建设、管理和运行产业链，主要从事工程咨询、检验检测与技术服务、专业系统服务等，致力于成为国内领先的城市建设、管理和运行科技服务集团。集团秉承“以最新的建筑科学成果为上海和全国城乡建设服务”的使命，积极开展建筑行业共性技术和前沿技术研究。是行业内产值规模最大的工程监理服务企业之一，中国绿色建筑竞争力十强设计咨询企业，上海地区规模最大的建设工程检测检验和环境影响评价机构之一。集团拥有国家认定的企业技术中心、建设部绿色建筑工程技术中心等8个部市级公共研发平台，2个标准化技术委员会和2个标委会工作组，建立了国家建筑工程材料质量监督检验中心、国家绿色建筑质量监督检验中心等10余个专业技术服务机构。,"https://www.zhaopin.com/jobdetail/CC710523380J40467904711.htm?refcode=4019&srccode=401901&preactionid=a7c1140f-c46c-45e5-b867-ab342d8bdc77"
1134,科研人员,合肥-庐阳区,2.1-2.7万,合肥综合性国家科学中心能源研究院(安徽省能源实验室),"新能源,新能源",100-299人,未融资,CCL1237831530J40722031907,研究方向：磁约束聚变方向,7月16日,"合肥综合性国家科学中心能源研究院（安徽省能源实验室）〔以下简称“能源研究院”〕为安徽省和中国科学院共建的省级事业单位法人，依托中国科学院合肥物质科学研究院等离子体物理研究所、安徽理工大学、中国科学技术大学、合肥工业大学等单位建设。能源研究院重点部署磁约束聚变、可再生能源、智慧电力电网、煤炭清洁高效利用四个研究方向，统筹加强基础研究、应用基础研究、技术创新，带动能源领域科研力量优化布局和自主创新能力跃升，形成在能源技术发展领域拥有重要话语权和影响力的战略科技创新力量，打造面向世界科技前沿的“航母级”研究平台。合肥综合性国家科学中心能源研究院，自2019年12月31日成立已满4周岁，四年来，在习近平新时代中国特色社会主义思想科学指引下，在安徽省省委、省政府坚强领导下，在省市相关部门大力支持下，能源研究院自身建设不断加强，科研能力不断提升科技创新不断突破成果转化不断深入各项事业取得可喜进步一、团队建设：牢固树立“项目引才、实战育才、事业留才”理念、着力打造人才高地。现有373名全职、双聘人才,其中：全职人员153名(博士43名,高级职称30人)双聘人员220名(博士168名,高级职称占比85%)，已初步建立起院士领衔、教授和领军人才支撑、青年学者为骨干的梯队式人才团队。二、能力建设：1.国家自然科学基金依托单位、2.省自然科学基金依托单位、3.省级博士后科研工作站、4.安徽省新型研发机构、5.SGS三体系质量认证证书、6.自然科研系列、7工程技术系列自主评审权安徽省太赫兹技术生物医疗应用工程研究中心、8.合肥综合性国家科学中心能源研究院电力检测中心、9.取得CMA实验室资质认定三、科研进展：组建8个专业研究中心：1.氢能源与氨应用中心、2.可再生能源中心、3.智慧电力中心、4.煤炭清洁高效利用中心、5.超导技术应用中心、6.先进波源中心、7.中子技术应用中心、8.深地科学与工程中心。布局实施26个重大科研项目发表高水平论文435篇申请专利286项(授权71项)获得省科技进步二等奖1项争取国家级项目20项。获批省市揭榜挂帅及自然基金项目13项累计争取国家、省市纵向研究经费近4000万元。四、前沿基础研究重大成果：1.能源小分子催化转化研究达到国际领先水平、2.下一代太阳能电池材料及器件研究取得重大突破、3.雷击接闪机理与防护研究达到国内领先水平、4.等离子体诊断技术研究填补国内技术空白。","https://www.zhaopin.com/jobdetail/CCL1237831530J40722031907.htm?refcode=4019&srccode=401901&preactionid=a7c1140f-c46c-45e5-b867-ab342d8bdc77"
1135,硬件测试,西安-长安区,6000-12000元,西安克拉克通信科技有限公司,"通信/网络设备,船舶/航空/航天/火车制造",20-99人,未融资,CC667768520J40817751708,任职要求： 1)电子、自动化、控制、机电一体化等相关专业本科及以上学历‌； 2)熟悉数字、模拟电路及相关电子知识，了解变频器、伺服驱动器及其相关测试项目‌； 3)掌握软件测试理论和流程，能够进行性能测试、硬件测试、功能测试等‌； 4)具有良好的团队合作意识及责任心。 岗位职责： 1)负责伺服驱动器研发阶段和批量生产阶段的测试工作，包括功能测试、可靠性测试、环境测试、安全测试等，并编写测试报告‌; 2)根据产品技术协议需求和设计文档，制定产品测试计划，分析测试需求、编写测试报告，并维护测试流程‌; 完成测试环境的设计与配置工作，维护测试平台，统计和分析测试结果，提高测试效率和质量； 3)负责相关缺陷的跟踪和管理，与产品和开发团队密切合作，推动问题解决‌； 4)为相关部门提供测试支持与培训，软件版本升级后进行全面测试，并提供用户现场技术支持‌ 5)能适应出差，对天线设备进行售后服务等技术支持工作。,6月25日,西安克拉克通信科技有限公司位于西安航天基地北航科技园内，是一家集研发、生产、销售为一体的卫星通信天线产品专业厂家。公司创始者都是天线专业研究所出来的骨干精英，是一支高素质专业团队。这个团队拥有丰富的天线产品生产经验、强烈的质量意识、保密意识及严谨、求实的工作作风。公司以高起点、高目标为前提，坚持求真务实、不断创新，紧跟国际先进技术水平，争创一流品牌，并同西安交通大学、二炮工程大学、航天五零四所等高等院校、科研院所开展了多项技术交流与合作，保证公司技术的创新和产品研制的可靠性与实用性。公司主要的产品有：各种口径的车载、船载、机载动中通天线（其中包括平板天线、中高度天线、抛物面天线等）；静中通天线；便携式天线（手动、自动）；固定站天线（手动、自动）以及微波部件产品。公司以“顾客至上、信誉第一”为宗旨，竭力为广大顾客提供优质的产品和更完善的服务，为我国卫星通信事业的发展做出自己应有的贡献。,"https://www.zhaopin.com/jobdetail/CC667768520J40817751708.htm?refcode=4019&srccode=401901&preactionid=a7c1140f-c46c-45e5-b867-ab342d8bdc77"
1136,软件测试,东莞-None,8000-12000元,河南瞿麦信息科技有限公司,"人工智能,互联网,电子商务,人工智能",500-999人,天使轮,CCL1503024580J40736014116,岗位内容： 1. 设计和执行测试用例，记录测试结果。 2. 分析报告软件缺陷。 3. 参与产品设计过程，提供测试建议和反馈。 任职要求： 1. 具有本科以上学历，24-32周岁，学习能力较强。 2. 优秀的沟通和协作能力，能够与跨部门的团队成员合作。,7月25日,瞿麦信息科技公司自成立以来，在信息技术领域稳步前行，留下了一系列坚实的发展足迹。瞿麦信息科技有限公司于 2018年 4月 5日正式成立，所处行业为其他商务服务业。在成立初期，公司便积极布局业务范围，涵盖了软件开发，以及技术服务、开发、咨询、交流、转让、推广等多方面的技术业务，为后续发展奠定技术基础。等多个行业，展现出多元化的业务发展方向。在公司成立后的发展进程中，不断通过行政许可拓展业务边界。例如，在相关业务的开展过程中，依法依规取得了多项行政许可，确保各项业务在合法合规的框架内顺利推进，逐步积累行业资源和市场口碑。虽然在公开资料中暂未获取到其在特定技术研发突破、重大市场拓展项目等方面的详细信息，但从其业务范围的持续拓展和维持良好的存续状态来看，公司在信息技术及相关多元领域持续探索前行，努力在市场中找准定位，不断完善自身业务体系，提升综合竞争力，为未来的进一步发展壮大积蓄力量。,"https://www.zhaopin.com/jobdetail/CCL1503024580J40736014116.htm?refcode=4019&srccode=401901&preactionid=a7c1140f-c46c-45e5-b867-ab342d8bdc77"
1137,软件测试,深圳-龙华区,6000-8000元,深圳市华芯电子信息有限公司,互联网,20-99人,未融资,CCL1240416360J40634827816,岗位职责： 1、负责协助工程师检测软件是否存在问题； 2、执行测试，撰写测试报告，提交测试结果； 3、配合业务需求的沟通，完成上级领导交代的其他事项； 任职要求： 1、大专及以上学历，专业不限，计算机专业优先，年龄21-28岁； 2、具有良好的职业操守，工作细心责任心强； 3、具备基本的电脑知识，熟练使用相关办公软件，接受应届生，有计算机应用证书优先； 4、对互联网IT、计算机行业感兴趣，并打算在IT岗位长期发展；,3月14日,【福利待遇】 1、签订正式劳动合同，入职购买五险一金； 2、互联网公司开放式的工作环境，轻松愉快的工作氛围； 3、丰富部门活动；下午茶、生日会、享受带薪假期； 4、有过节红包；至少一个月的年终奖； 5、每年可获得国内风景区旅游一到两次的机会。【工作时间】 1、朝九点十五分晚六点，一天工作7小时15分，双休；国家法定节假日正常放假,"https://www.zhaopin.com/jobdetail/CCL1240416360J40634827816.htm?refcode=4019&srccode=401901&preactionid=a7c1140f-c46c-45e5-b867-ab342d8bdc77"
1138,硬件测试,抚州-南城县,7000-12000元,重庆科满福人力资源服务有限公司,企业服务,20-99人,,CCL1487604860J40935626504,【岗位职责】 ： 1、进行新产品研发阶段的测试工作 2、完成新产品的功能测试、可靠性测试、环境测 试、安全测试等技术工作 3、制定测试计划，设计测试用例，分析测试数 据，编制测试报告 4、为其他部门提供技术支持，与其他部门的产品 联合测试工作,7月25日,,"https://www.zhaopin.com/jobdetail/CCL1487604860J40935626504.htm?refcode=4019&srccode=401901&preactionid=a7c1140f-c46c-45e5-b867-ab342d8bdc77"
1139,Java,杭州-余杭区,1-1.8万,杭州慧简医疗科技有限公司,计算机软件,20-99人,,CC273756884J90250051000,"综合素质： 1.工作踏实肯干,有强烈的责任心和进取心，具备团队合作精神； 2.具备良好的沟通和学习能力； 3.具备一定的技术文档写作能力。 职位描述  1.负责JAVA环境下系统模块开发，参与分析、设计工作；  2.熟练掌握应用Spring、MVC开发框架，熟悉JDBC、MyBatis等数据联接方式； 3.了解前端开发技术，熟悉HTTP协议，TCP/IP，HTML, 了解Ajax, oauth，Ajax, Jquery等，熟悉前后端的交互过程； 4.负责产品需求分析，对产品的原始需求做总结分析，架构设计，原型实现工作； 5.协助解决现有系统中的技术难题 ； 6.能进行客户需求分析、编制项目技术方案并能独立进行项目开发和实施工作。 岗位要求  1、本科以上学历。 2、对Java语言规范有深刻理解，精通Java语言和面向对象设计方法； 3、精通关系数据库理论，熟练使用ORACLE、mysql数据库，具有一定的sql编写能力； 4、有Hadoop、HBase、Spark、mongodb使用经验者优先考虑； 5、基础功扎实，思维清晰敏捷，逻辑分析能力强，良好的编程风格； 6、性格外向、开朗，良好的沟通能力，可适应短期出差与客户交流。 职位福利：周末双休、五险一金、包吃、包住、带薪年假、节日福利、定期团建、高温补贴  ",7月25日,"杭州慧简医疗科技有限公司依托于浙江大学等高校科研成果产业转化，定位于服务医疗卫生行业信息化解决方案提供商、医疗卫生行业适宜新技术推广为主的高新技术公司，公司成立以来始终坚持“智慧医疗、简约科技、技术创新、人文关怀”的企业服务宗旨，为广大专业医务人员提供信息化产品和提高生产效率的医疗设备。后续研发项目需整合医疗机械、电子、软件领域的高新技术，希望有识之士加盟团队，我们需要有梦想及创业热情的员工加盟企业，共谋发展，创造美好明天。公司拥有专业的策划团队，强大的销售团队和覆盖国内市场的营销网络；我们有严谨的工作态度，顽强的奋斗精神,客户至上的服务理念。把创新作为发展的源动力，不断推陈出新，打破传统的销售模式。引进融合电子商务网络营销、移动互联网等，并结合线上线下的创新销售模式，在医药卫生健康行业开辟一片新的天地。员工福利：1、外地员工提供住宿；2、工作时间：周一至周五；3、员工参加公司季度活动和旅游；5、节庆礼品、员工生日礼品；6、享受国家规定的养老、医疗、失业、生育、工伤保险；7、有竞争力的薪酬及福利；欢迎了解我们：http://www.huij.co如果你足够自信，足够优秀，欢迎加入我们：请准备好你的简历、学历复印件、身份证复印件、照片。1、电邮给我们zhaopin@huij.co2、邮寄给我们：浙江省杭州市文一西路1818-2号人工智能小镇8幢404室（邮编：310012)","https://www.zhaopin.com/jobdetail/CC273756884J90250051000.htm?refcode=4019&srccode=401901&preactionid=a7c1140f-c46c-45e5-b867-ab342d8bdc77"
1140,Java,台州-临海市,1.5-2万,外企德科,"人力资源服务,咨询服务",1000-9999人,不需要融资,CC138117190J40794399305,岗位内容： 1. 负责Java应用程序的设计与开发，包括需求分析、系统设计、编码和测试等环节。 2. 研究新技术，不断提升开发效率和程序性能。 3. 改进现有系统、优化系统资源，提高系统稳定性和可靠性。 4. 参与团队内部培训、交流与分享会议，促进整个团队技术水平的提升。 任职要求： 1. 熟悉Java语言，熟练掌握Spring框架及相关开源技术。 2. 具备扎实的计算机基础，熟悉数据结构、算法和网络编程等知识点。 3. 具备初步的Web开发经验，熟悉HTML、CSS、JavaScript等前端技术。 4. 具有较强的自学能力、问题解决能力和团队协作能力。,2025-07-27 00:19:21,"北京外企德科人力资源服务上海有限公司（FESCO Adecco）：官方网站：http://www.fescoadecco.com/北京外企德科人力资源服务上海有限公司(外企德科 FESCO Adecco)是值得客户信赖的人力资源解决方案提供商和全球合作伙伴，是中国人力资源服务行业最具竞争力和品牌价值的FESCO（北京外企服务集团）与全球人力资源服务行业领航者The Adecco Group（德科集团）于2010年成立的一家中外合资人力资源服务企业，为企业及个人提供业务外包、人事服务、招聘猎头和员工福利等人力资源解决方案。目前，FESCO Adecco在浙江、陕西、重庆、深圳、苏州设立了分支机构，全国服务人数超过200万名，服务客户超20,000家。","https://www.zhaopin.com/jobdetail/CC138117190J40794399305.htm?refcode=4019&srccode=401901&preactionid=a7c1140f-c46c-45e5-b867-ab342d8bdc77"
1141,技术支持工程师,北京-海淀区,1-2万,北京安洲科技有限公司,"仪器仪表制造,贸易/进出口,租赁服务",20-99人,不需要融资,CC162613620J40525762705,一、职位描述 1、负责遥感技术应用领域的拓展，为用户提供精准的应用解决方案。 2、与科研团队紧密合作，为用户提供实验设计、数据分析等技术支持。 3、学术会议及技术交流会的发表演讲，品牌宣传，积极推进技术交流。 4、产品资料与应用文献的管理、完善及更新；提升团队专业技能，拓展应用领域。 二、职位要求 1、遥感、摄影测量、环境遥感、地理信息、农林植物地质气象科学等专业硕士以上学历，具有高光谱遥感技术及应用研究经验的优先。 2、良好的英文听说读写能力，在国际知名期刊发表文献经验的优先。 3、热爱遥感技术及应用，具备良好的沟通表达能力，富有工作热情及合作精神。 三、职位福利 全勤奖、餐补、五险一金、交通补助、生日福利、节日福利、周末双休,7月28日,北京安洲科技有限公司作为一家专业的高光谱观测系统供应商，主要致力于环境生态遥感、大气科学、成像光谱仪、目标光谱特性、材料表面光学特性和表面光学特征等方面国外先进仪器的引进和推广，我们一贯坚持“质量第一，服务至上”的经营方针，积极为国内用户提供以上仪器技术咨询、方案设计、客户系统化集成、仪器设备调试安装等各类优质服务。凭借着我们专业而周到的服务，极具竞争力的价格，在市场赢得广泛的赞誉。我们公司的主要产品有德国Cubert公司显微、机载、实时、水下等高速成像光谱仪，美国SOC的显微、机载、精准高光谱成像光谱仪，美国SEI的全波段地物光谱仪，便携式光纤光谱仪以及光谱测量仪。这些高端科研仪器被广泛应用于大气科学、农业、林业、航空、军事、太阳能、节能建筑、生命科学、遥感科学和工业等领域的监测与科研。其中SOC710便携式可见近红外成像光谱仪更是被国家农业部学科群批量采购项目多次选中。公司具有一支由实力雄厚的科研技术人员组成的团队，公司自成立以来先后为中国科学院、中国森林生态系统研究网络（CFERN）、中科院知识创新工程、农业部“948”项目、农业部专项研究中心、水利部“948”项目、国家“973”项目、国家“863”项目、全国高校的“211”工程和“985”项目、中国环境科学院、环境监测站、国家气象局等提供技术咨询、仪器设备和集成系统。安洲科技愿以专业的精神、诚信的态度为国内相关研究领域科研的专家提供细致周到的服务。,"https://www.zhaopin.com/jobdetail/CC162613620J40525762705.htm?refcode=4019&srccode=401901&preactionid=a7c1140f-c46c-45e5-b867-ab342d8bdc77"
1142,测试工程师,宿迁-泗洪县,5000-7000元,天阳科技,"计算机软件,计算机软件",1000-9999人,已上市,CC120408370J40824185208,1.全国项目驻场测试，主要负责功能、数据或接口等相关测试工作； 2.统招本科学历及以上（学信网可查）；毕业满2年；计算机专业优先； 3.热爱软件测试行业、有强力的自驱力，能够在测试岗位深入学习研究； 4.有无经验均可，服从公司安排，接受公司培养，可接受异地工作优先； 福利待遇： 上市公司，公司可以提供住宿，提供五险一金； 欢迎符合要求的小伙伴们投递~,7月18日,天阳科技(股票代码：300872)，是全球金融创新服务的重要贡献者，持续赋能中国金融行业数字化转型，为客户提供咨询、金融科技产品、金融IT服务、云计算及运营服务。公司成立于2003年，服务超过300家金融行业客户，覆盖中央银行、政策性银行、国有银行、股份制银行、地方性商业银行、非银行金融机构等，员工人数近7000人，成为激活金融领域创新活力、推动金融科技迈入世界领先水平的重要力量。作为金融行业客户可信赖的合作伙伴，天阳科技凭借丰富的行业经验和端到端的专业服务，在信创、数字化金融、信贷、交易银行、信用卡、零售、营销、风险管理、征信监管等众多领域具备核心竞争力。据赛迪和IDC报告显示，近年来公司在中国银行业IT解决方案市场排名强势崛起，2019年收入及市场占有率综合排名分别位列第四位和第五位，并保持高速增长。同时，前瞻商业和科技趋势，入选2021年度未来银行科技服务商TOP100。天阳科技始终聚焦金融科技领域，加大自主创新力度，在超过100个城市建立本地化、专业化的研发和服务团队，拥有CMMI5级认证、软件测试成熟度模型集成（TMMi）3级认证、ISO9001质量管理体系认证、ISO20000信息技术服务管理体系认证、IS027001信息安全管理体系认证。通过部署人工智能、云计算、大数据、移动互联网、分布式计算和区块链等先进金融科技，公司致力于构建安全可控、普惠民生、开放共赢格局，在关键技术领域服务现代化金融发展大局，更好地为各利益相关方创造更大价值，为大中企业、小微企业以及每个个体提供优质金融服务。,"https://www.zhaopin.com/jobdetail/CC120408370J40824185208.htm?refcode=4019&srccode=401901&preactionid=a7c1140f-c46c-45e5-b867-ab342d8bdc77"
1143,Java,大连-甘井子区,4000-7000元,辽宁省大连市世骥计算机软件开发有限公司,计算机软件,100-299人,,CCL1479551530J40625592615,任职要求：,5月5日,,"https://www.zhaopin.com/jobdetail/CCL1479551530J40625592615.htm?refcode=4019&srccode=401901&preactionid=a7c1140f-c46c-45e5-b867-ab342d8bdc77"
1144,技术支持工程师,上海-浦东新区,8000-10000元·15薪,英创人才服务(上海)有限公司,"人力资源服务,电子/半导体/集成电路,电气机械/电力设备,工业自动化",100-299人,不需要融资,CC143661450J40755435013,1. [现场]上海周边客户的现场支持服务，如设备的安装调试，故障的检修，改造等，设备相关业务；,7月7日,PERSOLKELLY是亚太地区最大的人力资源公司品牌之一，为客户提供全方位的人力资源解决方案。总部位于新加坡的PERSOLKELLY成立于2016年，在 13个国家和地区设有超过45个办事处，将更好的协助您引进海外人才和拓展海外市场。我们将继续秉持“实现员工与企业共成长”的理念，一如既往的为客户提供一站式人力资源服务。这些都标志着PERSOLKELLY正在竭力为客户打造一个世界领先的对接平台，使客户可以顺利获得世界一流的人才招聘和人事劳务咨询服务。PERSOLKELLY英创人才将一如既往地向每一位候选人提供一对一服务以及职业生涯指导作为特色，我们一直致力于协助求职者的职业发展，所有面向求职者的职业访谈，职业规划，面试辅导，简历指导都是免费提供。PERSOLKELLY英创人才拥有12000家以上的客户，57万名以上登陆者，以及每年超过1万件以上的海量招聘职位。在提供人才服务的同时，公司内还拥有丰富的培训经验的讲师团队。,"https://www.zhaopin.com/jobdetail/CC143661450J40755435013.htm?refcode=4019&srccode=401901&preactionid=a7c1140f-c46c-45e5-b867-ab342d8bdc77"
1145,Java,广州-黄埔区,8000-16000元,广东旭诚科技有限公司,"计算机软件,IT服务,环保",100-299人,未融资,CC325430430J40671644206,岗位职责： 1、参与公司核心业务系统的设计与开发，基于Spring Cloud微服务架构实现高并发、高可用解决方案；,6月20日,广东旭诚科技有限公司是一家环境智能感知与知识服务关键技术研发及应用的创新型高新技术企业，通过传感器、物联网、人工智能、大数据等技术，为客户提供生态环境监测、环境污染综合防治、智慧环保大数据与综合应用等业务的整体解决方案与决策咨询服务。旭诚科技以新形势下环境保护需求为导向，聚焦环保信息化技术领域，研发高性价比技术和产品满足环保部门和企业需求，为打好蓝天碧水保卫战贡献力量。旭诚科技众志成城，不断创新，在推动产业发展的同时，强调“诚实守信、共创共享”，弘扬旭诚人的精神——让“天更蓝，水更清，为我们的环境做点事”，为中国环保事业贡献出更多的力量！,"https://www.zhaopin.com/jobdetail/CC325430430J40671644206.htm?refcode=4019&srccode=401901&preactionid=a7c1140f-c46c-45e5-b867-ab342d8bdc77"
1146,软件测试,昆明-呈贡区,5000-7000元,天阳科技,"计算机软件,计算机软件",1000-9999人,已上市,CC120408370J40606419408,1.全国项目驻场测试，主要负责功能、数据或接口等相关测试工作； 2.统招本科学历及以上（学信网可查）；毕业满2年；计算机专业优先； 3.热爱软件测试行业、有强力的自驱力，能够在测试岗位深入学习研究； 4.有无经验均可，服从公司安排，接受公司培养，可接受异地工作优先； 福利待遇： 上市公司、公司可提供住宿、定期体检、带薪年假； 欢迎符合要求的小伙伴们投递~,7月26日,天阳科技(股票代码：300872)，是全球金融创新服务的重要贡献者，持续赋能中国金融行业数字化转型，为客户提供咨询、金融科技产品、金融IT服务、云计算及运营服务。公司成立于2003年，服务超过300家金融行业客户，覆盖中央银行、政策性银行、国有银行、股份制银行、地方性商业银行、非银行金融机构等，员工人数近7000人，成为激活金融领域创新活力、推动金融科技迈入世界领先水平的重要力量。作为金融行业客户可信赖的合作伙伴，天阳科技凭借丰富的行业经验和端到端的专业服务，在信创、数字化金融、信贷、交易银行、信用卡、零售、营销、风险管理、征信监管等众多领域具备核心竞争力。据赛迪和IDC报告显示，近年来公司在中国银行业IT解决方案市场排名强势崛起，2019年收入及市场占有率综合排名分别位列第四位和第五位，并保持高速增长。同时，前瞻商业和科技趋势，入选2021年度未来银行科技服务商TOP100。天阳科技始终聚焦金融科技领域，加大自主创新力度，在超过100个城市建立本地化、专业化的研发和服务团队，拥有CMMI5级认证、软件测试成熟度模型集成（TMMi）3级认证、ISO9001质量管理体系认证、ISO20000信息技术服务管理体系认证、IS027001信息安全管理体系认证。通过部署人工智能、云计算、大数据、移动互联网、分布式计算和区块链等先进金融科技，公司致力于构建安全可控、普惠民生、开放共赢格局，在关键技术领域服务现代化金融发展大局，更好地为各利益相关方创造更大价值，为大中企业、小微企业以及每个个体提供优质金融服务。,"https://www.zhaopin.com/jobdetail/CC120408370J40606419408.htm?refcode=4019&srccode=401901&preactionid=a7c1140f-c46c-45e5-b867-ab342d8bdc77"
1147,Java,深圳-龙岗区,1.3-2.5万·14薪,外企德科数字技术有限公司,专业技术服务,10000人以上,,CCL1480117890J40789621205,任职要求: 1、热爱编程，基础扎实，熟悉掌握但不限JAVA/C++/C/Python/JS/HTML/ 等编程语言中的一种或数种，有良好的编程习惯; 2、具备独立工作能力和解决问题的能力、善于沟通，乐于合作，热衷新技术，善于总结分享，喜欢动手实践; 3、对数据结构 算法有一定了解。,2025-07-27 00:25:43,外企德科数字技术有限公司是一家2023年新成立的中外合资企业。成立于2023年11月24日，公司定位：专注于为信息技术企业提供人才及数字技术外包解决方案的中外合资企业。它是由中国人力资源服务行业的FESCO（北京国际人力资本集团）与全球人力资源服务领导者The Adecco Group（德科集团）合资成立的。公司主要提供网络技术服务、软件外包服务、计算机系统服务、技术进出口、软件开发等信息技术相关服务。专注于为信息技术企业提供信息技术类人才及数字技术外包解决方案。,"https://www.zhaopin.com/jobdetail/CCL1480117890J40789621205.htm?refcode=4019&srccode=401901&preactionid=a7c1140f-c46c-45e5-b867-ab342d8bdc77"
1148,软件测试,重庆-渝北区,7000-10000元,重庆科满福人力资源服务有限公司,企业服务,20-99人,,CCL1487604860J40922145804,【岗位职责】： 1、软件测试岗位职责  2、接受测试任务，进行需求分析 3、按照测试计划搭建测试环境，并保证测试环境的可靠性 4、按照测试计划编亏测试用例，保证测试用例合理有效 5、按照测试用例执行测试，及时发现缺陷，并使用工具进行管理缺陷 6、编写和提交测试报告，保证测试进度按计划完成 7、参与审核其他测试工程师的测试用例和报告 8、学习公司已有方案和推广使用新的测试技术和工具 ,6月28日,,"https://www.zhaopin.com/jobdetail/CCL1487604860J40922145804.htm?refcode=4019&srccode=401901&preactionid=a7c1140f-c46c-45e5-b867-ab342d8bdc77"
1149,硬件测试,广州-黄埔区,5000-6000元,广州市纬桐晟安科技有限公司,"电子设备制造,电子/半导体/集成电路",20-99人,未融资,CCL1259267760J40803984503,【岗位职责】1）熟悉产品原理及产品应用，思维逻辑清晰，能否清楚讲解及解答客户疑问；  2）调试、测试、试验过程出现不良品及时解决，无法解决的技术问题及时向上级领导反馈，便于帮助解决；   3）与项目经理、现场安装人员协作，及时反馈工艺调试和设备调试情况；,7月22日,广州市纬桐晟安科技有限公司是专业从事光纤传感技术研发、生产、销售、方案设计和工程施工督导等一体化服务的科技型技术企业，公司核心团队拥有十年以上的项目从业经验，主营业务集中于电力电厂，公路隧道，综合管廊，石油化工，地下轨道交通，大型楼宇等基础设施领域的消防安全系统建设。近年来，党中央、国务院高度重视新型基础设施建设，公司团队坚持产品驱动，技术驱动的战略方针，抓住”新基建“带来的机遇和挑战，不断突破，将公司产品和服务带到全国各地，获得各界一致好评。2019年开始，公司团队全力打造智能绿色、助力数字经济的一体化平台。再次以纬桐科技脱颖而出。公司团队同时享有”晟安测控“品牌的技术共享、销售、服务等全面的支配权和使用权，既是一个全新品牌公司，也是一个有着多年技术和项目沉淀的成熟品牌的公司。加入我们，您将拥有以下福利和进修的机会1高于同行平均水平酬薪待遇；2获得全国各地短期出差的机会，拓展你的眼光和见识。3与创业团队一起奋斗，有机会获得丰厚股权回报4公司快速发展带来的发展红利。公司坐落于环境优美的园区玉树工业园，毗邻广州地铁21号线神舟路地铁站，交通方便。我们为员工购买五险一金并补充购买团体险，员工享有周末双休，国家法定节假日及带薪年假、产假、婚假、病假等。我们同时提供丰富的员工福利：不定期聚餐、团队活动，节日礼品礼金，年终奖金等。我们诚挚欢迎各路精英加入我们的优秀团队！电话：020-82002499地址：广州市黄埔区科学城玉树工业园敬业三街7号D栋404房,"https://www.zhaopin.com/jobdetail/CCL1259267760J40803984503.htm?refcode=4019&srccode=401901&preactionid=a7c1140f-c46c-45e5-b867-ab342d8bdc77"
1150,测试工程师,银川-兴庆区,1-1.2万·13薪,青岛瑞晟元人力资源有限公司,人力资源服务,20人以下,不需要融资,CCL1431271280J40777131107,,2025年07月28日,,"https://www.zhaopin.com/jobdetail/CCL1431271280J40777131107.htm?refcode=4019&srccode=401901&preactionid=a7c1140f-c46c-45e5-b867-ab342d8bdc77"
1151,测试工程师,长沙-开福区,1-1.2万·13薪,青岛瑞晟元人力资源有限公司,人力资源服务,20人以下,不需要融资,CCL1431271280J40777975107,岗位职责： 1. 负责软件的功能测试。 2. 执行测试用例，报告缺陷并跟踪缺陷的修复。 3. 与开发团队协作，确保软件质量满足需求。 4. 参与软件测试流程的优化和改进。 岗位要求： 1. 熟悉软件测试理论、方法和流程。 2. 具备功能测试经验。 3. 了解运维工程师、网络工程师的工作内容，能进行基本的IT质量管理。 4. 有信息技术、标准化、电子或电路工程相关背景者优先。 薪资待遇：包住、六险一金、工龄工资、生日礼金、定期体检、带薪年假、绩效奖、项目奖、年终奖.,2025年07月29日,,"https://www.zhaopin.com/jobdetail/CCL1431271280J40777975107.htm?refcode=4019&srccode=401901&preactionid=a7c1140f-c46c-45e5-b867-ab342d8bdc77"
1152,Java,南京-雨花台区,1.5-3万·14薪,外企德科数字技术有限公司,专业技术服务,10000人以上,,CCL1480117890J40624519905,1.有扎实的Java基础，JVM、Java多线程; 2.熟悉springMVC开发模式； 3.熟悉工作流及集成接口对接实现方式； 4.使用过或想要学习 springboot开发，spring cloud微服务治理框架； 5.熟悉SQL脚本编写，有良好的SQL编码习惯，有SQL调优经验优先； 6、熟悉主流Java开源应用框架，如Spring等； 7、熟悉关系型数据库MySQL、Oracle等； 8、熟悉Docker、kubernetes等技术； 9、有分布式系统的设计和应用经验，熟悉分布式、缓存、消息、负载均衡等机制和实现者优先考虑； 10、熟悉Linux操作系统，熟悉常用的系统命令及系统配置； 以上要求满足2-3条即可，不同项目具体要求不一样，欢迎投递。,2025-07-27 00:23:23,外企德科数字技术有限公司是一家2023年新成立的中外合资企业。成立于2023年11月24日，公司定位：专注于为信息技术企业提供人才及数字技术外包解决方案的中外合资企业。它是由中国人力资源服务行业的FESCO（北京国际人力资本集团）与全球人力资源服务领导者The Adecco Group（德科集团）合资成立的。公司主要提供网络技术服务、软件外包服务、计算机系统服务、技术进出口、软件开发等信息技术相关服务。专注于为信息技术企业提供信息技术类人才及数字技术外包解决方案。,"https://www.zhaopin.com/jobdetail/CCL1480117890J40624519905.htm?refcode=4019&srccode=401901&preactionid=a7c1140f-c46c-45e5-b867-ab342d8bdc77"
1153,C/C++,苏州-None,1.3-2.6万·14薪,外企德科数字技术有限公司,专业技术服务,10000人以上,,CCL1480117890J40707752705,华为社招OD 【招聘岗位】 开发、测试、前端、算法、数开、运维工程师岗位--欢迎投递！ 注：机考通过后、根据候选人意向岗位/城市与需求部门做匹配--先业务方向沟通，候选人OK了再安排后续面试--入职（多部门/多城市可选)； 【岗位要求】 1. 统全本科，可接受应届、考研断档、 0 经验； 2. 掌握任意一种 或多种 编程语言：Java/C/C++/C#/Python/Go/JavaScript等；能通过机考； 【福利待遇】 1、5天8小时，双休制，偶尔加班（根据项目进度来定）； 2、全额五险一金++周末加班2倍工资（周末加班不强制，看个人意愿）+年终奖(由部门/个人绩效定）； 3、大厂待遇，项目稳定，个人瓶颈期可申请挑战新项目，晋升空间广，办公环境高大上; 4、节日福利++生日会++年度免费体检++公司内部健康驿站++带薪年假 5、每年一次调薪调职机会； 【入职城市】可选： 深圳、东莞、成都、西安、上海，杭州、苏州、南京、武汉、长沙、北京等 【业务领域】可选： 消费者终端、智能汽车、芯片设计、前沿技术预研、通信、云计算、AI/人工智能、政企服务等,2025-07-27 00:23:26,外企德科数字技术有限公司是一家2023年新成立的中外合资企业。成立于2023年11月24日，公司定位：专注于为信息技术企业提供人才及数字技术外包解决方案的中外合资企业。它是由中国人力资源服务行业的FESCO（北京国际人力资本集团）与全球人力资源服务领导者The Adecco Group（德科集团）合资成立的。公司主要提供网络技术服务、软件外包服务、计算机系统服务、技术进出口、软件开发等信息技术相关服务。专注于为信息技术企业提供信息技术类人才及数字技术外包解决方案。,"https://www.zhaopin.com/jobdetail/CCL1480117890J40707752705.htm?refcode=4019&srccode=401901&preactionid=a7c1140f-c46c-45e5-b867-ab342d8bdc77"
1154,科研人员,成都-武侯区,7000-9000元,武汉中科瑞华生态科技股份有限公司,"环保,农/林/牧/渔,学术/科研",500-999人,未融资,CC265658330J40763806910,岗位职责:,7月7日,武汉中科瑞华生态科技股份有限公司（以下简称“中科生态”、“公司”）是一家专注于水生态保护与修复的高新技术企业，主要从事生物保护、生态修复、生态装备和生态产业等业务。目前，公司已成为国内集生态科研设计、生态装备研制和生态大数据平台为一体的生态环境修复细分龙头企业。,"https://www.zhaopin.com/jobdetail/CC265658330J40763806910.htm?refcode=4019&srccode=401901&preactionid=a7c1140f-c46c-45e5-b867-ab342d8bdc77"
1155,Java,西安-雁塔区,1.6-3万·14薪,外企德科数字技术有限公司,专业技术服务,10000人以上,,CCL1480117890J40781772405,欢迎有能力的你，想学习技术的你，加入我们！  【注】考公、考研等未就业者，转行等无工作经验者，均可参加面试，且面试通过后入职。  通用要求：  1.熟悉Java/C/C++/Python等其中一种语言，具备良好的算法和编程能力。  2.熟悉Spring、Spring Boot 、Spring Cloud等各种开源框架。  3.熟悉Mysql、Oracle等数据库。  4.熟悉Devops，熟悉Docker，熟悉Kubernetes等。  面试方向：  软件开发、测试开发、数据、运维、算法、AI相关、鸿蒙开发、云计算开发、分布式开发等等等等等等等（多种方向选择，欢迎小窗沟通） 岗位福利：  1.入职缴纳五险一金，试用期薪资不打折，薪资结构透明，绩效奖金，带薪年假，加班补助。  2.平台大，稳定性强，基本盘稳，抗风险能力优于频繁裁员的公司。  3.科研大佬带队，接触前沿科技，提升核心竞争力。 base：  目前北京、上海、深圳、东莞、苏州、杭州、西安、成都、南京、武汉、长沙、济南等多地招聘的。,2025-07-27 00:25:09,外企德科数字技术有限公司是一家2023年新成立的中外合资企业。成立于2023年11月24日，公司定位：专注于为信息技术企业提供人才及数字技术外包解决方案的中外合资企业。它是由中国人力资源服务行业的FESCO（北京国际人力资本集团）与全球人力资源服务领导者The Adecco Group（德科集团）合资成立的。公司主要提供网络技术服务、软件外包服务、计算机系统服务、技术进出口、软件开发等信息技术相关服务。专注于为信息技术企业提供信息技术类人才及数字技术外包解决方案。,"https://www.zhaopin.com/jobdetail/CCL1480117890J40781772405.htm?refcode=4019&srccode=401901&preactionid=a7c1140f-c46c-45e5-b867-ab342d8bdc77"
1156,测试工程师,上海-嘉定区,100-150元/天,上海腾洲建设集团股份有限公司,"工程施工,装饰装修,电力/水利/热力/燃气,工程技术与设计服务",100-299人,未融资,CC402706220J40742476202,,5月22日,上海腾洲建设集团股份有限公司（以下简称“腾洲建设”）坐落于东海之滨、浦江之畔，是上海市施工总承包十大领军企业之一，拥有“AAA级重合同守信用企业”、“上海市价格诚信单位”、“嘉定区建筑业协会会长单位”、“安亭镇商会会长单位”、“上海市水利协会理事单位”等社会美誉评价和市场信誉认同。“腾洲建设”起步于2011年，由上海腾洲工程建设管理有限公司发展而来，下辖上海腾洲环保工程有限公司、盐城市腾洲建筑劳务有限公司、江苏美然贸易有限公司、江苏水云涧生态旅游有限公司等四个子公司，构建了比较完备的产业价值链和市场体系。“腾洲建设”在参与国家建设、服务社会发展过程中，综合实力和市场竞争力获得了长足进步，拥有国家颁发的市政公用工程施工总承包一级、房屋建筑工程总承包一级、港口与航道工程施工总承包二级、水利水电工程施工总承包二级、地基基础工程专业承包二级、建筑装修装饰工程专业承包二级等企业资质，打造了诸多领域、不同专业独特的市场影响力和核心竞争力。“腾洲建设”立足于长三角，并首先在上海、江苏开疆拓土，逐步向全国市场进军，于2015年跻身于10亿级企业俱乐部，迈上了持续快速发展的第一个台阶，2017年业务总量达到15亿元新的高度，仅2016年、2017年纳税总额分别超过2000万和2500万元，企业以强烈的社会责任感，为国家经济社会发展作出了卓越的贡献。“腾洲建设”人才济济、翘楚云集，现有员工180余人，其中大学本科学历占比75.6%，大多拥有同济大学、河海大学、扬州大学等高等学府的教育背景和专业造诣，在专业职称分布上，一级建造师21人，二级建造师26人，高级工程师16人，工程师40人，技术人员62人。“腾洲建设”的发展得益于国家的改革开放和总体发展，得益于各级政府和主管部门的指导与帮助，得益于业主和客户的信赖与呵护，也得益于全体“腾洲”人的奋斗与拼搏。在今后的发展中，我们要紧跟国家战略，遵从行业规范，服务业主（客户）需求，以国家发展和市场需求为导向，主要从三个方向上进行布局和拓展：其一，以水利水电、港口与航道、市政公用工程为主营业务，加快资质升级和业务布局。其二，积极拓展环保业务，以新能源（生活垃圾、污泥环保再生煤）配套发电项目为龙头，寻求多方位发展，并为企业未来上市做好准备。其三，以多元合作、品牌经营的模式，开拓生态旅游、投资等行业，把企业做精、做强、做大。我们将以习近平新时代中国特色社会主义思想为引领，坚决贯彻落实“五大”发展理念，以高效率的运行、高质量的发展、高水平的成果，帮助业主（客户）发现价值、实现价值和价值增值，在互利共赢中实现“腾洲建设”的跨越式发展，把“腾洲建设”打造成为具有良好社会声誉和市场信誉的一流企业集团。,"https://www.zhaopin.com/jobdetail/CC402706220J40742476202.htm?refcode=4019&srccode=401901&preactionid=a7c1140f-c46c-45e5-b867-ab342d8bdc77"
1157,测试工程师,杭州-None,2.5-4.5万,字节跳动,互联网,10000人以上,,CC469217510J40652887201,岗位职责： 1、支持生活服务SaaS和小程序链路的客户对接过程中的集成验证工具，线上问题排查工具开发，提升链路整体效率； 2、支持SaaS服务商基础信息管理、风险管理等管理后台开发，在线化管理SaaS服务商的各维度信息，并提供对应数据和服务； 3、支持生活服务技术支持团队的数据需求开发，方便技术支持团队分析和挖掘产品优化、技术优化类问题。 任职要求： 1、至少熟悉一门Java/Go/C++等后端开发语言，掌握Python/Shell等脚本语言； 2、熟悉MySQL数据库、消息处理机制、缓存相关技术； 3、有技术追求，能自驱保持技术学习，持续提升自己开发能力； 4、具备业务系统或者研发效能工具平台经验者优先。,7月11日,"字节跳动成立于2012年3月，公司使命为“Inspire Creativity, Enrich Life（激发创造，丰富生活）”。公司业务覆盖150个国家和地区，拥有15万名员工。字节跳动在全球推出了多款有影响力的产品，包括今日头条、抖音、西瓜视频、飞书、Lark、PICO、剪映、TikTok等。截至2021年6月，字节跳动旗下产品全球月活跃用户数超过19亿。","https://www.zhaopin.com/jobdetail/CC469217510J40652887201.htm?refcode=4019&srccode=401901&preactionid=a7c1140f-c46c-45e5-b867-ab342d8bdc77"
1158,科研人员,苏州-虎丘区,7000-14000元,苏州木芮生物科技有限公司,"学术/科研,专业技术服务",20-99人,未融资,CC634402380J40593881402,1.  熟练掌握病原微生物的复苏， 保菌， 以及菌种鉴定； 2. 熟练掌握微生物的基因敲除， 分子克隆技术， 以及相关的分子生物学基础；,5月23日,苏州木芮生物科技有限公司（木芮生物）成立于2018年，位于美丽且具有活力的苏州工业园区。木芮生物以斑马鱼为模式生物提供基础科研服务，斑马鱼实验操作试剂盒，斑马鱼临床疾病模型，以及斑马鱼应用转化的高科技公司。木芮生物以斑马鱼为模式生物，建立临床的疾病模型，探索疾病发生的深层次机制，进而为临床治疗提供可能的方案或者药物。到现在为止，木芮生物已经建立起包括遗传，行为，细胞，生化分子等斑马鱼相关成熟的技术，并且依托这些技术成功将把斑马鱼应用到基础科研，毒理测试，癌症药物筛选，中药药效成分筛选，保健品开发和功效评价。​到目前为止，木芮生物已经获得“国家高新技术企业”称号，已经与江苏省产业研究院，苏州纳米应用技术研究所合作建立“模式生物技术与应用研发中心”，并且在2021年木芮生物获得“园区成长领军企业”称号。,"https://www.zhaopin.com/jobdetail/CC634402380J40593881402.htm?refcode=4019&srccode=401901&preactionid=a7c1140f-c46c-45e5-b867-ab342d8bdc77"
1159,技术支持工程师,北京-大兴区,1.2-2万,北京华威中仪科技有限公司,"贸易/进出口,学术/科研,科学技术推广,专业技术服务",20-99人,未融资,CC240153110J40206918709,职位介绍：  1、负责对高校、科研院所、医疗系统的的售前技术宣讲，DEMO展示，支持产品经理工作；,7月21日,TISSUEGNOSTICS公司（简称TG公司）成立于2003年，总部位于奥地利维也纳。 TissueGnostics Asia Pacific Limited（TG亚太分公司）成立于2014年，主要负责TG产品在亚太区域的市场推广及技术服务。 TG公司的TissueFAXS Cytometry技术不仅实现了基础的形态学定量分析，而且在大数据定量分析功能方面通过多种参数对样本的空间分布位置进行精准大数据获取，为精准医疗在组织形态学评估方面的研究提供新思路。产品系列：全景组织细胞定量分析系统--全景大样本免疫组化、免疫荧光分析平台。全景组织细胞定量多光谱分析系统--全景大样本免疫组化、免疫荧光、多光谱成像分析平台，提供全新一代10+1肿瘤免疫微环境多色解决方案。 2D/3D多维全景组织成像定量分析系统--多维度高分辨共聚焦成像定量分析平台。,"https://www.zhaopin.com/jobdetail/CC240153110J40206918709.htm?refcode=4019&srccode=401901&preactionid=a7c1140f-c46c-45e5-b867-ab342d8bdc77"
1160,前端开发,新乡-长垣市,5000-8000元,河南驼人医疗器械集团有限公司,"医疗设备/器械,仪器仪表制造,金属制品业,医药制造",1000-9999人,未融资,CC561961320J40756558309,岗位职责： 1、根据需求，设计开发编写Web前端页面的相关代码。 2、参与方案设计，提出建议。 3、把握行业趋势，提出创新技术及策略，参与部门技术规划。 4、关注用户体验，站在用户角度思考，优化设计。 5、对新人进行相关知识的专业培训，指导和带领新人参与项目。 6、完成上级安排的临时性任务。 任职要求： 1、有良好的Web前端编程能力和编程习惯，对服务端接口开发有一定理解； 2、熟练操作常用办公软件、研发流程、相关专业技能； 3、精通HTML，JavaScript，jQuery，CSS，对Vue、Node、React等前端框架有深入了解，熟悉HTML5、CSS3； 4、本科及以上学历，计算机或软件类专业；一年以上工作经验者优先。,7月18日,驼人控股集团始建于1993年，，现已发展成为一家集研发、生产、销售、服务、文化于一体，专业从事麻醉、疼痛、护理、检测、血液净化、微创介入、外科、电子智能等一次性医疗器械生产经营的现代化企业集团。集团拥有55家子公司，其中生产企业5家、经营企业6家、研发企业1家、合资企业7家，并在全国32个省份设有销售子公司。集团现有4个生产基地，一个研究院，总占地面积690亩；有员工5000余人，并安排残疾职工近500人。是国家高新技术企业、8个国家行业标准起草单位，荣获“质量标杆企业”“全国工业品牌示范企业”“河南省首批创新龙头企业”“河南省制造业创新中心”等国家及省级荣誉60余项。2018年，集团实现销售收入42.5亿元，同比增长21%；缴税3.2亿多，长垣实现纳税1.4亿元。主导产品麻醉包中国市场占有率达48%，输注泵22%，中心静脉导管、气管插管、呼吸回路中国市场均销量第一，覆盖医院终端8000余家。产品远销40多个国家和地区，在欧洲、印度建有国际子公司。2018年长垣县委县政府依托驼人控股集团建设驼人医疗器械产业新城，产业新城规划总面积3.5平方公里，核心区占地1.2平方公里。主要以驼人控股集团为依托，以智能化制造、信息化建设和电子自动化为主要技术支撑，打造医疗器械中国著名集散基地，未来的驼人产业新城必将是一座创新之城、科技之城。,"https://www.zhaopin.com/jobdetail/CC561961320J40756558309.htm?refcode=4019&srccode=401901&preactionid=a7c1140f-c46c-45e5-b867-ab342d8bdc77"
1161,科研人员,北京-海淀区,1.5-2.5万,数字双碳科技(合肥)有限公司,"互联网,云计算/大数据",100-299人,A轮,CCL1389273080J40658896009,岗位职责： 1.火电机组系统建模仿真及测控技术研究； 2.储热、储电等储能技术与火电机组匹配设计及优化运行研究； 3.多能耦合优化调度研究； 4.火电厂燃烧优化、自动化控制； 5.负责项目所需各项文档、资料的撰写。 任职要求： 1.具有博士学位，热能工程、能源动力、工程热物理、建模仿真等相关专业； 2.品学兼优，身体健康，年龄在35周岁以下，获得博士学位的年限一般不超过3年； 3.具有2年以上相关行业研发经验。作为项目骨干参与过相关重大项目者优先； 4.优秀的沟通、表达能力和团队精神；具有良好的中、英文文献阅读、沟通和撰写科研论文的能力。,1月7日,数字双碳科技（合肥）有限公司坐落于安徽合肥国家级经济技术开发区智能科技园，拥有1400平米科研办公区，科技研发人员占比70%，由清华大学多位行业顶尖人才带队，与中国电建、中电投、清华大学、北京航空航天大学等10余家大型央企、大学开展长期合作。公司始终禀承赋能双碳目标，聚焦零碳中国的事业发展。公司业务致力于覆盖碳市场、数智化、低碳技术等垂直领域，服务各行各业建立内部“AI+碳”系统，研发经济可行的低碳技术，提供领先的碳中和解决方案。,"https://www.zhaopin.com/jobdetail/CCL1389273080J40658896009.htm?refcode=4019&srccode=401901&preactionid=a7c1140f-c46c-45e5-b867-ab342d8bdc77"
1162,Java,深圳-坪山区,1.1-1.5万·13薪,江西昇年网络科技有限公司,云计算/大数据,20-99人,未融资,CCL1492034350J40682501602,岗位内容： 1. 负责Java应用程序的设计与开发，包括需求分析、系统设计、编码和测试等环节。 2. 研究新技术，不断提升开发效率和程序性能。 3. 改进现有系统、优化系统资源，提高系统稳定性和可靠性。 4. 参与团队内部培训、交流与分享会议，促进整个团队技术水平的提升。 任职要求： 1. 熟悉Java语言，熟练掌握Spring框架及相关开源技术。 2. 具备扎实的计算机基础，熟悉数据结构、算法和网络编程等知识点。 3. 具备初步的Web开发经验，熟悉HTML、CSS、JavaScript等前端技术。 4. 具有较强的自学能力、问题解决能力和团队协作能力。 公司福利：五险 三节福利 生日礼物 全勤奖 年终奖 享受法定节假日,7月12日,我们是一家专注于计算机网络技术及计算机软硬件技术开发的企业。在经营范围方面，我们不仅涵盖计算机网络技术、计算机软硬件技术开发、技术服务、技术转让、技术咨询，还涉及市场营销策划、企业管理咨询、企业形象策划、电脑图文设计等多个领域。此外，公司还承办设计、制作、代理发布国内各类广告，并提供教育咨询服务（不含校外培训等教育培训业务），对教育业进行投资，引进新技术、新品种，开展技术交流和咨询服务等。,"https://www.zhaopin.com/jobdetail/CCL1492034350J40682501602.htm?refcode=4019&srccode=401901&preactionid=a7c1140f-c46c-45e5-b867-ab342d8bdc77"
1163,实施工程师,上海-静安区,1.4-2万,北京青钱信息技术有限公司,"计算机软件,互联网,IT服务,专业技术服务",500-999人,未融资,CC337626410J40735964310,"岗位职责：1、根据需求文档（英文）以及MASTER DATA(主数据)等信息配置，实施ONE NETWORK TMS系统上线和维护。 2、根据需求设计开发TMS系统集成相关程序。 3、根据TMS实施进度计划和任务分配，完成系统配置，系统集成开发，SIT，UAT支持, 生产环境部署，培训等任务。 4、及时解决用户测试和使用过程中出现的TMS程序相关问题。 5、编制项目文档，维护软件使其保持可用与稳定性。 6、完成领导安排的其它任务。  任职要求：1、计算机相关专业背景，本科及以上学历，5年及以上TMS实施开发相关工作经验。   2、有ONE NETWORK TMS系统和ORACLE TMS系统经验优先。   3、熟悉ETL系统集成工具Informatica, Confluent Kafka, Apache Airflow的使用优先。   4、熟悉MYSQL或MARIA 数据库开发。   5、有一定Python开发经验者。   6、做事严谨踏实，责任心强，条理清晰，善于学习总结，有良好的团队合作和沟通协调能力。   7、有较好的英语读写能力。（英文需求）",5月12日,基本情况北京青钱信息技术有限公司成立于2010年4月，位于北京市海淀区中关村核心区西区，是一家专业从事软件产品研发、IT人才外包、软件项目外包、软件定制开发及软件整体解决方案的高新技术企业。公司专注于人员外包服务，公司建立了成熟的外包服务团队、完善的外包服务流程和派驻现场的一大批优秀工程师队伍。服务行业涵盖互联网、电子商务、互联网金融、传统软件、能源、通信、金融等，为各行业提供优质的外包服务，并与客户建立了长期稳定的合作。青钱公司拥有一批专业的IT人才，包括：架构师、项目经理、java、需求分析师、.net、php、ios、Gis、C/c++、Android、UI设计、Web前端、测试等工程师，可以迅速的响应客户需求，具备软件人才外包交付的能力。企业文化：青钱公司核心价值观：明德、新民、至善。旨在：诚信经营、创新思路、承担社会责任。自成立以来始终秉承诚信第一、客户至上的经营宗旨，在公司经营过程中一致得到广大用户和合作单位的支持和认可。青钱以现代化的管理理念和专业的技术，为广大用户提供优质软件产品和人才服务，在行业内形成了良好的口碑！发展目标：青钱以起点高、效率高、服务好为目标，力争成为国内IT业里一流的软件产品供应和人才服务提供商，为客户提供一站式高品质的产品和服务。网址：www.qingqian.net电话：010-82483533,"https://www.zhaopin.com/jobdetail/CC337626410J40735964310.htm?refcode=4019&srccode=401901&preactionid=a7c1140f-c46c-45e5-b867-ab342d8bdc77"
1164,Java,济南-历下区,5000-8000元,山东五思信息科技有限公司,"计算机软件,IT服务",20-99人,不需要融资,CC613754720J40757069210,1、公司简介 五思科技深耕研究生教育信息化领域10年+，服务国内200+研究生高校，公司作风务实，技术驱动，重视服务，在教育行业内有极佳的口碑，欢迎做事认真负责，寻求平台实现个人价值的有志之士加入。 公司网址：www.sdwusi.com。 2、岗位职责 （1）参与公司自研软件产品设计研发工作。 （2）负责软件设计、软件研发工作。 3、任职要求 （1）有java开发经验。 （2）本科及以上学历，计算机相关专业。 4、岗位特色 （1）公司技术氛围浓厚。 （2）资深技术经理全程指导。 （3）无需驻场研发。 （4）办公地点位于济南高新区软件园。 （5）有明确的晋升路径：研发工程师-&gt;研发组长-&gt;研发经理-&gt;部门经理-&gt;技术总监。 5、岗位福利 （1）项目奖金。 （2）5险1金+商业补充保险。 （3）春节假期14天。 （4）端午、中秋、春节等重要节日发放礼品。 （5）生日礼物。,6月14日,山东五思信息科技有限公司成立于2013年，是一家专注于学位与研究生教育领域软件开发、系统集成、技术咨询服务的高科技企业，总部及研发基地设立于风景秀丽的济南市高新区齐鲁软件园。公司自成立以来，始终坚持以人才为本、诚信立业的经营原则，荟萃业界精英，为各高校提供全方位的教育管理解决方案，提高教学管理水平和工作效率。作为技术驱动型企业，公司技术力量雄厚，拥有一流的研发、销售、服务团队，业务覆盖国家、省、高校三级，用户遍布全国25个省（直辖市）的一百余家单位及重点高校，为国务院学位办、教育部学位中心、天津市学位办、MPA教指委、山东大学、天津大学、云南财经大学等100多家单位提供信息服务。目前公司累计为教育部学位中心建设完成了十六项***平台，公司自主研发的研究生管理系统、研究生学位论文评审平台、学位信息采集系统等高校软件产品系列大大提高了合作高校的研究生管理工作信息化水平，得到了广大用户的一致好评。公司力求为员工提供宽松、舒适的工作环境，积极鼓励个人创造力，充分尊重每个人的价值。公司提倡积极、乐观的工作态度；阳光、健康、融洽的工作氛围；务实、严谨、求真的工作作风；协作、分享的工作方式，共同成长，共同收获。,"https://www.zhaopin.com/jobdetail/CC613754720J40757069210.htm?refcode=4019&srccode=401901&preactionid=a7c1140f-c46c-45e5-b867-ab342d8bdc77"
1165,软件测试,天津-南开区,4000-6000元,天津市帝翼品牌设计有限公司,广告/营销,100-299人,,CCL1484996930J40807109604,职位描述 岗位内容： 1. 设计和执行测试用例，并记录测试结果。 2. 分析并报告软件缺陷，包括重现步骤、缺陷严重程度和影响范围。 3. 参与产品设计过程，提供测试建议和反馈。 4. 开发自动化测试脚本和工具。 5. 执行性能和负载测试的任务。 任职要求：1、有无经验均可，沟通能力强，能吃苦，抗压能力强； 2、无需经验，零基础者可带薪实习； 工作时间： 1、早9:30-晚5:30，中午午休1.5小时； 2、周末双休，国家法定节假日带薪休息； 福利待遇： 1、全勤奖、项目提成、考核奖金； 2、五险一金、带薪休假、节假日福利等； 3、公司提供宿舍； 4、舒适工作环境、丰富集体活动，定期团建、无需加班。 职位福利：五险一金、年底双薪、包吃、包住、绩效奖金、每年多次调薪、周末双休,7月1日,,"https://www.zhaopin.com/jobdetail/CCL1484996930J40807109604.htm?refcode=4019&srccode=401901&preactionid=a7c1140f-c46c-45e5-b867-ab342d8bdc77"
1166,硬件测试,成都-双流区,7000-11000元,北京津宇嘉信科技股份有限公司,"电子/半导体/集成电路,电气机械/电力设备,电力/水利/热力/燃气,仪器仪表制造",100-299人,未融资,CC120489050J40762076709,1：开关电源产品电性能测试（白盒测试、黑盒测试）。 2：开关电源产品EMC测试及环境测试。 3：开关电源产品相关软件功能和逻辑测试。 4：开关电源模块故障维修，撰写模块故障分析报告。 招聘条件： 1：电力电子/电气/自动化等相关专业，大专及以上学历。 2：熟悉AC/DC、DC/DC、DC/AC常用拓扑。能看懂电源主电路和控制电路原理图。 3：熟悉开关电源各种性能指标含义和测试方法。 4：会熟练使用示波器、点温计、耐压测试仪，绝缘测试仪、电能质量分析仪等仪器。 5：有嵌入式软件工作经验者优先。 6：善于沟通、服从工作安排，能够吃苦耐劳，接受临时加班和出差。,2025年07月30日,北京津宇嘉信科技股份有限公司（简称津宇嘉信），是一家专业从事电子信息产品研发、生产、销售和服务为一体的高新技术企业。目前拥有轨道交通信号电源供电系统、智能化电力操作直流电源系统、太阳能光伏发电系统及EPS（应急电源）产品等四大门类数十种知识产权自主化的成熟技术和成套定型产品。产品广泛应用于铁路、电网、石油、化工、公共建筑、政府机关、大型厂矿等领域，并出口日本、东南亚、非洲和拉美地区。公司在全国中小企业股票转让系统（新三版）挂牌，公司股票简称：津宇嘉信股票代码：430726。北京津宇嘉信科技股份有限公司以其高水准的技术设计平台、先进的管理保障体系，确保公司研发、生产和服务等全过程严格受控。公司通过ISO 9001:2008质量管理体系和ISO 14001：2004环境管理体系认证。目前，公司拥有电力电子技术、电力自动化控制、光伏逆变MPPT等专利技术50余项。在轨道交通信号电源系统领域，公司拥有全系列高频交流、直流稳压电源和变频器核心技术和产品，为国家铁路、城市轨道交通、城际铁路、铁路客运专线等广大用户提供成套电源供电系统一体化解决方案。我司铁路信号智能电源屏产品获得国家铁路局颁发的铁路运输安全设备生产企业认定证书（证书编号：REAC2010-00187）。公司总部位于北京经济技术开发区内（北京经济技术开发区科创十四街20号院10号楼4单元）。公司拥有长期从事信号电源研发、销售和服务的专业人员160余人，其中研究生、高级职称技术人员35人，相关专业本科学历人员90余人。公司建成了近万平米的现代化厂房，购置了多条电子装连生产流水线及成套智能化老炼筛选、检验测试设备，使电源模块年生产能力达10000台以上，成套电源设备年生产能力达到1000套以上。公司以“组织结构专业化、工作方式标准化、管理制度化、员工职业化”为管理模式，围绕“员工与企业共发展、企业与客户共发展”的经营理念，本着勇于创新，敢于拼搏的精神，经过不懈努力，依托可靠的产品质量、优质的售前、售后服务与广大用户真诚合作。在今后的发展道路中，公司将继续坚持诚信为本、信誉第一的原则服务社会、服务用户。我们真诚希望与您一起携手，精诚合作，共同铸就辉煌灿烂的明天。,"https://www.zhaopin.com/jobdetail/CC120489050J40762076709.htm?refcode=4019&srccode=401901&preactionid=a7c1140f-c46c-45e5-b867-ab342d8bdc77"
1167,软件测试,深圳-龙岗区,5000-6000元,深圳加华国际教育有限公司,计算机软件,100-299人,B轮,CCL1505828860J40931630004,任职资格 ： 1、大专及以上学历，专业不限，优秀者可放宽学历要求； 2、年龄20-26岁，男女不限； 3、有计算机简单操作基础，愿意深入计算机IT互联网行业发展并长期从事工作； 4、会使用日常办公软件，如word、excel、ppt等； 5、工作认真仔细，责任心强，能吃苦耐劳，具备一定的抗压能力； 6、协助游戏测试主管对游戏测试中出现的bug进行前期测试解决； 福利待遇： 1、公司提供公寓式住宿+餐补福利； 2、五天七小时工作制，朝九晚六，中午休息两小时，周末双休； 3、入职购买五险一金，享受国家规定的带薪年假、各种节假日，年终奖等； 4、公司离地铁站近，地理位置优越，交通方便，办公环境优美，氛围好； 5.人性化的晋升管理制度，帮助让员工快速融入新环境并茁壮成长； 6、茶水间设有冰箱+微波炉完美组合，同事齐聚共进午餐氛围别提多温馨； 7、公司有完善的体系+晋升机制，注重内部人才成长与培养,7月19日,,"https://www.zhaopin.com/jobdetail/CCL1505828860J40931630004.htm?refcode=4019&srccode=401901&preactionid=a7c1140f-c46c-45e5-b867-ab342d8bdc77"
1168,技术支持工程师,信阳-浉河区,8000-16000元,青岛安然物联网科技有限公司,"物联网,物联网",20-99人,未融资,CC559764920J40884196504,岗位职责： 1. 负责石化、化工厂人员定位系统的现场实施、现场交付和技术赋能等工作。 2. 对接客户需求，进行需求调研，制定详细的施工方案和计划。 3. 确保项目按照既定的时间节点和质量要求完成交付。 4. 对已交付的项目进行后期技术支持与维护。 岗位要求： 1. 年龄在25-35岁之间。 2. 能够适应经常出差的工作要求。 3. 熟悉信息化、弱电及工业互联网相关技术。 4. 具备良好的沟通协调能力和问题解决能力。,7月26日,基于精准人员定位的工业安全生产信息化管理专家，安全生产信息化管理引领者！作为全国实时定位技术标准工作组成员和应急管理部“工业互联网+危化安全生产”人员定位系统技术支持机构，安然从2012年起致力于基于ZigBee Plus三维立体按需精准定位的“工业互联网+安全生产”的研究，获得了20多项安全智能管控系统发明专利和著作权，持续引领中国化工行业生产现场智慧安全！安然以“准、稳、狠”的ZigBee Plus三维立体按需精准人员定位统和“底数清、数据准、情况明、研判准、措施实”的安全生产信息化平台为核心，整合访客管理、出入口控制、人脸识别、视频监控、语音广播、重大危险源监控、可燃有毒气体监测等系统，对生产现场人、机、料、法、环五大要素进行实时、动态、智能管控和预警，规范人的安全行为，保障人的生命安全，有效防范风险、主动化解风险，实现智慧安全。安然“以用为本”，把安全生产信息化建设与公司管理体系“深度融合”，把安全生产信息化建设与日常工作“紧密结合”，对安全生产切实“有用、实用、好用”，避免建用“两张皮”，让安全管控更智能，让生产更高效才实用。迄今已服务中石化、中石油、延长石油、国能、兖矿、京能、索普、新安、奇美、昊源、潞安、旭阳、垦利、逸盛、海科、酒钢、金发等几百家石化、化工、选煤、钢铁、电厂企业。安然以客户为中心，以强者为本，抬头乐干，愿意与同道中人联合、链接，携手共建、共用、共享生产安全命运共同体，一起干，一起干，让优秀企业更安全，让优秀企业更高效！,"https://www.zhaopin.com/jobdetail/CC559764920J40884196504.htm?refcode=4019&srccode=401901&preactionid=a7c1140f-c46c-45e5-b867-ab342d8bdc77"
1169,软件测试,武汉-江岸区,1.5-2万·13薪,青岛鼎赫人力资源有限公司,人力资源服务,20人以下,,CC682590480J40784537914,岗位职责： 1. 负责软件的功能测试。 2. 执行测试用例，报告缺陷并跟踪缺陷的修复。 3. 与开发团队协作，确保软件质量满足需求。 4. 参与软件测试流程的优化和改进。 岗位要求： 1. 熟悉软件测试理论、方法和流程。 2. 具备功能测试经验。 3. 了解运维工程师、网络工程师的工作内容，能进行基本的IT质量管理。 4. 有信息技术、标准化、电子或电路工程相关背景者优先。 薪资待遇：包住、六险一金、工龄工资、生日礼金、定期体检、带薪年假、绩效奖、项目奖、年终奖.,2025年07月30日,,"https://www.zhaopin.com/jobdetail/CC682590480J40784537914.htm?refcode=4019&srccode=401901&preactionid=a7c1140f-c46c-45e5-b867-ab342d8bdc77"
1170,科研人员,天津-红桥区,1.1-2.2万,曼迪匹艾(天津)科技服务有限公司,"科学技术推广,新闻/出版",1000-9999人,未融资,CCL1214324530J40303522304,一、工作职责 1. 负责联系专家学者，组织稿件的同行评审，确保稿件的同行评审及时完成； 2. 编排和处理稿件，确保稿件格式正确，及时发表； 3. 与期刊主编，编委成员，作者及审稿人建立良好沟通，确保期刊正常运作，稿件顺利及时发表； 4. 关注期刊学科领域内的研究进展，协助期刊责任编辑完成期刊发展目标。 二、职位要求 1. 硕士博士优先，优秀的本科生亦可考虑； 2. 专业不限，理工科专业专业背景优先； 3. 英语六级以上； 4. 熟练使用office办公软件； 5. 学习能力强，能适应公司高强度职业培训，例如：参加职业培训讲座和一对一导师培训管理。 三、薪资福利 1. 薪酬待遇：月基本薪酬本科8k以上，硕士11k以上，博士20-28k； 2. 基础福利：六险一金，带薪年假，年度体检，节日福利，活动经费，茶歇晚餐等； 3. 进阶福利：父母福利，子女福利，团队奖励，培训津贴，岗位津贴； 4. 职业发展：导师培养，技能培训，管理培训，优秀员工提供出国交流和工作机会。 四、办公地点 天津市红桥区北马路170号天津陆家嘴金融广场A座7层 ,4月15日,"瑞士 MDPI出版公司中国代表处-只管去思考，学术不仅于此曼迪匹艾科技服务有限公司■公司简介 MDPI（Multidisciplinary Digital Publishing Institute）由林树坤博士创办于 1996年，是全球领先的 Open Access出版公司之一，总部位于瑞士巴塞尔，同时在中国，西班牙，塞尔维亚，英国，日本，罗马尼亚，加拿大，波兰，泰国以及新加坡设有分公司。MDPI中国区在北京，武汉，天津，南京,大连共设有七个代表处，主要负责 MDPI期刊的编辑出版工作，更多公司介绍详见：https://mdpi.cn/。MDPI致力于开放获取出版服务，目前出版英文科技期刊 380余种，其中 SCIE期刊 90余种。期刊领域覆盖生物、化学、医药、机械、能源、环境、农林等各学科，其中包含众多国际知名期刊如 Molecules, Sensors, IJMS, Marine Drugs, Energies, IJERPH等，更多期刊信息详见：https://www.mdpi.com/about/journals。此外，MDPI为促进世界可持续发展，推出各类产品与服务：Sciforum, MDPI Books, Preprints, Scilit, JAMS, SciProfiles, Encyclopedia，Proceedings Series，更多信息详见：https://www.mdpi.com/about/initiatives。MDPI北京代表处于 2008年成立，现有正式员工 1500余人，其中硕博 1200余人。MDPI武汉代表处于 2013年 4月成立，现有正式员工 1500余人，其中硕博 900余人。MDPI天津代表处于 2019年 10月成立，现有正式员工 600余人，其中硕博 300余人。MDPI南京代表处于 2021年 5月成立，现有正式员工 200余人，其中硕博 180余人。 MDPI大连代表处于 2021年 10月成立，现有正式员工 20余人，其中硕博 10余人。■福利项目基本福利六险一金，国假双休，带薪年假，交补餐补，茶歇晚餐进阶福利出国交流，体检套餐，福利年假，儿童福利，节日福利，生日婚育红包优秀激励优秀评选，各类奖金，部门奖励，部门团建，职业发展双通道津贴激励岗位津贴，导师津贴，培训津贴，内推奖励■工作地点·天津市红桥区北马路170号天津陆家嘴金融广场A座2305室·北京市通州区新华大街保利大都汇2号楼10层·北京市海淀区花园路甲13号院7号楼庚坊国际发展中心4层·武汉市武昌区静安路6号尚文科技大厦25层·武汉市洪山区邮科院路88号烽火科技大厦2层·南京市江宁区菲尼克斯路70号小龙湾32号楼15层·大连市高新技术产业园黄浦路浦项IT中心A塔13层","https://www.zhaopin.com/jobdetail/CCL1214324530J40303522304.htm?refcode=4019&srccode=401901&preactionid=a7c1140f-c46c-45e5-b867-ab342d8bdc77"
1171,实施工程师,上海-松江区,1-1.5万·15薪,创远信科(上海)技术股份有限公司,"通信/网络设备,计算机软件,仪器仪表制造,电子/半导体/集成电路",100-299人,已上市,CC346077610J40181200713,岗位描述： 1、为客户提供产品咨询、技术解决方案、现场技术支持和技术培训等； 2、做好客户拜访和关系维护，及时将客户和竞争对手有效信息反馈给公司各部门人员； 3、配合公司相关市场推广和技术评估等； 4、职业发展方向：区域销售经理或产品经理或高级技术专家。   任职资格： 1、通信工程、电子工程、电磁场与微波等相关专业大学本科及以上学历； 2、具有通信射频测试知识或从事通信射频测试行业实习经验者优先考虑； 3、性格外向稳重，形象气质较好，具有良好的沟通表达能力、商务谈判能力、人际关系处理能力。具备积极的工作态度和较高的执行力，对行业市场有一定的敏感度和反馈力，善于整合利用资源。,11月15日,创远信科（上海）技术股份有限公司（简称创远信科，曾用名上海创远仪器技术股份有限公司，简称创远仪器）成立于 2005年，总部位于上海，首批北交所上市企业（831961），是一家自主研发射频通信测试技术和提供整体解决方案的专业无线通信公司。专注于无线通信测试、车联网测试和无线通信设备领域，拥有自主品牌和一系列无线通信及射频微波核心专利技术，集研发、生产和销售为一体，是一家具有自主知识产权的高新技术企业。荣获 2016年度国家科学技术进步奖特等奖和 2020年度江苏省科学技术奖一等奖。创远信科多年承担国家“新一代宽带无线移动通信网”科技重大专项课题开发任务及上海市高新技术产业化专项、战略性新兴产业发展专项、科技创新行动等研发任务，承担上海无线通信测试仪器工程技术研究中心的持续建设任务，全面展开5G/6G通信测试技术的研究，参与国家 5G/6G测试规范及标准制定，是国家知识产权优势企业，上海市专利工作示范企业，截止到 2021年底累计申请国内外专利 364个。2020年联合东南大学等单位发布了 5G毫米波技术白皮书。创远信科将以长三角G60科创走廊为发展沃土，借助5G/6G和长三角发展的东风，深耕无线通信和毫米波技术，创新引领，重点发展5G/6G通信、毫米波芯片、低轨卫星、北斗导航及通导一体、网络安全等产业，打造一流的信创产业生态。,"https://www.zhaopin.com/jobdetail/CC346077610J40181200713.htm?refcode=4019&srccode=401901&preactionid=a7c1140f-c46c-45e5-b867-ab342d8bdc77"
1172,前端开发,成都-郫都区,1.1-2万,北京飞讯数码科技有限公司,"IT服务,计算机软件,计算机硬件,互联网",300-499人,未融资,CC153684310J40935581504,岗位职责： 1.负责嵌入式平台下QT框架的图形界面（GUI）设计、开发及优化；   2.开发跨平台的QT应用程序，确保高性能、低资源占用；   3.对接硬件驱动层，完成数据通信、协议解析及交互逻辑实现。   4.基于Vue.js框架开发响应式Web应用，实现高效的用户交互体验；   5.配合后端完成RESTful API对接，实现前后端数据交互；   6.优化Web前端性能，确保跨浏览器、跨终端兼容性； 7.参与嵌入式设备与Web端的数据通信方案设计（如WebSocket、MQTT等）；   8.协助完成系统架构设计，确保嵌入式端与Web端的高效协同；   9.编写技术文档，维护； 任职要求： 1. 熟练掌握QT框架，有相关开发经验者优先； 2. 熟悉Vue.js等前端开发框架，能够独立完成前端开发任务； 3. 了解前后端数据交互方式，能够使用RESTful API等技术； 4. 对嵌入式开发和Web开发技术有深入理解，能够处理相关开发工作； 5. 具备良好的系统架构设计能力和跨平台开发能力； 6. 具有良好的文档编写能力和团队合作精神。,7月25日,东土科技防务事业群是智慧防务自主可控技术的引领者，专注于为国防信息化领域提供优质的自主可控产品和服务。防务事业群中的子公司均是创业板上市公司东土科技(股票代码300353)旗下控股子公司。防务事业群业务涵盖安全可信的音视频指挥与调度系统、自主可控的网络数据交换与服务器以及国产化“道”操作系统三大领域，各项技术指标在行业中均处于领先水平，已成功定型并列装了多款航空、舰船、车辆、兵器、固定指挥所、机动指挥所等防务领域信息化智能装备。防务事业群旗下三家子公司(东土军悦、科银京成、飞讯数码)均具备相关资质，是国家级高新技术企业。北京市双软认定企业、北京市专利试点企业，自主可控产品和创新技术均具有完全自主知识产权，累计拥有各项发明专利、软件著作权300余项。防务事业群秉承“客户至上，责任担当，尊重团结，融合创新”的核心价值观，为未来无人化、智能化战争提供网络化操作环境物理信息系统整体解决方案，助力我国防务网络信息技术全部国产化。北京飞讯数码科技有限公司成立于2004年，是国内领先的JG指挥调度系统整体解决方案服务商。飞讯数码是国家级高新技术企业、北京市双软认定企业、国家J用标准GJB9001B质量体系认证企业、JG保密资格单位、装备承制资格注册单位，产品通过了CCC国家强制性产品认证，拥有上百项计算机软件著作权和数十项专利。飞讯数码自成立以来，一直专注于JG行业音视频信息化系统的设计开发、生产和技术服务。在过去的发展过程中，公司凭借着自身的技术优势，飞讯数码为JG行业提供了多个应用场景下的指挥调度系统产品和解决方案，持续为JG行业的音视频信息化做出贡献。北京东土军悦科技有限公司成立于2009年，是国内唯一一家拥有最高自主可控等级网络交换芯片的企业。东土军悦致力于JD信息网络技术与ZB的创新研究，为JD提供完全自主设计制造、自主可控、安全可信的一体化通信网络、战术协同自组网系统、视频监控与指挥调度系统及整体解决方案。公司依靠自主研发设计，全面掌握从核心芯片、架构设计到系统集成的关键技术。为了满足JD信息网络安全的需要，公司成功研制目前国内唯一从芯片设计、流片制造到封装测试全过程在境内完成的网络交换芯片。公司曾参与多项JD的信息系统研制建设，自主设计研发生产的J用交换网络设备、PTN多业务传输平台、VPX融合通信服务器等装备广泛用于各J兵种通信与指控系统，以及新型火炮、海上舰艇、作战飞机、东风系列DD等主Z武器平台，能够适应固定指挥所、办公场所和车载、舰载、机载等应用场景，各项性能指标在国内外同类产品中处于领先水平。北京科银京成技术有限公司成立于2000年，是国内唯一全面覆盖航空、舰船、兵器等各领域在役、在研重要ZB的嵌入式操作系统及开发工具供应商。公司总部设立在北京，研发中心位于成都。科银京成参与多项国家863、核高基重大科技专项课题，在863计划中获得先进单位称号；科银京成自成立至今，一直从事嵌入式基础软件平台产品的研发与推广，面向J用、民用电子装备提供嵌入式操作系统、开发环境和应用工具的研发、销售及服务，其产品列装多款航空、舰船、兵器等领域在役、在研重大型号装备。,"https://www.zhaopin.com/jobdetail/CC153684310J40935581504.htm?refcode=4019&srccode=401901&preactionid=a7c1140f-c46c-45e5-b867-ab342d8bdc77"
1173,硬件测试,杭州-萧山区,100-150元/天,杭州精越自动化设备有限公司,"电力/水利/热力/燃气,电子设备制造,仪器仪表制造,电气机械/电力设备",20-99人,未融资,CC439426530J40669820702,岗位职责： 1、负责相关产品的试验数据的采集、整理和统计，并将相应结果汇总成电子文档； 2、负责新产品样品的制作及调试； 3、协助硬件工程师完成产品开发和相关技术文件的形成及归档； 4、完成领导安排的其余相关任务； 任职要求： 1、电子、机电、通信等相关专业优先； 2、能稳定实习3个月及以上； 3、熟悉使用各种仪器的基本操作，会PCB焊接者优先考虑。,7月9日,杭州精越自动化设备有限公司成立于2016年8月29日，注册地在杭州市萧山区，注册资金500万人民币，本公司目前所提供的服务技术领域属于“八、先进制造与自动化/（三）高性能、智能化仪器仪表/2.新型自动化仪器仪表/适用于实时在线分析、基于工业控制计算机和可编程控制的开放式控制系统及特种测控装备，能满足重大工程项目在智能化、高精度、高可靠性、大量程、耐腐蚀、全密封和防爆等特殊要求的新型自动化仪器仪表技术等”。公司主要从事电网、电厂和各类工矿企业的电力设备运行状态故障监测技术的研发、生产和销售为一体的高技术公司，是国内电力一次设备生产厂家的配套供应商及系统集成服务商的OEM供货商。是国内领先的电力设备状态监测系统集成服务生产商。,"https://www.zhaopin.com/jobdetail/CC439426530J40669820702.htm?refcode=4019&srccode=401901&preactionid=a7c1140f-c46c-45e5-b867-ab342d8bdc77"
1174,测试工程师,邯郸-武安市,1-1.2万·13薪,青岛瑞晟元人力资源有限公司,人力资源服务,20人以下,不需要融资,CCL1431271280J40777391907,,2025年07月28日,,"https://www.zhaopin.com/jobdetail/CCL1431271280J40777391907.htm?refcode=4019&srccode=401901&preactionid=a7c1140f-c46c-45e5-b867-ab342d8bdc77"
1175,科研人员,天津-滨海新区,1.5-1.6万,中交天航环保工程有限公司,"房地产开发,客运服务,环保",1000-9999人,未融资,CC652788520J40915698904,一、关于我们 中交天航环保工程有限公司(以下简称“环保公司”)是世界500强企业——中国交通建设股份有限公司旗下的专业化环保子公司，隶属于“百年老字号”中交天津航道局有限公司。 现今的环保公司是一家拥有600多位员工、平均年龄34岁，获评为国家高新技术企业、全国交通运输行业文明单位、天津市“专精特新”中小企业等多项荣誉称号的施工技术企业。 公司主要从事生态清淤、流域治理、污水处理、土壤修复、园林绿化、矿山修复等业务，拥有天津市企业技术中心、博士后工作站，掌握数十项省部级专业核心科技，积累国家专利151项、省部级工法10项、省部级科技奖19项。 多年来，环保人朝着“成为具有竞争力的生态环保服务运营商”战略目标阔步向前，积极融入国家发展战略中，参与京津冀协同发展、雄安新区开发建设、生态文明建设和美丽乡村建设。实施了杭州西湖底泥疏浚、江苏无锡太湖环保清淤工程、天津中新天津生态城污水库治理、雄安新区“千年秀林”第一标、雄安新区白洋淀生态清淤系列工程、云南昆明海河黑臭水体综合治理工程、天津河西污染土修复工程、天津蓟州矿山生态修复工程、于桥水库清淤试点工程项目、延安市王瑶水库扩容工程等几十项国家战略工程和行业标杆项目。 我们始终秉承“交融天下 建者无疆”的企业精神，胸怀“国之大者”，锻造精品工程，始终做环保事业的守护者、实践者、传播者。美丽中国建设，迫切的需要更多“环保人”的加入，我们在天津等您！   二、关于你们 ◆ 招聘专业： ◇ 工程类：市政工程、土木工程、水利水电工程、给排水科学与工程、水文与水资源工程、道路与桥梁工程、矿业工程、岩土工程等 ◇ 环境科学类：环境工程、环境科学与工程、生态学等 ◆ 应聘条件：  1.应届海外院校毕业博士生，专业成绩优良； 2.与公司业务相关专业。,6月23日,中交天津航道局有限公司是中国第一家专业疏浚机构，由1897年成立的海河工程局发展而来，是中国交通建设股份有限公司所属的中交疏浚（集团）股份有限公司的全资子公司。公司以港口航道疏浚、吹填造地、水工及基础工程、勘察设计咨询、环保疏浚为主营业务，同时兼营装备制造、投资、房地产开发、国际航运、码头仓储等业务。目前，公司具有港口与航道工程施工总承包特级资质，在册员工3000余人，拥有种类齐全的现代化挖泥船队，船队总装机功率58万千瓦，挖泥船及辅助船舶数量达70余艘，其中包括生产能力雄踞亚洲首位的自航绞吸挖泥船“天鲸号”、亚洲最大耙吸挖泥船“通途”轮等一批大型疏浚船舶。多年来，公司施工足迹遍布中国沿海30多个港口，以及东南亚、中东、非洲、北欧等10余个国家和地区，先后承揽和实施了天津港30万吨航道疏浚、港珠澳大桥珠澳口岸人工岛建设、苏丹港疏浚吹填等国内外重大工程，有效提升和改善了区域交通基础设施功能和生态环境。近年来，公司屡获“全国守合同重信用企业”、“全国优秀施工企业”、“全国用户满意施工企业”、“全国五一劳动奖状”、“中央企业先进集体”、“全国文明单位”、“天津市百强企业”等荣誉和称号，连年被评定为金融信用等级AAA级企业、工程建设行业社会信用AAA级企业。,"https://www.zhaopin.com/jobdetail/CC652788520J40915698904.htm?refcode=4019&srccode=401901&preactionid=a7c1140f-c46c-45e5-b867-ab342d8bdc77"
1176,测试工程师,成都-None,6000-9000元,成都智安周界科技有限公司,"电子/半导体/集成电路,仪器仪表制造",20-99人,未融资,CZ646743180J00358492607,电子产品生产调试，会用万用表示波器，懂基本电路知识。认识基本常用电子元器件职位福利：包吃、加班补助 ,3月14日,成都智安周界科技有限公司是一家专业从事周界安防产品研发、生产、销售为一体的高科技企业。公司技术团队核心成员从事周界安防产品研发17年，有着雄厚的技术实力。公司坐落于环境优美的成都金牛高新技术产业园区。成都智安周界科技有限公司六大产品系列广泛应用于小区、别墅、工厂、电站、学校、等场所。智安周界倡导”专业、务实、高效、创新“的企业精神，具有良好的内部机制，优良的工作环境以及良好的激励机制，吸引了一批年轻、有学识、具有实干精神的人才。高素质、高水平、高效率的人才是智安周界在当今激烈的市场中立于不败之地的保障。我们可以提供：——周界安防系统策划和设计：公司在产品研发方面的投入，众多项目的实际应用，让我们具备了相应的创作力和丰富的经验，这将成为您解决疑问和难题的良好保证。先进、专业的技术支持：——以快速、有效的方法、先进的技术保障系统、解除您的后顾之忧。,"https://www.zhaopin.com/jobdetail/CZ646743180J00358492607.htm?refcode=4019&srccode=401901&preactionid=a7c1140f-c46c-45e5-b867-ab342d8bdc77"
1177,硬件测试,重庆-大渡口区,8000-10000元,重庆科满福人力资源服务有限公司,企业服务,20-99人,,CCL1487604860J40922562404,【岗位职责】 ： 1、进行新产品研发阶段的测试工作 2、完成新产品的功能测试、可靠性测试、环境测 试、安全测试等技术工作 3、制定测试计划，设计测试用例，分析测试数 据，编制测试报告 4、为其他部门提供技术支持，与其他部门的产品 联合测试工作,6月28日,,"https://www.zhaopin.com/jobdetail/CCL1487604860J40922562404.htm?refcode=4019&srccode=401901&preactionid=a7c1140f-c46c-45e5-b867-ab342d8bdc77"
1178,Java,成都-郫都区,1.3-2.6万·14薪,外企德科数字技术有限公司,专业技术服务,10000人以上,,CCL1480117890J40609320905,职位描述 1、熟练掌握Java、python等主流开发语言的一种，掌握常见的数据结构、了解软件工程、敏捷开发等知识，熟悉常用设计模式； 2、了解主流数据库技术，至少精通mysql、postgresql等主流数据库技术中的一种；有SQL语句调优经验，并在中大型项目中实际应用者优先； 3、熟悉spring boot，mybatis或flask等常用框架； 4、了解分布式系统原理；熟悉ElasticSearch、Redis、mongodb、kafka等一种或多种中间件，并实际应用中有相关经验者优先,2025-07-27 00:23:23,外企德科数字技术有限公司是一家2023年新成立的中外合资企业。成立于2023年11月24日，公司定位：专注于为信息技术企业提供人才及数字技术外包解决方案的中外合资企业。它是由中国人力资源服务行业的FESCO（北京国际人力资本集团）与全球人力资源服务领导者The Adecco Group（德科集团）合资成立的。公司主要提供网络技术服务、软件外包服务、计算机系统服务、技术进出口、软件开发等信息技术相关服务。专注于为信息技术企业提供信息技术类人才及数字技术外包解决方案。,"https://www.zhaopin.com/jobdetail/CCL1480117890J40609320905.htm?refcode=4019&srccode=401901&preactionid=a7c1140f-c46c-45e5-b867-ab342d8bdc77"
1179,Java,深圳-福田区,1.4-2.5万,浙江保融科技股份有限公司,"计算机软件,IT服务",1000-9999人,未融资,CC451832010J40813830108,岗位职责：  1、负责新产品的开发或现有产品需求交付；  2、参与产品的开发、需求、详细设计文档的编写；  3、充分理解产品需求、系统设计及系统架构。 任职要求：  1、3年以上J2EE实际项目开发经验，全栈技术要求，熟悉常见的JAVA开发框架(SpringBoot、SpringCloud、Mybatis等)并对其架构体系有较深刻的理解； 熟悉VUE开发，具备高并发，大数据量场景处理经验。 2、熟悉Oracle、Mysql等数据库技术，对sql优化有一定的经验；  3、熟悉jvm，web开发、缓存，分布式架构、消息中间件等核心技术；  4、有良好的沟通能力和问题分析解决能力; 5、能适应出差。,7月10日,保融科技致力于以“科学技术”服务产业，为规模企业、金融机构、政府机关等客户提供资金与财资管理的数字化解决方案与相关技术。凭借大数据、云计算、RPA、AI、WEB3.0等前沿性科技能力，以及完全自主产权的微服务、高性能、平台化的先进架构技术，服务于财资管理、企业司库、产业链经营、业财资一体化等数字化场景，提升企业和机构财资经营能力和绩效。保融科技是国内财资管理科技领域的领先骨干企业，拥有三大核心技术和三大核心能力，为企业和机构提供场景服务、产品开发与数字化应用，助力客户成功。三大核心技术，即高频处理和可视分析等的财资信息技术、动态画像和场景图谱等的财资数字技术、场域建模和算法平台等的财资智能技术；三大核心能力，即基于行业研究的市场洞察力、基于实践沉淀的业务理解力、基于客户成功的全旅程服务力。保融科技秉承“让企业没有难管的钱”的使命，为提升中国财资力奋进笃行。以客户需求和技术创新为双轮驱动，服务国资央企、零售消费、高端制造、基建、能源、金融等涉及民生领域的广泛客群；通过技术和服务，帮助社会各行业企业降低财务成本，加快资金流转，促进现金流健康，助力企业和机构高质量、可持续发展。保融科技积极响应“数字中国”建设，帮助企业打造财资经营数字化体系，以财资大数据生成实时“财资力增信画像”，帮企业“体魄强健”，助金融“精准滴灌”，从而实现企业和金融的数智化链接。同时，保融科技积极践行社会责任担当，充分利用数智赋能，参与构建“智慧国资”“数字政务”“乡村振兴”等线上服务平台，在国资数字化、政务数字化和共同富裕等方面积极贡献保融力量。保融人始终遵循“客户成功、奋斗者为本”的“顶天立地”核心价值观，以“极致、创新、担当、协作”的文化基因来绘制财资科技事业的蓝图。一直以来，公司积极倡导并主动参与社会公益和慈善活动，持续关注员工物质与精神等方面的成长。保融科技成立于2010年，总部设于杭州未来科技城，是“国家级高新技术企业”“国家重点规划布局软件企业”“浙江省重点软件企业50强”“浙江省高新企业研发中心”。目前拥有1千多名员工，其中75%以上为技术型人员。过往三年，人员规模持续保持年30%的增长。,"https://www.zhaopin.com/jobdetail/CC451832010J40813830108.htm?refcode=4019&srccode=401901&preactionid=a7c1140f-c46c-45e5-b867-ab342d8bdc77"
1180,软件测试,上海-浦东新区,1.5-3万·14薪,外企德科数字技术有限公司,专业技术服务,10000人以上,,CCL1480117890J40678328105,岗位要求（初中高级别岗位都有）： 【工作职责】 1、负责解决方案测试需求分析，测试方案和测试用例设计和测试执行工作； 2、承担解决方案的场景功能测试、性能测试、可靠性测试，可服务性测试等测试活动； 【业务技能要求】： 1、熟悉软件测试流程和方法 2、具备良好的沟通协调能力和团队合作精神、良好的学习、动手以及解决问题的能力。 3、业务理解力强，对技术有激情，喜欢钻研，能快速接受和掌握新技术，有较强的独立、主动的学习能力。岗位包含：功能测试、性能测试、自动化测试、硬件测试、安全渗透等多个方向,2025-07-27 00:23:25,外企德科数字技术有限公司是一家2023年新成立的中外合资企业。成立于2023年11月24日，公司定位：专注于为信息技术企业提供人才及数字技术外包解决方案的中外合资企业。它是由中国人力资源服务行业的FESCO（北京国际人力资本集团）与全球人力资源服务领导者The Adecco Group（德科集团）合资成立的。公司主要提供网络技术服务、软件外包服务、计算机系统服务、技术进出口、软件开发等信息技术相关服务。专注于为信息技术企业提供信息技术类人才及数字技术外包解决方案。,"https://www.zhaopin.com/jobdetail/CCL1480117890J40678328105.htm?refcode=4019&srccode=401901&preactionid=a7c1140f-c46c-45e5-b867-ab342d8bdc77"
1181,硬件测试,深圳-龙岗区,8000-10000元·13薪,科锐尔人力资源服务(苏州)有限公司,咨询服务,1000-9999人,已上市,CC453635220J40819486703,应届生，条件：理工科专业，熟悉相关电器设备操作（如绝缘电阻仪，耐压测试仪，万用表等），可以接受穿无尘服和夜班 ,2025年07月30日,"科锐国际人力资源有限公司成立于1996年，总部位于北京。作为亚洲领先的整体人才解决方案服务商，科锐国际在中国大陆、香港、印度、新加坡等亚洲地区拥有超过79家分支机构，1,500余名专业招聘顾问，在超过18个行业及领域为客户提供中高端猎头、招聘流程外包、灵活用工、营销外包、校园招聘、培训、招聘咨询等解决方案。截至目前，科锐已与2,000余家跨国集团、国内上市公司、快速成长性企业及非盈利组织建立长期合作关系。其中70%为外资500强企业。","https://www.zhaopin.com/jobdetail/CC453635220J40819486703.htm?refcode=4019&srccode=401901&preactionid=a7c1140f-c46c-45e5-b867-ab342d8bdc77"
1182,技术支持工程师,北京-大兴区,4000-5000元·13薪,北京华科仪科技股份有限公司,"仪器仪表制造,环保,仪器仪表制造,学术/科研",300-499人,未融资,CC142967820J40561797607,岗位职责:,2月26日,"北京华科仪科技股份有限公司于2014年12月完成股份制改制，其前身为1995年创立的北京华科仪电力仪表研究所。经过20多年的不断发展与壮大，华科仪公司注册资金5,160万元，拥有员工200余人，年销售额过亿元，现已成为中国电力分析仪器仪表行业的领军企业。自成立至今，华科仪始终聚焦客户需求，坚持自主研发，现已成功推出化学水分析仪器、可燃气体探测器/有毒气体报警器、实验室油分析仪器、环保监测设备、汽水取样及加药装置、数据采集监控系统等六大类50多种产品，可向电力、石化、制药、新能源及环保、科研等领域提供数十种行业成套解决方案。目前，公司已与国内外数千家企业建立了长期稳定的合作关系，产品遍及全国各地，并远销至印度、苏丹、孟加拉、印尼、越南、泰国、新加坡、俄罗斯等国家。华科仪广纳业内优秀人才，现有研发人员占员工总数的25℅，并全部具备本科及以上学历。公司研发中心被认定为北京经济技术开发区“新区企业研发机构”，并多次承担国家及省部级重要科研项目，积极参与了多项行业标准、团体标准的起草工作;公司现拥有发明专利、实用新型专利等100余项自主知识产权，被评为“北京市专利试点企业”。华科仪秉承以“质量求生存”的信念，积极推行现代化的企业管理模式。公司采用国际公认的ERP企业管理系统，并通过了ISO9001质量管理体系ISO14001环境管理体系、OHSAS18001职业健康安全管理体系“三标一体”认证，企业管理日趋流程化和规范化。2017年5月，华科仪更是在同行业内率先启动了智能工厂建设项目，以实际行动助力中国制造业转型升级。同时华科仪拥有一支经验丰富、技能全面的技术服务团队，并在全国及印尼、越南等地设立了服务网点或办事处，为客户量身定制解决方案、提供及时周到的技术服务奠定了坚实基础。公司先后获评“国家高新技术企业”、“国家火炬计划重点高新技术企业”、“中关村高新技术企业”、“新区‘小巨人’重点培育企业”等荣誉称号，并且是中国电机工程学会、中国仪器仪表行业协会、中国环境保护产业协会、中国仪器仪表学会分析仪器分会等行业组织的重要成员之一。北京华科仪科技股份有限公司愿与您携手，迈向成功！公司地址：北京市大兴区西红门镇金业大街10号联系电话：010-80705660-280传真：010-80705660-239公司网址：www.huakeyi.com电子邮箱：hr@huakeyi.com","https://www.zhaopin.com/jobdetail/CC142967820J40561797607.htm?refcode=4019&srccode=401901&preactionid=a7c1140f-c46c-45e5-b867-ab342d8bdc77"
1183,科研人员,上海-黄浦区,1.1-1.2万,上海广源人力资源有限公司,"人力资源服务,卫生服务,专业技术服务",20-99人,不需要融资,CC142225840J40746134601,（一）工作内容： 主要参与数据库开发、项目管理、政策研究、信息服务等工作。 （二）招聘要求及待遇： 1、专业：中医学、医学或计算机信息学类专业本科及以上学历 2、能力： （1）熟练操作spss、wps、office等常用办公及统计软件 （2）具备一定的文献检索及统计分析能力 （3）具备良好的文字组织及标书方案撰写能力 （4）身心健康，诚恳敬业，具有良好合作精神 优选条件： （1）具备数据库开发及Python编程的丰富经验 （2）熟悉大模型人工智能基本原理，具备调参及API开发经验 （3）熟练掌握统计及决策分析工具 （4）具有科研项目标书撰写、立项及主要研究者经历 （5）科技核心、南大或北大核心期刊上一作或通讯作者发表医学、信息或管理类研究论文,6月17日,上海广源人力资源有限公司是政府批准的专业从事卫生行业人才中介、派遣、培训及咨询的机构，公司由上海市卫生人才交流服务中心和中国卫生资源杂志社共同组建，广泛的业务渠道，高素质顾问和专家。公司拥有雄厚的卫生人才、卫生医疗机构信息库资源，和众多人事管理方面的资深专家，踏实、高效的工作成为上海和外省市的广大卫生人才，及医疗机构值得信赖的朋友和合作伙伴。公司依托现有的计算机网络人才数据库系统，与各类人才保持良好和互信的关系，方便社会各类人才的交流，并为各大企业和卫生医疗机构提供优质、可信的服务。公司受医院的委托，特面向社会发布招聘信息，诚邀您的加入！,"https://www.zhaopin.com/jobdetail/CC142225840J40746134601.htm?refcode=4019&srccode=401901&preactionid=a7c1140f-c46c-45e5-b867-ab342d8bdc77"
1184,技术支持工程师,长沙-芙蓉区,6000-8000元·13薪,来邦科技股份公司合肥分公司,运营商/增值服务,500-999人,未融资,CC487729280J40747317501,1、熟练掌握公司产品的安装、功能使用、故障处理。 2、负责区域内项目售前演示、安装调试指导、售后服务等电话及现场技术工作; 3、负责收集、分析客户需求并反馈相关部门。 4、及时有效解决客户日常反馈问题，维护客户关系，提高客户满意度。 任职资格： 1、计算机软件、通信工程、电子信息工程相关专业，大专及其以上学历。 2、有通信产品、软件产品/项目技术支持经验，有医疗，养老、安防智能化项目实施运维管理经验者优先。 3、熟悉通信原理、了解互联网常用协议，学习能力强。 4、较好的文字及语言表达能力，熟练掌握办公软件操作。 5、吃苦耐劳，能适应长期出差。 公司福利： 1、入职即买五险一金； 2、法定年休假、节假日补贴、春节三周有薪假期； 3、每年两次调薪机会 ；,7月22日,来邦科技创立于1997年，新三板企业（股票代码：836888），国家级高新技术企业，国家AAA级信用企业，中国安防十大品牌，中国安防十大民族品牌，深圳安防协会副会长单位。公司以“可视对讲”音视频技术为核心，提供医院、养老、学校、监狱、平安建设、高速公路、银行等领域的智能化建设方案。来邦秉承“专心做好一件事”的经营理念，始终重视技术研发与创新。现拥有IP网络高清音视频编解码、双工免提大音量对讲消回音、数字动态降噪、多媒体信息发布等多项自主研发核心技术，处于行业领先水平。•拥有占地70亩的自建生产基地，建筑面积达4.6万平方米。•建立深圳、合肥、西安三地研发中心，取得60多项专利证书。•在国内多个省会城市设立了分公司或办事处，并与3000余家工程商保持着长期良好合作关系。不论资排辈，年轻人也能当“将军”。核心员工股权激励，工作氛围好，领导超亲和，期待您加入我们！,"https://www.zhaopin.com/jobdetail/CC487729280J40747317501.htm?refcode=4019&srccode=401901&preactionid=a7c1140f-c46c-45e5-b867-ab342d8bdc77"
1185,科研人员,赣州-赣县区,1-1.1万,中国科学院赣江创新研究院,"学术/科研,学术/科研",500-999人,不需要融资,CCL1360571000J40754966111,负责课题组内日常耗材、设备的购买、验收及报销工作；负责钕铁硼永磁材料的研发(有晶界扩散或废料回收经验优先)；领导安排的其它任务。,7月7日,中国科学院赣江创新研究院（简称赣江创新院）由中国科学院与江西省人民政府共同出资创建，于2020年7月由中央编办批准成立。在新的办院方针“三个面向”“四个率先”的指导下，全面贯彻落实“率先行动”计划以来，中科院新增的第一个研究机构，江西省第一个中科院直属科研机构。赣江创新院探索“基础研究创造新需求、战略需求牵引新技术”的科技创新发展模式，坚持以人才为本的自由探索型基础研究和以实际应用为目标的基础研究，聚焦资源绿色高效分离、高端材料开发，开展相关领域基础性、战略性、前瞻性研究，突破领域前沿科学难题和核心关键技术。围绕资源利用的技术研究全链条，设置资源前沿与交叉中心、资源与生态环境研究所、材料与化学研究所、材料与物理研究所、系统工程与装备研究所等5个研究单元。与国家重点实验室、工程技术中心、技术创新中心、中科院重点实验室和中科院工程实验室等创新平台，协同形成“物理—化学—化工—材料”等多学科的基础研发平台，构建“基础研究—技术开发—工程应用—技术装备”研发技术链，建设成为功能最全、规模最大、技术最先进、科技服务为一体的综合性科技创新平台。赣江创新院深入推进“科教产”新模式，构筑“科技创新链＋教育培养链＋产业应用链”功能架构体系，研究生教育归口在中国科学技术大学，具有中国科学技术大学学籍，并授予学位。以市场为牵引的科技创新和成果转化机制创新的多元化模式，与国内外20余家重点企业建立紧密的合作伙伴关系，实现技术创新到产业落地的“从0到1”突破。不忘初心，牢记使命。赣江创新研究院扎根赣南红色土地，传承弘扬苏区精神和科学精神，按照“边建设、边招人、边科研、边产出”的原则，稳步、高效推进研究院建设，力争建成创新特区、改革试验区、产学研示范区，科技创新高地、人才培养高地和产业技术高地（三区三高地），为建设科技强国和人类可持续发展作出新的贡献。,"https://www.zhaopin.com/jobdetail/CCL1360571000J40754966111.htm?refcode=4019&srccode=401901&preactionid=a7c1140f-c46c-45e5-b867-ab342d8bdc77"
1186,Java,成都-郫都区,1.2-2.4万·14薪,外企德科数字技术有限公司,专业技术服务,10000人以上,,CCL1480117890J40793067205,岗位要求： 1、扎实的编程能力，熟悉算法和数据结构；熟悉计算机的基础理论； 2、熟练使用java/c/c++/python/js其中一种语言，掌握Spring相关生态开源框架，熟悉MySql、MQ、Redis、SpringCloud等，熟悉事务、缓存、消息、负载均衡等； 3、熟悉Linux开发环境； 4、具有大规模高并发云服务设计和开发经验优先； 5、有微服务、容器相关开发经验优先。 任职要求： 1、扎实的编程能力，熟悉算法和数据结构；熟悉计算机的基础理论； 2. 软件基础扎实，熟悉掌握但是不限于Java/Js/C/C++/Python/Go/JS等编程语言，有良好的编程习惯。 3. 具备独立工作能力和独立解决问题的能力，善于沟通，乐于协作，热衷于新技术，善于总结分享，喜欢动手实践。,2025-07-27 00:25:57,外企德科数字技术有限公司是一家2023年新成立的中外合资企业。成立于2023年11月24日，公司定位：专注于为信息技术企业提供人才及数字技术外包解决方案的中外合资企业。它是由中国人力资源服务行业的FESCO（北京国际人力资本集团）与全球人力资源服务领导者The Adecco Group（德科集团）合资成立的。公司主要提供网络技术服务、软件外包服务、计算机系统服务、技术进出口、软件开发等信息技术相关服务。专注于为信息技术企业提供信息技术类人才及数字技术外包解决方案。,"https://www.zhaopin.com/jobdetail/CCL1480117890J40793067205.htm?refcode=4019&srccode=401901&preactionid=a7c1140f-c46c-45e5-b867-ab342d8bdc77"
1187,Java,济南-None,1-1.5万,济南大陆机电股份有限公司,"互联网,互联网",100-299人,已上市,CC120878910J40429100114,岗位职责： 1、参与系统的分析与设计； 2、根据业务规划制定相应技术规划，推动系统演进； 3、编写相应模块的设计文档，独立完成编码及单元测试； 4、独立维护部分系统、改进流程以及交付上线。 岗位要求： 1、硕士以上学历，计算机、软件开发相关专业； 2、Java基础扎实、了解多线程、了解J2EE技术架构体系；  3、了解常用设计模式比如代理、组合、工厂等并能运用；  4、了解springBoot开发框架，有一定的前端开发技能储备；  5、了解微服务(如 SpringCloud)、 缓存（Redis）、消息中间件(RocketMQ、Kafka等)  6、具备大型互联网平台研发经验，优先考虑,7月22日,济南大陆机电股份有限公司济南大陆机电股份有限公司（股票简称:大陆股份，股票代码:430663）成立于1993年，注册资本7580万元，专业从事流程性企业生产过程自动控制和信息管理系统的软硬件开发及系统集成。主要包括管控一体化、智慧计量、智慧能源三大领域技术和产品，重点服务于热能电力、石油化工和环境保护等领域，客户遍及全国30个省、市、自治区以及印度、印度尼西亚、土耳其、阿塞拜疆、危地马拉、赞比亚、牙买加等十多个国家和地区。大陆股份与清华大学、上海交通大学、山东大学等著名高校建立了良好的合作关系并分别建立了多个科研机构，主要包括“山东省流程控制工程技术研究中心”、“山东省循环流化床控制技术中心”、“大陆机电博士后工作站”、“山东大学软件实习基地”、“高校毕业生就业见习基地”等。大陆股份始终坚持“你是骏马就给你一片草原，你是雄鹰就给你一片天空，你是蛟龙就给你一片海洋”的用人理念。公司管理规范，实行五天工作制，按照国家法定节假日休假。公司按时缴纳五险一金，提供午餐、交通、通讯等补贴和节假日福利，还为员工提供了广阔的发展、晋升空间。欢迎大家加入大陆机电这个朝气蓬勃的集体，展示自我实力，携手共进。,"https://www.zhaopin.com/jobdetail/CC120878910J40429100114.htm?refcode=4019&srccode=401901&preactionid=a7c1140f-c46c-45e5-b867-ab342d8bdc77"
1188,实施工程师,武汉-江夏区,5000-8000元,武汉海威船舶与海洋工程科技有限公司,"船舶/航空/航天/火车制造,船舶/航空/航天/火车制造,工程技术与设计服务",20-99人,未融资,CC446559880J40777622715,岗位职责：  1.负责树脂基复合材料技术营销具体工作；,5月15日,本公司于2016年初在武汉市东湖新技术开发区注册成立，注册资金5000万元，公司以海军工程大学、武汉理工大学和哈尔滨工程大学等高校的多个研究团队为依托，以船舶与海洋工程、国防军工和先进复合材料为主要研究领域，以创新发展、协作共赢和军民融合为主要发展模式，着力打造成行业领先、国内著名的专业民营企业。目前公司技术支撑团队在舰用复合材料装甲防护技术、潜用复合材料声隐身技术、舰艇抗爆与抗毁伤技术、船舶振动分析与控制技术、船舶复合材料应用技术等研究领域处于国内领先地位。,"https://www.zhaopin.com/jobdetail/CC446559880J40777622715.htm?refcode=4019&srccode=401901&preactionid=a7c1140f-c46c-45e5-b867-ab342d8bdc77"
1189,实施工程师,厦门-海沧区,6000-8000元·13薪,厦门鲎试剂生物科技股份有限公司,医药制造,20-99人,,CC429475730J40747143503,主要职责：  售前技术支持：l  深入了解客户需求，提供细菌内毒素检测试剂及设备的专业咨询与推荐。 l  准备技术方案、产品演示和对比分析报告，协助销售团队进行产品推广。 l  参与客户交流会议，解答技术疑问，展示产品优势和应用案例。 l  协助制定标书、响应询价，确保技术部分的准确性和竞争力。   售后技术支持：l  提供现场或远程安装、调试及培训服务，确保客户能够熟练操作使用试剂和设备。 l  快速响应客户的技术咨询和故障报修，提供解决方案并实施必要的维修或更换。 l  定期回访客户，收集反馈意见，持续优化产品使用体验和售后服务流程。 l  跟踪行业动态，更新产品知识库，为客户提供最新的技术信息和升级建议.   市场与技术交流：l  参与行业展会、研讨会和技术交流会，提升公司品牌知名度。 l  与研发团队合作，基于市场反馈推动产品改进和新产品的开发。 l  撰写技术文章、案例分享，增强公司在细菌内毒素检测领域的专业形象。 任职要求： ü  生物科学、微生物学、药学、生物医学工程或相关专业本科及以上学历。 ü  优秀应届毕业生或1年以上相关领域工作经验，熟悉细菌内毒素检测原理及方法，有试剂或医疗设备技术支持背景者优先. ü  强大的沟通能力和客户服务意识，能够清晰、有效地传达技术信息。 ü  良好的问题解决能力和自我学习能力，能快速掌握新产品和技术动态。 ü  能够适应偶尔的出差需求，具备团队协作精神。 ü  持有相关资格证书（如ISO 17025内审员证书等）者更佳。,6月11日,厦门鲎试剂生物科技股份有限公司创立于1978年，40年来一直专注于鲎试剂的生产研发和推广，并入选为第三批国家标准品。我司具有药品生产许可证、医疗器械生产许可证、药品生产批件等，严格执行GMP及ISO9001、ISO13485质量管理体系，为体外诊断微生物领域提供检测试剂、仪器和检测服务。我司研发并销售内毒素检测涉及的全套试剂、无热原耗材及内毒素快速检测仪器，为您提供全面专业的解决方案！厦门鲎生科专注内毒素检测领域40年，努力成为全球内毒素领域解决方案领军企业！,"https://www.zhaopin.com/jobdetail/CC429475730J40747143503.htm?refcode=4019&srccode=401901&preactionid=a7c1140f-c46c-45e5-b867-ab342d8bdc77"
1190,技术支持工程师,天津-南开区,6000-10000元·13薪,北京万维盈创科技发展有限公司,"环保,环保,物联网,仪器仪表制造",500-999人,未融资,CC136892080J40779898612,温馨提醒：该岗位工作地点位于天津，试用期期间统一在西安技术中心工作3个月，进行学习培训，结束后返回区域办事处工作；培训期间提供宿舍，报销路费。接受培养方式可投递。 岗位职责： 1.负责产品安装调试过程中的远程指导； 2.负责产品在应用过程中出现的软硬件问题的排查与解决； 3.负责面向客户的产品与业务的技术培训； 4.负责产品使用问题的收集并及时反馈，做好客户维系工作; 5.办事处所辖范围的产品安装调试。 任职要求: 1.专科及以上学历，电子信息、自动化、计算机等相关专业； 2.1-2年相关岗位经验，可接受半年及以上相关实习的25应届生 3.优秀的沟通与表达能力，条理清晰，普通话良好； 4.善于分析与总结，性格耐心细致，有良好的客户服务意识； 5.为人正直，责任心强，具备较强的自我管理能力； 6.能适应出差，要求软件知识有基本运用。 福利待遇：    1.富有市场竞争力的岗位薪酬+各类生活补助（全勤奖、午餐补助、通讯补助、出差补助）+丰厚奖金（年终奖、绩效奖金等）+每年一次涨薪机会；     2.六险一金、补充商业险、重要节日慰问礼金，周末双休、旅游团建、健康体检、结婚礼金等；,7月23日,北京万维盈创科技发展有限公司是一家专业的环保物联网产品与解决方案提供商。公司成立于2004年，始终秉承创新实践和诚信服务的精神，专注于环保物联网领域，现已形成“智连接”、“智监测”、“智监管”、“智运维”四位一体的环保物联网产品与方案服务。多年持续投入环保监测领域创新，逐渐成为集自主研发、生产、销售、服务于一体的国家高新技术企业、中国环保产业协会信用等级评价“AAA”级企业。公司现有人员规模600+，近三年，公司持续迅猛发展，销售业绩与人员规模持续保持30%以上比例增长。强大的研发力量：万维盈创坚持把科技创新摆在突出位置，以创新引领发展，积极运用物联网、大数据等先进技术为环境在线监测应用实践。400+人研发技术团队不断致力于产品的迭代更新，助力环保信息化能力建设。全面系统的营销网络：集团总部位于北京昌平区TBD云集中心，办事处覆盖全国21个重点省会城市：北京、西安、杭州、郑州、上海、沈阳、贵阳、太原、成都、石家庄、合肥、重庆、大连、广州……健全的供应链管理体系：万维盈创本着“质量第一、信誉至上”的宗旨，全力以赴满足客户订单要求，竭诚为客户提供优质服务。一流的技术支持服务体系：专心、专注、专业是我们一贯坚持的服务理念，始终为客户提供全流程标准化的技术服务。,"https://www.zhaopin.com/jobdetail/CC136892080J40779898612.htm?refcode=4019&srccode=401901&preactionid=a7c1140f-c46c-45e5-b867-ab342d8bdc77"
1191,软件测试,成都-金牛区,5000-10000元,北京赛若科技有限公司,"计算机软件,IT服务,计算机软件",20-99人,A轮,CC624068420J00245734010,岗位职责     从事软件测试,7月19日,我们是由一群多年从事国防军工行业和高端装备制造领域软件测试的团队组成；我们有着十多年各类高安全性高可靠性软件测评经验；我们的软件测评实验室取得了国家实验室和军用实验室的资质；我们的业务规模正在快速增长；我们需要您：-虚心学习的能力：良好的学习环境会让你体验到什么是真正的软件测评-严谨认真的态度：专业的能力体现在每一个细节之中-团结协作的精神：一花独放不是春，百花齐放春满园我们期待您的加入：-我们会提供良好的专业培训和项目实践机会；-我们会带领你遨游在软件测试的知识体系内而不迷失；-我们会一起为客户提升软件质量而努力；-我们的slogan是Question the answered，answer the questioned，你怎么看？-我们期待共同让软件测试成为行业之光！,"https://www.zhaopin.com/jobdetail/CC624068420J00245734010.htm?refcode=4019&srccode=401901&preactionid=a7c1140f-c46c-45e5-b867-ab342d8bdc77"
1192,硬件测试,长春-朝阳区,5000-8000元,吉林省北联显示技术有限公司,"光电子行业,电子设备制造,工业自动化,专用设备制造",100-299人,未融资,CC371738220J40568965910,岗位职责：,7月26日,"北联显示成立于2011年，以智能工业显示类产品的研发、生产、销售于一体的国家级高新技术企业。公司主要产品包括轨道交通车载产品、轨道交通站台产品、工业计算机、工业显示器、工业平板电脑、工业级主板、ODM定制产品等。轨道交通产品遍布6个国家、30多个城市、120多条地铁线路；轨道交通显示产品行业占有率达60%。智能工业显示类产品应用于工业自动化、工业机器人、机器视觉、高端装备制造、新能源、智能快递柜、智能驾考、智能交通、冶金、机械、电力、汽车、石油、化工、电子、仪表、金融、烟草、医疗、环境监测等国民经济各主要行业与领域。公司总部位于北京，在上海、深圳、成都、沈阳、西安设有分公司；生产研发基地位于长春，基地拥有完善的产品研发团队、公司先后成立钣金厂、线束厂、CNC加工中心、SMT生产线，构建自主配套生态链。拥有10000平米的生产基地，六条手动线、风淋室、无尘室及老化室，年生产10W+。北联显示将始终秉持“成为领先的智能显示行业系统平台制造商""这一伟大愿景，保持创新动力和积极的企业文化，为客户提供有优势的解决方案和产品。","https://www.zhaopin.com/jobdetail/CC371738220J40568965910.htm?refcode=4019&srccode=401901&preactionid=a7c1140f-c46c-45e5-b867-ab342d8bdc77"
1193,C/C++,北京-海淀区,1.3-2.6万·14薪,外企德科数字技术有限公司,专业技术服务,10000人以上,,CCL1480117890J40781697505,岗位内容：  1. 设计、开发和维护高质量的C++应用程序； 2. 实现并优化算法和数据结构； 3. 负责软件系统的性能优化和调试； 4. 参与项目需求分析和技术选型。 任职要求：  1. 熟悉C++编程语言，具备扎实的编程基础； 2. 具有良好的算法和数据结构基础； 3. 熟练使用常见的开发工具； 4. 具备较强的沟通协调能力和团队合作精神； 5. 有扎实的计算机科学/软件工程背景。,2025-07-27 00:25:08,外企德科数字技术有限公司是一家2023年新成立的中外合资企业。成立于2023年11月24日，公司定位：专注于为信息技术企业提供人才及数字技术外包解决方案的中外合资企业。它是由中国人力资源服务行业的FESCO（北京国际人力资本集团）与全球人力资源服务领导者The Adecco Group（德科集团）合资成立的。公司主要提供网络技术服务、软件外包服务、计算机系统服务、技术进出口、软件开发等信息技术相关服务。专注于为信息技术企业提供信息技术类人才及数字技术外包解决方案。,"https://www.zhaopin.com/jobdetail/CCL1480117890J40781697505.htm?refcode=4019&srccode=401901&preactionid=a7c1140f-c46c-45e5-b867-ab342d8bdc77"
1194,测试工程师,南京-雨花台区,1.4-2.8万·14薪,外企德科数字技术有限公司,专业技术服务,10000人以上,,CCL1480117890J40599635905,【工作职责】 1、负责产品自动化框架、工具自动化能力构建； 2、熟练开发测试工具、测试脚本，及迭代优化测试框架； 3、根据业务特点，引入新的测试方法和工具，探索新技术； 4、负责产品部分专题项目的测试管理工作，对整体测试结果负责。 【任职要求】 业务技能要求： 1、至少熟练掌握一种测试框架，Selenium+unittest、pytest等； 2、至少熟练掌握一种关系型数据库如Oracle、Mysql，掌握常用SQL优化方案，有TBASE、POLARDB经验者优先； 3、具备较好的java代码走读能力、groovy脚本阅读能力和shell脚本的编写能力。 4、具有良好的团队协作能力和沟通能力，执行力强，能推动周边领域顺畅协作。具备较强的逻辑思维能力和强烈的责任心。 专业知识要求： 1、熟悉Python语言，熟悉常用的自动化测试框架，有相关CI自动化流水线开发经验者优先，有java经验开发优先； 2、具备设计和开发测试工具和自动化测试框架能力优先。 3、具备日志分析能力，能够结合日志进行问题分析；   【福利】   入职全额缴纳六险一金，试用期不打折，绩效双薪，每年两次绩效调薪机会，带薪年假，有班车和食堂，独立办公园区，转行转专业的同学也可以，试用期有大佬带教！   【工作时间】   每天早上9点上班，12：00-14：00午休2个小时；周一、周二、周四晚上6点吃完饭会工作到8:30下班，会提供免费的夜宵和班车，周三和周五晚上6点下班；平时周末是双休，月末最后一个周六会上班有加班费。,2025-07-27 00:23:22,外企德科数字技术有限公司是一家2023年新成立的中外合资企业。成立于2023年11月24日，公司定位：专注于为信息技术企业提供人才及数字技术外包解决方案的中外合资企业。它是由中国人力资源服务行业的FESCO（北京国际人力资本集团）与全球人力资源服务领导者The Adecco Group（德科集团）合资成立的。公司主要提供网络技术服务、软件外包服务、计算机系统服务、技术进出口、软件开发等信息技术相关服务。专注于为信息技术企业提供信息技术类人才及数字技术外包解决方案。,"https://www.zhaopin.com/jobdetail/CCL1480117890J40599635905.htm?refcode=4019&srccode=401901&preactionid=a7c1140f-c46c-45e5-b867-ab342d8bdc77"
1195,C/C++,深圳-龙岗区,1.2-2.3万,外企德科数字技术有限公司,专业技术服务,10000人以上,,CCL1480117890J40788716005,岗位职责： 1、负责应用软件开发和维护工作。 2、负责软件模块需求分析、系核心模块代码编写和单元测试，完成概要设计文档、详细设计文档。 3、积极主动的与项目相关人员沟通交流，持续改善产品体验。 业务技能要求： 1、熟练掌握常用数据结构。 2、熟悉计算机组成原理、操作系统、网络等。 岗位要求： 1.一本以上学历，双证学信网可查（不要求专业）  2.热爱编程，基础扎实，熟悉掌握但不限于Java、C/C++、GO、Python、JS等1种或多种主流编程语言 ，精通多线程、IO、网络编程等； 3、精通客户端与服务器通信协议，精通 XML 、 JSON 数据交换格式，精通 STL、Curl、 DuiLib 等常用的开源库； 4.熟悉底层软件、应用软件，具备操作系统、嵌入式软件开发相关的知识； 5.具有良好的沟通能力，有良好的团队合作精神。对技术有激情，喜欢钻研，能快速接受和掌握新技术，有较强的独立、主动的学习能力。 工作地点：  西安、成都、深圳、北京、苏州、东莞、杭州、南京、上海、武汉等地的研究所  福利待遇：  1.薪资=底薪+绩效+年终奖  2.五险一金底薪全额缴纳  3.根据绩效考核，享有年终奖、项目奖金及调薪机会 4.有班车，工作日20：30后有免费夜宵，技术论坛分享 ，不定时下午茶水果 PS：全流程线上面试，对经验没有强制要求，对接多个部门的需求。技术OK的小伙伴都可以试试,2025-07-27 00:25:40,外企德科数字技术有限公司是一家2023年新成立的中外合资企业。成立于2023年11月24日，公司定位：专注于为信息技术企业提供人才及数字技术外包解决方案的中外合资企业。它是由中国人力资源服务行业的FESCO（北京国际人力资本集团）与全球人力资源服务领导者The Adecco Group（德科集团）合资成立的。公司主要提供网络技术服务、软件外包服务、计算机系统服务、技术进出口、软件开发等信息技术相关服务。专注于为信息技术企业提供信息技术类人才及数字技术外包解决方案。,"https://www.zhaopin.com/jobdetail/CCL1480117890J40788716005.htm?refcode=4019&srccode=401901&preactionid=a7c1140f-c46c-45e5-b867-ab342d8bdc77"
1196,C/C++,北京-None,8000-12000元,北京天正软件股份有限公司,"计算机软件,房地产开发",100-299人,未融资,CC407130113J00235235812,"职位描述：  主要承担研究开发产品等工作。   岗位要求：  1、计算机相关专业毕业，本科以上学历。 2、熟悉掌握VC++6.0及以上版本。 3、熟悉掌握MFC,STL,BOOST库。 4、了解计算机基本算法。 5、了解图形算法优先。 6、了解AutoCAD开发者优先。  7、具有团队合作精神。 职位福利：五险一金、定期体检、带薪年假、绩效奖金、员工旅游、节日福利、周末双休 ",6月23日,天正公司专注于工程设计行业，经过20年的发展形成了以建筑为龙头包括暖通、给排水、电气、结构、日照、光环境、节能、道路、管线、交通、规划、景观、土方、太阳能、造价等专业CAD软件以及协同设计管理平台。产品、服务覆盖全国，软件使用者超过百万，全国勘察设计行业500强的公司均采用天正公司推出的产品解决方案。天正公司自成立以来，极大地提高了工程行业的设计效率，为中国建筑设计行业创造出数以千亿计的社会价值，主持了“国家十一五科技支撑计划”子课题，并参与了建筑有关方面5个国家级标准的编制，被中关村园区认定为“高新技术企业”。持续发展的天正公司欢迎您，希望您在众多的竞争者中脱颖而出，成功加入天正公司，伴随公司共同成长。人才是企业最可贵的资源，天正公司真诚地欢迎有热情、有追求的人才聚集在天正，共同迎接挑战，共同成长，最大程度实现共赢！我们将为你提供——对内公平对外有竞争力的薪酬体系完善的保险和福利◇社会保险：包括养老保险、失业保险、工伤保险、生育及医疗保险；◇商业保险：补充医疗险、人身意外伤害综合险；◇住房公积金；◇午餐补助、加班餐费补助；◇年度健康体检；合理的工作时间及假期◇标准工作制，周一至周五工作，中午至少1小时休息时间◇享受所有法定的假期◇逐步增幅的年休假体制完善的培训体系培训课题包括：◇新员工入职培训◇公司内部技术交流培训◇外部培训网站：http://www.tangent.com.cn邮箱：hr@tangent.com.cn,"https://www.zhaopin.com/jobdetail/CC407130113J00235235812.htm?refcode=4019&srccode=401901&preactionid=a7c1140f-c46c-45e5-b867-ab342d8bdc77"
1197,软件测试,广州-天河区,1.2-1.6万,四川若扬企业管理咨询有限公司,企业服务,20-99人,,CCL1506191320J40867330315,岗位内容： 1. 设计并执行测试用例，记录测试结果并准备测试报告。 2. 协调开发人员、项目经理和测试团队成员，以确保遵守时间表和产品质量标准。 3. 使用自动化测试框架和工具来提高测试效率和覆盖率。 4. 不断改进测试流程和方法，以提高质量和效率。 5. 关注产品质量和客户需求，确保稳定、可靠和用户友好的软件交付。 任职要求： 1. 熟悉软件测试方法和流程。 2. 掌握至少一种自动化测试框架和脚本语言（如Selenium、Python、Robot Framework）。 3. 具备良好的团队合作精神和沟通能力。 4. 能够承受压力，在快节奏的环境中高效工作。 5. 有问题解决的能力和主动学习的态度。,7月23日,,"https://www.zhaopin.com/jobdetail/CCL1506191320J40867330315.htm?refcode=4019&srccode=401901&preactionid=a7c1140f-c46c-45e5-b867-ab342d8bdc77"
1198,软件测试,铜仁-碧江区,6000-8000元,天阳科技,"计算机软件,计算机软件",1000-9999人,已上市,CC120408370J40606451408,1.全国项目驻场测试，主要负责功能、数据或接口等相关测试工作； 2.统招本科学历及以上（学信网可查）；毕业满2年；计算机专业优先； 3.热爱软件测试行业、有强力的自驱力，能够在测试岗位深入学习研究； 4.有无经验均可，服从公司安排，接受公司培养，可接受异地工作优先； 福利待遇： 上市公司、公司可提供住宿、定期体检、带薪年假； 欢迎符合要求的小伙伴们投递~,7月16日,天阳科技(股票代码：300872)，是全球金融创新服务的重要贡献者，持续赋能中国金融行业数字化转型，为客户提供咨询、金融科技产品、金融IT服务、云计算及运营服务。公司成立于2003年，服务超过300家金融行业客户，覆盖中央银行、政策性银行、国有银行、股份制银行、地方性商业银行、非银行金融机构等，员工人数近7000人，成为激活金融领域创新活力、推动金融科技迈入世界领先水平的重要力量。作为金融行业客户可信赖的合作伙伴，天阳科技凭借丰富的行业经验和端到端的专业服务，在信创、数字化金融、信贷、交易银行、信用卡、零售、营销、风险管理、征信监管等众多领域具备核心竞争力。据赛迪和IDC报告显示，近年来公司在中国银行业IT解决方案市场排名强势崛起，2019年收入及市场占有率综合排名分别位列第四位和第五位，并保持高速增长。同时，前瞻商业和科技趋势，入选2021年度未来银行科技服务商TOP100。天阳科技始终聚焦金融科技领域，加大自主创新力度，在超过100个城市建立本地化、专业化的研发和服务团队，拥有CMMI5级认证、软件测试成熟度模型集成（TMMi）3级认证、ISO9001质量管理体系认证、ISO20000信息技术服务管理体系认证、IS027001信息安全管理体系认证。通过部署人工智能、云计算、大数据、移动互联网、分布式计算和区块链等先进金融科技，公司致力于构建安全可控、普惠民生、开放共赢格局，在关键技术领域服务现代化金融发展大局，更好地为各利益相关方创造更大价值，为大中企业、小微企业以及每个个体提供优质金融服务。,"https://www.zhaopin.com/jobdetail/CC120408370J40606451408.htm?refcode=4019&srccode=401901&preactionid=a7c1140f-c46c-45e5-b867-ab342d8bdc77"
1199,科研人员,杭州-西湖区,1.3-2.5万,亚厦装饰,"装饰装修,装饰装修",1000-9999人,已上市,CC140740100J40922793004,一、招聘条件： 1、近三年内取得博士学位，年龄在35周岁以下； 2、具备从事博士后研究工作的条件； 3、具有扎实的相关专业背景和较强的研究经历，并取得相关科研成果； 4、具有较强的科研能力、创新研究的潜力和敬业精神，品学兼优，遵纪守法，无不良记录，身体健康。 二、招聘计划： 技术研发方向：建筑装饰新材料的研发 专业要求：建筑材料工程技术、材料科学与工程 三、人才待遇： 1、博士后研究人员在站期间收入15-30万元/年； 2、鼓励和支持博士后研究人员申请国家自然基金、中国博士后科学基金自助、浙江省博士后科研项目择优自助等各类基金项目。支持博士后研究人员申请各类科研项目。 3、鼓励和支持博士后研究人员早出成果、多出成果，在站期间所出成果公司评定后可给予相应奖励。 四、应聘要求： 1、 投递岗位后，需附《拟选研究方向的思路与计划》，字数800以内； 2、学位、学历相关证明材料； 3、研究能力和学术水平的成果及奖励证明材料。（如学术论文或著作；参与国家自然科学基金或省部级以上重大、重点项目；获得国家发明或使用新型专利或有一定的成果转化；获各级科技成果奖等）。,6月17日,亚厦，中国建筑装饰行业的一线高端品牌，中国建筑装饰行业持续领跑者，连续14年荣膺中国建筑装饰百强企业第二名，中国建筑装饰行业百强企业行业旗舰、中国建筑绿色环保设计五十强企业、中国品牌价值500强、中国民营企业500强、中国建筑业竞争力百强企业、浙江省建筑装饰行业领军企业、中国中小板上市公司价值50强、���小板信息披露优秀上市公司和最佳管理团队上市公司，并率先在行业内被认定为“高新技术企业”。亚厦，打造以室内外装饰、幕墙、设计与施工为主，涵盖园林、机电安装、建筑智能化、石材加工等大装饰产业链，推行“生产工厂化、加工机械化、装配成品化”现代装饰技术模式，形成了市场区域全覆盖、市场业务全覆盖的大装饰格局，推进“专业化、规模化、公众化、国际化”的大装饰发展之道。亚厦专注高端星级酒店、大型公共建筑、高档住宅的精装修，并在机场铁路、商业综合体、银行金融机构、医疗机构、艺术文化机构等大型公共建筑的设计装修方面具有领先优势。亚厦以信誉立业、以质量兴业，截止2019年12月，亚厦共荣获国家级奖项1078项，省部级优质工程奖2244项，拥有国家专利3244项（其中工业化专利2258项），获奖数量在行业内处于领先地位。在2000人的项目管理团队中，亚厦拥有助理工程师1000余人，工程师400余人，高级工程师200余人。其中代表项目：国家级会议会场：2014北京APEC峰会主会场 2016杭州G20峰会主会场 2017厦门金砖五国峰会主会场军委项目：中央军委总厚礼堂中国人民军事博物馆中南海代号工程国家重点项目：人民大会堂上海世博中心国家海洋馆北京中国尊文化建筑：上海迪斯尼项目北京环球影城顶级奢华酒店：北京宝格丽三亚one&only及全国机场，高铁站，综合体，高端住宅等。薪酬福利亚厦提供具有竞争力的薪酬方案，行业内人均薪资排名第一。薪资结构由基本工资+绩效奖金+日常福利组成。包含五险一金，年终奖，交通补贴，话费补贴，用餐补贴，节日补贴及生日补贴。每年一次调薪机会。发展通道公司有完整薪酬绩效体系，为员工调岗，转岗，晋升，晋级提供保证。公司定期组织岗位竞聘，鼓励员工自推自荐，公平竞争。培训体系：公司拥有完善的培训体系。培训发展部协同用人部门制定4大培训计划，6大培训门类，513门课程，人均年受训时间超过18小时。“人才是亚厦第一资源”-亚厦控股董事长丁欣欣,"https://www.zhaopin.com/jobdetail/CC140740100J40922793004.htm?refcode=4019&srccode=401901&preactionid=a7c1140f-c46c-45e5-b867-ab342d8bdc77"
1200,硬件测试,重庆-涪陵区,7000-10000元,重庆科满福人力资源服务有限公司,企业服务,20-99人,,CCL1487604860J40928957804,【岗位职责】 ： 1、进行新产品研发阶段的测试工作 2、完成新产品的功能测试、可靠性测试、环境测 试、安全测试等技术工作 3、制定测试计划，设计测试用例，分析测试数 据，编制测试报告 4、为其他部门提供技术支持，与其他部门的产品 联合测试工作,7月7日,,"https://www.zhaopin.com/jobdetail/CCL1487604860J40928957804.htm?refcode=4019&srccode=401901&preactionid=a7c1140f-c46c-45e5-b867-ab342d8bdc77"
1201,科研人员,郑州-新郑市,8000-15000元,河南创源生物技术有限公司,专业技术服务,20-99人,,CC891429080J40494225905,岗位职责: 1、熟悉细胞培养、胚胎培养相关工作； 2、能够参与和领导相关科研项目研发，提升科研效率和成功率； 3、熟悉国内外生物育种和生物医学相关领域产业化进展，能领导或重点参与相关科研项目的撰写、申报和总结工作，并能在项目开展过程中发挥骨干作用； 4、熟练掌握常用生物统计、数据分析和文献检索软件，能够熟练撰写专业学术性文章； 5、能够带领或作为骨干完成公司制定的重点科研任务并取得较好进展； 6、完成公司安排的其他相关科研工作。 岗位要求: 1、细胞生物学、发育生物学、遗传学、动物繁殖与育种等相关专业背景，硕士及以上学历； 2、有细胞培养或胚胎培养或基因编辑相关实验经验优先； 3、能熟练查找和分析专业文献，有写作及发表生物医学论文或文献者优先； 4、有较强的团队合作精神，刻苦钻研的学术作风，实事求是的工作态度，具有良好的沟通能力； 5、有驾驶经验，能熟练开车。 职位福利：五险一金、节日福利、餐补,6月4日,河南创源生物技术有限公司（Henan Chuangyuan Biotechnology Co. Ltd.，CYB），成立于2016年9月，是一家主要致力于猪资源深度挖掘与开发，服务于科研创新、种猪精准繁育及医用猪开发等领域的“能力、技术与资源”开放平台高新技术公司，通过为行业提供现代精准繁育整体解决方案实现自身价值。公司使命：领衔核心生命科技，重塑猪与人类生态关系！服务理念：以客户为伙伴，以伙伴为中心，坚持长期为伙伴贡献价值！核心人才观：以奋斗者为本，以价值为中心，坚持长期艰苦奋斗！发展定位：引领动物育种革命，培育人体替代器官！,"https://www.zhaopin.com/jobdetail/CC891429080J40494225905.htm?refcode=4019&srccode=401901&preactionid=a7c1140f-c46c-45e5-b867-ab342d8bdc77"
1202,前端开发,湖州-吴兴区,105-130元/天,浙江大学湖州研究院,"学术/科研,专业技术服务,咨询服务",300-499人,未融资,CCL1305152930J40680077916,"岗位职责： 1.参与PC、移动、APP、小程序数据可视化等前端开发工作； 2.推动开发、构建、发布等前端工程化体系建设； 3.Web性能优化、体验优化（跨端性能指标搜集.性能数据分析）； 4.推动UI 规范制定和落地（基础组件库、业务组件库）； 5.参与新技术探索、推进系统架构的演化。 任职条件： 1.熟悉前端工程化开发，熟练掌握前端语言JavaScript，Ajax和组件JQuery，熟悉前端框架Vue，React的一种或几种，具有良好的编码习惯； 2.对后端和算法有一定的了解，有把握整体项目框架的基本认知； 3.了解后端框架SSM（Spring,SpringMVC,Mybatis（Mybatis_plus））,Springboot,一个或者多个。具有和后端联调的项目经验； 4.计算机，软件工程，通讯工程等相关专业优先； 5.指导老师安排的其它工作，例如：大数据标记等。 6.六个月以上优先",7月24日,浙江大学湖州研究院成立于 2020年 12月，系浙江大学与湖州市政府共建事业单位，是集科技研发、人才引育、企业孵化、产业服务于一体的省级新型研发机构。研究院重点以“智能+”为核心，围绕智能无人系统、智能感知仪器、智能集成装备、智能数字应用等领域推进创新研究和“产学研”融合。研究院建有国家级博士后科研工作站，智能无人系统省级工程研究中心、特种智能仓储物流装备全省重点实验室、省级院士工作站、省侨联侨界创新创业基地、省级高新技术产业高质量发展研究基地，市级重点实验室、湖州市产业培训学院等平台。现有院属研究中心（项目团队）28个，常驻人员 500余人，其中科研人员占 94%以上。孵化科技企业 38家，其中有 12家入选省级科技型中小企业，融速科技、比羿激光、上欧科技等多家企业与基金方达成投融资意向，融资额总计 5000万元。,"https://www.zhaopin.com/jobdetail/CCL1305152930J40680077916.htm?refcode=4019&srccode=401901&preactionid=a7c1140f-c46c-45e5-b867-ab342d8bdc77"
1203,前端开发,广州-天河区,1.4-2万,四川若扬企业管理咨询有限公司,企业服务,20-99人,,CCL1506191320J40867328515,岗位内容： 1. 负责开发和维护前端系统和模块，确保其运行稳定可靠 2. 编写高效、清晰、易于维护的代码 3. 协调需求，与其他团队成员进行有效沟通和协作 任职要求： 1. 熟练掌握HTML、CSS和JavaScript，熟悉主流前端框架 2. 具备扎实的编程基础，良好的代码风格，注重代码品质 3. 擅长和团队合作，具备很好的沟通和协调能力,7月23日,,"https://www.zhaopin.com/jobdetail/CCL1506191320J40867328515.htm?refcode=4019&srccode=401901&preactionid=a7c1140f-c46c-45e5-b867-ab342d8bdc77"
1204,硬件测试,北京-朝阳区,9000-13000元·18薪,北京环佳通信技术有限公司,"电子/半导体/集成电路,电子/半导体/集成电路,通信/网络设备",100-299人,未融资,CC136749530J40762551413,岗位职责： 1.负责对公司产品或系统的测试，包括分析测试需求，设计并执行测试流程，整理测试报告等 2.深入理解产品或系统工作原理，并能从测试角度提出优化建议； 3.制定和完善产品或系统的测试技术文档。任职要求：   1.电子、通信或自动化等专业；   2.熟悉测试流程，熟悉网络通信、无线通信、电磁兼容或电源测试相关知识优先；   3.具备团队合作精神。,6月24日,公司概况北京环佳通信技术有限公司成立于1994年，是中国船舶集团第七研究院（中国舰船研究院）所属全资子公司，注册资金2000万元。公司主要从事无线宽带信息传输设备、特种信息装备、综合指挥控制系统的研发、生产和服务，以及演习训练系统、综合通信系统、指挥自动化系统等军民融合项目的设计与建设。二十多年来，公司紧跟世界信息科技发展趋势，积极开展技术研究与产品开发，已拥有五十多项发明专利和软件著作权，被评定为国家级高新技术企业。科研实力公司研发中心位于北京市朝阳区科荟路，占地面积1000m2，拥有国际一流的仪器仪表设备和综合仿真测试系统；科研队伍结构合理、思想稳定、作风顽强，高级工程师和本科以上学历员工分别占公司总人数的20%和85%。公司拥有软件开发、系统集成、六性设计、工艺标准化、电磁兼容性设计等团队小组，在装备研发和系统集成建设方面积累了丰富的研究与工程实施经验，至今已完成多项大型重点项目的建设任务。公司参与建立了北交大联合实验室，与东大、西电、厦大等高校联合进行技术开发及产品研制，与中兴、华为、海康等行业领先单位进行深度合作，与中电科集团、中船工业、中国航天等50余家单位建立了合作关系，并与美国、英国、德国等相关企业开展技术合作与产品引进。企业文化企业理念——“开拓进取，求实创新，军民并举，科学发展。”企业方针——“管理制度化，工作规范化，技术标准化，服务人性化。”公司以专业的人才队伍为基础，以规范的岗位责任制度为保障，以高效的运作模式为手段，以科学的考核评估机制为辅助，积极构建以人为本、和谐发展的企业文化。,"https://www.zhaopin.com/jobdetail/CC136749530J40762551413.htm?refcode=4019&srccode=401901&preactionid=a7c1140f-c46c-45e5-b867-ab342d8bdc77"
1205,实施工程师,重庆-渝北区,7000-10000元,重庆渝柯机械有限公司,电子设备制造,20-99人,,CCL1501615540J40849040215,岗位内容： 1. 负责公司产品的规划、设计、安装、调试及优化。 2. 解决客户在安装和使用过程中可能出现的技术问题。 3. 维护客户关系，了解客户需求并及时响应，并根据客户需求反馈，做出相应调整。 任职要求： 1. 具备计算机、自动化等相关专业学历，优秀者可放至大专。 2. 熟练掌握网络设备的安装及调试知识，具备网络规划能力。 3. 具备一定的项目管理经验，能有效组织和协调团队工作。 4. 具备良好的客户服务意识和高度的责任心。,2025年07月30日,,"https://www.zhaopin.com/jobdetail/CCL1501615540J40849040215.htm?refcode=4019&srccode=401901&preactionid=a7c1140f-c46c-45e5-b867-ab342d8bdc77"
1206,测试工程师,西安-长安区,5000-8000元,中国国检测试控股集团陕西有限公司,检测/认证,100-299人,,CCL1420954670J40690340210,岗位职责: 1、能独立完成非标准试验项目； 2、根据试验要求设计试验工装、夹具及相关参数测量计算； 3、能熟悉使用UG、AutoCAD、PRO/E、Solidworks等三维/二维设计软件，具备独立工装夹具设计能力，配合客户完成夹具工装设计工作，并沟通外协厂家按照设计要求完成工装来具加工生产； 4、熟悉万能材料试验机、力学试验仪器等物理检测设备工作原理； 5、熟悉数据采集传感器、信号采集器、位移传感器等传感器的工作原理； 6、熟悉C语言及相关编程知识； 7、能独立完成试验并根据测试规范要求编制试验报告； 8、能独立翻译英文标准和技术资料。 岗位要求: 1、年龄要求：25-35周岁； 2、学历要求：本科及以上； 3、专业要求：机械制造、机械自动化、液压传动、车辆工程、计星等相关专业;  4、技能要求：   (1)熟悉二维/三维绘图软件；   (2)了解机械设计的原理和结构设计等方面工作；   (3)通过计算机二级考试，熟悉C语言等基础编程知识；   (4)通过大学英语四级考试；   5、证书要求：毕业证、学位证、计算机二级证书、英语四级(480分以上)；,7月14日,,"https://www.zhaopin.com/jobdetail/CCL1420954670J40690340210.htm?refcode=4019&srccode=401901&preactionid=a7c1140f-c46c-45e5-b867-ab342d8bdc77"
1207,硬件测试,天津-武清区,5000-8000元,同力恒业科技(北京)有限公司,"电子/半导体/集成电路,电子/半导体/集成电路,计算机硬件,金属制品业",100-299人,不需要融资,CC300577310J40755958701,岗位职责 1、生产流程执行 - 根据工艺文件要求完成PCB贴装、焊接、测试等工序，确保符合质量标准和交付周期。  - 执行首件确认、过程抽检，并记录生产数据（如不良品率、设备参数等）。  2、质量检测与分析 - 使用测试仪器（如万用表、示波器、ICT/FCT测试机）对产品进行功能测试和性能验证。  - 分析不良品原因，配合工程师优化工艺或提出改进建议。  3、工艺优化支持 - 协助工程师进行新产品的试产导入、工艺参数调整及生产效率提升。 任职资格 1、大专及以上学历，电子、自动化、机电一体化等相关专业，可接受优秀应往届毕业生； 2、掌握基础测试工具（如万用表、X-ray检测仪）和测试方法（如ICT、FCT）； 3、能看懂电路原理图、PCB布局图及BOM表，了解电子元器件特性； 4、踏实认真，责任心强。,7月16日,同力恒业科技（北京）有限公司成立于2006年，专业从事电子制造服务(EMS).专注于为客户提供产品开发、工艺设计、物料配套、精密贴装、插件焊接、三防涂敷、整机电装、测试老化以及包装运输、售后维修等整个供应链解决方案。公司定位于高可靠性及中高端产品电子制造服务，在通讯导航、仪器仪表、医疗设备汽车电子、航空航天等领域具有丰富的一站式制造服务经验。工厂地处京津翼协同发展核心区京津科技谷，区位优势得天独厚，工厂环境优美，基础设施齐备。生产及检测设备配置高、速度快、稳定可靠，通过CRM、ERP、 MES系统、专用编制工艺文件软件与制造环境的融合，实现了对客户、资源、计划、制造、执行、经营的数字化、网络化、智能化管理，满足快速响应和交付的需求，提升了产品质量、订单效率、服务水平。公司严抓质量管理，建立了有效的质量管理体系所先后通过武器装备质量管理体系( GJB9001C)、质量管理体系( IS09001)、医疗器械质量管理体系(（ISO13485)认证。自成立以来，公司注重员工的技能培训，沉淀了一批经验丰富、专业的技术和管理人才打造了一支训练有素的员工队伍。坚持以人为本，为员工创造良好的工作环境，并致力于推动员工与企业共同成长。,"https://www.zhaopin.com/jobdetail/CC300577310J40755958701.htm?refcode=4019&srccode=401901&preactionid=a7c1140f-c46c-45e5-b867-ab342d8bdc77"
1208,Java,佛山-南海区,6000-7000元,本田汽车零部件制造有限公司,汽车研发/制造,1000-9999人,,CC140202450J40762927710,岗位职责：,7月3日,本田汽车零部件制造有限公司成立于2005年9月，是本田技研工业株式会社在中国设立的首家独资公司。公司位于广东省佛山市南海区狮山镇，占地面积约四十万平方米，注册资金二亿美金，现有员工：2400余人。主要生产汽车变速箱及其相关零部件，直接为广汽本田、东风本田等系统内公司供货。我们秉承本田“尊重个性，三个喜悦”的基本理念，“我们放眼全球，竭尽全力以合理的价格提供高质量的商品，让全世界的用户满意”的企业宗旨，以“志向、技术、品质”为原动力，不断挑战新课题，通过HONDA员工的努力，凭借我们自身的综合实力去实现“创造喜悦、销售喜悦、购买喜悦”的三个目标，与全世界的人们分享喜悦，努力成为社会所期待存在的企业！公司实行五天八小时制，并按国家相关法规提供各类福利及休假：社保、住房公积金、带薪年休假、婚假等。公司将为您提供广阔的发展空间，我们期待您的加盟，携手共创CHAM更美好的明天！温馨提示：●能使用日语进行日常会话者优先（懂日语或应聘日语职位者请投中日文简历）；●简历筛选合格者我们将以电话或E-mail通知面试；●重复投简历无效。●工作地点：佛山市南海区狮山镇,"https://www.zhaopin.com/jobdetail/CC140202450J40762927710.htm?refcode=4019&srccode=401901&preactionid=a7c1140f-c46c-45e5-b867-ab342d8bdc77"
1209,测试工程师,厦门-湖里区,5000-8000元,厦门汉印股份有限公司,"电子设备制造,电子设备制造",1000-9999人,未融资,CC608178620J40486703402,岗位职责：,7月11日,厦门汉印电子技术有限公司，是一家专业从事打印设备的研发、生产、销售及服务的国家级高新技术企业，致力成为全球打印行业的领导者。凭借自主研发的核心精密技术，先后荣膺“国家级专精特新小巨人企业”、“国家级服务型制造示范企业”、“国家级制造业单项冠军示范企业”等荣誉以及“德国红点最佳设计奖“、“中国专利奖”等重要奖项。累计申请专利900多项，并与多家科研院所成立产学研究院，成为行业先锋。作为全球销量领先的打印设备厂商之一，汉印产品涉及领域广泛，远销80多个国家和地区。公司通过多年的科研创新和技术积累，主导制定了打印行业团体标准，作为打印领域企业标准“领跑者”，汉印拥有专业且丰富的全流程打印解决方案，为生态合作伙伴提供构建物联网时代的信息互联，在各大产业的自动化、智能化、网络化的数据输入及信息输出技术方面发挥着重要的作用。,"https://www.zhaopin.com/jobdetail/CC608178620J40486703402.htm?refcode=4019&srccode=401901&preactionid=a7c1140f-c46c-45e5-b867-ab342d8bdc77"
1210,硬件测试,东莞-None,7000-12000元,重庆科满福人力资源服务有限公司,企业服务,20-99人,,CCL1487604860J40932700904,【岗位职责】 ： 1、进行新产品研发阶段的测试工作 2、完成新产品的功能测试、可靠性测试、环境测 试、安全测试等技术工作 3、制定测试计划，设计测试用例，分析测试数 据，编制测试报告 4、为其他部门提供技术支持，与其他部门的产品 联合测试工作,7月17日,,"https://www.zhaopin.com/jobdetail/CCL1487604860J40932700904.htm?refcode=4019&srccode=401901&preactionid=a7c1140f-c46c-45e5-b867-ab342d8bdc77"
1211,实施工程师,扬州-邗江区,5000-6000元·15薪,无锡中科光电技术有限公司,"仪器仪表制造,环保",500-999人,未融资,CC470818610J40715702002,岗位职责： 1、负责大气空气站，常规站现场运维，确保项目顺利实施，保证公司产品正常稳定运行; 2、负责公司设备的维护服务工作，及时解决设备问题，确保系统稳定运行; 3、负责根据需要进行现场技术交流和其他技术支持工作; 4、负责对运维对象的日常巡检、保养、维护、校准，确保系统稳定运行，保证主管部门要求的联网率和准确率; 5、负责运维过程中的各项技术档案的整理、归纳; 6、负责管理自己拥有的公司资产(包括备件、工具、笔记本等); 7、按照公司和部门规章制度的要求开展工作，完成上级交办的其他工作。 任职资格: 1、大专及以上学历，环境类，化学类和有机分析相关专业，有常规站运维工作经验适当放宽； 2、吃苦耐劳，能适应出差工作； 3、有驾照者优先考虑。 ,7月2日,无锡中科光电技术有限公司成立于2011年8月，坚持“装备和服务”并举的发展战略，是集大气环境高端监测仪器技术研究、产品开发、集成应用和空气质量改善综合服务于一体的国家高新技术企业。中科弘清（北京）科技有限公司成立于2016年11月，聚焦专业的大气排放源清单工具研发、城市排放源调查与清单编制、空气质量模型与预报预警服务等解决方案和服务。南京科略环境科技有限责任公司成立于2016年3月，专注于提供光化学污染、挥发性有机物（VOCs）污染和大气监测超级站数据应用等解决方案及服务。2021年，无锡中科光电完成了与中科弘清、科略环境的全面整合，打通了大气环境业务链条，具备立体监测装备研发与集成、源清单、源解析、信息化平台开发应用和空气质量改善等大气环境服务的核心竞争力，并构建了环境监测、环境服务、信息化平台和气象探测四大业务版块布局。站在新的历史起点，公司牢记初心，继续坚持创新引领发展，在全面提升大气环境服务能力的同时，积极进军气象、交通、海洋等立体监测和服务领域，为新时代生态文明建设贡献中科光电力量！,"https://www.zhaopin.com/jobdetail/CC470818610J40715702002.htm?refcode=4019&srccode=401901&preactionid=a7c1140f-c46c-45e5-b867-ab342d8bdc77"
1212,Java,北京-海淀区,1-1.5万,新讯数字科技(杭州)有限公司北京分公司,"运营商/增值服务,计算机软件,通信/网络设备",1000-9999人,不需要融资,CC120409680J40760507609,岗位职责： 负责5G新通话业管平台的开发。 岗位技能： java后端 1.掌握Java语言，具备SprinqBoot、SpringCloud框架开发经验 2.熟悉常用数据库的操作使用，如Informix/Oracle/MySQL等，熟练的SQL编写能力 3.熟悉eclipse、intelii lDEA、Tomcat、nginx、maven、git、svn等常用开发工具 4.熟悉Linux环境，熟悉常用命令; 5.沟通能力强，富于团队精神和敬业精神，能承受工作压力; 6.熟练使用Lua优先。 基本条件： 良好的自学能力、独立工作能力和团队协作精神，工作踏实勤恳，责任心强。 思路清晰，具备良好的沟通和表达能力。 具备通信软件开发经验者优先。,7月25日,新讯数字科技（杭州）有限公司（简称“新讯”、“EB”），曾用名“杭州东信北邮信息技术有限公司”，由北京邮电大学廖建新教授以其主持研发的移动智能网核心技术为基础，于2000年2月创建。公司现有员工约1800人，在全国二十多个省、自治区、直辖市设立了分公司/办事处，拥有投资近4000万元的大型系统实验室。经过二十余年拼搏，已形成了立体化产品矩阵，覆盖核心网络通信、高性能媒体处理、大数据与AI、通信安全、物联网等DICT领域，为现网近10亿用户提供电信级服务。目前，公司已经成为国内运营商的重要战略合作伙伴和移动通信领域的主要支撑厂商。,"https://www.zhaopin.com/jobdetail/CC120409680J40760507609.htm?refcode=4019&srccode=401901&preactionid=a7c1140f-c46c-45e5-b867-ab342d8bdc77"
1213,软件测试,苏州-吴中区,6000-7000元,上海耘瓴端网络科技有限公司,电子商务,300-499人,,CCL1346212520J40871896604,"工作内容 1、参与产品功能,性能,稳定性测试工作,对产品的质量负责;对产品有一定兴趣。 2、了解业务需求和产品定位,有一定的业务逻辑分析能力; 3、根据产品需求执行测试用例,及时汇报测试进度; 4、对测试过程中产生的BUG进行跟踪以及验证,能够主动推进解决bug; 5、按照项目进度,能够保质保量按时完成测试任务 任职要求 1.学历大专及以上（机械、电子、软件、自动化等相关专业） 2.有智能产品测试经验优先 3.熟悉软件测试的流程和方法 4.熟悉Linux常用命令和常用 bug管理工具 5.沟通顺畅，抗压能力强 薪资待遇 3000底薪+2000绩效+500社保补贴+加班费，3个月，表现好可以继续做",5月11日,经营范围包括一般项目：技术服务、技术开发、技术咨询、技术交流、技术转让、技术推广，互联网销售（除销售需要许可的商品），企业管理咨询，信息咨询服务（不含许可类信息咨询服务），物业管理，单位后勤管理服务，园林绿化工程施工，国内货物运输代理，装卸搬运，餐饮管理，办公用品销售，劳动保护用品销售，电子产品销售，机械设备销售，机械零件、零部件销售，日用百货销售，品牌管理，人力资源服务（不含职业中介活动、劳务派遣服务），专业设计服务，软件外包服务，广告设计、代理，广告发布（非广播电台、电视台、报刊出版单位），广告制作，物联网设备销售，物联网技术服务，仪器仪表销售，市场营销策划，商务代理代办服务。,"https://www.zhaopin.com/jobdetail/CCL1346212520J40871896604.htm?refcode=4019&srccode=401901&preactionid=a7c1140f-c46c-45e5-b867-ab342d8bdc77"
1214,实施工程师,广州-越秀区,8000-15000元,北京太平洋云创科技有限公司,计算机软件,20-99人,,CC449464480J40819898708,工作职责: 1. 客户服务支持 (1) 提供软件系统应用技术支持 (2) 解答解决用户在系统使用中相关技术问题 (3) 熟练掌握公司产品，了解客户需求 (4) 协助软件项目经理现场快速定位，处理系统产生的问题 (5) 协助项目经理根据销售与客户需要，组织软件系统培训工作 (6) 参与用户组织的与软件系统相关的技术性会议，并形成会议纪要 (7) 为用户提供系统的更新维护和升级 2. 收集及维护需求 (1) 收集客户在使用系统过程中提出的相关问题及需求 (2) 将客户所提需求形成相关文档并定时向客户汇报需求处理进度 (3) 形成用户需求文档，并及时和团队沟通 3. 应急故障处理 (1) 对于突发性的故障能第一时间通过电话、网络或者到达现场进行故障排除 (2) 形成故障报告并及时同团队沟通 任职要求: 1. 本科及以上学历，理工科专业 2. 葡萄牙语B2等级 3. 熟练掌握计算机操作等相关知识 4. 具备良好的表达和沟通能力，强烈的责任心和团队合作意识。工作积极主动，能承受较大的工作压力。,7月9日,,"https://www.zhaopin.com/jobdetail/CC449464480J40819898708.htm?refcode=4019&srccode=401901&preactionid=a7c1140f-c46c-45e5-b867-ab342d8bdc77"
1215,Java,深圳-龙岗区,2-4万·16薪,陕西慧云联达企业管理咨询有限公司,人力资源服务,20-99人,不需要融资,CCL1445845820J40749565305,岗位内容： 1. 负责Java应用程序的设计与开发，包括需求分析、系统设计、编码和测试等环节。 2. 研究新技术，不断提升开发效率和程序性能。 3. 改进现有系统、优化系统资源，提高系统稳定性和可靠性。 4. 参与团队内部培训、交流与分享会议，促进整个团队技术水平的提升。 任职要求： 1. 熟悉Java语言，熟练掌握Spring框架及相关开源技术。 2. 具备扎实的计算机基础，熟悉数据结构、算法和网络编程等知识点。 3. 具备初步的Web开发经验，熟悉HTML、CSS、JavaScript等前端技术。 4. 具有较强的自学能力、问题解决能力和团队协作能力。,4月30日,陕西慧云联达企业管理咨询有限公司成立于2022年9月，是一家集高端猎头服务与专业代理记账报税业务于一体的综合性企业服务提供商。自成立以来，我们秉承“智聚英才，财通未来”的企业理念，致力于为国内外企业客户提供精准高效的人力资源解决方案及一站式财务管理服务，助力企业稳健成长，共创辉煌。,"https://www.zhaopin.com/jobdetail/CCL1445845820J40749565305.htm?refcode=4019&srccode=401901&preactionid=a7c1140f-c46c-45e5-b867-ab342d8bdc77"
1216,科研人员,北京-丰台区,1.2-1.5万,中国人民解放军军事科学院国防科技创新研究院,学术/科研,1000-9999人,未融资,CCL1251034670J40590903810,【岗位职责】 1.跟踪相关科技领域发展基本情况与最新动向；,7月23日,中国人民解放军军事科学院国防科技创新研究院军队文职人员招考简历投递邮箱：jskxyjob5@163.com（其他岗位勿投）,"https://www.zhaopin.com/jobdetail/CCL1251034670J40590903810.htm?refcode=4019&srccode=401901&preactionid=a7c1140f-c46c-45e5-b867-ab342d8bdc77"
1217,测试工程师,武汉-江岸区,5000-10000元,武汉长源信息工程有限公司,IT服务,20-99人,,CC201181010J40767748813,1. 学历要求：本科及以上学历。 2. 专业要求：本科：电子信息类（0807）、计算机类（0809）。 硕士：计算机科学与技术（0812）、软件工程（0835）。 3. 能力与经验要求：测试理论和方法等基础扎实；熟练使用常用的自动化测试、性能测试等测试工具（LoadRunner、JMeter、Selenium），能够设计复杂的测试用例和自动化测试脚本；熟练编制测试报告和用户手册；熟悉数据库原理，能够进行简单的SQL查询和编写。 4. 年龄要求：28周岁及以下。 其他要求：具备良好的沟通、团队协作能力，吃苦耐劳、有较强的责任心；具有信息系统测试经验者优先。,6月13日,武汉长源信息工程有限公司信息、通信、网络工程咨询设计、监理；信息工程维护材料及办公用品与耗材销售；机房工程的设计；水利信息咨询与研究；水利软科学咨询与研究及相关档案鉴定、整编、数字化处理、咨询与研究；系统开发、系统集成、数据服务等业务。公司隶属水利部长江水利委员会网信中心，在多个省开展业务。目前业务主要为水利信息化监理、设计、咨询等项目，近年来承担了山洪灾害防治非工程措施项目、国控水资源监控能力建设项目、国家防汛抗旱指挥系统二期建设项目、中小河流水文监测、水库水文自动测报等各大水利信息化项目的监理，项目涉及湖北、江西、贵州、新疆等多个省市及流域。,"https://www.zhaopin.com/jobdetail/CC201181010J40767748813.htm?refcode=4019&srccode=401901&preactionid=a7c1140f-c46c-45e5-b867-ab342d8bdc77"
1218,软件测试,遵义-红花岗区,5000-7000元,天阳科技,"计算机软件,计算机软件",1000-9999人,已上市,CC120408370J40606419708,1.全国项目驻场测试，主要负责功能、数据或接口等相关测试工作； 2.统招本科学历及以上（学信网可查）；毕业满2年；计算机专业优先； 3.热爱软件测试行业、有强力的自驱力，能够在测试岗位深入学习研究； 4.有无经验均可，服从公司安排，接受公司培养，可接受异地工作优先； 福利待遇： 上市公司、公司可提供住宿、定期体检、带薪年假； 欢迎符合要求的小伙伴们投递~,7月17日,天阳科技(股票代码：300872)，是全球金融创新服务的重要贡献者，持续赋能中国金融行业数字化转型，为客户提供咨询、金融科技产品、金融IT服务、云计算及运营服务。公司成立于2003年，服务超过300家金融行业客户，覆盖中央银行、政策性银行、国有银行、股份制银行、地方性商业银行、非银行金融机构等，员工人数近7000人，成为激活金融领域创新活力、推动金融科技迈入世界领先水平的重要力量。作为金融行业客户可信赖的合作伙伴，天阳科技凭借丰富的行业经验和端到端的专业服务，在信创、数字化金融、信贷、交易银行、信用卡、零售、营销、风险管理、征信监管等众多领域具备核心竞争力。据赛迪和IDC报告显示，近年来公司在中国银行业IT解决方案市场排名强势崛起，2019年收入及市场占有率综合排名分别位列第四位和第五位，并保持高速增长。同时，前瞻商业和科技趋势，入选2021年度未来银行科技服务商TOP100。天阳科技始终聚焦金融科技领域，加大自主创新力度，在超过100个城市建立本地化、专业化的研发和服务团队，拥有CMMI5级认证、软件测试成熟度模型集成（TMMi）3级认证、ISO9001质量管理体系认证、ISO20000信息技术服务管理体系认证、IS027001信息安全管理体系认证。通过部署人工智能、云计算、大数据、移动互联网、分布式计算和区块链等先进金融科技，公司致力于构建安全可控、普惠民生、开放共赢格局，在关键技术领域服务现代化金融发展大局，更好地为各利益相关方创造更大价值，为大中企业、小微企业以及每个个体提供优质金融服务。,"https://www.zhaopin.com/jobdetail/CC120408370J40606419708.htm?refcode=4019&srccode=401901&preactionid=a7c1140f-c46c-45e5-b867-ab342d8bdc77"
1219,软件测试,福州-闽侯县,5000-6000元,上海微创软件股份有限公司,"IT服务,计算机软件",10000人以上,不需要融资,CC000638920J40436329714,"岗位:自动化测试工程师; 人员招聘要求: 1、本科及以上学历,计算机/网络相关专业;有数通相关工作经验险,学历可放宽至大专; 2、熟悉计算机网络,了解交换机/路由器/WLAN/5G等相关产品知识;有RCNA/RCNP、CCNA/CCNP/CCIE、HCIA/HCIP/HCIE等相关认证优先: 3、有C/Java/Python等语言程序开发基础;有Python/Robot Frameworlk/Pytest语言编程经验的优先;//手工测试执行对此项可不作要求; 4、具备较好的沟通与协作能力;",6月6日,上海微创软件股份有限公司2002年由微软与上海市政府共同创办，是微软在华投资的第一家合资公司。微创始终秉承高标准的服务品质与“成就客户”的服务理念，在全球设有20余处交付中心，分布在中国、美国、日本、澳大利亚，凭借在汽车、保险、高科技、金融、互联网等行业的深厚积累和丰富经验，与2500余家企业与政府客户达成了长期、稳定、友好的合作。,"https://www.zhaopin.com/jobdetail/CC000638920J40436329714.htm?refcode=4019&srccode=401901&preactionid=a7c1140f-c46c-45e5-b867-ab342d8bdc77"
1220,C/C++,深圳-龙岗区,1.5-3万·14薪,外企德科数字技术有限公司,专业技术服务,10000人以上,,CCL1480117890J40790734605,岗位要求 1、计算机、软件、通信等相关专业本科及以上学历； 2、热爱技术研发工作，技术原理基础扎实，有较强的自学能力； 3、熟悉Linux，熟悉C/C++编程，掌握常用数据结构与算法，有良好的编码习惯。 4、具备独立工作能力和解决问题的能力、善于沟通，乐于台作，热衷新技术，善于总结分享，喜欢动手实践。 优选条件: 1、熟悉数据通信与网络技术，TCP/IP等网络协议并具有相关开发经验； 2、有嵌入式开发或内核、底层驱动开发经验； 3在校期间积极参加校内外软件编程大赛或积极参于编码活动回馈开源社区组织者优先。,2025-07-27 00:25:48,外企德科数字技术有限公司是一家2023年新成立的中外合资企业。成立于2023年11月24日，公司定位：专注于为信息技术企业提供人才及数字技术外包解决方案的中外合资企业。它是由中国人力资源服务行业的FESCO（北京国际人力资本集团）与全球人力资源服务领导者The Adecco Group（德科集团）合资成立的。公司主要提供网络技术服务、软件外包服务、计算机系统服务、技术进出口、软件开发等信息技术相关服务。专注于为信息技术企业提供信息技术类人才及数字技术外包解决方案。,"https://www.zhaopin.com/jobdetail/CCL1480117890J40790734605.htm?refcode=4019&srccode=401901&preactionid=a7c1140f-c46c-45e5-b867-ab342d8bdc77"
1221,技术支持工程师,武汉-武昌区,4000-8000元,安图生物,"医药制造,医疗设备/器械",1000-9999人,已上市,CC224773320J40304669005,岗位职责: 1、负责公司试剂&仪器产品的技术支持服务工作； 2、负责相关产品设备（如：免疫、微生物、生化、分子、流水线）的安装、调试、培训等服务工作； 3、进行检验科室实验操作及产品推广工作； 4、上级交办的其他工作。   任职要求: 1、本科及以上学历； 2、医学检验、生物医学工程、医疗器械工程、生物技术等相关专业； 3、普通话标准，沟通能力强，适应常驻湖北区域及出差工作； 4、有相关工作或实习经验者优先考虑。,7月16日,安图生物初创于1998年，专注于体外诊断试剂和仪器的研发、制造、整合及服务，产品涵盖免疫诊断、微生物检测、生化诊断等检测领域，能够为医学实验室提供全面的产品解决方案和整体服务。安图生物建有国家认定企业技术中心、免疫检测自动化国家地方联合工程实验室、河南省免疫诊断试剂工程技术研究中心等，承担了多项国家省市重大科技项目，其中包括“863计划”两个项目。安图生物秉持“致力于医学实验室技术的普及和提高，为人类健康服务”的企业宗旨，努力为医学实验室提供性能价格比、品质价格比更优的产品与服务。安图生物高度重视产品研发及技术创新，是业内注册文号最多、产品线最全面的企业之一。安图生物以“用户至上，创造价值”为服务理念，超过600名客服工程师队伍为全国各地用户提供专业、及时、周到的技术服务。在为用户提供产品技术服务的同时，为医学实验室提供室内质量控制服务及合作共建和集采服务。安图生物共有千余家经销商，基本形成了覆盖全国的营销网络。在国际营销方面，公司产品已销售至欧洲、亚洲、中东、南美、非洲等多个国家和地区。2016年9月1日，郑州安图生物工程股份有限公司在上海证券交易所挂牌上市（股票简称：安图生物，股票代码：603658）。,"https://www.zhaopin.com/jobdetail/CC224773320J40304669005.htm?refcode=4019&srccode=401901&preactionid=a7c1140f-c46c-45e5-b867-ab342d8bdc77"
1222,科研人员,台州-黄岩区,7000-10000元,星空男孩(杭州)科技有限公司,"新材料,环保",20-99人,天使轮,CC844222050J40779495414,职位职责： 1、 参与/协助项目的设计、资料的收集、研究计划、立项、进度报告、结题。 2、 参与/协助项目的实验方案的设计。 3、 参与/协助实验所需设备和药品的采购。 4、 参与/协助项目任务的分解及项目成员工作的安排。 5、 负责对项目的进展情况以及存在的问题向上级领导进行汇报与反馈。 6、 协助完成知识产权保护。   任职要求:   1、硕士及以上学历，化学工程与技术、化学工程、应用化学、高分子材料与工程、材料加工工程等相关专业。   2、工作经验：工作经验不限。   3、优先考虑有发表过相关水性材料的论文。   4、综合素质：热爱研发工作，熟练掌握计算机办公软件，有较强的组织能力和沟通、表达能力,7月24日,公司立足于水性成膜核心技术，致力于将应用化学和物理双效成膜技术应用于各个领域，以此为传统产业进行赋能。目前业务包含建筑新材料等板块，产品包含新型墙体化学新材料类保温一体板、柔性仿石饰面材料、硅钙板等多种产品；电池绝热防火材料板块，气凝胶毡产品体现了不俗的产品性能，在新能源汽车、储能电池等多个领域得到广泛认可。,"https://www.zhaopin.com/jobdetail/CC844222050J40779495414.htm?refcode=4019&srccode=401901&preactionid=a7c1140f-c46c-45e5-b867-ab342d8bdc77"
1223,软件测试,开封-鼓楼区,5000-7000元,河南智搜量信息科技有限公司,互联网,300-499人,未融资,CCL1491001470J40658966209,岗位内容： 1. 协助工程师进行测试软件，记录相关问题。 2. 协助工程师进行软件的优化。 3. 负责软件测试阶段的进度管理和问题跟踪，记录并反馈。 4. 协助工程师持续改进测试流程，提高测试效率和质量。任职要求：   1、20--35岁，中专及以上学历，计算机、自动化等相关专业优先，接受应届实习生；  2、对软件测试、计算机比较感兴趣；  3、踏实稳定，入职有老员工带，有完善的晋升体系；  4、拥有较好的沟通技巧及团队合作精神，较强的责任感及进取精神。  5、具备强烈的责任心和团队合作精神  ,7月25日,河南智搜量信息科技有限公司是一家做鸿蒙深度开发、人工智能系统开发、无人驾驶技术研发等多项目高新技术研发类公司，智搜量正在实施的项目上已经有300+技术员工，作为95后、00后的一员，我们能带给你：【薪资多多】：无责底薪+绩效+六险一金+13薪，90%员工综合月薪7k-9k；【假期多多】：周末双休、法定节假日、年假、婚假、生育假、丧假等；【机会多多】：试用期培训+在职培训+晋升培训，学习机会，助力成长；【晋升多多】：良好的晋升空间，公司90%管理内部晋升，公平公正机会多；【活动多多】：下午茶歇（零食+奶茶）、旅游、聚餐、生日会、拓展训练等；【朋友多多】：工作氛围超nice，亲切友善的同事，和谐轻松舒适的工作环境；【休息多多】：上午：9:00--11:50，下午：14:00--18:00我们期待初出茅庐充满干劲的你，驰骋沙场经验丰富的你，打算转型寻求破圈的你！,"https://www.zhaopin.com/jobdetail/CCL1491001470J40658966209.htm?refcode=4019&srccode=401901&preactionid=a7c1140f-c46c-45e5-b867-ab342d8bdc77"
1224,C/C++,杭州-滨江区,1.3-2.6万,外企德科数字技术有限公司,专业技术服务,10000人以上,,CCL1480117890J40733750705,岗位要求: 1、统招本科及以上学历，双证齐全(学信网可查） 2、掌据C/C++/Java/python/Go/JS一种或多种编程语言，热爱编程 3、掌握常用的数据结构、数据算法。 岗位优势： ①大厂市场领先且稳定的薪酬福利收入(根据面试能力评价等定级定薪) ②个人编程能力的快速学习提升(导师6个月带教) ③行业前沿的技术框架(不用担心未来如果换工作技术框架不适用) ④行业领先的产品研发项目管理流程、编码规范培训、纯粹的工程师氛围(您要相信，和优秀的人一起工作，您也必定变得更优秀) 公司福利: 1.入职即缴纳五险一金+商业险，全额缴纳社保及公积金 2.一年数次考评，薪资、职级可上浮 3.带薪年假5-15天 4.免费夜宵，城际班车，舒适的办公环境 5.免费健身房，各种娱乐活动(可自行选择是否参加，不参加就早点下班哦）,2025-07-27 00:23:29,外企德科数字技术有限公司是一家2023年新成立的中外合资企业。成立于2023年11月24日，公司定位：专注于为信息技术企业提供人才及数字技术外包解决方案的中外合资企业。它是由中国人力资源服务行业的FESCO（北京国际人力资本集团）与全球人力资源服务领导者The Adecco Group（德科集团）合资成立的。公司主要提供网络技术服务、软件外包服务、计算机系统服务、技术进出口、软件开发等信息技术相关服务。专注于为信息技术企业提供信息技术类人才及数字技术外包解决方案。,"https://www.zhaopin.com/jobdetail/CCL1480117890J40733750705.htm?refcode=4019&srccode=401901&preactionid=a7c1140f-c46c-45e5-b867-ab342d8bdc77"
1225,科研人员,赣州-崇义县,1.5-3万,湖南潇湘人力资源服务有限公司,"人力资源服务,培训/辅导服务,房地产中介,计算机硬件",300-499人,B轮,CC419440410J40707380716,博士硕士以及有留学经历的学士引进计划开始，需要博士硕士及有留学经历的学士人员参加，加入硕博高层次人才库，有愿意参加地方启*人才、领*人才、泰*人才 、火*人才、招才引智计划、海外优才计划等项目，都可以投递简历，可专职兼职灵活参加各各类**、企业、高校等项目，欢迎国内外博士硕士及有留学经历的学士人才投递简历（（学士报名必须有中留服认证，硕士博士可直接报名），可专兼职参加。 本公司有丰富的博士硕士人才库，有博士硕士项目也可洽谈沟通。,7月11日,湖南潇湘人力资源服务有限公司，系经工商行政管理局批准设立的，具有独立企业法人资格，并经人力资源和社会保障部批准备案，具有合法人力资源服务资质的，专业人力资源服务机构。公司积极响应国家号召，搭建供需平台，畅通就业渠道，充分发挥人力资源机构在促进就业中的积极作用，多渠道扩大就业。公司致力于打造成为立足湖南、覆盖全国的综合性专业人力资源服务供应商，依托于招聘会场和网络平台，为各企事业单位开展现场招聘、网络招聘、报纸招聘、代理招聘、招聘外包、劳务派遣、高级人才猎头和人力资源管理咨询等专业配套服务；为求职个人提供职业咨询、职业指导、职业介绍等就业服务。公司现场招聘平台--湖南招聘市场，于每周六、周日在贺龙体育场东门举办招聘会，欢迎各企事业单位和各类人才通过现场直面交流，我们将以专业、专注的精神，为您招才、择业，提供全面、优质的服务！招聘热线：400-000-7318、0731-83759001/02/03/04/05/06/07/08/09/10招聘会场：贺龙体育场正东门--湖南招聘市场(芙蓉中路、侯家塘北、摩天轮广场上台阶)乘车路线：1：乘105、115、150、159路至“侯家塘北”2：乘101、104、701、702、703、905路、长株潭201路至“侯家塘-芙蓉中路”3：乘旅2、2、4、8、104、123、137、140、145、160、202、314、402、601、803、804、906、908路至“侯家塘西”往芙蓉路至“侯家塘北”详情请访问： http://www.hnzpsc.com,"https://www.zhaopin.com/jobdetail/CC419440410J40707380716.htm?refcode=4019&srccode=401901&preactionid=a7c1140f-c46c-45e5-b867-ab342d8bdc77"
1226,前端开发,合肥-包河区,4000-7000元·13薪,合肥鲲晟网络科技有限公司,计算机软件,20-99人,,CCL1490896520J40630310416,接受实习生，待遇可谈。 岗位职责： 1、熟练掌握HTML5/Javascript等主流Web前端技术； 2、熟练使用Vue、jQuery等； 3、熟练掌握前端调试、性能优化、工程化开发等相关技术； 4、能够实用工具分析和抓取网站内容; 5、有良好的编码习惯，有较好的语言表达能力和沟通能力； 6、有较强的学习能力以及工作热情； 任职要求 1、计算机相关专业大专及以上学历.； 2、责任心强，具有良好的沟通能力和团队协作精神； 3、熟悉一门非前端的语言（如PHP/Python/NodeJS）者优先。,2月5日,,"https://www.zhaopin.com/jobdetail/CCL1490896520J40630310416.htm?refcode=4019&srccode=401901&preactionid=a7c1140f-c46c-45e5-b867-ab342d8bdc77"
1227,科研人员,成都-郫都区,面议,天府无线智能研究院,智能硬件,100-299人,不需要融资,CCL1486826910J40698620910,一、招聘基本条件 （一）基本条件 1、具有良好的思想素质，遵守国家法律、法规和相关政策规定； 2、品行端正、诚实守信，具有招聘岗位所需要的专业能力； 3、身心健康，具有正常履行工作职责的身体条件，具备健康良好的心理素质； 4、具有相关工作经历。 （二）有下列情形之一的，不得参与应聘 1、曾受过各类刑事处罚的； 2、被开除公职或者因违纪违法被机关、事业单位解除聘任合同或者聘用合同的； 3、尚未解除党纪、政纪处分的； 4、其他法律法规规定不能聘用的情形。 二、招聘岗位及任职资格 （一）岗位职责 1、独立和协助研究院项目负责人开展科研工作，发表高水平论文或取得重要科研及转化成果； 2、负责研究院相关研究方向的研究推进； 3、独立和协助研究院横向和纵向项目申请及实施； 4、协助研究院指导研究生； 5、完成研究中心相关考核任务； 6、领导交办的其它事务。   （二）任职要求   1、研究方向：射频微波电路、微波光子器件与系统、天线与阵列、集成电路、电磁功能材料、无线通信、无线传感、雷达探测、能量传输、信号处理、计算电磁学、人工智能、微波量子技术、光电通信、太赫兹技术、电磁工业软件EDA、智能机器人、电磁自动化测试仪器等；   2、电子科学与技术、信息与通信工程、集成电路科学与工程、控制科学与工程、光学工程、计算机科学与技术、软件工程等相关专业硕士及以上学历；   3、具有丰富的无线智能、射频微波、人工智能等领域研究经验，近5年在本专业领域主流国际期刊/顶会以第一作者身份发表过1篇以上研究论文、以前二位发明者身份申请/授权发明专利1项以上、具有国家级纵向项目申报及主持/主研经历、科研成果转化等相关研究经历优先考虑； 4、具有良好的英文阅读及写作能力； 5、具有责任心、团队合作精神和领导能力，具有良好的沟通能力； 6、提供市场化具有竞争力的薪酬标准，具体薪资面议。 ,6月3日,天府无线智能研究院是由成都市高新区发起的新型研发事业单位，2024年7月注册成立，位于成都高新西区IC设计产业园。研究院将充分发挥成都高新区在电子信息、微波射频、无线通信等领域的科技和人才优势，打造无线智能领域自主创新和原始创新重要策源地，搭建一流平台，开展高水平科技创新，着力推动创新链产业链深度融合，打通从基础科学发现到关键技术突破、产业应用前期孵化的完整创新与创业链条，加大科技成果转化力度，进一步推动无线智能产业高质量快速发展，将研究院建设成为无线智能领域的高影响力国际化平台，赋能成都“微波之都”的建设。企业优势：1、省市重点培育新研机构； 2、从事通信、电子等国家重点发展领域； 3、高精尖端科研设备共享； 4、高层次人才汇聚； 5、有竞争性待遇福利； 6、办公条件非常舒适，文化氛围开放愉悦。,"https://www.zhaopin.com/jobdetail/CCL1486826910J40698620910.htm?refcode=4019&srccode=401901&preactionid=a7c1140f-c46c-45e5-b867-ab342d8bdc77"
1228,Java,深圳-龙岗区,1.5-3万·14薪,外企德科数字技术有限公司,专业技术服务,10000人以上,,CCL1480117890J40603123105,Java/C/C++/Python/嵌入式/驱动开发/前端/测试/算法/数据开发等 均有岗位！ 不卡地域，不卡部门，面试成绩通用~地域：北京/上海/深圳/杭州/成都/西安/东莞/南京/武汉等地域，根据个人意愿选择；   亮点：年轻团队，核心业务，根据技术能力定级定薪无固定上限，入职即交五险一金，享有年终14-16薪，项目奖金等，享受带薪年假病假等福利，长期稳定晋升发展~   能力要求：   1.熟悉Java/Go/PythonC/C++至少一种语言；   2.掌握常见的数据结构．算法；   3.熟悉常用设计模式、数据框架；   4.具有良好学习能力；,2025-07-27 00:23:22,外企德科数字技术有限公司是一家2023年新成立的中外合资企业。成立于2023年11月24日，公司定位：专注于为信息技术企业提供人才及数字技术外包解决方案的中外合资企业。它是由中国人力资源服务行业的FESCO（北京国际人力资本集团）与全球人力资源服务领导者The Adecco Group（德科集团）合资成立的。公司主要提供网络技术服务、软件外包服务、计算机系统服务、技术进出口、软件开发等信息技术相关服务。专注于为信息技术企业提供信息技术类人才及数字技术外包解决方案。,"https://www.zhaopin.com/jobdetail/CCL1480117890J40603123105.htm?refcode=4019&srccode=401901&preactionid=a7c1140f-c46c-45e5-b867-ab342d8bdc77"
1229,实施工程师,扬州-仪征市,9000-18000元,青岛安然物联网科技有限公司,"物联网,物联网",20-99人,未融资,CC559764920J40565897504,需要弱电技术、自动化、安防系统、工业互联网+危化安全生产、物联网人才，不要纯软件人才。  你能经常到全国各地出差吗？你能到工业生产现场生产现场做技术支持吗？     真正的奋斗者在安然会有让人值得为之奋斗的事业，会有充实、高效的成长，会有高人一等的收入。,6月18日,基于精准人员定位的工业安全生产信息化管理专家，安全生产信息化管理引领者！作为全国实时定位技术标准工作组成员和应急管理部“工业互联网+危化安全生产”人员定位系统技术支持机构，安然从2012年起致力于基于ZigBee Plus三维立体按需精准定位的“工业互联网+安全生产”的研究，获得了20多项安全智能管控系统发明专利和著作权，持续引领中国化工行业生产现场智慧安全！安然以“准、稳、狠”的ZigBee Plus三维立体按需精准人员定位统和“底数清、数据准、情况明、研判准、措施实”的安全生产信息化平台为核心，整合访客管理、出入口控制、人脸识别、视频监控、语音广播、重大危险源监控、可燃有毒气体监测等系统，对生产现场人、机、料、法、环五大要素进行实时、动态、智能管控和预警，规范人的安全行为，保障人的生命安全，有效防范风险、主动化解风险，实现智慧安全。安然“以用为本”，把安全生产信息化建设与公司管理体系“深度融合”，把安全生产信息化建设与日常工作“紧密结合”，对安全生产切实“有用、实用、好用”，避免建用“两张皮”，让安全管控更智能，让生产更高效才实用。迄今已服务中石化、中石油、延长石油、国能、兖矿、京能、索普、新安、奇美、昊源、潞安、旭阳、垦利、逸盛、海科、酒钢、金发等几百家石化、化工、选煤、钢铁、电厂企业。安然以客户为中心，以强者为本，抬头乐干，愿意与同道中人联合、链接，携手共建、共用、共享生产安全命运共同体，一起干，一起干，让优秀企业更安全，让优秀企业更高效！,"https://www.zhaopin.com/jobdetail/CC559764920J40565897504.htm?refcode=4019&srccode=401901&preactionid=a7c1140f-c46c-45e5-b867-ab342d8bdc77"
1230,测试工程师,郑州-金水区,9000-12000元·13薪,郑州轻电汽车科技有限公司,汽车零部件,100-299人,,CCL1484747070J40750877511,岗位内容： 1. 开发基于机器视觉、激光雷达等传感器的智能驾驶系统算法； 2. 负责智能驾驶系统中车辆定位、避障、路径规划等核心功能的设计和实现； 3. 解决智能驾驶系统在复杂场景下的问题，并进行优化。 任职要求： 1. 大专及以上学历，计算机、自动控制或相关专业背景； 2. 精通C/C++编程语言，深入理解数据结构与算法； 3. 熟练掌握机器视觉、激光雷达等传感器原理、应用以及处理方法； 4. 具有实际的智能驾驶系统开发经验，熟练掌握ROS、PCL等开源框架者优先。,7月16日,,"https://www.zhaopin.com/jobdetail/CCL1484747070J40750877511.htm?refcode=4019&srccode=401901&preactionid=a7c1140f-c46c-45e5-b867-ab342d8bdc77"
1231,软件测试,北京-石景山区,6000-12000元,北京赛若科技有限公司,"计算机软件,IT服务,计算机软件",20-99人,A轮,CC624068420J00241744710,岗位职责   从事软件测试,6月30日,我们是由一群多年从事国防军工行业和高端装备制造领域软件测试的团队组成；我们有着十多年各类高安全性高可靠性软件测评经验；我们的软件测评实验室取得了国家实验室和军用实验室的资质；我们的业务规模正在快速增长；我们需要您：-虚心学习的能力：良好的学习环境会让你体验到什么是真正的软件测评-严谨认真的态度：专业的能力体现在每一个细节之中-团结协作的精神：一花独放不是春，百花齐放春满园我们期待您的加入：-我们会提供良好的专业培训和项目实践机会；-我们会带领你遨游在软件测试的知识体系内而不迷失；-我们会一起为客户提升软件质量而努力；-我们的slogan是Question the answered，answer the questioned，你怎么看？-我们期待共同让软件测试成为行业之光！,"https://www.zhaopin.com/jobdetail/CC624068420J00241744710.htm?refcode=4019&srccode=401901&preactionid=a7c1140f-c46c-45e5-b867-ab342d8bdc77"
1232,技术支持工程师,临汾-洪洞县,7000-14000元,青岛安然物联网科技有限公司,"物联网,物联网",20-99人,未融资,CC559764920J40565329904,你能经常到全国各地出差吗？你能到化工生产现场做技术支持吗？  真正的奋斗者在安然会有让人值得为之奋斗的事业，会有充实、高效的成长，会有高人一等的收入。,7月2日,基于精准人员定位的工业安全生产信息化管理专家，安全生产信息化管理引领者！作为全国实时定位技术标准工作组成员和应急管理部“工业互联网+危化安全生产”人员定位系统技术支持机构，安然从2012年起致力于基于ZigBee Plus三维立体按需精准定位的“工业互联网+安全生产”的研究，获得了20多项安全智能管控系统发明专利和著作权，持续引领中国化工行业生产现场智慧安全！安然以“准、稳、狠”的ZigBee Plus三维立体按需精准人员定位统和“底数清、数据准、情况明、研判准、措施实”的安全生产信息化平台为核心，整合访客管理、出入口控制、人脸识别、视频监控、语音广播、重大危险源监控、可燃有毒气体监测等系统，对生产现场人、机、料、法、环五大要素进行实时、动态、智能管控和预警，规范人的安全行为，保障人的生命安全，有效防范风险、主动化解风险，实现智慧安全。安然“以用为本”，把安全生产信息化建设与公司管理体系“深度融合”，把安全生产信息化建设与日常工作“紧密结合”，对安全生产切实“有用、实用、好用”，避免建用“两张皮”，让安全管控更智能，让生产更高效才实用。迄今已服务中石化、中石油、延长石油、国能、兖矿、京能、索普、新安、奇美、昊源、潞安、旭阳、垦利、逸盛、海科、酒钢、金发等几百家石化、化工、选煤、钢铁、电厂企业。安然以客户为中心，以强者为本，抬头乐干，愿意与同道中人联合、链接，携手共建、共用、共享生产安全命运共同体，一起干，一起干，让优秀企业更安全，让优秀企业更高效！,"https://www.zhaopin.com/jobdetail/CC559764920J40565329904.htm?refcode=4019&srccode=401901&preactionid=a7c1140f-c46c-45e5-b867-ab342d8bdc77"
1233,测试工程师,东莞-None,面议,华为技术有限公司,运营商/增值服务,10000人以上,,CC000542940J40720225814,1、主导储能系统测试工作，能主导完成系统测试策略和测试方案制定，基于场景设计完备的测试用例，保障产品质量及可靠性 ； 2、主导分析储能产品可靠性、热设计验证、整机性能功能、安全类测试设计，并推动测试执行； 3、主导解决方案场景分析和验证工作，构建客户场景库并制定完备的测试体系对产品进行验收。 4、参与设计前端进行需求和规格验收，跟踪市场问题制定闭环改进措施，并推动落地。 5、洞察储能领域功率产品技术发展趋势，识别客户和产品测试痛点。,7月16日,我们是华为，诞生于1987年。在成长的过程中，我们脚踏实地、奋勇向前。我们一直专注于ICT领域，为运营商、企业客户和消费者提供有竞争力的ICT解决方案、产品和服务。30年来我们不断积攒实力，如今已拥有来自全球170多个国家和地区的客户，全球三分之一的人口因华为受益。我们为员工提供：▲“华为大学”、“iLearning”、“导师制”等健全的培训制度；▲“专家管理双通道模式”的晋升途径；▲全球化的工作机会及视野。我们始终坚持“以客户为中心，以奋斗者为本”；只要你踏实肯干，华为就是你施展人生抱负的舞台。加入华为，与技术大牛共事，与行业精英一同成长；加入我们，你可以自带主角光环！联接，就像空气和水，慢慢融入生活的每个角落。我们期待与你一起共同探索全联接世界，共同领跑未来！我们是华为，诞生于1987年。在成长的过程中，我们脚踏实地、奋勇向前。我们一直专注于ICT领域，为运营商、企业客户和消费者提供有竞争力的ICT解决方案、产品和服务。30年来我们不断积攒实力，如今已拥有来自全球170多个国家和地区的客户，全球三分之一的人口因华为受益。我们为员工提供：▲“华为大学”、“iLearning”、“导师制”等健全的培训制度；▲“专家管理双通道模式”的晋升途径；▲全球化的工作机会及视野。我们始终坚持“以客户为中心，以奋斗者为本”；只要你踏实肯干，华为就是你施展人生抱负的舞台。加入华为，与技术大牛共事，与行业精英一同成长；加入我们，你可以自带主角光环！联接，就像空气和水，慢慢融入生活的每个角落。我们期待与你一起共同探索全联接世界，共同领跑未来！,"https://www.zhaopin.com/jobdetail/CC000542940J40720225814.htm?refcode=4019&srccode=401901&preactionid=a7c1140f-c46c-45e5-b867-ab342d8bdc77"
1234,Java,深圳-龙岗区,1.6-3万·16薪,外企德科数字技术有限公司,专业技术服务,10000人以上,,CCL1480117890J40764680105,岗位内容： 1. 设计、开发并维护Java应用程序。 2. 解决各种技术难题，保证代码的可靠性、高效性和安全性。 3. 参与软件设计的讨论和计划制定。 4. 与其他团队成员协作工作，提高团队整体技术水平。 任职要求： 1. 熟悉Java语言及相关技术，熟悉Spring框架。 2. 具有扎实的编程基础和良好的面向对象编程思想。 3. 对常见数据库如MySQL、Oracle等有一定的了解和应用经验。 4. 对Web开发技术有深入理解，熟悉前端技术如HTML、CSS、JavaScript等。,2025-07-27 00:24:13,外企德科数字技术有限公司是一家2023年新成立的中外合资企业。成立于2023年11月24日，公司定位：专注于为信息技术企业提供人才及数字技术外包解决方案的中外合资企业。它是由中国人力资源服务行业的FESCO（北京国际人力资本集团）与全球人力资源服务领导者The Adecco Group（德科集团）合资成立的。公司主要提供网络技术服务、软件外包服务、计算机系统服务、技术进出口、软件开发等信息技术相关服务。专注于为信息技术企业提供信息技术类人才及数字技术外包解决方案。,"https://www.zhaopin.com/jobdetail/CCL1480117890J40764680105.htm?refcode=4019&srccode=401901&preactionid=a7c1140f-c46c-45e5-b867-ab342d8bdc77"
1235,实施工程师,乌鲁木齐-新市区,5000-7000元,武汉天衡信息系统服务有限公司,"网络/信息安全,电子/半导体/集成电路,计算机硬件,计算机软件",100-299人,未融资,CCL1379886890J40728344314,岗位内容： 1. 负责公司产品的实施安装、调试及优化。 2. 为客户提供技术支持和培训，解决客户问题并提供相应建议。 3. 与团队成员紧密合作，协作推进项目进展，达到项目目标。 任职要求： 1. 具备相关专业学历，具备技术方案制定和实施经验者优先。 2. 熟悉网络设备的安装及调试知识，具备TCP/IP协议相关知识。 3. 具备一定的团队协作能力和沟通能力，能有效跟进项目进展。 4. 主动积极的工作态度，具备较好的学习能力和解决问题的能力。 5. 能接受长期出差；,7月11日,新疆天衡信息系统咨询管理有限公司（以下简称天衡咨询）成立于2002年，是国内第一批开展信息工程监理业务的公司，也是国内第一家以“信息工程监理”命名的专业监理公司。2006年公司取得信息产业部“信息系统工程监理部级资质”，成为自治区境内唯一一家获得国家部级资质的信息化工程监理企业。2010年10月公司正式更名为新疆天衡信息系统咨询管理有限公司。2012年公司取得信息产业部“信息系统工程监理乙级资质”。2019年中国电子企业协会监理分会根据天衡咨询的业绩、专业监理人员等方面认定我公司拥有甲级资质能力，故将“信息系统工程监理乙级资质”升至为信息系统工程监理甲级资质”。天衡咨询员工中取得国家注册监理工程师、造价工程师、一级建造师、咨询工程师、设备监理工程师、信息安全高级工程师、软件质量检验工程师、安全工程师等执业资格证书的技术人员占总人数50%，取得高、中级职称的技术人员占总人数70%，形成了一支专业配备齐全、年龄结构科学合理的高智能、高素质的工程技术人才队伍。天衡咨询目前已成为自治区各厅、委、办、局重要的信息化工程建设的咨询、项目管理服务的主要提供者，荣获了“2015全国电子信息行业优秀企业”称号，成为新疆维吾尔自治区唯一一家上榜企业。公司在武汉市、克拉玛依市、阿克苏市、设有分支机构。天衡咨询先后获得工信部首批两化融合管理体系贯标咨询服务机构资质；自治区第一批PPP入围企业；公安厅推荐的信息安全等级保护测评机构；新疆软件行业协会、新疆计算机分会、新疆电子学会执行副理事长单位。天衡咨询主要开展信息系统工程咨询、信息系统工程监理、信息系统工程安全服务等内容，涉及的领域（专业）有：综合布线、机房装修、系统集成、应用软件开发、安防监控、智能弱电、楼宇自控、视频会议、智能交通、信息安全等级测评、信息安全风险评估、咨询等。,"https://www.zhaopin.com/jobdetail/CCL1379886890J40728344314.htm?refcode=4019&srccode=401901&preactionid=a7c1140f-c46c-45e5-b867-ab342d8bdc77"
1236,实施工程师,哈尔滨-南岗区,4000-6000元,黑龙江方略软件开发有限公司,"计算机软件,计算机软件,IT服务,互联网",20-99人,不需要融资,CC324306510J40762580002,1、负责企业管理软件项目的实施、部署及客户培训工作； 2、与客户沟通需求，制定项目实施方案，协调开发、测试及运维资源； 3、解决项目实施过程中的技术问题，确保项目按时交付； 4、编写项目文档； 5、提供系统上线后的技术支持与持续优化建议； 6、定期收集客户在软件使用过程中的问题及建议，及时与部门负责人或项目经理做好反馈沟通； 7、工作时间8:00-17:00，双休，法休； 8、固定办公地址为哈尔滨、鸡西、天津，出差根据项目所在地决定。,7月2日,黑龙江方略软件开发有限公司成立于2005年11月，是具有高新技术企业资质的乳品行业管理软件开发商。公司现有技术人员数占公司总人数的95%以上。公司开发的产品有：《生乳质量综合管理物联网系统》、《质量监管盲采盲检系统》、《产品质量追溯系统》、《机械化奶站收奶数据无线遥控自动采集系统》、《非机械化奶站收奶数据无线遥控自动采集系统》、《实验室管理系统》、《乳品企业管理信息系统》等等。产品应用于各种规模的乳业品企业、质检中心、各种类型的奶站、奶牛牧场等，质量监管机构的质量监督检查业务和政府职能管理部门监管业务。其中公司开发的《乳品企业管理信息系统》在满足国家食品企业管理规范的基础上，满足乳品行业管理需求和企业的特殊需求。公司拥有自己的研发团队和由行业专家组成的专家顾问智囊团。项目经理具有IT高级项目经理资质。公司的产品均具有自主知识产权。公司的产品在乳品企业管理中也是独一无二的。其中《乳品企业奶源管理信息系统》和《机械化奶站收奶数据无线遥控自动采集系统》均获得国家专利。公司宗旨是，运用现代科学的管理理念，采用先进的科技技术，为乳品行的服务。,"https://www.zhaopin.com/jobdetail/CC324306510J40762580002.htm?refcode=4019&srccode=401901&preactionid=a7c1140f-c46c-45e5-b867-ab342d8bdc77"
1237,技术支持工程师,泰州-泰兴市,9000-18000元,青岛安然物联网科技有限公司,"物联网,物联网",20-99人,未融资,CC559764920J40823804004,需要弱电技术、自动化、安防系统、工业互联网+危化安全生产、物联网人才，不要纯软件人才。  你能经常到全国各地出差吗？你能到工业生产现场生产现场做技术支持吗？   真正的奋斗者在安然会有让人值得为之奋斗的事业，会有充实、高效的成长，会有高人一等的收入。   你能做好售前技术支持、根据客户需求，高效制作方案吗？你能做好售中技术支持、指导他人正确安装、部署、调试系统向用户保质保量快速交付吗？你能做好售后维护，高效沟通和落实客户需求吗？   迄今已服务中石化、中石油、延长石油、国能、兖矿、京能、索普、新安、奇美、昊源、潞安、旭阳、垦利、逸盛、海科、酒钢、金发等几百家石化、化工、选煤、钢铁、电厂企业。    安然以客户为中心，以强者为本，抬头乐干，愿意与同道中人联合、链接，携手共建、共用、共享生产安全命运共同体，一起干，一起干，让优秀企业更安全，让优秀企业更高效！,5月19日,基于精准人员定位的工业安全生产信息化管理专家，安全生产信息化管理引领者！作为全国实时定位技术标准工作组成员和应急管理部“工业互联网+危化安全生产”人员定位系统技术支持机构，安然从2012年起致力于基于ZigBee Plus三维立体按需精准定位的“工业互联网+安全生产”的研究，获得了20多项安全智能管控系统发明专利和著作权，持续引领中国化工行业生产现场智慧安全！安然以“准、稳、狠”的ZigBee Plus三维立体按需精准人员定位统和“底数清、数据准、情况明、研判准、措施实”的安全生产信息化平台为核心，整合访客管理、出入口控制、人脸识别、视频监控、语音广播、重大危险源监控、可燃有毒气体监测等系统，对生产现场人、机、料、法、环五大要素进行实时、动态、智能管控和预警，规范人的安全行为，保障人的生命安全，有效防范风险、主动化解风险，实现智慧安全。安然“以用为本”，把安全生产信息化建设与公司管理体系“深度融合”，把安全生产信息化建设与日常工作“紧密结合”，对安全生产切实“有用、实用、好用”，避免建用“两张皮”，让安全管控更智能，让生产更高效才实用。迄今已服务中石化、中石油、延长石油、国能、兖矿、京能、索普、新安、奇美、昊源、潞安、旭阳、垦利、逸盛、海科、酒钢、金发等几百家石化、化工、选煤、钢铁、电厂企业。安然以客户为中心，以强者为本，抬头乐干，愿意与同道中人联合、链接，携手共建、共用、共享生产安全命运共同体，一起干，一起干，让优秀企业更安全，让优秀企业更高效！,"https://www.zhaopin.com/jobdetail/CC559764920J40823804004.htm?refcode=4019&srccode=401901&preactionid=a7c1140f-c46c-45e5-b867-ab342d8bdc77"
1238,Java,合肥-蜀山区,1-1.5万,新讯数字科技(杭州)有限公司北京分公司,"运营商/增值服务,计算机软件,通信/网络设备",1000-9999人,不需要融资,CC120409680J40717027409,岗位职责： 1、 JAVA应用系统项目开发和支持 2、 按照公司规范编制高质量代码 3、 按照公司规范对于代码进行测试，保证交付代码质量 4、 编写相关技术文档 岗位要求： 1、专科及以上学历，计算机或相关专业，有2年以上Java软件开发工作经验； 2、精通Java技术，有独立的coding能力和良好的编程习惯和代码规范； 3、精通微服务架构，熟悉spring、MyBatis了解其原理和实现机制，熟悉分布系统的原理，有实际大型微服务拆分经验者优先； 4、熟悉但不限于zookeeper/k8s/dubbo/tomcat/Apache/Nginx/MQ等开源框架与产品的实现； 5、熟悉weblogic、jboss tomcat、websphere等应用服务器，精通linuxwindows系统上的安装部署、配置及性能调优； 6、能独立分析问题、解决问题、有较强的学习能力、沟通协调能力，强烈的责任心、工作踏实； 7、技术视野开阔，对业界新技术敏感，喜欢钻研，拥有良好的沟通协调和团队合作能力。 8、了解基础大数据技术和组件者优先，如Hadoop、Kafaka、有应用经验者优先,3月31日,新讯数字科技（杭州）有限公司（简称“新讯”、“EB”），曾用名“杭州东信北邮信息技术有限公司”，由北京邮电大学廖建新教授以其主持研发的移动智能网核心技术为基础，于2000年2月创建。公司现有员工约1800人，在全国二十多个省、自治区、直辖市设立了分公司/办事处，拥有投资近4000万元的大型系统实验室。经过二十余年拼搏，已形成了立体化产品矩阵，覆盖核心网络通信、高性能媒体处理、大数据与AI、通信安全、物联网等DICT领域，为现网近10亿用户提供电信级服务。目前，公司已经成为国内运营商的重要战略合作伙伴和移动通信领域的主要支撑厂商。,"https://www.zhaopin.com/jobdetail/CC120409680J40717027409.htm?refcode=4019&srccode=401901&preactionid=a7c1140f-c46c-45e5-b867-ab342d8bdc77"
1239,测试工程师,天津-东丽区,5000-7000元,天津锘华仪器科技有限公司,电子/半导体/集成电路,20-99人,未融资,CC839943610J40710619507,岗位职责：  （1)嵌入式计算机产品及测试/测量产品的调试/测试；,7月11日,天津锘华仪器科技有限公司成立于2013年，位于天津市东丽区华明大道15号，是一家专注于高端精密仪器研发与智能科技解决方案的国家级高新技术企业。主要面向海、陆、空、天、电等高可靠领域，主营产品用于“测试测量”、“通信”、“电子对抗”、“航天机电一体化”、“装备及部组件研制”和“仿真训练”几大方向。客户遍布国内外30多个城市的近百家科研院所，多款产品被采纳为国内重大型号的保障设备。锘华仪器拥有一支以硕士研究生为主的市场、管理和研发队伍，具备涵盖计算机硬件、软件、数字逻辑和结构设计的完善的研发体系，有优秀的生产、保障和服务能力。市场为导向，管理为动力，技术为支柱，锘华仪器长期秉承这一经营理念，紧跟市场需求，反复锤炼管理能力，同时不断夯实技术的支柱作用。着眼未来，锘华仪器致力于打造一个学术型企业，不断地在学术方向上构建深厚的积淀，为蓬勃发展的未来奠定扎实的基础。在锘华，我们相信，人文、思想、技术三者合一能产生巨大的合力，从而创造更大的社会价值。,"https://www.zhaopin.com/jobdetail/CC839943610J40710619507.htm?refcode=4019&srccode=401901&preactionid=a7c1140f-c46c-45e5-b867-ab342d8bdc77"
1240,前端开发,南京-秦淮区,8000-13000元,杭州国帮电子科技有限公司,电子商务,20人以下,,CCL1451791390J40870702415,岗位内容： 1. 设计和开发适用于不同设备的易于使用的网站 2. 参与产品原型设计和产品需求分析 3. 跟进技术趋势及前端开发最佳实践，不断提升团队的技术水平 任职要求： 1. 掌握HTML5/CSS/JavaScript等前端技术和常用框架 2. 具备良好的学习能力和解决问题的思维能力，能够配合其他团队成员完成项目工作 3. 对新技术有好奇心，并愿意持续学习和提高,7月29日,,"https://www.zhaopin.com/jobdetail/CCL1451791390J40870702415.htm?refcode=4019&srccode=401901&preactionid=a7c1140f-c46c-45e5-b867-ab342d8bdc77"
1241,硬件测试,福州-马尾区,5000-10000元,福建富昌维控电子科技股份有限公司,"仪器仪表制造,互联网,仪器仪表制造,物联网",300-499人,未融资,CC291402110J40744162110,岗位职责： 1、根据测试大纲完成产品的性能测试、可靠性测试，测试后报告的撰写，对测试结果进行分析，测试问题的跟踪。  2、负责新部品的性能测试、可用性测试，输出测试报告。  3、协助研发人员完善测试标准和规范，对测试工作有自己见解和想法。  ,5月6日,福建富昌维控电子科技股份有限公司是一家专业从事先进制造和自动化领域产品研究、开发与销售的国家高新技术企业。维控自主研发的主要产品有：人机界面(HMI)、可编程逻辑控制器(PLC)、维控慧网(V-NET)和企智云(V-IEC)、智能网关产品慧盒(V-B0X)、伺服驱动器、运动控制系统、视觉控制系统等，产品广泛应用于装备制造业、农业养殖、节能环保、新能源等领域，为客户提供专用控制、工业物联网解决方案。维控总部位于福州市马尾区维控科技园，近600名年轻、充满激情的职工在这里工作。维控凭借其创新技术、持续改良的产品和服务，销售网络遍布全球。在国内主要工业城市设有四十余个办事处，为各地代理商和客户提供产品销售和技术支持服务。同时，维控产品远销八十多个国家，在意大利、巴西、土耳其、印度、巴基斯坦等四十余个国家设有代理商，为产品提供全球联保服务。维控经过多年努力，已获得业内肯定，拥有《福建省科技型企业》、《福建省“专精特新”中小企业》、《国家高新技术企业》等荣誉称号同时，公司已通过ISO9001质量管理体系认证，所有产品均通过CE认证(欧盟安全）截止到2025年4月份，公司拥有169项核心自主知识产权，其中发明专利14项，实用新型专利28项，外观专利9项，软件著作权118项。,"https://www.zhaopin.com/jobdetail/CC291402110J40744162110.htm?refcode=4019&srccode=401901&preactionid=a7c1140f-c46c-45e5-b867-ab342d8bdc77"
1242,Java,武汉-江夏区,1.4-2.8万·14薪,外企德科数字技术有限公司,专业技术服务,10000人以上,,CCL1480117890J40793901105,岗位要求： 1、扎实的编程能力，熟悉算法和数据结构；熟悉计算机的基础理论； 2、熟练使用java/c/c++/python/js其中一种语言，掌握Spring相关生态开源框架，熟悉MySql、MQ、Redis、SpringCloud等，熟悉事务、缓存、消息、负载均衡等； 3、熟悉Linux开发环境； 4、具有大规模高并发云服务设计和开发经验优先； 5、有微服务、容器相关开发经验优先。 任职要求： 1、扎实的编程能力，熟悉算法和数据结构；熟悉计算机的基础理论； 2. 软件基础扎实，熟悉掌握但是不限于Java/Js/C/C++/Python/Go/JS等编程语言，有良好的编程习惯。 3. 具备独立工作能力和独立解决问题的能力，善于沟通，乐于协作，热衷于新技术，善于总结分享，喜欢动手实践。,2025-07-27 00:26:00,外企德科数字技术有限公司是一家2023年新成立的中外合资企业。成立于2023年11月24日，公司定位：专注于为信息技术企业提供人才及数字技术外包解决方案的中外合资企业。它是由中国人力资源服务行业的FESCO（北京国际人力资本集团）与全球人力资源服务领导者The Adecco Group（德科集团）合资成立的。公司主要提供网络技术服务、软件外包服务、计算机系统服务、技术进出口、软件开发等信息技术相关服务。专注于为信息技术企业提供信息技术类人才及数字技术外包解决方案。,"https://www.zhaopin.com/jobdetail/CCL1480117890J40793901105.htm?refcode=4019&srccode=401901&preactionid=a7c1140f-c46c-45e5-b867-ab342d8bdc77"
1243,实施工程师,苏州-常熟市,9000-18000元,青岛安然物联网科技有限公司,"物联网,物联网",20-99人,未融资,CC559764920J40823801404,需要弱电技术、自动化、安防系统、工业互联网+危化安全生产、物联网人才，不要纯软件人才。  你能经常到全国各地出差吗？你能到工业生产现场生产现场做技术支持吗？   真正的奋斗者在安然会有让人值得为之奋斗的事业，会有充实、高效的成长，会有高人一等的收入。   你能做好售前技术支持、根据客户需求，高效制作方案吗？你能做好售中技术支持、指导他人正确安装、部署、调试系统向用户保质保量快速交付吗？你能做好售后维护，高效沟通和落实客户需求吗？   迄今已服务中石化、中石油、延长石油、国能、兖矿、京能、索普、新安、奇美、昊源、潞安、旭阳、垦利、逸盛、海科、酒钢、金发等几百家石化、化工、选煤、钢铁、电厂企业。    安然以客户为中心，以强者为本，抬头乐干，愿意与同道中人联合、链接，携手共建、共用、共享生产安全命运共同体，一起干，一起干，让优秀企业更安全，让优秀企业更高效！,5月19日,基于精准人员定位的工业安全生产信息化管理专家，安全生产信息化管理引领者！作为全国实时定位技术标准工作组成员和应急管理部“工业互联网+危化安全生产”人员定位系统技术支持机构，安然从2012年起致力于基于ZigBee Plus三维立体按需精准定位的“工业互联网+安全生产”的研究，获得了20多项安全智能管控系统发明专利和著作权，持续引领中国化工行业生产现场智慧安全！安然以“准、稳、狠”的ZigBee Plus三维立体按需精准人员定位统和“底数清、数据准、情况明、研判准、措施实”的安全生产信息化平台为核心，整合访客管理、出入口控制、人脸识别、视频监控、语音广播、重大危险源监控、可燃有毒气体监测等系统，对生产现场人、机、料、法、环五大要素进行实时、动态、智能管控和预警，规范人的安全行为，保障人的生命安全，有效防范风险、主动化解风险，实现智慧安全。安然“以用为本”，把安全生产信息化建设与公司管理体系“深度融合”，把安全生产信息化建设与日常工作“紧密结合”，对安全生产切实“有用、实用、好用”，避免建用“两张皮”，让安全管控更智能，让生产更高效才实用。迄今已服务中石化、中石油、延长石油、国能、兖矿、京能、索普、新安、奇美、昊源、潞安、旭阳、垦利、逸盛、海科、酒钢、金发等几百家石化、化工、选煤、钢铁、电厂企业。安然以客户为中心，以强者为本，抬头乐干，愿意与同道中人联合、链接，携手共建、共用、共享生产安全命运共同体，一起干，一起干，让优秀企业更安全，让优秀企业更高效！,"https://www.zhaopin.com/jobdetail/CC559764920J40823801404.htm?refcode=4019&srccode=401901&preactionid=a7c1140f-c46c-45e5-b867-ab342d8bdc77"
1244,前端开发,广州-天河区,1.5-3万,广发期货有限公司,证券/期货,500-999人,未融资,CC141446840J40602216906,"岗位职责: 1.负责PC端及移动端Web界面的开发； 2.参与项目产品设计和需求分析，与UI设计、产品经理、后端研发紧密协作，实现产品的界面与功能； 3.关注前端前沿技术研究，通过新技术服务团队和业务。   任职要求: 1.本科或以上学历，计算机软件或相关专业，2年以上前端开发经验；  2.扎实的Css, Javascript基础，熟练使用Javascript, Vue, React等前端开发技术；  3.对Web标准和兼容性有良好认识，能处理常见浏览器兼容问题；  4.有一定的后端基础，熟悉JAVA 、C++等语言的一种或多种； 5.有强烈的责任心，抗压能力以及团队合作精神；思路清晰，思维敏捷，有快速的学习能力和独立问题解决能力,有大厂经历优先。",7月25日,广发期货有限公司成立于1993年3月，是国内成立较早的大型专业期货公司之一，现注册资本为20.5亿人民币，是广发证券股份有限公司的全资子公司。公司秉承“知识图强，求实奉献，客户至上，合作共赢”的核心价值观，贯彻执行“稳健经营，持续创新，绩效导向，协同高效”的经营管理理念，在竞争激烈、复杂多变的行业环境中努力开拓，锐意进取，健全内部管理体制和风险防患机制，已形成一套具有自身特色，合乎期货公司规范运作的制度化管理体系，是期货行业中资金充裕，实力雄厚，资产质量和资信条件优越的公司之一。公司总部位于广州，分别在北京、上海、广州、深圳、大连、郑州、青岛、西安、武汉、南京、佛山、珠海、中山、江门、肇庆、东莞、汕头、南宁、昆明、成都、厦门、福州、宁波、杭州、无锡、台州设有分支机构。2006年，公司在香港设立全资子公司——广发期货（香港）有限公司，该公司拥有香港证监会颁发的期货合约交易牌照。2013年，公司通过广发期货（香港）有限公司收购法国外贸银行旗下Natixis Commodity Markets Limited 100%股权并更名为广发金融交易（英国）有限公司（GF Financial Markets（UK）Limited），该公司是伦敦金属交易所首家中资圈内一级会员，也是伦敦证券交易所首批中资会员之一，且该公司于2016年4月获得证监会批准的“人民币合格境外投资者（RQFII）”资格。2013年，公司在上海设立全资风险管理子公司——广发商贸有限公司。公司现已形成立足珠三角地区，覆盖全国各主要城市，并通过香港和英国子公司辐射全球衍生品市场的业务网络。公司的经营范围为商品期货经纪、金融期货经纪、期货投资咨询、资产管理、基金销售。香港子公司及英国子公司可代理香港地区及境外的商品期货和指数、外汇、利率等衍生品业务，还可代理中国期货交易所的国际化品种交易。商贸子公司业务范围包括仓单服务、基差贸易、场外衍生品业务、做市业务及其他与风险管理服务相关的业务。,"https://www.zhaopin.com/jobdetail/CC141446840J40602216906.htm?refcode=4019&srccode=401901&preactionid=a7c1140f-c46c-45e5-b867-ab342d8bdc77"
1245,技术支持工程师,潍坊-昌邑市,7000-14000元,青岛安然物联网科技有限公司,"物联网,物联网",20-99人,未融资,CC559764920J40565336404,需要弱电技术、自动化、安防系统、工业互联网+危化安全生产、物联网人才，不要纯软件人才。  你能经常到全国各地出差吗？你能到化工生产现场做技术支持吗？     真正的奋斗者在安然会有让人值得为之奋斗的事业，会有充实、高效的成长，会有高人一等的收入。,6月21日,基于精准人员定位的工业安全生产信息化管理专家，安全生产信息化管理引领者！作为全国实时定位技术标准工作组成员和应急管理部“工业互联网+危化安全生产”人员定位系统技术支持机构，安然从2012年起致力于基于ZigBee Plus三维立体按需精准定位的“工业互联网+安全生产”的研究，获得了20多项安全智能管控系统发明专利和著作权，持续引领中国化工行业生产现场智慧安全！安然以“准、稳、狠”的ZigBee Plus三维立体按需精准人员定位统和“底数清、数据准、情况明、研判准、措施实”的安全生产信息化平台为核心，整合访客管理、出入口控制、人脸识别、视频监控、语音广播、重大危险源监控、可燃有毒气体监测等系统，对生产现场人、机、料、法、环五大要素进行实时、动态、智能管控和预警，规范人的安全行为，保障人的生命安全，有效防范风险、主动化解风险，实现智慧安全。安然“以用为本”，把安全生产信息化建设与公司管理体系“深度融合”，把安全生产信息化建设与日常工作“紧密结合”，对安全生产切实“有用、实用、好用”，避免建用“两张皮”，让安全管控更智能，让生产更高效才实用。迄今已服务中石化、中石油、延长石油、国能、兖矿、京能、索普、新安、奇美、昊源、潞安、旭阳、垦利、逸盛、海科、酒钢、金发等几百家石化、化工、选煤、钢铁、电厂企业。安然以客户为中心，以强者为本，抬头乐干，愿意与同道中人联合、链接，携手共建、共用、共享生产安全命运共同体，一起干，一起干，让优秀企业更安全，让优秀企业更高效！,"https://www.zhaopin.com/jobdetail/CC559764920J40565336404.htm?refcode=4019&srccode=401901&preactionid=a7c1140f-c46c-45e5-b867-ab342d8bdc77"
1246,技术支持工程师,北京-门头沟区,7000-12000元,研锦生物技术(北京)有限公司,"生物工程,生物工程",20人以下,不需要融资,CC566178980J40755679202,必须有病毒包装（慢病毒、腺病毒、腺相关病毒）相关经验！,6月18日,研锦生物技术（北京）有限公司2014年成立，是一家经营生命科学试剂及承接实验技术服务的专业供应商，公司秉承“创造价值，节约成本，提高效率”的宗旨，以优质的产品和配套服务助力中国的科研院所和制药企业迅速发展。伴随着生命科学行业的高速发展，研锦生物获得了高速成长，2014年成立以来，公司技术核心有3位博士、本科学历占78%，在北京和武汉都拥有实验室，能快速解决实验服务的售前、售中、售后问题。目前已成为ABM(加拿大)、FineTest（菲恩生物）、CELLPRO(赛普)、UElandy（优逸兰迪）的一级代理商。,"https://www.zhaopin.com/jobdetail/CC566178980J40755679202.htm?refcode=4019&srccode=401901&preactionid=a7c1140f-c46c-45e5-b867-ab342d8bdc77"
1247,软件测试,哈尔滨-南岗区,8000-10000元,海南诚铭运网络科技有限公司,互联网,20-99人,,CCL1411334300J40671712206,工作内容： 1.熟悉银行测试相关业务，人员以测试执行和业务能力全面为优先 岗位要求： 1、工作态度积极，责任心强。 计算机相关专业，应届生岗位，要求学信网统招本科，985/211毕业院校，计算机/信息管理/软件工程/金融相关/数学相关专业 2、逻辑思维、理解能力较强，工作态度端正。 职位福利：五险一金、节日福利、年终奖、项目奖金等。,6月18日,,"https://www.zhaopin.com/jobdetail/CCL1411334300J40671712206.htm?refcode=4019&srccode=401901&preactionid=a7c1140f-c46c-45e5-b867-ab342d8bdc77"
1248,测试工程师,鄂州-华容区,5000-7000元,天阳科技,"计算机软件,计算机软件",1000-9999人,已上市,CC120408370J40824158508,1.全国项目驻场测试，主要负责功能、数据或接口等相关测试工作； 2.统招本科学历及以上（学信网可查）；毕业满2年；计算机专业优先； 3.热爱软件测试行业、有强力的自驱力，能够在测试岗位深入学习研究； 4.有无经验均可，服从公司安排，接受公司培养，可接受异地工作优先； 福利待遇： 上市公司，公司可以提供住宿，提供五险一金； 欢迎符合要求的小伙伴们投递~,7月18日,天阳科技(股票代码：300872)，是全球金融创新服务的重要贡献者，持续赋能中国金融行业数字化转型，为客户提供咨询、金融科技产品、金融IT服务、云计算及运营服务。公司成立于2003年，服务超过300家金融行业客户，覆盖中央银行、政策性银行、国有银行、股份制银行、地方性商业银行、非银行金融机构等，员工人数近7000人，成为激活金融领域创新活力、推动金融科技迈入世界领先水平的重要力量。作为金融行业客户可信赖的合作伙伴，天阳科技凭借丰富的行业经验和端到端的专业服务，在信创、数字化金融、信贷、交易银行、信用卡、零售、营销、风险管理、征信监管等众多领域具备核心竞争力。据赛迪和IDC报告显示，近年来公司在中国银行业IT解决方案市场排名强势崛起，2019年收入及市场占有率综合排名分别位列第四位和第五位，并保持高速增长。同时，前瞻商业和科技趋势，入选2021年度未来银行科技服务商TOP100。天阳科技始终聚焦金融科技领域，加大自主创新力度，在超过100个城市建立本地化、专业化的研发和服务团队，拥有CMMI5级认证、软件测试成熟度模型集成（TMMi）3级认证、ISO9001质量管理体系认证、ISO20000信息技术服务管理体系认证、IS027001信息安全管理体系认证。通过部署人工智能、云计算、大数据、移动互联网、分布式计算和区块链等先进金融科技，公司致力于构建安全可控、普惠民生、开放共赢格局，在关键技术领域服务现代化金融发展大局，更好地为各利益相关方创造更大价值，为大中企业、小微企业以及每个个体提供优质金融服务。,"https://www.zhaopin.com/jobdetail/CC120408370J40824158508.htm?refcode=4019&srccode=401901&preactionid=a7c1140f-c46c-45e5-b867-ab342d8bdc77"
1249,实施工程师,上海-徐汇区,180-190元/天,上海优程建筑科技有限公司,建筑设备安装,20-99人,不需要融资,CC887291190J40722426211,岗位职责： 1、在工程师的指导下，协助完成项目的设计类工作； 2、协助工程师完成项目招标阶段的技术支持工作； 3、配合工程师完成项目实施过程中的施工图深化设计及设计变更工作； 4、配合工程师完成市场推广中的技术支持工作； 5、协同完成售前售后的其他技术支持工作； 6、按时完成领导布置的其他工作。 任职要求： 1、楼宇智能化工程技术、建筑环境和设备工程、建筑电气及自动化、供暖通风及空调、电气自动化、智能控制、自动化、机电一体化或相关专业大学专科及以上学历； 2、具有较强的工作主动及积极性，具备较强的学习能力和思考能力，做事认真仔细； 3、具备高度的责任感，能承受一定的工作压力，有较强的团队合作精神、自主学习能力； 4、熟练掌握AutoCAD及常用办公软件实操； 5、具备良好的语言表达及沟通能力； 6、持有中、高级电工证的优先考虑。 ● 实习薪资标准：4000.00元/月，其他福利待遇同公司全职员工 ● 实习生均有带教师父及轮岗的全方面锻炼的机会 ● 公司可提供部分实习生免费住宿 ● 通过实习期考核，该职位可以转编内正式员工（留用），同步调薪 工作地点：上海市徐汇区田州路159号莲花大厦15单元1002室 附近交通：1、轨道交通：地铁12号线虹梅路站，6号口出，步行5分钟即可。 2、公交线路：548路、867路、虹桥镇2路、731路、700路、89路等。 公司官网：www.uchancetech.com,7月21日,上海优程建筑科技有限公司是建筑行业领先的建筑智慧运维和能源管控服务商，公司经营10年有余，积极响应国家双碳战略和行动方案，秉承着“服务提升建筑价值”的经营宗旨，本着“诚信、务实、高效、创新”的企业精神，坚持合作共赢为价值理念，融合自动控制、物联网、边缘计算、云平台、大数据分析技术，专注于建筑全生命周期内的智能控制、数据诊断、改造调适、精细运维，通过产品、技术和服务的结合，让建筑空间更健康、舒适、节能、智慧，助力建筑节能减排和降本增效。同时，公司也是霍尼韦尔楼宇自控系统产品在中国的知名代理商，和欣控制上海服务中心，通过精湛的技术服务和最具竞争力的解决方案，在楼宇自控细分市场具有较高的市场占有率。随着技术的发展和市场需求的变化，公司整合了物联网、大数据分析技术和相关软件产品应用于建筑运营管理中，实施的项目管理效率和节能效果显著。近几年，公司结合市场需求，投入研发并已相继获得多项软件著作权，同时不断整合行业优质资源和先进技术，为客户提供创新、实用的行业整体解决方案，打造成优秀的建筑智慧运维和能源管控专家。,"https://www.zhaopin.com/jobdetail/CC887291190J40722426211.htm?refcode=4019&srccode=401901&preactionid=a7c1140f-c46c-45e5-b867-ab342d8bdc77"
1250,Java,苏州-工业园区,1.4-2.8万·14薪,外企德科数字技术有限公司,专业技术服务,10000人以上,,CCL1480117890J40796051105,岗位职责：  1. 负责后端服务的开发与维护 2. 参与大数据项目的开发与优化 3. 完成软件项目的测试与bug修复 岗位要求： 1. 本科及以上学历 2. 不限工作经验 3. 熟悉后端开发、大数据开发、软件测试、前端开发中至少一项技能,2025-07-27 00:26:08,外企德科数字技术有限公司是一家2023年新成立的中外合资企业。成立于2023年11月24日，公司定位：专注于为信息技术企业提供人才及数字技术外包解决方案的中外合资企业。它是由中国人力资源服务行业的FESCO（北京国际人力资本集团）与全球人力资源服务领导者The Adecco Group（德科集团）合资成立的。公司主要提供网络技术服务、软件外包服务、计算机系统服务、技术进出口、软件开发等信息技术相关服务。专注于为信息技术企业提供信息技术类人才及数字技术外包解决方案。,"https://www.zhaopin.com/jobdetail/CCL1480117890J40796051105.htm?refcode=4019&srccode=401901&preactionid=a7c1140f-c46c-45e5-b867-ab342d8bdc77"
1251,硬件测试,东莞-None,6000-8000元,广东台德智联科技有限公司,"电子/半导体/集成电路,电子/半导体/集成电路,通信/网络设备",1000-9999人,已上市,CCL1228208910J40731310116,岗位职责：（接受25届应届生，专业基础扎实） 1:制定测试计划，编写测试报告，根据测试需求进行分析，设计，开发测试用例；2:对产品进行测试并记录测试结果，对缺陷进行跟踪管理； 3:准确定位缺陷，协助解决缺陷，完成硬件产品设计； 4:硬件产品质量把控。 岗位要求: 1:本科及以上学历，电子类相关专业。 2:熟悉电子产品相关测试，分析标准。 3:熟悉使用各种仪器设备针对电子元器件，PCBA适配器等进行测试。 4:熟悉产品开发流程，有音频智能产品的测试经验，独立完成产品硬件测试项目。 5:具有较强的沟通能力和团队合作能力，有耐心，主动性强者优先，对测试工作有较高热情。 6:应届生亦可，专业知识扎实，有参加电子设计竞赛者优先。,7月11日,台德集团成立于2004年，致力于为用户提供轻奢品的人工智能产品。紧紧围绕智能连接、智能语音交互、智慧图像的软件、硬件、射频、语音、智慧制造、云、大数据等核心技术耕耘，形成了完整的研发、生产、销售、售后的一站式服务团队。公司自成立以来，通过不断的产品创新和技术升级改造，凭借先进的技术实力被评为“国家高新技术企业”、“上市后备企业”、“抚州市工程技术研究中心”、“江西省“专精特新”中小企业”、“东莞市倍增计划试点企业”等荣誉和称号。,"https://www.zhaopin.com/jobdetail/CCL1228208910J40731310116.htm?refcode=4019&srccode=401901&preactionid=a7c1140f-c46c-45e5-b867-ab342d8bdc77"
1252,Java,武汉-洪山区,1.5-3万·15薪,外企德科数字技术有限公司,专业技术服务,10000人以上,,CCL1480117890J40625455105,岗位内容： 1. 负责Java应用程序的设计与开发，包括需求分析、系统设计、编码和测试等环节。 2. 研究新技术，不断提升开发效率和程序性能。 3. 改进现有系统、优化系统资源，提高系统稳定性和可靠性。 4. 参与团队内部培训、交流与分享会议，促进整个团队技术水平的提升。 任职要求： 1. 熟悉Java语言，熟练掌握Spring框架及相关开源技术。 2. 具备扎实的计算机基础，熟悉数据结构、算法和网络编程等知识点。 3. 具备初步的Web开发经验，熟悉HTML、CSS、JavaScript等前端技术。 4. 具有较强的自学能力、问题解决能力和团队协作能力。,2025-07-27 00:23:23,外企德科数字技术有限公司是一家2023年新成立的中外合资企业。成立于2023年11月24日，公司定位：专注于为信息技术企业提供人才及数字技术外包解决方案的中外合资企业。它是由中国人力资源服务行业的FESCO（北京国际人力资本集团）与全球人力资源服务领导者The Adecco Group（德科集团）合资成立的。公司主要提供网络技术服务、软件外包服务、计算机系统服务、技术进出口、软件开发等信息技术相关服务。专注于为信息技术企业提供信息技术类人才及数字技术外包解决方案。,"https://www.zhaopin.com/jobdetail/CCL1480117890J40625455105.htm?refcode=4019&srccode=401901&preactionid=a7c1140f-c46c-45e5-b867-ab342d8bdc77"
1253,软件测试,遵义-正安县,5000-7000元,天阳科技,"计算机软件,计算机软件",1000-9999人,已上市,CC120408370J40824091608,1.全国项目驻场测试，主要负责功能、数据或接口等相关测试工作；  2.统招本科学历及以上（学信网可查）；毕业满2年；计算机专业优先；  3.热爱软件测试行业、有强力的自驱力，能够在测试岗位深入学习研究；  4.有无经验均可，服从公司安排，接受公司培养，可接受异地工作优先；  福利待遇：  上市公司，公司可以提供住宿，提供五险一金；  欢迎符合要求的小伙伴们投递~,7月24日,天阳科技(股票代码：300872)，是全球金融创新服务的重要贡献者，持续赋能中国金融行业数字化转型，为客户提供咨询、金融科技产品、金融IT服务、云计算及运营服务。公司成立于2003年，服务超过300家金融行业客户，覆盖中央银行、政策性银行、国有银行、股份制银行、地方性商业银行、非银行金融机构等，员工人数近7000人，成为激活金融领域创新活力、推动金融科技迈入世界领先水平的重要力量。作为金融行业客户可信赖的合作伙伴，天阳科技凭借丰富的行业经验和端到端的专业服务，在信创、数字化金融、信贷、交易银行、信用卡、零售、营销、风险管理、征信监管等众多领域具备核心竞争力。据赛迪和IDC报告显示，近年来公司在中国银行业IT解决方案市场排名强势崛起，2019年收入及市场占有率综合排名分别位列第四位和第五位，并保持高速增长。同时，前瞻商业和科技趋势，入选2021年度未来银行科技服务商TOP100。天阳科技始终聚焦金融科技领域，加大自主创新力度，在超过100个城市建立本地化、专业化的研发和服务团队，拥有CMMI5级认证、软件测试成熟度模型集成（TMMi）3级认证、ISO9001质量管理体系认证、ISO20000信息技术服务管理体系认证、IS027001信息安全管理体系认证。通过部署人工智能、云计算、大数据、移动互联网、分布式计算和区块链等先进金融科技，公司致力于构建安全可控、普惠民生、开放共赢格局，在关键技术领域服务现代化金融发展大局，更好地为各利益相关方创造更大价值，为大中企业、小微企业以及每个个体提供优质金融服务。,"https://www.zhaopin.com/jobdetail/CC120408370J40824091608.htm?refcode=4019&srccode=401901&preactionid=a7c1140f-c46c-45e5-b867-ab342d8bdc77"
1254,硬件测试,苏州-吴中区,7000-10000元,重庆科满福人力资源服务有限公司,企业服务,20-99人,,CCL1487604860J40922118504,【岗位职责】 ： 1、进行新产品研发阶段的测试工作 2、完成新产品的功能测试、可靠性测试、环境测 试、安全测试等技术工作 3、制定测试计划，设计测试用例，分析测试数 据，编制测试报告 4、为其他部门提供技术支持，与其他部门的产品 联合测试工作 ,7月9日,,"https://www.zhaopin.com/jobdetail/CCL1487604860J40922118504.htm?refcode=4019&srccode=401901&preactionid=a7c1140f-c46c-45e5-b867-ab342d8bdc77"
1255,技术支持工程师,杭州-滨江区,5000-9000元,杭州聚延科技有限公司,"仪器仪表制造,计算机软件",20人以下,未融资,CC577599730J00228901106,具体薪资需要面谈哦！~ 性别不限，欢迎小哥哥小姐姐们的加入哦！ 岗位职责：  1、初期进行自动化设备操作，调试，维护，日常保养，设备优化，技术支持；  2、后期进行新项目的电气部分方案设计，电气原理图设计，PLC编程，  上位机编程，配件选型，售后技术支持；  3、独立负责项目设计和技术改造； 任职资格：  1、 大专及以上学历，计算机、自动化、机械工程及自动化（机电一体化）、电  气工程及自动化（弱电）等相关专业优先；  2、具备相关的电气基础知识和工控知识，有现场电气安装调试经验优先；  3、熟悉PLC系统，HMI，及上位组态软件；  4、熟悉Linux操作系统者优先；  5、有公司车间、生产线等技术改造经验者优先；  6、 人品优秀，诚实、稳重，工作认真、负责，具有较强的责任心；  7、身体健康，能适应偶尔的出差；  8、英语语言能力良好者优先；  9、欢迎优秀应届毕业生投递简历，可适当调整要求；,7月14日,杭州聚延科技有限公司是一家初创型公司，公司着力于提供工业4.0领域的设备物联网解决方案，帮助工业企业满足对设备智能化、信息化的数据需求，为物联网大数据平台提供更全面更精准更有价值的数据信息。作为世界知名企业研华科技的解决方案服务供应商，杭州聚延科技有限公司将持续不断地专注开拓各工业领域地物联需求。杭州聚延科技同时对接各种行业软件、硬件以及通讯服务商，展开深度合作，形成生态效应，为中国工业领域地合作伙伴提供最具客户价值、最落地、最开放，以及最安全地工业物联网平台，助力中国制造业地智慧升级，为实现中国制造2025贡献力量。,"https://www.zhaopin.com/jobdetail/CC577599730J00228901106.htm?refcode=4019&srccode=401901&preactionid=a7c1140f-c46c-45e5-b867-ab342d8bdc77"
1256,技术支持工程师,营口-鲅鱼圈区,4000-7000元,武汉浩谱海洋探测系统有限公司,"电子/半导体/集成电路,计算机软件",20-99人,未融资,CC598458020J40655956710,岗位职责： 1、主要负责辽宁省内项目运维和售前、售后技术支持工作； 2、负责项目管理，配合负责人掌握工程进度情况，及时将项目上施工中出现的问题反馈公司领导； 3、负责组织工程项目的实施、验收和维护； 4、负责对工程技术人员、用户进行培训； 5、负责工程相关文档编写如验收文件、巡检报告、专利等； 6、 协助负责人制定月度、年度目标计划，组织实施并检查执行情况，全面落实； 7、 协助负责人做好公司外部各单位直接的协调工作； 8、 协助负责人完成工程档案、项目报告及产品验收文件； 9、 协助负责人收集、整理、保管好本部门的各类技术类文件、合同、函件及图纸等档案资料； 10、 完成上级指派的其他相关任务。 岗位要求： 1、统招专科及以上学历，工程类相关专业（电子类、机械、工程、电子信息、通讯工程等）； 2、有一定的口才能力，能够具备产品演讲、验收汇报、PPT汇报能力；； 3、熟练操作office等办公软件； 4、责任心强，具备一定的沟通能力与团队合作能力； 5、能够适应短期出差， 具备一定施工现场组织协调能力； 6、具有驾照者优先。,7月24日,公司简介：武汉浩谱海洋探测系统有限公司成立于2012年9月，是一家专业从事海洋与气象探测仪器设备研发和制造的技术企业。依托武汉特有的教育科研资源优势，具备人员结构年轻化、科研成员高学历化、团队素质专业化等特点。集研发、制造、销售与服务为一体，致力于为客户提供优质的产品、技术服务与解决方案。母公司鼎汉技术是轨道交通领域高端装备制造的领先企业，是中国创业板首批上市公司。武汉浩谱海洋探测系统有限公司依托武汉独特的教育、科研资源优势公司先后与武汉大学、西安电子科技大学、上海广电通信技术有限公司等38所高校和10所科研院所合作使我们的科研和技术支持团队具有非常高的科技素质，人员结构的年轻化、专业化，使我们的技术支持和服务快速、高效。联系方式：027-87791700地址：湖北省武汉市洪山区光谷金融港B5栋404（可乘坐公交：718、757、758、785、787路到光谷大道金融港站下车即可。）投递简历邮箱地址：haopuhr@126.com（简历请尽量从招聘网站直接投递，若单独投递到邮箱，请直接粘贴简历文本，不要用附件形式，主题请注明“姓名-应聘职位-联系电话”）,"https://www.zhaopin.com/jobdetail/CC598458020J40655956710.htm?refcode=4019&srccode=401901&preactionid=a7c1140f-c46c-45e5-b867-ab342d8bdc77"
1257,硬件测试,莆田-荔城区,7000-9000元,福建八盛汽车科技有限公司,"电子设备制造,人工智能,智能硬件,通信/网络设备",100-299人,已上市,CCL1492512230J40644601816,岗位内容： 1. 执行硬件测试任务，并维护测试数据和文档； 2. 跟进测试过程中发现的问题，协助解决硬件缺陷； 3. 收集硬件测试需求，推动测试工具和方法的改进。 任职要求： 1. 熟悉常用的硬件测试方法和工具，有相关经验者优先考虑； 2. 善于沟通和协作，具有良好的团队合作精神； 3. 具备较强的学习和自我提升意愿，能够快速适应新环境和新技术。,7月26日,八盛汽车科技有限公司成立于2021年，在汽车科技领域精耕细作，不断开拓创新。经过多年发展，已成为行业内具有一定规模和影响力的企业，拥有现代化的办公设施与研发中心，汇聚了众多汽车科技专业人才，业务覆盖范围广泛，涵盖汽车智能系统研发、汽车零部件制造与优化等多个板块。,"https://www.zhaopin.com/jobdetail/CCL1492512230J40644601816.htm?refcode=4019&srccode=401901&preactionid=a7c1140f-c46c-45e5-b867-ab342d8bdc77"
1258,实施工程师,晋城-城区,9000-18000元,青岛安然物联网科技有限公司,"物联网,物联网",20-99人,未融资,CC559764920J40675758204,需要弱电技术、自动化、安防系统、工业互联网+危化安全生产、物联网人才，不要纯软件人才。  你能经常到全国各地出差吗？你能到工业生产现场生产现场做技术支持吗？   真正的奋斗者在安然会有让人值得为之奋斗的事业，会有充实、高效的成长，会有高人一等的收入。   你能做好售前技术支持、根据客户需求，高效制作方案吗？你能做好售中技术支持、指导他人正确安装、部署、调试系统向用户保质保量快速交付吗？你能做好售后维护，高效沟通和落实客户需求吗？   迄今已服务中石化、中石油、延长石油、国能、兖矿、京能、索普、新安、奇美、昊源、潞安、旭阳、垦利、逸盛、海科、酒钢、金发等几百家石化、化工、选煤、钢铁、电厂企业。    安然以客户为中心，以强者为本，抬头乐干，愿意与同道中人联合、链接，携手共建、共用、共享生产安全命运共同体，一起干，一起干，让优秀企业更安全，让优秀企业更高效！,7月22日,基于精准人员定位的工业安全生产信息化管理专家，安全生产信息化管理引领者！作为全国实时定位技术标准工作组成员和应急管理部“工业互联网+危化安全生产”人员定位系统技术支持机构，安然从2012年起致力于基于ZigBee Plus三维立体按需精准定位的“工业互联网+安全生产”的研究，获得了20多项安全智能管控系统发明专利和著作权，持续引领中国化工行业生产现场智慧安全！安然以“准、稳、狠”的ZigBee Plus三维立体按需精准人员定位统和“底数清、数据准、情况明、研判准、措施实”的安全生产信息化平台为核心，整合访客管理、出入口控制、人脸识别、视频监控、语音广播、重大危险源监控、可燃有毒气体监测等系统，对生产现场人、机、料、法、环五大要素进行实时、动态、智能管控和预警，规范人的安全行为，保障人的生命安全，有效防范风险、主动化解风险，实现智慧安全。安然“以用为本”，把安全生产信息化建设与公司管理体系“深度融合”，把安全生产信息化建设与日常工作“紧密结合”，对安全生产切实“有用、实用、好用”，避免建用“两张皮”，让安全管控更智能，让生产更高效才实用。迄今已服务中石化、中石油、延长石油、国能、兖矿、京能、索普、新安、奇美、昊源、潞安、旭阳、垦利、逸盛、海科、酒钢、金发等几百家石化、化工、选煤、钢铁、电厂企业。安然以客户为中心，以强者为本，抬头乐干，愿意与同道中人联合、链接，携手共建、共用、共享生产安全命运共同体，一起干，一起干，让优秀企业更安全，让优秀企业更高效！,"https://www.zhaopin.com/jobdetail/CC559764920J40675758204.htm?refcode=4019&srccode=401901&preactionid=a7c1140f-c46c-45e5-b867-ab342d8bdc77"
1259,测试工程师,北京-房山区,150-200元/天,中建材信息技术股份有限公司,"计算机硬件,运营商/增值服务,IT服务",1000-9999人,已上市,CC143900590J40791442012,岗位职责： 包括但不限于，检测样机外观和配置的完整性，测试样机性能状态。对异常情况与借用人沟通，以完成借用单的闭环处理。希望有较强的动手能力。 任职要求： 1. 2026届计算机科学与计算、通信工程、电气&自动化专业等专业，专科及以上学历，具有华为HCIA等技术认证者优先。 2. 计划在ICT行业技术营销领域谋求职业发展； 逻辑思维和沟通能力较强，良好的客户服务意识； 3. 积极乐观的工作态度、积极主动的人际沟通意识、积极主动团队合作意识、积极主动学习意识； 4. 每周至少出勤4个工作日，连续实习6个月以上。,7月7日,中建材信息技术股份有限公司（证券简称：中建信息，证券代码：834082）隶属中国建材集团有限公司，是中建材集团进出口有限公司的下属企业，创立于2005年4月，注册资金14936万元。2021年，公司营业收入超180亿元。中建信息深耕行业多年，是国内领先的企业级ICT资源整合服务提供商，以企业ICT增值分销为基础，为客户提供数字化解决方案和服务。截至目前，公司以北京为中心，设立了近60个分公司与办事处，业务覆盖上海、广州、深圳、成都、沈阳、西安、武汉等国内主要城市，以及埃塞俄比亚、阿尔及利亚等海外国家，并拥有全资子公司中建材信息技术（香港）有限公司、中建材信云智联科技有限公司，和控股子公司博瑞夏信息技术（北京）有限公司、北京元亿科技服务有限公司，形成了立足中国、辐射海外的全球化布局。中建信息与众多国内外领先ICT厂商建立了战略合作伙伴关系，努力构建可持续发展的ICT生态系统。在ICT产品增值分销领域，中建信息赢得了广泛的赞誉，连续多年被评为“中国IT十大卓越分销商”和“中国IT增值分销商十强”，业务规模和服务能力均位居行业前列。此外，基于云计算、大数据、物联网、人工智能等“云大物移智”新技术，中建信息正在加速推动ICT全产业链优化升级，助力生态伙伴及行业用户提升核心价值。通过多年的研发投入，中建信息拥有一系列具备自主知识产权的平台产品和解决方案，并建立起一支专家级团队，具备端到端的数字化转型咨询、设计、实施、运维及运营服务的能力，为政府、金融、互联网、教育、制造、能源、交通等诸多行业合作伙伴提供方案和服务，力争成为值得信赖的企业ICT资源整合服务提供商。多年来，中建信息始终遵从“敬畏、感恩、谦恭、得体”的行为准则，积极营造“待人宽厚、处事宽容、环境宽松及向心力、亲和力、凝聚力”的人文环境；倡导“以客户为中心”“阳光做人，阳光做事”“对结果负责”“主动承担，相互补位”“在创造价值中实现价值”“不忘社会责任”的核心价值观，积极践行企业社会责任，与社会和谐共荣、与伙伴合作共赢、与员工共同成长。,"https://www.zhaopin.com/jobdetail/CC143900590J40791442012.htm?refcode=4019&srccode=401901&preactionid=a7c1140f-c46c-45e5-b867-ab342d8bdc77"
1260,技术支持工程师,上海-长宁区,5000-7000元,上海嘉沛特航空科技有限公司,"客运服务,贸易/进出口",20-99人,不需要融资,CC585757020J40132643613,"职责： 1．协助技术工程师或产品经理的售前、售后工作。 2．在技术工程师指导下，为公司其他同事提供技术资料、参数等信息。 3．在技术工程师指导下，进行产品图纸的制作、修改。 4. 在技术工程师指导下，进行基本的入库检验、打标等相关工作。 5. 在维修工程师指导下，进行工具、设备的售后维护保养工作。 6. 技术部内部资料的整理归档工作。 7. 配合仓库主管进行基本的盘货、理货等工作。   职位要求： 1． 大专以上学历，机械类相关专业。 2． 能适应出差、短期外派等工作需要。 3． 了解CAD应用，可完成基本的CAD制图、改图；有CATIA等软件应用能力优先。 4． 虚心好学，积极进取，具备良好人际沟通能力与团队合作精神，待人接物稳重，诚恳。 5． 语言文字能力强，有技术文件编写能力和产品介绍文字组织能力者优先。 6． 具有基本的英语读写能力，可自行阅读原文技术资料、与国外厂商交流者优先。  有航空航天类工/刀具技术支持经验者优先。 作为已经与中航工业合作超过35年的航空航天领域领先的“一站式解决方案”的系统集成供应商，上海嘉沛特航空科技有限公司拥有创新、设计、研发、生产、分销与服务的完善供应体系，并以行业领先的高端设备、丰富的技术应用经验，完善的配套服务，引领先进装配的一站式解决方案，专注于为飞机制造, 装配，维修维护提供一站式的系统解决方案，包括：上机零件，设备，仪器，工具，刀具，辅料与耗材。 “嘉沛特”（GP）提供精准的一站式解决方案，帮助客户达到国际先进的制孔及装配工艺，提升终端产品的质量与价值。 确保飞机结构的安全可靠性，与寿命。 我们在稳健中发展事业，与秉有共识的合作伙伴建立长远紧密的合作关系。从初步的咨询，至整个项目的完成。我们坚持完美、追求卓越、为客户的成功做出不懈的努力。 “嘉沛特”多年来致力于人才的培养和储备，提供包括专业知识、行业信息、工作技巧等各方面的培训及全球供应链的观摩和见习机会。自成立以来，公司现有人才几乎都是自行培养起来的行业专家。 公司在提供员工培育方案之余，也提供了更为开放和人性化的工作环境以及完善和灵活的福利政策，除了基本的绩效奖金、年终奖金、法定休假、社会保险以外，还有全年多次团建活动、生日假（生日津贴）与生日聚会、服务奖励、进步奖励等等特色福利。 “嘉沛特”期待您的加入，让我们携手共进，共创未来！",7月21日,上海嘉沛特航空科技有限公司（以下简称嘉沛特），于2003年4月成立，公司总部位于上海市长宁区。作为已经与中航工业合作超过25年的航空航天领域系统集成供应商，上海嘉沛特航空科技有限公司拥有自主创新研发、生产、分销与服务的完善供应，并以行业领先的高端设备、丰富的技术应用经验，完善的配套服务，引领先进装配的一站式解决方案。嘉沛特的航空装配工具的市场份额位列前10名，市场占有率约2%，每年向客户输出数十个专业定制方案。“嘉沛特”多年来致力于人才的培养和储备，提供包括专业知识、行业信息、工作技巧等各方面的培训及全球供应链的观摩和见习机会。自成立以来，公司现有人才几乎都是自行培养起来的行业专家。公司在提供员工培育方案之余，也提供了更为开放和人性化的工作环境以及完善和灵活的福利政策，除了基本的绩效奖金、年终奖金、法定休假、社会保险以外，还有全年多次团建活动、生日假（生日津贴）与生日聚会、服务奖励、进步奖励等等特色福利。面对中国腾飞的大形势，国产大飞机的快速上马。“嘉沛特”诚邀有识之士共同加入，为中国航空工业的新发展注入自己的力量。,"https://www.zhaopin.com/jobdetail/CC585757020J40132643613.htm?refcode=4019&srccode=401901&preactionid=a7c1140f-c46c-45e5-b867-ab342d8bdc77"
1261,前端开发,深圳-福田区,5000-8000元,深圳市奕扬科技有限公司,物联网,20-99人,,CCL1462560440J40648968516,岗位内容： 1. 负责开发和维护前端系统和模块，确保其运行稳定可靠 2. 编写高效、清晰、易于维护的代码 3. 协调需求，与其他团队成员进行有效沟通和协作  4.熟练UI设计，熟练美工设计以及相关工具,6月6日,"深圳市奕扬科技有限公司成立于2012年，致力于突破传统音视频技术，将音视频与AIOT(人工智能+物联网)融合，重新定义终端用户智能化视听体验，为全国政府、教育、企业、商业等领域客户提供全场景“音视频+AIOT”系统解决方案。并在全国多地设有办事处，为客户提供本地化精准服务。公司专注于视、音频等流媒体的数字化、网络化、智能化技术的研究，用通信理念研发创新性的产品,产品覆盖数字音频、智能显示与呈现、全媒体管控平台、融合通讯、统一管理控制等领域。在军警公检法司、人防、公共安全、教育、智能建筑、智慧城市等领域具有广泛成功案例。愿景:成为国际一流的全媒体应用解决方案提供商。推动行业数字化变革，为客户创造最大价值，为员工创造美好生活。","https://www.zhaopin.com/jobdetail/CCL1462560440J40648968516.htm?refcode=4019&srccode=401901&preactionid=a7c1140f-c46c-45e5-b867-ab342d8bdc77"
1262,科研人员,南京-栖霞区,1.4-2.6万,国信蓝桥数字科技(天津)有限公司,学校/学历教育,100-299人,,CCL1504714850J40768962710,学历：硕士及以上 专业：计算机类、机械类、电气类、交通类、化学类、材料类,7月24日,,"https://www.zhaopin.com/jobdetail/CCL1504714850J40768962710.htm?refcode=4019&srccode=401901&preactionid=a7c1140f-c46c-45e5-b867-ab342d8bdc77"
1263,Java,武汉-江夏区,1.4-2.8万·15薪,外企德科数字技术有限公司,专业技术服务,10000人以上,,CCL1480117890J40792750805,岗位要求: 1、热爱编程，基础扎实，熟练掌握但不限于C/C++，JAVA，python，GO等编程语言中的一种或几种。 2、熟悉Linux操作系统，对常见的数据结构和算法有一定的了解。 3、具备独立工作能力和解决问题的能力，善于沟通，乐于合作，热衷新技术，善于总结分享。 目前在招聘的岗位：AI软件开发、通用软件开发、应用软件开发、编译器与编程语言开发、大数据开发、数据库开发 【岗位职责】 1、跟踪学术动态，梳理前沿技术，参与计算基础软件系统架构的技术规划和技术创新。 2、负责基础软件领域的大数据，AI，HPC，数据库，网络等领域的系统架构及关键模块的性能优化。 3、负责基础软件业务领域各个模块的开发工作。 【学历要求】：学信网可查，毕业证学位证齐全，本科、硕士及以上都可以 【经验要求】:至少会一门主流编程语言，学习能力强，对于一些优秀的应届可以接受无实际工作经验 【福利待遇】： 1、底薪+绩效 (根据技术面试能力定级定薪) 2、试用期不打折 3、入职缴纳五险一金，公积金按底薪全额缴纳 4、入职就有导师一对一，带教半年 5、优质研究所办公环境和技术氛围 6、加班费、交通报销、免费宵夜、班车、健身房、下午茶，团建，带薪年假 在这里，你将从事IT应用层软件、分布式云化软件、互联网软件等的设计开发，可以采用敏捷、Devops、开源等先进的软件设计开发模式，接触最前沿的产品和软件技术，成为大容量高并发技术的专家;你将参与大厂产品的软件研发工作，包括但不限于: (1)完成从客户需求到软件产品定义、架构设计、开发实现、再到上线运营维护等产品生命周期中的各个环节; (2)创造性解决产品在实现过程中的技术难题，应用前沿技术提升产品的核心竞争力，如分布式系统、性能调优、可靠性、数据库等; (3)有机会参与业界前沿技术研究和规划，参与开源社区运作，与全球专家一起工作、交流。 在这里，你将有机会和全球顶尖专家一起并肩作战，快速成长为云领域的技术大牛！。 杭州、深圳、东莞、广州、南京、西安、武汉、长沙、济南、成都均可,2025-07-27 00:25:56,外企德科数字技术有限公司是一家2023年新成立的中外合资企业。成立于2023年11月24日，公司定位：专注于为信息技术企业提供人才及数字技术外包解决方案的中外合资企业。它是由中国人力资源服务行业的FESCO（北京国际人力资本集团）与全球人力资源服务领导者The Adecco Group（德科集团）合资成立的。公司主要提供网络技术服务、软件外包服务、计算机系统服务、技术进出口、软件开发等信息技术相关服务。专注于为信息技术企业提供信息技术类人才及数字技术外包解决方案。,"https://www.zhaopin.com/jobdetail/CCL1480117890J40792750805.htm?refcode=4019&srccode=401901&preactionid=a7c1140f-c46c-45e5-b867-ab342d8bdc77"
1264,测试工程师,兰州-皋兰县,5000-7000元,天阳科技,"计算机软件,计算机软件",1000-9999人,已上市,CC120408370J40824032808,1.全国项目驻场测试，主要负责功能、数据或接口等相关测试工作； 2.统招本科学历及以上（学信网可查）；毕业满2年；计算机专业优先； 3.热爱软件测试行业、有强力的自驱力，能够在测试岗位深入学习研究； 4.有无经验均可，服从公司安排，接受公司培养，可接受异地工作优先； 福利待遇： 上市公司，公司可以提供住宿，提供五险一金； 欢迎符合要求的小伙伴们投递~,7月26日,天阳科技(股票代码：300872)，是全球金融创新服务的重要贡献者，持续赋能中国金融行业数字化转型，为客户提供咨询、金融科技产品、金融IT服务、云计算及运营服务。公司成立于2003年，服务超过300家金融行业客户，覆盖中央银行、政策性银行、国有银行、股份制银行、地方性商业银行、非银行金融机构等，员工人数近7000人，成为激活金融领域创新活力、推动金融科技迈入世界领先水平的重要力量。作为金融行业客户可信赖的合作伙伴，天阳科技凭借丰富的行业经验和端到端的专业服务，在信创、数字化金融、信贷、交易银行、信用卡、零售、营销、风险管理、征信监管等众多领域具备核心竞争力。据赛迪和IDC报告显示，近年来公司在中国银行业IT解决方案市场排名强势崛起，2019年收入及市场占有率综合排名分别位列第四位和第五位，并保持高速增长。同时，前瞻商业和科技趋势，入选2021年度未来银行科技服务商TOP100。天阳科技始终聚焦金融科技领域，加大自主创新力度，在超过100个城市建立本地化、专业化的研发和服务团队，拥有CMMI5级认证、软件测试成熟度模型集成（TMMi）3级认证、ISO9001质量管理体系认证、ISO20000信息技术服务管理体系认证、IS027001信息安全管理体系认证。通过部署人工智能、云计算、大数据、移动互联网、分布式计算和区块链等先进金融科技，公司致力于构建安全可控、普惠民生、开放共赢格局，在关键技术领域服务现代化金融发展大局，更好地为各利益相关方创造更大价值，为大中企业、小微企业以及每个个体提供优质金融服务。,"https://www.zhaopin.com/jobdetail/CC120408370J40824032808.htm?refcode=4019&srccode=401901&preactionid=a7c1140f-c46c-45e5-b867-ab342d8bdc77"
1265,前端开发,广州-天河区,150-200元/天,广州南天电脑系统有限公司,"IT服务,计算机软件,计算机硬件",500-999人,已上市,CC136558620J40782905614,"工作职责 1、优化IM聊天界面； 2、负责生成与优化ECHAT图表； 3、生成固定格式WORD文档； 4、展现AI大模型输出内容等； 5、配合项目团队，完成其他相关工作。任职要求  1、26届本科及以上学历，计算机科学、人工智能等相关专业；  2、对编程充满热情，至少掌握一门主流编程语言（如Java, Python,Vue3等）；  3、具备良好的团队合作精神及沟通能力；  4、具备高认知能力、高度自驱能力、持之以恒的毅力；  5、有AI大模型开发经验者优先，表现优秀者，提供转正机会。",7月25日,广州南天电脑系统有限公司（以下简称“广州南天”）于1992年成立，是南天电子信息产业股份有限公司（股票代码000948）控股的从事软件开发、系统集成、IT运维及专用设备产品销售、服务的区域子公司。广州南天是南天IBM主机业务责任主体，是IBM国内唯一授权的银行主机核心应用研发中心（暨演示中心、培训中心、技术支持中心）(简称zCITA中心)，承担南天基于IBM大型主机环境的软件开发实施服务，面向国内的中小银行用户提供基于IBM主机平台的解决方案。此外，作为国家信息技术标准（ITSS）工作组运维专业组副组长单位，广州南天参与了国家信息技术系列标准制定工作，作为第一起草单位主持编制了《信息技术服务运行维护第4部分：数据中心规范》，并参与了多项标准的起草编制、评审、修改等工作。作为国家信息化建设服务的重要推动者，广州南天拥有“计算机信息系统集成商二级资质“，通过了“ISO9001质量管理体系认证”及”ISO/IEC27001信息安全管理体系认证“，也是全国首批获得“信息技术服务运行维护标准符合性证书”的企业。同时，南天曾获得“广州十佳客户服务优质单位”的称号，多次获得广州市重点软件企业，多次获得广东省颁发的“纳税信用A级纳税人”称号，是中国广州最具竞争力制造业和高新技术企业100强。广州南天立足广州，辐射华南五省（广东、福建、湖南、广西、海南），为适应IT行业更新迅速、竞争激烈的特点，多年来，广州南天始终力争上游，把提升专业实力，打造企业品牌作为我们的追求，坚持以应用推进为先导，以技术立业为宗旨，为达成最优质的软件生产和系统集成厂商而不懈前进。公司资质：ISO9001：2000国际质量体系认证；ISO27001信息安全管理体系认证；高新技术企业；国家计算机信息系统集成二级资质；广东省计算机信息系统安全服务二级资质；广东省软件和信息服务业诚信示范单位；广东省科技创新、质量管理先进单位；中国广州十佳客户服务优质单位；连续多次获得广州市重点软件企业；连续三次获得广东省颁发的“纳税信用A级纳税人”称号；中国广州最具竞争力制造业和高薪技术企业100强；经营战略：“持续创新，做大软件，做强服务，提升南天主流产品市场占有率”企业文化：以人为本，务实、积极质量方针：南天代表一流品质、始终关注顾客利益、持续改进是每个人的责任质量目标：成为在中国对客户利益最负责任的软件生产和系统集成厂商，保持在技术、产品和应用方案上的领先地位服务理念：南天品质、卓越服务；卓越服务从你我做起，从小事做起公司福利待遇：现代卓越企业之核心价值，就在于以人为本。公司视员工为最大的财富，倡导员工与企业共创价值、共谋福祉。公司为员工提供良好的工作环境与及以下优厚福利：Ø完善的员工职业发展规划，提供各类技术、业务、营销、管理培训与学习机会Ø丰厚的薪酬待遇，包括基本工资、年终绩效奖金Ø提供各类津贴：包括出差补助、生日礼金、添丁贺仪等Ø按国家规定购买五险（养老、医疗、工伤、失业、生育）一金（住房公积金）Ø为工作满三年的符合广州入户条件的正式员工解决户口调迁Ø每年享受国家法定节假日，并拥有带薪年休假、婚假、丧假等Ø关注员工健康，提供免费体检Ø公司工会组织各种文体活动丰富员工业余生活，并定期组织集体旅游公司地址：广州市天河区中山大道天河软件园建工路1号南天大厦五层网址：www.nantian.com.cn邮编：510665欢迎有志之士加盟！,"https://www.zhaopin.com/jobdetail/CC136558620J40782905614.htm?refcode=4019&srccode=401901&preactionid=a7c1140f-c46c-45e5-b867-ab342d8bdc77"
1266,科研人员,榆林-榆阳区,8000-16000元,榆林中科洁净能源创新研究院,"学术/科研,学术/科研",20-99人,未融资,CCL1277628700J40682671512,岗位职责：1. 开展高通量智能催化反应实验以及相关仪器设备使用与维护工作。 任职条件：1. 35周岁（含）以下，硕士研究生及以上学历；,7月16日,中国科学院洁净能源创新研究院榆林分院（简称榆林分院）是中国科学院洁净能源创新研究院在榆林市设立的实体机构，2020年3月5日经过中共榆林市委机构编制委员会批准登记为独立的地方事业法人单位，2020年7月6日获得单位法人证书。中国科学院洁净能源创新研究院指定中国科学院大连化学物理研究所负责榆林分院管理运行。榆林分院的办院宗旨是开展能源领域应用研究，解决国家能源安全和能源产业发展的关键技术，面向社会服务洁净能源及相关产业发展，开展国际合作与交流等。业务范围是开展能源领域应用研究，为榆林打造世界一流高端能源化工基地和建设国家级能源革命创新示范区提供科技支撑；解决国家能源安全和能源产业发展的关键技术；汇聚中国科学院能源领域研究成果，推动成果转化与产业化；为国家、中国科学院和陕西省能源产业发展提供系统解决方案，推动区域经济高质量发展。,"https://www.zhaopin.com/jobdetail/CCL1277628700J40682671512.htm?refcode=4019&srccode=401901&preactionid=a7c1140f-c46c-45e5-b867-ab342d8bdc77"
1267,测试工程师,青岛-城阳区,5000-8000元,青岛衡德泰智能科技有限公司,"专用设备制造,计算机软件",20-99人,未融资,CC328674030J40457355702,1、熟练掌握数字示波器、频谱仪、数字万用表等调试仪器；  2、熟知雷达原理等基础知识；,7月21日,"青岛衡德泰智能科技有限公司成立于2012年5月，注册资金1000万元。公司总部座落于美丽的海滨城市-青岛，是一家致力于提供高科技和高可靠性技术服务的企业。公司经过多年发展，取得了环境管理体系认证证书ISO14001,质量健康安全管理体系认证证书OHSAS18001，中国国家强制性产品认证证书CCC，以及欧盟质量体系认证GE等一系列资质。公司设有技术部、营销部、质量部、行政部、采购部、生产部。现有办公面积5000平米，生产面积6000平米，拥有大型生产设备50多台，各类检测试验设备200多台件。公司拥有日本阿玛达激光切割机和德国通快数控撑等国际知名品牌设备，生产装备能力处于国内行业先进水平。","https://www.zhaopin.com/jobdetail/CC328674030J40457355702.htm?refcode=4019&srccode=401901&preactionid=a7c1140f-c46c-45e5-b867-ab342d8bdc77"
1268,Java,深圳-龙岗区,1.3-2.6万,外企德科数字技术有限公司,专业技术服务,10000人以上,,CCL1480117890J40600775405,任职要求: 1、热爱编程，基础扎实，熟悉掌握但不限JAVA/C++/C/Python/JS/HTML等编程语言中的一种或数种，有良好的编程习惯，扎实的编程基础； 2、具备独立工作能力和解决问题的能力、善于沟通，乐于合作，热衷新技术，善于总结分享，喜欢动手实践; 3、对数据结构算法有一定了解；对操作系统，体系结构，网络等基础原理有一定的了解； 岗位特点： 1.薪酬一般是12k-30k，根据笔试与面试结果进行定薪； 2.双休，每个月月末一个周六固定加班，双倍薪资； 3.五险一金入职就有。试用期薪资不打折； 4.入职&年度免费体检，免费夜宵、班车&加班打车免费、下午茶、节假日等福利； 5.全程线上面试，工作地点自由选择：成都、深圳、背景、上海、杭州、西安、南京、武汉、东莞，欢迎咨询~,2025-07-27 00:23:22,外企德科数字技术有限公司是一家2023年新成立的中外合资企业。成立于2023年11月24日，公司定位：专注于为信息技术企业提供人才及数字技术外包解决方案的中外合资企业。它是由中国人力资源服务行业的FESCO（北京国际人力资本集团）与全球人力资源服务领导者The Adecco Group（德科集团）合资成立的。公司主要提供网络技术服务、软件外包服务、计算机系统服务、技术进出口、软件开发等信息技术相关服务。专注于为信息技术企业提供信息技术类人才及数字技术外包解决方案。,"https://www.zhaopin.com/jobdetail/CCL1480117890J40600775405.htm?refcode=4019&srccode=401901&preactionid=a7c1140f-c46c-45e5-b867-ab342d8bdc77"
1269,C/C++,北京-通州区,1-1.2万·13薪,北京京仪集团有限责任公司,仪器仪表制造,1000-9999人,不需要融资,CC148305730J40744389501,岗位职责： 1.根据项目进度要求和任务分配完成上位机软件的设计、编码和维护任务； 2.负责编写软件需求分析、概要方案、用户手册等相关文档，解决调试过程中遇到的问题，修正代码bug； 3.负责根据开发规范和流程独立完成编码； 4.参与维护和升级，对客户进行技术支持； 岗位要求： 1.硕士及以上学历，计算机、自动化、仪表仪器等相关专业，有较好的数学基础，拥有Windows应用程序开发经验； 2.熟练掌握c++语言，熟练使用Visual Studio、Eclipse等集成开发环境； 4.熟悉软件控制系统中上位机和下位机原理，熟悉常见滤波算法，拥有高速ADC采集卡数据处理经验者优先； 5.了解串口、usb、GPIB、TCP/IP等通信协议； 6.了解GitHub或SVN等软件代码工具的基本思想及功能，能熟练使用更佳； 7.良好的英语听说能力，技术文档处理能力（需求、设计、使用说明等）； 8.具备良好的沟通表达能力、责任心和团队协作能力；,6月11日,"北京京仪集团有限责任公司（简称京仪集团）是由北京控股集团有限公司出资并按照《公司法》设立的法人独资公司，集科研、设计、生产制造、销售服务、工程设计和系统工程成套为一体的集团公司。注册资金10亿人民币，拥有二级控股子公司17户、科研院所3户、科技孵化平台1户、高级技工学校1户，与ABB、艾默生、奥林巴斯等多家国际公司建立了长期合资合作关系。京仪集团重点发展自动化系统及仪表（C）、科学仪器（I）、电力电子和新能源（E）三大产业板块，并以此为基础向节能、环保、安全等新领域拓展。自动化系统及仪表产业，具有完整的自动化仪表产业链，具备为客户提供自动化领域全方位解决方案和“交钥匙”的工程能力。科学仪器产业，主要包括分析仪器、测绘仪器和真空仪器等，产品具有智能化、专用化、小型化和联用化的特征，同时提供环保监测、生命安全等领域的解决方案。电力电子和新能源产业，形成了具有自主知识产权的较完整的光伏产业链，同时为用户提供电力电子元件和电源装置。京仪集团持续保持快速发展，经济规模和效益居国内同行业前列。京仪集团持续保持快速发展，经济规模和效益居国内同行业前列。坚持体制创新，建立和完善现代企业制度，形成了以产权为纽带的母子公司管理体系,构建了战略控股型产业集团。坚持技术创新和结构调整，以京仪研究总院为核心、以企业技术中心为基础、以京仪科技孵化基地为依托，形成集团层次清晰、分工合理的技术创新体系。目前拥有7家市级技术中心和27家高新技术企业，拥有授权专利167项、软件著作权38项，“十一五”期间完成国家部委项目30余项。京仪集团科技孵化器已通过北京市及国家科技企业孵化器认证，成为第一个国家级仪器仪表专业孵化器。坚持管理创新，学习借鉴国内外先进管理经验，推行了发展战略、全面预算、运营监控三项重要管理，获得中国机械工业现代化管理企业称号。建立了集团博士后科研工作站和6个企业分站，在北京市率先建立了首席技师制度，荣获国家技能人才培育突出贡献奖，被评为全国机械工业高技能人才队伍建设先进集体。集团发展目标：把京仪集团建设成具有国际竞争力、高科技、绿色的特色产业集团。","https://www.zhaopin.com/jobdetail/CC148305730J40744389501.htm?refcode=4019&srccode=401901&preactionid=a7c1140f-c46c-45e5-b867-ab342d8bdc77"
1270,测试工程师,福州-马尾区,5000-10000元,福建富昌维控电子科技股份有限公司,"仪器仪表制造,互联网,仪器仪表制造,物联网",300-499人,未融资,CC291402110J40744162110,岗位职责： 1、根据测试大纲完成产品的性能测试、可靠性测试，测试后报告的撰写，对测试结果进行分析，测试问题的跟踪。  2、负责新部品的性能测试、可用性测试，输出测试报告。  3、协助研发人员完善测试标准和规范，对测试工作有自己见解和想法。  ,5月6日,福建富昌维控电子科技股份有限公司是一家专业从事先进制造和自动化领域产品研究、开发与销售的国家高新技术企业。维控自主研发的主要产品有：人机界面(HMI)、可编程逻辑控制器(PLC)、维控慧网(V-NET)和企智云(V-IEC)、智能网关产品慧盒(V-B0X)、伺服驱动器、运动控制系统、视觉控制系统等，产品广泛应用于装备制造业、农业养殖、节能环保、新能源等领域，为客户提供专用控制、工业物联网解决方案。维控总部位于福州市马尾区维控科技园，近600名年轻、充满激情的职工在这里工作。维控凭借其创新技术、持续改良的产品和服务，销售网络遍布全球。在国内主要工业城市设有四十余个办事处，为各地代理商和客户提供产品销售和技术支持服务。同时，维控产品远销八十多个国家，在意大利、巴西、土耳其、印度、巴基斯坦等四十余个国家设有代理商，为产品提供全球联保服务。维控经过多年努力，已获得业内肯定，拥有《福建省科技型企业》、《福建省“专精特新”中小企业》、《国家高新技术企业》等荣誉称号同时，公司已通过ISO9001质量管理体系认证，所有产品均通过CE认证(欧盟安全）截止到2025年4月份，公司拥有169项核心自主知识产权，其中发明专利14项，实用新型专利28项，外观专利9项，软件著作权118项。,"https://www.zhaopin.com/jobdetail/CC291402110J40744162110.htm?refcode=4019&srccode=401901&preactionid=a7c1140f-c46c-45e5-b867-ab342d8bdc77"
1271,硬件测试,哈尔滨-道里区,5000-6000元,哈尔滨光宇电气自动化有限公司,"电力/水利/热力/燃气,工业自动化,电子/半导体/集成电路,计算机软件",100-299人,,CC204107220J40703751311,1、了解Altium Designer、Candence等EDA工具； 2、熟练掌握常见测试仪器； 3、了解C语言，有嵌入式编程基础； 4、了解MCU、MPU、DSP等嵌入式处理器； 5、了解SMT生产流程及相关工艺； 6、具有手工焊接能力。,7月24日,"哈尔滨光宇电气自动化有限公司是光宇国际科技有限公司投资创办的以电力系统自动化为主要研究方向和应用领域的高新技术企业,具有自主研制生产的系列化电力综合自动化、继电保护产品。公司为西门子公司授权的系统集成商。公司拥有专业的产品研发团队、工程设计与成套、工程调试与售后服务工程团队。公司设有石油化工行业电气自动化系统集成技术中心、光宇研究院电力自动化研究所、北京研发中心、天津研发中心及南京分公司。公司自主研制生产的分布式系列保护与自动控制产品及变电站综合自动化系统通过国家继电保护及自动化设备质量监督检验中心开普检测实验室的检测；公司通过质量管理体系（GB/T19001- 2016/ISO9001：2015）认证、环境管理体系（GB/T 24001- 2016/ISO14001: 2015）认证、健康安全与环境管理体系（Q/SY 1002.1- 2013和Q/SHS 0001.1- 2001）认证、职业健康安全管理体系（GB/T 45001- 2020/ISO45001: 2018）认证、信息安全管理体系（GB/T22080- 2016/ISO/IEC27001: 2013）认证；公司通过软件企业与软件产品“双软认证”；公司现为“中国电器工业协会”及“中国软件行业协会”会员单位，“中电协继电保护及自动化设备分会”理事单位；公司2008年认定为国家高新技术企业。公司注重产品研发与人才培养，逐步建立起了产品研发与技术创新、质量管理与成本控制、市场销售与工程成套等体系。秉承“管理科学、高效有序、踏实有为、追求卓越”的经营管理理念，公司将持续专注行业技术与产品创新，努力为行业用户提供高品质的产品和专业优质的服务。","https://www.zhaopin.com/jobdetail/CC204107220J40703751311.htm?refcode=4019&srccode=401901&preactionid=a7c1140f-c46c-45e5-b867-ab342d8bdc77"
1272,软件测试,南昌-东湖区,8000-9000元·13薪,江西暖仓科技有限公司,新零售,20-99人,,CCL1503335630J40777839007,岗位内容： 1. 设计和执行测试用例，并记录测试结果。 2. 分析并报告软件缺陷，包括重现步骤、缺陷严重程度和影响范围。 3. 参与产品设计过程，提供测试建议和反馈。 4. 开发自动化测试脚本和工具。 5. 执行性能和负载测试的任务。 任职要求： 1. 具有本科以上学历，计算机科学或相关领域优先。 2. 熟悉测试方法论和流程，能够编写高质量的测试用例。 3. 熟练使用至少一种自动化测试框架和脚本语言（如Selenium、Python、Robot Framework）。 4. 了解软件开发周期和敏捷开发流程。 5. 优秀的沟通和协作能力，能够与跨部门的团队成员合作。,7月28日,,"https://www.zhaopin.com/jobdetail/CCL1503335630J40777839007.htm?refcode=4019&srccode=401901&preactionid=a7c1140f-c46c-45e5-b867-ab342d8bdc77"
1273,测试工程师,青岛-崂山区,1-1.8万,歌尔股份,电子/半导体/集成电路,10000人以上,,CC132726540J40685284006,1、负责新产品导入工作，与客户和相关部门进行测试方案评审、工装评审、参与测试系统评估、导入、调试及验收，保证测试系统的可靠性； 2、根据现场试产状况，对新产品导入过程中的问题点进行汇总、反馈与跟踪，推动客户与相关部门改善，保证新产品顺利导入量产； 3. 充分挖掘试产过程中流程，CT，软/硬件痛点，优化流程，提升产品一次通过率，提升量产效率，降低量产成本。 4、根据烧录程序及产品软件要求，进行产品软件、烧录器导入、验证、使用及验收，保证产品功能实现及量产性； 5、根据新产品各个阶段的要求，对新产品导入测试段相关事项协调及推动，保证各阶段工作的顺利进行。 任职资格： 1、本科及以上学历，通信、电子、计算机、机械等理工专业优先； 2、熟悉电子产品软硬件调试，异常分析与处理，熟悉通用仪器仪表（如CMW100，6290E，66319D）基本使用方法； 3、5年以上消费性电子产品测试NPI相关工作经验； 4、消费电子、3C、半导体、整机行业优先； 5、具备手表、手环、耳机、AR/VR项目经验优先； 6、良好的沟通和团队协作能力、具备问题分析和解决能力、能适应快节奏工作环境，具备抗压能力。,6月19日,歌尔股份有限公司成立于2001年6月，2008年5月在深交所上市，是全球布局的科技创新型企业，主要从事声光电精密零组件及精密结构件、智能整机、高端装备的研发、制造和销售，目前已在多个领域建立了综合竞争力。秉持一站式服务为客户创造更大价值的理念，歌尔深耕产业价值链上下游，已与消费电子领域的国际知名客户达成稳定、紧密、长期的战略合作关系。从上游精密元器件、模组，到下游的智能硬件，从模具、注塑、表面处理，到高精度自动线的自主设计与制造，歌尔打造了在价值链高度垂直整合的精密加工与智能制造的平台，为客户提供全方位服务。歌尔研发布局全球，在美国、日本、韩国、丹麦、北京、青岛、深圳、上海、南京、台湾等地分别设立了研发中心，以声光电为主要技术方向，通过集成跨领域技术提供系统化整体解决方案。我们一起创造We make it together我们是要用青春、生命，学习掌握现代一流科技，研究把握现代人内心需求，运用现代一流科技和深沉持久的爱心创造出具有卓越品质的声学、光学、微电子等产品，为人们的生活创造美好的声音、画面、创造美好的情怀、品德和生命形态等，让全世界所有与歌尔相关的客户、员工、股东、合作伙伴的生活因歌尔的存在而变得更加美好。>;秉持一站式服务为客户创造更大价值的理念，歌尔深耕产业价值链上下游，已与消费电子领域的国际一流客户达成稳定、紧密、长期的战略合作关系。从上游精密元器件、模组，到下游的智能硬件，从模具、注塑、表面处理，到高精度自动线的自主设计与制造，歌尔打造了在价值链高度垂直整合的精密加工与智能制造的平台，为客户提供全方位服务。>;歌尔研发布局全球。在美国、日本、韩国、丹麦、瑞典、北京、青岛、深圳、上海、南京、台湾等地分别设立了研发中心，以声光电为主要技术方向，通过集成跨领域技术提供系统化整体解决方案。>;我们一起创造　We make it together!,"https://www.zhaopin.com/jobdetail/CC132726540J40685284006.htm?refcode=4019&srccode=401901&preactionid=a7c1140f-c46c-45e5-b867-ab342d8bdc77"
1274,前端开发,北京-西城区,120-150元/天,中国移动研究院,"运营商/增值服务,通信/网络设备,互联网",1000-9999人,,CC143191460J40719300407,岗位职责:,5月28日,"中国移动研究院(简称研究院)是中国移动科技创新体系的核心研发机构，以“做世界一流的信息服务科技创新引擎”为目标，做优国家战略科技力量和企业科技创新的两个主力军，研究领域覆盖无线、网络、业务、安全、人工智能、物联网、测试、战略市场产业等智库研究以及前沿技术等。中国移动研究院积极承担央企重大科创工程，累计承担国家重大科技专项等国拨项目200多项，承担“新一代移动信息通信技术国家工程研究中心”“智慧网络国家新一代人工智能开放创新平台”等国家级科创平台；为我国移动通信技术实现“1G空白、2G跟随、3G突破、4G并跑、5G引领”发挥了重大作用，创新提出算力网络理念并获得广泛认可，已上升为国家重大战略；引领光通信技术发展，创建“九天”人工智能科研特区，推出九天基础大模型和多个行业大模型，锻造成为央企AI国家队,数智化能力广泛应用于网络、营销、管理等领域。","https://www.zhaopin.com/jobdetail/CC143191460J40719300407.htm?refcode=4019&srccode=401901&preactionid=a7c1140f-c46c-45e5-b867-ab342d8bdc77"
1275,Java,郑州-航空港区,8000-12000元,富士康科技集团郑州科技园,金属制品业,10000人以上,已上市,CC356630310J40487434606,任职要求： 1、本科及以上学历，计算机相关专业；  2、专业软件项目开发工作经验4年或以上；需求分析及设计经验2年或以上；  3、熟练掌握至少2种程序设计模式；熟悉软件过程管理；  4、掌握Java、.NET等开发语言；熟练掌握UML及良好的设计文档规范；  5、具备良好的沟通能力；  6、有工业物联网系统开发、实施经验者优先；  ,7月25日,富士康科技郑州科技园简介富士康科技集团郑州科技园包括郑州航空港厂区、郑州出口加工区厂区及中牟厂区，是郑州市引进的重大产业项目，以生产高端智能手机，服务于全球顶尖IT客户为己任，对加快郑州市乃至河南省的产业结构、转变经济发展模式、扩大城乡就业、促进经济社会发展具有重大意义。 2010年，为加速集团产业升级与结构调整，积极配合国家“中原崛起”战略决策，顺应员工返乡就业要求，集团郑州科技园正式投产运行。郑州科技园积极实施人才创新、自我培养机制，使产销效率得到极大提高，质量方面精益求精，为园区发展创造了更充足，更长远的发展动力！同时，集团每年投入巨资，为员工设立“五条保障线”，从社会保障、集团保障、工会关怀等各个方面，保障每一位员工的权益。另外，园区经常举办形式多样的文体活动，丰富了员工的业余文化生活，让同仁感受到了来自集团大家庭最真挚的关爱。政府的支持，集团高层的正确决策和员工的共同努力，使郑州科技园日新月异，不仅带动整个航空港区科技、文化、经济、贸易、物流的发展，还成为推动中原经济发展的强有力引擎，成为中原地区一颗耀眼的高科技明星！鸿飞千里兴科技，海纳英才聚郑州。目前，郑州科技园宏伟蓝图已展开，加快高科技的创新与研发，加快“工—技—e贸”转型，绘制了富士康郑州科技园人才之梦、发展之梦、繁荣之梦，吸引着越来越多的有志之士投身于这片热土，成为新时代富士康人为之奋斗的梦中之城！薪酬福利政策项目内容工作时间 5天8小时制，加班费依劳动法规定执行五险一金办理养老、医疗、工伤、失业、生育等社会保险及住房公积金休假依劳动法规定执行，如年休假等奖金年终奖及适时激励奖：公司依当年营运获利情况及体恤员工贡献而核发之奖金，具体发放依当年公司规定办理。训练机会在职训练、学历教育、海外历练文康活动中秋、迎春活动；各类运动会、活动协会；足球/篮球/游泳/健身/网吧等场所等,"https://www.zhaopin.com/jobdetail/CC356630310J40487434606.htm?refcode=4019&srccode=401901&preactionid=a7c1140f-c46c-45e5-b867-ab342d8bdc77"
1276,技术支持工程师,北京-海淀区,5000-10000元,北京天桥科技有限公司,"计算机软件,网络/信息安全,计算机软件,IT服务",100-299人,不需要融资,CC227415410J40762476907,优秀25年统招本科应届生可考虑 岗位职责 1、负责软件项目的实施工作，包括需求调研、需求分析、实施部署、系统运维等工作； 2、负责软件项目的售前技术支持，包括产品宣讲和编写方案； 3、与相关岗位配合持续提升产品与技能专业度，整理产品待提升机会点，提升产品在客户侧的满意度； 4、积累工作经验及问题总结，沉淀知识库。 任职要求： 1、本科及以上学历，网络工程/信息安全/计算机科学与技术/通信工程/计算机等相关专业； 2、对网络、云计算、集群、国产数据库、中间件、安全和虚拟化技术等‌有一定了解； 3、具有一定数据库基础知识，熟练使用SQL语句，了解oracle、mysql、达梦、金仓等数据库； 4、掌握Linux系统、国产化操作系统的操作和故障排除，以及进行各类配置； 5、了解AI技术的基础知识和应用技巧，包括数据收集、数据处理、模型训练 6、能够熟练使用办公软件，如Word、Excel、PowerPoint、Viso等； 7、有较强的逻辑思维能力、良好的语言表达能力、自主学习能力和沟通技巧; 8、能适应出差，服从公司其他安排。,7月3日,北京天桥科技有限公司成立于2005年，总部位于北京，下设多个运营中心及办事处，足迹跨越拓展至全国。天桥科技一直专注于信息安全保密领域技术的研发，为客户提供先进的计算机信息防护产品及解决方案，是国内较早专业从事保密产品开发的企业，十余年得以稳健发展，现已成为行业翘楚。天桥科技以精湛的技术、精益求精的产品和专业到位的服务受到了广大用户的青睐，同时赢得了高度的商业信誉。曾受邀为全国“两会”、“一带一路”高峰论坛、2008年奥运会、70周年庆、2022年冬奥会等国内重大活动提供保障服务，并成为国家保密局授权的计算机保密装备产品研发单位。天桥科技积极响应国家信创强国战略，围绕保密检查体系化、防护监管一体化、涉密文档标识化等方向，集中优质资源着力打造安全保密技术，推进国家信息安全事业的发展。天桥科技自主研发产品包括信创系列保密防护产品，如国产化计算机终端保密检查系统、国产化打印刻录监控与审计系统、国产化身份鉴别系统等。天桥科技的计算机终端保密检查系统及信息消除系列，安全登录、光盘刻录监控与审计预警系列、门户网站搜索、敏感信息实时监控系统、微信公众号监控系统、微信群敏感信息监管系统、手机隐患复现与检查系统等多条产品线，已经在全国各地规模化部署，并在国家自主可控国产化替代过程中发挥重要作用。天桥科技始终以“为客户提供零缺点的产品和服务”为使命，以“成为中国可信赖的信息安全产品专家”为愿景，秉承“专注创新、诚信做人、用心服务”的理念，努力打造中国信息安全产业核心品牌。天桥科技人将保持诚信和创新精神，为客户提供具有竞争力的产品和服务，全力保障客户的信息安全，为打造中国顶级保密技术企业不懈努力。,"https://www.zhaopin.com/jobdetail/CC227415410J40762476907.htm?refcode=4019&srccode=401901&preactionid=a7c1140f-c46c-45e5-b867-ab342d8bdc77"
1277,C/C++,上海-虹口区,2-4万,中望软件,"计算机软件,IT服务,互联网",1000-9999人,已上市,CC151294010J40767990014,1、参与架构优化工作，能根据设计文档或需求说明完成代码编写，调试，测试和维护。 2、参与架构设计、验证及模块化研发工作，包括：架构设计、功能设计、原型开发、编码实施、模块测试等。 3、在实现产品功能的基础上，能够有效利用设计模式、面向对象方法、代码重用等原则对项目代码进行优化，使其有良好的可维护性和扩展性。 4、分析并解决架构设计及软件开发过程中的问题。 5、作为团队不可或缺的一员，能够为团队建设、产品改进做出自己独特的贡献，能和其他关联部门一起工作，共同为中望产品而努力。 岗位要求： 1、本科及以上学历，软件工程、计算机科学与技术、机械工程及自动化、数学、应用数学、电子科学与技术力学等工科相关专业； 2、精通C/C++编程语言； 3、掌握Windows/Linux平台下各种常用开发工具及知识； 4、3-5年软件开发相关经验，有技术负责人经验优先； 5、具有良好的沟通和表达能力，团队合作精神；学习能力强，有高度的责任心； 6、有几何算法编程经验，熟悉NURBS、 微分几何者优先。,7月21日,公司介绍公司简介广州中望龙腾软件股份有限公司是领先的All-in-One CAx（CAD/CAE/CAM）解决方案提供商、国内A股第一家研发设计类工业软件上市企业（股票代码：688083），专注于工业设计软件超过20年，建立了以“自主二维CAD、三维CAD/CAM、电磁/结构等多学科仿真”为主的核心技术与产品矩阵。目前，中望软件设有广州、武汉、上海、北京、西安、美国佛罗里达六大研发中心，延揽全球优秀人才致力于CAx核心技术研发。发展规模自1998成立至今，1000+员工。以广州为总部，在北京、上海、武汉、西安、重庆、南京、青岛、成都、美国佛罗里达以及越南河内等地设立了分支机构/办事处。技术、服务与产品技术六大研发中心（广州、上海、北京、武汉、西安、佛罗里达），超25年经验的世界级研发团队，自主研发的二维CAD平台技术，三维几何建模内核及混合建模技术，以及EIT算法、网格剖分、前后处理等核心技术。服务致力于为用户提供核心二、三维基础设计、行业专属设计、个性化定制及更多CAx拓展应用的整体解决方案。依托先进的CAD/CAM/CAE技术，中望软件为普教、职教和本科院校提供全方位的教育解决方案。产品中望已形成了以CAD、CAE、CAM为核心的CAx产品技术矩阵，同时积极拓展API接口，并进行广泛的技术合作，持续拓展产品的能力边界，以满足不同行业复杂应用需求。产品涵盖中望二维CAD、中望三维CAD、中望仿真分析、中望教育系列产品以及应用生态系列产品。业务布局国内扎根国内市场，持续提升国产工业软件的使用体验。现有客户涵盖中船集团、中交集团、中国移动、中车株洲所、京东方、格力、海尔、国家电网等知名企业。海外自2004年开始首开中国工业软件海外出口先河，目前拥有15种语言版本的软件产品，畅销全球90多个国家和地区，全球合作伙伴超过260家，正版授权用户数突破90万，逐步实现了业务国际化—研发国际化—服务国际化的战略升级。教育依托先进的CAx技术，中望软件自2008年开始持续投入教育事业，助力国产工业设计软件应用、研发人才的培养，赋能创新教育发展。如今，中望软件已经为3000多所院校的众多专业提供人才培养解决方案，并服务K12学校/机构超70000所。欢迎您到公司官网（了解更多相关信息，真诚期待您的加盟，官网：www.zwsoft.cn),"https://www.zhaopin.com/jobdetail/CC151294010J40767990014.htm?refcode=4019&srccode=401901&preactionid=a7c1140f-c46c-45e5-b867-ab342d8bdc77"
1278,Java,合肥-庐阳区,4000-6000元,安徽雅云晖智能科技有限公司,计算机软件,20-99人,,CCL1483063630J40591241307,职位描述,6月16日,,"https://www.zhaopin.com/jobdetail/CCL1483063630J40591241307.htm?refcode=4019&srccode=401901&preactionid=a7c1140f-c46c-45e5-b867-ab342d8bdc77"
1279,测试工程师,吉安-吉安县,5000-7000元,天阳科技,"计算机软件,计算机软件",1000-9999人,已上市,CC120408370J40824181908,1.全国项目驻场测试，主要负责功能、数据或接口等相关测试工作； 2.统招本科学历及以上（学信网可查）；毕业满2年；计算机专业优先； 3.热爱软件测试行业、有强力的自驱力，能够在测试岗位深入学习研究； 4.有无经验均可，服从公司安排，接受公司培养，可接受异地工作优先； 福利待遇： 上市公司，公司可以提供住宿，提供五险一金； 欢迎符合要求的小伙伴们投递~,2025-07-27 01:24:37,天阳科技(股票代码：300872)，是全球金融创新服务的重要贡献者，持续赋能中国金融行业数字化转型，为客户提供咨询、金融科技产品、金融IT服务、云计算及运营服务。公司成立于2003年，服务超过300家金融行业客户，覆盖中央银行、政策性银行、国有银行、股份制银行、地方性商业银行、非银行金融机构等，员工人数近7000人，成为激活金融领域创新活力、推动金融科技迈入世界领先水平的重要力量。作为金融行业客户可信赖的合作伙伴，天阳科技凭借丰富的行业经验和端到端的专业服务，在信创、数字化金融、信贷、交易银行、信用卡、零售、营销、风险管理、征信监管等众多领域具备核心竞争力。据赛迪和IDC报告显示，近年来公司在中国银行业IT解决方案市场排名强势崛起，2019年收入及市场占有率综合排名分别位列第四位和第五位，并保持高速增长。同时，前瞻商业和科技趋势，入选2021年度未来银行科技服务商TOP100。天阳科技始终聚焦金融科技领域，加大自主创新力度，在超过100个城市建立本地化、专业化的研发和服务团队，拥有CMMI5级认证、软件测试成熟度模型集成（TMMi）3级认证、ISO9001质量管理体系认证、ISO20000信息技术服务管理体系认证、IS027001信息安全管理体系认证。通过部署人工智能、云计算、大数据、移动互联网、分布式计算和区块链等先进金融科技，公司致力于构建安全可控、普惠民生、开放共赢格局，在关键技术领域服务现代化金融发展大局，更好地为各利益相关方创造更大价值，为大中企业、小微企业以及每个个体提供优质金融服务。,"https://www.zhaopin.com/jobdetail/CC120408370J40824181908.htm?refcode=4019&srccode=401901&preactionid=a7c1140f-c46c-45e5-b867-ab342d8bdc77"
1280,实施工程师,深圳-南山区,7000-11000元·13薪,武汉泊富信息技术有限公司,计算机软件,20-99人,,CCL1487077390J40788547805,岗位内容： 1. 协助销售部门制定技术方案，负责公司产品的实施安装、调试及优化。 2. 为客户提供技术支持和培训，解决客户问题并提供相应建议。 3. 与团队成员紧密合作，协作推进项目进展，达到项目目标。 任职要求： 1. 具备相关专业学历，具备技术方案制定和实施经验者优先。 2. 熟悉网络设备的安装及调试知识，具备TCP/IP协议相关知识。 3. 具备一定的团队协作能力和沟通能力，能有效跟进项目进展。 4. 主动积极的工作态度，具备较好的学习能力和解决问题的能力。,6月25日,,"https://www.zhaopin.com/jobdetail/CCL1487077390J40788547805.htm?refcode=4019&srccode=401901&preactionid=a7c1140f-c46c-45e5-b867-ab342d8bdc77"
1281,Java,北京-大兴区,8000-10000元,中国电子系统工程第四建设有限公司,"工程施工,电子/半导体/集成电路,石油/石化,医药制造",1000-9999人,未融资,CC138761210J40758670809,初级Java工程师岗位职责： 1、根据需求说明完成代码编写、单元测试；,7月21日,中国电子系统工程第四建设有限公司（简称中电四公司）始建于1953年，隶属于中国电子旗下中国电子系统技术有限公司，是一家专注于电子信息、生物制药、化工环保、数据中心、汽车、新能源等高科技制造业领域的工程咨询、工程设计、工程承包和设施管理的综合型工程技术服务公司。六十七年的风雨兼程，六十七年的乘风破浪，中电四公司服务范围“从一到多”，服务规模“从小到大”，累计建设电子工程洁净厂房超过500万平米，参建了130余条半导体厂房项目，平板显示市场客户覆盖率达96%以上，大规模集成电路制造（8寸、12寸）市场客户覆盖率40%；在国际医药企业TOP20占有率超过80%，国内医药企业TOP20占有率超过50%，高等级P3动物生物安全实验室占有率超过50%。公司工程业绩覆盖全国30多个省、市、自治区，并已进入欧洲、中东、东南亚、非洲等海外市场。,"https://www.zhaopin.com/jobdetail/CC138761210J40758670809.htm?refcode=4019&srccode=401901&preactionid=a7c1140f-c46c-45e5-b867-ab342d8bdc77"
1282,实施工程师,南京-浦口区,1-2万,南京诺之杰电子科技有限公司,"电子/半导体/集成电路,仪器仪表制造,电子设备制造,光电子行业",20人以下,,CC451661610J40653586913,"岗位职责： 1、为客户提供完善的售前售后技术支持服务，确保客户满意度。 2、负责客户技术交流、现场演示、产品测试等。 3、配合研发做好技术相关工作、技术方案的编写等。 4、完成领导交代的其他工作。   任职资格要求： 1、品行端正、具备良好的沟通协调能力；做事认真到位、负责高效。 2、本科及以上学历，电子、通信、仪器仪表、光电、微波等专业。 3、英语4级及以上，具备较强读写能力。 4、熟悉矢网、信号源、频谱仪、混频器、放大器、通信等仪表设备、子系统等原理和应用的优先考虑 5、具有射频、微波、毫米波、太赫兹、光通信、光传输、测试测量、等专业背景优先考虑 工作待遇： 1、薪资面议 2、五险一金、双休、法定节假日 3、工作日上班时间9:00-12:00,13:00-18:00",6月12日,我公司自成立以来，一直专注于毫米波太赫兹和微波光传输方面的测试测量设备的研究与开发，拥有一支由数名专业技术人员组成的研发团队。我们在毫米波太赫兹和微波光传输方面的测试测量设备领域取得了重要的成果，包括17项知识产权专利。产品和系统过程涉及到：电路设计、模块内部使用的腔体委托加工厂加工、最终进行装配，调试，测量系统搭建。产品主要应用于：6G通信预研，毫米波太赫兹安检成像，末端制导，太赫兹雷达，风云卫星，射电天文等领域。,"https://www.zhaopin.com/jobdetail/CC451661610J40653586913.htm?refcode=4019&srccode=401901&preactionid=a7c1140f-c46c-45e5-b867-ab342d8bdc77"
1283,技术支持工程师,广州-天河区,120-130元/天,广东道一信息技术股份有限公司,"互联网,IT服务,计算机软件",500-999人,未融资,CC136059730J40763537011,岗位职责,7月28日,"公司介绍：道一云是中国低代码平台的领导厂商、腾讯战略投资企业、腾讯生态核心合作伙伴。作为“低代码、高效率”的数字化应用基础设施提供商，公司致力于组织的生产力提升，为客户提供低代码、高效率的数智化转型解决方案，涵盖千人千面、智能流控的企业级门户、30多款开箱即用的场景应用，以及面向企业个性化搭建需求的低代码平台。目前已经为超过60个行业72万家组织提供数字化应用基础设施。作为腾讯战略投资企业，道一云与腾讯联合开发了多个行业解决方案，帮助政府和企业持续数字化创新，成为微信生态最多用户使用的数字化应用基础设施供应商。公司荣誉：道一云具有19年的移动互联网核心技术积累，拥有自主专利、软件著作权100+项，并通过全国计算机系统集成三级以及国际软件成熟度CMMI五级等国内外众多行业资质认证,参与了多项低代码国家标准制定；公司曾获中国智能系统办公领军企业、中国零售优秀服务商、中国年度**雇主、腾讯云启最佳协同企业、腾讯千帆引领之星、广东软件风云榜“新锐企业”、广州十佳互联网创新企业等众多荣誉,并评选为广东省SaaS工作平台工程技术研究中心，广州市专精特新企业，是业内技术创新的优秀典范。福利待遇：1、上班时间：双休，弹性工作制，09：00/9:30-12：00，13：30－18：30/19:00；2、五险一金：为员工购买五险及住房公积金；3、就餐补贴：公司根据员工工作时长给予膳食补贴；4、年终奖：公司将根据运营情况发放年终奖；5、丰富假期：国家法定节假日、带薪年假（转正后）、婚假、产假、陪产假、带薪病假等；6、文娱活动：月度生日会，不定期部门聚餐、员工拓展等；7、培训分享：一对一导师制，定期举行新员工入职培训，不定期组织各类型分享会；8、舒适环境及生活：提供开放舒适的办公、生活环境（自动贩卖机、咖啡机、微波炉、大冰箱等）；9、晋升广阔：公司企业文化公平竞争、公开选拔、鼓励优秀，晋升渠道畅通。您可登陆公司官网，查看公司详细资料了解更多内容。公司官网：http://www.do1.com.cn产品官网：http://wbg.do1.com.cn/公司地址：广州市天河区员村一横路3号道一云","https://www.zhaopin.com/jobdetail/CC136059730J40763537011.htm?refcode=4019&srccode=401901&preactionid=a7c1140f-c46c-45e5-b867-ab342d8bdc77"
1284,Java,大连-甘井子区,1.2-1.6万,红旗(大连)智能科技有限公司,"新能源,电力/水利/热力/燃气,新能源,汽车智能互联",100-299人,不需要融资,CCL1411296790J40493930516,工作内容:,6月12日,红旗电力建设股份有限公司成立于2001年，以电力工程总承包为引领，是国内领先的电力工程解决方案服务商，业务遍及国家电网、地产、市政建设及工企业用户四大领域，是集设计咨询、设备生产、安装建设、智能运维为一体的资质业绩双领先的股份制企业。红旗（大连）智能科技有限公司是红旗电力战略投资的新能源及智慧用电运营商，依托在电力行业全产业链的资源优势，专注于超级充换电、智能化中低压电气设备、电力运维云平台的研发、生产和运营，是北方地区规模最大、增速最快的新能源汽车充电设备制造商和充电网运营商之一。红旗智能超充站已与多家车企展开全面合作，引领国内智能充电新时代，为新能源车主提供更加智能、高效的数字化充电体验，助力我国充电基础设施建设和新能源汽车行业发展。红旗电力&红旗智能以成长、成才、成功为人才培养机制，为每一位红旗人制定完善的职业规划，提供专业的技术培训，全面提升团队战斗力和执行力。企业积极打造内外客户共同成长的平台，为员工提供可持续发展的空间和机会，提倡“快乐工作，健康生活”。期待您的加入！,"https://www.zhaopin.com/jobdetail/CCL1411296790J40493930516.htm?refcode=4019&srccode=401901&preactionid=a7c1140f-c46c-45e5-b867-ab342d8bdc77"
1285,软件测试,武汉-江夏区,1.5-3万·14薪,外企德科数字技术有限公司,专业技术服务,10000人以上,,CCL1480117890J40716201005,岗位职责： 1、根据存储产品需求制定测试计划，设计测试用例； 2、有效地执行测试用例，提交测试报告； 3、准确地定位并跟踪问题，推动问题及时合理地解决； 4、完成对存储和盘产品相关的功能、性能、可靠性和兼容性的集成测试验证； 5、实现需求的自动化测试。 任职要求： 1、 熟练掌握Linux、VMware、数据库等技术，熟悉一种以上的脚本语言，如python等； 2、 具备软件测试能力，具备测试用例设计能力；有硬盘性能，可靠性、兼容性测试经验者优先； 3、 良好的表达能力，钻研能力，注重团队合作，主动担当； 4、 有自动化开发测试经验，熟悉自动化框架和原理，掌握常用的数据结构和算法基础，对存储领域感兴趣。 岗位特点： 1、薪酬一般15-30k，根据笔试与面试结果进行定薪； 2、双休，每个月最后一个周六固定加班，双倍工资； 3、五险一金入职就有，试用期薪资不打折； 4、入职＆年度免费体检、免费夜宵、班车／加班打车免费、下午茶、节假日礼品等福利补贴； 5、全程线上面试，工作地点自由选择：成都、深圳、北京、上海、杭州、西安、南京、武汉、东莞等 ，产品线双向选择，欢迎咨询。 业务优势： 1.接触前沿项目与最新技术，极具锻炼和挑战性； 2.具有与大牛交流机会，有益于个人成长与能力提升； 3.导师专业指导：试用期配备导师，帮助新人快速融入团队和快速理解业务场景。,2025-07-27 00:23:27,外企德科数字技术有限公司是一家2023年新成立的中外合资企业。成立于2023年11月24日，公司定位：专注于为信息技术企业提供人才及数字技术外包解决方案的中外合资企业。它是由中国人力资源服务行业的FESCO（北京国际人力资本集团）与全球人力资源服务领导者The Adecco Group（德科集团）合资成立的。公司主要提供网络技术服务、软件外包服务、计算机系统服务、技术进出口、软件开发等信息技术相关服务。专注于为信息技术企业提供信息技术类人才及数字技术外包解决方案。,"https://www.zhaopin.com/jobdetail/CCL1480117890J40716201005.htm?refcode=4019&srccode=401901&preactionid=a7c1140f-c46c-45e5-b867-ab342d8bdc77"
1286,前端开发,深圳-龙岗区,1.5-1.6万·13薪,深圳市智略云擎人工智能科技有限公司,人工智能,20-99人,,CCL1501176800J40815037008,岗位内容： 1. 设计和开发适用于不同设备的易于使用的网站 2. 参与产品原型设计和产品需求分析 3. 跟进技术趋势及前端开发最佳实践，不断提升团队的技术水平 任职要求： 1. 两年以上前端开发经验，掌握HTML5/CSS/JavaScript等前端技术和常用框架 2. 具备良好的学习能力和解决问题的思维能力，能够配合其他团队成员完成项目工作 3. 对新技术有好奇心，并愿意持续学习和提高,7月24日,,"https://www.zhaopin.com/jobdetail/CCL1501176800J40815037008.htm?refcode=4019&srccode=401901&preactionid=a7c1140f-c46c-45e5-b867-ab342d8bdc77"
1287,软件测试,天津-红桥区,120-150元/天,天津荣茂英财科技有限公司,"计算机软件,计算机硬件,通信/网络设备,IT服务",20人以下,未融资,CC472397210J40804321913,#1 完成项目软件测试。 #2 编写测试用例。 #3 编写操作手册。 #4 管理文档。 #5 需求整理。 #6 解答用户需求问题。 ----------任职资格----------- #1 本科25届毕业生优先 #2 性格开朗，能够和开发人员沟通。 #3 熟悉前端优先。 职位福利：创业公司、周末双休、五险一金,7月25日,"天津荣茂英财科技有限公司成立于2011年,公司注册地点在滨海新区，现办公地点在天津市红桥区咸阳路正融科技大厦1号楼1804，具有高薪技术企业认证，政府采购资质。公司现有员工20人左右，包含软件开发人员，前端与测试，其中具备美国SUN认证1人，具备美国oracle DBA认证1人，平均工作经验4年以上。从事设计、研发、测试、实施的专业技术人员占总公司人数的95%以上公司是一家以软件开发为主营业务的科技型公司，是专门从事计算机软件研发、应用、服务的智能密集型高新技术企业，主要技术路线 spring cloud云服务，微服务，swing桌面应用，嵌入式，oracle，db2，mysql，安卓，IOS系统解决方案为企业提供：java，net，C++技术支持，纯软件开发。","https://www.zhaopin.com/jobdetail/CC472397210J40804321913.htm?refcode=4019&srccode=401901&preactionid=a7c1140f-c46c-45e5-b867-ab342d8bdc77"
1288,测试工程师,北京-海淀区,1.2-2.4万,字节跳动,互联网,10000人以上,,CC469217510J40651443001,岗位职责： 1、公司战略团队，旨在打造字节跳动特色的本地生活服务商业化生态，负责生活服务房家方向质量保障工作； 2、深入业务，参与项目产品的架构和代码评审工作，推进系统的可测性和稳定性建设； 3、进行测试工具、测试技术、测试平台、产品研发测试过程等方面的建设和创新工作，提升测试效率； 4、对产品提出改进建议以建立极致的用户感受，对项目提出改进建议以提高项目整体效率。 任职要求： 1、本科及以上学历，计算机相关专业，3年及以上服务端测试开发经验； 2、精通Python/Javascript/Go中的一种或者多种语言；熟悉各种基本的中间件，Redis、RocketMQ、Kafka等； 3、熟悉各种服务端测试方法，比如性能压测、接口、监控配置、数据质量保障等； 4、具备定义、解决复杂问题的能力，良好的沟通及项目管理、质量把控能力； 5、加分项：具备本地生活服务/电商/房产测试开发相关经验。,7月11日,"字节跳动成立于2012年3月，公司使命为“Inspire Creativity, Enrich Life（激发创造，丰富生活）”。公司业务覆盖150个国家和地区，拥有15万名员工。字节跳动在全球推出了多款有影响力的产品，包括今日头条、抖音、西瓜视频、飞书、Lark、PICO、剪映、TikTok等。截至2021年6月，字节跳动旗下产品全球月活跃用户数超过19亿。","https://www.zhaopin.com/jobdetail/CC469217510J40651443001.htm?refcode=4019&srccode=401901&preactionid=a7c1140f-c46c-45e5-b867-ab342d8bdc77"
1289,Java,杭州-滨江区,1.2-2.4万·14薪,外企德科数字技术有限公司,专业技术服务,10000人以上,,CCL1480117890J40784086705,岗位职责： 1、负责应用软件开发和维护工作。 2、负责软件模块需求分析、系统新模块代码编写和单元测试，完成概要设计文档、详细设计文档。 3、积极主动的与项目相关人员沟通交流，持续改善产品体验。 业务技能要求： 1、熟练掌握常用数据结构。 2、熟悉计算机组成原理、操作系统、网络等。,2025-07-27 00:25:18,外企德科数字技术有限公司是一家2023年新成立的中外合资企业。成立于2023年11月24日，公司定位：专注于为信息技术企业提供人才及数字技术外包解决方案的中外合资企业。它是由中国人力资源服务行业的FESCO（北京国际人力资本集团）与全球人力资源服务领导者The Adecco Group（德科集团）合资成立的。公司主要提供网络技术服务、软件外包服务、计算机系统服务、技术进出口、软件开发等信息技术相关服务。专注于为信息技术企业提供信息技术类人才及数字技术外包解决方案。,"https://www.zhaopin.com/jobdetail/CCL1480117890J40784086705.htm?refcode=4019&srccode=401901&preactionid=a7c1140f-c46c-45e5-b867-ab342d8bdc77"
1290,软件测试,北海-海城区,6000-8000元,天阳科技,"计算机软件,计算机软件",1000-9999人,已上市,CC120408370J40606451308,1.全国项目驻场测试，主要负责功能、数据或接口等相关测试工作； 2.统招本科学历及以上（学信网可查）；毕业满2年；计算机专业优先； 3.热爱软件测试行业、有强力的自驱力，能够在测试岗位深入学习研究； 4.有无经验均可，服从公司安排，接受公司培养，可接受异地工作优先； 福利待遇： 上市公司、公司可提供住宿、定期体检、带薪年假； 欢迎符合要求的小伙伴们投递~,7月17日,天阳科技(股票代码：300872)，是全球金融创新服务的重要贡献者，持续赋能中国金融行业数字化转型，为客户提供咨询、金融科技产品、金融IT服务、云计算及运营服务。公司成立于2003年，服务超过300家金融行业客户，覆盖中央银行、政策性银行、国有银行、股份制银行、地方性商业银行、非银行金融机构等，员工人数近7000人，成为激活金融领域创新活力、推动金融科技迈入世界领先水平的重要力量。作为金融行业客户可信赖的合作伙伴，天阳科技凭借丰富的行业经验和端到端的专业服务，在信创、数字化金融、信贷、交易银行、信用卡、零售、营销、风险管理、征信监管等众多领域具备核心竞争力。据赛迪和IDC报告显示，近年来公司在中国银行业IT解决方案市场排名强势崛起，2019年收入及市场占有率综合排名分别位列第四位和第五位，并保持高速增长。同时，前瞻商业和科技趋势，入选2021年度未来银行科技服务商TOP100。天阳科技始终聚焦金融科技领域，加大自主创新力度，在超过100个城市建立本地化、专业化的研发和服务团队，拥有CMMI5级认证、软件测试成熟度模型集成（TMMi）3级认证、ISO9001质量管理体系认证、ISO20000信息技术服务管理体系认证、IS027001信息安全管理体系认证。通过部署人工智能、云计算、大数据、移动互联网、分布式计算和区块链等先进金融科技，公司致力于构建安全可控、普惠民生、开放共赢格局，在关键技术领域服务现代化金融发展大局，更好地为各利益相关方创造更大价值，为大中企业、小微企业以及每个个体提供优质金融服务。,"https://www.zhaopin.com/jobdetail/CC120408370J40606451308.htm?refcode=4019&srccode=401901&preactionid=a7c1140f-c46c-45e5-b867-ab342d8bdc77"
1291,C/C++,杭州-滨江区,1.5-3万,外企德科数字技术有限公司,专业技术服务,10000人以上,,CCL1480117890J40604385805,岗位要求 1、熟悉掌握但不限于C++等编程语言中的一种或数种，有良好的编程习惯 2、熟悉编译构建技术、分布式技术、虚拟化级高并发技术或有相关经验者优先 3、有较强的推动协调组织能力；具备良好的结构化思维和与人连接力 岗位职责 1、 负责产品构建方案设计和落地，基于可信构建、可信配置管理等要求，向产品持续交付满足可信工程能力的构建解决方案 2、 持续优化产品构建过程，优化构建时长，保障构建稳定性，持续提升研发构建体验 3、 积极学习，持续洞察业界最先进的构建工程方法和实践，规划关键技术规划和优化构建架构，打造业界构建工程实践,2025-07-27 00:23:22,外企德科数字技术有限公司是一家2023年新成立的中外合资企业。成立于2023年11月24日，公司定位：专注于为信息技术企业提供人才及数字技术外包解决方案的中外合资企业。它是由中国人力资源服务行业的FESCO（北京国际人力资本集团）与全球人力资源服务领导者The Adecco Group（德科集团）合资成立的。公司主要提供网络技术服务、软件外包服务、计算机系统服务、技术进出口、软件开发等信息技术相关服务。专注于为信息技术企业提供信息技术类人才及数字技术外包解决方案。,"https://www.zhaopin.com/jobdetail/CCL1480117890J40604385805.htm?refcode=4019&srccode=401901&preactionid=a7c1140f-c46c-45e5-b867-ab342d8bdc77"
1292,科研人员,北京-海淀区,6000-10000元,中国科学院过程工程研究所,"学术/科研,医药制造,矿产/采掘,石油/石化",100-299人,未融资,CC134490020J40674853110,中国科学院过程工程研究所环境清洁技术课题组招聘启事 一、简介 中国科学院过程工程研究所环境清洁技术课题组隶属于战略金属资源绿色循环利用国家工程研究中心，研究团队致力于工业减污降碳基础和应用研究。针对工业行业污染物和CO2等控制需求，研发核心材料及工艺装备，开发具有自主知识产权的先进技术和设备，为我国工业行业减污降碳提供有力技术支撑。近年来团队共承担科技部重点研发计划项目、基金委重点基金等项目40余项，研发的多项技术在国内完成百余台套推广应用，相关成果获国家科学技术进步二等奖、北京市科学技术进步一等奖等奖项20余项。 二、招聘岗位 1、中科院特别研究助理1名(工作地点：北京) 研究方向：CO2吸附捕集材料及工艺研发。 2、科研助理1名 (工作地点：北京) 研究方向：CO2吸附剂制备放大及固碳技术研发。 三、岗位职责 1、中科院特别研究助理 （1）承担CO2吸附捕集材料研究工作； （2）承担变压吸附工艺模拟及技术研发工作； （3）承担相关项目申报及执行任务。 2、科研助理 （1）承担固碳技术相关研发工作； （2）承担CO2吸附捕集材料制备和放大工作。 （3）承担相应的报告撰写任务。 四、任职条件 1、特别研究助理 （1）遵纪守法、爱岗敬业、政治觉悟高，具有较强的责任心和服务意识； （2）身心健康，热爱科研工作，年龄一般不超过35周岁； （3）具有化工、化学、环境、材料等相关专业的博士学位； （4）具有独立科研和撰写学术论文的能力，发表过高水平学术论文，具有一区论文发表经验者优先。 2、科研助理 （1）遵纪守法、爱岗敬业、政治觉悟高，具有较强的责任心和服务意识； （2）身心健康，热爱科研工作，年龄一般不超过35周岁； （3）具有化工、化学、环境、材料等相关专业的硕士及以上学位； （4）具备良好的科研论文、报告撰写能力。 五、相关待遇 1、中科院特别研究助理 （1）项目资助：研究所积极推荐博士后基金、博新计划、联合资助等资助项目的申请；全力支持优秀人才申报国家、中国科学院、研究所各层次人才奖励计划； （2）薪酬：享受国家、中国科学院、研究所相关待遇，包括绩效工资等全部助研岗位工资和浮动的课题津贴，有完善的社会保障、住房公积金、国家住房补贴等。博士后工作成绩优秀者，课题组优先聘用； （3）福利待遇：在站博士后享受研究所医疗费报销政策和工会福利，包括商业补充医疗保险、防暑降温补贴、年度健康体检、子女医疗补贴、和谐关爱补助等福利保障； （4）落户：博士后到博管会办理进站手续后，可凭博管会开具的证明材料和身份证，办理落户手续。 2、科研助理 （1）薪酬：提供具备竞争力的薪酬福利、绩效奖励等待遇； （2）福利待遇：按北京市社会保险的政策规定办理失业、医疗、养老保险和住房公积金，并享受中国科学院过程工程研究所相关福利待遇。 六、应聘方式 1、有意应聘者，请将相关应聘材料（个人简历、发表论文、申请专利、获奖证书等）发送至***************，邮件标题注明“姓名—学校—应聘岗位”。 2、初审合格者将通知参加面试，面试通过者可随时上岗工作。,7月1日,中国科学院过程工程研究所生化工程国家重点实验室以技术创新为基础，定位于国家能源、资源、环境、医药等重大需求，从实际应用中提炼生化工程基础科学问题，开展理论与实践相结合的应用基础研究，并侧重于突破产业化过程中的技术瓶颈。主要研究内容包括生化反应、生化分离和生化剂型三个过程。实验室有一支优秀的中青年学术带头人组成的科研队伍。现有固定人员76名，其中院士1名，研究员35名，国家基金委杰出青年基金获得者7人、优秀青年基金获得者4人，国家“973项目”首席科学家2名。近五年培养了200多名硕士博士研究生，短期培训了300多名生化工程人才。近5年来，实验室共发表SCI论文810篇;获得国内外授权专利402项(国际专利14项);撰写或合著专业书籍33部;获得国家和省部级奖45项，研究总经费达到4.12亿。专利技术获得转让和实施46次，已有16家企业新增产值183.8亿，利润超过39.9亿。实验室共获国家自然科学二等奖1项，国家技术发明二等奖4项，国家科学技术进步二等奖2项，中国专利金奖1项，中国专利优秀奖3项；国家一级学会和省部级科学技术奖9项，其中一等奖4项/创新奖1项，二等奖4项；国家一级学会图书奖1项；国际合作者Janson教授获中华人民共和国国际科技合作奖。,"https://www.zhaopin.com/jobdetail/CC134490020J40674853110.htm?refcode=4019&srccode=401901&preactionid=a7c1140f-c46c-45e5-b867-ab342d8bdc77"
1293,C/C++,西安-雁塔区,1.5-3万·16薪,陕西慧云联达企业管理咨询有限公司,人力资源服务,20-99人,不需要融资,CCL1445845820J40754802105,职位描述： 1.负责公司核心产品的C/C++开发工作，主导系统的架构设计和技术选型； 2.深入研究和解决项目中的技术难题，提升系统的性能和稳定性； 3.参与制定编码规范，推动代码质量和开发效率的提升； 4.指导初级开发人员，提升团队整体技术水平； 5.跟踪C/C++领域的前沿技术，为团队提供技术支持和创新思路。 职位要求： 1.统招本科及以上学历； 2.精通C/C++编程，对底层原理和系统性能优化有深入理解； 3.具备丰富的系统设计和架构经验，能够独立完成复杂系统的开发工作； 4.熟悉多线程、网络通信、内存管理等关键技术； 5.具备出色的分析问题和解决问题的能力，良好的团队合作精神和领导力。,4月29日,陕西慧云联达企业管理咨询有限公司成立于2022年9月，是一家集高端猎头服务与专业代理记账报税业务于一体的综合性企业服务提供商。自成立以来，我们秉承“智聚英才，财通未来”的企业理念，致力于为国内外企业客户提供精准高效的人力资源解决方案及一站式财务管理服务，助力企业稳健成长，共创辉煌。,"https://www.zhaopin.com/jobdetail/CCL1445845820J40754802105.htm?refcode=4019&srccode=401901&preactionid=a7c1140f-c46c-45e5-b867-ab342d8bdc77"
1294,软件测试,深圳-龙岗区,5000-8000元,深圳市天星一路科技有限公司,计算机软件,20-99人,,CCL1486091220J40701843611,岗位职责： 1、操作设备、检验产品、记录试验数据； 2、协助测试工程师/研发工程师新产品开发测试问题的统计分析，跟进推动研发解决； 3、协助测试工程师/研发工程师老产品的维护升级测试； 4、测试设备的日常保养、维护； 5、领导交办的其它事宜。 任职要求： 1、大专及以上学历，电子、电气、机电一体化相关专业； 2、有电源行业测试经验或者有电工经验优先考虑； 3、责任心强、为人正直，勤奋踏实；善于思考，能承受一定的工作压力； 4、工作细致，积极主动，具有团队意识。,5月29日,,"https://www.zhaopin.com/jobdetail/CCL1486091220J40701843611.htm?refcode=4019&srccode=401901&preactionid=a7c1140f-c46c-45e5-b867-ab342d8bdc77"
1295,测试工程师,中山-None,8000-10000元,重庆科满福人力资源服务有限公司,企业服务,20-99人,,CCL1487604860J40935964204,【岗位职责】 ： 1、进行新产品研发阶段的测试工作 2、完成新产品的功能测试、可靠性测试、环境测 试、安全测试等技术工作 3、制定测试计划，设计测试用例，分析测试数 据，编制测试报告 4、为其他部门提供技术支持，与其他部门的产品 联合测试工作 ,7月26日,,"https://www.zhaopin.com/jobdetail/CCL1487604860J40935964204.htm?refcode=4019&srccode=401901&preactionid=a7c1140f-c46c-45e5-b867-ab342d8bdc77"
1296,科研人员,郑州-金水区,1.4-2万,龙子湖新能源实验室,"学术/科研,新能源,学术/科研,新材料",100-299人,不需要融资,CCL1460941680J40750704213,龙子湖新能源实验室是第三批河南省实验室，于2022年12月正式成立，由河南大学与郑州中科新兴产业技术研究院牵头成立。实验室面向“双碳”及能源转型，开展战略性、先导性、前瞻性重大变革性技术及共性基础研究，打造风光电及生物质能、氢能储能、低碳工业用能及多能互补智慧系统的“产-储-用”创新链条。根据总体科研布局设立三大研究中心，开展关键技术研究及重大成果转化。实验室实行“科技创新，人才引领”的发展战略，坚持汇聚海内外优秀人才，竭诚欢迎有志之士加盟！ 一、招收方向 2025年招聘领军及青年骨干人才，计划招聘20-30人。 中心一：可再生能源（新能源发电团队、生物质工程团队） 中心二：氢能储能（电池储能团队、氢能团队） 中心三：低碳工业系统（低碳工业团队、高能燃料团队）    招聘专业：化学工程、（电）化学、新能源、氢能、储能、高分子材料、材料化学等相关专业。     二、应聘条件 1、一般应具有博士学位； 2、专业基础知识扎实，在SCI上发表重要文章，有产业化经验者优先； 3、身心健康，具有较强的团队精神、抗压能力及沟通协调能力，能够根据工作需要迅速开展工作。 三、福利待遇 1、招聘人员为龙子湖新能源实验室正式员工，参照河南省机关事业单位相关标准给予具有当地足够竞争力的福利待遇； 2、享受国家规定的六险一金、法定假节日及带薪假期，另有交通补贴、通信补贴、午餐补贴、防暑降温补贴、年度健康体检等； 3、优秀博士及高层次专业技术人才引进采用“基本工资+生活津贴+平台建设”的全方位支持模式，根据实际需要提供科研经费，协助组建团队，优秀人才可提供过渡生活用房； 4、科研带头人支持申请“海外优青”等国家及河南省人才政策，配备科研助手，领军人才考虑解决配偶工作； 5、创造团结温馨的人文环境，组织丰富多彩集体活动：春秋游、素质拓展、运动会、节日活动等。,6月26日,龙子湖新能源实验室是河南省委、省政府批准建设的省实验室，于2022年12月正式成立，由河南大学与郑州中科新兴产业技术研究院牵头成立。实验室面向“双碳”及能源转型，开展战略性、先导性、前瞻性重大变革性技术及共性基础研究，打造风光电及生物质能、氢能储能、低碳工业用能及多能互补智慧系统的“产-储-用”创新链条。根据总体科研布局设立三大研究中心，开展关键技术研究及重大成果转化。实验室实行“科技创新，人才引领”的发展战略，坚持汇聚海内外优秀人才，竭诚欢迎有志之士加盟!,"https://www.zhaopin.com/jobdetail/CCL1460941680J40750704213.htm?refcode=4019&srccode=401901&preactionid=a7c1140f-c46c-45e5-b867-ab342d8bdc77"
1297,测试工程师,福州-闽侯县,5000-7000元,上海微创软件股份有限公司,"IT服务,计算机软件",10000人以上,不需要融资,CC000638920J40770437814,"岗位要求： 信号： 1、电子类相关专业统招本科以上学历 2、熟练使用示波器,万用表,电烙铁 3、有数通产品相关硬件测试和调试经验 4、熟悉orcad,allegro工具的优先 5、良好的沟通技能、组织管理技能 功能： 1.电子类等相关专业统招本科及以上学历; 2.熟练使用打流仪、source相关等仪器使用; 3.有数通产品相关硬件测试优先; 4.有相关vbs、js脚本编号能力优先; 5.良好的沟通技能、组织管理技能 环境可靠性： 1.电子类相关专业统招本科及以上学历; 2.熟练使用温箱、打流仪、source、机械相关等仪器使用; 3.有1年以上相关可靠性测试经验、有数通产品相关硬件测试优先 4.有相关vbs、js脚本编号能力优先; 5.有良好的沟通能力及团队合作精神。 岗位职责： 信号： 1.根据测试用例执行单板信号测试,并交付报告&提交bug 2.根据测试用例执行单板模拟测试,并交付报告&提交bug 功能： 1.负责根据测试用例进行整机功能测试、热测试; 2.负责测试中发现bug,并协助开发人员定位问题; 3.负责测试报告编写及bug提交,跟踪及check 环境可靠性： 1.负责根据测试用例进行整机气候环境类测试、机械结构类测试; 2.负责测试中发现bug,并协助开发人员定位问题; 3.负责测试报告编写及bug提交,跟踪及check。工作时间：标准工作时间:9:00-18:30，午体:12:00-13:30；周末双休",7月8日,上海微创软件股份有限公司2002年由微软与上海市政府共同创办，是微软在华投资的第一家合资公司。微创始终秉承高标准的服务品质与“成就客户”的服务理念，在全球设有20余处交付中心，分布在中国、美国、日本、澳大利亚，凭借在汽车、保险、高科技、金融、互联网等行业的深厚积累和丰富经验，与2500余家企业与政府客户达成了长期、稳定、友好的合作。,"https://www.zhaopin.com/jobdetail/CC000638920J40770437814.htm?refcode=4019&srccode=401901&preactionid=a7c1140f-c46c-45e5-b867-ab342d8bdc77"
1298,C/C++,成都-武侯区,9000-16000元,北京艾梦海洋科技有限公司,"计算机软件,客运服务,电子/半导体/集成电路,IT服务",20-99人,不需要融资,CC660765220J40456671913,岗位职责：  软件研发。  任职要求：    1.学历：本科及以上。    2.理工科类专业优先。    3.物理、数学、化学相关专业优先。    4.愿意从事研发工作。,4月7日,北京艾梦海洋科技有限公司，主要从事船用通讯导航核心软件的研发。公司可以为客户提供船用通讯导航产品设计方案及相关产品的认证服务，以及多种应用服务等，并且能够根据用户需求提供专业的定制解决方案及应用。以研发为主的企业，主要从事基于云的跨平台数据库引擎的开发。,"https://www.zhaopin.com/jobdetail/CC660765220J40456671913.htm?refcode=4019&srccode=401901&preactionid=a7c1140f-c46c-45e5-b867-ab342d8bdc77"
1299,科研人员,上海-徐汇区,1.5-3万,中国科学院上海有机化学研究所,农/林/牧/渔,20人以下,,CC397943920J40629054107,中国科学院上海有机化学研究所-张文课题组隶属于金属有机化学国家重点实验室，开展有机小分子、药物和材料分子的精准合成与转化的有机合成方法学研究。因工作需要拟招聘博士后1名，具体要求如下： 一、岗位职责： 从事过渡金属和电化学调控的选择性有机合成方法学研究。 二、应聘条件 1、即将博士毕业或取得博士学位3年以内，有机化学相关专业，具有过渡金属催化、电化学和自由基化学反应研究背景的优先考虑。 2、具备扎实的有机合成化学知识，有较强的独立研究工作能力，具备良好的英文文献读写能力。  3、具有科研热情，工作认真、勤奋、踏实，能够贯彻落实相关任务，有较强的责任感及团队协作精神。  三、岗位待遇：  1. 工资待遇根据国家、中科院、上海市和有机所相关政策规定执行，并根据工作业绩发放津贴； 2. 鼓励并积极推荐申报博新计划和上海市超级博士后等各类项目； 3. 协助办理上海市落户； 4. 提供人才公寓或适量租房补贴； 3. 出站考核优秀者可以在当年度申请上海有机所副研究员岗位。 四、招聘办法及要求： 1.招聘有效期：长期有效。对应聘者进行资格审查，对初审通过者将另行通知面试时间；  2.应聘材料：个人简历、工作总结和代表性论文等；  3.有意应聘者请将个人应聘材料发至*****************，标题请标注“博士后应聘-姓名”。 【请登录中国科有机化学研究所官网查看详情并按照要求投递简历（以官网为准）】   课题组长简介参见： http://sioc.cas.cn/sourcedb/cn/team/yjy/202403/t20240306_7018942.html,2月20日,"中国科学院上海有机化学研究所（简称上海有机所），是一个历史悠久、人才荟萃、实力雄厚、设备一流、成果丰硕，在国内外享有较高声誉和影响的有机化学研究中心；是一个集基础研究、应用研究和高技术创新研究为一体的综合性化学研究所，上海有机所创建于1950年6月，是中国科学院首批成立的15个研究所之一，前身是建立于1928年7月的前中央研究院化学研究所。从开展抗生素和高分子化学的研究起步，经过近60多年几代人艰苦创业、奋力拼搏，在以有机化学研究为中心的基础研究、应用研究与高新技术开发、人才培养等方面均取得令人瞩目的成就。在我国“两弹一星”研制、“人工合成牛胰岛素、人工合成酵母丙氨酸转移核糖核酸”和“物理有机化学中的两个基本问题：自由基化学中取代基离域参数和有机分子簇集概念”等一批攀登科技高峰的重要成果中，我所科研人员做出了重要贡献。 1998年上海有机所首批进入中国科学院知识创新工程。从此以多学科交叉为特色，以国家战略和国民经济重大问题为导向，以有机化学基础研究和应用基础研究为主导，围绕人口与健康、资源与环境、新材料三大领域，重点突出健康和生命、环境和生态系统、资源利用与开发、新材料、能源开发应用和国家安全等领域中相关的基本有机化学课题等六大研究方向，带动化学生物学、金属有机化学、有机合成化学、元素有机化学、物理有机化学、化学信息学、有机材料化学和有机分析化学等八大学科发展。上海有机所现有生命有机化学国家重点实验室、金属有机化学国家重点实验室、中国科学院氟化学重点实验室、中国科学院天然产物有机合成化学重点实验室，中国科学院有机功能分子合成与组装化学重点实验室、中国科学院生物与化学交叉研究中心、推进剂关键材料重点实验室，沪港合成化学联合实验室，中国科学院有机合成工程研究中心以及企业联合实验室等。受中国化学会委托，编辑出版《化学学报》、《Chinese Journal of Chemistry》和《有机化学》三份SCI收录刊物。全所截止2016年底有职工865人，其中中国科学院院士9人，研究员81人,中国科学院“百人计划”入选者36人，国家杰出青年科学基金获得者23人，顶尖“千人计划”入选者1人，“千人计划”创新人才短期项目入选者1人，“千人计划”青年项目入选者20人。在学研究生581人。在站博士后48人。建所以来，共获各种科研成果奖348项，包括国家三大奖72项，其中国家自然科学一等奖3项（其中2项为合作）、二等奖18项（其中1项为合作）；国家创造发明奖3项和国家发明二等奖4项（其中3项为合作）；国家科技进步奖特等奖3项（合作），一等奖1项（合作），二等奖11项（其中5项为合作）；获得包括中国科学院自然科学一等奖28项在内的中国科学院各类奖145项；上海市科技成果奖82项。获授权专利656项（其中国外专利20项），共发表学术论文11150余篇。上海有机所与世界各国科研机构和高等学校建立了广泛的联系，深入开展国际合作与交流，注重加强与国内外大型企业和学校的合作。上海有机所将与时俱进，实现跨越式发展，努力建成世界有机化学的重要研究基地、中国有机化学的研究中心和培养一流有机化学家的摇篮。","https://www.zhaopin.com/jobdetail/CC397943920J40629054107.htm?refcode=4019&srccode=401901&preactionid=a7c1140f-c46c-45e5-b867-ab342d8bdc77"
1300,实施工程师,深圳-光明区,8000-12000元·13薪,深圳市日联科技有限公司,"电气机械/电力设备,电子/半导体/集成电路,仪器仪表制造,电力/水利/热力/燃气",1000-9999人,未融资,CC319205410J40791834505,任职要求： 1、本科以上学历，机电一体化、电气自动化等相关专业； 2、能适应海外出差（匈牙利）； 7、英语熟练，英语能作为工作语言。 岗位职责： 1、负责海外客户现场设备的安装、调试及培训； 2、依据合同为客户处理产品故障（保修期与过保修期产品）； 3、收集客户意见和建议，并定时总结汇报； 4、协助销售部售前技术支持（讲解、演示公司产品，测试客户样品并做好相关测试报告）； 5、客户安装前的相应电气基础设施指导（如地线、电源、气源）； 6、会电气装配； 7、积极完成领导交代的任务； 公司地址1：深圳市光明区凤凰街道高新科技产业园区邦凯路9号邦凯科技工业园A栋厂房一层（靠近地铁站） 公司地址2：东莞市大朗镇宝陂新宝三街6号丰源创新科技产业园 日联科技,7月24日,"日联科技成立于2002年，现已成为国内从事精密X射线技术研究和X射线智能检测装备研发、制造的国家高新技术企业、及国内X射线智能检测系统集成商。现已发展为国内本行业的领航者及全球第四家微米级X射线源开发技术拥有者，其项目及其技术填补了国内多项技术空白。该技术和装备广泛应用于电子半导体、警用反恐、新能源、工业无损探测、航天军工等高科技行业。日联科技拥有中外从业多年的资深专业研发团队，建有省级工程技术研究中心、高层次科技创新平台的院士工作站、以及基于“工业4.0”的工业云平台。承担了国家重大科技项目“02专项”,“863项目”及云计算、大数据等“工业4.0”新领域X射线智能检测装备的研发，并和中科院、清华大学、中国人民公安大学等高校及科研机构联合突破射线影像的核心技术，目前已授权200多项专利。企业已获得ISO9001质量管理体系认证、ISO14001环境管理体系认证、OHSAS18001职业健康与安全管理体系认证、ISO27001信息安全管理体系认证。产品获得公安部三所认证、辐射安全许可证、美国FDA认证、欧盟CE认证。时至今日，日联科技分别在无锡、深圳、重庆建立三大研发及制造工厂，并在北京、沈阳、天津、西安、青岛、武汉、成都、宁波、厦门等地设有销售及服务处。在美国、墨西哥、欧洲、英国、俄罗斯、巴西、厄瓜多尔、澳大利亚、中东及东南亚等全球设有分销和服务网点。日联科技致力于走品牌路线，目前“UNICOMP”品牌在国内外已经名声斐然。客户包括松下、三星、富士康、博世、索尼、飞利浦、伟创力、比亚迪、TCL、中兴等众多国际知名公司。公司秉承诚信、开拓、精益求精的经营宗旨，倡导“乐观的精神、坚强的意志、不灭的信念、感恩的心态”的企业文化精神，以专业、高效、优质的服务，持续为客户及合作伙伴提供创新和可衡量的增值服务。为实现“做全球最大X射线企业、创全球最令人尊敬品牌”的伟大愿景而努力拼搏。公司自主研发和制造的产品有:*透视检测设备：X-Ray FX系列、AX系列、LX系列(FX系列适用于PCB制造业，AX系列适用于PCBA装配业，LX系列适用于电池、太阳能行业)*自动光学检测设备：AOI线阵扫描设备（适用于SMT工艺流程中印刷、贴片等）*全自动清洗机：SC-P2系列（适用于钢网、PCB、PCBA、LED、LCD等）*气电结合式钢网清洗机(Unicomp SC-EPI)*非标产品定制另外,公司还代理炉温测试仪器及其附件、PCB分板机以及元件成型设备等其他相关设备.同时,公司还向EMS行业专门提供""一站式解決方案"",包括无铅工艺、设备、工具、耗材及技术服务。一、发展路线：1、管理类：文员--助理--专员--主管--副经理--经理--高级经理--副总/总监2、技术类：初级技术员--技术员--高级技术员--助理工程师--工程师--高级工程师--技术主管--副经理--经理--高级经理--副总/技术总监3、根据员工的个人能力和自身特长，也可采取员工价值取向多元化的发展路线。二、薪酬福利：1、绩效奖、项目奖、创新奖、年终奖等2、7.5小时/天(8:45-12:00 13:15-17:30)、大小周轮休、弹性工作制；3、带薪年假、婚假、产假、哺乳假、病假等一系列假期；4、K歌大赛、摄影大赛、各类协会活动（如乒乓球、羽毛球、篮球、爬山协会等）；5、五险一金、员工结婚、生子贺金、节日礼金、生日庆典、电话补助、月度生活福利品等；6、内/外部培训、技术/论坛/行业研讨会交流、国内/国外参展、公司内部图书馆等广阔的发展空间及培训机会；7、为符合政策员工办理积分入户以及人才安居工程；8、每年一次免费健康体检；9、每年至少一次调薪机会；10、公司内部感恩基金工程（为有家庭困难的员工给予基金资助）；11、上下班指定地点班车接送；12、公司宿舍配置：空调、热水器、洗衣机、饮水机、免费WIFI、员工4人/间、管理人员2人/间；","https://www.zhaopin.com/jobdetail/CC319205410J40791834505.htm?refcode=4019&srccode=401901&preactionid=a7c1140f-c46c-45e5-b867-ab342d8bdc77"
1301,C/C++,江门-蓬江区,150-200元/天,江门市云争科技有限公司,"计算机软件,通信/网络设备,网络/信息安全,人工智能",20-99人,未融资,CCL1250629170J40729994905,Linux C/C++软件开发工程师         岗位内容：,7月24日,江门市云争科技有限公司是一家专注于前沿技术研发与创新应用的高科技企业，致力于推动通信与网络技术的持续创新。公司始终秉承“技术引领未来”的理念，深耕于高效、智能的网络方案及创新产品的研发，凭借着卓越的技术实力与创新精神，云争科技正在成为业界的领导者。作为一家年轻且充满活力的高新技术企业，我们的团队成员平均年龄不到30岁，拥有广阔的视野与前沿的创新理念，致力于突破技术的边界与探索新的可能性。公司位于江门市蓬江区万达广场28楼，这是江门市最具现代化设施和极致办公环境的甲级写字楼，营造出一个既高效又充满创意的工作氛围。我们的办公空间不仅是工作场所，更是集思广益、促进协作和创新的平台。云争科技的核心业务包括但不限于： HoloWAN网络仿真：我们研发并提供国际领先的广域网仿真方案，能够为客户提供精准的网络损伤环境模拟。 AnaTraf网络流量分析：专注于网络流量分析与优化，提供全面的流量监测和故障排查工具，帮助客户提升网络稳定性和效率。在这里，您将有机会与行业顶尖的技术专家合作，共同解决当前最具挑战性的技术难题，推动创新技术的落地与应用。加入云争科技，您将成为改变未来的一份子，和我们一起探索更广阔的技术天地，成就自己，成就未来。,"https://www.zhaopin.com/jobdetail/CCL1250629170J40729994905.htm?refcode=4019&srccode=401901&preactionid=a7c1140f-c46c-45e5-b867-ab342d8bdc77"
1302,测试工程师,成都-武侯区,1-1.2万·13薪,青岛瑞晟元人力资源有限公司,人力资源服务,20人以下,不需要融资,CCL1431271280J40778344407,岗位职责： 1. 负责软件的功能测试。 2. 执行测试用例，报告缺陷并跟踪缺陷的修复。 3. 与开发团队协作，确保软件质量满足需求。 4. 参与软件测试流程的优化和改进。 岗位要求： 1. 熟悉软件测试理论、方法和流程。 2. 具备功能测试经验。 3. 了解运维工程师、网络工程师的工作内容，能进行基本的IT质量管理。 4. 有信息技术、标准化、电子或电路工程相关背景者优先。 薪资待遇：包住、六险一金、工龄工资、生日礼金、定期体检、带薪年假、绩效奖、项目奖、年终奖.,2025年07月30日,,"https://www.zhaopin.com/jobdetail/CCL1431271280J40778344407.htm?refcode=4019&srccode=401901&preactionid=a7c1140f-c46c-45e5-b867-ab342d8bdc77"
1303,测试工程师,绵阳-游仙区,1.3-2万,中广核医疗科技(绵阳)有限公司,"医疗设备/器械,医药制造",1000-9999人,已上市,CCL1319261400J40802598313,岗位职责： 1.负责回旋加速器束流诊断系统的设计与优化，包括束流位置、强度、发射度等参数的测量与监控方法的选择和实施； 2.设计和实施束流成像系统（如影像探测器、CCD等）； 3.负责束流强度、粒子束流密度、束流发射度等关键参数的测量和分析； 4.对束流诊断系统进行调试与校准，协调其他系统（如磁铁、电场等）与束流诊断系统的协同工作； 6.负责束流诊断设备的故障诊断和维护，及时识别并解决设备故障； 7.负责束流诊断数据的采集、存储与分析，利用专业软件对束流参数进行统计与建模，为加速器优化提供数据支持。 8.协作与技术支持：与物理团队、电气工程师、控制系统工程师等跨部门协作，提供技术支持，确保束流诊断与加速器整体运行的协调性。 任职资格： 1.硕士及以上学历，核电子学、加速器物理、粒子束测量相关专业； 2.了解发射度的物理意义，束流动力学与发射度关系，掌握其在束流传输中的重要作用。能够计算束流的横向和纵向发射度，并分析束流的质量和聚焦能力； 3.熟练掌握发射度测量所使用的设备和技术，能根据测量结果调整加速器系统； 4.具备使用数据分析软件（如MATLAB、LabVIEW、SIMION等）对发射度测量数据进行处理、建模与优化的能力； 5.掌握使用专业的信号采集和分析工具完成束流流强、能量等的采集和分析； 6.掌握束流成像设备和测量仪器完成束流强度、能量、发射度等测量。,7月22日,中广核医疗健康业务是中广核核技术发展股份有限公司（简称：中广核技，股票代码000881.SZ）发展核医疗技术、装备和产品的专业化产业平台，致力于实现我国高端核医疗装备、技术和产品的自主可控，用核医学造福人民美好生活。中广核医疗健康业务目前主要由两家中广核技全资子公司承载，分别是中广核医疗科技（绵阳）有限公司（简称：中广核医疗科技）和中广核同位素科技（绵阳）有限公司（简称：中广核同位素）。其中，中广核医疗科技全面负责对比利时IBA公司多室质子治疗技术和产品的消化、吸收、再创新，以及质子治疗中心项目的市场开发、项目交付和运维等服务，致力于实现我国高端质子治疗装备的国产化和自主化，为中国质子治疗中心提供更贴心的产品、更整体的服务和更广泛的价值，最终造福广大中国肿瘤患者。中广核同位素集医用同位素和放射性药物研发、生产与销售为一体，公司与绵阳市政府、中国工程物理研究院等开展战略合作，在绵阳市打造全球核医疗健康高地，首期在绵阳市核医疗健康产业园投资近3亿元，建立医用同位素生产基地，并积极推动放射性药物的引进、研发和生产、销售等业务。公司将以“堆器耦合、诊疗一体”为目标，逐步打造完整的核医药产业链，缓解国内医用同位素“卡脖子”局面，推动我国放射性药物的研发和应用。,"https://www.zhaopin.com/jobdetail/CCL1319261400J40802598313.htm?refcode=4019&srccode=401901&preactionid=a7c1140f-c46c-45e5-b867-ab342d8bdc77"
1304,测试工程师,重庆-南岸区,1.3-1.8万·13薪,方得(青岛)人力资源有限公司,咨询服务,20-99人,,CCL1462672470J40736801916,岗位职责： 1. 负责软件的功能测试。 2. 执行测试用例，报告缺陷并跟踪缺陷的修复。 3. 与开发团队协作，确保软件质量满足需求。 4. 参与软件测试流程的优化和改进。 岗位要求： 1. 熟悉软件测试理论、方法和流程。 2. 具备功能测试经验。 3. 了解运维工程师、网络工程师的工作内容，能进行基本的IT质量管理。 4. 有信息技术、标准化、电子或电路工程相关背景者优先。 薪资待遇：包住、六险一金、工龄工资、生日礼金、定期体检、带薪年假、绩效奖、项目奖、年终奖.,7月28日,,"https://www.zhaopin.com/jobdetail/CCL1462672470J40736801916.htm?refcode=4019&srccode=401901&preactionid=a7c1140f-c46c-45e5-b867-ab342d8bdc77"
1305,科研人员,廊坊-安次区,4000-8000元,河南优良加教育科技有限公司,培训/辅导服务,20-99人,未融资,CC819862260J40676600206,工作内容 1、线上一对一形式的科研论文辅导； 2、评估学生学术背景，根据学生情况提供相应的学术提升意见； 3、指导学生论文选题、写作、修改及大纲调整、修改润色等；  4、对学生提交的论文稿件进行审核，指导学生修改，包括但不仅限于文字、语言、逻辑结构的指导； 5、指导学生确定研究或论文方向及思路，为学生的研究课题提供专业指导和修改见；  6、定期与学生沟通，监督并指导学生完成学术课题。 职位福利：弹性工作、无需坐班   ,7月28日,河南优良加科技发展有限公司以下简称“优良加教育”，专注于成人学历教育提升领域，主做同等学力申硕、MBA、双证在职研究生等各类学术型、专业型硕士及在职博士招生咨询、非全日制考研辅导等业务，招生专业几十个，客户群体广泛，公司致力于教育行业，将深耕教育，精细教育。优良加教育坚持走专业化的高端服务，提高公司项目的全方位综合竞争力。我们的目标是打造一个真正属于教育培训行业的健康、诚信的第三方平台，使得教育行业回归本真，实现健康可持续的发展。优良加教育的企业文化是简单、快乐、尊重、努力、坚持。我们将秉承”好加好，优上优“的原则引领我们的学员走向“学业”和“职业”双提升的目标，定期组织学员开展各种活动，丰富业余生活，积累了宝贵的人脉，开阔视野。欢迎加入优良加教育！,"https://www.zhaopin.com/jobdetail/CC819862260J40676600206.htm?refcode=4019&srccode=401901&preactionid=a7c1140f-c46c-45e5-b867-ab342d8bdc77"
1306,Java,武汉-江夏区,1.5-3万·14薪,外企德科数字技术有限公司,专业技术服务,10000人以上,,CCL1480117890J40725397105,岗位要求： 1、扎实的编程能力，熟悉算法和数据结构；熟悉计算机的基础理论； 2、熟练使用JAVA，掌握Spring相关生态开源框架，熟悉MySql、MQ、Redis、SpringCloud等，熟悉事务、缓存、消息、负载均衡等； 3、熟悉Linux开发环境； 4、具有大规模高并发云服务设计和开发经验优先； 5、有微服务、容器相关开发经验优先 职位福利：五险一金、周末双休、带薪年假、大牛带队、绩效奖金、定期体检、补充医疗保险、试用期全薪 职位亮点：大牛带队 人才培养,2025-07-27 00:23:28,外企德科数字技术有限公司是一家2023年新成立的中外合资企业。成立于2023年11月24日，公司定位：专注于为信息技术企业提供人才及数字技术外包解决方案的中外合资企业。它是由中国人力资源服务行业的FESCO（北京国际人力资本集团）与全球人力资源服务领导者The Adecco Group（德科集团）合资成立的。公司主要提供网络技术服务、软件外包服务、计算机系统服务、技术进出口、软件开发等信息技术相关服务。专注于为信息技术企业提供信息技术类人才及数字技术外包解决方案。,"https://www.zhaopin.com/jobdetail/CCL1480117890J40725397105.htm?refcode=4019&srccode=401901&preactionid=a7c1140f-c46c-45e5-b867-ab342d8bdc77"
1307,硬件测试,西安-莲湖区,7000-9000元,西安华瑞恒泰信息技术有限公司,计算机硬件,20-99人,天使轮,CC443780480J40553670604,岗位职责： 1、原理图标准化整理； 2、BOM整理、跟进； 3、PCB设计跟进； 4、制板、贴装、调试； 5、调试说明等简单文档撰写； 6、原理图及PCB封装设计。 能力需求： 1、学历不限、学校不限； 2、会使用cadence者优先； 3、会使用仪器仪表者优先； 4、有焊接技术者优先； 5、理工科背景者优先；,6月23日,西安华瑞恒泰信息技术有限公司是陕西省高新技术企业，位于西安市莲湖区大兴新区开发建设管委会B座4楼，专业从事卫星导航、无线通信、雷达、水声等领域产品和模块的研制、生产、销售和服务，并承接系统工程项目的方案设计和工程实施。用户覆盖国内多军兵种、军工集团和交通运输等国民经济重要领域，产品和技术多次获得省部级和行业荣誉。自成立以来，公司秉承“追求卓越、创造价值、精益求精、报效国家”的企业理念，在人才集结、市场拓展、新技术研究、项目研发、企业文化建设、质量建设等方面不断持续进步，公司拥有一批长期从事射频、微波和数字信号处理的专业技术人才，硕士以上学历及高级职称人员占70%以上。未来，我们将继续秉承以市场为导向，坚持自主创新、合作共赢的发展攻略，务实推动市场拓展和技术创新，深耕行业用户，持续提供优质产品和超值服务，不断扩大市场份额，实现企业和客户的协同发展。福利待遇：,"https://www.zhaopin.com/jobdetail/CC443780480J40553670604.htm?refcode=4019&srccode=401901&preactionid=a7c1140f-c46c-45e5-b867-ab342d8bdc77"
1308,软件测试,北京-海淀区,1.5-1.7万,麦田房产,房地产中介,10000人以上,未融资,CC133216770J40661054316,【公司总部面试，工作地点就近分配，请投递一份简历即可~】 毕业时间：不限！接受无经验小白！全北京就近分配！提供住宿方案！！ -----【收入福利】 1.收入构成=津贴+抽成【买卖+租赁+新房+金融+装修】+其他收入【团奖+奖学金+带看奖+精英股】 2.津贴：见习期 7000 元/月（含 1000 元奖学金） 3.我们建议您长期从事，从业时间越久收入越高也越稳定，抽成比例更高  4.工作地点任您选，您可以去北京全域任意一家门店，同事友爱，环境舒适  -----【工作职责】  1.深度了解北京中高端楼盘及周边生活配套，与高净值人群为伍，成为城市房产专家 2.为顾客提供优质中高端房屋租赁、买卖服务体验，让房产交易化作美好的生命互动  3.和社区业主建立深度链接，积累信任和口碑，以公益之心扎根社区，成为社区友邻  -----【任职资格】  1.年龄 22-45 周岁，大专及以上学历，专业不限，退伍军人亦可 2.正直真诚善良，强服务意识，良好的职业素养和操守  3.致力于学习成长，勇于自我挑战，自强不息的进取之心,3月5日,麦田成立于2000年，覆盖北京、福州、厦门三地，拥有近1000家直营和加盟门店，10000名优秀伙伴。旗下拥有北京麦田、福州一麦、厦门麦田及小麦科技等多家子公司。业务范围囊括二手房买卖租赁、新房营销代理、在线房源信息服务等多个领域。2020年起麦田更是与文禾、金诚丰强强合作，为客户提供优质服务。麦田文化的核心是“利他”之道，这也是麦田的经营之道。对伙伴我们的使命是“一切为了成就人”，集所有资源培育优秀房产顾问，让伙伴们在麦田的土壤里成长、成功、成就梦想;对顾客我们的使命是“让人们居住更美好”，深度感知顾客需求，全力解决顾客问题，帮助人们实现家园梦想。我们以真挚的善意成为社区友邻，为城市带来一抹温暖的麦田黄。麦田浓厚的文化氛围带来温暖积极的工作环境，这里有善良友爱的伙伴，热情正向的团队，坚实长远的组织。欢迎加入，和我们一起“守望麦田，家的方向”。让商业不再沉重，利他之花开遍大地。,"https://www.zhaopin.com/jobdetail/CC133216770J40661054316.htm?refcode=4019&srccode=401901&preactionid=a7c1140f-c46c-45e5-b867-ab342d8bdc77"
1309,科研人员,大连-沙河口区,2.1-2.2万,赣江中药创新中心,"科学技术推广,医药制造,学术/科研",100-299人,未融资,CCL1222865790J40575191601,岗位要求：  生物信息学、人工智能、大数据分析等相关专业；   ,5月7日,赣江中药创新中心为省属事业法人机构，主要承担本草物质科学研究设施的预研、建设、运行和管理，并开展相关领域的科学研究工作。中心于2019年4月注册成立，占地60亩，建筑面积4万平方米。现有15个专业研究组、1个工程管理部和4个职能部门，职工总数223人，其中博士及副高以上职称62人，10人入选江西省“双千计划”。中心目标是聚焦中药药效物质基础和安全性的关键科学问题，组织多学科交叉和多层次融合的研究团队，构建本草物质科学研究综合性技术平台，为中药研究和产业技术开发提供综合性平台支撑，推动中药关键科学问题、中药标准化、中药制造技术和中药大数据的科学研究和技术应用，实现中药重大基础科学突破和关键核心技术的发展，推动我国中药大健康产业发展。,"https://www.zhaopin.com/jobdetail/CCL1222865790J40575191601.htm?refcode=4019&srccode=401901&preactionid=a7c1140f-c46c-45e5-b867-ab342d8bdc77"
1310,科研人员,上海-徐汇区,2-3万,上海市科学学研究所,"学术/科研,专业技术服务,学术/科研,咨询服务",20-99人,未融资,CC000448730J40696982716,科学学所博士后科研工作站现面向全社会公开招收2025年博士后研究人员。 一、招收条件 1. 具有良好的政治素质和道德修养，无违法违纪等不良记录； 2. 在国内外获得博士学位，或即将获得博士学位的应届博士研究生； 3. 理工科专业背景优先，具有较高的英语水平； 4. 身体健康，年龄35周岁以下，特别优秀者可以放宽至40周岁； 5. 具备全职进站工作条件。 二、研究领域与招收方向 1. 科技创新战略与区域创新。科技创新与中国式现代化、科技创新战略与规划、国际科技创新中心建设、区域创新、科技创新理论 2. 科学、技术与创新政策。科技体制机制改革、科技政策与评估、教育科技人才一体改革、科技成果转化、科技立法 3. 技术预见与产业创新。科技前沿发现与跟踪、科技创新与产业创新深度融合、国际科技发展比较研究 4. 科技与经济。未来产业、企业创新、科技金融、创新创业研究 5. 科技统计与评价。重点领域、重要科技创新指标的统计与监测，国际科创中心建设和区域协同创新评价研究 6. 科学学。科学学理论及科技创新的基本规律、科技与社会、科技传播、科技伦理、科技与国际关系 三、相关待遇 博士后研究人员在站期间的工资和福利待遇，按国家、上海有关规定及科学学所相关制度执行。,4月3日,上海市科学学研究所成立于1980年1月，是我国最早的软科学研究机构之一，为科学研究类社会公益事业机构。我所软硬结合、研咨一体，主要从事科技创新战略、公共政策和产业技术创新领域研究，致力于打造专业化、平台型、有特色的高水平科技创新智库。,"https://www.zhaopin.com/jobdetail/CC000448730J40696982716.htm?refcode=4019&srccode=401901&preactionid=a7c1140f-c46c-45e5-b867-ab342d8bdc77"
1311,Java,济南-历下区,1-1.2万,浪潮集团,"IT服务,计算机软件,计算机硬件",10000人以上,,CC120143600J40828887915,岗位职责： 1、熟悉Web开发体系； 2、熟悉Java、安卓、HTML、Javascript等开发语言； 3、熟悉MySQL等常用数据库，了解微服务技术； 4、根据需求文档，独立完成概要设计、数据库设计、详细设计文档的编写，程序设计、开发及调试工作； 任职资格： 1、计算机、软件工程、物联网相关专业； 2、熟练掌握web编程基础，掌握面向对象编程思想和设计方法，至少能够熟练使用一种软件开发工具； 3、有一定执行力、抗压能力和沟通协调能力； 4、工作积极主动、责任心强、吃苦耐劳，能适应出差和承受较大的工作压力。 5、本科及以上学历。,4月7日,浪潮集团是中国领先的云计算、大数据服务商，拥有三家上市公司。主要业务涉及计算装备、软件、云计算服务、新一代通信、大数据及若干应用场景。作为中国最早的IT品牌之一，浪潮致力于成为世界一流的新一代信息技术龙头企业经济社会数字化转型的优秀服务商，新型基础设施建设的骨干企业。,"https://www.zhaopin.com/jobdetail/CC120143600J40828887915.htm?refcode=4019&srccode=401901&preactionid=a7c1140f-c46c-45e5-b867-ab342d8bdc77"
1312,Java,成都-郫都区,1.5-3万,外企德科数字技术有限公司,专业技术服务,10000人以上,,CCL1480117890J40605351805,负责互动媒体BU的后台服务开发，实现产品需求的方案设计、代码开发、Bug修改和上线维护2.技能要求：（1）熟悉通用软件开发基础知识和技能，掌握基本的数据结构和网络知识； （2）熟练掌握Java语言，熟悉常用的设计模式；熟悉Spring框架基本实现原理； （3）熟悉MYSQL的基本语法，和常用DML、DDL的使用，熟悉执行计划； （4）熟悉大流量、高并发、高性能的分布式系统的设计及应用，微服务架构设计，性能调优；具备redis、ES、MQ等常见中间件对接开发经验者优先 （5）双一流或者211院校,2025-07-27 00:23:22,外企德科数字技术有限公司是一家2023年新成立的中外合资企业。成立于2023年11月24日，公司定位：专注于为信息技术企业提供人才及数字技术外包解决方案的中外合资企业。它是由中国人力资源服务行业的FESCO（北京国际人力资本集团）与全球人力资源服务领导者The Adecco Group（德科集团）合资成立的。公司主要提供网络技术服务、软件外包服务、计算机系统服务、技术进出口、软件开发等信息技术相关服务。专注于为信息技术企业提供信息技术类人才及数字技术外包解决方案。,"https://www.zhaopin.com/jobdetail/CCL1480117890J40605351805.htm?refcode=4019&srccode=401901&preactionid=a7c1140f-c46c-45e5-b867-ab342d8bdc77"
1313,测试工程师,深圳-龙岗区,6000-7000元,深圳市湘盛电路科技有限公司,"电子/半导体/集成电路,电子商务",20-99人,未融资,CCL1373435720J40713568611,岗位内容： 1. 进行各类系统的测试，收集并分析测试结果； 2. 与研发团队密切合作，参与新产品的测试及优化工作； 3. 撰写测试报告，为产品的改善提供依据； 4. 根据测试结果及时反馈问题并协助解决。 任职要求： 1. 计算机、电子工程等相关专业专科及以上学历； 2. 20-28岁之间； 3. 具有良好的沟通能力和团队合作意识，能够快速适应项目需求； 4. 对产品测试有一定的经验和兴趣。,7月17日,"深圳市湘盛电路科技有限公司,2019年11月12日成立，经营范围包括一般经营项目是：SMT贴片、电子线材产品、塑料制品、机械设备、五金产品、电子产品、线路板、集成电路板、电子产品的研发与销售；投资兴办实业（具体项目另行申报）；国内贸易，货物及技术进出口贸易。（法律、行政法规、国务院决定禁止的项目除外，限制的项目须取得许可后方可经营），许可经营项目是：电子数码产品生产加工","https://www.zhaopin.com/jobdetail/CCL1373435720J40713568611.htm?refcode=4019&srccode=401901&preactionid=a7c1140f-c46c-45e5-b867-ab342d8bdc77"
1314,前端开发,杭州-临平区,8000-12000元,温州百栎信息科技有限公司,人工智能,300-499人,,CCL1505049230J40752479009,岗位内容： 1. 负责开发和维护前端系统和模块，确保其运行稳定可靠 2. 编写高效、清晰、易于维护的代码 3. 协调需求，与其他团队成员进行有效沟通和协作 任职要求： 1. 熟练掌握HTML、CSS和JavaScript，熟悉主流前端框架 2. 具备扎实的编程基础，良好的代码风格，注重代码品质 3. 擅长和团队合作，具备很好的沟通和协调能力,7月22日,,"https://www.zhaopin.com/jobdetail/CCL1505049230J40752479009.htm?refcode=4019&srccode=401901&preactionid=a7c1140f-c46c-45e5-b867-ab342d8bdc77"
1315,硬件测试,北京-海淀区,6000-8000元,北京亚博威科技有限公司,IT服务,20-99人,,CCL1228797670J40145986513,职位描述：,7月8日,关于亚博威北京亚博威科技有限公司成立于2008年，是国内的IT基础架构智能运维服务+产品提供商，在传统架构和企业云架构中都拥有成熟的解决方案和丰富的运维经验。以专业IT产品和服务为主营业务的科技公司，在小型机、PC服务器、存储、网络等硬件设施和备件的第三方服务领域中，处于国内优良地位。北京亚博威科技有限公司致力于提供全球一线厂商的软硬件产品，续保服务及系统集成，业务涉及小型机、服务器、存储备份、数据容灾、数据库、网络安全等多个领域。目前已成为全国规模较大，认可度高，市场占有率的IT产品综合服务提供商。公司以技术为导向、以服务客户为己任，以系统集成、网络信息安全、高性能服务器系统、IT设备运维为主营业务。专业从事计算机系统集成、产品销售及各种技术与硬件服务。业务范围涉及政府、医疗、教育、能源、通信、金融等行业。亚博威以多年的实践经验和对新技术发展的跟踪与研究，针对客户实际应用，为客户提供专业的售前、售中、售后服务。亚博威从开始成立就定位在专业从事服务器、存储、网络等第三方保修维护服务，因此在公司的发展方向、资金投入、技术人员聘用、安排与培训、备品备件库存等都是围绕保修维护服务为核心。提供专业化的第三方IT增值服务，协助客户专注于其核心业务，是亚博威与客户利益实现双赢的重要责任。公司在长期的系统维护服务中，借鉴了有关国家和国际标准制定了一套完善的技术服务规范，使公司服务更加规范化、专业化、系统化、规模化。作为专业性的IT增值服务供应商，汇集国内业界优良人才，具有丰富的专业技术知识、行业解决经验和项目实施经验，组成一支实力雄厚的专业服务团队。我们的目标是成为电子商务时代负责任的IT服务专家。多年的长期积累投入，亚博威已经在北京、上海、广州、重庆、深圳、成都、西安、呼和浩特、沈阳等地建立起完备的备件库，有充足的备机备件，在维护中都会根据每个用户配置制定专用备机备件计划，确保客户设备的系统维护需求。同时在全国各地建立了良好的合作关系，保证快速和有效的备件供应。完备的技术保障体系亚博威的技术人员都经过专业的技术培训并通过专业的技术认证，从事华为、浪潮、联想、曙光、HP、IBM、DELL、SUN、EMC、NETAPP、HDS、Fujitsu、Oracle、Vmware、Cisco、H3C、F5、博科、JUNIPER等技术支持工作多年，具有丰富的实践经验，能解决各种复杂的技术问题，在同行业中有很高的知名度。经多年的维护服务，形成了完备的技术保障体系。完善的服务文档管理，优质的服务质量，必须有规范的服务文档管理做保障。亚博威经过多年的服务经验积累，总结和制定了科学的服务文档管理制度，在每次服务后，将服务内容、系统运行环境、系统结构及变动都要记录在案，每次服务，均由用户签字确认，由双方保管。科学的项目管理亚博威从过去承接的诸多大型维护项目中积累了大量丰富的项目管理经验，并不断汲取国内外惯用的先进项目管理方法的优点，形成了特有的项目管理方式，在具体项目的实施中得到了用户的高度认可。严格的质量保证亚博威在技术维护服务中，严格遵照公司的质量管理体系标准执行，始终坚持“质量保障、客户至上”的原则，经多年的服务经验的总结，建立了一套完整、科学的质量控制体系和服务管理规范，保证每个项目都完全达到质量要求标准。良好的试验与开发环境为了保证为用户提供专业的服务，公司投重金搭建了小型机、存储、网络设备等测试平台，目的是：一方面供公司的工程技术人员进行技术研究和方法探讨，另一方面是可以模拟用户现场、重现故障现象，以利于对故障的分析和测试。找到故障的真正原因，用优的办法从根本上解决问题。增值的服务与长期的合作亚博威在与客户的合作之后，将技术传授给客户系统管理员，为客户提供实用的免费技术培训，提供未来发展动向及新的技术信息。同时在以后客户系统升级中，提供更加合理的价格。灵活、方便的人性化服务我们的服务不是一成不变的，服务内容将根据客户的具体需求来调整，并在能所力及的情况下义务为客户提供所需服务。,"https://www.zhaopin.com/jobdetail/CCL1228797670J40145986513.htm?refcode=4019&srccode=401901&preactionid=a7c1140f-c46c-45e5-b867-ab342d8bdc77"
1316,测试工程师,池州-贵池区,5000-7000元,天阳科技,"计算机软件,计算机软件",1000-9999人,已上市,CC120408370J40824024408,1.全国项目驻场测试，主要负责功能、数据或接口等相关测试工作； 2.统招本科学历及以上（学信网可查）；毕业满2年；计算机专业优先； 3.热爱软件测试行业、有强力的自驱力，能够在测试岗位深入学习研究； 4.有无经验均可，服从公司安排，接受公司培养，可接受异地工作优先； 福利待遇： 上市公司，公司可以提供住宿，提供五险一金； 欢迎符合要求的小伙伴们投递~,7月17日,天阳科技(股票代码：300872)，是全球金融创新服务的重要贡献者，持续赋能中国金融行业数字化转型，为客户提供咨询、金融科技产品、金融IT服务、云计算及运营服务。公司成立于2003年，服务超过300家金融行业客户，覆盖中央银行、政策性银行、国有银行、股份制银行、地方性商业银行、非银行金融机构等，员工人数近7000人，成为激活金融领域创新活力、推动金融科技迈入世界领先水平的重要力量。作为金融行业客户可信赖的合作伙伴，天阳科技凭借丰富的行业经验和端到端的专业服务，在信创、数字化金融、信贷、交易银行、信用卡、零售、营销、风险管理、征信监管等众多领域具备核心竞争力。据赛迪和IDC报告显示，近年来公司在中国银行业IT解决方案市场排名强势崛起，2019年收入及市场占有率综合排名分别位列第四位和第五位，并保持高速增长。同时，前瞻商业和科技趋势，入选2021年度未来银行科技服务商TOP100。天阳科技始终聚焦金融科技领域，加大自主创新力度，在超过100个城市建立本地化、专业化的研发和服务团队，拥有CMMI5级认证、软件测试成熟度模型集成（TMMi）3级认证、ISO9001质量管理体系认证、ISO20000信息技术服务管理体系认证、IS027001信息安全管理体系认证。通过部署人工智能、云计算、大数据、移动互联网、分布式计算和区块链等先进金融科技，公司致力于构建安全可控、普惠民生、开放共赢格局，在关键技术领域服务现代化金融发展大局，更好地为各利益相关方创造更大价值，为大中企业、小微企业以及每个个体提供优质金融服务。,"https://www.zhaopin.com/jobdetail/CC120408370J40824024408.htm?refcode=4019&srccode=401901&preactionid=a7c1140f-c46c-45e5-b867-ab342d8bdc77"
1317,科研人员,杭州-滨江区,2.5-2.6万,杭州医学院,"学校/学历教育,学术/科研",1000-9999人,不需要融资,CCL1445690420J40362724010,一、研究方向：,3月28日,杭州医学院为浙江省人民政府直属从事公益服务的全日制公办普通本科高等医学院校，由浙江省卫生健康委员会管理。学校已有98年办学历史，培养了4万余名医药卫生人才。2019年原杭州医学院与原浙江省医学科学院合并组建新杭州医学院，整合优势资源，集聚高质量平台。现有临安、滨江、黄龙三个校区，青山湖科创中心和滨江生物医药研发中心（国家新药安评中心）。学校占地1456.26亩，校舍建筑面积38.21万平方米；建有国家科技图书文献中心全文资源等20余种国内外权威专业数据库。有浙江省人民医院为学校的直属附属医院，另有非直属附属医院14家，校外实践教学基地近两百家；现有全日制在校硕士研究生、本专科生共10947人。有基础医学、公共卫生与预防医学、药学3个一级学科硕士点，公共卫生、药学、生物与医药3个专业学位硕士点。建有肿瘤科、普通外科学、临床护理学3个国家临床重点专科；公共卫生与预防医学为省一流学科（A类），临床医学、基础医学、药学、医学技术4个学科为省一流学科（B类）；微创外科、生物医药2个浙江省医学重点学科群。开设临床医学、口腔医学、预防医学、医学影像学、医学检验技术、药学、护理学等21个本科专业，其中国家级一流本科专业建设点3个、省级一流本科专业建设点4个。学校建有8个省级重点实验室（实验动物和安全性评价、医学生物工程疫苗研究开发、药物安全性评价技术研究、胃肠病学、肿瘤分子诊断与个体化治疗、神经精神疾病药物研究、内分泌腺体疾病诊治研究、生物标志物与体外诊断转化），4个省工程研究中心（消化道肿瘤诊疗与药物研发、新型疫苗、检验诊断关键技术、数智化康复装备），1个博士后科研工作站。建有国家药品监督管理局药物GLP认证机构、国家甲型肝炎减毒活疫苗毒种保存中心、浙江省血吸虫病防治中心、浙江省实验动物管理办公室等18个科技服务平台。近五年（2018−2022年）获得省部级及以上科研项目529项，其中国家级科研项目135项，省部级及以上成果奖励15项，国家授权专利923项，在国内外高水平的学术刊物上年均公开发表论文超过500篇。公开出版发行《国际流行病学传染病学杂志》《浙江实用医学》《浙江医学教育》等学术期刊。人才强校是学校的发展战略，现有教职员工1000余人，拥有中国科学院院士、中国工程院院士、“百千万人才工程”国家级人选、国家有突出贡献中青年专家、国家“万人计划”科技创新领军人才、国家卫生健康突出贡献中青年专家、享受国务院政府特贴、科技部创新人才推进计划中青年科技创新领军人才、国家自然科学基金优秀青年基金获得者、省有突出贡献中青年专家等一大批高层次人才。,"https://www.zhaopin.com/jobdetail/CCL1445690420J40362724010.htm?refcode=4019&srccode=401901&preactionid=a7c1140f-c46c-45e5-b867-ab342d8bdc77"
1318,技术支持工程师,常州-武进区,5000-8000元,常州春明环保科技有限公司,"环保,环保",20-99人,未融资,CC389987980J40149243303,工作内容：,7月25日,主要从事大气、烟气、VOC自动监测系统的建设及运维、环境质量在线监测、水质自动监测系统、污染源在线监测、无人船排查走航监测、城镇污水处理设备及工程、VOC废气治理设备及工程、全自动实验室等系列产品。公司自成立以来，以“策略先行，经营致胜，管理为本”的推广理念，一步一个脚印发展成为同类企业中经营范围最广、在行业内颇具影响力的企业。,"https://www.zhaopin.com/jobdetail/CC389987980J40149243303.htm?refcode=4019&srccode=401901&preactionid=a7c1140f-c46c-45e5-b867-ab342d8bdc77"
1319,Java,南京-雨花台区,1.3-2.6万,外企德科数字技术有限公司,专业技术服务,10000人以上,,CCL1480117890J40781695305,岗位职责: 1.负责后端开发工作 2.使用Java、C/C++、Python等编程语言进行开发 3.参与系统设计，确保代码质量和系统稳定性 任职要求： 1.具备扎实的编程能力，熟练使用Java、C/C++、Python等语言 2.具有良好的团队合作精神，能够与团队成员有效沟通 3.具备较强的问题分析和解决能力，能够独立承担模块开发任务,2025-07-27 00:25:08,外企德科数字技术有限公司是一家2023年新成立的中外合资企业。成立于2023年11月24日，公司定位：专注于为信息技术企业提供人才及数字技术外包解决方案的中外合资企业。它是由中国人力资源服务行业的FESCO（北京国际人力资本集团）与全球人力资源服务领导者The Adecco Group（德科集团）合资成立的。公司主要提供网络技术服务、软件外包服务、计算机系统服务、技术进出口、软件开发等信息技术相关服务。专注于为信息技术企业提供信息技术类人才及数字技术外包解决方案。,"https://www.zhaopin.com/jobdetail/CCL1480117890J40781695305.htm?refcode=4019&srccode=401901&preactionid=a7c1140f-c46c-45e5-b867-ab342d8bdc77"
1320,测试工程师,北京-海淀区,1.5-1.6万,北京百米互联科技有限公司,"计算机软件,IT服务",100-299人,未融资,CC404298980J40770795110,岗位职责： 1. 负责AI应用产品的功能测试、性能测试、稳定性测试，确保产品质量符合标准。 2. 参与制定测试计划，编写测试用例，并进行测试报告的记录和反馈。 3. 协助开发团队定位问题，提出改进意见，保证产品的持续优化。 4. 根据市场和客户反馈进行测试需求分析，以满足不同客户的测试需求。 任职要求： 1. 具备扎实的软件测试理论知识，熟悉AI应用产品的特点和测试技巧。 2. 拥有良好的沟通能力和团队协作精神，能有效沟通测试需求和问题。 3. 具有强烈的责任心和积极主动的学习态度，愿意接受新挑战。 4. 有AI应用产品测试经验者优先。,2025年07月30日,1.公司介绍北京百米互联科技有限公司，是致力于提供卓越的咨询和科技服务的提供商。自2013年成立以来，在航空、地产、教育、医疗等领域为客户提供服务。公司注册资金1000万元，截至2017年底，共有员工100多名。北京百米互联科技有限公司以为客户提供卓越服务，成就客户为企业核心价值观。坚持以客户为中心，快速响应客户需求，持续为客户创造长期价值，为客户提供有效服务，成就客户，与客户共同成长。 2.主营业务外包服务既采用人员派遣服务的方式在客户现场进行短期或长期开发工作，同时也采用off-site等方式和客户进行各类合作。咨询服务为行业客户提供包括总体规划、技术支持、监理、培训、咨询等在内的一流的、全方位服务。代销分销依靠在行业的领先优势及完善的渠道，积极与国际著名厂商进行代理及分销的合作，从而实现优势互补，为客户提供全面成熟的总体解决方案。 3.服务优势雄厚的技术实力作为专业化的IT增值服务供应商，荟萃国内业界优秀人才，具有丰富的专业技术知识、行业解决经验和项目实施经验，组成一支实力雄厚的专业服务团队。我们的目标是成为电子商务时代最负责任的IT服务专家。严格的质量保证百米互联在技术维护服务中，严格遵照ISO9001：2000的质量管理体系标准，始终坚持“质量第一、客户至上”的原则，经多年的服务经验的总结，建立了一套完整、科学的质量控制体系和服务管理规范，保证每个项目都完全达到质量要求标准。科学的项目管理百米互联从过去承接的诸多大型维护项目中积累了大量丰富的项目管理经验，并不断汲取国外惯用的先进项目管理方法的优点，形成了特有的项目管理方式，在具体项目的实施中得到了用户的高度认可。合理的价格百米互联在服务上优质快速，而在价格上比较优惠与合理。这样无论在服务质量上或是经济承受能力上都为客户考虑，同时又可以建立长期的合作关系。增值的服务与长期的合作百米互联在与客户的合作之后，将技术传授给客户系统管理员，为客户提供实用的免费技术培训，提供未来发展动向及新的技术信息。同时在以后客户系统升级中，提供更加合理的价格。,"https://www.zhaopin.com/jobdetail/CC404298980J40770795110.htm?refcode=4019&srccode=401901&preactionid=a7c1140f-c46c-45e5-b867-ab342d8bdc77"
1321,科研人员,成都-郫都区,5000-10000元,成都郫都华医康晟医院有限公司,医院,20-99人,,CCL1475982400J40766762614,1、硕士及以上学历，中药学、临床医学或相关专业优先； 2、具备SCI论文撰写与发表经验，熟悉科研项目申报与管理流程；,6月16日,,"https://www.zhaopin.com/jobdetail/CCL1475982400J40766762614.htm?refcode=4019&srccode=401901&preactionid=a7c1140f-c46c-45e5-b867-ab342d8bdc77"
1322,科研人员,合肥-庐阳区,2.1-2.9万,合肥综合性国家科学中心能源研究院(安徽省能源实验室),"新能源,新能源",100-299人,未融资,CCL1237831530J40743882807,岗位职责： 1、ECR离子源研制与性能测试；2、加速器中子源外场测试与服务 岗位要求： 硕士物理/核能科学与工程/自动化等,6月16日,"合肥综合性国家科学中心能源研究院（安徽省能源实验室）〔以下简称“能源研究院”〕为安徽省和中国科学院共建的省级事业单位法人，依托中国科学院合肥物质科学研究院等离子体物理研究所、安徽理工大学、中国科学技术大学、合肥工业大学等单位建设。能源研究院重点部署磁约束聚变、可再生能源、智慧电力电网、煤炭清洁高效利用四个研究方向，统筹加强基础研究、应用基础研究、技术创新，带动能源领域科研力量优化布局和自主创新能力跃升，形成在能源技术发展领域拥有重要话语权和影响力的战略科技创新力量，打造面向世界科技前沿的“航母级”研究平台。合肥综合性国家科学中心能源研究院，自2019年12月31日成立已满4周岁，四年来，在习近平新时代中国特色社会主义思想科学指引下，在安徽省省委、省政府坚强领导下，在省市相关部门大力支持下，能源研究院自身建设不断加强，科研能力不断提升科技创新不断突破成果转化不断深入各项事业取得可喜进步一、团队建设：牢固树立“项目引才、实战育才、事业留才”理念、着力打造人才高地。现有373名全职、双聘人才,其中：全职人员153名(博士43名,高级职称30人)双聘人员220名(博士168名,高级职称占比85%)，已初步建立起院士领衔、教授和领军人才支撑、青年学者为骨干的梯队式人才团队。二、能力建设：1.国家自然科学基金依托单位、2.省自然科学基金依托单位、3.省级博士后科研工作站、4.安徽省新型研发机构、5.SGS三体系质量认证证书、6.自然科研系列、7工程技术系列自主评审权安徽省太赫兹技术生物医疗应用工程研究中心、8.合肥综合性国家科学中心能源研究院电力检测中心、9.取得CMA实验室资质认定三、科研进展：组建8个专业研究中心：1.氢能源与氨应用中心、2.可再生能源中心、3.智慧电力中心、4.煤炭清洁高效利用中心、5.超导技术应用中心、6.先进波源中心、7.中子技术应用中心、8.深地科学与工程中心。布局实施26个重大科研项目发表高水平论文435篇申请专利286项(授权71项)获得省科技进步二等奖1项争取国家级项目20项。获批省市揭榜挂帅及自然基金项目13项累计争取国家、省市纵向研究经费近4000万元。四、前沿基础研究重大成果：1.能源小分子催化转化研究达到国际领先水平、2.下一代太阳能电池材料及器件研究取得重大突破、3.雷击接闪机理与防护研究达到国内领先水平、4.等离子体诊断技术研究填补国内技术空白。","https://www.zhaopin.com/jobdetail/CCL1237831530J40743882807.htm?refcode=4019&srccode=401901&preactionid=a7c1140f-c46c-45e5-b867-ab342d8bdc77"
1323,科研人员,上海-徐汇区,6000-12000元,中国科学院上海有机化学研究所,农/林/牧/渔,20人以下,,CC397943920J40629057007,中国科学院上海有机化学研究所刘国生课题组隶属于金属有机国家重点实验室，主要从事过渡金属催化烃类不对称转化反应，更多信息可查看课题组网站：http://guoshengliu.sioc.ac.cn 现因课题组工作需要，拟招聘研究助理1-2名，具体岗位要求如下： 一、应聘条件 1、 有机化学硕士及以上学历，具有过渡金属催化反应研究背景的优先考虑；较强的独立研究工作能力；  2、 具有良好的英文听说读写能力，能够熟练写作科技论文； 3、 工作勤奋、踏实，具有科研热情和进取心，有团队协作精神。 二、岗位待遇 工资待遇将根据有机所有关政策从优考虑，并根据工作表现发放津贴，可申请单位职工宿舍。 有意者请将个人简历，工作总结及代表性论文发送至*********************（邮件主题注明“研究助理应聘”）。【请登录中国科有机化学研究所官网查看详情并按照要求投递简历（以官网为准）】,7月23日,"中国科学院上海有机化学研究所（简称上海有机所），是一个历史悠久、人才荟萃、实力雄厚、设备一流、成果丰硕，在国内外享有较高声誉和影响的有机化学研究中心；是一个集基础研究、应用研究和高技术创新研究为一体的综合性化学研究所，上海有机所创建于1950年6月，是中国科学院首批成立的15个研究所之一，前身是建立于1928年7月的前中央研究院化学研究所。从开展抗生素和高分子化学的研究起步，经过近60多年几代人艰苦创业、奋力拼搏，在以有机化学研究为中心的基础研究、应用研究与高新技术开发、人才培养等方面均取得令人瞩目的成就。在我国“两弹一星”研制、“人工合成牛胰岛素、人工合成酵母丙氨酸转移核糖核酸”和“物理有机化学中的两个基本问题：自由基化学中取代基离域参数和有机分子簇集概念”等一批攀登科技高峰的重要成果中，我所科研人员做出了重要贡献。 1998年上海有机所首批进入中国科学院知识创新工程。从此以多学科交叉为特色，以国家战略和国民经济重大问题为导向，以有机化学基础研究和应用基础研究为主导，围绕人口与健康、资源与环境、新材料三大领域，重点突出健康和生命、环境和生态系统、资源利用与开发、新材料、能源开发应用和国家安全等领域中相关的基本有机化学课题等六大研究方向，带动化学生物学、金属有机化学、有机合成化学、元素有机化学、物理有机化学、化学信息学、有机材料化学和有机分析化学等八大学科发展。上海有机所现有生命有机化学国家重点实验室、金属有机化学国家重点实验室、中国科学院氟化学重点实验室、中国科学院天然产物有机合成化学重点实验室，中国科学院有机功能分子合成与组装化学重点实验室、中国科学院生物与化学交叉研究中心、推进剂关键材料重点实验室，沪港合成化学联合实验室，中国科学院有机合成工程研究中心以及企业联合实验室等。受中国化学会委托，编辑出版《化学学报》、《Chinese Journal of Chemistry》和《有机化学》三份SCI收录刊物。全所截止2016年底有职工865人，其中中国科学院院士9人，研究员81人,中国科学院“百人计划”入选者36人，国家杰出青年科学基金获得者23人，顶尖“千人计划”入选者1人，“千人计划”创新人才短期项目入选者1人，“千人计划”青年项目入选者20人。在学研究生581人。在站博士后48人。建所以来，共获各种科研成果奖348项，包括国家三大奖72项，其中国家自然科学一等奖3项（其中2项为合作）、二等奖18项（其中1项为合作）；国家创造发明奖3项和国家发明二等奖4项（其中3项为合作）；国家科技进步奖特等奖3项（合作），一等奖1项（合作），二等奖11项（其中5项为合作）；获得包括中国科学院自然科学一等奖28项在内的中国科学院各类奖145项；上海市科技成果奖82项。获授权专利656项（其中国外专利20项），共发表学术论文11150余篇。上海有机所与世界各国科研机构和高等学校建立了广泛的联系，深入开展国际合作与交流，注重加强与国内外大型企业和学校的合作。上海有机所将与时俱进，实现跨越式发展，努力建成世界有机化学的重要研究基地、中国有机化学的研究中心和培养一流有机化学家的摇篮。","https://www.zhaopin.com/jobdetail/CC397943920J40629057007.htm?refcode=4019&srccode=401901&preactionid=a7c1140f-c46c-45e5-b867-ab342d8bdc77"
1324,Java,西安-雁塔区,1.3-2.6万,无锡硕磊科技有限公司,"计算机软件,计算机软件",20-99人,未融资,CC841172330J40930324004,"工作职责： 1. 计算机或日语相关专业，要求日语二级以上，至少可以读写水平，口语好优先 2. 有较好的逻辑思维能力，对IT行业有浓厚兴趣 3. 熟练掌握JAVA、vue、react、SAP 、dynamics、Python、.NET(ASP・VB・C#)、cobol、c++,android 、iOS、salesforce等其中任意一种开发语言 ■薪资水平： 25万～70万日元。 （视日语水平和技术水平而定） ■福利制度： 带薪休假+健康保险+厚生年金+加班费+交通费+雇佣保险+社员旅行等。",7月10日,无锡硕磊科技有限公司(无锡)专业从事计算机软件领域内的技术开发、技术咨询、技术服务、成果转让，计算机软硬件的开发与销售，软件技术的外包与服务，隶属于日本东京SUN FLOWER SOFT株式会社，在对日软件开发方面有非常丰富的经验。SUN FLOWER SOFT株式会社(东京)在东京有数载的发展历史，已经拥有属于自己比较成熟的项目经验、资源和团队，服务领域遍及生产制造、医疗、电力、公共、证券、保险、金融等各行各业。无锡硕磊科技有限公司自成立以来一直以“以人为本”的招聘标准，只要您热衷于IT行业，有软件开发经验或日语基础，品行端正，我们都可以将您培养成一顶一的技术人才。,"https://www.zhaopin.com/jobdetail/CC841172330J40930324004.htm?refcode=4019&srccode=401901&preactionid=a7c1140f-c46c-45e5-b867-ab342d8bdc77"
1325,技术支持工程师,阳江-江城区,1-1.1万,智联猎头,"互联网,人力资源服务",1000-9999人,不需要融资,CCL1318355140J40678681603,1.负责集团客户ICT项目拓展与管理，通过客户需求收集、分析，整合专业机构和省内产品、信息化能力及行业方案，针对客户需求出具信息化综合解决方案； 2.负责ICT项目售前、售中、售后的全流程管理以及支撑，包括个性化需求方案、技术谈判、组织实施等； 3.负责为集团客户的应用解决方案提供5G网络及物联网技术支持，负责5G及物联网相关售前、售中、售后工作流程推进、进度管控、质量验收等。,7月25日,智联猎头作为智联招聘旗下品牌，以满足企业中高端岗位的人才招聘需求为出发点，整合全球优质资源，覆盖数字经济、新一代信息技术、人工智能、金融、电子信息、装备制造、生物医药与健康、房地产/建筑等数十个行业，拥有规模庞大、覆盖面广的交付团队，致力于向企业输出专业化的招聘解决方案。智联猎头目前拥有卓聘平台服务、招聘流程外包服务、高端人才猎寻服务三大类核心服务，具备高度定制化能力，能够为不同发展阶段的企业提供一站式招聘解决方案，同时为企业转型升级提供保障，全面增强企业核心竞争力！智联猎头利用自身独特的资源优势、成熟的服务模式，以及多层次的产品，致力于打造高效、专业的一站式人才服务模式，让招聘更加美好！,"https://www.zhaopin.com/jobdetail/CCL1318355140J40678681603.htm?refcode=4019&srccode=401901&preactionid=a7c1140f-c46c-45e5-b867-ab342d8bdc77"
1326,软件测试,西安-雁塔区,9000-13000元,陕西中科梓逸信息技术有限公司,计算机软件,20-99人,,CCL1409140330J40601506004,"可招优秀应届生 工作职责： 1、根据项目需求编写测试用例； 2、制定测试目标和测试策略； 3、测试环境搭建与维护，完成相应的测试工作； 4、在JIRA中分析与跟踪BUG； 5、进行后期测试分析；编写产品测试报告及其他文档； 6、定期总结测试问题和经验，提高测试自身测试水平； 任职资格： 1、本科及以上学历，1年以上工作经验，大专优秀者也考虑； 2、熟悉软件工程、软件测试理论和方法，熟悉相关的测试流程、测试文档标准和软件工程原理； 3、熟练掌握软件测试的方法和技巧，能独立制定测试计划、测试用例、测试规范,并能编制规范的测试文档； 4、有Android、iphone手机应用软件测试经验，或者有测试（java，C#）应用系统的经验； 5、热爱测试工作，具有强烈的责任心和敬业精神，并有很强的质量意识； 6、良好的沟通能力和积极主动精神，能够有力推动、协调工作的开展；",7月17日,,"https://www.zhaopin.com/jobdetail/CCL1409140330J40601506004.htm?refcode=4019&srccode=401901&preactionid=a7c1140f-c46c-45e5-b867-ab342d8bdc77"
1327,软件测试,南昌-红谷滩区,1-1.2万·13薪,青岛瑞晟元人力资源有限公司,人力资源服务,20人以下,不需要融资,CCL1431271280J40778348207,岗位职责： 1. 负责软件的功能测试。 2. 执行测试用例，报告缺陷并跟踪缺陷的修复。 3. 与开发团队协作，确保软件质量满足需求。 4. 参与软件测试流程的优化和改进。 岗位要求： 1. 熟悉软件测试理论、方法和流程。 2. 具备功能测试经验。 3. 了解运维工程师、网络工程师的工作内容，能进行基本的IT质量管理。 4. 有信息技术、标准化、电子或电路工程相关背景者优先。 薪资待遇：包住、六险一金、工龄工资、生日礼金、定期体检、带薪年假、绩效奖、项目奖、年终奖.,2025年07月30日,,"https://www.zhaopin.com/jobdetail/CCL1431271280J40778348207.htm?refcode=4019&srccode=401901&preactionid=a7c1140f-c46c-45e5-b867-ab342d8bdc77"
1328,C/C++,深圳-龙岗区,1.5-3万,外企德科数字技术有限公司,专业技术服务,10000人以上,,CCL1480117890J40704710905,主要地点：（东莞、深圳、杭州、 西安，苏州、上海，武汉，成都、南京、北京）十大研究所，少量（广州、长沙、济南）三个办事处,2025-07-27 00:23:26,外企德科数字技术有限公司是一家2023年新成立的中外合资企业。成立于2023年11月24日，公司定位：专注于为信息技术企业提供人才及数字技术外包解决方案的中外合资企业。它是由中国人力资源服务行业的FESCO（北京国际人力资本集团）与全球人力资源服务领导者The Adecco Group（德科集团）合资成立的。公司主要提供网络技术服务、软件外包服务、计算机系统服务、技术进出口、软件开发等信息技术相关服务。专注于为信息技术企业提供信息技术类人才及数字技术外包解决方案。,"https://www.zhaopin.com/jobdetail/CCL1480117890J40704710905.htm?refcode=4019&srccode=401901&preactionid=a7c1140f-c46c-45e5-b867-ab342d8bdc77"
1329,软件测试,定安-None,5000-7000元,上海外服无锡人力资源服务有限公司,"咨询服务,房地产中介,专业技术服务",20-99人,,CC298250730J40765781510,岗位内容： 1. 设计和执行测试用例，并记录测试结果。 2. 分析并报告软件缺陷，包括重现步骤、缺陷严重程度和影响范围。 3. 参与产品设计过程，提供测试建议和反馈。 4. 开发自动化测试脚本和工具。 5. 执行性能和负载测试的任务。 任职要求： （1）专科以上学历； （2）计算机、软件工程专业优先； （3）有C1或C2驾照； （4）有linux 和禅道有一定的接触了解,7月26日,上海外服（集团）有限公司（简称上海外服），隶属于上海东浩兰生集团，成立于1984年，是我国对外开放后第一批向中外企业提供人力资源综合解决方案的现代服务外包企业。经过30多年发展，已经成为中国人力资源服务行业的旗舰品牌。 2016年营收总额超过1020亿元，服务雇员170万人客户超过3万家，在华世界500强公司85%以上采用上海外服的服务行业排名*2012年全国HR公司100强全球排名第40位，中国第1位。*2016年中国企业500强第122位，人力资源服务行业第1位。*2016年上海企业100强第20位，服务业企业50强第10位。上海外服（无锡）公司简介上海外服（无锡）人力资源服务有限公司是上海外服独资子公司，专注于向本土企业和跨国公司提供人力资源综合解决方案。服务客户覆盖外资、国企、民企和事业单位，涉及商业、金融、通信、制造、运输、电力、教育、政府机构等众多行业。我们的目标秉承“专业、严谨、创新、和谐”的经营理念，依托总部丰富的产品线，精细化管理方法和拥有自主产权的云服务系统，根据企业个性化需求，提供度身定制的解决方案，努力成为客户的战略合作伙伴。我们的客户包括博世（中国），汇丰银行，UPS，迅达电梯，Zara，Burberry，无印良品，妮维雅，强生，罗氏制药，英孚教育，世邦魏理等大型跨国公司，也包括大众汽车，工银安盛，华东制药，上海医药等国内知名企业。我们的服务网络上海外服在北京、天津、重庆、安徽、南京、苏州、无锡、昆山、杭州、宁波、广州、深圳、福州、厦门、武汉、西安、成都、济南、青岛、沈阳、大连等地设立分子公司，服务能力遍及全国所有省、直辖市和自治区，服务网点覆盖近400个地、县级城市。,"https://www.zhaopin.com/jobdetail/CC298250730J40765781510.htm?refcode=4019&srccode=401901&preactionid=a7c1140f-c46c-45e5-b867-ab342d8bdc77"
1330,技术支持工程师,上海-黄浦区,1.5-2.5万,上海一鉴天电子有限公司,"电子/半导体/集成电路,贸易/进出口",20-99人,,CC153164410J40651095112,您将从事的工作内容：  DC/DC 产品的技术支持 (售前、售后、培训、推广等)、产品故障解决分析及归零，与国外品牌生产厂商进行技术沟通和交流。,2月24日,上海一鉴天电子有限公司是美国VPT公司在中国区的总代理，负责VPT公司直流－直流转换器、EMI滤波器等电源产品在中国区域的销售、技术支持和售后服务。美国VPT公司作为全球DC-DC行业的技术领跑者，为用户提供高级别、高可靠性的产品和技术解决方案。国内用户主要为航空、航天系统各大研究所、生产厂、科研机构及军工企业、研究所等，产品广泛应用于卫星、航空机载设备等系统中。公司的总部设在上海，具有20多年丰富的行业经验。公司正处于蓬勃发展阶段，欢迎广大有志之士加入，与我们共谱华章，为我国航空航天事业做出贡献!,"https://www.zhaopin.com/jobdetail/CC153164410J40651095112.htm?refcode=4019&srccode=401901&preactionid=a7c1140f-c46c-45e5-b867-ab342d8bdc77"
1331,技术支持工程师,杭州-西湖区,5000-8000元,南方测绘,"电子/半导体/集成电路,电子/半导体/集成电路",1000-9999人,未融资,CC136085830J40791804305,岗位职责 1、负责精密自动测量系统及解决方案和服务方案的推广和销售 2、负责制定方案，维护现有客户关系 3、开发所负责区域的市场，挖掘和收集所负责区域的客户信息，完成从售前到售后的相关工作 4、享受高弹性的绩效工资 任职资格 1、测绘相关专业专科或以上学历 2、具备一定计算机和软件应用能力或简单的开发能力 3、具备良好的分析、解决复杂问题的能力 4、善于沟通、有较强的组织协调能力和执行能力,7月8日,南方测绘创立于广州，是一家集研发、制造、销售和技术服务于一体的测绘地理信息产业集团。业务范围涵盖测绘装备、卫星导航定位、无人机航测、激光雷达测量系统、精密测量系统、海洋测量系统、精密监测及精准位置服务、数据工程、地理信息软件系统及智慧城市应用等，致力于行业信息化和空间地理信息应用价值的提升。南方测绘专注测绘地理信息行业，以振兴民族产业为己任，坚持自主创新，陆续实现了测距仪、电子经纬仪、全站仪、GNSS等一系列测绘仪器的国产化，取得了一系列拥有自主知识产权的技术成果，成为中国电子测绘仪器的开创者与领导者，是中国高精度卫星导航产业的领导者，也是中国地理信息软件和数据系统的领航者。经原国家测绘地理信息局组织的专家鉴定，认定南方测绘的产品和综合技术达到世界先进水平，跻身行业世界四强。目前，南方测绘电子经纬仪、全站仪及RTK产销量均位居世界前列，北斗地基增强系统（CORS）建站数全国领先，测绘成图软件市场占有率超过90%，拥有中国颇具规模和实力的无人机航测和激光雷达数据获取与处理专业团队。集团现拥有遍布全国的30家省级分公司、100余家地市级分公司、9家海外销售和服务机构，拥有分别专注于卫星导航定位、高速铁路精密测量、无人机航测、激光雷达测量、精准位置服务、地理信息软件系统等多个子公司，并拥有位于北京、武汉、常州和广州的全球大规模的测绘装备研发制造基地，产品出口全球100多个国家和地区。南方测绘坚持星级服务理念，专注专业，实时响应，让每一个用户满意；坚持人性化管理，协作有序，规范经营，成就每一名员工的价值。,"https://www.zhaopin.com/jobdetail/CC136085830J40791804305.htm?refcode=4019&srccode=401901&preactionid=a7c1140f-c46c-45e5-b867-ab342d8bdc77"
1332,技术支持工程师,清远-清城区,9000-18000元,青岛安然物联网科技有限公司,"物联网,物联网",20-99人,未融资,CC559764920J40823804804,需要弱电技术、自动化、安防系统、工业互联网+危化安全生产、物联网人才，不要纯软件人才。  你能经常到全国各地出差吗？你能到工业生产现场生产现场做技术支持吗？   真正的奋斗者在安然会有让人值得为之奋斗的事业，会有充实、高效的成长，会有高人一等的收入。   你能做好售前技术支持、根据客户需求，高效制作方案吗？你能做好售中技术支持、指导他人正确安装、部署、调试系统向用户保质保量快速交付吗？你能做好售后维护，高效沟通和落实客户需求吗？   迄今已服务中石化、中石油、延长石油、国能、兖矿、京能、索普、新安、奇美、昊源、潞安、旭阳、垦利、逸盛、海科、酒钢、金发等几百家石化、化工、选煤、钢铁、电厂企业。    安然以客户为中心，以强者为本，抬头乐干，愿意与同道中人联合、链接，携手共建、共用、共享生产安全命运共同体，一起干，一起干，让优秀企业更安全，让优秀企业更高效！,7月22日,基于精准人员定位的工业安全生产信息化管理专家，安全生产信息化管理引领者！作为全国实时定位技术标准工作组成员和应急管理部“工业互联网+危化安全生产”人员定位系统技术支持机构，安然从2012年起致力于基于ZigBee Plus三维立体按需精准定位的“工业互联网+安全生产”的研究，获得了20多项安全智能管控系统发明专利和著作权，持续引领中国化工行业生产现场智慧安全！安然以“准、稳、狠”的ZigBee Plus三维立体按需精准人员定位统和“底数清、数据准、情况明、研判准、措施实”的安全生产信息化平台为核心，整合访客管理、出入口控制、人脸识别、视频监控、语音广播、重大危险源监控、可燃有毒气体监测等系统，对生产现场人、机、料、法、环五大要素进行实时、动态、智能管控和预警，规范人的安全行为，保障人的生命安全，有效防范风险、主动化解风险，实现智慧安全。安然“以用为本”，把安全生产信息化建设与公司管理体系“深度融合”，把安全生产信息化建设与日常工作“紧密结合”，对安全生产切实“有用、实用、好用”，避免建用“两张皮”，让安全管控更智能，让生产更高效才实用。迄今已服务中石化、中石油、延长石油、国能、兖矿、京能、索普、新安、奇美、昊源、潞安、旭阳、垦利、逸盛、海科、酒钢、金发等几百家石化、化工、选煤、钢铁、电厂企业。安然以客户为中心，以强者为本，抬头乐干，愿意与同道中人联合、链接，携手共建、共用、共享生产安全命运共同体，一起干，一起干，让优秀企业更安全，让优秀企业更高效！,"https://www.zhaopin.com/jobdetail/CC559764920J40823804804.htm?refcode=4019&srccode=401901&preactionid=a7c1140f-c46c-45e5-b867-ab342d8bdc77"
1333,硬件测试,深圳-宝安区,7000-8000元·13薪,富士康新能源电池,电子设备制造,10000人以上,,CCL1491712110J40732942516,1、参与硬件产品的测试工作，确保测试结果的准确性。 2、根据测试计划执行测试任务，并对发现的问题进行记录和反馈。 3、与团队合作，确保测试流程的顺畅进行 任职要求： 1. 对硬件测试有深入的理解，能够独立进行测试。 2. 具备优秀的沟通能力和团队合作精神，能有效进行协调。 3. 能够迅速识别并解决测试过程中遇到的问题。,7月16日,公司业务一般经营项目是：热水器、光学、计量、检测仪器仪表、智能遥控器、电子加热元器件、电源分配器、电源转换接插座、五金塑胶制品、精密模具、各类计算机机箱、微型计算机、便携式计算机、笔记本计算机、多媒体计算机和服务器、数据通信多媒体系统、新型显示器、家用电热器具及装置、新型电力电子元器件、电线及电缆组件、电源供应器、电脑主机板、光电子专用材料、光电器材、有源及无源元器件、传感器、单模光纤及支撑通信网的新技术设备、通信及网络用相关卡板、光盘驱动器、多媒体电脑用视频信号录制和重放设备、数字音视频系统（不含电视机及国家限制产品）、精密陶瓷产品、光通讯陶瓷套管、光电夹工具、光电制造设备、塑料及其制品、数字照相机及关键件、复印机、无线电话、电子专用设备（含手机制造设备、半导体制造设备、LCD面板制造设备）、投影机、锡膏、液晶数字电视机、自动化接口设备、移动电话、多媒体电话、卫星导航定位接收设备、智能型电子玩具、汽车、家电及通讯等电子产品的锌、铝合金压铸及机加工零配件、多维立体眼镜、液晶一体销售终端电子收款机、打印机墨盒、新型环保节能灯具、袖珍式数据录放机器、安控产品、自动提款机、微型现金清分机、太阳能电池、太阳能电池组、智能穿戴产品、各类摄影摄像机及其附件、多媒体录制设备及其零配件、多媒体播放器、自动售货机（包括钱币兑换机）、自动柜员机、太阳能发电装置、智慧移动服务设备、二类医疗器械及上述产品的同类产品兼其零组件、配件（游戏机、数字卫星电视接收机除外）的研发、设计、销售、进出口及相关配套业务（不含专营、专控、专卖商品及限制项目）；非配额许可证管理、非专营商品的收购出口业务；技术咨询业务；广告业务；包装业务；仓储业务；物流业务；太阳能光伏并网发电及销售、合同能源管理业务；转让自行研发的技术成果。振荡雾化器的销售。以上经营范围不含卫星电视广播地面接收设施及关键件、导航电子地图编制、卫星传输服务等国家规定实施准入特别管理措施的项目，涉及备案许可资质的需取得相关证件后方可经营。，许可经营项目是：热水器、光学、计量、检测仪器仪表、智能遥控器、电子加热元器件、电源分配器、电源转换接插座、五金塑胶制品、精密模具、各类计算机机箱、微型计算机、便携式计算机、笔记本计算机、多媒体计算机和服务器、数据通信多媒体系统、新型显示器、家用电热器具及装置、新型电力电子元器件、电线及电缆组件、电源供应器、电脑主机板、光电子专用材料、光电器材、有源及无源元器件、传感器、单模光纤及支撑通信网的新技术设备、通信及网络用相关卡板、光盘驱动器、多媒体电脑用视频信号录制和重放设备、数字音视频系统（不含电视机及国家限制产品）、精密陶瓷产品、光通讯陶瓷套管、光电夹工具、光电制造设备、塑料及其制品、数字照相机及关键件、复印机、无线电话、电子专用设备（含手机制造设备、半导体制造设备、LCD面板制造设备）、投影机、锡膏、液晶数字电视机、自动化接口设备、移动电话、多媒体电话、卫星导航定位接收设备、智能型电子玩具、汽车、家电及通讯等电子产品的锌、铝合金压铸及其加工零配件、多维立体眼镜、液晶一体销售终端电子收款机、打印机墨盒、新型环保节能灯具、袖珍式数据录放机器、安控产品、自动提款机、微型现金清分机、太阳能电池、太阳能电池组、智能穿戴产品、各类摄影摄像机及其附件、多媒体录制设备、多媒体播放器、自动售货机（包括钱币兑换机）、自动柜员机、太阳能发电装置、游戏机、游戏机外壳、虚拟现实产品外壳、软件产品、物联网电子软硬件、计算机软硬件、计算机系统集成、计算机网络技术、计算机网络软件、计算机应用软件、智慧移动服务设备、二类医疗器械及上述产品的同类产品兼其零组件、配件的生产；精密仪器、设备维修；钢板冲压、裁切加工。振荡雾化器的加工。以上经营范围不含卫星电视广播地面接收设施及关键件、导航电子地图编制、卫星传输服务等国家规定实施准入特别管理措施的项目，涉及备案许可资质的需取得相关证件后方可经营。,"https://www.zhaopin.com/jobdetail/CCL1491712110J40732942516.htm?refcode=4019&srccode=401901&preactionid=a7c1140f-c46c-45e5-b867-ab342d8bdc77"
1334,科研人员,嘉兴-南湖区,1.5-2万,浙江清华长三角研究院,学术/科研,100-299人,,CC140828040J40682244412,岗位职责：    大模型、3D视觉智能成像与检测、动态网络智能路由算法、智能机器人等应用智能技术研究。,10月29日,浙江清华长三角研究院是由浙江省人民政府与清华大学本着优势互补、共同发展的精神联合组建的研究机构，为实行企业化管理的事业单位。办院宗旨：以清华大学科技、人才为依托，立足浙江，面向长三角地区经济社会发展需求，以国务院批准实施《长江三角洲地区区域规划》为契机，大力开展科技创新、技术服务、人才培养和高新技术产业化工作，为更好地发挥清华大学服务社会职能，推动长三角地区经济社会发展方式转变，实现科学发展、和谐发展、率先发展作出积极贡献。办院方针：坚持科技研究，坚持产业发展。发展定位：省校合作的桥梁，人才培养的摇篮，科技创新的平台，成果转化的基地。发展模式：“政、产、学、研、金、介、用”七位一体——北斗七星论。院训：创新务实厚德奉献,"https://www.zhaopin.com/jobdetail/CC140828040J40682244412.htm?refcode=4019&srccode=401901&preactionid=a7c1140f-c46c-45e5-b867-ab342d8bdc77"
1335,Java,深圳-龙岗区,1.3-2.6万·16薪,外企德科数字技术有限公司,专业技术服务,10000人以上,,CCL1480117890J40608042105,1、学信网可查 统招本科及以上学历 2、扎实的编程能力，熟悉算法和数据结构； 3、熟练使用JAVA/C/C++/JS/GO/Python任意一种或多种编程语言； 4、具有较好沟通表达能力和团队精神，能积极应对工作并具有较好抗压能力 5、base地：深圳/成都/西安/北京/东莞/南京/杭州,2025-07-27 00:23:23,外企德科数字技术有限公司是一家2023年新成立的中外合资企业。成立于2023年11月24日，公司定位：专注于为信息技术企业提供人才及数字技术外包解决方案的中外合资企业。它是由中国人力资源服务行业的FESCO（北京国际人力资本集团）与全球人力资源服务领导者The Adecco Group（德科集团）合资成立的。公司主要提供网络技术服务、软件外包服务、计算机系统服务、技术进出口、软件开发等信息技术相关服务。专注于为信息技术企业提供信息技术类人才及数字技术外包解决方案。,"https://www.zhaopin.com/jobdetail/CCL1480117890J40608042105.htm?refcode=4019&srccode=401901&preactionid=a7c1140f-c46c-45e5-b867-ab342d8bdc77"
1336,科研人员,东莞-None,2.5-3万,大湾区大学(筹),"学校/学历教育,学校/学历教育",20-99人,不需要融资,CCL1368679040J40693621207,"【诚聘特任研究员】大湾区大学（筹）信息科学技术学院高原课题组招聘公告 （计划开展碳纤维增强复合材料的微波无损检测研究，欢迎有碳纤维制备和表征经验的同学申请） 课题组简介 高原，大湾区大学（筹）信息科学技术学院助理教授，独立PI。 博士期间，研究微波与毫米波技术在工业无损检测及医学诊断方面的应用，在IEEE权威期刊及会议发表论文十余篇，获得IEEE奖学金（仪器与测量学会）一项，会议论文奖（IEEE I2MTC，IEEE APS）多项。 博士毕业后，加入Apple从事电磁设计工作，对电磁技术的研究及产业落地有深刻理解。此外，曾两次获得IEEE Transactions on Instrumentation and Measurement杰出审稿人奖（Outstanding Reviewer Award）,受邀担任该期刊Associate Editor, 并获Outstanding Associate Editor（2021）奖项。 招聘信息 招聘岗位 根据课题组发展需要，招聘特任研究员2名。 岗位职责 1. 根据PI指导开展电磁成像与感知、微波无损检测、电磁兼容、及AI驱动的应用电磁技术等方向相关研究； 2. 完成相关科研项目的申报、实施与结题等工作，输出高质量论文等成果； 3. 协助PI完成实验室建设、设备采购维护、研究生培养等实验室管理工作。 任职条件 1. 具有或即将获得电气电子信息类专业博士学位，有以下经验优先考虑：电磁成像，微波工程与天线设计，与AI结合的应用电磁技术； 2. 具备良好的独立科研能力和创新能力，已有较好的科研学术成果； 3. 年龄不超过40周岁，身体健康状况良好，能够适应科研工作的要求； 4. 具备良好的学术道德和职业操守，追求上进，自驱力强，具有高度责任心、良好的沟通能力和团队合作精神。 薪酬待遇 1. 聘期3年。特任研究员A类综合年薪不低于35万元，特任研究员B类综合年薪不低于30万元。根据科研工作业绩表现，课题组提供相应的科研绩效奖励。 2. 除综合年薪外，学校高标准缴纳社会保险和住房公积金，发放租房补贴。  3. 支持申报东莞市特色人才，享受购房补贴、租房补贴、生活补助、科技成果转化贡献奖励、医疗保障、创业扶持、境外人才个人所得税优惠、优才卡服务等。 4. 工作地点松山湖科学城，享受带薪年假、健康体检和校内餐厅等福利待遇，学校按属地政策协助解决子女入园入学。 5. 聘期内表现优秀将积极推荐申请校内相关岗位。",12月5日,大湾区大学是由广东省人民政府管理、东莞市政府投入保障为主的公办普通高等学校，办学经费由东莞市财政全额供给。大湾区大学定位为以理工科为主的高水平新型研究型大学，重点聚焦物质科学、先进工程、生命科学、新一代信息技术、理学、金融管理等6个方向开展学科建设、人才培养和科学研究，拟开展本科生、硕士及博士研究生全日制学历教育，预计到2030年在校生将达1万人左右，本科生与研究生规模比例约1:1。大湾区大学按照“一校两区”建设，校园建设投资约100亿元，总占地面积约2356亩，总建筑面积约100万平方米。松山湖校区选址于松山湖高新区，已于今年1月工程设计招标，并于11月正式动工；滨海湾校区选址于东莞市滨海湾新区威远岛板块，滨海湾校区预计年底前启动校园规划和一期校园工程设计招标。,"https://www.zhaopin.com/jobdetail/CCL1368679040J40693621207.htm?refcode=4019&srccode=401901&preactionid=a7c1140f-c46c-45e5-b867-ab342d8bdc77"
1337,测试工程师,重庆-渝北区,2000-3000元,重庆艾博特科技有限公司,"互联网,云计算/大数据",20-99人,未融资,CC430249830J40535124509,工作职责： 1.负责测试移动云相关产品，其中包括功能测试、性能测试、冒烟测试等，不限于功能测试。 2.产品变更参与割据测试. 3.解决测试过程中遇到的测试问题。 岗位要求： （1）掌握常见性能测试工具如jmeter、postman等；以及云计算性能工具，如cosbench、vdbench等。 （2）熟练使用Linux命令，了解anisble运维工具并有实际使用经验。 （3）根据产品需求，结合测试经验库、业内协议等进行测试分析，输出测试方案和测试用例，指导测试执行活动。 （4）熟悉测试流程规范，测试经验总结分享，带动团队能力提升。 （5）有较强的学习能力和责任意识； （6）了解k8s、openstack、docker等相关技术优先考虑； （7）学历本科 学校或者家住江北或渝北区附近优先考虑 。 （8）软件、计算机、云计算等相关专业，有实习工作经验优先。 （9）在校学分绩点超过3.0。,7月23日,重庆艾博特科技有限公司成立于2016年，注册资金5000万元人民币，注册在重庆市万州区国家级经济技术开发区，公司致力于成为领先的通信工程、云计算和大数据运营服务提供商。公司现有员工52人，核心团队来自阿尔卡特朗讯、华为、中国移动等跨国企业，均有10年以上的行业经验，在通讯网络和大数据运营等方面各有专攻及建树，保证了公司在国际化视野、产品研发方向、市场开拓能力及资源整合能力等方面领先于同行从业者；技术团队现有博士2名、硕士5名，本科数十名，他们拥有丰富的通信工程和信息系统开发、集成工作经验，具有较高的技术水平，注重技术创新；同时，公司与重庆大学、重庆邮电大学建立了良好的校企合作关系，积极推动产学研一体化发展，也为企业的技术储备和可持续发展提供了坚实基础，。公司自成立以来，已同中国移动、中国电信、中国电科、中通建、直真科技、中盈优创等国内一流的电信运营商、大型IT企业建立了紧密的合作关系，在工程服务、云计算和大数据运营领域展开合作，成绩斐然。公司视质量为第一生命，形成了一套完整的质量保证体系，几年来公司为客户提供了一流的解决方案和服务，得到了客户的一致好评。,"https://www.zhaopin.com/jobdetail/CC430249830J40535124509.htm?refcode=4019&srccode=401901&preactionid=a7c1140f-c46c-45e5-b867-ab342d8bdc77"
1338,硬件测试,北京-朝阳区,6000-8000元,北京默凯斯威能源技术有限公司,"石油/石化,计算机软件,学术/科研",20-99人,未融资,CC251507730J40738071803,岗位职责：,2月13日,北京默凯斯威（Moxwe）能源技术有限公司成立于2013年6月，依托国外资深成员在石油勘探、开发等领域积累的技术成果，在国内进行核心技术推广、产品研发与产业化，是一家为石油及天然气工业提供高端技术研究和技术咨询服务的企业。北京默凯斯威的技术核心由多位有着资深教育背景和丰富国际化从业经历的博士、硕士组成。他们均有十年以上国内外大公司的工作经验或著名大学的科研教学经历，具有突出的技术及产品研发能力。同时，默凯斯威与美国新墨西哥州大学（University of New Mexico）在技术咨询、技术攻关等方面建立了长期的合作；并代理了国外石油技术公司在钻井、测井、油藏工程等领域上的多款专业软件。特别地，默凯斯威与一批曾从业于斯伦贝谢、贝克休斯、哈里伯顿等国际石油技术公司高端人才与专家建立了多种形式的合作关系，所掌握的技术覆盖地震反演解释、测井解释、油藏数值模拟、随钻测井技术等多个领域技术，能为公司提供高端技术支持。目前，公司在国内与中海油田服务股份有限公司就“泥浆正脉冲遥测技术”、“NMR测井技术”等领域有过深度合作；与中石油勘探开发研究院就“机械采油技术”、“油气田开发风险评估技术”等承担过项目合作。并获得对方好评。公司的核心软件产品《MxwLog》已推出首个版本，该软件为面向高端测井解释软件，为公司自主研发。公司实行人性化管理，提供创新、活跃的工作环境。如果您能力超群、渴望施展才华，这里是您的平台；如果您勤奋诚恳、渴望实现梦想，这里一定是您的平台；我们期待有渴望创业，有梦想的有识之士共同加盟。我们坚信在与公司共同发展成长的过程中，默凯斯威能为您提供一个极佳的职业发展平台。公司积极制定符合员工发展的人力资源机制，提供以下系列政策： 1.公司前景好，能为员工提供广阔的发展平台和职位晋升空间； 2.提供有针对性的员工培训，注重提升个人能力和素质； 3.提供有竞争性的薪酬待遇，并实行按劳取酬； 4.员工享受国家规定的法定休息日，各类带薪休假，加班补贴，各项津贴、补助； 5.社保福利方面，员工享受国家福利保险，享受公司为员工提供的生日礼品、体育活动、舒适的办公环境等。公司地址：北京市朝阳区建国路15号院北岸1292，华文国际传媒大厦B座435室人力资源联系邮箱：hr@moxwe.com,"https://www.zhaopin.com/jobdetail/CC251507730J40738071803.htm?refcode=4019&srccode=401901&preactionid=a7c1140f-c46c-45e5-b867-ab342d8bdc77"
1339,软件测试,杭州-拱墅区,1.3-1.4万,杭州天听优化科技有限公司,互联网,20人以下,,CCL1504915140J40812760903,岗位内容： 1. 设计和执行测试用例，并记录测试结果。 2. 分析并报告软件缺陷，包括重现步骤、缺陷严重程度和影响范围。 3. 参与产品设计过程，提供测试建议和反馈。 4. 开发自动化测试脚本和工具。 5. 执行性能和负载测试的任务。 任职要求： 1. 具有本科以上学历，计算机科学或相关领域优先。 2. 熟悉测试方法论和流程，能够编写高质量的测试用例。 3. 熟练使用至少一种自动化测试框架和脚本语言（如Selenium、Python、Robot Framework）。 4. 了解软件开发周期和敏捷开发流程。 5. 优秀的沟通和协作能力，能够与跨部门的团队成员合作。,7月21日,,"https://www.zhaopin.com/jobdetail/CCL1504915140J40812760903.htm?refcode=4019&srccode=401901&preactionid=a7c1140f-c46c-45e5-b867-ab342d8bdc77"
1340,实施工程师,北京-朝阳区,9000-13000元·15薪,百融云创,"IT服务,互联网",500-999人,已上市,CC681448020J40816141108,岗位职责： 1、售前阶段，辅助商务解答客户技术问题，介绍对接流程； 2、负责技术支持，与客户方技术人员沟通，推动实施部署工作； 3、负责产品实施过程中的疑问解答和问题处理，指导客户的对接工作； 4、产品上线后，负责对客户信息实时跟踪，及时发现问题并跟进解决； 5、负责重点客户主动管理，收集客户需求和反馈，推动产品优化以提升客户体验，增强客户粘性。 任职要求： 1、统招本科，计算机相关专业； 2、了解java技术以及json相关知识； 3、掌握一定的网络知识，有一定的网络故障判断能力； 4、逻辑思维清晰，具有良好的文字及语言表达能力，优秀的团队合作精神； 5、有良好的沟通能力和客户服务意识，有很强的工作主动性和责任心。,6月19日,百融云创（股票代码：6608.HK）成立于2014年3月，2021年3月在香港联合交易所主板成功上市。作为AI云服务商，百融云创深耕NLP、隐私计算、机器学习和云计算等前沿科技，打造了决策式AI和生成式AI两类相辅相成的AI技术方案，并提出MaaS（模型即服务）+BaaS（业务即服务）的服务模式，推动AI在垂直行业的普惠化发展。百融云创致力于将决策式AI和生成式AI深度嵌入到垂直行业的全流程之中，通过云+本地化部署的方式，为垂直行业提供决策层能力提升，以及业务层客户交互的全体系服务。百融云创通过决策式AI和生成式AI串联起垂直行业、场景和客户，将AI能力从中间作业环节延伸至最终效果环节，让AI在垂直行业变得可用、可见、可感知。作为中国数智化转型浪潮重要的见证者和建设者，百融云创基于长期对行业的理解和洞察，沉淀下深厚的行业KnowHow。百融云创将行业KnowHow与AI技术进行有机结合，重点围绕提升决策分析能力、提升资产运营效率两大主线，帮助垂直行业完成数智化发展，实现全面赋能。客户覆盖六大国有银行、十二家全国性股份制银行、上千家城市商业银行和农村商业银行、汽车金融公司、保险公司等超7000家金融机构。未来，百融云创将持续探索决策式AI和生成式AI，助力垂直行业的数智化转型，构建行业生态。,"https://www.zhaopin.com/jobdetail/CC681448020J40816141108.htm?refcode=4019&srccode=401901&preactionid=a7c1140f-c46c-45e5-b867-ab342d8bdc77"
1341,Java,长沙-岳麓区,1-1.4万,上海剑愚机电设备有限公司,"电气机械/电力设备,电子商务",20-99人,未融资,CCL1477023530J40832014415,岗位内容： 1. 负责公司所需的Java应用程序的设计与开发，包括需求分析、系统设计、编码和测试等环节。 2. 研究新技术，不断提升开发效率和程序性能。 3. 改进现有系统、优化系统资源，提高系统稳定性和可靠性。 ,6月25日,上海剑愚机电设备工程有限公司2023年11月成立于上海嘉定菊园科技园区，是一家从事机械机电工程咨询、设计、销售、安装、维修、保养及配件销售为一体的企业。公司正招集优秀的管理、营销、及技术人才，同时打造一支实战经验丰富的项目管理及售后服务队伍。公司立志为广大客户提供全方位高水准的优质服务，在同行内树立良好的企业形象。,"https://www.zhaopin.com/jobdetail/CCL1477023530J40832014415.htm?refcode=4019&srccode=401901&preactionid=a7c1140f-c46c-45e5-b867-ab342d8bdc77"
1342,软件测试,新乡-原阳县,1000元以下,新乡市创新投资有限公司,"房地产开发,证券/期货",100-299人,未融资,CC475552730J40643723816,此岗位为测试账号使用，请勿投递简历。,7月15日,新乡市创新投资有限公司（以下简称“新乡创投公司”），是2017年1月经新乡市人民政府批准成立的国有独资公司，隶属于新乡市平原示范区管委会，注册资本58950万元，资产总额约38.63亿元，公司本部下设“九部一室”，下属全资、控股子公司12家，参股子公司11家，业务范围涉及园区开发与运营、投资基金、融资担保、人力服务、物业管理、成品油供应等板块，构建“产业载体建设、产业运营支撑、城市综合服务”三大业务体系。自成立以来，新乡创投公司全面落实党工委、管委会决策部署，以“壮大主导产业、助力招商引资、运营国有资本”的功能定位和“深耕产业，笃行致远”的使命担当，践行高质量发展理念，坚定不移做强做优做大国有资本，先后荣获河南省建筑工程质量标准化示范工地、河南省建筑工程安全文明标准化示范工地，市五一劳动奖状、市基层工会规范化建设示范点、市建设工程造价管理行业先进单位、市十面红旗单位等多项荣誉。新乡创投公司将紧扣产业发展主题，坚持廉洁、规范、高效、实干的行为要求，做大平台、拓展经营、提升水平，加快平原示范区示范区产业载体建设，完善金融环境，引导产业发展，逐步发展成为集产业片区开发、招商、运营、服务为一体的集团化公司。,"https://www.zhaopin.com/jobdetail/CC475552730J40643723816.htm?refcode=4019&srccode=401901&preactionid=a7c1140f-c46c-45e5-b867-ab342d8bdc77"
1343,实施工程师,北京-海淀区,1-2万,北京大地信合信息技术有限公司,"船舶/航空/航天/火车制造,电子/半导体/集成电路,计算机硬件,计算机软件",100-299人,未融资,CC327128310J40349371408,岗位职责：   ,2月13日,公司致力于通讯、测量、及控制技术的长期发展，提供基于标准化及单一客户---单一产品的设计，提供高性能、高可靠性和可扩展性的CompactPCI/ATCA、VME/VXS/VPX、VXI、PXI等总线产品，通过直接向客户提供符合行业标准技术的产品和服务，并成为最佳的合作伙伴。服务于客户是我们的宗旨和存在的唯一理由。不管是提供设备给集成商，还是探索一项新的技术，开发一项新的产品，不管是与客户交流、沟通，还是优化内部工作流程，大地信合科技总是不断的回到最根本的问题---客户的需求是什么？关注客户需求，是大地信合科技服务的起点，满足客户需求，是大地信合科技服务的目标，对大地信合科技来说，通过服务为客户创造价值，永远是第一位！同样重要的还有，通过快速反应、精益生产、专业服务，实现产品性能和价值最大化，同时将费用和复杂性降到最低；通过与战略合作伙伴的协作----大地信合科技有全面的、完善的、强大的支援系统全面配合，达到质与量的有效保证。我们的成功首先是基于客户的成功，我们把工作定义为有远见的方案，成效和信任的循环！以高科技、高质量定位为根本，以创新发展为原则，成为集方案、服务及软硬件一体的综合服务商，成为服务的、高科技的、国际化的产品供应商，成为令人信赖的优良企业，是大地信合科技的最大心愿！核心价值：科技创新、服务至上、持续改革、成长与分享理念：我们的成功首先是基于客户的成功，我们把工作定义为有远见的方案，成效和信任的循环！任务：通过专业服务创造双赢，成为电子器件、各种装置和整体解决方案的领先供应商,"https://www.zhaopin.com/jobdetail/CC327128310J40349371408.htm?refcode=4019&srccode=401901&preactionid=a7c1140f-c46c-45e5-b867-ab342d8bdc77"
1344,硬件测试,北京-海淀区,150-200元/天,上海更卓电子科技有限公司,"计算机硬件,计算机硬件,IT服务,电子/半导体/集成电路",100-299人,不需要融资,CC531255280J40773791507,主要工作内容 ：驻客户研发部门/生产部门 ，硬盘和内存测试及故障分析等。 招聘要求： 1.大专及以上学历，计算机、电子及相关专业 2.熟悉windows、Linux操作系统 3.具备一般的英语水平、能看得懂英文专业文件及日常邮件交流。 4.能服从安排，适应临时性出差。 5.能吃苦耐劳，品行端正。 6.应届生或者实习生都可以。,7月15日,更卓电子总部位于上海，专注于电子产品零部件检验检测服务，计算产品及相关测试技术服务.公司有着优秀的管理团队，十年的行业经验，合作于众多世界五百强企业！于上海，北京，深圳，重庆成都等全国各大城市有技术服务和常驻点欢迎有志于获得成功朋友加入我们！我们的成功有赖于优秀的你的加入！,"https://www.zhaopin.com/jobdetail/CC531255280J40773791507.htm?refcode=4019&srccode=401901&preactionid=a7c1140f-c46c-45e5-b867-ab342d8bdc77"
1345,Java,深圳-宝安区,1.6-1.7万,赟一(上海)贸易有限公司,零售/批发,20-99人,,CCL1387100370J40761605912,岗位内容： 1. 设计、开发并维护Java应用程序。 2. 解决各种技术难题，保证代码的可靠性、高效性和安全性。 3. 参与软件设计的讨论和计划制定。 4. 与其他团队成员协作工作，提高团队整体技术水平。 任职要求： 1. 熟悉Java语言及相关技术，熟悉Spring框架。 2. 具有扎实的编程基础和良好的面向对象编程思想。 3. 对常见数据库如MySQL、Oracle等有一定的了解和应用经验。 4. 对Web开发技术有深入理解，熟悉前端技术如HTML、CSS、JavaScript等。,4月11日,,"https://www.zhaopin.com/jobdetail/CCL1387100370J40761605912.htm?refcode=4019&srccode=401901&preactionid=a7c1140f-c46c-45e5-b867-ab342d8bdc77"
1346,软件测试,重庆-涪陵区,7000-10000元,重庆科满福人力资源服务有限公司,企业服务,20-99人,,CCL1487604860J40925802904,【岗位职责】： 1、软件测试岗位职责  2、接受测试任务，进行需求分析 3、按照测试计划搭建测试环境，并保证测试环境的可靠性 4、按照测试计划编亏测试用例，保证测试用例合理有效 5、按照测试用例执行测试，及时发现缺陷，并使用工具进行管理缺陷 6、编写和提交测试报告，保证测试进度按计划完成 7、参与审核其他测试工程师的测试用例和报告 8、学习公司已有方案和推广使用新的测试技术和工具,6月28日,,"https://www.zhaopin.com/jobdetail/CCL1487604860J40925802904.htm?refcode=4019&srccode=401901&preactionid=a7c1140f-c46c-45e5-b867-ab342d8bdc77"
1347,实施工程师,南昌-红谷滩区,4000-8000元,江西潮极网络科技有限公司,电子商务,20-99人,未融资,CCL1506794640J40768608610,1. 有系统运维或者系统管理经验，如：呼叫系统OKCC或VOS3000会更好 2. 具备数据分析能力，有具体的工具使用经验会更好 3. 熟练使用excel表格以及处理和维护日常文档 4. 需要有较强的执行力 5. 具备一定的开发能力，能搭建数据库和后端Api开发（加分项） 6. 具备一定的自动化脚本编写能力（加分项）  7.不用外出，上班地点南昌,7月24日,江西潮极网络科技有限公司成立于2025年，位于南昌，是一家专注于网络技术服务，互联网销售的企业。依托一支由20余名年轻有活力的销售团队，公司已服务超过500家企业，致力于开发服务更多的企业，共创美好蓝图！,"https://www.zhaopin.com/jobdetail/CCL1506794640J40768608610.htm?refcode=4019&srccode=401901&preactionid=a7c1140f-c46c-45e5-b867-ab342d8bdc77"
1348,Java,上海-浦东新区,1.5-3万·14薪,外企德科数字技术有限公司,专业技术服务,10000人以上,,CCL1480117890J40609318505,工作岗位：,2025-07-27 00:23:23,外企德科数字技术有限公司是一家2023年新成立的中外合资企业。成立于2023年11月24日，公司定位：专注于为信息技术企业提供人才及数字技术外包解决方案的中外合资企业。它是由中国人力资源服务行业的FESCO（北京国际人力资本集团）与全球人力资源服务领导者The Adecco Group（德科集团）合资成立的。公司主要提供网络技术服务、软件外包服务、计算机系统服务、技术进出口、软件开发等信息技术相关服务。专注于为信息技术企业提供信息技术类人才及数字技术外包解决方案。,"https://www.zhaopin.com/jobdetail/CCL1480117890J40609318505.htm?refcode=4019&srccode=401901&preactionid=a7c1140f-c46c-45e5-b867-ab342d8bdc77"
1349,前端开发,鞍山-铁东区,6000-12000元,鞍山恒泰电气有限公司,仪器仪表制造,100-299人,,CC404786020J40510705602,岗位描述：  1. 业务需求系统分析，提出技术研究及可行性报告，有效地将用户的需求转化为需求规格说明书。 2. 能够针对用户需求，并结合自己的项目经验为客户进行系统架构设计，包括系统逻辑架构、业务架构、应用架构和软件技术选型等。 3. 结合需求设计高扩展性、高性能、安全、稳定、可靠的技术系统 。 4. 制定应用系统规划和整体解决方案;控制软件开发的工作进度和质量。 5. 项目概要设计、详细设计、开发计划等的编制并实施。 6. 负责与最终用户的进行架构层面和软件开发落地的沟通和交流。 任职条件: 1. 5年以上的工作经验，至少3年以上的电子元器件或仪器仪表类产品的架构经验; 2. 精通熟悉linux、Java平台下高性能、高可用性、高可拓展性网站架构设计模式。会AE、C4D优先考虑 ; 3. 精通缓存技术，网站优化，服务器优化，集群技术处理、网站负载均衡、系统性能调优等软件编程高级技术。 4.良好的软件工程知识，有质量意识和过程控制意识。 5. 良好的逻辑思维能力，熟悉业务抽象和数据模型设计，具有很强的分析问题和解决问题的能力，对解决具有挑战性问题充满激情。 6. 知识面广，思路开阔，创新能力强，对新技术持有敏感性并愿意致力于新技术的探索和研究。 7. 良好的沟通能力和团队合作精神，责任心强。,7月17日,"悟：时机+平台+能力=成功我们只请这类人：志同道合，有大梦，爱奋斗—更富足。高增值平台，富足的财力，金子般的市场（就等你）。经理赠言：财散人聚！和谐是核心，创富必创新，爱拼才会赢，格局得结局。2004年—2009年:平稳发展；2009年—2015年:加速发展；2015年—2020年:高效益，高速发展。2004年成立至今，公司一直在提速！2019年再次扩大规模，鞍山1700㎡办公场地，拥有员工86名，深圳2800㎡办公场地，足够年轻人施展才华的舞台!鞍山/深圳双通道工作晋升空间，坐落在辽宁省鞍山市，广东省深圳市设分公司，引入一线发达城市的优秀理念和强有力的技术支撑，为愿意去一线城市打拼的奋斗者提供双向就业选择。产业性质——高新技术型。客户群体——国家电网、南方电网、发电厂、铁路局、通信公司等具有开发潜力的超级市场。产品优势——电力行业自动化仪器仪表，多个国内项目首创，实现多个国内第一，多项专利，高技术含量，高利润回报。多次获得省科技进步奖，系列产品被列入国家电网公司产品推广计划，曾参与起草国家能源局2017年行业标准及参与制定国家电网公司2017年的企业执行标准。销售网络——遍及全国，同类产品市场占有率处于国内领先地位。企业目标——纵观2004年成立至今的销售数据，结合公司高层领导未来五年战略布局，力争做到同行业中的冠军企业。企业简介：鞍山恒泰电气有限公司始创于2004年2月，总部位于著名的“钢都”鞍山市高新技术开发区，并在深圳福田区和宝安区设有分公司。公司主要是从事电力系统的仪器仪表，电力测量设备研发、生产、销售和服务为一体的高新技术企业。恒泰公司也将以“人尽其才，才尽其用，共同发展，贡献成功”的人才理念为指导，吸引更多人才加入恒泰公司。宽阔的人才培训与发展空间——公司针对员工提供“技术+管理”双通道的职业发展路径、“能者上，庸者下”的用人机制以及内部竞聘转岗机会，更有众多内部、外部讲师团提供各种培训。优厚的薪资福利体系——奖金、通勤车、员工宿舍、福利食堂、通讯补助、节日福利、员工旅游、员工聚餐、定期体检、带薪年假、生日福利、短期学习机会、优秀员工配车等。未来，恒泰公司将以可持续的高效运营和快速增长的态势，矢志成为中国领先的电力仪器仪表行业领军者，打造恒泰的百年伟业。优福利：1、一个高速发展的平台；2、公司秉承“人尽其才，才尽其用，共同发展，贡献成功”的理念，注重人才的培育及成长，提供一个互学互助、共同提高的良好工作氛围和公司文化；3、我们为您提供极具竞争力的薪酬：项目奖、年终奖、每年固定调薪；4、晋升空间，公司处于高速发展阶段，迫切需要各类优秀的人员，如果你够优秀，必能体现你的个人价值，实现你的愿景；5、上班时间是8:00-12:00,13:00-17:00，享受国家法定节假日；6、五险；7、正式工作满一年以上的员工按标准带薪年假；8、员工借车：员工个人休息日或有客人和亲属到访，节假日外出旅游，公司无偿借与车辆使用，若有重大事情免费借予豪车使用。员工春节探亲公司将无偿借予车辆使用（以上借车需经申请以及批准）；9、公司设有工会：骨干人员及特殊员工因个人家庭等特殊情况需要资金公司视情况给予十万之内中短期（一至二年）的低息或无息借款，其他员工等提供两万之内短期的低息或无息贷款（一年以内）；10、每位员工均享有带薪年假、婚假、产假、陪产假、有薪病假、丧假等；11、公司设有活动经费、季度员工聚餐、全勤奖、绩效奖、优秀员工奖；12、过节福利：各类节日均有慰问金等补贴；13、部门定期组织爬山、周边旅游、聚餐等丰富多彩的员工活动；14、培训机会：根据个人表现和职位需要，参加外部培训，提升职业技能；15、住房福利：公司为外地员工免费提供宿舍（空调，电视，热水器，饮水机等配置齐全）；16、餐饮福利：提供午餐、加班餐（包含水果）；17、工作四年以上的部门骨干及特殊贡献的员工经公司考核评比后奖励一辆五万到二十五万的小汽车；18、交通福利：市内免费通勤车，对于员工相对集中区域，公司提供专车上下班（个人应有驾照）；19、公司每年免费提供体检项目；","https://www.zhaopin.com/jobdetail/CC404786020J40510705602.htm?refcode=4019&srccode=401901&preactionid=a7c1140f-c46c-45e5-b867-ab342d8bdc77"
1350,Java,济南-历城区,6000-8000元·13薪,山东顺漾信息科技有限公司,计算机软件,20-99人,,CCL1507316520J40934700604,岗位内容： 1. 开发高质量的Java应用程序，保证代码的可读性、可维护性、可扩展性和性能。 2. 参与需求分析、系统设计和开发计划的制定。 3. 能够快速识别问题并提供有效的解决方案。 4. 与产品和测试团队紧密合作，确保产品质量符合用户期望。 任职要求： 1. 精通Java编程语言和Spring框架，有大型项目开发经验。 2. 拥有扎实的计算机基础，熟练掌握面向对象编程思想和设计模式。 3. 熟练使用常见的Web容器和数据库（如Tomcat、MySQL）。 4. 熟悉敏捷开发流程，具备优秀的沟通和协调能力。,7月23日,,"https://www.zhaopin.com/jobdetail/CCL1507316520J40934700604.htm?refcode=4019&srccode=401901&preactionid=a7c1140f-c46c-45e5-b867-ab342d8bdc77"
1351,软件测试,成都-金牛区,8000-15000元·13薪,北京赛迪软件测评工程技术中心有限公司,"计算机软件,IT服务",100-299人,未融资,CC308440780J40615076508,初级/中级软件测试工程师 岗位职责： 1、负责软件测试工作开展，包含配置项测试和系统测试； 2、协助制定测试计划，建立、维护测试工作的相关文档（测试计划、测试说明、测试报告等）； 3、搭建测试环境，编写测试用例并执行测试用例，提交测试报告； 4、跟踪bug状态，执行回归测试； 5、领导安排的其他工作 任职条件： 1、本科及以上学历，计算机、通信工程等相关专业等； 2、熟悉测试流程，能根据需求文档或者设计文档，编写测试计划、测试用例，执行测试用例； 3、有软件测试经验，熟悉C/C++、嵌入式软件测试或开发经验优先； 4、工作态度端正，有上进心，熟悉测试相关工具，熟练使用office办公工具； 5、具有保密意识； 6、有较强的学习能力和主动性，能胜任高强度的工作，能够适应一定强度的出差； 7、中级软件测试工程师5年以上工作经历。 （1.熟悉安全攻防技术，熟练掌握各种安全工具，如：wvs、Burp Suite、nmap、sqlmap、metasploit； 2. 熟悉常见的WEB漏洞的原理、攻击方法和修复方法，如sql注入、xss、文件上传、文件包含、命令执行、越权等漏洞；有SRC平台提交漏洞记录者优先； 3. 熟悉常见组件、应用、 中间件安全漏洞的原理、利用方式，如Tomcat、Nginx、Weblogic、Jboss、Struts2、Java反序列化等 4. 熟悉常见操作系统及中间件等安全检测与安全加固，如：Apache、Nginx、IIS、Tomcat；）以上要求优先。 职位福利：五险一金、补充医疗保险、绩效奖金、采暖补贴、定期体检、节日福利,7月21日,中国软件评测中心（以下简称“中国评测”）成立于1990年，是工业和信息化部直属的国家一级科研事业单位。在测试领域，中国评测首家获得中国实验室国家认可委员会实验室认可资质，迄今已完成万余款软硬件产品和数千项信息系统工程项目测试，是国内最具权威性的国家级软硬件产品和信息系统测试实验室。在认证领域，早在1999年即获得原信息产业部授权，开展计算机信息系统集成资质认证，2003年开展双模型认证服务，是国内最早开展认证服务的权威机构。在监理领域，中国评测是首家信息系统工程监理试点单位并首批获得信息系统工程监理部级资质。在国家重大电子政务工程中，已承担“一网、一站、一库、九金工程”项目监理，成为业界领军企业。在评估领域，率先研究制定政府网站绩效评估指标体系，并连续8年开展中国政府网站绩效评估工作。,"https://www.zhaopin.com/jobdetail/CC308440780J40615076508.htm?refcode=4019&srccode=401901&preactionid=a7c1140f-c46c-45e5-b867-ab342d8bdc77"
1352,实施工程师,北京-海淀区,1-1.6万,北京嘉贺恒德科技有限责任公司,"贸易/进出口,金属制品业,仪器仪表制造,电子/半导体/集成电路",100-299人,未融资,CC265464610J40825961408,岗位职责： 1、负责红外相关产品的售前售后技术支持工作； 2、负责协助项目负责人处理询单、订单工作； 3、负责协助项目负责人进行项目对接工作； 4、负责项目负责人安排的其他工作。 任职要求： 1、本科以上学历、俄语、光学类、物理类、集成电路、通信工程、电子信息工程等专业优先考虑； 2、形象好，擅长人际交往、沟通表达能力优秀，做事心细； 3、学习能力强、抗压能力强优先。,7月24日,嘉贺恒德科技有限责任公司是一家以激光配件为核心的中欧贸易公司，总公司位于北京海淀区。我司经营范围：机械加工、半导体激光器、激光晶体、光学镜片、测试仪器、CO2激光管、冷水机、光学支架、平台等光学配件。,"https://www.zhaopin.com/jobdetail/CC265464610J40825961408.htm?refcode=4019&srccode=401901&preactionid=a7c1140f-c46c-45e5-b867-ab342d8bdc77"
1353,实施工程师,广州-黄埔区,110-120元/天,四创科技有限公司,"计算机软件,互联网,IT服务",500-999人,不需要融资,CC120357980J40797849905,,2025年07月30日,四创科技有限公司（下称“四创科技”）成立于2001年1月19日，是福建省电子信息集团下属的国有控股企业，总部位于福建省福州市，在全国拥有4家子公司、17家分公司和办事处，现有员工600余人。四创科技秉承“为减灾兴利提供服务”的核心使命，坚持“质量到位+服务到位+感情到位=效益到位（三位换一位）”的经营理念，构建了以解决方案为主体，以信息服务、运营服务为两翼的减灾兴利信息服务生态圈，为水利水务、应急管理、生态环境、自然资源、农业农村等五大行业提供信息化全面解决方案和信息服务。截至2022年底，公司业务已覆盖全国27个省（自治区、直辖市）、2100多个市、县、乡（镇），市场占有率全国领先。四创科技以信息服务民生，以应用创造价值，全力推进减灾兴利事业体系化与信息化建设，让每一级政府都使用我们的系统指挥决策，让每一家企业都通过我们的平台减灾兴利，让每一位公民都成为防灾减灾信息的提供者和受益者！薪酬福利：多元薪资体系：绩效奖金、年终奖金、总经理特别奖、总裁特别奖等各类福利保障：六险一金、7.5H/天工作制、双休、节日礼金、带薪年假、国家法定节假日、员工餐厅、员工宿舍、年度体检、各类津贴补贴自由发展空间：1V1师徒制、开放性学习平台、岗前培训、素质训练、专题培训、专项学习基金、参与多类市场项目、管理与专业双通道发展特色文化活动：四创创新节、女神节、企业开放日、司龄徽章、海豚荣耀卡、年度优秀员工评比、优秀团队荣誉丰富休闲活动：各式俱乐部（篮球、羽毛球、乒乓球、跑步）、免费健身房、静心阅览室,"https://www.zhaopin.com/jobdetail/CC120357980J40797849905.htm?refcode=4019&srccode=401901&preactionid=a7c1140f-c46c-45e5-b867-ab342d8bdc77"
1354,实施工程师,防城港-港口区,8000-16000元,青岛安然物联网科技有限公司,"物联网,物联网",20-99人,未融资,CC559764920J40884195104,岗位职责： 1. 负责石化、化工厂人员定位系统的现场实施、现场交付和技术赋能等工作。 2. 对接客户需求，进行需求调研，制定详细的施工方案和计划。 3. 确保项目按照既定的时间节点和质量要求完成交付。 4. 对已交付的项目进行后期技术支持与维护。 岗位要求： 1. 年龄在25-35岁之间。 2. 能够适应经常出差的工作要求。 3. 熟悉信息化、弱电及工业互联网相关技术。 4. 具备良好的沟通协调能力和问题解决能力。,7月24日,基于精准人员定位的工业安全生产信息化管理专家，安全生产信息化管理引领者！作为全国实时定位技术标准工作组成员和应急管理部“工业互联网+危化安全生产”人员定位系统技术支持机构，安然从2012年起致力于基于ZigBee Plus三维立体按需精准定位的“工业互联网+安全生产”的研究，获得了20多项安全智能管控系统发明专利和著作权，持续引领中国化工行业生产现场智慧安全！安然以“准、稳、狠”的ZigBee Plus三维立体按需精准人员定位统和“底数清、数据准、情况明、研判准、措施实”的安全生产信息化平台为核心，整合访客管理、出入口控制、人脸识别、视频监控、语音广播、重大危险源监控、可燃有毒气体监测等系统，对生产现场人、机、料、法、环五大要素进行实时、动态、智能管控和预警，规范人的安全行为，保障人的生命安全，有效防范风险、主动化解风险，实现智慧安全。安然“以用为本”，把安全生产信息化建设与公司管理体系“深度融合”，把安全生产信息化建设与日常工作“紧密结合”，对安全生产切实“有用、实用、好用”，避免建用“两张皮”，让安全管控更智能，让生产更高效才实用。迄今已服务中石化、中石油、延长石油、国能、兖矿、京能、索普、新安、奇美、昊源、潞安、旭阳、垦利、逸盛、海科、酒钢、金发等几百家石化、化工、选煤、钢铁、电厂企业。安然以客户为中心，以强者为本，抬头乐干，愿意与同道中人联合、链接，携手共建、共用、共享生产安全命运共同体，一起干，一起干，让优秀企业更安全，让优秀企业更高效！,"https://www.zhaopin.com/jobdetail/CC559764920J40884195104.htm?refcode=4019&srccode=401901&preactionid=a7c1140f-c46c-45e5-b867-ab342d8bdc77"
1355,软件测试,郑州-中原区,8000-11000元,石家庄鸣迅信息技术有限公司,企业服务,20-99人,,CCL1499764550J40901504804,岗位职责： 1.协助完成产品功能测试； 2.依据需求文档设计并编写测试用例； 3.搭建和维护测试环境； 4.执行测试用例，反馈跟踪产品bug； 5.编写测试报告。 任职要求： 1.大专及以上学历，计算机类相关专业，有良好的逻辑思维能力，有测试实习经验尤佳； 2.熟悉软件测试理论和方法，熟悉功能测试用例的设计方法； 3.对软件测试工作有浓厚兴趣，善于发现问题、分析问题、定位问题的能力； 4.具备较强的学习能力，工作细致认真，有耐心，责任心强； 5.抗压能力强，能适应短时间的调动出差等。,4月17日,,"https://www.zhaopin.com/jobdetail/CCL1499764550J40901504804.htm?refcode=4019&srccode=401901&preactionid=a7c1140f-c46c-45e5-b867-ab342d8bdc77"
1356,测试工程师,上海-嘉定区,1-1.4万·14薪,法雷奥照明湖北技术中心有限公司,"汽车研发/制造,汽车零部件",10000人以上,不需要融资,CC201447320J40763325807,职位需求： - 解读客户测试要求，编制产品相关测试计划，编写设备测试程序，定义实验设备工装夹具，给予项目或研发相关测试建议 - 熟练使用各类测试仪器，如耐久、高温等；按照测试计划，完成日常测试、项目测试以及年度测试，准确填写原始记录，确保项目测试按时完成 - 协助相关部门对产品相关问题的分析，如售后件等，以及委外实验相关工作等 - 实验室仪器设备操作和维护任职需求：  -统招大专或以上学历，理工类如机械，材料，车辆等专业  - 英语书面读写熟练，口语能简单沟通  - 3年及以上汽车零配件测试验证相关工作经验，有塑料件、电子件等相关经验优先  - 有较强的学习能力、工作敬业，具备良好的沟通能力和协调能力,6月13日,Valeo法国法雷奥集团是一家独立的工业集团，专注于汽车行业的汽车零部件、集成系统和模块的设计、生产和销售，致力于减少二氧化碳排放。作为世界顶尖汽车零部件供应商，法雷奥集团在全球31个国家内共拥有184个工厂、64个研究开发中心，103300名员工。2021，法雷奥全球销售额达173亿欧元，55%订单来自于创新产品。法雷奥集团照明系统中国分部法雷奥集团照明系统中国分部（湖北法雷奥车灯有限公司）是法雷奥的100%独资企业，公司成立于1995年，坐落于武汉经济技术开发区，主要生产汽车灯具，与国内众多整车厂家如神龙公司，一汽大众，天津丰田，东风日产，上海大众，南京福特，北京奔驰，吉利，郑州日产等保持着良好的合作关系。法雷奥照明系统中国技术中心——法雷奥于2003年底在中国武汉独资设立了一个引领全球车灯潮流，凝聚最新尖端科技的研发设计中心（法雷奥照明湖北技术中心有限公司），中心的研发成果应用于世界各大知名汽车品牌。法雷奥舒适及驾驶辅助系统（Comfort& Driving Assistance，简称CDA）武汉技术中心——专业研究与开发超声波倒车雷达系统、自动泊车系统、雨量光线温湿度传感器系统，毫米波雷达系统、全景摄像头系统、车辆互联系统、智能无钥匙进入和启动系统、控制面板、汽车开关系统、扭矩传感器以及自动转向开关系统等相关产品和零部件。全球技术研发中心（武汉）（（Group Technical Center，简称GTC）成立于2017年3月，是以汽车电子设计为主，为全球法雷奥提供核心技术解决方案与项目支持的高端电子研发中心，总部设于深圳。,"https://www.zhaopin.com/jobdetail/CC201447320J40763325807.htm?refcode=4019&srccode=401901&preactionid=a7c1140f-c46c-45e5-b867-ab342d8bdc77"
1357,C/C++,成都-武侯区,5000-8000元,成都零夏八度科技有限公司,"IT服务,计算机软件",20-99人,不需要融资,CCL1470276410J40934471704,主要职责： 1. 负责开发和维护公司C++服务器端应用，包括但不仅限于：用户管理、权限控制、数据存储、日志记录等。 2. 使用C++编写高效率、高性能的后台算法和数据结构，确保系统稳定性和可靠性。 3. 参与公司产品的设计和架构，给出技术建议和改进，支持产品迭代升级。 4. 确保代码质量，并参与代码 review。 职位要求： 1. 本科或以上学历，计算机、电子信息、通信工程等相关专业。 2. 具备扎实的编程基础，熟悉C++语言，具备良好的代码习惯。 3. 了解Linux系统，熟悉Linux系统调用，具备一定的Linux系统编程经验。 4. 有团队协作经验，具备良好的沟通能力和团队合作精神。,7月22日,成都零夏八度科技有限公司，简称“零夏八度”，公司专注IT信息化系统开发、集成与服务，公司有项目管理系统、物业管理系统、高职院校信息化系统等多个产品。公司团队充满活力，富有进取心，公司秉持以客户为中心的理念，以打造优秀产品为目标，不断为客户创建价值，赢得各方的认可。,"https://www.zhaopin.com/jobdetail/CCL1470276410J40934471704.htm?refcode=4019&srccode=401901&preactionid=a7c1140f-c46c-45e5-b867-ab342d8bdc77"
1358,实施工程师,大连-甘井子区,5000-7000元,冰山松洋压缩机(大连)有限公司,金属制品业,1000-9999人,,CC276577080J40547308101,岗位职责： 1、市场开发及销售推进； 2、参与市场调研并提出新产品开发需求； 3、产品推广及品牌宣传。 岗位要求： 1、机械、制冷、暖通等相关专业，本科及以上学历； 2、具备良好的沟通表达能力； 3、可适应出差。,1月23日,冰山松洋压缩机（大连）有限公司前身于1994年9月成立，创始于大连三洋压缩机有限公司，传承于松下压缩机（大连）有限公司。2022年12月6日，公司正式更名为冰山松洋压缩机（大连）有限公司，是冰山集团上市公司冰山冷热科技股份有限公司的全资子公司。公司主要生产涡旋压缩机和双转子压缩机两大类产品，分为B、C、D、E、F、G、W、CO₂、HFC九大系列，分为定频和变频两种电机型式，产品适用电制广泛，适配冷媒丰富，最大输出功率范围可达25HP。已广泛应用于家用商用空调、电动大巴车载空调、轨交列车车载空调、热泵和冷冻冷藏等制冷空调相关领域。公司目前已发展成为集研发、设计、制造、销售和技术服务于一体的大型制冷空调压缩机综合制造企业。松洋压缩机以极致科技，智造冷暖，愿为您的品质生活贡献力量！,"https://www.zhaopin.com/jobdetail/CC276577080J40547308101.htm?refcode=4019&srccode=401901&preactionid=a7c1140f-c46c-45e5-b867-ab342d8bdc77"
1359,硬件测试,厦门-同安区,6000-9000元,倍科质量技术服务(福建)有限公司,检测/认证,1000-9999人,未融资,CC611394830J40708410602,一、职位描述 岗位职责: 1. 根据标准及测试计划进行电子/电气产品（信息技术产品，照明产品、家电产品等）的安规测试； 2. 完成相应的质量记录； 3. 完成公司安排的其它工作任务 。 二、岗位要求: 1. 电子电气、自动化、机械、机电一体化或其它相关专业毕业； 2. 本科学历； 3. 良好的英语听说读写能力（能阅读基本英文测试标准及技术资料）； 4. 熟练使用各项测试仪器，熟悉IT/AV 62368标准，根据公司安排能独立完成相应的项目报告及测试 三、薪资福利待遇： 1、业界最有竞争力的薪资：根据个人经验面议； 2、五险一金：入职即缴五险一金； 3、带薪假期：法定假日、带薪年假、婚假、产假等有薪休假福利； 4、福利活动：生日福利、节日礼品，中秋博饼、尾牙宴等，不定时员工聚餐、团队拓展和国内外旅游； 5、上班时间： 5天制8小时，9：00-18：00； 6、完善的职业生涯规划、培训体系和晋升渠道； 7、良好的办公环境以及宽松和谐的工作氛围。,3月3日,倍科（简称BACL），成立于1996年，总部位于美国硅谷，是一家集检测、认证、检验、设备制造、计量校准、实验室信息咨询、软件开发、技术培训等为一体的综合性第三方检测认证机构。目前BACL在全球拥有2000余名员工、10多家综合实验室和40多家分支机构，在亚洲、南美洲、非洲、中东等区域都设立了当地服务机构，可为客户提供电磁兼容、无线射频、安全、能效、理化、电池、可靠性、验货验厂、国际认证等一站式检测认证服务。凭借强大的全球服务网络和20多年丰富的检测认证经验，BACL将始终秉承以“专业、精准、高效、周到”的服务宗旨，持续帮助众多国内外企业提升产品质量，有效降低企业在国际贸易中的风险，为广大进出口企业排忧解难。未来，我们将与您携手共进，共同续写和见证倍科集团的辉煌新篇章！拥有无敌的核心竞争力： 1.美国OSHA认可的NRTL； 2.国际电工委员会IECEE NCB； 3.无线通讯领域的TCB，代表美国、加拿大、欧盟、日本等国家的政府签发证书； 4.埃及NTRA发证机构：4家发证机构之一； 5.拥有最多一流的实验室，服务据点遍布于全国重要城市，以便就近服务客户。工作地址：福建省公司&理化实验室：厦门市同安区西柯镇思明工业园65号4楼； EMC实验室：厦门市同安区滨海西大道紫光科技园2号楼；厦门办事处：厦门市思明区新景中心B座2010室；晋江办事处：晋江市梅岭街道万达广场写字楼A座1102-2室；莆田办事处：莆田市城厢区万达广场SOHO楼A座2217室。,"https://www.zhaopin.com/jobdetail/CC611394830J40708410602.htm?refcode=4019&srccode=401901&preactionid=a7c1140f-c46c-45e5-b867-ab342d8bdc77"
1360,Java,济南-历城区,9000-12000元,山东世天机电工程有限公司,工程施工,20-99人,,CCL1487042390J40670919502,招聘岗位：技术研发工程师 学历要求：本科及以上学历，计算机、电气工程、自动化等相关专业。 任职要求： 1、熟悉常用数据库系统及其内部架构和工作原理。能进行数据库系统架构的设计，核心功能模块的开发，包括存储引擎、查询优化器、事务处理等； 2、具备Java等其他系统级编程语言的编程经验； 3、熟悉操作系统、网络协议、数据结构和算法； 4、熟悉电气、自动化、控制等基本理论知识。 年龄要求‌：22岁-35岁。,3月31日,,"https://www.zhaopin.com/jobdetail/CCL1487042390J40670919502.htm?refcode=4019&srccode=401901&preactionid=a7c1140f-c46c-45e5-b867-ab342d8bdc77"
1361,实施工程师,忻州-原平市,8000-16000元,青岛安然物联网科技有限公司,"物联网,物联网",20-99人,未融资,CC559764920J40884196904,岗位职责： 1. 负责石化、化工厂人员定位系统的现场实施、现场交付和技术赋能等工作。 2. 对接客户需求，进行需求调研，制定详细的施工方案和计划。 3. 确保项目按照既定的时间节点和质量要求完成交付。 4. 对已交付的项目进行后期技术支持与维护。 岗位要求： 1. 年龄在25-35岁之间。 2. 能够适应经常出差的工作要求。 3. 熟悉信息化、弱电及工业互联网相关技术。 4. 具备良好的沟通协调能力和问题解决能力。,2025-07-27 01:09:35,基于精准人员定位的工业安全生产信息化管理专家，安全生产信息化管理引领者！作为全国实时定位技术标准工作组成员和应急管理部“工业互联网+危化安全生产”人员定位系统技术支持机构，安然从2012年起致力于基于ZigBee Plus三维立体按需精准定位的“工业互联网+安全生产”的研究，获得了20多项安全智能管控系统发明专利和著作权，持续引领中国化工行业生产现场智慧安全！安然以“准、稳、狠”的ZigBee Plus三维立体按需精准人员定位统和“底数清、数据准、情况明、研判准、措施实”的安全生产信息化平台为核心，整合访客管理、出入口控制、人脸识别、视频监控、语音广播、重大危险源监控、可燃有毒气体监测等系统，对生产现场人、机、料、法、环五大要素进行实时、动态、智能管控和预警，规范人的安全行为，保障人的生命安全，有效防范风险、主动化解风险，实现智慧安全。安然“以用为本”，把安全生产信息化建设与公司管理体系“深度融合”，把安全生产信息化建设与日常工作“紧密结合”，对安全生产切实“有用、实用、好用”，避免建用“两张皮”，让安全管控更智能，让生产更高效才实用。迄今已服务中石化、中石油、延长石油、国能、兖矿、京能、索普、新安、奇美、昊源、潞安、旭阳、垦利、逸盛、海科、酒钢、金发等几百家石化、化工、选煤、钢铁、电厂企业。安然以客户为中心，以强者为本，抬头乐干，愿意与同道中人联合、链接，携手共建、共用、共享生产安全命运共同体，一起干，一起干，让优秀企业更安全，让优秀企业更高效！,"https://www.zhaopin.com/jobdetail/CC559764920J40884196904.htm?refcode=4019&srccode=401901&preactionid=a7c1140f-c46c-45e5-b867-ab342d8bdc77"
1362,实施工程师,长春-南关区,8000-16000元,青岛安然物联网科技有限公司,"物联网,物联网",20-99人,未融资,CC559764920J40884195504,岗位职责： 1. 负责石化、化工厂人员定位系统的现场实施、现场交付和技术赋能等工作。 2. 对接客户需求，进行需求调研，制定详细的施工方案和计划。 3. 确保项目按照既定的时间节点和质量要求完成交付。 4. 对已交付的项目进行后期技术支持与维护。 岗位要求： 1. 年龄在25-35岁之间。 2. 能够适应经常出差的工作要求。 3. 熟悉信息化、弱电及工业互联网相关技术。 4. 具备良好的沟通协调能力和问题解决能力。,3月8日,基于精准人员定位的工业安全生产信息化管理专家，安全生产信息化管理引领者！作为全国实时定位技术标准工作组成员和应急管理部“工业互联网+危化安全生产”人员定位系统技术支持机构，安然从2012年起致力于基于ZigBee Plus三维立体按需精准定位的“工业互联网+安全生产”的研究，获得了20多项安全智能管控系统发明专利和著作权，持续引领中国化工行业生产现场智慧安全！安然以“准、稳、狠”的ZigBee Plus三维立体按需精准人员定位统和“底数清、数据准、情况明、研判准、措施实”的安全生产信息化平台为核心，整合访客管理、出入口控制、人脸识别、视频监控、语音广播、重大危险源监控、可燃有毒气体监测等系统，对生产现场人、机、料、法、环五大要素进行实时、动态、智能管控和预警，规范人的安全行为，保障人的生命安全，有效防范风险、主动化解风险，实现智慧安全。安然“以用为本”，把安全生产信息化建设与公司管理体系“深度融合”，把安全生产信息化建设与日常工作“紧密结合”，对安全生产切实“有用、实用、好用”，避免建用“两张皮”，让安全管控更智能，让生产更高效才实用。迄今已服务中石化、中石油、延长石油、国能、兖矿、京能、索普、新安、奇美、昊源、潞安、旭阳、垦利、逸盛、海科、酒钢、金发等几百家石化、化工、选煤、钢铁、电厂企业。安然以客户为中心，以强者为本，抬头乐干，愿意与同道中人联合、链接，携手共建、共用、共享生产安全命运共同体，一起干，一起干，让优秀企业更安全，让优秀企业更高效！,"https://www.zhaopin.com/jobdetail/CC559764920J40884195504.htm?refcode=4019&srccode=401901&preactionid=a7c1140f-c46c-45e5-b867-ab342d8bdc77"
1363,C/C++,济南-历下区,1.8-3.5万·16薪,外企德科数字技术有限公司,专业技术服务,10000人以上,,CCL1480117890J40769157505,核心项目开发 Java/python/JS/C++/测试，均有岗位在招聘 【福利待遇】  1、薪资open+14-16薪 2、入职全额六险一金+双休，双倍加班费+加班餐补+加班打车 报销 3、上下班有班车，园区有饭堂、免费健身房 4、资深导师一对一带教 【岗位要求】 1、计算机、软件、通信等相关专业本科及以上学历，专业优秀者可放宽； 2、热爱编程，基础扎实，熟悉掌握 测试/Java/python/JS/C++编程语言，有良好的编程习惯； 3、具备独立工作能力和解决问题的能力、善于沟通，乐于合作，热衷新技术，善于总结分享，喜欢动手实践；  4、对数据结构、算法有一定了解；,2025年07月29日,外企德科数字技术有限公司是一家2023年新成立的中外合资企业。成立于2023年11月24日，公司定位：专注于为信息技术企业提供人才及数字技术外包解决方案的中外合资企业。它是由中国人力资源服务行业的FESCO（北京国际人力资本集团）与全球人力资源服务领导者The Adecco Group（德科集团）合资成立的。公司主要提供网络技术服务、软件外包服务、计算机系统服务、技术进出口、软件开发等信息技术相关服务。专注于为信息技术企业提供信息技术类人才及数字技术外包解决方案。,"https://www.zhaopin.com/jobdetail/CCL1480117890J40769157505.htm?refcode=4019&srccode=401901&preactionid=a7c1140f-c46c-45e5-b867-ab342d8bdc77"
1364,C/C++,青岛-黄岛区,8000-16000元,山东矿机华信智能科技有限公司,"工业自动化,矿产/采掘",20-99人,未融资,CCL1233371240J40720608811,岗位职责： 1. 嵌入式Linux/Windows平台，C++Qt进行GUI应用开发 2. 使用unity3D和C#进行数字孪生相关开发 3. 现有产品更新迭代 4. 软件开发过程中的文档编写 5. 规划并完成测试 6. 结合新需求，完成产品升级改造 任职资格： 1. 具有良好的数据结构和算法基础，具备综合排查问题的思路和能力，具备良好的代码规范 2. 熟练使用c或者c++进行编程，熟悉Qt开发，理解面向对象设计 3. 熟悉Linux/Windows应用层开发，有多线程编程经验 4. 熟悉各种常见工业通信协议，如RS232/RS485/Mobbus/TCP/IP/OPC等 5. 具备一定的人工智能，机器学习深度学习项目经验,7月16日,山东矿机华信智能科技有限公司作为山东矿机集团的全资子公司，于2019年在山东青岛西海岸新区成立，是一家集智能化产品设计、研发、销售于一体的公司。华信智能在承接集团公司智能制造板块业务的基础上，服务煤矿行业及智能制造装备行业，为国家智慧矿山建设、工业物联网产业升级提供精准实用和安全有效的智能化产品和服务。山东矿机集团位于潍坊昌乐，1955年成立，是一家服务于煤炭行业机械制造的老牌公司，占地面积1700余亩，职工2000余人，目前企业拥有总资产50亿元。获得ISO9001:2008标准质量管理体系认证，是山东省煤炭机械工程技术研究中心，被认定为“高新技术企业”，2010年在深圳证券交易所主板上市(股票代码：SZ002526)。集团旗下拥有20余家控股公司，形成了以煤机生产销售为主，散料输送装备、建材机械、包装机械、无人机制造、精密机械加工、网络游戏及互联网服务等业务共同发展的多元化产业布局。,"https://www.zhaopin.com/jobdetail/CCL1233371240J40720608811.htm?refcode=4019&srccode=401901&preactionid=a7c1140f-c46c-45e5-b867-ab342d8bdc77"
1365,硬件测试,石家庄-桥西区,4000-8000元,河北森骏电子科技有限公司,电子/半导体/集成电路,20-99人,未融资,CC389831430J40604962207,岗位职责： 1、配和工程师负责产品研发工作； 2、完成相关电路板绘制，配合结构工程师完成结构工艺设计； 3、按照规范要求汇总和提供相应的设计文档资料。 4、解决产品生产和工程应用的技术问题。 任职要求： 1、通信工程、电子、微波等相关专业，本科以上学历。 2、具备扎实的理论知识及动手操作能力。  3、具有一年以上射频微波模块独立设计和调试经验优先。 职位福利：五险一金、年底双薪、加班补助、员工旅游、节日福利、定期体检,4月17日,公司主要从事微波及射频模块的研制与生产，其产品广泛用于移动通信、微波通讯和雷达等整机产品上。自成立以来，公司已相继开发了多系列、多品种的有源和无源器件，形成了一定的生产规模,"https://www.zhaopin.com/jobdetail/CC389831430J40604962207.htm?refcode=4019&srccode=401901&preactionid=a7c1140f-c46c-45e5-b867-ab342d8bdc77"
1366,测试工程师,上海-长宁区,6000-8000元,鹏翎股份,"橡胶和塑料制品,汽车研发/制造",1000-9999人,已上市,CC134236170J40782414512,1.进行实验室测试结果汇总及进度跟踪； 2.基于研发提供的DVP评估实验项目及阻值规划实验设备，PLC，上位机；,7月25日,天津鹏翎胶管股份有限公司始创于1988年，是一家集设计、研发、生产、销售于一体的汽车流体管路制造企业，国家高新技术企业，行业十强单位.目前公司拥有员工千余人，总部位于天津市滨海新区中塘工业区，生产基地分布在天津、成都、江苏泰州，在德国设有海外办事处，已初步形成了“立足天津，辐射全国，面向世界”的事业布局。2014年，鹏翎股份成功登陆A股市场，股票代码300375。公司始终坚持“产品是鹏翎的生命，质量是产品的生命”的质量方针。1997年通过了国际标准化组织ISO9002的质量体系认证，在公司内部，建立了完善的质量管理体系。2001年，通过美国QS9000和德国汽车行业协会制定的VDA6.1质量体系认证。2004年通过国际标准化组织关于汽车整车及零部件的ISO/TS16949的认证。公司主要产品涵盖了汽车冷却管路总成，汽车燃油管路总成，汽车空调管路总成，汽车助力转向管路总成，汽车涡轮增压管路总成，汽车天窗排水管路，汽车模压管路总成等多个系列，2000多种规格。公司主要客户有：一汽大众、上海大众、上海大众动力、华晨金杯、江淮汽车、上汽通用五菱、长城汽车等，产品综合市场占有率达30%以上。公司先后被评为“国家级胶管行业基地”、“中国百家汽车零部件供应商”、“科技型中小企业技术创新基金实施十周年优秀企业”、“全国橡胶行业非轮胎企业销售额前十名”、“中国胶管十强企业”。承载着产业前进的车轮，传递行业最领先的话语，鹏翎人相信：有创新才有价值，有合作才有市场，有诚信才有未来！鹏翎股份愿与您携手共进，共创美好未来！,"https://www.zhaopin.com/jobdetail/CC134236170J40782414512.htm?refcode=4019&srccode=401901&preactionid=a7c1140f-c46c-45e5-b867-ab342d8bdc77"
1367,Java,杭州-西湖区,1.5-2.5万,百世物流,"IT服务,客运服务,快速消费品,互联网",1000-9999人,已上市,CC205908110J40934408604,岗位职责 熟练使用 SpringMvc、Spring、SpringBoot、Spring Cloud、 MyBatis 框架 熟练使用 MySql、redis等 NoSql 数据库 熟练 RabbitMQ、ActiveMQ、kafka 等 MQ 实现异步 ，提高系统性能；  熟悉 Solr/Es 搜索引擎使用  熟练 JMeter、 PostMan 等测试工具使用 熟悉码云/GitHub/GitLab 实现代码托管、使用 Git/Svn 进行团队合作  优化能力：数据库优化、代码优化、SQL 优化等 扎实的 Java基础、 良好的编程规范、在多线程、集合使用、优化方面有实战经验  有ERP软件开发经验可以加分 任职要求 1. 使用Java语言开发高质量的应用程序。  2. 遵循最佳实践进行代码编写和架构设计。  3. 与团队合作，按时完成开发任务。  4. 优化现有系统并解决技术问题。,7月22日,百世结合互联网、信息技术和传统物流服务，创造新的颠覆性商业模式整合中国庞大的物流行业，提高效率和信息化的应用。百世中国区总部扎根于美丽的西子湖畔——杭州，目前已在全国范围内建立起多级营运中心，配送网络覆盖全国，延深至县、乡级区域。通过完整、系统的合作伙伴认证管理体系，专业的供应链解决方案设计，先进的信息技术和公司自行研发的综合营运平台GeniMax系统，百世为国内外企业提供综合供应链设计和物流服务。经过几年的努力，企业规模迅速扩大，每年高速发展，向客户提供综合供应链、快运和软件服务，截至2017年3月，在全国已建立了678个运作中心和420余万平米的仓库及转运中心，拥有9000多全职员工和上万个认证加盟商及合作伙伴，仓储配送网络覆盖全国，并延深至县、乡级区域。公司的核心理念是投资技术和人。百世以互联网、信息技术和创新的力量为整个物流行业带来革命性变化，致力于打造一站式的物流和供应链服务平台，为客户提供高效的服务和体验，成为最值得信赖和尊重的物流领导者。,"https://www.zhaopin.com/jobdetail/CC205908110J40934408604.htm?refcode=4019&srccode=401901&preactionid=a7c1140f-c46c-45e5-b867-ab342d8bdc77"
1368,技术支持工程师,蚌埠-禹会区,6000-11000元·13薪,华东电子测量仪器研究所(中国电子科技集团公司第四十一研究所),"电子/半导体/集成电路,仪器仪表制造,工业自动化,电子/半导体/集成电路",1000-9999人,不需要融资,CC683517720J40760884313,岗位内容： 1. 通过多种渠道收集客户反馈信息，分析和解决问题。 2. 维护产品和知识库，持续优化文档、FAQ、视频媒体和在线交互等形式的支持资源。 3. 在客户满意度、减少投诉、提高转化率、增长市场份额等方面，积极与销售和其他各个部门合作。 任职要求： 1. 本科或以上学历，电子信息工程、自动化、测量仪器或相关专业优先； 2. 熟悉技术支持工具； 3. 有1～2年以上的技术支持工作经验优先； 4. 出色的口头和书面表达能力； 5. 能够积极主动地寻找和推进解决问题的方法和创新思路。,7月13日,中国电子科技集团公司第四十一研究所（简称“41所”）位于安徽省蚌埠市高新区和山东省青岛市西海岸新区，主要从事电子测量基础理论及前沿技术研究，计量测试技术研究与服务，装备及配套产品研制、供应以及售后服务等业务，以及测试测量技术在养殖电子、消防电子、烟草电子、医疗电子等领域的拓展应用。经国家授权批准，41所承担了电子测试技术重点实验室、国防科技工业光电子一级计量站、综合电子测试与保障装备研发中心、自动化测试技术研究应用中心、国家电子仪器质量监督检验中心、国家计量器具新产品定型鉴定技术机构等专业机构。41所充分发挥自身高技术优势开发民用市场，大力发展智慧孵化养殖设备、智慧消防设备、通信设备、烟机电控系统等产品，并始终秉承“所为人人，人人为所”的理念，面向全球市场提供产品和服务，创造出良好的社会经济效益，树立了具有竞争力的品牌形象。【单位硬实力】1、电子测试技术重点实验室2、国防科技工业光电子一级计量站3、国防科技工业自动化测试技术研究应用中心4、国家电子仪器质量监督检验中心5、中国电科综合电子测试与保障装备研发中心6、入选《中国企业创新能力百强榜》（2018、2019年）7、连续多年入选“安徽省发明专利百强企业”8、信息产业接插件继电器质量监督检验中心【单位荣誉】1、全国国有企业创建“四好”领导班子先进集体（2006.11）2、中央企业先进集体（2013.9）3、全国先进基层党组织（2016.7）4、安徽省劳动保障诚信示范单位（2018.9/2021.10）,"https://www.zhaopin.com/jobdetail/CC683517720J40760884313.htm?refcode=4019&srccode=401901&preactionid=a7c1140f-c46c-45e5-b867-ab342d8bdc77"
1369,测试工程师,武汉-汉阳区,1-1.5万,广州市凯泽利科技有限公司,"汽车研发/制造,汽车研发/制造",100-299人,未融资,CC823999070J40868963415,1、BUG描述规范/熟练使用bug管理系统（禅道、jira、redmine）   2、PCAN工具的使用(周立功、Pcan、同星等)   3、CANoE工具的使用   4、Xshell工具的使用包括常用的命令   5、需求分析能力（系统文档、客户需求文档、软件开发文档）   6、ASPICE流程规范   7、掌握产品的功能测试执行，包含：VR、导航、OTA、升级、线刷等功能   8、具备实车测试的能力（了解实车环境，掌握实车测试重点）   9、搭建测试环境，会看接线定义   10、沟通能力：具备跨职能部门的沟通能力，包括对接开发、需求、客户、总部等等   11、协调能力：能协调处理人员、物品等资源,7月25日,广州市凯泽利科技有限公司，坐落于广州市天河区，是一家集整车开发与产品设计研发经验于一身的技术服务型企业。公司致力于为客户提供全方位的软件测试流程一站式服务，涵盖汽车技术支持、软件测试委外服务、测试自动化解决方案、嵌入式技术支持、软件开发项目承接、测试辅助工具开发、自动驾驶数据标注、汽车信息安全测试、汽车设计、运营与项目管理、专业培训及工具代理等多个关键领域。在产品研发方面，凯泽利科技自创立之初，便专注于汽车软件测试自动化平台的研发，并成功自主研发出了一款自动化测试平台。该平台采用先进的Web服务器架构，支持Web和Windows两大客户端，具备远程执行测试与监控结果的功能，并实现脚本的云同步。通过该平台，用户可以在办公室内远程操控实验室内的多个台架，全面支持IVI的所有输入输出，能够覆盖90%以上的测试用例。此外，平台还具备集中管理测试脚本和测试报告的功能，极大地方便了脚本的共享与报告的分析，是汽车软件测试工作中不可或缺的得力助手。在企业资质上，凯泽利科技荣获多项殊荣，包括国家高新技术企业、专精特新企业、中等规模以上企业、科技型中小企业以及创新型中小企业等称号。此外，公司还荣获了广东省守合同重信用企业称号，并通过了ISO9001认证和信息安全管理认证，在技术创新方面，凯泽利科技同样表现出强大的研发实力。目前，公司正在申请的国家发明专利已有10余项，并成功获得了10项国家发明专利授权和19项软件著作权授权。目前，凯泽利科技的主要客户包括广汽研究院、深圳联友科技、小鹏汽车、江铃汽车、马瑞利、广汽丰田、广汽能源、岚图汽车、广汽埃安、东风日产、星河智联、南方试验场、立昇科技、祺迹汽车科技、比亚迪、合创汽车、广州优尼冲压等知名企业。,"https://www.zhaopin.com/jobdetail/CC823999070J40868963415.htm?refcode=4019&srccode=401901&preactionid=a7c1140f-c46c-45e5-b867-ab342d8bdc77"
1370,Java,乌鲁木齐-水磨沟区,1.5-3万·14薪,外企德科数字技术有限公司,专业技术服务,10000人以上,,CCL1480117890J40608546005,职位描述 全额五险一金，试用期全新不打折 后端开发、前端开发、测试、大数据、运维等岗位 职责： 1、负责研发领域IT系统技术方案的设计、开发等工作; 2、负责项目开发过程中的技术攻关及解决运行中出现的技术问题; 3、负责产品核心模块的代码编写和LLT测试: 4、负责产品疑难问题的分析和定位。 岗位要求: 1、热爱编程，基础扎实，熟悉掌握但不限于JAVA/C++/Python/JS/HTML/GO等编程语言中的一种或数种，有良好的编程习惯; 2、具备独立工作能力和解决问题的能力、善于沟通，乐于合作，热衷新技术，善于总结分享，喜欢动手实践。 职位福利：五险一金、年底双薪、绩效奖金、年终分红、节日福利、带薪年假 职位亮点：资深导师提供业务带教等多方面的指导,2025-07-27 00:23:23,外企德科数字技术有限公司是一家2023年新成立的中外合资企业。成立于2023年11月24日，公司定位：专注于为信息技术企业提供人才及数字技术外包解决方案的中外合资企业。它是由中国人力资源服务行业的FESCO（北京国际人力资本集团）与全球人力资源服务领导者The Adecco Group（德科集团）合资成立的。公司主要提供网络技术服务、软件外包服务、计算机系统服务、技术进出口、软件开发等信息技术相关服务。专注于为信息技术企业提供信息技术类人才及数字技术外包解决方案。,"https://www.zhaopin.com/jobdetail/CCL1480117890J40608546005.htm?refcode=4019&srccode=401901&preactionid=a7c1140f-c46c-45e5-b867-ab342d8bdc77"
1371,实施工程师,常州-武进区,1-1.6万,万帮数字能源股份有限公司,"新能源,互联网,通用设备制造",1000-9999人,B轮,CCL1281735290J40762282707,岗位职责:,6月11日,星星充电是亚洲数字能源领域头部独角兽，也是万帮数字能源的核心品牌之一，为全球客户提供设备、平台、用户和数据运营服务，借助车辆销售、私人充电、公共充电、金融保险等业务打造用户充电全生命周期平台，通过“一端能源互联，一端产业互联”的企业战略，最终实现“推动人类交通电动化，引领全球能源数字化”的长远梦想。星星充电曾获国家能源局“能源互联网重大应用示范”项目、国家工信部“智能制造2025新模式应用”项目、国家科技部重点研发项目、工信部绿色制造系统集成项目等多个国家级项目，入选国家级示范平台；并牵头成立新能源汽车智慧能源装备创新中心，也曾获得极具专业含金量的ASPICE CL1认证、IATF16949和VDA6.3认证，持续申请研发专利超400件。星星充电是全球60多家知名车企充电生态战略合作伙伴，作为充电领域的国标制定单位，星星充电参与了国内所有充电标准的起草，并作为中方代表参与IEC国际标准的起草，同时也是国家标准委员会指定的国内大功率充电两家牵头单位之一。 2020年，星星充电首创提出“移动能源网”概念：借助于移动的交通工具、移动的能源载体、移动的补能设施和移动的通讯终端所构建的时空泛在能源互联网络。创新“云管端”即“硬件+软件+服务”的商业模式，堪称数字能源生态中国样本。在提高能源利用效率，促进结构调整和节能减排，助力民族汽车工业屹立于世界之巅，推动国家新能源产业发展壮大的事业上，星星充电永远不遗余力。,"https://www.zhaopin.com/jobdetail/CCL1281735290J40762282707.htm?refcode=4019&srccode=401901&preactionid=a7c1140f-c46c-45e5-b867-ab342d8bdc77"
1372,软件测试,苏州-太仓市,9000-13000元,勤达科技,"咨询服务,电气机械/电力设备,IT服务",100-299人,未融资,CC345252110J40934526104,1、本科及以上，工科专业背景（计算机、自动化、暖通专业），有HVAC行业经验优先。 2、3 +多年的软件测试研发经验。 3、熟悉控制硬件和软件的测试方法。 4、有空调系统知识者优先。 5、能够根据逻辑规范编写完整的测试程序。 6、良好的沟通和团队合作能力。 更关注嵌入式软件功能性测试（需要英文过四级） 要求 1. 必须工科专业背景，有工业设备、嵌入式软件测试经验者优先。 2. 英语要好，必须通过大学英语四级考试、读写熟练，六级优先、听说较好者优先。 3. 大学本科及以上学历，重点及以上院校优先。,7月22日,上海勤达科技有限公司成立于2010年，总部位于上海，设有上海、苏州两个基地，是本土规模较大的工程技术服务公司之一，是中国市场提供纯粹工程技术服务的开拓者和引领者。以长三角为核心，辐射全国，与超过100家国际一流头部企业建立了技术合作，有超过300名在电子、软件、机械、自动化、生物医药、技术信息传达、仿真等方面的专业技术人员，致力于汽车、半导体、自动化、高端制造、医疗设备、生物医药、航天等领域的研发、试验、设计与工程优化与实践活动。,"https://www.zhaopin.com/jobdetail/CC345252110J40934526104.htm?refcode=4019&srccode=401901&preactionid=a7c1140f-c46c-45e5-b867-ab342d8bdc77"
1373,实施工程师,日照-东港区,6000-7000元,山东安能信息技术有限公司,计算机软件,300-499人,不需要融资,CC453105630J40680156801,岗位职责:  1.负责国网同期线损系统的业务支撑工作。   2.负责对客户的使用、操作以及维护等相关培训工作、项目过程资料整理。,7月25日,公司以市场需求为导向，坚持自主创新，目前主要以电力行业信息化服务为核心业务，以高精尖的技术、现代企业的管理理念和电力行业的专业知识为核心，为客户提供全方位综合性服务。公司坚持科技创新，将“以技术引领市场，以服务赢得用户”为经营宗旨；以“始于客户需求、终于客户满意”为服务理念；不断寻求突破，把握行业发展趋势动态，积极拓展业务领域，丰富和完善产品线。主要发展：国网山东省电力公司一体化电量与线损管理系统国网浙江省电力公司网上电网 PIS 2.0系统 SCADA系统国网江苏省电力公司设备精益资产管理系统国网陕西省电力公司营销 GIS系统用电信息采集系统,"https://www.zhaopin.com/jobdetail/CC453105630J40680156801.htm?refcode=4019&srccode=401901&preactionid=a7c1140f-c46c-45e5-b867-ab342d8bdc77"
1374,C/C++,东莞-None,1.5-3万,外企德科数字技术有限公司,专业技术服务,10000人以上,,CCL1480117890J40791805605,"岗位要求： 1、大学本科及以上学历，计算机，数学相关专业； 2、1年以上游戏引擎或者图形引擎开发经验，有完整引擎作品者优先； 3、精通C/C++，具备较为深厚的C/C++编程功底及良好的编程规范； 4、精通OpenGL，熟悉Shader编程，有相关渲染优化经验或者Vulkan经验者优先； 5、熟悉至少一个主流3D引擎，如：Unity，UE，CryEngine, Godot，Orge等； 6、学习能力强，具有良好的团队精神，具有高度责任心，具备独立解决问题的能力",2025-07-28 00:24:54,外企德科数字技术有限公司是一家2023年新成立的中外合资企业。成立于2023年11月24日，公司定位：专注于为信息技术企业提供人才及数字技术外包解决方案的中外合资企业。它是由中国人力资源服务行业的FESCO（北京国际人力资本集团）与全球人力资源服务领导者The Adecco Group（德科集团）合资成立的。公司主要提供网络技术服务、软件外包服务、计算机系统服务、技术进出口、软件开发等信息技术相关服务。专注于为信息技术企业提供信息技术类人才及数字技术外包解决方案。,"https://www.zhaopin.com/jobdetail/CCL1480117890J40791805605.htm?refcode=4019&srccode=401901&preactionid=a7c1140f-c46c-45e5-b867-ab342d8bdc77"
1375,科研人员,巴彦淖尔-杭锦后旗,8000-11000元·13薪,安徽华恒生物科技股份有限公司,生物工程,1000-9999人,已上市,CC626086720J40161225506,岗位职责:,7月26日,安徽华恒生物科技股份有限公司成立于2005年4月，是一家专业从事氨基酸及其他有机酸产品研发、生产、销售的国家火炬重点高新技术企业，主要经营L-丙氨酸，DL-丙氨酸、β-丙氨酸、α-熊果苷等系列产品。产品出口美国、德国、日本和韩国等发达国家市场，与多家世界500强企业结成了长期合作伙伴关系。2010年12月，秦皇岛华恒生物工程有限公司成立，是国内最大的丙氨酸发酵基地，年产能25000吨。公司成功承担了十二五科技部“863”计划、国家发改委生物产业示范专项、科技部企业技术创新基金等国家重点科技攻关项目和高薪技术产业化项目。公司立足于“微生物、高科技、大产业”的产业思想，通过与世界一流生物科研机构合作，以华恒自有的产业化经验和实力，将华恒打造成为国际上享有盛誉、有持续发展能力的高成长型生物企业。2021年公司已在科创板上市华恒企业文化企业愿景：成为全球工业生物产业领军者企业使命：发展生物技术，服务生命企业价值观：以客户为中心，以奋斗者为本如果您具备潜力及相关知识，并希望在一家重视人才的企业拓展事业、寻求职业发展空间，请您选择加入华恒。我相信您将在铸就华恒大厦的奋斗过程中，会不断战胜自己、超越自己、成就自己！联系电话：0551-65684135如需要更多了解华恒登陆http://www.huahengbio.com/,"https://www.zhaopin.com/jobdetail/CC626086720J40161225506.htm?refcode=4019&srccode=401901&preactionid=a7c1140f-c46c-45e5-b867-ab342d8bdc77"
1376,实施工程师,深圳-龙岗区,5000-6000元,深圳市爱模智能系统有限公司,"计算机软件,IT服务,机器人,工业自动化",20-99人,A轮,CC707893020J40633426905,人类社会正向智能社会迈进，制造业自动化智能化升级转型更是在“工业4.0”、“制造强国”的号角声中不断掀起浪潮！  爱模智能（iMould）利用多年累积的势能，厚积薄发，现正处于快速发展期，更为员工的发展提供绝好的机会，期待您的加入！  如果你勇于挑战自我、超越自我，请把握这个机会，赶快申请职位，加入我们，与爱模共同成长吧，一起凝聚力量，共赴模具智能工厂建设大潮！ 爱模成就精准智模！,7月24日,人类社会正向智能社会迈进，制造业自动化智能化升级转型更是在“工业4.0”、“制造强国”的号角声中不断掀起浪潮！爱模智能（iMould）利用多年累积的势能，厚积薄发，现正处于快速发展期，更为员工的发展提供绝好的机会，期待您的加入！如果你勇于挑战自我、超越自我，请把握这个机会，赶快申请职位，加入我们，与爱模共同成长吧，一起凝聚力量，共赴模具智能工厂建设大潮！,"https://www.zhaopin.com/jobdetail/CC707893020J40633426905.htm?refcode=4019&srccode=401901&preactionid=a7c1140f-c46c-45e5-b867-ab342d8bdc77"
1377,C/C++,上海-浦东新区,1.5-3万·14薪,外企德科数字技术有限公司,专业技术服务,10000人以上,,CCL1480117890J40787999705,主要负责相关部门的python/java/c/c++开发工作（会职位详情写这个：python/java/c/c++任意一种语言即可，算法/大数据等相关岗位均有）,2025-07-28 00:24:38,外企德科数字技术有限公司是一家2023年新成立的中外合资企业。成立于2023年11月24日，公司定位：专注于为信息技术企业提供人才及数字技术外包解决方案的中外合资企业。它是由中国人力资源服务行业的FESCO（北京国际人力资本集团）与全球人力资源服务领导者The Adecco Group（德科集团）合资成立的。公司主要提供网络技术服务、软件外包服务、计算机系统服务、技术进出口、软件开发等信息技术相关服务。专注于为信息技术企业提供信息技术类人才及数字技术外包解决方案。,"https://www.zhaopin.com/jobdetail/CCL1480117890J40787999705.htm?refcode=4019&srccode=401901&preactionid=a7c1140f-c46c-45e5-b867-ab342d8bdc77"
1378,前端开发,南京-鼓楼区,2000-4000元,南京坦道信息科技有限公司,"互联网,计算机软件",100-299人,未融资,CC456313120J40758523409,一、工作职责： 1、协助软件开发工程师项目的前期准备、维护工作； 2、根据开发进度和任务分配，完成相应模块软件的设计、开发、编程任务。 二、岗位要求： 1、一本及以上学历，2026届毕业生，计算机、软件、算法相关专业； 2、能够按照正式员工工作节奏开展工作，保证完整工作时间； 3、技能要求 （一）、核心技能（必须掌握） 1. HTML/CSS 2. JavaScript（ES6+） 3. 前端框架（至少掌握一个）Vue 2/3 4. 开发工具链 包管理：npm/yarn/pnpm。 构建工具：Webpack/Vite（配置基础插件、代码分割）。 调试工具：Chrome DevTools。 （二）、进阶能力（加分项） 1.跨平台开发 混合应用（*******） 小程序开发（微信/支付宝小程序） 2.后端协作 使用 axios/fetch 发起请求，处理错误和拦截器、CORS跨域问题。,7月21日,南京坦道信息科技有限公司是一家致力于通信行业软件和服务的IT高新技术企业，主要从事电信行业的数据分析应用和业务支撑相关的软件开发和服务提供，整合了原公司在通信行业应用支撑、数据仓库开发和服务的产品、市场、人员等资源，为客户提供稳定和持续高质量服务。公司总部设在南京，现有员工百余名，员工本科及以上学历占90%，市场遍及江苏、四川、陕西、甘肃、山西等多个电信省级公司。公司通过多年的自主研发和市场开拓，在企业经营决策智能支撑系统、电信渠道支撑管理系统、电信收入保障及业务稽核系统、全渠道知识管理及客户化知识库系统等方面形成了行业优势。公司推崇“创新、勤奋、互助”的公司文化，立志成为电信行业细分市场的行业领先者，为电信提供高效的运营和管理支撑。,"https://www.zhaopin.com/jobdetail/CC456313120J40758523409.htm?refcode=4019&srccode=401901&preactionid=a7c1140f-c46c-45e5-b867-ab342d8bdc77"
1379,技术支持工程师,珠海-香洲区,4000-6000元,同望科技股份有限公司,"计算机软件,计算机软件,计算机硬件,IT服务",300-499人,未融资,CC136740500J40503966704,1、售后技术支持：为公司软件产品提供全方位的售后技术支持，通过电话、邮件等方式解答客户问题，确保客户满意度。 2、产品培训：根据客户需求，为客户提供软件产品的操作培训，使其能够熟练、有效地使用产品。 3、客户端验收测试：负责产品的客户端验收测试，确保产品质量和客户体验。 4、问题与需求收集：收集并汇总客户反馈的产品问题，定期向研发团队提供详细的产品问题与需求报告。 职业发展方向 作为技术支持工程师，将有机会深入了解公司软件产品的技术细节和客户需求。在积累了足够的产品知识和市场洞察后，可以向产品经理方向发展，参与产品规划、设计和管理，实现职业晋升和成长。 任职要求 1、工程造价、土木工程、道路与桥梁及工程管理等相关专业本科及以上学历； 2、五官端正，普通话标准，能够准确理解客户需求并流利、清晰地与客户沟通； 3、具备良好的应变能力，能够在面对突发情况时迅速作出判断和处理； 4、对软件行业有浓厚兴趣，具备较强的学习能力和团队合作精神，能适应出差。,7月23日,"同望科技股份有限公司（以下简称同望科技）成立于1997年，是科技部火炬计划项目重点软件企业。公司专业从事项目管理、协同办公领域相关业务的管理研究和信息化技术开发，以""满足客户成长的管理需求，提供科学系统的解决方案""为宗旨，面向政府行政机关和行业主管部门、项目投资业主、施工企业、监理以及设计单位等客户，提供业务和技术领先的软件产品、管理信息化整体解决方案。历经十多年的快速成长，同望科技已成为中国工程建设领域客户首选的软件产品和咨询服务提供商，我们的产品和服务广泛应用于交通、建筑、石油化工、市政公用等行业领域。同望科技持续投入研发的核心产品和整体解决方案获得了国家级重点新产品荣誉证书，并在全国普及推广应用，在业内牢固树立了同望科技""自信、领先、实力""的优质品牌形象，成为万千客户的信心之选。同望科技现有员工400余人，拥有一支紧跟国际信息技术发展主流的研发团队、一批具备国际先进管理理论和实践经验的咨询专家。公司通过整合 ISO9000质量管理体系和CMMI 3级软件能力成熟度模型，建立了同望统一过程管理体系，以此形成软件企业可持续发展的核心竞争优势，并逐渐转化为差异化客户价值--""领先的业务和技术，高性价比的产品，工期和质量保证的项目""。同望科技坐落于珠海国家高新技术产业开发区""同望科技园""，东邻京珠高速公路出口，西傍南中国海海岸线，远眺著名的风景名胜淇澳岛。园区总占地面积 21400平方米，规划建筑面积 28000平方米，风景优美、园林式的现代化办公场所充分体现了同望科技""创造一流环境、开发一流产品、提供一流服务""的经营理念。同望科技的营销和服务网络遍布全国 31个省市自治区，建立了华北、华南、华东、华中、东北、西北、西南 7个营销服务大区和 20多个服务网点，为全国万余家用户提供高效、专业、完善的全方位咨询和服务。同望科技以优厚的薪酬待遇、全方位的福利保障、精彩的生活体验、广阔的职业发展空间以及持续的学习成长机会，与员工携手共筑辉煌未来。我们为员工提供业内领先的薪酬，以及各类带薪假期、五险一金、高额公积金、免费工作餐、酒店式宿舍和上下班通勤车等全方位福利保障；注重员工生活品质，提供丰富多彩的活动，如各类团建活动，生日活动、节日庆典、精致下午茶等，公司自有独立园区提供舒适的办公环境，并设有食堂、KTV休闲区、羽毛球、乒乓球、篮球场等设施；鼓励员工学习成长，提供各类培训和考证补贴。因公司长期致力于工程行业的管理与咨询，并提供管理类软件工具。诚邀对工程领域信息化有浓厚兴趣，并对工程管理软件的应用和市场开拓充满信心者加盟！资质：国家规划布局内重点软件企业国家火炬计划软件产业基地骨干企业信息产业部计算机信息系统集成贰级资质通过软件能力成熟度模型CMM5级评估珠海总部乘车路线：1、乘坐3A、65路至赛迪生巴士站，至十字路口左转前行约150米。2、乘坐68路、3路、10路公交车到下栅站下，向回直走经金鼎大圆盘2000米左右，在石头竖立""创新科技海岸""前一个十字路口右手旁一栋淡黄色楼面、嵌有红色框的大楼。","https://www.zhaopin.com/jobdetail/CC136740500J40503966704.htm?refcode=4019&srccode=401901&preactionid=a7c1140f-c46c-45e5-b867-ab342d8bdc77"
1380,测试工程师,合肥-肥西县,5000-6000元,中智安徽经济技术合作有限公司,咨询服务,500-999人,,CC456534580J40657138806,"DRAM系统实验室测试技术员  技能要求:  1.了解消费类电子知识,了解电脑,服务器,手机等3C产品硬件及软件相关测试  2.热爱电脑及相关产品测试工作,有吃苦耐劳的精神,能够接受一些特定重复的工作。  3.需配合公司的日班&夜班轮班需求,包含常日班&轮班(上二休二)  4.项目高峰期需配合加班需求(加班时间可做调班或补休)  5.大专及以上学历,理工科背景年龄要求:20-35岁  岗位概述:  1.负责NB/PC/Server/mobile等常见消费电子DRAM NPI phase兼容性&稳定性功能测试;  2.对于测试发现的异常问题,有准确的记录&判定能力;  3.测试BUGList的整理汇总,debug状态的持续追踪;  4.掌握并完善各种测试规范和测试标准,严谨的测试报告输出职责;  5.主动的学习态度。  外包人员技术水平会有SS与SL共同培养,出现人员操作失误/  无法达到上岗要求,甲方有权要求乙方调整。出现人为原因造  成的平台损坏&物料损失由乙方承担相关费用。  ",3月25日,一、公司简介中智安徽公司（英文CIIC Anhui），全称中智安徽经济技术合作有限公司（以下简称中智安徽公司），于2016年11月正式成立，是中央企业中国国际技术智力合作公司（英文CIIC，以下简称中智集团）在安徽地区的唯一全资子公司。中智安徽公司设立在安徽省合肥市经开区，我们将依托中智集团雄厚的专业服务资源和全国服务网络，全方位推广中智集团在全国所提供的专业化产品和服务，帮助服务企业更好的吸引、保留、激励人才，为推动安徽地区行业的专业化发展做出贡献，帮助更多企业提高综合竞争力。中智安徽公司地址：安徽省合肥市经开区二、应聘须知1、应聘流程简历投递——资格审查——笔试——面试——背景调查——体检——入职2、请确保简历上的邮箱及联系方式正确无误，投递简历后请保持手机畅通并及时查收邮箱邮件。,"https://www.zhaopin.com/jobdetail/CC456534580J40657138806.htm?refcode=4019&srccode=401901&preactionid=a7c1140f-c46c-45e5-b867-ab342d8bdc77"
1381,科研人员,日照-东港区,2-4万,山东元泰生物工程有限公司,"生物工程,生物工程",300-499人,未融资,CC202638630J40677162114,岗位职责： 1. 进行前沿科研项目的调研、规划和实施，并对项目进行深入分析、总结和评估。 2. 编制科研项目相关的研究报告、技术文献、学术论文等，参加学术交流和讲座。 3. 持续掌握行业动态和科技创新情况，推动实验室的技术研发和成果转化应用，可指导企业新产品研发方向。 4. 负责公司新品种发酵工艺的建立和优化，指导完成小试开发、中试放大和产业化应用等工作。 5. 负责菌种发酵过程的代谢流量分析和代谢过程分析，指导发酵优化。 6. 负责微生物发酵过程的控制策略的研究，控制方案的开发和持续优化。 7. 负责反应过程的CFD模拟计算和分析，参与微生物反应器的设计和改造。 8. 负责部门研发方案、实验报告、SOP文件、专利及文章等技术资料的撰写工作。 任职要求： 1. 具有微生物学、生物工程、发酵工程、生物化工等相关学科博士及以上学历，具备扎实的理论知识和学习能力，了解行业发展趋势和研究方向。 2. 有生物相关行业研发管理经验者优先考虑。 3. 具备较强的逻辑思维和科学素养，熟练使用科研工具和技能，包括文献检索、数据分析等。 4. 熟练阅读英文文献，具备利用文献指导研发工作的能力。 5. 对微生物发酵代谢过程和代谢分析方法有深入的理解和应用经验；对微生物发酵控制的手段和策略，有较丰富的经验和独到的见解。 6. 有生物发酵工艺研发、代谢分析研究或CFD流体模拟研究或项目经验者优先。 7. 工作积极主动，责任心强，具有较强的团队协作意识和能力。,7月25日,"基本信息：公司名称：山东元泰生物工程有限公司成立日期：2014.6.5注册资本：6040万元公司地址：山东省日照市经济开发区淮安路398号主要产品（六大系列）：乳酸链球菌素（NISIN）纳他霉素（NATAMYCIN）ε-聚赖氨酸及其盐酸盐（ε-POLYLYSINE/ε-POLYLYSINE HCl）复配防腐保鲜剂（FORMULATED PRESERVATIVES)葡萄糖发酵物（CULTURED DEXTROSE)谷氨酰胺转氨酶（TRANSGLUTAMINASE, TG）企业标签：日照市科技创新引领企业日照市“瞪羚”企业（高成长期科技企业）山东省院士工作站山东省“专精特新”中小企业（小巨人企业）山东省绿色制造项目库（第一批）绿色工厂企业山东省重点上市后备企业（503家）国家循环经济示范项目企业国家级“高新技术企业”企业文化：企业使命（Mission）：尽我所能，让天下百姓安享放心美食企业愿景（Vision）：全球生物食品添加剂可信赖供应商有社会责任感、造福百姓、受人尊敬的中国企业核心价值观（Core Value）：以客户为中心以创新为本，以奋斗者为本不苟不懈，惟精惟一，信则如来团队与个人：团队文化：信任包容务实高效个人修为：可信亲切简单品牌文化：鲜科技鲜生活；健康就是元泰宝天高任鸟飞、海阔凭鱼跃，元泰生物YOTABIO热忱欢迎您的加入！","https://www.zhaopin.com/jobdetail/CC202638630J40677162114.htm?refcode=4019&srccode=401901&preactionid=a7c1140f-c46c-45e5-b867-ab342d8bdc77"
1382,Java,合肥-庐阳区,4000-6000元,合肥常创信息科技有限公司,计算机软件,20人以下,未融资,CC886013760J40116108713,职责描述：,7月23日,合肥常创信息科技有限公司原合肥时代信息科技有限公司，是常州发创软件有限公司的子公司，也是由海外留学归国人员创建的软件开发企业，业务同常州发创软件有限公司。详细信息请参考发创软件网页www.haso-soft.com。合肥时代信息科技有限公司成立于2019年6月，位于合肥市庐阳区双岗街道濉溪路168号新天地国际中心写字楼20楼2001室。我们将全面继承发创软件的企业价值： 1.易于工作的人文环境 2.各色专业人才的稳定集聚 3.完善的培训制度 4.优质的客户资源 5.软件开发的工匠精神我们急需BSE（日语）、PM、PL、SE、PG等各色人才。当然如果你有COO、CTO、CIO的野心和能力，也可以应聘这些职位。我们诚邀有相同价值取向的朋友加入我们的团队！待遇从优，请直接致电发创软件人事部咨询(0519-85101073)。福利待遇五险一金，各种节假日福利，旅游，体检，带薪休假等。,"https://www.zhaopin.com/jobdetail/CC886013760J40116108713.htm?refcode=4019&srccode=401901&preactionid=a7c1140f-c46c-45e5-b867-ab342d8bdc77"
1383,实施工程师,沈阳-沈河区,8000-10000元,辽宁招才人力资源集团有限公司,人力资源服务,100-299人,未融资,CCL1449570670J40779908602,技术支持工程师（长期出差）  北京及上海、三亚、广州、大连等   负责产品的现场调试、维护、客户技术支持与培训工作，确保客户系统高效稳定运行。本职位需经常出差。   主要职责   1. 现场服务：负责智能航海系统产品的现场安装、调试、维护与维修。   2. 技术支持：为客户提供及时、专业的技术支持，解答技术问题，处理故障。   3. 客户培训：对客户进行产品使用、操作及基础维护的培训。   4. 文档与反馈：完成服务文档的整理归档，及时、准确反馈现场故障信息。   任职要求   1. 学历：本科及以上学历。   2. 专业：电子信息工程、计算机科学与技术、电气工程及其自动化、自动化等相关专业。   3. 经验：智能航海系统的技术支持工程师，具有相关领域工作经验者优先。   4. 能力：   具备良好的沟通能力和服务意识。   能够独立分析和解决技术问题。   适应经常性出差。   薪资福利   基本薪资： 6000元/月。   出差补助：出差期间，150元/天。   综合薪资6000-9000/月   工作时间：标准工作制，每天8小时（不含1小时午休）   如周末客户处无需支持，可在当地休息。   如周末需加班支持客户，可安排调休。   法定节假日加班，按国家规定支付三倍工资。   入职即缴纳五险，试用期三个月薪资*80%   差旅保障：出差期间的住宿费、交通费实报实销。,7月25日,辽宁招才人力资源集团有限公司成立于2005年11月，总部设在沈阳，下辖1个分公司，3个全资子公司，是卓越的数智化人力资源综合服务供应商。公司秉承满足客户需求、深切理解和体验客户，让客户在被服务中享受乐趣的服务价值理念，将“融合、责任、创新”贯穿到整个产品设计和服务全流程。采取集团化服务与管理模式，打造了劳务派遣、人力资源服务外包、招聘流程外包（RPO）、企业在线培训、生产线外包、岗位外包、项目外包、清洁服务外包、劳动争议纠纷处理等传统人力资源服务产品，开发运营了灵活用工、电子劳动合同、背景调查、薪酬管理外包、小时工管理平台等数值化共享产品，形成了一对一专属服务、团队服务、现场服务、俱乐部式、互联网平台服务等多维交互式服务相结合的服务模式，为政府机关、事业单位、各类企业等组织提供人力资源供给配置、激励保障、降本增效、技术提升等有效服务。历经19年的发展，公司实缴注册资金2000万，人力资源服务许可证、劳务派遣经营许可证等各项服务资质完备，各项业务指标位列辽宁省人力资源服务行业前茅。,"https://www.zhaopin.com/jobdetail/CCL1449570670J40779908602.htm?refcode=4019&srccode=401901&preactionid=a7c1140f-c46c-45e5-b867-ab342d8bdc77"
1384,科研人员,合肥-蜀山区,2.5-3.5万,中机第一设计研究院有限公司,科学技术推广,500-999人,不需要融资,CC655670780J40659797006,岗位要求： 1.负责公司可再生能源农林废弃物综合利用等技术课题或项目的研究; 2.负责协助撰写各类科技项目申报材料，保持项目跟踪、验证等:(如省市重大项目、科技攻关计划、专项发展计划等)3.负责科研项目的组织与实施，科研体系建设; 岗位职责： 1、化学工程与技术、环境微生物、能源类相关专业，博士学位 具有科研思维及良好的文字能力，能独立撰写申报材料; 2、有较强的沟通、人际交往和组织协调能力; 3、有较强的时间管理能力，思维条理清晰: 4、有强烈的工作责任心，富有团队合作精神，有创新意识;,5月26日,中机第一设计研究院有限公司（原机械工业第一设计研究院）隶属于国务院国资委直属中央企业中国机械科学研究总院集团有限公司。1952年成立于北京，是我国最早建立的工程设计单位之一。1970年因战备疏散迁址至安徽省蚌埠市；2012年8月总部搬迁至安徽省合肥市；2017年12月改制为国有独资公司。我公司现有职工800多人。其中，享受国务院政府特殊津贴专家14人，机械总院杰出科技型专家2人，机械总院杰出复合型专家3人；具有高级职称的员工近200人，各类专业注册人员300多人次。拥有16个专业甲级资质、9个专业乙级资质，涵盖工程设计与咨询、工程监理和工程承包等相关业务领域。拥有对外承包工程经营资格证、压力管道设计许可证和军工涉密业务咨询服务资格。现有铸造、锻压、热处理、工业炉、非标设备、机械加工装配、焊接、表面处理等装备制造业基础共性技术和各类机械工程工艺以及建筑、结构、电气自动化、暖通、给排水、热能、动力、环保、总图、工程经济、建设监理等23个专业领域。院设有八个生产部门和八个职能部门；设有北京、上海、深圳、厦门等地设有分公司；是北京中机一院工程设计有限公司和北京华兴工程建设监理咨询有限公司的控股单位。建院六十多年来，承担并完成了国家大、中型重点工程和境外工程项目4000多项，包括工程设计、工程咨询、工程总承包及工程监理等业务。完成科研业务2550多项，设备设计2800多台（套）。获国家、部、省级科学进步奖、优秀工程设计奖及质量管理成果奖等300余项，其中国家奖60余项。设计并建成投产的项目遍布全国30个省、市、自治区。为我国机械工业的创建发展和社会主义经济建设做出了重大贡献。中机第一设计研究院有限公司通过了ISO9001:2008质量管理体系、ISO14001:2004环境管理体系、OHSAS18001:2007职业健康安全管理体系认证。秉承“团队、奋斗、学习、创新”的理念，可以为客户提供工程建设全过程优质周到的服务。,"https://www.zhaopin.com/jobdetail/CC655670780J40659797006.htm?refcode=4019&srccode=401901&preactionid=a7c1140f-c46c-45e5-b867-ab342d8bdc77"
1385,技术支持工程师,西安-未央区,6000-8000元,北京理加联合科技有限公司,"环保,仪器仪表制造",20-99人,未融资,CC148231500J40168827407,职位描述： 1. 野外仪器安装、调试和维护工作； 2. 产品资料与文献的整理与撰写工作； 职位要求： 1. 理科、农学、电子类工科等专业大学本科及以上学历； 2. 有一年及以上通量、气象仪器、土壤呼吸等仪器设备安装维护工作经验者优先； 3. 具备良好的沟通能力和团队协作能力； 4. 能胜任出差工作；   5. 工作地点：西安       加入理加联合，您将获得：   1. 除工资外，餐费补助、通讯补助、交通补助、年终奖、节日福利、结婚礼金；   2. 五险一金全额缴纳、定期体检、国内/国外旅游、春游活动、带薪年假；   3. 国家法定假日、周末双休、工作日无加班；   4. 配置高性能笔记本电脑；   5. 公司出资，提供国内及国外专业技能培训；   6. 创新成果可获得公司额外奖励；   7. 五年、十年服务奖励（现金+纪念戒指）；   8. 员工持股计划。 职位福利：节日福利、周末双休、五险一金、交通补助、通讯补助、带薪年假、员工旅游、餐补   ,7月25日,北京理加联合科技有限公司成立于2005年，是一家专业的生态环境仪器供应商和技术服务商。主要产品涵盖稳定性同位素测定、痕量气体测量、地物光谱测量、高光谱成像测量、大气空气质量监测、水化学分析、野外便携和长期监测分析仪器。理加公司是美国LGR公司、美国ASD公司、Thermofisher公司（空气质量监测仪器）、美国Resonon公司、意大利AMS公司在中国区的独家代理商和技术服务商，是美国Campbell公司、美国YSI公司、美国Agilent公司（4300傅里叶红外光谱仪）、美国Tetracam公司在中国区的代理商和技术服务提供商。理加公司先后为国内的权威研究机构、著名大学和政府监测部门提供了大量国际领先水平的仪器。公司先后获得了多项“211”工程，“985”工程，水利部“948”项目、农业部“学科群”项目、中国生态系统研究网络(CERN)、中国森林生态系统定位研究网络(CFERN)的大额订单。这既是用户对我们的支持和厚爱，也是对我们的服务能力和水平给予的认可和肯定。成立以来，理加公司不仅以专业的眼光挑选国外的最新仪器介绍给国内的科学家，还应国内用户的需求，建立专业的研发部门。为客户生产进口设备主机配套的前处理或后处理设备，将原有设备的应用价值发挥到最大，为国内学者所提出的新观点、获得第一手观测数据、发表高水平的研究论文提供帮助。理加公司自主研发的植物水和/或土壤水真空抽提装置、土壤温室气体通量监测系统、土壤剖面梯度痕量气体采集装置、土壤水稳性试验仪、平板多通路阀板、多通路阀板、带侧向通孔的多通路阀板及其控制多个气路的方法等，已成功获得20余个实用新型专利证书，并已投入生产和市场销售。,"https://www.zhaopin.com/jobdetail/CC148231500J40168827407.htm?refcode=4019&srccode=401901&preactionid=a7c1140f-c46c-45e5-b867-ab342d8bdc77"
1386,实施工程师,苏州-工业园区,5000-6000元,苏州艾隆科技股份有限公司,"医疗设备/器械,医疗设备/器械",500-999人,已上市,CC191096710J40820868608,岗位职责： 1、配合项目经理对项目施工现场的施工进行组织管理。确保项目按质按期完成。 2、配合项目经理按照公司制定的项目安装作业标准确保质量、安全、工期等达标。 3、按时向上级报送项目实际完成量，按合同要求收取进度款。 4、负责项目的设备调试，收集项目资料，按要求制作交工资料，推进项目验收。任职要求：  1、乐于与人沟通，沟通能力强。  2、 大专及以上学历，理工类专业（机电，电气自动化等优先）。  3、 熟悉OFFICE、AUTO CAD的基本操作；  4、 勤奋、热情有团队合作精神及良好的沟通能力；  5、 能吃苦耐劳，有很强的适应能力并能适应出差；  6、有非标项目实施经验优先。,7月7日,"中国新型智能医疗企业典范—艾隆科技。苏州艾隆科技股份有限公司成立于2006年1月，是中国综合能力领先的药房自动化设备的研发制造企业，也是中国规模领先全智能物资管理系统及整体解决方案开发商和制造商，在充分调研国内医疗机构物资使用习惯和需求基础上，借助工业4.0时代智能技术，坚持精益制造，打造一条医疗物资供应链智能设备的完整产品线，建立了物资管理价值链上的三大核心支柱体系即：精准智能分发体系、精益物流服务体系、合理安全使用体系，通过为医院提供全院级的智慧药房、智能物流传输系统、智慧病区方案、物资（药品、耗材）管控信息平台等终端设备与信息平台结合的两化融合方案，帮助各级医疗机构构建智能物资管控和精益物流管理体系。行业先锋——规模保障。艾隆科技是行业内的国家火炬计划重点高新技术企业之一,也是目前少数能独立提供医院药房自动化整体解决方案和医院供应链系统方案的专业厂商，生产的产品共计5大产品线，近200余种产品。艾隆科技目前拥有行业内完善的“药房自动化工程技术研发中心”，已经启用的总建筑面积为38476.92m2研发大楼是世界领先的药房自动化系统和医院供应链产品的研发基地之一，2018年随着浙江供应链中心的启用，以及即将建设开工的研发中心二期，将形成两地三城的产业布局，围绕医疗物资智慧供应链产品实现了研发、制造、安装售后的自主全产业链布局。科技立品——品质立命。品质铸就品牌是公司的核心价值理念，公司建立了完整的质量控制体系，此外，公司各主要产品通过了欧盟CE品质认证。严格的质量管控保障了高品质、高性能的产品诞生。2007年，公司研发了第一代药房自动化产品，经过多年的发展和积累，公司紧跟行业需求，不断更新替代既有产品，形成了医疗物资智能管理的一体化解决方案。目前，公司已掌握医疗物资智能管理领域软硬件整体研发能力及多项核心技术。截止2020年5月，已取得56项软件著作权和377项专利，其中发明专利150项。2020年5月，公司产品已覆盖国内600余家医疗卫生机构（其中包含300余家三甲医院），包括北京协和医院、上海瑞金医院、同济医院、中南大学湘雅医院等国内著名医院，同时为国内主流医院供应链服务企业提高优质高效的产品及服务，积累了丰富的项目经验。","https://www.zhaopin.com/jobdetail/CC191096710J40820868608.htm?refcode=4019&srccode=401901&preactionid=a7c1140f-c46c-45e5-b867-ab342d8bdc77"
1387,C/C++,北京-西城区,1.5-3万·13薪,积至(海南)信息技术有限公司北京分公司,"计算机软件,互联网,IT服务",100-299人,未融资,CC822236150J40190687812,岗位职责： 1. 根据项目目标，承担系统模块和复杂业务的设计，开发和优化，并且对业务模块工作负责；   2. 能够理解并遵循项目组制定的开发要求、规范、流程；   3. 根据项目需要运用一定的专业工具，完成业务设计，编码，单元测试等工作；   4. 参与项目开发过程的需求分析，系统设计，编码及测试工作，并参完成阶段相关技术文档的撰写工作；   任职要求：   1. 计算机、电子、通信等理工科相关专业，本科及以上学历，2年以上c/c++工作经验，linux 开发环境优先；   2. 具有良好的学习能力和逻辑思维能力，扎实的C/C++基础，能熟练进行Unix/Linux下的各种操作，熟悉Shell脚本开发；   3. 具备较长时间的在Linux下的标准C/C++编程经验，熟悉C/C++编程和调试，较强的程序Bug分析和修订能力，Linux内核编程经验者优先；   4. 熟悉TCP/IP协议，具备网络相关知识，如路由，交换等；   5. 熟悉socket网络编程，熟悉多进程编程；   6. 熟悉使用Oracle或mySQL等主流数据库，并具有实际的开发工作经验；   7. 熟练掌握常见的数据结构、算法，以及相关的使用；   8. 有python等某种脚本语言开发经验者优先；   9. 具有较好的英文阅读能力；   10. 工作认真负责，良好的团队协作意识，能承受一定的工作压力。   ,3月3日,"积至（海南）信息技术有限公司（Geedge Networks Ltd.）于2018年设立，并于同年在北京设立研发和运营中心。核心技术团队主要成员来自国内一流科研机构，具有20余年信息安全系统建设经验。公司致力于为客户提供创新的网络智能和安全解决方案，我们的解决方案将网络、使用情况和安全数据转化为可操作的情报，使我们客户的网络更智能，他们的用户更安全。基于核心团队积累的深厚技术能力，公司在DPI、SDN、知识图谱等研究领域持续投入，秉承“One in all, all is one”的平台化理念，构建了完整的“网络接入-安全检测-智能分析”的技术体系，满足客户对网络的安全和运营需求。","https://www.zhaopin.com/jobdetail/CC822236150J40190687812.htm?refcode=4019&srccode=401901&preactionid=a7c1140f-c46c-45e5-b867-ab342d8bdc77"
1388,Java,武汉-江夏区,1.5-3万·14薪,外企德科数字技术有限公司,专业技术服务,10000人以上,,CCL1480117890J40689620505,"【岗位职责】线上面试，有题库刷题，试用期全薪不打折   1、参与项目需求分析，搭建系统框架和核心模块的设计；   2、根据项目进度完成代码开发任务；   3、对代码进行维护、改进与完善，以满足新需求；   4、参与数据仓库需求分析、程序优化；   5、在项目开发过程中，与团队共享、研讨相关工作和培训经验；   【岗位要求】   熟练掌握任意一门语言即可,前端后端等均有坑哦   入职即安排高资历师傅一带一带教，再也不用担心会不会啦~   【技术优势】   部门发展迅速，大牛带队，使用主流技术，个人技术提升大、视野宽，机会多，进步快   【福利待遇】   1、入职购买全额五险一金+补充商业医疗保险；   2、绩效奖金+年终奖+节假日福利+定期体检+带薪年假，都给安排的妥妥的！   3、超赞的办公环境，食堂班车夜宵一应具全~",2025-07-27 00:23:25,外企德科数字技术有限公司是一家2023年新成立的中外合资企业。成立于2023年11月24日，公司定位：专注于为信息技术企业提供人才及数字技术外包解决方案的中外合资企业。它是由中国人力资源服务行业的FESCO（北京国际人力资本集团）与全球人力资源服务领导者The Adecco Group（德科集团）合资成立的。公司主要提供网络技术服务、软件外包服务、计算机系统服务、技术进出口、软件开发等信息技术相关服务。专注于为信息技术企业提供信息技术类人才及数字技术外包解决方案。,"https://www.zhaopin.com/jobdetail/CCL1480117890J40689620505.htm?refcode=4019&srccode=401901&preactionid=a7c1140f-c46c-45e5-b867-ab342d8bdc77"
1389,前端开发,上海-浦东新区,2-4万·16薪,陕西慧云联达企业管理咨询有限公司,人力资源服务,20-99人,不需要融资,CCL1445845820J40738885305,岗位职责 1.根据项目需求，进行前端页面的设计、编码及调试； 2.与UI设计师、后端工程师紧密合作，实现产品界面的高效交互； 3.负责前端性能优化，提升页面加载速度和用户体验； 4.跟踪前端技术发展趋势，引入新技术提升团队开发效率； 任职要求 1.统招计算机相关专业本科及以上学历； 2.熟练掌握HTML、CSS、JavaScript等前端基础知识； 3.熟悉主流前端框架（如React、Vue、Angular等）及其生态； 4.对前端性能优化有深入了解和实践经验； 5.具备良好的沟通能力和团队协作精神。,4月30日,陕西慧云联达企业管理咨询有限公司成立于2022年9月，是一家集高端猎头服务与专业代理记账报税业务于一体的综合性企业服务提供商。自成立以来，我们秉承“智聚英才，财通未来”的企业理念，致力于为国内外企业客户提供精准高效的人力资源解决方案及一站式财务管理服务，助力企业稳健成长，共创辉煌。,"https://www.zhaopin.com/jobdetail/CCL1445845820J40738885305.htm?refcode=4019&srccode=401901&preactionid=a7c1140f-c46c-45e5-b867-ab342d8bdc77"
1390,Java,深圳-龙岗区,2-4万·16薪,外企德科数字技术有限公司,专业技术服务,10000人以上,,CCL1480117890J40791481205,毕业要求：毕业不限 岗位职责： 1、负责IT系统平台的设计、开发和上线交付，包括软件实现设计、代码开发与调试、测试验证、线上运维工作。 2、持续看护所负责的系统/模块代码，不断开展重构优化，确保代码质量不腐化、安全可靠。 任职要求： 1、计算机、软件、通信、信息等相关专业本科及以上学历； 2、热爱编程，基础扎实，熟悉掌握但不限于JAVA/C++/C/Python/JS/HTML/GO等编程语言中的一种或数种，有良好的编程习惯； 3、具备独立工作能力和解决问题的能力、善于沟通，乐于合作，热衷新技术，善于总结分享，喜欢动手实践； 4、对数据结构、算法有一定了解。,2025-07-27 00:25:51,外企德科数字技术有限公司是一家2023年新成立的中外合资企业。成立于2023年11月24日，公司定位：专注于为信息技术企业提供人才及数字技术外包解决方案的中外合资企业。它是由中国人力资源服务行业的FESCO（北京国际人力资本集团）与全球人力资源服务领导者The Adecco Group（德科集团）合资成立的。公司主要提供网络技术服务、软件外包服务、计算机系统服务、技术进出口、软件开发等信息技术相关服务。专注于为信息技术企业提供信息技术类人才及数字技术外包解决方案。,"https://www.zhaopin.com/jobdetail/CCL1480117890J40791481205.htm?refcode=4019&srccode=401901&preactionid=a7c1140f-c46c-45e5-b867-ab342d8bdc77"
1391,软件测试,无锡-滨湖区,4000-6000元,无锡捷天云信息科技有限公司,"计算机软件,人工智能,企业服务,计算机软件",20人以下,未融资,CC417123630J40286504903,职位描述 工作职责: 1、负责软件系统的内部测试工作，及时反馈测试结果并对测试发现的问题及时跟进; 2、搭建和维护基于linux和windows下的测试环境; 3、按时、保质、保量完成对产品的集成测试与系统测试，对产品的软件功能、性能及其它方面的测试。 4、协助实施工程师编制软件操作指导书。 5、熟悉基本的office办公软件（Word、Excel、PPT等）。 6、有较强的学习能力，工作细致认真，有耐心，有责任心，具有团队合作精神。 7、有软件测试经验者优先。职位福利：五险一金、绩效奖金、年终分红、补充医疗保险、节日福利、创业公司、每年多次调薪、周末双休   ,5月28日,无锡捷天云信息科技有限公司是西安捷天信息科技股份有限公司在无锡的分公司，目前为无锡康明斯涡轮增压技术有限公司、无锡赛晶电力电容器有限公司、上海永锦电气集团有限公司等多家企业提供MES系统、RFID系统解决方案，是集软件、硬件、解决方案及服务为一体的综合性IT服务集成商。公司着力于共同开发，构建了生产制造执行系统(MES)、设备全生命周期管理系统（EMMS)、能源管理系统（EMS）、仓库管理系统（WMS）等产品。与SAP、Oracle、金蝶、用友等ERP系统实现无缝连接，与自动化设备、智能仪表等底层设备实现双向的数据交互，为企业实现真正机械化、信息化、自动化的智能制造，最终通过智能制造助力属于我们民族的真正的“工业4.0”落户无锡，落户江苏，落户中国。我们坚持以“专业的技术，先进的科技，优良的品质，一流的服务”为宗旨，为客户带来更多的价值，与客户共同发展，实现双赢！,"https://www.zhaopin.com/jobdetail/CC417123630J40286504903.htm?refcode=4019&srccode=401901&preactionid=a7c1140f-c46c-45e5-b867-ab342d8bdc77"
1392,科研人员,合肥-庐阳区,1.8-2.5万,合肥综合性国家科学中心能源研究院(安徽省能源实验室),"新能源,新能源",100-299人,未融资,CCL1237831530J40728810007,岗位职责： 1、ECR离子源束光学特性分析； 2、100mA大电流离子源技术开发。 任职资格： 1、具有博士学历； 2、物理/核能科学与工程等相关专业；,6月16日,"合肥综合性国家科学中心能源研究院（安徽省能源实验室）〔以下简称“能源研究院”〕为安徽省和中国科学院共建的省级事业单位法人，依托中国科学院合肥物质科学研究院等离子体物理研究所、安徽理工大学、中国科学技术大学、合肥工业大学等单位建设。能源研究院重点部署磁约束聚变、可再生能源、智慧电力电网、煤炭清洁高效利用四个研究方向，统筹加强基础研究、应用基础研究、技术创新，带动能源领域科研力量优化布局和自主创新能力跃升，形成在能源技术发展领域拥有重要话语权和影响力的战略科技创新力量，打造面向世界科技前沿的“航母级”研究平台。合肥综合性国家科学中心能源研究院，自2019年12月31日成立已满4周岁，四年来，在习近平新时代中国特色社会主义思想科学指引下，在安徽省省委、省政府坚强领导下，在省市相关部门大力支持下，能源研究院自身建设不断加强，科研能力不断提升科技创新不断突破成果转化不断深入各项事业取得可喜进步一、团队建设：牢固树立“项目引才、实战育才、事业留才”理念、着力打造人才高地。现有373名全职、双聘人才,其中：全职人员153名(博士43名,高级职称30人)双聘人员220名(博士168名,高级职称占比85%)，已初步建立起院士领衔、教授和领军人才支撑、青年学者为骨干的梯队式人才团队。二、能力建设：1.国家自然科学基金依托单位、2.省自然科学基金依托单位、3.省级博士后科研工作站、4.安徽省新型研发机构、5.SGS三体系质量认证证书、6.自然科研系列、7工程技术系列自主评审权安徽省太赫兹技术生物医疗应用工程研究中心、8.合肥综合性国家科学中心能源研究院电力检测中心、9.取得CMA实验室资质认定三、科研进展：组建8个专业研究中心：1.氢能源与氨应用中心、2.可再生能源中心、3.智慧电力中心、4.煤炭清洁高效利用中心、5.超导技术应用中心、6.先进波源中心、7.中子技术应用中心、8.深地科学与工程中心。布局实施26个重大科研项目发表高水平论文435篇申请专利286项(授权71项)获得省科技进步二等奖1项争取国家级项目20项。获批省市揭榜挂帅及自然基金项目13项累计争取国家、省市纵向研究经费近4000万元。四、前沿基础研究重大成果：1.能源小分子催化转化研究达到国际领先水平、2.下一代太阳能电池材料及器件研究取得重大突破、3.雷击接闪机理与防护研究达到国内领先水平、4.等离子体诊断技术研究填补国内技术空白。","https://www.zhaopin.com/jobdetail/CCL1237831530J40728810007.htm?refcode=4019&srccode=401901&preactionid=a7c1140f-c46c-45e5-b867-ab342d8bdc77"
1393,C/C++,北京-海淀区,1.5-2.5万·13薪,北京计算机技术及应用研究所,"计算机硬件,计算机软件,通信/网络设备,IT服务",1000-9999人,未融资,CC120834970J40634197002,岗位职责:,1月3日,"北京计算机技术及应用研究所，是一家历史悠久且富有活力的研究所，隶属于中国航天科工集团公司，是国内最具实力的特种计算机研究所之一，拥有硕士点最多的计算机专业研究所，包括计算机系统结构、计算机应用技术、计算机软件与理论、计算数学、控制理论与控制工程等5个专业硕士学位授予点。现有所培在读硕士生、博士生60余人。研究所现有从业人员1500余人，其中科研人员1100余人。研究所拥有抗恶劣环境计算机系统、车载计算机、服务器、单兵作战计算机、通信设备及防火墙等全系列产品线。另外在计算机系统软件、支撑软件、软件工程与软件评测、SoC、嵌入式计算机、物联网技术、安全防护技术等多个领域均有较强实力。取得了""银河""亿次向量识别器和算法库，特别是火箭，飞船的软件评测等重大科研成果,研究所位于繁华的北京西长安街，2013年，公司在西四环五棵松桥西北，投资新建了10万平米智能化办公楼，交通便利，环境优雅，另外在丰台区、房山区设有多个办公室。研究所下设物联网、中认、爱威、航天数控四大科技产业公司，拥有7个事业部和2个前沿技术研究中心。是上市公司航天长峰（600855）的第二大股东。有军工企业特色的良好人文环境。科研任务饱满，课题研究经费充足，产业前景良好，有充足的科研开发课题和工程研究项目，有培训、晋升等多种激励政策，有完善的保障、福利和生活配套设施，待遇丰厚，有极具挑战性的事业和广阔的个人职业发展空间。欢迎身为青年才干的你早日加入我们，成就更大的事业！","https://www.zhaopin.com/jobdetail/CC120834970J40634197002.htm?refcode=4019&srccode=401901&preactionid=a7c1140f-c46c-45e5-b867-ab342d8bdc77"
1394,实施工程师,成都-武侯区,4000-8000元,四川通发电信股份有限公司,"运营商/增值服务,IT服务,咨询服务,零售/批发",500-999人,未融资,CC120055420J40770615307,一、职位职责  1.负责部门内的日常管理   1.1.参与分解部门的工作计划，负责部门内部的人员工作安排，保证工作流程顺畅；   1.2.协助处理部门内部的人员的绩效考核、技能培训等工作；   1.3.与各部门之间密切配合、相互沟通，深入了解下属管理人员和员工的思想状况，及时纠正不良倾向；   1.4.经常对项目相关人员进行职业道德、竞争意识等方面的教育培养工作人员责任感。   2.制度建设   2.1.编制技术支撑相关制度及管理办法；   2.2.编制技术支撑考核管理办法，按月对分管岗位实施考核。   2.3.根据本中心《维护管理制度》要求，制定平台应急预案，定期组织平台应急及故障演练，不断完善；   2.4.负责技术支撑类各项制度制定，监督、指导以及对专业技术人员的考核；   2.5.跟踪和学习最新的技术动态，及时了解新技术、新业务和新设备。   3.负责项目技术支撑管理   3.1.负责项目的售前技术支持，完成售前咨询、方案设计、投标书制作、投标及应答；   3.2.协助客户经理和客户各个层面的技术交流和解答；   3.3.配合客户经理编写技术方案；   3.4.负责项目策划及组织实施工作；   3.5.响应及解决客户的技术要求及疑问；   3.6.通过平台数据对项目进行专业分析，并反馈客户；   4.负责支撑服务管理   4.1.及时响应并处理项目运营过程中遇到的技术类问题及故障，确保项目正常进行；   4.2.负责完成服务器多种操作系统和多种网络应用服务的安装和调试；   5.负责VPDN核心平台管理   5.1.负责对本中心核心平台规划与部署；   5.2.负责协调联通各部门持续对平台网络进行优化；   5.3.负责对本中心核心平台异地备份定期组织应急演练；   5.4.安排本中心各项目平台维护，及时发现、处理、协调和解决各类平台类故障；   5.负责项目的管理工作   5.1.组织准备工作，对所有工程建设进度、质量、成本、安全负责   5.2.参与项目可行性研究，参与项目前期规划方案论证、施工图设计会签；   5.3.指导项目的实施，监督检查项目完成的进度和工程质量；   5.4.协调工程部与其他部门工作关系；   5.5.协调有关部门解决施工现场的技术变更或技术疑难问题；   5.6.负责对各项目提供服务和控制，对项目进行过程监督.   6.负责项目预算管理工作，   6.1.组织项目预算管理，主持对项目组的考核和评价   6.2.负责组织编制并审核工程项目施工费预算以及辅材采购的预算；   6.3.制定对项目组的实施考核的指标体系；   6.4.组织相关人员对项目组进行打分测评；   6.5.综合评价项目组的工作绩效；   6.6.组织项目建设的总结。   7. 负责售后服务   7.1.统筹安排、分配维修任务，高质量的完成公司的维护工作任务；   7.2.安排所需要的零配件、设备、材料、工具仪器的合理使用，减少维护费用；   7.3.与客户保持良好的沟通和联系，提高客户对维护工作的满意度；   7.4.制定完善并执行可操作的维护工作管理制度和工作流程；   7.5.解决维修难题，对维修工作存在的问题进行分析、总结。   8. 完成领导交办的其他工作,7月25日,四川通发电信股份有限公司创立于1993年，现由中国联通控股，是西南地区首家以股份制形式经营通信业务和通信增值业务的企业，其经营范围涵盖通信工程建设、监理、招标、行业应用系统集成、电信增值业务、劳务派遣、物业管理、通信终端销售等方面。在企业发展过程中，公司始终坚持“人本化管理、公司化运作、专业化经营”的经营理念，努力打造成为一流的电信运营商的服务提供商。,"https://www.zhaopin.com/jobdetail/CC120055420J40770615307.htm?refcode=4019&srccode=401901&preactionid=a7c1140f-c46c-45e5-b867-ab342d8bdc77"
1395,Java,深圳-龙岗区,1.2-2.4万·14薪,外企德科数字技术有限公司,专业技术服务,10000人以上,,CCL1480117890J40792584105,"1、3年或以上java开发项目经验 2、熟悉Spring,Mybatis,Redis,MQ等常用框架 3、精通Mysql等常用数据库开发及调优，精通Tomcat及Linux操作系统； 4、有良好的编码习惯及严谨的逻辑思维； 5、有高度的团队合作精神，工作态度端正，积极性高，具有较强的沟通能力。",2025-07-27 00:25:55,外企德科数字技术有限公司是一家2023年新成立的中外合资企业。成立于2023年11月24日，公司定位：专注于为信息技术企业提供人才及数字技术外包解决方案的中外合资企业。它是由中国人力资源服务行业的FESCO（北京国际人力资本集团）与全球人力资源服务领导者The Adecco Group（德科集团）合资成立的。公司主要提供网络技术服务、软件外包服务、计算机系统服务、技术进出口、软件开发等信息技术相关服务。专注于为信息技术企业提供信息技术类人才及数字技术外包解决方案。,"https://www.zhaopin.com/jobdetail/CCL1480117890J40792584105.htm?refcode=4019&srccode=401901&preactionid=a7c1140f-c46c-45e5-b867-ab342d8bdc77"
1396,Java,西安-未央区,5000-6000元,西安安睿信息科技有限公司,计算机软件,20-99人,未融资,CC702559880J40867716315,■任职资格  1.计算机软件工程或计算机相关专业；,7月25日,西安安睿信息科技有限公司是一家集研发、销售、服务、研究、创新于一体的科技化信息技术企业，经过多年超高速开发平台的研发积累与沉淀，产品已最初从单一化到目前多元化。公司立足于西安，辐射全国，引领和推动软件定制开发模式的变革。,"https://www.zhaopin.com/jobdetail/CC702559880J40867716315.htm?refcode=4019&srccode=401901&preactionid=a7c1140f-c46c-45e5-b867-ab342d8bdc77"
1397,测试工程师,北京-朝阳区,面议,北京三快在线科技有限公司,互联网,1000-9999人,已上市,CC383625320J40754558709,,2025年07月28日,美团是一家科技零售公司。美团以“零售+科技”的战略践行“帮大家吃得更好，生活更好”的公司使命。自2010年3月成立以来，美团持续推动服务零售和商品零售在需求侧和供给侧的数字化升级，和广大合作伙伴一起努力为消费者提供品质服务。2018年9月20日，美团在港交所挂牌上市。美团始终以客户为中心，不断加大在新技术上的研发投入。美团会和大家一起努力，更好承担社会责任，更多创造社会价值。,"https://www.zhaopin.com/jobdetail/CC383625320J40754558709.htm?refcode=4019&srccode=401901&preactionid=a7c1140f-c46c-45e5-b867-ab342d8bdc77"
1398,测试工程师,盐城-亭湖区,5000-7000元,天阳科技,"计算机软件,计算机软件",1000-9999人,已上市,CC120408370J40824007908,1.全国项目驻场测试，主要负责功能、数据或接口等相关测试工作； 2.统招本科学历及以上（学信网可查）；毕业满2年；计算机专业优先； 3.热爱软件测试行业、有强力的自驱力，能够在测试岗位深入学习研究； 4.有无经验均可，服从公司安排，接受公司培养，可接受异地工作优先； 福利待遇： 上市公司，公司可以提供住宿，提供五险一金； 欢迎符合要求的小伙伴们投递~,7月26日,天阳科技(股票代码：300872)，是全球金融创新服务的重要贡献者，持续赋能中国金融行业数字化转型，为客户提供咨询、金融科技产品、金融IT服务、云计算及运营服务。公司成立于2003年，服务超过300家金融行业客户，覆盖中央银行、政策性银行、国有银行、股份制银行、地方性商业银行、非银行金融机构等，员工人数近7000人，成为激活金融领域创新活力、推动金融科技迈入世界领先水平的重要力量。作为金融行业客户可信赖的合作伙伴，天阳科技凭借丰富的行业经验和端到端的专业服务，在信创、数字化金融、信贷、交易银行、信用卡、零售、营销、风险管理、征信监管等众多领域具备核心竞争力。据赛迪和IDC报告显示，近年来公司在中国银行业IT解决方案市场排名强势崛起，2019年收入及市场占有率综合排名分别位列第四位和第五位，并保持高速增长。同时，前瞻商业和科技趋势，入选2021年度未来银行科技服务商TOP100。天阳科技始终聚焦金融科技领域，加大自主创新力度，在超过100个城市建立本地化、专业化的研发和服务团队，拥有CMMI5级认证、软件测试成熟度模型集成（TMMi）3级认证、ISO9001质量管理体系认证、ISO20000信息技术服务管理体系认证、IS027001信息安全管理体系认证。通过部署人工智能、云计算、大数据、移动互联网、分布式计算和区块链等先进金融科技，公司致力于构建安全可控、普惠民生、开放共赢格局，在关键技术领域服务现代化金融发展大局，更好地为各利益相关方创造更大价值，为大中企业、小微企业以及每个个体提供优质金融服务。,"https://www.zhaopin.com/jobdetail/CC120408370J40824007908.htm?refcode=4019&srccode=401901&preactionid=a7c1140f-c46c-45e5-b867-ab342d8bdc77"
1399,测试工程师,郑州-二七区,8000-15000元·13薪,六安市奎必网络科技有限公司,"计算机软件,互联网,物联网,企业服务",20人以下,未融资,CCL1428431570J40851911615,1.要求统招专科及以上学历，应届毕业生可以接受，但只要长期发展者能够接受去外地工作 2.负责新能源汽车性能测试，功能测试及软硬件测试，理解测试流程并写出测试用例 3.对新能源汽车方面感兴趣，并想长期稳定的发展  4.良好的综合素质，积极主动，有担当，有良好的沟通能力 5.月综合8k到15k，入职缴纳五险一金， 6.正常8小时工作制，双休，节假日正常休息，公司不提倡加班，如必须加班及于正常加班费,6月8日,我们是一家00后居多的公司。公司倡导专业，务实，高效，创新的企业精神，具有良好的内部机制，优良的工作环境以及良好的激励机制。吸引了一批年轻的，有学识的，具有实干精神的人才。高素质，高水平，高效率的人才,"https://www.zhaopin.com/jobdetail/CCL1428431570J40851911615.htm?refcode=4019&srccode=401901&preactionid=a7c1140f-c46c-45e5-b867-ab342d8bdc77"
1400,科研人员,北京-丰台区,1.2-1.5万,中国人民解放军军事科学院国防科技创新研究院,学术/科研,1000-9999人,未融资,CCL1251034670J40590903810,【岗位职责】 1.跟踪相关科技领域发展基本情况与最新动向；,7月23日,中国人民解放军军事科学院国防科技创新研究院军队文职人员招考简历投递邮箱：jskxyjob5@163.com（其他岗位勿投）,"https://www.zhaopin.com/jobdetail/CCL1251034670J40590903810.htm?refcode=4019&srccode=401901&preactionid=a7c1140f-c46c-45e5-b867-ab342d8bdc77"
1401,测试工程师,铁岭-铁岭县,5000-7000元,天阳科技,"计算机软件,计算机软件",1000-9999人,已上市,CC120408370J40824180008,1.全国项目驻场测试，主要负责功能、数据或接口等相关测试工作； 2.统招本科学历及以上（学信网可查）；毕业满2年；计算机专业优先； 3.热爱软件测试行业、有强力的自驱力，能够在测试岗位深入学习研究； 4.有无经验均可，服从公司安排，接受公司培养，可接受异地工作优先； 福利待遇： 上市公司，公司可以提供住宿，提供五险一金； 欢迎符合要求的小伙伴们投递~,7月18日,天阳科技(股票代码：300872)，是全球金融创新服务的重要贡献者，持续赋能中国金融行业数字化转型，为客户提供咨询、金融科技产品、金融IT服务、云计算及运营服务。公司成立于2003年，服务超过300家金融行业客户，覆盖中央银行、政策性银行、国有银行、股份制银行、地方性商业银行、非银行金融机构等，员工人数近7000人，成为激活金融领域创新活力、推动金融科技迈入世界领先水平的重要力量。作为金融行业客户可信赖的合作伙伴，天阳科技凭借丰富的行业经验和端到端的专业服务，在信创、数字化金融、信贷、交易银行、信用卡、零售、营销、风险管理、征信监管等众多领域具备核心竞争力。据赛迪和IDC报告显示，近年来公司在中国银行业IT解决方案市场排名强势崛起，2019年收入及市场占有率综合排名分别位列第四位和第五位，并保持高速增长。同时，前瞻商业和科技趋势，入选2021年度未来银行科技服务商TOP100。天阳科技始终聚焦金融科技领域，加大自主创新力度，在超过100个城市建立本地化、专业化的研发和服务团队，拥有CMMI5级认证、软件测试成熟度模型集成（TMMi）3级认证、ISO9001质量管理体系认证、ISO20000信息技术服务管理体系认证、IS027001信息安全管理体系认证。通过部署人工智能、云计算、大数据、移动互联网、分布式计算和区块链等先进金融科技，公司致力于构建安全可控、普惠民生、开放共赢格局，在关键技术领域服务现代化金融发展大局，更好地为各利益相关方创造更大价值，为大中企业、小微企业以及每个个体提供优质金融服务。,"https://www.zhaopin.com/jobdetail/CC120408370J40824180008.htm?refcode=4019&srccode=401901&preactionid=a7c1140f-c46c-45e5-b867-ab342d8bdc77"
1402,C/C++,南宁-西乡塘区,6000-8000元,广西京师教育投资有限公司,培训/辅导服务,20-99人,不需要融资,CCL1469654850J40690743206,1.学历要求：一般要求本科及以上学历。部分高校招聘可能更倾向于硕士及以上学位。 2.专业背景：通常需要计算机科学与技术、软件工程、网络工程等相关专业，以便深入理解C语言相关知识并进行教学。 3.专业技能：需精通C语言，包括语法规则、数据结构、算法设计等，能熟练运用C语言进行程序开发与调试。同时，要熟悉常用的C语言开发环境，如Dev - 4.C++、Visual C++等，以便指导学生实践操作。 教学能力：能够根据学生特点制定合理教学计划，运用多种教学方法，如案例教学、项目驱动教学等，将复杂知识简单化。需具备课堂管理能力，维持良好教学秩序，还要能为学生提供课后辅导，解答学习疑问，评估学生学习成果。 5.资格证书：高校任教一般要求有高校教师资格证，培训机构对教师资格证要求相对灵活，但有证者优先。此外，拥有计算机技术与软件专业技术资格证书等相关专业证书，可增加竞争力。 6.工作经验：有C语言教学经验或相关软件开发项目经验者优先，有高校教学经历或参与过科研项目者更具优势。  7.其他要求：需热爱教育事业，具有良好的职业道德和敬业精神，同时要身心健康，能正常履行教学职责。,7月7日,1、广西京师教育投资有限公司是在广西湘才教育投资集团有限公司的基础上组建而成。公司以“让劳动更有价值”为愿景，以“专升本培训、现代产业学院、继续教育”为主要业务方向。以“正直诚信、敬业笃行、开放共享、卓越创新”为价值观，是现代终身教育和职业教育的先行者和实践者。2、京师教育成立以来，聚焦统招专升本考试培训，配备上百名硕士以上的全职教师研发团队，师资雄厚。通过线上自主学习和线下系统教学相结合，助力学子圆梦本科。3、同时自主研发了网校平台app“京师在线”，将AI人工智能+大数据辅助学习系统相结合，为广大专升本学员提供全方位一站式教学服务!,"https://www.zhaopin.com/jobdetail/CCL1469654850J40690743206.htm?refcode=4019&srccode=401901&preactionid=a7c1140f-c46c-45e5-b867-ab342d8bdc77"
1403,实施工程师,沈阳-浑南区,6000-8000元,沈阳东信创智科技有限公司,"汽车智能互联,电子设备制造,仪器仪表制造",100-299人,未融资,CC705506820J40774842102,岗位职责： 1.负责Vector产品的日常技术支持及售后培训; 2.向客户介绍Vector工具链产品(通信，诊断，标定)以及相关的技术方案; 3.编写Vector工具(通信，诊断，标定)培训PPT以及售前方案; 4.基于Vector产品进行二次开发(使用到的编程语言包括但不仅限于CAPL，C#，C++，python等); 5.参与汽车电子测试项目实施(CAN，LIN，Ethernet等总线的自动化测试); 6.负责研究前沿汽车网络通信相关的技术标准(CAN-FD，汽车以太网等)。 任职资格： 1.本科及以上学历，车辆工程、自动化、测控、通信、计算机、软件等相关专业。 2.具备良好的沟通表达能力、职业化素养及抗压能力(需要跟客户沟通); 3.熟悉Labview、C、C++、C#、Python等至少一种编程语言。 4.具备良好的文档编写能力和文字表达能力; 5.能够适应短期出差，出差地点主要位于长三角、珠三角和西南地区。,7月18日,期待你加入我们——沈阳东信创智科技有限公司（ DoTrust Technologies）！ 2013年在沈阳成立，现已在北京、上海、武汉、广州、开设了分公司和办事处。东信的核心团队有10多年深厚的汽车电子行业经验，成立至今，已在全国范围内为10余家整车厂和300多家供应商提供产品和服务。东信创智致力于为客户提供高效、可靠的开发测试工具和解决方案。除了深耕传统的CAN/LIN车载总线开发、CAN/LIN车载总线测试及电子电气架构技术，东信在汽车电子新兴技术如汽车以太网上的探索与投入也一直走在行业前列。东信拥有资深的总线及架构设计团队，能利用全球领先的工具链CANoe、PREEvision等完全自主地实现汽车电子完整V模式开发、AUTOSAR、ADAS、SOA架构开发、车载总线测试。“真诚给予、技术精进、一诺千金”是东信创智的核心价值观。我们在追求卓越的道路上，不忘为民族工业贡献智慧的初心，以精益求精的态度，为客户提供更及时的服务。公司网址：www.dotrustech.com,"https://www.zhaopin.com/jobdetail/CC705506820J40774842102.htm?refcode=4019&srccode=401901&preactionid=a7c1140f-c46c-45e5-b867-ab342d8bdc77"
1404,测试工程师,上海-闵行区,8000-13000元,上海浩控信息科技有限公司,"计算机硬件,计算机软件,计算机硬件,IT服务",20-99人,未融资,CC338465010J00459892706,职位要求：  1、负责批产项目调试，三防，模块组装，功能测试，环境测试、生产烧录；2、负责嵌入式系统软件单元测试、集成测试、系统测试、回归测试； 3、负责测试规范的编写。 任职要求： 1、专科及以上学历，通信、电子、计算机等相关专业，优秀应届毕业生优先考虑； 2、熟悉三防工艺、电子元器件焊接、结构件组装工艺，熟悉硬件焊接的优先考虑； 3、有电子产品功能及性能测试经验； 4、有良好的沟通能力、学习能力，态度端正，吃苦耐劳；职位福利：五险一金、带薪年假、全勤奖   ,7月8日,"浩控信息科技有限公司(Hokom., Inc.)自创立以来，一直致力于工业计算机技术，嵌入式系统，自动化控制单元的开发及解决方案，同时也是台北新华控在大陆地区的唯一授权经销商。浩控信息科技坚持以优化方案，优越品质，优质服务的“三优”理念，为各行业用户打造最佳工业计算机系统解决方案。浩控信息科技以用户的需求为考量，同时不断将先进的工业计算机技术、理念应用到实际方案当中，使用户的想法快捷的成为可行性方案，让您的产品领先一步，让您的产品更具市场竞争力。浩控信息科技一直以来与各大工控厂商及行业系统集成商保持着良好的合作伙伴关系，秉承着与合作伙伴共发展，共进步的原则，为国内的工业计算机发展事业出一份力。","https://www.zhaopin.com/jobdetail/CC338465010J00459892706.htm?refcode=4019&srccode=401901&preactionid=a7c1140f-c46c-45e5-b867-ab342d8bdc77"
1405,技术支持工程师,越南-None,6000-8000元,海大集团,"农/林/牧/渔,医药制造,零售/批发,农副产品加工制造",10000人以上,已上市,CC144300060J40743729412,【岗位职责】 1.为客户提供养殖模式设计、病害防治与诊疗及养殖环境改良等技术服务，提高养殖成功率； 2.跟踪动保产品使用效果数据，通过培训提高客户的养殖技术，有针对性地向研发部门反馈产品的竞争力情况； 3.辅导并帮助核心经销商，优化经营模式，扩大销售市场； 【涉及品种】大宗鱼、特种鱼、白虾、小龙虾、螃蟹等； 【工作地点】越南永隆省 【岗位要求】 1、水产养殖、水产病害、动物营养、微生物及化工等相关专业学历者优先； 2、热爱水产行业，乐于从事技术服务性工作，性格开朗、吃苦耐劳，好学，沟通表达能力好、责任心较强；有摩托车或小车驾驶执照；  3、熟练掌握越南语；,7月23日,"广东海大集团股份有限公司（股票代码：002311）是以科技为主导的中国农业龙头企业，1998年成立于广东广州。历经20余年稳健发展，海大集团目前业务涵盖饲料、种苗、动保疫苗、智慧养殖、食品加工等现代农牧全产业链，在全球拥有分子公司逾600家、员工达4万人，位列2023中国企业500强第238位、2023中国民营企业500强第87位。凭借优异的业绩和综合实力，海大集团饲料全年销量稳居全球前二，其中水产饲料销量全球第一。在水产领域，海大集团拥有全球领先的技术优势、资源储备和产业化规模，拥有6个国家新品种，虾苗和鱼苗年销量居全球第一。海大集团以科技作为企业的核心竞争力，近15年来累计科研投入超46亿元，研发团队超3500人，拥有多个国家级科技创新载体，每年开展自主研发项目试验1000多项。2024年上半年，海大集团实现归母净利润21.25亿元，同比增长93.15%，实现饲料销量约1,179万吨，同比增长约8.5%。 2023年，海大集团实现营业收入1161亿元，同比增长10.89%。2009年11月，海大集团成功登陆A股，备受社会各界及资本市场的高度认可。更多内容请浏览公司官方网站","https://www.zhaopin.com/jobdetail/CC144300060J40743729412.htm?refcode=4019&srccode=401901&preactionid=a7c1140f-c46c-45e5-b867-ab342d8bdc77"
1406,C/C++,广州-天河区,8000-9000元·13薪,ZLG致远电子,"电子/半导体/集成电路,仪器仪表制造,计算机硬件",500-999人,未融资,CC147155560J40768128003,提供两个岗位方向： 1、C++上位机开发；2、嵌入式应用C++开发 岗位职责： 1、根据项目需求，实现应用程序设计、编码和调试； 2、按照产品功能需求和项目计划完成软件编程。 任职要求： 1、统招本科及以上学历，计算机/软件/物联网/电子等相关专业，25年应届毕业生； 2、熟悉C/C++语言，理解面向对象编程思想； 3、具备扎实的算法与数据结构基础，熟悉掌握计算机网络、操作系统； 4、学习能力强、善于沟通，乐于合作，热衷新技术，善于总结分享。 —————————————————————————————— 一、【关于我们】 广州致远电子股份有限公司创立于2001年，作为工业智能物联产品供应商，专注于服务工业领域企业类用户，提供从感知控制、互联互通、边缘计算到ZWSloT-PaaS云平台的产品与系统化方案。拥有射频模拟、电磁兼容等6大实验室，多条SMT自动化生产线，已获得高新技术企业、省级企业技术中心等资质，拥有发明专利及软著等超过300项。总部在广州市天河区，业务辐射全国及海外。 二、【了解我们】 1、公司官网：https://www.zlg.cn/、https://www.zlgtmi.com/ 2、ZLG开发者社区：https://*********.zlg.cn 3、微信公众号：ZLG致远电子、ZTMI致远仪器 三、【加入我们】 1、技术沉淀：创始人嵌入式专家周立功，有行业软硬件资深技术团队； 2、技术发展：不断追求实用和创新，接触更前沿的技术； 3、团队伙伴：扁平化管理，爱学习爱分享，欢迎同样对技术浓厚热情的你加入我们； 3、办公氛围：开放式办公环境，同事相处和谐融洽，疑问问题即时沟通交流； 4、培训发展：专业方向的培训分享，职业发展双通道； 5、助力提升：内部图书馆助您提升自我，鼓励职称申报，享受证书补贴等。 四、【福利待遇】 1、办公环境：自有独栋办公大楼，处于软件园区，面朝大观湿地公司，毗邻广州网易总部； 2、工作时间：朝九晚六，5天8小时工作制，周末双休； 3、五险一金：入职购买五险一金，为您的生活与安全保驾护航 4、假期福利：享有国家法定节假日、带薪年假、婚假、产假、陪产假等； 5、员工关怀：生日会、节日福利、入职周年礼、婚育贺礼、部门活动经费等； 6、生活保障：食堂供应美味餐食并提供餐补，并配置冰箱、微波炉等；为毕业3年内人儿提供住宿。 五、【办公地址】 广州市天河区思成路43号ZLG大楼（提供班车接驳21号线天河智慧城站、6号线高塘石和黄陂地铁站，搭乘班车10min直达）,3月20日,广州致远电子股份有限公司创立于2001年，作为工业智能物联产品供应商，专注服务工业领域企业类用户，提供从感知控制、互联互通、边缘计算到ZWS IoT-PaaS云平台的产品与系统化方案。EsDA嵌入式软件设计自动化工具是公司可持续发展的基石和核心竞争力，帮助用户实现软件开发自动化、测试自动化和部署自动化，持续为用户创造价值。目前ZLG致远电子有700余名员工，其中近50%从事研究与开发工作，坚持围绕客户需求持续创新，推动行业进步，创造社会价值。企业战略工业智能物联产品供应商ZLG采用“可柔性化扩展的硬件+EsDA嵌入式软件设计自动化工具”，设计高附加值的工业通讯设备、AIoT产品和高端测量仪器，通过有线和无线方式，接入ZWS IoT-PaaS云计算服务平台，构建智能物联生态系统解决方案。工业智能物联生态系统——ZLG从“芯”到“云”，采用“芯片+AWorks软件平台+人工智能”，设计出高附加值的模块、板卡和高端测量仪器，通过有线和无线方式，接入到ZWS云计算服务平台，构建工业智能物联生态系统。价值观诚信共赢、持续学习、客户为先、专业专注、只做第一企业文化践行“共同奋斗、利益分享、相互成就”的企业管理思想，实施人才第一的“攀登计划”和“合伙人共同创业与利益分享”的机制，打造一支人才辈出朝气蓬勃积极向上的团队，促进企业的可持续发展。公司提供以下福利待遇：1.5天8小时工作制；2.公司实行合同制为每一个员工签订劳动合同；3.享受带薪年假、婚假、产假、陪产假、法定假等；4.缴纳五险一金；5.员工结婚、生子贺仪；6.节日福利礼品；7.享受年终奖金；8.公司组织体检；9.学习购书报销；10.公司每年举行各项活动，例如公司周年庆祝活动、年终晚会、旅游等。总部地址：广州市天河区思成路43号ZLG立功科技大厦附近地铁：广州地铁21号线天河智慧城站、6号线黄陂站（上下班地铁口接送）上班时间：周一至周五 9:00-18:00,"https://www.zhaopin.com/jobdetail/CC147155560J40768128003.htm?refcode=4019&srccode=401901&preactionid=a7c1140f-c46c-45e5-b867-ab342d8bdc77"
1407,技术支持工程师,新乡-红旗区,3000-6000元,河南潜合自动化科技有限公司,"仪器仪表制造,电子/半导体/集成电路",20-99人,未融资,CC485156820J40912221004,1.专业要求电子信息工程或者计算机专业 2.辅导客户如何使用公司产品 3.能够独立处理电气故障，能够带笔记本出差，配合公司远程完成程序修改及调试，1年以上本岗位工作经验，可以出差调试，做公司自动化程序架构搭建及程序编写。,7月16日,河南潜合自动化科技有限公司创始于2011年，公司秉承“科技报国争创第一共赢未来”的发展理念，发扬“匠心高效超越共赢”的企业精神，致力于创建中国一流智能化服务企业。自公司成立来，拥有自主知识产权近60项，获得河南省科技厅科技成果鉴定8项，建有起重机安全运行监控河南省工程实验室、农机深松作业大数据河南省工程实验室、提升设备新乡市工程技术研究中心等三个省市级科研平台，与国内多所高校建立了长期的校企合作关系，国家高新技术企业。公司自主研发生产的防尘检测控制系统，畅销全国，市场占有率达30%以上，销量全国遥遥领先；拌合站安全环保智能管控系统，远销北京、上海、浙江、广东等二十几个省市，合作企业数百家，被誉为“砼企安全生产保护神”。十年来，公司产品品质和服务深受广大用户好评，曾荣获中国建筑业协会混凝土行业绿色生产“金牌供应商”，“十佳诚信企业”等荣誉称号。欢迎有志之士加入潜合团队！请先电话垂询，预约后直接来公司面试。,"https://www.zhaopin.com/jobdetail/CC485156820J40912221004.htm?refcode=4019&srccode=401901&preactionid=a7c1140f-c46c-45e5-b867-ab342d8bdc77"
1408,Java,南京-雨花台区,1.8-3.5万·16薪,外企德科数字技术有限公司,专业技术服务,10000人以上,,CCL1480117890J40681939905,职位描述 在这里，你将从事IT应用层软件、分布式云化软件、互联网软件等的设计开发，可以采用敏捷、Devops、开源等先进的软件设计开发模式，接触最前沿的产品和软件技术，成为大容量高并发技术的专家；你将参与产品的软件研发工作，包括但不限于： （1）完成从客户需求到软件产品定义、架构设计、开发实现、再到上线运营维护等产品生命周期中的各个环节； （2）创造性解决产品在实现过程中的技术难题，应用前沿技术提升产品的核心竞争力，如分布式系统、性能调优、可靠性、数据库等； （3）有机会参与业界前沿技术研究和规划，参与开源社区运作，与全球专家一起工作、交流，构建在业界影响力。 岗位要求： 1、热爱编程，基础扎实，熟悉掌握但不限于 JAVA/C++/C/Python/JS/HTML/GO等编程语言中的一种或数种，有良好的编程习惯 2、具备独立工作能力和解决问题的能力、善于沟通，乐于合作，热衷新技术，善于总结分享，喜欢动手实践； 3、对数据结构、算法有一定了解；,2025-07-27 00:23:25,外企德科数字技术有限公司是一家2023年新成立的中外合资企业。成立于2023年11月24日，公司定位：专注于为信息技术企业提供人才及数字技术外包解决方案的中外合资企业。它是由中国人力资源服务行业的FESCO（北京国际人力资本集团）与全球人力资源服务领导者The Adecco Group（德科集团）合资成立的。公司主要提供网络技术服务、软件外包服务、计算机系统服务、技术进出口、软件开发等信息技术相关服务。专注于为信息技术企业提供信息技术类人才及数字技术外包解决方案。,"https://www.zhaopin.com/jobdetail/CCL1480117890J40681939905.htm?refcode=4019&srccode=401901&preactionid=a7c1140f-c46c-45e5-b867-ab342d8bdc77"
1409,技术支持工程师,苏州-工业园区,4000-6000元,中国大恒(集团)有限公司北京图像视觉技术分公司,"计算机硬件,计算机软件,仪器仪表制造,IT服务",500-999人,已上市,CC120188730J40787999012,任职资格：1.有相关的计算机操作，制作相应统计表格、分析文档等；2.电气方面，有一定的电气基础，看懂电气线路图；4.有相关视觉检测工作经验者优先考虑；有锂电生产相关工作经验者优先考虑；5.有新能源行业设备安装调试经验优先考虑，涂布机、辊压机、模切机、叠片机、卷绕机优先考虑；6.可适应出差； 2、：岗位职责：1、负责系统类产品的安装、调试、维护工作。安装调试人员应认真理解相关文档和要求，并以此为依据进行工作。发现问题及时向区域主管反映。2、依据系统有关文档，对用户进行操作培训。3、项目实施时应服从区域主管安排，保证任务按时按质按量完成。完成工作任务后及时提交相关文档。4、负责系统集成试验及测试环境的硬件部分搭建。5、负责收集客户信息和项目问题，做到及时向项目经理反馈；6、主动积累工作中的技术经验，形成文档提交。,6月26日,一、公司简介中国大恒（集团）有限公司北京图像视觉技术分公司（简称“大恒图像”），成立于1991年，是中科院下属上市公司“大恒科技”（股票代码：600288）的全资子公司，是国内首屈一指的专业视频图像处理设备供应商，主要业务是视觉部件的研发、生产和销售，及视觉部件代理业务。例如工业相机、智能相机、图像采集处理卡、视觉算法软件包、FA/CCTV镜头及配套光学组件、LED光源及激光器等。展望未来，大恒图像将力争成为引领全球的视觉革命领导者。我们不仅是机器视觉专家，我们更是缔造者。我们不仅为客户提供量身定制的系统解决方案，我们更期望用我们先进的技术、富于竞争力的产品，雄厚的产业经验和资源以及卓越的人才，与客户共同创造新的价值，携手缔造恢弘的事业。二、我们的优势技术优势1.图像视觉领域二十余年的研究成果积累2.200人以上的研发团队，具备视觉软件、硬件和系统解决方案的设计研发能力3.创新能力突出，拥有众多技术专利，持续稳定的研发投入保证技术优势的延续性4.定制开发经验丰富，迅速满足客户的各种个性化技术需求资源优势1.大恒科技（600288）旗下核心资产，得到上市公司的全力支持2.与全球近20家技术领先的业内企业建立长久稳定的合作关系3.营销和服务伙伴遍及全球，客户可以享受专业、快捷、本地化的服务4.欧洲机器视觉协会（EMVA）、美国自动成像协会（AIA）、中国机械视觉产业联盟（CMVU）资深会员，深度参与行业标准化进程品牌优势1.历史最悠久、规模最大、技术最先进的机器视觉民族企业2.以一站式、全生命周期的服务体验成就与客户的持久共赢3.规范严格的品质管理过程打造出的一流产品质量三、福利待遇财富保障基本薪资、绩效奖金、年度调薪、八险一金生活平衡带薪年休假、产假、婚假等生日惊喜、温暖祝福及过节福利员工拓展出游、团建、免费健身、游泳、羽毛球、篮球等文体活动多彩年会，大家庭团聚时刻员工宿舍，在北京的另外一个小家健康保障：免费的年度体检零起付补充医疗保险大病保险及交通意外险应届生通道：导师制的培训体系，为初入职场的你点亮方向定制化的发展路径，完善的培训体系，舒适的办公环境及广阔的发展平台,"https://www.zhaopin.com/jobdetail/CC120188730J40787999012.htm?refcode=4019&srccode=401901&preactionid=a7c1140f-c46c-45e5-b867-ab342d8bdc77"
1410,软件测试,北京-朝阳区,1.3-1.9万·13薪,河南藕榭信息科技有限公司,"互联网,物联网,互联网",300-499人,B轮,CCL1502237570J40805114513,,2025年07月30日,藕榭集团是集生产技术解决方案、智能工程一体化办公、数据处理服务、线上下推广、本地生活运营为一体的综合型服务公司。目前拥有480名全职员工，同时在河南和北京分别拥有1500余平与1000余平的标注基地，在重庆和江西新余也分别开设了数据标注/内容审核基地。在各方的支持下，数据之家正以铿锵有力的步伐向前发展。企业文化愿景:成为并保持教育科技垂直服务领域的NO.1使命:为合作伙伴提供更专业、靠谱、有责任感的价值服务价值观:利他、务实、高效发展历程藕榭集团在全国多处设立独立职场，全职员工数超480名。助力人工智能在教育、科技、传媒、电商等领域的发展和应用，基于服务做好交付，为合作伙伴创造更多价值。,"https://www.zhaopin.com/jobdetail/CCL1502237570J40805114513.htm?refcode=4019&srccode=401901&preactionid=a7c1140f-c46c-45e5-b867-ab342d8bdc77"
1411,科研人员,无锡-滨湖区,1-2万,江苏尚博信息科技有限公司,"计算机软件,IT服务",100-299人,未融资,CC218661510J40795404405,一、招收条件  1、责任心强，身体健康；  2、研究方向：模式识别与图像处理、电子电路设计、机械设计及相关专业；  3、已经获得博士学位或即将获得博士学位；  4、具有独立开展科研能力，对学术有追求和钻研精神；  5、具备全职/兼职从事博士后研究工作的条件。  二、福利待遇  1、博士后研究人员在站工作期间，工资标准按照国家和公司专职技术岗位标准执行，各项社会保险按照国家和公司有关规定执行。  2、我站将根据科研项目性质，为进站博士后研究人员提供必要的科研经费和研究条件。  3、出站后愿意留公司发展，公司将提供相应技术研发岗位。,7月25日,江苏尚博信息科技有限公司是专业从事金融领域软件开发、系统集成以及图像采集等设备生产、销售、服务于一体的软件企业、高新技术企业。公司重点致力于智能图像处理、模式识别与智能化、OCR光学字符自动识别、票据二维码编码识别等技术的攻关创新。公司为金融银行业服务多年，针对商业银行的实际应用需求，自主开发了银行对公通兑印鉴网络系统、全国（同城）支票影像交换系统、银行（同城）提回票据集中处理系统、二维码管理系统、银企对账单系统、会计考试系统等一系列软件产品。大大提高了银行在票据影像处理、支付结算、业务风险控制、内部考核管理等方面的工作效率，保障金融服务的安全。公司凝聚着一批优秀的模式识别、图像处理学和计算机软件、大型数据库应用等领域的专业人才，其中博士6名，研发和技术人员占职工总人数的70%以上。公司辖内建有：(1)博士后科研工作站；(2)南京理工大学机器智能无锡研发中心；(3)省级、市级模式识别与智能化工程技术研究中心。公司与南京理工大学产学研合作，在人才培养、人才梯队建设、技术的保障等方面，为公司的发展发挥着很大的作用。尤其在电子验印系统的应用上，南京理工大学作为电子验印系统的发源地，系统的识别算法一直在国内保持着先进性、稳定性。目前公司正以崭新的创新服务理念，通过不断努力与奋进，实现专业化、规模化发展目标，更好地为广大行业客户服务，推动中国金融等领域的电子化发展！,"https://www.zhaopin.com/jobdetail/CC218661510J40795404405.htm?refcode=4019&srccode=401901&preactionid=a7c1140f-c46c-45e5-b867-ab342d8bdc77"
1412,Java,厦门-思明区,8000-15000元,厦门数界探索计算机科学研究院有限公司,人工智能,20人以下,未融资,CCL1495663100J40808798915,2.熟练使用idea等开发环境及工具；精通SpringBoot/SpringMVC.SpringCloud.Dubbo.hibernate/Mybati等主流框架；,2月17日,,"https://www.zhaopin.com/jobdetail/CCL1495663100J40808798915.htm?refcode=4019&srccode=401901&preactionid=a7c1140f-c46c-45e5-b867-ab342d8bdc77"
1413,科研人员,哈尔滨-松北区,2.4-3万·16薪,国信蓝桥数字科技(天津)有限公司,学校/学历教育,100-299人,,CCL1504714850J40770070910,招聘需求专业： 光机类：光学工程、应用光学、物理光学、激光技术、机械工程、机械工程及其自动化、机械电子工程、仪器科学与技术等相关专业。 电子与通信类：电子科学与技术、电子信息工程、信息与通信工程、信号与信息处理、图像处理、电路与系统、电气工程、集成电路、微电子学与固体电子学、物理电子学等相关专。   计算机与控制类：计算机科学与技术、控制科学与工程、测试计量技术及仪器、自动化、制导与控制、人工智能与机器学习等相关专业。   其它类专业：物理学、力学、数学、量子物理、凝聚态物理、航空航天工程、电磁场与微波技术、材料科学与工程、高分子材料、化学工程、机电工程、会计、人力资源管理、心理学、档案管理、中文、信息管理与信息系统等相关专业。 招聘岗位： 光学设计、机械设计、硬件设计与开发、软件设计与开发、自动控制、信号处理、光场调控技术、激光与物质相互作用、计算成像、光学精密测量、人工智能、光机检测技术、光学加工工艺、光学镀膜、机械制造工艺、微纳加工技术与工艺、材料工艺研究、光学薄膜技术研究、量子精密测量、行政管理、人力资源管理、研究生心理咨询与管理、信息化运维、科技期刊编辑、档案管理等。,7月28日,,"https://www.zhaopin.com/jobdetail/CCL1504714850J40770070910.htm?refcode=4019&srccode=401901&preactionid=a7c1140f-c46c-45e5-b867-ab342d8bdc77"
1414,软件测试,郑州-金水区,7000-10000元,重庆科满福人力资源服务有限公司,企业服务,20-99人,,CCL1487604860J40935631304,【岗位职责】： 1、软件测试岗位职责  2、接受测试任务，进行需求分析 3、按照测试计划搭建测试环境，并保证测试环境的可靠性 4、按照测试计划编亏测试用例，保证测试用例合理有效 5、按照测试用例执行测试，及时发现缺陷，并使用工具进行管理缺陷 6、编写和提交测试报告，保证测试进度按计划完成 7、参与审核其他测试工程师的测试用例和报告 8、学习公司已有方案和推广使用新的测试技术和工具 【薪资待遇】： 试用期：（试用期5350-转正6500）元/月＋300全勤+（300-800）元/岗位补贴+（1000-1500）元/月绩效+加班费=-6000-9000左右 ,7月25日,,"https://www.zhaopin.com/jobdetail/CCL1487604860J40935631304.htm?refcode=4019&srccode=401901&preactionid=a7c1140f-c46c-45e5-b867-ab342d8bdc77"
1415,科研人员,上海-闵行区,1.6-3万·14薪,北京蓝箭鸿擎科技有限公司,船舶/航空/航天/火车制造,100-299人,,CCL1491166830J40773817614,繁星·耀九天 | 鸿擎科技2026届校园招聘，正式启动！ Hong Qing Campus Recruitment 2026 星辰大海，未来由你亲手点亮！ 仰望星空，探秘宇宙，亘古梦想丰功永驻 时代召唤，缔造蓝海，商业航天机遇翻腾 在鸿擎科技，你将拥有与星空无限接近的可能 以己之力，在九天留下专属烙印 一同见证中国商业航天新能力 星空梦想家们，准备好启航了吗—— 【鸿擎科技——您值得信赖的太空伙伴】 北京蓝箭鸿擎科技有限公司，运营于2021年，专注于低轨宽带卫星互联网建设，是国内唯一具备星箭协同能力的卫星组网解决方案商。成立以来，公司已成功实现永磁励磁霍尔电推进、高算力星载计算机、轻质化柔性太阳翼等卫星核心单机全自研，“鸿鹄系列”通信卫星连续获得国内核心星座运营商的整星订单。 【引领航天新质生产力】 公司以低成本、星箭协同设计理念为特色，提供卫星平台及分系统解决方案，以低成本、高可靠、高性能的卫星平台，大幅提升载荷的太空部署能力。 公司的核心产品主要包括： “鸿鹄系列”卫星产品 采用平板堆叠模式，具备一箭多星堆叠发射能力。自研率高达48.8%。 “金乌系列”动力系统 全自研霍尔电推进系统，型谱覆盖100-1500W全系列霍尔电推进产品，满足氙、氪气两种工质通用。 “赤羽系列”能源产品 包含发电、电能储存、电源控制、电源电压变换、供配电等模块，在卫星各飞行阶段为星上设备提供能源保障。 “白泽系列”综合电子产品 综合电子系统通过星上各种总线和接口，与星上各个部件的下位机进行信息交互，是卫星的“司令官”。 【30+方向岗位热招中......】 推力器设计工程师 / 电推进系统工程师 / 贮供设计工程师 / 阀门工程师 姿轨控软件工程师 / 姿轨控测试工程师 / 姿轨控系统工程师 / 可靠性工程师 软件工程师 / 电气软件工程师 / 通信测试工程师 / 通信工程师 / 测控总体工程师 模拟电路工程师 / 数字电路工程师 / 供配电工程师 / 硬件工程师 / FPGA工程师  热控工程师 / 结构工程师 / 机构工程师 / 总装工艺工程师 / 总装工程师 综测软件工程师 / 综合测试工程师 / 测试工程师 / 电装工程师 / 试验工程师 质量工程师 / 采购工程师 / 生产计划 / 物料计划 / 来料检验 / 库房管理  等30余种研发、运营类岗位...... ——天地广阔，任君施展—— 【招聘对象】 国内外2025年底及2026年毕业本硕博 【工作地点】 上海/北京/西安/雄安新区 【招聘专业】 航空宇航科学与技术 / 航空宇航推进理论与工程 / 飞行器设计 / 等离子体物理  电气类 / 计算机类 / 控制工程与科学 / 信息与通信工程类 / 测控工程类 机械类 / 动力工程及工程热物理 / 可靠性工程电路设计类 / 电子科学与技术类 其他相关理工科专业 【招聘流程】 简历投递→初试（6月起）→复试→offer发放（10月起）→三方签约 【多元福利，为你蓄力】 极具竞争力的薪酬+匹配个人贡献的调薪机会 七险一金/带薪年假/带薪病假/绩效奖励 定期团队建设/员工体检/专业技能培训/生日礼物 资深导师一对一引领、优秀学员在沪落户 【大咖团队，一同翱翔】 l 我们是：一支技术储备雄厚、从业经验丰富、富有创新精神的创业团队 l 硬实力拉满：科研人员相关领域从业经验平均10年+ l 80%以上拥有硕士及以上学历，来自国内外知名高校   网申通道：https://qcnhg4ksaiwt.jobs.feishu.cn/257870 （面试优秀者，薪酬另议） 理想不远，等你即刻启程征途， 未来可期，愿你成就理想职涯！ 任何问题，欢迎邮件咨询：****************,7月4日,,"https://www.zhaopin.com/jobdetail/CCL1491166830J40773817614.htm?refcode=4019&srccode=401901&preactionid=a7c1140f-c46c-45e5-b867-ab342d8bdc77"
1416,测试工程师,西安-雁塔区,1.4-2.8万·14薪,外企德科数字技术有限公司,专业技术服务,10000人以上,,CCL1480117890J40599635805,【工作职责】 1、负责产品自动化框架、工具自动化能力构建； 2、熟练开发测试工具、测试脚本，及迭代优化测试框架； 3、根据业务特点，引入新的测试方法和工具，探索新技术； 4、负责产品部分专题项目的测试管理工作，对整体测试结果负责。 【任职要求】 业务技能要求： 1、至少熟练掌握一种测试框架，Selenium+unittest、pytest等； 2、至少熟练掌握一种关系型数据库如Oracle、Mysql，掌握常用SQL优化方案，有TBASE、POLARDB经验者优先； 3、具备较好的java代码走读能力、groovy脚本阅读能力和shell脚本的编写能力。 4、具有良好的团队协作能力和沟通能力，执行力强，能推动周边领域顺畅协作。具备较强的逻辑思维能力和强烈的责任心。 专业知识要求： 1、熟悉Python语言，熟悉常用的自动化测试框架，有相关CI自动化流水线开发经验者优先，有java经验开发优先； 2、具备设计和开发测试工具和自动化测试框架能力优先。 3、具备日志分析能力，能够结合日志进行问题分析；   【福利】   入职全额缴纳六险一金，试用期不打折，绩效双薪，每年两次绩效调薪机会，带薪年假，有班车和食堂，独立办公园区，转行转专业的同学也可以，试用期有大佬带教！   【工作时间】   每天早上9点上班，12：00-14：00午休2个小时；周一、周二、周四晚上6点吃完饭会工作到8:30下班，会提供免费的夜宵和班车，周三和周五晚上6点下班；平时周末是双休，月末最后一个周六会上班有加班费。,2025-07-27 00:23:22,外企德科数字技术有限公司是一家2023年新成立的中外合资企业。成立于2023年11月24日，公司定位：专注于为信息技术企业提供人才及数字技术外包解决方案的中外合资企业。它是由中国人力资源服务行业的FESCO（北京国际人力资本集团）与全球人力资源服务领导者The Adecco Group（德科集团）合资成立的。公司主要提供网络技术服务、软件外包服务、计算机系统服务、技术进出口、软件开发等信息技术相关服务。专注于为信息技术企业提供信息技术类人才及数字技术外包解决方案。,"https://www.zhaopin.com/jobdetail/CCL1480117890J40599635805.htm?refcode=4019&srccode=401901&preactionid=a7c1140f-c46c-45e5-b867-ab342d8bdc77"
1417,C/C++,上海-杨浦区,1.8-2.5万,承德砺诚网络科技有限公司,电子商务,20-99人,,CCL1491261790J40803808313,岗位内容：  1. 设计、开发和维护C++应用程序； 2. 根据产品需求，完成相应领域的研究及开发； 3. 参与项目需求分析和技术选型； 4. 负责代码编写、单元测试、Bug修复等工作。 任职要求：  1. 熟悉C++编程语言，具备扎实的编程基础； 2. 具有良好的算法和数据结构基础； 3. 熟练使用常见的开发工具，如VS、Eclipse等； 4. 具备较强的沟通协调能力和团队合作精神； 5. 具备分析问题、解决问题的能力；,7月24日,砺诚网络科技公司，2015年成立，聚焦智能科技领域。以“科技赋能生活”为理念，深耕AI算法与大数据应用，为企业提供数字化解决方案，涵盖智能营销、数据风控等服务。团队由2000+技术人才组成，服务客户超2000家，持续驱动行业创新。,"https://www.zhaopin.com/jobdetail/CCL1491261790J40803808313.htm?refcode=4019&srccode=401901&preactionid=a7c1140f-c46c-45e5-b867-ab342d8bdc77"
1418,实施工程师,南昌-红谷滩区,4000-8000元,江西潮极网络科技有限公司,电子商务,20-99人,未融资,CCL1506794640J40768608610,1. 有系统运维或者系统管理经验，如：呼叫系统OKCC或VOS3000会更好 2. 具备数据分析能力，有具体的工具使用经验会更好 3. 熟练使用excel表格以及处理和维护日常文档 4. 需要有较强的执行力 5. 具备一定的开发能力，能搭建数据库和后端Api开发（加分项） 6. 具备一定的自动化脚本编写能力（加分项）  7.不用外出，上班地点南昌,7月24日,江西潮极网络科技有限公司成立于2025年，位于南昌，是一家专注于网络技术服务，互联网销售的企业。依托一支由20余名年轻有活力的销售团队，公司已服务超过500家企业，致力于开发服务更多的企业，共创美好蓝图！,"https://www.zhaopin.com/jobdetail/CCL1506794640J40768608610.htm?refcode=4019&srccode=401901&preactionid=a7c1140f-c46c-45e5-b867-ab342d8bdc77"
1419,C/C++,福州-闽侯县,1-2万·13薪,睿云联(厦门)网络通讯技术有限公司,"计算机硬件,互联网,通信/网络设备,计算机软件",300-499人,A轮,CC530673120J40473850201,岗位职责： 1、负责公司终端产品的应用开发工作，包括需求评审、软件设计、开发、自测等工作； 2、在LINUX下使用C/C++进行产品网络协议栈、音视频技术、应用界面及业务逻辑等方面开发； 3、根据公司技术文档规范编写相应的技术文档。 任职要求： 1、本科及以上学历，计算机、电子等相关专业； 2、熟练掌握LINUX下C++编程； 3、责任心强，具有良好的沟通能力、较强的学习能力； 4、有智能家居或IP通讯行业经验优先。,7月21日,睿云联（厦门）网络通讯技术有限公司成立于2012年，是全球领先的智能对讲产品及服务提供商，针对全球中高端市场，提供住宅/社区、商务办公、养老医疗和公众报警整体解决方案。目前，睿云联产品和方案遍及100多个国家和地区，智能对讲品牌AKUVOX正在成为全球一线品牌。我们的使命是“通过持续提供更好的沟通体验、更多的安全和便利，提高人们的生活品质”，在AIOT时代与全球合作伙伴及用户共同开启一个智慧世界。凭借多年在科技创新方面的高投入，我们融合网络通信、人工智能、安全、云计算和移动互联网等前沿技术，构建了业界领先的研发能力和独特优势。我们注重科技与艺术的融合，产品设计处处以人为本，在用户体验和质量方面不断追求极致，通过优异的服务持续为合作伙伴创造价值。我们思贤若渴，公司积极吸引各类优秀人才，努力为员工打造一个快速成长、充分发挥的环境，并提供有竞争力的薪资和福利。欢迎优秀人才加入睿云联！,"https://www.zhaopin.com/jobdetail/CC530673120J40473850201.htm?refcode=4019&srccode=401901&preactionid=a7c1140f-c46c-45e5-b867-ab342d8bdc77"
1420,科研人员,武汉-江夏区,3-6万,武汉达梦数据库股份有限公司,"IT服务,计算机软件",1000-9999人,已上市,CC203847920J40739512307,达梦数据库国家级博士后科研工作站拥有多位湖北省科学技术厅科技专家库入库专家导师团队，有着良好的科研条件、厚实技术沉淀、灵活的激励机制，将前沿课题研究、核心技术突破相结合，致力于打造前沿技术的策源地、具有博士学位的国家级数据库专家库以及创新研究探索团队。 一、研究方向： （1）数据库内核技术方向：新型数据库访问语言技术，高性能精确数值计算方法，面向数据库的资源隔离研究，原生多模存储技术研究，图-关系混合查询优化技术研究，自适应数据压缩技术研究等； （2）人工智能方向：人工智能的数据库参数自调优、SQL优化、存储结构优化、HTAP负载调节等，人工智能的SQL生成与自测试技术等； （3）分布式数据库方向：动态组网与数据库健壮性相关问题和技术方法，分布式共识协议实现正确性验证方法和工具，高性能分布式事务技术研究，分布式并行计算技术研究； （4）软硬件深度融合方向：面向异构计算环境的海量数据分析技术（CPU、GPU、FPGA），面向数据库场景的高性能网络通讯协议及其访问框架设计实现，高速通信网络与低延迟I/O设备的分布式存储技术； （5）高可用方向：数据库管理系统软件高可靠性评价体系及验证方法，复杂负载建模分析及故障仿真技术； （6）云方向：单方跨云和多云数据库关键技术，面向云数据库的同态加密算法，无服务器(Serverless)云数据库架构与关键技术； （7）软件工程方向：复杂通用软件工程的高质量设计方法论。 二、招收对象及应聘方式： 招收对象： 1、在国内外获得博士学位，具有较强的科研能力； 2、身体健康，品学兼优； 3、年龄在35周岁以下（特别优秀者可适当放宽到40岁）； 4、学科研究方向符合本工作站要求。 招聘专业： 计算机科学、数据库、信息工程、信息安全、大数据、人工智能等相关专业； 薪资福利： 1、享受带薪年假、免费健康体检等职工福利； 2、配备科研资源及项目经费（初步投入百万以上），并提供学术交流机会； 3、优先推荐博士后申请武汉市相关人才荣誉，协助申请国家级、省市级各类科研及人才项目； 4、享有武汉市博士后相关待遇和政策； 5、出站后，如留达梦数据工作，另有一次性安家补助；,4月1日,武汉达梦数据库股份有限公司（简称“达梦数据”或“公司”）创办于2000年，是中国电子信息产业集团（CEC）旗下的基础软件企业。达梦数据是国内领先的数据库产品开发服务商，是国内数据库基础软件产业发展的关键推动者，面向大中型公司、企事业单位、党政机关提供各类数据库软件及集群软件、云计算与大数据产品等一系列数据库产品及相关技术服务，致力于成为国际顶尖的全栈数据产品及解决方案提供商。达梦数据创始团队及技术骨干均来自于国内知名高校，创始人为国内知名专家、博士生导师。公司在数据库领域拥有40余年研发经验及技术积累，并多次牵头承担了“十一五”、“十三五”期间的国家科技重大专项。多年来，达梦数据始终坚持原始创新、独立研发的技术路线，是获得国家自主原创产品认证的数据库企业，是首批获得国家“双软”认证的高新技术企业，并连续多年被评为国家规划布局内重点软件企业。达梦数据建立了覆盖全国所有省份以及多个行业的原厂服务团队，通过对数千名技术人员进行技术服务培训，打造全国性的达梦技术服务体系。公司现已服务于包括建设银行、交通银行、光大银行、兴业银行、广发银行、国开行、中国人寿、邮储银行、中国人保、国家电网、中国航信、中国移动、中国烟草、国家市场监督管理总局、各级人民检察院、各级人民法院、国家发改委、国家移民局、证监会、上交所、深交所等在内的知名用户，成功应用于金融、能源、航空、通信、党政机关等数十个领域。根据赛迪顾问及IDC发布的报告显示，2019年至2021年，达梦数据产品市占率位居中国数据库管理系统市场国内数据库厂商前列。达梦数据以“争世界一流，创国际品牌”为宏伟目标，是打造国产化生态链的重要企业，我们在不断提升产品开发能力、市场拓展能力、企业管理能力与资本运作能力，为把达梦数据库建设成世界一流的大数据库产品和服务提供商，早日实现数据库的“中国梦”而不懈努力。,"https://www.zhaopin.com/jobdetail/CC203847920J40739512307.htm?refcode=4019&srccode=401901&preactionid=a7c1140f-c46c-45e5-b867-ab342d8bdc77"
1421,技术支持工程师,佛山-顺德区,9000-12000元,申菱环境,"专用设备制造,环保,新能源,专用设备制造",1000-9999人,已上市,CC135166010J40744492314,岗位职责： 1、配合市场部进行市场推广、技术咨询、技术交流等方面工作； 2、根据项目要求，制定投标报价与技术方案，负责投标项目的标书编写及答疑、应标等工作； 3、组织制定和实施制空调实施冷技术方案，为客户提供公司产品相关的技术支持与技术服务； 4、负责对客户和最终用户进行产品/业务的培训； 5、对公司报价、投标、中标数据的收集、统计、分析与管理工作。 任职要求： 1、本科及以上学历，理工科专业，英语能力佳； 2、学习成绩优秀，有学生干部工作经验者优先考虑； 3、富有激情，具有学习钻研能力、良好的表达能力和较强的沟通能力； 4、工作细心、有耐心，能承受一定的工作压力。,4月17日,成立时间：2000年主要产品：工业与公建、ICT数据中心、VOCs与污泥治理设备关键词：国家认定企业技术中心、博士后科研工作站、国家技术发明奖、中国标准创新贡献奖广东申菱环境系统股份有限公司（申菱环境），总部位于珠江三角洲的中心地带顺德，是一家集研发设计、生产制造、营销服务、集成实施、运营维护于一体的现代化企业。为全球客户提供环境调控的整体垂直解决方案，是数据服务产业环境、工业工艺产研环境、专业特种应用环境、高端公建室内环境四大领域的专家。未来，公司继续不断创新，拥抱智能制造，为客户提供更高效高质的定制环控产品和方案。将继续秉承“开放务实、果敢担当、同创同享”的价值观，为创造各行各业好环境的企业宗旨不懈努力，致力于成为全球客户提供环境调控的整体垂直解决方案专家！研发实力申菱环境多年来一直坚持“创新驱动”的理念，2012年获行内最高奖项——国家技术发明奖二等奖，并两次获国家建设部华夏科学技术一等奖，三次获全军科技进步二等奖，树立了行业技术标杆。公司拥有国家认定企业技术中心，博士后科研工作站、广东省企业技术中心、广东省特种空调工程技术中心等先进研发平台，并拥有国内第一、世界领先的低温实验室。公司历年来承担多项国家、省部级科技计划专项，如国家科技支撑计划项目、国家火炬计划项目、广东省重大科技专项等，独家起草国家标准、参与起草国家标准多项，获得中国标准创新贡献奖。行业客户申菱以高起点、高定位、高投入全面布局了ICT行业、轨道交通行业、化工环保VOC回收、核电行业、军工国防、航空航天等战略新兴行业，相继成立ICT事业部、环保事业部、核电事业部、轨道交通事业部等，开发颠覆性产品填补行业空白，细分市场业绩突飞猛进。未来，申菱环境将继续秉承“同心同德、同创同享”的经营理念，为“创造各行各业好环境”的企业使命不懈努力，致力于成为全球客户提供环境调控的整体垂直解决方案专家！,"https://www.zhaopin.com/jobdetail/CC135166010J40744492314.htm?refcode=4019&srccode=401901&preactionid=a7c1140f-c46c-45e5-b867-ab342d8bdc77"
1422,Java,深圳-龙岗区,1.8-3.5万·14薪,外企德科数字技术有限公司,专业技术服务,10000人以上,,CCL1480117890J40778465405,接受应届毕业生 1、本科及以上学历（统全）; 2、热爱编程，基础扎实，熟悉掌握但不限于 JAVA/C++/C/Python/JS/HTML/GO等编程语言中的一种或数种，有良好的编程习惯; 3、具备独立工作能力和解决问题的能力、善于沟通，乐于合作，热衷新技术，善于总结分享，喜欢动手实践; 4、对数据结构、算法有一定了解。 全部门后端开发，测试，算法和数据类岗位都有 工作地点: 南京、杭州、苏州、上海、成都、西安、武汉、长沙、东莞、深圳等多个城市研究所，可根据个人意向协调工作地点; 福利待遇:周末双休、五险一金、培养机制完善、薪酬丰厚，欢迎踊跃投递!,2025-07-27 00:24:56,外企德科数字技术有限公司是一家2023年新成立的中外合资企业。成立于2023年11月24日，公司定位：专注于为信息技术企业提供人才及数字技术外包解决方案的中外合资企业。它是由中国人力资源服务行业的FESCO（北京国际人力资本集团）与全球人力资源服务领导者The Adecco Group（德科集团）合资成立的。公司主要提供网络技术服务、软件外包服务、计算机系统服务、技术进出口、软件开发等信息技术相关服务。专注于为信息技术企业提供信息技术类人才及数字技术外包解决方案。,"https://www.zhaopin.com/jobdetail/CCL1480117890J40778465405.htm?refcode=4019&srccode=401901&preactionid=a7c1140f-c46c-45e5-b867-ab342d8bdc77"
1423,实施工程师,成都-武侯区,80-150元/天,前方高能人工智能科技(成都)有限公司,"人工智能,IT服务,云计算/大数据,计算机软件",20-99人,未融资,CCL1375524500J40896631204,岗位内容： 1. 负责公司软件项目，分析识别客户需求，实施及交付 2. 创建维护项目交付文档，并根据实施问题，及时响应及提供解放方案，优化项目流程 3.解决客户在安装和使用过程中可能出现的技术问题，了解客户需求并及时响应，并根据客户需求反馈，做出相应调整。 任职要求： 1. 具有软件产品实施经验者优先 2. 具有后端框架Django、Flask使用经验，熟悉HTML、JavaScript、CSS等优先 3. 熟悉数据库的基本知识，具有MySQL或MongoDB使用经验，熟悉爬虫，有selenium使用经验，具有Linux、Docker、Redis、Git、Shell等使用经验优先 4. 有C#、Node.js、VB、.net等开发使用经验优先 5. 有一定的行业项目执行实施经验，具有业务流程梳理咨询、流程自动化建设经验者优先 6. 规范化文档编写良好习惯优先 7. 具备良好的客户服务意识和高度的责任心。,4月15日,公司以人工智能为驱动，以流程自动化（RPA）、低代码（low-code）、智能化（AI）等技术，为企业提供安全、高效、稳定的人工智能数字化解决方案，其中包含机器人流程自动化（RPA）、自然语言处理、语音识别、计算机视觉等技术。能够根据客户需求，打造各种不同类型的人机协同平台，实现业务流程的自动化，全面提升业务效率，为客户数字化转型打下坚实基础。作为高新技术企业，公司的人工智能相关技术及平台产品已成功应用于智慧城市、政府服务、网络数据安全等公共事业领域，以及国央企集团、金融、制造、电商等多个行业客户，通过可信赖的优质服务获得客户的高度认可。公司获得多项政府资质及行业认定，包括高新技术企业、双软企业、CS-信息系统建设和服务能力、ITSS-信息技术服务、CMMI软件能力成熟度等，同时基于RPA数字机器人的研发，公司目前已拥有多项软著及发明专利。,"https://www.zhaopin.com/jobdetail/CCL1375524500J40896631204.htm?refcode=4019&srccode=401901&preactionid=a7c1140f-c46c-45e5-b867-ab342d8bdc77"
1424,测试工程师,哈尔滨-道里区,5000-6000元,哈尔滨光宇电气自动化有限公司,"电力/水利/热力/燃气,工业自动化,电子/半导体/集成电路,计算机软件",100-299人,,CC204107220J40703751311,1、了解Altium Designer、Candence等EDA工具； 2、熟练掌握常见测试仪器； 3、了解C语言，有嵌入式编程基础； 4、了解MCU、MPU、DSP等嵌入式处理器； 5、了解SMT生产流程及相关工艺； 6、具有手工焊接能力。,7月24日,"哈尔滨光宇电气自动化有限公司是光宇国际科技有限公司投资创办的以电力系统自动化为主要研究方向和应用领域的高新技术企业,具有自主研制生产的系列化电力综合自动化、继电保护产品。公司为西门子公司授权的系统集成商。公司拥有专业的产品研发团队、工程设计与成套、工程调试与售后服务工程团队。公司设有石油化工行业电气自动化系统集成技术中心、光宇研究院电力自动化研究所、北京研发中心、天津研发中心及南京分公司。公司自主研制生产的分布式系列保护与自动控制产品及变电站综合自动化系统通过国家继电保护及自动化设备质量监督检验中心开普检测实验室的检测；公司通过质量管理体系（GB/T19001- 2016/ISO9001：2015）认证、环境管理体系（GB/T 24001- 2016/ISO14001: 2015）认证、健康安全与环境管理体系（Q/SY 1002.1- 2013和Q/SHS 0001.1- 2001）认证、职业健康安全管理体系（GB/T 45001- 2020/ISO45001: 2018）认证、信息安全管理体系（GB/T22080- 2016/ISO/IEC27001: 2013）认证；公司通过软件企业与软件产品“双软认证”；公司现为“中国电器工业协会”及“中国软件行业协会”会员单位，“中电协继电保护及自动化设备分会”理事单位；公司2008年认定为国家高新技术企业。公司注重产品研发与人才培养，逐步建立起了产品研发与技术创新、质量管理与成本控制、市场销售与工程成套等体系。秉承“管理科学、高效有序、踏实有为、追求卓越”的经营管理理念，公司将持续专注行业技术与产品创新，努力为行业用户提供高品质的产品和专业优质的服务。","https://www.zhaopin.com/jobdetail/CC204107220J40703751311.htm?refcode=4019&srccode=401901&preactionid=a7c1140f-c46c-45e5-b867-ab342d8bdc77"
1425,Java,武汉-江夏区,9000-17000元,软通动力信息技术(集团)股份有限公司,"互联网,IT服务,计算机软件",10000人以上,D轮及以上,CC000544460J40566685516,接受出差,7月16日,软通动力信息技术（集团）股份有限公司（以下简称“软通动力”）是中国数字技术产品和服务创新领导企业，致力于成为一家具有全球影响力的科技企业，企业数字化转型可信赖合作伙伴。公司2005年成立于北京，多年来始终坚持科技创新，具有软硬全栈的智能技术产品和服务能力，提供软件与数字技术服务、计算产品与数字基础设施、数字能源与智算服务以及国际化服务。目前，公司在10余个重要行业服务超过1100家国内外客户，其中超过230家客户为世界500强或中国500强企业，员工近90000人。软通动力拥有软通咨询、软通金科、软通工业互联、机械革命、软通华方等业务子品牌，并在全球40余个城市布局业务，构建北美、日本、东南亚、中东四大国际交付中心，在北京城市副中心、江苏无锡建设两大智能制造基地。同时，公司前瞻布局智能制造、ICT软硬基础能力和生产力智能化产品，打造产业链闭环。软通动力设立30个能力中心，拥有1个国家级工程实验室，6个省市政府认定的工程、技术实验室及研发中心，1个博士后科研工作站，50+技术合作伙伴的生态合作体系，不断探索前沿技术的巨大商业应用潜力。公司旗下教育品牌软通教育，拥有一家全日制本科学院——郑州西亚斯学院数字技术产业学院；同时在全国合作院校600多所，设有70多个校企联合人才培养基地，通过校企合作、协同育人，为社会培养高素质应用型人才。软通动力先后获得“2023年中国IT服务市场排名TOP 1”、“2024年Q4 PC出货量国内市场份额排名TOP 2”、“2024年中国软件和信息技术服务竞争力百强企业”、“2023年中国信创企业100强”、“2024万得ESG评级（Wind ESG Rating）AA级及信息技术服务行业ESG综合得分排名第一”等荣誉及市场认可，并拥有全球软件工程领域最高级别CMMI V2.0成熟度5级评估认证、国家研发运营一体化（DevOps）三级能力成熟度模型认证、信息技术服务标准（ITSS）运维能力成熟度一级认证等专业资质，支撑公司更优质的服务体系。,"https://www.zhaopin.com/jobdetail/CC000544460J40566685516.htm?refcode=4019&srccode=401901&preactionid=a7c1140f-c46c-45e5-b867-ab342d8bdc77"
1426,科研人员,上海-徐汇区,2.5-3万,中国科学院上海有机化学研究所,农/林/牧/渔,20人以下,,CC397943920J40705218507,中国科学院上海有机化学研究所李超忠课题组隶属先进氟氮材料全国重点实验室，主要研究方向为：（1）自由基合成化学研究，包括自由基脱羧反应、自由基氟化、三氟甲基化、膦酰化反应等；（2）自由基新反应的工业应用研究。现因科研工作需要拟招聘博士后2名，具体要求如下： 一、岗位职责：  从事有机合成化学研究工作。  二、应聘条件：  1.已经或即将博士毕业，有机合成化学专业等相关研究背景，有自由基反应研究经历优先考虑； 2.熟练掌握有机合成化学相关知识，中英文科技论文读写能力良好； 3.工作勤奋、踏实、有上进心。有较强的独立研究工作能力和良好的团队协作能力，对科研工作有极大的热情和探索精神。 三、岗位待遇：  1. 年薪30万起，优秀博士后进站后可推荐申请上海市超级博士后项目或博新计划； 2. 鼓励并支持申报博士后科学基金、青年科学基金以及其它国家或地方的科技项目和博士后资助项目； 3. 录用人员待遇按国家、中科院、上海市和本所相关政策制度执行，并根据工作业绩发放津贴。 4. 在站期间表现优秀者，可留所工作。 四、招聘办法及要求：   【应聘方式：有意应聘者请登录中国科有机化学研究所官网查看详情并按照要求投递简历（以官网为准）】 1.对应聘者进行资格审查，对初审通过者将另行通知面试时间；  2.应聘材料：个人简历、学历、学位证书、成果（论文、专利、获奖清单）证书、专业技术职称（如有，请提供）等相关背景材料发至********************。  欢迎有志于从事有机化学研究的优秀人员加入！,2月20日,"中国科学院上海有机化学研究所（简称上海有机所），是一个历史悠久、人才荟萃、实力雄厚、设备一流、成果丰硕，在国内外享有较高声誉和影响的有机化学研究中心；是一个集基础研究、应用研究和高技术创新研究为一体的综合性化学研究所，上海有机所创建于1950年6月，是中国科学院首批成立的15个研究所之一，前身是建立于1928年7月的前中央研究院化学研究所。从开展抗生素和高分子化学的研究起步，经过近60多年几代人艰苦创业、奋力拼搏，在以有机化学研究为中心的基础研究、应用研究与高新技术开发、人才培养等方面均取得令人瞩目的成就。在我国“两弹一星”研制、“人工合成牛胰岛素、人工合成酵母丙氨酸转移核糖核酸”和“物理有机化学中的两个基本问题：自由基化学中取代基离域参数和有机分子簇集概念”等一批攀登科技高峰的重要成果中，我所科研人员做出了重要贡献。 1998年上海有机所首批进入中国科学院知识创新工程。从此以多学科交叉为特色，以国家战略和国民经济重大问题为导向，以有机化学基础研究和应用基础研究为主导，围绕人口与健康、资源与环境、新材料三大领域，重点突出健康和生命、环境和生态系统、资源利用与开发、新材料、能源开发应用和国家安全等领域中相关的基本有机化学课题等六大研究方向，带动化学生物学、金属有机化学、有机合成化学、元素有机化学、物理有机化学、化学信息学、有机材料化学和有机分析化学等八大学科发展。上海有机所现有生命有机化学国家重点实验室、金属有机化学国家重点实验室、中国科学院氟化学重点实验室、中国科学院天然产物有机合成化学重点实验室，中国科学院有机功能分子合成与组装化学重点实验室、中国科学院生物与化学交叉研究中心、推进剂关键材料重点实验室，沪港合成化学联合实验室，中国科学院有机合成工程研究中心以及企业联合实验室等。受中国化学会委托，编辑出版《化学学报》、《Chinese Journal of Chemistry》和《有机化学》三份SCI收录刊物。全所截止2016年底有职工865人，其中中国科学院院士9人，研究员81人,中国科学院“百人计划”入选者36人，国家杰出青年科学基金获得者23人，顶尖“千人计划”入选者1人，“千人计划”创新人才短期项目入选者1人，“千人计划”青年项目入选者20人。在学研究生581人。在站博士后48人。建所以来，共获各种科研成果奖348项，包括国家三大奖72项，其中国家自然科学一等奖3项（其中2项为合作）、二等奖18项（其中1项为合作）；国家创造发明奖3项和国家发明二等奖4项（其中3项为合作）；国家科技进步奖特等奖3项（合作），一等奖1项（合作），二等奖11项（其中5项为合作）；获得包括中国科学院自然科学一等奖28项在内的中国科学院各类奖145项；上海市科技成果奖82项。获授权专利656项（其中国外专利20项），共发表学术论文11150余篇。上海有机所与世界各国科研机构和高等学校建立了广泛的联系，深入开展国际合作与交流，注重加强与国内外大型企业和学校的合作。上海有机所将与时俱进，实现跨越式发展，努力建成世界有机化学的重要研究基地、中国有机化学的研究中心和培养一流有机化学家的摇篮。","https://www.zhaopin.com/jobdetail/CC397943920J40705218507.htm?refcode=4019&srccode=401901&preactionid=a7c1140f-c46c-45e5-b867-ab342d8bdc77"
1427,科研人员,深圳-南山区,2-2.8万,北京大学深圳研究院,学术/科研,100-299人,,CC516901830J40285437605,部门介绍：         深圳环境模拟与污染控制重点实验室是2001年10月在第三届高交会上，深圳从北京大学引进的四个国家重点实验室之一。实验室以环境污染控制和环境质量的改善为目标，重点针对水和室内空气污染两个最为突出的环境问题，以污染全过程控制为指导思想，紧密围绕：（1）污染物的源头控制；（2）污染物在环境中的迁移转化和过程模拟；（3）污染物的环境与健康效应；（4）污染物的无害化和资源化新材料与新技术等方面，开展重大环境问题的应用研究。 课题组介绍：         栾博课题组长期以景观学与环境学结合、产学研联动的方式从事绿色基础设施和低碳韧性景观的科学研究、技术开发与设计实践工作，已主持承担国家与省部级科研课题7项，包括主持多项国家自然科学基金、广东省自然科学基金面上项目、住建部科技项目；主持完成设计与技术咨询项目100余项，建成项目获国际大奖10余项。目前，该课题组聚焦库—河—湾生物栖息地修复和生态韧性构建技术研究，研发可推广、可复制的基于自然解决方案生物保护与韧性协同的技术集成。根据工作需要，课题组拟招收博士后1人开展科研工作。 研究方向： 海岸带生态空间适应性减灾效应研究 研究内容： 开展生态环境评估与对策研究、生态经济体系建设、大湾区生态文明建设研究等工作。 应聘要求： （1）专业背景：生态学、海洋环境科学、环境规划管理、地理学、生态经济及生态系统服务估值方向相关专业。 （2）研究经验：具有负责区域生态环境评估、生态系统服务估值、资源环境承载力监测预警、生态经济体系建设、城市生态规划等相关课题研究经历者优先。 （3）软件要求：掌握Arcgis、CAD等软件模型，熟练使用SPSS等统计分析工具。 申请条件： （1）学历要求：已具有博士学位或者在近期内能顺利完成博士论文答辩，获博士学位不超过3年，35岁以下； （2）在重要学术期刊发表论文，有SCI发表记录（第一作者）； （3）具有良好逻辑思维能力、独立研究能力和严谨的科研工作态度，具有良好组织协调能力和强烈团队协作精神； （4）工作地点：深圳。 工作待遇： （1）基础补贴及薪资不低于30万/年，具体面议。享受国家规定的相关福利； （2）提供充足的研究经费，配备相应的科研助手和所需的实验仪器设备。,6月12日,北京大学深圳研究院是由北京大学在深圳市依托深港产学研基地（深圳市局级事业单位）发起成立的产学研合作实体平台，是深圳市首批引进加入虚拟大学园的成员院校之一，已成为北京大学布局湾区、立足深港的高层次、综合性、开放式的官、产、学、研、资相结合的科技成果孵化与产业化基地、风险基金聚散基地、科技体制创新基地和高新技术人才培养引进基地，是北京大学在校本部外重要的产学研合作基地。,"https://www.zhaopin.com/jobdetail/CC516901830J40285437605.htm?refcode=4019&srccode=401901&preactionid=a7c1140f-c46c-45e5-b867-ab342d8bdc77"
1428,科研人员,武汉-江夏区,8000-15000元·13薪,武汉光谷卓越科技股份有限公司,"IT服务,计算机软件",100-299人,未融资,CC131166580J40638120314,岗位职责： 1、协助技术总监完成研发类相关工作； 2、负责技术中心资料文档的收集、整理和归纳； 3、负责国外网站信息的收集、相关论文的撰写；  岗位要求：   1、物理，自动化、计算机等工科类专业，研究生及以上学历；   2、有技术研发岗位文档管理、文章撰写工作1年以上工作经历；   3、有较强的信息归纳及文案处理能力；有一定技术资料检索和整理能力；   4、具备高水平论文发表经历优先。   ,7月22日,武汉武大卓越科技有限责任公司成立于2001年，注册资本2200万，是中国最早研究和研发交通基础设施快速无损检测技术及装备的公司之一。公司技术涵盖精密工程测量和智能交通系统领域，集“高端检测装备、数据处理和综合业务应用系统”于一体，自主核心技术已跻身国际一流行列，是国际公路快速无损检测技术创新领跑者！公司通过CMMI3认证和ISO9001-2008质量管理认证，具备乙级测绘资质及计算机系统集成三级资质，是国家级高新技术企业、国家火炬企业和863产业化基地。公司秉承“自主创新、科技报国”的宗旨，持续创造领先于行业的科技体验。现已拥有国际发明专利3项、国家发明专利56项，软件著作权53项；荣获国家技术发明奖二等奖1项，国家科技进步奖二等奖1项，省部级科技一等奖3项。公司秉承“让交通资产更好地服务于大众”的伟大愿景，愿携子之手，共同开启智慧交通新时代！福利待遇专业培训、学历提升、绩效奖金、年终奖金落户武汉、接收档案/党组织关系、缴纳六险一金员工旅游、定期体检、餐饮补贴、交通补贴联系方式人力资源部电话：027-87196208简历投递邮箱：hr@zoyon.com.cn（邮件标题：学校+姓名+应聘职位）网址：http://www.zoyon.com.cn公司地址：武汉市东湖新技术开发区武大园四路6号,"https://www.zhaopin.com/jobdetail/CC131166580J40638120314.htm?refcode=4019&srccode=401901&preactionid=a7c1140f-c46c-45e5-b867-ab342d8bdc77"
1429,硬件测试,苏州-常熟市,7000-10000元,重庆科满福人力资源服务有限公司,企业服务,20-99人,,CCL1487604860J40922128704,【岗位职责】 ： 1、进行新产品研发阶段的测试工作 2、完成新产品的功能测试、可靠性测试、环境测 试、安全测试等技术工作 3、制定测试计划，设计测试用例，分析测试数 据，编制测试报告 4、为其他部门提供技术支持，与其他部门的产品 联合测试工作,6月30日,,"https://www.zhaopin.com/jobdetail/CCL1487604860J40922128704.htm?refcode=4019&srccode=401901&preactionid=a7c1140f-c46c-45e5-b867-ab342d8bdc77"
1430,测试工程师,深圳-宝安区,7000-9000元,深圳市晶讯技术股份有限公司,"电子/半导体/集成电路,计算机软件",500-999人,,CC239838210J40576044014,岗位职责： 1、测试环境搭建； 2、生产异常分析及处理； 3、自动化机器人调试及使用； 4、配合NPI导入试产产品及数据收集。 任职要求： 1、大专及以上学历，电子类相关专业，2年及以上相关工作经验； 2、熟悉WIFI/蓝牙模块产品测试原理； 3、能独立分析生产过程中发生的异常； 4、积极主动，工作责任心强；,6月4日,一、公司介绍深圳市晶讯技术股份有限公司（以下简称晶讯）成立于2003年，是一家以技术研发为主的高科技公司。公司专注于无线通讯产品的研发及智能家居产业链的打造，包括智能网关、APP应用及云服务等；公司提供研发、生产、销售、服务一站式物联网和无线音频的解决方案。晶讯现有六大类产品类型，主要是蓝牙耳机、蓝牙手表、蓝牙音箱、智能家居、智慧酒店、智慧教育等，每条产品线均设有独立的软件、硬件及测试部门。公司技术力量雄厚，总部人数超过300人，本科以上研发人员占总人数75%以上，其中7成研发人员具有8年以上从业经验。工厂位于宝安松岗，工厂人数超过700人。公司不断完善研发流程及管理水平，已成功被认定为“深圳市软件企业”、“深圳市高新技术企业”、“国家高新技术企业”；并通过CMMIⅡ、ISO9001、ISO14001、ISO27001、ISO45001认证。公司以强大的研发队伍做技术保障，拥有多项发明专利及软件著作权。本着“为客户创造价值”的宗旨，与多家知名企业达成“战略合作伙伴”关系，不仅为客户提供技术领先的解决方案，并以高效可靠的技术支持赢得客户的信任和支持。主要客户有：阿里、华为、腾讯、小米、美的等。公司坚信“人才是企业之本”，坚持“公开、平等、竞争、全面、择优”的用人原则，并为每个岗位建立多方位职业发展通道，鼓励员工晋升及发展。二、福利待遇 1、法定性福利：五险一金（入职缴交）、法定假期、带薪假期； 2、通用性福利：生日会、节日购物卡、各类体育运动、不定期员工团建、旅游、年会、住宿、慰问礼物； 3、职务性福利：差旅补贴、车辆补贴； 4、激励性福利：调户、项目奖（研发类）、年终奖、人才推荐奖、年度评优、每年1-3次调薪机会。 5、上班制度：周末双休、早九晚六、有偿加班。晶讯愿与您互惠共赢，携手创造通讯产业的美好明天！,"https://www.zhaopin.com/jobdetail/CC239838210J40576044014.htm?refcode=4019&srccode=401901&preactionid=a7c1140f-c46c-45e5-b867-ab342d8bdc77"
1431,科研人员,北京-海淀区,1-1.8万,中国科学院物理研究所,学术/科研,1000-9999人,未融资,CC197462010J40586528706,中国科学院物理研究所（以下简称“物理所”）是以物理学基础研究与应用基础研究为主的多学科、综合性研究机构。研究方向以凝聚态物理为主，包括凝聚态物理、光学、原子分子物理、等离子体物理、软物质与生物物理、凝聚态理论和计算物理、材料科学与工程等。超导、拓扑、纳米、表面、极端条件等多个学科走在了世界科技最前沿；磁学、光学、先进材料、清洁能源等诸多领域为国民经济发展提供了有力支撑。近年来在马约拉纳零能模、高温超导机理、多比特纠缠态、月壤分析、离子电池和氦3制冷机等基础研究、应用基础研究和核心技术攻关方面取得系列重要进展。 为加强高温超导材料应用研究，物理所超导应用平台现面向海内外招聘相关领域的项目工程师（项目聘用），诚邀有志之士加盟。 一、招聘方向 ●方向一：高温超导实用化材料研制及应用 高温超导块材（包括靶材、多晶或者单晶）的制备、性能表征以及应用， 高温超导薄膜（主要是PLD技术）制备、基本物性表征及相关技术研发， 高温超导线带材的制备（主要是PLD技术）、性能表征以及应用。 具有以上经验者优先。 ●方向二：高温超导弱电器件及应用 高温超导约瑟夫森结制备与测试、超导材料/器件电磁物性表征及微纳尺度测量、基于约瑟夫森结的高温超导器件的设计制备和测试、高温超导器件微纳加工工艺。 具有高温约瑟夫森结和超导器件建模、制备、测试、隧道谱学经验者优先。 以上方向均招收项目工程师（项目聘用），工作地点在北京中关村或者怀柔科学城。 二、招聘要求 项目工程师（4人） 主要职责：1）负责关键技术研发，技术改进，解决复杂技术问题；2）负责项目过程管理，质量控制；3）负责仪器设备日常管理和维护；4）协助项目负责人进行相关的科研任务，以及完成项目负责人交办的其他任务。 任职要求：原则上具有良好的沟通能力和团队协作能力，工作积极主动，责任心强，物理、材料、电子、微波工程等理工科专业，具有硕士及以上学位。具有高温超导材料制备、性能表征、应用，微加工技术经验或超导约瑟夫森结和SQUID制备测试经验，以及具有python、C、Matlab、ADS等程序语言模拟仿真经验者优先。 待遇：提供有竞争力的薪酬；五险一金；定期体检、工会福利等。用工方式为劳务派遣。,4月29日,中国科学院物理研究所（以下简称“物理所”）成立于1950年8月15日，其前身是成立于1928年的国立中央研究院物理研究所和成立于1929年的北平研究院物理研究所，1950年在两所合并的基础上成立了中国科学院应用物理研究所，1958年9月30日启用现名。物理所是以物理学基础研究与应用基础研究为主的多学科、综合性研究机构。研究方向以凝聚态物理为主，包括凝聚态物理、光学物理、原子分子物理、等离子体物理、软物质物理、凝聚态理论和计算物理等。作为科技创新国家队，物理所坚持以“三个面向”、“四个率先”为目标，系统谋划和推进研究所“一三五”规划。超导、拓扑、纳米、表面、极端条件等多个学科走在了世界科技最前沿；磁学、光学、先进材料、清洁能源等诸多领域为国民经济发展提供了有力的支撑。除了聚焦基础前沿问题，扎根中关村科研攻关外，物理所还积极参与北京科创中心怀柔科学城、粤港澳大湾区科创中心松山湖材料实验室以及长三角物理研究中心建设，为科技强国建设作出了重要贡献。物理所现有超导、磁学、表面物理3个国家重点实验室，光物理、电子显微镜、纳米物理与器件、极端条件物理、清洁能源前沿研究、凝聚态理论与计算6个院重点实验室，软物质物理、固态量子信息与计算、微加工3个所级实验室，它们与国际量子结构中心、量子模拟科学中心、北京散裂中子源靶站谱仪工程中心、清洁能源中心、超导技术应用中心、功能晶体研究与应用中心、量子计算研究中心、应用物理中心8个研究中心共同构成物理所的研究体系。技术部及各实验室、各研究组的公共技术平台共同构成全所的技术支撑体系。此外，物理所还是北京物质科学与纳米技术大型仪器区域中心、中科院电镜技术联盟的牵头单位，北京量子信息科学研究院的共建单位。2019年，物理所在大科学装置建设方面取得阶段性进展。综合极端条件实验装置北京部分，基本建设已完成95%，科研设备已累计完成支出60%以上。物理所作为项目法人单位的材料基因组研究平台和清洁能源材料测试诊断与研发平台项目也获得重要进展。基本建设均已完成99%，科研仪器设备均已累计完成支出60%以上。物理所与高能所共建中国散裂中子源（东莞）项目，相关团队全力投入靶站谱仪的开放运行工作，完成了大气中子辐照谱仪的物理设计优化与整体工程设计，持续开展磁性、锂离子电池材料的中子散射研究。截至2019年底，物理研究所共有职工825人。其中科技人员443人、科技支撑人员148人，包括中国科学院院士14人、中国工程院院士1人、发展中国家科学院院士8人。国家杰出青年科学基金获得者37人。　2019年，物理所继续发挥科研优势，共承担在研项目675项（包括新增项目279项）。其中，主持国家重点研发计划23项（新增6项），主持973项目（含国家重大科学研究计划项目）3项；主持国家自然科学基金重点项目25项（新增5项）、国家杰出青年科学基金项目7项（新增1项）、国家自然科学基金重大研究计划7项（新增3项）；主持中国科学院战略性先导科技专项1项、项目4项；主持院重点部署项目1项；主持重大仪器研制项目12项（包括新增项目2项）。　2019年，物理所深耕各研究领域，取得了多项有国际影响力的重要科研成果。在国际上首次实现了原子级精准控制的石墨烯纳米结构折叠，为目前世界上最小尺寸的“石墨烯折纸”。在国际上首次观测到马约拉纳零能模近量子化的电导平台，给出了铁基超导中存在马约拉纳零能模的关键性实验证据。采用材料基因工程理念开发了独特的高通量实验方法，实现了非晶合金的快速筛选，研制出高温高强块体非晶合金新材料，突破了现有非晶合金的使役温度极限。创建了一种高效且全自动的算法用于检测非磁性材料中的非平庸拓扑，不仅提高了探索新拓扑材料效率，也为高通量计算打下了基础。与合作者应用具有12个超导量子比特形成一维链结构的器件，实现了强关联量子行走的模拟。与合作者利用全联通的20超导量子比特器件，成功实现了20量子比特多组分薛定谔猫态制备。与合作者的冷冻电镜静态结构相结合，实现单分子动力学过程的精确测量，深度解析了染色质重塑因子调控DNA在核小体上滑移的分子机制。“基于材料基因工程研制出高温块体金属玻璃”工作入选2019年度中国科学十大进展；“最新研究表明自然界中约24%的材料可能具有拓扑结构”工作入选2019年中国十大科技进展新闻；“首次完成强关联纠缠体系的量子行走实验”和“实现石墨烯纳米结构原子级精准的可控折叠”工作入选中科院2019年度科技创新亮点成果。,"https://www.zhaopin.com/jobdetail/CC197462010J40586528706.htm?refcode=4019&srccode=401901&preactionid=a7c1140f-c46c-45e5-b867-ab342d8bdc77"
1432,Java,青岛-市南区,6000-8000元,创迹软件,"计算机软件,IT服务,计算机软件",500-999人,未融资,CC468278710J40682358106,岗位职责： 1.参与项目的设计和开发； 2.按照项目计划，按时提交高质量代码，完成开发任务； 3.对于系统出现的问题能进行及时修改及完善。 任职要求： 1.计算机软件及相关专业本科及以上学历； 2.能够熟练使用SpringBoot、SpringCloud等技术框架； 3.能熟练使用SQL语言，并熟悉常见的oracle、MySQL数据库； 4.有一定的项目开发参与经验。【补充】  1.此岗位面向2025年应届毕业生，统招本科学历，计算机相关专业。  2.具备一定日语基础或者可以接受日语学习优先,6月10日,创迹软件是日本TRIAL集团在中国的全资子公司，创立于2003年12月，注册资金200万美金，是国家级高新技术企业。创迹软件在烟台、青岛、沈阳等城市设立分支机构及产品研发中心、商务中心、AI数据中心和AI产品研发中心，拥有软硬件工程师和AI算法工程师，数据科学家等约500人的技术团队，曾多次获得“优秀软件企业”的荣誉称号。创迹软件聚焦零售行业、为零售、流通、物流企业提供业务咨询、行业解决方案，在日本TRIAL零售大卖场导入并使用的各类软件及AI产品、数智服务，积极推广到国内市场。主要产品有智能购物车、智能相机、数字标牌、门店综合解决方案等。面向国内小微商户的POS解决方案（掌柜智囊）、社区团购小程序（群客多）产品，助力百货店、连锁超市、连锁药店以及中小微企业的销售、经营管理。,"https://www.zhaopin.com/jobdetail/CC468278710J40682358106.htm?refcode=4019&srccode=401901&preactionid=a7c1140f-c46c-45e5-b867-ab342d8bdc77"
1433,实施工程师,南京-六合区,9000-18000元,青岛安然物联网科技有限公司,"物联网,物联网",20-99人,未融资,CC559764920J40565744204,需要弱电技术、自动化、安防系统、工业互联网+危化安全生产、物联网人才，不要纯软件人才。  你能经常到全国各地出差吗？你能到工业生产现场生产现场做技术支持吗？     真正的奋斗者在安然会有让人值得为之奋斗的事业，会有充实、高效的成长，会有高人一等的收入。,3月8日,基于精准人员定位的工业安全生产信息化管理专家，安全生产信息化管理引领者！作为全国实时定位技术标准工作组成员和应急管理部“工业互联网+危化安全生产”人员定位系统技术支持机构，安然从2012年起致力于基于ZigBee Plus三维立体按需精准定位的“工业互联网+安全生产”的研究，获得了20多项安全智能管控系统发明专利和著作权，持续引领中国化工行业生产现场智慧安全！安然以“准、稳、狠”的ZigBee Plus三维立体按需精准人员定位统和“底数清、数据准、情况明、研判准、措施实”的安全生产信息化平台为核心，整合访客管理、出入口控制、人脸识别、视频监控、语音广播、重大危险源监控、可燃有毒气体监测等系统，对生产现场人、机、料、法、环五大要素进行实时、动态、智能管控和预警，规范人的安全行为，保障人的生命安全，有效防范风险、主动化解风险，实现智慧安全。安然“以用为本”，把安全生产信息化建设与公司管理体系“深度融合”，把安全生产信息化建设与日常工作“紧密结合”，对安全生产切实“有用、实用、好用”，避免建用“两张皮”，让安全管控更智能，让生产更高效才实用。迄今已服务中石化、中石油、延长石油、国能、兖矿、京能、索普、新安、奇美、昊源、潞安、旭阳、垦利、逸盛、海科、酒钢、金发等几百家石化、化工、选煤、钢铁、电厂企业。安然以客户为中心，以强者为本，抬头乐干，愿意与同道中人联合、链接，携手共建、共用、共享生产安全命运共同体，一起干，一起干，让优秀企业更安全，让优秀企业更高效！,"https://www.zhaopin.com/jobdetail/CC559764920J40565744204.htm?refcode=4019&srccode=401901&preactionid=a7c1140f-c46c-45e5-b867-ab342d8bdc77"
1434,科研人员,防城港-防城区,8000-10000元,军科正源(北京)药物研究有限责任公司,"医药制造,专业技术服务",500-999人,未融资,CC293938780J40776267802,1. 负责省级重点实验室日常管理和运行（组织学术委员会专家会议、完成重点实验室年度工作总结与绩效评定、完成开放课题的申报及进度检查、协调共建单位）。 2. 负责国自然基金、广西重点研发计划等项目的申报，以及项目的组织与实施； 3.负责统筹开展公司内部研发项目；   任职要求： 1. 具有独立撰写项目申报书的能力； 2. 具有一定的项目管理经验； 3. 具有良好的协调能力和较好团队协作能力； 4. 承担和参与过省级以上课题者工作经验者优先。,7月25日,"军科正源（北京）药物研究有限责任公司（United-Power Pharma Tech Co., Ltd, UPP），作为国内唯一一家全面通过CNAS认证的生物药物分析CRO，提供各类大小分子药物生物样本分析。同时还具有完整的生物药物工艺开发和GMP中试生产基地。总经营面积超过12，000平米。提供一站式生物制药产品开发、生产、分析和注册申报解决方案。公司总部位于北京，并于上海、天津、广西设有分部。公司现已发展为拥有300人以上的团队，组织架构合理，模块化高效运营，人员稳定向心力强。我们的科学家服务全球超过200家客户。是亚洲最大的生物药物法规分析团队。公司核心技术团队组建于2008年，累计完成了包括药代动力学、毒代动力学、免疫原性、药效学等在内的项目300余项，涵盖多肽、单抗、双特异性抗体、融合蛋白、核酸类、抗体药物偶联物及小分子化药等领域，覆盖了我国70%以上的创新生物药品种，积累了丰富的项目经验。所有已申报项目均顺利通过NMPA核查，并与国内外客户建立了良好的长期合作关系。","https://www.zhaopin.com/jobdetail/CC293938780J40776267802.htm?refcode=4019&srccode=401901&preactionid=a7c1140f-c46c-45e5-b867-ab342d8bdc77"
1435,Java,郑州-中原区,1.3-2.6万,无锡硕磊科技有限公司,"计算机软件,计算机软件",20-99人,未融资,CC841172330J40916949304,"工作职责： 1. 计算机或日语相关专业，要求日语二级以上，至少可以读写水平，口语好优先 2. 有较好的逻辑思维能力，对IT行业有浓厚兴趣 3. 熟练掌握JAVA、vue、react、SAP 、dynamics、Python、.NET(ASP・VB・C#)、cobol、c++,android 、iOS、salesforce等其中任意一种开发语言 ■薪资水平： 25万～70万日元。 （视日语水平和技术水平而定） ■福利制度： 带薪休假+健康保险+厚生年金+加班费+交通费+雇佣保险+社员旅行等。",7月9日,无锡硕磊科技有限公司(无锡)专业从事计算机软件领域内的技术开发、技术咨询、技术服务、成果转让，计算机软硬件的开发与销售，软件技术的外包与服务，隶属于日本东京SUN FLOWER SOFT株式会社，在对日软件开发方面有非常丰富的经验。SUN FLOWER SOFT株式会社(东京)在东京有数载的发展历史，已经拥有属于自己比较成熟的项目经验、资源和团队，服务领域遍及生产制造、医疗、电力、公共、证券、保险、金融等各行各业。无锡硕磊科技有限公司自成立以来一直以“以人为本”的招聘标准，只要您热衷于IT行业，有软件开发经验或日语基础，品行端正，我们都可以将您培养成一顶一的技术人才。,"https://www.zhaopin.com/jobdetail/CC841172330J40916949304.htm?refcode=4019&srccode=401901&preactionid=a7c1140f-c46c-45e5-b867-ab342d8bdc77"
1436,技术支持工程师,恩施-咸丰县,9000-18000元,青岛安然物联网科技有限公司,"物联网,物联网",20-99人,未融资,CC559764920J40823805304,需要弱电技术、自动化、安防系统、工业互联网+危化安全生产、物联网人才，不要纯软件人才。  你能经常到全国各地出差吗？你能到工业生产现场生产现场做技术支持吗？   真正的奋斗者在安然会有让人值得为之奋斗的事业，会有充实、高效的成长，会有高人一等的收入。   你能做好售前技术支持、根据客户需求，高效制作方案吗？你能做好售中技术支持、指导他人正确安装、部署、调试系统向用户保质保量快速交付吗？你能做好售后维护，高效沟通和落实客户需求吗？   迄今已服务中石化、中石油、延长石油、国能、兖矿、京能、索普、新安、奇美、昊源、潞安、旭阳、垦利、逸盛、海科、酒钢、金发等几百家石化、化工、选煤、钢铁、电厂企业。    安然以客户为中心，以强者为本，抬头乐干，愿意与同道中人联合、链接，携手共建、共用、共享生产安全命运共同体，一起干，一起干，让优秀企业更安全，让优秀企业更高效！,7月3日,基于精准人员定位的工业安全生产信息化管理专家，安全生产信息化管理引领者！作为全国实时定位技术标准工作组成员和应急管理部“工业互联网+危化安全生产”人员定位系统技术支持机构，安然从2012年起致力于基于ZigBee Plus三维立体按需精准定位的“工业互联网+安全生产”的研究，获得了20多项安全智能管控系统发明专利和著作权，持续引领中国化工行业生产现场智慧安全！安然以“准、稳、狠”的ZigBee Plus三维立体按需精准人员定位统和“底数清、数据准、情况明、研判准、措施实”的安全生产信息化平台为核心，整合访客管理、出入口控制、人脸识别、视频监控、语音广播、重大危险源监控、可燃有毒气体监测等系统，对生产现场人、机、料、法、环五大要素进行实时、动态、智能管控和预警，规范人的安全行为，保障人的生命安全，有效防范风险、主动化解风险，实现智慧安全。安然“以用为本”，把安全生产信息化建设与公司管理体系“深度融合”，把安全生产信息化建设与日常工作“紧密结合”，对安全生产切实“有用、实用、好用”，避免建用“两张皮”，让安全管控更智能，让生产更高效才实用。迄今已服务中石化、中石油、延长石油、国能、兖矿、京能、索普、新安、奇美、昊源、潞安、旭阳、垦利、逸盛、海科、酒钢、金发等几百家石化、化工、选煤、钢铁、电厂企业。安然以客户为中心，以强者为本，抬头乐干，愿意与同道中人联合、链接，携手共建、共用、共享生产安全命运共同体，一起干，一起干，让优秀企业更安全，让优秀企业更高效！,"https://www.zhaopin.com/jobdetail/CC559764920J40823805304.htm?refcode=4019&srccode=401901&preactionid=a7c1140f-c46c-45e5-b867-ab342d8bdc77"
1437,软件测试,宿迁-宿豫区,5000-7000元,天阳科技,"计算机软件,计算机软件",1000-9999人,已上市,CC120408370J40822511208,1.全国项目驻场测试，主要负责功能、数据或接口等相关测试工作； 2.统招本科学历及以上（学信网可查）；毕业满2年；计算机专业优先； 3.热爱软件测试行业、有强力的自驱力，能够在测试岗位深入学习研究； 4.有无经验均可，服从公司安排，接受公司培养，可接受异地工作优先； 福利待遇： 上市公司、公司可提供住宿、定期体检、带薪年假； 欢迎符合要求的小伙伴们投递~,7月17日,天阳科技(股票代码：300872)，是全球金融创新服务的重要贡献者，持续赋能中国金融行业数字化转型，为客户提供咨询、金融科技产品、金融IT服务、云计算及运营服务。公司成立于2003年，服务超过300家金融行业客户，覆盖中央银行、政策性银行、国有银行、股份制银行、地方性商业银行、非银行金融机构等，员工人数近7000人，成为激活金融领域创新活力、推动金融科技迈入世界领先水平的重要力量。作为金融行业客户可信赖的合作伙伴，天阳科技凭借丰富的行业经验和端到端的专业服务，在信创、数字化金融、信贷、交易银行、信用卡、零售、营销、风险管理、征信监管等众多领域具备核心竞争力。据赛迪和IDC报告显示，近年来公司在中国银行业IT解决方案市场排名强势崛起，2019年收入及市场占有率综合排名分别位列第四位和第五位，并保持高速增长。同时，前瞻商业和科技趋势，入选2021年度未来银行科技服务商TOP100。天阳科技始终聚焦金融科技领域，加大自主创新力度，在超过100个城市建立本地化、专业化的研发和服务团队，拥有CMMI5级认证、软件测试成熟度模型集成（TMMi）3级认证、ISO9001质量管理体系认证、ISO20000信息技术服务管理体系认证、IS027001信息安全管理体系认证。通过部署人工智能、云计算、大数据、移动互联网、分布式计算和区块链等先进金融科技，公司致力于构建安全可控、普惠民生、开放共赢格局，在关键技术领域服务现代化金融发展大局，更好地为各利益相关方创造更大价值，为大中企业、小微企业以及每个个体提供优质金融服务。,"https://www.zhaopin.com/jobdetail/CC120408370J40822511208.htm?refcode=4019&srccode=401901&preactionid=a7c1140f-c46c-45e5-b867-ab342d8bdc77"
1438,科研人员,武汉-硚口区,2.2-3万,曼迪匹艾（武汉）科技服务有限公司,"新闻/出版,学术/科研,计算机软件",1000-9999人,未融资,CC588665420J40736720509,一、工作职责 1. 熟悉公司编辑业务和流程，编排和处理稿件，确保稿件格式正确，及时发表，联系同行专家，确保稿件同行评审及时完成； 2. 建立与期刊主编，编委成员，作者及审稿人之间的良好沟通，确保期刊正常运作； 3. 收集行业数据和信息，对行业领域发展进行数据分析和调研； 4. 熟悉公司内部业务和服务优化项目，提供优化对策； 5. 参与公司业务及服务项目推广工作，拓展与相关协会合作机会； 6. 进行学术拜访及学者关系维护工作，根据公司需要，参加期刊编委会或参与实体会议组织工作； 7. 协助出版团队和BD团队开展OA出版及MDPI期刊/业务相关的外部培训工作； 8. 对期刊进行学术质量把控； 9. 协助出版团队或期刊团队完成指派的其他工作。 二、职位要求 1. 博士学历，自然科学相关专业优先； 2. 对学术出版行业有浓厚兴趣，有出版工作经验、参加或组织过学术会议者优先； 3. 优秀的英语书面及口语表达能力； 4. 优秀的沟通能力，学习能力和团队合作精神。 三、薪资福利 1. 薪酬待遇：根据能力及表现面议，22K-30K； 2. 基础福利：六险一金，带薪年假，年度体检，节日福利，活动经费，丰富茶歇，营养晚餐等； 3. 进阶福利：父母福利，子女福利，团队奖励，培训津贴，岗位津贴； 4. 职业发展：导师培养，技能培训，管理培训，优秀员工提供出国交流和工作机会。 四、办公地点 武汉市硚口区京汉大道688号武汉恒隆广场办公楼54层,5月29日,"MDPI（Multidisciplinary Digital Publishing Institute）创办于1996年，是全球领先的Open Access出版公司之一，总部位于瑞士巴塞尔，同时在中国，西班牙，塞尔维亚，英国，日本，罗马尼亚，加拿大，波兰以及新加坡等设有分公司。MDPI中国区在北京，武汉，天津，南京,大连共设有七个代表处，主要负责MDPI期刊的编辑出版工作。 MDPI致力于开放获取出版服务，目前出版英文科技期刊400余个，其中SCIE期刊90余个。期刊领域覆盖生物、化学、医药、机械、能源、环境、农林等各学科。汉口办公室联系电话：027-87715899汉口办公室联系邮箱：hr-wuhan@mdpi.com汉口办公室地址：武汉市硚口区京汉大道688号武汉恒隆广场办公楼54层光谷办公室联系电话：027-59972062光谷办公室联系邮箱：hr-guanggu@mdpi.com光谷办公室地址：武汉市洪山区邮科院路88号烽火科技大厦2层","https://www.zhaopin.com/jobdetail/CC588665420J40736720509.htm?refcode=4019&srccode=401901&preactionid=a7c1140f-c46c-45e5-b867-ab342d8bdc77"
1439,硬件测试,北京-丰台区,6000-12000元,北京华信泰科技股份有限公司,"运营商/增值服务,通信/网络设备,电子/半导体/集成电路",20-99人,未融资,CC229963610J40177969611,岗位要求： 1 负责产品电路的软硬件调试、测试 2 负责编辑测试报告及相关测试文档  3 负责维护管理相关电路及文档 4 负责配合研发人员完成相关测试   任职要求： 1、熟悉电子电路及电子元器件；  2、动手能力强，有焊接经验，能熟练拆焊常见芯片；  3、熟练使用示波器、万用表及各类电工工具；  4、具备较强的责任心及自律性； 5、专业技术过硬者优先； 6、1-3年以上工作经验。,7月10日,北京华信泰科技股份有限公司是一家具有技术研发、产品生产和系统支持的全方位解决方案提供商和设备提供商。公司成立于2008年，具有国家高新技术企业、中关村高新技术企业等认定证书。“自主、创新、超越”是华信泰的一贯宗旨。华信泰公司成功研制了高精度、低功耗、实用化的芯片级原子钟，该系列产品填补了国内技术空白，带动了国内相关产业链的发展，具有国际先进、国内领先水平。华信泰公司掌握基于CDR的高精度卫星导航定位系统核心专利技术，具有自主知识产权，主导编写国家技术标准，为未来大规模北斗高精度导航定位服务提供完整解决方案。在新一代户户通项目中，作为项目的发起者，华信泰创造性地提出使用北斗导航卫星系统进行定位，主导编制多项行业标准，并成为北斗定位芯片和北斗及卫星直播系统一体化下变频器提供商。截止目前，华信泰的主要产品涵盖芯片级原子钟等时频产品、基于中国数字调频广播（CDR）的北斗高精度导航定位系统解决方案、北斗定位芯片、户户通北斗及卫星直播系统一体化下变频器等，广泛应用于高精度时频、高精度导航定位、数字广播电视等领域。通过多年的自主研发和技术引进、整合、转化，公司具备多项自主知识产权，形成了完整的研发体系和较强的技术转化能力，并具有实力雄厚的生产加工能力，整体技术力量和研发实力在行业内处于领先水平。“抓创新就是抓发展，谋创新就是谋未来”。华信泰将牢牢把握新时代重大战略机遇，充分发挥产业优势、人才优势和技术优势，打造“人无我有、人有我优、人优我特”的拳头产品和服务，提升企业核心竞争力。在创业的道路上行稳致远、越走越好。,"https://www.zhaopin.com/jobdetail/CC229963610J40177969611.htm?refcode=4019&srccode=401901&preactionid=a7c1140f-c46c-45e5-b867-ab342d8bdc77"
1440,软件测试,兰州-安宁区,3000-4000元,杭州友声科技股份有限公司,"运营商/增值服务,计算机软件",500-999人,未融资,CC348923310J40084350611,岗位职责： 1、负责公司自动拨测平台的日常维护及技术支持； 2、负责移动增值业务APP及WEB测试工作； 3、自动拨测脚本编辑及维护工作； 4、测试数据分析，测试报告输出。 任职要求： 1、计算机相关专业，大专以上学历； 2、了解自动化测试工具QTP、性能测试工具LoadRunner； 3、熟悉SQL或ORACLE等语言； 4、熟悉数据统计分析工作，对数据分析敏感，熟练运用OFFICE等办公软件； 5、具有较强的学习能力，良好的沟通表达能力，能独立解决问题； 6、工作认真负责、耐心仔细、责任心强、适应能力强、有较强的团队意识。 职位福利：周末双休、五险一金、绩效奖金、餐补、带薪年假、定期体检、员工旅游、节日福利   ,2025-07-27 01:37:05,"杭州友声科技股份有限公司（股票代码：836592）成立于2009年，是国内领先的以AI技术为驱动的自动化测试解决方案与测试服务提供商。公司注册资金5035万元，总部位于杭州，并在深圳、北京、上海、成都、武汉、广州、郑州七大区域设立分公司，在全国31省市部署了自有测试资源和本地化团队，通过打造""AI+资源+专家""协同的三维赋能测试服务新模式，持续推动数字化业务质量管理升级。友声科技作为""国家高新技术企业""和浙江省""专精特新""企业，始终致力于AI技术与质量管理的深度融合与探索。公司自主研发了AutoSense业务巡检平台、TestMan一体化测试管理平台、ZtestMonkey智能探索工具、ZtestPerf性能测试工具、以及ATC测试设备控制器、测网速APP等一系列核心产品，部分产品深度集成了AI多维度识别、AI用例生成、AI智能算法等技术，在UI自动化测试、终端群控、网络测试等领域实现智能化技术的突破与应用。公司通过自主研发的AI视觉识别算法和智能路径分析模型，能够精准识别多种复杂业务场景，测试效率较传统模式有了较大提升，正在为电信运营商、金融机构、新科技等行业客户提供全方位数字化业务质量与用户体验提升服务。友声科技不仅获得CMMI五级、ISO系列等国际质量管理认证，还建立了CNAS和CMA双认证国家实验室，通过了浙江省级研发中心和杭州市企业技术中心评定，拥有100多项自主知识产权和3项科技成果，参与发布国家及团体标准9项。能够为客户提供包括兼容性测试、业务巡检、性能测试、用户体验测评、第三方认证检测、远程真机等各类专业化测试服务，有效为客户解决资源与技术瓶颈，实现降本增效。“用AI重新定义质量管理""是友声科技追求的创新理念。我们正通过持续的技术迭代与优质的服务，帮助各行业领先客户加速测试管理的数字化转型。未来，友声科技将继续深化AI在质量工程领域的应用与拓展，携手合作伙伴共建智能测试新生态，为各行业高质量发展和数字化转型创造更多价值！竭诚欢迎广大有志之士加入!","https://www.zhaopin.com/jobdetail/CC348923310J40084350611.htm?refcode=4019&srccode=401901&preactionid=a7c1140f-c46c-45e5-b867-ab342d8bdc77"
1441,实施工程师,郑州-管城回族区,7000-14000元,河南艾锐海新材料有限公司,"金属制品业,金属制品业",500-999人,C轮,CCL1301023120J40854913115,河南艾锐海新材料有限公司招聘启事​,6月21日,"河南艾锐海新材料有限公司是一家专注食品领域内金属包装及主辅材料供应为一体的大型工业综合企业，目前主营板块为易拉盖及拉环材料的供应业务。项目通过技术革新，大大提高了吨产品加工的数量及利润，同时在河南省巩义市先进制造业开发区建厂减少了原材料的运输成本，就地消化开发区的铝板基材，实现了铝加工业的延链提质升级。公司2021年销售额突破16亿元，公司2022年销售额突破18亿元,稳居国内拉盖拉环材供应领先地位，并积极发展外贸领域，占领全球化市场份额。目前公司处于IPO阶段，预计未来几年将实现IPO上市。公司成立至今致力于打造全球化的易拉盖材拉环材生产基地，始终秉承“一切为了客户，为了客户的一切，一切为了员工，为了员工的一切”的文化理念，扎根于铝加工行业，深耕食品包材领域，打破了此行业之前仅有台湾、欧美可供的壁垒。公司现有员工300余人，下设销售体系、技术体系、生产体系、研发体系、职能体系，配备完善的人才梯队。公司时刻紧随行业全球前沿技术，现有成熟的产品研发团队，拥有国内领先涂层生产线，全流程纵剪、片剪、片涂生产线。在食品级彩涂铝产品方面拥有较先进的技术和丰富的经验。与国内中粮集团、宝钢集团、博瑞特、奥瑞金等大型央企、国企、上市企业建立了稳定的战略合作关系。根据公司业务发展规划，2021年公司投资约20亿元建设新厂区，共分两期建设，项目总占地70000平方，项目建成达产后预计可年产300亿只易拉盖及涂层材料，预计销售收入突破30亿元，利税约1亿元，可直接安排就业500余人。此行业与民生相贴近，终端产品铝材更是可回收利用，节能环保，完备的生产技术及铝材本身的高回收性促进了节能减排、低碳环保、绿色发展。","https://www.zhaopin.com/jobdetail/CCL1301023120J40854913115.htm?refcode=4019&srccode=401901&preactionid=a7c1140f-c46c-45e5-b867-ab342d8bdc77"
1442,C/C++,营口-鲅鱼圈区,4000-8000元,吉林省陆港物流(营口)有限公司,"货运/物流/仓储,货运/物流/仓储",20-99人,未融资,CC497980220J40800353012,岗位职责： 1. 负责公司计算机软件系统的设计、开发和维护。 2. 参与软件项目的需求分析和系统设计。 3. 完成编码、测试、上线等软件开发工作。 4. 根据用户反馈对软件进行优化和更新。 岗位要求： 1. 计算机相关专业本科及以上学历。 2. 熟悉常用的编程语言和开发工具。 3. 具备良好的软件设计能力和编程习惯。 4. 有较强的团队协作精神和沟通能力。,7月26日,"吉林省陆港物流有限公司是吉林省成立于2010年，是营口港务集团在吉林省成立的唯一一家合资企业，是以集装箱运输为核心的物流企业。吉林省陆港物流（营口）有限公司是吉林省陆港物流有限公司子公司，公司座落在辽宁营口鲅鱼圈。主要经营范围：国际国内集装箱陆路运输、货运代理、海铁联运代理、金融质押及相关业务。公司拥有自有集卡和散货运输车队，在营口拥有独立场站，可以为客户提供租船、订舱、报关、报检、多式联运、中转分拨、仓储配送、海铁联运等一站式全程服务，并始终致力于满足客户不断的需求增长，可以为客户量身定做全程物流解决方案。公司注册资本5,500万，现拥有集装箱运输车辆85台，散货车176台，员工198人，35岁以下员工占60%，管理层中本科以上学历占85%。公司现已在大庆、长春、吉林、抚顺和营口成立了网点，并在丹东成立了“丹东集运国际货运代理有限公司”形成了以营口港为桥头堡，覆盖吉林，外延黑龙江区域的经营格局。2011年，在营口港务集团的支持下，通过和船公司紧密合作，开通了鲅鱼圈——沈阳、长春、哈尔滨和大庆的四条道路运输精品线路。","https://www.zhaopin.com/jobdetail/CC497980220J40800353012.htm?refcode=4019&srccode=401901&preactionid=a7c1140f-c46c-45e5-b867-ab342d8bdc77"
1443,Java,成都-郫都区,1.7-3万·14薪,外企德科数字技术有限公司,专业技术服务,10000人以上,,CCL1480117890J40760779805,1. 熟悉Java/Python/C/C++任何一种语言 2. 具备扎实的计算机基础，熟悉数据结构、算法和网络编程等知识点。 3. 具备初步的Web开发经验，熟悉HTML、CSS、JavaScript等前端技术。 4. 具有较强的自学能力、问题解决能力和团队协作能力。,2025-07-27 00:24:03,外企德科数字技术有限公司是一家2023年新成立的中外合资企业。成立于2023年11月24日，公司定位：专注于为信息技术企业提供人才及数字技术外包解决方案的中外合资企业。它是由中国人力资源服务行业的FESCO（北京国际人力资本集团）与全球人力资源服务领导者The Adecco Group（德科集团）合资成立的。公司主要提供网络技术服务、软件外包服务、计算机系统服务、技术进出口、软件开发等信息技术相关服务。专注于为信息技术企业提供信息技术类人才及数字技术外包解决方案。,"https://www.zhaopin.com/jobdetail/CCL1480117890J40760779805.htm?refcode=4019&srccode=401901&preactionid=a7c1140f-c46c-45e5-b867-ab342d8bdc77"
1444,实施工程师,镇江-京口区,9000-18000元,青岛安然物联网科技有限公司,"物联网,物联网",20-99人,未融资,CC559764920J40822805904,需要弱电技术、自动化、安防系统、工业互联网+危化安全生产、物联网人才，不要纯软件人才。  你能经常到全国各地出差吗？你能到工业生产现场生产现场做技术支持吗？   真正的奋斗者在安然会有让人值得为之奋斗的事业，会有充实、高效的成长，会有高人一等的收入。   你能做好售前技术支持、根据客户需求，高效制作方案吗？你能做好售中技术支持、指导他人正确安装、部署、调试系统向用户保质保量快速交付吗？你能做好售后维护，高效沟通和落实客户需求吗？   迄今已服务中石化、中石油、延长石油、国能、兖矿、京能、索普、新安、奇美、昊源、潞安、旭阳、垦利、逸盛、海科、酒钢、金发等几百家石化、化工、选煤、钢铁、电厂企业。    安然以客户为中心，以强者为本，抬头乐干，愿意与同道中人联合、链接，携手共建、共用、共享生产安全命运共同体，一起干，一起干，让优秀企业更安全，让优秀企业更高效！,7月15日,基于精准人员定位的工业安全生产信息化管理专家，安全生产信息化管理引领者！作为全国实时定位技术标准工作组成员和应急管理部“工业互联网+危化安全生产”人员定位系统技术支持机构，安然从2012年起致力于基于ZigBee Plus三维立体按需精准定位的“工业互联网+安全生产”的研究，获得了20多项安全智能管控系统发明专利和著作权，持续引领中国化工行业生产现场智慧安全！安然以“准、稳、狠”的ZigBee Plus三维立体按需精准人员定位统和“底数清、数据准、情况明、研判准、措施实”的安全生产信息化平台为核心，整合访客管理、出入口控制、人脸识别、视频监控、语音广播、重大危险源监控、可燃有毒气体监测等系统，对生产现场人、机、料、法、环五大要素进行实时、动态、智能管控和预警，规范人的安全行为，保障人的生命安全，有效防范风险、主动化解风险，实现智慧安全。安然“以用为本”，把安全生产信息化建设与公司管理体系“深度融合”，把安全生产信息化建设与日常工作“紧密结合”，对安全生产切实“有用、实用、好用”，避免建用“两张皮”，让安全管控更智能，让生产更高效才实用。迄今已服务中石化、中石油、延长石油、国能、兖矿、京能、索普、新安、奇美、昊源、潞安、旭阳、垦利、逸盛、海科、酒钢、金发等几百家石化、化工、选煤、钢铁、电厂企业。安然以客户为中心，以强者为本，抬头乐干，愿意与同道中人联合、链接，携手共建、共用、共享生产安全命运共同体，一起干，一起干，让优秀企业更安全，让优秀企业更高效！,"https://www.zhaopin.com/jobdetail/CC559764920J40822805904.htm?refcode=4019&srccode=401901&preactionid=a7c1140f-c46c-45e5-b867-ab342d8bdc77"
1445,硬件测试,邢台-信都区,7000-14000元·13薪,河北蓝潮信息技术有限公司,计算机软件,100-299人,A轮,CCL1461446860J40615373006,岗位职责:,7月25日,河北蓝潮信息技术有限公司是一家以人为本的公司，公司成立于2016年9月27日，公司环境好，员工关系融洽，有五险，年终奖，带薪休假，平常也有员工旅游，领导nice，我们最在乎创新，允许各种方式存在，是一个团结有爱的大家庭🌻🌻🌻,"https://www.zhaopin.com/jobdetail/CCL1461446860J40615373006.htm?refcode=4019&srccode=401901&preactionid=a7c1140f-c46c-45e5-b867-ab342d8bdc77"
1446,软件测试,西安-雁塔区,面议,中软国际,"计算机软件,运营商/增值服务",10000人以上,已上市,CC508620120J40785902012,工作职责： 1. 负责EDA辅助设计工具的测试验证  2. 输出测试设计、用户手册等相关文档,6月19日,中软国际是行业领先的全球化软件与信息技术服务企业，成立于2000年，为香港主板上市公司（股票代码：00354.HK），拥有中国分支40+、海外分支14个，拥有员工超过9万人，服务覆盖超过40个国家。中软国际应用开发与管理专业沉淀深厚，企业数字化转型的最佳实践和专家人才充沛。公司与华为等战略伙伴一起，构建软件产业互联网平台，领先技术变革，提升产业效率，致力于使能软件企业引领发展，服务制造企业转型升级，为政企客户提供“好、快、多、省”的信息技术服务。中软国际四大业务蓬勃发展：夯实基石业务作为第一增长曲线的地位，确定云智能业务为第二增长曲线，发展鸿蒙生态、解放号为第三增长曲线，推动解放号作为软件产业互联网平台全面升级。公司在云计算、大数据、人工智能、物联网、移动互联网等方面具有丰富的咨询、设计、实施和服务经验，是全球客户数字化转型的共创伙伴。公司长期服务于多家全球500强企业等头部客户和众多高成长潜力客户，覆盖金融、电信、互联网、高科技、政府、制造与流通、交通、能源、教育等行业。公司已连续四年创造超百亿人民币营收，并立志在未来成为全球最优秀IT服务商之一。,"https://www.zhaopin.com/jobdetail/CC508620120J40785902012.htm?refcode=4019&srccode=401901&preactionid=a7c1140f-c46c-45e5-b867-ab342d8bdc77"
1447,实施工程师,贵阳-None,7000-14000元,东华医为科技有限公司,"IT服务,IT服务",1000-9999人,未融资,CC649781480J40778234805,项目经理也可投此岗位，薪资面议。 1. 学习能力强，能较快掌握和应用新技术，具备较好的独立解决问题的能力，有较强的适应能力、吃苦耐劳、能担重任； 2. 工作敬业，责任心强，能够按照规定的工作流程开展工作，积极主动，发现问题及时提出意见和建议； 3. 善于沟通，有较好的表达能力和职业素质，具备客户服务意识； 4. 有团队协作精神，能够与各方面的领导和同事融洽合作； 5. 有一定的编程基础，至少熟练掌握Java、VB、VC、C、C#之一种计算机语言； 6. 熟悉关系型数据，熟悉Linux操作系统，熟悉SQL语句编写； 7. 能适应长期出差，能够承受高强度加班，具备抗压能力； 8. 要求大学本科一批及以上学历； 9. 具备医疗软件实施或者开发经验优先； 10、提供住宿； 加分项 有以下行业工作经验：软件实施交付,2025-07-27 00:44:21,东华医为科技有限公司（简称东华医为）成立于2012年5月，注册资金5000万，是东华软件股份公司旗下专业服务医疗、卫生等大健康领域IT业务的全资子公司。东华医为现有员工2000余人，其中技术人员占比达到90%，拥有近100项大健康类自主知识产权的软件产品，所覆盖的大健康领域有医疗机构、卫生管理机构、互联网医疗、人工智能、大数据、健康管理等，所涉及的主要业务有IT咨询规划、方案设计、系统集成、软件开发与交付、工程实施与交付、人才培养、售后运维、合作运营等。东华医为现为全国500余家大健康领域的各类用户提供着持续的技术服务，还连续多年蝉联中国十佳医疗行业解决方案商榜首。传承了东华软件医疗卫生事业部近二十年IT业务的东华医为，在高速发展的大健康领域，笃定能大有作为。,"https://www.zhaopin.com/jobdetail/CC649781480J40778234805.htm?refcode=4019&srccode=401901&preactionid=a7c1140f-c46c-45e5-b867-ab342d8bdc77"
1448,软件测试,北京-大兴区,1-1.2万,天津炽睿教育科技有限公司,互联网,100-299人,,CCL1500197160J40796038205,岗位内容： 1. 设计并执行测试用例，记录测试结果并准备测试报告。 2. 协调开发人员、项目经理和测试团队成员，以确保遵守时间表和产品质量标准。 3. 使用自动化测试框架和工具来提高测试效率和覆盖率。 4. 不断改进测试流程和方法，以提高质量和效率。 5. 关注产品质量和客户需求，确保稳定、可靠和用户友好的软件交付。 任职要求： 1. 熟悉软件测试方法和流程。 2. 掌握至少一种自动化测试框架和脚本语言（如Selenium、Python、Robot Framework）。 3. 具备良好的团队合作精神和沟通能力。 4. 能够承受压力，在快节奏的环境中高效工作。 5. 有问题解决的能力和主动学习的态度。,7月22日,,"https://www.zhaopin.com/jobdetail/CCL1500197160J40796038205.htm?refcode=4019&srccode=401901&preactionid=a7c1140f-c46c-45e5-b867-ab342d8bdc77"
1449,测试工程师,武汉-黄陂区,8000-10000元,上海剑愚机电设备有限公司,"电气机械/电力设备,电子商务",20-99人,未融资,CCL1477023530J40832023215,岗位职责： 1、负责软件测试并参与软硬件集成测试; 2、独立编写测试计划，测试用例，执行测试，给出并分析测试报告; 3、很强的执行力和沟通能力，能够与产品，开发等同事积极沟通，主动积极推动问题的解决，对团队有良好的输出。 任职要求： 1、专科及以上学历，计算机，软件工程或电子信息及相关理工科专业优先考虑； 2、熟悉自动化测试，有自动化测试实施经验优先； 3、熟悉嵌入式linux，熟悉shell/python等脚本; 4、良好的沟通能力，自主学习能力，富有高度的责任心及团队合作精神。,4月17日,上海剑愚机电设备工程有限公司2023年11月成立于上海嘉定菊园科技园区，是一家从事机械机电工程咨询、设计、销售、安装、维修、保养及配件销售为一体的企业。公司正招集优秀的管理、营销、及技术人才，同时打造一支实战经验丰富的项目管理及售后服务队伍。公司立志为广大客户提供全方位高水准的优质服务，在同行内树立良好的企业形象。,"https://www.zhaopin.com/jobdetail/CCL1477023530J40832023215.htm?refcode=4019&srccode=401901&preactionid=a7c1140f-c46c-45e5-b867-ab342d8bdc77"
1450,Java,大连-甘井子区,6000-10000元·13薪,松下集团,"电子设备制造,金属制品业,汽车研发/制造,电气机械/电力设备",1000-9999人,未融资,CC000553060J40665417409,岗位职责： 1.根据概要设计进行详细设计 2.依据详细设计编写代码 3.单元测试 4.系统导入技术支持 5.导入稳定后系统运维 任职资格： 1.【教育程度】：本科及以上 2.【专业要求】：计算机、信息工程、数学、物联网 3. 【语言能力】：CET-4 4.【计算机能力】：熟悉C/ Java/ .Net/Python一种计算机软件开发语言，熟悉SQL语句,3月31日,松下电器(中国)有限公司　Panasonic集团是全球性电子厂商，从事各种电器产品的生产、销售等事业活动。截至今日，Panasonic集团已经在中国大陆地区（含香港地区）拥有80多家企业、约10万员工（含※松下电工集团），事业活动涉及研究开发，制造、销售、服务、物流、宣传等多个方面。我们的所有产品和服务体现了”ideas for life”的企业理想。全球品牌标识语“Panasonic ideas for life”是我们对顾客的承诺。它所表达的含义是我们为顾客提供的产品和服务均来源于对丰富生活、促进社会发展的追求。从研发制造到市场营销，Panasonic把“ideas for life”带给每一位顾客。不断创新的科技以及充满奉献精神的员工是集团发展的源动力，使Panasonic成为有责任且值得信赖的制造企业。我们的最终目标是“ideas for life”，不断为人们的生活提供产品和服务。Panasonic集团欢迎各位优秀人才的加入！,"https://www.zhaopin.com/jobdetail/CC000553060J40665417409.htm?refcode=4019&srccode=401901&preactionid=a7c1140f-c46c-45e5-b867-ab342d8bdc77"
1451,实施工程师,合肥-蜀山区,6000-10000元,安徽环境智能科技有限公司,"IT服务,网络/信息安全,计算机软件,物联网",20-99人,未融资,CCL1360191250J40802080915,主要职责： 1、物联网设备、仪器仪表的安装调试、检修、维护。 2、配合、组织参与项目技术交流及项目实施。 3、配合项目售前投标方案、初步设计、项目调研等，参与项目投标工作。 完成上级领导安排的其他任务。 人员要求： 1、本科及以上学历，环境工程、环境科学或环境监测类相关专业，具有环保行业工作、熟悉污染源在线或水、大气环境类项目经验者优先。 2、责任心强、工作认真、好学上进、具有良好沟通协调能力和职业道德素养。 3、熟练使用办公软件，具备一定的文字处理能力。 4、有C1及以上驾照者优先。 5、可出差。,6月11日,安徽环境智能科技有限公司成立于2021年8月13日，系安徽环境科技集团股份有限公司发起设立的国有控股科技型企业。公司以环境物联感知硬件研发、环保业务系统软件开发、政府及园区环境管理大数据平台建设、企业环境管理数字化升级为发展方向，努力为政企客户、合作伙伴提供优质的产品和系统化解决方案，公司目前拥有多项软件著作权，外观设计专利，是安徽省科技厅入库的科技型中小企业，中国环保产业协会会员单位。已通过了ISO20000，ISO27000，ISO9001，ISO14001，ISO45001，等多项认证，与省内多所知名高校建立了长期校企合作关系。公司凭借深刻的行业洞见，紧紧围绕水、大气、噪声、辐射、固废、土壤等环保目标监测对象，以环保重要业务为核心，以提升环保管理效率为指导，专注于环保感知控制、环保基础服务、环保业务系统、环保数据资源交换、环保运营管理等环保物联网核心技术研发，在区域环保领域具有深厚的技术积累及突出的技术优势，成为政府、企业、公众的专业合作伙伴。公司以科技为主导，以创新为驱动，以“政府放心、客户满意、社会赞誉、伙伴共赢、员工共享”为宗旨，坚持“创新、协调、绿色、开放、共享”的发展理念，积极投身国家生态文明建设，致力于为用户提供环保智能管理领域的系统化、专业化、智能化服务。,"https://www.zhaopin.com/jobdetail/CCL1360191250J40802080915.htm?refcode=4019&srccode=401901&preactionid=a7c1140f-c46c-45e5-b867-ab342d8bdc77"
1452,测试工程师,西安-雁塔区,7000-9000元,南京婕霓思摄影有限公司,新媒体,20-99人,,CCL1304021420J40798057705,岗位内容：  1. 执行软件测试工作，包括测试用例编写、测试执行、问题跟踪等，确保软件品质。 2. 参与产品设计评审，了解业务需求，提出优化建议。 3. 使用自动化测试工具或开发相应的自动化测试脚本，提高测试效率，缩短测试周期。 4. 持续关注测试领域的新技术和方法，不断提升测试技能和工作效率。 任职要求：  1. 计算机相关专业本科及以上学历，有过软件测试工作经验；对于无工作经验但其他能力突出者亦可考虑。 2. 具备良好的逻辑思维能力和分析能力，能够快速定位问题，并给出有效的解决方案。  3. 具备较强的沟通协调能力和团队合作精神，积极主动，具有强烈的责任心和进取精神。,7月29日,,"https://www.zhaopin.com/jobdetail/CCL1304021420J40798057705.htm?refcode=4019&srccode=401901&preactionid=a7c1140f-c46c-45e5-b867-ab342d8bdc77"
1453,技术支持工程师,武汉-江夏区,4000-7000元,武汉浩谱海洋探测系统有限公司,"电子/半导体/集成电路,计算机软件",20-99人,未融资,CC598458020J40718326410,岗位职责： 1、负责产品的售前、售后技术支持工作； 2、负责项目管理，组织工程项目的实施、验收和维护； 3、保持与客户的长期良好沟通； 4、对工程技术人员、用户进行培训； 5、负责工程相关文档编写如验收文件、巡检报告、专利等； 6、完成上级指派的其他相关任务。 岗位要求： 1、统招专科及以上学历，工程类相关专业（电子类、机械、工程、电子信息、通讯工程等）； 2、熟练掌握模电与数电相关基础专业知识； 3、有一定的口才能力，能够具备产品演讲、验收汇报、PPT汇报能力； 4、熟练操作office等办公软件； 5、责任心强，具备一定的沟通能力与团队合作能力； 6、能够适应短期出差； 7、具有驾照者优先。 简历信息（不仅包含学历、工作经历等）需如实填写，如存在作假隐瞒等，立即辞退。     本公司缴纳五险一金，一经录用、待遇从优！,2月26日,公司简介：武汉浩谱海洋探测系统有限公司成立于2012年9月，是一家专业从事海洋与气象探测仪器设备研发和制造的技术企业。依托武汉特有的教育科研资源优势，具备人员结构年轻化、科研成员高学历化、团队素质专业化等特点。集研发、制造、销售与服务为一体，致力于为客户提供优质的产品、技术服务与解决方案。母公司鼎汉技术是轨道交通领域高端装备制造的领先企业，是中国创业板首批上市公司。武汉浩谱海洋探测系统有限公司依托武汉独特的教育、科研资源优势公司先后与武汉大学、西安电子科技大学、上海广电通信技术有限公司等38所高校和10所科研院所合作使我们的科研和技术支持团队具有非常高的科技素质，人员结构的年轻化、专业化，使我们的技术支持和服务快速、高效。联系方式：027-87791700地址：湖北省武汉市洪山区光谷金融港B5栋404（可乘坐公交：718、757、758、785、787路到光谷大道金融港站下车即可。）投递简历邮箱地址：haopuhr@126.com（简历请尽量从招聘网站直接投递，若单独投递到邮箱，请直接粘贴简历文本，不要用附件形式，主题请注明“姓名-应聘职位-联系电话”）,"https://www.zhaopin.com/jobdetail/CC598458020J40718326410.htm?refcode=4019&srccode=401901&preactionid=a7c1140f-c46c-45e5-b867-ab342d8bdc77"
1454,测试工程师,深圳-坪山区,8000-15000元·13薪,深圳唯公科技有限公司,互联网,100-299人,,CC489614330J40764012414,岗位职责： 1. 负责根据测试要求及检验规范对仪器性能测试并记录测试数据； 2. 根据产品的设计功能，编写产品测试文档，验证产品性能，输出测试验证报告； 3. 汇总产品测试过程中的问题，及时反馈研发工程师，并跟进处理过程； 4. 协助研发对产品进行升级测试验证并输出验证报告； 5. 负责对产品的关键功能进行设置； 6. 负责客户端的产品故障维修；    任职资格： 1. 临床检验、生物技术、医药等相关专业本科及以上学历； 2. 有医疗设备测试经验或相关检验设备测试经验者优先； 3. 工作态度认真负责，敢于面对困难与压力，有上进拼搏与很好的团队精神，能适应一定的加班工作； 适应出差；,6月20日,深圳唯公科技有限公司是依托国家海外高层次人才创立的集研发、生产、营销于一体的创新型高科技技术企业，专业从事体外诊断设备和试剂的研发及产业化。旗下包括深圳唯公生物科技有限公司、湖南唯公生物科技有限公司、北京唯公医疗技术有限公司三家全资子公司。公司秉承“高科技、高质量、为大众服务”的理念及宗旨，专注流式及流式荧光免疫分析领域。已完成流式细胞仪、流式样本前处理仪、流式荧光免疫分析仪、单克隆抗体试剂、精子功能试剂和流式荧光免疫试剂的研发和转产，并突破国外垄断企业的专利壁垒，开发出具有自主知识产权的磁性多维编码微球。其多种基于磁性荧光编码微球的多联检试剂、高通量流式荧光检测平台已经获得国家药监部门的注册证书，在大幅优化检测成本的同时，成倍提高了检测效率，加速推动了免疫检测向自动化多联检方向的发展。致力于打造新型的高通量荧光检测平台技术，在研发、应用、转化系统平台上实现企业的核心竞争力，将该系统广泛地应用于生命科学、临床医学诊断和食品安全等与民生息息相关的领域。公司发展历程：2016年8月，“国家海外高层次人才计划专家”李为公博士创建唯公科技2016年12月，北京研发中心（北京唯公医疗）成立2016年12月，天使轮融资（分享投资、合创资本）2017年6月，深圳生产基地（唯公生物）落户深圳坪山2018年5月，完成流式荧光检测平台原理样机2018年6月，完成流式细胞仪配套抗体试剂研发2018年8月，启动自主研发的磁性编码微球量产2018年Venture50中的新芽榜Top3002019年中国医疗器械创新创业大赛总决赛第三名2019年12月，A轮融资（松禾资本、合创资本）2020年3月，自主研发的流式荧光细胞因子联检试剂获得注册证2020年4月，启动流式荧光平台及试剂临床推广2020年7月，流式样本前处理仪获得注册证2020年8月，流式荧光分析平台获得注册证2020年智创杯前沿技术挑战赛总决赛第六名2020年“创客北京2020”创新创业大赛二等奖2020年深圳创新创业投资大会“最具投资价值企业Top 5”2021年6月，唯公-贝克曼战略合作落地2021年6月，B轮融资（丹纳赫、同创伟业、元生创投等）2021年10月，用于细胞因子检测的流式样本前处理仪获得注册证2021年12月，全国首届颠覆性技术创新大赛优胜项目奖，晋级全国总决赛2022年……，更多的辉煌和成就，等着您我一起创造更多详细信息，敬请访问公司官网,"https://www.zhaopin.com/jobdetail/CC489614330J40764012414.htm?refcode=4019&srccode=401901&preactionid=a7c1140f-c46c-45e5-b867-ab342d8bdc77"
1455,实施工程师,南京-玄武区,1.4-1.8万,江苏金思维软件有限公司,"电子/半导体/集成电路,计算机软件",100-299人,,CC539767320J40685877207,岗位职责：负责ERP、MES软件的实施交付工作        任职要求：    -2025年应届毕业生    -本科及以上学历   -有良好的沟通能力     以下专业优先：    -信息管理与信息系统及相关专业   -计算机应用及相关专业   -企业管理及相关专业   -工业工程及相关专业   -财务管理及相关专业   -电力系统与自动化及相关专业    月薪：    -本科不低于13.5K   -研究生不低于15K    年薪： 16-20W     更多福利：    五险一金、笔记本电脑补贴、出差补贴    移动通讯补贴、带薪年休假、年度健康体检    节日福利、团建活动、健身驿站、免费停车 ,3月1日,"这里有深厚的历史沉淀！集团是由江苏省计算技术研究所改制而成的高科技股份制企业，拥有深厚的历史沉淀和扎实的科研力量。从改制至今，稳健发展，在市场方面保持着强劲的扩张力。目前，金思维集团已建立起以总部南京为市场中心、辐射全国的市场体系，企业用户达6000多家。你愿意来参与一下吗？这里有极具发展前景的行业！在这里，我们可以聊聊互联网、大数据，谈谈云计算、工业4.0，共同探究智能制造、移动互联、智慧能源的奥秘。软件产业是国家战略性新兴产业，也是当前含“金”量高的产业。你愿意来尝试一下吗？这里有绝佳的地理优势！金思维集团所在地，前拥玄武湖,后临紫金山。午间时间，可以到玄武湖畔散步，看芳草茵茵，湖水荡漾；下班后，可以邀上三五好友，夜登紫金山，感受别样金陵。你愿意来体验一下吗？这里有富有竞争力的薪酬待遇！ 2024年金思维集团面向研发、实施、营销等岗位，提供行业内富有竞争力的薪酬以及五险一金、带薪年休假、免费体检等一系列福利待遇。在这里，我们建立了内部市场化机制，让薪酬与能力才华得到了极佳匹配。为了优秀的你，我们做好了充分准备。你愿意来挑战一下吗？这里有平等尊重的企业文化！历经20年多年的发展：，我们依然保持着年轻开放的心态，悉心磨砺平等尊重的企业文化，人际关系简单，组织结构扁平。我们有平等尊重的企业文化和没有“天花板”的职业舞台。你愿意来感受一下吗？这里有充满活力的优秀团队！金思维是年轻人的大本营，公司专门设有员工活动中心，拥有羽毛球、乒乓球、桌球等多块运动场地，同时拥有各式各样的健身器材。加入金思维，成为金思维乐跑俱乐部的一员，在奔跑中超越自我，遇见更好的自己！你愿意参与其中吗？即将踏入社会的你，是否对未来满怀憧憬？是否对软件行业怀抱热情？是否希望牢牢把握机会，锻炼提升自己？想要成为高大上的管理信息化专家吗？想要参与改变企业管理格局的非凡之举吗？我们“虚席以待”，寻找最闪耀的你，“才汇金陵、共创未来”！","https://www.zhaopin.com/jobdetail/CC539767320J40685877207.htm?refcode=4019&srccode=401901&preactionid=a7c1140f-c46c-45e5-b867-ab342d8bdc77"
1456,实施工程师,广州-白云区,100-150元/天,超图软件,"计算机软件,计算机硬件",1000-9999人,已上市,CC000573470J40802031913,岗位职责：  •协助项目经理进行项目的实施，包括客户现场的系统安装、调试、演示、培训、应用指导，保证项目快速实施及具备良好的质量。 •协助进行系统的业务测试，定期进行维护和升级，确保系统稳定、流畅运行。 •配合完成领导交办的其他工作。  任职要求： •有较好的沟通及表达能力，对于客户的需求，能较好把握并提炼及表达自己的观点或建议；,7月21日,公司简介超图集团是全球第三大、亚洲第一大地理信息系统（GIS）软件厂商，由母公司超图软件（股票代码：300036）及旗下的超图信息、超图国际、上海南康、南京国图、北京安图、上海数慧等一级(全资)子公司，地图慧、日本超图等二级(控股)子公司，以及遍布全国的分公司、办事处组成。超图正式员工3000余人，2019年年营业收入逾17亿元。自 1997年成立以来，超图聚焦地理信息系统相关软件技术研发与应用服务，下设基础软件、应用软件、云服务三大 GIS业务板块，并构建生态伙伴体系，通过 1000余家生态伙伴为数十个行业的政府和企事业单位信息化全面赋能。目前，SuperMap在GIS基础软件中国区域的市场份额已超越国外品牌，位居第一，并在30多个国家发展了代理商，将SuperMap GIS推广到100多个国家和地区。以“地理智慧创新 IT价值”为企业使命，以“创造全球领先的技术，用地理智慧点亮世界每一个角落”为企业愿景，超图将持续为全球更多用户打造领先的 GIS技术和产品！产品优势 SuperMap GIS是超图软件研发的、具有完全自主知识产权的大型基础地理信息软件系列，可提供功能强大的云GIS平台、组件GIS开发平台、桌面GIS平台、移动GIS开发平台、网络客户端GIS开发平台以及相关的空间数据生产、加工和管理工具。作为产品门类齐全、功能强大、覆盖行业范围广泛、满足各类信息系统建设的GIS软件品牌，SuperMap GIS拥有近700家二次开发商，已深入到国内各个GIS行业应用，获得越来越多的政府和企业用户的认可。公司福利1.学习、执行、创新的企业文化，充分发挥个人才能的舞台；2.完备的任职资格体系及全面培训机制；3.完善的薪资体系和绩效考核机制，员工持股计划等多种股权激励方式；4.法定社会保险、交通意外险、意外伤害险、补充医疗保险，给予员工更多保障；5.贴心的年度福利体检，节日福利、生日福利及带薪年假；6.幸福温馨的婚庆礼金及周到细致的生育福利；7.以团队建设为导向的员工活动基金；8.篮球、足球、登山、爱乐、羽毛球、摄影、健身等丰富的协会活动；9.年度优秀员工奖励、年度优秀员工出国旅游等多方位的激励措施等。,"https://www.zhaopin.com/jobdetail/CC000573470J40802031913.htm?refcode=4019&srccode=401901&preactionid=a7c1140f-c46c-45e5-b867-ab342d8bdc77"
1457,实施工程师,上海-静安区,6000-7000元,培安科技(北京)有限公司,"专用设备制造,医疗设备/器械",100-299人,,CC660395820J40710178711,工作内容： 1. 负责医院绩效管理系统的实施、部署与调试，对接HIS/PACS/HRP等系统，保障稳定运行。  2. 根据医院绩效管理需求（KPI/考核规则等），设计个性化配置方案，优化管理流程。  3. 提供系统操作培训及上线后技术支持，编写操作手册及项目文档。  4. 确保系统符合医疗信息安全规范，协助数据安全管理。  5. 跟踪医疗政策（如DRG/DIP改革），推动系统功能迭代优化。  要求：  1. 熟练使用SQL（Oracle/SQL Server/MySQL）者优先；  2.了解医院业务及医院信息系统者优先； 3.本科及以上学历优先； 4.沟通能力强，能独立解决问题； 5.适应出差。,7月3日,"1989年，PYNN成立于美国麻州波士顿,专注于代理国际一流的科学技术仪器。是一个以销售市场和技术服务为导向的公司。PYNN是帮助国际一流科研设备进入中国市场的良好平台和门户，PYNN因为其微波化学的核心业务已成为中国科研仪器界久经考验的知名标志和品牌。PYNN使守诚做至上和契约精神。在中国客户服务电话坚守32年未曾改变,象征着独一无二的服务承诺。PYNN公司员工分布在全国11个办事处，地方销售，技术人员，产品人员遍布全国主要经济区，覆盖了主要的营销区域。形成了遍布全国各地的售前售后服务系统，保证全国各省份均有当地技术支持。这使得公司能够比任何竞争对手更快地响应，提供最好的售前售后销售和服务。形成快速的线下反应，高效服务当地客户。优良的售后服务，提高客户的应用水平，保证了客户的高质量使用。PYNN全心全意地以高科技客户为中心展开经营，努力冲破常识，想客户之所想。我们的使命是建立以客户为导向的企业。通过坚持不懈的优化和建设团队，尽最大可能的为客户提供从世界一流科技研发产品了解，到购买，到安装，以及售后一条龙的周到的服务。PYNN在中国北京和上海成立了两个技术支持中心，自2005年起,两个技术和应用示范中心，售前帮助市场部进行宣传演示产品的性能，售后的应用支持帮助客户更好的使用产品，提供现场和应用服务：1)为客户进行产品演示2)为客户定期的产品培训3)对客户进行应用支持4)现场仪器安装、调试、交付5)对客户进行应用和维护培训6)为客户提供技术支持。PYNN培安的主要合作伙伴：美国CEM公司、美国SPEX公司、美国ISCO公司、美国HANSON公司、THALESNANO公司、ERALYTICS公司等。","https://www.zhaopin.com/jobdetail/CC660395820J40710178711.htm?refcode=4019&srccode=401901&preactionid=a7c1140f-c46c-45e5-b867-ab342d8bdc77"
1458,Java,成都-郫都区,1.3-2.6万·14薪,外企德科数字技术有限公司,专业技术服务,10000人以上,,CCL1480117890J40796966005,华为社招OD~~~岗位和目标院校均已放开，欢迎投递！！！！ 成都入职地点可选：天府四街OCG中心，成都郫都成研所； 【招聘岗位】 开发、测试、前端、AI算法-、数开、运维等工程师岗位~ 注：机考通过后、根据候选人意向岗位/城市与需求部门做匹配--先业务方向沟通，候选人OK了再安排后续面试--入职（入职城市和部门均可选！！！)； 【岗位要求】 1. 统全本科，可接受应届、考研断档、 0 经验； 2. 掌握任意一种 或多种 编程语言：Java/C/C++/C#/Python/Go/JavaScript等；能通过机考； 【福利待遇】 1、5天8小时，双休制，偶尔加班（根据项目进度来定）； 2、全额五险一金++周末加班2倍工资（周末加班不强制，看个人意愿）+年终奖(由部门/个人绩效定）； 3、大厂待遇，项目稳定，个人瓶颈期可申请挑战新项目，晋升空间广，办公环境高大上; 4、节日福利++生日会++年度免费体检++公司内部健康驿站++带薪年假 5、每年一次调薪调职机会； 【工作职责】 在这里，你将从事IT应用层软件、分布式云化软件、互联网软件等的设计开发，可以采用敏捷、Devops、开源等先进的软件设计开发模式，接触最前沿的产品和软件技术，成为大容量高并发技术的专家；你将参与华为产品的软件研发工作，包括但不限于： （1）完成从客户需求到软件产品定义、架构设计、开发实现、再到上线运营维护等产品生命周期中的各个环节； （2）创造性解决产品在实现过程中的技术难题，应用前沿技术提升产品的核心竞争力，如分布式系统、性能调优、可靠性、数据库等； （3）有机会参与业界前沿技术研究和规划，参与开源社区运作，与全球专家一起工作、交流，构建华为在业界影响力。,2025-07-27 00:26:11,外企德科数字技术有限公司是一家2023年新成立的中外合资企业。成立于2023年11月24日，公司定位：专注于为信息技术企业提供人才及数字技术外包解决方案的中外合资企业。它是由中国人力资源服务行业的FESCO（北京国际人力资本集团）与全球人力资源服务领导者The Adecco Group（德科集团）合资成立的。公司主要提供网络技术服务、软件外包服务、计算机系统服务、技术进出口、软件开发等信息技术相关服务。专注于为信息技术企业提供信息技术类人才及数字技术外包解决方案。,"https://www.zhaopin.com/jobdetail/CCL1480117890J40796966005.htm?refcode=4019&srccode=401901&preactionid=a7c1140f-c46c-45e5-b867-ab342d8bdc77"
1459,软件测试,南昌-青云谱区,6000-9000元,重庆科满福人力资源服务有限公司,企业服务,20-99人,,CCL1487604860J40925747804,软件测试 【岗位职责】： 1、软件测试岗位职责  2、接受测试任务，进行需求分析 3、按照测试计划搭建测试环境，并保证测试环境的可靠性 4、按照测试计划编亏测试用例，保证测试用例合理有效 5、按照测试用例执行测试，及时发现缺陷，并使用工具进行管理缺陷 6、编写和提交测试报告，保证测试进度按计划完成 7、参与审核其他测试工程师的测试用例和报告 8、学习公司已有方案和推广使用新的测试技术和工具 【薪资待遇】： 试用期：（试用期5350-转正6500）元/月＋300全勤+（300-800）元/岗位补贴+（1000-1500）元/月绩效+加班费=-6000-9000左右 ,6月30日,,"https://www.zhaopin.com/jobdetail/CCL1487604860J40925747804.htm?refcode=4019&srccode=401901&preactionid=a7c1140f-c46c-45e5-b867-ab342d8bdc77"
1460,科研人员,合肥-蜀山区,6000-8000元,丰乐种业,"农/林/牧/渔,农/林/牧/渔",1000-9999人,已上市,CC142376060J40382522008,岗位职责：1、遵守公司各项规章制度，执行科研工作流程与各项操作规程，履行岗位职责，接受工作考核；    2、依据年度（阶段）材料计划，具体实施材料种植、田间管理、授粉、调查、采收和考种等工作；    3、依据年度（阶段）组合试验计划，具体实施各生态试验站的试验种植、田间管理、采收和试验数据采集等工作；    4、参加各级试验数据的整理、汇总等工作；    5、组织实施辅助育种相关工作。    岗位要求：    1、本科及以上学历，农学相关专业；    2、能适应农业生产田间管理、基地驻点等工作环境；    3、具有良好的沟通能力和团队合作精神，做事认真、踏实，学习能力较强；    4、有相关水稻科研工作经验、实习经历者优先考虑。 ,3月27日,合肥丰乐种业股份有限公司创始于1984年，前身是合肥市种子公司，1997年上市（股票代码：000713），注册资本4.39亿元。公司实行以种业和农化为主导的高科技大农业战略，拥有完整的科研、生产、加工、销售和服务体系，是全国“育繁推一体化”种业企业、中国种业信用骨干企业、农业产业化国家重点龙头企业、高新技术企业、国家认定企业技术中心等。近年来，公司坚定种业目标，坚持改革创新，持续深化科技创新、营销创新、管理创新，不断优化产业布局，推动科研市场化，向全产业链延伸，推进种药肥一体化，各产业蓬勃发展。公司杂交水稻种子产业和玉米种子产业规模和实力雄厚；常规水稻种子产业和小麦种子产业呈强劲发展态势；西甜瓜种子拥有良好的市场美誉度；棉花种子产业在新疆地区发展取得突破。农化产业行业排名前50强；香料产业是中国天然薄荷产品主要生产企业。公司以振兴民族种业为己任，秉承“先做人，再做事，发展共赢”的核心价值观，致力于“把丰收的快乐带给农民”，努力实现“创一流种业品牌，做中国农业先锋”的企业愿景。,"https://www.zhaopin.com/jobdetail/CC142376060J40382522008.htm?refcode=4019&srccode=401901&preactionid=a7c1140f-c46c-45e5-b867-ab342d8bdc77"
1461,测试工程师,西安-雁塔区,1.4-2.8万·14薪,外企德科数字技术有限公司,专业技术服务,10000人以上,,CCL1480117890J40599635805,【工作职责】 1、负责产品自动化框架、工具自动化能力构建； 2、熟练开发测试工具、测试脚本，及迭代优化测试框架； 3、根据业务特点，引入新的测试方法和工具，探索新技术； 4、负责产品部分专题项目的测试管理工作，对整体测试结果负责。 【任职要求】 业务技能要求： 1、至少熟练掌握一种测试框架，Selenium+unittest、pytest等； 2、至少熟练掌握一种关系型数据库如Oracle、Mysql，掌握常用SQL优化方案，有TBASE、POLARDB经验者优先； 3、具备较好的java代码走读能力、groovy脚本阅读能力和shell脚本的编写能力。 4、具有良好的团队协作能力和沟通能力，执行力强，能推动周边领域顺畅协作。具备较强的逻辑思维能力和强烈的责任心。 专业知识要求： 1、熟悉Python语言，熟悉常用的自动化测试框架，有相关CI自动化流水线开发经验者优先，有java经验开发优先； 2、具备设计和开发测试工具和自动化测试框架能力优先。 3、具备日志分析能力，能够结合日志进行问题分析；   【福利】   入职全额缴纳六险一金，试用期不打折，绩效双薪，每年两次绩效调薪机会，带薪年假，有班车和食堂，独立办公园区，转行转专业的同学也可以，试用期有大佬带教！   【工作时间】   每天早上9点上班，12：00-14：00午休2个小时；周一、周二、周四晚上6点吃完饭会工作到8:30下班，会提供免费的夜宵和班车，周三和周五晚上6点下班；平时周末是双休，月末最后一个周六会上班有加班费。,2025-07-27 00:23:22,外企德科数字技术有限公司是一家2023年新成立的中外合资企业。成立于2023年11月24日，公司定位：专注于为信息技术企业提供人才及数字技术外包解决方案的中外合资企业。它是由中国人力资源服务行业的FESCO（北京国际人力资本集团）与全球人力资源服务领导者The Adecco Group（德科集团）合资成立的。公司主要提供网络技术服务、软件外包服务、计算机系统服务、技术进出口、软件开发等信息技术相关服务。专注于为信息技术企业提供信息技术类人才及数字技术外包解决方案。,"https://www.zhaopin.com/jobdetail/CCL1480117890J40599635805.htm?refcode=4019&srccode=401901&preactionid=a7c1140f-c46c-45e5-b867-ab342d8bdc77"
1462,C/C++,深圳-龙岗区,1.4-2.8万·14薪,外企德科数字技术有限公司,专业技术服务,10000人以上,,CCL1480117890J40792974805,岗位要求: 1、热爱编程，基础扎实，熟练掌握但不限于C/C++，JAVA，python，GO等编程语言中的一种或几种。 2、熟悉Linux操作系统，对常见的数据结构和算法有一定的了解。 3、具备独立工作能力和解决问题的能力，善于沟通，乐于合作，热衷新技术，善于总结分享。 目前在招聘的岗位：AI软件开发、通用软件开发、应用软件开发、编译器与编程语言开发、大数据开发、数据库开发 【岗位职责】 1、跟踪学术动态，梳理前沿技术，参与计算基础软件系统架构的技术规划和技术创新。 2、负责基础软件领域的大数据，AI，HPC，数据库，网络等领域的系统架构及关键模块的性能优化。 3、负责基础软件业务领域各个模块的开发工作。 【学历要求】：学信网可查，毕业证学位证齐全，本科、硕士及以上都可以 【经验要求】:至少会一门主流编程语言，学习能力强，对于一些优秀的应届可以接受无实际工作经验 【福利待遇】： 1、底薪+绩效 (根据技术面试能力定级定薪) 2、试用期不打折 3、入职缴纳五险一金，公积金按底薪全额缴纳 4、入职就有导师一对一，带教半年 5、优质研究所办公环境和技术氛围 6、加班费、交通报销、免费宵夜、班车、健身房、下午茶，团建，带薪年假 在这里，你将从事IT应用层软件、分布式云化软件、互联网软件等的设计开发，可以采用敏捷、Devops、开源等先进的软件设计开发模式，接触最前沿的产品和软件技术，成为大容量高并发技术的专家;你将参与大厂产品的软件研发工作，包括但不限于: (1)完成从客户需求到软件产品定义、架构设计、开发实现、再到上线运营维护等产品生命周期中的各个环节; (2)创造性解决产品在实现过程中的技术难题，应用前沿技术提升产品的核心竞争力，如分布式系统、性能调优、可靠性、数据库等; (3)有机会参与业界前沿技术研究和规划，参与开源社区运作，与全球专家一起工作、交流。 在这里，你将有机会和全球顶尖专家一起并肩作战，快速成长为云领域的技术大牛！。 杭州、深圳、东莞、广州、南京、西安、武汉、长沙、济南、成都均可,2025-07-27 00:25:57,外企德科数字技术有限公司是一家2023年新成立的中外合资企业。成立于2023年11月24日，公司定位：专注于为信息技术企业提供人才及数字技术外包解决方案的中外合资企业。它是由中国人力资源服务行业的FESCO（北京国际人力资本集团）与全球人力资源服务领导者The Adecco Group（德科集团）合资成立的。公司主要提供网络技术服务、软件外包服务、计算机系统服务、技术进出口、软件开发等信息技术相关服务。专注于为信息技术企业提供信息技术类人才及数字技术外包解决方案。,"https://www.zhaopin.com/jobdetail/CCL1480117890J40792974805.htm?refcode=4019&srccode=401901&preactionid=a7c1140f-c46c-45e5-b867-ab342d8bdc77"
1463,软件测试,吉林市-船营区,5000-7000元,天阳科技,"计算机软件,计算机软件",1000-9999人,已上市,CC120408370J40822509108,1.全国项目驻场测试，主要负责功能、数据或接口等相关测试工作； 2.统招本科学历及以上（学信网可查）；毕业满2年；计算机专业优先； 3.热爱软件测试行业、有强力的自驱力，能够在测试岗位深入学习研究； 4.有无经验均可，服从公司安排，接受公司培养，可接受异地工作优先； 福利待遇： 上市公司、公司可提供住宿、定期体检、带薪年假； 欢迎符合要求的小伙伴们投递~,7月26日,天阳科技(股票代码：300872)，是全球金融创新服务的重要贡献者，持续赋能中国金融行业数字化转型，为客户提供咨询、金融科技产品、金融IT服务、云计算及运营服务。公司成立于2003年，服务超过300家金融行业客户，覆盖中央银行、政策性银行、国有银行、股份制银行、地方性商业银行、非银行金融机构等，员工人数近7000人，成为激活金融领域创新活力、推动金融科技迈入世界领先水平的重要力量。作为金融行业客户可信赖的合作伙伴，天阳科技凭借丰富的行业经验和端到端的专业服务，在信创、数字化金融、信贷、交易银行、信用卡、零售、营销、风险管理、征信监管等众多领域具备核心竞争力。据赛迪和IDC报告显示，近年来公司在中国银行业IT解决方案市场排名强势崛起，2019年收入及市场占有率综合排名分别位列第四位和第五位，并保持高速增长。同时，前瞻商业和科技趋势，入选2021年度未来银行科技服务商TOP100。天阳科技始终聚焦金融科技领域，加大自主创新力度，在超过100个城市建立本地化、专业化的研发和服务团队，拥有CMMI5级认证、软件测试成熟度模型集成（TMMi）3级认证、ISO9001质量管理体系认证、ISO20000信息技术服务管理体系认证、IS027001信息安全管理体系认证。通过部署人工智能、云计算、大数据、移动互联网、分布式计算和区块链等先进金融科技，公司致力于构建安全可控、普惠民生、开放共赢格局，在关键技术领域服务现代化金融发展大局，更好地为各利益相关方创造更大价值，为大中企业、小微企业以及每个个体提供优质金融服务。,"https://www.zhaopin.com/jobdetail/CC120408370J40822509108.htm?refcode=4019&srccode=401901&preactionid=a7c1140f-c46c-45e5-b867-ab342d8bdc77"
1464,测试工程师,曲靖-麒麟区,5000-7000元,天阳科技,"计算机软件,计算机软件",1000-9999人,已上市,CC120408370J40824009208,1.全国项目驻场测试，主要负责功能、数据或接口等相关测试工作； 2.统招本科学历及以上（学信网可查）；毕业满2年；计算机专业优先； 3.热爱软件测试行业、有强力的自驱力，能够在测试岗位深入学习研究； 4.有无经验均可，服从公司安排，接受公司培养，可接受异地工作优先； 福利待遇： 上市公司，公司可以提供住宿，提供五险一金； 欢迎符合要求的小伙伴们投递~,7月21日,天阳科技(股票代码：300872)，是全球金融创新服务的重要贡献者，持续赋能中国金融行业数字化转型，为客户提供咨询、金融科技产品、金融IT服务、云计算及运营服务。公司成立于2003年，服务超过300家金融行业客户，覆盖中央银行、政策性银行、国有银行、股份制银行、地方性商业银行、非银行金融机构等，员工人数近7000人，成为激活金融领域创新活力、推动金融科技迈入世界领先水平的重要力量。作为金融行业客户可信赖的合作伙伴，天阳科技凭借丰富的行业经验和端到端的专业服务，在信创、数字化金融、信贷、交易银行、信用卡、零售、营销、风险管理、征信监管等众多领域具备核心竞争力。据赛迪和IDC报告显示，近年来公司在中国银行业IT解决方案市场排名强势崛起，2019年收入及市场占有率综合排名分别位列第四位和第五位，并保持高速增长。同时，前瞻商业和科技趋势，入选2021年度未来银行科技服务商TOP100。天阳科技始终聚焦金融科技领域，加大自主创新力度，在超过100个城市建立本地化、专业化的研发和服务团队，拥有CMMI5级认证、软件测试成熟度模型集成（TMMi）3级认证、ISO9001质量管理体系认证、ISO20000信息技术服务管理体系认证、IS027001信息安全管理体系认证。通过部署人工智能、云计算、大数据、移动互联网、分布式计算和区块链等先进金融科技，公司致力于构建安全可控、普惠民生、开放共赢格局，在关键技术领域服务现代化金融发展大局，更好地为各利益相关方创造更大价值，为大中企业、小微企业以及每个个体提供优质金融服务。,"https://www.zhaopin.com/jobdetail/CC120408370J40824009208.htm?refcode=4019&srccode=401901&preactionid=a7c1140f-c46c-45e5-b867-ab342d8bdc77"
1465,软件测试,郑州-管城回族区,8000-9000元·13薪,河南裕芯电子科技有限公司,互联网,20-99人,,CCL1504915130J40815478103,岗位内容： 1. 设计并执行测试用例，记录测试结果并准备测试报告。 2. 协调开发人员、项目经理和测试团队成员，以确保遵守时间表和产品质量标准。 3. 使用自动化测试框架和工具来提高测试效率和覆盖率。 4. 不断改进测试流程和方法，以提高质量和效率。 5. 关注产品质量和客户需求，确保稳定、可靠和用户友好的软件交付。 任职要求： 1. 熟悉软件测试方法和流程。 2. 掌握至少一种自动化测试框架和脚本语言（如Selenium、Python、Robot Framework）。 3. 具备良好的团队合作精神和沟通能力。 4. 能够承受压力，在快节奏的环境中高效工作。 5. 有问题解决的能力和主动学习的态度。,7月22日,,"https://www.zhaopin.com/jobdetail/CCL1504915130J40815478103.htm?refcode=4019&srccode=401901&preactionid=a7c1140f-c46c-45e5-b867-ab342d8bdc77"
1466,科研人员,杭州-西湖区,4000-7000元,浙江大学,"学校/学历教育,学术/科研,社团/组织/社会保障,科学技术推广",1000-9999人,,CC199796410J40259115304,岗位要求： 1. 具有能源动力、计算流体动力学、计算机软件、人工智能等相关专业背景，本科或以上学历； 2. 具有良好的文字功底和科研素养，善于沟通，具有较好的英文水平； 3. 工作认真严谨，具有较强的分析和解决问题的能力，富有团队协作精神。 岗位职责 1. 协助研究团队梳理和编写科研项目申报、进展报告、结题验收等的技术文档； 2. 协助研究团队参加项目的投标、沟通、协调和管理，梳理和撰写项目文档； 3. 协助开展项目的工程应用工作； 4. 负责项目相关各类会议的组织、协调等行政保障类工作; 5. 负责所在团队日常行政综合事务； 6. 完成负责人交与的其他相关事务性工作。 岗位待遇： 1. 该岗位为劳务派遣岗，与人才公司签订合同，工作地点在浙江大学 2.人事管理按浙江大学相关规定执行； 3.提供有竞争力的基本薪酬待遇、享受五险一金，并视科研能力或工作成绩给予额外奖金，具体面议；,4月28日,浙江大学（Zhejiang University）是一所历史悠久、声誉卓著的高等学府，坐落于中国历史文化名城、风景旅游胜地杭州。浙江大学的前身求是书院创立于1897年，为中国人自己最早创办的新式高等学校之一。1928年，定名国立浙江大学。抗战期间，浙大举校西迁，在贵州遵义、湄潭等地办学七年，1946年秋回迁杭州。1952年全国高等学校院系调整时，浙江大学部分系科转入兄弟高校和中国科学院，留在杭州的主体部分被分为多所单科性院校，后分别发展为原浙江大学、杭州大学、浙江农业大学和浙江医科大学。1998年，同根同源的四校实现合并，组建了新浙江大学，迈上了创建世界一流大学的新征程。习近平总书记主政浙江期间，亲自联系浙江大学，18次莅临指导，对学校改革发展作出了一系列重要指示，描绘了高水平建成中国特色世界一流大学的宏伟蓝图。在120多年的办学历程中，浙江大学始终秉承以“求是创新”为校训的优良传统，以天下为己任、以真理为依归，逐步形成了“勤学、修德、明辨、笃实”的浙大人共同价值观和“海纳江河、启真厚德、开物前民、树我邦国”的浙大精神。浙江大学是一所特色鲜明、在海内外有较大影响的综合型、研究型、创新型大学，其学科涵盖哲学、经济学、法学、教育学、文学、历史学、艺术学、理学、工学、农学、医学、管理学等十二个门类。设有7个学部、37个专业学院（系）、1个工程师学院、2个中外合作办学学院、7家附属医院。学校现有紫金港、玉泉、西溪、华家池、之江、舟山、海宁等7个校区，占地面积5870761平方米，校舍总建筑面积2746377平方米，图书馆总藏书量777.8万册。截至2018年底，浙江大学现有全日制在校学生54641人（其中：本科生25425人，硕士研究生19038人，博士研究生10178人），国际学生7074人（其中：攻读学位的国际学生4409人）。有教职工8909人（其中：专任教师3741人），教师中有中国科学院院士、中国工程院院士（含双聘）45人、文科资深教授10人、教育部“长江学者奖励计划”特聘（讲座）教授121人、国家杰出青年科学基金获得者133人。在国家公布的“双一流”建设名单中，学校入选一流大学建设高校（A类），18个学科入选一流建设学科，居全国高校第三。根据2019年5月ESI公布的数据，学校有8个学科进入世界学术机构排名前1‰，居全国高校第一；有1个学科进入世界学术机构排名前万分之一，有8个学科进入世界学术机构排名前100位，均居全国高校第二；有5个学科进入世界学术机构排名前50位，居全国高校第三。浙江大学紧紧围绕“德才兼备、全面发展”的核心要求，全面落实立德树人根本任务，着力培养德智体美劳全面发展、具有全球竞争力的高素质创新人才和领导者。在长期的办学历程中，涌现出大批著名科学家、文化大师以及各行各业的精英翘楚，校友中当选为两院院士的有200余人。学校始终保持与时俱进的教育思想，教育教学模式改革走在了全国高校前列；丰富的校园文化、先进的教学设施和广泛的国际交流为学生成长创造了优越条件。2018届毕业生初次就业率达到97.64%，本科毕业生海内外深造率达到60.30%。浙江大学注重精研学术和科技创新，建设了一批开放性、国际化的高端学术平台，汇聚了各学科的学者大师和高水平研究团队。近年来，学校发明专利授权数、权威学术期刊论文发表数、科研总经费等主要科研指标保持全国高校领先地位，在科学技术和人文社科领域取得了丰硕成果。学校主动对接国家和区域重大战略需求，着力打造高水平的创新源、人才泵和思想库。“十二五”以来，学校作为牵头单位获得国家科技进步特等奖1项、一等奖7项、二等奖40项；《中国历代绘画大系》、《中华礼藏》、敦煌学等文化传承创新成果在海内外产生了广泛影响。“国有成均，在浙之滨”。今天的浙江大学，坚持以习近平新时代中国特色社会主义思想为指导，秉承求是创新精神，致力于传播与创造知识，弘扬与引领文化，服务与奉献社会，坚定不移地为加快进入中国特色世界一流大学行列、迈向世界一流大学前列而奋斗，为实现中华民族伟大复兴、促进人类文明进步作出卓越贡献。,"https://www.zhaopin.com/jobdetail/CC199796410J40259115304.htm?refcode=4019&srccode=401901&preactionid=a7c1140f-c46c-45e5-b867-ab342d8bdc77"
1467,C/C++,北京-海淀区,1-2万,北京飞利信科技股份有限公司,"计算机软件,计算机硬件,IT服务,电子/半导体/集成电路",1000-9999人,已上市,CC121040720J40674580416,岗位职责： 1、参与公司自有软件产品的研发与维护；    2、根据产品需求完成模块设计、编码、测试工作；    3、撰写相关技术文档并提供技术支持工作。    ,7月10日,北京飞利信科技股份有限公司(股票代码:300287以下简称“飞利信”)，成立于2002年。作为一家专注于数字城市建设领域的专业公司，飞利信是国内领先的新型数字城市全面解决方案提供商。飞利信秉承着“飞越创新，互利共赢，誉在信中”的经营理念，致力于把更智能的信息技术，带给每个城市、每个家庭。公司首创的“1+1+N”的新型数字城市全面解决方案，为客户提供1个城市可视化、1个城市数字化大脑和N个垂直业务应用系统，为数以万计的客户提供优质的新型数字城市建设综合服务。,"https://www.zhaopin.com/jobdetail/CC121040720J40674580416.htm?refcode=4019&srccode=401901&preactionid=a7c1140f-c46c-45e5-b867-ab342d8bdc77"
1468,软件测试,南通-海门区,1-1.2万,四川金掌柜人力资源有限公司,人力资源服务,20-99人,,CCL1314363420J40762437311,岗位内容：  1. 设计测试用例并执行测试计划，对软件功能、性能、稳定性等进行全面测试。 2. 编写测试报告和Bug汇报，跟踪Bug的解决过程，并及时反馈BUG情况给研发团队。 3. 参与产品设计和需求评审，提供测试意见和建议。 4. 熟悉自动化测试框架或工具，并进行相关测试工作。 任职要求：  1. 计算机相关专业，有测试经验。 2. 熟悉软件测试流程和常用的测试方法、工具，熟悉至少一种自动化测试工具。 3. 具备较强的测试分析和问题定位能力，能够独立制定测试计划和测试用例。 4. 具备良好的沟通协调能力和团队合作精神。,2025-07-27 01:40:45,,"https://www.zhaopin.com/jobdetail/CCL1314363420J40762437311.htm?refcode=4019&srccode=401901&preactionid=a7c1140f-c46c-45e5-b867-ab342d8bdc77"
1469,硬件测试,东莞-None,2000-3000元,东莞维胜通信技术有限公司,通信/网络设备,20-99人,不需要融资,CCL1330326030J40639851506,岗位职责1、负责产品（无线电台）的性能调试、测试；    2、日常测试仪器维护和保养；    3、记录日常产量和维护测试环境；    4、不合格品进行分类处理；    5、发现产品测试异常及时向上级反馈；    6、完成上级交办的其他事务 ,6月25日,"东莞维胜通信技术有限公司（以下简称""维胜通信""）是一家从事专业无线电通信，射频电子，工业控制等产品的集研发，生产，销售为一体的高科技企业，注册成立于2018年。维胜通信自成立以来，一直专注于专业无线电通信领域的设备研发，打造了一个勇于攀登，刻苦专研，技术过硬，积极向上的团队。公司现有员工30余人，其中研发人员比例占40%，他们有丰富的开发经验，在工作中发扬团结协作，敬业爱岗，奋发向上的精神，为企业创造了可观的效益。在公司不断成长的过程中，这支高素质的研发，生产团队成为公司强大的生命支柱。公司紧跟国际专业无线通技术发展潮流，打造的拳头产品在国内外处于市场前沿地位。维胜通信产品线涵盖便携式，手持式，基地台式等多种无线电收发信机，其频段覆盖了长波，短波，超短波，甚高频：配套设备有射频功率放大器，自动天线调谐器，特种通信发射机，移动电源等，能满足客户各种环境下的使用需求。公司的销售网络目前已覆盖了北美，欧盟，澳洲，俄罗斯，南美，东南亚等国家和地区，并在当地持续畅销。在海外市场上，公司获得了很好的市场反应，积累了良好的用户口碑，产品已多次应用到当地市政项目和科考项目中。未来公司将继续致力于专业无线通信领域的研发，一如既往的坚持全面以客户需求为发展导向，进一步加大研发力度，加宽，加深涉及领域，使公司整体业绩再上升至一个新的高度，成长为不断持续发展的百年企业。","https://www.zhaopin.com/jobdetail/CCL1330326030J40639851506.htm?refcode=4019&srccode=401901&preactionid=a7c1140f-c46c-45e5-b867-ab342d8bdc77"
1470,C/C++,北京-海淀区,1.5-2.5万,北京九思易自动化软件有限公司,"计算机软件,计算机软件",20-99人,未融资,CC120900800J40901344804,九思易自动化软件公司专注于管控数字化平台的研发与推广，是国家“高新技术企业”和“北京市专精特新企业”，具有CMMI 3级国际认证，1项国家发明专利和百余项软件著作权，曾参与科技部国家重大专项软件的研发。九思易的研发团队个人素质出众、行业经验丰富、技术积累深厚、始终关注前沿技术和行业发展方向、富于创新精神、执着而有激情。九思易打造的易控系列产品在行业内具有技术领先的地位，是推动数字化转型和智能化升级的过程中的不可或缺的产品。如果你也有志于在工业软件领域深耕，渴望加入一家蓬勃发展的企业，和优秀的团队共同打造卓越经典产品，九思易欢迎你的加入！ 岗位职责： 参与易控系列软件产品的开发，根据个人能力和发展兴趣匹配开发模块，作为功能模块的核心研发人员，具体工作包括： 1.深度参与产品功能需求分析，协助产品部完成需求文档部分内容整理； 2.指导开发小组内部成员，统筹任务分配、进度管理及技术攻关； 3.模块功能设计及相关设计文档整理； 4.注重模块功能性能优化，严格执行开发测试流程； 5.及时定位和修复bug，保障平台的稳定运行。 岗位要求： 1）技能要求： 1.统招计算机、电子、自动化等相关专业本科以上学历，985/211院校优先； 2.基础扎实，熟练掌握至少一种编程语言，了解.NET开发技术、C#开发语言优先，熟悉设计模式和软件设计原则； 3.具有一定的架构能力，能够较好的进行模块功能级别设计； 4.具备数据采集、展示、界面控件等自动化、定制化监控软件功能模块开发经验者优先； 5.熟悉MES及企业生产管理软件是加分项。 2）综合素质： 1.具有较强的逻辑思维能力和良好的学习能力； 2.具有良好的团队协作精神和沟通表达能力，良好的跨地域、跨部门合作能力； 3.勤奋上进，具有强大的自我驱动力及目标结果导向，享受挑战自我； 4.拥有大局观的同时能够很好地关注细节。 我们能为你提供： 1.具有行业竞争力的薪酬体系，包括丰厚的薪资待遇、完善的福利和激励机制； 2.轻松愉快的团队氛围和工作环境； 3.经验丰富、充满激情团队的专业技能培训和职业发展指导； 4.公司快速上升期带来的广阔职业发展空间和晋升机会。 欢迎志同道合者加入共创未来！简历投递通道：******************,4月17日,北京九思易自动化软件有限公司（以下简称“九思易”）由多年在海外从事工业自动化软件研究的行业专家归国创办。九思易是一家专业和领先的自动化信息化软件平台开发商，同时提供监控管理自动化和信息化系统工程服务。公司坐落于有“中国硅谷”之称的中关村，毗邻清华大学、北京大学和中国科学院自动化研究所等著名高等学府和科学研究机构。九思易公司长期专注于自动化和信息化以及两化融合，围绕物联网、工业大数据、智能制造、中国制造2025和智慧城市，建设智慧型社会等，进行研究和产品研发工作。以实时数据为核心，连接企业、城市或各种大型系统的各环节，利用领先的信息技术，实现优化的管控一体化。九思易的“易控/INSPEC”系列产品，既包括能提供完整系统解决方案的系统平台产品，也包括面向特定功能和第三方产品紧密集成的专业平台。九思易提供的易控系统平台有：易控天地（INSPEC TNT）自动化信息化平台、易控组态(INSPEC SCADA)平台、易控PowerView高端人机平台、面向智能制造的易控天成（INSPEC MES）平台等。九思易提供的易控专业平台有：易控天链（INSPEC LINKS）数据采集和控制平台，易控天元（INSPEC PRIME）实时数据库，易控天幕（INSPEC PANAROMA）信息可视化人机交互平台，易控天信（INSPEC MESSENGER）实时消息管理平台，易控天眼（INSPEC VV）实时视频监控平台，易控天行（INSPEC ANYWHERE）移动监控平台。2006年在全球率先推出集成最新IT技术、通信技术和控制技术、基于网络计算和.NET平台、具有划时代革命意义的新一代组态软件——易控（INSPEC）。它在北京奥林匹克体育中心(鸟巢)、人民大会堂、宝钢、首钢、太钢等众多重大监控项目中得到成功应用，其全球领先的图形系统、C#用户程序、多语言等功能，其全面提升的稳定性、开放性和用户人机体验，已成为新一代组态软件的典范。2015年推出新一代易控天地自动化监控和信息化管理平台，囊括了企业管理层和现场层的所有自动化监控功能和信息化功能，其领先的技术平台拓展传统的监控内容，将GIS地理信息系统、视频系统、3D技术、大屏展示、移动访问等融合其中，其细节功能设计大大提升用户体验。满足制造业的两化融合需求，更为众多非传统自动控制领域，例如市政、交通、水利、物流、安防、农业、各种数据中心、MES等提供了理想的系统平台。经过十五年的开拓和积累，九思易奠定了在国内自动化信息化软件领域一流的技术地位，“软件定义未来”，“软件是重中之重”，凭借中国制造2025和工业4.0的东风之势，企业正进入增长的快速通道！“成就客户，专注创新、科学严谨、追求卓越”是公司的核心价值观。创始人及研发团队一直跟随新的自动化控制技术、信息技术和网络技术的发展，公司将持续不断地在面向智能制造和智慧城市领域应用的自动化信息化管理平台进行投入，为用户提供最领先的产品和服务！有志于在软件事业、在中国制造、在智慧城市建设等领域发展的有识之士，欢迎加入九思易团队，公司提供优良的办公环境、业内一流的薪资福利和无限广阔的发展空间！,"https://www.zhaopin.com/jobdetail/CC120900800J40901344804.htm?refcode=4019&srccode=401901&preactionid=a7c1140f-c46c-45e5-b867-ab342d8bdc77"
1471,实施工程师,阳泉-城区,8000-14000元,青岛安然物联网科技有限公司,"物联网,物联网",20-99人,未融资,CC559764920J40823509204,需要弱电技术、自动化、安防系统、工业互联网+危化安全生产、物联网人才，不要纯软件人才。  你能经常到全国各地出差吗？你能到工业生产现场生产现场做技术支持吗？   真正的奋斗者在安然会有让人值得为之奋斗的事业，会有充实、高效的成长，会有高人一等的收入。   你能做好售前技术支持、根据客户需求，高效制作方案吗？你能做好售中技术支持、指导他人正确安装、部署、调试系统向用户保质保量快速交付吗？你能做好售后维护，高效沟通和落实客户需求吗？   迄今已服务中石化、中石油、延长石油、国能、兖矿、京能、索普、新安、奇美、昊源、潞安、旭阳、垦利、逸盛、海科、酒钢、金发等几百家石化、化工、选煤、钢铁、电厂企业。    安然以客户为中心，以强者为本，抬头乐干，愿意与同道中人联合、链接，携手共建、共用、共享生产安全命运共同体，一起干，一起干，让优秀企业更安全，让优秀企业更高效！,7月2日,基于精准人员定位的工业安全生产信息化管理专家，安全生产信息化管理引领者！作为全国实时定位技术标准工作组成员和应急管理部“工业互联网+危化安全生产”人员定位系统技术支持机构，安然从2012年起致力于基于ZigBee Plus三维立体按需精准定位的“工业互联网+安全生产”的研究，获得了20多项安全智能管控系统发明专利和著作权，持续引领中国化工行业生产现场智慧安全！安然以“准、稳、狠”的ZigBee Plus三维立体按需精准人员定位统和“底数清、数据准、情况明、研判准、措施实”的安全生产信息化平台为核心，整合访客管理、出入口控制、人脸识别、视频监控、语音广播、重大危险源监控、可燃有毒气体监测等系统，对生产现场人、机、料、法、环五大要素进行实时、动态、智能管控和预警，规范人的安全行为，保障人的生命安全，有效防范风险、主动化解风险，实现智慧安全。安然“以用为本”，把安全生产信息化建设与公司管理体系“深度融合”，把安全生产信息化建设与日常工作“紧密结合”，对安全生产切实“有用、实用、好用”，避免建用“两张皮”，让安全管控更智能，让生产更高效才实用。迄今已服务中石化、中石油、延长石油、国能、兖矿、京能、索普、新安、奇美、昊源、潞安、旭阳、垦利、逸盛、海科、酒钢、金发等几百家石化、化工、选煤、钢铁、电厂企业。安然以客户为中心，以强者为本，抬头乐干，愿意与同道中人联合、链接，携手共建、共用、共享生产安全命运共同体，一起干，一起干，让优秀企业更安全，让优秀企业更高效！,"https://www.zhaopin.com/jobdetail/CC559764920J40823509204.htm?refcode=4019&srccode=401901&preactionid=a7c1140f-c46c-45e5-b867-ab342d8bdc77"
1472,Java,东莞-None,1.5-3万·14薪,外企德科数字技术有限公司,专业技术服务,10000人以上,,CCL1480117890J40795844605,工作职责: 1、根据需求进行软件的概要设计和详细设计，学习和使用设计模式; 2、完成代码开发、单元测试、系统测试，掌握代码编写技术和测试技术; 3、完成从需求到设计、再到开发和上线等项目周期中端到端的各个环节。 岗位要求:  1、熟练掌握java/C++/Js/python/C等任意一种主流开发语言;  2、熟练掌握常用的软件架构模式，并能熟练使用基本的编程编译工具;  3、熟悉linux常用命令及开发环境，能用shell脚本实现简单功能;  4、良好的编码习惯、沟通协作能力和学习能力;  5、思维缜密，逻辑性强，具有挑战精神和前瞻性，良好的团队协作精神。,2025-07-27 00:26:07,外企德科数字技术有限公司是一家2023年新成立的中外合资企业。成立于2023年11月24日，公司定位：专注于为信息技术企业提供人才及数字技术外包解决方案的中外合资企业。它是由中国人力资源服务行业的FESCO（北京国际人力资本集团）与全球人力资源服务领导者The Adecco Group（德科集团）合资成立的。公司主要提供网络技术服务、软件外包服务、计算机系统服务、技术进出口、软件开发等信息技术相关服务。专注于为信息技术企业提供信息技术类人才及数字技术外包解决方案。,"https://www.zhaopin.com/jobdetail/CCL1480117890J40795844605.htm?refcode=4019&srccode=401901&preactionid=a7c1140f-c46c-45e5-b867-ab342d8bdc77"
1473,Java,郑州-金水区,6000-12000元,山东首瀚信息科技有限公司,"网络/信息安全,网络/信息安全,物联网",20-99人,未融资,CC342074880J40697015310,岗位职责： 1. 负责集中监控管理系统的代码开发、调试与维护工作； 2. 对关键功能模块、接口进行设计，撰写系统设计方案； 3. 参与公司产品的架构优化，性能优化并辅助其他模块进行技术实现； 协助并完成其他各类技术开发任务。 任职要求： 1. 计算机相关专业； 2. 2 年以上软件开发工作经验。 3. 熟练掌握 Java 编程语言及其基础框架，如 IO、多线程、集合等，对常用数据结构和算法有清晰的理解和应用能力。 精通 Spring Boot 框架，熟悉其核心原理和应用场景，能够熟练运用该框架进行项目开发，具备一定的项目实践经验。,12月31日,山东首瀚信息科技有限公司（简称“首瀚科技”）成立于2015年，注册资金2000万元，是一家集信息安全产品研发、生产、销售、运营、服务为一体的综合型高新技术企业，公司具备信息安全领域的产品技术研发和生产能力，荣获高新技术企业、军工二级保密资质、科技型中小企业、ISO 9001质量体系认证、ISO 14001环境管理体系认证、ISO 45001职业健康安全管理体系认证、ISO 27001信息安全管理体系认证、ISO 20000 IT信息技术服务管理体系认证等资质荣誉，先后申请并获得国家发明专利和实用新型专利10余项、软件著作权20余项、山东省技术创新成果奖2项。首瀚科技产品体系包括国产基础软硬件适配、网络边界安全防护、工业控制安全、数据安全四大产品线，提供行业有竞争力的系列化产品和解决方案，相关产品已获得公安部计算机信息系统安全专用产品销售许可和检验检测报告2项、信息技术产品安全测试证书1项、大数据产品证书2项。首瀚科技相继加入国产化生态联盟，与产业链上下游的优势资源建立友好合作关系，目前主营产品已完成与申威、龙芯、飞腾主流国产处理器和麒麟、统信主流国产操作系统的兼容适配，获得产品认证证书10余项，将为党政军、企业、金融等客户提供安全可控的产品及解决方案。,"https://www.zhaopin.com/jobdetail/CC342074880J40697015310.htm?refcode=4019&srccode=401901&preactionid=a7c1140f-c46c-45e5-b867-ab342d8bdc77"
1474,C/C++,南京-雨花台区,1.4-2.8万·14薪,外企德科数字技术有限公司,专业技术服务,10000人以上,,CCL1480117890J40604447805,"1、具备独立工作能力和解决问题的能力，善于沟通，乐于合作，热衷新技术，善于总结分享，喜欢动手实践; 2、熟练掌握数据结构、算法知识; 3、参与业界前沿技术研究和规划，与全球专家一起工作、交流。 任职要求: 1.信息系统/计科/软件工程/通讯等相关专业优先，能力优秀者可放宽，往届应届生均可培养。 2.热爱编程，熟悉掌握C/C++/Java/Python/ JS/Web/安卓/IOS开发等编程语言中的一种或多种。 3.能够快速学习新的业务流程，编程语言，有良好的编程习惯和技术文档编写习惯。 4.具备良好的独立工作能力和解决问题能力，乐于合作，善于沟通，热衷新技术。 弹性工作制(满8小时),早:8:30-9:30上班，晚:5:30-6:30下班(按班次) 薪资福利: 底薪+绩效+年终奖 年终奖绩效核算，平均年终奖14-16薪每个月最后一周周六加班双倍薪资六险一金(全额)，试用期薪资不打折 本科及以上学历，须学信网可查，24届考公、考研等未就业者也可参与面试 导师制培训机制，新人入职后至少半年以上会有导师一对一辅导开展工作和学习 主要地点:东莞、深圳、杭州、西安，苏州、上海，武汉，成都、南京、北京",2025-07-27 00:23:22,外企德科数字技术有限公司是一家2023年新成立的中外合资企业。成立于2023年11月24日，公司定位：专注于为信息技术企业提供人才及数字技术外包解决方案的中外合资企业。它是由中国人力资源服务行业的FESCO（北京国际人力资本集团）与全球人力资源服务领导者The Adecco Group（德科集团）合资成立的。公司主要提供网络技术服务、软件外包服务、计算机系统服务、技术进出口、软件开发等信息技术相关服务。专注于为信息技术企业提供信息技术类人才及数字技术外包解决方案。,"https://www.zhaopin.com/jobdetail/CCL1480117890J40604447805.htm?refcode=4019&srccode=401901&preactionid=a7c1140f-c46c-45e5-b867-ab342d8bdc77"
1475,Java,杭州-滨江区,1.5-3万·14薪,外企德科数字技术有限公司,专业技术服务,10000人以上,,CCL1480117890J40628159805,"职位描述 1. 信息系统/计算机/通讯等相关专业优先，无经验能力优秀者可放宽； 2. 热爱编程，熟悉掌握C/C++/Java/Python/JS/Web/安卓开发等编程语言中的一种或多种编程语言，扎实的编程功底； 3.熟悉struts、Spring、Hibernate、MyBatis应用框架； 4.能够快速学习新的编程语言，有良好的编程习惯和技术文档编写习惯 5. 具备良好的独立工作能力和解决问题能力，善于沟通，乐于合作，热衷新技术； （1） 须学信网可查，24届考公、考研等未就业者也可参与面试 （2）导师制培训机制，新人入职后至少半年以上会有导师一对一辅导开展工作和学习 （3） 部门：ICT(公开，光，计算，无线，数存等 ) ， 云计算，2012(中硬，中软，中媒)，消费者BG, BPIT, 上海海思,Carbu等 （4）主要地点：（东莞、深圳、杭州、 西安，长沙、上海，武汉，成都、南京、北京）十大研究所 （5） 全程流程随时跟进可查, 一个部门不满意可转推不同部门 公司福利： 1. 底薪+绩效+项目奖金+年终奖； 2. 全额缴纳社保及五险一金； 3.一年数次考评，薪资可上浮； 4.带薪年假5-15天，双休； 5.免费夜宵，城际班车，舒适的办公环境。",2025-07-27 00:23:23,外企德科数字技术有限公司是一家2023年新成立的中外合资企业。成立于2023年11月24日，公司定位：专注于为信息技术企业提供人才及数字技术外包解决方案的中外合资企业。它是由中国人力资源服务行业的FESCO（北京国际人力资本集团）与全球人力资源服务领导者The Adecco Group（德科集团）合资成立的。公司主要提供网络技术服务、软件外包服务、计算机系统服务、技术进出口、软件开发等信息技术相关服务。专注于为信息技术企业提供信息技术类人才及数字技术外包解决方案。,"https://www.zhaopin.com/jobdetail/CCL1480117890J40628159805.htm?refcode=4019&srccode=401901&preactionid=a7c1140f-c46c-45e5-b867-ab342d8bdc77"
1476,技术支持工程师,南昌-青山湖区,5000-6000元,深圳市兆驰股份有限公司,"电子设备制造,电子/半导体/集成电路",10000人以上,已上市,CC134184570J40810624608,岗位要求 1、协助工程师产品和模块的调试和验证工作； 2、负责生产测试系统的搭建以及技术支撑工作； 3、研发调试测试文档制作，形成 checklist 文件； 4、及时维护项目各阶段所需的项目文档、规整并上传系统； 5、积极完成领导安排的工作任务； 任职要求: 1、大专学历，电子信息、自动化、通信工程、软件工程、计算机等理工科专业毕业。 2、耐心、细致，富有团队精神； 3.表达能力好、灵活、动手能力好，有积极主动的实践意愿。,5月29日,【公司简介】兆驰集团成立于2005年，2010年在深交所中小板上市（股票代码：002429），第一大股东为深圳市资本运营集团（国资委下属企业），公司始终专注于消费类电子产品研发、生产制造和销售的国家级高新技术企业，是深圳市总部经济企业及海关AEO认证企业，始终坚持自主创新，横向扩展产品品类，纵向延伸产业链，推动产品迭代和产业升级，实现智慧显示、智慧家庭组网、LED全产业链三驾马车齐头并进，实现主营业务全球领先，2021年营业收入达225.38亿元，累计在深税收贡献超过70亿元。【行业实力】电视ODM全球出货稳居前二，LED芯片产业园拥有目前全球最大规模的单一主体厂房。在“制造业利润比刀片还薄”的当下，公司坚持比技术、拼管理，探索出“一创三化”运营模式，以“标准化、信息化、自动化”整合优化研发、生产、销售、供应链和内部管理资源，实现“低成本创新”，在“红海”中走出自己的“蓝海”，为中国制造转型升级提供了示范样本。【奖项与荣誉】公司连续多年荣膺中国电子信息百强，中国对外贸易500强、中国制造业500强、广东省民营百强、深圳市百强企业，是广东省智能制造示范企业、深圳市文化创意百强企业、深圳市重点文化出口企业及深圳市优秀新兴业态企业。【期待优秀的TA】热爱制造业，立志于为中国制造贡献自己的才华与热情，踏实肯干，愿以实业为长期奋斗目标。【与你成长】基础福利：总部写字楼、恒温制造车间、园区自带食堂、住宿免费、交通便利，保底双薪；保障福利：企业自有公寓、年度三甲医院体检、年度旅游、月度生日会、爱心基金（含直系亲属）、特殊慰问等；成长发展：中国一流制造业管理与技术专家、世界一流制造业管理与技术专家指导职业发展，传帮带新人，快速成长、管理与技术双发展通道；激励性福利：公司鼓励内部创业，积极鼓励有技术创新或管理创新人才进行新业务方向的发展。,"https://www.zhaopin.com/jobdetail/CC134184570J40810624608.htm?refcode=4019&srccode=401901&preactionid=a7c1140f-c46c-45e5-b867-ab342d8bdc77"
1477,测试工程师,苏州-工业园区,6000-8000元,科锐尔人力资源服务(苏州)有限公司,咨询服务,1000-9999人,已上市,CC453635220J40810460603,1.计划、执行或协助测试和实验，以评估设备的性能。 2.确保设备得到维护和校准。 3.按照测试方法完成指定的测试，并提交适当的报告。 .4.协助工程师进行测试开发、工艺验证和文件编制。 5.按规定履行部门行政职责，设备、安全、工具签到、签退等 6.提供使用最新、新颖软件和设备的培训课程。 7.可以分配其他职责，但并非所有列出的职责都可以分配。 可应届,7月8日,"科锐国际人力资源有限公司成立于1996年，总部位于北京。作为亚洲领先的整体人才解决方案服务商，科锐国际在中国大陆、香港、印度、新加坡等亚洲地区拥有超过79家分支机构，1,500余名专业招聘顾问，在超过18个行业及领域为客户提供中高端猎头、招聘流程外包、灵活用工、营销外包、校园招聘、培训、招聘咨询等解决方案。截至目前，科锐已与2,000余家跨国集团、国内上市公司、快速成长性企业及非盈利组织建立长期合作关系。其中70%为外资500强企业。","https://www.zhaopin.com/jobdetail/CC453635220J40810460603.htm?refcode=4019&srccode=401901&preactionid=a7c1140f-c46c-45e5-b867-ab342d8bdc77"
1478,技术支持工程师,天津-西青区,8000-10000元,捷纳生物科技(天津)有限公司,零售/批发,20人以下,未融资,CCL1241914170J40531734610,岗位职责：   1、通过市场分析、竞品分析、客户分析，协助销售团队完成公司制定的业绩指标；   2、负责公司主营产品（分子、细胞、蛋白等生命科学相关试剂、耗材、仪器）售前与售后技术支持，解决客户在产品使用过程中出现的问题；   3、制定并实施产品培训计划，包括销售培训、市场培训等；   4、负责品牌及产品推广工作，通过线上，线下活动、讲座等扩大公司、品牌及产品的影响力；   5、进行产品市场调研，搜集行业信息，策划产品的网站宣传页面及宣传印刷品等，为市场推广提供技术支持和文字材料。   任职要求：   1、硕士以上学历，生物技术及生物工程、分子生物学、细胞生物学、免疫、预防兽医、基因工程等相关专业背景；   2、熟练掌握细胞培养，荧光定量PCR，分子克隆，蛋白表达与纯化，抗体制备，Western Blot等基本技术；   3、两年以上相关工作经验，连续进行相关实验操作一年以上，具有丰富的实验经验和较强的分析能力；   4、具备良好的沟通能力及应变能力；   5、有高度责任心、强烈的服务意识和团队合作精神。     福利待遇：五险一金、周末双休、节假日福利、年终奖、餐补、交通补助等 ,6月1日,捷纳生物科技(天津)有限公司是一家专业销售科研仪器设备、试剂、耗材的公司。公司不仅产品覆盖面广，涵盖了分子生物学、细胞生物学、免疫学等领域的多种品质可靠的产品提供，同时拥有一支很强的技术服务团队。目前，我们拥有国外一线品牌Thermo Fisher Scientific在天津地区的独家代理权，希望在科研领域为每一位客户尽心尽力尽责！,"https://www.zhaopin.com/jobdetail/CCL1241914170J40531734610.htm?refcode=4019&srccode=401901&preactionid=a7c1140f-c46c-45e5-b867-ab342d8bdc77"
1479,Java,上海-青浦区,1.4-2.8万·14薪,外企德科数字技术有限公司,专业技术服务,10000人以上,,CCL1480117890J40793862705,岗位要求： 1、扎实的编程能力，熟悉算法和数据结构；熟悉计算机的基础理论； 2、熟练使用java/c/c++/python/js其中一种语言，掌握Spring相关生态开源框架，熟悉MySql、MQ、Redis、SpringCloud等，熟悉事务、缓存、消息、负载均衡等； 3、熟悉Linux开发环境； 4、具有大规模高并发云服务设计和开发经验优先； 5、有微服务、容器相关开发经验优先。 任职要求： 1、扎实的编程能力，熟悉算法和数据结构；熟悉计算机的基础理论； 2. 软件基础扎实，熟悉掌握但是不限于Java/Js/C/C++/Python/Go/JS等编程语言，有良好的编程习惯。 3. 具备独立工作能力和独立解决问题的能力，善于沟通，乐于协作，热衷于新技术，善于总结分享，喜欢动手实践。,2025-07-27 00:26:00,外企德科数字技术有限公司是一家2023年新成立的中外合资企业。成立于2023年11月24日，公司定位：专注于为信息技术企业提供人才及数字技术外包解决方案的中外合资企业。它是由中国人力资源服务行业的FESCO（北京国际人力资本集团）与全球人力资源服务领导者The Adecco Group（德科集团）合资成立的。公司主要提供网络技术服务、软件外包服务、计算机系统服务、技术进出口、软件开发等信息技术相关服务。专注于为信息技术企业提供信息技术类人才及数字技术外包解决方案。,"https://www.zhaopin.com/jobdetail/CCL1480117890J40793862705.htm?refcode=4019&srccode=401901&preactionid=a7c1140f-c46c-45e5-b867-ab342d8bdc77"
1480,技术支持工程师,上海-浦东新区,1-2万,北京大橡医学检验实验室有限公司,"生物工程,生物工程,医疗设备/器械,医疗检测",20-99人,B轮,CCL1367281420J40729648601,职责描述： 1、协作销售人员在销售过程中的技术支持工作； 2、完成面向客户的售前产品展示、推广，及售后的技术支持； 3、负责产品问题的跟踪、反馈、投诉解决及相关问题的处理； 4、对服务过程中的问题进行归纳总结，完善问题解决方案； 5、收集产品改进建议，整理并提交市场和技术部门，提升用户体验感； 6、收集竞品信息，并分析比较不同产品优缺点，撰写比较报告，为市场及研发相关部门决策提供数据支持； 7、完成部门上级领导交办的其他相关事务。 任职要求： 1、生物、医药、芯片工程等专业硕士学历，或双一流本科并具有2年以上实验设计经验； 2、具备极强的学习能力，能快速学习和理解前沿技术，善于思考，能主动寻求问题答案。 3、具备出色的沟通能力，能够引导客户沟通方向，以及高效完成对内沟通。 4、具有3D细胞培养或器官芯片经验优先，具有CRO经验优先，具有Project leader、study director或business development经验优先。,5月28日,"北京大橡科技有限公司（Beijing Daxiang Biotech Co., Ltd）是中国领先的研发和生产人体类器官芯片的高科技公司，并致力于推动和引领类器官芯片在新药研发、疾病建模和个体化精准医疗等领域的广泛应用。公司创始团队来自北京大学，期望提供更精准、更高效、更经济的药物研发解决方案和创新、仿生的临床精准用药标准化平台，推动人类健康事业发展。","https://www.zhaopin.com/jobdetail/CCL1367281420J40729648601.htm?refcode=4019&srccode=401901&preactionid=a7c1140f-c46c-45e5-b867-ab342d8bdc77"
1481,测试工程师,呼和浩特-新城区,1-1.2万·13薪,青岛瑞晟元人力资源有限公司,人力资源服务,20人以下,不需要融资,CCL1431271280J40778342407,岗位职责： 1. 负责软件的功能测试。 2. 执行测试用例，报告缺陷并跟踪缺陷的修复。 3. 与开发团队协作，确保软件质量满足需求。 4. 参与软件测试流程的优化和改进。 岗位要求： 1. 熟悉软件测试理论、方法和流程。 2. 具备功能测试经验。 3. 了解运维工程师、网络工程师的工作内容，能进行基本的IT质量管理。 4. 有信息技术、标准化、电子或电路工程相关背景者优先。 薪资待遇：包住、六险一金、工龄工资、生日礼金、定期体检、带薪年假、绩效奖、项目奖、年终奖.,2025年07月30日,,"https://www.zhaopin.com/jobdetail/CCL1431271280J40778342407.htm?refcode=4019&srccode=401901&preactionid=a7c1140f-c46c-45e5-b867-ab342d8bdc77"
1482,Java,北京-海淀区,1.7-3万·14薪,外企德科数字技术有限公司,专业技术服务,10000人以上,,CCL1480117890J40789936305,岗位职责： 1、负责应用软件开发和维护工作。 2、负责软件模块需求分析、系核心模块代码编写和单元测试，完成概要设计文档、详细设计文档。 3、积极主动的与项目相关人员沟通交流，持续改善产品体验。 任职要求： 业务技能要求： 1、熟练掌握常用数据结构。 2、熟悉计算机组成原理、操作系统、网络等。 岗位要求： 1、 精通JAVA/Python/C/C ++/GO开发，精通多线程、 IO 、网络编程等； 2、统招本科学历； 3、 沟通能力强，善于与产品、测试合作，共同打造给用户良好体验的产品,2025-07-27 00:25:45,外企德科数字技术有限公司是一家2023年新成立的中外合资企业。成立于2023年11月24日，公司定位：专注于为信息技术企业提供人才及数字技术外包解决方案的中外合资企业。它是由中国人力资源服务行业的FESCO（北京国际人力资本集团）与全球人力资源服务领导者The Adecco Group（德科集团）合资成立的。公司主要提供网络技术服务、软件外包服务、计算机系统服务、技术进出口、软件开发等信息技术相关服务。专注于为信息技术企业提供信息技术类人才及数字技术外包解决方案。,"https://www.zhaopin.com/jobdetail/CCL1480117890J40789936305.htm?refcode=4019&srccode=401901&preactionid=a7c1140f-c46c-45e5-b867-ab342d8bdc77"
1483,实施工程师,唐山-丰南区,4000-6000元,河北华通线缆集团股份有限公司,橡胶和塑料制品,1000-9999人,已上市,CC406650020J40759044110,岗位职责：1.协助业务经理向海外客户、代理商介绍产品时给予技术支持。 2.协助业务经理帮助海外客户进行产品选型的技术支持。 3.协助业务经理对海外客户、代理商等进行技术支持。 4.协助业务经理与技术、研发等相关部门进行密切沟通协作的技术支持。 5.协助业务经理收集行业技术信息和动态。 任职要求：1、要求理工科背景。 2、熟练使用3D软件，良好的英文表达能力。 3、思路清晰，有良好的工作习惯，抗压能力强。 4、对技术有强烈兴趣和高敏锐度，具备出色的沟通和表达能力。 6.可适应出差。,6月20日,河北华通线缆集团（股票简称：华通线缆，股票代码：605196）创建于一九九三年。厂区占地面积22万多平方米，进口国产生产设备420多台套，检验、检测设备250多台套，年生产能力40亿元。公司现有员工1600多人，各类专业技术人员200多人。建厂以来，经全体员工长期不懈地努力，企业取得了长足的发展，现已成为以科技为先导、以科学管理为基础的现代化民营企业，系国内线缆行业综合性大中型企业之一。“仁达牌”电线电缆被认定为“河北省名牌”，“仁达牌”商标被认定为“河北省著名商标”，华通集团被评为“中国矿用橡套电缆十强企业”、“中国电线电缆出口创汇十强企业”“、中国电线电缆行业最具发展潜力20强企业”、“中国电线电缆行业用户满意企业”、“中国电线电缆行业科技创新20强企业”、“电线电缆综合实力200强企业”、“河北省高新技术企业”、“河北省质量信得过企业”、“河北省诚信企业”、“河北省创新型企业”、“守合同重信用企业”等荣誉称号。企业全面贯彻ISO9001质量管理体系、ISO14001环境管理体系和GB/T28001-2001职业健康安全管理体系，实现了与国际先进管理水平的接轨。公司主导产品有：35kV及以下交联聚乙烯绝缘电力电缆、聚氯乙烯绝缘电力电缆、矿用电缆、通用橡套软电缆、潜油泵电缆、机车车辆电缆、船用电缆、核电站电缆、预制分支电缆、架空电缆、控制电缆、特种电缆、电机绕组引接软线、铝绞线及钢芯铝绞线等15大系列上万多种规格。产品广泛应用于电力、煤炭、冶金、石油化工、铁路、国防、建筑、航天、交通等行业及国家重点工程。产品畅销全国各地，并出口到美国、荷兰、意大利、俄罗斯、英国、澳大利亚、新西兰、埃塞俄比亚、加纳、刚果、中东、东南亚等国家和地区。公司全体员工坚持“质量重于生命，责任重于泰山”为企业精神，“质量优良、价格合理、交货及时、服务周到”为华通形象，热忱欢迎新老客户惠顾。,"https://www.zhaopin.com/jobdetail/CC406650020J40759044110.htm?refcode=4019&srccode=401901&preactionid=a7c1140f-c46c-45e5-b867-ab342d8bdc77"
1484,技术支持工程师,武汉-江夏区,8000-12000元·13薪,武汉象印科技有限责任公司,仪器仪表制造,20-99人,A轮,CCL1444943250J40835440215,任职资格: （国外市场1名） 1、硬性要求：具备无人机航测经验和激光雷达数据处理能力，熟悉大疆等测图软件； 2、本科学历，测绘工程、遥感、摄影测量等专业; 3、英语六级，口语流畅； 4、参加公司培训考试并取得资格认证为佳; 5、良好的沟通协作协调能力，适应较大压力的工作，较强的动手能力以及学习能力。 工作职责: 1、负责三维激光雷达现场安装技术培训解决现场问题，参与进行现场产品测试，并收集问题进行反馈; 2、熟悉三维激光雷达行业的技术和产品动向，了解同类产品及其竞争对手的情况特点; 3、跟踪售后，并对售后返回的产品组织维修。 薪资构成：固定底薪12-18K + 出差补助 + 年终奖+饭补200/月+全勤50/月 工作时间：8:30-12:00，13:30-18:00，周末双休,6月26日,"新锐激光雷达品牌:武汉象印科技有限责任公司位于武汉藏龙岛,成立于2022年,是一家以国产全自研三维激光雷达为核心的数字技术解决方案提供商。为特种行业、公共安全、建筑BIM、智慧电网、工业智能、地形测绘、智慧城市等领域提供快速三维空间数字化解决方案。全新的象印,专为冲击更高的目标而成立。拥有全国产知识产权,坚持国际化市场发展战略。拥有数十位国内外超十年以上硕博士等研发骨干、专注于三维激光技术的研产销全栈式团队,并基于底层设计全国产器件级深度柔性定制,打破“黑匣子”限制,成功解决卡脖子进口替代。已打破国外头部品牌垄断,成功开辟国内外市场。您在象印,可以享受多层次的薪酬福利待遇,参与多元化培训进修,积累了丰富的人才成长路径,每年均有晋升和调薪机会。我们期待精英的你,加入象印,会拥有最闪耀的光辉!薪资福利与职业发展【薪酬结构】合同薪资+绩效奖金+项目奖金+全勤奖+工龄奖金+年终奖【六险一金】六险一金一检【工作时间】双休,国家节假日,08:30-12:00,13:30-18:00【发展通道】多专业发展平台,技术研发产品管理多通道成长【人才培养】阶梯式人才培养,一对一定制化导师制","https://www.zhaopin.com/jobdetail/CCL1444943250J40835440215.htm?refcode=4019&srccode=401901&preactionid=a7c1140f-c46c-45e5-b867-ab342d8bdc77"
1485,实施工程师,广州-黄埔区,150-200元/天,中望软件,"计算机软件,IT服务,互联网",1000-9999人,已上市,CC151294010J40727785214,【岗位职责】 1、负责出差对接客户现场的测试工作 2、协助完成客户现场图纸的绘制工作 3、跟踪问题缺陷，包括问题缺陷确认、跟踪及验证等相关工作 4、协助完成部门其他相关工作（电脑安装、软件安装等） 【岗位要求】 1、专科及以上学历，机械类等相关专业优先，非机械类会使用Creo优先 2、良好沟通表达及逻辑思维能力，较强学习能力及责任心 3、实习时长至少3个月，每周到岗4-5天，能接受出差、能长期实习者优先,7月21日,公司介绍公司简介广州中望龙腾软件股份有限公司是领先的All-in-One CAx（CAD/CAE/CAM）解决方案提供商、国内A股第一家研发设计类工业软件上市企业（股票代码：688083），专注于工业设计软件超过20年，建立了以“自主二维CAD、三维CAD/CAM、电磁/结构等多学科仿真”为主的核心技术与产品矩阵。目前，中望软件设有广州、武汉、上海、北京、西安、美国佛罗里达六大研发中心，延揽全球优秀人才致力于CAx核心技术研发。发展规模自1998成立至今，1000+员工。以广州为总部，在北京、上海、武汉、西安、重庆、南京、青岛、成都、美国佛罗里达以及越南河内等地设立了分支机构/办事处。技术、服务与产品技术六大研发中心（广州、上海、北京、武汉、西安、佛罗里达），超25年经验的世界级研发团队，自主研发的二维CAD平台技术，三维几何建模内核及混合建模技术，以及EIT算法、网格剖分、前后处理等核心技术。服务致力于为用户提供核心二、三维基础设计、行业专属设计、个性化定制及更多CAx拓展应用的整体解决方案。依托先进的CAD/CAM/CAE技术，中望软件为普教、职教和本科院校提供全方位的教育解决方案。产品中望已形成了以CAD、CAE、CAM为核心的CAx产品技术矩阵，同时积极拓展API接口，并进行广泛的技术合作，持续拓展产品的能力边界，以满足不同行业复杂应用需求。产品涵盖中望二维CAD、中望三维CAD、中望仿真分析、中望教育系列产品以及应用生态系列产品。业务布局国内扎根国内市场，持续提升国产工业软件的使用体验。现有客户涵盖中船集团、中交集团、中国移动、中车株洲所、京东方、格力、海尔、国家电网等知名企业。海外自2004年开始首开中国工业软件海外出口先河，目前拥有15种语言版本的软件产品，畅销全球90多个国家和地区，全球合作伙伴超过260家，正版授权用户数突破90万，逐步实现了业务国际化—研发国际化—服务国际化的战略升级。教育依托先进的CAx技术，中望软件自2008年开始持续投入教育事业，助力国产工业设计软件应用、研发人才的培养，赋能创新教育发展。如今，中望软件已经为3000多所院校的众多专业提供人才培养解决方案，并服务K12学校/机构超70000所。欢迎您到公司官网（了解更多相关信息，真诚期待您的加盟，官网：www.zwsoft.cn),"https://www.zhaopin.com/jobdetail/CC151294010J40727785214.htm?refcode=4019&srccode=401901&preactionid=a7c1140f-c46c-45e5-b867-ab342d8bdc77"
1486,Java,南京-雨花台区,1.2-2.4万,外企德科数字技术有限公司,专业技术服务,10000人以上,,CCL1480117890J40793890605,职位描述,2025-07-27 00:26:00,外企德科数字技术有限公司是一家2023年新成立的中外合资企业。成立于2023年11月24日，公司定位：专注于为信息技术企业提供人才及数字技术外包解决方案的中外合资企业。它是由中国人力资源服务行业的FESCO（北京国际人力资本集团）与全球人力资源服务领导者The Adecco Group（德科集团）合资成立的。公司主要提供网络技术服务、软件外包服务、计算机系统服务、技术进出口、软件开发等信息技术相关服务。专注于为信息技术企业提供信息技术类人才及数字技术外包解决方案。,"https://www.zhaopin.com/jobdetail/CCL1480117890J40793890605.htm?refcode=4019&srccode=401901&preactionid=a7c1140f-c46c-45e5-b867-ab342d8bdc77"
1487,技术支持工程师,秦皇岛-卢龙县,5000-9000元,中珀(北京)新材料科技有限公司,"新材料,化工,新材料,化学原料/化学制品",100-299人,A轮,CCL1446730050J40763933910,1、参与公司产品的现场调试、喷涂及技术支持工作，协助客户完成系统部署。 2、协助解决客户在使用产品或服务过程中遇到的技术问题。 3、学习并掌握公司产品或技术的核心知识，能够独立完成基础技术支持任务。 4、‌收集客户意见反馈‌，并跟踪反馈进展 5、协助编写技术文档，如操作手册、维护手册等。 6、参与团队内部的技术培训和交流，提升个人技术水平。 7、协助销售团队完成技术方案的制定和客户技术答疑。 8、参与技术培训，提升团队整体技术水平。 9、完成上级交办的其他技术相关任务。 任职要求：,7月7日,中珀新材业务范围:中珀新材专注于高性能涂装防护新材料的研发、生产和应用。主要产品有：界面超组装多孔碳复合材料、高分子碳纳米复合材料（迭代/改性聚脲）系列、纳米硅海洋防污涂料（长效海洋防污）系列、水性自交联氟硅新材料系列、高性能防护复合材料（环氧/聚氨酯）系列。产品主要功能应用：工业设备配件、乘用/商用车辆、军工特行、道路航空交通、新能源基础结构、水利电力能源、大型基础建设等的抗渗、抗冲击、耐腐蚀、耐磨损、耐候（耐老化）、耐高温、阻燃、隔音、防爆防弹等性能，为各行各业提供多功能防护涂装新材料的整体解决方案。现有员工100人，办公科研及厂房面积20000㎡，包含产品研发、产品设计、产品生产（聚合、制浆、制备、品控）产品销售、技术服务等全制程能力。总部地址：北京东三环南路佳龙大厦8层研发中心：北京经济技术开发区九城科创园华北生产基地：河北秦皇岛绿色化工园区华中生产基地：湖南省长沙市经济开发区,"https://www.zhaopin.com/jobdetail/CCL1446730050J40763933910.htm?refcode=4019&srccode=401901&preactionid=a7c1140f-c46c-45e5-b867-ab342d8bdc77"
1488,测试工程师,福州-鼓楼区,1-1.2万·13薪,青岛瑞晟元人力资源有限公司,人力资源服务,20人以下,不需要融资,CCL1431271280J40777397307,,2025年07月28日,,"https://www.zhaopin.com/jobdetail/CCL1431271280J40777397307.htm?refcode=4019&srccode=401901&preactionid=a7c1140f-c46c-45e5-b867-ab342d8bdc77"
1489,C/C++,福州-马尾区,6000-10000元,福州盛博电子有限公司,"电子/半导体/集成电路,电子/半导体/集成电路",20-99人,未融资,CC285083910J40684173711,岗位内容： 1. 设计、开发和维护高质量的C++应用程序； 2. 根据项目计划，在保质保量的前提下，按时完成开发任务； 3.负责相关产品的功能模块设计，负责相关产品的功能模块设计； 4.负责软件系统的性能优化和调试；  5. 参与项目需求分析和技术选型。  任职要求：  1. 熟悉C++编程语言，具备扎实的编程基础；  2. 具有良好的算法和数据结构基础；  3. 熟练使用常见的开发工具，如QT；  4. 具备较强的沟通协调能力和团队合作精神；  5. 有扎实的计算机科学/软件工程背景。,7月25日,福州盛博电子有限公司（CHINASIMBA）我们的业务历史与现实盛博电子公司成立于2004年为香港昂立电子研究机构属下企业，CHINASIMBA自成立以来已为全球30多个跨国企业提供产品研发设计服务和产品制造生产业务。公司在工业脉冲雷达、多普勒雷达、FMCW调频波雷达、120GHz太赫兹、 3D雷达物位扫描仪、300GHz太赫兹位移传感器、计量级磁致伸缩液位计等工业传感器/物联网测量技术领域，在研发/技术/产品上不断推陈出新。盛博电子公司是工业雷达领域在测量技术行业的耕耘者、开发者和发布者。2017年盛博电子将120GHz太赫兹雷达技术应用到工业自动化物位测量领域，在德国汉诺崴发布全球第一台120GHz雷达测量产品在全球范围内产品大量推广销售。2018年盛博电子与昂立电子研究机构合作为德国公司研发设计用于高速列车雷达测速技术，这项技术也为国内动车系统提供核心技术和模组的技术生产许可。2019年盛博电子开始将300GHz太赫兹技术应用于血液检查，医疗和烟草行业。盛博电子至今已为国内外工业物位传感器行业提供源于盛博电子自主开发、设计、制造的雷达核心模组和相关生产技术许可，在工业物位行业占有60%的产品技术市场，研发项目服务客户除国内企业客户外，海外企业客户遍布英国、德国、丹麦、美国、印度、台湾、日本、土耳其、韩国、俄罗斯、意大利、南非、巴西等国家。盛博电子有限公司拥有一只丰富经验熟悉国际研发流程规范，长期从事 OEM/ODM设计开发生产服务的专业团队，公司有外籍员工、海归人员和海外应用开发合作伙伴企业共同帮助盛博电子的企业客户，在工业雷达及相关行业领域的产品应用持续保持竞争优势。福州盛博电子有限公司诚挚邀请，国内外具有共同愿望和追求价值的研发/技术/工艺/生产人士、科学/运营/财经/管理人才加入盛博团队；推动不断创新行动，致力于推动工业雷达传感器技术的应用发展。欢迎加入CHINASIMBA！我们的团队，成为我们的一员！这是我们的荣幸和骄傲！公司福利：五险一金、周末双休、高温补贴带薪年假、节日福利、生日福利法定假日、年终奖金、绩效业绩奖外籍员工回国度假、工作签证2024届校招投递链接：https://mp.weixin.qq.com/s/SEyLBiB0xjeLpUenM4GWiw社招投递链接：https://mp.weixin.qq.com/s/bfYPKQyyInVNdHMLFh5f9Q,"https://www.zhaopin.com/jobdetail/CC285083910J40684173711.htm?refcode=4019&srccode=401901&preactionid=a7c1140f-c46c-45e5-b867-ab342d8bdc77"
1490,Java,深圳-龙岗区,1.5-3万·14薪,陕西慧云联达企业管理咨询有限公司,人力资源服务,20-99人,不需要融资,CCL1445845820J40773176705,岗位内容： 1. 负责Java应用程序的设计与开发，包括需求分析、系统设计、编码和测试等环节。 2. 研究新技术，不断提升开发效率和程序性能。 3. 改进现有系统、优化系统资源，提高系统稳定性和可靠性。 4. 参与团队内部培训、交流与分享会议，促进整个团队技术水平的提升。 任职要求： 1. 熟悉Java语言，熟练掌握Spring框架及相关开源技术。 2. 具备扎实的计算机基础，熟悉数据结构、算法和网络编程等知识点。 3. 具备初步的Web开发经验，熟悉HTML、CSS、JavaScript等前端技术。 4. 具有较强的自学能力、问题解决能力和团队协作能力。,5月7日,陕西慧云联达企业管理咨询有限公司成立于2022年9月，是一家集高端猎头服务与专业代理记账报税业务于一体的综合性企业服务提供商。自成立以来，我们秉承“智聚英才，财通未来”的企业理念，致力于为国内外企业客户提供精准高效的人力资源解决方案及一站式财务管理服务，助力企业稳健成长，共创辉煌。,"https://www.zhaopin.com/jobdetail/CCL1445845820J40773176705.htm?refcode=4019&srccode=401901&preactionid=a7c1140f-c46c-45e5-b867-ab342d8bdc77"
1491,测试工程师,无锡-江阴市,7000-11000元·14薪,盛合晶微半导体(江阴)有限公司,电子/半导体/集成电路,1000-9999人,,CC235688430J40776369008,"任职要求： 1.本科以上学历，电子，电路等相关专业，应届硕士亦可； 2..具备较强的团队协作能力和独立工作能力，良好的执行力和人际沟通技巧。   岗位职责：  1.收集客户新产品信息，按时保质完成新产品导入，确保产品顺利量产及出货；  2.验证探针卡性能，按时完成新针卡/机台验收；  3.确保测试程序及数据正确无误，撰写并提交产品相关IT request及系统优化，以保证系统功能开发满足预期效果;  4.协调CP内部各个部门，对线上生产过程中出现的问题或良率异常进行及时处理，出具完整的数据分析报告；  5.每天协助完成lot dispose, 处理有问题的lot，按照客户要求提供相关良率报告，抓取相关分析数据；  6.撰写培训材料，完成部门间交互培训并进行新测试平台学习；  7.按时按质完成产品周报，月报；每周及每月整理产品的测试KPI, 完成内部及客户的报表、报告。",5月7日,盛合晶微半导体有限公司于2014年8月注册成立，是以集成电路前段芯片制造体系和标准，采用独立专业代工模式服务全球客户的中段硅片制造企业。以先进的12英寸凸块和再布线加工起步，公司致力于提供优质的中段硅片制造和测试服务，并进一步发展先进的三维系统集成芯片业务。公司总部位于中国江阴高新技术产业开发区，在上海和美国硅谷设有分支机构，服务于国内外先进的芯片设计企业。地址：江阴市国家高新技术产业开发区东盛西路9号,"https://www.zhaopin.com/jobdetail/CC235688430J40776369008.htm?refcode=4019&srccode=401901&preactionid=a7c1140f-c46c-45e5-b867-ab342d8bdc77"
1492,科研人员,成都-郫都区,5000-8000元,成都芯金邦科技有限公司,"电子/半导体/集成电路,电子/半导体/集成电路",20-99人,A轮,CCL1446389350J40773410605,岗位职责：  1、研究新技术如何应用在产品;   2、协助撰写技术文档、准备专利申请资料;   3、处理研发项目DV&PV测试规范和报告书;   4、处理研发立项报告书、测试报告等;   5、负责部门文件的整理、归档、管理；   6、领导交办的其余工作事项；     岗位要求：,5月8日,金邦（GEIL)拥有接近30年的内存产品研发生产全球品牌运营销售，存储芯片和存储产品测试设备研发制造经历，在两岸三地均设有内存产品研发生产销售基地。旗下GeIl品牌内存产品沿革数量超过300个，行销全球几十个国家。公司同时也是企业级，工业级DRAM，FLASH产品和综合应用解决方案以及工业4.0自动化方案专业提供商。金邦（GEIL)自主研发的多款芯片测试设备与技术均达到世界先进水平且填补国内空白。2002年金邦推出自有存储品牌GeIL；2004年起连续15年受邀参加国际知名电子展；2022年6月，为配合国家东数西算的国策与四川省“中国存储谷”强链补链战略，与成都高新区签定投资协议，在成都建设金邦存储全球总部基地。2022年12月成都高投电子信息产业集团，天府芯云数字经济发展基金签订增资协议成为金邦的战略股东。,"https://www.zhaopin.com/jobdetail/CCL1446389350J40773410605.htm?refcode=4019&srccode=401901&preactionid=a7c1140f-c46c-45e5-b867-ab342d8bdc77"
1493,硬件测试,苏州-昆山市,7000-10000元,昆山开发区合禄电子服务部,电子商务,20人以下,,CCL1477235630J40566756503,1， 工作内容：1，电子产品/小家电的故障检测，；2，客户电话联系沟通；  2， 人员要求：1，有电脑硬件故障检测，配件更换，系统调试工作经验即可。有售后维修经验，工厂资讯经验都可以；2，熟悉电脑主板，能独立组装电脑。 3， 薪资待遇：试用期5000，试用期一个月，转正后计件7000-9000，高的10000多，提供住宿，月休四天，早上9点--晚上8点，长白班，完成当天工作即可。 4，工作地址：江苏省昆山市千灯启发制造产业园A-4库三楼 5， 面试要求：提供姓名，电话。周一到周日上午下午都可以面试。需求，2个人,7月18日,,"https://www.zhaopin.com/jobdetail/CCL1477235630J40566756503.htm?refcode=4019&srccode=401901&preactionid=a7c1140f-c46c-45e5-b867-ab342d8bdc77"
1494,技术支持工程师,合肥-蜀山区,1.5-3万,京士威流体控制(中国)有限公司,"通用设备制造,仪器仪表制造",20-99人,未融资,CCL1384941960J40686211013,岗位职责： 1、客户需求分析：对客户项目的需求进行深入的分析和评估，理解客户的具体需求，并为客户推荐对应的产品或解决方案，提供专业的技术咨询服务‌。  2、产品技术支持：把控阀门产品工艺路线设计、货源情况，提供产品选型方案，并给予包括不限于咨询解答、产品培训、澄清产品工况与使用要求、现场技术指导、故障分析和排除的阀门技术支持。  3、客户培训与支持：为目标客户提供专业的产品和技术培训，以及协助客户解决技术问题‌。  4、统筹售前技术支持和招投标管理：负责统筹AE技术团队管理和售前技术招投标工作。  5、协助研发解决问题：对产品在应用或设计过程中遇到的问题进行分析、分类和排查，向研发部门提供相关的测试数据、现场日志和分析意见，协助解决问题‌。  6、技术文档管理：编写、维护、更新和发布与产品和客户相关的技术文档，并确保文档的准确性和完整性‌。,1月8日,CANADA KINGSWAY FLOW CONTROL CO.，LTD是合资公司，是一家专业从事各类流体控制阀门设计、研发、生产和销售、服务为一体的公司，旗下“HOED”品牌主要产品有蝶阀、球阀、Globe调节阀、气动和电动执行机构等并先后通过1S09001、1S014001、1S04501、SIL3、CE、API607/6FA、TA-LUFT、ABS、EAC C0C、D0C、GOST等多项认证，我们的产品广泛应用于石油、化工、冶金、电力、市政、医药、食品、环保、暖通、电子等多个领域。,"https://www.zhaopin.com/jobdetail/CCL1384941960J40686211013.htm?refcode=4019&srccode=401901&preactionid=a7c1140f-c46c-45e5-b867-ab342d8bdc77"
1495,C/C++,西安-雁塔区,1.5-3万,中国飞机强度研究所,"船舶/航空/航天/火车制造,学术/科研",1000-9999人,,CC130683160J40645511011,工作职责： 1）参与产品的需求分析与软件设计、开发； 2）负责大型CAE软件中渲染模块的架构设计和功能、接口开发； 3）解决软件可视化系统的关键技术问题； 4）现有可视化软件的代码优化与重构； 任职资格： 1）精通C++开发语言，熟悉常用的软件设计模式； 2）熟悉QT框架，熟悉Visual Studio 开发环境，具有良好的编码习惯及面向对象的编程思想； 3）熟练掌握OpenGL、VTK等渲染引擎，有三维模型渲染及数据可视化相关开发经验者优先； 4）了解CAE仿真分析，熟练掌握一种或多种CAE软件（如Abaqus、Ansys、 NASTRAN、Tecplot、HyperWorks等）的后处理流程。,10月16日,中国飞机强度研究所,"https://www.zhaopin.com/jobdetail/CC130683160J40645511011.htm?refcode=4019&srccode=401901&preactionid=a7c1140f-c46c-45e5-b867-ab342d8bdc77"
1496,Java,青岛-城阳区,5000-10000元,青岛国测海遥信息技术有限公司,"专业技术服务,专业技术服务",20-99人,未融资,CC818268680J40456821912,⼯作内容： 1. 根据开发进度和任务分配，完成相应模块软件的设计、开发、测试及⽂档编写任务； 2. 对项⽬进⾏⼆次开发和技术⽀持； 3. 负责开发过程中相关文档的编写； 4. 负责与前端工程师一起研讨技术实现方案，制定服务接口等； 5. 根据需求文档，快速理解业务，完成系统概要设计、数据库设计和详细设计。 任职要求 1. 3年及以上后端开发经验 2. 熟悉JAVA开发语言，熟悉Spring Boot 2.x或Spring Boot 3.x。 3. 熟练使⽤MySQL，Postgres任⼀数据库，了解Redis数据库。 4. 会使⽤Linux系统，熟悉Docker和Docker Compose的编写使⽤，熟悉Git的操作使⽤。 5. 有较好的沟通能⼒、理解能⼒、创新能力，较强的学习能力。有较好的团队意识，主动工作意识。 6.同时掌握web前端开发技能优先。 7.对Spring Cloud、K8s、docker swarm有⼀定了解优先。 职位福利：五险一金、带薪年假、定期体检、员工旅游、节日福利、周末双休、公司氛围感好、团队年轻化,2月21日,青岛国测海遥信息技术有限公司是一家以国家测绘地理信息局卫星中心、中国科学院地理所、遥感所、武汉大学等国内一流研究机构和高校为技术依托的高新技术企业。公司拥有完全自主知识产权、高性能、满足大规模遥感数据集中处理的空间大数据管理与服务系统。构架流程化的处理方案，满足海量遥感数据的集中处理需求。提供商业遥感卫星数据和低空遥感数据在内的多类型遥感影像数据产品与服务。主要提供基于GIS的行业解决方案、遥感数据服务，及地理信息的培训和技术咨询。,"https://www.zhaopin.com/jobdetail/CC818268680J40456821912.htm?refcode=4019&srccode=401901&preactionid=a7c1140f-c46c-45e5-b867-ab342d8bdc77"
1497,科研人员,天津-北辰区,8000-13000元·14薪,天津工程机械研究院有限公司,"电气机械/电力设备,学术/科研,仪器仪表制造,电子/半导体/集成电路",100-299人,未融资,CC293877610J40796139505,岗位职责： 1、负责行业技术和市场趋势调研，各类项目的申报组织策划； 2、参与工程机械、液压装备、机电一体化产品等产品研发； 3、外部技术合作联络，实施科技成果转化。 岗位要求： 1、2024届、2025届应届毕业生硕士及以上学历，机械、控制类专业背景； 2、英语6级以上； 3、参加过省部级以上科技项目； 4、具有较好的语言表达和文字撰写能力 5、有驾驶执照。,7月25日,天津工程机械研究院天津工程机械研究院（原天津工程机械研究所）成立于1961年，是原国家机械工业部直属的一类综合性研究所，是全国工程机械行业技术归口单位。1993年被国家科委评为全国科研院所综合科技实力和运行绩效300强之一。1999年作为全国首批242个院所之一，改制为科技型企业，2001年经批准更名为天津工程机械研究院。先后完成600余项国家重点课题，承担的科技攻关项目多次荣获国家科技进步奖项，荣获专利百余项，为我国工程机械行业的技术进步做出了突出贡献。我院总资产9.9亿元，在岗职工207人，其中研究员级高工10人，高级技术职称21人。主要研发的产品有：平地机、摊铺机、压路机、铣刨机、装载机、液力变矩器、变速箱、叉车、卷扬机、齿轮产品、焊接装备、试验台架和非标产品。我院拥有企业博士后工作站，是国家科技部工程机械行业生产力促进中心的技术依托单位和“863”技术产业化基地，也是中国工程机械工业协会挖掘机械分会、铲土运输机械分会、工程机械配套件分会和学术工作委员会的挂靠单位；设有机械工业工程机械及液压件产品质量监督检测中心（天津）、全国土方机械标准化技术委员会；同时，工程机械行业国际技术交流与培训中心、工程机械信息中心、中国工程机械总网、《工程机械》、《工程机械文摘》杂志社（行业权威科技期刊、全国公开出版发行）也在天工院，天工院在行业有着非常高的认知度。我院曾荣获全国精神文明先进单位，院党委多次被评为市级先进党委，研究院也多次被评为市级精神文明建设先进单位和优秀企业及立功标兵，还有15人次被评为全国劳动模范、市级劳动模范和立功标兵。“永争第一”是我院的企业精神，“以人为本、量才录用”是我院的用人理念，天工院将会为你提供有竞争性的薪酬福利待遇和丰富的进修培训机会，让你在紧张和谐的工作氛围中实现事业的稳步起航！,"https://www.zhaopin.com/jobdetail/CC293877610J40796139505.htm?refcode=4019&srccode=401901&preactionid=a7c1140f-c46c-45e5-b867-ab342d8bdc77"
1498,Java,武汉-江岸区,1.5-1.7万·13薪,武汉市张永凯科技有限公司,零售/批发,20人以下,,CCL1502665180J40759560709,岗位内容： 1. 设计、开发并维护Java应用程序。 2. 解决各种技术难题，保证代码的可靠性、高效性和安全性。 3. 参与软件设计的讨论和计划制定。 4. 与其他团队成员协作工作，提高团队整体技术水平。 任职要求： 1. 熟悉Java语言及相关技术，熟悉Spring框架。 2. 具有扎实的编程基础和良好的面向对象编程思想。 3. 对常见数据库如MySQL、Oracle等有一定的了解和应用经验。 4. 对Web开发技术有深入理解，熟悉前端技术如HTML、CSS、JavaScript等。,7月23日,,"https://www.zhaopin.com/jobdetail/CCL1502665180J40759560709.htm?refcode=4019&srccode=401901&preactionid=a7c1140f-c46c-45e5-b867-ab342d8bdc77"
1499,前端开发,唐山-路北区,4000-7000元,唐山渤海冶金设备有限责任公司,"电气机械/电力设备,钢铁/有色金属冶炼及加工",100-299人,未融资,CC180847020J40827381515,1. 精通HTML、CSS和JavaScript，并熟悉至少一种主要的前端框架（如React或Angular）,6月30日,渤冶集团（简称BYM），于2003年成立。现已由一家专业化的钢铁设计院发展成为集应用基础研究和应用技术研发、整体解决方案、高端咨询、工程设计、工程总承包、全过程工程咨询、核心装备制造与成套、运营服务等于一体的国际化大型工程技术服务集团。渤冶集团专业门类齐全、国际化程度高、综合实力较强，拥有自主的设计资质，已获得154项国家专利。公司总部位于凤凰之城-——河北唐山。渤冶集团下设子公司：唐山渤海冶金智能装备有限公司、唐山渤海冶金设备有限责任公司、唐山渤冶工业技术有限公司、麦格瑞（北京）智能科技有限公司、沈阳麦格瑞科技有限公司、励德（天津）国际贸易有限公司。公司致力于中国智能装备技术的研发和创新，开拓全球市场，营销网络遍布全国各地大中型钢铁企业，成为东南亚、中亚等国外冶金智能装备主要生产基地和出口基地之一。渤冶集团拥有一批专业从事科研、设计、制造、安装、调试及售后服务的员工队伍：在工程设计和技术研发上，公司拥有国家级、部级冶金高级工程师的专家团队和专业精湛、勇于创新的中青年专业技术人员和项目人员；渤冶集团拥有员工580人，其中专家团队20人、科技研发团队40人、工程设计团队124人，国际外贸团队40人、智能装备制造团队356人（工程师26人、技工285人、现场调试人员45人。）渤冶集团是中国民营企业钢铁工程建设的开拓者和引领者，是中国冶金建设运营服务的领跑者。公司为国民经济的快速发展和中国钢铁工程技术走向世界做出了重要贡献，成为代表中国钢铁技术角逐世界舞台的重要力量。公司拥有行业领先的核心工艺技术产品、绿色环保技术产品、核心装备能力、智能制造能力和系统集成能力。在钢铁行业结构调整、转型升级和“走出去”的新形势下，渤冶集团发挥以高端智能装备为引领的系统化整体解决方案优势，重点关注结构调整、产业升级、绿色制造、智能装备、新工艺、新流程、新材料、新制造方法，以独占鳌头的核心技术引领中国冶金向更高水平发展。近年来，公司承担了代表国内先进水平，越南和发钢铁公司一、二、三期联合钢铁企业总承包项目，越南宣光钢铁公司炼钢、连铸、连轧重大项目的总体设计和工程建设。渤冶集团在智能化、自动化，信息化三化融合等领域具有较强的研发实力和丰富的工程经验，进入智能化时代，渤冶集团以智能化大数据为战略方向，加快促进智能化大数据深度融入治金行业，为产业和经济发展创造新的价值，持续创新，引领未来。渤冶集团率先通过ISO9001国际质量体系认证和CCC产品认证。2014年9月获得中国河北省“高新技术企业”殊荣，2015年先后荣获“2014年度最具创新力企业”“中国当代最佳民营企业”“中国冶金设备十佳名优品牌”等殊荣，2015年10月被认定为“唐山市企业技术中心”。2016年3月获得“钢铁行业诚信供应商”殊荣，2018年5月获得“钢铁行业优秀供应商”殊荣。2018年11月获得“最具创新力企业”等荣誉称号。面向未来，渤冶集团坚持践行“用科技创造价值，以诚信服务客户”的核心价值观，正按照“全国领先的钢铁工程技术服务商，整体解决方案专家，客户首选的全生命周期工程技术服务集团”的战略定位，不断提高自身的竞争力，为实现智能装备的高效化、智能化、绿色化而创造更大价值。渤冶集团热忱欢迎有识之士加盟！,"https://www.zhaopin.com/jobdetail/CC180847020J40827381515.htm?refcode=4019&srccode=401901&preactionid=a7c1140f-c46c-45e5-b867-ab342d8bdc77"
1500,C/C++,深圳-龙岗区,1.5-3万·14薪,外企德科数字技术有限公司,专业技术服务,10000人以上,,CCL1480117890J40628170205,"职位描述 1. 信息系统/计算机/通讯等相关专业优先，无经验能力优秀者可放宽； 2. 热爱编程，熟悉掌握C/C++/Java/Python/JS/Web/安卓开发等编程语言中的一种或多种编程语言，扎实的编程功底； 3.熟悉struts、Spring、Hibernate、MyBatis应用框架； 4.能够快速学习新的编程语言，有良好的编程习惯和技术文档编写习惯 5. 具备良好的独立工作能力和解决问题能力，善于沟通，乐于合作，热衷新技术； （1） 须学信网可查，24届考公、考研等未就业者也可参与面试 （2）导师制培训机制，新人入职后至少半年以上会有导师一对一辅导开展工作和学习 （3） 部门：ICT(公开，光，计算，无线，数存等 ) ， 云计算，2012(中硬，中软，中媒)，消费者BG, BPIT, 上海海思,Carbu等 （4）主要地点：（东莞、深圳、杭州、 西安，长沙、上海，武汉，成都、南京、北京）十大研究所 （5） 全程流程随时跟进可查, 一个部门不满意可转推不同部门 公司福利： 1. 底薪+绩效+项目奖金+年终奖； 2. 全额缴纳社保及五险一金； 3.一年数次考评，薪资可上浮； 4.带薪年假5-15天，双休； 5.免费夜宵，城际班车，舒适的办公环境。",2025-07-27 00:23:23,外企德科数字技术有限公司是一家2023年新成立的中外合资企业。成立于2023年11月24日，公司定位：专注于为信息技术企业提供人才及数字技术外包解决方案的中外合资企业。它是由中国人力资源服务行业的FESCO（北京国际人力资本集团）与全球人力资源服务领导者The Adecco Group（德科集团）合资成立的。公司主要提供网络技术服务、软件外包服务、计算机系统服务、技术进出口、软件开发等信息技术相关服务。专注于为信息技术企业提供信息技术类人才及数字技术外包解决方案。,"https://www.zhaopin.com/jobdetail/CCL1480117890J40628170205.htm?refcode=4019&srccode=401901&preactionid=a7c1140f-c46c-45e5-b867-ab342d8bdc77"
1501,Java,深圳-龙岗区,1.4-2.8万,外企德科数字技术有限公司,专业技术服务,10000人以上,,CCL1480117890J40707567805,岗位职责： 1、负责应用软件开发和维护工作。 2、负责软件模块需求分析、系核心模块代码编写和单元测试，完成概要设计文档、详细设计文档。 3、积极主动的与项目相关人员沟通交流，持续改善产品体验。 业务技能要求： 1、熟练掌握常用数据结构。 2、熟悉计算机组成原理、操作系统、网络等。 岗位要求： 1.本科以上学历，双证学信网可查（不要求专业）  2.热爱编程，基础扎实，熟悉掌握但不限于Java、C/C++、GO、Python、JS等1种或多种主流编程语言 ，精通多线程、IO、网络编程等； 3、精通客户端与服务器通信协议，精通 XML 、 JSON 数据交换格式，精通 STL、Curl、 DuiLib 等常用的开源库； 4.熟悉底层软件、应用软件，具备操作系统、嵌入式软件开发相关的知识； 5.具有良好的沟通能力，有良好的团队合作精神。对技术有激情，喜欢钻研，能快速接受和掌握新技术，有较强的独立、主动的学习能力。 工作地点：  西安、成都、深圳、北京、苏州、东莞、杭州、南京、上海、武汉等地的研究所  福利待遇：  1.薪资=基本薪资+绩效+年终奖  2.五险一金底薪全额缴纳  3.根据绩效考核，享有年终奖、项目奖金及调薪机会 4.有班车，工作日20：30后有免费夜宵，技术论坛分享 ，不定时下午茶水果 PS：全流程线上面试，对经验没有强制要求，对接多个部门的需求。技术OK的小伙伴都可以试试,2025-07-27 00:23:26,外企德科数字技术有限公司是一家2023年新成立的中外合资企业。成立于2023年11月24日，公司定位：专注于为信息技术企业提供人才及数字技术外包解决方案的中外合资企业。它是由中国人力资源服务行业的FESCO（北京国际人力资本集团）与全球人力资源服务领导者The Adecco Group（德科集团）合资成立的。公司主要提供网络技术服务、软件外包服务、计算机系统服务、技术进出口、软件开发等信息技术相关服务。专注于为信息技术企业提供信息技术类人才及数字技术外包解决方案。,"https://www.zhaopin.com/jobdetail/CCL1480117890J40707567805.htm?refcode=4019&srccode=401901&preactionid=a7c1140f-c46c-45e5-b867-ab342d8bdc77"
1502,技术支持工程师,北京-海淀区,6000-10000元,北京中水科水电科技开发有限公司,"IT服务,电力/水利/热力/燃气",100-299人,未融资,CC135022020J40288094814,岗位职责：负责水电及新能源项目计算机监控系统技术支持和项目管理工作。  任职条件：,7月9日,北京中水科水电科技开发有限公司招聘启事北京中水科水电科技开发有限公司系中国水利水电科学研究院与中国长江三峡集团公司共同出资兴办的高新技术企业。公司的定位是中国长江三峡集团公司的研发中心，中国水利水电科学研究院的水电技术研发与产业化基地。公司的长远发展目标是成为中国水电和可再生能源的技术研发中心和知名高科技企业。公司的主要业务包括水利水电工程计算机监控技术与系统工程、水情测报与水调自动化系统工程、水力机电技术与设备、机组运行保障技术、水力机械试验研究等。目前公司总人数为290余人，其中85%为本科以上学历，硕士及博士占员工总人数的40%以上。根据工作需要，中水科技公司拟招聘以下工作岗位。请有意参加应聘者将个人简历发送至bitczp@iwhr.com。公司网址：www.bitc.net.cn公司地址：北京市海淀区玉渊潭南路3号D座北京中水科水电科技开发有限公司,"https://www.zhaopin.com/jobdetail/CC135022020J40288094814.htm?refcode=4019&srccode=401901&preactionid=a7c1140f-c46c-45e5-b867-ab342d8bdc77"
1503,前端开发,北京-海淀区,面议,华为技术有限公司,运营商/增值服务,10000人以上,,CC000542940J40767666814,工作职责： 1.负责华为云前端架构、UI组件库的设计和开发，以提升华为云用户体验、研发效率为目标，结合业界前端领域的技术发展持续构建前端技术竞争力； 2.负责Web基础能力建设和端到端的DevOps交付流，提供Web开发工具集，包括脚手架、项目构建脚本、框架配置能力等； 3.负责Nodejs框架的服务端开发与运维，提升前端研发效能。 职位要求： 1.熟练掌握HTML5 / CSS / JavaScript 等Web开发技能； 2.熟练掌握目前主流的前端开发框架至少一种：如React、Vue、Angular等，熟悉组件化开发，有NodeJS开发经验者优先； 3.对Web性能和安全有较深的见解和相关处理方案； 4.熟悉使用一门后台语言，Java尤佳，对前后端联合开发技术原理全面认识； 5.具有很强的学习能力和技术敏感度，有强烈的责任心和进取心，乐于学习和技术分享。 地域：深圳/西安/杭州/成都/南京/北京  薪资待遇： 15K – 30K 16薪  福利：绩效奖金、带薪年假、宵夜、班车、假日福利（端午中秋）,7月26日,我们是华为，诞生于1987年。在成长的过程中，我们脚踏实地、奋勇向前。我们一直专注于ICT领域，为运营商、企业客户和消费者提供有竞争力的ICT解决方案、产品和服务。30年来我们不断积攒实力，如今已拥有来自全球170多个国家和地区的客户，全球三分之一的人口因华为受益。我们为员工提供：▲“华为大学”、“iLearning”、“导师制”等健全的培训制度；▲“专家管理双通道模式”的晋升途径；▲全球化的工作机会及视野。我们始终坚持“以客户为中心，以奋斗者为本”；只要你踏实肯干，华为就是你施展人生抱负的舞台。加入华为，与技术大牛共事，与行业精英一同成长；加入我们，你可以自带主角光环！联接，就像空气和水，慢慢融入生活的每个角落。我们期待与你一起共同探索全联接世界，共同领跑未来！我们是华为，诞生于1987年。在成长的过程中，我们脚踏实地、奋勇向前。我们一直专注于ICT领域，为运营商、企业客户和消费者提供有竞争力的ICT解决方案、产品和服务。30年来我们不断积攒实力，如今已拥有来自全球170多个国家和地区的客户，全球三分之一的人口因华为受益。我们为员工提供：▲“华为大学”、“iLearning”、“导师制”等健全的培训制度；▲“专家管理双通道模式”的晋升途径；▲全球化的工作机会及视野。我们始终坚持“以客户为中心，以奋斗者为本”；只要你踏实肯干，华为就是你施展人生抱负的舞台。加入华为，与技术大牛共事，与行业精英一同成长；加入我们，你可以自带主角光环！联接，就像空气和水，慢慢融入生活的每个角落。我们期待与你一起共同探索全联接世界，共同领跑未来！,"https://www.zhaopin.com/jobdetail/CC000542940J40767666814.htm?refcode=4019&srccode=401901&preactionid=a7c1140f-c46c-45e5-b867-ab342d8bdc77"
1504,技术支持工程师,防城港-港口区,8000-16000元,青岛安然物联网科技有限公司,"物联网,物联网",20-99人,未融资,CC559764920J40698617004,需要弱电技术、自动化、安防系统、工业互联网+危化安全生产、物联网人才，不要纯软件人才。  你能经常到全国各地出差吗？你能到工业生产现场生产现场做技术支持吗？     真正的奋斗者在安然会有让人值得为之奋斗的事业，会有充实、高效的成长，会有高人一等的收入。,7月25日,基于精准人员定位的工业安全生产信息化管理专家，安全生产信息化管理引领者！作为全国实时定位技术标准工作组成员和应急管理部“工业互联网+危化安全生产”人员定位系统技术支持机构，安然从2012年起致力于基于ZigBee Plus三维立体按需精准定位的“工业互联网+安全生产”的研究，获得了20多项安全智能管控系统发明专利和著作权，持续引领中国化工行业生产现场智慧安全！安然以“准、稳、狠”的ZigBee Plus三维立体按需精准人员定位统和“底数清、数据准、情况明、研判准、措施实”的安全生产信息化平台为核心，整合访客管理、出入口控制、人脸识别、视频监控、语音广播、重大危险源监控、可燃有毒气体监测等系统，对生产现场人、机、料、法、环五大要素进行实时、动态、智能管控和预警，规范人的安全行为，保障人的生命安全，有效防范风险、主动化解风险，实现智慧安全。安然“以用为本”，把安全生产信息化建设与公司管理体系“深度融合”，把安全生产信息化建设与日常工作“紧密结合”，对安全生产切实“有用、实用、好用”，避免建用“两张皮”，让安全管控更智能，让生产更高效才实用。迄今已服务中石化、中石油、延长石油、国能、兖矿、京能、索普、新安、奇美、昊源、潞安、旭阳、垦利、逸盛、海科、酒钢、金发等几百家石化、化工、选煤、钢铁、电厂企业。安然以客户为中心，以强者为本，抬头乐干，愿意与同道中人联合、链接，携手共建、共用、共享生产安全命运共同体，一起干，一起干，让优秀企业更安全，让优秀企业更高效！,"https://www.zhaopin.com/jobdetail/CC559764920J40698617004.htm?refcode=4019&srccode=401901&preactionid=a7c1140f-c46c-45e5-b867-ab342d8bdc77"
1505,软件测试,深圳-龙华区,5000-10000元,深圳市九州华科通讯有限公司,零售/批发,100-299人,未融资,CC505203580J40637213203,"手机软件测试工程师 薪资范围：5-8K 工作内容: 1、完成公司软件产品的相关测试工作(功能测试、性能测试、稳定性测试、自由测试、客户需求点覆盖测试等)，协助开发人员完成bug修正; 2、根据产品需求和设计文档，搭建测试环境，制定测试计划，并分析测试需求、设计测试流程及用例、测试脚本; 3、执行测试用例，提交测试报告，跟踪定位产品软件中的缺陷或问题，与开发团队进行有效沟通，推动解决测试中发现的问题; 4、整理总结测试中存在的问题&BUG，对测试结果进行总结与统计分析，并推动同平台项目问题的解决与后续复盘； 任职要求: 1、本科以上学历，有软件测试经验优先; 2、能够根据需求编写测试计划和测试用例，覆盖不同的测试场景。 3、熟悉使用问题跟踪工具，如禅道，用于报告、跟踪和解决缺陷。 4、具备良好的测试思维，责任心强，发散思维,善于总结归纳问题,能承受一定工作压力和工作强度。 专业推荐：计算机应用技术 （电子与信息大类） 电子信息工程技术 电子信息技术",7月9日,深圳市九州华科通讯有限公司是一家致力于研发、销售移动通讯终端技术与产品开发的高科技公司，公司拥有多项核心技术和专利，基于展讯平台上开发3G、4G海外智能机方案，是展讯重点支持的Licensee公司，现公司有90多人，研发60多人，研发比例达60%。,"https://www.zhaopin.com/jobdetail/CC505203580J40637213203.htm?refcode=4019&srccode=401901&preactionid=a7c1140f-c46c-45e5-b867-ab342d8bdc77"
1506,Java,石家庄-桥西区,1-1.3万,河北迪埃驰法森纳科技有限公司,新零售,20-99人,,CCL1502354170J40776298902,岗位内容： 1. 负责Java应用程序的设计与开发，包括需求分析、系统设计、编码和测试等环节。 2. 研究新技术，不断提升开发效率和程序性能。 3. 改进现有系统、优化系统资源，提高系统稳定性和可靠性。 4. 参与团队内部培训、交流与分享会议，促进整个团队技术水平的提升。 任职要求： 1. 熟悉Java语言，熟练掌握Spring框架及相关开源技术。 2. 具备扎实的计算机基础，熟悉数据结构、算法和网络编程等知识点。 3. 具备初步的Web开发经验，熟悉HTML、CSS、JavaScript等前端技术。 4. 具有较强的自学能力、问题解决能力和团队协作能力。,7月24日,,"https://www.zhaopin.com/jobdetail/CCL1502354170J40776298902.htm?refcode=4019&srccode=401901&preactionid=a7c1140f-c46c-45e5-b867-ab342d8bdc77"
1507,实施工程师,保定-定州市,150-200元/天,奥格科技股份有限公司,"IT服务,计算机软件,运营商/增值服务,通信/网络设备",500-999人,D轮及以上,CC134055190J40689143807,工作职责 1、熟练掌握公司产品，负责软软件项目的实施工作； 2、负责软件项目需求调研及需求整理，参与相关管理业务流程梳理; 3、协助项目管理人员，拟定建设方案、项目计划制定，执行项目具体实施工作; 4、负责项目现场调研、系统配置、客户培训、文档编写、协助完成验收，同时负责后期运维工作； 5、负责产品部署、安装调试、数据迁移、数据备份、升级等工作； 6、日常问题的分析和处理。   任职要求 1、计算机相关专业，26届毕业生；本科及以上学历; 2、基本掌握关系数据库，如Mysql、Oracle的增删改查SQL语句的编写: 3、良好的沟通表达能力，强烈的学习欲望! 4、良好逻辑思维能力和理解力，善于独立思考; 5、不接受短期实习或者暑期实习的同学； 6、提供住宿。,7月15日,奥格科技股份有限公司成立于2002年，是智慧城市领域的智慧基础设施管理服务商，聚焦智慧城市和数字政府领域下的智慧城建和智慧水务两个细分领域，以城市数字公共基础设施建设为背景、软件开发为核心，提供系统集成、勘测建库、运维等服务。奥格以“看得见的管理与决策”为愿景，秉承“诚信、敏捷、奋斗、发展”的价值观，突破传统，创造领先的产品、方案与优质工程，致力成为中国顶尖的智慧基础设施管理服务商。公司拥有广东省智慧水务（奥格）工程技术研究中心、广东省公共安全与灾害工程技术研究中心、广东省省级企业技术中心(CIM)、城市数字公共基础设施研究中心及江苏省流域地理空间智能工程研究中心共5大研究中心。公司以广州和北京双总部为基点，在上海、南京、合肥、长春、南昌、南宁、海口、西安、长沙、新疆、襄阳、南亚太等地设有分支机构。奥格科技是腾讯和元知科技的战略投资企业。公司拥有行业内具有竞争力的优厚待遇！奥格邀请您一同培育精益生产及敏捷开发的核心竞争力，继续以精益生产与敏捷开发相结合，共同创造领先行业的顶尖前程！为你启动宏大前途的通道！期盼最优秀的您加盟！邮箱：shzp@augurit.com,"https://www.zhaopin.com/jobdetail/CC134055190J40689143807.htm?refcode=4019&srccode=401901&preactionid=a7c1140f-c46c-45e5-b867-ab342d8bdc77"
1508,科研人员,重庆-渝北区,8000-13000元,重庆新国大研究院,学术/科研,20-99人,未融资,CCL1249771310J40721182511,Job Scope and Responsibility: 1.科研管理：主导科研项目从申报筹备至结题的全周期管理，根据行业发展动态和团队实际需求，制定贴合实际且具有前瞻性的科研计划。​ 2.参与科研工作：凭借自身的专业知识，参与到核心科研项目中，协助科研团队进行技术攻关。​ 3.科技成果转移转化：对团队的科研成果进行系统梳理与评估，挖掘具有市场转化潜力的成果，制定针对性的成果转化方案；积极拓展与企业、投资机构等的合作渠道，促进科研成果与市场需求的有效对接。 Requirements: 1.硕士及以上学历，工程类相关专业。​ 2.有科研工作、科研管理相关工作经验，熟悉科研项目管理的各个环节。​ 3.英语水平良好，具备出色的英文写作能力。,4月8日,2019年9月11日，重庆两江新区与新加坡国立大学（以下简称“新国大”）正式签署协议，共建新加坡国立大学重庆研究院（以下简称“重庆新国大研究院”）。重庆新国大研究院的性质为事业单位独立法人，举办单位是重庆两江新区。重庆新国大研究院将结合中新互联互通项目及两江新区十大战略性新兴产业定位及发展方向，围绕先进制造与材料、智能传感与人工智能、现代物流、金融与金融风险管理等重点科研发展领域，开设高端研发平台、高新产业孵化平台和教育培训中心。,"https://www.zhaopin.com/jobdetail/CCL1249771310J40721182511.htm?refcode=4019&srccode=401901&preactionid=a7c1140f-c46c-45e5-b867-ab342d8bdc77"
1509,硬件测试,东莞-None,8000-15000元,软通动力信息技术(集团)股份有限公司,"互联网,IT服务,计算机软件",10000人以上,D轮及以上,CC000544460J40281429916,1.具备硬件测试，开发经验优先，相关工作年限至少一年起步，如果学习能力较强的可以放宽要求，应届毕业生也可以，只要对自己在校期间做的项目设计原理思路讲的清晰流畅，最好是获得过设计大赛奖的；  2.优先从简历工作经验里挑选关键字：UT测试，SI/PI测试，I2C，SPI，UART，JTAG，PCIE，USB，GPIO等  3.一定要熟练操作示波器，负载仪，相噪仪，频率计,7月24日,软通动力信息技术（集团）股份有限公司（以下简称“软通动力”）是中国数字技术产品和服务创新领导企业，致力于成为一家具有全球影响力的科技企业，企业数字化转型可信赖合作伙伴。公司2005年成立于北京，多年来始终坚持科技创新，具有软硬全栈的智能技术产品和服务能力，提供软件与数字技术服务、计算产品与数字基础设施、数字能源与智算服务以及国际化服务。目前，公司在10余个重要行业服务超过1100家国内外客户，其中超过230家客户为世界500强或中国500强企业，员工近90000人。软通动力拥有软通咨询、软通金科、软通工业互联、机械革命、软通华方等业务子品牌，并在全球40余个城市布局业务，构建北美、日本、东南亚、中东四大国际交付中心，在北京城市副中心、江苏无锡建设两大智能制造基地。同时，公司前瞻布局智能制造、ICT软硬基础能力和生产力智能化产品，打造产业链闭环。软通动力设立30个能力中心，拥有1个国家级工程实验室，6个省市政府认定的工程、技术实验室及研发中心，1个博士后科研工作站，50+技术合作伙伴的生态合作体系，不断探索前沿技术的巨大商业应用潜力。公司旗下教育品牌软通教育，拥有一家全日制本科学院——郑州西亚斯学院数字技术产业学院；同时在全国合作院校600多所，设有70多个校企联合人才培养基地，通过校企合作、协同育人，为社会培养高素质应用型人才。软通动力先后获得“2023年中国IT服务市场排名TOP 1”、“2024年Q4 PC出货量国内市场份额排名TOP 2”、“2024年中国软件和信息技术服务竞争力百强企业”、“2023年中国信创企业100强”、“2024万得ESG评级（Wind ESG Rating）AA级及信息技术服务行业ESG综合得分排名第一”等荣誉及市场认可，并拥有全球软件工程领域最高级别CMMI V2.0成熟度5级评估认证、国家研发运营一体化（DevOps）三级能力成熟度模型认证、信息技术服务标准（ITSS）运维能力成熟度一级认证等专业资质，支撑公司更优质的服务体系。,"https://www.zhaopin.com/jobdetail/CC000544460J40281429916.htm?refcode=4019&srccode=401901&preactionid=a7c1140f-c46c-45e5-b867-ab342d8bdc77"
1510,软件测试,贵阳-云岩区,5000-7000元,贵阳立志万行科技有限公司,"计算机软件,新媒体,IT服务,计算机软件",20-99人,未融资,CCL1473666510J40752021402,岗位内容： 1. 设计并执行测试用例，记录测试结果并准备测试报告。 2. 协调开发人员、项目经理和测试团队成员，以确保遵守时间表和产品质量标准。 3. 不断改进测试流程和方法，以提高质量和效率。 4. 关注产品质量和客户需求，确保稳定、可靠和用户友好的软件交付。 任职要求： 1了解软件测试方法和流程。 2. 具备良好的团队合作精神和沟通能力。 4. 能够承受压力，可以高效工作。 5. 有问题解决的能力和主动学习的态度。,6月11日,贵阳立志万行科技有限公司，成立于2023年，位于贵州省贵阳市，是一家以从事软件和信息技术服务业为主的企业，公司以年轻化全体发展。,"https://www.zhaopin.com/jobdetail/CCL1473666510J40752021402.htm?refcode=4019&srccode=401901&preactionid=a7c1140f-c46c-45e5-b867-ab342d8bdc77"
1511,技术支持工程师,天津-None,8000-10000元,天津贝初文化传媒有限公司,"广播/影视,广播/影视",20-99人,未融资,CCL1232500970J40262747704,职位描述：  1.负责计算机设备，办公设备的安装、调试、维护；,2月20日,天津贝初文化传媒有限公司成立于2019年主营文艺创作、广播电视节目制作,"https://www.zhaopin.com/jobdetail/CCL1232500970J40262747704.htm?refcode=4019&srccode=401901&preactionid=a7c1140f-c46c-45e5-b867-ab342d8bdc77"
1512,技术支持工程师,恩施-咸丰县,9000-18000元,青岛安然物联网科技有限公司,"物联网,物联网",20-99人,未融资,CC559764920J40823805304,需要弱电技术、自动化、安防系统、工业互联网+危化安全生产、物联网人才，不要纯软件人才。  你能经常到全国各地出差吗？你能到工业生产现场生产现场做技术支持吗？   真正的奋斗者在安然会有让人值得为之奋斗的事业，会有充实、高效的成长，会有高人一等的收入。   你能做好售前技术支持、根据客户需求，高效制作方案吗？你能做好售中技术支持、指导他人正确安装、部署、调试系统向用户保质保量快速交付吗？你能做好售后维护，高效沟通和落实客户需求吗？   迄今已服务中石化、中石油、延长石油、国能、兖矿、京能、索普、新安、奇美、昊源、潞安、旭阳、垦利、逸盛、海科、酒钢、金发等几百家石化、化工、选煤、钢铁、电厂企业。    安然以客户为中心，以强者为本，抬头乐干，愿意与同道中人联合、链接，携手共建、共用、共享生产安全命运共同体，一起干，一起干，让优秀企业更安全，让优秀企业更高效！,7月3日,基于精准人员定位的工业安全生产信息化管理专家，安全生产信息化管理引领者！作为全国实时定位技术标准工作组成员和应急管理部“工业互联网+危化安全生产”人员定位系统技术支持机构，安然从2012年起致力于基于ZigBee Plus三维立体按需精准定位的“工业互联网+安全生产”的研究，获得了20多项安全智能管控系统发明专利和著作权，持续引领中国化工行业生产现场智慧安全！安然以“准、稳、狠”的ZigBee Plus三维立体按需精准人员定位统和“底数清、数据准、情况明、研判准、措施实”的安全生产信息化平台为核心，整合访客管理、出入口控制、人脸识别、视频监控、语音广播、重大危险源监控、可燃有毒气体监测等系统，对生产现场人、机、料、法、环五大要素进行实时、动态、智能管控和预警，规范人的安全行为，保障人的生命安全，有效防范风险、主动化解风险，实现智慧安全。安然“以用为本”，把安全生产信息化建设与公司管理体系“深度融合”，把安全生产信息化建设与日常工作“紧密结合”，对安全生产切实“有用、实用、好用”，避免建用“两张皮”，让安全管控更智能，让生产更高效才实用。迄今已服务中石化、中石油、延长石油、国能、兖矿、京能、索普、新安、奇美、昊源、潞安、旭阳、垦利、逸盛、海科、酒钢、金发等几百家石化、化工、选煤、钢铁、电厂企业。安然以客户为中心，以强者为本，抬头乐干，愿意与同道中人联合、链接，携手共建、共用、共享生产安全命运共同体，一起干，一起干，让优秀企业更安全，让优秀企业更高效！,"https://www.zhaopin.com/jobdetail/CC559764920J40823805304.htm?refcode=4019&srccode=401901&preactionid=a7c1140f-c46c-45e5-b867-ab342d8bdc77"
1513,硬件测试,苏州-吴中区,6000-8000元,上海耘瓴端网络科技有限公司,电子商务,300-499人,,CCL1346212520J40550344004,工作内容： 万用表，功率计，电烙铁都是基本的使用工具 基本的测试常识，主要是测试产品的性能、可靠性等测试方法均需要掌握，测试过程记录原始数据以及遇到的测试问题（通过拍照，文字描述等形式），并且将原始数据，测试问题，测试异常等反馈工程师 岗位要求： 大专学历，肯吃苦就行，有上进心就行,4月28日,经营范围包括一般项目：技术服务、技术开发、技术咨询、技术交流、技术转让、技术推广，互联网销售（除销售需要许可的商品），企业管理咨询，信息咨询服务（不含许可类信息咨询服务），物业管理，单位后勤管理服务，园林绿化工程施工，国内货物运输代理，装卸搬运，餐饮管理，办公用品销售，劳动保护用品销售，电子产品销售，机械设备销售，机械零件、零部件销售，日用百货销售，品牌管理，人力资源服务（不含职业中介活动、劳务派遣服务），专业设计服务，软件外包服务，广告设计、代理，广告发布（非广播电台、电视台、报刊出版单位），广告制作，物联网设备销售，物联网技术服务，仪器仪表销售，市场营销策划，商务代理代办服务。,"https://www.zhaopin.com/jobdetail/CCL1346212520J40550344004.htm?refcode=4019&srccode=401901&preactionid=a7c1140f-c46c-45e5-b867-ab342d8bdc77"
1514,技术支持工程师,汉中-汉台区,4000-5000元,西安佳信系统集成有限责任公司,"IT服务,互联网,运营商/增值服务,通信/网络设备",100-299人,未融资,CC120726930J40685605306,岗位职责:  1.建设技术方案支撑：进行客户需求跟踪与分析、技术交流、技术方案制定、预算及造价评估等事宜；   2.现场交流支撑：对客户单位进行现场交流；   3.现场客户需求分析：对客户提出的需求做深度分析，现场解答客户需求所对应的系统单元、系统逻辑、系统运行方式等，对特殊行业客户定制需求通过技术层面完成解答；   4.项目执行咨询：对项目执行定制标准建设规划方向，日常技术支撑及技术培训：日常技术支撑上以技术方案技术支撑、现场交流技术支撑和投标技术支撑开展具体工作；配合相关领域的技术交流和专业技术培训，提升对新业务的理解和认知。技术支撑及方案审核：包含拓展业务需求对接和方案技术支撑，对具体方案执行有效的审核程序，达到方案可靠、先进和安全。   5.有关视联产品的应用、接入、演示、讲解，以及视联平台的实际操作，基础故障处理，定制化操作和应用内容等。   6.其他建设项目技术支撑服务工作,6月27日,西安佳信系统集成有限责任公司成立于2000年，注册资金4200万元，是集智慧城市、电子智能化、IT信息数据及安全、大数据、互联网、物联网等工程设计实施为一体的综合性科技企业，业务领域涵盖架构咨询、产品交付、系统集成以及系统运维服务。经过二十年的锐意进取、创业创新，公司现已发展成为西安市具备一定规模和技术实力的现代化高新技术企业。公司先后获得了通信工程施工总承包贰级、电子与智能化工程专业承包贰级、涉密信息系统集成乙级、安防工程企业设计施工维护能力壹级、质量管理体系认证、环境管理体系认证、职业健康安全体系认证、CMMI3软件能力成熟度集成模型叁级、ITSS运行维护服务能力成熟度叁级、27001信息安全管理体系、软件企业认定等资质证书以及多项产品专利等，被评为AAA级信用等级单位、AAA级资信等级单位、AAA质量服务信誉单位、AAA级重合同守信用单位等。并在2021年被评为第五届中国安防百强工程集成商，在计算机系统集成、智能建筑、智慧城市、智慧警务、智慧园区、智慧教育、智慧医疗、数据中心、机房建设、系统运维等领域提供高水平业务服务。公司将继续致力于技术创新，助力全国信息化建设进程；致力成为通信、系统集成、弱电智能化、公共安全、军事应用等行业工程建设、维护、大数据分析的专业的解决方案供应商。,"https://www.zhaopin.com/jobdetail/CC120726930J40685605306.htm?refcode=4019&srccode=401901&preactionid=a7c1140f-c46c-45e5-b867-ab342d8bdc77"
1515,Java,深圳-龙岗区,5000-9000元·13薪,湖南麓高升科技有限公司,"人工智能,人工智能,物联网,智能硬件",20-99人,天使轮,CCL1502568280J40817702608,工作内容 1、负责完成深圳万得云指派的Java开发任务，确保代码质量。 2、参与所负责功能模块的测试，与测试团队合作确保模块稳定运行。 3、理解业务需求，进行系统功能设计及数据库架构设计。 任职要求 (不要实习生 没毕业勿扰)   1、熟练使用Java语言，具备Spring、SpringMVC、MyBatis等框架的应用经验。  2、熟悉常用数据库，具备扎实的SQL知识。  3、具备良好的责任心和沟通能力，能够高效协作并解决技术难题。    ,7月10日,湖南麓高升科技有限公司位于长沙市岳麓区，致力于为建筑行业提供智能化技术解决方案与专业咨询服务。公司聚焦智能建造领域，核心业务涵盖建筑信息模型（BIM）技术应用、工程项目数字化评审及全生命周期管理服务，助力客户提升工程管理效率与项目品质。团队汇聚建筑科技领域资深工程师与数字化专家，自主研发的智能建造管理系统已成功应用于多个基建项目，实现施工流程优化与成本精准管控。公司深度参与湖南省智能建造试点城市建设，与行业协会及科研机构建立技术合作，持续推动建筑产业数字化转型。企业坚持“技术赋能产业，创新驱动发展”的理念，构建扁平化管理架构与项目制协作模式，为员工提供技术攻关与成果转化的实践平台。目前公司正围绕绿色建造、智慧工地等方向加大研发投入，积极拓展市政工程与新型城镇化建设领域的数字化服务场景。,"https://www.zhaopin.com/jobdetail/CCL1502568280J40817702608.htm?refcode=4019&srccode=401901&preactionid=a7c1140f-c46c-45e5-b867-ab342d8bdc77"
1516,科研人员,北京-海淀区,1-2万,北京中测国宇科技有限公司,"电子/半导体/集成电路,通信/网络设备",20-99人,未融资,CC342860330J40759937612,1. 负责项目日常审批手续等工作； 2. 协助科研项目管理、文档整理工作； 3. 完成领导交办的其他工作。,4月8日,北京中测国宇科技有限公司是一家专业提供微波测量解决方案的企业，提供各种类型紧缩场产品，满足卫星天线、通信天线测试、车载雷达天线测试、目标散射特性测试等微波测量需求。公司拥有一支非常专业的微波测量专家团队，具有30多年的微波测量系统设计及研制经验，在国内外顶级刊物发表过多篇相关学术著作，获国家科技进步二等奖、国防科学技术一等奖、航空航天科技进步奖等多项科技奖项，可以为用户提供微波测试技术咨询，根据用户测试需求，提供定制解决方案。已经建成30多个各种型号的紧缩场测试系统，包括全球最大的静区尺寸16m紧缩场系统。公司与业内众多微波测量设备提供商具有良好的合作关系，可以为用户提供“一站式定制化”整体方案，针对不同测试需求，进行微波测量系统整体优化设计。,"https://www.zhaopin.com/jobdetail/CC342860330J40759937612.htm?refcode=4019&srccode=401901&preactionid=a7c1140f-c46c-45e5-b867-ab342d8bdc77"
1517,前端开发,郑州-新郑市,8000-13000元,河北华网计算机技术有限公司,"计算机软件,IT服务,互联网,运营商/增值服务",100-299人,未融资,CC513974720J40691711506,,2025年07月28日,河北华网计算机技术有限公司隶属于河北省通信建设有限公司，注册资金1000万元，公司以软件开发、系统集成、电信增值业务等为主要工作内容，通过了软件企业认证，可以为各行业客户提供优良的信息化产品及满意的技术支持和服务。公司2008年组建，目前有员工约60人，包括软件开发、软件测试、系统集成、市场开发、项目管理等多方面的专业技术人员，本科及以上学历专业人才占到全部人数的80%以上。公司承接了众多信息化系统项目的研发，与国内三大通信运营商、多家知名院校、企事业单位建立了良好的合作关系，在多个行业形成了大量成功案例，受到用户一致好评，在同行业中拥有极高的信誉和口碑，我们诚挚地期待在更广阔的领域与您的合作！公司实行五天工作制，入职员工享有五险、带薪休假，每年安排定期体检；公司薪酬包括工资、绩效、补助等，有全勤补助、加班补助、交通补助、通信补助等，另外还有项目奖、半年奖、年终奖等。公司期待专业人士的加盟，共创信息化发展事业的未来。公司网站：www.huawangsoft.com总公司网站：www.hebccc.com,"https://www.zhaopin.com/jobdetail/CC513974720J40691711506.htm?refcode=4019&srccode=401901&preactionid=a7c1140f-c46c-45e5-b867-ab342d8bdc77"
1518,实施工程师,三明-三元区,5000-10000元,北京宏天信业信息技术股份有限公司,"计算机软件,证券/期货,银行,互联网",100-299人,未融资,CC320762410J40766745610,任职要求： 1.熟悉unix/linux操作系统与计算机网络技术; 2.熟悉防火墙、路由器、交换机等网络设备; 3.至少掌握一种编程语言与数据库相关知识; 岗位职责： 1.负责工程项目的实施工作; 2.负责公司产品的安装、调试、维护工作; 3.工程实施项目文档的编写工作; 4.用户需求的挖掘、反馈工作。,7月18日,北京宏天信业信息技术股份有限公司是在北京市海淀区中关村科技园区注册的高新技术企业，公司拥有一批资深的金融行业咨询专家及经验丰富的金融软件开发团队，主要业务为向国内外各大银行与保险公司在国内的机构提供优质的软件产品与IT服务，是国内多家大型金融机构长期稳定的软件与服务供应商。目前在北京、上海、广州设有研发、运维中心，承接着国内外多家金融机构的众多大中型项目。公司现有稳定客户主要包括中国银行、中国建设银行、华夏银行、民生银行、中国华融资产管理公司、法国兴业银行、幸福人寿保险有限公司、恒安标准人寿保险有限公司、中美大都会人寿保险有限公司等多家大型金融机构。在不久的将来，宏天信业会有更多的商业伙伴感受到宏天诚信立业的企业宗旨和“让客户放心，更让客户省心”的核心价值观。宏天信业作为拥有金融领域大项目的创业型企业，诚招有识之士，希望大家一起携手共进，共同开创宏天更加美好的明天！,"https://www.zhaopin.com/jobdetail/CC320762410J40766745610.htm?refcode=4019&srccode=401901&preactionid=a7c1140f-c46c-45e5-b867-ab342d8bdc77"
1519,Java,济南-历下区,1-2万,浪潮集团,"IT服务,计算机软件,计算机硬件",10000人以上,,CC120143600J40820867815,1.任职资格：  （1）本科及以上学历   （2）熟练掌握主流框架（SpringBoot、SpringMVC、SpringData、SpringCloud）等；   （3）熟悉Html、CSS、Javascript等web开发技术，了解Vue等主流前端开发框架   （4）熟练掌握Oracle/MySQL/sqlserver数据库的使用；   （5）良好的沟通技能，团队合作能力，有较强的独立工作能力和解决问题的能力；   （6）具备较强的业务理解及业务抽象能力，能够快速从业务需求中找到技术设计的场景，并给出有效的解决方案。   （7）具备AI使用经验，可借助AI编码工具提升工作效率；   （8）具备电商行业开发经验优先。   2.工作内容：   （1）根据产品业务需求，对业务功能进行设计开发，产品迭代更新；   （2）根据需求参与或协同完成概要设计与详细设计，构建业务逻辑并进行开发；   （3）负责协同解决开发过程中的技术问题；   （4）负责相关开发文档编写工作。,6月4日,浪潮集团是中国领先的云计算、大数据服务商，拥有三家上市公司。主要业务涉及计算装备、软件、云计算服务、新一代通信、大数据及若干应用场景。作为中国最早的IT品牌之一，浪潮致力于成为世界一流的新一代信息技术龙头企业经济社会数字化转型的优秀服务商，新型基础设施建设的骨干企业。,"https://www.zhaopin.com/jobdetail/CC120143600J40820867815.htm?refcode=4019&srccode=401901&preactionid=a7c1140f-c46c-45e5-b867-ab342d8bdc77"
1520,软件测试,广州-海珠区,8000-11000元,石家庄鸣迅信息技术有限公司,企业服务,20-99人,,CCL1499764550J40901504504,岗位职责： 1.协助完成产品功能测试； 2.依据需求文档设计并编写测试用例； 3.搭建和维护测试环境； 4.执行测试用例，反馈跟踪产品bug； 5.编写测试报告。 任职要求： 1.大专及以上学历，计算机类相关专业，有良好的逻辑思维能力，有测试实习经验尤佳； 2.熟悉软件测试理论和方法，熟悉功能测试用例的设计方法； 3.对软件测试工作有浓厚兴趣，善于发现问题、分析问题、定位问题的能力； 4.具备较强的学习能力，工作细致认真，有耐心，责任心强； 5.抗压能力强，能适应短时间的调动出差等。,4月17日,,"https://www.zhaopin.com/jobdetail/CCL1499764550J40901504504.htm?refcode=4019&srccode=401901&preactionid=a7c1140f-c46c-45e5-b867-ab342d8bdc77"
1521,C/C++,武汉-江夏区,1.3-2.6万·15薪,外企德科数字技术有限公司,专业技术服务,10000人以上,,CCL1480117890J40650024605,1、承担系统模块级的软件代码编写，单元测试，静态检查，本地构建等工作； 1、熟练掌握汇编/C/C++、java、ptyhon等一种主流开发语言优先，对CPU、操作系统、Linux驱动有一定的了解，有AI、并行化、嵌入式软件开发经验者优先；,2025-07-27 00:23:23,外企德科数字技术有限公司是一家2023年新成立的中外合资企业。成立于2023年11月24日，公司定位：专注于为信息技术企业提供人才及数字技术外包解决方案的中外合资企业。它是由中国人力资源服务行业的FESCO（北京国际人力资本集团）与全球人力资源服务领导者The Adecco Group（德科集团）合资成立的。公司主要提供网络技术服务、软件外包服务、计算机系统服务、技术进出口、软件开发等信息技术相关服务。专注于为信息技术企业提供信息技术类人才及数字技术外包解决方案。,"https://www.zhaopin.com/jobdetail/CCL1480117890J40650024605.htm?refcode=4019&srccode=401901&preactionid=a7c1140f-c46c-45e5-b867-ab342d8bdc77"
1522,技术支持工程师,南京-浦口区,6000-8000元,南京港能环境科技有限公司,"环保,检测/认证,IT服务,仪器仪表制造",100-299人,未融资,CC245168510J40701263016,岗位职责： 1、负责水质监测仪器（电化学、滴定法等）技术调研、关键技术研究和核心测量子系统预研； 2、负责水质监测仪器方法开发、验证测试、问题分析； 3、负责指导开发样机的系统测试工作； 4、负责产品系统设计方案和项目技术风险管理； 5、参与产品的现场应用研究和产品持续改进； 6、 跟踪并改进水质分析系统或监测仪器在应用过程中的问题； 7、参与专利编写、标准制定和科研项目申报工作。 岗位要求： 1、本科及以上学历，仪器科学与技术、分析化学、应用化学相关专业相关专业； 2、较强的实验动手能力，能够根据任务需要设计实验方案、搭建实验装置、操作实验与问题分析总结； 3、能独立解决流路、测量子系统的相关问题，能够在指导下解决系统性问题； 4、具有良好的沟通协调和写作能力，适应多部门的协作； 5、科技文献数据库检索、阅读、分析，能阅读中英文科技论文，熟悉国内外技术网站； 6、有水质监测仪器，水质分析仪器的研究开发经验优先。,4月21日,南京港能环境科技有限公司（简称“港能公司”）创立于2008年，总部位于江苏南京，专注于自动监测仪器仪表创新研发和产业化创新应用的高新技术企业。十年以来始终坚持以客户为中心，基于客户需求与技术领先持续创新，并时刻聚焦客户的压力和挑战，为客户提供有竞争力的生态环境监测与防治解决方案。港能公司始终以“通过商业实践，推动生态文明进步”为使命，围绕自身的技术优势、本地化服务优势，通过技术、产品、业务及管理模式的不断创新，持续提升企业核心竞争力，依靠优质的产品品质与服务，获得了众多客户的青睐，实现了快速发展。在江苏、上海、安徽、河北、内蒙、陕西、甘肃、吉林、湖北、广东等地建立了长期的营销渠道客户关系，产品及解决方案已在全国70多个地区完成部署。,"https://www.zhaopin.com/jobdetail/CC245168510J40701263016.htm?refcode=4019&srccode=401901&preactionid=a7c1140f-c46c-45e5-b867-ab342d8bdc77"
1523,Java,武汉-洪山区,1.5-2.5万,百蓁生物技术(武汉)有限公司,"医疗检测,生物工程",20-99人,天使轮,CCL1294140420J40552443112,"工作职责：   1.负责生物科学软件的开发工作，包括系统设计，数据结构设计，程序逻辑和图形界面开发，版本迭代。熟悉算法设计；   2.负责系统功能模块设计、开发、优化； 职责要求： 1.本科及以上学历，计算机相关专业，精通 Java 开发； 2.JAVA基础扎实，精通io、多线程、集合、sockets等基础框架，理解jvm参数调优，熟悉JavaFx2等桌面开发技术优先；   3.扎实的计算机算法基础；   4.具备一定的学习能力，对新业务、新技术能够在短期内学以致用； 5.熟悉Maven的使用和管理，熟悉单元测试和持续整合；      加分项：    1. 985、211计算机相关专业及以上学历； 2.熟悉基于Akka Toolkit和Actor系统的软件开发逻辑和流程；   3.对深度学习有一定的了解；    4.有响应式编程和流编程的工作经验；    5.对于生物软件领域，尤其是蛋白质相关知识有所了解； 6.有系统架构设计经验，对高并发，大流量，大数据量的处理有自己的见解和实际工作经验；     BSI公司介绍：      Bioinformatics Solutions Inc.（BSI）在2000年成立于加拿大享有“硅谷”之称的安大略省滑铁卢市，是世界领先的生物信息软件和服务公司。BSI在质谱数据分析领域拥有多年的经验积累，为基因组学、蛋白质组学和生物技术行业提供了世界领先的算法和软件解决方案及质谱分析服务。旗下著名的PEAKS®系列软件在全世界范围内拥有数千家学术和工业界用户。      作为生物信息学的领军企业，BSI专注于蛋白质组学和生物药领域，通过机器学习和先进算法提供世界领先的质谱数据分析软件和蛋白质组学服务解决方案，以推进生物学研究和药物发现。我们通过基于AI的计算方案，为您提供对蛋白质组学、基因组学和医学的卓越洞见。旗下著名的PEAKS®️系列软件在全世界拥有数千家学术和工业用户，包括：PEAKS®️ Studio，PEAKS®️ Online，PEAKS®️ GlycanFinder, PEAKS®️ AB，DeepImmu®️免疫肽组发现服务和PEAKS®️ AB抗体综合表征服务等。  网址信息： www.bioinfor.com (EN)   www.deepproteomics.cn（CN）",2月13日,在生物医药行业蓬勃发展的今天，医药企业百舸争流，力争上游。2020年，加拿大皇家科学院院士李明院士团队基于质谱的抗体和新抗原从头测序技术落地中国，百蓁生物应运而生，蓁蓁绿叶，助力医药研发桃花盛开。（注：百蓁取名源自《诗经·周南·桃夭》中“桃之夭夭，其叶蓁蓁”，寓意草木茂盛，欣欣向荣）2021年12月，百蓁上海研发中心成立，进一步加大研发投入，助力精准医疗。百蓁生物（Baizhen Biotechnologies）是一家以AI驱动质谱技术，聚焦精准医疗的生物科技公司，是Bioinformatics Solutions Inc的中国分公司，致力于构建免疫组学中心，推进抗体和新抗原在肿瘤和自身免疫治疗中的应用。百蓁生物通过抗体和新抗原的发现，设计，结构预测与表征，以服务医药研发为宗旨，为免疫治疗科研机构和生物医药企业研发生产提供精准、高效的个性化质谱解决方案。公司分别在武汉、上海和加拿大建有先进的质谱实验室，拥有经验丰富的技术团队和先进的Orbitrap Eclipse、timsTOF pro2、ZenoTOF 7600等高分辨率质谱仪和全套的氢氘交换质谱系统，依托自主知识产权的PEAKS®数据分析系统，服务国内外超过4000多家客户单位。,"https://www.zhaopin.com/jobdetail/CCL1294140420J40552443112.htm?refcode=4019&srccode=401901&preactionid=a7c1140f-c46c-45e5-b867-ab342d8bdc77"
1524,前端开发,深圳-宝安区,5000-7000元·13薪,深圳市欣和信息技术有限公司,计算机软件,20-99人,,CCL1479631300J40865052315,岗位职责： 1、WEB网站前端HTML页面制作； 2、同后端程序工程师紧密合作，高效地完成开发工作； 3、分析、优化网站前端性能，为用户提供更好的体验。   任职资格： 1、本科及以上学历，计算机相关专业 2、喜欢计算机互联网行业，了解相关的办公软件，具有基本的网络知识； 3、踏实勤奋，有团队协作精神，具有互联网与时俱进学习的心态； 4、此岗位是往软件开发方面发展，有兴趣即可投递简历，提供初级类岗位。 5、出色的学习能力、理解能力和逻辑思维能力。 6、有强烈的责任心，良好的团队协作意识 上班时间：9:00-12:00 13:30-18:00 周末双休,7月26日,,"https://www.zhaopin.com/jobdetail/CCL1479631300J40865052315.htm?refcode=4019&srccode=401901&preactionid=a7c1140f-c46c-45e5-b867-ab342d8bdc77"
1525,软件测试,沈阳-浑南区,9000-12000元,四川金掌柜人力资源有限公司,人力资源服务,20-99人,,CCL1314363420J40763078811,,2025年07月29日,,"https://www.zhaopin.com/jobdetail/CCL1314363420J40763078811.htm?refcode=4019&srccode=401901&preactionid=a7c1140f-c46c-45e5-b867-ab342d8bdc77"
1526,C/C++,东莞-None,1.4-2.8万,外企德科数字技术有限公司,专业技术服务,10000人以上,,CCL1480117890J40780487805,岗位职责： 1、负责应用软件开发和维护工作。 2、负责软件模块需求分析、系核心模块代码编写和单元测试，完成概要设计文档、详细设计文档。 3、积极主动的与项目相关人员沟通交流，持续改善产品体验。 业务技能要求： 1、熟练掌握常用数据结构。 2、熟悉计算机组成原理、操作系统、网络等。 岗位要求： 1.本科以上学历，双证学信网可查（不要求专业）  2.热爱编程，基础扎实，熟悉掌握但不限于Java、C/C++、GO、Python、JS等1种或多种主流编程语言 ，精通多线程、IO、网络编程等； 3、精通客户端与服务器通信协议，精通 XML 、 JSON 数据交换格式，精通 STL、Curl、 DuiLib 等常用的开源库； 4.熟悉底层软件、应用软件，具备操作系统、嵌入式软件开发相关的知识； 5.具有良好的沟通能力，有良好的团队合作精神。对技术有激情，喜欢钻研，能快速接受和掌握新技术，有较强的独立、主动的学习能力。,2025-07-27 00:25:03,外企德科数字技术有限公司是一家2023年新成立的中外合资企业。成立于2023年11月24日，公司定位：专注于为信息技术企业提供人才及数字技术外包解决方案的中外合资企业。它是由中国人力资源服务行业的FESCO（北京国际人力资本集团）与全球人力资源服务领导者The Adecco Group（德科集团）合资成立的。公司主要提供网络技术服务、软件外包服务、计算机系统服务、技术进出口、软件开发等信息技术相关服务。专注于为信息技术企业提供信息技术类人才及数字技术外包解决方案。,"https://www.zhaopin.com/jobdetail/CCL1480117890J40780487805.htm?refcode=4019&srccode=401901&preactionid=a7c1140f-c46c-45e5-b867-ab342d8bdc77"
1527,Java,南京-雨花台区,1.5-3万·14薪,外企德科数字技术有限公司,专业技术服务,10000人以上,,CCL1480117890J40715270205,主要负责相关部门的相关工作（会python/java/c/c++任意一种语言即可，算法/大数据/前端/后端/运维等相关岗位均有）,2025-07-27 00:23:27,外企德科数字技术有限公司是一家2023年新成立的中外合资企业。成立于2023年11月24日，公司定位：专注于为信息技术企业提供人才及数字技术外包解决方案的中外合资企业。它是由中国人力资源服务行业的FESCO（北京国际人力资本集团）与全球人力资源服务领导者The Adecco Group（德科集团）合资成立的。公司主要提供网络技术服务、软件外包服务、计算机系统服务、技术进出口、软件开发等信息技术相关服务。专注于为信息技术企业提供信息技术类人才及数字技术外包解决方案。,"https://www.zhaopin.com/jobdetail/CCL1480117890J40715270205.htm?refcode=4019&srccode=401901&preactionid=a7c1140f-c46c-45e5-b867-ab342d8bdc77"
1528,Java,长沙-岳麓区,1.5-3万·14薪,外企德科数字技术有限公司,专业技术服务,10000人以上,,CCL1480117890J40608545605,职位描述 全额五险一金，试用期全新不打折 后端开发、前端开发、测试、大数据、运维等岗位 职责： 1、负责研发领域IT系统技术方案的设计、开发等工作; 2、负责项目开发过程中的技术攻关及解决运行中出现的技术问题; 3、负责产品核心模块的代码编写和LLT测试: 4、负责产品疑难问题的分析和定位。 岗位要求: 1、热爱编程，基础扎实，熟悉掌握但不限于JAVA/C++/Python/JS/HTML/GO等编程语言中的一种或数种，有良好的编程习惯; 2、具备独立工作能力和解决问题的能力、善于沟通，乐于合作，热衷新技术，善于总结分享，喜欢动手实践。 职位福利：五险一金、年底双薪、绩效奖金、年终分红、节日福利、带薪年假 职位亮点：资深导师提供业务带教等多方面的指导,2025-07-27 00:23:23,外企德科数字技术有限公司是一家2023年新成立的中外合资企业。成立于2023年11月24日，公司定位：专注于为信息技术企业提供人才及数字技术外包解决方案的中外合资企业。它是由中国人力资源服务行业的FESCO（北京国际人力资本集团）与全球人力资源服务领导者The Adecco Group（德科集团）合资成立的。公司主要提供网络技术服务、软件外包服务、计算机系统服务、技术进出口、软件开发等信息技术相关服务。专注于为信息技术企业提供信息技术类人才及数字技术外包解决方案。,"https://www.zhaopin.com/jobdetail/CCL1480117890J40608545605.htm?refcode=4019&srccode=401901&preactionid=a7c1140f-c46c-45e5-b867-ab342d8bdc77"
1529,测试工程师,合肥-蜀山区,8000-10000元,合肥埃科光电科技股份有限公司,"电子/半导体/集成电路,电子/半导体/集成电路,计算机硬件",300-499人,已上市,CC527987320J40461407203,岗位职责： 1. 负责自研镜头的光学测试和机器视觉系统的搭建； 2. 研究新的光学测试方法，设计和搭建光学测试平台； 3. 负责解决实验及生产中出现的光学问题，统计并及时反馈相关数据； 4. 负责生产指导、项目测试等相关技术文件的编写。 任职要求： 1. 本科学历，光学相关专业； 2. 经验不限，应届生亦可； 3. 掌握几何光学、物理光学的基本原理，有基本的机械制图和光学仿真软件经验，了解常见的光学检测设备及其工作原理； 4. 动手实践能力强，具备解决实际光学问题的能力及数据分析能力。,4月30日,合肥埃科光电科技股份有限公司成立于2011年，是专业研发、生产和销售高端工业成像部件的国家高新技术企业。总部位于中国合肥高新区，在深圳、苏州、北京、成都等地设有办事处，并与德国、日本、韩国、新加坡等国机器视觉企业建立了友好的合作伙伴关系。埃科光电始终专注科技创新，坚持高端产品定位，是机器视觉领域自主创新的高端国产品牌先锋企业。截至目前，埃科已经拥有工业线扫描相机、工业面扫描相机（含大幅面扫描相机、高速面扫描相机、中小幅面扫描相机）和图像采集卡等多款型号产品。凭借完善的产品系列、高速高分辨率特征、机卡一体化解决方案以及高效专业的现场应用支持等优势，埃科产品已被批量应用于PCB、新型显示、3C、锂电、光伏、半导体、包装印刷等行业。公司汇聚国内高级研发人才，坚持通过自有研发力量，专注服务于工业机器视觉应用领域客户，帮助机器视觉从业企业在瞬息万变的市场环境中提高核心竞争力，推动中国精密制造朝着智能化方向前进。公司成立至今，先后获得国家“专精特新”小巨人、国家知识产权优势企业等荣誉资质，获批设立国家级博士后科研工作站、精密视觉感知安徽省联合共建学科重点实验室、新一代人工智能视觉合肥市技术创新中心等创研平台支持，是国家重点支持发展的高新技术企业。,"https://www.zhaopin.com/jobdetail/CC527987320J40461407203.htm?refcode=4019&srccode=401901&preactionid=a7c1140f-c46c-45e5-b867-ab342d8bdc77"
1530,硬件测试,北京-朝阳区,1.5-3万,成都同行融创知识产权运营有限公司,电子商务,300-499人,,CCL1391495580J40778006507,职位详情 职责: 负责终端产品硬件测试用例设计和执行，完成下述工作 之-: 1，负责终端硬件包括电源充放电，电池测试、负责终端Camera、TP、LCD、Sensor等客观指标测试 2，负责终端温升等测试。 负责终端产品型号核准、CE认证、FCC认证测试等 任职资格(满足下述部分) 1.本科以上学历，通信工程、电子相关专业。 2.熟练测试仪表(部分):示波器、信号源、综测仪. 音频分析仪等，有仪表自动化开发经验者优先。 3.有手机音视频客观指标测试或开发经验优先。 4，有手机认证测试(型号核准、工信部进网3C认证、CE、FCC)经验者优先。 5.愿意从事硬件测试工作，有团队精神，并有较强的责 任心和执行力,2025年07月30日,星火源创致力于为客户提供解决方案为核心主业，持续加大科技投入，增强科技赋能的水平与成效，努力实现让顾客体验温暖，让员工持续成长的使命，实现个人价值，为行业发展和社会做出贡献，让更优质联络服务触手可及。,"https://www.zhaopin.com/jobdetail/CCL1391495580J40778006507.htm?refcode=4019&srccode=401901&preactionid=a7c1140f-c46c-45e5-b867-ab342d8bdc77"
1531,Java,南京-雨花台区,1.5-3万·14薪,外企德科数字技术有限公司,专业技术服务,10000人以上,,CCL1480117890J40794008505,岗位优势： 1、导师制培训机制，新人入职至少半年以上会有导师一对一辅导开展工作和学习。 2、部门：ICT（公开、光、计算、无线、数存等）、云、2012（中硬、中软、中媒）、消费者BG、BPIT、上海海思、Carbu（智能汽车）、数字能源等 3、主要地点： 十大研究所（北京、上海、东莞、深圳、杭州、南京、苏州、武汉、西安、成都） 三大办事处（广州、长沙、济南） 基本要求： 1、熟悉掌握C/C++/python/JAVA/go/JS等语言开发； 2、熟悉一种以上脚本语言，shell、python等； 3、掌握常用的数据结构、数据算法； 4、良好的表达能力，钻研精神、注重团队协作。 公司福利： 1、入职缴纳五险一金+商业险，全额缴纳社保公积金，试用期薪资全额发放不打折。 2、上下班班车接送 3、良好的团队氛围、首屈一指的技术大拿带教，成长性max 4、过节福利优厚，包括但不限于（过节费、节日礼盒、年终奖、福利活动、部门定期团建等）,2025-07-27 00:26:01,外企德科数字技术有限公司是一家2023年新成立的中外合资企业。成立于2023年11月24日，公司定位：专注于为信息技术企业提供人才及数字技术外包解决方案的中外合资企业。它是由中国人力资源服务行业的FESCO（北京国际人力资本集团）与全球人力资源服务领导者The Adecco Group（德科集团）合资成立的。公司主要提供网络技术服务、软件外包服务、计算机系统服务、技术进出口、软件开发等信息技术相关服务。专注于为信息技术企业提供信息技术类人才及数字技术外包解决方案。,"https://www.zhaopin.com/jobdetail/CCL1480117890J40794008505.htm?refcode=4019&srccode=401901&preactionid=a7c1140f-c46c-45e5-b867-ab342d8bdc77"
1532,测试工程师,北京-海淀区,1.5-1.6万,北京百米互联科技有限公司,"计算机软件,IT服务",100-299人,未融资,CC404298980J40770795110,岗位职责： 1. 负责AI应用产品的功能测试、性能测试、稳定性测试，确保产品质量符合标准。 2. 参与制定测试计划，编写测试用例，并进行测试报告的记录和反馈。 3. 协助开发团队定位问题，提出改进意见，保证产品的持续优化。 4. 根据市场和客户反馈进行测试需求分析，以满足不同客户的测试需求。 任职要求： 1. 具备扎实的软件测试理论知识，熟悉AI应用产品的特点和测试技巧。 2. 拥有良好的沟通能力和团队协作精神，能有效沟通测试需求和问题。 3. 具有强烈的责任心和积极主动的学习态度，愿意接受新挑战。 4. 有AI应用产品测试经验者优先。,2025年07月30日,1.公司介绍北京百米互联科技有限公司，是致力于提供卓越的咨询和科技服务的提供商。自2013年成立以来，在航空、地产、教育、医疗等领域为客户提供服务。公司注册资金1000万元，截至2017年底，共有员工100多名。北京百米互联科技有限公司以为客户提供卓越服务，成就客户为企业核心价值观。坚持以客户为中心，快速响应客户需求，持续为客户创造长期价值，为客户提供有效服务，成就客户，与客户共同成长。 2.主营业务外包服务既采用人员派遣服务的方式在客户现场进行短期或长期开发工作，同时也采用off-site等方式和客户进行各类合作。咨询服务为行业客户提供包括总体规划、技术支持、监理、培训、咨询等在内的一流的、全方位服务。代销分销依靠在行业的领先优势及完善的渠道，积极与国际著名厂商进行代理及分销的合作，从而实现优势互补，为客户提供全面成熟的总体解决方案。 3.服务优势雄厚的技术实力作为专业化的IT增值服务供应商，荟萃国内业界优秀人才，具有丰富的专业技术知识、行业解决经验和项目实施经验，组成一支实力雄厚的专业服务团队。我们的目标是成为电子商务时代最负责任的IT服务专家。严格的质量保证百米互联在技术维护服务中，严格遵照ISO9001：2000的质量管理体系标准，始终坚持“质量第一、客户至上”的原则，经多年的服务经验的总结，建立了一套完整、科学的质量控制体系和服务管理规范，保证每个项目都完全达到质量要求标准。科学的项目管理百米互联从过去承接的诸多大型维护项目中积累了大量丰富的项目管理经验，并不断汲取国外惯用的先进项目管理方法的优点，形成了特有的项目管理方式，在具体项目的实施中得到了用户的高度认可。合理的价格百米互联在服务上优质快速，而在价格上比较优惠与合理。这样无论在服务质量上或是经济承受能力上都为客户考虑，同时又可以建立长期的合作关系。增值的服务与长期的合作百米互联在与客户的合作之后，将技术传授给客户系统管理员，为客户提供实用的免费技术培训，提供未来发展动向及新的技术信息。同时在以后客户系统升级中，提供更加合理的价格。,"https://www.zhaopin.com/jobdetail/CC404298980J40770795110.htm?refcode=4019&srccode=401901&preactionid=a7c1140f-c46c-45e5-b867-ab342d8bdc77"
1533,硬件测试,成都-郫都区,7000-10000元,重庆科满福人力资源服务有限公司,企业服务,20-99人,,CCL1487604860J40930240204,【岗位职责】 ： 1、进行新产品研发阶段的测试工作 2、完成新产品的功能测试、可靠性测试、环境测 试、安全测试等技术工作 3、制定测试计划，设计测试用例，分析测试数 据，编制测试报告 4、为其他部门提供技术支持，与其他部门的产品 联合测试工作,7月10日,,"https://www.zhaopin.com/jobdetail/CCL1487604860J40930240204.htm?refcode=4019&srccode=401901&preactionid=a7c1140f-c46c-45e5-b867-ab342d8bdc77"
1534,实施工程师,呼和浩特-回民区,5000-8000元,精讯畅通,"通信/网络设备,云计算/大数据",300-499人,天使轮,CC332235930J40695708511,岗位职责：,6月12日,"一、精讯畅通立足于工业物联网领域，年轻活力富有战斗力，我们在创始的四年之内取得的成绩：（一）土壤检测类传感器全国前三；通用气象类传感器全国前三；扬尘检测类传感器全国前二；工业气体检测类传感器全国前十，…….作为传感器领域龙头企业，精讯畅通担负起引领并推动威海市物联网产业集群产业发展的重任，必将不辱使命！（二）创始人荣获：泰山产业领军人才称号，国家高新技术企业认证等专业认证及企业荣誉等数十项；（三）营业额增长率400%以上,团队规模从最初2人到目前300+人（以研发、技术、营销人才为主）。（四）扁平化管理，团队运转高效快捷，管理团队平均年龄：29.2周岁，我们拒绝“论资排辈”；（五）开放员工股权及期权激励：已有近10人成为员工股东；股权及期权激励计划预计开放比例占总人数30%以上。（六）二、公司主营业务介绍：我们致力于打造“专业的物联网传感器与解决方案提供商”与“打造有影响力的传感器供应商与全面的解决方案提供商”。公司秉承致力于“打造有影响力的传感器供应商与全面的解决方案提供商”的战略理念，解决传统的物联网检测类项目产品不统一、存在兼容性问题等痛点。我们力从物联网感知层到传输层到数据层三个层均提供一站式服务，打造闭环的物联网检测产品圈。精讯畅通团队前身是哈尔滨工业大学通信工程实验室的创客团队，传承C9级别高校哈工大的校训“规格严格功夫到家”和光荣的军工历史，力争让每一件产品都有着军工级别的品质。公司高度重视人才战略，坚持自主知识产权，获得了180余项的专利和著作权证书。作为一个年轻的团队，我们希望为市场带去更多的活力与不同，我们希望给市场带来的是影响力！ 2018年度、2019年度、2020年度的优秀员工调薪比例达29%,普通员工调薪比例达到12%我们为您提供：同行业极具竞争力的薪资标准+六险一金+绩效奖金+年终奖+总经理嘉奖+年节福利+人文关怀补贴+家庭带薪假（结婚生子、定期体检等）+免费住宿等….公司官网：http://www.jxctdzkj.com公众号：精讯畅通三、发放威海市人才吸引生活津贴 2018年1月1日后毕业或首次到我单位工作，依法缴纳社会保险满一年的全日制普通高校毕业生及高技能人才，按企业为其缴纳社会保险的时间给予最长3年的生活津贴：全日制博士研究生180000元、全日制硕士研究生72000-108000元、其他全日普通高校本科生36000元","https://www.zhaopin.com/jobdetail/CC332235930J40695708511.htm?refcode=4019&srccode=401901&preactionid=a7c1140f-c46c-45e5-b867-ab342d8bdc77"
1535,Java,武汉-洪山区,1.2-2.4万,外企德科数字技术有限公司,专业技术服务,10000人以上,,CCL1480117890J40794890605,岗位职责: 1.负责后端开发工作 2.使用Java、C/C++、Python等编程语言进行开发 3.参与系统设计，确保代码质量和系统稳定性 任职要求： 1.具备扎实的编程能力，熟练使用Java、C/C++、Python等语言 2.具有良好的团队合作精神，能够与团队成员有效沟通 3.具备较强的问题分析和解决能力，能够独立承担模块开发任务,2025-07-27 00:26:04,外企德科数字技术有限公司是一家2023年新成立的中外合资企业。成立于2023年11月24日，公司定位：专注于为信息技术企业提供人才及数字技术外包解决方案的中外合资企业。它是由中国人力资源服务行业的FESCO（北京国际人力资本集团）与全球人力资源服务领导者The Adecco Group（德科集团）合资成立的。公司主要提供网络技术服务、软件外包服务、计算机系统服务、技术进出口、软件开发等信息技术相关服务。专注于为信息技术企业提供信息技术类人才及数字技术外包解决方案。,"https://www.zhaopin.com/jobdetail/CCL1480117890J40794890605.htm?refcode=4019&srccode=401901&preactionid=a7c1140f-c46c-45e5-b867-ab342d8bdc77"
1536,C/C++,成都-青羊区,150-200元/天,南京星邺汇捷网络科技有限公司,"计算机软件,IT服务",300-499人,不需要融资,CC307490980J40751265102,岗位要求： 1. C语言基础： 1）熟练掌握指针、结构体、内存管理等核心概念 2）了解Makefile编写及GCC编译链使用 3）具备基础调试能力 2. Linux开发经验： 1）熟悉Linux常用命令及Shell脚本编写 2）有Linux环境下C程序开发经验（课程项目/实习/开源贡献均可） 3. 计算机基础： 1）掌握数据结构与基础算法 2）理解进程/线程概念及基础网络编程 3）了解多线程编程及进程间通信 4）熟悉TCP/IP协议 4.计算机及相关专业，统招本科学历，热爱编程和技术钻研。,6月10日,郑重声明：此账号为我司在智联平台用于招聘的唯一途径，无任何分公司、子公司、合作公司在此平台招聘。我司不会未经平台沟通私下电话、邮件、微信、QQ等通知求职者面试，请各位求职者提高警惕，谨防上当！星邺汇捷是一群行业资深干将为了同一个梦想，聚力而创的全新IT公司。公司成立于2015年7月1日，注册资金3000万元，总部坐落于江苏省南京市新城科技园。自公司成立之日起，迅速在南京、武汉、成都、重庆、北京等城市建立了多个研发中心和交付团队，产品覆盖了全国大部分省市。精进、敏捷、合作、共赢！星邺汇捷致力于大数据及应用、企业级GIS、企业级安全、物联网及网络应用等产品你的研发和行业解决方案提供，客户覆盖电信运营商、电力、公安、航空、税务等多个行业。走创新之路，做智慧的革新！星邺汇捷广泛吸纳行业精兵，响应实业兴国的号召，以最新的互联网技术和思维方式，打造最契合时代需要的应用平台，服务于民生大众和各行各业，努力使公司成长为全球优秀的互联网+应用和服务提供商。,"https://www.zhaopin.com/jobdetail/CC307490980J40751265102.htm?refcode=4019&srccode=401901&preactionid=a7c1140f-c46c-45e5-b867-ab342d8bdc77"
1537,软件测试,湘潭-岳塘区,1-1.2万·13薪,青岛瑞晟元人力资源有限公司,人力资源服务,20人以下,不需要融资,CCL1431271280J40777391607,,2025年07月28日,,"https://www.zhaopin.com/jobdetail/CCL1431271280J40777391607.htm?refcode=4019&srccode=401901&preactionid=a7c1140f-c46c-45e5-b867-ab342d8bdc77"
1538,软件测试,青岛-崂山区,6000-10000元·13薪,青岛镭测创芯科技有限公司,"仪器仪表制造,仪器仪表制造",100-299人,C轮,CC663860830J40873348304,1. 建立和维护软件产品的测试计划和策略。        2. 负责软件测试阶段的进度管理和问题跟踪。        3. 审查需求文档，识别并管理关键的测试风险。        4. 持续改进测试流程和工具，提高测试效率和质量，向其他团队成员提供培训和支持。        5. 能够进行软件测试用例、测试报告等的编写。        6. 接受其他工作安排，能接受短期出差。,5月27日,青岛镭测创芯科技有限公司成立于 2018年 3月，由中国海洋大学、中科院安光所专家团队共同发起，以环境立体监测激光雷达为突破口，聚焦智慧风电、环境气象立体监测、航空安全与效率提升、海洋国防核心需求，专注于环境气象、大气及海洋探测激光雷达的研发、制造和技术服务。公司自主开发激光雷达信号采集与处理的 IP核、光电混合微电子芯片及核心元器件、MOPA单频光纤激光器技术、核心反演算法，大幅度提高激光雷达信号处理能力与系统集成度，提供环境气象立体监测、智慧风电、航空安全与效率提升的新一代激光雷达系统解决方案，致力于成为国际一流的激光雷达技术研发及产业化平台。青岛镭测创芯科技有限公司现有研发及生产、测试基地 4000余平米，研发团队 50%人员具有硕士以上学历，打造了一支专业化及高水平的研发、生产和售后保障团队。,"https://www.zhaopin.com/jobdetail/CC663860830J40873348304.htm?refcode=4019&srccode=401901&preactionid=a7c1140f-c46c-45e5-b867-ab342d8bdc77"
1539,测试工程师,南京-江宁区,6000-7000元·13薪,南京来可电子科技有限公司,"电子/半导体/集成电路,电子/半导体/集成电路",20-99人,未融资,CC369585110J40729499401,岗位职责： 1.负责公司产品测试相关工作的计划制定、保证各项目的测试进度和质量； 2.负责公司产品功能和性能的测试，反馈给研发并跟踪优化进展； 3.执行公司产品可靠性测试，环境实验，电气性能实验，并输出测试报告； 4.负责产品故障的跟踪和解决，配合研发分析产品软硬件测试问题，对测试结果进行评估，出具测试报告 及生产指导类文档； 任职要求: 1.本科及以上学历； 2.工作严谨细致，有责任心；勤奋踏实，善于分析思考问题，独立性强，具有团队合作精神； 3.熟练使用电子测量仪器、仪表，包括示波器、万用表、信号源、频谱仪等； 4.热爱测试工作，能主动学习，有责任心。,4月28日,南京来可电子科技有限公司成立于2008年，一直为工业通讯联网领域提供领先的硬件，软件和服务。专注于现场总线CAN和CAN FD。我们能提供从嵌入式硬件、嵌入式软件到驱动、开发包和应用软件等产品和服务。公司产品在自动化、工控、消防、汽车电子、轨道交通、煤矿、医疗设备、工程机械、充电桩和特种车辆等领域有广泛和深入的应用。公司研发力量雄厚，研发团队专注于嵌入式硬件和软件、CAN总线通讯、以太网通讯、光纤通讯、无线通讯、驱动、开发包和应用软件的技术研究和产品开发近10年，具有深厚的技术积累和丰富的项目经验，提供高稳定可靠的软硬件产品，致力于为客户提供系统级解决方案。,"https://www.zhaopin.com/jobdetail/CC369585110J40729499401.htm?refcode=4019&srccode=401901&preactionid=a7c1140f-c46c-45e5-b867-ab342d8bdc77"
1540,测试工程师,鸡西-鸡冠区,1-1.2万·13薪,青岛瑞晟元人力资源有限公司,人力资源服务,20人以下,不需要融资,CCL1431271280J40777390307,,2025年07月28日,,"https://www.zhaopin.com/jobdetail/CCL1431271280J40777390307.htm?refcode=4019&srccode=401901&preactionid=a7c1140f-c46c-45e5-b867-ab342d8bdc77"
1541,前端开发,广州-天河区,1.4-1.9万,四川若扬企业管理咨询有限公司,企业服务,20-99人,,CCL1506191320J40867332815,岗位内容： 1. 负责开发和维护前端系统和模块，确保其运行稳定可靠 2. 编写高效、清晰、易于维护的代码 3. 协调需求，与其他团队成员进行有效沟通和协作 任职要求： 1. 熟练掌握HTML、CSS和JavaScript，熟悉主流前端框架 2. 具备扎实的编程基础，良好的代码风格，注重代码品质 3. 擅长和团队合作，具备很好的沟通和协调能力,7月23日,,"https://www.zhaopin.com/jobdetail/CCL1506191320J40867332815.htm?refcode=4019&srccode=401901&preactionid=a7c1140f-c46c-45e5-b867-ab342d8bdc77"
1542,Java,南京-建邺区,1.2-2万,中电金信软件有限公司,"计算机软件,IT服务,互联网,计算机软件",10000人以上,不需要融资,CC443657520J40756313409,1.熟悉MyBatis、VUE、EXTJS、JAVA、SpringMVC，SpringCloud框架开发; 2.熟练掌握多线程开发，熟悉数据库相关知识； 3.熟悉Oracle数据库使用。  4.熟悉信贷相关业务,7月15日,中电金信，是中国电子旗下成员企业，通过持续研发创新，参与国家重大工程，依托行业场景，构建金融级数字底座，打造全栈全域解决方案，提供领先的咨询、软件产品及开发、质量安全保障及运营服务，为金融及重点行业数智化转型及安全发展提供强大动能，并以中国数智化转型最佳实践服务全球。我们推崇开放包容的文化。在中电金信，你将和同样拥有热情和梦想的优秀队友一起合作、交流和学习，稳扎稳打不断提升，和团队一起助力国家重大工程项目。我们为你提供清晰的职业路径和不设限的发展机会，你将通过不同类型的项目不断成长，获得前所未有的荣耀感和使命感，和我们一起去创造数字时代的美好未来。,"https://www.zhaopin.com/jobdetail/CC443657520J40756313409.htm?refcode=4019&srccode=401901&preactionid=a7c1140f-c46c-45e5-b867-ab342d8bdc77"
1543,测试工程师,天津-河北区,1.3-1.8万·13薪,方得(青岛)人力资源有限公司,咨询服务,20-99人,,CCL1462672470J40737209916,岗位职责： 1. 负责软件的功能测试。 2. 执行测试用例，报告缺陷并跟踪缺陷的修复。 3. 与开发团队协作，确保软件质量满足需求。 4. 参与软件测试流程的优化和改进。 岗位要求： 1. 熟悉软件测试理论、方法和流程。 2. 具备功能测试经验。 3. 了解运维工程师、网络工程师的工作内容，能进行基本的IT质量管理。 4. 有信息技术、标准化、电子或电路工程相关背景者优先。 薪资待遇：包住、六险一金、工龄工资、生日礼金、定期体检、带薪年假、绩效奖、项目奖、年终奖.,2025年07月30日,,"https://www.zhaopin.com/jobdetail/CCL1462672470J40737209916.htm?refcode=4019&srccode=401901&preactionid=a7c1140f-c46c-45e5-b867-ab342d8bdc77"
1544,实施工程师,天津-西青区,5000-9000元,天津市基理科技股份有限公司,"互联网,计算机软件,IT服务",100-299人,未融资,CC241628710J40630332812,"岗位职责： 1、负责与客户单位（高校科研院所）沟通，解决客户提出有关软硬件使用的相关问题；  2、完成软硬件项目实施工作，并能够及时准确地反馈及解决系统实施中的问题；  3、为客户提供公司相关产品的培训；  4、负责项目实施资料的整理、归档等工作。 职位要求：  1、计算机相关专业专科及以上学历；  2、熟悉计算机等相关硬件，熟悉操作系统，能安装、维护、配置PC、操作系统等软硬件资源；  3、熟悉计算机网络相关知识，有思科, 微软等网络认证证书优先； 4、较强的沟通能力良好的书面表达能力，能够承受较大压力；  5、良好的团队合作意识，强烈的责任感，工作积极主动；  6、适应省内地区短期出差（1-3天）。 岗位优势： 1、多年项目管理经验导师一对一进行技术指导； 2、岗位晋升空间大，薪资福利良好； 3、高校客户，工作氛围良好。",4月22日,关于公司：天津市基理科技股份有限公司于2008年成立，研发总部位于天津，下设北京、波士顿等分支机构，并设立上海基理网络科技有限公司及重庆捷优特科技有限公司，是一家致力于为科研人员提供智能化科研管理解决方案的国家高新技术企业。基理科技始终以用户至上的理念做服务，时刻都在致力于让更多的科研用户享受到更加简单便捷的科研管理环境，真正实现基理的一贯理念：让科研更简单、更安全！我们的明星产品：17Kong（仪器控）：国内高口碑的科研管理共享服务平台。从“国内高校的仪器全生命周期管理”到“全社会的科研服务云共享”，9年的产品打磨将物联网与互联网技术完美融合，推进了全社会科研资源和服务的循环共享与使用。LabMai（来买网）：集实验用品采购和试剂全生命周期管理于一身的平台，辅以人员管理、经费管理，建立对实验室全方位的管理体系，保障了高校师生的生命和财产安全。G-IOT（捷优特智慧科研）：利用先进物联网技术，打造全新科研体验，保障科研安全、提高科研效率、降低科研成本，让科研工作者从日常琐事中解放出来，全身心聚焦科研！我们的团队：基理拥有一支国际化的尖端团队。公司联合创始人，暨现任CEO及CTO均为哈佛大学海归博士后，凭借着完备过硬的专业素质，及资深的科研领域研发经验、管理经验，打造了基理这支有着高起点、高素质的团队。成立9年以来，公司不断招贤纳士，吸纳了多批全国重点院校的优秀专业人才。我们的用户：50%以上全国重点院校的选择：目前已有超过300所高等院校、国家科研院所、企业园区选择与基理科技共同建立合作关系。合作高校：北京大学、清华大学、北京航空航天大学、中国农业大学、南开大学、天津大学、西安交通大学、哈尔滨工业大学、四川大学、复旦大学、上海交通大学、浙江大学、武汉大学、华中科技大学、香港科技大学......合作园区：上海张江高科技园、天津滨海高新区、淄博高新区、泰州中国医药城......合作研究所：武汉生物技术研究院、国际竹藤中心、航天局太空科技南方中心、中科院动物研究所、中科院生物物理研究所、中科院神经科学研究所......你需要知道的数据：11年致力于科研仪器平台建设300家高校/研究院和园区等科研机构选择基理科技40000个课题组300000名用户在使用基理科技平台系统28个省、直辖市、自治区被基理科技服务网络覆盖公司网站: http://www.geneegroup.com公司名称:天津市基理科技股份有限公司地址:天津市西青区海泰南道18号左岸花园16幢邮政编码: 300392,"https://www.zhaopin.com/jobdetail/CC241628710J40630332812.htm?refcode=4019&srccode=401901&preactionid=a7c1140f-c46c-45e5-b867-ab342d8bdc77"
1545,科研人员,绍兴-越城区,1.6-3万·15薪,浙江大学绍兴研究院,"学术/科研,学术/科研",100-299人,未融资,CCL1406588970J40707676912,专业要求：,7月21日,为深入实施创新驱动发展战略，推动浙江大学科技资源更好地融入绍兴经济社会发展，2021年11月19日绍兴市越城区人民政府、绍兴市滨海新区管委会与浙江大学签署共建浙江大学绍兴研究院合作协议。浙江大学绍兴研究院于绍兴市越城区、滨海新区正式落地，并于2022年1月21日挂牌成立。浙江大学绍兴研究院是由浙江大学、绍兴市越城区、绍兴滨海新区管委会、共同组建的事业单位，是依托绍兴市区位、资源、产业优势和浙江大学在科技研究、人才培育、文化传承创新方面资源共同建立的新型研发机构，总部坐落在风景秀丽的迪荡湖。研究院以“资源共享、优势互补、合作共赢”为原则，围绕集成电路、生物医药、新材料、文化产业等领域，设立微电子研究中心、生命健康研究中心、亚洲文明研究中心，旨在面向科技发展前沿和产业发展需求，开展前沿关键技术研发创新与区域文化品牌拓展，引育一批高层次人才，孵化一批高科技产业项目。研究院下设微电子研究中心、生命健康研究中心、亚洲文明研究中心：（一）微电子研究中心：主要包括智慧电力芯片、智慧电力与信息装备、智慧电力与能源系统装备、先进封装平台、智能传感器芯片、高速与微弱信号处理设计、半导体高效能源材料等研发与转化，助推绍兴争创集成电路国家产业创新中心和省实验室。（二）生命健康研究中心：主要开展基因治疗、细胞治疗、新型疫苗、精准诊治、先进健康材料与器械、先进诊疗材料与器械、先进分离膜材料与器械设备等前沿颠覆性技术研发与转化，培育产业发展新动能，打造成为浙江大湾区生命健康产业的创新引擎，国内生命健康产业的战略高地，争创国际一流的生物医药创新中心、省级技术创新中心。（三）亚洲文明研究中心：立足亚洲文明互学互鉴和文旅融合发展，聚焦绍兴大禹、王阳明、鲁迅、书法、黄酒等文化金名片，着力彰显吴越文化、宋韵文化的独特价值，从名城、名人、名物、名胜四个方面提升区域品牌的国际化、特色化、数字化和品质化，助力打造“东亚文化之都”。浙江大学绍兴研究院将充分发挥浙江大学大学学科优势，面向国家和地方重大战略需求，时刻坚持科技赋能、文化引领的目标方针，以坚持人才强基为原则，引育并举打造高水平人才蓄水池，促进高水平成果转化，全面打造校地合作新典范。,"https://www.zhaopin.com/jobdetail/CCL1406588970J40707676912.htm?refcode=4019&srccode=401901&preactionid=a7c1140f-c46c-45e5-b867-ab342d8bdc77"
1546,硬件测试,西安-雁塔区,7000-8000元,陕西跃北机电设备有限公司,人工智能,500-999人,,CCL1500059560J40760892811,嘿，你！我们正在寻找一位充满激情、细心入微的硬件测试小伙伴，和我们一起打造最棒的硬件产品！ 你的工作将是测试我们的硬件，确保它们在实际使用中既稳定又可靠。 如果你满足以下条件，就快点加入我们吧！ 电子、通信、计算机等相关专业大专及以上学历； 有硬件测试经验者优先，但不是必须； 热爱技术，善于发现问题； 对细节有执念，追求完美； 团队合作精神，与我们一起并肩作战！  我们期待你的加入，一起创造出色的硬件产品！,7月22日,,"https://www.zhaopin.com/jobdetail/CCL1500059560J40760892811.htm?refcode=4019&srccode=401901&preactionid=a7c1140f-c46c-45e5-b867-ab342d8bdc77"
1547,软件测试,深圳-None,9000-10000元·15薪,沙坪坝区金福源信息技术咨询服务工作室(个体工商户),云计算/大数据,20人以下,,CCL1507913120J40760918209,1.负责开展产品的测试工作，并出具测试报告及相关改进意见。 2.拟定产品测试验证规范，报部门领导审核。 3.参与协助完成产品测试标准的确定工并执行工作任务。 4.负责研发产品的部件测试并出具测试报告和解决方案。 任职要求 1.大专及以上学历 2.沟通能力强，有独立完成工作的能力 福利待遇 1.五险一金 2.周末双休 3.法定节假日正常休息，不加班,2025年07月30日,,"https://www.zhaopin.com/jobdetail/CCL1507913120J40760918209.htm?refcode=4019&srccode=401901&preactionid=a7c1140f-c46c-45e5-b867-ab342d8bdc77"
1548,软件测试,郑州-中原区,6000-11000元,河南芯码智能科技有限公司,"计算机软件,云计算/大数据,人工智能,网络/信息安全",20-99人,天使轮,CCL1493514260J40747224910,任职要求： 1.要求专业为计算机科学 软件工程 大数据 人工智能 物联网等对口专业；本科及以上学历，可接受无经验应届本科毕业生，25届优先录用； 2. 了解 Linux等操作系统，了解常见MySQL、SQL Server数据库知识； 3.对于软件测试岗位有一定了解，有长期职业规划，要求踏实勤奋； 4..可接受应届毕业生，协助项目经理完成每日测试任务。 5，薪资6-10K、五险一金、员工宿舍等福利；目前在郑州 北京上海 深圳成立有分公司及研发中心 转正岗位内容： 1. 设计和执行测试用例，并记录测试结果。 2. 分析并报告软件缺陷，包括重现步骤、缺陷严重程度和影响范围。 3. 参与产品设计过程，提供测试建议和反馈。 4. 执行性能和负载测试的任务。,5月23日,芯码软件：驱动芯片软件未来，赋能数字世界；在科技浪潮澎湃的时代，芯码软件作为芯片软件领域的璀璨之星，以创新为笔，绘就行业发展的崭新篇章。我们专注于芯片软件核心技术的研发，汇聚了全球顶尖的软件与芯片领域专家，组成了一支高瞻远瞩、技术精湛的科研团队。组建有Java开发工程师、嵌入式开发工程师、 Python工程师、测试开发工程师等完善的技术研发团队，凭借对前沿技术的敏锐洞察和深厚的技术积累，在操作系统、算法优化、驱动程序等关键领域实现了多项重大突破，拥有一系列自主知识产权，为企业发展筑牢坚实根基。目前在北京上海深圳杭州郑州等建立有研发中心，并逐步开设分公司；欢迎全国各地有志之士积极加入，共谋发展；芯码软件构建了完整且先进的研发体系，从芯片架构设计到软件算法的深度优化，从功能安全验证到应用场景的拓展，每个环节都严格遵循国际标准，确保每一款芯片软件产品都具备卓越的性能、极高的可靠性和出色的兼容性。我们的产品不仅在运算速度、能耗管理等方面领先同行，更能无缝对接各类复杂应用场景，为智能终端、物联网、汽车电子、工业控制等多领域提供强大的核心支持。秉持开放合作的理念，芯码软件与全球知名企业、科研机构建立了长期稳定的战略合作伙伴关系，共同探索行业发展趋势，携手攻克技术难题，推动产业生态的繁荣发展。以客户需求为导向，为客户提供定制化的芯片软件解决方案和全方位的技术支持服务，助力客户在激烈的市场竞争中脱颖而出，实现价值最大化。展望未来，芯码软件将继续肩负推动芯片软件行业发展的使命，不断加大研发投入，持续创新，引领行业变革，为全球数字化转型注入源源不断的动力，开启智能时代的无限可能。,"https://www.zhaopin.com/jobdetail/CCL1493514260J40747224910.htm?refcode=4019&srccode=401901&preactionid=a7c1140f-c46c-45e5-b867-ab342d8bdc77"
1549,技术支持工程师,贵阳-开阳县,9000-18000元,青岛安然物联网科技有限公司,"物联网,物联网",20-99人,未融资,CC559764920J40823791204,需要弱电技术、自动化、安防系统、工业互联网+危化安全生产、物联网人才，不要纯软件人才。 你能经常到全国各地出差吗？你能到工业生产现场生产现场做技术支持吗？  真正的奋斗者在安然会有让人值得为之奋斗的事业，会有充实、高效的成长，会有高人一等的收入。  你能做好售前技术支持、根据客户需求，高效制作方案吗？你能做好售中技术支持、指导他人正确安装、部署、调试系统向用户保质保量快速交付吗？你能做好售后维护，高效沟通和落实客户需求吗？  迄今已服务中石化、中石油、延长石油、国能、兖矿、京能、索普、新安、奇美、昊源、潞安、旭阳、垦利、逸盛、海科、酒钢、金发等几百家石化、化工、选煤、钢铁、电厂企业。   安然以客户为中心，以强者为本，抬头乐干，愿意与同道中人联合、链接，携手共建、共用、共享生产安全命运共同体，一起干，一起干，让优秀企业更安全，让优秀企业更高效！,7月22日,基于精准人员定位的工业安全生产信息化管理专家，安全生产信息化管理引领者！作为全国实时定位技术标准工作组成员和应急管理部“工业互联网+危化安全生产”人员定位系统技术支持机构，安然从2012年起致力于基于ZigBee Plus三维立体按需精准定位的“工业互联网+安全生产”的研究，获得了20多项安全智能管控系统发明专利和著作权，持续引领中国化工行业生产现场智慧安全！安然以“准、稳、狠”的ZigBee Plus三维立体按需精准人员定位统和“底数清、数据准、情况明、研判准、措施实”的安全生产信息化平台为核心，整合访客管理、出入口控制、人脸识别、视频监控、语音广播、重大危险源监控、可燃有毒气体监测等系统，对生产现场人、机、料、法、环五大要素进行实时、动态、智能管控和预警，规范人的安全行为，保障人的生命安全，有效防范风险、主动化解风险，实现智慧安全。安然“以用为本”，把安全生产信息化建设与公司管理体系“深度融合”，把安全生产信息化建设与日常工作“紧密结合”，对安全生产切实“有用、实用、好用”，避免建用“两张皮”，让安全管控更智能，让生产更高效才实用。迄今已服务中石化、中石油、延长石油、国能、兖矿、京能、索普、新安、奇美、昊源、潞安、旭阳、垦利、逸盛、海科、酒钢、金发等几百家石化、化工、选煤、钢铁、电厂企业。安然以客户为中心，以强者为本，抬头乐干，愿意与同道中人联合、链接，携手共建、共用、共享生产安全命运共同体，一起干，一起干，让优秀企业更安全，让优秀企业更高效！,"https://www.zhaopin.com/jobdetail/CC559764920J40823791204.htm?refcode=4019&srccode=401901&preactionid=a7c1140f-c46c-45e5-b867-ab342d8bdc77"
1550,实施工程师,咸宁-嘉鱼县,9000-18000元,青岛安然物联网科技有限公司,"物联网,物联网",20-99人,未融资,CC559764920J40823800904,需要弱电技术、自动化、安防系统、工业互联网+危化安全生产、物联网人才，不要纯软件人才。  你能经常到全国各地出差吗？你能到工业生产现场生产现场做技术支持吗？   真正的奋斗者在安然会有让人值得为之奋斗的事业，会有充实、高效的成长，会有高人一等的收入。   你能做好售前技术支持、根据客户需求，高效制作方案吗？你能做好售中技术支持、指导他人正确安装、部署、调试系统向用户保质保量快速交付吗？你能做好售后维护，高效沟通和落实客户需求吗？   迄今已服务中石化、中石油、延长石油、国能、兖矿、京能、索普、新安、奇美、昊源、潞安、旭阳、垦利、逸盛、海科、酒钢、金发等几百家石化、化工、选煤、钢铁、电厂企业。    安然以客户为中心，以强者为本，抬头乐干，愿意与同道中人联合、链接，携手共建、共用、共享生产安全命运共同体，一起干，一起干，让优秀企业更安全，让优秀企业更高效！,7月24日,基于精准人员定位的工业安全生产信息化管理专家，安全生产信息化管理引领者！作为全国实时定位技术标准工作组成员和应急管理部“工业互联网+危化安全生产”人员定位系统技术支持机构，安然从2012年起致力于基于ZigBee Plus三维立体按需精准定位的“工业互联网+安全生产”的研究，获得了20多项安全智能管控系统发明专利和著作权，持续引领中国化工行业生产现场智慧安全！安然以“准、稳、狠”的ZigBee Plus三维立体按需精准人员定位统和“底数清、数据准、情况明、研判准、措施实”的安全生产信息化平台为核心，整合访客管理、出入口控制、人脸识别、视频监控、语音广播、重大危险源监控、可燃有毒气体监测等系统，对生产现场人、机、料、法、环五大要素进行实时、动态、智能管控和预警，规范人的安全行为，保障人的生命安全，有效防范风险、主动化解风险，实现智慧安全。安然“以用为本”，把安全生产信息化建设与公司管理体系“深度融合”，把安全生产信息化建设与日常工作“紧密结合”，对安全生产切实“有用、实用、好用”，避免建用“两张皮”，让安全管控更智能，让生产更高效才实用。迄今已服务中石化、中石油、延长石油、国能、兖矿、京能、索普、新安、奇美、昊源、潞安、旭阳、垦利、逸盛、海科、酒钢、金发等几百家石化、化工、选煤、钢铁、电厂企业。安然以客户为中心，以强者为本，抬头乐干，愿意与同道中人联合、链接，携手共建、共用、共享生产安全命运共同体，一起干，一起干，让优秀企业更安全，让优秀企业更高效！,"https://www.zhaopin.com/jobdetail/CC559764920J40823800904.htm?refcode=4019&srccode=401901&preactionid=a7c1140f-c46c-45e5-b867-ab342d8bdc77"
1551,软件测试,无锡-滨湖区,4000-6000元,无锡捷天云信息科技有限公司,"计算机软件,人工智能,企业服务,计算机软件",20人以下,未融资,CC417123630J40286504903,职位描述 工作职责: 1、负责软件系统的内部测试工作，及时反馈测试结果并对测试发现的问题及时跟进; 2、搭建和维护基于linux和windows下的测试环境; 3、按时、保质、保量完成对产品的集成测试与系统测试，对产品的软件功能、性能及其它方面的测试。 4、协助实施工程师编制软件操作指导书。 5、熟悉基本的office办公软件（Word、Excel、PPT等）。 6、有较强的学习能力，工作细致认真，有耐心，有责任心，具有团队合作精神。 7、有软件测试经验者优先。职位福利：五险一金、绩效奖金、年终分红、补充医疗保险、节日福利、创业公司、每年多次调薪、周末双休   ,5月28日,无锡捷天云信息科技有限公司是西安捷天信息科技股份有限公司在无锡的分公司，目前为无锡康明斯涡轮增压技术有限公司、无锡赛晶电力电容器有限公司、上海永锦电气集团有限公司等多家企业提供MES系统、RFID系统解决方案，是集软件、硬件、解决方案及服务为一体的综合性IT服务集成商。公司着力于共同开发，构建了生产制造执行系统(MES)、设备全生命周期管理系统（EMMS)、能源管理系统（EMS）、仓库管理系统（WMS）等产品。与SAP、Oracle、金蝶、用友等ERP系统实现无缝连接，与自动化设备、智能仪表等底层设备实现双向的数据交互，为企业实现真正机械化、信息化、自动化的智能制造，最终通过智能制造助力属于我们民族的真正的“工业4.0”落户无锡，落户江苏，落户中国。我们坚持以“专业的技术，先进的科技，优良的品质，一流的服务”为宗旨，为客户带来更多的价值，与客户共同发展，实现双赢！,"https://www.zhaopin.com/jobdetail/CC417123630J40286504903.htm?refcode=4019&srccode=401901&preactionid=a7c1140f-c46c-45e5-b867-ab342d8bdc77"
1552,测试工程师,南京-雨花台区,7000-13000元,南京迈特望科技股份有限公司,"计算机软件,IT服务,互联网,运营商/增值服务",1000-9999人,已上市,CC142971790J40601791911,主要职责 1、负责PON、路由器终端产品的硬件集成测试、功能测试、整机测试，并出具测试报告。 2、负责终端产品的研发样机测试与可靠性试验。 3、负责产品外场测试支持； 任职要求 1、对硬件测试领域有强烈的兴趣，有一定的电路基础，本科1年以上工作经验。 2、电子、通讯或仪器仪表等相关专业，具有扎实的数字电路、模拟电路基础知识。  3、熟练掌握各种测试仪器，比如综测仪，信号源、频谱仪、光功率计、光谱分析仪，数据分析仪，网络矢量分析仪、数字示波器的一种或几种，包括操作和仪表实现测试原理等。 4、有同行业或同岗位硬件开发、器件选型、硬件测试、可靠性试验相关经验者或一定信号完整性基础者优先考虑。 5、有高速示波器测试、光模块测试或射频测试经验者优先考虑,7月8日,南京迈特望科技股份有限公司成立于2000年，注册资本4692.8万元，在职员工3000+人，于2016年8月10日在新三板挂牌，股票代码NEEQ:838955。公司主要从事I行业解决方案、智慧养老、020电子商务三大领域，为客户提供T人力外包解决方案、智慧养老解决方案、智能家居售后服务解决方案，业务遍及国内及日本等市场。公司旗下现有江苏锁安科技等20家分子公司南京迈特望科技股份有限公司是高新技术企业、软件企业，拥有发明专利2项、软件著权65项、软性产品26项，获得了ISO9001质量管理体系证、ISO27001信息安全管理体系认证、1SO20000T服务管理体系认证S014001环境管理体系认证、1SO45001职业健康安全管理体系认证CMMI3软性能力成熟度模型集成三级、CS2信息系统建设和服务能力评、AAA级信用企业、南京市信用管理培训合格企业证书、南京市工程技术研究中心等资质。公司是南京国际服务外包企业协会理事单位、养老服务信息化建设工作委员会(SSIDC)核心委员、人力资源产业协会理事单位、人工智能行业协会会员单位、江苏省信息化协会会员单位、江苏省老龄产业协会理事单位、软件谷云计算大数据信息安全产业联盟会员单位，并先后获得了江苏省技术先进型服务企业、江苏省试信经营示范单位等荣誉，是亚信、恒生电子、南瑞、中电鸿信、电信、微软、360、中兴、浩航、苏宁、上海俊、中移物联、北斗卫星研究院、江苏海隆、富士通、帆软、深信服、中通服、中控、感动科技、中国民生银行、京东五星、中建八局、拜特、中电智恒、上海道客、扬州莱斯等公司的核心合作伙伴。,"https://www.zhaopin.com/jobdetail/CC142971790J40601791911.htm?refcode=4019&srccode=401901&preactionid=a7c1140f-c46c-45e5-b867-ab342d8bdc77"
1553,技术支持工程师,深圳-宝安区,1.5-2万,上海绘鸿信息技术有限公司,"计算机软件,互联网,IT服务",20-99人,,CC366831730J40822142215,岗位职责： 协助技术总监完成日常事务，包括但不限于：会议组织、技术整理、报告撰写、技术研究等； 参与公司技术战略的制定和执行，跟踪行业技术发展趋势，进行技术调研和分析； 协助CTO推进公司研发项目，协调各部门资源，确保项目按时保质完成； 负责公司技术和产品的文档编写和管理，包括但不限于：产品说明书、技术白皮书、专利申请等； 参与公司产品的测试和优化，协助解决技术难题； 协助CTO进行团队建设和管理，提升团队技术水平和执行力。 任职要求： 本科及以上学历，计算机、通信、电子等相关专业优先； 具备3年以上网络通信行业研发、测试、售前或售后经验，对通信基础知识有深刻理解； 熟悉固网类产品，如路由器、光猫、交换机等，具备相关产品开发或测试经验者优先； 熟悉至少一门编程语言，C或Python优先； 对AI人工智能有一定的理解和想法，具备相关项目经验者优先； 具备优秀的沟通协调能力、执行力和团队合作精神； 性格开朗，为人灵活，具备良好的抗压能力。,4月7日,GTED-X是一家成立于 2016年，公司总部位于新加坡，同时在中国，香港和乌克兰拥有分支机构，目前我们主要服务于包括东南亚国家以及世界各地的市场。公司在大陆内地设有“云技术研发”、“自动化设备研发”两个项目基地。“云技术研发”致力于为中小企业（SME)提供云技术和相关解决方案的公司，我们关注和研究 SME的生存环境和商业模式的演变，旨在使用云计算技术帮助中小企业尤其是小微商业，发获得高速成长和到达商业目标的路径及机会。 GTED-X用最前沿的云技术，为客户提供专业商业解决方案，并鼓励客户自己定制、创新、扩展产品功能，以提升客户自身的商业品质。“自动化设备研发”为海外项目提供前期的技术研发、技术准备、海外技术支持等。目前，海外生产线的自动化设备研发项目落址嘉定南翔，技术研发中心正在建设，预计2021年7月投入使用。目前提供的应聘岗位包含：生产线项目总监、PLC电气工程师、机械工程师、装配钳工等。,"https://www.zhaopin.com/jobdetail/CC366831730J40822142215.htm?refcode=4019&srccode=401901&preactionid=a7c1140f-c46c-45e5-b867-ab342d8bdc77"
1554,科研人员,杭州-滨江区,2-4万·13薪,杭州市滨江区浙工大人工智能创新研究院,学术/科研,100-299人,不需要融资,CCL1438627770J40788114503,岗位职责： 1、参与跨学科的科研项目，探索人工智能技术在特定学科领域的创新应用，提出新的研究方向和课题；,5月12日,杭州市滨江区浙工大人工智能创新研究院（以下简称“滨江浙工大智研院”）成立于2022年5月，是由杭州高新区（滨江）和浙江工业大学共同发起建立，浙工大网络空间安全研究院承建的民办非企业单位。研究院位于滨江区白马湖湖西路575号，由三幢六层单体建筑组成，建筑面积约1万方，立足浙工大学科和科研优势，以“四个面向”为科技创新引领方向，以市场化机制实体化运行，以培育和推动网络安全产业发展为目标，以科技创新、成果转化和人才培养为主线，拟建成网络空间安全领域的高端人才汇聚地、科技创新活跃地、技术产业集聚地，争创省级新型研发机构，助推滨江区建成全国网络安全产业和科技创新中心。,"https://www.zhaopin.com/jobdetail/CCL1438627770J40788114503.htm?refcode=4019&srccode=401901&preactionid=a7c1140f-c46c-45e5-b867-ab342d8bdc77"
1555,前端开发,南阳-宛城区,6000-9000元·13薪,河南塔韵文化传媒有限公司,"广播/影视,广播/影视",100-299人,未融资,CCL1493543330J40737859407,VueReactJavaScriptHTML5,7月25日,经营范围：电影摄制服务；技术服务、技术开发、技术咨询、技术交流、技术转让、技术推广；电子专用设备销售；电气设备销售；机械电气设备销售；照明器具销售；消防器材销售；制冷、空调设备销售；安全技术防范系统设计施工服务；工程管理服务；摄像及视频制作服务；文艺创作；互联网销售；企业形象策划；数字文化创意内容应用服务；数字文化创意软件开发；信息技术咨询服务；专业设计服务；摄影扩印服务；个人互联网直播服务；文化娱乐经纪人服务；互联网数据服务；互联网安全服务；物联网应用服务；文具用品零售；纸制品销售；电子产品销售；日用百货销售；日用品销售；化妆品零售；农副产品销售；广告设计、代理；广告制作；工艺美术品及收藏品零售；美发饰品销售；会议及展览服务；市场营销策划；服装服饰零售；其他文化艺术经纪代理；五金产品零售；体育用品及器材零售；软件开发；信息咨询服务；办公用品销售，许可项目：互联网直播技术服务；互联网游戏服务；信息网络传播视听节目；建筑智能化系统设计,"https://www.zhaopin.com/jobdetail/CCL1493543330J40737859407.htm?refcode=4019&srccode=401901&preactionid=a7c1140f-c46c-45e5-b867-ab342d8bdc77"
1556,C/C++,广州-天河区,8000-14000元,广东南方数码科技股份有限公司,"计算机软件,计算机软件",500-999人,未融资,CC133964100J40795497712,欢迎投递，优秀的朋友薪资open谈~,7月23日,广东南方数码科技股份有限公司成立于2003年，总部位于广州，是一家集数据、软件、服务于一体的中国领先的地理信息产业服务商、中国地理信息产业“百强企业”，产品业务覆盖地理信息产业链，提供一站式的就近服务。公司是信息产业部认定的“软件企业”，同时也是广东省认定的“高新技术企业”、“广州市重点软件企业”、“广东省优秀自主品牌”，具有测绘甲级资质、CMMI3级认证、系统集成三级资质、ISO9001：2008国际质量体系认证。公司全面面向数字城市，以数据为基础，以基础测绘、房产、国土、市政、规划等行业为核心发展地理信息产业，产品服务贯穿产业链。公司拥有遍布全国的数码专业分公司，专业、专注、就近服务。目前，公司已有数百个政务管理系统稳定运行在各级政府和行业管理部门。公司承担了多项省、市、区科技攻关项目，并多次获国家、省、市政府和科技部门的奖励。自主开发的70多个软件产品获得“软件产品登记”和“著作权登记”。其中南方地形地籍成图与建库软件（ CASS）拥有全国90%的市场份额，并成为业界事实标准；房测之友BMF成为房地产测绘行业唯一通过权威机构评测的专业软件，居同类软件市场占有率之首；CMS成为国土资源部推荐使用的城镇建库软件。秉承“以人为本、专业专注、和谐共赢”的理念，南方数码始终坚持以“数据·软件•服务”为核心，以提升地理信息价值为已任，愿与同行一起，推动中国的信息化建设事业，让更多人体验地理信息价值！,"https://www.zhaopin.com/jobdetail/CC133964100J40795497712.htm?refcode=4019&srccode=401901&preactionid=a7c1140f-c46c-45e5-b867-ab342d8bdc77"
1557,实施工程师,合肥-肥西县,1-1.5万,阳光电源股份有限公司,"新能源,电力/水利/热力/燃气",1000-9999人,已上市,CC120598170J40662140306,岗位职责 1. 作为新产品开发过程中服务代表角色，负责深度参与产品研发过程，熟练掌握产品知识，编制可安装/服务性分析报告； 2. 负责按要求编制产品维护指导手册及对应产品培训材料； 3. 负责提供全球客服端产品问题的技术支持，推动问题闭环； 4. 负责提供客户端需求的产品故障分析报告； 5. 参与产品缺陷变更评审，确认变更范围，并提出可服务性的变更意见； 6. 总结、积累常见问题的类型及解决方法，完善或优化产品维护手册； 任职要求： 1. 硕士及以上，电力电子、电气工程及其自动化、控制工程等相关专业； 2. 有光伏逆变器、储能系统相关3年以上工作经验者优先，英语须四级及以上； 3. 具有良好的沟通、团队协作和人际关系处理技能，须具备极强的执行能力。 福利： 1. 六险一金（含补充医疗保险，公积金10%），免费宿舍，免费食堂，免费班车； 2. 通讯补贴，交通补贴，节假日补贴、生日补贴、防暑降温补贴、员工福利体检、团队建设，婚育贺礼等； 3. 带薪休假：法定节假日、年假、婚假、产假、护理假、带薪病假、考试假等。   其他信息 语言要求：英语 行业要求：全部行业,7月23日,阳光电源股份有限公司（股票代码：300274）是一家专注于太阳能、风能、储能、电动汽车等新能源电源设备的研发、生产、销售和服务的国家重点高新技术企业。主要产品有光伏逆变器、风能变流器、储能系统、新能源汽车驱动系统、水面光伏浮体、智慧能源运维服务等，并致力于提供全球一流的光伏电站解决方案。自1997年成立以来，公司始终专注于新能源发电领域，坚持以市场需求为导向、以技术创新作为企业发展的动力源，培育了一支研发经验丰富、自主创新能力较强的专业研发队伍；先后承担了20余项国家重大科技计划项目，主持起草了多项国家标准，是行业内为数极少的掌握多项自主核心技术的企业之一。公司核心产品光伏逆变器先后通过TÜV、UL、CSA等多家国际权威认证机构的认证与测试，已批量销往德国、意大利、澳大利亚、美国、日本、印度等60多个国家。截至2019年底，公司在全球市场已累计实现逆变设备装机超1亿千瓦。公司先后荣获“国家重点新产品”、“中国驰名商标”、中国新能源企业30强、全球新能源企业500强、国家级“守合同重信用”企业、亚洲最佳企业雇主等荣誉，是国家级博士后科研工作站设站企业、国家高技术产业化示范基地、国家认定企业技术中心、国家级工业设计中心、《福布斯》“中国最具发展潜力企业”等，综合实力位居全球新能源发电行业第一方阵。未来，阳光电源将秉承“让人人享用清洁电力”的发展使命，立足新能源装备业务，加快光伏发电系统集成及投资建设业务发展，创新拓展清洁电力转换技术领域新业务，不断贴近客户需求，积极参与全球竞争，努力将公司打造成为受人尊敬的全球一流企业。 2020年阳光电源市值超过千亿，成为安徽省内最大的上市公司，同时2020年也是全国上市企业市值增长率最高的企业。,"https://www.zhaopin.com/jobdetail/CC120598170J40662140306.htm?refcode=4019&srccode=401901&preactionid=a7c1140f-c46c-45e5-b867-ab342d8bdc77"
1558,硬件测试,西安-雁塔区,6000-8000元,陕西盛为网络科技有限公司,"计算机软件,通信/网络设备",20-99人,未融资,CCL1484388920J40550959704,硬件测试工程师 岗位职责 1、负责公司产品出货前的测试； 2、协助工程师对新产品调试.进行性能试验等工作； 3、完成相关测试文档的填写数据的记录工作。 任职资格 1、熟悉EXCL等办公软件常规操作，吃苦耐劳，工作主动，有责任心； 2、对硬件测试和运维工作有实习经验的优先考虑。 岗位职责： 1.根据应用系统业务需求，使用存储过程.函数，进行接口的编写。 2.使用存储过程，进行数据分析.整理.数据报表的相关开发。 3.根据业务需求，能独立的分析相关需求，有表结构设计经验，按需提取数据。 4.数据库分析，调优，能读懂ql，定位问题并更正。,6月4日,陕西盛为网络科技有限公司简介公司概述陕西盛为网络科技有限公司是一家专注于网络技术服务的企业，总部位于中国陕西省西安市。自成立以来，公司始终秉承“科技创新，服务至上”的理念，致力于为客户提供高效、优质的网络科技解决方案。业务领域陕西盛为网络科技有限公司主要业务涵盖网络系统集成、软件开发、网络安全服务、云计算服务、大数据分析等领域。凭借丰富的行业经验和强大的技术实力，公司已经成为陕西省内乃至全国范围内备受信赖的网络科技服务提供商之一。技术优势公司拥有一支由资深网络工程师、软件开发工程师、网络安全专家、大数据分析师等组成的专业团队。他们不仅具备深厚的技术功底，而且拥有丰富的项目实施经验。公司还与多家国内外知名IT企业建立了战略合作伙伴关系，确保能够为客户提供最前沿的技术支持和服务。服务理念陕西盛为网络科技有限公司始终坚持“客户至上，服务第一”的原则，致力于满足客户的各种需求。公司提供7*24小时的售后服务和技术支持，确保客户在使用过程中遇到任何问题都能够得到及时解决。未来展望面向未来，陕西盛为网络科技有限公司将继续加强技术创新，拓展业务领域，提升服务质量，努力成为国内领先的网络科技服务提供商。同时，公司也将积极履行社会责任，为推动信息化建设和数字经济发展做出更大贡献。,"https://www.zhaopin.com/jobdetail/CCL1484388920J40550959704.htm?refcode=4019&srccode=401901&preactionid=a7c1140f-c46c-45e5-b867-ab342d8bdc77"
1559,实施工程师,清远-清城区,9000-18000元,青岛安然物联网科技有限公司,"物联网,物联网",20-99人,未融资,CC559764920J40823804804,需要弱电技术、自动化、安防系统、工业互联网+危化安全生产、物联网人才，不要纯软件人才。  你能经常到全国各地出差吗？你能到工业生产现场生产现场做技术支持吗？   真正的奋斗者在安然会有让人值得为之奋斗的事业，会有充实、高效的成长，会有高人一等的收入。   你能做好售前技术支持、根据客户需求，高效制作方案吗？你能做好售中技术支持、指导他人正确安装、部署、调试系统向用户保质保量快速交付吗？你能做好售后维护，高效沟通和落实客户需求吗？   迄今已服务中石化、中石油、延长石油、国能、兖矿、京能、索普、新安、奇美、昊源、潞安、旭阳、垦利、逸盛、海科、酒钢、金发等几百家石化、化工、选煤、钢铁、电厂企业。    安然以客户为中心，以强者为本，抬头乐干，愿意与同道中人联合、链接，携手共建、共用、共享生产安全命运共同体，一起干，一起干，让优秀企业更安全，让优秀企业更高效！,7月22日,基于精准人员定位的工业安全生产信息化管理专家，安全生产信息化管理引领者！作为全国实时定位技术标准工作组成员和应急管理部“工业互联网+危化安全生产”人员定位系统技术支持机构，安然从2012年起致力于基于ZigBee Plus三维立体按需精准定位的“工业互联网+安全生产”的研究，获得了20多项安全智能管控系统发明专利和著作权，持续引领中国化工行业生产现场智慧安全！安然以“准、稳、狠”的ZigBee Plus三维立体按需精准人员定位统和“底数清、数据准、情况明、研判准、措施实”的安全生产信息化平台为核心，整合访客管理、出入口控制、人脸识别、视频监控、语音广播、重大危险源监控、可燃有毒气体监测等系统，对生产现场人、机、料、法、环五大要素进行实时、动态、智能管控和预警，规范人的安全行为，保障人的生命安全，有效防范风险、主动化解风险，实现智慧安全。安然“以用为本”，把安全生产信息化建设与公司管理体系“深度融合”，把安全生产信息化建设与日常工作“紧密结合”，对安全生产切实“有用、实用、好用”，避免建用“两张皮”，让安全管控更智能，让生产更高效才实用。迄今已服务中石化、中石油、延长石油、国能、兖矿、京能、索普、新安、奇美、昊源、潞安、旭阳、垦利、逸盛、海科、酒钢、金发等几百家石化、化工、选煤、钢铁、电厂企业。安然以客户为中心，以强者为本，抬头乐干，愿意与同道中人联合、链接，携手共建、共用、共享生产安全命运共同体，一起干，一起干，让优秀企业更安全，让优秀企业更高效！,"https://www.zhaopin.com/jobdetail/CC559764920J40823804804.htm?refcode=4019&srccode=401901&preactionid=a7c1140f-c46c-45e5-b867-ab342d8bdc77"
1560,Java,东莞-None,1.4-2.8万·14薪,外企德科数字技术有限公司,专业技术服务,10000人以上,,CCL1480117890J40795953105,岗位内容： 1. 负责Java应用程序的设计与开发，包括需求分析、系统设计、编码和测试等环节。 2. 研究新技术，不断提升开发效率和程序性能。 3. 改进现有系统、优化系统资源，提高系统稳定性和可靠性。 4. 参与团队内部培训、交流与分享会议，促进整个团队技术水平的提升。 任职要求： 1. 熟悉Java语言，熟练掌握Spring框架及相关开源技术。 2. 具备扎实的计算机基础，熟悉数据结构、算法和网络编程等知识点。 3. 具备初步的Web开发经验，熟悉HTML、CSS、JavaScript等前端技术。 4. 具有较强的自学能力、问题解决能力和团队协作能力。 公司福利：   1. 底薪+绩效+项目奖金+年终奖；   2. 全额缴纳五险一金；   3. 试用期薪资全额发放，不打折；   4. 带薪年假5-15天，双休。   通勤时间：   1.早上08:30~09:30弹性打卡上班   2.中午12:00~14:00中午吃饭午休   3.晚上17:30~18:30弹性打卡下班   4.周末双休，周内会有两到三天加班到八点左右  ,2025-07-27 00:26:08,外企德科数字技术有限公司是一家2023年新成立的中外合资企业。成立于2023年11月24日，公司定位：专注于为信息技术企业提供人才及数字技术外包解决方案的中外合资企业。它是由中国人力资源服务行业的FESCO（北京国际人力资本集团）与全球人力资源服务领导者The Adecco Group（德科集团）合资成立的。公司主要提供网络技术服务、软件外包服务、计算机系统服务、技术进出口、软件开发等信息技术相关服务。专注于为信息技术企业提供信息技术类人才及数字技术外包解决方案。,"https://www.zhaopin.com/jobdetail/CCL1480117890J40795953105.htm?refcode=4019&srccode=401901&preactionid=a7c1140f-c46c-45e5-b867-ab342d8bdc77"
1561,C/C++,中山-None,6000-8000元,中山市维特信息科技有限公司,"计算机软件,电气机械/电力设备",20人以下,未融资,CC844871850J40758105007,工作内容 1. 协助公司软件产品研发，目前主要招收针对数据库开发方向！ 2. 制作各种软件相关文档 3. 收集、沟通客户各种需求 4. 协助上级完成其他任务 职位要求： 1. 本科或以上学历； 2. 熟练 SQL Server的存储过程编程，熟悉SQL 语法，有数据库开发经验优先； 3. 熟练使用C语言/C++，有其他强项者优先； 4. 数学成绩优秀，逻辑思维能力强优先。 公司福利：五险一金-有宿舍-员工旅游-聚餐-办公环境舒适-同事年轻好沟通,7月24日,中山市维特信息科技有限公司是国内制造业先进软件提供商，已成功上市多款软件产品，与制造业多家著名企业开展项目合作。目前典型的客户有：广州本田、江南模塑、常州新泉、常州星宇、台州美多、台州凯华、宁波方正、上海营创、青岛佳友、中山恒滨，帮助客户解决许多技术问题和提高了生产效率。我公司倡导以人为本，尊贤重仕的企业文化，希望和员工共同发展、共同进步。,"https://www.zhaopin.com/jobdetail/CC844871850J40758105007.htm?refcode=4019&srccode=401901&preactionid=a7c1140f-c46c-45e5-b867-ab342d8bdc77"
1562,实施工程师,西安-莲湖区,6000-8000元,陕西省通信服务有限公司西安分公司,运营商/增值服务,500-999人,,CC826969330J40751807509,岗位职责要求: 1.电话响应并解决大华产品使用、配置、故障排查等技术问题。 2.承接客户产品与业务咨询，用专业知识答疑。 3.受理客户意见建议，搭建沟通桥梁，助力产品和服务优化。 人员要求: 1.学历:本科及以上学历 2.年龄:30 岁以下 3.专业:计算机、通信相关专业 4.工作经验:熟悉安防行业或有电话客服、网络客服、外呼经验者优先录取 工作地点:陕西省西安市雁塔区云谷六路 789 号浙江大华西安研发及营销中心 上班时间:上六休一 排班制 基本工资：5500元 加班费、餐补、节日福利、五险一金 综合薪酬范围: 6000元至8000元不等,7月22日,公司简介：央企背景，智联未来陕西省通信服务有限公司西安分公司隶属于中国通信服务股份有限公司（香港上市，股票代码：00552.HK），是西北地区信息通信领域的骨干服务企业。公司成立于2018年，依托母公司“信息化领域综合服务主导者”的战略定位，聚焦通信技术、信息服务、工程建设等核心领域，为客户提供全链条、一体化解决方案。核心业务与服务能力： 1.通信网络全生命周期服务-覆盖5G基站建设、通信线路维护、铁塔运营、网络优化及托管，服务中国移动、中国联通、中国电信等主流运营商，支撑西北地区通信基础设施高效运行。 2.数字化与信息技术服务-提供智慧城市解决方案、系统集成、软件开发（拥有多项软件著作权）、大数据分析及行业应用，助力政府、企业数字化转型。 3.工程建设与综合服务-具备通信工程施工、建筑工程设计与监理、招标代理等资质，承接工业与民用建筑、通信工程勘察设计、项目管理等业务，累计参与超百个省市级重点项目。 4.政企客户定制化服务-深耕政企市场，提供ICT托管、呼叫中心运营、物联网部署等增值服务，客户覆盖金融、教育、能源等多个行业。公司优势：-央企平台，资源雄厚：依托中国通信服务全国网络，共享技术研发、人才培养、市场资源，业务辐射西北并延伸全国。-技术驱动，创新赋能：拥有专业技术团队，持续投入5G、AI、大数据等前沿领域，累计获得多项专利及行业认证。-区域龙头，经验丰富：扎根西安，服务本地超500家客户，深度参与“智慧西安”“新基建”等重大工程，具备本地化服务的敏捷响应能力。-资质齐全，品质保障：持有第二类增值电信业务许可证、通信工程总承包资质、ISO质量/环境/职业健康安全管理体系认证，服务标准与国际接轨。企业文化与人才发展：-价值观：以“客户为根，服务为本”，倡导“创新、协同、担当、共赢”的企业精神。-员工成长：-提供“管理+技术”双通道晋升机制，配套系统化培训（岗前培训、技能认证、领导力课程）；-推行“导师制”，助力新人快速融入；设立创新奖励基金，鼓励技术攻关与业务突破。-工作氛围：年轻化团队（平均年龄32岁），扁平化管理，注重跨部门协作，定期组织团建、技能竞赛、员工关怀活动。加入我们，共筑未来：作为信息通信与数字化服务的“国家队”，我们始终站在技术变革的前沿，为员工提供与行业顶尖团队共事的机会、具有竞争力的薪酬福利（六险二金、带薪年假、节日福利等），以及参与国家级重大项目的实践平台。,"https://www.zhaopin.com/jobdetail/CC826969330J40751807509.htm?refcode=4019&srccode=401901&preactionid=a7c1140f-c46c-45e5-b867-ab342d8bdc77"
1563,测试工程师,南京-溧水区,1.8-1.9万·13薪,瞬联软件科技(北京)有限公司,计算机软件,1000-9999人,不需要融资,CC000276520J40935159304,工作职责： 1. 从系统测试的角度参与需求和设计文档的评审； 2. 根据产品需求规格、功能规格及相关法规，与TC（测试协调员）、开发工程师及其他测试组织专家一起创建系统测试用例； 3. 根据测试计划设计并准备测试环境和设备配置； 4. 从用户角度出发，按照测试计划执行定义好的测试； 5. 记录测试过程中发现的产品问题，并与开发工程师共同支持调试过程； 6. 生成并归档系统测试报告； 7. 根据最新的自动化测试引擎要求维护系统测试平台； 8. 参与跨国团队及国际项目（如中国、欧洲等），分析并支持现场问题； 9. 具备职业安全/工作安全意识； 10. 完成直线经理根据业务需要安排的其他任务。工作要求：  1. 电气工程、计算机科学或相关专业本科及以上学历；  2. 2年以上系统测试领域工作经验；  3. 熟悉驱动器/变频器系统的功能和应用；  4. 了解精益（LEAN）/敏捷（AGILE）开发与测试流程；  5. 至少熟悉一种主流编程语言或脚本语言（如C#、JS、Python、VB等）；,2025-07-27 00:41:01,"成立于2000年，瞬联为欧立腾集团（ALTEN Group）成员，提供专业的技术咨询、软件研发及行业级整体技术解决方案。瞬联在电信、嵌入式、IoT、汽车、移动互联网及企业软件方案等领域拥有超过20年的深厚研发经验。瞬联通过其优质的交付能力、灵活的合作模式和客户导向的理念赢得了许多世界500强企业客户，公司在大中华地区、美国、加拿大、欧洲的主要城市设有办公室和研发中心。近年来，瞬联16次被国际外包专业协会（IAOP）评为全球外包行业100强公司，同时也屡次得到Gartner、IDC和中国外包网等国内外机构的奖项和荣誉。瞬联拥有ISO27001，ISO9001，ISO14001和ISO45001认证以及CMMI3证书（含敏捷开发流程）。欧立腾集团作为欧洲技术咨询服务领导者，目前已在全球30个国家拥有近57,400名员工。欧立腾提供汽车，航空，信息技术，网络与通讯，半导体，金融服务，零售，医疗保健&生命科学及能源等领域技术工程咨询服务及解决方案。","https://www.zhaopin.com/jobdetail/CC000276520J40935159304.htm?refcode=4019&srccode=401901&preactionid=a7c1140f-c46c-45e5-b867-ab342d8bdc77"
1564,前端开发,北京-海淀区,1.5-1.6万·14薪,外企德科数字技术有限公司,专业技术服务,10000人以上,,CCL1480117890J40798188205,岗位内容： 1. 开发响应式Web页面和功能组件，确保优秀的用户体验 2. 与后端开发人员合作，实现应用程序的完整性和可维护性 3. 设计和实现复杂的前端UI交互，并在跨浏览器环境中进行测试和故障排除 任职要求： 1. 精通HTML、CSS和JavaScript，并熟悉至少一种主要的前端框架（如React或Angular） 2. 具备良好的沟通能力和团队合作精神，有解决问题的能力和创新思维 3. 至少两年以上相关前端开发工作经验,2025年07月30日,外企德科数字技术有限公司是一家2023年新成立的中外合资企业。成立于2023年11月24日，公司定位：专注于为信息技术企业提供人才及数字技术外包解决方案的中外合资企业。它是由中国人力资源服务行业的FESCO（北京国际人力资本集团）与全球人力资源服务领导者The Adecco Group（德科集团）合资成立的。公司主要提供网络技术服务、软件外包服务、计算机系统服务、技术进出口、软件开发等信息技术相关服务。专注于为信息技术企业提供信息技术类人才及数字技术外包解决方案。,"https://www.zhaopin.com/jobdetail/CCL1480117890J40798188205.htm?refcode=4019&srccode=401901&preactionid=a7c1140f-c46c-45e5-b867-ab342d8bdc77"
1565,Java,西安-雁塔区,1.4-2.8万·14薪,外企德科数字技术有限公司,专业技术服务,10000人以上,,CCL1480117890J40659992305,岗位要求： 1、扎实的编程能力，熟悉算法和数据结构；熟悉计算机的基础理论； 2、熟练使用java/c/c++/python/js其中一种语言，掌握Spring相关生态开源框架，熟悉MySql、MQ、Redis、SpringCloud等，熟悉事务、缓存、消息、负载均衡等； 3、熟悉Linux开发环境； 4、具有大规模高并发云服务设计和开发经验优先； 5、有微服务、容器相关开发经验优先。 任职要求： 1、扎实的编程能力，熟悉算法和数据结构；熟悉计算机的基础理论； 2. 软件基础扎实，熟悉掌握但是不限于Java/Js/C/C++/Python/Go/JS等编程语言，有良好的编程习惯。 3. 具备独立工作能力和独立解决问题的能力，善于沟通，乐于协作，热衷于新技术，善于总结分享，喜欢动手实践。,2025-07-27 00:23:24,外企德科数字技术有限公司是一家2023年新成立的中外合资企业。成立于2023年11月24日，公司定位：专注于为信息技术企业提供人才及数字技术外包解决方案的中外合资企业。它是由中国人力资源服务行业的FESCO（北京国际人力资本集团）与全球人力资源服务领导者The Adecco Group（德科集团）合资成立的。公司主要提供网络技术服务、软件外包服务、计算机系统服务、技术进出口、软件开发等信息技术相关服务。专注于为信息技术企业提供信息技术类人才及数字技术外包解决方案。,"https://www.zhaopin.com/jobdetail/CCL1480117890J40659992305.htm?refcode=4019&srccode=401901&preactionid=a7c1140f-c46c-45e5-b867-ab342d8bdc77"
1566,前端开发,北京-通州区,1-2万,首都信息发展股份有限公司,"互联网,计算机软件,IT服务",1000-9999人,已上市,CC000103760J40762037907,岗位职责：   1、参与需求分析，编写信息化需求UI部分说明书；   2、负责Web前端功能设计、开发、调试和发布；   3、负责和后台开发人员协作，完成数据交互与动态展现。     任职条件：   1. 统招本科及以上学历，计算机相关专业，优秀的应届生可以考虑；   2. 精通JavaSctipt/TypeScript，熟练掌握ES6规范，及AJAX、JSON、H5等web开发相关技术；   3. 熟练使用vue框架，对vue全家桶有自己的理解；   4. 熟练掌握微信/支付宝端小程序的开发、调试、发布流程；   5. 优秀的分析问题和解决问题能力，用于承担和解决项目内的疑难问题，具有良好的团队意识，沟通流畅，有团队合作精神；   6. 具备良好的时间管理和责任感，至少参与过1个多人合作的中大型项目；   7. 有EChart、Three.js开发经验的优先；   8. 有使用AI辅助编程实践经验者优先考虑。 ,7月22日,首都信息发展股份有限公司（简称：首都信息）成立于1998年1月，围绕首都信息化及数字北京基础设施建设开展工作。2011年1月21日，公司转香港联交所主板上市，股票代码1075。在抗击非典、北京奥运、国庆阅兵、APEC峰会等重大突发事件和社保卡系统、医疗保险信息系统、住房公积金系统、空气质量监控系统、社区服务信息系统等民生服务中，“首都信息”更是树立了“客户服务为先，经济效益为本”与时俱进的新国企形象！“首都信息”立足北京，面向全国，把握京津冀一体化、城市副中心、冬奥会建设契机，紧跟云计算、物联网、大数据、移动互联等技术发展趋势，深耕“互联网+政务”、智慧医疗健康、企业智慧创新等业务领域，致力于成为“领先的智慧城市运营服务商”和全面实现“创新IT服务，让城市更智慧，让生活更便捷”的企业使命！,"https://www.zhaopin.com/jobdetail/CC000103760J40762037907.htm?refcode=4019&srccode=401901&preactionid=a7c1140f-c46c-45e5-b867-ab342d8bdc77"
1567,Java,西安-雁塔区,1.4-2.8万·14薪,外企德科数字技术有限公司,专业技术服务,10000人以上,,CCL1480117890J40786243605,岗位要求： 1、扎实的编程能力，熟悉算法和数据结构；熟悉计算机的基础理论；  2、熟练使用java/c/c++/python/js其中一种语言，掌握Spring相关生态开源框架，熟悉MySql、MQ、Redis、SpringCloud等，熟悉事务、缓存、消息、负载均衡等；  3、熟悉Linux开发环境；  4、具有大规模高并发云服务设计和开发经验优先；  5、有微服务、容器相关开发经验优先。  任职要求：  1、扎实的编程能力，熟悉算法和数据结构；熟悉计算机的基础理论；  2、软件基础扎实，熟悉掌握但是不限于Java/Js/C/C++/Python/Go/JS等编程语言，有良好的编程习惯。  3、 具备独立工作能力和独立解决问题的能力，善于沟通，乐于协作，热衷于新技术，善于总结分享，喜欢动手实践。,2025-07-27 00:25:28,外企德科数字技术有限公司是一家2023年新成立的中外合资企业。成立于2023年11月24日，公司定位：专注于为信息技术企业提供人才及数字技术外包解决方案的中外合资企业。它是由中国人力资源服务行业的FESCO（北京国际人力资本集团）与全球人力资源服务领导者The Adecco Group（德科集团）合资成立的。公司主要提供网络技术服务、软件外包服务、计算机系统服务、技术进出口、软件开发等信息技术相关服务。专注于为信息技术企业提供信息技术类人才及数字技术外包解决方案。,"https://www.zhaopin.com/jobdetail/CCL1480117890J40786243605.htm?refcode=4019&srccode=401901&preactionid=a7c1140f-c46c-45e5-b867-ab342d8bdc77"
1568,技术支持工程师,宁波-北仑区,9000-18000元,青岛安然物联网科技有限公司,"物联网,物联网",20-99人,未融资,CC559764920J40822817804,需要弱电技术、自动化、安防系统、工业互联网+危化安全生产、物联网人才，不要纯软件人才。  你能经常到全国各地出差吗？你能到工业生产现场生产现场做技术支持吗？   真正的奋斗者在安然会有让人值得为之奋斗的事业，会有充实、高效的成长，会有高人一等的收入。   你能做好售前技术支持、根据客户需求，高效制作方案吗？你能做好售中技术支持、指导他人正确安装、部署、调试系统向用户保质保量快速交付吗？你能做好售后维护，高效沟通和落实客户需求吗？   迄今已服务中石化、中石油、延长石油、国能、兖矿、京能、索普、新安、奇美、昊源、潞安、旭阳、垦利、逸盛、海科、酒钢、金发等几百家石化、化工、选煤、钢铁、电厂企业。    安然以客户为中心，以强者为本，抬头乐干，愿意与同道中人联合、链接，携手共建、共用、共享生产安全命运共同体，一起干，一起干，让优秀企业更安全，让优秀企业更高效！,7月22日,基于精准人员定位的工业安全生产信息化管理专家，安全生产信息化管理引领者！作为全国实时定位技术标准工作组成员和应急管理部“工业互联网+危化安全生产”人员定位系统技术支持机构，安然从2012年起致力于基于ZigBee Plus三维立体按需精准定位的“工业互联网+安全生产”的研究，获得了20多项安全智能管控系统发明专利和著作权，持续引领中国化工行业生产现场智慧安全！安然以“准、稳、狠”的ZigBee Plus三维立体按需精准人员定位统和“底数清、数据准、情况明、研判准、措施实”的安全生产信息化平台为核心，整合访客管理、出入口控制、人脸识别、视频监控、语音广播、重大危险源监控、可燃有毒气体监测等系统，对生产现场人、机、料、法、环五大要素进行实时、动态、智能管控和预警，规范人的安全行为，保障人的生命安全，有效防范风险、主动化解风险，实现智慧安全。安然“以用为本”，把安全生产信息化建设与公司管理体系“深度融合”，把安全生产信息化建设与日常工作“紧密结合”，对安全生产切实“有用、实用、好用”，避免建用“两张皮”，让安全管控更智能，让生产更高效才实用。迄今已服务中石化、中石油、延长石油、国能、兖矿、京能、索普、新安、奇美、昊源、潞安、旭阳、垦利、逸盛、海科、酒钢、金发等几百家石化、化工、选煤、钢铁、电厂企业。安然以客户为中心，以强者为本，抬头乐干，愿意与同道中人联合、链接，携手共建、共用、共享生产安全命运共同体，一起干，一起干，让优秀企业更安全，让优秀企业更高效！,"https://www.zhaopin.com/jobdetail/CC559764920J40822817804.htm?refcode=4019&srccode=401901&preactionid=a7c1140f-c46c-45e5-b867-ab342d8bdc77"
1569,实施工程师,上海-徐汇区,2-4万,鹤壁市联明电器有限公司,"汽车零部件,电子/半导体/集成电路",300-499人,未融资,CC248525330J40628769213,一、职位概述 负责公司国内及海外OEM客户的技术支持。 二、主要职责 1、配合公司业务团队完成售前/售后技术支持工作，包括分析客户需求、向客户提供技术咨询，方案说明，对技术方案的讲解和答疑； 2、与公司业务团队密切沟通，进行市场调研及竞争对手技术分析，了解和收集产品未来发展的趋势及应用场景，为产品研发提供有价值的意见，定期客户技术交流，提升产品技术认知度，收集聆听客户需求VOC，提出新产品研发需求，满足市场需要； 3、协助销售制定产品策略和技术方案，协调公司内外部资源，确保项目产品目标的实施和交付； 4、负责项目产品过程中的内外部技术交流、沟通和技术支持服务，跟踪项目产品研发、生产、交付及服务各项环节进度，积极对公司产品及市场发展提供意见； 5、负责海外客户现场售后问题的对接，协调公司内部资源进行对应，及时反馈售后服务信息，为公司产品质量的提升提供改进建议； 6、对销售业务团队进行技术培训、向客户进行产品培训、技术讲解和交流； 7、完成领导安排的其他工作内容。  三、任职要求 1.士，35岁左右，本科及以上学历，工作语言为英文，具备流利的英语听说读写能力，能够与海外客户进行顺畅的沟通和交流。理工科相关专业（如电子、机械、自动化等）优先，具备良好的技术基础。 2.有较强的技术理解能力和学习能力，能够快速掌握公司产品的技术特点和应用场景，为客户提供专业的技术支持和解决方案。 3.具备良好的沟通协调能力和团队合作精神，能够与公司内部各部门以及海外客户、合作伙伴等进行有效的沟通和协作。 4.具备较强的抗压能力和适应能力，能够适应相应的出差和海外工作环境。 四、工作条件 1. 工作地点：上海/摩洛哥（根据工作需要海外出差）。   2. 工作时间：按照公司规定的工作时间执行，因时差原因可能需要在非工作时间与海外客户进行沟通和协调。,10月12日,鹤壁市联明电器有限公司总部地址位于河南省鹤壁市，鹤壁经济技术开发区东杨工业区新安江路001号，公司在郑州设立有研发分部，从事高端汽车电子产品的研发。公司于2014年09月29日在鹤壁市工商行政管理局开发区分局注册成立，注册资本为500万元，我们始终为客户提供好的产品和技术支持、健全的售后服务。我公司主要研发、生产、销售汽车中央配电盒、底盘配电盒、电源总开关、车身控制器、新能源汽车高压配电盒、塑料件等汽车零部件产品，产品为一汽解放、中国重汽、东风柳汽、陕汽、徐工、华菱、江淮、三一、一汽丰田等多个汽车主机厂配套。,"https://www.zhaopin.com/jobdetail/CC248525330J40628769213.htm?refcode=4019&srccode=401901&preactionid=a7c1140f-c46c-45e5-b867-ab342d8bdc77"
1570,技术支持工程师,沧州-黄骅市,7000-14000元,青岛安然物联网科技有限公司,"物联网,物联网",20-99人,未融资,CC559764920J40822993604,需要弱电技术、工业互联网+、物联网人才，不要纯软件人才。  你能经常到全国各地出差吗？你能到化工生产现场做技术支持吗？     真正的奋斗者在安然会有让人值得为之奋斗的事业，会有充实、高效的成长，会有高人一等的收入。,7月26日,基于精准人员定位的工业安全生产信息化管理专家，安全生产信息化管理引领者！作为全国实时定位技术标准工作组成员和应急管理部“工业互联网+危化安全生产”人员定位系统技术支持机构，安然从2012年起致力于基于ZigBee Plus三维立体按需精准定位的“工业互联网+安全生产”的研究，获得了20多项安全智能管控系统发明专利和著作权，持续引领中国化工行业生产现场智慧安全！安然以“准、稳、狠”的ZigBee Plus三维立体按需精准人员定位统和“底数清、数据准、情况明、研判准、措施实”的安全生产信息化平台为核心，整合访客管理、出入口控制、人脸识别、视频监控、语音广播、重大危险源监控、可燃有毒气体监测等系统，对生产现场人、机、料、法、环五大要素进行实时、动态、智能管控和预警，规范人的安全行为，保障人的生命安全，有效防范风险、主动化解风险，实现智慧安全。安然“以用为本”，把安全生产信息化建设与公司管理体系“深度融合”，把安全生产信息化建设与日常工作“紧密结合”，对安全生产切实“有用、实用、好用”，避免建用“两张皮”，让安全管控更智能，让生产更高效才实用。迄今已服务中石化、中石油、延长石油、国能、兖矿、京能、索普、新安、奇美、昊源、潞安、旭阳、垦利、逸盛、海科、酒钢、金发等几百家石化、化工、选煤、钢铁、电厂企业。安然以客户为中心，以强者为本，抬头乐干，愿意与同道中人联合、链接，携手共建、共用、共享生产安全命运共同体，一起干，一起干，让优秀企业更安全，让优秀企业更高效！,"https://www.zhaopin.com/jobdetail/CC559764920J40822993604.htm?refcode=4019&srccode=401901&preactionid=a7c1140f-c46c-45e5-b867-ab342d8bdc77"
1571,软件测试,南京-秦淮区,1.3-1.5万,南京启硕知拓教育科技有限公司,专业技术服务,20人以下,,CCL1504906540J40770039310,岗位内容： 1. 设计并执行测试用例，记录测试结果并准备测试报告。 2. 协调开发人员、项目经理和测试团队成员，以确保遵守时间表和产品质量标准。 3. 使用自动化测试框架和工具来提高测试效率和覆盖率。 4. 不断改进测试流程和方法，以提高质量和效率。 5. 关注产品质量和客户需求，确保稳定、可靠和用户友好的软件交付。 任职要求： 1. 熟悉软件测试方法和流程。 2. 掌握至少一种自动化测试框架和脚本语言（如Selenium、Python、Robot Framework）。 3. 具备良好的团队合作精神和沟通能力。 4. 能够承受压力，在快节奏的环境中高效工作。 5. 有问题解决的能力和主动学习的态度。,7月28日,,"https://www.zhaopin.com/jobdetail/CCL1504906540J40770039310.htm?refcode=4019&srccode=401901&preactionid=a7c1140f-c46c-45e5-b867-ab342d8bdc77"
1572,实施工程师,运城-盐湖区,8000-16000元,青岛安然物联网科技有限公司,"物联网,物联网",20-99人,未融资,CC559764920J40884197004,岗位职责： 1. 负责石化、化工厂人员定位系统的现场实施、现场交付和技术赋能等工作。 2. 对接客户需求，进行需求调研，制定详细的施工方案和计划。 3. 确保项目按照既定的时间节点和质量要求完成交付。 4. 对已交付的项目进行后期技术支持与维护。 岗位要求： 1. 年龄在25-35岁之间。 2. 能够适应经常出差的工作要求。 3. 熟悉信息化、弱电及工业互联网相关技术。 4. 具备良好的沟通协调能力和问题解决能力。,7月22日,基于精准人员定位的工业安全生产信息化管理专家，安全生产信息化管理引领者！作为全国实时定位技术标准工作组成员和应急管理部“工业互联网+危化安全生产”人员定位系统技术支持机构，安然从2012年起致力于基于ZigBee Plus三维立体按需精准定位的“工业互联网+安全生产”的研究，获得了20多项安全智能管控系统发明专利和著作权，持续引领中国化工行业生产现场智慧安全！安然以“准、稳、狠”的ZigBee Plus三维立体按需精准人员定位统和“底数清、数据准、情况明、研判准、措施实”的安全生产信息化平台为核心，整合访客管理、出入口控制、人脸识别、视频监控、语音广播、重大危险源监控、可燃有毒气体监测等系统，对生产现场人、机、料、法、环五大要素进行实时、动态、智能管控和预警，规范人的安全行为，保障人的生命安全，有效防范风险、主动化解风险，实现智慧安全。安然“以用为本”，把安全生产信息化建设与公司管理体系“深度融合”，把安全生产信息化建设与日常工作“紧密结合”，对安全生产切实“有用、实用、好用”，避免建用“两张皮”，让安全管控更智能，让生产更高效才实用。迄今已服务中石化、中石油、延长石油、国能、兖矿、京能、索普、新安、奇美、昊源、潞安、旭阳、垦利、逸盛、海科、酒钢、金发等几百家石化、化工、选煤、钢铁、电厂企业。安然以客户为中心，以强者为本，抬头乐干，愿意与同道中人联合、链接，携手共建、共用、共享生产安全命运共同体，一起干，一起干，让优秀企业更安全，让优秀企业更高效！,"https://www.zhaopin.com/jobdetail/CC559764920J40884197004.htm?refcode=4019&srccode=401901&preactionid=a7c1140f-c46c-45e5-b867-ab342d8bdc77"
1573,测试工程师,绵阳-涪城区,4000-6000元,四川杰成人力资源服务有限公司,"咨询服务,互联网",1000-9999人,不需要融资,CC629673980J40758753509,岗位职责： 1、通过仪器、仪表完成对对产品的全温度段的测试、调试，针对测试、调试中出现的问题进行排故维修； 2、需出差参与售后保障及外场试验任务，时间长短不定。 上班时间： 8:30～17:30 周末双休 如偶尔遇任务紧急，可能会延长加班时间（会算加班工资） 岗位要求： 1、能适应加班、接受出差、倒班等工作要求 2、电子信息类、自动化类、电气类、计算机类等相关专业，有相关从业经验者优先。 3、大专及以上学历 工作待遇： 1、试用期2个月，试用期税后3500元/月 2、试用期会有考核，根据个人绩效表现，薪资可能会有调整，税后3500-6000元/月，包含基础工资、月度绩效奖金、餐补、BM补贴；  3、年终奖金根据绩效情况考核发放；  4、加班：工作日及周末加班，调换休；法定节假日加班按照劳动法3倍工资发放； 5、出差按公司相关政策发放补贴。 6、入职买五险一金,7月25日,杰成人力资源集团（英文简称“JC”）于2011年成立于中国重庆，是中国西南地区领先的专业人力资源外包服务机构，凭借强大的运营能力和极致的服务理念名列行业前茅。集团主营业务有：人事外包、制造外包、灵活用工以及大学生就业能力培养，同时积极涉足校企联合办学等相关领域，为超过500家大中型企业提供了专业的人力资源外包等相关服务。目前，集团外派雇员已超过10000人，年均输送量在50000人以上，累计安置就业人员已超过200000人次，得到客户和雇员的一致好评。经过多年的探索与发展，杰成已建立起一条集“资源渠道开发—资源优化配置—资源服务—方案解决”于一体的专业BPO服务产业链，在重庆、成都、贵阳、苏州等城市建立起分/子公司，在重庆、四川联合开办了职业学校。目前集团有多家人力资源外包运营实体公司：重庆思博人力资源服务有限公司，重庆杰成服务外包股份有限公司，重庆杰成合力服务外包有限公司，重庆云阳汇智服务外包有限公司，贵州杰成合力服务外包有限公司，重庆柚丁科技有限公司等。杰成人力资源集团拥有一支文化水平高、专业能力强、积极向上的管理队伍--由拥有多年人力资源服务行业、法律行业从业经验的高端人才组成的运营管理团队、专家顾问团队，为客户提供量身定制的人力资源外包服务综合解决方案，有效地帮助客户管理和降低人力成本，使其专注于核心事务从而提升核心竞争力。,"https://www.zhaopin.com/jobdetail/CC629673980J40758753509.htm?refcode=4019&srccode=401901&preactionid=a7c1140f-c46c-45e5-b867-ab342d8bdc77"
1574,前端开发,郑州-金水区,7000-10000元·13薪,河南中子星节能科技有限公司,人工智能,20-99人,,CC481845280J40771484105,1. 有单体项目的前端开发经验，可以对前端整体把关。 2. 熟练掌握至少一门编程语言和相关技术栈，如 JavaScript 或 Python。 3. 使用常见的前端框架（如 React、Angular 或 Vue）和后端框架（如 Express、Spring 或 Django）进行开发。 4. 熟练使用MySQL等非关系型数据库，了解使用前端对接Redis，有扎实的html、JavaScript、css等开发技术和JS语言技术。 5. 编写高质量的代码，具备良好的测试习惯和代码审查能力。 6. 具备优秀的沟通合作能力和问题解决能力，与产品经理、设计师和其他团队成员合作，确保项目按预期交付。 7. 拥有自我驱动精神，具备快速学习新技术和适应团队工作的能力。 8. 有web产品研发经验者优先。,4月30日,,"https://www.zhaopin.com/jobdetail/CC481845280J40771484105.htm?refcode=4019&srccode=401901&preactionid=a7c1140f-c46c-45e5-b867-ab342d8bdc77"
1575,软件测试,重庆-江津区,8000-10000元,重庆科满福人力资源服务有限公司,企业服务,20-99人,,CCL1487604860J40922561704,【岗位职责】： 1、软件测试岗位职责  2、接受测试任务，进行需求分析 3、按照测试计划搭建测试环境，并保证测试环境的可靠性 4、按照测试计划编亏测试用例，保证测试用例合理有效 5、按照测试用例执行测试，及时发现缺陷，并使用工具进行管理缺陷 6、编写和提交测试报告，保证测试进度按计划完成 7、参与审核其他测试工程师的测试用例和报告 8、学习公司已有方案和推广使用新的测试技术和工具,6月28日,,"https://www.zhaopin.com/jobdetail/CCL1487604860J40922561704.htm?refcode=4019&srccode=401901&preactionid=a7c1140f-c46c-45e5-b867-ab342d8bdc77"
1576,硬件测试,成都-邛崃市,5000-7000元·13薪,成都锐芯盛通电子科技有限公司,电子/半导体/集成电路,100-299人,C轮,CC236380830J40787026212,工作内容：,7月24日,成都锐芯盛通电子科技有限公司（以下简称“锐芯盛通”或“公司”）成立于2014年10月，是一家典型的高科技企业。公司以有源相控阵技术工程化和产业化为奋斗目标，致力于成为国内外领先的毫米波有源相控阵系统专业提供商。公司研发的高端毫米波有源相控阵系统将功能SOC芯片、集成化SIP、标准化TR组件、电源管理系统和波束控制软件等集成一体，主要应用于低空雷达、高速通信等领域。公司现已取得国家专精特新“小巨人”企业、高新技术企业、成都市“瞪羚企业”等多项资质和荣誉，各项知识产权已超过百项。四川锐芯众成科技有限公司（以下简称“锐芯众成”），成立于2020年6月，系锐芯盛通全资子公司，注册于邛崃市羊安街道天府新区半导体材料产业功能区。公司建成的有源相控阵研发生产平台于2021年10月投入运营。平台包括近 6000平米的万级净化区域、750平米的环境试验区，3个 10*22*9.5米的中型微波暗室和 1个 32*15*14.5米的大型微波暗室，以及各型生产、测试设备近千台，满产可实现年产 100万个 TR通道。锐芯盛通作为一家优质的高科技企业，现已进入高增长发展阶段，我们虚位以待，诚邀各路英才加盟；我们敞开怀抱，与你共创未来！公司为员工提供富有竞争力的薪资福利，提供社保、住房公积金、年度体检、补充商业保险、节日贺礼、医疗慰问金、品质团建、通勤保障、温馨宿舍、美食餐厅等配套福利。公司精神：勇敢坚毅、自强自信、开放创新、守诚守信工作氛围：尊重、开放、学习、成长员工关系：关怀、友爱、团结、协作公司地址：一、锐芯盛通-成都研发中心：成都市青羊区敬业路108号青羊工业总部基地T区20栋7层二、锐芯众成-邛崃智造中心：邛崃市羊安街道天府新区半导体材料产业功能区樊哙大道32号三、智造中心提供通勤车服务：郫都区、温江区、新津新平地铁站设站点往返接送员工邮箱：hr@raxio.cn,"https://www.zhaopin.com/jobdetail/CC236380830J40787026212.htm?refcode=4019&srccode=401901&preactionid=a7c1140f-c46c-45e5-b867-ab342d8bdc77"
1577,实施工程师,长春-南关区,4000-6000元,吉林省创域智能科技有限公司,人工智能,100-299人,,CCL1492294090J40652847206,岗位内容： 1. 回答来自客户和同事的问题，并提供第一时间的技术支持服务。 2. 根据客户需求开展问题分析和故障排除，协助用户完成各项工作任务。 3. 建立和维护客户关系，监控并反馈用户需求信息和市场动态。 4. 积极参与制定和优化技术支持流程，提升部门效率和客户满意度。 任职要求： 1. 具备良好的沟通技巧和客户服务意识，能够处理复杂的客户关系； 2. 熟练掌握基础网络、服务器、存储、虚拟化、安全等相关知识和技能； 3. 高中或以上学历，计算机相关专业毕业优先考虑； 4. 具备较强的团队合作精神和协调能力，能够适应快速变化的工作环境。,6月13日,,"https://www.zhaopin.com/jobdetail/CCL1492294090J40652847206.htm?refcode=4019&srccode=401901&preactionid=a7c1140f-c46c-45e5-b867-ab342d8bdc77"
1578,软件测试,武汉-洪山区,4000-6000元,武汉欣业达科技有限公司,"互联网,卫生服务,贸易/进出口,计算机软件",20-99人,,CC204120320J40113388908,岗位职责：     1、负责app和pc端OA系统的前置P端的测试及维护；,2025年07月30日,武汉欣业达科技有限公司成立于2010年3月，从事网站建设、网站运营、网络推广业务。在健康中医医疗网络营销行业取得了较好成果推广品牌有“李小平中医门诊”，公司的中医药平台及推广的产品已由国内市场拓展到美国等海外国家。公司提倡“以人为本，任人唯贤”。诚邀各位人才加盟。我们求贤若渴，更着重于人才梯队的培养发展，真诚邀请热忱、愿接受挑战并富于团队精神的您加入到我们队伍中来!我们将为您提供以下福利待遇： 1、员工旅游，生日福利及各类团队文娱活动； 2、BRT直达公司楼下，单独的茶水间，配备有微波炉、冰箱供员工使用； 3、广阔的职业发展空间，为每一位员工提供公平、平等、丰富的职业发展平台； 4、提供各类法定带薪假期，民俗节日发放过节礼品； 5、舒适、整洁、开放的办公环境；公司关心的不仅是员工的个人技能，更关注员工今后的职业发展！,"https://www.zhaopin.com/jobdetail/CC204120320J40113388908.htm?refcode=4019&srccode=401901&preactionid=a7c1140f-c46c-45e5-b867-ab342d8bdc77"
1579,前端开发,大连-沙河口区,100-120元/天,东软教育科技集团有限公司,"计算机软件,IT服务,培训/辅导服务,学术/科研",1000-9999人,已上市,CC846342910J40663484106,"岗位职责: 1.负责PC端Web应用前端开发；   任职要求: 1.有HTML,Javascript,CSS基础，可以熟练使用ES5/ES6/ES7语法； 2.有Web开发经验 3.熟悉 Vue、 React 等主流开发框架，熟悉Vue3.2 或 有过Vue3.0以上版本的项目经验优先； 4.熟练运用 vite、webpack、gulp 等前端构建工具，对前端工程化、模块化、组件化有过深入研究； 5.具有较强的沟通能力与团队合作精神；具有良好的分析问题、解决问题的能力以及较强的学习能力； 6.有自己的技术产品、开源作品或活跃的开源社区贡献者优先。",7月24日,"大连东软教育科技集团有限公司（以下简称“东软教育科技集团”）总部位于大连，是一家国内领先的民办IT高等教育服务提供者。二十年来东软教育科技集团以学习者的价值创造为核心，以全日制学历高等教育业务为基础，线上线下融合，大力拓展教育资源输出、继续教育两大业务，建立了三大业务板块彼此支撑、耦合互动的数字化人才教育服务生态体系，成为全面的教育服务提供者。全日制学历高等教育作为中国最大的IT解决方案与服务提供商，东软在自身快速发展过程中深刻认识到高校人才培养与IT产业人才需求之间的差距，人才供需的严重脱节催生了东软的办学梦想。依托东软雄厚的产业基因和技术资源优势，自2000年起,在辽宁大连、四川成都、广东佛山以全新的体制机制，高起点、高标准建立了三所IT应用型本科高校——大连东软信息学院、成都东软学院、广东东软学院，现有全日制本专科在校生3.4万余名，累计毕业生已超10万人，为推动中国IT产业发展做出了积极贡献。东软教育始终坚持“教育创造学生价值”理念，构建了产教融合、面向应用的办学体制，形成了校企合作、协同共赢的运行机制，创造性提出并实施了TOPCARES一体化人才培养模式，打造了享誉全国、独具东软特色的SOVO创新创业教育体系，建设了产学研深度融合的大学科技园，采用了高效运营与共享的集团化管理模式，推动三所大学实现了跨越式发展，已成为中国民办IT高等教育的引领者。继续教育业务凭借东软“IT+健康医疗科技”的产业实践，以及东软三所大学的应用型教育积淀，东软教育以大连、成都、佛山等基地为支撑，构建了具有东软特色的继续教育服务体系，大力发展线上线下相融合的混合式终身教育模式。一是依托东软三所大学，积极开展成人高起专、成人专升本、成人教育网络化等学历继续教育业务，以及高等教育自学考试助学业务；二是承接由政府、企业和院校等委托开展的各类非学历短期培训业务，现有客户覆盖教育、人社、工信等各级政府部门，以及金融、建筑、能源等行业企业；三是面向高校在校生、毕业生和社会个体学员，开展IT就业技能培训业务，精准提升学员就业竞争力。教育资源输出业务依托东软雄厚的产业优势与学历教育丰厚的办学积淀，将领先的教育理念、模式、方法、体系、标准等数字化、产品化、平台化，以专业共建与产业学院、智慧教学平台与教学内容、实验实训室解决方案、数字工场等多种形式，用一流的教育产品和服务为合作院校赋能。东软教育科技集团采用独特的O2O、轻资产、少人力的“3+N”模式，将东软”3”所大学多年办学积淀的优质知识资产输出到“N”所普通本科和职业院校。一方面，集团与合作院校、当地政府三方合作共建“区域合作平台示范校”，在开展专业共建的同时，充分发挥平台示范校引领及辐射推广效应，依托区域交付中心为区域内其它合作院校提供数字工场等共享平台服务；另一方面，与分布全国的众多区域合作院校开展专业共建合作，通过提供专业新建及专业共建等服务，提升合作院校专业建设及人才培养水平。","https://www.zhaopin.com/jobdetail/CC846342910J40663484106.htm?refcode=4019&srccode=401901&preactionid=a7c1140f-c46c-45e5-b867-ab342d8bdc77"
1580,科研人员,太原-小店区,7000-10000元,清华大学山西清洁能源研究院,社团/组织/社会保障,20-99人,,CC342437280J40782739605,工作内容： 1. 研究生物质、固废的热解、气化、水热技术及CO2捕集转化技术，进行相应的实验、数据分析、文章撰写、专利申请等工作； 2. 参与科研项目的日常管理、年度报告、中期检查材料的准备工作； 3. 高效完成项目组安排的其他任务。 岗位要求： 1. 能源动力工程、环境工程、化学工程等相关专业硕士及以上学历； 2. 熟练使用office软件； 3. 具有良好的英文听说读写能力，良好的沟通能力及团队合作精神； 4. 热爱科研工作，具有浓厚的科研兴趣和严谨的科研作风； 5. 爱岗敬业、忠于职守、踏实细心。,7月26日,清华大学山西清洁能源研究院是由清华大学独立举办，在山西省设立登记，从事科研开发、科研成果转化及产业化相关活动的事业单位。本单位的宗旨是：发挥清华大学学科优势和山西省清洁能源研究的资源和技术优势，促进科技成果转化，推动行业科技进步和山西省区域经济发展...,"https://www.zhaopin.com/jobdetail/CC342437280J40782739605.htm?refcode=4019&srccode=401901&preactionid=a7c1140f-c46c-45e5-b867-ab342d8bdc77"
1581,C/C++,南京-浦口区,9000-15000元,江苏先维技术有限公司,计算机软件,20-99人,,CCL1296862630J40722330114,岗位职责： 1.参与软件需求分析、功能模块设计、代码编写、单元测试、模块级测试、文档编写等开发类工作； 2.根据项目具体要求，承担开发任务，按计划完成任务目标，参与软件的维护工作，及时解决使用中遇到的问题； 3.负责编制与项目相关的技术文档。 任职要求： 1.计算机或相关专业，本科及以上学历； 2.具备良好的责任心及团队合作精神，能承担一定的工作压力； 3.具有较好的学习能力及逻辑思维能力，热爱软件开发，对新技术有较强的学习兴趣； 4.熟练掌握C/C++开发技术； 5.掌握数据库、操作系统、数据结构、计算机网络等相关知识； 6.了解Linux操作系统，熟悉Linux环境下C/C++开发； 7.了解Socket编程。,2月26日,,"https://www.zhaopin.com/jobdetail/CCL1296862630J40722330114.htm?refcode=4019&srccode=401901&preactionid=a7c1140f-c46c-45e5-b867-ab342d8bdc77"
1582,测试工程师,上海-浦东新区,1.3-1.5万,四川爱多多企业管理有限公司,"电子设备制造,通用设备制造",20-99人,未融资,CCL1244023700J40776891907,,2025年07月28日,劳务派遣服务;新能源厂区电池的生产制造，汽车线束，小时工，包装，质检，成都科技厂区劳务派遣以及电子厂区；小食杂;食品经营。(依法须经批准的项目，经相关部门批准后方可开展经营活动，具体经营项目以相关部门批准准件或许可证件为准)一般项目:企业总部管理，社会经济咨询服务;以力资源服务(不含职业中介活动、劳务派遣服务)，市场营销策划:家政服务:专业保洁、清洗、消毒服务;物业管理，凭总公司授权开展经营活动:企业管理咨询;信息咨询服务(不含许可类信息咨询服务)::数据处理服务;动漫游戏开发;数据处理和存储支持服务，企业形象策划;劳务服务(不含劳务派遣);品牌管理;社会调查(不含涉外调查):市场调查!(不含涉外调查)。(除依法须经批准的项目外，凭营业执黑依法自由开展经营活动),"https://www.zhaopin.com/jobdetail/CCL1244023700J40776891907.htm?refcode=4019&srccode=401901&preactionid=a7c1140f-c46c-45e5-b867-ab342d8bdc77"
1583,科研人员,温州-龙湾区,8000-15000元,瓯江实验室,学术/科研,300-499人,,CCL1432124630J40763595712,课题组简介： 冯立召博士，课题组长，瓯江实验室研究员、浙江省高层次人才、瓯越英才。博士毕业于中国农业大学生物学院，师从夏国良教授。博士后师从美国希望之城医院神经退行性疾病系主任Yanhong Shi教授，利用iPSCs衍生神经细胞及类脑器官进行脑疾病的干细胞治疗临床应用研究及致病机制研究。熟悉创新疗法从早期研究到后期临床开发的全产业链流程，领导和管理iPSC干细胞治疗项目在美国的临床前研究。2023年8月全职加入瓯江实验室组建脑疾病创新疗法开发与临床转化课题组。 课题组以推动创新性疗法进入临床应用为最终目标，以神经遗传罕见病、神经退行性疾病、恶性肿瘤等重大疾病为研究重点，以基因细胞治疗临床转化中的难点痛点为切入点，综合利用iPSC衍生多类型神经细胞、脑类器官及病人来源肿瘤类器官等多种研究模型，深度融合多组学测序技术、人工智能算法等前沿技术开发创新性的脑部疾病新型治疗方法。   课题组研究方向： 1) 生物大数据与人工智能驱动的新型治疗细胞制备方法开发 2) 少突胶质祖细胞OPCs治疗脱髓鞘疾病的研究与临床转化 3) 以细胞为载体的药物递送与脑部疾病治疗 4) 人工智能在生物学研究中的应用探索   任职要求： 1) 身心健康，热爱生活，工作认真负责，具有良好的沟通能力和团队合作精神；能协助PI完成实验室日常实验及部分课题工作；  2) 应聘者具有神经生物学、发育生物学、生物信息学等相关学科学士学位；  3) 有转基因小鼠使用、小鼠脑立体定位技术、动物行为学、诱导多能干细胞培养与分化等研究经验者可优先考虑。   岗位待遇： 1) 工资待遇：研究助理税前年薪10-18万元。根据工作业绩，给予较为可观的科研绩效奖励。 2) 福利待遇：五险一金齐全，另有每月餐补、租房补贴、工会福利等发放。 3) 个人发展：为申请人量身定制未来发展方向和计划，全力支持申请人的个人发展，优秀者提供985/211高校博士联合培养机会。     应聘方式： 申请者请将个人简历（完整的学习和工作经历、代表性论文全文）以及其他能证明本人能力的相关材料发送至**********************，主题请注明“应聘岗位+姓名”。申请材料保密，初审合格者会尽快邮件通知安排面试。期待热爱探索创造新事物的小伙伴加入，让我们共同在人类文明的灿烂星海里一起点亮属于我们的那一颗星！,7月27日,,"https://www.zhaopin.com/jobdetail/CCL1432124630J40763595712.htm?refcode=4019&srccode=401901&preactionid=a7c1140f-c46c-45e5-b867-ab342d8bdc77"
1584,前端开发,杭州-滨江区,面议,华为技术有限公司,运营商/增值服务,10000人以上,,CC000542940J40767666614,工作职责： 1.负责华为云前端架构、UI组件库的设计和开发，以提升华为云用户体验、研发效率为目标，结合业界前端领域的技术发展持续构建前端技术竞争力； 2.负责Web基础能力建设和端到端的DevOps交付流，提供Web开发工具集，包括脚手架、项目构建脚本、框架配置能力等； 3.负责Nodejs框架的服务端开发与运维，提升前端研发效能。 职位要求： 1.熟练掌握HTML5 / CSS / JavaScript 等Web开发技能； 2.熟练掌握目前主流的前端开发框架至少一种：如React、Vue、Angular等，熟悉组件化开发，有NodeJS开发经验者优先； 3.对Web性能和安全有较深的见解和相关处理方案； 4.熟悉使用一门后台语言，Java尤佳，对前后端联合开发技术原理全面认识； 5.具有很强的学习能力和技术敏感度，有强烈的责任心和进取心，乐于学习和技术分享。 地域：深圳/西安/杭州/成都/南京/北京  薪资待遇： 15K – 30K 16薪  福利：绩效奖金、带薪年假、宵夜、班车、假日福利（端午中秋）,2025年07月28日,我们是华为，诞生于1987年。在成长的过程中，我们脚踏实地、奋勇向前。我们一直专注于ICT领域，为运营商、企业客户和消费者提供有竞争力的ICT解决方案、产品和服务。30年来我们不断积攒实力，如今已拥有来自全球170多个国家和地区的客户，全球三分之一的人口因华为受益。我们为员工提供：▲“华为大学”、“iLearning”、“导师制”等健全的培训制度；▲“专家管理双通道模式”的晋升途径；▲全球化的工作机会及视野。我们始终坚持“以客户为中心，以奋斗者为本”；只要你踏实肯干，华为就是你施展人生抱负的舞台。加入华为，与技术大牛共事，与行业精英一同成长；加入我们，你可以自带主角光环！联接，就像空气和水，慢慢融入生活的每个角落。我们期待与你一起共同探索全联接世界，共同领跑未来！我们是华为，诞生于1987年。在成长的过程中，我们脚踏实地、奋勇向前。我们一直专注于ICT领域，为运营商、企业客户和消费者提供有竞争力的ICT解决方案、产品和服务。30年来我们不断积攒实力，如今已拥有来自全球170多个国家和地区的客户，全球三分之一的人口因华为受益。我们为员工提供：▲“华为大学”、“iLearning”、“导师制”等健全的培训制度；▲“专家管理双通道模式”的晋升途径；▲全球化的工作机会及视野。我们始终坚持“以客户为中心，以奋斗者为本”；只要你踏实肯干，华为就是你施展人生抱负的舞台。加入华为，与技术大牛共事，与行业精英一同成长；加入我们，你可以自带主角光环！联接，就像空气和水，慢慢融入生活的每个角落。我们期待与你一起共同探索全联接世界，共同领跑未来！,"https://www.zhaopin.com/jobdetail/CC000542940J40767666614.htm?refcode=4019&srccode=401901&preactionid=a7c1140f-c46c-45e5-b867-ab342d8bdc77"
1585,科研人员,北京-海淀区,1.2-2.1万,中国科学院物理研究所,学术/科研,1000-9999人,未融资,CC197462010J40516439806,中国科学院物理研究所是以凝聚态物理研究为主，包括凝聚态物理、光物理、原子分子物理、等离子体物理、软物质与生物物理、凝聚态理论和计算物理等多学科综合性并在国内外物理学界有重要影响的科研机构。因工作需要，现面向社会公开招聘中国科学院物理研究所超导国家重点实验室工程师1人。 一、岗位描述及应聘条件 岗位名称：超导国家重点实验室科研助理/项目工程师 岗位职责： 1．负责基金项目执行过程中的各项科研任务，为科研人员在科研项目执行中提供协助，并参与到科研项目中。 2．统筹管理实验室各类仪器设备。负责仪器设备的分类管理，日常维护以及设备的使用记录维护，参与到实验室仪器设备开发研制任务等。负责实验室内固定资产相关各类事物以及其他实验室日常运行的事物。 应聘条件： 1．硕士及以上学历，物理、材料专业优先； 2．具备科研设备操作以及管理经验者优先 3. 年龄在40岁以下，具有一定的管理工作背景； 4．有较好的文字表达能力，英语听、说、读、写熟练； 5．热爱管理工作，具有较强的责任心、沟通能力、进取精神、团队合作精神及服务意识。,4月29日,中国科学院物理研究所（以下简称“物理所”）成立于1950年8月15日，其前身是成立于1928年的国立中央研究院物理研究所和成立于1929年的北平研究院物理研究所，1950年在两所合并的基础上成立了中国科学院应用物理研究所，1958年9月30日启用现名。物理所是以物理学基础研究与应用基础研究为主的多学科、综合性研究机构。研究方向以凝聚态物理为主，包括凝聚态物理、光学物理、原子分子物理、等离子体物理、软物质物理、凝聚态理论和计算物理等。作为科技创新国家队，物理所坚持以“三个面向”、“四个率先”为目标，系统谋划和推进研究所“一三五”规划。超导、拓扑、纳米、表面、极端条件等多个学科走在了世界科技最前沿；磁学、光学、先进材料、清洁能源等诸多领域为国民经济发展提供了有力的支撑。除了聚焦基础前沿问题，扎根中关村科研攻关外，物理所还积极参与北京科创中心怀柔科学城、粤港澳大湾区科创中心松山湖材料实验室以及长三角物理研究中心建设，为科技强国建设作出了重要贡献。物理所现有超导、磁学、表面物理3个国家重点实验室，光物理、电子显微镜、纳米物理与器件、极端条件物理、清洁能源前沿研究、凝聚态理论与计算6个院重点实验室，软物质物理、固态量子信息与计算、微加工3个所级实验室，它们与国际量子结构中心、量子模拟科学中心、北京散裂中子源靶站谱仪工程中心、清洁能源中心、超导技术应用中心、功能晶体研究与应用中心、量子计算研究中心、应用物理中心8个研究中心共同构成物理所的研究体系。技术部及各实验室、各研究组的公共技术平台共同构成全所的技术支撑体系。此外，物理所还是北京物质科学与纳米技术大型仪器区域中心、中科院电镜技术联盟的牵头单位，北京量子信息科学研究院的共建单位。2019年，物理所在大科学装置建设方面取得阶段性进展。综合极端条件实验装置北京部分，基本建设已完成95%，科研设备已累计完成支出60%以上。物理所作为项目法人单位的材料基因组研究平台和清洁能源材料测试诊断与研发平台项目也获得重要进展。基本建设均已完成99%，科研仪器设备均已累计完成支出60%以上。物理所与高能所共建中国散裂中子源（东莞）项目，相关团队全力投入靶站谱仪的开放运行工作，完成了大气中子辐照谱仪的物理设计优化与整体工程设计，持续开展磁性、锂离子电池材料的中子散射研究。截至2019年底，物理研究所共有职工825人。其中科技人员443人、科技支撑人员148人，包括中国科学院院士14人、中国工程院院士1人、发展中国家科学院院士8人。国家杰出青年科学基金获得者37人。　2019年，物理所继续发挥科研优势，共承担在研项目675项（包括新增项目279项）。其中，主持国家重点研发计划23项（新增6项），主持973项目（含国家重大科学研究计划项目）3项；主持国家自然科学基金重点项目25项（新增5项）、国家杰出青年科学基金项目7项（新增1项）、国家自然科学基金重大研究计划7项（新增3项）；主持中国科学院战略性先导科技专项1项、项目4项；主持院重点部署项目1项；主持重大仪器研制项目12项（包括新增项目2项）。　2019年，物理所深耕各研究领域，取得了多项有国际影响力的重要科研成果。在国际上首次实现了原子级精准控制的石墨烯纳米结构折叠，为目前世界上最小尺寸的“石墨烯折纸”。在国际上首次观测到马约拉纳零能模近量子化的电导平台，给出了铁基超导中存在马约拉纳零能模的关键性实验证据。采用材料基因工程理念开发了独特的高通量实验方法，实现了非晶合金的快速筛选，研制出高温高强块体非晶合金新材料，突破了现有非晶合金的使役温度极限。创建了一种高效且全自动的算法用于检测非磁性材料中的非平庸拓扑，不仅提高了探索新拓扑材料效率，也为高通量计算打下了基础。与合作者应用具有12个超导量子比特形成一维链结构的器件，实现了强关联量子行走的模拟。与合作者利用全联通的20超导量子比特器件，成功实现了20量子比特多组分薛定谔猫态制备。与合作者的冷冻电镜静态结构相结合，实现单分子动力学过程的精确测量，深度解析了染色质重塑因子调控DNA在核小体上滑移的分子机制。“基于材料基因工程研制出高温块体金属玻璃”工作入选2019年度中国科学十大进展；“最新研究表明自然界中约24%的材料可能具有拓扑结构”工作入选2019年中国十大科技进展新闻；“首次完成强关联纠缠体系的量子行走实验”和“实现石墨烯纳米结构原子级精准的可控折叠”工作入选中科院2019年度科技创新亮点成果。,"https://www.zhaopin.com/jobdetail/CC197462010J40516439806.htm?refcode=4019&srccode=401901&preactionid=a7c1140f-c46c-45e5-b867-ab342d8bdc77"
1586,科研人员,广州-天河区,2.5-2.9万,智联猎头,"互联网,人力资源服务",1000-9999人,不需要融资,CCL1318355140J40528362003,工作内容主要有两个研发方向，低碳及智能建造。 博士也可以选择进博士后工作站进行研究工作。,7月22日,智联猎头作为智联招聘旗下品牌，以满足企业中高端岗位的人才招聘需求为出发点，整合全球优质资源，覆盖数字经济、新一代信息技术、人工智能、金融、电子信息、装备制造、生物医药与健康、房地产/建筑等数十个行业，拥有规模庞大、覆盖面广的交付团队，致力于向企业输出专业化的招聘解决方案。智联猎头目前拥有卓聘平台服务、招聘流程外包服务、高端人才猎寻服务三大类核心服务，具备高度定制化能力，能够为不同发展阶段的企业提供一站式招聘解决方案，同时为企业转型升级提供保障，全面增强企业核心竞争力！智联猎头利用自身独特的资源优势、成熟的服务模式，以及多层次的产品，致力于打造高效、专业的一站式人才服务模式，让招聘更加美好！,"https://www.zhaopin.com/jobdetail/CCL1318355140J40528362003.htm?refcode=4019&srccode=401901&preactionid=a7c1140f-c46c-45e5-b867-ab342d8bdc77"
1587,软件测试,重庆-渝北区,7000-10000元,重庆科满福人力资源服务有限公司,企业服务,20-99人,,CCL1487604860J40922120804,【岗位职责】： 1、软件测试岗位职责  2、接受测试任务，进行需求分析 3、按照测试计划搭建测试环境，并保证测试环境的可靠性 4、按照测试计划编亏测试用例，保证测试用例合理有效 5、按照测试用例执行测试，及时发现缺陷，并使用工具进行管理缺陷 6、编写和提交测试报告，保证测试进度按计划完成 7、参与审核其他测试工程师的测试用例和报告 8、学习公司已有方案和推广使用新的测试技术和工具 ,6月30日,,"https://www.zhaopin.com/jobdetail/CCL1487604860J40922120804.htm?refcode=4019&srccode=401901&preactionid=a7c1140f-c46c-45e5-b867-ab342d8bdc77"
1588,C/C++,武汉-江夏区,1.5-3万·14薪,陕西慧云联达企业管理咨询有限公司,人力资源服务,20-99人,不需要融资,CCL1445845820J40742600505,岗位内容：  1. 设计、开发和维护高质量的C++应用程序； 2. 根据产品需求，实现并优化核心功能模块； 3. 协助测试人员进行测试，并快速解决相关问题； 4. 了解业内前沿技术和趋势，提出新的技术解决方案。 任职要求：  1. 熟悉C++编程语言，具备扎实的编程基础； 2. 具有良好的算法和数据结构基础； 3. 熟练使用常见的开发工具； 4. 具备较强的沟通协调能力和团队合作精神； 5. 对新兴技术有浓厚兴趣，乐于接受挑战和新技能的学习。,5月23日,陕西慧云联达企业管理咨询有限公司成立于2022年9月，是一家集高端猎头服务与专业代理记账报税业务于一体的综合性企业服务提供商。自成立以来，我们秉承“智聚英才，财通未来”的企业理念，致力于为国内外企业客户提供精准高效的人力资源解决方案及一站式财务管理服务，助力企业稳健成长，共创辉煌。,"https://www.zhaopin.com/jobdetail/CCL1445845820J40742600505.htm?refcode=4019&srccode=401901&preactionid=a7c1140f-c46c-45e5-b867-ab342d8bdc77"
1589,技术支持工程师,上海-静安区,8000-12000元·14薪,上海提浜克企业管理有限公司,咨询服务,20-99人,,CC292801030J40759297901,年 龄：23-32 岁 性 别：不限 学 历：不限 专 业：工科（机械、自动化、包装机器相关等） 语言能力：日语听说读写流利 电脑能力：熟练掌握 word、excel  工作经验：对饮料填充设备（生产线）的工程技术业务有兴趣或有经验者为佳； 有生产设备、食品饮料、树脂金属加工、机械等行业的经验为佳；  工作内容： ①食品/饮料设备的工厂现场技术见证、翻译、技术支援/导入、客户支援、故障对应。 ②包括但不限于以下的售后服务：  ·饮料厂的设置监督·售后跟进业务 ·客户方生产设备现场的翻译、作业辅助 ·零部件准备、手续等的跟进 ·出差酒店/机票/车辆等预约安排 其 他：可接受长期出差（全年累计约半年或以上）；  可接受紧急情况时的加班、偶尔休日出勤； 有学习意愿及能力； 擅长交流、交涉。 薪 资：8000-12000 元（税前） 各类补贴：交通补贴、出差补贴、手机费等 其他福利：健康体检（一年一次） 医疗报销节假日福利,7月25日,上海提浜克企业管理有限公司是一家中高端猎头公司，主要给江苏以及上海一带的制造行业日企招聘人才。,"https://www.zhaopin.com/jobdetail/CC292801030J40759297901.htm?refcode=4019&srccode=401901&preactionid=a7c1140f-c46c-45e5-b867-ab342d8bdc77"
1590,技术支持工程师,武汉-洪山区,9000-18000元,北京九思易自动化软件有限公司,"计算机软件,计算机软件",20-99人,未融资,CC120900800J40841902104,九思易自动化软件公司专注于管控数字化平台的研发与推广，是国家“高新技术企业”和“北京市专精特新企业”，具有CMMI 3级国际认证，1项国家发明专利和百余项软件著作权，曾参与科技部国家重大专项软件的研发。九思易的研发、技术团队个人素质出众、行业经验丰富、技术积累深厚、始终关注前沿技术和行业发展方向、富于创新精神、执着而有激情。九思易打造的易控系列产品在行业内具有技术领导的地位，是推动数字化转型和智能化升级的过程中的不可或缺的产品。如果你也有志于在工业软件领域深耕，渴望加入一家蓬勃发展的企业，和优秀的团队共同打造经典产品，九思易欢迎你的加入！ 岗位职责： 1、负责易控系列软件产品、软件方案的售前售后技术支持； 2、参与易控系列软件产品的需求沟通、方案制做、产品功能演示和方案展示； 3、负责易控系列软件产品平台方案在相关各行业的深入推广，落实实施过程中的相应技术支持； 4、客户需求获取、沟通、确认，协调解决客户技术问题和产品问题； 5、产品常见问题的整理归档，搜集并整理用户反馈信息，提出改进建议和方案。 岗位要求： 1）技能要求： 1、统招自动化、计算机或相关专业本科以上学历，985/211院校优先； 2、熟悉各类自动化软件、组态软件、人机界面、工控产品、有各类PLC编程经验和项目调试工作经验优先； 3、掌握工业自动化监控和信息化管理产品的数据采集、展示、信息管理、网络化和信息化的专业知识等； 4、理解工业自动化领域一个或多个细分行业（如医药/半导体/新能源/市政环保/食品饮料/物流/安防指挥控制等）的工控软件应用场景，并具备软件落地经验。  5、熟悉C#、C++等编程语言，熟悉数据库是加分项。  2）综合素质：  1.具有较强的逻辑思维能力和良好的学习能力；  2.具有良好的团队协作精神和沟通表达能力，良好的跨地域、跨部门合作能力；  3.勤奋上进，具有强大的自我驱动力及目标结果导向，享受挑战自我；  4.拥有大局观的同时能够很好地关注细节。  我们能为你提供：  1.具有行业竞争力的薪酬体系，包括丰厚的薪资待遇、完善的福利和激励机制；  2.轻松愉快的团队氛围和工作环境；  3.经验丰富、充满激情团队的专业技能培训和职业发展指导；  4.公司快速上升期带来的广阔职业发展空间和晋升机会。  欢迎志同道合者加入共创未来！,5月27日,北京九思易自动化软件有限公司（以下简称“九思易”）由多年在海外从事工业自动化软件研究的行业专家归国创办。九思易是一家专业和领先的自动化信息化软件平台开发商，同时提供监控管理自动化和信息化系统工程服务。公司坐落于有“中国硅谷”之称的中关村，毗邻清华大学、北京大学和中国科学院自动化研究所等著名高等学府和科学研究机构。九思易公司长期专注于自动化和信息化以及两化融合，围绕物联网、工业大数据、智能制造、中国制造2025和智慧城市，建设智慧型社会等，进行研究和产品研发工作。以实时数据为核心，连接企业、城市或各种大型系统的各环节，利用领先的信息技术，实现优化的管控一体化。九思易的“易控/INSPEC”系列产品，既包括能提供完整系统解决方案的系统平台产品，也包括面向特定功能和第三方产品紧密集成的专业平台。九思易提供的易控系统平台有：易控天地（INSPEC TNT）自动化信息化平台、易控组态(INSPEC SCADA)平台、易控PowerView高端人机平台、面向智能制造的易控天成（INSPEC MES）平台等。九思易提供的易控专业平台有：易控天链（INSPEC LINKS）数据采集和控制平台，易控天元（INSPEC PRIME）实时数据库，易控天幕（INSPEC PANAROMA）信息可视化人机交互平台，易控天信（INSPEC MESSENGER）实时消息管理平台，易控天眼（INSPEC VV）实时视频监控平台，易控天行（INSPEC ANYWHERE）移动监控平台。2006年在全球率先推出集成最新IT技术、通信技术和控制技术、基于网络计算和.NET平台、具有划时代革命意义的新一代组态软件——易控（INSPEC）。它在北京奥林匹克体育中心(鸟巢)、人民大会堂、宝钢、首钢、太钢等众多重大监控项目中得到成功应用，其全球领先的图形系统、C#用户程序、多语言等功能，其全面提升的稳定性、开放性和用户人机体验，已成为新一代组态软件的典范。2015年推出新一代易控天地自动化监控和信息化管理平台，囊括了企业管理层和现场层的所有自动化监控功能和信息化功能，其领先的技术平台拓展传统的监控内容，将GIS地理信息系统、视频系统、3D技术、大屏展示、移动访问等融合其中，其细节功能设计大大提升用户体验。满足制造业的两化融合需求，更为众多非传统自动控制领域，例如市政、交通、水利、物流、安防、农业、各种数据中心、MES等提供了理想的系统平台。经过十五年的开拓和积累，九思易奠定了在国内自动化信息化软件领域一流的技术地位，“软件定义未来”，“软件是重中之重”，凭借中国制造2025和工业4.0的东风之势，企业正进入增长的快速通道！“成就客户，专注创新、科学严谨、追求卓越”是公司的核心价值观。创始人及研发团队一直跟随新的自动化控制技术、信息技术和网络技术的发展，公司将持续不断地在面向智能制造和智慧城市领域应用的自动化信息化管理平台进行投入，为用户提供最领先的产品和服务！有志于在软件事业、在中国制造、在智慧城市建设等领域发展的有识之士，欢迎加入九思易团队，公司提供优良的办公环境、业内一流的薪资福利和无限广阔的发展空间！,"https://www.zhaopin.com/jobdetail/CC120900800J40841902104.htm?refcode=4019&srccode=401901&preactionid=a7c1140f-c46c-45e5-b867-ab342d8bdc77"
1591,技术支持工程师,郑州-管城回族区,8000-15000元,南京北路智控科技股份有限公司,"物联网,通信/网络设备",500-999人,已上市,CC204378620J40379187010,岗位职责:,7月10日,南京北路智控科技股份有限公司成立于2007年，位于南京市江宁滨江经济技术开发区，注册资金13152.174万人民币，专注于自动化、信息化、智能化矿山行业自主研发14年，专业为矿井提供系列智能矿山系统及智能化矿井综合解决方案，业务范围涵盖智能矿井整体方案设计、硬件开发、软件开发、系统集成、技术服务、销售与售后服务等方面，产品涉及传感采集、数据传输、分析处理、协同控制等智能化矿井多个领域。公司始终坚持“被需要”的企业价值理念，持续创新，致力于为提升我国煤炭工业信息化、智能化建设水平提供优质的产品与服务。,"https://www.zhaopin.com/jobdetail/CC204378620J40379187010.htm?refcode=4019&srccode=401901&preactionid=a7c1140f-c46c-45e5-b867-ab342d8bdc77"
1592,实施工程师,武汉-汉阳区,4000-5000元,武汉集信通信息技术有限公司,"计算机软件,企业服务",20-99人,不需要融资,CCL1344422970J40681037406,岗位职责: 1.负责iPaaS软件的安装、配置和维护工作； 2.与客户进行沟通，了解客户需求，提供专业的解决方案； 3.参与软件的测试和优化，确保软件质量和性能； 4.协助团队完成软件项目的交付和验收。 任职要求： 1.教育与专业背景：本科及以上学历，计算机软件相关专业，有行业证书优先。 2.技术技能：熟悉 TCP/HTTP 等通信协议，掌握 iPaaS 平台相关操作，如 API 管理、ETL 转换等；英语有良好的阅读和基础口语能力；熟练使用至少一门编程语言（如 Java、Groovy）和一种数据库（如 mysql、Oracle 等）；掌握 Windows、Linux 系统操作及 postman、jmeter 等测试工具。 3.项目经验：有 ESB/API 网关实施、ETL 实施、工作流编排等同类项目实施经验，拥有 1 - 5 个项目经验。 4.综合素质：性格平衡，能在压力下保持情绪稳定，注重职业形象，有时间管理意识；具备较强的学习能力，了解新技术和 AI 应用；能适应项目按需加班、可接受驻场服务和不同时长的出差安排。 5.职业规划：在 iPaaS 领域有明确的职业发展方向和动力。 岗位福利： 项目补贴、项目绩效奖金、公司公共福利、提供弹性居家办公,6月6日,“集信通”品牌成立8年，是一家专注在软件集成平台领域提供产品、服务的公司，其SAP PO团队领军人在行业专注服务20余年，现有该领域专职团队20余人，在国内的服务商市场中拥有单一专业团队规模名列前茅。基于专一领域发展，已积累系统集成案例300+套，拥有自主知识产权的深度开发工具包（独立软件、适配器、特殊方案等）20余套，能够为高难度、大规模的项目需求提供服务(国内领先)。我们已为大中小型各类客户超过100家提供专业的服务，也与行业诸多顶尖大型实施商建立了密切的合作关系。,"https://www.zhaopin.com/jobdetail/CCL1344422970J40681037406.htm?refcode=4019&srccode=401901&preactionid=a7c1140f-c46c-45e5-b867-ab342d8bdc77"
1593,实施工程师,焦作-中站区,8000-16000元,风神轮胎股份有限公司北京分公司,"汽车研发/制造,石油/石化",1000-9999人,已上市,CC485764330J40868328504,岗位内容： 1. 负责矿山现场轮胎的使用情况跟踪、数据分析及技术指导； 2. 为客户提供轮胎选型、安装、维护及故障排除等技术支持； 3. 定期检查轮胎使用状况，提出优化建议，延长轮胎使用寿命； 4. 与客户保持良好沟通，及时解决现场问题，提升客户满意度； 5. 收集并反馈市场信息，协助公司优化产品和服务； 6. 完成公司交办的其他相关工作。 任职要求： 1. 教育背景：本科及以上学历，理工类相关专业； 2. 技能要求：具备良好的沟通和问题解决能力；会操作电脑，用相关软件完成矿山报告、数据录入等工作；具备良好的英语沟通能力者优先。 3. 适应能力：吃苦耐劳，适应长期驻外工作，具备较强的抗压能力；有海外工作经验者优先考虑。 我们提供： 1. 具有竞争力的薪资待遇及海外津贴（综合薪资10-25W/年）； 2. 完善的福利保障（包括医疗保险、意外险、带薪年假等）； 3. 广阔的职业发展空间和国际化工作平台； 4. 专业的培训体系，助力个人能力提升； 5. 往返探亲机票及驻外生活支持。,7月23日,风神轮胎股份有限公司始建于1965年，目前是“世界500强”中国中化控股有限责任公司控股的大型轮胎上市公司，总部位于北京，有焦作和太原两个生产基地。公司主要生产“风神”、“风力”、“河南”等多个品牌一千多个规格品种的卡客车、非公路轮胎，产品畅销全球140多个国家和地区。公司具有全系列卡客车和非公路轮胎的设计和生产能力，产品性能和品牌认可度不断提升。公司是徐工、三一等国内工程机械车辆生产厂家的战略供应商，是沃尔沃、卡特彼勒等全球建筑设备企业轮胎配套产品供应商。公司是国家高新技术企业、国家技术创新示范企业，拥有国家认定企业技术中心、博士后科研工作站等科研平台，通过了国家级企业技术中心创新能力平台建设验收。公司通过自主创新、技术引进和“产学研”相结合等多种方式，不断提高科技创新能力和技术研发水平。公司先后通过了ISO9001质量体系、TS16949体系、ISO14001环境管理体系、GB/T23331-2009能源管理体系认证、ISO10012：2003测量管理体系认证、OHSAS18001职业健康与安全管理体系认证、ISO/IEC17025实验室认证、E-MARK、美国DOT认证、欧盟ECE等认证，产品还通过了美国SMARTWAY验证，在欧盟标签法规测试中取得了ABA级。2012年公司被国家工信部等三部委评为轮胎行业国家级资源节约型、环境友好型企业试点单位；2013年被国家工信部评为“全国工业企业质量标杆企业”；2014年被国家工信部评为“国家技术创新示范企业”和“两化融合贯标试点单位”（行业仅2家）；2014年被中国工业经济联合会推选荣获中国工业大奖提名奖，受邀在人民大会堂做典型发言；代表中国企业参加联合国第三届绿色工业大会并做典型发言（中国企业仅2家）。2017年，被中国石油和化学工业联合会评为年度石油和化工行业绿色工厂。2023年，入选国家工信部年度智能制造试点示范工厂揭牌单位和优秀场景名单。未来，公司将坚持市场导向与客户价值驱动，实施细分市场产品领先战略，全面推进卓越运营体系落地升级，持续深化卡客车轮胎与PTN的全球协同，重点突出非公路轮胎的产品战略地位，坚持做最好的轮胎，不断为国内外客户提供优质的产品和高效的服务，持续提升公司品牌美誉度和影响力。,"https://www.zhaopin.com/jobdetail/CC485764330J40868328504.htm?refcode=4019&srccode=401901&preactionid=a7c1140f-c46c-45e5-b867-ab342d8bdc77"
1594,科研人员,烟台-莱山区,7000-9000元·15薪,烟台中科网络技术研究所,"计算机软件,IT服务,互联网",100-299人,未融资,CC407961410J40348000909,岗位职责： 1、参与或负责网络安全、人工智能、大模型、深度学习、新技术新应用等相关领域项目申请； 2、负责与客户和研发团队的沟通，确保客户需求按时交付； 3、负责组织协调相关项目的推进、实施与交付； 4、负责撰写项目相关文档、软著、专利等。   任职要求： 1、计算机、软件工程、自动化、人工智能等相关专业； 2、熟悉网络安全、人工智能、大模型、深度学习、新技术新应用等领域的专业知识，能够把握相关领域的国际前沿发展趋势，对科研有浓厚兴趣； 3、具有网络安全、人工智能、大模型、深度学习、新技术新应用相关领域的研究经历和高水平学术论文者优先； 4、具备撰写项目方案的能力，有项目技术方案论证经验者优先； 5、有较强的独立科研能力、沟通能力以及敬业和钻研精神，良好的团队合作意识，有极强的自我驱动和抗压能力。 职位福利：五险一金、绩效奖金、交通补助、通讯补助、带薪年假、弹性工作、定期体检、节日福利   ,2月12日,"烟台中科网络技术研究所（以下简称""网络所""）于2011年10月正式挂牌成立，是烟台市政府批准设立的事业单位。定位为将国家战略需求和地方产业需求紧密结合的新型研究所。网络所以海量网络信息处理为主要研究方向，深耕信息安全、大数据和人工智能等领域，拥有雄厚的技术积累，重点面向党、政、军等应用领域，致力于打造自主创新、安全可信、智能高效的优质产品和服务。网络所拥有良好的办公条件和专业的技术团队。已建成总投资3000多万元的标准数据中心，办公面积4500平方米。拥有专职人才近70人，其中30%拥有硕士学位或副高级及以上职称。网络所累积承担国家、省市级科研项目30余项，其中作为牵头单位承担了烟台市第一个信息技术领域863计划课题。申请发明专利30余项（授权24项），获得软件著作权40余项。同时，网络所拥有国家涉密信息系统集成（甲级）资质认证、质量管理体系认证（ISO9001）、国家检验检测机构资质认证（CMA）。网络所承建了山东省大数据引擎与平台工程技术研究中心、山东省博士后创新实践基地及多个省市级创新平台，是国家知识产权优势企业、山东省知识产权示范企业、山东省科技成果转移转化服务机构、烟台市大学生实习基地。","https://www.zhaopin.com/jobdetail/CC407961410J40348000909.htm?refcode=4019&srccode=401901&preactionid=a7c1140f-c46c-45e5-b867-ab342d8bdc77"
1595,软件测试,深圳-龙岗区,4000-6000元,深圳市点点点信息技术有限公司,"IT服务,电子/半导体/集成电路",100-299人,B轮,CCL1405520980J40629497016,岗位职责: 1、参与项目的需求分析评审; 2、执行公司已有的测试用例 3、协助开发定位问题 4、完成leader安排的其他任务     任职资格:   1、计算机、软件类、电子工程相关专业大专及以上学历优先;   2、熟悉软件测试流程，如黑盒测试等,7月25日,作为“深圳创业者”的一员，深圳市点点点信息技术成立于2022年，至今2岁+，公司创立者皆来自大厂，从事智能产品研发设计、生产制造、综合服务的科技企业，积累了强大的产品级方案设计、硬件创新设计、系统级软件平台开发；涵盖智能手表、蓝牙耳机、AI游戏及AI游戏领域等智能产品布局，服务商包括vivo、oppo、realme、华为等智能产品，为广大服务商提供更好的解决方案，目前公司新的办公地址正在装修，新的家庭期待你的加入~,"https://www.zhaopin.com/jobdetail/CCL1405520980J40629497016.htm?refcode=4019&srccode=401901&preactionid=a7c1140f-c46c-45e5-b867-ab342d8bdc77"
1596,测试工程师,青岛-城阳区,5000-8000元,青岛衡德泰智能科技有限公司,"专用设备制造,计算机软件",20-99人,未融资,CC328674030J40457355702,1、熟练掌握数字示波器、频谱仪、数字万用表等调试仪器；  2、熟知雷达原理等基础知识；,7月21日,"青岛衡德泰智能科技有限公司成立于2012年5月，注册资金1000万元。公司总部座落于美丽的海滨城市-青岛，是一家致力于提供高科技和高可靠性技术服务的企业。公司经过多年发展，取得了环境管理体系认证证书ISO14001,质量健康安全管理体系认证证书OHSAS18001，中国国家强制性产品认证证书CCC，以及欧盟质量体系认证GE等一系列资质。公司设有技术部、营销部、质量部、行政部、采购部、生产部。现有办公面积5000平米，生产面积6000平米，拥有大型生产设备50多台，各类检测试验设备200多台件。公司拥有日本阿玛达激光切割机和德国通快数控撑等国际知名品牌设备，生产装备能力处于国内行业先进水平。","https://www.zhaopin.com/jobdetail/CC328674030J40457355702.htm?refcode=4019&srccode=401901&preactionid=a7c1140f-c46c-45e5-b867-ab342d8bdc77"
1597,科研人员,北京-海淀区,100-150元/天,中国船舶集团有限公司综合技术经济研究院,"学术/科研,互联网",100-299人,,CC120112130J40715030416,岗位职责： 文献检索、阅读分析、相关材料整理总结撰写等。  ,5月21日,中国船舶工业综合技术经济研究院隶属中国船舶工业集团公司，是面向我国国防科技工业和船舶行业的综合性国防科研事业单位，于1988年由中国船舶工业总公司所属的综合技术研究所（始建于1961年）和标准化研究所（始建于1963年）合并组建而成，位于北京市海淀区学院南路70号，地处中关村核心区域，地理位置优越，交通便利。中船综合院以“支撑国防工业发展，运筹船舶行业未来”为使命，主要承担国防科技工业技术基础、基础科研、预先研究，型号研制和应用技术研究等科研任务，为国防科技工业、舰船武器装备研制和船舶产业发展，开展决策支持与情报咨询、标准化与可靠性技术研究应用、国防科技研究管理支撑、舰船人因工程、网络信息安全技术研发与应用、期刊与声像传媒、管理研究与人才培训等方面的业务工作。,"https://www.zhaopin.com/jobdetail/CC120112130J40715030416.htm?refcode=4019&srccode=401901&preactionid=a7c1140f-c46c-45e5-b867-ab342d8bdc77"
1598,前端开发,杭州-临平区,8000-12000元,温州百栎信息科技有限公司,人工智能,300-499人,,CCL1505049230J40752479009,岗位内容： 1. 负责开发和维护前端系统和模块，确保其运行稳定可靠 2. 编写高效、清晰、易于维护的代码 3. 协调需求，与其他团队成员进行有效沟通和协作 任职要求： 1. 熟练掌握HTML、CSS和JavaScript，熟悉主流前端框架 2. 具备扎实的编程基础，良好的代码风格，注重代码品质 3. 擅长和团队合作，具备很好的沟通和协调能力,7月22日,,"https://www.zhaopin.com/jobdetail/CCL1505049230J40752479009.htm?refcode=4019&srccode=401901&preactionid=a7c1140f-c46c-45e5-b867-ab342d8bdc77"
1599,科研人员,济南-历下区,5000-10000元,山东春旭化工设计有限公司,工程技术与设计服务,20-99人,未融资,CCL1359176520J40774669608,1、对化学化工行业及其产业链开展深入研究，撰写专业性研究报告。 2、化学、化工、材料、经济、管理、中文等相关专业。 3、硕士研究生及以上。 4、具有较强的沟通、业务推进和资源协调能力。 5、具有良好的数据分析、公文写作和报告撰写能力。 富有责任感，有良好的团队精神。,2月21日,山东春旭化工设计有限公司隶属于山东省化工研究院，前身为山东省化工研究院设计所，始建于1963年。现工程设计资质等级为：化工石化医药行业（化工工程、化学原料药、石油及化工产品储运）专业乙级。压力管道设计资质等级为：工业管道（GC2）级、工业管道（GC1）级。公司可承担资质范围内的建设工程初步设计（基础设计）、施工图设计（详细设计）、竣工图绘制，编制项目建议书、可行性研究报告、项目申请报告、资金申请报告、安全设施设计专篇、职业病防护设施设计专篇、消防设计专篇、HAZOP分析报告、LOPA定级报告、SIL定级报告等技术服务。搭建创新与创业的舞台，架设科技与工程的桥梁。公司将在化工行业新常态的驱动下，继续以技术为“核芯”，以项目为纽带，以我们优质的设计，更好的服务于企业，服务于社会，将公司建设成为一流的新型设计公司。,"https://www.zhaopin.com/jobdetail/CCL1359176520J40774669608.htm?refcode=4019&srccode=401901&preactionid=a7c1140f-c46c-45e5-b867-ab342d8bdc77"
1600,软件测试,上海-浦东新区,1.3-1.8万·13薪,方得(青岛)人力资源有限公司,咨询服务,20-99人,,CCL1462672470J40735750516,,2025年07月28日,,"https://www.zhaopin.com/jobdetail/CCL1462672470J40735750516.htm?refcode=4019&srccode=401901&preactionid=a7c1140f-c46c-45e5-b867-ab342d8bdc77"
1601,科研人员,北京-大兴区,8000-10000元,中国医学科学院药物研究所,"学术/科研,社团/组织/社会保障,医药制造",500-999人,,CC352592720J40712496416,中国医学科学院药物研究所2025年面向社会公开招聘公告 （一）招聘对象  1.具有北京市常住户口（不含学生集体户）的社会人员。  2.2025年12月31日前出站、符合北京市落户政策的博士后研究人员。  有以下情形之一者：曾受过刑事处罚、党纪政务处分，被开除党籍、公职的人员，被依法列为失信联合惩戒对象，在国家法定考试、各级公务员及事业单位招考中被认定有舞弊等严重违反纪律行为，还在禁考期的人员，不得报名。报名人员不得报考聘用后构成回避关系的招聘岗位。  （二）报名条件  1.具有中华人民共和国国籍；  2.政治立场坚定，拥护中国共产党的领导，遵守中华人民共和国宪法和法律；  3.具有招聘岗位所要求的专业、工作技能以及良好沟通能力和团队精神；  4.具有创新和探索精神，责任意识强，学习能力突出，具备较强的综合分析能力、逻辑思维能力、文字材料撰写能力及工作执行力；  5.成绩优秀，无不及格科目。最高学历期间成绩平均分80分以上或相当水平。  6.英语水平良好，要求大学英语六级425分及以上，或通过英语专业四级或八级考试，或雅思（6.0及以上）、托福（80分及以上）代替。  7.具有与工作要求相适应的身体条件和心理素质。  8.年龄不超过35岁（1990年1月1日（含）以后出生），取得博士学历学位或获聘中级及以上职称者，年龄可放宽至40岁（1985年1月1日（含）以后出生）。      （三）招聘岗位及要求,5月14日,中国医学科学院药物研究所简介中国医学科学院北京协和医学院药物研究所中国医学科学院药物研究所成立于1958年，是国家重点药物研究机构之一。药物所始终以寻找和研究防治严重危害人民健康的常见病、多发病及疑难疾病的药物为主要方向，坚持以创制具有自主知识产权的新药为重点，以中草药和天然产物研究为基础，采用现代医药学现代理论和高新技术开展多学科综合性研究。主要研究方向包括抗肿瘤药物、防治心脑血管疾病药物、治疗神经精神类疾病的药物、抗炎免疫类药物、抗肝炎药物、抗病毒药物、抗糖尿病药物以及治疗老年退行性疾病的药物等领域。药物所人以“献身、创新、求实、协作”的精神为指引，勤奋钻研、刻苦攻关、与时俱进、继往开来，努力为我国医药卫生事业的可持续发展，为创造社会效益和实现人类健康贡献力量。,"https://www.zhaopin.com/jobdetail/CC352592720J40712496416.htm?refcode=4019&srccode=401901&preactionid=a7c1140f-c46c-45e5-b867-ab342d8bdc77"
1602,C/C++,天津-和平区,5000-7000元,北京中宇万通,"通信/网络设备,通信/网络设备",20-99人,未融资,CC298113680J40744055401,工作职责：            1、软件的程序设计与 代码编写；,6月15日,北京中宇万通科技股份有限公司成立于2005年，是在北京市海淀区注册的高新科技企业、软件企业、国家商用密码产品定点生产企业，注册资金3500万，现有一百多名员工，其中博士学历3人、硕士学历4人。公司于2016年1月在全国中小企业股转系统挂牌，股票代码835539。目前公司在上海、天津、成都、广州、南宁、石家庄、太原、兰州等地设有分子公司及办事处。经过10多年发展，中宇万通已经发展成为融合信息安全、商用密码、应用开发、用户终端设备、互联网云服务于一体的创新型高科技企业集团。中宇万通在成立之初就定位服务政府机构信息安全及商用密码产品解决方案，并率先为全国公安系统提供服务。目前公司商用密码产品及软件已经广泛应用于全国公安、全国外交、全国人大、央行、发改委、国家信息中心、国家考试中心、中国银联、中车集团等政府及大型企业集团。公司的安全产品为TrustMore系列，采用了国家商用密码算法围绕网络安全、传输安全、签名验签、应用安全、系统安全，为用户提供从客户端身份认证、数据传输安全、文件存储安全，边界接入安全、视频接入安全和移动接入安全等全方位的保护。公司产品核心人员参与行业十余年，对密码技术、信息安全、行业应用有着深刻的理解，本着认真务实的态度将产品做到极致，让安全贴合业务，让安全助力应用，让安全优化效率。公司网址：http://www.zhyu.com.cn,"https://www.zhaopin.com/jobdetail/CC298113680J40744055401.htm?refcode=4019&srccode=401901&preactionid=a7c1140f-c46c-45e5-b867-ab342d8bdc77"
1603,实施工程师,秦皇岛-海港区,3000-5000元,正奇晟业(北京)科技有限公司秦皇岛分公司,"计算机软件,互联网,IT服务,计算机硬件",100-299人,A轮,CC709094220J40676401006,一、岗位职责：,7月23日,正奇晟业（北京）科技有限公司（简介）正奇晟业（北京）科技有限公司（以下简称正奇晟业），成立于2014年，公司总部位于北京市朝阳区，经历数年发展正奇晟业已在北京、秦皇岛拥有包括生产、研发、运营在内的2个分支机构。运营产品终端近万台；服务客户超500家；用户体量超过400万。正奇晟业秉承工业设计的严谨，颠覆性的开启了以移动互联+物联网+云服务+大数据应用为一体的智慧餐饮服务体系。公司拥有多年的餐饮行业信息化服务经验，是国内团餐软件领先品牌，为团餐机构提供最高标准和最优质的服务，旗下品牌“满客宝”获得“2017年阿斯塔纳世博会唯一指定餐饮软件供应商”殊荣，并与支付宝达成战略合作，成为支付宝唯一团餐解决方案提供商。目前我公司建设并运营的软件产品有“满客宝智慧食堂”、”智云膳团餐管理系统“、“满客宝智慧餐饮”。其中智慧餐饮系列产品已经获得6项国家专利及25项国家版权局项软件著作权。企业通过ISO9001:2008质量体系认证。正奇昇业以需求为根本；以推动团餐行业发展为原动力；以服务为立身之基石，始终矗立于中国团餐信息化最高峰，为促进中国餐饮信息化发展贡献坚实力量。公司拥有从业经验丰富的管理团队、技术过硬的研发团队、朝气蓬勃的人文文化。现阶段公司员工100余人，其中60%为研发人员，20%市场人员，20%安装部署及综合服务人员。各个部门团队人员主要来自腾讯、百度、搜狐、阿里巴巴、中航等机构。背靠正奇晟业大树，一心做中国智慧团餐领军品牌，将垄断持续到底！来到正奇晟业让您享受着高新技术企业的创业机遇！公司始终秉持员工至上的管理理念，营造800平米奢华办公环境，整洁惬意，绿意盎然。定期组织员工活动舒缓身心；不定期的发放员工福利温暖人心。双休五险你能想到的，公司都能提供，此外公司已和秦皇岛动岚健身达成合作，所有员工均可以免费健身，同时公司配备乔氏台球桌、桌式足球供员工休闲娱乐，一切，只为迎接你的到来！公司官网：www.mankebao.com,"https://www.zhaopin.com/jobdetail/CC709094220J40676401006.htm?refcode=4019&srccode=401901&preactionid=a7c1140f-c46c-45e5-b867-ab342d8bdc77"
1604,软件测试,郑州-None,7000-10000元,河南峰之文信息技术有限公司,互联网,20-99人,未融资,CCL1507902550J40784057314,我们正在寻找一位资深的软件测试工程师，负责确保公司软件产品的质量和稳定性。 工作内容： 1. 根据需求文档和设计文档，编写测试用例； 2. 执行测试用例，记录并跟踪缺陷； 3. 与开发团队紧密合作，定位并修复缺陷； 4. 参与软件产品的需求评审和设计评审； 5. 根据测试结果，编写测试报告。 岗位要求： 1. 计算机相关专业本科及以上学历； 2. 3年以上软件测试工作经验； 3. 熟练掌握至少一种主流测试工具； 4. 良好的沟通能力和团队协作精神； 5. 对软件测试有浓厚的兴趣和热情。,7月29日,公司主要做互联网软件技术服务，项目业务成熟，规模三千多平，在职员工近百人，公司福利优厚，人性化管理，良好的晋升空间公司环境不错，有优秀的技术团队，先进的技术管理经验，注重人才培养，交五险一金，公司双休制度。,"https://www.zhaopin.com/jobdetail/CCL1507902550J40784057314.htm?refcode=4019&srccode=401901&preactionid=a7c1140f-c46c-45e5-b867-ab342d8bdc77"
1605,Java,广州-白云区,1.5-3万·16薪,外企德科数字技术有限公司,专业技术服务,10000人以上,,CCL1480117890J40653013805,"岗位要求： 一、软件开发工程师 1. 热爱编程，熟悉掌握Java/C++/C/Python/Web开发等编程语言中的一种或多种编程语言，扎实的编程功底； 2. 具备良好的独立工作能力和解决问题能力，善于沟通，乐于合作，热衷新技术； 二、软件测试工程师： 1. 热爱编程，熟悉掌握C/C++/Java/Python等编程语言中的一种或多种编程语言，扎实的编程功底； 2.有web开发或测试经验、自动化开发或测试经验者优先。 3.熟练掌握系统测试、功能测试、专项测试、软件测试、韧性测试、安全测试方法中的一种或多种测试方法，有相关测试语言/脚本的编写和实践经验优先，也可接受纯测试经验的。 4.具备良好的独立工作能力和解决问题能力，善于沟通，乐于合作，热衷新技术； 三、算法工程师： 1、熟练掌握Java/C/C++/Python其中一个或多个编程语言，有扎实的编程功底； 2、熟悉机器学习、深度学习或图像算法。 四、数据开发工程师 1、参与或负责大数据的采集、存储、处理、通过分布式大数据平台加工数据，数据驱动运营; 2、参与或负责大数据仓库的设计、开发、维护,通过数据仓库和数据治理体系有效的管理和组织P级数据,提升数据质量和数据开发效率; 3、较强的动手能力和学习能力,熟悉一门数据处理语言,如JAVA、 SQL、Python 等; 4、深入理解 Map-Reduce 模型和Hadoop、 Spark、FIink、MPP DB等大数据和仓库相关知识 公司福利： 1. 底薪+绩效+项目奖金+年终奖； 2. 全额缴纳五险一金； 3.一年数次考评，薪资可上浮~ 4.带薪年假5-15天，双休； 5.享有健身房、班车、加班打车报销等软性福利。",2025-07-27 00:23:24,外企德科数字技术有限公司是一家2023年新成立的中外合资企业。成立于2023年11月24日，公司定位：专注于为信息技术企业提供人才及数字技术外包解决方案的中外合资企业。它是由中国人力资源服务行业的FESCO（北京国际人力资本集团）与全球人力资源服务领导者The Adecco Group（德科集团）合资成立的。公司主要提供网络技术服务、软件外包服务、计算机系统服务、技术进出口、软件开发等信息技术相关服务。专注于为信息技术企业提供信息技术类人才及数字技术外包解决方案。,"https://www.zhaopin.com/jobdetail/CCL1480117890J40653013805.htm?refcode=4019&srccode=401901&preactionid=a7c1140f-c46c-45e5-b867-ab342d8bdc77"
1606,前端开发,上海-静安区,120-150元/天,上海陶术生物科技股份有限公司,"生物工程,医药制造",100-299人,,CC886353150J40621699301,岗位职责： 1、参与公司网站、小程序、ERP系统的前端设计与开发，包括PC端、移动端以及跨平台应用的开发。 2、与团队成员紧密合作，参与前端架构设计和优化，提升产品的用户体验和性能。 3、负责前端代码的优化和维护，确保代码的可读性、可维护性和可扩展性。 4、跟踪前端技术的最新动态，持续学习并引入新技术提升团队技术水平。 基本要求： 1、计算机相关专业大专及以上学历。 2、熟练掌握Vue 3框架，了解其内部原理及最佳实践。 3、熟悉Webpack打包工具的配置和优化，了解前端工程化、模块化的开发思想。 4、了解并使用过Bootstrap等前端UI框架，具备基本的页面布局和样式设计能力。 5、熟悉Ajax技术，能够熟练使用原生JavaScript或TypeScript进行前后端数据交互。 6、了解Node.js及Express框架，有Node.js后端开发经验者优先。 7、熟悉ElementUI等Vue生态圈的组件库，能够高效开发UI组件。 8、了解UniApp框架，有跨平台开发经验者优先。 9、了解Nuxt 3框架，熟悉其特性和最佳实践。 10、熟练使用TypeScript进行前端开发，了解其与JavaScript的差异和优势。 11、具备良好的团队协作能力，能够与产品经理、UI设计师、后端工程师等多方有效沟通。 12、有大型项目开发经验，熟悉前后端分离的开发模式。 职位福利：五险一金、绩效奖金、带薪年假、年底双薪、定期体检、员工旅游、节日福利、落户资质   ,1月17日,上海陶术生物科技有限公司深耕药物发现领域十余年，始终聚焦生物医药行业配套产品和服务，利用自身技术优势，提供小分子药物大数据信息、海量实体化合物供应、科研服务等新药发现的整体解决方案。为全球各类创新药物的研发带来便捷、高效的产品和服务，助力降低研发投入、提高研发效率。陶术生物先后荣获国家“高新技术”企业、上海“专精特新”企业、国家“专精特新”小巨人企业等称号。,"https://www.zhaopin.com/jobdetail/CC886353150J40621699301.htm?refcode=4019&srccode=401901&preactionid=a7c1140f-c46c-45e5-b867-ab342d8bdc77"
1607,测试工程师,廊坊-广阳区,9000-11000元,建研机械检验检测(北京)有限公司,检测/认证,20-99人,不需要融资,CCL1258846060J40614334314,一、公司简介 我司是国家电梯质量检验检测中心的法人依托单位，是隶属于央企中国建筑科学研究院有限公司的全资子公司。自1978年成立至今，在国内电梯、建筑机械检验检测领域具有技术性权威地位，公司目前运营状况良好，可为应届毕业生提供稳定就业岗位。 二、岗位职责——检测工程师 1、完成建筑机械及模架产品的型式试验/工厂检验/委托检验工作； 2、参加科技项目、标准制修订、论文撰写、检验技术研究等科研类工作。 三、录用条件 1、专业及学历 硕士及以上学历，机械、电气、机电一体化、自动化等机电类相关专业。 2、年龄 年龄不超过30周岁（1995年1月1日之后出生）。 3、优先条件 通过英语六级，党员，班干部/学生会干部。 4、其他要求 具备与岗位职责相适的专业基础，具备良好的沟通能力，工作责任心强，职业心态积极，服从公司工作安排。 四、福利待遇 1、应届起薪9k起，具体依据应聘者学历、工作经历、业务技能水平等情况，面试时商议确定； 2、与公司（央企）签订劳动合同，缴纳北京市社保及公积金（最高比例）； 3、双休、法定节假日、带薪年休假（按毕业后累计工作计算，最多15天）； 4、年终奖金、定期加薪、先进工作者奖、激励基金奖、出差补助、通讯补贴、高温补贴、过节福利、工作餐、员工宿舍、定期工会福利、健康体检等。,7月23日,建研机械检验检测(北京)有限公司作为北京建筑机械化研究院有限公司（隶属于中央企业中国建筑科学研究院有限公司）下属全资子企业，是国家电梯质量检验检测中心主体法人单位，是国家建筑工程质量检验检测中心施工机具和模架质检部归属管理单位，简称和注册商标均为“NETEC”.,"https://www.zhaopin.com/jobdetail/CCL1258846060J40614334314.htm?refcode=4019&srccode=401901&preactionid=a7c1140f-c46c-45e5-b867-ab342d8bdc77"
1608,技术支持工程师,珠海-香洲区,8000-13000元·13薪,健帆生物,"医疗设备/器械,生物工程,医疗设备/器械",1000-9999人,已上市,CC141251540J40797752203,岗位职责： 1.负责区域内的产品技术、品牌的推广工作，为医护端客户提供专业建议、技术支持、维护服务和相关资讯；  2.参与学术交流活动的组织，完成产品信息要点、临床应用、前沿进展等内容推广工作； 3.收集和整理市场及客户需求并及时反馈，向公司提供技术、营销等方面的改进建议。 任职要求： 1.2025届/2024届应届本科/硕士，医学类（临床医学、基础医学、预防医学等）、生物类（生物技术、生物医学工程等）、药学类、护理学等相关专业，学习成绩良好，学生工作及实践工作经历丰富者优先；  2.良好的沟通表达能力，积极乐观、吃苦耐劳，能接受出差与全国岗位调配。,6月6日,健帆生物科技集团股份有限公司（股票代码：300529）创建于1989年，总部位于粤港澳大湾区核心城市一一珠海，公司专业从事生物材料和高科技医疗器械的研发、生产及销售，是国家火炬计划重点高新技术企业，荣获“国家科技进步二等奖”“国家制造业单项冠军示范企业”“国家技术创新示范企业”“全国和谐劳动关系创建示范企业”，承担多个国家级科技和产业化项目，具备国家企业技术中心、院士工作站、博士后工作站等科研平台，是以血液净化产品作为主营业务的A股创业板上市公司，市值稳居医疗器械上市公司前列。公司生产的原研原创系列血液灌流器、血液吸附柱产品，市场占有率70%以上，广泛应用于中毒、危重症、肾病、肝病、自身免疫性疾病等领域，每年救治患者数十万，畅销全国超过8000多家大中型医院，并远销90多个国家和地区。健帆将打造独有的血液净化设备、耗材、药品及保险、慢病管理、医疗服务等多位一体的血液净化全产业链，实现集团化、品牌化、多元化发展，为成为“世界一流的高科技医疗技术企业集团”的愿景奠定坚实的基础。,"https://www.zhaopin.com/jobdetail/CC141251540J40797752203.htm?refcode=4019&srccode=401901&preactionid=a7c1140f-c46c-45e5-b867-ab342d8bdc77"
1609,Java,西安-雁塔区,3000-4000元,威发系统(中国)有限公司,"IT服务,计算机软件,运营商/增值服务,计算机硬件",100-299人,未融资,CC131247800J40848098615,Main Responsibilities： 1、负责项目的概要设计和详细设计； 2、参与编码和调试； 3、编写、管理相关软件文档； 4、参与软件产品的维护和升级； 5、对软件开发提出合理化建议； 6、向业务部门提供软件的后期技术支持； 7、对所编写的程序进行严格的综合测试，测试软件模块和软集成产品，进行软件故障诊断、定位、分析和调试，配合测试员修改相应的程序。 Qualifications & Skills: 1、研二实习生，计算机软件、通信、电子及相关专业，有扎实的计算机和网络通信基础知识； 2、能熟练使用Java开发项目； 3、掌握 Java和JavaScript等WEB开发技术； 4、有开发和参与项目的经验和实操经历，可迅速上手开展工作； 5、有技术钻研精神、具备良好的团队合作精神。 学历要求研二，实习时间3-6个月。,7月25日,威发系统成立于1988年，拥有20余年网络系统集成及10余年独立软件开发经验，主营业务包括：威发智能云办公平台、威思客企业移动办公门户、网络系统集成及专业IT服务等。威发系统总部位于香港，在北京、上海、苏州、福州、广州、西安、成都等地设有分公司和办事处，并在西安设有软件研发中心。威发系统始终致力于为政府、企业用户提供新一代基础网络及基于移动互联网的企业办公、市场营销解决方案，是业界领先的新一代系统集成及应用软件服务提供商，客户覆盖《财富》500强60%以上的大型企业以及数千家中小企业。近年来，威发系统在完善系统集成及解决方案基础上，整合多年系统集成及应用软件开发经验，针对企业智能办公、移动办公需求，独立研发了威发企业智能云办公平台和威思客企业移动办公门户平台。威发企业智能云办公平台包括：智能展板、智能会议、智能无线、智能能源、智能前台、智能工位、智能协作等智能应用系统，可以覆盖一般企业智能办公需求，助力企业智慧办公。威思客企业移动办公门户专注于企业社交网络与企业移动信息化平台建设，基础功能包括：电话会议，网络会议，组织架构，物理会议室预定，日程，任务，日报，审批，考勤等，并可集成威发企业智能云办公平台中的智能办公模块，还可定制开发，整合企业原有OA、ERP、CRM等传统应用，为企业提供一站式的移动办公平台服务。威发系统正在引领企业移动办公趋势，推动企业智慧办公变革。公司文化我们的使命：致力成为新一代互联网及电子商务基础建设方案供应商和服务供应商。我们的理念：超越客户期望;充分授权员工;领导科技先锋;创造理想业绩;不断改进创新。更多信息请浏览公司网站:www.wafersystems.com,"https://www.zhaopin.com/jobdetail/CC131247800J40848098615.htm?refcode=4019&srccode=401901&preactionid=a7c1140f-c46c-45e5-b867-ab342d8bdc77"
1610,实施工程师,兰州-城关区,5000-10000元,河南大瀚建设工程有限公司,工程施工,100-299人,不需要融资,CCL1347244150J40694858612,岗位内容： 1. 通过多种渠道收集客户反馈信息，分析和解决问题。 2. 维护产品和知识库，持续优化文档、FAQ、视频媒体和在线交互等形式的支持资源。 3. 在客户满意度、减少投诉、提高转化率、增长市场份额等方面，积极与销售和其他各个部门合作。 任职要求： 1. 本科或以上学历，计算机科学、信息技术或相关专业优先； 2. 熟悉技术支持工具和方法，如ITIL、SLA等； 3. 有技术支持工作经验优先，有成功的客户案例和对业务目标的贡献； 4. 能够积极主动地寻找和推进解决问题的方法和创新思路。,6月11日,大瀚建设工程公司始终坚持“质量第一，用户至上，铸造精品，超越自我”的服务宗旨，并以“源以社会、回报社会”为己任，乐观参与各项社会公益事业。追求和完善科学管理，以人才战略为依托，以具有高度社会责任感的企业形象面对社会，以优质、创新、诚信服务于各界。公司自成立以来，不断谋求新的发展，承接了省内外市政、装修装饰、园林绿化、公路工程、水利水电工程、大型的房屋建筑、送变电、防腐保温及钢结构工程等诸多项目，取得了多项荣誉称号，积累了丰富的施工经验，堂握了各种新型施工技术。多年来，大瀚建设工程恪守“质量第一、客户至上”的服务宗旨，遵循“优质、高效、团结、奉献的工作态度，为社会创造了一大批优质精品工程。,"https://www.zhaopin.com/jobdetail/CCL1347244150J40694858612.htm?refcode=4019&srccode=401901&preactionid=a7c1140f-c46c-45e5-b867-ab342d8bdc77"
1611,测试工程师,咸阳-秦都区,6000-8000元,三立智能电气有限公司,电气机械/电力设备,100-299人,,CCL1326377890J40585851109,岗位职责：,7月26日,,"https://www.zhaopin.com/jobdetail/CCL1326377890J40585851109.htm?refcode=4019&srccode=401901&preactionid=a7c1140f-c46c-45e5-b867-ab342d8bdc77"
1612,C/C++,惠州-惠城区,5000-7000元,万事通(惠州)电子科技有限公司,电子/半导体/集成电路,20-99人,不需要融资,CCL1491710200J40728927314,"崗位职责：   维护,开发及设计PC上位机,工控应用软件。  协助硬件工程师调试应用软件。  编写工具软件包括串口，网络通讯，图形化软件编写工作。  软件说明文档编写及归案。包括ER图，流程图及接口说明。任职要求：   大专或以上，电子信息或计算机相关专业。  熟悉 C 及C++，JAVA 语言。  用VB，VC 或 C# 语言在編写 MFC或 .NET 架构应用软件。  了觧图形软件算法，通讯串口，Window Socket编程。  细心，耐心及善于分析解决问题。  喜爱新事物及学习能力強。  福利待遇：       优秀表现及项目有成果者，提供奨金。     大小周工作制，有住宿补贴或提供宿舍，园区食堂。     购买五险，享受国家规法定节假日及相关褔利假期（年假，婚假，产假）。     员工享有生日礼品，过节褔利等。 ",7月25日,,"https://www.zhaopin.com/jobdetail/CCL1491710200J40728927314.htm?refcode=4019&srccode=401901&preactionid=a7c1140f-c46c-45e5-b867-ab342d8bdc77"
1613,Java,长沙-开福区,1-1.5万,中科闻歌,"互联网,人工智能,云计算/大数据",500-999人,D轮及以上,CC490846880J40778805614,1、参与项目或产品的研发工作，负责Java后端服务的开发和维护。 2、根据项目需求，设计和实现高效的程序和数据处理流程。 3、与团队合作，确保代码质量和项目按时交付。 4、参与代码审查、编写技术文档，包括API文档、系统架构文档和用户手册等工作。 5、与项目经理或研发经理紧密配合，确保项目需求得到准确理解和实现。 6、跟踪最新的Java技术和人工智能发展趋势，不断提升技术含量。 任职要求： 1、硕士及以上学历，计算机科学、软件工程、人工智能或相关领域。 2、熟练掌握Java编程语言，有扎实的面向对象编程基础。 3、了解人工智能基本概念，对机器学习、深度学习等领域有基本认识。 4、熟悉常用的Java开发框架，如Spring Boot等。 5、熟悉数据库技术，如MySQL、ORACLE等。熟悉常用的开发工具和环境，如Git、Maven等。 6、熟悉常用开发组件，如Redis，Kafka等。 7、具备良好的沟通能力和团队合作精神，能够适应快节奏的工作环境，有较强的学习能力和解决问题的能力。 加分项： 1、有Java项目开发经验者优先，包括实习或学术项目。 2、有在人工智能或相关技术领域的实习或项目经验。 3、熟悉微服务架构和容器化技术，如Docker、Kubernetes等。 4、熟悉Elasticsearch（ES）及其在数据处理和搜索中的应用者优先,7月15日,中科闻歌简介中科闻歌成立于2017年，是中科院自动化所孵化企业，定位于领先的数据与决策智能服务商。公司依托互联网大数据和情报与安全信息方向十余年技术积累，聚焦DI+AI+OR（数据智能+人工智能+运筹学）智能计算核心技术，专注于人工智能基础平台与应用研发，提供面向数智媒宣、数智舆情、数智金融和数智安全等领域的多语言、跨模态和深度认知智能大数据与人工智能基础平台及解决方案。公司核心团队在国际顶级学术期刊和会议发表论文600余篇，申请发明专利近百项，研发和实现核心算法3000余个，数据覆盖全球媒体，是新华社多语言、科技冬奥多语言服务商，多项研究和技术属于开创性工作，获中科院“弘光专项”、国家科技创新2030“新一代人工智能”等重大专项支持。公司现有员工700余人，集聚全球一流青年人才，拥有30余位博士领军人才，设立博士工作站。公司已在北京、深圳、上海、南京、西安、重庆等地设立分支机构，累计完成七轮超十亿元融资，投资机构包括国开金融、中网投、盈富泰克、深创投、中科院资本和科技部的相关基金等，入选国家级“专精特新小巨人”企业，获中国创业创新大赛全国总决赛成长组新一代信息技术第一名、数博会“领先科技成果奖”、公安部科技进步奖二等奖、“王选新闻科学技术奖”一等奖（2019年、2021年）等奖项。公司已服务超千家政企客户，包括中宣部、工信部、公安部、海关总署、中国人民银行、新华社、人民日报、中央广播电视总台、北京大学、清华大学、国家电网、一汽集团、海尔集团等单位。,"https://www.zhaopin.com/jobdetail/CC490846880J40778805614.htm?refcode=4019&srccode=401901&preactionid=a7c1140f-c46c-45e5-b867-ab342d8bdc77"
1614,科研人员,北京-昌平区,2-2.5万,冠昊生物,"医药制造,医疗设备/器械",500-999人,已上市,CC138386940J40748954202,岗位职责： 1．负责干细胞体外定向分化技术的研发工作，跟进最新研究进展，包括其他谱系分化及临床转化进展情况、新技术新方法的应用等；解决项目开展过程中遇到的技术难题，比如将传统2D培养的细胞驯化到可实现3D培养的技术等； 2．独立开展3D扩增及成熟技术的开发，主导完成所有其他细胞3D扩增及成熟技术开发的调研与总结，并将研究成果成功应用到研发项目中； 3．参与细胞治疗核心技术的研发，比如细胞残留分析方法，提升前体细胞扩增潜能的技术，更安全的能直接进入人体的新型冻存液的开发，其他关键质量控制与检测方法的开发等； 4．独立或协助申请科研项目，发表高水平科研论文和专利成果； 5．协助指导项目组人员研究课题的开展。 任职要求： 1．热爱祖国，拥护中国共产党领导；品学兼优、身心健康，年龄原则上不超过35周岁； 2．细胞生物学，生物学，免疫学，医学等相关专业，博士及以上学历； 3．对多能干细胞体外定向分化、细胞治疗核心技术开发等领域有浓厚兴趣，具有基因编辑，消化系统医学，肝脏疾病研究，肝类器构建和原代肝扩增和体内移植和应用经验、干细胞培养分化等相关研究背景；有多能干细胞体外分化、细胞3D扩增、药物筛选或动物模型构建等相关课题研究经历者优先考虑； 4．团队合作精神良好，科学态度严谨，能独立开展研究工作，具备较强的英文阅读和写作能力，能够独立撰写中英文论文； 5．国内外大学或研究单位博士毕业（毕业3年以内）；或临近毕业的博士生可以提出申请，在博士后进站时需按照国家规定提供相关证书。 专业（课题）方向： 1、干细胞 2、肝脏疾病（如肝衰竭）研究 3、基因编辑类（干细胞） 4、类器官（肝脏） 在广州进企业博士后工作站，工作地点在北京。,6月5日,冠昊生物科技股份有限公司（以下简称冠昊生物）是一家立足于再生医学，着眼于生命健康产业，集研发、生产、销售为一体的高科技企业。冠昊生物以“让生命科学为人类健康造福”为己任，努力将自身打造成国际最负盛名、最受尊敬的中华民族高科技企业，成为生命健康与美丽产业一流产品、技术及服务的提供者。凭借在诱导再生功能的新型生物材料及其产品研发领域的领先水平，冠昊生物承担着二十多项国家和地方的科技攻关项目，已成为本产业领域国家级的研发中心和产业化示范基地，由国家发展与改革委员会立项的“再生型医用植入器械国家工程实验室”和“再生型生物膜高技术产业化示范工程”先后落户冠昊生物。　2011年7月，冠昊生物在深圳证券交易所创业板挂牌上市，股票代码：300238。冠昊生物不断致力于再生医学领域产业化的创新与开发，1999年，建立天然生物材料处理技术平台并实现产业化；2013年，冠昊生物人源组织工程化再生软骨移植治疗技术（ACI）实现产业化；2014年，冠昊生物开展免疫细胞储存技术，在细胞治疗领域迈出了坚实步伐；同年，冠昊生物与北京大学合作成立“北昊干细胞与再生医学研究院”，立志成为世界一流的国际化干细胞研究与临床转化平台。冠昊生物愿与后来者分享创业经验，依托两大国家级项目（“再生型医用植入器械国家工程实验室”和“再生型生物膜高技术产业化示范工程”），成立了集合各种资源的、高效的、有深度和广度的产业化转化平台——广东冠昊生命健康科技园，为生命健康领域内的科技项目和中小微企业提供全方位专业孵化服务，促进科研成果产业化。为保护候选人职业安全，公司将妥善处理候选人简历资料。如基本符合要求，会在收到30天内给以答复，不符合则不再另做答复，请见谅。广州总部员工福利状况： 1、作息时间朝9晚5，每周工作5天； 2、社保及住房公积金据实购买； 3、提供工作餐及上下班交通车，有一条通往市区的路线，自乘公交或自驾车予以费用补贴； 4、员工转正即可享有7-15天带薪年假； 5、年度体检、多种形式的文娱活动等； 6、不定期、多样化员工培训。（如预约面试，请带齐您的身份证、学历/学位证及各种资格证复印件、1寸免冠照片1张。非请勿访，谢谢。）,"https://www.zhaopin.com/jobdetail/CC138386940J40748954202.htm?refcode=4019&srccode=401901&preactionid=a7c1140f-c46c-45e5-b867-ab342d8bdc77"
1615,测试工程师,东莞-None,面议,伊顿(中国)投资有限公司(EATON),"电气机械/电力设备,汽车研发/制造,电力/水利/热力/燃气,船舶/航空/航天/火车制造",10000人以上,未融资,CC120545030J40738084101,【工作内容】 - 配合测试工程师完成UPS的指定测试； - 搭建电源的测试平台； - 跟踪处理产线测试设备异常； - 维护和优化测试流程，确保测试数据的准确性和可靠性； - 记录和分析测试结果，提供改进建议以提升产品质量； - 参与新产品的测试方案设计和技术支持。 【任职要求】 - 中技/中专及以上学历，电气工程、自动化等相关专业优先； - 具备3-4年相关领域的工作经验，熟悉电力系统及测试流程； - 持有电工证或通过Eaton电工七门课程培训； - 熟练掌握电力线路连接技术，能够独立完成复杂电路的安装和调试； - 能够适应周末轮班和夜班工作，具备良好的团队协作精神和沟通能力； - 年龄不限，身体健康，能够胜任高强度的工作环境。,5月23日,"关于伊顿(EATON)伊顿公司是一家智能动力管理公司，致力于保护环境和改善人类的生活品质。我们的产品服务于数据中心、公用事业、工业、商业、机械制造、住宅、宇航和车辆市场。无论是现在还是未来，我们承诺正当经营、可持续运营和帮助客户更好地管理动力。在全球电气化和数字化发展趋势的助力下，我们正在加速推进世界向可再生能源转型，帮助客户解决最紧迫的动力管理挑战，为当今及未来的人类创建更可持续的社会。伊顿公司成立于 1911年，已在纽约证券交易所上市逾百年。2023年，伊顿公司销售额达 232亿美元，业务遍布 160多个国家。伊顿公司于 1993年进入中国市场，此后迅速发展其中国业务。2004年，公司亚太区总部从香港搬至上海。在中国，伊顿公司现有约 8,000名员工和 19家生产制造基地。About EatonEaton is an intelligent power management company dedicated to protecting the environment and improving the quality of life for people everywhere. We make products for the data center, utility, industrial, commercial, machine building, residential, aerospace and mobility markets. We are guided by our commitment to do business right, to operate sustainably and to help our customers manage power─ today and well into the future. By capitalizing on the global growth trends of electrification and digitalization, we’re accelerating the planet’s transition to renewable energy sources, helping to solve the world’s most urgent power management challenges, and building a sustainable society for people today and generations to come.Eaton was founded in 1911 and has been listed on the New York Stock Exchange for more than a century. We reported revenues of$23.2 billion in 2023 and serve customers in more than 160 countries. Eaton entered the Chinese market in 1993 and has grown significantly since then. In 2004, Eaton moved its Asia-Pacific headquarters from Hong Kong to Shanghai. Today, Eaton has around 8,000 employees and 19 manufacturing facilities in China.","https://www.zhaopin.com/jobdetail/CC120545030J40738084101.htm?refcode=4019&srccode=401901&preactionid=a7c1140f-c46c-45e5-b867-ab342d8bdc77"
1616,测试工程师,上海-浦东新区,1.3-2万,成都迈思信息技术有限公司,"计算机软件,互联网,IT服务",1000-9999人,未融资,CC153170410J40779055302,1、负责电脑版进行功能测试、编写测试用例，缺陷管理、雷区维护工作；。 2、测试平台搭建，测试工装维护、测试设备调试；. 3、测试流程审批，测试资料归档、产品配置项维护；4、完善自动化测试工具、修订测试方法； 5、制定标准化测试用例。,7月24日,"迈思信息技术有限公司（MaesInfo）是一家布局全球的专业软件产品及软件开发服务公司，在美国硅谷，匹兹堡，欧共体以及中国的多个城市都拥有自己的分公司，研发中心或外包业务中心。公司主要提供IT外包（ITO），商业流程外包（BPO），智能化解决方案，为客户提供高效率，高质量及高可预期性的服务。作为外包服务主要提供商，我们拥有专业的市场分析员，系统架构师，技术顾问，界面设计师，软件工程师，数据库管理工程师及质量管理工程师。我们提供基于面向服务架构（SOA）的企业信息系统服务，及具有创造性的用户界面设计，电子商务软件开发和事务流程自动化等快速优质的软件外包和离岸开发服务。我们的客户遍布于制造、金融服务、医疗、零售等行业，其中包括有世界排名前500强的高科技企业。并且在北美、日本建立了广泛的外包渠道，在业界有着突出的成绩。在中国，我们最大的外包研发中心建立在西部外包业务的福地四川成都，这里孕育着大批优秀的软件专业人才。在江苏常州，我们建立了面向华东地区的软件研发及外包业务中心，其中常州的软件研发项目入选当地领军型海归人才项目，并获得海归领军型人才项目专项资助。与此同时，常州的外包业务中心开始承接海外外包项目，特别是在美国的全球500强企业的离岸外包业务。在深圳及西安，我们正在建设地区性软件研发及外包业务中心，面向地区市场，并承揽海外业务。此外，在美国硅谷，欧共体及卡尔加里我们都拥有自己的分公司，这使得我们的全球客户服务具备地理位置上的绝对优势。　MaesInfo is a leading provider of professional outsourcing service with a Global Development Center in Chengdu,China and as well as PM offices in the USA and Canada.MaesInfo engages in IT Outsourcing(ITO)and R&D while also developing its software products.MaesInfo's goal is to become China's IBM and we strive to be the leader of China's IT Outsourcing industry.Our Global Software Development Center is located in Chengdu,China and offers a hotbed for nurturing the talent to develop and deploy the world's highest-quality software.With branches in Beijing, Silicon Valley and Calgary,we're well positioned to serve our customers globally around the clock.We offer a disciplined approach to offshore outsourcing for companies all over the world.Our high-quality and low-cost operating model allow us to pass on more than 50% cost savings to our clients while continuing to improve our productivity and predictability.As a leading provider for Enterprise Information Systems based on Service Oriented Architecture(SOA),we stand out with an impressive track record across various industries all over the USA and Japan.Our top-notch team includes Business Analysts,Architects,Process Consultants,Interface Designers,Software Engineers,DBA and QA/QC Engineers etc.欢迎浏览公司网站：http://www.maesinfo.com; http://www.maesinfo.cn","https://www.zhaopin.com/jobdetail/CC153170410J40779055302.htm?refcode=4019&srccode=401901&preactionid=a7c1140f-c46c-45e5-b867-ab342d8bdc77"
1617,技术支持工程师,沈阳-皇姑区,4000-7000元,沈阳竞斓电子通信技术有限公司,互联网,100-299人,未融资,CCL1483878430J40660424406,岗位职责：,2025-07-27 00:35:21,"竞斓通信：智联未来，赋能数字新基建竞斓电子通信技术有限公司立足通信网络行业前沿，聚焦移动互联网、物联网与智能云网技术研发，致力于为政企客户提供定制化网络解决方案。公司以自主创新为引擎，构建覆盖光传输、边缘计算、网络安全的立体化产品矩阵，助力智慧城市、工业互联网等场景的数字化转型。核心团队由通信领域资深专家领衔，打造高可靠、低时延的智能网络架构。我们以""连接创造价值""为使命，携手生态伙伴推动全球通信基础设施升级，开启万物智联新时代。","https://www.zhaopin.com/jobdetail/CCL1483878430J40660424406.htm?refcode=4019&srccode=401901&preactionid=a7c1140f-c46c-45e5-b867-ab342d8bdc77"
1618,C/C++,杭州-西湖区,1.5-2.3万,浙江浙期实业有限公司,"证券/期货,零售/批发,贸易/进出口",100-299人,未融资,CC238267130J40355125411,职位描述： 1、负责量化交易平台（行情/回测/实盘系统）的设计、开发与迭代，保障低延迟（微秒级）、和高稳定性； 2、优化交易执行引擎，包括订单管理、风险控制、算法交易模块，支持ETF、期货、期权等多品类交易； 3、开发量化程序测试平台和策略管理平台。 任职要求： 1、精通C++11/17标准，熟悉模板、STL、智能指针及内存模型； 2、熟练使用Linux开发环境，掌握多线程、网络编程； 3、计算机/软件/电子类统招本科及以上，985/双一流优先； 4、抗压能力强，适应快节奏迭代，具备技术极客精神（GitHub技术博客等可作证明）； 5、加分项：参加过计算机和电子相关竞赛并获奖、熟悉FPGA硬件加速或内核 bypass 技术（如DPDK）、贡献过开源项目、熟悉Redis原理。 ,7月2日,浙江浙期实业有限公司是隶属于世界500强企业浙江交通投资集团有限公司下属的金融板块公司（交投集团名列2021年世界500强第433位，2020年中国500强第139位），控股股东为浙商期货有限公司，由中国证监会及中国期货业协会核准设立、在期货行业中专注于服务产业客户的风险管理公司，浙江省服务业百强企业。公司于2013年4月成立，目前员工人数150余人。公司核心三大业务：基差贸易、场外衍生品业务、做市商业务等，其中基差贸易年销售额为超100亿元、场外业务规模为名义本金1000亿元、做市业务年交易金额为3000亿元。公司响应国家“精准脱贫，服务三农”的号召，在近20个省份50多个县市开展了近百个“保险+期货”项目；其中“让阿克苏棉农吃下‘定心丸’”项目进入国务院扶贫办社会扶贫司的《中国企业精准扶贫50佳案例（2018）》。公司自设立以来，三大板块业务均衡、协同发展，齐头并进，在期货领域风险管理行业内是凤毛麟角，历年来公司的各项经营指标在行业内一直处于领先地位，并在行业内具有较强辐射力。公司一直致力于服务实体企业，历年来获得诸多奖项，其中： 2015年荣获中国最佳期货经营机构评选的最佳风险管理子公司服务奖； 2016年荣获大连商品交易所优秀风险管理子公司； 2017年荣获大连商品交易所优秀风险管理子公司； 2018年荣获中国最佳期货经营机构评选的最佳风险管理子公司服务奖，荣获上海期货交易所2018年度优秀做市商奖、做市业务项目特别贡献奖； 2019年荣获中国期货风险管理子公司君鼎奖、上海期货交易所2019年度做市业务金奖、做市业务项目特别贡献奖； 2020年荣获中国最佳期货经营机构评选的最佳风险管理子公司服务创新奖，郑州商品交易所卓越做市商奖、优秀期货做市商奖、优秀期权做市商奖；大连商品交易所期货做市商最佳贡献奖、期权做市商最佳贡献奖；上海期货交易所标准仓单交易平台优秀交易所、做市业务钻石奖，做市业务项特别贡献奖。,"https://www.zhaopin.com/jobdetail/CC238267130J40355125411.htm?refcode=4019&srccode=401901&preactionid=a7c1140f-c46c-45e5-b867-ab342d8bdc77"
1619,硬件测试,北京-石景山区,7000-10000元·13薪,北京飞秒留声科技有限公司,"电子/半导体/集成电路,电子设备制造",20-99人,不需要融资,CCL1222932960J40884310704,岗位内容：  1. 负责产品的调试或性能测试、产品的性能等级筛选； 2. 按照文件指导对不合格产品进行修复、调试和再测试； 3. 编写或填写产品调试与测试报告； 4. 向生产人员反馈测试问题，必要时协助解决产品bug等。 任职要求：  1. 电子信息、测控技术或其他电子类相关专业，本科以上学历；对于无工作经验但其他能力突出者亦可考虑； 2. 具有一定的电子技术基础知识； 3. 熟识常用电子元器件，知晓其工作原理及使用方法；  4. 具备良好的逻辑思维能力和分析能力，能够快速定位问题，并给出有效的解决方案；   5. 具有较好的沟通能力、观察能力、团队协作能力，责任心强，工作认真细致。,3月8日,北京飞秒留声科技有限公司位于中关村科技园石景山园，是一家专门从事高精度频率源研发与服务的高新技术企业，核心团队具有20余年商用原子钟和低相噪晶振研发经验。公司秉承“高度聚焦、深入研发、专业推广”的理念，持续深耕高精度原子钟及振荡器技术，不断推进产品智能化及自主可控，并实现了多项特种原子钟核心技术的攻克。公司自成立以来，始终坚持自主创新，研制了具有国际水平的高性能CPT芯片原子钟、可适应-50℃~+95℃的小型宽温铷原子钟、计量标准级超高性能铷原子钟和短稳达到6E-14的超稳晶体振荡器，并在2024年初面向全球发布了原子钟振产品，极大推动了原子时钟替代石英时钟的时代步伐。飞秒留声已成为世界上少数掌握芯片原子钟、商用及特种铷原子钟、高性能晶体振荡器核心技术的民营企业之一。公司的主要产品有芯片原子钟、标准级高性能铷原子钟、微型铷原子钟、特种耐高温铷原子钟等原子钟产品和原子钟振产品，以及特制的hi-end级发烧时钟、超低相噪晶振、频率测试仪及智能测试系统、高性能锁相环、相位噪声测试仪、射频隔离放大器、脉冲分配器、低相噪分频器、原子泡无极灯系统等频率产品及设备。公司还承接相关产品及测试系统的技术开发、OEM生产、ODM生产等业务。公司通过国家高新技术企业认定，获得科技型中小企业、北京市“专精特新”中小企业、中关村高新技术企业等称号；通过GJB9001C-2017质量体系认证，以过硬的技术、专业的水准以及严格的质控为用户提供优质的产品和服务。目前公司产品已广泛应用于航空航天、通讯设备、仪器仪表、测试设备、电力通信设备等领域。未来，飞秒留声将潜心于商用原子钟及振荡器的国产化及自主可控技术的攻克，聚焦解决“卡脖子”技术难题，精心打造高端时钟频率源。,"https://www.zhaopin.com/jobdetail/CCL1222932960J40884310704.htm?refcode=4019&srccode=401901&preactionid=a7c1140f-c46c-45e5-b867-ab342d8bdc77"
1620,硬件测试,哈尔滨-道外区,5000-8000元,哈尔滨中真科技有限公司,"通信/网络设备,运营商/增值服务,消费电子产品,光电子行业",500-999人,天使轮,CC541926530J40659889106,"招聘要求： 1、大专（含）以上学历，专业不限~2017年应届生/实习生亦可. 2、不限专业，对电子/计算机/通信等相关项目感兴趣，售前/ 售后相关工作有浓厚趣,较强的求知欲，28周岁以下； 3、工作积极主动，认真踏实；肯吃苦，能承担一定的工作压力； 有意者先投递简历。1-2日内筛选合格者电话通知面试！ 待遇： 1五险一金 周末双休 8小时工作制.法定假日休息 2带薪年假（婚假 丧假 病假 事假） 3实习期/试用期转正后底薪+项目提成+绩效工资+补助》5000以上。每年根据情况上调工资. 工作时间：早九晚五，周末双休，节假日正常休息。 职位福利：五险一金、绩效奖金、带薪年假、弹性工作、加班补助、补充医疗保险、出差补贴、员工食堂",2025-07-27 01:15:16,,"https://www.zhaopin.com/jobdetail/CC541926530J40659889106.htm?refcode=4019&srccode=401901&preactionid=a7c1140f-c46c-45e5-b867-ab342d8bdc77"
1621,测试工程师,南京-雨花台区,9000-14000元,南京绛门信息科技有限公司,"计算机软件,IT服务,互联网",1000-9999人,已上市,CC426773320J40779070405,任职要求：,5月23日,绛门科技是一家创新型高新技术企业，为移动运营商、中兴通讯、国家电网、招商银行等多家500强企业提供软件外包服务、IT和云方案及实施服务、运营和系统集成解决方案等专业化服务。绛门科技秉承“客户至上、科技创新”的服务理念，坚持以质为本、以信取胜，专注于IT云服务、移动互联网、移动物联网、多媒体及手机客户端应用等领域，是客户指的新来的通讯综合服务供应商和战略合作伙伴。公司总部设在南京，并在上海、广州、深圳、西安、重庆、三亚等多个城市设立分支机构和研发中心。公司目前有员工1200余人，拥有众多具有实战经验的资深软件研发人员，通过现场、离岸、项目外包等多种模式，为客户提供优质服务业务类型Ø软件定制化服务软件人力资源外包软件离岸开发软件测试本地化Ø技术服务多媒体业务开发互联网应用开发手机客户端应用开发运营支撑系统开发及方案提供Ø IT服务操作系统服务系统安全巡查服务高可用服务虚拟化迁移服务网络服务,"https://www.zhaopin.com/jobdetail/CC426773320J40779070405.htm?refcode=4019&srccode=401901&preactionid=a7c1140f-c46c-45e5-b867-ab342d8bdc77"
1622,技术支持工程师,黔南-福泉市,9000-18000元,青岛安然物联网科技有限公司,"物联网,物联网",20-99人,未融资,CC559764920J40823793604,需要弱电技术、自动化、安防系统、工业互联网+危化安全生产、物联网人才，不要纯软件人才。  你能经常到全国各地出差吗？你能到工业生产现场生产现场做技术支持吗？   真正的奋斗者在安然会有让人值得为之奋斗的事业，会有充实、高效的成长，会有高人一等的收入。   你能做好售前技术支持、根据客户需求，高效制作方案吗？你能做好售中技术支持、指导他人正确安装、部署、调试系统向用户保质保量快速交付吗？你能做好售后维护，高效沟通和落实客户需求吗？   迄今已服务中石化、中石油、延长石油、国能、兖矿、京能、索普、新安、奇美、昊源、潞安、旭阳、垦利、逸盛、海科、酒钢、金发等几百家石化、化工、选煤、钢铁、电厂企业。    安然以客户为中心，以强者为本，抬头乐干，愿意与同道中人联合、链接，携手共建、共用、共享生产安全命运共同体，一起干，一起干，让优秀企业更安全，让优秀企业更高效！,7月23日,基于精准人员定位的工业安全生产信息化管理专家，安全生产信息化管理引领者！作为全国实时定位技术标准工作组成员和应急管理部“工业互联网+危化安全生产”人员定位系统技术支持机构，安然从2012年起致力于基于ZigBee Plus三维立体按需精准定位的“工业互联网+安全生产”的研究，获得了20多项安全智能管控系统发明专利和著作权，持续引领中国化工行业生产现场智慧安全！安然以“准、稳、狠”的ZigBee Plus三维立体按需精准人员定位统和“底数清、数据准、情况明、研判准、措施实”的安全生产信息化平台为核心，整合访客管理、出入口控制、人脸识别、视频监控、语音广播、重大危险源监控、可燃有毒气体监测等系统，对生产现场人、机、料、法、环五大要素进行实时、动态、智能管控和预警，规范人的安全行为，保障人的生命安全，有效防范风险、主动化解风险，实现智慧安全。安然“以用为本”，把安全生产信息化建设与公司管理体系“深度融合”，把安全生产信息化建设与日常工作“紧密结合”，对安全生产切实“有用、实用、好用”，避免建用“两张皮”，让安全管控更智能，让生产更高效才实用。迄今已服务中石化、中石油、延长石油、国能、兖矿、京能、索普、新安、奇美、昊源、潞安、旭阳、垦利、逸盛、海科、酒钢、金发等几百家石化、化工、选煤、钢铁、电厂企业。安然以客户为中心，以强者为本，抬头乐干，愿意与同道中人联合、链接，携手共建、共用、共享生产安全命运共同体，一起干，一起干，让优秀企业更安全，让优秀企业更高效！,"https://www.zhaopin.com/jobdetail/CC559764920J40823793604.htm?refcode=4019&srccode=401901&preactionid=a7c1140f-c46c-45e5-b867-ab342d8bdc77"
1623,测试工程师,杭州-上城区,8000-10000元,温州联虹智科网络科技有限公司,互联网,20-99人,,CCL1504298070J40761457710,岗位内容：  1. 执行软件测试工作，包括测试用例编写、测试执行、问题跟踪等，确保软件品质。 2. 参与产品设计评审，了解业务需求，提出优化建议。 3. 使用自动化测试工具或开发相应的自动化测试脚本，提高测试效率，缩短测试周期。 4. 持续关注测试领域的新技术和方法，不断提升测试技能和工作效率。 任职要求：  1. 计算机相关专业本科及以上学历 2. 熟练掌握至少一种测试工具、至少掌握一种编程语言，熟知测试原理和方法。 3. 具备良好的逻辑思维能力和分析能力，能够快速定位问题，并给出有效的解决方案。 4. 具备较强的沟通协调能力和团队合作精神，积极主动，具有强烈的责任心和进取精神。,7月23日,,"https://www.zhaopin.com/jobdetail/CCL1504298070J40761457710.htm?refcode=4019&srccode=401901&preactionid=a7c1140f-c46c-45e5-b867-ab342d8bdc77"
1624,软件测试,汕头-金平区,5000-7000元,天阳科技,"计算机软件,计算机软件",1000-9999人,已上市,CC120408370J40606418508,1.全国项目驻场测试，主要负责功能、数据或接口等相关测试工作； 2.统招本科学历及以上（学信网可查）；毕业满2年；计算机专业优先； 3.热爱软件测试行业、有强力的自驱力，能够在测试岗位深入学习研究； 4.有无经验均可，服从公司安排，接受公司培养，可接受异地工作优先； 福利待遇： 上市公司、公司可提供住宿、定期体检、带薪年假； 欢迎符合要求的小伙伴们投递~,7月18日,天阳科技(股票代码：300872)，是全球金融创新服务的重要贡献者，持续赋能中国金融行业数字化转型，为客户提供咨询、金融科技产品、金融IT服务、云计算及运营服务。公司成立于2003年，服务超过300家金融行业客户，覆盖中央银行、政策性银行、国有银行、股份制银行、地方性商业银行、非银行金融机构等，员工人数近7000人，成为激活金融领域创新活力、推动金融科技迈入世界领先水平的重要力量。作为金融行业客户可信赖的合作伙伴，天阳科技凭借丰富的行业经验和端到端的专业服务，在信创、数字化金融、信贷、交易银行、信用卡、零售、营销、风险管理、征信监管等众多领域具备核心竞争力。据赛迪和IDC报告显示，近年来公司在中国银行业IT解决方案市场排名强势崛起，2019年收入及市场占有率综合排名分别位列第四位和第五位，并保持高速增长。同时，前瞻商业和科技趋势，入选2021年度未来银行科技服务商TOP100。天阳科技始终聚焦金融科技领域，加大自主创新力度，在超过100个城市建立本地化、专业化的研发和服务团队，拥有CMMI5级认证、软件测试成熟度模型集成（TMMi）3级认证、ISO9001质量管理体系认证、ISO20000信息技术服务管理体系认证、IS027001信息安全管理体系认证。通过部署人工智能、云计算、大数据、移动互联网、分布式计算和区块链等先进金融科技，公司致力于构建安全可控、普惠民生、开放共赢格局，在关键技术领域服务现代化金融发展大局，更好地为各利益相关方创造更大价值，为大中企业、小微企业以及每个个体提供优质金融服务。,"https://www.zhaopin.com/jobdetail/CC120408370J40606418508.htm?refcode=4019&srccode=401901&preactionid=a7c1140f-c46c-45e5-b867-ab342d8bdc77"
1625,技术支持工程师,南京-江宁区,6000-12000元,南京清电物联科技有限公司,电气机械/电力设备,20-99人,,CC869579410J40569154211,岗位职责： 1、负责与公司销售人员交流沟通，解答销售人员疑问，为公司的销售团队作技术保障； 2、负责与客户进行技术交流； 3、前期现场勘察与方案设计； 4、负责老客户和项目客户设备的维修、维护和技术支持； 5、了解客户需求，配合研发部门进行相关的工作； 6、完成上级交办的其他工作。 任职要求： 1、公办本科学历以上，电气自动化或机电一体化等相关专业，经验、能力强者可适当放宽学历要求； 2、对APF等电能质量相关产品、储能系统、光伏发电系统、充电桩、能源路由器等某一项或多项有一定的了解，具备一定的写作能力和主动学习能力； 3、对整个电网系统有一定的了解，熟悉配网环节，熟悉行业规范及电气标准； 4、应届生或3年以上相关工作经验，具有在电气设备工作现场经验者优先考虑； 5、人品好，有良好的道德和职业素养，踏实肯干能吃苦，有坚韧不拔的拼搏精神； 6、能适应不定期的加班和外地出差（行业特点决定）； 7、有较强的责任心，良好团队协作能力、沟通能力、谦虚踏实、沉着冷静，有较强的逻辑思维和表达能力。 工作地址：江苏南京市,7月15日,南京清电物联科技有限公司，是一家以电能质量综合治理设备制和新能源微电网设备为主导产品，集研发、生产和技术服务为一体的高新技术企业。公司坐落于南京市江宁区经济开发区，注册资金600万。公司以追求卓越的理念和开放创新的精神，致力于为电网公司和广大用户工程提供优质的产品和服务。公司自成立以来，与清华大学、上海交通大学、中国电科院等国内知名高校及科研院所的团队深入合作，不断提升产品的技术档次和内在品质，企业的核心竞争能力不断得到增强。公司研发生产的电能质量综合治理装置，可广泛应用于电网变电站、冶金、石油、化工、建筑、港口、铁路、电信等各个领域。公司研发的“配网多端口能源路由器”，将有效支撑未来能源互联网的“能源互联、信息共享、业务互动”，通过能量流、业务流和信息流的高度融合控制，可实现分布式能源与电动汽车自适应接入、柔性负荷的需求侧管理和高效利用，提高未来能源互联网的资源配置能力和安全可靠运行能力。通过几年的自主创新发展，公司取得了众多自主创新研发成果。2021年、2022年、2023年公司均被认定为科技型中小企业。2022年，公司通过国家高新技术企业认定。2019年，公司获得南京市江宁区高层次创业人才引进计划项目奖励，2021年，获得南京市紫金山英才先锋计划高层次创新创业人才项目奖励，2023年，获得江苏省双创人才奖励。当前，面对国家“双碳”战略和新型电力系统建设带来的新机遇和新挑战，我们将一如既往地坚持“安全、智能、高效、卓越”的经营理念，竭诚为用户提供优质的产品和服务，为国家电力工业的发展做出应有的贡献！,"https://www.zhaopin.com/jobdetail/CC869579410J40569154211.htm?refcode=4019&srccode=401901&preactionid=a7c1140f-c46c-45e5-b867-ab342d8bdc77"
1626,软件测试,大连-甘井子区,7000-10000元,大连星派科技有限公司,"工程技术与设计服务,计算机软件",20-99人,A轮,CC875834900J40762344410,工作内容： 负责/参与管路应力分析软件的测试、手册等文档的编写、用户培训、项目文档文档管理工作。 1、制定测试计划、编写测试用例、执行测试、测试结果记录与反馈、编写相关报告、协助开发人员分析缺陷原因。 2、编写软件的操作手册、用户手册，录制演示视频。 3、为用户的技术人员提供软件操作的培训工作。 4、项目研发过程中产生的软件、文档、测试用例与结果的存档与管理。 任职资格： 1：本科及以上学历，力学、土木、机械等专业。 2：熟悉至少一种管路应力分析软件或通用有限元软件，如CAESAR II、Autopipe、ANSYS、ABQUES 3：有python或C++学习基础; 4：具备较强的文档编写能力，能独立完成测试计划、报告等技术文档。 必须有力学基础。,7月1日,星派仿真（SiPESC）致力于国产高端工业软件与系统的自主研发及产业化。源自大连理工大学，历经四十多年技术积淀和七代人薪火相传，SiPESC持续进行技术升级与拓展，已成为我国自主高端 CAE软件平台的代表性产品。公司所研发的 SiPESC软件，是继大连理工大学力学系的结构有限元分析与优化软件JIGFEX/DDJ/JIFEX之后研发的新一代计算力学软件平台，软件功能包括系统集成、结构分析、优化计算、结构拓扑优化、脚本语言等多个子系统，发展了扩展多尺度有限元、多重多级动力子结构等特色算法。目前，在北京、大连、洛阳等地均开设公司。公司拥有一支新老交替传承的 CAE软件研发队伍，其中教授占比超过 20%，博士占比超过 30%，硕士及以上学历占比超过 80%，钟万勰院士、程耿东院士是团队研发顾问。团队致力于以 SiPESC为基础的高端通用 CAE软件、定制化计算仿真平台、多学科设计优化软件、嵌入式结构监测等技术产品与服务的自主研发和产业化，并已先后应用于航天、航空、船舶、核电、高铁、机械等重大装备研发设计，与行业引领单位均建立了良好合作关系，共同推动国内自主 CAE软件、工程仿真计算与服务产业的发展。公司已进行a轮融资，投资方包括深创投及洛阳国资等,"https://www.zhaopin.com/jobdetail/CC875834900J40762344410.htm?refcode=4019&srccode=401901&preactionid=a7c1140f-c46c-45e5-b867-ab342d8bdc77"
1627,科研人员,深圳-光明区,2.2-3.5万,深圳理工大学,学校/学历教育,500-999人,,CCL1317818340J40653310210,"课题组/导师简介：  史志方，深圳理工大学助理教授。2020年博士毕业于上海科技大学，2021年加入美国北卡罗莱纳大学教堂山分校Jinsong Huang教授课题组从事博士后研究。2024年6月加入深圳理工大学材料科学与能源工程学院，担任助理教授。主要从事有机-无机杂化功能材料的设计合成与器件应用、新型表征手段开发等研究方向，迄今为止，在Science, Nat. Energy, Nat. Photon., Nat. Commun., Sci. Adv., J. Am. Chem. Soc.，Adv. Mater.，ACS Energy Lett.等国际知名期刊发表SCI论文19篇，引用1400余次，授权中国专利2项，申请美国专利1项。    岗位要求： 1、即将取得博士学位或取得博士学位不超过3年，年龄原则上不超过35周岁； 2、具备较高的学术水平和较强的科研能力，能独立开展科研工作； 3、专业要求：材料、化学、物理等相关专业。熟悉以下方向者优先：钙钛矿太阳能电池、光电探测器；杂化材料单晶生长及结构解析；有机小分子合成； 4、在国际学术期刊发表过相关论文者优先考虑； 5、具备较强的英语听说读写能力； 6、具备良好的学术道德和团队合作精神； 7、全职从事博士后研究工作。   福利待遇： 1、博士后聘期两年，提供年薪不低于30万元；优秀应聘者年薪不低于38万（含深圳市在站生活补助18万），特别优异的应聘者可推荐科研助理教授岗位（符合条件者可申请深圳市人才补助24万/年）。福利待遇参照学校同等教职工标准执行，享受五险一金，绩效奖励等。 2、课题组提供优良的工作环境和充足的科研条件支持，全力支持博士后本人作为负责人申请中国博士后科学基金、国家自然科学基金以及广东省、深圳市等各级科研项目。结合自身条件，课题组协助在站和出站留深博士后申请深圳市相关人才计划。成果突出的博士后，出站后可推荐科研助理教授岗位。 3、出站后留深签约3年工作劳动合同，可申请深圳市博士后出站留（来）深科研资助30万（每年10万共计3年）; 4、可依托学校申请深圳市人才房。可落户深圳市，配偶及未成年子女可办理随迁入户。 5、具有从幼儿园、小学、初中、高中的高水准附属教育机构，为教职工子女提供优质教育资源。提供高水准医疗保障，入职满一年可享受定制化高端体检。 （如政策有所调整，根据实际政策而定）    请将申请材料（含个人简历、发表文章及学术成果总结）发至：zf.shi@suat-sz.edu.cn，邮件标题请注明""XXX应聘SUAT史志方课题组+岗位""，请在邮件中注明拟到岗时间。简历经严格筛选后将及时安排面试，个人信息将严格保密。",9月12日,中国科学院深圳理工大学（简称“中科院深理工”）是由中国科学院与深圳市人民政府合作，依托中国科学院深圳先进技术研究院建设的独立设置的全日制高校，目标建设成为世界一流、“小而精”的研究型大学。中科院深理工将打造科教融合、产教融合、粤港澳合作及国际化办学、体制机制创新四大特色。在科教融合方面，坚持立德树人，以人才培养为根本任务，坚持以学生成长为中心，遵循教育规律和人才成长规律，创新教育教学方法，探索培养拔尖创新人才的模式，建立学院、书院、研究院“三院一体”的人才培养体系。在产教融合方面，中科院深理工将延续先进院的科技创新发展路径，通过加强创客学院建设，提倡创新创业精神，提供高质量创业氛围，培育学生的创业基因和能力。在国际化方面，学校将面向国内外引进高水平、国际化的教师队伍，提升国际化教学水平。将英文纳入工作语言，专业类课程计划全英文授课，计划三分之一至四分之一教授为外籍，三分之一至四分之一学生为外籍。在体制机制创新方面，中科院深理工将积极引进社会资本参与办学，并在坚持党领导的前提下，计划实行以理事会为核心的法人治理结构。中科院深理工旨在为粤港澳大湾区、为国际培养立志于科研的未来科学家学术前沿的科研领军者、立志于创新创业的未来企业家未来产业的创造者和引领者以及高科技产业的未来技术精英未来高科技行业的技术骨干和引领者。,"https://www.zhaopin.com/jobdetail/CCL1317818340J40653310210.htm?refcode=4019&srccode=401901&preactionid=a7c1140f-c46c-45e5-b867-ab342d8bdc77"
1628,软件测试,咸阳-秦都区,5000-7000元,天阳科技,"计算机软件,计算机软件",1000-9999人,已上市,CC120408370J40822509808,1.全国项目驻场测试，主要负责功能、数据或接口等相关测试工作； 2.统招本科学历及以上（学信网可查）；毕业满2年；计算机专业优先； 3.热爱软件测试行业、有强力的自驱力，能够在测试岗位深入学习研究； 4.有无经验均可，服从公司安排，接受公司培养，可接受异地工作优先； 福利待遇： 上市公司、公司可提供住宿、定期体检、带薪年假； 欢迎符合要求的小伙伴们投递~,7月22日,天阳科技(股票代码：300872)，是全球金融创新服务的重要贡献者，持续赋能中国金融行业数字化转型，为客户提供咨询、金融科技产品、金融IT服务、云计算及运营服务。公司成立于2003年，服务超过300家金融行业客户，覆盖中央银行、政策性银行、国有银行、股份制银行、地方性商业银行、非银行金融机构等，员工人数近7000人，成为激活金融领域创新活力、推动金融科技迈入世界领先水平的重要力量。作为金融行业客户可信赖的合作伙伴，天阳科技凭借丰富的行业经验和端到端的专业服务，在信创、数字化金融、信贷、交易银行、信用卡、零售、营销、风险管理、征信监管等众多领域具备核心竞争力。据赛迪和IDC报告显示，近年来公司在中国银行业IT解决方案市场排名强势崛起，2019年收入及市场占有率综合排名分别位列第四位和第五位，并保持高速增长。同时，前瞻商业和科技趋势，入选2021年度未来银行科技服务商TOP100。天阳科技始终聚焦金融科技领域，加大自主创新力度，在超过100个城市建立本地化、专业化的研发和服务团队，拥有CMMI5级认证、软件测试成熟度模型集成（TMMi）3级认证、ISO9001质量管理体系认证、ISO20000信息技术服务管理体系认证、IS027001信息安全管理体系认证。通过部署人工智能、云计算、大数据、移动互联网、分布式计算和区块链等先进金融科技，公司致力于构建安全可控、普惠民生、开放共赢格局，在关键技术领域服务现代化金融发展大局，更好地为各利益相关方创造更大价值，为大中企业、小微企业以及每个个体提供优质金融服务。,"https://www.zhaopin.com/jobdetail/CC120408370J40822509808.htm?refcode=4019&srccode=401901&preactionid=a7c1140f-c46c-45e5-b867-ab342d8bdc77"
1629,硬件测试,深圳-宝安区,4000-7000元,北京浩朴科技有限公司,专业技术服务,20-99人,未融资,CC380375930J40364938807,岗位职责： 1.协助工程师处理简单的图纸与修改、样品制作、样品测试及测试报告制作。 2.协助工程师完成试产问题的跟进、生产工艺的修改。 任职要求： 1.大专以上学历，2023/2024年毕业生，电子、通信类相关专业；接受2025年毕业实习生。 2.熟悉运用办公软件、OUTCAD/ALTIUM DESIGNER(AD)/PADS软件。 3.熟悉电子元件，具备良好的模电及数电知识功底，能够读懂电路图，并且掌握常规测试的使用方法； 4.会使用电铬铁，热风焊台，万用表等。 职位福利：五险、带薪年假、节日福利、定期体检  ,2025年07月30日,北京浩朴公司成立于2016年，是一家专业从事旋转机械在线监测系统的设计、研发、生产和服务的科技公司。业务范围涵盖风电、火电、水电、冶金、石化等多个行业。核心技术团队均从事旋转机械在线监测系统研究20年以上，具备丰富的研发经验与现场实践经验。,"https://www.zhaopin.com/jobdetail/CC380375930J40364938807.htm?refcode=4019&srccode=401901&preactionid=a7c1140f-c46c-45e5-b867-ab342d8bdc77"
1630,硬件测试,东莞-None,7000-12000元,重庆科满福人力资源服务有限公司,企业服务,20-99人,,CCL1487604860J40932702804,【岗位职责】 ： 1、进行新产品研发阶段的测试工作 2、完成新产品的功能测试、可靠性测试、环境测 试、安全测试等技术工作 3、制定测试计划，设计测试用例，分析测试数 据，编制测试报告 4、为其他部门提供技术支持，与其他部门的产品 联合测试工作,7月17日,,"https://www.zhaopin.com/jobdetail/CCL1487604860J40932702804.htm?refcode=4019&srccode=401901&preactionid=a7c1140f-c46c-45e5-b867-ab342d8bdc77"
1631,C/C++,北京-海淀区,8000-12000元,北京环境特性研究所,"学术/科研,计算机软件,学术/科研,电子/半导体/集成电路",500-999人,未融资,CC281661110J40761908013,岗位职责:软件联调、电磁计算、报告编写,4月14日,北京环境特性研究所简介北京环境特性研究所，成立于1970年，是以目标环境光、电特性研究为主业的专业研究所，拥有两个国家级重点实验室，在光学、电磁特性领域拥有一批具有国内一流的研究设施，配套建设了高水平、多功能的试验场与实验室，是国家重点支持的基础科研单位之一，同时承担武器装备光电产品的研制和生产任务。北京环境特性研究所对标国际先进水平，持续开展专业技术建设，逐渐形成电子科学和光学工程方面5个专业领域、42个专业方向、近100项专业技术的技术体系，拓展了人工智能、太赫兹、量子等新兴领域。在相关领域的建模仿真、试验测试、特征综合应用等技术达到国内领先水平。多个产品实现规模化、产业化发展。边海防视频监控站已经分布在祖国15个省市的边海防线上。以微波/光学测量系统、目标与环境模拟装置等产品为代表的产业板块也取得蓬勃发展。北京环境特性研究所现有在岗人员500余人，拥有一支以国家级专家为学术带头人、以博士和硕士为主要技术骨干的科学研究队伍。北京环境特性研究所高度重视人才培养和技术交流，鼓励和吸引优秀人才全日制或在职攻读学位。拥有“控制科学与工程”学科博士学位培养点、“光学工程”和“电子科学与技术”两个学科硕士学位培养点，并共用二院“控制科学与工程”专业博士后科研流动站。地址：北京市海淀区西四环中段五棵松地区永定路50号通信联系地址：北京142信箱207分箱人力资源处（邮编：100854）联系人：刘老师招聘邮箱E-Mail: zhaopinht207@casic.com.cn,"https://www.zhaopin.com/jobdetail/CC281661110J40761908013.htm?refcode=4019&srccode=401901&preactionid=a7c1140f-c46c-45e5-b867-ab342d8bdc77"
1632,技术支持工程师,武汉-洪山区,5000-7000元,鑫英泰,"电力/水利/热力/燃气,计算机软件",100-299人,已上市,CC133230680J40653993714,工作职责：,7月25日,湖北鑫英泰系统技术股份有限公司（简称：鑫英泰）成立于2004年，总部位于武汉光谷东湖高新技术开发区，是一家聚焦“智能电网+”产业链的高新技术企业和新三板挂牌上市企业（股票代码：838526）。鑫英泰坚持创新驱动发展，不断加大技术研发力度，被认定为国家高新技术企业、湖北省双软软件企业、湖北省上市种子企业、武汉市大数据企业20强、武汉市软件企业100强、连续三年中国光谷“瞪羚企业”。公司目前通过了6项管理体系认证，具备11项产品或服务资质，拥有近百项专利及著作权登记，技术体系及实力仍在持续发展壮大中。鑫英泰始终坚持以客户需求为导向，是业内领先的光传感、智能物联网技术应用及信息安全技术产品及服务综合提供商，向电力、石油石化、环保等行业用户提供有自主研发技术的软硬件产品和服务，公司资质齐全，拥有电子与智能化工程专业承包、电力工程施工总承包、输变电工程专业承包、信息系统集成及服务等资质。深耕电力行业十余年，产品和服务覆盖全国31个省（自治区、直辖市），向国家电网、南方电网及各大发电集团的10000多个项目提供了电网应用产品、服务和解决方案。薪酬福利薪资体系：基本工资、绩效工资、餐补、交通补、通讯补、电脑补、项目奖金、年底奖金、股票期权、年底调薪；日常福利：咖啡果饮无限量供应、夏日果冰纷、补充能量小零食等；员工关怀：五险一金、团体意外险、定期体检、生日礼品、节日祝福、结婚祝福、得子祝福、住院慰问、丧事慰问等；带薪假期：做五休二、法定节假日、带薪年假、带薪病假、婚假、产检假、产假、陪产假等；丰富活动：生日会、圣诞节活动、趣味运动会、健康跑、旅游团建及其他部门团建、年会等。公司地址：湖北省武汉市洪山区光谷大道未来之光3栋8楼、9楼湖北鑫英泰期待您的加入！,"https://www.zhaopin.com/jobdetail/CC133230680J40653993714.htm?refcode=4019&srccode=401901&preactionid=a7c1140f-c46c-45e5-b867-ab342d8bdc77"
1633,C/C++,上海-浦东新区,1.5-3万·14薪,陕西慧云联达企业管理咨询有限公司,人力资源服务,20-99人,不需要融资,CCL1445845820J40773148405,岗位内容：  1. 设计、开发和维护高质量的C++应用程序； 2. 根据产品需求，实现并优化核心功能模块； 3. 协助测试人员进行测试，并快速解决相关问题； 4. 了解业内前沿技术和趋势，提出新的技术解决方案。 任职要求：  1. 熟悉C++编程语言，具备扎实的编程基础； 2. 具有良好的算法和数据结构基础； 3. 熟练使用常见的开发工具，如VS、Eclipse等； 4. 具备较强的沟通协调能力和团队合作精神； 5. 对新兴技术有浓厚兴趣，乐于接受挑战和新技能的学习。,5月7日,陕西慧云联达企业管理咨询有限公司成立于2022年9月，是一家集高端猎头服务与专业代理记账报税业务于一体的综合性企业服务提供商。自成立以来，我们秉承“智聚英才，财通未来”的企业理念，致力于为国内外企业客户提供精准高效的人力资源解决方案及一站式财务管理服务，助力企业稳健成长，共创辉煌。,"https://www.zhaopin.com/jobdetail/CCL1445845820J40773148405.htm?refcode=4019&srccode=401901&preactionid=a7c1140f-c46c-45e5-b867-ab342d8bdc77"
1634,Java,杭州-滨江区,1.4-2.8万·14薪,外企德科数字技术有限公司,专业技术服务,10000人以上,,CCL1480117890J40788006005,岗位要求： 1、扎实的编程能力，熟悉算法和数据结构；熟悉计算机的基础理论； 2、熟练使用java/c/c++/python/js其中一种语言，掌握Spring相关生态开源框架，熟悉MySql、MQ、Redis、SpringCloud等，熟悉事务、缓存、消息、负载均衡等；  3、熟悉Linux开发环境；  4、具有大规模高并发云服务设计和开发经验优先；  5、有微服务、容器相关开发经验优先。  任职要求：  1、扎实的编程能力，熟悉算法和数据结构；熟悉计算机的基础理论；  2. 软件基础扎实，熟悉掌握但是不限于Java/Js/C/C++/Python/Go/JS等编程语言，有良好的编程习惯。  3. 具备独立工作能力和独立解决问题的能力，善于沟通，乐于协作，热衷于新技术，善于总结分享，喜欢动手实践。,2025-07-27 00:25:37,外企德科数字技术有限公司是一家2023年新成立的中外合资企业。成立于2023年11月24日，公司定位：专注于为信息技术企业提供人才及数字技术外包解决方案的中外合资企业。它是由中国人力资源服务行业的FESCO（北京国际人力资本集团）与全球人力资源服务领导者The Adecco Group（德科集团）合资成立的。公司主要提供网络技术服务、软件外包服务、计算机系统服务、技术进出口、软件开发等信息技术相关服务。专注于为信息技术企业提供信息技术类人才及数字技术外包解决方案。,"https://www.zhaopin.com/jobdetail/CCL1480117890J40788006005.htm?refcode=4019&srccode=401901&preactionid=a7c1140f-c46c-45e5-b867-ab342d8bdc77"
1635,实施工程师,衢州-柯城区,6000-12000元,东华医为科技有限公司,"IT服务,IT服务",1000-9999人,未融资,CC649781480J40346339105,1.在项目经理的指导下把控项目进度、范围、成本、质量；建设团队，管理团队；识别项目风险，控制项目风险。 2.在项目经理的指导下项目全生命周期管理：启动、规划、执行、监控、收尾。 专业知识和技能： 1）计算机或医疗相关专业 2）有责任心，能较快掌握和应用新技术 3）具备较好的独立解决问题的能力； 4）工作敬业，责任心强，能够按照规定的工作流程开展工作； 5）积极主动，发现问题及时提出意见和建议； 6）善于沟通，有较好的表达能力和职业素质； 7）有团队协作精神，能够与各方面的领导和同事融洽合作； （短期出差2周左右，基本时间为衢州） 职位福利：五险一金、包住,2025-07-27 01:11:55,东华医为科技有限公司（简称东华医为）成立于2012年5月，注册资金5000万，是东华软件股份公司旗下专业服务医疗、卫生等大健康领域IT业务的全资子公司。东华医为现有员工2000余人，其中技术人员占比达到90%，拥有近100项大健康类自主知识产权的软件产品，所覆盖的大健康领域有医疗机构、卫生管理机构、互联网医疗、人工智能、大数据、健康管理等，所涉及的主要业务有IT咨询规划、方案设计、系统集成、软件开发与交付、工程实施与交付、人才培养、售后运维、合作运营等。东华医为现为全国500余家大健康领域的各类用户提供着持续的技术服务，还连续多年蝉联中国十佳医疗行业解决方案商榜首。传承了东华软件医疗卫生事业部近二十年IT业务的东华医为，在高速发展的大健康领域，笃定能大有作为。,"https://www.zhaopin.com/jobdetail/CC649781480J40346339105.htm?refcode=4019&srccode=401901&preactionid=a7c1140f-c46c-45e5-b867-ab342d8bdc77"
1636,实施工程师,太原-万柏林区,200-400元/天,太原市灵图科技开发有限公司,"计算机软件,IT服务",100-299人,未融资,CC347630110J40726353614,【岗位职责】 1.外业数据采集：按照项目要求，完成空间位置、属性参数、网架拓扑等电力设备数据采集工作； 2.外业数据整理：按照数据入库要求，完成外业采集图表数据的导出、审核、整理工作； 3.内业系统数据维护：按照电力系统数据维护规则，结合整理好的采集成果数据，完成系统侧图形、档案、专题图等信息维护； 4.项目实施管控：与客户沟通，确定数据维护范围，制定数据采集计划，跟踪、检点项目实施情况，及时反馈、协调、解决项目实施异常要素； 5.协助部门其他人员完成工作项目； 6.完成项目经理及部门领导分配的其它任务。 【任职要求】 1、本科以上学历，25年应届毕业生，理工科专业，地理信息、测绘及测绘相关专业优先； 2、工作期间能接受公司培养安排； 3、 责任心强，工作作风严谨，踏实肯干，有良好的团队意识，良好的沟通能力以及良好的学习能力； 4、熟练操作计算机，会使用office软件； 5、有测量数据整理、入库、建模经验者优先。 6、本岗位需要在山西省内长期出差（在地市项目上常驻），能接受出差再投递。,3月6日,太原市灵图科技开发有限公司，创立于2007年，是一家面向智能电网的信息化服务供应商，致力于运用信息技术、空间技术、物联网技术和理念，为电力企业提供一体化、专业化信息服务。公司研发了具有自主知识产权的电网资源管理系统、图形资源平台、智能控制系统三大核心技术，以及系列化、一体化的信息化产品和服务，将空间信息技术理念与智能电网的具体实践相结合，为智能电网资产、业务管理、数据采集、规划设计、运营维护和营销管理等提供一体化的解决方案。长期坚持以技术创新驱动企业发展，重视研发投入，公司结合多年电力行业的业务经验和技术实力，研发了山西电力三维采空区动态数据采集及探测技术、电力营销智能移动标准化作业平台、配网网架优化、电网检修管理、电网规划图形管理等一系列软件，并提供了大型电网数据采集加工等技术服务。近年来，在互联网+、能源革命和新一轮电力体制改革的时代背景下，将地理信息、云计算、大数据、物联网等多种技术应用于电网信息化产品研发，服务智能电网建设。公司紧跟国家电网的信息化建设步伐，不断地将最先进的技术运用于电力行业的信息化建设；承接了国网山西业扩可视化、配网综合管控平台、山西电网一张图等项目研发建设，在系统实施运维及大数据平台设计方面承担着国网公司的pms2.0系统运维、营配贯通项目管控，配网可视化系统。并在运维、GIS、PMS、数据集成、数据库领域得到合作伙伴的高度好评。同时与科研院所、南瑞集团、国网信产集团、ESRI、中海达、太原理工大学等国内外地理信息产品生产企业与院校有着广泛的业务合作和技术交流，保证了技术管理和决策的科学性。公司以技术创新提高电力行业科技水平为理想，以诚信为基础，以科技为灵魂，以服务为宗旨，以客户满意为标准，努力成为质量优良、服务一流、管理规范、不断创新的高技术、高成长的高科技企业。,"https://www.zhaopin.com/jobdetail/CC347630110J40726353614.htm?refcode=4019&srccode=401901&preactionid=a7c1140f-c46c-45e5-b867-ab342d8bdc77"
1637,实施工程师,哈尔滨-香坊区,5000-8000元,哈尔滨市世国生物科技有限公司,"医药制造,医疗检测,医疗设备/器械,医药批发/零售",20人以下,未融资,CC277410030J40697448402,岗位职责： 1、公司相关品牌产品的市场行情和需求的调查、资料收集编辑和管理，竞品分析、目录册编排、产品报备信息管理及跟进； 2、制定及执行所负责品牌产品的推广计划、市场活动方案及品牌销售任务分配跟进分析反馈等； 3、目标客户资料梳理编辑及相关资料的收集撰写； 4、协同销售拜访客户端，进行新产品新技术推广、技术解答、DEMO演示、实验培训等； 5、产品培训计划制定及实施； 6、完成日常工作及领导交代办的临时、突发性工作等。   任职要求： 1、 生物技术、生命科学等相关专业硕士学历，有相同工作经验或任职条件优秀者可放宽至本科学历； 2、 熟练掌握分子生物学、细胞生物学、免疫学、活体小动物实验等理论基础和实验操作技能； 3、 熟悉生命科学实验室常规及高端试剂耗材仪器； 4、 优先条件：①有相关从业经验者优先，②英语六级及以上水平，能够熟练进行英语交流和报告写作，能以英语作为工作语言与国外客户进行无障碍交流者优先； 5、 工作认真细致，上进心及自律性强，学习能力强，主动性和责任心强，具备专研精神，思维开阔，善于总结及创新，具备优良的职业道德，适应短期出差。,2月12日,哈尔滨世国生物科技有限公司坐落于被誉为欧亚大陆桥的明珠的中国东北北部的政治、经济、文化中心--哈尔滨；公司位于哈尔滨南部的东北农业大学院科学孵化园内。是集生物技术开发、咨询、实验室仪器设备、仪器仪表技术咨询、技术开发；仪器仪表技术服务、安装、现场维修；销售：办公用品、普通机械电子设备、家具、实验室设备、化学试剂、进出口贸易为一体的综合型企业。公司的业务涉及生物、化学、电子设备等各行业。我公司与国内顶级权威的生物领域的公司保持着密切的联系，并与其保持着良好的合作关系；且拥有多个一级代理资质，公司自成立以来，发挥自身优势，健全销售网络注重企业形象，赢得了广大客户的一致好评与信用。我们愿同四海知音，各界同仁，携手共同发展!,"https://www.zhaopin.com/jobdetail/CC277410030J40697448402.htm?refcode=4019&srccode=401901&preactionid=a7c1140f-c46c-45e5-b867-ab342d8bdc77"
1638,实施工程师,青岛-黄岛区,5000-10000元·13薪,青岛至善控制技术有限公司,"船舶/航空/航天/火车制造,学术/科研,电气机械/电力设备,电子设备制造",20-99人,,CC869191700J40741881607,岗位职责: 1、船舶柴油发动机综合电控系统的调试工作; 2、柴油发电机电控系统的标定工作； 3、柴油发电机电控系统的售后技术支持工作；,7月11日,"至善控制公司成立于2019年4月，以我国唯一的船舶行业特色高校——哈尔滨工程大学为依托，集动力装置智能控制系统研发、生产、销售和服务于一体的高技术企业，主要产品包括：舰船柴油机综合电控系统、舰船燃气轮机等离子点火系统、舰船消防控制系统、核电站应急柴油发电机组控制及安保系统等高端装备。其中,舰船柴油机综合电控系统已经完全替代进口产品，成果荣获国家技术发明二等奖。已经广泛应用于水面舰船、潜艇、水警船等推进主机和辅助发电机组，并出口巴基斯坦、泰国、缅甸、孟加拉等国，取得了良好的军事和经济效益。核电站应急柴油发电机组控制及安保系统，技术水平达到国际先进水平，即将应用于陆上反应堆应急柴油发电机组、核电站应急发电机组等装备，具有广阔的应用前景。舰船燃气轮机等离子点火系统，技术水平达到国际先进水平，彻底打破了核心配件受制于人的被动局面。公司致力于舰船动力装置、核电站应急柴油发电机组等高端装备控制系统的自主研发，彻底解决核心装备受制于人和“卡脖子”难题，让我国舰船、核电站等拥有先进、可靠、安全的“智慧大脑”。","https://www.zhaopin.com/jobdetail/CC869191700J40741881607.htm?refcode=4019&srccode=401901&preactionid=a7c1140f-c46c-45e5-b867-ab342d8bdc77"
1639,实施工程师,周口-川汇区,8000-14000元,青岛安然物联网科技有限公司,"物联网,物联网",20-99人,未融资,CC559764920J40823509004,需要弱电技术、自动化、安防系统、工业互联网+危化安全生产、物联网人才，不要纯软件人才。  你能经常到全国各地出差吗？你能到工业生产现场生产现场做技术支持吗？   真正的奋斗者在安然会有让人值得为之奋斗的事业，会有充实、高效的成长，会有高人一等的收入。   你能做好售前技术支持、根据客户需求，高效制作方案吗？你能做好售中技术支持、指导他人正确安装、部署、调试系统向用户保质保量快速交付吗？你能做好售后维护，高效沟通和落实客户需求吗？   迄今已服务中石化、中石油、延长石油、国能、兖矿、京能、索普、新安、奇美、昊源、潞安、旭阳、垦利、逸盛、海科、酒钢、金发等几百家石化、化工、选煤、钢铁、电厂企业。    安然以客户为中心，以强者为本，抬头乐干，愿意与同道中人联合、链接，携手共建、共用、共享生产安全命运共同体，一起干，一起干，让优秀企业更安全，让优秀企业更高效！,7月22日,基于精准人员定位的工业安全生产信息化管理专家，安全生产信息化管理引领者！作为全国实时定位技术标准工作组成员和应急管理部“工业互联网+危化安全生产”人员定位系统技术支持机构，安然从2012年起致力于基于ZigBee Plus三维立体按需精准定位的“工业互联网+安全生产”的研究，获得了20多项安全智能管控系统发明专利和著作权，持续引领中国化工行业生产现场智慧安全！安然以“准、稳、狠”的ZigBee Plus三维立体按需精准人员定位统和“底数清、数据准、情况明、研判准、措施实”的安全生产信息化平台为核心，整合访客管理、出入口控制、人脸识别、视频监控、语音广播、重大危险源监控、可燃有毒气体监测等系统，对生产现场人、机、料、法、环五大要素进行实时、动态、智能管控和预警，规范人的安全行为，保障人的生命安全，有效防范风险、主动化解风险，实现智慧安全。安然“以用为本”，把安全生产信息化建设与公司管理体系“深度融合”，把安全生产信息化建设与日常工作“紧密结合”，对安全生产切实“有用、实用、好用”，避免建用“两张皮”，让安全管控更智能，让生产更高效才实用。迄今已服务中石化、中石油、延长石油、国能、兖矿、京能、索普、新安、奇美、昊源、潞安、旭阳、垦利、逸盛、海科、酒钢、金发等几百家石化、化工、选煤、钢铁、电厂企业。安然以客户为中心，以强者为本，抬头乐干，愿意与同道中人联合、链接，携手共建、共用、共享生产安全命运共同体，一起干，一起干，让优秀企业更安全，让优秀企业更高效！,"https://www.zhaopin.com/jobdetail/CC559764920J40823509004.htm?refcode=4019&srccode=401901&preactionid=a7c1140f-c46c-45e5-b867-ab342d8bdc77"
1640,前端开发,石家庄-正定县,6000-8000元,华都世纪(青岛)服饰有限公司,服装/纺织/皮革,100-299人,,CCL1479573580J40697296305,前端要求：,2月10日,华都世纪（青岛）服饰有限公司是以西服为主导产品，专注高端商务服饰及职业装领域的服装制作公司。主要业务涉及西装高级定制、商务洋装等服饰的CI设计和制作。为金融、航空、烟草、电力、通信、酒店、学校等行业及系统千万以上客户群体，提供服饰设计及制作。公司结合互联网及大数据基数，打通线上与线下，为消费者提供全方位、互动与服务结合全渠道购物体验。为全球私人定制及消费者提供全方位、一站式私人定制服务，充分满足消费者个性化、时尚化的需求，率先引领服装产业产业探索大规模个性化定制之路。展望未来，华都世纪（青岛）服饰有限公司将秉承中国悠久的传统和深厚的文化底蕴，矢志成为国内知名、一流、具备全球竞争力的大型品牌服饰公司！,"https://www.zhaopin.com/jobdetail/CCL1479573580J40697296305.htm?refcode=4019&srccode=401901&preactionid=a7c1140f-c46c-45e5-b867-ab342d8bdc77"
1641,Java,大连-沙河口区,1.6-2.4万,杭州优灿科技有限公司,计算机软件,500-999人,,CC272317030J40774797313,1.3年以上Java开发经验，Java基础掌握良好  2.了解Spring boot、mybatis、redis、mysql等常用开发框架与工具  3.有对日项目经验，可不借助翻译软件独立读写式样书  4.日语N2及以上  5.了解React、angular、vue等前端技术者优先  6. 学习和理解能力强，反应敏捷，具有一定的系统分析能力，及独立解决问题的能力  ,5月7日,"杭州优灿科技有限公司是一家创业公司，愿意和我们一起成长请投我们＜If not now When If not you Who＞公司网页：http://www.youcan-group.com公司详细信息：杭州优灿科技有限公司是入驻杭州软件产业基地—杭州市软件园的高新技术和软件企业。公司的战略定位是软件技术服务公司，拥有专业的交付能力，通过严格的质量标准和管理流程实现客户利益最大化。自从公司成立以来，一直专注于IT技术服务方向，包括IT软件开发、IT解决方案、IT咨询服务、IT培训等。Youcan科技的核心团队主要是一批富有理想，赶在科技时代前端的海归学子，我们信仰""厚积薄发""的经营理念，相信能够依靠自我力量实现产业报国的梦想，挺起我们的脊梁使我们共同目标。“立足创新、专注质量、诚信服务、真诚合作、共同发展”是始终如一的追求，为客户提供优质、安全、可靠的技术和产品是优灿科技永恒的方针。我们将不断超越自我，一如既往地为客户创造价值，提供更优质的技术、产品和服务！公司秉承“以诚为本、以信为天”的经营理念，始终把客户的利益放于首位，一切以客户的利益为准则，最大限度的满足客户的需求，从问题的本质入手，运用专业的知识帮助客户解决问题，从而使客户降低资源成本，快速发展。公司坚持“以人为本、人尽其才”的管理理念，注重员工的个人价值，让员工的才能得到最大的发挥，与公司共同成长。展望未来公司将不断创新、不断进取、不断走在软件科技的前端，为您及您的企业提供一流的技术服务，优灿科技愿与广大客户一起携手共进，在市场的竞争中一展成功之志。服务：软件开发、IT解决方案、IT咨询远景：成为卓越、综合IT技术服务提供商使命：以专业服务提升IT技术产业价值价值：最大化客户IT投资回报、降低用户风险、完美用户体验优灿科技是一家创业公司，公司持续不断的为客户提供按时交付和高品质的成果与服务。我们经验丰富业界一流的开发项目经理数名，借助cmmi和iso9001质量和流程标准以及完善的软件开发方法论，向全球客户提供全面的定制应用开发与维护服务。从分析开发阶段到产品实施，再到服务维护，在项目的整个生命周期建立了完善的流程。清晰感知客户的商业目标，选择最合适的技术并有效地设计和开发满足要求的解决方案，确保按时交付。开发技术领域：open开发（java，.net，salesforce等）ERP开发（sap，AX，EBS等）嵌入式开发（c，c＋＋）手机开发（android，ios，H5等）・・・・日语优秀者可以常驻日本东京分公司待遇丰厚，期待您的加入！公司网页：http://www.youcan-group.com","https://www.zhaopin.com/jobdetail/CC272317030J40774797313.htm?refcode=4019&srccode=401901&preactionid=a7c1140f-c46c-45e5-b867-ab342d8bdc77"
1642,实施工程师,成都-武侯区,150-200元/天,广东智源,"计算机软件,计算机软件,人工智能,云计算/大数据",100-299人,不需要融资,CC219199880J40865351215,任职资格： 1、计算机、信息、自动化等相关专业统招本科及以上学历； 2、熟悉SQL语言，掌握Oracle、MS SQL Server等大型数据库系统，了解Html/XHTML，XML，DOM等技术； 3、具备较好的文档编写能力，具备良好的PPT制作能力及演讲能力，能独立进行项目汇报； 4、具备团队合作意识，责任心强，工作积极主动； 5、有较强的业务洞察能力和分析能力，能适应出差。,7月22日,广东智源信息技术有限公司是一家专注于健康产业、智慧检验、刑事技术、互联网医院等领域的高新技术企业。公司拥有IT咨询规划、行业应用软件研发、系统集成、软件部署、运维保障的一体化产业链，是国家卫生信息标准制订单位之一。经过十多年不断创新与发展，公司拥有一支由行业领域专家领衔、资深专业技术人才组成的核心团队，以强大的技术研发能力和丰富的项目实施经验为客户服务，目前获得十多项专利和上百项自主知识产权产品（高新技术产品、软件著作权等）。公司秉承“智慧服务大众”的价值理念，把公司深厚的知识沉淀和先进技术积累与行业趋势紧密结合，以深厚的技术研发力量为基础，以前瞻性的服务理念为向导，积极应用互联网+、物联网、云计算、大数据、人工智能等高新技术，通过技术应用创新驱动项目建设，将行业知识管理与AI智能辅助融入产品，深耕服务各行业领域，为客户提供专业的信息化服务，创造更高的价值。公司福利：【上班时间】8小时工作制，周末双休；【优厚的薪酬待遇】行业内具有竞争力的薪酬及合理激励的调薪体制；【公平管理人才】人性化、扁平化等多维度的管理制度，广阔的发展空间；【管理晋升通道】管理发展通道，新部门孵化机制，升职加薪双倍待遇；【五险一金】购买社会保险、住房公积金，员工定期免费体检，保障员工健康生活；【企业优势】公司属高新技术企业，为员工入户广州提供便利；【带薪休假】国家法定假期齐全、带薪年假，有假必休，假期还有优厚礼物哦；【吃货福利】公司设有零食货架、微波炉、冰箱，每天下午茶、每周文体活动、月度部门活动、季度聚餐/活动、生日福利、节日礼物……【年度旅游】国内外旅游，省内外经常飞，年会带家属顺便泡温泉……【奖金奖励】绩效工资，优秀员工奖……【颜值爆表同事】帅哥美女，年轻化同事、老板Nice、同事卖得了萌、耍得了二、小清新、重口味、奇葩范……文化自由、独特的人文关怀、愉快的小伙伴玩耍氛围、人性化行政……公司目前处于事业上升期，晋升空间大，为您提供一个发挥个人才能的大舞台！,"https://www.zhaopin.com/jobdetail/CC219199880J40865351215.htm?refcode=4019&srccode=401901&preactionid=a7c1140f-c46c-45e5-b867-ab342d8bdc77"
1643,Java,南京-雨花台区,1.2-2.4万·14薪,外企德科数字技术有限公司,专业技术服务,10000人以上,,CCL1480117890J40793065405,岗位要求： 1、扎实的编程能力，熟悉算法和数据结构；熟悉计算机的基础理论； 2、熟练使用java/c/c++/python/js其中一种语言，掌握Spring相关生态开源框架，熟悉MySql、MQ、Redis、SpringCloud等，熟悉事务、缓存、消息、负载均衡等； 3、熟悉Linux开发环境； 4、具有大规模高并发云服务设计和开发经验优先； 5、有微服务、容器相关开发经验优先。 任职要求： 1、扎实的编程能力，熟悉算法和数据结构；熟悉计算机的基础理论； 2. 软件基础扎实，熟悉掌握但是不限于Java/Js/C/C++/Python/Go/JS等编程语言，有良好的编程习惯。 3. 具备独立工作能力和独立解决问题的能力，善于沟通，乐于协作，热衷于新技术，善于总结分享，喜欢动手实践。,2025-07-27 00:25:57,外企德科数字技术有限公司是一家2023年新成立的中外合资企业。成立于2023年11月24日，公司定位：专注于为信息技术企业提供人才及数字技术外包解决方案的中外合资企业。它是由中国人力资源服务行业的FESCO（北京国际人力资本集团）与全球人力资源服务领导者The Adecco Group（德科集团）合资成立的。公司主要提供网络技术服务、软件外包服务、计算机系统服务、技术进出口、软件开发等信息技术相关服务。专注于为信息技术企业提供信息技术类人才及数字技术外包解决方案。,"https://www.zhaopin.com/jobdetail/CCL1480117890J40793065405.htm?refcode=4019&srccode=401901&preactionid=a7c1140f-c46c-45e5-b867-ab342d8bdc77"
1644,测试工程师,东莞-None,4000-6000元,广东立祥检测技术有限公司,检测/认证,100-299人,不需要融资,CCL1493272120J40792230708,岗位职责: 1、根据测试流程，按委托申请单进行样品整理和常规测试; 2、按案件管理流程，制定合理的测试计划，按时消化检测任务; 3、对检测案件资料进行归档，负责样品的申领、流转、还样，保证样品的安全; 4、创建、处理测试报告和相关原始数据 (测试数据) ，及时跟工程师沟通。 5、对实验室环境及设备做好日常管理和维护，填写使用记录。 任职要求: 1、计算机专业，电气自动化及电子相关专业或其他理工科毕业优先; 2、善于沟通，执行力强； 3、有良好的英文读写能力; 4、熟练操作Ofice常用办公软件; 5、有责任心、团队协作精神； 6. 欢迎应届毕业生，男女不限。 员工福利待遇: 1.五险包餐，提供员工宿舍 2.每月组织团建活动，定时下午茶 3.法定节假日，礼品发放 作 息： 实行双休制度 上班时间上午8:30-12:00 下午13:30-18:00,4月29日,广东立祥检测技术有限公司(KEYS)成立于2016年、总部位于广东省东莞市东城区、是一家综合性、专业性、权威性的第三方技术服务机构、实验室已取得中国CNAS国家实验室认可(证书号：L12596)并由此获得国际实验室认可组织(ILAC)的认可、同时取得国家检测检验机构CMA证书、荣获国家高新技术企业、美国消费品协会CPSC认可实验室授权、亚马逊平台合规供应商检测机构。KEYS在东莞、惠州、中山、浙江、北京、等6个地区设立了分公司及办事处，实验中心和分实验室总面积超10000平方米。服务领域涵盖了鞋类与皮革、服装及纺织品、玩具及儿童用品、饰品及配饰、食品接触材料、家具、文具、椅子、皮革五金、箱包、杯子、火柴、打火机、电子烟、油墨、涂料、室内装修、运动场所、木材制品、汽车材料材料家用电器、照明电器、变压器、电源、音视频和信息化、电气设备、环境试验、轻工产品、EMC电磁兼容、电器能效、储能电池等领域，协助企业从产品研发、材料挑选、生产流程到出货进入市场各个环节提供服务，确保产品的质量与安全，满足不同的法规及要求，顺利进入市场。立祥KEYS持续深耕检测行业，跟随最新法律法规的发展趋势，根据市场需求，开发日益严苛的检测能力，提升服务水平，同时，不断开拓验货、认证、审核、培训、技术咨询等服务，致力于为客户提供“一站式全供应链“服务。,"https://www.zhaopin.com/jobdetail/CCL1493272120J40792230708.htm?refcode=4019&srccode=401901&preactionid=a7c1140f-c46c-45e5-b867-ab342d8bdc77"
1645,技术支持工程师,无锡-滨湖区,8000-16000元,青岛安然物联网科技有限公司,"物联网,物联网",20-99人,未融资,CC559764920J40884195004,岗位职责： 1. 负责石化、化工厂人员定位系统的现场实施、现场交付和技术赋能等工作。 2. 对接客户需求，进行需求调研，制定详细的施工方案和计划。 3. 确保项目按照既定的时间节点和质量要求完成交付。 4. 对已交付的项目进行后期技术支持与维护。 岗位要求： 1. 年龄在25-35岁之间。 2. 能够适应经常出差的工作要求。 3. 熟悉信息化、弱电及工业互联网相关技术。 4. 具备良好的沟通协调能力和问题解决能力。,7月22日,基于精准人员定位的工业安全生产信息化管理专家，安全生产信息化管理引领者！作为全国实时定位技术标准工作组成员和应急管理部“工业互联网+危化安全生产”人员定位系统技术支持机构，安然从2012年起致力于基于ZigBee Plus三维立体按需精准定位的“工业互联网+安全生产”的研究，获得了20多项安全智能管控系统发明专利和著作权，持续引领中国化工行业生产现场智慧安全！安然以“准、稳、狠”的ZigBee Plus三维立体按需精准人员定位统和“底数清、数据准、情况明、研判准、措施实”的安全生产信息化平台为核心，整合访客管理、出入口控制、人脸识别、视频监控、语音广播、重大危险源监控、可燃有毒气体监测等系统，对生产现场人、机、料、法、环五大要素进行实时、动态、智能管控和预警，规范人的安全行为，保障人的生命安全，有效防范风险、主动化解风险，实现智慧安全。安然“以用为本”，把安全生产信息化建设与公司管理体系“深度融合”，把安全生产信息化建设与日常工作“紧密结合”，对安全生产切实“有用、实用、好用”，避免建用“两张皮”，让安全管控更智能，让生产更高效才实用。迄今已服务中石化、中石油、延长石油、国能、兖矿、京能、索普、新安、奇美、昊源、潞安、旭阳、垦利、逸盛、海科、酒钢、金发等几百家石化、化工、选煤、钢铁、电厂企业。安然以客户为中心，以强者为本，抬头乐干，愿意与同道中人联合、链接，携手共建、共用、共享生产安全命运共同体，一起干，一起干，让优秀企业更安全，让优秀企业更高效！,"https://www.zhaopin.com/jobdetail/CC559764920J40884195004.htm?refcode=4019&srccode=401901&preactionid=a7c1140f-c46c-45e5-b867-ab342d8bdc77"
1646,前端开发,南京-雨花台区,1.5-3万·16薪,陕西慧云联达企业管理咨询有限公司,人力资源服务,20-99人,不需要融资,CCL1445845820J40738941405,岗位职责 1.参与Web应用系统的设计和开发工作，实现前后端数据交互和业务逻辑； 2.熟练使用Java Web开发框架，如Spring MVC、Struts2等； 3.熟悉HTML、CSS、JavaScript等前端技术，能够进行简单的页面开发和调试； 4.负责Web应用系统的性能优化和安全性保障； 5.与团队成员紧密协作，完成项目的开发和交付。 任职要求 1.计算机相关专业本科及以上学历，1年以上Java Web开发经验； 2.熟练掌握Java Web开发技术栈，熟悉前后端交互原理； 3.具备良好的团队合作精神和沟通能力，能够按时交付高质量的产品。,2月20日,陕西慧云联达企业管理咨询有限公司成立于2022年9月，是一家集高端猎头服务与专业代理记账报税业务于一体的综合性企业服务提供商。自成立以来，我们秉承“智聚英才，财通未来”的企业理念，致力于为国内外企业客户提供精准高效的人力资源解决方案及一站式财务管理服务，助力企业稳健成长，共创辉煌。,"https://www.zhaopin.com/jobdetail/CCL1445845820J40738941405.htm?refcode=4019&srccode=401901&preactionid=a7c1140f-c46c-45e5-b867-ab342d8bdc77"
1647,测试工程师,上海-松江区,3000-5000元·13薪,上海三束实业有限公司,"仪器仪表制造,电气机械/电力设备,电子/半导体/集成电路",20-99人,未融资,CC477231880J40855951115,嘿，你！我们正在寻找一个充满激情的打样/制版小能手，加入我们这个大家庭！ 你的工作将是： 根据项目需要打样，展示你的打样技能； 与设计团队并肩作战，确保效果炸裂； 掌控设备使用控制打样过程，让质量达到巅峰； 勇敢面对技术难题，成为我们的技术小超人。 如果你： 有相关专业背景或学历； 有几年的打样/调机经验； 能够熟练操作各种软件和设备； 热爱团队工作，擅长沟通； 对细节有执念，追求完美。 那么，不要犹豫，我们就在这里等你！一起创造更多的可能！ 岗位职责：负责激光加工工艺的测试实验，测试打样。 任职要求：吃苦耐劳，好学。应届毕业生也可，可零基础教学 职位福利：包住+年底13芯,6月20日,本公司是集研发、生产、销售于一体的高科技企业，主要为工业制造领域提供广泛而全面的激光制造加工解决方案，本公司拥有雄厚的产品开发设计能力，已自主开发多个产品系列，包括激光标记、激光切割、激光焊接等，广泛应用于各行业。,"https://www.zhaopin.com/jobdetail/CC477231880J40855951115.htm?refcode=4019&srccode=401901&preactionid=a7c1140f-c46c-45e5-b867-ab342d8bdc77"
1648,前端开发,上海-浦东新区,1.2-1.5万,华耀数码科技(杭州)有限公司,互联网,20-99人,,CCL1219249080J40760571601,岗位内容： 1. 负责开发和维护前端系统和模块，确保其运行稳定可靠 2. 编写高效、清晰、易于维护的代码 3. 协调需求，与其他团队成员进行有效沟通和协作 任职要求： 1. 熟练掌握HTML、CSS和JavaScript，熟悉主流前端框架 2. 具备扎实的编程基础，良好的代码风格，注重代码品质 3. 擅长和团队合作，具备很好的沟通和协调能力,7月29日,,"https://www.zhaopin.com/jobdetail/CCL1219249080J40760571601.htm?refcode=4019&srccode=401901&preactionid=a7c1140f-c46c-45e5-b867-ab342d8bdc77"
1649,C/C++,深圳-龙岗区,2-4万·16薪,陕西慧云联达企业管理咨询有限公司,人力资源服务,20-99人,不需要融资,CCL1445845820J40739223705,岗位职责： 1.参与公司产品及项目开发，完成需求分析，完成子系统和模块设计。 2.根据项目进度要求，完成子系统和模块开发、单元测试和系统联调。 3.根据公司规范要求，编写技术文档。 4.系统重构、功能升级和解决bug。 任职要求： 1、熟悉掌握但不限于C++/C/Python/Go等编程语言中的一种或数种； 2、了解网络知识、linux配置和shell使用； 3、了解常用的软件机构模式、基本的编程编译工具； 4、统招本科及以上学历。,2月20日,陕西慧云联达企业管理咨询有限公司成立于2022年9月，是一家集高端猎头服务与专业代理记账报税业务于一体的综合性企业服务提供商。自成立以来，我们秉承“智聚英才，财通未来”的企业理念，致力于为国内外企业客户提供精准高效的人力资源解决方案及一站式财务管理服务，助力企业稳健成长，共创辉煌。,"https://www.zhaopin.com/jobdetail/CCL1445845820J40739223705.htm?refcode=4019&srccode=401901&preactionid=a7c1140f-c46c-45e5-b867-ab342d8bdc77"
1650,测试工程师,深圳-宝安区,6000-9000元,深圳市东方宇之光科技股份有限公司,"专用设备制造,电气机械/电力设备,专用设备制造",100-299人,已上市,CC135296310J40732056016,岗位职责：   负责线路板飞针测试资料制作；出货报告和送货单打印；协助其他事宜.      任职要求： ,7月25日,深圳市东方宇之光科技股份有限公司，系新三板挂牌公司、深圳市首批国家高新技术企业、国家级专精特新“小巨人”企业。PCB行业电性测试解决方案提供商，主要为PCB客户提供包括高端专用设备的研发、生产、销售以及测试代工服务等。本公司办公环境舒适，薪酬福利从优，制度健全，企业文化活跃。本公司提供年度旅游、亲子活动、年终活动、员工体检、员工培训发展等活动，传统节日发放礼品，有蓝球队和羽毛球队，有兴趣的可以参加。除社保、住房公积金外，公司给员工增加一份意外险。公司网址: www.eastspacelight.com。,"https://www.zhaopin.com/jobdetail/CC135296310J40732056016.htm?refcode=4019&srccode=401901&preactionid=a7c1140f-c46c-45e5-b867-ab342d8bdc77"
1651,硬件测试,武汉-江夏区,面议,中软国际,"计算机软件,运营商/增值服务",10000人以上,已上市,CC508620120J40683254812,1.熟练使用示波器、万用表、电源等常用仪器仪 表; 2.有PISI功能、可靠性、专业实验等测试经验; 3具备信号、电源完整性等基础知识: 4.学习和沟通能力较强。,3月11日,中软国际是行业领先的全球化软件与信息技术服务企业，成立于2000年，为香港主板上市公司（股票代码：00354.HK），拥有中国分支40+、海外分支14个，拥有员工超过9万人，服务覆盖超过40个国家。中软国际应用开发与管理专业沉淀深厚，企业数字化转型的最佳实践和专家人才充沛。公司与华为等战略伙伴一起，构建软件产业互联网平台，领先技术变革，提升产业效率，致力于使能软件企业引领发展，服务制造企业转型升级，为政企客户提供“好、快、多、省”的信息技术服务。中软国际四大业务蓬勃发展：夯实基石业务作为第一增长曲线的地位，确定云智能业务为第二增长曲线，发展鸿蒙生态、解放号为第三增长曲线，推动解放号作为软件产业互联网平台全面升级。公司在云计算、大数据、人工智能、物联网、移动互联网等方面具有丰富的咨询、设计、实施和服务经验，是全球客户数字化转型的共创伙伴。公司长期服务于多家全球500强企业等头部客户和众多高成长潜力客户，覆盖金融、电信、互联网、高科技、政府、制造与流通、交通、能源、教育等行业。公司已连续四年创造超百亿人民币营收，并立志在未来成为全球最优秀IT服务商之一。,"https://www.zhaopin.com/jobdetail/CC508620120J40683254812.htm?refcode=4019&srccode=401901&preactionid=a7c1140f-c46c-45e5-b867-ab342d8bdc77"
1652,前端开发,西安-雁塔区,面议,华为技术有限公司,运营商/增值服务,10000人以上,,CC000542940J40767666314,工作职责： 1.负责华为云前端架构、UI组件库的设计和开发，以提升华为云用户体验、研发效率为目标，结合业界前端领域的技术发展持续构建前端技术竞争力； 2.负责Web基础能力建设和端到端的DevOps交付流，提供Web开发工具集，包括脚手架、项目构建脚本、框架配置能力等； 3.负责Nodejs框架的服务端开发与运维，提升前端研发效能。 职位要求： 1.熟练掌握HTML5 / CSS / JavaScript 等Web开发技能； 2.熟练掌握目前主流的前端开发框架至少一种：如React、Vue、Angular等，熟悉组件化开发，有NodeJS开发经验者优先； 3.对Web性能和安全有较深的见解和相关处理方案； 4.熟悉使用一门后台语言，Java尤佳，对前后端联合开发技术原理全面认识； 5.具有很强的学习能力和技术敏感度，有强烈的责任心和进取心，乐于学习和技术分享。 地域：深圳/西安/杭州/成都/南京/北京  薪资待遇： 15K – 30K 16薪  福利：绩效奖金、带薪年假、宵夜、班车、假日福利（端午中秋）,7月26日,我们是华为，诞生于1987年。在成长的过程中，我们脚踏实地、奋勇向前。我们一直专注于ICT领域，为运营商、企业客户和消费者提供有竞争力的ICT解决方案、产品和服务。30年来我们不断积攒实力，如今已拥有来自全球170多个国家和地区的客户，全球三分之一的人口因华为受益。我们为员工提供：▲“华为大学”、“iLearning”、“导师制”等健全的培训制度；▲“专家管理双通道模式”的晋升途径；▲全球化的工作机会及视野。我们始终坚持“以客户为中心，以奋斗者为本”；只要你踏实肯干，华为就是你施展人生抱负的舞台。加入华为，与技术大牛共事，与行业精英一同成长；加入我们，你可以自带主角光环！联接，就像空气和水，慢慢融入生活的每个角落。我们期待与你一起共同探索全联接世界，共同领跑未来！我们是华为，诞生于1987年。在成长的过程中，我们脚踏实地、奋勇向前。我们一直专注于ICT领域，为运营商、企业客户和消费者提供有竞争力的ICT解决方案、产品和服务。30年来我们不断积攒实力，如今已拥有来自全球170多个国家和地区的客户，全球三分之一的人口因华为受益。我们为员工提供：▲“华为大学”、“iLearning”、“导师制”等健全的培训制度；▲“专家管理双通道模式”的晋升途径；▲全球化的工作机会及视野。我们始终坚持“以客户为中心，以奋斗者为本”；只要你踏实肯干，华为就是你施展人生抱负的舞台。加入华为，与技术大牛共事，与行业精英一同成长；加入我们，你可以自带主角光环！联接，就像空气和水，慢慢融入生活的每个角落。我们期待与你一起共同探索全联接世界，共同领跑未来！,"https://www.zhaopin.com/jobdetail/CC000542940J40767666314.htm?refcode=4019&srccode=401901&preactionid=a7c1140f-c46c-45e5-b867-ab342d8bdc77"
1653,Java,南京-秦淮区,1.4-2.2万,软通动力信息技术(集团)股份有限公司,"互联网,IT服务,计算机软件",10000人以上,D轮及以上,CC000544460J40732694616,"任职要求 1. 必备技能：    * 扎实的Java功底： 精通Java语言，具备3年以上Java服务端开发经验，熟悉常用的框架（Spring Boot, Spring MVC等）。    * 深入理解关键网络协议：       * 精通SNMP协议（v2c/v3），理解MIB库概念，有使用SNMP库（如SNMP4J）进行设备信息查询和Trap接收处理的实际 项目 经验。       * 精通基于SSH和 TELNET的设备连接、命令执行、配置解析（通过CLI），熟练使用相关Java库（如JSch, Apache MINA SSHD, Expect4j等）。       * 熟悉 NETCONF协议及其 工作流程 ，了解 YANG数据模型，有使用Netconf Client库（如Netconf4j）进行设备配置管理（get-config, edit-config, rpc操作）的经验。       * 理解并实际应用过 LLDP协议进行网络邻居发现和拓扑构建。       * 深入理解 TCP和UDP协议的基本原理、差异及其在网络编程中的应用场景。    * 扎实的网络基础知识：       * 深入了解OSI第二层（数据链路层）： 熟悉MAC地址、以太网帧、VLAN、STP/RSTP/MSTP、二层交换机工作原理。       * 深入了解OSI第三层（网络层）： 精通IP协议、子网划分、路由原理、ARP、ICMP、静态路由、动态路由协议（如OSPF, BGP基本概念）。       * 能清晰理解交换机、路由器等二、三层设备的基本配置和工作原理。    * 数据库能力： 熟悉至少一种关系型数据库（MySQL, PostgreSQL等）和SQL开发。    * 工程能力： 熟悉常用开发工具（Git, Maven/Gradle, IDE），具备良好的面向对象设计能力、设计模式应用能力。 2. 优先考虑：    * 有大型网络管理系统（NMS）、网管平台、IT运维系统开发经验者优先。    * 具备网络设备（Cisco, H3C, Huawei, Juniper等主流厂商）实际配置、操作或管理经验者优先。    * 熟悉网络设备自动化运维（Ansible等）工具者优先。    * 熟悉消息队列（Kafka, RabbitMQ等）或缓存技术（Redis）等用于通信解耦和性能提升者优先。    * 了解RESTful API设计规范。    * 接触过网络设备模拟器（如GNS3, Eve-NG）进行协议开发测试。    * 熟悉容器化技术（Docker, Kubernetes）者优先。    * 有运营商、大型企业或数据中心网络管理背景者优先。 3. 软技能：    * 强烈的责任心和自驱力，能独立负责复杂模块的开发。    * 良好的问题解决能力和技术钻研精神，能快速定位和解决复杂问题。    * 优秀的沟通能力和团队协作精神，能与网络团队、产品团队有效配合。    * 持续学习能力，能快速掌握新技术和新协议。",7月16日,软通动力信息技术（集团）股份有限公司（以下简称“软通动力”）是中国数字技术产品和服务创新领导企业，致力于成为一家具有全球影响力的科技企业，企业数字化转型可信赖合作伙伴。公司2005年成立于北京，多年来始终坚持科技创新，具有软硬全栈的智能技术产品和服务能力，提供软件与数字技术服务、计算产品与数字基础设施、数字能源与智算服务以及国际化服务。目前，公司在10余个重要行业服务超过1100家国内外客户，其中超过230家客户为世界500强或中国500强企业，员工近90000人。软通动力拥有软通咨询、软通金科、软通工业互联、机械革命、软通华方等业务子品牌，并在全球40余个城市布局业务，构建北美、日本、东南亚、中东四大国际交付中心，在北京城市副中心、江苏无锡建设两大智能制造基地。同时，公司前瞻布局智能制造、ICT软硬基础能力和生产力智能化产品，打造产业链闭环。软通动力设立30个能力中心，拥有1个国家级工程实验室，6个省市政府认定的工程、技术实验室及研发中心，1个博士后科研工作站，50+技术合作伙伴的生态合作体系，不断探索前沿技术的巨大商业应用潜力。公司旗下教育品牌软通教育，拥有一家全日制本科学院——郑州西亚斯学院数字技术产业学院；同时在全国合作院校600多所，设有70多个校企联合人才培养基地，通过校企合作、协同育人，为社会培养高素质应用型人才。软通动力先后获得“2023年中国IT服务市场排名TOP 1”、“2024年Q4 PC出货量国内市场份额排名TOP 2”、“2024年中国软件和信息技术服务竞争力百强企业”、“2023年中国信创企业100强”、“2024万得ESG评级（Wind ESG Rating）AA级及信息技术服务行业ESG综合得分排名第一”等荣誉及市场认可，并拥有全球软件工程领域最高级别CMMI V2.0成熟度5级评估认证、国家研发运营一体化（DevOps）三级能力成熟度模型认证、信息技术服务标准（ITSS）运维能力成熟度一级认证等专业资质，支撑公司更优质的服务体系。,"https://www.zhaopin.com/jobdetail/CC000544460J40732694616.htm?refcode=4019&srccode=401901&preactionid=a7c1140f-c46c-45e5-b867-ab342d8bdc77"
1654,C/C++,北京-海淀区,1.5-2.5万,北京九思易自动化软件有限公司,"计算机软件,计算机软件",20-99人,未融资,CC120900800J40901344804,九思易自动化软件公司专注于管控数字化平台的研发与推广，是国家“高新技术企业”和“北京市专精特新企业”，具有CMMI 3级国际认证，1项国家发明专利和百余项软件著作权，曾参与科技部国家重大专项软件的研发。九思易的研发团队个人素质出众、行业经验丰富、技术积累深厚、始终关注前沿技术和行业发展方向、富于创新精神、执着而有激情。九思易打造的易控系列产品在行业内具有技术领先的地位，是推动数字化转型和智能化升级的过程中的不可或缺的产品。如果你也有志于在工业软件领域深耕，渴望加入一家蓬勃发展的企业，和优秀的团队共同打造卓越经典产品，九思易欢迎你的加入！ 岗位职责： 参与易控系列软件产品的开发，根据个人能力和发展兴趣匹配开发模块，作为功能模块的核心研发人员，具体工作包括： 1.深度参与产品功能需求分析，协助产品部完成需求文档部分内容整理； 2.指导开发小组内部成员，统筹任务分配、进度管理及技术攻关； 3.模块功能设计及相关设计文档整理； 4.注重模块功能性能优化，严格执行开发测试流程； 5.及时定位和修复bug，保障平台的稳定运行。 岗位要求： 1）技能要求： 1.统招计算机、电子、自动化等相关专业本科以上学历，985/211院校优先； 2.基础扎实，熟练掌握至少一种编程语言，了解.NET开发技术、C#开发语言优先，熟悉设计模式和软件设计原则； 3.具有一定的架构能力，能够较好的进行模块功能级别设计； 4.具备数据采集、展示、界面控件等自动化、定制化监控软件功能模块开发经验者优先； 5.熟悉MES及企业生产管理软件是加分项。 2）综合素质： 1.具有较强的逻辑思维能力和良好的学习能力； 2.具有良好的团队协作精神和沟通表达能力，良好的跨地域、跨部门合作能力； 3.勤奋上进，具有强大的自我驱动力及目标结果导向，享受挑战自我； 4.拥有大局观的同时能够很好地关注细节。 我们能为你提供： 1.具有行业竞争力的薪酬体系，包括丰厚的薪资待遇、完善的福利和激励机制； 2.轻松愉快的团队氛围和工作环境； 3.经验丰富、充满激情团队的专业技能培训和职业发展指导； 4.公司快速上升期带来的广阔职业发展空间和晋升机会。 欢迎志同道合者加入共创未来！简历投递通道：******************,4月17日,北京九思易自动化软件有限公司（以下简称“九思易”）由多年在海外从事工业自动化软件研究的行业专家归国创办。九思易是一家专业和领先的自动化信息化软件平台开发商，同时提供监控管理自动化和信息化系统工程服务。公司坐落于有“中国硅谷”之称的中关村，毗邻清华大学、北京大学和中国科学院自动化研究所等著名高等学府和科学研究机构。九思易公司长期专注于自动化和信息化以及两化融合，围绕物联网、工业大数据、智能制造、中国制造2025和智慧城市，建设智慧型社会等，进行研究和产品研发工作。以实时数据为核心，连接企业、城市或各种大型系统的各环节，利用领先的信息技术，实现优化的管控一体化。九思易的“易控/INSPEC”系列产品，既包括能提供完整系统解决方案的系统平台产品，也包括面向特定功能和第三方产品紧密集成的专业平台。九思易提供的易控系统平台有：易控天地（INSPEC TNT）自动化信息化平台、易控组态(INSPEC SCADA)平台、易控PowerView高端人机平台、面向智能制造的易控天成（INSPEC MES）平台等。九思易提供的易控专业平台有：易控天链（INSPEC LINKS）数据采集和控制平台，易控天元（INSPEC PRIME）实时数据库，易控天幕（INSPEC PANAROMA）信息可视化人机交互平台，易控天信（INSPEC MESSENGER）实时消息管理平台，易控天眼（INSPEC VV）实时视频监控平台，易控天行（INSPEC ANYWHERE）移动监控平台。2006年在全球率先推出集成最新IT技术、通信技术和控制技术、基于网络计算和.NET平台、具有划时代革命意义的新一代组态软件——易控（INSPEC）。它在北京奥林匹克体育中心(鸟巢)、人民大会堂、宝钢、首钢、太钢等众多重大监控项目中得到成功应用，其全球领先的图形系统、C#用户程序、多语言等功能，其全面提升的稳定性、开放性和用户人机体验，已成为新一代组态软件的典范。2015年推出新一代易控天地自动化监控和信息化管理平台，囊括了企业管理层和现场层的所有自动化监控功能和信息化功能，其领先的技术平台拓展传统的监控内容，将GIS地理信息系统、视频系统、3D技术、大屏展示、移动访问等融合其中，其细节功能设计大大提升用户体验。满足制造业的两化融合需求，更为众多非传统自动控制领域，例如市政、交通、水利、物流、安防、农业、各种数据中心、MES等提供了理想的系统平台。经过十五年的开拓和积累，九思易奠定了在国内自动化信息化软件领域一流的技术地位，“软件定义未来”，“软件是重中之重”，凭借中国制造2025和工业4.0的东风之势，企业正进入增长的快速通道！“成就客户，专注创新、科学严谨、追求卓越”是公司的核心价值观。创始人及研发团队一直跟随新的自动化控制技术、信息技术和网络技术的发展，公司将持续不断地在面向智能制造和智慧城市领域应用的自动化信息化管理平台进行投入，为用户提供最领先的产品和服务！有志于在软件事业、在中国制造、在智慧城市建设等领域发展的有识之士，欢迎加入九思易团队，公司提供优良的办公环境、业内一流的薪资福利和无限广阔的发展空间！,"https://www.zhaopin.com/jobdetail/CC120900800J40901344804.htm?refcode=4019&srccode=401901&preactionid=a7c1140f-c46c-45e5-b867-ab342d8bdc77"
1655,Java,武汉-洪山区,2000-4000元,鹏达信息,"互联网,计算机软件",20-99人,未融资,CC536013830J40093903313,"1、计算机、软件相关专业，本科学历大三、大四学生。  2、熟悉面向对象程序设计，熟练掌握并使用常用设计模式；  3、熟悉常用的开发框架，springboot,vue 4、熟悉sqlserver、mysql数据库，懂得sql操作语句； 5、能配合全职实习，实习时间不少于半年。  工作时间：周一至周五8:30--17:30，节假日按国家规定执行。  实习待遇：可在公司完成毕业设计和毕业选题。实习至毕业，满足条件，可直接签订三方协议，录用为公司正式员工。 职位福利：周末双休、带薪年假、六项保险、公司重点项目、年终奖金、员工旅游",7月18日,武汉鹏达信息技术有限公司成立于2009年3月，注册资本1100万元，是专业从事电子政务、大数据、移动APP研发、海外手游研发的高科技企业。公司先后获得双软企业认证、CMMI3级认证、国家级高新技术企业、武汉市科技小巨人企业、湖北省软件行业协会团体会员单位等资质和荣誉等。在电子政务软件方面，公司自主研发了具有知识产权的综合办公平台、综合监管平台、大数据平台、数据交换平台、水雨情监测系统和大坝安全监测系统等产品，在政府、水利、地质、药监等行业广泛应用。在海外手游研发方面，公司研发多款火爆手游，用户遍布美国、英国、法国、德国等全球200多个国家，累计下载量愈三千万。秉承“诚信、创新、合作、共赢”的价值理念，公司正为实现“研发最好用最实用的智慧政务系统和最好玩的游戏”的企业愿景不断努力。,"https://www.zhaopin.com/jobdetail/CC536013830J40093903313.htm?refcode=4019&srccode=401901&preactionid=a7c1140f-c46c-45e5-b867-ab342d8bdc77"
1656,软件测试,重庆-渝北区,7000-10000元,重庆科满福人力资源服务有限公司,企业服务,20-99人,,CCL1487604860J40918953104,【岗位职责】：   1、软件测试岗位职责   2、接受测试任务，进行需求分析   3、按照测试计划搭建测试环境，并保证测试环境的可靠性   4、按照测试计划编亏测试用例，保证测试用例合理有效   5、按照测试用例执行测试，及时发现缺陷，并使用工具进行管理缺陷   6、编写和提交测试报告，保证测试进度按计划完成   7、参与审核其他测试工程师的测试用例和报告   8、学习公司已有方案和推广使用新的测试技术和工具     ,6月28日,,"https://www.zhaopin.com/jobdetail/CCL1487604860J40918953104.htm?refcode=4019&srccode=401901&preactionid=a7c1140f-c46c-45e5-b867-ab342d8bdc77"
1657,C/C++,北京-丰台区,2-4万,天津津航智控科技有限公司北京分公司,专业技术服务,20-99人,,CCL1502922570J40752505810,岗位职责：  1.根据软件需求进行轨道交通指挥调度产品的软件开发；   2.根据流程要求编制产品文档；   3.进行软件调试与开发性测试；   4.参与产品开发的生命周期各环节；   ,6月13日,,"https://www.zhaopin.com/jobdetail/CCL1502922570J40752505810.htm?refcode=4019&srccode=401901&preactionid=a7c1140f-c46c-45e5-b867-ab342d8bdc77"
1658,科研人员,北京-海淀区,2-3万,烟台普罗吉生物科技发展有限公司,"医药制造,IVD",20-99人,,CC339107610J40810757603,蛋白质技术国家工程研究中心主要以分子生物学、细胞生物学为主要技术手段，辅以动物模型、多组学技术，进行衰老与重大疾病的以下研究: 1，研究重要血液蛋白的损伤、非必要修饰与衰老以及阿尔兹海默症、帕金森症等退行性疾病的关系，开发潜在的干预手段。 2.在实验室开发的年轻、无受损、超纯级的重组白蛋白基础上，针对2型糖尿病、肥胖等代谢疾病，进一步探索机理并开发能够治愈这些疾病的潜在方法。 申请条件: 1、符合清华大学博士后招聘相关规定: 2、于近期获得或即将获得博士学位，品学兼优，身心健康，年龄一般在 35周岁以下: 3、对科研具有浓厚兴趣，具有团队合作精神;具有神经生物学、生物信息学等经验者优先; 4、具有较高的科技英语读写交流能力，以第一作者身份在国际高水平学术期刊上发表过研究论文，并且SCI影响因子超过10的文章。 薪资待遇: 在清华大学博士后的标准待遇基础上，提供具有竞争力的薪酬，并根据研究进展和贡献给予适当补贴，具体薪酬面议。清华大学提供可租住的博士后公寓并解决符合条件的子女入园、入学;享受清华大学教职工保险、住房公积金等待遇;享受全国博管会关于出站博士后户口迁移及家属户口随迁等政策。对做出优秀研究工作的博士后，研究组将全力支持其申请相应的博士后基金、人才项日和科研基金。,7月9日,烟台普罗吉生物科技发展有限公司（以下简称“公司”）成立于 2009年，是由留学归国人员创立的高新技术企业，为北京普罗吉生物科技发展有限公司的子公司，致力于具有自主知识产权和国际竞争力的体外诊断试剂和医疗健康产品的研发、生产和销售，提供高端、全面医学检验服务。普罗吉公司是清华大学“蛋白质技术国家工程研究中心”的组成单位。中心的前身是“抗肿瘤蛋白质药物国家工程实验室”，这是国家发改委在清华大学设立的国家工程实验室。2018年成立全资子公司烟台普罗吉医学检测有限公司， 2019年获批设立“烟台普罗吉医学检验实验室”，先后获得临床生化、临床免疫、临床细胞分子遗传、病原生物（BSL-2）、临床基因扩增（PCR）、临床微生物、临床体液及血液检测等项目检验资质。公司将秉承“让人类更加健康，让生命更具尊严”的使命，以精准求实、追求卓越的精神，力争发展为集多种检测技术平台于一体、跨越多个行业应用范围的生物科技龙头企业。,"https://www.zhaopin.com/jobdetail/CC339107610J40810757603.htm?refcode=4019&srccode=401901&preactionid=a7c1140f-c46c-45e5-b867-ab342d8bdc77"
1659,硬件测试,沈阳-于洪区,5000-7000元,沈阳航科瑞祥科技有限公司,"船舶/航空/航天/火车制造,计算机软件,计算机硬件,电子/半导体/集成电路",20-99人,未融资,CC823217960J40661765801,"一：职位概述（射频调试经验优先） 助理工程师是指在项目或部门中协助主管工作的技术人员。他们负责支持和执行各种与设计、开发和维护相关的任务，以确保项目按时完成并达到预期目标。 二：职责描述 1. 协助进行产品研发：参与新产品或系统的设计和开发过程，并提供必要的技术支持。 2. 进行室测试：根据需求制定测试计划，收集数据并分析结果，为改进产品性能提供建议。 3. 参与现场调试：配合其他团队成员，在客户现场对设备进行安装调试，并解决可能出现的问题。 4. 编写文档报告：撰写相应文件如工艺文件、测试结果、操作手册、用户指南等；记录关键事件及其解决方案，并编制汇报给上级领导。 5. 提供售后服务支持: 解答客户咨询, 处理投诉反馈, 并跟踪处理流程直至问题得到彻底解决. 6.积极学习专业知识: 关注最新科技动态, 学习公司所用软件/硬件平台. 三：任职资格 1.本科以上学历（电子工程、计算机科学或相关专业）。 2.具备良好的沟通能力和团队合作精神，有较强的问题解决能力。 3.熟悉电子产品设计与开发流程，并掌握至少一种编程语言（如C、C++等）。 4. 具备实验室测试技巧及仪器使用经验者优先考虑。",4月28日,我公司是一家以沈阳飞机设计研究所为依托，以面向总线及航空电子系统设计、产品开发、集成及仿真测试为主要业务的高科技的专业技术公司。公司的主要技术力量大部分来自航空、航天行业中的专业技术人员和专家，有着深厚的专业背景、丰富的实践工程经验和扎实的技术实力。公司的主要成员先后开发过国家多个重点飞机型号的航空电子系统。在MIL-STD-1553B、ARINC429、RS422总线技术方面，公司处于国内领先水平。公司自行研制的规范化、通用化1553B、ARINC429、RS422总线仿真/测试系统更是处于国内外同类产品的领先地位，具有跨行业、跨型号、跨专业、操作简单、使用方便、不用二次开发的特点，可以广泛地应用到航空、航天、船舶等1553B、ARINC429、RS422总线系统中，完成总线系统及其分系统总线数据的设计、仿真与测试。,"https://www.zhaopin.com/jobdetail/CC823217960J40661765801.htm?refcode=4019&srccode=401901&preactionid=a7c1140f-c46c-45e5-b867-ab342d8bdc77"
1660,科研人员,大连-沙河口区,5000-10000元,中科院大连化学物理研究所,"学术/科研,医药制造,石油/石化,互联网",1000-9999人,未融资,CC120549380J40684329405,一、岗位需求与应聘条件 科研助理 2人 岗位职责： (1) 开展细胞生物学、组织工程和肿瘤生物学等相关实验，提供高质量实验报告； (2) 参与国家级科研项目，完成领导交办的各种任务。 应聘条件： (1) 化学、生物学、医学、药学和生物工程等相关专业，硕士及以上学历学位； (2) 实验技能熟练，熟悉常规生化实验、细胞和分子实验等； (3) 具有干细胞、类器官和微生物学等研究经历者优先考虑。     二、薪酬待遇 项目聘用人员工资及福利待遇参照《大连化物所项目聘用人员管理办法》（化物所发〔2023〕162号）进行考核和管理，享受五险一金、带薪年假、定期体检及工会福利等，具体条件面议。   三、应聘方式 有意应聘者请将申请材料（个人简历、工作设想、论文专利奖励清单、预计入职时间等）发送至邮箱hr1807艾特126.com。邮件标题请注明：“应聘岗位+姓名+专业+毕业学校” 。通过初选者将以邮件或电话方式通知面试。本招聘长期有效，招满为止。,3月21日,中国科学院大连化学物理研究所（以下简称“大连化物所”）创建于1949年3月，当时定名为“大连大学科学研究所”，1961年底更名为“中国科学院化学物理研究所”，1970年正式定名为“中国科学院大连化学物理研究所”。大连化物所是一个基础研究与应用研究并重、应用研究和技术转化相结合，以任务带学科为主要特色的综合性研究所。六十多年来，大连化物所通过不断积累和调整，逐步形成了自己的科研特色。1998年，大连化物所成为中国科学院知识创新工程首批试点单位之一。2007年经国家批准筹建洁净能源国家实验室。2010年8月，大连化物所在“创新2020”发展战略研讨会中将所发展战略修订为“发挥学科综合优势，加强技术集成创新，以可持续发展的能源研究为主导，坚持资源环境优化、生物技术和先进材料创新协调发展，在国民经济和国家安全中发挥不可替代的作用，创建世界一流研究所。”大连化物所重点学科领域为：催化化学、工程化学、化学激光和分子反应动力学以及近代分析化学和生物技术。大连化物所围绕国家能源发展战略，于2011年10月启动了洁净能源国家实验室（DNL）的筹建工作，DNL是我国能源领域筹建的第一个国家实验室，共规划筹建化石能源与应用催化、低碳催化与工程、节能与环境、燃料电池、储能、氢能与先进材料、生物能源、太阳能、海洋能、能源基础和战略、能源研究技术平台等11个研究部。大连化物所还拥有催化基础国家重点实验室和分子反应动力学国家重点实验室两个国家重点实验室，以及甲醇制烯烃国家工程实验室、国家催化工程技术研究中心、膜技术国家工程研究中心、燃料电池及氢源技术国家工程中心、国家能源低碳催化与工程研发中心等多个国家级科技创新平台。大连化物所围绕国防安全、分析化学、精细化工和生物技术广泛开展基础性、战略性、前瞻性研究工作，设立化学激光研究室、航天催化与新材料研究室、仪器分析化学研究室、精细化工研究室和生物技术研究部等五个研究室。另外，大连化物所还与国外著名大学、公司和研究机构联合设立了中法催化联合实验室、中法可持续能源联合实验室、中德催化纳米技术伙伴小组、中韩燃料电池联合实验室、DICP-BP能源创新实验室和SABIC-DICP先进化学品生产研究中心等十几个国际合作研究机构。　2016年以来，大连化物所按照中科院的统一部署，经过反复研讨和凝练，确定和完善了研究所“十三五”期间的“一三五”规划，即，一个定位：“以洁净能源国家实验室为平台，坚持基础研究与应用研究并重，在化石资源优化利用、化学能高效转化、可再生能源等洁净能源领域，持续提供重大创新性理论和技术成果，满足国家战略需求，发挥不可替代的作用，率先建成世界一流研究所。”；四个重大突破：“基于自由电子激光平台的能源化学转化本质与调控、以合成气制乙醇为代表的化石资源转化利用、新型动力电源与储能技术、以化学激光为代表的化学能高效转化”；八个重点培育方向：“太阳能光-化学和光-电转化技术及科学利用、秸秆催化转化利用技术、甲烷和合成气直接转化制高值化学品、微反应技术、基于组学分析新技术的转化医学研究、寡糖农用制剂创制及应用推广、生态环境监测技术及设备、绿色高效推进技术”。自建所以来，大连化物所造就了若干享誉国内外的科学家及一大批高素质研究和技术人才，先后有19位科学家当选为中国科学院和中国工程院院士，3位当选为发展中国家科学院院士，1位当选为欧洲人文和自然科学院院士。截至2017年底，在所工作的国家杰出青年基金获得者23人，中国科学院“百人计划”42人。大连化物所是国务院学位委员会授权培养博士、硕士学位的单位，具有物理学、化学、材料科学与工程、化学工程与技术、环境科学与工程五个一级学科博士学位授予权，具有博士生导师、硕士生导师资格审批权，截至2016年底，共有博士生导师136人，硕士生导师235人，在读研究生872人，其中博士587人，硕士285人，已培养研究生2505名，其中博士1655名，硕士850名。设博士后流动站，在站博士后173人。　2011年以来，大连化物所取得各类科研成果247项，以第一完成单位获得省部级以上奖励60余项，其中获得国家奖励8项，中科院、省部级一等奖12项。2013年，张存浩院士获得国家最高科学技术奖；2014年，“甲醇制取低碳烯烃技术”获得国家技术发明一等奖。　2011年以来，大连化物所第一产权发表SCI论文总数3238篇。其中，影响因子大于5的1203篇，265篇学术论文发表在Science、Nature、Angew. Chem.、JACS等学术刊物以及相关学科顶级刊物上（IF>9）。出版科技专著11部。　2011年以来，大连化物所累计申请专利5229件，其中发明专利4782件，累计专利授权1752件，其中发明专利授权1540件；累计获得国外专利授权126件。大连化物所主持出版国内催化领域和色谱领域核心期刊《色谱》和《催化学报》以及英文学术期刊Journal of Energy Chemistry（能源化学）。其中《催化学报》和Journal of Energy Chemistry（能源化学）被SCI-E收录。,"https://www.zhaopin.com/jobdetail/CC120549380J40684329405.htm?refcode=4019&srccode=401901&preactionid=a7c1140f-c46c-45e5-b867-ab342d8bdc77"
1661,硬件测试,无锡-滨湖区,110-120元/天,无锡芯领域微电子有限公司,电子/半导体/集成电路,20-99人,A轮,CC870937230J40761863809,1、负责测试所需测试板、测试仪器和测试软件的搭建配置与维护； 2、执行测试用例，记录测试数据和结果，编写测试报告。 任职要求 1、本科及以上学历的应届生或在校生，电子、通信、自动控制、微电子、计算机等相关专业； 2、掌握电路知识，熟悉集成电路的测试方法和原理，了解各类电路工作的基本原理； 3、掌握万用表、示波器等基本仪器的使用； 4、有良好的学习能力、工作责任心、协调沟通能力和团队精神。,2025年07月30日,无锡芯领域微电子有限公司成立于2019年4月。公司核心团队长期从事国产高性能处理器研究工作，对处理器微结构及其设计实现有深入研究，具备丰富的数字集成电路工程研发经验。同时，公司具备从最底层的单元库设计、Memory-Compiler设计、高速Serdes-IP设计以及处理器定制设计能力。团队成员很多来自国内高等院校：北京大学、清华大学、交通大学、西北工业大学、湖南大学等。其母公司，上海耀芯电子科技有限公司成立于2014年5月，是一家SOC及ASIC设计服务公司，致力于为国内外集成电路厂商提供成套的解决方案。2019年成为国家认定的高新技术企业。主要业务方向：集成电路设计服务，具备高性能SoC、ASIC的前后端全流程设计能力。公司自成立以来发展迅速，为全国各地客户承担了多款高性能SoC以及ASIC芯片的设计业务，涉及领域包括：高性能可重构信号处理器设计，高速交换芯片，DSP处理器芯片设计。公司总部位于上海市浦东新区张江高科技园区毕升路299弄3号楼502室。现由于上海及无锡子公司业务发展需要，诚邀微电子、半导体、计算机及电子类相关专业人才加盟。我们的事业前途极富竞争力，将为员工提供良好的工作环境、优厚的福利待遇和广阔的个人职业发展空间。欢迎愿与公司一同成长的你加入。,"https://www.zhaopin.com/jobdetail/CC870937230J40761863809.htm?refcode=4019&srccode=401901&preactionid=a7c1140f-c46c-45e5-b867-ab342d8bdc77"
1662,技术支持工程师,武汉-武昌区,4000-8000元,武汉通创新兴科技有限公司,农/林/牧/渔,20人以下,,CC351746019J00283234202,计算机或电子专业毕业，负责项目的实施、运维工作，有一卡/脸通或弱电工程工作经验者优先！公司提供免费住宿，缴纳5险1金，双休。,7月2日,,"https://www.zhaopin.com/jobdetail/CC351746019J00283234202.htm?refcode=4019&srccode=401901&preactionid=a7c1140f-c46c-45e5-b867-ab342d8bdc77"
1663,科研人员,合肥-长丰县,2-3万,中科合肥智慧农业协同创新研究院,农/林/牧/渔,100-299人,,CCL1379443630J40791022803,研究方向：大数据养分建模 任职要求： 1. 年龄35周岁以下，已取得计算机、遥感、地理信息系统等相关专业博士学位或已通过博士学位论文答辩； 2. 熟悉机器学习理论、深度学习理论及相关知识，并熟练使用计算机语言（例如、Python等）开发面向遥感图像处理的机器学习和深度学习模型、系统； 3. 具有独立开展科研工作、项目开发和执行能力； 4. 具有团队合作精神； 5. 全职参加博士后研究工作。 岗位职责： 根据中心在智慧农业领域的方向规划，负责土壤养分建模与精准施肥的整体研发工作。了解或熟悉行业发展趋势，规划产品发展路线，把握产品项目的整体进度。负责土壤肥力建模、肥力空间分布反演、施肥处方图的研制、作物长势分析与病害识别等工作。负责省部级项目申请与实施；负责申请相关发明专利。,5月22日,中科合肥智慧农业谷是由中科院合肥物质科学研究院、合肥市人民政府、长丰县人民政府共建的智慧农业技术产业化国有企业。具体包括:中科合肥智慧农业协同创新研究院、智慧农业装备与技术产业园、环巢湖智慧农业实验示范基地，简称“一院一园一基地”，一期投资15亿，二期投资30亿。打造国际一流的智慧农业创新研究、产业发展、示范推广一体化协同创新高地。,"https://www.zhaopin.com/jobdetail/CCL1379443630J40791022803.htm?refcode=4019&srccode=401901&preactionid=a7c1140f-c46c-45e5-b867-ab342d8bdc77"
1664,技术支持工程师,廊坊-三河市,6000-10000元,北京普瑞分析仪器有限公司,"仪器仪表制造,互联网,计算机软件,电子/半导体/集成电路",20-99人,未融资,CC161088020J40681468416,岗位职责： 1、 负责公司所售出的产品安装、维护及调试； 2、 紧急情况时采取应对措施，故障诊断、分析、解决； 3、 独立进行现场的维修、指导工作，并登记相关记录文件； 4、 设备使用配件的检测及维修； 5、 汇总客户要求和建议，提交相关人员或部门，在得到结果之后，反馈客户。 任职资格： 1、 熟悉机械与集成电路维修者优先 2、 待人诚实可信，具有亲和力，语言表达能力和动手能力强； 3、 能适应经常出差。,3月24日,"北京普瑞分析仪器有限公司是一家以自主创新为动力、以科技发展为核心的高新技术企业。公司致力于为客户提供全球领先的环境监测业务体系产品、服务及解决方案，是一家“产、学、研、用”一体化的科技型企业。公司目前的主营业务包括：环境监测与治理，工业过程分析与运维，安全监测，水利水务，实验室仪器、耗材供应及服务，水生态综合治理，土壤修复，固废危废处置等。公司专注于为各行业用户提供领先的技术应用服务和绿色智慧城市解决方案。公司拥有国际一流的研发、营销、应用服务和供应链团队，致力于业界最前沿的各种分析检测技术研究与应用开发。产品广泛应用于环保、冶金、石化、化工、能源、食品、农业、交通、水利、建筑、制药、酿造、航空及科学研究等众多行业，并出口到美、日、英、俄罗斯等二十多个国家和地区。北京普瑞分析仪器有限公司提倡“微创新”，从细节做起，以致完美；独创的点对点远程控制和传输，通过强大的技术实力，得到了客户和市场的认可。我们不仅关注产品质量，服务和沟通也是我们战略计划的重要方面。我们有专业团队为您竭尽全力，更专注，更用心的服务每一个客户。我们相信，我们的专注、专业、周到的服务一定会让您满意！质量理念：高标准、精细化、零缺陷经营理念：生产一流产品、提供一流服务公司宗旨：为用户提供最好的产品,最好的服务,最好的技术支持。","https://www.zhaopin.com/jobdetail/CC161088020J40681468416.htm?refcode=4019&srccode=401901&preactionid=a7c1140f-c46c-45e5-b867-ab342d8bdc77"
1665,前端开发,深圳-龙岗区,1.5-1.6万·13薪,深圳市智略云擎人工智能科技有限公司,人工智能,20-99人,,CCL1501176800J40815037008,岗位内容： 1. 设计和开发适用于不同设备的易于使用的网站 2. 参与产品原型设计和产品需求分析 3. 跟进技术趋势及前端开发最佳实践，不断提升团队的技术水平 任职要求： 1. 两年以上前端开发经验，掌握HTML5/CSS/JavaScript等前端技术和常用框架 2. 具备良好的学习能力和解决问题的思维能力，能够配合其他团队成员完成项目工作 3. 对新技术有好奇心，并愿意持续学习和提高,7月24日,,"https://www.zhaopin.com/jobdetail/CCL1501176800J40815037008.htm?refcode=4019&srccode=401901&preactionid=a7c1140f-c46c-45e5-b867-ab342d8bdc77"
1666,Java,南京-雨花台区,1.3-2.6万·15薪,外企德科数字技术有限公司,专业技术服务,10000人以上,,CCL1480117890J40796620705,招聘地区： 北京，上海，南京，杭州，苏州，深圳，东莞，西安，成都，武汉，长沙 岗位内容： 1. 设计、开发并维护Java应用程序。 2. 解决各种技术难题，保证代码的可靠性、高效性和安全性。 3. 参与软件设计的讨论和计划制定。 4. 与其他团队成员协作工作，提高团队整体技术水平。 任职要求： 1. 熟悉Java语言及相关技术，熟悉Spring框架。 2. 具有扎实的编程基础和良好的面向对象编程思想。 3. 对常见数据库如MySQL、Oracle等有一定的了解和应用经验。 4. 对Web开发技术有深入理解，熟悉前端技术如HTML、CSS、JavaScript等。 教育经历：本科及以上,2025-07-27 00:26:10,外企德科数字技术有限公司是一家2023年新成立的中外合资企业。成立于2023年11月24日，公司定位：专注于为信息技术企业提供人才及数字技术外包解决方案的中外合资企业。它是由中国人力资源服务行业的FESCO（北京国际人力资本集团）与全球人力资源服务领导者The Adecco Group（德科集团）合资成立的。公司主要提供网络技术服务、软件外包服务、计算机系统服务、技术进出口、软件开发等信息技术相关服务。专注于为信息技术企业提供信息技术类人才及数字技术外包解决方案。,"https://www.zhaopin.com/jobdetail/CCL1480117890J40796620705.htm?refcode=4019&srccode=401901&preactionid=a7c1140f-c46c-45e5-b867-ab342d8bdc77"
1667,科研人员,北京-海淀区,1.4-1.9万,曼迪匹艾(北京)科技服务有限公司,"新闻/出版,学术/科研,新闻/出版",1000-9999人,未融资,CC207292010J40271929512,一、岗位优势 1. 行业前景向好：全球学术开放获取出版的先驱； 2. 期刊领域广泛：300多种科技期刊，各类专业均可学以致用； 3. 注重新人培养：Open Course公开课、一对一Tutor指导、专业技能培训，快速实现角色转变； 4. 晋升机制成熟：业务、管理双渠道发展，提供完善的职业发展平台； 5. 发展机会多样：公费出国，海外中短期交流；鼓励兼任，内部资源充分共享； 6. 打造学习型组织：搭建多维学习平台，线上线下齐开课，碎片时间也能不断充电涨知识； 7. 团队专业素质高：深度接触开放获取出版行业，实时掌握前沿科技研究成果，与志同道合的小伙伴组建团队等。 二、工作职责  1. 负责联系专家学者，组织稿件的同行评审，确保稿件的同行评审及时完成；  2. 编排和处理稿件，确保稿件格式正确，及时发表；  3. 与期刊主编，编委成员，作者及审稿人建立良好沟通，确保期刊正常运作，稿件顺利及时发表；  4. 关注期刊学科领域内的研究进展，协助期刊责任编辑完成期刊发展目标。   三、职位要求  1. 神经科学，心理学，生物学，脑科学，脑医学，认知科学，医学，药学，精神病学，肿瘤学或相关专业背景；  2. 硕士及以上学历；  3. 英语六级；托福；雅思；  4. 熟练office办公软件；  5. 学习能力强，能适应公司高强度职业培训，例如：参加职业培训讲座和一对一导师培训管理。   四、工资待遇  1. 薪酬待遇：月基本工资14000-19000；  2. 基础福利：六险一金，带薪年假，年度体检，节日福利，活动经费，丰富茶歇，营养晚餐等；  3. 进阶福利：子女福利，团队奖励，培训津贴，岗位津贴；  4. 职业发展：导师培养，技能培训，管理培训，优秀员工提供出国交流和工作机会。 在这里， 有开放平等的办公环境，让我们思维的火花肆意跳跃； 有五花八门的派对庆典，让工作与生活都充满仪式感； 有惊喜交集的福利关怀，让严谨的学术从不丢失温度； 我们期待着与您的相遇，一起为开放科学提供更多新的想法！,12月24日,"瑞士MDPI出版公司（Multidisciplinary Digital Publishing Institute）成立于1996年，是一家全球领先的开放获取期刊出版公司，总部位于瑞士巴塞尔，同时在中国，西班牙，塞尔维亚，英国，日本，罗马尼亚，加拿大，波兰以及新加坡设有分公司。在中国设有7个办公室，分别位于北京通州，北京海淀，湖北武汉、天津、江苏南京、湖北光谷和辽宁大连。成立至今，已创办英文科技期刊390余个，其中包括Molecules, Sensors, International Journal of Molecular Sciences, Marine Drugs等近90余种SCIE期刊。曼迪匹艾（北京）科技服务有限公司成立于2008年，主要负责 MDPI出版公司的编辑服务工作，现有正式员工1500余人，其中硕博1200余人。2013年4月成立武汉代表处：曼迪匹艾（武汉）科技服务有限公司，现有正式员工1200余人，其中硕博600余人。2019年9月成立天津代表处：曼迪匹艾（天津）科技服务有限公司，现有正式员工600余人，其中硕博370余人。2021年5月成立南京代表处：曼迪匹艾（南京）科技服务有限公司，现有正式员工230余人，其中硕博170余人。2021年7月成立光谷代表处：曼迪匹艾（光谷）科技服务有限公司，现有正式员工300余人，其中硕博290余人。2021年10月成立大连代表处：曼迪匹艾（大连）科技服务有限公司。在MDPI，你的梦想有多大，舞台就有多大，赶快加入我们吧！企宣：https://v.qq.com/x/page/d33027h4a9j.html","https://www.zhaopin.com/jobdetail/CC207292010J40271929512.htm?refcode=4019&srccode=401901&preactionid=a7c1140f-c46c-45e5-b867-ab342d8bdc77"
1668,软件测试,昆明-呈贡区,5000-7000元,天阳科技,"计算机软件,计算机软件",1000-9999人,已上市,CC120408370J40369078008,1.全国项目驻场测试，主要负责功能、数据或接口等相关测试工作；  2.统招本科学历及以上（学信网可查）；毕业满2年；计算机专业优先；  3.热爱软件测试行业、有强力的自驱力，能够在测试岗位深入学习研究；  4.有无经验均可，服从公司安排，接受公司培养，可接受异地工作优先；  福利待遇：  上市公司，公司可以提供住宿，提供五险一金；  欢迎符合要求的小伙伴们投递~,7月17日,天阳科技(股票代码：300872)，是全球金融创新服务的重要贡献者，持续赋能中国金融行业数字化转型，为客户提供咨询、金融科技产品、金融IT服务、云计算及运营服务。公司成立于2003年，服务超过300家金融行业客户，覆盖中央银行、政策性银行、国有银行、股份制银行、地方性商业银行、非银行金融机构等，员工人数近7000人，成为激活金融领域创新活力、推动金融科技迈入世界领先水平的重要力量。作为金融行业客户可信赖的合作伙伴，天阳科技凭借丰富的行业经验和端到端的专业服务，在信创、数字化金融、信贷、交易银行、信用卡、零售、营销、风险管理、征信监管等众多领域具备核心竞争力。据赛迪和IDC报告显示，近年来公司在中国银行业IT解决方案市场排名强势崛起，2019年收入及市场占有率综合排名分别位列第四位和第五位，并保持高速增长。同时，前瞻商业和科技趋势，入选2021年度未来银行科技服务商TOP100。天阳科技始终聚焦金融科技领域，加大自主创新力度，在超过100个城市建立本地化、专业化的研发和服务团队，拥有CMMI5级认证、软件测试成熟度模型集成（TMMi）3级认证、ISO9001质量管理体系认证、ISO20000信息技术服务管理体系认证、IS027001信息安全管理体系认证。通过部署人工智能、云计算、大数据、移动互联网、分布式计算和区块链等先进金融科技，公司致力于构建安全可控、普惠民生、开放共赢格局，在关键技术领域服务现代化金融发展大局，更好地为各利益相关方创造更大价值，为大中企业、小微企业以及每个个体提供优质金融服务。,"https://www.zhaopin.com/jobdetail/CC120408370J40369078008.htm?refcode=4019&srccode=401901&preactionid=a7c1140f-c46c-45e5-b867-ab342d8bdc77"
1669,Java,深圳-龙华区,5000-6000元,深圳市易信诚达科技有限公司,计算机软件,100-299人,,CCL1492500600J40875170604,岗位职责： 1、系统部署上线 2、系统性能优化，bug修复 3、系统部分功能开发，外部接口对接 4、客户系统的部署和交付，服务器运维 任职要求： 1、在校期间有java开发经验，做过完整项目开发优先考虑 2、大专及学历以上，计算机或者软件工程专业 3、善于沟通，吃苦耐劳，学习能力强，勇于解决问题,7月21日,,"https://www.zhaopin.com/jobdetail/CCL1492500600J40875170604.htm?refcode=4019&srccode=401901&preactionid=a7c1140f-c46c-45e5-b867-ab342d8bdc77"
1670,科研人员,太原-小店区,4000-6000元,山西省后稷实验室(杂粮生物育种山西省实验室),农/林/牧/渔,500-999人,,CCL1501194460J40737633110,招聘科研助理2-3名，工作地点在太原小店区，待遇从优（劳务派遣：5000~7000/月起，依科研能力定）。 专业：生物学相关专业（遗传学、分子生物学、生信、农学、植保） 岗位与要求：硕士学历以上，有以下任意一条研究经历优先 技能1 熟悉拟南芥常规操作（杂交、GFP观察、基因型鉴定）及相关实验； 技能2 熟悉基因编辑技术及其相关技术； 技能3 熟悉HPLC-MS等代谢组仪器设备。 联系方式： 发送邮件至： orphancrops#126.com 邮件主题格式： 姓名_毕业学校_技能编号 简历请包含一段文字陈述自己最擅长的实验（100~200字），以及现居住地、是否在读、本科院校（专业）、硕士院校（专业及导师）、英语四六级情况、发表论文等成果。 实验室介绍： 山西省后稷实验室坐落于太原市小店区龙城大街79号（山西农业大学龙城校区东院19号楼），占地面积9000余平米，实验室采用国家级实验室建设标准，宽敞明亮，工作环境一流。欢迎各位有志同学加入团队，与我们一同在“教书育人、学以致用”的理念指引下，致力于营造积极向上的科研氛围与多元发展的成长环境。我们的团队由毕业于国内顶尖高校和国际知名研究机构的青年教师组成。以当前就业热门技能和方向为基础，制定量身定制工作方案，并提供多样化的科研训练与实践机会，提升个人能力，实验室多位成员成功申请其他单位读博资格和考编成功，也有优秀学生在CCTV农业频道进行30分钟的新闻报道。 https://houjilab.sxau.edu.cn/,7月25日,,"https://www.zhaopin.com/jobdetail/CCL1501194460J40737633110.htm?refcode=4019&srccode=401901&preactionid=a7c1140f-c46c-45e5-b867-ab342d8bdc77"
1671,测试工程师,成都-锦江区,7000-12000元·13薪,成都鑫汇拢互联网信息咨询有限公司,互联网,20-99人,,CCL1469976390J40822977208,岗位内容： 参与产品设计评审，了解业务需求，提出优化建议。 使用自动化测试工具或开发相应的自动化测试脚本，提高测试效率，缩短测试周期。 持续关注测试领域的新技术和方法，不断提升测试技能和工作效率。 任职要求： 1. 大专及以上学历学信网可查，21-28岁 2. 熟练掌握至少一种测试工具、至少掌握一种编程语言，熟知测试原理和方法。 3. 具备良好的逻辑思维能力和分析能力，能够快速定位问题，并给出有效的解决方案。 4. 具备较强的沟通协调能力和团队合作精神，积极主动，具有强烈的责任心和进取精神。 薪资待遇： 无责底薪6000+包住+补贴+月奖金+五险一金+年底13薪+年终奖等 综合薪资：9000-12000 上班时间： 朝九晚六 周末双休 节假日正常放假 带薪年假,7月15日,"成都鑫汇拢互联网信息咨询有限公司，简称“鑫汇”；于2022年04月19日正式成立，公司位置：成都锦江区，主要经营范围：互联网数据服务，薪酬管理服务，数据处理服务，社会乡济咨询服务。我们尤其注重通过高效资本市场的成长来推动经济发展，公司拥有先进的技术基础、人才济济的研发阵容和具有先进创新理念的运营团队。公司倡导团队协作，公平公正，强调员工与企业共成长的企业文化，鼓励创新，致力于为员工营造充分展示自我才智、发挥潜能的舞台；除了为员工提供极具竞争力的薪酬福利待遇外，公司还建立了一整套与员工的职业生涯发展相结合的合理晋升体系，针对不同特点的员工设置不同的晋升通道，专业技能优秀的员工可以按照技术路线晋升，管理才能卓越的员工可以按照职能体系晋升。员工晋升以绩效考核结果为基础，同时又作为薪酬调整的依据。公司内部空缺岗位优先考虑内部竞聘人员，为员工提供广阔的发展空间。公司建立了完善的人事管理、信息管理、财务管理、业务管理、技术管理等综合管理体系，自成立以来，同有科技始终坚持“技术立足,服务为本”的企业发展理念。","https://www.zhaopin.com/jobdetail/CCL1469976390J40822977208.htm?refcode=4019&srccode=401901&preactionid=a7c1140f-c46c-45e5-b867-ab342d8bdc77"
1672,实施工程师,厦门-集美区,8000-10000元,厦门嘉康饲料有限公司,农/林/牧/渔,100-299人,不需要融资,CC221964010J40194174712,岗位描述： 1、负责售后服务，技术帮扶； 2、帮助养殖户处理养殖过程中出现的各种问题； 3、帮助客户水质检测、产品检测等各种数据检测； 4、帮助经销商维持及拓展销售渠道及售后服务； 4、完成领导交代其他任务 任职要求： 1、本科以上学历，水产养殖、生物工程等相关专业 2、能适应长期外派工作，有交通工具。 3、水产养殖或相关专业优先； 4、具有团队协作能力，服务意识强 5、思维活跃、主动强、有强烈的责任感。  职位福利：包住、包吃、通讯补助、绩效奖金、交通补助、五险一金   ,7月3日,厦门嘉康饲料有限公司成立于2001年，是一家专业研发、生产和销售高端水产配合饲料的民营科技型公司。本公司坐落于厦门市集美北部工业区，占地面积约33000平方米，现拥有2个标准化生产车间，6条膨化饲料生产线，年生产能力达到4万吨。2010年公司启动二期建设，新建成的10000多平方米饲料车间、仓库即将投入使用，将新增虾料、海水鱼料等专用生产线4条，扩建后我司年生产各类饲料的能力将达6万吨。本公司严格实施质量管理工程，通过了ISO9001:2000国际质量认证体系，拥有“嘉盛”、“汇嘉”和“嘉发”三大品牌，其中2010年本公司水产配合饲料注册商标“嘉盛”获福建省著名商标。公司自成立以来一直重视新产品开发，长期与全国各高等院校、科研机构紧密合作，依托科技力量，创新性地将最新技术和市场需求密切结合，开发了系列安全、高效的、优质的“绿色产品”——对虾配合饲料、黄鳝配合饲料（本产品在国内市场中占有率第一）、鲈鱼配合饲料、海水鱼配合饲料、石斑鱼配合饲料、大黄鱼配合饲料、蓝子鱼配合饲料、黄颡鱼配合饲料、鳗鲡配合饲料、蛙配合饲料、乌龟配合饲料、甲鱼配合饲料”等，有力地促进了水产健康养殖业的持续发展。同时，公司扩建了观赏鱼饲料专用生产线，面向市场提供血鹦鹉、花罗汉、金鱼、锦鲤、热带鱼、宠物龟及其它各种各类观赏鱼所需的专用增色配合饲料。本公司一直坚持“质量第一、客户至上”的经营理念；“一流产品、一流服务”的服务宗旨；“以人为本、和谐发展”的用人策略，取得了跨越式发展。为适应市场竞争，增强企业经营管理绩效，公司大力实施“人才广兴”战略，积极培训员工及合理引进人才，现拟广招英才，欢迎广大有志贤士加盟，与我们共创辉煌。公司福利：五险+商业险年终13薪包吃住法定休息日乘车路线：1.BRT线路：岛内乘坐BRT快1线－（嘉庚体肓馆站）下车坐链接线L21到浒井站，打摩的到公司门口或沿华陵路步行10分钟左右，即可到达公司门口。　2.公交线路：同安.梧村车站坐往658 655 651的车，在霞梧站下车，打摩的到公司门口（5元钱）或坐954 953 950到浒井站。 3.海沧.杏林线路：乖公交到杏林转乘907公交，到浒井站下。★面试时携带资料有：　1、水笔一支　2、身份证原件　3、相关学历资格证书的原件★应聘者通过面试后，须查验的证件原件，以及上交的证件复印件资料有：　1、身份证复印件2张（二代身份证须复印正反两面）；　2、毕业证复印件1张；　3、本市户口人员失业证原件及户口本复印件1张；　4、本人近期白底一寸彩色相片3张； 5、社保卡复印件1张（未在厦门办理过社医保人员无须缴交，由公司办理）；　6、非本市户口人员暂住证复印件1张；　7、厦门工商银行卡复印件一份，并签上姓名；　8、报到当天请带上水笔一支　9、餐具一套和口杯一个注：以上复印件请用A4纸复印。请注明你所要申请的职位。,"https://www.zhaopin.com/jobdetail/CC221964010J40194174712.htm?refcode=4019&srccode=401901&preactionid=a7c1140f-c46c-45e5-b867-ab342d8bdc77"
1673,实施工程师,阳江-江城区,1-1.1万,智联猎头,"互联网,人力资源服务",1000-9999人,不需要融资,CCL1318355140J40678681603,1.负责集团客户ICT项目拓展与管理，通过客户需求收集、分析，整合专业机构和省内产品、信息化能力及行业方案，针对客户需求出具信息化综合解决方案； 2.负责ICT项目售前、售中、售后的全流程管理以及支撑，包括个性化需求方案、技术谈判、组织实施等； 3.负责为集团客户的应用解决方案提供5G网络及物联网技术支持，负责5G及物联网相关售前、售中、售后工作流程推进、进度管控、质量验收等。,7月25日,智联猎头作为智联招聘旗下品牌，以满足企业中高端岗位的人才招聘需求为出发点，整合全球优质资源，覆盖数字经济、新一代信息技术、人工智能、金融、电子信息、装备制造、生物医药与健康、房地产/建筑等数十个行业，拥有规模庞大、覆盖面广的交付团队，致力于向企业输出专业化的招聘解决方案。智联猎头目前拥有卓聘平台服务、招聘流程外包服务、高端人才猎寻服务三大类核心服务，具备高度定制化能力，能够为不同发展阶段的企业提供一站式招聘解决方案，同时为企业转型升级提供保障，全面增强企业核心竞争力！智联猎头利用自身独特的资源优势、成熟的服务模式，以及多层次的产品，致力于打造高效、专业的一站式人才服务模式，让招聘更加美好！,"https://www.zhaopin.com/jobdetail/CCL1318355140J40678681603.htm?refcode=4019&srccode=401901&preactionid=a7c1140f-c46c-45e5-b867-ab342d8bdc77"
1674,C/C++,沈阳-皇姑区,7000-12000元,沈阳东博恒翼科技有限公司,"计算机软件,专业技术服务,计算机硬件",100-299人,未融资,CC272580020J40934010004,任职要求： 1、统招本科以上学历 2、具备扎实的C++基础，基础好 3、能够独立完成模块开发，具有良好的代码习惯 4、具有团队合作精神，能有有效沟通协作,7月21日,沈阳东博恒翼科技有限公司成立于2010年，是一家致力于解决软件项目人才短缺问题的专门服务外包型公司。是NTT、方正、海辉、中软、东软等国内知名企业的常年人才服务供应商。目前，东博已经在国内各主要软件城市设立分支机构，实现了“立足沈阳，服务全国”的战略部署。为软件企业跨地域的项目实施提供人力保障。东博公司是国内拥有独立软件人才数据库的人才服务机构之一。结合长期的外包/分包业务经验，我们独立开发了HMS业务支撑系统，该系统的应用使我们的操作更规范，流程更优化。由超专业化人才招聘团队，以真诚的服务、专业的素质期待与您的合作。,"https://www.zhaopin.com/jobdetail/CC272580020J40934010004.htm?refcode=4019&srccode=401901&preactionid=a7c1140f-c46c-45e5-b867-ab342d8bdc77"
1675,科研人员,北京-海淀区,1.5-3万,北京中科博联科技集团股份有限公司,"专用设备制造,农/林/牧/渔,人工智能,电气机械/电力设备",100-299人,D轮及以上,CC180827020J40559848411,【职位亮点】：智能机器人冠军企业。根据业务发展需求，我们拟加强人工智能、机器人、发酵工程等研发，招聘下属方向的博士后人员。,6月17日,中科博联科技集团成立于2008年，以有机固废资源化利用、绿色制造(人工智能)为主业，提供综合性绿色制造整体解决方案，主要客户群体覆盖全国畜牧业、农业、水务行业、环保、白酒、食品行业等涉及卧床垫料、畜禽粪便、工业沼渣、城市污泥、农业废弃物、酒糟等无毒无害有机固废处理项目，将绿色制造贯彻到产品的全生命周期。围绕有机固废好氧发酵产业，中科博联集团公司设立了智能装备制造公司、智能科技公司、项目运营公司、肥料公司等专业性子公司，并成立固废生物处理装备北京市工程研究中心、博士后科研工作站等高标准科技创新平台，是集技术研发、设计咨询、设备供应、运营管理、管家服务等全产业链服务于一体的高新技术企业。经过十余年的创新发展已成为有机固废好氧发酵处理细分领域的龙头企业。中科博联奉行“专业决定品质、专注铸就品牌”的核心理念，专注于CTB智能好氧发酵技术创新及一体化智能好氧发酵成套装备的开发与应用，以智能环保装备（环保机器人）破解固废产业难题。企业独创的CTB智能环保机器人及智能好氧发酵技术属于国内外首创，持续引领行业创新，产品被国家工信部、生态环境部、科技部、中国机械工程学会等机构认定为同类产品国际领先技术，至今已成功落地全国30余省市、100多个大型工程、200余条生产线中应用，并成为行业主流技术，年处理固废超过900万吨。随着国家对城市畜禽粪便资源化处理、市政污泥、生活垃圾分类收集等一系列政策的推出，极大的刺激和释放了有机固废好氧发酵处理与资源化利用的市场需求，预期未来将产生200亿以上的市场空间。2019年以来中科博联依托科技创新力量在逆境中崛起，未来将继续保持有机固废好氧发酵领域的龙头地位，持续引领行业技术升级和产业发展。人才团队：拥有一支高素质的技术、制造、工程和管理团队。国家级博士后工作站、固废生物处理装备北京市工程研究中心和北京市博士后实践基地。现有员工150多名，其中管理人员获得国家“万人计划”入选者、国家杰出青年科学基金、科技北京“百名领军人才”等荣誉，北京市对本公司紧缺人才有特殊进京落户指标、北京工作居住证等额外扶持。一体化智能好氧发酵装备特色亮点——一个机器人：过程全部智能化，省去人工作业一键式操作：工艺过程自动化监控，轻松一键操作一体化密封：废气全密封收集净化，尾气达标排放一流性价比：投资和运行成本合理，省厂房和土地一座新景观：颠覆传统的工程印象，脏乱差全消除如有兴趣，可详聊。招聘联系电话：010-82362789-8036,"https://www.zhaopin.com/jobdetail/CC180827020J40559848411.htm?refcode=4019&srccode=401901&preactionid=a7c1140f-c46c-45e5-b867-ab342d8bdc77"
1676,Java,济南-历城区,5000-8000元,山东旗瑞信息技术有限公司,计算机软件,20-99人,,CCL1501776230J40712501216,岗位职责 1. 负责Java后端系统的设计、开发与维护，实现业务需求功能。 2. 参与技术方案讨论，优化系统架构，提升性能与稳定性。 3. 配合前端团队完成接口开发与联调，保障系统交互流畅。 4. 编写高质量代码及技术文档，参与代码评审和技术分享。   任职要求：   1.具备良好的 Java 编程能力，能够独立完成任务,5月27日,,"https://www.zhaopin.com/jobdetail/CCL1501776230J40712501216.htm?refcode=4019&srccode=401901&preactionid=a7c1140f-c46c-45e5-b867-ab342d8bdc77"
1677,测试工程师,沈阳-沈河区,1.3-1.8万·13薪,方得(青岛)人力资源有限公司,咨询服务,20-99人,,CCL1462672470J40735761116,,2025年07月28日,,"https://www.zhaopin.com/jobdetail/CCL1462672470J40735761116.htm?refcode=4019&srccode=401901&preactionid=a7c1140f-c46c-45e5-b867-ab342d8bdc77"
1678,技术支持工程师,北京-昌平区,7000-12000元·13薪,北京华能新锐控制技术有限公司,"电力/水利/热力/燃气,人工智能,计算机软件,云计算/大数据",100-299人,未融资,CC295334210J40659149206,岗位职责： 1、根据设计方案，进行设备和系统的安装及配置，并对系统进行测试和调试，确保系统能够稳定、高效地运行‌。 2、负责对系统进行定期的维护和检查，及时发现并解决存在的问题，并做好记录。 3、负责项目过程文档的编写与整理，保证项目资料的完整性和规范性‌。 4、负责公司软硬件项目的售后维护服务和技术支持工作，保证软硬件正常使用。 5、与客户保持良好的沟通，及时反馈项目进度和遇到的问题，同时与项目经理和其他团队成员进行协作，确保项目的顺利进行‌。  任职要求： 1、本科及以上学历的应届生； 2、自动化、计算机、通信等相关专业； 3、熟悉LINUX操作系统，计算机网络，具备网络方面认证优先； 4、有较强的沟通能力、项目管理能力及文档编写能力； 5、性格开朗，抗压能力强、适应长期出差； 6、熟悉了解新能源电站电气、继电保护方面的技能。,7月15日,北京华能新锐控制技术有限公司（西安热工研究院有限公司北京自控部）成立于2003年，是国家高新技术企业、北京未来科学城华能人才创新创业基地入驻单位，系中国华能集团有限公司控股的西安热工研究院在京全资子公司。公司现有60余名高中级职称的工程技术人员，拥有发明专利3项，实用新型专利5项、软件著作权30余项及完全自主知识产权的Pine-Control控制系统，是国内电站自动化领域技术和工程实力最强的单位之一。公司长期从事电站（主、辅）智能控制、数字化煤场管理、斗轮堆取料机无人智能化控制、火电厂智能机器人巡检、智能视频监控、新能源发电技术远程集中监控、全国产化风电主控系统、全国产化水电计算机监控系统等技术研发、系统集成及应用推广。在火电领域，是国内早期从事电站控制系统（DCS/PLC）设计、集成服务的厂家之一，具有三十余年丰富的现场实践经验。近年来公司自主研发的斗轮机无人值守系统、输煤廊道机器人智能巡检系统、主厂房机器人智能巡检系统、配电间智能巡检系统提升了电站生产智能化水平、提高了运维效率、降低了运营成本，并对行业起到了重要的带动作用。火电厂燃煤系统的人机环安全工程研究及智能化应用项目获中国安全生产协会颁发的国家第一届安全科技进步奖二等奖。在新能源领域，公司自主研发的风电场监控系统、区域集控系统、集团监管系统逐步实现国产化替代、自主可控，实现项目型向产品型、平台型业务的转变，形成了数据采集、生产指标、集控建设标准。现已建成集团—区域公司两级新能源数据平台，逐步形成新能源数据生态，为新能源智能运维、大数据挖掘等深化应用提供应用基础。在风电控制领域，公司聚焦能源安全和自主可控等国家重大课题，致力于解决风电控制系统的关键核心技术，实现风机控制系统的安全可靠。公司承担了风机主控国产化开发等国家重大课题，自主研发的风机主控算法和风电国产化PLC，已经实现了示范应用，正在逐步开展规模化推广应用。北京华能新锐控制技术有限公司在西安和福州分别设有办事处，欢迎更多优秀的人才加入，和我们一起共筑辉煌。,"https://www.zhaopin.com/jobdetail/CC295334210J40659149206.htm?refcode=4019&srccode=401901&preactionid=a7c1140f-c46c-45e5-b867-ab342d8bdc77"
1679,测试工程师,东莞-None,7000-12000元,重庆科满福人力资源服务有限公司,企业服务,20-99人,,CCL1487604860J40932700904,【岗位职责】 ： 1、进行新产品研发阶段的测试工作 2、完成新产品的功能测试、可靠性测试、环境测 试、安全测试等技术工作 3、制定测试计划，设计测试用例，分析测试数 据，编制测试报告 4、为其他部门提供技术支持，与其他部门的产品 联合测试工作,7月17日,,"https://www.zhaopin.com/jobdetail/CCL1487604860J40932700904.htm?refcode=4019&srccode=401901&preactionid=a7c1140f-c46c-45e5-b867-ab342d8bdc77"
1680,C/C++,无锡-新吴区,6000-10000元,杰亿科技(无锡)有限公司,"计算机软件,人工智能,云计算/大数据,IT服务",20-99人,未融资,CCL1484757270J40789587505,【任职要求】  基础要求：   1. 计算机、数学或相关专业本科及以上学历（应届生可培养）；   2. 编程基础：   * 熟悉C++11/14，掌握面向对象编程和基本数据结构；   * 了解常用的算法基础；   3. 数学基础：   * 掌握线性代数、解析几何基础，了解常见几何计算方法；   * 对计算几何（如B样条、多边形布尔运算）有基本认知；   4. 工程能力：   * 能阅读技术文档并实现基础算法模块；   * 具备调试和排查简单逻辑问题的能力；   5. 软技能：   * 较强的学习意愿，能快速掌握团队代码规范；   * 良好的沟通能力，能在团队协作中完成任务。   【加分项】：   1. 有CAD/CAM/CAE相关课程或项目经验（如毕业设计、竞赛作品）；   2. 熟悉Qt或其它GUI框架，了解2D图形绘制基础；   3. 使用过CGAL、OpenCV等算法库完成过小规模几何处理任务；   4. 了解工业软件常见几何引擎（如OpenCASCADE）的基本概念；   5. 有数值计算、优化算法等相关领域的研究或实践经验。,7月15日,杰亿科技（无锡）有限公司自 2024年 6月成立以来，虽成立时间尚短，却凭借对 PCB设计自动化领域的深耕，在行业中迅速崭露头角。公司核心团队由 PCB设计、自动化算法等细分领域的资深专家组成，成员们凭借扎实的专业知识与多年实践经验，面对复杂的 PCB设计难题时，能够精准把握需求，以高效且专业的解决方案，助力客户突破技术瓶颈。​在技术创新方面，杰亿科技始终走在行业前沿。公司结合 AI算法，积极开展技术攻关，目前“PCB图形文件和钻孔文件对位方法、设备以及存储介质”与“基于 Yolov8n-Seg模型的 PCB板热焊盘的识别检测方法”两项发明专利正在申请中，有望为 PCB设计自动化带来新的突破。此外，已成功申请的 6项软件著作权，更是充分彰显了其在软件开发领域的深厚实力。研发团队持续探索行业新技术，不断推陈出新，以满足客户日益多样化的需求，为企业在 PCB设计自动化赛道上持续领航注入强劲动力。,"https://www.zhaopin.com/jobdetail/CCL1484757270J40789587505.htm?refcode=4019&srccode=401901&preactionid=a7c1140f-c46c-45e5-b867-ab342d8bdc77"
1681,科研人员,深圳-南山区,2.3-3.5万·13薪,中国科学院深圳先进技术研究院,"学术/科研,学术/科研",1000-9999人,未融资,CC227408420J40696777916,中心简介：,7月16日,"中国科学院深圳先进技术研究院由中国科学院、深圳市政府、香港中文大学2006年在深圳共同组建，已经逐渐成为集教育、科研、产业、资本四位一体的新型科研机构。先进院拥有一支结构合理，创新能力卓越的研发队伍，拥有一支由研究生、博士后、访问学者组成的高水平流动人员队伍，现有员工1800多人，50%具有博士学历；超过600人具有海外留学背景，PI（教授、副教授）百分之九十从国外引进回国。拥有一套先进、高效的管理体制和合理完善的科技成果转移、转化的科技成果被企业广泛接受与应用，培养的专门人才得到社会广泛认同与欢迎，成为人才一流、科研一流、管理一流的国家研究机构。--------------------- Shenzhen Institutes of Advanced Technology(SIAT)-Chinese Academy of Sciences was jointly established by Chinese Academy of Sciences(CAS), The Chinese University of Hong Kong(CUHK), and the Shenzhen Municipal Government in 2006. Over the past 13 years, SIAT has earned an outstanding reputation for translating findings from basic research into industrial application under the efforts of the interdisciplinary teams of scientists and engineers. The wide-ranging expertise drawing from technical, engineering or science professions has now positioned SIAT at the interface between biology technologies(BT) and information technologies(IT) for the 21st century innovation.","https://www.zhaopin.com/jobdetail/CC227408420J40696777916.htm?refcode=4019&srccode=401901&preactionid=a7c1140f-c46c-45e5-b867-ab342d8bdc77"
1682,硬件测试,天津-东丽区,4000-7000元,天津中科华盈科技有限公司,"汽车研发/制造,汽车研发/制造",20-99人,未融资,CC286542380J40139195714,"任职条件： 一、学历：专科及以上学历  二、专业：机电一体化、自动化、测控、电子电气等相关专业  三、年龄：不限  四、基本知识：机械设计、模拟电路、数字电路、office办公软件  五、工作经验：不限  五、英语水平：不限  七、业务技能：良好的职业素养，熟悉office办公软件  工作职责：  一、负责产品测试，包括制定产品测试方案和标准，负责硬件单板调试，产品整机测试，提供产品设计改善建议。  ""二、负责产品EMC测试、高低温测试等型式试验，对测试结果进行记录和整理，提出问题分析和改善建议，输出测试报告。  ""  三、负责新产品的量产导入工作，保障量产顺利，质量可靠，生产效率高。  四、负责售前调试及售后服务工作    职位福利：五险一金、员工宿舍、加班补助、餐补、通讯补助、出差补助、带薪年假、项目奖金   ",3月18日,天津中科华盈科技有限公司专业从事电机控制器、混合动力汽车整车控制器的研发和销售，积极以技术促进节能、环保应用。公司现有研发核心成员来自中科院的科研院所及国内汽车电子系统设计、研发和制造企业，具有5年以上的多种功率等级的电机控制器设计开发经验，形成了从目标市场分析预测、产品规划、技术研发、产品工程设计、供应商体系规划与同步开发、目标成本规划与控制及生产制造等全方位能力。公司始终坚持“以市场为导向，技术为驱动，为客户提供专业、系统、高性价比产品和服务”的经营理念，通过项目合作处理为客户提供产品以外，还可以协助客户进行车辆动力匹配，为客户培养技术人才，协助客户完善售后保障手段等超值服务，为客户营造市场竞争优势而共同努力。,"https://www.zhaopin.com/jobdetail/CC286542380J40139195714.htm?refcode=4019&srccode=401901&preactionid=a7c1140f-c46c-45e5-b867-ab342d8bdc77"
1683,实施工程师,佛山-顺德区,7000-14000元,巴德富集团有限公司,"化学原料/化学制品,化学原料/化学制品",1000-9999人,未融资,CC833905260J40693046401,【任职要求】 ①熟悉软包市场，精通塑塑复合工艺 ②熟悉软包无溶剂聚氨酯的生产工艺和技术特点，具备解决复杂技术问题的能力。 ③了解不同胶水厂家的无溶剂聚氨酯软包产品特点 【岗位职责】 ①负责无溶剂聚氨酯软包装材料的技术支持和服务，确保产品质量符合客户需求。 ②协助销售团队提供技术支持，参与重要客户的拜访和技术交流活动,1月22日,"1.企业简介：巴德富目前是亚洲水性涂料用乳液研、产、销一体化龙头企业，集团下辖顺德、常熟、上海、成都、中山、沧州、江门、濮阳、潜江9大制造基地，主营业务为水性乳液（树脂类涂料原料）。产品应用覆盖建筑内外墙涂料、防水涂料、水性木器涂料、水性胶粘剂、水性工业涂料、水性环氧树脂漆、水性聚氨酯树脂、水性油墨，聚氧酯热熔胶、新能源电池、电子半导体、MS热敏胶、橡胶改性等产品，广泛使用于纺织、新能源汽车、风电、水性多用途塑料复合、船舶、造纸、包装材料、电子、印染、油墨、日化、建筑、公路、冶金、桥梁、医疗等领域。巴德富是高新技术企业，有“广东省聚合物乳液工程技术研究开发中心”、“高性能建筑涂料用乳液研发中心”、“高性能防水涂料用乳液研发中心”、“特种性能乳液创新研究中心”等产品技术研究开发平台。2018年获得细分行业龙头企业称号，截止2023年7月，已申请发明专利200多项，其中已授权专利130多项；共参与国家、行业、地方、团标等标准制定58项。2023年中国品牌价值评估273亿元，广东省百强制造业排名58位，佛山制造业百强排名19位。2022年主营业务综合市占率超45％,是全球前四大涂料企业PPG、宣伟、阿克苏诺贝尔和立邦的一级供应商，另外为威士伯、三棵树、东方雨虹、科顺、北新防水、西卡德高、海虹老人、佐敦等累计10000+涂料企业提供产品和服务。2.薪酬福利: 1.定期体检； 2.员工生日会； 3.购买五险一金； 4.享受绩效奖、年终奖； 5.免费一日三餐，丰盛美食； 6.部门不定期团队建设聚餐/旅游活动； 7.丰富多彩的文体活动，多样的兴趣俱乐部。3.公司区域优势: 1地处粤港澳大湾区中心地带，广佛同城，未来3条地铁线通广州，公司距离最近轻轨站仅30分钟。出行深圳、香港、澳门方便快捷； 2佛山市近年来成为广东最具发展潜力城市之一，对比广州、深圳楼价均价低50%以上，且学位充足，享珠三角生活便利，生活成本远低于一线城市； 3.顺德享有“世界美食之都”称号，各类美食应有尽有。4.乘车路线指引: 1.公交线路：附近公交站点为“龙升警岗”站，路经公交有370、371、990 2.附近车站：-勒流客运站：距离总部约0.9KM，可步行直达总部-广珠城轨顺德站：距离总部约16KM，可乘坐370公交直达-顺德汽车客运总站：距离总部约16KM，可乘坐371公交直达（或乘坐K371到“勒流交警中队”站下车）-广州南高铁站：距离总部约35KM，可转乘广珠轻轨到顺德站，再换乘370公交直达","https://www.zhaopin.com/jobdetail/CC833905260J40693046401.htm?refcode=4019&srccode=401901&preactionid=a7c1140f-c46c-45e5-b867-ab342d8bdc77"
1684,软件测试,北京-朝阳区,1.3-1.4万,外企德科数字技术有限公司,专业技术服务,10000人以上,,CCL1480117890J40796267805,岗位职责 1. 负责服务零售相关业务系统的APP端、服务端、Web端测试，包括但不限于功能测试、接口测试、性能测试、异常测试、数据测试等； 2. 参与项目过程质量保障工作，深度参与需求评审、技术评审并做需求分析及风险评估，根据影响范围制定相关测试策略、测试计划，独立完成测试用例设计与评审； 3. 把关提测质量，完成测试用例的全量执行，协助并推动研发定位和解决问题，并产出测试报告； 4. 把控并及时暴露项目风险，推动风险解决； 5. 根据现有项目流程规范，推动产品研发测试上线流程落地，维护测试环境及测试数据； 6. 跟进线上问题的分析、定位、推进解决，并总结复盘； 岗位基本需求 1. 有3年及以上测试经验，本科及以上学历，精通软件测试理论、测试用例设计、测试方法和过程。,2025-07-27 00:26:09,外企德科数字技术有限公司是一家2023年新成立的中外合资企业。成立于2023年11月24日，公司定位：专注于为信息技术企业提供人才及数字技术外包解决方案的中外合资企业。它是由中国人力资源服务行业的FESCO（北京国际人力资本集团）与全球人力资源服务领导者The Adecco Group（德科集团）合资成立的。公司主要提供网络技术服务、软件外包服务、计算机系统服务、技术进出口、软件开发等信息技术相关服务。专注于为信息技术企业提供信息技术类人才及数字技术外包解决方案。,"https://www.zhaopin.com/jobdetail/CCL1480117890J40796267805.htm?refcode=4019&srccode=401901&preactionid=a7c1140f-c46c-45e5-b867-ab342d8bdc77"
1685,软件测试,重庆-南岸区,4000-7000元,重庆君翰互动企业服务有限公司,计算机软件,20-99人,,CCL1493771480J40748780311,岗位内容： 1. 设计测试用例并执行测试计划，对软件功能、性能、稳定性等进行测试。 2. 编写测试报告和Bug汇报，跟踪Bug的解决过程，并及时反馈BUG情况给研发团队。 3. 参与产品设计和需求评审，提供测试意见和建议。 4. 熟悉自动化测试框架或工具，并进行相关测试工作。 任职要求： 1. 大专以上学历，计算机、质量工程相关专业 2. 熟悉软件测试流程和常用的测试方法、工具，熟悉至少一种自动化测试工具。 3. 具备较强的测试分析和问题定位能力，能够独立制定测试计划和测试用例。 4. 具备良好的沟通协调能力和团队合作精神。 上班地点,6月19日,,"https://www.zhaopin.com/jobdetail/CCL1493771480J40748780311.htm?refcode=4019&srccode=401901&preactionid=a7c1140f-c46c-45e5-b867-ab342d8bdc77"
1686,技术支持工程师,杭州-滨江区,6000-12000元,杭州广卓电力科技有限公司,"仪器仪表制造,仪器仪表制造,电力/水利/热力/燃气",20-99人,未融资,CZ477434420J00104487703,需要 高压电气试验的相关经验 ！！！ 岗位描述： 1、负责产品的现场安装调试和技术指导。  2、负责产品技术培训，配合销售做好产品市场推广。 3、指导客户解决技术故障，分析故障原因，并撰写故障报告。 4、协助编写相关产品技术文档、用户手册，产品说明书以及专利的申报。 5、协助撰写科技项目申报材料。  任职要求：  1、大专学历以上，35岁以下，工作经验不限，电气自动化等相关专业优先；  2、有较强的文字和语言表达能力，能出差工作；  3、工作认真、积极、有高度的责任心，思维敏捷。  4、能熟练操作办公软件；  5、熟悉电力行业者优先。  职位福利：餐补、交通补助、加班补助、绩效奖金、定期体检、节日福利、带薪年假  职位亮点：业务提成。,6月23日,"杭州广卓电力科技有限公司成立于2012年，座落于杭州滨江区德信AI产业园。是一家集研发、设计、生产、销售、服务为一体的高新技术企业。公司已通过ISO9001质量管理体系认证，公司主要从事业务：一、自主研发生产、销售各类高压试验仪器设备、带电检测装备，各类考核仿真装置等；二、配备国内外先进的检测设备及专业的技术人员，为输电、变电、运行维护、配电检修提供专业的检测服务，三、物资质量检测试验室建设一站式服务，工器具智能管理系统。公司拥有专业的技术与管理团队，员工85%具有大专以上学历，公司在发展的过程中与国内多所高等院校及科研机构交流合作，产品研发生产、技术服务能力迅速提高，规模不断扩大。公司以“诚信、共赢、创新、价值”为宗旨，以创新为己任，让试验更加“快、准、稳”。公司重视客户的意见反馈，坚持产品技术及服务创新，狠抓质量管理，以优质的产品、合理的价格和良好的信誉为广大用户提供更为满意的服务。我们将以优质的产品和最完善的服务来真诚与各界朋友开展广泛的合作,共同发展！","https://www.zhaopin.com/jobdetail/CZ477434420J00104487703.htm?refcode=4019&srccode=401901&preactionid=a7c1140f-c46c-45e5-b867-ab342d8bdc77"
1687,技术支持工程师,安阳-文峰区,9000-18000元,青岛安然物联网科技有限公司,"物联网,物联网",20-99人,未融资,CC559764920J40675821804,需要弱电技术、自动化、安防系统、工业互联网+危化安全生产、物联网人才，不要纯软件人才。  你能经常到全国各地出差吗？你能到工业生产现场生产现场做技术支持吗？   真正的奋斗者在安然会有让人值得为之奋斗的事业，会有充实、高效的成长，会有高人一等的收入。   你能做好售前技术支持、根据客户需求，高效制作方案吗？你能做好售中技术支持、指导他人正确安装、部署、调试系统向用户保质保量快速交付吗？你能做好售后维护，高效沟通和落实客户需求吗？   迄今已服务中石化、中石油、延长石油、国能、兖矿、京能、索普、新安、奇美、昊源、潞安、旭阳、垦利、逸盛、海科、酒钢、金发等几百家石化、化工、选煤、钢铁、电厂企业。    安然以客户为中心，以强者为本，抬头乐干，愿意与同道中人联合、链接，携手共建、共用、共享生产安全命运共同体，一起干，一起干，让优秀企业更安全，让优秀企业更高效！,7月18日,基于精准人员定位的工业安全生产信息化管理专家，安全生产信息化管理引领者！作为全国实时定位技术标准工作组成员和应急管理部“工业互联网+危化安全生产”人员定位系统技术支持机构，安然从2012年起致力于基于ZigBee Plus三维立体按需精准定位的“工业互联网+安全生产”的研究，获得了20多项安全智能管控系统发明专利和著作权，持续引领中国化工行业生产现场智慧安全！安然以“准、稳、狠”的ZigBee Plus三维立体按需精准人员定位统和“底数清、数据准、情况明、研判准、措施实”的安全生产信息化平台为核心，整合访客管理、出入口控制、人脸识别、视频监控、语音广播、重大危险源监控、可燃有毒气体监测等系统，对生产现场人、机、料、法、环五大要素进行实时、动态、智能管控和预警，规范人的安全行为，保障人的生命安全，有效防范风险、主动化解风险，实现智慧安全。安然“以用为本”，把安全生产信息化建设与公司管理体系“深度融合”，把安全生产信息化建设与日常工作“紧密结合”，对安全生产切实“有用、实用、好用”，避免建用“两张皮”，让安全管控更智能，让生产更高效才实用。迄今已服务中石化、中石油、延长石油、国能、兖矿、京能、索普、新安、奇美、昊源、潞安、旭阳、垦利、逸盛、海科、酒钢、金发等几百家石化、化工、选煤、钢铁、电厂企业。安然以客户为中心，以强者为本，抬头乐干，愿意与同道中人联合、链接，携手共建、共用、共享生产安全命运共同体，一起干，一起干，让优秀企业更安全，让优秀企业更高效！,"https://www.zhaopin.com/jobdetail/CC559764920J40675821804.htm?refcode=4019&srccode=401901&preactionid=a7c1140f-c46c-45e5-b867-ab342d8bdc77"
1688,软件测试,武汉-洪山区,4000-6000元·14薪,武汉艾泽利科技有限公司,电子商务,20-99人,,CCL1438142010J40513944614,注:武汉本地线下面试，外地求职者意向武汉发展，能参加线下面试可以投递!岗位职责: 1.测试策划:在指导下，参加项目业务分析与整理， 参与测试需求沟通与分析; 2.测试设计与实现:在指导下，编写测试用例、设计 测试数据及开发测试脚本; 3.测试总结:在指导下，协助编写软件测试报告。  岗位要求:   1、统招大专及以上学历(学信网可查)，理工科相关专业，20-25岁;   2、听从安排，做好本职工作，有上进心;   3、打算长期在IT行业发展的;   4、懂得基本的办公软件;福利待遇:   1、签订正式劳动合同，享受国家规定的保险福利待遇;   2、五险一金、周末双休、年底分红;   3、定期旅游，超长年假;   4、良好的晋升机制，广阔的晋升空间;   5、5天8小时工作制，周末双休;   ,6月30日,,"https://www.zhaopin.com/jobdetail/CCL1438142010J40513944614.htm?refcode=4019&srccode=401901&preactionid=a7c1140f-c46c-45e5-b867-ab342d8bdc77"
1689,科研人员,北京-海淀区,300-400元/天,北京神导科技股份有限公司,"仪器仪表制造,电子/半导体/集成电路,仪器仪表制造,计算机软件",100-299人,未融资,CC145839720J40760466815,岗位职责： 1、协助工程师按设计要求完成基本功能的开发； 2、提供科研支撑，独立查阅相关的文献和资料，并能够通过分析获取有价值的信息； 3、在他人指导下完成与科研项目有关的技术文档等相关资料的撰写工作； 4、科研试验相关工作。 任职要求： 1、硕士及以上学历，985/211硕士在校生优先，2025届应届生优先； 2、通信、测绘、卫导、电子、导航制导与控制、自动化、计算机等相关专业优先； 3、实习时间可保证每周4-5天，持续3个月及以上； 4、具备较强的创新思维及学习能力和优秀的沟通能力，对研发工作有强烈的兴趣； 5、有认真细致的工作态度、有强烈的事业心、责任心和积极的工作作风； 6. 有导航产品研发/实习经历者优先，尽快到岗者优先。 周一至周五9点 - 6点出勤，六日双休。 实习期表现优异者，可无试用期留用！ 联系电话：************-8081毛女士 简历投递邮箱：**************** 简历命名：姓名+学校+年级+可实习月数+周出勤天数 例如：张三+北理工+研二+3个月+4天,10月28日,北京神导科技股份有限公司成立于2004年，位于北京市海淀区中关村翠湖科技园区，2019年完成股份制改造，注册资本3750万股。公司专业从事军用惯性导航、卫星导航及通讯技术产品的研发、生产和销售，是国家级高新技术企业、瞪羚企业、国家专精特新小巨人企业。公司重视人才队伍建设，拥有业界权威的专家组成员及多位行业内专家为核心的研制队伍，产品覆盖陆海空等多领域的多个车载、机载、弹载型号项目。,"https://www.zhaopin.com/jobdetail/CC145839720J40760466815.htm?refcode=4019&srccode=401901&preactionid=a7c1140f-c46c-45e5-b867-ab342d8bdc77"
1690,Java,深圳-龙岗区,1.5-2.5万·14薪,科锐尔人力资源服务(苏州)有限公司,咨询服务,1000-9999人,已上市,CC453635220J40789696503,1、负责it系统设计、核心开发与交付及运维，构建软件工程能力。 2、主导或参与需求分析、系统设计等。 3、主导或参与系统核心模块的技术竞争力构建，跟踪分析业界发展趋势并完成竞争力分析。 4、负责相关子系统及业务流程的优化，研发过程持续改进 1、JAVA基础扎实，充分理解面向对象，熟悉io、nio、多线程、设计模式、通信协议等基础技术；熟悉JVM 工作原理并掌握常见性能调优方法； 2、熟悉Spring、Springmvc、Mybatis、Hibernate等常用开发框架及特征，熟悉常用中间件Tomcat、Mq、Kafka等； 3、熟悉单元 测试用例 开发；熟悉软件技术 文档 的编写；,5月15日,"科锐国际人力资源有限公司成立于1996年，总部位于北京。作为亚洲领先的整体人才解决方案服务商，科锐国际在中国大陆、香港、印度、新加坡等亚洲地区拥有超过79家分支机构，1,500余名专业招聘顾问，在超过18个行业及领域为客户提供中高端猎头、招聘流程外包、灵活用工、营销外包、校园招聘、培训、招聘咨询等解决方案。截至目前，科锐已与2,000余家跨国集团、国内上市公司、快速成长性企业及非盈利组织建立长期合作关系。其中70%为外资500强企业。","https://www.zhaopin.com/jobdetail/CC453635220J40789696503.htm?refcode=4019&srccode=401901&preactionid=a7c1140f-c46c-45e5-b867-ab342d8bdc77"
1691,技术支持工程师,宜昌-西陵区,8000-16000元,青岛安然物联网科技有限公司,"物联网,物联网",20-99人,未融资,CC559764920J40799250504,需要弱电技术、自动化、安防系统、工业互联网+危化安全生产、物联网人才，不要纯软件人才。  你能经常到全国各地出差吗？你能到化工生产现场做技术支持吗？     真正的奋斗者在安然会有让人值得为之奋斗的事业，会有充实、高效的成长，会有高人一等的收入。,7月25日,基于精准人员定位的工业安全生产信息化管理专家，安全生产信息化管理引领者！作为全国实时定位技术标准工作组成员和应急管理部“工业互联网+危化安全生产”人员定位系统技术支持机构，安然从2012年起致力于基于ZigBee Plus三维立体按需精准定位的“工业互联网+安全生产”的研究，获得了20多项安全智能管控系统发明专利和著作权，持续引领中国化工行业生产现场智慧安全！安然以“准、稳、狠”的ZigBee Plus三维立体按需精准人员定位统和“底数清、数据准、情况明、研判准、措施实”的安全生产信息化平台为核心，整合访客管理、出入口控制、人脸识别、视频监控、语音广播、重大危险源监控、可燃有毒气体监测等系统，对生产现场人、机、料、法、环五大要素进行实时、动态、智能管控和预警，规范人的安全行为，保障人的生命安全，有效防范风险、主动化解风险，实现智慧安全。安然“以用为本”，把安全生产信息化建设与公司管理体系“深度融合”，把安全生产信息化建设与日常工作“紧密结合”，对安全生产切实“有用、实用、好用”，避免建用“两张皮”，让安全管控更智能，让生产更高效才实用。迄今已服务中石化、中石油、延长石油、国能、兖矿、京能、索普、新安、奇美、昊源、潞安、旭阳、垦利、逸盛、海科、酒钢、金发等几百家石化、化工、选煤、钢铁、电厂企业。安然以客户为中心，以强者为本，抬头乐干，愿意与同道中人联合、链接，携手共建、共用、共享生产安全命运共同体，一起干，一起干，让优秀企业更安全，让优秀企业更高效！,"https://www.zhaopin.com/jobdetail/CC559764920J40799250504.htm?refcode=4019&srccode=401901&preactionid=a7c1140f-c46c-45e5-b867-ab342d8bdc77"
1692,Java,武汉-洪山区,1.5-3万·15薪,外企德科数字技术有限公司,专业技术服务,10000人以上,,CCL1480117890J40625455105,岗位内容： 1. 负责Java应用程序的设计与开发，包括需求分析、系统设计、编码和测试等环节。 2. 研究新技术，不断提升开发效率和程序性能。 3. 改进现有系统、优化系统资源，提高系统稳定性和可靠性。 4. 参与团队内部培训、交流与分享会议，促进整个团队技术水平的提升。 任职要求： 1. 熟悉Java语言，熟练掌握Spring框架及相关开源技术。 2. 具备扎实的计算机基础，熟悉数据结构、算法和网络编程等知识点。 3. 具备初步的Web开发经验，熟悉HTML、CSS、JavaScript等前端技术。 4. 具有较强的自学能力、问题解决能力和团队协作能力。,2025-07-27 00:23:23,外企德科数字技术有限公司是一家2023年新成立的中外合资企业。成立于2023年11月24日，公司定位：专注于为信息技术企业提供人才及数字技术外包解决方案的中外合资企业。它是由中国人力资源服务行业的FESCO（北京国际人力资本集团）与全球人力资源服务领导者The Adecco Group（德科集团）合资成立的。公司主要提供网络技术服务、软件外包服务、计算机系统服务、技术进出口、软件开发等信息技术相关服务。专注于为信息技术企业提供信息技术类人才及数字技术外包解决方案。,"https://www.zhaopin.com/jobdetail/CCL1480117890J40625455105.htm?refcode=4019&srccode=401901&preactionid=a7c1140f-c46c-45e5-b867-ab342d8bdc77"
1693,科研人员,广州-增城区,2.1-2.5万,广东水电二局集团有限公司,工程施工,1000-9999人,,CCL1485930890J40737664910,工作内容： 新能源与算力融合创新发展博士后研究员将负责进行新能源与算力的融合研究，旨在促进能源数字化发展。将开展以下方向的研究： 一、研究新能源行业发展动态，探索新能源与云计算、大数据分析融合发展方式，提高新能源的产业转化、运维管理效率。 二、推动公司“智慧能源”系统建设与应用推广。 主要职责： - 进行新能源与算力融合领域的研究，撰写研究报告。 - 参与重要科研项目，承担项目任务。 - 协助开展研究工作，并定期汇报工作进展。 - 遵守公司规章制度，认真对待研究工作。 职位要求： - 不限工作经验，年龄在40岁以下； - 博士研究生学历，新能源或计算机专业背景，具备较强的数据分析能力； - 熟悉新能源领域和算力领域的研究方向，了解最新的研究成果； - 具有扎实的计算机基础，具备较强的创新能力； - 良好的团队合作能力，较强的沟通能力； - 具有科研机构或高校背景，优先考虑。,2025年07月29日,,"https://www.zhaopin.com/jobdetail/CCL1485930890J40737664910.htm?refcode=4019&srccode=401901&preactionid=a7c1140f-c46c-45e5-b867-ab342d8bdc77"
1694,科研人员,扬州-邗江区,6000-12000元,国汽轻量化(江苏)汽车技术有限公司,汽车研发/制造,100-299人,未融资,CCL1390580070J40521606004,产业研究：  开展收集和整理汽车行业或区域性汽车轻量化技术、资本、市场等产业需求，制定产业需求地图；制定轻量化技术路线图和关键技术、新技术等。,7月9日,公司介绍 2022年2月，由中国汽车工程学会牵头，与扬州市政府合作，以产业需求为牵引，与一汽、东风、奇瑞、长安、吉利、上汽、北汽、长城等汽车主机厂共同出资，联合成立：国汽轻量化(江苏)汽车技术有限公司，注册资金1亿元。公司坐落在美丽的扬州。公司建设情况： 1、经一年多的建设，公司目前人员近百人，学历本科起步，硕、博学历占比约50%，未来3年将形成300人左右的高技术研发团队。 2、办公、研发中心位于智谷科技综合体G栋17/18楼，占地面积2400平米；试验中心位于扬州市中小企业创业园，建筑面积近7000平米，总投资1.6亿元，2023年投入使用，将成为轻量化领域权威的独立第三方认证机构；试制中心场地位于扬州市轻量化产业园区，计划总投资约2.13亿，一期建设形成多功能成形试制平台、多材料综合连接柔性试制平台、高性能模具试制平台，建设成为轻量化领域最专业、最全面的定制化综合试制平台。 3、公司聚焦汽车轻量化相关的新技术新产品，构建“研发创新+中小批量试制+成果转化”创新机制，建设汽车轻量化中试基地，将打造成为国际知名、国内最权威的汽车轻量化领域新型研发机构。,"https://www.zhaopin.com/jobdetail/CCL1390580070J40521606004.htm?refcode=4019&srccode=401901&preactionid=a7c1140f-c46c-45e5-b867-ab342d8bdc77"
1695,科研人员,佛山-禅城区,2-3万,有研(广东)新材料技术研究院,"学术/科研,科学技术推广",100-299人,不需要融资,CCL1352371180J40770966303,研究方向：硫化物/卤化物全固态电池,6月23日,有研（广东）新材料技术研究院（简称有研广东院），于2021年6月30日注册成立，是由有研集团、广东省科学技术厅、佛山市人民政府、禅城区人民政府四方协议共建的广东省省属登记类事业单位，由有研集团按照企业运营模式管理，是集技术研发、公共服务、产业孵化为一体的新型研发机构，也是有研集团十四五发展“开新局、谋新篇”的重大战略举措。有研广东院专注于新能源材料和技术（包括固态电池、燃料电池、氢能技术、动力电池检测服务等方向）、先进电子材料和技术（包括新一代传感材料、电磁兼容技术、集成电路关键配套材料等方向）、结构/功能一体化材料和技术等三大主领域，建成近2万平方米的研发和工程化基地，力争成为有色金属新材料领域科技创新发展及产业培育的重要基地、新材料产业公共技术服务与国家战略保障的重要平台、行业高端人才培养与输送的重要高地。人才培养：有研广东院高度重视人才建设和培养工作，依托有研集团博士后工作站设立有研广东院博士后创新实践基地，依托有研集团研究生院开展博士、硕士研究生招生培养工作。另外，依托有研集团可自主开展工程序列职称评审工作，为打造高水平人才培养体系、充分发挥人才资源优势提供强有力的保障。我们的目标：有研广东院定位于新材料前沿领域技术创新和科技成果转化孵化，立足国家战略和市场需求、积极参与粤港澳大湾区建设、大力促进央地携手合作共赢、深入贯彻集团创新引领高质量发展要求，争取形成一批原创科技成果，支撑一批地方战略新兴产业发展，培育孵化一批高新技术产业，打造具有较强影响力的新材料原始创新策源地。我们的优势：行业优势：依托单位为中央企业有研集团，是中国有色金属行业综合实力雄厚的研究开发和高新技术产业培育机构，为有研广东院快速发展提供有力保障。平台优势：有研广东院提倡文化多样性，鼓励创新，为人才提供广阔的发展平台，已设立“智能传感功能材料国家重点实验室广东分实验室”和“国家动力电池创新中心-有研广东院联合实验室”，已筹建近2万平方米的研发和工程化基地，为高质量发展打下有力的基础。区域优势：佛山地处珠江三角洲腹地，与广州共同构成“广佛都市圈”和粤港澳大湾区三大极点之一，是广东省第三个经济总量超万亿元的城市，也是珠三角地区西翼经贸中心。有研广东院坐落在佛山市禅城区张槎地铁站旁，交通便利，地铁直通广州南站。,"https://www.zhaopin.com/jobdetail/CCL1352371180J40770966303.htm?refcode=4019&srccode=401901&preactionid=a7c1140f-c46c-45e5-b867-ab342d8bdc77"
1696,前端开发,南京-雨花台区,5000-10000元,优玛软件,"计算机软件,互联网,IT服务,专业技术服务",500-999人,未融资,CC307634210J40781707002,,2025年07月29日,"南京优玛软件科技有限公司成立于2009年，位于南京市雨花台区软件谷内，是专业从事企事业信息管理、互联网应用、移动应用等领域产品、服务、解决方案的软件企业。公司以高科技产品的研发、技术服务作为自己主攻方向，是一个典型的软件开发公司和生产厂家。优玛坚持走自立创新、稳步发展之路，以创品牌为自己的基本策略，以产品自身的品质、先进的技术和良好的服务取信于用户。目前公司已经拥有20项软件著作权，4项软件产品,2项申报专利，每年以5-8项著作权个数增长。其中优玛大老板进销存Saas系统平台获得2010年南京市优秀产品、2011年高新技术产品。公司坚持创新、信赖、信心，注重观念创新、机制创新、管理创新、技术创新，推出具有自主知识产权的产品来满足市场和用户的需求，开发高质量的产品，帮助客户成长，与客户、员工和合作伙伴结成互动的联盟，维护共同利益，彼此忠诚相待，目前已获得CMMI三级、双软认证、系统集成三级、江苏企业信用贯标、江苏省民营科技企业、高新技术企业、ISO 9001:2008认证、江苏省重点软件企业等多项资质。公司注重人性化发展，有信心促进企业进步，承担社会责任，同时让员工获得幸福。公司营业额连续多年破亿，总人数近600人，2018年在北京成立了分公司。接下来优玛将继续加快前行的步伐，在软件行业深耕细作，以成为行业的领先者为我们的发展愿景。","https://www.zhaopin.com/jobdetail/CC307634210J40781707002.htm?refcode=4019&srccode=401901&preactionid=a7c1140f-c46c-45e5-b867-ab342d8bdc77"
1697,科研人员,厦门-集美区,2-3万,三达膜,"环保,电力/水利/热力/燃气",500-999人,已上市,CC633494920J40588329406,一、招聘方向： 聚焦膜技术与能源，研究方向包括膜技术与生物能源、能源存储系统优化等二、招聘要求：   1、年龄不超35周岁，毕业（出站）时间不超过2年。   2、符合以下条件之一：   （1）博士毕业于ARWU、QS、THU世界大学排名最新同时排名前100大学；   （2）博士毕业于ARWU、QS、THU世界大学排名最新同时排名前150大学，且所学专业在ARWU、QS、THU世界大学学科排名之一最新排名前30；   （3）毕业于上述高校和专业，且在上述高校或Nature Index最新排名前150的海外科研院所进行博士后研究。,7月22日,三达膜（股票代码：688101）是中国膜技术开发与应用领域的开拓者，早在20世纪90年代，就开始在中国从事过程工业先进膜分离应用工艺开发，将国外先进膜技术引入国内并进行大规模工业化应用。三达膜专注于膜材料研发、膜组件生产、膜软件开发、膜设备制造、膜系统集成和膜技术应用，掌握了先进无机非金属膜材料与高性能复合膜材料的研制方法，构建了一条涵盖“膜材料-膜组件-膜设备-膜软件-膜应用”的膜产业链，服务涵盖特种分离与水处理两大应用领域，为传统工业生产过程的升级改造提供清洁生产与绿色制造的手段与方法，为过程工业的分离纯化与污废水资源化提供基于膜技术应用的创新解决方案。公司致力于解决过程工业各行业客户的“提高产品质量、增加产品收率、降低生产成本、减少废弃物排放”四大诉求，是国内知名的集先进膜材料研发、特种分离膜技术应用、膜法水处理和水务投资运营为一体的科技创新型企业。三达膜主要业务涉及工业料液分离、产品分离纯化、废水资源化、饮用水安全保障等领域，应用于食品饮料、医药化工、生物发酵、冶金石化、水质净化、环境保护等多个行业，面向实体制造业、市政管理部门和终端净水家庭用户等，是国内知名的集先进膜材料研发、特种分离膜技术应用、膜法水处理和水务投资运营为一体的科技创新型企业。公司拥有博士后科研工作站和福建省膜分离工程技术研究中心，并且在全国多个县市通过BOT、TOT或委托运营方式在全国范围内多个地区投资和运营市政污水处理厂。公司拥有良好的成长平台、富有竞争力的薪资和完善的福利待遇，尊重知识、尊重人才，良好的沟通、浓烈的学习氛围，让您倍感工作的快乐，期待有志之士的加盟！★【集团员工福利】 1、5天八小时工作制； 2、补贴式的工作餐； 3、免费通勤车； 4、法定社保（五险）、住房公积金、补充商业险； 5、带薪年假、产假、陪产假、产检假、考试假、婚假、丧假、独生子女陪护假、育儿假等； 6、年度体检、年度旅游、中秋博饼、“三八”妇女节活动、年终表彰会； 7、考核式的绩效奖金； 8、其它：每周五下午1小时的运动时间，公司设有健身房、篮球场、羽毛球场、图书室；工会会发放结婚贺礼、生育贺礼、吊唁安抚等；公司内刊可以踊跃投稿。,"https://www.zhaopin.com/jobdetail/CC633494920J40588329406.htm?refcode=4019&srccode=401901&preactionid=a7c1140f-c46c-45e5-b867-ab342d8bdc77"
1698,实施工程师,苏州-太仓市,5000-8000元·13薪,江苏云幕智造科技有限公司,"工业自动化,工业自动化",20-99人,天使轮,CCL1343018850J40715366110,岗位职责： 1. 负责机器人项目现场的部署工作，包括设备安装、系统调试、网络配置等，确保项目按时交付并正常运行。 2. 与客户进行密切沟通，了解客户需求和期望，及时解决客户在项目实施过程中提出的问题和意见，提高客户满意度。 3. 制定项目部署计划和实施方案，合理安排资源，确保项目实施过程的顺利进行。 4. 对项目实施过程中的技术问题进行分析和解决，及时反馈给研发团队，为人形机器人的优化和升级提供依据。 5. 编写项目部署报告和用户使用手册，对项目实施过程和结果进行总结和记录，为后续项目提供参考。 任职要求： 6. 计算机科学与技术、通信工程、电子信息工程等相关专业，熟悉项目部署流程和方法，具备一定的项目管理知识。 7. 具备良好的沟通能力和客户服务意识，能够与客户进行有效的沟通和协调，解决客户问题。 8. 具备较强的问题解决能力和应变能力，能够在面对复杂的技术问题和突发情况时迅速做出决策，保障项目的顺利进行。 9. 具备良好的团队协作精神，能够与研发、测试、售后等团队进行有效的沟通和协作。,7月21日,江苏云幕智造科技有限公司成立于2020年5月，是一家致力于机器人设计、机器人服务与应用的高科技公司。核心团队来自西北工业大学和航天八院在西安、太仓、上海均设有运营和研发团队设计、研制四足腿式/轮腿结合式、双足类人、以及移动式单臂/双臂协作复合机器人等，并开发面向行业的物流、工业操作、巡检、安防、辅助与服务等应用，打造人机共融的工作与社会生活应用愿景。利用精确操控协同算法、机器视觉图像识别与运动估计，实现面向任务的智能空间操作算法，形成无人平台通用运动与操作系统，为工业4.0智能制造与行业应用提供核心能力保障。目前多款机器人产品已经定型、并且已经布局供应产业链，即将开始小批量产与行业业务应用。,"https://www.zhaopin.com/jobdetail/CCL1343018850J40715366110.htm?refcode=4019&srccode=401901&preactionid=a7c1140f-c46c-45e5-b867-ab342d8bdc77"
1699,技术支持工程师,三亚-崖州区,8000-15000元,三亚智数生物科技有限公司,医疗检测,20-99人,未融资,CCL1481380160J40911285504,岗位职责： 1. 对负责区域的销售进行时空单细胞产品的技术知 识培训和技术支持；  2. 与销售配合，跟进负责区域的时空单细胞意向，完 成区域的项目签订   3. 与负责区域内的客户进行技术交流，解答客户在产 品技术方面的问题；   4. 跟进时空单细胞项目的实验进展，对时空单细胞 数据分析结果进行解读。,7月5日,三亚智数生物科技有限公司（简称“智数生物”）由三亚崖州湾科技城管理局与全球领先的生命科学前沿机构华大共同注资成立，以种业CRO及生命大健康为主要业务方向，通过先进的技术为育种及生命科学研究、产业应用提供智能化解决方案。公司面向世界科技前沿及国家重大需求，依托“海南自贸港”优势，围绕华大在基因测序、时空组学、基因编辑、合成生物学等领域具有自主知识产权的先进技术、仪器，建设了包括以大数据挖掘动植物功能基因及智能分子育种为核心的种业CRO平台和前沿分子生物学技术与高性能计算在大健康领域的应用示范。,"https://www.zhaopin.com/jobdetail/CCL1481380160J40911285504.htm?refcode=4019&srccode=401901&preactionid=a7c1140f-c46c-45e5-b867-ab342d8bdc77"
1700,C/C++,上海-闵行区,8000-15000元,上海墨向机械科技有限公司,专用设备制造,20-99人,不需要融资,CCL1331098450J40757350110,"软件开发工程师 (.NET方向) ​岗位职责：​​ ​1、参与软件项目的设计、开发、测试与维护：​​ 负责基于业务需求，进行模块设计、编码实现、单元测试和Bug修复。 ​2、桌面应用开发：​​ 运用 ​WPF (Windows Presentation Foundation) ​​ 或 ​WinForms (Windows Forms) ​​ 技术进行用户友好、功能完善的桌面客户端应用程序开发。 ​3、数据库操作：​​ 熟练使用 ​MySQL​ 或其他关系型数据库进行数据库设计、SQL语句编写与优化、数据操作（增删改查）以及 ​数据库连接管理和性能调优。 ​4、网络通信开发：​​ 负责实现基于 ​HTTP/HTTPS​ 协议的网络通信功能，包括但不限于：​调用 Web API / Web Service、进行 ​RESTful​ 请求与响应处理、数据序列化/反序列化（如 JSON, XML）、错误处理及重连机制等。 5、​高质量代码交付：​​ 编写清晰、健壮、可维护、高性能的代码，严格遵守编码规范和版本控制流程（如 Git）。 ​6、需求沟通与分析：​​ 与团队成员（如产品经理、测试工程师）紧密沟通协作，理解和分析需求，确保开发成果符合预期。 ​7、技术文档编写：​​ 编写必要的开发文档、技术说明文档及 API 文档。 ​8、项目支持：​​ 根据项目需求和公司安排，能够接受出差安排，为客户提供现场技术支持、部署协助、问题排查或需求沟通等。 ​任职要求：​​ ​1、开发语言：​​ 熟练掌握 ​C#​​ 或 ​C++​​ 语言及其开发环境（如 Visual Studio）。深入理解面向对象编程思想。 ​2、桌面开发框架：​​ 拥有使用 ​WPF​ 或 ​WinForms​ 进行实际项目开发的项目经验。了解相关的数据绑定、UI布局、控件使用、MVVM模式（WPF）、异步编程等。 ​3、数据库技术：​​ ​熟练掌握 ​MySQL​ 或其他主流关系型数据库（如 SQL Server, PostgreSQL）的应用开发，能独立完成数据库操作任务。 ​4、网络编程：​​ ​熟悉​ HTTP协议及相关开发技术： - 熟练使用常用库（如 .NET 中的 HttpClient， C++中的 libcurl 或平台API）发起HTTP请求和处理响应。 - 理解状态码、Header、请求方法（GET, POST, PUT, DELETE）等概念。 - 掌握数据交换格式（如 JSON, XML）的解析与序列化。 ​5、开发工具与流程：​​ 熟悉代码版本控制工具（Git）以及任务跟踪系统（如 JIRA）的使用。具备基本的调试和问题排查能力。 ​6、职业素养：​​​ - 责任心：​​ 对交付的工作质量负责，有强烈的责任心和主动性，能保质保量按时完成任务。 ​- 沟通协作：​​ 具备良好的沟通能力和团队协作精神，能清晰表达技术观点，积极参与团队讨论和知识分享。 ​- 学习能力：​​ 具备良好的学习能力和钻研精神，能快速学习并应用新技术、新框架，适应项目需求变化。 ​- 解决问题：​​ 具备良好的分析问题和解决问题的能力。 ​7、出差意愿：​​ 能够理解并接受因项目需要产生的短期或周期性出差任务​，具备在客户现场独立或协同团队完成任务的能力。 ​加分项 ：​​ 1、了解多线程/异步编程技术。 2、了解其他数据库技术（如 SQLite, Redis）。 3、了解前端技术（HTML/CSS/JavaScript）或了解Web开发框架（如 ASP.NET MVC, ASP.NET Core）。 4、了解TCP/IP、Socket等更底层的网络编程。 5、了解软件设计模式。 6、有特定行业（如工业自动化、嵌入式、通信等）项目开发经验者优先。 公司简介 上海墨向机械科技有限公司是上海交通大学重点科技转化企业，科技成果来源于上海交大十余年基础研究和技术积累。 产品主要方向涉及：航空航天特种制造装备与工艺、制造过程在线测量与质量控制、数控装备智能检测装置与控制。 主要客户分布在航空航天及国防科技领域，如成飞、沈飞、商飞、7102厂、7103厂、149厂等。 公司技术团队核心力量源于上海交通大学，曾获得过国防科技卓越青年、国家万人计划领军人才等多项荣誉。 我们的宗旨是：开拓制造新疆域，用科技强国，让科技报国！ 薪资福利 1、提供个人绩效奖金、团队绩效奖金和年终奖。 2、通讯补贴、午餐补贴、差旅补贴每年一次的免费体检等共十几项福利。 3、依政府相关规定缴纳社会保险及住房公积金。 4、依政府相关规定享受公共假期和其他各类假期。 5、公司提供公派出国培训及学习机会。 6、优秀人才，可办理落户。 工作时间 工作日9：30-18：30、午休11：30-12：30、双休 工作地点 上海市闵行区剑川路888号15幢（直线距离上海交通大学闵行校区500米）",6月25日,公司简介上海墨向机械科技有限公司是上海交通大学重点科技转化企业，科技成果来源于上海交大十余年基础研究和技术积累。产品主要方向涉及：航空航天特种制造装备与工艺、制造过程在线测量与质量控制、数控装备智能检测装置与控制。主要客户分布在航空航天及国防科技领域，如成飞、沈飞、商飞、7102厂、7103厂、149厂等。公司技术团队核心力量源于上海交通大学，曾获得过国防科技卓越青年、国家万人计划领军人才等多项荣誉。我们的宗旨是：开拓制造新疆域，用科技强国，让科技报国！,"https://www.zhaopin.com/jobdetail/CCL1331098450J40757350110.htm?refcode=4019&srccode=401901&preactionid=a7c1140f-c46c-45e5-b867-ab342d8bdc77"
1701,实施工程师,沈阳-和平区,4000-8000元,沈阳市振凯科技有限公司,"IT服务,计算机软件",20-99人,未融资,CCL1390099550J40606789103,"岗位内容： 1. 提供技术支持和解决客户的问题 2. 将记录问题和解决方案文档化，并向其他团队成员传达信息以提高整体水平。 3. 处理复杂和技术性问题，协调相关部门跟进并做好回访工作。 4. 不断学习与更新产品及技术知识，积极参与培训及交流会议。 任职资格： 专科及以上学历,29周岁以下 较强的学习能力，初期有资深工程师带队（接受应届生）； 对工作开展提出合理意见； 具有较强的逻辑思维力、创造力；",7月25日,沈阳市振凯科技有限公司是国内大型第三方移动通信无线网络优化和大数据挖掘服务供应商之一，专注于移动通信无线网络优化和电信大数据的挖掘与应用，致力于成为国内顶级、国际知名的通信技术服务领导企业。获得华为、中兴等国内知名设备厂商的合作资质。爱立信供应商、中兴通讯战略合作伙伴、华为中国区工程服务主要合作伙伴，多次获得爱立信、中兴、华为、江苏移动等服务供应商大奖。其专注于移动通信网络优化技术服务和产品开发，对GSM、CDMA、WCDMA、TD-SCDMA、WLAN、HSPA、LTE等各种技术专业领域有深入持续的跟踪和研究，拥有一大批高素质、经验丰富的网优专家人才，能够为客户提供涵盖网络优化、网络工程维护的综合性服务。振凯科技已建立领先的技术优势，具备全国性的服务能力，能够结合不同电信设备厂商、电信运营商的通信网络技术特点提供综合性的网络优化服务。,"https://www.zhaopin.com/jobdetail/CCL1390099550J40606789103.htm?refcode=4019&srccode=401901&preactionid=a7c1140f-c46c-45e5-b867-ab342d8bdc77"
1702,硬件测试,深圳-龙华区,1-1.7万,软通动力信息技术(集团)股份有限公司,"互联网,IT服务,计算机软件",10000人以上,D轮及以上,CC000544460J40730697316,岗位职责： 协助客户进行电路、光路问题定位；了解光通信、光电检测的基本原理，对激光器、光放大器、PD等光电器件有基本了解  要求：熟悉使用矢量网络分析仪，频谱仪，示波器，信号源等设备，对s参数，频谱，相位噪声，杂散等指标由深刻理解，焊接能力强能够独立完成电路问题分析。,7月9日,软通动力信息技术（集团）股份有限公司（以下简称“软通动力”）是中国数字技术产品和服务创新领导企业，致力于成为一家具有全球影响力的科技企业，企业数字化转型可信赖合作伙伴。公司2005年成立于北京，多年来始终坚持科技创新，具有软硬全栈的智能技术产品和服务能力，提供软件与数字技术服务、计算产品与数字基础设施、数字能源与智算服务以及国际化服务。目前，公司在10余个重要行业服务超过1100家国内外客户，其中超过230家客户为世界500强或中国500强企业，员工近90000人。软通动力拥有软通咨询、软通金科、软通工业互联、机械革命、软通华方等业务子品牌，并在全球40余个城市布局业务，构建北美、日本、东南亚、中东四大国际交付中心，在北京城市副中心、江苏无锡建设两大智能制造基地。同时，公司前瞻布局智能制造、ICT软硬基础能力和生产力智能化产品，打造产业链闭环。软通动力设立30个能力中心，拥有1个国家级工程实验室，6个省市政府认定的工程、技术实验室及研发中心，1个博士后科研工作站，50+技术合作伙伴的生态合作体系，不断探索前沿技术的巨大商业应用潜力。公司旗下教育品牌软通教育，拥有一家全日制本科学院——郑州西亚斯学院数字技术产业学院；同时在全国合作院校600多所，设有70多个校企联合人才培养基地，通过校企合作、协同育人，为社会培养高素质应用型人才。软通动力先后获得“2023年中国IT服务市场排名TOP 1”、“2024年Q4 PC出货量国内市场份额排名TOP 2”、“2024年中国软件和信息技术服务竞争力百强企业”、“2023年中国信创企业100强”、“2024万得ESG评级（Wind ESG Rating）AA级及信息技术服务行业ESG综合得分排名第一”等荣誉及市场认可，并拥有全球软件工程领域最高级别CMMI V2.0成熟度5级评估认证、国家研发运营一体化（DevOps）三级能力成熟度模型认证、信息技术服务标准（ITSS）运维能力成熟度一级认证等专业资质，支撑公司更优质的服务体系。,"https://www.zhaopin.com/jobdetail/CC000544460J40730697316.htm?refcode=4019&srccode=401901&preactionid=a7c1140f-c46c-45e5-b867-ab342d8bdc77"
1703,技术支持工程师,哈尔滨-平房区,4000-6000元,哈尔滨沧海科技有限公司,"通信/网络设备,IT服务,互联网,计算机硬件",20-99人,未融资,CC271820420J40407517612,岗位职责∶1、负责无线网络设备，交换路由等数通设备，防火墙流控等网络安全设备，以及物联网设备的安装调试、售后服务、巡检排障。 任职要求∶ 1、熟悉并掌握网络及网络安全的基础知识、技术原理、功能配置、排错运维 2、了解服务器、操作系统、存储设备、虚拟化产品的日常使用。 3、有网络工程师或网络安全工程师认证证书者优先。有大型网络项目独立实施经验优先。 4、本科及以上学历，计算机相关专业毕业；1-3年相关工作经验，可接受优秀应届毕业生。 5、善于沟通，良好的理解能力和语言表达能力，有团队合作精神，熟悉项目管理文档的管理和编写；优秀的学习能力和独立思考问题能力，有自我钻研的精神。   职位福利：绩效奖金、全勤奖、节日福利、带薪年假   ,3月22日,沧海科技有限公司(以下简称沧海科技)成立于2004年，成立之初专注于无线传输、无线覆盖、无线监控，致力于以无线为核心的全行业解决方案，2019年开始扩大经营范围，加速公司发展，深入研究物联网解决方案，与网络安全解决方案。至今已具备以（无线、安全、物联网）为核心的全行业解决方案设计能力，同时具备方案落地的实施资质与能力，客户遍布于:政府、企业、教育、金融、能源、泛商业等各行各业。公司成立以来，先后在沈阳、哈尔滨、长春成立了公司。沧海科技通过不断积累，已经拥有了丰富的技术经验，打造了一支高素质、专业化的核心团队。沧海科技将与广大客户一起携手共进，以专业、创新、双赢、发展、为理念，用心服务于信赖沧海的每一位客户。,"https://www.zhaopin.com/jobdetail/CC271820420J40407517612.htm?refcode=4019&srccode=401901&preactionid=a7c1140f-c46c-45e5-b867-ab342d8bdc77"
1704,技术支持工程师,苏州-工业园区,7000-11000元,苏州蓝博控制技术有限公司,仪器仪表制造,100-299人,未融资,CC457535420J40372998815,岗位职责： 1、识别客户的技术需求，并提供技术方案及推荐产品； 2、把客户的技术要求转换为技术输入规范，作为开发、测试的重要依据； 3、识别整理客户的技术变更，实时更新产品技术规范； 4、有效衔接客户研发与内部研发的信息沟通。 任职要求： 1、本科及以上学历，理工科专业； 2、有工程机械/农业机械/汽车行业类似工作经历优先考虑； 3、接受出差，善于沟通交流。     职位福利：五险一金、绩效奖金、全勤奖、交通补助、餐补、带薪年假、定期体检、员工旅游 ,3月3日,苏州蓝博控制技术有限公司是国内知名的非道路车辆仪表与控制系统供应商，公司技术团队占总人数60%，专注于农业机械、工程机械、乘用车仪表、控制及系统集成的研发和应用，拥有独立技术研发中心和制造基地。经过二十多年的专业深耕，公司在系统创新、软件创新、硬件创新上颇有建树，自主研发出基于Linux深度优化的跨平台车载液晶仪表系统、可编程控制器、图形化编程平台等，为客户提供标准和定制化的解决方案，与行业龙头企业徐工集团、潍柴雷沃重工、柳工集团、中国一拖等建立了良好的合作关系。公司注重高新技术的研发和应用，获得多项授权发明专利、实用新型专利、软件著作权，具有强大的科技创新实力。在质量管理方面，为搭建行业一流的全过程产品研发平台，公司通过了IATF16949:2016、ISO9001:2015质量管理体系认证和GB/T29490-2013知识产权管理体系认证，建立起一套完善的企业管理体系。公司先进的研发和产品质量管理也获得徐工集团金牌供应商、徐工BIQS优秀推进奖、潍柴雷沃科技创新奖、萨丁重工优秀供应商等客户颁发的多项荣誉和认可。公司获评江苏省车载显示与控制系统工程技术研究中心、苏州市企业技术中心、苏州园区第一批专精特新小巨人企业、江苏省瞪羚企业。公司核心技术成员入选苏州园区第八届科技领军人才、姑苏高技术重点人才、姑苏重点产业紧缺人才计划、苏州园区高技能领军人才、苏州园区高层次和紧缺人才等。公司依托在业内的优势地位，以及卓越的技术和人才平台，瞄准本领域尖端科技，获取新的知识产权，不断研发出性能优越的车载显示与控制系统。,"https://www.zhaopin.com/jobdetail/CC457535420J40372998815.htm?refcode=4019&srccode=401901&preactionid=a7c1140f-c46c-45e5-b867-ab342d8bdc77"
1705,C/C++,长沙-岳麓区,1-1.3万·14薪,同有科技,"计算机硬件,IT服务,计算机硬件,计算机软件",300-499人,已上市,CC000607090J40782813215,岗位职责： 1、学习与研究存储系统与linux内核相关技术； 2、参与存储产品特性的开发与优化； 3、支持与协同相关部门业务。 岗位要求： 1、硕士及以上学历，计算机相关专业； 2、熟悉Linux平台C++或者C语言的开发，熟悉linux内核开发； 3、具备扎实的计算机专业基础知识，包括操作系统、数据结构、计算机网络等；良好的学习能力，逻辑分析能力和解决问题的能力。,3月26日,一、公司介绍 www.toyou.com.cn同有科技1988年诞生于北京理工大学，是国内最早成立和上市的专业存储厂商，深耕存储30余年，2012年成功登陆A股市场（股票代码:300302），目前仍然是中国存储行业唯一上市企业。作为从芯到系统的全产业链专业存储厂商和中国存储第一股，同有科技紧跟世界最前沿技术，秉承应用定义存储、全链智能融合的技术发展理念，聚焦“闪存、云计算、自主可控”三大产业方向，坚持以技术和资本双轮驱动，构建从芯片、部件到系统的存储全产业链，为全球用户提供智能、敏捷、高效的存储系统和解决方案。湖南同有飞骥科技有限公司为北京同有科技旗下全资子公司，为进一步增强核心竞争力，为未来跨越式发展奠定基础，同有科技将投资10亿人民币，在长沙高新区建设占地58亩的存储产业园，涵盖软硬件研发、生态适配、大规模存储系统及SSD智能制造和存储产业孵化四大功能。二、发展历程 1988年，成立于北京理工大学 2001年，推出中国首个存储品牌NetStor® 2007年，创建数据安全基础架构 2010年，开启自主可控之路 2012年，登陆A股市场 2014年，中标国产化试点工程“NF一期” 2017年，布局存储产业链 2018年，发布业界首款商用级自主可控存储产品 2019年，打造存储生态圈 2020年，完成存储产业链布局 2021年，长沙存储产业园建设正式动工&中标特殊行业最大单一自主可控全闪存存储项目——1.2亿 2022年，斩获上亿级标杆项目&成立成都研发中心 2023年，长沙存储产业园项目主体竣工&湖南同有被评为“国家先进制造业集群重点项目单位” 2024年，同有科技长沙存储产业园正式投入使用,"https://www.zhaopin.com/jobdetail/CC000607090J40782813215.htm?refcode=4019&srccode=401901&preactionid=a7c1140f-c46c-45e5-b867-ab342d8bdc77"
1706,C/C++,济南-历下区,1-2万,浪潮集团,"IT服务,计算机软件,计算机硬件",10000人以上,,CC120143600J40820323415,岗位职责：,3月12日,浪潮集团是中国领先的云计算、大数据服务商，拥有三家上市公司。主要业务涉及计算装备、软件、云计算服务、新一代通信、大数据及若干应用场景。作为中国最早的IT品牌之一，浪潮致力于成为世界一流的新一代信息技术龙头企业经济社会数字化转型的优秀服务商，新型基础设施建设的骨干企业。,"https://www.zhaopin.com/jobdetail/CC120143600J40820323415.htm?refcode=4019&srccode=401901&preactionid=a7c1140f-c46c-45e5-b867-ab342d8bdc77"
1707,技术支持工程师,柳州-城中区,8000-16000元,青岛安然物联网科技有限公司,"物联网,物联网",20-99人,未融资,CC559764920J40884194304,岗位职责： 1. 负责石化、化工厂人员定位系统的现场实施、现场交付和技术赋能等工作。 2. 对接客户需求，进行需求调研，制定详细的施工方案和计划。 3. 确保项目按照既定的时间节点和质量要求完成交付。 4. 对已交付的项目进行后期技术支持与维护。 岗位要求： 1. 年龄在25-35岁之间。 2. 能够适应经常出差的工作要求。 3. 熟悉信息化、弱电及工业互联网相关技术。 4. 具备良好的沟通协调能力和问题解决能力。,7月24日,基于精准人员定位的工业安全生产信息化管理专家，安全生产信息化管理引领者！作为全国实时定位技术标准工作组成员和应急管理部“工业互联网+危化安全生产”人员定位系统技术支持机构，安然从2012年起致力于基于ZigBee Plus三维立体按需精准定位的“工业互联网+安全生产”的研究，获得了20多项安全智能管控系统发明专利和著作权，持续引领中国化工行业生产现场智慧安全！安然以“准、稳、狠”的ZigBee Plus三维立体按需精准人员定位统和“底数清、数据准、情况明、研判准、措施实”的安全生产信息化平台为核心，整合访客管理、出入口控制、人脸识别、视频监控、语音广播、重大危险源监控、可燃有毒气体监测等系统，对生产现场人、机、料、法、环五大要素进行实时、动态、智能管控和预警，规范人的安全行为，保障人的生命安全，有效防范风险、主动化解风险，实现智慧安全。安然“以用为本”，把安全生产信息化建设与公司管理体系“深度融合”，把安全生产信息化建设与日常工作“紧密结合”，对安全生产切实“有用、实用、好用”，避免建用“两张皮”，让安全管控更智能，让生产更高效才实用。迄今已服务中石化、中石油、延长石油、国能、兖矿、京能、索普、新安、奇美、昊源、潞安、旭阳、垦利、逸盛、海科、酒钢、金发等几百家石化、化工、选煤、钢铁、电厂企业。安然以客户为中心，以强者为本，抬头乐干，愿意与同道中人联合、链接，携手共建、共用、共享生产安全命运共同体，一起干，一起干，让优秀企业更安全，让优秀企业更高效！,"https://www.zhaopin.com/jobdetail/CC559764920J40884194304.htm?refcode=4019&srccode=401901&preactionid=a7c1140f-c46c-45e5-b867-ab342d8bdc77"
1708,科研人员,济南-历下区,2.5-5万·20薪,浪潮集团,"IT服务,计算机软件,计算机硬件",10000人以上,,CC120143600J40822549815,岗位内容： 1. 承担科研项目的研究任务，按时保质完成各项科研任务和项目目标。 2. 建立和维护良好的内外部合作关系，提高项目的知名度和影响力。 3. 配合团队其他成员完成项目申报、审核、验收及汇报等相关工作。 任职要求： 1. 博士及以上学历 2. 熟悉主流的科研方法和技能，具有较强的项目组织和管理能力。 3. 具备较高的学习能力和创新能力，善于发现问题和解决问题，具有团队协作精神。,4月1日,浪潮集团是中国领先的云计算、大数据服务商，拥有三家上市公司。主要业务涉及计算装备、软件、云计算服务、新一代通信、大数据及若干应用场景。作为中国最早的IT品牌之一，浪潮致力于成为世界一流的新一代信息技术龙头企业经济社会数字化转型的优秀服务商，新型基础设施建设的骨干企业。,"https://www.zhaopin.com/jobdetail/CC120143600J40822549815.htm?refcode=4019&srccode=401901&preactionid=a7c1140f-c46c-45e5-b867-ab342d8bdc77"
1709,科研人员,济南-历下区,8000-15000元,山东大学,培训/辅导服务,10000人以上,未融资,CC132032740J40656302916,为提升学院平台系统开发整合能力和技术服务支撑能力，建设一支专聘技术研发队伍，根据学院事业发展规划，现招聘非事业编制科研人员10名，具体如下： 一、基本条件 1.拥护党和国家的各项路线方针政策，遵纪守法，未受过任何纪律处分。 2.身心健康，热爱高等教育事业，遵守职业道德，工作踏实认真、积极主动，服从工作安排，责任心强，具有团队合作和奉献精神。 3.具有硕士研究生及以上学历学位，或本科具备丰富的软硬件研发经验。 4.具有较好的文字功底、较强的沟通协调能力和执行能力，能熟练应用办公软件。 5.熟悉ARM、DSP、FPGA等常用单片机，熟悉C语言；熟悉Keil、Altium Designer等常用嵌入式开发工具。有变流器，逆变器等电力电子设备研发经验者优先。  6.熟悉Linux系统，熟悉Python开发或UI设计研发经验者优先。,6月16日,山东大学是一所历史悠久、学科齐全、学术实力雄厚、办学特色鲜明，在国内外具有重要影响的教育部直属重点综合性大学，是国家“211工程”和“985工程”重点建设的高水平大学之一。,"https://www.zhaopin.com/jobdetail/CC132032740J40656302916.htm?refcode=4019&srccode=401901&preactionid=a7c1140f-c46c-45e5-b867-ab342d8bdc77"
1710,前端开发,西安-雁塔区,1.5-3万,外企德科数字技术有限公司,专业技术服务,10000人以上,,CCL1480117890J40792633805,1. 信息系统/计算机/通讯等相关专业优先，能力优秀者可放宽，无经验22年优秀应届生亦可培养；   2.精通HTML/CSS/JS/H5等Web前端开发技术中的一种或多种软件语言；,2025-07-27 00:25:56,外企德科数字技术有限公司是一家2023年新成立的中外合资企业。成立于2023年11月24日，公司定位：专注于为信息技术企业提供人才及数字技术外包解决方案的中外合资企业。它是由中国人力资源服务行业的FESCO（北京国际人力资本集团）与全球人力资源服务领导者The Adecco Group（德科集团）合资成立的。公司主要提供网络技术服务、软件外包服务、计算机系统服务、技术进出口、软件开发等信息技术相关服务。专注于为信息技术企业提供信息技术类人才及数字技术外包解决方案。,"https://www.zhaopin.com/jobdetail/CCL1480117890J40792633805.htm?refcode=4019&srccode=401901&preactionid=a7c1140f-c46c-45e5-b867-ab342d8bdc77"
1711,软件测试,重庆-渝北区,7000-10000元,重庆科满福人力资源服务有限公司,企业服务,20-99人,,CCL1487604860J40918988304,【岗位职责】： 1、软件测试岗位职责  2、接受测试任务，进行需求分析 3、按照测试计划搭建测试环境，并保证测试环境的可靠性 4、按照测试计划编亏测试用例，保证测试用例合理有效 5、按照测试用例执行测试，及时发现缺陷，并使用工具进行管理缺陷 6、编写和提交测试报告，保证测试进度按计划完成 7、参与审核其他测试工程师的测试用例和报告 8、学习公司已有方案和推广使用新的测试技术和工具,6月28日,,"https://www.zhaopin.com/jobdetail/CCL1487604860J40918988304.htm?refcode=4019&srccode=401901&preactionid=a7c1140f-c46c-45e5-b867-ab342d8bdc77"
1712,软件测试,济南-历城区,6000-7000元·13薪,山东晔翀大数据科技有限公司,计算机软件,20-99人,,CCL1501465650J40757080009,岗位内容： 1. 设计并执行测试用例，记录测试结果并准备测试报告。 2. 协调开发人员、项目经理和测试团队成员，以确保遵守时间表和产品质量标准。 3. 使用自动化测试框架和工具来提高测试效率和覆盖率。 4. 不断改进测试流程和方法，以提高质量和效率。 5. 关注产品质量和客户需求，确保稳定、可靠和用户友好的软件交付。 任职要求： 1. 熟悉软件测试方法和流程。 2. 掌握至少一种自动化测试框架和脚本语言（如Selenium、Python、Robot Framework）。 3. 具备良好的团队合作精神和沟通能力。 4. 能够承受压力，在快节奏的环境中高效工作。 5. 有问题解决的能力和主动学习的态度。,7月16日,,"https://www.zhaopin.com/jobdetail/CCL1501465650J40757080009.htm?refcode=4019&srccode=401901&preactionid=a7c1140f-c46c-45e5-b867-ab342d8bdc77"
1713,Java,郑州-金水区,5000-9000元,河南赛宜物联网有限公司,互联网,20-99人,,CCL1486449000J40744617001,岗位要求： 1. 本科以上学历，计算机相关专业，工作经验不限。 2. 熟悉Java语法，掌握SpringMVC/SpringBoot、Mybatis/Hibernate等主流框架的开发、配置、应用等操作；掌握VUE/Jquery、掌握elementui、Bootstrap、easyUI、LayerUI、等前端框架技术中的至少一种；熟悉Mysql或Oracle，掌握数据库设计理论知识。 3. 具备较强的技术学习攻关能力，优秀的逻辑思维能力和语言表达能力；有规范的开发文档写作能力。 4. 扎实的编程功底，良好的编程思想、编程风格和技术规范。 5. 具备良好的团队合作精神，责任心强，好学上进。 朝九晚六 双休+入职缴纳五险一金   全勤奖+法定节假日,6月12日,,"https://www.zhaopin.com/jobdetail/CCL1486449000J40744617001.htm?refcode=4019&srccode=401901&preactionid=a7c1140f-c46c-45e5-b867-ab342d8bdc77"
1714,科研人员,合肥-蜀山区,1.2-2.4万·15薪,清华大学合肥公共安全研究院,学术/科研,100-299人,未融资,CC657857520J40707297101,岗位职责： 1.开展低空载具在复杂气象环境及扰动条件下的飞行力学安全研究工作； 2.协助完成中心课题组项目申报、参与科研项目过程管理； 3.协助对接并参与中心与合肥智能无人系统研究院的合作。 任职资格： 1.学历及专业要求：电磁场与无线技术、电子工程、飞行器控制与信息工程等相关学科专业背景优先； 2.具有核心参与重要课题的科研经历。,5月6日,清华大学合肥公共安全研究院（简称“清华合肥院”）是由清华大学、安徽省、合肥市三方共建的新型研发机构，安徽省属科研事业单位，2013年12月开始建设，2016年1月正式运行。清华合肥院秉承服务清华大学一流安全学科建设和持续支撑安徽省、合肥市城市安全发展和安全产业培育集聚的可持续发展理念，坚持“国家需求导向，顶天立地”办院宗旨，瞄准世界公共安全科技前沿，依托清华大学的科技、人才优势和安徽省、合肥市的政策、产业支撑优势，创建公共安全基础研究、技术创新、成果转化和产业培育的协同创新体系，打造国际一流、国内领先的公共安全科技和产业创新基地。清华合肥院是国家自然科学基金委依托单位、中国工程科技发展战略安徽研究院秘书处单位、安徽省首批新型研发机构，设有国家级博士后工作站和院士工作站。建有公共安全科技基础设施—巨灾科学中心，包括国际最全、亚洲最大的环境致灾因素耦合实验装置，是合肥综合性国家科学中心交叉前沿研究及产业创新转化平台。获批建设消防与应急救援国家工程实验室、城市基础设施安全安徽省技术创新中心、应急管理部大数据与人工智能应用创新重点实验室、安徽省公共安全智能感知与应急装备创新中心、灾害环境人员安全安徽省重点实验室、国家体育总局“中国冰雪科技联合攻关单位”。清华合肥院现有工作人员1400余人，其中核心科研人员160余人、技术开发人员500余人，60%以上具有硕士博士学位，院士、长江学者、国家“百千万”人才工程、国家杰青、安徽省杰青等十余人。清华合肥院近年来承担国家重点研发计划、国家自然基金课题等30多项国家级科研项目，授权具备了火灾微量物证鉴定、火灾痕迹鉴定和图像资料等司法鉴定资质，取得了国家和国际认可的应急装备和水环境安全检验检测CMA/CNAS资质，参与十堰“6.13”等重大事故调查，受到国务院事故调查组的高度肯定。安徽省、合肥市与清华大学签约共建清华合肥院二期，将清华合肥院作为省、市、校合作的桥梁和平台，依托清华合肥院促进校地双方政产学研用紧密合作，支持清华大学科技成果开展转移转化和产业应用。清华合肥院在城市生命线、消防安全、环境安全、安全文教、人员安全、应急装备检验检测、灾害事故技术调查等方面取得了系统性创新成果并实现规模化产业应用，形成了产学研用一体化的良性发展模式，以科技创新支撑我国建设全方位、立体化公共安全网。研究成果在国务院、应急管理部、住建部等10余个国家部委、26个省、80多个城市和海外10多个国家成功应用。,"https://www.zhaopin.com/jobdetail/CC657857520J40707297101.htm?refcode=4019&srccode=401901&preactionid=a7c1140f-c46c-45e5-b867-ab342d8bdc77"
1715,科研人员,北京-海淀区,8000-12000元,大北农集团,"农/林/牧/渔,物联网",10000人以上,已上市,CC000463940J40788510615,职责描述： 1.负责区域内公司各试验项目的顺利进行，确保满足产品研发需求； 2.负责试验计划制定、田间栽培管理、农艺性状调查、田间数据采集整理及分析等工作。 任职要求: 1.农学、遗传育种、植物保护等相关专业硕士学历； 2.具有扎实的专业基础知识，熟悉玉米、大豆、水稻等作物田间管理与数据统计分析，有相关实习经历、驾照者优先考虑； 3.具有较强的工作责任心，较好的团队协作意识和沟通协调能力，热爱农业科研工作，适应长期出差。,12月17日,大北农集团是以邵根伙博士为代表的农业科技工作者创立的农业高科技企业。自1993年创建以来，大北农集团始终秉承“强农报国、争创第一、共同发展”的企业理念，致力于以科技创新推动我国现代农业发展。大北农集团拥有5个国家级科研平台，4家国家农业产业化重点龙头企业，30家国家级高新技术企业，建有北京市首家民营企业院士专家工作站，中关村科技园海淀园博士后工作站分站。大北农集团产业布局涵盖饲料科技、动保科技、养猪科技、疫苗科技、作物科技、乳业科技、农业互联网等多个领域，拥有30000多名员工、3000多人的技术创新团队、300多家生产基地和近300家分子公司，在全国建有10000多个基层科技推广服务网点。2010年，大北农集团在深圳证券交易所挂牌上市，成功登陆资本市场。当前，正迎来第四次产业革命，国家已开启全面建设社会主义现代化国家第二个百年新征程，面对农业空前的变革和前所未有的发展大机遇，大北农集团始终坚信农业是最富潜力、最值得奋斗的行业，积极融入全新时代、融入全球竞争、融入民族复兴，勇于肩负使命，以创新的模式引领行业发展。雄关漫道真如铁，而今迈步从头越。英雄的大北农将帅风华正茂，勇于变革，承载光荣与梦想，阔步向着目标前进。我们深信，有社会各界领导、专家的关注与支持，有广大农民朋友的厚爱与肯定，大北农集团“2035年实现全球第一的农业科技企业”的目标一定能够实现，必将为实现中国农业梦贡献更多、更大的力量!,"https://www.zhaopin.com/jobdetail/CC000463940J40788510615.htm?refcode=4019&srccode=401901&preactionid=a7c1140f-c46c-45e5-b867-ab342d8bdc77"
1716,Java,武汉-江夏区,1.4-2.8万·14薪,外企德科数字技术有限公司,专业技术服务,10000人以上,,CCL1480117890J40607744105,***统本学历（学信网可查），开发，测试，算法均有需求，无线，云计算，2012，光等多条产品线可选，技术前沿，前期有导师带教***,2025-07-27 00:23:23,外企德科数字技术有限公司是一家2023年新成立的中外合资企业。成立于2023年11月24日，公司定位：专注于为信息技术企业提供人才及数字技术外包解决方案的中外合资企业。它是由中国人力资源服务行业的FESCO（北京国际人力资本集团）与全球人力资源服务领导者The Adecco Group（德科集团）合资成立的。公司主要提供网络技术服务、软件外包服务、计算机系统服务、技术进出口、软件开发等信息技术相关服务。专注于为信息技术企业提供信息技术类人才及数字技术外包解决方案。,"https://www.zhaopin.com/jobdetail/CCL1480117890J40607744105.htm?refcode=4019&srccode=401901&preactionid=a7c1140f-c46c-45e5-b867-ab342d8bdc77"
1717,技术支持工程师,滨州-滨城区,8000-14000元,青岛安然物联网科技有限公司,"物联网,物联网",20-99人,未融资,CC559764920J40823509104,需要弱电技术、自动化、安防系统、工业互联网+危化安全生产、物联网人才，不要纯软件人才。  你能经常到全国各地出差吗？你能到工业生产现场生产现场做技术支持吗？   真正的奋斗者在安然会有让人值得为之奋斗的事业，会有充实、高效的成长，会有高人一等的收入。   你能做好售前技术支持、根据客户需求，高效制作方案吗？你能做好售中技术支持、指导他人正确安装、部署、调试系统向用户保质保量快速交付吗？你能做好售后维护，高效沟通和落实客户需求吗？   迄今已服务中石化、中石油、延长石油、国能、兖矿、京能、索普、新安、奇美、昊源、潞安、旭阳、垦利、逸盛、海科、酒钢、金发等几百家石化、化工、选煤、钢铁、电厂企业。    安然以客户为中心，以强者为本，抬头乐干，愿意与同道中人联合、链接，携手共建、共用、共享生产安全命运共同体，一起干，一起干，让优秀企业更安全，让优秀企业更高效！,7月26日,基于精准人员定位的工业安全生产信息化管理专家，安全生产信息化管理引领者！作为全国实时定位技术标准工作组成员和应急管理部“工业互联网+危化安全生产”人员定位系统技术支持机构，安然从2012年起致力于基于ZigBee Plus三维立体按需精准定位的“工业互联网+安全生产”的研究，获得了20多项安全智能管控系统发明专利和著作权，持续引领中国化工行业生产现场智慧安全！安然以“准、稳、狠”的ZigBee Plus三维立体按需精准人员定位统和“底数清、数据准、情况明、研判准、措施实”的安全生产信息化平台为核心，整合访客管理、出入口控制、人脸识别、视频监控、语音广播、重大危险源监控、可燃有毒气体监测等系统，对生产现场人、机、料、法、环五大要素进行实时、动态、智能管控和预警，规范人的安全行为，保障人的生命安全，有效防范风险、主动化解风险，实现智慧安全。安然“以用为本”，把安全生产信息化建设与公司管理体系“深度融合”，把安全生产信息化建设与日常工作“紧密结合”，对安全生产切实“有用、实用、好用”，避免建用“两张皮”，让安全管控更智能，让生产更高效才实用。迄今已服务中石化、中石油、延长石油、国能、兖矿、京能、索普、新安、奇美、昊源、潞安、旭阳、垦利、逸盛、海科、酒钢、金发等几百家石化、化工、选煤、钢铁、电厂企业。安然以客户为中心，以强者为本，抬头乐干，愿意与同道中人联合、链接，携手共建、共用、共享生产安全命运共同体，一起干，一起干，让优秀企业更安全，让优秀企业更高效！,"https://www.zhaopin.com/jobdetail/CC559764920J40823509104.htm?refcode=4019&srccode=401901&preactionid=a7c1140f-c46c-45e5-b867-ab342d8bdc77"
1718,前端开发,济南-市中区,5000-9000元,北京耘尚科技有限公司,"IT服务,IT服务,通信/网络设备,电子/半导体/集成电路",20-99人,,CCL1215468030J40799602412,1　熟悉W3C规范，熟悉HTML4/HTML5、CSS2/CSS3、 ES5/ES6等前端开发技术 2　熟悉Vue/React/Angular等框架实践经验，具备独立项目开发能力 3　熟悉nodejs、webpack等常用开发工具，熟悉前端构建、性能优化 4　能够对项目前端的性能、架构进行深入分析和优化，提高前端性能和可靠性 5　熟悉WebGL，了解three.js或其他三维框架优先考虑 6　熟练掌握ElasticSearch分布式搜索引擎 7　熟练掌握Linux系列操作系统应用，了解shell脚本编写 8　具备常规数据库的使用和常用性能优化和扩展技能 9　熟练掌握Docker、K8S等容器化技术 10　熟练掌握redis、Kafka等消息队列中间件技术 11　了解AI应用开发流程和相关知识体系,7月23日,北京耘尚科技有限公司,"https://www.zhaopin.com/jobdetail/CCL1215468030J40799602412.htm?refcode=4019&srccode=401901&preactionid=a7c1140f-c46c-45e5-b867-ab342d8bdc77"
1719,测试工程师,成都-武侯区,5000-7000元,重庆喜相连科技有限公司,互联网,20-99人,不需要融资,CCL1435768660J40827056008,岗位职责: 1. 负责产品的初步测试，确保产品功能和性能符合规定的标准。 2. 与开发团队紧密合作，确保测试过程中发现的问题能够及时得到解决。 3. 使用最新的测试工具和技术，以提高测试的效率和质量。 任职要求： 1. 具有良好的沟通能力和团队协作精神。 2. 对测试领域有持续学习的意愿，能够快速掌握新工具和技术。,7月28日,"喜相连科技公司，自成立以来，始终致力于前沿技术的研发和应用，为全球用户提供高质量、创新性的科技解决方案。我们坚信技术是推动社会进步的关键力量，因此我们不断追求卓越，为用户提供卓越的科技体验。我们的主营业务涵盖了多个领域，""包括网络文化经营、互联网信息服务、电信业务。我们为客户提供相关的应用解决方案，助力客户实现业务转型和升级。技术创新能力:喜相连科技公司注重技术创新，拥有强大的研发实力和创新能力。我们始终保持对新技术、新趋势的敏感度，通过不断的技术投入和研发，实现技术的突破和领先。","https://www.zhaopin.com/jobdetail/CCL1435768660J40827056008.htm?refcode=4019&srccode=401901&preactionid=a7c1140f-c46c-45e5-b867-ab342d8bdc77"
1720,实施工程师,杭州-余杭区,1-1.5万·14薪,浙江英集动力科技有限公司,"企业服务,专业技术服务,电力/水利/热力/燃气,企业服务",100-299人,B轮,CCL1431628800J40768133012,岗位职责： 1.针对区域能源供热系统、工业蒸汽供热系统、电厂热力系统进行调研，发现潜在项目需求，提供智慧供热系统解决方案； 2.对接项目需求，按计划推进项目，包含跟进项目回款、客户培训、客户问题解答； 3.参与项目招投标过程，包括相关文件撰写、智慧供热软件演示等; 4.使用智慧供热软件建立并调试供热系仿真模型，分析其运行数据并编制调度运行方案；  5.负责智慧供热软件系统的安装、部署、调试、维护，为供热系统的优化运行提供技术咨询。岗位要求：  1.本科及以上学历，热能动力专业出身；  2.专业知识：热动专业、传热学、流体力学、了解热动有关知识、了解电厂知识等；  3.专业技能：能进行热平衡计算、熟悉质量平衡能量平衡方程  4.工作工具：熟悉CAD操作、熟练使用office、软件使用的学习能力较强。  5.具备以下通用能力&素质：学习能力、逻辑思维、人际理解、组织协调、团队协作、应变能力、创新能力、沟通能力；自我驱动、责任心、细致、目标导向。,4月28日,英集动力科技有限公司（以下简称“英集动力”）成立于 2014年 7月，是由浙江大学常州工业技术研究院孵化并获得政府“双创”计划支持的国家高新技术企业，近年来获得多轮投资，是能源数字化管理行业的领先企业。英集动力历经10年积累沉淀，自主研发形成了国际领先的viHeating®系列智慧供热解决方案，以及viExergy®系列工业智慧综合能源管理解决方案，“基于模型做预测，基于预测做决策”，突破能源系统传统的人工经验运行调度方式，创新建立“源网荷储”全过程工艺级数字孪生模型，借助模型在线预测并优选系统运行计划、调度、应急策略，实时保障能源系统供需平衡，实现运行调度自动化与控制自动化的闭环，建成按需精准调节、自主优化运行的新型能源系统，显著提升能源系统能效和安全性，支撑能源系统的低碳转型。公司在智慧能源领域已获70余项发明专利授权并已获评6项省部级成果奖励，核心成果达到“国际领先”技术水平。英集动力的 viHeating®、viExergy®系列产品已成功应用于北京、雄安、济南、天津、郑州、上海、杭州、南京、合肥、银川等全国40多个重点城市，服务14亿平方米的居民供暖和10000余公里管网的工业蒸汽供热。英集动力还将持续深化探索与AI大模型的融合，加快产品向“智能体”的转型，打造智慧能源系统的新质生产力，为推动中国能源绿色低碳转型贡献力量。英集动力总部在杭州，在常州、郑州、济南、北京、无锡等地设有分子公司，现有员工数百人，硕士及以上学历员工占比 50%。公司以“面向客户、创造价值、持续经营”为当前发展主题，以提升产品核心竞争力、发展核心业务为突破，正在业务高速发展期。同时，公司注重人才培养，为人才提供多元化的创新科研机会和项目实践机会，搭建起“中心带教+项目历练+专业培训”培养体系，帮助员工快速成长为行业精英。面向“碳达峰、碳中和”战略，勇乘中国能源生产与消费革命浪潮，沐浴能源清洁低碳转型春风。英集动力将以“数智模型驱动能源低碳转型”的使命，为更多能源企业、工业企业建立起基于数字孪生的卓越能源生产运营管理体系，为国家建设更清洁、更低碳、更安全、更高效、更智慧的能源体系贡献一份科技力量！加入英集动力，不仅能参与行业标杆项目，与行业专家并肩作战，还能享有各项发展机会与贴心福利。我们期待与志同道合的你，在科技创新的浪潮中携手前行，共同书写属于我们的辉煌篇章！,"https://www.zhaopin.com/jobdetail/CCL1431628800J40768133012.htm?refcode=4019&srccode=401901&preactionid=a7c1140f-c46c-45e5-b867-ab342d8bdc77"
1721,前端开发,上海-嘉定区,1.5-3万,上海腾洲建设集团股份有限公司,"工程施工,装饰装修,电力/水利/热力/燃气,工程技术与设计服务",100-299人,未融资,CC402706220J40750959402,岗位职责： 1.参与公司内部协同办公平台及智慧工地平台的全栈式前端开发，依据项目需求文档、用户调研及竞品分析，主导交互设计与视觉呈现方案，运用前沿设计理念打造用户体验良好的界面，提升平台的吸引力与用户留存率。 2.运用 HTML5、CSS3、JavaScript 等核心技术及 Vue.js 框架，独立承担网页及 App 页面的编码落地，保障页面在各类主流浏览器（Chrome、Firefox、Safari 等）及跨终端设备（涵盖 PC、平板、手机、智能穿戴设备以及专业工程手持终端）上完美适配，运用响应式布局、弹性盒子等技术确保交互流畅。 3.主导地理信息系统（GIS）前端开发工作，对接后端地理信息数据接口，挖掘并整合多元地理数据资源，利用 Mapbox、Cesium 等专业 GIS 前端库，开发如施工现场高精度地理定位、实时动态追踪、复杂地理空间分析、多图层地图可视化展示等功能，为智慧工地的精准决策、高效调度提供关键信息支撑。 4.依托三维建模与开发功底，运用 Blender、Unity、UE5 等工具，构建高度逼真且功能完备的三维场景模型，涵盖建筑工地全景虚拟漫游、建筑结构细节拆解与动态可视化展示、施工流程沉浸式模拟、设备设施实时状态监控等应用，通过材质渲染、光影特效优化、动画编排以及与前端交互逻辑融合，为项目各方提供身临其境的项目呈现与高效分析体验，助力精准决策。 5.协同后端工程师制定接口对接标准与流程，高效完成前后端数据交互联调，运用代码压缩、异步加载、智能缓存策略优化等技术手段，优化前端页面加载速度、渲染性能及资源利用效率，确保整个系统在高并发场景下稳定、流畅运行。同时，负责前端代码的持续集成与部署，保障开发流程顺畅。 6.关注前端技术发展趋势，引入新技术、新工具优化现有开发流程与产品体验，定期开展技术分享与交流活动，推动开发团队的技术创新与业务成长。 任职要求： 1.本科及以上学历，地理信息科学、计算机科学、软件工程、数字媒体技术等相关专业，5年及以上前端开发实战经验，其中至少 3 年专注于 GIS 与三维前端开发领域，具备完整项目周期的前端主导开发经历。 2.掌握 HTML5、CSS3、JavaScript 等前端基础技术，熟练运用 Vue.js 框架及其生态体系，理解 TypeScript 并能应用于项目开发，具备组件化、模块化开发思维，能够独立构建大型前端应用架构，代码规范、结构清晰，具备良好的可维护性与扩展性。 3.熟悉图形学原理，具备扎实的 GIS 开发技术基础，熟悉常见地理信息数据格式（如 GeoJSON、Shapefile、KML 等）转换与处理，能够运用 Mapbox、Cesium、OpenLayers 等 GIS 前端库进行复杂地理信息功能开发，有智慧交通、智慧城市、智慧工地等相关领域 GIS 前端开发项目交付经验者优先。 4.熟练掌握 Blender、Unity、UE5 等三维建模与开发工具，能够独立完成复杂三维场景搭建、材质设计与渲染、动画制作与优化，具备建筑信息模型（BIM）与前端三维可视化融合开发经验者更佳，能够结合建筑专业知识与三维技术提升项目展示效果。 5.精通 Photoshop，熟悉设计流程，具备敏锐的设计感知与良好的审美能力，熟练使用 Sketch、Adobe XD、Axure 等主流设计与原型制作工具，能够独立完成从低保真原型到高保真设计稿的快速迭代，精准把握用户需求与交互逻辑，推动产品设计优化。 6.熟悉 Node.js 的开发，熟练掌握 SQL 数据操作，精通 Postgis、Geoserver、Mapserver 等空间数据库和数据管理工具，熟悉 Python、Go 语言等轻量级开发语言，能够利用这些技能更好地与后端团队协同，处理数据交互、地理信息数据管理等工作。 7.具备出色的团队协作精神与沟通协调能力，能够在跨部门、跨专业团队环境中迅速理解业务需求，转化为可行的技术方案，并主动跟进项目进度，高效解决开发过程中的各类问题，确保项目按时、高质量交付。熟悉敏捷开发流程，具备一定的项目管理经验者可加分。 8.具备较强的自主学习能力与技术钻研精神，能够紧跟前端技术发展趋势，主动学习并应用新技术解决实际问题，有开源项目贡献分享经历者优先。,6月9日,上海腾洲建设集团股份有限公司（以下简称“腾洲建设”）坐落于东海之滨、浦江之畔，是上海市施工总承包十大领军企业之一，拥有“AAA级重合同守信用企业”、“上海市价格诚信单位”、“嘉定区建筑业协会会长单位”、“安亭镇商会会长单位”、“上海市水利协会理事单位”等社会美誉评价和市场信誉认同。“腾洲建设”起步于2011年，由上海腾洲工程建设管理有限公司发展而来，下辖上海腾洲环保工程有限公司、盐城市腾洲建筑劳务有限公司、江苏美然贸易有限公司、江苏水云涧生态旅游有限公司等四个子公司，构建了比较完备的产业价值链和市场体系。“腾洲建设”在参与国家建设、服务社会发展过程中，综合实力和市场竞争力获得了长足进步，拥有国家颁发的市政公用工程施工总承包一级、房屋建筑工程总承包一级、港口与航道工程施工总承包二级、水利水电工程施工总承包二级、地基基础工程专业承包二级、建筑装修装饰工程专业承包二级等企业资质，打造了诸多领域、不同专业独特的市场影响力和核心竞争力。“腾洲建设”立足于长三角，并首先在上海、江苏开疆拓土，逐步向全国市场进军，于2015年跻身于10亿级企业俱乐部，迈上了持续快速发展的第一个台阶，2017年业务总量达到15亿元新的高度，仅2016年、2017年纳税总额分别超过2000万和2500万元，企业以强烈的社会责任感，为国家经济社会发展作出了卓越的贡献。“腾洲建设”人才济济、翘楚云集，现有员工180余人，其中大学本科学历占比75.6%，大多拥有同济大学、河海大学、扬州大学等高等学府的教育背景和专业造诣，在专业职称分布上，一级建造师21人，二级建造师26人，高级工程师16人，工程师40人，技术人员62人。“腾洲建设”的发展得益于国家的改革开放和总体发展，得益于各级政府和主管部门的指导与帮助，得益于业主和客户的信赖与呵护，也得益于全体“腾洲”人的奋斗与拼搏。在今后的发展中，我们要紧跟国家战略，遵从行业规范，服务业主（客户）需求，以国家发展和市场需求为导向，主要从三个方向上进行布局和拓展：其一，以水利水电、港口与航道、市政公用工程为主营业务，加快资质升级和业务布局。其二，积极拓展环保业务，以新能源（生活垃圾、污泥环保再生煤）配套发电项目为龙头，寻求多方位发展，并为企业未来上市做好准备。其三，以多元合作、品牌经营的模式，开拓生态旅游、投资等行业，把企业做精、做强、做大。我们将以习近平新时代中国特色社会主义思想为引领，坚决贯彻落实“五大”发展理念，以高效率的运行、高质量的发展、高水平的成果，帮助业主（客户）发现价值、实现价值和价值增值，在互利共赢中实现“腾洲建设”的跨越式发展，把“腾洲建设”打造成为具有良好社会声誉和市场信誉的一流企业集团。,"https://www.zhaopin.com/jobdetail/CC402706220J40750959402.htm?refcode=4019&srccode=401901&preactionid=a7c1140f-c46c-45e5-b867-ab342d8bdc77"
1722,科研人员,威海-文登区,5000-8000元,润辉生物技术(威海)有限公司,"医药制造,医药制造",100-299人,B轮,CC394858230J40296597610,岗位职责及任职要求 1.本科及以上学历，化学、药学、生物等相关专业，985、211、国外留学优先面试录取； 2.公司有各种项目组，可按照要求合成多肽；合成相关中间体；利用合成生物学方法制备蛋白质、发酵等； 3.责任心强，能够吃苦耐劳，实验细心； 4.熟练掌握多肽合成的操作、仪器维护及故障排除。 职位福利：包住、免费班车、餐补、五险、免费停车、公司重点项目、加班补助、节日福利  ,7月25日,润辉生物技术（威海）有限公司（以下简称“公司”）是2016年5月在威海市南海新区设立的致力于高端医药产品研发、生产和销售的创新型中外合资企业，主要从事多肽、蛋白质、多糖及海洋生物技术产品的开发和经营。公司所从事的行业属于十强产业，医养健康产业中的医药制造业。公司是同时拥有先进的生物多肽固相合成技术及生物多糖类药物研发生产技术两类高端药品生产能力的生物制药企业。目前公司致力于研发、生产并销售医美产品的原料，多肽原料药，客户肽及海洋生物多肽、海洋生物多糖等。其中医美生物多肽、医美生物多糖及核酸已经进入市场并热销，有三个产品是国内独家研发，具有自主知识产权；公司有四个产品（醋酸亮丙瑞林、精氨加压素、醋酸奥曲肽、缩宫素）已向美国FDA递交了原料药注册申报材料，并获得DMF登记号。公司产品质量达到国内领先、国际先进水平，未来市场占有率可达30%。具有巨大的市场潜力和经济及社会效益。公司在生物多肽行业中具有较高行业知名度和影响力，是国家级高新技术企业、科技部认定的科技型中小企业、第一届中国生化制药工业协会多肽分会副理事长单位、2019年第八届中国创新创业大赛成长组优秀企业、2019年医药国际化百强企业最具成长力企业、山东省新旧动能转换优选重大项目企业等。公司无论从生产规模、人才储备等“硬条件”上，还是技术研发积累、目标市场和行业影响力等“软条件”上都具有明显的优势，在行业中有着重要的地位。公司自成立以来，注重技术创新和吸收引进，并不断地推出具有高科技含量、高增值效益的系列产品。具有以下优势：1.技术优势公司采用的全自动固相多肽合成技术是在曾获得诺贝尔奖的固相合成技术基础上进行自主创新，设计制备了高度自动化的固相生化合成仪，物料投放及溶剂循环利用均由电脑系统控制隔膜泵自动操作，在高度符合GMP生产规范理念的前提下具有显著的工艺优势，普通操作工人经过简短培训即可掌握仪器使用方法，设备设计充分考虑工艺细节及原理，具备错误防范手段，可有效纠正及提醒不规范操作或错误生产流程，避免物料损失。具有操作简便、自动化强、工艺简化、反应效率高、成本低和环保等特点，达到国际领先水平。由于其省时、省力、省料、便于计算机控制等优点在药物研发领域、蛋白质结构研究领域、免疫学研究领域表现出了显著的优越性并且在生物制药及蛋白质工程中有着广阔的应用前景。2.人才优势公司具备健全的人才培养机制，注重行业高级研发和管理人才的引进与培养，加强企业员工的技术培训，全面提升技术人员的综合素质和专项技能，培养了一批高科技研发人才。公司的科研团队由公司创始人国内外生物医药行业领军人物姬胜利教授带领。姬胜利是我国医药领域的权威专家，山东大学药学院特聘教授、潍坊医学院特聘教授、滨州医学院药学院副理事长、山东省泰山产业领军人才、威海市科技发展计划高层次人才，同时兼任中国生化制药工业协会专家委员会副主任委员、中国工业生化与分子生物学分会副理事长、中国生化制药工业协会多肽分会副主任委员、威海市政协委员等职。本人多年从事生化药物的教学和科研工作，并先后指导国内外多家企业进行科研成果转化，累计创收超过100亿元。姬胜利教授是多肽与蛋白质、多糖生物化学专业领域权威专家，也是现代化生物医药企业生产管理和GMP法规专家，具有多年的管理高科技企业和上市公司运营经验。3.产学研合作优势坚持走“产学研”相结合道路，与高等院校、研究院所合作，采用灵活的用人机制，积极引进人才，形成一支集研究、设计、制造、实验为一体，学科齐全，市场响应迅速，以公司自身专业人员为核心的研发队伍。公司通过与清华大学、美国USC大学、山东大学、中科院纳米研究所、滨州医学院以及美国CS Bio公司等开展全方位产学研合作，利用他们的技术力量优势，为本公司的技术创新提供强有力的技术支撑，提升和培养自己的技术开发队伍。根据市场的需要，不断地开发出适销对路的新产品。4.规模优势目前公司建成了10000㎡的多肽、多糖API生产基地，年产能分别超过1000Kg和5000kg，可同时满足7个品种GMP级产品的生产，是山东省内第一家，同时也是中国北方最大的生物多肽原料生产基地，技术达到国内领先、国际先进的水平。,"https://www.zhaopin.com/jobdetail/CC394858230J40296597610.htm?refcode=4019&srccode=401901&preactionid=a7c1140f-c46c-45e5-b867-ab342d8bdc77"
1723,硬件测试,中山-None,8000-10000元,重庆科满福人力资源服务有限公司,企业服务,20-99人,,CCL1487604860J40935971404,【岗位职责】 ： 1、进行新产品研发阶段的测试工作 2、完成新产品的功能测试、可靠性测试、环境测 试、安全测试等技术工作 3、制定测试计划，设计测试用例，分析测试数 据，编制测试报告 4、为其他部门提供技术支持，与其他部门的产品 联合测试工作,7月26日,,"https://www.zhaopin.com/jobdetail/CCL1487604860J40935971404.htm?refcode=4019&srccode=401901&preactionid=a7c1140f-c46c-45e5-b867-ab342d8bdc77"
1724,技术支持工程师,哈尔滨-南岗区,6000-10000元,哈尔滨彩网科技有限公司,"计算机软件,IT服务,通信/网络设备,云计算/大数据",100-299人,不需要融资,CCL1477965250J40477610613,岗位职责:,6月20日,我们能带给你：·工作氛围超级棒，能力提升超级大·绩效奖金拿到手软，每一分付出都能看见回报…我们期待：驰骋多年身经百战的你；初出茅庐充满干劲的你；寻求转型渴望突破的你；让千里马和伯乐，不再千载难逢；,"https://www.zhaopin.com/jobdetail/CCL1477965250J40477610613.htm?refcode=4019&srccode=401901&preactionid=a7c1140f-c46c-45e5-b867-ab342d8bdc77"
1725,Java,深圳-龙岗区,1.6-3万·16薪,外企德科数字技术有限公司,专业技术服务,10000人以上,,CCL1480117890J40784510405,全国均有岗位(开发、测试、算法等) 岗位要求: 一、软件开发工程师 1.热爱编程，熟悉掌握Java/C++/C/Python/Web开发等编程语言中的一种或多种编程语言扎实的编程功底: 2.具备良好的独立工作能力和解决问题能力，善于沟通，乐于合作，热衷新技术; 二、 软件测试工程师： 1.热爱编程，熟悉掌握C/C++/Java/Python等编程语言中的一种或多种编程语言，扎实的编程功底; 2.有web开发或测试经验、自动化开发或测试经验者优先。 3.熟练掌握系统测试、功能测试、专项测试、软件测试、韧性测试、安全测试方法中的一种或多种测试方法，有相关测试语言/脚本的编写和实践经验优先，也可接受纯测试经验的。 4.具备良好的独立工作能力和解决问题能力，善于沟通，乐于合作，热衷新技术;,2025-07-27 00:25:20,外企德科数字技术有限公司是一家2023年新成立的中外合资企业。成立于2023年11月24日，公司定位：专注于为信息技术企业提供人才及数字技术外包解决方案的中外合资企业。它是由中国人力资源服务行业的FESCO（北京国际人力资本集团）与全球人力资源服务领导者The Adecco Group（德科集团）合资成立的。公司主要提供网络技术服务、软件外包服务、计算机系统服务、技术进出口、软件开发等信息技术相关服务。专注于为信息技术企业提供信息技术类人才及数字技术外包解决方案。,"https://www.zhaopin.com/jobdetail/CCL1480117890J40784510405.htm?refcode=4019&srccode=401901&preactionid=a7c1140f-c46c-45e5-b867-ab342d8bdc77"
1726,C/C++,成都-郫都区,1.4-2.8万·14薪,外企德科数字技术有限公司,专业技术服务,10000人以上,,CCL1480117890J40604447705,"1、具备独立工作能力和解决问题的能力，善于沟通，乐于合作，热衷新技术，善于总结分享，喜欢动手实践; 2、熟练掌握数据结构、算法知识; 3、参与业界前沿技术研究和规划，与全球专家一起工作、交流。 任职要求: 1.信息系统/计科/软件工程/通讯等相关专业优先，能力优秀者可放宽，往届应届生均可培养。 2.热爱编程，熟悉掌握C/C++/Java/Python/ JS/Web/安卓/IOS开发等编程语言中的一种或多种。 3.能够快速学习新的业务流程，编程语言，有良好的编程习惯和技术文档编写习惯。 4.具备良好的独立工作能力和解决问题能力，善于沟通，乐于合作，热衷新技术。 弹性工作制(满8小时),早:8:30-9:30上班，晚:5:30-6:30下班(按班次) 薪资福利: 底薪+绩效+年终奖 年终奖绩效核算，平均年终奖14-16薪每个月最后一周周六加班双倍薪资六险一金(全额)，试用期薪资不打折 本科及以上学历，须学信网可查，24届考公、考研等未就业者也可参与面试 导师制培训机制，新人入职后至少半年以上会有导师一对一辅导开展工作和学习 主要地点:东莞、深圳、杭州、西安，苏州、上海，武汉，成都、南京、北京",2025-07-27 00:23:22,外企德科数字技术有限公司是一家2023年新成立的中外合资企业。成立于2023年11月24日，公司定位：专注于为信息技术企业提供人才及数字技术外包解决方案的中外合资企业。它是由中国人力资源服务行业的FESCO（北京国际人力资本集团）与全球人力资源服务领导者The Adecco Group（德科集团）合资成立的。公司主要提供网络技术服务、软件外包服务、计算机系统服务、技术进出口、软件开发等信息技术相关服务。专注于为信息技术企业提供信息技术类人才及数字技术外包解决方案。,"https://www.zhaopin.com/jobdetail/CCL1480117890J40604447705.htm?refcode=4019&srccode=401901&preactionid=a7c1140f-c46c-45e5-b867-ab342d8bdc77"
1727,C/C++,芜湖-鸠江区,8000-12000元,行健智能机器人有限公司,"通用设备制造,计算机软件",100-299人,A轮,CC311792180J40634662216,主要工作职责： 1. 从事基于C++编程的机器人运动控制逻辑和交互界面的开发，设计运动控制算法和人机界面，实现多轴坐标机器人的自动控制 2、完成程序的调试，快速解决遇到的实际问题；进行现场调试，提供售前、售后技术支持 工作经验 1、熟练使用C++编程语言，理解C++面向对象编程思想，了解模块化思想 2、熟悉工业机器人或运动控制卡者优先 3、能根据项目需要，去现场出差调试； 学历背景 大学本科及以上学历，自动化、机电一体化、电气电子工程等相关专业 个人能力 1. 具有团队合作精神，积极的态度和良好的沟通能力 2. 较强的逻辑思维能力 3. 不怕吃苦，能够灵活、快速的解决项目遇到的实际问题,7月26日,公司由哈尔滨行健智能机器人股份有限公司和芜湖市产业引导基金共同投资成立，首批入驻“芜湖国家机器人产业园”。2018年，公司被认定为国家级高新技术企业。专业从事焊接切割智能化、自动化机器人工作站（点）、智能生产线（线）和智能化车间（面）的研发制造。公司采用计算机视觉等先进的AI技术，研发项目产品成功应用于我国国防和国家重大工程的关键自动焊接切割领域，形成了经过实际应用验证的机器人智能感知、模型数据驱动、机器人焊接切割运动库和生产工艺和工序宏库、自主规划编程等核心技术。在业内处于领先地位。在造船、工程机械、化工压力容器及制冷等行业的龙头企业如上海外高桥、江南造船厂、上海振华、中海油、徐工、三一、三大电气等都有我公司的设备投入实际生产应用，成为其智能制造的示范应用。,"https://www.zhaopin.com/jobdetail/CC311792180J40634662216.htm?refcode=4019&srccode=401901&preactionid=a7c1140f-c46c-45e5-b867-ab342d8bdc77"
1728,硬件测试,天津-静海区,4000-6000元,唐泽制动器(天津)有限公司,"金属制品业,金属制品业",300-499人,未融资,CC403804410J40702814912,根据开发产品进行检测（会使用检测工具），绘制电路图，样品制作 欢迎广大应届生投递！,6月16日,唐泽制动器（天津）有限公司成立于2010年1月，公司坐落于天津静海静海经济开发区南区，占地面积50亩，建筑面积26000余平米，公司专业生产与销售自行车、电动车等制动闸类产品以及电动车充电器类产品。“唐泽”品牌具有百年的悠久历史，其系列车闸产品以其稳定的性能、可靠的质量、及时的供货、周到的服务，深受国内外用户的广泛青睐。是爱玛、雅迪、捷安特、新日、绿源、富士达、赛克等数百个国内外知名整车品牌及滴滴出行、美团单车、哈啰出行等共享单车的战略合作伙伴。公司先后通过了ISO9001：2015质量管理体系认证、ISO14001：2015环境管理体系认证、ISO45001:2018职业健康安全管理体系认证。唐泽将携“成为客户信赖、技术领先、品质卓越的世界级供应商”的愿景，肩负着“传承百年品牌、引领行业发展，恪守安全承诺、呵护生命价值，成就幸福员工、回报和谐社会”的使命，本着对人类安全健康负责的态度，努力为每一位客户提供安全、优质、适用的产品。安全源自您的选择——唐泽与您同努力、共未来。地址：天津市静海经济开发区南区爱玛道19号注：公司提供食宿，无班车,"https://www.zhaopin.com/jobdetail/CC403804410J40702814912.htm?refcode=4019&srccode=401901&preactionid=a7c1140f-c46c-45e5-b867-ab342d8bdc77"
1729,软件测试,大连-金州区,1-1.3万·13薪,大连保税区建新科技开发有限公司,计算机软件,20-99人,,CC365567610J40868195915,岗位内容： 1. 设计和执行测试用例，并记录测试结果。 2. 分析并报告软件缺陷，包括重现步骤、缺陷严重程度和影响范围。 3. 参与产品设计过程，提供测试建议和反馈。 4. 开发自动化测试脚本和工具。 5. 执行性能和负载测试的任务。 任职要求： 1. 具有本科以上学历，计算机科学或相关领域优先。 2. 熟悉测试方法论和流程，能够编写高质量的测试用例。 3. 熟练使用至少一种自动化测试框架和脚本语言（如Selenium、Python、Robot Framework）。 4. 了解软件开发周期和敏捷开发流程。 5. 优秀的沟通和协作能力，能够与跨部门的团队成员合作。,7月24日,,"https://www.zhaopin.com/jobdetail/CC365567610J40868195915.htm?refcode=4019&srccode=401901&preactionid=a7c1140f-c46c-45e5-b867-ab342d8bdc77"
1730,Java,深圳-福田区,3-5万·15薪,苏州人瑞普惠人力资源服务有限公司,互联网,500-999人,已上市,CC427775130J40856993615,岗位职责： 1、负责零售电商系统架构设计、技术方案设计和核心功能的开发，协调和对接各方技术资源完成方案落地； 2、负责技术难点攻关，分析系统瓶颈，解决各种疑难杂症； 3、负责持续优化系统架构，满足高可用性目标。 岗位要求： 1、计算机相关专业、本科及以上学历、6年工作经验； 2、精通Java开发，对网络协议、多线程并发、内存优化和系统性能优化有深入的理解和实践经验； 3、熟悉Spring Boot/Spring Cloud等业界主流的框架，并有丰富的工程实践经验； 4、熟悉MySQL、Redis、ElasticSearch、MQ等主流存储的使用场景，并对其原理有较深刻的理解； 5、具备较好的数据库设计能力，并熟练掌握SQL优化技巧； 6、具备较丰富的大规模电商系统（toB/toC）架构经验，包括但不限于服务化、异步、高可用、可扩展等； 7、具备系统性解决问题的思维，有良好的抽象化思维能力和领域建模能力； 8、具有良好的沟通、团队协作和项目管理的能力，有良好的责任心和进取心。,6月24日,人瑞人才是中国快速增长的人力资源解决方案先驱，也是众多新经济领军企业的战略合作伙伴。旗下业务包括中国最大的灵活用工服务，O2O招聘平台，及其他HR服务如BPO、培训等。人瑞以数字化及新科技革新传统人力资源业务流程，其一体化生态系统服务全国客户，可更快速高效及大规模地解决现时中国用工难题。除了受益于中国持续扩大的人才缺口及广阔的行业增长空间外，人瑞策略性地与新经济领军企业客户结成紧密合作伙伴，在他们发展的早期已共同成长扩张，其中包括字节跳动，腾讯，网易，小红书，去哪儿等新经济公司。公司同时以其优质服务吸引了各行业领头羊。人瑞人才目前在全国开设31家分公司及机构，业务覆盖150个城市，拥有员工600+，以及近30000名在岗外包员工。创始人张建国先生，曾任职华为人力资源副总裁、华夏基石总经理、中华英才网CEO。著有《灵活用工——人才为我所有到为我所用》、《薪酬体系设计》、《绩效管理体系设计》、《职业化进程设计》等。,"https://www.zhaopin.com/jobdetail/CC427775130J40856993615.htm?refcode=4019&srccode=401901&preactionid=a7c1140f-c46c-45e5-b867-ab342d8bdc77"
1731,C/C++,深圳-宝安区,300-500元/天,深圳市一泓微电子有限公司,"电子设备制造,电子设备制造,计算机硬件,电子商务",20-99人,不需要融资,CC680044330J40746076912,岗位职责： 1、 根据系统构架、项目功能需求完成Windows下的程序设计和开发 2、 负责软件维护 3、 负责软件相关文档的编制工作 岗位要求： 1、研究生以上学历，计算机相关专业 2、windows c++开发经验，熟悉常用数据结构，熟悉常用Windows用户程序开发相关知识，包括：常规界面、多线程、数据库、com组件、MFC编程等 3、熟练使用windows API函数，熟悉STL等常用类库； 4、具备基本的软件调试技术，具备良好的学习能力和分析解决问题能力； 5、代码风格良好，注意细节，有责任心，对产品质量追求极致，较好的沟通能力，团队意识强。,3月18日,公司位于深圳市宝安区，正式成立于2013年，是一家专业从事视讯类消费电子产品研发、生产、销售的高新技术公司。产品主要涉及便携显示器、车载显示器，触控一体机。一泓微电子始终秉持“专注，创新”的企业理念，一直以来非常重视技术的研究开发。目前，蓝玫获得多项技术专利及软件研发成果，并与国内外多家高等院校及研究机构建立了合作。产品行销于全球100多个国家和地区。公司品牌有ehomewei，6d sharks（国外）,"https://www.zhaopin.com/jobdetail/CC680044330J40746076912.htm?refcode=4019&srccode=401901&preactionid=a7c1140f-c46c-45e5-b867-ab342d8bdc77"
1732,软件测试,西安-长安区,8000-10000元,西安宝威信息技术有限公司,"电子设备制造,专用设备制造",20-99人,未融资,CCL1461168770J40726500416,岗位职责： 1、 初期以软件测试工作为主，负责搭建测试环境，执行测试用例，记录并反馈软件缺陷，协助开发团队定位和解决问题，保障软件产品质量。 2、在生产任务繁忙阶段，需协助参与电装及硬件测试相关工作，如设备组装、功能检测等，确保生产进度顺利推进。 3、学习并掌握公司产品相关技术知识，包括硬件原理、软件架构及逻辑控制流程，为后续职业发展打下坚实基础。 4、与团队成员保持高效沟通，及时汇报工作进展，协同完成各项任务目标。 任职要求： 1、要求2025年211及以上院校本科应届毕业生。其中计算机科学与技术、软件工程、电子信息工程、自动化等相关专业优先。 2、熟悉至少一种编程语言（如Java、Python、C/C++等），了解基本的数据结构和算法知识。 3、具备良好的学习能力和逻辑思维能力，能够快速掌握新技术、新工具。 4、工作积极主动，责任心强，具备较强的抗压能力，能适应生产繁忙期的工作节奏和任务调配。 5、有软件测试相关项目经验或实习经历、参与过学科竞赛者优先考虑。,6月27日,西安宝威信息技术有限公司是一家从事相控阵监视雷达研发、生产及配套服务的高科技企业。公司主要产品为有源相控阵监视雷达，可用于低空监视安防、大区域地面/水面监视安防，如边境/油田周界/机场周界安防监控、渔港/桥梁/港口/航道监控、大型厂区监控、便携抵近侦察等。公司核心研发团队深耕雷达设计领域十余年，团队自研的低空反无人机系列和地面系列监视雷达产品，突破了自适应杂波处理、密集多目标检测跟踪、低成本小型化TR组件设计等关键技术，使该系列产品在市场同类产品竞争中，在环境适应能力、智能化水平和成本方面，具有突出的优势。公司拥有齐全的研发仪器仪表设备，建设有专业的雷达实验用微波暗室，开发了多种高自动化测试工具，沉淀形成了完整的开发、测试和生产流程，技术体系完备。公司将不断致力于雷达系统前沿技术的探索和创新，持续为客户提供优质的产品和服务。公司战略定位：全球卓越雷达制造商。,"https://www.zhaopin.com/jobdetail/CCL1461168770J40726500416.htm?refcode=4019&srccode=401901&preactionid=a7c1140f-c46c-45e5-b867-ab342d8bdc77"
1733,技术支持工程师,上海-静安区,7000-12000元·13薪,上海富蓝机电设备有限公司,"仪器仪表制造,仪器仪表制造,电气机械/电力设备",20-99人,不需要融资,CC408694810J40668411406,岗位职责： 1.负责快速连接系统的选型； 2.负责技术培训和技术支持；  3.负责产品维护和故障技术分析； 4.负责标书技术部分的编制。 岗位要求： 1．本科，机械制造、机电一体化、流体传动、工业电气自动化等相关专业优先； 2．具有机械类产品的产品经验者优先； 3．勤奋好学，积极进取； 4．英语良好； 5．工作认真负责，责任心强，有团队合作精神，能够承受工作压力。,4月25日,我公司成立于2008年8月29日，是专业的高端产品代理商。公司致力于为客户提供专业解决方案和完善的服务。我公司是德国Walther-Präzision快速接头的中国总代理。德国Walther-Präzision是制造快速连接产品的领导者，产品因高质量、高性能、高可靠性而著称世界，Walther-Präzision快速连接系统是世界高端设备的首选，广泛应用于钢铁、汽车、石化、机械制造、航空航天等行业。我公司美国Mirion集团旗下的RMS辐射监测设备的中国总代理，Mirion集团旗下的RMS辐射监测设备产品享誉全球，广泛应用于核电、医疗、环境等领域。,"https://www.zhaopin.com/jobdetail/CC408694810J40668411406.htm?refcode=4019&srccode=401901&preactionid=a7c1140f-c46c-45e5-b867-ab342d8bdc77"
1734,前端开发,北京-西城区,1-1.8万,北京城垣数字科技有限责任公司,计算机软件,20-99人,,CC345369930J40565358109,"岗位职责：1.负责产品的Web前端代码开发、页面重构以及交互设计逻辑处理; 2.与产品、UI设计、后台开发人员等协作实现产品功能; 3.优化Web前端应用，改善用户体验,保证兼容性和执行效率; 4.配合后台开发人员完成项目； ",5月9日,"北京城垣数字科技有限责任公司（简称城垣数字）创立于2013年10月。公司专注于智慧规划新技术研发，依托核心产品规划大平台和规划云平台为客户提供一体化的规划信息化解决方案，并提供规划大数据挖掘分析及规划公众参与等技术服务。城垣数字拥有一支精干的科研团队，与多家国家级专业研究机构、知名高校和企业建立了良好的合作关系。公司科技产品在北京城乡规划得到了广泛应用,获得多项地理信息科技进步奖及建设部优秀城乡规划设计奖。","https://www.zhaopin.com/jobdetail/CC345369930J40565358109.htm?refcode=4019&srccode=401901&preactionid=a7c1140f-c46c-45e5-b867-ab342d8bdc77"
1735,技术支持工程师,厦门-集美区,8000-10000元,厦门嘉康饲料有限公司,农/林/牧/渔,100-299人,不需要融资,CC221964010J40194174712,岗位描述： 1、负责售后服务，技术帮扶； 2、帮助养殖户处理养殖过程中出现的各种问题； 3、帮助客户水质检测、产品检测等各种数据检测； 4、帮助经销商维持及拓展销售渠道及售后服务； 4、完成领导交代其他任务 任职要求： 1、本科以上学历，水产养殖、生物工程等相关专业 2、能适应长期外派工作，有交通工具。 3、水产养殖或相关专业优先； 4、具有团队协作能力，服务意识强 5、思维活跃、主动强、有强烈的责任感。  职位福利：包住、包吃、通讯补助、绩效奖金、交通补助、五险一金   ,7月3日,厦门嘉康饲料有限公司成立于2001年，是一家专业研发、生产和销售高端水产配合饲料的民营科技型公司。本公司坐落于厦门市集美北部工业区，占地面积约33000平方米，现拥有2个标准化生产车间，6条膨化饲料生产线，年生产能力达到4万吨。2010年公司启动二期建设，新建成的10000多平方米饲料车间、仓库即将投入使用，将新增虾料、海水鱼料等专用生产线4条，扩建后我司年生产各类饲料的能力将达6万吨。本公司严格实施质量管理工程，通过了ISO9001:2000国际质量认证体系，拥有“嘉盛”、“汇嘉”和“嘉发”三大品牌，其中2010年本公司水产配合饲料注册商标“嘉盛”获福建省著名商标。公司自成立以来一直重视新产品开发，长期与全国各高等院校、科研机构紧密合作，依托科技力量，创新性地将最新技术和市场需求密切结合，开发了系列安全、高效的、优质的“绿色产品”——对虾配合饲料、黄鳝配合饲料（本产品在国内市场中占有率第一）、鲈鱼配合饲料、海水鱼配合饲料、石斑鱼配合饲料、大黄鱼配合饲料、蓝子鱼配合饲料、黄颡鱼配合饲料、鳗鲡配合饲料、蛙配合饲料、乌龟配合饲料、甲鱼配合饲料”等，有力地促进了水产健康养殖业的持续发展。同时，公司扩建了观赏鱼饲料专用生产线，面向市场提供血鹦鹉、花罗汉、金鱼、锦鲤、热带鱼、宠物龟及其它各种各类观赏鱼所需的专用增色配合饲料。本公司一直坚持“质量第一、客户至上”的经营理念；“一流产品、一流服务”的服务宗旨；“以人为本、和谐发展”的用人策略，取得了跨越式发展。为适应市场竞争，增强企业经营管理绩效，公司大力实施“人才广兴”战略，积极培训员工及合理引进人才，现拟广招英才，欢迎广大有志贤士加盟，与我们共创辉煌。公司福利：五险+商业险年终13薪包吃住法定休息日乘车路线：1.BRT线路：岛内乘坐BRT快1线－（嘉庚体肓馆站）下车坐链接线L21到浒井站，打摩的到公司门口或沿华陵路步行10分钟左右，即可到达公司门口。　2.公交线路：同安.梧村车站坐往658 655 651的车，在霞梧站下车，打摩的到公司门口（5元钱）或坐954 953 950到浒井站。 3.海沧.杏林线路：乖公交到杏林转乘907公交，到浒井站下。★面试时携带资料有：　1、水笔一支　2、身份证原件　3、相关学历资格证书的原件★应聘者通过面试后，须查验的证件原件，以及上交的证件复印件资料有：　1、身份证复印件2张（二代身份证须复印正反两面）；　2、毕业证复印件1张；　3、本市户口人员失业证原件及户口本复印件1张；　4、本人近期白底一寸彩色相片3张； 5、社保卡复印件1张（未在厦门办理过社医保人员无须缴交，由公司办理）；　6、非本市户口人员暂住证复印件1张；　7、厦门工商银行卡复印件一份，并签上姓名；　8、报到当天请带上水笔一支　9、餐具一套和口杯一个注：以上复印件请用A4纸复印。请注明你所要申请的职位。,"https://www.zhaopin.com/jobdetail/CC221964010J40194174712.htm?refcode=4019&srccode=401901&preactionid=a7c1140f-c46c-45e5-b867-ab342d8bdc77"
1736,C/C++,北京-None,1-2万,北京欧诺嘉科技有限公司,"计算机软件,计算机硬件,仪器仪表制造",20-99人,未融资,CC192004720J40154127804,工作内容:,6月8日,"欧诺嘉科技有限公司是一家以三维扫描数字化及三维测量为核心的技术服务公司，公司由国际及国内行业知名专家组建创办，专注于向各个领域客户提供三维扫描、三维测量、数字化技术服务，致力于研究和开发不同行业领域内的三维测量解决方案、软件系统平台，让客户享受全球领先的三维测量技术带来的价值提升。我们的宗旨是利用我们的专注精神，给您提供专业服务，给您带来专属价值提升！我们数百个服务成功案例覆盖以下各种领域： 1.建筑工程，现存建筑三维存档, BIM信息采集,钢结构虚拟装配,异型建筑模拟构建，建筑装饰装修设计等。 2.文物考古:文物和遗产数字化存档，数字博物馆建设，文物信息管理信息系统开发，数字化遗址保护规划、考古现场挖掘三维数字化记录、存档。 3.数字工厂：化工领域数字工厂建模,工厂三维数据存档,工厂全生命全周期信息采集,设备虚拟安装,虚拟流水线生产。 4.数字城市：城市、社区三维扫描（结合地面、移动扫描系统和无人机系统），重点区域三维扫描及建模、监控与真三维模型联动、视频融合技术三维标定参照。 5.航空航天：航空航天系统高精度测量测定，工业逆向设计，辅助制造，工件数字化存档，现代化装备制造管理。 6.船舶服务：船舶制造装配扫描，船舶变形分析，船内扫描，船内设施升级改造及维修测量和设计服务。 7.影视制作：影视行业场景扫描及建模,影视角色及道具扫描及建模,三维动作捕捉,数字原型构建。 8.容量计量：通过固定、移动以及空中三维测量方法，计算各种材质堆体、不规则形体的体积计算,各种容器、罐体的容积,直接生成客户需要的容积表。我们的使命是—成为全球最专业的三维测量和扫描技术服务提供商。","https://www.zhaopin.com/jobdetail/CC192004720J40154127804.htm?refcode=4019&srccode=401901&preactionid=a7c1140f-c46c-45e5-b867-ab342d8bdc77"
1737,软件测试,成都-金牛区,1.1-1.3万·13薪,四川喵喔文化传媒有限公司,广告/营销,20-99人,,CCL1371558780J40697602006,岗位内容： 1. 设计和执行测试用例，并记录测试结果。 2. 分析并报告软件缺陷，包括重现步骤、缺陷严重程度和影响范围。 3. 参与产品设计过程，提供测试建议和反馈。 4. 开发自动化测试脚本和工具。 5. 执行性能和负载测试的任务。 任职要求： 1. 具有本科以上学历，计算机科学或相关领域优先。 2. 熟悉测试方法论和流程，能够编写高质量的测试用例。 3. 熟练使用至少一种自动化测试框架和脚本语言（如Selenium、Python、Robot Framework）。 4. 了解软件开发周期和敏捷开发流程。 5. 优秀的沟通和协作能力，能够与跨部门的团队成员合作。,7月24日,,"https://www.zhaopin.com/jobdetail/CCL1371558780J40697602006.htm?refcode=4019&srccode=401901&preactionid=a7c1140f-c46c-45e5-b867-ab342d8bdc77"
1738,技术支持工程师,珠海-香洲区,6000-10000元,斯普乐(珠海)生物科技有限责任公司,医疗设备/器械,100-299人,未融资,CCL1435451080J40728663711,职责： 1、海外客户维护，市场活动支持，售前技术培训。 2、对代理商以及终端医院用户的培训，使用指导以及客户意见反馈的收集。 3、组织不同国家的学术活动会议，大专家的日常维护。 5、医疗设备的的技术支持，常见故障的解决。 要求： 1、本科学历，扎实的模电数电基础。 2、英语4/6级基础，基本口语流利。 3、能适应短期国外出差（1-3周） 4、性格积极乐观，有社会实践或者在校有学生会或社团组织经验。 5、良好的交际能力和沟通协调能力 6、接收应届毕业生,6月4日,斯普乐（珠海）生物科技有限责任公司核心团队来自医疗上市公司，深耕医疗器械行业多年，拥有一支高效率、高素质、具有丰富医疗设备开发经验的研发团队和丰富销售经验的内外贸团队，凝聚和培养了一大批有创新能力、经验丰富的行业精英。斯普乐（珠海）生物科技有限责任公司是一家集医疗器械研发、生产、销售和服务为一体的国家高新技术企业，公司主要从事泌尿耗材，一次性肾盂内窥镜导管、钬激光治疗仪、激光光纤的研发、生产和销售等业务，并为用户提供售后和技术咨询服务。,"https://www.zhaopin.com/jobdetail/CCL1435451080J40728663711.htm?refcode=4019&srccode=401901&preactionid=a7c1140f-c46c-45e5-b867-ab342d8bdc77"
1739,测试工程师,上海-None,3000-6000元,字节跳动,互联网,10000人以上,,CC469217510J40650402501,岗位职责： 日常实习：面向全体在校生，为符合岗位要求的同学提供为期3个月及以上的项目实践机会。 团队介绍：生活服务业务依托于抖音、抖音极速版等平台，致力于促进用户与本地服务的连接。过去一年，生活服务业务开创了全新的视频种草和交易体验，让更多用户通过抖音发现线下好去处，也帮助众多本地商家拓展了新的经营阵地。我们期待你的加入，一同为亿万用户创造更美好的生活。 1、参与产品测试的全流程，包括需求评审、设计评审、制定测试计划、测试用例设计及执行、缺陷跟踪、测试报告等； 2、开发测试工具和自动测试框架、自动测试脚本，进行自动化测试，提升测试效率； 3、对产品、流程提出持续性改进意见，提升产品质量和研发效率。 任职要求： 1、本科及以上学历在读，计算机软件、通讯相关专业优先； 2、熟悉至少一种编程语言； 3、良好的数据结构、算法基础； 4、学习能力强，有较强分析、定位和解决问题的能力，较强逻辑思维能力和表达能力。,7月11日,"字节跳动成立于2012年3月，公司使命为“Inspire Creativity, Enrich Life（激发创造，丰富生活）”。公司业务覆盖150个国家和地区，拥有15万名员工。字节跳动在全球推出了多款有影响力的产品，包括今日头条、抖音、西瓜视频、飞书、Lark、PICO、剪映、TikTok等。截至2021年6月，字节跳动旗下产品全球月活跃用户数超过19亿。","https://www.zhaopin.com/jobdetail/CC469217510J40650402501.htm?refcode=4019&srccode=401901&preactionid=a7c1140f-c46c-45e5-b867-ab342d8bdc77"
1740,科研人员,上海-徐汇区,2-2.5万,中国科学院上海有机化学研究所,农/林/牧/渔,20人以下,,CC397943920J40629445807,中国科学院上海有机化学研究所刘智攀课题组隶属于金属有机化学全国重点实验室，主要从事理论计算方法开发和催化过程模拟、人工智能与催化研究。现因工作需要，向社会公开招聘金属有机催化实验方向博士后1名。具体要求如下：   一、岗位职责：   从事金属有机催化相关实验研究。   二、应聘条件：   1.接受过金属有机化学的实验训练； 2.有较强的独立工作能力和中英文写作能力，有兴趣进行交叉和合作研究； 3. 具有C-H键活化研究或烯烃羰化反应研究背景者优先； 4.具备博士学历学位。   三、岗位待遇：   录用人员待遇按国家、中国科学院、上海市和本所相关政策制度执行，基本待遇25-30万元/年；协助申请上海市“超级博士后”计划和国家“博新计划”，同时支持申请人以项目负责人身份申请各级科研基金。   四、招聘办法及要求： 1.招聘有效期：招满即止。对应聘者进行资格审查，对初审通过者将另行通知面试时间； 2.应聘材料：个人简历； 3.联系方式：感兴趣者请将应聘材料发送至******************（刘智攀）或********************（马思聪），标题注明“博士后应聘-姓名”【应聘方式：有意应聘者请登录中国科有机化学研究所官网查看详情并按照要求投递简历（以官网为准）】   课题组主页：http://www.lasphub.com/database/#/zpliu。,7月23日,"中国科学院上海有机化学研究所（简称上海有机所），是一个历史悠久、人才荟萃、实力雄厚、设备一流、成果丰硕，在国内外享有较高声誉和影响的有机化学研究中心；是一个集基础研究、应用研究和高技术创新研究为一体的综合性化学研究所，上海有机所创建于1950年6月，是中国科学院首批成立的15个研究所之一，前身是建立于1928年7月的前中央研究院化学研究所。从开展抗生素和高分子化学的研究起步，经过近60多年几代人艰苦创业、奋力拼搏，在以有机化学研究为中心的基础研究、应用研究与高新技术开发、人才培养等方面均取得令人瞩目的成就。在我国“两弹一星”研制、“人工合成牛胰岛素、人工合成酵母丙氨酸转移核糖核酸”和“物理有机化学中的两个基本问题：自由基化学中取代基离域参数和有机分子簇集概念”等一批攀登科技高峰的重要成果中，我所科研人员做出了重要贡献。 1998年上海有机所首批进入中国科学院知识创新工程。从此以多学科交叉为特色，以国家战略和国民经济重大问题为导向，以有机化学基础研究和应用基础研究为主导，围绕人口与健康、资源与环境、新材料三大领域，重点突出健康和生命、环境和生态系统、资源利用与开发、新材料、能源开发应用和国家安全等领域中相关的基本有机化学课题等六大研究方向，带动化学生物学、金属有机化学、有机合成化学、元素有机化学、物理有机化学、化学信息学、有机材料化学和有机分析化学等八大学科发展。上海有机所现有生命有机化学国家重点实验室、金属有机化学国家重点实验室、中国科学院氟化学重点实验室、中国科学院天然产物有机合成化学重点实验室，中国科学院有机功能分子合成与组装化学重点实验室、中国科学院生物与化学交叉研究中心、推进剂关键材料重点实验室，沪港合成化学联合实验室，中国科学院有机合成工程研究中心以及企业联合实验室等。受中国化学会委托，编辑出版《化学学报》、《Chinese Journal of Chemistry》和《有机化学》三份SCI收录刊物。全所截止2016年底有职工865人，其中中国科学院院士9人，研究员81人,中国科学院“百人计划”入选者36人，国家杰出青年科学基金获得者23人，顶尖“千人计划”入选者1人，“千人计划”创新人才短期项目入选者1人，“千人计划”青年项目入选者20人。在学研究生581人。在站博士后48人。建所以来，共获各种科研成果奖348项，包括国家三大奖72项，其中国家自然科学一等奖3项（其中2项为合作）、二等奖18项（其中1项为合作）；国家创造发明奖3项和国家发明二等奖4项（其中3项为合作）；国家科技进步奖特等奖3项（合作），一等奖1项（合作），二等奖11项（其中5项为合作）；获得包括中国科学院自然科学一等奖28项在内的中国科学院各类奖145项；上海市科技成果奖82项。获授权专利656项（其中国外专利20项），共发表学术论文11150余篇。上海有机所与世界各国科研机构和高等学校建立了广泛的联系，深入开展国际合作与交流，注重加强与国内外大型企业和学校的合作。上海有机所将与时俱进，实现跨越式发展，努力建成世界有机化学的重要研究基地、中国有机化学的研究中心和培养一流有机化学家的摇篮。","https://www.zhaopin.com/jobdetail/CC397943920J40629445807.htm?refcode=4019&srccode=401901&preactionid=a7c1140f-c46c-45e5-b867-ab342d8bdc77"
1741,测试工程师,长春-二道区,4000-6000元,吉林省星科工程技术服务有限公司,IT服务,100-299人,,CCL1506630460J40695463106,岗位内容：  1. 负责测试方案制定及执行、测试结果分析和问题排查等； 2. 针对测试过程中出现的问题，积极主动地与开发人员进行沟通并提出解决方案； 3. 参与产品规划、需求评审等工作，确保测试工作的全面性和有效性； 4. 支持其他测试任务，如性能测试、兼容性测试等。 任职要求：  1.大专及以上学历， 2. 30岁以下。接受无经验，试用期有人带。,7月18日,,"https://www.zhaopin.com/jobdetail/CCL1506630460J40695463106.htm?refcode=4019&srccode=401901&preactionid=a7c1140f-c46c-45e5-b867-ab342d8bdc77"
1742,C/C++,沈阳-浑南区,1.3-2万,沈阳天仁合一科技有限公司,医疗设备/器械,20-99人,未融资,CCL1295272610J40826208408,1.负责医疗仪器终端软件的开发工作； 2.编写软件相关的开发设计文档； 3.熟练使用andriod开发； 4.熟练使用QML进行软件界面开发，了解串口通讯、USB通讯、UVC相机、TCP/UDP等相关硬件开发知识； 5.掌握跨进程、多线程编程，对任务调度和任务间通讯有深刻理解； 6.熟练使用Git等版本管理工具，有扎实的设计功底、规范的代码和文档习惯。 职位要求： 1.软件工程、计算机、通信、电子信息、自动化及相关专业本科及以上学历； 2.精通C++、安卓语言开发； 3.精通QT Creator开发环境、具有良好的C/C 语言基础，熟悉多平台编程，熟练掌握VC 、QT或其他C 开发工具，有医疗设备软件从业经验优先考虑； 4.熟练运用MySQL数据库； 5.具有临床检验设备、医疗设备相关工作经验者优先。,7月24日,沈阳天仁合一科技有限公司是自2019年专业从事中医智能装备研发、生产和技术服务的国家高新技术企业、雏鹰企业、辽宁省“专精特新”中小企业和辽宁省研究生联合培养示范基地。以中医智能装备研发生产为核心，集中医互联网医院、中医智慧药房、中医人才培训、精品中药管理于一体的中医智能装备系统综合平台。天仁合一遵循传统中医匠人精神和中医生命科学理论，融合现代人工智能（AI）科学技术，使中华中医学与现代科技完美结合，形成了独具特色的智慧研发系统，完成中医治疗的智能化、科学化、信息化、系统化。公司作为承担单位，联合辽宁中医药大学、辽宁省中医药科学院等单位组建了沈阳市中医智能医疗装备产业技术研究院，是全国首个“中医人工智能装备”方向的产业技术创新平台，2019年12月经沈阳市科学技术局认定为“沈阳市新型研发机构”，2021年10月被辽宁省科技技术厅认定为“专业技术创新中心”。研究院秉承需求导向、全面开放、深度融合、创新引领原则，整合政府、高校、科研机构、企业和社会的优势创新资源，集聚政、产、学、研、用等创新要素，以人工智能（AI）+中医药为核心技术，以拓宽临床服务范围、满足临床需要为目标，集成人工智能、大数据、云计算、移动医疗、物联网、应用微电子、高可靠性元器件技术、传感技术等新兴技术，研发中医预防、检测、诊断、治疗、康复与监护系列设备；开发可移动、可穿戴、智能化的“互联网+”中医医疗器械与辅助系统；促进智能化中医医疗器械与互联网、移动终端融合发展。截止到2021年年末，研究院共申报及参与政府科技项目20项（其中含国家级工信部项目2项），牵头申报16项，参与申报4项。累计申请专利65项，专利累计授权22项。其中2021年研究院完成了25项专利申请，其中发明专利16项，实用新型5项，外观设计2项，软著2项。起草产品标准5项，并完成了产品第三方检测和产品标准备案。乘车路线：可乘坐公交V113至东软熙康站点下车/有轨电车3号线、4号线至东软医疗园下车，东软医疗基地B2栋1楼即是。可乘坐班车，途经铁西、沈河、大东、皇姑、和平、苏家屯、浑南各区，可具体咨询班车站点。,"https://www.zhaopin.com/jobdetail/CCL1295272610J40826208408.htm?refcode=4019&srccode=401901&preactionid=a7c1140f-c46c-45e5-b867-ab342d8bdc77"
1743,Java,太原-小店区,4000-6000元,山西盈众科技有限公司,"互联网,互联网",20人以下,未融资,CC531323120J40541875511,岗位职责 1、响应产品提出的需求，协调并完成相应功能、性能的开发，并提出建设性意见； 2、参与软件开发和维护过程中重大技术问题的解决； 3、协助项目经理和相关人员同客户进行沟通，保持良好的客户关系； 任职要求 1、本科及以上学历，计算机软件或相关专业； 2、可以熟练使用Spring、SpringMVC、Mybatis、Redis、springboot、springcloud框架； 3、可以熟练使用idea、Git等工具； 4、熟悉mysql、mongoDB、Redis、人大金仓（国产数据库）语法，可以熟悉掌握SQL的语法。 5、具有良好的沟通、团队协作、抗压、计划、创新和学习能力； 6、.具备良好的代码书写规范，能够完成项目文档编制；,7月25日,"山西盈众科技有限公司成立于2008年，注册资金1000万元，业务主要涉及软件开发、技术咨询服务、建筑智能化工程、通信工程、网络工程、机电工程等方面，是一家集软硬件配套服务的综合型民营高科技公司。公司一贯秉承“专业技术为核心，自主创新助发展，优质服务固基石，真诚守信赢市场”的运营理念，经过十余年的奋发进取，培养了一批高素质高技能的专业人才队伍、完成了多项重点工程信息化集成建设、获得了多个软件著作权，赢得了客户和市场的高度认可和肯定，综合排名在同行业中位居前列。目前，公司拥有市场运营、软件研发、系统集成三大核心部门，建立了完善的管理体制。我们将凭借雄厚的技术实力、丰富的工作经验、细致全面的服务，不断为客户提供满意的服务。服务宗旨——客户为本、诚实守信使命——致力于全场景系统集成研发,为全行业提供高效安全的信息化解决方案目标——成为本行业领先的信息化解决方案集成商、服务商企业价值——进取、守信、共赢团队精神——勤奋努力、勇于攀登、共创卓越运营理念——专业技术为核心，自主创新助发展，优质服务固基石，真诚守信赢市场公司展望盈众人将以科技强国为己任，以时不我待的紧迫感和只争朝夕的责任感，抓住机遇、迎接挑战、创新发展，以饱满的热情、昂扬的斗志、旺盛的干劲打造出自己的一片天地！“盈心聚力、众志成诚”，让我们携手共进，一起谱写盈众美好的明天！","https://www.zhaopin.com/jobdetail/CC531323120J40541875511.htm?refcode=4019&srccode=401901&preactionid=a7c1140f-c46c-45e5-b867-ab342d8bdc77"
1744,Java,武汉-江汉区,1.3-2.6万·15薪,外企德科数字技术有限公司,专业技术服务,10000人以上,,CCL1480117890J40796620905,招聘地区： 北京，上海，南京，杭州，苏州，深圳，东莞，西安，成都，武汉，长沙 岗位内容： 1. 设计、开发并维护Java应用程序。 2. 解决各种技术难题，保证代码的可靠性、高效性和安全性。 3. 参与软件设计的讨论和计划制定。 4. 与其他团队成员协作工作，提高团队整体技术水平。 任职要求： 1. 熟悉Java语言及相关技术，熟悉Spring框架。 2. 具有扎实的编程基础和良好的面向对象编程思想。 3. 对常见数据库如MySQL、Oracle等有一定的了解和应用经验。 4. 对Web开发技术有深入理解，熟悉前端技术如HTML、CSS、JavaScript等。 教育经历：本科及以上,2025-07-27 00:26:10,外企德科数字技术有限公司是一家2023年新成立的中外合资企业。成立于2023年11月24日，公司定位：专注于为信息技术企业提供人才及数字技术外包解决方案的中外合资企业。它是由中国人力资源服务行业的FESCO（北京国际人力资本集团）与全球人力资源服务领导者The Adecco Group（德科集团）合资成立的。公司主要提供网络技术服务、软件外包服务、计算机系统服务、技术进出口、软件开发等信息技术相关服务。专注于为信息技术企业提供信息技术类人才及数字技术外包解决方案。,"https://www.zhaopin.com/jobdetail/CCL1480117890J40796620905.htm?refcode=4019&srccode=401901&preactionid=a7c1140f-c46c-45e5-b867-ab342d8bdc77"
1745,技术支持工程师,潍坊-奎文区,2001-4000元,杭州海康威视数字技术股份有限公司,"人工智能,工业自动化,人工智能,物联网",10000人以上,已上市,CC120975580J40839280015,职位描述： 1、熟悉公司现有全系列产品，负责产品演示、系统测试工作，负责展示环境的搭建和现场讲解，协助重点项目入围测试、竞争性测试； 2、负责自有产品或系统的技术指导（指导安装、指导调试）、关键系统与平台调试、试运行保障、能力转移（技术培训）及辅助验收等，帮助客户或用户建立可正常运行的实体系统； 3、负责面向客户或用户的技术培训工作； 4、负责客户沟通协调、需求与风险管控、变更及问题管理、进度及成果物管理，确保项目顺利交付。   任职资格： 1、本科及以上学历，计算机、自动化、通信或电子类相关专业优先； 2、具备IT或安防行业技术维护实习工作经验优先，熟悉局域网、广域网计算机网络结构； 3、熟悉网络相关知识，掌握一定的网络相关技术和异常问题判断、处理技能；4、具有较强的分析和解决问题的能力、动手能力和应变能力，良好的沟通能力； 5、能适应高强度的工作，有较强的压力承受能力； 6、具有良好的团队合作和服务意识；诚信正直，责任感强。,4月27日,【公司介绍】海康威视成立于2001年，是一家专注技术创新的科技公司，致力于将物联感知、人工智能、大数据技术服务于千行百业，引领智能物联新未来：以全面的感知技术，帮助人、物更好地链接，构筑智能世界的基础；以丰富的智能产品，洞察和满足多样化需求，让智能触手可及；以创新的智能物联应用，建设便捷、高效、安心的智能世界，助力人人享有美好未来。【公司实力】全球业务覆盖150+国家/地区，11大全球研发中心，7大全球制造基地；58000+全球员工，其中研发人员和技术服务人员超27951人，研发投入占全年营业收入11.80%，绝对数额占据业内前茅（2022年年报）；视频感知—国家新一代人工智能开放创新平台（中华人民共和国科学技术部颁布）；连续6年蝉联“全球安防50强”第1位（a&s《安全自动化》）；连续6年蝉联“中国最佳雇主”全国30强（智联招聘）。【薪酬福利】基础福利：五险一金、补充商业保险、年度健康体检；假期福利：带薪年假、全薪病假、婚假、产育假、母婴照顾假、育儿假等；多重补贴：餐饮补贴、交通补贴、通讯补贴、团队建设津贴；乐活配置：免息住房借款、特色员工餐厅、免费停车场、免费健身房、理疗室、定期义诊等园区服务等（园区服务部分区域可享，详请咨询当地HR）；人才激励：年终奖、核心员工跟投创新业务计划股权激励、金砖奖；*公司为常驻海内外的员工，提供健全的物质和人身保障、人性化的探亲福利。,"https://www.zhaopin.com/jobdetail/CC120975580J40839280015.htm?refcode=4019&srccode=401901&preactionid=a7c1140f-c46c-45e5-b867-ab342d8bdc77"
1746,Java,深圳-南山区,1.5-2.5万·13薪,中國通信服務香港有限公司,IT服务,100-299人,,CCL1242307880J40637874703,角色职责： 1)负责系统核心Java/Python代码编写、关键模块开发、技术文档编写、代码维护等； 2)负责项目的功能设计（概要设计、详细设计）、界面结构设计、各层次之间的接口设计、数据结构设计； 3)持续改进系统架构和核心技术，优化系统性能，分析和解决技术问题，保证系统的安全、效率、可用性； 4)参与需求沟通，高质量完成需求分析，并推动项目实施和交付； 5)参与技术评审，对软件需求.设计.代码或其他技术文档进行检查，提出改善建议； 6)积极研究新技术和行业动态，将其应用到项目中，提升系统效率、质量，持续提升个人技术水平。 岗位要求： 1)本科及以上学历，计算机、通信、信息等相关专业； 2)会用C++/Java/Python等编程语言，持有软件设计师、PMP等相关证书优先； 3)熟练掌握各种开发框架和工具，熟悉常用数据库，包括MySQL、Oracle等； 4)有Web开发经验，熟悉各种前端开发技术，如HTML/CSS、JavaScript、Vue.js等； 5)责任心较强，学习能力强，执行力和抗压能力强。,4月25日,中国通信服务香港有限公司，隶属于中国通信服务股份有限公司（股票代码H0552）。致力于为通信运营商、政府、企业客户提供一体化的通信网络建设服务、ICT系统集成服务等，打造新一代综合智慧服务商。公司在香港、澳门拥有近400人的服务队伍，业务遍及世界各地，是港澳地区大型的中资通信信息服务上市公司。,"https://www.zhaopin.com/jobdetail/CCL1242307880J40637874703.htm?refcode=4019&srccode=401901&preactionid=a7c1140f-c46c-45e5-b867-ab342d8bdc77"
1747,测试工程师,合肥-肥西县,5000-8000元,合肥来点酷计算机技术有限公司,计算机硬件,20-99人,,CCL1485450570J40654616110,岗位职责：,7月7日,,"https://www.zhaopin.com/jobdetail/CCL1485450570J40654616110.htm?refcode=4019&srccode=401901&preactionid=a7c1140f-c46c-45e5-b867-ab342d8bdc77"
1748,硬件测试,郑州-巩义市,6000-10000元,重庆科满福人力资源服务有限公司,企业服务,20-99人,,CCL1487604860J40925296104,【岗位职责】 ： 1、进行新产品研发阶段的测试工作 2、完成新产品的功能测试、可靠性测试、环境测 试、安全测试等技术工作 3、制定测试计划，设计测试用例，分析测试数 据，编制测试报告 4、为其他部门提供技术支持，与其他部门的产品 联合测试工作 ,6月29日,,"https://www.zhaopin.com/jobdetail/CCL1487604860J40925296104.htm?refcode=4019&srccode=401901&preactionid=a7c1140f-c46c-45e5-b867-ab342d8bdc77"
1749,C/C++,北京-海淀区,1-2万,外企德科数字技术有限公司,专业技术服务,10000人以上,,CCL1480117890J40792066905,【能力要求】 1、计算机、软件工程、数学等理工科专业背景，本科及以上学历； 2、掌握Java/Python/C/C++/JS等开发语言中的一种或多种，掌握常见的数据结构、算法，了解软件工程、敏捷开发等知识； 3、熟悉Linux系统，有平台系统开发经验，具备大规模并发系统开发经验者优先； 4、掌握常见软件设计模式，熟练掌握软件系统设计及开发的工具与方法； 5、良好的沟通协调能力和团队合作精神，乐于学习并善于学习， 动手能力及解决问题能力强。 【注意事项】 1.本科及以上学历（接受非应届） 2.已毕业（双证在手） 3.需先机考（线上）通过后面试 【产品线】 包括但不限于华为云计算、数据存储、数字能源、光产品线、2012实验室等等。 【工作地点】 杭州 成都 北京 深圳 上海 南京 松山湖 西安 苏州 武汉 东莞 济南。 如有其他疑问欢迎投递并询问~,2025-07-27 00:25:53,外企德科数字技术有限公司是一家2023年新成立的中外合资企业。成立于2023年11月24日，公司定位：专注于为信息技术企业提供人才及数字技术外包解决方案的中外合资企业。它是由中国人力资源服务行业的FESCO（北京国际人力资本集团）与全球人力资源服务领导者The Adecco Group（德科集团）合资成立的。公司主要提供网络技术服务、软件外包服务、计算机系统服务、技术进出口、软件开发等信息技术相关服务。专注于为信息技术企业提供信息技术类人才及数字技术外包解决方案。,"https://www.zhaopin.com/jobdetail/CCL1480117890J40792066905.htm?refcode=4019&srccode=401901&preactionid=a7c1140f-c46c-45e5-b867-ab342d8bdc77"
1750,Java,武汉-江夏区,2-4万,外企德科数字技术有限公司,专业技术服务,10000人以上,,CCL1480117890J40739041805,1：大学，理工科相关。 2：会一种语言就可Python、JAVA、JS、测试 3：华为目前在招城市：北京、上海、深圳、杭州、南京、西安、成都、武汉，以上研究院均有hc 4：华为目前在招产品线：BPIT，消费者终端，2012实验室，carbu ，IT装备部，华为云，GTS ，数字能源，光，无线，云核，公共开发，计算产品线，数存，数通，存储、数据库、云计算、人工智能、智能驾驶、音视频、实验室、芯片等 5：福利待遇 全程线上面试，全额六险一金，试用期全薪资，有班车和食堂，独立办公园区 6：工作时间:弹性打卡，周末双休，每天早上9点上班，12-2点午休2小时，提供免费夜宵，周三周五家庭日，月末最后一个周六上班双倍加班费,2025-07-27 00:23:29,外企德科数字技术有限公司是一家2023年新成立的中外合资企业。成立于2023年11月24日，公司定位：专注于为信息技术企业提供人才及数字技术外包解决方案的中外合资企业。它是由中国人力资源服务行业的FESCO（北京国际人力资本集团）与全球人力资源服务领导者The Adecco Group（德科集团）合资成立的。公司主要提供网络技术服务、软件外包服务、计算机系统服务、技术进出口、软件开发等信息技术相关服务。专注于为信息技术企业提供信息技术类人才及数字技术外包解决方案。,"https://www.zhaopin.com/jobdetail/CCL1480117890J40739041805.htm?refcode=4019&srccode=401901&preactionid=a7c1140f-c46c-45e5-b867-ab342d8bdc77"
1751,实施工程师,深圳-福田区,150-200元/天,新意科技,"计算机软件,证券/期货,IT服务,互联网",500-999人,未融资,CC120072230J40669016808,一、岗位职责： 1、为客户提供快速优质的售后保障服务（日常故障解决、业务咨询、升级服务、测试服务 等）； 2、及时维护客户信息、产品使用信息，建立良好的客户关系； 3、服务小项目的工程实施和验收。 二、任职要求： 1、 计算机科学与技术、软件工程、电子信息、数学等理工类相关专业，本科及以上学历，有 金融、会计等知识或软件开发实践尤佳； 2、熟悉Oracle数据库，了解J2EE架构； 3、适应必要的工作出差，抗压能力强； 4、良好的学习能力和团队合作精神，善于处理人际关系，有责任心； 5、认同新意发展目标和核心理念，热爱所从事的事业以及本职工作。 ​三、公司福利 【关于工作】提供有竞争力的薪资和人性化管理，实行5天7小时工作制，提供新人导师、专业培训，整洁舒适的工作环境； 【法定福利】五险一金，入职即享有带薪年假，国家法定节假日等； 【补充福利】商业保险、年度体检、过节福利、生日礼金、长期服务奖励、各种激励项目（轿车、国内外旅游等），羽毛球、瑜伽、部门团队活动等丰富的员工活动； 【晋升空间】新人入司转正后第一年有两次考核晋升机会。 ,2月26日,新意科技，成立于1997年，是一家专注于金融应用系统开发的专业软件公司，是经国家认定的高新技术企业，是中国证券一级、二级清算系统软件的重要提供商。新意科技，总部位于福州，目前拥有三家控股子公司：上海新意新科技有限公司、新意科创（厦门）信息科技有限公司、福州新意新网络有限公司，同时设立北京、深圳分公司，服务网络覆盖全国。截至目前，新意科技的产品涉及到券商各项中后台业务，应用范围涵盖证券公司、基金公司以及中国金融期货交易所、中央登记结算公司，实现对证券市场参与人信息、资金、证券的综合发展。公司自有软件著作权75项，并取得相应的42个软件产品登记证书及计算机系统集成三级资质，同时还是中国证券协会信息技术应用委员会观察员。新意科技凭借一支资深专业人士组成的管理团队，多年来潜心研究证券业务和信息技术的应用以及两者之间的互动关系，秉持利用信息技术推动证券行业的发展，规范业务管理的概念，致力于应用先进的管理思想开发证券业务管理系统软件，让信息技术和新的业务管理思想在产品中得以有机的融合、集成，使新意产品具有思想性、前瞻性、系统性的特点。以创新树立品牌，以专业彰显实力，以超越引领发展。新意秉承“以人为本、诚信、创新、合作”的理念不断培养精通金融证券业务的软件专业人才，公司80%以上为技术开发人员，每位员工通过个人的贡献和团队的集体努力为新意的发展提供源源不断的生命力。新意为您提供：【有竞争力薪酬】年薪：月薪*12月+各类津贴+年终奖；【基础福利保障】五险一金（按照工资全额12%缴纳公积金），国家法定节假日，带薪年假；【补充福利】商业保险、年度体检、过节福利、生日礼金、长期服务奖励、司龄津贴、各种激励项目（轿车、国内外旅游等），羽毛球、瑜伽、部门团队活动等丰富的员工活动；【人性化管理】实行5天7小时工作制，提供新人导师、专业培训，整洁舒适的工作环境；希望更多认同新意发展目标和核心理念、热爱金融IT事业的人才加入我们，共同见证中国金融证券业的发展。如果，你想要的是：一个广阔发展前景的朝阳行业一个参与金融行业利益分配的机会一座理想的工作和生活的城市一家发展稳健、务实低调的公司一份有竞争力的薪资福利一种简洁高效的办公环境一条清晰明确的职业发展路径一个足以承载你梦想和能力的平台那么，请加盟新意科技！连接亿万金融数据！2021，期待您的同行！更多详情，请登入新意科技官网：http://www.shinetechnology.com联系方式：0591-87382356电子邮箱：hr@shinetechnology.com福州市：鼓楼区六一北路558号金三桥大厦8层厦门市：思明区软件园二期观日路36号401上海市：普陀区武宁路19号丽晶阳光大厦1711室,"https://www.zhaopin.com/jobdetail/CC120072230J40669016808.htm?refcode=4019&srccode=401901&preactionid=a7c1140f-c46c-45e5-b867-ab342d8bdc77"
1752,C/C++,成都-郫都区,1.5-2.5万,成都天奥信息科技有限公司,"运营商/增值服务,电子/半导体/集成电路,仪器仪表制造,通信/网络设备",300-499人,未融资,CC220190810J40665637114,任职要求： 1、 熟练掌握C/C++语言开发； 2、 具备Qt项目开发经验、以及Linux系统或嵌入式操作系统开发经验者优先。,4月27日,成都天奥信息科技有限公司成立于2005年9月6日，是中电天奥有限公司控股高科技企业。公司以科技服务社会、信息产业报国为使命，以网络信息感知与应用发展为主线，构建“3+1+N”主营业务体系，以通信、导航、监视为核心专业，培育指挥控制专业，面向空、地、海提供信息应用与服务，产业定位于有核心技术的通信、导航、监视设备提供商、系统集成商和综合服务商。,"https://www.zhaopin.com/jobdetail/CC220190810J40665637114.htm?refcode=4019&srccode=401901&preactionid=a7c1140f-c46c-45e5-b867-ab342d8bdc77"
1753,实施工程师,南京-六合区,9000-18000元,青岛安然物联网科技有限公司,"物联网,物联网",20-99人,未融资,CC559764920J40822389604,需要弱电技术、自动化、安防系统、工业互联网+危化安全生产、物联网人才，不要纯软件人才。  你能经常到全国各地出差吗？你能到工业生产现场生产现场做技术支持吗？     真正的奋斗者在安然会有让人值得为之奋斗的事业，会有充实、高效的成长，会有高人一等的收入。,2月13日,基于精准人员定位的工业安全生产信息化管理专家，安全生产信息化管理引领者！作为全国实时定位技术标准工作组成员和应急管理部“工业互联网+危化安全生产”人员定位系统技术支持机构，安然从2012年起致力于基于ZigBee Plus三维立体按需精准定位的“工业互联网+安全生产”的研究，获得了20多项安全智能管控系统发明专利和著作权，持续引领中国化工行业生产现场智慧安全！安然以“准、稳、狠”的ZigBee Plus三维立体按需精准人员定位统和“底数清、数据准、情况明、研判准、措施实”的安全生产信息化平台为核心，整合访客管理、出入口控制、人脸识别、视频监控、语音广播、重大危险源监控、可燃有毒气体监测等系统，对生产现场人、机、料、法、环五大要素进行实时、动态、智能管控和预警，规范人的安全行为，保障人的生命安全，有效防范风险、主动化解风险，实现智慧安全。安然“以用为本”，把安全生产信息化建设与公司管理体系“深度融合”，把安全生产信息化建设与日常工作“紧密结合”，对安全生产切实“有用、实用、好用”，避免建用“两张皮”，让安全管控更智能，让生产更高效才实用。迄今已服务中石化、中石油、延长石油、国能、兖矿、京能、索普、新安、奇美、昊源、潞安、旭阳、垦利、逸盛、海科、酒钢、金发等几百家石化、化工、选煤、钢铁、电厂企业。安然以客户为中心，以强者为本，抬头乐干，愿意与同道中人联合、链接，携手共建、共用、共享生产安全命运共同体，一起干，一起干，让优秀企业更安全，让优秀企业更高效！,"https://www.zhaopin.com/jobdetail/CC559764920J40822389604.htm?refcode=4019&srccode=401901&preactionid=a7c1140f-c46c-45e5-b867-ab342d8bdc77"
1754,Java,深圳-龙岗区,1.5-3万·14薪,外企德科数字技术有限公司,专业技术服务,10000人以上,,CCL1480117890J40796023005,【业务介绍】围绕鲲鹏、昇腾生态，负责算力系统基础组件及平台研发，为多样性计算及大集群构建统一的基础软件，包括统一运行时、内存子系统、IO子系统、通信子系统、编译器编程语言、调度器、加速库、分布式中间件等，对上使能应用层充分发挥极致算力。应用场景包括通用计算领域（如HPC、分布式存储、大数据、虚拟化、数据库等）、AI计算领域（大模型、搜索推荐、检索等）应用加速。 打造面向多样算力的统一编程框架、调试调优开发工具链，使能应用开发者一站式高效开发。 【岗位要求:】 1、热爱编程，基础扎实，熟练掌握但不限于C/C++，JAVA，python，GO等编程语言中的一种或几种。 2、熟悉Linux操作系统，对常见的数据结构和算法有一定的了解。 3、具备独立工作能力和解决问题的能力，善于沟通，乐于合作，热衷新技术，善于总结分享。 目前在招聘的岗位：AI软件开发、通用软件开发、应用软件开发、编译器与编程语言开发、大数据开发、数据库开发 【岗位职责】 1、跟踪学术动态，梳理前沿技术，参与计算基础软件系统架构的技术规划和技术创新。 2、负责基础软件领域的大数据，AI，HPC，数据库，网络等领域的系统架构及关键模块的性能优化。 3、负责基础软件业务领域各个模块的开发工作。 【学历要求】：统招学信网可查，毕业证学位证齐全，本科、硕士及以上都可以 【经验要求】:至少会一门主流编程语言，学习能力强，对于一些优秀的应届可以接受无实际工作经验 【福利待遇】： 1、底薪(13-35k)+绩效(2-5k) (根据技术面试能力定级定薪) 2、试用期不打折，年终奖2-4个月 3、入职缴纳五险一金，公积金按底薪全额缴纳 4、入职就有导师一对一，带教半年 5、优质华为研究所办公环境和技术氛围 6、加班费、交通报销、免费宵夜、班车、健身房、下午茶，团建，带薪年假 在这里，你将从事IT应用层软件、分布式云化软件、互联网软件等的设计开发，可以采用敏捷、Devops、开源等先进的软件设计开发模式，接触最前沿的产品和软件技术，成为大容量高并发技术的专家;你将参与产品的软件研发工作，包括但不限于: (1)完成从客户需求到软件产品定义、架构设计、开发实现、再到上线运营维护等产品生命周期中的各个环节; (2)创造性解决产品在实现过程中的技术难题，应用前沿技术提升产品的核心竞争力，如分布式系统、性能调优、可靠性、数据库等; (3)有机会参与业界前沿技术研究和规划，参与开源社区运作，与全球专家一起工作、交流。 在这里，你将有机会和全球顶尖专家一起并肩作战，快速成长为云领域的技术大牛！。 杭州、深圳、东莞、广州、南京、西安、武汉、长沙、济南、成都均可,2025-07-27 00:26:08,外企德科数字技术有限公司是一家2023年新成立的中外合资企业。成立于2023年11月24日，公司定位：专注于为信息技术企业提供人才及数字技术外包解决方案的中外合资企业。它是由中国人力资源服务行业的FESCO（北京国际人力资本集团）与全球人力资源服务领导者The Adecco Group（德科集团）合资成立的。公司主要提供网络技术服务、软件外包服务、计算机系统服务、技术进出口、软件开发等信息技术相关服务。专注于为信息技术企业提供信息技术类人才及数字技术外包解决方案。,"https://www.zhaopin.com/jobdetail/CCL1480117890J40796023005.htm?refcode=4019&srccode=401901&preactionid=a7c1140f-c46c-45e5-b867-ab342d8bdc77"
1755,C/C++,杭州-滨江区,1.4-2.8万·14薪,外企德科数字技术有限公司,专业技术服务,10000人以上,,CCL1480117890J40726445405,要求： 2、熟悉C/C++语言开发，有相关工作经验优先； 3、热衷前沿技术的探索，能快速掌握和理解新技术； 4、有较强的学习能力、良好的团队协作能力、良好的沟通表达能力。,2025-07-28 00:22:36,外企德科数字技术有限公司是一家2023年新成立的中外合资企业。成立于2023年11月24日，公司定位：专注于为信息技术企业提供人才及数字技术外包解决方案的中外合资企业。它是由中国人力资源服务行业的FESCO（北京国际人力资本集团）与全球人力资源服务领导者The Adecco Group（德科集团）合资成立的。公司主要提供网络技术服务、软件外包服务、计算机系统服务、技术进出口、软件开发等信息技术相关服务。专注于为信息技术企业提供信息技术类人才及数字技术外包解决方案。,"https://www.zhaopin.com/jobdetail/CCL1480117890J40726445405.htm?refcode=4019&srccode=401901&preactionid=a7c1140f-c46c-45e5-b867-ab342d8bdc77"
1756,技术支持工程师,大连-金州区,3000-6000元,大连致良知科技有限公司,计算机软件,20-99人,未融资,CCL1242381560J40772620413,岗位职责：（不接受应届生，无经验） 1、熟悉企业管理的基本业务流程，如财务、供应链、生产制造、人力资源等，能够将客户的业务需求转化为软件系统的应用方案。 2、负责完成公司向客户销售软件的现场实施工作，包括调研，解决方案，配置，培训，安装，系统上线，运行维护等 3、负责产品上线、客户培训和系统维护，解决项目中用户提出的问题，维护客户关系，提高客户满意度 4、准确理解客户需求，制定合理的项目实施计划，并按照计划推进项目进度，确保项目按时、高质量交付 5、具备良好的项目管理能力，能够有效地协调资源，控制项目成本，管理项目风险，保证项目目标的达成 6、协助销售人员和客户进行各个层面（业务、技术实现）的技术交流和解答 负责完成项目实施文档的编写工作及上级交办的其它相关工作 任职要求： 1、有金蝶、用友、管家婆、速达等企业用软件实施经验的应用经验优先； 2、本科及以上学历，财会等类相关专业优先； 3、具有ERP的专业知识和经验者优先； 4、有强烈的责任心，超强的执行力，良好的沟通及问题解决能力； 4、能承受较强的工作压力，具有强烈的责任心和上进心、具备良好的团队协作能力；,4月28日,本公司销售财务软件，金蝶、用友、精斗云等，欢迎加入我们。,"https://www.zhaopin.com/jobdetail/CCL1242381560J40772620413.htm?refcode=4019&srccode=401901&preactionid=a7c1140f-c46c-45e5-b867-ab342d8bdc77"
1757,测试工程师,贵阳-云岩区,5000-7000元,贵州玉珏网络技术服务有限责任公司,计算机软件,20-99人,,CCL1379704650J40810456708,岗位职责: 1. 负责进行车载系统的测试工作，确保测试结果的准确性 2. 与团队合作，共同完成测试任务，并及时反馈测试中的问题 3. 学习并应用新的测试方法和工具，以提高测试效率和质量 任职要求： 1. 具备良好的沟通能力，能够清晰表达测试中的发现和问题 2. 具有团队合作精神，能够与团队成员有效协作 3. 具备学习能力，能够快速掌握新的测试知识和技能,7月26日,,"https://www.zhaopin.com/jobdetail/CCL1379704650J40810456708.htm?refcode=4019&srccode=401901&preactionid=a7c1140f-c46c-45e5-b867-ab342d8bdc77"
1758,Java,西安-碑林区,1.4-2万,西安达内优创信息科技有限公司第一分公司,IT服务,100-299人,,CCL1387561360J40757526709,岗位内容： 1. 负责Java应用程序的设计与开发，包括需求分析、系统设计、编码和测试等环节。 2. 研究新技术，不断提升开发效率和程序性能。 3. 改进现有系统、优化系统资源，提高系统稳定性和可靠性。 4. 参与团队内部培训、交流与分享会议，促进整个团队技术水平的提升。 请投递简历，如果有附件简历一并投递。谢谢～,7月20日,,"https://www.zhaopin.com/jobdetail/CCL1387561360J40757526709.htm?refcode=4019&srccode=401901&preactionid=a7c1140f-c46c-45e5-b867-ab342d8bdc77"
1759,实施工程师,日照-东港区,6000-11000元,东华医为科技有限公司,"IT服务,IT服务",1000-9999人,未融资,CC649781480J40796760905,工作内容 1、负责医疗软件的实施与部署，确保项目按时交付。 2、与客户进行沟通，理解需求并提供技术支持与解决方案。 3、医院管理系统软件的需求调研、用户培训、软件测试等工作。 任职要求 1.学习能力强，能较快掌握和应用新技术 2.具备较好的独立解决问题的能力 3.有较强的适应能力、能出差、抗压能力强 4.工作敬业，责任心强，能够按照规定的工作流程开展工作 5.积极主动，发现问题及时提出意见和建议 6.善于沟通，有较好的表达能力和职业素质  7.计算机软件相关专业，985、211院校优先，最低本科一批院校学历。,2025-07-27 00:24:40,东华医为科技有限公司（简称东华医为）成立于2012年5月，注册资金5000万，是东华软件股份公司旗下专业服务医疗、卫生等大健康领域IT业务的全资子公司。东华医为现有员工2000余人，其中技术人员占比达到90%，拥有近100项大健康类自主知识产权的软件产品，所覆盖的大健康领域有医疗机构、卫生管理机构、互联网医疗、人工智能、大数据、健康管理等，所涉及的主要业务有IT咨询规划、方案设计、系统集成、软件开发与交付、工程实施与交付、人才培养、售后运维、合作运营等。东华医为现为全国500余家大健康领域的各类用户提供着持续的技术服务，还连续多年蝉联中国十佳医疗行业解决方案商榜首。传承了东华软件医疗卫生事业部近二十年IT业务的东华医为，在高速发展的大健康领域，笃定能大有作为。,"https://www.zhaopin.com/jobdetail/CC649781480J40796760905.htm?refcode=4019&srccode=401901&preactionid=a7c1140f-c46c-45e5-b867-ab342d8bdc77"
1760,软件测试,郑州-金水区,5000-8000元,河南省信息化集团有限公司,"互联网,计算机软件,IT服务,网络/信息安全",100-299人,未融资,CC196605220J40532828713,岗位职责：  1. 协助测试工程师执行测试用例，包括功能测试、性能测试、兼容性测试等。   2. 对测试过程中发现的问题进行详细记录和准确描述。   3. 参与测试环境的搭建与维护。   4. 协助进行缺陷的跟踪与管理，确保缺陷得到及时修复。   5. 学习和掌握相关的测试工具和技术。   6. 按照要求编写简单的测试报告。   7. 对项目文档进行整理和归档。   8. 配合团队成员完成其他相关测试工作任务。   ,5月26日,河南省信息化集团有限公司，简称“河南省信息化”，成立于2009年，是信息安全与数字信任综合服务提供商，是国内权威的第三方电子认证机构，是河南省密码产业龙头企业。集团以密码技术为核心，聚焦信息安全，为广大用户提供基于密码技术的网络安全产品与服务，致力于成为国内商用密码行业引领者。集团始终秉持“创新密码高峰，构筑可信世界”的愿景，围绕“密码+”战略，推动密码与云计算、区块链、大数据、物联网、抗量子密码、人工智能等新一代信息技术的深度融合应用，提供密码全生态的产品与服务。除提供电子认证服务、密码软硬件产品外，还提供适用于多种业务场景的商用密码应用方案；集成“CA+云密码基础设施+行业云”，提供基于密码应用的一站式数字化可信云服务；以国密算法为根基，提供“端-管-云”全栈式、全链条的数据安全产品与服务。集团服务能力覆盖政务、公共资源、医疗、教育、交通等30多个行业数百个应用场景，服务政府、企业用户超40万个。集团是国家高新技术企业，高度重视密码技术研究和产品研发，拥有一流的研发团队，专业技术人员占比40%以上，每年研发投入超营业额的15%。集团是国家信息中心数字中国研究院副理事长单位、工信部商用密码应用产业促进联盟会员单位、信息技术应用创新工作委员会会员单位、关键软件密码应用研究中心会员单位。承担了国家级项目2个，车联网身份认证和安全信任试点项目、密码应用安全性评估能力中部靶场建设项目；省级项目10余个，如河南省法人一证通平台、省级统一身份认证平台、省级大数据统一安全密码服务平台等，在河南省“互联网+政务服务”“互联网+监管”改革中扮演了重要角色。拥有安全电子认证与大数据应用河南省工程实验室等多个省、市研发平台，与战略支援部队信息工程大学成立“网络密码应用研究联合实验室”。★★★薪酬福利待遇：待遇优厚；双休；五险一金；餐补；全勤奖；绩效奖、年终效益奖金；带薪年假、婚假、产假、丧假等；骨干股权激励、（产品/技术）创新奖、工作奋斗奖、职称评审/考证补贴、结婚礼金、通讯补贴；团建活动、节日福利等。,"https://www.zhaopin.com/jobdetail/CC196605220J40532828713.htm?refcode=4019&srccode=401901&preactionid=a7c1140f-c46c-45e5-b867-ab342d8bdc77"
1761,测试工程师,福州-闽侯县,5000-10000元·13薪,上海微创软件股份有限公司,"IT服务,计算机软件",10000人以上,不需要融资,CC000638920J40284638514,大学专科及以上学历优先；计算机或电子类等相关相关专业； 工作经验要求：有相关硬件测试工作经验； 1年以上工作经验优先； 技能要求： 1、有交换机产品或其它数通类电子产品相关工作经验； 2、具备I2C、SPI、Flash、DDR、USB、SATA、PCIExpress等主要总线的测试经验，会查看设计原理图找到信号测试点； 3、熟练操作数字示波器、万用表等测量仪器； 福利待遇： 入职即缴纳五险一金； 工作时间：早九晚六，双休，节假日正常休息。 职位福利：五险一金、绩效奖金、定期体检、带薪年假、周末双休、节日福利   ,4月18日,上海微创软件股份有限公司2002年由微软与上海市政府共同创办，是微软在华投资的第一家合资公司。微创始终秉承高标准的服务品质与“成就客户”的服务理念，在全球设有20余处交付中心，分布在中国、美国、日本、澳大利亚，凭借在汽车、保险、高科技、金融、互联网等行业的深厚积累和丰富经验，与2500余家企业与政府客户达成了长期、稳定、友好的合作。,"https://www.zhaopin.com/jobdetail/CC000638920J40284638514.htm?refcode=4019&srccode=401901&preactionid=a7c1140f-c46c-45e5-b867-ab342d8bdc77"
1762,软件测试,东莞-None,7000-12000元,重庆科满福人力资源服务有限公司,企业服务,20-99人,,CCL1487604860J40932732904,【岗位职责】： 1、软件测试岗位职责  2、接受测试任务，进行需求分析 3、按照测试计划搭建测试环境，并保证测试环境的可靠性 4、按照测试计划编亏测试用例，保证测试用例合理有效 5、按照测试用例执行测试，及时发现缺陷，并使用工具进行管理缺陷 6、编写和提交测试报告，保证测试进度按计划完成 7、参与审核其他测试工程师的测试用例和报告 8、学习公司已有方案和推广使用新的测试技术和工具,7月17日,,"https://www.zhaopin.com/jobdetail/CCL1487604860J40932732904.htm?refcode=4019&srccode=401901&preactionid=a7c1140f-c46c-45e5-b867-ab342d8bdc77"
1763,科研人员,杭州-滨江区,2.5-3万,博创网(杭州)人才科技有限公司,人力资源服务,20-99人,未融资,CCL1501814210J40686695306,"研究方向：电气、电子信息相关 要求专业：电气工程及其自动化、电子信息 岗位职责：  1、从事机电产品、检测设备或行业前沿相关科研工作；  2、牵头开展政策产业调研、重大项目建设、技术改造等技术活动； 3、牵头开展重大科技攻关，拓展项目申报领域； 4、牵头开展标准化工作，积极申请标准；  5、建设创新团队。 政府补贴： 1、全职博士后在站期间，除公司正常发放的工资外，在站期间给予每人每年12万元生活补贴；按余杭区级政策再给予每年3万元；国（境）外博士后再增加5万元生活补贴；生活补贴一般资助2年,对进站后承担国家重大科技项目、获中国博士后科学基金一等资助或省博士后科研项目择优资助一等资助的人员最长不超过6年(含6年)； 2、对出站留余杭(来余杭) 工作的博士后,给予每人50万元一次性补助； 3、出站后依据条件可申请杭州市D类人才，杭州市政府会给予每人购房补贴100万元。 4、进站至出站，留余杭工作期间，个人可获得各类政府补贴合计200余万元。",6月24日,,"https://www.zhaopin.com/jobdetail/CCL1501814210J40686695306.htm?refcode=4019&srccode=401901&preactionid=a7c1140f-c46c-45e5-b867-ab342d8bdc77"
1764,前端开发,重庆-江北区,1-1.1万,杭州忠信互联网科技有限公司,休闲/娱乐,20人以下,,CCL1499663130J40870700515,岗位内容： 1. 负责开发和维护前端系统和模块，确保其运行稳定可靠 2. 编写高效、清晰、易于维护的代码 3. 协调需求，与其他团队成员进行有效沟通和协作 任职要求： 1. 熟练掌握HTML、CSS和JavaScript，熟悉主流前端框架 2. 具备扎实的编程基础，良好的代码风格，注重代码品质 3. 擅长和团队合作，具备很好的沟通和协调能力,7月29日,,"https://www.zhaopin.com/jobdetail/CCL1499663130J40870700515.htm?refcode=4019&srccode=401901&preactionid=a7c1140f-c46c-45e5-b867-ab342d8bdc77"
1765,前端开发,上海-浦东新区,1-1.5万,云南天谷科技开发有限公司,互联网,300-499人,未融资,CC297141510J40793683305,职位描述： 负责公司项目的前端开发和维护工作，并能按照预期完成产品的交互功能；配合产品设计实现预期的视觉交互效果；使用最新的前端技术，如Vue.js，uniapp等，开发和维护高质量的前端应用。 主要职责： 1、使用Vue.js等现代前端框架开发高性能的前端应用； 2、负责移动端、客户端、小程序的前端开发和维护，使用uniapp等工具； 3、与后端团队合作，确保前后端的无缝集成； 4、持续优化前端性能和用户体验。 职位要求： 1、计算机科学或相关专业，本科及以上学历； 2、至少1年的前端开发经验，有B端产品开发经验者优先； 3、精通Vue.js、CSS3、JavaScript和HTML5； 4、熟悉uniapp或其他小程序开发框架； 5、了解前端性能优化和安全性最佳实践； 6、具有网约车或无人驾驶平台系统开发经验者优先,7月14日,云南天谷科技开发有限公司（简称：天谷科技）成立于2007年，目前是一家专业从事公路运输信息化建设的私营股份制企业，注册资本为3000万元。目前，天谷科技在全国多个城市拥有90余家分公司，正式员工数量即将突破两百人，另有签约员工若干。天谷科技以推动云南公路客运交通电子信息化作为公司的核心业务，开发了多项具有自主知识产权的互联网产品。并且凭借现代化的企业管理手段与优秀高效的团队，利用天谷科技的互联网优势、在云南本土的知名度及众多的合作伙伴资源（携程、途牛、阿里旅游、高德、百度等），打造了一个及时，预约专车的出行平台：旅程约车。为客户提供尊贵安全的服务和车辆，联合各大知名车属公司及企业，坚持诚信透明，客户为先的服务态度，力求打造用户满意度高，安全感十足的品牌。为加速提升企业综合实力，适应企业面临市场新的发展机遇和挑战，我公司竭诚欢迎各位优秀的人才加入，共同创造天谷科技公司美好的明天。,"https://www.zhaopin.com/jobdetail/CC297141510J40793683305.htm?refcode=4019&srccode=401901&preactionid=a7c1140f-c46c-45e5-b867-ab342d8bdc77"
1766,科研人员,天津-河西区,5000-6000元,中交天津港湾工程研究院有限公司,"建材,建材,建筑设计,工程施工",100-299人,未融资,CC260212310J40625504104,工作内容： 1.辅助实验室科研工作的开展； 2.梳理科研项目合同、经费（报销、归集）、成果管理、协助会议交流合作等工作； 3.协助开展实验室其他工作。 要求： 1.硕士及以上学历，具备工科学习背景，土木工程、岩土工程相关专业，条件优秀者可放宽至工程管理类专业。 2.拥有优秀的沟通协调能力和团队合作精神。 3.工作认真细致，责任心强，能够按时完成分配的任务，并注重细节管理。,5月6日,"中交天津港湾工程研究院有限公司（以下简称“港研院”,网址：www.tpei.com.cn）始建于1959年，现隶属于世界500强企业——中国交通建设集团有限公司，是紧密结合港口、海岸、海洋及其他土木工程实践，集科研、设计、施工于一体的综合性研究院。经过近60年的不断发展，港研院现已形成了以港口岩土工程、海工特种混凝土、结构混凝土无破损检测、海工钢结构防腐、水工模型试验及水动力数学模型、各类桩基的动静载试验、灌注桩及地下连续墙施工工艺、专用测试仪器和施工设备自动控制等有鲜明特色的技术体系。主持参加了多项水运工程建设标准规范的编制工作，提交各类试验、研究成果2000余项，为国内外港口、船坞、公路、桥梁、机场、电厂等工程建设做出了贡献，创造了巨大的技术经济和社会效益。港口岩土工程技术交通行业重点实验室、天津市港口岩土工程技术重点实验室、中交海岸工程水动力重点实验室、博士后科研工作站相继成功组建，2009年被认定为国家高新技术企业，2010年以港研院为主体的技术中心获评国家级企业技术中心。","https://www.zhaopin.com/jobdetail/CC260212310J40625504104.htm?refcode=4019&srccode=401901&preactionid=a7c1140f-c46c-45e5-b867-ab342d8bdc77"
1767,Java,北京-海淀区,1.6-3万·14薪,外企德科数字技术有限公司,专业技术服务,10000人以上,,CCL1480117890J40765015605,"接受考研，考公二战失败 [在招岗位]Java、C、C++、python、算法、测试、前端、大数据开发; [福利待遇] 1、参与本部核心项目开发: 2、底薪(10-35K)+绩效(2-7K)+2-4个月年终(根据面试定级定薪); 3、试用期全薪，入职缴纳五险一金(全额): 4、可接受应届生或转行无经验，前半年P18以上导师带教; 5、每年1-2次升职调薪机会，有明确通道可转正编; 6、周末双休(可申请加班，双倍薪资)、免费健身房、免费宵夜、免费下午茶、班车、各种团建、活动等福利 岗位要求:】 1、统招本科及以上学历，计算机、通信等相关专业优先，转行也可接受 2、熟悉掌握JAVA/C++/C/Python/JS/GO等其中一种编程语言; 3、具备独立工作能力和解决问题的能力、善于沟通合作，热衷新技术; 4、熟悉常用的算法和数据结构。 可选择部门：数存、数通、海思、2012、carbu、GTS、公共开发、光产品、计算、终病、绿通等。 [可支持地域]:杭州、南京、上海、苏州、深圳、东莞、广州、西安、成都、武汉、北京长沙,济南等多个研究所(支持远程线上面试，城市可自由选择); [本轮招聘需求]:200人",2025-07-27 00:24:14,外企德科数字技术有限公司是一家2023年新成立的中外合资企业。成立于2023年11月24日，公司定位：专注于为信息技术企业提供人才及数字技术外包解决方案的中外合资企业。它是由中国人力资源服务行业的FESCO（北京国际人力资本集团）与全球人力资源服务领导者The Adecco Group（德科集团）合资成立的。公司主要提供网络技术服务、软件外包服务、计算机系统服务、技术进出口、软件开发等信息技术相关服务。专注于为信息技术企业提供信息技术类人才及数字技术外包解决方案。,"https://www.zhaopin.com/jobdetail/CCL1480117890J40765015605.htm?refcode=4019&srccode=401901&preactionid=a7c1140f-c46c-45e5-b867-ab342d8bdc77"
1768,前端开发,天津-西青区,135-180元/天,先特网络,"IT服务,计算机软件,IT服务",300-499人,不需要融资,CC120648770J40774208808,"岗位职责  1.严格按照设计文档和编码规范，实现Web应用的前端部分，包括但不限于PC端、移动端。   2.根据项目要求使用React及相关生态工具（如Redux, React Router）进行用户界面的开发，确保界面与设计稿的一致性。   3.遵循前后端分离的架构原则，配合后端工程师完成数据接口的对接工作。   4.对负责的代码模块进行单元测试，修复发现的问题，确保代码质量符合团队标准。   5.按照既定的发布流程，参与项目的上线部署工作。   6.编写清晰的技术文档，为后续维护提供支持，如组件说明和参考示例等。",6月23日,天津开发区先特网络系统有限公司于1996年组建，是一家提供信息化规划、设计、建设、服务、安全等技术服务的高科技企业。在智慧城市、云计算、大数据应用、IT运维服务、软件开发、信息安全、移动应用、网上商城等重要领域积累了丰富的案例与经验，形成了“多元化、多维度”的行业新生态合作理念。现已经全面覆盖政府、公检法、能源、医疗卫生、高校等数字化转型重点领域客户。并且凭借出众的方案实力、快速的交付能力与优质的服务质量，积累了良好的口碑。历经23年的发展，公司目前已经完成天津区域布局，正逐步扩充在全国的服务。公司秉承“助力客户实现数字化转型的IT领军企业”为宗旨；遵循“持续推进体系化、规范化、专业化、数字化建设”的科技兴企战略，结合新产品开发、主导产品技术升级、新产业领域拓展与科研等，全面加强技术创新团队建设，努力打造高素质技术人才队伍。我们现有员工已达400人，中高级精英人才120余人。在人才引进与培养方面，采取“外引内培”两条腿走路与激励机制并举大力推进。公司注重研发投入，坚持创新驱动。通过自主研发取得软件著作权近130项，是一家成长性好、研发创新能力强、科技产出大的高新技术企业。天津市市级社会治理信息化平台建设、中共天津市委某委跨部门大数据办案平台建设项目、天津市电子政务信息与网络中心电子政务外网运维服务项目、天津市公安局公安信息网升级项目、天津市政府采购中心网上商城平台供应商对接项目等一系列重大集约化项目的建设，以及天津市“无车承运人”领域的测评工作，不仅积极助力客户实现了电子化、智能化提升，更是通过大数据、IoT、AI、区块链等前沿科技，在推动技术创新方面产出了丰硕的成果。我们是天津市软件协会副会长单位、天津市系统集成协会副会长单位、天津市大数据产业联盟理事单位、天津市软件和信息技术服务业商会副会长单位、中国物流与采购联合会公共采购分会常务理事单位……公司还先后取得了国家级高新技术企业认定、信息系统集成及服务二级资质、质量管理体系认证证书等一系列资质证书。成为众多知名品牌的合作伙伴，例如华为（数通&安全）（存储服务器&云计算）三钻认证服务商、H3C主网络四星服务商、Oracle认证服务商、VMvare企业合作伙伴。而今，公司规模已跻身于天津地区信息产品、服务供应商前列。,"https://www.zhaopin.com/jobdetail/CC120648770J40774208808.htm?refcode=4019&srccode=401901&preactionid=a7c1140f-c46c-45e5-b867-ab342d8bdc77"
1769,实施工程师,朝阳-朝阳县,5000-9000元,朝阳金达集团实业有限公司,"金属制品业,通用设备制造,专用设备制造,电气机械/电力设备",1000-9999人,未融资,CC228213710J40533286805,岗位职责: 1.深入掌握公司工艺技术路线及优势，熟知各规格、等级产品指标、特性及适用领域。 2.准确掌握下游客户主要生产工艺、主力设备、各产品规格特性及其应用领域。 3.密切关注行业热点事件，行业技术、装备革新发展动态，相关专题展览及会议信息。 4.收集客户产品研发、生产计划及进展，实时掌握客户新动态、新需求，并向业务部门反馈。 5.协助业务部门完成售前调研、售中跟进、售后维护，与客户技术、生产人员保持良好关系，增加客户粘度。 6.随同业务部门进行客户走访，参与客诉处理，参与招投标工作。 7.输出行业发展动态报告及公司产品结构优化建议和新产品研发动议，参与公司相关科研项目。 8.参与客户评价及评价体系优化。 9.参与客户发货标准制定及优化。 任职资格： 1.理工类、市场营销类学科。 2.本科及以上学历，一类本科或原211、985高校优先。 3.敏锐的观察和优秀的沟通能力。 4.熟练使用办公软件，掌握常用数据分析方法。 5.熟悉招投标流程，能独立工作能力，适应出差。,7月23日,朝阳金达集团实业有限公司是一家以战略轻金属生产研发、有色金属冶炼、矿山采选、房地产开发服务为核心产业的现代化企业集团。为满足企业高质量发展需要，金达集团实施人才战略，面向高校、社会长期招聘高素质人才、行业领军人才。公司提供有竞争力的薪酬福利，五险一金、绩效奖金、餐饮补助、交通补助、购房补助、取暖补贴、健康体检、团建活动、培训学习，提供个人多元化发展空间及研修机会。,"https://www.zhaopin.com/jobdetail/CC228213710J40533286805.htm?refcode=4019&srccode=401901&preactionid=a7c1140f-c46c-45e5-b867-ab342d8bdc77"
1770,科研人员,北京-门头沟区,6000-12000元,北京迈迪培尔信息技术有限公司,"互联网,云计算/大数据",20-99人,未融资,CC522223780J40653912815,岗位职责： 1、负责平台产品的内容建设和功能设计； 2、根据用户需求提供各类科研服务； 3、负责合作院校、医院和科研机构的科研项目管理； 4、其他相关的业务工作。 任职要求： 1、生物、医学、人工智能或相关领域的本科及以上学历，生物医学相关专业优先录取； 2、具有较强的组织协调、语言表达和文字书写能力，在学期间担任过学生会干部优先录取； 3、出色的分析能力与解决问题的能力； 4、身体健康，人品正直，具有创新意识。 ,6月30日,北京迈迪培尔信息技术有限公司（MedPeer®）于2017年在北京市中关村门头沟科技园成立。公司以人工智能技术为基础，实现科研资源的优化配置为目标，“让科研变得更容易”为导向，立足于提供全流程的生物医药科研服务，帮助广大有思路、有魄力的科研工作者都能有机会实现有益的探索。成立两年来，企业励精图治，锐意进取，紧密围绕科研服务这个核心，不断完善科研全周期服务体系，打造出目前国内领先的生物医药科研服务平台。2018年获评中关村高新技术企业，2019年通过双软认证并获评科技型中小企业，“基因-变异-疾病关系知识库构建系统”获北京市新技术新产品（服务）认定。现拥有包括发明专利在内的知识产权二十余项，为全国30万科研工作者和上百家知名企业和科研院校提供专业科研服务服务。,"https://www.zhaopin.com/jobdetail/CC522223780J40653912815.htm?refcode=4019&srccode=401901&preactionid=a7c1140f-c46c-45e5-b867-ab342d8bdc77"
1771,软件测试,深圳-龙岗区,1.3-2万,外企德科数字技术有限公司,专业技术服务,10000人以上,,CCL1480117890J40791857305,1、统招本科及以上学历；接受无经验 2、熟悉Java/C/C++/Python等其中一种主流开发语言 3、有较强的学习能力、良好的团队协作能力、良好的沟通表达能力。 北京、上海、杭州、苏州、南京、西安、武汉、深圳、东莞均有岗位，此JD为其中一个岗位的JD，后端开发各种语言都有需求，因为部门比较多，但是岗位数量有限制，所以很多岗位没有上，其他岗位可以细聊； 部门亮点： 1、大平台，机会多。云计算，数字能源，数字存储，终端......赛道很多 2、岗位全，拼实力，设置前端、后端、开发、算法、AI、运维、安全等等岗位，你想要的，这里统统都有！ 3、爱分享，氛围好，经常举行各领域技术分享会，可以和全球的架构专家、互联网大牛、大数据专家、网络安全大咖等面对面交流，兵合一处将打一家，部门之内皆兄弟，把酒言欢话桑麻。 4、肩并肩，手牵手，会给每位新员工分配1名技术导师，优秀的人培养更优秀的你。 岗位职责： 1、负责创新项目系统设计与研发工作； 2、负责相关子系统及业务流程的优化重构，研发过程优化工作； 3、负责项目重点、难点的技术攻坚； 4、负责后端系统核心代码编写和按时交付，保证交付质量和负责版本维护； 岗位要求： 1、 本科以上学历 2、扎实的编程能力，熟悉算法和数据结构；熟悉计算机的基础理论； 3、扎实的编程基础，对各种开源的框架有深入的了解，对框架本身有过开发或重构者可优先考虑； 4、具有大规模高并发web应用设计和开发经验优先； 6、熟悉redis、kafka、MariaDB、mongodb、hadoop、spark、ElasticSearch等大数据技术者优先考虑； 7、熟悉docker、kubernetes、mesos、rancher等容器技术并有实际使用经验者优先考虑,2025-07-27 00:25:52,外企德科数字技术有限公司是一家2023年新成立的中外合资企业。成立于2023年11月24日，公司定位：专注于为信息技术企业提供人才及数字技术外包解决方案的中外合资企业。它是由中国人力资源服务行业的FESCO（北京国际人力资本集团）与全球人力资源服务领导者The Adecco Group（德科集团）合资成立的。公司主要提供网络技术服务、软件外包服务、计算机系统服务、技术进出口、软件开发等信息技术相关服务。专注于为信息技术企业提供信息技术类人才及数字技术外包解决方案。,"https://www.zhaopin.com/jobdetail/CCL1480117890J40791857305.htm?refcode=4019&srccode=401901&preactionid=a7c1140f-c46c-45e5-b867-ab342d8bdc77"
1772,科研人员,沈阳-沈河区,1-1.8万,中国科学院沈阳自动化研究所,"学术/科研,云计算/大数据",1000-9999人,未融资,CC200588210J40509514612,需求专业：081104 模式识别与智能系统 081102 检测技术与自动化装置 等相关专业 学历学位要求：硕士研究生及以上 工作职责：主要从事人工智能算法研究及软件开发。 其他要求：有机器学习或者视觉相关研究基础；嵌入式编程经验。 课题组介绍：主要研究领域包括：AI for Science、智能机器人技术、科学仪器研制等。目前在研课题包括国家重点研发计划项目、中国科学院先导科技专项以及省市科技计划项目等十余项，获省部级以上科技进步一等奖2项，相关研究成果已经在材料、生物、农业等领域应用推广并产生显著的经济和社会效益。,6月24日,中国科学院沈阳自动化研究所成立于1958年，位于东北亚中心城市、历史文化名城——沈阳，目前全所员工1300余人。研究所主要研究方向为机器人、智能制造和光电信息处理。六十多年来，沈阳自动化所在自动化科学与工程领域不断探索，为满足国家战略需求、国民经济和社会发展做出了突出贡献。研究所的科研成果得到了国内外领导人和社会媒体的广泛关注，连续两次入选由两院院士评选出的中国十大科技进展，获得国家、中科院、各部委及地方奖励300余项。作为中国机器人事业的摇篮，在中国机器人事业发展历史上创造了二十多个第一，引领中国机器人技术的研究发展。研究所是机器人学国家重点实验室、机器人技术国家工程研究中心、国家机器人质量监督检验中心、国家机器人检测与评定中心、国家机器人标准化总体组秘书处等多个国家级平台的依托单位，具有优良的科研、试验、工作条件。拥有中国机器人领域龙头企业——新松公司、中科博微、新松医疗、芯源微电子等十余家高技术企业，其中四家已上市。研究所依托两个国家级国际合作基地，先进机器人学与机构学国际联合研究中心、工业物联网技术国际联合研究中心，与科技发达国家与地区的科研机构签署战略合作协议，开展深入合作研究及联合试验，在基础研究及应用研究领域取得了丰硕成果。通过引进和培养，形成了一支由中国工程院院士、海外高层次人才引进专家及国家杰出青年基金获得者、国家科技计划领域专家、优秀青年基金获得者等组成的高层次人才团队。 2015年，研究所获批建设中国科学院机器人与智能制造研究院。2018年，与中国科学院大学成立了机器人与智能制造学院。2019年，研究所入驻位于沈阳市浑南新区的近600亩新园区。研究所在长三角、珠三角地区的广州、等地拥有6个分支机构，深度参与粤港澳大湾区建设。研究所发展快速、科研经费充足，为构建国际一流的国立科研机构，现面向全球招聘自动化领域各类层次人才。,"https://www.zhaopin.com/jobdetail/CC200588210J40509514612.htm?refcode=4019&srccode=401901&preactionid=a7c1140f-c46c-45e5-b867-ab342d8bdc77"
1773,实施工程师,合肥-蜀山区,5000-8000元·13薪,科大智能电气技术有限公司,"电力/水利/热力/燃气,电气机械/电力设备,仪器仪表制造",500-999人,已上市,CC688735720J40561348015,岗位职责： 1、负责项目现场产品调试、升级工作 2、负责协助项目经理、客户进行项目验收及技术支持 任职要求： 1、本科及以上，电气、自动化、通信、电力电子等相关专业 2、能适应长期出差，具有良好的沟通能力,4月29日,科大智能科技股份有限公司是全国领先的工业智能化整体解决方案供应商之一。公司于2002年成立，2011年在深交所创业板挂牌上市(SZ.300222)，经过多年快速发展，目前已成为国家认定企业技术中心、国家高新技术企业、中国智能制造百强企业、中国智能工厂自动化集成商百强企业、上海市民营百强企业。科大智能始终坚持“工业+智能”的核心理念，专注将智能技术与产业紧密结合。通过积极布局机器人先进控制、人工智能、工业互联网等核心技术研发，科大智能围绕高端装备制造业、轨道交通、综合能源、基础工业、航空航天、消费品制造业等行业客户实际应用场景，提供智能电网终端、智能机器人、智能装备、智能工厂整体解决方案等产品及涵盖产品全生命周期的服务体系，助推工业各领域传统生产模式向智能化转型。联系电话：0551-62782667公司网址：www.csg.com.cn公司地址：上海：上海市松江区泗砖公路777号科大智能安徽：合肥市高新区望江西路5111号（望江西路与文曲路交叉口西南200米）,"https://www.zhaopin.com/jobdetail/CC688735720J40561348015.htm?refcode=4019&srccode=401901&preactionid=a7c1140f-c46c-45e5-b867-ab342d8bdc77"
1774,科研人员,合肥-庐阳区,2.1-2.9万,合肥综合性国家科学中心能源研究院(安徽省能源实验室),"新能源,新能源",100-299人,未融资,CCL1237831530J40743882807,岗位职责： 1、ECR离子源研制与性能测试；2、加速器中子源外场测试与服务 岗位要求： 硕士物理/核能科学与工程/自动化等,6月16日,"合肥综合性国家科学中心能源研究院（安徽省能源实验室）〔以下简称“能源研究院”〕为安徽省和中国科学院共建的省级事业单位法人，依托中国科学院合肥物质科学研究院等离子体物理研究所、安徽理工大学、中国科学技术大学、合肥工业大学等单位建设。能源研究院重点部署磁约束聚变、可再生能源、智慧电力电网、煤炭清洁高效利用四个研究方向，统筹加强基础研究、应用基础研究、技术创新，带动能源领域科研力量优化布局和自主创新能力跃升，形成在能源技术发展领域拥有重要话语权和影响力的战略科技创新力量，打造面向世界科技前沿的“航母级”研究平台。合肥综合性国家科学中心能源研究院，自2019年12月31日成立已满4周岁，四年来，在习近平新时代中国特色社会主义思想科学指引下，在安徽省省委、省政府坚强领导下，在省市相关部门大力支持下，能源研究院自身建设不断加强，科研能力不断提升科技创新不断突破成果转化不断深入各项事业取得可喜进步一、团队建设：牢固树立“项目引才、实战育才、事业留才”理念、着力打造人才高地。现有373名全职、双聘人才,其中：全职人员153名(博士43名,高级职称30人)双聘人员220名(博士168名,高级职称占比85%)，已初步建立起院士领衔、教授和领军人才支撑、青年学者为骨干的梯队式人才团队。二、能力建设：1.国家自然科学基金依托单位、2.省自然科学基金依托单位、3.省级博士后科研工作站、4.安徽省新型研发机构、5.SGS三体系质量认证证书、6.自然科研系列、7工程技术系列自主评审权安徽省太赫兹技术生物医疗应用工程研究中心、8.合肥综合性国家科学中心能源研究院电力检测中心、9.取得CMA实验室资质认定三、科研进展：组建8个专业研究中心：1.氢能源与氨应用中心、2.可再生能源中心、3.智慧电力中心、4.煤炭清洁高效利用中心、5.超导技术应用中心、6.先进波源中心、7.中子技术应用中心、8.深地科学与工程中心。布局实施26个重大科研项目发表高水平论文435篇申请专利286项(授权71项)获得省科技进步二等奖1项争取国家级项目20项。获批省市揭榜挂帅及自然基金项目13项累计争取国家、省市纵向研究经费近4000万元。四、前沿基础研究重大成果：1.能源小分子催化转化研究达到国际领先水平、2.下一代太阳能电池材料及器件研究取得重大突破、3.雷击接闪机理与防护研究达到国内领先水平、4.等离子体诊断技术研究填补国内技术空白。","https://www.zhaopin.com/jobdetail/CCL1237831530J40743882807.htm?refcode=4019&srccode=401901&preactionid=a7c1140f-c46c-45e5-b867-ab342d8bdc77"
1775,实施工程师,兰州-城关区,7000-10000元,东华医为科技有限公司,"IT服务,IT服务",1000-9999人,未融资,CC649781480J40792180605,"1、熟悉HTML、Java,C#语言的一种或多种，熟练使用一种页面制作工具；  2、掌握SQL Server、MYSQL、Oracle等的一种或多种；  3、熟悉ASP.NET|JSP| PHP等的一种；  4、学习能力强，能较快掌握和应用新技术，CET-4；  5、工作敬业，责任心强，积极主动，善于沟通，有团队协作精神，能够与领导和同事融洽合作；  6、熟悉AJAX、EasyUI、JQuery、VUE技术优先；  7、能够接受短期出差。",2025-07-27 00:12:40,东华医为科技有限公司（简称东华医为）成立于2012年5月，注册资金5000万，是东华软件股份公司旗下专业服务医疗、卫生等大健康领域IT业务的全资子公司。东华医为现有员工2000余人，其中技术人员占比达到90%，拥有近100项大健康类自主知识产权的软件产品，所覆盖的大健康领域有医疗机构、卫生管理机构、互联网医疗、人工智能、大数据、健康管理等，所涉及的主要业务有IT咨询规划、方案设计、系统集成、软件开发与交付、工程实施与交付、人才培养、售后运维、合作运营等。东华医为现为全国500余家大健康领域的各类用户提供着持续的技术服务，还连续多年蝉联中国十佳医疗行业解决方案商榜首。传承了东华软件医疗卫生事业部近二十年IT业务的东华医为，在高速发展的大健康领域，笃定能大有作为。,"https://www.zhaopin.com/jobdetail/CC649781480J40792180605.htm?refcode=4019&srccode=401901&preactionid=a7c1140f-c46c-45e5-b867-ab342d8bdc77"
1776,测试工程师,福州-台江区,1.5-2万·13薪,青岛鼎赫人力资源有限公司,人力资源服务,20人以下,,CC682590480J40782723414,,2025年07月28日,,"https://www.zhaopin.com/jobdetail/CC682590480J40782723414.htm?refcode=4019&srccode=401901&preactionid=a7c1140f-c46c-45e5-b867-ab342d8bdc77"
1777,软件测试,昆明-呈贡区,5000-7000元,天阳科技,"计算机软件,计算机软件",1000-9999人,已上市,CC120408370J40369078008,1.全国项目驻场测试，主要负责功能、数据或接口等相关测试工作；  2.统招本科学历及以上（学信网可查）；毕业满2年；计算机专业优先；  3.热爱软件测试行业、有强力的自驱力，能够在测试岗位深入学习研究；  4.有无经验均可，服从公司安排，接受公司培养，可接受异地工作优先；  福利待遇：  上市公司，公司可以提供住宿，提供五险一金；  欢迎符合要求的小伙伴们投递~,7月17日,天阳科技(股票代码：300872)，是全球金融创新服务的重要贡献者，持续赋能中国金融行业数字化转型，为客户提供咨询、金融科技产品、金融IT服务、云计算及运营服务。公司成立于2003年，服务超过300家金融行业客户，覆盖中央银行、政策性银行、国有银行、股份制银行、地方性商业银行、非银行金融机构等，员工人数近7000人，成为激活金融领域创新活力、推动金融科技迈入世界领先水平的重要力量。作为金融行业客户可信赖的合作伙伴，天阳科技凭借丰富的行业经验和端到端的专业服务，在信创、数字化金融、信贷、交易银行、信用卡、零售、营销、风险管理、征信监管等众多领域具备核心竞争力。据赛迪和IDC报告显示，近年来公司在中国银行业IT解决方案市场排名强势崛起，2019年收入及市场占有率综合排名分别位列第四位和第五位，并保持高速增长。同时，前瞻商业和科技趋势，入选2021年度未来银行科技服务商TOP100。天阳科技始终聚焦金融科技领域，加大自主创新力度，在超过100个城市建立本地化、专业化的研发和服务团队，拥有CMMI5级认证、软件测试成熟度模型集成（TMMi）3级认证、ISO9001质量管理体系认证、ISO20000信息技术服务管理体系认证、IS027001信息安全管理体系认证。通过部署人工智能、云计算、大数据、移动互联网、分布式计算和区块链等先进金融科技，公司致力于构建安全可控、普惠民生、开放共赢格局，在关键技术领域服务现代化金融发展大局，更好地为各利益相关方创造更大价值，为大中企业、小微企业以及每个个体提供优质金融服务。,"https://www.zhaopin.com/jobdetail/CC120408370J40369078008.htm?refcode=4019&srccode=401901&preactionid=a7c1140f-c46c-45e5-b867-ab342d8bdc77"
1778,科研人员,北京-海淀区,1-1.1万,中国生物多样性保护与绿色发展基金会,社团/组织/社会保障,100-299人,不需要融资,CC280433630J40683688301,职位描述： 1.计算机专业博士做博士后，方向：生物多样性人工智能；  2.基因专业博士做博士后，方向：环境DNA，地球DNA计划；,3月4日,中国生物多样性保护与绿色发展基金会(简称中国绿发会）是经国务院批准成立，中国科学技术协会主管，民政部注册的全国性公益公募基金会，长期以来致力于生物多样行保护与绿色发展事业。,"https://www.zhaopin.com/jobdetail/CC280433630J40683688301.htm?refcode=4019&srccode=401901&preactionid=a7c1140f-c46c-45e5-b867-ab342d8bdc77"
1779,科研人员,南京-浦口区,3-6万,中路交科科技股份有限公司,"工程技术与设计服务,学术/科研,科学技术推广",300-499人,未融资,CC478337580J40749577601,工作职责: 1、作为技术带头人，负责道路专业方向相关的重大科研项目策划，技术研发等相关研发工作； 2、负责科研项目的管理及质量把控； 3、协助项目申报、沟通汇报等工作； 4、负责部门相关专业技术能力提升和项目团队人员的培训工作。 任职资格: 1、道路工程、道路材料相关专业，博士学历； 2、有较强的科研能力，能够从事道路工程相关技术研发、科研创新、技术咨询等工作； 3、思路开阔，吃苦耐劳，有良好沟通能力和团队精神。 薪资福利： 1、五险一金+员工补充商业保险+子女商业保险； 2、食堂（一日三餐）+交通补贴+通讯补贴+出差补贴+成长奖励； 3、足球+篮球+羽毛球+党员活动+年会活动等各类文体活动； 4、节日福利（端午节+中秋节+春节+儿童节+妇女节+重阳节）； 5、博士租房补贴（应届毕业生）； 6、年度体检、上下班班车、高温补贴等。 7、年薪30万，安家费30万（分三年支付），具体面议。,6月26日,中路交科科技股份有限公司（简称：中路交科）致力于为工程领域持续提供系统的创新型解决方案，紧紧围绕“研究+产业化”发展战略、以创新为核心驱动力，为交通基础设施领域提供专业化的工程咨询、科技产品及其服务。公司的主营业务包括工程咨询、交通基础设施延寿材料产品及产品服务、智慧交通产品等三大类。其中，工程咨询包括研究和技术咨询、检（监）测服务；交通基础设施延寿材料包括钢桥面超高韧性材料、路用高模量高强材料、高性能沥青材料等；智慧交通产品包括物联网智慧工地产品、智慧公路感知产品等；产品服务为延寿材料应用服务。通过持续性的科研咨询、产品研发和专业化的产品服务，公司为交通基础设施延寿和智慧交通提供创新性解决方案。公司已获得授权专利 104项，其中中国发明专利 79项，美国发明专利 1项，软件产品 15项，软件著作权 63项。总部位于江苏省南京市。公司始终把科技人才队伍建设放在公司发展的首位，实行创业合伙人制度。现有员工400余人，其中硕博比例20%以上。团队多人次入选国家万人计划、科技部创新创业人才、交通部节能减排专家、江苏省333高层次人才培养工程、南京市中青年拔尖人才等。公司业务已覆盖全国22个省市，公司获省级政府颁发的“首届江苏省科技创新发展奖”，获省人社厅、省交通厅评选为“江苏省交通工程建设有功集体”。公司取得“江苏省质量监督局高性能沥青材料及高新技术自主创新标准化试点单位”、“南京市培育独角兽企业”、“南京市创新型领军企业”等一系列荣誉。中路交科期待与您携手打造品质工程、共创美好未来！,"https://www.zhaopin.com/jobdetail/CC478337580J40749577601.htm?refcode=4019&srccode=401901&preactionid=a7c1140f-c46c-45e5-b867-ab342d8bdc77"
1780,实施工程师,徐州-贾汪区,9000-18000元,青岛安然物联网科技有限公司,"物联网,物联网",20-99人,未融资,CC559764920J40822870104,需要弱电技术、自动化、安防系统、工业互联网+危化安全生产、物联网人才，不要纯软件人才。  你能经常到全国各地出差吗？你能到工业生产现场生产现场做技术支持吗？   真正的奋斗者在安然会有让人值得为之奋斗的事业，会有充实、高效的成长，会有高人一等的收入。   你能做好售前技术支持、根据客户需求，高效制作方案吗？你能做好售中技术支持、指导他人正确安装、部署、调试系统向用户保质保量快速交付吗？你能做好售后维护，高效沟通和落实客户需求吗？   迄今已服务中石化、中石油、延长石油、国能、兖矿、京能、索普、新安、奇美、昊源、潞安、旭阳、垦利、逸盛、海科、酒钢、金发等几百家石化、化工、选煤、钢铁、电厂企业。    安然以客户为中心，以强者为本，抬头乐干，愿意与同道中人联合、链接，携手共建、共用、共享生产安全命运共同体，一起干，一起干，让优秀企业更安全，让优秀企业更高效！,6月18日,基于精准人员定位的工业安全生产信息化管理专家，安全生产信息化管理引领者！作为全国实时定位技术标准工作组成员和应急管理部“工业互联网+危化安全生产”人员定位系统技术支持机构，安然从2012年起致力于基于ZigBee Plus三维立体按需精准定位的“工业互联网+安全生产”的研究，获得了20多项安全智能管控系统发明专利和著作权，持续引领中国化工行业生产现场智慧安全！安然以“准、稳、狠”的ZigBee Plus三维立体按需精准人员定位统和“底数清、数据准、情况明、研判准、措施实”的安全生产信息化平台为核心，整合访客管理、出入口控制、人脸识别、视频监控、语音广播、重大危险源监控、可燃有毒气体监测等系统，对生产现场人、机、料、法、环五大要素进行实时、动态、智能管控和预警，规范人的安全行为，保障人的生命安全，有效防范风险、主动化解风险，实现智慧安全。安然“以用为本”，把安全生产信息化建设与公司管理体系“深度融合”，把安全生产信息化建设与日常工作“紧密结合”，对安全生产切实“有用、实用、好用”，避免建用“两张皮”，让安全管控更智能，让生产更高效才实用。迄今已服务中石化、中石油、延长石油、国能、兖矿、京能、索普、新安、奇美、昊源、潞安、旭阳、垦利、逸盛、海科、酒钢、金发等几百家石化、化工、选煤、钢铁、电厂企业。安然以客户为中心，以强者为本，抬头乐干，愿意与同道中人联合、链接，携手共建、共用、共享生产安全命运共同体，一起干，一起干，让优秀企业更安全，让优秀企业更高效！,"https://www.zhaopin.com/jobdetail/CC559764920J40822870104.htm?refcode=4019&srccode=401901&preactionid=a7c1140f-c46c-45e5-b867-ab342d8bdc77"
1781,技术支持工程师,东莞-None,3000-6000元,广东邦固化学科技有限公司,"石油/石化,化工",100-299人,未融资,CC568479320J40868731115,招聘人数：若干 工作地点：全国各地 实习补贴：3000元/月 转正月薪：6000-8000元/月    奖  金：增量奖金、年终奖金 年综合收入：10万元以上 岗位要求： 1、本科学历，应用化学相关专业；可接受实习； 2、对化工涂料行业产品及工艺有一定的了解，进行售前、售后体系运营及维护； 3、性格开朗，有较强的沟通协调能力、学习能力、抗压能力和客户服务意识，接受经常性全国出差。 岗位职责： 1、技术支持与服务：为客户提供涂料产品相关的售前、售中、售后技术支持，包括但不限于产品选择推荐、方案设计、现场技术指导等； 2、产品研发与改进：参与涂料新产品的研发工作，对现有产品进行性能优化和技术改良，以满足不同客户和市场需求； 3、技术问题解决：处理和解决客户在涂料使用过程中遇到的各种技术问题； 4、市场调研与反馈：收集并分析市场和用户对涂料产品的需求信息，为产品研发和市场营销提供决策依据。,7月25日,广东邦固始创于1999年，于2010年在韶关南雄市注册成立，是一家专业从事膜类相关涂料研发、生产及销售的高新技术企业。公司总部位于广东省南雄市，占地面积59346平方米，注册资本人民币1.5亿元，总投资人民币近 4亿元，员工190余人。公司始终秉承“专业创新科技成果，智慧开启美好生活”的企业理念，以实际行动践行“安全、专业、诚信、创新”的箴言，竭力在薄膜涂料领域激流奋进，屹立时代潮头！公司主要产品包括激光全息防伪热烫印涂料，可以实现信息的多重加密，提高防伪的力度；冷烫印涂料，打破了传统工艺，使用冷压技术来转移金箔，应用在烟包、证照、票据、医药、化妆品等高端领域；镭射复合涂料、普通电化铝涂料、全转电化铝涂料、家电膜涂料、建材膜涂料，产品应用广泛；光学电子涂料及特种压敏胶，应用于汽车、手机、电子、玻璃、屏幕、芯片半导体等新兴产业领域，提升公司产品科技含量和附加值。公司技术力量雄厚，拥有强大的研发队伍和先进的技术水平，目前已入选工信部第三批专精特新“小巨人”企业；获批组建广东省工业设计中心、广东省功能涂料工程技术研究中心、广东省博士工作站、广东省院士专家企业工作站和广东省科技专家工作站等省级创新平台，于2022年5月荣获广东省企业技术中心；并设立新型研发机构、全资子公司“广东邦固薄膜涂料创新研究院有限公司”，已被广东省科技厅认定为广东省新型研发机构。未来，广东邦固将继续携手团队，勠力创新；聚焦时代，着力推动薄膜涂料的精细化发展。让梦想在尖端舞蹈，携科技务实前行！激励机制及福利保障：1.职称补贴：在职员工获得与岗位工作密切相关的中级及以上国家职业资格证书，公司给予为期3年的补贴，其中中级职称补贴1000元/年，高级职称补贴2000元/年；2.学历提升补贴：在职员工考取更高的学历证书，在学业结束并取得国家教育部门承认的学历证书后，公司给予相应补贴。其中，博士补贴6年，每年3000元；硕士补贴4年，每年2500元；本科补贴3年，每年2000元；大专补贴2年，每年1500元；3.员工子女高等教育奖学金：在职员工子女高中毕业考取重点大学院校本科、研究生，可获得奖学金奖励10000元/人；4.互助基金：加入互助基金会的员工在遇到突发重大困难（限员工本人或本人父母、配偶、子女患重大疾病或发生意外伤害住院治疗）时，可申请5000-25000元互助基金资助；5.困难员工补助：在公司工作满1年的正式在岗员工家庭遭遇突发性自然灾害（如火灾/水灾等）或员工本人、直系亲属（含双方父母及子女）以及配偶因重大疾病、意外伤害时，可根据补助项目和标准，申请10000-40000元困难补助金。其它福利待遇：1.全面丰富的薪酬待遇，项目奖金、提成奖金、绩效奖金、岗位津贴、节日礼金、六险一金等；2.多渠道晋升，结合自身选择管理通道、技术通道、职能通道规划职业发展；3.建立师带徒培训，根据工作需要外派参加岗位技能培训；4.享受法定节假日、带薪年休假、健康体检、党工团活动、工会福利等多项福利；5.公司提供免费食宿，宿舍配有空调、热水器、网络、定制家具、独立阳台和卫生间；可为硕士及以上学历职工申请入住人才公寓。,"https://www.zhaopin.com/jobdetail/CC568479320J40868731115.htm?refcode=4019&srccode=401901&preactionid=a7c1140f-c46c-45e5-b867-ab342d8bdc77"
1782,测试工程师,上海-浦东新区,9000-18000元,软通动力信息技术(集团)股份有限公司,"互联网,IT服务,计算机软件",10000人以上,D轮及以上,CC000544460J40421508416,1、承担射频相关测试任务，包括测试用例设计、测试环境搭建、测试流程执行和测试报告总结。,6月19日,软通动力信息技术（集团）股份有限公司（以下简称“软通动力”）是中国数字技术产品和服务创新领导企业，致力于成为一家具有全球影响力的科技企业，企业数字化转型可信赖合作伙伴。公司2005年成立于北京，多年来始终坚持科技创新，具有软硬全栈的智能技术产品和服务能力，提供软件与数字技术服务、计算产品与数字基础设施、数字能源与智算服务以及国际化服务。目前，公司在10余个重要行业服务超过1100家国内外客户，其中超过230家客户为世界500强或中国500强企业，员工近90000人。软通动力拥有软通咨询、软通金科、软通工业互联、机械革命、软通华方等业务子品牌，并在全球40余个城市布局业务，构建北美、日本、东南亚、中东四大国际交付中心，在北京城市副中心、江苏无锡建设两大智能制造基地。同时，公司前瞻布局智能制造、ICT软硬基础能力和生产力智能化产品，打造产业链闭环。软通动力设立30个能力中心，拥有1个国家级工程实验室，6个省市政府认定的工程、技术实验室及研发中心，1个博士后科研工作站，50+技术合作伙伴的生态合作体系，不断探索前沿技术的巨大商业应用潜力。公司旗下教育品牌软通教育，拥有一家全日制本科学院——郑州西亚斯学院数字技术产业学院；同时在全国合作院校600多所，设有70多个校企联合人才培养基地，通过校企合作、协同育人，为社会培养高素质应用型人才。软通动力先后获得“2023年中国IT服务市场排名TOP 1”、“2024年Q4 PC出货量国内市场份额排名TOP 2”、“2024年中国软件和信息技术服务竞争力百强企业”、“2023年中国信创企业100强”、“2024万得ESG评级（Wind ESG Rating）AA级及信息技术服务行业ESG综合得分排名第一”等荣誉及市场认可，并拥有全球软件工程领域最高级别CMMI V2.0成熟度5级评估认证、国家研发运营一体化（DevOps）三级能力成熟度模型认证、信息技术服务标准（ITSS）运维能力成熟度一级认证等专业资质，支撑公司更优质的服务体系。,"https://www.zhaopin.com/jobdetail/CC000544460J40421508416.htm?refcode=4019&srccode=401901&preactionid=a7c1140f-c46c-45e5-b867-ab342d8bdc77"
1783,软件测试,成都-锦江区,4000-6000元,成都市海德计算机职业技能培训学校,"学校/学历教育,培训/辅导服务,学校/学历教育,计算机软件",20-99人,未融资,CC623771280J40761362511,岗位职责： 1、本科学历，计算机科学与技术、软件工程、计算机相关专业优先； 2、有较强的服务意识、一定的应变能力、较好的亲和力、并热爱教育事业； 3、性格乐观、积极、主动，做事认真、细致，善于总结、学习； 4、为人善良，品行端正，能切实为学生办实事、真正解决学员的困难； 5、良好的普通话，熟练操作各类办公软件； 职位福利：五险一金、绩效奖金、年终奖、节日福利、带薪年假、春节假期15天左右。,7月23日,海德计算机职业技能培训学校，是一所经人社部，民政部备案、批准的民办计算机职业培训学校（以下简称：“海德”）2015年，成立。主要业务：高端IT教育；大学生互联网，人工智能创业项目指导及孵化业务，同时致力于大学生职业规划，大学生就业陪跑等。2018年，成立海德在线科技有限公司。主要业务：在线教育平台的软件研发，涵盖智慧教学系统，高校管理系统等，主要服务于各大高校，以促进智慧校园建设。海德始终秉承着“赋能企业价值，链接企业未来”的价值观。,"https://www.zhaopin.com/jobdetail/CC623771280J40761362511.htm?refcode=4019&srccode=401901&preactionid=a7c1140f-c46c-45e5-b867-ab342d8bdc77"
1784,实施工程师,恩施-咸丰县,9000-18000元,青岛安然物联网科技有限公司,"物联网,物联网",20-99人,未融资,CC559764920J40823805304,需要弱电技术、自动化、安防系统、工业互联网+危化安全生产、物联网人才，不要纯软件人才。  你能经常到全国各地出差吗？你能到工业生产现场生产现场做技术支持吗？   真正的奋斗者在安然会有让人值得为之奋斗的事业，会有充实、高效的成长，会有高人一等的收入。   你能做好售前技术支持、根据客户需求，高效制作方案吗？你能做好售中技术支持、指导他人正确安装、部署、调试系统向用户保质保量快速交付吗？你能做好售后维护，高效沟通和落实客户需求吗？   迄今已服务中石化、中石油、延长石油、国能、兖矿、京能、索普、新安、奇美、昊源、潞安、旭阳、垦利、逸盛、海科、酒钢、金发等几百家石化、化工、选煤、钢铁、电厂企业。    安然以客户为中心，以强者为本，抬头乐干，愿意与同道中人联合、链接，携手共建、共用、共享生产安全命运共同体，一起干，一起干，让优秀企业更安全，让优秀企业更高效！,7月3日,基于精准人员定位的工业安全生产信息化管理专家，安全生产信息化管理引领者！作为全国实时定位技术标准工作组成员和应急管理部“工业互联网+危化安全生产”人员定位系统技术支持机构，安然从2012年起致力于基于ZigBee Plus三维立体按需精准定位的“工业互联网+安全生产”的研究，获得了20多项安全智能管控系统发明专利和著作权，持续引领中国化工行业生产现场智慧安全！安然以“准、稳、狠”的ZigBee Plus三维立体按需精准人员定位统和“底数清、数据准、情况明、研判准、措施实”的安全生产信息化平台为核心，整合访客管理、出入口控制、人脸识别、视频监控、语音广播、重大危险源监控、可燃有毒气体监测等系统，对生产现场人、机、料、法、环五大要素进行实时、动态、智能管控和预警，规范人的安全行为，保障人的生命安全，有效防范风险、主动化解风险，实现智慧安全。安然“以用为本”，把安全生产信息化建设与公司管理体系“深度融合”，把安全生产信息化建设与日常工作“紧密结合”，对安全生产切实“有用、实用、好用”，避免建用“两张皮”，让安全管控更智能，让生产更高效才实用。迄今已服务中石化、中石油、延长石油、国能、兖矿、京能、索普、新安、奇美、昊源、潞安、旭阳、垦利、逸盛、海科、酒钢、金发等几百家石化、化工、选煤、钢铁、电厂企业。安然以客户为中心，以强者为本，抬头乐干，愿意与同道中人联合、链接，携手共建、共用、共享生产安全命运共同体，一起干，一起干，让优秀企业更安全，让优秀企业更高效！,"https://www.zhaopin.com/jobdetail/CC559764920J40823805304.htm?refcode=4019&srccode=401901&preactionid=a7c1140f-c46c-45e5-b867-ab342d8bdc77"
1785,测试工程师,赣州-信丰县,8000-10000元,绿萌科技股份有限公司,"电气机械/电力设备,农/林/牧/渔",1000-9999人,A轮,CC671692220J40685009412,工作职责： 1、协助算法工程师进行软件测试，反馈测试结果并完成相关测试报告 2、对视觉系统相关硬件选型、测试，开发新系统，并完善新系统相关资料文件| 3、收集视觉系统客诉反馈问题并提出解决方案 4、对公司现用分选系统、视觉系统进行安装、调试、功能测试。 任职要求： 可接受无经验应届生，自动化专业和计算机等相关专业优先 职位福利：五险一金、包吃、包住、全勤奖、股票期权,7月22日,绿萌创立于2001年，是中国领先的果蔬采后处理装备整体解决方案，国家高新技术企业、国家重点“小巨人”企业。公司联合中科院微电子所、华中农业大学等，应用机器视觉、高光谱、人工智能、大数据、绿色保鲜等先进技术，研制的果蔬采后智能装备核心技术达国际领先水平，被邓院士评价为我国农机领域唯一能够参与国际竞争并取得领先优势、实现规模化出口的成果。,"https://www.zhaopin.com/jobdetail/CC671692220J40685009412.htm?refcode=4019&srccode=401901&preactionid=a7c1140f-c46c-45e5-b867-ab342d8bdc77"
1786,测试工程师,合肥-蜀山区,8000-12000元,安徽佳通乘用子午线轮胎有限公司研发分公司,汽车零部件,500-999人,不需要融资,CCL1411579820J40714715311,岗位职责： 1. 负责智能轮胎测试技术的研究与开发 2. 设计并实施轮胎性能测试实验 3. 分析测试数据，优化产品设计 岗位要求： 1） 电子电气、通讯或相关专业本科生或研究生；,6月3日,佳通轮胎（中国）研发中心创建于2003年03月01日，是佳通轮胎全球5大研发及试验中心之一，也是人数最多、研发实力最强、最为核心的研发中心。目前研发中心共有员工570余人，博士近10人，硕士100余人。其中从事技术开发和创新的研发人员400多人，均为本科及以上学历，是一支高素质、高水平的研发团队。多名外籍资深专家在中心任职，从事技术研究和开发工作。佳通轮胎（中国）研发中心位于国家级合肥经济技术开发区，建有6层蕴含尖端科技的研发中心办公楼及占地6000多平米的试验楼。研发中心在2016年被评为国家认定企业技术中心，其实验室在2010年通过了国家认可实验室CNAS认证。,"https://www.zhaopin.com/jobdetail/CCL1411579820J40714715311.htm?refcode=4019&srccode=401901&preactionid=a7c1140f-c46c-45e5-b867-ab342d8bdc77"
1787,C/C++,福州-马尾区,6000-10000元,福州盛博电子有限公司,"电子/半导体/集成电路,电子/半导体/集成电路",20-99人,未融资,CC285083910J40684173711,岗位内容： 1. 设计、开发和维护高质量的C++应用程序； 2. 根据项目计划，在保质保量的前提下，按时完成开发任务； 3.负责相关产品的功能模块设计，负责相关产品的功能模块设计； 4.负责软件系统的性能优化和调试；  5. 参与项目需求分析和技术选型。  任职要求：  1. 熟悉C++编程语言，具备扎实的编程基础；  2. 具有良好的算法和数据结构基础；  3. 熟练使用常见的开发工具，如QT；  4. 具备较强的沟通协调能力和团队合作精神；  5. 有扎实的计算机科学/软件工程背景。,7月25日,福州盛博电子有限公司（CHINASIMBA）我们的业务历史与现实盛博电子公司成立于2004年为香港昂立电子研究机构属下企业，CHINASIMBA自成立以来已为全球30多个跨国企业提供产品研发设计服务和产品制造生产业务。公司在工业脉冲雷达、多普勒雷达、FMCW调频波雷达、120GHz太赫兹、 3D雷达物位扫描仪、300GHz太赫兹位移传感器、计量级磁致伸缩液位计等工业传感器/物联网测量技术领域，在研发/技术/产品上不断推陈出新。盛博电子公司是工业雷达领域在测量技术行业的耕耘者、开发者和发布者。2017年盛博电子将120GHz太赫兹雷达技术应用到工业自动化物位测量领域，在德国汉诺崴发布全球第一台120GHz雷达测量产品在全球范围内产品大量推广销售。2018年盛博电子与昂立电子研究机构合作为德国公司研发设计用于高速列车雷达测速技术，这项技术也为国内动车系统提供核心技术和模组的技术生产许可。2019年盛博电子开始将300GHz太赫兹技术应用于血液检查，医疗和烟草行业。盛博电子至今已为国内外工业物位传感器行业提供源于盛博电子自主开发、设计、制造的雷达核心模组和相关生产技术许可，在工业物位行业占有60%的产品技术市场，研发项目服务客户除国内企业客户外，海外企业客户遍布英国、德国、丹麦、美国、印度、台湾、日本、土耳其、韩国、俄罗斯、意大利、南非、巴西等国家。盛博电子有限公司拥有一只丰富经验熟悉国际研发流程规范，长期从事 OEM/ODM设计开发生产服务的专业团队，公司有外籍员工、海归人员和海外应用开发合作伙伴企业共同帮助盛博电子的企业客户，在工业雷达及相关行业领域的产品应用持续保持竞争优势。福州盛博电子有限公司诚挚邀请，国内外具有共同愿望和追求价值的研发/技术/工艺/生产人士、科学/运营/财经/管理人才加入盛博团队；推动不断创新行动，致力于推动工业雷达传感器技术的应用发展。欢迎加入CHINASIMBA！我们的团队，成为我们的一员！这是我们的荣幸和骄傲！公司福利：五险一金、周末双休、高温补贴带薪年假、节日福利、生日福利法定假日、年终奖金、绩效业绩奖外籍员工回国度假、工作签证2024届校招投递链接：https://mp.weixin.qq.com/s/SEyLBiB0xjeLpUenM4GWiw社招投递链接：https://mp.weixin.qq.com/s/bfYPKQyyInVNdHMLFh5f9Q,"https://www.zhaopin.com/jobdetail/CC285083910J40684173711.htm?refcode=4019&srccode=401901&preactionid=a7c1140f-c46c-45e5-b867-ab342d8bdc77"
1788,Java,大连-甘井子区,1.5-3万,米斯特奥福(大连)咨询服务有限公司,"人力资源服务,人力资源服务",20人以下,未融资,CC323581030J40755801613,工作内容：设计，开发，测试  要求：日语流利沟通，3年以上软件开发经验，开发语言不限。可以到日本出差。,5月29日,米斯特奥福（大连）咨询服务有限公司是一家专注于IT行业猎聘服务的人力资源服务机构，尤其擅长对日软件，车载软件，电商软件，ERP软件等开发及管理人才招聘，目前已成功为数十家知名IT企业招聘数百名IT研发类人才，目前是多家知名IT企业的核心猎头服务商。顾问团队均为工作经验5-10年的资深猎头顾问，招聘经验丰富，业绩卓越，善于精准匹配企业的人才需求和候选人的求职意向，达到双赢的效果。我们的人才储备丰富，分布在辽宁，北京，上海，广州，深圳，浙江，江苏，福建，日本，美国，韩国，新加坡等多个省市和国家。,"https://www.zhaopin.com/jobdetail/CC323581030J40755801613.htm?refcode=4019&srccode=401901&preactionid=a7c1140f-c46c-45e5-b867-ab342d8bdc77"
1789,C/C++,武汉-江岸区,1-2万,燧石投资管理(武汉)有限公司,"基金,证券/期货",20-99人,不需要融资,CC447976580J40785009008,【岗位职责】 1.对交易策略的发展方向有深刻理解，设计并实现高效、高可靠、高扩展性的策略框架、算法模型，用高质量的软件开发降低程序的计算延迟提高策略的交易效率； 2.与策略研究员合作，负责交易策略的实盘转译编码、维护、调试和优化，负责实现模型算法/因子并优化现有算法的精确度和效率； 3.复杂数学算法的研究实现，其他平台或者文献中的算法转译为C#/C++代码，并完成测试工作。   【任职要求】 1.国内外重点高校硕士研究生及以上学历，数学、物理、统计、计算机等数理/理工类相关专业的应届或往届毕业生。 2.熟练掌握C++/C#中至少一门语言，熟练使用Python，具备扎实的编程能力和算法知识；熟悉并会使用高性能向量和矩阵计算库，能够使用常见数学库在C++、C#等平台上进行性能敏感算法开发，并有能力查找、转译部分数学库函数源码。 3.具备扎实的数理统计功底，熟悉高等数学，熟悉回归分析、时间序列分析等数据统计方法，掌握常见科学计算算法模型；掌握最优化理论、机器学习原理者优先。 4.熟悉Excel、Python、Matlab、R等至少一种数据处理工具，熟悉常见数据统计方式和原理；熟悉常见算法，能够针对性能敏感代码进行优化，具备高性能计算与算法优化的能力。 6.具备良好的分析能力，对技术细节有钻研精神，认真严谨、追求极致，并具有良好的沟通能力。 7.对量化研究领域有强烈兴趣，有量化策略/金融系统相关项目经验者优先。,6月3日,▶公司介绍燧石投资管理（武汉）有限公司是一家专注于量化期货、证券等金融及金融衍生品交易的公司，已在中国证券投资基金业协会备案，是基金业协会的观察会员。公司目前坐落于中国武汉、北京、美国休斯顿三地。燧石投资专注于交易技术研究，以掌握核心交易技术作为公司的生存信条，通过数理分析与计算机应用科学技术实现跨市场全天候自动化交易，为客户提供高收益风险比的资产管理服务。目前公司在运作40余只私募证券基金产品服务包含美国某著名高频量化基金公司、招商银行私人银行、国泰君安证券等海内外知名投资机构。此外，凭借优异的资产管理能力公司入围多家证券公司、期货公司白名单。▶公司实力（一）管理规模公司2011年在美国休斯敦发起创立，于2016年成立燧石科技（武汉）有限公司开展美国成熟平台的本地化移植，2017年该公司入选武汉市东湖高新区光谷人才计划，获得武汉市政府基金的投资和财政奖励，并完成千万级股权融资。发展至今美国团队98人，管理规模40亿美元，中国团队45人，管理规模15亿元人民币。（二）团队实力公司聚集了来自国内外量子物理、数理统计、人工智能、计算机技术、通信技术、大数据与模式识别领域的技术专家，和具有丰富金融服务经验的市场和运营人员，同时与中国和美国多所高校开展合作。中国团队共40名，平均年龄34岁。成员中87%拥有硕士和博士学位，60%拥有海外留学背景，94%毕业于全国前十的高等学府。成员中50%具有10年以上资产管理和投资研究经验。美国团队共79名，平均年龄39岁。成员中79%拥有硕士和博士学位，92%毕业于全美国排名前十的高等学府。成员中30%具有25年以上资产管理和投资研究经验。核心交易技术依托于其历时十年自主研发的投资研究管理体系和超高性能自动化交易系统。该系统具有完整的知识产权，核心技术已完成1项发明专利和3项软件著作权的申报。核心团队成员从业经历超过10年，专注国内投资市场超过8年，拥有丰富的海内外金融市场交易经验。,"https://www.zhaopin.com/jobdetail/CC447976580J40785009008.htm?refcode=4019&srccode=401901&preactionid=a7c1140f-c46c-45e5-b867-ab342d8bdc77"
1790,C/C++,西安-雁塔区,8000-10000元,西安软玥信息技术有限公司,计算机软件,20-99人,未融资,CCL1476319810J40796573015,1、软件工程、自动化、计算机等相关专业本科学历及以上学历； 2、具备上位机软件开发经验，熟悉C程序开发，熟悉QT，visual studio开发工具的使用； 3、熟悉软件开发的主要流程及相关运行标准，可以根据需求完成设计、编码、测试等工作； 4、熟悉windows、Linux操作系统、多线程、TCP/IP协议。,12月24日,西安软玥公司成立于2023年，主要致力于计算机软硬件及辅助设备批发；计算机软硬件及辅助设备零售；集成电路销售；集成电路芯片及产品销售；计算器设备销售；软件销售；电子产品销售；终端测试设备销售；互联网数据服务；网络技术服务；软件开发；软件外包服务；网络与信息安全软件开发；数字文化创意软件开发；集成电路设计；信息系统集成服务；物联网技术服务；数据处理和存储支持服务；信息技术咨询服务；数据处理服务；动漫游戏开发；计算机系统服务；信息咨询服务（不含许可类信息咨询服务）；市场营销策划；图文设计制作；企业管理咨询；专业设计服务；技术服务、技术开发、技术咨询、技术交流、技术转让、技术推广。·工作氛围超nice，能力提升UP UP·绩效奖金拿到手软，每一分付出都能看见回报…,"https://www.zhaopin.com/jobdetail/CCL1476319810J40796573015.htm?refcode=4019&srccode=401901&preactionid=a7c1140f-c46c-45e5-b867-ab342d8bdc77"
1791,Java,苏州-None,150-200元/天,青岛未来互连信息科技有限公司,"计算机软件,农/林/牧/渔,互联网,IT服务",20-99人,不需要融资,CC280096130J40719850316,职位描述： 1.在项目经理的带领下完成需求的开发，保证项目的开发进度和开发质量； 2.参与需求分析、功能设计、功能开发、数据库设计及开发工作； 3.配合运维同事排查线上运行的项目问题，并及时定位问题解决问题； 职位要求： 1.计算机或相关专业本科及以上学历 2.熟悉常用的Linux命令，能独立部署配置nginx、tomcat、weblogic等常用服务器； 3.熟悉Oracle、MySQL等主流数据库， 能够熟练的运用SQL脚本进行数据库操作； 4.有从事软件行业的热情，有较强的适应能力和较强的逻辑思维能力，责任心及执行力强； 5.有金蝶ERP系统（如金蝶、用友等）开发经验者优先，有前端开发经验者优先； 6.能接受长期出差及客户现场开发； 7.有金蝶产品开发经验者优先;    ♥职业发展：公司一年有两次晋升机会；致力于构建一个多元化的职业发展平台让员工能够根据自己的职业愿景和个人兴趣纵向或横向发展，员工可自行选择最适合的成长路径。   ♥招聘流程：投递-在线笔试-在线面试-在线测评-offer,6月6日,青岛未来互连信息科技有限公司成立于美丽的海滨城市青岛，目前公司专注于畜牧行业的养殖自动化、行业解决方案、养殖云服务，为大规模养殖提供完善的信息解决方案，目前自主研发的养殖环境监控系统已初步成型。目前公司正处于高速发展进程中，客户资源稳定，行业前景乐观。公司虚位以待，广纳各界有识之士加盟，共创伟业！公司地址：青岛市崂山区招聘邮箱：hr@qdwlhl.com,"https://www.zhaopin.com/jobdetail/CC280096130J40719850316.htm?refcode=4019&srccode=401901&preactionid=a7c1140f-c46c-45e5-b867-ab342d8bdc77"
1792,科研人员,榆林-榆阳区,8000-16000元,榆林中科洁净能源创新研究院,"学术/科研,学术/科研",20-99人,未融资,CCL1277628700J40682671512,岗位职责：1. 开展高通量智能催化反应实验以及相关仪器设备使用与维护工作。 任职条件：1. 35周岁（含）以下，硕士研究生及以上学历；,7月16日,中国科学院洁净能源创新研究院榆林分院（简称榆林分院）是中国科学院洁净能源创新研究院在榆林市设立的实体机构，2020年3月5日经过中共榆林市委机构编制委员会批准登记为独立的地方事业法人单位，2020年7月6日获得单位法人证书。中国科学院洁净能源创新研究院指定中国科学院大连化学物理研究所负责榆林分院管理运行。榆林分院的办院宗旨是开展能源领域应用研究，解决国家能源安全和能源产业发展的关键技术，面向社会服务洁净能源及相关产业发展，开展国际合作与交流等。业务范围是开展能源领域应用研究，为榆林打造世界一流高端能源化工基地和建设国家级能源革命创新示范区提供科技支撑；解决国家能源安全和能源产业发展的关键技术；汇聚中国科学院能源领域研究成果，推动成果转化与产业化；为国家、中国科学院和陕西省能源产业发展提供系统解决方案，推动区域经济高质量发展。,"https://www.zhaopin.com/jobdetail/CCL1277628700J40682671512.htm?refcode=4019&srccode=401901&preactionid=a7c1140f-c46c-45e5-b867-ab342d8bdc77"
1793,硬件测试,嘉兴-南湖区,100-150元/天,浙江赛思电子科技有限公司,"通信/网络设备,电子/半导体/集成电路,IT服务,仪器仪表制造",100-299人,D轮及以上,CC565929420J40641602709,工作职责： 1. 负责整机测试，按要求进行设备的功能验证、性能测试及相关记录； 2. 协助设备组装及初步测试，确保设备正常运作； 3. 学习并协助售后工程师进行技术支持工作，涉及系统测试、设备安装及网络基础配置； 4. 根据培训内容掌握技术支持的相关技能，能够独立解决常见问题； 5. 在第2个月后，参与技术支持工作，支持客户的设备安装及售后维护，能适应出差工作。 岗位要求： 1. 具备电子、通信、网络等相关专业背景优先； 2. 动手能力强，有一定的设备组装或测试经验优先； 3. 良好的学习能力，能够快速掌握新的技术和设备操作； 4. 良好的沟通能力及团队合作精神，能够与客户及内部团队顺畅沟通；,7月24日,公司简介 COMPANY PROFILE浙江赛思电子科技有限公司总部坐落于浙江省嘉兴市科技城，研发和销售中心位于北京中关村科幻产业重新中心，另设有西安、成都、深圳及东莞研发分部。公司是国家级专家特新小巨人企业，是国家科技部重点扶持的国家高新技术企业。公司享有国有资产股份投资，注册资金2.1亿人民币，总部占地面积20多亩，拥有近二万平的研发和办公场所，引进国际上最先进的通讯设计和制造技术，研发团队和公司规模都是国内时频领域最大的公司之一，秉承“引领时频智造，共创精准世界”的理念，赛思将引领国内时频行业。公司核心团队来自世界一流时频设备公司，专注于时间&频率系统解决方案的研制、生产和销售，为各行业提供各类时间、频率基准。目前涉及的领域有通信、电力、轨道交通、金融商业、医疗和特殊应用等行业。公司是国家电网骨干网、国家电网特高压、南方电网超高压、白俄罗斯国家电网骨干网、中国移动、中国联通、中石油、贵阳地铁、石家庄地铁、青岛地铁、长沙磁悬浮、郑州地铁、武汉地铁、宁波地铁、北京地铁和天津地铁等国家重大项目的时钟系统和同步设备的供应商。主要优势： l较强的综合实力 l注册资本2亿人民币，上百人的研发和技术团队，研发和企业规模在国内专业时钟设备商中排名第一； l遍布全国的营销网络； l产品系列化、多样化（NTP/PTP时间服务器、BITS、各类子母钟、授时板卡/模块、时统系统、频率基准等）。 l时频研发能力强大，技术先进 l核心团队带来世界一流的时钟技术公司； l自有FPGA守时和授时算法，提升时钟守时和授时能力；具有硬件设计与软件深度定制开发能力，可提供定制化解决方案； l与高校和研究所合作研发原子钟技术，推动原子钟技术国产化； l紧跟行业发展，提供IEEE1588 v2解决方案并有多行业商用案例； l国家十二五和十三五多个重大项目时频解决方案供应商，能提供高精度、高可靠性的时钟解决方案； l国内领先的时钟技术水平、完善及定制化的网络管理软件，在高精度守时和授时、大型组网及同步网的网管上有核心专利和商用案例。 l全行业应用 l建设了国内第一个时频一体化（IEEE1588）商用同步网络-内蒙联通骨干网时间同步系统； l全球首次轨道交通LTE网络IEEE1588时钟同步方案商用案例-武汉地铁6号线LTE-M承载CBTC应用的IEEE1588时钟同步解决方案； l建设国家电网公司、南方电网公司、白俄罗斯国家电网等国家级骨干频率同步网； l甘肃电网、浙江电网、国家电网特高压等省级骨干网及电网重大项目供应商； l入围中国移动时钟同步设备集采； l为三大运营商都提供了省级同步网解决方案； l为石家庄地铁、北京地铁、天津地铁、青岛地铁、贵阳地铁、武汉地铁、郑州地铁等轨道交通项目提供基准时钟系统； l非洲第一条现代电气化铁路时钟系统供应商-埃塞俄比亚首都亚的斯亚贝巴至吉布提首都吉布提铁路； l中标中国联通集采，成为14个省份的时钟同步系统供应商； l成为中石油管道时钟系统统一供应商； l为信息化装备提供高精度的定制型时频板卡和设备，解决协同问题和时空一体化问题。,"https://www.zhaopin.com/jobdetail/CC565929420J40641602709.htm?refcode=4019&srccode=401901&preactionid=a7c1140f-c46c-45e5-b867-ab342d8bdc77"
1794,测试工程师,荆州-沙市区,5000-6000元,外企德科,"人力资源服务,咨询服务",1000-9999人,不需要融资,CC138117190J40795904405,美的小天鹅，整机可靠性中心--产品测试员 荆州上海大道88号 大专，不包吃住，基本薪资3200+加班费2000-2500，入职就缴纳五险一金。月休4天-8天可选，在实验室工作，有独立工位。 岗位职责： 1、测试洗衣机和干衣机，有师傅培训; 2、对分析工具设备、5S等进行日常管理维护; 岗位要求: 1.大专及以上学历; 2.计算机，数控，机械，自动化等相关专业工作者优先; 3.能吃苦耐劳，具有一定协调沟通能力，工作认真努力，责任心强;,2025-07-27 00:25:22,"北京外企德科人力资源服务上海有限公司（FESCO Adecco）：官方网站：http://www.fescoadecco.com/北京外企德科人力资源服务上海有限公司(外企德科 FESCO Adecco)是值得客户信赖的人力资源解决方案提供商和全球合作伙伴，是中国人力资源服务行业最具竞争力和品牌价值的FESCO（北京外企服务集团）与全球人力资源服务行业领航者The Adecco Group（德科集团）于2010年成立的一家中外合资人力资源服务企业，为企业及个人提供业务外包、人事服务、招聘猎头和员工福利等人力资源解决方案。目前，FESCO Adecco在浙江、陕西、重庆、深圳、苏州设立了分支机构，全国服务人数超过200万名，服务客户超20,000家。","https://www.zhaopin.com/jobdetail/CC138117190J40795904405.htm?refcode=4019&srccode=401901&preactionid=a7c1140f-c46c-45e5-b867-ab342d8bdc77"
1795,科研人员,石家庄-长安区,7000-10000元,河北向往专利代理有限公司,"专利/商标/知识产权,企业服务",300-499人,未融资,CCL1348610240J40699016102,1、负责收集、了解相关的各类国家和地方优惠、扶持、奖励政策信息，熟悉各类企业相关项目申报条件、流程； 2、负责与客户资料的对接工作，及时与项目人员沟通在操作中出现的问题； 3、从事项目立项分析、申报对策及相关事务的办理； 4、协调企业内部相关部门准备和收集文档资料，参与编制项目申报材料，完成申报任务，跟踪项目进展和主管部门评审进度； 5、进行项目验收资料的准备、送审和验收，申报项目的后期验证等给予协助； 6、负责各项主管部门要求的统计数据工作的协调收集和汇总申报； 7、申报资料的存档管理。,7月26日,"河北向往专利代理服务有限公司（隶属天皓集团），目前在知识产权、科技服务、、信息化建设、品牌策划、外贸跨境等领域为企业提供专业优质的品牌服务，目前在职员工四百余人，办公面积4000多平米。在国内拥有30余家生态链公司，于2015年在澳大利亚阿德莱德成立首家境外公司。精耕细作多年，积累了上万家服务案例，同时集团不断积极与欧洲、美国、日本等国家和地区的同行交流合作，为向客户提供更专业更高效的涉外企业服务奠定坚实的基础。天皓是在顺应中国企业级服务行业发展的大背景时代下诞生的梦想公司。天皓的主要任务是认真的把企业级服务做到最好。让客户因为天皓的服务提高企业级服务过程中的复合收益，让同事们因为天皓有所成就，收获成长。向往一直坚持""成为中国最好的企业服务集团""的发展愿景，秉承""赋能企业成长，解决企业问题""的企业使命，专注为企业提供多元化综合服务，助力企业成长。天皓内部则以公司社会化、分红全岗化，价值传承化为管理理念，以实现自我商业价值和社会价值为目标，以特色的公司经营理念为一直坚持的愿景努力奋斗。向往希望成为更多有志向奋斗者梦想的舞台，也更想成为一家具有社会责任感、企业级服务行业荣辱感的奋斗企业。天皓希望成为更多有志向奋斗者梦想的舞台，也更新成为一家具有社会责任感、企业级服务行业荣辱感的奋斗企业。企业使命：使命:赋能企业成长，解决企业问题愿景:成为中国最好的企业服务集团让更多的员工因为天皓生活的更有价值客户满意度达到100%梦想:成为福布斯百强企业让每个天皓人回到纯真优秀员工拥有公司80%的分红权社会观:公司是社会的，是国家的，是优秀管理团队的是我们共同创造社会价值和个人价值的历史舞成长价值观智慧专业(有专业才有信任)真诚(有真诚才有智力:自我)严谨(有严谨才有规矩分享(有分享才有朋友)沟通(有沟通才有效率)温暖(有温暖才有家人)发展历程2014年:2月第一家公司正式注册成立，拥有第一个500平米独立办公区域:2015年:2月保定分公司成立，5月莱皓科技服务公司成立: 12月澳大利亚公司成立:2016年:线上品牌《竹靖蜓》成立:2017年:7月邯郸分公司成立:2018年:3月唐山分公司成立: 6月君之合网络科技成立:8月首个专利事务所成立:2019年:9月集团党支部成立: 11月收购元鑫知识产权公司:2020年: 4月法律服务业务部成立:8月获得首个国家级公共服务平台荣誉:2021年:2月财税业务部成立: 5月“天皓红公益基金成立:7月信息化业务部成立;2022年:5月集团妇联成立: 7月首次承接行业协会工作: 10月科技服务品牌群、信息化品牌群财税品牌群相继成立获得荣誉国家中小企业公共服务示范平台河北经贸大学校企合作共建单位河北省工业诊所河北省引智工作站河北省工信厅工业节水第三方服务机构河北省科技厅科技成果评价试点河北省服务贸易(服务外包)示范企业河北省高新技术企业后备培育服务机构善行使者公益协会石家庄市科技服务协会","https://www.zhaopin.com/jobdetail/CCL1348610240J40699016102.htm?refcode=4019&srccode=401901&preactionid=a7c1140f-c46c-45e5-b867-ab342d8bdc77"
1796,Java,郑州-二七区,1000-2000元,上海玉带信息技术有限公司,"计算机软件,IT服务,互联网,培训/辅导服务",20人以下,,CC588646820J40639975306,参与完成公司的自研智慧校园软件产品，Java SpringBoot/MVC+MySql+VUE 要求： 1、计算机相关专业毕业，培训班毕业的也可。 2、要求独立完成过Spring Boot/MVC项目，可以是个人练习，也可以是学校作业。 实习工资（阶梯式）：前3月1.3k/月，然后每3个月加500。 转正工资：4-6k,7月14日,上海玉带信息技术有限公司主要从事职业教育单位的信息化建设，包括面向教学的智慧教学系统、面向数据的大数据处理系统、面向业务的业务管理系统等的开发与应用。河南省职业教育（包括大专院校、中专学校、职业高中等形式）在国内均处于领先水平，有79所高职学校，380多所中职学校，共计一百多万名学生。为参与河南职业教育信息化的进程，上海玉带当前在郑州设立有分公司，负责处理河南省内职业院校的教育信息化建设业务，包括相关信息系统的开发与改进，根据学校的需要提供相应的数据治理、工作流程服务等工作。,"https://www.zhaopin.com/jobdetail/CC588646820J40639975306.htm?refcode=4019&srccode=401901&preactionid=a7c1140f-c46c-45e5-b867-ab342d8bdc77"
1797,测试工程师,天津-西青区,5000-8000元,天津众齐软件股份有限公司,"计算机软件,互联网,IT服务",100-299人,已上市,CC640181680J40781043805,职责： 1、PC端、微信端、APP端软件产品测试； 2、产品测试的全流程工作，包括需求评审，制定测试计划，测试用例编写，缺陷跟踪和软件质量分析等； 3、测试方法的调研与改进，搭建并维护整个产品的测试环境，提升测试成效。 要求： 1、大学本科或以上学历，计算机、软件工程、信息系统等相关专业； 2、熟悉软件测试技术、测试理论、测试流程、测试方法，有WEB自动化测试经验者优先； 3、熟悉Java、Javascript等WEB开发编程语言优先； 4、具有良好的学习、沟通和团队合作能力。,5月30日,天津众齐软件股份有限公司是专注于供热领域，集软件产品研发、销售、服务于一体的软件公司，致力于打造最具“终生效能费用比”的供热高端管理软件，助推供热行业数字化转型。公司位于天津滨海高新区华苑科技园，占地2000平米，是国家高新技术企业和国家双软认证企业、天津OTC成长版挂牌企业、中国软件和信息服务业信用AAA企业、中国城镇供热协会会员单位、天津市软件协会监事长单位，拥有51个供热软件著作权，6个供热软件专利。公司深耕供热信息化领域18年，业务覆盖了北方所有省份，服务了包括济南能源集团、呼市城燃热力、石家庄华电供热、京能大同热力、北燃实业、天津滨海供热集团等在内的超300家大中型供热企业。公司旗舰产品有供热收费管理系统、供热客服管理系统、供热网上服务大厅、供热生产运行管理系统，延伸的产品还有供热GIS系统、供热设备巡检系统，以及供热收费、稽查、维修及管理等移动端应用。产品完全兼容各地区的供热政策，服务品质已经成为行业内的标杆。2020年，众齐软件启动了智慧供热运营管理平台的研发及落地应用，努力推动供热行业数字化转型，构建智慧城市供热大脑。基于城市供热GIS一张网，将供热运营经验与庞大的财务、设备、生产、客户数据相结合，提供开发预测、水力分析、负荷预测、应急调度、经营分析、服务分析、能耗分析、经济运行分析、客服AI等能力输出，实现企业数据的整体融合共享以及业务的高效协同管理，为企业整体运营管理和决策提供数字化、可视化、自动化、智能化支持的一体化平台。,"https://www.zhaopin.com/jobdetail/CC640181680J40781043805.htm?refcode=4019&srccode=401901&preactionid=a7c1140f-c46c-45e5-b867-ab342d8bdc77"
1798,硬件测试,大连-None,7000-12000元,大连泰思曼科技有限公司,电子/半导体/集成电路,20-99人,未融资,CC207278710J40486076014,职责描述：   ,7月25日,业务快速增长，急需有志销售人员，研发人员，年薪18万不是梦泰思曼科技，作为高压电源技术领导者，致力于高压电源产品的研发生产和销售，经过多年努力，已开发出几十款高压电源产品，特别是现在智能大功率高压电源的推出确立了行业的领导地位，业务面临迅速扩张，欢迎有志之士加盟共谋大业，共赢未来！大连泰思曼，是专业的高压电源供应商，生产，定做全系列高压电源产品，为世界各地的客商提供周到的全方位的服务。我们的产品应用涵盖了静电除尘、油烟净化、静电喷涂、X光机和CT机、静电喷雾，物料静电喷涂包裹，激光设备，臭氧发生设备，静电植绒、科学研究、静电杀菌等领域。我们的客户包括了OEM厂商，工厂，科研院所和大专院校，在同行业赢得了广泛的信誉。泰思曼的目标：以科学的态度，勇于创新的精神和用户一道在高压电源的应用领域不断探索和开拓，为用户提供更先进，更可靠，更环保的高压电源产品，从而提升用户产品的性能。为了这一目标，我们将策略的重点放在：对用户的需求的快速反应，强化工程设计水平，完善项目管理体制，不断改进生产工艺、永无止境地追求质量和效率。用不断完善的高压电源产品线，我们可以满足大多数用户的各种需求，甚至包括了各种偏、冷门的需求，其中有生产厂商的OEM配套、科研院所的实验测试设备、及其他直接用户的需求。这些高压电源产品有：X光机高压电源有称为X光高压电源、X光机电源、X光管高压电源、X光电源、X光管电源、X光射线管高压电源、X光射线管电源，X光检测高压电源、X光测量高压电源，无损探伤高压电源、无损检测高压电源、无损测量高压电源，光谱分析高压电源、荧光光谱分析高压电源。,"https://www.zhaopin.com/jobdetail/CC207278710J40486076014.htm?refcode=4019&srccode=401901&preactionid=a7c1140f-c46c-45e5-b867-ab342d8bdc77"
1799,Java,武汉-江夏区,1.6-3万·14薪,外企德科数字技术有限公司,专业技术服务,10000人以上,,CCL1480117890J40786017305,工作内容: 1.负责研发领域IT系统技术方案的设计，开发等工作; 2.负责项目开发过程中的技术攻关及解决运行中出现的技术问题; 3.负责产品核心模块的代码编写和测试; 4.负责产品疑难问题的分析和定位。 岗位要求: 1.统招学历学位证，毕业证，学信网可查; 2.热爱编程，基础扎实，熟悉掌握但不限于JAVA/Python/JS/HTML/GO/C/C++/C#等编程语言中的一种或数种，有良好的编程 习惯; 3.具备独立工作能力和解决问题的能力、善于沟通、乐于合作、热衷新技术、善于总结分享，喜欢动手实践;,2025-07-27 00:25:27,外企德科数字技术有限公司是一家2023年新成立的中外合资企业。成立于2023年11月24日，公司定位：专注于为信息技术企业提供人才及数字技术外包解决方案的中外合资企业。它是由中国人力资源服务行业的FESCO（北京国际人力资本集团）与全球人力资源服务领导者The Adecco Group（德科集团）合资成立的。公司主要提供网络技术服务、软件外包服务、计算机系统服务、技术进出口、软件开发等信息技术相关服务。专注于为信息技术企业提供信息技术类人才及数字技术外包解决方案。,"https://www.zhaopin.com/jobdetail/CCL1480117890J40786017305.htm?refcode=4019&srccode=401901&preactionid=a7c1140f-c46c-45e5-b867-ab342d8bdc77"
1800,软件测试,深圳-南山区,8000-11000元,深圳市视界购科技技术有限公司,计算机软件,100-299人,不需要融资,CCL1286984920J40798362208,1.大专及以上学历;  2.熟悉测试流程，能独立完成相关测试文档的编写工作，对功能测试或某一领域的业务 有较为深入的理解;  3.熟悉测试方法，有性能测试经验者优先； 4.工作认真负责，良好的沟通能力和团队合作意识，良好的学习能力和技术钻研能力; 岗位职责 1.负责公司业务产品的测试工作，参与产品服务的需求评审;  2.制定测试方案，设计测试数据，编写和执行测试用例，并进行缺陷跟踪和质量分析等;  3.负责测试中发现缺陷的风险评估，确认缺陷和协调修复缺陷;  4.在项目中保持和项目、产品、开发等成员积极有效沟通，准确地定位并跟踪问题，推动问题及时合理地解决;,5月19日,深圳市视界购科技技术有限公司总部设立于广东深圳，是一家专业从事软件研发、定制服务的高新技术企业，公司面向企业应用和商务智能，提供从云平台搭建到大数据分析的全套解决方案，跟随互联网的潮流，秉承着：诚信为本，技术革新。的精神，公司拥有大批资深的专业技术人员和项目管理经验、建立了规范的产品研发、咨询、销售和服务体系。基于先进的项目管理和知识管理模式，为客户提供优质的产品和服务。积累了丰富的系统研发和系统集成经验，形成了一批多学科、多专业、高学历、高素质、技术力量雄厚、业务经验丰富的专业团队。如今我们正携手客户搭建共赢互赖的技术体系，陪伴着每家客户勾勒其卓越的未来。,"https://www.zhaopin.com/jobdetail/CCL1286984920J40798362208.htm?refcode=4019&srccode=401901&preactionid=a7c1140f-c46c-45e5-b867-ab342d8bdc77"
1801,技术支持工程师,哈尔滨-松北区,3000-5000元,哈尔滨好饰家建材有限公司,"建材,装饰装修,零售/批发,房地产开发",100-299人,未融资,CC274352810J40391486216,岗位职责： 1.负责公元管道上门试压服务。,2月11日,2002年8月29日，一家只有24平米、专营长江散热器的小店，在红旗家俱城开业啦！这就是好饰家的前身！经过七年的稳扎稳打与诚信经营，于2009年11月5日正式注册成立“哈尔滨好饰家建材有限公司”（以下简称：好饰家）。同年，与武汉“金牛管”、中德合资“适佳散热器”以及“圣菲蒂凡尼整体定制”先后达成合作，成为区域总代理。2016年，好饰家经营体系继续升级后，与中国最具品牌价值的卫浴品牌“九牧”合作，成为黑龙江区域总代理。开启全新战略版图的扩张步伐！仅5年时间，九牧已在哈尔滨市内开设直营门店20余家、省内合作经销商200余家。近五年来，好饰家的销售额稳定保持在亿元以上。企业规模、发展趋势、竞争力均位于黑龙江前列。2018年，凭借敏锐的市场洞察力，董事长郝文泉先生进军房地产，注册成立“哈尔滨市中正房地产开发有限公司”（隶属哈尔好饰家旗下子公司）。并率先拿下南亭印象一期施工项目。截止到2019年底，南亭印象一期竣工并交付使用，进户率达到80%以上，用户满意率达95%以上。2019年，公司又分别签下尚都首府和融创公园壹号项目。2020年8月29日“尚都首府”开盘首战告捷！成为尚志地产界唯一杀出阴霾重围的一匹黑马！而融创公园壹号项目也进入最后收尾工作，成绩斐然！座落于松北区华美太古广场近2000平米的五层（地上四层、地下一层）商用建筑，是好饰家的总部基地。它是集零售、工程、渠道、洽谈以及办公为一体的综合性办公场所，已于2019年9月正式投入使用。二十年只是一个起点，正值轻壮年的好饰家将与时俱进、披荆斩棘，竖行业标杆、展企业风采！全力做好产品深化服务，不断延伸品类及公司平台，为顾客提供舒适、理想的住房及家装服务，为员工创造精神及物质财富！创新才有发展，诚信方能持久！如果你愿意，请与我们一起，为自己的家共同努力！！转运热线：18945689350简历接收邮箱： hsjjiancai-0451@163.com,"https://www.zhaopin.com/jobdetail/CC274352810J40391486216.htm?refcode=4019&srccode=401901&preactionid=a7c1140f-c46c-45e5-b867-ab342d8bdc77"
1802,技术支持工程师,大连-甘井子区,6000-8000元,大连优科仪器仪表有限公司,仪器仪表制造,20-99人,未融资,CC323266610J40485880202,你的加入会为优科仪表带来新的发展动能，优科仪表也将给你提供广阔的发展空间，让我们共同努力向前奔跑，优科仪表欢迎你！ 加入优科仪表的四个理由： 1.有优势的行业：工业自动化仪表行业前景广阔，国家导向科技兴邦，民族仪表工业大有可为。 2.有优势的平台：公司成立20多年，一直稳步发展，拥有清晰的愿景、使命、价值观，完善的企业管理体系，是一个高效、承载着满满正能量的平台。 3.有优势的薪酬:完善的薪酬制度，激励的奖金制度，特有的分红、股权激励，让你劳有所获。 4.有优势的个人成长：岗位专业性强，完善的培训体系，高效透明的晋升空间，注重人才培养和个人职业发展规划。【岗位职责】：   1、负责产品的故障诊断、维修；对维修中遇到的疑难问题或出现的新故障应及时上报给部门领导； 2、负责公司产品的售后指导工作包括现场服务，为用户提供线上基础问题解答、故障申报、投诉受理等服务； 3、负责对客户操作人员进行产品的使用、维护等技术培训； 4、了解客户对公司产品质量、售后服务、改进建议等内容，及时汇总上报相关负责人并持续跟进结果； 5、完成上级领导交办的其它相关工作。   【任职资格】：   1、统招大专及以上学历，理工类相关专业优先；   2、懂弱电相关知识；   3、积极乐观，性格开朗，人品端正；   4、主动解决问题能力强，思路清晰，沟通表达能力佳；   5、能接受出差。 ,4月16日,大连优科仪器仪表有限公司（2001年成立）是国家级高新技术企业，专注工业自动化仪表的研发、生产、销售与服务，拥有39项专利及多项软著，核心产品涵盖压力、温度、流量等检测设备。公司通过ISO 9001、SIL、CE等国际认证，具备自营进出口资质，以“诚信经营，精益求精”为理念，为能源、化工等领域提供高可靠性解决方案，助推全球工业智能化进程。,"https://www.zhaopin.com/jobdetail/CC323266610J40485880202.htm?refcode=4019&srccode=401901&preactionid=a7c1140f-c46c-45e5-b867-ab342d8bdc77"
1803,科研人员,杭州-富阳区,150-200元/天,青岛中科未来健康研究院有限公司,"医疗设备/器械,医疗设备/器械,医疗检测",100-299人,未融资,CCL1322850830J40781432302,岗位职责： 1. 协助研发工程师进行产品研发、实验支持及资料整理工作； 2. 参与实验室日常管理与基本操作； 3. 完成领导安排的其他研发相关任务。 任职要求： 1. 材料、生物、药学、化工、医学工程等相关专业在读本科/研究生； 2. 有一定实验基础，认真负责、学习能力强； 3. 每周至少出勤5天，连续实习不少于3个月。,7月28日,青岛中科青岛中科未来健康研究院有限公司位于素有青岛“北大门”之称的城阳区，创立于2021年，注册资本1000万元。公司由中国科学院理化技术研究所、山东大唐世纪集团有限公司及青岛唐泽智能科技有限公司共同出资设立。公司以引领生物大健康产业技术发展、支撑生物大健康产业市场技术需求为使命，致力于打华北乃至全国领先的大健康产业创新中心。,"https://www.zhaopin.com/jobdetail/CCL1322850830J40781432302.htm?refcode=4019&srccode=401901&preactionid=a7c1140f-c46c-45e5-b867-ab342d8bdc77"
1804,Java,西安-雁塔区,80-100元/天,东华软件股份公司,"计算机软件,云计算/大数据,人工智能,网络/信息安全",1000-9999人,已上市,CC193399810J40728495607,岗位要求： 1、统招二本及以上学历，计算机相关专业，专业课无挂科；,2025-07-27 00:16:42,东华软件2001年1月成立，总部位于北京中关村，东华软件是国家规划布局内重点软件企业、国家火炬计划重点高新技术企业、计算机服务及软件特大型企业。东华软件于2006年8月在深圳主板上市，股票代码002065，注册资金32.05亿元。2023年营业收入115.2亿元。职工11700余人，其中研发人员约6700多人，拥有2400多项软件著作权。东华软件自成立以来，不断加大技术创新、产品创新和业务模式创新的力度，已为数千个用户提供了优秀的软件和信息系统解决方案，涵盖多种应用与技术平台，用户涉及医疗、金融、政务、能源、水利、公安、电信等多个行业，成功完成了国家电网公司、中石油股份公司、中国科学院、水利部、国家气象局、国家工商总局、中国人民银行、华夏银行、中国人寿保险公司、北京协和医院、四川大学华西医院、山西移动通信公司、贵阳市公安局、江苏中烟工业公司、中国国际航空公司等重要客户的应用软件开发和计算机信息系统集成项目。东华软件十分注重同业界各类知名IT厂商建立和保持良好的合作关系，通过共享市场资源与技术资源跟踪最新的技术发展趋势与市场动态，把国内外先进的技术和产品用一流的服务带给用户。多年良好的业绩及服务已经得到众多厂家的信任与认可。目前，东华已成为数十家国际国内知名IT企业的增值代理商、系统集成商或战略合作伙伴，为用户提供了全面的解决方案和优质高效的服务。2020年1月，腾讯14.4亿元入股东华软件，双方强强联合，在市场拓展、技术研发、企业管理和生态建设等方面的合作持续深入。,"https://www.zhaopin.com/jobdetail/CC193399810J40728495607.htm?refcode=4019&srccode=401901&preactionid=a7c1140f-c46c-45e5-b867-ab342d8bdc77"
1805,测试工程师,武汉-蔡甸区,7000-12000元,中电金信软件有限公司,"计算机软件,IT服务,互联网,计算机软件",10000人以上,不需要融资,CC443657520J40739947009,工作内容： 1、负责影音系统/仪表/TBOX 相关功能测试和验证，编写测试计划、规划详细的测试方案、编写测试用例； 2、根据测试计划搭建和维护测试环境； 3、执行测试工作，提交测试报告； 4、对测试中发现的问题进行详细分析和准确定位，与开发人员讨论缺陷解决方案； 5、提出对产品的进一步改进的建议，并评估改进方案是否合理。对测试结果进行总结与统计分析，对测试进行跟踪，并提出反馈意见。 ,5月29日,中电金信，是中国电子旗下成员企业，通过持续研发创新，参与国家重大工程，依托行业场景，构建金融级数字底座，打造全栈全域解决方案，提供领先的咨询、软件产品及开发、质量安全保障及运营服务，为金融及重点行业数智化转型及安全发展提供强大动能，并以中国数智化转型最佳实践服务全球。我们推崇开放包容的文化。在中电金信，你将和同样拥有热情和梦想的优秀队友一起合作、交流和学习，稳扎稳打不断提升，和团队一起助力国家重大工程项目。我们为你提供清晰的职业路径和不设限的发展机会，你将通过不同类型的项目不断成长，获得前所未有的荣耀感和使命感，和我们一起去创造数字时代的美好未来。,"https://www.zhaopin.com/jobdetail/CC443657520J40739947009.htm?refcode=4019&srccode=401901&preactionid=a7c1140f-c46c-45e5-b867-ab342d8bdc77"
1806,实施工程师,石家庄-长安区,4000-7000元,讯联共创石家庄企业管理中心(有限合伙),"企业服务,企业服务,网络/信息安全,通信/网络设备",20-99人,未融资,CC855208990J40268620008,岗位职责：1.负责网络安全项目中的产品调试和交付；    2.负责网络安全项目中的技术培训；    3.负责客户的安全应急和售后驻场。 ,6月3日,企业管理咨询；市场营销策划；企业形象策划；市场调查；会议及展览展示服务.（依法须经批准的项目，经相关部门批准后方可开展经营活动）。企业管理咨询；市场营销策划；企业形象策划；市场调查；会议及展览展示服务.（依法须经批准的项目，经相关部门批准后方可开展经营活动）企业管理咨询；市场营销策划；企业形象策划；市场调查；会议及展览展示服务.（依法须经批准的项目，经相关部门批准后方可开展经营活动）,"https://www.zhaopin.com/jobdetail/CC855208990J40268620008.htm?refcode=4019&srccode=401901&preactionid=a7c1140f-c46c-45e5-b867-ab342d8bdc77"
1807,硬件测试,荆州-沙市区,4000-6000元,外企德科,"人力资源服务,咨询服务",1000-9999人,不需要融资,CC138117190J40795813905,聘岗位:整机可靠性中心--产品测试员 岗位职责： 1、测试洗衣机和干衣机，有师傅培训; 2、对分析工具设备、5S等进行日常管理维护; 岗位要求: 1.大专及以上学历; 2.计算机，数控，机械，自动化等相关专业工作者优先; 3.能吃苦耐劳，具有一定协调沟通能力，工作认真努力，责任心强;,2025-07-27 00:26:20,"北京外企德科人力资源服务上海有限公司（FESCO Adecco）：官方网站：http://www.fescoadecco.com/北京外企德科人力资源服务上海有限公司(外企德科 FESCO Adecco)是值得客户信赖的人力资源解决方案提供商和全球合作伙伴，是中国人力资源服务行业最具竞争力和品牌价值的FESCO（北京外企服务集团）与全球人力资源服务行业领航者The Adecco Group（德科集团）于2010年成立的一家中外合资人力资源服务企业，为企业及个人提供业务外包、人事服务、招聘猎头和员工福利等人力资源解决方案。目前，FESCO Adecco在浙江、陕西、重庆、深圳、苏州设立了分支机构，全国服务人数超过200万名，服务客户超20,000家。","https://www.zhaopin.com/jobdetail/CC138117190J40795813905.htm?refcode=4019&srccode=401901&preactionid=a7c1140f-c46c-45e5-b867-ab342d8bdc77"
1808,Java,济南-历下区,6000-8000元,济南星科达大数据有限公司,电子商务,20-99人,,CCL1497677350J40774297813,工作内容：  根据需求完成系统功能的设计和开发，确保代码的质量和可靠性  进行系统的测试和调试，修复bug并优化系统性能  撰写相关的技术文档和用户手册，方便团队和用户的使用和维护  参与团队的协作工作，包括代码评审和技术交流等,7月16日,,"https://www.zhaopin.com/jobdetail/CCL1497677350J40774297813.htm?refcode=4019&srccode=401901&preactionid=a7c1140f-c46c-45e5-b867-ab342d8bdc77"
1809,C/C++,深圳-龙岗区,1.5-3万·14薪,外企德科数字技术有限公司,专业技术服务,10000人以上,,CCL1480117890J40790394305,1. 信息系统/计算机/通讯等相关专业优先，无经验能力优秀者可放宽；   2. 热爱编程，熟悉掌握C/C++/Java/Python/JS/Web/安卓开发等编程语言中的一种或多种编程语言，扎实的编程功底；,2025-07-27 00:25:47,外企德科数字技术有限公司是一家2023年新成立的中外合资企业。成立于2023年11月24日，公司定位：专注于为信息技术企业提供人才及数字技术外包解决方案的中外合资企业。它是由中国人力资源服务行业的FESCO（北京国际人力资本集团）与全球人力资源服务领导者The Adecco Group（德科集团）合资成立的。公司主要提供网络技术服务、软件外包服务、计算机系统服务、技术进出口、软件开发等信息技术相关服务。专注于为信息技术企业提供信息技术类人才及数字技术外包解决方案。,"https://www.zhaopin.com/jobdetail/CCL1480117890J40790394305.htm?refcode=4019&srccode=401901&preactionid=a7c1140f-c46c-45e5-b867-ab342d8bdc77"
1810,实施工程师,郑州-金水区,6000-8000元,河南赛宜物联网有限公司,互联网,20-99人,,CCL1486449000J40744581901,岗位内容： 1. 负责公司产品的规划、设计、安装、调试及优化。 2. 解决客户在安装和使用过程中可能出现的技术问题。 3. 维护客户关系，了解客户需求并及时响应，并根据客户需求反馈，做出相应调整。 任职要求： 1. 具备计算机、自动化等相关专业学历，有无工作经验都可。 2. 熟练掌握网络设备的安装及调试知识，具备网络规划能力。 3. 具备一定的项目管理经验，能有效组织和协调团队工作。 4. 具备良好的客户服务意识和高度的责任心。 朝九晚六 双休+入职缴纳五险一金   全勤奖+法定节假日,6月12日,,"https://www.zhaopin.com/jobdetail/CCL1486449000J40744581901.htm?refcode=4019&srccode=401901&preactionid=a7c1140f-c46c-45e5-b867-ab342d8bdc77"
1811,软件测试,无锡-滨湖区,5000-7000元,天阳科技,"计算机软件,计算机软件",1000-9999人,已上市,CC120408370J40302765308,职位描述   1、本科学历，20年毕业及以上；,7月11日,天阳科技(股票代码：300872)，是全球金融创新服务的重要贡献者，持续赋能中国金融行业数字化转型，为客户提供咨询、金融科技产品、金融IT服务、云计算及运营服务。公司成立于2003年，服务超过300家金融行业客户，覆盖中央银行、政策性银行、国有银行、股份制银行、地方性商业银行、非银行金融机构等，员工人数近7000人，成为激活金融领域创新活力、推动金融科技迈入世界领先水平的重要力量。作为金融行业客户可信赖的合作伙伴，天阳科技凭借丰富的行业经验和端到端的专业服务，在信创、数字化金融、信贷、交易银行、信用卡、零售、营销、风险管理、征信监管等众多领域具备核心竞争力。据赛迪和IDC报告显示，近年来公司在中国银行业IT解决方案市场排名强势崛起，2019年收入及市场占有率综合排名分别位列第四位和第五位，并保持高速增长。同时，前瞻商业和科技趋势，入选2021年度未来银行科技服务商TOP100。天阳科技始终聚焦金融科技领域，加大自主创新力度，在超过100个城市建立本地化、专业化的研发和服务团队，拥有CMMI5级认证、软件测试成熟度模型集成（TMMi）3级认证、ISO9001质量管理体系认证、ISO20000信息技术服务管理体系认证、IS027001信息安全管理体系认证。通过部署人工智能、云计算、大数据、移动互联网、分布式计算和区块链等先进金融科技，公司致力于构建安全可控、普惠民生、开放共赢格局，在关键技术领域服务现代化金融发展大局，更好地为各利益相关方创造更大价值，为大中企业、小微企业以及每个个体提供优质金融服务。,"https://www.zhaopin.com/jobdetail/CC120408370J40302765308.htm?refcode=4019&srccode=401901&preactionid=a7c1140f-c46c-45e5-b867-ab342d8bdc77"
1812,前端开发,宁波-鄞州区,9000-13000元,温州百栎信息科技有限公司,人工智能,300-499人,,CCL1505049230J40760610209,岗位内容： 1. 负责开发和维护前端系统和模块，确保其运行稳定可靠 2. 编写高效、清晰、易于维护的代码 3. 协调需求，与其他团队成员进行有效沟通和协作 任职要求： 1. 熟练掌握HTML、CSS和JavaScript，熟悉主流前端框架 2. 具备扎实的编程基础，良好的代码风格，注重代码品质 3. 擅长和团队合作，具备很好的沟通和协调能力,7月25日,,"https://www.zhaopin.com/jobdetail/CCL1505049230J40760610209.htm?refcode=4019&srccode=401901&preactionid=a7c1140f-c46c-45e5-b867-ab342d8bdc77"
1813,技术支持工程师,上海-None,4000-6000元,上海达澍实业有限公司,零售/批发,20人以下,,CC461198880J40758261314,技术支持工程师 工作内容： 1. 做好售前售后技术支持工作，完成产品演示培训； 2. 根据客户需求，提供解决方案，每日工作情况积极反馈； 岗位要求： 1. 理工科专业大专及以上学历； 2. 熟练掌握公司产品的技术原理和应用场景； 3. 心态积极阳光具有良好的沟通能力和客户服务意识； 4. 有良好的语言组织及表达能力，执行力强，能适应出差； 5.可接受相关专业应届毕业生。,5月24日,"上海达澍实业有限公司是一家专业研发、生产及销售警用、安防等设备的单位。我公司将坚守“诚信、务实、创新、服务”的信念，为广大公安干警提供便携、高效的勘查、检验等设备。公司产品已通过公安部产品检测中心检测及并通过ISO9001国际质量体系认证，完善的质量体系和严格的管理，使产品品质得到完美保证，本公司生产的刑侦系列产品得到广大客户的认可，并在现场勘查中发挥重要作用。公司拥有雄厚的技术实力和先进的生产设备及工艺，自公司成立以来，不断引进先进的技术和高精密的设备，使产品质量不断提高。我公司将本着“合作共赢、用心做好产品和服务”为宗旨，竭诚为您服务。以质量求生存,以信誉求发展是本公司永恒的主题，用户的需要就是我们的追求，本公司愿和国内外朋友精诚合作，共同发展！","https://www.zhaopin.com/jobdetail/CC461198880J40758261314.htm?refcode=4019&srccode=401901&preactionid=a7c1140f-c46c-45e5-b867-ab342d8bdc77"
1814,测试工程师,上海-徐汇区,150-180元/天,上海联和东海信息技术有限公司,"计算机硬件,计算机硬件",100-299人,未融资,CCL1281842250J40667426002,岗位要求： 1.  计算机、通信电子、电子信息工程、电路、自动化或仪器仪表测试等相关专业，专科或以上学历； 2.  具有积极主动的学习意愿和较强的学习能力； 3.  认真负责、具备良好的沟通能力及团队精神； 4.  至少能3天/周*4个月 *公司不提供住宿   实习内容： 1.  测试与计量：按照产品测试规范和测试计划，完成相关产品（PC和服务器）的软件和硬件测试工作，以确保PC和服务器能稳定、高效、安全的运行， 并出具测试报告 2.  兼容性测试：测试产品是否能与不同品牌、型号的硬件组件（如扩展卡、存储设备、GPU卡等）正常配合工作，以及在更换或升级硬件后产品是否仍然能稳定运行 3.  协助研发工程师进行主板信号测试、电源测试、高低温测试，输出测试报告 4.  测试文档管理：负责测试报告文件的收集、整理、归档、分类和保管 5.  编辑、维护和更新产品的测试文档和测试用例 协助研发人员撰写测试方案、测试用例，以及对应的技术文档,5月19日,上海联和东海信息技术有限公司立足国产计算机产业，围绕国家信息产业、信息安全发展战略，致力计算机整机研发、设计、智造，通过全方位对接国产CPU芯片、操作系统、应用软件等，先后打造了基于国产兆芯CPU芯片的商用台式机、笔记本、多串口工控机、服务器等系列产品。我们的愿景是重振上海国产计算机整机产业，赋能上海信息产业关键技术新空间，打造“上海芯，上海造”计算机制造产业新标杆，目标是成为国家“信息创新”领域生力军。,"https://www.zhaopin.com/jobdetail/CCL1281842250J40667426002.htm?refcode=4019&srccode=401901&preactionid=a7c1140f-c46c-45e5-b867-ab342d8bdc77"
1815,技术支持工程师,上海-松江区,4000-8000元,安图生物,"医药制造,医疗设备/器械",1000-9999人,已上市,CC224773320J40304657805,岗位职责: 1.负责公司试剂&仪器产品的技术支持服务，包括发光仪的安装调试、培训、后期问题； 2.进行实验操作、产品推广等。   任职要求: 1、本科及以上学历，男女不限； 2、医学检验、生物医学工程、医疗器械工程、生物技术等相关专业； 3、普通话标准，沟通能力强，适应常驻上海区域和长期出差； 4、有相关工作或实习经验者优先考虑。 职位福利：五险一金、绩效奖金、加班补助、包吃、交通补助、带薪年假、定期体检、免费班车  ,11月11日,安图生物初创于1998年，专注于体外诊断试剂和仪器的研发、制造、整合及服务，产品涵盖免疫诊断、微生物检测、生化诊断等检测领域，能够为医学实验室提供全面的产品解决方案和整体服务。安图生物建有国家认定企业技术中心、免疫检测自动化国家地方联合工程实验室、河南省免疫诊断试剂工程技术研究中心等，承担了多项国家省市重大科技项目，其中包括“863计划”两个项目。安图生物秉持“致力于医学实验室技术的普及和提高，为人类健康服务”的企业宗旨，努力为医学实验室提供性能价格比、品质价格比更优的产品与服务。安图生物高度重视产品研发及技术创新，是业内注册文号最多、产品线最全面的企业之一。安图生物以“用户至上，创造价值”为服务理念，超过600名客服工程师队伍为全国各地用户提供专业、及时、周到的技术服务。在为用户提供产品技术服务的同时，为医学实验室提供室内质量控制服务及合作共建和集采服务。安图生物共有千余家经销商，基本形成了覆盖全国的营销网络。在国际营销方面，公司产品已销售至欧洲、亚洲、中东、南美、非洲等多个国家和地区。2016年9月1日，郑州安图生物工程股份有限公司在上海证券交易所挂牌上市（股票简称：安图生物，股票代码：603658）。,"https://www.zhaopin.com/jobdetail/CC224773320J40304657805.htm?refcode=4019&srccode=401901&preactionid=a7c1140f-c46c-45e5-b867-ab342d8bdc77"
1816,测试工程师,洛阳-偃师区,6000-9000元·13薪,郑州多度影视传媒有限公司,"广播/影视,新媒体,互联网,广告/营销",100-299人,未融资,CCL1486495600J40782034915,"岗位责任： 1.负责公司软件整机功能的功能测试，可靠性测试。 2.负责公司硬件基带单板测试、射频指标测试、可靠性测试。 3.维护和更新测试用例，协助及跟踪软硬件问题解决。 4.负责各项性能指标的测试，分析并对相关标准进行修订。 5.负责收集测试数据,归纳测试结果,对产品的整体指标给予综合评估。 6.负责项目各组件，各器件确认测试工作。 7.根据不同的设备搭建不同测试环境。 任职要求： 1.计算机或通信相关专业，5年以上测试经验。 2.在快速迭代方面有自己一套完整的实施经验。 3.熟练操作和搭建Ubuntu平台。 4.有app，光电（摄像头）等测试经验优先。 5.有良好的逻辑分析能力和沟通能力，快速学习能力，有责任感主动性强，良好的团队合作精神，能适应一定压力的工作。 6.能独立完成软硬件性能测试，并对通讯原理有一定的了解，有初步定位和分析问题的能力。 7.具备go语言开发经验优先",7月26日,经营范围：电影摄制服务；技术服务、技术开发、技术咨询、技术交流、技术转让、技术推广；电子专用设备销售；电气设备销售；机械电气设备销售；照明器具销售；消防器材销售；制冷、空调设备销售；安全技术防范系统设计施工服务；工程管理服务；摄像及视频制作服务；文艺创作；互联网销售；企业形象策划；数字文化创意内容应用服务；数字文化创意软件开发；信息技术咨询服务；专业设计服务；摄影扩印服务；个人互联网直播服务；文化娱乐经纪人服务；互联网数据服务；互联网安全服务；物联网应用服务；文具用品零售；纸制品销售；电子产品销售；日用百货销售；日用品销售；化妆品零售；农副产品销售；广告设计、代理；广告制作；工艺美术品及收藏品零售；美发饰品销售；会议及展览服务；市场营销策划；服装服饰零售；其他文化艺术经纪代理；五金产品零售；体育用品及器材零售；软件开发；信息咨询服务；办公用品销售，许可项目：互联网直播技术服务；互联网游戏服务；信息网络传播视听节目；建筑智能化系统设计,"https://www.zhaopin.com/jobdetail/CCL1486495600J40782034915.htm?refcode=4019&srccode=401901&preactionid=a7c1140f-c46c-45e5-b867-ab342d8bdc77"
1817,测试工程师,深圳-宝安区,5000-7000元,深圳市讯科标准技术服务有限公司,"检测/认证,计算机硬件,咨询服务",100-299人,未融资,CC420247636J00417121904,岗位职责：不接受软件专业 1) 实验室检测工作；  2) 仪器设备的维护保养；  3) 检测报告的输出；  4) 适当的出差安排；  5) 上级交办的其他事务。  任职条件：  1) 大专以上学历，理工科专业；  2) 普通话标准，英语四级以上；  3) 熟练操作电脑，具备一定的文档处理能力；  4）C照，能独立开车优先 工作地址：  深圳市宝安区西乡街道九围社区强荣东工业区E2栋2楼 职位福利：五险一金、绩效奖金、全勤奖   ,7月22日,深圳市讯科标准技术服务有限公司（以下称“深讯科”）是一家通过各项认证认可的国家高新技术企业，先后取得CMA检验检测机构计量认证、CNAS中国合格评定国家认可委员会、国际安全运输协会认可等权威认可和授权。公司面积超过2000平米，拥有高端前沿的检测设备，我司在电子电气、工业品、消费品、贸易商品、新材料、新能源等领域，提供产品有毒有害物质检测，安规检测，EMC检测，环境安全检测，电子电器产品可靠性与失效分析，材料性能与分析，纺织品、鞋类、皮革检测，玩具产品检测，建材与轻工产品检测，汽车及其零部件检测，食品包装和接触材料检测，半导体及相关领域检测分析等多项综合检测与认证服务。深讯科作为独立第三方检测机构，以公正、独立的非当事人身份，根据有关法律法规、国际、国内、行业标准或产品标准进行检验检测活动。国内通行，全球认可，深讯科检测将长期致力于为多领域客户提供一站式检测服务及绿色解决方案，凭借精准、高效、专业的检测服务，协助企业全面提升产品品质!,"https://www.zhaopin.com/jobdetail/CC420247636J00417121904.htm?refcode=4019&srccode=401901&preactionid=a7c1140f-c46c-45e5-b867-ab342d8bdc77"
1818,C/C++,北京-海淀区,1.5-3万,北京(海淀)大数据先进技术研究院(北京大数据先进技术研究院),"云计算/大数据,互联网",100-299人,不需要融资,CCL1295287630J40698036807,岗位职责 1.负责Linux环境下C++、Python编程，进行深度学习训练框架的代码开发、模块测试及国产化适配等工作；  2、从事大模型相关工作。,2月10日,"北京大数据先进技术研究院（Advanced Institute of Big Data,Beijing,AIBD）是由中央批准设立，面向国家大数据发展战略需求，由我国计算机领域著名院士领衔，融合多方优势资源，集需求、市场、技术于一体的高水平新型研发机构，是北京市海淀区具有独立法人资格的新型事业单位。研究院以梅宏院士团队为核心，聚集了一批杰出科技英才及其创新团队，并联合北京大学、上海交通大学等高校开展博士、博士后联合培养，着力汇聚和培养一支拥有战略科学家、学术领军人才、多学科交叉创新人才的数据空间创新队伍。基于国家技术发明一等奖先进技术成果基础，聚焦一体化大数据互操作系统研制，致力于打破信息孤岛、盘活数据资源，推进数联网新型基础设施建设，实现数据空间中数据资源的可信、可管、可控，推动我国构建万物互联、人机交互、天地一体的网络数字空间。“基于数字对象架构的数联网与大数据互操作技术”2022年入选世界互联网15项领先科技成果，于世界互联网大会乌镇峰会发布。研究院2022年获批“数据空间技术与系统”全国重点实验室。实验室面向国家数联网和数据空间建设的中长期战略需求，聚焦我国数据空间面临的技术发展路径受制、应用基础理论薄弱、核心系统技术缺失的“卡脖子”问题，采用“总部+基地+网络”的系统创新模式，整合北京大学、中国电子等国内优势力量和资源，开展国家战略导向的体系化应用基础研究。重点围绕数据空间的架构、运行、应用构造和可信保障等四个方向，持之以恒、成体系地开展高水平应用基础研究、前沿技术探索和关键技术攻关，形成数联网基础软件和数据空间操作系统等标志性成果，建立自主原创、世界一流、具有重要国际影响力的数联网和数据空间“中国方案”，打造支撑有力、前沿领先、根基深厚的数联网和数据空间领域国家战略科技力量。研究院北京总部坐落于海淀区玉泉慧谷，依三山、傍五园，科研工作环境优美，高端创新要素聚集，人才区位优势明显，创业创新条件优越。研究院分别在长三角、大西南等区域设有分支机构。","https://www.zhaopin.com/jobdetail/CCL1295287630J40698036807.htm?refcode=4019&srccode=401901&preactionid=a7c1140f-c46c-45e5-b867-ab342d8bdc77"
1819,Java,东莞-None,1.2-2.4万·15薪,外企德科数字技术有限公司,专业技术服务,10000人以上,,CCL1480117890J40792000205,1、有大型分布式系统设计和开发经验，对分布式相关理论有深入的理解； 2、熟悉Java/C/C++/Python其中一种语言，具备良好的算法和编程能力； 3、熟悉Spring、Spring Boot 、Spring Cloud等各种开源框架，特别在Spring/SpringCloud领域有丰富的项目实践经验者优先； 4、熟悉Mysql、Oracle等数据库，有相关数据开发经验； 5、熟悉Devops，熟悉Docker，熟悉Kubernetes应用优先； 6、熟悉Service Mesh、微服务治理、灰度发布等相关技术优先； 7、有较强的学习能力、良好的团队协作能力。,2025-07-27 00:25:53,外企德科数字技术有限公司是一家2023年新成立的中外合资企业。成立于2023年11月24日，公司定位：专注于为信息技术企业提供人才及数字技术外包解决方案的中外合资企业。它是由中国人力资源服务行业的FESCO（北京国际人力资本集团）与全球人力资源服务领导者The Adecco Group（德科集团）合资成立的。公司主要提供网络技术服务、软件外包服务、计算机系统服务、技术进出口、软件开发等信息技术相关服务。专注于为信息技术企业提供信息技术类人才及数字技术外包解决方案。,"https://www.zhaopin.com/jobdetail/CCL1480117890J40792000205.htm?refcode=4019&srccode=401901&preactionid=a7c1140f-c46c-45e5-b867-ab342d8bdc77"
1820,测试工程师,文昌-None,4000-7000元,北京星际荣耀科技有限责任公司,船舶/航空/航天/火车制造,100-299人,不需要融资,CCL1264678700J40635546906,工作职责,7月10日,北京星际荣耀空间科技股份有限公司(下称“星际荣耀”)是目前中国率先成功完成运载火箭入轨发射任务的优秀民营企业。星际荣耀以拓展人类生存空间为使命，致力于研发优秀的商业运载火箭并提供系统性的发射解决方案，服务于国内外商业卫星客户，为全球商业航天客户提供高效、优质、高性价比的发射服务。星际荣耀作为中国民营商业航天的杰出代表，其产品具有低成本、高可靠和快速响应的特点，具备在全球卫星发射市场与国际商业航天企业进行角逐的能力。北京星际荣耀科技有限责任公司（下称“星际科技”）作为星际荣耀全资子公司，主要承担宇航型号的研制工作。星际科技技术研发团队成员95%来自985、211高校，硕士以上学历人员比例近90%，高级职称的人员比例超过40%，总计曾获得数十项国家及部级以上奖励、数百项航天行业成果奖励、数百项学术专著及论文成果、百余项授权专利。星际科技博士后科研工作站于2020年12月经北京市人力资源与社会保障局批准设立，以建设一流博士后科研工作站为办站方针，为博士后研究人员提供优厚的科研条件与福利待遇，打造商业航天技术研发转化的一流平台。,"https://www.zhaopin.com/jobdetail/CCL1264678700J40635546906.htm?refcode=4019&srccode=401901&preactionid=a7c1140f-c46c-45e5-b867-ab342d8bdc77"
1821,技术支持工程师,烟台-福山区,9000-15000元,烟台睿创微纳技术股份有限公司,"电子/半导体/集成电路,通信/网络设备",1000-9999人,已上市,CC200206520J40721978814,职责描述： 1.接收和协助解决客户遇到的各类现场技术问题，具备独立分析、独立设计试验、独立解决的能力;2.全程跟踪售后问题并定期输出数据分析总结，收集所需信息提供给开发部门，梳理疑难问题提出优化改进意见维护到落地实施，并执行客户访谈，做到闭环管理3.根据需要协同销售团队拜访客户，负责与客户进行技术沟通、宣讲产品和技术方案，分析与理解客户需求，提供相应的解决方案，引导客户选择产品，寻找项目机会;跟踪后续客户应用进展并协助处理客诉;负责展示环境的搭建和现场讲解，协助重点项目入围测试、竞争性测试，4.协助市场部实施所负责销售范围内的广告宣传及其它市场活动; 5.负责自有产品或系统的技术指导(指导安装、指导调试)、关键系统与平台调试、试运行保障、能力转移(技术培训)及辅助验收等，帮助客户或用户建立可正常运行的实体系统， 6.负责客户沟通协调、需求与风险管控、变更及问题管理、进度及成果物管理，确保项目顺利交付; 7.编写输出技术文档，包括用户手册、使用指南、故障排除手册等 任职要求: 1.统招本科以上学历，理工科背景，具备扎实的模拟、数字电路基础，有技术支持相关工作经验、有硬件研发或嵌入式开发、工程工艺制程经开发运维经历优先2.良好的学习能力，独立分析、处理问题的能力，思维敏捷，善应变 3.强烈的求知欲、责任心、主动性，良好的团队协作与沟通能力，优良的客户服务意识 4.良好的规划性、条理性，善于记录、总结、归纳;5.具备项目运作思维，逻辑思维缜密 6.具备一定抗压及情绪控制能力，发扬艰苦奋斗精神，能适应出差。,2月25日,睿创微纳（股票代码：688002.SH）成立于2009年，并于 2019年7月成为科创板的首批上市公司之一。旗下拥有InfiRay®等品牌商标，有艾睿光电、英睿、英飞睿等子公司。集团员工2000余人，研发人员占比48%。睿创微纳是领先的、专业从事专用集成电路、特种芯片及MEMS传感器设计与制造技术开发的国家高新技术企业，具备多光谱传感研发、多维感知与AI算法研发等能力，为全球客户提供性能卓越的芯片、ASIC处理器芯片、红外热成像与测温全产业链产品、激光、微波产品及光电系统。产品广泛应用于夜视观察、人工智能、机器视觉、智能驾驶、无人机载荷、智慧工业、安消防、物联网、医疗健康等领域。,"https://www.zhaopin.com/jobdetail/CC200206520J40721978814.htm?refcode=4019&srccode=401901&preactionid=a7c1140f-c46c-45e5-b867-ab342d8bdc77"
1822,技术支持工程师,合肥-蜀山区,8000-12000元,河北杰泰特能源科技有限公司,"电子/半导体/集成电路,汽车研发/制造,电力/水利/热力/燃气,环保",20-99人,未融资,CC381919110J40151781615,岗位要求：,4月15日,"JTT, a progressive and rapidly growing Battery Management Systems and Battery Pack Design company with activities in Canada, U.S and China, is seeking a highly organized professional, energetic, goal oriented, dedicated individuals to join our team to share in the grow of our company. Are you ready to work for a better future? We invite you to jump to tomorrow with JTT—the next generation of clean energy storage.河北杰泰特能源科技有限公司成立于2010年6月，是一家专业生产锂电池组控制系统及进行锂电池组组装的技术主导型企业。公司位于鹿泉市上庄工业园，注册资本3000万元，厂区面积约43亩，主要产品为混合动力电动汽车（HEV）、混合动力汽车(PHEV)和电动汽车（EV）用电池管理系统控制器，混合动力电动汽车的电池组，插电式电动车、电动汽车、其它工业及娱乐设施用动力电池组。公司生产基地预计总投资1.3亿元，将建设全防尘、防静电高标准厂房约2300平方米，生产厂房15000平方米，电子板安装、调试电池生产设备10套，生产线2条，具有年产2万套新能源汽车电源控制系统生产能力。公司依托北美电动汽车动力锂电池组的优秀研发团队，形成具有自主知识产权、专利的技术及产品，面向国外、国内市场提供具有世界尖端科技水平的新能源汽车锂电池组。截至2011年上半年，公司生产的新能源汽车动力能源储存系统已应用于美国某著名电气公司、广州汽车工业集团有限公司、中通客车控股股份有限公司等客户的产品中。为了更加美好的未来而工作，你准备好了吗？我们诚挚邀请您加入我们，共建未来清洁能源存储系统。","https://www.zhaopin.com/jobdetail/CC381919110J40151781615.htm?refcode=4019&srccode=401901&preactionid=a7c1140f-c46c-45e5-b867-ab342d8bdc77"
1823,测试工程师,深圳-龙岗区,面议,中软国际,"计算机软件,运营商/增值服务",10000人以上,已上市,CC508620120J40798867112,电镜测试岗位，操作SEM、FIB、AFM、光学显微镜、Track机台使用等，以扫描电镜，Track机台为主的测试设备，同时负责实验室设备和物料管理、对接供应商设备维护、EHS日常巡检、设备点检等； 岗位要求： 能吃苦耐劳，接受加班，有半导体洁净室工作经验以及了解半导体相关的基础流程知识，熟悉实验室安全管理规章制度，有扫描电子显微镜、Track机台操作经验优先。 关键词：Track机台、半导体Fab相关设备使用、光刻匀胶显影,7月22日,中软国际是行业领先的全球化软件与信息技术服务企业，成立于2000年，为香港主板上市公司（股票代码：00354.HK），拥有中国分支40+、海外分支14个，拥有员工超过9万人，服务覆盖超过40个国家。中软国际应用开发与管理专业沉淀深厚，企业数字化转型的最佳实践和专家人才充沛。公司与华为等战略伙伴一起，构建软件产业互联网平台，领先技术变革，提升产业效率，致力于使能软件企业引领发展，服务制造企业转型升级，为政企客户提供“好、快、多、省”的信息技术服务。中软国际四大业务蓬勃发展：夯实基石业务作为第一增长曲线的地位，确定云智能业务为第二增长曲线，发展鸿蒙生态、解放号为第三增长曲线，推动解放号作为软件产业互联网平台全面升级。公司在云计算、大数据、人工智能、物联网、移动互联网等方面具有丰富的咨询、设计、实施和服务经验，是全球客户数字化转型的共创伙伴。公司长期服务于多家全球500强企业等头部客户和众多高成长潜力客户，覆盖金融、电信、互联网、高科技、政府、制造与流通、交通、能源、教育等行业。公司已连续四年创造超百亿人民币营收，并立志在未来成为全球最优秀IT服务商之一。,"https://www.zhaopin.com/jobdetail/CC508620120J40798867112.htm?refcode=4019&srccode=401901&preactionid=a7c1140f-c46c-45e5-b867-ab342d8bdc77"
1824,技术支持工程师,铜陵-铜官区,5000-7000元,精达股份,金属制品业,1000-9999人,已上市,CC175531010J40715813311,1、本科及以上学历，理工类相关专业，机电、机械、材料、化学专业； 2、具备快速学习新技术、新知识的能力，能够在短时间内掌握并应用到实际工作中；  3、有相关行业经验，敢于于突破传统思维，提出新颖的技术解决方案，对新技术、新趋势保持敏锐的洞察力，面对复杂技术问题，有独立解决问题的能力优先考虑。,7月23日,铜陵精达特种电磁线股份有限公司于1990年2月建厂，2002年9月在上海证券交易所上市，股票代码600577。公司本部位于安徽省铜陵市，拥有一个国家级企业技术中心、十三个子公司，其中四个为中美合资生产型公司，共有三千多名员工，已经形成安徽铜陵、广东佛山、天津、江苏四大生产基地；产品覆盖长三角、珠三角和环渤海地区，出口欧美、东南亚地区，产销规模位居行业领先地位；公司主要产品有特种电磁线等，产品广泛用于汽车、家电、电子、电力、通讯、电动工具等行业。公司承担国家、省重大科技项目10多项，公司参与了电线电缆行业“十二五”和“十三五”规划的编制工作，目前正在参与行业“十四五”规划起草工作。,"https://www.zhaopin.com/jobdetail/CC175531010J40715813311.htm?refcode=4019&srccode=401901&preactionid=a7c1140f-c46c-45e5-b867-ab342d8bdc77"
1825,技术支持工程师,苏州-昆山市,4000-5000元,苏州阿卡利机电设备有限公司,"汽车研发/制造,电子设备制造",20人以下,未融资,CCL1211943450J40757537407,交五险，双休！,5月26日,2016年成立，在江苏昆山，有技术团队和强大的销售团队，2016年成立，在江苏昆山，有技术团队和强大的销售团队，2016年成立，在江苏昆山，有技术团队和强大的销售团队，2016年成立，在江苏昆山，有技术团队和强大的销售团队，2016年成立，在江苏昆山，有技术团队和强大的销售团队,"https://www.zhaopin.com/jobdetail/CCL1211943450J40757537407.htm?refcode=4019&srccode=401901&preactionid=a7c1140f-c46c-45e5-b867-ab342d8bdc77"
1826,硬件测试,成都-温江区,4000-6000元·13薪,四川蜀科仪器有限公司,仪器仪表制造,100-299人,未融资,CC398157010J40803235713,"岗位职责 1、使用动平衡检测仪对所有相关产品进行检测，确保交期。  2、平衡检测相关仪器设备维护，设备故障排除。  3、保障测试产品质量、外观完整性。  4、按规定填写各类单据，对检测室卫生负责。  5、严格执行操作规程，避免生产事故发生。  6、相关检测产品（如转子）的包装发货。  7、完成上级临时交代的其它事项。 任职条件 1、35周岁以内，中专及以上学历。  2、有基础机加知识，能看懂装配和零部件图纸优先。  3、吃苦耐劳、严谨细致、动手能力强,。  4、有良好的沟通能力",7月23日,"一、公司简介四川蜀科仪器有限公司成立于2010年，是一家集实验室系列离心机研发、生产、销售和服务为一体的高新技术企业，地址位于人杰地灵的天府之国-四川.成都，主要服务于全国各级科研院所、高校、疾控、农业科学、食品化工、环保、临检中心、独立实验室和生物医药企业,各级检测机构等各大实验室。公司现有办公楼及厂房约10000㎡，地址在成都市温江区生物城。公司现有员工100+，其中有高级技术职称40多人，约占员工总数的40%。二、发展历程2010年4月公司挂牌成立2011年5月取得ISO9001：2008；ISO13485：2003质量管理体系认证和CE认证2011年9月取得医用离心机和医用冷冻离心机的一类器械注册证2012年6月高速大容量冷冻离心机LG-21M/LG-25M上市2013年3月大容量低速冷冻离心机LD-6M上市2014年3月外贸部成立，此时起产品陆续销往多个国家和地区2015年11月超大容量低速冷冻离心机LD-8M上市2016年8月入选由仪器信息网评选的《国产好仪器》名录2017年7月获得《生物安全型脱盖离心机》国家发明2018年8月新一代台式高速冷冻离心机TGL-1650上市2019年2月具备三轴陀螺仪平衡监测和RFID转子识别系统的多功能台式高速冷冻离心机TGL-21上市2019年12月入选《全国通用仪器仪表百强》2020年5月通过国家高新技术企业认证2020年6月新生产大楼投入使用三、技术研发及荣誉公司创始人及主要技术骨干均是具有高级技术职称的专业人员，均有10多年的行业从业经历，积累了丰富研发和生产经验，本科学历、高级专业技术职称人才达40%以上，通过创新和研发，公司共取得多项专业、行业、区域荣誉。蜀科仪器在国内掌握新一代的转子识别技术RFID转子识别，识别更快速、准确、可靠，公司研制的生物安全自动脱帽离心机，具有的初、中、高效过滤系统，可及时过滤掉（真空采血管）离心脱帽后产生的有害气体，并配备有紫外灭菌功能，有效解决操作人员和实验室生物安全性问题，得到所有客户一致好评，同时该产品荣获国家发明。蜀科系列离心机在国内优先装载的三轴陀螺仪动态平衡监测系统，技术先进，有效保障产品使用安全性。四、产品介绍公司注重技术创新和核心产品的研发，目前主要有：高速冷冻离心机、大容量离心机、生物安全型自动脱帽离心机，离心机，口腔科离心机，血液离心机、PRP岩心离心机、石油离心机及常规高速离心机、低速离心机等90多种。竭诚欢迎各类人才加入我们,一起拥抱未来！","https://www.zhaopin.com/jobdetail/CC398157010J40803235713.htm?refcode=4019&srccode=401901&preactionid=a7c1140f-c46c-45e5-b867-ab342d8bdc77"
1827,测试工程师,无锡-梁溪区,6000-8000元,无锡万谦工品智造科技有限公司,"金属制品业,贸易/进出口,工业自动化",500-999人,B轮,CC847809100J40744307201,,2025年07月28日,"无锡万千作为不锈钢紧固件供应商,是一家致力于高品质螺纹紧固类产品研发及生产的企业，以振兴民族螺丝事业为己任，依靠严格的品质管理系统，和锐意进取的精神，现已成为华东区最大最全的高品质螺纹紧固类产品供应商。依托公司在工业领域多年的紧固件配套及服务经验，在工业紧固件专业技术方面积累了独到的专长，在满足常规产品顺畅供应的同时并能够适应您特殊技术要求及产品的需要，为您提供最专业的紧固连接解决方案，以此保证您的项目圆满运行而永继经营。无锡万千拥有一支训练有素的队伍，随时准备协助您进行产品的设计,选择和生产。为更深更远的竞争力,同时细分了市场,并组织专业部门为你提供最符合你需求的产品，最满意的服务。本公司所有产品均采用最先进的设备生产，原材料由国内著名钢厂宝山钢铁、大连钢铁厂、太原钢铁厂或进口SUS302、SUS304、SUS316，316L，双相钢，钛钢等高品质不锈钢原料，通过冷镦或者热加工而成，具有强度高、耐腐蚀、耐高温及经久耐用的良好特性。产品广泛用于机械设备、电力、钢铁、冶金、石油、化工、机床、纺织、汽车、电机、精密仪器、矿山机械、建筑机械、工路工程机械、铁路等领域。工厂自92年成立以来，不断拓展不锈钢螺丝产品业务，先后与西门子高压、通用医疗、哈德门、ABB、一五八厂、库柏爱迪生、帕米尔、熔盛机械、飞达集团、戴尔精密机械，等多家世界五百强及国内外知名企业进行合作，并建立良好伙伴关系。为响应市场需求，集团公司于2009年在长三角核心腹地---江苏无锡设立营销中心，建立现代化仓储中心，并充实庞大库存（一千多种四万余不锈钢规格）。在中国对内外贸易不断增长，科技创新蒸蒸日上的今天，公司将本着高效、服务、创新的宗旨，以“展览源自需求，创新铸就未来”的经营理念继续回馈客户服务社会！","https://www.zhaopin.com/jobdetail/CC847809100J40744307201.htm?refcode=4019&srccode=401901&preactionid=a7c1140f-c46c-45e5-b867-ab342d8bdc77"
1828,科研人员,杭州-萧山区,2.5-3.5万,杰牌控股集团有限公司,"专用设备制造,专用设备制造",500-999人,未融资,CC450762620J40411247610,一、岗位职责,2月4日,杰牌始创于1988年，坚持100年做好一台减速机，匠心打造中国世界品牌。是浙江省“未来工厂”企业、国家专精特新“小巨人”企业。杰牌是国家高新技术企业，建有杰牌智能传动研究院、国家博士后科研工作站、国家认可减速机实验室、北大杰牌智能传动联合实验室、中国机械工业减速机工程技术中心和企业技术中心等创新平台。杰牌智能传动“131”产品创新规划：1个方案-杰牌智能传动方案，3个平台-杰牌新智造平台、杰牌大数据平台、杰牌智能化平台，1个场景-杰牌未来工厂场景，包括传动技术、驱动技术、控制技术、软件技术、未来技术。杰牌减速机、电动机、变频器、传感器、物联网等智能传动方案，执行层、采集层、驱动层、控制层、数据层等智能数字技术，立足中国市场、服务全球市场、实现自主可控。杰牌坚持“专业化、智能化、全球化”发展规划，致力于杰牌智能传动“研究院+科创中心+未来工厂”创新模式，聚焦高质量发展，实现共同富裕。,"https://www.zhaopin.com/jobdetail/CC450762620J40411247610.htm?refcode=4019&srccode=401901&preactionid=a7c1140f-c46c-45e5-b867-ab342d8bdc77"
1829,C/C++,长沙-岳麓区,8000-16000元·13薪,湖南匡安网络技术有限公司,"IT服务,计算机软件,互联网,通信/网络设备",20-99人,未融资,CC334393235J00309084304,岗位职责： 1、负责Windows/Linux环境下程序开发； 2、负责代码的缺陷修正和优化； 3、分析、定位、解决产品故障； 4、完成领导交代的其他相关工作任务。 任职条件： 1、计算机相关专业，统招一本及以上学历，1年以上C/C++开发经验，专业能力出色的应届毕业生也可考虑； 2、熟练掌握Windows或Linux环境下系统编程、驱动开发及调试，掌握常见的数据结构和算法；  3、熟悉TCP/IP，熟悉多进程、多线程、消息传输机制等； 4、具备出色的逻辑分析思维能力、新技术学习能力，良好的团队合作精神和沟通能力； 5、熟悉网络应用协议、工控协议者优先，有ips、ids、防火墙或DPI等相关产品开发经验优先。 具体薪资视能力定！除工资外另有月绩效奖金！ 注：5天7小时工作制，入职就有五险一金，待遇优厚（固定工资+伙食补贴+节日补贴+生日福利等）,7月3日,湖南匡安网络技术有限公司（简称“匡安网络”）成立于2015年，是一家专注关键信息基础设施网络安全的创新型高科技公司。公司已通过国家高新技术企业、湖南省级企业技术中心认定，是湖南省专精特新中小企业、湖南高新技术企业综合创新能力百强企业、湖南省级工业控制系统信息安全服务支撑机构、湖南省物联网行业协会理事单位。匡安网络坚持科技创新，与湖南大学等多所重点高校和科研机构建立了良好的产学研合作关系，多次承担国家及省部级科研项目及课题攻关。公司取得了一批行业先进、自主可控的技术成果，并荣获湖南省科技进步奖一等奖、国家电网科技进步奖一等奖、中国电力企业联合会科技进步奖一等奖等奖项，累计获得技术发明专利和软件著作权等知识产权100+。经过近十年的技术沉淀、经验积累，匡安网络推出了“3+1”的产品体系，即工业通用安全、电力专用安全、安全评估服务工具3条专业化产品线和1条平台化安全产品线，相关产品广泛应用于电网、发电、交通、石油化工、智能制造等国家关键信息基础设施行业。公司配套提供安全咨询规划、安全评估检查、安全体系建设、安全应急运维等技术服务，可根据客户需求提供专业的网络安全解决方案。公司近年来重点针对电力行业进行网络安全产品研发，已为国家电网总部及50%以上的省市公司提供了专用安全产品和专业技术服务。匡安网络致力于为客户打造数字化安全基座，为国家关键信息基础设施网络安全保驾护航！,"https://www.zhaopin.com/jobdetail/CC334393235J00309084304.htm?refcode=4019&srccode=401901&preactionid=a7c1140f-c46c-45e5-b867-ab342d8bdc77"
1830,C/C++,东莞-None,1.2-2.4万·14薪,外企德科数字技术有限公司,专业技术服务,10000人以上,,CCL1480117890J40796446805,入职一对一带教，技术菜可培养，有年终奖，线上面试城市选择多 1.学信网可查的本科以上学历，计算机相关专业优先 2.掌握C/C++/Java/Python等其中一种或多种编程语言，熟悉Linux环境下相关开发。 3.对基本数据结构和算法有一定了解，喜欢动手实践。 4.具备良好的问题解决能力，乐于团队写作，热衷新技术，善于总结和分享。 5.有容器领域、分布式系统、Linux内核、数据库引擎开发经验者优先。 6.经验不限，年限越高能力越高薪资越高 7.入职后有培训带教贯穿试用期，试用期不打折 8.六险一金全额缴纳 9.有班车,2025-07-27 00:26:09,外企德科数字技术有限公司是一家2023年新成立的中外合资企业。成立于2023年11月24日，公司定位：专注于为信息技术企业提供人才及数字技术外包解决方案的中外合资企业。它是由中国人力资源服务行业的FESCO（北京国际人力资本集团）与全球人力资源服务领导者The Adecco Group（德科集团）合资成立的。公司主要提供网络技术服务、软件外包服务、计算机系统服务、技术进出口、软件开发等信息技术相关服务。专注于为信息技术企业提供信息技术类人才及数字技术外包解决方案。,"https://www.zhaopin.com/jobdetail/CCL1480117890J40796446805.htm?refcode=4019&srccode=401901&preactionid=a7c1140f-c46c-45e5-b867-ab342d8bdc77"
1831,测试工程师,上海-浦东新区,1-1.4万,软通动力信息技术(集团)股份有限公司,"互联网,IT服务,计算机软件",10000人以上,D轮及以上,CC000544460J40695801816,岗位描述：1、两年以上硬件测试工作经验，熟练掌握和使用硬件测试设备，如程控电源、示波器等，能看懂电路原理图，PCB等； 2、要求有可靠性测试经验，包括环境可靠性，电气负荷测试，振动测试等； 3、有pisi、CAN、ETH、I2C、SPI、SGMII，电源文波噪音等测试经验优先； 4、有接触过车载零部件测试或有车厂工作经验优先，有自动化测试脚本&代码开发经验优先； 关键字：电路设计、单元测试、demo板设计、画原理图、器件替换、硬件方案、失效分析、8D报告,3月28日,软通动力信息技术（集团）股份有限公司（以下简称“软通动力”）是中国数字技术产品和服务创新领导企业，致力于成为一家具有全球影响力的科技企业，企业数字化转型可信赖合作伙伴。公司2005年成立于北京，多年来始终坚持科技创新，具有软硬全栈的智能技术产品和服务能力，提供软件与数字技术服务、计算产品与数字基础设施、数字能源与智算服务以及国际化服务。目前，公司在10余个重要行业服务超过1100家国内外客户，其中超过230家客户为世界500强或中国500强企业，员工近90000人。软通动力拥有软通咨询、软通金科、软通工业互联、机械革命、软通华方等业务子品牌，并在全球40余个城市布局业务，构建北美、日本、东南亚、中东四大国际交付中心，在北京城市副中心、江苏无锡建设两大智能制造基地。同时，公司前瞻布局智能制造、ICT软硬基础能力和生产力智能化产品，打造产业链闭环。软通动力设立30个能力中心，拥有1个国家级工程实验室，6个省市政府认定的工程、技术实验室及研发中心，1个博士后科研工作站，50+技术合作伙伴的生态合作体系，不断探索前沿技术的巨大商业应用潜力。公司旗下教育品牌软通教育，拥有一家全日制本科学院——郑州西亚斯学院数字技术产业学院；同时在全国合作院校600多所，设有70多个校企联合人才培养基地，通过校企合作、协同育人，为社会培养高素质应用型人才。软通动力先后获得“2023年中国IT服务市场排名TOP 1”、“2024年Q4 PC出货量国内市场份额排名TOP 2”、“2024年中国软件和信息技术服务竞争力百强企业”、“2023年中国信创企业100强”、“2024万得ESG评级（Wind ESG Rating）AA级及信息技术服务行业ESG综合得分排名第一”等荣誉及市场认可，并拥有全球软件工程领域最高级别CMMI V2.0成熟度5级评估认证、国家研发运营一体化（DevOps）三级能力成熟度模型认证、信息技术服务标准（ITSS）运维能力成熟度一级认证等专业资质，支撑公司更优质的服务体系。,"https://www.zhaopin.com/jobdetail/CC000544460J40695801816.htm?refcode=4019&srccode=401901&preactionid=a7c1140f-c46c-45e5-b867-ab342d8bdc77"
1832,科研人员,深圳-南山区,2.5-2.8万,中国科学院深圳先进技术研究院,"学术/科研,学术/科研",1000-9999人,未融资,CC227408420J40247702016,单位简介：   ,7月11日,"中国科学院深圳先进技术研究院由中国科学院、深圳市政府、香港中文大学2006年在深圳共同组建，已经逐渐成为集教育、科研、产业、资本四位一体的新型科研机构。先进院拥有一支结构合理，创新能力卓越的研发队伍，拥有一支由研究生、博士后、访问学者组成的高水平流动人员队伍，现有员工1800多人，50%具有博士学历；超过600人具有海外留学背景，PI（教授、副教授）百分之九十从国外引进回国。拥有一套先进、高效的管理体制和合理完善的科技成果转移、转化的科技成果被企业广泛接受与应用，培养的专门人才得到社会广泛认同与欢迎，成为人才一流、科研一流、管理一流的国家研究机构。--------------------- Shenzhen Institutes of Advanced Technology(SIAT)-Chinese Academy of Sciences was jointly established by Chinese Academy of Sciences(CAS), The Chinese University of Hong Kong(CUHK), and the Shenzhen Municipal Government in 2006. Over the past 13 years, SIAT has earned an outstanding reputation for translating findings from basic research into industrial application under the efforts of the interdisciplinary teams of scientists and engineers. The wide-ranging expertise drawing from technical, engineering or science professions has now positioned SIAT at the interface between biology technologies(BT) and information technologies(IT) for the 21st century innovation.","https://www.zhaopin.com/jobdetail/CC227408420J40247702016.htm?refcode=4019&srccode=401901&preactionid=a7c1140f-c46c-45e5-b867-ab342d8bdc77"
1833,技术支持工程师,东莞-None,6000-10000元,昆山之富士机械制造有限公司,"电气机械/电力设备,仪器仪表制造,金属制品业",100-299人,未融资,CC457530720J40767153610,主要职责： - 学习SMT设备的调试、检测、维修等日常工作 -具务良好的服务意识和沟通能力，维护与现有客户的良好关系，协助代理商解决客户生产中遇到的困难。 职位要求： - 良好的日语沟通能力，能够与外资客户进行简单沟通。 - 台湾籍亦可，必须会日语，不会不要投  -年龄22-25左右,7月18日,昆山之富士机械制造有限公司是由日本富士机械制造株式会社独自出资，于2012年1月在江苏省昆山市注册成立。总投资额4500万美金，注册资金1500万美元。总部设在日本爱知县，在东京证券交易所和名古屋证券交易所上市。公司总占地50000平方米，2014年1月投入生产。公司主要从事锡膏印刷机、数控车床及SMT周边设备的研发与生产和销售。公司产品销往日本、欧洲、东南亚等世界各地。公司口号：感动客户因公司的发展需求，现面向社会各界诚聘英才！,"https://www.zhaopin.com/jobdetail/CC457530720J40767153610.htm?refcode=4019&srccode=401901&preactionid=a7c1140f-c46c-45e5-b867-ab342d8bdc77"
1834,科研人员,深圳-南山区,2.3-3.5万·13薪,中国科学院深圳先进技术研究院,"学术/科研,学术/科研",1000-9999人,未融资,CC227408420J40698253016,中心简介：  材料人工智能研究中心成立于2016年，致力于发展“知行合一”的材料人工智能创制技术，推动新材料在电子信息、生命健康、新能源等领域的实际应用。中心拥有2000多平实验室和3万平中试场地，建设多个重大科研平台和企业联合创新体。,7月16日,"中国科学院深圳先进技术研究院由中国科学院、深圳市政府、香港中文大学2006年在深圳共同组建，已经逐渐成为集教育、科研、产业、资本四位一体的新型科研机构。先进院拥有一支结构合理，创新能力卓越的研发队伍，拥有一支由研究生、博士后、访问学者组成的高水平流动人员队伍，现有员工1800多人，50%具有博士学历；超过600人具有海外留学背景，PI（教授、副教授）百分之九十从国外引进回国。拥有一套先进、高效的管理体制和合理完善的科技成果转移、转化的科技成果被企业广泛接受与应用，培养的专门人才得到社会广泛认同与欢迎，成为人才一流、科研一流、管理一流的国家研究机构。--------------------- Shenzhen Institutes of Advanced Technology(SIAT)-Chinese Academy of Sciences was jointly established by Chinese Academy of Sciences(CAS), The Chinese University of Hong Kong(CUHK), and the Shenzhen Municipal Government in 2006. Over the past 13 years, SIAT has earned an outstanding reputation for translating findings from basic research into industrial application under the efforts of the interdisciplinary teams of scientists and engineers. The wide-ranging expertise drawing from technical, engineering or science professions has now positioned SIAT at the interface between biology technologies(BT) and information technologies(IT) for the 21st century innovation.","https://www.zhaopin.com/jobdetail/CC227408420J40698253016.htm?refcode=4019&srccode=401901&preactionid=a7c1140f-c46c-45e5-b867-ab342d8bdc77"
1835,软件测试,成都-简阳市,1-1.2万,成都宏进悦商务信息咨询有限公司,电子商务,20-99人,,CCL1507304710J40826594008,岗位内容：  1. 执行软件测试工作，包括测试用例编写、测试执行、问题跟踪等，确保软件品质。 2. 参与产品设计评审，了解业务需求，提出优化建议。 3. 使用自动化测试工具或开发相应的自动化测试脚本，提高测试效率，缩短测试周期。 4. 持续关注测试领域的新技术和方法，不断提升测试技能和工作效率。 任职要求：  1. 计算机相关专业本科及以上学历，有1年以上软件测试工作经验；对于无工作经验但其他能力突出者亦可考虑。 2. 熟练掌握至少一种测试工具、至少掌握一种编程语言，熟知测试原理和方法。 3. 具备良好的逻辑思维能力和分析能力，能够快速定位问题，并给出有效的解决方案。 4. 具备较强的沟通协调能力和团队合作精神，积极主动，具有强烈的责任心和进取精神。,7月25日,四川宏进悦商务信息有限公司成立于2018年，位于成都金牛区，专注于为企业客户提供管理咨询、职业培训及商务渠道拓展等专业化服务。公司业务涵盖战略规划、流程优化、团队建设及市场资源整合等领域，致力于通过系统性解决方案助力客户提升管理效能与市场竞争力。基于多年行业深耕，公司已形成以职业培训与渠道管理为核心的业务体系，拥有经验丰富的服务团队，在保险、金融及商务服务领域积累了丰富的实践案例。团队通过定制化培训课程、渠道资源对接及项目管理支持，持续为客户创造价值。公司注重人才培养与专业能力建设，通过规范化的服务流程和务实创新的工作理念，为员工提供职业成长平台，推动企业与人才共同发展。,"https://www.zhaopin.com/jobdetail/CCL1507304710J40826594008.htm?refcode=4019&srccode=401901&preactionid=a7c1140f-c46c-45e5-b867-ab342d8bdc77"
1836,技术支持工程师,衢州-柯城区,8000-16000元,青岛安然物联网科技有限公司,"物联网,物联网",20-99人,未融资,CC559764920J40474874004,需要弱电技术、自动化、安防系统、工业互联网+、物联网人才，不要纯软件人才。  你能经常到全国各地出差吗？你能到工业生产现场生产现场做技术支持吗？     真正的奋斗者在安然会有让人值得为之奋斗的事业，会有充实、高效的成长，会有高人一等的收入。,7月25日,基于精准人员定位的工业安全生产信息化管理专家，安全生产信息化管理引领者！作为全国实时定位技术标准工作组成员和应急管理部“工业互联网+危化安全生产”人员定位系统技术支持机构，安然从2012年起致力于基于ZigBee Plus三维立体按需精准定位的“工业互联网+安全生产”的研究，获得了20多项安全智能管控系统发明专利和著作权，持续引领中国化工行业生产现场智慧安全！安然以“准、稳、狠”的ZigBee Plus三维立体按需精准人员定位统和“底数清、数据准、情况明、研判准、措施实”的安全生产信息化平台为核心，整合访客管理、出入口控制、人脸识别、视频监控、语音广播、重大危险源监控、可燃有毒气体监测等系统，对生产现场人、机、料、法、环五大要素进行实时、动态、智能管控和预警，规范人的安全行为，保障人的生命安全，有效防范风险、主动化解风险，实现智慧安全。安然“以用为本”，把安全生产信息化建设与公司管理体系“深度融合”，把安全生产信息化建设与日常工作“紧密结合”，对安全生产切实“有用、实用、好用”，避免建用“两张皮”，让安全管控更智能，让生产更高效才实用。迄今已服务中石化、中石油、延长石油、国能、兖矿、京能、索普、新安、奇美、昊源、潞安、旭阳、垦利、逸盛、海科、酒钢、金发等几百家石化、化工、选煤、钢铁、电厂企业。安然以客户为中心，以强者为本，抬头乐干，愿意与同道中人联合、链接，携手共建、共用、共享生产安全命运共同体，一起干，一起干，让优秀企业更安全，让优秀企业更高效！,"https://www.zhaopin.com/jobdetail/CC559764920J40474874004.htm?refcode=4019&srccode=401901&preactionid=a7c1140f-c46c-45e5-b867-ab342d8bdc77"
1837,技术支持工程师,延安-宝塔区,8000-14000元,青岛安然物联网科技有限公司,"物联网,物联网",20-99人,未融资,CC559764920J40823511904,需要弱电技术、自动化、安防系统、工业互联网+危化安全生产、物联网人才，不要纯软件人才。  你能经常到全国各地出差吗？你能到工业生产现场生产现场做技术支持吗？   真正的奋斗者在安然会有让人值得为之奋斗的事业，会有充实、高效的成长，会有高人一等的收入。   你能做好售前技术支持、根据客户需求，高效制作方案吗？你能做好售中技术支持、指导他人正确安装、部署、调试系统向用户保质保量快速交付吗？你能做好售后维护，高效沟通和落实客户需求吗？   迄今已服务中石化、中石油、延长石油、国能、兖矿、京能、索普、新安、奇美、昊源、潞安、旭阳、垦利、逸盛、海科、酒钢、金发等几百家石化、化工、选煤、钢铁、电厂企业。    安然以客户为中心，以强者为本，抬头乐干，愿意与同道中人联合、链接，携手共建、共用、共享生产安全命运共同体，一起干，一起干，让优秀企业更安全，让优秀企业更高效！,7月24日,基于精准人员定位的工业安全生产信息化管理专家，安全生产信息化管理引领者！作为全国实时定位技术标准工作组成员和应急管理部“工业互联网+危化安全生产”人员定位系统技术支持机构，安然从2012年起致力于基于ZigBee Plus三维立体按需精准定位的“工业互联网+安全生产”的研究，获得了20多项安全智能管控系统发明专利和著作权，持续引领中国化工行业生产现场智慧安全！安然以“准、稳、狠”的ZigBee Plus三维立体按需精准人员定位统和“底数清、数据准、情况明、研判准、措施实”的安全生产信息化平台为核心，整合访客管理、出入口控制、人脸识别、视频监控、语音广播、重大危险源监控、可燃有毒气体监测等系统，对生产现场人、机、料、法、环五大要素进行实时、动态、智能管控和预警，规范人的安全行为，保障人的生命安全，有效防范风险、主动化解风险，实现智慧安全。安然“以用为本”，把安全生产信息化建设与公司管理体系“深度融合”，把安全生产信息化建设与日常工作“紧密结合”，对安全生产切实“有用、实用、好用”，避免建用“两张皮”，让安全管控更智能，让生产更高效才实用。迄今已服务中石化、中石油、延长石油、国能、兖矿、京能、索普、新安、奇美、昊源、潞安、旭阳、垦利、逸盛、海科、酒钢、金发等几百家石化、化工、选煤、钢铁、电厂企业。安然以客户为中心，以强者为本，抬头乐干，愿意与同道中人联合、链接，携手共建、共用、共享生产安全命运共同体，一起干，一起干，让优秀企业更安全，让优秀企业更高效！,"https://www.zhaopin.com/jobdetail/CC559764920J40823511904.htm?refcode=4019&srccode=401901&preactionid=a7c1140f-c46c-45e5-b867-ab342d8bdc77"
1838,前端开发,深圳-龙岗区,面议,华为技术有限公司,运营商/增值服务,10000人以上,,CC000542940J40767666514,工作职责： 1.负责华为云前端架构、UI组件库的设计和开发，以提升华为云用户体验、研发效率为目标，结合业界前端领域的技术发展持续构建前端技术竞争力； 2.负责Web基础能力建设和端到端的DevOps交付流，提供Web开发工具集，包括脚手架、项目构建脚本、框架配置能力等； 3.负责Nodejs框架的服务端开发与运维，提升前端研发效能。 职位要求： 1.熟练掌握HTML5 / CSS / JavaScript 等Web开发技能； 2.熟练掌握目前主流的前端开发框架至少一种：如React、Vue、Angular等，熟悉组件化开发，有NodeJS开发经验者优先； 3.对Web性能和安全有较深的见解和相关处理方案； 4.熟悉使用一门后台语言，Java尤佳，对前后端联合开发技术原理全面认识； 5.具有很强的学习能力和技术敏感度，有强烈的责任心和进取心，乐于学习和技术分享。 地域：深圳/西安/杭州/成都/南京/北京  薪资待遇： 15K – 30K 16薪  福利：绩效奖金、带薪年假、宵夜、班车、假日福利（端午中秋）,7月26日,我们是华为，诞生于1987年。在成长的过程中，我们脚踏实地、奋勇向前。我们一直专注于ICT领域，为运营商、企业客户和消费者提供有竞争力的ICT解决方案、产品和服务。30年来我们不断积攒实力，如今已拥有来自全球170多个国家和地区的客户，全球三分之一的人口因华为受益。我们为员工提供：▲“华为大学”、“iLearning”、“导师制”等健全的培训制度；▲“专家管理双通道模式”的晋升途径；▲全球化的工作机会及视野。我们始终坚持“以客户为中心，以奋斗者为本”；只要你踏实肯干，华为就是你施展人生抱负的舞台。加入华为，与技术大牛共事，与行业精英一同成长；加入我们，你可以自带主角光环！联接，就像空气和水，慢慢融入生活的每个角落。我们期待与你一起共同探索全联接世界，共同领跑未来！我们是华为，诞生于1987年。在成长的过程中，我们脚踏实地、奋勇向前。我们一直专注于ICT领域，为运营商、企业客户和消费者提供有竞争力的ICT解决方案、产品和服务。30年来我们不断积攒实力，如今已拥有来自全球170多个国家和地区的客户，全球三分之一的人口因华为受益。我们为员工提供：▲“华为大学”、“iLearning”、“导师制”等健全的培训制度；▲“专家管理双通道模式”的晋升途径；▲全球化的工作机会及视野。我们始终坚持“以客户为中心，以奋斗者为本”；只要你踏实肯干，华为就是你施展人生抱负的舞台。加入华为，与技术大牛共事，与行业精英一同成长；加入我们，你可以自带主角光环！联接，就像空气和水，慢慢融入生活的每个角落。我们期待与你一起共同探索全联接世界，共同领跑未来！,"https://www.zhaopin.com/jobdetail/CC000542940J40767666514.htm?refcode=4019&srccode=401901&preactionid=a7c1140f-c46c-45e5-b867-ab342d8bdc77"
1839,科研人员,济南-历下区,2.5-5万·20薪,浪潮集团,"IT服务,计算机软件,计算机硬件",10000人以上,,CC120143600J40822549815,岗位内容： 1. 承担科研项目的研究任务，按时保质完成各项科研任务和项目目标。 2. 建立和维护良好的内外部合作关系，提高项目的知名度和影响力。 3. 配合团队其他成员完成项目申报、审核、验收及汇报等相关工作。 任职要求： 1. 博士及以上学历 2. 熟悉主流的科研方法和技能，具有较强的项目组织和管理能力。 3. 具备较高的学习能力和创新能力，善于发现问题和解决问题，具有团队协作精神。,4月1日,浪潮集团是中国领先的云计算、大数据服务商，拥有三家上市公司。主要业务涉及计算装备、软件、云计算服务、新一代通信、大数据及若干应用场景。作为中国最早的IT品牌之一，浪潮致力于成为世界一流的新一代信息技术龙头企业经济社会数字化转型的优秀服务商，新型基础设施建设的骨干企业。,"https://www.zhaopin.com/jobdetail/CC120143600J40822549815.htm?refcode=4019&srccode=401901&preactionid=a7c1140f-c46c-45e5-b867-ab342d8bdc77"
1840,软件测试,桂林-荔浦市,1-1.2万·13薪,青岛瑞晟元人力资源有限公司,人力资源服务,20人以下,不需要融资,CCL1431271280J40777972907,岗位职责： 1. 负责软件的功能测试。 2. 执行测试用例，报告缺陷并跟踪缺陷的修复。 3. 与开发团队协作，确保软件质量满足需求。 4. 参与软件测试流程的优化和改进。 岗位要求： 1. 熟悉软件测试理论、方法和流程。 2. 具备功能测试经验。 3. 了解运维工程师、网络工程师的工作内容，能进行基本的IT质量管理。 4. 有信息技术、标准化、电子或电路工程相关背景者优先。 薪资待遇：包住、六险一金、工龄工资、生日礼金、定期体检、带薪年假、绩效奖、项目奖、年终奖.,2025年07月29日,,"https://www.zhaopin.com/jobdetail/CCL1431271280J40777972907.htm?refcode=4019&srccode=401901&preactionid=a7c1140f-c46c-45e5-b867-ab342d8bdc77"
1841,实施工程师,青岛-None,4000-8000元,青岛圣宇伟业科技有限公司,"化工,石油/石化,新能源,环保",20-99人,不需要融资,CC818616160J40378648708,岗位职责： 1、负责催化剂及相关工艺技术； 2、负责配合销售的技术支持工作； 3、掌握一定行业和市场动态、了解同行状况，为公司制定业务发展战略、新产品开发；  4、公司有成熟培训体系，帮助熟悉技术工作；,10月2日,青岛圣宇伟业科技有限公司（以下简称：圣宇伟业）2018年7月成立于青岛，注册资本2000万元。圣宇伟业是一家从事化工产品及原料的技术开发、技术咨询、技术服务及技术转让业务，始终以前沿能源化工工艺技术及相关配套产业为主营方向的高科技有限公司。圣宇伟业拥有经验丰富、成熟优质的技术研发团队。成立伊始，先后成功开发了天然气加氢、尾气加氢、碳酸二甲酯精制、粗酚精制、废矿物油加氢等工艺技术；另外，通过加强战略合作，在煤气化变换领域，拥有等温变换专利，具有成熟的中串低、全低变等各种变换工艺技术解决方案。圣宇伟业坚信催化剂是化工技术的核心，自2019年相继与山东科技大学、中国石油大学（华东）、华东师范大学等高校科研机构深度合作，积极参与到产学研成果转化合作链中，成功储备了包括石油化工、煤化工领域的多项专利专有催化剂制备技术。通过技术授权或代理销售最为先进工艺技术的预硫化耐硫变换催化剂、预硫化加氢催化剂、克劳斯硫磺回收催化剂、SCR脱销催化剂等。 2022年，圣宇伟业将会以崭新的姿态开拓进取。积极以创新技术为导向，通过加强融资渠道战略合作，主动先行实践技术工程化，工艺产业化。圣宇伟业执著于技术创新，累土聚沙，充分利用高精尖专利专有工艺技术为用户提供优质、可靠和永久的服务，并坚持以最优化的工艺技术和职业责任心，全方位满足客户的要求，实现与客户的共同发展，也为自身的发展积累辉煌的业绩和崇高的声誉。,"https://www.zhaopin.com/jobdetail/CC818616160J40378648708.htm?refcode=4019&srccode=401901&preactionid=a7c1140f-c46c-45e5-b867-ab342d8bdc77"
1842,测试工程师,上海-嘉定区,6000-8000元,上海华依科技集团股份有限公司,"仪器仪表制造,电气机械/电力设备,汽车研发/制造",300-499人,已上市,CC531791680J40861645315,岗位描述： -电驱动系统、电机、变速器、控制器测试要求评估。 -编写试验大纲。 -指导试验员在试验前的准备、检查、安装和设置工作。 -协助测试项目的前期软件配置工作，参与编写自动测试脚本文件； -协助解决测试项目中的软件问题，并编写故障处理相关文档； -参与编写新设备的使用文档，研究各种设备的基本操作及接口信号； -参与编制试验日志、试验报告等相关文件。 -和客户密切配合，解决测试过程中出现的各种问题。 -和设备团队一起进行设备维护和故障解决。 -确保测试结果准确。 -开发测试能力以满足客户测试需求。 -会使用detla分析仪等测试仪器。 岗位要求： -本科及以上学历，电机、自动化、机电一体及相关专业。 -优秀应届生也可。 -熟悉电驱动系统、电机、变速器、控制器。 -熟悉Labview/VC/Python等编程开发语言至少一种。 -对电气方面的知识有一定了解，了解数据采集系统（传感器，调理模块，采集板卡）的基本工作原理。熟练使用专业工具（CANanalyzer、CANoe、示波器、信号发生器等）进行测试和分析。 -熟悉试验室5S and EHS。 -良好的沟通技巧。,7月9日,上海华依科技集团股份有限公司成立于1998年，注册资金4500万元，总部位于浦东川沙国际精工园内，是先后荣获上海市高新技术企业、软件企业等荣誉资质的高科技企业。华依科技的产品广泛应用于全国各大和海外汽车与发动机生产厂家。主要客户有：上汽集团、一汽集团、通用汽车、东风集团、长安集团、北汽集团、广汽集团、马自达、福特汽车、江淮汽车、奇瑞汽车、日产（巴西）、明电舍（日本）、玉柴集团和潍柴集团等。上海华依科技集团股份有限公司是国内领先的提供汽车测试技术、产品和服务的专业性公司，我们深知，中国汽车工业的腾飞离不开中国汽车测试装备行业的高度国产化，而中国汽车检测装备行业国产新势力的崛起，必将打破国外产品的垄断局面。华依科技拥有先进的技术和优秀的团队，是国内企业中第一家也是目前唯一一家推出国际先进水平的发动机冷试系统，其余如泄漏测试系统、机器视觉纠错系统以及电力测功机等也属于国内领先，可以完全替代国外进口产品。华依科技将继续坚持自主研发，同时也欢迎与国内同行加强合作，为提升汽车测试装备行业的国产化水平贡献自己的力量。集团一览汽车新技术试验研究中心，致力于EV，电子干扰、无线充电、自动驾驶、工业安全控制领域内新技术的试验研究；上海华依汽车检测技术有限公司，致力于新能源汽车动力系统测试服务；上海华依动力测试技术有限公司，致力于发动机、变速器（AT、MT、DCT、CVT等）实验室用测试台；特斯科（上海）机电测试技术有限公司，致力于动力总成核心零部件测试台；上海华依汽车软件有限公司，致力于动力总成测试台架配套软件的研发；上海华依智造测试技术有限公司，致力于发动机装配线柔性化测试设备；上海霍塔浩福自动化测试技术有限公司，致力于生产变速器下线测试台及实验室台架。求职简历格式：“XXX（姓名）应聘华依XXX（岗位名称）”,"https://www.zhaopin.com/jobdetail/CC531791680J40861645315.htm?refcode=4019&srccode=401901&preactionid=a7c1140f-c46c-45e5-b867-ab342d8bdc77"
1843,科研人员,北京-怀柔区,7000-14000元,中国科学院物理研究所,学术/科研,1000-9999人,未融资,CC197462010J40647658106,1、微波材料制备工程师，负责微波磁性材料的制备、测试及加工。 专业要求：材料、物理、电子、半导体等理工科专业，本科以上学历，有相应材料制备经验者优先。 2、微波器件测试工程师，负责微波器件腔体设计、组装、测试和测试平台维护。 专业要求：电子、半导体、机械、物理，研究生学历，掌握‌CAD、SolidWorks等制图软件，有微波器件仿真、测试经验者优先。,4月1日,中国科学院物理研究所（以下简称“物理所”）成立于1950年8月15日，其前身是成立于1928年的国立中央研究院物理研究所和成立于1929年的北平研究院物理研究所，1950年在两所合并的基础上成立了中国科学院应用物理研究所，1958年9月30日启用现名。物理所是以物理学基础研究与应用基础研究为主的多学科、综合性研究机构。研究方向以凝聚态物理为主，包括凝聚态物理、光学物理、原子分子物理、等离子体物理、软物质物理、凝聚态理论和计算物理等。作为科技创新国家队，物理所坚持以“三个面向”、“四个率先”为目标，系统谋划和推进研究所“一三五”规划。超导、拓扑、纳米、表面、极端条件等多个学科走在了世界科技最前沿；磁学、光学、先进材料、清洁能源等诸多领域为国民经济发展提供了有力的支撑。除了聚焦基础前沿问题，扎根中关村科研攻关外，物理所还积极参与北京科创中心怀柔科学城、粤港澳大湾区科创中心松山湖材料实验室以及长三角物理研究中心建设，为科技强国建设作出了重要贡献。物理所现有超导、磁学、表面物理3个国家重点实验室，光物理、电子显微镜、纳米物理与器件、极端条件物理、清洁能源前沿研究、凝聚态理论与计算6个院重点实验室，软物质物理、固态量子信息与计算、微加工3个所级实验室，它们与国际量子结构中心、量子模拟科学中心、北京散裂中子源靶站谱仪工程中心、清洁能源中心、超导技术应用中心、功能晶体研究与应用中心、量子计算研究中心、应用物理中心8个研究中心共同构成物理所的研究体系。技术部及各实验室、各研究组的公共技术平台共同构成全所的技术支撑体系。此外，物理所还是北京物质科学与纳米技术大型仪器区域中心、中科院电镜技术联盟的牵头单位，北京量子信息科学研究院的共建单位。2019年，物理所在大科学装置建设方面取得阶段性进展。综合极端条件实验装置北京部分，基本建设已完成95%，科研设备已累计完成支出60%以上。物理所作为项目法人单位的材料基因组研究平台和清洁能源材料测试诊断与研发平台项目也获得重要进展。基本建设均已完成99%，科研仪器设备均已累计完成支出60%以上。物理所与高能所共建中国散裂中子源（东莞）项目，相关团队全力投入靶站谱仪的开放运行工作，完成了大气中子辐照谱仪的物理设计优化与整体工程设计，持续开展磁性、锂离子电池材料的中子散射研究。截至2019年底，物理研究所共有职工825人。其中科技人员443人、科技支撑人员148人，包括中国科学院院士14人、中国工程院院士1人、发展中国家科学院院士8人。国家杰出青年科学基金获得者37人。　2019年，物理所继续发挥科研优势，共承担在研项目675项（包括新增项目279项）。其中，主持国家重点研发计划23项（新增6项），主持973项目（含国家重大科学研究计划项目）3项；主持国家自然科学基金重点项目25项（新增5项）、国家杰出青年科学基金项目7项（新增1项）、国家自然科学基金重大研究计划7项（新增3项）；主持中国科学院战略性先导科技专项1项、项目4项；主持院重点部署项目1项；主持重大仪器研制项目12项（包括新增项目2项）。　2019年，物理所深耕各研究领域，取得了多项有国际影响力的重要科研成果。在国际上首次实现了原子级精准控制的石墨烯纳米结构折叠，为目前世界上最小尺寸的“石墨烯折纸”。在国际上首次观测到马约拉纳零能模近量子化的电导平台，给出了铁基超导中存在马约拉纳零能模的关键性实验证据。采用材料基因工程理念开发了独特的高通量实验方法，实现了非晶合金的快速筛选，研制出高温高强块体非晶合金新材料，突破了现有非晶合金的使役温度极限。创建了一种高效且全自动的算法用于检测非磁性材料中的非平庸拓扑，不仅提高了探索新拓扑材料效率，也为高通量计算打下了基础。与合作者应用具有12个超导量子比特形成一维链结构的器件，实现了强关联量子行走的模拟。与合作者利用全联通的20超导量子比特器件，成功实现了20量子比特多组分薛定谔猫态制备。与合作者的冷冻电镜静态结构相结合，实现单分子动力学过程的精确测量，深度解析了染色质重塑因子调控DNA在核小体上滑移的分子机制。“基于材料基因工程研制出高温块体金属玻璃”工作入选2019年度中国科学十大进展；“最新研究表明自然界中约24%的材料可能具有拓扑结构”工作入选2019年中国十大科技进展新闻；“首次完成强关联纠缠体系的量子行走实验”和“实现石墨烯纳米结构原子级精准的可控折叠”工作入选中科院2019年度科技创新亮点成果。,"https://www.zhaopin.com/jobdetail/CC197462010J40647658106.htm?refcode=4019&srccode=401901&preactionid=a7c1140f-c46c-45e5-b867-ab342d8bdc77"
1844,C/C++,南京-雨花台区,1.5-3万,外企德科数字技术有限公司,专业技术服务,10000人以上,,CCL1480117890J40793540905,工作内容: 1.负责研发领域IT系统技术方案的设计，开发等工作; 2.负责项目开发过程中的技术攻关及解决运行中出现的技术问题; 3.负责产品核心模块的代码编写和测试; 4.负责产品疑难问题的分析和定位。 岗位要求: 1.热爱编程，基础扎实，熟悉掌握但不限于JAVA/Python/JS/HTML/GO/C/C++/C#等编程语言中的一种或数种，有良好的编程 习惯; 2.熟悉算法基础 3.具备独立工作能力和解决问题的能力、善于沟通、乐于合作、热衷新技术、善于总结分享，喜欢动手实践;,2025-07-27 00:25:59,外企德科数字技术有限公司是一家2023年新成立的中外合资企业。成立于2023年11月24日，公司定位：专注于为信息技术企业提供人才及数字技术外包解决方案的中外合资企业。它是由中国人力资源服务行业的FESCO（北京国际人力资本集团）与全球人力资源服务领导者The Adecco Group（德科集团）合资成立的。公司主要提供网络技术服务、软件外包服务、计算机系统服务、技术进出口、软件开发等信息技术相关服务。专注于为信息技术企业提供信息技术类人才及数字技术外包解决方案。,"https://www.zhaopin.com/jobdetail/CCL1480117890J40793540905.htm?refcode=4019&srccode=401901&preactionid=a7c1140f-c46c-45e5-b867-ab342d8bdc77"
1845,科研人员,长春-None,1.5-3万·13薪,长春圣博玛生物材料有限公司,"医药制造,医疗设备/器械",300-499人,B轮,CC308742310J40319766706,岗位职责：,3月14日,长春圣博玛生物材料有限公司成立于2007年，是依托中国科学院长春应用化学研究所组建的高新技术企业，公司注册资本2550万元。主要从事无源植入医疗器械的研发、生产与销售。是国内唯一规模化生产医用级PLA、PLGA、PCL、mPEG-PLGA等生物可降解高分子材料的企业。主要致力于骨科、运动医学、3D打印定制化产品、整形美容、神经外科、口腔等高端无源植入器械的开发和生产。公司员工400余人，拥有生物、医学、材料、机械等科研高级技术人员100余人，本科及以上学历员工占70%以上，在生物材料及其医疗器件研发方面具有丰富的经验。主要技术团队成员专业背景覆盖着高分子合成化学、高分子加工、化学工程、基础医学、计算机技术与应用等领域。公司拥有强大的医生顾问团队和产品设计团队，针对临床问题和患者需求，提供整体的临床解决方案。2016年，圣博玛开始布局医美领域，同年在瑞典卡罗琳斯卡（诺贝尔医学奖评审机构所在地）设立全资子公司。2021年4月，艾维岚聚乳酸面部填充剂获批NMPA三类医疗器械资格证，8月8日，品牌正式面世。艾维岚的诞生将为全球医美注射带来全新格局。公司建有3500平方米的综合实验楼及3500平方米GMP生产车间，具备先进的生产加工设备和完善的质量管理体系，已通过了ISO13485以及ISO9001质量体系认证，并获得德国莱茵认证。依托单位在生物材料领域具有国际先进、国内领先的新产品研制条件，尤其在产品合成、加工、封装及测试条件以及市场信息等方面有着充分的实力。公司先后被各级政府认定为“国际科技合作示范基地、长春新材料产业技术创新战略联盟成员单位、长春市企业技术中心示范单位、吉林省第三批博士后创业基地，院士专家工作站、吉林省聚乳酸生物材料创新中心”等。通过产学研这条纽带，与吉林大学化学院、吉林大学第一医院、第二医院、中日联谊医院、东北师范大学、北京大学第三临床医院、哈尔滨医科大学第二医院，中国医科大学、盛京医院等多家单位建立了紧密合作关系。公司总部位于长春，公司陆续在国内设有8家子公司，分布于北京、上海、西藏、三亚等区域，建有长春和瑞典2个生产系统，北京、上海、斯德哥尔摩3个营销体系，为全球的医疗患者提供产品服务。长春圣博玛不做既有科技的追随者，只做创造未来的领军人。长春总部工作时间：8:00-17:00上海公司工作时间：9:30-18:30,"https://www.zhaopin.com/jobdetail/CC308742310J40319766706.htm?refcode=4019&srccode=401901&preactionid=a7c1140f-c46c-45e5-b867-ab342d8bdc77"
1846,C/C++,宁波-鄞州区,1-1.9万,外企德科数字技术有限公司,专业技术服务,10000人以上,,CCL1480117890J40796209805,【岗位职责】 技术方案引导与支持： 1）支持生态创新中心测试认证工作及场景调优（全栈国产化、基础软件栈组合等）。 2、支持评审ISV提交的适配认证软件技术材料，协助ISV梳理软件技术栈，制定软件迁移适配的部署方案、测试方案，适配资源及配置，并支撑ISV完成环境的搭建。 问题分析和解决： 1）支持协助生态伙伴软件的迁移部署、性能调优、认证；提供基础使用和技术支持，拉通相关产品部、资源池，解决技术难题。 2）支持向ISV宣讲解决方案及案例，推动方案的复制、落地；不断的技术赋能、布道；结合相关产品竞争力，推动实现各行业应用场景与ISV的联合解决方案孵化；对开源社区和论坛，持续的优秀技术实践输出，案例总结分享。 知识管理与能力建设： 1）从日常问题处理，问题分析，和知识打标分析中发现缺失知识，自行输出，或拉通其他领域提供素材或输出知识。 2）基于日常问题处理和定期的问题分析发现产品缺陷，输出FAQ，公告或培训课件。 【岗位要求】 知识： 1）了解计算、服务器、PC等相关产品硬件知识，有一定云、服务器、存储等领域研发和技术支持经验。 技能： 1）熟悉Python/C/C++/Java等软件编程语言，在指导下可以进行相关代码的编写与仿真。 2）了解ARM/Nvidia/X86相关的一种或多种软硬件体系结构。 3）了解硬盘、内存、网卡等关键器件工作原理和PCIE、SAS、I2C等通用接口协议。 能力： 1）项目管理能力：具备较好的执行力。 2）学习能力：热衷新技术学习，善于总结和分享，喜欢动手实践。 3）知识管理能力：拥有知识分类整理意识，能够输出相关FAQ或培训课件。 4）沟通能力：能按照指导与上下游接口部门建立例行沟通渠道，并例行审视进展。,2025-07-27 00:26:08,外企德科数字技术有限公司是一家2023年新成立的中外合资企业。成立于2023年11月24日，公司定位：专注于为信息技术企业提供人才及数字技术外包解决方案的中外合资企业。它是由中国人力资源服务行业的FESCO（北京国际人力资本集团）与全球人力资源服务领导者The Adecco Group（德科集团）合资成立的。公司主要提供网络技术服务、软件外包服务、计算机系统服务、技术进出口、软件开发等信息技术相关服务。专注于为信息技术企业提供信息技术类人才及数字技术外包解决方案。,"https://www.zhaopin.com/jobdetail/CCL1480117890J40796209805.htm?refcode=4019&srccode=401901&preactionid=a7c1140f-c46c-45e5-b867-ab342d8bdc77"
1847,实施工程师,杭州-余杭区,1.1-1.5万,杭州天扬机械有限公司,"船舶/航空/航天/火车制造,贸易/进出口",20-99人,未融资,CC146423490J40689551007,"岗位职责 1)识别顾客技术要求,向销售管理系统和生产计划与物料供应管理系统提供技术支持、解释，支持和帮助以上系统对顾客要求进行深度识别。同时提供准确的专业定义向工程部门传递顾客要求。 2)向供应商提供采购要求中技术要素的问题的解释。 3)从技术和市场方面、产品实现方面、成本控制方面对开NPI和R&D项目准确评估和建议。 岗位要求 机械大类；英语六级",7月24日,杭州天扬机械有限公司成立于2006年，是一家专业从事民用航空发动机转子与定子部件加工的制造型企业。公司主要客户为英国罗罗、法国梅西埃等公司，主要产品包括一体化叶盘、叶轮、机匣、压气机盘和涡轮盘，产品主要用于AIRBUS 380、320等机型。我们以科技和创新为动力，以卓越和奉献为信念来实现对事业的不懈追求。航空发动机的特点是精准和具有强劲推动力，只有热情、勇敢，并有强烈责任心和求知欲的人，才适合此类工作。,"https://www.zhaopin.com/jobdetail/CC146423490J40689551007.htm?refcode=4019&srccode=401901&preactionid=a7c1140f-c46c-45e5-b867-ab342d8bdc77"
1848,科研人员,无锡-惠山区,2-3万,保诺生物科技(江苏)有限公司,"医药制造,学术/科研",1000-9999人,未融资,CCL1226680440J40816207608,,2025年07月29日,"保诺科技是一家国际化生命科学研发公司，专业为生物制药客户提供从靶标识别到III期的一体化药物研发服务。保诺科技在大小分子发现和专利技术平台方面拥有深厚而丰富的治疗专业知识，在大幅度加快客户先导化合物发现项目的进度方面拥有得天独厚的条件。保诺特点：总部位于美国的CRO，并坚持国际标准（包括知识产权保护、安全和人事标准）拥有成功为客户执行一体化生物研发项目良好业绩一个机制灵活的合作伙伴，且有一支位于美国的项目管理团队协助实时沟通开发、快乐、充满激情的美国生物科技公司文化保诺荣誉：国家高新技术企业国际AAALAC认证北京生物医药产业跨越发展工程（G20工程）企业北京科技研究开发机构国际科技合作基地中关村高新技术企业保诺无锡于2020年8月投入使用，拥有hTME-3DX, FBDD, DEL,抗体研发，细胞治疗等国际先进的技术平台。占地面积： 30,000平方米专业服务：药物化学，药理学，发现生物学，药代动力学，药效学，大分子药物研发，制剂学，化学工艺开发。","https://www.zhaopin.com/jobdetail/CCL1226680440J40816207608.htm?refcode=4019&srccode=401901&preactionid=a7c1140f-c46c-45e5-b867-ab342d8bdc77"
1849,C/C++,邯郸-丛台区,9000-15000元·13薪,北京科技大学设计研究院有限公司,"科学技术推广,学术/科研",100-299人,未融资,CC195278220J40504730114,岗位职责： 钢铁行业大数据、智能制造相关的管理和监控系统的设计、开发、调试、培训等工作。 招聘要求： 1. 本科及以上软件、计算机、自动化、人工智能等相关专业；具有C++实际开发经验，熟悉设计模式，理解软件设计原则，并能应用到日常工作中； 2. 熟悉SQLServer、Oracle、MySQL等常见数据库的操作；  3. 掌握大数据、云计算、机器学习等相关知识。   我们的优势：   1. 有竞争力差补。住宿报销，另有180元/天的差补；   2. 春节长假，约20天；   3. 探亲路费报销。允许从出差现场回探亲地点且报销路费；   4. 学历及职称晋升。本科学历员工工作满三年，表现优秀者通过相应考试后就读本校研究生，学费报销；满足职称评定要求，可从本校进行职称评定；   5. 与高水平团队一起工作。项目团队有教授、副教授、博士等，同事关系简单，相处融洽。   职位福利：五险一金、带薪年假、弹性工作、定期团建   职位亮点：依托大学，长假，晋升机会，有竞争力差补,7月19日,北京科技大学工程技术��究院一、单位简介北京科技大学工程技术研究院（以下简称“工研院”），下辖两个国家级科技创新平台：高效轧制国家工程研究中心和国家板带生产先进装备工程技术研究中心，以及一个国家级高新技术企业：北京科技大学设计研究院有限公司。工研院于2016年6月12日学校批准由冶金工程研究院正式更名而来。未来，工研院将继续坚持体制机制创新、科研开发与技术转移并举，在继承原有钢铁生产全流程科技创新和工程化业务的基础上，瞄准国家和行业重大需求，围绕实现“中国制造2025”，着力拓展相关领域，提高原始创新能力，提升成果转化水平。北京科技大学设计研究院有限公司成立于1987年，是依托北京科技大学建立的国家高新技术企业，公司作为北京科技大学的全资子公司，目前拥有冶金行业甲级设计资质、环境工程（水污染防治工程）乙级资质并通过ISO9001认证。公司始终瞄准国家重大战略需求和行业企业可持续发展需要，依托北京科技大学相关学科优势，对相关科研成果进行集成创新和应用技术开发、工程化、产业化推广，为提升企业技术装备和工艺流程的水平做贡献，为企业技术咨询及高级工程人才的培养提供优质服务。公司拥有高级职称人员30余名，60%以上人员具有博士学位，专业涉及冶金工程、材料科学与工程、控制科学与工程、机械工程、计算机科学与技术、物流工程等。目前主要产品有：承接国内外冶金企业工艺、设备、三电等专业的工程设计项目；冷热轧机全线自动化控制系统；控制轧制和加速冷却系统装置；表面质量在线检测系统；中小型成套轧钢设备设计集成；环保技术的研发与应用；以及相应科研成果的推广、转让、咨询和服务。主要领域 l热轧、冷轧板带自动化控制系统 l热轧、冷轧板形控制成套技术 l流程工业MES系统及全流程大数据应用技术 l冷轧、热轧、中厚板、连铸坯表面在线检测成套技术与设备 l轧机、石油钻机数字化传动系统 l轧钢热处理生产线快冷设备及计算机系统 l板带及棒线材控轧控冷技术与装置 l先进金属材料品种开发和性能优化成套工艺和技术 l金属材料深加工工艺开发与性能优化 l炼钢新工艺、新技术开发及运用 l轧制工艺过程及设备的数值模拟与仿真技术 l冶金工艺、装备与自动化技术培训 l精密带钢全流程缺陷演化机理与质量控制成套技术 l轧制过程平面形状在线检测与控制成套技术与装备 l组织性能与缺陷在线检测成套技术与装备 l表面形貌在线检测与控制成套技术与装备 l环保型表面氧化层处理成套技术与装备,"https://www.zhaopin.com/jobdetail/CC195278220J40504730114.htm?refcode=4019&srccode=401901&preactionid=a7c1140f-c46c-45e5-b867-ab342d8bdc77"
1850,软件测试,重庆-九龙坡区,4000-8000元,重庆易宜快网络科技有限公司,互联网,20-99人,未融资,CC651836730J40798767812,负责确保公司软件产品的质量和稳定性。 工作内容： 1. 根据需求文档和设计文档，编写测试用例； 2. 执行测试用例，记录并跟踪缺陷； 3. 与开发团队紧密合作，定位并修复缺陷； 4. 参与软件产品的需求评审和设计评审； 5. 根据测试结果，编写测试报告。 岗位要求： 1. 计算机相关专业； 2. 熟练掌握至少一种主流测试工具； 3. 良好的沟通能力和团队协作精神； 4. 对软件测试有浓厚的兴趣和热情。,7月22日,庆易宜快网络科技有限公司成立于2018-02-11，法定代表人为李伟，注册资本为100万元，统一社会信用代码为91500107MA5YRD368E，企业注册地址位于重庆市九龙坡区渝州路4号23-4号，所属行业为软件和信息技术服务业，经营范围包含：网络技术研发，计算机、电子产品（不含电子出版物）、办公用品、通迅设备（不含卫星地面接收设备）、文化用品、机械设备、计算机软硬件及辅助设备租赁，计算机、办公设备维修，销售计算机、电子产品（不含电子出版物）、办公用品、通讯设备（不含卫星地面接收设备）、计算机软件及辅助设备、文化用品。（依法须经批准的项目，经,"https://www.zhaopin.com/jobdetail/CC651836730J40798767812.htm?refcode=4019&srccode=401901&preactionid=a7c1140f-c46c-45e5-b867-ab342d8bdc77"
1851,软件测试,长沙-长沙县,8000-16000元,深圳市海铭德科技有限公司,"仪器仪表制造,电子/半导体/集成电路",20-99人,未融资,CC235728280J40737253416,"核心工作职责： 1. **测试需求分析与用例设计：** - 深入理解产品需求文档、设计文档，进行**测试需求分析**，识别测试范围和重点。 - **独立设计、编写高质量的测试用例**，覆盖功能、界面、业务流程等，确保用例的**清晰、准确、可执行和可维护性**。 - 根据需求变更和迭代，**及时维护和更新测试用例库**。 2. **测试执行与缺陷管理：** - 根据测试计划和测试用例，**高效执行功能测试、回归测试、兼容性测试**等。 - **准确记录测试结果**，详细、规范地**提交软件缺陷报告**，清晰描述缺陷现象、步骤、预期结果和实际结果。 - **跟踪缺陷生命周期**，与开发人员有效沟通，推动缺陷的修复和验证。 - 进行**缺陷分析和统计**，为产品质量评估提供依据。 3. **测试环境与数据准备：** - 协助搭建和维护基本的测试环境。 - 准备和管理必要的**测试数据**。 4. **流程与协作：** - 遵循公司的测试流程和规范。 - 与产品经理、开发工程师等团队成员紧密协作，确保信息同步。 ### 必备技能与素质要求： 1. **扎实的测试理论基础：** 理解软件测试的基本概念、方法、流程和生命周期。 2. **出色的测试用例设计能力：** 熟练掌握**等价类划分、边界值分析、判定表、因果图、场景法**等常用测试用例设计方法。 3. **严谨细致的测试执行能力：** 具有高度的**责任心、耐心和细心**，能够发现深入、隐蔽的缺陷。 4. **缺陷管理工具：** 熟练使用至少一种主流缺陷管理工具（如 JIRA, Bugzilla,禅道，Tapd等）进行缺陷提交、跟踪和管理。 5. **测试管理/用例管理工具：** 熟悉使用测试管理工具（如 TestLink, Xray, QC/ALM, 禅道用例模块等）进行测试用例编写、管理和执行。 6. **文档能力：** 具备良好的**书面表达能力**，能编写清晰、规范的测试用例、缺陷报告和测试报告。 7. **沟通协作能力：** 具备优秀的**沟通表达能力和团队协作精神**，能清晰阐述问题，积极推动问题解决。 8. **学习能力与主动性：** 对新知识、新技术保持热情，能够快速学习和适应项目需求。  9 .能接受出差。",2025年07月30日,本公司是一家专业从事自动化设备研发、生产、销售和服务企业。多年以来始终坚持“员工至上，唯才是用”的用人理念，以“造就人才，服务人才”为目标。企业不仅为各类人才提供有竞争性的薪资待遇，并注重员工未来职业生涯的发展需求，追求员工和企业的共同成长。2016年通过深圳市高新企业，2017年通过国家高新技术企业。其中通过政府多个项目资助。,"https://www.zhaopin.com/jobdetail/CC235728280J40737253416.htm?refcode=4019&srccode=401901&preactionid=a7c1140f-c46c-45e5-b867-ab342d8bdc77"
1852,软件测试,郑州-管城回族区,6000-8000元·13薪,郑州德噢汽车科技有限公司,新能源汽车,20人以下,未融资,CCL1493237720J40718268405,"软件测试助理（双休+社保） 职位要求：  1.专科及以上学历，计算机相关专业及应届生优先，可接受实习；提供转正机会  2.有志于在软件测试行业长期稳定发展，对测试软件比较感兴趣  3.自学能力强，踏实稳定，入职有老员工带，有完善的晋升体系；  4.能尽快入职，工作态度好；  岗位职责：  1、 依据需求文档及设计文档,编写测试用例； 2、 协助工程师完成产品的功能测试还有性能测试；  3、 根据测试计划,搭建测试环境；  4、 依据测试用例执行手工测试,反馈跟踪产品BUG及用例缺陷；  5、 测试工具/系统的研究和应用。  工作时间：9:00-18:00 午休2个小时  福利待遇：  1.公司有完善的考核机制、晋升机制、加薪机制；  2.实习期满后会通过考核，考核通过可转为正式员工 3. 8小时工作制、周末双休、法定节假日正常休息",7月14日,1.本公司主要运营车载测试项目新能源汽车项目等业务2.公司主要着力于培养一批技术性人才，来推动社会科技化发展3.公司氛围较好年轻化，可以给大家提供一个发展性舞台公司理念:稳健经营开拓创新,"https://www.zhaopin.com/jobdetail/CCL1493237720J40718268405.htm?refcode=4019&srccode=401901&preactionid=a7c1140f-c46c-45e5-b867-ab342d8bdc77"
1853,Java,上海-浦东新区,1.6-3万,外企德科数字技术有限公司,专业技术服务,10000人以上,,CCL1480117890J40795519105,1、统招本科及以上学历； 2、熟悉Java/C/C++/Python/GO等其中一种主流开发语言； 3、热衷前沿技术的探索，能快速掌握和理解新技术； 4、有较强的学习能力、良好的团队协作能力、良好的沟通表达能力。 部门亮点： 1、大平台，机会多。 2、岗位全，拼实力，设置前端、后端、开发、算法、AI、运维、安全等等岗位，你想要的，这里统统都有！ 3、爱分享，氛围好，经常举行各领域技术分享会，可以和全球的架构专家、互联网大牛、大数据专家、网络安全大咖等面对面交流，兵合一处将打一家，部门之内皆兄弟，把酒言欢话桑麻。 4、肩并肩，手牵手，会给每位新员工分配1名技术导师，优秀的人培养更优秀的你。,2025-07-27 00:26:06,外企德科数字技术有限公司是一家2023年新成立的中外合资企业。成立于2023年11月24日，公司定位：专注于为信息技术企业提供人才及数字技术外包解决方案的中外合资企业。它是由中国人力资源服务行业的FESCO（北京国际人力资本集团）与全球人力资源服务领导者The Adecco Group（德科集团）合资成立的。公司主要提供网络技术服务、软件外包服务、计算机系统服务、技术进出口、软件开发等信息技术相关服务。专注于为信息技术企业提供信息技术类人才及数字技术外包解决方案。,"https://www.zhaopin.com/jobdetail/CCL1480117890J40795519105.htm?refcode=4019&srccode=401901&preactionid=a7c1140f-c46c-45e5-b867-ab342d8bdc77"
1854,硬件测试,抚州-乐安县,7000-12000元,重庆科满福人力资源服务有限公司,企业服务,20-99人,,CCL1487604860J40935617804,岗位职责】 ： 1、进行新产品研发阶段的测试工作 2、完成新产品的功能测试、可靠性测试、环境测 试、安全测试等技术工作 3、制定测试计划，设计测试用例，分析测试数 据，编制测试报告 4、为其他部门提供技术支持，与其他部门的产品 联合测试工作 ,2025-07-27 01:11:47,,"https://www.zhaopin.com/jobdetail/CCL1487604860J40935617804.htm?refcode=4019&srccode=401901&preactionid=a7c1140f-c46c-45e5-b867-ab342d8bdc77"
1855,测试工程师,台州-椒江区,9000-15000元,杰克科技股份有限公司,"金属制品业,电子/半导体/集成电路,耐用消费品,贸易/进出口",1000-9999人,已上市,CC133087640J40781800415,岗位职责:,7月15日,杰克科技股份有限公司（股票代码603337），是一家专注于工业缝纫机、自动裁床、节能伺服电机三大产品研发、生产、销售的跨国民营企业，现已成为行业领先的缝制机械制造商和全球缝制机械行业中产销规模最大的企业之一，在全球市场持续传递中国制造的力量。公司始终处于行业最前沿，引领行业发展。一共设立德国、杭州、西安、椒江、临海5大研发中心，研发领域涉及精密机构、智能传感、先进控制、故障诊断、人机互动、无线通讯、物联网等，超过30%的员工从事技术创新、产品研究与开发，已累计获得授权发明专利500多项。公司坚信：未来将是一个智能互联的时代。抓住全球新一轮工业革命机遇，逐步构建以智慧数据、智慧生产和智慧服务为一体的“智慧工厂”，创造出具有智能化、可视化、无线通讯网络化、互动性功能，并可实现信息存储、自动检测的智慧型缝制设备，为缝制设备行业和服装产业的发展做出贡献。,"https://www.zhaopin.com/jobdetail/CC133087640J40781800415.htm?refcode=4019&srccode=401901&preactionid=a7c1140f-c46c-45e5-b867-ab342d8bdc77"
1856,软件测试,绍兴-上虞区,5000-7000元,天阳科技,"计算机软件,计算机软件",1000-9999人,已上市,CC120408370J40493684108,1.全国项目驻场测试，主要负责功能、数据或接口等相关测试工作；   2.统招本科学历及以上（学信网可查）；毕业满2年；计算机专业优先；   3.热爱软件测试行业、有强力的自驱力，能够在测试岗位深入学习研究；   4.有无经验均可，服从公司安排，接受公司培养，可接受异地工作优先；   福利待遇：   上市公司，公司可以提供住宿，提供五险一金；   欢迎符合要求的小伙伴们投递~,7月17日,天阳科技(股票代码：300872)，是全球金融创新服务的重要贡献者，持续赋能中国金融行业数字化转型，为客户提供咨询、金融科技产品、金融IT服务、云计算及运营服务。公司成立于2003年，服务超过300家金融行业客户，覆盖中央银行、政策性银行、国有银行、股份制银行、地方性商业银行、非银行金融机构等，员工人数近7000人，成为激活金融领域创新活力、推动金融科技迈入世界领先水平的重要力量。作为金融行业客户可信赖的合作伙伴，天阳科技凭借丰富的行业经验和端到端的专业服务，在信创、数字化金融、信贷、交易银行、信用卡、零售、营销、风险管理、征信监管等众多领域具备核心竞争力。据赛迪和IDC报告显示，近年来公司在中国银行业IT解决方案市场排名强势崛起，2019年收入及市场占有率综合排名分别位列第四位和第五位，并保持高速增长。同时，前瞻商业和科技趋势，入选2021年度未来银行科技服务商TOP100。天阳科技始终聚焦金融科技领域，加大自主创新力度，在超过100个城市建立本地化、专业化的研发和服务团队，拥有CMMI5级认证、软件测试成熟度模型集成（TMMi）3级认证、ISO9001质量管理体系认证、ISO20000信息技术服务管理体系认证、IS027001信息安全管理体系认证。通过部署人工智能、云计算、大数据、移动互联网、分布式计算和区块链等先进金融科技，公司致力于构建安全可控、普惠民生、开放共赢格局，在关键技术领域服务现代化金融发展大局，更好地为各利益相关方创造更大价值，为大中企业、小微企业以及每个个体提供优质金融服务。,"https://www.zhaopin.com/jobdetail/CC120408370J40493684108.htm?refcode=4019&srccode=401901&preactionid=a7c1140f-c46c-45e5-b867-ab342d8bdc77"
1857,前端开发,西安-未央区,1.1-1.3万,成都宏进悦商务信息咨询有限公司,电子商务,20-99人,,CCL1507304710J40826831108,岗位内容： 1. 负责开发和维护前端系统和模块，确保其运行稳定可靠 2. 编写高效、清晰、易于维护的代码 3. 协调需求，与其他团队成员进行有效沟通和协作 任职要求： 1. 熟练掌握HTML、CSS和JavaScript，熟悉主流前端框架 2. 具备扎实的编程基础，良好的代码风格，注重代码品质 3. 擅长和团队合作，具备很好的沟通和协调能力,7月27日,四川宏进悦商务信息有限公司成立于2018年，位于成都金牛区，专注于为企业客户提供管理咨询、职业培训及商务渠道拓展等专业化服务。公司业务涵盖战略规划、流程优化、团队建设及市场资源整合等领域，致力于通过系统性解决方案助力客户提升管理效能与市场竞争力。基于多年行业深耕，公司已形成以职业培训与渠道管理为核心的业务体系，拥有经验丰富的服务团队，在保险、金融及商务服务领域积累了丰富的实践案例。团队通过定制化培训课程、渠道资源对接及项目管理支持，持续为客户创造价值。公司注重人才培养与专业能力建设，通过规范化的服务流程和务实创新的工作理念，为员工提供职业成长平台，推动企业与人才共同发展。,"https://www.zhaopin.com/jobdetail/CCL1507304710J40826831108.htm?refcode=4019&srccode=401901&preactionid=a7c1140f-c46c-45e5-b867-ab342d8bdc77"
1858,软件测试,宁波-海曙区,7000-10000元,百威雷科技有限公司宁波分公司,"人工智能,企业服务",20-99人,天使轮,CCL1380220640J40519000312,PowerArena 开发可吸引客户并改善运营的智能应用程序。我们帮助客户从移动，物联网，人工智能和数据分析的进步中受益 Motherapp& PowerArena 团队分别位于香港，宁波，台湾和美国加利福尼亚，我们采用独特的资料洞悉方法和新兴的移动物联网技术来创造价值。      PowerArena提供以下服务：   PowerArena透过自行开发的核心演算法，搭配大数据分析及预测，协助制造业客户提升整体OEE表现，帮助客户使人因数值具备可视化以及数据化，主要的系统是透过监控影像的即时分析并藉由边缘运算的解决方案(Edge Computing)再由PowerArena的云端与算平台到AI应用。透过PowerArena AI影像分析技术，协助厂区即时找出低生产效率肇因，即时分析厂线上效率及行为。管理者可以利用相关数据，做即时的人员调配达到厂线最佳化。解决方案适用于多种制造行业，PowerArena已获得多家知名企业信任采用。   ,1月10日,PowerArena开发可吸引客户并改善运营的智能应用程序。我们帮助客户从移动，物联网，人工智能和数据分析的进步中受益 Motherapp& PowerArena团队分别位于香港，宁波，台湾和美国加利福尼亚，我们采用独特的资料洞悉方法和新兴的移动物联网技术来创造价值。PowerArena致力于深度学习(Deep Learning)技术以及透过自行开发的核心演算法，搭配大数据分析及预测，协助制造业客户提升整体OEE表现，帮助客户使人因数值具备可视化以及数据化，主要的系统是透过监控影像的即时分析并藉由边缘运算的解决方案(Edge Computing)再由PowerArena的云端与算平台到AI应用。透过PowerArena AI影像分析技术，协助厂区即时找出低生产效率肇因，即时分析厂线上效率及行为。管理者可以利用相关数据，做即时的人员调配达到厂线最佳化。解决方案适用于多种制造行业，PowerArena已获得多家知名企业信任采用。,"https://www.zhaopin.com/jobdetail/CCL1380220640J40519000312.htm?refcode=4019&srccode=401901&preactionid=a7c1140f-c46c-45e5-b867-ab342d8bdc77"
1859,测试工程师,长春-绿园区,100-150元/天,富赛汽车电子有限公司,"汽车零部件,汽车研发/制造",1000-9999人,未融资,CCL1254206220J40736120014,职位描述：,6月6日,富赛汽车电子有限公司（简称富赛公司）是由上市公司富奥汽车零部件股份有限公司（股票代码：000030）与惠州市德赛西威汽车电子股份有限公司（股票代码：002920）双方联手一汽集团在长春共同成立富赛汽车电子有限公司。富赛公司总投资14.8亿，注册资本为2.6亿元，主要围绕智能驾驶舱、智能驾驶、网联服务三大业务板块开展经营。汽车电子已成为当今汽车产业技术创新的主要突破领域，电子化与智能化对于汽车制造至关重要。长春公司位于凯达北街和东风大街交汇处的富赛科技园，距离一汽NBD总部大楼约100米，紧邻地铁2号线及7号线。富赛科技园共分两期建设。一期预计2021年第一季度建成两层生产厂房，2021年7月底建成五层研发综合大楼，其中规划科技化实验室，同时建设具有多元化的餐厅配套设施及现代化的多功能娱乐室。二期预计2023年建成两层生产厂房。一二期总占地面积4万平方米，可容纳2000人同时办公。大连研发中心位于大连高新园区腾飞软件园二期，依山伴海的优越地理位置是众多外资企业的工作集散地。总体面积达3000多平方米，拥有现代化办公设施的同时具备研发设计能力，可容纳研发科技人员500人。富赛公司致力于成为国际上知名的汽车电子企业及未来出行变革的带领者,"https://www.zhaopin.com/jobdetail/CCL1254206220J40736120014.htm?refcode=4019&srccode=401901&preactionid=a7c1140f-c46c-45e5-b867-ab342d8bdc77"
1860,软件测试,西安-未央区,1.3-1.8万·13薪,方得(青岛)人力资源有限公司,咨询服务,20-99人,,CCL1462672470J40735768316,,2025年07月28日,,"https://www.zhaopin.com/jobdetail/CCL1462672470J40735768316.htm?refcode=4019&srccode=401901&preactionid=a7c1140f-c46c-45e5-b867-ab342d8bdc77"
1861,Java,上海-浦东新区,1-2万·16薪,外企德科数字技术有限公司,专业技术服务,10000人以上,,CCL1480117890J40778013805,国内一线大厂开放职位 1、熟悉Java/C/C++/Python其中一种语言，具备良好的算法和编程能力； 2、熟悉Spring、Spring Boot 、Spring Cloud等各种开源框架，特别在Spring/SpringCloud领域有丰富的项目实践经验者优先； 3、熟悉Mysql、Oracle等数据库，有相关数据开发经验； 4、熟悉Devops，熟悉Docker，熟悉Kubernetes应用优先； 5、熟悉Service Mesh、微服务治理、灰度发布等相关技术优先； 6、有较强的学习能力、良好的团队协作能力。 福利待遇： 基本工资+绩效+年终奖   如加班节假日1.5~3倍加班工资 全额社保公积金缴纳 补充商业保险  免费年度体检  班车  零食下午茶  技术大咖交流  应届生友好,2025-07-27 00:24:54,外企德科数字技术有限公司是一家2023年新成立的中外合资企业。成立于2023年11月24日，公司定位：专注于为信息技术企业提供人才及数字技术外包解决方案的中外合资企业。它是由中国人力资源服务行业的FESCO（北京国际人力资本集团）与全球人力资源服务领导者The Adecco Group（德科集团）合资成立的。公司主要提供网络技术服务、软件外包服务、计算机系统服务、技术进出口、软件开发等信息技术相关服务。专注于为信息技术企业提供信息技术类人才及数字技术外包解决方案。,"https://www.zhaopin.com/jobdetail/CCL1480117890J40778013805.htm?refcode=4019&srccode=401901&preactionid=a7c1140f-c46c-45e5-b867-ab342d8bdc77"
1862,技术支持工程师,北京-朝阳区,面议,ABB,"仪器仪表制造,仪器仪表制造",10000人以上,未融资,CC000018800J40778203802,"Reporting to: Sales Support Manager Job: Technical Sales Support Specialist Mission Statement: Support the local Sales organization/customers in determining the most technically appropriate and cost-effective solutions and prepare technical descriptions of the applied products and technology to support the proposal process. Serve as a key technical resource in the assigned area. Main Accountabilities:  Working as a member of the PG System Drive sales support team, reporting to technical sales support team leader. Tasks include the following: 1. Sales support Offers technical advice and provides comment on enquiry specifications for customers/channels/Sales Engineers with ABB products/systems/applications. Provides technical support during the technical meeting, product presentations and negotiations. Provides suitable technical solution and proposal to customers with sales. 2. Diagnostic studies Performs analytic and diagnostic studies to determine most suitable technical solution to meet customer needs. Proposes technical solutions for complex enquiries. Support the off-site and on-site service from technical side. 3. Presentations Prepares and delivers technical presentations and demonstrations for both internal staff and customers on complex product issues. 4. Training Offers product/solution/service related training. 5. Technical documentation Manage the process of translating the training material of the product and training courseware. 6. Feedback Follow and collect customer need and competitor information for R&D. 7. Supported product group including: Low voltage drive, MV general purpose drive. 8. Other technical tasks related to SD business. 职位:技术销售支持专员 任务描述:支持销售/客户,确定最适合的技术解决方案，并准备所应用产品技术说明，以支持销售过程，并作为区域的主要技术资源。 主要岗位职责: 作为系统传动（System Drives）PG销售支持团队的一员，向技术销售支持团队的领导汇报。 任务包括: 1. 销售支持：为客户/渠道/销售工程师提供技术咨询，并就ABB产品/系统/应用程序的询价选型提供意见。在技术会议、产品展示和谈判等场合提供技术支持。与销售一起为客户提供合适的技术方案和建议。 2. 产品诊断分析：针对问题进行产品诊断和分析确定最适合的技术解决方案满足客户的需求。从技术方面支持非现场、现场服务。 3. 为内部员工和客户准备并提供关于产品和问题的技术演示、资料等。 4. 提供产品/解决方案/服务相关的培训。 5. 技术文档管理，产品培训材料和培训课件的翻译及维护。 6. 跟踪并收集客户需求和竞争对手的信息。 7. 支持的产品组包括: 低压传动，中压通用传动。 8. 执行业务相关其他技术任务。 More About Us ABB System Drives is the market leader in high-power, high-performance drives, drive systems and packages for industrial process and large infrastructure applications, and a leading supplier of power conversion equipment for renewable energy and other applications. The Division offers global support to help customers, partners and equipment manufacturers with asset reliability, performance improvement and energy efficiency in mission critical applications.",7月23日,"ABB（ABBN: SIX Swiss Ex）是全球技术领导企业，为数字化行业提供全面的产品、服务与解决方案。基于超过130年的创新历史，ABB成为以客户为中心的数字化行业领军者，拥有全球领先的四大业务——电气、工业自动化、运动控制、机器人及离散自动化，以及通用的ABB Ability™数字化平台。ABB集团业务遍布全球100多个国家和地区，雇员达14.7万。ABB在中国拥有研发、制造、销售和工程服务等全方位的业务活动，40家本地企业，1.8万名员工遍布于142个城市，线上和线下渠道覆盖全国300多个城市。ABB is a pioneering technology leader with a comprehensive offering for digital industries. With a history of innovation spanning more than 130 years, ABB is today a leader in digital industries with four customer-focused, globally leading businesses: Electrification, Industrial Automation, Motion, and Robotics& Discrete Automation, supported by its common ABB Ability™ digital platform. ABB operates in more than 100 countries with about 147,000 employees. ABB has a full range of business activities in China, including R&D, manufacturing, sales and services, with 18,000 employees located in 142 cities, 40 local companies, and online and offline channels across over 300 cities.","https://www.zhaopin.com/jobdetail/CC000018800J40778203802.htm?refcode=4019&srccode=401901&preactionid=a7c1140f-c46c-45e5-b867-ab342d8bdc77"
1863,前端开发,南京-秦淮区,1.3-1.5万·13薪,南京启硕知拓教育科技有限公司,专业技术服务,20人以下,,CCL1504906540J40770043410,岗位内容： 1. 负责开发和维护前端系统和模块，确保其运行稳定可靠 2. 编写高效、清晰、易于维护的代码 3. 协调需求，与其他团队成员进行有效沟通和协作 任职要求： 1. 熟练掌握HTML、CSS和JavaScript，熟悉主流前端框架 2. 具备扎实的编程基础，良好的代码风格，注重代码品质 3. 擅长和团队合作，具备很好的沟通和协调能力,7月28日,,"https://www.zhaopin.com/jobdetail/CCL1504906540J40770043410.htm?refcode=4019&srccode=401901&preactionid=a7c1140f-c46c-45e5-b867-ab342d8bdc77"
1864,科研人员,北京-昌平区,1.5-2.6万,北京脑科学与类脑研究所,"学术/科研,学术/科研",300-499人,未融资,CC713689230J40661016209,岗位描述： 在PI的指导下独立开展科学研究，有钙成像、电生理记录、光遗传学技术和计算神经科学经验者优先考虑。 岗位职责： 1、独立开展科研工作； 2、协助指导学生和技术人员； 3、 协助基金及文章撰写。 应聘要求： 1. 已经或即将获得理学或医学博士学位； 2. 研究领域为神经科学，具有扎实的系统神经科学实验功底及科研经历； 3. 以第一作者或通讯作者发表过SCI论文（含投稿或接收）； 4. 具备独立开展科研工作的能力，能够自主学习新知识、新技能，解决科研中遇到的问题。 5. 具有认真负责、实事求是的工作态度，具有优秀的动手能力和高效务实的工作能力。 6. 对相关科研方向满怀好奇心与工作热情，具有优秀的逻辑思维能力、口头及书面表达能力，良好的团队意识与合作能力。 7.英文读写流利，可以独立或参与撰写英文论文。 薪资待遇： 1、根据应聘者的经验及能力，提供有竞争力的薪酬（面议）； 2、享受五险一金、补充医疗保险、免费体检、带薪年假等福利； 3、按照相关规定协助解决本人北京市户口； 4、协助解决子女入学问题； 5、全力支持个人职业发展，支持申请各类人才计划、研究基金，提供参加国内外学术会议或出国交流的机会。 ,7月22日,北京脑科学与类脑研究所（CIBR）是在科技部的指导下，由北京市人民政府联合中国科学院、军事科学院、北京大学、清华大学、北京师范大学、中国医学科学院、中国中医科学院等8家单位，共同发起成立的新型研发机构（以下简称“北京脑中心”），属于事业单位。北京脑所将结合全国科技创新中心的首都城市战略定位，围绕国家重大项目研究方向，承接国家脑计划，立足北京的工作基础和优势特色，搭建关键技术平台，在脑科学与类脑研究领域集中开展科技攻关，实现前沿技术和重大脑科学研究的突破，成为国际领先的脑科学研究所。北京脑科学与类脑研究所于2018年3月22日成立，前期建设工作全面启动，诚邀海内外优秀的行政服务人员加盟。,"https://www.zhaopin.com/jobdetail/CC713689230J40661016209.htm?refcode=4019&srccode=401901&preactionid=a7c1140f-c46c-45e5-b867-ab342d8bdc77"
1865,技术支持工程师,成都-武侯区,7000-10000元,四川德世喜家具有限公司,"耐用消费品,零售/批发",20-99人,不需要融资,CCL1266524300J40798385512,【我们需要你做】 1、负责智能会议平板、考勤机、打印设备、电子办公用品等智能办公设备的售后专业服务； 2、提供产品的安装、调试、维修保养及日常技术支持，保证公司服务承诺； 3、熟练运用公司产品，解答客户提问； 4、维护客户关系，挖掘新的合作机会。 5、负责公司内部服务器的日常维护、备份与基础管理；处理员工办公电脑（台式机、笔记本）的常见硬件问题。 【我们希望你是】 1、大专及以上学历，机械、电气、IT网络、软件、计算机等相关专业； 2、有电气或机械设备维修服务工作经验者优先； 3、了解计算机网络知识，对网络协议、路由、交换等知识有全面了解，并熟练掌握设备维修； 4、具备较好的协调沟通能力和客户关系维护能力，思路清晰、思维敏捷、较强的学习能力及现场动手能力； 5、积极主动，以客户为导向，可接受外勤类工作。 【我们为你提供】 1、无责底薪+绩效+奖金 2、服务专员→服务主任，技术线和业务线可双向发展； 3、线上+线下+技术认证，丰富培训资源，技术大牛等你来闯关； 上班时间9：00-18：00，周末双休。 加分项 有以下行业经验：企业服务、办公自动化,7月21日,四川德世喜家具有限公司自2018年成立以来致力于打造融入感与多元化的现代、绿色办公空间。提供以办公、医疗、教育三大版块为主的空间规划、整体软装及智能化解决方案，业务范围辐射西南片区。主要经营品牌为自1965年成立至今，走过59年的国内办公家具行业领导品牌《震旦》以及意大利进口家具品牌《ESTEL》、自1937年成立的百年进口品牌《Vitra》、专业人体工学品牌《坐感科技*阿基米德》、400多年的历史的高品质座椅解决方案领导品牌《Flokk》、创新电话亭灵动空间系统品牌《摩方》。同时作为创新型商用软装整合平台，与地毯品牌《 SHAW》、人体工学专业品牌《 Humanscale》、板式家具专业工厂《 Beite》、高级定制类家具专业工厂《 Billion Gold》、空间创新品牌《 Uispair》等企业有着深度合作。德世喜秉持震旦的经营理念：同仁乐意，顾客满意，回馈社会，追求永续经营。自成立以来深耕于家具行业，现拥有600㎡的独立展厅，全方位展示上述品牌产品，为客户提供视觉、触觉上最直观的感受。德世喜已走过初创期的6年，在今后的发展中也将继续秉持着“让办公生活更美好”的愿景，让公司不断发展壮大，广聚人才、求贤若渴，共同创造发展。加入我们团队，您将享受愉悦的工作氛围、完善的职业发展路径、送到心坎的员工福利、实用的教育培训和广阔的职业发展空间等。不论是身经百战，还是初出茅庐，又或者想要勇敢突破自我的你，德世喜团队将充分发挥及肯定每位员工的能力与价值，全体成员欢迎您的加入。着眼未来、持续创新，始终信守承诺、不忘初心！四川德世喜家具与您共创美好生活！,"https://www.zhaopin.com/jobdetail/CCL1266524300J40798385512.htm?refcode=4019&srccode=401901&preactionid=a7c1140f-c46c-45e5-b867-ab342d8bdc77"
1866,Java,苏州-虎丘区,1.7-3万·14薪,外企德科数字技术有限公司,专业技术服务,10000人以上,,CCL1480117890J40760779205,1. 熟悉Java/Python/C/C++任何一种语言 2. 具备扎实的计算机基础，熟悉数据结构、算法和网络编程等知识点。 3. 具备初步的Web开发经验，熟悉HTML、CSS、JavaScript等前端技术。 4. 具有较强的自学能力、问题解决能力和团队协作能力。,2025-07-27 00:24:03,外企德科数字技术有限公司是一家2023年新成立的中外合资企业。成立于2023年11月24日，公司定位：专注于为信息技术企业提供人才及数字技术外包解决方案的中外合资企业。它是由中国人力资源服务行业的FESCO（北京国际人力资本集团）与全球人力资源服务领导者The Adecco Group（德科集团）合资成立的。公司主要提供网络技术服务、软件外包服务、计算机系统服务、技术进出口、软件开发等信息技术相关服务。专注于为信息技术企业提供信息技术类人才及数字技术外包解决方案。,"https://www.zhaopin.com/jobdetail/CCL1480117890J40760779205.htm?refcode=4019&srccode=401901&preactionid=a7c1140f-c46c-45e5-b867-ab342d8bdc77"
1867,硬件测试,无锡-滨湖区,3000-6000元,无锡市欧瑞杰电子科技有限公司,"电子/半导体/集成电路,电子/半导体/集成电路",20-99人,未融资,CC663759120J40015389915,工作内容： 1.按工艺要求完成开关电源的测试等工作 2.完成主管安排的其他工作 任职要求： 1、中专以上学历，35周岁以下，  2、电子、电力及电气等相关专业  3、相关专应届毕业生优先  4、工作仔细认真、责任心强、为人正直，遵纪守法，无犯罪记录，遵守公司规章制度  职位福利：五险一金、年底双薪、员工旅游、节日福利、周末双休、创业公司、带薪年假、定期体检  职位亮点：想学技术的电子专业工科生,5月23日,无锡市欧瑞杰电子科技有限公司是一个以工业开关电源为主导产品的股份制│企业。专业从事开关电源的研发和生产工作，具有卓越的研发、生产能力。主要研发、生产配电自动化、用电自动化、电力保护电源，工控电源和非标│特种电源。公司凭借不断完善的可靠产品、优良的服务、及时有力的技术支持，得到用户的一致认可。公司制定了完善研发管理制度，确保研发项目的顺利进行。2019年8月公司通过IS09001质量管理体系认证，2020年6月进入科技型中小企业库，2020年12月通过了高新技术企业认定。,"https://www.zhaopin.com/jobdetail/CC663759120J40015389915.htm?refcode=4019&srccode=401901&preactionid=a7c1140f-c46c-45e5-b867-ab342d8bdc77"
1868,C/C++,大连-甘井子区,4000-8000元,大连柏盛源科技有限公司,"电子/半导体/集成电路,通信/网络设备,电子/半导体/集成电路,船舶/航空/航天/火车制造",20-99人,未融资,CC402275710J40799051803,职责描述： 1.负责轨道交通行车在线监测系统的研发；  2. 参与软件需求分析与设计，撰写相关技术文档。   3. 完成编码、测试、上线等软件开发工作，确保软件质量。   4. 配合团队解决项目中遇到的技术难题。   任职要求：   1.统招本科以上学历，具备Linux系统下的开发经验，熟练应用C、C++等编程语言；   2.具备ARM-Linux平台的开发调试及GDB工具使用经验，掌握进程、线程、Socket、文件、IO等开发能力；   3.掌握CAN、ETH、TRDP、MVB等通信协议及应用原理。,6月10日,"大连柏盛源科技有限公司成立于2010年，是一家立足于在线智能监测、诊断、预测技术在各领域应用的国家高新技术企业，主营产品车载智能安全监测系统，已经批量装车并累计运行数千万公里，为中车集团各主机厂、国铁集团各铁路局以及各城市地铁运营方提供有效可靠的监测及智慧运维服务。公司参与起草多项国家标准，以及国家铁路集团安全监测、检修管理规定,拥有40多项自主知识产权，荣获第十二届中国创新创业大赛全国赛优秀企业奖、第九届创客中国大连赛区一等奖、辽宁省专精特新企业、辽宁省雏鹰企业等荣誉称号，是辽宁省重点培育专业型工业互联网平台、全国轴承专用装备研发制造优秀企业，连续多年通过ISO22163体系认证、ISO9001质量管理体系认证、环境和职业健康安全管理体系认证、SIL认证。公司以“诊断精准，旋转安全”为使命，以“人”为本，尽“心”经营，实现“做大国重器安全运行守卫者”的目标！","https://www.zhaopin.com/jobdetail/CC402275710J40799051803.htm?refcode=4019&srccode=401901&preactionid=a7c1140f-c46c-45e5-b867-ab342d8bdc77"
1869,C/C++,深圳-龙岗区,1.5-3万·14薪,外企德科数字技术有限公司,专业技术服务,10000人以上,,CCL1480117890J40742571805,工作职责: 1、根据需求进行软件的概要设计和详细设计，学习和使用设计模式; 2、完成代码开发、单元测试、系统测试，掌握代码编写技术和测试技术; 3、完成从需求到设计、再到开发和上线等项目周期中端到端的各个环节。  岗位要求:   1、熟练掌握java/C++/Js/python/C等任意一种主流开发语言;   2、熟练掌握常用的软件架构模式，并能熟练使用基本的编程编译工具;   3、熟悉linux常用命令及开发环境，能用shell脚本实现简单功能;   4、良好的编码习惯、沟通协作能力和学习能力;   5、思维缜密，逻辑性强，具有挑战精神和前瞻性，良好的团队协作精神。,2025-07-27 00:23:30,外企德科数字技术有限公司是一家2023年新成立的中外合资企业。成立于2023年11月24日，公司定位：专注于为信息技术企业提供人才及数字技术外包解决方案的中外合资企业。它是由中国人力资源服务行业的FESCO（北京国际人力资本集团）与全球人力资源服务领导者The Adecco Group（德科集团）合资成立的。公司主要提供网络技术服务、软件外包服务、计算机系统服务、技术进出口、软件开发等信息技术相关服务。专注于为信息技术企业提供信息技术类人才及数字技术外包解决方案。,"https://www.zhaopin.com/jobdetail/CCL1480117890J40742571805.htm?refcode=4019&srccode=401901&preactionid=a7c1140f-c46c-45e5-b867-ab342d8bdc77"
1870,软件测试,济南-历下区,7000-12000元,山东军宏信息科技有限公司,计算机软件,20-99人,,CCL1472421930J40769642305,岗位内容： 1. 设计和执行测试用例，并记录测试结果。 2. 分析并报告软件缺陷，包括重现步骤、缺陷严重程度和影响范围。 3. 参与产品设计过程，提供测试建议和反馈。 4. 开发自动化测试脚本和工具。 5. 执行性能和负载测试的任务。 任职要求： 1. 具有本科以上学历，计算机科学或相关领域优先。 2. 熟悉测试方法论和流程，能够编写高质量的测试用例。 3. 熟练使用至少一种自动化测试框架和脚本语言（如Selenium、Python、Robot Framework）。 4. 了解软件开发周期和敏捷开发流程。 5. 优秀的沟通和协作能力，能够与跨部门的团队成员合作。,7月24日,,"https://www.zhaopin.com/jobdetail/CCL1472421930J40769642305.htm?refcode=4019&srccode=401901&preactionid=a7c1140f-c46c-45e5-b867-ab342d8bdc77"
1871,测试工程师,沈阳-浑南区,5000-8000元·13薪,沈阳市皇姑区知乐网络科技中心(个体工商户),专业技术服务,20-99人,,CCL1484080330J40724021816,岗位福利：早九晚六，午休两个小时，周末双休，年底十三薪  ,2025-07-27 00:15:03,,"https://www.zhaopin.com/jobdetail/CCL1484080330J40724021816.htm?refcode=4019&srccode=401901&preactionid=a7c1140f-c46c-45e5-b867-ab342d8bdc77"
1872,Java,广州-天河区,150-200元/天,广州华资软件技术有限公司,"计算机软件,计算机软件,计算机硬件",1000-9999人,未融资,CC000363200J40732762711,岗位职责:,5月8日,"华资软件自80年代涉足电子政务领域，是业内领先的“智慧政府”解决方案提供商之一。公司掌握云计算、互联网+、大数据+、人工智能+等核心软件技术，形成了“智慧政府”的相关解决方案，全方位提供软件、运维、IT集成服务、设计咨询。华资软件现有员工千余人，总部设立在广州市，分别在北京市、深圳市、武汉市、福州市、长沙市、广西壮族自治区、贵州省、山东省、海南省等地设立了研发基地和服务机构，形成了一支实战能力强、开拓敬业、堪称“行业专家”的专业队伍，搭建了覆盖全国各地的营销和服务网络，为客户提供便捷及专业的本地化支持与服务。随着人工智能时代的到来，华资软件密切关注用户的需求变化，紧跟行业政策发展，提供智慧政府产品和服务。公司先后承担了公安、人社、医保、市场监管、民政、医疗卫生等政府行业的部、省、市级大型信息系统建设，参与包括广东省、深圳市、广西壮族自治区、贵州省、山东省、海南省、北京市、武汉市、福州市、长沙市等全国各地互联网+、大数据+、人工智能+为核心的智慧新政务、数字政府建设，实现了全国性的战略布局。华资软件客户覆盖政府、公用事业、教育和企业等领域，通过30+年为客户创造价值,助力数字政府治理精准化、服务高效化、决策科学化，赢得了客户的广泛信任。我们的使命：创造优秀信息产品、提供优质服务、提升组织效能、促进社会进步我们的愿景：成为最值得信赖的信息应用平台与服务提供商我们的核心价值观：尊重信任、正直负责、求实创新、诚信服务荣誉资质：2021年广东省政务服务创新案例2021鲲鹏应用创新大赛广东赛区-政府赛道二等奖华为鲲鹏展翅ISV认证级伙伴、达梦数据库ISV战略合作伙伴腾讯Wecity城市合伙人、腾讯云数据库认证解决方案提供商阿里云MSP合作伙伴2020广东省政务服务创新解决方案奖2020广东省优秀软件产品和服务奖2020广东省电子信息行业科学技术奖2020广东省软件行业卓粤企业家奖2020广东省软件行业卓粤技术工匠奖2020广东省卓粤软件产品奖4个2020年中国软件行业优秀解决方案2020中国区域卓越IT服务商华资软件大数据治理套件获2021鲲鹏应用创新大赛政府赛道二等奖荣获2021数字中国创新大赛鲲鹏计算赛道创新创意奖和团体赛三等奖软件服务商交付能力二级主要资质：信息系统集成与服务（一级）信息系统运行维护分项资质（一级）广东省电子政务服务能力等级（一级）国家火炬计划重点高新技术企业国家火炬计划软件产业基地国家规划布局内重点软件企业广东省省级企业技术中心广州市市级企业技术中心广东省工程技术研究中心广州市企业研究开发机构福利体系：六险一金：在养老保险、医疗保险、失业保险、工伤保险、生育保险以及住房公积金的法定福利基础上，华资还会为您额外购买意外商业险，为您的工作保驾护航。健康体检：华资每年请国内领先的健康体检机构为您提供专业的体检方案，让您对自己的身体状况了如指掌。带薪休假：每一位华资的伙伴享有带薪休假，工作之余尽情嗨~年度旅游：华资每年鼓励部门伙伴享受旅游权益，工作不只有做表开单，还有洛杉矶的日出和日本的富士山~文娱活动：华资定期举办各种部门活动；篮球、足球、羽毛球三大俱乐部每周助力；骑行、摄影、徒步等等多种兴趣小组等您发现，让您在华资收获的不只是强健的身体，还有友谊~发展空间：华资拥有专业的任职资格认证专家团队，每一次的晋升，清晰看得见，让您的实力在华资的平台得到更好的发挥。培训机制：华资内部培训平台——华资云学堂，让您在繁忙的工作之余，找到专属于自己的接口，为自己的未来“充充电”欢迎加入华资软件！地址：广州市中山大道西天河软件园建中路12号邮编：510665公司网址请百度搜索：广州华资软件技术有限公司公司公众号：华资软件、华资软件招聘","https://www.zhaopin.com/jobdetail/CC000363200J40732762711.htm?refcode=4019&srccode=401901&preactionid=a7c1140f-c46c-45e5-b867-ab342d8bdc77"
1873,C/C++,苏州-工业园区,1.5-3万·14薪,外企德科数字技术有限公司,专业技术服务,10000人以上,,CCL1480117890J40790734505,岗位要求 1、计算机、软件、通信等相关专业本科及以上学历； 2、热爱技术研发工作，技术原理基础扎实，有较强的自学能力； 3、熟悉Linux，熟悉C/C++编程，掌握常用数据结构与算法，有良好的编码习惯。 4、具备独立工作能力和解决问题的能力、善于沟通，乐于台作，热衷新技术，善于总结分享，喜欢动手实践。 优选条件: 1、熟悉数据通信与网络技术，TCP/IP等网络协议并具有相关开发经验； 2、有嵌入式开发或内核、底层驱动开发经验； 3在校期间积极参加校内外软件编程大赛或积极参于编码活动回馈开源社区组织者优先。,2025-07-27 00:25:48,外企德科数字技术有限公司是一家2023年新成立的中外合资企业。成立于2023年11月24日，公司定位：专注于为信息技术企业提供人才及数字技术外包解决方案的中外合资企业。它是由中国人力资源服务行业的FESCO（北京国际人力资本集团）与全球人力资源服务领导者The Adecco Group（德科集团）合资成立的。公司主要提供网络技术服务、软件外包服务、计算机系统服务、技术进出口、软件开发等信息技术相关服务。专注于为信息技术企业提供信息技术类人才及数字技术外包解决方案。,"https://www.zhaopin.com/jobdetail/CCL1480117890J40790734505.htm?refcode=4019&srccode=401901&preactionid=a7c1140f-c46c-45e5-b867-ab342d8bdc77"
1874,技术支持工程师,东莞-None,1-2万,广东普赛达材料科技股份有限公司,"石油/石化,化学原料/化学制品",500-999人,未融资,CC275234630J40533760802,岗位职责： 1、为客户提供技术支持方案，解决客户的应用难点等需求； 2、负责客诉内部协调沟通与整理工作； 3、负责新产品上线管理工作，保证市场开拓后勤保障； 4、为销售人员提供基础知识培训，提高销售人员的专业素养； 任职要求： 1、本科及以上学历， 能接受出差或驻点土耳其，土耳其语或者英语听说读写流利，有无经验均可，但有有化工行业工作经验优先考虑； 2、思维缜密，具备良好的分析和解决客诉问题能力、计划管理能力，办公软件操作熟练； 3、性格开朗乐观，抗压能力强，服务意识佳，良好的抗压能力及较强的沟通协调能力。,4月15日,广东普赛达材料科技股份有限公司于2003年在东莞成立，是一家聚焦于密封胶及其改性产品的研发、生产及销售于一体的“高新技术企业”，同时也是市镇两级重点关注培养的“倍增计划企业”和“上市后备企业”。普赛达旗下拥有三家全资子公司，集团于2006年、2013年和2016年进行了三次规模性扩张，目前在东莞和惠州设立了总占地面积超过10万平方的产业基地。经过不断的技术研发和工艺改进，依托于强大的技术研发实力和集成制造能力，普赛达现已实现全自动化生产，成为国内知名的密封胶生产企业。★产品应用领域公司的产品主要用于汽车，船舶，机械，电子家具等工业领域和隧道、桥梁、管廊、高速公路、装配式建筑，泛家装等建筑领域。包括车窗玻璃、内饰件及车身蒙皮焊缝等装配密封，电梯、燃气仪表与其它体系的连接密封，混凝土预制件等建材的连接及施工缝的填充密封，隧道、管廊、高速公路等各种具有伸缩性接缝的嵌缝密封，室内外装修的整体防水防霉以及各类轻质建材材料（如幕墙、瓷砖，木地板等）的粘接密封。产品先后应用于上海崇明岛越江隧道、上海青草沙引水工程、上海浦东国际机场立交桥、南水北调工程、深圳/上海/北京/哈尔滨地铁、深圳西部通道、深圳机场T3航站楼、深圳大运场馆等工程。同时中标万科地产、碧桂园地产、华润置地、中国建筑、恒大集团等地产公司旗下众多项目。★市场与客户公司销售分为国际销售与国内销售两大板块，服务覆盖国内外超过1000家客户。国内合作伙伴有福耀集团、万科集团、上汽集团、一汽集团等知名企业，并且在美洲、亚洲、非洲、部分欧盟国家占有领先市场份额。★创新＆研发没有研发的公司就没有明天！普赛达长期重视研发投入和自主创新，锻造企业核心竞争力。研发中心历经多年的新产品研制开发，造就了一批具有丰富实践经验的专业人员。目前，普赛达拥有博士、硕士以及本科学历的专业技术研发人员100余人，其中多人荣获东莞市科技人才领军人物和东莞市首席技师称号，计划组建一个拥有100余名专业技术人员的集专业化与现代化为一体的密封、粘接研发中心。★愿景：成为全球值得信赖的密封粘胶企业★使命：让无定型密封和柔性粘接更完美！★核心价值观：成就客户、开放进取、团队合作、自我批判、艰苦奋斗、至诚守信★公司福利：★带薪休假：春节12~15天、个人年假5~15天、婚假3天、产假178天等，节假日放假与国家法定假同步；★福利：包食宿（自助餐、空调房间），每年一次免费体检，节日礼品和生日礼品、不定期举办丰富多彩的活动等；★学习发展：中欧商学院自学平台、与合德、健峰等知名培训机构合作，提供多样化培训方式；招聘专用邮箱：hr@pustar.com招聘电话：0769-82068778乘车路线：清溪镇内乘坐793路公交车至九乡牛湖村站下车，下车走上斜坡即可看见公司大门,"https://www.zhaopin.com/jobdetail/CC275234630J40533760802.htm?refcode=4019&srccode=401901&preactionid=a7c1140f-c46c-45e5-b867-ab342d8bdc77"
1875,实施工程师,长沙-天心区,4000-6000元·13薪,山东天演智能科技有限公司,计算机软件,100-299人,不需要融资,CCL1334264810J40821234808,一、岗位职责： 1.配合项目经理完成项目招投标、合同签订等工作； 2.跟随项目经理与客户沟通，了解项目的整体需求，将客户需求梳理成需求文档，与研发沟通好开发工作，并完成需求的测试上线，及时与项目经理反馈项目阶段性进度； 3.编写项目进展各阶段的文档，并与项目经理即时沟通，保证文档的完整和规范； 4.配合项目经理做好项目回款计划，跟进项目回款进度； 5.配合项目经理完成项目验收工作； 6.做好项目实施、技术支持工作； 二、任职要求： 1.统招本科学信网可查学历，愿意从事信息化领域，计算机专业可优先考虑； 2.工作认真负责、积极主动，具备良好的协调沟通能力、语言表达能力和方案整合能力，较强的需求理解分析能力，有很强的主观能动性和自律性； 3.具备较强的团队意识，较强的责任心和敬业精神，注重团队协作。具备良好的心理素质，能承受较大工作压力并善于学习新技术； 4.能适应偶尔安排的加班工作。 三、薪资待遇： 1、 签订劳动合同，网签，缴纳六险一金（养老保险、医疗保险、失业保险、工伤保险、生育保险、住房公积金、商业保险）； 2、 双休、法定节假日与带薪假期、节日福利； 3、 餐补、交通补助、生日礼品、节日福利、电脑补助、出差补助； 4、 每年一次的团队旅游，各项拓展与联谊活动； 5、 年度健康体检； 6、 基于工作绩效的年度调薪机制、绩效奖金； 7、 享受公司快速发展和个人价值提升带来的红利，有股/期权激励机会。 四、工作地点：  长沙市天心区芙蓉南路一段628号附近驻场,7月17日,成立于2013年，以数字化系统工程建设为核心业务，是国家高新技术企业、山东省瞪羚企业、专精特新企业、网络安全重点企业、优秀软件企业、一企一技术创新企业，2020年在新三板挂牌上市，股票代码：873493。公司开设烟草、电网、政务等主要业务板块，在贵阳、长春等地设有子公司，产品和服务遍布全国10个省份。,"https://www.zhaopin.com/jobdetail/CCL1334264810J40821234808.htm?refcode=4019&srccode=401901&preactionid=a7c1140f-c46c-45e5-b867-ab342d8bdc77"
1876,技术支持工程师,苏州-吴江区,8000-16000元,苏州佳智彩光电科技有限公司,"通用设备制造,通用设备制造",100-299人,A轮,CC610692430J40120426404,工作职责： 1.电子或自动化行业经验 2.良好的沟通能力 3.拥有软件开发经验或硬件开发经验 岗位职能： 1、大学本科及以上学历，电子信息工程、自动化、计算机、电子相关专业； 2、C语言或者Python语言，有单片机(STM32)或嵌入式(ARM)开发经验优先； 3、有分析、解决问题的方法，较好的判断、总结及动手能力，有良好的现场沟通和协调主导能力； 4、工作认真负责，吃苦耐劳，具有良好的团队协作精神，能适应出差的需要； 职位福利：包吃、带薪年假、员工旅游、节日福利、补充医疗保险、五险一金、年底双薪、全勤奖  ,7月17日,"苏州佳智彩光电科技有限公司是一家专业从事LCD、OLED光电显示测试解决系统、工艺设备和软硬件研发、生产、销售与服务的系统提供商。公司成立初期即投入大笔资金用于技术研发，开发出LCD和OLED专用设备。公司团队源于LCD,OLED，太阳能和SMT丝网印刷整线设备等行业，相关核心人员具有16年以上经验，具备强大的技术实力为客户提供从研发实验到量产线均可采用的全面优质的整套系统解决方案。“科技成就未来、品质赢得信任”为公司经营理念，公司坚持以“自主创新为核心，以实现共赢为宗旨”的发展战略，围绕图像处理、光学检测、激光应用、自动化控制以及系统解决方案，开展了一系列的技术攻关和创新工作，拥有多项自主知识产权，整体技术水平达到国际先进水平。未来，公司将紧跟国产化、智能化发展趋势，坚持以客户为导向，以科技创新为源动力，以质量为生命，以实现共赢为宗旨，充分利用人才、技术和产品等优势，整合行业研发资源，致力于将公司打造成为世界一流的光、机、电一体化系统提供商。","https://www.zhaopin.com/jobdetail/CC610692430J40120426404.htm?refcode=4019&srccode=401901&preactionid=a7c1140f-c46c-45e5-b867-ab342d8bdc77"
1877,技术支持工程师,长沙-岳麓区,5000-10000元,北京凯视达科技股份有限公司,"电子/半导体/集成电路,电子/半导体/集成电路",300-499人,A轮,CC418176610J40726999516,1、解决客户日常使用产品时的问题，包括产品硬件、软件安装调试，故障排除，日常维护建议等；,6月27日,北京凯视达科技有限公司依托中国科学院和清华大学的技术力量，面向广播电视、全彩大屏幕显控、视频会议及通信、医疗影像及教育培训等领域提供专业的视音频处理设备和技术服务，用户遍布国内各个省市和地区。我们拥有一支高水平的研发队伍，主要的研发人员均在国内一流的大学和研究机构获得博士或硕士学位，并且在视频处理和电子设计等领域具有数十年的研发经验。同时公司在系统设计、工程安装、设备维护、技术支持等方面拥有资深的高素质专业技术人员及配套而完善的研发设施。在不断完善产品线和公司管理体系的同时，我们的队伍快速扩充，先后在深圳、上海等地设立了办事处，同时规划了多个未来的网点，北京凯视达进入了腾飞式的发展阶段。而在飞速发展壮大的同时，凯视达人始终不忘坚持自主创新路线，致力于解决用户的需求，以领先的技术和一流的服务，为广大客户提供极高性价比的产品和诚信周到的服务。,"https://www.zhaopin.com/jobdetail/CC418176610J40726999516.htm?refcode=4019&srccode=401901&preactionid=a7c1140f-c46c-45e5-b867-ab342d8bdc77"
1878,Java,武汉-江夏区,1.4-2.4万·14薪,外企德科数字技术有限公司,专业技术服务,10000人以上,,CCL1480117890J40793823605,1、统招本科及以上学历；接受无经验 2、熟悉Java/C/C++/Python等其中一种主流开发语言 3、有较强的学习能力、良好的团队协作能力、良好的沟通表达能力。,2025-07-27 00:26:00,外企德科数字技术有限公司是一家2023年新成立的中外合资企业。成立于2023年11月24日，公司定位：专注于为信息技术企业提供人才及数字技术外包解决方案的中外合资企业。它是由中国人力资源服务行业的FESCO（北京国际人力资本集团）与全球人力资源服务领导者The Adecco Group（德科集团）合资成立的。公司主要提供网络技术服务、软件外包服务、计算机系统服务、技术进出口、软件开发等信息技术相关服务。专注于为信息技术企业提供信息技术类人才及数字技术外包解决方案。,"https://www.zhaopin.com/jobdetail/CCL1480117890J40793823605.htm?refcode=4019&srccode=401901&preactionid=a7c1140f-c46c-45e5-b867-ab342d8bdc77"
1879,实施工程师,广州-越秀区,6000-10000元,河北神玥软件科技股份有限公司,"计算机软件,互联网",1000-9999人,已上市,CC570701720J40772827113,岗位职责： 1、负责软件项目实施以及售后服务工作； 2、现场程序的安装调试； 3、日常问题的分析和处理； 4、数据库存储过程的编写以及各数据库间数据的转换； 5、参与编制安装手册、用户操作手册； 6、对客户产品应用的培训和产品使用辅导； 7、执行项目计划，分解执行各阶段工作； 8、收集整理项目的关键文档和关键信息，并进行维护。 职位要求： 1、oracle、mysql等主流数据库的安装及使用，掌握复杂的sql语句，并能分析调试存储和逻辑处理； 2、有软件项目实施工作经验和客户服务相关工作经验者优先； 3、有良好的表达、沟通能力，学习能力强，积极上进有责任心，与人交流时有耐心、有亲和力； 4、掌握tomcat、weblogic等主流中间件的部署、配置，能解决一般故障； 5、具备基础网络知识，可进行简单的网络规划； 6、掌握unix或linux系统常用命令，及常用软件的安装。（考虑优秀应届生）,5月7日,神玥软件是一家立足于数字组织建设和三房（商品房、共有房、住房资金）管理服务的互联网高新技术企业，拥有各类科技人才千余名。成立于2012年，注册资本4500万元，经营场所为石家庄市鹿泉经济开发区。公司下辖四家子公司，其中北京神玥伟奥互联网有限公司是由神玥软件与蚂蚁集团共同出资运营的高科技公司。公司推出数字组织管理贝贝平台，平台以“云平台、分布式数据库、区块链、人工智能”为基础，通过技术、业务、数据、风控四大中台及运营管理，输出监督、管理、服务、互联互通四位一体的数字化管理、移动化服务能力。通过对“人、财、物、事”进行全对象、全项目、全事项管理，实现“八个在线，三个提升”，赋能党组织管理、行政管理、业务管理、业务服务、互联网服务。--------------------------------------------------------------------------------公司地址：河北省石家庄市鹿泉开发区光谷科技园（石家庄幼儿师范学校对面）联系电话：0311-85138610联系人：张英,"https://www.zhaopin.com/jobdetail/CC570701720J40772827113.htm?refcode=4019&srccode=401901&preactionid=a7c1140f-c46c-45e5-b867-ab342d8bdc77"
1880,科研人员,海口-美兰区,8000-15000元,广东友元国土信息工程有限公司,"专业技术服务,农/林/牧/渔,工程技术与设计服务",20-99人,不需要融资,CC208567010J40776765007,岗位需求：组织实施团队综合管理工作，承担团队日常管理、研究生管理、科研项目管理、产学研用交流合作等工作。 基本要求：拥有地球科学、信息技术、资源管理领域相关学科硕士及以上学位，具有较强的组织能力、执行能力、抗压能力及良好的敬业精神、协作精神、开拓精神，具有一年以上同类管理经验者优选。欢迎相关专业高年级在读研究生提前实习。,7月26日,广东友元国土信息工程有限公司是2004年6月成立的高技术服务企业，已注册2家科技类民办非企业单位（广州市华南自然资源科学技术研究院、青海省中创自然资源科学技术研究院）及3家民营企业（广州爱远土地房地产评估有限公司、四川省函夏锦地科学技术研究院有限公司、青海友元空间信息技术有限公司），实现科技研发、成果转化、咨询服务一体化技术解决与评估咨询、规划设计、信息工程多元化业务协同。,"https://www.zhaopin.com/jobdetail/CC208567010J40776765007.htm?refcode=4019&srccode=401901&preactionid=a7c1140f-c46c-45e5-b867-ab342d8bdc77"
1881,Java,西安-雁塔区,1.5-3万·14薪,外企德科数字技术有限公司,专业技术服务,10000人以上,,CCL1480117890J40780947005,全国均有岗位(开发、测试、算法) 岗位要求: 一、软件开发工程师 1.热爱编程，熟悉掌握Java/C++/C/Python/Web开发等编程语言中的一种或多种编程语言扎实的编程功底: 2.具备良好的独立工作能力和解决问题能力，善于沟通，乐于合作，热衷新技术; 二、 软件测试工程师 : 1.热爱编程，熟悉掌握C/C++/Java/Python等编程语言中的一种或多种编程语言，扎实的编程功底; 2.有web开发或测试经验、自动化开发或测试经验者优先。 3.熟练掌握系统测试、功能测试、专项测试、软件测试、韧性测试、安全测试方法中的一种或多种测试方法，有相关测试语言/脚本的编写和实践经验优先，也可接受纯测试经验的。 4.具备良好的独立工作能力和解决问题能力，善于沟通，乐于合作，热衷新技术;,2025-07-27 00:25:05,外企德科数字技术有限公司是一家2023年新成立的中外合资企业。成立于2023年11月24日，公司定位：专注于为信息技术企业提供人才及数字技术外包解决方案的中外合资企业。它是由中国人力资源服务行业的FESCO（北京国际人力资本集团）与全球人力资源服务领导者The Adecco Group（德科集团）合资成立的。公司主要提供网络技术服务、软件外包服务、计算机系统服务、技术进出口、软件开发等信息技术相关服务。专注于为信息技术企业提供信息技术类人才及数字技术外包解决方案。,"https://www.zhaopin.com/jobdetail/CCL1480117890J40780947005.htm?refcode=4019&srccode=401901&preactionid=a7c1140f-c46c-45e5-b867-ab342d8bdc77"
1882,Java,南京-雨花台区,1.8-3.5万,外企德科数字技术有限公司,专业技术服务,10000人以上,,CCL1480117890J40765515005,【C/C++/JAVA/Python/SQL/web/Android/IOS/Flutter/GO/大数据/AI/开发/运维/测试均有岗位需求】 PS：北京，上海，南京，杭州，深圳，东莞，成都，西安，武汉，长沙均有需求开放 【岗位要求】 1、统招本科及以上学历； 2、掌握C++/Java/Go/Web（Vue、React、js前端开发、前端框架...）/python/H5一种或多种编程语言，有良好的编程习惯、热爱编程； 3、对基本数据结构和算法有一定了解，熟悉Linux、Android、iOS、Windows其中一种或多种系统知识； 4、具备良好的解决问题能力、善于沟通、乐于合作； 5、熟练使用Idea/Maven/SVN(git)等软件开发工具； 6、扎实的计算机基础，具备优秀的学习能力和逻辑思维能力，善于分析问题和解决问题有关键独立模块设计、开发和维护经验 【福利待遇】 1、五险一金全额缴纳、为期半年的老员工1对1带教，周末双休、年终奖丰厚、双倍加班费、班车福利、每年1-2次调薪机会； 2、初级、中级、高级岗位均有招聘需求 3、每年有一次调薪/职级调整机会； 4、薪资构成：基本薪资+绩效工资，定级薪资和绩效考核标准参考正式员工标准；,2025-07-27 00:24:15,外企德科数字技术有限公司是一家2023年新成立的中外合资企业。成立于2023年11月24日，公司定位：专注于为信息技术企业提供人才及数字技术外包解决方案的中外合资企业。它是由中国人力资源服务行业的FESCO（北京国际人力资本集团）与全球人力资源服务领导者The Adecco Group（德科集团）合资成立的。公司主要提供网络技术服务、软件外包服务、计算机系统服务、技术进出口、软件开发等信息技术相关服务。专注于为信息技术企业提供信息技术类人才及数字技术外包解决方案。,"https://www.zhaopin.com/jobdetail/CCL1480117890J40765515005.htm?refcode=4019&srccode=401901&preactionid=a7c1140f-c46c-45e5-b867-ab342d8bdc77"
1883,科研人员,大连-沙河口区,5000-10000元,中科院大连化学物理研究所,"学术/科研,医药制造,石油/石化,互联网",1000-9999人,未融资,CC120549380J40786083605,岗位名称：科研助理 岗位类别：编外项目聘用 岗位职责：高分子化学与物理以及膜材料研发   岗位要求：1、硕士研究生学历，材料、高分子化学与物理等相关专业背景，应往届毕业生均可；   2、具备扎实的高分子化学与物理以及膜材料研究领域基础理论知识，熟悉高分子合成、膜材料性能分析测试表征手段；   3、工作认真踏实，具备较强的团队合作能力、沟通能力、独立思考及动手操作能力。,6月17日,中国科学院大连化学物理研究所（以下简称“大连化物所”）创建于1949年3月，当时定名为“大连大学科学研究所”，1961年底更名为“中国科学院化学物理研究所”，1970年正式定名为“中国科学院大连化学物理研究所”。大连化物所是一个基础研究与应用研究并重、应用研究和技术转化相结合，以任务带学科为主要特色的综合性研究所。六十多年来，大连化物所通过不断积累和调整，逐步形成了自己的科研特色。1998年，大连化物所成为中国科学院知识创新工程首批试点单位之一。2007年经国家批准筹建洁净能源国家实验室。2010年8月，大连化物所在“创新2020”发展战略研讨会中将所发展战略修订为“发挥学科综合优势，加强技术集成创新，以可持续发展的能源研究为主导，坚持资源环境优化、生物技术和先进材料创新协调发展，在国民经济和国家安全中发挥不可替代的作用，创建世界一流研究所。”大连化物所重点学科领域为：催化化学、工程化学、化学激光和分子反应动力学以及近代分析化学和生物技术。大连化物所围绕国家能源发展战略，于2011年10月启动了洁净能源国家实验室（DNL）的筹建工作，DNL是我国能源领域筹建的第一个国家实验室，共规划筹建化石能源与应用催化、低碳催化与工程、节能与环境、燃料电池、储能、氢能与先进材料、生物能源、太阳能、海洋能、能源基础和战略、能源研究技术平台等11个研究部。大连化物所还拥有催化基础国家重点实验室和分子反应动力学国家重点实验室两个国家重点实验室，以及甲醇制烯烃国家工程实验室、国家催化工程技术研究中心、膜技术国家工程研究中心、燃料电池及氢源技术国家工程中心、国家能源低碳催化与工程研发中心等多个国家级科技创新平台。大连化物所围绕国防安全、分析化学、精细化工和生物技术广泛开展基础性、战略性、前瞻性研究工作，设立化学激光研究室、航天催化与新材料研究室、仪器分析化学研究室、精细化工研究室和生物技术研究部等五个研究室。另外，大连化物所还与国外著名大学、公司和研究机构联合设立了中法催化联合实验室、中法可持续能源联合实验室、中德催化纳米技术伙伴小组、中韩燃料电池联合实验室、DICP-BP能源创新实验室和SABIC-DICP先进化学品生产研究中心等十几个国际合作研究机构。　2016年以来，大连化物所按照中科院的统一部署，经过反复研讨和凝练，确定和完善了研究所“十三五”期间的“一三五”规划，即，一个定位：“以洁净能源国家实验室为平台，坚持基础研究与应用研究并重，在化石资源优化利用、化学能高效转化、可再生能源等洁净能源领域，持续提供重大创新性理论和技术成果，满足国家战略需求，发挥不可替代的作用，率先建成世界一流研究所。”；四个重大突破：“基于自由电子激光平台的能源化学转化本质与调控、以合成气制乙醇为代表的化石资源转化利用、新型动力电源与储能技术、以化学激光为代表的化学能高效转化”；八个重点培育方向：“太阳能光-化学和光-电转化技术及科学利用、秸秆催化转化利用技术、甲烷和合成气直接转化制高值化学品、微反应技术、基于组学分析新技术的转化医学研究、寡糖农用制剂创制及应用推广、生态环境监测技术及设备、绿色高效推进技术”。自建所以来，大连化物所造就了若干享誉国内外的科学家及一大批高素质研究和技术人才，先后有19位科学家当选为中国科学院和中国工程院院士，3位当选为发展中国家科学院院士，1位当选为欧洲人文和自然科学院院士。截至2017年底，在所工作的国家杰出青年基金获得者23人，中国科学院“百人计划”42人。大连化物所是国务院学位委员会授权培养博士、硕士学位的单位，具有物理学、化学、材料科学与工程、化学工程与技术、环境科学与工程五个一级学科博士学位授予权，具有博士生导师、硕士生导师资格审批权，截至2016年底，共有博士生导师136人，硕士生导师235人，在读研究生872人，其中博士587人，硕士285人，已培养研究生2505名，其中博士1655名，硕士850名。设博士后流动站，在站博士后173人。　2011年以来，大连化物所取得各类科研成果247项，以第一完成单位获得省部级以上奖励60余项，其中获得国家奖励8项，中科院、省部级一等奖12项。2013年，张存浩院士获得国家最高科学技术奖；2014年，“甲醇制取低碳烯烃技术”获得国家技术发明一等奖。　2011年以来，大连化物所第一产权发表SCI论文总数3238篇。其中，影响因子大于5的1203篇，265篇学术论文发表在Science、Nature、Angew. Chem.、JACS等学术刊物以及相关学科顶级刊物上（IF>9）。出版科技专著11部。　2011年以来，大连化物所累计申请专利5229件，其中发明专利4782件，累计专利授权1752件，其中发明专利授权1540件；累计获得国外专利授权126件。大连化物所主持出版国内催化领域和色谱领域核心期刊《色谱》和《催化学报》以及英文学术期刊Journal of Energy Chemistry（能源化学）。其中《催化学报》和Journal of Energy Chemistry（能源化学）被SCI-E收录。,"https://www.zhaopin.com/jobdetail/CC120549380J40786083605.htm?refcode=4019&srccode=401901&preactionid=a7c1140f-c46c-45e5-b867-ab342d8bdc77"
1884,前端开发,合肥-包河区,9000-16000元,合肥市皖中报废汽车回收有限责任公司,汽车零部件,1000-9999人,不需要融资,CC593297420J40686081301,1.负责前端界面构建，交互设计与实现；  2.熟悉手机端H5，模块化设计和性能优化；  3.配合后台开发人员完成项目；  任职要求：  1、有扎实的html、css、js基本功，熟悉HTML5、CSS3、es6等Web开发技术；  2、能熟练使用主流的JavaScript库/框架例如vue.js，对业界前端新技术有兴趣；  3、熟悉Ajax以及Json，Xml等数据交换格式；  4、对Web前端的性能优化、响应速度、开发调试、用户交互等所了解；  5、逻辑分析能力强，善于沟通，有良好的编码习惯、沟通协作、团队合作以及学习能力；,2月19日,"玉成有限公司是专业从事报废车行业的资源整合商，致力于通过报废车及相关资源的细分拣、深加工、再利用和汽车零部件的再制造，不断延伸产业链条，提升附加值，促进报废车资源的循环、高值利用。公司于2011年8月9日在北京注册成立，注册资本3.25亿元人民币。目前，在北京市、上海市、深圳市、吉林省、江苏省、安徽省、湖北省、江西省等8省市拥有近20家报废汽车回收拆解公司、3家汽车零部件再制造公司和1家再生资源行业软件开发公司。并规划在一个合适的地理范围内：建设N个报废车回收拆解厂从事报废车的回收、安全环保预处理、拆解和回用件的当地销售，建设1个产业园进行报废车相关大宗资源的深加工和再利用；然后以""N+1""模式扩张发展。作为报废车及相关再生资源行业的产业整合者，致力于通过业务重组、财务重组、管理、平台和技术输出等手段，全面提升行业的经营效率、盈利水平和行业档次，谋求企业的长期、稳定、健康发展，为企业各相关利益主体创造持续增长的价值，并创造巨大的社会效益，成为行业的领袖企业。 2012年在安徽滁州市投资建设的玉成报废汽车循环经济产业园，占地1000亩，是全国以报废汽车为主导的城市矿产示范基地，服务于安徽、湖北、江西片区报废车公司，产业园于2017年顺利通过验收。","https://www.zhaopin.com/jobdetail/CC593297420J40686081301.htm?refcode=4019&srccode=401901&preactionid=a7c1140f-c46c-45e5-b867-ab342d8bdc77"
1885,科研人员,临沂-兰山区,8000-12000元,山东翰康医学科技集团有限公司,"卫生服务,医药制造,检测/认证",300-499人,未融资,CC257402580J40268868210,"岗位职责：     岗位职责    1、免疫细胞的扩增、提取、分化、培养以及相关功能检测技术的研发，搭建免疫服务相关平台；    2、pbmc免疫构建ADCC,CDC,MLR科研；    3、具备ELISA、ADCC、CDC、T细胞激活、细胞因子检测、混合淋巴实验等免疫细胞相关试验；    4、熟知流式细胞术原理，完成多色样品制备，上机分析以及数据处理等工作；    5、负责项目实验数据整理和分析工作；    6、完成科研项目报告撰写、汇报项目的进展和申报；    7、科研项目，平台等申报，结题材料整理。    ",7月26日,山东翰康医学科技集团有限公司是一家以“细胞研发+基因诊断+临床试验+单采预筛”为主营业务，四轮驱动发展的国家高新技术企业，是战略新兴技术产业的代表，是国家大力倡导的精准医学产业中的典型代表。公司成立于2014年，是在美国克利夫兰医学中心、美国纽约西奈山肝病研究中心和临沂大学转化医学中心的基础上发展而来。公司紧扣精准医学发展，建立健全精准预防、精准诊断和精准治疗的完善经营体系，以各项临床技术服务为主要业务发展目标，着力构建以企业为主体市场为导向、产学研用相结合的技术创新体系。为行业需求提供先进、系统的生物技术服务，用科技改善人类健康，并努力成为区域内推动生物技术产业向相关领域转化的领军企业。,"https://www.zhaopin.com/jobdetail/CC257402580J40268868210.htm?refcode=4019&srccode=401901&preactionid=a7c1140f-c46c-45e5-b867-ab342d8bdc77"
1886,测试工程师,大连-中山区,1.3-1.8万·13薪,方得(青岛)人力资源有限公司,咨询服务,20-99人,,CCL1462672470J40736804316,岗位职责： 1. 负责软件的功能测试。 2. 执行测试用例，报告缺陷并跟踪缺陷的修复。 3. 与开发团队协作，确保软件质量满足需求。 4. 参与软件测试流程的优化和改进。 岗位要求： 1. 熟悉软件测试理论、方法和流程。 2. 具备功能测试经验。 3. 了解运维工程师、网络工程师的工作内容，能进行基本的IT质量管理。 4. 有信息技术、标准化、电子或电路工程相关背景者优先。 薪资待遇：包住、六险一金、工龄工资、生日礼金、定期体检、带薪年假、绩效奖、项目奖、年终奖.,2025年07月29日,,"https://www.zhaopin.com/jobdetail/CCL1462672470J40736804316.htm?refcode=4019&srccode=401901&preactionid=a7c1140f-c46c-45e5-b867-ab342d8bdc77"
1887,技术支持工程师,金华-东阳市,5000-9000元·13薪,东阳市东阳光实业发展有限公司,"电子/半导体/集成电路,医药制造",100-299人,不需要融资,CCL1311243530J40710855611,任职资格： 1.45周岁以下，本科及以上学历；  2.电子电路类、物理类、高分子材料类、化学类等相关专业，有相关工作经验优先； 3.能熟练运用Office、CAD等办公软件； 4.抗压能力强，能接受晚班值班和节假日值班。 工作职责： 1.产品订单投料； 2.产线异常处理； 3.工艺试验跟踪； 4.试验品分析； 5.样品设计开发、制作与试验； 6.外来品分析。,7月26日,东阳基地简介：东阳光集团东阳基地于2021年在浙江东阳投资建设，***家工业企业——浙江东阳光电子科技有限公司于2021年10月设立，其作为铝电解电容器项目的主体公司，是东阳光集团旗下上市公司“广东东阳光科技控股股份有限公司”（600673）的全资子公司。本项目总投资35亿元，占地166.3亩，一次规划，两期建设，建设内容：主生产车间5栋，配套办公、研发大楼、倒班宿舍、食堂等，总建筑面积16万㎡。设计年产焊针大铝电解电容器2.4亿只、引线大铝电解电容器3.6亿只、引线小铝电解电容器24亿只、固态铝电解电容器24亿只、螺栓铝电解电容器240万只和超级电容器2400万只，其中焊针电容将是国内单体产能***的工厂。项目建成后，可实现年销售额60亿元，纳税超2亿元，将打造成国内自动化、智能化、信息化、精益化的行业标杆企业。继铝电解电容器项目后，东阳基地在3-5年内将追加投资140亿元，建设冬虫夏草干鲜草及深加工、小分子药物制剂、体外多联病原体快速检测试剂盒、名方中药复方制剂等项目，将东阳基地建成东阳光集团的重要基地。,"https://www.zhaopin.com/jobdetail/CCL1311243530J40710855611.htm?refcode=4019&srccode=401901&preactionid=a7c1140f-c46c-45e5-b867-ab342d8bdc77"
1888,技术支持工程师,上海-徐汇区,2-4万,鹤壁市联明电器有限公司,"汽车零部件,电子/半导体/集成电路",300-499人,未融资,CC248525330J40628769213,一、职位概述 负责公司国内及海外OEM客户的技术支持。 二、主要职责 1、配合公司业务团队完成售前/售后技术支持工作，包括分析客户需求、向客户提供技术咨询，方案说明，对技术方案的讲解和答疑； 2、与公司业务团队密切沟通，进行市场调研及竞争对手技术分析，了解和收集产品未来发展的趋势及应用场景，为产品研发提供有价值的意见，定期客户技术交流，提升产品技术认知度，收集聆听客户需求VOC，提出新产品研发需求，满足市场需要； 3、协助销售制定产品策略和技术方案，协调公司内外部资源，确保项目产品目标的实施和交付； 4、负责项目产品过程中的内外部技术交流、沟通和技术支持服务，跟踪项目产品研发、生产、交付及服务各项环节进度，积极对公司产品及市场发展提供意见； 5、负责海外客户现场售后问题的对接，协调公司内部资源进行对应，及时反馈售后服务信息，为公司产品质量的提升提供改进建议； 6、对销售业务团队进行技术培训、向客户进行产品培训、技术讲解和交流； 7、完成领导安排的其他工作内容。  三、任职要求 1.士，35岁左右，本科及以上学历，工作语言为英文，具备流利的英语听说读写能力，能够与海外客户进行顺畅的沟通和交流。理工科相关专业（如电子、机械、自动化等）优先，具备良好的技术基础。 2.有较强的技术理解能力和学习能力，能够快速掌握公司产品的技术特点和应用场景，为客户提供专业的技术支持和解决方案。 3.具备良好的沟通协调能力和团队合作精神，能够与公司内部各部门以及海外客户、合作伙伴等进行有效的沟通和协作。 4.具备较强的抗压能力和适应能力，能够适应相应的出差和海外工作环境。 四、工作条件 1. 工作地点：上海/摩洛哥（根据工作需要海外出差）。   2. 工作时间：按照公司规定的工作时间执行，因时差原因可能需要在非工作时间与海外客户进行沟通和协调。,10月12日,鹤壁市联明电器有限公司总部地址位于河南省鹤壁市，鹤壁经济技术开发区东杨工业区新安江路001号，公司在郑州设立有研发分部，从事高端汽车电子产品的研发。公司于2014年09月29日在鹤壁市工商行政管理局开发区分局注册成立，注册资本为500万元，我们始终为客户提供好的产品和技术支持、健全的售后服务。我公司主要研发、生产、销售汽车中央配电盒、底盘配电盒、电源总开关、车身控制器、新能源汽车高压配电盒、塑料件等汽车零部件产品，产品为一汽解放、中国重汽、东风柳汽、陕汽、徐工、华菱、江淮、三一、一汽丰田等多个汽车主机厂配套。,"https://www.zhaopin.com/jobdetail/CC248525330J40628769213.htm?refcode=4019&srccode=401901&preactionid=a7c1140f-c46c-45e5-b867-ab342d8bdc77"
1889,前端开发,深圳-南山区,6000-10000元·13薪,深圳市聚业自动化技术有限公司,"工业自动化,电子设备制造,互联网",100-299人,未融资,CCL1322745430J40662750609,"1.依据设计稿完成页面制作； 2.实现项目所需动态效果； 3.对网络平台产品做出优化建议和意见。 职位要求： 1.计算机、软件等理工科专业，大专以上学历，应届生优先 2.对WEB交互和用户体检有深入的理解； 3.关注互联网，软件与各类电子产品； 任职要求： 1. 具备较强的学习与总结能力和良好的沟通协调能力，逻辑思路清晰，有基本的编程素质； 2. 想往软件方向发展，可接受24届毕业生； 3. 对计算机感兴趣者优先，欢迎不想做销售、喜欢计算机这个行业并想往该行业长期发展的求职者； 4. 熟练使用office办公软件，具备基本的网络知识； 5. 大专及以上学历，23-32岁，专业不限，无经验者有项目经理亲自带。 6.性格温和，有耐心,善于与人交流，不和客户争执，有强烈的责任心和团队精神； 7.服从上级安排，有良好的职业操守及较强的客户服务意识； 加入我们的福利： 1.国家规定的相关假期，五险一金等； 2.专业的培训体系，多方位提升员工广大技能、素养等，让未来的你更加出彩； 3 .定期体检，设有员工休息室，提供微波炉、饮水机等便捷设备， 公司提供住宿内设空调热水器等； 4.办公环境优美，地理位置优越，地铁站口及公交站附近。 5.公司有多处办公场地，可根据情况安排办公地址和岗位。 6.多层次的职业发展方向：助理→专员→组长→主管→经理→部门总监，众多职位等着你来挑战； 7.绩效奖金，月度、年度优秀员工奖金；年底尾牙抽奖活动； 8.部门内部旅游不断，部门聚餐； 9.公司设有羽毛球俱乐部、篮球俱乐部、瑜伽俱乐部、骑行俱乐部、登山俱乐部、游泳俱乐部等等，工作后尽情释放自己； 10.更多高品质的福利仍在努力完善中…....真诚欢迎您加入我们，携手创造更美好的明天！ 年龄要求：20-30岁",7月19日,公司成立于2015年，经营范围包括工业自动化设备、机电设备、仪器仪表、智能控制零部件的技术开发与销售；计算机软件的设计与销售；设备仪器租赁；国内贸易；经营电子商务，新媒体等互联网相关业务；货物及技术进出口。电子产品销售；电子元器件批发；电子元器件零售；电力电子元器件销售；通讯设备销售；移动通信设备销售；集成电路芯片及产品销售。新的家庭期待你的加入~,"https://www.zhaopin.com/jobdetail/CCL1322745430J40662750609.htm?refcode=4019&srccode=401901&preactionid=a7c1140f-c46c-45e5-b867-ab342d8bdc77"
1890,测试工程师,安顺-西秀区,5000-7000元,天阳科技,"计算机软件,计算机软件",1000-9999人,已上市,CC120408370J40824024708,1.全国项目驻场测试，主要负责功能、数据或接口等相关测试工作； 2.统招本科学历及以上（学信网可查）；毕业满2年；计算机专业优先； 3.热爱软件测试行业、有强力的自驱力，能够在测试岗位深入学习研究； 4.有无经验均可，服从公司安排，接受公司培养，可接受异地工作优先； 福利待遇： 上市公司，公司可以提供住宿，提供五险一金； 欢迎符合要求的小伙伴们投递~,7月25日,天阳科技(股票代码：300872)，是全球金融创新服务的重要贡献者，持续赋能中国金融行业数字化转型，为客户提供咨询、金融科技产品、金融IT服务、云计算及运营服务。公司成立于2003年，服务超过300家金融行业客户，覆盖中央银行、政策性银行、国有银行、股份制银行、地方性商业银行、非银行金融机构等，员工人数近7000人，成为激活金融领域创新活力、推动金融科技迈入世界领先水平的重要力量。作为金融行业客户可信赖的合作伙伴，天阳科技凭借丰富的行业经验和端到端的专业服务，在信创、数字化金融、信贷、交易银行、信用卡、零售、营销、风险管理、征信监管等众多领域具备核心竞争力。据赛迪和IDC报告显示，近年来公司在中国银行业IT解决方案市场排名强势崛起，2019年收入及市场占有率综合排名分别位列第四位和第五位，并保持高速增长。同时，前瞻商业和科技趋势，入选2021年度未来银行科技服务商TOP100。天阳科技始终聚焦金融科技领域，加大自主创新力度，在超过100个城市建立本地化、专业化的研发和服务团队，拥有CMMI5级认证、软件测试成熟度模型集成（TMMi）3级认证、ISO9001质量管理体系认证、ISO20000信息技术服务管理体系认证、IS027001信息安全管理体系认证。通过部署人工智能、云计算、大数据、移动互联网、分布式计算和区块链等先进金融科技，公司致力于构建安全可控、普惠民生、开放共赢格局，在关键技术领域服务现代化金融发展大局，更好地为各利益相关方创造更大价值，为大中企业、小微企业以及每个个体提供优质金融服务。,"https://www.zhaopin.com/jobdetail/CC120408370J40824024708.htm?refcode=4019&srccode=401901&preactionid=a7c1140f-c46c-45e5-b867-ab342d8bdc77"
1891,实施工程师,保定-竞秀区,4000-8000元,德辰保定光电科技有限公司,"仪器仪表制造,专用设备制造",20人以下,不需要融资,CC436655880J40813875915,职位要求： 1. 理工科背景，本科或者以上，具备流体力学背景更佳； 2.英语4级或者以上，或者德语； 3.具备动手能力，学习能力强； 4.可适应多频次短期出差； 5.可机械设计，三维图纸设计优先； 主要工作： 1.在用户现场安装，调试激光类实验仪器 2.培训用户使用设备 3.做激光类流场测量实验 4.产品资料，安装调试文档制作  5.实习期和工作期间提供仪器培训,7月2日,德辰保定光电科技有限公司是依托于北廷测量技术（北京）有限公司的姐妹公司，主要从事激光流体力学实验设备研制、引进和现场实验服务的技术类高科技公司，主要用户面向全国各大学和研究所。目前主要的仪器设备是PIV，LDV，FRS/DGV等激光类高科技产品，同时为客户提供现场技术服务。另外，作为高科技的公司，我们还为客户研制各种实验设备，提供软件模块升级。,"https://www.zhaopin.com/jobdetail/CC436655880J40813875915.htm?refcode=4019&srccode=401901&preactionid=a7c1140f-c46c-45e5-b867-ab342d8bdc77"
1892,技术支持工程师,哈尔滨-南岗区,4000-5000元,黑龙江省韦恩科技发展有限公司,"零售/批发,医疗设备/器械,仪器仪表制造,通用设备制造",20-99人,不需要融资,CCL1230058180J40769890210,一、岗位职责： 1. 经厂家专业技术团队培训后，负责产品培训和技术支持； 2. 负责产品整体解决方案的构思、设计、起草、定稿和应用性指导等工作； 3. 承担同产品推广相关的各类会议、讲座、实验培训和指导等市场活动工作； 4. 负责产品资料的分类、编辑和数据整理等工作。 二、应聘要求： 1. 具有爱岗敬业、吃苦耐劳、脚踏实地、一丝不苟、勤学善思、积极进取、坚韧不拔、迎难而上和勇于批评与自我批评的工作精神； 2. 具有不断学习和提高的工作意识，养成学识、学透、学深的学习习惯，热爱钻研、善于沟通，团结合作，语言表达能力强，有强烈的责任心； 3. 在工作中，犯了错误，要勇于担当，及时汇报，能够接收批评、指正、甚至是惩罚； 4. 具有良好的服务意识，礼貌待人、周到热情、团结友爱、亲和力强； 5. 领悟能力强，具有分析问题和解决问题的能力； 6. 从事疫苗研发、生物机理机制、疾病发生机理机制、分子育种、分子遗传学和分子生物学等相关研究的硕士研究生； 7. 熟练掌握生物学、植物学、动物学、食品科学和化学等相关实验技术，如分子生物学、细胞生物学、病理学、植物保护、饲料检测、分析化学、有机化学、土壤化学、食品检测和农产品检测等； 8. 英语四级及以上，具有较强的英文听、说、读、写能力； 9. 具有3年及以上工作经验者优先考虑。 三、待遇：工资+年终奖+五险一金+福利（专业培训、免费体检、休闲娱乐、节假福利、带薪年假等）。,7月28日,黑龙江省韦恩科技发展有限公司坐落于素有“北国冰城”、“东方莫斯科”、“东方小巴黎”之美称的中国著名历史文化名城和国际冰雪文化名城——哈尔滨市，办公地点在哈尔滨市南岗区哈西新区哈尔滨大街金爵万象I期3号楼1303室，是一家致力于为生命科学、医学、动物医学、动物科学、农学、食品科学、资源与环境学、水产学、食品药品检测、环境监测、粮油检测、进出口检验检疫、疾病预防与控制、质量技术监督、石油化工、环境保护监测、制药、食品生产与加工等领域提供仪器设备、试剂耗材、实验技术和仪器维修四类专业化服务的科技型公司。旗下主要代理的品牌有：德国Analytikjena、美国OHOUS、加拿大LUMEX、德国De-Chem、日本SYSMEX、韩国MicroDigital、美国Columbus、德国Zirbus、法国Gilson、德国Leica、瑞士TECAN、苏州锐讯、苏州壹达、上海易孛特、山西振动基赛、上海施都凯、上海旻泉、杭州大微、杭州海沛、湖南可成、广州牛顿光学、广州明美、青岛海信、青岛埃仑通用、北京瑞升特、湖南科尔顿、北京迅能、南京金实、四川杰莱美、广东星创众谱、北京旭鑫盛科、北京麦科伦、南京中科通仪、上海博讯、上海保圣、浙江科迪、苏州泰渡、上海施都凯、北京四正柏和湖南一诺唯真等。这些品牌产品可用于开展样品前处理、样品保存、样品分离与纯化、样品质控、PCR和qPCR、ELISA、Western-Blotting、细胞培养、流式细胞术、离子检测分析、病毒微生物分析、元素分析、农林产品品质成分分析、细胞免疫荧光、免疫组织化学、高通量自动化加样和核酸提取和新陈代谢等实验。公司拥有一支高素质、极具竞争力的专业营销服务团队。自成立以来，公司始终坚持以实用产品为主线，以成熟思考和迅速行动为工作纲领，以向客户提供精准的整体解决方案和专业化服务为工作使命，以实现全心全意为客户服务和赢得客户的信任与认可为工作目标，以实现志同道合的合作和赢得共同富裕与荣耀为共同使命；公司崇尚“坚韧不拔、开拓进取”的企业文化，坚持“诚实守信，务实行动”的发展路线；公司具有“内外兼修、合作共赢”的合作意识。,"https://www.zhaopin.com/jobdetail/CCL1230058180J40769890210.htm?refcode=4019&srccode=401901&preactionid=a7c1140f-c46c-45e5-b867-ab342d8bdc77"
1893,实施工程师,北京-昌平区,7000-12000元·13薪,北京华能新锐控制技术有限公司,"电力/水利/热力/燃气,人工智能,计算机软件,云计算/大数据",100-299人,未融资,CC295334210J40659149206,岗位职责： 1、根据设计方案，进行设备和系统的安装及配置，并对系统进行测试和调试，确保系统能够稳定、高效地运行‌。 2、负责对系统进行定期的维护和检查，及时发现并解决存在的问题，并做好记录。 3、负责项目过程文档的编写与整理，保证项目资料的完整性和规范性‌。 4、负责公司软硬件项目的售后维护服务和技术支持工作，保证软硬件正常使用。 5、与客户保持良好的沟通，及时反馈项目进度和遇到的问题，同时与项目经理和其他团队成员进行协作，确保项目的顺利进行‌。  任职要求： 1、本科及以上学历的应届生； 2、自动化、计算机、通信等相关专业； 3、熟悉LINUX操作系统，计算机网络，具备网络方面认证优先； 4、有较强的沟通能力、项目管理能力及文档编写能力； 5、性格开朗，抗压能力强、适应长期出差； 6、熟悉了解新能源电站电气、继电保护方面的技能。,7月15日,北京华能新锐控制技术有限公司（西安热工研究院有限公司北京自控部）成立于2003年，是国家高新技术企业、北京未来科学城华能人才创新创业基地入驻单位，系中国华能集团有限公司控股的西安热工研究院在京全资子公司。公司现有60余名高中级职称的工程技术人员，拥有发明专利3项，实用新型专利5项、软件著作权30余项及完全自主知识产权的Pine-Control控制系统，是国内电站自动化领域技术和工程实力最强的单位之一。公司长期从事电站（主、辅）智能控制、数字化煤场管理、斗轮堆取料机无人智能化控制、火电厂智能机器人巡检、智能视频监控、新能源发电技术远程集中监控、全国产化风电主控系统、全国产化水电计算机监控系统等技术研发、系统集成及应用推广。在火电领域，是国内早期从事电站控制系统（DCS/PLC）设计、集成服务的厂家之一，具有三十余年丰富的现场实践经验。近年来公司自主研发的斗轮机无人值守系统、输煤廊道机器人智能巡检系统、主厂房机器人智能巡检系统、配电间智能巡检系统提升了电站生产智能化水平、提高了运维效率、降低了运营成本，并对行业起到了重要的带动作用。火电厂燃煤系统的人机环安全工程研究及智能化应用项目获中国安全生产协会颁发的国家第一届安全科技进步奖二等奖。在新能源领域，公司自主研发的风电场监控系统、区域集控系统、集团监管系统逐步实现国产化替代、自主可控，实现项目型向产品型、平台型业务的转变，形成了数据采集、生产指标、集控建设标准。现已建成集团—区域公司两级新能源数据平台，逐步形成新能源数据生态，为新能源智能运维、大数据挖掘等深化应用提供应用基础。在风电控制领域，公司聚焦能源安全和自主可控等国家重大课题，致力于解决风电控制系统的关键核心技术，实现风机控制系统的安全可靠。公司承担了风机主控国产化开发等国家重大课题，自主研发的风机主控算法和风电国产化PLC，已经实现了示范应用，正在逐步开展规模化推广应用。北京华能新锐控制技术有限公司在西安和福州分别设有办事处，欢迎更多优秀的人才加入，和我们一起共筑辉煌。,"https://www.zhaopin.com/jobdetail/CC295334210J40659149206.htm?refcode=4019&srccode=401901&preactionid=a7c1140f-c46c-45e5-b867-ab342d8bdc77"
1894,Java,青岛-市北区,5000-6000元,智联招聘,"互联网,企业服务",1000-9999人,未融资,CC120019970J40785705803,岗位内容： 1. 负责Java应用程序的设计与开发，包括需求分析、系统设计、编码和测试等环节。 2. 研究新技术，不断提升开发效率和程序性能。 3. 改进现有系统、优化系统资源，提高系统稳定性和可靠性。 4. 参与团队内部培训、交流与分享会议，促进整个团队技术水平的提升。 任职要求： 1. 熟悉Java语言，熟练掌握Spring框架及相关开源技术。 2. 具备扎实的计算机基础，熟悉数据结构、算法和网络编程等知识点。 3. 具备初步的Web开发经验，熟悉HTML、CSS、JavaScript等前端技术。 4. 具有较强的自学能力、问题解决能力和团队协作能力。,7月23日,我们等你很久啦！来吧来吧，你有必要重新认识我除了找工作想到我，你有没有想过来智联工作？作为“90”后的一员，智联成立于1994年，经历了从招聘服务商到职业发展平台，再到构建人才生态的自我成长，过程中积累了庞大的B/C端用户规模，依托成熟的3的三次方产品模型，不断在智能时代精进算法，并通过视频、语音技术在生态中的渗透不断开辟行业新业态。历经数十载专业深耕，智联招聘业务已覆盖企业和职场人的全周期，目前拥有35家分公司，3.21亿职场人用户，累计合作企业数达1176万+。感受有温度的品牌服务·网络招聘：超全面、超丰富的工作机会，更有视频直播招聘活动，足不出户，求职招聘“视频见”。·智联校园：陪伴你从青葱校园迈向专业职场，见证你的成长。·智联海外：让你和你的企业与世界接轨，international～·智联卓聘：专注中高端，优秀的企业需要优秀的人儿。·智联RPO：专属猎头定制服务，只为每个独一无二的你。·人才测评：帮你更好地了解自己，指明你的职场方向。·智联教育：前行的路上给自己“加个油”。·外包服务：一切交给我们，你只管当boss。我们能带给你：大平台工作经验，highlight你的个人履历·工作氛围超nice，能力提升UP UP UP·绩效奖金拿到手软，每一分付出都能看见回报；入职即享六险一金，每年奉上豪华体检福利，为披荆斩棘的你保驾护航·灵活的考勤规则，让工作节奏更自由·周末双休，节假日福利礼品不断；你的小确幸我们承包了·专业大咖定期培训和交流，享受独家学习资源·超嗨团建，零食投喂，冬天里的第一杯奶茶……一起开黑吧我们期待驰骋行业多年身经百战的你；初出茅庐充满干劲的你；寻求转型渴望突破的你；乐观善良，自驱创新——是你的关键词；你关注美好的世界，我们关注你的美好；让千里马和伯乐，不再千载难逢。智联招聘，更懂你的价值！智联的明天，由你创造！,"https://www.zhaopin.com/jobdetail/CC120019970J40785705803.htm?refcode=4019&srccode=401901&preactionid=a7c1140f-c46c-45e5-b867-ab342d8bdc77"
1895,软件测试,南京-秦淮区,9000-12000元,51Testing,"计算机软件,培训/辅导服务",100-299人,,CC145362720J40776287502,适合人群 1.无经验，0基础的人员，能接受培训和学习。 2.待业或在职，想学技术或想转到IT行业。 3.即将面临就业的应届毕业生。 4.热爱学习，喜欢有关计算机方面的工作。 5.工作认真、细致、敬业，责任心强。   一、培训课程介绍 1.课程目标： 通过1-4个月的学习，让想转行或者刚毕业的学生实现技能的提升，进入互联网行业，获得一份稳定的高薪工作 2课程特色： 知识全面：开发+测试，打造技能、业务、系统全面的复合应用型软件测试工程师.。 实践突出：以企业需求为出发点，以真实互联网项目为特色，重视理论，突出实践。 技术前沿：中间件技术、性能监控技术、安全测试技术、夯实职业发展基础。 行业热门：面向互联网、金融等行业，竞争力强，薪资高，待遇好，工作环境优，提升快。 职业素质：职业素养课贯穿整个课程始终，技能与职业素养双管齐下，培养企业实用性人才。 3.课程时间： 1-4个月，周一到周日 4. 上课形式： 面授课，理论+实践。入训后由具有开发经验的老师带领参加公司内部的真实商业项目，积累项目经验。 二、学费说明 可以先学习，就业之后再还款（以助学贷款形式办理） 三、就业前景 入学即签订就业协议，学员普遍培训合格就业起步薪资是6000-2000。五险一金、周末双休、年底奖金、餐补、饭补等等 迅猛发展的互联网将我们带入了软件测试时代，软件测试已成为发展中不可或缺的力量支撑。但软件测试的应用已经遍布于日常生活的所有领域和行业，入职可选行业广泛，如金融、互联网、医疗、交通、电信，保险等。只要有软件的地方，就需要有软件测试工程师。 目前软件测试人才的缺口在30万人以上，国内高校也少有此专业，软件测试人才紧缺造成IT行业国内外巨头争夺软件测试人才，很多公司想聘请软件测试人才却苦于无人才可求，所以只好退而求其次拿软件开发人员急用，造成日后的软件产品的质量问题频出。随着测试行业的不断发展，掌握软件测试相关技能，,7月21日,喜欢挑战的您，积极向上的您，渴望成功的您……一个新兴的朝阳行业，一个快速发展的行业领先者，正在期待您的加盟……经验、学历、户籍……在这里都不重要，这里需要的是积极向上的心态，努力拼搏的精神。这就是上海博为峰软件技术有限公司，是国内第一批专业的软件测试服务机构，公司拥有中国第一批软件测试门户网站 51Testing软件测试网。在软件测试培训领域， 51Testing处于国内领先的位置，基于 51Testing在软件测试领域的良好的品牌，基于 51Testing领先同行的市场营销能力、技术实现能力， 51Testing正在成为一家专业的软件测试服务提供商，在软件测试这个朝阳行业为客户提供更多、更有价值的非培训服务， 51Testing的业务在快速的成长，需要更多优秀的人才加盟。 51Testing注重员工的培养，注重把员工的个人的职业生涯规划与企业的发展相结合，并且容许员工犯错误。51Testing追求为客户提供卓越的服务，对质量和品牌的追求高于眼前的利益。51Testing致力于提高中国的软件测试水平，改进软件质量，并努力推动软件测试地位的提高。…… 51Testing欢迎富有工作激情的您、怀有梦想的您加入到这个团队中来，与我们一起快乐成长！一起走向美好的明天！51Testing提供良好的工作氛围，让您所有的努力付出都能够得到相应的回报！公司福利：1.法定劳动者保障保险、住房公积金　2.日常补贴（工作餐、交通费补贴） 3.过节费、节日礼品　4.生日会及礼物 5.员工年度体检　6.带薪假期 7.年度旅游 8.代办上海居住证,"https://www.zhaopin.com/jobdetail/CC145362720J40776287502.htm?refcode=4019&srccode=401901&preactionid=a7c1140f-c46c-45e5-b867-ab342d8bdc77"
1896,科研人员,上海-杨浦区,150-200元/天,上海同济城市规划设计研究院有限公司,房地产开发,500-999人,,CC842807600J40719247407,岗位职责： 1、协助参与科研平台管理工作； 2、协助参与学术会议筹办、承办工作； 3、协助参与行业政策、信息汇编工作； 4、完成负责人其他交办工作。 任职资格： 1、专业不限，本科高年级或研究生在读； 2、具备较强的文字功底及良好的沟通表达能力； 3、实习时间不少于三个月，每周能工作3天以上。 备注： 1、实习津贴150-200元/天，视工作时长和工作成效确定； 2、根据出勤情况提供额外餐补； 3、一对一指导老师，可开具实习证明。 4、邮件主题写明姓名+申请岗位,2月19日,上海同济城市规划设计研究院有限公司（简称TJUPDI）是全国首批取得“城市规划设计甲级资质”及“旅游规划甲级资质”的规划设计科研机构，同时也是上海市土地规划乙级机构。以建设“中国最好的城乡规划设计研究机构”为目标，以多样化的机制为支撑，建设服务学科发展、拓展社会服务、完善人才队伍的“产学研”平台；以技术创新为引领，建设以公共利益为导向、以社会责任为准则的专业思想库；以专业化、持续性的服务为支撑，成为提供城乡规划领域一揽子解决方案的最佳供应商。始终致力于城市发展战略、历史文化遗产保护与利用、城市设计、空间规划、城市更新、社区与乡村发展、城市交通体系、城乡基础设施与防灾减灾、旅游度假以及世界遗产等领域的研究和规划。自成立以来，共获国家和省级优秀规划设计奖400余项，承接的规划项目遍及全国各省、市、自治区、港、澳、台，并向欧、亚、非等地区拓展，项目内容涵盖了所有城乡规划设计、旅游规划设计领域。同时，我们还承担国家及各省市政府相关部门委托的科研课题300余项、参与编制完成国家标准、规范数项。,"https://www.zhaopin.com/jobdetail/CC842807600J40719247407.htm?refcode=4019&srccode=401901&preactionid=a7c1140f-c46c-45e5-b867-ab342d8bdc77"
1897,科研人员,广州-黄埔区,2.5-3万,广州国机密封科技有限公司,橡胶和塑料制品,500-999人,,CC848207000J40839524315,岗位职责：1.调研密封技术发展方向、前沿技术需求，结合公司发展战略确定研究项目；,7月8日,广州国机密封科技有限公司（简称国机密封），是世界500强大型央企中国机械工业集团有限公司（简称国机集团）下属的密封产业平台。国机密封的前身广州机械科学研究院作为国家首批创新型企业，从行业的技术归口单位逐步成长为集研发、生产、销售于一体的创新技术型企业，积极承担“振兴国家橡塑密封等机械基础功能件核心技术”的责任，已建立起国内目前最完整的密封产品线，产品被广泛应用于国计民生的重要行业和战略新兴行业，是高端设备和重大装备核心部件的供应商。国机密封作为国家橡塑密封工程技术研究中心的依托单位，处于国家战略新兴行业技术领先和市场主导地位，立志成为“中国高端密封的行业领跑者”。,"https://www.zhaopin.com/jobdetail/CC848207000J40839524315.htm?refcode=4019&srccode=401901&preactionid=a7c1140f-c46c-45e5-b867-ab342d8bdc77"
1898,硬件测试,开封-龙亭区,6000-8000元·13薪,河南璋纽文化传媒有限公司,"新媒体,新媒体,运营商/增值服务,云计算/大数据",20-99人,未融资,CCL1498205270J40802927313,主板测试整机测试功能测试可靠性测试示波器万用表功率分析仪电子设备制造专用设备制造 1.负责新产品和物料测试验证及测试环境搭建、测试、报告整理。 2.负责产品装机和功能性能验证及测试环境搭建。 3.负责验证产品技术要求资料核对编写和协助工装搭建。 4.负责老产品物料升级验证。 5.参与小批量试产和技术指导。 6.负责制造可靠性和可行性方案优化。 7.负责试验室仪器的维护和使用指导 8.完成公司交办的其它临时任务。 任职要求： 1.电子、电气相关专业专科以上学历。 2.有较强的动手能力和学习能力。 3.能根据产品物料类型制定出相应的可靠性验证方案。 4.有良好的沟通能力和团队合作精神、有责任心。 5.工作踏实、认真。 6.有能熟练使用常用设备仪器的优先(示波器、万用表、耐压仪、漏电流、电桥等) 7.一年以上同岗位工作经验。,7月26日,经营范围：电影摄制服务；技术服务、技术开发、技术咨询、技术交流、技术转让、技术推广；电子专用设备销售；电气设备销售；机械电气设备销售；照明器具销售；消防器材销售；制冷、空调设备销售；安全技术防范系统设计施工服务；工程管理服务；摄像及视频制作服务；文艺创作；互联网销售；企业形象策划；数字文化创意内容应用服务；数字文化创意软件开发；信息技术咨询服务；专业设计服务；摄影扩印服务；个人互联网直播服务；文化娱乐经纪人服务；互联网数据服务；互联网安全服务；物联网应用服务；文具用品零售；纸制品销售；电子产品销售；日用百货销售；日用品销售；化妆品零售；农副产品销售；广告设计、代理；广告制作；工艺美术品及收藏品零售；美发饰品销售；会议及展览服务；市场营销策划；服装服饰零售；其他文化艺术经纪代理；五金产品零售；体育用品及器材零售；软件开发；信息咨询服务；办公用品销售，许可项目：互联网直播技术服务；互联网游戏服务；信息网络传播视听节目；建筑智能化系统设计,"https://www.zhaopin.com/jobdetail/CCL1498205270J40802927313.htm?refcode=4019&srccode=401901&preactionid=a7c1140f-c46c-45e5-b867-ab342d8bdc77"
1899,科研人员,北京-西城区,8000-10000元,北京冠华英才国际经济技术有限公司,"专业技术服务,专业技术服务",10000人以上,未融资,CC298869780J40792631705,岗位描述 （1）负责项目研究进度跟踪工作，按照项目任务书进度计划要求，定期跟踪各课题的研究任务完成情况，负责项目课题组的协调沟通工作，确保项目按时推进； （2）做好牵头单位与各参与单位之间的沟通联络工作，协助组织项目会议，包括但不限于项目启动会、年度总结会、中期评估会、结题验收会等会议； （3）负责项目日常管理工作，包括材料费采购、财务核算、内部审计、合同管理、费用报销等，防范和识别项目财务管理中的潜在风险，确保经费使用合规、合理； （4）配合完成项目成果示范应用，协助开展项目研发成果在特定流域的现场示范应用，协助做好现场生产安全工作；配合完成项目研发成果的第三方测评； （5）完成领导交办的其他相关工作，根据项目需要，参与其他与项目管理相关的工作。 3.岗位要求 （1）基本素质要求：遵纪守法，品行端正；认同公司企业文化，为人正直，责任心、事业心较强；具有较好的大局意识和团队协作精神。 政治立场坚定，规则意识、廉洁意识、法纪观念强，诚实守信，作风正派，爱岗敬业，工作细心踏实，责任心强，拥有保密意识。 无违法违纪和不良从业记录。 （2）年龄要求：30周岁及以下。 （3）学历要求：具备水利工程、水生生物、环境科学或生态学相关专业研究生学历。 （4）工作经历要求：原则上应为应届毕业生。  （5）其他工作经历要求：熟悉国家级科研项目管理的相关规定，拥有相关工作经验者优先。 （6）专业能力要求：具备水利工程、水生生物、环境科学相关专业基础知识。 （7）个人素质要求：具有正常履行岗位职责的身体条件和心理素质，能适应和承受履行岗位职责所要求的劳动强度和工作压力。 （8）报名邮箱：******************。 二、应聘程序 （一）预审报名。符合条件者可填写《公开招聘报名登记表》（详见附件），通过指定电子邮箱报名。同时上传身份证、学历证、学位证、职称证和简历中提及的资格证书、证明材料扫描件各1份，同时附上学信网查询学历在线验证报告以及学位认证报告。(简历和相关附件请以压缩包形式用邮件附件形式发送，邮件和附件名称统一为“姓名＋应聘岗位+联系方式”标准格式)。 （二）资格审查和初选。人力资源部和用人部门将对报名人员进行资格审查及履历分析，并通知入围人员进行面试。根据资格审查、初选和面试结果，确定进入考察人选。 （三）对考察人选从业表现及综合素质等进行全面了解，确定拟聘用人选。 （四）聘用。根据初选、面试和考察考核情况确定聘用人选，按照我单位相关规定办理聘用手续。 三、报名方式及时间安排 （一）报名邮箱：******************；谢绝来电、来访。招聘岗位截止时间为：2025年8月31日。 （二）面试时间另行通知。,7月10日,（咨询微信：laibaoer1990)北京冠华英才国际经济技术有限公司，简称冠华英才，成立于1999年，注册资本11000万元，是在北京市劳动和社会保障局备案成立最早的专业人力资源服务机构之一，现服务于来自20余个行业领域的2000家中外客户。“誉载冠华，德聚英才”，冠华英才是北京市人力资源服务行业协会副会长单位、北京国际经济技术合作协会副会长单位、中国对外承包工程商会理事单位，在业内发挥重要影响力和积极作用。公司党委在工作中十分注重发挥党组织作用，积极发展新党员，组织入党培训，并优先考虑贵方思想进步分子推选为入党积极分子；对所有党员和积极分子建档立册，通过公司党支部APP发送宣传材料，对积极分子关爱、考核、培养，发展入党；部分客户：北京市公安局；(含北京市公安局公共交通安全保卫总队、北京市公安局指挥部、北京市公安局警务督察总队、特警大队、清河分局等）中国人民武装警察部队森林指挥部司令部、武警森林指挥部后勤部军需处、武警森林指挥部机动支队后勤部北京市税务局、北京知识产权法院、北京市平谷区平谷镇人民政府、北京市工商局多区县分局中国传媒大学、北京化工大学、外交学院、吉林大学等高校；人民日报社、北京市科协下属北京科学中心、海淀区妇幼保健院、北京同济医院北京市海淀区妇幼保健院人、北京家圆医院、中国人民银行集中采购中心、中国烟草、中国进口汽车贸易、北京邮政、北京城市排水集团、中国航天、中国技术进出口、中融信托、华融资管、中建八局、中交路桥、中国港湾工程、北京城建、北京金港建设北京十一学校、北京一零一中学、北京市第四十七中学、农大附中、农大附小等中小学；中国石油天然气集团、中国华能集团、中国电建集团、中国电力工程顾问集团、国电电力、中冶集团、中国大唐集团、中国水利水电建设集团、中国水电顾问集团、北京市燃气集团等集团公司等等,"https://www.zhaopin.com/jobdetail/CC298869780J40792631705.htm?refcode=4019&srccode=401901&preactionid=a7c1140f-c46c-45e5-b867-ab342d8bdc77"
1900,测试工程师,杭州-滨江区,1.5-2.5万·14薪,外企德科数字技术有限公司,专业技术服务,10000人以上,,CCL1480117890J40599636505,【工作职责】 1、负责产品自动化框架、工具自动化能力构建； 2、熟练开发测试工具、测试脚本，及迭代优化测试框架； 3、根据业务特点，引入新的测试方法和工具，探索新技术； 4、负责产品部分专题项目的测试管理工作，对整体测试结果负责。 【任职要求】 业务技能要求： 1、至少熟练掌握一种测试框架，Selenium+unittest、pytest等； 2、至少熟练掌握一种关系型数据库如Oracle、Mysql，掌握常用SQL优化方案，有TBASE、POLARDB经验者优先； 3、具备较好的java代码走读能力、groovy脚本阅读能力和shell脚本的编写能力。 4、具有良好的团队协作能力和沟通能力，执行力强，能推动周边领域顺畅协作。具备较强的逻辑思维能力和强烈的责任心。 专业知识要求： 1、熟悉Python语言，熟悉常用的自动化测试框架，有相关CI自动化流水线开发经验者优先，有java经验开发优先； 2、具备设计和开发测试工具和自动化测试框架能力优先。 3、具备日志分析能力，能够结合日志进行问题分析；   【福利】   入职全额缴纳六险一金，试用期不打折，绩效双薪，每年两次绩效调薪机会，带薪年假，有班车和食堂，独立办公园区，转行转专业的同学也可以，试用期有大佬带教！   【工作时间】   每天早上9点上班，12：00-14：00午休2个小时；周一、周二、周四晚上6点吃完饭会工作到8:30下班，会提供免费的夜宵和班车，周三和周五晚上6点下班；平时周末是双休，月末最后一个周六会上班有加班费。,2025-07-27 00:23:22,外企德科数字技术有限公司是一家2023年新成立的中外合资企业。成立于2023年11月24日，公司定位：专注于为信息技术企业提供人才及数字技术外包解决方案的中外合资企业。它是由中国人力资源服务行业的FESCO（北京国际人力资本集团）与全球人力资源服务领导者The Adecco Group（德科集团）合资成立的。公司主要提供网络技术服务、软件外包服务、计算机系统服务、技术进出口、软件开发等信息技术相关服务。专注于为信息技术企业提供信息技术类人才及数字技术外包解决方案。,"https://www.zhaopin.com/jobdetail/CCL1480117890J40599636505.htm?refcode=4019&srccode=401901&preactionid=a7c1140f-c46c-45e5-b867-ab342d8bdc77"
1901,技术支持工程师,北京-昌平区,5000-8000元,北京得瑞紫蜂科技有限公司,"IT服务,运营商/增值服务,通信/网络设备",20-99人,未融资,CC464103710J40623116807,"1、参与公司项目的售前技术支持、业务咨询、方案规划设计 2、参与项目业务需求分析、设计，确定需求方案 3、参与项目可行性研究报告、技术建议书、整体解决方案 4、工程项目实施指导、工程售后的技术服务 任职要求： 1 、弱电相关工作经验一年以上优先，无经验者也可考虑；  2、扎实掌握网络、电子电路的基础知识。熟悉网络技术、一卡通、安防监控等相关技术知识及弱电规范； 3、有现场实施经验者优先考虑 4、踏实敬业，好学上进，悟性好，喜欢钻研技术，工作责任心强,综合素质高； 公司网址：http://www.st-zifeng.com/ 职位福利：五险一金、餐补、节日福利、周末双休、绩效奖金、通讯补助、高温补贴、带薪年假   ",7月11日,北京得瑞紫蜂科技有限公司成立于2005年，研发和营销管理团队来自美国Helicomm公司。公司拥有一支技术过硬的产品研发队伍，研发人员占公司员工总数的50%以上。专注打造“关爱生命的物联网”。紫蜂科技所提供的自主ZigBee技术、准方案、及本地化技术支持团队，能够让中国厂商发挥无穷创意，利用ZigBee平台，开发出各行业崭新的无线安防、节能、智能家居、以及自动化产品。公司结合海内外及北京人才优势，致力于打造中国zigBee考勤定位技术先锋形象。公司作为专注 zigBee技术的精细安全监控系统的供应商和服务商，针对客户的需求，现已成功研制出无线传感器网络、矿井/隧道人员考勤定位系统、福利院/高档社区老人定位看护报警系统、停车场无线诱导系统、应力应变监控量测系统、地质超前预报系统等各领域使用的物联网系统，我司zigBee核心模块和应用系统产品已经广泛应用于国内外矿山、隧道（铁路、轨道、公路）、市政、电力、环保、气象、生态、节能等领域。,"https://www.zhaopin.com/jobdetail/CC464103710J40623116807.htm?refcode=4019&srccode=401901&preactionid=a7c1140f-c46c-45e5-b867-ab342d8bdc77"
1902,科研人员,沈阳-浑南区,1-1.8万,中国科学院沈阳自动化研究所,"学术/科研,云计算/大数据",1000-9999人,未融资,CC200588210J40509555112,需求专业：0802 机械工程 等相关专业 学历学位要求：硕士研究生 工作职责：负责设计智能工艺装备机械结构，熟悉机械加工工艺，能够完成项目各阶段相关技术文件和项目申报材料的撰写。 其他要求：了解机械设计、制造的流程及生产工艺；熟练使用Solidworks、AutoCAD等，具有良好的沟通能力和协调能力，适应出差要求。 课题组介绍：主要研究方向为与智能制造相关的机电装备、检测仪表与控制系统、数字孪生系统的设计、开发和工程实施。目前承担工信部、科技部、省市地方和企业委托等多个项目。,6月24日,中国科学院沈阳自动化研究所成立于1958年，位于东北亚中心城市、历史文化名城——沈阳，目前全所员工1300余人。研究所主要研究方向为机器人、智能制造和光电信息处理。六十多年来，沈阳自动化所在自动化科学与工程领域不断探索，为满足国家战略需求、国民经济和社会发展做出了突出贡献。研究所的科研成果得到了国内外领导人和社会媒体的广泛关注，连续两次入选由两院院士评选出的中国十大科技进展，获得国家、中科院、各部委及地方奖励300余项。作为中国机器人事业的摇篮，在中国机器人事业发展历史上创造了二十多个第一，引领中国机器人技术的研究发展。研究所是机器人学国家重点实验室、机器人技术国家工程研究中心、国家机器人质量监督检验中心、国家机器人检测与评定中心、国家机器人标准化总体组秘书处等多个国家级平台的依托单位，具有优良的科研、试验、工作条件。拥有中国机器人领域龙头企业——新松公司、中科博微、新松医疗、芯源微电子等十余家高技术企业，其中四家已上市。研究所依托两个国家级国际合作基地，先进机器人学与机构学国际联合研究中心、工业物联网技术国际联合研究中心，与科技发达国家与地区的科研机构签署战略合作协议，开展深入合作研究及联合试验，在基础研究及应用研究领域取得了丰硕成果。通过引进和培养，形成了一支由中国工程院院士、海外高层次人才引进专家及国家杰出青年基金获得者、国家科技计划领域专家、优秀青年基金获得者等组成的高层次人才团队。 2015年，研究所获批建设中国科学院机器人与智能制造研究院。2018年，与中国科学院大学成立了机器人与智能制造学院。2019年，研究所入驻位于沈阳市浑南新区的近600亩新园区。研究所在长三角、珠三角地区的广州、等地拥有6个分支机构，深度参与粤港澳大湾区建设。研究所发展快速、科研经费充足，为构建国际一流的国立科研机构，现面向全球招聘自动化领域各类层次人才。,"https://www.zhaopin.com/jobdetail/CC200588210J40509555112.htm?refcode=4019&srccode=401901&preactionid=a7c1140f-c46c-45e5-b867-ab342d8bdc77"
1903,实施工程师,滨州-博兴县,7000-14000元,青岛安然物联网科技有限公司,"物联网,物联网",20-99人,未融资,CC559764920J40565333304,需要弱电技术、自动化、安防系统、工业互联网+危化安全生产、物联网人才，不要纯软件人才。  你能经常到全国各地出差吗？你能到化工生产现场做技术支持吗？     真正的奋斗者在安然会有让人值得为之奋斗的事业，会有充实、高效的成长，会有高人一等的收入。,7月23日,基于精准人员定位的工业安全生产信息化管理专家，安全生产信息化管理引领者！作为全国实时定位技术标准工作组成员和应急管理部“工业互联网+危化安全生产”人员定位系统技术支持机构，安然从2012年起致力于基于ZigBee Plus三维立体按需精准定位的“工业互联网+安全生产”的研究，获得了20多项安全智能管控系统发明专利和著作权，持续引领中国化工行业生产现场智慧安全！安然以“准、稳、狠”的ZigBee Plus三维立体按需精准人员定位统和“底数清、数据准、情况明、研判准、措施实”的安全生产信息化平台为核心，整合访客管理、出入口控制、人脸识别、视频监控、语音广播、重大危险源监控、可燃有毒气体监测等系统，对生产现场人、机、料、法、环五大要素进行实时、动态、智能管控和预警，规范人的安全行为，保障人的生命安全，有效防范风险、主动化解风险，实现智慧安全。安然“以用为本”，把安全生产信息化建设与公司管理体系“深度融合”，把安全生产信息化建设与日常工作“紧密结合”，对安全生产切实“有用、实用、好用”，避免建用“两张皮”，让安全管控更智能，让生产更高效才实用。迄今已服务中石化、中石油、延长石油、国能、兖矿、京能、索普、新安、奇美、昊源、潞安、旭阳、垦利、逸盛、海科、酒钢、金发等几百家石化、化工、选煤、钢铁、电厂企业。安然以客户为中心，以强者为本，抬头乐干，愿意与同道中人联合、链接，携手共建、共用、共享生产安全命运共同体，一起干，一起干，让优秀企业更安全，让优秀企业更高效！,"https://www.zhaopin.com/jobdetail/CC559764920J40565333304.htm?refcode=4019&srccode=401901&preactionid=a7c1140f-c46c-45e5-b867-ab342d8bdc77"
1904,实施工程师,铜仁-碧江区,6000-10000元,河北神玥软件科技股份有限公司,"计算机软件,互联网",1000-9999人,已上市,CC570701720J40775266413,岗位职责： ,7月24日,神玥软件是一家立足于数字组织建设和三房（商品房、共有房、住房资金）管理服务的互联网高新技术企业，拥有各类科技人才千余名。成立于2012年，注册资本4500万元，经营场所为石家庄市鹿泉经济开发区。公司下辖四家子公司，其中北京神玥伟奥互联网有限公司是由神玥软件与蚂蚁集团共同出资运营的高科技公司。公司推出数字组织管理贝贝平台，平台以“云平台、分布式数据库、区块链、人工智能”为基础，通过技术、业务、数据、风控四大中台及运营管理，输出监督、管理、服务、互联互通四位一体的数字化管理、移动化服务能力。通过对“人、财、物、事”进行全对象、全项目、全事项管理，实现“八个在线，三个提升”，赋能党组织管理、行政管理、业务管理、业务服务、互联网服务。--------------------------------------------------------------------------------公司地址：河北省石家庄市鹿泉开发区光谷科技园（石家庄幼儿师范学校对面）联系电话：0311-85138610联系人：张英,"https://www.zhaopin.com/jobdetail/CC570701720J40775266413.htm?refcode=4019&srccode=401901&preactionid=a7c1140f-c46c-45e5-b867-ab342d8bdc77"
1905,技术支持工程师,保定-莲池区,3000-6000元,河北盛丰测绘服务有限公司,专业技术服务,20-99人,,CCL1459653000J40729543105,工作内容：无人机售前演示及售后技术培训。 任职要求：1.无人机、测绘等相关工作经验（有测绘仪器维修经验优先）,2月5日,,"https://www.zhaopin.com/jobdetail/CCL1459653000J40729543105.htm?refcode=4019&srccode=401901&preactionid=a7c1140f-c46c-45e5-b867-ab342d8bdc77"
1906,科研人员,沈阳-沈河区,6000-8000元,中国科学院金属研究所,"学术/科研,学术/科研",1000-9999人,未融资,CC349345020J40594355901,工作内容：  1.纳米金属材料制备；   2.力学性能测试；   3.应力腐蚀测试等。   ,3月13日,中国科学院金属研究所（以下简称“金属所”）成立于1953年，是新中国成立后中国科学院新创建的首批研究所之一，是中央直属的事业单位。先后有22位院士在所工作。金属所已累计取得科技成果奖400余项，其中获得国家级奖项90余项，包括国家科技进步特等奖、国家自然科学一等奖、国家技术发明一等奖和国家科技进步一等奖等奖项。近年来，金属所承担并高质量完成了载人航天、大飞机、航空发动机、跨海大桥、高速铁路、三峡工程等重大工程中的关键材料技术攻关任务，解决了装备制造、航空航天、能源、钢铁、有色金属、石油化工、医疗、国家安全等战略性支柱行业的材料技术难题，在纳米金属材料、生物医用金属材料、碳纳米材料等领域涌现了一系列国际领先的原创性成果，在世界材料领域保持了一席之地。中国科学院金属研究所官方网站 www.imr.cas.cn,"https://www.zhaopin.com/jobdetail/CC349345020J40594355901.htm?refcode=4019&srccode=401901&preactionid=a7c1140f-c46c-45e5-b867-ab342d8bdc77"
1907,Java,北京-海淀区,1.5-3万·14薪,外企德科数字技术有限公司,专业技术服务,10000人以上,,CCL1480117890J40769560605,岗位内容： 1. 设计、开发并维护Java应用程序。 2. 解决各种技术难题，保证代码的可靠性、高效性和安全性。 3. 参与软件设计的讨论和计划制定。 4. 与其他团队成员协作工作，提高团队整体技术水平。 任职要求： 1. 熟悉Java语言及相关技术，熟悉Spring框架。 2. 具有扎实的编程基础和良好的面向对象编程思想。 3. 对常见数据库如MySQL、Oracle等有一定的了解和应用经验。 4. 对Web开发技术有深入理解，熟悉前端技术如HTML、CSS、JavaScript等。,2025-07-27 00:24:27,外企德科数字技术有限公司是一家2023年新成立的中外合资企业。成立于2023年11月24日，公司定位：专注于为信息技术企业提供人才及数字技术外包解决方案的中外合资企业。它是由中国人力资源服务行业的FESCO（北京国际人力资本集团）与全球人力资源服务领导者The Adecco Group（德科集团）合资成立的。公司主要提供网络技术服务、软件外包服务、计算机系统服务、技术进出口、软件开发等信息技术相关服务。专注于为信息技术企业提供信息技术类人才及数字技术外包解决方案。,"https://www.zhaopin.com/jobdetail/CCL1480117890J40769560605.htm?refcode=4019&srccode=401901&preactionid=a7c1140f-c46c-45e5-b867-ab342d8bdc77"
1908,测试工程师,许昌-襄城县,7000-12000元,溧阳天目先导电池材料科技有限公司,"新能源,新能源",500-999人,B轮,CC606166430J40638758506,职位描述：  1、负责电池负极材料相关的测试以及测试数据分析；,7月26日,溧阳天目先导电池材料科技有限公司位于江苏省常州市溧阳市中关村科技产业园，是一家专注于锂离子电池新型硅负极材料研发、生产和销售的高新科技企业。企业拥有多项硅基负极材料组成、结构、制造和应用的核心专利。其材料核心技术源于中国科学院物理研究所，物理所在锂离子电池硅负极材料方面拥有21年的研发积累和开发经验；其产业化制造技术源于国内著名负极材料企业，该企业在锂离子电池负极材料产业化方面具有丰富的经验。公司以中国科学院物理研究所陈立泉院士、李泓研究员为技术带头人，组建了博士为主体的技术开发团队。,"https://www.zhaopin.com/jobdetail/CC606166430J40638758506.htm?refcode=4019&srccode=401901&preactionid=a7c1140f-c46c-45e5-b867-ab342d8bdc77"
1909,测试工程师,焦作-解放区,6000-10000元,重庆科满福人力资源服务有限公司,企业服务,20-99人,,CCL1487604860J40937101704,【岗位职责】： 1、软件测试岗位职责  2、接受测试任务，进行需求分析 3、按照测试计划搭建测试环境，并保证测试环境的可靠性 4、按照测试计划编亏测试用例，保证测试用例合理有效 5、按照测试用例执行测试，及时发现缺陷，并使用工具进行管理缺陷 6、编写和提交测试报告，保证测试进度按计划完成 7、参与审核其他测试工程师的测试用例和报告 8、学习公司已有方案和推广使用新的测试技术和工具,2025年07月30日,,"https://www.zhaopin.com/jobdetail/CCL1487604860J40937101704.htm?refcode=4019&srccode=401901&preactionid=a7c1140f-c46c-45e5-b867-ab342d8bdc77"
1910,软件测试,无锡-惠山区,1-1.2万·13薪,无锡嘉柏科技有限公司,专业技术服务,20-99人,,CCL1503835280J40760832711,岗位内容： 1. 设计和执行测试用例，并记录测试结果。 2. 分析并报告软件缺陷，包括重现步骤、缺陷严重程度和影响范围。 3. 参与产品设计过程，提供测试建议和反馈。 4. 开发自动化测试脚本和工具。 5. 执行性能和负载测试的任务。 任职要求： 1. 具有本科以上学历，计算机科学或相关领域优先。 2. 熟悉测试方法论和流程，能够编写高质量的测试用例。 3. 熟练使用至少一种自动化测试框架和脚本语言（如Selenium、Python、Robot Framework）。 4. 了解软件开发周期和敏捷开发流程。 5. 优秀的沟通和协作能力，能够与跨部门的团队成员合作。,7月26日,,"https://www.zhaopin.com/jobdetail/CCL1503835280J40760832711.htm?refcode=4019&srccode=401901&preactionid=a7c1140f-c46c-45e5-b867-ab342d8bdc77"
1911,Java,重庆-渝中区,50-60元/天,中信建投期货有限公司,"证券/期货,基金",500-999人,未融资,CC217016320J40568274708,岗位职责:,7月24日,"中信建投期货有限公司（CHINA FUTURES CO.,LTD.）成立于1993年3月16日，注册地重庆，注册资本14亿元。作为中信建投证券股份有限公司首家全资子公司，公司是中信建投证券服务客户进行衍生品投资、财富管理以及风险管理的战略平台。公司在全国重点区域设有29家分支机构，有300余家获准从事期货IB业务的证券营业部，可向公司推荐潜在期货客户。并设有风险管理子公司——方顿物产（重庆）有限公司。经中国证监会批准，专业从事期货经纪、期货交易咨询、资产管理以及基金销售业务，并获准进入银行间债券市场。多年来，公司保持稳中求进总基调，各项业务不断发展。拥有一支业务素养过硬、执行能力强的员工队伍，凭借高度的敬业精神与突出的专业能力，打造了集金融科技、研究咨询、风险管理、财富管理于一体的一站式综合金融服务平台，在商品期货、金融期货以及期货交易咨询等业务领域形成了自身特色和核心优势。近年来，公司在期货行业的地位和作用不断巩固扩大，新增客户数、客户权益规模、营业收入、净利润、净资产收益率等指标稳居行业前列。中国经济进入新时代，中信建投期货将紧扣金融服务实体经济高质量发展目标，秉承“有作为才能有地位”的核心价值观，牢记“汇聚人才、服务客户、创造价值、回报社会”的公司使命，主动服务大局，积极担当作为，致力于成为客户信赖、员工认同、股东满意的国内一流期货公司！","https://www.zhaopin.com/jobdetail/CC217016320J40568274708.htm?refcode=4019&srccode=401901&preactionid=a7c1140f-c46c-45e5-b867-ab342d8bdc77"
1912,软件测试,成都-简阳市,1-1.2万,成都宏进悦商务信息咨询有限公司,电子商务,20-99人,,CCL1507304710J40826594008,岗位内容：  1. 执行软件测试工作，包括测试用例编写、测试执行、问题跟踪等，确保软件品质。 2. 参与产品设计评审，了解业务需求，提出优化建议。 3. 使用自动化测试工具或开发相应的自动化测试脚本，提高测试效率，缩短测试周期。 4. 持续关注测试领域的新技术和方法，不断提升测试技能和工作效率。 任职要求：  1. 计算机相关专业本科及以上学历，有1年以上软件测试工作经验；对于无工作经验但其他能力突出者亦可考虑。 2. 熟练掌握至少一种测试工具、至少掌握一种编程语言，熟知测试原理和方法。 3. 具备良好的逻辑思维能力和分析能力，能够快速定位问题，并给出有效的解决方案。 4. 具备较强的沟通协调能力和团队合作精神，积极主动，具有强烈的责任心和进取精神。,7月25日,四川宏进悦商务信息有限公司成立于2018年，位于成都金牛区，专注于为企业客户提供管理咨询、职业培训及商务渠道拓展等专业化服务。公司业务涵盖战略规划、流程优化、团队建设及市场资源整合等领域，致力于通过系统性解决方案助力客户提升管理效能与市场竞争力。基于多年行业深耕，公司已形成以职业培训与渠道管理为核心的业务体系，拥有经验丰富的服务团队，在保险、金融及商务服务领域积累了丰富的实践案例。团队通过定制化培训课程、渠道资源对接及项目管理支持，持续为客户创造价值。公司注重人才培养与专业能力建设，通过规范化的服务流程和务实创新的工作理念，为员工提供职业成长平台，推动企业与人才共同发展。,"https://www.zhaopin.com/jobdetail/CCL1507304710J40826594008.htm?refcode=4019&srccode=401901&preactionid=a7c1140f-c46c-45e5-b867-ab342d8bdc77"
1913,C/C++,上海-青浦区,1.5-3万·14薪,外企德科数字技术有限公司,专业技术服务,10000人以上,,CCL1480117890J40794056005,岗位类型：OD招聘-软件类岗位 目前各大产品线均有需求，业务方向丰富，有Java、C、C++、Python、go、JS等语言开发，测试、算法、大数据开发、安卓、IOS、运维等也有涉猎。 岗位情况：  1.统招本科及以上，无经验要求，但是需要会相关技能（用对应的语言写代码）；  2.掌握Java、C/C++、Python、JS等其中的至少1种主流编程语言；  3.对数据结构和算法有一定了解（笔试考）；  4.对接的是全产品线的需求，所以业务方向多样；  5.先统一笔试后匹配部门面试；  6.薪资构成：底薪+绩效+年终，薪资根据面试表现定；  7.全流程线上面试，拿到Offer再线下报道，可异地面试。 工作地点：  北京、上海、深圳、杭州、东莞、苏州、南京、西安、武汉、成都等地的研究所,2025-07-28 00:25:03,外企德科数字技术有限公司是一家2023年新成立的中外合资企业。成立于2023年11月24日，公司定位：专注于为信息技术企业提供人才及数字技术外包解决方案的中外合资企业。它是由中国人力资源服务行业的FESCO（北京国际人力资本集团）与全球人力资源服务领导者The Adecco Group（德科集团）合资成立的。公司主要提供网络技术服务、软件外包服务、计算机系统服务、技术进出口、软件开发等信息技术相关服务。专注于为信息技术企业提供信息技术类人才及数字技术外包解决方案。,"https://www.zhaopin.com/jobdetail/CCL1480117890J40794056005.htm?refcode=4019&srccode=401901&preactionid=a7c1140f-c46c-45e5-b867-ab342d8bdc77"
1914,软件测试,南京-雨花台区,1.5-3万·14薪,外企德科数字技术有限公司,专业技术服务,10000人以上,,CCL1480117890J40678328305,岗位要求（初中高级别岗位都有）： 【工作职责】 1、负责解决方案测试需求分析，测试方案和测试用例设计和测试执行工作； 2、承担解决方案的场景功能测试、性能测试、可靠性测试，可服务性测试等测试活动； 【业务技能要求】： 1、熟悉软件测试流程和方法 2、具备良好的沟通协调能力和团队合作精神、良好的学习、动手以及解决问题的能力。 3、业务理解力强，对技术有激情，喜欢钻研，能快速接受和掌握新技术，有较强的独立、主动的学习能力。岗位包含：功能测试、性能测试、自动化测试、硬件测试、安全渗透等多个方向,2025-07-27 00:23:25,外企德科数字技术有限公司是一家2023年新成立的中外合资企业。成立于2023年11月24日，公司定位：专注于为信息技术企业提供人才及数字技术外包解决方案的中外合资企业。它是由中国人力资源服务行业的FESCO（北京国际人力资本集团）与全球人力资源服务领导者The Adecco Group（德科集团）合资成立的。公司主要提供网络技术服务、软件外包服务、计算机系统服务、技术进出口、软件开发等信息技术相关服务。专注于为信息技术企业提供信息技术类人才及数字技术外包解决方案。,"https://www.zhaopin.com/jobdetail/CCL1480117890J40678328305.htm?refcode=4019&srccode=401901&preactionid=a7c1140f-c46c-45e5-b867-ab342d8bdc77"
1915,技术支持工程师,唐山-丰南区,4000-6000元,河北华通线缆集团股份有限公司,橡胶和塑料制品,1000-9999人,已上市,CC406650020J40759044110,岗位职责：1.协助业务经理向海外客户、代理商介绍产品时给予技术支持。 2.协助业务经理帮助海外客户进行产品选型的技术支持。 3.协助业务经理对海外客户、代理商等进行技术支持。 4.协助业务经理与技术、研发等相关部门进行密切沟通协作的技术支持。 5.协助业务经理收集行业技术信息和动态。 任职要求：1、要求理工科背景。 2、熟练使用3D软件，良好的英文表达能力。 3、思路清晰，有良好的工作习惯，抗压能力强。 4、对技术有强烈兴趣和高敏锐度，具备出色的沟通和表达能力。 6.可适应出差。,6月20日,河北华通线缆集团（股票简称：华通线缆，股票代码：605196）创建于一九九三年。厂区占地面积22万多平方米，进口国产生产设备420多台套，检验、检测设备250多台套，年生产能力40亿元。公司现有员工1600多人，各类专业技术人员200多人。建厂以来，经全体员工长期不懈地努力，企业取得了长足的发展，现已成为以科技为先导、以科学管理为基础的现代化民营企业，系国内线缆行业综合性大中型企业之一。“仁达牌”电线电缆被认定为“河北省名牌”，“仁达牌”商标被认定为“河北省著名商标”，华通集团被评为“中国矿用橡套电缆十强企业”、“中国电线电缆出口创汇十强企业”“、中国电线电缆行业最具发展潜力20强企业”、“中国电线电缆行业用户满意企业”、“中国电线电缆行业科技创新20强企业”、“电线电缆综合实力200强企业”、“河北省高新技术企业”、“河北省质量信得过企业”、“河北省诚信企业”、“河北省创新型企业”、“守合同重信用企业”等荣誉称号。企业全面贯彻ISO9001质量管理体系、ISO14001环境管理体系和GB/T28001-2001职业健康安全管理体系，实现了与国际先进管理水平的接轨。公司主导产品有：35kV及以下交联聚乙烯绝缘电力电缆、聚氯乙烯绝缘电力电缆、矿用电缆、通用橡套软电缆、潜油泵电缆、机车车辆电缆、船用电缆、核电站电缆、预制分支电缆、架空电缆、控制电缆、特种电缆、电机绕组引接软线、铝绞线及钢芯铝绞线等15大系列上万多种规格。产品广泛应用于电力、煤炭、冶金、石油化工、铁路、国防、建筑、航天、交通等行业及国家重点工程。产品畅销全国各地，并出口到美国、荷兰、意大利、俄罗斯、英国、澳大利亚、新西兰、埃塞俄比亚、加纳、刚果、中东、东南亚等国家和地区。公司全体员工坚持“质量重于生命，责任重于泰山”为企业精神，“质量优良、价格合理、交货及时、服务周到”为华通形象，热忱欢迎新老客户惠顾。,"https://www.zhaopin.com/jobdetail/CC406650020J40759044110.htm?refcode=4019&srccode=401901&preactionid=a7c1140f-c46c-45e5-b867-ab342d8bdc77"
1916,C/C++,济南-历城区,1-2万,山东仕达思生物产业有限公司,"医药制造,卫生服务",100-299人,未融资,CC350085510J40754336305,岗位职责： 1、负责医疗设备应用程序的设计、开发，确保软件功能符合产品需求和用户要求。 2、使用 C++ 和 Qt 开发跨平台应用程序，在 Linux 环境下进行开发、调试和部署。 3、编写技术文档，维护代码库，并进行代码审查和测试。 4、与团队成员合作，完成项目需求分析和功能设计。 5、解决开发中的技术问题，优化系统性能及其它开发工作。 任职要求： 1、熟练掌握 C++ 编程语言，了解编程和设计模式； 2、熟悉 Qt 框架，能够使用 Qt 开发图形界面或跨平台应用； 3、熟悉 Linux 操作系统，掌握 Linux 下的开发工具； 4、了解多线程编程、网络编程、数据库操作等技术。 5、具备良好的代码规范和文档编写能力。 6、有较强的学习能力和问题解决能力。 7、具备团队合作精神，能够独立做项目优先。,3月19日,仕达思致力于人体微生态诊断系列产品的研发和生产，在国内率先将人工AI技术应用到女性生殖道微生态实验诊断中，弥补了该领域的多项技术空白，是女性微生态行业的领军者！公司下设山东仕达思生物产业有限公司、山东仕达思医疗科技有限公司、山东仕达思医疗科技有限公司济南仕达思医学检验实验室。目前已取得三十余项专利证书以及16项医疗器械产品注册证。现有产品覆盖全国30个省市自治区，使用用户达600余家。2017年被中华医学会授予中国女性生殖道微生态诊治推广项目协办单位荣誉称号；2018年被全国卫生产业企业管理协会授予副会长单位称号；经济南市科技局批准成立“济南市医学图像工程技术研究中心”；与山东大学微生物技术国家重点实验室以及山东大学数学学院科学计算与软件研究所、山东超级计算中心等达成产学研合作，并与山东大学微生物技术研究院合作建立“专业学位研究生工作站”；与华为技术有限公司、山东大学微生物技术国家重点实验室达成三方妇科感染AI智慧诊断战略合作；是山东省人工智能产业技术创新战略联盟首批成员单位。仕达思始终将自主创新作为企业发展的原动力，持续完善研发团队，从原创发明到应用技术改进，从管理优化到服务创新，从未停止对创新的要求。遵循“持续创新、追求卓越、共享健康”的使命，致力于成为专注健康产业的国际化一流企业！公司研发中心地址：济南市历下区华能路汇能大厦公司智造中心地址：济南市莱芜区口镇医药产业园,"https://www.zhaopin.com/jobdetail/CC350085510J40754336305.htm?refcode=4019&srccode=401901&preactionid=a7c1140f-c46c-45e5-b867-ab342d8bdc77"
1917,测试工程师,苏州-吴江区,7000-10000元·13薪,中达电子(江苏)有限公司,"电子设备制造,计算机软件,电子/半导体/集成电路",10000人以上,未融资,CC000581500J40690158605,岗位职责：,3月28日,台达创立于1971年，总部位于台北，主要业务包括三大范畴：电子及元器件、自动化及基础设施，为全球提供电源管理及散热解决方案。营运据点及制造工厂遍布中国、、印度、墨西哥、巴西及欧洲等地。集团在台湾上市，股票代码2308。2021年集团总营收达112.75亿美元。集团在中国大陆的发展起源于珠三角地区，最早可追溯到1992年在广东省东莞市石碣镇设立电子厂，以及同一年在上海投资成立负责市场营销与服务网络建设的“中达电通股份有限公司”。三十年来，台达在国内的发展日益根深叶茂，业务运营全面涵盖研发、生产、销售与服务。截至2022年6月底，共设有广东东莞、江苏吴江、安徽芜湖、湖南郴州、重庆五个主要生产基地；30多处研发中心与实验室，2500余名研发工程师，50多个运营网点与80多个服务网点，中国区员工总数约4万人。台达的经营使命是：环保节能爱地球；企业文化是：勇于变革永续经营。台达再度蝉联“2022αi优质职场卓越典范企业奖”并获“出类拔萃奖”营造健康职场共创价值携手成长台达荣获“2022大中华区卓越雇主”深耕雇主品牌关注员工发展台达荣获“2022中国典范雇主100强”和“2022学习与发展典范”特别提醒：近期有不法分子冒充台达电子实施招聘诈骗，还请各位求职者警惕！台达电子招聘过程中绝不会有以下行为，包含但不限于：要求求职者下载境外软件，要求对方汇款等，还请通过官方网络平台或微信公众号“台达集团招聘”获取台达最新招聘信息。,"https://www.zhaopin.com/jobdetail/CC000581500J40690158605.htm?refcode=4019&srccode=401901&preactionid=a7c1140f-c46c-45e5-b867-ab342d8bdc77"
1918,C/C++,杭州-滨江区,1.8-3.5万,外企德科数字技术有限公司,专业技术服务,10000人以上,,CCL1480117890J40632625805,【C/C++/JAVA/Python/SQL/web/Android/IOS/Flutter/GO/大数据/AI/开发/运维/测试均有岗位需求】 PS：北京，上海，南京，杭州，深圳，东莞，成都，西安，武汉，长沙均有需求开放 【岗位要求】 1、本科及以上学历； 2、掌握C++/Java/Go/Web（Vue、React、js前端开发、前端框架...）/python/H5一种或多种编程语言，有良好的编程习惯、热爱编程； 3、对基本数据结构和算法有一定了解，熟悉Linux、Android、iOS、Windows其中一种或多种系统知识； 4、具备良好的解决问题能力、善于沟通、乐于合作； 5、熟练使用Idea/Maven/SVN(git)等软件开发工具； 6、扎实的计算机基础，具备优秀的学习能力和逻辑思维能力，善于分析问题和解决问题有关键独立模块设计、开发和维护经验 【福利待遇】 1、五险一金全额缴纳、为期半年的老员工1对1带教，周末双休、年终奖丰厚、双倍加班费、班车福利、每年1-2次调薪机会； 2、初级、中级、高级岗位均有招聘需求 3、每年有一次调薪/职级调整机会； 4、薪资构成：基本薪资+绩效工资，定级薪资和绩效考核标准参考正式员工标准,2025-07-27 00:23:23,外企德科数字技术有限公司是一家2023年新成立的中外合资企业。成立于2023年11月24日，公司定位：专注于为信息技术企业提供人才及数字技术外包解决方案的中外合资企业。它是由中国人力资源服务行业的FESCO（北京国际人力资本集团）与全球人力资源服务领导者The Adecco Group（德科集团）合资成立的。公司主要提供网络技术服务、软件外包服务、计算机系统服务、技术进出口、软件开发等信息技术相关服务。专注于为信息技术企业提供信息技术类人才及数字技术外包解决方案。,"https://www.zhaopin.com/jobdetail/CCL1480117890J40632625805.htm?refcode=4019&srccode=401901&preactionid=a7c1140f-c46c-45e5-b867-ab342d8bdc77"
1919,测试工程师,长沙-开福区,1-1.2万·13薪,青岛瑞晟元人力资源有限公司,人力资源服务,20人以下,不需要融资,CCL1431271280J40777385707,,2025年07月28日,,"https://www.zhaopin.com/jobdetail/CCL1431271280J40777385707.htm?refcode=4019&srccode=401901&preactionid=a7c1140f-c46c-45e5-b867-ab342d8bdc77"
1920,实施工程师,深圳-光明区,6000-8000元,澳东生物(深圳)有限公司,医药制造,20人以下,,CCL1486821060J40768983005,本科，兽医相关专业本科毕业，人事病原抗体检测产品售前、售后技术支持。基础实验技能掌握，病原学知识全面。,7月7日,,"https://www.zhaopin.com/jobdetail/CCL1486821060J40768983005.htm?refcode=4019&srccode=401901&preactionid=a7c1140f-c46c-45e5-b867-ab342d8bdc77"
1921,Java,西安-雁塔区,1-2万,外企德科数字技术有限公司,专业技术服务,10000人以上,,CCL1480117890J40792005705,1、统招quan日制本科及以上学历；接受无经验 2、熟悉Java/C/C++/Python/GO等其中一种主流开发语言 3、有较强的学习能力、良好的团队协作能力、良好的沟通表达能力。 部门亮点： 1、大平台，机会多。云计算，数字能源，数字存储，终端......赛道很多 2、岗位全，拼实力，设置前端、后端、开发、算法、AI、运维、安全等等岗位，你想要的，这里统统都有！,2025-07-27 00:25:53,外企德科数字技术有限公司是一家2023年新成立的中外合资企业。成立于2023年11月24日，公司定位：专注于为信息技术企业提供人才及数字技术外包解决方案的中外合资企业。它是由中国人力资源服务行业的FESCO（北京国际人力资本集团）与全球人力资源服务领导者The Adecco Group（德科集团）合资成立的。公司主要提供网络技术服务、软件外包服务、计算机系统服务、技术进出口、软件开发等信息技术相关服务。专注于为信息技术企业提供信息技术类人才及数字技术外包解决方案。,"https://www.zhaopin.com/jobdetail/CCL1480117890J40792005705.htm?refcode=4019&srccode=401901&preactionid=a7c1140f-c46c-45e5-b867-ab342d8bdc77"
1922,前端开发,济南-历城区,5000-7000元,山东旗瑞信息技术有限公司,计算机软件,20-99人,,CCL1501776230J40717217116,岗位详情 1. 运用HTML、CSS等技术，负责公司网站及Web应用的前端页面开发。 2. 与产品经理、后端工程师紧密协作，完成前后端数据交互，优化产品功能。 3. 对现有前端项目进行维护和迭代升级，解决页面出现的问题，提升页面性能。 任职要求 1. 专科及以上学历，计算机相关专业优先。 2. 熟悉HTML、CSS，熟悉ES6+语法，能协助完成前端页面搭建 。 3. 至少熟练掌握一种主流前端框架，如Vue、React等。,5月28日,,"https://www.zhaopin.com/jobdetail/CCL1501776230J40717217116.htm?refcode=4019&srccode=401901&preactionid=a7c1140f-c46c-45e5-b867-ab342d8bdc77"
1923,Java,西安-雁塔区,1.5-2.5万,外企德科数字技术有限公司,专业技术服务,10000人以上,,CCL1480117890J40789837705,岗位要求： 1、扎实的编程能力，熟悉算法和数据结构；熟悉计算机的基础理论； 2、熟练使用java/c/c++/python/js其中一种语言，掌握Spring相关生态开源框架，熟悉MySql、MQ、Redis、SpringCloud等，熟悉事务、缓存、消息、负载均衡等； 3、熟悉Linux开发环境； 4、具有大规模高并发云服务设计和开发经验优先； 5、有微服务、容器相关开发经验优先。 任职要求： 1、扎实的编程能力，熟悉算法和数据结构；熟悉计算机的基础理论； 2. 软件基础扎实，熟悉掌握但是不限于Java/Js/C/C++/Python/Go/JS等编程语言，有良好的编程习惯。 3. 具备独立工作能力和独立解决问题的能力，善于沟通，乐于协作，热衷于新技术，善于总结分享，喜欢动手实践。,2025-07-27 00:25:44,外企德科数字技术有限公司是一家2023年新成立的中外合资企业。成立于2023年11月24日，公司定位：专注于为信息技术企业提供人才及数字技术外包解决方案的中外合资企业。它是由中国人力资源服务行业的FESCO（北京国际人力资本集团）与全球人力资源服务领导者The Adecco Group（德科集团）合资成立的。公司主要提供网络技术服务、软件外包服务、计算机系统服务、技术进出口、软件开发等信息技术相关服务。专注于为信息技术企业提供信息技术类人才及数字技术外包解决方案。,"https://www.zhaopin.com/jobdetail/CCL1480117890J40789837705.htm?refcode=4019&srccode=401901&preactionid=a7c1140f-c46c-45e5-b867-ab342d8bdc77"
1924,C/C++,南京-雨花台区,1.5-3万·14薪,外企德科数字技术有限公司,专业技术服务,10000人以上,,CCL1480117890J40796453805,岗位要求: 1、统招本科及以上学历，双证齐全(已到手，学信网可查） 2、掌据C/C++/Java/python/Go/JS一种或多种编程语言，热爱编程 3、掌握常用的数据结构、数据算法 岗位优势： ①大厂市场且稳定的薪酬福利收入(根据面试能力评价等定级定薪) ②个人编程能力的快速学习提升(导师6个月带教) ③行业前沿的技术框架(不用担心未来如果换工作技术框架不适用) ④行业的产品研发项目管理流程、编码规范培训、纯粹的工程师氛围(您要相信，和优秀的人一起工作，您也必定变得更优秀) 公司福利: 1.入职即缴纳五险一金+商业险，全额缴纳社保及公积金 2.一年数次考评，薪资、职级可上浮 3.带薪年假5-15天 4.免费夜宵，城际班车，舒适的办公环境 5.免费健身房，各种娱乐活动(可自行选择是否参加，不参加就早点下班哦）,2025-07-27 00:26:09,外企德科数字技术有限公司是一家2023年新成立的中外合资企业。成立于2023年11月24日，公司定位：专注于为信息技术企业提供人才及数字技术外包解决方案的中外合资企业。它是由中国人力资源服务行业的FESCO（北京国际人力资本集团）与全球人力资源服务领导者The Adecco Group（德科集团）合资成立的。公司主要提供网络技术服务、软件外包服务、计算机系统服务、技术进出口、软件开发等信息技术相关服务。专注于为信息技术企业提供信息技术类人才及数字技术外包解决方案。,"https://www.zhaopin.com/jobdetail/CCL1480117890J40796453805.htm?refcode=4019&srccode=401901&preactionid=a7c1140f-c46c-45e5-b867-ab342d8bdc77"
1925,技术支持工程师,上海-浦东新区,120-150元/天,上海怡贝自动化控制技术有限公司,"仪器仪表制造,电子/半导体/集成电路,通信/网络设备",20-99人,不需要融资,CC135085620J40616182013,工作职责： 1、负责公司对客户的方案推荐，产品选型，技术培训等技术支持工作 2、学习并掌握公司各种产品的功能和特性； 3、挖掘客户需求，维护客户关系，反馈客户信息； 4、制作技术文档； 5、完成领导交办的其他任务 任职要求： 1、本科以上学历，电子、机械、光学、材料、仪器仪表相关专业优先； 2、具备良好的沟通能力，团队协同能力，及对接客户需求能力,2月9日,上海怡贝自动化控制技术有限公司致力于自动化控制领域的新技术研究和应用。主要的产品和技术涉及桌上机器人控制系统，磁致伸缩测距系统，高精度信号隔离系统，气体探测报警系统等。下一阶段，公司把智能工厂作为公司的发展策略。在新的历史机遇之前，我们将以周公吐哺之心广纳天下英才，希望能在智能工厂，物联网行业与大家共谋发展。,"https://www.zhaopin.com/jobdetail/CC135085620J40616182013.htm?refcode=4019&srccode=401901&preactionid=a7c1140f-c46c-45e5-b867-ab342d8bdc77"
1926,软件测试,成都-成华区,7000-10000元,重庆科满福人力资源服务有限公司,企业服务,20-99人,,CCL1487604860J40929151004,【岗位职责】： 1、软件测试岗位职责  2、接受测试任务，进行需求分析 3、按照测试计划搭建测试环境，并保证测试环境的可靠性 4、按照测试计划编亏测试用例，保证测试用例合理有效 5、按照测试用例执行测试，及时发现缺陷，并使用工具进行管理缺陷 6、编写和提交测试报告，保证测试进度按计划完成 7、参与审核其他测试工程师的测试用例和报告 8、学习公司已有方案和推广使用新的测试技术和工具 ,7月7日,,"https://www.zhaopin.com/jobdetail/CCL1487604860J40929151004.htm?refcode=4019&srccode=401901&preactionid=a7c1140f-c46c-45e5-b867-ab342d8bdc77"
1927,技术支持工程师,常州-新北区,8000-12000元,温康纳（常州）机械制造有限公司,"电气机械/电力设备,计算机软件",20-99人,未融资,CC171271010J40304198807,岗位职责:安装调试机器，及售后服务,6月12日,温康纳（常州）机械制造有限公司是德国“Wemhoener”在中国常州投资的制造工厂，秉承“德国品质，中国制造”的理念，主要从事木质人造板、木制品表面处理设备的研发、制造、销售及服务，包括三聚氰胺浸渍纸压贴生产线、三维覆膜生产线、UV数码打印与辊涂生产线、多层热压生产线及平压生产线，以创新引领市场、品质感动用户、服务助推发展为理念，产品销往世界各地，深得用户的信赖。公司现有员工200多人，拥有完善的管理体系，为员工提供广阔的工作平台及发展空间、众多的国内外专业培训机会与极具竞争力的福利待遇，包括：Ø员工保险：五险一金、附加商业保险Ø薪资福利：带薪年假、工龄补贴、高温补贴、月度绩效奖金、年度调薪及年终奖金Ø员工活动：公司年会、员工运动会、员工技能大赛、家庭日活动Ø员工福利：优秀员工、长期服务奖、贡献奖、公司员工直系亲属患重大疾病慰问计划、员工子女寒暑假托管班、员工福利体检、节日福利、生日福利、周末双休、工作餐等。公司愿与所有员工一起成长进步，共同追求美好的未来，热烈欢迎有志之士加盟！更多信息，请登录www.wemhoener.cn,"https://www.zhaopin.com/jobdetail/CC171271010J40304198807.htm?refcode=4019&srccode=401901&preactionid=a7c1140f-c46c-45e5-b867-ab342d8bdc77"
1928,软件测试,抚州-南城县,7000-12000元,重庆科满福人力资源服务有限公司,企业服务,20-99人,,CCL1487604860J40935636004,软件测试 【岗位职责】： 1、软件测试岗位职责  2、接受测试任务，进行需求分析 3、按照测试计划搭建测试环境，并保证测试环境的可靠性 4、按照测试计划编亏测试用例，保证测试用例合理有效 5、按照测试用例执行测试，及时发现缺陷，并使用工具进行管理缺陷 6、编写和提交测试报告，保证测试进度按计划完成 7、参与审核其他测试工程师的测试用例和报告 8、学习公司已有方案和推广使用新的测试技术和工具,2025-07-27 01:11:47,,"https://www.zhaopin.com/jobdetail/CCL1487604860J40935636004.htm?refcode=4019&srccode=401901&preactionid=a7c1140f-c46c-45e5-b867-ab342d8bdc77"
1929,软件测试,襄阳-襄城区,5000-7000元,天阳科技,"计算机软件,计算机软件",1000-9999人,已上市,CC120408370J40512389608,1.全国项目驻场测试，主要负责功能、数据或接口等相关测试工作； 2.统招本科学历及以上（学信网可查）；毕业满2年；计算机专业优先； 3.热爱软件测试行业、有强力的自驱力，能够在测试岗位深入学习研究； 4.有无经验均可，服从公司安排，接受公司培养，可接受异地工作优先； 福利待遇： 上市公司、公司可提供住宿、定期体检、带薪年假； 欢迎符合要求的小伙伴们投递~,7月17日,天阳科技(股票代码：300872)，是全球金融创新服务的重要贡献者，持续赋能中国金融行业数字化转型，为客户提供咨询、金融科技产品、金融IT服务、云计算及运营服务。公司成立于2003年，服务超过300家金融行业客户，覆盖中央银行、政策性银行、国有银行、股份制银行、地方性商业银行、非银行金融机构等，员工人数近7000人，成为激活金融领域创新活力、推动金融科技迈入世界领先水平的重要力量。作为金融行业客户可信赖的合作伙伴，天阳科技凭借丰富的行业经验和端到端的专业服务，在信创、数字化金融、信贷、交易银行、信用卡、零售、营销、风险管理、征信监管等众多领域具备核心竞争力。据赛迪和IDC报告显示，近年来公司在中国银行业IT解决方案市场排名强势崛起，2019年收入及市场占有率综合排名分别位列第四位和第五位，并保持高速增长。同时，前瞻商业和科技趋势，入选2021年度未来银行科技服务商TOP100。天阳科技始终聚焦金融科技领域，加大自主创新力度，在超过100个城市建立本地化、专业化的研发和服务团队，拥有CMMI5级认证、软件测试成熟度模型集成（TMMi）3级认证、ISO9001质量管理体系认证、ISO20000信息技术服务管理体系认证、IS027001信息安全管理体系认证。通过部署人工智能、云计算、大数据、移动互联网、分布式计算和区块链等先进金融科技，公司致力于构建安全可控、普惠民生、开放共赢格局，在关键技术领域服务现代化金融发展大局，更好地为各利益相关方创造更大价值，为大中企业、小微企业以及每个个体提供优质金融服务。,"https://www.zhaopin.com/jobdetail/CC120408370J40512389608.htm?refcode=4019&srccode=401901&preactionid=a7c1140f-c46c-45e5-b867-ab342d8bdc77"
1930,实施工程师,呼和浩特-和林格尔县,90-100元/天,北京三维天地科技股份有限公司,"计算机软件,互联网,IT服务",1000-9999人,D轮及以上,CC000573220J40606341913,1、参与用户需求沟通与分析，收集整理用户需求； 2、参与解决方案制定、负责指定系统的测试、报表制作等工作；  3、负责撰写实施文档、用户培训、实施上线、跟进应用需求；  4、参与驻场项目实施，能接受长期出差； 5、参与项目实施总结，知识提炼与分享； 6、领导分配给的其他工作,6月14日,北京三维天地科技股份有限公司成立于1995年，是国内知名的检验检测信息化和数据资产管理领域的软件开发服务商，致力于为客户提供信息化整体解决方案及相关软件产品与服务，于2022年1月7日登陆深交所创业板。公司不断追求产品技术先进性和应用服务个性化，拥有多项自主知识产权及自主研发核心技术，产品广泛应用于政府机构、大型央企及世界知名企业，为其提供优秀的产品和服务。公司业务覆盖全国三十余个省及直辖市，目前公司在香港、海南、东莞、广西设有4家子公司，在厦门、上海、广州、深圳、重庆、西安、武汉、成都、济南、南京、贵阳、杭州、长沙、郑州、合肥、沈阳、乌鲁木齐等地区设有17家分公司，在石家庄等地区设立了多家办事处，有效实现了对不同区域、不同行业、不同规模企业组织的营销覆盖，构建了成熟、稳定、多层次的营销、交付以及运维服务体系。作为多个国家标准的工作组成员单位、起草单位，三维天地公司是产品质量大数据国家高新技术产品标准化试点单位，致力于国家质量基础设施（NQI）信息化实施服务，并参与起草了一系列数据管理相关的国家标准，在数据标准化与质量大数据相关领域，始终作为国内具有竞争力的技术先行者。今后，公司的发展战略重心将紧紧围绕政府关注，定制开发自主可控的数字化产品，支撑经济社会高质量发展。,"https://www.zhaopin.com/jobdetail/CC000573220J40606341913.htm?refcode=4019&srccode=401901&preactionid=a7c1140f-c46c-45e5-b867-ab342d8bdc77"
1931,前端开发,成都-郫都区,1.1-2万,北京飞讯数码科技有限公司,"IT服务,计算机软件,计算机硬件,互联网",300-499人,未融资,CC153684310J40935581504,岗位职责： 1.负责嵌入式平台下QT框架的图形界面（GUI）设计、开发及优化；   2.开发跨平台的QT应用程序，确保高性能、低资源占用；   3.对接硬件驱动层，完成数据通信、协议解析及交互逻辑实现。   4.基于Vue.js框架开发响应式Web应用，实现高效的用户交互体验；   5.配合后端完成RESTful API对接，实现前后端数据交互；   6.优化Web前端性能，确保跨浏览器、跨终端兼容性； 7.参与嵌入式设备与Web端的数据通信方案设计（如WebSocket、MQTT等）；   8.协助完成系统架构设计，确保嵌入式端与Web端的高效协同；   9.编写技术文档，维护； 任职要求： 1. 熟练掌握QT框架，有相关开发经验者优先； 2. 熟悉Vue.js等前端开发框架，能够独立完成前端开发任务； 3. 了解前后端数据交互方式，能够使用RESTful API等技术； 4. 对嵌入式开发和Web开发技术有深入理解，能够处理相关开发工作； 5. 具备良好的系统架构设计能力和跨平台开发能力； 6. 具有良好的文档编写能力和团队合作精神。,7月25日,东土科技防务事业群是智慧防务自主可控技术的引领者，专注于为国防信息化领域提供优质的自主可控产品和服务。防务事业群中的子公司均是创业板上市公司东土科技(股票代码300353)旗下控股子公司。防务事业群业务涵盖安全可信的音视频指挥与调度系统、自主可控的网络数据交换与服务器以及国产化“道”操作系统三大领域，各项技术指标在行业中均处于领先水平，已成功定型并列装了多款航空、舰船、车辆、兵器、固定指挥所、机动指挥所等防务领域信息化智能装备。防务事业群旗下三家子公司(东土军悦、科银京成、飞讯数码)均具备相关资质，是国家级高新技术企业。北京市双软认定企业、北京市专利试点企业，自主可控产品和创新技术均具有完全自主知识产权，累计拥有各项发明专利、软件著作权300余项。防务事业群秉承“客户至上，责任担当，尊重团结，融合创新”的核心价值观，为未来无人化、智能化战争提供网络化操作环境物理信息系统整体解决方案，助力我国防务网络信息技术全部国产化。北京飞讯数码科技有限公司成立于2004年，是国内领先的JG指挥调度系统整体解决方案服务商。飞讯数码是国家级高新技术企业、北京市双软认定企业、国家J用标准GJB9001B质量体系认证企业、JG保密资格单位、装备承制资格注册单位，产品通过了CCC国家强制性产品认证，拥有上百项计算机软件著作权和数十项专利。飞讯数码自成立以来，一直专注于JG行业音视频信息化系统的设计开发、生产和技术服务。在过去的发展过程中，公司凭借着自身的技术优势，飞讯数码为JG行业提供了多个应用场景下的指挥调度系统产品和解决方案，持续为JG行业的音视频信息化做出贡献。北京东土军悦科技有限公司成立于2009年，是国内唯一一家拥有最高自主可控等级网络交换芯片的企业。东土军悦致力于JD信息网络技术与ZB的创新研究，为JD提供完全自主设计制造、自主可控、安全可信的一体化通信网络、战术协同自组网系统、视频监控与指挥调度系统及整体解决方案。公司依靠自主研发设计，全面掌握从核心芯片、架构设计到系统集成的关键技术。为了满足JD信息网络安全的需要，公司成功研制目前国内唯一从芯片设计、流片制造到封装测试全过程在境内完成的网络交换芯片。公司曾参与多项JD的信息系统研制建设，自主设计研发生产的J用交换网络设备、PTN多业务传输平台、VPX融合通信服务器等装备广泛用于各J兵种通信与指控系统，以及新型火炮、海上舰艇、作战飞机、东风系列DD等主Z武器平台，能够适应固定指挥所、办公场所和车载、舰载、机载等应用场景，各项性能指标在国内外同类产品中处于领先水平。北京科银京成技术有限公司成立于2000年，是国内唯一全面覆盖航空、舰船、兵器等各领域在役、在研重要ZB的嵌入式操作系统及开发工具供应商。公司总部设立在北京，研发中心位于成都。科银京成参与多项国家863、核高基重大科技专项课题，在863计划中获得先进单位称号；科银京成自成立至今，一直从事嵌入式基础软件平台产品的研发与推广，面向J用、民用电子装备提供嵌入式操作系统、开发环境和应用工具的研发、销售及服务，其产品列装多款航空、舰船、兵器等领域在役、在研重大型号装备。,"https://www.zhaopin.com/jobdetail/CC153684310J40935581504.htm?refcode=4019&srccode=401901&preactionid=a7c1140f-c46c-45e5-b867-ab342d8bdc77"
1932,科研人员,大连-沙河口区,5000-8000元,中科院大连化学物理研究所,"学术/科研,医药制造,石油/石化,互联网",1000-9999人,未融资,CC120549380J40720526005,岗位类别：编外项目聘用 岗位职责：钙钛矿太阳电池研究及其大面积组件的设计和制备 招聘人数：2-3人 学历要求：理工科硕士学位及以上，优秀者可放宽至本科 应聘条件： 1.熟悉钙钛矿材料及其太阳电池的制备、表征和性能测试。 2.光伏组件技术相关学习或工作经历，具有钙钛矿电池组件开发经验者优先考虑。 3.能够独立开展科研工作，具备良好的实验操作技能和实验室安全知识。 4.具有良好的沟通能力和团队合作精神。 工作地址：大连市沙河口区中山路457号大连化物所（星海所区） 薪酬待遇：一事一议；五险一金、采暖补贴、用餐补贴（500元/月）、定期体检等； 简历投递邮箱：jwliu艾特dicp.ac.cn（刘老师） 简历通过筛选后，听候通知进行面试。未通过简历筛选者恕不另行通知。,1月20日,中国科学院大连化学物理研究所（以下简称“大连化物所”）创建于1949年3月，当时定名为“大连大学科学研究所”，1961年底更名为“中国科学院化学物理研究所”，1970年正式定名为“中国科学院大连化学物理研究所”。大连化物所是一个基础研究与应用研究并重、应用研究和技术转化相结合，以任务带学科为主要特色的综合性研究所。六十多年来，大连化物所通过不断积累和调整，逐步形成了自己的科研特色。1998年，大连化物所成为中国科学院知识创新工程首批试点单位之一。2007年经国家批准筹建洁净能源国家实验室。2010年8月，大连化物所在“创新2020”发展战略研讨会中将所发展战略修订为“发挥学科综合优势，加强技术集成创新，以可持续发展的能源研究为主导，坚持资源环境优化、生物技术和先进材料创新协调发展，在国民经济和国家安全中发挥不可替代的作用，创建世界一流研究所。”大连化物所重点学科领域为：催化化学、工程化学、化学激光和分子反应动力学以及近代分析化学和生物技术。大连化物所围绕国家能源发展战略，于2011年10月启动了洁净能源国家实验室（DNL）的筹建工作，DNL是我国能源领域筹建的第一个国家实验室，共规划筹建化石能源与应用催化、低碳催化与工程、节能与环境、燃料电池、储能、氢能与先进材料、生物能源、太阳能、海洋能、能源基础和战略、能源研究技术平台等11个研究部。大连化物所还拥有催化基础国家重点实验室和分子反应动力学国家重点实验室两个国家重点实验室，以及甲醇制烯烃国家工程实验室、国家催化工程技术研究中心、膜技术国家工程研究中心、燃料电池及氢源技术国家工程中心、国家能源低碳催化与工程研发中心等多个国家级科技创新平台。大连化物所围绕国防安全、分析化学、精细化工和生物技术广泛开展基础性、战略性、前瞻性研究工作，设立化学激光研究室、航天催化与新材料研究室、仪器分析化学研究室、精细化工研究室和生物技术研究部等五个研究室。另外，大连化物所还与国外著名大学、公司和研究机构联合设立了中法催化联合实验室、中法可持续能源联合实验室、中德催化纳米技术伙伴小组、中韩燃料电池联合实验室、DICP-BP能源创新实验室和SABIC-DICP先进化学品生产研究中心等十几个国际合作研究机构。　2016年以来，大连化物所按照中科院的统一部署，经过反复研讨和凝练，确定和完善了研究所“十三五”期间的“一三五”规划，即，一个定位：“以洁净能源国家实验室为平台，坚持基础研究与应用研究并重，在化石资源优化利用、化学能高效转化、可再生能源等洁净能源领域，持续提供重大创新性理论和技术成果，满足国家战略需求，发挥不可替代的作用，率先建成世界一流研究所。”；四个重大突破：“基于自由电子激光平台的能源化学转化本质与调控、以合成气制乙醇为代表的化石资源转化利用、新型动力电源与储能技术、以化学激光为代表的化学能高效转化”；八个重点培育方向：“太阳能光-化学和光-电转化技术及科学利用、秸秆催化转化利用技术、甲烷和合成气直接转化制高值化学品、微反应技术、基于组学分析新技术的转化医学研究、寡糖农用制剂创制及应用推广、生态环境监测技术及设备、绿色高效推进技术”。自建所以来，大连化物所造就了若干享誉国内外的科学家及一大批高素质研究和技术人才，先后有19位科学家当选为中国科学院和中国工程院院士，3位当选为发展中国家科学院院士，1位当选为欧洲人文和自然科学院院士。截至2017年底，在所工作的国家杰出青年基金获得者23人，中国科学院“百人计划”42人。大连化物所是国务院学位委员会授权培养博士、硕士学位的单位，具有物理学、化学、材料科学与工程、化学工程与技术、环境科学与工程五个一级学科博士学位授予权，具有博士生导师、硕士生导师资格审批权，截至2016年底，共有博士生导师136人，硕士生导师235人，在读研究生872人，其中博士587人，硕士285人，已培养研究生2505名，其中博士1655名，硕士850名。设博士后流动站，在站博士后173人。　2011年以来，大连化物所取得各类科研成果247项，以第一完成单位获得省部级以上奖励60余项，其中获得国家奖励8项，中科院、省部级一等奖12项。2013年，张存浩院士获得国家最高科学技术奖；2014年，“甲醇制取低碳烯烃技术”获得国家技术发明一等奖。　2011年以来，大连化物所第一产权发表SCI论文总数3238篇。其中，影响因子大于5的1203篇，265篇学术论文发表在Science、Nature、Angew. Chem.、JACS等学术刊物以及相关学科顶级刊物上（IF>9）。出版科技专著11部。　2011年以来，大连化物所累计申请专利5229件，其中发明专利4782件，累计专利授权1752件，其中发明专利授权1540件；累计获得国外专利授权126件。大连化物所主持出版国内催化领域和色谱领域核心期刊《色谱》和《催化学报》以及英文学术期刊Journal of Energy Chemistry（能源化学）。其中《催化学报》和Journal of Energy Chemistry（能源化学）被SCI-E收录。,"https://www.zhaopin.com/jobdetail/CC120549380J40720526005.htm?refcode=4019&srccode=401901&preactionid=a7c1140f-c46c-45e5-b867-ab342d8bdc77"
1933,前端开发,广州-南沙区,100-150元/天,广州中科易德科技有限公司,计算机软件,20-99人,,CC827639680J40733881207,招26届实习生 岗位职责： 1. 负责Web端系统功能设计和实现； 2. 使用Js，Html5等前端技术，创建用户友好、符合标准、跨平台的应用； 3. 建立前端组件库、技术标准和质量控制方法，优化前后端开发方式及协作流程；   任职要求： 1. 具备良好的计算机基础，了解常用的数据结构和算法； 2. 熟悉 HTTP 的基本工作原理及常用 Web 调试工具； 3. 熟练使用主流的JS开发框架（Vue、react、layui优先）； 4. 具有小程序开发经验优先； 5. 系统思维能力好，善于沟通。,4月11日,广州中科易德科技有限公司，是由广州软件应用技术研究院（原“广州中国科学院软件应用技术研究所”）孵化成立的科技企业，企业前期已获得广东省食品监管大数据工程技术研究中心和广州市数据智能与应用技术重点实验室的认定，目前已掌握70+项国家、省级标准规范、50+项核心自主知识产权，已通过国家高新技术企业、ISO 27001信息安全管理体系、ISO 9001质量管理体系等权威资质认证。中科易德整合区块链、人工智能、物联网、大数据等技术自研区块链溯源平台、食药品监管平台为全球客户提供食药品一体化监管、区块链溯源、区块链综合服务、数字乡村等产品服务和行业解决方案。先后承担了国家级、省部级科研项目开发，科技成果转化产品在全国30多个地区和各监管部门得到广泛应用和认可，包括连续4年获国家药品监督管理局嘉奖的广东省智慧药监平台、已接入国务院小程序的广东省冷库通系统、覆盖全省21个地级市的广东省食用农产品市场销售质量安全监管系统以及全行业适用的中科易溯源SaaS平台等、已服务包括政府监管部门、食品、农业、医药、化妆品、连锁经营等行业在内的10W+用户。,"https://www.zhaopin.com/jobdetail/CC827639680J40733881207.htm?refcode=4019&srccode=401901&preactionid=a7c1140f-c46c-45e5-b867-ab342d8bdc77"
1934,前端开发,北京-海淀区,1.4-1.6万,北京百米互联科技有限公司,"计算机软件,IT服务",100-299人,未融资,CC404298980J40768271910,前端工程师 主要职责： 1）根据项目计划完成需求交付，保证项目质量和进度； 2）沟通能力良好，能够跟合作方友好沟通； 3）具有一定的产品意识，能主动优化产品需求； 4）家装行业或电商行业相关经验优先。 任职要求： 1）计算机或其他相关专业本科以上学历； 2）熟悉前端react相关技术栈，有PC端、移动端和小程序端开发经验等； 3）熟悉NODE优先，对全栈开发有一定的了解； 4）喜欢编程，有很强的分析能力和定位问题的能力； 5）有很强的责任心，做事严谨，有良好的沟通能力。,7月22日,1.公司介绍北京百米互联科技有限公司，是致力于提供卓越的咨询和科技服务的提供商。自2013年成立以来，在航空、地产、教育、医疗等领域为客户提供服务。公司注册资金1000万元，截至2017年底，共有员工100多名。北京百米互联科技有限公司以为客户提供卓越服务，成就客户为企业核心价值观。坚持以客户为中心，快速响应客户需求，持续为客户创造长期价值，为客户提供有效服务，成就客户，与客户共同成长。 2.主营业务外包服务既采用人员派遣服务的方式在客户现场进行短期或长期开发工作，同时也采用off-site等方式和客户进行各类合作。咨询服务为行业客户提供包括总体规划、技术支持、监理、培训、咨询等在内的一流的、全方位服务。代销分销依靠在行业的领先优势及完善的渠道，积极与国际著名厂商进行代理及分销的合作，从而实现优势互补，为客户提供全面成熟的总体解决方案。 3.服务优势雄厚的技术实力作为专业化的IT增值服务供应商，荟萃国内业界优秀人才，具有丰富的专业技术知识、行业解决经验和项目实施经验，组成一支实力雄厚的专业服务团队。我们的目标是成为电子商务时代最负责任的IT服务专家。严格的质量保证百米互联在技术维护服务中，严格遵照ISO9001：2000的质量管理体系标准，始终坚持“质量第一、客户至上”的原则，经多年的服务经验的总结，建立了一套完整、科学的质量控制体系和服务管理规范，保证每个项目都完全达到质量要求标准。科学的项目管理百米互联从过去承接的诸多大型维护项目中积累了大量丰富的项目管理经验，并不断汲取国外惯用的先进项目管理方法的优点，形成了特有的项目管理方式，在具体项目的实施中得到了用户的高度认可。合理的价格百米互联在服务上优质快速，而在价格上比较优惠与合理。这样无论在服务质量上或是经济承受能力上都为客户考虑，同时又可以建立长期的合作关系。增值的服务与长期的合作百米互联在与客户的合作之后，将技术传授给客户系统管理员，为客户提供实用的免费技术培训，提供未来发展动向及新的技术信息。同时在以后客户系统升级中，提供更加合理的价格。,"https://www.zhaopin.com/jobdetail/CC404298980J40768271910.htm?refcode=4019&srccode=401901&preactionid=a7c1140f-c46c-45e5-b867-ab342d8bdc77"
1935,硬件测试,西安-雁塔区,6000-12000元,西安环宇芯微电子有限公司,"IT服务,检测/认证,船舶/航空/航天/火车制造",20-99人,未融资,CC545780230J40928119204,职位介绍： 1、能对微小模块及大功率模块进行编程； 2、能根据测试结果进行失效分析及判定； 3、能搭建测试平台。 职位要求： 1、本科及以上学历，微电子、电子工程、自动化、通信及相关专业； 2、有相关工作经验者优先； 3、熟练运用办公软件； 4、有较强的沟通协调能力； 5、工作严谨，做事稳重，能够严守工作秘密。 福利待遇：五险一金、双休、带薪年假、生日卡、节假日福利、餐补,7月7日,西安环宇芯微电子有限责任有限公司，是一家从事电子元器件、电子部件的检测、环境试验、可靠性试验、筛选、失效分析、破坏性物理分析及相关技术服务的第三方检测机构。公司位于西安市高新技术开发区，荣获国家高新技术企业，拥有40多名多年从事电子元器件专业检测试验的高素质人员，技术力量雄厚，专业优势明显；试验场地2400平方米，从英法德日等国进口的先进实验设备、仪器仪表200余台/套，专业种类齐全。公司于2018年12月19日获批CNAS国家实验室和DILAC国防实验室认可，2019年4月11日通过武器装备质量管理体系认证。,"https://www.zhaopin.com/jobdetail/CC545780230J40928119204.htm?refcode=4019&srccode=401901&preactionid=a7c1140f-c46c-45e5-b867-ab342d8bdc77"
1936,科研人员,重庆-大渡口区,7000-10000元,重庆德谷医学检验实验室有限公司,医疗检测,20-99人,未融资,CCL1347816470J40801614008,任职条件 -研究生或以上学历; -生物材料/生物化学/生物工程/分子生物学专业方向，有过项目设计经验优先;-须发表过一篇SCI论文; 有较强的实验技能(如:材料合成，细胞实验，小动物实验等): -时间观念以及责任感强; -自主学习能力较强; 工作职责: 保持学习新知识、新技术，跟踪科研热点; .保持良好的实验习惯，严格遵守实验室规章制度，对自己和他人实验负责;定期参加实验技能培训; 根据研究数据的结果进行论文的撰写及相关工作; .及时沟通反馈实验中出现的问题， 有较强的实验技能(如:材料合成，细胞实验，小动物实验等);时间观念以及责任感强;,7月9日,重庆德谷医学检验实验室有限公司（以下简称“重庆德谷”）是康圣环球医学特检集团旗下子公司，是一家以血液专科检验服务为核心，集研发、科研、试剂及冷链物流服务为一体的第三方检验机构。重庆德谷具有全国领先的临床检验技术、产品研发及科研能力，拥有高分辨流式检测平台、三代测序平台、单细胞平台、细胞遗传平台、质谱平台及生物材料平台等专业平台，致力于为临床医疗提供专业的检测和科研服务。重庆德谷遵循国际规范、标准和行业指南，深刻洞察客户需求。秉承“病人利益至上、医生需求第一”的宗旨，与多家前沿高新技术公司深度合作，面向中国大型三级医院、专科医院和综合性医院提供全面、先进和准确的专科特检服务。,"https://www.zhaopin.com/jobdetail/CCL1347816470J40801614008.htm?refcode=4019&srccode=401901&preactionid=a7c1140f-c46c-45e5-b867-ab342d8bdc77"
1937,实施工程师,重庆-江北区,100-120元/天,重庆市筑云科技有限责任公司,"工程技术与设计服务,工程施工,装饰装修,工程技术与设计服务",100-299人,未融资,CC238552880J40269945008,任职内容:   参与公司数字建造平台的实施管理，包括平台零代码功能的部署与开发，参与功能测试并提供测试报告，平台数据维护（包含BIM数据，GIS数据，物联网数据，业务数据等），辅助客户（项目与企业）进行的平台应用与培训，参与需求调研及文档编制。,10月24日,"筑云科技（简称BIMCC），一家专注于为国内建设工程行业（AEC）提供一体化数字建设解决方案的国家级高新技术企业，提供包含数字建造平台、BIM工程咨询、智慧工地建设、系统研发与集成、BIMVR（工程虚拟现实）/MR、工程类教育产品及研发等新一代工程信息技术咨询服务与产品。筑云总部位于重庆，在北京、四川、深圳等地成立了分公司，聚集了建筑工程领域、IT领域、VR等领域的高级人才，形成博士到本科，教授（高工）到工程师，专业能力与新一代信息技术相融合的多维度团队体系。经过多年的技术积累和发展，已经为中建系统、中铁系统、中交系统、中水电系统、南方电网、万科、碧桂园、旭辉、三一重工、华为、重庆建工集团、林同棪国际等知名企业提供BIM技术咨询及数字建造信息化系统建设等服务，积累了丰富的业绩和行业经验。公司至今已经获得30余项软件著作权及专利授权，所开发的BIMCC数字建造平台、工蜂视联体系、智慧工地系统、BIMGIS引擎等具有先进技术特性的产品，在大型公共建筑、桥梁、轨道工程、水利工程等项目中获得成功应用。秉承""立足实际扎实推进积极创新”的服务理念，服务的项目和产品屡获殊荣，多个项目荣获国家级BIM竞赛一等奖及省部级BIM示范项目，多项产品获得重庆市高新技术产品称号，在国内具有较高知名度。公司现为重庆市勘察协会BIM分会监事单位，重庆市土木建筑学会理事单位，重庆市建筑业协会BIM技术应用促进会成员，全国建筑信息化教育论坛理事单位，并与多家知名建筑企业及软件开发企业建立了战略合作伙伴关系。同时，公司关注建筑信息化人才教育和培养，与多个高校签署校企合作协议，出版BIM教材与读物、创办BIMCC云课堂、开发AioB工程教学平台，为行业人才发展增添了力量。秉承“业精于勤、踏实耕耘”的经营理念，最尽职的团队，运用BIM、云计算、IoT、VR等最有效的新一代信息技术体系，以最优质的服务体系为客户带来实际的应用效益!","https://www.zhaopin.com/jobdetail/CC238552880J40269945008.htm?refcode=4019&srccode=401901&preactionid=a7c1140f-c46c-45e5-b867-ab342d8bdc77"
1938,软件测试,郑州-二七区,6000-8000元,河南智搜量信息科技有限公司,互联网,300-499人,未融资,CCL1491001470J40665757109,岗位福利：五险一金、周末双休、带薪年假、节日福利、定期体检、下午茶 岗位职责： 1、协助工程师进行产品的缺陷跟踪、测试报告分析等； 2、协助工程师统计数据，兵保证数据输出的准确性； 3、异常日志及缺陷日志跟踪、反馈等工作；   任职资格：   1、有过测试经验者优先，可接受应届毕业。   2、踏实稳定，入职有老员工带，有完善的晋升体系；   3、拥有较好的沟通技巧及团队合作精神，较强的责任感及进取精神。      ,1月18日,河南智搜量信息科技有限公司是一家做鸿蒙深度开发、人工智能系统开发、无人驾驶技术研发等多项目高新技术研发类公司，智搜量正在实施的项目上已经有300+技术员工，作为95后、00后的一员，我们能带给你：【薪资多多】：无责底薪+绩效+六险一金+13薪，90%员工综合月薪7k-9k；【假期多多】：周末双休、法定节假日、年假、婚假、生育假、丧假等；【机会多多】：试用期培训+在职培训+晋升培训，学习机会，助力成长；【晋升多多】：良好的晋升空间，公司90%管理内部晋升，公平公正机会多；【活动多多】：下午茶歇（零食+奶茶）、旅游、聚餐、生日会、拓展训练等；【朋友多多】：工作氛围超nice，亲切友善的同事，和谐轻松舒适的工作环境；【休息多多】：上午：9:00--11:50，下午：14:00--18:00我们期待初出茅庐充满干劲的你，驰骋沙场经验丰富的你，打算转型寻求破圈的你！,"https://www.zhaopin.com/jobdetail/CCL1491001470J40665757109.htm?refcode=4019&srccode=401901&preactionid=a7c1140f-c46c-45e5-b867-ab342d8bdc77"
1939,软件测试,重庆-渝北区,7000-10000元,重庆科满福人力资源服务有限公司,企业服务,20-99人,,CCL1487604860J40922907004,【岗位职责】： 1、软件测试岗位职责  2、接受测试任务，进行需求分析 3、按照测试计划搭建测试环境，并保证测试环境的可靠性 4、按照测试计划编亏测试用例，保证测试用例合理有效 5、按照测试用例执行测试，及时发现缺陷，并使用工具进行管理缺陷 6、编写和提交测试报告，保证测试进度按计划完成 7、参与审核其他测试工程师的测试用例和报告 8、学习公司已有方案和推广使用新的测试技术和工具 ,6月28日,,"https://www.zhaopin.com/jobdetail/CCL1487604860J40922907004.htm?refcode=4019&srccode=401901&preactionid=a7c1140f-c46c-45e5-b867-ab342d8bdc77"
1940,科研人员,苏州-虎丘区,7000-12000元,北京衮雪科技有限公司,"计算机硬件,IT服务,医药制造",100-299人,,CC418461310J40652440013,职位描述,7月22日,衮雪科技由留学归国人员于2006年在北大科技园创立，致力于为药物研发及相关企业提供优质的研发管理、业务管理软件及数据库产品。创业团队成员分别具有在国际知名科技信息服务公司、IT公司及制药企业研发部门的工作经验。公司目前具有专业技术人员近百名，80%以上具有硕士或博士学历。衮雪科技在发展的前期主要服务于国际大型制药企业的研发部门，服务项目包括定制的数据分析、数据库建立、及软件开发。在这个过程中衮雪科技通过严格的团队建设标准、科学的管理方法和追求完美的理念赢得了客户的广泛信赖，取得了快速的发展，同时也了获得了深厚的技术积累并养成了卓越的服务理念。目前，随着中国医药和生物技术行业进入快速发展的阶段，衮雪科技在保持海外业务稳定成长的同时，开始致力于为国内企业提供符合中国用户习惯和市场情况、高性价比的产品和服务。从针对研发部门的研发管理和文献管理软件，到针对采购部门的试剂库存和采购管理软件，再到针对试剂供应商的电子商务系统；从针对研发的药物专业数据服务、到针对知识产权管理的专利分析咨询服务，再到针对市场和销售的药物市场数据服务，衮雪科技立志于以卓越的信息工具助力国内生物、医药企业的技术创新及市场竞争。,"https://www.zhaopin.com/jobdetail/CC418461310J40652440013.htm?refcode=4019&srccode=401901&preactionid=a7c1140f-c46c-45e5-b867-ab342d8bdc77"
1941,测试工程师,福州-闽侯县,150-200元/天,视德管理咨询(深圳)有限公司,"电子/半导体/集成电路,咨询服务,学术/科研,培训/辅导服务",20人以下,未融资,CC810238330J40779204514,主要职责 ·       参与需求评审，理解产品功能和业务逻辑 ·       根据需求文档编写测试用例，执行功能测试、回归测试 ·       使用缺陷跟踪工具（如禅道、JIRA）记录、跟踪和验证缺陷 ·       执行API测试和基本的数据库验证 ·       参与测试计划的制定和测试报告的编写 ·       在指导下完成性能测试的基本执行工作 ·       遵守团队的质量标准和测试流程 基本要求： ·       计算机相关专业本科及以上学历 ·       了解软件测试基本理论和测试流程 ·       熟悉常见的测试方法（黑盒测试、边界值分析、等价类划分等） ·       了解至少一种缺陷管理工具（JIRA、禅道等） ·       具备基础的SQL知识，能编写简单查询语句 ·       良好的逻辑思维能力和问题分析能力 ·       细心、耐心，具有良好的文档编写能力 ·       良好的团队协作精神和沟通能力 加分项： ·       了解基本的自动化测试工具（如Selenium、Postman） ·       了解基本的Linux命令 ·       有实习或项目测试经验 关于我们： 国际信息显示学会 (Society for Information Display，简称SID) 是由显示行业顶尖科学家、工程师、企业研发和高级管理人员组成的全球型专业学术和技术组织，成立于1962 年，已有62年历史。SID目前在全球设有33个分会近7000名显示领域精英及包括苹果、Intel、Google、三星、LG、Sony、松下等国际知名企业会员。在中国大陆设有北京分会，北京分会（大陆）是SID的33个分会之一，下设18个技术领域委员会，共250名来自各大名校、科研机构和名企的专家。SID北京分会会员超过1600人，是全球第一大分会；有40多家企业会员也是全球拥有企业会员最多的分会。SID北京分会负责主办一年一度的国际显示技术大会（International Conference on Display Technology ，简称ICDT），具体由SID China承办，参会规模超千人，已经成功在福州、广州、昆山、武汉、北京、南京、合肥、厦门举办了九届，在国际上产生了巨大的影响。 SID代表3000多亿美元信息显示产业里最具领导地位、最权威且唯一的专业学术和技术组织。SID 的宗旨在于促进信息显示科技和产业的发展。鉴于中国在显示产业地位的大幅度提高，中国大陆已经成为全球显示产业的新引擎，2018年3月SID在中国深圳注册了实体运营中心：SID China（即：视德管理咨询（深圳）有限公司），是SID在美国之外成立的唯一海外运营实体，是国际显示技术交流、技术人员能力提升、产业走向国际化的重要平台。2022年SID China上海创新中心在上海市黄浦区落户。 了解更多我司详情，请登录：www.sidchina.org,7月16日,"国际信息显示学会(Society for Information Display，简称SID)是由显示行业顶尖科学家、工程师、企业研发和高级管理人员组成的全球型专业学术组织，成立于1962年,已有62年历史。SID目前在全球设有33个分会近7000名显示领域精英及包括苹果、Intel、Google、三星、LG、Sony、松下等国际知名企业会员。在中国大陆设有SID北京分会，北京分会下设18个技术领域委员会，共238名来自各大名校、科研机构和名企的专家。SID北京分会会员超过1600人，是全球第一大分会；有40多家企业会员也是全球拥有企业会员最多的分会。SID代表3000多亿美元信息显示产业里最具领导地位、最权威、唯一的专业学术和技术组织。SID的宗旨在于促进信息显示科技和产业的发展。鉴于中国在显示产业中地位的大幅度提高，中国大陆已经成为全球显示产业的新引擎，SID在中国建立了实体运营中心SID China（视德管理咨询（深圳）有限公司），这是SID在美国之外成立的唯一一个海外运营实体。SID China运营中心于2018年入驻深圳湾科技生态园，2022年SID China上海创新中心在上海市黄浦区落户，SID China现已成为国际显示技术交流、技术人员能力提升、产业走向国际化的重要平台。SID China现招聘WEB前端工程师，运营实习生各1名，工作地点在福州大学国家大学科技园，协助SID China运营中心各大业务及功能板块开展。欢迎有开创性精神的符合条件的本科及以上学历应届毕业生和非应届毕业生应聘全职或实习。欲了解更多有关SID China资讯，请关注微信公众号：SID-Information;或登陆官网：www.sidchina.org","https://www.zhaopin.com/jobdetail/CC810238330J40779204514.htm?refcode=4019&srccode=401901&preactionid=a7c1140f-c46c-45e5-b867-ab342d8bdc77"
1942,测试工程师,太原-万柏林区,6000-10000元,山西汇宁检测有限公司,电力/水利/热力/燃气,20人以下,未融资,CCL1414382870J40728476714,岗位职责： 1. 负责进行防雷检测工作，确保检测结果的准确性和可靠性。 2. 维护和校准检测设备，保证设备的正常运行。 3. 编写检测报告，确保报告的准确性和及时性。 岗位要求： 1. 熟悉防雷检测相关法规、标准和流程。 2. 具备较强的动手能力和问题解决能力。 3. 具备良好的沟通能力和团队合作精神。,7月25日,山西汇宁检测有限公司是一家专注于电气交接试验、电气预防性试验等各种高压电气试验、变电站工程以及防雷产品、防雷检测、设备计量校准的公司。公司拥有省内最先进的电气实验室以及全套最新电气检测设备，技术人员经验丰富，了解我国当今电气试验现状和变化动态，熟悉各种检测器材、产品技术性能和应用范围，熟练掌握电气试验规范和技术标准，保证各种电气试验顺利进行。,"https://www.zhaopin.com/jobdetail/CCL1414382870J40728476714.htm?refcode=4019&srccode=401901&preactionid=a7c1140f-c46c-45e5-b867-ab342d8bdc77"
1943,实施工程师,太原-万柏林区,3000-4000元,山西新晋智慧物联科技有限公司,"IT服务,人工智能,云计算/大数据,通信/网络设备",1000-9999人,D轮及以上,CZ613472380J00125692010,岗位职责： 1.负责公司定位服务产品的安装、调试、维护和技术支持工作。 2.负责定位服务系统的日常运维和故障排查，保障系统稳定运行。 3.负责用户技术咨询和问题解答，提供优质的技术服务。 4.参与定位服务产品的测试和优化，提升产品性能和用户体验。 5.完成领导交办的其他工作。 任职要求： 1.专科及以上学历；原则上不超过30周岁；具有定位服务相关行业工作经验者优先。 2.熟悉GPS、北斗等定位导航原理和技术；熟悉常用电子元器件和电路原理，具备一定的硬件调试能力；熟悉Linux操作系统和常用命令，具备一定的脚本编写能力；具备良好的沟通表达能力和团队合作精神。； 3.工作认真负责，积极主动，具备良好的学习能力和解决问题的能力；具备较强的责任心和抗压能力。 待遇：入职即可享受五险一金、双休 职位福利：五险一金、周末双休、节日福利、通讯补助、交通补助 职位亮点：五险一金、双休,4月15日,山西新晋智慧物联科技有限公司（以下简称“公司”）成立于2017年9月，于2024年12月24日完成股权变更，成为河北空天信息投资控股有限公司控股子公司，正式成为国有控股公司。公司经营包括服务于道路运输车辆的动态监控服务、服务于道路运输行业主管部门的营运车辆动态监管平台项目，服务于营运车辆驾驶人员的安全培训业务等。作为为山西省车联网行业头部企业，依托自身较强的市场拓展能力和地域资源优势，服务辐射山西全省11个地市，超过超过100个区（市）县，是山西省平台车辆最多、业务覆盖最广、服务体系最全、技术支持最强的社会化平台服务商。在继续拓展公司原有业务的同时，业务重点集中在开展“两客一危一重”的北斗智能升级项目，面向全国市场开展项目推广，致力于通过先进的技术手段提升物流效率与安全性。公司依托大数据、云计算及物联网等前沿技术，为企业提供全面的智能化解决方案，助力实现数字化转型。同时，聚焦北斗智能数据的开发应用，并进一步探索在低空领域和农业智能化方面应用拓展。,"https://www.zhaopin.com/jobdetail/CZ613472380J00125692010.htm?refcode=4019&srccode=401901&preactionid=a7c1140f-c46c-45e5-b867-ab342d8bdc77"
1944,科研人员,南昌-青山湖区,2-3万·13薪,南昌硅基半导体科技有限公司,电子/半导体/集成电路,100-299人,,CC416357410J40496273505,（1）动力工程及工程热物理（0807）、电子科学与技术（0809）、电子信息（0854）、光学工程（0803）等学科专业； （2）研究生学历、博士学位； （3）年龄：45周岁以下； （4）工作职责及要求：从事近眼显示IC驱动芯片设计、光学系统设计及制备等工作，有研发、生产、应用经验者优先。 简历投递邮箱：*************,6月25日,南昌硅基半导体科技有限公司（以下简称公司）是由南昌市人民政府（通过南昌市雍盛资产经营管理有限公司投资）、南昌高新技术产业开发区管理委员会（通过南昌高新区创业投资有限公司投资）、南昌大学和技术团队四方投资设立的有限责任公司，注册资本为1亿元人民币，于2011年4月27日在南昌市高新区注册成立。公司以南昌大学“国家硅基LED工程技术研究中心”（下称“工程中心”）为技术依托，主要从事 LED专用MOCVD装备的研发、生产和销售以及LED外延片、芯片、器件及其应用产品的研发、生产和销售等。其目标是在若干年内建成具有国际水准的MOCVD装备制造基地和LED工程中心。南昌硅基半导体科技有限公司与国家硅基LED工程技术研究中心，二者的建设合二为一，相互依存，共同发展，共同进步。公司已研制成功（37片/2吋）和（60片/2吋）MOCVD设备，已达到国际先进水平，部分指标优于进口设备。公司硅衬底蓝光与绿光LED外延与芯片制造技术已达到国际一流水平。公司目前正在南昌市高新区赣江之滨、艾溪湖畔建厂，实施产业化。同时实现新一代硅基LED芯片的规模化生产。,"https://www.zhaopin.com/jobdetail/CC416357410J40496273505.htm?refcode=4019&srccode=401901&preactionid=a7c1140f-c46c-45e5-b867-ab342d8bdc77"
1945,软件测试,合肥-包河区,8000-16000元·13薪,河南棉蕨科技有限公司,"网络/信息安全,企业服务,电子商务,互联网",100-299人,,CCL1503173550J40796910605,岗位内容： 1. 维护软件产品的测试计划和策略。 2. 负责软件测试阶段的进度管理。 3. 审查需求文档，识别并管理关键的测试风险。 4. 向其他团队成员提供培训和支持。,7月25日,河南棉蕨科技有限公司是一家成立于2020年的有限责任公司，其经营范围涵盖技术开发于推广，物联网应用服务，互联网安全服务，大数据服务，信息系统集成服务，软件开发等业务。公司理念：创新为先，鼓励员工突破常规，追求卓越技术和产品，客户至上，倾听客户需求，提供定制化高品质解决方案，团队合作，倡导员工相互支持，协作共赢，诚信为本，持续学习，鼓励员工提升自身素质，适应市场和技术变化。公司目前发展势头迅猛，团队实力强健，业绩稳步增长，规模逐渐扩大，已在河南郑州和浙江杭州有多项拓展业务，发展潜力巨大。我们期待一批有志青年加入公司的大家庭不断创新和进步。,"https://www.zhaopin.com/jobdetail/CCL1503173550J40796910605.htm?refcode=4019&srccode=401901&preactionid=a7c1140f-c46c-45e5-b867-ab342d8bdc77"
1946,C/C++,上海-青浦区,1.5-3万,外企德科数字技术有限公司,专业技术服务,10000人以上,,CCL1480117890J40793540705,工作内容: 1.负责研发领域IT系统技术方案的设计，开发等工作; 2.负责项目开发过程中的技术攻关及解决运行中出现的技术问题; 3.负责产品核心模块的代码编写和测试; 4.负责产品疑难问题的分析和定位。 岗位要求: 1.热爱编程，基础扎实，熟悉掌握但不限于JAVA/Python/JS/HTML/GO/C/C++/C#等编程语言中的一种或数种，有良好的编程 习惯; 2.熟悉算法基础 3.具备独立工作能力和解决问题的能力、善于沟通、乐于合作、热衷新技术、善于总结分享，喜欢动手实践;,2025-07-27 00:25:59,外企德科数字技术有限公司是一家2023年新成立的中外合资企业。成立于2023年11月24日，公司定位：专注于为信息技术企业提供人才及数字技术外包解决方案的中外合资企业。它是由中国人力资源服务行业的FESCO（北京国际人力资本集团）与全球人力资源服务领导者The Adecco Group（德科集团）合资成立的。公司主要提供网络技术服务、软件外包服务、计算机系统服务、技术进出口、软件开发等信息技术相关服务。专注于为信息技术企业提供信息技术类人才及数字技术外包解决方案。,"https://www.zhaopin.com/jobdetail/CCL1480117890J40793540705.htm?refcode=4019&srccode=401901&preactionid=a7c1140f-c46c-45e5-b867-ab342d8bdc77"
1947,测试工程师,深圳-宝安区,8000-13000元,深圳赫兹创新技术有限公司,"电子/半导体/集成电路,仪器仪表制造,电力/水利/热力/燃气",20-99人,A轮,CC885699660J40775216803,岗位职责 1、对中大功率无线电能传输产品进行产品功能测试、系统测试、性能测试、集成测试； 2、对单板、关键元器件进行测试，对来料进行测试和检查； 3、配合硬件工程师、软件工程进行技术方案验证； 4、配合实施工程师模拟客户现场环境测试； 5、协助外部认证测试机构的认证测试； 6、设计、整理测试用例；编写测试计划；执行测试计划。  7、记录测试结果，编写测试报告，测试分析报告；,4月8日,"深圳赫兹创新技术有限公司（Shenzhen Hertz Innovations Technology Co. Ltd）是国家高新技术企业，科技型中小企业，创新型中小企业。公司坐落于深圳市宝安区华丰国际机器人产业园。公司主要由两家与动力电池、汽车电子相关的A股上市企业高管投资设立，注册资金2105万元。公司专注于为工业及汽车应用领域提供中大功率无线电能传输（WPT，Wireless Power Transfer，包含无线充电、无线供电（也称非接触供电，CPS, Contactless Power Supply)）技术及产品解决方案，矢志成为中大功率无线充电、无线供电(非接触供电）技术的领导者，为客户实现“电能无线，自由无限”的应用场景，赋能无人化。赫兹创新（HzI）以产品技术创新为企业发展的核心理念，是全球少数几家能够提供大功率非接触供电技术和产品的公司。公司正在打造一支专业素质高、创新能力强的技术研发团队，主要研发成员来自国内知名大学无线充电技术研究团队以及该领域的知名企业，核心成员是国内无线电能技术研发及应用的开拓者。公司在无线电能传输效率提升、逆变控制和调节，大规模非接触供电应用网络，多对多无线充电、异物检测、防辐射、电气安全保护、应用创新等方面拥有核心技术，已申请并获得30项余发明专利授权、20余项实用新型专利授权及8件软件著作权。公司把产品的可靠性和质量视为企业发展根本，无论在研发和生产上都以质量优先，公司通过了ISO 9001质量认证体系，产品通过了安规、CE、CR等认证，公司还通过了ISO14001等标准的认证，产品代工厂通过IATF16949等质量认证体现的认证。赫兹创新（HzI）提供静态无线充电主要应用范围覆盖服务机器人、巡检机器人、清扫机器人、AGV、无人清扫车、无人送货车、无人售货车、各类需要防爆、防水充电的设备，乘用车等等；公司的非接触供电技术和产品主要应用在半导体及液晶面板洁净车间的AMHS（Automatic Material Handling System）系统，包括OHT（天车）、STK（晶圆FOUP及面板的存储系统）、OHS（穿梭车）、OHCV等系统，物流分拣先、RGV、直线电机及磁悬浮智能自动化产线等应用；产品功率范围覆盖50W到数十千瓦(KW)，可以满足客户的个性化定制需求。赫兹创新（HzI）秉持开放共赢的合作理念，愿与生态链上的合作伙伴密切合作，高效协同，推动应用创新，为终端客户提供领先的解决方案和优质的服务。","https://www.zhaopin.com/jobdetail/CC885699660J40775216803.htm?refcode=4019&srccode=401901&preactionid=a7c1140f-c46c-45e5-b867-ab342d8bdc77"
1948,C/C++,无锡-新吴区,6000-10000元,杰亿科技(无锡)有限公司,"计算机软件,人工智能,云计算/大数据,IT服务",20-99人,未融资,CCL1484757270J40789587505,【任职要求】  基础要求：   1. 计算机、数学或相关专业本科及以上学历（应届生可培养）；   2. 编程基础：   * 熟悉C++11/14，掌握面向对象编程和基本数据结构；   * 了解常用的算法基础；   3. 数学基础：   * 掌握线性代数、解析几何基础，了解常见几何计算方法；   * 对计算几何（如B样条、多边形布尔运算）有基本认知；   4. 工程能力：   * 能阅读技术文档并实现基础算法模块；   * 具备调试和排查简单逻辑问题的能力；   5. 软技能：   * 较强的学习意愿，能快速掌握团队代码规范；   * 良好的沟通能力，能在团队协作中完成任务。   【加分项】：   1. 有CAD/CAM/CAE相关课程或项目经验（如毕业设计、竞赛作品）；   2. 熟悉Qt或其它GUI框架，了解2D图形绘制基础；   3. 使用过CGAL、OpenCV等算法库完成过小规模几何处理任务；   4. 了解工业软件常见几何引擎（如OpenCASCADE）的基本概念；   5. 有数值计算、优化算法等相关领域的研究或实践经验。,7月15日,杰亿科技（无锡）有限公司自 2024年 6月成立以来，虽成立时间尚短，却凭借对 PCB设计自动化领域的深耕，在行业中迅速崭露头角。公司核心团队由 PCB设计、自动化算法等细分领域的资深专家组成，成员们凭借扎实的专业知识与多年实践经验，面对复杂的 PCB设计难题时，能够精准把握需求，以高效且专业的解决方案，助力客户突破技术瓶颈。​在技术创新方面，杰亿科技始终走在行业前沿。公司结合 AI算法，积极开展技术攻关，目前“PCB图形文件和钻孔文件对位方法、设备以及存储介质”与“基于 Yolov8n-Seg模型的 PCB板热焊盘的识别检测方法”两项发明专利正在申请中，有望为 PCB设计自动化带来新的突破。此外，已成功申请的 6项软件著作权，更是充分彰显了其在软件开发领域的深厚实力。研发团队持续探索行业新技术，不断推陈出新，以满足客户日益多样化的需求，为企业在 PCB设计自动化赛道上持续领航注入强劲动力。,"https://www.zhaopin.com/jobdetail/CCL1484757270J40789587505.htm?refcode=4019&srccode=401901&preactionid=a7c1140f-c46c-45e5-b867-ab342d8bdc77"
1949,C/C++,重庆-渝北区,8000-13000元,通号(重庆)智能交通科技有限公司,计算机软件,20-99人,,CCL1482826260J40754981610,,7月24日,通号（重庆）智能交通科技有限公司是由通号城市轨道交通技术有限公司、重庆市轨道交通（集团）有限公司、重庆轨道交通产业投资有限公司联合组建的合资公司，由通号城交控股，合资公司致力于打造“央地合作”典范，开展基于智能运维的一体化运营维保业务和信号系统集成与大修改造业务，依托的核心产品与技术主要包括深度自主化城轨列控系统、信号智能运维系统。,"https://www.zhaopin.com/jobdetail/CCL1482826260J40754981610.htm?refcode=4019&srccode=401901&preactionid=a7c1140f-c46c-45e5-b867-ab342d8bdc77"
1950,软件测试,太原-小店区,1.3-1.8万·13薪,方得(青岛)人力资源有限公司,咨询服务,20-99人,,CCL1462672470J40736803316,岗位职责： 1. 负责软件的功能测试。 2. 执行测试用例，报告缺陷并跟踪缺陷的修复。 3. 与开发团队协作，确保软件质量满足需求。 4. 参与软件测试流程的优化和改进。 岗位要求： 1. 熟悉软件测试理论、方法和流程。 2. 具备功能测试经验。 3. 了解运维工程师、网络工程师的工作内容，能进行基本的IT质量管理。 4. 有信息技术、标准化、电子或电路工程相关背景者优先。 薪资待遇：包住、六险一金、工龄工资、生日礼金、定期体检、带薪年假、绩效奖、项目奖、年终奖.,7月28日,,"https://www.zhaopin.com/jobdetail/CCL1462672470J40736803316.htm?refcode=4019&srccode=401901&preactionid=a7c1140f-c46c-45e5-b867-ab342d8bdc77"
1951,技术支持工程师,厦门-思明区,150-200元/天,新意科技,"计算机软件,证券/期货,IT服务,互联网",500-999人,未融资,CC120072230J40777818308,一、岗位职责： 1、为客户提供快速优质的售后保障服务（日常故障解决、业务咨询、升级服务、测试服务 等）； 2、及时维护客户信息、产品使用信息，建立良好的客户关系； 3、服务小项目的工程实施和验收。 二、任职要求： 1、 计算机科学与技术、软件工程、电子信息、数学等理工类相关专业，本科及以上学历，有 金融、会计等知识或软件开发实践尤佳； 2、熟悉Oracle数据库，了解J2EE架构； 3、适应必要的工作出差，抗压能力强； 4、良好的学习能力和团队合作精神，善于处理人际关系，有责任心； 5、认同新意发展目标和核心理念，热爱所从事的事业以及本职工作。 ​三、公司福利 【关于工作】提供有竞争力的薪资和人性化管理，实行5天7小时工作制，提供新人导师、专业培训，整洁舒适的工作环境； 【法定福利】五险一金，入职即享有带薪年假，国家法定节假日等； 【补充福利】商业保险、年度体检、过节福利、生日礼金、长期服务奖励、各种激励项目（轿车、国内外旅游等），羽毛球、瑜伽、部门团队活动等丰富的员工活动； 【晋升空间】新人入司转正后第一年有两次考核晋升机会。 ,2月27日,新意科技，成立于1997年，是一家专注于金融应用系统开发的专业软件公司，是经国家认定的高新技术企业，是中国证券一级、二级清算系统软件的重要提供商。新意科技，总部位于福州，目前拥有三家控股子公司：上海新意新科技有限公司、新意科创（厦门）信息科技有限公司、福州新意新网络有限公司，同时设立北京、深圳分公司，服务网络覆盖全国。截至目前，新意科技的产品涉及到券商各项中后台业务，应用范围涵盖证券公司、基金公司以及中国金融期货交易所、中央登记结算公司，实现对证券市场参与人信息、资金、证券的综合发展。公司自有软件著作权75项，并取得相应的42个软件产品登记证书及计算机系统集成三级资质，同时还是中国证券协会信息技术应用委员会观察员。新意科技凭借一支资深专业人士组成的管理团队，多年来潜心研究证券业务和信息技术的应用以及两者之间的互动关系，秉持利用信息技术推动证券行业的发展，规范业务管理的概念，致力于应用先进的管理思想开发证券业务管理系统软件，让信息技术和新的业务管理思想在产品中得以有机的融合、集成，使新意产品具有思想性、前瞻性、系统性的特点。以创新树立品牌，以专业彰显实力，以超越引领发展。新意秉承“以人为本、诚信、创新、合作”的理念不断培养精通金融证券业务的软件专业人才，公司80%以上为技术开发人员，每位员工通过个人的贡献和团队的集体努力为新意的发展提供源源不断的生命力。新意为您提供：【有竞争力薪酬】年薪：月薪*12月+各类津贴+年终奖；【基础福利保障】五险一金（按照工资全额12%缴纳公积金），国家法定节假日，带薪年假；【补充福利】商业保险、年度体检、过节福利、生日礼金、长期服务奖励、司龄津贴、各种激励项目（轿车、国内外旅游等），羽毛球、瑜伽、部门团队活动等丰富的员工活动；【人性化管理】实行5天7小时工作制，提供新人导师、专业培训，整洁舒适的工作环境；希望更多认同新意发展目标和核心理念、热爱金融IT事业的人才加入我们，共同见证中国金融证券业的发展。如果，你想要的是：一个广阔发展前景的朝阳行业一个参与金融行业利益分配的机会一座理想的工作和生活的城市一家发展稳健、务实低调的公司一份有竞争力的薪资福利一种简洁高效的办公环境一条清晰明确的职业发展路径一个足以承载你梦想和能力的平台那么，请加盟新意科技！连接亿万金融数据！2021，期待您的同行！更多详情，请登入新意科技官网：http://www.shinetechnology.com联系方式：0591-87382356电子邮箱：hr@shinetechnology.com福州市：鼓楼区六一北路558号金三桥大厦8层厦门市：思明区软件园二期观日路36号401上海市：普陀区武宁路19号丽晶阳光大厦1711室,"https://www.zhaopin.com/jobdetail/CC120072230J40777818308.htm?refcode=4019&srccode=401901&preactionid=a7c1140f-c46c-45e5-b867-ab342d8bdc77"
1952,实施工程师,上海-闵行区,5000-8000元,格林酒店(上海)有限公司,酒店/民宿,10000人以上,未融资,CCL1392867650J40795696903,[工作职责]：   1、了解岗位范围内的硬件、软件、网络的状况，实施维护或更新计划、确保正常使用； 2、负责旗下酒店日常系统维护，提供使用咨询、技术支持等服务； 3、认真做好技术服务工作，保证技术支持质量； 4、接受上级领导工作安排，完成其它临时性或者突发性任务。       [任职资格]：   1、计算机相关专业，本科及以上学历，应届生毕业生亦可，提供内部培训； 2、熟练使用计算机软件，具备硬件网络系统基本常识； 3、责任心强、善于与人沟通、具备良好的服务意识； 4、待人诚实可信，好学上进，具有较强的团队协作意识，能承受一定的压力； 5、公司可提供的岗位未来发展方向有系统运维、.NET开发、软件测试JAVA开发、大数据等技术性岗位，工作表现优异者，内部优先推荐； 6、能适应短期经常出差； 7、有技术测试、技术支持、客服经验者优先； 8、周末和节假日需要轮流值班，早班（7:00-16:00）中班（12:00-21:00）晚班（18:00-凌晨1:00）；   [薪资福利]： 员工餐补、保险、公积金、周年礼物、周年体检、酒店住宿折扣、部门活动       [培训与发展]：   透明公正的晋升平台。 ,7月29日,【企业简介】格美集团（KOSMOS GROUP）是一家以酒店管理为主，涵盖酒店、餐饮、数字智造、文旅康养等领域的现代化服务业综合性酒店集团公司。截至2021年12月31日，格美集团在中国360多座城市拥有近6000家酒店（含筹建）、600多家餐饮和近10万名员工，为近7000多万忠诚会员、近200万企业客户及2亿人次商旅客人提供商务差旅、日常餐饮、休闲度假等多种个性化服务。旗下格林酒店集团创办于2004年，并于2018年3月在美国纽交所上市（交易代码：GHG），是中国领先的酒店管理集团公司。目前集团已连续八年位列全国酒店集团前四强，位列《HOTELS》杂志全球酒店集团第十一名。集团拥有Holiday Villa、格林东方、格美、格雅、格菲、无眠、格林豪泰、格丽、格盟、格林电竞、格林公寓、青皮树、贝壳等优质酒店品牌；大娘水饺、竹家庄避风塘、鹿港小镇、乐康小厨等知名餐饮品牌；此外，集团在2011年先后投资上海智龙企业管理有限公司，成都康河机械设备有限公司。【企业最新获奖一览】2013年3月：集团荣获第十三届中国饭店金马奖“中国最佳精品商务酒店连锁集团”2013年1月：集团荣获2012亚洲品牌协会颁发的“消费者首选十佳行业品牌”2013年1月：集团荣获中国保护消费者基金会颁发的“3·15诚信服务会员单位”2012年12月：董事长兼总裁徐曙光荣获品牌中国产业联盟颁发的“2012品牌中国酒店行业年度人物”2012年7月：集团荣获上海市社会治安综合治理委员会颁发的“2011年度上海平安单位”2011年11月：董事长兼总裁徐曙光荣获中国酒店金龙奖“2011年度中国酒店先生”2011年11月：集团荣膺中国酒店金龙奖组委会颁发的“民族酒店集团最具成长力奖”2011年10月：集团荣膺上海市场诚信经营推进活动办公室颁发的“2011第三届上海市场诚信经营先进单位”奖2011年8月：集团荣膺《创业邦》颁发的“2011中国高成长特许经营50强”奖2011年6月：荣获2011中国经济CEO论坛颁发“2011中国经济——年度创新企业奖”2011年3月：入围2010－2011年度“中国酒店百强”，荣膺中国饭店金马奖“中国最具发展潜力酒店集团”奖2011年3月：董事长兼总裁徐曙光荣获第六届中国酒店星光奖“中国酒店业杰出总裁”奖2010年12月：董事长兼总裁徐曙光荣获2010年上海市“白玉兰纪念奖”2010年11月：董事长兼总裁徐曙光荣获“亚太企业精神奖”颁发的“卓越企业家奖”2010年6月：荣获中国年度酒店奖“酒店集团十强”称号……格林酒店只需感受格林酒店管理集团诚邀您的加盟！如果您还有合适的人才或物业推荐，请直接和我们联系。人才推荐： 021-3617-4886转6753或发电子邮件至：hr@998.com,"https://www.zhaopin.com/jobdetail/CCL1392867650J40795696903.htm?refcode=4019&srccode=401901&preactionid=a7c1140f-c46c-45e5-b867-ab342d8bdc77"
1953,测试工程师,宁波-北仑区,7000-9000元,拓普集团,"汽车研发/制造,金属制品业",10000人以上,已上市,CC459148810J40749230812,岗位职责： 1. 对测试结果进行分析，为产品优化提供技术支持。 2. 编写测试报告，确保测试过程的可追溯性。 岗位要求： 1. 熟悉EOL测试方法和流程。 2. 具备良好的问题分析和解决能力。 3. 有汽车零部件行业测试经验者优先。,6月20日,宁波拓普集团股份有限公司是在上海证券交易所上市的一家技术领先的汽车零部件企业（股票代码：601689），主要致力于汽车动力底盘系统、饰件系统、智能驾驶系统等领域的研发与制造。拓普集团自1983年创立，总部位于中国宁波，在汽车行业中专注笃行近40年。集团设有动力底盘系统、饰件系统两大事业群，以及一个面向智能驾驶的独立品牌业务单元-域想智行。集团主要生产底盘系统、车身轻量化、智能底盘电子、热管理系统、内外饰系统等产品。集团始终坚持研发与创新，拥有支持全球项目的研发中心和装备领先的试验中心。凭借领先的研发技术、制造技术、质量管理和全球供应能力，拓普集团与国内外多家汽车制造商建立了良好的合作关系，已成为宝马、奔驰、大众、Stellantis集团、通用、福特、沃尔沃、丰田、本田、吉利、比亚迪，广汽，上汽及蔚来、理想、小鹏、高合、RIVIAN等国内外汽车制造商的全球供应商。公司的使命，为人们使用的汽车提供更安全、更舒适、更绿色的技术与产品。公司始终坚持研发与创新，以前瞻视野站在行业前沿，为汽车工业的发展赋能并作出贡献。,"https://www.zhaopin.com/jobdetail/CC459148810J40749230812.htm?refcode=4019&srccode=401901&preactionid=a7c1140f-c46c-45e5-b867-ab342d8bdc77"
1954,软件测试,上海-青浦区,1.5-3万·16薪,科锐尔人力资源服务(苏州)有限公司,咨询服务,1000-9999人,已上市,CC453635220J40630305803,base：深圳、东莞、上海、南京、苏州、杭州、武汉、西安、成都、北京、广州、济南、长沙等多地区可选，线上面试，面试定薪定级，初中高级都有hc。,5月13日,"科锐国际人力资源有限公司成立于1996年，总部位于北京。作为亚洲领先的整体人才解决方案服务商，科锐国际在中国大陆、香港、印度、新加坡等亚洲地区拥有超过79家分支机构，1,500余名专业招聘顾问，在超过18个行业及领域为客户提供中高端猎头、招聘流程外包、灵活用工、营销外包、校园招聘、培训、招聘咨询等解决方案。截至目前，科锐已与2,000余家跨国集团、国内上市公司、快速成长性企业及非盈利组织建立长期合作关系。其中70%为外资500强企业。","https://www.zhaopin.com/jobdetail/CC453635220J40630305803.htm?refcode=4019&srccode=401901&preactionid=a7c1140f-c46c-45e5-b867-ab342d8bdc77"
1955,技术支持工程师,无锡-新吴区,1.1-1.5万,北京艾锐精仪科技有限公司,"医疗设备/器械,仪器仪表制造,医疗设备/器械",20-99人,A轮,CCL1308509780J40733385313,负责光学显微镜在不同领域的应用支持与技术服务，确保客户能够正确、高效地使用显微镜，推动产品在市场中的应用与推广。,2月8日,北京艾锐精仪科技有限公司依托北京大学席鹏实验室(www.xipenglab.com)的创新科研力量，以光学在体无创诊断技术和高速活细胞超分辨技术为核心，致力于超分辨显微成像系统及医学高端影像检测设备等高端仪器的研发和推广，打造生物医学超显微成像领域具有国际竞争力的产品，以公司化的形式实现科研成果的产业化。公司秉承精英汇集，优势互补的人才战略，合伙人拥有各自领域的成功经验和国际化视野，并特聘席鹏教授为公司首席科学家，共同构建锐意创新、积极进取的专业团队。对于锐意挑战物理极限、乐于跨界仪器与生命科学的你，我们虚位以待！,"https://www.zhaopin.com/jobdetail/CCL1308509780J40733385313.htm?refcode=4019&srccode=401901&preactionid=a7c1140f-c46c-45e5-b867-ab342d8bdc77"
1956,测试工程师,郑州-管城回族区,7000-10000元,郑州功班新能源科技有限公司,新能源汽车,20人以下,,CCL1505340820J40793128612,岗位内容：  1. 设计测试用例并执行测试计划，对新能源汽车软硬件功能、性能、稳定性等进行全面测试。 2. 编写测试报告和Bug汇报，跟踪Bug的解决过程，并及时反馈BUG情况给研发团队。 3. 熟悉自动化测试框架或工具 任职要求：  1. 大专及以上学历，可接受相关专业无车载测试工作经验者 2. 熟悉编程语言:C⁺⁺、Java、Python；接受零经验 3. 具备良好的沟通协调能力和团队合作精神。 福利待遇: 1.朝九晚六，周末双休 2.缴纳五险一金、社保 3.薪资7k+,7月10日,,"https://www.zhaopin.com/jobdetail/CCL1505340820J40793128612.htm?refcode=4019&srccode=401901&preactionid=a7c1140f-c46c-45e5-b867-ab342d8bdc77"
1957,科研人员,沈阳-浑南区,1-1.8万,中国科学院沈阳自动化研究所,"学术/科研,云计算/大数据",1000-9999人,未融资,CC200588210J40509466712,需求专业：081101 控制理论与控制工程 081104 模式识别与智能系统 等相关专业 学历学位要求：硕士研究生 工作职责：缺陷检测视觉识别算法、工件高精度视觉定位算法、视觉自主标定算法。 其他要求：机器视觉相关研发经验；熟练使用C#、机器视觉编程语言。 课题组介绍：主要研究方向jun工智能装配生产线、数字孪生装配、模块化柔性装配；承担的重要项目情况承担国防基础科研、装发预研、国防智能制造项目30余项，年经费2亿元；获得国家科技进步二等奖、中国科学院科技促进发展奖等10余项省部级奖励。,6月24日,中国科学院沈阳自动化研究所成立于1958年，位于东北亚中心城市、历史文化名城——沈阳，目前全所员工1300余人。研究所主要研究方向为机器人、智能制造和光电信息处理。六十多年来，沈阳自动化所在自动化科学与工程领域不断探索，为满足国家战略需求、国民经济和社会发展做出了突出贡献。研究所的科研成果得到了国内外领导人和社会媒体的广泛关注，连续两次入选由两院院士评选出的中国十大科技进展，获得国家、中科院、各部委及地方奖励300余项。作为中国机器人事业的摇篮，在中国机器人事业发展历史上创造了二十多个第一，引领中国机器人技术的研究发展。研究所是机器人学国家重点实验室、机器人技术国家工程研究中心、国家机器人质量监督检验中心、国家机器人检测与评定中心、国家机器人标准化总体组秘书处等多个国家级平台的依托单位，具有优良的科研、试验、工作条件。拥有中国机器人领域龙头企业——新松公司、中科博微、新松医疗、芯源微电子等十余家高技术企业，其中四家已上市。研究所依托两个国家级国际合作基地，先进机器人学与机构学国际联合研究中心、工业物联网技术国际联合研究中心，与科技发达国家与地区的科研机构签署战略合作协议，开展深入合作研究及联合试验，在基础研究及应用研究领域取得了丰硕成果。通过引进和培养，形成了一支由中国工程院院士、海外高层次人才引进专家及国家杰出青年基金获得者、国家科技计划领域专家、优秀青年基金获得者等组成的高层次人才团队。 2015年，研究所获批建设中国科学院机器人与智能制造研究院。2018年，与中国科学院大学成立了机器人与智能制造学院。2019年，研究所入驻位于沈阳市浑南新区的近600亩新园区。研究所在长三角、珠三角地区的广州、等地拥有6个分支机构，深度参与粤港澳大湾区建设。研究所发展快速、科研经费充足，为构建国际一流的国立科研机构，现面向全球招聘自动化领域各类层次人才。,"https://www.zhaopin.com/jobdetail/CC200588210J40509466712.htm?refcode=4019&srccode=401901&preactionid=a7c1140f-c46c-45e5-b867-ab342d8bdc77"
1958,Java,深圳-福田区,1.6-1.8万,深圳市茴锐科技有限公司,计算机软件,20-99人,,CCL1505364680J40933938704,岗位内容： 1. 负责Java应用程序的设计与开发，包括需求分析、系统设计、编码和测试等环节。 2. 研究新技术，不断提升开发效率和程序性能。 3. 改进现有系统、优化系统资源，提高系统稳定性和可靠性。 4. 参与团队内部培训、交流与分享会议，促进整个团队技术水平的提升。 任职要求： 1. 熟悉Java语言，熟练掌握Spring框架及相关开源技术。 2. 具备扎实的计算机基础，熟悉数据结构、算法和网络编程等知识点。 3. 具备初步的Web开发经验，熟悉HTML、CSS、JavaScript等前端技术。 4. 具有较强的自学能力、问题解决能力和团队协作能力。,7月21日,,"https://www.zhaopin.com/jobdetail/CCL1505364680J40933938704.htm?refcode=4019&srccode=401901&preactionid=a7c1140f-c46c-45e5-b867-ab342d8bdc77"
1959,硬件测试,西安-莲湖区,6000-10000元·13薪,西安信荣华电子科技有限公司,电子设备制造,100-299人,,CCL1249829540J40474057605,1、协助设备选型及评估、原理图设计以及相关研发测试等； 2、配合其他进行产品系统设计及测试等； 3、评估、预研其他与硬件设计相关的新技术及新方案； 4、编写硬件设计相关的技术文档，并对相关人员进行技术培训、技术指导; 要求：大专及以上学历，可以长期发展,8月30日,,"https://www.zhaopin.com/jobdetail/CCL1249829540J40474057605.htm?refcode=4019&srccode=401901&preactionid=a7c1140f-c46c-45e5-b867-ab342d8bdc77"
1960,技术支持工程师,无锡-None,8000-12000元,德科隆(无锡)流体控制有限公司,"仪器仪表制造,仪器仪表制造",20-99人,未融资,CC584106920J00500141405,"1、负责市场区域内产品的推广及市场的开发策划工作; 2、开拓新市场，发展新客户，增加产品销售范围，建立新的客户渠道关系; 3、制定销售工作计划，了解客户需求，收集市场信息, 及时掌握和跟踪项目信息及进度； 4、团队管理及团队目标任务的完成； 5、负责销售区域内销售活动的策划和执行，完成销售目标任务。 岗位要求： 1、大专或以上学历，工业自动化、机械等相关工科专业； 2、熟悉阀门产品市场，有相应产品销售经验，了解主流行业技术； 3、5年以上本行业销售工作经验,2年以上团队管理经验； 4、具备较强的客户沟通能力和较高的商务处理能力，具有良好的团队协作精神； 5、做事认真、敬业，人际沟通能力强，善于与同事配合，学习能力强，有挑战精神； 6、能根据工作需要经常出差； 7、有石化、化工、电力、钢铁、冶金、轻工等行业或相关设计院等客户背景、行业背景及客户资源者优先考虑。 职位福利：五险一金、全勤奖、餐补、弹性工作、节日福利、免费停车、大牛带队 ",2月14日,德国KROM是一家专业生产流体控制设备的公司，KROM经过60多年的努力，发展成为了全球控制阀生产的领先者，其产品范围包括了普通工业用阀门及特殊工况用控制阀、执行机构，广泛应用于化工系统、电力系统、石、油天然气系统以及相关的其他工业领域。公司福利：1.员工午餐 2.上班时间：8：00--17:00；8小时，常白班 3.***一金。 4.国家法定家假日 5.加班工资德国KROM于2005年在中国成立了德科隆(无锡)流体控制有限公司，公司地址：无锡新区城南路212号（新区城铁站旁）联系方式：夏小姐电话：13621502445邮箱：m.xia@krom-fc.com,"https://www.zhaopin.com/jobdetail/CC584106920J00500141405.htm?refcode=4019&srccode=401901&preactionid=a7c1140f-c46c-45e5-b867-ab342d8bdc77"
1961,软件测试,南昌-红谷滩区,6000-9000元,重庆科满福人力资源服务有限公司,企业服务,20-99人,,CCL1487604860J40925751104,【岗位职责】： 1、软件测试岗位职责  2、接受测试任务，进行需求分析 3、按照测试计划搭建测试环境，并保证测试环境的可靠性 4、按照测试计划编亏测试用例，保证测试用例合理有效 5、按照测试用例执行测试，及时发现缺陷，并使用工具进行管理缺陷 6、编写和提交测试报告，保证测试进度按计划完成 7、参与审核其他测试工程师的测试用例和报告 8、学习公司已有方案和推广使用新的测试技术和工具 【薪资待遇】： 试用期：（试用期5350-转正6500）元/月＋300全勤+（300-800）元/岗位补贴+（1000-1500）元/月绩效+加班费=-6000-9000左右,7月26日,,"https://www.zhaopin.com/jobdetail/CCL1487604860J40925751104.htm?refcode=4019&srccode=401901&preactionid=a7c1140f-c46c-45e5-b867-ab342d8bdc77"
1962,Java,南京-雨花台区,1.7-3万·14薪,外企德科数字技术有限公司,专业技术服务,10000人以上,,CCL1480117890J40600151105,业务简介： ●Car Bu：问界智能车、智能驾驶、驾驶座舱、车载软件 ●终端：手机、PC、平板、可穿戴产品、智慧办公等产品研发 ●数存：数据存储部门主要着力于数据存储技术研发，业务排名国内第一。发展快，技术前沿。 ●数字能源：部门业务涵盖了光伏发电、智能锂电池、电车机电系统、超速充电桩、模块电池、网络配电数据中心（国家新基建重点项目）、能源云等方向。是现在发展最快的行业之一。 ●云：云计算部门主要做云服务、公有云、云平台及数字化平台等云相关业务。 ●2012中央媒体院： 中媒鸿蒙项目新增软件开发和软件测试（开发和测试都必须是C++） ●除此以外，智能车、计算产品线、2012实验室、GTS、海思等部门都有需求 岗位要求： 1、具备良好的计算机、软件工程领域知识，熟悉软件系统设计、开发、测试等研发领域的流程、工程方法和工具； 2、精通C/C++、java、web、JS、python开发任意一种语言； 3、工作有责任心、细心和耐心,2025-07-27 00:23:22,外企德科数字技术有限公司是一家2023年新成立的中外合资企业。成立于2023年11月24日，公司定位：专注于为信息技术企业提供人才及数字技术外包解决方案的中外合资企业。它是由中国人力资源服务行业的FESCO（北京国际人力资本集团）与全球人力资源服务领导者The Adecco Group（德科集团）合资成立的。公司主要提供网络技术服务、软件外包服务、计算机系统服务、技术进出口、软件开发等信息技术相关服务。专注于为信息技术企业提供信息技术类人才及数字技术外包解决方案。,"https://www.zhaopin.com/jobdetail/CCL1480117890J40600151105.htm?refcode=4019&srccode=401901&preactionid=a7c1140f-c46c-45e5-b867-ab342d8bdc77"
1963,Java,南京-雨花台区,1.5-3万·14薪,外企德科数字技术有限公司,专业技术服务,10000人以上,,CCL1480117890J40769469605,岗位内容： 1. 设计、开发并维护Java应用程序。 2. 解决各种技术难题，保证代码的可靠性、高效性和安全性。 3. 参与软件设计的讨论和计划制定。 4. 与其他团队成员协作工作，提高团队整体技术水平。 任职要求： 1. 熟悉Java语言及相关技术，熟悉Spring框架。 2. 具有扎实的编程基础和良好的面向对象编程思想。 3. 对常见数据库如MySQL、Oracle等有一定的了解和应用经验。 4. 对Web开发技术有深入理解，熟悉前端技术如HTML、CSS、JavaScript等。,2025-07-27 00:24:27,外企德科数字技术有限公司是一家2023年新成立的中外合资企业。成立于2023年11月24日，公司定位：专注于为信息技术企业提供人才及数字技术外包解决方案的中外合资企业。它是由中国人力资源服务行业的FESCO（北京国际人力资本集团）与全球人力资源服务领导者The Adecco Group（德科集团）合资成立的。公司主要提供网络技术服务、软件外包服务、计算机系统服务、技术进出口、软件开发等信息技术相关服务。专注于为信息技术企业提供信息技术类人才及数字技术外包解决方案。,"https://www.zhaopin.com/jobdetail/CCL1480117890J40769469605.htm?refcode=4019&srccode=401901&preactionid=a7c1140f-c46c-45e5-b867-ab342d8bdc77"
1964,测试工程师,上海-松江区,1-1.5万·13薪,福州真兰水表有限公司,"仪器仪表制造,仪器仪表制造",100-299人,未融资,CC195358020J40781507014,职位描述: 1、参与电子产品的测试验证； 2、参与电子产品的认证工作； 3、根据产品功能和标准要求编写测试需求； 4、根据测试需求完成测试，并编写测试报告； 5、与外部实验室沟通并完成必要的测试。   专业背景要求：  1、电子、通讯、自动化等相关专业，本科及以上学历；  2、熟悉电子产品测试的相关标准；  3、熟练使用常用测试仪器，如万用表，示波器，EMC测试设备等；  4、有解决EMC问题分析能力、硬件系统优化设计能力和经验的人员优先；  5、有相关工作经验的人员优先。     ,7月22日,德国米诺.真兰集团（Minol.ZENNER Group）创建于1901年，是世界最大的仪器仪表研究开发、制造公司之一，在全球十多个国家和地区拥有分公司。福州真兰水表有限公司于1996年成立，是德国米诺.真兰集团在中国的全资子公司。主要从事水表、热量表等仪器仪表的研发、制造和数据采摘业务。2005年福州真兰成为德国米诺-真兰集团的全资子公司，同时也是集团唯一的大口径水表研发制造基地，2021年搬迁至福州市高新区，聚焦大口径物联网水表的研发和制造，致力于打造成为业界标杆的精益智能工厂，并向“灯塔”工厂靠拢。公司经过26年在中国区的深耕，公司始终坚持本地化人才培养路线，同时不断引入国际先进管理经验，秉承德国百年企业对产品和服务品质的高标准和高要求。在公司发展过程中，管理团队逐渐确立了以运营精益化、生产自动化、管理智能化，并自上而下推进卓越绩效管理模式来切实提升企业治理水平的企业中长期战略定位。,"https://www.zhaopin.com/jobdetail/CC195358020J40781507014.htm?refcode=4019&srccode=401901&preactionid=a7c1140f-c46c-45e5-b867-ab342d8bdc77"
1965,科研人员,上海-嘉定区,2.4-2.5万,中国科学院上海应用物理研究所,"学术/科研,学术/科研",1000-9999人,未融资,CC131072840J40726590116,因项目需求，现需招聘科研人员1名，从事金属渗氢相关工作，材料或化工专业 1. 合金渗氢、腐蚀或者制备方向。 2. 具有金属膜分离和渗透相关研究工作基础 3. 熟悉计算流体力学模拟仿真软件 4. 熟悉cad及solid works等三维制图软件,7月25日,中国科学院上海应用物理研究所是国立综合性核技术科学研究机构，筹建于1958年，在光子科学、加速器科学技术、核能技术、核科学技术与前沿交叉科学等领域，从事面向世界科技前沿和国家战略需求的基础与应用研究，开展原始创新和集成创新，致力于钍基熔盐堆核能系统的研究发展，致力于同步辐射光源和自由电子激光的大科学装置研制、运行与利用，致力于核科技前沿交叉的研究与核技术应用，以期将研究所建成我国独具特色、不可替代和具有国际竞争力的研究机构。上海应用物理所现承担中国科学院战略性先导科技专项“未来先进核裂变能——钍基熔盐堆核能系统（TMSR）”，研究和发展相关核能科学与技术，打造TMSR全产业链，目标是成为拥有最先进、最完备实验设施和条件，以工业应用为目标的世界级钍基熔盐堆核能系统的研究中心。上海应物所还承担上海光源线站工程、X射线自由电子激光试验装置工程、首台国产质子治疗示范装置研制项目，以及多项973项目、科技重大研究专项、基金委重大项目等国家重要科研任务。上海应用物理所是上海市核学会、中国核学会辐射研究与辐射工艺学分会的挂靠单位；主办《核技术》、《Nuclear Science and Techniques》（SCI）、《辐射研究与辐射工艺学报》等学术刊物。设有一级学科博士学位培养点 2个，二级学科博士学位培养点 5个，一级学科硕士学位培养点 3个，二级学科硕士学位培养点点 14个（其中专业学位 4个），并设有 2个博士后科研流动站。单位地址：上海市嘉定区嘉罗公路2019号网址：www.sinap.cas.cn E-Mail:hr@sinap.ac.cn,"https://www.zhaopin.com/jobdetail/CC131072840J40726590116.htm?refcode=4019&srccode=401901&preactionid=a7c1140f-c46c-45e5-b867-ab342d8bdc77"
1966,技术支持工程师,茂名-茂南区,8000-16000元,青岛安然物联网科技有限公司,"物联网,物联网",20-99人,未融资,CC559764920J40799257804,需要弱电技术、自动化、安防系统、工业互联网+危化安全生产、物联网人才，不要纯软件人才。  你能经常到全国各地出差吗？你能到化工生产现场做技术支持吗？     真正的奋斗者在安然会有让人值得为之奋斗的事业，会有充实、高效的成长，会有高人一等的收入。,7月15日,基于精准人员定位的工业安全生产信息化管理专家，安全生产信息化管理引领者！作为全国实时定位技术标准工作组成员和应急管理部“工业互联网+危化安全生产”人员定位系统技术支持机构，安然从2012年起致力于基于ZigBee Plus三维立体按需精准定位的“工业互联网+安全生产”的研究，获得了20多项安全智能管控系统发明专利和著作权，持续引领中国化工行业生产现场智慧安全！安然以“准、稳、狠”的ZigBee Plus三维立体按需精准人员定位统和“底数清、数据准、情况明、研判准、措施实”的安全生产信息化平台为核心，整合访客管理、出入口控制、人脸识别、视频监控、语音广播、重大危险源监控、可燃有毒气体监测等系统，对生产现场人、机、料、法、环五大要素进行实时、动态、智能管控和预警，规范人的安全行为，保障人的生命安全，有效防范风险、主动化解风险，实现智慧安全。安然“以用为本”，把安全生产信息化建设与公司管理体系“深度融合”，把安全生产信息化建设与日常工作“紧密结合”，对安全生产切实“有用、实用、好用”，避免建用“两张皮”，让安全管控更智能，让生产更高效才实用。迄今已服务中石化、中石油、延长石油、国能、兖矿、京能、索普、新安、奇美、昊源、潞安、旭阳、垦利、逸盛、海科、酒钢、金发等几百家石化、化工、选煤、钢铁、电厂企业。安然以客户为中心，以强者为本，抬头乐干，愿意与同道中人联合、链接，携手共建、共用、共享生产安全命运共同体，一起干，一起干，让优秀企业更安全，让优秀企业更高效！,"https://www.zhaopin.com/jobdetail/CC559764920J40799257804.htm?refcode=4019&srccode=401901&preactionid=a7c1140f-c46c-45e5-b867-ab342d8bdc77"
1967,实施工程师,杭州-萧山区,1-2万,杭州科百特过滤器材有限公司,"新材料,化工",1000-9999人,不需要融资,CC143272750J40813661508,主要工作： 1、负责公司智能智造、数字化信息项目的管理，涉及需求梳理、规划设计、落地实施等相关工作；  2、负责并参与公司生产销售业务数字化，仓储智能化，检验智能化等相关项目，从蓝图建设、项目实施全过程交付，与生产、质量、技术、销售等业务部门协同配合，协助项目经理识别项目风险，并且及时关闭；  3、组织输出项目进展各阶段的输出物，保证输出物的完整和规范；  4、参与公司的流程梳理，跟进数据分析 发掘问题，跟踪监控问题的解决，并提出持续改进的建议，确保项目交付、验收和使用，保证项目质量和客户满意度。,6月10日,"【公司介绍】科百特，是一家扎根中国本土，服务全球的新型科技创新公司，致力于各种过滤分离纯化技术和超净流体管理系统研究和开发，为全球集成电路制造和生物制药产业以及工业新能源产业提供创新的过滤、分离、纯化、一次性解决方案和超净流体管理解决方案。【全球化布局】总部坐落于浙江杭州，构建了辐射全球的服务网络：在上海、苏州、北京、武汉、合肥、中国台湾及日本、美国、新加坡、韩国设立了10家子公司，为全球132个国家的客户提供服务。【硬核科技实力】•国家级创新实力：2024年荣获""国家科学技术进步一等奖""•多维研发体系：11+膜技术平台、42个研究&应用中心、265项新技术研究方向，超过1300名技术研发人员，A.V.L技术验证中心通过CNAS认证。•知识产权矩阵：累计获授权专利800+项，开发出十多种独特的核心材料•全产业链能力：拥有包括核心膜研发生产在内的完整过滤分离纯化和超净流体管理产业链【人员规模】 6100+全球员工，其中专业技术工程师超过3000余人，顶尖海外技术专家20余人。【企业文化】●企业价值观：诚信正直，透明领导独立思考，团队合作聚焦客户，投资未来●企业理念：合作创造美好未来 Collaboration makes a better future，合作创造美好未来，这是Cobetter人坚守的初心。我们致力于和客户，供应商，员工，社区，股东建立持久的可信赖的合作关系。Cobetter和客户，员工之间持续十多年的非常稳定信赖的合作关系，让彼此都变得更加优秀成功。【优享福利】 1.薪资待遇：颇有行业竞争力的薪酬体系，以及多项人才激励，包括但不限于项目奖金、TUP虚拟股权激励等 2.工作氛围：营造简单、透明、平等多元的工作环境，让每个人都有机会展示自己的才华 3.生活便利：免费班车接送、工厂端设立免费医务服务中心、员工宿舍、员工食堂、健身房 4.个人发展：资深导师带教，精准的职业规划，完善的晋升通道，提供管理序列、专业序列的双通道发展 5.基础福利：法定节假日、带薪年假、五险一金、节日礼金、年度体检","https://www.zhaopin.com/jobdetail/CC143272750J40813661508.htm?refcode=4019&srccode=401901&preactionid=a7c1140f-c46c-45e5-b867-ab342d8bdc77"
1968,测试工程师,成都-成华区,1-1.7万,成都忠扬威科技有限公司,电子商务,20-99人,未融资,CCL1495976900J40826800508,岗位内容：  1. 设计测试用例并执行测试计划，对软件功能、性能、稳定性等进行全面测试。 2. 编写测试报告和Bug汇报，跟踪Bug的解决过程，并及时反馈BUG情况给研发团队。 3. 参与产品设计和需求评审，提供测试意见和建议。 4. 熟悉自动化测试框架或工具，并进行相关测试工作。 任职要求：  1. 本科以上学历，计算机相关专业，有3年以上测试经验。 2. 熟悉软件测试流程和常用的测试方法、工具，熟悉至少一种自动化测试工具。 3. 具备较强的测试分析和问题定位能力，能够独立制定测试计划和测试用例。 4. 具备良好的沟通协调能力和团队合作精神。,7月27日,公司名称：忠扬威科技有限公司成立时间：2025年总部地点：中国成都公司性质：高新技术企业主营业务：人工智能、大数据分析、云计算服务、物联网解决方案、软件开发与定制公司愿景：成为全球领先的科技解决方案提供商，推动技术创新，赋能各行各业，创造智能化未来。公司使命：通过前沿技术与创新产品，为客户提供高效、智能的解决方案，助力企业数字化转型，提升社会生产力。,"https://www.zhaopin.com/jobdetail/CCL1495976900J40826800508.htm?refcode=4019&srccode=401901&preactionid=a7c1140f-c46c-45e5-b867-ab342d8bdc77"
1969,软件测试,北京-海淀区,1.5-1.7万,麦田房产,房地产中介,10000人以上,未融资,CC133216770J40661054416,【公司总部面试，工作地点就近分配，请投递一份简历即可~】 毕业时间：不限！接受无经验小白！全北京就近分配！提供住宿方案！！ -----【收入福利】 1.收入构成=津贴+抽成【买卖+租赁+新房+金融+装修】+其他收入【团奖+奖学金+带看奖+精英股】 2.津贴：见习期 7000 元/月（含 1000 元奖学金） 3.我们建议您长期从事，从业时间越久收入越高也越稳定，抽成比例更高  4.工作地点任您选，您可以去北京全域任意一家门店，同事友爱，环境舒适  -----【工作职责】  1.深度了解北京中高端楼盘及周边生活配套，与高净值人群为伍，成为城市房产专家 2.为顾客提供优质中高端房屋租赁、买卖服务体验，让房产交易化作美好的生命互动  3.和社区业主建立深度链接，积累信任和口碑，以公益之心扎根社区，成为社区友邻  -----【任职资格】  1.年龄 22-45 周岁，大专及以上学历，专业不限，退伍军人亦可 2.正直真诚善良，强服务意识，良好的职业素养和操守  3.致力于学习成长，勇于自我挑战，自强不息的进取之心,1月24日,麦田成立于2000年，覆盖北京、福州、厦门三地，拥有近1000家直营和加盟门店，10000名优秀伙伴。旗下拥有北京麦田、福州一麦、厦门麦田及小麦科技等多家子公司。业务范围囊括二手房买卖租赁、新房营销代理、在线房源信息服务等多个领域。2020年起麦田更是与文禾、金诚丰强强合作，为客户提供优质服务。麦田文化的核心是“利他”之道，这也是麦田的经营之道。对伙伴我们的使命是“一切为了成就人”，集所有资源培育优秀房产顾问，让伙伴们在麦田的土壤里成长、成功、成就梦想;对顾客我们的使命是“让人们居住更美好”，深度感知顾客需求，全力解决顾客问题，帮助人们实现家园梦想。我们以真挚的善意成为社区友邻，为城市带来一抹温暖的麦田黄。麦田浓厚的文化氛围带来温暖积极的工作环境，这里有善良友爱的伙伴，热情正向的团队，坚实长远的组织。欢迎加入，和我们一起“守望麦田，家的方向”。让商业不再沉重，利他之花开遍大地。,"https://www.zhaopin.com/jobdetail/CC133216770J40661054416.htm?refcode=4019&srccode=401901&preactionid=a7c1140f-c46c-45e5-b867-ab342d8bdc77"
1970,C/C++,北京-海淀区,1.6-3万·14薪,北京罗森博特科技有限公司,"医疗设备/器械,学术/科研",20-99人,C轮,CC573891980J40584468403,岗位职责： 1、Windows系统下应用软件开发； 2、软件代码编写与调试； 3.参与项目相关试验； 4、开发文档编写；   任职要求： 1、通信、电子、计算机、数学以及生物医学工程专业等本科以上学历； 2、会使用C/C++，或者Qt开发； 3.了解基础的数据结构，了解多线程的使用； 4、英语水平良好，能够看懂研发相关的英文文档； 5、态度积极、有独立完成任务的能力和韧性； 职位福利：创业公司、五险一金、带薪年假、补助津贴、定期体检、节日福利、定期团建、股票期权   ,6月20日,北京罗森博特科技有限公司成立于2017年9月，荣获国家高新技术企业、科技型中小企业、北京市“专精特新”中小企业、中关村高新技术企业、中关村前沿技术企业、中关村金种子企业等荣誉称号，致力于医疗机器人数智化技术革新，以科技创新提升健康福祉。公司从⻣科⼿术中难度最⼤、临床需求最强烈的⻣盆⻣折治疗出发，以数智化⼿段“复制”临床专家经验，研发全球领先的智能化⻣科手术机器⼈，推动骨科手术向智能化、微创化、标准化发展。公司团队年轻活波、积极向上，公司文化开放透明、欢乐融洽，公司管理极度扁平，充分授权，公司提供一切资源帮助员工成长。,"https://www.zhaopin.com/jobdetail/CC573891980J40584468403.htm?refcode=4019&srccode=401901&preactionid=a7c1140f-c46c-45e5-b867-ab342d8bdc77"
1971,Java,成都-郫都区,1.3-2万,外企德科数字技术有限公司,专业技术服务,10000人以上,,CCL1480117890J40777555905,1、熟悉Java/C/C++/Python其中一种语言，具备良好的算法和编程能力； 2、熟悉Spring、Spring Boot 、Spring Cloud等各种开源框架，特别在Spring/SpringCloud领域有丰富的项目实践经验者优先； 3、熟悉Mysql、Oracle等数据库，有相关数据开发经验； 4、熟悉Devops，熟悉Docker，熟悉Kubernetes应用优先； 5、熟悉Service Mesh、微服务治理、灰度发布等相关技术优先； 6、有较强的学习能力、良好的团队协作能力。,2025-07-27 00:24:53,外企德科数字技术有限公司是一家2023年新成立的中外合资企业。成立于2023年11月24日，公司定位：专注于为信息技术企业提供人才及数字技术外包解决方案的中外合资企业。它是由中国人力资源服务行业的FESCO（北京国际人力资本集团）与全球人力资源服务领导者The Adecco Group（德科集团）合资成立的。公司主要提供网络技术服务、软件外包服务、计算机系统服务、技术进出口、软件开发等信息技术相关服务。专注于为信息技术企业提供信息技术类人才及数字技术外包解决方案。,"https://www.zhaopin.com/jobdetail/CCL1480117890J40777555905.htm?refcode=4019&srccode=401901&preactionid=a7c1140f-c46c-45e5-b867-ab342d8bdc77"
1972,测试工程师,洛阳-偃师区,6000-9000元·13薪,郑州多度影视传媒有限公司,"广播/影视,新媒体,互联网,广告/营销",100-299人,未融资,CCL1486495600J40782035015,Linux MySQL Postman LoadRunner Oracle 1.驻场银行科技部门，负责功能测试 2.本科学历（学信网可查）； 3.要求22年毕业及以前（包括21年之前的往届毕业生）； 4.可接受外派； 5.薪资根据城市级别来定； 6.有无经验均可，可以有学习意识，学习和尝试。 福利待遇： 上市公司，公司可以提供住宿，提供五险一金，双休法休； 欢迎符合要求的小伙伴们投递~,7月26日,经营范围：电影摄制服务；技术服务、技术开发、技术咨询、技术交流、技术转让、技术推广；电子专用设备销售；电气设备销售；机械电气设备销售；照明器具销售；消防器材销售；制冷、空调设备销售；安全技术防范系统设计施工服务；工程管理服务；摄像及视频制作服务；文艺创作；互联网销售；企业形象策划；数字文化创意内容应用服务；数字文化创意软件开发；信息技术咨询服务；专业设计服务；摄影扩印服务；个人互联网直播服务；文化娱乐经纪人服务；互联网数据服务；互联网安全服务；物联网应用服务；文具用品零售；纸制品销售；电子产品销售；日用百货销售；日用品销售；化妆品零售；农副产品销售；广告设计、代理；广告制作；工艺美术品及收藏品零售；美发饰品销售；会议及展览服务；市场营销策划；服装服饰零售；其他文化艺术经纪代理；五金产品零售；体育用品及器材零售；软件开发；信息咨询服务；办公用品销售，许可项目：互联网直播技术服务；互联网游戏服务；信息网络传播视听节目；建筑智能化系统设计,"https://www.zhaopin.com/jobdetail/CCL1486495600J40782035015.htm?refcode=4019&srccode=401901&preactionid=a7c1140f-c46c-45e5-b867-ab342d8bdc77"
1973,Java,南京-鼓楼区,1-1.6万,浪潮集团,"IT服务,计算机软件,计算机硬件",10000人以上,,CC120143600J40843656615,职位描述,5月12日,浪潮集团是中国领先的云计算、大数据服务商，拥有三家上市公司。主要业务涉及计算装备、软件、云计算服务、新一代通信、大数据及若干应用场景。作为中国最早的IT品牌之一，浪潮致力于成为世界一流的新一代信息技术龙头企业经济社会数字化转型的优秀服务商，新型基础设施建设的骨干企业。,"https://www.zhaopin.com/jobdetail/CC120143600J40843656615.htm?refcode=4019&srccode=401901&preactionid=a7c1140f-c46c-45e5-b867-ab342d8bdc77"
1974,技术支持工程师,无锡-新吴区,9000-13000元·13薪,南京科耐激光技术有限公司,仪器仪表制造,20-99人,A轮,CCL1354152030J40794947408,岗位职责： 1. 负责激光焊接监测系统的现场技术支持，包括安装、调试、故障排查和优化，确保系统的稳定运行。 2. 根据客户需求和实际情况，为客户提供专业的激光焊接监测解决方案，包括硬件配置、软件参数设置等。 3. 跟踪激光焊接监测技术的最新发展，了解行业趋势，为公司的技术升级和产品改进提供建议。 4. 与研发团队紧密合作，参与激光焊接监测系统的研发和优化，提高系统的性能和稳定性。 5. 编写激光焊接监测系统的技术文档和操作手册，为客户提供完善的技术支持。 6. 协助销售人员推广激光焊接监测系统，为客户提供技术支持和咨询服务，提高客户满意度。 任职要求： 1. 大专及以上学历，机械、电子、自动化、软件工程等相关专业。 2. 熟悉激光焊接技术原理和监测系统的工作原理，具备丰富的激光焊接监测技术支持经验。 3. 具备良好的分析问题和解决问题的能力，能够独立解决激光焊接监测系统中的技术问题。 4. 具备良好的沟通能力和团队合作精神，能够与客户和团队成员有效沟通。 5. 具备较强的学习能力和创新能力，能够适应快速发展的激光焊接监测技术领域。,6月10日,南京科耐激光技术有限公司成立于 2021年7月，是集研发、生产、销售于一体的高科技企业，专注于高品质、长寿命脉冲激光器，聚焦于新能源和半导体等领域，以激光模组形式为客户提供定制化、智能、柔性、精密加工解决方案。公司研发生产的超快脉冲激光器主要应用于新能源、光伏、显示和半导体等领域的激光精密加工。核心价值观：客户至上：为客户创造价值、以满足客户需求为企业首要任务品质为先：以保障产品、服务达到行业高标准为最高优先级专业敬业:持续提升业务能力，敬业爱岗，热情奉献创新驱动：精雕细琢，创新赋能，打造行业精品口号：科技领先，耐久致远使命：光琢万物，为精密制造赋能企业愿景：成为全球激光精密制造解决方案的引领者,"https://www.zhaopin.com/jobdetail/CCL1354152030J40794947408.htm?refcode=4019&srccode=401901&preactionid=a7c1140f-c46c-45e5-b867-ab342d8bdc77"
1975,C/C++,北京-昌平区,9000-12000元·13薪,邢台芮辰科技有限公司,互联网,100-299人,不需要融资,CCL1499829330J40772115905,岗位职责：  1. 从事交换机转发软件的研究、设计和开发、验证、测试。 2. 承担多个模块的单元测试、集成测试，测试环境搭建、测试平台开发，流水线搭建等工作。 3. 参与软件系统核心模块的技术竞争力构建，架构设计，跟踪分析业界发展趋势，完成技术竞争力识别。 岗位要求： 1. 理解并掌握C/C++/Python一种或多种语言的开发应用，具备软件测试用例设计相关经验。 2. 独立承担过测试用例设计，测试执行，熟悉常用的安全测试方法。 3. 具备良好沟通协调能力，良好学习能力和可塑性，团队协作精神。 4. 熟悉网络基础知识，TCP/IP协议，具备网络转发相关工作经验者优先；熟悉np芯片优先。,5月25日,我们是一家以技术创新为驱动、以用户价值为核心的互联网科技企业，芮辰科技成立于2018年，一直致力于通过数字化解决方案赋能行业变革，打造更智能、更便捷的未来生活。在这里，我们相信每一位同事的独特价值。无论您是技术研发的探索者、产品设计的创意人，还是市场运营的推动者，您的才华与热情都将是推动公司前行的关键力量。我们倡导开放、协作、包容的团队文化，鼓励跨界思维与持续学习，让每个想法都有机会生根发芽。作为互联网行业的探索者，公司不仅提供具有竞争力的发展平台，更注重员工成长——从专业培训到项目实战，从扁平化管理到多元化晋升通道，我们期待与您共同成长，见证彼此的突破与蜕变。再次欢迎您的加入！愿我们携手在这片充满机遇与挑战的土壤上，用代码编织创新，用智慧定义未来，共同书写芮辰科技的下一个精彩篇章！,"https://www.zhaopin.com/jobdetail/CCL1499829330J40772115905.htm?refcode=4019&srccode=401901&preactionid=a7c1140f-c46c-45e5-b867-ab342d8bdc77"
1976,前端开发,济南-历下区,5000-8000元·13薪,济南禾禾传媒有限公司,新媒体,100-299人,未融资,CCL1478992000J40629321916,岗位内容： 1. 负责开发和维护前端系统和模块，确保其运行稳定可靠 2. 编写高效、清晰、易于维护的代码 3. 协调需求，与其他团队成员进行有效沟通和协作 任职要求： 1. 熟练掌握HTML、CSS和JavaScript，熟悉主流前端框架 2. 具备扎实的编程基础，良好的代码风格，注重代码品质 3. 擅长和团队合作，具备很好的沟通和协调能力,11月2日,公司致力于发展新兴科技，顺应时代潮流发展，一直致力于发展软件科技时代，打造新媒体3.0时代，促进社会公平稳定增长，符合社会硬性要求完成，包括软件实施开发编程类语言所开发的一系列软件，打造出可用可靠的产品,"https://www.zhaopin.com/jobdetail/CCL1478992000J40629321916.htm?refcode=4019&srccode=401901&preactionid=a7c1140f-c46c-45e5-b867-ab342d8bdc77"
1977,软件测试,沈阳-皇姑区,4000-7000元·13薪,沈阳市皇姑区栾鸟计算机技术咨询服务中心(个体工商户),专业技术服务,20-99人,,CCL1484289160J40747148201,岗位福利：早九晚六，午休两个小时，周末双休，年底十三薪 岗位内容： 1. 设计并执行测试用例，记录测试结果并准备测试报告。 2. 协调开发人员、项目经理和测试团队成员，以确保遵守时间表和产品质量标准。 3. 使用自动化测试框架和工具来提高测试效率和覆盖率。 4. 不断改进测试流程和方法，以提高质量和效率。 5. 关注产品质量和客户需求，确保稳定、可靠和用户友好的软件交付。 任职要求： 1. 熟悉软件测试方法和流程。 2. 具备良好的团队合作精神和沟通能力。 3. 能够承受压力，在快节奏的环境中高效工作。 4. 有问题解决的能力和主动学习的态度。,6月19日,,"https://www.zhaopin.com/jobdetail/CCL1484289160J40747148201.htm?refcode=4019&srccode=401901&preactionid=a7c1140f-c46c-45e5-b867-ab342d8bdc77"
1978,软件测试,焦作-解放区,5000-7000元,天阳科技,"计算机软件,计算机软件",1000-9999人,已上市,CC120408370J40822504408,1.全国项目驻场测试，主要负责功能、数据或接口等相关测试工作； 2.统招本科学历及以上（学信网可查）；毕业满2年；计算机专业优先； 3.热爱软件测试行业、有强力的自驱力，能够在测试岗位深入学习研究； 4.有无经验均可，服从公司安排，接受公司培养，可接受异地工作优先； 福利待遇： 上市公司、公司可提供住宿、定期体检、带薪年假； 欢迎符合要求的小伙伴们投递~,7月17日,天阳科技(股票代码：300872)，是全球金融创新服务的重要贡献者，持续赋能中国金融行业数字化转型，为客户提供咨询、金融科技产品、金融IT服务、云计算及运营服务。公司成立于2003年，服务超过300家金融行业客户，覆盖中央银行、政策性银行、国有银行、股份制银行、地方性商业银行、非银行金融机构等，员工人数近7000人，成为激活金融领域创新活力、推动金融科技迈入世界领先水平的重要力量。作为金融行业客户可信赖的合作伙伴，天阳科技凭借丰富的行业经验和端到端的专业服务，在信创、数字化金融、信贷、交易银行、信用卡、零售、营销、风险管理、征信监管等众多领域具备核心竞争力。据赛迪和IDC报告显示，近年来公司在中国银行业IT解决方案市场排名强势崛起，2019年收入及市场占有率综合排名分别位列第四位和第五位，并保持高速增长。同时，前瞻商业和科技趋势，入选2021年度未来银行科技服务商TOP100。天阳科技始终聚焦金融科技领域，加大自主创新力度，在超过100个城市建立本地化、专业化的研发和服务团队，拥有CMMI5级认证、软件测试成熟度模型集成（TMMi）3级认证、ISO9001质量管理体系认证、ISO20000信息技术服务管理体系认证、IS027001信息安全管理体系认证。通过部署人工智能、云计算、大数据、移动互联网、分布式计算和区块链等先进金融科技，公司致力于构建安全可控、普惠民生、开放共赢格局，在关键技术领域服务现代化金融发展大局，更好地为各利益相关方创造更大价值，为大中企业、小微企业以及每个个体提供优质金融服务。,"https://www.zhaopin.com/jobdetail/CC120408370J40822504408.htm?refcode=4019&srccode=401901&preactionid=a7c1140f-c46c-45e5-b867-ab342d8bdc77"
1979,C/C++,上海-浦东新区,1.5-3万·14薪,外企德科数字技术有限公司,专业技术服务,10000人以上,,CCL1480117890J40789840705,岗位要求： 1、熟悉C++、Java、C、Python中的一种或多种语言，熟悉Linux开发环境，掌握多线程、网络编程等技能 2、逻辑清晰，具备较强的问题解决能力和团队意识 岗位职责： 1、参与智能驾驶系统ADS核心模块的设计、开发与优化，包括但不限制于感知算法，决策规划，控制执行、高精地图融合等模块 2、基于MDC平台或昇腾AI芯片，开发高性能、底延时的自动驾驶软件组件 3、负责自动驾驶功能模块的代码实现、单元测试及问题调试,2025-07-27 00:25:44,外企德科数字技术有限公司是一家2023年新成立的中外合资企业。成立于2023年11月24日，公司定位：专注于为信息技术企业提供人才及数字技术外包解决方案的中外合资企业。它是由中国人力资源服务行业的FESCO（北京国际人力资本集团）与全球人力资源服务领导者The Adecco Group（德科集团）合资成立的。公司主要提供网络技术服务、软件外包服务、计算机系统服务、技术进出口、软件开发等信息技术相关服务。专注于为信息技术企业提供信息技术类人才及数字技术外包解决方案。,"https://www.zhaopin.com/jobdetail/CCL1480117890J40789840705.htm?refcode=4019&srccode=401901&preactionid=a7c1140f-c46c-45e5-b867-ab342d8bdc77"
1980,技术支持工程师,鹤壁-淇滨区,9000-18000元,青岛安然物联网科技有限公司,"物联网,物联网",20-99人,未融资,CC559764920J40675821404,需要弱电技术、自动化、安防系统、工业互联网+危化安全生产、物联网人才，不要纯软件人才。  你能经常到全国各地出差吗？你能到工业生产现场生产现场做技术支持吗？   真正的奋斗者在安然会有让人值得为之奋斗的事业，会有充实、高效的成长，会有高人一等的收入。   你能做好售前技术支持、根据客户需求，高效制作方案吗？你能做好售中技术支持、指导他人正确安装、部署、调试系统向用户保质保量快速交付吗？你能做好售后维护，高效沟通和落实客户需求吗？   迄今已服务中石化、中石油、延长石油、国能、兖矿、京能、索普、新安、奇美、昊源、潞安、旭阳、垦利、逸盛、海科、酒钢、金发等几百家石化、化工、选煤、钢铁、电厂企业。    安然以客户为中心，以强者为本，抬头乐干，愿意与同道中人联合、链接，携手共建、共用、共享生产安全命运共同体，一起干，一起干，让优秀企业更安全，让优秀企业更高效！,7月19日,基于精准人员定位的工业安全生产信息化管理专家，安全生产信息化管理引领者！作为全国实时定位技术标准工作组成员和应急管理部“工业互联网+危化安全生产”人员定位系统技术支持机构，安然从2012年起致力于基于ZigBee Plus三维立体按需精准定位的“工业互联网+安全生产”的研究，获得了20多项安全智能管控系统发明专利和著作权，持续引领中国化工行业生产现场智慧安全！安然以“准、稳、狠”的ZigBee Plus三维立体按需精准人员定位统和“底数清、数据准、情况明、研判准、措施实”的安全生产信息化平台为核心，整合访客管理、出入口控制、人脸识别、视频监控、语音广播、重大危险源监控、可燃有毒气体监测等系统，对生产现场人、机、料、法、环五大要素进行实时、动态、智能管控和预警，规范人的安全行为，保障人的生命安全，有效防范风险、主动化解风险，实现智慧安全。安然“以用为本”，把安全生产信息化建设与公司管理体系“深度融合”，把安全生产信息化建设与日常工作“紧密结合”，对安全生产切实“有用、实用、好用”，避免建用“两张皮”，让安全管控更智能，让生产更高效才实用。迄今已服务中石化、中石油、延长石油、国能、兖矿、京能、索普、新安、奇美、昊源、潞安、旭阳、垦利、逸盛、海科、酒钢、金发等几百家石化、化工、选煤、钢铁、电厂企业。安然以客户为中心，以强者为本，抬头乐干，愿意与同道中人联合、链接，携手共建、共用、共享生产安全命运共同体，一起干，一起干，让优秀企业更安全，让优秀企业更高效！,"https://www.zhaopin.com/jobdetail/CC559764920J40675821404.htm?refcode=4019&srccode=401901&preactionid=a7c1140f-c46c-45e5-b867-ab342d8bdc77"
1981,技术支持工程师,淄博-临淄区,7000-14000元,青岛安然物联网科技有限公司,"物联网,物联网",20-99人,未融资,CC559764920J40822992804,需要弱电技术、自动化、安防系统、工业互联网+危化安全生产、物联网人才，不要纯软件人才。 你能经常到全国各地出差吗？你能到化工生产现场做技术支持吗？  真正的奋斗者在安然会有让人值得为之奋斗的事业，会有充实、高效的成长，会有高人一等的收入。  你能做好售前技术支持、根据客户需求，高效制作方案吗？你能做好售中技术支持、指导他人正确安装、部署、调试系统向用户保质保量快速交付吗？你能做好售后维护，高效沟通和落实客户需求吗？  迄今已服务中石化、中石油、延长石油、国能、兖矿、京能、索普、新安、奇美、昊源、潞安、旭阳、垦利、逸盛、海科、酒钢、金发等几百家石化、化工、选煤、钢铁、电厂企业。 安然以客户为中心，以强者为本，抬头乐干，愿意与同道中人联合、链接，携手共建、共用、共享生产安全命运共同体，一起干，一起干，让优秀企业更安全，让优秀企业更高效！,7月23日,基于精准人员定位的工业安全生产信息化管理专家，安全生产信息化管理引领者！作为全国实时定位技术标准工作组成员和应急管理部“工业互联网+危化安全生产”人员定位系统技术支持机构，安然从2012年起致力于基于ZigBee Plus三维立体按需精准定位的“工业互联网+安全生产”的研究，获得了20多项安全智能管控系统发明专利和著作权，持续引领中国化工行业生产现场智慧安全！安然以“准、稳、狠”的ZigBee Plus三维立体按需精准人员定位统和“底数清、数据准、情况明、研判准、措施实”的安全生产信息化平台为核心，整合访客管理、出入口控制、人脸识别、视频监控、语音广播、重大危险源监控、可燃有毒气体监测等系统，对生产现场人、机、料、法、环五大要素进行实时、动态、智能管控和预警，规范人的安全行为，保障人的生命安全，有效防范风险、主动化解风险，实现智慧安全。安然“以用为本”，把安全生产信息化建设与公司管理体系“深度融合”，把安全生产信息化建设与日常工作“紧密结合”，对安全生产切实“有用、实用、好用”，避免建用“两张皮”，让安全管控更智能，让生产更高效才实用。迄今已服务中石化、中石油、延长石油、国能、兖矿、京能、索普、新安、奇美、昊源、潞安、旭阳、垦利、逸盛、海科、酒钢、金发等几百家石化、化工、选煤、钢铁、电厂企业。安然以客户为中心，以强者为本，抬头乐干，愿意与同道中人联合、链接，携手共建、共用、共享生产安全命运共同体，一起干，一起干，让优秀企业更安全，让优秀企业更高效！,"https://www.zhaopin.com/jobdetail/CC559764920J40822992804.htm?refcode=4019&srccode=401901&preactionid=a7c1140f-c46c-45e5-b867-ab342d8bdc77"
1982,Java,东莞-None,1.4-2.8万·16薪,外企德科数字技术有限公司,专业技术服务,10000人以上,,CCL1480117890J40608168105,1、学信网可查 本科及以上学历 2、扎实的编程能力，熟悉算法和数据结构； 3、熟练使用JAVA/C/C++/JS/GO/Python任意一种或多种编程语言； 4、具有较好沟通表达能力和团队精神，能积极应对工作并具有较好抗压能力 5、base地：深圳/成都/西安/北京/东莞/南京/杭州,2025-07-27 00:23:23,外企德科数字技术有限公司是一家2023年新成立的中外合资企业。成立于2023年11月24日，公司定位：专注于为信息技术企业提供人才及数字技术外包解决方案的中外合资企业。它是由中国人力资源服务行业的FESCO（北京国际人力资本集团）与全球人力资源服务领导者The Adecco Group（德科集团）合资成立的。公司主要提供网络技术服务、软件外包服务、计算机系统服务、技术进出口、软件开发等信息技术相关服务。专注于为信息技术企业提供信息技术类人才及数字技术外包解决方案。,"https://www.zhaopin.com/jobdetail/CCL1480117890J40608168105.htm?refcode=4019&srccode=401901&preactionid=a7c1140f-c46c-45e5-b867-ab342d8bdc77"
1983,技术支持工程师,北京-昌平区,7000-14000元,中安国泰(北京)科技发展有限公司,"矿产/采掘,专用设备制造",20-99人,未融资,CCL1290056290J40815328708,一、学历及专业：本科及以上学历，测绘、安全、采矿、应急、岩土、石油、化学等相关专业（博士及条件优秀者，可不受专业限制） 二、年龄及性别：35周岁及以下，性别不限。 三、岗位要求： 1.政策研究与资源整合。开展应急管理领域政策研究，构建技术推广平台；统筹整合行业优势资源，推进先进救援装备应用示范。 2.技术文件编制。承担应急管理、安全生产领域规划文件编制；负责重大科研项目申报书、结题报告等技术文档撰写。 3.项目全流程管理。主导招投标文件编制及项目全周期管理；负责合同履约跟踪，统筹供货、验收及售后服务工作。 4.成果转化实施。制定技术营销方案并推动落地执行；开展科研成果产业化路径设计与实施。 5.发表过学术论文或专利，参加过纵向研究课题者优先。 6.具有销售经验者优先。 7.有驾驶证及驾驶经验者优先。,6月17日,我司是应急管理部直属事业单位中国安全生产科学研究院（以下简称“中国安科院”）全额出资的高新技术企业，位于北京市朝阳区北苑路32号安全大厦，成立时间1987年11月30日。中安国泰依托中国安科院的人才和技术优势，以高新科技的研发与应用为先导，构建安全生产科技转化平台，为政府安全生产监督管理提供技术支持，为各类企事业单位安全生产工作提供服务，打造国际一流的安全生产科技服务企业。主营业务包括：安全生产和应急救援装备的生产研发与推广应用、安全技术和应急管理的咨询与服务、事故分析和应急救援的监测与勘测服务等。中安国泰业务涉及矿山安全生产技术、自然灾害防治、公路与铁路工程、能源与水利等行业领域，在边坡滑坡灾害监测、隐伏采空区探测、冲击地压防治、建筑与桥梁结构检测等方面开展了大量工程实践，参与行业标准制定，形成了全方位一站式全流程的技术体系。中安国泰自主设计研发了首套国产化合成孔径边坡雷达监测系统，在中石油、中石化、神华、五矿、紫金矿业、首钢、攀钢、包钢等大型国有企业，及中国地调局、贵州消防、国家隧道救援队等应急机构广泛应用。,"https://www.zhaopin.com/jobdetail/CCL1290056290J40815328708.htm?refcode=4019&srccode=401901&preactionid=a7c1140f-c46c-45e5-b867-ab342d8bdc77"
1984,C/C++,南京-雨花台区,1.6-3万·14薪,外企德科数字技术有限公司,专业技术服务,10000人以上,,CCL1480117890J40600148805,在未来，把数字世界带入每一辆车，就能真正实现智能的驾驶、智慧的空间、智慧的服务和智能的生产，让汽车产业与ICT技术加速融合，跨界合作共赢将成为新的趋势。我们的业务将会涉及到智能驾驶、智能座舱产品部、融合感知、集成与验证、解决方案适配等。岗位要求：   1、大学本科及以上学历，计算机、通信、自动化等相关专业。   2、掌握C/C++/Java/Python等一种或多种语言的开发应用，掌握数据结构、算法相关知识。   3、具有良好的沟通能力，刻苦、敬业、有上进心，对技术有激情，喜欢钻研，有较强的独立、主动的学习能力。   4、没有工作经验的应届生同学亦可，需要具备较好的学习能力,2025-07-27 00:23:22,外企德科数字技术有限公司是一家2023年新成立的中外合资企业。成立于2023年11月24日，公司定位：专注于为信息技术企业提供人才及数字技术外包解决方案的中外合资企业。它是由中国人力资源服务行业的FESCO（北京国际人力资本集团）与全球人力资源服务领导者The Adecco Group（德科集团）合资成立的。公司主要提供网络技术服务、软件外包服务、计算机系统服务、技术进出口、软件开发等信息技术相关服务。专注于为信息技术企业提供信息技术类人才及数字技术外包解决方案。,"https://www.zhaopin.com/jobdetail/CCL1480117890J40600148805.htm?refcode=4019&srccode=401901&preactionid=a7c1140f-c46c-45e5-b867-ab342d8bdc77"
1985,实施工程师,衢州-柯城区,6000-12000元,东华医为科技有限公司,"IT服务,IT服务",1000-9999人,未融资,CC649781480J40346339105,1.在项目经理的指导下把控项目进度、范围、成本、质量；建设团队，管理团队；识别项目风险，控制项目风险。 2.在项目经理的指导下项目全生命周期管理：启动、规划、执行、监控、收尾。 专业知识和技能： 1）计算机或医疗相关专业 2）有责任心，能较快掌握和应用新技术 3）具备较好的独立解决问题的能力； 4）工作敬业，责任心强，能够按照规定的工作流程开展工作； 5）积极主动，发现问题及时提出意见和建议； 6）善于沟通，有较好的表达能力和职业素质； 7）有团队协作精神，能够与各方面的领导和同事融洽合作； （短期出差2周左右，基本时间为衢州） 职位福利：五险一金、包住,2025-07-27 01:11:55,东华医为科技有限公司（简称东华医为）成立于2012年5月，注册资金5000万，是东华软件股份公司旗下专业服务医疗、卫生等大健康领域IT业务的全资子公司。东华医为现有员工2000余人，其中技术人员占比达到90%，拥有近100项大健康类自主知识产权的软件产品，所覆盖的大健康领域有医疗机构、卫生管理机构、互联网医疗、人工智能、大数据、健康管理等，所涉及的主要业务有IT咨询规划、方案设计、系统集成、软件开发与交付、工程实施与交付、人才培养、售后运维、合作运营等。东华医为现为全国500余家大健康领域的各类用户提供着持续的技术服务，还连续多年蝉联中国十佳医疗行业解决方案商榜首。传承了东华软件医疗卫生事业部近二十年IT业务的东华医为，在高速发展的大健康领域，笃定能大有作为。,"https://www.zhaopin.com/jobdetail/CC649781480J40346339105.htm?refcode=4019&srccode=401901&preactionid=a7c1140f-c46c-45e5-b867-ab342d8bdc77"
1986,前端开发,成都-武侯区,4000-6000元·13薪,四川星峰景晨科技有限公司,"互联网,计算机软件,IT服务",20-99人,未融资,CCL1452448830J40402307416,职位描述:   ,6月13日,四川星峰景晨科技有限公司，简称“星峰景晨”，创立于2022年，核心团队来自腾讯、OPPO等大厂，是一家专业从事软件研发、系统集成、项目外包服务、IT咨询规划的高新技术企业。公司专注于智慧政务、综合监管、大数据、移动互联等领域的应用研发，致力于为客户创造价值，为社会创造财富。,"https://www.zhaopin.com/jobdetail/CCL1452448830J40402307416.htm?refcode=4019&srccode=401901&preactionid=a7c1140f-c46c-45e5-b867-ab342d8bdc77"
1987,前端开发,北京-海淀区,1.5-2万,博彦科技承德有限公司,"IT服务,互联网",1000-9999人,已上市,CC637366030J40687434606,【外包，12薪，早十晚八，周末双休，一本学历优先；面试定薪】 岗位职责： 1. 使用Vue进行前端开发，参与可灵数据平台的搭建与维护 2. 涉及部分后端技术支持 3. 根据项目需求，快速到岗并展开工作 岗位要求： 1. 熟悉Vue框架，有前端开发经验 2. 了解后端技术，有前后端分离的项目经验者优先 3. 本科及以上学历，一本院校优先 4. 具备良好的沟通能力和团队合作精神，能快速适应工作环境,7月12日,博彦科技（深交所上市公司，股票代码002649）是一家面向全球的IT咨询、产品、解决方案与服务提供商。公司成立于1995年，总部位于中国北京，并在中国、美国、西班牙、日本、印度、新加坡和马来西亚等7个国家设有40余家分支机构、研发基地或交付中心。博彦科技依托自身强大的研发与创新能力，广泛采用基于物联网、大数据、人工智能和移动互联等新兴技术，为高科技、金融、互联网、地产、交通、汽车、零售、能源、制造、航空、电信、媒体、旅游等行业客户提供丰富的解决方案及产品。博彦科技遵循严格的质量和安全标准，实施严密的安全措施，拥有成熟可靠的管理和开发流程，并获得CMMI 3、ISO 20000、ISO 9001、ISO 27001、ISO 14001、OHSAS 18001等一系列资质认证。公司凭借多年的行业积累、深厚的行业专长和成熟的行业实践、国际化的精英团队和完善的人才管理、完备的全球化交付与服务网络、以及无处不在的创新精神与实践，助力全球客户尽享科技革新所带来的卓越运营，为客户持续创造关键价值。,"https://www.zhaopin.com/jobdetail/CC637366030J40687434606.htm?refcode=4019&srccode=401901&preactionid=a7c1140f-c46c-45e5-b867-ab342d8bdc77"
1988,科研人员,赣州-赣县区,8000-11000元,中国科学院赣江创新研究院,"学术/科研,学术/科研",500-999人,不需要融资,CCL1360571000J40640900311,一、部门简介  高温材料工程中心，隶属于中国科学院赣江创新研究院。本研究单元面向关键高温过程与重大高温工程需求，探索改性、强化高温材料的共性原理规律，开展结构功能一体化耐高温材料的设计、制造和性能试验研究，致力于创建材料研发与人才培养相互促进、高温过程与材料工程交叉融合的学术新高地。高温材料工程中心下设 5 个研究（技术）部：空天飞行器高温材料研究部、先进核能高温材料研究部（金属材料及其加工，含铸锻焊增材）、等离子体高温材料研究部、激光能源高温材料研究部、轻量化 SOFC 研究部。 二、岗位要求 1、应届或往届，硕士研究生学历，年龄30岁以内（涂层相关研究方向可延长至35岁内）。机械工程、动力工程及工程热物理、材料科学与工程等相关专业。 2、动手能力强，具备一定科研素养更佳。 3、执行力强，有团队合作精神。 4、有外沟通协调能力和执行能力。 5、具备良好的职业道德素养。 6、积极主动，勤奋好学，心态端正。 7、身体健康、无传染性疾病，需通过健康体检。 三、岗位职责 1、负责实验仪器设备、科研项目管理。 2、协助课题负责人完成具体实验并整理报告，调研前沿方向并开展具有前景的工艺探索。 3、具有终身学习意识，能够运用现代信息技术获取相关信息和新技术、新知识。 四、岗位待遇 1、提供具有竞争力的薪酬（8k-11k，具体可面议）。  2、双休，假期根据法定节假日进行安排。 3、缴纳五险一金，享受工会福利及带薪年休假。 4、园内配备食堂、健身区、娱乐休闲区等。 5、入职可申请单身公寓。 五、其他要求 1、投递时间：招满为止 2、有意者请提供个人简历、发表论文和专利、获奖情况以及其他可证明学术水平与能力的材料。 *简历需注明本人联系电话及微信号,7月16日,中国科学院赣江创新研究院（简称赣江创新院）由中国科学院与江西省人民政府共同出资创建，于2020年7月由中央编办批准成立。在新的办院方针“三个面向”“四个率先”的指导下，全面贯彻落实“率先行动”计划以来，中科院新增的第一个研究机构，江西省第一个中科院直属科研机构。赣江创新院探索“基础研究创造新需求、战略需求牵引新技术”的科技创新发展模式，坚持以人才为本的自由探索型基础研究和以实际应用为目标的基础研究，聚焦资源绿色高效分离、高端材料开发，开展相关领域基础性、战略性、前瞻性研究，突破领域前沿科学难题和核心关键技术。围绕资源利用的技术研究全链条，设置资源前沿与交叉中心、资源与生态环境研究所、材料与化学研究所、材料与物理研究所、系统工程与装备研究所等5个研究单元。与国家重点实验室、工程技术中心、技术创新中心、中科院重点实验室和中科院工程实验室等创新平台，协同形成“物理—化学—化工—材料”等多学科的基础研发平台，构建“基础研究—技术开发—工程应用—技术装备”研发技术链，建设成为功能最全、规模最大、技术最先进、科技服务为一体的综合性科技创新平台。赣江创新院深入推进“科教产”新模式，构筑“科技创新链＋教育培养链＋产业应用链”功能架构体系，研究生教育归口在中国科学技术大学，具有中国科学技术大学学籍，并授予学位。以市场为牵引的科技创新和成果转化机制创新的多元化模式，与国内外20余家重点企业建立紧密的合作伙伴关系，实现技术创新到产业落地的“从0到1”突破。不忘初心，牢记使命。赣江创新研究院扎根赣南红色土地，传承弘扬苏区精神和科学精神，按照“边建设、边招人、边科研、边产出”的原则，稳步、高效推进研究院建设，力争建成创新特区、改革试验区、产学研示范区，科技创新高地、人才培养高地和产业技术高地（三区三高地），为建设科技强国和人类可持续发展作出新的贡献。,"https://www.zhaopin.com/jobdetail/CCL1360571000J40640900311.htm?refcode=4019&srccode=401901&preactionid=a7c1140f-c46c-45e5-b867-ab342d8bdc77"
1989,前端开发,长沙-雨花区,8000-14000元,亚信科技(中国)有限公司,通信/网络设备,10000人以上,已上市,CC139131340J40711287311,1、有扎实的css、html基础，精通javascript、Ajax、Jquery等技术 2、熟悉Vue、React等主流框架，熟悉element-ui优先 3、熟练使用webpack、gulp等前端自动化构建工具； 4、具备良好的编程习惯及程序设计能力,3月15日,亚信科技是中国领先的信息科技产品及服务提供商，拥有丰富的软硬件产品开发和大型工程实施经验。公司深耕市场超过 30年，在 5G、云计算、大数据、人工智能、物联网、数智运营、业务及网络支撑系统（BSS&OSS）等领域具有先进的技术能力和众多成功案例，客户遍及通信、广电、能源、交通、政务、金融、邮政等行业。近年来，亚信科技持续聚焦云网、数智、IT三类产品的研发，并结合咨询规划、数智运营和系统集成能力，不断向“产品与服务双领先”目标迈进。2024年公司进一步提出“四个转变”发展战略，聚焦打造 5G专网、边缘智能、信创数据库、大数据与可信数据流通、xGPT等战略级软件及软硬一体产品，并加强向非通信及国际市场的开拓。亚信科技始终致力于将 5G、人工智能、大数据等数智技术赋能至百行千业，与客户共创数智价值。面向未来，公司将努力成为最可信赖的数智价值创造者，并依托数智化全栈能力，创新客户价值，助推数字中国。,"https://www.zhaopin.com/jobdetail/CC139131340J40711287311.htm?refcode=4019&srccode=401901&preactionid=a7c1140f-c46c-45e5-b867-ab342d8bdc77"
1990,软件测试,莆田-城厢区,1-1.2万·13薪,青岛瑞晟元人力资源有限公司,人力资源服务,20人以下,不需要融资,CCL1431271280J40777971807,岗位职责： 1. 负责软件的功能测试。 2. 执行测试用例，报告缺陷并跟踪缺陷的修复。 3. 与开发团队协作，确保软件质量满足需求。 4. 参与软件测试流程的优化和改进。 岗位要求： 1. 熟悉软件测试理论、方法和流程。 2. 具备功能测试经验。 3. 了解运维工程师、网络工程师的工作内容，能进行基本的IT质量管理。 4. 有信息技术、标准化、电子或电路工程相关背景者优先。 薪资待遇：包住、六险一金、工龄工资、生日礼金、定期体检、带薪年假、绩效奖、项目奖、年终奖.,2025年07月29日,,"https://www.zhaopin.com/jobdetail/CCL1431271280J40777971807.htm?refcode=4019&srccode=401901&preactionid=a7c1140f-c46c-45e5-b867-ab342d8bdc77"
1991,测试工程师,拉萨-城关区,1-1.2万·13薪,青岛瑞晟元人力资源有限公司,人力资源服务,20人以下,不需要融资,CCL1431271280J40777387607,,2025年07月28日,,"https://www.zhaopin.com/jobdetail/CCL1431271280J40777387607.htm?refcode=4019&srccode=401901&preactionid=a7c1140f-c46c-45e5-b867-ab342d8bdc77"
1992,软件测试,西安-雁塔区,8000-16000元,西安汇智众泽电子科技有限公司,计算机软件,20-99人,未融资,CC823193760J40184444409,1.计算机、电子信息、软件工程类相关专业，本科或以上学历； 2.二年以上软件开发或软件测试工作经验，熟悉测试流程、精通缺陷管理和缺陷分析，熟练掌握缺陷管理工具；s 3.精通C/C++，熟练使用REVIEW底层代码者优先，精通C++Test者优先； 4.熟悉测试用例设计，并能够指导团队成员解决测试中遇到的问题； 5.本岗位可接收实习生及优秀应届毕业生。 职位福利：五险一金  ,6月20日,"西安汇智众泽电子科技有限公司，原名为西安灵犀电子科技有限公司，于2014年5月20日在陕西省西安市高新区唐延南路东侧逸翠园二期第1幢1单元5层10532室注册成立，注册资金1000万元；于2015年7月30日将注册地址与办公地址搬迁至陕西省西安市高新区唐延南路东侧逸翠园二期第1幢2单元3层20319室；2018年5月25日，公司名称变更为西安汇智众泽电子科技有限公司，并将注册地址与办公场所搬迁至陕西省西安市高新区唐延南路东侧逸翠园二期第1幢2单元8层20815室。西安汇智众泽电子科技有限公司是一家民营高新技术企业。公司自成立以来，承揽了多项软件测试和集成项目，为用户提供系统级的产品解决方案和技术支持。建立了稳定的专业化技术研发和支持团队，90%人员具有本科以上学历，参与过多项软件研发、测试平台的建设，在业界拥有众多的合作伙伴，高质量、高效率的技术服务赢得了良好的口碑。为提高专业承载力，公司在软件工程、实验室质量体系建设、测试系统论证与研制方面具有丰富的技术咨询和研发能力。公司的主要业务是为广大客户提供软件工程化、软件测试、系统仿真方面的产品代理、技术服务和咨询,致力于以综合测试、系统性能监视调优为主，软件开发、及测试技术培训与咨询为辅的服务路线，为医疗、工业生产提供系统级保障。为提升企业竞争力，体现专业化水准，公司特地在系统性能监视调优、软件开发、智能制造方面开发出独有应用系统，为用户提供安全可靠，便捷快速的系统级服务。此外，公司为保障中小企业的快速稳定发展，促进行业良性循环，制定出了咨询及软件服务的服务线路，包括专业化测试工具、测试服务、测试培训咨询、软件开发服务在内的技术服务，为中小企业快速发展提供保障。","https://www.zhaopin.com/jobdetail/CC823193760J40184444409.htm?refcode=4019&srccode=401901&preactionid=a7c1140f-c46c-45e5-b867-ab342d8bdc77"
1993,Java,深圳-龙岗区,1.3-2.6万,外企德科数字技术有限公司,专业技术服务,10000人以上,,CCL1480117890J40733750905,岗位要求: 1、统招本科及以上学历，双证齐全(学信网可查） 2、掌据C/C++/Java/python/Go/JS一种或多种编程语言，热爱编程 3、掌握常用的数据结构、数据算法。 岗位优势： ①大厂市场领先且稳定的薪酬福利收入(根据面试能力评价等定级定薪) ②个人编程能力的快速学习提升(导师6个月带教) ③行业前沿的技术框架(不用担心未来如果换工作技术框架不适用) ④行业领先的产品研发项目管理流程、编码规范培训、纯粹的工程师氛围(您要相信，和优秀的人一起工作，您也必定变得更优秀) 公司福利: 1.入职即缴纳五险一金+商业险，全额缴纳社保及公积金 2.一年数次考评，薪资、职级可上浮 3.带薪年假5-15天 4.免费夜宵，城际班车，舒适的办公环境 5.免费健身房，各种娱乐活动(可自行选择是否参加，不参加就早点下班哦）,2025-07-27 00:23:29,外企德科数字技术有限公司是一家2023年新成立的中外合资企业。成立于2023年11月24日，公司定位：专注于为信息技术企业提供人才及数字技术外包解决方案的中外合资企业。它是由中国人力资源服务行业的FESCO（北京国际人力资本集团）与全球人力资源服务领导者The Adecco Group（德科集团）合资成立的。公司主要提供网络技术服务、软件外包服务、计算机系统服务、技术进出口、软件开发等信息技术相关服务。专注于为信息技术企业提供信息技术类人才及数字技术外包解决方案。,"https://www.zhaopin.com/jobdetail/CCL1480117890J40733750905.htm?refcode=4019&srccode=401901&preactionid=a7c1140f-c46c-45e5-b867-ab342d8bdc77"
1994,技术支持工程师,北京-海淀区,8000-15000元,北京嘉贺恒德科技有限责任公司,"贸易/进出口,金属制品业,仪器仪表制造,电子/半导体/集成电路",100-299人,未融资,CC265464610J40638041808,职位描述 1、负责协助项目负责人进行车床、刀具等设备的售前、售中、售后技术支持工作； 2、负责给客户提供相关产品的技术解决方案。   任职要求： 1.机械、自动化等相关专业本科及以上学历； 2.CAD等画图软件能够熟练使用，能看懂图纸； 3.熟悉车床、刀具等设备技术优先； 4.拥有强动手能力，沟通表达能力，英语/俄语能力强优先。,6月24日,嘉贺恒德科技有限责任公司是一家以激光配件为核心的中欧贸易公司，总公司位于北京海淀区。我司经营范围：机械加工、半导体激光器、激光晶体、光学镜片、测试仪器、CO2激光管、冷水机、光学支架、平台等光学配件。,"https://www.zhaopin.com/jobdetail/CC265464610J40638041808.htm?refcode=4019&srccode=401901&preactionid=a7c1140f-c46c-45e5-b867-ab342d8bdc77"
1995,技术支持工程师,亳州-蒙城县,6000-10000元,东华医为科技有限公司,"IT服务,IT服务",1000-9999人,未融资,CC649781480J40171736705,1、学习能力强，能较快掌握和应用新技术； 2、具备较好的独立解决问题的能力； 3、有较强的适应能力、吃苦耐劳、能担重任； 4、工作敬业，责任心强，能够按照规定的工作流程开展工作； 5、积极主动，发现问题及时提出意见和建议； 6、善于沟通，有较好的表达能力和职业素质； 7、有团队协作精神，能够与各方面的领导和同事融洽合作； 8、有一定的编程基础，至少会Java、VB、VC、C、Delphi之一种计算机语言； 9、能胜任长期出差。 职位福利：五险一金、绩效奖金、加班补助、包住、带薪年假、定期体检、周末双休,2025-07-27 01:11:53,东华医为科技有限公司（简称东华医为）成立于2012年5月，注册资金5000万，是东华软件股份公司旗下专业服务医疗、卫生等大健康领域IT业务的全资子公司。东华医为现有员工2000余人，其中技术人员占比达到90%，拥有近100项大健康类自主知识产权的软件产品，所覆盖的大健康领域有医疗机构、卫生管理机构、互联网医疗、人工智能、大数据、健康管理等，所涉及的主要业务有IT咨询规划、方案设计、系统集成、软件开发与交付、工程实施与交付、人才培养、售后运维、合作运营等。东华医为现为全国500余家大健康领域的各类用户提供着持续的技术服务，还连续多年蝉联中国十佳医疗行业解决方案商榜首。传承了东华软件医疗卫生事业部近二十年IT业务的东华医为，在高速发展的大健康领域，笃定能大有作为。,"https://www.zhaopin.com/jobdetail/CC649781480J40171736705.htm?refcode=4019&srccode=401901&preactionid=a7c1140f-c46c-45e5-b867-ab342d8bdc77"
1996,实施工程师,安庆-迎江区,8000-16000元,青岛安然物联网科技有限公司,"物联网,物联网",20-99人,未融资,CC559764920J40565608304,需要弱电技术、自动化、安防系统、工业互联网+危化安全生产、物联网人才，不要纯软件人才。  你能经常到全国各地出差吗？你能到工业生产现场生产现场做技术支持吗？     真正的奋斗者在安然会有让人值得为之奋斗的事业，会有充实、高效的成长，会有高人一等的收入。,7月22日,基于精准人员定位的工业安全生产信息化管理专家，安全生产信息化管理引领者！作为全国实时定位技术标准工作组成员和应急管理部“工业互联网+危化安全生产”人员定位系统技术支持机构，安然从2012年起致力于基于ZigBee Plus三维立体按需精准定位的“工业互联网+安全生产”的研究，获得了20多项安全智能管控系统发明专利和著作权，持续引领中国化工行业生产现场智慧安全！安然以“准、稳、狠”的ZigBee Plus三维立体按需精准人员定位统和“底数清、数据准、情况明、研判准、措施实”的安全生产信息化平台为核心，整合访客管理、出入口控制、人脸识别、视频监控、语音广播、重大危险源监控、可燃有毒气体监测等系统，对生产现场人、机、料、法、环五大要素进行实时、动态、智能管控和预警，规范人的安全行为，保障人的生命安全，有效防范风险、主动化解风险，实现智慧安全。安然“以用为本”，把安全生产信息化建设与公司管理体系“深度融合”，把安全生产信息化建设与日常工作“紧密结合”，对安全生产切实“有用、实用、好用”，避免建用“两张皮”，让安全管控更智能，让生产更高效才实用。迄今已服务中石化、中石油、延长石油、国能、兖矿、京能、索普、新安、奇美、昊源、潞安、旭阳、垦利、逸盛、海科、酒钢、金发等几百家石化、化工、选煤、钢铁、电厂企业。安然以客户为中心，以强者为本，抬头乐干，愿意与同道中人联合、链接，携手共建、共用、共享生产安全命运共同体，一起干，一起干，让优秀企业更安全，让优秀企业更高效！,"https://www.zhaopin.com/jobdetail/CC559764920J40565608304.htm?refcode=4019&srccode=401901&preactionid=a7c1140f-c46c-45e5-b867-ab342d8bdc77"
1997,C/C++,贵阳-花溪区,1.7-3万·15薪,外企德科数字技术有限公司,专业技术服务,10000人以上,,CCL1480117890J40616278305,岗位选择：  软件开发、软件测试、嵌入式开发、算法、运维、数据分析等（工作地点可选北京、上海、深圳、东莞、杭州、南京、武汉、成都、西安、长沙、苏州、济南、广州等）  岗位要求：  1、统招本科及以上学历（学信网可查），985/211/双一流大学优先；计算机、通信相关专业优先，非相关专业有相关工作经验也可以。  2、热爱编程，基础扎实，熟悉JAVA/C++/C/Python/JS/HTML/GO等编程语言中的一种或多种，有良好的编程习惯。  3、对数据结构、算法有一定了解，熟悉TCP/IP协议及互联网常见应用和协议的原理。  4、有IT应用软件、互联网软件、IOS/安卓等相关产品开发经验，熟悉网络安全、信息安全等相关领域。  5、熟悉软件开发过程，熟练运用软件开发工具，具备良好的软件工程能力。  6、具备独立工作能力和解决问题的能力，善于沟通，乐于合作，热衷新技术，善于总结分享，喜欢动手实践。  7、有强烈的团队合作精神，有良好的英语读写能力，有大型通信设备开发经验者优先。  岗位福利：  1、薪资结构：底薪+绩效+年终奖，入职即缴纳五险一金，额外补充商业险，每年一次调薪调职机会。  2、团建+内购会+班车+免费夜宵+节日福利+生日会+年度免费体检+公司内部健康驿站+带薪年假+半年导师一对一带教。  3、5天8小时，弹性打卡，双休，月末最后一个周六加班，双倍工资。  4、大厂待遇，合同签约4年，项目稳定，个人瓶颈期可申请挑战新项目，晋升空间广，办公环境高大上。,2025-07-28 00:22:31,外企德科数字技术有限公司是一家2023年新成立的中外合资企业。成立于2023年11月24日，公司定位：专注于为信息技术企业提供人才及数字技术外包解决方案的中外合资企业。它是由中国人力资源服务行业的FESCO（北京国际人力资本集团）与全球人力资源服务领导者The Adecco Group（德科集团）合资成立的。公司主要提供网络技术服务、软件外包服务、计算机系统服务、技术进出口、软件开发等信息技术相关服务。专注于为信息技术企业提供信息技术类人才及数字技术外包解决方案。,"https://www.zhaopin.com/jobdetail/CCL1480117890J40616278305.htm?refcode=4019&srccode=401901&preactionid=a7c1140f-c46c-45e5-b867-ab342d8bdc77"
1998,测试工程师,开封-龙亭区,8000-12000元,河南歌络影视传媒有限公司,新媒体,20人以下,,CCL1495955890J40793570203,岗位职责： 1.负责中央域控制车身、网关、诊断等功能系统测试 2.根据产品需求设计测试方案和测试用例| 3.根据测试用例执行手工测试，反馈跟踪产品BUG及用例缺陷 4.搭建测试台架，进行台架及实车测试 5测试工具/系统研究和应用 任职要求： 1.18-30岁，经验不限，毕业一年以上，大专及以上学历| 2.对互联网感兴趣，能够长期发展 3.学习能力强，有较强的沟通能力以及逻辑思维能力 早九晚六，周末双休，法定假日正常休息 接受无经验，要求认真踏实,7月22日,,"https://www.zhaopin.com/jobdetail/CCL1495955890J40793570203.htm?refcode=4019&srccode=401901&preactionid=a7c1140f-c46c-45e5-b867-ab342d8bdc77"
1999,前端开发,北京-海淀区,1-2万,中科软科技股份有限公司,"计算机软件,计算机软件",1000-9999人,已上市,CC120160390J40613269316,岗位职责：  1、参与公司项目产品的设计与研发，提高用户体验和系统稳定性；  2、快速理解客户和项目经理需求，并能与后台开发人员保持良好的沟通合作；  3、进行前端新技术新框架的跟进，与团队成员分享。  岗位要求：  1、计算机或相关专业，本科及以上学历；  2、稳重踏实，具备良好的沟通交流能力，逻辑思维能力，有较强的快速学习能力；  3、熟练掌握前端开发技术HTML、CSS、JavaScript，有ES6/HTML5/CSS3开发经验；  4、精通Web前端框架，如Vue、React、Angular等，了解Node.js，有Ant Design开发经验者优先；  5、了解后端Java开发技术，和Java开发人员有协作开发经验者优先，熟悉J2EE体系架构、Jsp、Servlet、Spring、Web Service者优先；  6、熟练使用浏览器调试工具，有系统维护、浏览器兼容性调整、性能优化方面的经验；,7月3日,中科软科技股份有限公司成立于 1996年 5月，总部设在北京，注册资本金 21200万元，是专业从事计算机软件研发、应用、服务的大型软件开发集团公司，业务方向包括：大型行业应用软件开发和系统集成、行业通用软件产品、网络信息安全软件产品、大型网络应用软件组合平台、中间件软件产品及应用工具。主要领域涉及保险、金融、政府、能源、媒体、公共卫生等各行业，现为中国电子政务百强企业、中国电子企业最具潜力品牌单位、保险行业解决方案最具影响力企业，在保险行业 IT综合实力及应用解决国内排名第一。公司拥有多年从事软件工程实施、国内外合作开发及推广的丰富经验，是国家发展计划委员会、信息产业部、对外贸易经济合作部、国家税务总局确定的“国家规划布局内的重点软件企业”，“国家火炬计划北京软件产业基地”骨干企业，国家欧美软件外包试点企业、“北京市百家创新试点企业”之一，同时承担国家“十五”科技攻关项目、“ 863计划”、国家发改委软件产业化项目、科技部技术创新项目及北京市科委重大项目。在企业的发展中，我们一直注意公司管理体系的建设和完善，促进公司管理的科学化、规范化、流程化，努力建立规范、系统的公司管理体系。目前已通过 ISO9001质量体系认证及 CMMI5级的评估认证，获得“计算机信息系统集成一级资质”；“涉及国家秘密的计算机信息系统集成甲级资质”，建筑智能化系统集成专项工程设计证书（甲级）等证书，是“ AAA级信用企业”，并拥有中关村企业信用最高等级 ZC1。在对待员工队伍的建设问题上，在企业文化中强调以人为本，不拘一格发展人才的思路。公司现已拥有一支七千多人的、以年轻的博士硕士为骨干的、老中青结合的科技队伍。同时，我们也拥有一支资深顾问团队，主要成员分别来自于国家各部委、保监会、银监会、中国人保等各领域内的政府高管及业界巨头。随着公司在保险、银行、政府、媒体、邮政等各个领域的迅猛发展，也吸引了越来越多的来自世界各地的跨国企业与公司进行合作。自 2003年开始，公司更是依托在业界的广泛渠道及良好的合作关系，举办了中国软件领域的权威盛会—中国软件技术大会。以“张扬个性、促进创新、引爆争鸣、激发活力”为口号，以中立、开放为宗旨，容纳并汇聚了当今软件业的多种技术和流派，获得了社会的广发关注与认可“发展软件产业、创新软件科技”。作为一家快速成长的中国软件企业，我们将继续秉承踏实严谨的工作作风，以发展民族软件业为己任，用我们的激情与智慧，携手大家共创辉煌未来。成功案例保险业务综合管理信息系统计算机网络安全技术软件开发项目新华社新闻编辑系统工程国家质量监督检验检疫总局质量监督综合管理信息系统金财工程总体建设解决方案国家开发银行柜台前移项目中国银行 Lotus平台升级项目中国光大银行综合办公管理系统中国疾病预防中心突发公共卫生事件应急监测系统新华社 2008奥运移动报道系统项目……战略合作伙伴包括 Microsoft、 IBM、 HP、 BEA、 Oracle、 SUN、 SGI、 DELL、 BakBone、 BMC及 NEC、 Toshiba、 Lotus、 SAP等公司。企业文化公司企业文化的四个层面：以客户为中心合作高效益、高效率和高技术德、智、体全面发展,"https://www.zhaopin.com/jobdetail/CC120160390J40613269316.htm?refcode=4019&srccode=401901&preactionid=a7c1140f-c46c-45e5-b867-ab342d8bdc77"
2000,实施工程师,鹤壁-淇滨区,8000-16000元,青岛安然物联网科技有限公司,"物联网,物联网",20-99人,未融资,CC559764920J40884193604,岗位职责： 1. 负责石化、化工厂人员定位系统的现场实施、现场交付和技术赋能等工作。 2. 对接客户需求，进行需求调研，制定详细的施工方案和计划。 3. 确保项目按照既定的时间节点和质量要求完成交付。 4. 对已交付的项目进行后期技术支持与维护。 岗位要求： 1. 年龄在25-35岁之间。 2. 能够适应经常出差的工作要求。 3. 熟悉信息化、弱电及工业互联网相关技术。 4. 具备良好的沟通协调能力和问题解决能力。,7月18日,基于精准人员定位的工业安全生产信息化管理专家，安全生产信息化管理引领者！作为全国实时定位技术标准工作组成员和应急管理部“工业互联网+危化安全生产”人员定位系统技术支持机构，安然从2012年起致力于基于ZigBee Plus三维立体按需精准定位的“工业互联网+安全生产”的研究，获得了20多项安全智能管控系统发明专利和著作权，持续引领中国化工行业生产现场智慧安全！安然以“准、稳、狠”的ZigBee Plus三维立体按需精准人员定位统和“底数清、数据准、情况明、研判准、措施实”的安全生产信息化平台为核心，整合访客管理、出入口控制、人脸识别、视频监控、语音广播、重大危险源监控、可燃有毒气体监测等系统，对生产现场人、机、料、法、环五大要素进行实时、动态、智能管控和预警，规范人的安全行为，保障人的生命安全，有效防范风险、主动化解风险，实现智慧安全。安然“以用为本”，把安全生产信息化建设与公司管理体系“深度融合”，把安全生产信息化建设与日常工作“紧密结合”，对安全生产切实“有用、实用、好用”，避免建用“两张皮”，让安全管控更智能，让生产更高效才实用。迄今已服务中石化、中石油、延长石油、国能、兖矿、京能、索普、新安、奇美、昊源、潞安、旭阳、垦利、逸盛、海科、酒钢、金发等几百家石化、化工、选煤、钢铁、电厂企业。安然以客户为中心，以强者为本，抬头乐干，愿意与同道中人联合、链接，携手共建、共用、共享生产安全命运共同体，一起干，一起干，让优秀企业更安全，让优秀企业更高效！,"https://www.zhaopin.com/jobdetail/CC559764920J40884193604.htm?refcode=4019&srccode=401901&preactionid=a7c1140f-c46c-45e5-b867-ab342d8bdc77"
