job_id,basic_requirement,professional_skill,professional_quality,job_name
125,0,15,0,前端开发
126,5,38,10,实施工程师
127,5,3,0,科研人员
128,5,14,5,科研人员
129,5,3,0,科研人员
132,0,15,0,实施工程师
133,0,28,0,Java
135,0,37,0,Java
136,0,14,0,实施工程师
137,0,3,0,软件测试
138,5,11,5,科研人员
140,5,14,0,C/C++
141,5,5,0,Java
142,20,3,0,科研人员
143,5,17,5,硬件测试
145,5,6,0,Java
146,0,6,0,技术支持工程师
147,0,29,0,实施工程师
148,0,14,0,软件测试
149,2,22,0,实施工程师
150,5,3,8,测试工程师
151,5,3,0,软件测试
152,0,9,0,实施工程师
153,0,27,5,C/C++
154,5,3,0,测试工程师
157,0,26,15,Java
158,0,12,0,技术支持工程师
159,0,6,0,技术支持工程师
160,0,14,0,硬件测试
161,5,3,0,软件测试
162,5,6,5,硬件测试
163,5,48,20,Java
164,0,8,10,软件测试
165,7,14,15,软件测试
166,0,37,0,Java
167,0,6,0,软件测试
168,0,21,0,C/C++
169,5,26,19,硬件测试
170,0,44,0,Java
171,5,12,0,测试工程师
173,5,12,15,技术支持工程师
174,5,6,5,测试工程师
175,0,6,0,技术支持工程师
176,0,0,5,实施工程师
177,5,12,0,科研人员
178,0,22,7,软件测试
179,0,15,0,Java
183,0,9,15,科研人员
184,0,54,0,Java
185,0,18,13,技术支持工程师
186,5,11,5,测试工程师
187,5,6,5,硬件测试
188,0,54,0,Java
189,5,0,0,科研人员
190,0,25,0,Java
191,0,11,0,前端开发
192,5,16,10,测试工程师
193,0,18,0,Java
194,7,6,2,软件测试
195,5,35,0,前端开发
196,5,0,5,技术支持工程师
198,5,3,0,测试工程师
199,0,8,0,测试工程师
200,0,14,0,硬件测试
201,0,24,16,Java
202,5,19,2,C/C++
203,5,19,15,测试工程师
204,0,3,0,前端开发
205,0,3,0,Java
206,5,3,19,实施工程师
207,10,12,2,技术支持工程师
208,0,6,0,软件测试
209,0,11,5,测试工程师
210,5,0,0,软件测试
211,0,3,0,技术支持工程师
212,5,11,0,前端开发
213,15,22,0,C/C++
214,0,37,0,Java
215,0,45,0,Java
216,0,9,0,实施工程师
217,5,8,5,科研人员
218,0,30,0,测试工程师
219,5,36,0,前端开发
220,5,6,2,实施工程师
221,0,14,10,实施工程师
224,0,9,0,实施工程师
225,0,6,0,软件测试
226,5,35,25,实施工程师
228,7,9,7,技术支持工程师
229,10,11,13,技术支持工程师
230,0,3,0,前端开发
231,0,53,0,软件测试
233,15,9,17,科研人员
234,0,12,0,硬件测试
235,5,6,6,前端开发
236,5,42,0,Java
237,0,9,0,实施工程师
238,0,37,0,Java
239,0,3,0,实施工程师
240,0,14,0,硬件测试
242,5,3,0,软件测试
243,5,3,0,测试工程师
244,0,14,0,硬件测试
245,0,6,0,测试工程师
246,5,6,2,科研人员
247,5,35,5,前端开发
248,5,37,10,Java
249,0,3,0,实施工程师
250,5,12,10,Java
251,0,14,0,硬件测试
252,0,9,0,实施工程师
253,5,23,0,Java
254,5,11,0,C/C++
255,5,6,18,技术支持工程师
257,0,9,0,实施工程师
258,0,12,0,测试工程师
259,0,6,0,软件测试
260,5,0,0,软件测试
262,0,3,0,科研人员
263,7,9,15,技术支持工程师
264,0,6,0,软件测试
265,5,3,5,软件测试
266,0,3,0,测试工程师
267,0,44,0,Java
268,5,0,0,技术支持工程师
270,5,24,7,Java
272,5,49,0,Java
273,5,9,17,技术支持工程师
274,5,25,5,技术支持工程师
275,0,6,0,实施工程师
276,0,9,0,技术支持工程师
278,5,3,17,技术支持工程师
279,5,6,0,硬件测试
280,0,3,0,科研人员
281,5,3,5,科研人员
282,0,9,0,技术支持工程师
283,10,0,0,科研人员
284,7,11,3,C/C++
285,5,64,0,前端开发
286,5,25,0,实施工程师
287,0,19,0,测试工程师
288,5,8,15,实施工程师
289,5,3,0,测试工程师
291,0,38,0,C/C++
292,10,3,5,实施工程师
294,0,6,0,前端开发
295,2,12,7,测试工程师
297,0,15,2,Java
298,5,14,5,C/C++
299,0,0,5,实施工程师
300,5,9,12,Java
301,0,38,15,前端开发
302,2,3,8,技术支持工程师
303,5,15,5,实施工程师
304,5,9,10,测试工程师
305,0,32,15,Java
306,0,33,0,Java
307,5,63,0,Java
308,0,19,10,软件测试
309,0,10,0,科研人员
311,0,9,0,技术支持工程师
312,5,3,0,硬件测试
313,0,28,5,实施工程师
314,0,26,0,Java
315,0,19,10,软件测试
317,5,24,10,C/C++
319,5,12,10,前端开发
320,5,3,0,测试工程师
321,5,26,10,实施工程师
324,5,0,17,科研人员
325,0,36,3,Java
326,5,35,0,C/C++
327,0,14,0,硬件测试
328,0,6,0,软件测试
329,0,54,0,Java
330,0,78,0,Java
331,5,11,0,C/C++
332,0,6,8,实施工程师
333,0,14,0,硬件测试
334,5,12,0,科研人员
335,5,59,5,Java
336,0,19,10,实施工程师
337,5,20,7,C/C++
338,7,9,8,实施工程师
339,2,15,9,实施工程师
340,5,6,0,实施工程师
341,5,15,0,软件测试
342,5,12,15,测试工程师
343,0,6,0,软件测试
344,0,6,0,软件测试
345,5,19,0,硬件测试
346,0,29,5,Java
347,0,9,0,硬件测试
348,0,45,17,Java
349,5,3,0,软件测试
350,0,16,0,测试工程师
351,0,44,0,Java
352,0,6,0,测试工程师
353,5,14,8,实施工程师
354,0,24,5,软件测试
355,5,9,10,测试工程师
356,7,23,17,C/C++
357,0,9,7,技术支持工程师
358,5,9,10,技术支持工程师
359,5,0,5,科研人员
362,5,3,0,软件测试
363,5,3,10,技术支持工程师
364,15,17,15,科研人员
365,0,6,0,软件测试
366,2,3,5,技术支持工程师
367,0,20,0,C/C++
368,5,27,0,前端开发
369,5,30,8,C/C++
370,5,31,20,Java
371,0,9,0,实施工程师
372,5,14,10,测试工程师
373,0,22,3,前端开发
375,0,5,12,硬件测试
376,5,9,15,实施工程师
377,5,8,2,硬件测试
378,5,22,8,C/C++
379,0,18,13,实施工程师
382,7,6,0,技术支持工程师
386,15,8,5,科研人员
387,0,37,2,Java
388,0,6,0,软件测试
389,5,24,3,测试工程师
390,0,6,0,实施工程师
391,0,22,5,实施工程师
392,5,3,0,硬件测试
393,0,6,0,软件测试
394,5,11,5,测试工程师
395,5,3,17,实施工程师
396,0,16,0,测试工程师
397,5,14,10,实施工程师
398,0,3,0,实施工程师
399,5,19,0,软件测试
402,0,25,10,Java
403,0,16,0,测试工程师
404,5,3,0,科研人员
405,5,87,10,C/C++
406,5,6,9,实施工程师
407,0,12,0,硬件测试
408,10,3,10,科研人员
409,5,6,7,技术支持工程师
410,5,40,10,前端开发
411,5,3,0,软件测试
412,0,71,8,Java
413,7,6,0,Java
414,5,27,10,C/C++
416,5,6,10,测试工程师
417,0,8,5,软件测试
418,0,33,5,Java
419,5,6,0,科研人员
420,5,6,2,实施工程师
421,5,6,5,技术支持工程师
422,5,11,5,测试工程师
423,0,28,7,技术支持工程师
426,0,35,0,C/C++
427,0,37,10,前端开发
428,0,16,0,软件测试
430,0,6,19,科研人员
431,5,3,10,科研人员
432,2,3,0,实施工程师
433,5,34,10,Java
434,0,25,5,Java
435,15,5,0,科研人员
436,5,14,10,软件测试
437,0,9,10,实施工程师
438,15,3,5,科研人员
439,5,19,0,软件测试
440,5,0,0,技术支持工程师
441,0,6,5,硬件测试
442,2,6,8,技术支持工程师
443,2,3,0,硬件测试
444,5,26,0,C/C++
445,0,47,0,前端开发
446,15,3,5,科研人员
447,5,6,10,测试工程师
448,5,14,5,测试工程师
449,0,3,0,测试工程师
450,7,19,10,实施工程师
451,0,3,0,实施工程师
452,10,0,0,科研人员
453,0,3,5,科研人员
455,7,18,0,软件测试
456,7,40,2,实施工程师
457,0,12,3,实施工程师
458,0,20,0,前端开发
459,0,52,0,实施工程师
460,5,25,2,科研人员
461,5,19,0,软件测试
462,0,6,0,测试工程师
463,0,38,10,前端开发
465,0,12,12,测试工程师
466,0,17,5,科研人员
467,5,14,17,软件测试
468,5,0,3,科研人员
469,5,3,20,实施工程师
470,5,6,0,科研人员
471,5,8,0,软件测试
472,0,14,0,测试工程师
473,0,22,3,前端开发
474,7,6,5,测试工程师
475,0,34,0,实施工程师
476,10,5,10,科研人员
477,0,14,0,硬件测试
478,5,3,10,测试工程师
479,0,14,0,硬件测试
480,5,9,5,测试工程师
481,7,31,3,C/C++
482,0,6,15,技术支持工程师
483,5,3,0,测试工程师
484,5,37,19,软件测试
487,7,6,5,技术支持工程师
488,5,71,13,Java
489,5,3,0,软件测试
491,0,3,10,技术支持工程师
492,5,3,0,测试工程师
493,5,6,14,实施工程师
495,0,26,0,测试工程师
496,2,3,22,实施工程师
499,5,8,0,测试工程师
500,0,3,0,硬件测试
501,0,14,0,硬件测试
502,0,9,0,实施工程师
503,0,54,0,Java
504,5,47,10,Java
505,5,15,10,科研人员
506,5,17,0,实施工程师
507,0,3,0,测试工程师
508,5,3,0,软件测试
511,5,3,0,测试工程师
512,0,22,0,C/C++
513,15,22,0,C/C++
514,0,3,0,硬件测试
515,5,25,5,实施工程师
517,5,13,24,测试工程师
518,5,0,7,实施工程师
519,0,38,0,Java
520,5,14,5,实施工程师
521,5,26,0,Java
522,5,0,7,实施工程师
524,5,3,0,测试工程师
525,5,24,3,科研人员
526,0,11,0,测试工程师
527,5,3,20,技术支持工程师
528,0,9,0,技术支持工程师
529,5,14,10,测试工程师
530,5,9,7,技术支持工程师
531,0,32,0,前端开发
532,0,9,0,实施工程师
533,10,52,0,Java
534,0,57,0,Java
535,5,3,0,测试工程师
537,5,24,22,软件测试
538,0,5,5,实施工程师
539,5,0,10,软件测试
541,5,3,0,测试工程师
542,0,14,0,硬件测试
543,0,15,0,C/C++
544,0,6,0,软件测试
546,5,14,24,软件测试
547,5,29,0,C/C++
548,0,8,5,科研人员
549,0,9,0,实施工程师
550,5,3,0,测试工程师
551,0,56,5,Java
552,0,29,2,Java
553,5,0,8,技术支持工程师
557,5,43,7,Java
558,7,6,7,实施工程师
559,5,17,17,C/C++
560,0,16,0,软件测试
561,5,15,0,软件测试
563,0,36,3,Java
564,5,34,10,Java
565,5,6,0,科研人员
567,5,17,0,实施工程师
568,5,33,15,测试工程师
569,0,31,10,软件测试
570,5,3,0,技术支持工程师
571,5,3,3,科研人员
572,7,15,5,实施工程师
573,5,29,0,Java
574,0,8,0,软件测试
576,0,12,14,实施工程师
577,5,40,17,技术支持工程师
579,5,38,8,技术支持工程师
581,5,24,2,C/C++
582,5,9,14,软件测试
583,10,0,0,科研人员
584,5,46,10,前端开发
585,10,8,5,科研人员
586,5,21,0,Java
587,0,10,0,C/C++
588,0,14,0,测试工程师
589,0,9,0,技术支持工程师
590,0,32,0,前端开发
591,5,24,0,测试工程师
592,5,8,7,科研人员
593,5,19,3,测试工程师
594,0,9,15,测试工程师
595,5,21,8,测试工程师
596,0,12,10,C/C++
597,0,0,10,实施工程师
598,0,29,25,测试工程师
600,5,14,5,科研人员
601,5,6,10,测试工程师
602,10,28,0,Java
604,5,6,0,实施工程师
605,0,14,0,测试工程师
608,0,29,0,C/C++
610,0,32,0,Java
611,5,15,0,实施工程师
612,5,14,12,测试工程师
613,5,11,5,测试工程师
615,0,25,5,前端开发
616,0,5,10,科研人员
617,0,6,0,测试工程师
618,5,79,12,Java
619,0,24,0,C/C++
621,0,6,0,软件测试
622,5,6,0,技术支持工程师
623,5,6,7,技术支持工程师
624,7,5,18,C/C++
625,5,21,10,软件测试
626,0,38,0,Java
627,0,6,0,测试工程师
628,0,26,2,C/C++
629,0,25,5,前端开发
630,5,12,12,实施工程师
632,5,9,8,科研人员
633,0,8,8,C/C++
634,0,15,0,C/C++
635,0,6,2,技术支持工程师
637,5,3,10,硬件测试
638,9,9,0,测试工程师
639,5,9,0,技术支持工程师
642,0,36,0,Java
644,5,9,0,技术支持工程师
645,5,37,0,C/C++
646,5,20,5,C/C++
647,0,21,8,技术支持工程师
648,7,6,7,技术支持工程师
649,0,3,0,科研人员
650,0,11,0,测试工程师
651,5,12,0,实施工程师
652,10,0,5,科研人员
654,5,29,0,C/C++
655,0,9,0,实施工程师
656,5,3,0,技术支持工程师
657,5,16,0,科研人员
659,5,38,0,C/C++
660,0,3,0,科研人员
662,0,3,0,硬件测试
664,15,22,0,C/C++
665,0,14,0,硬件测试
666,5,61,5,Java
667,5,28,8,Java
669,0,45,0,Java
670,5,6,7,硬件测试
671,5,9,12,实施工程师
672,0,9,0,测试工程师
673,0,9,3,技术支持工程师
674,5,16,0,C/C++
676,5,9,8,技术支持工程师
679,0,9,0,实施工程师
680,5,9,22,实施工程师
681,5,29,0,Java
682,0,3,0,测试工程师
683,5,11,5,软件测试
684,0,9,0,技术支持工程师
685,0,24,0,C/C++
687,0,6,0,技术支持工程师
688,5,0,0,科研人员
689,0,39,0,Java
691,5,51,25,Java
693,5,22,0,C/C++
694,0,16,0,软件测试
695,0,6,0,前端开发
696,0,38,0,Java
697,5,29,0,Java
698,5,38,12,Java
699,0,14,0,硬件测试
703,0,12,0,技术支持工程师
705,10,52,0,Java
706,0,6,0,Java
707,0,3,0,实施工程师
708,5,3,5,技术支持工程师
710,5,47,8,Java
711,0,6,0,测试工程师
712,0,27,7,Java
713,5,3,0,软件测试
714,5,6,0,科研人员
715,5,14,12,实施工程师
716,0,9,0,实施工程师
717,0,14,0,硬件测试
718,5,48,5,前端开发
719,5,6,8,前端开发
720,0,21,0,测试工程师
721,0,11,17,实施工程师
722,5,3,3,技术支持工程师
723,0,12,0,实施工程师
724,5,3,0,测试工程师
725,2,14,0,Java
727,0,38,10,前端开发
728,5,37,10,前端开发
729,5,0,0,前端开发
731,5,0,0,Java
732,5,36,0,C/C++
734,5,6,0,硬件测试
737,5,3,0,测试工程师
738,0,13,8,C/C++
739,0,35,5,实施工程师
742,0,9,0,实施工程师
743,0,3,0,科研人员
745,5,3,0,硬件测试
747,0,9,0,实施工程师
748,0,35,0,C/C++
749,5,23,3,实施工程师
750,0,22,0,前端开发
751,5,9,20,测试工程师
752,0,14,0,硬件测试
753,0,11,0,测试工程师
755,0,26,2,Java
758,0,44,0,Java
763,5,3,0,测试工程师
764,0,17,0,硬件测试
765,5,17,0,技术支持工程师
766,5,22,0,软件测试
767,5,9,17,技术支持工程师
768,5,0,13,科研人员
769,0,9,0,C/C++
770,0,3,0,软件测试
771,0,19,10,软件测试
772,5,0,0,测试工程师
773,0,3,0,测试工程师
774,2,6,17,技术支持工程师
775,5,6,15,测试工程师
776,5,9,15,技术支持工程师
777,0,3,0,实施工程师
778,0,38,0,Java
779,0,18,0,Java
781,5,26,10,前端开发
782,5,3,0,硬件测试
783,0,3,3,测试工程师
784,5,3,0,技术支持工程师
785,0,37,8,Java
786,5,6,20,技术支持工程师
787,5,12,3,技术支持工程师
788,5,12,8,测试工程师
789,0,11,0,软件测试
790,5,15,0,技术支持工程师
791,5,5,5,科研人员
792,5,34,5,C/C++
793,0,3,0,Java
794,5,15,0,Java
795,2,3,8,实施工程师
796,5,0,0,实施工程师
797,0,26,0,C/C++
799,0,54,0,Java
801,5,38,10,实施工程师
802,5,19,0,软件测试
804,0,28,0,前端开发
805,10,0,0,科研人员
806,5,45,5,前端开发
807,0,12,0,Java
808,5,3,2,技术支持工程师
810,0,55,7,Java
811,7,20,15,技术支持工程师
812,7,9,19,实施工程师
813,0,18,15,Java
814,5,12,0,Java
815,0,0,10,科研人员
816,5,3,0,科研人员
818,5,3,15,技术支持工程师
819,0,18,0,C/C++
821,0,3,0,实施工程师
822,5,17,5,测试工程师
823,5,9,13,实施工程师
827,0,16,0,测试工程师
829,5,18,10,C/C++
830,0,62,0,Java
831,0,13,8,C/C++
832,0,6,0,实施工程师
834,0,14,0,硬件测试
837,5,17,0,科研人员
839,5,3,0,测试工程师
842,2,3,0,硬件测试
843,0,17,0,C/C++
844,5,6,3,技术支持工程师
845,0,14,0,硬件测试
846,0,8,10,测试工程师
848,5,8,12,软件测试
849,5,14,5,硬件测试
851,5,6,17,硬件测试
852,0,39,2,Java
853,5,18,5,软件测试
854,5,9,0,测试工程师
855,0,9,0,技术支持工程师
856,5,6,19,科研人员
857,5,17,10,技术支持工程师
858,0,6,0,软件测试
859,0,12,0,技术支持工程师
860,5,6,5,科研人员
861,0,46,5,Java
862,0,9,0,Java
863,0,37,0,前端开发
864,5,6,12,科研人员
867,5,17,15,实施工程师
868,5,0,10,硬件测试
869,5,19,5,Java
870,0,14,0,测试工程师
873,5,3,0,测试工程师
875,5,6,16,科研人员
876,7,6,13,技术支持工程师
877,0,6,0,软件测试
878,5,0,3,科研人员
879,0,11,10,技术支持工程师
880,5,36,15,前端开发
881,0,9,0,软件测试
882,5,9,12,技术支持工程师
883,5,3,12,实施工程师
884,5,14,13,实施工程师
886,5,6,7,技术支持工程师
888,0,47,5,软件测试
889,0,54,0,软件测试
890,0,38,0,Java
891,5,3,0,测试工程师
892,10,22,13,C/C++
893,5,3,0,测试工程师
895,5,6,13,实施工程师
897,5,9,5,硬件测试
899,10,23,0,软件测试
900,5,9,15,测试工程师
901,5,28,0,Java
902,0,54,0,Java
905,0,45,0,Java
906,5,3,0,技术支持工程师
907,5,15,0,C/C++
909,0,19,12,Java
910,5,17,5,硬件测试
911,5,6,0,科研人员
913,0,19,10,软件测试
914,0,21,0,C/C++
915,5,9,5,硬件测试
916,5,30,0,C/C++
917,0,58,7,C/C++
918,0,12,0,C/C++
919,5,87,10,C/C++
920,2,3,15,硬件测试
921,5,6,0,科研人员
922,0,19,10,软件测试
923,5,6,0,科研人员
924,5,3,3,科研人员
925,0,20,5,测试工程师
926,5,6,5,科研人员
927,5,35,0,C/C++
928,7,11,8,技术支持工程师
929,0,9,7,技术支持工程师
930,5,9,0,硬件测试
931,5,3,0,软件测试
932,5,30,7,Java
933,5,12,0,Java
934,5,9,2,科研人员
935,0,3,0,科研人员
936,7,13,10,硬件测试
938,5,19,0,实施工程师
940,0,6,0,实施工程师
942,5,3,0,软件测试
944,7,0,10,实施工程师
945,0,24,10,C/C++
946,0,36,0,C/C++
947,0,45,0,Java
948,0,3,0,技术支持工程师
949,5,12,8,硬件测试
950,10,9,7,科研人员
951,0,3,5,实施工程师
952,5,3,0,科研人员
953,5,3,0,软件测试
954,5,19,3,测试工程师
955,0,38,10,前端开发
956,5,6,5,硬件测试
957,0,27,15,测试工程师
958,5,6,7,实施工程师
960,0,54,0,Java
961,5,35,5,前端开发
962,7,3,0,技术支持工程师
963,5,14,12,实施工程师
964,0,12,7,实施工程师
965,5,24,10,C/C++
966,10,3,0,科研人员
967,5,3,0,技术支持工程师
968,0,3,0,技术支持工程师
969,0,6,0,软件测试
970,5,26,0,C/C++
971,5,24,20,技术支持工程师
972,0,39,17,软件测试
973,5,56,15,Java
974,5,6,5,实施工程师
975,5,0,0,软件测试
976,0,9,0,C/C++
979,0,16,0,软件测试
980,10,46,5,Java
981,0,9,0,实施工程师
983,0,14,15,实施工程师
984,5,24,27,实施工程师
985,5,3,5,科研人员
986,5,26,0,Java
987,0,34,0,Java
988,0,9,0,技术支持工程师
989,0,24,0,前端开发
990,5,12,0,技术支持工程师
991,0,16,0,测试工程师
992,0,35,0,Java
993,5,6,10,实施工程师
995,0,3,0,软件测试
996,5,22,5,C/C++
997,5,3,0,技术支持工程师
998,5,9,13,测试工程师
999,10,6,3,实施工程师
1000,0,54,0,Java
1002,0,43,10,Java
1004,0,18,0,C/C++
1005,0,31,0,测试工程师
1006,5,0,2,科研人员
1007,5,26,0,Java
1008,5,9,0,C/C++
1009,0,6,0,Java
1010,5,6,0,科研人员
1011,5,11,5,测试工程师
1012,0,8,0,测试工程师
1013,5,11,10,测试工程师
1014,0,9,0,技术支持工程师
1015,10,6,5,科研人员
1017,0,22,3,前端开发
1018,0,11,0,测试工程师
1019,0,35,2,Java
1020,5,11,10,硬件测试
1021,5,22,0,科研人员
1023,0,33,5,Java
1024,5,14,5,Java
1025,0,9,0,实施工程师
1026,5,37,5,C/C++
1027,0,37,0,前端开发
1028,5,14,10,C/C++
1030,2,9,0,技术支持工程师
1031,0,3,5,技术支持工程师
1032,0,30,0,Java
1033,5,3,5,科研人员
1036,5,33,10,软件测试
1037,5,25,5,Java
1038,5,19,0,C/C++
1039,0,15,0,科研人员
1040,5,3,0,测试工程师
1041,5,52,10,Java
1042,5,5,10,科研人员
1043,5,6,10,测试工程师
1044,5,34,5,C/C++
1045,0,16,0,测试工程师
1046,5,3,17,科研人员
1048,5,25,15,C/C++
1049,5,3,0,软件测试
1051,5,6,17,技术支持工程师
1052,0,26,8,测试工程师
1053,5,11,5,实施工程师
1054,5,8,2,硬件测试
1056,0,21,13,技术支持工程师
1057,0,6,0,测试工程师
1058,0,9,0,实施工程师
1059,2,3,19,技术支持工程师
1060,0,16,0,硬件测试
1061,0,29,5,Java
1062,7,3,10,技术支持工程师
1063,0,54,0,前端开发
1064,0,3,0,前端开发
1065,0,38,0,Java
1066,5,11,3,科研人员
1067,0,54,0,Java
1068,5,11,17,实施工程师
1069,5,14,17,测试工程师
1072,5,19,17,技术支持工程师
1073,5,22,2,科研人员
1074,5,12,10,Java
1075,10,0,0,实施工程师
1077,0,6,5,测试工程师
1078,5,6,0,科研人员
1079,5,12,10,技术支持工程师
1080,0,54,0,Java
1081,0,54,0,Java
1083,5,14,17,测试工程师
1084,0,19,10,软件测试
1085,5,28,8,Java
1086,0,14,0,硬件测试
1087,7,17,5,测试工程师
1088,10,8,5,科研人员
1089,7,9,5,科研人员
1091,0,6,2,技术支持工程师
1092,5,3,0,测试工程师
1093,0,9,0,技术支持工程师
1094,0,29,5,Java
1096,0,6,0,技术支持工程师
1098,0,20,5,C/C++
1099,5,3,13,科研人员
1100,0,9,0,软件测试
1102,5,8,10,技术支持工程师
1103,0,12,3,实施工程师
1104,5,3,0,科研人员
1105,5,0,5,科研人员
1106,0,14,8,硬件测试
1107,0,35,5,C/C++
1108,0,10,0,科研人员
1110,10,12,2,技术支持工程师
1111,0,12,3,实施工程师
1112,0,23,0,C/C++
1113,0,43,10,前端开发
1114,0,12,0,软件测试
1115,5,12,5,实施工程师
1117,10,21,5,技术支持工程师
1118,0,9,0,实施工程师
1119,5,30,7,Java
1120,0,3,0,实施工程师
1122,0,14,0,测试工程师
1123,0,3,0,硬件测试
1124,0,14,10,软件测试
1125,0,46,13,Java
1126,0,9,0,实施工程师
1127,2,3,0,技术支持工程师
1128,0,9,10,实施工程师
1129,0,22,3,前端开发
1130,0,14,17,测试工程师
1131,0,44,0,前端开发
1133,0,9,0,技术支持工程师
1134,7,3,0,技术支持工程师
1135,0,15,7,实施工程师
1136,0,47,0,Java
1138,5,28,25,前端开发
1140,0,6,0,前端开发
1141,0,9,0,实施工程师
1142,0,9,0,技术支持工程师
1143,0,9,12,测试工程师
1144,5,6,17,技术支持工程师
1146,5,0,18,技术支持工程师
1147,5,3,3,科研人员
1148,0,9,0,测试工程师
1149,0,12,2,实施工程师
1150,5,0,0,测试工程师
1151,5,3,0,测试工程师
1154,5,0,0,测试工程师
1155,0,14,0,硬件测试
1156,5,74,0,前端开发
1158,10,0,0,科研人员
1159,5,9,0,测试工程师
1160,0,36,0,C/C++
1161,10,3,7,测试工程师
1162,5,6,12,实施工程师
1163,5,23,0,Java
1164,0,14,0,硬件测试
1165,5,21,5,科研人员
1166,5,35,15,Java
1167,5,12,0,Java
1169,5,11,20,实施工程师
1170,5,11,10,Java
1171,0,19,0,Java
1172,5,11,13,技术支持工程师
1173,5,14,0,硬件测试
1174,0,9,0,软件测试
1176,2,11,5,实施工程师
1177,5,35,2,C/C++
1178,0,19,0,Java
1179,0,6,0,技术支持工程师
1181,0,24,0,C/C++
1182,5,37,11,Java
1183,5,14,2,实施工程师
1184,0,17,5,测试工程师
1185,5,3,0,软件测试
1186,5,3,0,Java
1187,5,3,0,软件测试
1188,5,3,15,硬件测试
1190,0,57,0,Java
1192,5,14,15,测试工程师
1193,2,3,17,技术支持工程师
1195,5,9,0,实施工程师
1196,5,40,10,C/C++
1198,5,32,0,Java
1199,0,6,0,软件测试
1200,5,9,7,软件测试
1201,0,12,0,实施工程师
1202,5,19,10,实施工程师
1203,5,17,10,实施工程师
1204,0,44,0,Java
1206,5,59,5,Java
1207,0,40,8,前端开发
1208,0,9,0,测试工程师
1209,0,3,0,实施工程师
1210,5,9,0,科研人员
1212,0,58,7,Java
1213,5,14,0,科研人员
1214,0,5,12,测试工程师
1215,5,12,5,技术支持工程师
1216,0,6,0,实施工程师
1217,5,43,10,前端开发
1219,5,3,0,软件测试
1220,0,14,0,测试工程师
1221,0,9,0,实施工程师
1222,5,6,5,实施工程师
1223,5,39,3,C/C++
1224,0,6,0,软件测试
1226,5,28,8,Java
1227,5,3,5,测试工程师
1228,0,14,0,C/C++
1229,0,45,0,Java
1230,0,6,0,实施工程师
1231,5,9,0,技术支持工程师
1232,0,9,0,软件测试
1233,0,6,0,测试工程师
1234,0,15,2,Java
1235,0,3,5,技术支持工程师
1236,5,3,2,科研人员
1237,5,19,3,硬件测试
1238,5,43,7,Java
1239,5,21,0,软件测试
1240,5,9,14,技术支持工程师
1241,5,6,0,科研人员
1242,5,3,5,软件测试
1243,0,6,0,硬件测试
1244,0,12,0,科研人员
1245,5,21,0,Java
1246,5,27,0,前端开发
1247,5,29,0,Java
1248,5,3,0,软件测试
1249,12,19,12,科研人员
1250,5,0,12,科研人员
1251,5,15,10,实施工程师
1253,5,17,5,Java
1255,0,14,10,实施工程师
1256,0,8,0,Java
1258,5,6,0,软件测试
1259,0,3,0,实施工程师
1260,5,6,10,科研人员
1261,0,9,0,技术支持工程师
1262,5,19,0,实施工程师
1263,0,14,0,硬件测试
1264,0,13,0,C/C++
1265,5,3,0,软件测试
1266,0,11,15,实施工程师
1267,5,60,12,Java
1268,0,44,10,软件测试
1269,0,6,0,科研人员
1271,5,28,10,硬件测试
1272,5,6,5,软件测试
1273,5,3,5,软件测试
1274,0,14,0,硬件测试
1275,5,64,20,Java
1276,0,44,0,Java
1277,5,9,3,技术支持工程师
1278,5,3,0,测试工程师
1281,0,17,0,Java
1282,5,3,0,软件测试
1283,0,18,0,Java
1284,0,6,0,软件测试
1285,0,3,0,硬件测试
1286,0,16,0,测试工程师
1287,5,42,0,C/C++
1288,0,54,0,Java
1290,0,41,0,测试工程师
1291,5,38,0,前端开发
1292,0,44,0,Java
1293,5,11,0,Java
1296,5,3,3,科研人员
1297,5,47,8,实施工程师
1298,0,14,12,软件测试
1299,5,8,0,硬件测试
1300,5,3,10,软件测试
1301,0,9,0,技术支持工程师
1302,0,16,0,软件测试
1303,15,3,5,科研人员
1304,0,22,5,前端开发
1306,5,12,8,实施工程师
1307,0,3,0,硬件测试
1308,5,6,0,科研人员
1309,0,14,0,硬件测试
1310,0,57,0,Java
1311,0,24,10,软件测试
1312,0,3,0,硬件测试
1314,5,9,8,技术支持工程师
1316,0,54,0,Java
1317,5,41,0,Java
1319,7,20,15,实施工程师
1320,0,3,0,软件测试
1321,0,20,5,C/C++
1322,0,35,17,C/C++
1323,0,19,10,软件测试
1325,0,3,12,技术支持工程师
1327,0,49,20,测试工程师
1328,0,50,0,前端开发
1329,0,6,5,硬件测试
1330,5,8,5,C/C++
1331,5,3,0,软件测试
1332,0,14,0,硬件测试
1333,5,3,10,科研人员
1334,0,22,3,前端开发
1335,5,9,7,实施工程师
1336,7,6,0,测试工程师
1338,5,8,5,硬件测试
1340,0,14,0,硬件测试
1341,0,48,13,Java
1342,5,9,15,实施工程师
1343,0,44,0,Java
1344,10,21,0,软件测试
1345,5,6,5,技术支持工程师
1346,5,9,2,实施工程师
1347,5,8,7,软件测试
1349,5,3,0,软件测试
1350,5,3,3,科研人员
1351,5,26,0,C/C++
1352,5,37,18,前端开发
1353,0,29,5,Java
1354,10,26,5,测试工程师
1355,5,15,0,C/C++
1356,2,3,10,软件测试
1357,10,0,0,科研人员
1358,5,14,17,科研人员
1359,5,11,0,测试工程师
1362,0,3,0,软件测试
1363,0,6,0,测试工程师
1364,0,14,10,实施工程师
1365,0,9,0,技术支持工程师
1366,0,3,0,测试工程师
1367,0,45,0,Java
1368,0,18,0,实施工程师
1369,0,46,13,Java
1370,0,25,5,前端开发
1371,0,54,0,Java
1372,0,9,0,实施工程师
1374,0,8,0,硬件测试
1375,5,37,20,前端开发
1377,5,3,10,软件测试
1378,2,9,15,实施工程师
1379,5,9,10,硬件测试
1380,0,14,0,硬件测试
1381,5,3,0,测试工程师
1382,5,12,0,Java
1383,0,44,0,Java
1384,0,6,5,硬件测试
1385,0,3,17,测试工程师
1386,0,9,0,前端开发
1387,10,46,5,Java
1388,5,3,0,软件测试
1389,7,14,5,技术支持工程师
1390,0,18,13,技术支持工程师
1391,0,9,0,实施工程师
1392,5,15,12,技术支持工程师
1393,5,0,0,科研人员
1394,5,3,0,测试工程师
1395,5,26,10,前端开发
1397,5,3,0,科研人员
1398,0,18,0,Java
1399,5,30,8,C/C++
1400,0,3,0,硬件测试
1401,5,8,5,测试工程师
1402,0,8,0,测试工程师
1403,5,19,0,软件测试
1404,5,32,15,技术支持工程师
1405,5,3,0,测试工程师
1406,5,6,0,实施工程师
1407,0,24,6,软件测试
1408,0,25,5,前端开发
1410,5,28,18,C/C++
1411,0,15,2,Java
1412,0,14,0,C/C++
1413,5,23,5,C/C++
1414,0,14,0,测试工程师
1415,5,0,5,科研人员
1417,5,40,0,测试工程师
1418,5,3,0,软件测试
1419,10,3,5,科研人员
1420,5,9,7,软件测试
1421,5,11,10,测试工程师
1422,5,0,0,C/C++
1423,5,9,0,实施工程师
1424,0,9,0,科研人员
1425,0,3,8,测试工程师
1428,0,16,0,测试工程师
1429,5,15,0,测试工程师
1430,0,39,0,Java
1432,0,22,3,前端开发
1433,0,13,0,C/C++
1434,0,16,0,测试工程师
1436,5,0,0,软件测试
1437,5,32,19,Java
1439,0,3,0,硬件测试
1440,0,43,0,Java
1441,5,3,0,测试工程师
1443,0,24,5,Java
1444,5,0,0,科研人员
1445,5,8,0,科研人员
1446,0,12,0,C/C++
1447,0,11,5,软件测试
1448,0,24,12,测试工程师
1449,0,33,5,Java
1450,0,6,0,技术支持工程师
1451,0,16,0,软件测试
1452,0,6,0,技术支持工程师
1453,0,9,0,技术支持工程师
1454,5,5,0,科研人员
1455,10,16,12,软件测试
1457,0,6,0,技术支持工程师
1459,5,20,8,Java
1460,0,19,0,软件测试
1461,0,3,10,硬件测试
1462,5,23,5,测试工程师
1463,5,19,0,软件测试
1464,5,9,17,科研人员
1466,0,20,0,Java
1467,0,3,0,软件测试
1468,5,8,2,硬件测试
1469,0,45,0,Java
1470,0,6,0,软件测试
1471,0,9,5,实施工程师
1472,5,14,25,实施工程师
1475,0,38,0,Java
1476,5,32,5,软件测试
1477,0,9,0,实施工程师
1478,0,22,22,前端开发
1479,5,3,15,实施工程师
1481,5,14,24,软件测试
1482,5,27,10,C/C++
1483,5,3,5,实施工程师
1484,5,14,0,Java
1485,5,6,10,测试工程师
1486,5,6,0,硬件测试
1487,0,9,0,实施工程师
1488,0,58,3,Java
1489,0,35,0,Java
1490,0,9,0,实施工程师
1491,5,21,0,C/C++
1492,5,3,0,硬件测试
1493,5,6,5,技术支持工程师
1495,0,6,0,实施工程师
1496,5,13,10,C/C++
1497,0,36,0,C/C++
1498,0,3,0,测试工程师
1499,0,19,5,测试工程师
1500,5,3,3,软件测试
1502,0,21,0,C/C++
1503,5,8,0,测试工程师
1505,0,32,0,前端开发
1506,5,17,17,科研人员
1507,5,9,5,实施工程师
1508,5,12,12,技术支持工程师
1510,5,3,12,科研人员
1511,5,11,5,技术支持工程师
1512,5,3,12,实施工程师
1513,0,15,0,Java
1514,5,45,5,前端开发
1515,5,3,0,科研人员
1516,0,38,15,Java
1519,5,55,10,C/C++
1520,5,32,0,Java
1522,0,18,0,实施工程师
1523,2,13,7,测试工程师
1524,10,14,0,C/C++
1525,0,14,19,软件测试
1527,5,3,0,测试工程师
1528,5,3,0,测试工程师
1529,5,38,8,实施工程师
1530,0,6,8,技术支持工程师
1531,0,3,0,技术支持工程师
1532,2,13,10,测试工程师
1533,0,38,0,Java
1534,0,18,0,Java
1535,5,12,0,科研人员
1536,0,9,5,实施工程师
1537,7,14,5,C/C++
1538,0,15,2,技术支持工程师
1540,5,3,5,科研人员
1541,0,6,0,软件测试
1542,0,15,0,科研人员
1543,0,49,20,测试工程师
1544,0,20,5,C/C++
1545,5,28,0,科研人员
1546,5,5,0,实施工程师
1547,5,16,15,C/C++
1548,5,9,10,技术支持工程师
1549,7,29,0,Java
1550,0,83,7,实施工程师
1551,0,3,0,测试工程师
1552,5,3,5,硬件测试
1555,5,11,5,科研人员
1557,0,14,0,硬件测试
1558,5,3,7,测试工程师
1559,5,19,12,科研人员
1560,7,31,0,Java
1562,0,11,0,科研人员
1563,0,33,5,Java
1564,0,9,0,技术支持工程师
1565,5,3,0,软件测试
1566,5,9,18,科研人员
1567,2,6,5,硬件测试
1568,5,32,13,软件测试
1570,5,23,5,C/C++
1571,0,34,0,Java
1572,0,9,0,实施工程师
1574,0,6,0,软件测试
1575,5,31,22,实施工程师
1576,0,19,10,软件测试
1577,0,29,25,测试工程师
1578,5,27,0,Java
1579,5,9,5,实施工程师
1580,5,14,17,测试工程师
1581,0,18,13,技术支持工程师
1582,5,11,2,测试工程师
1583,7,3,5,实施工程师
1584,0,12,3,实施工程师
1585,5,35,7,实施工程师
1586,5,48,0,Java
1587,0,6,0,软件测试
1588,5,3,15,科研人员
1589,0,49,20,测试工程师
1590,10,46,5,C/C++
1591,5,3,0,软件测试
1592,5,3,0,测试工程师
1593,0,19,10,软件测试
1594,5,8,0,科研人员
1596,0,44,0,Java
1597,0,3,0,科研人员
1598,0,6,0,硬件测试
1599,10,31,18,C/C++
1600,0,9,0,实施工程师
1601,0,42,5,Java
1602,0,28,0,Java
1603,5,24,2,C/C++
1604,0,39,2,Java
1605,5,6,5,技术支持工程师
1606,0,12,0,测试工程师
1607,5,9,15,技术支持工程师
1608,0,54,0,Java
1609,10,6,10,技术支持工程师
1610,0,16,0,测试工程师
1611,5,30,7,Java
1612,0,3,12,实施工程师
1613,5,6,5,技术支持工程师
1614,0,3,15,实施工程师
1615,0,12,0,技术支持工程师
1617,0,20,5,C/C++
1618,10,17,5,测试工程师
1620,0,18,0,技术支持工程师
1621,0,20,0,C/C++
1622,0,49,7,Java
1623,7,3,0,科研人员
1624,0,26,0,前端开发
1625,5,35,17,Java
1626,0,6,0,技术支持工程师
1627,0,45,0,Java
1628,0,39,2,C/C++
1629,0,43,10,前端开发
1631,0,44,0,Java
1632,5,3,0,科研人员
1633,2,9,5,硬件测试
1634,5,19,5,软件测试
1635,5,30,8,实施工程师
1636,0,9,10,软件测试
1637,0,3,0,技术支持工程师
1638,0,9,0,技术支持工程师
1639,5,3,0,硬件测试
1640,0,6,0,技术支持工程师
1641,0,32,13,Java
1642,0,3,0,科研人员
1644,0,11,0,实施工程师
1645,5,14,24,软件测试
1646,5,12,0,技术支持工程师
1648,0,18,0,Java
1649,5,9,0,测试工程师
1650,5,55,3,Java
1651,0,21,0,C/C++
1652,5,32,5,Java
1653,5,11,15,前端开发
1654,5,35,17,C/C++
1655,0,35,0,Java
1656,5,9,5,硬件测试
1657,0,36,3,Java
1658,0,14,0,硬件测试
1660,0,24,5,Java
1661,0,28,0,Java
1662,0,12,13,实施工程师
1663,5,3,5,软件测试
1664,0,24,12,测试工程师
1665,5,13,0,C/C++
1667,0,9,0,软件测试
1668,5,3,12,测试工程师
1670,0,22,3,前端开发
1671,0,16,0,测试工程师
1673,7,32,0,软件测试
1674,0,9,0,技术支持工程师
1675,0,14,19,软件测试
1677,7,17,0,实施工程师
1678,0,9,0,实施工程师
1679,5,14,0,测试工程师
1680,0,23,0,前端开发
1682,0,9,0,实施工程师
1683,5,17,15,技术支持工程师
1684,0,12,7,硬件测试
1685,0,44,0,Java
1686,5,18,5,C/C++
1687,5,3,0,实施工程师
1688,0,38,10,前端开发
1689,5,27,0,测试工程师
1690,0,54,0,Java
1691,5,19,7,前端开发
1692,0,9,0,技术支持工程师
1693,0,19,10,软件测试
1694,5,3,0,测试工程师
1695,0,6,0,软件测试
1696,0,54,0,Java
1697,5,9,15,实施工程师
1699,0,9,0,实施工程师
1700,0,70,5,前端开发
1702,0,6,7,实施工程师
1703,0,6,0,软件测试
1704,0,34,15,前端开发
1705,5,3,10,科研人员
1706,5,9,10,科研人员
1708,5,34,5,实施工程师
1709,5,28,20,C/C++
1711,0,43,10,前端开发
1713,0,6,0,软件测试
1714,0,17,5,C/C++
1716,0,9,18,科研人员
1717,5,6,18,科研人员
1718,10,24,18,技术支持工程师
1719,5,12,10,实施工程师
1720,5,9,0,软件测试
1722,0,3,0,C/C++
1723,5,42,0,前端开发
1724,0,25,5,Java
1726,0,22,3,前端开发
1727,5,3,0,科研人员
1729,5,0,20,科研人员
1730,0,55,7,Java
1731,10,6,3,技术支持工程师
1732,5,6,2,实施工程师
1734,5,14,5,软件测试
1735,7,0,10,测试工程师
1737,5,30,5,C/C++
1738,5,72,15,Java
1739,5,3,5,科研人员
1740,4,20,5,测试工程师
1742,5,22,0,软件测试
1743,0,16,0,测试工程师
1744,5,0,2,硬件测试
1745,0,9,0,技术支持工程师
1746,5,14,23,技术支持工程师
1747,5,29,7,C/C++
1748,5,13,15,硬件测试
1750,5,14,17,测试工程师
1751,5,3,0,软件测试
1752,5,6,5,科研人员
1753,5,3,0,软件测试
1754,5,3,0,硬件测试
1755,0,14,0,硬件测试
1757,0,54,0,Java
1759,0,17,5,C/C++
1762,5,21,12,实施工程师
1763,5,30,10,前端开发
1764,2,6,0,测试工程师
1765,0,9,0,实施工程师
1767,0,50,0,Java
1768,0,9,0,技术支持工程师
1769,5,37,0,C/C++
1770,0,3,5,硬件测试
1771,7,6,15,实施工程师
1772,10,6,10,实施工程师
1773,0,54,0,Java
1774,2,11,12,测试工程师
1775,0,22,3,前端开发
1776,0,3,0,测试工程师
1777,0,43,10,前端开发
1778,10,31,18,C/C++
1779,0,6,0,C/C++
1780,5,20,10,硬件测试
1781,0,57,15,Java
1782,5,31,0,Java
1783,0,6,0,软件测试
1784,5,3,5,科研人员
1785,5,0,0,科研人员
1786,5,3,0,软件测试
1787,10,0,0,科研人员
1788,5,14,17,测试工程师
1789,5,6,15,硬件测试
1790,0,3,0,技术支持工程师
1791,5,20,5,科研人员
1792,0,3,3,技术支持工程师
1793,0,25,5,前端开发
1794,5,45,0,Java
1795,0,6,0,实施工程师
1796,0,17,0,Java
1798,0,14,0,测试工程师
1799,5,3,5,科研人员
1800,5,14,5,Java
1801,5,8,5,C/C++
1803,0,14,0,测试工程师
1804,5,9,10,硬件测试
1805,0,18,0,C/C++
1806,5,23,12,技术支持工程师
1807,5,13,5,C/C++
1808,0,6,0,硬件测试
1809,5,11,5,软件测试
1810,0,44,0,Java
1814,0,9,0,技术支持工程师
1815,0,38,0,Java
1818,5,27,0,软件测试
1819,5,3,8,技术支持工程师
1820,5,9,0,软件测试
1821,5,6,15,科研人员
1823,5,6,10,科研人员
1825,0,17,7,实施工程师
1826,0,9,0,技术支持工程师
1827,7,6,13,技术支持工程师
1829,5,8,7,科研人员
1830,0,11,0,前端开发
1831,0,82,15,C/C++
1833,5,13,5,C/C++
1834,10,18,10,科研人员
1835,0,19,10,软件测试
1836,0,6,10,实施工程师
1837,5,6,0,技术支持工程师
1838,0,9,0,技术支持工程师
1839,0,6,0,软件测试
1840,5,56,18,Java
1842,5,5,5,科研人员
1843,5,9,0,科研人员
1846,0,14,5,软件测试
1847,0,6,0,Java
1848,0,59,0,前端开发
1849,5,14,27,实施工程师
1850,5,3,5,科研人员
1852,0,26,2,Java
1853,0,9,0,技术支持工程师
1854,0,11,5,测试工程师
1855,5,64,5,前端开发
1856,0,14,0,硬件测试
1857,5,24,2,C/C++
1858,5,14,15,C/C++
1859,0,3,0,硬件测试
1860,5,19,0,软件测试
1861,0,14,19,C/C++
1862,7,24,22,软件测试
1863,5,9,10,技术支持工程师
1864,5,5,0,技术支持工程师
1865,5,45,5,Java
1866,0,6,0,前端开发
1868,5,19,0,软件测试
1869,12,9,0,技术支持工程师
1870,5,14,13,测试工程师
1871,5,6,0,科研人员
1872,5,11,2,测试工程师
1873,5,29,0,C/C++
1874,5,45,0,Java
1875,5,69,22,Java
1877,5,56,5,Java
1878,5,9,8,技术支持工程师
1879,0,14,0,硬件测试
1880,5,29,7,C/C++
1881,0,19,0,Java
1882,5,23,24,实施工程师
1883,0,13,0,C/C++
1885,0,13,8,C/C++
1887,0,22,3,前端开发
1888,5,33,3,前端开发
1889,10,46,5,Java
1890,5,17,10,技术支持工程师
1891,0,3,15,测试工程师
1892,0,23,0,Java
1893,5,15,22,实施工程师
1894,0,16,0,软件测试
1895,0,6,0,测试工程师
1896,0,6,0,软件测试
1897,5,0,10,科研人员
1898,5,29,0,Java
1899,0,23,0,前端开发
1900,5,6,7,实施工程师
1901,5,9,0,科研人员
1902,5,72,8,软件测试
1903,5,9,0,科研人员
1904,5,3,5,实施工程师
1905,5,8,0,科研人员
1906,0,43,12,实施工程师
1908,5,3,0,软件测试
1910,7,3,5,科研人员
1911,0,9,0,实施工程师
1912,5,12,12,技术支持工程师
1913,0,6,0,测试工程师
1914,5,0,0,软件测试
1915,0,9,0,实施工程师
1916,0,11,0,测试工程师
1917,5,17,0,测试工程师
1918,0,20,5,C/C++
1919,0,9,0,Java
1920,5,30,5,C/C++
1921,5,14,0,C/C++
1922,5,37,15,Java
1923,5,3,0,科研人员
1924,0,17,17,硬件测试
1925,5,9,10,测试工程师
1927,0,33,0,Java
1928,5,24,3,测试工程师
1930,0,37,0,Java
1931,5,19,13,软件测试
1933,5,6,5,技术支持工程师
1934,5,0,5,科研人员
1936,0,3,0,实施工程师
1937,0,12,0,Java
1938,0,9,7,实施工程师
1939,5,0,0,软件测试
1940,0,22,3,前端开发
1941,7,6,17,技术支持工程师
1942,0,27,15,测试工程师
1943,5,3,0,测试工程师
1944,0,26,0,C/C++
1945,0,65,5,Java
1946,0,6,12,测试工程师
1947,5,6,5,技术支持工程师
1948,0,6,0,软件测试
1950,5,9,15,技术支持工程师
1951,5,14,5,测试工程师
1953,5,31,24,技术支持工程师
1955,0,6,0,测试工程师
1956,5,0,0,技术支持工程师
1958,2,6,5,硬件测试
1961,2,13,15,C/C++
1962,5,29,0,C/C++
1963,0,14,0,测试工程师
1965,0,3,5,技术支持工程师
1967,5,14,17,软件测试
1969,0,9,0,技术支持工程师
1970,0,43,10,前端开发
1971,5,8,7,科研人员
1972,0,16,0,软件测试
1973,0,9,0,实施工程师
1974,5,14,0,测试工程师
1975,0,37,0,C/C++
1976,0,30,15,C/C++
1978,10,38,0,C/C++
1979,0,25,13,软件测试
1980,5,34,8,Java
1981,5,3,0,软件测试
1982,0,22,3,前端开发
1984,0,14,0,技术支持工程师
1985,0,34,0,Java
1986,0,16,0,软件测试
1987,0,14,0,硬件测试
1989,0,12,0,软件测试
1991,0,56,5,Java
1993,4,3,5,硬件测试
1994,0,42,5,C/C++
1996,0,22,3,前端开发
1997,5,9,12,技术支持工程师
1998,5,22,0,C/C++
1999,5,19,0,软件测试
2000,5,15,0,C/C++
2001,0,32,19,实施工程师
2003,5,17,15,实施工程师
2004,5,3,8,科研人员
2005,0,16,0,测试工程师
2006,5,6,7,技术支持工程师
2007,5,13,7,技术支持工程师
2008,0,3,0,技术支持工程师
2009,5,23,8,Java
2010,5,6,5,科研人员
2011,0,26,2,Java
2012,5,60,12,Java
2013,0,30,8,前端开发
2015,5,9,15,技术支持工程师
2016,5,3,0,测试工程师
2017,0,44,0,Java
2018,5,6,7,技术支持工程师
2019,5,6,9,前端开发
2020,5,6,5,实施工程师
2021,5,9,8,技术支持工程师
2022,5,23,12,实施工程师
2023,2,9,5,软件测试
2024,0,11,22,硬件测试
2025,0,6,0,测试工程师
2026,5,19,0,软件测试
2027,5,29,0,C/C++
2028,5,60,12,C/C++
2029,5,28,8,Java
2030,5,0,3,科研人员
2032,0,49,20,测试工程师
2033,0,12,5,技术支持工程师
2035,0,8,0,科研人员
2036,2,8,5,科研人员
2037,5,9,7,科研人员
2039,0,3,0,技术支持工程师
2040,0,45,0,Java
2041,0,6,0,测试工程师
2043,5,14,17,软件测试
2044,0,24,10,软件测试
2045,0,3,12,技术支持工程师
2046,0,31,10,C/C++
2049,5,3,0,实施工程师
2050,0,22,0,前端开发
2051,0,54,0,Java
2052,5,9,5,技术支持工程师
2053,0,9,0,实施工程师
2054,10,14,10,科研人员
2055,5,26,0,C/C++
2056,0,6,0,软件测试
2058,0,6,0,软件测试
2059,5,3,0,软件测试
2060,0,22,5,前端开发
2061,0,19,0,前端开发
2062,5,11,10,前端开发
2063,0,23,0,实施工程师
2064,0,6,0,软件测试
2065,0,19,0,测试工程师
2067,0,16,0,软件测试
2068,5,3,0,硬件测试
2069,0,6,5,科研人员
2070,0,3,5,软件测试
2072,0,3,10,测试工程师
2073,5,6,0,科研人员
2074,0,37,0,C/C++
2075,5,41,10,测试工程师
2076,0,17,25,实施工程师
2077,0,9,0,软件测试
2078,5,13,5,C/C++
2079,5,23,24,技术支持工程师
2080,5,31,5,实施工程师
2081,0,6,0,测试工程师
2084,5,26,5,测试工程师
2085,0,44,0,Java
2086,5,11,10,技术支持工程师
2087,0,27,7,Java
2088,5,6,0,测试工程师
2089,5,11,5,测试工程师
2090,0,56,5,Java
2091,5,28,0,测试工程师
2093,5,5,0,科研人员
2094,5,12,0,硬件测试
2095,0,6,0,软件测试
2097,5,0,0,软件测试
2098,0,24,0,测试工程师
2099,0,45,0,Java
2101,0,9,0,实施工程师
2102,5,11,0,C/C++
2103,5,6,17,技术支持工程师
2104,0,27,5,C/C++
2105,0,22,3,前端开发
2106,0,14,10,软件测试
2107,5,3,0,软件测试
2108,0,29,0,C/C++
2109,0,9,0,技术支持工程师
2110,0,9,0,技术支持工程师
2111,5,20,8,Java
2112,5,18,10,C/C++
2113,10,6,0,技术支持工程师
2116,5,14,10,前端开发
2117,0,29,0,前端开发
2118,7,14,0,软件测试
2119,5,6,12,科研人员
2120,0,16,0,软件测试
2122,5,26,0,Java
2123,5,3,3,技术支持工程师
2124,0,10,15,技术支持工程师
2126,5,34,5,C/C++
2127,5,6,15,测试工程师
2128,5,56,10,前端开发
2129,5,0,0,测试工程师
2130,5,5,8,科研人员
2131,5,14,5,前端开发
2132,0,9,0,实施工程师
2134,0,9,0,C/C++
2135,5,14,0,测试工程师
2136,5,17,12,实施工程师
2137,0,26,7,实施工程师
2138,10,24,0,Java
2139,0,14,10,软件测试
2140,5,21,0,Java
2141,5,30,0,测试工程师
2142,0,8,0,测试工程师
2143,5,30,0,Java
2145,0,33,5,C/C++
2146,5,24,5,Java
2147,0,6,0,软件测试
2148,0,9,0,实施工程师
2150,5,18,13,软件测试
2152,5,0,6,科研人员
2153,0,20,5,C/C++
2154,0,20,0,Java
2155,0,26,10,测试工程师
2156,0,19,10,软件测试
2159,0,44,0,软件测试
2160,5,3,0,测试工程师
2164,0,26,2,Java
2165,5,26,10,实施工程师
2167,0,14,5,软件测试
2168,0,18,0,测试工程师
2169,0,3,0,前端开发
2170,0,47,8,Java
2171,0,6,0,硬件测试
2172,0,6,0,测试工程师
2173,5,3,2,科研人员
2174,0,6,0,实施工程师
2175,10,0,0,科研人员
2176,5,31,0,C/C++
2179,0,15,0,C/C++
2180,5,12,10,实施工程师
2182,5,30,7,Java
2183,0,9,0,实施工程师
2184,5,35,2,Java
2185,0,6,0,测试工程师
2186,5,3,0,科研人员
2187,0,16,0,软件测试
2188,5,12,5,Java
2189,5,61,5,测试工程师
2190,0,6,17,实施工程师
2191,10,11,0,科研人员
2192,0,10,15,技术支持工程师
2193,0,9,0,技术支持工程师
2194,10,42,10,C/C++
2195,5,43,12,软件测试
2196,0,22,3,前端开发
2197,0,9,0,实施工程师
2198,0,21,0,Java
2199,0,12,7,实施工程师
2200,5,30,12,Java
2201,0,33,5,Java
2202,0,12,7,测试工程师
2205,5,58,17,Java
2206,5,3,5,科研人员
2207,5,9,0,科研人员
2208,0,9,0,Java
2209,0,8,0,C/C++
2210,0,37,0,Java
2212,0,6,0,技术支持工程师
2213,5,16,2,科研人员
2214,5,11,12,科研人员
2215,0,37,0,C/C++
2217,0,36,0,C/C++
2218,0,54,0,C/C++
2219,0,54,0,Java
2220,5,6,2,技术支持工程师
2223,0,22,5,实施工程师
2224,0,6,5,技术支持工程师
2225,0,6,10,技术支持工程师
2226,5,29,0,C/C++
2227,0,3,0,实施工程师
2229,5,12,0,技术支持工程师
2230,0,9,0,技术支持工程师
2231,0,35,0,C/C++
2232,0,44,0,Java
2233,5,9,0,科研人员
2234,0,18,0,Java
2236,2,23,3,软件测试
2237,0,19,10,软件测试
2238,5,0,0,科研人员
2239,5,3,0,软件测试
2240,15,9,12,科研人员
2241,5,14,17,科研人员
2242,5,6,0,科研人员
2243,5,12,5,Java
2244,0,14,10,C/C++
2245,5,14,17,测试工程师
2246,5,6,0,技术支持工程师
2247,5,15,0,软件测试
2248,0,9,0,实施工程师
2249,5,6,0,软件测试
2250,5,6,7,技术支持工程师
2251,5,6,10,技术支持工程师
2252,0,3,0,科研人员
2253,5,80,5,Java
2255,0,35,17,Java
2256,7,9,15,技术支持工程师
2257,0,6,0,技术支持工程师
2258,0,14,0,测试工程师
2259,5,3,17,实施工程师
2260,0,14,0,硬件测试
2261,5,3,8,科研人员
2262,0,3,0,技术支持工程师
2263,0,14,0,测试工程师
2264,7,3,5,技术支持工程师
2265,0,29,5,Java
2266,5,18,0,软件测试
2267,0,3,0,科研人员
2268,10,3,3,科研人员
2269,5,3,0,软件测试
2270,0,9,10,实施工程师
2271,0,3,0,科研人员
2272,5,19,0,软件测试
2273,0,40,0,前端开发
2274,5,0,7,测试工程师
2275,5,3,10,软件测试
2276,5,34,8,Java
2277,5,11,10,测试工程师
2278,5,3,0,科研人员
2281,0,6,0,软件测试
2282,5,26,15,实施工程师
2284,0,54,0,Java
2285,5,14,17,测试工程师
2286,0,9,8,技术支持工程师
2287,10,6,0,科研人员
2288,5,0,17,测试工程师
2289,0,9,0,前端开发
2290,5,14,23,技术支持工程师
2291,0,15,0,C/C++
2292,0,18,0,前端开发
2293,0,6,0,测试工程师
2295,5,23,8,Java
2297,0,6,0,科研人员
2298,5,22,10,测试工程师
2299,5,28,10,测试工程师
2300,5,6,5,测试工程师
2301,0,3,0,C/C++
2303,5,28,5,测试工程师
2304,0,14,10,实施工程师
2305,0,54,0,Java
2306,0,14,0,硬件测试
2307,5,9,5,测试工程师
2308,5,12,0,实施工程师
2309,5,9,5,科研人员
2310,0,3,0,科研人员
2311,0,14,0,硬件测试
2312,0,6,0,测试工程师
2313,5,14,15,技术支持工程师
2314,0,6,0,软件测试
2315,0,9,0,实施工程师
2316,0,19,0,前端开发
2317,5,56,15,Java
2319,7,3,5,实施工程师
2320,5,8,0,科研人员
2321,0,35,0,C/C++
2322,5,24,10,C/C++
2323,5,12,0,科研人员
2324,0,6,2,测试工程师
2325,5,9,5,技术支持工程师
2326,5,6,5,实施工程师
2327,0,27,10,前端开发
2329,5,18,10,软件测试
2330,5,26,0,C/C++
2331,0,25,5,前端开发
2332,5,26,25,实施工程师
2333,0,36,3,C/C++
2335,5,3,10,技术支持工程师
2337,5,16,5,测试工程师
2338,5,6,15,技术支持工程师
2339,5,14,5,硬件测试
2340,0,45,7,Java
2341,5,43,7,前端开发
2342,0,6,0,软件测试
2343,5,8,0,科研人员
2344,0,9,0,Java
2346,5,86,0,Java
2347,5,12,0,软件测试
2348,0,9,0,实施工程师
2350,5,20,8,Java
2351,0,29,5,前端开发
2352,0,16,0,软件测试
2355,0,17,0,测试工程师
2356,5,26,8,软件测试
2357,5,9,2,技术支持工程师
2358,10,11,0,测试工程师
2359,0,9,0,技术支持工程师
2360,5,14,9,科研人员
2362,5,3,0,软件测试
2363,5,3,10,技术支持工程师
2364,0,6,0,技术支持工程师
2365,0,20,0,C/C++
2367,5,25,0,C/C++
2368,0,34,8,前端开发
2370,0,9,0,实施工程师
2371,5,26,17,测试工程师
2372,5,3,0,软件测试
2373,0,33,0,Java
2376,0,19,0,软件测试
2377,0,16,0,科研人员
2378,0,22,5,实施工程师
2379,0,9,0,实施工程师
2380,0,9,5,技术支持工程师
2383,5,8,3,测试工程师
2384,5,21,0,Java
2385,5,3,0,软件测试
2386,0,6,0,科研人员
2387,0,16,0,软件测试
2389,0,6,3,技术支持工程师
2390,0,19,0,测试工程师
2391,5,30,7,Java
2392,5,3,0,测试工程师
2393,2,12,0,Java
2394,0,14,0,Java
2395,5,6,0,技术支持工程师
2396,7,0,10,技术支持工程师
2397,0,9,10,科研人员
2398,0,9,0,实施工程师
2399,5,28,8,Java
2400,5,3,0,软件测试
2401,10,3,5,科研人员
2402,0,3,5,实施工程师
2403,5,8,3,实施工程师
2404,10,11,10,技术支持工程师
2405,0,12,0,前端开发
2406,0,28,22,软件测试
2408,5,30,22,实施工程师
2409,0,25,5,前端开发
2410,5,3,5,测试工程师
2411,5,6,12,技术支持工程师
2412,0,41,0,Java
2414,4,12,0,实施工程师
2415,5,22,0,C/C++
2416,5,3,10,技术支持工程师
2418,5,14,5,软件测试
2420,5,3,0,测试工程师
2421,7,0,7,技术支持工程师
2422,5,3,0,硬件测试
2423,5,6,0,科研人员
2425,5,18,12,技术支持工程师
2426,5,47,5,Java
2427,5,3,0,软件测试
2428,10,9,5,科研人员
2429,10,0,0,科研人员
2430,5,12,8,实施工程师
2431,0,6,0,技术支持工程师
2432,0,33,0,C/C++
2433,0,6,0,实施工程师
2434,7,3,5,技术支持工程师
2436,5,12,5,实施工程师
2437,0,36,3,Java
2438,0,37,0,前端开发
2441,10,23,0,科研人员
2442,0,9,0,实施工程师
2443,5,29,0,Java
2444,0,44,0,Java
2445,0,14,0,硬件测试
2446,0,14,0,硬件测试
2447,0,22,5,C/C++
2448,0,3,0,技术支持工程师
2450,0,9,0,测试工程师
2451,5,41,0,实施工程师
2452,0,34,0,实施工程师
2453,5,6,3,测试工程师
2454,5,6,5,实施工程师
2455,0,15,10,实施工程师
2456,5,27,8,前端开发
2457,0,3,0,测试工程师
2458,5,3,0,测试工程师
2460,5,43,10,Java
2461,0,14,0,测试工程师
2464,0,14,10,测试工程师
2467,10,3,10,科研人员
2469,5,0,0,软件测试
2470,5,0,0,软件测试
2471,5,25,10,C/C++
2472,5,12,14,技术支持工程师
2473,0,8,0,科研人员
2475,5,0,9,实施工程师
2476,0,11,0,实施工程师
2477,5,30,0,测试工程师
2478,10,0,0,科研人员
2479,0,3,0,实施工程师
2480,5,0,0,硬件测试
2481,5,6,10,科研人员
2482,0,3,0,实施工程师
2484,5,3,5,科研人员
2485,5,11,18,软件测试
2486,0,26,0,Java
2487,0,6,0,测试工程师
2488,0,6,0,前端开发
2490,0,9,0,技术支持工程师
2491,0,25,5,前端开发
2493,10,0,0,科研人员
2495,10,31,0,科研人员
2497,5,12,0,实施工程师
2499,5,80,5,Java
2500,0,27,0,前端开发
2501,0,54,0,Java
2502,5,3,0,测试工程师
2504,0,9,0,前端开发
2505,0,54,0,Java
2506,0,19,5,科研人员
2507,5,14,0,软件测试
2508,0,16,0,C/C++
2509,5,9,0,C/C++
2510,5,6,10,技术支持工程师
2511,0,28,7,实施工程师
2512,5,20,7,C/C++
2513,5,42,7,C/C++
2514,5,6,7,技术支持工程师
2515,0,9,8,技术支持工程师
2516,5,3,0,测试工程师
2517,5,11,5,测试工程师
2518,0,9,10,实施工程师
2519,5,17,0,Java
2520,5,17,5,C/C++
2521,0,14,8,硬件测试
2522,5,15,5,软件测试
2524,5,3,5,测试工程师
2525,7,55,5,前端开发
2526,7,31,3,C/C++
2527,0,6,0,测试工程师
2528,5,3,5,科研人员
2529,5,55,7,C/C++
2530,0,9,0,实施工程师
2531,0,9,0,技术支持工程师
2532,7,24,13,Java
2533,0,9,0,技术支持工程师
2534,5,5,14,技术支持工程师
2535,5,8,7,科研人员
2536,9,9,0,测试工程师
2537,0,60,0,Java
2539,5,9,0,实施工程师
2541,5,6,5,技术支持工程师
2542,5,21,0,Java
2543,5,0,0,测试工程师
2544,5,9,0,科研人员
2545,5,38,17,软件测试
2547,5,9,0,软件测试
2548,5,9,10,实施工程师
2549,5,27,0,测试工程师
2550,5,6,9,实施工程师
2551,0,3,0,硬件测试
2554,5,19,0,C/C++
2555,7,14,7,C/C++
2556,0,9,13,实施工程师
2557,0,6,0,软件测试
2558,10,16,5,科研人员
2559,5,45,0,C/C++
2562,5,49,5,前端开发
2563,5,36,0,C/C++
2564,5,25,10,C/C++
2565,7,5,0,C/C++
2566,5,21,10,硬件测试
2568,5,32,0,Java
2572,5,19,0,软件测试
2573,0,9,0,测试工程师
2575,5,6,15,测试工程师
2576,5,18,15,科研人员
2577,0,3,0,硬件测试
2578,0,38,10,前端开发
2579,0,12,0,前端开发
2580,7,14,10,技术支持工程师
2581,5,30,7,Java
2582,0,14,10,测试工程师
2583,0,3,0,测试工程师
2584,0,9,7,实施工程师
2585,0,36,0,C/C++
2586,5,3,0,测试工程师
2587,0,3,0,实施工程师
2588,5,20,34,技术支持工程师
2589,0,29,2,Java
2590,7,3,0,技术支持工程师
2591,10,0,0,科研人员
2592,0,18,0,C/C++
2593,5,71,13,Java
2594,10,11,0,硬件测试
2595,5,21,10,测试工程师
2596,5,3,0,软件测试
2597,0,14,0,C/C++
2599,0,30,0,Java
2600,5,3,5,软件测试
2602,5,17,3,Java
2603,0,6,5,科研人员
2604,5,6,5,硬件测试
2605,5,23,24,技术支持工程师
2606,0,54,0,Java
2607,0,9,0,实施工程师
2608,0,37,0,Java
2609,5,9,0,软件测试
2610,0,6,0,硬件测试
2612,0,3,0,科研人员
2614,5,3,0,科研人员
2615,0,11,0,测试工程师
2617,10,3,10,硬件测试
2618,5,17,0,Java
2620,5,14,5,C/C++
2622,0,25,5,前端开发
2623,5,37,0,前端开发
2624,5,60,12,Java
2627,5,6,7,实施工程师
2628,5,6,0,技术支持工程师
2629,0,19,0,测试工程师
2630,0,16,0,前端开发
2631,0,15,0,Java
2632,0,12,5,技术支持工程师
2633,0,38,0,Java
2634,0,10,0,C/C++
2635,0,6,0,科研人员
2636,7,3,0,技术支持工程师
2637,5,3,0,测试工程师
2638,5,12,8,技术支持工程师
2639,12,62,10,科研人员
2640,5,21,0,Java
2641,0,17,10,软件测试
2642,10,0,10,科研人员
2643,0,6,0,测试工程师
2644,0,14,0,硬件测试
2645,0,3,5,科研人员
2646,5,20,5,测试工程师
2647,0,14,5,测试工程师
2648,5,21,0,Java
2649,0,3,0,科研人员
2650,0,6,0,实施工程师
2651,5,0,0,科研人员
2654,5,9,5,技术支持工程师
2655,0,9,5,实施工程师
2656,0,9,3,前端开发
2657,0,25,5,C/C++
2658,0,3,0,实施工程师
2659,5,3,5,硬件测试
2662,5,12,0,测试工程师
2663,5,6,0,技术支持工程师
2664,5,3,0,测试工程师
2666,5,11,0,测试工程师
2667,0,9,8,技术支持工程师
2668,5,14,10,测试工程师
2669,5,13,5,C/C++
2671,5,9,5,实施工程师
2673,0,3,0,前端开发
2674,0,6,0,C/C++
2675,5,6,22,测试工程师
2676,0,9,0,实施工程师
2677,5,6,0,测试工程师
2678,0,45,0,Java
2679,0,10,15,实施工程师
2680,5,28,8,前端开发
2681,5,63,0,Java
2682,5,50,10,Java
2683,5,15,0,实施工程师
2684,0,16,0,测试工程师
2685,0,24,5,Java
2686,0,14,0,C/C++
2687,0,19,10,软件测试
2688,0,3,0,科研人员
2689,2,6,0,技术支持工程师
2690,5,9,3,技术支持工程师
2691,0,14,0,硬件测试
2692,5,40,5,前端开发
2693,0,6,5,测试工程师
2694,0,16,0,测试工程师
2695,5,26,0,C/C++
2696,5,0,0,实施工程师
2697,0,57,0,Java
2698,0,14,0,硬件测试
2700,0,19,5,科研人员
2702,5,34,13,测试工程师
2703,0,34,0,实施工程师
2704,0,44,10,软件测试
2705,0,9,0,软件测试
2706,5,12,0,测试工程师
2707,10,0,0,科研人员
2708,5,6,10,测试工程师
2709,0,9,0,科研人员
2710,5,6,0,测试工程师
2711,0,14,0,测试工程师
2712,0,22,3,前端开发
2714,0,36,0,C/C++
2715,0,6,0,实施工程师
2716,0,27,0,Java
2717,5,14,0,软件测试
2718,0,16,0,测试工程师
2720,5,15,0,技术支持工程师
2721,5,19,0,软件测试
2722,5,9,0,技术支持工程师
2723,5,8,5,硬件测试
2724,5,12,7,测试工程师
2725,5,3,0,软件测试
2726,0,45,0,Java
2727,0,6,0,软件测试
2728,0,14,0,硬件测试
2729,0,6,0,前端开发
2731,0,6,5,硬件测试
2732,0,9,7,实施工程师
2733,5,21,10,硬件测试
2734,10,3,0,测试工程师
2735,0,3,0,科研人员
2736,5,28,8,软件测试
2737,5,3,0,测试工程师
2739,0,9,0,实施工程师
2741,5,3,0,科研人员
2743,5,3,0,测试工程师
2745,5,11,5,测试工程师
2746,0,9,0,实施工程师
2747,5,31,24,技术支持工程师
2748,0,57,7,Java
2749,5,3,0,测试工程师
2750,5,3,0,测试工程师
2751,5,42,0,软件测试
2752,0,12,0,前端开发
2754,5,13,15,测试工程师
2755,0,24,6,软件测试
2756,5,3,0,技术支持工程师
2758,0,9,0,软件测试
2761,0,9,0,技术支持工程师
2762,5,16,5,测试工程师
2763,5,43,10,技术支持工程师
2764,0,25,5,前端开发
2768,5,15,10,科研人员
2770,5,13,0,C/C++
2771,0,6,5,硬件测试
2772,0,6,20,测试工程师
2774,0,6,0,技术支持工程师
2775,0,18,0,Java
2776,5,38,0,前端开发
2778,5,11,7,技术支持工程师
2779,5,9,3,测试工程师
2780,5,5,12,科研人员
2781,15,0,0,科研人员
2782,0,9,18,实施工程师
2783,0,37,0,Java
2784,0,55,15,前端开发
2785,0,15,2,Java
2787,5,0,15,实施工程师
2788,5,61,5,Java
2789,5,9,0,科研人员
2790,5,30,0,测试工程师
2791,0,54,0,Java
2792,5,14,0,C/C++
2793,0,6,19,技术支持工程师
2795,5,38,0,C/C++
2796,0,3,0,实施工程师
2797,5,9,10,技术支持工程师
2798,5,3,0,测试工程师
2799,0,56,5,Java
2800,5,15,7,技术支持工程师
2801,5,12,0,技术支持工程师
2802,10,11,13,实施工程师
2803,5,6,0,硬件测试
2804,0,13,5,硬件测试
2805,5,3,3,实施工程师
2806,0,54,0,Java
2807,0,14,0,测试工程师
2809,5,14,20,技术支持工程师
2810,0,9,0,测试工程师
2811,0,29,5,Java
2812,0,6,10,测试工程师
2813,5,5,5,科研人员
2814,0,16,2,测试工程师
2815,0,37,0,前端开发
2816,5,22,20,C/C++
2817,5,3,0,测试工程师
2818,5,12,0,科研人员
2819,0,14,8,Java
2820,2,11,10,实施工程师
2821,5,3,0,科研人员
2822,5,19,0,软件测试
2823,5,6,0,实施工程师
2824,5,46,15,前端开发
2825,5,3,5,科研人员
2826,0,58,7,Java
2827,5,30,7,Java
2828,5,18,5,技术支持工程师
2829,5,3,0,科研人员
2830,5,43,3,Java
2831,5,24,15,软件测试
2832,5,13,10,硬件测试
2833,5,3,0,软件测试
2834,5,0,0,测试工程师
2835,0,9,0,技术支持工程师
2836,5,17,9,实施工程师
2837,5,26,2,C/C++
2838,5,44,5,Java
2839,0,9,0,实施工程师
2840,0,12,0,技术支持工程师
2841,0,3,0,测试工程师
2842,0,16,0,测试工程师
2843,0,3,0,科研人员
2844,5,9,5,技术支持工程师
2845,0,11,0,测试工程师
2846,5,6,10,测试工程师
2848,0,12,0,硬件测试
2849,0,3,0,科研人员
2850,5,14,2,技术支持工程师
2852,0,6,0,技术支持工程师
2853,5,14,15,技术支持工程师
2854,5,6,5,科研人员
2855,0,6,0,C/C++
2858,5,26,0,技术支持工程师
2859,5,3,0,软件测试
2862,0,9,0,测试工程师
2863,5,26,2,C/C++
2864,0,9,0,实施工程师
2866,5,6,5,实施工程师
2867,0,14,0,软件测试
2868,0,9,10,技术支持工程师
2869,5,83,0,Java
2870,5,9,10,硬件测试
2871,5,25,5,前端开发
2872,0,11,0,测试工程师
2873,5,0,5,测试工程师
2874,0,11,0,测试工程师
2875,0,6,0,C/C++
2878,5,15,0,实施工程师
2879,5,22,10,硬件测试
2880,0,9,0,实施工程师
2881,0,3,0,测试工程师
2883,0,9,0,实施工程师
2884,5,25,5,Java
2885,5,8,3,测试工程师
2886,10,31,0,科研人员
2887,5,6,0,科研人员
2888,5,3,7,测试工程师
2889,5,3,0,测试工程师
2890,5,36,0,C/C++
2892,0,26,0,C/C++
2893,0,9,0,实施工程师
2895,5,9,10,技术支持工程师
2896,5,3,0,测试工程师
2897,0,19,0,C/C++
2898,0,14,0,测试工程师
2899,5,3,0,软件测试
2900,5,18,12,技术支持工程师
2901,0,6,0,实施工程师
2902,5,6,12,技术支持工程师
2903,5,29,17,实施工程师
2904,5,14,17,测试工程师
2906,5,12,15,技术支持工程师
2907,10,11,5,软件测试
2908,0,6,5,硬件测试
2909,5,54,20,Java
2910,0,34,0,Java
2911,10,0,0,科研人员
2912,5,12,0,软件测试
2913,0,3,0,测试工程师
2914,5,9,15,科研人员
2915,0,44,0,Java
2916,7,3,0,科研人员
2917,0,20,5,C/C++
2918,5,34,8,Java
2920,0,14,0,测试工程师
2921,5,14,5,前端开发
2922,0,19,10,软件测试
2923,0,34,13,软件测试
2924,5,6,18,硬件测试
2925,5,3,10,实施工程师
2926,5,0,5,测试工程师
2927,0,37,0,Java
2928,0,6,0,科研人员
2929,5,14,0,软件测试
2930,0,32,0,前端开发
2931,0,9,19,软件测试
2933,5,34,0,C/C++
2934,0,9,0,实施工程师
2935,0,9,0,实施工程师
2936,0,14,0,硬件测试
2938,0,3,0,测试工程师
2940,5,23,5,C/C++
2942,0,11,0,测试工程师
2944,0,14,0,硬件测试
2945,5,14,3,测试工程师
2946,5,14,0,软件测试
2947,0,3,0,技术支持工程师
2948,0,23,19,技术支持工程师
2949,0,3,0,技术支持工程师
2950,0,28,0,前端开发
2954,5,12,9,测试工程师
2955,5,60,17,Java
2956,0,9,0,Java
2957,5,6,0,测试工程师
2958,10,40,20,C/C++
2960,0,9,0,技术支持工程师
2961,0,11,2,测试工程师
2962,0,9,0,前端开发
2963,0,6,0,技术支持工程师
2964,0,19,10,软件测试
2965,0,18,3,软件测试
2967,0,3,10,软件测试
2968,5,26,15,实施工程师
2969,0,6,5,硬件测试
2970,5,35,15,C/C++
2971,0,22,3,前端开发
2972,7,3,0,科研人员
2973,0,14,17,软件测试
2974,5,34,20,前端开发
2975,0,28,0,Java
2976,2,3,0,硬件测试
2977,5,3,0,测试工程师
2978,0,19,3,硬件测试
2979,5,3,0,测试工程师
2980,5,0,0,实施工程师
2981,5,11,7,测试工程师
2982,0,8,7,测试工程师
2983,0,33,5,软件测试
2985,5,3,12,测试工程师
2986,5,8,5,测试工程师
2987,5,48,20,Java
2988,5,18,10,C/C++
2989,5,9,2,测试工程师
2991,0,9,0,技术支持工程师
2992,5,12,0,技术支持工程师
2993,5,12,10,实施工程师
2994,0,13,17,硬件测试
2995,5,3,0,软件测试
2996,0,0,5,实施工程师
2998,0,6,0,硬件测试
2999,5,48,5,前端开发
3000,0,6,0,技术支持工程师
3001,5,0,13,科研人员
3002,5,21,0,Java
3004,5,18,10,实施工程师
3005,5,16,2,科研人员
3006,0,50,0,前端开发
3007,5,39,0,实施工程师
3008,5,3,0,软件测试
3010,5,34,5,C/C++
3013,5,17,12,技术支持工程师
3014,0,9,3,测试工程师
3016,5,0,10,软件测试
3018,0,35,0,Java
3019,10,14,5,科研人员
3020,5,3,0,科研人员
3021,0,16,5,技术支持工程师
3022,0,18,0,C/C++
3023,0,9,0,测试工程师
3024,5,12,15,硬件测试
3025,0,13,15,Java
3026,5,0,5,实施工程师
3027,5,14,0,Java
3028,2,3,0,硬件测试
3029,0,9,5,技术支持工程师
3031,5,6,0,测试工程师
3032,0,9,0,前端开发
3033,0,6,5,硬件测试
3034,0,26,0,C/C++
3035,0,6,0,硬件测试
3036,5,3,0,科研人员
3037,5,14,15,技术支持工程师
3038,15,13,0,科研人员
3039,5,6,5,软件测试
3042,0,38,10,前端开发
3043,5,19,0,软件测试
3046,5,12,0,科研人员
3047,0,12,0,技术支持工程师
3048,0,14,17,软件测试
3049,5,19,0,软件测试
3050,5,23,12,技术支持工程师
3051,0,14,0,测试工程师
3052,5,3,0,测试工程师
3053,2,9,0,技术支持工程师
3056,7,5,10,科研人员
3057,5,32,0,Java
3058,5,37,0,实施工程师
3059,0,55,7,Java
3060,7,14,14,软件测试
3061,7,0,0,科研人员
3062,5,3,5,科研人员
3063,5,13,0,C/C++
3064,0,14,0,硬件测试
3065,5,3,0,软件测试
3066,5,57,0,软件测试
3067,5,3,0,测试工程师
3068,2,6,5,测试工程师
3069,0,16,0,软件测试
3070,0,25,10,C/C++
3071,0,9,5,技术支持工程师
3072,5,61,5,Java
3075,5,3,0,测试工程师
3077,0,3,0,技术支持工程师
3078,0,6,5,科研人员
3079,0,20,5,C/C++
3080,5,3,0,C/C++
3081,5,19,0,软件测试
3082,5,17,0,科研人员
3083,0,18,0,技术支持工程师
3084,5,3,5,硬件测试
3085,0,54,0,软件测试
3086,0,6,0,前端开发
3087,0,6,0,测试工程师
3088,0,8,5,科研人员
3089,0,9,0,技术支持工程师
3090,5,14,5,科研人员
3091,0,14,0,硬件测试
3092,5,9,5,技术支持工程师
3093,5,6,17,实施工程师
3094,5,9,13,技术支持工程师
3095,0,12,0,C/C++
3097,5,16,10,软件测试
3098,0,14,0,硬件测试
3101,0,14,15,实施工程师
3102,5,19,0,软件测试
3104,7,3,5,软件测试
3105,0,38,10,前端开发
3107,7,32,0,前端开发
3108,0,12,15,技术支持工程师
3109,5,3,0,软件测试
3110,0,6,0,软件测试
3111,0,47,30,测试工程师
3116,0,35,17,Java
3117,7,39,10,测试工程师
3118,0,25,5,前端开发
3120,0,28,0,Java
3121,10,16,12,软件测试
3123,0,9,0,实施工程师
3124,5,8,0,测试工程师
3125,0,54,0,Java
3127,5,6,10,科研人员
3128,5,3,5,科研人员
3129,10,3,5,实施工程师
3130,0,9,0,实施工程师
3131,0,45,0,Java
3132,5,29,0,C/C++
3133,0,22,3,前端开发
3134,0,13,0,Java
3135,0,38,0,Java
3136,5,8,5,C/C++
3137,5,0,14,科研人员
3138,5,6,5,测试工程师
3139,0,62,0,Java
3140,0,6,0,软件测试
3141,5,38,12,Java
3143,5,46,12,实施工程师
3144,20,3,0,科研人员
3145,0,19,15,实施工程师
3146,0,40,0,前端开发
3147,5,0,11,科研人员
3148,5,9,7,技术支持工程师
3149,0,37,0,Java
3150,0,9,0,实施工程师
3151,5,3,0,软件测试
3152,5,8,8,Java
3153,5,6,15,实施工程师
3154,0,13,8,C/C++
3155,0,0,5,技术支持工程师
3156,0,36,0,Java
3157,0,22,3,前端开发
3158,5,36,0,C/C++
3159,5,3,5,科研人员
3160,5,9,17,技术支持工程师
3161,5,15,3,实施工程师
3162,7,14,10,技术支持工程师
3163,5,20,34,实施工程师
3165,0,6,0,技术支持工程师
3167,0,6,17,技术支持工程师
3168,0,35,0,C/C++
3169,0,17,0,C/C++
3170,0,6,0,软件测试
3171,0,12,0,测试工程师
3172,0,22,3,前端开发
3173,0,6,0,软件测试
3174,5,3,0,测试工程师
3176,5,35,25,实施工程师
3177,0,16,0,软件测试
3178,5,6,10,实施工程师
3179,5,16,0,C/C++
3180,0,38,0,Java
3181,5,9,14,实施工程师
3186,0,3,10,技术支持工程师
3187,5,21,8,实施工程师
3188,5,0,12,科研人员
3189,0,3,0,测试工程师
3190,2,28,0,实施工程师
3191,0,6,0,软件测试
3192,0,3,0,Java
3193,5,25,0,C/C++
3194,10,6,3,实施工程师
3195,5,33,22,前端开发
3196,0,15,17,C/C++
3197,0,36,0,C/C++
3198,0,38,10,前端开发
3199,0,12,0,实施工程师
3201,0,6,0,测试工程师
3202,5,11,0,测试工程师
3203,0,11,0,硬件测试
3204,0,8,0,前端开发
3206,7,3,5,实施工程师
3207,5,9,0,C/C++
3208,0,13,8,C/C++
3209,0,58,0,Java
3210,10,22,5,C/C++
3212,0,6,0,前端开发
3213,0,6,2,科研人员
3214,5,8,12,软件测试
3215,0,8,5,科研人员
3216,5,6,10,实施工程师
3217,0,9,0,技术支持工程师
3218,0,3,0,科研人员
3220,5,6,12,技术支持工程师
3221,0,6,0,测试工程师
3222,0,14,15,软件测试
3223,0,39,7,前端开发
3224,0,11,0,实施工程师
3225,7,24,0,软件测试
3226,0,9,0,实施工程师
3227,0,9,0,技术支持工程师
3228,0,14,0,硬件测试
3230,5,15,0,软件测试
3231,5,14,12,技术支持工程师
3232,5,19,0,前端开发
3233,0,9,0,技术支持工程师
3234,7,18,12,实施工程师
3235,5,9,0,技术支持工程师
3236,5,3,0,测试工程师
3238,0,9,0,技术支持工程师
3239,5,15,3,实施工程师
3240,5,3,0,软件测试
3241,0,6,0,技术支持工程师
3242,5,32,0,Java
3243,5,55,0,C/C++
3244,5,19,0,软件测试
3245,0,14,0,软件测试
3246,0,22,3,前端开发
3247,0,6,10,硬件测试
3248,0,8,7,实施工程师
3249,0,14,0,Java
3250,0,12,5,软件测试
3251,0,26,21,实施工程师
3252,10,27,0,C/C++
3253,5,34,13,测试工程师
3255,5,28,10,实施工程师
3256,5,41,0,Java
3257,5,0,0,技术支持工程师
3258,7,6,0,测试工程师
3259,5,0,0,技术支持工程师
3260,0,9,0,实施工程师
3261,7,29,0,Java
3263,5,25,0,C/C++
3264,5,45,10,前端开发
3265,5,6,13,技术支持工程师
3266,5,48,20,Java
3267,5,3,5,科研人员
3268,0,8,0,C/C++
3269,0,21,0,C/C++
3270,0,16,0,软件测试
3271,0,20,0,前端开发
3273,0,24,0,测试工程师
3274,2,0,14,技术支持工程师
3275,0,25,5,前端开发
3276,0,35,17,Java
3277,0,19,5,测试工程师
3278,4,6,22,实施工程师
3280,0,12,0,前端开发
3281,0,6,0,技术支持工程师
3283,7,17,12,实施工程师
3284,10,8,8,科研人员
3287,5,12,10,C/C++
3289,0,14,0,硬件测试
3291,5,21,10,软件测试
3293,0,6,7,实施工程师
3294,0,9,0,实施工程师
3295,5,3,0,测试工程师
3296,0,9,0,科研人员
3297,5,9,5,技术支持工程师
3300,10,28,0,Java
3302,5,9,10,技术支持工程师
3303,5,20,34,技术支持工程师
3304,0,14,0,硬件测试
3305,5,9,15,硬件测试
3309,0,9,0,实施工程师
3310,0,9,0,技术支持工程师
3312,5,12,0,科研人员
3313,0,14,17,测试工程师
3315,5,30,0,C/C++
3316,5,0,7,科研人员
3317,5,37,10,Java
3318,0,6,0,硬件测试
3320,5,14,13,测试工程师
3321,5,26,8,软件测试
3325,0,9,0,技术支持工程师
3326,5,49,0,前端开发
3327,5,26,12,测试工程师
3329,5,23,0,Java
3330,0,26,2,Java
3331,0,19,10,软件测试
3332,0,38,10,前端开发
3333,7,5,12,技术支持工程师
3335,0,43,10,前端开发
3336,5,33,10,软件测试
3338,0,21,8,技术支持工程师
3339,5,35,0,Java
3342,5,58,22,前端开发
3343,0,22,7,软件测试
3345,5,9,15,科研人员
3346,0,24,10,软件测试
3347,10,0,0,科研人员
3348,5,28,8,Java
3349,5,6,0,科研人员
3350,0,14,10,实施工程师
3352,0,6,0,测试工程师
3353,0,14,0,C/C++
3356,5,6,5,软件测试
3357,5,3,5,科研人员
3358,5,6,3,技术支持工程师
3360,5,3,0,软件测试
3361,0,13,0,软件测试
3362,7,3,0,科研人员
3363,0,36,0,C/C++
3365,0,6,0,硬件测试
3366,10,0,0,测试工程师
3367,0,3,0,技术支持工程师
3368,5,15,22,实施工程师
3369,5,49,5,前端开发
3370,0,5,10,科研人员
3371,5,0,15,技术支持工程师
3372,5,32,0,Java
3373,0,6,0,C/C++
3374,5,3,0,测试工程师
3375,5,9,12,技术支持工程师
3376,5,33,0,前端开发
3377,5,21,25,实施工程师
3378,0,45,0,Java
3379,0,22,3,前端开发
3380,0,19,5,科研人员
3382,0,9,0,Java
3383,5,34,5,C/C++
3384,0,35,17,Java
3385,5,27,10,Java
3386,5,72,8,软件测试
3387,5,23,0,技术支持工程师
3388,5,45,5,Java
3389,0,35,0,Java
3390,0,58,7,Java
3391,0,12,0,科研人员
3392,5,24,7,软件测试
3393,2,32,5,技术支持工程师
3394,0,3,5,技术支持工程师
3395,0,20,0,实施工程师
3396,0,9,0,技术支持工程师
3397,5,12,2,实施工程师
3398,0,9,0,技术支持工程师
3399,0,27,5,软件测试
3400,5,9,13,技术支持工程师
3401,5,15,22,实施工程师
3402,5,25,18,C/C++
3403,5,30,10,C/C++
3404,5,6,5,技术支持工程师
3405,5,41,0,Java
3406,0,22,5,实施工程师
3407,0,6,5,硬件测试
3408,0,36,0,前端开发
3409,7,28,0,C/C++
3410,5,22,5,前端开发
3412,5,3,8,软件测试
3414,5,5,7,科研人员
3415,0,11,0,软件测试
3416,0,16,0,软件测试
3417,5,3,0,科研人员
3418,5,27,12,Java
3419,10,19,13,科研人员
3420,7,29,0,Java
3421,5,3,0,测试工程师
3422,0,16,0,软件测试
3423,5,12,0,实施工程师
3424,5,6,0,技术支持工程师
3425,0,12,0,技术支持工程师
3426,5,27,0,软件测试
3427,5,11,0,测试工程师
3428,5,56,15,Java
3429,0,38,10,前端开发
3431,5,3,0,软件测试
3432,0,6,22,科研人员
3433,0,3,0,测试工程师
3434,0,9,0,技术支持工程师
3435,0,25,5,前端开发
3436,5,19,0,前端开发
3438,10,16,15,科研人员
3439,0,28,0,Java
3440,5,14,5,软件测试
3441,5,3,3,技术支持工程师
3442,5,18,23,实施工程师
3443,5,3,5,科研人员
3445,5,9,10,技术支持工程师
3446,5,3,0,科研人员
3447,0,6,7,技术支持工程师
3448,0,8,7,技术支持工程师
3449,0,14,0,硬件测试
3450,0,52,0,实施工程师
3452,5,21,0,Java
3453,0,6,0,C/C++
3454,5,18,3,实施工程师
3455,0,6,0,实施工程师
3456,7,63,0,前端开发
3457,0,29,5,Java
3458,0,6,0,科研人员
3459,0,20,0,Java
3460,0,9,0,C/C++
3461,5,9,15,科研人员
3463,5,6,5,科研人员
3464,7,17,5,技术支持工程师
3465,0,13,8,C/C++
3466,0,10,0,测试工程师
3467,0,6,0,Java
3468,5,23,5,C/C++
3471,0,54,0,Java
3472,5,6,0,科研人员
3473,0,5,0,C/C++
3474,2,13,15,C/C++
3475,5,12,10,Java
3476,5,25,5,实施工程师
3477,0,6,0,实施工程师
3478,0,9,0,科研人员
3479,0,54,0,Java
3481,5,73,13,Java
3482,5,21,0,Java
3483,7,14,10,实施工程师
3484,5,6,10,技术支持工程师
3485,5,3,7,实施工程师
3486,5,3,10,测试工程师
3487,5,17,3,Java
3488,0,20,10,Java
3489,5,26,10,软件测试
3490,0,15,0,前端开发
3492,0,6,10,测试工程师
3493,0,12,0,实施工程师
3494,5,0,0,科研人员
3495,0,34,0,Java
3496,5,6,0,测试工程师
3497,0,3,20,科研人员
3498,0,23,0,Java
3499,0,29,0,C/C++
3500,7,3,15,测试工程师
3501,0,9,0,Java
3502,2,8,10,软件测试
3503,0,3,0,测试工程师
3506,0,12,20,实施工程师
3509,5,3,0,技术支持工程师
3512,5,30,8,C/C++
3513,5,16,0,C/C++
3514,7,12,15,技术支持工程师
3515,5,3,0,测试工程师
3516,0,6,0,测试工程师
3519,5,6,0,测试工程师
3520,5,3,10,前端开发
3523,2,9,25,实施工程师
3524,5,9,12,技术支持工程师
3525,5,11,12,测试工程师
3526,5,63,0,Java
3527,5,34,13,测试工程师
3528,5,6,5,技术支持工程师
3530,5,17,0,科研人员
3531,0,9,0,测试工程师
3532,0,54,0,Java
3533,5,8,0,科研人员
3534,0,3,0,技术支持工程师
3535,0,9,0,硬件测试
3536,5,14,2,科研人员
3539,5,11,12,科研人员
3540,5,19,0,测试工程师
3543,0,45,0,实施工程师
3544,2,16,5,软件测试
3545,2,11,15,Java
3546,0,3,0,科研人员
3547,0,28,5,C/C++
3548,0,3,0,硬件测试
3550,5,14,5,软件测试
3552,5,0,0,实施工程师
3553,0,3,0,实施工程师
3554,5,6,0,软件测试
3555,5,71,10,Java
3556,5,30,0,测试工程师
3557,5,3,0,测试工程师
3559,5,11,7,软件测试
3560,5,8,5,科研人员
3561,0,14,10,实施工程师
3562,10,0,0,科研人员
3563,0,65,5,Java
3564,5,16,7,技术支持工程师
3565,0,15,0,前端开发
3566,7,9,7,技术支持工程师
3567,0,14,0,软件测试
3569,0,35,5,C/C++
3570,0,14,0,硬件测试
3571,0,3,0,科研人员
3572,5,35,27,前端开发
3573,5,26,0,C/C++
3574,5,26,0,C/C++
3575,0,9,0,前端开发
3576,0,6,0,实施工程师
3577,0,9,0,技术支持工程师
3579,0,38,10,前端开发
3581,0,8,0,技术支持工程师
3582,5,13,8,硬件测试
3583,5,6,10,技术支持工程师
3584,5,12,5,技术支持工程师
3585,0,11,27,实施工程师
3586,7,17,5,测试工程师
3587,5,3,0,测试工程师
3588,0,18,10,C/C++
3590,5,3,0,测试工程师
3591,0,3,7,技术支持工程师
3592,0,40,0,Java
3593,0,15,0,技术支持工程师
3594,5,24,0,C/C++
3596,5,8,3,实施工程师
3598,10,18,10,科研人员
3600,0,20,5,C/C++
3601,5,13,3,测试工程师
3602,0,28,5,C/C++
3603,5,23,5,实施工程师
3604,0,14,0,硬件测试
3605,5,19,0,软件测试
3607,5,12,0,技术支持工程师
3608,0,3,0,实施工程师
3609,5,19,3,硬件测试
3611,0,14,10,软件测试
3612,5,18,10,实施工程师
3613,5,14,0,软件测试
3614,5,3,10,技术支持工程师
3615,5,24,3,硬件测试
3616,0,9,0,技术支持工程师
3617,5,6,0,科研人员
3618,0,18,0,测试工程师
3620,5,64,10,软件测试
3621,5,19,0,软件测试
3622,7,11,5,技术支持工程师
3623,5,12,8,实施工程师
3625,5,6,8,实施工程师
3626,5,30,20,C/C++
3627,0,22,5,实施工程师
3630,0,8,5,测试工程师
3632,0,6,8,实施工程师
3633,5,0,0,技术支持工程师
3635,5,13,10,Java
3636,5,6,7,科研人员
3637,5,9,15,测试工程师
3638,0,6,0,测试工程师
3639,5,6,5,软件测试
3640,0,17,5,实施工程师
3641,0,14,0,测试工程师
3643,0,6,5,硬件测试
3644,5,14,0,软件测试
3646,5,0,0,技术支持工程师
3647,0,43,12,技术支持工程师
3648,7,28,0,C/C++
3649,5,6,5,科研人员
3650,5,38,0,Java
3653,5,6,10,硬件测试
3654,0,3,6,技术支持工程师
3655,0,17,5,C/C++
3656,7,3,5,技术支持工程师
3657,5,9,5,技术支持工程师
3658,5,20,8,Java
3659,0,3,0,实施工程师
3661,7,40,3,技术支持工程师
3662,5,11,0,测试工程师
3663,5,55,5,C/C++
3664,5,3,0,软件测试
3665,5,6,5,Java
3666,0,3,0,实施工程师
3667,5,53,11,Java
3668,5,5,7,科研人员
3669,0,15,0,测试工程师
3670,0,3,0,软件测试
3671,7,9,5,实施工程师
3672,0,18,8,实施工程师
3673,0,60,5,Java
3674,0,27,7,Java
3675,5,3,0,软件测试
3676,5,6,10,技术支持工程师
3677,5,6,10,科研人员
3678,0,43,10,前端开发
3679,0,44,0,Java
3680,0,44,0,Java
3681,5,19,3,软件测试
3682,0,29,0,前端开发
3683,0,29,2,Java
3684,5,37,0,C/C++
3685,5,9,0,软件测试
3686,5,9,5,技术支持工程师
3688,5,21,0,科研人员
3689,0,11,10,技术支持工程师
3690,5,26,0,C/C++
3691,5,14,5,测试工程师
3692,0,18,0,C/C++
3693,0,32,0,前端开发
3694,5,0,0,科研人员
3695,0,56,5,Java
3696,0,3,10,软件测试
3697,0,3,0,科研人员
3699,5,38,15,前端开发
3702,0,36,0,C/C++
3703,5,8,13,软件测试
3704,5,3,10,测试工程师
3705,2,14,5,实施工程师
3706,0,34,8,前端开发
3707,0,26,2,Java
3709,5,11,5,测试工程师
3710,5,14,17,测试工程师
3711,5,15,0,测试工程师
3712,0,6,0,实施工程师
3713,0,37,0,Java
3714,0,9,0,技术支持工程师
3715,5,6,13,实施工程师
3716,12,19,0,C/C++
3717,0,3,0,硬件测试
3718,5,12,12,科研人员
3719,5,6,0,测试工程师
3720,0,45,0,Java
3721,0,9,0,软件测试
3722,5,9,10,技术支持工程师
3723,0,18,0,实施工程师
3724,5,14,2,实施工程师
3725,0,44,0,Java
3726,5,9,7,测试工程师
3727,0,38,7,Java
3728,0,3,7,硬件测试
3729,0,9,0,C/C++
3731,5,9,7,科研人员
3732,0,56,7,Java
3733,5,20,10,C/C++
3734,0,37,0,Java
3735,5,9,15,测试工程师
3737,0,6,5,测试工程师
3739,5,19,5,Java
3741,0,14,10,软件测试
3744,0,9,0,C/C++
3746,5,6,0,科研人员
3747,0,9,0,实施工程师
3748,0,9,12,测试工程师
3749,0,3,0,硬件测试
3750,0,11,0,硬件测试
3751,0,14,0,硬件测试
3752,5,46,5,前端开发
3753,5,12,0,实施工程师
3754,0,52,10,C/C++
3755,0,9,0,实施工程师
3758,7,17,0,技术支持工程师
3759,5,37,10,软件测试
3761,5,3,0,科研人员
3762,5,0,0,科研人员
3763,5,11,20,实施工程师
3764,5,14,5,技术支持工程师
3765,5,24,10,C/C++
3766,5,0,0,软件测试
3768,0,57,0,Java
3769,0,14,10,实施工程师
3770,0,6,0,硬件测试
3771,0,31,0,Java
3772,0,19,0,C/C++
3776,5,9,10,硬件测试
3777,0,9,0,实施工程师
3778,5,3,8,技术支持工程师
3779,0,6,5,科研人员
3780,2,6,5,科研人员
3782,5,41,0,技术支持工程师
3783,0,41,5,前端开发
3786,0,6,5,测试工程师
3788,5,6,10,测试工程师
3789,5,9,5,技术支持工程师
3790,5,17,15,C/C++
3791,0,3,5,实施工程师
3792,0,20,0,Java
3793,0,43,0,前端开发
3794,5,6,3,科研人员
3795,0,9,0,科研人员
3796,5,6,9,技术支持工程师
3797,0,6,0,技术支持工程师
3798,0,16,0,软件测试
3799,10,0,0,Java
3800,5,3,22,科研人员
3801,5,34,3,软件测试
3802,5,0,4,测试工程师
3803,0,6,0,软件测试
3804,0,12,0,实施工程师
3806,0,14,17,测试工程师
3807,5,8,5,科研人员
3808,5,0,0,科研人员
3810,5,9,18,技术支持工程师
3814,0,14,0,硬件测试
3818,5,9,8,实施工程师
3819,0,9,0,技术支持工程师
3821,5,14,5,技术支持工程师
3822,0,0,7,技术支持工程师
3828,5,3,0,测试工程师
3833,7,6,0,测试工程师
3834,5,46,20,C/C++
3836,0,10,15,实施工程师
3839,10,6,8,科研人员
3842,0,3,0,技术支持工程师
3845,5,11,5,测试工程师
3846,5,3,0,测试工程师
3847,5,38,4,实施工程师
3849,0,14,3,软件测试
3850,5,11,0,科研人员
3851,5,29,10,C/C++
3852,5,30,0,Java
3855,0,14,0,Java
3858,5,3,0,软件测试
3859,0,6,0,Java
3860,5,6,0,实施工程师
3861,0,6,10,硬件测试
3864,5,3,0,科研人员
3867,0,9,0,测试工程师
3868,10,8,5,科研人员
3873,0,42,5,Java
3874,5,16,5,C/C++
3877,5,6,0,测试工程师
3878,0,35,0,Java
3879,5,24,2,C/C++
3880,5,3,10,C/C++
3881,5,0,0,科研人员
3883,5,30,5,C/C++
3887,5,14,0,软件测试
3891,5,3,0,软件测试
3894,0,6,0,软件测试
3895,5,9,5,技术支持工程师
3906,5,55,7,C/C++
3911,0,6,0,实施工程师
3913,0,18,0,Java
3915,0,14,0,硬件测试
3919,0,24,5,C/C++
3920,5,16,5,测试工程师
3924,5,46,12,实施工程师
3926,5,21,8,软件测试
3928,0,9,0,技术支持工程师
3930,10,6,10,技术支持工程师
3934,0,42,5,Java
3937,5,6,0,科研人员
3943,0,16,0,测试工程师
3945,5,3,2,科研人员
3948,5,30,20,C/C++
3950,0,12,0,实施工程师
3952,5,26,7,实施工程师
3954,5,3,0,硬件测试
3956,5,3,0,测试工程师
3957,0,11,8,科研人员
3959,5,66,20,Java
3963,7,6,5,技术支持工程师
3964,0,31,10,C/C++
3967,5,80,15,Java
3976,0,3,0,测试工程师
3982,0,29,5,前端开发
3983,5,9,8,实施工程师
3986,0,3,5,技术支持工程师
3987,0,45,0,Java
3989,5,34,5,C/C++
3990,7,32,0,前端开发
3991,0,22,3,前端开发
3995,5,32,20,软件测试
3996,15,11,15,硬件测试
3997,5,3,0,软件测试
3998,5,16,15,Java
4000,7,56,5,Java
4002,5,12,10,技术支持工程师
4004,5,62,0,实施工程师
4008,5,24,3,硬件测试
4012,0,44,0,Java
4013,5,6,0,实施工程师
4014,5,74,0,前端开发
4015,0,11,0,测试工程师
4016,0,3,9,技术支持工程师
4018,5,3,0,测试工程师
4030,5,3,0,测试工程师
4033,0,9,8,硬件测试
4036,0,19,10,硬件测试
4037,0,0,5,技术支持工程师
4038,10,3,5,实施工程师
4039,15,3,5,科研人员
4041,10,3,2,科研人员
4043,0,3,0,测试工程师
4046,5,48,15,前端开发
4051,0,22,3,前端开发
4052,0,26,15,Java
4053,0,3,0,硬件测试
4055,5,3,0,测试工程师
4057,5,3,0,科研人员
4058,5,6,5,硬件测试
4059,5,3,0,科研人员
4060,5,35,0,Java
4064,0,6,0,软件测试
4067,5,3,3,科研人员
4068,5,9,14,测试工程师
4069,5,31,15,科研人员
4073,5,19,10,Java
4074,5,28,0,Java
4076,0,38,5,C/C++
4078,0,13,0,C/C++
4081,10,6,10,实施工程师
4085,0,9,0,技术支持工程师
4086,0,33,5,Java
4088,5,11,5,测试工程师
4090,2,12,0,C/C++
4092,0,14,5,测试工程师
4094,7,6,0,软件测试
4095,0,21,8,技术支持工程师
4105,0,3,0,实施工程师
4116,0,16,0,软件测试
4117,5,3,0,软件测试
4120,5,3,0,软件测试
4122,5,3,0,软件测试
4124,0,9,0,实施工程师
4125,0,3,0,技术支持工程师
4126,5,9,15,硬件测试
4128,5,3,5,科研人员
4130,5,3,0,技术支持工程师
4133,5,3,0,科研人员
4136,5,17,5,C/C++
4137,5,26,0,C/C++
4139,5,11,20,实施工程师
4145,5,23,12,技术支持工程师
4147,5,8,5,科研人员
4149,0,43,0,Java
4150,5,3,0,测试工程师
4151,15,3,5,科研人员
4153,0,36,0,C/C++
4154,0,14,0,硬件测试
4157,0,12,0,前端开发
4158,0,26,0,C/C++
4159,5,9,8,实施工程师
4167,5,6,0,科研人员
4168,5,26,15,实施工程师
4170,5,3,0,测试工程师
4171,5,18,0,科研人员
4174,5,0,0,科研人员
4175,0,33,3,C/C++
4176,0,6,0,测试工程师
4178,10,9,2,科研人员
4185,0,16,0,测试工程师
4186,5,22,0,C/C++
4188,0,54,0,Java
4190,0,15,0,测试工程师
4193,5,14,0,软件测试
4196,0,6,0,技术支持工程师
4197,5,6,5,技术支持工程师
4199,5,3,0,测试工程师
4205,5,30,7,C/C++
4206,5,15,2,科研人员
4207,5,0,0,科研人员
4208,0,19,10,软件测试
4210,5,24,10,C/C++
4212,5,30,5,Java
4213,5,9,8,技术支持工程师
4217,10,3,10,科研人员
4219,0,9,0,技术支持工程师
4220,5,42,10,C/C++
4221,0,19,10,软件测试
4224,0,3,0,硬件测试
4225,0,9,0,技术支持工程师
4233,5,17,10,科研人员
4235,2,3,15,软件测试
4237,5,19,0,软件测试
4241,5,14,15,技术支持工程师
4243,5,51,8,前端开发
4244,0,11,5,硬件测试
4252,5,21,14,实施工程师
4253,5,42,7,C/C++
4256,0,14,0,硬件测试
4257,0,16,0,测试工程师
4258,0,26,0,Java
4261,5,40,15,Java
4263,5,0,15,技术支持工程师
4265,0,9,0,C/C++
4266,5,3,0,软件测试
4269,0,35,0,Java
4271,5,17,0,实施工程师
4274,0,22,3,前端开发
4275,5,51,0,Java
4276,5,3,0,测试工程师
4277,5,33,0,Java
4280,10,47,0,C/C++
4282,7,9,10,技术支持工程师
4286,5,21,0,Java
4288,0,25,5,前端开发
4289,5,13,0,C/C++
4290,2,18,3,实施工程师
4291,5,9,0,科研人员
4292,0,9,3,前端开发
4293,0,6,0,测试工程师
4295,5,9,10,硬件测试
4297,10,21,5,实施工程师
4298,0,24,0,C/C++
4302,5,3,0,测试工程师
4303,0,15,0,Java
4308,0,16,0,测试工程师
4309,0,6,0,Java
4310,5,38,0,C/C++
4311,0,6,0,C/C++
4312,5,28,15,C/C++
4313,5,23,24,实施工程师
4314,0,57,0,Java
4315,5,64,22,C/C++
4318,0,6,0,测试工程师
4320,5,15,0,硬件测试
4322,5,6,0,实施工程师
4323,5,53,11,Java
4324,5,6,18,科研人员
4325,5,31,15,科研人员
4327,0,27,10,C/C++
4329,5,12,12,科研人员
4332,0,29,25,测试工程师
4333,5,28,0,Java
4335,5,11,5,测试工程师
4336,5,6,0,前端开发
4338,5,27,0,测试工程师
4340,0,9,0,实施工程师
4343,0,16,0,软件测试
4344,0,9,0,实施工程师
4346,5,20,5,硬件测试
4347,5,12,0,技术支持工程师
4349,5,24,5,前端开发
4350,0,14,0,硬件测试
4351,0,31,10,软件测试
4353,5,3,5,软件测试
4357,5,12,5,Java
4361,5,27,18,C/C++
4362,0,9,0,实施工程师
4365,0,9,0,技术支持工程师
4366,5,3,0,软件测试
4368,0,42,3,前端开发
4369,0,5,5,C/C++
4373,5,11,0,科研人员
4376,0,9,0,技术支持工程师
4378,0,17,7,实施工程师
4380,7,18,0,硬件测试
4382,5,24,10,C/C++
4383,7,9,15,实施工程师
4386,5,15,0,实施工程师
4387,5,17,0,硬件测试
4390,5,41,0,实施工程师
4391,5,37,20,前端开发
4392,5,9,9,技术支持工程师
4393,5,26,10,技术支持工程师
4394,0,14,0,硬件测试
4400,5,3,0,技术支持工程师
4402,7,9,10,技术支持工程师
4403,0,6,0,实施工程师
4405,7,123,27,Java
4408,5,6,5,实施工程师
4409,0,16,0,测试工程师
4414,5,3,17,科研人员
4416,0,15,0,前端开发
4419,5,3,5,测试工程师
4423,5,14,0,测试工程师
4424,0,16,0,测试工程师
4429,0,27,0,Java
4432,0,3,0,硬件测试
4434,0,6,0,软件测试
4436,0,3,0,测试工程师
4437,5,8,12,C/C++
4442,0,9,0,软件测试
4443,0,3,0,硬件测试
4444,0,14,0,硬件测试
4447,22,0,5,科研人员
4449,0,37,0,C/C++
4451,0,5,0,Java
4452,5,3,10,技术支持工程师
4453,5,41,3,C/C++
4455,5,3,19,技术支持工程师
4459,0,0,5,实施工程师
4460,5,16,8,硬件测试
4461,0,6,0,实施工程师
4465,0,6,0,测试工程师
4468,0,25,5,前端开发
4470,5,6,10,硬件测试
4471,5,3,10,硬件测试
4475,5,39,3,实施工程师
4480,10,14,5,科研人员
4482,0,30,3,前端开发
4484,10,3,0,科研人员
4488,5,32,10,Java
4489,0,6,5,硬件测试
4491,0,6,0,销售运营
4492,5,3,8,质量管理/测试
4493,0,3,5,总助/CEO助理/董事长助理
4494,0,3,0,质检员
4495,5,11,10,运营助理/专员
4497,10,6,0,网络销售
4498,5,0,20,律师助理
4500,0,0,10,APP推广
4504,0,3,0,运营助理/专员
4505,0,0,24,律师
4507,5,0,8,储备经理人
4515,0,8,7,广告销售
4517,5,0,10,资料管理
4518,0,3,0,项目专员/助理
4519,5,8,10,统计员
4520,7,6,10,风电工程师
4521,7,3,0,风电工程师
4523,0,3,7,游戏推广
4524,5,0,0,档案管理
4529,0,3,10,电话客服
4530,5,0,15,统计员
4531,10,3,0,销售工程师
4532,2,3,10,档案管理
4534,5,6,5,储备经理人
4537,5,3,8,统计员
4542,5,5,12,招聘专员/助理
4543,5,6,15,BD经理
4544,0,9,7,猎头顾问
4545,5,6,14,项目经理/主管
4549,0,3,0,游戏推广
4552,5,11,17,BD经理
4558,0,3,0,培训师
4559,0,0,5,售后客服
4565,7,3,10,质检员
4566,5,6,8,销售工程师
4567,0,8,0,储备经理人
4569,10,9,0,储备干部
4570,7,3,0,电话销售
4571,5,6,0,资料管理
4572,5,0,0,培训师
4576,0,3,0,储备干部
4582,0,3,7,游戏推广
4593,0,6,0,统计员
4595,5,3,13,管培生/储备干部
4596,5,3,2,培训师
4600,10,0,5,管培生/储备干部
4601,7,3,12,广告销售
4602,0,3,0,社区运营
4603,0,0,3,游戏运营
4613,5,5,8,律师助理
4616,0,3,0,网络客服
4622,0,3,5,运营助理/专员
4623,0,3,0,电话销售
4624,0,3,0,总助/CEO助理/董事长助理
4630,7,6,7,销售工程师
4631,0,3,0,内容审核
4633,5,0,7,律师
4635,0,3,0,总助/CEO助理/董事长助理
4641,5,9,0,储备经理人
4643,0,3,7,游戏推广
4647,0,6,8,销售运营
4651,0,3,0,APP推广
4656,5,3,6,猎头顾问
4659,0,0,10,APP推广
4660,0,9,7,猎头顾问
4663,5,3,20,法务专员/助理
4664,0,3,2,总助/CEO助理/董事长助理
4668,0,3,0,广告销售
4673,5,12,17,产品专员/助理
4674,5,6,9,内容审核
4675,0,9,0,BD经理
4677,5,3,12,知识产权/专利代理
4678,0,3,0,游戏运营
4679,5,3,23,电话销售
4683,5,3,7,BD经理
4688,5,3,0,游戏运营
4693,5,3,8,培训师
4694,7,0,5,管培生/储备干部
4698,0,3,0,项目经理/主管
4700,0,3,0,网络客服
4701,0,3,0,资料管理
4704,0,9,0,项目经理/主管
4705,5,0,5,储备干部
4708,0,3,0,律师助理
4709,4,3,0,风电工程师
4716,0,6,13,资料管理
4717,0,6,14,销售运营
4719,0,3,5,广告销售
4721,0,0,10,知识产权/专利代理
4729,0,6,0,BD经理
4731,5,8,4,销售运营
4737,5,3,0,销售工程师
4738,12,12,17,项目经理/主管
4742,0,3,8,大客户代表
4743,5,6,0,总助/CEO助理/董事长助理
4752,12,12,17,项目经理/主管
4755,5,0,10,内容审核
4757,0,6,20,猎头顾问
4758,5,12,27,管培生/储备干部
4762,0,3,10,招聘专员/助理
4764,0,3,5,售后客服
4766,0,38,10,项目专员/助理
4767,10,3,9,律师助理
4771,5,0,0,法务专员/助理
4772,5,3,0,游戏运营
4773,15,6,0,培训师
4776,0,3,0,网络销售
4777,0,6,0,猎头顾问
4781,0,3,0,广告销售
4783,5,0,3,律师
4785,0,6,0,培训师
4788,5,0,3,总助/CEO助理/董事长助理
4789,5,6,0,管培生/储备干部
4790,9,3,5,风电工程师
4799,5,3,0,储备经理人
4801,5,8,7,广告销售
4805,5,6,7,项目专员/助理
4806,5,0,10,网络销售
4809,5,3,7,商务专员
4811,5,17,10,项目专员/助理
4812,9,3,0,风电工程师
4814,0,6,15,销售助理
4815,0,3,0,招聘专员/助理
4818,0,3,5,咨询顾问
4819,5,0,0,内容审核
4820,0,0,7,统计员
4821,0,0,10,资料管理
4825,0,3,5,统计员
4826,5,9,15,培训师
4827,5,0,0,广告销售
4834,0,0,14,质量管理/测试
4840,10,0,0,质量管理/测试
4845,0,8,20,BD经理
4847,0,3,0,销售助理
4850,0,3,5,档案管理
4856,10,0,5,项目专员/助理
4857,5,0,7,律师
4868,5,3,10,内容审核
4870,5,3,5,游戏运营
4877,0,3,0,网络客服
4880,0,3,0,内容审核
4881,5,6,15,储备干部
4882,0,3,0,网络销售
4891,0,3,0,售后客服
4892,0,5,15,销售运营
4894,2,3,5,电话销售
4895,5,0,15,网络客服
4898,0,3,0,游戏运营
4899,0,3,0,培训师
4900,5,0,10,销售助理
4901,0,3,0,社区运营
4902,0,9,8,招聘专员/助理
4905,5,8,3,项目专员/助理
4906,0,3,0,猎头顾问
4908,0,3,13,电话销售
4909,5,0,5,项目招投标
4911,5,3,0,网络销售
4915,0,0,5,网络客服
4916,0,6,0,项目专员/助理
4918,5,0,0,电话销售
4920,0,3,0,培训师
4922,5,0,13,英语翻译
4926,0,6,18,法务专员/助理
4927,0,12,5,质量管理/测试
4936,5,3,0,知识产权/专利代理
4937,7,0,8,游戏运营
4938,2,3,0,销售运营
4940,10,0,10,总助/CEO助理/董事长助理
4942,5,12,17,产品专员/助理
4943,5,14,2,产品专员/助理
4945,0,3,0,招聘专员/助理
4946,0,11,5,销售运营
4956,0,0,5,英语翻译
4962,10,12,24,咨询顾问
4963,5,0,13,法务专员/助理
4969,0,0,12,游戏运营
4971,0,8,3,广告销售
4973,5,6,5,知识产权/专利代理
4974,0,3,0,销售工程师
4977,0,3,5,网络销售
4978,5,0,0,网络客服
4980,5,0,0,管培生/储备干部
4982,0,3,0,内容审核
4986,0,0,10,销售助理
4994,0,3,0,社区运营
4996,0,3,0,商务专员
4999,5,9,15,销售工程师
5001,0,11,5,售后客服
5004,5,3,0,BD经理
5005,5,5,10,律师
5010,0,3,10,招聘专员/助理
5013,0,3,15,档案管理
5014,0,6,0,BD经理
5015,0,3,7,管培生/储备干部
5017,7,6,10,内容审核
5019,5,0,8,游戏运营
5022,12,9,12,储备经理人
5028,5,3,5,管培生/储备干部
5029,5,0,0,储备经理人
5032,0,6,0,储备干部
5034,5,3,10,法务专员/助理
5036,5,3,3,储备经理人
5038,0,6,10,管培生/储备干部
5041,0,0,20,广告销售
5043,0,3,10,律师助理
5044,5,0,5,商务专员
5045,5,0,5,知识产权/专利代理
5048,0,3,12,销售工程师
5049,5,3,13,管培生/储备干部
5050,0,3,5,网络客服
5052,10,3,0,售后客服
5053,5,0,10,内容审核
5054,0,6,0,商务专员
5058,5,0,25,法务专员/助理
5061,5,0,5,律师助理
5070,5,3,14,产品专员/助理
5072,0,6,10,电话销售
5074,0,3,0,销售助理
5083,7,12,8,管培生/储备干部
5085,10,6,10,法务专员/助理
5090,5,0,10,律师助理
5093,5,0,0,管培生/储备干部
5095,5,12,0,销售工程师
5100,0,3,0,销售运营
5102,5,3,2,项目专员/助理
5108,5,3,22,猎头顾问
5109,0,0,17,网络客服
5111,5,0,5,档案管理
5114,0,3,0,档案管理
5115,7,6,5,管培生/储备干部
5116,5,0,10,知识产权/专利代理
5120,5,6,0,BD经理
5121,5,0,10,律师助理
5125,5,0,22,统计员
5127,0,8,15,BD经理
5129,5,0,0,律师助理
5130,5,6,5,大客户代表
5131,0,6,0,销售工程师
5132,2,0,15,销售运营
5133,0,3,0,储备干部
5137,5,14,0,英语翻译
5138,5,6,9,管培生/储备干部
5141,2,3,0,风电工程师
5142,5,0,10,法务专员/助理
5144,0,0,5,总助/CEO助理/董事长助理
5146,7,3,0,总助/CEO助理/董事长助理
5150,0,3,12,社区运营
5153,2,3,5,日语翻译
5158,5,5,0,培训师
5161,0,3,0,电话销售
5170,5,0,0,储备干部
5173,7,3,0,售后客服
5178,0,3,5,商务专员
5179,0,0,5,律师
5180,5,3,15,大客户代表
5186,5,0,10,内容审核
5194,5,3,0,质量管理/测试
5197,7,0,15,运营助理/专员
5200,5,3,15,项目专员/助理
5207,0,6,3,咨询顾问
5208,5,3,0,咨询顾问
5209,5,0,15,统计员
5212,5,0,0,储备经理人
5213,5,9,8,BD经理
5224,0,3,0,APP推广
5227,0,6,0,网络销售
5238,5,0,5,项目招投标
5241,5,6,0,商务专员
5246,5,0,0,英语翻译
5248,5,6,5,销售助理
5254,0,3,0,销售运营
5255,0,3,10,统计员
5259,5,0,3,销售助理
5261,5,0,5,法务专员/助理
5267,0,3,0,项目招投标
5268,5,0,0,储备干部
5269,5,3,8,运营助理/专员
5270,5,6,15,网络销售
5273,5,9,16,储备干部
5278,0,0,20,运营助理/专员
5279,0,6,10,运营助理/专员
5281,5,3,0,招聘专员/助理
5284,0,3,0,法务专员/助理
5285,0,6,3,运营助理/专员
5287,5,0,20,项目招投标
5290,12,3,0,网络客服
5294,12,0,12,英语翻译
5295,5,8,7,商务专员
5298,0,0,17,律师
5300,0,0,13,档案管理
5301,0,6,7,广告销售
5302,7,3,0,风电工程师
5303,10,3,5,储备经理人
5314,0,3,7,游戏推广
5318,0,0,20,内容审核
5319,0,0,8,资料管理
5320,0,6,10,运营助理/专员
5321,0,9,10,销售运营
5322,0,0,10,内容审核
5323,5,0,8,律师助理
5327,5,0,7,项目招投标
5328,0,3,0,网络销售
5339,0,0,3,律师
5345,5,0,0,总助/CEO助理/董事长助理
5347,0,3,0,统计员
5349,5,0,13,培训师
5350,5,8,7,法务专员/助理
5354,0,9,5,广告销售
5357,0,0,17,律师助理
5358,5,0,22,律师助理
5362,5,3,2,储备干部
5365,5,8,5,律师
5372,10,0,2,总助/CEO助理/董事长助理
5373,5,3,0,运营助理/专员
5375,0,6,15,大客户代表
5383,5,6,0,电话客服
5387,5,6,13,游戏运营
5389,5,6,15,咨询顾问
5390,5,8,7,统计员
5392,0,6,5,商务专员
5395,5,0,0,质量管理/测试
5396,5,0,0,律师助理
5402,0,3,0,电话客服
5406,5,2,0,英语翻译
5412,10,6,7,广告销售
5419,0,14,17,项目专员/助理
5422,0,9,3,储备经理人
5423,5,6,3,电话销售
5429,5,0,13,BD经理
5434,5,14,5,广告销售
5440,5,3,17,内容审核
5447,5,0,16,英语翻译
5448,0,0,15,资料管理
5452,0,6,0,游戏运营
5453,5,3,8,售后客服
5456,0,6,0,社区运营
5460,5,3,10,商务专员
5461,2,6,5,BD经理
5469,0,6,0,电话销售
5482,5,0,5,律师助理
5486,0,3,0,总助/CEO助理/董事长助理
5487,0,3,5,电话客服
5488,0,8,0,项目经理/主管
5489,11,3,0,风电工程师
5493,5,9,5,质量管理/测试
5494,0,19,5,法务专员/助理
5496,5,14,7,电话销售
5498,0,3,0,统计员
5499,0,3,0,售后客服
5502,12,3,0,网络销售
5505,5,3,0,猎头顾问
5506,5,9,18,储备干部
5508,7,3,10,英语翻译
5510,5,0,0,档案管理
5511,5,6,0,知识产权/专利代理
5513,5,6,9,内容审核
5518,5,0,0,电话销售
5521,5,6,10,BD经理
5522,0,3,0,质量管理/测试
5523,0,3,5,销售运营
5524,2,9,0,储备干部
5525,5,0,0,售后客服
5526,0,6,0,BD经理
5528,5,3,10,质量管理/测试
5535,5,0,11,猎头顾问
5536,5,3,10,电话销售
5540,5,3,5,售后客服
5541,0,0,10,律师
5542,0,5,5,日语翻译
5546,0,8,15,社区运营
5547,0,6,10,猎头顾问
5549,0,3,8,售后客服
5552,5,3,10,广告销售
5553,5,6,0,日语翻译
5556,0,0,8,项目专员/助理
5560,0,3,0,游戏推广
5561,7,5,12,游戏运营
5563,5,5,18,法务专员/助理
5565,0,9,7,猎头顾问
5566,5,6,12,知识产权/专利代理
5570,5,3,0,总助/CEO助理/董事长助理
5572,0,3,0,社区运营
5574,5,0,0,管培生/储备干部
5576,0,0,12,游戏运营
5578,5,3,7,产品专员/助理
5579,5,3,7,储备干部
5580,0,6,0,电话销售
5582,0,9,5,法务专员/助理
5586,0,3,0,储备经理人
5590,0,3,10,质检员
5593,10,9,0,质量管理/测试
5595,0,3,3,总助/CEO助理/董事长助理
5596,0,3,0,风电工程师
5599,12,9,12,储备经理人
5601,5,0,5,律师助理
5604,5,6,2,售后客服
5605,7,6,12,储备经理人
5606,5,3,0,网络客服
5609,5,3,12,英语翻译
5610,2,3,13,大客户代表
5611,5,9,10,运营助理/专员
5612,0,3,0,管培生/储备干部
5614,0,3,0,电话销售
5615,10,6,7,储备经理人
5617,0,3,0,游戏推广
5619,5,0,5,统计员
5624,0,11,18,项目专员/助理
5625,5,17,0,运营助理/专员
5626,0,9,10,质量管理/测试
5628,5,3,0,运营助理/专员
5630,0,8,5,档案管理
5631,0,3,20,大客户代表
5636,5,6,5,培训师
5638,5,3,13,储备经理人
5647,5,5,0,英语翻译
5648,5,6,10,大客户代表
5649,0,3,8,网络销售
5653,7,3,8,游戏运营
5660,0,3,10,日语翻译
5662,5,0,12,商务专员
5666,5,0,0,日语翻译
5668,0,3,0,质量管理/测试
5673,7,0,0,销售运营
5676,0,3,10,网络客服
5677,2,3,0,储备干部
5678,5,6,5,大客户代表
5682,5,9,10,储备经理人
5683,2,6,7,项目专员/助理
5684,5,14,0,资料管理
5687,0,0,17,BD经理
5690,5,6,0,广告销售
5696,7,3,0,法务专员/助理
5697,0,3,0,储备经理人
5698,0,6,0,电话销售
5700,5,6,0,招聘专员/助理
5705,5,3,10,招聘专员/助理
5708,5,3,25,律师助理
5709,0,0,8,档案管理
5711,5,14,15,咨询顾问
5713,7,3,0,管培生/储备干部
5722,5,6,10,招聘专员/助理
5725,0,3,0,招聘专员/助理
5732,5,6,10,大客户代表
5733,7,3,10,风电工程师
5737,0,6,0,项目专员/助理
5738,0,3,15,项目专员/助理
5739,5,0,10,法务专员/助理
5745,9,3,22,管培生/储备干部
5747,5,0,3,法务专员/助理
5750,0,3,0,社区运营
5753,0,3,0,总助/CEO助理/董事长助理
5758,5,5,20,日语翻译
5759,5,6,10,销售工程师
5765,2,9,10,广告销售
5766,5,6,17,售后客服
5767,17,3,9,知识产权/专利代理
5771,5,8,5,律师助理
5775,0,6,0,咨询顾问
5776,0,3,0,储备经理人
5782,2,3,5,产品专员/助理
5783,7,0,15,销售运营
5786,5,3,15,大客户代表
5787,5,0,10,培训师
5796,7,3,15,储备经理人
5797,5,0,10,咨询顾问
5798,0,6,10,电话销售
5800,0,6,10,销售运营
5801,10,3,0,项目经理/主管
5805,5,12,7,项目经理/主管
5812,0,9,10,网络销售
5813,5,6,0,产品专员/助理
5815,0,0,8,档案管理
5816,5,0,20,广告销售
5821,5,0,10,律师助理
5822,7,3,0,风电工程师
5829,0,6,5,电话销售
5830,5,3,8,律师
5831,0,3,0,日语翻译
5835,0,3,0,社区运营
5836,5,3,24,总助/CEO助理/董事长助理
5838,5,6,15,猎头顾问
5841,0,3,0,内容审核
5843,7,0,0,质检员
5845,0,0,15,律师助理
5846,5,6,12,储备干部
5847,2,3,0,风电工程师
5848,0,0,18,律师助理
5851,5,3,0,销售工程师
5853,5,3,0,储备干部
5854,10,0,13,律师
5857,5,3,0,英语翻译
5858,0,3,13,网络客服
5859,0,3,0,储备经理人
5865,5,0,5,质检员
5867,0,0,10,猎头顾问
5869,10,3,10,管培生/储备干部
5871,5,0,5,总助/CEO助理/董事长助理
5881,5,6,7,电话销售
5882,5,0,0,储备干部
5883,5,0,5,猎头顾问
5886,5,12,3,产品专员/助理
5888,5,3,17,产品专员/助理
5889,7,3,12,律师助理
5891,5,8,10,储备经理人
5893,2,3,0,风电工程师
5894,0,3,7,游戏推广
5897,5,0,2,律师助理
5899,5,0,19,总助/CEO助理/董事长助理
5903,0,3,0,销售工程师
5907,5,3,0,总助/CEO助理/董事长助理
5908,5,0,0,运营助理/专员
5912,2,9,3,游戏运营
5914,0,6,12,销售助理
5916,5,0,0,销售助理
5917,2,6,0,电话销售
5923,7,0,0,广告销售
5924,0,3,5,档案管理
5925,5,3,0,储备干部
5927,0,3,12,项目专员/助理
5928,5,0,2,律师助理
5929,0,14,17,项目专员/助理
5934,5,3,15,大客户代表
5936,5,6,0,BD经理
5938,0,3,8,知识产权/专利代理
5939,5,0,0,统计员
5954,7,3,0,管培生/储备干部
5959,0,3,5,总助/CEO助理/董事长助理
5966,5,6,10,售后客服
5967,5,5,18,律师助理
5972,0,0,7,统计员
5976,5,6,0,风电工程师
5978,5,0,10,质检员
5979,5,8,5,项目经理/主管
5982,0,3,0,风电工程师
5984,5,0,13,广告销售
5988,5,3,5,律师
5989,0,11,10,销售助理
5995,5,15,22,英语翻译
5996,0,3,0,商务专员
5999,5,0,0,培训师
6003,5,3,0,社区运营
6007,0,6,5,总助/CEO助理/董事长助理
6008,5,0,18,知识产权/专利代理
6011,5,0,0,网络客服
6015,0,3,7,游戏推广
6017,0,5,15,运营助理/专员
6019,0,6,0,项目专员/助理
6020,0,3,0,游戏推广
6022,5,8,5,英语翻译
6026,0,9,5,销售工程师
6027,0,3,0,游戏推广
6028,10,3,0,质检员
6031,5,0,12,储备经理人
6032,0,3,0,项目专员/助理
6034,5,3,10,商务专员
6036,0,0,12,运营助理/专员
6038,5,11,17,咨询顾问
6039,5,0,0,猎头顾问
6042,7,3,0,风电工程师
6046,5,0,13,律师
6047,9,8,0,商务专员
6050,4,3,0,风电工程师
6055,0,3,0,储备经理人
6061,5,6,0,网络销售
6062,0,0,13,律师
6063,5,3,0,BD经理
6069,0,3,0,运营助理/专员
6071,0,6,0,销售运营
6073,0,5,10,招聘专员/助理
6077,0,3,5,项目专员/助理
6078,12,0,0,质检员
6082,5,9,14,产品专员/助理
6083,2,3,2,档案管理
6084,0,0,5,总助/CEO助理/董事长助理
6085,5,0,19,售后客服
6086,0,3,0,运营助理/专员
6090,5,0,8,知识产权/专利代理
6095,0,6,0,电话客服
6096,0,0,17,电话销售
6098,0,6,0,档案管理
6100,5,0,5,网络客服
6101,5,3,5,电话客服
6103,0,6,8,售后客服
6106,5,3,5,猎头顾问
6107,2,6,8,日语翻译
6108,5,6,0,储备经理人
6110,0,6,0,运营助理/专员
6112,5,0,10,律师助理
6114,0,9,10,网络销售
6119,7,0,0,广告销售
6120,5,3,12,项目专员/助理
6124,5,6,10,储备经理人
6131,7,3,0,风电工程师
6138,5,0,10,统计员
6140,5,5,18,统计员
6149,0,9,0,档案管理
6151,0,6,0,储备经理人
6155,2,3,0,资料管理
6156,5,0,15,电话客服
6163,0,9,17,商务专员
6164,0,9,7,猎头顾问
6166,5,0,15,统计员
6170,5,3,0,英语翻译
6171,0,3,0,销售助理
6172,5,0,0,风电工程师
6173,0,8,10,项目经理/主管
6177,0,9,7,咨询顾问
6178,0,3,15,销售助理
6183,5,6,8,社区运营
6184,5,3,10,售后客服
6186,0,3,5,律师
6188,5,8,4,质检员
6189,0,3,19,商务专员
6190,0,3,7,电话客服
6191,2,3,0,猎头顾问
6192,5,3,0,内容审核
6203,2,3,15,质检员
6207,5,0,5,内容审核
6209,5,6,12,资料管理
6221,5,6,7,档案管理
6222,0,6,5,大客户代表
6225,5,3,7,BD经理
6226,0,3,0,社区运营
6228,5,0,10,总助/CEO助理/董事长助理
6230,10,3,0,BD经理
6232,5,9,12,网络销售
6236,10,3,0,质检员
6241,2,6,3,商务专员
6243,2,9,10,商务专员
6248,5,3,30,资料管理
6249,5,0,0,律师助理
6252,9,3,0,风电工程师
6254,0,6,5,社区运营
6260,5,0,0,律师助理
6262,0,3,12,英语翻译
6266,5,3,0,英语翻译
6268,5,0,8,销售助理
6269,0,9,8,游戏运营
6273,0,0,13,统计员
6274,0,5,3,日语翻译
6277,0,3,12,销售运营
6278,5,9,0,广告销售
6282,0,3,7,日语翻译
6283,0,3,0,APP推广
6289,4,3,0,风电工程师
6290,5,0,10,储备干部
6292,10,0,17,律师助理
6294,2,0,5,统计员
6298,0,0,10,律师助理
6299,5,6,5,管培生/储备干部
6300,0,0,15,项目专员/助理
6302,0,3,12,销售运营
6306,5,6,12,档案管理
6307,0,3,0,游戏运营
6308,9,3,5,风电工程师
6312,2,0,5,统计员
6313,5,0,0,英语翻译
6314,0,3,20,售后客服
6316,5,8,7,商务专员
6323,0,9,10,BD经理
6325,0,5,18,网络客服
6327,0,6,0,储备干部
6329,5,0,0,法务专员/助理
6331,5,0,15,统计员
6337,5,0,3,内容审核
6338,5,0,22,广告销售
6339,0,3,10,招聘专员/助理
6340,5,0,12,销售助理
6341,0,3,5,网络销售
6343,0,6,8,项目专员/助理
6347,0,9,7,猎头顾问
6351,5,6,0,大客户代表
6354,7,9,15,猎头顾问
6358,5,3,10,法务专员/助理
6362,0,0,5,资料管理
6363,0,0,18,律师
6368,5,0,0,资料管理
6369,0,11,5,项目专员/助理
6376,5,0,6,项目招投标
6379,5,3,10,档案管理
6381,7,9,0,BD经理
6383,5,9,8,培训师
6388,5,3,15,储备经理人
6389,5,11,17,销售工程师
6390,5,3,17,产品专员/助理
6391,0,0,17,电话客服
6392,5,11,17,销售工程师
6394,10,0,0,法务专员/助理
6399,5,0,6,售后客服
6403,0,3,9,招聘专员/助理
6405,0,3,0,培训师
6408,0,3,10,质检员
6416,5,0,13,电话销售
6427,10,6,8,储备干部
6429,5,6,8,总助/CEO助理/董事长助理
6434,7,8,10,培训师
6436,0,12,0,质量管理/测试
6441,2,6,5,销售助理
6442,0,6,0,质量管理/测试
6445,0,3,8,商务专员
6446,0,3,0,储备经理人
6447,0,5,7,日语翻译
6450,5,3,5,知识产权/专利代理
6451,0,3,0,招聘专员/助理
6453,5,6,8,法务专员/助理
6455,7,0,0,游戏运营
6456,0,3,0,游戏推广
6459,0,9,0,售后客服
6463,5,0,10,项目专员/助理
6465,7,3,0,风电工程师
6466,5,11,5,管培生/储备干部
6467,5,3,3,培训师
6468,2,9,7,项目经理/主管
6469,5,0,17,游戏运营
6470,0,3,0,社区运营
6475,0,6,7,律师助理
6483,7,3,0,运营助理/专员
6484,0,3,0,法务专员/助理
6485,5,6,0,网络销售
6486,0,12,5,游戏运营
6487,5,3,3,统计员
6488,5,9,0,售后客服
6489,5,6,5,销售助理
6492,5,3,15,运营助理/专员
6494,5,3,10,储备干部
6497,0,0,18,项目招投标
6501,5,3,10,档案管理
6503,5,0,15,销售运营
6504,0,0,5,APP推广
6509,0,3,0,APP推广
6513,5,0,12,统计员
6517,0,6,12,咨询顾问
6519,4,3,10,电话客服
6520,5,8,5,储备干部
6525,2,3,5,广告销售
6530,5,11,2,资料管理
6531,5,3,5,统计员
6533,7,9,0,商务专员
6538,2,3,10,培训师
6539,0,6,0,售后客服
6541,7,0,15,管培生/储备干部
6548,0,3,18,招聘专员/助理
6550,5,0,17,咨询顾问
6551,5,14,0,资料管理
6552,5,0,15,项目专员/助理
6553,0,9,0,项目专员/助理
6554,5,3,12,售后客服
6562,0,3,0,APP推广
6563,5,0,0,质量管理/测试
6565,0,6,13,大客户代表
6567,0,3,15,产品专员/助理
6569,0,0,5,电话客服
6573,5,6,10,总助/CEO助理/董事长助理
6581,5,0,8,律师
6584,2,3,20,销售运营
6586,5,0,20,律师助理
6591,10,0,5,广告销售
6592,0,6,5,咨询顾问
6593,0,3,0,售后客服
6596,5,2,0,英语翻译
6598,5,0,2,项目专员/助理
6599,5,0,3,电话销售
6600,0,3,7,游戏推广
6602,5,6,10,储备经理人
6608,5,0,0,网络客服
6610,5,0,17,档案管理
6612,5,3,15,销售助理
6613,0,6,10,运营助理/专员
6618,10,0,5,游戏运营
6619,5,0,5,销售助理
6623,2,5,10,网络销售
6627,5,6,2,日语翻译
6629,10,0,0,销售助理
6631,5,0,12,质量管理/测试
6633,0,3,0,APP推广
6634,12,9,8,产品专员/助理
6636,0,6,0,资料管理
6639,5,3,5,BD经理
6644,0,3,0,管培生/储备干部
6647,7,3,0,风电工程师
6648,0,3,0,产品专员/助理
6650,0,6,8,大客户代表
6655,5,0,0,大客户代表
6657,0,3,20,大客户代表
6659,5,3,0,管培生/储备干部
6662,5,21,10,销售运营
6663,5,6,0,销售助理
6664,0,9,8,网络销售
6669,5,3,0,法务专员/助理
6673,0,3,25,销售运营
6674,5,3,7,储备经理人
6675,5,6,10,社区运营
6676,2,3,7,储备干部
6691,0,3,0,法务专员/助理
6699,0,3,0,社区运营
6702,0,3,0,网络销售
6704,0,3,0,管培生/储备干部
6707,0,3,10,电话客服
6711,5,9,2,大客户代表
6714,5,5,5,律师助理
6719,0,3,0,社区运营
6720,0,3,0,统计员
6725,5,3,5,商务专员
6728,0,6,10,BD经理
6730,0,9,10,电话销售
6733,5,0,13,律师
6734,4,3,0,风电工程师
6735,0,5,13,咨询顾问
6741,0,3,0,储备干部
6744,0,3,7,游戏推广
6745,9,3,0,风电工程师
6749,5,0,9,统计员
6753,0,6,0,管培生/储备干部
6760,7,9,13,风电工程师
6761,5,0,0,管培生/储备干部
6766,5,0,0,大客户代表
6768,0,3,0,APP推广
6769,5,9,7,游戏运营
6771,0,6,0,项目专员/助理
6772,0,3,0,网络销售
6775,2,3,0,管培生/储备干部
6779,0,9,0,产品专员/助理
6781,15,0,0,销售工程师
6783,5,0,8,咨询顾问
6784,0,6,0,网络销售
6793,0,0,17,运营助理/专员
6794,0,3,0,游戏推广
6795,5,6,13,销售工程师
6799,0,0,19,法务专员/助理
6800,5,9,12,大客户代表
6802,0,9,5,培训师
6804,0,0,15,猎头顾问
6807,5,3,5,BD经理
6816,0,6,0,知识产权/专利代理
6819,7,8,5,游戏运营
6822,0,3,22,律师
6823,5,6,3,运营助理/专员
6825,0,3,0,社区运营
6827,5,3,0,销售助理
6829,0,0,15,内容审核
6835,0,3,0,售后客服
6836,5,6,15,BD经理
6838,5,3,0,网络客服
6839,5,0,0,商务专员
6840,5,0,10,律师
6841,5,3,0,咨询顾问
6844,7,9,13,风电工程师
6845,0,6,15,资料管理
6851,0,3,10,律师助理
6855,5,0,8,律师
6858,7,0,5,资料管理
6866,5,9,10,社区运营
6867,5,3,0,内容审核
6869,0,3,0,项目专员/助理
6874,0,3,0,猎头顾问
6877,5,3,0,大客户代表
6880,0,0,10,法务专员/助理
6881,0,3,0,APP推广
6882,0,9,0,社区运营
6888,5,3,0,项目专员/助理
6891,7,0,10,培训师
6893,2,3,10,咨询顾问
6897,0,0,17,总助/CEO助理/董事长助理
6898,12,9,7,储备经理人
6900,5,6,3,游戏运营
6901,2,3,10,销售运营
6910,5,3,10,资料管理
6924,5,9,15,销售工程师
6928,0,0,5,统计员
6931,5,3,0,储备干部
6932,7,3,0,风电工程师
6933,5,0,7,销售运营
6934,5,6,0,BD经理
6941,5,3,17,法务专员/助理
6951,5,12,10,售后客服
6952,5,8,0,销售助理
6953,10,0,7,招聘专员/助理
6954,0,3,0,培训师
6959,0,3,5,电话销售
6960,2,9,13,商务专员
6964,0,0,5,招聘专员/助理
6968,0,6,0,运营助理/专员
6975,5,0,0,档案管理
6981,5,3,0,网络客服
6982,5,0,0,管培生/储备干部
6985,0,0,15,大客户代表
6986,0,3,0,广告销售
6987,5,3,0,风电工程师
6995,5,9,5,储备经理人
6997,0,6,0,项目专员/助理
7003,5,0,0,网络客服
7006,0,3,15,商务专员
7007,0,0,5,统计员
7008,5,6,14,销售助理
7012,5,5,5,律师助理
7016,5,0,0,风电工程师
7020,0,3,0,网络销售
7023,5,3,3,统计员
7026,5,9,8,培训师
7027,5,2,5,日语翻译
7028,7,8,0,总助/CEO助理/董事长助理
7033,0,3,5,管培生/储备干部
7035,0,3,0,项目专员/助理
7037,0,3,10,总助/CEO助理/董事长助理
7040,5,0,0,广告销售
7049,5,3,0,电话客服
7051,2,11,12,知识产权/专利代理
7054,0,6,0,大客户代表
7056,0,3,20,储备干部
7057,5,5,13,日语翻译
7061,0,6,17,销售助理
7062,5,6,5,律师
7069,0,3,3,网络客服
7070,5,0,0,培训师
7072,5,3,0,社区运营
7077,0,0,5,招聘专员/助理
7078,5,3,10,猎头顾问
7079,5,3,22,售后客服
7081,5,0,0,管培生/储备干部
7083,5,0,10,质检员
7084,0,8,19,广告销售
7085,0,3,0,项目专员/助理
7089,5,5,0,网络客服
7092,0,6,0,资料管理
7093,5,6,10,社区运营
7095,5,0,7,资料管理
7100,0,3,0,销售工程师
7101,2,3,0,猎头顾问
7103,0,9,0,销售工程师
7104,5,0,0,培训师
7110,0,3,0,社区运营
7114,7,0,0,总助/CEO助理/董事长助理
7117,5,0,10,统计员
7118,5,6,10,社区运营
7120,7,0,14,销售助理
7123,5,6,10,社区运营
7125,0,3,0,质检员
7127,5,0,5,律师助理
7131,0,6,0,APP推广
7132,5,3,13,运营助理/专员
7138,5,6,10,社区运营
7141,0,3,0,网络销售
7142,0,3,0,网络客服
7145,5,9,10,社区运营
7147,0,3,0,风电工程师
7148,2,3,10,销售助理
7152,0,9,10,电话销售
7153,0,3,0,社区运营
7156,9,3,0,风电工程师
7161,0,3,0,社区运营
7164,5,0,10,管培生/储备干部
7166,0,6,15,电话销售
7170,0,6,0,培训师
7174,0,3,10,项目专员/助理
7180,5,3,0,项目招投标
7184,5,9,13,销售工程师
7188,7,8,0,总助/CEO助理/董事长助理
7190,5,6,6,咨询顾问
7191,0,0,5,内容审核
7195,5,13,29,产品专员/助理
7196,2,6,0,BD经理
7199,5,3,0,电话客服
7202,5,3,5,项目专员/助理
7205,5,0,5,档案管理
7208,0,3,0,广告销售
7216,7,3,10,储备经理人
7229,0,3,29,运营助理/专员
7235,5,3,5,项目经理/主管
7236,5,6,5,销售工程师
7238,5,3,23,电话客服
7241,0,3,0,招聘专员/助理
7243,0,6,0,大客户代表
7244,5,6,0,广告销售
7249,5,6,10,游戏运营
7256,0,9,0,储备干部
7257,0,6,0,BD经理
7258,5,3,0,总助/CEO助理/董事长助理
7259,5,0,0,法务专员/助理
7266,5,0,5,英语翻译
7270,5,3,0,猎头顾问
7272,5,3,3,电话客服
7279,0,0,8,档案管理
7280,5,6,7,招聘专员/助理
7282,7,0,0,储备经理人
7286,5,2,0,英语翻译
7288,0,6,0,游戏运营
7298,5,6,3,风电工程师
7300,5,5,0,英语翻译
7301,5,3,17,销售运营
7306,5,6,0,BD经理
7308,0,3,0,广告销售
7309,0,0,10,律师
7310,5,6,13,项目招投标
7312,0,3,0,网络销售
7317,10,0,0,律师助理
7323,0,3,0,销售运营
7324,5,3,0,储备经理人
7329,7,3,0,网络销售
7330,0,3,0,培训师
7334,0,6,2,产品专员/助理
7336,0,3,0,广告销售
7338,5,0,10,广告销售
7343,5,9,13,网络销售
7346,5,12,0,BD经理
7347,5,0,5,档案管理
7349,5,0,10,网络客服
7351,2,3,0,风电工程师
7352,5,0,0,社区运营
7356,0,3,15,律师助理
7357,0,9,12,销售助理
7362,5,3,5,质量管理/测试
7363,10,3,0,储备干部
7368,2,3,0,大客户代表
7370,5,0,10,内容审核
7371,2,8,10,商务专员
7373,0,3,0,社区运营
7375,0,6,0,大客户代表
7378,0,6,5,项目招投标
7381,0,3,7,律师助理
7382,0,3,0,广告销售
7384,5,8,0,风电工程师
7385,5,0,14,销售工程师
7387,0,3,15,产品专员/助理
7388,5,3,8,招聘专员/助理
7389,5,3,5,游戏运营
7390,0,6,0,培训师
7397,5,0,0,内容审核
7406,0,3,3,BD经理
7407,5,3,0,英语翻译
7410,5,2,0,英语翻译
7413,5,3,0,运营助理/专员
7416,0,9,5,销售工程师
7418,0,0,10,售后客服
7425,0,3,0,销售工程师
7431,2,11,14,管培生/储备干部
7434,5,0,10,总助/CEO助理/董事长助理
7436,0,8,7,产品专员/助理
7437,0,9,5,总助/CEO助理/董事长助理
7438,0,14,15,大客户代表
7443,0,6,3,商务专员
7444,5,0,0,BD经理
7449,5,0,0,APP推广
7450,0,0,5,售后客服
7455,5,3,14,项目招投标
7461,0,6,0,大客户代表
7467,0,3,5,律师
7469,5,3,0,统计员
7470,0,11,8,运营助理/专员
7475,5,0,20,广告销售
7478,2,3,0,运营助理/专员
7488,0,3,5,猎头顾问
7493,5,11,2,档案管理
7496,10,2,0,日语翻译
7498,5,3,5,统计员
7501,5,6,10,销售运营
7507,5,0,0,储备干部
7508,7,0,0,售后客服
7510,7,9,18,管培生/储备干部
7512,5,3,0,售后客服
7518,5,5,8,日语翻译
7523,5,3,0,内容审核
7527,5,0,3,销售工程师
7528,0,14,10,销售运营
7532,0,9,8,网络销售
7535,5,9,10,社区运营
7538,0,3,0,销售运营
7539,0,3,10,销售助理
7540,0,3,7,游戏推广
7541,5,0,5,售后客服
7543,2,15,10,大客户代表
7545,2,3,3,项目经理/主管
7550,5,3,15,法务专员/助理
7551,0,0,5,销售运营
7552,5,3,10,商务专员
7554,5,8,7,销售助理
7555,10,6,22,销售工程师
7556,0,6,17,销售运营
7557,0,6,5,质检员
7562,5,0,0,项目专员/助理
7567,0,3,0,总助/CEO助理/董事长助理
7573,0,3,0,社区运营
7574,4,3,0,风电工程师
7577,0,3,0,社区运营
7584,10,0,0,质量管理/测试
7585,5,6,15,统计员
7587,0,3,0,社区运营
7588,0,0,13,律师助理
7594,0,0,10,律师助理
7598,0,12,12,社区运营
7603,0,5,10,招聘专员/助理
7604,5,6,12,档案管理
7608,0,3,0,游戏推广
7609,5,9,27,销售工程师
7623,5,0,8,律师
7624,0,3,0,运营助理/专员
7629,0,3,0,储备干部
7634,5,0,5,管培生/储备干部
7635,5,0,10,总助/CEO助理/董事长助理
7637,5,0,8,销售运营
7639,0,9,8,储备经理人
7640,0,3,17,项目专员/助理
7641,5,0,0,销售运营
7644,0,9,8,运营助理/专员
7646,5,0,7,资料管理
7648,5,0,10,法务专员/助理
7651,5,0,23,律师
7653,0,0,12,游戏运营
7654,5,8,5,储备经理人
7657,10,0,0,招聘专员/助理
7659,0,0,5,游戏运营
7660,5,3,5,猎头顾问
7662,0,3,5,统计员
7664,5,3,10,档案管理
7665,10,0,0,储备干部
7671,7,11,0,储备干部
7678,10,3,0,内容审核
7681,5,3,0,培训师
7685,7,0,0,项目专员/助理
7686,5,0,8,律师
7687,0,3,5,销售运营
7691,2,3,3,咨询顾问
7694,0,3,0,统计员
7698,5,6,0,风电工程师
7701,0,3,0,猎头顾问
7702,5,6,5,总助/CEO助理/董事长助理
7703,0,3,0,社区运营
7705,5,3,5,销售运营
7706,0,6,0,档案管理
7707,0,3,0,电话销售
7708,5,3,2,销售助理
7712,0,3,0,项目招投标
7714,2,3,8,质检员
7715,5,3,0,内容审核
7717,0,6,0,档案管理
7719,7,8,0,总助/CEO助理/董事长助理
7722,0,8,2,资料管理
7724,5,0,5,知识产权/专利代理
7725,0,3,12,内容审核
7727,0,3,7,游戏推广
7728,0,3,0,储备经理人
7739,0,3,0,大客户代表
7740,5,18,0,质量管理/测试
7741,5,3,5,项目专员/助理
7743,5,6,5,猎头顾问
7747,0,0,8,项目招投标
7749,5,0,13,知识产权/专利代理
7752,5,8,17,大客户代表
7754,10,3,2,广告销售
7755,0,8,0,项目经理/主管
7756,5,3,5,知识产权/专利代理
7757,0,0,7,销售助理
7758,0,3,0,游戏运营
7759,5,0,7,律师
7768,7,9,5,储备经理人
7779,5,3,0,社区运营
7785,10,6,0,网络销售
7789,5,0,5,网络销售
7790,5,3,28,储备经理人
7795,5,16,23,产品专员/助理
7803,5,6,0,BD经理
7806,5,3,5,律师助理
7807,5,0,10,质量管理/测试
7816,0,3,0,咨询顾问
7820,5,0,15,储备干部
7821,12,6,13,电话销售
7823,7,0,7,猎头顾问
7825,5,12,13,质量管理/测试
7828,5,6,12,英语翻译
7829,7,0,5,储备经理人
7844,0,9,0,大客户代表
7846,5,0,0,销售助理
7847,0,3,8,猎头顾问
7848,5,9,15,产品专员/助理
7849,5,3,8,知识产权/专利代理
7853,5,24,15,运营助理/专员
7855,0,6,17,网络销售
7861,0,0,7,APP推广
7863,5,5,5,律师助理
7864,5,3,7,质检员
7865,0,6,13,资料管理
7867,0,6,0,电话销售
7868,0,0,7,档案管理
7869,7,0,0,资料管理
7872,0,3,0,档案管理
7873,5,6,10,社区运营
7874,0,2,3,日语翻译
7880,0,3,0,APP推广
7887,0,14,0,储备经理人
7891,0,3,7,游戏推广
7897,7,3,13,电话客服
7898,5,6,5,咨询顾问
7901,2,3,0,销售工程师
7902,0,0,13,售后客服
7905,0,3,0,网络客服
7906,5,0,5,社区运营
7907,0,0,10,APP推广
7911,0,6,0,广告销售
7912,5,0,5,总助/CEO助理/董事长助理
7916,5,0,3,法务专员/助理
7927,5,3,10,法务专员/助理
7928,5,6,15,总助/CEO助理/董事长助理
7930,7,3,0,风电工程师
7932,5,3,5,销售助理
7933,9,11,17,储备经理人
7935,5,3,9,英语翻译
7944,5,9,20,招聘专员/助理
7948,24,6,10,储备经理人
7952,0,3,0,社区运营
7954,0,3,0,运营助理/专员
7958,5,0,5,广告销售
7962,5,6,12,储备干部
7966,0,6,9,售后客服
7968,0,6,0,风电工程师
7970,5,9,10,社区运营
7974,0,6,0,电话销售
7982,0,6,0,培训师
7983,5,6,17,销售助理
7984,0,0,5,销售助理
7990,5,3,3,统计员
7991,0,3,0,储备干部
7992,5,3,0,招聘专员/助理
7993,5,3,0,项目经理/主管
7994,5,0,5,网络销售
7999,0,3,0,储备干部
8003,5,6,0,储备经理人
8006,0,3,0,管培生/储备干部
8008,5,3,8,电话客服
8009,5,3,5,档案管理
8010,0,3,0,资料管理
8013,5,3,17,销售助理
8014,5,12,15,项目专员/助理
8018,0,3,12,游戏运营
8022,5,0,15,销售运营
8025,5,11,10,销售运营
8033,5,0,0,律师
8039,5,0,10,统计员
8040,0,3,18,商务专员
8041,5,0,3,广告销售
8046,0,3,0,APP推广
8047,0,3,0,网络销售
8048,5,0,13,猎头顾问
8052,7,3,12,游戏运营
8055,5,12,19,销售工程师
8058,0,6,0,项目专员/助理
8061,0,6,10,销售工程师
8063,5,14,5,广告销售
8065,5,3,8,项目招投标
8066,5,9,0,电话销售
8067,0,3,0,产品专员/助理
8069,5,3,23,总助/CEO助理/董事长助理
8073,12,6,0,储备干部
8076,5,8,10,招聘专员/助理
8078,0,3,0,大客户代表
8082,5,0,5,内容审核
8085,5,3,5,APP推广
8086,5,0,0,项目招投标
8087,0,3,0,社区运营
8092,0,3,0,内容审核
8094,5,3,10,招聘专员/助理
8096,0,3,13,电话销售
8103,0,0,13,律师
8106,5,3,20,管培生/储备干部
8109,5,0,12,统计员
8112,0,9,7,猎头顾问
8114,5,3,15,统计员
8119,7,0,10,总助/CEO助理/董事长助理
8121,0,10,0,销售工程师
8132,5,0,10,售后客服
8135,5,8,5,储备干部
8137,5,0,7,资料管理
8142,5,0,0,统计员
8144,0,6,0,社区运营
8145,0,6,7,运营助理/专员
8147,5,3,0,培训师
8150,0,3,15,档案管理
8153,7,3,17,内容审核
8157,5,3,7,BD经理
8158,5,3,12,电话客服
8159,5,8,0,法务专员/助理
8162,5,8,10,储备经理人
8168,0,0,3,网络销售
8175,2,9,5,销售工程师
8178,0,3,19,知识产权/专利代理
8182,0,3,13,销售运营
8188,5,6,10,社区运营
8190,5,0,3,统计员
8193,7,0,7,律师助理
8197,5,3,15,质量管理/测试
8201,5,9,0,招聘专员/助理
8202,5,3,0,律师
8209,5,3,7,游戏运营
8211,0,3,0,社区运营
8215,7,9,13,风电工程师
8216,0,6,10,运营助理/专员
8217,2,3,15,销售运营
8218,0,3,10,管培生/储备干部
8219,0,3,10,APP推广
8220,0,6,8,网络销售
8221,5,6,8,律师助理
8222,5,3,10,律师助理
8223,0,3,8,产品专员/助理
8225,5,9,19,网络销售
8226,5,3,0,英语翻译
8230,5,0,8,储备干部
8231,0,3,8,电话客服
8232,2,3,13,质检员
8236,0,3,9,APP推广
8238,5,0,12,储备经理人
8240,0,11,0,内容审核
8242,0,3,0,培训师
8245,5,9,22,大客户代表
8249,5,0,13,咨询顾问
8257,5,3,0,统计员
8258,5,9,8,培训师
8262,12,0,0,质量管理/测试
8264,5,6,0,BD经理
8265,5,0,10,储备经理人
8269,0,6,10,运营助理/专员
8271,0,9,10,销售工程师
8274,5,0,5,电话销售
8279,0,5,27,律师助理
8284,0,6,7,大客户代表
8287,10,3,0,质检员
8288,5,8,13,管培生/储备干部
8296,5,3,20,大客户代表
8297,0,0,13,大客户代表
8298,5,0,5,运营助理/专员
8300,0,0,27,律师
8303,0,3,12,运营助理/专员
8307,0,3,0,APP推广
8309,5,6,12,广告销售
8313,10,5,5,销售助理
8314,0,3,5,产品专员/助理
8315,5,3,3,项目经理/主管
8318,2,3,0,质检员
8324,5,6,10,储备经理人
8326,7,3,0,销售运营
8327,0,3,0,培训师
8332,5,3,0,质量管理/测试
8336,0,0,13,法务专员/助理
8339,5,0,0,资料管理
8341,5,6,5,储备干部
8345,0,3,18,电话销售
8350,0,8,10,网络销售
8351,0,3,0,资料管理
8356,0,6,13,档案管理
8357,0,6,12,广告销售
8358,0,0,8,项目专员/助理
8363,0,0,17,销售运营
8364,0,14,12,大客户代表
8366,0,5,5,储备经理人
8367,5,0,10,销售助理
8370,5,6,12,日语翻译
8375,5,3,15,总助/CEO助理/董事长助理
8378,7,6,15,销售助理
8382,0,3,0,律师
8385,0,3,5,广告销售
8386,7,12,10,商务专员
8387,5,3,5,广告销售
8391,5,3,10,大客户代表
8392,5,6,2,档案管理
8395,0,3,0,质检员
8396,0,6,0,资料管理
8398,0,3,10,项目招投标
8399,5,0,7,质量管理/测试
8402,0,5,13,法务专员/助理
8404,5,9,0,风电工程师
8406,5,3,5,广告销售
8407,0,0,15,英语翻译
8412,5,0,5,储备经理人
8414,0,0,8,广告销售
8418,5,3,0,法务专员/助理
8419,7,3,10,风电工程师
8420,5,9,0,知识产权/专利代理
8421,5,6,12,资料管理
8426,7,3,5,项目专员/助理
8428,2,3,0,电话客服
8429,7,0,10,管培生/储备干部
8430,0,9,0,培训师
8431,10,0,5,律师
8434,0,3,0,招聘专员/助理
8441,5,0,0,培训师
8442,5,2,0,英语翻译
8444,0,3,0,管培生/储备干部
8445,5,0,0,项目专员/助理
8455,5,0,10,销售助理
8459,5,3,0,储备经理人
8464,0,8,7,商务专员
8467,0,3,0,风电工程师
8471,0,3,0,商务专员
8475,5,3,0,法务专员/助理
8479,5,11,4,广告销售
8480,0,3,0,质检员
8482,5,11,5,产品专员/助理
8487,7,3,0,项目招投标
8488,5,3,5,内容审核
8489,0,9,3,产品专员/助理
8490,5,3,8,网络销售
8491,0,11,0,咨询顾问
8493,0,3,0,广告销售
8495,5,14,14,项目招投标
8497,5,0,5,律师助理
8507,5,9,7,售后客服
8512,5,0,7,统计员
8518,0,3,0,网络客服
8520,5,6,10,BD经理
8524,5,5,19,律师
8530,5,6,5,电话销售
8532,0,6,0,咨询顾问
8534,0,3,20,运营助理/专员
8535,0,6,0,电话销售
8536,0,9,7,猎头顾问
8537,5,3,5,项目专员/助理
8538,5,0,2,商务专员
8541,0,3,7,游戏推广
8542,5,3,5,质量管理/测试
8545,0,3,0,APP推广
8548,7,3,10,电话销售
8550,5,3,0,质检员
8551,10,6,7,产品专员/助理
8552,2,3,13,质检员
8554,10,3,0,质检员
8559,5,9,5,广告销售
8579,2,3,0,风电工程师
8580,7,9,13,风电工程师
8583,0,3,0,APP推广
8584,0,3,0,储备干部
8589,5,0,12,运营助理/专员
8590,5,0,17,储备干部
8595,0,3,0,大客户代表
8596,5,0,10,销售运营
8605,5,8,15,BD经理
8606,5,9,0,质量管理/测试
8608,5,0,12,档案管理
8609,0,0,17,电话销售
8611,5,3,3,律师
8612,10,14,7,项目经理/主管
8614,5,6,10,社区运营
8615,0,6,0,大客户代表
8616,0,3,2,APP推广
8620,0,9,0,大客户代表
8624,0,9,0,社区运营
8628,5,0,15,游戏运营
8630,5,3,0,大客户代表
8632,5,0,10,总助/CEO助理/董事长助理
8634,5,3,0,售后客服
8636,5,9,15,项目招投标
8640,0,3,7,游戏推广
8655,5,6,0,法务专员/助理
8656,5,3,0,销售助理
8666,5,14,5,广告销售
8668,5,9,18,管培生/储备干部
8670,0,3,0,网络销售
8671,4,3,0,风电工程师
8672,5,6,10,社区运营
8678,5,3,3,律师
8683,5,5,10,统计员
8684,5,6,20,储备干部
8687,5,6,10,社区运营
8689,7,6,10,项目专员/助理
8690,0,6,17,电话销售
8692,7,3,0,招聘专员/助理
8693,5,0,17,档案管理
8702,0,3,0,销售运营
8704,0,6,0,管培生/储备干部
8707,5,11,17,项目专员/助理
8709,5,0,5,管培生/储备干部
8710,5,0,0,资料管理
8715,10,0,0,网络销售
8717,0,3,15,销售运营
8719,5,2,0,英语翻译
8720,0,3,0,APP推广
8721,5,0,0,招聘专员/助理
8724,0,0,12,游戏运营
8725,5,11,15,销售工程师
8731,0,0,10,销售助理
8732,0,0,13,英语翻译
8736,0,3,0,网络销售
8738,0,3,0,销售工程师
8747,5,6,12,培训师
8750,5,3,0,网络客服
8754,0,12,10,运营助理/专员
8755,0,6,24,销售工程师
8756,5,14,10,咨询顾问
8760,0,0,10,销售运营
8761,0,6,12,销售助理
8763,0,6,0,销售运营
8767,7,6,15,销售助理
8770,0,12,5,总助/CEO助理/董事长助理
8771,5,3,5,法务专员/助理
8774,5,0,8,招聘专员/助理
8776,5,6,0,项目经理/主管
8778,5,0,0,广告销售
8779,5,6,10,社区运营
8780,0,3,0,质量管理/测试
8782,10,3,7,网络销售
8783,2,0,15,电话客服
8789,10,3,0,质检员
8790,0,6,0,统计员
8793,5,9,0,猎头顾问
8798,5,3,12,销售助理
8805,5,3,14,英语翻译
8808,5,0,10,销售助理
8810,5,3,8,培训师
8813,0,9,12,项目经理/主管
8817,5,0,15,商务专员
8818,5,3,0,项目专员/助理
8824,10,0,10,内容审核
8828,0,3,0,储备干部
8830,2,6,12,猎头顾问
8831,5,3,10,电话销售
8833,0,3,7,游戏推广
8837,0,3,15,招聘专员/助理
8839,0,6,0,电话销售
8841,0,6,10,广告销售
8843,5,6,0,商务专员
8845,0,3,15,律师助理
8846,10,0,25,知识产权/专利代理
8849,0,6,0,质量管理/测试
8850,0,0,10,APP推广
8857,0,3,0,总助/CEO助理/董事长助理
8858,5,9,10,社区运营
8861,5,3,0,社区运营
8870,5,0,19,商务专员
8872,0,3,7,游戏推广
8874,0,3,0,招聘专员/助理
8878,10,0,8,律师
8880,5,3,0,商务专员
8889,7,3,0,风电工程师
8891,5,3,13,商务专员
8892,5,6,15,储备干部
8897,10,3,12,招聘专员/助理
8898,0,6,0,日语翻译
8899,0,3,0,网络客服
8903,0,6,5,大客户代表
8904,5,3,7,储备干部
8905,0,3,0,游戏推广
8910,5,3,20,储备经理人
8911,5,9,8,电话销售
8915,0,0,13,商务专员
8920,0,3,15,档案管理
8926,5,6,7,总助/CEO助理/董事长助理
8928,7,0,0,质量管理/测试
8932,0,3,0,APP推广
8933,0,3,0,社区运营
8935,2,3,20,电话客服
8937,5,3,15,项目专员/助理
8939,5,3,0,社区运营
8940,5,9,12,网络销售
8941,0,3,4,网络客服
8942,0,9,5,电话销售
8949,5,6,0,商务专员
8951,0,3,5,广告销售
8952,0,3,0,猎头顾问
8956,0,11,0,项目专员/助理
8957,0,3,0,网络客服
8960,5,3,3,律师助理
8961,0,3,5,项目经理/主管
8962,5,0,0,项目招投标
8967,0,3,15,项目专员/助理
8969,0,3,0,APP推广
8972,5,0,8,猎头顾问
8977,0,6,0,BD经理
8978,5,6,0,质量管理/测试
8981,5,6,21,英语翻译
8992,5,3,0,质量管理/测试
8993,5,0,0,售后客服
8994,0,3,0,风电工程师
8998,0,3,0,社区运营
8999,5,0,5,律师
9002,5,3,3,项目经理/主管
9004,0,3,0,质量管理/测试
9005,5,6,23,运营助理/专员
9006,0,3,0,运营助理/专员
9008,5,3,5,项目专员/助理
9010,0,3,0,管培生/储备干部
9012,0,3,0,电话客服
9015,0,3,0,资料管理
9016,5,0,0,内容审核
9024,0,3,0,项目专员/助理
9026,2,6,0,BD经理
9027,0,0,12,资料管理
9031,5,3,0,售后客服
9032,2,3,0,网络销售
9035,5,3,5,咨询顾问
9036,7,0,5,储备经理人
9037,5,0,13,律师助理
9041,5,3,0,网络销售
9042,0,3,0,运营助理/专员
9049,5,0,8,项目专员/助理
9051,5,0,5,英语翻译
9067,0,3,0,网络客服
9069,5,0,7,资料管理
9074,5,9,0,产品专员/助理
9076,0,12,0,质量管理/测试
9077,5,8,5,BD经理
9078,5,6,7,运营助理/专员
9080,0,0,10,总助/CEO助理/董事长助理
9082,0,0,5,日语翻译
9089,5,0,8,律师助理
9090,7,9,17,销售助理
9094,5,6,15,统计员
9098,2,0,18,电话客服
9104,0,8,2,猎头顾问
9106,0,3,0,档案管理
9108,5,0,18,律师助理
9111,7,9,27,总助/CEO助理/董事长助理
9114,5,8,8,商务专员
9118,5,0,10,律师
9122,5,0,0,总助/CEO助理/董事长助理
9123,0,9,3,储备经理人
9124,5,0,2,统计员
9125,5,6,0,产品专员/助理
9130,5,0,0,网络客服
9131,5,3,10,资料管理
9135,5,8,12,销售工程师
9139,5,0,10,律师助理
9141,5,8,7,广告销售
9146,5,3,0,社区运营
9149,7,6,5,广告销售
9160,5,3,7,商务专员
9161,5,0,2,律师
9164,5,0,7,大客户代表
9168,0,5,18,律师助理
9171,0,11,5,售后客服
9176,5,3,0,社区运营
9179,10,3,0,质量管理/测试
9180,0,9,5,大客户代表
9183,5,6,20,商务专员
9187,5,3,0,大客户代表
9192,0,0,9,销售运营
9196,0,3,5,资料管理
9197,0,6,2,电话销售
9199,5,3,16,法务专员/助理
9200,0,6,0,资料管理
9201,0,3,0,售后客服
9202,5,0,13,销售工程师
9208,5,0,0,统计员
9211,5,0,5,质量管理/测试
9219,0,6,0,管培生/储备干部
9222,7,0,10,售后客服
9225,5,0,9,内容审核
9227,2,0,12,运营助理/专员
9230,0,2,3,日语翻译
9231,0,3,0,社区运营
9232,2,3,3,电话客服
9233,0,3,0,BD经理
9237,5,3,0,BD经理
9242,5,0,15,储备经理人
9246,5,0,10,日语翻译
9248,5,3,5,销售运营
9250,5,0,8,律师
9251,2,6,0,储备干部
9252,7,8,17,销售助理
9256,5,11,10,项目经理/主管
9257,5,3,0,储备经理人
9259,5,3,7,销售工程师
9260,5,6,0,运营助理/专员
9261,2,3,5,项目招投标
9267,0,0,12,律师助理
9272,0,9,13,BD经理
9273,5,0,0,质量管理/测试
9279,0,3,0,APP推广
9281,15,3,0,律师
9286,0,0,10,日语翻译
9287,0,3,27,销售助理
9292,5,0,0,档案管理
9293,0,3,7,招聘专员/助理
9297,4,3,0,风电工程师
9299,5,8,15,律师助理
9302,5,5,8,日语翻译
9304,5,0,15,项目经理/主管
9307,0,3,0,销售运营
9308,5,3,7,网络销售
9312,0,6,5,咨询顾问
9316,5,6,0,游戏运营
9318,0,6,10,大客户代表
9319,7,0,0,统计员
9320,5,14,12,销售工程师
9322,5,3,10,销售运营
9324,0,3,0,质检员
9327,0,3,4,网络客服
9328,7,0,0,运营助理/专员
9332,5,6,5,社区运营
9333,5,6,0,资料管理
9335,5,3,5,咨询顾问
9336,5,0,0,售后客服
9338,0,3,5,电话销售
9339,0,6,10,销售助理
9343,5,0,10,BD经理
9346,0,3,0,大客户代表
9350,0,6,0,储备经理人
9354,0,0,8,大客户代表
9362,5,3,18,英语翻译
9365,7,3,5,储备经理人
9366,0,6,3,咨询顾问
9370,10,8,10,英语翻译
9372,0,11,5,售后客服
9373,7,12,18,项目经理/主管
9380,0,6,0,管培生/储备干部
9381,0,0,7,游戏运营
9383,0,6,10,培训师
9384,5,0,17,质检员
9385,7,3,0,律师助理
9386,5,3,5,猎头顾问
9387,0,3,0,储备干部
9388,0,3,3,管培生/储备干部
9389,0,8,10,项目经理/主管
9391,0,3,0,法务专员/助理
9401,5,3,5,售后客服
9404,0,3,5,商务专员
9405,5,3,10,英语翻译
9407,0,0,3,律师
9409,7,3,0,风电工程师
9413,5,0,10,法务专员/助理
9414,0,6,13,律师助理
9416,5,3,10,销售运营
9418,0,3,0,质量管理/测试
9421,5,6,17,法务专员/助理
9423,5,8,15,档案管理
9424,5,0,7,游戏运营
9426,5,0,14,储备干部
9429,0,3,0,社区运营
9431,5,6,12,销售工程师
9434,7,0,10,资料管理
9436,2,0,16,律师助理
9437,5,0,10,运营助理/专员
9441,0,3,5,总助/CEO助理/董事长助理
9442,5,11,0,管培生/储备干部
9447,5,3,5,项目经理/主管
9451,5,3,0,知识产权/专利代理
9452,5,6,8,项目专员/助理
9457,5,6,2,BD经理
9462,7,3,5,管培生/储备干部
9465,5,6,0,内容审核
9468,5,0,0,律师助理
9471,5,0,5,产品专员/助理
9472,0,0,5,法务专员/助理
9473,2,0,12,运营助理/专员
9475,5,0,5,内容审核
9476,0,6,0,大客户代表
9478,5,3,0,储备经理人
9480,0,9,10,大客户代表
9482,5,3,5,大客户代表
9488,7,0,5,管培生/储备干部
9489,0,6,17,质量管理/测试
9491,5,0,0,猎头顾问
9492,5,0,0,律师助理
9493,5,0,0,管培生/储备干部
9494,5,0,10,储备经理人
9497,0,3,0,咨询顾问
9501,7,0,7,电话客服
9505,10,0,5,知识产权/专利代理
9507,0,12,10,运营助理/专员
9510,5,0,11,律师
9515,0,9,0,网络客服
9516,2,3,7,运营助理/专员
9517,0,3,0,游戏运营
9520,5,0,0,培训师
9522,0,3,0,社区运营
9525,0,3,0,档案管理
9526,0,6,0,广告销售
9530,0,3,7,游戏推广
9537,0,3,0,招聘专员/助理
9544,2,6,0,质检员
9545,0,3,8,电话客服
9546,5,3,15,大客户代表
9548,0,3,0,社区运营
9549,0,0,10,销售助理
9550,0,6,0,广告销售
9552,0,3,0,游戏运营
9554,5,3,0,猎头顾问
9558,5,0,0,总助/CEO助理/董事长助理
9560,5,0,5,内容审核
9562,5,0,5,广告销售
9564,5,0,0,运营助理/专员
9567,0,6,11,统计员
9571,0,3,0,售后客服
9575,0,9,0,项目专员/助理
9578,7,8,0,总助/CEO助理/董事长助理
9581,0,6,0,大客户代表
9583,5,0,0,招聘专员/助理
9586,5,6,5,管培生/储备干部
9588,12,3,7,管培生/储备干部
9590,5,6,3,大客户代表
9593,5,3,0,储备干部
9596,0,3,0,质检员
9601,0,21,15,产品专员/助理
9602,7,12,0,项目专员/助理
9604,0,3,0,APP推广
9605,0,3,0,销售助理
9606,2,11,15,大客户代表
9607,0,0,15,律师
9610,5,6,10,管培生/储备干部
9614,0,0,10,APP推广
9615,0,9,0,总助/CEO助理/董事长助理
9618,5,6,15,销售助理
9621,5,0,0,知识产权/专利代理
9622,5,9,10,社区运营
9625,0,0,17,销售助理
9627,0,3,0,APP推广
9634,10,9,13,广告销售
9635,5,3,0,猎头顾问
9645,10,6,5,销售工程师
9653,0,0,8,档案管理
9655,5,3,19,网络客服
9660,5,0,7,知识产权/专利代理
9674,5,3,0,日语翻译
9678,0,3,0,社区运营
9679,0,8,17,内容审核
9681,5,3,7,售后客服
9683,0,3,10,律师
9690,5,0,0,猎头顾问
9694,15,3,5,知识产权/专利代理
9695,5,0,5,知识产权/专利代理
9696,5,0,0,律师助理
9698,7,8,3,销售工程师
9699,5,14,5,招聘专员/助理
9701,0,0,5,质量管理/测试
9706,0,3,12,游戏运营
9707,5,0,5,内容审核
9718,0,12,5,BD经理
9720,0,12,0,管培生/储备干部
9724,10,0,7,招聘专员/助理
9726,5,3,5,管培生/储备干部
9730,5,0,0,销售运营
9734,5,0,5,律师助理
9735,5,0,6,项目招投标
9736,7,3,0,风电工程师
9737,2,3,0,网络客服
9743,5,6,0,BD经理
9744,5,6,0,储备干部
9752,0,6,8,售后客服
9753,5,3,13,电话销售
9754,2,8,17,销售助理
9755,0,3,0,运营助理/专员
9756,7,6,7,销售工程师
9759,0,6,12,电话销售
9762,5,0,5,档案管理
9763,5,9,0,招聘专员/助理
9769,5,6,15,内容审核
9770,2,3,0,售后客服
9773,5,3,10,档案管理
9774,0,6,0,电话销售
9776,2,3,10,风电工程师
9779,0,6,7,销售助理
9782,0,3,0,社区运营
9785,5,0,10,项目招投标
9790,5,2,0,英语翻译
9794,5,3,10,招聘专员/助理
9797,5,0,15,电话销售
9798,0,6,8,猎头顾问
9799,5,12,17,管培生/储备干部
9805,5,5,5,英语翻译
9806,0,3,0,招聘专员/助理
9808,7,3,0,风电工程师
9809,5,0,15,项目招投标
9811,0,9,0,BD经理
9814,2,3,5,质检员
9815,2,3,0,网络客服
9824,5,0,0,法务专员/助理
9827,0,3,5,销售助理
9828,10,3,8,储备经理人
9830,0,0,20,法务专员/助理
9831,0,6,0,招聘专员/助理
9839,0,3,0,档案管理
9840,10,9,0,网络销售
9841,0,6,10,电话销售
9847,7,8,13,运营助理/专员
9854,10,6,8,招聘专员/助理
9855,5,3,13,招聘专员/助理
9861,5,6,10,猎头顾问
9866,0,3,18,项目专员/助理
9869,5,0,15,销售运营
9873,0,6,0,管培生/储备干部
9874,0,9,0,储备干部
9875,5,3,15,管培生/储备干部
9877,0,3,10,内容审核
9878,0,6,0,猎头顾问
9880,0,3,11,售后客服
9887,0,3,0,售后客服
9890,9,3,0,储备干部
9891,0,8,8,运营助理/专员
9892,0,0,10,统计员
9893,0,6,0,储备经理人
9896,5,0,5,电话销售
9905,5,0,10,销售助理
9909,0,3,0,电话客服
9912,0,11,5,运营助理/专员
9914,7,0,0,商务专员
9920,5,3,5,英语翻译
9924,5,9,6,管培生/储备干部
9927,0,9,7,咨询顾问
9930,5,11,17,销售工程师
9935,0,3,0,网络销售
9936,5,0,10,项目招投标
9940,5,0,5,网络销售
9944,5,5,0,律师助理
9946,0,3,0,社区运营
9947,0,6,3,运营助理/专员
9952,5,0,5,档案管理
9953,5,6,10,游戏运营
9954,5,8,15,项目专员/助理
9962,0,6,0,网络销售
9964,5,3,0,售后客服
9974,5,3,5,BD经理
9976,5,0,0,管培生/储备干部
9980,0,6,0,储备干部
9981,9,6,0,培训师
9982,5,14,10,律师助理
9991,5,0,15,管培生/储备干部
9998,5,3,15,资料管理
10000,5,0,7,律师
10001,5,8,10,律师助理
10003,0,3,0,培训师
10005,5,0,15,网络销售
10006,11,3,0,风电工程师
10007,5,3,15,销售助理
10009,0,3,0,售后客服
10010,5,0,15,游戏运营
10018,7,0,12,商务专员
10023,7,0,5,售后客服
10030,5,3,0,销售工程师
10031,0,12,3,销售工程师
10033,5,6,8,销售工程师
10038,5,6,10,销售工程师
10039,0,3,0,网络销售
10042,5,3,10,项目经理/主管
10044,7,3,15,网络客服
10046,5,0,0,律师
10048,5,8,2,猎头顾问
10051,0,6,0,管培生/储备干部
10056,0,3,0,运营助理/专员
10059,5,3,0,律师
10070,5,0,0,培训师
10071,0,3,3,销售运营
10077,2,6,0,网络客服
10078,0,6,0,产品专员/助理
3809,0,11,27,实施工程师
3812,0,6,0,测试工程师
3813,0,6,0,测试工程师
3816,5,3,0,测试工程师
3817,0,42,5,C/C++
3820,0,42,2,Java
3823,5,3,3,科研人员
3824,5,24,0,测试工程师
3825,0,14,0,硬件测试
3827,5,6,7,技术支持工程师
3831,0,16,0,软件测试
3832,5,14,0,软件测试
3835,5,56,15,Java
3837,0,6,0,前端开发
3838,0,6,0,前端开发
3840,0,12,0,测试工程师
3841,0,20,5,C/C++
3844,0,12,0,软件测试
3853,0,3,0,C/C++
3854,5,3,5,技术支持工程师
3856,7,0,7,实施工程师
3862,0,9,0,实施工程师
3863,5,12,0,技术支持工程师
3865,0,13,8,C/C++
3866,5,25,0,C/C++
3870,5,26,0,C/C++
3871,5,8,2,硬件测试
3872,5,22,14,测试工程师
3875,5,0,0,前端开发
3882,0,15,0,Java
3884,10,3,0,科研人员
3885,5,11,5,测试工程师
3886,0,14,0,硬件测试
3888,0,16,0,测试工程师
3889,5,35,0,Java
3890,10,52,0,Java
3893,0,15,0,Java
3896,5,3,0,科研人员
3897,5,12,17,实施工程师
3899,5,23,24,实施工程师
3900,0,6,0,技术支持工程师
3901,0,9,0,技术支持工程师
3902,0,14,0,硬件测试
3904,5,30,0,前端开发
3907,5,23,0,软件测试
3908,5,24,2,C/C++
3910,5,9,8,实施工程师
3914,5,44,10,测试工程师
3916,0,6,0,Java
3917,0,9,0,技术支持工程师
3918,0,11,0,测试工程师
3923,0,6,5,硬件测试
3932,0,21,0,Java
3935,5,6,3,技术支持工程师
3936,0,6,6,科研人员
3938,0,14,0,硬件测试
3939,5,29,0,Java
3940,5,43,0,测试工程师
3941,5,50,15,Java
3942,0,30,8,实施工程师
3944,5,6,0,硬件测试
3946,0,3,10,测试工程师
3947,5,3,0,软件测试
3949,0,16,0,测试工程师
3962,5,3,0,软件测试
3965,0,12,0,Java
3969,0,9,13,科研人员
3970,0,22,3,测试工程师
3972,7,6,10,硬件测试
3974,0,9,0,技术支持工程师
3977,5,52,20,Java
3978,5,0,0,C/C++
3979,0,23,0,Java
3981,0,44,0,Java
3984,5,14,8,实施工程师
3988,0,12,0,实施工程师
3992,5,3,17,技术支持工程师
3993,5,6,10,科研人员
3999,5,6,0,科研人员
4001,5,22,2,C/C++
4005,5,0,3,科研人员
4007,0,12,0,实施工程师
4009,5,0,0,实施工程师
4010,5,45,5,前端开发
4011,5,9,5,测试工程师
4017,5,33,5,实施工程师
4019,0,24,5,C/C++
4020,10,24,18,实施工程师
4021,0,9,0,实施工程师
4022,0,6,0,C/C++
4023,0,12,0,C/C++
4024,2,3,10,软件测试
4025,0,45,0,Java
4027,0,3,0,硬件测试
4028,5,38,8,实施工程师
4029,0,6,0,测试工程师
4031,5,19,0,测试工程师
4032,5,0,0,科研人员
4034,5,6,0,测试工程师
4040,0,9,18,硬件测试
4042,0,3,0,科研人员
4045,5,14,17,测试工程师
4047,5,6,12,实施工程师
4048,10,9,5,科研人员
4049,0,24,6,软件测试
4056,5,64,5,前端开发
4062,0,9,0,实施工程师
4070,5,56,15,Java
4071,0,6,0,科研人员
4072,0,54,0,Java
4077,5,0,10,科研人员
4079,0,6,0,硬件测试
4080,5,6,13,技术支持工程师
4087,5,39,0,技术支持工程师
4089,0,34,0,Java
4091,0,14,0,硬件测试
4093,5,6,15,技术支持工程师
4096,5,3,0,技术支持工程师
4097,0,3,0,科研人员
4099,0,14,8,测试工程师
4100,0,14,0,硬件测试
4102,5,14,10,科研人员
4103,5,14,10,科研人员
4106,0,32,0,C/C++
4107,5,53,16,前端开发
4108,0,20,5,C/C++
4109,0,9,0,技术支持工程师
4113,0,19,10,软件测试
4114,0,3,0,实施工程师
4115,5,12,15,实施工程师
4119,5,11,5,测试工程师
4121,5,20,10,测试工程师
4123,5,11,0,C/C++
4127,5,23,5,C/C++
4131,10,26,17,科研人员
4134,0,22,0,C/C++
4135,0,16,0,测试工程师
4138,0,16,0,测试工程师
4140,5,12,10,科研人员
4142,0,11,0,测试工程师
4146,5,6,3,实施工程师
4148,5,8,12,C/C++
4152,5,3,0,软件测试
4156,5,23,5,C/C++
4161,5,14,10,实施工程师
4162,5,6,0,测试工程师
4163,15,22,0,C/C++
4165,0,15,2,技术支持工程师
4172,5,35,2,Java
4173,0,16,0,C/C++
4180,0,37,0,Java
4181,0,3,5,技术支持工程师
4184,5,28,0,Java
4187,0,20,5,C/C++
4189,5,14,10,硬件测试
4191,0,19,10,软件测试
4192,7,0,22,技术支持工程师
4194,5,43,7,Java
4195,5,3,0,技术支持工程师
4198,0,34,0,Java
4200,5,3,0,测试工程师
4202,7,6,8,技术支持工程师
4209,5,8,5,科研人员
4216,0,89,0,前端开发
4218,0,15,0,实施工程师
4222,0,20,5,C/C++
4223,5,37,10,前端开发
4227,5,27,10,C/C++
4228,5,23,5,C/C++
4229,0,6,0,硬件测试
4230,5,3,0,实施工程师
4231,5,9,10,测试工程师
4232,5,0,0,实施工程师
4236,5,3,0,软件测试
4239,0,35,17,Java
4240,5,43,7,前端开发
4242,5,11,5,测试工程师
4246,5,12,0,科研人员
4247,22,0,5,科研人员
4248,5,6,10,科研人员
4250,0,22,3,前端开发
4255,0,16,22,测试工程师
4260,0,8,7,实施工程师
4264,5,29,5,软件测试
4268,5,3,5,技术支持工程师
4270,4,44,0,前端开发
4273,5,3,5,科研人员
4278,5,17,5,测试工程师
4279,0,24,5,C/C++
4284,0,9,0,技术支持工程师
4287,5,3,0,软件测试
4294,2,3,0,技术支持工程师
4296,5,3,0,软件测试
4299,0,25,3,前端开发
4300,0,3,0,实施工程师
4304,0,3,0,测试工程师
4305,5,6,0,硬件测试
4307,5,3,0,硬件测试
4316,0,6,0,软件测试
4319,5,3,5,实施工程师
4326,2,3,9,科研人员
4328,0,6,5,硬件测试
4330,5,12,5,Java
4331,5,11,7,技术支持工程师
4334,0,6,10,测试工程师
4339,5,17,2,科研人员
4341,0,38,0,Java
4342,5,12,8,实施工程师
4345,0,42,0,Java
4348,5,6,0,技术支持工程师
4352,0,20,5,C/C++
4355,0,9,12,测试工程师
4356,0,54,0,Java
4358,0,9,0,实施工程师
4359,0,54,0,Java
4360,5,29,0,C/C++
4363,0,14,0,硬件测试
4367,0,3,0,科研人员
4371,0,3,0,前端开发
4374,5,17,5,硬件测试
4375,0,38,0,Java
4377,5,26,0,Java
4385,0,24,0,C/C++
4389,0,55,7,Java
4395,0,35,7,Java
4397,0,6,5,硬件测试
4404,0,3,0,前端开发
4410,5,32,0,Java
4415,5,25,0,Java
4417,0,6,0,软件测试
4418,0,6,0,C/C++
4420,0,39,2,C/C++
4421,0,38,10,前端开发
4422,5,12,0,测试工程师
4425,0,6,0,实施工程师
4427,5,21,14,实施工程师
4428,5,6,0,技术支持工程师
4430,0,14,0,测试工程师
4431,5,14,7,测试工程师
4433,0,8,0,测试工程师
4435,0,36,3,Java
4438,5,3,10,科研人员
4439,5,17,5,技术支持工程师
4440,5,41,14,软件测试
4441,0,9,0,实施工程师
4448,0,3,0,实施工程师
4450,0,3,9,实施工程师
4454,0,6,7,实施工程师
4456,0,9,0,技术支持工程师
4457,0,44,0,Java
4458,0,6,8,科研人员
4462,5,38,10,前端开发
4463,5,3,0,技术支持工程师
4464,5,26,8,软件测试
4466,5,6,0,测试工程师
4467,5,0,10,科研人员
4469,0,3,0,C/C++
4474,5,6,5,硬件测试
4476,5,6,0,科研人员
4477,0,6,0,软件测试
4478,0,36,3,C/C++
4481,0,25,10,Java
4486,5,3,0,科研人员
4490,0,8,15,Java
4496,0,3,0,律师助理
4502,0,3,5,猎头顾问
4503,0,3,15,档案管理
4506,5,9,0,招聘专员/助理
4510,0,3,15,咨询顾问
4512,0,6,19,销售工程师
4513,5,3,10,资料管理
4514,5,0,10,售后客服
4522,5,5,10,英语翻译
4526,7,3,0,风电工程师
4535,10,6,0,网络客服
4536,0,5,5,统计员
4539,5,6,20,大客户代表
4540,5,3,0,内容审核
4550,0,6,10,BD经理
4551,7,0,18,BD经理
4556,5,6,0,BD经理
4562,5,0,2,储备经理人
4563,5,3,0,内容审核
4568,5,11,8,销售助理
4574,5,3,5,知识产权/专利代理
4575,5,6,10,社区运营
4580,0,11,5,运营助理/专员
4581,5,0,20,统计员
4583,5,9,15,管培生/储备干部
4584,5,0,8,律师助理
4586,5,0,12,猎头顾问
4588,5,3,3,培训师
4589,5,0,5,项目招投标
4592,0,3,0,APP推广
4598,5,0,0,销售助理
4606,5,0,0,管培生/储备干部
4615,2,6,12,BD经理
4617,5,6,10,广告销售
4618,0,6,0,BD经理
4619,10,0,0,项目招投标
4621,5,0,7,招聘专员/助理
4628,2,6,5,电话客服
4632,0,3,15,储备经理人
4634,5,0,12,风电工程师
4636,0,3,0,律师
4638,5,0,0,项目招投标
4639,0,15,3,培训师
4644,5,0,0,总助/CEO助理/董事长助理
4645,5,5,0,法务专员/助理
4646,0,6,3,销售工程师
4648,0,3,0,电话销售
4649,0,3,3,电话销售
4653,12,17,5,销售工程师
4661,0,3,0,质检员
4667,5,5,17,售后客服
4669,5,0,8,招聘专员/助理
4670,0,3,0,销售运营
4672,5,3,7,招聘专员/助理
4676,0,5,12,律师助理
4680,0,3,7,统计员
4681,7,11,5,运营助理/专员
4682,0,0,5,猎头顾问
4684,0,3,0,游戏推广
4685,0,9,0,BD经理
4686,5,0,0,售后客服
4687,5,9,8,培训师
4692,0,3,5,项目经理/主管
4696,0,3,0,电话销售
4697,0,3,0,游戏推广
4699,10,6,3,日语翻译
4702,0,0,23,英语翻译
4703,0,6,0,网络销售
4706,7,3,10,风电工程师
4710,5,6,10,招聘专员/助理
4711,0,6,0,网络销售
4713,10,0,7,招聘专员/助理
4714,5,6,5,储备干部
4715,0,6,0,质量管理/测试
4720,0,3,0,社区运营
4723,5,0,0,招聘专员/助理
4725,0,0,3,游戏运营
4727,0,3,8,销售助理
4730,5,9,4,产品专员/助理
4732,10,3,0,网络客服
4733,0,3,0,APP推广
4734,7,0,5,管培生/储备干部
4735,0,3,3,电话客服
4736,5,3,8,管培生/储备干部
4739,7,3,0,风电工程师
4747,5,0,0,律师
4749,5,3,7,质量管理/测试
4750,5,0,8,商务专员
4754,5,8,5,网络销售
4756,5,0,17,储备干部
4761,2,3,10,知识产权/专利代理
4763,0,3,10,广告销售
4770,0,3,10,BD经理
4774,5,0,0,法务专员/助理
4778,5,9,10,项目经理/主管
4782,5,6,5,招聘专员/助理
4784,0,0,10,统计员
4792,5,3,5,商务专员
4793,5,0,3,知识产权/专利代理
4794,0,3,0,售后客服
4795,0,3,9,招聘专员/助理
4798,5,3,0,储备干部
4803,5,3,13,运营助理/专员
4804,0,6,0,资料管理
4807,0,3,0,产品专员/助理
4810,0,3,0,律师
4816,5,14,23,律师
4817,5,14,0,资料管理
4822,7,0,8,总助/CEO助理/董事长助理
4828,5,0,5,售后客服
4832,5,8,3,律师
4833,5,0,10,总助/CEO助理/董事长助理
4836,0,3,12,储备干部
4837,0,3,0,游戏推广
4838,5,6,8,知识产权/专利代理
4841,12,3,15,网络客服
4848,0,0,5,社区运营
4849,5,6,0,质量管理/测试
4854,0,3,0,培训师
4855,5,3,0,法务专员/助理
4860,5,6,0,BD经理
4863,2,3,3,招聘专员/助理
4867,0,3,20,咨询顾问
4869,0,3,0,社区运营
4874,5,0,0,储备经理人
4879,5,8,10,项目招投标
4886,5,0,0,档案管理
4889,0,3,0,猎头顾问
4890,0,3,0,项目专员/助理
4896,5,3,0,社区运营
4897,0,9,5,大客户代表
4903,0,3,0,APP推广
4910,7,0,5,咨询顾问
4912,7,3,0,知识产权/专利代理
4913,9,3,0,风电工程师
4914,12,0,5,销售运营
4919,0,3,0,质量管理/测试
4921,0,12,0,质量管理/测试
4923,5,6,10,大客户代表
4929,0,6,8,电话客服
4932,0,0,5,电话销售
4934,10,11,0,储备干部
4935,2,6,0,储备干部
4939,2,6,15,英语翻译
4941,5,8,7,运营助理/专员
4944,0,3,0,质检员
4953,5,0,9,内容审核
4954,0,9,5,BD经理
4957,5,0,8,商务专员
4959,0,6,0,招聘专员/助理
4964,0,3,0,游戏推广
4967,0,9,0,电话销售
4968,0,6,0,猎头顾问
4970,0,6,0,项目专员/助理
4972,5,19,5,法务专员/助理
4975,10,5,9,律师助理
4976,7,6,8,大客户代表
4983,5,3,24,招聘专员/助理
4985,0,6,0,档案管理
4987,0,0,10,APP推广
4988,5,3,0,总助/CEO助理/董事长助理
4991,5,0,10,英语翻译
4995,10,6,15,销售工程师
5000,5,8,5,总助/CEO助理/董事长助理
5002,5,0,15,电话销售
5003,7,0,5,质检员
5006,0,11,12,猎头顾问
5007,10,6,7,培训师
5008,0,6,0,资料管理
5012,10,0,0,网络客服
5016,10,6,8,咨询顾问
5018,5,6,5,销售运营
5020,0,3,0,社区运营
5021,5,0,7,统计员
5024,10,0,0,总助/CEO助理/董事长助理
5026,4,3,17,总助/CEO助理/董事长助理
5027,0,3,0,质量管理/测试
5031,5,2,5,日语翻译
5042,5,3,7,律师助理
5046,5,8,5,知识产权/专利代理
5047,0,3,0,培训师
5051,5,9,20,产品专员/助理
5056,0,0,5,社区运营
5059,0,3,10,APP推广
5060,0,8,0,律师
5065,0,0,13,电话客服
5077,5,0,8,质量管理/测试
5078,5,3,7,咨询顾问
5081,0,0,8,律师
5082,5,5,18,律师助理
5086,10,0,13,律师
5087,0,3,0,律师
5088,5,0,0,质量管理/测试
5089,5,0,0,知识产权/专利代理
5094,9,3,0,风电工程师
5096,0,3,12,销售助理
5099,5,0,10,销售助理
5101,5,0,10,电话销售
5103,0,6,0,律师
5104,0,3,0,APP推广
5106,10,6,0,储备干部
5110,5,14,0,项目经理/主管
5112,0,3,0,运营助理/专员
5117,0,14,17,项目专员/助理
5118,5,3,12,法务专员/助理
5122,0,3,8,咨询顾问
5123,5,3,5,猎头顾问
5136,0,3,0,销售运营
5143,5,8,3,产品专员/助理
5145,5,0,27,统计员
5147,0,3,12,BD经理
5149,0,3,0,游戏运营
5152,0,9,0,大客户代表
5162,5,6,5,项目专员/助理
5169,5,3,7,储备经理人
5171,0,0,10,销售工程师
5176,0,15,10,培训师
5177,5,0,20,项目专员/助理
5181,0,0,7,网络客服
5183,10,3,0,BD经理
5187,5,0,5,律师
5189,4,3,0,风电工程师
5192,0,12,0,质量管理/测试
5195,0,2,3,日语翻译
5202,12,6,3,质检员
5204,0,3,5,网络销售
5211,9,0,0,储备经理人
5216,0,3,0,销售工程师
5217,5,8,7,律师
5221,5,0,0,律师
5222,5,3,8,招聘专员/助理
5223,0,3,0,社区运营
5229,5,3,25,销售工程师
5231,0,11,5,BD经理
5232,0,9,0,销售工程师
5233,5,6,10,商务专员
5236,0,6,27,广告销售
5237,0,3,15,档案管理
5243,5,3,5,销售工程师
5245,5,6,13,项目专员/助理
5247,5,11,22,统计员
5250,5,3,10,档案管理
5251,5,0,0,质量管理/测试
5257,5,0,17,知识产权/专利代理
5258,5,0,0,内容审核
5264,0,3,0,社区运营
5265,0,3,5,电话销售
5266,5,9,0,销售助理
5271,0,12,0,商务专员
5272,0,2,3,日语翻译
5275,0,3,0,招聘专员/助理
5280,0,3,0,销售工程师
5283,0,0,10,广告销售
5286,7,0,19,商务专员
5288,5,0,8,律师助理
5289,5,3,13,质检员
5291,5,3,13,销售工程师
5292,10,6,0,运营助理/专员
5299,0,0,5,售后客服
5304,5,9,10,培训师
5307,5,6,8,质量管理/测试
5308,5,12,0,项目专员/助理
5309,0,8,8,英语翻译
5313,5,0,0,内容审核
5315,5,0,0,律师
5316,0,6,0,销售运营
5331,0,3,13,猎头顾问
5335,5,0,0,内容审核
5336,5,0,24,英语翻译
5337,0,0,7,APP推广
5340,9,3,0,风电工程师
5341,0,3,12,销售运营
5342,5,6,10,社区运营
5348,5,12,0,项目经理/主管
5355,0,3,8,广告销售
5356,0,3,5,网络销售
5359,0,12,5,BD经理
5361,5,3,0,项目专员/助理
5364,0,3,7,游戏推广
5366,5,9,10,咨询顾问
5368,5,0,5,日语翻译
5369,0,0,12,资料管理
5370,5,3,5,知识产权/专利代理
5376,5,0,0,档案管理
5379,0,6,0,储备干部
5380,2,3,0,储备经理人
5381,0,0,6,知识产权/专利代理
5384,0,3,0,运营助理/专员
5385,12,3,8,网络客服
5386,2,0,5,总助/CEO助理/董事长助理
5397,5,3,5,项目专员/助理
5400,5,8,10,管培生/储备干部
5404,0,3,0,储备经理人
5405,0,3,7,游戏推广
5408,5,0,0,广告销售
5409,0,5,15,律师
5415,5,3,28,知识产权/专利代理
5417,0,3,5,社区运营
5418,5,6,0,销售工程师
5420,5,0,12,质量管理/测试
5421,0,6,0,法务专员/助理
5424,0,0,5,销售运营
5425,0,9,0,质量管理/测试
5426,7,0,0,BD经理
5433,0,3,0,社区运营
5436,7,0,22,运营助理/专员
5437,0,6,3,运营助理/专员
5438,5,0,20,招聘专员/助理
5442,0,12,12,社区运营
5443,5,0,0,统计员
5445,0,3,8,销售工程师
5446,10,6,0,知识产权/专利代理
5449,0,3,0,网络客服
5451,0,8,5,储备干部
5455,5,0,0,售后客服
5458,0,3,0,质量管理/测试
5462,0,3,0,APP推广
5463,0,3,0,网络客服
5465,5,0,5,网络客服
5467,0,9,7,咨询顾问
5468,5,3,0,网络客服
5471,0,3,0,商务专员
5472,5,9,10,BD经理
5473,5,0,0,销售工程师
5474,0,3,0,销售运营
5475,5,6,7,BD经理
5484,0,3,0,游戏推广
5485,5,6,5,管培生/储备干部
5492,5,6,12,销售工程师
5503,5,0,5,内容审核
5509,0,3,8,电话客服
5512,0,6,5,咨询顾问
5515,5,8,5,游戏运营
5516,5,3,9,总助/CEO助理/董事长助理
5519,5,3,0,社区运营
5527,5,6,0,大客户代表
5531,0,6,0,销售工程师
5532,5,0,12,电话客服
5534,0,3,0,APP推广
5537,5,9,0,总助/CEO助理/董事长助理
5539,0,3,0,内容审核
5543,7,3,0,项目专员/助理
5551,7,3,0,电话销售
5555,0,3,0,售后客服
5558,0,3,0,大客户代表
5559,5,6,3,招聘专员/助理
5562,0,6,10,运营助理/专员
5564,5,0,5,项目招投标
5571,0,3,8,日语翻译
5573,0,11,0,运营助理/专员
5577,5,6,15,知识产权/专利代理
5581,0,3,0,网络销售
5585,0,0,10,统计员
5587,7,8,0,总助/CEO助理/董事长助理
5588,5,5,3,日语翻译
5594,5,6,0,储备干部
5598,5,6,5,项目经理/主管
5600,5,3,0,社区运营
5602,5,3,20,运营助理/专员
5608,0,3,0,游戏推广
5613,0,3,0,项目专员/助理
5618,0,6,0,质量管理/测试
5620,5,8,2,猎头顾问
5622,0,3,0,统计员
5623,5,0,10,知识产权/专利代理
5629,0,3,0,电话销售
5632,5,3,12,资料管理
5633,5,9,5,储备经理人
5637,5,0,0,律师助理
5641,5,0,0,英语翻译
5642,5,0,12,商务专员
5643,5,0,7,网络销售
5645,5,3,5,法务专员/助理
5646,0,6,0,咨询顾问
5651,5,3,10,销售运营
5652,5,0,0,内容审核
5655,5,8,17,游戏运营
5656,5,0,0,档案管理
5657,0,6,10,销售运营
5659,0,3,7,网络客服
5661,0,3,0,培训师
5664,7,0,9,销售助理
5665,5,0,7,广告销售
5669,7,0,12,项目专员/助理
5670,7,9,12,风电工程师
5671,0,6,3,知识产权/专利代理
5672,0,6,0,网络销售
5679,0,6,10,网络销售
5686,5,0,0,管培生/储备干部
5691,5,9,22,销售助理
5693,7,8,17,猎头顾问
5701,5,5,5,猎头顾问
5703,5,3,5,法务专员/助理
5706,5,11,5,商务专员
5714,5,6,10,社区运营
5715,5,0,5,质检员
5717,5,0,7,知识产权/专利代理
5720,2,3,0,风电工程师
5723,5,9,8,知识产权/专利代理
5728,0,0,8,资料管理
5729,0,11,8,销售运营
5730,0,0,5,律师助理
5731,0,6,10,英语翻译
5734,5,0,0,招聘专员/助理
5736,5,3,0,社区运营
5740,0,9,20,项目经理/主管
5741,7,8,0,总助/CEO助理/董事长助理
5743,0,6,0,APP推广
5744,5,6,0,招聘专员/助理
5746,0,3,0,网络客服
5748,5,6,17,销售运营
5751,10,6,5,游戏运营
5754,0,3,10,风电工程师
5762,5,11,17,电话销售
5763,5,6,10,销售运营
5769,5,6,0,BD经理
5770,5,6,5,储备经理人
5774,5,6,10,BD经理
5777,0,9,0,电话销售
5778,0,3,10,运营助理/专员
5780,5,0,5,资料管理
5781,5,3,18,运营助理/专员
5784,0,3,17,广告销售
5788,0,3,0,质检员
5792,2,0,5,统计员
5794,5,3,10,游戏推广
5795,5,6,15,猎头顾问
5799,0,3,0,网络客服
5802,10,6,24,猎头顾问
5804,5,5,24,销售助理
5807,0,6,0,项目经理/主管
5808,5,0,13,商务专员
5819,5,0,17,广告销售
5823,7,3,3,英语翻译
5825,5,0,5,知识产权/专利代理
5826,0,3,0,网络销售
5827,5,0,0,猎头顾问
5828,5,3,10,销售运营
5834,0,6,0,社区运营
5840,0,9,10,售后客服
5844,5,0,13,法务专员/助理
5849,0,3,5,招聘专员/助理
5850,0,3,10,售后客服
5856,5,3,10,总助/CEO助理/董事长助理
5860,0,3,0,销售工程师
5868,5,11,5,项目经理/主管
5872,5,3,10,BD经理
5873,0,3,0,商务专员
5874,2,6,18,电话销售
5875,5,6,0,销售工程师
5877,7,0,5,管培生/储备干部
5878,5,0,5,律师
5879,0,5,17,管培生/储备干部
5884,5,3,5,大客户代表
5885,5,8,17,猎头顾问
5890,5,3,0,运营助理/专员
5895,7,0,10,英语翻译
5898,5,9,5,售后客服
5901,10,0,15,律师助理
5904,2,3,13,质检员
5905,7,9,0,总助/CEO助理/董事长助理
5906,2,3,0,风电工程师
5910,0,3,0,总助/CEO助理/董事长助理
5911,5,6,5,商务专员
5913,5,0,10,销售助理
5915,5,3,5,广告销售
5918,5,0,10,储备经理人
5920,5,6,10,销售助理
5926,5,0,0,质量管理/测试
5931,5,3,12,知识产权/专利代理
5932,5,2,0,英语翻译
5935,5,0,8,销售运营
5937,5,3,20,内容审核
5940,0,3,10,APP推广
5942,0,3,10,质检员
5943,5,0,0,电话客服
5944,5,0,0,售后客服
5947,0,3,0,网络客服
5949,5,0,17,储备干部
5950,0,3,0,电话客服
5955,0,6,0,储备干部
5957,0,3,5,商务专员
5960,0,6,0,社区运营
5961,5,3,12,律师助理
5962,7,3,15,网络客服
5969,0,11,10,内容审核
5977,5,11,2,资料管理
5981,5,6,0,质量管理/测试
5983,5,3,12,管培生/储备干部
5985,0,6,0,档案管理
5986,0,6,0,社区运营
5987,12,12,10,咨询顾问
5990,0,0,17,律师助理
5991,0,6,24,广告销售
5993,5,0,20,项目招投标
5994,5,6,0,培训师
5997,10,0,12,猎头顾问
5998,5,0,18,法务专员/助理
6000,0,12,5,商务专员
6002,0,3,0,游戏运营
6005,0,3,0,APP推广
6006,5,9,8,大客户代表
6009,5,6,2,项目经理/主管
6010,0,6,10,储备经理人
6012,2,0,16,律师助理
6013,5,0,5,项目招投标
6016,0,3,8,项目招投标
6018,0,3,0,质检员
6023,5,5,7,资料管理
6029,0,3,12,销售运营
6033,5,0,7,项目招投标
6035,5,15,0,项目专员/助理
6043,0,9,0,项目经理/主管
6045,0,3,0,游戏运营
6048,5,3,20,商务专员
6049,5,9,13,知识产权/专利代理
6051,0,6,10,社区运营
6052,2,0,5,广告销售
6054,0,3,15,电话销售
6060,0,3,0,电话销售
6064,0,6,10,售后客服
6065,5,0,12,档案管理
6068,0,6,5,运营助理/专员
6074,5,9,10,销售助理
6089,0,3,10,网络销售
6091,5,3,5,网络客服
6093,7,6,0,法务专员/助理
6094,0,0,20,运营助理/专员
6097,0,3,0,大客户代表
6099,5,0,0,内容审核
6105,5,0,12,法务专员/助理
6109,7,3,0,项目专员/助理
6113,5,3,5,商务专员
6115,0,3,0,销售运营
6116,0,6,0,大客户代表
6118,5,8,15,项目经理/主管
6121,5,12,15,游戏运营
6127,0,6,0,大客户代表
6129,0,0,5,游戏运营
6130,5,6,10,管培生/储备干部
6134,0,3,15,电话客服
6136,5,14,8,广告销售
6137,0,3,12,社区运营
6139,5,0,5,律师助理
6144,0,3,7,游戏推广
6145,0,0,12,电话销售
6146,5,6,13,管培生/储备干部
6147,5,3,5,培训师
6148,0,3,0,产品专员/助理
6157,0,3,0,大客户代表
6158,10,12,3,猎头顾问
6159,5,3,8,总助/CEO助理/董事长助理
6160,0,6,0,广告销售
6162,7,8,5,销售工程师
6167,5,11,10,运营助理/专员
6179,0,9,7,猎头顾问
6181,5,3,7,游戏运营
6182,5,0,8,游戏运营
6194,0,3,0,运营助理/专员
6195,0,3,0,广告销售
6198,5,3,7,律师助理
6199,5,17,15,培训师
6200,0,3,0,资料管理
6202,5,0,0,网络销售
6204,5,0,0,质检员
6205,0,9,5,销售工程师
6206,7,0,12,储备经理人
6214,0,6,8,培训师
6216,5,6,0,储备干部
6220,5,0,15,知识产权/专利代理
6227,5,6,0,BD经理
6233,10,6,15,储备经理人
6234,7,3,0,风电工程师
6237,5,3,0,电话客服
6244,5,0,15,运营助理/专员
6245,5,6,0,BD经理
6247,0,9,0,档案管理
6250,0,5,5,统计员
6255,5,6,15,网络客服
6256,2,0,10,管培生/储备干部
6257,0,0,10,统计员
6258,5,9,10,社区运营
6263,5,17,10,管培生/储备干部
6265,0,9,5,网络销售
6271,5,0,15,游戏运营
6272,5,6,20,社区运营
6275,5,3,0,大客户代表
6276,5,0,0,知识产权/专利代理
6279,5,0,5,广告销售
6284,5,6,10,社区运营
6287,5,14,3,管培生/储备干部
6288,0,3,10,项目经理/主管
6291,5,6,0,项目经理/主管
6295,7,3,0,风电工程师
6303,5,12,5,培训师
6309,5,3,8,电话客服
6310,0,3,0,社区运营
6315,5,0,5,项目招投标
6320,0,3,0,社区运营
6322,0,0,13,律师助理
6324,5,0,0,总助/CEO助理/董事长助理
6326,5,3,0,大客户代表
6330,2,9,0,储备经理人
6333,0,3,5,猎头顾问
6334,0,3,0,总助/CEO助理/董事长助理
6346,5,9,0,英语翻译
6349,0,11,10,销售运营
6352,0,3,10,总助/CEO助理/董事长助理
6353,10,0,7,统计员
6357,0,3,0,售后客服
6359,5,3,2,电话销售
6360,5,0,15,统计员
6365,5,0,0,内容审核
6374,5,6,0,储备经理人
6377,2,6,0,招聘专员/助理
6378,5,3,18,招聘专员/助理
6380,5,0,17,管培生/储备干部
6386,0,3,5,大客户代表
6396,5,0,0,网络客服
6401,5,0,0,律师助理
6407,2,3,0,储备经理人
6410,0,0,15,总助/CEO助理/董事长助理
6411,5,0,5,内容审核
6417,0,0,13,律师助理
6419,0,6,7,商务专员
6420,5,11,7,日语翻译
6421,0,3,0,网络客服
6422,5,0,0,网络客服
6423,0,6,20,电话销售
6426,0,3,0,猎头顾问
6430,5,3,15,招聘专员/助理
6432,0,3,0,销售运营
6437,0,3,0,项目专员/助理
6438,5,3,0,大客户代表
6444,5,0,0,质量管理/测试
6448,2,3,8,培训师
6449,0,3,0,APP推广
6452,0,6,2,商务专员
6454,5,6,0,销售工程师
6457,7,3,0,风电工程师
6458,0,6,0,总助/CEO助理/董事长助理
6461,0,6,0,项目经理/主管
6462,0,3,3,BD经理
6471,12,0,5,统计员
6472,5,0,0,销售助理
6473,0,6,0,英语翻译
6478,0,3,5,咨询顾问
6479,5,0,0,项目招投标
6480,7,3,13,管培生/储备干部
6490,5,0,0,质量管理/测试
6491,5,0,0,广告销售
6493,5,6,5,销售工程师
6498,2,8,12,知识产权/专利代理
6500,0,3,0,总助/CEO助理/董事长助理
6502,0,3,0,大客户代表
6505,0,9,2,培训师
6508,0,11,8,销售运营
6510,0,0,5,游戏运营
6518,2,3,0,风电工程师
6522,0,3,0,质量管理/测试
6524,5,0,10,知识产权/专利代理
6532,0,3,19,网络销售
6537,5,6,10,BD经理
6543,5,0,18,知识产权/专利代理
6545,5,3,5,猎头顾问
6556,5,0,0,资料管理
6557,0,6,0,大客户代表
6559,0,14,7,项目专员/助理
6560,0,6,3,商务专员
6561,0,6,0,商务专员
6570,0,9,7,咨询顾问
6571,5,0,2,销售运营
6574,5,0,0,项目招投标
6576,5,0,5,质检员
6582,5,3,5,咨询顾问
6588,5,9,13,销售运营
6590,0,0,7,APP推广
6594,0,0,8,资料管理
6597,0,3,3,售后客服
6605,5,0,3,销售助理
6614,5,0,5,运营助理/专员
6617,7,0,15,储备干部
6620,5,6,10,风电工程师
6621,0,8,5,电话销售
6622,5,0,15,统计员
6626,5,3,15,产品专员/助理
6628,0,3,0,知识产权/专利代理
6630,5,0,0,售后客服
6632,0,3,0,电话销售
6637,2,9,0,总助/CEO助理/董事长助理
6640,5,15,5,质量管理/测试
6641,7,6,0,咨询顾问
6642,5,6,17,BD经理
6646,5,6,10,广告销售
6653,0,3,0,储备经理人
6656,5,3,0,咨询顾问
6658,0,3,15,招聘专员/助理
6660,0,9,3,储备经理人
6661,5,3,3,培训师
6668,0,3,0,社区运营
6670,5,0,0,风电工程师
6671,0,5,5,游戏推广
6672,5,9,2,质量管理/测试
6677,7,3,0,风电工程师
6679,0,3,0,内容审核
6680,10,6,22,销售工程师
6681,0,9,7,咨询顾问
6682,5,3,0,网络客服
6683,5,3,5,大客户代表
6684,5,0,0,律师
6685,5,3,17,BD经理
6686,5,6,0,BD经理
6687,5,6,7,培训师
6688,0,3,0,售后客服
6696,5,5,5,英语翻译
6697,0,3,0,风电工程师
6700,10,3,5,英语翻译
6703,0,6,0,猎头顾问
6705,7,0,3,销售运营
6706,5,6,13,项目专员/助理
6708,5,0,5,商务专员
6709,5,17,19,销售运营
6712,5,3,0,招聘专员/助理
6717,5,3,5,质量管理/测试
6721,0,3,5,咨询顾问
6724,5,9,13,项目经理/主管
6727,5,6,0,销售工程师
6731,5,6,0,广告销售
6737,0,9,2,大客户代表
6738,5,0,10,律师助理
6746,0,6,0,大客户代表
6747,5,3,0,网络销售
6748,5,6,7,游戏运营
6750,5,3,10,项目专员/助理
6751,2,3,5,产品专员/助理
6754,0,3,10,销售助理
6755,5,3,10,社区运营
6756,0,6,10,咨询顾问
6757,0,6,0,APP推广
6758,5,0,13,销售助理
6759,2,6,3,销售运营
6763,5,6,10,BD经理
6767,0,3,12,英语翻译
6770,5,0,5,总助/CEO助理/董事长助理
6776,5,3,0,储备经理人
6782,5,0,5,游戏运营
6785,0,3,0,游戏运营
6786,0,8,10,招聘专员/助理
6787,7,0,0,管培生/储备干部
6788,0,3,0,APP推广
6792,0,8,7,电话销售
6796,5,8,15,日语翻译
6798,0,0,15,猎头顾问
6801,5,3,7,售后客服
6809,5,0,0,电话客服
6810,5,0,2,法务专员/助理
6812,7,0,10,律师助理
6813,5,6,9,销售工程师
6817,5,6,10,社区运营
6818,5,3,12,培训师
6820,0,9,3,储备经理人
6821,5,3,0,电话销售
6824,5,0,0,档案管理
6828,0,15,15,项目专员/助理
6834,7,6,5,储备经理人
6843,10,0,13,猎头顾问
6847,0,8,10,BD经理
6848,0,3,0,网络销售
6850,5,3,18,运营助理/专员
6853,7,0,15,项目专员/助理
6854,5,6,0,档案管理
6856,0,3,0,电话客服
6857,0,3,0,售后客服
6860,5,3,15,电话销售
6861,5,0,0,内容审核
6862,5,0,0,质量管理/测试
6863,5,3,5,BD经理
6865,5,6,12,资料管理
6871,0,3,12,运营助理/专员
6872,5,0,12,招聘专员/助理
6873,5,5,0,培训师
6875,5,0,5,项目招投标
6876,5,3,15,项目专员/助理
6883,0,3,0,销售运营
6884,0,3,0,APP推广
6887,0,6,0,质检员
6889,5,0,0,培训师
6890,5,0,3,猎头顾问
6892,0,0,5,销售助理
6894,5,6,7,项目经理/主管
6896,5,0,0,管培生/储备干部
6899,0,0,12,游戏运营
6902,0,3,3,律师
6904,2,3,0,档案管理
6909,0,3,0,统计员
6911,10,3,0,管培生/储备干部
6912,5,3,10,律师
6914,5,0,0,内容审核
6916,5,36,12,网络客服
6920,5,3,7,律师
6923,0,3,0,资料管理
6927,5,3,37,商务专员
6935,5,6,0,BD经理
6936,10,9,18,储备干部
6940,5,5,20,总助/CEO助理/董事长助理
6942,5,6,17,销售工程师
6943,0,3,0,内容审核
6944,2,3,27,BD经理
6946,0,3,5,日语翻译
6948,5,6,0,BD经理
6949,5,6,21,产品专员/助理
6950,5,6,0,项目经理/主管
6955,2,6,17,电话销售
6962,5,5,17,律师
6963,5,5,0,律师
6966,0,0,12,游戏运营
6967,0,6,0,APP推广
6969,0,3,3,电话销售
6973,0,6,0,社区运营
6974,10,0,0,知识产权/专利代理
6976,0,6,7,销售工程师
6977,5,0,10,档案管理
6988,2,0,5,英语翻译
6991,0,3,13,网络销售
6992,5,0,10,销售助理
6996,0,12,0,质量管理/测试
6999,0,6,10,BD经理
7004,0,3,7,猎头顾问
7009,10,3,0,质检员
7010,0,6,0,资料管理
7014,5,9,0,咨询顾问
7015,0,3,0,游戏推广
7018,5,8,3,网络销售
7019,7,6,6,销售工程师
7021,0,6,0,大客户代表
7022,5,6,8,储备经理人
7024,0,3,0,风电工程师
7025,0,6,0,档案管理
7029,5,6,10,招聘专员/助理
7030,5,2,0,英语翻译
7031,10,3,0,网络销售
7034,0,6,0,运营助理/专员
7036,0,3,9,招聘专员/助理
7038,5,0,18,统计员
7041,0,3,0,质量管理/测试
7050,5,6,0,大客户代表
7053,5,5,7,法务专员/助理
7060,2,3,0,电话销售
7064,0,3,0,英语翻译
7065,0,3,0,培训师
7067,0,3,12,统计员
7071,5,8,0,游戏运营
7073,5,0,0,质量管理/测试
7074,0,6,0,律师
7075,2,3,5,储备干部
7082,0,11,10,内容审核
7091,5,3,8,质检员
7096,0,3,0,招聘专员/助理
7097,5,3,14,项目招投标
7098,5,3,0,网络销售
7099,0,6,0,储备经理人
7111,5,3,0,总助/CEO助理/董事长助理
7112,0,3,10,质检员
7113,5,0,0,培训师
7115,5,3,0,律师助理
7116,5,3,10,销售助理
7121,0,0,8,律师
7122,5,3,0,储备经理人
7124,2,0,17,销售助理
7128,0,0,15,项目专员/助理
7129,5,8,0,项目经理/主管
7130,5,3,12,售后客服
7133,5,0,15,项目招投标
7136,10,0,5,知识产权/专利代理
7137,0,3,0,广告销售
7139,0,0,9,管培生/储备干部
7140,0,6,10,电话销售
7143,5,3,0,售后客服
7144,5,0,5,商务专员
7146,5,0,17,广告销售
7149,5,3,7,招聘专员/助理
7150,0,3,8,培训师
7151,0,9,5,网络销售
7154,5,3,7,质检员
7155,10,3,5,律师助理
7157,5,0,0,咨询顾问
7158,0,3,0,大客户代表
7160,0,6,0,管培生/储备干部
7163,0,3,11,售后客服
7165,0,3,0,游戏运营
7168,0,3,0,统计员
7169,5,0,5,网络销售
7172,0,11,20,广告销售
7175,0,0,10,统计员
7177,0,3,0,大客户代表
7178,0,3,0,APP推广
7179,5,0,2,内容审核
7182,5,14,0,资料管理
7185,7,3,10,法务专员/助理
7187,5,6,10,社区运营
7193,0,0,7,招聘专员/助理
7197,5,11,7,销售工程师
7198,5,12,5,储备经理人
7201,0,0,15,运营助理/专员
7204,0,3,5,网络销售
7206,0,3,5,APP推广
7207,5,0,13,广告销售
7209,5,0,0,管培生/储备干部
7211,0,9,0,咨询顾问
7213,0,6,5,BD经理
7214,5,3,15,内容审核
7215,5,0,10,统计员
7218,0,0,12,日语翻译
7221,7,26,7,项目经理/主管
7222,5,0,0,资料管理
7223,0,3,0,销售运营
7225,0,9,5,电话客服
7227,5,6,12,产品专员/助理
7228,2,6,10,法务专员/助理
7233,5,3,5,商务专员
7237,0,3,5,BD经理
7239,0,9,15,招聘专员/助理
7240,0,9,17,电话销售
7247,7,0,15,招聘专员/助理
7253,5,5,12,猎头顾问
7260,0,6,3,广告销售
7261,0,3,7,游戏推广
7262,0,3,0,APP推广
7263,5,6,12,资料管理
7264,10,3,17,培训师
7273,0,0,8,律师
7274,5,0,7,法务专员/助理
7275,0,3,0,大客户代表
7276,5,3,8,销售工程师
7277,2,0,15,网络客服
7281,5,3,7,培训师
7283,0,6,0,内容审核
7284,2,3,5,网络客服
7285,5,6,10,培训师
7289,4,3,0,猎头顾问
7290,5,0,12,储备干部
7292,0,3,0,APP推广
7293,7,3,0,风电工程师
7295,5,6,0,风电工程师
7299,5,3,0,总助/CEO助理/董事长助理
7302,10,3,0,管培生/储备干部
7313,5,0,0,总助/CEO助理/董事长助理
7314,5,3,0,培训师
7320,5,3,10,储备经理人
7321,5,6,10,社区运营
7325,5,6,20,广告销售
7327,5,0,0,档案管理
7333,5,0,0,总助/CEO助理/董事长助理
7335,0,0,8,内容审核
7339,7,5,10,销售工程师
7340,0,0,7,资料管理
7342,0,9,0,咨询顾问
7345,5,3,13,BD经理
7348,0,3,0,社区运营
7350,17,3,25,管培生/储备干部
7353,5,0,0,律师助理
7355,10,3,17,猎头顾问
7358,0,3,5,咨询顾问
7361,5,9,12,产品专员/助理
7366,2,8,17,BD经理
7367,5,3,0,培训师
7369,0,6,0,培训师
7374,0,6,17,内容审核
7376,0,3,20,商务专员
7377,5,0,5,销售助理
7379,0,3,0,APP推广
7386,5,3,0,游戏运营
7392,0,5,12,项目招投标
7393,0,3,0,培训师
7399,5,6,0,售后客服
7401,0,3,0,BD经理
7402,0,3,7,资料管理
7403,0,3,0,商务专员
7405,5,6,0,大客户代表
7414,5,0,5,律师助理
7415,7,3,0,风电工程师
7417,5,3,5,质检员
7419,5,0,12,档案管理
7420,0,3,10,储备干部
7421,0,9,0,销售工程师
7422,12,9,12,储备干部
7423,0,9,5,运营助理/专员
7424,5,6,10,销售运营
7426,0,6,0,社区运营
7427,0,3,0,项目招投标
7428,10,6,3,大客户代表
7432,0,9,0,大客户代表
7439,5,9,0,知识产权/专利代理
7441,5,9,7,销售工程师
7442,0,3,10,商务专员
7446,5,9,18,储备经理人
7447,5,3,5,电话客服
7452,5,0,24,管培生/储备干部
7453,0,6,0,社区运营
7457,5,0,22,广告销售
7458,0,3,0,APP推广
7462,5,14,5,广告销售
7464,5,5,13,社区运营
7465,5,11,7,英语翻译
7468,5,6,7,储备经理人
7471,5,3,0,咨询顾问
7472,5,6,0,销售工程师
7473,5,0,5,招聘专员/助理
7474,5,12,16,商务专员
7476,5,0,13,电话销售
7479,10,3,2,销售工程师
7484,5,9,8,培训师
7490,5,3,5,法务专员/助理
7492,0,3,5,运营助理/专员
7494,5,9,20,储备干部
7495,0,0,7,电话客服
7497,5,0,5,销售运营
7499,5,0,7,质量管理/测试
7500,7,3,0,猎头顾问
7502,0,3,0,电话销售
7503,0,8,0,风电工程师
7505,0,3,0,运营助理/专员
7509,5,0,10,咨询顾问
7513,5,3,17,销售工程师
7515,5,3,5,知识产权/专利代理
7517,0,3,0,电话销售
7521,5,3,15,项目招投标
7522,5,0,5,知识产权/专利代理
7524,0,3,2,电话客服
7525,5,0,7,管培生/储备干部
7526,5,0,5,销售运营
7531,5,3,8,网络销售
7533,5,0,8,律师
7534,5,5,0,律师
7536,0,9,5,BD经理
7537,5,3,5,销售助理
7542,5,3,0,法务专员/助理
7547,0,9,0,质量管理/测试
7548,5,6,5,质量管理/测试
7549,5,0,15,销售运营
7560,0,15,10,培训师
7561,5,3,0,广告销售
7563,0,3,7,销售助理
7566,5,0,0,统计员
7570,5,14,13,项目经理/主管
7571,0,3,0,销售运营
7572,5,5,5,资料管理
7575,5,6,8,储备经理人
7580,5,3,13,大客户代表
7583,0,0,5,招聘专员/助理
7586,5,0,0,内容审核
7591,0,8,10,招聘专员/助理
7592,5,3,0,销售运营
7593,5,0,0,内容审核
7596,5,12,17,项目经理/主管
7597,5,3,0,销售工程师
7602,2,5,10,销售运营
7605,7,5,10,律师助理
7607,0,6,0,咨询顾问
7612,5,9,0,招聘专员/助理
7613,5,3,5,招聘专员/助理
7614,7,0,10,电话销售
7615,5,0,0,英语翻译
7617,5,3,7,咨询顾问
7619,5,12,4,产品专员/助理
7620,0,3,0,项目经理/主管
7627,5,14,5,大客户代表
7630,5,5,10,管培生/储备干部
7631,5,6,5,BD经理
7632,5,6,0,招聘专员/助理
7638,0,0,17,律师助理
7645,0,3,0,培训师
7656,0,6,0,猎头顾问
7658,0,3,0,总助/CEO助理/董事长助理
7666,5,11,3,销售工程师
7668,5,3,0,猎头顾问
7672,2,3,5,运营助理/专员
7673,5,6,0,大客户代表
7674,5,0,0,资料管理
7675,5,3,3,知识产权/专利代理
7677,5,11,10,销售工程师
7679,5,0,8,销售助理
7680,2,0,5,统计员
7683,0,8,7,网络销售
7690,10,3,0,管培生/储备干部
7695,5,3,2,商务专员
7699,2,3,0,游戏运营
7700,5,3,0,资料管理
7704,5,3,7,售后客服
7709,0,9,5,BD经理
7711,5,8,7,广告销售
7713,5,6,5,BD经理
7721,0,6,8,网络销售
7723,0,3,0,商务专员
7726,5,0,0,售后客服
7729,0,3,0,内容审核
7730,5,0,10,招聘专员/助理
7731,5,3,20,销售工程师
7732,7,9,5,储备干部
7735,0,3,0,项目专员/助理
7736,0,3,0,项目专员/助理
7737,0,3,0,储备干部
7738,0,5,8,英语翻译
7745,5,0,0,资料管理
7746,0,3,0,英语翻译
7763,0,3,7,游戏推广
7765,0,12,8,商务专员
7766,0,3,0,质检员
7770,5,6,0,销售助理
7771,5,0,12,广告销售
7772,0,3,0,游戏推广
7774,2,0,5,电话销售
7775,0,3,0,销售工程师
7777,0,5,10,网络客服
7778,5,6,7,大客户代表
7780,0,3,0,质量管理/测试
7784,5,6,0,储备干部
7788,5,6,0,资料管理
7791,0,3,0,网络客服
7792,5,6,0,销售运营
7796,0,3,0,销售助理
7797,0,8,2,猎头顾问
7800,5,0,22,猎头顾问
7804,2,0,12,资料管理
7810,0,3,0,内容审核
7811,0,3,0,社区运营
7812,0,3,7,游戏推广
7817,0,8,7,商务专员
7819,5,9,0,BD经理
7830,5,6,15,储备经理人
7831,5,3,15,产品专员/助理
7832,0,3,0,APP推广
7834,0,3,0,网络销售
7835,2,3,0,售后客服
7840,5,3,0,社区运营
7842,5,9,3,咨询顾问
7843,0,11,3,游戏推广
7845,5,9,15,销售工程师
7850,5,3,0,储备干部
7852,7,3,0,项目专员/助理
7854,0,0,8,资料管理
7856,0,9,10,培训师
7857,0,3,10,售后客服
7858,5,3,3,统计员
7859,0,3,5,网络销售
7860,5,0,12,管培生/储备干部
7862,0,6,0,日语翻译
7866,0,3,0,大客户代表
7870,5,0,13,知识产权/专利代理
7871,0,3,5,猎头顾问
7875,0,3,12,资料管理
7877,5,5,5,英语翻译
7879,0,0,7,日语翻译
7882,2,0,18,运营助理/专员
7883,5,9,12,大客户代表
7885,5,14,0,风电工程师
7886,0,3,0,商务专员
7889,5,3,7,管培生/储备干部
7892,5,3,5,商务专员
7895,10,0,0,社区运营
7900,2,0,5,统计员
7903,5,6,10,日语翻译
7915,0,6,0,储备经理人
7917,0,3,7,游戏推广
7918,2,3,16,储备经理人
7919,5,3,5,项目专员/助理
7920,5,14,20,管培生/储备干部
7921,2,3,0,电话客服
7925,5,3,15,内容审核
7926,5,0,5,律师助理
7929,0,3,17,电话销售
7931,5,0,0,培训师
7937,5,3,5,资料管理
7938,5,3,0,法务专员/助理
7940,7,3,15,销售工程师
7945,5,3,15,运营助理/专员
7947,0,3,0,电话客服
7950,5,0,23,律师助理
7951,0,5,10,网络客服
7963,5,0,0,管培生/储备干部
7964,0,9,7,咨询顾问
7967,5,5,0,法务专员/助理
7969,5,3,10,法务专员/助理
7972,5,3,0,BD经理
7973,5,0,12,储备干部
7975,0,3,0,电话客服
7977,5,0,10,律师
7978,7,0,10,内容审核
7986,5,3,10,管培生/储备干部
7988,0,3,0,运营助理/专员
7995,0,0,8,律师
7996,5,12,0,电话销售
7998,5,8,0,质检员
8005,5,6,13,广告销售
8007,7,6,0,项目经理/主管
8012,0,6,5,销售工程师
8015,10,9,13,商务专员
8017,0,8,0,风电工程师
8020,5,6,3,销售工程师
8021,5,6,15,销售助理
8023,7,12,5,销售工程师
8024,0,0,12,电话客服
8026,0,3,0,销售工程师
8027,0,3,0,律师
8029,0,0,12,资料管理
8030,5,0,0,猎头顾问
8032,0,3,0,APP推广
8035,0,9,7,咨询顾问
8036,0,14,10,管培生/储备干部
8038,0,3,0,项目经理/主管
8044,5,6,0,内容审核
8051,5,5,10,项目专员/助理
8054,5,0,13,招聘专员/助理
8056,0,14,10,广告销售
8057,5,0,17,法务专员/助理
8060,5,2,5,日语翻译
8068,5,8,3,项目专员/助理
8072,5,3,13,大客户代表
8077,0,6,0,储备经理人
8079,5,3,7,销售助理
8083,5,3,17,储备干部
8088,0,3,0,质量管理/测试
8095,0,8,18,广告销售
8099,5,3,0,资料管理
8100,5,6,5,储备干部
8101,5,3,12,游戏运营
8102,0,6,0,总助/CEO助理/董事长助理
8110,5,3,0,游戏运营
8113,5,0,0,资料管理
8115,5,9,2,大客户代表
8120,0,3,20,网络销售
8122,0,3,10,律师助理
8123,5,5,0,统计员
8125,5,8,15,日语翻译
8126,5,6,10,销售运营
8129,5,6,10,招聘专员/助理
8133,5,5,15,英语翻译
8134,0,3,0,培训师
8136,5,14,17,销售运营
8138,5,3,0,统计员
8140,5,3,13,BD经理
8141,5,6,10,社区运营
8143,0,8,12,猎头顾问
8146,10,8,5,储备经理人
8148,0,3,0,运营助理/专员
8151,0,3,0,网络客服
8160,0,3,0,售后客服
8161,0,0,12,统计员
8163,5,3,3,销售工程师
8165,0,3,0,销售运营
8166,0,6,0,资料管理
8167,0,6,2,质检员
8173,0,6,5,电话销售
8177,5,6,0,游戏运营
8180,0,5,8,知识产权/专利代理
8183,0,3,3,大客户代表
8186,5,0,0,质检员
8187,5,3,7,质量管理/测试
8189,0,3,5,总助/CEO助理/董事长助理
8191,5,8,2,总助/CEO助理/董事长助理
8195,0,3,0,BD经理
8196,0,3,0,网络销售
8203,5,3,0,内容审核
8204,0,3,0,销售助理
8205,0,3,0,储备干部
8210,0,3,0,大客户代表
8212,5,3,7,英语翻译
8213,9,3,0,风电工程师
8228,0,3,10,销售工程师
8235,0,5,12,项目招投标
8246,0,6,0,电话销售
8251,5,3,14,运营助理/专员
8252,5,3,5,销售运营
8259,2,3,0,电话客服
8263,0,0,8,资料管理
8272,0,0,10,储备干部
8273,5,6,0,英语翻译
8277,5,0,15,游戏运营
8280,5,6,10,网络销售
8282,5,0,15,广告销售
8283,5,6,7,销售工程师
8286,5,0,8,律师
8291,5,3,15,猎头顾问
8293,5,3,5,销售助理
8299,5,5,5,律师助理
8301,0,0,13,项目专员/助理
8304,9,6,0,风电工程师
8305,7,0,0,律师助理
8306,5,3,5,律师
8310,0,6,10,销售助理
8312,5,5,5,销售运营
8316,5,9,10,社区运营
8321,0,0,15,销售助理
8322,5,0,7,日语翻译
8323,7,9,0,大客户代表
8325,5,0,0,管培生/储备干部
8331,5,3,17,档案管理
8333,5,8,20,广告销售
8334,0,6,2,游戏运营
8335,5,3,22,电话销售
8337,10,11,5,广告销售
8338,0,3,0,游戏运营
8340,5,0,15,销售运营
8343,0,0,3,英语翻译
8348,0,3,0,商务专员
8349,0,3,0,统计员
8352,0,3,0,社区运营
8353,0,3,0,APP推广
8354,0,3,2,售后客服
8360,2,9,3,BD经理
8361,5,3,10,社区运营
8369,0,9,5,售后客服
8371,0,0,10,储备经理人
8372,5,3,0,质检员
8374,5,3,12,销售运营
8377,5,6,16,项目专员/助理
8381,2,3,0,电话客服
8384,5,0,12,知识产权/专利代理
8389,0,3,20,销售助理
8393,0,8,15,运营助理/专员
8397,5,0,3,管培生/储备干部
8408,7,9,0,运营助理/专员
8410,0,6,5,销售工程师
8416,5,11,5,法务专员/助理
8424,0,3,0,猎头顾问
8425,0,8,12,猎头顾问
8439,0,6,0,项目经理/主管
8440,5,6,2,总助/CEO助理/董事长助理
8446,5,0,5,销售运营
8448,5,11,8,大客户代表
8450,0,6,0,大客户代表
8452,5,8,10,管培生/储备干部
8453,0,12,10,储备干部
8454,5,11,8,运营助理/专员
8461,5,3,5,项目经理/主管
8463,5,3,5,日语翻译
8465,7,0,13,总助/CEO助理/董事长助理
8466,0,3,0,销售运营
8468,0,11,10,项目专员/助理
8470,0,3,10,储备干部
8472,0,3,0,社区运营
8474,0,3,0,档案管理
8478,0,6,3,销售运营
8484,5,6,10,售后客服
8485,0,6,0,储备干部
8492,5,9,20,广告销售
8496,0,3,0,售后客服
8499,5,3,7,储备经理人
8500,7,0,8,销售运营
8501,5,6,3,管培生/储备干部
8502,0,6,10,广告销售
8504,5,3,5,电话销售
8505,7,0,0,储备经理人
8510,7,0,0,质检员
8513,0,6,0,统计员
8514,5,6,15,销售助理
8521,5,3,14,内容审核
8526,0,3,0,销售助理
8527,5,3,5,咨询顾问
8528,0,0,10,律师
8540,5,0,10,储备干部
8543,5,0,8,律师助理
8547,0,0,17,档案管理
8549,5,0,0,内容审核
8555,0,5,17,律师助理
8557,5,0,5,招聘专员/助理
8561,0,0,10,质检员
8562,5,0,8,知识产权/专利代理
8563,5,3,0,网络销售
8564,0,0,17,质检员
8565,5,6,10,社区运营
8567,5,0,10,知识产权/专利代理
8568,5,3,22,储备干部
8571,10,6,0,储备干部
8572,0,2,3,日语翻译
8574,10,8,12,项目专员/助理
8575,5,0,7,档案管理
8576,5,12,5,日语翻译
8577,0,8,5,销售运营
8578,10,0,13,储备干部
8582,5,0,5,猎头顾问
8586,5,0,0,统计员
8587,2,0,12,商务专员
8592,2,3,0,运营助理/专员
8593,5,0,2,游戏运营
8598,0,0,5,知识产权/专利代理
8601,0,6,10,猎头顾问
8603,0,8,10,招聘专员/助理
8604,5,0,27,运营助理/专员
8607,0,3,0,统计员
8610,5,3,17,内容审核
8617,0,3,0,律师助理
8623,2,3,0,BD经理
8625,5,6,20,社区运营
8637,5,0,12,律师助理
8638,0,3,0,总助/CEO助理/董事长助理
8639,0,6,0,社区运营
8641,5,8,7,运营助理/专员
8642,7,0,7,广告销售
8643,0,3,0,大客户代表
8644,0,9,0,储备经理人
8647,2,3,0,风电工程师
8650,0,9,0,项目经理/主管
8651,5,0,0,内容审核
8653,7,8,0,总助/CEO助理/董事长助理
8657,0,6,25,电话销售
8659,9,6,0,风电工程师
8660,5,6,22,电话销售
8662,0,3,0,电话销售
8663,0,3,0,项目专员/助理
8667,0,3,7,销售工程师
8673,5,0,8,储备经理人
8675,10,9,17,总助/CEO助理/董事长助理
8677,5,3,0,内容审核
8679,0,3,0,社区运营
8682,5,0,0,法务专员/助理
8685,5,0,7,律师
8688,5,0,5,商务专员
8691,5,3,20,总助/CEO助理/董事长助理
8695,5,3,17,猎头顾问
8696,5,9,10,社区运营
8698,0,9,15,储备经理人
8701,10,6,5,大客户代表
8703,5,6,10,英语翻译
8705,5,9,0,电话销售
8708,2,0,5,质量管理/测试
8711,0,3,0,社区运营
8713,0,3,0,内容审核
8714,5,0,10,广告销售
8716,5,0,5,管培生/储备干部
8718,0,0,5,电话客服
8722,5,3,17,资料管理
8726,5,6,10,内容审核
8728,5,15,5,招聘专员/助理
8729,0,6,0,档案管理
8734,0,3,12,项目经理/主管
8735,5,0,0,内容审核
8740,7,3,0,项目专员/助理
8742,0,0,7,广告销售
8744,0,3,0,日语翻译
8745,0,6,27,电话销售
8748,10,3,3,商务专员
8753,10,3,0,知识产权/专利代理
8758,2,3,0,运营助理/专员
8762,0,3,9,游戏运营
8768,5,6,0,储备干部
8769,0,3,0,APP推广
8784,5,8,22,知识产权/专利代理
8785,5,6,5,储备经理人
8788,0,3,0,游戏推广
8791,5,2,0,英语翻译
8794,5,3,0,招聘专员/助理
8797,5,6,13,知识产权/专利代理
8799,5,0,20,律师助理
8807,0,5,5,网络客服
8812,2,3,3,猎头顾问
8815,0,0,3,游戏运营
8820,0,3,0,社区运营
8821,2,9,0,储备经理人
8822,0,3,10,法务专员/助理
8825,0,0,21,BD经理
8826,0,6,0,猎头顾问
8829,5,0,12,资料管理
8834,0,3,12,网络客服
8835,5,3,10,猎头顾问
8836,5,6,0,电话客服
8840,0,9,8,游戏运营
8842,0,3,7,游戏推广
8848,0,3,5,项目经理/主管
8851,4,3,0,风电工程师
8852,0,3,23,电话销售
8860,0,3,0,运营助理/专员
8862,5,3,0,资料管理
8863,7,0,10,项目招投标
8864,5,0,0,档案管理
8866,0,3,5,运营助理/专员
8869,5,0,10,法务专员/助理
8873,7,6,10,风电工程师
8875,0,3,0,BD经理
8877,0,6,5,猎头顾问
8884,5,0,8,销售运营
8886,0,3,5,广告销售
8890,0,3,0,律师
8894,5,0,5,网络客服
8895,0,3,0,售后客服
8900,0,3,0,储备干部
8907,0,3,0,售后客服
8909,2,3,0,风电工程师
8912,7,0,15,游戏运营
8918,2,3,3,销售运营
8919,0,5,10,招聘专员/助理
8923,5,9,10,产品专员/助理
8925,0,5,5,统计员
8929,7,0,5,英语翻译
8931,5,3,0,售后客服
8938,9,3,0,风电工程师
8944,2,6,0,储备经理人
8946,7,3,0,风电工程师
8953,5,3,0,电话销售
8958,0,6,0,项目招投标
8965,0,6,0,储备经理人
8966,5,0,3,知识产权/专利代理
8973,5,3,10,质量管理/测试
8975,5,3,7,储备干部
8979,10,3,3,知识产权/专利代理
8980,5,0,5,法务专员/助理
8983,0,14,10,项目专员/助理
8985,0,3,0,销售运营
8988,5,6,10,游戏运营
8989,0,3,0,游戏推广
9003,5,0,8,培训师
9011,5,12,8,销售工程师
9019,5,0,0,日语翻译
9022,5,5,5,英语翻译
9023,5,0,0,网络客服
9028,5,0,5,电话客服
9030,5,3,0,英语翻译
9038,0,6,0,广告销售
9039,5,3,5,档案管理
9040,0,3,3,大客户代表
9043,5,11,8,销售运营
9046,0,3,12,知识产权/专利代理
9048,0,6,0,管培生/储备干部
9050,5,3,5,猎头顾问
9053,0,3,8,网络销售
9057,0,6,3,培训师
9058,0,6,0,售后客服
9060,5,3,17,律师助理
9061,0,3,5,质检员
9070,0,0,5,广告销售
9072,5,8,5,销售助理
9073,9,3,0,风电工程师
9084,0,3,10,售后客服
9085,0,0,7,招聘专员/助理
9086,5,0,24,管培生/储备干部
9088,7,0,5,招聘专员/助理
9091,0,6,0,储备干部
9096,5,3,7,猎头顾问
9097,5,14,8,销售工程师
9101,5,3,12,总助/CEO助理/董事长助理
9115,0,6,8,大客户代表
9117,0,0,5,项目招投标
9121,7,0,0,质检员
9127,7,3,0,风电工程师
9133,5,9,0,BD经理
9136,5,5,5,律师助理
9143,0,3,0,社区运营
9153,0,0,15,电话销售
9154,5,0,19,网络客服
9155,5,0,7,咨询顾问
9156,0,14,17,项目专员/助理
9157,0,3,0,游戏推广
9159,0,3,0,大客户代表
9162,5,3,0,BD经理
9167,5,5,15,储备经理人
9169,0,3,0,社区运营
9172,2,6,20,电话客服
9173,5,0,0,商务专员
9178,5,5,2,项目专员/助理
9182,5,3,0,项目专员/助理
9184,5,3,0,风电工程师
9186,0,6,0,日语翻译
9190,5,9,0,招聘专员/助理
9191,5,9,20,APP推广
9193,5,6,0,猎头顾问
9194,0,6,0,BD经理
9195,7,3,5,管培生/储备干部
9206,5,3,8,律师
9209,5,3,0,社区运营
9213,5,3,10,法务专员/助理
9214,5,0,10,销售助理
9215,5,6,0,大客户代表
9216,5,5,0,培训师
9217,0,9,7,猎头顾问
9218,0,8,10,招聘专员/助理
9220,10,3,0,管培生/储备干部
9224,5,8,5,商务专员
9226,0,3,0,资料管理
9229,5,3,12,法务专员/助理
9235,5,0,0,质量管理/测试
9241,0,0,5,BD经理
9244,7,0,3,质量管理/测试
9247,0,5,10,内容审核
9249,2,9,10,咨询顾问
9255,0,3,7,游戏推广
9258,0,3,12,销售运营
9265,0,14,10,产品专员/助理
9270,5,6,10,律师助理
9274,0,3,0,猎头顾问
9275,0,6,0,储备经理人
9276,7,3,0,档案管理
9278,0,6,0,销售工程师
9282,5,6,0,档案管理
9283,0,11,0,游戏运营
9284,0,3,7,广告销售
9285,5,3,19,法务专员/助理
9288,0,6,0,APP推广
9291,0,6,0,招聘专员/助理
9294,0,3,10,猎头顾问
9295,0,3,8,内容审核
9296,2,3,0,档案管理
9298,0,0,12,日语翻译
9305,5,0,0,游戏运营
9309,5,6,7,培训师
9313,0,3,0,游戏推广
9314,5,6,8,销售工程师
9317,12,0,0,总助/CEO助理/董事长助理
9321,5,11,2,档案管理
9323,0,6,13,网络销售
9325,0,3,5,BD经理
9329,0,3,0,销售运营
9330,0,0,13,律师助理
9337,5,0,10,内容审核
9341,10,8,5,储备干部
9344,5,3,0,广告销售
9345,0,3,0,网络客服
9348,5,5,22,内容审核
9352,0,9,15,知识产权/专利代理
9353,2,6,0,电话客服
9355,0,0,5,销售助理
9358,0,3,0,储备干部
9360,0,6,3,游戏运营
9361,0,3,10,质检员
9367,5,6,10,销售运营
9369,5,3,10,电话销售
9371,0,3,0,项目经理/主管
9375,5,0,0,商务专员
9382,0,6,0,质量管理/测试
9390,0,0,3,销售运营
9394,0,3,12,英语翻译
9395,0,3,10,风电工程师
9396,0,3,0,质量管理/测试
9398,5,3,0,风电工程师
9408,5,0,0,法务专员/助理
9410,5,0,7,商务专员
9411,12,17,17,培训师
9412,5,12,0,销售工程师
9427,0,6,8,售后客服
9430,5,0,17,大客户代表
9432,5,0,5,质检员
9433,7,9,12,风电工程师
9440,0,3,0,质检员
9443,5,8,5,销售助理
9444,7,3,0,风电工程师
9448,10,3,5,知识产权/专利代理
9453,0,3,0,网络销售
9455,0,3,0,广告销售
9460,0,6,10,质检员
9461,0,6,7,广告销售
9469,0,3,0,质检员
9479,0,10,0,销售工程师
9483,5,3,10,售后客服
9490,5,6,13,总助/CEO助理/董事长助理
9496,0,6,17,售后客服
9500,0,3,0,游戏运营
9506,0,6,0,社区运营
9508,0,3,0,社区运营
9511,5,9,21,知识产权/专利代理
9512,0,8,3,销售运营
9513,5,11,2,储备干部
9514,5,3,5,资料管理
9519,5,0,10,培训师
9521,5,3,16,法务专员/助理
9524,0,6,0,网络客服
9527,0,3,5,APP推广
9528,5,9,0,招聘专员/助理
9531,5,5,5,猎头顾问
9533,5,0,5,内容审核
9534,0,3,0,大客户代表
9535,0,9,0,大客户代表
9538,2,9,12,培训师
9539,5,0,10,内容审核
9540,0,0,5,猎头顾问
9542,5,2,0,英语翻译
9551,5,3,0,知识产权/专利代理
9557,0,3,0,销售运营
9563,5,6,15,总助/CEO助理/董事长助理
9565,5,3,8,英语翻译
9566,0,6,0,资料管理
9568,5,0,0,社区运营
9573,10,3,3,储备经理人
9574,5,3,0,商务专员
9577,0,3,6,大客户代表
9580,2,0,5,广告销售
9582,0,5,12,资料管理
9584,0,9,7,猎头顾问
9589,7,6,5,知识产权/专利代理
9594,5,0,0,管培生/储备干部
9595,5,6,5,质量管理/测试
9598,5,9,10,电话销售
9603,5,3,5,管培生/储备干部
9608,5,9,12,猎头顾问
9611,5,8,12,英语翻译
9612,0,3,0,总助/CEO助理/董事长助理
9616,0,6,10,日语翻译
9617,0,0,17,律师助理
9626,5,6,15,知识产权/专利代理
9628,0,3,0,游戏运营
9633,0,3,0,管培生/储备干部
9636,0,6,10,BD经理
9637,5,9,15,销售助理
9639,0,9,0,网络销售
9641,5,3,0,销售运营
9642,0,3,0,网络销售
9646,5,6,5,网络销售
9647,5,3,10,资料管理
9649,10,9,5,销售助理
9656,0,6,10,商务专员
9657,5,0,0,培训师
9658,5,0,13,项目专员/助理
9659,7,0,0,网络客服
9664,5,11,0,产品专员/助理
9666,5,14,0,质量管理/测试
9669,2,0,5,销售助理
9671,5,0,12,储备经理人
9672,0,9,7,猎头顾问
9673,0,6,0,项目经理/主管
9675,0,6,13,电话客服
9682,0,3,0,电话客服
9684,0,3,0,游戏推广
9685,0,3,6,BD经理
9687,5,6,5,网络销售
9688,5,9,0,BD经理
9692,0,8,10,招聘专员/助理
9697,5,0,0,律师助理
9700,5,3,10,售后客服
9702,5,0,5,商务专员
9705,5,6,10,大客户代表
9708,5,2,0,英语翻译
9711,0,3,0,游戏推广
9714,10,6,0,英语翻译
9716,5,14,12,知识产权/专利代理
9717,0,9,7,猎头顾问
9721,5,6,0,法务专员/助理
9727,0,3,17,BD经理
9728,2,11,5,知识产权/专利代理
9729,7,0,5,律师助理
9732,0,6,12,电话客服
9733,10,0,0,商务专员
9739,0,6,15,咨询顾问
9740,0,3,5,总助/CEO助理/董事长助理
9741,5,0,9,内容审核
9745,10,6,0,网络销售
9746,5,3,0,律师
9747,5,3,5,销售助理
9748,5,8,5,销售工程师
9750,0,3,0,储备干部
9757,5,6,0,销售工程师
9760,5,3,5,销售运营
9761,7,0,0,网络客服
9764,5,3,0,社区运营
9766,0,0,5,法务专员/助理
9767,0,3,2,招聘专员/助理
9768,0,3,6,储备经理人
9771,0,6,14,社区运营
9778,0,6,15,销售助理
9786,5,0,0,统计员
9787,5,0,0,质检员
9788,5,9,10,BD经理
9789,0,3,0,销售运营
9792,5,0,0,储备干部
9801,5,0,17,项目招投标
9804,7,3,7,售后客服
9807,4,6,0,风电工程师
9813,5,3,10,法务专员/助理
9816,0,3,7,游戏推广
9817,5,0,9,销售运营
9819,0,3,0,储备经理人
9820,5,8,5,项目专员/助理
9821,5,0,24,管培生/储备干部
9823,5,0,8,管培生/储备干部
9825,2,0,17,售后客服
9829,5,6,0,商务专员
9832,5,0,16,大客户代表
9834,0,9,19,项目经理/主管
9835,0,3,0,电话客服
9842,0,3,0,风电工程师
9843,5,0,10,商务专员
9844,0,19,25,大客户代表
9850,0,3,0,网络销售
9851,5,9,13,销售工程师
9856,0,5,23,内容审核
9857,0,3,0,社区运营
9860,5,3,3,网络销售
9862,0,0,10,项目招投标
9863,7,3,5,项目专员/助理
9864,0,3,0,质量管理/测试
9865,0,3,0,售后客服
9868,7,5,12,管培生/储备干部
9872,5,8,17,销售运营
9879,5,0,0,质检员
9882,7,3,0,风电工程师
9883,5,11,5,售后客服
9889,0,0,10,质检员
9894,5,0,0,储备干部
9897,5,3,0,储备经理人
9900,0,9,0,管培生/储备干部
9901,0,3,15,法务专员/助理
9904,5,5,13,项目招投标
9907,5,0,8,商务专员
9910,0,17,5,产品专员/助理
9916,5,6,20,广告销售
9917,0,3,0,资料管理
9919,9,3,0,储备干部
9921,5,3,0,售后客服
9923,5,3,0,社区运营
9925,5,0,0,储备干部
9926,5,0,3,律师
9928,2,3,9,网络客服
9938,5,8,0,律师
9939,2,5,17,APP推广
9941,7,5,0,英语翻译
9942,5,9,0,销售工程师
9948,5,0,2,项目专员/助理
9949,0,6,5,销售助理
9950,5,3,12,游戏运营
9955,5,3,17,运营助理/专员
9956,10,0,0,内容审核
9959,0,0,18,项目招投标
9960,5,0,5,运营助理/专员
9961,5,9,5,英语翻译
9969,0,0,5,网络销售
9970,0,3,7,储备干部
9971,0,0,29,游戏运营
9972,5,3,17,法务专员/助理
9973,0,3,7,游戏推广
9977,5,9,15,产品专员/助理
9979,5,8,7,法务专员/助理
9984,0,3,5,网络销售
9990,5,9,0,总助/CEO助理/董事长助理
9995,0,3,0,内容审核
9996,5,3,0,知识产权/专利代理
9997,2,0,5,总助/CEO助理/董事长助理
9999,5,8,5,储备干部
10004,0,0,17,律师助理
10012,0,3,0,游戏推广
10013,7,8,10,销售工程师
10017,5,6,10,储备干部
10019,5,0,0,招聘专员/助理
10020,0,0,10,运营助理/专员
10021,5,0,5,内容审核
10022,5,3,0,电话客服
10025,5,8,10,管培生/储备干部
10026,0,3,3,培训师
10028,5,3,15,广告销售
10032,5,6,15,统计员
10035,5,3,5,招聘专员/助理
10037,0,6,7,电话销售
10040,0,3,12,广告销售
10041,5,6,10,社区运营
10045,0,6,0,内容审核
10047,2,0,7,APP推广
10049,2,3,8,广告销售
10052,5,6,10,社区运营
10053,0,9,20,项目经理/主管
10057,10,6,10,法务专员/助理
10060,0,3,0,电话客服
10061,0,9,0,总助/CEO助理/董事长助理
10064,0,0,8,档案管理
10065,5,0,8,内容审核
10066,5,3,0,管培生/储备干部
10069,5,9,10,社区运营
10072,10,0,0,储备经理人
10073,7,6,8,商务专员
10081,0,3,0,网络销售
