job_id,basic_requirement,professional_skill,professional_quality,job_name,job_name
1,0,5,0,前端开发,前端开发
2,2,13,5,实施工程师,实施工程师
3,2,1,0,科研人员,科研人员
4,0,0,0,技术支持工程师,技术支持工程师
5,2,3,3,科研人员,科研人员
6,0,5,0,实施工程师,实施工程师
7,2,4,3,科研人员,科研人员
8,0,11,0,Java,Java
9,0,0,0,软件测试,软件测试
10,2,5,0,C/C++,C/C++
11,0,0,0,软件测试,软件测试
12,0,14,0,Java,Java
13,0,4,1,实施工程师,实施工程师
14,0,10,0,实施工程师,实施工程师
15,0,1,0,软件测试,软件测试
16,2,1,0,科研人员,科研人员
17,0,5,0,软件测试,软件测试
18,1,8,0,实施工程师,实施工程师
19,2,1,3,测试工程师,测试工程师
20,2,2,0,Java,Java
21,0,0,0,技术支持工程师,技术支持工程师
22,2,1,0,软件测试,软件测试
23,0,3,0,实施工程师,实施工程师
24,8,1,0,科研人员,科研人员
25,2,6,2,硬件测试,硬件测试
26,0,10,2,C/C++,C/C++
27,0,10,6,Java,Java
28,0,2,5,软件测试,软件测试
29,0,0,0,测试工程师,测试工程师
30,2,2,0,Java,Java
31,2,1,0,测试工程师,测试工程师
32,0,0,0,技术支持工程师,技术支持工程师
33,0,4,0,技术支持工程师,技术支持工程师
34,3,5,6,软件测试,软件测试
35,0,2,0,技术支持工程师,技术支持工程师
36,0,14,0,Java,Java
37,0,1,0,实施工程师,实施工程师
38,0,2,0,软件测试,软件测试
39,0,8,0,C/C++,C/C++
40,0,2,0,技术支持工程师,技术支持工程师
41,0,5,0,硬件测试,硬件测试
42,2,9,9,硬件测试,硬件测试
43,2,1,0,软件测试,软件测试
44,2,4,0,测试工程师,测试工程师
45,0,2,0,技术支持工程师,技术支持工程师
46,0,0,2,实施工程师,实施工程师
47,2,2,2,硬件测试,硬件测试
48,0,0,0,实施工程师,实施工程师
49,0,15,1,Java,Java
50,2,4,0,科研人员,科研人员
51,2,19,8,Java,Java
52,0,8,3,软件测试,软件测试
53,0,0,0,实施工程师,实施工程师
54,0,5,0,Java,Java
55,2,4,6,技术支持工程师,技术支持工程师
56,0,0,0,技术支持工程师,技术支持工程师
57,2,2,2,测试工程师,测试工程师
58,2,2,2,硬件测试,硬件测试
59,0,0,0,软件测试,软件测试
60,2,0,2,技术支持工程师,技术支持工程师
61,0,21,0,Java,Java
62,2,0,0,科研人员,科研人员
63,0,3,6,科研人员,科研人员
64,0,0,0,科研人员,科研人员
65,0,9,0,Java,Java
66,0,21,0,Java,Java
67,2,1,0,测试工程师,测试工程师
68,0,4,0,前端开发,前端开发
69,2,7,6,测试工程师,测试工程师
70,2,5,5,测试工程师,测试工程师
71,0,6,5,技术支持工程师,技术支持工程师
72,0,3,0,测试工程师,测试工程师
73,0,1,0,前端开发,前端开发
74,2,4,2,测试工程师,测试工程师
75,0,7,0,Java,Java
76,0,1,0,Java,Java
77,3,2,1,软件测试,软件测试
78,2,1,8,实施工程师,实施工程师
79,0,5,0,硬件测试,硬件测试
80,4,4,1,技术支持工程师,技术支持工程师
81,2,0,0,软件测试,软件测试
82,0,9,7,Java,Java
83,2,13,0,前端开发,前端开发
84,0,2,0,软件测试,软件测试
85,2,7,1,C/C++,C/C++
86,0,1,0,技术支持工程师,技术支持工程师
87,0,4,2,测试工程师,测试工程师
88,2,4,0,前端开发,前端开发
89,6,8,0,C/C++,C/C++
90,2,2,3,科研人员,科研人员
91,2,0,2,科研人员,科研人员
92,0,14,0,Java,Java
93,0,17,0,Java,Java
94,2,13,10,实施工程师,实施工程师
95,0,11,0,测试工程师,测试工程师
96,2,14,0,前端开发,前端开发
97,0,3,0,实施工程师,实施工程师
98,0,0,0,软件测试,软件测试
99,0,0,0,科研人员,科研人员
100,3,3,3,技术支持工程师,技术支持工程师
101,2,2,1,实施工程师,实施工程师
102,0,3,0,实施工程师,实施工程师
103,4,3,6,技术支持工程师,技术支持工程师
104,0,21,0,软件测试,软件测试
105,0,4,5,实施工程师,实施工程师
106,0,2,0,软件测试,软件测试
107,0,0,0,科研人员,科研人员
108,0,1,0,前端开发,前端开发
109,0,4,0,硬件测试,硬件测试
110,2,2,2,前端开发,前端开发
111,0,1,0,技术支持工程师,技术支持工程师
112,2,1,0,软件测试,软件测试
113,2,13,5,Java,Java
114,2,16,0,Java,Java
115,0,3,0,实施工程师,实施工程师
116,2,1,0,测试工程师,测试工程师
117,0,5,0,硬件测试,硬件测试
118,0,1,0,实施工程师,实施工程师
119,0,14,0,Java,Java
120,2,4,4,Java,Java
121,0,2,0,测试工程师,测试工程师
122,2,2,1,科研人员,科研人员
123,0,1,0,实施工程师,实施工程师
124,0,5,0,硬件测试,硬件测试
125,0,5,0,硬件测试,硬件测试
126,2,12,3,前端开发,前端开发
127,0,3,0,实施工程师,实施工程师
128,2,4,0,C/C++,C/C++
129,2,9,0,Java,Java
130,2,2,7,技术支持工程师,技术支持工程师
131,0,1,0,科研人员,科研人员
132,2,0,0,科研人员,科研人员
133,0,3,0,实施工程师,实施工程师
134,3,3,6,技术支持工程师,技术支持工程师
135,6,3,7,科研人员,科研人员
136,0,2,0,软件测试,软件测试
137,2,1,2,软件测试,软件测试
138,0,1,0,测试工程师,测试工程师
139,0,15,1,Java,Java
140,2,0,0,技术支持工程师,技术支持工程师
141,2,9,3,Java,Java
142,0,0,0,实施工程师,实施工程师
143,2,19,0,Java,Java
144,2,3,7,技术支持工程师,技术支持工程师
145,2,9,2,技术支持工程师,技术支持工程师
146,0,2,0,实施工程师,实施工程师
147,0,3,0,技术支持工程师,技术支持工程师
148,0,0,0,技术支持工程师,技术支持工程师
149,2,1,7,技术支持工程师,技术支持工程师
150,0,3,0,技术支持工程师,技术支持工程师
151,0,4,0,测试工程师,测试工程师
152,2,2,0,硬件测试,硬件测试
153,0,1,0,科研人员,科研人员
154,0,2,0,软件测试,软件测试
155,2,0,0,软件测试,软件测试
156,2,1,2,科研人员,科研人员
157,4,0,0,科研人员,科研人员
158,0,0,0,科研人员,科研人员
159,3,4,1,C/C++,C/C++
160,2,9,0,实施工程师,实施工程师
161,2,23,1,前端开发,前端开发
162,0,0,0,C/C++,C/C++
163,0,2,0,前端开发,前端开发
164,1,4,3,测试工程师,测试工程师
165,0,7,0,测试工程师,测试工程师
166,2,2,7,实施工程师,实施工程师
167,0,0,0,前端开发,前端开发
168,2,1,0,测试工程师,测试工程师
169,0,2,0,科研人员,科研人员
170,0,0,0,技术支持工程师,技术支持工程师
171,1,1,3,技术支持工程师,技术支持工程师
172,0,5,1,Java,Java
173,2,4,3,C/C++,C/C++
174,0,14,0,C/C++,C/C++
175,2,5,2,实施工程师,实施工程师
176,0,0,2,实施工程师,实施工程师
177,2,3,4,测试工程师,测试工程师
178,4,1,2,实施工程师,实施工程师
179,2,3,5,Java,Java
180,0,3,0,技术支持工程师,技术支持工程师
181,0,12,6,Java,Java
182,2,8,5,C/C++,C/C++
183,0,14,6,前端开发,前端开发
184,2,1,0,硬件测试,硬件测试
185,0,11,1,Java,Java
186,2,0,7,科研人员,科研人员
187,2,23,1,Java,Java
188,0,0,0,测试工程师,测试工程师
189,0,10,2,实施工程师,实施工程师
190,0,13,2,Java,Java
191,0,7,4,软件测试,软件测试
192,0,10,0,Java,Java
193,0,4,0,科研人员,科研人员
194,2,13,0,C/C++,C/C++
195,2,4,4,前端开发,前端开发
196,0,7,4,软件测试,软件测试
197,0,5,0,硬件测试,硬件测试
198,0,2,0,软件测试,软件测试
199,2,1,0,测试工程师,测试工程师
200,0,0,0,前端开发,前端开发
201,2,8,5,实施工程师,实施工程师
202,2,0,0,科研人员,科研人员
203,0,21,0,Java,Java
204,0,2,0,科研人员,科研人员
205,0,2,3,实施工程师,实施工程师
206,0,30,0,Java,Java
207,2,4,0,C/C++,C/C++
208,0,0,0,实施工程师,实施工程师
209,3,3,3,实施工程师,实施工程师
210,0,5,0,硬件测试,硬件测试
211,2,4,0,科研人员,科研人员
212,1,5,4,实施工程师,实施工程师
213,2,7,0,硬件测试,硬件测试
214,2,22,2,Java,Java
215,2,2,0,实施工程师,实施工程师
216,0,11,2,Java,Java
217,0,3,0,硬件测试,硬件测试
218,2,6,0,软件测试,软件测试
219,0,6,5,实施工程师,实施工程师
220,0,17,7,Java,Java
221,2,4,6,测试工程师,测试工程师
222,2,7,3,C/C++,C/C++
223,0,2,0,软件测试,软件测试
224,2,1,0,软件测试,软件测试
225,0,2,0,软件测试,软件测试
226,0,5,1,测试工程师,测试工程师
227,0,15,1,Java,Java
228,0,2,0,测试工程师,测试工程师
229,2,3,4,技术支持工程师,技术支持工程师
230,0,0,0,科研人员,科研人员
231,2,5,3,实施工程师,实施工程师
232,0,9,2,软件测试,软件测试
233,2,0,2,科研人员,科研人员
234,2,3,4,测试工程师,测试工程师
235,1,1,2,技术支持工程师,技术支持工程师
236,2,1,0,软件测试,软件测试
237,3,8,7,C/C++,C/C++
238,0,7,0,C/C++,C/C++
239,0,0,0,技术支持工程师,技术支持工程师
240,0,3,3,技术支持工程师,技术支持工程师
241,2,9,1,前端开发,前端开发
242,0,3,0,实施工程师,实施工程师
243,2,10,4,C/C++,C/C++
244,2,8,3,C/C++,C/C++
245,2,5,4,测试工程师,测试工程师
246,2,12,8,Java,Java
247,0,6,5,实施工程师,实施工程师
248,0,8,1,前端开发,前端开发
249,0,0,0,科研人员,科研人员
250,0,1,0,实施工程师,实施工程师
251,0,0,0,技术支持工程师,技术支持工程师
252,0,1,0,实施工程师,实施工程师
253,0,1,6,硬件测试,硬件测试
254,0,0,0,技术支持工程师,技术支持工程师
255,2,3,6,实施工程师,实施工程师
256,0,0,0,科研人员,科研人员
257,2,1,4,技术支持工程师,技术支持工程师
258,3,2,0,技术支持工程师,技术支持工程师
259,6,3,2,科研人员,科研人员
260,6,6,6,科研人员,科研人员
261,2,3,1,硬件测试,硬件测试
262,0,2,0,实施工程师,实施工程师
263,0,14,1,Java,Java
264,0,2,0,软件测试,软件测试
265,0,2,0,软件测试,软件测试
266,2,9,1,测试工程师,测试工程师
267,0,1,0,实施工程师,实施工程师
268,2,7,0,软件测试,软件测试
269,0,4,0,硬件测试,硬件测试
270,4,1,4,科研人员,科研人员
271,0,27,3,Java,Java
272,2,2,3,技术支持工程师,技术支持工程师
273,2,15,4,前端开发,前端开发
274,3,2,0,Java,Java
275,2,9,5,C/C++,C/C++
276,2,1,0,软件测试,软件测试
277,0,0,0,Java,Java
278,0,11,3,Java,Java
279,2,2,4,测试工程师,测试工程师
280,0,3,2,软件测试,软件测试
281,2,2,0,科研人员,科研人员
282,2,2,1,实施工程师,实施工程师
283,0,0,0,Java,Java
284,0,0,0,实施工程师,实施工程师
285,2,2,2,技术支持工程师,技术支持工程师
286,0,13,0,C/C++,C/C++
287,0,14,4,前端开发,前端开发
288,0,5,1,软件测试,软件测试
289,2,4,2,测试工程师,测试工程师
290,0,10,3,技术支持工程师,技术支持工程师
291,0,0,0,科研人员,科研人员
292,0,7,3,实施工程师,实施工程师
293,2,1,0,硬件测试,硬件测试
294,0,2,8,科研人员,科研人员
295,0,2,0,软件测试,软件测试
296,0,0,0,软件测试,软件测试
297,0,0,0,软件测试,软件测试
298,0,10,4,Java,Java
299,2,4,2,测试工程师,测试工程师
300,0,9,2,Java,Java
301,2,1,4,科研人员,科研人员
302,2,1,7,实施工程师,实施工程师
303,0,5,1,测试工程师,测试工程师
304,2,1,0,科研人员,科研人员
305,1,1,0,实施工程师,实施工程师
306,0,5,1,测试工程师,测试工程师
307,6,1,1,科研人员,科研人员
308,2,4,5,实施工程师,实施工程师
309,2,33,4,C/C++,C/C++
310,2,13,4,Java,Java
311,2,2,4,实施工程师,实施工程师
312,2,5,4,软件测试,软件测试
313,1,2,3,技术支持工程师,技术支持工程师
314,1,1,0,硬件测试,硬件测试
315,0,3,4,实施工程师,实施工程师
316,2,10,0,C/C++,C/C++
317,2,4,3,测试工程师,测试工程师
318,0,18,0,前端开发,前端开发
319,6,1,2,科研人员,科研人员
320,6,1,2,科研人员,科研人员
321,0,1,0,测试工程师,测试工程师
322,2,2,4,测试工程师,测试工程师
323,3,7,4,实施工程师,实施工程师
324,2,7,0,软件测试,软件测试
325,2,0,0,技术支持工程师,技术支持工程师
326,0,1,0,实施工程师,实施工程师
327,4,0,0,科研人员,科研人员
328,0,2,2,硬件测试,硬件测试
329,0,1,2,科研人员,科研人员
330,1,1,4,科研人员,科研人员
331,0,4,1,实施工程师,实施工程师
332,0,7,0,前端开发,前端开发
333,3,7,0,软件测试,软件测试
334,0,20,0,实施工程师,实施工程师
335,2,9,1,科研人员,科研人员
336,3,15,1,实施工程师,实施工程师
337,2,7,0,软件测试,软件测试
338,0,2,0,测试工程师,测试工程师
339,0,14,4,前端开发,前端开发
340,0,0,0,科研人员,科研人员
341,0,4,5,测试工程师,测试工程师
342,0,5,3,科研人员,科研人员
343,2,5,7,软件测试,软件测试
344,2,0,1,科研人员,科研人员
345,2,1,8,实施工程师,实施工程师
346,2,3,0,软件测试,软件测试
347,0,5,0,测试工程师,测试工程师
348,0,8,1,前端开发,前端开发
349,3,2,2,测试工程师,测试工程师
350,0,13,0,实施工程师,实施工程师
351,4,1,5,科研人员,科研人员
352,0,5,0,硬件测试,硬件测试
353,2,1,4,测试工程师,测试工程师
354,0,5,0,硬件测试,硬件测试
355,2,3,2,测试工程师,测试工程师
356,3,10,2,C/C++,C/C++
357,0,2,6,技术支持工程师,技术支持工程师
358,2,2,0,科研人员,科研人员
359,2,1,0,测试工程师,测试工程师
360,2,14,8,软件测试,软件测试
361,0,0,0,实施工程师,实施工程师
362,0,0,0,Java,Java
363,3,2,2,技术支持工程师,技术支持工程师
364,2,26,6,Java,Java
365,2,2,6,实施工程师,实施工程师
366,2,1,0,软件测试,软件测试
367,2,0,0,科研人员,科研人员
368,0,0,0,测试工程师,测试工程师
369,0,10,0,测试工程师,测试工程师
370,1,1,9,实施工程师,实施工程师
371,0,0,0,技术支持工程师,技术支持工程师
372,0,0,0,软件测试,软件测试
373,2,3,0,测试工程师,测试工程师
374,0,1,4,技术支持工程师,技术支持工程师
375,0,1,0,硬件测试,硬件测试
376,2,1,0,测试工程师,测试工程师
377,0,5,0,硬件测试,硬件测试
378,0,3,0,实施工程师,实施工程师
379,0,21,0,Java,Java
380,2,18,4,Java,Java
381,0,1,0,测试工程师,测试工程师
382,2,5,4,科研人员,科研人员
383,2,1,0,软件测试,软件测试
384,2,6,0,实施工程师,实施工程师
385,0,0,0,测试工程师,测试工程师
386,0,1,0,硬件测试,硬件测试
387,2,9,2,实施工程师,实施工程师
388,0,0,0,测试工程师,测试工程师
389,2,0,0,科研人员,科研人员
390,2,1,0,测试工程师,测试工程师
391,2,5,10,测试工程师,测试工程师
392,0,8,0,C/C++,C/C++
393,2,0,3,实施工程师,实施工程师
394,6,8,0,C/C++,C/C++
395,0,14,0,Java,Java
396,2,4,3,实施工程师,实施工程师
397,2,10,0,Java,Java
398,2,0,3,实施工程师,实施工程师
399,0,3,0,技术支持工程师,技术支持工程师
400,0,0,0,测试工程师,测试工程师
401,2,1,0,测试工程师,测试工程师
402,2,5,4,测试工程师,测试工程师
403,2,3,3,技术支持工程师,技术支持工程师
404,2,9,1,科研人员,科研人员
405,0,11,1,前端开发,前端开发
406,0,4,0,测试工程师,测试工程师
407,0,3,0,实施工程师,实施工程师
408,2,1,8,技术支持工程师,技术支持工程师
409,4,20,0,Java,Java
410,0,22,0,Java,Java
411,2,1,0,测试工程师,测试工程师
412,0,0,0,技术支持工程师,技术支持工程师
413,0,0,0,科研人员,科研人员
414,2,1,0,测试工程师,测试工程师
415,2,8,10,软件测试,软件测试
416,0,5,0,硬件测试,硬件测试
417,0,2,2,实施工程师,实施工程师
418,0,5,0,C/C++,C/C++
419,2,0,4,软件测试,软件测试
420,0,2,0,软件测试,软件测试
421,0,2,0,实施工程师,实施工程师
422,2,5,10,软件测试,软件测试
423,2,11,0,C/C++,C/C++
424,0,2,3,科研人员,科研人员
425,0,3,0,实施工程师,实施工程师
426,2,1,0,测试工程师,测试工程师
427,0,21,3,Java,Java
428,0,0,0,科研人员,科研人员
429,0,11,1,Java,Java
430,2,0,3,技术支持工程师,技术支持工程师
431,0,1,0,实施工程师,实施工程师
432,0,0,0,科研人员,科研人员
433,2,15,4,Java,Java
434,3,2,3,实施工程师,实施工程师
435,0,0,0,科研人员,科研人员
436,2,6,7,C/C++,C/C++
437,0,5,1,软件测试,软件测试
438,0,13,2,Java,Java
439,2,6,0,软件测试,软件测试
440,2,13,4,Java,Java
441,2,2,0,科研人员,科研人员
442,0,12,4,软件测试,软件测试
443,0,0,0,技术支持工程师,技术支持工程师
444,2,5,1,实施工程师,实施工程师
445,2,1,0,技术支持工程师,技术支持工程师
446,2,12,6,测试工程师,测试工程师
447,2,15,7,技术支持工程师,技术支持工程师
448,2,1,1,科研人员,科研人员
449,3,5,3,实施工程师,实施工程师
450,0,0,0,实施工程师,实施工程师
451,2,14,3,技术支持工程师,技术支持工程师
452,0,0,0,硬件测试,硬件测试
453,2,3,6,软件测试,软件测试
454,2,9,1,C/C++,C/C++
455,4,0,0,科研人员,科研人员
456,2,16,5,前端开发,前端开发
457,2,11,0,Java,Java
458,0,5,0,测试工程师,测试工程师
459,0,3,0,软件测试,软件测试
460,4,2,3,科研人员,科研人员
461,0,3,6,测试工程师,测试工程师
462,0,3,0,技术支持工程师,技术支持工程师
463,0,0,0,Java,Java
464,2,8,0,Java,Java
465,0,12,0,前端开发,前端开发
466,2,8,3,测试工程师,测试工程师
467,0,4,0,C/C++,C/C++
468,0,4,6,实施工程师,实施工程师
469,2,9,0,测试工程师,测试工程师
470,0,4,4,C/C++,C/C++
471,0,0,4,实施工程师,实施工程师
472,2,2,4,科研人员,科研人员
473,2,6,2,测试工程师,测试工程师
474,0,11,10,测试工程师,测试工程师
475,0,0,0,Java,Java
476,2,4,3,科研人员,科研人员
477,2,2,0,实施工程师,实施工程师
478,2,5,0,实施工程师,实施工程师
479,2,2,4,测试工程师,测试工程师
480,0,5,0,测试工程师,测试工程师
481,4,11,0,Java,Java
482,2,4,6,测试工程师,测试工程师
483,0,0,0,软件测试,软件测试
484,2,1,1,科研人员,科研人员
485,0,1,0,实施工程师,实施工程师
486,0,0,0,实施工程师,实施工程师
487,0,11,0,C/C++,C/C++
488,0,2,0,软件测试,软件测试
489,0,0,0,测试工程师,测试工程师
490,2,4,2,测试工程师,测试工程师
491,2,2,0,技术支持工程师,技术支持工程师
492,0,12,0,Java,Java
493,0,0,0,技术支持工程师,技术支持工程师
494,2,2,3,技术支持工程师,技术支持工程师
495,0,10,1,C/C++,C/C++
496,3,2,7,C/C++,C/C++
497,0,9,2,前端开发,前端开发
498,2,8,4,软件测试,软件测试
499,2,4,5,实施工程师,实施工程师
500,0,14,0,Java,Java
501,2,1,1,科研人员,科研人员
502,0,2,0,测试工程师,测试工程师
503,0,3,3,C/C++,C/C++
504,2,3,3,科研人员,科研人员
505,0,5,0,C/C++,C/C++
506,0,2,1,技术支持工程师,技术支持工程师
507,2,3,0,技术支持工程师,技术支持工程师
508,0,0,0,科研人员,科研人员
509,3,2,3,技术支持工程师,技术支持工程师
510,0,9,2,前端开发,前端开发
511,0,0,0,技术支持工程师,技术支持工程师
512,2,1,4,硬件测试,硬件测试
513,0,1,0,科研人员,科研人员
514,0,1,5,科研人员,科研人员
515,4,3,0,测试工程师,测试工程师
516,0,0,0,测试工程师,测试工程师
517,0,4,0,测试工程师,测试工程师
518,0,2,0,测试工程师,测试工程师
519,0,13,0,Java,Java
520,2,4,0,实施工程师,实施工程师
521,2,29,6,Java,Java
522,0,0,0,硬件测试,硬件测试
523,0,8,1,C/C++,C/C++
524,4,0,2,科研人员,科研人员
525,2,3,0,技术支持工程师,技术支持工程师
526,0,1,0,技术支持工程师,技术支持工程师
527,2,14,0,C/C++,C/C++
528,2,11,0,C/C++,C/C++
529,2,7,2,C/C++,C/C++
530,0,3,0,实施工程师,实施工程师
531,0,8,3,技术支持工程师,技术支持工程师
532,0,0,0,技术支持工程师,技术支持工程师
533,2,1,0,技术支持工程师,技术支持工程师
534,2,5,1,科研人员,科研人员
535,0,0,0,科研人员,科研人员
536,0,1,0,硬件测试,硬件测试
537,0,0,0,C/C++,C/C++
538,0,0,0,Java,Java
539,0,17,0,Java,Java
540,6,8,0,C/C++,C/C++
541,2,14,0,C/C++,C/C++
542,2,6,0,C/C++,C/C++
543,2,2,3,硬件测试,硬件测试
544,0,5,0,硬件测试,硬件测试
545,0,1,0,科研人员,科研人员
546,2,3,5,实施工程师,实施工程师
547,0,0,0,C/C++,C/C++
548,2,22,3,Java,Java
549,0,3,0,测试工程师,测试工程师
550,2,10,4,Java,Java
551,2,3,3,技术支持工程师,技术支持工程师
552,0,3,1,技术支持工程师,技术支持工程师
553,0,0,0,C/C++,C/C++
554,0,0,0,科研人员,科研人员
555,0,3,0,实施工程师,实施工程师
556,2,11,0,Java,Java
557,0,0,0,Java,Java
558,2,3,9,实施工程师,实施工程师
559,0,5,0,硬件测试,硬件测试
560,0,1,0,测试工程师,测试工程师
561,2,18,11,Java,Java
562,0,0,0,C/C++,C/C++
563,0,0,0,技术支持工程师,技术支持工程师
564,0,0,0,实施工程师,实施工程师
565,2,8,0,C/C++,C/C++
566,0,0,0,C/C++,C/C++
567,2,4,2,软件测试,软件测试
568,0,2,0,Java,Java
569,0,5,1,软件测试,软件测试
570,0,4,0,技术支持工程师,技术支持工程师
571,0,3,0,技术支持工程师,技术支持工程师
572,0,2,0,前端开发,前端开发
573,0,1,0,实施工程师,实施工程师
574,0,0,0,科研人员,科研人员
575,0,9,0,C/C++,C/C++
576,0,14,0,Java,Java
577,2,1,2,技术支持工程师,技术支持工程师
578,4,20,0,Java,Java
579,0,0,0,测试工程师,测试工程师
580,2,11,0,Java,Java
581,0,0,0,C/C++,C/C++
582,0,2,0,技术支持工程师,技术支持工程师
583,2,17,3,Java,Java
584,2,0,0,科研人员,科研人员
585,0,2,0,测试工程师,测试工程师
586,0,15,0,Java,Java
587,2,1,0,软件测试,软件测试
588,2,14,5,Java,Java
589,0,10,3,Java,Java
590,2,2,0,科研人员,科研人员
591,0,8,0,测试工程师,测试工程师
592,2,4,6,实施工程师,实施工程师
593,0,3,0,实施工程师,实施工程师
594,0,4,7,实施工程师,实施工程师
595,2,1,1,技术支持工程师,技术支持工程师
596,0,5,0,硬件测试,硬件测试
597,2,17,3,前端开发,前端开发
598,2,2,3,前端开发,前端开发
599,0,0,0,软件测试,软件测试
600,0,4,0,实施工程师,实施工程师
601,0,14,4,前端开发,前端开发
602,2,1,0,测试工程师,测试工程师
603,2,14,4,前端开发,前端开发
604,1,5,0,Java,Java
605,0,1,0,实施工程师,实施工程师
606,2,0,0,前端开发,前端开发
607,0,0,0,科研人员,科研人员
608,2,2,0,硬件测试,硬件测试
609,2,0,0,Java,Java
610,0,0,0,C/C++,C/C++
611,2,14,0,C/C++,C/C++
612,0,0,0,实施工程师,实施工程师
613,0,0,0,硬件测试,硬件测试
614,2,1,0,测试工程师,测试工程师
615,0,4,4,C/C++,C/C++
616,0,13,2,实施工程师,实施工程师
617,2,1,0,硬件测试,硬件测试
618,0,0,0,Java,Java
619,0,0,0,软件测试,软件测试
620,0,3,0,实施工程师,实施工程师
621,0,3,0,实施工程师,实施工程师
622,0,13,0,C/C++,C/C++
623,2,3,8,测试工程师,测试工程师
624,0,5,0,硬件测试,硬件测试
625,0,1,0,科研人员,科研人员
626,0,4,0,测试工程师,测试工程师
627,0,0,0,Java,Java
628,2,7,2,实施工程师,实施工程师
629,0,0,0,软件测试,软件测试
630,0,10,1,Java,Java
631,0,8,0,前端开发,前端开发
632,0,0,0,C/C++,C/C++
633,0,0,0,科研人员,科研人员
634,0,0,0,软件测试,软件测试
635,0,0,0,科研人员,科研人员
636,0,15,1,Java,Java
637,2,8,0,软件测试,软件测试
638,0,0,0,技术支持工程师,技术支持工程师
639,2,1,0,测试工程师,测试工程师
640,2,3,7,技术支持工程师,技术支持工程师
641,0,6,0,硬件测试,硬件测试
642,2,6,0,技术支持工程师,技术支持工程师
643,0,0,0,实施工程师,实施工程师
644,0,3,0,C/C++,C/C++
645,0,1,0,软件测试,软件测试
646,2,2,6,测试工程师,测试工程师
647,0,7,4,软件测试,软件测试
648,2,0,0,测试工程师,测试工程师
649,2,3,6,技术支持工程师,技术支持工程师
650,0,1,0,实施工程师,实施工程师
651,0,14,0,Java,Java
652,0,7,0,Java,Java
653,0,1,0,测试工程师,测试工程师
654,1,2,7,技术支持工程师,技术支持工程师
655,0,0,0,实施工程师,实施工程师
656,2,10,4,前端开发,前端开发
657,2,1,0,硬件测试,硬件测试
658,0,1,1,测试工程师,测试工程师
659,2,2,8,技术支持工程师,技术支持工程师
660,2,1,0,技术支持工程师,技术支持工程师
661,2,4,1,技术支持工程师,技术支持工程师
662,0,14,3,Java,Java
663,2,4,3,测试工程师,测试工程师
664,0,4,0,软件测试,软件测试
665,2,13,2,C/C++,C/C++
666,2,5,0,技术支持工程师,技术支持工程师
667,0,1,0,Java,Java
668,2,6,0,Java,Java
669,2,1,3,科研人员,科研人员
670,1,1,3,实施工程师,实施工程师
671,2,0,0,实施工程师,实施工程师
672,0,10,0,C/C++,C/C++
673,2,1,1,科研人员,科研人员
674,0,0,0,技术支持工程师,技术支持工程师
675,0,21,0,Java,Java
676,2,13,5,实施工程师,实施工程师
677,2,7,0,软件测试,软件测试
678,0,1,0,实施工程师,实施工程师
679,0,10,0,前端开发,前端开发
680,4,0,0,科研人员,科研人员
681,2,16,3,前端开发,前端开发
682,0,4,0,Java,Java
683,2,1,1,技术支持工程师,技术支持工程师
684,0,20,3,Java,Java
685,2,1,0,科研人员,科研人员
686,3,6,7,技术支持工程师,技术支持工程师
687,3,3,8,实施工程师,实施工程师
688,0,7,6,Java,Java
689,2,1,0,科研人员,科研人员
690,0,0,0,Java,Java
691,2,1,6,技术支持工程师,技术支持工程师
692,0,7,0,C/C++,C/C++
693,0,0,0,测试工程师,测试工程师
694,0,1,0,实施工程师,实施工程师
695,2,5,3,测试工程师,测试工程师
696,2,3,5,实施工程师,实施工程师
697,0,0,0,科研人员,科研人员
698,0,1,0,实施工程师,实施工程师
699,0,0,0,Java,Java
700,0,2,0,实施工程师,实施工程师
701,0,0,0,测试工程师,测试工程师
702,0,5,0,硬件测试,硬件测试
703,0,0,0,测试工程师,测试工程师
704,0,0,0,技术支持工程师,技术支持工程师
705,2,5,1,科研人员,科研人员
706,0,0,0,实施工程师,实施工程师
707,2,1,0,测试工程师,测试工程师
708,0,0,0,实施工程师,实施工程师
709,0,0,0,C/C++,C/C++
710,1,1,0,硬件测试,硬件测试
711,0,6,0,C/C++,C/C++
712,2,2,1,技术支持工程师,技术支持工程师
713,0,5,0,硬件测试,硬件测试
714,0,3,4,测试工程师,测试工程师
715,0,0,0,软件测试,软件测试
716,2,3,5,软件测试,软件测试
717,2,5,2,硬件测试,硬件测试
718,0,0,0,实施工程师,实施工程师
719,2,2,7,硬件测试,硬件测试
720,0,15,1,Java,Java
721,2,7,2,软件测试,软件测试
722,2,3,0,测试工程师,测试工程师
723,0,3,0,技术支持工程师,技术支持工程师
724,2,2,8,科研人员,科研人员
725,2,6,4,技术支持工程师,技术支持工程师
726,0,2,0,软件测试,软件测试
727,0,4,0,技术支持工程师,技术支持工程师
728,2,2,2,科研人员,科研人员
729,0,16,3,Java,Java
730,0,3,0,Java,Java
731,0,14,0,前端开发,前端开发
732,2,2,5,科研人员,科研人员
733,0,0,0,C/C++,C/C++
734,0,0,0,前端开发,前端开发
735,2,6,6,实施工程师,实施工程师
736,2,0,4,硬件测试,硬件测试
737,2,6,3,Java,Java
738,0,5,0,测试工程师,测试工程师
739,0,0,0,C/C++,C/C++
740,0,0,0,技术支持工程师,技术支持工程师
741,2,1,0,测试工程师,测试工程师
742,0,0,0,实施工程师,实施工程师
743,2,2,6,科研人员,科研人员
744,3,2,5,技术支持工程师,技术支持工程师
745,0,2,0,软件测试,软件测试
746,2,0,1,科研人员,科研人员
747,0,4,4,技术支持工程师,技术支持工程师
748,2,13,6,前端开发,前端开发
749,0,3,0,软件测试,软件测试
750,2,3,5,技术支持工程师,技术支持工程师
751,2,1,5,实施工程师,实施工程师
752,2,5,5,实施工程师,实施工程师
753,0,0,0,实施工程师,实施工程师
754,2,2,3,技术支持工程师,技术支持工程师
755,0,0,0,Java,Java
756,0,17,3,软件测试,软件测试
757,0,21,0,软件测试,软件测试
758,0,14,0,Java,Java
759,2,1,0,测试工程师,测试工程师
760,4,8,5,C/C++,C/C++
761,2,1,0,测试工程师,测试工程师
762,1,1,0,前端开发,前端开发
763,2,2,5,实施工程师,实施工程师
764,0,0,0,技术支持工程师,技术支持工程师
765,2,3,2,硬件测试,硬件测试
766,0,0,0,测试工程师,测试工程师
767,4,9,0,软件测试,软件测试
768,2,3,6,测试工程师,测试工程师
769,2,10,0,Java,Java
770,0,21,0,Java,Java
771,0,0,0,前端开发,前端开发
772,0,0,0,C/C++,C/C++
773,0,17,0,Java,Java
774,2,1,0,技术支持工程师,技术支持工程师
775,2,6,0,C/C++,C/C++
776,0,1,0,技术支持工程师,技术支持工程师
777,0,7,5,Java,Java
778,2,5,3,硬件测试,硬件测试
779,2,2,0,科研人员,科研人员
780,0,1,0,Java,Java
781,2,0,5,科研人员,科研人员
782,2,3,2,硬件测试,硬件测试
783,2,11,0,C/C++,C/C++
784,0,21,3,C/C++,C/C++
785,0,4,0,C/C++,C/C++
786,2,33,4,C/C++,C/C++
787,1,1,6,硬件测试,硬件测试
788,2,2,0,科研人员,科研人员
789,0,7,4,软件测试,软件测试
790,2,2,0,科研人员,科研人员
791,2,1,1,科研人员,科研人员
792,0,6,3,测试工程师,测试工程师
793,2,2,2,科研人员,科研人员
794,2,13,0,C/C++,C/C++
795,3,3,4,技术支持工程师,技术支持工程师
796,0,3,3,技术支持工程师,技术支持工程师
797,2,3,0,硬件测试,硬件测试
798,2,1,0,软件测试,软件测试
799,2,11,3,Java,Java
800,2,4,0,Java,Java
801,2,3,1,科研人员,科研人员
802,2,4,0,Java,Java
803,0,5,1,测试工程师,测试工程师
804,0,1,0,科研人员,科研人员
805,0,0,4,科研人员,科研人员
806,0,1,0,技术支持工程师,技术支持工程师
807,3,4,5,硬件测试,硬件测试
808,2,7,4,C/C++,C/C++
809,0,0,0,硬件测试,硬件测试
810,0,23,0,Java,Java
811,2,7,0,实施工程师,实施工程师
812,0,4,4,C/C++,C/C++
813,0,0,0,技术支持工程师,技术支持工程师
814,0,2,0,实施工程师,实施工程师
815,0,1,0,技术支持工程师,技术支持工程师
816,2,1,0,软件测试,软件测试
817,0,1,0,技术支持工程师,技术支持工程师
818,0,0,0,测试工程师,测试工程师
819,2,4,3,硬件测试,硬件测试
820,2,6,2,测试工程师,测试工程师
821,4,3,3,科研人员,科研人员
822,0,14,4,前端开发,前端开发
823,2,2,2,硬件测试,硬件测试
824,0,10,6,测试工程师,测试工程师
825,0,1,2,实施工程师,实施工程师
826,2,2,3,实施工程师,实施工程师
827,3,0,4,实施工程师,实施工程师
828,0,0,0,技术支持工程师,技术支持工程师
829,2,1,0,科研人员,科研人员
830,0,9,4,C/C++,C/C++
831,0,21,0,Java,Java
832,0,13,0,C/C++,C/C++
833,2,1,0,软件测试,软件测试
834,0,17,0,Java,Java
835,2,13,2,前端开发,前端开发
836,3,1,0,技术支持工程师,技术支持工程师
837,4,1,0,科研人员,科研人员
838,2,5,5,实施工程师,实施工程师
839,2,9,8,技术支持工程师,技术支持工程师
840,0,4,3,实施工程师,实施工程师
841,2,1,0,技术支持工程师,技术支持工程师
842,2,9,4,C/C++,C/C++
843,0,15,7,软件测试,软件测试
844,0,1,0,技术支持工程师,技术支持工程师
845,0,2,0,软件测试,软件测试
846,2,21,6,Java,Java
847,2,10,0,C/C++,C/C++
848,2,2,2,实施工程师,实施工程师
849,2,0,0,软件测试,软件测试
850,0,3,0,C/C++,C/C++
851,0,0,0,科研人员,科研人员
852,0,0,0,科研人员,科研人员
853,0,5,6,实施工程师,实施工程师
854,0,5,1,软件测试,软件测试
855,2,9,11,实施工程师,实施工程师
856,4,17,2,Java,Java
857,0,3,0,技术支持工程师,技术支持工程师
858,2,1,2,科研人员,科研人员
859,0,3,0,实施工程师,实施工程师
860,0,9,0,前端开发,前端开发
861,0,0,0,实施工程师,实施工程师
862,2,4,0,技术支持工程师,技术支持工程师
863,0,5,1,测试工程师,测试工程师
864,2,10,0,Java,Java
865,0,13,0,Java,Java
866,0,13,0,Java,Java
867,2,1,0,技术支持工程师,技术支持工程师
868,2,2,4,实施工程师,实施工程师
869,0,0,0,Java,Java
870,0,1,0,软件测试,软件测试
871,0,16,4,Java,Java
872,2,8,2,C/C++,C/C++
873,2,3,5,测试工程师,测试工程师
874,0,0,0,技术支持工程师,技术支持工程师
875,4,2,1,实施工程师,实施工程师
876,0,7,0,C/C++,C/C++
877,0,21,0,Java,Java
878,0,12,0,测试工程师,测试工程师
879,2,3,0,C/C++,C/C++
880,0,0,0,硬件测试,硬件测试
881,0,2,0,Java,Java
882,2,2,0,科研人员,科研人员
883,2,0,1,科研人员,科研人员
884,2,4,2,测试工程师,测试工程师
885,2,10,0,Java,Java
886,0,3,0,测试工程师,测试工程师
887,0,3,0,技术支持工程师,技术支持工程师
888,2,4,4,测试工程师,测试工程师
889,4,2,2,科研人员,科研人员
890,0,0,0,测试工程师,测试工程师
891,0,11,3,Java,Java
892,2,5,2,Java,Java
893,0,0,0,软件测试,软件测试
894,0,3,0,实施工程师,实施工程师
895,1,3,0,技术支持工程师,技术支持工程师
896,0,8,1,前端开发,前端开发
897,2,14,2,C/C++,C/C++
898,0,1,2,技术支持工程师,技术支持工程师
899,0,4,0,测试工程师,测试工程师
900,0,14,0,前端开发,前端开发
901,0,11,0,Java,Java
902,2,5,4,C/C++,C/C++
903,0,13,1,Java,Java
904,2,1,2,科研人员,科研人员
905,2,3,5,硬件测试,硬件测试
906,2,0,0,科研人员,科研人员
907,2,8,0,科研人员,科研人员
908,0,0,0,C/C++,C/C++
909,0,1,0,Java,Java
910,2,11,5,软件测试,软件测试
911,2,8,3,Java,Java
912,2,7,0,C/C++,C/C++
913,2,1,5,科研人员,科研人员
914,0,5,0,科研人员,科研人员
915,2,1,7,科研人员,科研人员
916,2,1,0,测试工程师,测试工程师
917,2,2,4,测试工程师,测试工程师
918,2,19,5,Java,Java
919,0,0,0,硬件测试,硬件测试
920,2,12,3,C/C++,C/C++
921,2,9,6,C/C++,C/C++
922,0,5,1,测试工程师,测试工程师
923,2,1,0,软件测试,软件测试
924,2,0,0,科研人员,科研人员
925,2,2,7,技术支持工程师,技术支持工程师
926,0,10,3,测试工程师,测试工程师
927,0,3,0,实施工程师,实施工程师
928,2,4,2,实施工程师,实施工程师
929,2,3,1,硬件测试,硬件测试
930,1,1,8,技术支持工程师,技术支持工程师
931,0,20,0,前端开发,前端开发
932,0,1,0,前端开发,前端开发
933,0,14,0,Java,Java
934,0,6,0,硬件测试,硬件测试
935,2,3,2,科研人员,科研人员
936,0,11,2,Java,Java
937,0,21,0,Java,Java
938,3,1,4,技术支持工程师,技术支持工程师
939,0,7,4,软件测试,软件测试
940,2,4,7,实施工程师,实施工程师
941,0,0,0,技术支持工程师,技术支持工程师
942,0,8,0,C/C++,C/C++
943,0,7,5,技术支持工程师,技术支持工程师
944,2,5,7,测试工程师,测试工程师
945,2,7,2,科研人员,科研人员
946,0,2,0,测试工程师,测试工程师
947,0,0,0,实施工程师,实施工程师
948,0,0,0,实施工程师,实施工程师
949,2,4,4,Java,Java
950,4,0,0,实施工程师,实施工程师
951,2,7,7,技术支持工程师,技术支持工程师
952,0,0,0,Java,Java
953,0,2,2,测试工程师,测试工程师
954,2,2,0,科研人员,科研人员
955,2,4,4,技术支持工程师,技术支持工程师
956,0,21,0,Java,Java
957,3,6,2,测试工程师,测试工程师
958,0,2,1,技术支持工程师,技术支持工程师
959,0,21,0,Java,Java
960,0,0,0,实施工程师,实施工程师
961,2,1,0,测试工程师,测试工程师
962,2,5,7,测试工程师,测试工程师
963,0,7,4,软件测试,软件测试
964,2,10,4,Java,Java
965,2,0,0,科研人员,科研人员
966,4,2,3,科研人员,科研人员
967,0,3,0,技术支持工程师,技术支持工程师
968,0,2,0,技术支持工程师,技术支持工程师
969,3,3,2,科研人员,科研人员
970,0,11,2,Java,Java
971,0,2,0,前端开发,前端开发
972,0,5,0,硬件测试,硬件测试
973,0,0,0,技术支持工程师,技术支持工程师
974,0,7,2,C/C++,C/C++
975,0,1,0,技术支持工程师,技术支持工程师
976,2,0,2,科研人员,科研人员
977,2,2,5,技术支持工程师,技术支持工程师
978,0,1,0,实施工程师,实施工程师
979,0,4,1,实施工程师,实施工程师
980,4,4,1,技术支持工程师,技术支持工程师
981,2,1,5,科研人员,科研人员
982,2,1,0,科研人员,科研人员
983,0,3,0,软件测试,软件测试
984,0,4,1,实施工程师,实施工程师
985,0,16,4,前端开发,前端开发
986,0,8,1,C/C++,C/C++
987,0,4,0,软件测试,软件测试
988,2,4,2,实施工程师,实施工程师
989,0,3,0,实施工程师,实施工程师
990,0,0,0,科研人员,科研人员
991,0,3,0,实施工程师,实施工程师
992,4,8,2,技术支持工程师,技术支持工程师
993,1,1,0,技术支持工程师,技术支持工程师
994,2,11,3,Java,Java
995,0,3,4,实施工程师,实施工程师
996,0,8,1,前端开发,前端开发
997,0,5,7,测试工程师,测试工程师
998,0,1,0,实施工程师,实施工程师
999,0,15,1,前端开发,前端开发
1000,0,3,0,技术支持工程师,技术支持工程师
1001,0,0,0,Java,Java
1002,0,0,0,技术支持工程师,技术支持工程师
1003,0,5,0,测试工程师,测试工程师
1004,3,1,0,技术支持工程师,技术支持工程师
1005,0,1,0,硬件测试,硬件测试
1006,0,6,3,实施工程师,实施工程师
1007,0,4,5,软件测试,软件测试
1008,0,18,0,Java,Java
1009,0,17,5,Java,Java
1010,0,0,0,实施工程师,实施工程师
1011,0,1,0,技术支持工程师,技术支持工程师
1012,2,10,10,前端开发,前端开发
1013,0,2,0,前端开发,前端开发
1014,0,3,0,实施工程师,实施工程师
1015,0,3,0,技术支持工程师,技术支持工程师
1016,2,2,7,技术支持工程师,技术支持工程师
1017,0,3,5,测试工程师,测试工程师
1018,0,0,0,实施工程师,实施工程师
1019,2,0,7,技术支持工程师,技术支持工程师
1020,2,1,1,科研人员,科研人员
1021,2,1,0,测试工程师,测试工程师
1022,0,3,0,测试工程师,测试工程师
1023,0,4,1,实施工程师,实施工程师
1024,4,0,0,科研人员,科研人员
1025,0,0,0,软件测试,软件测试
1026,2,0,0,测试工程师,测试工程师
1027,2,0,0,科研人员,科研人员
1028,2,3,0,测试工程师,测试工程师
1029,0,13,0,C/C++,C/C++
1030,4,1,3,测试工程师,测试工程师
1031,2,2,5,实施工程师,实施工程师
1032,2,8,2,科研人员,科研人员
1033,2,0,0,测试工程师,测试工程师
1034,2,9,0,Java,Java
1035,0,5,0,硬件测试,硬件测试
1036,2,13,6,Java,Java
1037,0,5,0,硬件测试,硬件测试
1038,2,27,1,前端开发,前端开发
1039,2,4,0,Java,Java
1040,0,1,0,实施工程师,实施工程师
1041,0,0,0,科研人员,科研人员
1042,2,3,9,实施工程师,实施工程师
1043,2,3,6,技术支持工程师,技术支持工程师
1044,2,3,5,Java,Java
1045,0,7,0,Java,Java
1046,2,5,0,硬件测试,硬件测试
1047,2,13,1,C/C++,C/C++
1048,0,5,3,测试工程师,测试工程师
1049,0,3,0,软件测试,软件测试
1050,0,7,0,Java,Java
1051,0,1,0,技术支持工程师,技术支持工程师
1052,2,1,0,软件测试,软件测试
1053,0,2,0,技术支持工程师,技术支持工程师
1054,1,3,3,实施工程师,实施工程师
1055,2,1,0,Java,Java
1056,0,0,0,实施工程师,实施工程师
1057,2,1,0,软件测试,软件测试
1058,0,9,0,C/C++,C/C++
1059,2,1,6,硬件测试,硬件测试
1060,2,14,4,Java,Java
1061,2,4,2,实施工程师,实施工程师
1062,2,5,6,测试工程师,测试工程师
1063,1,1,7,技术支持工程师,技术支持工程师
1064,0,0,0,前端开发,前端开发
1065,2,14,5,C/C++,C/C++
1066,2,3,0,实施工程师,实施工程师
1067,2,6,5,实施工程师,实施工程师
1068,0,0,0,软件测试,软件测试
1069,2,12,0,Java,Java
1070,2,5,5,实施工程师,实施工程师
1071,0,2,0,软件测试,软件测试
1072,0,15,1,Java,Java
1073,2,3,3,软件测试,软件测试
1074,0,0,0,科研人员,科研人员
1075,0,4,0,实施工程师,实施工程师
1076,2,22,2,Java,Java
1077,0,15,3,前端开发,前端开发
1078,0,3,0,测试工程师,测试工程师
1079,0,1,0,实施工程师,实施工程师
1080,0,1,6,测试工程师,测试工程师
1081,2,4,2,技术支持工程师,技术支持工程师
1082,0,2,0,实施工程师,实施工程师
1083,2,3,0,科研人员,科研人员
1084,2,16,4,前端开发,前端开发
1085,0,0,0,测试工程师,测试工程师
1086,2,1,0,软件测试,软件测试
1087,0,4,1,测试工程师,测试工程师
1088,0,3,0,实施工程师,实施工程师
1089,2,2,2,实施工程师,实施工程师
1090,2,15,1,C/C++,C/C++
1091,0,2,0,软件测试,软件测试
1092,0,0,0,科研人员,科研人员
1093,2,10,4,Java,Java
1094,2,1,2,测试工程师,测试工程师
1095,0,5,0,C/C++,C/C++
1096,0,16,1,Java,Java
1097,0,2,0,实施工程师,实施工程师
1098,2,3,0,技术支持工程师,技术支持工程师
1099,0,3,0,软件测试,软件测试
1100,0,2,0,测试工程师,测试工程师
1101,0,5,1,Java,Java
1102,0,1,2,技术支持工程师,技术支持工程师
1103,2,1,1,科研人员,科研人员
1104,2,6,2,硬件测试,硬件测试
1105,2,16,3,Java,Java
1106,2,8,0,软件测试,软件测试
1107,2,3,6,技术支持工程师,技术支持工程师
1108,2,2,0,科研人员,科研人员
1109,2,1,2,软件测试,软件测试
1110,0,2,0,硬件测试,硬件测试
1111,0,4,0,科研人员,科研人员
1112,2,8,0,Java,Java
1113,2,10,0,前端开发,前端开发
1114,2,11,0,Java,Java
1115,2,1,0,软件测试,软件测试
1116,5,6,6,科研人员,科研人员
1117,2,0,5,科研人员,科研人员
1118,2,5,4,实施工程师,实施工程师
1119,0,0,0,前端开发,前端开发
1120,0,5,3,硬件测试,硬件测试
1121,0,12,3,C/C++,C/C++
1122,0,4,0,科研人员,科研人员
1123,0,1,0,实施工程师,实施工程师
1124,2,2,4,科研人员,科研人员
1125,0,3,0,技术支持工程师,技术支持工程师
1126,2,7,0,实施工程师,实施工程师
1127,0,5,0,硬件测试,硬件测试
1128,0,5,0,C/C++,C/C++
1129,2,1,0,软件测试,软件测试
1130,0,3,7,实施工程师,实施工程师
1131,2,23,5,Java,Java
1132,0,17,4,软件测试,软件测试
1133,0,2,0,科研人员,科研人员
1134,0,0,0,科研人员,科研人员
1135,2,10,4,硬件测试,硬件测试
1136,2,2,2,软件测试,软件测试
1137,2,1,2,软件测试,软件测试
1138,0,5,0,硬件测试,硬件测试
1139,2,24,8,Java,Java
1140,0,15,1,Java,Java
1141,2,3,1,技术支持工程师,技术支持工程师
1142,2,1,0,测试工程师,测试工程师
1143,0,0,0,Java,Java
1144,0,0,0,技术支持工程师,技术支持工程师
1145,0,6,0,Java,Java
1146,2,1,0,软件测试,软件测试
1147,0,7,0,Java,Java
1148,0,2,0,软件测试,软件测试
1149,0,1,0,硬件测试,硬件测试
1150,0,0,0,测试工程师,测试工程师
1151,0,5,1,测试工程师,测试工程师
1152,0,22,0,Java,Java
1153,2,16,0,C/C++,C/C++
1154,0,0,0,科研人员,科研人员
1155,0,21,0,Java,Java
1156,0,0,0,测试工程师,测试工程师
1157,0,16,0,测试工程师,测试工程师
1158,0,0,0,科研人员,科研人员
1159,0,0,0,技术支持工程师,技术支持工程师
1160,2,14,0,前端开发,前端开发
1161,2,1,1,科研人员,科研人员
1162,0,15,1,Java,Java
1163,2,17,3,实施工程师,实施工程师
1164,2,4,0,Java,Java
1165,0,5,5,软件测试,软件测试
1166,2,3,0,硬件测试,硬件测试
1167,2,1,4,软件测试,软件测试
1168,0,3,0,技术支持工程师,技术支持工程师
1169,0,5,1,软件测试,软件测试
1170,6,1,2,科研人员,科研人员
1171,2,4,3,实施工程师,实施工程师
1172,0,8,2,前端开发,前端开发
1173,0,1,0,硬件测试,硬件测试
1174,0,0,0,测试工程师,测试工程师
1175,2,2,0,科研人员,科研人员
1176,0,0,0,测试工程师,测试工程师
1177,0,5,0,硬件测试,硬件测试
1178,0,22,0,Java,Java
1179,0,22,3,Java,Java
1180,0,9,4,软件测试,软件测试
1181,0,1,0,硬件测试,硬件测试
1182,0,0,0,技术支持工程师,技术支持工程师
1183,2,5,0,科研人员,科研人员
1184,2,3,3,技术支持工程师,技术支持工程师
1185,0,0,0,科研人员,科研人员
1186,0,21,0,Java,Java
1187,2,15,0,Java,Java
1188,0,0,0,实施工程师,实施工程师
1189,3,6,7,实施工程师,实施工程师
1190,0,1,5,技术支持工程师,技术支持工程师
1191,0,1,0,软件测试,软件测试
1192,0,0,0,硬件测试,硬件测试
1193,0,7,2,C/C++,C/C++
1194,0,18,9,测试工程师,测试工程师
1195,0,13,7,C/C++,C/C++
1196,2,3,2,C/C++,C/C++
1197,0,7,4,软件测试,软件测试
1198,2,1,0,软件测试,软件测试
1199,2,0,0,科研人员,科研人员
1200,0,5,0,硬件测试,硬件测试
1201,2,1,4,科研人员,科研人员
1202,0,19,0,前端开发,前端开发
1203,0,8,1,前端开发,前端开发
1204,0,2,2,硬件测试,硬件测试
1205,2,3,3,实施工程师,实施工程师
1206,3,2,0,测试工程师,测试工程师
1207,2,3,2,硬件测试,硬件测试
1208,0,0,0,Java,Java
1209,0,0,0,测试工程师,测试工程师
1210,0,5,0,硬件测试,硬件测试
1211,2,3,1,实施工程师,实施工程师
1212,0,18,6,Java,Java
1213,2,3,3,软件测试,软件测试
1214,2,3,6,实施工程师,实施工程师
1215,0,15,1,Java,Java
1216,0,0,0,科研人员,科研人员
1217,4,9,3,测试工程师,测试工程师
1218,2,1,0,软件测试,软件测试
1219,4,8,0,软件测试,软件测试
1220,2,6,0,C/C++,C/C++
1221,2,2,2,技术支持工程师,技术支持工程师
1222,2,1,1,科研人员,科研人员
1223,1,1,4,软件测试,软件测试
1224,2,10,0,C/C++,C/C++
1225,4,0,0,科研人员,科研人员
1226,2,13,8,前端开发,前端开发
1227,2,5,7,科研人员,科研人员
1228,0,11,2,Java,Java
1229,0,1,0,实施工程师,实施工程师
1230,2,4,0,测试工程师,测试工程师
1231,0,1,0,软件测试,软件测试
1232,0,1,0,技术支持工程师,技术支持工程师
1233,0,2,0,测试工程师,测试工程师
1234,0,17,0,Java,Java
1235,0,4,5,实施工程师,实施工程师
1236,0,6,0,实施工程师,实施工程师
1237,0,3,0,技术支持工程师,技术支持工程师
1238,0,17,5,Java,Java
1239,0,1,0,测试工程师,测试工程师
1240,0,9,2,前端开发,前端开发
1241,0,3,0,硬件测试,硬件测试
1242,0,21,0,Java,Java
1243,0,3,0,实施工程师,实施工程师
1244,2,14,8,前端开发,前端开发
1245,0,1,0,技术支持工程师,技术支持工程师
1246,0,0,0,技术支持工程师,技术支持工程师
1247,2,1,4,软件测试,软件测试
1248,2,1,0,测试工程师,测试工程师
1249,1,3,6,实施工程师,实施工程师
1250,2,4,0,Java,Java
1251,2,3,4,硬件测试,硬件测试
1252,0,15,1,Java,Java
1253,2,1,0,软件测试,软件测试
1254,0,5,0,硬件测试,硬件测试
1255,3,5,2,技术支持工程师,技术支持工程师
1256,0,6,5,技术支持工程师,技术支持工程师
1257,0,2,2,硬件测试,硬件测试
1258,0,3,0,实施工程师,实施工程师
1259,0,1,7,测试工程师,测试工程师
1260,2,5,5,技术支持工程师,技术支持工程师
1261,0,3,0,前端开发,前端开发
1262,2,0,0,科研人员,科研人员
1263,4,17,2,Java,Java
1264,2,1,0,测试工程师,测试工程师
1265,2,10,4,前端开发,前端开发
1266,2,1,0,科研人员,科研人员
1267,0,0,0,测试工程师,测试工程师
1268,0,7,0,Java,Java
1269,2,10,4,C/C++,C/C++
1270,0,3,0,测试工程师,测试工程师
1271,0,1,0,硬件测试,硬件测试
1272,2,7,0,软件测试,软件测试
1273,2,2,3,测试工程师,测试工程师
1274,0,0,0,前端开发,前端开发
1275,2,6,2,Java,Java
1276,2,12,6,技术支持工程师,技术支持工程师
1277,2,10,7,C/C++,C/C++
1278,0,0,0,Java,Java
1279,2,1,0,测试工程师,测试工程师
1280,0,4,5,实施工程师,实施工程师
1281,0,3,0,Java,Java
1282,2,2,0,实施工程师,实施工程师
1283,0,0,0,技术支持工程师,技术支持工程师
1284,0,0,0,Java,Java
1285,0,9,2,软件测试,软件测试
1286,0,9,2,前端开发,前端开发
1287,2,2,0,软件测试,软件测试
1288,2,15,0,测试工程师,测试工程师
1289,0,5,1,Java,Java
1290,2,1,0,软件测试,软件测试
1291,0,5,0,C/C++,C/C++
1292,4,1,2,科研人员,科研人员
1293,2,8,2,C/C++,C/C++
1294,2,3,3,软件测试,软件测试
1295,0,5,0,测试工程师,测试工程师
1296,2,0,2,科研人员,科研人员
1297,2,4,4,测试工程师,测试工程师
1298,2,0,0,C/C++,C/C++
1299,2,2,1,科研人员,科研人员
1300,2,3,0,实施工程师,实施工程师
1301,0,5,0,C/C++,C/C++
1302,0,5,1,测试工程师,测试工程师
1303,2,5,0,测试工程师,测试工程师
1304,0,5,1,测试工程师,测试工程师
1305,0,0,0,科研人员,科研人员
1306,0,15,0,Java,Java
1307,0,1,0,硬件测试,硬件测试
1308,2,0,0,软件测试,软件测试
1309,0,3,0,科研人员,科研人员
1310,2,0,0,科研人员,科研人员
1311,2,12,8,Java,Java
1312,0,16,0,Java,Java
1313,0,1,3,测试工程师,测试工程师
1314,0,8,1,前端开发,前端开发
1315,0,0,0,硬件测试,硬件测试
1316,2,1,0,测试工程师,测试工程师
1317,0,0,0,科研人员,科研人员
1318,0,0,0,技术支持工程师,技术支持工程师
1319,0,9,2,Java,Java
1320,0,8,6,测试工程师,测试工程师
1321,2,0,0,科研人员,科研人员
1322,2,3,0,科研人员,科研人员
1323,2,1,1,科研人员,科研人员
1324,0,13,2,Java,Java
1325,0,2,0,技术支持工程师,技术支持工程师
1326,4,6,5,软件测试,软件测试
1327,0,5,1,软件测试,软件测试
1328,0,0,0,C/C++,C/C++
1329,0,7,0,软件测试,软件测试
1330,0,2,0,技术支持工程师,技术支持工程师
1331,0,2,0,技术支持工程师,技术支持工程师
1332,0,3,0,技术支持工程师,技术支持工程师
1333,0,1,4,硬件测试,硬件测试
1334,0,0,0,科研人员,科研人员
1335,2,8,3,Java,Java
1336,2,3,7,科研人员,科研人员
1337,2,9,2,测试工程师,测试工程师
1338,0,0,0,硬件测试,硬件测试
1339,2,7,0,软件测试,软件测试
1340,2,5,10,实施工程师,实施工程师
1341,0,7,0,Java,Java
1342,0,1,0,软件测试,软件测试
1343,0,0,0,实施工程师,实施工程师
1344,2,3,1,硬件测试,硬件测试
1345,0,17,0,Java,Java
1346,0,2,0,软件测试,软件测试
1347,0,3,2,实施工程师,实施工程师
1348,0,0,0,Java,Java
1349,0,8,9,前端开发,前端开发
1350,0,14,0,Java,Java
1351,2,12,2,软件测试,软件测试
1352,2,1,6,实施工程师,实施工程师
1353,0,0,0,实施工程师,实施工程师
1354,0,3,0,实施工程师,实施工程师
1355,2,5,10,软件测试,软件测试
1356,2,2,4,测试工程师,测试工程师
1357,2,9,5,C/C++,C/C++
1358,2,1,2,实施工程师,实施工程师
1359,2,2,0,硬件测试,硬件测试
1360,2,5,0,Java,Java
1361,0,3,0,实施工程师,实施工程师
1362,0,3,0,实施工程师,实施工程师
1363,2,8,0,C/C++,C/C++
1364,0,13,0,C/C++,C/C++
1365,2,1,0,硬件测试,硬件测试
1366,0,1,0,测试工程师,测试工程师
1367,0,22,1,Java,Java
1368,2,2,2,技术支持工程师,技术支持工程师
1369,0,7,2,测试工程师,测试工程师
1370,0,13,0,Java,Java
1371,0,0,0,实施工程师,实施工程师
1372,2,1,1,软件测试,软件测试
1373,0,2,0,实施工程师,实施工程师
1374,2,5,4,C/C++,C/C++
1375,0,0,0,科研人员,科研人员
1376,0,0,0,实施工程师,实施工程师
1377,0,8,0,C/C++,C/C++
1378,0,12,0,前端开发,前端开发
1379,2,4,5,技术支持工程师,技术支持工程师
1380,2,3,0,测试工程师,测试工程师
1381,2,5,8,科研人员,科研人员
1382,0,0,0,Java,Java
1383,2,3,2,实施工程师,实施工程师
1384,2,1,5,科研人员,科研人员
1385,2,3,3,技术支持工程师,技术支持工程师
1386,2,1,5,实施工程师,实施工程师
1387,2,20,5,C/C++,C/C++
1388,0,5,0,Java,Java
1389,2,16,3,前端开发,前端开发
1390,2,12,0,Java,Java
1391,0,5,8,软件测试,软件测试
1392,2,1,0,科研人员,科研人员
1393,0,0,0,C/C++,C/C++
1394,0,6,0,实施工程师,实施工程师
1395,0,15,6,Java,Java
1396,0,0,0,Java,Java
1397,0,0,0,测试工程师,测试工程师
1398,2,1,0,测试工程师,测试工程师
1399,1,5,3,测试工程师,测试工程师
1400,0,0,0,科研人员,科研人员
1401,2,1,0,测试工程师,测试工程师
1402,4,5,0,C/C++,C/C++
1403,2,14,3,实施工程师,实施工程师
1404,1,5,4,测试工程师,测试工程师
1405,0,2,3,技术支持工程师,技术支持工程师
1406,3,5,2,C/C++,C/C++
1407,0,1,0,技术支持工程师,技术支持工程师
1408,0,14,0,Java,Java
1409,0,5,1,技术支持工程师,技术支持工程师
1410,0,0,0,软件测试,软件测试
1411,2,1,2,科研人员,科研人员
1412,0,7,0,Java,Java
1413,0,5,0,科研人员,科研人员
1414,0,2,0,软件测试,软件测试
1415,2,4,0,科研人员,科研人员
1416,0,18,9,测试工程师,测试工程师
1417,0,7,2,C/C++,C/C++
1418,0,3,2,实施工程师,实施工程师
1419,2,6,6,C/C++,C/C++
1420,2,10,0,科研人员,科研人员
1421,2,3,4,技术支持工程师,技术支持工程师
1422,3,11,0,Java,Java
1423,0,32,3,实施工程师,实施工程师
1424,0,1,0,测试工程师,测试工程师
1425,0,0,0,Java,Java
1426,2,1,1,科研人员,科研人员
1427,2,3,3,科研人员,科研人员
1428,0,0,0,科研人员,科研人员
1429,0,5,0,硬件测试,硬件测试
1430,2,1,3,测试工程师,测试工程师
1431,2,6,6,科研人员,科研人员
1432,3,12,0,Java,Java
1433,0,1,0,实施工程师,实施工程师
1434,0,3,1,科研人员,科研人员
1435,0,13,2,Java,Java
1436,0,3,0,技术支持工程师,技术支持工程师
1437,2,1,0,软件测试,软件测试
1438,2,3,7,科研人员,科研人员
1439,1,2,2,硬件测试,硬件测试
1440,2,12,5,软件测试,软件测试
1441,0,0,0,实施工程师,实施工程师
1442,2,7,3,C/C++,C/C++
1443,0,12,1,Java,Java
1444,0,3,0,实施工程师,实施工程师
1445,0,0,0,硬件测试,硬件测试
1446,0,2,0,软件测试,软件测试
1447,2,11,10,实施工程师,实施工程师
1448,0,7,4,软件测试,软件测试
1449,0,11,10,测试工程师,测试工程师
1450,2,10,0,Java,Java
1451,2,3,2,实施工程师,实施工程师
1452,2,5,7,测试工程师,测试工程师
1453,0,6,5,技术支持工程师,技术支持工程师
1454,2,4,1,测试工程师,测试工程师
1455,3,1,2,实施工程师,实施工程师
1456,0,4,1,实施工程师,实施工程师
1457,2,13,3,实施工程师,实施工程师
1458,2,18,0,Java,Java
1459,0,2,0,软件测试,软件测试
1460,2,1,6,科研人员,科研人员
1461,0,18,9,测试工程师,测试工程师
1462,4,17,2,C/C++,C/C++
1463,2,1,0,软件测试,软件测试
1464,2,1,0,测试工程师,测试工程师
1465,0,7,4,软件测试,软件测试
1466,2,2,1,科研人员,科研人员
1467,0,4,0,C/C++,C/C++
1468,0,4,2,软件测试,软件测试
1469,0,2,0,硬件测试,硬件测试
1470,4,10,8,C/C++,C/C++
1471,0,3,0,实施工程师,实施工程师
1472,0,15,3,Java,Java
1473,0,10,0,Java,Java
1474,2,9,1,C/C++,C/C++
1475,0,15,1,Java,Java
1476,2,2,2,技术支持工程师,技术支持工程师
1477,0,4,0,测试工程师,测试工程师
1478,2,3,6,技术支持工程师,技术支持工程师
1479,0,21,0,Java,Java
1480,4,2,4,技术支持工程师,技术支持工程师
1481,0,5,1,测试工程师,测试工程师
1482,2,11,3,Java,Java
1483,0,1,5,实施工程师,实施工程师
1484,2,2,2,技术支持工程师,技术支持工程师
1485,0,1,6,实施工程师,实施工程师
1486,0,0,0,Java,Java
1487,0,4,0,技术支持工程师,技术支持工程师
1488,0,0,0,测试工程师,测试工程师
1489,0,7,2,C/C++,C/C++
1490,0,15,1,Java,Java
1491,4,5,3,测试工程师,测试工程师
1492,0,1,0,科研人员,科研人员
1493,0,0,0,硬件测试,硬件测试
1494,0,6,0,技术支持工程师,技术支持工程师
1495,0,7,0,C/C++,C/C++
1496,0,19,3,Java,Java
1497,3,1,0,科研人员,科研人员
1498,0,17,0,Java,Java
1499,0,10,0,前端开发,前端开发
1500,0,15,1,C/C++,C/C++
1501,2,13,7,Java,Java
1502,0,2,0,技术支持工程师,技术支持工程师
1503,0,16,4,前端开发,前端开发
1504,0,1,0,技术支持工程师,技术支持工程师
1505,2,7,2,软件测试,软件测试
1506,0,15,1,Java,Java
1507,2,11,3,实施工程师,实施工程师
1508,2,1,0,科研人员,科研人员
1509,1,3,2,硬件测试,硬件测试
1510,0,3,4,软件测试,软件测试
1511,0,1,0,技术支持工程师,技术支持工程师
1512,0,3,0,技术支持工程师,技术支持工程师
1513,2,1,0,硬件测试,硬件测试
1514,0,2,0,技术支持工程师,技术支持工程师
1515,0,12,5,Java,Java
1516,0,1,0,科研人员,科研人员
1517,0,0,0,前端开发,前端开发
1518,0,4,0,实施工程师,实施工程师
1519,2,21,1,Java,Java
1520,2,5,10,软件测试,软件测试
1521,0,8,0,C/C++,C/C++
1522,2,4,0,技术支持工程师,技术支持工程师
1523,2,11,2,Java,Java
1524,2,3,7,前端开发,前端开发
1525,0,0,0,软件测试,软件测试
1526,2,13,7,C/C++,C/C++
1527,0,7,0,Java,Java
1528,0,13,0,Java,Java
1529,2,3,0,测试工程师,测试工程师
1530,2,3,2,硬件测试,硬件测试
1531,0,13,2,Java,Java
1532,0,8,6,测试工程师,测试工程师
1533,0,5,0,硬件测试,硬件测试
1534,0,0,0,实施工程师,实施工程师
1535,0,9,2,Java,Java
1536,2,5,0,C/C++,C/C++
1537,0,0,0,软件测试,软件测试
1538,0,3,0,软件测试,软件测试
1539,2,1,5,测试工程师,测试工程师
1540,0,0,0,测试工程师,测试工程师
1541,0,8,1,前端开发,前端开发
1542,0,11,0,Java,Java
1543,0,5,1,测试工程师,测试工程师
1544,0,4,5,实施工程师,实施工程师
1545,0,0,0,科研人员,科研人员
1546,2,1,2,硬件测试,硬件测试
1547,2,1,2,软件测试,软件测试
1548,3,12,0,软件测试,软件测试
1549,0,3,0,技术支持工程师,技术支持工程师
1550,0,3,0,实施工程师,实施工程师
1551,0,5,8,软件测试,软件测试
1552,2,5,0,测试工程师,测试工程师
1553,2,6,6,技术支持工程师,技术支持工程师
1554,0,1,0,科研人员,科研人员
1555,0,9,0,前端开发,前端开发
1556,0,0,0,C/C++,C/C++
1557,3,5,1,实施工程师,实施工程师
1558,0,4,3,硬件测试,硬件测试
1559,0,3,0,实施工程师,实施工程师
1560,0,15,1,Java,Java
1561,2,7,2,C/C++,C/C++
1562,2,1,0,实施工程师,实施工程师
1563,2,10,0,测试工程师,测试工程师
1564,0,14,4,前端开发,前端开发
1565,0,21,0,Java,Java
1566,2,7,3,前端开发,前端开发
1567,0,21,0,Java,Java
1568,0,3,0,技术支持工程师,技术支持工程师
1569,2,3,6,实施工程师,实施工程师
1570,0,1,0,技术支持工程师,技术支持工程师
1571,0,7,4,软件测试,软件测试
1572,0,3,0,实施工程师,实施工程师
1573,2,1,0,测试工程师,测试工程师
1574,0,27,2,前端开发,前端开发
1575,0,2,0,软件测试,软件测试
1576,0,0,0,硬件测试,硬件测试
1577,0,2,3,实施工程师,实施工程师
1578,0,2,0,软件测试,软件测试
1579,0,13,6,前端开发,前端开发
1580,2,1,4,科研人员,科研人员
1581,2,10,8,C/C++,C/C++
1582,0,0,0,测试工程师,测试工程师
1583,2,3,4,科研人员,科研人员
1584,0,16,4,前端开发,前端开发
1585,2,2,7,科研人员,科研人员
1586,2,0,0,科研人员,科研人员
1587,0,2,0,软件测试,软件测试
1588,0,6,2,C/C++,C/C++
1589,0,0,0,技术支持工程师,技术支持工程师
1590,4,8,8,技术支持工程师,技术支持工程师
1591,0,0,0,技术支持工程师,技术支持工程师
1592,2,13,2,实施工程师,实施工程师
1593,2,4,4,实施工程师,实施工程师
1594,0,3,7,科研人员,科研人员
1595,2,3,0,软件测试,软件测试
1596,0,0,0,测试工程师,测试工程师
1597,0,0,0,科研人员,科研人员
1598,0,8,1,前端开发,前端开发
1599,2,1,0,科研人员,科研人员
1600,0,0,0,软件测试,软件测试
1601,2,0,8,科研人员,科研人员
1602,0,1,0,C/C++,C/C++
1603,0,0,0,实施工程师,实施工程师
1604,2,4,3,软件测试,软件测试
1605,0,20,3,Java,Java
1606,2,15,1,前端开发,前端开发
1607,3,0,4,测试工程师,测试工程师
1608,4,2,1,技术支持工程师,技术支持工程师
1609,0,9,2,Java,Java
1610,2,2,1,实施工程师,实施工程师
1611,0,0,0,测试工程师,测试工程师
1612,2,11,2,C/C++,C/C++
1613,2,27,6,Java,Java
1614,2,1,2,科研人员,科研人员
1615,2,6,3,测试工程师,测试工程师
1616,0,6,0,测试工程师,测试工程师
1617,0,0,0,技术支持工程师,技术支持工程师
1618,2,11,3,C/C++,C/C++
1619,2,4,7,硬件测试,硬件测试
1620,2,0,1,硬件测试,硬件测试
1621,0,0,0,测试工程师,测试工程师
1622,0,3,0,技术支持工程师,技术支持工程师
1623,2,5,7,测试工程师,测试工程师
1624,2,1,0,软件测试,软件测试
1625,2,4,10,技术支持工程师,技术支持工程师
1626,2,8,0,软件测试,软件测试
1627,2,2,2,科研人员,科研人员
1628,2,1,0,软件测试,软件测试
1629,2,1,0,硬件测试,硬件测试
1630,0,5,0,硬件测试,硬件测试
1631,0,0,0,C/C++,C/C++
1632,0,0,0,技术支持工程师,技术支持工程师
1633,0,6,2,C/C++,C/C++
1634,0,21,0,Java,Java
1635,0,1,6,实施工程师,实施工程师
1636,3,2,6,实施工程师,实施工程师
1637,4,2,4,实施工程师,实施工程师
1638,0,1,0,实施工程师,实施工程师
1639,0,3,0,实施工程师,实施工程师
1640,0,0,0,前端开发,前端开发
1641,0,20,0,Java,Java
1642,2,8,5,实施工程师,实施工程师
1643,0,21,0,Java,Java
1644,1,3,6,测试工程师,测试工程师
1645,0,3,0,技术支持工程师,技术支持工程师
1646,2,11,4,前端开发,前端开发
1647,1,2,0,测试工程师,测试工程师
1648,0,8,1,前端开发,前端开发
1649,2,14,0,C/C++,C/C++
1650,0,1,0,测试工程师,测试工程师
1651,0,1,2,硬件测试,硬件测试
1652,0,16,4,前端开发,前端开发
1653,0,21,7,Java,Java
1654,4,10,8,C/C++,C/C++
1655,2,12,0,Java,Java
1656,0,2,0,软件测试,软件测试
1657,0,2,0,C/C++,C/C++
1658,2,1,2,科研人员,科研人员
1659,2,7,4,硬件测试,硬件测试
1660,2,0,0,科研人员,科研人员
1661,2,2,6,硬件测试,硬件测试
1662,0,1,0,技术支持工程师,技术支持工程师
1663,2,7,2,科研人员,科研人员
1664,0,1,1,技术支持工程师,技术支持工程师
1665,0,9,2,前端开发,前端开发
1666,2,17,0,Java,Java
1667,2,1,2,科研人员,科研人员
1668,2,1,0,软件测试,软件测试
1669,2,5,2,Java,Java
1670,4,0,0,科研人员,科研人员
1671,2,5,7,测试工程师,测试工程师
1672,2,1,1,实施工程师,实施工程师
1673,0,2,0,实施工程师,实施工程师
1674,2,3,2,C/C++,C/C++
1675,2,1,0,科研人员,科研人员
1676,0,6,0,Java,Java
1677,0,0,0,测试工程师,测试工程师
1678,2,8,5,技术支持工程师,技术支持工程师
1679,0,5,0,测试工程师,测试工程师
1680,2,4,3,C/C++,C/C++
1681,0,0,0,科研人员,科研人员
1682,0,2,0,硬件测试,硬件测试
1683,0,1,0,实施工程师,实施工程师
1684,2,10,0,软件测试,软件测试
1685,2,4,2,软件测试,软件测试
1686,2,1,3,技术支持工程师,技术支持工程师
1687,0,3,0,技术支持工程师,技术支持工程师
1688,2,3,0,软件测试,软件测试
1689,2,2,6,科研人员,科研人员
1690,0,14,0,Java,Java
1691,0,1,0,技术支持工程师,技术支持工程师
1692,0,15,1,Java,Java
1693,2,2,4,科研人员,科研人员
1694,0,0,0,科研人员,科研人员
1695,0,0,0,科研人员,科研人员
1696,0,0,0,前端开发,前端开发
1697,2,0,0,科研人员,科研人员
1698,0,5,4,实施工程师,实施工程师
1699,0,3,0,技术支持工程师,技术支持工程师
1700,0,30,7,C/C++,C/C++
1701,0,2,4,实施工程师,实施工程师
1702,0,0,0,硬件测试,硬件测试
1703,3,2,5,技术支持工程师,技术支持工程师
1704,2,2,0,技术支持工程师,技术支持工程师
1705,2,5,2,C/C++,C/C++
1706,0,0,0,C/C++,C/C++
1707,0,3,0,技术支持工程师,技术支持工程师
1708,2,2,4,科研人员,科研人员
1709,4,7,4,科研人员,科研人员
1710,0,4,0,前端开发,前端开发
1711,0,2,0,软件测试,软件测试
1712,0,7,4,软件测试,软件测试
1713,2,22,7,Java,Java
1714,0,0,0,科研人员,科研人员
1715,2,1,3,科研人员,科研人员
1716,0,2,0,Java,Java
1717,0,3,0,技术支持工程师,技术支持工程师
1718,0,22,0,前端开发,前端开发
1719,0,3,3,测试工程师,测试工程师
1720,2,4,12,实施工程师,实施工程师
1721,2,23,3,前端开发,前端开发
1722,2,1,2,科研人员,科研人员
1723,0,5,0,硬件测试,硬件测试
1724,0,0,0,技术支持工程师,技术支持工程师
1725,0,10,1,Java,Java
1726,2,9,1,C/C++,C/C++
1727,2,5,6,C/C++,C/C++
1728,0,1,0,硬件测试,硬件测试
1729,2,7,0,软件测试,软件测试
1730,2,16,3,Java,Java
1731,0,5,8,C/C++,C/C++
1732,3,9,9,软件测试,软件测试
1733,2,3,4,技术支持工程师,技术支持工程师
1734,0,2,0,前端开发,前端开发
1735,2,1,1,技术支持工程师,技术支持工程师
1736,0,0,0,C/C++,C/C++
1737,2,7,0,软件测试,软件测试
1738,5,3,0,技术支持工程师,技术支持工程师
1739,2,5,5,测试工程师,测试工程师
1740,2,2,0,科研人员,科研人员
1741,2,4,1,测试工程师,测试工程师
1742,2,11,0,C/C++,C/C++
1743,2,21,3,Java,Java
1744,2,17,0,Java,Java
1745,2,3,3,技术支持工程师,技术支持工程师
1746,2,26,9,Java,Java
1747,0,0,0,测试工程师,测试工程师
1748,0,5,0,硬件测试,硬件测试
1749,2,11,3,C/C++,C/C++
1750,0,7,0,Java,Java
1751,2,8,10,实施工程师,实施工程师
1752,0,5,0,C/C++,C/C++
1753,0,1,0,实施工程师,实施工程师
1754,4,17,2,Java,Java
1755,0,4,4,C/C++,C/C++
1756,2,5,5,技术支持工程师,技术支持工程师
1757,0,1,6,测试工程师,测试工程师
1758,0,8,0,Java,Java
1759,2,5,9,实施工程师,实施工程师
1760,0,6,0,软件测试,软件测试
1761,0,2,0,测试工程师,测试工程师
1762,0,2,0,软件测试,软件测试
1763,2,0,0,科研人员,科研人员
1764,0,8,1,前端开发,前端开发
1765,2,12,1,前端开发,前端开发
1766,2,0,4,科研人员,科研人员
1767,2,11,0,Java,Java
1768,0,8,0,前端开发,前端开发
1769,2,2,3,实施工程师,实施工程师
1770,2,3,0,科研人员,科研人员
1771,2,26,4,软件测试,软件测试
1772,2,3,0,科研人员,科研人员
1773,2,1,2,实施工程师,实施工程师
1774,2,3,0,科研人员,科研人员
1775,0,16,6,实施工程师,实施工程师
1776,0,0,0,测试工程师,测试工程师
1777,2,1,0,软件测试,软件测试
1778,2,1,0,科研人员,科研人员
1779,3,1,2,科研人员,科研人员
1780,0,3,0,实施工程师,实施工程师
1781,2,4,5,技术支持工程师,技术支持工程师
1782,0,2,0,测试工程师,测试工程师
1783,2,0,0,软件测试,软件测试
1784,0,3,0,实施工程师,实施工程师
1785,0,4,0,测试工程师,测试工程师
1786,2,6,0,测试工程师,测试工程师
1787,0,7,2,C/C++,C/C++
1788,0,3,0,Java,Java
1789,2,11,2,C/C++,C/C++
1790,2,5,0,C/C++,C/C++
1791,2,14,6,Java,Java
1792,2,1,0,科研人员,科研人员
1793,0,6,7,硬件测试,硬件测试
1794,2,3,4,测试工程师,测试工程师
1795,0,0,0,科研人员,科研人员
1796,0,13,0,Java,Java
1797,2,9,1,测试工程师,测试工程师
1798,0,0,0,硬件测试,硬件测试
1799,0,14,0,Java,Java
1800,2,7,5,软件测试,软件测试
1801,0,0,0,技术支持工程师,技术支持工程师
1802,2,2,2,技术支持工程师,技术支持工程师
1803,2,0,2,科研人员,科研人员
1804,0,0,0,Java,Java
1805,0,5,0,测试工程师,测试工程师
1806,0,1,0,实施工程师,实施工程师
1807,2,3,4,硬件测试,硬件测试
1808,0,4,0,Java,Java
1809,0,7,0,C/C++,C/C++
1810,0,3,3,实施工程师,实施工程师
1811,2,0,0,软件测试,软件测试
1812,0,8,1,前端开发,前端开发
1813,3,2,7,技术支持工程师,技术支持工程师
1814,0,2,5,测试工程师,测试工程师
1815,2,2,2,技术支持工程师,技术支持工程师
1816,0,10,6,测试工程师,测试工程师
1817,2,1,0,测试工程师,测试工程师
1818,0,10,0,C/C++,C/C++
1819,0,24,3,Java,Java
1820,0,0,0,测试工程师,测试工程师
1821,2,10,11,技术支持工程师,技术支持工程师
1822,0,0,0,技术支持工程师,技术支持工程师
1823,0,2,0,测试工程师,测试工程师
1824,2,0,0,技术支持工程师,技术支持工程师
1825,0,0,0,技术支持工程师,技术支持工程师
1826,1,2,2,硬件测试,硬件测试
1827,0,0,0,测试工程师,测试工程师
1828,0,0,0,科研人员,科研人员
1829,1,5,6,C/C++,C/C++
1830,2,11,0,C/C++,C/C++
1831,0,5,0,测试工程师,测试工程师
1832,0,0,0,科研人员,科研人员
1833,0,1,2,技术支持工程师,技术支持工程师
1834,0,1,0,科研人员,科研人员
1835,2,5,7,软件测试,软件测试
1836,0,1,0,技术支持工程师,技术支持工程师
1837,0,3,0,技术支持工程师,技术支持工程师
1838,0,16,4,前端开发,前端开发
1839,2,2,4,科研人员,科研人员
1840,0,5,1,软件测试,软件测试
1841,0,3,0,实施工程师,实施工程师
1842,2,5,0,测试工程师,测试工程师
1843,2,3,0,科研人员,科研人员
1844,0,14,0,C/C++,C/C++
1845,0,0,0,科研人员,科研人员
1846,0,11,6,C/C++,C/C++
1847,0,1,0,实施工程师,实施工程师
1848,0,0,0,科研人员,科研人员
1849,4,14,0,C/C++,C/C++
1850,0,4,3,软件测试,软件测试
1851,0,8,6,软件测试,软件测试
1852,0,6,0,软件测试,软件测试
1853,2,12,4,Java,Java
1854,0,5,0,硬件测试,硬件测试
1855,0,0,0,测试工程师,测试工程师
1856,2,1,0,软件测试,软件测试
1857,0,8,1,前端开发,前端开发
1858,0,4,0,软件测试,软件测试
1859,0,0,0,测试工程师,测试工程师
1860,0,0,0,软件测试,软件测试
1861,0,21,3,Java,Java
1862,0,5,0,技术支持工程师,技术支持工程师
1863,0,8,1,前端开发,前端开发
1864,2,0,3,科研人员,科研人员
1865,2,3,5,技术支持工程师,技术支持工程师
1866,0,12,1,Java,Java
1867,2,1,2,硬件测试,硬件测试
1868,2,8,0,C/C++,C/C++
1869,0,15,3,C/C++,C/C++
1870,2,7,0,软件测试,软件测试
1871,0,0,0,测试工程师,测试工程师
1872,0,0,0,Java,Java
1873,2,6,0,C/C++,C/C++
1874,2,2,3,技术支持工程师,技术支持工程师
1875,2,5,7,实施工程师,实施工程师
1876,2,4,4,技术支持工程师,技术支持工程师
1877,0,1,0,技术支持工程师,技术支持工程师
1878,2,8,4,Java,Java
1879,0,12,8,实施工程师,实施工程师
1880,2,2,2,科研人员,科研人员
1881,0,10,1,Java,Java
1882,2,23,5,Java,Java
1883,2,1,3,科研人员,科研人员
1884,0,11,3,前端开发,前端开发
1885,0,0,0,科研人员,科研人员
1886,0,5,1,测试工程师,测试工程师
1887,2,2,3,技术支持工程师,技术支持工程师
1888,2,3,6,技术支持工程师,技术支持工程师
1889,2,2,4,前端开发,前端开发
1890,2,1,0,测试工程师,测试工程师
1891,2,2,2,实施工程师,实施工程师
1892,2,3,3,技术支持工程师,技术支持工程师
1893,2,8,5,实施工程师,实施工程师
1894,0,15,1,Java,Java
1895,1,3,2,软件测试,软件测试
1896,2,0,1,科研人员,科研人员
1897,0,0,0,科研人员,科研人员
1898,0,4,9,硬件测试,硬件测试
1899,1,2,3,科研人员,科研人员
1900,0,18,9,测试工程师,测试工程师
1901,0,4,2,技术支持工程师,技术支持工程师
1902,2,3,3,科研人员,科研人员
1903,0,1,0,实施工程师,实施工程师
1904,0,0,0,实施工程师,实施工程师
1905,0,1,0,技术支持工程师,技术支持工程师
1906,0,3,0,科研人员,科研人员
1907,0,17,0,Java,Java
1908,0,2,0,测试工程师,测试工程师
1909,0,2,0,测试工程师,测试工程师
1910,2,7,0,软件测试,软件测试
1911,0,0,0,Java,Java
1912,2,5,7,软件测试,软件测试
1913,2,11,0,C/C++,C/C++
1914,0,9,4,软件测试,软件测试
1915,0,1,5,技术支持工程师,技术支持工程师
1916,0,11,4,C/C++,C/C++
1917,0,0,0,测试工程师,测试工程师
1918,2,23,5,C/C++,C/C++
1919,0,0,0,测试工程师,测试工程师
1920,2,1,0,实施工程师,实施工程师
1921,2,10,4,Java,Java
1922,0,8,0,前端开发,前端开发
1923,0,21,0,Java,Java
1924,2,10,0,C/C++,C/C++
1925,2,3,2,技术支持工程师,技术支持工程师
1926,0,2,0,软件测试,软件测试
1927,0,0,0,技术支持工程师,技术支持工程师
1928,0,2,0,软件测试,软件测试
1929,2,1,0,软件测试,软件测试
1930,0,3,0,实施工程师,实施工程师
1931,0,8,2,前端开发,前端开发
1932,4,5,4,科研人员,科研人员
1933,0,7,0,前端开发,前端开发
1934,2,4,4,前端开发,前端开发
1935,2,1,0,硬件测试,硬件测试
1936,0,2,2,科研人员,科研人员
1937,0,8,0,实施工程师,实施工程师
1938,0,1,2,软件测试,软件测试
1939,0,2,0,软件测试,软件测试
1940,0,0,0,科研人员,科研人员
1941,2,15,5,测试工程师,测试工程师
1942,0,1,4,测试工程师,测试工程师
1943,0,6,10,实施工程师,实施工程师
1944,2,2,0,科研人员,科研人员
1945,0,3,0,软件测试,软件测试
1946,0,14,0,C/C++,C/C++
1947,0,7,0,测试工程师,测试工程师
1948,2,4,3,C/C++,C/C++
1949,0,0,0,C/C++,C/C++
1950,0,5,1,软件测试,软件测试
1951,2,8,10,技术支持工程师,技术支持工程师
1952,2,10,3,实施工程师,实施工程师
1953,0,2,0,测试工程师,测试工程师
1954,0,0,0,软件测试,软件测试
1955,0,0,0,技术支持工程师,技术支持工程师
1956,2,10,2,测试工程师,测试工程师
1957,2,2,0,科研人员,科研人员
1958,0,15,1,Java,Java
1959,2,4,0,硬件测试,硬件测试
1960,2,3,5,技术支持工程师,技术支持工程师
1961,0,2,0,软件测试,软件测试
1962,0,10,3,Java,Java
1963,0,17,0,Java,Java
1964,2,2,0,测试工程师,测试工程师
1965,0,0,0,科研人员,科研人员
1966,0,1,0,技术支持工程师,技术支持工程师
1967,0,3,0,实施工程师,实施工程师
1968,2,4,2,测试工程师,测试工程师
1969,2,0,0,软件测试,软件测试
1970,2,4,0,C/C++,C/C++
1971,0,21,3,Java,Java
1972,2,11,0,测试工程师,测试工程师
1973,0,0,0,Java,Java
1974,2,2,7,技术支持工程师,技术支持工程师
1975,0,9,3,C/C++,C/C++
1976,0,8,1,前端开发,前端开发
1977,0,5,4,软件测试,软件测试
1978,2,1,0,软件测试,软件测试
1979,0,11,0,C/C++,C/C++
1980,0,3,0,技术支持工程师,技术支持工程师
1981,0,3,0,技术支持工程师,技术支持工程师
1982,2,8,3,Java,Java
1983,4,2,0,技术支持工程师,技术支持工程师
1984,2,7,4,C/C++,C/C++
1985,0,1,6,实施工程师,实施工程师
1986,0,0,0,前端开发,前端开发
1987,2,5,4,前端开发,前端开发
1988,2,2,5,科研人员,科研人员
1989,0,11,0,前端开发,前端开发
1990,0,5,1,软件测试,软件测试
1991,0,0,0,测试工程师,测试工程师
1992,3,5,0,软件测试,软件测试
1993,2,10,0,Java,Java
1994,2,1,1,技术支持工程师,技术支持工程师
1995,0,3,7,技术支持工程师,技术支持工程师
1996,0,1,0,实施工程师,实施工程师
1997,2,13,2,C/C++,C/C++
1998,2,2,6,测试工程师,测试工程师
1999,2,21,4,前端开发,前端开发
2000,0,3,0,实施工程师,实施工程师
2001,2,0,0,测试工程师,测试工程师
2002,0,1,0,技术支持工程师,技术支持工程师
2003,2,1,4,科研人员,科研人员
2004,0,3,0,C/C++,C/C++
2005,2,4,3,前端开发,前端开发
2006,2,5,0,测试工程师,测试工程师
2007,2,5,6,实施工程师,实施工程师
2008,0,10,3,实施工程师,实施工程师
2009,0,3,0,测试工程师,测试工程师
2010,2,11,0,Java,Java
2011,0,0,0,科研人员,科研人员
2012,0,11,3,C/C++,C/C++
2013,2,9,2,Java,Java
2014,4,9,0,Java,Java
2015,0,2,0,软件测试,软件测试
2016,0,2,0,软件测试,软件测试
2017,0,3,0,实施工程师,实施工程师
2018,0,5,4,软件测试,软件测试
2019,0,0,0,测试工程师,测试工程师
2020,0,0,0,测试工程师,测试工程师
2021,2,8,0,Java,Java
2022,2,7,5,软件测试,软件测试
2023,2,3,6,技术支持工程师,技术支持工程师
2024,2,11,0,测试工程师,测试工程师
2025,2,5,2,测试工程师,测试工程师
2026,0,0,0,技术支持工程师,技术支持工程师
2027,2,0,2,科研人员,科研人员
2028,0,7,2,C/C++,C/C++
2029,0,8,0,Java,Java
2030,0,10,4,测试工程师,测试工程师
2031,0,0,0,Java,Java
2032,0,7,4,软件测试,软件测试
2033,0,17,0,软件测试,软件测试
2034,0,0,0,软件测试,软件测试
2035,2,8,5,实施工程师,实施工程师
2036,2,1,0,测试工程师,测试工程师
2037,0,0,0,硬件测试,硬件测试
2038,0,4,3,软件测试,软件测试
2039,0,2,0,测试工程师,测试工程师
2040,0,6,0,测试工程师,测试工程师
2041,2,1,1,科研人员,科研人员
2042,0,0,0,软件测试,软件测试
2043,0,2,0,实施工程师,实施工程师
2044,0,1,0,前端开发,前端开发
2045,4,0,0,科研人员,科研人员
2046,0,0,0,Java,Java
2047,0,18,3,Java,Java
2048,2,12,0,C/C++,C/C++
2049,2,0,0,科研人员,科研人员
2050,0,2,0,硬件测试,硬件测试
2051,0,10,1,Java,Java
2052,0,0,0,测试工程师,测试工程师
2053,0,1,3,科研人员,科研人员
2054,0,3,0,实施工程师,实施工程师
2055,0,5,0,C/C++,C/C++
2056,2,23,2,测试工程师,测试工程师
2057,2,12,2,Java,Java
2058,0,2,0,测试工程师,测试工程师
2059,0,2,7,实施工程师,实施工程师
2060,2,4,4,实施工程师,实施工程师
2061,2,1,0,科研人员,科研人员
2062,4,4,0,科研人员,科研人员
2063,0,0,0,Java,Java
2064,0,5,1,软件测试,软件测试
2065,0,3,7,技术支持工程师,技术支持工程师
2066,2,4,2,Java,Java
2067,2,11,3,Java,Java
2068,0,3,0,技术支持工程师,技术支持工程师
2069,4,16,4,C/C++,C/C++
2070,2,11,5,Java,Java
2071,2,15,6,软件测试,软件测试
2072,0,8,1,前端开发,前端开发
2073,0,11,3,Java,Java
2074,0,3,0,实施工程师,实施工程师
2075,2,22,7,Java,Java
2076,0,7,1,Java,Java
2077,0,4,3,实施工程师,实施工程师
2078,0,4,3,测试工程师,测试工程师
2079,0,0,0,技术支持工程师,技术支持工程师
2080,0,0,0,测试工程师,测试工程师
2081,0,3,0,C/C++,C/C++
2082,0,14,0,Java,Java
2083,0,0,0,科研人员,科研人员
2084,0,2,0,技术支持工程师,技术支持工程师
2085,2,6,1,科研人员,科研人员
2086,2,4,5,科研人员,科研人员
2087,0,14,0,C/C++,C/C++
2088,2,0,0,科研人员,科研人员
2089,0,0,0,技术支持工程师,技术支持工程师
2090,0,13,0,C/C++,C/C++
2091,0,21,0,C/C++,C/C++
2092,0,0,0,测试工程师,测试工程师
2093,0,21,0,Java,Java
2094,0,7,3,实施工程师,实施工程师
2095,2,2,1,技术支持工程师,技术支持工程师
2096,0,2,2,技术支持工程师,技术支持工程师
2097,0,3,0,技术支持工程师,技术支持工程师
2098,0,2,4,技术支持工程师,技术支持工程师
2099,2,11,0,C/C++,C/C++
2100,0,13,0,C/C++,C/C++
2101,0,1,0,实施工程师,实施工程师
2102,0,15,1,Java,Java
2103,0,0,0,C/C++,C/C++
2104,2,3,0,科研人员,科研人员
2105,2,4,0,技术支持工程师,技术支持工程师
2106,0,7,0,Java,Java
2107,0,0,0,实施工程师,实施工程师
2108,1,9,1,软件测试,软件测试
2109,0,7,4,软件测试,软件测试
2110,2,0,0,科研人员,科研人员
2111,2,1,0,软件测试,软件测试
2112,6,3,5,科研人员,科研人员
2113,2,4,8,科研人员,科研人员
2114,2,2,0,科研人员,科研人员
2115,2,4,2,Java,Java
2116,0,5,4,C/C++,C/C++
2117,2,5,7,测试工程师,测试工程师
2118,2,2,0,技术支持工程师,技术支持工程师
2119,2,6,0,软件测试,软件测试
2120,0,3,0,实施工程师,实施工程师
2121,2,2,0,软件测试,软件测试
2122,2,2,3,技术支持工程师,技术支持工程师
2123,2,2,4,技术支持工程师,技术支持工程师
2124,0,1,0,科研人员,科研人员
2125,2,29,3,Java,Java
2126,0,1,0,实施工程师,实施工程师
2127,0,13,7,Java,Java
2128,3,3,6,技术支持工程师,技术支持工程师
2129,0,2,0,技术支持工程师,技术支持工程师
2130,0,5,0,测试工程师,测试工程师
2131,2,1,7,实施工程师,实施工程师
2132,0,5,0,硬件测试,硬件测试
2133,2,1,3,科研人员,科研人员
2134,0,1,0,技术支持工程师,技术支持工程师
2135,0,5,0,测试工程师,测试工程师
2136,3,1,2,技术支持工程师,技术支持工程师
2137,0,11,2,Java,Java
2138,2,6,0,软件测试,软件测试
2139,0,1,0,科研人员,科研人员
2140,4,1,1,科研人员,科研人员
2141,2,1,0,软件测试,软件测试
2142,0,3,4,实施工程师,实施工程师
2143,0,1,0,科研人员,科研人员
2144,2,7,0,软件测试,软件测试
2145,0,15,0,前端开发,前端开发
2146,2,0,3,测试工程师,测试工程师
2147,2,1,4,软件测试,软件测试
2148,2,12,4,Java,Java
2149,2,4,4,测试工程师,测试工程师
2150,2,1,0,科研人员,科研人员
2151,0,0,0,测试工程师,测试工程师
2152,2,0,0,科研人员,科研人员
2153,0,2,0,软件测试,软件测试
2154,2,9,7,实施工程师,实施工程师
2155,0,1,0,实施工程师,实施工程师
2156,0,21,0,Java,Java
2157,2,5,7,测试工程师,测试工程师
2158,0,3,3,技术支持工程师,技术支持工程师
2159,4,2,0,科研人员,科研人员
2160,2,0,7,测试工程师,测试工程师
2161,0,3,0,前端开发,前端开发
2162,2,4,10,技术支持工程师,技术支持工程师
2163,0,5,0,C/C++,C/C++
2164,0,9,0,测试工程师,测试工程师
2165,2,8,4,测试工程师,测试工程师
2166,2,10,4,测试工程师,测试工程师
2167,2,2,2,测试工程师,测试工程师
2168,0,1,0,C/C++,C/C++
2169,0,0,0,前端开发,前端开发
2170,2,10,3,测试工程师,测试工程师
2171,0,4,5,实施工程师,实施工程师
2172,2,1,2,科研人员,科研人员
2173,2,3,0,科研人员,科研人员
2174,0,21,0,Java,Java
2175,0,3,0,Java,Java
2176,0,5,0,硬件测试,硬件测试
2177,2,3,2,测试工程师,测试工程师
2178,0,2,0,软件测试,软件测试
2179,0,3,0,实施工程师,实施工程师
2180,2,4,0,实施工程师,实施工程师
2181,2,3,2,科研人员,科研人员
2182,0,7,0,前端开发,前端开发
2183,0,1,0,科研人员,科研人员
2184,0,5,0,硬件测试,硬件测试
2185,2,21,6,Java,Java
2186,0,2,0,测试工程师,测试工程师
2187,0,0,0,软件测试,软件测试
2188,2,4,7,技术支持工程师,技术支持工程师
2189,3,1,2,实施工程师,实施工程师
2190,2,2,1,科研人员,科研人员
2191,2,3,2,技术支持工程师,技术支持工程师
2192,2,2,2,实施工程师,实施工程师
2193,0,13,0,C/C++,C/C++
2194,0,10,4,前端开发,前端开发
2195,2,9,4,C/C++,C/C++
2196,0,0,0,测试工程师,测试工程师
2197,2,7,4,软件测试,软件测试
2198,2,4,0,科研人员,科研人员
2199,2,10,0,C/C++,C/C++
2200,0,9,2,前端开发,前端开发
2201,2,9,11,实施工程师,实施工程师
2202,0,13,2,C/C++,C/C++
2203,0,2,1,测试工程师,测试工程师
2204,0,0,0,科研人员,科研人员
2205,2,1,4,技术支持工程师,技术支持工程师
2206,2,4,3,硬件测试,硬件测试
2207,0,1,0,技术支持工程师,技术支持工程师
2208,2,6,2,测试工程师,测试工程师
2209,0,16,4,Java,Java
2210,2,2,6,技术支持工程师,技术支持工程师
2211,2,15,4,前端开发,前端开发
2212,0,2,0,软件测试,软件测试
2213,0,1,0,实施工程师,实施工程师
2214,2,3,0,科研人员,科研人员
2215,0,3,0,Java,Java
2216,2,33,0,Java,Java
2217,0,11,2,前端开发,前端开发
2218,0,5,1,软件测试,软件测试
2219,2,4,0,软件测试,软件测试
2220,0,0,0,科研人员,科研人员
2221,0,3,0,实施工程师,实施工程师
2222,0,0,0,实施工程师,实施工程师
2223,0,3,0,技术支持工程师,技术支持工程师
2224,0,6,0,测试工程师,测试工程师
2225,2,10,3,软件测试,软件测试
2226,0,1,0,技术支持工程师,技术支持工程师
2227,2,4,5,科研人员,科研人员
2228,2,3,1,技术支持工程师,技术支持工程师
2229,0,2,0,科研人员,科研人员
2230,2,8,3,Java,Java
2231,4,4,0,测试工程师,测试工程师
2232,2,1,0,软件测试,软件测试
2233,2,1,4,技术支持工程师,技术支持工程师
2234,0,2,0,技术支持工程师,技术支持工程师
2235,0,7,0,C/C++,C/C++
2236,0,3,0,实施工程师,实施工程师
2237,2,10,7,测试工程师,测试工程师
2238,0,6,0,科研人员,科研人员
2239,0,0,0,科研人员,科研人员
2240,0,7,3,实施工程师,实施工程师
2241,0,3,0,实施工程师,实施工程师
2242,2,9,0,C/C++,C/C++
2243,0,3,2,技术支持工程师,技术支持工程师
2244,2,1,0,软件测试,软件测试
2245,0,11,4,前端开发,前端开发
2246,0,0,0,软件测试,软件测试
2247,0,12,0,Java,Java
2248,0,0,0,科研人员,科研人员
2249,0,0,0,测试工程师,测试工程师
2250,2,2,2,测试工程师,测试工程师
2251,0,0,0,硬件测试,硬件测试
2252,2,8,0,Java,Java
2253,0,7,0,软件测试,软件测试
2254,0,0,0,软件测试,软件测试
2255,2,1,0,软件测试,软件测试
2256,0,2,0,科研人员,科研人员
2257,1,4,0,Java,Java
2258,0,5,1,软件测试,软件测试
2259,0,0,0,软件测试,软件测试
2260,2,10,4,Java,Java
2261,0,5,0,Java,Java
2262,0,2,1,技术支持工程师,技术支持工程师
2263,2,1,0,软件测试,软件测试
2264,2,2,0,技术支持工程师,技术支持工程师
2265,0,7,0,测试工程师,测试工程师
2266,4,1,2,科研人员,科研人员
2267,2,11,3,Java,Java
2268,3,0,4,技术支持工程师,技术支持工程师
2269,0,1,2,实施工程师,实施工程师
2270,2,1,0,测试工程师,测试工程师
2271,0,3,4,科研人员,科研人员
2272,2,2,2,实施工程师,实施工程师
2273,0,3,0,实施工程师,实施工程师
2274,4,4,4,技术支持工程师,技术支持工程师
2275,2,1,2,测试工程师,测试工程师
2276,0,4,0,前端开发,前端开发
2277,2,2,5,技术支持工程师,技术支持工程师
2278,0,11,9,软件测试,软件测试
2279,0,0,0,测试工程师,测试工程师
2280,0,15,0,Java,Java
2281,2,11,9,实施工程师,实施工程师
2282,0,0,0,前端开发,前端开发
2283,2,8,0,C/C++,C/C++
2284,0,9,2,前端开发,前端开发
2285,2,4,0,实施工程师,实施工程师
2286,2,1,4,技术支持工程师,技术支持工程师
2287,0,0,0,科研人员,科研人员
2288,3,0,3,技术支持工程师,技术支持工程师
2289,4,3,2,科研人员,科研人员
2290,2,4,3,软件测试,软件测试
2291,2,1,0,硬件测试,硬件测试
2292,2,2,0,科研人员,科研人员
2293,0,0,0,前端开发,前端开发
2294,4,0,0,科研人员,科研人员
2295,0,0,0,前端开发,前端开发
2296,2,4,3,实施工程师,实施工程师
2297,2,1,0,测试工程师,测试工程师
2298,0,2,0,技术支持工程师,技术支持工程师
2299,2,6,5,技术支持工程师,技术支持工程师
2300,2,17,3,Java,Java
2301,2,1,0,软件测试,软件测试
2302,0,13,0,C/C++,C/C++
2303,0,14,0,前端开发,前端开发
2304,0,2,0,实施工程师,实施工程师
2305,0,0,0,实施工程师,实施工程师
2306,3,1,2,技术支持工程师,技术支持工程师
2307,2,0,0,科研人员,科研人员
2308,2,0,0,科研人员,科研人员
2309,2,11,0,Java,Java
2310,4,7,1,科研人员,科研人员
2311,2,4,2,实施工程师,实施工程师
2312,0,15,1,Java,Java
2313,0,13,2,Java,Java
2314,0,3,0,实施工程师,实施工程师
2315,0,5,0,硬件测试,硬件测试
2316,0,5,0,硬件测试,硬件测试
2317,0,8,2,C/C++,C/C++
2318,0,13,0,实施工程师,实施工程师
2319,2,1,0,测试工程师,测试工程师
2320,2,2,1,测试工程师,测试工程师
2321,0,1,0,技术支持工程师,技术支持工程师
2322,2,2,2,实施工程师,实施工程师
2323,0,0,0,技术支持工程师,技术支持工程师
2324,0,5,4,实施工程师,实施工程师
2325,0,1,0,技术支持工程师,技术支持工程师
2326,2,10,3,前端开发,前端开发
2327,0,3,0,测试工程师,测试工程师
2328,2,16,0,实施工程师,实施工程师
2329,0,1,0,测试工程师,测试工程师
2330,2,15,5,Java,Java
2331,0,5,0,测试工程师,测试工程师
2332,0,0,0,科研人员,科研人员
2333,0,0,0,实施工程师,实施工程师
2334,4,1,4,科研人员,科研人员
2335,0,0,0,测试工程师,测试工程师
2336,0,0,0,技术支持工程师,技术支持工程师
2337,2,4,6,技术支持工程师,技术支持工程师
2338,2,0,0,软件测试,软件测试
2339,0,5,4,测试工程师,测试工程师
2340,0,3,0,科研人员,科研人员
2341,0,2,0,实施工程师,实施工程师
2342,0,0,0,科研人员,科研人员
2343,2,0,0,软件测试,软件测试
2344,2,0,4,实施工程师,实施工程师
2345,2,9,4,C/C++,C/C++
2346,0,4,0,实施工程师,实施工程师
2347,2,11,0,测试工程师,测试工程师
2348,2,2,4,科研人员,科研人员
2349,0,2,0,前端开发,前端开发
2350,0,1,0,实施工程师,实施工程师
2351,0,7,0,前端开发,前端开发
2352,0,0,0,硬件测试,硬件测试
2353,0,1,0,实施工程师,实施工程师
2354,0,3,0,技术支持工程师,技术支持工程师
2355,0,2,0,测试工程师,测试工程师
2356,4,0,0,科研人员,科研人员
2357,2,1,2,科研人员,科研人员
2358,0,9,2,前端开发,前端开发
2359,0,0,0,软件测试,软件测试
2360,2,4,7,软件测试,软件测试
2361,0,1,0,实施工程师,实施工程师
2362,0,10,0,Java,Java
2363,2,8,4,Java,Java
2364,0,2,0,测试工程师,测试工程师
2365,0,0,0,C/C++,C/C++
2366,2,0,0,硬件测试,硬件测试
2367,0,2,0,科研人员,科研人员
2368,0,0,0,技术支持工程师,技术支持工程师
2369,4,0,0,科研人员,科研人员
2370,0,0,0,科研人员,科研人员
2371,4,11,0,科研人员,科研人员
2372,2,4,0,实施工程师,实施工程师
2373,0,0,0,软件测试,软件测试
2374,0,0,0,实施工程师,实施工程师
2375,0,0,0,技术支持工程师,技术支持工程师
2376,2,29,3,Java,Java
2377,0,3,0,前端开发,前端开发
2378,0,10,3,实施工程师,实施工程师
2379,0,21,0,Java,Java
2380,0,10,0,前端开发,前端开发
2381,2,1,0,测试工程师,测试工程师
2382,2,7,3,C/C++,C/C++
2383,0,7,2,科研人员,科研人员
2384,2,15,4,C/C++,C/C++
2385,2,5,0,软件测试,软件测试
2386,0,21,0,Java,Java
2387,2,4,2,测试工程师,测试工程师
2388,2,2,3,技术支持工程师,技术支持工程师
2389,0,6,0,C/C++,C/C++
2390,0,3,4,实施工程师,实施工程师
2391,2,1,0,测试工程师,测试工程师
2392,2,3,0,C/C++,C/C++
2393,2,6,0,Java,Java
2394,2,2,4,技术支持工程师,技术支持工程师
2395,2,6,2,C/C++,C/C++
2396,0,5,3,硬件测试,硬件测试
2397,0,3,3,技术支持工程师,技术支持工程师
2398,2,6,2,软件测试,软件测试
2399,0,0,0,科研人员,科研人员
2400,2,1,2,测试工程师,测试工程师
2401,2,1,2,科研人员,科研人员
2402,3,20,3,前端开发,前端开发
2403,3,9,5,Java,Java
2404,3,10,2,C/C++,C/C++
2405,0,2,0,测试工程师,测试工程师
2406,2,20,3,C/C++,C/C++
2407,0,0,0,实施工程师,实施工程师
2408,0,3,0,实施工程师,实施工程师
2409,2,3,0,实施工程师,实施工程师
2410,0,0,0,Java,Java
2411,0,3,0,技术支持工程师,技术支持工程师
2412,2,2,2,技术支持工程师,技术支持工程师
2413,2,3,0,科研人员,科研人员
2414,2,8,0,Java,Java
2415,2,0,0,测试工程师,测试工程师
2416,2,15,7,软件测试,软件测试
2417,0,0,0,实施工程师,实施工程师
2418,2,3,4,实施工程师,实施工程师
2419,2,3,0,软件测试,软件测试
2420,2,7,0,C/C++,C/C++
2421,2,10,0,测试工程师,测试工程师
2422,3,5,3,C/C++,C/C++
2423,2,2,4,实施工程师,实施工程师
2424,0,3,5,实施工程师,实施工程师
2425,0,1,0,硬件测试,硬件测试
2426,4,6,2,科研人员,科研人员
2427,0,2,0,软件测试,软件测试
2428,2,16,1,C/C++,C/C++
2429,0,1,0,技术支持工程师,技术支持工程师
2430,2,0,0,科研人员,科研人员
2431,0,0,0,软件测试,软件测试
2432,2,17,3,前端开发,前端开发
2433,0,0,0,C/C++,C/C++
2434,2,14,0,C/C++,C/C++
2435,2,9,4,C/C++,C/C++
2436,3,2,0,C/C++,C/C++
2437,2,8,4,硬件测试,硬件测试
2438,2,12,0,Java,Java
2439,0,0,0,测试工程师,测试工程师
2440,0,3,0,测试工程师,测试工程师
2441,0,0,0,科研人员,科研人员
2442,0,4,0,前端开发,前端开发
2443,3,5,4,技术支持工程师,技术支持工程师
2444,2,11,3,Java,Java
2445,0,5,4,测试工程师,测试工程师
2446,0,1,0,测试工程师,测试工程师
2447,0,3,3,实施工程师,实施工程师
2448,0,13,0,C/C++,C/C++
2449,2,1,0,测试工程师,测试工程师
2450,0,1,0,实施工程师,实施工程师
2451,2,6,15,技术支持工程师,技术支持工程师
2452,0,11,1,Java,Java
2453,3,1,0,技术支持工程师,技术支持工程师
2454,4,0,0,科研人员,科研人员
2455,0,7,0,C/C++,C/C++
2456,2,26,6,Java,Java
2457,4,4,0,硬件测试,硬件测试
2458,2,8,4,测试工程师,测试工程师
2459,2,1,0,软件测试,软件测试
2460,0,5,0,C/C++,C/C++
2461,0,1,0,实施工程师,实施工程师
2462,0,11,0,Java,Java
2463,2,1,2,软件测试,软件测试
2464,0,0,0,测试工程师,测试工程师
2465,2,6,1,Java,Java
2466,0,2,2,科研人员,科研人员
2467,2,2,2,硬件测试,硬件测试
2468,2,8,10,技术支持工程师,技术支持工程师
2469,0,21,0,Java,Java
2470,0,3,0,实施工程师,实施工程师
2471,0,14,0,Java,Java
2472,2,3,0,软件测试,软件测试
2473,0,2,0,硬件测试,硬件测试
2474,0,0,0,Java,Java
2475,0,1,0,科研人员,科研人员
2476,0,0,0,C/C++,C/C++
2477,2,1,0,科研人员,科研人员
2478,0,4,0,测试工程师,测试工程师
2479,0,1,0,实施工程师,实施工程师
2480,4,1,4,硬件测试,硬件测试
2481,2,6,0,Java,Java
2482,0,0,0,实施工程师,实施工程师
2483,2,5,2,C/C++,C/C++
2484,0,0,0,科研人员,科研人员
2485,0,9,2,前端开发,前端开发
2486,2,13,1,前端开发,前端开发
2487,2,23,5,Java,Java
2488,0,0,0,测试工程师,测试工程师
2489,0,1,0,技术支持工程师,技术支持工程师
2490,2,2,3,实施工程师,实施工程师
2491,2,2,0,技术支持工程师,技术支持工程师
2492,0,7,0,测试工程师,测试工程师
2493,0,6,0,前端开发,前端开发
2494,0,5,0,Java,Java
2495,0,4,2,技术支持工程师,技术支持工程师
2496,0,14,0,Java,Java
2497,0,4,0,C/C++,C/C++
2498,0,2,0,科研人员,科研人员
2499,3,1,0,技术支持工程师,技术支持工程师
2500,2,1,0,测试工程师,测试工程师
2501,2,4,3,技术支持工程师,技术支持工程师
2502,5,24,4,科研人员,科研人员
2503,2,8,0,Java,Java
2504,0,6,4,软件测试,软件测试
2505,0,3,0,技术支持工程师,技术支持工程师
2506,2,2,6,技术支持工程师,技术支持工程师
2507,2,2,4,科研人员,科研人员
2508,4,3,0,测试工程师,测试工程师
2509,0,23,0,Java,Java
2510,4,0,4,科研人员,科研人员
2511,0,2,0,测试工程师,测试工程师
2512,0,5,0,硬件测试,硬件测试
2513,0,1,2,科研人员,科研人员
2514,2,6,3,测试工程师,测试工程师
2515,0,4,3,测试工程师,测试工程师
2516,2,8,0,Java,Java
2517,0,0,0,Java,Java
2518,0,1,0,科研人员,科研人员
2519,0,2,0,实施工程师,实施工程师
2520,0,1,0,实施工程师,实施工程师
2521,0,0,0,实施工程师,实施工程师
2522,2,7,0,软件测试,软件测试
2523,2,0,0,科研人员,科研人员
2524,0,0,2,实施工程师,实施工程师
2525,0,1,0,技术支持工程师,技术支持工程师
2526,2,0,0,科研人员,科研人员
2527,2,3,2,技术支持工程师,技术支持工程师
2528,0,3,2,实施工程师,实施工程师
2529,2,4,0,测试工程师,测试工程师
2530,0,3,1,前端开发,前端开发
2531,0,8,3,C/C++,C/C++
2532,0,1,0,实施工程师,实施工程师
2533,2,2,0,技术支持工程师,技术支持工程师
2534,2,1,2,硬件测试,硬件测试
2535,2,2,6,测试工程师,测试工程师
2536,2,1,0,测试工程师,测试工程师
2537,2,1,0,科研人员,科研人员
2538,2,6,6,科研人员,科研人员
2539,0,0,0,技术支持工程师,技术支持工程师
2540,2,4,0,测试工程师,测试工程师
2541,0,1,0,硬件测试,硬件测试
2542,0,14,4,前端开发,前端开发
2543,0,3,3,技术支持工程师,技术支持工程师
2544,2,4,5,测试工程师,测试工程师
2545,0,1,0,前端开发,前端开发
2546,2,5,2,C/C++,C/C++
2547,0,0,0,科研人员,科研人员
2548,0,2,0,C/C++,C/C++
2549,2,3,2,实施工程师,实施工程师
2550,2,2,9,测试工程师,测试工程师
2551,2,10,3,前端开发,前端开发
2552,0,0,0,软件测试,软件测试
2553,0,3,0,实施工程师,实施工程师
2554,2,23,1,Java,Java
2555,2,2,0,测试工程师,测试工程师
2556,2,18,5,Java,Java
2557,0,17,0,Java,Java
2558,2,5,0,实施工程师,实施工程师
2559,0,3,7,实施工程师,实施工程师
2560,2,3,1,技术支持工程师,技术支持工程师
2561,0,5,1,测试工程师,测试工程师
2562,0,5,0,硬件测试,硬件测试
2563,2,14,3,前端开发,前端开发
2564,2,0,0,实施工程师,实施工程师
2565,0,9,2,Java,Java
2566,0,2,2,测试工程师,测试工程师
2567,0,5,0,C/C++,C/C++
2568,0,22,0,Java,Java
2569,0,5,0,硬件测试,硬件测试
2570,0,5,1,测试工程师,测试工程师
2571,0,7,4,软件测试,软件测试
2572,0,0,0,实施工程师,实施工程师
2573,2,10,0,C/C++,C/C++
2574,0,1,0,科研人员,科研人员
2575,0,7,2,科研人员,科研人员
2576,1,2,0,技术支持工程师,技术支持工程师
2577,0,0,0,测试工程师,测试工程师
2578,2,13,5,测试工程师,测试工程师
2579,0,13,0,实施工程师,实施工程师
2580,0,17,4,软件测试,软件测试
2581,2,2,0,测试工程师,测试工程师
2582,0,3,0,软件测试,软件测试
2583,2,4,0,测试工程师,测试工程师
2584,4,0,0,科研人员,科研人员
2585,0,5,0,测试工程师,测试工程师
2586,0,2,0,实施工程师,实施工程师
2587,0,8,1,前端开发,前端开发
2588,2,2,4,测试工程师,测试工程师
2589,0,0,0,科研人员,科研人员
2590,0,3,0,科研人员,科研人员
2591,0,13,0,C/C++,C/C++
2592,2,3,0,技术支持工程师,技术支持工程师
2593,0,10,0,Java,Java
2594,0,0,0,技术支持工程师,技术支持工程师
2595,2,3,2,硬件测试,硬件测试
2596,2,5,0,软件测试,软件测试
2597,0,5,1,测试工程师,测试工程师
2598,0,2,2,硬件测试,硬件测试
2599,2,4,3,测试工程师,测试工程师
2600,0,3,3,实施工程师,实施工程师
2601,0,0,0,技术支持工程师,技术支持工程师
2602,2,1,0,软件测试,软件测试
2603,2,5,0,技术支持工程师,技术支持工程师
2604,0,17,0,Java,Java
2605,2,8,4,硬件测试,硬件测试
2606,2,7,0,软件测试,软件测试
2607,0,2,0,软件测试,软件测试
2608,0,5,0,硬件测试,硬件测试
2609,0,2,0,前端开发,前端开发
2610,4,1,0,测试工程师,测试工程师
2611,2,11,3,软件测试,软件测试
2612,0,1,0,科研人员,科研人员
2613,2,1,0,测试工程师,测试工程师
2614,0,0,0,Java,Java
2615,2,1,0,测试工程师,测试工程师
2616,0,3,0,实施工程师,实施工程师
2617,2,1,0,测试工程师,测试工程师
2618,0,0,0,技术支持工程师,技术支持工程师
2619,2,1,0,科研人员,科研人员
2620,2,1,0,测试工程师,测试工程师
2621,0,0,0,Java,Java
2622,0,0,0,硬件测试,硬件测试
2623,2,4,2,测试工程师,测试工程师
2624,2,16,0,软件测试,软件测试
2625,0,3,0,实施工程师,实施工程师
2626,2,10,11,技术支持工程师,技术支持工程师
2627,0,22,3,Java,Java
2628,0,4,0,前端开发,前端开发
2629,0,9,2,软件测试,软件测试
2630,0,0,0,测试工程师,测试工程师
2631,2,1,0,技术支持工程师,技术支持工程师
2632,2,4,7,测试工程师,测试工程师
2633,0,0,0,科研人员,科研人员
2634,0,3,0,软件测试,软件测试
2635,0,3,0,技术支持工程师,技术支持工程师
2636,2,0,0,科研人员,科研人员
2637,2,6,2,测试工程师,测试工程师
2638,2,16,4,技术支持工程师,技术支持工程师
2639,2,5,4,科研人员,科研人员
2640,0,1,0,科研人员,科研人员
2641,0,9,2,前端开发,前端开发
2642,0,0,0,技术支持工程师,技术支持工程师
2643,2,5,0,C/C++,C/C++
2644,2,0,0,科研人员,科研人员
2645,0,2,2,硬件测试,硬件测试
2646,0,0,0,实施工程师,实施工程师
2647,0,2,8,测试工程师,测试工程师
2648,0,1,0,Java,Java
2649,0,0,0,实施工程师,实施工程师
2650,0,2,0,技术支持工程师,技术支持工程师
2651,0,7,0,Java,Java
2652,6,0,0,科研人员,科研人员
2653,2,14,0,前端开发,前端开发
2654,0,0,0,前端开发,前端开发
2655,2,22,3,Java,Java
2656,2,4,3,技术支持工程师,技术支持工程师
2657,0,3,7,实施工程师,实施工程师
2658,2,3,1,测试工程师,测试工程师
2659,2,3,0,科研人员,科研人员
2660,2,2,5,科研人员,科研人员
2661,0,14,0,Java,Java
2662,0,21,6,前端开发,前端开发
2663,2,11,0,测试工程师,测试工程师
2664,0,5,1,Java,Java
2665,0,0,0,测试工程师,测试工程师
2666,2,0,6,实施工程师,实施工程师
2667,0,2,8,技术支持工程师,技术支持工程师
2668,0,21,0,Java,Java
2669,2,5,0,C/C++,C/C++
2670,0,0,0,前端开发,前端开发
2671,2,13,1,C/C++,C/C++
2672,0,1,0,实施工程师,实施工程师
2673,2,3,4,技术支持工程师,技术支持工程师
2674,4,3,6,实施工程师,实施工程师
2675,2,1,0,测试工程师,测试工程师
2676,2,2,0,硬件测试,硬件测试
2677,0,21,3,Java,Java
2678,2,5,3,技术支持工程师,技术支持工程师
2679,0,5,2,硬件测试,硬件测试
2680,0,0,0,科研人员,科研人员
2681,2,1,1,实施工程师,实施工程师
2682,2,4,0,技术支持工程师,技术支持工程师
2683,0,21,0,Java,Java
2684,0,5,0,测试工程师,测试工程师
2685,2,5,8,技术支持工程师,技术支持工程师
2686,0,6,1,测试工程师,测试工程师
2687,0,3,0,测试工程师,测试工程师
2688,0,14,0,前端开发,前端开发
2689,2,8,8,C/C++,C/C++
2690,0,5,3,Java,Java
2691,0,11,2,Java,Java
2692,0,2,4,测试工程师,测试工程师
2693,1,3,5,实施工程师,实施工程师
2694,2,1,3,科研人员,科研人员
2695,2,1,0,科研人员,科研人员
2696,2,1,0,测试工程师,测试工程师
2697,2,7,0,软件测试,软件测试
2698,2,1,2,科研人员,科研人员
2699,2,4,0,科研人员,科研人员
2700,2,2,0,实施工程师,实施工程师
2701,0,21,3,Java,Java
2702,2,16,6,前端开发,前端开发
2703,2,11,3,Java,Java
2704,2,16,2,Java,Java
2705,2,6,2,技术支持工程师,技术支持工程师
2706,2,9,6,软件测试,软件测试
2707,2,1,0,科研人员,科研人员
2708,2,10,1,C/C++,C/C++
2709,2,5,4,硬件测试,硬件测试
2710,2,1,0,软件测试,软件测试
2711,2,17,2,Java,Java
2712,0,3,0,实施工程师,实施工程师
2713,2,3,2,技术支持工程师,技术支持工程师
2714,0,4,0,技术支持工程师,技术支持工程师
2715,2,4,2,技术支持工程师,技术支持工程师
2716,2,0,0,测试工程师,测试工程师
2717,0,1,0,测试工程师,测试工程师
2718,0,3,0,技术支持工程师,技术支持工程师
2719,0,0,0,科研人员,科研人员
2720,0,5,1,测试工程师,测试工程师
2721,0,4,0,测试工程师,测试工程师
2722,0,1,0,科研人员,科研人员
2723,2,6,4,实施工程师,实施工程师
2724,2,2,4,测试工程师,测试工程师
2725,0,0,0,Java,Java
2726,0,4,0,硬件测试,硬件测试
2727,0,2,0,技术支持工程师,技术支持工程师
2728,0,1,0,科研人员,科研人员
2729,2,4,7,技术支持工程师,技术支持工程师
2730,0,2,0,C/C++,C/C++
2731,2,2,2,科研人员,科研人员
2732,0,0,0,技术支持工程师,技术支持工程师
2733,0,0,0,软件测试,软件测试
2734,2,10,0,技术支持工程师,技术支持工程师
2735,0,0,0,科研人员,科研人员
2736,2,1,0,软件测试,软件测试
2737,0,0,0,C/C++,C/C++
2738,0,3,0,测试工程师,测试工程师
2739,2,2,2,实施工程师,实施工程师
2740,2,10,1,C/C++,C/C++
2741,0,5,0,软件测试,软件测试
2742,0,3,0,实施工程师,实施工程师
2743,0,3,4,技术支持工程师,技术支持工程师
2744,0,0,0,技术支持工程师,技术支持工程师
2745,0,4,0,测试工程师,测试工程师
2746,2,31,0,Java,Java
2747,2,0,2,测试工程师,测试工程师
2748,2,3,4,硬件测试,硬件测试
2749,2,8,4,硬件测试,硬件测试
2750,0,4,0,测试工程师,测试工程师
2751,2,9,2,前端开发,前端开发
2752,2,8,3,Java,Java
2753,0,2,0,C/C++,C/C++
2754,2,2,0,科研人员,科研人员
2755,0,0,0,软件测试,软件测试
2756,2,2,2,测试工程师,测试工程师
2757,0,0,0,测试工程师,测试工程师
2758,4,11,0,科研人员,科研人员
2759,2,1,3,测试工程师,测试工程师
2760,2,5,0,实施工程师,实施工程师
2761,2,1,0,测试工程师,测试工程师
2762,2,14,0,C/C++,C/C++
2763,0,0,0,科研人员,科研人员
2764,0,10,0,C/C++,C/C++
2765,0,3,0,实施工程师,实施工程师
2766,0,0,0,科研人员,科研人员
2767,2,6,5,技术支持工程师,技术支持工程师
2768,0,2,0,实施工程师,实施工程师
2769,2,4,6,技术支持工程师,技术支持工程师
2770,2,2,5,技术支持工程师,技术支持工程师
2771,2,3,4,技术支持工程师,技术支持工程师
2772,4,4,2,软件测试,软件测试
2773,2,11,7,实施工程师,实施工程师
2774,2,1,0,测试工程师,测试工程师
2775,0,2,2,硬件测试,硬件测试
2776,2,5,7,测试工程师,测试工程师
2777,0,7,0,C/C++,C/C++
2778,0,0,0,科研人员,科研人员
2779,0,5,0,测试工程师,测试工程师
2780,2,1,0,软件测试,软件测试
2781,2,19,9,Java,Java
2782,0,12,1,Java,Java
2783,2,4,0,软件测试,软件测试
2784,4,0,0,科研人员,科研人员
2785,0,1,0,测试工程师,测试工程师
2786,2,3,6,科研人员,科研人员
2787,0,15,1,Java,Java
2788,0,7,2,C/C++,C/C++
2789,3,1,0,科研人员,科研人员
2790,2,1,4,实施工程师,实施工程师
2791,2,0,2,测试工程师,测试工程师
2792,0,14,0,Java,Java
2793,0,2,0,科研人员,科研人员
2794,2,13,0,C/C++,C/C++
2795,2,5,0,软件测试,软件测试
2796,0,3,0,实施工程师,实施工程师
2797,0,12,0,前端开发,前端开发
2798,0,3,0,实施工程师,实施工程师
2799,0,3,8,软件测试,软件测试
2800,0,0,0,测试工程师,测试工程师
2801,0,5,0,硬件测试,硬件测试
2802,0,2,0,技术支持工程师,技术支持工程师
2803,0,1,0,测试工程师,测试工程师
2804,0,0,0,C/C++,C/C++
2805,0,1,0,技术支持工程师,技术支持工程师
2806,2,9,2,C/C++,C/C++
2807,0,7,9,技术支持工程师,技术支持工程师
2808,0,0,0,软件测试,软件测试
2809,0,4,0,测试工程师,测试工程师
2810,0,0,0,硬件测试,硬件测试
2811,0,5,0,硬件测试,硬件测试
2812,2,4,2,测试工程师,测试工程师
2813,0,1,0,技术支持工程师,技术支持工程师
2814,2,5,0,软件测试,软件测试
2815,2,22,8,Java,Java
2816,0,3,0,Java,Java
2817,2,2,0,测试工程师,测试工程师
2818,4,15,8,C/C++,C/C++
2819,0,0,0,科研人员,科研人员
2820,0,3,0,技术支持工程师,技术支持工程师
2821,0,4,1,测试工程师,测试工程师
2822,0,3,0,前端开发,前端开发
2823,0,2,0,技术支持工程师,技术支持工程师
2824,0,7,4,软件测试,软件测试
2825,0,6,2,软件测试,软件测试
2826,0,0,0,科研人员,科研人员
2827,0,1,4,软件测试,软件测试
2828,2,9,7,实施工程师,实施工程师
2829,0,2,2,硬件测试,硬件测试
2830,2,13,6,C/C++,C/C++
2831,0,8,1,前端开发,前端开发
2832,3,1,0,科研人员,科研人员
2833,0,5,7,软件测试,软件测试
2834,2,12,8,前端开发,前端开发
2835,0,10,0,Java,Java
2836,1,1,0,硬件测试,硬件测试
2837,2,1,0,测试工程师,测试工程师
2838,0,6,2,硬件测试,硬件测试
2839,2,1,0,测试工程师,测试工程师
2840,2,0,0,实施工程师,实施工程师
2841,2,3,4,测试工程师,测试工程师
2842,0,3,3,测试工程师,测试工程师
2843,0,13,2,软件测试,软件测试
2844,0,0,0,Java,Java
2845,2,1,5,测试工程师,测试工程师
2846,2,3,2,测试工程师,测试工程师
2847,2,19,8,Java,Java
2848,2,7,4,C/C++,C/C++
2849,2,3,1,测试工程师,测试工程师
2850,0,0,0,科研人员,科研人员
2851,0,3,0,技术支持工程师,技术支持工程师
2852,2,4,0,技术支持工程师,技术支持工程师
2853,2,4,4,实施工程师,实施工程师
2854,0,4,8,硬件测试,硬件测试
2855,0,3,0,实施工程师,实施工程师
2856,0,1,0,测试工程师,测试工程师
2857,0,0,0,测试工程师,测试工程师
2858,0,3,0,实施工程师,实施工程师
2859,2,0,5,科研人员,科研人员
2860,2,8,0,Java,Java
2861,0,0,0,科研人员,科研人员
2862,2,6,4,实施工程师,实施工程师
2863,2,6,1,科研人员,科研人员
2864,0,19,0,前端开发,前端开发
2865,2,15,0,实施工程师,实施工程师
2866,2,1,0,软件测试,软件测试
2867,0,0,1,技术支持工程师,技术支持工程师
2868,2,13,2,C/C++,C/C++
2869,0,0,0,硬件测试,硬件测试
2870,0,0,0,测试工程师,测试工程师
2871,2,5,6,技术支持工程师,技术支持工程师
2872,0,3,1,测试工程师,测试工程师
2873,0,0,0,技术支持工程师,技术支持工程师
2874,2,0,4,软件测试,软件测试
2875,0,0,0,硬件测试,硬件测试
2876,0,10,0,前端开发,前端开发
2877,0,0,0,硬件测试,硬件测试
2878,0,0,0,前端开发,前端开发
2879,0,13,0,Java,Java
2880,0,2,0,前端开发,前端开发
2881,4,5,2,科研人员,科研人员
2882,2,4,4,测试工程师,测试工程师
2883,2,1,0,科研人员,科研人员
2884,0,5,3,技术支持工程师,技术支持工程师
2885,0,7,0,C/C++,C/C++
2886,0,3,0,测试工程师,测试工程师
2887,1,1,0,硬件测试,硬件测试
2888,0,3,2,技术支持工程师,技术支持工程师
2889,0,0,0,科研人员,科研人员
2890,2,4,6,硬件测试,硬件测试
2891,2,2,0,测试工程师,测试工程师
2892,0,4,7,Java,Java
2893,0,3,0,前端开发,前端开发
2894,2,0,2,实施工程师,实施工程师
2895,0,2,2,硬件测试,硬件测试
2896,2,5,0,Java,Java
2897,0,10,0,C/C++,C/C++
2898,0,2,0,硬件测试,硬件测试
2899,2,1,0,科研人员,科研人员
2900,2,1,0,科研人员,科研人员
2901,2,4,7,技术支持工程师,技术支持工程师
2902,6,4,1,科研人员,科研人员
2903,0,0,0,技术支持工程师,技术支持工程师
2904,0,14,4,前端开发,前端开发
2905,2,2,2,软件测试,软件测试
2906,2,7,0,软件测试,软件测试
2907,0,0,0,科研人员,科研人员
2908,2,12,4,Java,Java
2909,0,0,0,科研人员,科研人员
2910,0,0,0,实施工程师,实施工程师
2911,2,4,0,科研人员,科研人员
2912,0,5,7,软件测试,软件测试
2913,0,5,0,测试工程师,测试工程师
2914,0,4,0,技术支持工程师,技术支持工程师
2915,2,7,0,软件测试,软件测试
2916,2,4,3,前端开发,前端开发
2917,2,9,5,技术支持工程师,技术支持工程师
2918,0,7,4,软件测试,软件测试
2919,0,5,0,测试工程师,测试工程师
2920,0,13,5,软件测试,软件测试
2921,2,1,0,测试工程师,测试工程师
2922,2,2,7,硬件测试,硬件测试
2923,3,1,5,科研人员,科研人员
2924,1,3,0,技术支持工程师,技术支持工程师
2925,2,12,0,Java,Java
2926,0,0,0,Java,Java
2927,2,14,0,实施工程师,实施工程师
2928,0,0,0,科研人员,科研人员
2929,0,20,3,Java,Java
2930,3,5,6,软件测试,软件测试
2931,2,1,2,科研人员,科研人员
2932,3,0,0,科研人员,科研人员
2933,2,5,0,C/C++,C/C++
2934,0,9,4,C/C++,C/C++
2935,0,5,0,硬件测试,硬件测试
2936,2,1,0,软件测试,软件测试
2937,0,3,2,技术支持工程师,技术支持工程师
2938,0,0,0,Java,Java
2939,2,22,3,Java,Java
2940,2,21,1,软件测试,软件测试
2941,0,0,0,C/C++,C/C++
2942,0,1,0,技术支持工程师,技术支持工程师
2943,2,1,0,测试工程师,测试工程师
2944,0,0,0,技术支持工程师,技术支持工程师
2945,1,2,2,测试工程师,测试工程师
2946,2,1,0,测试工程师,测试工程师
2947,0,5,1,软件测试,软件测试
2948,0,2,2,科研人员,科研人员
2949,0,7,2,C/C++,C/C++
2950,2,5,1,科研人员,科研人员
2951,2,1,0,C/C++,C/C++
2952,2,7,0,软件测试,软件测试
2953,0,3,0,技术支持工程师,技术支持工程师
2954,0,6,0,技术支持工程师,技术支持工程师
2955,2,1,2,硬件测试,硬件测试
2956,2,5,2,科研人员,科研人员
2957,0,21,0,软件测试,软件测试
2958,0,5,0,硬件测试,硬件测试
2959,2,2,7,实施工程师,实施工程师
2960,2,3,2,技术支持工程师,技术支持工程师
2961,0,2,0,前端开发,前端开发
2962,2,3,5,技术支持工程师,技术支持工程师
2963,0,2,0,测试工程师,测试工程师
2964,0,4,0,C/C++,C/C++
2965,0,2,3,科研人员,科研人员
2966,2,1,1,科研人员,科研人员
2967,2,5,5,软件测试,软件测试
2968,0,5,0,硬件测试,硬件测试
2969,1,0,0,C/C++,C/C++
2970,0,0,0,软件测试,软件测试
2971,0,5,6,实施工程师,实施工程师
2972,0,0,0,Java,Java
2973,2,7,0,软件测试,软件测试
2974,0,1,0,技术支持工程师,技术支持工程师
2975,3,12,0,前端开发,前端开发
2976,3,1,2,软件测试,软件测试
2977,0,14,4,前端开发,前端开发
2978,0,4,6,技术支持工程师,技术支持工程师
2979,2,1,0,软件测试,软件测试
2980,0,0,0,技术支持工程师,技术支持工程师
2981,0,0,0,科研人员,科研人员
2982,0,2,0,软件测试,软件测试
2983,0,0,0,实施工程师,实施工程师
2984,0,0,0,Java,Java
2985,2,1,0,软件测试,软件测试
2986,0,13,7,Java,Java
2987,3,13,5,测试工程师,测试工程师
2988,0,18,12,测试工程师,测试工程师
2989,0,0,2,实施工程师,实施工程师
2990,0,0,0,前端开发,前端开发
2991,0,2,0,硬件测试,硬件测试
2992,2,17,3,前端开发,前端开发
2993,0,9,2,前端开发,前端开发
2994,0,2,0,技术支持工程师,技术支持工程师
2995,2,1,3,科研人员,科研人员
2996,0,0,0,技术支持工程师,技术支持工程师
2997,0,11,0,Java,Java
2998,4,6,5,软件测试,软件测试
2999,2,2,4,科研人员,科研人员
3000,0,0,0,实施工程师,实施工程师
3001,2,1,2,科研人员,科研人员
3002,0,3,0,实施工程师,实施工程师
3003,2,11,0,C/C++,C/C++
3004,4,1,2,实施工程师,实施工程师
3005,2,3,0,测试工程师,测试工程师
3006,0,8,1,前端开发,前端开发
3007,0,21,0,Java,Java
3008,2,2,2,测试工程师,测试工程师
3009,0,5,0,Java,Java
3010,0,24,0,Java,Java
3011,0,3,0,实施工程师,实施工程师
3012,0,14,0,Java,Java
3013,0,17,0,Java,Java
3014,0,2,0,软件测试,软件测试
3015,2,14,5,Java,Java
3016,0,6,7,实施工程师,实施工程师
3017,0,0,0,前端开发,前端开发
3018,0,15,0,前端开发,前端开发
3019,2,0,4,科研人员,科研人员
3020,2,3,2,C/C++,C/C++
3021,2,16,6,实施工程师,实施工程师
3022,2,0,6,科研人员,科研人员
3023,2,3,3,技术支持工程师,技术支持工程师
3024,0,14,0,Java,Java
3025,0,3,0,实施工程师,实施工程师
3026,2,1,0,软件测试,软件测试
3027,2,3,3,Java,Java
3028,0,0,2,技术支持工程师,技术支持工程师
3029,8,1,0,科研人员,科研人员
3030,2,5,1,实施工程师,实施工程师
3031,2,2,6,实施工程师,实施工程师
3032,0,13,0,Java,Java
3033,0,4,4,C/C++,C/C++
3034,3,4,5,技术支持工程师,技术支持工程师
3035,0,8,1,前端开发,前端开发
3036,2,6,15,实施工程师,实施工程师
3037,2,14,0,C/C++,C/C++
3038,2,1,2,科研人员,科研人员
3039,0,0,0,测试工程师,测试工程师
3040,2,3,7,技术支持工程师,技术支持工程师
3041,0,2,0,实施工程师,实施工程师
3042,0,2,0,技术支持工程师,技术支持工程师
3043,0,8,1,前端开发,前端开发
3044,0,2,7,技术支持工程师,技术支持工程师
3045,0,2,0,软件测试,软件测试
3046,0,13,0,C/C++,C/C++
3047,0,6,0,C/C++,C/C++
3048,2,1,0,测试工程师,测试工程师
3049,0,0,0,技术支持工程师,技术支持工程师
3050,2,3,6,实施工程师,实施工程师
3051,0,2,0,软件测试,软件测试
3052,2,13,10,实施工程师,实施工程师
3053,0,1,0,测试工程师,测试工程师
3054,0,0,0,软件测试,软件测试
3055,0,4,0,测试工程师,测试工程师
3056,0,5,1,软件测试,软件测试
3057,1,10,1,实施工程师,实施工程师
3058,2,2,4,实施工程师,实施工程师
3059,0,2,0,软件测试,软件测试
3060,2,6,0,C/C++,C/C++
3061,0,0,0,软件测试,软件测试
3062,0,14,0,Java,Java
3063,0,0,0,实施工程师,实施工程师
3064,0,14,4,前端开发,前端开发
3065,0,0,0,软件测试,软件测试
3066,0,1,0,Java,Java
3067,0,1,4,技术支持工程师,技术支持工程师
3068,0,4,0,实施工程师,实施工程师
3069,2,9,0,C/C++,C/C++
3070,2,7,3,实施工程师,实施工程师
3071,0,0,0,实施工程师,实施工程师
3072,0,0,0,测试工程师,测试工程师
3073,4,2,1,实施工程师,实施工程师
3074,2,0,5,科研人员,科研人员
3075,0,2,0,测试工程师,测试工程师
3076,3,1,2,实施工程师,实施工程师
3077,2,12,9,前端开发,前端开发
3078,2,4,0,测试工程师,测试工程师
3079,2,3,0,C/C++,C/C++
3080,0,5,7,C/C++,C/C++
3081,0,3,1,硬件测试,硬件测试
3082,0,4,4,C/C++,C/C++
3083,0,13,0,C/C++,C/C++
3084,0,3,0,前端开发,前端开发
3085,4,8,2,C/C++,C/C++
3086,0,0,0,Java,Java
3087,0,21,1,Java,Java
3088,2,2,4,实施工程师,实施工程师
3089,0,15,3,前端开发,前端开发
3090,0,3,0,技术支持工程师,技术支持工程师
3091,0,2,0,前端开发,前端开发
3092,0,4,0,实施工程师,实施工程师
3093,0,1,0,科研人员,科研人员
3094,0,2,1,科研人员,科研人员
3095,3,9,0,软件测试,软件测试
3096,0,0,0,科研人员,科研人员
3097,0,0,0,Java,Java
3098,2,3,5,软件测试,软件测试
3099,0,3,0,实施工程师,实施工程师
3100,2,5,0,软件测试,软件测试
3101,2,2,5,技术支持工程师,技术支持工程师
3102,0,2,3,科研人员,科研人员
3103,0,3,0,技术支持工程师,技术支持工程师
3104,0,2,0,测试工程师,测试工程师
3105,0,5,0,硬件测试,硬件测试
3106,0,5,6,软件测试,软件测试
3107,3,6,5,实施工程师,实施工程师
3108,2,5,1,实施工程师,实施工程师
3109,2,3,0,技术支持工程师,技术支持工程师
3110,0,3,3,实施工程师,实施工程师
3111,2,1,0,测试工程师,测试工程师
3112,0,5,0,Java,Java
3113,0,4,2,软件测试,软件测试
3114,2,1,0,软件测试,软件测试
3115,0,2,0,技术支持工程师,技术支持工程师
3116,0,8,9,实施工程师,实施工程师
3117,0,1,0,实施工程师,实施工程师
3118,0,3,0,技术支持工程师,技术支持工程师
3119,2,12,0,Java,Java
3120,2,21,0,C/C++,C/C++
3121,2,7,0,软件测试,软件测试
3122,0,5,0,软件测试,软件测试
3123,2,13,5,测试工程师,测试工程师
3124,0,8,1,前端开发,前端开发
3125,0,0,0,科研人员,科研人员
3126,0,2,4,硬件测试,硬件测试
3127,4,10,0,C/C++,C/C++
3128,2,10,5,实施工程师,实施工程师
3129,2,15,0,Java,Java
3130,2,0,0,技术支持工程师,技术支持工程师
3131,3,2,0,测试工程师,测试工程师
3132,2,0,0,技术支持工程师,技术支持工程师
3133,2,2,5,技术支持工程师,技术支持工程师
3134,0,3,0,实施工程师,实施工程师
3135,3,11,0,Java,Java
3136,2,19,8,Java,Java
3137,0,5,1,软件测试,软件测试
3138,0,0,0,实施工程师,实施工程师
3139,2,1,2,科研人员,科研人员
3140,2,9,0,C/C++,C/C++
3141,0,6,1,前端开发,前端开发
3142,0,3,0,C/C++,C/C++
3143,0,0,0,测试工程师,测试工程师
3144,2,17,4,前端开发,前端开发
3145,0,9,0,测试工程师,测试工程师
3146,0,8,0,C/C++,C/C++
3147,1,0,6,技术支持工程师,技术支持工程师
3148,0,9,2,前端开发,前端开发
3149,0,13,7,Java,Java
3150,0,7,2,测试工程师,测试工程师
3151,2,2,9,实施工程师,实施工程师
3152,0,0,0,软件测试,软件测试
3153,0,0,0,科研人员,科研人员
3154,3,6,5,实施工程师,实施工程师
3155,0,4,0,前端开发,前端开发
3156,4,2,4,科研人员,科研人员
3157,0,5,0,硬件测试,硬件测试
3158,0,0,0,科研人员,科研人员
3159,0,1,0,技术支持工程师,技术支持工程师
3160,0,2,0,技术支持工程师,技术支持工程师
3161,2,8,4,软件测试,软件测试
3162,0,0,0,实施工程师,实施工程师
3163,0,0,0,科研人员,科研人员
3164,0,2,3,实施工程师,实施工程师
3165,0,3,0,实施工程师,实施工程师
3166,2,1,0,测试工程师,测试工程师
3167,2,4,4,C/C++,C/C++
3168,0,0,0,C/C++,C/C++
3169,0,3,0,科研人员,科研人员
3170,2,3,2,技术支持工程师,技术支持工程师
3171,0,1,0,技术支持工程师,技术支持工程师
3172,0,0,0,科研人员,科研人员
3173,3,1,3,科研人员,科研人员
3174,4,11,0,Java,Java
3175,0,0,0,实施工程师,实施工程师
3176,0,0,0,前端开发,前端开发
3177,0,0,0,前端开发,前端开发
3178,0,3,0,实施工程师,实施工程师
3179,0,3,0,技术支持工程师,技术支持工程师
3180,0,0,0,科研人员,科研人员
3181,2,4,0,科研人员,科研人员
3182,0,5,7,测试工程师,测试工程师
3183,0,0,0,科研人员,科研人员
3184,2,11,0,C/C++,C/C++
3185,2,0,3,科研人员,科研人员
3186,2,14,4,Java,Java
3187,0,2,0,硬件测试,硬件测试
3188,0,0,0,科研人员,科研人员
3189,2,5,5,测试工程师,测试工程师
3190,2,10,3,软件测试,软件测试
3191,0,0,0,技术支持工程师,技术支持工程师
3192,0,0,0,C/C++,C/C++
3193,0,0,0,实施工程师,实施工程师
3194,0,3,0,技术支持工程师,技术支持工程师
3195,2,18,0,前端开发,前端开发
3196,2,9,6,测试工程师,测试工程师
3197,0,0,0,科研人员,科研人员
3198,2,9,0,Java,Java
3199,0,10,1,Java,Java
3200,0,7,4,软件测试,软件测试
3201,0,14,4,前端开发,前端开发
3202,3,1,6,技术支持工程师,技术支持工程师
3203,0,0,0,C/C++,C/C++
3204,0,16,4,前端开发,前端开发
3205,2,11,5,软件测试,软件测试
3206,0,0,0,测试工程师,测试工程师
3207,2,3,4,技术支持工程师,技术支持工程师
3208,2,6,15,技术支持工程师,技术支持工程师
3209,0,5,0,硬件测试,硬件测试
3210,2,3,6,硬件测试,硬件测试
3211,2,13,0,Java,Java
3212,0,1,0,技术支持工程师,技术支持工程师
3213,0,1,0,实施工程师,实施工程师
3214,2,21,10,前端开发,前端开发
3215,0,8,3,软件测试,软件测试
3216,0,0,0,实施工程师,实施工程师
3217,2,3,6,科研人员,科研人员
3218,0,9,4,软件测试,软件测试
3219,4,0,0,科研人员,科研人员
3220,2,10,4,Java,Java
3221,2,2,0,科研人员,科研人员
3222,0,4,5,实施工程师,实施工程师
3223,0,0,0,前端开发,前端开发
3224,0,2,0,测试工程师,测试工程师
3225,0,5,0,C/C++,C/C++
3226,0,0,0,测试工程师,测试工程师
3227,0,0,0,科研人员,科研人员
3228,2,2,2,软件测试,软件测试
3229,2,1,2,科研人员,科研人员
3230,2,2,1,技术支持工程师,技术支持工程师
3231,0,0,0,测试工程师,测试工程师
3232,2,1,0,软件测试,软件测试
3233,0,5,0,软件测试,软件测试
3234,3,1,0,科研人员,科研人员
3235,0,13,0,C/C++,C/C++
3236,0,0,0,科研人员,科研人员
3237,0,2,0,硬件测试,硬件测试
3238,4,0,0,测试工程师,测试工程师
3239,0,1,0,技术支持工程师,技术支持工程师
3240,2,5,5,技术支持工程师,技术支持工程师
3241,2,7,0,前端开发,前端开发
3242,0,3,0,技术支持工程师,技术支持工程师
3243,2,5,9,实施工程师,实施工程师
3244,2,17,3,前端开发,前端开发
3245,0,1,5,科研人员,科研人员
3246,2,0,6,技术支持工程师,技术支持工程师
3247,2,12,0,Java,Java
3248,0,2,0,C/C++,C/C++
3249,2,1,0,测试工程师,测试工程师
3250,2,3,5,技术支持工程师,技术支持工程师
3251,2,7,11,实施工程师,实施工程师
3252,2,12,0,前端开发,前端开发
3253,0,17,0,Java,Java
3254,0,8,1,前端开发,前端开发
3255,0,7,2,科研人员,科研人员
3256,0,0,0,科研人员,科研人员
3257,2,9,5,Java,Java
3258,2,26,4,软件测试,软件测试
3259,2,8,0,技术支持工程师,技术支持工程师
3260,0,3,0,Java,Java
3261,2,17,2,Java,Java
3262,2,13,2,C/C++,C/C++
3263,0,13,7,Java,Java
3264,0,13,0,Java,Java
3265,0,21,3,Java,Java
3266,0,4,0,科研人员,科研人员
3267,2,9,3,软件测试,软件测试
3268,1,12,2,技术支持工程师,技术支持工程师
3269,0,1,2,技术支持工程师,技术支持工程师
3270,0,3,0,技术支持工程师,技术支持工程师
3271,0,7,0,实施工程师,实施工程师
3272,2,4,1,实施工程师,实施工程师
3273,0,3,0,技术支持工程师,技术支持工程师
3274,0,10,2,软件测试,软件测试
3275,2,9,7,C/C++,C/C++
3276,2,3,5,技术支持工程师,技术支持工程师
3277,2,11,4,C/C++,C/C++
3278,2,5,9,实施工程师,实施工程师
3279,0,2,2,硬件测试,硬件测试
3280,0,13,0,前端开发,前端开发
3281,2,2,2,技术支持工程师,技术支持工程师
3282,3,10,0,C/C++,C/C++
3283,2,15,0,Java,Java
3284,0,4,0,软件测试,软件测试
3285,0,7,3,实施工程师,实施工程师
3286,0,5,1,软件测试,软件测试
3287,2,1,0,科研人员,科研人员
3288,2,8,2,前端开发,前端开发
3289,2,10,5,Java,Java
3290,0,0,0,科研人员,科研人员
3291,4,6,6,科研人员,科研人员
3292,2,4,0,实施工程师,实施工程师
3293,2,1,3,软件测试,软件测试
3294,3,11,0,Java,Java
3295,2,2,0,技术支持工程师,技术支持工程师
3296,2,1,0,测试工程师,测试工程师
3297,0,0,0,软件测试,软件测试
3298,0,6,0,软件测试,软件测试
3299,2,1,4,科研人员,科研人员
3300,0,4,0,技术支持工程师,技术支持工程师
3301,2,10,0,软件测试,软件测试
3302,2,1,0,软件测试,软件测试
3303,2,4,0,测试工程师,测试工程师
3304,0,2,9,科研人员,科研人员
3305,0,8,3,技术支持工程师,技术支持工程师
3306,2,21,6,Java,Java
3307,0,1,0,测试工程师,测试工程师
3308,0,14,4,前端开发,前端开发
3309,0,0,0,科研人员,科研人员
3310,0,3,0,技术支持工程师,技术支持工程师
3311,0,0,0,技术支持工程师,技术支持工程师
3312,0,9,2,前端开发,前端开发
3313,4,5,7,科研人员,科研人员
3314,2,7,0,前端开发,前端开发
3315,0,11,0,Java,Java
3316,2,4,3,软件测试,软件测试
3317,2,1,2,科研人员,科研人员
3318,2,1,1,技术支持工程师,技术支持工程师
3319,0,5,0,硬件测试,硬件测试
3320,2,6,9,实施工程师,实施工程师
3321,0,0,0,实施工程师,实施工程师
3322,0,20,0,实施工程师,实施工程师
3323,2,3,4,技术支持工程师,技术支持工程师
3324,2,1,0,科研人员,科研人员
3325,0,1,0,技术支持工程师,技术支持工程师
3326,2,8,0,Java,Java
3327,0,2,3,技术支持工程师,技术支持工程师
3328,0,11,2,Java,Java
3329,0,2,0,C/C++,C/C++
3330,0,3,3,技术支持工程师,技术支持工程师
3331,2,2,2,科研人员,科研人员
3332,0,2,0,科研人员,科研人员
3333,2,6,1,实施工程师,实施工程师
3334,3,5,3,技术支持工程师,技术支持工程师
3335,0,8,0,Java,Java
3336,0,2,0,实施工程师,实施工程师
3337,0,3,0,C/C++,C/C++
3338,3,24,0,前端开发,前端开发
3339,2,3,6,科研人员,科研人员
3340,0,0,0,实施工程师,实施工程师
3341,0,1,0,实施工程师,实施工程师
3342,0,4,4,C/C++,C/C++
3343,0,4,0,测试工程师,测试工程师
3344,0,1,0,实施工程师,实施工程师
3345,2,4,4,Java,Java
3346,0,21,0,Java,Java
3347,0,2,0,Java,Java
3348,2,2,0,科研人员,科研人员
3349,2,9,2,C/C++,C/C++
3350,2,8,0,Java,Java
3351,2,9,2,实施工程师,实施工程师
3352,0,2,0,C/C++,C/C++
3353,0,2,0,实施工程师,实施工程师
3354,3,4,5,实施工程师,实施工程师
3355,1,5,6,C/C++,C/C++
3356,0,3,0,科研人员,科研人员
3357,2,2,4,技术支持工程师,技术支持工程师
3358,0,21,0,Java,Java
3359,2,1,3,实施工程师,实施工程师
3360,0,0,0,Java,Java
3361,0,5,0,前端开发,前端开发
3362,2,1,4,测试工程师,测试工程师
3363,2,27,6,Java,Java
3364,2,6,1,Java,Java
3365,0,0,0,测试工程师,测试工程师
3366,0,10,0,C/C++,C/C++
3367,0,7,5,Java,Java
3368,0,2,4,测试工程师,测试工程师
3369,2,10,4,软件测试,软件测试
3370,0,4,0,实施工程师,实施工程师
3371,3,1,6,测试工程师,测试工程师
3372,2,0,0,科研人员,科研人员
3373,0,3,0,Java,Java
3374,0,12,1,Java,Java
3375,1,2,5,软件测试,软件测试
3376,2,2,0,测试工程师,测试工程师
3377,0,1,0,测试工程师,测试工程师
3378,0,4,8,实施工程师,实施工程师
3379,0,1,8,科研人员,科研人员
3380,2,10,4,C/C++,C/C++
3381,0,1,0,Java,Java
3382,0,1,0,技术支持工程师,技术支持工程师
3383,0,0,0,实施工程师,实施工程师
3384,2,6,0,C/C++,C/C++
3385,0,1,0,技术支持工程师,技术支持工程师
3386,3,4,6,技术支持工程师,技术支持工程师
3387,2,1,0,技术支持工程师,技术支持工程师
3388,2,1,0,测试工程师,测试工程师
3389,2,0,0,科研人员,科研人员
3390,0,2,0,测试工程师,测试工程师
3391,0,0,0,科研人员,科研人员
3392,0,0,0,C/C++,C/C++
3393,0,0,0,软件测试,软件测试
3394,0,9,0,Java,Java
3395,2,2,0,测试工程师,测试工程师
3396,2,1,4,前端开发,前端开发
3397,0,0,0,技术支持工程师,技术支持工程师
3398,0,0,0,硬件测试,硬件测试
3399,1,3,10,实施工程师,实施工程师
3400,2,4,5,测试工程师,测试工程师
3401,2,3,5,技术支持工程师,技术支持工程师
3402,0,3,0,测试工程师,测试工程师
3403,2,3,6,科研人员,科研人员
3404,2,24,0,Java,Java
3405,0,21,0,Java,Java
3406,2,13,5,测试工程师,测试工程师
3407,2,7,0,测试工程师,测试工程师
3408,2,3,0,科研人员,科研人员
3409,0,0,0,技术支持工程师,技术支持工程师
3410,0,1,0,技术支持工程师,技术支持工程师
3411,0,0,0,科研人员,科研人员
3412,0,10,2,C/C++,C/C++
3413,0,16,1,实施工程师,实施工程师
3414,2,2,2,技术支持工程师,技术支持工程师
3415,0,1,0,硬件测试,硬件测试
3416,1,6,2,软件测试,软件测试
3417,0,0,0,实施工程师,实施工程师
3418,0,0,0,实施工程师,实施工程师
3419,0,3,0,硬件测试,硬件测试
3420,2,5,1,科研人员,科研人员
3421,2,4,3,软件测试,软件测试
3422,2,4,2,科研人员,科研人员
3423,0,0,0,Java,Java
3424,0,1,0,实施工程师,实施工程师
3425,1,4,6,Java,Java
3426,2,0,0,实施工程师,实施工程师
3427,0,0,0,软件测试,软件测试
3428,0,1,0,科研人员,科研人员
3429,0,1,0,实施工程师,实施工程师
3430,2,2,0,软件测试,软件测试
3431,2,26,5,Java,Java
3432,2,11,0,测试工程师,测试工程师
3433,4,0,0,科研人员,科研人员
3434,2,1,0,测试工程师,测试工程师
3435,0,0,0,Java,Java
3436,0,24,3,Java,Java
3437,0,0,0,Java,Java
3438,2,6,3,技术支持工程师,技术支持工程师
3439,2,4,3,软件测试,软件测试
3440,0,12,3,C/C++,C/C++
3441,2,2,3,科研人员,科研人员
3442,0,5,0,前端开发,前端开发
3443,0,2,0,实施工程师,实施工程师
3444,0,5,0,硬件测试,硬件测试
3445,3,3,3,技术支持工程师,技术支持工程师
3446,0,1,0,科研人员,科研人员
3447,0,3,0,技术支持工程师,技术支持工程师
3448,0,5,0,软件测试,软件测试
3449,2,13,11,前端开发,前端开发
3450,0,0,0,技术支持工程师,技术支持工程师
3451,0,14,4,前端开发,前端开发
3452,2,9,0,C/C++,C/C++
3453,0,1,0,技术支持工程师,技术支持工程师
3454,2,10,0,C/C++,C/C++
3455,0,3,0,技术支持工程师,技术支持工程师
3456,2,5,3,硬件测试,硬件测试
3457,0,3,0,前端开发,前端开发
3458,2,2,4,技术支持工程师,技术支持工程师
3459,2,4,2,技术支持工程师,技术支持工程师
3460,2,1,0,测试工程师,测试工程师
3461,0,3,12,实施工程师,实施工程师
3462,3,6,2,测试工程师,测试工程师
3463,0,7,4,C/C++,C/C++
3464,0,0,0,测试工程师,测试工程师
3465,0,0,0,技术支持工程师,技术支持工程师
3466,2,2,2,实施工程师,实施工程师
3467,2,1,0,测试工程师,测试工程师
3468,0,0,0,技术支持工程师,技术支持工程师
3469,2,4,2,测试工程师,测试工程师
3470,4,7,4,科研人员,科研人员
3471,0,1,3,技术支持工程师,技术支持工程师
3472,0,9,3,C/C++,C/C++
3473,0,15,0,Java,Java
3474,0,0,0,实施工程师,实施工程师
3475,0,5,0,技术支持工程师,技术支持工程师
3476,2,7,3,实施工程师,实施工程师
3477,0,7,2,C/C++,C/C++
3478,0,5,0,硬件测试,硬件测试
3479,2,9,0,C/C++,C/C++
3480,2,7,0,软件测试,软件测试
3481,0,0,0,科研人员,科研人员
3482,2,4,0,技术支持工程师,技术支持工程师
3483,0,5,4,软件测试,软件测试
3484,0,1,0,实施工程师,实施工程师
3485,2,6,4,实施工程师,实施工程师
3486,2,6,2,硬件测试,硬件测试
3487,0,3,0,技术支持工程师,技术支持工程师
3488,0,0,0,软件测试,软件测试
3489,2,2,0,科研人员,科研人员
3490,2,5,0,软件测试,软件测试
3491,0,7,0,测试工程师,测试工程师
3492,2,1,4,技术支持工程师,技术支持工程师
3493,0,0,0,软件测试,软件测试
3494,2,9,1,硬件测试,硬件测试
3495,2,25,4,软件测试,软件测试
3496,2,7,0,软件测试,软件测试
3497,3,3,3,技术支持工程师,技术支持工程师
3498,2,10,9,C/C++,C/C++
3499,2,4,3,实施工程师,实施工程师
3500,0,7,3,实施工程师,实施工程师
3501,0,0,0,测试工程师,测试工程师
3502,0,1,0,实施工程师,实施工程师
3503,2,2,3,实施工程师,实施工程师
3504,0,0,0,实施工程师,实施工程师
3505,0,2,3,实施工程师,实施工程师
3506,0,2,3,测试工程师,测试工程师
3507,0,0,0,技术支持工程师,技术支持工程师
3508,2,0,0,技术支持工程师,技术支持工程师
3509,0,0,0,技术支持工程师,技术支持工程师
3510,2,5,4,Java,Java
3511,2,2,3,科研人员,科研人员
3512,2,2,2,软件测试,软件测试
3513,2,3,6,测试工程师,测试工程师
3514,0,2,0,测试工程师,测试工程师
3515,0,5,3,实施工程师,实施工程师
3516,0,5,0,测试工程师,测试工程师
3517,0,1,0,实施工程师,实施工程师
3518,0,2,2,硬件测试,硬件测试
3519,2,5,0,软件测试,软件测试
3520,0,0,0,C/C++,C/C++
3521,3,10,0,C/C++,C/C++
3522,2,0,0,技术支持工程师,技术支持工程师
3523,2,2,2,科研人员,科研人员
3524,0,16,6,技术支持工程师,技术支持工程师
3525,2,2,4,硬件测试,硬件测试
3526,2,14,0,Java,Java
3527,0,0,0,C/C++,C/C++
3528,0,1,2,技术支持工程师,技术支持工程师
3529,0,1,0,技术支持工程师,技术支持工程师
3530,0,6,2,C/C++,C/C++
3531,3,1,2,技术支持工程师,技术支持工程师
3532,2,3,2,技术支持工程师,技术支持工程师
3533,2,8,3,Java,Java
3534,0,1,0,实施工程师,实施工程师
3535,0,0,0,前端开发,前端开发
3536,3,14,2,技术支持工程师,技术支持工程师
3537,2,4,0,测试工程师,测试工程师
3538,2,20,3,C/C++,C/C++
3539,2,1,0,软件测试,软件测试
3540,2,2,2,Java,Java
3541,0,1,0,实施工程师,实施工程师
3542,2,21,4,Java,Java
3543,2,1,4,科研人员,科研人员
3544,0,1,0,软件测试,软件测试
3545,0,5,0,测试工程师,测试工程师
3546,3,3,2,实施工程师,实施工程师
3547,0,6,3,实施工程师,实施工程师
3548,0,23,2,Java,Java
3549,0,10,3,Java,Java
3550,2,1,0,软件测试,软件测试
3551,2,2,4,技术支持工程师,技术支持工程师
3552,0,15,1,Java,Java
3553,0,15,1,Java,Java
3554,2,7,1,软件测试,软件测试
3555,0,11,0,前端开发,前端开发
3556,0,11,1,Java,Java
3557,2,14,0,C/C++,C/C++
3558,2,3,0,软件测试,软件测试
3559,2,3,2,技术支持工程师,技术支持工程师
3560,0,0,0,硬件测试,硬件测试
3561,2,7,0,科研人员,科研人员
3562,0,4,5,实施工程师,实施工程师
3563,2,10,0,C/C++,C/C++
3564,2,4,3,测试工程师,测试工程师
3565,0,7,0,C/C++,C/C++
3566,0,12,0,前端开发,前端开发
3567,2,0,0,科研人员,科研人员
3568,0,21,3,Java,Java
3569,0,1,4,软件测试,软件测试
3570,0,1,0,科研人员,科研人员
3571,0,0,0,科研人员,科研人员
3572,2,14,6,前端开发,前端开发
3573,0,2,0,技术支持工程师,技术支持工程师
3574,0,0,0,C/C++,C/C++
3575,0,13,0,C/C++,C/C++
3576,2,3,5,软件测试,软件测试
3577,2,1,4,测试工程师,测试工程师
3578,1,5,2,实施工程师,实施工程师
3579,0,11,4,前端开发,前端开发
3580,0,10,1,Java,Java
3581,0,0,0,科研人员,科研人员
3582,2,4,2,测试工程师,测试工程师
3583,0,3,0,技术支持工程师,技术支持工程师
3584,2,5,7,测试工程师,测试工程师
3585,2,2,5,实施工程师,实施工程师
3586,5,7,0,C/C++,C/C++
3587,0,1,0,硬件测试,硬件测试
3588,2,5,0,测试工程师,测试工程师
3589,2,4,5,科研人员,科研人员
3590,0,2,0,实施工程师,实施工程师
3591,2,2,0,测试工程师,测试工程师
3592,0,17,0,Java,Java
3593,0,14,0,Java,Java
3594,0,3,0,软件测试,软件测试
3595,2,3,4,技术支持工程师,技术支持工程师
3596,0,6,0,实施工程师,实施工程师
3597,0,13,4,Java,Java
3598,2,4,2,实施工程师,实施工程师
3599,0,15,1,Java,Java
3600,0,1,3,硬件测试,硬件测试
3601,2,3,3,测试工程师,测试工程师
3602,0,3,0,C/C++,C/C++
3603,0,0,0,前端开发,前端开发
3604,2,3,3,科研人员,科研人员
3605,2,7,4,C/C++,C/C++
3606,0,20,4,Java,Java
3607,0,14,0,Java,Java
3608,2,3,6,测试工程师,测试工程师
3609,0,0,0,Java,Java
3610,0,2,2,测试工程师,测试工程师
3611,0,0,0,测试工程师,测试工程师
3612,2,0,0,科研人员,科研人员
3613,2,6,3,Java,Java
3614,0,1,0,技术支持工程师,技术支持工程师
3615,2,0,0,科研人员,科研人员
3616,0,3,0,C/C++,C/C++
3617,0,5,4,软件测试,软件测试
3618,0,0,0,测试工程师,测试工程师
3619,2,2,0,科研人员,科研人员
3620,0,3,0,实施工程师,实施工程师
3621,0,3,5,测试工程师,测试工程师
3622,0,1,0,硬件测试,硬件测试
3623,2,4,0,实施工程师,实施工程师
3624,2,2,4,科研人员,科研人员
3625,0,4,0,硬件测试,硬件测试
3626,0,19,5,C/C++,C/C++
3627,0,16,4,前端开发,前端开发
3628,0,5,0,硬件测试,硬件测试
3629,0,3,0,实施工程师,实施工程师
3630,2,16,3,前端开发,前端开发
3631,0,0,0,实施工程师,实施工程师
3632,0,0,0,测试工程师,测试工程师
3633,3,5,1,技术支持工程师,技术支持工程师
3634,2,0,0,软件测试,软件测试
3635,2,13,5,软件测试,软件测试
3636,0,0,0,软件测试,软件测试
3637,0,0,0,软件测试,软件测试
3638,0,3,5,技术支持工程师,技术支持工程师
3639,0,22,0,Java,Java
3640,2,1,0,科研人员,科研人员
3641,0,0,0,技术支持工程师,技术支持工程师
3642,0,4,5,实施工程师,实施工程师
3643,2,0,0,科研人员,科研人员
3644,2,3,9,实施工程师,实施工程师
3645,2,5,2,技术支持工程师,技术支持工程师
3646,0,2,0,硬件测试,硬件测试
3647,2,3,4,硬件测试,硬件测试
3648,2,9,4,C/C++,C/C++
3649,0,12,0,Java,Java
3650,0,3,0,实施工程师,实施工程师
3651,0,7,0,C/C++,C/C++
3652,2,1,3,技术支持工程师,技术支持工程师
3653,1,2,2,科研人员,科研人员
3654,0,2,2,科研人员,科研人员
3655,0,0,0,实施工程师,实施工程师
3656,2,0,0,科研人员,科研人员
3657,0,0,0,Java,Java
3658,0,2,2,测试工程师,测试工程师
3659,0,16,0,前端开发,前端开发
3660,0,0,0,测试工程师,测试工程师
3661,2,16,0,技术支持工程师,技术支持工程师
3662,2,2,4,测试工程师,测试工程师
3663,2,2,1,科研人员,科研人员
3664,0,3,0,科研人员,科研人员
3665,2,3,2,技术支持工程师,技术支持工程师
3666,0,15,2,前端开发,前端开发
3667,2,6,6,C/C++,C/C++
3668,2,2,4,技术支持工程师,技术支持工程师
3669,0,0,0,测试工程师,测试工程师
3670,2,13,1,软件测试,软件测试
3671,0,1,2,实施工程师,实施工程师
3672,0,2,0,技术支持工程师,技术支持工程师
3673,0,0,0,测试工程师,测试工程师
3674,0,8,0,Java,Java
3675,2,0,2,测试工程师,测试工程师
3676,0,5,1,软件测试,软件测试
3677,0,2,0,软件测试,软件测试
3678,4,0,0,Java,Java
3679,0,4,0,实施工程师,实施工程师
3680,2,1,9,科研人员,科研人员
3681,0,0,0,Java,Java
3682,0,5,7,测试工程师,测试工程师
3683,2,2,3,科研人员,科研人员
3684,2,0,0,科研人员,科研人员
3685,0,2,0,测试工程师,测试工程师
3686,0,2,0,测试工程师,测试工程师
3687,0,3,12,实施工程师,实施工程师
3688,0,3,0,技术支持工程师,技术支持工程师
3689,0,5,0,硬件测试,硬件测试
3690,2,3,7,技术支持工程师,技术支持工程师
3691,0,0,0,Java,Java
3692,0,16,1,Java,Java
3693,0,0,0,C/C++,C/C++
3694,2,1,0,科研人员,科研人员
3695,2,1,0,测试工程师,测试工程师
3696,2,4,3,技术支持工程师,技术支持工程师
3697,0,15,3,C/C++,C/C++
3698,0,0,3,技术支持工程师,技术支持工程师
3699,2,2,3,技术支持工程师,技术支持工程师
3700,2,1,1,科研人员,科研人员
3701,2,3,3,实施工程师,实施工程师
3702,2,1,0,测试工程师,测试工程师
3703,2,9,0,测试工程师,测试工程师
3704,0,0,0,实施工程师,实施工程师
3705,0,5,0,硬件测试,硬件测试
3706,0,0,0,软件测试,软件测试
3707,3,2,0,测试工程师,测试工程师
3708,0,5,1,软件测试,软件测试
3709,4,2,3,科研人员,科研人员
3710,2,5,0,软件测试,软件测试
3711,2,16,8,C/C++,C/C++
3712,0,4,0,测试工程师,测试工程师
3713,0,7,2,C/C++,C/C++
3714,2,1,0,测试工程师,测试工程师
3715,0,1,0,技术支持工程师,技术支持工程师
3716,2,14,2,实施工程师,实施工程师
3717,2,21,6,Java,Java
3718,2,0,0,科研人员,科研人员
3719,2,11,4,C/C++,C/C++
3720,0,0,0,C/C++,C/C++
3721,0,4,0,软件测试,软件测试
3722,0,3,7,实施工程师,实施工程师
3723,0,5,1,软件测试,软件测试
3724,2,11,0,Java,Java
3725,2,4,2,测试工程师,测试工程师
3726,0,2,0,前端开发,前端开发
3727,2,3,1,科研人员,科研人员
3728,0,1,0,C/C++,C/C++
3729,0,2,0,前端开发,前端开发
3730,2,1,2,技术支持工程师,技术支持工程师
3731,0,5,0,Java,Java
3732,2,1,0,软件测试,软件测试
3733,0,2,0,Java,Java
3734,0,4,4,C/C++,C/C++
3735,2,8,6,测试工程师,测试工程师
3736,2,9,0,C/C++,C/C++
3737,3,0,3,实施工程师,实施工程师
3738,0,3,0,测试工程师,测试工程师
3739,2,2,0,实施工程师,实施工程师
3740,0,15,3,Java,Java
3741,0,1,0,实施工程师,实施工程师
3742,4,2,3,科研人员,科研人员
3743,0,2,4,硬件测试,硬件测试
3744,0,0,0,前端开发,前端开发
3745,0,3,0,实施工程师,实施工程师
3746,2,10,0,C/C++,C/C++
3747,2,4,0,技术支持工程师,技术支持工程师
3748,2,3,1,硬件测试,硬件测试
3749,2,1,0,科研人员,科研人员
3750,2,6,2,C/C++,C/C++
3751,2,0,0,前端开发,前端开发
3752,2,1,4,C/C++,C/C++
3753,0,0,0,硬件测试,硬件测试
3754,0,5,1,测试工程师,测试工程师
3755,2,0,0,科研人员,科研人员
3756,2,2,0,测试工程师,测试工程师
3757,0,5,0,Java,Java
3758,0,12,1,Java,Java
3759,2,13,0,Java,Java
3760,2,11,2,C/C++,C/C++
3761,2,9,1,C/C++,C/C++
3762,4,20,0,Java,Java
3763,2,1,0,科研人员,科研人员
3764,2,1,0,软件测试,软件测试
3765,4,1,0,科研人员,科研人员
3766,2,4,7,实施工程师,实施工程师
3767,2,4,2,测试工程师,测试工程师
3768,0,0,0,技术支持工程师,技术支持工程师
3769,0,5,0,硬件测试,硬件测试
3770,0,0,0,科研人员,科研人员
3771,2,8,10,实施工程师,实施工程师
3772,2,5,0,软件测试,软件测试
3773,0,5,0,Java,Java
3774,0,3,0,技术支持工程师,技术支持工程师
3775,0,2,0,技术支持工程师,技术支持工程师
3776,0,2,0,软件测试,软件测试
3777,2,3,2,技术支持工程师,技术支持工程师
3778,0,5,0,硬件测试,硬件测试
3779,2,9,1,C/C++,C/C++
3780,0,3,0,技术支持工程师,技术支持工程师
3781,2,0,1,科研人员,科研人员
3782,0,0,0,C/C++,C/C++
3783,2,3,3,实施工程师,实施工程师
3784,2,11,0,前端开发,前端开发
3785,0,4,0,测试工程师,测试工程师
3786,2,16,6,实施工程师,实施工程师
3787,0,2,0,实施工程师,实施工程师
3788,0,9,2,C/C++,C/C++
3789,0,0,0,技术支持工程师,技术支持工程师
3790,2,0,0,科研人员,科研人员
3791,0,0,0,前端开发,前端开发
3792,2,6,2,测试工程师,测试工程师
3793,2,20,3,C/C++,C/C++
3794,2,8,3,软件测试,软件测试
3795,0,7,0,Java,Java
3796,0,0,0,技术支持工程师,技术支持工程师
3797,2,9,0,软件测试,软件测试
3798,0,0,0,科研人员,科研人员
3799,2,17,4,测试工程师,测试工程师
3800,0,3,0,技术支持工程师,技术支持工程师
3801,0,5,0,硬件测试,硬件测试
3802,0,0,0,科研人员,科研人员
3803,0,2,0,Java,Java
3804,4,2,4,技术支持工程师,技术支持工程师
3805,0,0,0,技术支持工程师,技术支持工程师
3806,0,8,0,Java,Java
3807,0,5,0,硬件测试,硬件测试
3808,2,1,0,软件测试,软件测试
3809,0,0,0,科研人员,科研人员
3810,2,11,0,Java,Java
3811,0,15,3,Java,Java
3812,2,16,0,测试工程师,测试工程师
3813,2,10,9,C/C++,C/C++
3814,2,2,1,技术支持工程师,技术支持工程师
3815,2,19,6,Java,Java
3816,0,5,1,测试工程师,测试工程师
3817,0,2,2,科研人员,科研人员
3818,0,4,0,实施工程师,实施工程师
3819,0,11,3,实施工程师,实施工程师
3820,2,2,0,科研人员,科研人员
3821,0,0,0,技术支持工程师,技术支持工程师
3822,0,5,1,测试工程师,测试工程师
3823,2,9,3,实施工程师,实施工程师
3824,2,2,0,硬件测试,硬件测试
3825,2,1,1,科研人员,科研人员
3826,1,0,0,硬件测试,硬件测试
3827,0,1,4,测试工程师,测试工程师
3828,2,1,0,硬件测试,硬件测试
3829,0,0,0,Java,Java
3830,0,0,0,实施工程师,实施工程师
3831,2,1,0,软件测试,软件测试
3832,0,4,0,Java,Java
3833,2,1,0,测试工程师,测试工程师
3834,3,2,2,技术支持工程师,技术支持工程师
3835,0,11,4,C/C++,C/C++
3836,0,3,4,科研人员,科研人员
3837,0,0,0,软件测试,软件测试
3838,0,0,0,测试工程师,测试工程师
3839,2,31,6,Java,Java
3840,2,25,8,Java,Java
3841,0,0,0,技术支持工程师,技术支持工程师
3842,0,0,0,软件测试,软件测试
3843,0,0,0,技术支持工程师,技术支持工程师
3844,0,3,5,科研人员,科研人员
3845,3,2,4,硬件测试,硬件测试
3846,0,8,1,测试工程师,测试工程师
3847,0,0,0,实施工程师,实施工程师
3848,0,3,0,技术支持工程师,技术支持工程师
3849,0,1,0,测试工程师,测试工程师
3850,2,19,8,Java,Java
3851,2,3,3,实施工程师,实施工程师
3852,2,0,0,C/C++,C/C++
3853,2,5,3,实施工程师,实施工程师
3854,0,9,0,Java,Java
3855,0,0,0,实施工程师,实施工程师
3856,2,1,1,科研人员,科研人员
3857,0,15,1,Java,Java
3858,0,1,2,技术支持工程师,技术支持工程师
3859,0,11,2,前端开发,前端开发
3860,0,17,0,Java,Java
3861,0,4,0,实施工程师,实施工程师
3862,2,13,2,C/C++,C/C++
3863,3,12,0,前端开发,前端开发
3864,0,8,1,前端开发,前端开发
3865,2,1,7,技术支持工程师,技术支持工程师
3866,2,2,4,科研人员,科研人员
3867,0,0,0,硬件测试,硬件测试
3868,6,4,6,硬件测试,硬件测试
3869,2,12,8,软件测试,软件测试
3870,2,1,0,软件测试,软件测试
3871,2,6,6,Java,Java
3872,2,2,0,科研人员,科研人员
3873,3,21,2,Java,Java
3874,2,8,1,C/C++,C/C++
3875,2,4,4,技术支持工程师,技术支持工程师
3876,2,0,1,科研人员,科研人员
3877,0,0,0,实施工程师,实施工程师
3878,0,0,0,测试工程师,测试工程师
3879,0,4,0,实施工程师,实施工程师
3880,2,23,0,实施工程师,实施工程师
3881,2,9,1,硬件测试,硬件测试
3882,2,0,0,实施工程师,实施工程师
3883,2,16,3,前端开发,前端开发
3884,2,3,2,测试工程师,测试工程师
3885,2,12,2,实施工程师,实施工程师
3886,0,16,1,Java,Java
3887,2,1,0,测试工程师,测试工程师
3888,0,9,2,C/C++,C/C++
3889,4,8,8,实施工程师,实施工程师
3890,2,2,0,实施工程师,实施工程师
3891,2,27,1,前端开发,前端开发
3892,0,4,0,测试工程师,测试工程师
3893,0,3,0,实施工程师,实施工程师
3894,0,1,4,技术支持工程师,技术支持工程师
3895,0,2,0,C/C++,C/C++
3896,2,7,0,测试工程师,测试工程师
3897,0,4,0,C/C++,C/C++
3898,1,1,4,软件测试,软件测试
3899,2,0,0,科研人员,科研人员
3900,0,17,0,Java,Java
3901,0,3,3,硬件测试,硬件测试
3902,0,0,0,实施工程师,实施工程师
3903,2,2,0,测试工程师,测试工程师
3904,0,1,0,硬件测试,硬件测试
3905,0,1,0,技术支持工程师,技术支持工程师
3906,2,14,3,实施工程师,实施工程师
3907,0,2,0,测试工程师,测试工程师
3908,2,1,0,测试工程师,测试工程师
3909,0,6,5,硬件测试,硬件测试
3910,0,0,2,技术支持工程师,技术支持工程师
3911,4,1,2,实施工程师,实施工程师
3912,6,1,2,科研人员,科研人员
3913,4,1,1,科研人员,科研人员
3914,0,3,7,硬件测试,硬件测试
3915,2,2,5,实施工程师,实施工程师
3916,0,0,0,科研人员,科研人员
3917,0,2,2,硬件测试,硬件测试
3918,0,0,0,科研人员,科研人员
3919,0,8,1,前端开发,前端开发
3920,0,10,6,Java,Java
3921,2,23,3,前端开发,前端开发
3922,0,1,0,硬件测试,硬件测试
3923,2,1,0,科研人员,科研人员
3924,0,0,0,实施工程师,实施工程师
3925,2,2,2,硬件测试,硬件测试
3926,2,1,0,测试工程师,测试工程师
3927,2,1,0,科研人员,科研人员
3928,0,0,0,前端开发,前端开发
3929,2,13,0,Java,Java
3930,0,3,0,实施工程师,实施工程师
3931,0,0,0,技术支持工程师,技术支持工程师
3932,0,2,0,软件测试,软件测试
3933,0,0,0,测试工程师,测试工程师
3934,0,0,0,科研人员,科研人员
3935,2,1,1,科研人员,科研人员
3936,2,3,6,测试工程师,测试工程师
3937,2,10,7,科研人员,科研人员
3938,0,2,0,科研人员,科研人员
3939,2,21,6,Java,Java
3940,0,21,0,Java,Java
3941,2,7,4,Java,Java
3942,2,10,0,Java,Java
3943,2,0,4,科研人员,科研人员
3944,0,5,0,C/C++,C/C++
3945,0,2,0,硬件测试,硬件测试
3946,0,0,0,科研人员,科研人员
3947,2,2,5,技术支持工程师,技术支持工程师
3948,0,13,2,C/C++,C/C++
3949,4,2,4,实施工程师,实施工程师
3950,0,0,0,C/C++,C/C++
3951,0,0,0,测试工程师,测试工程师
3952,0,0,0,Java,Java
3953,0,3,0,技术支持工程师,技术支持工程师
3954,0,13,2,Java,Java
3955,2,15,0,技术支持工程师,技术支持工程师
3956,2,4,2,测试工程师,测试工程师
3957,0,12,1,Java,Java
3958,0,5,0,硬件测试,硬件测试
3959,0,5,2,测试工程师,测试工程师
3960,2,2,6,技术支持工程师,技术支持工程师
3961,3,2,0,软件测试,软件测试
3962,1,4,0,C/C++,C/C++
3963,0,8,3,技术支持工程师,技术支持工程师
3964,2,1,0,技术支持工程师,技术支持工程师
3965,0,5,3,测试工程师,测试工程师
3966,0,1,0,科研人员,科研人员
3967,0,5,0,硬件测试,硬件测试
3968,0,0,0,技术支持工程师,技术支持工程师
3969,0,0,0,技术支持工程师,技术支持工程师
3970,2,4,5,科研人员,科研人员
3971,2,4,5,科研人员,科研人员
3972,0,0,0,技术支持工程师,技术支持工程师
3973,0,1,0,实施工程师,实施工程师
3974,0,12,0,C/C++,C/C++
3975,2,20,6,前端开发,前端开发
3976,0,0,0,科研人员,科研人员
3977,0,7,2,C/C++,C/C++
3978,0,0,0,技术支持工程师,技术支持工程师
3979,0,3,0,技术支持工程师,技术支持工程师
3980,0,7,4,软件测试,软件测试
3981,0,0,0,科研人员,科研人员
3982,0,1,0,实施工程师,实施工程师
3983,2,4,6,实施工程师,实施工程师
3984,0,1,0,科研人员,科研人员
3985,0,5,1,软件测试,软件测试
3986,0,1,0,测试工程师,测试工程师
3987,2,1,0,软件测试,软件测试
3988,2,4,2,测试工程师,测试工程师
3989,0,0,0,前端开发,前端开发
3990,0,0,0,技术支持工程师,技术支持工程师
3991,2,1,0,软件测试,软件测试
3992,2,5,7,测试工程师,测试工程师
3993,2,7,4,测试工程师,测试工程师
3994,2,17,7,前端开发,前端开发
3995,2,1,0,软件测试,软件测试
3996,2,4,0,C/C++,C/C++
3997,0,3,0,实施工程师,实施工程师
3998,0,1,0,技术支持工程师,技术支持工程师
3999,2,3,6,硬件测试,硬件测试
4000,2,1,0,技术支持工程师,技术支持工程师
4001,2,8,2,C/C++,C/C++
4002,4,9,7,科研人员,科研人员
4003,2,6,2,C/C++,C/C++
4004,2,1,2,科研人员,科研人员
4005,2,10,0,C/C++,C/C++
4006,0,0,0,Java,Java
4007,0,0,0,测试工程师,测试工程师
4008,0,5,1,测试工程师,测试工程师
4009,2,1,0,科研人员,科研人员
4010,0,8,0,C/C++,C/C++
4011,0,5,1,测试工程师,测试工程师
4012,2,3,9,实施工程师,实施工程师
4013,0,0,0,技术支持工程师,技术支持工程师
4014,2,4,4,科研人员,科研人员
4015,0,0,0,科研人员,科研人员
4016,0,4,0,测试工程师,测试工程师
4017,0,1,0,Java,Java
4018,0,16,0,Java,Java
4019,2,8,5,技术支持工程师,技术支持工程师
4020,2,2,1,实施工程师,实施工程师
4021,2,1,0,测试工程师,测试工程师
4022,0,4,0,前端开发,前端开发
4023,2,2,3,科研人员,科研人员
4024,0,10,0,C/C++,C/C++
4025,6,1,2,科研人员,科研人员
4026,2,3,5,C/C++,C/C++
4027,2,3,3,实施工程师,实施工程师
4028,0,0,0,C/C++,C/C++
4029,2,4,5,实施工程师,实施工程师
4030,2,1,0,软件测试,软件测试
4031,2,2,0,测试工程师,测试工程师
4032,0,13,0,C/C++,C/C++
4033,0,5,1,技术支持工程师,技术支持工程师
4034,6,8,0,C/C++,C/C++
4035,0,5,0,硬件测试,硬件测试
4036,0,0,0,科研人员,科研人员
4037,0,0,0,前端开发,前端开发
4038,0,0,0,技术支持工程师,技术支持工程师
4039,2,2,0,科研人员,科研人员
4040,2,9,2,C/C++,C/C++
4041,2,9,7,实施工程师,实施工程师
4042,2,6,0,科研人员,科研人员
4043,0,2,0,C/C++,C/C++
4044,2,1,0,测试工程师,测试工程师
4045,2,12,2,Java,Java
4046,4,3,1,科研人员,科研人员
4047,0,6,0,C/C++,C/C++
4048,2,0,0,科研人员,科研人员
4049,0,0,0,实施工程师,实施工程师
4050,4,3,2,科研人员,科研人员
4051,0,12,2,C/C++,C/C++
4052,0,14,0,Java,Java
4053,0,9,2,软件测试,软件测试
4054,0,2,0,测试工程师,测试工程师
4055,0,1,2,技术支持工程师,技术支持工程师
4056,0,7,2,C/C++,C/C++
4057,2,0,2,科研人员,科研人员
4058,0,0,0,测试工程师,测试工程师
4059,0,0,0,测试工程师,测试工程师
4060,0,21,0,Java,Java
4061,0,0,0,测试工程师,测试工程师
4062,2,4,5,硬件测试,硬件测试
4063,2,10,0,Java,Java
4064,0,5,1,测试工程师,测试工程师
4065,0,5,0,测试工程师,测试工程师
4066,2,8,0,C/C++,C/C++
4067,2,15,4,Java,Java
4068,3,2,3,技术支持工程师,技术支持工程师
4069,2,1,0,技术支持工程师,技术支持工程师
4070,0,0,0,测试工程师,测试工程师
4071,0,7,4,软件测试,软件测试
4072,0,2,0,技术支持工程师,技术支持工程师
4073,0,1,0,技术支持工程师,技术支持工程师
4074,2,2,2,技术支持工程师,技术支持工程师
4075,3,0,9,技术支持工程师,技术支持工程师
4076,2,2,3,科研人员,科研人员
4077,2,11,3,C/C++,C/C++
4078,2,5,0,软件测试,软件测试
4079,0,13,0,Java,Java
4080,2,9,4,C/C++,C/C++
4081,0,0,0,C/C++,C/C++
4082,2,11,2,Java,Java
4083,2,1,0,测试工程师,测试工程师
4084,2,5,1,科研人员,科研人员
4085,2,3,3,技术支持工程师,技术支持工程师
4086,0,34,0,前端开发,前端开发
4087,2,1,0,测试工程师,测试工程师
4088,0,0,0,科研人员,科研人员
4089,2,0,0,科研人员,科研人员
4090,0,0,0,测试工程师,测试工程师
4091,0,0,0,科研人员,科研人员
4092,4,1,4,科研人员,科研人员
4093,0,7,4,软件测试,软件测试
4094,0,5,0,实施工程师,实施工程师
4095,0,3,0,技术支持工程师,技术支持工程师
4096,2,16,4,C/C++,C/C++
4097,2,9,5,C/C++,C/C++
4098,0,7,4,软件测试,软件测试
4099,2,9,2,C/C++,C/C++
4100,0,7,2,C/C++,C/C++
4101,0,2,0,硬件测试,硬件测试
4102,2,14,4,前端开发,前端开发
4103,2,1,0,软件测试,软件测试
4104,2,4,7,技术支持工程师,技术支持工程师
4105,2,1,0,实施工程师,实施工程师
4106,0,1,0,硬件测试,硬件测试
4107,2,3,4,测试工程师,测试工程师
4108,2,7,0,软件测试,软件测试
4109,2,4,2,测试工程师,测试工程师
4110,2,0,0,实施工程师,实施工程师
4111,0,3,0,技术支持工程师,技术支持工程师
4112,0,0,0,科研人员,科研人员
4113,2,6,4,科研人员,科研人员
4114,0,0,0,Java,Java
4115,0,13,7,Java,Java
4116,0,0,0,科研人员,科研人员
4117,2,15,4,前端开发,前端开发
4118,2,19,3,前端开发,前端开发
4119,1,1,6,软件测试,软件测试
4120,0,3,3,硬件测试,硬件测试
4121,0,1,0,实施工程师,实施工程师
4122,9,0,2,科研人员,科研人员
4123,2,4,0,科研人员,科研人员
4124,2,15,4,C/C++,C/C++
4125,2,2,4,科研人员,科研人员
4126,0,0,0,前端开发,前端开发
4127,0,1,0,技术支持工程师,技术支持工程师
4128,0,6,9,测试工程师,测试工程师
4129,0,8,1,前端开发,前端开发
4130,0,5,0,硬件测试,硬件测试
4131,0,0,0,前端开发,前端开发
4132,2,14,7,Java,Java
4133,0,5,1,测试工程师,测试工程师
4134,2,7,6,实施工程师,实施工程师
4135,0,10,0,Java,Java
4136,0,0,0,测试工程师,测试工程师
4137,0,0,0,科研人员,科研人员
4138,0,13,0,Java,Java
4139,2,0,6,技术支持工程师,技术支持工程师
4140,0,3,3,实施工程师,实施工程师
4141,2,17,0,前端开发,前端开发
4142,2,6,0,实施工程师,实施工程师
4143,2,19,0,Java,Java
4144,0,0,0,技术支持工程师,技术支持工程师
4145,2,11,2,软件测试,软件测试
4146,2,1,2,科研人员,科研人员
4147,2,1,0,测试工程师,测试工程师
4148,0,8,1,前端开发,前端开发
4149,2,12,0,Java,Java
4150,3,3,4,技术支持工程师,技术支持工程师
4151,2,6,2,测试工程师,测试工程师
4152,0,3,0,C/C++,C/C++
4153,2,1,0,软件测试,软件测试
4154,0,1,0,技术支持工程师,技术支持工程师
4155,0,0,0,Java,Java
4156,0,9,2,前端开发,前端开发
4157,0,9,2,C/C++,C/C++
4158,0,3,0,技术支持工程师,技术支持工程师
4159,4,17,0,C/C++,C/C++
4160,2,5,0,C/C++,C/C++
4161,0,0,0,实施工程师,实施工程师
4162,1,7,1,实施工程师,实施工程师
4163,0,1,0,技术支持工程师,技术支持工程师
4164,2,1,2,技术支持工程师,技术支持工程师
4165,2,8,0,Java,Java
4166,2,3,0,科研人员,科研人员
4167,2,1,0,软件测试,软件测试
4168,0,3,1,前端开发,前端开发
4169,0,2,0,测试工程师,测试工程师
4170,1,1,0,技术支持工程师,技术支持工程师
4171,2,3,4,硬件测试,硬件测试
4172,0,1,0,实施工程师,实施工程师
4173,2,1,0,软件测试,软件测试
4174,0,0,0,实施工程师,实施工程师
4175,4,8,2,实施工程师,实施工程师
4176,0,5,1,测试工程师,测试工程师
4177,2,1,0,测试工程师,测试工程师
4178,0,5,0,Java,Java
4179,0,9,0,C/C++,C/C++
4180,0,2,0,Java,Java
4181,0,1,0,测试工程师,测试工程师
4182,0,9,1,前端开发,前端开发
4183,2,14,0,C/C++,C/C++
4184,2,2,0,硬件测试,硬件测试
4185,0,0,0,软件测试,软件测试
4186,0,22,0,Java,Java
4187,2,1,0,硬件测试,硬件测试
4188,2,25,9,C/C++,C/C++
4189,0,2,0,C/C++,C/C++
4190,0,2,0,软件测试,软件测试
4191,0,0,0,C/C++,C/C++
4192,0,2,0,测试工程师,测试工程师
4193,2,21,4,Java,Java
4194,2,1,2,实施工程师,实施工程师
4195,2,5,0,硬件测试,硬件测试
4196,2,2,7,科研人员,科研人员
4197,1,1,4,科研人员,科研人员
4198,2,10,7,科研人员,科研人员
4199,0,10,4,C/C++,C/C++
4200,0,2,2,硬件测试,硬件测试
4201,2,4,3,技术支持工程师,技术支持工程师
4202,0,11,10,测试工程师,测试工程师
4203,2,4,5,科研人员,科研人员
4204,2,11,0,Java,Java
4205,2,4,2,Java,Java
4206,0,2,4,测试工程师,测试工程师
4207,2,4,2,测试工程师,测试工程师
4208,2,2,0,前端开发,前端开发
4209,0,0,0,软件测试,软件测试
4210,2,10,0,测试工程师,测试工程师
4211,2,6,1,科研人员,科研人员
4212,0,3,0,实施工程师,实施工程师
4213,0,14,0,Java,Java
4214,2,4,3,实施工程师,实施工程师
4215,2,6,3,硬件测试,硬件测试
4216,0,5,1,软件测试,软件测试
4217,2,4,0,技术支持工程师,技术支持工程师
4218,0,3,0,实施工程师,实施工程师
4219,2,2,0,技术支持工程师,技术支持工程师
4220,0,15,0,Java,Java
4221,2,9,2,前端开发,前端开发
4222,0,5,0,硬件测试,硬件测试
4223,0,12,4,软件测试,软件测试
4224,0,7,2,C/C++,C/C++
4225,2,1,2,软件测试,软件测试
4226,2,0,0,科研人员,科研人员
4227,2,11,0,C/C++,C/C++
4228,0,3,5,测试工程师,测试工程师
4229,0,21,0,Java,Java
4230,2,10,7,C/C++,C/C++
4231,2,4,2,Java,Java
4232,0,3,0,实施工程师,实施工程师
4233,0,3,0,实施工程师,实施工程师
4234,0,5,0,硬件测试,硬件测试
4235,0,21,0,Java,Java
4236,0,0,0,技术支持工程师,技术支持工程师
4237,0,3,0,技术支持工程师,技术支持工程师
4238,2,1,0,软件测试,软件测试
4239,0,1,0,科研人员,科研人员
4240,0,16,1,前端开发,前端开发
4241,0,1,0,前端开发,前端开发
4242,0,2,2,C/C++,C/C++
4243,0,1,0,实施工程师,实施工程师
4244,0,0,0,技术支持工程师,技术支持工程师
4245,2,3,1,科研人员,科研人员
4246,2,5,3,硬件测试,硬件测试
4247,0,14,0,Java,Java
4248,0,3,0,技术支持工程师,技术支持工程师
4249,2,9,4,C/C++,C/C++
4250,3,3,6,实施工程师,实施工程师
4251,0,0,0,科研人员,科研人员
4252,0,9,0,C/C++,C/C++
4253,2,5,0,实施工程师,实施工程师
4254,2,5,1,硬件测试,硬件测试
4255,0,0,0,测试工程师,测试工程师
4256,0,20,3,Java,Java
4257,2,16,0,实施工程师,实施工程师
4258,2,13,9,前端开发,前端开发
4259,2,3,4,技术支持工程师,技术支持工程师
4260,2,8,5,技术支持工程师,技术支持工程师
4261,0,5,0,硬件测试,硬件测试
4262,0,13,3,Java,Java
4263,0,0,0,实施工程师,实施工程师
4264,0,2,2,硬件测试,硬件测试
4265,0,0,0,技术支持工程师,技术支持工程师
4266,0,0,0,测试工程师,测试工程师
4267,2,1,0,技术支持工程师,技术支持工程师
4268,0,0,0,C/C++,C/C++
4269,3,3,4,技术支持工程师,技术支持工程师
4270,0,2,0,实施工程师,实施工程师
4271,0,1,0,前端开发,前端开发
4272,3,47,11,Java,Java
4273,0,0,0,技术支持工程师,技术支持工程师
4274,0,2,0,科研人员,科研人员
4275,0,0,0,软件测试,软件测试
4276,2,2,0,实施工程师,实施工程师
4277,0,1,0,实施工程师,实施工程师
4278,2,10,6,C/C++,C/C++
4279,2,1,7,科研人员,科研人员
4280,2,8,10,实施工程师,实施工程师
4281,2,9,0,Java,Java
4282,0,6,0,前端开发,前端开发
4283,0,2,0,软件测试,软件测试
4284,2,1,2,测试工程师,测试工程师
4285,0,2,0,C/C++,C/C++
4286,0,15,1,C/C++,C/C++
4287,0,14,4,前端开发,前端开发
4288,2,4,0,测试工程师,测试工程师
4289,0,2,0,实施工程师,实施工程师
4290,2,4,1,测试工程师,测试工程师
4291,0,0,0,实施工程师,实施工程师
4292,0,6,0,测试工程师,测试工程师
4293,2,7,6,实施工程师,实施工程师
4294,2,2,0,技术支持工程师,技术支持工程师
4295,0,10,0,Java,Java
4296,0,5,0,测试工程师,测试工程师
4297,2,4,4,测试工程师,测试工程师
4298,0,1,0,硬件测试,硬件测试
4299,0,3,0,测试工程师,测试工程师
4300,0,2,0,软件测试,软件测试
4301,0,13,2,Java,Java
4302,2,16,6,软件测试,软件测试
4303,0,1,0,测试工程师,测试工程师
4304,0,3,0,实施工程师,实施工程师
4305,0,3,0,软件测试,软件测试
4306,0,1,0,硬件测试,硬件测试
4307,0,5,0,硬件测试,硬件测试
4308,2,3,5,C/C++,C/C++
4309,0,0,0,Java,Java
4310,2,1,4,科研人员,科研人员
4311,0,0,0,技术支持工程师,技术支持工程师
4312,2,6,2,技术支持工程师,技术支持工程师
4313,9,0,2,科研人员,科研人员
4314,0,1,0,实施工程师,实施工程师
4315,0,14,0,C/C++,C/C++
4316,0,1,4,实施工程师,实施工程师
4317,2,1,4,技术支持工程师,技术支持工程师
4318,0,2,0,Java,Java
4319,2,15,2,C/C++,C/C++
4320,0,2,3,实施工程师,实施工程师
4321,2,1,8,技术支持工程师,技术支持工程师
4322,0,3,0,技术支持工程师,技术支持工程师
4323,0,15,1,Java,Java
4324,0,2,3,科研人员,科研人员
4325,0,2,0,实施工程师,实施工程师
4326,2,14,4,前端开发,前端开发
4327,0,0,2,实施工程师,实施工程师
4328,2,6,3,硬件测试,硬件测试
4329,2,1,0,技术支持工程师,技术支持工程师
4330,2,10,3,软件测试,软件测试
4331,0,2,0,测试工程师,测试工程师
4332,2,2,0,测试工程师,测试工程师
4333,0,1,0,C/C++,C/C++
4334,2,0,4,科研人员,科研人员
4335,2,2,4,硬件测试,硬件测试
4336,0,9,2,前端开发,前端开发
4337,2,1,4,硬件测试,硬件测试
4338,0,0,0,科研人员,科研人员
4339,0,0,0,测试工程师,测试工程师
4340,2,2,2,硬件测试,硬件测试
4341,2,13,2,实施工程师,实施工程师
4342,2,2,0,科研人员,科研人员
4343,0,2,0,软件测试,软件测试
4344,4,5,2,科研人员,科研人员
4345,0,13,2,C/C++,C/C++
4346,2,0,1,科研人员,科研人员
4347,0,10,4,Java,Java
4348,0,11,1,前端开发,前端开发
4349,0,0,0,科研人员,科研人员
4350,4,1,0,科研人员,科研人员
4351,0,0,0,测试工程师,测试工程师
4352,2,1,0,科研人员,科研人员
4353,2,2,6,项目经理/主管,项目经理/主管
4354,0,0,0,实施工程师,实施工程师
4355,2,12,4,Java,Java
4356,0,0,0,项目经理/主管,项目经理/主管
4357,0,2,2,硬件测试,硬件测试
4358,0,0,0,项目经理/主管,项目经理/主管
4359,0,3,6,Java,Java
4360,0,1,0,项目专员/助理,项目专员/助理
4361,0,1,2,项目经理/主管,项目经理/主管
4362,0,1,0,项目经理/主管,项目经理/主管
4363,5,4,7,项目经理/主管,项目经理/主管
4364,0,3,0,项目经理/主管,项目经理/主管
4365,5,4,7,项目经理/主管,项目经理/主管
4366,0,14,4,项目专员/助理,项目专员/助理
4367,2,3,4,项目经理/主管,项目经理/主管
4368,2,2,3,项目专员/助理,项目专员/助理
4369,2,6,4,项目专员/助理,项目专员/助理
4370,2,10,0,Java,Java
4371,4,0,2,项目专员/助理,项目专员/助理
4372,0,5,4,实施工程师,实施工程师
4373,0,0,0,项目专员/助理,项目专员/助理
4374,0,1,0,项目专员/助理,项目专员/助理
4375,0,0,0,技术支持工程师,技术支持工程师
4376,3,7,0,硬件测试,硬件测试
4377,0,2,0,项目专员/助理,项目专员/助理
4378,0,0,0,C/C++,C/C++
4379,0,0,3,项目专员/助理,项目专员/助理
4380,0,0,0,项目经理/主管,项目经理/主管
4381,2,2,2,项目专员/助理,项目专员/助理
4382,2,1,1,项目专员/助理,项目专员/助理
4383,0,2,0,项目专员/助理,项目专员/助理
4384,2,4,1,项目经理/主管,项目经理/主管
4385,2,2,5,项目专员/助理,项目专员/助理
4386,0,4,8,项目专员/助理,项目专员/助理
4387,2,4,0,项目专员/助理,项目专员/助理
4388,2,2,2,项目专员/助理,项目专员/助理
4389,0,0,0,项目经理/主管,项目经理/主管
4390,2,0,8,项目专员/助理,项目专员/助理
4391,0,0,0,项目专员/助理,项目专员/助理
4392,2,1,6,项目专员/助理,项目专员/助理
4393,0,0,0,项目专员/助理,项目专员/助理
4394,2,4,0,项目经理/主管,项目经理/主管
4395,2,1,0,项目专员/助理,项目专员/助理
4396,2,1,2,项目专员/助理,项目专员/助理
4397,3,1,0,项目专员/助理,项目专员/助理
4398,0,4,8,项目专员/助理,项目专员/助理
4399,0,0,3,项目专员/助理,项目专员/助理
4400,0,0,0,项目专员/助理,项目专员/助理
4401,0,2,1,项目经理/主管,项目经理/主管
4402,3,0,5,项目专员/助理,项目专员/助理
4403,0,0,0,项目经理/主管,项目经理/主管
4404,0,0,2,项目专员/助理,项目专员/助理
4405,0,0,3,项目专员/助理,项目专员/助理
4406,1,2,3,项目专员/助理,项目专员/助理
4407,2,2,2,项目经理/主管,项目经理/主管
4408,0,0,0,项目专员/助理,项目专员/助理
4409,0,1,0,项目专员/助理,项目专员/助理
4410,0,2,0,项目专员/助理,项目专员/助理
4411,0,3,8,项目专员/助理,项目专员/助理
4412,0,1,6,项目专员/助理,项目专员/助理
4413,0,3,8,项目经理/主管,项目经理/主管
4414,4,1,0,项目经理/主管,项目经理/主管
4415,0,0,0,项目专员/助理,项目专员/助理
4416,2,4,3,项目经理/主管,项目经理/主管
4417,0,1,5,项目专员/助理,项目专员/助理
4418,2,2,2,实施工程师,实施工程师
4419,0,2,0,项目经理/主管,项目经理/主管
4420,0,4,8,项目专员/助理,项目专员/助理
4421,0,5,1,测试工程师,测试工程师
4422,2,3,3,项目经理/主管,项目经理/主管
4423,0,1,0,项目专员/助理,项目专员/助理
4424,2,2,3,项目经理/主管,项目经理/主管
4425,2,12,0,Java,Java
4426,0,0,0,项目经理/主管,项目经理/主管
4427,2,5,0,项目专员/助理,项目专员/助理
4428,0,0,0,技术支持工程师,技术支持工程师
4429,0,0,0,硬件测试,硬件测试
4430,2,2,1,项目经理/主管,项目经理/主管
4431,0,3,0,项目经理/主管,项目经理/主管
4432,0,2,0,项目专员/助理,项目专员/助理
4433,0,0,0,项目专员/助理,项目专员/助理
4434,0,1,2,项目专员/助理,项目专员/助理
4435,3,1,0,项目专员/助理,项目专员/助理
4436,0,2,5,项目经理/主管,项目经理/主管
4437,2,2,7,项目经理/主管,项目经理/主管
4438,0,1,4,项目经理/主管,项目经理/主管
4439,0,2,0,项目经理/主管,项目经理/主管
4440,0,0,0,项目专员/助理,项目专员/助理
4441,2,2,0,项目经理/主管,项目经理/主管
4442,0,1,0,项目专员/助理,项目专员/助理
4443,0,0,6,项目专员/助理,项目专员/助理
4444,0,0,0,项目专员/助理,项目专员/助理
4445,0,2,0,项目经理/主管,项目经理/主管
4446,0,2,3,项目专员/助理,项目专员/助理
4447,0,0,2,项目专员/助理,项目专员/助理
4448,2,0,4,项目专员/助理,项目专员/助理
4449,0,3,3,项目专员/助理,项目专员/助理
4450,2,1,5,项目专员/助理,项目专员/助理
4451,0,0,0,项目专员/助理,项目专员/助理
4452,2,0,6,项目专员/助理,项目专员/助理
4453,2,2,5,项目专员/助理,项目专员/助理
4454,1,3,3,项目经理/主管,项目经理/主管
4455,0,3,0,项目专员/助理,项目专员/助理
4456,0,0,3,项目专员/助理,项目专员/助理
4457,0,4,4,项目专员/助理,项目专员/助理
4458,2,0,1,项目专员/助理,项目专员/助理
4459,2,3,5,项目经理/主管,项目经理/主管
4460,0,0,0,项目专员/助理,项目专员/助理
4461,2,1,4,项目专员/助理,项目专员/助理
4462,0,2,0,项目专员/助理,项目专员/助理
4463,2,1,0,项目专员/助理,项目专员/助理
4464,0,0,0,项目专员/助理,项目专员/助理
4465,2,2,3,项目经理/主管,项目经理/主管
4466,0,5,6,项目专员/助理,项目专员/助理
4467,0,0,0,项目专员/助理,项目专员/助理
4468,0,0,0,项目专员/助理,项目专员/助理
4469,0,1,0,项目专员/助理,项目专员/助理
4470,3,0,6,项目专员/助理,项目专员/助理
4471,2,2,0,项目经理/主管,项目经理/主管
4472,0,1,0,项目专员/助理,项目专员/助理
4473,0,1,0,项目专员/助理,项目专员/助理
4474,0,2,0,项目专员/助理,项目专员/助理
4475,0,0,6,项目专员/助理,项目专员/助理
4476,2,1,6,项目专员/助理,项目专员/助理
4477,2,2,1,项目经理/主管,项目经理/主管
4478,0,0,0,项目经理/主管,项目经理/主管
4479,3,8,4,项目经理/主管,项目经理/主管
4480,0,0,0,项目专员/助理,项目专员/助理
4481,2,1,2,项目经理/主管,项目经理/主管
4482,0,1,4,项目专员/助理,项目专员/助理
4483,0,0,0,项目经理/主管,项目经理/主管
4484,2,1,2,项目专员/助理,项目专员/助理
4485,2,4,7,项目经理/主管,项目经理/主管
4486,0,0,0,项目专员/助理,项目专员/助理
4487,0,1,0,项目专员/助理,项目专员/助理
4488,0,0,0,项目经理/主管,项目经理/主管
4489,0,1,0,项目经理/主管,项目经理/主管
4490,1,1,1,项目经理/主管,项目经理/主管
4491,0,0,0,项目专员/助理,项目专员/助理
4492,2,1,2,项目专员/助理,项目专员/助理
4493,2,0,0,项目专员/助理,项目专员/助理
4494,3,1,0,项目专员/助理,项目专员/助理
4495,0,3,0,项目经理/主管,项目经理/主管
4496,2,5,5,项目经理/主管,项目经理/主管
4497,0,1,7,项目专员/助理,项目专员/助理
4498,0,0,0,项目经理/主管,项目经理/主管
4499,2,1,2,项目专员/助理,项目专员/助理
4500,3,0,0,项目专员/助理,项目专员/助理
4501,0,0,0,项目专员/助理,项目专员/助理
4502,0,1,0,项目专员/助理,项目专员/助理
4503,2,4,6,项目专员/助理,项目专员/助理
4504,2,2,4,项目专员/助理,项目专员/助理
4505,0,0,0,项目专员/助理,项目专员/助理
4506,0,1,0,项目经理/主管,项目经理/主管
4507,0,2,0,项目专员/助理,项目专员/助理
4508,0,0,0,项目经理/主管,项目经理/主管
4509,2,2,2,项目专员/助理,项目专员/助理
4510,0,0,0,项目经理/主管,项目经理/主管
4511,0,0,0,项目经理/主管,项目经理/主管
4512,0,0,0,项目专员/助理,项目专员/助理
4513,0,0,0,项目专员/助理,项目专员/助理
4514,0,0,5,项目专员/助理,项目专员/助理
4515,2,1,1,项目经理/主管,项目经理/主管
4516,2,2,7,项目专员/助理,项目专员/助理
4517,0,0,3,项目专员/助理,项目专员/助理
4518,0,0,0,项目专员/助理,项目专员/助理
4519,0,0,0,项目经理/主管,项目经理/主管
4520,3,1,2,项目专员/助理,项目专员/助理
4521,0,0,0,项目专员/助理,项目专员/助理
4522,0,3,5,项目专员/助理,项目专员/助理
4523,2,1,2,项目专员/助理,项目专员/助理
4524,0,2,0,项目经理/主管,项目经理/主管
4525,2,0,0,项目专员/助理,项目专员/助理
4526,4,2,6,项目专员/助理,项目专员/助理
4527,2,1,2,项目经理/主管,项目经理/主管
4528,0,0,0,项目专员/助理,项目专员/助理
4529,4,4,4,项目经理/主管,项目经理/主管
4530,0,0,0,项目专员/助理,项目专员/助理
4531,0,3,0,项目经理/主管,项目经理/主管
4532,3,2,4,项目专员/助理,项目专员/助理
4533,0,1,0,项目专员/助理,项目专员/助理
4534,0,0,1,项目专员/助理,项目专员/助理
4535,0,1,0,项目经理/主管,项目经理/主管
4536,3,1,0,项目专员/助理,项目专员/助理
4537,2,3,8,项目专员/助理,项目专员/助理
4538,2,2,0,项目经理/主管,项目经理/主管
4539,0,1,5,项目经理/主管,项目经理/主管
4540,0,3,5,项目经理/主管,项目经理/主管
4541,0,0,0,项目专员/助理,项目专员/助理
4542,2,1,0,项目专员/助理,项目专员/助理
4543,2,1,6,项目专员/助理,项目专员/助理
4544,0,3,1,项目专员/助理,项目专员/助理
4545,0,0,0,项目专员/助理,项目专员/助理
4546,0,1,2,项目经理/主管,项目经理/主管
4547,0,1,2,项目经理/主管,项目经理/主管
4548,0,0,0,项目专员/助理,项目专员/助理
4549,0,1,6,项目专员/助理,项目专员/助理
4550,0,4,5,项目专员/助理,项目专员/助理
4551,2,1,1,项目经理/主管,项目经理/主管
4552,2,1,2,项目专员/助理,项目专员/助理
4553,0,1,0,项目专员/助理,项目专员/助理
4554,2,0,3,项目专员/助理,项目专员/助理
4555,0,4,8,项目专员/助理,项目专员/助理
4556,0,0,0,项目经理/主管,项目经理/主管
4557,2,1,2,项目专员/助理,项目专员/助理
4558,0,0,0,项目专员/助理,项目专员/助理
4559,2,1,0,项目专员/助理,项目专员/助理
4560,0,0,0,项目专员/助理,项目专员/助理
4561,2,3,5,项目经理/主管,项目经理/主管
4562,0,0,0,项目专员/助理,项目专员/助理
4563,2,0,6,项目经理/主管,项目经理/主管
4564,0,0,0,项目专员/助理,项目专员/助理
4565,0,0,0,项目经理/主管,项目经理/主管
4566,0,1,0,项目经理/主管,项目经理/主管
4567,3,4,7,项目经理/主管,项目经理/主管
4568,0,0,0,项目经理/主管,项目经理/主管
4569,0,2,5,项目经理/主管,项目经理/主管
4570,0,0,0,项目专员/助理,项目专员/助理
4571,0,0,0,项目专员/助理,项目专员/助理
4572,2,1,2,项目经理/主管,项目经理/主管
4573,2,2,3,项目专员/助理,项目专员/助理
4574,0,0,0,项目专员/助理,项目专员/助理
4575,0,0,0,项目专员/助理,项目专员/助理
4576,0,0,0,项目专员/助理,项目专员/助理
4577,0,0,0,项目经理/主管,项目经理/主管
4578,0,0,0,项目经理/主管,项目经理/主管
4579,0,3,0,项目专员/助理,项目专员/助理
4580,3,4,0,项目专员/助理,项目专员/助理
4581,2,0,5,项目专员/助理,项目专员/助理
4582,0,2,0,项目经理/主管,项目经理/主管
4583,0,0,0,项目专员/助理,项目专员/助理
4584,2,2,3,项目专员/助理,项目专员/助理
4585,0,3,8,项目经理/主管,项目经理/主管
4586,0,0,0,项目经理/主管,项目经理/主管
4587,3,1,2,项目专员/助理,项目专员/助理
4588,0,1,7,项目专员/助理,项目专员/助理
4589,2,0,1,项目专员/助理,项目专员/助理
4590,2,2,7,项目专员/助理,项目专员/助理
4591,2,1,4,项目经理/主管,项目经理/主管
4592,0,3,8,项目经理/主管,项目经理/主管
4593,0,0,0,项目专员/助理,项目专员/助理
4594,2,1,0,项目经理/主管,项目经理/主管
4595,3,2,0,项目经理/主管,项目经理/主管
